match_date,league_name,matchid,home_team,away_team,home_probability_win,draw_probability,away_probability_win,home_goals,away_goals,ftr,home_ball_possession,home_total_shots,home_shots_on_target,home_big_chances,home_big_misses,home_accurate_passes,home_fouls_commited,home_corners,home_shots_off_target,home_blocked_shots,home_hit_woodwork,home_shots_inside_box,home_shots_outside_box,home_passes,home_own_half,home_opposition_half,home_accurate_long_balls,home_accurate_crosses,home_throws,home_offsides,home_tackles_won,home_interceptions,home_blocks,home_clearances,home_keeper_save,home_duels_won,home_geround_duels_won,home_aerial_duels_won,home_successful_dribbles,home_yellow_cards,home_red_cards,away_ball_possession,away_total_shots,away_shots_on_target,away_big_chances,away_big_misses,away_accurate_passes,away_fouls_commited,away_corners,away_shots_off_target,away_blocked_shots,away_hit_woodwork,away_shots_inside_box,away_shots_outside_box,away_passes,away_own_half,away_opposition_half,away_accurate_long_balls,away_axxurate_crosses,away_throws,away_offsides,away_tackles_won,away_interceptions,away_blocks,away_clearances,away_keeper_save,away_duels_won,away_geround_duels_won,away_aerial_duels_won,away_successful_dribbles,away_yellow_cards,away_red_cards
2023-01-27,Liga Profesional,4060530,Rosario Central,Argentinos Juniors,0.4351851851851852,0.2037037037037037,0.3611111111111111,1,0,0,24,6,4,1,0,46,16,3,1,1,0,3,3,151,34,36,25,18,16,3,65,7,5,30,7,47,50,35,0,3,0,76,18,7,2,2,85,13,3,6,5,0,12,6,492,185,235,65,38,31,3,75,8,1,5,3,56,50,65,59,2,1
2023-01-28,Liga Profesional,4060536,Defensa y Justicia,Huracan,0.4357615894039735,0.3264900662251656,0.23774834437086093,2,4,2,62,14,3,1,1,81,13,5,4,7,0,7,7,429,163,183,48,16,19,0,53,9,3,24,5,65,48,48,43,2,1,38,15,9,3,1,69,11,7,3,3,0,11,4,253,80,95,44,36,15,3,55,12,7,25,1,70,52,52,29,2,0
2023-01-28,Liga Profesional,4060532,San Lorenzo,Arsenal Sarandi,0.5305305305305306,0.3103103103103103,0.15915915915915915,1,0,0,45,12,3,3,2,77,15,6,4,5,0,7,5,347,143,125,46,16,16,0,35,10,1,16,4,50,45,35,41,1,0,55,10,4,0,0,80,15,3,5,1,0,4,6,440,171,182,39,17,21,0,52,4,5,28,2,68,55,65,50,2,0
2023-01-28,Liga Profesional,4060531,Estudiantes,Tigre,0.4214145383104126,0.29960707269155207,0.27897838899803534,1,2,2,61,17,4,1,1,81,12,8,12,1,1,10,7,479,168,218,50,29,27,2,48,7,5,11,2,65,56,47,62,2,0,39,15,4,1,0,71,12,4,6,5,0,6,9,312,136,85,54,25,18,2,67,9,1,27,3,57,44,53,41,1,0
2023-01-28,Liga Profesional,4060539,Talleres,Independiente,0.3523093447905478,0.2878625134264232,0.359828141783029,0,1,2,61,7,1,1,1,79,15,2,3,3,0,2,5,414,189,136,47,22,15,3,33,8,4,12,2,54,48,56,40,4,1,39,11,2,1,1,64,21,2,5,4,1,5,6,274,86,89,27,17,23,0,53,2,3,20,1,53,52,44,56,3,1
2023-01-29,Liga Profesional,4060528,Central Cordoba de Santiago,River Plate,0.1370585134422773,0.1992619926199262,0.6636794939377966,0,2,2,35,10,4,0,0,66,12,6,3,3,0,3,7,276,97,85,36,18,18,4,47,11,5,26,4,49,53,45,40,0,0,65,21,6,2,2,83,15,6,10,5,3,13,8,517,205,226,64,28,21,3,69,11,3,24,4,49,47,55,23,2,0
2023-01-29,Liga Profesional,4060538,Club Atletico Platense,Newell's Old Boys,0.30736842105263157,0.33473684210526317,0.35789473684210527,2,2,1,49,9,3,2,0,65,16,1,3,3,0,6,3,286,88,99,40,23,22,2,47,9,0,14,6,78,60,68,48,2,0,51,10,8,3,1,73,11,3,2,0,0,4,6,305,160,63,27,10,23,1,44,4,3,16,1,48,40,32,40,1,0
2023-01-29,Liga Profesional,4060533,Colon,Lanus,0.47984496124031006,0.32945736434108525,0.19069767441860466,1,2,2,60,11,1,0,0,74,13,5,9,1,0,6,5,421,130,181,47,29,29,0,77,11,4,9,2,71,52,52,40,2,0,40,14,4,3,1,67,15,2,6,4,1,7,7,285,95,95,47,25,19,1,42,14,1,35,0,66,48,48,44,1,0
2023-01-29,Liga Profesional,4067712,Instituto,Sarmiento,0.5014031805425632,0.31337698783910195,0.18521983161833488,0,0,1,66,18,2,0,0,78,10,6,7,9,0,5,13,464,159,205,43,14,25,0,53,6,0,28,3,49,46,40,27,2,0,34,5,3,0,0,60,10,3,2,0,0,3,2,235,50,90,45,22,29,2,52,8,9,41,2,63,54,60,33,1,0
2023-01-29,Liga Profesional,4060529,Racing Club,Belgrano,0.6325193567599762,0.23704586063132818,0.13043478260869565,0,0,1,70,14,2,1,1,87,3,7,8,4,1,5,9,610,209,322,57,29,18,9,75,3,2,10,1,49,61,28,40,1,0,30,7,1,0,0,68,15,3,4,2,0,3,4,253,76,95,42,15,18,1,50,7,4,22,2,41,39,72,22,3,0
2023-01-30,Liga Profesional,4060540,Boca Juniors,Atletico Tucuman,0.7295386904761905,0.17485119047619047,0.09561011904761904,1,0,0,60,19,4,2,1,83,13,5,10,5,1,7,12,460,205,177,59,31,17,1,68,6,6,14,1,70,62,41,67,1,0,40,13,2,4,4,68,24,5,6,5,0,8,5,296,93,107,34,25,37,3,74,2,5,14,3,52,38,59,26,4,0
2023-01-30,Liga Profesional,4060534,Barracas Central,Godoy Cruz,0.4430673896204493,0.37490317583268784,0.1820294345468629,0,1,2,51,6,0,1,1,65,11,2,5,1,0,4,2,326,109,102,33,25,34,1,67,6,5,26,4,64,49,38,21,1,1,49,13,5,2,1,66,11,7,3,5,0,8,5,320,82,130,42,22,34,1,42,19,1,24,0,75,51,62,28,0,0
2023-01-30,Liga Profesional,4060535,Banfield,Union,0.46068376068376066,0.3730769230769231,0.16623931623931623,0,0,1,43,15,3,1,1,68,11,6,9,3,0,10,5,322,118,100,46,59,19,2,75,14,4,36,5,65,56,48,57,3,1,57,16,5,2,2,71,12,5,6,5,0,10,6,436,199,110,32,39,38,1,50,5,3,15,3,58,44,52,40,2,0
2023-01-30,Liga Profesional,4060537,Velez Sarsfield,Gimnasia LP,0.5167624521072797,0.3290229885057471,0.15421455938697318,3,1,0,44,9,6,2,2,57,16,5,1,2,1,7,2,257,82,64,27,13,29,5,61,14,6,34,2,85,52,59,35,0,0,56,12,3,2,1,59,16,9,3,6,0,6,6,323,91,101,28,13,37,0,62,7,2,12,3,72,48,41,34,2,0
2023-02-03,Liga Profesional,4086962,Newell's Old Boys,Velez Sarsfield,0.44398340248962653,0.2951985773562537,0.26081802015411976,1,0,0,53,2,1,1,0,79,11,1,1,0,0,2,0,410,200,124,50,6,32,1,56,6,0,15,0,53,47,59,33,3,0,47,2,0,1,1,75,14,2,2,0,0,2,0,368,165,112,43,8,23,0,70,7,0,19,0,53,53,41,67,2,0
2023-02-03,Liga Profesional,4086970,Tigre,Rosario Central,0.5236245954692557,0.3067961165048544,0.16957928802588998,2,2,1,54,22,12,1,0,78,12,10,6,4,0,9,13,387,149,151,50,22,28,2,68,9,1,34,5,61,46,53,43,3,0,46,11,7,1,0,70,6,4,3,1,0,6,5,310,97,120,48,30,22,2,55,13,3,19,10,65,54,47,58,1,0
2023-02-04,Liga Profesional,4086969,Arsenal Sarandi,Estudiantes,0.3447058823529412,0.3729411764705882,0.2823529411764706,1,1,1,45,10,2,0,0,71,9,5,8,0,0,4,6,341,121,120,32,22,21,2,63,14,2,30,6,53,54,43,53,2,0,55,21,7,1,1,72,13,10,12,2,0,12,9,419,133,169,54,33,22,1,60,9,0,14,1,54,46,58,44,2,0
2023-02-04,Liga Profesional,4086966,Sarmiento,Barracas Central,0.44,0.3933333333333333,0.16666666666666666,3,5,2,42,7,3,3,0,66,19,4,2,2,0,6,1,264,100,73,36,11,9,1,58,9,4,13,6,57,44,41,36,4,1,58,20,11,3,0,76,8,5,5,4,0,9,11,391,83,214,42,30,24,0,75,5,2,19,0,75,56,59,59,3,0
2023-02-04,Liga Profesional,4086958,Belgrano,River Plate,0.16996448503297817,0.19279553526128868,0.6372399797057331,2,1,0,34,3,2,2,0,68,13,1,1,0,0,3,0,252,86,86,52,12,20,0,64,13,3,23,3,61,55,52,42,1,0,66,15,4,0,0,84,17,8,8,3,0,7,8,515,222,209,54,30,28,2,63,5,0,8,0,52,45,48,40,3,0
2023-02-05,Liga Profesional,4086959,Argentinos Juniors,Racing Club,0.3032967032967033,0.336996336996337,0.3597069597069597,1,0,0,55,18,6,3,3,78,18,2,7,5,0,11,7,416,124,202,55,45,26,0,47,19,0,7,1,60,48,47,50,2,1,45,5,1,2,2,69,18,2,4,0,0,4,1,352,150,93,35,18,16,1,65,10,6,18,4,65,52,53,35,3,1
2023-02-05,Liga Profesional,4086968,Lanus,San Lorenzo,0.4119601328903654,0.34634551495016613,0.24169435215946844,2,1,0,49,9,6,1,0,80,14,1,2,1,0,4,5,421,173,163,46,22,11,1,62,10,6,31,2,71,48,63,60,2,2,51,24,3,1,0,82,14,7,14,7,0,14,10,403,125,205,50,28,24,0,53,7,1,10,4,64,52,38,67,4,0
2023-02-05,Liga Profesional,4086961,Independiente,Club Atletico Platense,0.5806703039750585,0.3055339049103663,0.11379579111457522,1,2,2,69,15,2,1,0,78,17,8,8,5,1,9,6,488,176,207,44,26,27,3,54,6,2,10,1,63,55,43,67,0,1,31,8,3,1,0,56,18,1,3,2,0,3,5,230,52,76,28,0,18,0,41,13,5,38,1,61,45,58,38,4,0
2023-02-05,Liga Profesional,4086945,Boca Juniors,Central Cordoba de Santiago,0.7511773940345369,0.17189952904238617,0.07692307692307693,0,0,1,72,12,3,1,1,86,6,3,8,1,0,7,5,584,227,276,69,23,20,0,60,8,6,14,3,47,55,52,54,3,0,28,11,3,1,1,61,13,4,2,6,0,3,8,214,55,76,24,19,10,4,60,9,0,22,3,39,45,48,57,2,0
2023-02-06,Liga Profesional,4086960,Atletico Tucuman,Talleres,0.4917627677100494,0.3130148270181219,0.19522240527182866,0,2,2,52,10,4,0,0,72,19,4,5,1,0,8,2,382,159,115,35,36,19,1,58,5,1,9,0,48,45,43,60,2,0,48,8,2,2,1,74,8,5,5,1,0,4,4,354,143,119,44,0,23,2,47,12,2,20,3,60,55,57,58,2,0
2023-02-06,Liga Profesional,4086967,Godoy Cruz,Colon,0.49536560247167866,0.3120494335736354,0.19258496395468588,1,0,0,54,21,6,0,0,70,13,9,11,4,0,14,7,322,118,107,55,41,38,1,69,11,8,9,3,69,47,55,46,2,0,46,14,3,2,2,66,14,1,3,8,1,10,4,285,111,77,36,22,25,2,86,11,3,24,5,69,53,45,55,1,0
2023-02-06,Liga Profesional,4086965,Union,Instituto,0.5010845986984815,0.3232104121475054,0.175704989154013,0,2,2,59,11,2,0,0,78,9,5,5,4,1,4,7,483,209,170,49,13,33,1,77,9,3,11,1,67,59,43,59,0,0,41,12,3,2,0,74,15,0,6,3,1,5,7,352,126,133,38,50,25,0,55,10,4,40,2,60,41,57,25,3,0
2023-02-06,Liga Profesional,4086963,Gimnasia LP,Defensa y Justicia,0.34324172742568704,0.36118900729108244,0.2955692652832305,0,2,2,49,16,4,1,1,72,10,8,9,3,0,6,10,275,71,126,47,24,32,1,68,9,2,13,0,74,55,44,46,1,0,51,6,2,1,0,63,19,3,2,2,0,4,2,306,111,81,35,7,25,4,64,7,4,27,3,68,45,56,41,3,0
2023-02-07,Liga Profesional,4086964,Huracan,Banfield,0.5371158392434988,0.3342789598108747,0.12860520094562647,3,2,0,37,21,10,1,0,61,25,8,5,6,0,13,8,218,65,67,35,33,21,1,83,10,0,31,2,59,45,46,47,4,0,63,11,3,2,1,75,9,3,8,0,0,4,7,374,134,148,54,20,23,1,50,8,5,11,7,71,55,54,50,2,0
2023-02-11,Liga Profesional,4086957,Central Cordoba de Santiago,Belgrano,0.332824427480916,0.3290076335877863,0.3381679389312977,0,1,2,46,10,4,0,0,69,2,3,5,1,0,6,4,377,172,90,33,54,29,3,75,5,7,22,3,62,60,55,56,2,0,54,20,4,3,2,78,6,10,9,7,0,13,7,436,184,157,38,25,25,0,67,8,1,20,4,45,40,45,29,3,0
2023-02-11,Liga Profesional,4086951,Colon,Sarmiento,0.5028901734104047,0.3516377649325626,0.14547206165703275,0,2,2,64,26,8,3,3,78,15,11,12,6,2,17,9,396,144,164,35,31,29,1,61,4,1,21,3,66,49,51,36,3,0,36,9,5,1,0,58,13,2,3,1,0,4,5,237,38,100,35,9,19,3,69,3,6,44,8,66,51,49,38,2,0
2023-02-11,Liga Profesional,4086955,Defensa y Justicia,Newell's Old Boys,0.4653567735263702,0.3112719751809721,0.2233712512926577,1,0,0,40,6,4,2,2,74,9,2,2,0,0,2,4,324,143,98,42,11,18,0,79,13,2,24,9,46,55,61,64,3,0,60,17,9,0,0,84,7,13,5,3,0,6,11,464,214,174,57,18,19,2,69,5,0,14,3,36,45,39,54,1,0
2023-02-11,Liga Profesional,4086950,San Lorenzo,Godoy Cruz,0.4984709480122324,0.327217125382263,0.1743119266055046,1,0,0,51,10,4,3,2,75,12,3,3,3,0,8,2,383,155,132,38,67,24,1,75,9,3,13,0,54,49,46,55,2,0,49,11,0,0,0,80,8,3,8,3,0,4,7,362,173,116,48,25,20,1,67,7,3,8,3,59,51,54,42,1,0
2023-02-11,Liga Profesional,4086971,Club Atletico Platense,Atletico Tucuman,0.45592705167173253,0.32066869300911854,0.22340425531914893,1,1,1,37,6,1,1,0,63,18,3,3,2,0,3,3,265,48,120,37,8,22,1,58,10,2,19,5,39,47,37,42,2,1,63,16,6,2,1,80,12,4,8,2,1,8,8,452,210,151,58,14,23,3,50,6,1,18,0,51,53,63,40,2,0
2023-02-12,Liga Profesional,4086972,Talleres,Boca Juniors,0.22235225277940315,0.20362785254534815,0.5740198946752487,2,1,0,45,17,3,4,3,83,14,6,11,3,1,10,7,399,204,128,47,35,14,1,64,10,0,16,2,49,50,58,44,2,0,55,4,3,1,0,85,5,4,1,0,0,3,1,491,255,162,53,27,21,1,60,3,3,15,2,45,50,42,50,3,1
2023-02-12,Liga Profesional,4086956,Velez Sarsfield,Independiente,0.4471718249733191,0.29562433297758806,0.25720384204909286,0,0,1,59,11,2,1,1,76,21,3,8,1,0,5,6,374,189,97,53,50,23,4,65,10,1,15,2,73,55,59,65,4,0,41,10,2,0,0,65,17,7,7,1,0,4,6,252,66,98,40,24,23,2,50,7,1,17,2,57,45,41,35,4,0
2023-02-12,Liga Profesional,4086954,Banfield,Gimnasia LP,0.4979822437449556,0.39144471347861176,0.11057304277643261,0,0,1,66,20,5,3,3,74,7,12,10,5,0,11,9,354,117,145,52,28,27,6,69,0,0,10,2,74,64,56,53,3,0,34,4,2,1,1,53,16,1,2,0,0,3,1,201,43,64,31,25,16,1,44,8,5,47,5,49,36,44,20,4,1
2023-02-12,Liga Profesional,4086948,Rosario Central,Arsenal Sarandi,0.5714285714285714,0.3211951447245565,0.10737628384687208,2,1,0,69,26,7,2,1,89,13,6,17,2,0,14,12,529,161,311,50,50,16,2,80,6,0,2,1,41,42,63,63,4,1,31,5,2,1,0,71,5,1,3,0,0,2,3,244,105,68,33,50,14,2,36,4,2,16,5,45,58,38,63,2,2
2023-02-12,Liga Profesional,4086946,River Plate,Argentinos Juniors,0.6958189489835059,0.21288837744533948,0.09129267357115459,2,1,0,50,8,3,2,0,76,15,2,2,3,0,6,2,381,158,130,48,25,20,2,62,10,3,18,0,45,54,34,71,2,0,50,9,1,2,1,75,12,5,5,3,2,7,2,385,174,116,45,19,17,5,64,9,3,11,1,50,46,66,36,2,0
2023-02-13,Liga Profesional,4086953,Instituto,Huracan,0.3369752731454859,0.30937320299022425,0.35365152386428983,0,0,1,50,11,2,0,0,71,11,7,6,3,0,1,10,344,140,105,45,15,15,1,50,8,2,25,1,42,42,41,41,2,0,50,6,1,2,2,69,7,4,3,2,0,6,0,348,116,124,49,37,29,3,64,9,3,16,2,59,58,59,63,3,0
2023-02-13,Liga Profesional,4086947,Racing Club,Tigre,0.5236486486486487,0.2899774774774775,0.18637387387387389,2,2,1,58,9,7,3,1,82,12,5,2,0,0,5,4,453,185,185,61,22,24,4,73,6,1,13,1,44,41,39,35,3,0,42,12,3,4,2,71,9,5,8,1,0,9,3,317,84,142,42,45,15,1,58,10,0,17,5,65,59,61,53,1,0
2023-02-13,Liga Profesional,4086952,Barracas Central,Union,0.40147890387124835,0.41626794258373206,0.18225315354501959,1,1,1,49,6,2,1,0,69,12,5,3,1,1,3,3,288,90,109,32,12,28,3,53,9,6,26,4,49,44,43,30,1,0,51,18,5,4,3,65,12,5,6,7,2,5,13,285,84,100,40,16,25,1,77,12,1,22,1,63,56,57,52,1,0
2023-02-13,Liga Profesional,4086949,Estudiantes,Lanus,0.4172601591956431,0.3586091328026812,0.22413070800167575,0,2,2,67,19,6,1,1,85,5,10,10,3,0,11,8,487,119,293,59,23,26,0,60,12,0,11,0,57,55,59,83,2,0,33,6,2,0,0,68,15,4,4,0,0,3,3,253,107,66,37,17,21,2,60,0,3,38,6,44,45,41,76,3,1
2023-02-17,Liga Profesional,4086979,Gimnasia LP,Instituto,0.40770609318996415,0.32974910394265233,0.2625448028673835,2,0,0,38,11,5,4,2,54,10,2,5,1,1,8,3,294,49,110,38,57,13,0,59,13,8,41,1,83,51,56,54,2,0,62,16,1,0,0,68,19,9,7,8,0,8,8,447,129,174,49,16,38,1,57,12,1,8,3,75,49,44,64,1,0
2023-02-18,Liga Profesional,4086973,Arsenal Sarandi,Racing Club,0.25910194174757284,0.30521844660194175,0.4356796116504854,0,3,2,35,10,4,0,0,73,15,3,4,2,1,8,2,324,133,104,53,21,20,1,29,9,4,18,6,69,55,65,84,2,0,65,16,9,3,2,88,14,6,3,4,0,5,11,621,276,269,72,5,14,2,81,11,2,15,4,53,45,35,53,3,0
2023-02-18,Liga Profesional,4086978,Huracan,Barracas Central,0.5717227179135209,0.31228551818805766,0.11599176389842142,2,0,0,42,12,5,3,1,71,20,9,6,1,1,9,3,348,105,142,52,16,24,1,56,13,3,14,1,56,45,50,46,1,0,58,5,1,1,1,76,10,2,1,3,0,1,4,498,224,155,29,31,33,2,48,9,1,24,3,65,55,50,55,3,0
2023-02-18,Liga Profesional,4086974,Lanus,Rosario Central,0.5152877697841727,0.322841726618705,0.1618705035971223,3,0,0,51,14,6,4,3,77,17,5,7,1,1,9,5,380,177,116,40,35,22,2,53,6,1,11,2,63,55,55,54,1,1,49,5,2,0,0,73,17,3,2,1,0,4,1,374,136,138,38,31,20,1,56,10,1,19,3,52,45,45,36,3,0
2023-02-18,Liga Profesional,4086985,Tigre,River Plate,0.20975283901135605,0.21309285237140949,0.5771543086172345,0,1,2,45,15,3,4,4,70,11,4,9,3,0,11,4,347,134,108,41,27,29,0,65,15,1,26,4,66,46,58,48,0,0,55,15,5,2,1,78,9,8,9,1,0,8,7,422,111,217,53,21,26,2,67,8,3,16,3,69,54,42,50,3,0
2023-02-18,Liga Profesional,4086986,Argentinos Juniors,Belgrano,0.38121047877145436,0.3062330623306233,0.31255645889792233,3,0,0,53,12,6,3,2,81,8,2,2,4,0,9,3,426,224,120,43,25,15,2,50,14,2,11,2,47,52,46,55,1,1,47,7,2,0,0,77,15,2,3,2,0,2,5,365,126,155,49,19,17,3,54,10,4,11,3,47,48,54,79,2,1
2023-02-18,Liga Profesional,4086975,Godoy Cruz,Estudiantes,0.48024316109422494,0.30243161094224924,0.21732522796352582,0,1,2,51,11,1,0,0,70,15,6,5,5,0,4,7,374,140,123,46,25,26,3,52,9,2,12,1,75,59,41,58,2,1,49,6,2,1,1,71,15,2,2,2,0,3,3,391,136,141,51,33,21,1,37,5,5,39,1,66,41,59,40,2,0
2023-02-19,Liga Profesional,4086980,Newell's Old Boys,Banfield,0.5593635250917993,0.2864137086903305,0.15422276621787026,2,0,0,54,6,4,1,0,77,11,1,1,1,0,4,2,396,193,112,38,43,21,2,54,7,2,13,4,77,60,45,58,0,1,46,13,4,1,1,73,21,3,6,3,0,7,6,317,112,119,41,33,21,1,73,10,1,8,2,59,40,55,44,4,0
2023-02-19,Liga Profesional,4086977,Union,Colon,0.4590869939707149,0.3669250645994832,0.1739879414298019,1,1,1,54,12,1,1,0,59,16,5,8,3,0,9,3,298,96,80,32,18,27,1,58,9,2,19,1,56,56,43,67,5,0,46,10,2,1,0,61,16,3,6,2,0,5,5,260,54,104,18,0,18,6,27,9,3,24,0,52,44,57,38,3,0
2023-02-19,Liga Profesional,4086983,Boca Juniors,Club Atletico Platense,0.7099858356940509,0.19086402266288952,0.09915014164305949,3,1,0,54,12,4,4,2,79,17,2,4,4,0,8,4,447,208,144,42,32,37,0,82,7,7,9,1,67,56,39,55,2,0,46,13,2,2,1,74,16,2,3,8,0,7,6,387,158,127,41,14,25,2,72,10,4,14,1,64,44,61,29,2,0
2023-02-20,Liga Profesional,4086981,Independiente,Defensa y Justicia,0.47642679900744417,0.27977667493796526,0.24379652605459057,0,2,2,62,16,2,2,2,83,10,4,10,4,1,8,8,499,159,256,54,29,24,1,75,9,4,11,2,70,51,52,59,3,0,38,15,5,5,3,68,16,2,7,3,0,9,6,318,139,78,36,40,23,1,38,15,4,18,2,68,50,48,52,4,0
2023-02-20,Liga Profesional,4086984,Talleres,Central Cordoba de Santiago,0.59296875,0.2890625,0.11796875,2,0,0,56,20,7,4,2,82,11,7,11,2,0,15,5,562,261,200,51,53,22,0,74,7,1,16,2,68,57,64,81,2,0,44,6,2,0,0,75,6,4,3,1,0,5,1,438,187,140,38,20,28,3,56,15,3,9,4,48,43,36,58,2,0
2023-02-20,Liga Profesional,4086976,Sarmiento,San Lorenzo,0.2892347600518807,0.3169044530912235,0.3938607868568958,0,1,2,47,13,5,3,3,62,10,6,6,2,0,6,7,306,99,92,38,26,32,4,72,7,2,31,4,65,49,45,36,3,0,53,10,5,2,1,73,13,5,3,2,0,7,3,345,119,133,47,25,22,1,79,6,3,44,4,73,51,55,53,2,0
2023-02-21,Liga Profesional,4086982,Atletico Tucuman,Velez Sarsfield,0.4265118141770124,0.3263916700040048,0.2470965158189828,1,1,1,49,8,3,0,0,74,14,3,3,2,0,7,1,364,156,112,43,24,29,0,65,10,3,11,5,63,50,47,62,3,1,51,17,6,4,3,75,15,3,8,3,1,14,3,383,141,147,40,56,28,1,56,6,3,24,1,65,50,53,60,4,0
2023-02-25,Liga Profesional,4086997,Belgrano,Tigre,0.41489971346704874,0.3146131805157593,0.270487106017192,0,2,2,31,8,3,0,0,68,8,2,5,0,0,3,5,271,91,94,48,33,18,2,80,14,1,24,5,29,38,30,56,3,1,69,20,7,4,3,85,8,3,12,1,1,11,9,621,278,247,61,39,30,2,43,14,0,8,3,52,62,70,83,4,0
2023-02-25,Liga Profesional,4086994,Rosario Central,Godoy Cruz,0.5442508710801394,0.3191637630662021,0.13658536585365855,1,0,0,38,8,3,2,1,66,9,1,3,2,0,5,3,283,113,74,44,0,19,1,56,12,3,25,2,87,56,61,39,3,0,62,11,1,0,0,80,20,3,7,3,0,2,9,451,210,152,61,13,24,3,67,5,2,6,2,65,44,39,50,4,0
2023-02-25,Liga Profesional,4086992,San Lorenzo,Union,0.5709677419354838,0.30752688172043013,0.12150537634408602,1,0,0,41,13,3,1,0,70,13,3,5,5,0,5,8,311,119,99,32,28,22,4,53,7,2,13,1,62,49,54,53,1,0,59,3,1,0,0,80,16,6,0,2,0,1,2,457,233,132,33,13,22,4,53,8,5,13,2,60,51,46,63,5,1
2023-02-25,Liga Profesional,4087000,Club Atletico Platense,Talleres,0.26009501187648454,0.3147268408551069,0.4251781472684085,2,4,2,51,14,8,0,0,76,12,4,5,1,0,7,7,452,216,128,38,12,29,0,76,10,2,6,3,65,54,58,50,2,0,49,11,7,7,3,77,17,2,2,2,0,9,2,450,198,149,42,40,20,1,67,4,1,27,6,52,46,42,50,1,0
2023-02-25,Liga Profesional,4086993,Estudiantes,Sarmiento,0.538659793814433,0.31829896907216493,0.14304123711340205,1,1,1,65,12,3,0,0,78,8,4,4,5,0,7,5,561,203,237,44,29,20,0,71,1,4,21,1,56,57,37,45,1,0,35,10,2,1,0,59,15,3,4,4,0,5,5,302,91,88,40,23,23,1,73,10,6,24,1,61,43,63,44,1,0
2023-02-26,Liga Profesional,4086999,Velez Sarsfield,Boca Juniors,0.19530516431924883,0.2107981220657277,0.5938967136150235,1,2,2,65,10,5,2,1,85,17,4,3,2,0,7,3,507,256,173,59,19,23,0,50,11,0,8,2,57,43,50,50,3,0,35,7,4,1,0,66,14,3,3,0,0,5,2,273,98,83,27,43,18,0,58,11,2,13,4,71,57,50,68,5,1
2023-02-26,Liga Profesional,4086991,Colon,Huracan,0.2934841141626279,0.34679590737749055,0.3597199784598815,1,1,1,56,11,3,2,1,79,12,6,5,3,0,8,3,426,202,135,63,15,24,1,46,7,1,17,3,59,41,54,43,3,0,44,10,4,4,3,68,14,6,5,1,0,7,3,344,152,82,37,22,16,1,61,12,3,27,2,69,59,46,71,1,0
2023-02-26,Liga Profesional,4086987,Defensa y Justicia,Atletico Tucuman,0.5359612724757953,0.32503457814661135,0.13900414937759337,3,0,0,47,11,5,3,0,82,9,4,3,3,0,7,4,417,182,161,44,33,14,1,60,14,2,28,1,52,56,54,42,2,0,53,12,1,0,0,83,16,5,9,2,2,4,8,455,189,189,44,23,16,2,86,7,3,11,2,41,44,46,30,2,0
2023-02-26,Liga Profesional,4086996,River Plate,Arsenal Sarandi,0.7014440433212996,0.21227436823104692,0.08628158844765343,1,2,2,65,19,10,2,1,84,9,11,5,4,0,13,6,533,240,209,67,23,27,3,88,11,3,12,3,58,56,53,52,2,0,35,10,5,2,0,73,14,6,2,3,0,6,4,285,118,90,42,27,17,1,67,8,4,33,9,47,44,47,50,2,0
2023-02-27,Liga Profesional,4086988,Banfield,Independiente,0.4092088197146563,0.3359273670557717,0.25486381322957197,0,0,1,37,6,0,0,0,66,9,6,5,1,0,3,3,220,72,73,46,15,27,0,74,14,3,19,0,74,54,65,65,1,1,63,8,0,1,1,78,20,2,5,3,0,3,5,397,181,128,51,17,28,0,74,6,1,20,0,55,46,35,57,1,1
2023-02-27,Liga Profesional,4086989,Instituto,Newell's Old Boys,0.30984952120383036,0.3125854993160055,0.37756497948016415,3,1,0,27,12,6,3,1,63,13,2,4,2,0,8,4,223,47,93,43,57,30,0,83,14,1,19,8,47,42,47,58,1,0,73,13,9,0,0,86,5,3,3,1,0,9,4,606,269,252,56,27,21,0,60,7,2,12,3,60,58,53,54,2,0
2023-02-27,Liga Profesional,4086990,Barracas Central,Gimnasia LP,0.4261983863312767,0.40104413858566684,0.17275747508305647,1,0,0,45,9,3,1,1,59,16,3,5,1,0,4,5,274,66,97,32,38,23,0,40,3,6,24,3,51,39,47,38,2,0,55,15,3,3,3,66,16,8,5,7,1,8,7,318,107,103,41,7,24,3,84,6,1,10,2,73,61,53,66,4,0
2023-02-27,Liga Profesional,4086995,Racing Club,Lanus,0.45992422034392305,0.2725153016613232,0.26756047799475374,2,1,0,62,15,4,1,1,82,14,6,4,7,0,5,10,435,178,178,48,24,25,1,81,7,1,24,1,51,49,26,58,3,0,38,11,2,0,0,68,16,5,6,3,1,7,4,265,86,95,43,39,19,1,56,11,6,19,2,64,51,74,67,3,0
2023-02-28,Liga Profesional,4086998,Central Cordoba de Santiago,Argentinos Juniors,0.26809785322016977,0.3290064902646031,0.4028956565152272,1,0,0,24,6,1,1,0,51,6,3,4,1,0,6,0,194,54,45,23,44,22,4,56,5,3,36,4,46,39,44,33,2,0,76,16,4,0,0,83,9,7,9,3,0,11,5,598,228,266,55,35,19,1,57,2,1,6,0,66,61,56,60,1,0
2023-03-03,Liga Profesional,4087024,Sarmiento,Rosario Central,0.3236449332285939,0.3087195600942655,0.3676355066771406,4,1,0,51,29,14,4,2,78,13,13,12,3,1,18,11,309,125,116,57,41,25,1,90,9,0,12,6,49,56,42,80,4,0,49,13,7,1,1,76,8,5,6,0,0,5,8,315,93,147,46,22,24,0,50,9,3,17,10,46,44,58,44,2,1
2023-03-03,Liga Profesional,4087023,Union,Estudiantes,0.33780385582564965,0.3294216261525566,0.3327745180217938,2,0,0,49,13,8,2,1,82,14,4,3,2,0,9,4,403,175,156,52,11,19,2,64,9,4,26,5,47,42,74,57,5,0,51,16,5,1,1,81,10,5,7,4,0,6,10,412,150,184,46,33,12,3,81,8,3,19,5,50,58,26,77,1,0
2023-03-04,Liga Profesional,4087015,Club Atletico Platense,Central Cordoba de Santiago,0.5164075993091537,0.33678756476683935,0.14680483592400692,1,1,1,51,20,6,2,2,72,8,3,9,5,0,9,11,350,125,127,45,35,23,0,59,8,2,22,2,73,54,51,55,1,0,49,13,3,0,0,67,10,1,8,2,0,4,9,334,89,134,34,9,26,3,67,7,5,20,5,66,46,49,48,0,0
2023-03-04,Liga Profesional,4087021,Gimnasia LP,Colon,0.4440677966101695,0.33728813559322035,0.21864406779661016,0,0,1,59,14,4,2,2,74,13,7,6,4,0,7,7,374,130,145,51,17,18,0,59,10,2,10,3,74,55,31,41,4,0,41,8,3,2,2,63,21,2,3,2,0,3,5,259,89,75,39,8,29,4,48,10,3,32,4,75,45,69,35,4,0
2023-03-04,Liga Profesional,4087014,Lanus,River Plate,0.2528026905829596,0.21188340807174888,0.5353139013452914,0,2,2,48,13,3,3,3,78,16,10,4,6,0,10,3,358,166,115,51,27,25,7,43,7,0,10,0,62,54,45,60,4,0,52,3,2,1,1,80,15,1,1,0,0,3,0,416,150,181,52,20,16,1,80,6,6,34,3,60,46,55,47,5,0
2023-03-05,Liga Profesional,4087018,Atletico Tucuman,Banfield,0.4768392370572207,0.33242506811989103,0.1907356948228883,1,0,0,43,10,2,3,2,69,15,6,5,3,0,5,5,295,74,130,41,18,17,2,71,14,2,24,3,62,53,42,50,3,0,57,7,2,0,0,76,15,2,3,2,0,4,3,397,179,124,52,19,28,1,63,11,3,19,2,62,47,58,69,6,0
2023-03-05,Liga Profesional,4087020,Newell's Old Boys,Barracas Central,0.5646551724137931,0.28735632183908044,0.14798850574712644,1,0,0,54,17,7,3,3,75,22,9,8,2,1,9,8,383,138,149,45,35,19,2,50,7,2,15,2,57,44,61,54,3,0,46,7,2,1,1,69,10,5,2,3,0,5,2,325,133,92,28,26,21,2,71,13,2,9,6,64,56,39,63,1,0
2023-03-05,Liga Profesional,4087019,Independiente,Instituto,0.5309364548494984,0.2959866220735786,0.17307692307692307,2,2,1,45,18,7,3,1,68,12,3,8,3,2,12,6,311,89,122,33,12,23,4,73,8,2,20,3,60,56,51,80,3,0,55,11,5,4,3,67,10,11,4,2,0,9,2,377,104,149,32,32,21,0,91,7,3,21,5,51,44,49,59,4,0
2023-03-05,Liga Profesional,4087022,Huracan,San Lorenzo,0.4802295918367347,0.3010204081632653,0.21875,1,1,1,60,9,4,2,1,73,10,5,2,3,0,7,2,428,171,140,38,33,25,3,60,10,0,8,2,73,55,53,40,2,2,40,7,3,1,1,63,14,4,4,0,0,4,3,295,85,101,32,33,22,0,64,7,3,31,3,62,45,47,43,2,2
2023-03-06,Liga Profesional,4087016,Talleres,Velez Sarsfield,0.5827770360480641,0.2616822429906542,0.15554072096128171,1,2,2,43,7,2,1,1,70,11,2,3,2,0,5,2,336,120,115,48,14,18,2,92,9,3,9,0,63,57,39,56,3,1,57,8,1,1,0,80,13,6,4,3,0,4,4,458,243,122,53,40,18,2,68,9,2,13,1,57,43,61,39,2,1
2023-03-06,Liga Profesional,4087012,Tigre,Argentinos Juniors,0.5432098765432098,0.30709876543209874,0.14969135802469136,0,1,2,43,13,2,1,1,73,10,8,5,6,0,8,5,334,137,106,47,30,21,3,28,15,2,18,5,59,48,56,38,2,1,57,11,7,3,2,77,14,5,3,1,0,8,3,454,195,154,46,21,17,4,82,7,6,15,2,59,52,44,75,2,0
2023-03-06,Liga Profesional,4087013,Arsenal Sarandi,Belgrano,0.34975096845600445,0.39346983951300496,0.2567791920309906,0,1,2,60,5,2,2,2,80,9,4,3,0,2,4,1,471,223,152,42,20,22,1,54,10,2,5,2,52,54,41,62,2,0,40,14,3,2,1,71,12,2,9,2,0,9,5,304,106,111,57,50,23,1,53,10,0,25,2,51,46,59,67,1,0
2023-03-06,Liga Profesional,4087025,Godoy Cruz,Racing Club,0.22365805168986083,0.323558648111332,0.45278330019880714,2,0,0,42,13,7,3,3,60,18,4,5,1,1,9,4,252,52,100,52,28,19,2,56,4,2,20,2,48,37,63,47,5,0,58,12,2,1,1,74,10,3,8,2,0,5,7,349,123,137,42,27,23,5,53,7,2,20,4,55,63,37,75,4,0
2023-03-07,Liga Profesional,4087017,Boca Juniors,Defensa y Justicia,0.6440981093510475,0.21691364333163005,0.13898824731732243,0,0,1,59,25,4,4,4,84,4,13,14,7,2,12,13,418,159,192,53,30,19,0,69,7,4,8,8,53,58,48,48,1,0,41,20,8,5,5,76,13,3,8,4,2,12,8,302,128,103,50,44,23,1,67,7,8,32,3,43,42,52,44,6,0
2023-03-10,Liga Profesional,4087010,Barracas Central,Independiente,0.31974921630094044,0.3565830721003135,0.3236677115987461,1,1,1,70,13,5,0,0,79,11,6,2,6,0,8,5,461,192,172,53,27,15,1,69,10,5,17,0,62,55,52,63,0,0,30,8,3,2,2,55,21,4,2,3,0,5,3,188,36,67,46,13,23,0,53,8,6,26,4,52,45,48,52,1,1
2023-03-11,Liga Profesional,4087002,Argentinos Juniors,Arsenal Sarandi,0.5406360424028268,0.3434628975265018,0.11590106007067137,1,1,1,61,25,7,5,4,81,15,8,9,9,0,21,4,445,154,205,46,31,34,1,67,7,2,11,1,64,48,51,50,4,0,39,8,2,0,0,62,13,4,4,2,0,5,3,301,107,81,30,33,20,2,76,10,9,30,6,66,52,49,52,1,0
2023-03-11,Liga Profesional,4087011,Instituto,Atletico Tucuman,0.47237076648841353,0.33868092691622104,0.1889483065953654,1,1,1,40,14,4,2,1,62,13,5,5,5,1,7,7,295,64,118,34,29,12,1,56,11,5,26,3,60,60,39,81,4,1,60,11,4,1,0,77,9,3,2,5,0,5,6,450,176,172,43,17,27,3,75,7,4,12,3,49,40,61,47,3,0
2023-03-11,Liga Profesional,4087008,San Lorenzo,Gimnasia LP,0.5744920993227991,0.28442437923250563,0.14108352144469527,4,0,0,60,15,5,3,0,87,16,7,8,2,0,10,5,389,155,182,64,31,19,4,86,6,3,9,1,44,43,58,50,1,0,40,8,2,0,0,79,9,4,4,2,0,6,2,266,137,72,37,25,17,1,71,6,2,18,1,50,57,42,67,1,1
2023-03-11,Liga Profesional,4087027,Defensa y Justicia,Talleres,0.5099009900990099,0.30495049504950494,0.18514851485148515,1,1,1,60,16,6,1,0,77,10,8,6,4,2,10,6,412,161,155,50,17,23,3,50,10,4,17,1,61,63,50,80,3,0,40,9,2,0,0,70,12,6,3,4,0,5,4,269,110,79,42,17,30,4,63,16,4,16,5,43,37,50,53,2,0
2023-03-12,Liga Profesional,4087003,Belgrano,Lanus,0.36445012787723785,0.32608695652173914,0.309462915601023,0,0,1,48,6,2,0,0,70,13,2,2,2,0,5,1,341,119,119,46,29,25,0,62,10,5,18,3,55,50,52,60,1,0,52,15,3,1,1,73,12,10,7,5,0,10,5,365,156,109,43,38,26,1,50,8,2,13,2,54,50,48,44,1,0
2023-03-12,Liga Profesional,4087001,Central Cordoba de Santiago,Tigre,0.26101141924959215,0.33115823817292006,0.4078303425774878,2,0,0,33,13,5,4,3,65,4,2,5,3,0,9,4,255,66,99,37,25,19,2,63,7,4,18,1,52,52,49,41,0,0,67,8,1,0,0,84,8,4,3,4,0,4,4,541,241,214,61,27,30,1,50,12,3,14,3,50,48,51,43,2,0
2023-03-12,Liga Profesional,4087005,Racing Club,Sarmiento,0.5808257522743177,0.3184044786564031,0.10076976906927922,1,0,0,69,15,3,1,1,87,12,11,8,4,1,3,12,559,170,315,51,23,27,3,79,11,2,14,1,57,47,53,59,2,0,31,8,1,0,0,72,14,1,5,2,0,5,3,243,85,89,55,10,11,2,69,7,4,25,2,61,53,47,53,2,0
2023-03-12,Liga Profesional,4087007,Estudiantes,Huracan,0.39924242424242423,0.32272727272727275,0.278030303030303,2,1,0,52,19,5,2,1,76,5,9,9,5,0,14,5,402,133,173,62,44,20,1,50,6,1,18,1,48,47,51,32,1,0,48,8,3,2,1,75,12,4,5,0,0,5,3,381,168,119,53,13,19,1,61,7,4,21,3,51,53,49,53,3,1
2023-03-12,Liga Profesional,4087004,River Plate,Godoy Cruz,0.7076576576576576,0.20675675675675675,0.08558558558558559,3,0,0,67,16,5,3,1,87,9,7,7,4,1,10,6,560,313,172,64,0,18,1,55,10,0,14,3,45,53,36,64,1,0,33,6,3,0,0,71,17,3,3,0,0,3,3,276,122,74,50,18,15,0,56,10,4,13,2,47,47,64,58,1,0
2023-03-13,Liga Profesional,4087026,Banfield,Boca Juniors,0.16888193901485535,0.19155590304925724,0.6395621579358874,1,0,0,32,15,6,1,1,66,17,7,6,3,0,9,6,220,60,85,34,33,14,4,75,7,2,35,2,53,45,60,40,3,0,68,13,2,0,0,82,10,6,8,3,0,9,4,468,203,180,52,16,35,1,73,6,3,13,5,56,55,40,56,2,0
2023-03-13,Liga Profesional,4087006,Rosario Central,Union,0.5445887445887446,0.3012987012987013,0.15411255411255412,1,1,1,58,14,4,0,0,84,13,5,7,3,0,4,10,429,184,175,60,13,25,2,71,5,0,12,1,61,49,50,56,2,0,42,7,2,5,4,75,14,1,5,0,0,6,1,320,127,113,33,33,22,2,67,16,3,36,3,63,51,50,50,3,0
2023-03-14,Liga Profesional,4087009,Colon,Newell's Old Boys,0.309383588535532,0.3407930899096977,0.3498233215547703,1,1,1,35,16,4,3,3,67,17,5,8,4,1,9,7,260,88,85,26,25,19,1,86,14,1,10,6,47,46,44,62,4,0,65,12,7,0,0,81,5,3,4,1,0,8,4,507,230,180,45,25,32,1,67,9,4,13,3,57,54,56,48,1,0
2023-03-14,Liga Profesional,4087028,Velez Sarsfield,Club Atletico Platense,0.5083507306889353,0.32254697286012524,0.16910229645093947,1,1,1,58,15,4,0,0,77,14,6,5,6,0,10,5,420,165,159,43,35,26,4,82,13,1,19,4,66,48,63,68,2,0,42,11,5,0,0,67,10,10,5,1,0,6,5,287,103,90,42,25,30,0,68,7,6,21,3,59,52,37,58,2,0
2023-03-18,Liga Profesional,4087055,Union,Racing Club,0.22328999434708874,0.2967778405879028,0.47993216506500846,1,3,2,34,8,5,1,1,75,13,1,1,2,0,5,3,257,111,83,36,0,15,1,60,3,2,13,3,48,49,47,59,4,1,66,11,6,4,1,90,11,5,3,2,1,8,3,519,242,224,61,31,12,1,42,11,3,15,3,51,51,53,47,3,0
2023-03-18,Liga Profesional,4087059,Arsenal Sarandi,Tigre,0.31585365853658537,0.3548780487804878,0.32926829268292684,2,0,0,42,12,5,1,0,70,13,2,5,2,0,6,6,309,140,75,39,13,15,1,68,14,6,27,5,52,51,57,56,6,0,58,24,5,1,1,79,8,7,13,6,0,14,10,425,174,162,56,26,24,0,60,12,2,10,3,47,49,43,57,1,0
2023-03-18,Liga Profesional,4087030,Club Atletico Platense,Defensa y Justicia,0.24851367419738407,0.29607609988109396,0.45541022592152197,1,0,0,38,15,3,1,0,58,11,7,6,6,0,13,2,220,42,86,31,53,25,1,75,9,7,22,4,57,44,44,55,4,0,62,17,4,0,0,73,14,7,6,7,0,7,10,364,137,130,57,32,28,3,79,9,6,15,2,73,56,56,65,4,0
2023-03-18,Liga Profesional,4087034,Independiente,Colon,0.5305105853051059,0.3163138231631382,0.15317559153175592,2,2,1,45,10,6,3,1,62,11,2,3,1,0,7,3,277,92,80,38,44,17,0,76,17,1,24,6,64,55,47,55,3,0,55,12,8,6,4,76,17,9,3,1,0,11,1,335,154,99,44,26,35,2,43,7,1,16,4,57,45,53,44,6,0
2023-03-19,Liga Profesional,4087033,Atletico Tucuman,Barracas Central,0.5161764705882353,0.3338235294117647,0.15,1,1,1,47,16,9,2,2,72,13,6,5,2,0,11,5,311,119,104,39,39,25,1,60,15,3,15,5,48,45,40,65,1,0,53,13,6,0,0,70,6,4,4,3,0,5,8,356,93,156,35,19,26,0,68,13,1,15,8,62,55,60,71,2,0
2023-03-19,Liga Profesional,4087057,Godoy Cruz,Belgrano,0.44153846153846155,0.3476923076923077,0.21076923076923076,3,1,0,44,10,6,3,2,70,9,5,4,0,0,9,1,298,108,101,48,46,20,5,72,14,2,35,5,64,53,56,38,0,0,56,12,6,2,1,73,8,8,4,2,1,10,2,370,118,152,44,25,42,1,67,12,1,7,2,54,47,44,53,2,0
2023-03-19,Liga Profesional,4087053,Gimnasia LP,Estudiantes,0.3092608326253186,0.3644859813084112,0.3262531860662702,2,1,0,52,13,6,2,1,68,13,11,3,4,1,10,3,309,84,126,42,26,25,2,82,9,0,13,2,73,52,38,61,5,0,48,8,3,1,0,62,17,3,5,0,0,4,4,296,76,107,35,31,16,1,73,3,4,23,5,80,48,62,40,7,0
2023-03-19,Liga Profesional,4087032,Boca Juniors,Instituto,0.7111618798955613,0.20528720626631855,0.0835509138381201,2,3,2,69,18,5,3,2,82,12,8,9,4,0,10,8,564,196,268,52,29,26,1,71,4,4,4,1,68,55,54,32,2,0,31,8,4,2,1,63,22,2,0,4,1,7,1,265,64,102,24,29,11,0,64,15,3,35,3,56,45,46,26,6,0
2023-03-20,Liga Profesional,4087056,Sarmiento,River Plate,0.15649676956209618,0.2074659009332376,0.6360373295046662,0,2,2,30,14,4,0,0,66,18,9,5,5,0,3,11,263,90,84,54,4,19,0,75,12,8,15,6,51,45,64,56,3,0,70,25,8,2,1,88,8,7,8,9,0,13,12,665,171,417,58,30,11,1,78,8,5,32,4,50,55,36,63,2,0
2023-03-20,Liga Profesional,4087031,Talleres,Banfield,0.581022797288971,0.2698706099815157,0.14910659272951324,0,1,2,63,18,7,0,0,81,14,9,7,4,0,11,7,483,160,231,52,27,25,3,67,8,2,9,6,45,41,44,41,4,0,37,11,7,3,2,65,11,1,2,2,0,7,4,282,81,102,38,20,23,1,54,5,4,29,7,62,59,56,56,3,1
2023-03-20,Liga Profesional,4087052,Newell's Old Boys,San Lorenzo,0.42024104927330735,0.2866004962779156,0.29315845444877703,1,0,0,64,12,2,2,1,87,13,9,7,3,0,5,7,544,266,206,45,24,15,1,75,4,2,11,1,54,47,67,52,3,0,36,6,1,0,0,79,12,0,3,2,0,3,3,308,139,104,43,30,12,3,60,10,3,16,1,50,53,33,53,1,0
2023-03-21,Liga Profesional,4087054,Huracan,Rosario Central,0.49022556390977445,0.3323308270676692,0.1774436090225564,0,2,2,71,10,1,0,0,80,16,9,4,5,0,6,4,535,185,242,42,22,22,1,75,10,2,6,2,67,46,55,45,2,0,29,9,4,1,0,57,14,2,3,2,0,5,4,215,62,61,37,29,19,2,61,19,5,33,1,68,54,45,50,2,0
2023-03-21,Liga Profesional,4087058,Lanus,Argentinos Juniors,0.41362871564778464,0.3499719573752103,0.23639932697700505,0,0,1,37,7,2,1,1,72,18,6,5,0,0,4,3,316,149,78,43,19,20,2,54,13,2,17,3,61,49,56,59,4,0,63,13,3,1,1,86,19,6,8,2,0,8,5,526,219,232,55,20,9,0,50,11,0,20,2,59,51,44,80,1,0
2023-03-22,Liga Profesional,4087029,Velez Sarsfield,Central Cordoba de Santiago,0.5424252834077636,0.318447268979732,0.13912744761250428,4,0,0,61,12,6,2,0,80,9,4,4,2,0,8,4,511,235,173,37,18,23,0,55,8,5,18,1,73,61,46,64,3,0,39,10,1,1,1,63,9,4,4,5,0,6,4,317,93,108,33,28,32,1,50,10,1,11,2,56,39,54,38,2,0
2023-03-30,Liga Profesional,4087039,Defensa y Justicia,Velez Sarsfield,0.4616782793093002,0.35019691002726444,0.1881248106634353,0,0,1,51,12,3,1,1,78,17,4,5,4,0,5,7,400,172,139,48,14,14,4,65,20,2,12,3,40,37,50,35,3,0,49,13,3,1,1,79,5,6,8,2,1,8,5,388,156,149,52,40,25,1,68,13,3,19,3,61,63,50,61,1,1
2023-03-31,Liga Profesional,4087062,Argentinos Juniors,Godoy Cruz,0.5225830533781262,0.3501306457633445,0.1272863008585293,3,0,0,64,16,5,2,1,79,7,3,9,2,1,13,3,512,235,169,55,33,25,4,68,10,1,13,0,70,64,45,44,2,0,36,6,0,0,0,63,15,4,5,1,0,2,4,286,96,83,46,44,18,0,50,23,2,10,3,52,36,55,25,4,0
2023-03-31,Liga Profesional,4087051,Estudiantes,Newell's Old Boys,0.3526894865525672,0.2982885085574572,0.34902200488997553,3,0,0,43,10,6,7,4,74,14,1,4,0,0,8,2,383,157,127,41,25,25,1,71,11,3,9,0,57,61,54,80,1,0,57,6,0,0,0,81,17,4,3,3,0,2,4,523,272,151,34,20,21,0,75,20,0,12,3,39,39,46,50,2,0
2023-03-31,Liga Profesional,4087066,Rosario Central,Gimnasia LP,0.5620214395099541,0.3016845329249617,0.1362940275650842,3,1,0,47,21,5,3,1,70,14,7,6,10,0,14,7,264,75,110,42,48,23,1,52,4,6,32,1,68,48,56,61,1,0,53,11,2,1,0,71,14,8,3,6,0,5,6,302,103,112,49,19,31,0,46,9,9,9,2,68,52,44,60,2,0
2023-04-01,Liga Profesional,4087064,River Plate,Union,0.7072685031530036,0.21506803849983405,0.0776634583471623,1,0,0,69,19,7,4,4,86,18,3,5,7,0,13,6,688,256,334,75,17,15,2,88,14,2,15,0,70,52,50,71,2,0,31,3,0,0,0,64,17,3,1,2,0,1,2,303,117,77,30,8,23,0,55,17,6,25,5,65,48,50,61,1,1
2023-04-01,Liga Profesional,4087036,Barracas Central,Boca Juniors,0.1515986769570011,0.1940463065049614,0.6543550165380375,0,3,2,49,5,1,0,0,74,17,0,4,0,0,2,3,399,214,83,33,25,18,0,68,11,3,16,5,58,49,53,60,3,0,51,20,7,5,3,74,14,6,10,3,0,10,10,407,144,159,46,35,19,1,47,15,0,12,1,58,51,47,46,2,0
2023-04-01,Liga Profesional,4087050,San Lorenzo,Independiente,0.5581967213114755,0.27459016393442626,0.16721311475409836,0,0,1,61,13,6,3,3,87,14,7,4,3,0,10,3,493,188,240,45,24,16,1,65,7,1,9,2,54,53,63,61,3,0,39,6,2,1,1,76,17,1,3,1,0,2,4,329,153,98,31,10,7,0,50,6,4,32,5,45,47,38,60,5,1
2023-04-01,Liga Profesional,4087065,Racing Club,Huracan,0.6549497847919655,0.23959827833572453,0.1054519368723099,2,1,0,60,18,7,0,0,81,16,5,6,5,0,9,9,559,224,226,57,46,21,0,73,8,0,12,1,62,46,53,56,3,0,40,8,2,1,1,77,14,3,6,0,0,4,4,357,157,117,45,35,10,0,71,19,5,21,5,66,54,47,69,2,0
2023-04-02,Liga Profesional,4087061,Tigre,Lanus,0.4281663516068053,0.34593572778827975,0.22589792060491493,2,1,0,68,19,6,4,2,86,15,6,7,6,0,11,8,575,175,318,52,18,11,0,53,10,5,16,2,54,43,45,57,4,1,32,13,3,1,1,68,10,3,5,5,0,9,4,262,103,75,38,24,15,0,59,14,5,29,4,70,57,55,67,1,1
2023-04-02,Liga Profesional,4087037,Instituto,Talleres,0.38245931283905965,0.3227848101265823,0.29475587703435807,0,3,2,58,13,3,2,2,80,19,8,7,3,0,9,4,401,147,172,53,17,29,0,88,7,2,8,1,59,45,51,52,2,0,42,8,4,3,1,74,13,2,2,2,0,6,2,303,106,119,48,60,22,1,67,7,3,24,3,67,55,49,58,1,0
2023-04-02,Liga Profesional,4087035,Colon,Atletico Tucuman,0.4679595278246206,0.35075885328836426,0.1812816188870152,0,0,1,52,15,6,2,2,74,13,6,7,2,0,7,8,368,125,146,56,16,25,1,68,11,5,16,2,63,44,58,48,1,0,48,13,2,1,1,68,8,6,6,5,0,6,7,355,124,118,41,27,25,0,67,12,2,22,7,68,56,42,79,1,0
2023-04-03,Liga Profesional,4087038,Banfield,Club Atletico Platense,0.5105008077544426,0.3255250403877221,0.16397415185783523,0,2,2,66,14,2,1,1,71,10,6,9,3,0,7,7,463,204,123,35,16,41,2,48,12,1,13,2,85,62,61,55,0,0,34,6,4,2,0,49,18,4,1,1,0,3,3,246,57,63,29,10,33,1,55,14,3,33,2,54,38,39,50,5,0
2023-04-03,Liga Profesional,4087063,Belgrano,Sarmiento,0.5027870680044593,0.3556298773690078,0.1415830546265329,0,0,1,66,18,3,1,1,81,11,9,10,5,0,10,8,457,152,220,61,31,23,0,56,9,0,12,2,61,49,45,59,1,0,34,8,2,0,0,60,18,2,6,0,0,2,6,247,63,84,37,21,19,0,74,11,5,16,3,69,51,55,80,5,0
2023-04-04,Liga Profesional,4087060,Central Cordoba de Santiago,Arsenal Sarandi,0.4169014084507042,0.3847887323943662,0.19830985915492957,1,0,0,34,14,8,2,1,57,4,6,4,2,0,10,4,267,55,97,25,28,21,2,56,3,2,21,0,55,56,46,65,1,0,66,7,0,1,1,81,11,4,5,2,0,4,3,541,218,218,40,35,32,0,67,10,3,21,6,50,44,54,71,3,0
2023-04-07,Liga Profesional,4087042,Club Atletico Platense,Instituto,0.48472906403940885,0.3438423645320197,0.17142857142857143,1,0,0,45,21,11,0,0,65,8,10,7,3,0,13,8,320,96,112,32,32,26,1,71,8,4,17,3,72,57,51,76,2,0,55,11,3,1,1,72,8,3,4,4,0,7,4,412,128,167,45,50,27,0,47,6,3,23,10,60,43,49,47,1,0
2023-04-07,Liga Profesional,4087070,Lanus,Arsenal Sarandi,0.5428067078552515,0.3106796116504854,0.14651368049426303,3,0,0,39,7,3,3,0,71,11,0,4,0,0,6,1,291,126,82,40,20,21,1,77,12,3,30,3,49,52,47,50,3,0,61,15,3,3,3,81,12,8,9,3,0,10,5,421,152,189,72,20,35,1,83,3,0,4,0,49,48,53,53,3,0
2023-04-08,Liga Profesional,4087043,Talleres,Barracas Central,0.5882352941176471,0.28342245989304815,0.12834224598930483,3,0,0,46,12,5,3,0,77,12,5,6,1,0,9,3,390,171,129,53,40,20,5,80,7,2,11,0,53,55,57,55,1,0,54,7,0,0,0,79,7,3,5,2,0,2,5,457,193,167,32,29,26,0,54,9,1,13,2,42,45,43,38,2,0
2023-04-08,Liga Profesional,4087041,Velez Sarsfield,Banfield,0.5889792231255646,0.27822944896115626,0.13279132791327913,3,3,1,51,12,5,4,3,80,13,5,4,3,0,9,3,427,200,141,54,33,25,0,67,19,3,19,2,77,48,46,56,0,0,49,10,5,0,0,76,12,3,3,2,0,7,3,403,186,121,46,25,22,3,68,20,3,15,2,84,52,54,71,1,0
2023-04-08,Liga Profesional,4087068,Sarmiento,Argentinos Juniors,0.24897400820793433,0.3433652530779754,0.4076607387140903,2,0,0,27,16,6,2,1,51,18,7,8,2,0,11,5,201,28,74,45,54,22,1,31,6,3,36,3,61,50,64,90,4,0,73,15,3,1,1,82,11,5,9,3,0,6,9,557,216,242,63,21,21,1,71,3,2,28,4,48,50,36,60,2,0
2023-04-08,Liga Profesional,4087048,Gimnasia LP,Racing Club,0.17545304777594728,0.2627677100494234,0.5617792421746294,3,1,0,40,16,7,2,1,63,12,4,7,2,0,4,12,276,68,106,39,25,23,9,56,13,4,23,3,56,47,42,38,2,0,60,12,5,2,2,69,15,2,4,3,0,9,3,418,167,120,42,23,31,0,57,11,2,12,4,69,53,58,46,3,1
2023-04-08,Liga Profesional,4087067,Union,Belgrano,0.3712660028449502,0.3783783783783784,0.2503556187766714,0,3,2,30,18,6,0,0,61,11,7,5,7,0,11,7,196,49,71,41,35,24,0,48,7,3,18,2,51,40,43,20,1,1,70,14,5,3,2,82,9,6,6,3,0,7,7,476,223,168,59,28,18,3,83,6,7,17,6,73,60,57,59,1,0
2023-04-08,Liga Profesional,4087045,Atletico Tucuman,San Lorenzo,0.3056092843326886,0.316247582205029,0.3781431334622824,1,3,2,42,19,7,3,3,82,10,6,9,3,0,11,8,350,138,148,39,20,16,0,60,12,4,8,3,46,52,48,50,3,2,58,15,6,1,1,89,14,5,5,4,0,10,5,502,230,217,76,8,12,3,55,5,4,22,5,45,48,52,69,1,1
2023-04-08,Liga Profesional,4087040,Defensa y Justicia,Central Cordoba de Santiago,0.49809885931558934,0.34220532319391633,0.1596958174904943,1,2,2,73,18,4,1,1,84,10,10,5,9,0,10,8,597,232,267,54,22,22,1,53,9,2,14,5,41,42,64,43,1,1,27,13,7,2,1,57,3,6,4,2,0,6,7,218,49,76,31,11,20,4,68,12,9,39,3,46,58,36,46,2,0
2023-04-09,Liga Profesional,4087069,Godoy Cruz,Tigre,0.4138728323699422,0.3248554913294798,0.261271676300578,1,1,1,32,7,4,0,0,65,9,2,3,0,0,4,3,259,81,87,47,25,20,1,65,11,5,30,5,49,44,52,33,5,1,68,26,7,3,2,85,6,10,14,5,1,16,10,531,200,250,62,27,20,3,45,9,0,7,3,56,56,48,68,1,0
2023-04-09,Liga Profesional,4087046,Independiente,Estudiantes,0.44489247311827956,0.3333333333333333,0.2217741935483871,1,2,2,43,5,0,0,0,72,15,4,4,1,0,3,2,344,144,104,29,18,25,3,58,5,2,17,2,43,44,44,56,3,0,57,15,4,2,1,74,8,4,9,2,1,10,5,468,210,135,36,55,16,0,80,6,1,21,0,55,56,56,50,1,0
2023-04-09,Liga Profesional,4087047,Newell's Old Boys,Rosario Central,0.44616376531270147,0.2978723404255319,0.2559638942617666,0,0,1,69,8,0,0,0,80,10,5,4,4,0,2,6,405,176,149,56,17,26,1,46,6,1,15,4,57,54,53,71,2,0,31,12,4,2,2,55,15,7,6,2,0,8,4,173,38,57,31,18,12,1,69,8,3,26,0,49,46,47,58,3,0
2023-04-09,Liga Profesional,4087049,Huracan,River Plate,0.1875452570601014,0.2335264301230992,0.5789283128167995,0,3,2,38,7,1,1,1,75,13,4,3,3,0,4,3,350,148,113,47,20,18,2,54,16,2,13,3,50,49,40,65,3,1,62,19,6,4,2,85,12,3,11,2,1,11,8,574,232,254,63,23,26,1,64,9,3,9,1,56,51,60,85,2,0
2023-04-10,Liga Profesional,4087044,Boca Juniors,Colon,0.7063032367972742,0.1979557069846678,0.09574105621805792,1,2,2,71,20,6,0,0,88,5,4,10,4,0,8,12,653,232,340,56,15,25,3,64,11,0,8,0,70,61,47,57,2,0,29,5,2,1,0,64,20,0,3,0,0,2,3,267,93,77,30,29,25,2,73,13,4,22,5,48,39,53,38,4,0
2023-04-11,Liga Profesional,4087102,Barracas Central,Club Atletico Platense,0.31174957118353347,0.3910806174957118,0.2971698113207547,1,0,0,42,14,2,1,0,49,16,3,7,5,1,9,5,223,56,53,22,21,37,1,58,15,1,23,4,60,55,53,41,2,0,58,9,3,0,0,68,18,4,5,1,0,3,6,310,107,105,43,27,32,2,76,5,5,18,1,51,45,47,31,3,0
2023-04-11,Liga Profesional,4087094,Argentinos Juniors,Union,0.5649063032367972,0.33287904599659285,0.10221465076660988,5,1,0,66,17,9,6,3,82,11,5,6,2,0,16,1,558,282,174,59,63,29,4,70,12,4,27,2,65,53,52,38,0,0,34,15,3,1,0,65,11,6,8,4,1,6,9,279,87,93,31,20,32,0,50,15,2,8,4,59,48,48,42,0,0
2023-04-12,Liga Profesional,4087104,Banfield,Defensa y Justicia,0.3713292117465224,0.3655332302936631,0.2631375579598145,0,3,2,48,14,2,0,0,75,9,6,7,5,0,9,5,352,133,132,42,16,32,1,68,12,2,8,1,60,52,44,53,2,0,52,10,4,4,1,73,16,2,4,2,0,7,3,406,203,95,42,69,22,3,59,11,5,26,2,60,48,56,59,4,0
2023-04-12,Liga Profesional,4087091,Central Cordoba de Santiago,Lanus,0.3404740200546946,0.38012762078395623,0.27939835916134914,1,1,1,47,9,3,1,0,75,16,7,4,2,0,6,3,333,114,136,49,22,20,0,53,11,8,23,7,40,37,35,56,1,0,53,21,8,2,2,77,11,5,4,9,0,7,14,383,154,141,49,19,22,3,83,12,1,12,2,70,63,65,67,1,0
2023-04-12,Liga Profesional,4087103,Instituto,Velez Sarsfield,0.29781293624941835,0.37831549557933924,0.32387156817124246,1,0,0,45,10,3,0,0,67,14,4,5,2,0,4,6,344,118,114,21,22,27,1,74,16,1,16,1,65,55,46,46,1,0,55,5,1,0,0,79,12,2,3,1,0,1,4,418,208,122,54,11,34,1,73,17,2,11,2,59,45,54,47,1,0
2023-04-12,Liga Profesional,4087100,San Lorenzo,Boca Juniors,0.3518242740134028,0.266939687267312,0.3812360387192852,1,0,0,43,9,4,2,2,76,20,1,1,4,1,3,6,351,118,148,41,14,15,4,73,6,5,16,2,58,40,56,46,4,0,57,12,2,1,1,83,16,3,5,5,1,8,4,454,199,178,52,21,13,1,52,9,4,7,4,74,60,44,64,4,1
2023-04-12,Liga Profesional,4087095,Belgrano,Huracan,0.4131614654002714,0.3924694708276798,0.19436906377204885,2,0,0,54,14,5,0,0,78,15,6,8,1,0,8,6,394,151,158,56,23,26,2,44,7,0,15,1,66,48,54,52,1,0,46,4,1,0,0,76,11,2,3,0,0,3,1,340,140,117,40,19,22,2,82,12,1,19,3,66,52,46,53,3,0
2023-04-12,Liga Profesional,4087097,Racing Club,Newell's Old Boys,0.5547058823529412,0.29970588235294116,0.14558823529411766,0,1,2,60,15,2,0,0,81,12,4,11,2,0,7,8,444,187,174,60,21,26,2,71,13,0,14,1,68,53,54,50,2,0,40,9,2,2,1,72,20,5,7,0,0,3,6,298,126,90,50,18,12,6,88,5,2,24,2,60,47,46,63,3,0
2023-04-13,Liga Profesional,4087099,Estudiantes,Atletico Tucuman,0.5301339285714286,0.34598214285714285,0.12388392857142858,0,0,1,56,12,1,0,0,74,10,4,7,4,0,8,4,518,204,181,42,30,27,3,62,7,3,13,1,67,62,41,73,0,0,44,8,1,0,0,67,15,1,4,3,1,4,4,408,151,123,35,22,23,0,58,11,4,26,1,55,38,59,45,5,0
2023-04-13,Liga Profesional,4087098,Rosario Central,Independiente,0.5001919385796545,0.3443378119001919,0.15547024952015356,1,0,0,54,16,3,3,3,72,12,2,3,10,0,12,4,377,123,147,44,33,19,2,58,15,7,32,3,74,53,53,43,0,0,46,16,3,2,2,63,12,12,6,7,2,13,3,302,80,111,30,25,33,2,65,14,9,19,2,65,47,47,32,1,0
2023-04-13,Liga Profesional,4087092,Arsenal Sarandi,Godoy Cruz,0.36610169491525424,0.4121065375302663,0.2217917675544794,2,3,2,55,9,3,0,0,74,15,1,3,3,0,6,3,397,159,133,38,31,27,1,60,12,5,18,5,66,55,54,55,3,0,45,15,7,2,0,70,10,3,3,5,0,6,9,327,128,100,35,21,29,1,60,9,3,15,1,55,45,46,52,2,0
2023-04-13,Liga Profesional,4087101,Colon,Talleres,0.30501002004008015,0.3691382765531062,0.32585170340681363,2,2,1,36,11,6,2,1,67,11,1,4,1,0,7,4,271,84,97,41,33,19,0,47,17,1,21,4,56,57,52,50,0,1,64,13,6,3,2,78,14,5,6,1,0,10,3,460,187,174,48,31,22,0,75,9,1,14,4,46,43,48,35,2,0
2023-04-13,Liga Profesional,4087096,River Plate,Gimnasia LP,0.6586489252814739,0.24974411463664278,0.09160696008188332,3,0,0,71,22,7,3,2,86,9,6,7,8,0,17,5,640,247,305,70,22,16,6,86,6,4,12,2,67,61,63,62,1,0,29,13,2,0,0,68,14,1,7,4,0,8,5,257,89,87,40,43,22,5,79,13,8,19,4,42,39,38,47,1,0
2023-04-14,Liga Profesional,4087093,Tigre,Sarmiento,0.5452067242162654,0.328032712403453,0.1267605633802817,1,0,0,63,15,3,3,2,79,11,1,8,4,1,9,6,475,142,235,45,22,23,1,57,7,4,24,4,51,48,32,50,4,0,37,20,4,1,1,61,16,6,11,5,0,13,7,261,68,92,47,39,14,2,56,11,4,17,2,69,52,68,45,3,0
2023-04-15,Liga Profesional,4087106,Defensa y Justicia,Instituto,0.5662211421628189,0.3110571081409477,0.1227217496962333,1,0,0,40,14,6,2,1,71,8,5,5,3,0,8,6,355,153,98,47,14,16,6,59,6,2,27,7,61,48,62,65,2,0,60,20,7,2,2,80,7,4,11,2,0,9,11,526,156,265,55,9,19,2,70,6,2,9,5,57,52,38,74,3,0
2023-04-15,Liga Profesional,4087088,Boca Juniors,Estudiantes,0.6464891041162227,0.20387409200968523,0.149636803874092,0,1,2,68,8,1,1,1,88,14,4,5,2,0,2,6,631,299,258,63,10,19,3,65,7,2,11,1,74,58,59,70,4,0,32,6,2,0,0,72,24,0,2,2,0,2,4,303,117,101,28,11,10,1,65,13,2,14,1,54,42,41,60,3,0
2023-04-16,Liga Profesional,4087074,Gimnasia LP,Belgrano,0.3292433537832311,0.35685071574642124,0.31390593047034765,0,2,2,56,18,4,1,1,74,6,15,7,7,1,12,6,387,148,138,50,35,35,2,58,14,0,16,1,81,51,56,50,2,0,44,6,3,2,0,67,12,4,3,0,0,4,2,322,97,118,45,0,31,1,58,12,7,30,4,72,49,44,44,2,0
2023-04-16,Liga Profesional,4087075,Huracan,Argentinos Juniors,0.3706111833550065,0.2756827048114434,0.35370611183355005,0,0,1,49,8,2,0,0,77,20,7,4,2,1,5,3,386,137,161,50,21,17,0,50,11,2,14,1,64,48,59,47,1,0,51,4,1,1,1,76,15,2,0,3,0,3,1,420,168,152,40,9,24,0,71,6,2,23,2,59,52,41,50,2,2
2023-04-16,Liga Profesional,4087076,Union,Tigre,0.2568,0.3744,0.3688,0,0,1,48,17,6,2,2,70,12,7,7,4,0,12,5,316,90,130,48,24,29,0,53,11,2,12,3,59,51,51,60,0,0,52,10,3,2,2,74,12,4,4,3,0,7,3,360,148,118,47,42,13,3,63,12,3,30,6,57,49,49,53,2,0
2023-04-16,Liga Profesional,4087107,Velez Sarsfield,Barracas Central,0.5910596026490066,0.2814569536423841,0.12748344370860928,0,0,1,46,6,1,0,0,70,10,1,3,2,0,2,4,345,128,114,39,17,32,1,65,23,2,18,2,66,50,49,57,3,1,54,10,2,1,1,72,10,5,5,3,1,6,4,411,167,128,53,16,30,1,62,12,2,16,1,67,50,51,46,0,1
2023-04-16,Liga Profesional,4087072,Independiente,Racing Club,0.2747068676716918,0.2562814070351759,0.46901172529313234,1,1,1,42,8,3,0,0,56,14,4,4,1,0,2,6,255,47,97,44,0,30,3,70,12,2,23,3,76,56,54,60,4,0,58,9,5,2,1,72,11,4,3,1,0,5,4,369,141,126,42,29,29,1,59,7,1,44,2,62,44,46,38,3,0
2023-04-16,Liga Profesional,4087073,Newell's Old Boys,River Plate,0.19111285882815574,0.18993314982304366,0.6189539913488006,0,1,2,50,12,3,0,0,74,14,1,6,3,1,7,5,404,180,118,45,23,20,1,68,8,5,19,4,66,49,68,59,4,0,50,12,5,1,0,76,16,6,2,5,0,3,9,394,141,158,48,7,21,2,63,12,3,11,3,60,51,32,54,3,0
2023-04-17,Liga Profesional,4087089,Talleres,San Lorenzo,0.42023082145281737,0.27766463000678887,0.30210454854039376,0,0,1,53,18,4,2,2,77,10,5,7,7,0,10,8,406,131,182,49,26,19,1,68,9,0,8,1,54,49,42,39,1,0,47,5,1,1,1,76,9,3,4,0,1,4,1,371,171,110,41,14,21,3,65,15,6,23,4,63,51,58,38,4,0
2023-04-17,Liga Profesional,4087090,Club Atletico Platense,Colon,0.4167533818938606,0.3511966701352758,0.23204994797086367,0,0,1,44,12,1,1,1,70,12,2,9,2,0,6,6,326,100,129,44,24,19,0,43,9,1,40,4,69,54,54,59,1,0,56,8,4,1,1,72,10,7,3,1,1,5,3,408,135,158,48,26,30,2,57,5,2,10,1,59,46,46,47,1,0
2023-04-17,Liga Profesional,4087105,Banfield,Central Cordoba de Santiago,0.41587142139628325,0.3746860873932697,0.209442491210447,1,0,0,40,10,5,4,3,64,9,3,2,3,0,5,5,290,70,116,43,6,31,4,67,14,0,22,0,68,60,56,71,2,0,60,11,0,1,1,71,17,6,10,1,0,5,6,439,137,174,55,15,35,0,73,8,3,19,4,49,40,44,50,5,0
2023-04-17,Liga Profesional,4087077,Sarmiento,Arsenal Sarandi,0.46153846153846156,0.3710769230769231,0.16738461538461538,1,0,0,39,15,4,0,0,60,11,4,8,3,1,9,6,255,53,100,33,40,18,3,67,9,2,18,3,71,61,54,73,1,0,61,14,3,2,2,74,16,7,8,3,0,7,7,401,139,156,47,22,28,1,85,3,3,20,3,51,39,46,36,4,0
2023-04-18,Liga Profesional,4087071,Atletico Tucuman,Rosario Central,0.32643312101910826,0.30042462845010615,0.37314225053078554,2,2,1,49,16,6,2,2,73,8,3,7,3,1,6,10,369,123,145,42,17,26,1,79,7,4,14,3,63,58,44,61,2,0,51,13,5,3,1,78,13,7,4,4,0,7,6,375,133,158,43,18,23,0,47,12,2,16,4,56,43,56,48,1,0
2023-04-18,Liga Profesional,4087078,Godoy Cruz,Lanus,0.4071340713407134,0.34378843788437885,0.24907749077490776,4,4,1,52,14,6,2,0,81,14,1,4,4,0,7,7,445,194,168,50,18,25,0,50,14,0,9,0,64,51,63,56,1,0,48,8,4,4,0,79,15,0,4,0,0,5,3,407,215,105,47,8,15,1,75,11,3,14,2,56,49,38,58,3,0
2023-04-21,Liga Profesional,4087138,Colon,Velez Sarsfield,0.42340926944226237,0.33385703063629224,0.24273369992144542,2,1,0,38,11,5,1,0,66,12,7,2,4,0,6,5,279,90,94,46,33,27,1,70,10,2,16,3,65,46,59,48,3,0,62,9,4,1,1,81,13,5,3,2,0,7,2,463,192,183,30,24,24,0,44,9,4,24,3,66,54,41,58,2,0
2023-04-22,Liga Profesional,4087081,Arsenal Sarandi,Union,0.41815680880330125,0.39752407152682256,0.1843191196698762,2,1,0,52,12,3,2,2,70,14,4,5,4,1,8,4,348,111,132,39,17,29,3,57,11,4,13,2,53,41,40,50,1,1,48,16,2,1,0,65,8,1,10,4,2,7,9,329,111,102,31,22,25,0,63,10,4,27,1,77,59,60,73,0,0
2023-04-22,Liga Profesional,4087080,Lanus,Sarmiento,0.5611325611325612,0.323037323037323,0.11583011583011583,2,1,0,56,15,4,3,1,81,6,3,5,6,1,8,7,376,152,152,58,11,24,1,71,6,2,26,2,58,48,51,53,2,1,44,16,3,1,1,74,19,6,11,2,2,15,1,284,87,123,48,38,19,2,80,4,5,19,2,60,52,49,77,6,1
2023-04-22,Liga Profesional,4087084,Belgrano,Newell's Old Boys,0.4651711924439197,0.2798110979929162,0.2550177095631641,1,0,0,41,10,3,2,2,71,6,4,4,3,0,7,3,305,99,118,54,27,22,0,57,6,2,19,0,48,41,55,42,2,0,59,10,0,0,0,80,12,4,8,2,0,5,5,448,231,129,57,18,25,2,68,11,3,9,2,56,59,45,71,2,0
2023-04-22,Liga Profesional,4087079,Central Cordoba de Santiago,Godoy Cruz,0.42021276595744683,0.3475177304964539,0.2322695035460993,0,2,2,56,11,0,0,0,74,11,5,8,3,1,8,3,420,140,170,47,39,27,1,52,18,2,14,4,78,54,60,55,1,0,44,14,6,0,0,68,13,3,6,2,0,3,11,335,85,143,49,8,26,2,69,13,3,17,0,61,46,40,57,2,0
2023-04-23,Liga Profesional,4087149,San Lorenzo,Club Atletico Platense,0.6170520231213873,0.2615606936416185,0.12138728323699421,1,0,0,53,9,2,0,0,79,17,3,4,3,0,6,3,459,194,168,48,24,25,5,54,10,5,16,2,75,50,52,57,1,0,47,12,2,0,0,75,13,2,5,5,0,2,10,414,186,124,40,0,26,3,55,11,3,21,1,72,50,48,56,2,0
2023-04-23,Liga Profesional,4087087,Rosario Central,Boca Juniors,0.33875934887813464,0.21645402551693796,0.44478662560492743,2,2,1,30,9,5,1,0,58,11,2,2,2,1,7,2,191,45,65,33,40,23,0,71,11,3,10,4,55,46,35,55,4,0,70,16,6,1,0,84,14,5,7,3,0,8,8,447,197,180,40,33,21,0,63,9,2,7,3,70,54,65,65,4,0
2023-04-23,Liga Profesional,4087136,Instituto,Banfield,0.44550408719346046,0.32833787465940056,0.22615803814713897,1,1,1,66,15,4,2,1,72,12,7,7,4,0,8,7,430,137,173,54,14,42,2,67,8,3,9,4,68,45,57,38,2,0,34,11,5,3,2,56,12,1,3,3,0,5,6,230,57,72,34,33,32,3,71,15,4,25,3,70,55,43,58,2,0
2023-04-23,Liga Profesional,4087108,Estudiantes,Talleres,0.4588235294117647,0.32727272727272727,0.21390374331550802,1,0,0,45,9,3,0,0,73,15,4,4,2,0,6,3,372,143,129,40,19,21,1,33,17,2,12,0,62,56,52,67,2,0,55,4,0,0,0,78,22,6,2,2,0,2,2,455,192,163,42,7,21,1,58,16,2,18,2,51,44,48,55,4,0
2023-04-23,Liga Profesional,4087085,River Plate,Independiente,0.6859358477264716,0.1988015509340853,0.11526260133944308,2,0,0,71,19,8,3,2,82,7,4,9,2,1,13,6,626,260,255,63,50,27,4,71,7,3,12,0,57,53,62,59,3,0,29,6,0,0,0,62,13,1,3,3,0,3,3,253,71,86,33,20,28,4,82,22,3,18,5,45,47,38,62,1,1
2023-04-24,Liga Profesional,4087137,Barracas Central,Defensa y Justicia,0.2890222984562607,0.3443396226415094,0.3666380789022298,0,2,2,53,10,1,0,0,65,15,5,5,4,0,9,1,403,122,138,35,30,26,0,83,13,3,19,5,59,44,52,55,1,0,47,14,7,1,1,65,13,5,4,3,0,6,8,352,94,134,37,25,19,5,55,13,4,17,1,67,56,48,53,2,0
2023-04-24,Liga Profesional,4087086,Racing Club,Atletico Tucuman,0.6342943854324734,0.2738998482549317,0.09180576631259484,1,3,2,75,16,3,1,0,89,4,6,9,4,0,10,6,663,183,408,79,21,20,3,38,15,2,7,1,58,53,44,50,2,0,25,10,4,2,0,65,12,6,4,2,0,9,1,226,60,87,51,50,13,4,61,11,2,46,2,59,47,56,59,2,0
2023-04-25,Liga Profesional,4087083,Argentinos Juniors,Gimnasia LP,0.6062701705855232,0.28815122176118024,0.10557860765329645,2,4,2,66,21,7,2,1,73,8,12,8,6,2,15,6,445,122,203,51,20,38,2,64,6,4,15,3,60,51,41,46,2,0,34,13,8,0,0,58,11,4,2,3,0,6,7,238,57,80,46,25,18,0,58,23,6,59,6,69,49,59,50,3,0
2023-04-25,Liga Profesional,4087082,Tigre,Huracan,0.5008333333333334,0.32708333333333334,0.17208333333333334,1,0,0,52,15,4,2,1,78,12,5,6,5,0,6,9,440,185,160,49,18,14,1,63,15,4,29,1,47,52,33,71,2,0,48,18,1,1,1,75,11,6,12,5,0,11,7,396,147,150,47,30,24,1,50,11,5,13,3,55,48,67,59,2,0
2023-04-27,Liga Profesional,4087131,Club Atletico Platense,Estudiantes,0.3025210084033613,0.3435491843796342,0.35392980721700446,1,2,2,50,8,3,1,1,71,15,5,2,3,0,4,4,400,138,145,50,5,29,2,62,5,1,15,5,58,45,51,60,3,0,50,12,8,5,3,74,8,5,4,0,0,11,1,398,141,153,44,32,20,2,58,6,2,35,2,64,55,49,68,3,0
2023-04-27,Liga Profesional,4087142,Sarmiento,Godoy Cruz,0.3649917172832689,0.3500828271673109,0.2849254555494202,1,1,1,36,14,4,2,2,58,11,4,3,7,1,9,5,269,57,100,50,33,21,2,59,15,6,27,8,79,52,51,82,2,0,64,26,9,2,2,78,14,6,11,6,0,11,15,471,124,242,49,24,24,1,54,8,7,28,3,75,48,49,70,3,0
2023-04-28,Liga Profesional,4087144,Huracan,Arsenal Sarandi,0.5212765957446809,0.3098404255319149,0.16888297872340424,2,1,0,42,10,4,1,0,74,15,2,6,0,1,7,3,320,122,116,41,16,11,0,45,11,1,16,3,65,50,60,64,2,0,58,10,4,2,2,78,13,5,4,2,0,5,5,460,194,163,45,11,25,0,44,7,0,18,2,58,50,40,52,4,0
2023-04-28,Liga Profesional,4087146,Newell's Old Boys,Argentinos Juniors,0.4400278940027894,0.2775453277545328,0.2824267782426778,0,0,1,49,10,3,1,1,75,14,7,5,2,0,6,4,406,168,137,43,24,20,1,71,13,2,15,3,64,50,48,59,3,0,51,7,3,2,2,72,12,3,2,2,0,6,1,419,181,119,33,38,23,4,71,11,2,10,3,66,50,52,55,4,0
2023-04-29,Liga Profesional,4087148,Atletico Tucuman,River Plate,0.17089624156761965,0.2129778348859621,0.6161259235464183,1,1,1,36,13,2,2,2,68,15,5,7,4,0,7,6,276,85,103,41,26,20,5,78,11,1,35,3,74,60,45,67,3,0,64,6,3,0,0,82,12,6,2,1,0,2,4,501,196,215,58,17,26,2,67,8,4,20,1,60,40,55,58,3,1
2023-04-29,Liga Profesional,4087132,Velez Sarsfield,San Lorenzo,0.33560606060606063,0.33560606060606063,0.3287878787878788,0,0,1,56,8,4,0,0,80,10,3,2,2,0,1,7,457,194,172,35,18,24,2,65,9,5,15,3,67,53,53,57,4,0,44,13,3,2,2,76,11,7,5,5,0,6,7,353,141,129,42,19,23,3,70,10,2,13,4,59,47,47,54,4,0
2023-04-29,Liga Profesional,4087145,Gimnasia LP,Tigre,0.31543624161073824,0.34750186428038776,0.337061894108874,1,1,1,39,5,4,3,2,67,8,3,1,0,0,4,1,311,96,113,35,8,34,3,72,12,0,28,7,62,57,33,32,1,0,61,14,8,4,3,82,7,5,5,1,0,9,5,485,217,179,58,24,29,2,57,9,0,16,3,61,43,67,34,2,0
2023-04-29,Liga Profesional,4087134,Banfield,Barracas Central,0.5580246913580247,0.30864197530864196,0.13333333333333333,0,0,1,59,6,1,0,0,71,13,1,4,1,0,3,3,430,193,111,34,33,23,7,75,14,1,9,3,69,54,53,59,1,0,41,8,3,2,2,57,17,2,4,1,1,6,2,298,82,89,38,22,24,3,79,13,1,16,1,60,46,47,42,1,0
2023-04-29,Liga Profesional,4087135,Instituto,Central Cordoba de Santiago,0.49390243902439024,0.33384146341463417,0.1722560975609756,0,2,2,61,22,4,1,1,76,6,6,12,6,1,15,7,444,146,193,47,32,31,0,60,9,3,15,0,59,60,57,47,4,0,39,7,2,2,1,59,14,1,2,3,0,4,3,301,73,105,36,10,28,3,79,11,5,35,4,42,40,43,17,3,0
2023-04-30,Liga Profesional,4087140,Boca Juniors,Racing Club,0.5719440685611187,0.18673883626522328,0.2413170951736581,3,1,0,36,8,6,5,3,70,14,4,2,0,0,6,2,245,86,86,43,13,20,4,75,6,3,23,3,40,47,47,65,2,1,64,10,4,1,1,82,9,6,3,3,0,6,4,441,161,201,48,22,13,1,75,6,0,20,3,45,53,53,54,2,1
2023-04-30,Liga Profesional,4087133,Defensa y Justicia,Colon,0.5602739726027397,0.31095890410958904,0.12876712328767123,2,0,0,49,16,8,3,2,76,14,6,6,2,0,9,7,428,168,158,51,39,12,0,60,9,1,27,1,41,45,35,47,1,0,51,6,1,0,0,77,13,4,4,1,0,2,4,437,191,144,48,9,25,5,50,10,2,23,6,54,55,65,65,2,0
2023-04-30,Liga Profesional,4087147,Independiente,Belgrano,0.3979125896934116,0.25244618395303325,0.3496412263535551,2,0,0,42,12,7,6,4,65,18,3,4,1,0,8,4,286,66,121,29,20,17,3,73,15,3,14,2,58,53,47,71,1,0,58,9,2,0,0,72,12,3,4,3,0,7,2,397,174,112,55,24,26,3,64,6,1,14,5,55,47,53,47,4,0
2023-04-30,Liga Profesional,4087139,Talleres,Rosario Central,0.42452284557547715,0.32215153267784846,0.2533256217466744,3,1,0,44,18,7,2,1,75,15,2,6,5,1,11,7,331,131,118,54,24,27,1,80,9,0,13,3,59,46,44,63,4,0,56,8,4,1,1,81,11,2,4,0,1,3,5,433,173,176,56,25,20,0,57,9,4,16,4,72,54,56,62,2,0
2023-05-05,Liga Profesional,4087119,Barracas Central,Instituto,0.36971830985915494,0.376056338028169,0.25422535211267605,3,0,0,37,11,5,4,2,55,13,8,5,1,1,9,2,219,55,66,24,21,19,0,31,11,4,30,5,65,47,44,53,2,0,63,13,5,4,4,69,12,11,4,4,0,10,3,378,103,156,41,48,26,1,57,6,1,23,2,76,53,56,67,2,0
2023-05-05,Liga Profesional,4087130,Godoy Cruz,Union,0.5555555555555556,0.3105912930474334,0.13385315139701104,0,0,1,55,20,4,0,0,75,15,6,12,4,0,9,11,394,149,148,46,18,17,2,55,10,4,15,4,60,43,58,37,3,0,45,11,4,1,1,67,14,5,3,4,0,4,7,312,118,92,33,15,19,1,65,2,4,26,4,71,57,42,63,2,0
2023-05-06,Liga Profesional,4087129,Lanus,Huracan,0.5231481481481481,0.31296296296296294,0.1638888888888889,1,0,0,46,12,4,1,0,77,9,4,6,2,0,7,5,400,142,165,49,24,24,1,63,7,2,34,2,49,41,52,47,3,0,54,10,2,1,1,77,8,7,6,2,0,6,4,439,157,183,53,23,25,1,52,9,2,15,3,63,59,48,58,2,0
2023-05-06,Liga Profesional,4087115,Belgrano,Atletico Tucuman,0.4836997725549659,0.3601213040181956,0.1561789234268385,1,0,0,35,11,4,3,2,73,6,3,3,4,0,6,5,275,105,95,54,40,9,1,70,11,5,34,4,37,49,58,33,1,1,65,19,4,1,1,83,11,4,9,6,1,9,10,488,143,264,65,31,30,1,69,9,4,10,3,35,51,42,56,3,0
2023-05-06,Liga Profesional,4087118,Colon,Banfield,0.48871181938911024,0.33731739707835323,0.17397078353253653,2,0,0,36,12,5,1,1,60,16,5,3,4,0,7,5,259,75,81,34,23,22,1,44,8,7,39,3,77,50,72,63,2,0,64,17,3,1,1,75,8,4,7,7,1,9,8,461,182,166,35,19,28,1,56,10,4,16,3,58,50,28,52,1,0
2023-05-06,Liga Profesional,4087116,Argentinos Juniors,Independiente,0.5267527675276753,0.28136531365313655,0.1918819188191882,2,2,1,67,19,7,5,3,76,12,8,8,4,1,14,5,462,194,158,39,41,20,2,10,5,2,22,2,66,53,55,65,4,0,33,14,4,4,2,56,19,3,8,2,0,10,4,225,58,69,25,30,17,0,67,13,4,31,5,56,47,45,64,3,0
2023-05-07,Liga Profesional,4087112,Rosario Central,Club Atletico Platense,0.5605536332179931,0.3137254901960784,0.12572087658592848,4,0,0,52,10,7,4,1,74,7,6,2,1,0,6,4,327,113,128,35,17,23,3,94,5,5,26,3,62,58,70,71,4,0,48,14,3,0,0,74,9,3,6,5,0,2,12,292,82,135,38,16,24,2,85,11,1,17,3,39,42,30,46,2,0
2023-05-07,Liga Profesional,4087114,River Plate,Boca Juniors,0.49858525688756516,0.1426656738644825,0.35874906924795236,1,0,0,60,16,5,1,0,81,17,8,6,5,1,8,8,483,167,224,48,19,30,3,56,4,1,9,2,73,55,64,48,5,3,40,5,2,0,0,72,22,0,2,1,0,0,5,337,158,86,31,0,20,1,61,14,4,23,4,55,45,36,52,4,3
2023-05-08,Liga Profesional,4087111,Estudiantes,Velez Sarsfield,0.5969162995594713,0.26064610866372984,0.14243759177679882,2,0,0,55,17,6,2,2,73,14,5,7,4,2,10,7,415,159,146,34,37,17,1,47,22,3,17,2,67,57,60,77,2,0,45,8,2,1,1,69,15,6,3,3,0,4,4,334,120,111,40,17,30,1,56,7,3,17,4,49,43,40,47,3,0
2023-05-08,Liga Profesional,4087117,Tigre,Newell's Old Boys,0.5130434782608696,0.28405797101449276,0.2028985507246377,2,2,1,32,9,3,1,0,68,9,1,3,3,0,6,3,266,115,66,39,38,24,0,47,9,3,24,4,51,49,53,40,2,0,68,15,6,1,0,85,12,5,6,3,1,7,8,555,247,222,64,17,26,1,69,8,3,4,1,50,51,47,42,4,1
2023-05-08,Liga Profesional,4087128,Arsenal Sarandi,Gimnasia LP,0.44793261868300155,0.34839203675344566,0.20367534456355282,0,1,2,53,7,0,1,1,70,15,3,6,1,0,5,2,354,118,130,36,28,26,4,60,7,2,28,4,61,47,51,56,5,0,47,15,5,1,1,66,8,4,8,2,0,8,7,312,89,118,42,38,26,0,73,11,1,28,0,64,53,49,52,1,0
2023-05-08,Liga Profesional,4087110,San Lorenzo,Defensa y Justicia,0.4416135881104034,0.291932059447983,0.2664543524416136,0,0,1,47,11,3,0,0,78,7,9,7,1,0,7,4,364,133,150,52,19,22,3,77,6,1,7,0,59,51,49,60,1,0,53,5,0,1,1,85,11,0,4,1,0,3,2,430,207,157,54,8,9,8,65,7,2,21,2,58,49,51,59,2,1
2023-05-08,Liga Profesional,4087113,Racing Club,Talleres,0.5062667860340196,0.2775290957923008,0.2162041181736795,2,4,2,64,12,5,2,2,80,10,5,6,1,0,10,2,519,205,210,39,15,39,6,57,8,4,8,2,43,49,29,59,3,0,36,18,8,10,7,66,8,4,8,2,2,14,4,297,105,91,43,40,19,1,76,9,1,36,4,57,51,71,77,0,0
2023-05-09,Liga Profesional,4087141,Central Cordoba de Santiago,Sarmiento,0.487565445026178,0.362565445026178,0.149869109947644,0,1,2,64,24,5,5,5,79,7,7,14,5,1,11,13,520,182,230,47,18,29,0,67,6,6,14,2,72,49,57,62,2,0,36,17,3,3,3,64,12,4,8,6,2,10,7,295,76,113,42,33,22,2,56,14,5,52,5,66,51,43,50,1,0
2023-05-12,Liga Profesional,4087177,Huracan,Godoy Cruz,0.44596199524940616,0.2980997624703088,0.25593824228028506,0,0,1,45,9,3,0,0,71,11,2,5,1,0,4,5,326,134,99,37,13,26,2,64,11,1,10,2,78,55,50,64,0,1,55,5,2,1,1,75,19,3,2,1,0,4,1,412,149,158,47,25,25,3,47,7,1,23,3,69,45,50,59,2,0
2023-05-13,Liga Profesional,4087109,Atletico Tucuman,Argentinos Juniors,0.3283480625424881,0.33650577838205303,0.33514615907545886,1,2,2,44,10,3,1,0,68,12,2,4,3,0,5,5,308,109,101,42,20,24,2,58,7,2,20,4,62,48,42,65,4,0,56,13,6,2,0,74,18,4,5,2,1,10,3,385,153,132,46,17,20,6,67,12,3,20,2,72,52,58,64,6,0
2023-05-13,Liga Profesional,4087190,Independiente,Tigre,0.35278514588859416,0.3713527851458886,0.27586206896551724,2,1,0,47,13,4,2,1,68,5,11,6,3,0,7,6,303,105,101,35,16,25,5,70,15,2,12,2,57,57,29,57,2,0,53,9,3,1,0,69,9,3,4,2,0,5,4,370,158,97,30,25,26,0,71,11,4,23,1,63,43,71,53,4,0
2023-05-13,Liga Profesional,4087125,Banfield,San Lorenzo,0.2772758860319666,0.3467685892981237,0.37595552466990967,1,2,2,51,12,2,1,0,76,13,9,5,5,0,5,7,352,146,120,32,28,30,1,67,9,3,14,2,63,51,42,45,3,0,49,8,4,0,0,74,14,1,1,3,0,5,3,354,131,131,55,12,29,1,61,7,5,22,1,69,49,58,46,2,0
2023-05-13,Liga Profesional,4087126,Instituto,Colon,0.35603345280764637,0.31660692951015534,0.32735961768219835,1,0,0,61,19,4,3,3,77,7,9,9,6,1,13,6,426,137,189,33,29,26,0,62,4,0,17,3,52,52,46,65,2,0,39,7,3,1,1,65,10,4,4,0,0,5,2,281,79,104,44,23,28,2,54,6,6,25,3,52,48,54,52,3,0
2023-05-13,Liga Profesional,4087179,Newell's Old Boys,Arsenal Sarandi,0.6047516198704104,0.2958963282937365,0.09935205183585313,2,0,0,66,16,7,3,2,81,8,4,7,2,0,11,5,518,249,172,49,24,24,0,59,13,0,17,3,62,63,50,84,1,0,34,4,3,0,0,66,12,3,1,0,0,0,4,267,72,103,28,10,34,0,75,8,1,21,5,44,38,50,58,1,0
2023-05-14,Liga Profesional,4087124,Defensa y Justicia,Estudiantes,0.5136103151862464,0.34097421203438394,0.14541547277936961,1,1,1,32,7,2,1,1,67,9,3,3,2,0,5,2,246,82,82,37,23,16,2,78,7,8,24,6,47,52,53,61,2,1,68,23,8,3,3,85,19,3,8,7,0,13,10,541,166,294,45,18,21,0,68,5,2,11,1,43,48,47,60,2,0
2023-05-14,Liga Profesional,4087122,Club Atletico Platense,Racing Club,0.2617994100294985,0.3163716814159292,0.4218289085545723,3,0,0,37,15,5,3,0,67,15,6,8,2,0,11,4,245,62,101,33,36,18,0,68,6,2,29,1,61,53,56,59,4,0,63,6,1,1,1,78,14,3,3,2,0,3,3,428,141,193,51,18,24,2,80,8,2,21,2,52,47,44,35,3,0
2023-05-14,Liga Profesional,4087120,Boca Juniors,Belgrano,0.6303030303030303,0.15151515151515152,0.21818181818181817,2,0,0,66,21,5,3,2,87,16,9,8,8,0,14,7,562,217,270,59,21,34,0,63,7,1,10,1,43,41,75,38,2,0,34,7,1,0,0,69,7,2,4,2,0,2,5,293,127,76,37,23,14,0,62,8,8,17,3,48,59,25,56,1,0
2023-05-15,Liga Profesional,4087121,Talleres,River Plate,0.31794871794871793,0.1641025641025641,0.517948717948718,2,1,0,33,11,4,2,1,64,16,3,5,2,1,5,6,239,84,70,35,14,13,3,53,5,4,21,4,43,44,63,56,5,0,67,14,5,3,3,82,10,5,4,5,1,8,6,467,193,188,42,15,27,0,75,9,2,10,2,46,56,37,52,2,0
2023-05-15,Liga Profesional,4087127,Barracas Central,Central Cordoba de Santiago,0.4640638864241349,0.3895297249334516,0.14640638864241348,2,2,1,65,19,5,3,1,74,10,4,11,3,0,7,12,461,158,183,43,19,24,0,50,7,3,17,1,49,49,47,50,2,0,35,10,3,2,0,53,16,4,4,3,1,4,6,242,53,75,29,35,24,4,61,17,3,34,3,52,51,53,50,4,0
2023-05-15,Liga Profesional,4087176,Union,Sarmiento,0.41120607787274455,0.3717948717948718,0.21699905033238368,0,2,2,66,19,5,0,0,78,12,14,10,4,0,6,13,393,136,172,43,18,19,0,38,7,1,11,1,58,51,40,85,2,1,34,7,3,3,1,57,8,4,3,1,0,4,3,225,59,70,38,50,17,5,62,7,4,35,5,66,49,60,44,4,0
2023-05-15,Liga Profesional,4087178,Gimnasia LP,Lanus,0.2606951871657754,0.3270944741532977,0.41221033868092694,1,0,0,47,10,2,0,0,62,12,4,4,4,0,4,6,287,80,97,39,26,29,2,71,10,5,27,3,69,52,44,45,1,0,53,15,4,3,3,71,15,5,6,5,0,10,5,326,122,109,49,30,27,1,61,5,4,20,1,73,48,56,39,2,0
2023-05-15,Liga Profesional,4087123,Velez Sarsfield,Rosario Central,0.38454823221300743,0.29244871235268444,0.3230030554343082,0,0,1,46,13,2,0,0,72,7,3,7,4,0,7,6,302,97,121,42,22,31,3,53,9,3,15,2,65,51,42,54,3,0,54,7,2,0,0,67,10,4,2,3,0,3,4,356,104,135,38,21,19,3,70,8,4,28,2,70,49,58,60,3,1
2023-05-19,Liga Profesional,4087180,Arsenal Sarandi,Independiente,0.284,0.3498181818181818,0.36618181818181816,2,1,0,37,6,3,1,0,52,11,3,2,1,0,4,2,277,62,83,26,9,24,5,73,11,4,17,3,61,55,38,82,5,0,63,11,4,1,0,76,9,3,3,4,1,8,3,468,180,174,49,18,28,0,46,9,1,11,2,61,45,62,67,3,0
2023-05-19,Liga Profesional,4087173,Godoy Cruz,Gimnasia LP,0.48668280871670705,0.35189669087974174,0.16142050040355124,2,0,0,52,17,5,1,1,63,13,9,7,5,0,9,8,331,109,100,38,30,33,1,71,11,2,17,1,64,54,47,58,3,0,48,6,1,1,1,60,10,2,3,2,0,4,2,298,99,79,32,18,27,0,84,13,5,23,3,60,46,53,47,3,0
2023-05-19,Liga Profesional,4087175,Central Cordoba de Santiago,Union,0.5455271565495208,0.3266773162939297,0.12779552715654952,0,1,2,54,21,7,3,3,81,11,7,8,6,1,10,11,379,101,206,60,29,17,4,81,10,3,8,2,63,52,62,56,3,0,46,9,3,0,0,78,14,2,3,3,0,3,6,340,149,115,32,18,22,2,79,9,5,25,7,54,48,38,68,3,0
2023-05-19,Liga Profesional,4087184,Estudiantes,Banfield,0.5947670708359923,0.29036375239310785,0.1148691767708998,1,0,0,62,10,3,1,0,82,16,3,5,2,0,6,4,498,228,181,54,25,20,2,83,6,4,28,2,51,47,57,79,2,0,38,7,2,0,0,72,13,7,1,4,1,1,6,290,110,99,50,0,29,1,36,16,2,12,2,51,53,43,75,3,2
2023-05-19,Liga Profesional,4087185,Rosario Central,Defensa y Justicia,0.43436578171091444,0.31194690265486724,0.2536873156342183,2,1,0,40,21,6,7,5,70,9,6,7,8,0,13,8,281,91,107,45,17,18,2,45,7,1,17,5,67,51,50,73,2,0,60,17,6,3,3,81,6,5,10,1,0,11,6,432,220,132,58,28,18,1,39,6,8,23,3,65,49,50,64,1,0
2023-05-20,Liga Profesional,4087189,Argentinos Juniors,Boca Juniors,0.2786343612334802,0.24082232011747431,0.48054331864904554,0,1,2,55,20,1,1,1,77,13,5,11,8,0,10,10,479,188,182,48,16,23,5,66,15,0,11,2,67,59,50,65,2,0,45,5,3,1,0,75,17,1,2,0,0,3,2,397,213,86,38,50,23,1,91,8,8,20,1,50,41,50,52,2,0
2023-05-20,Liga Profesional,4087183,San Lorenzo,Instituto,0.6365348399246704,0.2495291902071563,0.11393596986817325,2,0,0,45,9,5,4,2,74,10,7,1,3,0,6,3,275,103,100,35,15,24,3,60,8,0,10,1,56,53,53,45,3,0,55,4,1,0,0,79,13,0,3,0,0,0,4,359,153,132,47,11,20,0,100,8,3,24,3,50,47,47,67,4,1
2023-05-21,Liga Profesional,4087172,Lanus,Newell's Old Boys,0.45603864734299515,0.3120772946859903,0.2318840579710145,1,0,0,36,12,5,3,2,71,8,10,7,0,1,8,4,288,129,75,42,30,23,0,75,13,1,19,2,40,43,50,43,0,0,64,6,2,0,0,81,10,3,3,1,0,3,3,538,263,174,47,27,24,0,75,13,0,16,4,49,57,50,75,1,0
2023-05-21,Liga Profesional,4087181,Tigre,Atletico Tucuman,0.5797101449275363,0.2886473429951691,0.1316425120772947,0,0,1,63,19,5,2,2,86,5,5,10,4,1,10,9,590,225,281,55,32,13,2,83,11,3,7,1,48,54,38,50,0,0,37,10,1,1,1,73,12,4,6,3,0,8,2,352,122,135,44,9,22,2,46,7,4,26,5,49,46,62,55,2,0
2023-05-21,Liga Profesional,4087188,Belgrano,Talleres,0.3241150442477876,0.3633849557522124,0.3125,1,1,1,41,12,4,2,1,68,14,4,3,5,0,7,5,245,66,101,42,32,29,3,46,9,3,18,4,46,50,35,73,1,1,59,14,5,4,3,77,14,5,6,3,0,10,4,372,171,115,47,27,20,3,75,10,5,4,3,53,50,65,59,1,0
2023-05-21,Liga Profesional,4087182,Colon,Barracas Central,0.5179245283018868,0.34150943396226413,0.14056603773584905,1,1,1,56,9,4,1,1,77,13,9,5,0,1,7,2,459,206,146,43,35,18,1,68,9,2,10,2,58,47,56,59,2,0,44,9,3,0,0,72,2,4,4,2,0,3,6,378,124,149,33,10,19,2,58,9,0,25,3,59,53,44,50,1,0
2023-05-21,Liga Profesional,4087174,Sarmiento,Huracan,0.44911297852474324,0.33986928104575165,0.21101774042950514,0,0,1,27,13,6,1,1,59,11,5,5,2,1,7,6,190,45,67,41,21,17,4,44,8,4,27,6,53,46,52,50,1,1,73,20,5,1,1,87,16,2,11,4,1,11,9,537,206,259,68,46,23,1,50,9,2,28,6,56,54,48,88,3,0
2023-05-21,Liga Profesional,4087187,River Plate,Club Atletico Platense,0.6982208794897616,0.20476670023497817,0.09701242027526015,2,1,0,68,20,4,5,3,80,14,7,11,5,0,14,6,535,209,219,62,22,31,3,89,4,5,19,2,61,50,48,59,2,0,32,14,3,0,0,55,14,5,6,5,0,6,8,242,51,82,32,24,21,1,71,13,6,28,1,63,50,52,75,3,0
2023-05-27,Liga Profesional,4087152,Atletico Tucuman,Arsenal Sarandi,0.5181278839815425,0.32432432432432434,0.15754779169413316,1,0,0,61,17,4,1,0,83,12,7,9,4,0,12,5,546,223,231,53,25,20,3,65,1,2,15,1,55,47,50,42,3,0,39,11,1,0,0,71,7,0,8,2,0,4,7,361,127,130,40,14,23,0,67,3,4,22,3,60,53,50,44,0,0
2023-05-27,Liga Profesional,4087160,Gimnasia LP,Sarmiento,0.43902439024390244,0.3827392120075047,0.17823639774859287,0,0,1,65,20,2,1,1,78,10,9,13,5,0,4,16,448,135,213,32,32,21,5,45,10,2,16,0,49,47,43,38,1,0,35,6,0,0,0,57,16,1,4,2,1,4,2,240,64,73,40,31,20,2,59,14,5,23,2,59,53,57,62,2,0
2023-05-27,Liga Profesional,4087155,Club Atletico Platense,Belgrano,0.4100346020761246,0.31833910034602075,0.27162629757785467,1,0,0,41,8,2,3,2,65,15,5,2,4,0,6,2,271,54,123,36,28,29,6,68,16,0,24,3,78,55,39,68,4,0,59,7,3,2,2,71,10,4,4,0,0,7,0,387,147,129,48,36,33,1,41,9,3,21,1,74,45,61,43,3,0
2023-05-27,Liga Profesional,4087151,Independiente,Lanus,0.3904674610449129,0.304307974335472,0.30522456461961506,1,1,1,47,14,7,1,0,67,17,4,5,2,0,9,5,289,97,98,42,16,16,0,71,5,3,10,0,65,51,47,76,2,0,53,6,1,3,2,72,12,1,1,4,0,4,2,338,139,105,44,17,18,1,71,7,2,18,6,66,49,53,52,2,1
2023-05-28,Liga Profesional,4087170,Barracas Central,San Lorenzo,0.24393723252496433,0.3152639087018545,0.44079885877318115,1,0,0,46,10,3,1,0,70,15,4,5,2,0,6,4,361,123,130,27,21,23,1,67,5,2,43,5,80,50,63,67,2,0,54,10,4,1,1,76,12,5,3,3,0,6,4,417,155,160,51,23,24,2,70,11,2,17,2,67,50,37,55,2,0
2023-05-28,Liga Profesional,4087157,Defensa y Justicia,Racing Club,0.4739837398373984,0.3032520325203252,0.22276422764227644,1,1,1,38,12,4,1,0,71,15,5,3,5,0,7,5,313,120,101,38,22,22,1,54,4,1,24,2,52,50,38,51,1,1,62,10,3,1,0,82,12,6,6,1,0,4,6,500,159,252,48,20,17,4,70,6,5,13,3,58,50,62,64,2,0
2023-05-28,Liga Profesional,4087154,Talleres,Argentinos Juniors,0.5393474088291746,0.30614203454894434,0.15451055662188098,1,0,0,41,12,3,1,0,70,9,7,5,4,0,6,6,385,135,133,46,33,24,1,54,5,2,20,4,74,58,53,55,1,0,59,11,4,3,3,80,15,2,5,2,1,8,3,551,248,192,32,22,26,1,72,6,4,12,2,56,42,47,67,2,0
2023-05-28,Liga Profesional,4087153,Boca Juniors,Tigre,0.698248765154917,0.1935339021104625,0.10821733273462057,1,0,0,55,11,3,4,3,80,12,4,5,3,1,8,3,467,229,146,40,20,14,2,67,4,1,15,0,69,58,57,53,1,0,45,3,0,0,0,77,17,2,2,1,0,1,2,382,190,105,46,8,27,0,47,7,4,16,1,50,42,43,48,3,0
2023-05-29,Liga Profesional,4087159,Newell's Old Boys,Godoy Cruz,0.5264773599386032,0.3039140445126631,0.1696085955487337,2,0,0,43,5,3,4,2,80,7,0,2,0,0,4,1,375,202,97,53,0,21,1,54,13,4,27,1,59,53,54,57,4,1,57,14,1,2,2,85,10,7,9,4,2,7,7,481,186,221,67,11,20,1,67,4,0,10,1,51,47,46,56,4,1
2023-05-29,Liga Profesional,4087171,Colon,Central Cordoba de Santiago,0.5050718512256974,0.3343195266272189,0.16060862214708369,2,2,1,50,11,2,2,2,72,6,1,6,3,0,7,4,445,180,142,29,42,21,4,67,13,5,18,2,66,55,65,55,1,1,50,15,4,2,1,75,8,6,6,5,0,7,8,439,131,197,28,10,29,1,50,14,3,22,1,49,45,35,57,3,0
2023-05-29,Liga Profesional,4087158,Banfield,Rosario Central,0.32702301410541945,0.29584261321455085,0.3771343726800297,2,0,0,34,19,6,6,4,62,16,7,9,4,0,14,5,235,48,97,33,33,19,0,75,15,4,40,2,58,49,33,50,2,0,66,14,2,0,0,77,11,8,8,4,0,3,11,480,181,190,38,9,30,0,61,9,4,38,4,73,51,67,43,3,0
2023-05-29,Liga Profesional,4087168,Huracan,Union,0.5182616736014795,0.3324086916319926,0.14932963476652797,0,1,2,68,23,5,2,2,79,12,7,12,6,1,13,10,451,143,212,56,28,27,1,84,5,3,9,2,75,54,59,50,4,0,32,9,4,0,0,54,17,4,3,2,0,7,2,219,57,61,25,29,20,3,86,12,6,43,5,60,46,41,33,3,0
2023-05-29,Liga Profesional,4087169,Instituto,Estudiantes,0.25308359981726813,0.299223389675651,0.4476930105070809,0,0,1,49,13,3,2,2,77,10,5,5,5,0,4,9,415,127,191,41,7,23,1,53,3,1,21,3,47,40,36,47,2,0,51,9,3,0,0,78,10,4,5,1,0,5,4,449,174,174,46,31,19,2,72,7,6,35,2,76,60,64,68,2,0
2023-05-30,Liga Profesional,4087156,Velez Sarsfield,River Plate,0.1915177380634836,0.22566017604694585,0.5828220858895705,2,2,1,39,13,4,3,2,74,16,3,5,4,0,9,4,325,146,93,47,36,23,1,55,12,7,26,8,61,47,54,67,2,0,61,19,11,1,0,81,18,10,2,6,0,15,4,506,189,223,53,27,21,1,87,12,4,15,2,64,53,46,71,3,0
2023-06-01,Liga Profesional,4087165,Sarmiento,Newell's Old Boys,0.3312040881507506,0.3312040881507506,0.3375918236984989,0,0,1,34,8,0,0,0,61,12,4,7,1,0,4,4,274,96,72,38,50,25,2,67,8,4,18,2,57,53,50,81,2,0,66,12,2,0,0,83,6,6,6,4,0,2,10,542,261,190,46,16,22,0,75,10,1,20,0,53,47,50,70,2,0
2023-06-02,Liga Profesional,4087162,Arsenal Sarandi,Boca Juniors,0.18860789411486648,0.23162372961474828,0.5797683762703852,1,0,0,24,7,2,1,0,66,18,4,3,2,1,2,5,211,66,74,23,30,12,3,40,9,3,11,2,41,44,38,55,1,0,76,9,2,0,0,90,9,4,4,3,0,3,6,704,365,272,50,33,25,0,53,3,1,10,1,54,56,62,61,1,1
2023-06-02,Liga Profesional,4087214,Estudiantes,Barracas Central,0.5814711359404097,0.28910614525139666,0.12942271880819367,5,2,0,54,12,8,1,0,80,12,7,3,1,0,7,5,495,210,186,47,33,12,2,67,11,3,11,6,53,55,32,47,1,0,46,18,8,1,0,80,8,1,7,3,1,10,8,415,159,171,50,25,20,0,56,7,0,19,3,57,45,68,40,2,0
2023-06-03,Liga Profesional,4087150,Argentinos Juniors,Club Atletico Platense,0.5119236883942766,0.3322734499205087,0.15580286168521462,1,0,0,63,22,4,3,3,72,11,13,9,9,1,17,5,340,115,129,46,41,32,1,53,4,3,13,2,72,52,48,39,5,1,37,7,2,1,1,55,14,2,2,3,0,6,1,207,38,76,26,27,13,1,74,9,9,42,3,71,48,52,67,7,0
2023-06-03,Liga Profesional,4087161,Tigre,Talleres,0.3286219081272085,0.3276123170116103,0.3437657748611812,1,3,2,50,17,5,2,1,76,13,6,11,1,0,8,9,373,153,129,36,14,20,1,80,13,4,14,4,59,51,55,64,3,0,50,22,7,8,5,75,13,4,11,4,2,12,10,398,140,158,47,30,16,3,71,6,1,26,4,55,49,45,67,1,0
2023-06-03,Liga Profesional,4087210,Belgrano,Velez Sarsfield,0.4785425101214575,0.3497975708502024,0.17165991902834007,2,0,0,38,16,5,0,0,71,9,4,7,4,0,6,10,272,83,109,58,22,24,1,78,8,1,30,1,62,53,46,56,1,0,62,9,1,1,1,86,14,7,7,1,1,6,3,444,196,184,56,14,26,0,77,7,4,15,3,59,47,54,70,2,0
2023-06-03,Liga Profesional,4087167,Central Cordoba de Santiago,Huracan,0.41939120631341603,0.35851183765501693,0.22209695603156707,2,0,0,36,13,3,3,1,64,13,1,9,1,0,8,5,286,74,110,44,42,18,2,62,9,2,35,0,45,43,47,42,1,0,64,12,0,0,0,78,7,5,9,3,0,7,5,495,184,201,39,18,26,0,67,8,1,4,1,56,57,53,57,1,0
2023-06-03,Liga Profesional,4087213,Rosario Central,Instituto,0.6098294884653962,0.2858575727181545,0.10431293881644935,4,1,0,39,19,12,2,0,76,9,2,5,2,0,9,10,305,123,108,42,33,18,2,58,17,1,21,2,48,52,47,50,1,0,61,9,3,2,1,80,14,2,5,1,0,2,7,484,201,185,44,10,23,1,50,9,2,7,8,48,48,53,71,3,0
2023-06-04,Liga Profesional,4087212,Racing Club,Banfield,0.6028789161727349,0.2743437764606266,0.12277730736663844,2,0,0,63,11,4,3,2,79,17,1,5,2,0,7,4,509,218,186,48,15,22,1,59,8,2,20,2,50,48,44,58,3,0,37,15,3,2,2,72,16,5,10,2,0,10,5,281,96,105,41,36,19,3,60,7,2,19,2,57,52,56,61,3,0
2023-06-04,Liga Profesional,4087166,Union,Gimnasia LP,0.40298507462686567,0.3811710677382319,0.2158438576349024,2,0,0,45,11,6,2,0,69,16,6,4,1,0,6,5,286,90,107,38,6,25,0,50,9,1,26,1,62,45,43,60,4,0,55,9,1,1,1,74,8,8,6,2,0,6,3,345,115,140,47,23,35,0,64,8,1,24,4,77,55,57,62,3,0
2023-06-04,Liga Profesional,4087215,San Lorenzo,Colon,0.575107296137339,0.29871244635193134,0.12618025751072962,0,0,1,52,12,2,0,0,82,12,8,6,4,0,7,5,433,174,181,55,26,28,1,50,8,2,14,4,46,43,53,58,3,0,48,9,4,1,1,80,10,1,2,3,0,7,2,426,220,120,31,40,17,1,60,13,4,35,2,53,57,47,73,2,0
2023-06-04,Liga Profesional,4087164,Godoy Cruz,Independiente,0.4398148148148148,0.3314814814814815,0.22870370370370371,2,1,0,42,12,8,6,4,61,15,7,3,1,0,9,3,261,56,102,41,33,23,1,52,11,1,35,4,67,44,51,44,3,0,58,12,5,2,1,69,11,1,6,1,0,7,5,360,122,128,42,35,25,2,79,13,1,15,6,79,56,49,68,2,0
2023-06-05,Liga Profesional,4087163,Lanus,Atletico Tucuman,0.6156930126002291,0.2611683848797251,0.12313860252004583,2,1,0,43,30,8,4,2,76,12,10,11,11,0,18,12,391,157,141,58,42,21,0,58,17,4,21,4,65,49,70,57,1,0,57,13,5,0,0,80,9,5,4,4,0,5,8,529,200,223,54,21,20,1,50,8,11,22,6,54,51,30,55,1,0
2023-06-09,Liga Profesional,4087218,Barracas Central,Rosario Central,0.3159509202453988,0.3385387618516453,0.34551031790295594,0,0,1,50,7,2,0,0,64,12,9,3,2,0,4,3,285,77,105,33,14,46,0,77,5,2,12,2,52,48,29,56,1,0,50,7,2,0,0,65,8,2,3,2,0,3,4,309,78,123,50,23,14,2,80,15,2,44,2,74,52,71,43,4,0
2023-06-09,Liga Profesional,4087209,Independiente,Sarmiento,0.5062582345191041,0.32773386034255597,0.16600790513833993,2,0,0,56,15,4,1,0,74,12,10,4,7,0,4,11,412,122,183,37,20,23,0,50,9,0,28,0,60,48,37,41,0,0,44,3,0,1,1,65,15,4,3,0,0,3,0,309,109,91,41,29,23,0,74,7,7,30,2,77,52,63,38,2,1
2023-06-10,Liga Profesional,4087223,Club Atletico Platense,Tigre,0.34764685675025764,0.38921332875300585,0.2631398144967365,1,0,0,33,9,2,0,0,57,12,2,4,3,0,2,7,235,55,79,31,33,25,1,52,12,2,33,2,59,47,50,56,1,0,67,11,2,0,0,77,10,6,7,2,0,6,5,473,188,174,39,13,40,2,71,13,3,13,1,64,53,50,61,0,0
2023-06-10,Liga Profesional,4087221,Boca Juniors,Lanus,0.6098018211033744,0.27129084092126404,0.11890733797536154,1,1,1,71,13,5,2,1,87,10,6,4,4,0,8,5,665,313,267,57,16,28,1,65,7,0,13,3,63,57,46,67,2,0,29,9,4,0,0,71,15,4,5,0,0,4,5,264,113,75,43,31,22,2,74,10,4,23,4,52,43,54,38,5,0
2023-06-11,Liga Profesional,4087222,Talleres,Arsenal Sarandi,0.5682711198428291,0.3192534381139489,0.112475442043222,1,0,0,54,10,4,1,0,81,8,8,4,2,0,5,5,490,214,183,62,29,27,1,45,9,5,20,2,67,66,59,78,0,0,46,11,2,0,0,79,16,6,3,6,0,5,6,410,192,133,44,31,16,1,40,11,2,14,3,37,34,41,53,3,0
2023-06-12,Liga Profesional,4087208,Newell's Old Boys,Union,0.5730508844725922,0.3282376064642935,0.09871150906311421,1,1,1,63,11,3,2,1,86,6,7,4,4,2,6,5,550,239,236,61,24,20,1,75,10,0,8,1,50,53,59,40,1,0,37,5,2,1,0,75,13,2,3,0,0,3,2,320,145,95,29,14,18,0,56,4,4,20,2,41,47,41,47,3,0
2023-06-12,Liga Profesional,4087216,San Lorenzo,Central Cordoba de Santiago,0.5491315726861765,0.3428503449916726,0.10801808232215085,0,0,1,60,14,5,2,2,77,9,5,7,2,0,7,7,512,179,216,26,19,33,1,73,8,0,14,0,69,60,42,72,1,0,40,4,0,0,0,66,17,7,4,0,0,1,3,338,91,132,30,5,29,1,67,15,3,31,4,61,40,58,69,2,1
2023-06-12,Liga Profesional,4087226,Banfield,River Plate,0.19784238434814408,0.26001097092704334,0.5421466447248126,1,4,2,34,9,2,1,0,64,16,7,6,1,0,5,4,233,63,87,42,17,25,3,71,9,2,13,3,78,60,47,73,1,1,66,10,7,3,1,82,12,4,1,2,0,6,4,498,199,211,60,13,27,1,81,10,1,37,1,59,40,53,39,1,0
2023-06-13,Liga Profesional,4087219,Instituto,Racing Club,0.3073274839933602,0.3504861275788475,0.34218638842779225,1,1,1,35,16,2,4,3,64,11,4,9,5,1,10,6,288,73,112,41,25,17,1,70,14,3,18,5,59,53,67,58,3,0,65,15,7,4,3,81,11,5,6,2,1,8,7,540,237,199,63,14,15,0,64,6,5,16,1,46,47,33,50,2,0
2023-06-13,Liga Profesional,4087224,Velez Sarsfield,Argentinos Juniors,0.34280792420327305,0.347114556416882,0.31007751937984496,0,1,2,39,9,3,1,1,68,12,3,3,3,0,5,4,343,104,129,41,20,27,0,72,14,10,12,2,73,48,52,54,3,0,61,15,3,2,1,77,17,3,2,10,0,9,6,551,226,196,45,23,20,1,67,10,3,25,3,75,52,48,72,2,0
2023-06-13,Liga Profesional,4087217,Colon,Estudiantes,0.3179794851945036,0.339074898393652,0.3429456164118444,1,0,0,40,10,2,1,0,74,11,3,4,4,0,5,5,329,118,124,30,25,16,4,57,13,6,38,3,51,42,55,45,3,0,60,15,4,3,3,77,3,6,6,5,0,10,5,482,176,193,56,20,35,1,65,8,4,15,1,61,58,45,61,2,0
2023-06-13,Liga Profesional,4087225,Defensa y Justicia,Belgrano,0.504225352112676,0.3460093896713615,0.14976525821596245,2,0,0,48,18,9,1,0,82,9,6,8,1,0,7,11,430,207,146,57,23,16,3,77,15,0,29,7,51,52,48,56,2,0,52,16,7,1,1,81,6,5,9,0,0,11,5,433,186,166,60,39,22,2,62,9,1,11,7,49,48,52,57,0,0
2023-06-13,Liga Profesional,4087220,Atletico Tucuman,Godoy Cruz,0.4012361576100953,0.36621169199072884,0.2325521503991759,2,1,0,42,12,5,5,3,69,9,4,5,2,0,8,4,324,144,81,40,25,21,4,56,14,7,22,1,60,52,41,65,1,0,58,16,2,2,1,78,11,5,7,7,2,9,7,433,159,179,59,39,30,3,59,13,3,19,2,65,48,59,64,1,0
2023-06-13,Liga Profesional,4087192,Gimnasia LP,Huracan,0.4263456090651558,0.3951841359773371,0.17847025495750707,1,0,0,50,12,4,1,0,69,9,1,5,3,0,3,9,348,106,135,45,27,31,2,68,7,3,35,3,79,63,45,68,3,0,50,11,3,0,0,66,17,4,5,3,0,7,4,326,82,134,50,14,26,2,85,13,3,23,3,63,37,55,52,5,0
2023-06-17,Liga Profesional,4087143,Union,Lanus,0.329991153052197,0.34680035387791214,0.3232084930698909,1,1,1,48,10,3,2,1,73,14,7,4,3,0,4,6,391,158,129,47,18,24,2,62,11,4,26,0,70,58,31,56,3,0,52,9,1,1,0,76,14,2,4,4,0,5,4,441,161,175,47,36,19,3,60,16,3,28,1,69,42,69,45,3,0
2023-06-17,Liga Profesional,4087186,Racing Club,Velez Sarsfield,0.5740443302280758,0.30485062640539673,0.12110504336652747,2,1,0,52,11,4,2,0,78,17,3,3,4,0,7,4,385,140,160,42,31,21,1,71,5,2,25,5,59,43,49,53,2,0,48,13,7,2,2,79,16,3,5,1,0,9,4,345,126,145,50,35,20,3,63,9,4,12,2,74,57,51,63,2,0
2023-06-18,Liga Profesional,4200748,River Plate,Defensa y Justicia,,,,1,0,0,64,23,8,7,6,78,7,6,11,4,1,13,10,515,193,208,53,28,27,3,67,12,2,14,5,83,61,52,69,0,0,36,11,4,2,2,64,19,6,5,2,0,7,4,296,115,75,40,25,19,2,27,22,5,25,6,58,39,48,41,3,0
2023-06-21,Liga Profesional,4087206,Estudiantes,San Lorenzo,0.4749185667752443,0.35700325732899024,0.16807817589576549,1,1,1,63,11,3,1,1,85,11,3,5,3,0,5,6,585,231,264,44,27,20,1,36,3,0,10,4,57,53,46,59,2,0,37,8,5,1,0,78,17,3,3,0,0,5,3,339,152,111,58,31,19,3,60,16,3,21,2,56,47,54,55,6,0
2023-06-22,Liga Profesional,4087193,Central Cordoba de Santiago,Gimnasia LP,0.438470066518847,0.4024390243902439,0.1590909090909091,0,0,1,48,17,3,1,1,68,7,7,8,6,0,10,7,301,79,127,46,23,23,1,62,2,6,25,4,58,52,49,63,0,0,52,18,4,0,0,70,10,6,8,6,0,8,10,327,97,131,36,23,30,1,72,8,6,14,3,56,48,51,52,1,0
2023-06-22,Liga Profesional,4087200,Tigre,Velez Sarsfield,0.5011223344556678,0.36952861952861954,0.12934904601571268,2,1,0,55,19,4,3,2,74,7,5,12,3,1,9,10,448,169,164,33,35,30,2,69,10,7,13,3,65,51,49,56,1,0,45,13,4,2,1,67,11,6,2,7,0,9,4,368,122,124,38,39,22,1,76,15,3,19,3,65,49,51,79,0,0
2023-06-22,Liga Profesional,4087204,Racing Club,Barracas Central,0.5685688676426651,0.33074394980579624,0.10068718255153869,1,1,1,54,11,5,4,3,76,14,7,5,1,1,4,7,409,161,150,30,16,17,0,65,6,5,27,2,50,51,38,50,3,0,46,12,3,1,0,75,11,3,4,5,1,5,7,347,128,133,54,14,23,1,53,12,1,29,5,55,49,63,59,1,1
2023-06-22,Liga Profesional,4087203,River Plate,Instituto,0.6581926938688314,0.2542191839350566,0.08758812219611194,3,1,0,72,26,9,1,1,86,8,10,13,4,0,17,9,675,233,345,76,43,23,3,44,12,1,11,2,63,52,53,57,1,0,28,7,3,1,1,56,13,3,2,2,0,7,0,266,57,93,33,15,18,3,60,9,4,23,6,57,48,47,61,3,1
2023-06-23,Liga Profesional,4087197,Godoy Cruz,Boca Juniors,0.2279475982532751,0.26550218340611353,0.5065502183406113,4,0,0,27,14,6,4,1,68,13,3,4,4,0,7,7,244,66,101,40,36,15,1,76,10,3,20,2,49,47,50,59,2,0,73,8,2,0,0,87,4,3,3,3,0,3,5,661,345,232,66,11,17,2,86,8,3,15,2,54,53,50,64,1,0
2023-06-23,Liga Profesional,4087194,Huracan,Newell's Old Boys,0.30309845077461267,0.3078460769615192,0.38905547226386805,1,1,1,51,16,8,3,2,77,15,5,4,4,0,11,5,351,102,167,46,25,20,1,85,9,2,6,1,50,55,42,74,4,0,49,6,2,1,0,75,11,1,2,2,0,3,3,366,207,67,51,29,13,0,40,11,4,36,7,49,45,58,60,3,2
2023-06-24,Liga Profesional,4087201,Argentinos Juniors,Defensa y Justicia,0.4175856065002902,0.3392338943702844,0.2431804991294254,3,1,0,57,11,5,0,0,76,8,5,3,3,0,7,4,420,159,160,49,19,19,0,73,10,3,23,1,74,63,49,83,2,0,43,11,2,3,2,69,15,5,6,3,0,7,4,315,113,103,39,33,19,3,53,8,3,20,2,52,37,51,48,3,0
2023-06-24,Liga Profesional,4087195,Union,Independiente,0.3853092783505155,0.40914948453608246,0.20554123711340205,3,0,0,45,12,6,2,0,77,16,4,3,3,0,5,7,306,137,98,29,16,26,2,70,14,3,15,0,63,48,48,55,3,0,55,7,0,0,0,79,12,4,4,3,0,4,3,386,148,158,47,18,25,0,77,8,3,18,3,68,52,52,52,3,1
2023-06-24,Liga Profesional,4087198,Lanus,Talleres,0.37015437392795886,0.3759862778730703,0.2538593481989708,2,1,0,56,10,5,6,4,76,15,5,4,1,0,7,3,390,157,141,46,27,36,5,77,11,4,14,1,51,43,53,58,5,1,44,13,2,3,2,64,10,7,7,4,0,6,7,304,112,84,41,24,31,0,87,12,2,16,2,59,57,47,58,3,0
2023-06-25,Liga Profesional,4087199,Arsenal Sarandi,Club Atletico Platense,0.36960399571887265,0.39100963253656795,0.2393863717445594,0,2,2,59,7,2,0,0,75,8,4,4,1,0,5,2,466,153,196,44,35,28,6,67,11,2,17,2,69,54,47,61,2,0,41,10,4,4,2,63,13,5,4,2,0,8,2,331,111,97,31,20,30,1,74,8,1,20,2,65,46,53,61,3,0
2023-06-25,Liga Profesional,4087205,Rosario Central,Colon,0.5615321923390383,0.3133659331703341,0.12510187449062754,1,1,1,56,16,6,1,0,83,15,2,7,3,0,7,9,418,175,170,58,20,21,0,71,11,3,17,2,61,49,67,50,4,0,44,11,3,1,1,73,10,5,5,3,0,7,4,324,144,92,13,13,23,0,67,9,3,11,5,54,51,33,43,5,0
2023-06-25,Liga Profesional,4087196,Sarmiento,Atletico Tucuman,0.4230769230769231,0.38405797101449274,0.19286510590858416,4,1,0,31,20,6,1,1,64,9,7,9,5,0,10,10,239,59,94,38,35,18,3,55,10,5,20,3,38,39,44,63,2,0,69,17,4,1,0,83,7,3,8,5,0,5,12,556,216,246,41,15,26,2,43,6,5,17,2,55,61,56,88,3,0
2023-06-26,Liga Profesional,4087202,Belgrano,Banfield,0.5327712809355453,0.3263530051672559,0.1408757138971988,3,1,0,58,8,4,4,1,79,12,3,4,0,0,6,2,405,176,143,56,19,32,0,67,6,0,21,4,63,49,58,63,3,1,42,10,4,3,3,72,13,6,6,0,0,7,3,278,111,88,43,18,20,1,64,3,0,13,1,58,51,42,60,4,0
2023-06-30,Liga Profesional,4087252,Club Atletico Platense,Lanus,0.3301186943620178,0.353486646884273,0.3163946587537092,0,1,2,52,8,0,0,0,74,12,5,5,3,0,2,6,391,138,151,51,11,30,2,44,16,0,12,3,56,50,44,68,0,0,48,7,4,1,0,71,8,4,3,0,0,3,4,384,179,95,41,38,26,5,71,10,3,25,0,60,50,56,62,0,0
2023-07-01,Liga Profesional,4087255,Atletico Tucuman,Union,0.4433179723502304,0.371889400921659,0.1847926267281106,1,0,0,43,10,3,2,1,72,17,3,6,1,0,6,4,322,95,137,46,15,24,1,47,6,5,23,2,48,44,43,25,1,0,57,13,2,0,0,77,9,6,5,6,0,6,7,422,214,112,38,26,33,2,61,10,1,15,2,62,56,58,36,3,0
2023-07-01,Liga Profesional,4087251,Velez Sarsfield,Arsenal Sarandi,0.5352998065764023,0.3534816247582205,0.11121856866537717,1,0,0,70,6,1,2,1,85,11,3,4,1,0,4,2,486,228,184,58,21,28,5,62,5,2,15,3,43,47,43,25,0,0,30,8,4,2,2,61,11,5,3,1,1,6,2,209,64,63,35,36,21,1,75,14,1,14,0,52,53,57,42,3,0
2023-07-01,Liga Profesional,4087228,Barracas Central,River Plate,0.16771202617943823,0.25906735751295334,0.5732206163076083,2,1,0,34,6,5,2,1,51,16,5,0,1,0,4,2,248,58,68,35,21,23,2,55,23,5,28,1,77,54,60,55,3,0,66,13,3,1,0,74,10,4,5,5,0,9,4,482,159,196,46,19,35,1,64,5,1,16,3,61,46,40,29,2,0
2023-07-01,Liga Profesional,4087191,San Lorenzo,Rosario Central,0.5035211267605634,0.3397887323943662,0.15669014084507044,1,0,0,38,12,3,2,1,72,16,5,6,3,1,9,3,279,93,109,35,31,21,0,62,8,0,10,4,68,49,53,59,2,0,62,10,4,0,0,81,10,1,6,0,0,3,7,459,199,173,48,40,23,2,60,6,4,11,1,68,51,47,62,2,0
2023-07-01,Liga Profesional,4087207,Estudiantes,Central Cordoba de Santiago,0.5547533092659447,0.3345367027677497,0.11070998796630566,1,1,1,62,27,7,3,3,80,5,10,11,9,1,16,11,511,145,266,43,21,27,1,79,13,3,16,5,52,50,51,64,2,0,38,16,6,2,1,66,10,6,6,4,0,9,7,328,93,125,35,28,20,0,44,16,10,47,5,51,50,49,56,2,0
2023-07-02,Liga Profesional,4087253,Talleres,Godoy Cruz,0.5885509838998211,0.283840190816935,0.12760882528324388,1,1,1,53,17,6,3,3,73,13,5,8,3,1,9,8,361,135,129,51,27,28,0,82,7,1,17,4,64,54,48,71,1,0,47,19,5,1,0,73,13,6,13,1,1,10,9,316,129,101,40,36,22,4,68,23,3,23,5,57,46,52,56,3,0
2023-07-02,Liga Profesional,4087256,Independiente,Huracan,0.48484848484848486,0.37859110586383315,0.136560409287682,1,0,0,44,6,2,1,0,65,15,2,1,3,0,2,4,318,73,133,24,11,29,2,72,17,2,19,1,65,51,41,54,3,0,56,7,1,0,0,71,14,1,4,2,0,4,3,415,169,124,31,13,42,2,64,10,2,20,1,74,49,59,60,3,0
2023-07-02,Liga Profesional,4087227,Colon,Racing Club,0.32062600321027285,0.37680577849117175,0.3025682182985554,0,4,2,41,5,2,1,1,80,9,3,2,1,0,2,3,362,189,99,49,12,28,4,64,13,1,11,5,39,50,39,48,2,1,59,19,9,2,1,80,9,5,8,2,0,10,9,520,201,217,45,53,13,0,63,12,1,18,2,43,50,61,56,2,0
2023-07-02,Liga Profesional,4087229,Instituto,Belgrano,0.33350622406639,0.3407676348547718,0.3257261410788382,1,0,0,38,11,5,2,1,64,15,3,5,1,0,3,8,292,75,113,28,12,20,1,69,10,0,20,6,59,46,50,62,0,0,62,8,6,0,0,77,6,3,2,0,0,3,5,483,204,167,65,19,31,0,90,11,1,11,4,65,54,50,67,2,0
2023-07-02,Liga Profesional,4087230,Banfield,Argentinos Juniors,0.26071608673726676,0.3368633383761977,0.40242057488653554,1,0,0,28,15,5,2,2,55,13,4,7,3,0,11,4,235,56,73,39,35,20,0,77,13,4,24,1,59,53,52,63,3,0,72,9,2,2,2,81,9,4,4,3,0,5,4,605,301,191,44,23,28,0,58,11,5,23,2,53,47,48,67,2,0
2023-07-02,Liga Profesional,4087231,Defensa y Justicia,Tigre,0.542014742014742,0.33218673218673217,0.1257985257985258,1,0,0,42,13,5,0,0,71,4,1,4,4,1,4,9,319,103,123,33,0,26,2,58,6,2,30,8,42,44,40,48,2,0,58,18,8,0,0,78,11,10,8,2,0,9,9,416,137,189,53,11,28,1,54,7,3,11,4,56,56,60,50,2,0
2023-07-03,Liga Profesional,4087254,Boca Juniors,Sarmiento,0.6676065162907269,0.24686716791979949,0.08552631578947369,2,0,0,78,13,5,2,0,87,6,5,6,2,0,6,7,713,292,328,37,29,24,0,63,8,2,20,2,60,51,61,53,2,0,22,8,2,2,2,56,13,4,4,2,0,6,2,192,35,72,33,23,25,0,58,7,2,20,3,51,49,39,50,3,0
2023-07-03,Liga Profesional,4087257,Newell's Old Boys,Gimnasia LP,0.6094158674803836,0.2999128160418483,0.09067131647776809,2,2,1,64,17,6,3,2,79,15,5,7,4,0,8,9,471,231,141,33,47,24,2,50,10,3,13,3,68,65,58,84,3,0,36,12,5,3,2,63,13,6,4,3,0,7,5,256,54,108,43,20,23,1,75,9,3,14,4,39,35,42,31,4,0
2023-07-04,Liga Profesional,4087262,Lanus,Velez Sarsfield,0.5810897435897436,0.30673076923076925,0.11217948717948718,0,1,2,64,18,3,0,0,81,9,6,10,5,1,10,8,544,244,197,58,20,30,1,68,6,1,3,2,60,56,45,67,2,0,36,10,3,1,0,74,11,0,6,1,0,5,5,317,148,85,35,33,30,0,55,8,4,51,3,53,44,55,64,2,0
2023-07-05,Liga Profesional,4087263,Godoy Cruz,Club Atletico Platense,0.5341378215306446,0.3547157827881867,0.11114639568116863,2,1,0,49,13,4,2,1,73,11,4,5,4,0,7,6,339,110,136,54,35,20,1,32,11,3,21,5,74,46,47,47,3,0,51,14,6,2,2,71,13,7,5,3,0,9,5,339,123,116,40,25,20,2,63,3,4,20,2,85,54,53,53,4,0
2023-07-05,Liga Profesional,4087260,Tigre,Banfield,0.5066832452595585,0.3612060926328878,0.13211066210755362,1,2,2,69,23,8,0,0,80,13,8,8,7,1,8,15,476,150,229,57,19,35,0,67,7,2,19,0,64,49,47,63,1,1,31,8,2,2,1,53,7,1,4,2,2,7,1,221,53,65,23,11,33,0,52,10,6,44,7,69,51,53,44,4,0
2023-07-05,Liga Profesional,4087234,Rosario Central,Estudiantes,0.42454663212435234,0.3694948186528497,0.20595854922279794,0,0,1,52,17,4,2,2,77,14,7,6,7,0,10,7,337,114,144,64,22,22,3,45,7,5,13,4,80,55,61,61,0,0,48,16,4,2,2,75,15,4,7,5,0,8,8,323,112,129,40,24,24,2,77,10,5,25,4,60,45,39,55,3,0
2023-07-05,Liga Profesional,4087233,Racing Club,San Lorenzo,0.48081841432225064,0.33043478260869563,0.1887468030690537,1,1,1,46,6,2,1,0,81,9,2,4,0,0,5,1,350,139,146,40,30,13,4,74,5,5,15,2,51,55,56,69,4,1,54,18,3,2,1,87,12,3,10,5,0,13,5,399,125,222,57,28,19,0,75,4,0,8,1,42,45,44,54,4,1
2023-07-06,Liga Profesional,4087248,River Plate,Colon,0.6516703786191537,0.25590200445434297,0.09242761692650334,2,0,0,69,20,5,1,0,89,13,3,11,4,0,7,13,697,297,322,73,31,20,0,74,5,1,5,0,62,55,56,57,1,0,31,4,0,0,0,72,18,2,3,1,0,2,2,304,161,58,36,0,19,0,60,6,4,14,3,50,45,44,38,3,0
2023-07-06,Liga Profesional,4087261,Arsenal Sarandi,Defensa y Justicia,0.2601054481546573,0.3376851619382375,0.4022093899071052,1,2,2,42,12,2,1,0,66,13,4,7,3,1,8,4,317,114,94,38,33,24,2,64,11,6,24,5,41,42,44,38,1,0,58,21,7,1,0,78,11,6,7,7,0,8,13,455,171,183,51,14,30,1,83,16,3,18,1,55,58,56,77,1,0
2023-07-06,Liga Profesional,4087265,Union,Boca Juniors,0.20433493886624676,0.2754723971841423,0.520192663949611,0,0,1,51,21,6,1,1,81,14,8,8,7,0,10,11,400,166,156,48,27,26,3,61,6,2,8,0,53,49,50,50,1,0,49,4,0,0,0,83,15,2,2,2,0,2,2,399,184,146,41,10,19,1,45,12,7,25,6,54,51,50,55,4,1
2023-07-06,Liga Profesional,4087250,Argentinos Juniors,Instituto,0.572025633881304,0.3220952911674561,0.1058790749512399,0,0,1,70,18,3,0,0,81,10,10,9,6,0,8,10,565,195,263,56,22,22,0,92,4,3,14,4,66,57,47,65,1,0,30,8,4,1,1,55,15,5,1,3,0,6,2,238,34,98,41,24,18,3,63,6,6,35,3,59,43,53,46,4,0
2023-07-06,Liga Profesional,4087264,Sarmiento,Talleres,0.2360012654223347,0.33375514077823476,0.43024359379943056,0,1,2,42,15,4,0,0,64,15,9,6,5,0,7,8,290,69,117,55,21,33,3,78,14,1,17,4,71,47,67,58,3,0,58,10,5,1,0,78,9,5,4,1,0,6,4,445,134,212,54,14,29,1,41,12,5,35,4,59,53,33,59,4,0
2023-07-07,Liga Profesional,4087249,Belgrano,Barracas Central,0.5108379165318667,0.35037204788094467,0.1387900355871886,0,2,2,64,7,3,0,0,80,18,1,4,0,0,5,2,548,246,191,48,35,19,1,56,3,0,13,1,55,46,39,59,2,0,36,9,3,2,0,71,12,1,6,0,0,6,3,308,111,108,33,21,18,2,61,13,0,21,3,69,54,61,68,1,0
2023-07-07,Liga Profesional,4087266,Huracan,Atletico Tucuman,0.3893387314439946,0.3869770580296896,0.2236842105263158,0,1,2,61,19,7,3,3,77,14,3,11,1,2,15,4,513,173,222,44,29,46,2,50,5,1,9,1,62,42,39,45,1,0,39,6,2,0,0,66,13,1,3,1,0,1,5,341,110,115,50,10,25,0,61,6,1,30,7,89,58,61,60,3,0
2023-07-07,Liga Profesional,4087259,Gimnasia LP,Independiente,0.4379590258987244,0.33977580208735986,0.22226517201391574,1,1,1,56,10,6,2,1,71,16,2,1,3,0,7,3,419,168,131,45,25,21,2,63,11,1,19,0,82,44,60,41,3,1,44,7,1,0,0,60,17,6,5,1,0,4,3,329,100,98,34,14,28,1,61,13,3,18,5,84,56,40,64,2,0
2023-07-08,Liga Profesional,4087258,Central Cordoba de Santiago,Newell's Old Boys,0.2651201325600663,0.34134217067108535,0.39353769676884837,2,0,0,32,9,4,0,0,67,5,5,5,0,0,4,5,298,85,115,34,28,21,2,58,6,2,31,6,60,50,45,58,0,0,68,12,5,1,1,86,5,7,5,2,0,6,6,639,247,303,66,33,27,3,53,8,0,9,2,63,50,55,53,2,0
2023-07-08,Liga Profesional,4087236,Estudiantes,Racing Club,0.3897370653095844,0.3265479219677693,0.2837150127226463,0,0,1,47,9,2,0,0,70,8,3,5,2,0,6,3,378,135,130,48,39,27,4,79,13,2,11,1,52,56,50,50,2,0,53,6,1,0,0,75,16,3,3,2,0,1,5,434,191,133,27,38,30,2,81,11,2,22,2,44,44,50,46,4,0
2023-07-08,Liga Profesional,4087237,San Lorenzo,River Plate,0.21623277182235834,0.2667687595712098,0.5169984686064318,0,0,1,31,9,5,1,1,71,17,9,1,3,0,8,1,269,73,117,37,47,16,1,70,17,4,14,3,59,50,65,44,2,1,69,14,3,0,0,87,12,7,7,4,0,6,8,614,194,340,52,18,15,1,64,4,3,11,5,53,50,35,31,3,0
2023-07-09,Liga Profesional,4087244,Club Atletico Platense,Sarmiento,0.45268542199488493,0.4163682864450128,0.1309462915601023,1,0,0,58,8,3,1,1,70,12,7,4,1,0,5,3,418,122,171,36,24,18,1,62,10,0,21,1,66,46,48,64,1,0,42,7,1,0,0,64,7,1,6,0,0,4,3,308,116,81,35,25,26,5,55,6,1,27,2,74,54,52,69,1,0
2023-07-09,Liga Profesional,4087240,Instituto,Tigre,0.447468958930277,0.3667621776504298,0.18576886341929322,0,1,2,62,12,5,1,1,75,8,9,5,2,0,7,5,497,152,220,38,19,30,2,69,10,0,10,1,51,50,46,50,3,0,38,4,2,1,0,61,11,1,2,0,0,2,2,319,84,112,33,18,21,0,76,15,1,38,5,55,50,54,42,1,0
2023-07-09,Liga Profesional,4087243,Velez Sarsfield,Godoy Cruz,0.39316702819956617,0.34164859002169196,0.2651843817787419,1,1,1,50,12,5,1,0,72,8,8,6,1,0,8,4,315,114,112,39,14,30,2,54,14,0,3,1,78,57,62,50,2,0,50,4,2,1,0,72,17,1,2,0,0,2,2,335,151,89,45,38,31,3,71,1,1,29,4,56,43,38,53,6,1
2023-07-09,Liga Profesional,4087241,Banfield,Arsenal Sarandi,0.5534246575342465,0.32438356164383564,0.12219178082191781,0,0,1,50,11,1,0,0,68,8,3,7,3,0,7,4,337,89,139,44,14,37,1,67,9,1,18,4,72,61,59,43,2,0,50,8,4,1,1,67,15,3,3,1,0,6,2,357,144,95,34,25,30,1,64,6,3,39,1,48,39,41,32,3,0
2023-07-09,Liga Profesional,4087242,Defensa y Justicia,Lanus,0.5080435910742086,0.3487285936689154,0.14322781525687597,2,2,1,62,20,3,3,2,81,13,3,8,9,2,14,6,496,169,232,63,39,27,2,53,4,6,16,6,70,50,59,53,3,0,38,21,8,3,2,66,15,5,6,7,0,14,7,305,95,105,30,53,21,5,64,12,9,23,2,63,50,41,50,3,0
2023-07-10,Liga Profesional,4087239,Barracas Central,Argentinos Juniors,0.3252747252747253,0.3659340659340659,0.3087912087912088,0,0,1,44,11,1,1,1,67,9,2,7,3,0,4,7,386,138,119,38,0,18,2,58,7,2,13,2,56,61,50,64,0,0,56,5,2,0,0,73,16,6,1,2,0,3,2,478,207,140,36,12,24,3,55,9,3,23,1,44,39,50,33,1,0
2023-07-10,Liga Profesional,4087238,Colon,Belgrano,0.3811898824367652,0.3868899180619879,0.23192019950124687,0,0,1,59,12,3,0,0,82,12,5,7,2,0,6,6,494,242,161,60,19,27,3,73,9,2,23,3,52,44,48,41,1,0,41,10,3,1,1,70,17,5,5,2,0,6,4,336,98,137,50,23,17,2,65,6,2,21,3,64,56,52,76,2,0
2023-07-10,Liga Profesional,4087246,Boca Juniors,Huracan,0.673047304730473,0.24312431243124313,0.08382838283828382,1,0,0,61,12,8,5,4,85,9,6,3,1,1,11,1,507,226,203,51,12,27,0,85,5,3,15,1,62,49,60,61,4,0,39,7,1,0,0,77,14,2,3,3,0,5,2,325,142,107,40,38,15,3,58,12,1,22,7,61,51,40,67,1,1
2023-07-11,Liga Profesional,4087245,Talleres,Union,0.5803823252898778,0.2908179254152303,0.12879974929489188,0,0,1,59,19,5,3,3,82,13,4,13,1,0,11,8,449,125,243,61,20,25,4,45,7,2,12,3,64,53,47,48,3,0,41,7,3,1,1,71,18,5,2,2,0,4,3,311,130,91,24,23,13,0,70,13,1,20,5,61,47,53,58,6,0
2023-07-11,Liga Profesional,4087235,Rosario Central,Central Cordoba de Santiago,0.5345065562456867,0.34299516908212563,0.12249827467218771,2,0,0,36,13,5,5,4,66,14,4,7,1,0,8,5,272,90,90,38,20,23,2,63,20,3,34,3,46,41,47,40,6,0,64,13,3,0,0,76,9,7,7,3,0,6,7,462,184,169,57,15,34,3,53,13,1,8,4,60,59,53,61,4,0
2023-07-11,Liga Profesional,4087232,Independiente,Newell's Old Boys,0.4617821782178218,0.3287128712871287,0.2095049504950495,0,2,2,54,14,4,0,0,75,15,3,4,6,1,6,8,371,142,135,51,14,29,2,71,18,3,14,3,52,48,39,35,1,0,46,9,5,0,0,68,18,6,1,3,0,5,4,330,125,99,32,20,21,0,61,11,6,26,4,64,53,61,56,2,0
2023-07-12,Liga Profesional,4087247,Atletico Tucuman,Gimnasia LP,0.49402554594149156,0.3477544293366296,0.15822002472187885,2,0,0,40,13,6,5,4,66,11,7,6,1,0,7,6,290,82,110,43,27,17,1,59,13,4,38,2,60,48,48,33,3,0,60,13,2,1,1,76,8,7,7,4,1,9,4,431,155,174,49,36,27,1,50,14,1,15,5,65,52,53,43,3,0
2023-07-14,Liga Profesional,4087273,Godoy Cruz,Defensa y Justicia,0.4040219378427788,0.35612431444241316,0.23985374771480805,2,2,1,45,15,3,3,1,74,9,5,8,4,0,8,7,339,89,161,49,33,23,0,60,7,6,22,2,47,55,39,52,3,1,55,15,5,3,2,81,9,3,5,5,0,10,5,407,193,136,53,24,18,3,92,4,3,16,1,47,45,61,43,4,1
2023-07-14,Liga Profesional,4087272,Sarmiento,Velez Sarsfield,0.34538534728829684,0.38487155090390107,0.2697431018078021,1,1,1,39,4,1,1,0,61,13,4,1,2,0,2,2,304,83,103,27,25,29,3,63,16,4,25,3,62,51,46,79,1,0,61,19,4,2,1,76,7,14,11,4,1,10,9,487,184,187,35,19,23,2,67,6,2,28,0,65,49,54,60,3,0
2023-07-15,Liga Profesional,4087270,Huracan,Talleres,0.26754716981132076,0.3049056603773585,0.42754716981132074,0,1,2,47,6,1,0,0,75,13,5,1,4,0,3,3,386,156,135,50,29,29,0,62,16,4,22,2,72,48,66,52,3,0,53,15,3,1,0,79,10,4,8,4,0,7,8,442,185,166,58,8,28,1,75,8,3,21,1,66,52,34,58,3,0
2023-07-15,Liga Profesional,4087271,Union,Club Atletico Platense,0.4126702190645352,0.3753700414446418,0.21195973949082297,0,0,1,60,11,3,1,1,75,11,5,6,2,1,8,3,444,186,146,50,26,35,2,59,7,1,23,3,71,57,39,61,1,0,40,5,3,0,0,65,12,2,1,1,0,3,2,302,70,127,39,45,21,0,50,12,2,34,3,64,43,61,50,2,0
2023-07-15,Liga Profesional,4087296,Racing Club,Rosario Central,0.5050293378038558,0.3336127409891031,0.16135792120704107,1,1,1,59,19,6,4,3,78,12,6,8,5,1,11,8,465,182,180,49,27,21,2,55,14,3,18,3,49,51,50,54,0,0,41,19,4,4,3,66,17,1,12,3,2,9,10,309,97,106,48,29,21,0,53,9,5,18,5,48,49,50,85,3,0
2023-07-15,Liga Profesional,4087295,River Plate,Estudiantes,0.6736751152073732,0.2266705069124424,0.09965437788018433,3,1,0,58,12,6,3,1,86,7,2,3,3,0,7,5,561,310,174,67,20,13,0,57,9,12,26,1,64,61,35,57,1,0,42,22,2,1,0,79,14,8,8,12,0,12,10,379,144,156,42,20,24,0,58,9,3,13,3,55,39,65,44,2,0
2023-07-16,Liga Profesional,4087294,Belgrano,San Lorenzo,0.3211881188118812,0.32831683168316833,0.3504950495049505,0,1,2,65,18,9,1,1,81,11,9,6,3,1,9,9,432,151,197,57,17,19,5,72,11,0,14,0,69,56,51,63,2,0,35,2,1,0,0,67,17,4,1,0,0,1,1,245,99,64,32,17,31,3,43,9,3,34,9,58,44,49,55,2,1
2023-07-16,Liga Profesional,4087269,Gimnasia LP,Boca Juniors,0.1870544625035643,0.2660393498716852,0.5469061876247505,1,3,2,37,19,6,2,1,67,18,11,10,3,0,11,8,244,67,96,43,23,13,0,67,10,2,14,2,61,58,32,52,3,0,63,9,5,3,1,80,12,4,2,2,0,7,2,451,170,190,47,36,16,2,60,9,3,20,5,60,42,68,32,4,0
2023-07-16,Liga Profesional,4087290,Lanus,Banfield,0.5644018340975406,0.30220925385577324,0.13338891204668613,2,2,1,70,21,6,0,0,79,7,5,8,7,0,8,13,451,181,175,56,27,26,0,67,5,2,20,1,72,58,40,59,2,0,30,7,3,0,0,54,17,3,2,2,0,0,7,192,44,59,33,18,23,1,57,7,8,36,4,71,42,60,40,3,0
2023-07-17,Liga Profesional,4087293,Argentinos Juniors,Colon,0.5417242969110189,0.3268787459658829,0.1313969571230982,1,0,0,60,15,6,2,1,81,13,4,8,1,1,7,8,529,245,184,58,20,23,1,67,6,2,18,4,75,61,55,68,0,0,40,7,4,2,2,66,15,4,0,3,0,4,3,336,141,80,30,8,24,1,65,14,1,16,5,52,39,45,36,0,0
2023-07-17,Liga Profesional,4087267,Central Cordoba de Santiago,Independiente,0.41129883843717,0.36272439281942975,0.22597676874340022,0,1,2,60,8,2,0,0,75,9,4,3,3,0,3,5,507,213,168,41,17,28,2,68,8,2,12,1,79,58,46,58,3,0,40,9,2,2,1,64,12,2,5,2,0,6,3,339,108,110,29,36,35,2,60,5,3,15,2,68,42,54,38,2,1
2023-07-17,Liga Profesional,4087291,Arsenal Sarandi,Instituto,0.33826794966691337,0.39193190229459657,0.26980014803849,0,2,2,50,4,2,0,0,63,10,4,1,1,0,1,3,407,138,120,42,6,38,1,91,13,1,20,1,58,46,52,54,2,0,50,7,3,2,0,62,9,2,3,1,0,3,4,408,114,140,39,13,32,1,62,7,1,21,2,61,54,48,57,1,0
2023-07-17,Liga Profesional,4087292,Tigre,Barracas Central,0.4634587554269175,0.36396526772793053,0.17257597684515194,0,1,2,60,15,3,4,4,76,12,3,10,2,1,6,9,511,180,206,33,23,19,2,68,11,1,15,2,63,53,52,53,1,0,40,8,3,0,0,65,14,3,3,2,0,3,5,327,122,91,31,0,17,3,68,17,2,25,3,57,47,48,40,1,0
2023-07-17,Liga Profesional,4087268,Newell's Old Boys,Atletico Tucuman,0.5268970431065194,0.3167082294264339,0.15639472746704666,0,0,1,70,14,5,3,3,84,11,7,6,3,0,9,5,588,289,205,55,34,14,2,80,9,1,7,3,54,56,51,58,4,0,30,11,3,2,2,66,14,1,7,1,0,5,6,251,77,89,37,40,19,1,53,9,2,30,5,45,44,49,29,3,0
2023-07-22,Liga Profesional,4087300,San Lorenzo,Argentinos Juniors,0.5642377756471716,0.2972195589645254,0.13854266538830298,0,2,2,47,13,2,2,2,84,15,2,8,3,2,8,5,424,174,184,49,24,19,2,59,3,0,14,5,61,53,50,65,1,1,53,9,7,1,0,87,15,4,2,0,0,7,2,492,250,176,45,50,16,1,53,7,2,16,2,55,47,50,61,4,0
2023-07-22,Liga Profesional,4087299,Estudiantes,Belgrano,0.530826140567201,0.3242909987669544,0.14488286066584463,4,0,0,62,19,10,6,4,86,16,6,7,2,1,12,7,526,216,234,68,32,13,0,70,7,1,15,0,58,53,64,54,1,0,38,4,0,1,1,77,11,1,3,1,0,3,1,325,142,108,50,15,24,1,67,12,2,21,6,47,47,36,56,1,1
2023-07-22,Liga Profesional,4087275,Club Atletico Platense,Huracan,0.5224839400428265,0.3147751605995717,0.16274089935760172,0,1,2,53,8,3,0,0,65,7,4,5,0,0,4,4,385,121,130,43,7,31,0,67,11,5,13,2,58,53,53,53,1,0,47,11,3,2,1,61,12,2,3,5,0,6,5,350,121,94,35,22,42,0,57,17,0,19,3,52,47,48,42,1,0
2023-07-23,Liga Profesional,4087278,Atletico Tucuman,Independiente,0.48451730418943534,0.3132969034608379,0.20218579234972678,1,0,0,39,5,2,1,0,59,13,2,1,2,0,3,2,261,80,75,38,38,21,1,74,13,6,32,5,55,45,59,50,6,1,61,16,5,0,0,73,9,6,5,6,0,9,7,394,168,120,34,16,26,1,73,10,2,10,1,56,55,41,54,5,0
2023-07-23,Liga Profesional,4087287,Defensa y Justicia,Sarmiento,0.6301452784503632,0.27663438256658596,0.09322033898305085,3,0,0,64,21,12,2,1,85,5,10,5,4,0,9,12,586,247,251,68,29,14,2,50,13,0,16,0,56,62,76,79,0,0,36,3,0,0,0,70,11,2,3,0,0,3,0,320,147,76,36,11,24,3,33,9,4,29,9,29,38,24,75,1,1
2023-07-24,Liga Profesional,4087298,Rosario Central,River Plate,0.21943462897526503,0.21943462897526503,0.56113074204947,3,3,1,35,16,5,2,0,72,13,4,8,3,1,10,6,257,89,96,54,26,20,0,61,21,2,28,5,55,46,61,50,5,0,65,17,8,4,2,80,10,9,7,2,0,14,3,486,220,167,53,32,30,2,86,7,3,21,2,55,54,39,71,3,0
2023-07-24,Liga Profesional,4087276,Talleres,Gimnasia LP,0.5939102564102564,0.30096153846153845,0.10512820512820513,2,2,1,60,17,4,2,1,82,14,6,7,6,0,9,8,522,228,202,58,25,21,1,63,0,8,32,5,60,49,60,54,3,0,40,22,7,4,2,74,8,7,5,10,2,8,14,332,138,108,41,25,24,1,57,6,6,22,2,55,51,40,45,1,0
2023-07-24,Liga Profesional,4087274,Velez Sarsfield,Union,0.4983883964544722,0.36261079774375504,0.13900080580177276,0,0,1,50,5,0,0,0,72,14,3,1,4,0,4,1,383,144,132,54,19,25,0,74,18,2,20,1,81,49,67,58,2,0,50,7,1,1,1,70,16,6,4,2,0,4,3,375,162,100,35,32,28,0,63,14,4,19,0,71,51,33,56,2,0
2023-07-24,Liga Profesional,4087288,Banfield,Godoy Cruz,0.40321346595256313,0.3634276970160673,0.23335883703136956,2,0,0,35,10,5,3,1,55,15,5,5,0,0,7,3,208,57,58,32,29,21,3,66,8,1,36,2,93,57,59,60,1,0,65,10,2,0,0,75,21,5,7,1,0,2,8,385,143,146,52,5,30,0,65,8,0,24,3,69,43,41,50,5,0
2023-07-24,Liga Profesional,4087297,Racing Club,Central Cordoba de Santiago,0.5951911706740244,0.30981474182104846,0.09499408750492708,3,1,0,62,14,6,5,3,78,16,6,5,3,1,11,3,491,187,196,48,22,21,1,85,5,0,19,7,50,48,43,58,0,0,38,15,8,2,1,63,16,4,7,0,0,12,3,284,72,106,43,33,24,4,86,5,1,14,3,56,52,57,88,3,0
2023-07-24,Liga Profesional,4087277,Boca Juniors,Newell's Old Boys,0.6594219653179191,0.22566473988439306,0.11491329479768786,2,1,0,44,7,2,1,0,73,19,2,2,3,0,3,4,353,151,108,40,29,23,1,63,17,2,8,3,51,49,50,72,5,0,56,6,4,0,0,79,14,1,0,2,0,0,6,465,256,112,47,38,29,1,75,18,3,7,0,52,51,50,50,3,0
2023-07-25,Liga Profesional,4087302,Barracas Central,Arsenal Sarandi,0.5777460770328102,0.3181169757489301,0.10413694721825963,0,0,1,58,12,5,3,3,76,5,5,2,5,1,9,3,511,210,176,47,28,26,1,67,16,2,21,7,79,47,43,34,0,0,42,14,7,1,1,64,16,4,5,2,0,5,9,365,86,149,39,11,21,2,64,20,5,26,5,93,53,57,66,2,0
2023-07-25,Liga Profesional,4087301,Colon,Tigre,0.39744245524296673,0.3728900255754476,0.22966751918158568,1,3,2,52,12,5,3,2,76,8,3,4,3,0,8,4,437,200,132,43,36,25,3,69,13,3,12,4,46,48,37,55,0,0,48,17,7,2,0,73,8,5,7,3,0,10,7,403,101,195,44,31,23,1,45,7,3,24,4,57,52,63,45,1,0
2023-07-25,Liga Profesional,4087289,Instituto,Lanus,0.30828025477707005,0.33673036093418257,0.3549893842887473,2,1,0,41,9,5,2,2,70,10,4,3,1,0,5,4,304,67,145,32,19,24,1,50,8,3,13,3,56,53,38,50,2,0,59,11,4,0,0,77,12,3,4,3,0,6,5,464,206,152,44,38,26,0,43,9,2,22,2,62,47,62,50,2,1
2023-07-28,Liga Profesional,4087306,Argentinos Juniors,Estudiantes,0.5094117647058823,0.32588235294117646,0.16470588235294117,2,3,2,61,18,6,3,1,81,11,6,7,5,2,13,5,453,209,158,59,19,12,2,67,1,3,9,2,60,53,50,65,3,0,39,11,5,2,0,64,18,5,3,3,0,8,3,287,93,91,31,33,24,2,53,8,6,25,3,55,47,50,45,4,0
2023-07-28,Liga Profesional,4087284,Union,Defensa y Justicia,0.28683181225554105,0.30812690134724036,0.4050412863972186,2,0,0,47,15,5,2,1,72,12,7,7,3,0,10,5,356,151,107,49,32,32,1,66,7,0,10,1,75,62,69,63,1,0,53,2,1,0,0,75,17,2,1,0,0,1,1,405,205,100,38,0,24,0,72,7,3,32,3,43,38,31,33,3,0
2023-07-28,Liga Profesional,4087305,Belgrano,Rosario Central,0.3315508021390374,0.3150218765192027,0.35342732134175986,0,0,1,50,12,2,0,0,82,12,3,10,0,0,7,5,331,110,160,68,17,42,4,83,13,1,17,1,64,55,48,43,2,0,50,4,1,0,0,77,11,5,2,1,0,4,0,356,152,123,51,23,17,0,68,16,0,38,2,58,45,52,32,1,0
2023-07-28,Liga Profesional,4087281,Newell's Old Boys,Talleres,0.3255411255411255,0.2956709956709957,0.3787878787878788,1,1,1,63,17,4,3,2,82,15,7,11,2,2,13,4,456,210,164,48,33,15,1,71,12,6,10,0,62,57,52,67,1,1,37,8,1,0,0,69,13,3,1,6,0,5,3,277,118,72,42,22,21,1,56,6,2,23,3,50,43,48,33,1,1
2023-07-29,Liga Profesional,4087304,River Plate,Racing Club,0.6442654818106082,0.2349347403499028,0.12079977783948903,2,1,0,64,18,6,4,2,88,15,7,9,3,1,11,7,608,263,271,78,29,16,4,59,12,1,18,3,64,55,65,65,1,0,36,8,4,0,0,74,16,5,3,1,0,4,4,328,109,134,31,25,23,0,53,10,3,12,4,49,45,35,54,1,1
2023-07-29,Liga Profesional,4087279,Central Cordoba de Santiago,Atletico Tucuman,0.37461059190031154,0.34579439252336447,0.279595015576324,0,2,2,56,8,3,0,0,73,9,3,4,1,0,2,6,399,147,146,36,14,24,1,55,13,3,16,3,62,48,43,42,1,0,44,13,5,2,1,66,12,1,5,3,0,5,8,330,78,140,36,14,28,1,64,10,1,15,3,73,52,57,37,1,0
2023-07-29,Liga Profesional,4087285,Sarmiento,Banfield,0.3014996053670087,0.3717442778216259,0.3267561168113654,0,0,1,49,12,2,1,1,65,18,0,7,3,1,7,5,356,102,130,50,55,22,0,57,2,3,29,1,81,53,59,78,1,0,51,9,2,0,0,70,11,4,5,2,0,5,4,349,103,140,37,8,24,0,80,4,3,12,2,66,47,41,50,3,0
2023-07-29,Liga Profesional,4087280,Independiente,Boca Juniors,0.193499849533554,0.21486608486307554,0.5916340656033704,0,2,2,39,12,5,2,2,68,18,5,4,3,0,10,2,263,66,112,23,22,12,0,53,15,1,9,0,65,52,52,55,5,0,61,4,2,1,0,77,12,4,1,1,0,4,0,429,230,102,46,44,21,2,50,6,3,9,5,60,48,48,45,2,0
2023-07-29,Liga Profesional,4087307,Tigre,San Lorenzo,0.3636890951276102,0.3114849187935035,0.3248259860788863,2,0,0,69,17,9,3,2,88,11,3,3,5,0,8,9,535,190,283,66,22,23,2,71,8,0,8,3,58,54,35,55,0,0,31,5,3,0,0,72,12,1,2,0,0,4,1,248,92,87,46,33,16,1,75,13,6,24,6,59,46,65,47,1,1
2023-07-30,Liga Profesional,4087308,Arsenal Sarandi,Colon,0.3709219858156028,0.40283687943262414,0.22624113475177304,2,0,0,39,23,5,4,3,66,18,7,13,5,1,18,5,326,107,107,34,43,17,4,65,11,5,40,3,62,44,55,36,2,0,61,14,4,1,1,73,10,7,6,4,0,7,7,515,198,179,40,18,21,1,56,9,5,17,4,69,56,45,50,3,0
2023-07-30,Liga Profesional,4087303,Lanus,Barracas Central,0.5286666666666666,0.3546666666666667,0.11666666666666667,2,0,0,44,9,5,4,2,76,20,5,1,3,0,6,3,362,168,108,44,21,12,5,57,9,2,26,1,67,57,61,75,2,0,56,9,1,0,0,75,16,8,6,2,0,3,6,449,167,171,38,25,28,0,80,6,4,10,2,48,43,39,44,2,0
2023-07-30,Liga Profesional,4087282,Gimnasia LP,Club Atletico Platense,0.4773662551440329,0.3588477366255144,0.16378600823045267,1,1,1,45,16,4,3,2,59,12,4,6,6,0,9,7,301,66,112,45,29,31,4,88,7,2,24,2,62,52,48,48,2,0,55,13,4,3,2,64,12,2,8,1,0,10,3,368,115,122,38,19,30,1,59,6,5,26,3,61,48,52,56,1,1
2023-07-30,Liga Profesional,4087283,Huracan,Velez Sarsfield,0.40029651593773163,0.35952557449962935,0.24017790956263899,1,0,0,48,6,5,1,0,69,15,2,1,0,0,4,2,340,128,105,43,17,33,2,59,12,1,14,0,76,50,47,48,2,0,52,3,0,0,0,73,16,1,2,1,0,1,2,393,143,145,36,14,32,1,67,10,0,21,4,80,50,53,69,3,0
2023-07-30,Liga Profesional,4087286,Godoy Cruz,Instituto,0.5539518900343643,0.2907216494845361,0.15532646048109966,4,2,0,46,22,11,0,0,76,4,5,6,5,0,10,12,349,141,124,48,32,25,2,50,7,4,19,1,56,47,58,55,2,0,54,9,3,4,2,70,10,5,2,4,0,6,3,411,111,176,47,24,31,4,74,5,5,16,8,51,53,42,50,2,0
