match_date,league_name,matchid,home_team,away_team,home_probability_win,draw_probability,away_probability_win,home_goals,away_goals,ftr,home_ball_possession,home_total_shots,home_shots_on_target,home_big_chances,home_big_misses,home_accurate_passes,home_fouls_commited,home_corners,home_shots_off_target,home_blocked_shots,home_hit_woodwork,home_shots_inside_box,home_shots_outside_box,home_passes,home_own_half,home_opposition_half,home_accurate_long_balls,home_accurate_crosses,home_throws,home_offsides,home_tackles_won,home_interceptions,home_blocks,home_clearances,home_keeper_save,home_duels_won,home_geround_duels_won,home_aerial_duels_won,home_successful_dribbles,home_yellow_cards,home_red_cards,away_ball_possession,away_total_shots,away_shots_on_target,away_big_chances,away_big_misses,away_accurate_passes,away_fouls_commited,away_corners,away_shots_off_target,away_blocked_shots,away_hit_woodwork,away_shots_inside_box,away_shots_outside_box,away_passes,away_own_half,away_opposition_half,away_accurate_long_balls,away_axxurate_crosses,away_throws,away_offsides,away_tackles_won,away_interceptions,away_blocks,away_clearances,away_keeper_save,away_duels_won,away_geround_duels_won,away_aerial_duels_won,away_successful_dribbles,away_yellow_cards,away_red_cards
2017-08-04,Championship,2529190,Nottingham Forest,Millwall,,,,1,0,0,68,11,2,0,0,86,13,5,5,4,0,0,0,583,254,247,54,22,23,4,45,4,4,44,6,68,51,48,75,0,0,32,23,6,5,5,64,15,4,13,4,1,0,0,260,60,107,36,35,19,3,71,17,4,18,1,69,49,52,75,1,0
2017-08-04,Championship,2529185,Sunderland,Derby County,,,,1,1,1,46,20,4,2,1,64,12,6,11,5,1,0,0,310,72,127,31,32,24,0,68,12,3,39,2,57,57,43,47,1,0,54,11,4,3,2,70,11,7,5,2,0,0,0,378,126,137,47,24,34,1,67,11,5,33,2,56,43,57,27,0,0
2017-08-05,Championship,2529186,Bristol City,Barnsley,,,,3,1,0,58,20,11,4,1,74,14,3,6,3,0,0,0,447,133,197,45,13,29,2,72,11,1,26,4,56,57,39,69,1,0,42,10,5,0,0,65,9,2,4,1,1,0,0,319,110,97,28,15,18,3,58,14,3,24,8,57,43,61,33,2,0
2017-08-05,Championship,2529187,Burton Albion,Cardiff City,,,,0,1,2,53,3,0,1,1,63,13,4,1,2,0,0,0,355,84,138,28,0,21,1,71,12,6,38,6,54,50,37,60,1,0,47,17,6,0,0,63,15,6,5,6,0,0,0,320,88,112,27,19,32,1,71,13,2,33,0,70,50,63,67,0,0
2017-08-05,Championship,2529188,Fulham,Norwich City,,,,1,1,1,49,16,3,1,1,83,12,7,9,4,1,0,0,498,206,207,52,33,13,4,40,11,3,16,4,46,53,48,58,3,0,51,19,5,2,1,87,10,1,11,3,0,0,0,533,215,247,66,7,19,3,67,12,4,21,3,43,47,52,47,2,0
2017-08-05,Championship,2529189,Ipswich Town,Birmingham City,,,,1,0,0,56,7,2,0,0,71,11,8,5,0,0,8,4,388,0,157,24,0,27,1,74,17,0,37,3,54,56,31,57,0,0,44,11,3,0,0,63,14,2,8,0,0,8,5,315,0,127,48,0,32,2,73,8,0,25,1,70,44,69,40,0,0
2017-08-05,Championship,2529191,Preston North End,Sheffield Wednesday,,,,1,0,0,58,8,3,0,0,68,17,6,5,0,1,8,3,344,0,147,37,0,27,1,89,17,0,43,1,65,50,50,85,0,0,42,5,1,0,0,56,18,3,4,0,0,3,3,264,0,70,32,0,9,2,64,12,0,56,2,65,50,50,50,0,0
2017-08-05,Championship,2529192,Queens Park Rangers,Reading,,,,2,0,0,53,11,4,3,1,75,17,10,7,0,1,0,0,362,141,131,52,17,31,2,70,17,1,22,2,54,37,60,22,1,0,47,4,2,0,0,66,12,1,1,1,0,0,0,338,137,85,33,20,23,2,86,9,0,34,2,61,63,40,29,2,1
2017-08-05,Championship,2529193,Sheffield United,Brentford,,,,1,0,0,41,9,2,1,0,64,6,6,4,3,2,0,0,360,92,140,28,11,35,8,68,15,2,18,5,55,57,52,55,0,0,59,13,5,3,3,76,9,3,6,2,1,0,0,524,235,165,43,14,17,1,77,14,3,26,1,44,43,48,63,0,0
2017-08-05,Championship,2529194,Wolverhampton Wanderers,Middlesbrough,,,,1,0,0,48,10,2,1,0,77,14,4,5,3,0,0,0,413,139,179,45,19,31,3,60,16,0,26,2,67,56,45,60,1,0,52,5,2,2,2,80,13,4,3,0,0,0,0,451,187,176,49,8,33,2,93,15,3,25,1,59,44,55,57,2,0
2017-08-05,Championship,2529195,Aston Villa,Hull City,,,,1,1,1,51,10,5,0,0,70,13,5,5,0,0,11,1,382,0,156,39,0,25,3,64,9,0,41,4,66,51,62,70,0,0,49,7,5,0,0,70,11,3,2,0,0,7,7,390,0,122,30,0,11,1,77,18,0,35,4,52,49,38,46,0,0
2017-08-06,Championship,2529196,Bolton Wanderers,Leeds United,,,,2,3,2,48,10,4,2,0,71,10,6,4,2,0,7,3,408,121,167,62,29,24,0,67,2,3,27,2,70,48,70,35,1,0,52,12,5,4,2,82,14,8,4,3,1,6,6,447,195,173,44,12,19,3,74,15,2,57,2,50,52,30,55,0,0
2017-08-12,Championship,2529197,Barnsley,Ipswich Town,,,,1,2,2,50,25,10,3,2,69,11,11,7,8,0,19,6,333,92,139,36,47,26,2,89,6,3,40,0,57,52,51,50,1,0,50,9,2,0,0,69,14,7,4,3,0,5,4,330,106,122,37,26,31,0,61,8,9,52,8,53,48,49,18,2,0
2017-08-12,Championship,2529198,Birmingham City,Bristol City,,,,2,1,0,39,18,8,0,0,66,15,2,5,5,0,8,10,301,88,110,33,19,24,2,62,9,11,38,2,68,49,58,50,1,1,61,25,3,3,2,77,15,10,11,11,2,12,13,463,159,199,34,30,19,1,71,10,6,48,5,61,51,42,44,2,0
2017-08-12,Championship,2529199,Brentford,Nottingham Forest,,,,3,4,2,57,20,9,2,1,77,11,12,7,4,1,10,10,488,172,205,50,14,31,3,79,13,0,16,2,53,47,49,44,1,0,43,13,6,3,2,71,13,3,7,0,1,9,4,373,158,105,31,14,12,3,65,18,4,41,6,58,53,51,65,3,0
2017-08-12,Championship,2529200,Cardiff City,Aston Villa,,,,3,0,0,35,14,12,0,0,59,9,4,2,0,0,12,3,234,0,93,27,0,16,0,67,15,0,49,1,68,55,56,77,0,0,65,5,1,0,0,76,9,7,4,0,1,6,4,432,0,180,29,0,27,1,82,3,0,28,8,55,45,44,81,0,0
2017-08-12,Championship,2529201,Derby County,Wolverhampton Wanderers,,,,0,2,2,52,13,3,0,0,79,6,10,8,2,0,7,6,506,180,222,64,26,30,0,69,10,2,22,1,60,56,67,50,0,0,48,12,3,3,2,77,10,5,7,2,0,8,4,467,192,167,42,41,21,0,73,16,2,29,3,38,44,33,60,0,0
2017-08-12,Championship,2529202,Hull City,Burton Albion,,,,4,1,0,56,27,11,5,3,83,13,5,11,5,1,18,9,560,255,207,49,42,19,3,71,12,0,14,1,61,55,57,57,2,0,44,6,2,0,0,76,6,2,4,0,0,3,3,425,142,179,38,22,24,1,80,23,4,26,7,48,45,43,60,1,1
2017-08-12,Championship,2529203,Leeds United,Preston North End,,,,0,0,1,63,12,4,2,2,77,14,6,5,3,0,8,4,444,134,206,48,26,28,2,76,8,4,18,1,59,49,46,35,1,0,37,10,1,2,2,62,14,4,5,4,0,5,5,266,64,100,35,29,28,3,74,13,3,37,4,62,51,54,67,1,1
2017-08-12,Championship,2529205,Millwall,Bolton Wanderers,,,,1,1,1,53,14,8,0,0,69,14,4,2,4,0,6,8,409,133,148,37,17,26,2,73,11,0,30,1,74,58,54,75,2,0,47,5,2,0,0,64,16,0,3,0,0,1,4,373,127,113,33,20,18,0,67,5,4,57,6,58,42,46,29,3,0
2017-08-12,Championship,2529207,Reading,Fulham,,,,1,1,1,71,23,6,2,2,89,18,9,11,6,0,11,12,655,164,418,72,29,18,2,44,6,2,8,2,44,53,47,76,2,0,29,6,3,0,0,75,7,3,1,2,0,2,4,269,118,83,31,0,12,3,67,6,5,34,5,41,47,53,46,1,1
2017-08-12,Championship,2529208,Sheffield Wednesday,Queens Park Rangers,,,,1,1,1,49,10,4,0,0,76,10,4,6,0,0,11,3,352,0,157,52,0,18,3,71,9,0,38,3,45,48,42,50,0,0,51,8,4,0,0,73,16,1,4,0,0,7,3,372,0,157,33,0,26,4,80,17,0,18,2,54,52,58,70,0,0
2017-08-12,Championship,2529204,Middlesbrough,Sheffield United,,,,1,0,0,50,15,2,1,1,79,19,4,7,6,1,8,7,458,196,167,45,38,27,5,56,7,2,13,3,56,44,51,38,1,0,50,7,3,0,0,77,11,3,2,2,0,3,4,468,172,190,39,15,24,2,76,11,6,15,1,64,56,49,36,1,0
2017-08-13,Championship,2529206,Norwich City,Sunderland,,,,1,3,2,71,14,3,2,2,86,16,13,8,3,1,8,6,650,264,298,57,28,22,1,85,13,1,15,2,56,47,45,71,0,0,29,9,5,3,1,66,18,1,3,1,0,7,2,261,64,107,33,18,19,1,75,25,3,36,3,64,53,55,58,1,0
2017-08-15,Championship,2529209,Barnsley,Nottingham Forest,,,,2,1,0,38,13,6,0,0,73,13,2,5,2,0,7,6,358,123,139,35,21,27,0,43,16,7,31,6,53,47,52,65,2,0,62,26,7,2,1,83,9,9,12,7,1,16,10,580,258,223,57,24,24,0,67,7,2,26,3,57,53,48,82,1,0
2017-08-15,Championship,2529210,Birmingham City,Bolton Wanderers,,,,0,0,1,53,7,0,0,0,69,13,7,7,0,0,6,4,400,0,141,43,0,22,4,71,5,0,35,2,53,37,57,63,0,0,47,9,2,0,0,66,8,4,7,0,0,9,3,343,0,132,30,0,23,0,47,16,0,41,1,59,63,43,80,0,0
2017-08-15,Championship,2529211,Brentford,Bristol City,,,,2,2,1,64,24,10,0,0,76,16,5,7,7,1,7,17,549,162,257,40,18,34,1,45,10,3,21,2,59,47,48,71,2,0,36,8,5,2,1,56,13,3,1,2,0,5,3,313,100,76,33,33,27,4,67,13,7,52,8,65,53,52,33,3,0
2017-08-15,Championship,2529212,Cardiff City,Sheffield United,,,,2,0,0,40,19,6,0,0,66,11,7,13,0,1,12,7,291,0,135,40,0,14,3,69,13,0,23,4,56,55,55,80,0,0,60,7,4,0,0,78,8,6,3,0,0,8,5,445,0,222,32,0,16,0,67,16,0,26,4,46,45,45,70,0,0
2017-08-15,Championship,2529213,Derby County,Preston North End,,,,1,0,0,41,15,7,3,2,71,14,4,5,3,0,9,6,305,80,137,39,44,19,2,80,12,2,24,4,63,62,50,73,2,0,59,9,4,0,0,77,15,4,3,2,0,4,5,441,170,170,38,20,28,2,83,9,4,21,5,47,38,50,33,3,0
2017-08-15,Championship,2529214,Hull City,Wolverhampton Wanderers,,,,2,3,2,42,11,4,4,2,79,11,4,5,2,1,7,4,433,160,181,41,32,31,0,62,20,2,21,1,51,51,38,43,2,0,58,8,4,3,1,83,8,4,2,2,0,5,3,610,242,266,61,30,25,2,68,12,2,40,2,59,49,62,64,4,0
2017-08-15,Championship,2529215,Leeds United,Fulham,,,,0,0,1,44,9,1,1,1,77,12,3,5,3,0,4,5,400,159,148,55,13,27,5,73,14,4,13,1,49,49,38,58,2,0,56,15,1,1,1,83,10,3,10,4,1,4,11,518,231,201,39,0,26,1,76,18,3,22,1,55,51,63,50,1,0
2017-08-15,Championship,2529216,Middlesbrough,Burton Albion,,,,2,0,0,57,16,6,5,3,86,10,3,7,3,0,10,6,546,208,259,59,23,21,3,56,9,1,27,0,58,54,61,44,1,0,43,3,0,0,0,74,12,7,2,1,0,1,2,396,126,166,35,10,26,0,67,7,3,15,4,45,46,39,71,2,1
2017-08-15,Championship,2529217,Millwall,Ipswich Town,,,,3,4,2,55,23,6,2,0,66,17,8,6,11,1,14,9,349,91,138,45,25,37,3,70,5,1,20,0,82,50,59,36,2,0,45,8,4,2,0,63,19,3,2,2,0,5,3,290,77,105,22,20,25,0,61,13,11,60,3,69,50,41,56,4,0
2017-08-15,Championship,2529220,Reading,Aston Villa,,,,2,1,0,67,14,5,1,0,84,9,4,6,3,0,9,5,648,309,238,46,27,23,2,91,11,4,15,2,46,49,58,47,2,0,33,10,3,1,1,71,10,1,2,5,0,6,4,317,134,90,27,8,24,2,62,15,3,15,4,42,51,42,63,2,0
2017-08-16,Championship,2529218,Norwich City,Queens Park Rangers,,,,2,0,0,46,10,6,0,0,70,9,8,4,0,0,9,5,369,0,139,26,0,26,5,42,13,0,22,3,46,43,33,33,0,0,54,9,3,0,0,74,9,3,6,0,0,5,4,435,0,157,44,0,25,1,67,17,0,15,5,69,57,67,68,0,0
2017-08-16,Championship,2529219,Sheffield Wednesday,Sunderland,,,,1,1,1,63,17,5,0,0,81,7,9,9,3,1,11,6,506,180,228,60,23,27,2,50,19,3,23,1,57,57,45,100,0,0,37,8,2,2,1,63,12,3,3,3,0,7,1,307,75,118,39,25,29,3,69,12,4,38,3,53,43,55,40,1,0
2017-08-18,Championship,2529224,Burton Albion,Birmingham City,,,,2,1,0,53,12,6,1,0,69,10,4,3,3,0,9,3,426,105,189,31,19,20,0,56,19,3,34,4,76,53,53,89,1,0,47,16,5,3,2,65,11,5,7,4,1,13,3,394,124,134,40,38,32,4,55,12,3,22,4,67,47,47,100,0,0
2017-08-19,Championship,2529230,Sheffield United,Barnsley,,,,1,0,0,50,18,6,3,3,72,7,12,6,6,0,11,7,390,84,198,35,31,31,5,54,16,4,29,1,40,47,36,38,3,1,50,11,1,0,0,71,10,2,5,5,0,4,7,397,117,166,33,15,25,1,73,21,6,30,5,52,53,64,56,3,1
2017-08-19,Championship,2529221,Aston Villa,Norwich City,,,,4,2,0,37,14,8,0,0,76,14,3,6,0,2,13,7,365,0,141,32,0,9,1,60,12,0,30,1,44,51,29,73,0,0,63,8,3,0,0,83,11,3,5,0,0,5,4,629,0,257,50,0,20,2,69,14,0,23,4,58,49,71,59,0,0
2017-08-19,Championship,2529222,Bolton Wanderers,Derby County,,,,1,2,2,52,7,1,1,0,74,12,3,4,2,0,4,3,466,187,156,40,13,23,2,67,12,3,23,0,41,41,37,45,2,0,48,10,2,2,1,73,10,2,4,4,0,6,4,440,171,152,40,50,27,1,43,14,2,45,0,63,59,63,84,1,0
2017-08-19,Championship,2529223,Bristol City,Millwall,,,,0,0,1,59,10,3,1,1,76,14,5,3,4,1,4,6,409,173,136,44,26,21,2,43,8,6,48,3,52,49,41,56,3,0,41,14,3,0,0,59,18,16,5,6,0,8,6,261,37,116,41,18,27,2,68,7,4,27,3,61,51,59,56,2,0
2017-08-19,Championship,2529225,Fulham,Sheffield Wednesday,,,,0,1,2,55,8,2,2,2,84,12,6,6,0,0,6,2,536,261,190,40,21,24,1,86,10,1,18,2,48,48,62,53,2,0,45,8,3,2,1,80,11,3,4,1,0,6,2,436,174,174,43,29,34,1,88,15,0,17,2,44,52,38,75,0,0
2017-08-19,Championship,2529226,Ipswich Town,Brentford,,,,2,0,0,35,5,3,1,0,70,14,6,1,1,0,4,1,314,120,100,33,36,20,2,39,15,9,50,6,55,44,56,50,1,0,65,22,6,0,0,83,10,11,7,9,1,10,12,592,197,295,53,20,26,0,60,7,1,18,1,60,56,44,55,2,0
2017-08-19,Championship,2529227,Nottingham Forest,Middlesbrough,,,,2,1,0,51,11,3,3,1,80,5,5,6,2,0,7,4,426,196,144,45,23,17,3,42,7,2,33,6,70,60,47,56,2,0,49,17,7,4,3,77,22,5,8,2,0,11,6,397,166,141,54,25,18,2,61,16,2,13,1,54,40,53,48,4,0
2017-08-19,Championship,2529228,Preston North End,Reading,,,,1,0,0,42,21,8,2,2,69,17,4,6,7,0,14,7,286,61,135,52,50,17,0,55,11,4,27,1,63,45,53,38,2,0,58,7,1,0,0,74,18,5,2,4,0,1,6,402,137,161,53,21,29,1,50,10,7,20,7,71,55,47,56,3,0
2017-08-19,Championship,2529229,Queens Park Rangers,Hull City,,,,2,1,0,64,8,5,0,0,76,17,11,3,0,1,7,4,443,0,195,46,0,23,4,64,14,0,19,4,51,52,38,60,0,0,36,13,6,0,0,59,14,5,7,0,0,10,3,252,0,95,35,0,5,0,50,22,0,37,3,58,48,63,57,0,0
2017-08-19,Championship,2529232,Wolverhampton Wanderers,Cardiff City,,,,1,2,2,64,12,3,1,0,81,13,2,9,0,0,4,8,490,168,230,47,13,20,2,63,13,1,41,3,58,40,58,75,2,0,36,17,5,3,2,61,13,4,11,1,1,13,4,271,55,109,20,33,21,0,43,11,0,21,2,68,60,42,65,4,0
2017-08-19,Championship,2529231,Sunderland,Leeds United,,,,0,2,2,55,12,2,2,2,72,13,7,5,5,0,4,8,425,130,174,41,9,18,2,87,8,1,25,3,60,55,55,86,3,0,45,8,5,0,0,67,9,4,2,1,0,4,4,353,113,122,33,20,28,0,53,10,6,28,1,50,45,45,73,1,0
2017-08-25,Championship,2529236,Bristol City,Aston Villa,,,,1,1,1,51,12,5,0,0,79,11,8,2,5,0,7,5,433,174,167,47,10,21,2,45,7,3,40,3,55,44,52,50,1,0,49,12,4,0,0,75,16,1,5,3,0,8,4,418,131,183,30,0,35,2,75,12,5,25,4,62,56,48,71,1,0
2017-08-25,Championship,2529239,Hull City,Bolton Wanderers,,,,4,0,0,61,7,5,0,0,87,8,5,2,0,0,6,1,612,0,248,66,0,25,2,50,10,0,25,5,57,65,43,69,0,0,39,7,5,0,0,77,15,5,2,0,0,3,6,387,0,176,44,0,25,0,73,14,0,34,1,40,35,57,46,0,0
2017-08-26,Championship,2529233,Barnsley,Sunderland,,,,3,0,0,41,11,6,2,1,64,11,7,2,3,0,7,4,294,95,92,32,21,27,0,52,13,4,31,3,54,52,49,58,1,0,59,11,3,0,0,73,7,3,4,4,0,5,6,459,186,149,31,24,24,3,88,10,3,31,3,52,48,51,38,3,0
2017-08-26,Championship,2529234,Birmingham City,Reading,,,,0,2,2,40,14,2,0,0,73,10,4,5,7,0,7,7,311,103,123,52,23,25,1,54,11,2,11,3,53,43,68,54,0,0,60,13,5,2,1,82,5,3,6,2,0,10,3,480,196,199,63,38,20,3,56,11,7,33,2,46,57,32,58,0,0
2017-08-26,Championship,2529235,Brentford,Wolverhampton Wanderers,,,,0,0,1,53,14,2,2,2,78,11,8,9,3,1,7,7,456,118,238,61,24,32,1,50,12,6,13,4,46,41,49,33,1,0,47,16,4,3,3,74,10,6,6,6,0,8,8,403,164,134,35,60,22,4,75,26,3,22,2,60,59,51,94,1,0
2017-08-26,Championship,2529237,Burton Albion,Sheffield Wednesday,,,,1,1,1,43,12,4,1,1,58,7,6,4,4,0,8,4,298,64,109,31,41,31,3,50,13,5,25,1,55,59,47,75,0,0,57,11,3,2,1,69,17,5,4,4,0,7,4,397,148,126,32,21,30,4,71,2,4,49,3,49,41,53,100,2,0
2017-08-26,Championship,2529238,Cardiff City,Queens Park Rangers,,,,2,1,0,51,12,8,0,0,63,12,8,4,0,1,13,4,273,0,134,48,0,17,3,65,10,0,41,0,71,54,58,57,0,0,49,5,1,0,0,54,16,2,4,0,1,5,3,265,0,91,17,0,21,0,72,8,0,34,6,57,46,42,43,0,0
2017-08-26,Championship,2529240,Ipswich Town,Fulham,,,,0,2,2,32,6,2,0,0,72,18,5,2,2,0,3,3,273,94,102,41,6,27,3,57,12,6,19,5,47,43,54,20,1,0,68,18,7,2,1,88,12,6,4,7,2,8,10,625,277,272,56,6,34,5,81,4,2,21,2,56,57,46,50,0,0
2017-08-26,Championship,2529241,Middlesbrough,Preston North End,,,,0,0,1,48,5,1,0,0,74,13,3,4,0,0,3,2,359,134,131,42,25,17,0,68,9,2,35,3,68,58,36,67,1,0,52,12,3,1,1,77,16,8,7,2,0,10,2,390,128,172,46,32,32,1,56,10,0,22,1,68,42,64,44,2,0
2017-08-26,Championship,2529242,Millwall,Norwich City,,,,4,0,0,28,11,5,4,2,59,13,5,2,4,0,8,3,251,66,82,21,36,20,2,70,12,3,26,7,43,46,38,50,2,0,72,15,7,2,2,87,7,6,5,3,0,8,7,643,270,292,46,24,12,2,67,6,4,19,1,55,54,63,65,1,0
2017-08-26,Championship,2529244,Sheffield United,Derby County,,,,3,1,0,53,5,4,2,1,70,15,6,1,0,0,2,3,428,112,187,26,10,33,2,38,7,6,20,1,51,49,43,43,4,0,47,14,2,2,1,70,12,2,6,6,0,9,5,379,151,115,43,25,34,2,87,17,0,33,2,58,51,58,60,3,0
2017-08-26,Championship,2529243,Nottingham Forest,Leeds United,,,,0,2,2,58,5,1,0,0,83,10,4,2,2,0,1,4,543,263,187,54,14,20,0,83,12,7,22,2,50,49,62,74,3,0,42,18,4,1,0,76,11,2,7,7,0,10,8,392,157,139,54,0,24,2,50,9,2,25,1,47,51,38,50,2,0
2017-09-08,Championship,2529247,Derby County,Hull City,,,,5,0,0,42,15,7,4,1,73,16,3,4,4,0,10,5,343,133,119,38,13,18,0,70,17,2,32,3,48,46,45,33,0,0,58,18,3,3,3,78,7,9,13,2,1,9,9,472,184,183,47,21,25,0,57,6,4,13,2,57,54,55,62,0,0
2017-09-09,Championship,2529245,Aston Villa,Brentford,,,,0,0,1,49,10,1,1,1,78,10,5,7,2,0,7,3,431,158,179,57,44,27,1,59,13,6,32,5,65,47,58,54,0,0,51,18,5,3,3,79,14,4,6,7,0,7,11,461,161,201,48,38,20,0,86,5,2,22,1,64,53,42,59,0,0
2017-09-09,Championship,2529246,Bolton Wanderers,Middlesbrough,,,,0,3,2,34,9,4,0,0,70,10,4,1,4,0,6,3,292,95,108,56,33,19,0,56,11,2,24,2,49,43,55,38,1,0,66,14,5,3,1,86,14,7,7,2,0,9,5,576,275,218,36,33,31,1,90,12,4,29,4,57,57,45,86,1,0
2017-09-09,Championship,2529248,Fulham,Cardiff City,,,,1,1,1,64,12,4,2,1,78,18,5,6,2,1,8,4,427,168,163,29,17,31,2,58,3,4,42,1,57,44,57,50,4,0,36,11,2,1,0,60,22,2,4,5,0,8,3,226,40,95,23,17,33,3,53,21,3,22,2,63,56,43,76,3,0
2017-09-09,Championship,2529249,Leeds United,Burton Albion,,,,5,0,0,69,30,10,4,2,88,11,10,8,12,1,21,9,624,318,228,59,27,25,2,64,11,0,14,0,47,53,64,45,0,0,31,1,0,0,0,67,12,1,1,0,0,0,1,282,83,105,34,36,13,2,63,15,13,17,4,36,47,36,17,1,0
2017-09-09,Championship,2529250,Norwich City,Birmingham City,,,,1,0,0,42,11,4,0,0,73,15,5,7,0,0,8,6,379,0,114,29,0,16,2,65,6,0,33,1,70,55,35,50,0,0,58,5,1,0,0,79,18,6,4,0,0,6,3,521,0,189,51,0,24,0,74,8,0,12,3,70,45,65,67,0,0
2017-09-09,Championship,2529251,Preston North End,Barnsley,,,,1,1,1,57,17,5,1,1,69,12,10,4,8,0,9,8,373,113,146,44,22,35,0,62,13,4,26,1,51,45,54,54,1,0,43,10,3,1,1,60,12,2,4,3,0,9,1,292,64,111,16,13,35,1,74,13,6,43,5,55,55,46,33,2,0
2017-09-09,Championship,2529252,Queens Park Rangers,Ipswich Town,,,,2,1,0,55,12,8,0,0,71,14,9,4,0,0,10,11,337,0,160,43,0,22,2,62,8,0,26,1,55,44,41,70,0,0,45,8,2,0,0,60,11,4,6,0,0,9,3,285,0,109,41,0,25,3,70,7,0,39,6,75,56,59,71,0,0
2017-09-09,Championship,2529253,Reading,Bristol City,,,,0,1,2,61,15,5,2,2,82,10,3,10,0,0,9,6,519,236,190,49,24,29,1,50,11,1,12,1,60,55,43,81,1,0,39,7,2,1,1,75,10,4,4,1,0,5,2,334,144,108,53,18,14,1,68,12,0,24,5,56,45,57,56,1,0
2017-09-09,Championship,2529255,Sunderland,Sheffield United,,,,1,2,2,56,5,1,1,0,71,13,2,3,1,0,2,3,434,155,153,34,16,38,2,71,17,2,32,3,61,55,40,79,1,0,44,8,5,1,0,63,13,4,1,2,0,2,6,346,67,152,36,17,33,1,69,15,1,18,0,61,45,58,50,2,0
2017-09-09,Championship,2529256,Wolverhampton Wanderers,Millwall,,,,1,0,0,67,19,8,2,2,88,11,6,7,4,0,7,12,660,216,363,63,25,16,1,63,11,2,37,2,47,49,47,80,1,0,33,8,2,0,0,69,9,4,4,2,0,6,2,312,93,122,40,32,23,1,47,8,5,19,6,51,51,53,47,1,1
2017-09-09,Championship,2529254,Sheffield Wednesday,Nottingham Forest,,,,3,1,0,44,13,7,0,0,82,5,8,6,0,0,17,0,428,0,182,47,0,17,3,47,8,0,22,3,49,50,57,40,0,0,56,9,5,0,0,86,13,4,4,0,0,6,5,571,0,189,47,0,19,3,60,6,0,20,4,45,50,43,65,0,0
2017-09-12,Championship,2529257,Aston Villa,Middlesbrough,,,,0,0,1,71,18,6,4,4,85,12,6,9,3,1,15,3,600,188,324,44,32,39,4,56,7,2,30,2,39,54,40,69,2,1,29,5,2,0,0,62,11,5,1,2,0,1,4,250,95,59,18,8,17,2,86,9,2,50,6,40,46,60,62,1,1
2017-09-12,Championship,2529260,Leeds United,Birmingham City,,,,2,0,0,48,17,5,1,0,73,8,2,6,6,0,9,8,392,142,144,45,21,25,1,76,11,5,41,4,58,52,33,45,1,0,52,14,5,1,1,70,14,8,5,4,0,9,5,423,117,181,44,23,22,3,67,5,6,27,3,70,48,67,68,3,0
2017-09-12,Championship,2529261,Norwich City,Burton Albion,,,,0,0,1,70,18,2,2,2,86,16,10,9,7,0,9,9,594,237,271,63,22,26,3,75,9,3,11,2,35,42,21,68,3,0,30,7,2,1,1,67,5,3,2,3,0,6,1,267,76,104,41,0,20,2,50,9,7,29,2,61,58,79,67,2,0
2017-09-12,Championship,2529262,Preston North End,Cardiff City,,,,3,0,0,55,13,7,0,0,63,14,5,6,0,0,13,4,329,0,121,39,0,25,3,78,7,0,39,1,76,45,61,27,0,0,45,6,1,0,0,56,15,4,5,0,0,3,7,272,0,97,21,0,21,2,65,15,0,32,4,70,55,39,43,0,0
2017-09-12,Championship,2529263,Queens Park Rangers,Millwall,,,,2,2,1,69,31,14,1,1,81,15,7,9,8,2,15,16,471,138,243,49,21,20,1,67,14,4,27,3,63,61,41,85,2,0,31,14,5,1,1,54,18,5,5,4,0,10,4,211,44,69,24,44,25,3,73,13,7,48,12,59,39,59,43,5,1
2017-09-12,Championship,2529264,Sheffield Wednesday,Brentford,,,,2,1,0,46,16,7,3,1,78,12,8,4,5,0,11,5,417,160,167,46,28,11,2,50,18,3,28,4,53,55,52,86,3,0,54,16,5,0,0,82,11,8,8,3,1,9,7,502,228,184,59,13,24,3,71,8,6,23,4,46,45,48,38,0,0
2017-09-12,Championship,2529265,Sunderland,Nottingham Forest,,,,0,1,2,44,14,3,1,1,75,13,6,5,6,0,9,5,362,167,103,31,23,24,2,73,13,2,26,1,55,61,37,89,1,0,56,8,2,0,0,80,12,4,4,2,0,3,5,476,229,150,54,7,26,0,42,11,6,26,3,47,39,63,56,1,0
2017-09-12,Championship,2529266,Wolverhampton Wanderers,Bristol City,,,,3,3,1,54,21,5,9,6,81,15,9,11,5,1,13,8,442,175,181,55,18,20,2,74,10,3,27,1,59,44,54,59,1,0,46,12,4,3,1,78,9,8,4,4,1,7,5,386,173,129,42,11,22,1,68,12,5,47,2,66,56,46,64,2,0
2017-09-12,Championship,2529267,Bolton Wanderers,Sheffield United,,,,0,1,2,50,7,2,0,0,66,14,3,5,0,0,7,6,390,0,166,42,0,22,0,75,5,0,20,2,80,59,54,73,0,0,50,5,3,0,0,64,14,2,2,0,1,5,3,397,0,172,26,0,22,0,67,17,0,27,2,62,41,46,64,0,0
2017-09-13,Championship,2529259,Fulham,Hull City,,,,2,1,0,57,16,4,2,1,80,8,6,8,4,0,11,5,511,242,168,47,33,30,4,55,6,0,29,5,68,63,38,74,0,0,43,10,6,2,1,76,15,3,4,0,0,4,6,386,147,145,44,18,30,2,59,15,4,14,2,49,37,63,47,0,0
2017-09-16,Championship,2529270,Birmingham City,Preston North End,,,,1,3,2,51,6,2,0,1,61,7,7,4,0,0,3,3,368,0,126,40,0,23,0,81,10,0,19,4,68,49,48,50,0,0,49,11,6,0,0,68,18,5,5,0,0,6,8,358,0,169,41,0,19,2,68,12,0,37,1,72,51,52,57,0,0
2017-09-16,Championship,2529271,Brentford,Reading,,,,1,1,1,49,20,6,2,2,76,18,3,8,6,0,14,6,399,146,158,43,50,21,1,69,14,3,14,1,53,45,64,50,3,0,51,10,2,2,1,77,17,6,5,3,1,6,4,419,194,127,51,27,14,3,48,21,6,21,5,56,55,36,42,4,0
2017-09-16,Championship,2529272,Bristol City,Derby County,,,,4,1,0,54,25,9,5,2,75,18,5,8,8,0,12,13,445,177,155,49,39,28,0,82,8,4,21,1,55,46,45,61,1,0,46,11,2,2,1,71,13,6,5,4,1,4,7,376,121,145,34,25,19,0,76,18,5,25,5,65,54,55,80,2,0
2017-09-16,Championship,2529273,Burton Albion,Fulham,,,,2,1,0,30,11,6,2,0,63,11,2,3,2,1,4,7,262,57,108,36,17,25,2,33,11,5,32,1,36,50,57,86,1,0,70,15,2,3,3,87,11,8,8,5,1,9,6,611,233,297,60,21,31,5,33,7,2,18,4,33,50,43,88,1,0
2017-09-16,Championship,2529274,Cardiff City,Sheffield Wednesday,,,,1,1,1,40,12,8,0,0,65,5,6,4,0,0,8,8,349,0,153,45,0,22,3,65,8,0,17,1,69,61,58,73,0,0,60,8,2,0,0,80,9,3,6,0,0,4,4,531,0,173,29,0,18,0,69,12,0,50,7,47,39,42,50,0,0
2017-09-16,Championship,2529275,Hull City,Sunderland,,,,1,1,1,59,20,7,0,0,81,13,11,4,9,0,9,11,506,188,220,47,21,31,2,69,5,4,14,2,40,43,39,50,2,0,41,9,3,1,0,78,10,2,2,4,0,8,1,346,140,130,39,22,21,1,58,9,7,57,6,57,57,61,50,4,0
2017-09-16,Championship,2529276,Ipswich Town,Bolton Wanderers,,,,2,0,0,52,9,5,0,0,69,15,6,4,0,0,8,5,396,0,152,44,0,18,3,59,9,0,55,3,83,50,69,65,0,0,48,12,3,0,0,68,11,8,9,0,0,8,8,337,0,161,38,0,21,1,53,18,0,26,3,59,50,31,68,0,0
2017-09-16,Championship,2529277,Middlesbrough,Queens Park Rangers,,,,3,2,0,64,16,8,5,3,77,17,6,5,3,0,11,5,509,186,204,35,30,28,3,58,5,1,27,0,66,53,48,94,4,0,36,10,2,2,0,65,14,1,7,1,1,8,2,285,81,105,28,27,24,4,77,21,4,26,4,63,47,52,60,4,0
2017-09-16,Championship,2529278,Millwall,Leeds United,,,,1,0,0,46,20,6,1,0,69,12,14,7,7,1,9,11,299,74,133,51,26,30,3,45,10,0,9,0,82,60,58,82,1,0,54,1,0,0,0,75,13,2,1,0,0,0,1,384,142,145,37,9,20,1,53,8,6,51,6,56,40,42,36,3,0
2017-09-16,Championship,2529279,Nottingham Forest,Wolverhampton Wanderers,,,,1,2,2,56,7,6,0,0,84,4,1,0,1,0,3,4,620,296,224,55,13,29,2,50,11,3,13,4,53,52,47,59,2,0,44,11,6,2,0,80,15,4,2,3,0,10,1,481,210,177,47,31,24,0,75,16,1,19,5,51,48,53,72,2,0
2017-09-16,Championship,2529280,Sheffield United,Norwich City,,,,0,1,2,68,10,4,0,0,85,7,6,6,0,0,11,6,621,0,312,53,0,29,1,61,8,0,5,2,57,47,43,43,0,0,32,6,3,0,0,71,14,2,3,0,0,7,4,306,0,97,34,0,13,1,54,14,0,43,4,67,53,57,63,0,0
2017-09-16,Championship,2529269,Barnsley,Aston Villa,,,,0,3,2,61,12,2,2,2,78,8,6,6,4,0,7,5,523,224,185,47,18,25,0,74,13,0,13,4,59,55,44,58,1,0,39,10,7,4,1,66,11,1,3,0,0,6,4,350,128,104,24,38,27,4,58,15,4,42,2,55,45,56,50,2,0
2017-09-23,Championship,2529282,Bolton Wanderers,Brentford,,,,0,3,2,43,10,3,0,0,63,22,5,5,2,1,7,3,289,47,134,47,32,30,1,57,11,6,25,7,68,42,61,42,2,0,57,22,10,1,1,77,13,6,6,6,0,11,11,405,117,195,45,8,35,3,63,9,1,31,3,71,58,39,55,1,0
2017-09-23,Championship,2529283,Derby County,Birmingham City,,,,1,1,1,54,10,4,1,0,77,14,4,3,3,0,4,6,493,195,183,42,29,34,0,65,9,3,21,1,65,55,46,75,1,0,46,10,2,0,0,75,10,6,5,3,0,6,4,416,180,134,38,55,28,1,60,14,3,25,3,61,45,54,60,1,0
2017-09-23,Championship,2529284,Fulham,Middlesbrough,,,,1,1,1,62,10,4,2,1,82,16,6,5,1,0,4,6,502,214,199,52,17,28,2,52,7,3,30,2,55,43,44,52,2,0,38,14,3,1,0,68,8,3,8,3,0,7,7,308,111,98,38,19,21,1,38,9,1,28,3,72,57,56,74,1,0
2017-09-23,Championship,2529285,Leeds United,Ipswich Town,,,,3,2,0,52,9,2,2,0,76,11,6,4,3,0,5,4,428,182,143,32,8,27,1,72,6,8,43,0,68,54,55,90,1,0,48,14,3,2,1,72,11,12,4,7,0,11,3,370,124,143,45,26,29,1,69,15,3,21,0,57,46,45,50,3,0
2017-09-23,Championship,2529286,Norwich City,Bristol City,,,,0,0,1,49,15,1,2,2,77,15,3,10,4,1,10,5,430,178,152,41,12,13,2,70,14,2,31,3,69,59,47,73,1,0,51,10,3,0,0,78,19,6,5,2,0,4,6,454,159,193,54,24,23,3,79,12,4,22,1,55,41,53,36,1,0
2017-09-23,Championship,2529287,Preston North End,Millwall,,,,0,0,1,61,12,2,1,1,69,18,7,7,3,0,6,6,429,109,188,32,22,27,1,47,10,3,32,1,78,53,49,55,3,0,39,10,1,0,0,49,16,6,5,4,0,5,5,269,52,81,24,20,26,1,79,10,3,45,2,75,47,51,44,1,0
2017-09-23,Championship,2529288,Queens Park Rangers,Burton Albion,,,,0,0,1,63,13,4,0,0,71,17,8,3,6,0,5,8,404,135,151,39,21,28,1,73,13,2,34,1,54,45,37,63,0,0,37,5,1,0,0,53,11,6,2,2,1,2,3,240,48,78,26,12,27,2,82,14,7,52,4,78,55,63,71,0,0
2017-09-23,Championship,2529289,Reading,Hull City,,,,1,1,1,74,13,3,1,1,85,11,9,5,5,0,9,4,656,305,251,58,20,26,3,77,4,0,10,1,50,42,54,46,0,0,26,5,2,1,0,64,6,1,3,0,1,3,2,240,67,87,25,0,26,5,56,10,4,32,2,59,58,46,75,0,0
2017-09-23,Championship,2529291,Sunderland,Cardiff City,,,,1,2,2,52,11,4,1,0,69,18,1,3,4,1,4,7,360,123,125,35,17,30,0,67,6,7,42,5,71,49,50,58,3,0,48,21,7,2,0,66,19,8,6,8,0,13,8,319,56,155,33,26,16,2,67,18,4,53,3,72,51,50,31,3,0
2017-09-23,Championship,2529292,Wolverhampton Wanderers,Barnsley,,,,2,1,0,50,14,4,2,1,78,15,5,7,3,0,9,5,444,178,169,47,40,28,3,48,10,6,38,2,55,47,61,71,3,0,50,13,3,1,1,75,4,8,4,6,0,6,7,423,153,165,42,6,22,0,40,5,3,8,2,52,53,39,53,1,0
2017-09-23,Championship,2529281,Aston Villa,Nottingham Forest,,,,2,1,0,36,6,4,0,0,76,14,3,2,0,0,6,5,344,0,122,34,0,19,3,72,12,0,20,4,59,50,48,81,0,0,64,9,5,0,0,85,9,4,4,0,0,8,5,616,0,209,49,0,24,1,56,14,0,26,2,60,50,52,53,0,0
2017-09-24,Championship,2529290,Sheffield Wednesday,Sheffield United,,,,2,4,2,63,7,2,0,0,76,13,9,5,0,0,5,7,420,0,189,44,0,18,0,63,2,0,23,3,55,52,40,25,0,0,37,11,7,0,0,65,18,7,4,0,0,9,3,255,0,104,34,0,19,3,57,9,0,48,0,62,48,60,53,0,0
2017-09-26,Championship,2529293,Barnsley,Queens Park Rangers,,,,1,1,1,46,9,3,0,0,63,15,2,3,3,0,5,4,339,94,118,32,25,33,1,79,15,3,30,2,63,46,45,71,1,0,54,14,3,0,0,63,8,6,8,3,0,9,5,393,106,143,36,31,42,1,60,12,3,25,2,76,54,55,50,2,0
2017-09-26,Championship,2529295,Brentford,Derby County,,,,1,1,1,76,14,2,1,1,86,7,11,7,5,0,7,7,662,272,299,61,17,23,2,50,8,0,10,1,43,50,44,47,3,0,24,3,2,1,0,57,12,0,1,0,0,1,2,219,54,71,32,25,17,3,44,16,5,35,1,47,50,56,40,5,0
2017-09-26,Championship,2529296,Bristol City,Bolton Wanderers,,,,2,0,0,69,20,8,3,2,85,8,9,7,5,0,11,9,620,305,225,66,37,18,6,75,11,1,15,2,63,50,46,47,2,0,31,5,3,0,0,65,21,1,1,1,0,3,2,285,95,89,38,25,22,2,63,6,4,34,6,67,50,54,83,2,1
2017-09-26,Championship,2529297,Burton Albion,Aston Villa,,,,0,4,2,51,10,2,0,0,76,8,4,7,1,0,5,5,434,138,190,45,24,27,0,60,15,1,18,1,58,60,58,71,0,0,49,10,5,2,0,78,12,4,4,1,0,6,4,428,188,144,35,25,32,3,67,7,1,39,2,40,40,42,46,0,0
2017-09-26,Championship,2529298,Cardiff City,Leeds United,,,,3,1,0,40,15,6,2,0,66,16,2,4,5,0,9,6,314,80,127,31,33,24,1,50,12,0,13,2,68,56,51,59,0,0,60,8,3,1,1,79,15,0,5,0,0,3,5,468,207,161,48,14,18,2,77,10,5,27,3,57,44,49,50,1,1
2017-09-26,Championship,2529299,Hull City,Preston North End,,,,1,2,2,51,8,3,0,0,69,21,6,5,0,1,4,8,438,0,161,33,0,28,0,65,13,0,22,5,66,47,40,64,0,0,49,11,7,0,0,68,18,2,4,0,1,10,5,418,0,182,36,0,30,3,73,13,0,25,2,81,53,60,86,0,0
2017-09-26,Championship,2529300,Ipswich Town,Sunderland,,,,5,2,0,57,20,10,4,1,68,12,5,6,4,0,12,8,400,111,159,40,40,25,3,75,13,4,32,4,67,52,52,56,1,0,43,14,6,2,2,59,10,4,4,4,0,6,8,299,68,109,26,13,28,1,57,5,4,33,5,62,48,48,70,2,0
2017-09-26,Championship,2529301,Middlesbrough,Norwich City,,,,0,1,2,61,21,5,1,1,85,8,13,8,8,0,13,8,532,195,259,63,28,26,3,94,13,0,6,1,74,62,47,80,1,0,39,5,2,1,1,72,16,1,2,1,0,2,3,367,159,105,43,50,19,1,79,12,8,17,6,54,38,53,91,4,0
2017-09-26,Championship,2529302,Millwall,Reading,,,,2,1,0,34,6,4,0,0,59,12,3,1,1,0,2,4,274,64,97,32,14,25,5,72,19,2,28,2,55,54,55,50,1,0,66,8,3,2,1,79,10,4,2,3,0,6,2,548,247,186,38,11,26,4,55,14,1,31,2,46,46,45,63,0,0
2017-09-26,Championship,2529303,Nottingham Forest,Fulham,,,,1,3,2,54,20,4,4,3,77,11,3,7,9,0,9,11,508,178,214,33,11,29,4,55,18,3,21,4,52,51,30,58,2,0,46,16,7,2,1,75,9,3,6,3,2,7,9,454,168,172,35,10,25,4,56,9,9,28,3,61,49,70,70,0,0
2017-09-27,Championship,2529294,Birmingham City,Sheffield Wednesday,,,,1,0,0,37,9,3,3,2,73,6,4,6,0,0,3,6,347,136,116,42,21,26,4,78,8,7,42,3,56,47,67,53,0,0,63,17,3,1,1,84,11,10,7,7,0,10,7,563,198,277,41,17,26,3,67,17,0,20,2,45,53,33,67,0,0
2017-09-27,Championship,2529304,Sheffield United,Wolverhampton Wanderers,,,,2,0,0,55,11,5,3,1,81,18,11,2,4,0,8,3,514,167,248,42,22,36,0,72,17,0,9,2,57,48,46,50,3,0,45,7,2,1,1,77,8,2,5,0,1,3,4,429,173,156,49,11,33,1,59,8,4,26,3,63,52,54,64,1,1
2017-09-29,Championship,2529314,Queens Park Rangers,Fulham,,,,1,2,2,49,25,4,1,1,73,13,10,12,9,0,18,7,345,84,169,36,25,25,4,44,10,3,12,1,67,51,48,33,3,0,51,12,2,2,2,72,21,2,7,3,0,6,6,380,166,107,36,20,24,1,60,9,10,45,2,67,49,52,56,3,0
2017-09-30,Championship,2529305,Aston Villa,Bolton Wanderers,,,,1,0,0,61,8,3,0,0,78,15,5,5,0,0,8,3,481,0,198,40,0,30,2,82,5,0,32,3,49,41,44,63,0,0,39,6,3,0,0,65,15,4,3,0,0,4,6,317,0,116,35,0,15,0,68,18,0,37,2,68,59,56,83,0,0
2017-09-30,Championship,2529306,Burton Albion,Wolverhampton Wanderers,,,,0,4,2,47,11,2,0,0,77,10,9,4,5,0,7,4,439,125,211,36,17,34,0,73,10,5,14,2,61,51,59,82,1,0,53,14,6,7,3,81,12,4,3,5,0,10,4,511,258,154,51,29,27,1,75,16,5,32,2,51,49,41,73,0,0
2017-09-30,Championship,2529307,Cardiff City,Derby County,,,,0,0,1,45,14,2,0,0,62,18,8,7,5,0,7,7,310,58,135,31,29,26,1,71,14,3,16,2,66,60,53,71,2,0,55,7,2,0,0,71,18,2,2,3,0,1,6,390,173,102,33,0,26,2,67,11,5,26,2,50,40,47,50,1,0
2017-09-30,Championship,2529308,Hull City,Birmingham City,,,,6,1,0,56,14,11,0,0,79,12,3,3,0,1,10,7,495,0,180,35,0,30,0,66,9,0,19,2,78,63,53,88,0,0,44,10,3,0,0,75,12,4,7,0,1,8,5,393,0,170,48,0,19,0,71,15,0,12,5,51,37,47,54,0,0
2017-09-30,Championship,2529309,Ipswich Town,Bristol City,,,,1,3,2,53,9,3,0,0,67,14,1,2,4,0,5,4,420,141,140,40,8,23,3,71,10,6,25,2,57,53,50,40,2,0,47,16,5,0,0,66,13,4,5,6,0,9,7,374,102,145,34,29,39,3,67,10,4,30,2,53,47,50,57,2,0
2017-09-30,Championship,2529310,Middlesbrough,Brentford,,,,2,2,1,51,8,3,1,0,71,21,3,5,0,0,5,3,368,115,146,30,35,26,4,60,13,7,32,0,64,54,38,60,3,0,49,14,2,2,0,69,13,7,5,7,0,11,3,356,111,134,42,19,24,2,75,8,0,28,1,63,46,62,63,3,0
2017-09-30,Championship,2529311,Millwall,Barnsley,,,,1,3,2,50,14,6,2,1,64,12,9,3,5,0,7,7,334,104,111,30,16,32,2,79,13,3,26,6,68,52,52,67,2,0,50,16,9,5,2,60,16,2,4,3,0,10,6,354,97,117,29,40,20,0,71,9,5,37,5,63,48,48,50,3,0
2017-09-30,Championship,2529312,Nottingham Forest,Sheffield United,,,,2,1,0,42,11,5,0,0,75,7,4,6,0,0,11,3,397,0,145,44,0,15,1,57,11,0,36,3,50,49,43,71,0,0,58,9,4,0,0,85,12,9,5,0,1,9,7,556,0,319,40,0,15,4,67,17,0,15,3,55,51,57,77,0,0
2017-09-30,Championship,2529313,Preston North End,Sunderland,,,,2,2,1,60,9,2,0,0,73,16,2,3,4,1,3,6,435,118,199,47,19,33,1,75,6,2,41,2,71,46,49,85,1,0,40,11,4,1,0,61,15,5,5,2,0,6,5,286,72,102,40,26,27,2,85,23,4,30,0,80,54,51,58,1,0
2017-09-30,Championship,2529315,Reading,Norwich City,,,,1,2,2,54,7,1,1,1,78,19,1,5,1,1,6,1,463,212,147,42,20,22,1,50,7,2,23,1,48,41,41,50,4,0,46,6,3,0,0,74,14,1,1,2,1,3,3,402,176,122,39,25,22,0,52,6,1,33,0,69,59,59,67,1,1
2017-10-01,Championship,2529316,Sheffield Wednesday,Leeds United,,,,3,0,0,54,16,7,3,2,79,15,7,5,4,1,8,8,444,145,204,45,22,13,1,50,12,2,32,2,44,50,42,80,1,0,46,11,2,0,0,77,13,4,7,2,1,8,3,379,159,132,49,20,26,3,75,10,4,25,4,50,50,58,83,0,0
2017-10-13,Championship,2529318,Birmingham City,Cardiff City,,,,1,0,0,50,3,2,0,0,62,14,6,1,0,0,5,1,290,0,102,35,0,10,0,59,2,0,39,0,73,48,60,75,0,0,50,3,0,0,0,59,17,8,3,0,0,6,1,286,0,109,30,0,20,0,52,21,0,33,1,64,52,40,50,0,0
2017-10-13,Championship,2529321,Bristol City,Burton Albion,,,,0,0,1,74,11,4,0,0,83,19,9,5,2,0,5,6,582,228,255,66,9,31,0,56,8,1,29,0,55,46,54,74,0,0,26,4,0,0,0,48,13,0,3,1,0,2,2,205,53,45,22,20,22,1,56,19,2,37,4,58,54,46,83,1,0
2017-10-14,Championship,2529317,Barnsley,Middlesbrough,,,,2,2,1,32,12,4,2,1,60,10,4,6,2,1,5,7,276,79,86,32,30,25,1,63,7,7,28,4,49,48,51,30,2,0,68,21,6,2,1,83,11,7,8,7,0,12,9,572,227,246,57,16,21,2,47,13,2,14,2,50,52,49,90,0,0
2017-10-14,Championship,2529319,Bolton Wanderers,Sheffield Wednesday,,,,2,1,0,33,15,6,0,0,60,8,10,9,0,1,12,6,250,0,115,43,0,13,1,64,14,0,51,6,56,58,67,70,0,0,67,11,10,0,0,80,10,6,1,0,0,8,8,517,0,219,39,0,25,3,100,7,0,38,4,33,42,33,43,0,0
2017-10-14,Championship,2529320,Brentford,Millwall,,,,1,0,0,63,18,3,3,3,77,13,6,11,4,0,12,6,440,141,196,55,14,22,1,85,10,7,37,7,56,45,48,67,2,0,37,19,6,3,3,55,10,9,6,7,0,10,9,253,53,85,30,35,22,4,69,11,4,33,2,66,55,53,50,1,0
2017-10-14,Championship,2529323,Fulham,Preston North End,,,,2,2,1,71,17,6,3,1,82,9,5,9,2,1,11,6,587,214,266,25,16,40,0,61,6,2,21,3,58,46,43,37,1,0,29,14,5,2,1,59,13,4,6,3,0,11,3,249,52,96,38,43,22,2,70,17,2,50,4,72,54,57,88,4,0
2017-10-14,Championship,2529324,Leeds United,Reading,,,,0,1,2,56,15,3,2,2,76,16,6,10,2,0,9,6,401,168,137,36,28,29,2,63,6,0,24,3,58,44,53,67,5,0,44,10,4,1,0,69,10,5,6,0,0,8,2,317,103,117,34,27,30,2,57,13,2,18,3,64,56,47,62,2,0
2017-10-14,Championship,2529325,Norwich City,Hull City,,,,1,1,1,72,18,6,0,0,87,6,10,12,0,1,13,12,663,0,351,61,0,24,1,67,7,0,24,2,70,62,67,64,0,0,28,4,3,0,0,67,17,7,1,0,0,3,5,258,0,99,33,0,11,1,68,13,0,56,5,41,38,33,27,0,0
2017-10-14,Championship,2529326,Sheffield United,Ipswich Town,,,,1,0,0,52,5,2,0,0,67,9,8,3,0,1,4,2,404,0,185,30,0,26,1,72,18,0,24,2,69,61,50,71,0,0,48,8,2,0,0,66,16,4,6,0,1,6,2,386,0,149,43,0,33,2,82,14,0,41,2,54,39,50,41,0,0
2017-10-14,Championship,2529327,Sunderland,Queens Park Rangers,,,,1,1,1,50,9,5,1,1,61,15,15,3,1,0,6,3,310,92,96,31,17,23,3,62,12,2,42,11,59,49,56,62,0,0,50,17,12,3,2,62,12,9,3,2,0,10,7,304,63,124,36,25,27,2,80,15,1,29,4,54,51,44,43,0,0
2017-10-14,Championship,2529328,Wolverhampton Wanderers,Aston Villa,,,,2,0,0,55,20,6,1,1,88,11,6,7,7,0,11,9,489,234,195,64,36,21,1,44,4,0,23,1,49,47,48,67,0,0,45,7,1,0,0,82,9,2,6,0,1,5,2,399,162,165,45,21,23,2,50,14,7,17,4,54,53,52,60,2,0
2017-10-15,Championship,2529322,Derby County,Nottingham Forest,,,,2,0,0,43,14,4,2,1,74,10,7,6,4,0,7,7,368,164,107,45,20,21,0,53,15,3,22,5,46,42,45,46,0,0,57,19,5,1,1,83,6,7,11,3,1,10,9,493,210,200,43,16,27,0,46,14,4,26,2,62,58,55,73,1,0
2017-10-21,Championship,2529329,Aston Villa,Fulham,,,,2,1,0,32,15,6,4,2,69,14,2,7,2,0,11,4,286,78,120,29,40,21,2,65,13,2,30,1,55,56,54,75,1,0,68,9,2,1,1,86,14,5,4,3,0,3,6,616,276,255,45,23,23,2,55,8,2,19,4,44,44,46,52,2,0
2017-10-21,Championship,2529330,Barnsley,Hull City,,,,0,1,2,52,23,5,1,1,64,13,3,12,6,0,9,14,411,140,124,30,26,36,2,58,12,4,15,2,63,48,56,69,1,0,48,8,3,1,0,62,12,7,1,4,0,4,4,374,109,122,31,20,29,1,65,17,6,28,5,59,52,44,70,3,0
2017-10-21,Championship,2529331,Bolton Wanderers,Queens Park Rangers,,,,1,1,1,35,6,3,0,0,53,13,4,3,0,0,6,7,254,0,94,31,0,31,2,67,15,0,46,3,50,43,41,50,0,0,65,9,4,0,0,71,8,8,5,0,0,10,5,467,0,160,35,0,34,3,81,11,0,23,2,68,57,59,65,0,0
2017-10-21,Championship,2529332,Brentford,Sunderland,,,,3,3,1,61,19,9,2,1,82,14,6,3,7,0,12,7,405,158,174,56,24,29,1,67,7,3,45,1,50,45,41,67,2,0,39,11,3,2,0,61,14,9,4,4,0,9,2,263,69,91,29,16,24,4,60,15,6,43,6,64,55,59,73,4,0
2017-10-21,Championship,2529333,Bristol City,Leeds United,,,,0,3,2,59,12,2,2,2,70,11,6,7,3,0,7,5,426,138,161,43,28,35,1,70,13,2,17,2,60,53,54,46,3,1,41,13,5,2,1,58,14,3,6,2,0,7,6,300,77,97,22,43,23,4,63,11,2,30,2,53,47,46,58,3,1
2017-10-21,Championship,2529334,Derby County,Sheffield Wednesday,,,,2,0,0,60,15,7,5,4,87,8,6,5,3,1,8,7,597,236,282,55,36,19,3,56,6,3,19,0,28,47,47,50,2,0,40,11,0,0,0,81,6,4,7,4,0,2,9,403,179,149,40,14,10,1,30,13,3,22,5,32,53,53,83,3,1
2017-10-21,Championship,2529336,Middlesbrough,Cardiff City,,,,0,1,2,59,11,2,0,0,69,19,8,4,5,0,6,5,422,138,155,36,35,24,0,57,13,3,24,1,64,37,50,50,2,0,41,9,3,4,3,63,12,2,4,2,0,7,2,300,57,133,34,18,25,1,56,15,5,35,2,87,63,50,93,2,0
2017-10-21,Championship,2529338,Nottingham Forest,Burton Albion,,,,2,0,0,70,13,6,2,0,83,13,4,3,4,0,5,8,608,261,245,43,20,25,0,85,7,6,36,1,54,47,53,58,0,0,30,10,1,1,1,55,11,6,3,6,0,8,2,255,58,82,22,21,29,0,61,11,4,26,4,56,53,47,82,2,0
2017-10-21,Championship,2529339,Sheffield United,Reading,,,,2,1,0,47,15,5,3,2,71,13,4,3,7,0,13,2,399,110,172,34,35,39,6,64,9,1,15,0,58,51,67,46,1,0,53,5,1,1,0,75,17,4,3,1,0,3,2,457,181,161,36,12,28,3,47,15,7,27,3,45,49,33,67,2,0
2017-10-21,Championship,2529340,Wolverhampton Wanderers,Preston North End,,,,3,2,0,44,12,6,4,1,68,11,3,4,2,0,8,4,362,118,129,38,22,32,1,72,9,2,26,1,66,61,51,85,3,0,56,10,2,2,1,77,17,3,6,2,0,6,4,445,162,180,51,19,39,1,58,10,2,13,3,49,39,49,50,3,1
2017-10-21,Championship,2529337,Millwall,Birmingham City,,,,2,0,0,50,14,3,0,0,57,13,6,7,4,0,9,5,332,68,122,40,18,17,0,73,9,5,33,4,90,56,50,67,2,0,50,16,4,1,1,61,15,3,7,5,0,8,8,333,108,96,28,36,39,0,53,10,4,46,2,80,44,50,50,2,0
2017-10-22,Championship,2529335,Ipswich Town,Norwich City,,,,0,1,2,53,14,2,0,0,65,12,6,12,0,1,11,5,373,0,147,48,0,23,3,59,9,0,20,4,75,56,57,60,0,0,47,10,5,0,0,70,10,5,5,0,0,6,4,342,0,148,26,0,21,2,57,9,0,56,2,58,44,43,50,0,0
2017-10-27,Championship,2529346,Leeds United,Sheffield United,,,,1,2,2,51,8,2,0,0,65,9,0,5,1,1,3,5,380,130,118,33,20,23,1,58,13,0,43,4,71,62,40,86,2,0,49,12,6,2,1,68,18,5,6,0,0,8,4,358,83,159,30,11,36,3,79,19,1,22,1,58,38,60,67,6,0
2017-10-28,Championship,2529351,Sheffield Wednesday,Barnsley,,,,1,1,1,57,22,6,3,3,77,9,7,10,6,1,14,8,449,130,215,43,27,23,2,50,8,4,26,3,58,47,60,75,2,0,43,12,4,0,0,64,6,5,4,4,1,7,5,339,102,114,38,25,25,2,54,6,6,34,5,51,53,40,82,1,0
2017-10-28,Championship,2529342,Burton Albion,Ipswich Town,,,,1,2,2,48,18,6,2,2,52,18,4,7,5,0,11,7,288,48,101,23,35,32,2,90,5,1,34,3,54,54,48,100,1,0,52,9,5,0,0,55,15,5,3,1,0,5,4,319,84,91,30,5,41,2,60,13,5,23,5,52,46,52,43,3,0
2017-10-28,Championship,2529343,Cardiff City,Millwall,,,,0,0,1,56,13,4,3,3,61,12,5,7,2,0,10,3,357,71,148,28,38,29,0,50,19,1,50,2,60,42,44,57,2,0,44,7,2,1,1,51,10,6,4,1,0,4,3,273,58,80,27,24,37,1,46,6,2,40,4,80,58,56,80,1,0
2017-10-28,Championship,2529344,Fulham,Bolton Wanderers,,,,1,1,1,77,19,5,3,2,88,9,11,5,9,1,14,5,615,225,315,62,25,23,3,63,6,0,34,3,60,54,55,77,1,0,23,13,3,0,0,60,17,5,10,0,0,7,6,179,41,67,38,38,15,2,48,16,9,32,4,50,46,45,69,4,0
2017-10-28,Championship,2529347,Norwich City,Derby County,,,,1,2,2,58,18,4,1,1,85,15,6,8,6,1,7,11,534,255,197,57,17,19,1,78,10,1,19,3,52,50,42,67,1,0,42,12,5,2,1,80,13,3,6,1,0,5,7,384,135,174,57,13,15,3,53,16,6,24,3,58,50,58,60,3,0
2017-10-28,Championship,2529348,Preston North End,Brentford,,,,2,3,2,56,13,3,2,2,72,13,4,7,3,0,8,5,465,115,218,35,12,31,1,64,19,5,23,1,64,54,35,65,3,0,44,17,4,2,0,69,9,5,8,5,0,11,6,365,110,142,39,27,20,1,23,14,3,43,1,71,46,65,54,0,0
2017-10-28,Championship,2529349,Queens Park Rangers,Wolverhampton Wanderers,,,,2,1,0,48,17,6,1,0,70,16,3,5,6,0,7,10,411,137,149,34,24,28,0,67,17,0,22,1,81,52,58,55,4,0,52,7,2,2,1,71,16,4,5,0,0,5,2,454,161,160,34,12,29,6,40,14,7,24,3,67,48,42,71,1,0
2017-10-28,Championship,2529350,Reading,Middlesbrough,,,,0,2,2,68,9,3,0,0,84,8,3,4,2,0,3,6,591,295,200,54,17,28,2,61,3,5,21,1,51,59,44,56,1,0,32,10,3,3,1,70,11,3,2,5,0,8,2,278,94,100,34,50,19,1,69,8,2,29,3,44,41,56,38,1,0
2017-10-28,Championship,2529352,Sunderland,Bristol City,,,,1,2,2,53,13,4,2,1,62,10,6,4,5,0,7,6,389,98,142,20,14,37,2,76,9,2,23,2,54,45,36,45,2,0,47,13,4,1,0,60,13,5,5,4,0,6,7,352,106,106,34,21,33,2,75,10,5,53,4,76,55,64,46,3,0
2017-10-28,Championship,2529345,Hull City,Nottingham Forest,,,,2,3,2,44,11,6,0,0,70,16,4,5,0,1,12,6,418,0,170,45,0,18,1,77,10,0,10,2,54,48,52,67,0,0,56,7,5,0,0,79,16,4,2,0,1,8,3,548,0,225,41,0,15,1,64,5,0,50,3,56,52,48,81,0,0
2017-10-29,Championship,2529341,Birmingham City,Aston Villa,,,,0,0,1,54,7,3,0,0,65,16,3,4,0,0,8,7,329,0,141,38,0,17,1,67,7,0,44,4,68,60,54,60,0,0,46,12,4,0,0,60,13,4,8,0,2,9,4,270,0,110,24,0,18,1,91,8,0,48,3,51,40,46,40,0,0
2017-10-31,Championship,2529354,Burton Albion,Barnsley,,,,2,4,2,58,14,4,2,1,64,13,5,5,5,0,10,4,361,75,155,30,31,45,1,73,9,1,27,2,57,43,48,67,0,0,42,9,6,2,0,53,12,4,2,1,0,7,2,276,59,86,22,0,30,1,69,10,5,37,2,69,57,52,80,1,0
2017-10-31,Championship,2529355,Cardiff City,Ipswich Town,,,,3,1,0,41,14,8,0,0,59,13,5,6,0,2,15,4,274,0,120,43,0,21,2,62,16,0,31,1,71,56,51,77,0,0,59,6,2,0,0,69,13,7,4,0,1,6,3,401,0,134,30,0,29,3,46,16,0,36,5,62,44,49,40,0,0
2017-10-31,Championship,2529356,Fulham,Bristol City,,,,0,2,2,58,21,2,1,1,82,13,2,9,10,1,8,13,525,232,197,35,17,26,1,65,4,4,22,3,56,50,50,75,0,1,42,15,5,1,0,75,14,4,6,4,1,10,5,387,142,150,49,25,19,6,70,9,10,16,2,56,50,50,75,2,0
2017-10-31,Championship,2529357,Hull City,Middlesbrough,,,,1,3,2,60,6,4,0,0,75,12,5,0,2,0,3,3,507,184,195,42,20,30,1,75,11,2,26,3,55,43,52,50,2,1,40,9,6,2,0,63,12,5,1,2,0,8,1,333,95,114,23,25,23,5,60,19,2,26,3,63,57,48,75,2,0
2017-10-31,Championship,2529359,Norwich City,Wolverhampton Wanderers,,,,0,2,2,53,14,2,0,0,86,11,6,6,6,1,8,6,501,215,215,57,26,30,1,50,18,7,15,2,51,45,41,33,4,0,47,15,4,3,2,80,24,7,4,7,0,10,5,448,193,165,43,31,13,0,89,14,5,25,2,65,55,59,85,4,0
2017-10-31,Championship,2529361,Queens Park Rangers,Sheffield United,,,,1,0,0,39,9,2,0,0,53,15,4,7,0,0,9,3,307,0,115,19,0,19,4,70,19,0,30,1,77,48,59,64,0,0,61,4,1,0,0,66,8,6,3,0,0,4,1,491,0,207,38,0,32,5,57,10,0,21,1,67,52,41,64,0,0
2017-10-31,Championship,2529362,Sheffield Wednesday,Millwall,,,,2,1,0,60,17,5,3,1,79,10,8,6,6,1,11,6,488,167,220,39,28,30,1,75,11,5,31,2,49,40,53,20,0,0,40,13,3,3,2,65,11,5,5,5,0,9,4,325,73,137,47,32,21,1,67,4,6,30,3,58,60,47,77,0,1
2017-10-31,Championship,2529363,Sunderland,Bolton Wanderers,,,,3,3,1,62,9,5,2,0,79,6,11,2,2,0,6,3,467,204,164,53,10,34,3,74,6,4,40,1,60,56,43,69,1,0,38,10,4,1,0,66,12,9,2,4,0,7,3,281,65,121,40,32,25,3,60,10,2,46,2,57,44,57,31,0,0
2017-10-31,Championship,2529358,Leeds United,Derby County,,,,1,2,2,45,7,1,1,1,72,14,5,4,2,0,4,3,358,118,138,45,25,23,2,83,9,4,43,1,64,49,56,89,2,0,55,8,3,2,0,74,16,8,1,4,0,3,5,437,184,138,57,13,29,2,56,6,2,30,0,59,51,44,72,2,0
2017-10-31,Championship,2529364,Reading,Nottingham Forest,,,,3,1,0,43,11,7,2,1,77,11,4,2,2,0,5,6,393,195,109,53,17,17,4,63,16,2,26,5,46,48,50,53,0,0,57,14,6,3,3,83,11,4,5,3,0,9,5,518,271,161,50,35,29,1,59,8,2,23,5,49,52,50,75,1,0
2017-11-01,Championship,2529360,Preston North End,Aston Villa,,,,0,2,2,58,6,2,0,0,74,10,3,4,0,0,4,4,538,0,222,41,0,23,1,81,8,0,31,1,69,53,53,86,0,0,42,8,3,0,0,70,17,1,5,0,0,7,2,397,0,147,37,0,14,3,72,18,0,39,2,61,47,47,54,0,0
2017-11-01,Championship,2529353,Birmingham City,Brentford,,,,0,2,2,43,15,2,0,0,69,9,7,9,4,1,4,11,326,129,96,38,24,25,5,57,13,4,25,3,61,54,62,67,2,0,57,16,5,2,1,77,7,4,7,4,0,10,6,442,171,169,47,8,23,2,75,6,4,28,2,47,46,38,54,1,0
2017-11-03,Championship,2529376,Wolverhampton Wanderers,Fulham,,,,2,0,0,46,15,5,2,2,86,16,4,6,4,0,10,5,513,257,184,64,43,15,4,75,17,3,13,2,38,42,58,44,2,0,54,10,2,0,0,89,7,1,5,3,0,4,6,602,250,283,64,10,30,0,60,14,4,7,3,48,58,42,59,4,0
2017-11-04,Championship,2529369,Bristol City,Cardiff City,,,,2,1,0,60,14,6,0,0,69,17,11,7,1,0,11,3,360,117,131,49,28,24,1,50,5,5,44,2,72,46,49,78,3,0,40,15,3,0,0,51,11,3,7,5,0,8,7,250,51,76,25,27,23,1,50,10,1,41,4,80,54,51,53,2,1
2017-11-04,Championship,2529365,Aston Villa,Sheffield Wednesday,,,,1,2,2,56,6,4,0,0,82,8,6,2,0,0,7,5,550,0,211,40,0,16,1,81,8,0,24,0,69,61,45,73,0,0,44,6,2,0,0,76,12,2,4,0,0,3,6,445,0,155,38,0,18,1,56,10,0,43,3,57,39,55,50,0,0
2017-11-04,Championship,2529366,Barnsley,Birmingham City,,,,2,0,0,52,17,6,3,2,69,7,8,9,2,0,11,6,362,125,123,34,32,27,1,58,9,4,16,3,57,54,43,73,0,0,48,10,3,1,1,69,13,2,3,4,0,6,4,350,130,113,35,31,27,1,59,15,2,29,4,57,46,57,75,2,0
2017-11-04,Championship,2529367,Bolton Wanderers,Norwich City,,,,2,1,0,32,12,6,0,0,66,16,4,6,0,0,9,8,296,0,140,51,0,12,0,56,12,0,25,3,59,48,52,63,0,0,68,13,4,0,0,82,10,5,9,0,0,12,4,624,0,227,54,0,25,1,57,8,0,23,4,60,52,48,55,0,0
2017-11-04,Championship,2529370,Derby County,Reading,,,,2,4,2,49,13,4,2,0,72,20,9,5,4,0,10,3,420,126,175,34,26,28,0,56,11,1,7,1,56,45,56,53,4,0,51,8,5,4,1,75,12,0,2,1,0,7,1,452,230,107,36,38,21,1,81,14,4,40,2,58,55,44,54,3,0
2017-11-04,Championship,2529371,Ipswich Town,Preston North End,,,,3,0,0,36,8,5,0,0,52,11,2,3,0,1,8,3,282,0,91,34,0,16,3,62,6,0,28,3,61,49,58,44,0,0,64,9,3,0,0,75,8,1,6,0,1,7,5,505,0,248,39,0,28,5,82,11,0,25,1,51,51,42,50,0,0
2017-11-04,Championship,2529373,Millwall,Burton Albion,,,,0,1,2,53,12,2,1,1,60,10,5,7,3,1,6,6,374,84,140,40,18,38,2,65,10,0,15,0,73,51,58,18,1,1,47,2,1,1,0,56,16,1,1,0,0,2,0,345,85,108,21,33,29,0,63,8,3,62,2,61,49,42,50,2,0
2017-11-04,Championship,2529374,Nottingham Forest,Queens Park Rangers,,,,4,0,0,52,13,6,0,0,73,13,6,7,0,0,14,4,433,0,146,35,0,26,1,71,11,0,34,2,65,53,40,71,0,0,48,10,2,0,0,70,7,3,8,0,0,7,7,385,0,153,44,0,27,2,86,8,0,17,2,68,47,60,44,0,0
2017-11-04,Championship,2529375,Sheffield United,Hull City,,,,4,1,0,59,12,6,0,0,77,6,10,6,0,0,13,3,520,0,255,47,0,40,4,57,20,0,8,1,60,47,56,44,0,0,41,5,2,0,0,66,13,0,3,0,0,3,4,369,0,103,33,0,20,0,64,12,0,30,4,60,53,44,65,0,0
2017-11-04,Championship,2529368,Brentford,Leeds United,,,,3,1,0,49,18,6,3,2,72,8,5,9,3,2,10,8,352,116,137,42,26,28,2,67,9,2,25,6,60,51,68,63,3,0,51,13,7,2,1,74,14,2,4,2,0,5,8,377,157,122,38,27,26,1,74,15,3,38,3,48,49,32,38,2,0
2017-11-05,Championship,2529372,Middlesbrough,Sunderland,,,,1,0,0,46,6,4,1,0,71,12,1,2,0,0,2,4,368,119,144,44,16,32,1,59,11,2,38,3,77,53,63,60,1,0,54,9,3,1,1,72,17,5,4,2,0,4,5,428,136,171,26,25,26,1,68,8,0,19,3,59,47,37,53,4,0
2017-11-17,Championship,2529378,Burton Albion,Sheffield United,,,,1,3,2,47,9,3,0,0,66,12,4,3,3,0,2,7,418,135,139,34,21,30,1,73,17,3,28,2,54,41,56,75,1,0,53,15,5,3,0,71,10,5,7,3,1,9,6,488,172,176,28,10,28,2,75,11,3,27,2,57,59,44,75,0,0
2017-11-17,Championship,2529384,Preston North End,Bolton Wanderers,,,,0,0,1,57,8,4,0,0,66,13,5,4,0,0,5,7,380,0,161,36,0,22,3,53,13,0,51,3,71,49,46,89,0,0,43,8,3,0,0,55,12,6,5,0,0,5,4,284,0,110,30,0,21,2,64,9,0,43,4,77,51,54,71,0,0
2017-11-18,Championship,2529377,Birmingham City,Nottingham Forest,,,,1,0,0,37,8,3,0,0,68,10,5,5,0,0,7,8,327,0,131,31,0,23,3,67,13,0,36,4,82,54,82,52,0,0,63,7,4,0,0,82,9,12,3,0,0,3,10,547,0,243,43,0,33,0,71,4,0,22,2,52,46,18,47,0,0
2017-11-18,Championship,2529379,Cardiff City,Brentford,,,,2,0,0,30,13,7,2,1,59,16,3,5,1,0,7,6,203,42,78,23,15,20,2,62,24,11,47,6,50,47,48,71,2,0,70,25,7,1,1,79,10,10,8,10,0,14,11,495,197,192,49,33,24,0,44,6,1,27,5,55,53,52,64,0,0
2017-11-18,Championship,2529383,Norwich City,Barnsley,,,,1,1,1,50,12,2,0,0,75,11,6,7,3,0,3,9,443,183,148,36,7,18,0,88,12,5,32,5,43,39,56,61,1,0,50,17,6,0,0,76,7,5,6,5,0,9,8,449,142,200,44,20,21,0,65,9,3,18,1,53,61,44,92,2,0
2017-11-18,Championship,2529385,Queens Park Rangers,Aston Villa,,,,1,2,2,52,10,4,0,0,64,12,4,6,0,0,10,4,341,0,129,43,0,19,3,57,13,0,37,4,59,48,50,62,0,0,48,19,6,0,0,66,12,6,13,0,1,21,5,322,0,130,32,0,23,2,73,9,0,53,3,62,52,50,57,0,0
2017-11-18,Championship,2529386,Reading,Wolverhampton Wanderers,,,,0,2,2,61,16,6,1,1,83,7,6,5,5,0,8,8,549,261,193,62,19,26,1,67,21,2,16,2,52,47,48,46,2,0,39,10,4,2,1,71,14,8,4,2,0,6,4,344,121,123,45,24,18,1,44,18,5,22,5,58,53,52,89,2,0
2017-11-18,Championship,2529387,Sheffield Wednesday,Bristol City,,,,0,0,1,51,9,0,1,1,79,10,6,6,3,0,6,3,483,214,167,36,11,19,2,71,14,1,30,2,45,42,50,75,1,0,49,10,2,1,1,71,12,2,7,1,0,6,4,460,202,125,38,19,20,1,11,6,3,16,0,52,58,50,100,1,0
2017-11-18,Championship,2529388,Sunderland,Millwall,,,,2,2,1,65,11,5,2,1,83,9,6,3,3,0,5,6,505,176,243,49,10,24,1,67,7,4,34,1,60,58,36,69,3,0,35,11,3,0,0,65,17,2,4,4,0,3,8,273,46,132,42,25,19,3,50,11,3,50,3,59,43,64,69,0,0
2017-11-18,Championship,2529381,Hull City,Ipswich Town,,,,2,2,1,54,8,4,0,0,65,20,3,4,0,0,7,4,385,0,139,49,0,30,4,81,9,0,22,3,69,49,49,22,0,0,46,7,5,0,0,61,23,6,2,0,0,6,7,325,0,140,45,0,23,2,57,26,0,29,2,72,51,51,50,0,0
2017-11-18,Championship,2529380,Fulham,Derby County,,,,1,1,1,57,12,2,0,0,86,13,10,6,4,0,6,6,513,203,238,50,7,30,0,60,8,1,22,1,43,43,43,67,1,0,43,5,2,1,0,81,8,2,2,1,0,3,2,400,196,128,54,7,16,4,58,8,3,34,1,57,57,57,75,0,0
2017-11-19,Championship,2529382,Leeds United,Middlesbrough,,,,2,1,0,43,12,2,3,1,70,13,3,7,3,1,9,3,327,94,136,38,27,14,0,57,11,3,36,1,67,51,48,63,5,0,57,10,2,1,0,72,16,10,5,3,0,5,5,421,141,162,47,16,33,0,50,5,3,12,0,68,49,52,71,3,0
2017-11-21,Championship,2529389,Aston Villa,Sunderland,,,,2,1,0,42,6,5,0,0,79,11,2,1,0,0,4,4,432,0,183,45,0,23,1,62,6,0,24,1,58,52,45,80,0,0,58,4,2,0,0,81,11,2,2,0,0,1,3,588,0,215,52,0,24,2,88,16,0,9,3,57,48,55,73,0,0
2017-11-21,Championship,2529390,Barnsley,Cardiff City,,,,0,1,2,56,9,1,1,1,71,11,4,6,2,0,2,7,405,158,130,38,19,22,0,53,7,4,37,2,53,45,42,33,0,0,44,9,4,0,0,60,13,4,2,3,0,4,5,318,74,118,32,12,30,0,70,19,2,25,1,68,55,58,60,2,0
2017-11-21,Championship,2529391,Brentford,Burton Albion,,,,1,1,1,67,12,2,0,0,81,9,10,4,6,0,5,7,611,285,210,50,13,25,1,54,3,1,12,0,45,49,46,62,1,0,33,4,1,1,0,62,12,5,2,1,0,4,0,295,83,100,24,19,17,0,67,11,6,31,1,48,51,54,67,1,0
2017-11-21,Championship,2529392,Bristol City,Preston North End,,,,1,2,2,65,13,4,2,2,77,6,5,4,5,0,11,2,542,243,174,51,24,27,1,67,5,4,12,3,61,58,59,54,1,0,35,13,5,2,0,66,16,0,4,4,0,7,6,299,89,107,28,25,24,4,64,19,7,33,1,43,42,41,50,3,0
2017-11-21,Championship,2529393,Derby County,Queens Park Rangers,,,,2,0,0,52,13,4,1,0,73,8,4,6,3,0,8,5,440,160,163,40,20,32,2,44,12,1,21,1,51,53,55,63,2,0,48,9,1,0,0,72,14,2,7,1,0,4,5,396,181,103,35,18,29,2,71,14,3,33,2,44,47,45,50,3,0
2017-11-21,Championship,2529396,Millwall,Hull City,,,,0,0,1,48,15,5,2,2,66,8,6,7,3,0,13,2,363,77,163,38,25,25,0,64,9,5,31,2,82,54,60,50,1,0,52,17,2,1,1,70,18,4,9,6,0,9,8,391,120,152,33,25,22,1,67,4,3,41,5,62,46,40,80,2,0
2017-11-21,Championship,2529397,Nottingham Forest,Norwich City,,,,1,0,0,53,10,6,0,0,84,17,5,4,0,0,5,6,515,0,232,58,0,11,1,62,14,0,32,2,52,45,44,43,0,0,47,9,2,0,0,81,13,4,7,0,0,5,9,460,0,171,39,0,19,3,64,10,0,12,5,64,55,56,55,0,0
2017-11-21,Championship,2529398,Sheffield United,Fulham,,,,4,5,2,55,12,7,2,0,80,13,4,3,2,0,7,5,504,164,239,46,19,39,4,60,9,1,7,2,68,48,62,65,3,0,45,9,7,2,0,78,8,3,1,1,0,7,2,434,208,130,23,14,25,1,68,12,3,31,2,63,52,38,75,4,0
2017-11-21,Championship,2529400,Bolton Wanderers,Reading,,,,2,2,1,27,15,4,3,2,55,18,6,4,7,0,11,4,188,25,79,39,43,20,1,78,11,2,41,2,51,40,46,69,2,0,73,13,4,2,0,81,8,9,7,2,0,10,3,536,235,201,58,19,30,3,58,11,7,21,2,69,60,54,72,0,0
2017-11-22,Championship,2529394,Ipswich Town,Sheffield Wednesday,,,,2,2,1,32,11,8,0,0,60,9,4,3,0,0,11,2,273,0,115,44,0,20,2,53,25,0,34,0,55,55,51,45,0,0,68,11,2,0,0,79,12,7,9,0,0,11,4,588,0,224,38,0,27,1,45,9,0,18,6,48,45,49,57,0,0
2017-11-22,Championship,2529395,Middlesbrough,Birmingham City,,,,2,0,0,54,16,6,3,1,84,7,9,6,4,0,8,8,502,198,226,49,13,27,2,67,10,4,27,2,49,61,44,64,1,0,46,11,2,1,1,80,7,5,5,4,0,7,4,422,163,175,47,28,18,0,75,10,4,23,4,41,39,56,40,1,0
2017-11-22,Championship,2529399,Wolverhampton Wanderers,Leeds United,,,,4,1,0,54,12,7,3,1,81,12,1,4,1,0,7,5,515,244,172,49,29,31,0,78,15,0,6,3,56,49,63,75,0,0,46,9,4,1,0,78,12,2,4,1,0,3,6,442,191,155,38,30,20,0,71,12,1,14,3,50,51,37,86,2,1
2017-11-25,Championship,2529402,Barnsley,Leeds United,,,,0,2,2,53,14,3,0,0,66,11,5,5,6,0,6,8,337,106,115,27,12,22,4,58,10,9,33,2,68,51,48,57,3,0,47,19,4,1,1,59,10,12,6,9,0,7,12,298,62,113,29,13,26,4,74,11,6,32,3,69,49,52,56,3,0
2017-11-25,Championship,2529401,Aston Villa,Ipswich Town,,,,2,0,0,57,12,5,0,0,67,14,4,7,0,0,10,6,452,0,184,28,0,23,3,60,6,0,33,0,72,57,47,76,0,0,43,4,0,0,0,58,16,6,4,0,0,5,1,331,0,111,35,0,23,2,62,22,0,23,3,66,43,53,58,0,0
2017-11-25,Championship,2529403,Burton Albion,Sunderland,,,,0,2,2,46,15,1,0,0,69,4,7,8,6,0,7,8,363,101,149,24,28,24,0,100,17,2,22,3,44,43,51,60,0,0,54,13,6,3,1,75,12,7,6,1,0,6,7,430,168,153,40,24,29,2,83,7,6,37,1,52,57,49,87,3,0
2017-11-25,Championship,2529404,Fulham,Millwall,,,,1,0,0,63,16,5,3,2,82,15,10,4,7,0,6,10,476,156,236,37,15,26,1,52,8,1,50,1,67,56,36,67,0,0,37,13,1,1,1,65,14,4,11,1,2,8,5,265,60,112,43,33,34,1,64,11,7,20,4,75,44,64,44,2,0
2017-11-25,Championship,2529405,Hull City,Bristol City,,,,2,3,2,43,16,3,3,1,68,13,2,8,5,0,7,9,370,111,139,22,29,25,2,72,17,3,32,1,76,64,48,42,1,0,57,11,5,3,1,72,20,2,4,2,0,6,5,490,233,120,44,8,29,2,62,19,4,22,1,55,36,52,75,2,0
2017-11-25,Championship,2529406,Middlesbrough,Derby County,,,,0,3,2,59,16,2,3,3,83,12,11,12,2,0,10,6,455,198,181,59,21,31,0,63,8,2,23,5,55,49,55,65,1,1,41,13,8,3,1,71,10,6,3,2,0,9,4,330,129,105,39,17,12,0,75,8,3,31,1,53,51,45,70,2,0
2017-11-25,Championship,2529407,Norwich City,Preston North End,,,,1,1,1,52,5,3,0,0,72,14,4,2,0,0,4,5,373,0,165,38,0,15,3,75,10,0,43,3,61,48,38,60,0,0,48,12,4,0,0,63,12,5,8,0,1,14,5,333,0,146,38,0,18,0,57,7,0,26,1,77,52,62,64,0,0
2017-11-25,Championship,2529410,Reading,Sheffield Wednesday,,,,0,0,1,57,16,1,2,2,82,8,7,11,4,0,9,7,507,262,154,52,21,22,5,62,12,1,25,1,51,58,47,71,0,0,43,5,1,2,2,76,13,2,3,1,0,3,2,396,148,154,39,6,25,0,71,7,3,33,1,43,42,53,63,1,0
2017-11-25,Championship,2529412,Wolverhampton Wanderers,Bolton Wanderers,,,,5,1,0,62,15,8,6,2,83,17,7,4,3,0,12,3,511,268,155,52,29,15,2,60,12,3,27,4,66,51,62,81,2,0,38,11,5,2,1,70,12,4,3,3,0,4,7,312,79,140,38,31,23,0,54,8,2,12,3,55,49,38,71,2,0
2017-11-25,Championship,2529411,Sheffield United,Birmingham City,,,,1,1,1,69,8,2,0,0,84,9,9,6,0,0,6,6,622,0,353,50,0,31,0,56,7,0,10,0,53,52,49,47,0,0,31,2,2,0,0,66,12,1,0,0,0,2,1,296,0,104,45,0,13,1,72,11,0,49,1,51,48,51,46,0,0
2017-11-26,Championship,2529408,Nottingham Forest,Cardiff City,,,,0,2,2,69,6,2,0,0,80,10,8,4,0,0,6,6,549,0,174,41,0,28,3,50,8,0,33,0,60,54,47,72,0,0,31,7,2,0,0,61,10,4,5,0,0,4,5,252,0,113,37,0,13,8,57,21,0,42,2,58,46,53,62,0,0
2017-11-27,Championship,2529409,Queens Park Rangers,Brentford,,,,2,2,1,49,16,5,2,0,70,10,7,7,4,1,10,6,373,87,174,44,12,32,4,77,18,6,23,5,70,53,51,73,2,0,51,21,7,0,0,73,14,9,8,6,0,15,6,386,141,142,45,28,24,3,50,9,5,55,2,64,47,49,71,2,0
2017-11-28,Championship,2529258,Derby County,Ipswich Town,,,,0,1,2,64,14,3,1,1,81,9,10,8,3,0,8,6,556,241,211,43,17,30,0,75,10,2,16,1,55,56,56,71,3,0,36,4,2,0,0,65,13,3,0,2,0,3,1,311,95,106,29,8,19,3,53,12,3,34,3,44,44,44,27,3,0
2017-11-28,Championship,2529268,Reading,Barnsley,,,,3,0,0,53,11,4,1,0,76,7,5,5,2,1,6,5,455,216,131,46,24,18,1,56,14,4,23,3,57,54,59,67,0,0,47,13,3,0,0,71,9,4,6,4,1,3,10,400,144,138,30,18,24,0,46,11,2,10,2,45,46,41,62,1,0
2017-12-01,Championship,2529417,Cardiff City,Norwich City,,,,3,1,0,37,10,6,0,0,56,14,3,4,0,1,10,1,277,0,99,29,0,11,1,57,13,0,28,4,66,51,38,68,0,0,63,9,5,0,0,78,9,7,4,0,0,11,3,474,0,176,45,0,26,1,61,12,0,39,3,74,49,63,58,0,0
2017-12-01,Championship,2529420,Leeds United,Aston Villa,,,,1,1,1,52,7,1,0,0,73,15,5,3,3,0,2,5,378,129,147,46,19,31,1,79,10,3,33,3,80,49,48,57,2,0,48,8,4,0,0,68,16,1,1,3,0,2,6,353,110,129,30,8,31,2,65,8,3,33,0,85,51,52,74,3,0
2017-12-02,Championship,2529414,Bolton Wanderers,Barnsley,,,,3,1,0,41,9,4,3,1,64,9,4,4,1,1,5,4,283,76,105,39,25,32,0,57,19,5,33,5,75,52,56,56,4,0,59,16,6,1,0,73,10,4,5,5,0,15,1,424,139,169,43,22,38,1,63,8,1,32,1,65,48,44,72,5,0
2017-12-02,Championship,2529415,Brentford,Fulham,,,,3,1,0,51,17,6,4,2,83,10,6,8,3,1,10,7,481,197,200,51,31,25,3,50,6,1,14,5,40,38,63,35,1,0,49,11,6,2,1,79,12,3,4,1,1,5,6,463,209,157,37,30,17,4,71,10,3,16,3,52,62,37,88,3,1
2017-12-02,Championship,2529418,Derby County,Burton Albion,,,,1,0,0,60,20,5,0,0,80,11,5,7,8,0,7,13,563,226,227,39,20,21,5,56,14,5,29,1,61,48,67,63,0,0,40,9,2,0,0,68,9,4,3,4,0,4,5,352,107,131,29,21,20,0,75,8,8,26,5,47,52,33,75,2,0
2017-12-02,Championship,2529419,Ipswich Town,Nottingham Forest,,,,4,2,0,29,12,5,0,0,64,15,1,7,0,0,7,7,277,0,118,34,0,25,3,57,7,0,37,6,48,44,61,36,0,0,71,11,8,0,0,84,11,8,3,0,1,11,3,665,0,281,45,0,25,1,56,7,0,20,1,49,56,39,81,0,0
2017-12-02,Championship,2529421,Millwall,Sheffield United,,,,3,1,0,37,11,4,2,0,60,13,3,4,3,0,10,1,292,67,109,33,29,32,5,50,8,3,22,1,63,46,54,69,0,0,63,10,2,0,0,79,9,4,4,4,0,5,5,496,165,228,45,13,29,4,82,13,3,19,1,64,54,46,81,1,0
2017-12-02,Championship,2529422,Preston North End,Queens Park Rangers,,,,1,0,0,66,13,5,0,0,80,14,9,8,0,0,12,8,466,0,237,48,0,28,1,56,8,0,30,2,49,46,47,54,0,0,34,6,2,0,0,60,12,3,4,0,0,1,8,240,0,93,39,0,15,3,75,11,0,40,4,57,54,53,44,0,0
2017-12-02,Championship,2529423,Sheffield Wednesday,Hull City,,,,2,2,1,62,12,4,0,0,79,15,6,8,0,1,13,5,486,0,212,54,0,21,3,54,4,0,19,0,62,45,51,60,0,0,38,3,2,0,0,64,13,2,1,0,0,3,0,300,0,104,34,0,14,3,74,12,0,43,2,67,55,49,40,0,0
2017-12-02,Championship,2529424,Sunderland,Reading,,,,1,3,2,37,6,4,1,0,80,10,3,1,1,0,5,1,359,177,109,42,21,18,2,46,11,3,17,3,42,53,39,56,2,1,63,13,6,4,1,90,12,7,3,4,0,8,5,628,354,209,75,28,13,4,57,5,1,25,3,42,47,61,57,2,0
2017-12-02,Championship,2529416,Bristol City,Middlesbrough,,,,2,1,0,49,15,7,2,0,70,10,0,6,2,0,10,5,409,129,158,48,18,25,1,44,8,1,36,1,71,49,61,79,2,0,51,7,1,0,0,73,13,5,4,2,0,2,5,413,160,141,39,29,17,2,64,8,3,33,4,60,51,39,71,2,0
2017-12-04,Championship,2529413,Birmingham City,Wolverhampton Wanderers,,,,0,1,2,44,6,0,0,0,77,13,3,3,3,0,4,2,415,144,177,46,30,29,0,67,10,1,16,4,50,35,63,45,2,1,56,9,5,2,1,82,8,1,3,1,0,6,3,545,242,204,53,0,19,1,70,9,3,16,0,62,65,38,78,2,0
2017-12-08,Championship,2529435,Sheffield United,Bristol City,,,,1,2,2,46,15,6,0,0,71,7,7,5,4,3,10,5,398,72,209,43,23,32,1,53,13,5,17,2,57,53,34,73,1,1,54,13,4,1,0,72,11,4,4,5,0,7,6,487,186,166,34,22,28,1,88,13,4,33,5,70,47,66,73,3,0
2017-12-09,Championship,2529425,Aston Villa,Millwall,,,,0,0,1,56,14,1,0,0,75,9,11,5,8,0,7,7,403,116,185,34,17,25,0,62,13,4,53,8,55,44,31,53,1,0,44,16,8,1,1,64,12,5,4,4,1,10,6,326,90,120,45,25,23,3,74,8,8,44,1,92,56,69,70,3,0
2017-12-09,Championship,2529426,Barnsley,Derby County,,,,0,3,2,53,16,4,1,1,68,11,6,7,5,1,8,8,452,145,162,37,14,32,0,54,12,3,9,0,62,55,40,65,0,0,47,13,3,1,0,66,13,4,6,4,0,8,5,425,135,147,32,30,19,5,50,17,5,41,4,67,45,60,33,1,0
2017-12-09,Championship,2529427,Burton Albion,Preston North End,,,,1,2,2,47,11,6,0,0,57,16,5,2,3,0,6,5,349,74,126,27,26,30,0,67,16,6,48,4,72,53,57,60,3,0,53,17,7,3,2,67,11,7,5,5,1,12,5,392,113,151,35,23,39,1,64,13,3,46,5,59,47,43,40,2,0
2017-12-09,Championship,2529428,Fulham,Birmingham City,,,,1,0,0,68,17,4,1,1,81,13,11,11,2,0,12,5,535,180,253,47,28,18,1,77,7,0,27,1,56,51,51,57,1,0,32,6,1,1,1,64,14,7,5,0,0,3,3,242,66,89,45,8,38,3,55,13,2,31,3,54,49,49,55,1,0
2017-12-09,Championship,2529429,Hull City,Brentford,,,,3,2,0,40,13,8,2,2,62,18,9,2,3,1,10,3,299,67,117,30,12,23,1,79,19,2,36,4,54,43,49,25,3,0,60,10,5,1,0,75,9,5,3,2,0,6,4,459,147,199,42,18,26,0,63,6,3,31,5,64,57,51,64,2,0
2017-12-09,Championship,2529430,Middlesbrough,Ipswich Town,,,,2,0,0,57,17,6,2,1,83,14,4,6,5,0,6,11,467,196,191,50,19,19,3,92,8,1,30,1,61,55,77,44,3,0,43,7,1,0,0,72,18,4,5,1,0,3,4,340,138,106,33,27,24,3,43,10,5,21,4,34,45,23,50,1,0
2017-12-09,Championship,2529432,Nottingham Forest,Bolton Wanderers,,,,3,2,0,50,7,4,0,0,70,12,5,3,0,0,6,2,391,0,131,35,0,20,2,52,3,0,53,1,78,63,47,80,0,0,50,9,2,0,0,68,20,3,7,0,0,9,5,394,0,167,34,0,18,1,38,12,0,24,1,60,37,53,53,0,0
2017-12-09,Championship,2529433,Queens Park Rangers,Leeds United,,,,1,3,2,53,15,2,1,1,71,13,2,8,5,0,9,6,394,144,134,36,29,20,3,64,15,1,19,2,65,47,49,70,2,0,47,12,5,2,0,66,9,5,6,1,0,7,5,350,93,138,33,25,25,3,38,11,5,32,1,70,53,51,100,3,0
2017-12-09,Championship,2529436,Wolverhampton Wanderers,Sunderland,,,,0,0,1,72,23,4,0,0,89,11,8,11,8,0,8,15,648,231,346,80,9,19,1,50,6,0,12,1,48,48,46,53,1,0,28,1,1,0,0,66,14,2,0,0,0,0,1,267,104,72,22,25,16,0,68,12,7,47,4,53,52,54,80,3,1
2017-12-09,Championship,2529431,Norwich City,Sheffield Wednesday,,,,3,1,0,49,16,6,0,0,73,11,3,10,0,0,6,10,437,0,150,39,0,16,3,61,11,0,35,3,58,53,47,44,0,0,51,7,4,0,0,73,17,4,3,0,0,4,5,445,0,170,42,0,17,2,72,10,0,19,3,56,48,53,58,0,0
2017-12-11,Championship,2529434,Reading,Cardiff City,,,,2,2,1,52,10,2,1,1,62,10,8,6,2,1,8,2,311,125,69,37,23,22,0,44,13,2,51,6,79,50,57,67,2,0,48,15,8,2,2,61,12,3,4,3,1,10,5,290,45,131,39,26,36,4,69,9,2,39,1,69,50,43,70,1,0
2017-12-15,Championship,2529447,Sheffield Wednesday,Wolverhampton Wanderers,,,,0,1,2,51,5,1,0,0,77,11,7,3,1,0,3,2,479,161,208,45,11,19,2,67,11,2,18,0,66,52,52,71,1,1,49,9,1,1,1,77,12,2,6,2,0,2,7,480,219,149,45,42,21,4,38,12,1,27,1,61,48,48,81,3,0
2017-12-16,Championship,2529437,Birmingham City,Queens Park Rangers,,,,1,2,2,56,9,2,0,0,69,12,7,7,0,0,6,7,368,0,142,47,0,28,6,79,6,0,46,1,81,53,51,67,0,0,44,7,3,0,0,61,16,3,4,0,0,8,3,293,0,103,36,0,20,2,82,10,0,57,1,76,47,49,40,0,0
2017-12-16,Championship,2529438,Bolton Wanderers,Burton Albion,,,,0,1,2,68,16,4,1,1,74,13,8,6,6,1,8,8,469,123,223,48,17,40,0,42,4,1,44,3,81,49,49,39,0,0,32,9,4,1,1,52,13,3,4,1,0,7,2,224,27,89,29,44,35,1,52,9,6,65,4,84,51,51,67,0,0
2017-12-16,Championship,2529439,Brentford,Barnsley,,,,0,0,1,64,23,5,3,3,80,9,13,5,13,0,13,10,499,191,206,59,21,28,1,78,12,0,25,2,56,40,59,50,1,0,36,6,2,0,0,61,9,3,4,0,0,3,3,290,79,99,32,21,24,3,46,15,12,38,6,63,60,41,67,2,0
2017-12-16,Championship,2529440,Bristol City,Nottingham Forest,,,,2,1,0,50,15,6,2,2,69,4,6,7,2,0,9,6,448,151,159,30,22,41,1,78,9,1,15,3,74,57,57,81,2,0,50,10,4,0,0,74,15,3,5,1,0,5,5,454,172,162,27,33,25,1,67,10,2,50,4,56,43,43,73,2,0
2017-12-16,Championship,2529442,Derby County,Aston Villa,,,,2,0,0,33,11,8,6,4,64,9,7,2,1,0,10,1,296,89,99,44,36,22,1,55,13,5,40,1,72,51,58,67,0,0,67,13,2,0,0,82,6,8,6,5,0,10,3,601,258,234,34,18,28,3,70,9,1,32,6,60,49,42,56,0,0
2017-12-16,Championship,2529443,Ipswich Town,Reading,,,,2,0,0,28,15,6,2,1,59,11,8,4,5,0,10,5,193,40,73,39,19,16,2,62,13,6,33,1,57,51,51,60,3,0,72,15,1,0,0,81,13,14,7,7,0,8,7,506,253,157,58,24,37,2,77,9,5,20,3,54,49,49,71,4,0
2017-12-16,Championship,2529444,Leeds United,Norwich City,,,,1,0,0,44,12,3,2,2,66,16,5,7,2,2,5,7,339,102,123,39,19,30,2,74,7,3,31,4,60,55,44,73,3,0,56,15,4,0,0,78,16,4,8,3,2,5,10,447,183,167,49,15,26,0,50,14,2,21,2,56,45,56,56,2,0
2017-12-16,Championship,2529445,Millwall,Middlesbrough,,,,2,1,0,34,14,8,4,3,54,11,7,2,4,0,10,4,221,49,71,30,40,33,1,44,14,1,35,2,84,59,70,75,4,0,66,12,3,0,0,78,17,2,8,1,1,8,4,438,174,166,53,26,25,2,80,4,3,39,6,49,41,30,74,2,0
2017-12-16,Championship,2529446,Preston North End,Sheffield United,,,,1,0,0,47,9,4,0,0,73,9,6,5,0,1,4,7,372,0,164,40,0,29,4,83,9,0,42,1,65,64,40,71,0,0,53,4,1,0,0,71,13,7,3,0,0,4,3,399,0,175,42,0,21,2,92,15,0,9,3,59,36,60,25,0,0
2017-12-16,Championship,2529448,Sunderland,Fulham,,,,1,0,0,34,17,7,3,2,69,5,1,6,4,0,9,8,327,101,124,33,43,23,2,53,13,3,22,3,44,48,35,50,1,0,66,11,3,2,2,83,12,9,4,4,0,6,5,643,259,277,45,20,30,1,33,7,4,25,6,57,52,65,72,2,0
2017-12-16,Championship,2529441,Cardiff City,Hull City,,,,1,0,0,52,10,4,0,0,66,10,3,6,0,0,7,5,383,0,178,38,0,23,5,56,23,0,30,2,84,52,48,67,0,0,48,9,2,0,0,58,12,2,7,0,1,4,7,356,0,107,31,0,21,1,63,13,0,45,3,84,48,52,50,0,0
2017-12-22,Championship,2529454,Norwich City,Brentford,,,,1,2,2,56,22,8,6,6,82,15,2,6,8,2,13,9,510,190,229,46,45,27,7,74,16,3,15,5,58,57,41,64,2,0,44,15,7,3,1,79,9,3,5,3,1,9,6,406,143,176,43,25,21,1,64,12,7,25,6,52,43,59,72,2,0
2017-12-23,Championship,2529450,Bolton Wanderers,Cardiff City,,,,2,0,0,49,6,2,0,0,52,12,3,4,0,0,4,5,248,0,96,24,0,11,2,60,11,0,49,0,85,49,57,57,0,0,51,4,0,0,0,53,16,6,4,0,0,5,2,255,0,103,22,0,23,2,42,11,0,39,0,76,51,43,77,0,0
2017-12-23,Championship,2529451,Derby County,Millwall,,,,3,0,0,52,14,6,1,1,77,12,6,5,3,0,10,4,428,145,184,50,33,21,4,67,11,4,51,2,73,58,53,82,0,0,48,13,3,2,2,69,11,11,6,4,0,8,5,393,80,193,38,15,18,0,67,10,4,24,3,59,42,47,36,1,0
2017-12-23,Championship,2529452,Fulham,Barnsley,,,,2,1,0,62,19,6,1,1,83,11,10,8,5,0,6,13,526,162,274,46,30,27,3,72,6,2,23,1,64,52,54,61,1,0,38,7,2,1,0,72,11,4,3,2,0,5,2,335,108,132,40,30,22,2,60,11,5,30,4,58,48,46,69,2,0
2017-12-23,Championship,2529453,Leeds United,Hull City,,,,1,0,0,45,5,3,0,0,65,9,2,1,1,0,3,2,343,104,119,35,23,27,1,71,17,5,26,4,58,50,45,53,0,0,55,15,4,1,1,71,11,8,6,5,1,7,8,419,136,162,51,30,33,3,70,13,1,18,2,62,50,55,59,2,0
2017-12-23,Championship,2529455,Preston North End,Nottingham Forest,,,,1,1,1,54,11,5,0,0,76,6,9,6,0,0,8,7,449,0,183,42,0,30,1,65,15,0,16,4,72,53,56,69,0,0,46,8,5,0,0,74,12,5,3,0,0,7,4,387,0,114,33,0,16,1,43,13,0,37,5,61,47,44,44,0,0
2017-12-23,Championship,2529456,Queens Park Rangers,Bristol City,,,,1,1,1,56,8,2,0,0,68,12,5,3,3,0,7,1,402,112,162,34,12,28,2,73,15,5,40,4,69,58,41,56,1,0,44,17,6,4,3,65,15,8,7,4,1,12,5,316,91,114,37,28,33,1,55,9,3,47,2,71,42,59,60,3,0
2017-12-23,Championship,2529457,Reading,Burton Albion,,,,1,2,2,76,7,2,1,0,81,6,3,3,2,0,5,2,628,269,238,51,24,39,2,93,6,2,17,1,46,49,51,53,0,0,24,7,3,0,0,51,4,3,2,2,0,3,4,197,30,70,17,18,29,1,65,10,2,45,1,46,51,49,58,1,0
2017-12-23,Championship,2529458,Sheffield Wednesday,Middlesbrough,,,,1,2,2,44,12,5,0,0,69,15,4,5,2,0,5,7,341,113,123,40,6,34,2,69,9,2,30,2,43,35,44,67,2,0,56,13,4,3,3,79,5,4,7,2,0,8,5,425,144,193,45,27,23,6,64,7,2,37,4,67,65,56,65,1,0
2017-12-23,Championship,2529459,Sunderland,Birmingham City,,,,1,1,1,53,13,4,0,0,75,13,6,9,0,0,9,10,409,0,158,35,0,21,2,70,5,0,20,4,54,54,33,80,0,0,47,10,5,0,0,78,15,2,5,0,1,10,6,370,0,168,54,0,15,1,75,17,0,31,3,65,46,67,67,0,0
2017-12-23,Championship,2529460,Wolverhampton Wanderers,Ipswich Town,,,,1,0,0,64,17,5,2,2,84,13,4,9,3,0,7,10,611,268,247,58,20,23,3,73,5,0,5,2,54,47,45,77,1,0,36,5,2,0,0,70,13,5,3,0,0,3,2,323,93,133,28,31,21,1,54,7,3,5,4,63,53,55,82,3,0
2017-12-23,Championship,2529449,Aston Villa,Sheffield United,,,,2,2,1,61,9,3,0,0,77,13,2,6,0,0,7,6,483,0,194,41,0,20,2,44,10,0,26,2,71,53,42,63,0,0,39,9,4,0,0,61,21,4,5,0,0,9,2,310,0,122,42,0,19,6,69,15,0,32,1,78,47,58,56,0,0
2017-12-26,Championship,2529470,Millwall,Wolverhampton Wanderers,,,,2,2,1,37,11,5,4,2,61,10,7,5,1,0,9,2,277,50,119,37,48,30,1,57,10,4,29,6,71,48,58,36,3,0,63,20,8,2,1,81,13,8,8,4,0,10,10,483,177,215,51,20,10,0,59,11,1,30,3,66,53,42,61,3,0
2017-12-26,Championship,2529461,Barnsley,Preston North End,,,,0,0,1,49,7,2,0,0,68,12,1,4,1,0,2,5,374,127,128,30,14,36,1,75,14,4,32,2,71,58,61,67,1,0,51,10,2,0,0,66,13,4,4,4,1,4,6,406,155,114,28,9,29,2,73,10,1,25,2,48,42,39,50,3,0
2017-12-26,Championship,2529462,Birmingham City,Norwich City,,,,0,2,2,48,15,2,0,0,78,16,4,13,0,0,6,12,432,0,189,45,0,20,0,59,15,0,26,6,82,51,62,67,0,0,52,15,8,0,0,79,10,4,7,0,0,8,8,470,0,168,33,0,19,1,62,7,0,36,2,66,49,38,44,0,0
2017-12-26,Championship,2529464,Bristol City,Reading,,,,2,0,0,50,9,6,2,2,74,12,6,2,1,0,8,1,388,150,136,46,10,32,1,53,7,4,32,3,61,57,46,71,3,0,50,11,3,1,1,73,13,5,4,4,0,7,4,391,156,131,46,13,26,1,58,14,1,29,4,56,43,54,44,2,0
2017-12-26,Championship,2529465,Burton Albion,Leeds United,,,,1,2,2,37,13,3,1,0,58,7,0,8,2,0,5,8,296,63,108,45,0,37,2,75,14,3,27,0,57,54,60,44,3,0,63,12,2,1,0,75,9,3,7,3,0,5,7,510,198,186,38,23,24,6,64,11,2,34,2,43,46,40,75,2,0
2017-12-26,Championship,2529466,Cardiff City,Fulham,,,,2,4,2,47,15,6,1,0,63,17,7,4,5,0,8,7,354,68,156,37,17,34,6,61,9,2,10,2,81,48,61,65,1,0,53,9,6,5,1,74,11,2,1,2,0,8,1,417,158,150,31,0,22,3,37,10,5,37,5,74,52,39,79,4,0
2017-12-26,Championship,2529467,Hull City,Derby County,,,,0,0,1,56,11,2,4,4,74,4,4,4,5,0,7,4,485,164,196,37,5,24,0,53,11,0,17,3,66,65,42,75,2,0,44,7,3,1,1,68,19,3,3,1,0,3,4,380,125,133,38,31,27,2,72,17,5,38,2,53,35,58,33,3,0
2017-12-26,Championship,2529468,Ipswich Town,Queens Park Rangers,,,,0,0,1,53,8,2,0,0,60,8,5,6,0,0,7,4,339,0,124,39,0,24,4,23,7,0,30,3,65,49,56,27,0,0,47,5,3,0,0,58,17,6,2,0,0,6,3,294,0,127,24,0,16,5,56,9,0,35,2,59,51,44,62,0,0
2017-12-26,Championship,2529469,Middlesbrough,Bolton Wanderers,,,,2,0,0,59,13,6,0,0,81,15,2,7,0,0,11,5,493,0,193,43,0,15,1,64,9,0,42,0,82,54,48,71,0,0,41,6,0,0,0,68,22,4,6,0,0,6,3,336,0,117,41,0,13,0,52,11,0,26,4,76,46,52,72,0,0
2017-12-26,Championship,2529471,Nottingham Forest,Sheffield Wednesday,,,,0,3,2,62,17,6,3,3,86,14,4,7,4,0,5,12,553,253,224,44,6,16,1,56,12,5,44,5,55,42,56,62,2,0,38,19,8,2,1,69,9,8,6,5,0,10,9,322,84,138,41,13,31,2,37,8,4,13,7,62,58,44,75,0,0
2017-12-26,Championship,2529472,Sheffield United,Sunderland,,,,3,0,0,53,7,4,0,0,77,12,6,3,0,0,8,2,456,0,225,41,0,31,2,55,2,0,16,0,60,46,61,55,0,0,47,3,0,0,0,77,11,0,3,0,0,2,5,402,0,117,43,0,23,0,67,8,0,30,1,56,54,39,69,0,0
2017-12-26,Championship,2529463,Brentford,Aston Villa,,,,2,1,0,53,17,5,2,1,79,11,10,5,7,0,9,8,405,143,175,54,4,25,1,55,13,2,23,3,41,50,34,50,2,0,47,9,5,2,1,74,11,5,2,2,0,6,3,364,128,141,49,23,29,3,69,10,7,34,3,50,50,66,57,1,0
2017-12-29,Championship,2529478,Cardiff City,Preston North End,,,,0,1,2,41,6,3,0,0,52,12,4,3,0,0,6,5,275,0,98,25,0,12,2,69,8,0,32,3,85,60,45,70,0,0,59,8,4,0,0,68,15,7,4,0,0,10,6,392,0,163,38,0,15,1,57,12,0,43,3,81,40,55,43,0,0
2017-12-29,Championship,2529482,Millwall,Queens Park Rangers,,,,1,0,0,54,10,3,2,1,63,11,6,4,3,0,8,2,383,72,170,31,31,36,0,38,12,3,47,4,79,46,53,40,1,0,46,14,4,1,1,57,8,3,7,3,0,8,6,325,83,103,30,26,28,2,60,7,3,65,3,79,54,47,73,1,0
2017-12-30,Championship,2529473,Barnsley,Reading,,,,1,1,1,48,19,7,1,1,66,10,7,9,3,0,15,4,348,90,139,32,25,24,1,67,9,2,22,4,55,52,40,75,0,0,52,10,5,1,0,69,6,5,3,2,0,6,4,391,170,101,59,24,32,3,76,20,2,34,5,63,48,60,50,1,0
2017-12-30,Championship,2529474,Birmingham City,Leeds United,,,,1,0,0,52,12,3,1,0,65,12,8,6,3,0,5,7,343,93,129,47,20,38,3,77,7,0,27,2,85,56,64,78,1,0,48,9,2,1,1,62,12,3,6,1,0,2,7,318,102,96,24,8,24,0,62,13,3,48,2,57,44,36,71,2,0
2017-12-30,Championship,2529475,Brentford,Sheffield Wednesday,,,,2,0,0,56,16,6,5,3,77,9,7,5,5,0,10,6,457,199,154,46,12,18,0,85,8,2,23,1,58,49,57,64,1,0,44,6,1,0,0,69,11,5,3,2,0,3,3,361,134,114,30,25,30,7,43,8,5,16,4,54,51,43,78,3,0
2017-12-30,Championship,2529477,Burton Albion,Norwich City,,,,0,0,1,48,11,2,2,2,56,15,3,6,3,0,9,2,339,62,127,32,5,28,1,50,12,3,29,2,68,51,56,67,1,0,52,6,2,0,0,66,20,4,1,3,0,4,2,390,149,109,25,25,29,8,56,19,2,56,2,61,49,44,56,1,0
2017-12-30,Championship,2529479,Hull City,Fulham,,,,2,2,1,40,10,6,3,1,68,7,4,2,2,0,9,1,344,116,119,31,36,33,5,62,15,2,22,1,61,56,53,69,0,0,60,12,3,2,1,81,12,6,7,2,0,9,3,530,211,217,45,13,33,0,25,7,2,31,4,50,44,47,68,1,0
2017-12-30,Championship,2529480,Ipswich Town,Derby County,,,,1,2,2,53,14,3,1,0,71,16,9,6,5,0,6,8,429,174,131,34,26,21,2,73,8,5,20,4,51,44,31,31,1,0,47,17,6,1,1,72,10,5,5,6,0,11,6,396,97,190,36,9,22,4,68,11,4,36,2,85,56,69,70,0,0
2017-12-30,Championship,2529481,Middlesbrough,Aston Villa,,,,0,1,2,45,7,1,0,0,75,16,5,6,0,0,9,4,375,0,141,41,0,19,0,68,4,0,24,4,89,61,61,78,0,0,55,7,5,0,0,83,12,9,2,0,0,8,3,450,0,139,48,0,16,1,87,7,0,40,1,57,39,39,33,0,0
2017-12-30,Championship,2529483,Nottingham Forest,Sunderland,,,,0,1,2,62,15,3,0,0,85,13,5,12,0,1,15,7,589,0,258,43,0,31,0,54,8,0,23,0,51,38,62,75,0,0,38,1,1,0,0,76,4,1,0,0,0,1,0,364,0,128,37,0,18,1,57,13,0,20,3,67,62,38,77,0,0
2017-12-30,Championship,2529484,Sheffield United,Bolton Wanderers,,,,0,1,2,65,12,5,0,0,80,9,8,7,0,0,11,5,509,0,275,61,0,28,5,56,10,0,22,1,67,47,60,53,0,0,35,2,2,0,0,65,11,5,0,0,0,4,0,277,0,108,45,0,9,1,71,14,0,42,5,60,53,40,64,0,0
2017-12-30,Championship,2529476,Bristol City,Wolverhampton Wanderers,,,,1,2,2,61,13,4,1,1,86,11,6,7,2,0,8,5,551,246,226,62,25,27,2,90,8,1,17,1,43,49,49,80,0,1,39,10,3,2,1,72,10,3,6,1,1,4,6,355,147,110,38,29,19,2,100,9,2,20,3,45,51,51,55,1,1
2018-01-01,Championship,2529486,Bolton Wanderers,Hull City,,,,1,0,0,34,12,3,0,0,63,9,5,9,0,0,8,6,277,0,124,39,0,12,3,32,11,0,50,5,68,52,52,55,0,0,66,12,5,0,0,76,10,9,7,0,1,7,7,543,0,235,45,0,18,2,50,3,0,23,2,63,48,48,55,0,0
2018-01-01,Championship,2529487,Derby County,Sheffield United,,,,1,1,1,42,6,1,1,0,64,12,2,4,1,0,2,4,360,129,100,42,0,25,1,75,12,5,36,2,68,56,57,75,1,0,58,10,3,1,0,73,8,13,2,5,0,3,7,490,138,221,38,7,31,2,71,19,1,12,0,53,44,43,65,3,0
2018-01-01,Championship,2529489,Leeds United,Nottingham Forest,,,,0,0,1,51,19,7,4,4,75,14,2,9,3,1,12,7,398,146,154,42,32,37,3,86,9,4,22,1,55,48,50,65,2,0,49,7,1,0,0,74,11,8,2,4,0,2,5,387,105,180,43,10,18,3,71,21,4,23,6,59,52,50,67,2,0
2018-01-01,Championship,2529490,Norwich City,Millwall,,,,2,1,0,61,17,5,2,2,83,8,5,10,2,1,8,9,531,213,228,47,27,29,2,82,18,3,36,1,69,55,60,52,0,0,39,7,2,0,0,66,20,4,2,3,0,4,3,346,88,139,34,36,24,0,83,12,2,20,3,52,45,40,33,1,0
2018-01-01,Championship,2529491,Preston North End,Middlesbrough,,,,2,3,2,63,15,7,0,0,81,12,7,8,0,1,10,10,557,0,279,40,0,20,0,59,8,0,19,1,60,51,47,70,0,0,37,7,4,0,0,72,9,4,3,0,0,5,2,327,0,116,43,0,17,0,67,6,0,37,5,63,49,53,57,0,0
2018-01-01,Championship,2529492,Queens Park Rangers,Cardiff City,,,,2,1,0,54,9,5,0,0,63,10,4,4,0,1,10,2,305,0,90,32,0,11,1,69,2,0,54,3,72,51,51,60,0,0,46,9,4,0,0,60,11,5,5,0,0,8,5,256,0,115,42,0,16,4,50,12,0,33,3,69,49,49,73,0,0
2018-01-01,Championship,2529494,Sheffield Wednesday,Burton Albion,,,,0,3,2,68,17,3,1,1,73,15,6,9,5,0,13,4,535,166,227,47,33,41,1,70,9,0,19,3,63,43,48,47,2,0,32,9,6,4,1,53,9,1,3,0,0,8,1,267,48,93,23,0,20,3,50,18,4,70,4,75,57,53,57,1,0
2018-01-01,Championship,2529495,Sunderland,Barnsley,,,,0,1,2,51,11,2,0,0,78,12,7,6,3,1,4,7,409,175,144,42,29,33,3,82,11,4,20,2,73,47,56,60,1,0,49,17,3,3,2,75,12,7,10,4,1,5,12,390,121,173,35,25,16,0,59,13,3,27,2,70,53,44,67,5,0
2018-01-01,Championship,2529485,Aston Villa,Bristol City,,,,5,0,0,50,13,6,2,0,79,13,5,3,4,1,8,5,444,212,140,36,16,19,3,67,10,1,30,1,62,48,55,63,0,0,50,5,1,1,1,75,11,3,3,1,0,1,4,449,210,127,39,0,19,2,78,3,3,20,1,61,52,45,63,1,0
2018-01-02,Championship,2529488,Fulham,Ipswich Town,,,,4,1,0,76,25,8,5,3,88,17,8,8,9,0,11,14,677,215,380,41,0,27,1,65,7,0,14,0,54,64,39,85,3,0,24,3,1,0,0,68,10,2,2,0,0,2,1,209,86,56,38,25,10,4,44,20,8,28,4,38,36,61,14,4,1
2018-01-02,Championship,2529496,Wolverhampton Wanderers,Brentford,,,,3,0,0,47,17,10,5,4,77,13,6,4,3,1,13,4,459,217,138,53,46,22,1,53,14,8,21,0,59,54,62,69,2,0,53,12,0,0,0,83,15,7,4,8,0,2,10,508,223,199,37,5,20,0,73,8,4,15,6,46,46,38,62,3,0
2018-01-02,Championship,2529493,Reading,Birmingham City,,,,0,2,2,62,12,5,0,0,77,9,9,4,3,0,11,1,468,202,160,55,12,25,2,75,8,7,19,1,55,43,43,53,1,0,38,13,4,4,2,66,13,7,3,6,0,8,5,295,99,97,42,15,26,3,64,12,3,32,5,72,57,57,86,0,0
2018-01-12,Championship,2529508,Sheffield United,Sheffield Wednesday,,,,0,0,1,64,9,2,0,0,81,5,8,7,0,0,4,8,489,0,276,51,0,28,4,91,13,0,25,3,50,50,59,63,0,0,36,11,3,0,0,68,11,2,8,0,0,5,7,280,0,93,33,0,17,0,60,12,0,43,3,43,50,41,67,0,0
2018-01-13,Championship,2529502,Cardiff City,Sunderland,,,,4,0,0,47,17,9,0,0,65,23,8,8,0,0,11,10,271,0,125,45,0,17,1,72,11,0,25,0,76,45,51,60,0,0,53,2,0,0,0,65,14,1,2,0,1,0,3,314,0,85,30,0,17,0,67,5,0,44,5,83,55,49,82,0,0
2018-01-13,Championship,2529497,Barnsley,Wolverhampton Wanderers,,,,0,0,1,41,7,2,0,0,68,12,1,5,0,0,4,3,345,123,113,38,10,21,0,71,16,3,32,0,55,42,41,54,1,0,59,13,0,2,2,75,9,6,10,3,1,7,6,499,186,190,45,24,38,3,68,10,0,23,2,78,58,59,57,2,0
2018-01-13,Championship,2529498,Birmingham City,Derby County,,,,0,3,2,52,14,2,1,1,72,7,6,7,5,2,7,7,411,164,131,46,21,26,0,76,12,2,12,4,95,57,59,75,1,0,48,12,7,3,1,74,13,4,3,2,0,7,5,387,129,158,40,0,23,1,48,10,5,35,2,69,43,41,60,3,0
2018-01-13,Championship,2529499,Brentford,Bolton Wanderers,,,,2,0,0,67,20,4,3,1,81,6,6,11,5,0,13,7,529,177,251,51,25,31,1,55,6,3,41,4,74,61,58,81,0,0,33,11,4,1,1,63,11,6,4,3,0,9,2,254,58,102,41,56,19,0,53,21,5,43,2,50,39,42,56,5,0
2018-01-13,Championship,2529500,Bristol City,Norwich City,,,,0,1,2,64,14,6,1,1,78,9,8,5,3,1,5,9,540,187,235,50,11,32,0,89,10,4,10,1,62,44,72,50,1,0,36,14,3,1,1,67,15,4,8,3,0,8,6,310,122,86,23,30,30,0,56,9,3,41,6,50,56,28,73,5,0
2018-01-13,Championship,2529501,Burton Albion,Queens Park Rangers,,,,1,3,2,54,4,2,1,0,58,6,5,2,0,0,4,0,384,102,120,27,24,40,1,67,6,3,34,3,50,46,42,60,3,0,46,14,6,3,1,62,11,3,4,4,1,10,4,337,100,109,37,17,32,5,50,14,0,32,1,64,54,58,64,2,0
2018-01-13,Championship,2529503,Hull City,Reading,,,,0,0,1,52,13,5,1,1,74,13,6,4,4,0,9,4,413,164,143,55,33,33,2,50,15,2,18,2,52,39,54,63,1,0,48,6,2,1,1,69,9,7,2,2,0,4,2,387,171,95,34,35,22,2,63,11,4,44,5,62,61,46,63,0,0
2018-01-13,Championship,2529504,Ipswich Town,Leeds United,,,,1,0,0,57,14,4,0,0,75,13,4,7,3,1,5,9,470,159,192,55,22,23,1,90,5,3,31,2,67,48,54,67,2,0,43,12,2,1,1,66,14,1,7,3,0,7,5,353,120,113,33,29,33,1,82,9,3,28,3,65,52,46,53,2,1
2018-01-13,Championship,2529505,Middlesbrough,Fulham,,,,0,1,2,37,9,0,4,4,67,13,5,7,2,1,5,4,322,106,111,42,17,18,3,79,9,5,15,1,69,54,52,77,4,0,63,12,2,1,0,83,12,1,5,5,0,5,7,573,243,235,40,13,23,1,40,6,2,31,0,61,46,48,69,3,0
2018-01-13,Championship,2529506,Millwall,Preston North End,,,,1,1,1,39,9,1,0,0,62,15,3,5,3,0,4,5,328,80,124,36,20,31,3,64,12,3,23,2,73,45,56,47,1,0,61,11,3,1,0,75,15,4,4,4,0,3,8,516,195,191,39,25,17,2,67,16,3,39,0,72,55,44,92,2,0
2018-01-13,Championship,2529507,Nottingham Forest,Aston Villa,,,,0,1,2,60,10,4,0,0,85,20,4,3,3,0,3,7,555,231,242,58,4,17,0,78,6,2,28,2,35,29,35,44,2,0,40,8,3,1,0,72,10,2,3,2,1,3,5,365,123,141,28,12,26,4,55,5,3,30,4,78,71,65,75,2,0
2018-01-19,Championship,2529511,Derby County,Bristol City,,,,0,0,1,44,20,5,3,3,72,14,6,13,2,1,11,9,375,114,155,42,6,24,3,31,13,2,29,2,64,50,52,45,1,0,56,12,2,1,1,72,11,3,8,2,0,7,5,498,176,182,39,25,20,0,82,15,3,28,4,62,50,48,58,1,0
2018-01-20,Championship,2529509,Aston Villa,Barnsley,,,,3,1,0,56,13,6,2,1,80,11,8,3,4,1,8,5,457,212,155,45,32,20,1,50,11,4,24,5,54,45,45,65,0,0,44,21,6,4,3,74,11,6,11,4,0,14,7,351,131,127,48,29,22,2,58,10,4,33,3,66,55,55,90,2,0
2018-01-20,Championship,2529510,Bolton Wanderers,Ipswich Town,,,,1,1,1,42,9,4,0,0,61,13,3,5,0,1,6,6,305,0,133,40,0,13,1,39,10,0,41,2,71,57,56,67,0,0,58,9,3,0,0,69,12,3,6,0,1,6,3,426,0,167,44,0,32,1,86,5,0,30,3,55,43,44,33,0,0
2018-01-20,Championship,2529513,Leeds United,Millwall,,,,3,4,2,49,19,11,3,2,66,12,1,4,4,0,15,4,348,118,111,34,38,32,2,80,10,5,45,4,68,43,53,46,3,1,51,26,8,4,2,65,13,9,12,6,1,21,5,367,84,155,42,58,25,2,60,7,5,22,7,73,57,47,64,2,0
2018-01-20,Championship,2529514,Norwich City,Sheffield United,,,,1,2,2,60,6,4,0,0,79,13,6,2,0,0,5,5,520,0,203,41,0,17,3,65,8,0,21,5,60,60,48,54,0,0,40,11,7,0,0,76,18,2,4,0,1,8,6,351,0,175,30,0,19,3,60,11,0,41,3,48,40,53,50,0,0
2018-01-20,Championship,2529515,Preston North End,Birmingham City,,,,1,1,1,48,4,3,0,0,66,11,4,1,0,0,4,2,349,0,138,25,0,11,0,76,13,0,41,2,55,47,38,100,0,0,52,9,3,0,0,70,9,8,6,0,0,10,7,371,0,131,38,0,19,3,57,5,0,38,2,75,53,62,67,0,0
2018-01-20,Championship,2529516,Queens Park Rangers,Middlesbrough,,,,0,3,2,58,11,2,0,0,70,11,3,9,0,0,7,6,409,0,172,43,0,13,0,56,12,0,25,1,62,48,45,86,0,0,42,6,5,0,0,66,7,2,1,0,0,7,5,304,0,143,33,0,18,4,60,7,0,59,2,71,52,55,58,0,0
2018-01-20,Championship,2529517,Reading,Brentford,,,,0,1,2,53,12,3,2,2,75,8,7,6,3,1,8,4,404,187,116,41,36,33,3,75,10,5,19,8,55,54,56,74,3,0,47,23,10,4,3,78,12,4,7,6,0,16,7,359,131,150,55,33,21,5,67,7,3,29,3,46,46,44,71,4,0
2018-01-20,Championship,2529519,Sunderland,Hull City,,,,1,0,0,46,10,6,0,0,65,16,4,4,0,0,8,5,334,0,131,34,0,24,2,81,12,0,47,2,66,50,43,53,0,0,54,9,3,0,0,70,12,7,6,0,0,7,7,386,0,177,37,0,29,0,61,17,0,24,5,74,50,57,71,0,0
2018-01-20,Championship,2529520,Wolverhampton Wanderers,Nottingham Forest,,,,0,2,2,63,6,1,0,0,83,16,5,5,0,0,4,2,545,225,226,71,19,32,3,63,10,1,15,2,67,53,71,73,3,0,37,5,4,0,0,70,7,4,0,1,0,3,2,321,93,132,26,18,31,0,50,15,0,26,1,47,47,29,54,3,0
2018-01-20,Championship,2529512,Fulham,Burton Albion,,,,6,0,0,68,21,10,6,1,90,8,3,2,9,0,15,6,721,281,365,63,17,26,4,80,10,3,14,0,38,50,50,79,0,0,32,6,0,0,0,71,9,1,3,3,0,4,2,334,136,100,38,27,24,1,53,17,9,24,4,38,50,50,75,2,0
2018-01-20,Championship,2529518,Sheffield Wednesday,Cardiff City,,,,0,0,1,50,12,2,0,0,68,8,3,10,0,0,10,4,348,0,123,42,0,14,1,57,3,0,41,4,74,58,45,67,0,0,50,11,4,0,0,72,17,5,7,0,0,9,6,347,0,176,44,0,12,2,59,21,0,33,2,68,42,55,53,0,0
2018-01-27,Championship,2529521,Barnsley,Fulham,,,,1,3,2,37,8,4,0,0,65,9,6,3,1,0,3,5,286,70,115,43,4,25,4,57,15,4,31,3,57,55,57,60,2,1,63,18,7,4,1,79,7,3,8,3,1,11,7,511,169,236,49,27,37,0,69,7,0,20,4,46,45,43,53,2,0
2018-01-27,Championship,2529523,Brentford,Norwich City,,,,0,1,2,68,27,5,1,1,83,9,6,9,13,0,10,17,626,199,323,67,17,15,1,65,12,2,10,2,54,49,57,55,2,0,32,10,3,0,0,64,12,4,5,2,1,5,5,300,118,74,28,25,17,4,50,23,13,37,5,52,51,43,67,2,0
2018-01-27,Championship,2529524,Bristol City,Queens Park Rangers,,,,2,0,0,46,11,4,2,1,63,12,6,2,5,0,5,6,319,94,107,36,35,33,3,73,12,6,30,2,71,57,55,59,1,1,54,15,2,1,1,77,16,7,5,8,0,11,4,374,104,185,42,31,24,2,44,11,5,33,2,55,43,45,38,3,0
2018-01-27,Championship,2529528,Ipswich Town,Wolverhampton Wanderers,,,,0,1,2,59,12,7,0,0,80,7,5,2,3,0,2,10,572,225,232,45,7,29,3,90,8,2,18,9,69,44,64,52,3,0,41,16,10,3,2,74,15,4,4,2,0,7,9,403,116,184,31,30,24,2,76,15,3,27,7,61,56,36,75,1,0
2018-01-30,Championship,2529522,Birmingham City,Sunderland,,,,3,1,0,48,9,5,0,0,68,11,3,4,0,0,8,5,384,0,151,42,0,20,0,56,10,0,27,3,78,53,59,71,0,0,52,9,4,0,0,70,9,5,5,0,1,6,8,407,0,151,25,0,22,1,43,9,0,28,2,61,47,41,67,0,0
2018-01-30,Championship,2529525,Burton Albion,Reading,,,,1,3,2,44,5,1,1,0,51,10,3,2,2,0,2,3,298,59,93,40,7,33,2,64,9,2,17,1,73,50,55,100,3,0,56,11,4,4,2,65,17,6,4,3,0,6,5,373,129,113,36,21,35,2,50,18,2,36,0,65,50,45,93,3,0
2018-01-30,Championship,2529527,Hull City,Leeds United,,,,0,0,1,56,14,7,2,2,70,21,7,4,3,0,7,7,428,100,199,47,16,31,2,88,9,3,34,0,82,36,61,47,5,0,44,6,0,0,0,61,14,3,3,3,0,2,4,345,89,123,32,7,28,4,63,13,3,43,7,84,64,39,67,1,0
2018-01-30,Championship,2529529,Middlesbrough,Sheffield Wednesday,,,,0,0,1,49,15,7,0,0,83,8,9,8,0,2,12,9,431,0,206,55,0,21,1,67,10,0,21,1,49,47,43,59,0,0,51,9,1,0,0,81,6,3,8,0,0,3,9,470,0,182,40,0,9,0,58,13,0,27,7,59,53,57,62,0,0
2018-01-30,Championship,2529530,Millwall,Derby County,,,,0,0,1,41,13,4,0,0,61,10,4,3,6,0,8,5,324,78,121,39,23,39,1,72,9,6,24,2,77,47,58,58,2,0,59,12,3,1,1,76,11,5,3,6,0,6,6,492,168,204,41,17,34,1,67,8,6,46,4,71,53,42,67,1,0
2018-01-30,Championship,2529531,Nottingham Forest,Preston North End,,,,0,3,2,54,11,0,0,0,67,15,4,9,2,0,5,6,408,131,141,30,36,32,0,71,15,1,42,4,84,50,55,76,3,0,46,15,7,2,0,60,10,5,7,1,0,8,7,339,69,133,35,33,40,2,76,13,1,24,0,77,50,45,60,1,0
2018-01-30,Championship,2529532,Sheffield United,Aston Villa,,,,0,1,2,53,12,6,0,0,70,12,9,6,0,1,7,9,430,0,190,36,0,28,0,75,13,0,28,2,68,54,63,70,0,0,47,6,3,0,0,72,9,7,3,0,0,4,5,377,0,133,40,0,20,1,69,12,0,37,6,49,46,37,29,0,0
2018-02-02,Championship,2529534,Bolton Wanderers,Bristol City,,,,1,0,0,35,11,4,1,1,62,17,3,5,2,0,8,3,282,70,104,30,28,25,2,56,12,3,52,3,82,52,49,86,2,0,65,14,3,0,0,76,11,6,8,3,0,9,5,527,230,172,59,35,27,0,50,5,1,37,3,80,48,51,59,2,0
2018-02-03,Championship,2529533,Aston Villa,Burton Albion,,,,3,2,0,48,12,5,3,0,82,13,7,3,4,1,4,8,489,237,165,35,21,21,6,50,9,1,23,3,43,47,52,64,3,0,52,7,4,2,1,82,13,5,1,2,0,5,2,536,234,206,41,25,21,0,73,6,4,20,2,46,53,48,75,4,0
2018-02-03,Championship,2529535,Derby County,Brentford,,,,3,0,0,54,13,7,5,2,86,12,6,5,1,0,10,3,518,240,208,62,21,29,5,53,11,0,13,2,61,58,47,73,2,0,46,7,2,0,0,84,14,5,5,0,0,5,2,449,187,189,40,18,15,0,86,7,1,20,5,51,42,53,65,2,1
2018-02-03,Championship,2529536,Fulham,Nottingham Forest,,,,2,0,0,64,14,5,1,0,84,10,10,4,5,0,7,7,571,208,271,59,24,36,0,77,9,2,30,3,59,47,56,73,1,0,36,10,3,2,2,67,11,6,5,2,1,8,2,320,107,108,30,36,29,4,65,15,6,22,2,57,53,44,64,2,0
2018-02-03,Championship,2529537,Leeds United,Cardiff City,,,,1,4,2,62,8,4,1,1,77,14,5,3,1,1,6,2,382,155,138,49,6,35,0,64,7,2,39,1,67,47,49,45,0,1,38,11,5,5,1,52,20,5,4,2,0,8,3,226,32,86,48,39,26,1,57,16,1,25,4,73,53,51,60,4,0
2018-02-03,Championship,2529538,Norwich City,Middlesbrough,,,,1,0,0,74,15,6,0,0,91,9,5,9,0,0,5,16,728,0,456,50,0,12,1,70,8,0,14,1,50,44,51,45,0,0,26,7,1,0,0,71,11,4,6,0,0,4,5,248,0,78,29,0,3,1,38,5,0,23,5,57,56,49,63,0,0
2018-02-03,Championship,2529539,Preston North End,Hull City,,,,2,1,0,52,11,5,0,0,61,8,5,6,0,0,8,7,398,0,164,34,0,31,2,82,16,0,44,0,69,53,48,71,0,0,48,4,1,0,0,56,7,4,3,0,0,6,1,364,0,136,35,0,26,5,38,12,0,42,3,68,47,52,47,0,0
2018-02-03,Championship,2529540,Queens Park Rangers,Barnsley,,,,1,0,0,47,12,3,1,1,66,14,4,4,5,0,10,2,373,129,118,44,22,25,6,82,12,3,26,4,72,51,53,71,2,1,53,11,4,0,0,71,12,4,4,3,0,8,3,418,119,176,51,24,28,2,42,9,5,27,2,67,49,48,55,1,0
2018-02-03,Championship,2529541,Reading,Millwall,,,,0,2,2,62,9,1,0,0,76,12,6,7,1,0,6,3,420,168,153,47,19,22,2,71,9,6,30,5,80,58,42,63,3,0,38,16,6,2,1,62,19,6,3,7,0,14,2,260,63,97,39,35,22,2,56,7,1,19,1,76,42,58,50,3,0
2018-02-03,Championship,2529542,Sheffield Wednesday,Birmingham City,,,,1,3,2,43,12,2,0,0,75,8,5,9,1,0,5,7,367,139,137,46,25,15,0,63,12,0,17,5,37,40,39,71,0,0,57,18,8,2,0,83,10,3,6,4,0,13,5,507,254,166,62,11,13,2,64,8,0,17,1,57,60,61,81,0,0
2018-02-03,Championship,2529543,Sunderland,Ipswich Town,,,,0,2,2,60,7,2,0,0,77,15,12,5,0,0,5,5,434,0,171,32,0,12,2,71,7,0,33,1,62,53,32,81,0,0,40,7,2,0,0,64,13,2,5,0,1,5,7,295,0,110,36,0,15,2,69,12,0,39,2,84,47,68,88,0,0
2018-02-03,Championship,2529544,Wolverhampton Wanderers,Sheffield United,,,,3,0,0,53,13,4,1,1,88,12,5,4,5,0,7,6,536,253,217,69,53,23,2,69,4,2,19,1,43,45,58,90,0,0,47,6,1,0,0,85,7,1,3,2,0,0,6,470,191,209,42,6,20,2,38,5,3,18,1,45,55,42,77,0,1
2018-02-09,Championship,2529553,Millwall,Cardiff City,,,,1,1,1,56,16,6,1,0,62,12,6,5,5,1,9,7,325,70,131,45,24,21,0,67,4,6,35,1,73,41,56,33,2,0,44,15,3,1,1,52,13,6,6,6,0,9,6,258,50,83,38,18,33,0,89,14,5,27,5,76,59,44,61,0,0
2018-02-10,Championship,2529546,Barnsley,Sheffield Wednesday,,,,1,1,1,53,17,7,1,1,73,12,5,9,1,0,9,8,367,129,140,45,19,19,1,75,9,6,22,0,52,42,55,79,1,0,47,14,1,2,1,75,6,8,7,6,0,9,5,324,130,112,43,21,24,3,60,6,1,33,6,58,58,45,63,3,0
2018-02-10,Championship,2529555,Sheffield United,Leeds United,,,,2,1,0,46,9,3,2,1,63,12,8,6,0,0,6,3,323,76,127,43,19,37,2,71,16,3,21,2,72,47,62,90,3,0,54,14,3,1,1,70,17,5,8,3,0,9,5,393,126,148,37,19,27,0,72,11,0,49,1,60,53,38,67,2,0
2018-02-10,Championship,2529548,Brentford,Preston North End,,,,1,1,1,64,12,5,1,1,71,14,11,3,4,0,8,4,421,117,181,38,15,29,1,58,9,4,20,0,59,50,37,76,2,0,36,10,1,0,0,51,16,5,2,7,0,5,5,248,47,79,29,17,27,7,45,29,4,39,4,72,50,63,56,2,1
2018-02-10,Championship,2529549,Bristol City,Sunderland,,,,3,3,1,54,13,4,5,2,75,13,2,5,4,0,7,6,504,187,191,47,18,17,3,50,19,4,25,2,84,49,73,88,3,0,46,13,3,2,2,71,11,4,6,4,1,9,4,416,123,174,33,29,22,0,56,14,4,16,1,61,51,27,74,1,0
2018-02-10,Championship,2529550,Derby County,Norwich City,,,,1,1,1,41,7,2,0,0,77,11,3,2,3,0,3,4,400,171,135,50,21,26,1,80,11,2,33,5,56,44,78,42,2,0,59,11,6,2,1,85,9,1,3,2,0,6,5,575,286,201,45,0,28,0,43,10,3,22,1,43,56,22,63,3,0
2018-02-10,Championship,2529551,Ipswich Town,Burton Albion,,,,0,0,1,46,5,1,0,0,64,9,2,3,1,0,2,3,390,141,108,34,13,41,4,75,11,4,18,3,63,48,53,64,0,0,54,10,2,1,1,71,11,5,4,4,0,4,6,476,173,167,33,20,28,2,80,6,1,28,1,61,52,47,100,1,0
2018-02-10,Championship,2529552,Middlesbrough,Reading,,,,2,1,0,41,14,3,2,2,76,13,6,8,3,1,9,5,300,97,131,53,17,21,5,65,6,3,15,1,61,53,61,74,2,0,59,7,2,0,0,80,11,8,2,3,0,3,4,436,180,168,38,15,21,1,67,6,3,33,1,50,47,39,54,3,0
2018-02-10,Championship,2529554,Nottingham Forest,Hull City,,,,0,2,2,58,5,1,0,0,70,13,2,4,0,1,2,3,474,161,171,48,23,34,4,50,6,2,34,2,83,44,54,59,1,0,42,9,4,3,1,64,12,2,3,2,0,7,2,340,94,122,32,13,27,4,71,8,1,39,0,86,56,46,85,1,0
2018-02-10,Championship,2529556,Wolverhampton Wanderers,Queens Park Rangers,,,,2,1,0,52,13,3,4,2,86,8,6,6,4,0,11,2,497,242,186,61,44,23,3,50,13,3,41,5,65,49,52,33,0,0,48,14,7,0,0,79,13,5,5,2,0,7,7,452,171,185,44,14,23,0,59,5,4,11,1,65,51,48,55,3,0
2018-02-10,Championship,2529547,Bolton Wanderers,Fulham,,,,1,1,1,32,10,6,1,1,62,15,5,3,1,0,6,4,287,74,103,41,17,19,4,55,19,2,24,3,56,41,48,55,2,0,68,12,4,3,2,80,8,8,6,2,1,10,2,618,266,226,50,26,26,0,71,11,1,26,5,71,59,52,71,1,0
2018-02-11,Championship,2529545,Aston Villa,Birmingham City,,,,2,0,0,55,9,3,0,0,63,5,10,6,0,1,7,7,369,0,148,31,0,21,0,67,8,0,31,2,82,65,48,71,0,0,45,6,2,0,0,60,16,6,4,0,2,5,4,315,0,94,32,0,20,1,64,7,0,49,1,59,35,52,68,0,0
2018-02-13,Championship,2529526,Cardiff City,Bolton Wanderers,,,,2,0,0,50,22,11,0,0,61,11,4,11,0,1,18,6,299,0,132,45,0,23,1,78,15,0,36,0,101,55,69,71,0,0,50,4,0,0,0,57,16,3,4,0,0,1,3,298,0,121,27,0,17,0,50,8,0,54,8,59,45,31,82,0,0
2018-02-13,Championship,2529567,Sheffield Wednesday,Derby County,,,,2,0,0,40,8,3,0,0,72,13,1,4,1,0,3,5,372,133,133,41,9,27,0,50,18,8,47,4,58,56,47,54,3,0,60,18,4,1,1,78,11,7,6,8,0,13,5,568,207,234,49,29,26,2,89,4,1,18,1,54,44,53,44,3,0
2018-02-17,Championship,2529557,Birmingham City,Millwall,,,,0,1,2,61,15,1,0,0,70,15,7,10,4,0,5,10,445,156,156,40,32,23,1,46,8,0,25,5,87,53,61,84,2,0,39,11,6,0,0,52,15,7,5,0,1,11,0,275,52,90,26,28,26,2,74,6,4,21,1,67,48,39,67,1,0
2018-02-17,Championship,2529558,Burton Albion,Nottingham Forest,,,,0,0,1,71,17,5,2,2,82,5,5,7,5,0,7,10,588,216,265,52,21,26,2,50,9,3,22,1,59,55,58,79,1,0,29,5,1,0,0,58,10,2,1,3,0,3,2,244,81,61,26,22,17,1,69,10,5,51,5,45,45,42,63,3,1
2018-02-17,Championship,2529559,Cardiff City,Middlesbrough,,,,1,0,0,50,14,4,0,0,61,13,5,10,0,0,12,6,286,0,145,41,0,7,1,42,19,0,26,1,81,43,56,42,0,0,50,6,1,0,0,65,10,3,5,0,0,4,4,295,0,106,38,0,12,1,63,7,0,48,3,82,57,44,59,0,0
2018-02-17,Championship,2529560,Fulham,Aston Villa,,,,2,0,0,63,14,7,2,2,82,7,1,5,2,1,9,5,602,239,257,44,36,35,3,65,7,1,22,2,50,49,48,47,1,0,37,7,2,1,1,68,11,0,4,1,0,3,4,350,108,131,27,10,30,3,52,13,2,22,5,52,51,52,54,1,0
2018-02-17,Championship,2529564,Preston North End,Wolverhampton Wanderers,,,,1,1,1,39,7,2,0,0,62,8,4,3,2,0,5,2,326,99,103,30,18,23,0,57,14,4,27,3,63,55,35,68,2,1,61,13,4,2,1,79,11,5,5,4,0,7,6,507,186,214,51,22,30,2,33,13,2,33,1,72,45,65,76,0,0
2018-02-17,Championship,2529565,Queens Park Rangers,Bolton Wanderers,,,,2,0,0,69,14,8,0,0,75,13,9,6,0,0,16,6,453,0,203,51,0,22,4,82,8,0,24,3,78,42,61,33,0,0,31,6,3,0,0,47,12,5,3,0,0,5,2,211,0,63,22,0,9,0,58,19,0,51,6,70,58,39,42,0,0
2018-02-17,Championship,2529568,Sunderland,Brentford,,,,0,2,2,42,16,4,0,0,70,19,6,9,3,1,12,4,304,95,117,43,35,25,4,35,9,9,36,3,71,43,68,68,3,0,58,20,5,1,0,73,7,7,6,9,0,13,7,438,128,193,33,31,22,3,68,7,3,26,4,66,57,32,68,0,0
2018-02-18,Championship,2529563,Norwich City,Ipswich Town,,,,1,1,1,65,9,4,0,0,78,13,4,5,0,1,4,11,475,0,205,38,0,22,4,50,7,0,32,3,65,53,41,63,0,0,35,6,4,0,0,51,22,5,2,0,0,2,6,241,0,89,33,0,19,3,40,13,0,21,3,71,47,59,55,0,0
2018-02-18,Championship,2529562,Leeds United,Bristol City,,,,2,2,1,55,13,3,3,1,73,14,5,7,3,1,10,3,381,157,122,45,17,21,1,60,11,2,30,3,61,47,45,57,2,0,45,11,5,2,0,63,13,6,4,2,0,9,2,311,59,136,31,26,35,1,47,18,3,22,1,72,53,55,74,3,0
2018-02-20,Championship,2529569,Aston Villa,Preston North End,,,,1,1,1,52,12,6,0,0,70,18,3,6,0,0,8,4,408,0,161,34,0,11,1,55,10,0,63,6,81,47,57,60,0,0,48,12,7,0,0,65,9,7,5,0,0,12,9,367,0,139,29,0,18,0,58,11,0,22,5,78,53,43,68,0,0
2018-02-20,Championship,2529570,Barnsley,Burton Albion,,,,1,2,2,60,20,3,1,1,77,12,5,8,9,1,8,12,465,161,198,52,15,32,3,76,10,1,19,0,78,54,54,81,1,0,40,5,2,1,1,69,10,0,2,1,0,3,2,318,129,90,35,0,20,3,83,4,8,54,2,67,46,46,67,4,0
2018-02-20,Championship,2529571,Brentford,Birmingham City,,,,5,0,0,62,28,9,7,4,77,7,6,11,8,0,21,7,522,190,212,45,39,19,1,76,12,2,26,4,69,62,47,74,0,0,38,12,4,2,2,63,14,3,6,2,0,8,4,325,97,107,34,18,29,2,54,24,8,22,5,51,38,53,60,2,0
2018-02-20,Championship,2529575,Middlesbrough,Hull City,,,,3,1,0,33,10,4,0,0,64,8,4,6,0,1,9,3,284,0,101,40,0,13,1,63,18,0,22,4,86,59,57,91,0,0,67,8,5,0,0,80,10,4,3,0,0,6,4,577,0,300,39,0,25,0,61,4,0,17,1,62,41,43,47,0,0
2018-02-20,Championship,2529576,Millwall,Sheffield Wednesday,,,,2,1,0,37,13,5,2,0,70,11,4,5,3,0,8,5,324,96,132,40,24,28,7,56,12,1,27,0,61,47,60,50,0,0,63,5,1,0,0,81,12,3,3,1,0,2,3,567,265,196,52,20,29,1,53,6,3,45,3,55,53,40,67,4,0
2018-02-20,Championship,2529577,Nottingham Forest,Reading,,,,1,1,1,48,19,7,1,1,80,17,5,8,4,1,12,7,403,177,146,47,29,23,3,61,7,2,14,2,55,49,39,53,3,0,52,8,3,1,1,80,9,5,3,2,0,8,0,443,218,135,56,33,23,1,48,12,5,24,5,64,51,61,33,3,0
2018-02-20,Championship,2529578,Sheffield United,Queens Park Rangers,,,,2,1,0,50,8,4,0,0,68,6,9,4,0,0,8,6,408,0,162,34,0,21,4,65,17,0,24,4,74,60,46,77,0,0,50,13,6,0,0,70,17,4,7,0,0,8,5,406,0,167,39,0,27,2,69,13,0,29,1,64,40,54,77,0,0
2018-02-20,Championship,2529580,Bolton Wanderers,Sunderland,,,,1,0,0,38,6,3,0,0,62,17,3,3,0,1,7,1,280,0,139,34,0,17,0,71,13,0,55,3,67,39,43,50,0,0,62,7,3,0,0,74,9,7,4,0,0,8,7,445,0,193,41,0,34,2,71,3,0,22,2,97,61,57,71,0,0
2018-02-21,Championship,2529572,Bristol City,Fulham,,,,1,1,1,41,10,1,3,2,65,12,8,5,4,0,7,3,346,91,133,31,20,34,3,53,15,2,13,3,57,45,52,41,3,0,59,8,4,2,1,80,9,5,2,2,0,4,4,508,197,208,39,25,26,1,79,12,4,51,0,62,55,48,72,1,0
2018-02-21,Championship,2529573,Derby County,Leeds United,,,,2,2,1,57,25,4,1,1,72,8,10,15,6,1,11,14,494,178,180,45,22,31,1,64,9,1,16,1,67,46,51,42,0,0,43,8,3,3,1,67,9,2,4,1,0,7,1,377,145,107,25,36,24,1,61,15,6,43,2,70,54,49,63,1,0
2018-02-21,Championship,2529574,Ipswich Town,Cardiff City,,,,0,1,2,57,7,2,0,0,64,9,8,5,0,0,9,7,374,0,156,32,0,26,2,55,7,0,44,0,83,59,52,57,0,0,43,8,1,0,0,56,8,5,7,0,0,6,8,279,0,120,25,0,20,0,67,10,0,43,2,69,41,48,18,0,0
2018-02-21,Championship,2529579,Wolverhampton Wanderers,Norwich City,,,,2,2,1,44,10,3,1,1,83,17,3,4,3,0,5,5,476,196,201,39,33,19,2,90,17,1,21,4,49,38,54,62,3,0,56,9,6,1,1,86,10,4,2,1,0,5,4,611,254,270,48,20,20,0,71,12,3,18,2,69,62,46,83,0,0
2018-02-23,Championship,2529585,Hull City,Sheffield United,,,,1,0,0,48,11,5,0,0,69,12,1,6,0,0,6,7,423,0,158,30,0,19,1,50,10,0,46,3,69,49,43,53,0,0,52,6,3,0,0,69,10,7,3,0,0,4,5,449,0,179,40,0,22,1,55,4,0,19,4,83,51,58,50,0,0
2018-02-24,Championship,2529581,Birmingham City,Barnsley,,,,0,2,2,55,13,5,0,0,67,15,5,8,0,0,10,6,382,0,171,44,0,29,3,69,6,0,10,2,70,45,39,93,0,0,45,10,4,0,0,60,8,2,6,0,0,8,5,327,0,123,35,0,22,1,48,15,0,47,5,97,55,61,67,0,0
2018-02-24,Championship,2529582,Burton Albion,Millwall,,,,0,1,2,58,6,0,2,2,70,10,7,5,1,0,6,0,440,161,148,45,23,19,2,62,5,2,38,2,74,59,42,54,1,0,42,8,3,0,0,59,20,5,3,2,0,7,1,316,86,100,35,41,23,7,69,10,1,29,0,76,41,58,30,2,0
2018-02-24,Championship,2529586,Leeds United,Brentford,,,,1,0,0,38,9,4,0,0,63,12,5,3,2,0,4,5,283,61,116,27,27,24,6,60,15,1,42,3,68,57,45,54,2,0,62,13,3,0,0,77,12,9,9,1,0,7,6,460,169,184,49,17,23,2,46,6,3,20,2,60,43,55,52,4,0
2018-02-24,Championship,2529587,Norwich City,Bolton Wanderers,,,,0,0,1,75,10,3,0,0,87,13,8,7,0,1,6,9,679,0,289,50,0,21,6,75,8,0,23,0,56,49,50,59,0,0,25,4,0,0,0,57,19,4,4,0,0,4,3,217,0,92,34,0,11,0,65,8,0,28,3,57,51,50,71,0,0
2018-02-24,Championship,2529588,Preston North End,Ipswich Town,,,,0,1,2,62,8,3,0,0,65,9,9,5,0,0,4,7,391,0,164,27,0,20,3,62,8,0,31,2,65,49,38,83,0,0,38,8,3,0,0,46,11,1,5,0,1,8,2,251,0,81,28,0,14,9,23,6,0,71,3,85,51,62,81,0,0
2018-02-24,Championship,2529589,Queens Park Rangers,Nottingham Forest,,,,2,5,2,53,17,4,2,0,68,11,7,8,5,1,14,3,392,111,156,46,32,35,2,55,13,1,12,4,78,49,60,68,1,0,47,15,9,2,1,67,9,2,5,1,0,7,8,371,85,164,32,29,24,5,59,7,4,37,2,67,51,40,63,2,0
2018-02-24,Championship,2529590,Reading,Derby County,,,,3,3,1,72,16,7,3,1,82,9,8,5,4,1,10,6,562,258,205,50,14,21,1,60,8,3,26,3,52,46,33,71,2,0,28,11,6,4,1,63,17,3,2,3,1,6,5,220,57,82,40,30,17,1,56,10,4,45,4,72,54,67,72,5,1
2018-02-24,Championship,2529591,Sheffield Wednesday,Aston Villa,,,,2,4,2,48,15,7,0,0,77,16,7,8,0,2,11,7,396,0,156,48,0,17,1,88,12,0,43,6,50,42,48,60,0,0,52,13,10,0,0,75,1,6,3,0,0,13,2,413,0,211,46,0,19,3,75,9,0,18,5,63,58,52,69,0,0
2018-02-24,Championship,2529592,Sunderland,Middlesbrough,,,,3,3,1,51,11,7,0,0,71,14,4,4,0,0,6,11,362,0,149,29,0,19,1,50,8,0,21,1,61,50,45,89,0,0,49,9,4,0,0,79,10,2,5,0,0,7,4,343,0,141,47,0,12,2,82,4,0,42,3,66,50,55,93,0,0
2018-02-24,Championship,2529584,Fulham,Wolverhampton Wanderers,,,,2,0,0,53,14,6,2,1,81,10,3,6,2,0,6,8,515,164,255,56,0,30,1,65,9,5,21,2,54,52,40,72,1,0,47,12,2,1,1,81,11,0,5,5,0,5,7,452,211,155,63,18,22,8,75,12,3,27,3,54,48,60,71,2,0
2018-02-25,Championship,2529583,Cardiff City,Bristol City,,,,1,0,0,48,12,4,2,1,52,17,4,3,5,0,9,3,283,44,103,40,14,17,2,63,8,3,26,1,88,60,52,75,2,0,52,4,1,0,0,63,21,2,0,3,0,1,3,317,76,124,36,11,36,1,50,13,4,43,3,68,40,48,63,1,0
2018-02-27,Championship,2529561,Hull City,Barnsley,,,,1,1,1,60,16,8,0,0,75,9,7,8,0,0,10,9,495,0,235,41,0,23,2,65,17,0,12,2,73,59,46,73,0,0,40,6,3,0,0,62,14,0,3,0,0,3,4,337,0,142,38,0,19,1,46,8,0,26,7,66,41,54,62,0,0
2018-02-27,Championship,2529566,Reading,Sheffield United,,,,1,3,2,59,11,4,1,1,79,10,6,4,3,0,8,3,492,209,181,52,16,23,2,53,8,1,18,3,66,59,51,78,3,0,41,15,6,4,3,72,18,4,7,2,0,12,3,338,87,157,37,33,18,3,46,7,3,25,3,51,41,49,77,2,0
2018-03-02,Championship,2529600,Middlesbrough,Leeds United,,,,3,0,0,47,20,6,1,0,76,10,13,8,6,0,12,8,356,106,166,42,23,16,1,56,8,4,19,1,70,57,58,80,1,0,53,11,1,0,0,74,10,5,6,4,0,5,6,416,139,170,30,25,14,1,100,5,5,24,3,52,43,42,64,3,0
2018-03-03,Championship,2529595,Bolton Wanderers,Preston North End,,,,1,3,2,37,8,5,0,0,55,13,4,3,0,0,7,1,310,0,108,23,0,13,2,68,11,0,43,2,76,49,53,83,0,0,63,7,5,0,0,73,10,4,2,0,0,9,3,522,0,195,39,0,27,7,92,8,0,34,2,74,51,47,65,0,0
2018-03-03,Championship,2529597,Bristol City,Sheffield Wednesday,,,,4,0,0,59,9,6,5,1,87,8,3,2,1,0,6,3,620,349,188,53,0,17,2,65,5,2,15,0,59,56,54,63,1,0,41,10,0,0,0,83,15,3,8,2,1,5,5,423,197,154,57,13,21,0,50,13,1,11,2,47,44,46,71,3,0
2018-03-03,Championship,2529598,Derby County,Fulham,,,,1,2,2,42,18,4,3,3,74,12,7,6,8,0,9,9,374,112,163,52,18,23,3,63,13,6,25,2,54,44,52,77,3,0,58,12,4,1,0,83,9,6,2,6,0,9,3,527,200,235,50,33,25,0,67,3,7,37,3,63,56,48,71,2,0
2018-03-03,Championship,2529601,Millwall,Sunderland,,,,1,1,1,56,15,7,1,1,69,14,8,5,3,0,13,2,388,93,173,46,42,42,4,53,3,0,18,0,71,39,63,100,2,0,44,2,1,0,0,65,7,3,1,0,0,0,2,315,102,103,26,0,21,0,73,7,4,54,5,67,61,38,79,1,0
2018-03-03,Championship,2529602,Nottingham Forest,Birmingham City,,,,2,1,0,51,15,5,2,2,78,12,2,6,4,0,8,7,468,177,186,40,25,18,1,47,13,2,56,5,73,48,55,67,1,0,49,10,5,3,2,69,12,8,3,2,0,6,4,423,146,145,30,22,33,2,63,8,4,8,3,70,52,45,76,2,0
2018-03-06,Championship,2529605,Birmingham City,Middlesbrough,,,,0,1,2,54,9,2,0,0,73,6,5,6,1,0,4,5,435,131,188,43,17,23,2,56,9,1,25,2,73,51,68,69,1,0,46,8,3,1,0,72,12,5,4,1,0,4,4,362,141,119,38,6,20,0,65,11,1,36,2,51,49,32,77,0,0
2018-03-06,Championship,2529606,Burton Albion,Brentford,,,,0,2,2,40,3,0,1,1,63,12,3,2,1,0,3,0,347,117,101,31,7,25,1,69,10,3,17,2,56,49,35,44,1,0,60,12,3,0,0,79,11,4,6,3,0,9,3,521,226,184,47,48,37,1,69,8,1,19,0,71,51,65,56,1,0
2018-03-06,Championship,2529607,Cardiff City,Barnsley,,,,2,1,0,39,11,4,0,0,56,13,2,7,0,1,8,3,259,0,104,35,0,14,2,88,6,0,28,3,90,45,53,53,0,0,61,12,4,0,0,70,13,6,8,0,0,13,6,393,0,179,30,0,22,0,53,7,0,23,2,93,55,47,67,0,0
2018-03-06,Championship,2529608,Fulham,Sheffield United,,,,3,0,0,64,17,7,1,0,90,11,3,6,4,0,8,9,708,348,292,51,33,18,0,57,5,2,12,2,47,50,50,71,1,0,36,7,2,3,3,81,13,3,3,2,0,5,2,387,132,180,50,20,16,3,73,8,4,14,4,47,50,50,80,4,0
2018-03-06,Championship,2529609,Hull City,Millwall,,,,1,2,2,65,16,3,1,0,74,8,9,7,6,1,9,7,482,157,198,40,16,26,2,80,7,2,22,3,79,59,47,73,2,0,35,13,5,1,0,60,16,5,6,2,0,11,2,265,54,105,39,46,31,3,38,8,6,52,2,70,41,53,60,4,0
2018-03-06,Championship,2529611,Norwich City,Nottingham Forest,,,,0,0,1,66,16,5,0,0,85,15,7,7,4,0,7,9,596,255,252,55,17,25,1,64,7,1,13,1,53,44,53,59,2,0,34,9,1,3,3,67,11,4,7,1,0,7,2,305,97,108,20,22,18,3,65,10,4,40,5,61,56,47,72,5,0
2018-03-06,Championship,2529612,Preston North End,Bristol City,,,,2,1,0,40,15,4,3,2,63,14,6,6,5,0,8,7,292,68,117,38,27,29,1,83,17,2,41,3,76,53,47,60,5,0,60,9,4,2,2,72,19,6,3,2,0,4,5,462,182,150,43,24,28,1,50,9,5,40,2,76,48,53,83,4,1
2018-03-06,Championship,2529613,Queens Park Rangers,Derby County,,,,1,1,1,59,21,4,2,1,70,13,5,12,5,1,9,12,408,144,141,45,29,31,1,76,14,0,23,2,100,52,51,68,1,0,41,6,3,2,1,59,15,2,3,0,0,4,2,297,82,94,28,22,31,2,67,9,5,53,3,94,48,49,81,3,0
2018-03-06,Championship,2529614,Sheffield Wednesday,Ipswich Town,,,,1,2,2,59,9,2,0,0,71,9,4,7,0,0,10,3,495,0,209,47,0,26,1,68,4,0,27,1,78,55,51,100,0,0,41,6,3,0,0,58,11,6,3,0,0,5,5,349,0,127,27,0,28,0,55,7,0,34,1,70,45,49,60,0,0
2018-03-06,Championship,2529615,Sunderland,Aston Villa,,,,0,3,2,50,7,3,0,0,81,10,3,4,0,0,5,4,460,0,191,39,0,15,1,54,10,0,17,3,73,59,62,88,0,0,50,8,5,0,0,79,11,8,3,0,0,10,2,460,0,174,45,0,22,3,69,9,0,27,3,48,41,38,50,0,0
2018-03-06,Championship,2529616,Reading,Bolton Wanderers,,,,1,1,1,50,8,4,0,0,61,15,2,4,0,0,4,4,349,108,105,34,14,27,2,75,22,4,49,2,83,48,47,27,3,0,50,14,3,3,2,60,19,10,7,4,0,8,6,317,73,118,41,13,32,0,70,14,1,24,2,92,52,53,64,3,0
2018-03-07,Championship,2529610,Leeds United,Wolverhampton Wanderers,,,,0,3,2,46,6,3,0,0,80,11,3,2,1,1,3,3,391,157,154,26,13,17,1,62,13,6,25,4,54,44,46,59,2,0,54,18,7,6,3,80,9,9,5,6,2,13,5,451,184,179,59,33,22,3,55,14,1,18,3,68,56,54,75,0,0
2018-03-10,Championship,2529619,Burton Albion,Bristol City,,,,0,0,1,44,10,3,2,2,63,6,5,6,1,0,7,3,351,86,135,28,15,26,2,90,13,1,25,2,62,49,40,67,0,0,56,6,2,0,0,71,11,3,3,1,0,3,3,469,196,135,44,19,24,6,67,8,1,39,3,77,51,60,75,1,0
2018-03-10,Championship,2529620,Cardiff City,Birmingham City,,,,3,2,0,42,15,6,2,1,58,9,6,6,3,0,9,6,241,44,96,35,35,16,0,73,23,3,63,5,99,52,59,54,4,0,58,16,7,2,1,67,12,12,6,3,0,9,7,332,109,114,38,21,38,1,50,7,3,23,3,79,48,41,70,2,0
2018-03-10,Championship,2529621,Hull City,Norwich City,,,,4,3,0,44,20,15,0,0,68,17,5,5,0,0,18,5,346,0,151,39,0,16,2,72,16,0,29,3,75,52,59,63,0,0,56,11,6,0,0,75,19,4,5,0,0,9,3,451,0,168,36,0,17,1,60,9,0,20,11,62,48,41,67,0,0
2018-03-10,Championship,2529622,Ipswich Town,Sheffield United,,,,0,0,1,46,8,2,0,0,57,14,7,6,0,0,5,3,398,0,139,25,0,14,2,75,12,0,23,3,59,38,55,43,0,0,54,6,3,0,0,69,9,2,3,0,1,4,6,471,0,191,29,0,33,5,82,7,0,28,2,66,62,45,73,0,0
2018-03-10,Championship,2529623,Middlesbrough,Barnsley,,,,3,1,0,46,6,5,0,0,75,7,3,1,0,0,7,2,378,0,149,43,0,20,3,73,10,0,23,2,66,55,49,74,0,0,54,7,3,0,0,75,9,5,4,0,1,6,3,445,0,163,46,0,18,0,69,9,0,21,2,60,45,51,70,0,0
2018-03-10,Championship,2529624,Millwall,Brentford,,,,1,0,0,33,12,4,1,0,61,9,5,5,3,0,8,4,256,53,103,25,29,25,1,75,10,3,40,3,65,59,43,71,2,0,67,15,4,1,1,80,15,7,8,3,2,10,5,522,190,230,58,22,26,2,63,7,3,36,3,61,41,57,63,0,0
2018-03-10,Championship,2529626,Preston North End,Fulham,,,,1,2,2,49,11,5,0,0,69,7,6,2,4,0,9,2,424,130,164,46,25,31,1,55,14,3,24,3,58,48,47,53,1,0,51,9,5,2,0,74,6,8,1,3,0,5,4,446,166,162,41,12,27,4,75,13,4,41,4,64,52,53,70,1,0
2018-03-10,Championship,2529627,Queens Park Rangers,Sunderland,,,,1,0,0,51,8,5,0,0,69,14,5,3,0,0,7,5,308,0,120,46,0,15,2,71,7,0,33,0,84,47,49,71,0,0,49,3,0,0,0,66,16,6,3,0,0,4,4,287,0,107,36,0,16,4,57,5,0,34,4,92,53,51,87,0,0
2018-03-10,Championship,2529628,Reading,Leeds United,,,,2,2,1,50,10,4,4,3,69,14,13,3,3,0,6,4,406,156,126,38,13,17,2,64,14,3,25,6,71,52,45,67,2,0,50,19,8,0,0,70,11,7,8,3,1,13,6,412,156,131,24,23,17,1,64,6,3,31,3,74,48,55,57,1,0
2018-03-10,Championship,2529629,Sheffield Wednesday,Bolton Wanderers,,,,1,1,1,53,10,2,0,0,63,9,2,8,0,0,6,5,358,0,118,42,0,24,1,36,13,0,31,5,81,48,57,50,0,0,47,8,5,0,0,61,12,4,3,0,0,6,4,310,0,130,34,0,19,4,73,10,0,33,1,71,52,43,100,0,0
2018-03-10,Championship,2529617,Aston Villa,Wolverhampton Wanderers,,,,4,1,0,40,11,4,2,1,78,14,2,2,5,0,6,5,356,143,135,35,21,33,2,72,11,5,20,3,65,60,35,65,3,0,60,9,4,1,1,84,13,4,0,5,0,4,5,546,240,218,66,35,21,0,73,8,5,24,0,58,40,65,52,5,0
2018-03-11,Championship,2529625,Nottingham Forest,Derby County,,,,0,0,1,54,6,0,0,0,72,14,6,3,3,0,2,4,410,136,159,28,6,28,1,61,8,11,41,1,67,59,43,67,4,0,46,15,2,1,1,70,19,6,2,11,0,11,4,342,105,135,35,14,28,2,78,15,3,33,0,58,41,57,64,1,1
2018-03-13,Championship,2529593,Aston Villa,Queens Park Rangers,,,,1,3,2,61,12,4,0,0,78,11,14,8,0,1,10,5,474,0,191,47,0,31,3,50,8,0,29,4,59,53,33,57,0,0,39,9,7,0,0,67,12,2,2,0,0,8,3,314,0,129,44,0,21,2,65,15,0,50,3,73,48,67,59,0,0
2018-03-13,Championship,2529594,Barnsley,Norwich City,,,,1,1,1,49,13,5,0,0,74,11,4,8,0,0,10,10,379,0,199,49,0,19,3,60,11,0,24,2,67,49,62,53,0,0,51,8,3,0,0,71,11,4,5,0,0,6,4,402,0,124,40,0,29,3,73,11,0,33,4,56,51,38,55,0,0
2018-03-13,Championship,2529596,Brentford,Cardiff City,,,,1,3,2,67,24,6,3,2,82,8,7,6,12,0,15,9,496,170,239,49,20,26,0,50,10,4,48,5,73,58,53,74,1,0,33,14,9,5,3,57,19,6,2,3,0,13,1,243,59,79,31,33,27,1,70,14,12,39,5,58,42,47,38,3,0
2018-03-13,Championship,2529599,Ipswich Town,Hull City,,,,0,3,2,60,9,2,0,0,78,9,5,7,0,1,7,3,624,0,236,35,0,26,1,86,16,0,19,3,68,46,49,67,0,0,40,6,6,0,0,68,13,1,0,0,1,5,5,425,0,169,26,0,20,2,60,12,0,34,2,74,54,51,70,0,0
2018-03-13,Championship,2529603,Sheffield United,Burton Albion,,,,2,0,0,52,12,4,3,1,74,10,7,4,4,1,6,6,473,152,200,30,25,36,1,50,14,2,15,3,50,48,54,44,2,0,48,5,3,0,0,73,10,7,0,2,0,4,1,435,141,175,37,28,31,0,64,11,3,21,2,48,52,46,63,1,0
2018-03-13,Championship,2529604,Wolverhampton Wanderers,Reading,,,,3,0,0,56,14,8,5,3,89,11,8,3,3,0,8,6,583,280,237,70,24,23,2,88,7,1,7,0,45,48,74,56,1,0,44,2,0,0,0,87,11,2,1,1,0,0,2,465,304,99,49,0,11,0,38,7,3,31,5,36,52,26,58,2,0
2018-03-17,Championship,2529636,Fulham,Queens Park Rangers,,,,2,2,1,66,11,5,0,0,86,8,8,4,2,0,6,5,644,266,290,62,18,16,2,60,8,5,19,4,56,53,49,71,2,0,34,13,6,2,1,74,13,2,2,5,0,10,3,313,102,131,43,35,17,6,71,20,2,23,3,53,47,51,79,3,0
2018-03-17,Championship,2529630,Barnsley,Millwall,,,,0,2,2,64,19,7,0,0,72,12,9,5,7,0,10,9,453,134,192,52,22,43,1,67,7,2,22,1,69,51,44,66,0,0,36,10,3,4,3,55,10,3,5,2,0,7,3,256,61,80,27,15,26,2,57,17,7,37,6,73,49,56,39,0,0
2018-03-17,Championship,2529631,Birmingham City,Hull City,,,,3,0,0,38,13,8,4,2,62,14,8,4,1,0,7,6,314,73,123,49,25,20,2,71,8,2,26,1,71,42,61,67,1,0,62,6,1,0,0,75,8,5,3,2,0,3,3,544,208,198,40,0,24,1,72,6,1,37,5,69,58,39,64,0,0
2018-03-17,Championship,2529633,Brentford,Middlesbrough,,,,1,1,1,68,24,7,0,0,82,10,9,8,9,0,11,13,535,160,279,53,17,24,0,60,11,4,19,3,79,51,59,65,3,1,32,9,4,1,1,58,19,4,1,4,0,4,5,252,74,71,32,15,20,2,67,11,9,40,7,69,49,41,60,4,0
2018-03-17,Championship,2529634,Bristol City,Ipswich Town,,,,1,0,0,53,9,5,2,1,78,13,2,1,3,0,5,4,522,240,168,45,40,37,0,89,9,3,27,2,55,47,49,89,1,0,47,9,2,0,0,72,12,4,4,3,0,4,5,440,180,135,35,32,26,2,62,11,2,21,4,59,53,51,83,1,0
2018-03-17,Championship,2529637,Leeds United,Sheffield Wednesday,,,,1,2,2,56,12,3,5,4,77,4,10,8,1,0,8,4,443,141,201,34,9,34,2,52,12,2,18,3,74,62,43,74,0,0,44,11,5,3,1,70,13,4,4,2,1,6,5,366,142,116,40,18,29,1,65,14,1,41,2,58,38,58,67,4,0
2018-03-17,Championship,2529638,Norwich City,Reading,,,,3,2,0,45,13,5,3,1,74,12,8,5,3,0,11,2,364,154,116,48,15,24,2,76,6,2,18,6,67,60,46,78,2,0,55,12,7,3,2,82,16,2,3,2,0,6,6,460,169,206,56,23,26,2,58,14,3,25,2,53,40,54,71,5,0
2018-03-17,Championship,2529639,Sheffield United,Nottingham Forest,,,,0,0,1,49,12,4,2,2,73,15,3,4,4,0,5,7,435,139,180,38,11,35,2,43,8,6,17,4,57,53,54,69,1,0,51,14,4,1,1,73,12,5,4,6,0,8,6,473,163,183,31,27,25,4,67,10,4,25,4,51,48,46,70,3,0
2018-03-17,Championship,2529640,Sunderland,Preston North End,,,,0,2,2,36,6,4,0,0,62,12,4,2,0,0,3,4,309,0,100,24,0,7,2,81,14,0,31,2,65,58,34,87,0,0,64,10,5,0,0,77,12,5,5,0,0,7,5,571,0,281,44,0,17,1,41,12,0,25,4,66,42,66,37,0,0
2018-03-17,Championship,2529641,Wolverhampton Wanderers,Burton Albion,,,,3,1,0,71,15,5,3,1,90,10,4,7,3,0,7,8,750,382,293,69,0,15,3,45,7,2,15,0,46,45,50,53,0,0,29,3,1,0,0,70,13,4,0,2,0,1,2,300,144,66,23,15,15,0,61,13,3,17,2,53,55,50,86,1,0
2018-03-17,Championship,2529632,Bolton Wanderers,Aston Villa,,,,1,0,0,43,7,3,0,0,62,19,9,4,0,0,9,2,299,0,129,30,0,16,1,55,6,0,38,2,67,46,43,36,0,0,57,7,3,0,0,72,14,6,4,0,0,10,1,401,0,178,33,0,20,2,67,3,0,52,1,83,54,57,71,0,0
2018-03-30,Championship,2529650,Millwall,Nottingham Forest,,,,2,0,0,35,11,5,2,0,63,9,6,4,2,0,8,3,284,59,121,36,35,20,1,40,11,4,28,3,52,48,46,40,3,0,65,18,3,2,2,84,13,6,11,4,0,3,15,546,196,260,52,5,18,0,57,10,3,25,2,59,52,54,65,3,0
2018-03-30,Championship,2529642,Barnsley,Bristol City,,,,2,2,1,39,23,8,4,3,62,9,6,10,5,0,16,7,295,57,126,39,29,26,1,43,8,3,42,0,84,52,62,50,2,0,61,8,2,0,0,75,11,8,3,3,0,5,3,466,198,153,49,8,27,3,50,5,5,29,6,63,48,38,50,1,0
2018-03-30,Championship,2529644,Brentford,Sheffield United,,,,1,1,1,56,6,4,0,0,79,10,4,2,0,0,2,5,489,0,180,49,0,33,0,50,10,0,24,6,44,40,21,55,0,0,44,9,7,0,0,75,16,2,2,0,0,10,1,375,0,169,45,0,30,3,62,14,0,31,3,78,60,79,79,0,0
2018-03-30,Championship,2529645,Cardiff City,Burton Albion,,,,3,1,0,42,17,8,6,4,57,15,6,5,4,0,14,3,273,35,120,32,29,29,4,56,21,3,12,1,70,56,45,81,1,0,58,11,4,1,0,62,12,4,6,1,0,8,3,386,141,99,20,29,26,2,64,14,3,28,5,69,44,55,57,2,0
2018-03-30,Championship,2529648,Leeds United,Bolton Wanderers,,,,2,1,0,44,16,6,5,4,68,13,9,7,3,1,13,3,281,79,112,37,29,30,3,56,10,3,35,1,68,49,52,48,2,0,56,9,3,1,1,71,10,5,4,2,0,5,4,364,112,146,34,27,32,1,83,9,3,35,4,66,51,48,41,2,0
2018-03-30,Championship,2529651,Norwich City,Fulham,,,,0,2,2,46,14,2,0,0,80,11,5,4,8,0,6,8,470,216,162,41,24,23,3,50,7,3,12,2,58,58,33,59,3,0,54,10,5,4,2,84,11,2,3,2,0,7,3,545,209,251,52,55,21,3,63,13,8,19,2,54,42,67,47,4,0
2018-03-30,Championship,2529653,Sheffield Wednesday,Preston North End,,,,4,1,0,42,11,5,0,0,70,12,2,6,0,0,11,5,350,0,146,52,0,12,1,67,11,0,43,1,65,54,55,87,0,0,58,9,2,0,0,78,8,4,7,0,1,7,3,485,0,217,43,0,15,1,62,7,0,8,1,55,46,45,56,0,0
2018-03-30,Championship,2529649,Middlesbrough,Wolverhampton Wanderers,,,,1,2,2,55,17,3,0,0,83,10,6,8,6,0,7,10,397,141,188,55,21,34,0,50,5,0,9,4,57,55,57,62,3,0,45,7,6,3,1,76,13,2,1,0,0,5,2,339,136,123,34,56,24,0,67,9,6,35,2,46,45,43,67,3,2
2018-03-30,Championship,2529652,Reading,Queens Park Rangers,,,,1,0,0,33,2,1,0,0,65,14,4,1,0,0,0,5,246,0,98,27,0,19,4,63,13,0,32,3,72,53,42,75,0,0,67,12,3,0,0,85,17,7,9,0,0,16,11,481,0,216,68,0,19,1,53,6,0,20,0,74,47,58,58,0,0
2018-03-30,Championship,2529646,Derby County,Sunderland,,,,1,4,2,60,7,1,1,1,75,18,3,4,2,0,3,4,455,136,206,56,29,34,2,57,11,1,25,2,72,52,63,69,2,0,40,14,6,4,2,64,16,7,7,1,2,10,4,292,91,95,29,28,26,0,62,10,2,29,0,58,48,37,59,4,0
2018-03-31,Championship,2529643,Birmingham City,Ipswich Town,,,,1,0,0,36,13,3,1,0,66,9,7,5,5,0,6,7,271,68,112,34,15,30,3,85,8,3,26,1,55,41,43,64,2,0,64,8,1,0,0,77,11,6,4,3,0,6,2,496,216,165,49,32,30,3,58,9,3,33,2,76,59,57,68,3,0
2018-03-31,Championship,2529647,Hull City,Aston Villa,,,,0,0,1,52,8,1,0,0,72,11,4,7,0,0,4,5,488,0,214,36,0,17,3,65,17,0,27,3,65,54,50,73,0,0,48,7,3,0,0,71,9,8,4,0,0,5,6,442,0,189,38,0,19,0,79,6,0,24,1,58,46,50,61,0,0
2018-04-02,Championship,2529661,Preston North End,Derby County,,,,0,1,2,64,19,3,1,1,73,11,7,10,6,1,11,8,499,146,219,39,19,35,1,36,10,0,11,0,67,50,48,43,2,0,36,2,1,1,1,54,16,2,1,0,0,1,1,286,69,85,30,0,14,1,48,11,6,59,3,70,50,52,57,1,0
2018-04-02,Championship,2529656,Bristol City,Brentford,,,,0,1,2,40,2,0,0,0,69,15,1,1,1,0,1,1,356,133,112,38,30,20,3,55,12,9,32,5,63,44,44,53,3,0,60,27,7,1,1,82,13,9,12,8,0,17,10,522,164,266,54,20,28,1,60,11,1,17,0,81,56,56,85,2,0
2018-04-02,Championship,2529657,Burton Albion,Middlesbrough,,,,1,1,1,45,13,1,0,0,63,9,5,4,8,0,9,4,300,78,112,31,39,25,4,67,9,3,33,2,57,39,51,67,3,0,55,13,3,2,1,72,12,5,7,3,1,9,4,375,146,123,40,24,31,6,64,9,8,28,0,70,61,49,74,0,0
2018-04-02,Championship,2529659,Ipswich Town,Millwall,,,,2,2,1,56,10,6,4,3,66,11,4,4,0,0,6,4,396,122,139,34,10,22,3,62,15,6,40,3,68,56,42,67,4,0,44,21,5,3,2,60,10,5,10,6,1,16,5,319,56,135,36,36,36,2,33,6,0,30,4,73,44,58,55,0,0
2018-04-02,Championship,2529662,Queens Park Rangers,Norwich City,,,,4,1,0,44,15,7,0,0,78,15,3,8,0,1,10,7,372,0,171,49,0,18,1,65,7,0,18,3,79,59,74,74,0,0,56,13,3,0,0,84,14,8,10,0,0,9,7,489,0,187,41,0,13,3,69,2,0,30,3,45,41,26,33,0,0
2018-04-02,Championship,2529664,Sunderland,Sheffield Wednesday,,,,1,3,2,53,14,7,0,0,82,12,10,7,0,1,7,14,400,0,178,53,0,18,1,59,11,0,14,2,48,52,16,79,0,0,47,8,5,0,0,78,8,1,3,0,0,7,1,378,0,156,54,0,19,1,39,7,0,40,6,78,48,84,67,0,0
2018-04-02,Championship,2529663,Sheffield United,Cardiff City,,,,1,1,1,58,12,6,0,0,67,8,8,6,0,1,9,7,406,0,188,26,0,20,1,45,9,0,26,2,68,54,38,65,0,0,42,8,3,0,0,60,15,3,5,0,0,7,6,305,0,120,28,0,14,3,61,10,0,40,4,79,46,62,73,0,0
2018-04-03,Championship,2529654,Aston Villa,Reading,,,,3,0,0,78,25,13,0,0,91,6,6,12,0,0,17,11,768,0,494,67,0,22,2,75,7,0,10,0,46,64,46,80,0,0,22,1,0,0,0,64,7,2,1,0,0,2,2,219,0,61,28,0,9,0,38,14,0,47,10,37,36,54,33,0,0
2018-04-03,Championship,2529658,Fulham,Leeds United,,,,2,0,0,60,17,4,1,0,80,9,6,6,7,1,13,4,516,219,195,56,25,23,1,46,10,2,21,2,61,57,65,67,3,0,40,9,2,2,2,71,10,5,5,2,0,4,5,340,88,154,30,13,30,4,54,15,5,22,2,42,43,35,45,2,0
2018-04-03,Championship,2529665,Wolverhampton Wanderers,Hull City,,,,2,2,1,59,12,5,3,1,83,13,5,5,2,0,6,6,516,207,220,53,30,27,0,54,8,3,11,2,59,48,58,59,0,0,41,10,2,2,1,78,12,1,5,3,1,5,5,369,160,126,47,25,19,0,59,11,2,25,3,57,53,42,64,3,0
2018-04-03,Championship,2529655,Bolton Wanderers,Birmingham City,,,,0,1,2,58,8,0,0,0,67,14,8,3,5,0,5,3,388,109,152,38,21,33,2,64,9,4,43,2,88,49,43,50,1,0,42,10,3,1,0,57,7,6,3,4,0,6,4,276,67,91,42,11,28,2,67,12,5,37,0,105,51,57,73,1,1
2018-04-06,Championship,2529669,Cardiff City,Wolverhampton Wanderers,,,,0,1,2,39,16,3,2,2,59,6,8,8,5,1,10,6,276,41,121,49,9,23,3,46,10,1,19,5,67,44,48,33,2,0,61,13,6,1,1,75,11,3,6,1,1,4,9,471,184,170,29,50,23,0,50,7,5,58,3,78,56,52,63,3,0
2018-04-07,Championship,2529666,Barnsley,Sheffield United,,,,3,2,0,37,11,6,0,0,70,10,3,5,0,1,8,5,318,0,151,49,0,19,0,61,17,0,40,3,85,51,63,63,0,0,63,13,5,0,0,81,7,11,8,0,0,13,6,529,0,262,47,0,23,4,64,10,0,11,3,67,49,37,42,0,0
2018-04-07,Championship,2529675,Norwich City,Aston Villa,,,,3,1,0,44,10,6,0,0,81,18,5,4,0,0,9,5,399,0,157,55,0,11,0,67,7,0,30,1,51,48,54,60,0,0,56,5,2,0,0,85,13,7,3,0,0,2,8,500,0,229,48,0,21,2,30,7,0,12,3,52,52,46,80,0,0
2018-04-07,Championship,2529667,Birmingham City,Burton Albion,,,,1,1,1,56,25,13,7,7,73,9,9,8,4,2,17,8,442,128,194,40,30,26,7,73,7,3,24,1,97,60,58,79,2,0,44,6,2,0,0,68,12,3,1,3,0,2,4,350,114,123,29,13,18,0,62,10,5,49,11,68,40,42,90,2,0
2018-04-07,Championship,2529668,Brentford,Ipswich Town,,,,1,0,0,55,12,4,2,1,73,14,6,3,5,0,9,3,471,134,209,38,8,32,4,57,10,1,24,2,59,52,60,67,2,0,45,7,2,2,2,66,19,4,4,1,0,5,2,369,126,116,29,35,40,4,54,16,5,22,3,49,48,40,67,3,0
2018-04-07,Championship,2529670,Derby County,Bolton Wanderers,,,,3,0,0,54,9,5,3,2,77,15,5,3,1,0,7,2,446,207,135,32,50,24,1,64,13,3,23,2,62,40,49,47,1,0,46,9,2,1,1,69,7,5,4,3,1,7,2,375,150,109,32,38,35,0,69,12,1,28,2,77,60,51,63,1,0
2018-04-07,Championship,2529671,Hull City,Queens Park Rangers,,,,4,0,0,52,8,4,0,0,75,12,4,4,0,1,7,5,469,0,171,44,0,21,1,54,12,0,27,0,80,55,57,47,0,0,48,5,0,0,0,76,14,10,5,0,0,4,5,414,0,156,37,0,16,0,29,12,0,13,1,63,45,43,50,0,0
2018-04-07,Championship,2529672,Leeds United,Sunderland,,,,1,1,1,55,16,4,1,1,75,14,6,9,3,3,9,7,414,136,174,39,23,26,0,63,9,4,31,8,62,43,47,47,3,1,45,20,9,3,3,70,11,13,7,4,1,14,6,325,118,111,39,32,23,1,62,7,3,24,3,78,57,53,67,3,0
2018-04-07,Championship,2529673,Middlesbrough,Nottingham Forest,,,,2,0,0,38,13,8,0,0,75,9,5,3,2,0,7,6,346,139,121,46,50,29,0,70,17,6,27,3,47,36,59,58,1,0,62,14,3,0,0,84,7,8,5,6,0,4,10,566,229,247,44,17,26,0,70,6,3,18,5,61,64,41,81,2,0
2018-04-07,Championship,2529674,Millwall,Bristol City,,,,2,0,0,36,12,6,3,3,59,14,3,2,4,0,8,4,272,54,107,32,17,26,1,74,8,5,39,0,73,46,56,50,1,0,64,11,0,0,0,72,6,7,6,5,0,3,8,483,183,165,34,16,28,0,43,8,4,32,4,69,54,44,71,0,0
2018-04-07,Championship,2529676,Reading,Preston North End,,,,1,0,0,39,3,1,0,0,63,16,2,2,0,0,3,2,259,0,115,31,0,19,3,59,16,0,58,3,91,52,49,56,0,0,61,16,3,0,0,73,20,4,13,0,2,11,6,401,0,180,46,0,27,1,50,9,0,31,1,88,48,51,50,0,0
2018-04-07,Championship,2529677,Sheffield Wednesday,Fulham,,,,0,1,2,34,4,0,0,0,70,18,1,3,1,0,2,2,297,104,103,48,43,23,3,57,12,4,33,7,43,40,53,67,2,0,66,22,8,4,3,86,7,11,10,4,1,14,8,570,231,257,70,21,19,3,67,8,1,10,0,52,60,47,36,0,0
2018-04-10,Championship,2529678,Aston Villa,Cardiff City,,,,1,0,0,60,12,4,0,0,68,13,8,8,0,0,9,4,347,0,146,30,0,26,2,67,15,0,45,5,69,50,47,73,0,0,40,9,4,0,0,52,19,3,5,0,1,8,3,231,0,92,37,0,7,1,77,12,0,48,3,73,50,53,90,0,0
2018-04-10,Championship,2529679,Bristol City,Birmingham City,,,,3,1,0,51,11,4,2,1,69,8,4,6,1,1,6,5,412,187,96,49,33,28,3,71,20,5,30,6,91,61,57,63,0,0,49,18,7,3,3,70,16,6,6,5,0,9,9,390,121,153,45,15,19,0,69,8,1,29,1,64,39,43,50,1,0
2018-04-10,Championship,2529680,Burton Albion,Hull City,,,,0,5,2,50,11,2,0,0,64,9,2,6,3,0,6,5,398,130,125,30,18,32,2,63,10,3,23,1,72,49,51,48,0,0,50,14,6,5,2,58,13,4,5,3,1,12,2,412,102,137,20,43,34,2,68,11,3,16,2,73,51,49,65,2,0
2018-04-10,Championship,2529681,Fulham,Reading,,,,1,0,0,65,14,5,3,2,87,11,6,9,0,0,12,2,658,309,264,58,26,25,6,71,12,2,27,0,59,55,62,54,1,0,35,2,0,0,0,73,14,2,0,2,0,2,0,361,157,108,38,14,25,4,69,13,0,29,4,43,45,38,40,1,1
2018-04-10,Championship,2529682,Ipswich Town,Barnsley,,,,1,0,0,54,14,3,0,0,71,15,5,11,0,0,9,7,386,0,153,38,0,17,1,60,8,0,39,2,65,50,43,52,0,0,46,13,2,0,0,67,15,5,11,0,1,12,7,326,0,155,40,0,25,2,53,5,0,29,2,74,50,57,62,0,0
2018-04-10,Championship,2529683,Nottingham Forest,Brentford,,,,0,1,2,49,16,2,0,0,77,11,4,8,6,2,8,8,437,150,185,39,24,22,1,65,15,4,24,1,48,46,41,43,2,0,51,11,2,1,0,76,9,8,4,5,0,6,5,459,157,192,54,17,26,0,80,4,6,26,2,61,54,59,64,0,0
2018-04-10,Championship,2529684,Preston North End,Leeds United,,,,3,1,0,51,17,7,3,1,69,14,9,7,3,1,13,4,363,106,145,48,40,34,0,64,6,2,19,4,82,53,59,56,3,0,49,9,5,1,0,70,10,9,2,2,0,5,4,355,115,135,35,18,20,1,76,19,3,45,4,66,47,41,55,2,0
2018-04-10,Championship,2529686,Sheffield United,Middlesbrough,,,,2,1,0,66,7,3,0,0,83,5,5,4,0,0,5,6,576,0,262,34,0,15,3,45,14,0,20,1,69,47,56,48,0,0,34,6,2,0,0,69,20,1,4,0,0,3,4,297,0,104,37,0,10,4,67,6,0,29,1,69,53,44,65,0,0
2018-04-10,Championship,2529687,Sunderland,Norwich City,,,,1,1,1,44,15,5,0,0,73,12,5,10,0,2,11,14,375,0,187,31,0,19,1,71,10,0,19,4,49,43,38,50,0,0,56,17,4,0,0,78,8,6,13,0,2,10,8,481,0,203,48,0,22,1,58,8,0,23,4,70,57,63,70,0,0
2018-04-10,Championship,2529685,Queens Park Rangers,Sheffield Wednesday,,,,4,2,0,44,14,8,0,0,73,13,7,6,0,0,11,5,328,0,125,37,0,12,7,58,9,0,28,4,81,60,44,64,0,0,56,9,6,0,0,75,18,4,3,0,0,10,3,424,0,194,54,0,18,3,38,7,0,37,4,72,40,56,75,0,0
2018-04-10,Championship,2529689,Bolton Wanderers,Millwall,,,,0,2,2,55,13,3,1,1,67,18,6,6,4,0,5,8,361,82,160,41,22,30,1,86,6,3,38,4,87,52,43,82,0,0,45,13,6,3,1,62,18,5,4,3,0,9,4,299,65,119,34,17,20,4,65,6,4,52,3,97,48,57,42,0,0
2018-04-11,Championship,2529688,Wolverhampton Wanderers,Derby County,,,,2,0,0,57,12,5,1,0,89,11,7,4,3,0,6,6,544,272,214,81,25,16,0,71,8,2,11,1,50,51,67,69,1,0,43,6,1,0,0,86,10,3,3,2,0,0,6,411,192,160,49,7,12,2,60,10,3,18,3,42,49,33,42,0,0
2018-04-13,Championship,2529690,Aston Villa,Leeds United,,,,1,0,0,53,17,5,2,1,74,7,5,4,8,0,9,8,452,161,174,37,19,33,5,41,8,3,19,1,88,62,63,74,0,0,47,9,2,0,0,71,10,4,5,2,0,4,5,413,158,137,37,23,19,0,45,19,7,34,4,54,38,38,42,0,0
2018-04-14,Championship,2529700,Sheffield United,Millwall,,,,1,1,1,63,17,8,2,1,79,10,8,6,3,0,10,7,522,158,254,43,42,30,0,100,3,3,23,3,66,56,42,70,2,0,37,12,3,0,0,61,17,9,6,3,0,7,5,299,70,113,42,45,15,0,50,12,3,34,7,68,44,58,71,3,0
2018-04-14,Championship,2529691,Barnsley,Bolton Wanderers,,,,2,2,1,52,9,6,0,0,67,14,4,3,0,0,10,5,310,0,126,46,0,23,1,58,6,0,44,1,92,55,60,33,0,0,48,7,4,0,0,64,19,9,3,0,0,11,4,258,0,113,37,0,19,0,76,8,0,34,3,69,45,40,38,0,0
2018-04-14,Championship,2529692,Burton Albion,Derby County,,,,3,1,0,40,10,6,3,1,64,16,2,1,3,0,7,3,324,79,127,34,11,24,0,46,13,4,36,1,56,38,52,57,3,0,60,9,2,3,2,73,12,5,3,4,0,6,3,489,181,176,34,20,36,3,73,8,3,24,3,71,62,48,75,1,0
2018-04-14,Championship,2529694,Hull City,Sheffield Wednesday,,,,0,1,2,57,24,3,1,1,72,10,11,11,10,0,11,13,441,122,194,41,41,32,4,43,6,0,23,2,55,53,52,80,0,0,43,8,3,1,0,66,8,5,4,1,0,5,3,343,119,106,38,23,7,3,75,6,0,50,3,50,47,48,60,0,0
2018-04-14,Championship,2529695,Middlesbrough,Bristol City,,,,2,1,0,58,21,3,0,0,83,16,4,14,4,0,9,12,397,168,162,51,24,30,3,29,4,2,22,2,62,51,48,67,4,0,42,10,3,1,1,65,17,2,5,2,0,6,4,298,107,87,36,30,20,0,62,5,3,23,1,63,49,52,64,2,0
2018-04-14,Championship,2529696,Norwich City,Cardiff City,,,,0,2,2,67,11,4,0,0,79,8,10,7,0,1,8,9,446,0,201,47,0,14,1,60,4,0,27,4,55,53,33,62,0,0,33,11,6,0,0,56,23,6,5,0,0,7,8,224,0,97,45,0,13,0,52,14,0,32,3,67,47,67,50,0,0
2018-04-14,Championship,2529697,Nottingham Forest,Ipswich Town,,,,2,1,0,57,19,8,3,2,79,7,8,8,3,1,12,7,476,151,226,44,37,37,1,62,9,3,32,2,62,45,57,50,1,0,43,10,3,1,0,67,9,9,4,3,0,9,1,351,111,123,31,33,32,1,67,6,3,31,6,62,55,43,79,1,0
2018-04-14,Championship,2529698,Queens Park Rangers,Preston North End,,,,1,2,2,53,4,3,0,0,62,23,5,1,0,0,4,1,323,0,113,36,0,14,0,59,8,0,41,4,79,43,51,56,0,0,47,10,7,0,0,57,13,10,3,0,0,12,2,282,0,110,34,0,26,5,61,6,0,32,2,90,57,49,64,0,0
2018-04-14,Championship,2529699,Reading,Sunderland,,,,2,2,1,51,10,6,0,0,74,11,3,4,0,0,10,2,382,0,177,40,0,27,4,50,14,0,37,3,64,46,55,58,0,0,49,14,6,0,0,74,14,8,8,0,1,17,5,360,0,142,47,0,19,2,73,13,0,20,4,63,54,45,81,0,0
2018-04-14,Championship,2529693,Fulham,Brentford,,,,1,1,1,56,12,2,0,0,77,13,4,4,6,0,6,6,445,185,157,40,0,23,0,75,10,5,28,5,43,43,46,64,1,0,44,17,5,2,1,74,9,7,7,5,0,10,7,335,119,130,51,35,34,7,70,11,6,18,1,55,57,54,67,2,0
2018-04-15,Championship,2529701,Wolverhampton Wanderers,Birmingham City,,,,2,0,0,77,13,6,2,0,90,11,4,6,1,0,8,5,849,459,307,73,0,17,3,75,8,2,19,4,59,51,65,79,0,0,23,9,4,2,2,68,10,4,3,2,0,6,3,244,74,93,44,7,14,2,64,8,1,9,4,47,49,35,77,2,1
2018-04-20,Championship,2529710,Millwall,Fulham,,,,0,3,2,33,7,4,2,2,63,17,2,3,0,0,5,2,264,72,94,36,16,24,4,64,7,2,15,2,47,33,50,62,4,0,67,17,5,2,1,84,8,1,10,2,1,8,9,563,194,277,48,25,22,0,89,8,1,36,3,73,67,50,90,1,0
2018-04-21,Championship,2529702,Birmingham City,Sheffield United,,,,2,1,0,42,16,7,2,0,69,15,4,4,5,0,6,10,309,70,144,41,39,28,0,48,4,1,18,2,89,56,71,50,1,0,58,7,3,0,0,78,14,3,3,1,0,4,3,447,202,148,31,27,31,3,79,5,5,32,5,54,44,29,38,2,0
2018-04-21,Championship,2529703,Bolton Wanderers,Wolverhampton Wanderers,,,,0,4,2,38,9,2,1,1,71,12,2,3,4,0,7,2,327,131,102,30,19,22,0,60,18,6,9,3,55,46,31,44,1,0,62,21,9,5,2,84,17,5,8,4,0,14,7,566,294,183,65,43,17,2,71,12,3,21,2,80,54,69,71,1,0
2018-04-21,Championship,2529704,Brentford,Queens Park Rangers,,,,2,1,0,62,17,9,4,3,76,14,11,4,4,0,13,4,421,147,172,52,43,29,2,67,7,4,36,2,58,53,43,53,2,0,38,13,3,1,0,62,12,4,6,4,0,9,4,261,58,103,33,40,24,6,58,7,4,21,7,62,47,57,70,4,0
2018-04-21,Championship,2529705,Bristol City,Hull City,,,,5,5,1,50,20,6,4,1,78,9,6,5,9,0,13,7,443,161,185,50,23,30,1,75,5,1,11,4,64,47,67,65,1,0,50,13,8,2,0,81,9,1,4,1,1,8,5,464,196,180,44,13,19,2,50,8,8,45,2,51,53,33,50,4,0
2018-04-21,Championship,2529707,Derby County,Middlesbrough,,,,1,2,2,56,16,7,1,0,72,13,12,6,3,0,10,6,391,143,140,34,19,26,0,82,10,2,26,2,55,49,36,83,3,0,44,14,4,1,0,65,11,6,8,2,1,8,6,303,76,122,29,20,27,0,63,9,3,34,6,71,51,64,92,2,0
2018-04-21,Championship,2529708,Ipswich Town,Aston Villa,,,,0,4,2,34,3,1,0,0,72,12,4,2,0,0,1,2,354,0,103,31,0,11,3,80,13,0,23,2,36,46,42,56,0,0,66,15,6,0,0,85,10,8,9,0,1,8,13,703,0,330,53,0,23,2,92,10,0,10,1,45,54,58,44,0,0
2018-04-21,Championship,2529709,Leeds United,Barnsley,,,,2,1,0,55,16,3,2,1,77,8,5,8,5,0,10,6,424,165,160,33,33,33,2,77,10,3,33,3,60,52,42,52,1,0,45,11,3,1,1,68,10,9,5,3,0,5,6,331,108,118,39,17,32,3,59,8,5,20,1,64,48,58,54,1,0
2018-04-21,Championship,2529711,Preston North End,Norwich City,,,,0,0,1,44,7,2,0,0,70,16,5,5,0,1,6,4,349,0,154,36,0,20,1,75,8,0,12,0,62,40,62,63,0,0,56,5,0,0,0,79,11,5,5,0,0,5,7,458,0,160,46,0,24,1,59,8,0,36,2,68,60,38,74,0,0
2018-04-21,Championship,2529712,Sheffield Wednesday,Reading,,,,3,0,0,47,11,6,0,0,78,9,4,5,0,0,8,6,461,0,149,42,0,19,0,33,10,0,28,0,46,40,54,67,0,0,53,5,1,0,0,81,8,2,4,0,0,5,2,510,0,235,43,0,14,2,81,11,0,24,3,56,60,46,82,0,0
2018-04-21,Championship,2529713,Sunderland,Burton Albion,,,,1,2,2,50,14,2,1,1,71,15,2,3,9,1,10,4,365,148,112,33,18,23,4,68,9,1,35,6,70,46,41,63,6,0,50,14,8,2,1,63,7,8,5,1,0,9,5,344,104,114,26,32,35,0,72,4,8,24,1,91,54,59,82,2,0
2018-04-21,Championship,2529706,Cardiff City,Nottingham Forest,,,,2,1,0,43,14,5,2,1,55,9,6,7,2,1,11,3,255,40,100,30,37,38,2,50,11,3,17,2,90,53,61,45,0,0,57,8,3,2,1,69,15,2,2,3,0,7,1,344,128,110,29,17,31,2,53,7,2,42,3,67,47,39,42,3,0
2018-04-24,Championship,2529635,Derby County,Cardiff City,,,,3,1,0,55,17,4,2,1,60,10,9,5,8,0,9,8,301,71,111,28,13,31,0,67,4,0,59,1,75,56,49,75,1,0,45,12,2,1,1,53,11,6,10,0,0,8,4,249,42,91,32,20,36,0,82,9,8,42,1,70,44,51,44,4,0
2018-04-24,Championship,2529660,Nottingham Forest,Barnsley,,,,3,0,0,55,19,8,3,1,78,11,8,6,5,1,11,8,445,191,154,40,26,27,1,52,12,4,33,3,72,52,45,54,2,0,45,14,3,1,1,73,8,5,7,4,0,6,8,354,119,141,39,19,36,0,54,12,5,23,5,74,48,55,48,1,0
2018-04-27,Championship,2529717,Fulham,Sunderland,,,,2,1,0,61,14,5,1,0,84,15,4,7,2,0,5,9,525,197,242,40,17,17,1,60,8,3,27,1,71,54,49,76,2,0,39,8,2,0,0,75,10,2,3,3,0,2,6,339,113,140,42,0,30,5,64,9,2,24,3,64,46,51,58,4,0
2018-04-28,Championship,2529714,Aston Villa,Derby County,,,,1,1,1,72,24,6,7,6,89,4,9,12,6,2,16,8,702,220,406,67,23,23,3,78,5,2,12,2,50,49,62,68,0,0,28,7,3,1,1,73,8,2,2,2,0,5,2,278,117,85,25,10,14,2,43,21,6,48,5,44,51,38,73,1,0
2018-04-28,Championship,2529715,Barnsley,Brentford,,,,2,0,0,36,12,4,2,2,64,9,3,6,2,0,7,5,310,66,131,40,27,29,0,59,10,3,29,2,73,46,67,54,0,0,64,12,2,0,0,78,9,2,7,3,0,7,5,541,216,208,48,15,36,2,73,10,2,14,2,67,54,33,52,1,0
2018-04-28,Championship,2529716,Burton Albion,Bolton Wanderers,,,,2,0,0,46,16,8,4,2,57,15,8,5,3,0,13,3,309,73,103,30,22,22,0,59,11,4,56,0,93,51,61,50,2,0,54,9,0,0,0,54,15,5,5,4,0,5,4,355,73,117,30,15,35,2,81,5,3,25,6,69,49,39,20,2,0
2018-04-28,Championship,2529718,Hull City,Cardiff City,,,,0,2,2,66,3,0,0,0,75,15,3,3,0,0,3,5,480,0,166,42,0,26,0,44,12,0,40,4,52,40,43,43,0,0,34,9,6,0,0,48,15,5,3,0,0,8,4,233,0,89,26,0,16,3,18,10,0,31,0,73,60,57,62,0,0
2018-04-28,Championship,2529720,Norwich City,Leeds United,,,,2,1,0,52,18,5,0,0,79,9,9,5,8,0,11,7,504,210,187,39,23,30,2,47,11,3,15,4,60,54,50,71,1,0,48,15,5,0,0,80,15,3,7,3,0,4,11,471,170,206,45,20,15,1,80,18,8,17,3,53,46,50,63,2,0
2018-04-28,Championship,2529721,Nottingham Forest,Bristol City,,,,0,0,1,54,24,6,3,3,81,13,6,12,6,0,12,12,505,201,207,47,26,14,0,68,13,0,27,0,62,53,42,61,1,0,46,6,0,0,0,77,12,2,6,0,0,3,3,449,212,133,50,14,15,2,68,5,6,30,6,64,47,58,60,1,0
2018-04-28,Championship,2529722,Queens Park Rangers,Birmingham City,,,,3,1,0,66,18,13,4,2,80,11,3,0,5,0,11,7,515,227,183,42,27,24,0,62,11,3,27,5,79,62,38,85,2,0,34,15,6,2,1,55,16,11,6,3,0,10,5,257,53,89,39,38,19,1,75,9,5,31,9,76,38,62,75,1,0
2018-04-28,Championship,2529723,Reading,Ipswich Town,,,,0,4,2,63,10,6,0,0,81,7,12,4,0,0,12,3,503,0,230,44,0,24,4,54,10,0,22,3,55,54,50,46,0,0,37,7,7,0,0,70,13,4,0,0,0,8,3,303,0,106,40,0,12,2,46,5,0,28,6,50,46,50,88,0,0
2018-04-28,Championship,2529724,Sheffield United,Preston North End,,,,0,1,2,58,8,4,0,0,76,21,13,4,0,0,11,7,460,0,242,44,0,36,3,67,12,0,15,2,66,48,61,65,0,0,42,6,3,0,0,66,14,3,3,0,0,5,4,344,0,93,29,0,21,1,80,18,0,38,4,61,52,39,70,0,0
2018-04-28,Championship,2529725,Wolverhampton Wanderers,Sheffield Wednesday,,,,0,0,1,48,17,4,4,4,85,6,9,6,7,0,9,8,521,238,205,61,40,15,2,56,18,1,18,0,51,48,69,65,1,0,52,2,0,0,0,84,5,4,1,1,0,1,1,573,279,202,53,7,17,1,94,11,7,26,4,43,52,31,61,0,0
2018-04-28,Championship,2529719,Middlesbrough,Millwall,,,,2,0,0,43,17,3,1,0,68,8,3,9,5,0,10,7,298,86,116,30,15,23,0,79,8,3,46,3,83,70,52,80,2,0,57,8,3,0,0,66,11,8,2,3,0,5,3,396,107,155,45,32,45,0,70,8,5,16,1,55,30,48,43,3,0
2018-05-06,Championship,2529726,Birmingham City,Fulham,,,,3,1,0,28,11,7,5,2,62,14,3,2,2,0,9,2,218,43,92,34,28,16,1,75,10,2,27,4,58,52,46,67,2,0,72,13,5,2,1,85,8,4,6,2,0,8,5,601,242,266,50,38,23,2,85,2,2,16,4,59,48,54,73,3,0
2018-05-06,Championship,2529727,Bolton Wanderers,Nottingham Forest,,,,3,2,0,43,24,9,5,3,66,12,6,13,2,1,18,6,336,79,142,45,43,24,3,62,14,3,15,2,71,49,45,45,3,0,57,12,4,3,3,75,11,2,5,3,0,8,4,465,236,114,33,40,25,2,72,7,2,39,6,79,51,55,59,4,0
2018-05-06,Championship,2529728,Brentford,Hull City,,,,1,1,1,59,22,5,3,2,86,10,14,12,5,0,12,10,552,193,280,72,35,18,0,75,5,1,10,3,40,41,57,47,0,0,41,7,4,1,1,79,12,1,2,1,0,3,4,399,189,126,45,10,19,6,63,19,5,28,4,50,59,43,100,0,0
2018-05-06,Championship,2529729,Bristol City,Sheffield United,,,,2,3,2,44,10,5,2,2,75,16,2,3,2,0,6,4,415,194,117,39,44,22,1,89,2,1,18,0,61,42,50,75,4,0,56,5,3,0,0,80,16,3,1,1,0,3,2,517,235,180,35,13,26,2,65,5,2,26,3,72,58,50,73,2,0
2018-05-06,Championship,2529730,Cardiff City,Reading,,,,0,0,1,54,11,3,0,0,59,16,4,8,0,0,11,5,280,0,135,35,0,25,1,90,4,0,11,0,77,47,59,77,0,0,46,0,0,0,0,60,11,2,0,0,0,1,0,241,0,58,18,0,22,0,74,6,0,77,2,67,53,41,43,0,0
2018-05-06,Championship,2529731,Derby County,Barnsley,,,,4,1,0,53,16,5,4,1,80,7,5,5,6,1,9,7,426,197,144,41,13,28,1,58,5,3,22,2,58,56,43,53,1,0,47,14,3,0,0,78,8,3,6,5,0,7,7,372,130,162,46,22,26,0,73,8,6,14,1,56,44,57,69,2,0
2018-05-06,Championship,2529732,Ipswich Town,Middlesbrough,,,,2,2,1,39,13,8,0,0,65,7,6,5,0,1,10,6,271,0,79,24,0,14,0,83,10,0,33,4,44,42,48,73,0,0,61,16,6,0,0,82,12,11,10,0,1,16,12,423,0,237,52,0,20,3,70,6,0,17,6,56,58,52,85,0,0
2018-05-06,Championship,2529733,Leeds United,Queens Park Rangers,,,,2,0,0,54,14,6,1,1,76,19,9,3,5,0,9,5,390,155,142,39,26,22,1,75,7,0,28,1,70,48,42,64,3,0,46,7,1,0,0,68,12,4,6,0,0,4,3,330,152,71,36,13,34,1,67,14,6,14,3,82,52,58,72,3,0
2018-05-06,Championship,2529734,Millwall,Aston Villa,,,,1,0,0,40,13,3,2,1,67,12,5,6,4,0,8,5,328,85,135,38,23,22,2,73,9,4,13,5,59,45,48,76,1,0,60,14,5,0,0,81,6,5,5,4,0,6,8,498,190,213,39,29,20,2,73,10,4,40,2,69,55,52,64,0,0
2018-05-06,Championship,2529735,Preston North End,Burton Albion,,,,2,1,0,57,18,6,5,3,72,10,6,8,4,1,9,9,413,149,148,39,27,28,5,71,7,9,31,4,84,66,49,85,1,1,43,21,5,2,2,60,12,8,6,10,0,11,10,309,72,114,32,30,22,0,86,10,4,22,4,64,34,51,58,3,0
2018-05-06,Championship,2529736,Sheffield Wednesday,Norwich City,,,,5,1,0,40,12,8,0,0,79,14,1,4,0,0,9,3,338,0,130,51,0,16,1,54,13,0,28,1,60,45,48,62,0,0,60,12,2,0,0,85,12,10,10,0,0,11,10,509,0,264,48,0,15,1,67,10,0,6,3,71,55,52,62,0,0
2018-05-06,Championship,2529737,Sunderland,Wolverhampton Wanderers,,,,3,0,0,42,19,7,1,0,80,7,7,5,7,0,11,8,335,124,144,40,35,27,0,59,9,2,19,1,64,60,44,70,0,0,58,7,1,0,0,88,16,7,3,3,0,2,5,481,245,179,64,27,20,3,75,15,7,19,4,49,40,56,47,0,0
2018-05-11,Championship Playoff,2757362,Derby County,Fulham,,,,1,0,0,26,3,1,0,0,68,15,2,2,0,0,2,1,269,77,105,43,14,11,2,44,14,3,16,2,47,49,53,57,2,0,74,13,2,1,1,90,5,8,8,3,1,6,7,783,286,416,50,27,28,0,45,8,0,14,0,48,51,47,68,1,0
2018-05-12,Championship Playoff,2757364,Middlesbrough,Aston Villa,,,,0,1,2,62,12,2,0,0,86,9,10,10,0,0,8,8,496,0,268,62,0,23,1,30,5,0,14,3,55,41,43,41,0,0,38,7,4,0,0,72,11,2,3,0,1,8,3,318,0,112,25,0,8,1,49,7,0,33,2,78,59,58,80,0,0
2018-05-14,Championship Playoff,2757363,Fulham,Derby County,,,,2,0,0,64,20,10,2,1,83,7,9,6,4,0,9,11,590,203,285,51,25,17,1,44,8,2,30,1,43,40,50,35,4,0,36,14,1,0,0,68,8,6,11,2,0,9,5,322,97,123,38,24,28,1,33,19,4,24,8,55,60,50,79,2,0
2018-05-15,Championship Playoff,2757365,Aston Villa,Middlesbrough,,,,0,0,1,46,8,5,0,0,73,8,7,3,0,0,5,10,339,0,147,30,0,18,3,56,6,0,37,0,68,54,43,65,0,0,54,3,0,0,0,75,18,4,3,0,1,2,7,395,0,181,39,0,20,1,71,4,0,33,5,68,46,57,61,0,0
2018-05-26,Championship Playoff,2760990,Aston Villa,Fulham,,,,0,1,2,49,12,2,1,1,79,14,0,6,4,0,7,5,392,141,170,37,42,25,3,56,14,3,12,2,65,55,55,74,4,0,51,15,3,1,0,82,15,3,9,3,0,9,6,420,170,173,45,44,19,1,36,4,4,35,2,53,45,45,71,1,1
