match_date,league_name,matchid,home_team,away_team,home_probability_win,draw_probability,away_probability_win,home_goals,away_goals,ftr,home_ball_possession,home_total_shots,home_shots_on_target,home_big_chances,home_big_misses,home_accurate_passes,home_fouls_commited,home_corners,home_shots_off_target,home_blocked_shots,home_hit_woodwork,home_shots_inside_box,home_shots_outside_box,home_passes,home_own_half,home_opposition_half,home_accurate_long_balls,home_accurate_crosses,home_throws,home_offsides,home_tackles_won,home_interceptions,home_blocks,home_clearances,home_keeper_save,home_duels_won,home_geround_duels_won,home_aerial_duels_won,home_successful_dribbles,home_yellow_cards,home_red_cards,away_ball_possession,away_total_shots,away_shots_on_target,away_big_chances,away_big_misses,away_accurate_passes,away_fouls_commited,away_corners,away_shots_off_target,away_blocked_shots,away_hit_woodwork,away_shots_inside_box,away_shots_outside_box,away_passes,away_own_half,away_opposition_half,away_accurate_long_balls,away_axxurate_crosses,away_throws,away_offsides,away_tackles_won,away_interceptions,away_blocks,away_clearances,away_keeper_save,away_duels_won,away_geround_duels_won,away_aerial_duels_won,away_successful_dribbles,away_yellow_cards,away_red_cards
2020-09-12,LaLiga2,3424437,Ponferradina,Castellon,0.4046692607003891,0.4280155642023346,0.16731517509727625,1,2,2,42,10,2,2,1,79,10,3,5,3,0,4,6,329,127,132,42,22,15,2,56,7,2,16,1,35,44,46,33,0,0,58,8,3,2,1,82,13,5,3,2,0,8,0,460,278,100,38,15,19,3,70,11,2,10,1,43,56,54,77,0,0
2020-09-12,LaLiga2,3424440,Leganes,Las Palmas,0.5398550724637681,0.35054347826086957,0.10960144927536232,1,0,0,53,12,6,2,1,75,15,2,3,3,0,9,3,378,179,105,52,56,19,5,62,8,0,16,1,70,56,54,69,0,0,47,9,1,0,0,74,16,2,5,3,0,5,4,322,118,119,41,19,26,3,71,15,0,14,5,56,44,46,43,0,0
2020-09-12,LaLiga2,3424433,Sporting Gijon,Logrones,0.5032594524119948,0.36897001303780963,0.12777053455019557,1,0,0,61,16,5,1,0,87,14,7,5,6,1,9,7,557,241,244,65,23,23,1,67,9,0,11,1,51,52,49,48,0,0,39,3,1,0,0,79,10,2,1,1,0,1,2,362,180,105,48,13,10,1,73,13,0,26,4,50,48,51,50,0,0
2020-09-12,LaLiga2,3424428,Espanyol,Albacete,0.5880574452003023,0.30990173847316704,0.10204081632653061,3,0,0,72,20,6,5,3,86,12,8,12,2,1,13,7,639,249,299,55,27,14,0,77,6,1,20,1,56,53,52,43,0,0,28,7,1,0,0,58,14,5,5,1,0,5,2,239,61,78,36,40,23,1,64,14,2,19,3,50,47,48,25,2,0
2020-09-13,LaLiga2,3424436,Real Oviedo,Cartagena,0.5798319327731093,0.31092436974789917,0.1092436974789916,0,0,1,53,18,6,3,3,76,23,7,7,5,2,13,5,328,108,140,48,33,25,1,55,7,0,11,0,61,45,59,75,0,0,47,7,0,0,0,75,15,3,4,3,0,2,5,304,137,91,43,25,9,0,75,4,0,18,6,60,55,41,73,0,0
2020-09-13,LaLiga2,3424439,Mallorca,Rayo Vallecano,0.4409368635437882,0.43584521384928715,0.12321792260692464,0,1,2,56,7,4,0,0,75,17,6,2,1,0,4,3,410,156,151,48,40,28,2,63,10,1,22,4,67,50,49,56,1,0,44,11,5,2,1,67,20,4,5,1,0,4,7,318,92,120,25,27,24,0,61,12,1,20,4,68,50,51,45,4,0
2020-09-13,LaLiga2,3424438,CD Mirandes,Alcorcon,0.36589147286821705,0.4744186046511628,0.15968992248062017,0,0,1,54,8,4,0,0,72,18,5,4,0,0,4,4,353,111,144,41,0,31,2,61,8,2,15,3,53,47,39,50,0,0,46,6,3,1,1,63,9,3,1,2,0,3,3,305,121,72,35,11,26,3,47,7,0,22,4,69,53,61,43,0,0
2020-09-13,LaLiga2,3424441,Fuenlabrada,Lugo,0.3946700507614213,0.47081218274111675,0.13451776649746192,2,0,0,54,8,4,1,0,77,12,3,3,1,0,5,3,358,141,133,54,13,23,7,100,12,1,10,1,56,44,46,45,1,0,46,4,1,0,0,66,18,0,2,1,0,1,3,319,128,81,32,17,22,0,39,7,0,22,2,68,56,54,71,3,0
2020-09-13,LaLiga2,3424432,Tenerife,Malaga,0.39226519337016574,0.39410681399631675,0.2136279926335175,2,0,0,52,10,3,3,1,70,26,1,7,0,0,6,4,367,130,128,55,29,22,3,82,9,0,11,1,70,43,55,57,0,0,48,6,2,1,1,66,16,2,3,1,0,3,3,338,132,92,36,9,27,2,54,6,0,16,1,76,58,45,67,0,0
2020-09-19,LaLiga2,3424452,CD Mirandes,Real Oviedo,0.38676844783715014,0.46055979643765904,0.15267175572519084,1,1,1,47,13,5,3,2,56,17,4,4,4,0,7,6,282,71,87,33,14,23,2,46,13,0,28,1,69,53,53,56,0,0,53,6,2,0,0,61,17,2,3,1,0,4,2,310,72,118,31,14,17,0,68,11,0,21,3,62,47,47,17,0,0
2020-09-19,LaLiga2,3424430,Alcorcon,Tenerife,0.38802660753880264,0.4634146341463415,0.14855875831485588,2,0,0,46,8,4,1,0,56,13,3,1,3,0,6,2,311,93,82,31,40,28,3,78,4,1,21,3,71,53,43,64,0,0,54,11,3,1,1,64,18,4,7,1,0,3,8,357,110,119,40,19,29,1,58,12,2,12,2,81,47,57,57,0,0
2020-09-19,LaLiga2,3424443,Castellon,Malaga,0.3805601317957166,0.41186161449752884,0.20757825370675453,0,1,2,64,8,1,1,1,88,15,3,7,0,0,6,2,521,245,212,53,27,16,7,56,6,0,13,1,39,45,48,38,0,0,36,7,2,0,0,73,18,3,3,2,0,3,4,290,127,86,41,15,9,0,65,8,0,20,1,46,55,52,50,0,0
2020-09-19,LaLiga2,3424451,Rayo Vallecano,Sabadell,0.5572207084468664,0.3446866485013624,0.09809264305177112,2,1,0,53,16,4,3,1,74,16,6,10,2,3,10,6,355,98,166,45,24,43,4,61,12,1,9,1,66,53,63,60,1,0,47,7,2,1,1,66,17,1,4,1,0,3,4,330,131,87,28,33,22,2,72,12,2,20,2,52,47,38,30,3,0
2020-09-20,LaLiga2,3424453,Lugo,Leganes,0.22970903522205208,0.39203675344563554,0.3782542113323124,2,1,0,42,10,4,3,1,73,14,6,3,3,0,7,3,287,95,115,40,18,25,0,64,9,4,27,1,49,46,53,50,3,0,58,13,3,2,1,82,10,4,6,4,0,7,6,419,189,155,66,9,26,1,53,7,4,15,1,52,54,47,60,2,0
2020-09-20,LaLiga2,3424455,Espanyol,Mallorca,0.6162790697674418,0.27906976744186046,0.10465116279069768,0,0,1,53,9,3,0,0,84,19,3,2,4,0,1,8,441,212,158,42,23,21,0,73,5,1,12,3,45,49,37,62,1,1,47,7,3,0,0,80,17,2,3,1,0,3,4,383,177,128,60,13,24,2,69,4,4,12,3,54,51,63,54,2,0
2020-09-20,LaLiga2,3424431,Albacete,Ponferradina,0.47906197654941374,0.4187604690117253,0.10217755443886097,0,2,2,51,9,0,2,2,73,13,3,8,1,1,5,4,404,135,158,52,21,22,2,65,5,5,9,2,62,62,54,60,2,1,49,14,4,2,1,75,16,3,5,5,0,9,5,408,202,106,42,36,16,5,67,16,0,24,0,44,38,46,22,2,0
2020-09-20,LaLiga2,3424442,Cartagena,Sporting Gijon,0.27956989247311825,0.4767025089605735,0.24372759856630824,0,1,2,50,10,3,1,1,79,15,4,3,4,0,6,4,413,172,154,40,10,18,0,56,6,0,17,2,40,48,50,53,0,0,50,10,3,2,2,80,15,5,6,1,0,7,3,410,213,114,47,36,14,2,38,9,0,26,3,42,52,50,57,0,0
2020-09-20,LaLiga2,3424454,Las Palmas,Fuenlabrada,0.48774193548387096,0.3896774193548387,0.12258064516129032,3,3,1,55,12,7,2,1,74,26,2,3,2,0,5,7,337,138,110,41,15,23,2,71,1,1,21,2,59,48,37,87,0,0,45,16,5,4,1,72,15,5,9,2,1,10,6,268,104,88,53,47,21,4,89,12,2,17,4,74,52,63,65,0,0
2020-09-26,LaLiga2,3424458,Real Zaragoza,Las Palmas,0.5008103727714749,0.3857374392220421,0.11345218800648298,2,2,1,52,7,1,0,0,75,17,6,2,4,0,3,4,359,169,102,48,20,25,3,85,5,1,16,3,58,54,50,64,4,1,48,10,5,0,0,75,19,2,4,1,0,4,6,331,135,113,56,18,29,3,64,5,4,16,0,52,46,50,38,1,1
2020-09-26,LaLiga2,3424448,Logrones,Castellon,0.3633720930232558,0.4563953488372093,0.18023255813953487,1,1,1,50,17,4,1,0,82,13,12,5,8,0,9,8,459,228,150,57,30,21,2,50,11,0,7,0,63,60,52,65,0,0,50,5,1,1,0,83,14,2,2,2,0,1,4,485,273,129,42,7,15,0,63,5,0,22,3,46,40,48,41,0,0
2020-09-26,LaLiga2,3424446,Malaga,Alcorcon,0.6428571428571429,0.16666666666666666,0.19047619047619047,1,0,0,49,8,1,0,0,72,15,3,1,6,0,4,4,403,171,118,35,21,24,2,47,15,1,17,2,67,52,46,31,0,0,51,5,2,0,0,74,19,0,2,1,0,2,3,420,188,123,42,8,26,5,63,10,6,14,0,69,48,54,58,0,0
2020-09-26,LaLiga2,3424471,Sporting Gijon,Girona,0.38967136150234744,0.4350547730829421,0.1752738654147105,2,0,0,36,10,3,1,0,75,8,5,4,3,0,5,5,286,108,106,42,27,8,2,56,9,0,35,9,38,51,65,67,0,0,64,24,9,1,1,86,8,11,8,7,1,7,17,479,146,266,50,14,20,1,75,3,0,8,1,29,49,35,73,0,0
2020-09-26,LaLiga2,3424450,Fuenlabrada,Albacete,0.4899328859060403,0.37360178970917224,0.13646532438478748,1,0,0,51,12,6,3,3,65,21,5,4,2,0,8,4,319,122,85,39,57,18,2,68,8,0,23,1,66,59,42,71,0,0,49,4,1,0,0,64,16,4,3,0,0,4,0,302,103,90,38,29,35,0,70,14,1,7,5,61,41,58,31,0,0
2020-09-27,LaLiga2,3424447,Lugo,Almeria,0.39195979899497485,0.39949748743718594,0.20854271356783918,0,2,2,37,7,0,0,0,76,19,6,5,2,0,5,2,279,105,106,41,10,28,6,73,5,2,6,2,49,47,38,50,0,0,63,10,4,0,0,87,17,2,4,2,0,4,6,521,258,193,52,22,11,0,71,7,2,26,0,60,53,62,40,2,1
2020-09-27,LaLiga2,3424445,Mallorca,Sabadell,0.4934210526315789,0.4,0.10657894736842105,1,0,0,49,16,5,0,0,82,11,6,9,2,0,8,8,363,123,174,57,28,25,5,67,8,2,6,2,41,50,36,50,1,0,51,10,2,0,0,80,18,2,6,2,0,6,4,407,222,102,36,27,19,0,67,9,2,27,4,50,50,64,40,2,1
2020-09-27,LaLiga2,3424444,Ponferradina,Rayo Vallecano,0.2616984402079723,0.462738301559792,0.2755632582322357,3,0,0,37,7,4,0,0,67,23,2,0,3,0,1,6,258,91,83,46,0,21,1,74,7,2,29,3,53,44,67,44,1,0,63,9,3,0,0,82,14,8,4,2,0,4,5,418,159,183,51,22,24,5,75,8,3,11,1,54,56,33,52,3,0
2020-09-27,LaLiga2,3424457,Real Oviedo,Espanyol,0.24667472793228537,0.4437726723095526,0.309552599758162,0,2,2,47,7,2,0,0,76,17,7,4,1,0,4,3,377,139,148,48,14,22,2,71,10,2,10,0,55,54,32,58,2,0,53,6,2,3,1,75,12,4,2,2,1,5,1,423,159,160,48,18,33,1,67,10,1,20,3,62,46,68,38,0,0
2020-09-27,LaLiga2,3424470,Tenerife,CD Mirandes,0.46473779385171793,0.4231464737793852,0.11211573236889692,1,2,2,43,10,5,1,1,74,15,2,4,1,0,8,2,324,129,112,40,25,22,3,65,16,0,17,0,60,46,62,58,0,0,57,9,2,2,1,76,7,8,4,3,0,5,4,436,155,176,32,29,24,0,58,11,0,15,4,55,54,38,57,0,0
2020-09-27,LaLiga2,3424449,Leganes,Cartagena,0.5776330076004343,0.3322475570032573,0.09011943539630836,3,1,0,43,16,5,1,1,81,13,2,7,4,1,10,6,389,186,129,40,18,9,0,62,11,0,25,4,46,48,52,73,0,0,57,12,5,1,0,84,9,4,5,2,0,5,7,514,192,240,54,13,16,2,77,16,0,7,2,48,52,48,61,0,0
2020-10-03,LaLiga2,3424461,CD Mirandes,Ponferradina,0.3918918918918919,0.4702702702702703,0.13783783783783785,0,1,2,57,6,1,1,1,73,21,3,4,1,0,3,3,435,130,189,41,4,29,0,58,10,2,17,3,54,39,45,48,3,0,43,10,4,1,0,62,9,5,4,2,0,6,4,325,104,97,35,17,36,1,58,16,1,18,1,78,61,55,75,2,0
2020-10-03,LaLiga2,3424469,Albacete,Real Oviedo,0.3657957244655582,0.4655581947743468,0.16864608076009502,1,1,1,66,11,4,3,3,83,17,7,5,2,0,6,5,430,161,194,67,17,27,1,67,4,0,5,2,51,49,35,41,0,0,34,6,3,2,1,66,22,2,2,1,1,5,1,233,59,94,38,14,15,4,68,8,0,37,3,64,51,65,100,0,0
2020-10-03,LaLiga2,3424462,Mallorca,Tenerife,0.5171919770773639,0.3753581661891118,0.10744985673352435,2,0,0,47,8,2,1,0,73,12,3,1,5,0,5,3,374,182,92,35,10,18,0,62,4,0,24,6,49,43,52,80,0,0,53,18,5,1,1,77,10,4,10,3,1,10,8,429,147,182,49,33,20,1,57,16,0,11,0,55,57,48,71,0,0
2020-10-03,LaLiga2,3424463,Las Palmas,Logrones,0.5510204081632653,0.3642072213500785,0.0847723704866562,2,1,0,53,10,3,1,0,76,22,7,4,3,0,5,5,357,138,134,46,0,12,1,50,12,0,16,2,61,43,48,71,0,0,47,7,3,2,1,65,19,4,3,1,0,6,1,312,127,76,27,33,24,1,88,10,0,16,1,73,57,52,82,0,0
2020-10-03,LaLiga2,3424460,Rayo Vallecano,Malaga,0.4481792717086835,0.38935574229691877,0.16246498599439776,4,0,0,53,13,7,4,1,74,17,8,6,0,1,11,2,404,128,171,35,19,28,4,67,15,0,11,2,67,55,53,59,1,0,47,7,2,1,1,67,16,2,5,0,0,4,3,367,139,108,39,23,30,0,82,6,0,16,4,57,45,47,33,1,0
2020-10-04,LaLiga2,3424464,Girona,Fuenlabrada,0.5636645962732919,0.32919254658385094,0.10714285714285714,0,1,2,57,6,0,1,1,77,14,6,4,2,0,4,2,343,148,115,49,17,22,3,78,4,2,17,1,54,43,48,53,0,0,43,10,2,2,1,74,15,3,6,2,1,6,4,269,103,96,38,20,24,1,70,9,2,32,0,66,57,52,71,0,0
2020-10-04,LaLiga2,3424459,Sabadell,Espanyol,0.2193939393939394,0.44,0.3406060606060606,0,1,2,52,7,2,1,1,84,11,7,4,1,0,4,3,439,239,128,54,24,28,1,67,8,4,20,5,39,48,52,47,1,0,48,15,7,5,4,83,12,5,5,3,1,11,4,419,147,199,57,18,23,0,75,9,1,22,2,40,52,48,71,2,0
2020-10-04,LaLiga2,3424467,Almeria,Sporting Gijon,0.40336134453781514,0.40896358543417366,0.1876750700280112,0,1,2,68,11,3,2,2,87,12,9,6,2,0,2,9,595,223,292,64,6,22,1,50,9,0,7,2,42,52,57,50,0,0,32,4,3,1,0,75,16,2,0,1,0,2,2,295,167,54,34,14,15,3,47,14,0,18,3,37,48,43,75,0,0
2020-10-04,LaLiga2,3424465,Castellon,Leganes,0.2479892761394102,0.4517426273458445,0.3002680965147453,2,0,0,41,8,3,2,1,79,17,5,3,2,0,6,2,307,147,94,47,24,10,1,85,12,0,27,6,44,41,53,36,0,0,59,15,6,0,0,84,9,10,5,4,0,8,7,452,225,154,43,22,16,2,56,9,0,21,2,53,59,47,45,0,0
2020-10-04,LaLiga2,3424466,Cartagena,Lugo,0.3633276740237691,0.47198641765704585,0.16468590831918506,2,1,0,50,11,6,2,1,77,18,3,2,3,0,5,6,371,153,131,28,8,21,2,57,6,2,23,4,46,43,38,80,3,0,50,12,5,1,0,79,12,8,5,2,2,8,4,361,131,155,52,20,18,2,57,16,3,12,4,64,57,62,78,5,0
2020-10-10,LaLiga2,3424479,Sabadell,CD Mirandes,0.34441087613293053,0.4350453172205438,0.22054380664652568,0,2,2,56,5,1,0,0,82,14,6,1,3,0,3,2,468,226,160,59,14,18,1,58,19,1,16,3,60,52,67,67,2,0,44,9,5,1,0,74,13,7,3,1,0,3,6,366,156,114,46,6,28,3,87,10,3,11,1,47,48,33,80,0,0
2020-10-10,LaLiga2,3424472,Espanyol,Alcorcon,0.5363010068892422,0.37254901960784315,0.09114997350291468,1,0,0,68,13,5,4,3,82,9,6,4,4,0,8,5,596,241,246,40,35,29,2,64,15,0,10,3,56,55,63,45,0,0,32,8,3,1,1,59,13,2,5,0,0,5,3,281,102,65,28,20,17,2,47,16,3,18,4,40,45,37,56,2,0
2020-10-10,LaLiga2,3424485,Logrones,Almeria,0.25265017667844525,0.5026501766784452,0.24469964664310953,1,0,0,37,6,2,1,1,70,19,7,4,0,0,4,2,275,97,96,48,32,20,2,40,14,0,18,0,56,47,47,24,0,0,63,4,0,0,0,80,18,4,3,1,0,1,3,499,217,184,49,13,19,2,67,7,0,29,1,63,53,53,39,0,0
2020-10-10,LaLiga2,3424478,Tenerife,Rayo Vallecano,0.2923289564616448,0.4644091223220456,0.2432619212163096,1,0,0,45,4,2,0,0,71,24,1,1,1,0,2,2,318,130,95,48,31,28,4,75,9,4,23,2,50,35,47,44,1,0,55,12,2,0,0,74,14,8,5,5,0,7,5,378,120,161,34,19,25,1,57,11,1,13,1,78,65,53,76,2,0
2020-10-11,LaLiga2,3424473,Fuenlabrada,Castellon,0.5120405576679341,0.376425855513308,0.11153358681875793,1,1,1,38,12,5,1,1,76,21,5,6,1,0,5,7,314,155,85,49,21,18,0,67,12,4,21,2,48,49,36,67,0,0,62,13,2,1,0,85,6,9,7,4,0,8,5,514,253,182,52,33,32,1,64,7,1,18,4,56,51,64,53,0,0
2020-10-11,LaLiga2,3424484,Lugo,Mallorca,0.27195121951219514,0.44634146341463415,0.2817073170731707,0,1,2,44,3,2,1,1,73,15,2,0,1,0,3,0,309,114,112,41,17,13,2,50,9,1,19,2,67,55,58,69,2,2,56,9,3,1,0,77,21,3,5,1,0,6,3,392,139,162,52,11,30,3,64,5,1,12,2,52,45,42,71,4,0
2020-10-11,LaLiga2,3424486,Leganes,Girona,0.42733188720173537,0.4215473608098337,0.15112075198843095,0,1,2,60,16,2,4,4,77,18,8,10,4,1,13,3,344,175,89,41,27,13,1,63,4,0,13,3,59,56,45,75,0,0,40,9,4,0,0,62,27,3,3,2,0,4,5,235,57,88,40,14,11,2,90,6,0,27,2,54,44,55,63,0,0
2020-10-11,LaLiga2,3424483,Malaga,Las Palmas,0.39161966156325545,0.4528605962933118,0.15551974214343273,0,0,1,55,12,1,0,0,73,12,5,6,5,0,8,4,406,182,116,49,33,25,3,60,7,0,16,2,66,40,58,33,0,0,45,11,2,2,2,71,20,0,7,2,0,8,3,331,128,106,48,44,29,3,70,16,0,21,1,74,60,42,60,0,0
2020-10-11,LaLiga2,3424480,Real Zaragoza,Albacete,0.6615384615384615,0.15384615384615385,0.18461538461538463,1,0,0,58,12,3,1,0,79,14,8,5,4,0,5,7,421,203,129,55,17,25,1,45,10,0,19,3,38,48,40,50,3,0,42,7,3,0,0,69,13,8,4,0,0,5,2,292,58,143,51,15,21,1,67,15,3,23,2,46,52,60,43,2,0
2020-10-11,LaLiga2,3424482,Ponferradina,Cartagena,0.4583795782463929,0.42508324084350724,0.11653718091009989,0,2,2,52,8,2,1,1,75,14,3,3,3,0,2,6,384,147,140,44,13,12,0,67,6,3,21,1,45,53,42,45,3,0,48,11,4,2,1,70,16,7,5,2,0,7,4,348,128,117,45,21,24,1,50,11,3,10,2,48,47,58,60,4,0
2020-10-11,LaLiga2,3424481,Real Oviedo,Sporting Gijon,0.27586206896551724,0.43988816402609504,0.2842497670083877,1,0,0,33,12,2,1,0,69,13,4,7,3,0,7,5,300,112,96,32,38,17,1,59,12,0,24,3,45,44,54,27,0,0,67,11,3,0,0,85,10,4,5,3,0,4,7,606,328,190,55,14,27,1,64,5,0,15,1,51,56,46,71,0,0
2020-10-17,LaLiga2,3424477,Albacete,Sabadell,0.4592833876221498,0.40716612377850164,0.13355048859934854,3,0,0,54,11,6,2,0,81,7,3,4,1,1,6,5,459,190,180,45,22,17,4,69,8,2,18,4,56,56,54,64,1,0,46,10,4,4,4,77,14,4,4,2,0,8,2,380,166,126,51,15,26,2,33,6,1,18,3,46,44,46,53,1,0
2020-10-17,LaLiga2,3424475,Cartagena,Fuenlabrada,0.3242506811989101,0.444141689373297,0.23160762942779292,1,1,1,49,7,1,1,0,71,17,4,1,5,0,6,1,338,132,109,35,13,24,0,47,10,4,18,3,64,51,38,59,0,0,51,13,4,2,1,77,26,4,4,5,0,7,6,340,154,107,46,20,16,0,42,15,5,14,0,69,49,63,62,0,0
2020-10-17,LaLiga2,3424488,Las Palmas,Almeria,0.4714285714285714,0.4,0.12857142857142856,2,0,0,38,10,4,0,0,66,21,4,3,3,1,4,6,259,69,102,44,11,17,2,55,18,0,15,3,59,48,33,77,0,0,62,8,3,0,0,79,19,2,4,1,0,3,5,434,182,161,65,10,26,6,48,9,0,9,2,74,52,67,64,0,0
2020-10-17,LaLiga2,3424474,Castellon,Lugo,0.5046728971962616,0.367601246105919,0.1277258566978193,0,1,2,65,8,1,0,0,88,12,7,5,2,0,7,1,568,344,154,52,29,20,1,80,7,4,14,3,33,38,24,25,2,0,35,12,4,1,1,81,13,2,4,4,0,6,6,310,138,114,75,20,19,1,56,13,2,14,1,68,63,76,68,3,0
2020-10-17,LaLiga2,3424489,Logrones,Leganes,0.25757575757575757,0.461038961038961,0.2813852813852814,0,1,2,57,13,3,1,1,71,19,7,7,3,0,10,3,372,137,127,46,23,15,1,67,13,0,19,2,59,43,49,54,0,0,43,9,3,2,1,55,17,4,3,3,0,9,0,284,81,75,26,33,23,0,62,8,0,21,2,71,57,51,56,0,0
2020-10-18,LaLiga2,3424491,Rayo Vallecano,Espanyol,0.2529100529100529,0.47195767195767196,0.2751322751322751,1,0,0,52,11,3,0,0,75,13,5,2,6,0,5,6,412,155,156,41,7,30,4,38,11,1,20,0,65,54,60,67,6,0,48,3,0,0,0,70,14,5,2,1,0,2,1,389,179,93,34,15,23,1,73,8,5,26,2,50,46,40,46,4,0
2020-10-18,LaLiga2,3424490,CD Mirandes,Mallorca,0.32753623188405795,0.4579710144927536,0.2144927536231884,0,0,1,52,10,2,0,0,78,13,5,5,3,1,3,7,372,144,147,48,14,22,5,44,10,0,18,2,52,49,61,50,0,0,48,6,2,1,1,74,13,5,2,2,0,4,2,341,113,140,38,13,23,2,67,10,0,18,2,48,51,39,47,0,0
2020-10-18,LaLiga2,3424492,Real Zaragoza,Malaga,0.43529411764705883,0.44836601307189544,0.11633986928104575,1,2,2,69,13,3,4,3,82,13,4,8,2,0,8,5,590,228,258,57,32,30,4,50,8,1,11,0,45,38,62,67,1,0,31,4,2,3,1,61,11,1,1,1,0,3,1,272,95,72,31,22,30,1,58,11,2,19,2,50,62,38,100,2,0
2020-10-18,LaLiga2,3424487,Girona,Real Oviedo,0.4662790697674419,0.42093023255813955,0.1127906976744186,1,0,0,48,11,3,1,0,65,18,5,4,4,0,6,5,342,114,108,33,24,22,1,53,9,0,20,3,50,42,42,33,0,0,52,10,3,1,1,69,14,2,5,2,0,7,3,379,135,125,45,48,11,4,69,9,0,18,2,69,58,58,58,0,0
2020-10-18,LaLiga2,3424501,Sporting Gijon,Tenerife,0.5532687651331719,0.3523002421307506,0.09443099273607748,1,1,1,40,5,3,1,0,76,13,2,1,1,0,3,2,372,182,102,39,27,8,0,88,9,0,19,2,26,39,22,40,0,0,60,10,3,1,1,85,10,5,6,1,0,5,5,548,264,200,63,31,18,2,60,9,0,8,2,51,61,78,54,0,0
2020-10-21,LaLiga2,3424499,Espanyol,CD Mirandes,0.505558496559026,0.40444679724722077,0.08999470619375331,2,0,0,49,11,5,2,1,81,10,2,3,3,0,4,7,435,235,118,39,5,19,3,69,9,2,18,2,43,54,39,43,1,0,51,8,2,0,0,81,12,3,4,2,0,2,6,453,186,182,48,14,20,2,56,18,3,11,4,42,46,61,43,0,0
2020-10-21,LaLiga2,3424497,Las Palmas,Castellon,0.4746008708272859,0.4397677793904209,0.08563134978229318,2,1,0,38,8,4,0,0,78,12,1,2,2,0,6,2,358,194,85,52,20,13,1,56,9,0,15,2,37,53,35,77,0,0,62,7,3,0,0,85,8,7,3,1,0,6,1,571,340,147,52,33,20,0,22,10,0,10,2,43,47,65,33,0,0
2020-10-21,LaLiga2,3424495,Lugo,Girona,0.27400468384074944,0.5214676034348166,0.20452771272443404,3,0,0,53,10,6,2,1,78,12,5,3,1,1,7,3,422,198,133,54,22,17,0,54,9,1,14,1,56,56,60,64,5,0,47,6,1,0,0,76,19,2,4,1,0,4,2,369,144,136,31,25,17,4,71,7,1,24,3,42,44,40,83,1,1
2020-10-21,LaLiga2,3424502,Ponferradina,Tenerife,0.3657754010695187,0.5155080213903743,0.11871657754010695,1,0,0,41,10,7,2,1,67,15,2,2,1,0,3,7,313,82,127,34,0,19,1,83,9,3,28,2,46,48,49,40,6,0,59,11,2,2,2,77,19,2,6,3,1,6,5,447,186,157,43,13,32,2,82,12,1,9,6,50,52,51,70,5,1
2020-10-21,LaLiga2,3424500,Almeria,Cartagena,0.4451988360814743,0.4384093113482056,0.11639185257032007,1,1,1,58,14,2,3,2,81,21,1,10,2,0,9,5,456,185,183,53,39,17,2,83,7,0,13,4,55,40,51,58,0,0,42,15,5,2,2,70,15,4,6,4,0,9,6,324,63,163,37,27,13,0,76,7,0,11,1,70,60,49,64,0,0
2020-10-21,LaLiga2,3424498,Fuenlabrada,Logrones,0.4925053533190578,0.41113490364025695,0.09635974304068523,0,0,1,48,9,3,1,1,76,23,1,6,0,0,2,7,332,131,122,41,24,27,2,50,10,6,6,1,49,42,44,38,0,0,52,8,1,1,1,76,20,2,1,6,0,3,5,375,186,100,47,25,23,2,63,7,0,21,3,67,58,56,70,0,0
2020-10-22,LaLiga2,3424496,Leganes,Real Zaragoza,0.41340411413404116,0.46980756469807566,0.11678832116788321,1,0,0,49,10,6,1,1,76,15,9,4,0,0,6,4,396,183,117,44,6,18,1,54,12,2,15,1,49,46,50,60,3,0,51,10,1,0,0,80,14,1,7,2,0,6,4,412,161,167,49,21,21,2,58,14,0,21,5,54,54,50,82,1,0
2020-10-22,LaLiga2,3424493,Mallorca,Albacete,0.4952978056426332,0.4161442006269592,0.08855799373040753,0,0,1,52,18,9,4,4,80,22,4,6,3,0,12,6,367,120,172,54,14,25,1,44,6,1,13,0,54,48,53,57,3,0,48,7,0,1,1,77,18,5,6,1,0,3,4,337,155,106,54,26,14,0,36,10,4,13,8,55,52,47,50,2,0
2020-10-22,LaLiga2,3424503,Real Oviedo,Rayo Vallecano,0.29471316085489313,0.49943757030371205,0.20584926884139482,0,0,1,41,4,1,1,1,64,18,3,1,2,0,1,3,357,94,133,36,0,24,1,60,10,2,10,3,63,53,43,46,4,0,59,5,3,0,0,76,17,3,0,2,0,3,2,515,238,153,38,31,28,0,82,12,1,12,1,66,48,57,55,3,0
2020-10-22,LaLiga2,3424494,Malaga,Sporting Gijon,0.4263494967978042,0.42086001829826164,0.15279048490393413,1,0,0,40,11,7,1,1,77,10,7,1,3,0,6,5,348,137,130,41,33,21,1,50,10,0,33,3,47,53,46,75,0,0,60,10,3,1,1,84,5,5,6,1,1,7,3,524,278,164,48,24,26,6,57,8,0,8,6,47,47,54,42,0,0
2020-10-24,LaLiga2,3424512,Cartagena,Las Palmas,0.29065040650406504,0.4959349593495935,0.21341463414634146,3,0,0,42,7,4,2,0,76,25,3,1,2,0,5,2,367,141,139,40,20,16,0,55,13,0,21,3,48,36,46,53,0,0,58,11,3,0,0,81,13,5,4,4,0,3,8,496,216,186,64,10,22,3,74,8,0,9,1,76,64,54,72,0,0
2020-10-24,LaLiga2,3424509,Logrones,Lugo,0.31666666666666665,0.5047619047619047,0.17857142857142858,2,3,2,56,12,3,3,1,80,9,5,6,3,1,12,0,380,157,147,56,22,26,2,71,14,3,21,4,53,44,48,47,3,0,44,12,7,2,0,74,14,3,2,3,0,10,2,291,80,136,47,29,26,3,42,10,3,18,1,65,56,53,71,1,0
2020-10-24,LaLiga2,3424513,Almeria,Fuenlabrada,0.38666666666666666,0.4166666666666667,0.19666666666666666,3,0,0,59,11,5,4,2,81,15,4,4,2,0,8,3,451,162,204,47,36,32,3,56,13,3,22,2,66,50,52,72,0,0,41,8,2,0,0,73,19,6,3,3,0,2,6,301,123,96,54,14,22,0,75,20,2,7,2,66,50,48,62,0,0
2020-10-24,LaLiga2,3424511,Castellon,Girona,0.2987249544626594,0.44990892531876137,0.25136612021857924,0,1,2,65,6,2,0,0,83,15,4,4,0,0,4,2,521,290,140,49,24,24,1,62,8,0,12,1,61,57,57,50,0,0,35,11,2,1,0,71,25,1,8,1,0,4,7,283,103,97,44,27,18,0,60,16,0,25,2,46,43,43,60,0,0
2020-10-25,LaLiga2,3424506,Sporting Gijon,Ponferradina,0.4440344403444034,0.4403444034440344,0.11562115621156212,2,1,0,59,16,8,3,2,81,14,5,7,1,0,9,7,532,259,172,43,28,17,0,60,10,1,16,4,60,49,52,44,2,0,41,10,5,2,1,77,14,1,4,1,0,5,5,368,137,148,48,17,21,0,69,13,1,18,6,59,51,48,56,3,0
2020-10-25,LaLiga2,3424510,Leganes,Real Oviedo,0.500473933649289,0.414218009478673,0.08530805687203792,2,1,0,54,9,5,4,2,73,11,3,2,2,0,7,2,442,159,163,49,18,22,1,69,12,0,15,0,65,56,57,52,0,0,46,8,1,1,0,72,16,4,4,3,0,5,3,367,130,134,32,33,19,0,53,14,0,23,3,50,44,43,31,0,0
2020-10-25,LaLiga2,3424505,Tenerife,Espanyol,0.21568627450980393,0.44720965309200605,0.33710407239819007,0,0,1,41,7,4,0,0,72,14,3,3,0,0,6,1,333,138,102,38,24,23,0,53,10,0,26,4,55,58,44,85,2,0,59,15,4,1,1,82,12,9,11,0,0,9,6,473,170,216,53,17,23,1,63,5,0,14,4,48,42,56,33,1,0
2020-10-25,LaLiga2,3424515,Albacete,Rayo Vallecano,0.2870748299319728,0.44625850340136053,0.26666666666666666,2,1,0,40,7,2,1,0,71,25,2,3,2,0,4,3,318,115,110,50,50,24,1,68,11,1,22,2,64,47,60,55,2,0,60,11,3,0,0,84,13,3,7,1,0,9,2,450,156,223,53,25,37,1,55,7,2,8,0,60,53,40,69,1,0
2020-10-25,LaLiga2,3424508,Malaga,CD Mirandes,0.5042553191489362,0.4,0.09574468085106383,1,1,1,44,6,3,0,0,69,17,2,2,1,0,3,3,335,134,98,43,31,20,1,62,14,0,16,3,44,42,39,42,0,0,56,12,4,1,0,76,20,6,3,5,1,4,8,417,150,166,47,19,25,4,50,11,0,13,2,63,58,61,87,0,0
2020-10-25,LaLiga2,3424507,Real Zaragoza,Sabadell,0.5683856502242153,0.336322869955157,0.0952914798206278,0,0,1,46,6,0,0,0,77,16,5,2,4,1,3,3,329,113,141,56,10,25,3,53,6,4,9,5,64,59,47,59,3,0,54,12,5,2,2,80,17,5,3,4,1,7,5,389,197,115,63,32,16,1,54,12,2,21,0,52,41,53,47,2,0
2020-10-26,LaLiga2,3424514,Alcorcon,Mallorca,0.27586206896551724,0.5020898641588297,0.2220480668756531,0,2,2,45,12,1,0,0,74,11,6,8,3,1,5,7,389,144,144,45,25,17,1,50,10,0,10,2,50,56,63,80,0,0,55,15,4,3,3,80,12,7,6,5,1,8,7,475,229,150,38,18,10,1,38,8,0,26,1,36,44,38,55,0,0
2020-10-27,LaLiga2,3424530,Girona,Cartagena,0.5124223602484472,0.37515527950310557,0.1124223602484472,2,1,0,61,19,5,2,1,86,14,4,8,6,0,11,8,506,165,269,63,31,24,2,58,11,0,13,2,49,47,54,65,0,0,39,4,3,2,1,72,9,4,1,0,0,4,0,324,140,92,43,7,11,1,75,8,0,24,3,51,53,46,67,0,0
2020-10-28,LaLiga2,3424504,Albacete,Las Palmas,0.343701399688958,0.4782270606531882,0.1780715396578538,1,1,1,49,6,1,1,1,73,15,3,3,2,0,5,1,374,146,126,51,23,28,4,60,12,2,12,1,45,45,38,44,2,0,51,8,2,2,1,76,18,2,4,2,0,3,5,389,198,96,49,35,27,5,73,18,2,17,0,60,55,62,60,5,0
2020-10-28,LaLiga2,3424518,Castellon,Almeria,0.307909604519774,0.5,0.192090395480226,1,2,2,51,14,2,3,2,85,7,6,8,4,0,9,5,488,225,190,52,19,13,2,75,14,0,15,3,50,59,50,81,0,0,49,9,6,4,2,83,14,4,2,1,0,6,3,489,259,148,46,9,18,0,33,14,0,31,1,39,41,50,59,0,0
2020-10-28,LaLiga2,3424529,Espanyol,Ponferradina,0.531621493105088,0.37850689491203043,0.0898716119828816,2,0,0,50,13,3,1,0,81,14,4,5,5,0,6,7,436,182,169,58,30,22,0,62,13,10,13,3,53,51,43,57,3,0,50,19,3,0,0,82,10,5,5,11,0,9,10,446,212,155,58,43,15,4,58,16,5,15,1,54,49,57,63,5,0
2020-10-28,LaLiga2,3424525,Real Oviedo,Logrones,0.4113680154142582,0.4701348747591522,0.11849710982658959,2,3,2,41,9,1,1,0,69,14,7,4,4,0,4,5,298,97,109,48,11,16,2,50,7,0,7,3,72,56,48,65,0,0,59,10,6,3,0,81,24,3,3,1,0,6,4,451,190,177,51,17,11,2,40,6,0,19,1,65,44,52,58,0,0
2020-10-29,LaLiga2,3424517,Alcorcon,Sporting Gijon,0.2738021157436217,0.46608587429993775,0.26011200995644057,1,2,2,45,14,4,1,1,72,11,6,5,5,0,7,7,343,87,160,34,43,24,1,71,21,0,14,6,49,51,39,55,0,0,55,16,8,7,5,78,10,5,6,2,1,8,8,439,207,134,45,23,18,1,44,4,0,18,3,55,49,61,56,0,0
2020-10-29,LaLiga2,3424527,CD Mirandes,Real Zaragoza,0.33157894736842103,0.5210526315789473,0.14736842105263157,1,0,0,50,10,4,1,0,79,20,2,3,3,0,3,7,448,200,154,44,21,27,1,62,8,1,10,2,43,39,57,50,0,0,50,11,2,2,2,78,10,2,7,2,1,6,5,451,199,153,52,63,28,3,78,8,3,10,3,56,61,43,86,1,0
2020-10-29,LaLiga2,3424528,Mallorca,Malaga,0.4412357286769644,0.43519140362659503,0.12357286769644056,3,1,0,49,10,5,2,0,78,16,5,2,3,0,2,8,378,145,148,45,17,23,1,50,10,0,13,1,64,60,60,71,0,0,51,4,2,0,0,76,20,4,1,1,0,2,2,380,178,109,45,20,16,2,76,9,0,16,2,42,40,40,33,0,0
2020-10-29,LaLiga2,3424523,Tenerife,Lugo,0.377431906614786,0.47470817120622566,0.14785992217898833,1,1,1,70,15,2,1,1,87,17,7,8,5,0,9,6,520,191,261,60,23,22,3,54,7,2,17,2,54,58,41,77,6,0,30,6,3,0,0,62,12,3,1,2,0,4,2,225,70,70,43,33,17,1,55,6,5,12,1,52,42,59,20,0,1
2020-10-29,LaLiga2,3424526,Rayo Vallecano,Fuenlabrada,0.49032258064516127,0.4202764976958525,0.08940092165898618,2,0,0,64,14,3,1,0,83,22,4,6,5,0,7,7,432,149,208,46,20,28,2,67,14,4,19,4,58,51,57,55,3,0,36,13,4,1,1,66,14,4,5,4,0,7,6,244,78,84,31,29,22,4,75,12,5,18,1,53,49,43,33,3,0
2020-10-29,LaLiga2,3424524,Sabadell,Leganes,0.2233787029623699,0.4811849479583667,0.2954363490792634,1,0,0,52,8,4,0,0,74,15,3,2,2,0,7,1,421,176,136,35,31,18,1,80,10,1,21,3,60,47,51,50,3,0,48,13,3,4,4,73,10,6,9,1,3,10,3,387,127,154,45,19,30,5,61,11,2,7,3,63,53,49,43,5,0
2020-10-31,LaLiga2,3424521,Cartagena,Albacete,0.391304347826087,0.4463768115942029,0.16231884057971013,3,1,0,40,12,6,1,0,71,20,3,2,4,0,7,5,325,114,117,43,27,19,2,72,15,2,24,3,54,48,52,57,2,0,60,10,4,1,1,81,12,5,4,2,0,6,4,464,170,204,58,20,15,1,75,9,4,8,3,56,52,48,47,4,0
2020-10-31,LaLiga2,3424519,Las Palmas,Real Oviedo,0.49666666666666665,0.38333333333333336,0.12,1,2,2,64,15,4,1,1,79,13,9,6,5,0,6,9,515,221,188,39,16,21,1,50,11,0,9,3,57,52,41,79,0,0,36,10,5,5,3,67,10,3,5,0,2,9,1,301,103,99,41,11,9,1,72,18,0,27,3,61,48,59,75,0,0
2020-11-01,LaLiga2,3424531,Leganes,CD Mirandes,0.5302013422818792,0.35570469798657717,0.11409395973154363,1,0,0,41,9,3,0,0,71,10,3,3,3,0,6,3,327,121,110,43,25,24,3,64,14,0,16,3,50,45,64,38,0,0,59,8,3,0,0,79,12,3,4,1,0,4,4,466,189,178,46,25,16,2,87,10,0,13,2,46,55,36,59,0,0
2020-11-01,LaLiga2,3424544,Real Zaragoza,Mallorca,0.2961630695443645,0.4448441247002398,0.2589928057553957,0,0,1,42,4,1,0,0,77,12,3,3,0,0,2,2,352,132,138,43,20,17,0,50,8,1,22,3,55,50,59,38,2,0,58,11,3,0,0,83,14,6,6,2,0,5,6,477,159,238,60,17,26,1,60,8,0,12,1,50,50,41,40,1,0
2020-11-01,LaLiga2,3424520,Fuenlabrada,Tenerife,0.41640866873065013,0.4535603715170279,0.13003095975232198,1,1,1,50,6,2,1,0,65,17,3,2,2,0,4,2,285,107,78,45,31,15,2,69,14,4,43,4,75,55,62,71,0,0,50,14,5,1,1,66,26,14,5,4,1,9,5,270,89,89,41,38,24,3,47,8,2,22,1,53,45,38,33,0,0
2020-11-01,LaLiga2,3424545,Ponferradina,Sabadell,0.4772313296903461,0.39344262295081966,0.12932604735883424,0,3,2,62,15,5,4,4,81,7,9,5,5,1,10,5,468,181,200,48,27,27,5,54,6,1,8,2,52,65,32,90,1,0,38,11,5,7,4,71,20,2,5,1,0,10,1,308,139,79,44,50,21,0,50,17,5,29,5,47,35,68,65,3,0
2020-11-01,LaLiga2,3424533,Lugo,Rayo Vallecano,0.3384418901660281,0.46360153256704983,0.1979565772669221,1,0,0,32,8,4,2,1,61,17,0,2,2,0,5,3,232,48,93,44,20,15,0,67,10,3,38,7,50,48,50,50,4,0,68,16,7,0,0,83,17,12,6,3,1,7,9,441,136,228,52,15,37,1,62,8,2,3,3,53,52,50,69,3,0
2020-11-01,LaLiga2,3424522,Almeria,Girona,0.384180790960452,0.42824858757062145,0.18757062146892656,0,0,1,75,31,5,4,4,88,11,14,16,10,1,18,13,610,168,368,61,27,23,2,47,10,0,5,1,69,64,52,71,0,0,25,7,1,0,0,64,14,1,6,0,0,3,4,218,66,73,25,17,10,0,80,17,0,39,4,48,36,48,50,0,0
2020-11-02,LaLiga2,3424532,Logrones,Alcorcon,0.45286195286195285,0.41301907968574636,0.13411896745230079,1,0,0,62,3,1,0,0,83,15,4,0,2,0,3,0,523,233,200,54,4,18,4,62,9,0,17,4,80,59,61,73,0,0,38,5,4,0,0,70,26,1,1,0,0,3,2,327,125,105,37,25,13,2,50,15,0,19,0,54,41,39,67,0,0
2020-11-02,LaLiga2,3424543,Sporting Gijon,Castellon,0.548770816812054,0.3703409992069786,0.08088818398096749,1,0,0,49,15,6,2,1,85,18,2,6,3,0,7,8,487,225,190,57,18,6,4,50,8,0,14,0,47,46,50,54,0,0,51,7,0,1,1,85,12,6,5,2,0,4,3,499,222,200,48,13,19,0,60,10,0,9,5,53,54,50,83,0,0
2020-11-02,LaLiga2,3424546,Malaga,Espanyol,0.27579162410623087,0.4436499829758257,0.2805583929179435,0,3,2,47,10,1,1,1,85,7,3,8,1,0,5,5,446,239,139,68,29,17,3,76,7,0,9,2,45,59,56,47,2,0,53,7,5,4,2,87,9,1,2,0,0,5,2,516,238,209,54,36,23,6,38,9,1,10,1,32,41,44,45,2,0
2020-11-04,LaLiga2,3424435,Real Zaragoza,Girona,0.37721518987341773,0.4430379746835443,0.17974683544303796,2,2,1,68,17,6,3,2,85,9,2,9,2,2,8,9,545,247,215,52,30,24,1,64,10,0,7,2,62,66,57,60,1,0,32,6,4,2,1,65,23,4,2,0,0,4,2,256,94,72,32,25,22,7,55,17,3,14,3,36,34,43,27,2,0
2020-11-05,LaLiga2,3424476,Alcorcon,Ponferradina,0.4032496307237814,0.44977843426883307,0.14697193500738553,0,1,2,52,9,4,1,1,57,17,3,3,2,0,5,4,341,87,108,37,6,35,0,83,8,2,15,1,59,38,53,50,3,0,48,7,2,0,0,60,11,2,3,2,0,4,3,313,91,98,32,15,27,2,50,15,2,21,4,67,62,47,60,1,0
2020-11-05,LaLiga2,3424434,Sabadell,Almeria,0.3002780352177943,0.4717330861909175,0.22798887859128822,1,2,2,53,11,3,2,1,81,18,3,6,2,0,7,4,413,210,125,55,26,14,3,50,8,1,9,3,54,51,54,75,5,0,47,8,5,2,0,80,22,2,2,1,0,3,5,376,162,139,46,11,23,3,43,13,1,20,2,51,49,46,67,5,1
2020-11-06,LaLiga2,3424542,Albacete,Leganes,0.26513994910941474,0.4631043256997455,0.2717557251908397,0,0,1,46,6,1,0,0,68,22,0,1,4,0,3,3,305,97,109,44,17,26,1,57,11,2,16,0,57,52,48,75,5,0,54,10,0,1,1,73,20,3,8,2,1,4,6,360,129,134,39,19,26,3,100,8,4,17,1,56,48,52,71,0,0
2020-11-07,LaLiga2,3424540,Cartagena,Logrones,0.44666666666666666,0.46,0.09333333333333334,0,1,2,55,10,0,0,0,78,12,8,6,4,1,3,7,433,176,160,36,10,20,1,63,4,0,10,0,59,58,55,71,0,0,45,9,1,1,1,79,19,4,8,0,0,6,3,363,168,117,51,45,9,1,67,13,0,25,1,44,42,45,39,0,0
2020-11-07,LaLiga2,3424536,CD Mirandes,Sporting Gijon,0.26024096385542167,0.472289156626506,0.2674698795180723,1,0,0,51,11,3,0,0,81,16,5,5,3,0,7,4,472,198,186,60,10,17,0,56,11,0,18,1,40,46,44,47,0,0,49,4,1,0,0,76,8,4,3,0,0,0,4,467,233,121,50,33,24,3,60,7,0,22,2,48,54,56,50,0,0
2020-11-07,LaLiga2,3424538,Espanyol,Lugo,0.5922989807474519,0.33069082672706684,0.07701019252548132,2,1,0,67,11,5,3,1,85,9,3,4,2,0,6,5,635,221,320,52,33,13,1,53,9,4,17,3,56,58,45,57,1,0,33,11,4,1,1,73,14,5,3,4,0,6,5,300,115,103,47,24,18,2,56,12,1,9,3,51,42,55,62,3,0
2020-11-08,LaLiga2,3424547,Sabadell,Malaga,0.30980392156862746,0.41568627450980394,0.27450980392156865,1,2,2,59,10,6,1,1,83,16,2,2,2,0,8,2,494,276,132,56,50,20,2,54,3,2,10,1,57,51,56,63,4,0,41,10,3,3,1,77,16,2,5,2,1,9,1,333,148,110,51,33,20,3,73,6,2,11,5,51,49,44,62,3,0
2020-11-08,LaLiga2,3424541,Alcorcon,Fuenlabrada,0.3314814814814815,0.4759259259259259,0.1925925925925926,0,3,2,31,13,3,1,1,61,13,8,3,7,0,12,1,206,54,72,41,35,19,4,27,11,3,20,3,46,45,44,47,0,0,69,18,6,4,2,84,13,4,8,4,0,11,7,483,214,191,64,27,10,3,80,6,6,27,3,58,55,56,73,0,0
2020-11-08,LaLiga2,3424535,Rayo Vallecano,Almeria,0.46029609690444145,0.4347240915208614,0.10497981157469717,0,1,2,38,14,1,0,0,74,10,4,9,4,0,6,8,289,91,124,29,27,27,2,78,9,5,15,2,46,51,46,67,3,1,62,10,3,1,0,83,18,10,2,5,1,7,3,493,209,198,53,21,20,0,80,9,4,20,1,46,49,54,64,3,0
2020-11-08,LaLiga2,3424537,Mallorca,Ponferradina,0.5446685878962536,0.3688760806916426,0.08645533141210375,3,0,0,54,10,5,5,2,85,19,4,3,2,1,6,4,475,190,212,56,11,24,1,46,7,2,18,5,48,50,45,74,4,0,46,11,5,1,1,79,11,5,4,2,0,6,5,407,169,152,43,5,21,2,64,10,2,8,2,50,50,55,61,1,0
2020-11-08,LaLiga2,3424534,Real Oviedo,Castellon,0.4603174603174603,0.43738977072310403,0.10229276895943562,4,0,0,42,16,10,4,1,79,15,7,6,0,1,13,3,353,105,174,48,27,12,2,67,16,0,22,4,49,45,45,60,0,0,58,12,4,1,1,83,9,6,7,1,0,4,8,501,242,172,47,14,14,0,38,9,0,12,6,59,55,55,63,0,0
2020-11-08,LaLiga2,3424548,Tenerife,Real Zaragoza,0.4231274638633377,0.42181340341655715,0.15505913272010513,1,0,0,37,11,4,1,1,71,19,2,3,4,1,6,5,305,94,123,52,27,21,0,70,20,3,22,2,61,55,54,62,4,0,63,7,2,0,0,85,11,1,1,4,0,5,2,532,223,227,50,14,36,0,44,11,4,8,4,50,45,46,50,1,0
2020-11-09,LaLiga2,3424539,Girona,Las Palmas,0.541151156535772,0.35664335664335667,0.10220548682087144,1,1,1,60,10,6,1,0,84,13,2,3,1,0,6,4,535,271,178,43,40,11,2,67,5,0,16,2,49,52,52,44,0,0,40,11,3,1,0,76,18,3,7,1,1,5,6,348,143,120,38,12,17,2,32,5,0,16,5,45,48,48,43,0,0
2020-11-13,LaLiga2,3424552,Real Zaragoza,Real Oviedo,0.4515463917525773,0.4061855670103093,0.1422680412371134,1,2,2,59,8,4,0,0,82,11,2,3,1,0,4,4,482,188,206,55,13,19,1,53,13,1,8,3,58,55,35,60,2,1,41,7,5,2,0,71,17,2,1,1,0,4,3,334,128,109,52,27,33,4,50,14,1,22,4,65,45,65,71,2,0
2020-11-14,LaLiga2,3424558,Fuenlabrada,Espanyol,0.23696682464454977,0.43459715639810426,0.328436018957346,1,1,1,46,7,3,3,2,77,15,3,4,0,1,3,4,329,152,102,58,22,22,3,67,9,0,7,1,57,55,47,57,4,0,54,9,2,2,1,82,18,2,7,0,0,6,3,390,197,122,40,14,12,1,50,7,1,12,1,51,45,53,47,2,0
2020-11-14,LaLiga2,3424561,Almeria,CD Mirandes,0.47533333333333333,0.43733333333333335,0.08733333333333333,2,1,0,46,9,6,3,2,82,9,3,2,1,1,4,5,408,178,158,50,29,16,1,25,10,0,36,6,54,52,61,58,0,0,54,20,7,1,0,84,18,9,9,4,0,12,8,445,148,227,56,24,20,0,60,17,0,8,4,46,48,39,71,0,0
2020-11-14,LaLiga2,3424559,Girona,Mallorca,0.352667011910927,0.4432936302433972,0.2040393578456758,0,1,2,47,12,4,1,1,72,16,4,4,4,0,7,5,351,92,162,35,13,21,3,54,9,0,11,2,53,48,47,50,0,0,53,10,3,2,1,75,18,4,4,3,0,3,7,405,136,169,42,29,11,2,71,6,0,31,4,58,52,53,60,0,0
2020-11-14,LaLiga2,3424554,Lugo,Albacete,0.4772079772079772,0.4202279202279202,0.10256410256410256,1,0,0,37,7,4,2,1,72,11,5,1,2,0,5,2,284,117,87,49,11,15,0,77,11,3,23,3,71,67,47,73,0,1,63,11,3,2,2,84,23,5,5,3,0,9,2,458,169,218,58,19,14,0,64,11,2,13,3,45,33,53,36,2,0
2020-11-15,LaLiga2,3424556,Leganes,Alcorcon,0.5576811594202898,0.3553623188405797,0.08695652173913043,1,0,0,53,8,3,2,1,74,18,3,3,2,0,5,3,389,168,119,39,23,22,2,39,10,0,24,1,74,61,44,76,0,0,47,7,1,0,0,69,19,2,2,4,0,1,6,343,113,122,32,15,23,0,83,7,0,17,2,61,39,56,56,0,0
2020-11-15,LaLiga2,3424553,Ponferradina,Malaga,0.29697396199859255,0.49612948627726955,0.20689655172413793,1,1,1,47,12,2,2,2,78,6,2,9,1,3,10,2,363,130,154,47,31,22,6,63,10,2,13,3,53,55,48,78,3,0,53,10,4,0,0,79,18,2,4,2,0,6,4,412,187,138,45,25,17,2,60,10,1,10,1,49,45,52,71,3,1
2020-11-15,LaLiga2,3424560,Castellon,Cartagena,0.3459409594095941,0.45940959409594095,0.19464944649446494,2,1,0,46,6,2,0,0,80,21,3,3,1,0,3,3,366,172,120,38,33,11,2,60,5,0,14,1,36,36,33,52,0,0,54,7,2,1,1,78,12,7,0,5,0,6,1,441,212,131,36,21,23,4,40,8,0,14,0,66,64,67,67,0,0
2020-11-15,LaLiga2,3424555,Logrones,Sabadell,0.46506986027944114,0.4301397205588822,0.10479041916167664,1,0,0,43,12,2,0,0,75,18,3,8,2,0,6,6,393,201,93,41,31,27,1,67,7,1,23,0,52,42,68,53,1,0,57,7,0,0,0,83,8,1,6,1,1,2,5,520,282,150,45,18,23,2,69,15,2,10,1,53,58,32,69,2,0
2020-11-15,LaLiga2,3424557,Las Palmas,Tenerife,0.4604519774011299,0.4284369114877589,0.1111111111111111,1,0,0,36,6,1,0,0,65,19,3,3,2,0,1,5,240,78,78,33,9,16,2,64,15,0,21,2,59,54,38,50,0,0,64,11,2,0,0,82,22,6,8,1,0,9,2,415,220,122,53,35,11,2,100,14,0,16,1,69,46,62,83,0,0
2020-11-16,LaLiga2,3424551,Sporting Gijon,Rayo Vallecano,0.5683663527119195,0.3338746346216304,0.09775901266645015,1,1,1,52,11,2,0,0,76,18,1,6,3,0,5,6,384,174,117,51,33,22,3,63,12,5,21,0,57,52,50,67,1,1,48,14,1,2,2,77,16,6,8,5,1,11,3,328,96,155,46,30,20,3,62,12,3,15,2,54,48,50,55,3,0
2020-11-20,LaLiga2,3424549,Alcorcon,Lugo,0.35059578368469296,0.4413382218148488,0.2080659945004583,1,0,0,63,15,3,3,3,80,13,3,9,3,0,7,8,455,214,149,53,15,27,1,60,10,3,15,1,49,45,51,60,1,1,37,5,1,0,0,60,10,3,1,3,0,3,2,269,68,93,49,15,19,1,71,10,3,23,2,52,55,49,60,3,0
2020-11-20,LaLiga2,3424562,Espanyol,Girona,0.578419452887538,0.3310030395136778,0.09057750759878419,1,2,2,52,11,4,1,0,79,15,3,6,1,1,6,5,419,169,164,47,20,19,3,36,11,3,14,0,48,38,62,44,4,0,48,9,2,1,0,76,12,6,4,3,0,4,5,379,169,120,48,25,21,1,56,11,1,22,5,59,62,38,69,2,0
2020-11-21,LaLiga2,3424563,Malaga,Leganes,0.3494539781591264,0.42277691107644305,0.22776911076443057,1,2,2,52,8,1,2,1,77,19,3,6,1,0,5,3,355,153,120,33,24,17,0,75,10,0,12,1,47,55,43,55,0,0,48,7,2,1,0,76,16,3,4,1,0,3,4,346,161,101,38,25,21,2,29,10,0,11,0,45,45,57,50,0,0
2020-11-21,LaLiga2,3424575,CD Mirandes,Cartagena,0.4321608040201005,0.45226130653266333,0.11557788944723618,4,1,0,47,10,7,2,0,73,23,2,2,1,0,5,5,363,139,125,51,22,18,4,58,14,0,19,4,65,47,54,65,0,0,53,14,6,3,2,75,12,3,7,1,1,9,5,394,144,150,45,25,21,2,44,18,0,9,3,67,53,46,65,0,0
2020-11-21,LaLiga2,3424573,Rayo Vallecano,Castellon,0.5457364341085271,0.3488372093023256,0.10542635658914729,2,1,0,51,5,3,2,0,72,20,3,2,0,1,4,1,395,155,130,30,7,20,2,55,13,0,15,2,72,57,50,71,1,0,49,8,3,3,2,69,20,5,5,0,0,7,1,385,185,82,43,42,26,0,80,12,0,11,1,62,43,50,56,5,0
2020-11-21,LaLiga2,3424572,Real Oviedo,Fuenlabrada,0.46818923327895595,0.4176182707993475,0.11419249592169657,1,1,1,46,10,2,0,0,68,16,4,5,3,0,5,5,317,108,107,42,10,19,2,60,11,4,21,2,56,43,67,38,0,0,54,13,3,2,1,74,17,0,6,4,0,4,9,365,139,132,43,18,20,2,50,9,3,13,1,50,57,33,73,0,0
2020-11-22,LaLiga2,3424571,Sabadell,Las Palmas,0.2636165577342048,0.45098039215686275,0.28540305010893247,3,1,0,46,10,5,2,1,72,24,2,4,1,0,6,4,356,159,96,41,17,18,1,78,19,4,25,3,62,39,62,40,1,0,54,11,4,1,0,77,13,5,3,4,0,3,8,418,173,149,61,5,26,3,59,13,1,6,2,73,61,38,59,1,1
2020-11-22,LaLiga2,3424576,Mallorca,Sporting Gijon,0.4612579762989973,0.422971741112124,0.11577028258887875,0,0,1,55,10,3,1,1,83,17,5,6,1,0,3,7,488,191,214,48,14,21,1,69,8,0,7,1,47,44,68,55,0,0,45,13,1,0,0,80,10,2,7,5,0,5,8,420,226,110,37,60,20,0,56,14,0,22,3,50,56,32,71,0,0
2020-11-22,LaLiga2,3424570,Tenerife,Logrones,0.4087968952134541,0.4670116429495472,0.12419146183699871,0,1,2,56,15,4,0,0,82,13,9,9,2,1,8,7,438,151,206,32,18,16,1,53,11,0,8,2,72,59,63,60,0,0,44,3,3,1,0,73,20,0,0,0,0,2,1,365,163,104,44,29,17,2,71,9,0,31,5,47,41,37,44,0,0
2020-11-22,LaLiga2,3424574,Ponferradina,Real Zaragoza,0.3612167300380228,0.4828897338403042,0.155893536121673,2,1,0,49,8,3,2,2,78,8,8,3,2,0,6,2,396,154,156,49,20,17,0,69,7,1,16,1,55,49,63,73,3,0,51,4,2,0,0,81,11,5,1,1,0,1,3,421,194,147,41,19,25,2,33,5,2,18,2,48,51,38,53,2,0
2020-11-23,LaLiga2,3424550,Albacete,Almeria,0.27231404958677685,0.4524793388429752,0.27520661157024795,1,2,2,49,14,3,2,1,79,21,6,5,6,0,9,5,341,158,110,50,33,21,5,43,8,0,8,3,64,52,50,67,5,0,51,10,5,2,0,85,21,5,5,0,0,5,5,384,187,139,61,20,19,3,45,8,5,36,2,60,48,50,67,6,0
2020-11-24,LaLiga2,3424567,Castellon,Alcorcon,0.40550807217473883,0.47768281101614435,0.1168091168091168,0,2,2,54,9,2,2,2,77,17,2,6,1,0,4,5,487,217,157,36,21,15,3,71,9,0,11,4,56,51,50,90,0,0,46,6,6,2,0,72,15,4,0,0,0,4,2,416,169,132,46,0,12,2,43,15,0,14,2,55,49,50,70,0,0
2020-11-24,LaLiga2,3424566,Girona,Malaga,0.4544235924932976,0.4242627345844504,0.12131367292225201,0,1,2,56,7,1,0,0,76,17,5,5,1,0,5,2,449,205,135,43,13,30,3,75,10,0,9,0,70,56,48,71,0,0,44,6,1,0,0,71,20,3,4,1,1,3,3,344,151,92,44,21,20,3,68,17,0,17,1,62,44,52,50,0,0
2020-11-24,LaLiga2,3424591,Lugo,Real Oviedo,0.3698781838316722,0.4739756367663344,0.15614617940199335,0,0,1,42,5,1,0,0,69,10,2,3,1,0,4,1,319,102,118,52,31,18,0,53,12,6,28,3,58,52,52,29,2,0,58,11,3,1,1,77,14,9,2,6,0,4,7,441,164,174,41,8,24,0,69,8,1,24,1,54,48,48,75,3,0
2020-11-25,LaLiga2,3424564,Las Palmas,CD Mirandes,0.436435124508519,0.4442988204456094,0.11926605504587157,0,2,2,57,14,3,0,0,70,8,6,6,5,0,6,8,395,151,125,39,12,36,1,43,13,0,15,3,61,56,44,58,0,0,43,7,4,1,1,65,19,4,3,0,0,2,5,304,89,110,30,0,16,1,69,14,0,23,3,56,44,56,73,0,0
2020-11-25,LaLiga2,3424590,Real Zaragoza,Rayo Vallecano,0.336376404494382,0.476123595505618,0.1875,1,2,2,34,8,2,1,1,66,11,2,4,2,0,1,7,270,90,89,41,11,17,2,57,19,0,29,3,52,56,45,67,2,0,66,8,5,3,2,83,17,4,3,0,0,8,0,524,183,252,52,39,31,6,44,6,2,7,1,47,44,55,65,3,0
2020-11-25,LaLiga2,3424589,Sporting Gijon,Sabadell,0.5329411764705883,0.38176470588235295,0.08529411764705883,3,1,0,53,13,8,0,0,83,15,7,4,1,1,6,7,520,298,136,47,17,13,3,67,9,0,18,1,46,52,42,77,0,0,47,3,2,1,0,81,15,1,1,0,0,1,2,461,241,133,54,0,21,0,36,8,0,17,5,47,48,58,69,3,1
2020-11-25,LaLiga2,3424568,Cartagena,Mallorca,0.22439949431099873,0.47724399494311,0.29835651074589126,1,2,2,40,7,3,1,1,72,20,3,4,0,0,4,3,293,141,71,36,20,14,0,45,10,0,18,2,50,55,50,50,0,0,60,14,4,3,1,86,15,6,3,7,0,9,5,424,157,206,55,23,11,3,73,12,0,9,2,43,45,50,40,0,0
2020-11-25,LaLiga2,3424565,Fuenlabrada,Ponferradina,0.3982808022922636,0.48424068767908307,0.1174785100286533,1,1,1,62,17,2,4,4,78,15,6,14,1,1,13,4,388,179,124,41,25,22,4,69,10,0,19,0,52,55,52,60,2,0,38,2,1,0,0,62,23,4,1,0,0,0,2,237,76,72,28,6,20,2,64,10,2,25,0,44,45,48,55,4,0
2020-11-26,LaLiga2,3424577,Leganes,Espanyol,0.3174431202600217,0.4496208017334778,0.23293607800650054,2,0,0,55,10,6,2,0,77,18,4,3,1,0,4,6,411,194,122,46,17,33,2,35,7,0,13,1,61,42,59,45,1,0,45,6,1,0,0,72,14,1,5,0,1,4,2,345,131,118,33,56,22,0,58,13,1,23,4,68,58,41,67,1,1
2020-11-26,LaLiga2,3424578,Logrones,Albacete,0.4602076124567474,0.43079584775086505,0.10899653979238755,2,0,0,37,8,4,2,0,70,27,4,3,1,0,7,1,291,94,109,38,25,29,0,44,14,2,32,2,50,41,54,56,3,0,63,8,2,1,1,83,10,1,3,3,1,6,2,500,221,192,50,16,26,1,72,10,1,15,2,63,59,46,52,2,0
2020-11-26,LaLiga2,3424569,Almeria,Tenerife,0.5179083094555874,0.3989971346704871,0.0830945558739255,2,0,0,58,11,3,2,0,87,16,3,5,3,0,4,7,547,301,175,72,45,18,1,50,15,2,24,1,48,56,63,85,2,0,42,15,1,0,0,83,13,7,12,2,0,9,6,377,180,133,59,20,24,2,67,19,3,11,1,35,44,38,46,3,0
2020-11-27,LaLiga2,3424587,Alcorcon,Girona,0.33058305830583057,0.4713971397139714,0.19801980198019803,1,0,0,45,10,4,3,2,62,17,3,4,2,1,6,4,290,108,71,39,20,27,1,64,14,1,23,1,61,63,52,80,0,0,55,4,1,1,1,66,17,3,2,1,0,4,0,339,89,136,36,21,24,3,100,14,2,16,3,46,37,48,43,0,0
2020-11-27,LaLiga2,3424584,Malaga,Lugo,0.4930139720558882,0.41317365269461076,0.09381237524950099,2,2,1,60,10,3,1,0,78,13,6,2,5,0,6,4,438,185,155,47,20,30,3,67,13,0,4,2,55,43,51,38,3,1,40,7,4,2,1,70,11,1,3,0,0,5,2,306,116,98,40,40,18,2,58,14,5,36,1,64,57,49,60,3,0
2020-11-28,LaLiga2,3424592,Sabadell,Fuenlabrada,0.31856540084388185,0.4282700421940928,0.25316455696202533,1,2,2,44,11,2,3,3,66,17,4,6,3,0,5,6,267,94,81,40,21,21,0,68,12,7,21,6,64,57,48,67,3,0,56,20,8,3,3,75,12,7,6,6,0,10,10,338,115,138,39,21,25,1,33,10,3,11,2,56,43,52,42,3,0
2020-11-28,LaLiga2,3424580,Rayo Vallecano,Cartagena,0.588170865279299,0.33406352683461116,0.07776560788608981,0,0,1,59,11,3,2,2,78,12,5,6,2,0,6,5,431,156,181,49,37,23,1,69,6,1,15,1,63,49,63,64,2,0,41,9,1,0,0,65,20,5,7,1,0,1,8,303,106,92,39,0,15,0,63,12,2,11,3,55,51,37,69,3,0
2020-11-28,LaLiga2,3424582,CD Mirandes,Castellon,0.5818431911966988,0.3218707015130674,0.09628610729023383,1,1,1,51,10,1,1,0,81,14,4,6,3,0,4,6,463,191,186,51,28,19,2,91,9,0,10,1,48,49,34,50,0,0,49,6,2,1,0,78,13,3,2,2,0,3,3,442,221,125,56,20,13,1,55,10,0,15,0,61,51,66,40,0,0
2020-11-29,LaLiga2,3424588,Albacete,Tenerife,0.32673267326732675,0.47277227722772275,0.2004950495049505,0,2,2,49,8,1,1,1,74,16,4,5,2,0,4,4,353,142,120,57,27,28,0,57,9,1,15,3,55,46,44,43,2,0,51,13,5,1,0,73,15,4,7,1,1,8,5,362,115,151,53,14,24,2,57,9,1,19,1,66,54,56,90,0,0
2020-11-29,LaLiga2,3424586,Espanyol,Real Zaragoza,0.5492753623188406,0.3471014492753623,0.1036231884057971,2,0,0,58,17,5,3,2,80,16,8,5,7,0,13,4,433,158,188,39,24,19,2,50,3,2,8,3,53,52,47,61,3,0,42,9,3,0,0,71,13,2,2,4,0,5,4,314,127,97,49,29,26,6,60,3,7,20,3,52,48,53,60,1,0
2020-11-29,LaLiga2,3424583,Mallorca,Logrones,0.5233941316415543,0.3695479777954005,0.1070578905630452,4,0,0,64,24,14,6,3,89,18,9,6,4,0,16,8,502,158,291,72,21,10,3,63,9,0,7,2,48,51,63,70,0,0,36,5,2,0,0,76,9,3,2,1,0,2,3,291,147,74,46,22,12,0,62,14,0,16,10,42,49,37,39,0,0
2020-11-29,LaLiga2,3424581,Ponferradina,Leganes,0.23493360572012256,0.4453524004085802,0.31971399387129723,3,2,0,39,14,5,2,0,67,22,2,3,6,1,8,6,295,71,128,35,12,14,1,47,13,0,18,4,58,53,46,81,0,0,61,11,5,4,4,80,15,4,5,1,0,7,4,469,233,144,47,39,15,0,50,14,5,14,2,56,47,54,43,2,0
2020-11-29,LaLiga2,3424585,Las Palmas,Sporting Gijon,0.335609756097561,0.44390243902439025,0.22048780487804878,3,2,0,49,10,6,2,0,77,11,4,2,2,0,5,5,393,160,142,43,7,18,0,80,14,0,6,1,48,47,39,39,0,0,51,8,3,2,0,76,19,3,2,3,0,6,2,410,192,118,42,44,27,2,37,9,0,9,3,61,53,61,58,0,0
2020-11-30,LaLiga2,3424579,Real Oviedo,Almeria,0.31418753068237604,0.4540991654393716,0.23171330387825234,1,2,2,52,12,3,1,0,74,9,9,4,5,0,7,5,358,106,160,59,25,19,0,54,8,0,18,2,52,47,50,50,0,0,48,12,4,1,0,74,11,4,5,3,0,9,3,347,115,143,40,21,20,1,55,16,0,34,2,55,53,50,59,0,0
2020-12-01,LaLiga2,3424603,Fuenlabrada,Malaga,0.3684210526315789,0.45021337126600286,0.1813655761024182,0,2,2,57,6,1,1,1,75,28,4,2,3,0,3,3,397,175,121,44,9,28,4,73,8,3,16,1,47,38,53,42,0,0,43,10,4,3,1,66,17,3,4,2,0,8,2,305,127,74,37,30,28,0,64,5,3,26,1,65,63,47,56,0,0
2020-12-01,LaLiga2,3424604,Girona,CD Mirandes,0.4329173166926677,0.43837753510140404,0.12870514820592824,1,0,0,39,4,1,1,1,70,18,5,2,1,0,2,2,287,79,123,54,25,11,3,69,4,0,12,3,54,47,61,67,0,0,61,13,3,3,3,82,18,4,7,3,0,10,3,449,191,178,53,18,21,2,27,5,0,21,0,51,53,39,55,0,0
2020-12-02,LaLiga2,3424606,Cartagena,Espanyol,0.21087533156498675,0.46286472148541113,0.32625994694960214,1,3,2,42,11,3,1,0,73,21,4,6,2,0,7,4,305,116,108,48,25,14,2,64,6,5,20,2,54,49,42,67,2,0,58,28,5,5,2,85,13,10,16,7,3,17,11,406,145,201,60,35,18,2,36,4,2,13,2,63,51,58,40,2,0
2020-12-02,LaLiga2,3424602,Leganes,Rayo Vallecano,0.47693162868260147,0.4224569205113952,0.10061145080600334,1,0,0,38,8,2,2,1,71,19,4,4,2,0,6,2,302,108,106,44,11,15,2,60,8,0,39,4,46,43,58,44,1,1,62,9,4,2,2,79,11,6,5,0,0,6,3,483,199,184,44,14,25,1,57,10,2,18,1,52,57,42,56,3,1
2020-12-02,LaLiga2,3424601,Logrones,Ponferradina,0.393154486586494,0.48103607770582796,0.12580943570767808,1,2,2,60,8,2,2,1,84,21,3,5,1,0,5,3,474,229,169,52,17,29,0,47,10,0,11,1,53,41,40,57,5,0,40,9,3,0,0,74,8,0,5,1,0,5,4,312,125,106,42,19,21,3,44,13,0,30,1,77,59,60,43,1,0
2020-12-02,LaLiga2,3424605,Castellon,Real Zaragoza,0.3452173913043478,0.4608695652173913,0.19391304347826088,1,0,0,46,9,1,0,0,74,4,9,4,4,0,5,4,350,146,114,55,15,29,1,55,13,4,32,1,51,62,47,79,1,0,54,10,1,0,0,79,10,8,5,4,0,4,6,409,190,133,46,16,34,3,44,18,4,25,0,42,38,53,64,2,0
2020-12-02,LaLiga2,3424600,Lugo,Las Palmas,0.3607809847198642,0.48217317487266553,0.1570458404074703,1,1,1,35,7,3,1,0,63,17,2,3,1,0,7,0,225,72,69,49,36,21,1,55,11,1,7,0,62,49,64,53,1,1,65,8,1,0,0,79,14,8,6,1,0,2,6,422,184,149,40,29,21,2,46,5,0,13,2,50,51,36,60,1,0
2020-12-03,LaLiga2,3424593,Almeria,Mallorca,0.3672150411280846,0.4471210340775558,0.18566392479435959,0,1,2,54,11,2,0,0,86,11,4,6,3,1,4,7,471,276,127,55,33,22,1,67,10,0,14,2,57,57,80,58,0,0,46,12,3,0,0,84,18,5,6,3,0,7,5,383,169,151,38,26,24,0,50,7,0,11,2,35,43,20,36,0,0
2020-12-03,LaLiga2,3424599,Real Oviedo,Alcorcon,0.43787489288774634,0.42159383033419023,0.1405312767780634,1,1,1,62,11,4,2,1,75,11,4,5,2,1,7,4,477,191,166,42,24,21,2,61,11,1,14,5,71,64,55,50,0,0,38,13,6,1,0,61,12,4,5,2,1,4,9,300,83,99,30,21,18,0,50,17,2,14,3,49,36,45,40,0,0
2020-12-03,LaLiga2,3424597,Tenerife,Sabadell,0.4558270676691729,0.43045112781954886,0.1137218045112782,1,2,2,61,15,3,1,1,84,15,4,9,3,0,7,8,488,167,241,70,28,18,0,56,8,1,14,0,61,59,48,58,5,0,39,6,2,1,1,72,18,4,3,1,1,4,2,325,155,78,34,20,17,1,56,15,3,18,2,52,41,52,50,1,0
2020-12-03,LaLiga2,3424598,Sporting Gijon,Albacete,0.5316824471959214,0.37654770575382374,0.09176984705025491,0,0,1,63,14,5,2,2,79,15,4,8,1,0,9,5,551,287,148,45,12,24,0,31,14,1,14,1,61,50,57,67,0,0,37,5,1,0,0,68,20,2,3,1,0,2,3,316,118,98,44,19,22,1,71,12,2,20,4,56,50,43,73,4,0
2020-12-05,LaLiga2,3424619,Rayo Vallecano,Logrones,0.5345132743362832,0.34513274336283184,0.12035398230088495,2,1,0,54,15,2,2,1,74,14,4,6,7,0,10,5,410,148,154,29,20,24,0,37,15,2,13,0,73,57,52,68,0,0,46,8,1,2,1,68,19,2,5,2,0,4,4,352,149,92,40,13,33,1,44,18,7,18,1,58,43,48,47,1,1
2020-12-05,LaLiga2,3424620,Ponferradina,Las Palmas,0.4043010752688172,0.43655913978494626,0.15913978494623657,0,0,1,45,11,6,1,1,66,14,5,4,1,1,3,8,337,93,128,41,25,29,2,55,16,0,13,3,50,46,51,57,2,0,55,9,3,0,0,73,16,0,6,0,1,3,6,421,151,156,38,13,22,3,76,15,1,18,7,55,54,49,36,3,0
2020-12-05,LaLiga2,3424621,CD Mirandes,Lugo,0.4814189189189189,0.40709459459459457,0.11148648648648649,0,0,1,68,15,1,0,0,81,10,12,6,8,0,7,8,517,213,204,56,21,32,0,43,6,1,16,2,48,52,49,76,2,0,32,6,2,0,0,57,13,1,3,1,0,2,4,247,66,75,32,40,20,1,69,11,8,24,1,47,48,51,50,3,1
2020-12-05,LaLiga2,3424607,Malaga,Cartagena,0.5887445887445888,0.3333333333333333,0.07792207792207792,1,2,2,57,7,1,2,2,80,17,3,3,3,1,4,3,432,235,112,51,20,25,2,44,9,0,12,0,54,50,59,36,0,0,43,4,2,1,0,73,22,2,1,1,0,1,3,333,133,109,38,20,14,2,73,11,0,19,1,47,50,41,63,0,0
2020-12-06,LaLiga2,3424595,Alcorcon,Almeria,0.25,0.44393939393939397,0.30606060606060603,0,1,2,40,17,5,2,2,73,15,5,7,5,0,10,7,323,107,128,40,20,16,1,83,24,1,12,2,34,38,38,30,0,0,60,8,3,2,1,83,13,7,4,1,0,4,4,485,232,170,62,15,24,4,40,17,5,14,4,55,62,62,69,0,0
2020-12-06,LaLiga2,3424594,Espanyol,Sporting Gijon,0.5059233449477352,0.402787456445993,0.09128919860627177,2,0,0,49,21,6,2,0,83,10,4,9,6,0,6,15,383,139,180,56,21,18,0,80,9,0,12,0,48,49,48,73,2,0,51,4,0,0,0,80,15,5,4,0,0,2,2,409,244,83,41,17,19,2,52,7,6,13,4,50,51,52,60,5,0
2020-12-06,LaLiga2,3424596,Albacete,Girona,0.25027932960893856,0.49050279329608937,0.25921787709497207,0,2,2,43,11,3,1,1,65,14,4,7,1,1,5,6,266,77,96,45,16,18,4,65,13,0,9,3,63,54,47,79,3,0,57,11,4,3,2,71,9,2,7,0,1,7,4,381,125,146,38,28,29,5,42,6,2,14,2,60,46,53,56,1,0
2020-12-06,LaLiga2,3424617,Sabadell,Real Oviedo,0.32189973614775724,0.449868073878628,0.22823218997361477,0,1,2,54,6,1,1,1,77,19,2,4,1,0,4,2,497,261,120,41,17,18,1,31,11,1,18,1,60,46,48,50,5,0,46,7,2,1,0,71,16,3,4,1,0,5,2,426,146,158,31,26,24,2,55,14,1,15,1,67,54,52,69,4,0
2020-12-06,LaLiga2,3424618,Real Zaragoza,Fuenlabrada,0.3779795686719637,0.44040862656072643,0.18161180476730987,1,0,0,50,20,8,3,3,70,18,3,11,1,1,14,6,325,95,132,41,35,27,2,100,7,1,16,3,59,42,50,64,2,0,50,8,4,0,0,71,13,2,4,0,0,2,6,331,111,123,44,6,19,0,64,9,1,11,7,70,58,50,73,2,0
2020-12-07,LaLiga2,3424616,Tenerife,Leganes,0.2791050436101631,0.4630261660978385,0.2578687902919985,0,0,1,52,12,1,0,0,75,14,1,7,4,0,4,8,390,166,126,36,5,16,0,62,11,2,22,5,53,53,43,50,4,0,48,15,5,2,2,73,18,7,8,2,0,9,6,360,159,103,40,30,25,2,23,13,4,22,1,55,47,57,50,2,0
2020-12-07,LaLiga2,3424608,Mallorca,Castellon,0.5825503355704698,0.3402684563758389,0.07718120805369127,3,1,0,58,17,6,9,6,86,16,5,9,2,0,15,2,491,223,198,55,43,15,2,43,9,0,11,1,33,35,53,47,0,0,42,10,2,2,2,75,7,5,7,1,0,6,4,354,165,99,33,42,12,0,74,12,0,13,3,52,65,47,82,0,0
2020-12-09,LaLiga2,3424429,Almeria,Real Zaragoza,0.5395327942497754,0.35759209344115006,0.10287511230907458,1,0,0,52,10,2,1,0,84,16,3,4,4,0,5,5,505,264,161,69,11,14,4,64,14,2,33,4,54,45,66,53,3,0,48,11,4,1,1,80,18,6,5,2,0,6,5,446,181,175,50,18,22,2,56,7,3,13,1,53,55,34,64,3,0
2020-12-09,LaLiga2,3424516,Sabadell,Alcorcon,0.3160322952710496,0.4728950403690888,0.21107266435986158,1,1,1,52,6,1,1,1,74,16,7,4,1,0,3,3,376,148,131,40,14,24,1,62,13,4,23,3,53,42,51,60,4,0,48,14,4,1,0,69,8,6,6,4,0,7,7,356,104,141,42,26,30,3,40,15,1,20,1,60,58,49,50,2,0
2020-12-10,LaLiga2,3424456,Girona,Logrones,0.5784313725490197,0.22549019607843138,0.19607843137254902,2,0,0,52,15,4,2,1,82,17,3,11,0,2,9,6,410,142,193,57,32,23,0,64,21,0,16,3,55,49,56,56,0,0,48,15,3,1,1,80,13,4,6,6,0,9,6,383,179,126,53,41,22,2,63,14,0,21,2,51,51,44,44,0,0
2020-12-11,LaLiga2,3424623,Lugo,Ponferradina,0.4057608015028178,0.4658735128365686,0.12836568566061365,1,0,0,59,10,1,1,1,79,13,8,4,5,0,7,3,420,162,169,47,12,26,2,56,7,1,15,2,61,50,62,55,0,0,41,5,2,0,0,72,8,3,1,2,0,2,3,302,113,104,54,14,24,2,41,11,5,33,0,50,50,38,50,3,1
2020-12-11,LaLiga2,3424624,Real Oviedo,Tenerife,0.45251752708731674,0.4429572976418101,0.10452517527087317,4,2,0,69,13,5,3,0,88,10,5,4,4,0,9,4,610,196,341,72,27,23,1,43,1,0,5,0,62,65,57,79,1,0,31,3,2,2,0,73,12,2,1,0,0,3,0,280,141,63,39,27,9,1,71,8,4,22,1,39,35,43,40,1,1
2020-12-12,LaLiga2,3424609,Leganes,Mallorca,0.334468085106383,0.44680851063829785,0.21872340425531914,0,1,2,40,11,1,0,0,71,13,2,6,4,0,5,6,301,123,90,40,22,13,0,47,9,0,24,2,45,52,39,43,0,0,60,9,3,1,0,82,13,4,4,2,0,5,4,441,181,181,54,14,22,0,56,6,0,13,1,49,48,61,43,0,0
2020-12-12,LaLiga2,3424613,Castellon,Albacete,0.46048632218844987,0.425531914893617,0.11398176291793313,3,0,0,51,13,3,2,0,76,14,7,7,3,0,10,3,386,206,86,41,28,13,3,60,10,0,20,1,61,42,62,43,0,0,49,6,1,0,0,76,13,3,4,1,0,2,4,354,133,136,47,16,18,0,55,10,0,14,0,56,58,38,69,0,0
2020-12-12,LaLiga2,3424611,Fuenlabrada,CD Mirandes,0.4464,0.4144,0.1392,0,1,2,44,15,3,2,2,70,12,9,7,5,0,13,2,318,118,105,44,35,26,1,71,12,2,10,2,65,60,55,60,0,0,56,8,3,2,1,79,19,3,3,2,0,7,1,410,164,159,43,33,28,0,100,7,4,16,3,46,40,45,41,0,0
2020-12-13,LaLiga2,3424622,Logrones,Espanyol,0.1972318339100346,0.46280276816608995,0.3399653979238754,0,3,2,52,11,2,0,0,81,14,7,6,3,1,6,5,396,177,145,52,20,19,1,29,12,2,11,3,38,43,52,70,2,0,48,13,6,3,1,78,12,9,4,3,0,10,3,375,143,149,41,38,13,2,50,9,3,10,2,45,57,48,86,1,0
2020-12-13,LaLiga2,3424615,Almeria,Malaga,0.4507989907485282,0.4163162321278385,0.1328847771236333,3,1,0,54,9,6,2,0,78,18,3,2,1,0,3,6,462,200,160,52,14,18,5,64,4,0,13,4,44,37,45,33,0,0,46,10,5,2,1,71,13,5,1,4,0,7,3,393,165,115,44,8,25,1,58,8,0,20,3,66,63,55,77,0,0
2020-12-13,LaLiga2,3424610,Las Palmas,Alcorcon,0.4319654427645788,0.4557235421166307,0.11231101511879049,0,0,1,55,4,0,1,1,74,13,3,1,3,1,2,2,393,175,116,44,0,23,2,65,8,4,14,4,69,55,46,42,0,0,45,13,4,1,1,68,10,7,5,4,0,9,4,311,91,121,39,29,34,0,81,9,2,11,0,65,45,54,53,0,0
2020-12-13,LaLiga2,3424614,Cartagena,Sabadell,0.4567243675099867,0.4207723035952064,0.12250332889480692,1,2,2,47,10,3,2,1,71,13,1,7,0,1,8,2,381,127,144,44,9,16,3,50,8,3,16,1,60,58,53,47,3,0,53,12,2,3,3,81,16,5,7,3,0,8,4,422,208,133,52,22,20,3,57,20,0,17,2,47,42,47,40,5,0
2020-12-13,LaLiga2,3424625,Sporting Gijon,Real Zaragoza,0.5297723292469352,0.3660245183887916,0.1042031523642732,1,0,0,63,10,5,2,1,80,9,3,4,1,0,4,6,574,278,184,40,0,21,4,56,8,2,14,1,51,53,47,57,0,0,37,6,1,0,0,69,12,3,3,2,0,2,4,333,124,105,45,21,20,0,31,8,1,15,4,49,47,53,54,2,1
2020-12-14,LaLiga2,3424612,Girona,Rayo Vallecano,0.4580226904376013,0.4045380875202593,0.13743922204213938,0,0,1,47,8,2,1,1,67,23,5,3,3,0,5,3,309,121,87,38,31,26,1,36,7,4,19,5,56,48,57,77,3,0,53,20,5,4,4,77,15,3,11,4,0,13,7,348,115,153,42,25,20,1,75,8,3,24,2,56,52,43,53,3,0
2020-12-18,LaLiga2,3424636,Ponferradina,Real Oviedo,0.3326558265582656,0.46476964769647694,0.20257452574525744,1,0,0,43,11,5,3,2,65,14,4,4,2,0,5,6,316,95,110,32,40,23,1,80,26,0,12,2,49,47,56,50,0,0,57,6,2,1,1,75,15,4,4,0,0,5,1,412,160,147,43,11,20,3,50,11,1,11,4,47,53,44,78,2,0
2020-12-19,LaLiga2,3424633,Sabadell,Castellon,0.4031890660592255,0.4601366742596811,0.1366742596810934,1,1,1,64,12,3,1,1,83,9,3,5,4,0,7,5,542,325,125,49,25,27,3,100,6,3,18,4,45,49,59,44,3,0,36,12,5,1,0,71,17,7,4,3,0,7,5,291,95,111,36,26,21,0,45,7,4,23,2,39,51,41,86,2,0
2020-12-19,LaLiga2,3424638,Mallorca,Fuenlabrada,0.5854572713643178,0.34182908545727136,0.0727136431784108,2,3,2,47,9,3,2,1,70,16,3,3,3,1,7,2,302,103,107,37,27,19,1,24,9,1,16,1,57,49,52,36,0,0,53,11,4,2,1,79,21,3,6,1,1,5,6,336,149,116,48,21,13,1,53,9,3,18,1,57,51,48,67,0,0
2020-12-19,LaLiga2,3424634,Real Zaragoza,Lugo,0.4392935982339956,0.39514348785871967,0.16556291390728478,1,0,0,57,18,4,1,0,79,12,6,10,4,1,14,4,396,156,158,55,11,35,4,63,11,5,12,2,65,51,54,61,2,0,43,11,2,1,1,69,14,5,4,5,0,7,4,301,101,108,40,20,20,1,65,15,3,25,3,60,49,46,30,2,0
2020-12-20,LaLiga2,3424627,Alcorcon,Cartagena,0.4264432029795158,0.46368715083798884,0.10986964618249534,2,1,0,47,9,4,0,0,72,24,3,4,1,0,7,2,319,122,107,43,28,17,0,67,11,2,25,2,55,51,47,54,0,0,53,11,3,1,0,73,16,6,5,3,0,4,7,366,154,112,37,6,20,3,60,3,1,13,2,55,49,53,45,0,0
2020-12-20,LaLiga2,3424640,Espanyol,Almeria,0.4823923979877026,0.4097261039686976,0.10788149804359978,2,1,0,41,15,5,2,1,84,7,3,5,5,0,5,10,344,123,165,52,24,16,1,50,12,2,22,3,48,50,41,50,1,0,59,10,4,3,2,86,17,4,4,2,1,6,4,508,204,233,63,6,22,2,58,8,4,13,3,52,50,59,64,2,0
2020-12-20,LaLiga2,3424635,Rayo Vallecano,Las Palmas,0.44133574007220217,0.44584837545126355,0.11281588447653429,2,0,0,53,13,7,3,1,74,16,3,5,1,0,4,9,408,147,156,48,14,27,3,63,11,1,9,2,68,52,54,69,2,0,47,4,2,1,1,67,17,2,1,1,0,2,2,358,128,111,40,13,15,1,56,16,1,20,5,60,48,46,67,4,0
2020-12-20,LaLiga2,3424639,Malaga,Logrones,0.5230769230769231,0.24615384615384617,0.23076923076923078,0,0,1,40,8,1,0,0,69,15,5,4,3,1,5,3,301,114,93,51,19,15,3,56,9,0,13,1,56,51,53,55,0,0,60,5,1,0,0,79,21,1,4,0,1,3,2,481,208,174,58,36,14,10,56,8,0,12,1,52,49,47,43,0,0
2020-12-21,LaLiga2,3424637,CD Mirandes,Albacete,0.523046875,0.380859375,0.09609375,0,2,2,66,11,1,4,4,81,7,4,7,3,0,6,5,486,223,173,57,16,33,3,46,8,0,9,0,58,55,43,67,0,0,34,8,2,2,0,62,13,4,3,3,0,6,2,256,70,89,40,20,22,3,56,10,0,33,1,56,45,57,76,0,0
2020-12-21,LaLiga2,3424632,Sporting Gijon,Leganes,0.4450063211125158,0.4083438685208597,0.14664981036662453,1,1,1,46,9,4,2,1,76,13,4,4,1,0,5,4,427,180,144,33,23,17,1,53,22,0,27,2,42,46,44,50,0,0,54,13,3,3,2,80,8,5,8,2,0,6,7,482,197,190,55,21,18,1,31,12,0,11,3,51,54,56,50,0,0
2020-12-21,LaLiga2,3424631,Tenerife,Girona,0.28236607142857145,0.46763392857142855,0.25,2,0,0,36,9,5,3,1,72,20,4,3,1,0,6,3,282,106,98,52,36,14,0,71,8,2,28,2,58,45,51,38,2,1,64,9,2,1,1,84,13,6,5,2,0,7,2,479,177,223,56,26,25,1,29,9,2,9,2,65,55,49,48,2,1
2021-01-02,LaLiga2,3424655,Fuenlabrada,Leganes,0.25654450261780104,0.47731239092495636,0.2661431064572426,0,0,1,36,4,0,1,1,66,18,2,2,2,1,1,3,253,84,82,38,0,14,1,47,12,4,36,2,54,47,53,57,0,0,64,11,2,1,1,79,14,8,5,4,0,6,5,459,189,172,42,26,25,1,71,9,2,8,0,56,53,47,64,0,0
2021-01-02,LaLiga2,3424651,Rayo Vallecano,Alcorcon,0.4824120603015075,0.41792294807370184,0.09966499162479062,2,1,0,42,9,3,4,3,66,17,3,4,2,0,5,4,358,107,129,32,33,30,1,44,15,1,13,8,66,47,50,44,3,0,58,15,9,3,2,75,17,6,5,1,0,8,7,499,183,191,45,24,27,0,76,16,2,10,2,70,53,50,69,1,0
2021-01-02,LaLiga2,3424653,Logrones,CD Mirandes,0.31135531135531136,0.489010989010989,0.19963369963369965,2,1,0,45,9,3,3,1,44,16,2,4,2,0,7,2,281,50,75,27,40,13,2,23,14,0,32,2,74,52,49,44,0,0,55,20,3,2,1,51,18,8,12,5,2,13,7,338,72,99,34,30,18,3,67,8,0,13,1,73,48,51,57,0,0
2021-01-02,LaLiga2,3424628,Cartagena,Real Zaragoza,0.3193010325655282,0.46465448768864176,0.21604447974583002,1,1,1,55,12,5,1,0,87,16,6,2,5,0,6,6,500,239,196,70,21,9,1,31,11,0,17,4,47,50,65,50,0,0,45,15,5,2,1,83,13,5,7,3,1,11,4,391,167,159,46,22,13,2,76,12,0,15,4,42,50,35,43,0,0
2021-01-03,LaLiga2,3424641,Castellon,Tenerife,0.3609022556390977,0.46186895810955964,0.17722878625134264,0,1,2,65,9,2,2,2,86,15,6,6,1,0,3,6,550,265,210,56,0,32,0,50,9,1,12,0,57,51,56,50,2,0,35,6,1,2,1,73,24,2,4,1,0,3,3,301,156,64,49,20,19,2,65,10,1,31,2,52,49,44,75,5,0
2021-01-03,LaLiga2,3424654,Las Palmas,Espanyol,0.23055555555555557,0.44722222222222224,0.32222222222222224,1,0,0,53,6,2,0,0,81,20,2,3,1,0,2,4,416,193,144,48,22,21,2,74,7,0,18,0,55,51,50,42,6,0,47,7,0,1,1,77,13,3,7,0,0,5,2,358,162,115,53,18,23,5,71,4,1,9,1,54,49,50,32,2,1
2021-01-03,LaLiga2,3424630,Albacete,Malaga,0.28952504879635654,0.47560182173064414,0.23487312947299935,1,1,1,41,6,3,2,1,60,12,1,3,0,0,4,2,344,103,105,45,43,17,3,59,12,0,15,3,81,58,69,90,0,0,59,11,4,1,0,74,15,4,3,4,0,8,3,482,224,133,52,13,18,6,40,12,0,10,3,48,42,31,56,0,0
2021-01-03,LaLiga2,3424629,Almeria,Ponferradina,0.5488599348534202,0.36264929424538545,0.08849077090119435,3,1,0,58,11,5,3,1,87,15,4,2,4,1,10,1,555,274,210,63,22,12,4,64,12,5,12,3,43,46,59,61,2,1,42,9,4,0,0,83,9,6,0,5,0,2,7,388,155,167,51,0,23,2,46,10,4,10,2,45,54,41,76,1,0
2021-01-03,LaLiga2,3424650,Real Oviedo,Mallorca,0.24755859375,0.45703125,0.29541015625,2,2,1,51,16,3,4,3,55,11,2,9,4,2,8,8,305,63,105,41,43,18,4,67,8,0,31,2,87,57,55,74,0,0,49,9,4,1,0,52,12,7,3,2,1,5,4,284,49,98,25,10,13,0,68,10,0,14,1,69,43,45,36,0,0
2021-01-04,LaLiga2,3424642,Girona,Sabadell,0.530729465824239,0.3721998851234922,0.09707064905226881,0,0,1,44,12,4,2,2,75,12,3,4,4,0,7,5,388,140,150,48,40,32,1,57,15,3,11,1,52,60,46,71,1,0,56,11,1,1,1,80,10,2,7,3,0,8,3,494,295,100,38,23,11,2,63,14,4,26,4,44,40,54,57,1,0
2021-01-04,LaLiga2,3424652,Lugo,Sporting Gijon,0.34759358288770054,0.4340987731991192,0.21830764391318025,0,0,1,48,11,3,0,0,74,10,1,6,2,0,6,5,400,150,145,47,27,20,3,60,10,1,15,3,53,56,61,58,0,0,52,10,3,1,1,73,13,8,6,1,0,4,6,422,213,95,38,29,15,1,60,14,2,8,3,39,44,39,20,1,0
2021-01-08,LaLiga2,3424656,Real Zaragoza,Logrones,0.48617062719127385,0.39033891702376317,0.123490455784963,2,0,0,50,16,5,1,0,85,17,5,7,4,0,12,4,467,212,187,54,29,8,0,58,10,0,24,3,58,54,54,71,0,0,50,6,3,0,0,85,15,4,3,0,0,3,3,467,193,204,53,9,16,1,64,4,0,13,3,50,46,46,55,0,0
2021-01-09,LaLiga2,3424646,Malaga,Real Oviedo,0.47838899803536344,0.4106090373280943,0.11100196463654224,1,1,1,50,7,1,0,0,75,10,8,2,4,0,4,3,363,141,130,47,12,10,3,63,3,0,13,2,50,47,48,18,0,0,50,11,3,3,2,76,11,2,8,0,0,8,3,373,128,154,48,27,20,10,50,12,0,19,0,55,53,52,60,0,0
2021-01-10,LaLiga2,3424645,Mallorca,Las Palmas,0.505711318795431,0.40134994807892005,0.09293873312564901,0,1,2,46,9,5,1,1,82,24,4,3,1,0,4,5,425,170,179,64,17,15,4,57,10,0,7,1,53,43,57,57,0,0,54,7,2,0,0,83,12,2,3,2,0,5,2,517,314,115,50,22,10,2,79,16,0,19,4,58,57,43,42,0,0
2021-01-10,LaLiga2,3424669,Tenerife,Cartagena,0.4867193108399139,0.41564967695620963,0.09763101220387653,3,0,0,37,7,4,2,1,75,31,2,3,0,0,6,1,294,115,106,55,33,17,2,60,12,4,22,0,54,43,53,50,3,0,63,7,0,0,0,84,18,6,3,4,0,2,5,490,226,185,56,13,24,2,67,12,0,11,1,64,57,47,70,4,0
2021-01-10,LaLiga2,3424648,Espanyol,Castellon,0.5847033595425304,0.3330950679056469,0.08220157255182273,2,0,0,54,17,7,2,2,88,11,8,5,5,0,13,4,478,233,186,57,25,17,4,44,3,0,14,2,41,57,53,40,2,0,46,4,2,0,0,84,12,4,2,0,0,3,1,425,195,163,50,16,14,1,100,7,5,24,4,32,43,47,37,0,0
2021-01-11,LaLiga2,3424643,Ponferradina,Girona,0.28449942017781216,0.4642442984151527,0.25125628140703515,1,1,1,50,10,4,2,1,70,12,9,3,3,0,5,5,345,111,131,40,16,25,1,86,13,5,18,5,41,39,42,59,1,0,50,18,7,1,0,69,10,5,7,4,0,11,7,342,105,130,47,44,16,3,65,12,4,21,2,61,61,58,61,2,0
2021-01-11,LaLiga2,3424670,Sporting Gijon,Fuenlabrada,0.5195571955719557,0.38302583025830256,0.0974169741697417,2,1,0,45,12,4,2,0,73,14,4,5,3,0,8,4,309,140,86,31,25,17,1,65,8,1,28,5,44,42,39,14,0,0,55,11,6,4,3,75,11,6,4,1,1,7,4,369,134,144,46,12,26,2,60,6,3,11,2,63,58,61,71,0,0
2021-01-11,LaLiga2,3424657,Sabadell,Lugo,0.33493846976993047,0.47137506688068487,0.1936864633493847,1,1,1,56,12,6,1,1,79,15,4,1,5,0,7,5,437,207,139,44,16,14,0,58,5,1,17,5,68,61,58,59,1,0,44,12,5,4,3,78,15,12,6,1,1,11,1,341,122,143,54,35,17,0,67,11,4,14,5,46,39,42,31,3,0
2021-01-19,LaLiga2,3424644,CD Mirandes,Rayo Vallecano,0.2791762013729977,0.4513729977116705,0.2694508009153318,0,2,2,62,16,7,1,1,82,16,5,6,3,0,8,8,487,207,191,53,28,25,4,42,7,2,5,2,55,51,50,64,0,0,38,12,4,3,1,72,13,3,6,2,0,5,7,304,106,112,42,50,17,3,40,13,2,34,7,54,49,50,36,5,0
2021-01-22,LaLiga2,3424663,Fuenlabrada,Alcorcon,0.42629716981132076,0.451061320754717,0.12264150943396226,0,0,1,42,9,3,0,0,42,16,4,6,0,0,2,7,250,38,66,28,40,22,2,58,13,7,16,1,57,44,49,40,0,0,58,11,1,1,1,64,19,4,3,7,1,6,5,339,114,102,29,21,22,3,67,7,0,21,3,67,56,51,54,0,0
2021-01-22,LaLiga2,3424668,Albacete,Real Zaragoza,0.30922986478542036,0.4720752498530276,0.21869488536155202,1,0,0,37,8,3,2,1,71,13,5,2,3,0,4,4,297,77,135,40,6,14,1,55,11,0,27,1,32,40,38,60,0,0,63,16,1,4,4,82,8,10,10,5,4,10,6,500,222,188,52,28,21,3,80,9,0,19,1,50,60,62,53,0,0
2021-01-23,LaLiga2,3424658,Rayo Vallecano,Mallorca,0.41921005385996407,0.43357271095152605,0.14721723518850988,1,3,2,63,15,2,2,2,81,13,11,6,7,0,10,5,458,231,141,59,19,26,2,64,17,0,5,3,65,57,57,75,3,0,37,8,6,4,2,64,18,2,2,0,0,7,1,277,89,87,16,14,22,2,58,11,7,21,1,49,43,43,64,3,0
2021-01-23,LaLiga2,3424664,Girona,Espanyol,0.2830655129789864,0.4542645241038319,0.2626699629171817,1,0,0,36,10,3,1,0,64,14,3,2,5,0,6,4,261,89,77,53,25,18,4,53,14,8,19,7,54,51,55,35,2,0,64,27,8,5,5,80,8,14,12,7,2,21,6,450,181,177,53,24,19,2,67,7,4,10,2,49,49,45,36,2,0
2021-01-23,LaLiga2,3424660,Lugo,Tenerife,0.3631889763779528,0.468503937007874,0.16830708661417323,2,0,0,40,6,2,0,0,66,11,1,4,0,0,1,5,305,90,110,38,9,23,0,53,15,2,21,1,70,58,56,55,2,0,60,7,1,0,0,74,16,5,4,2,0,3,4,452,206,129,37,6,32,3,38,9,0,16,0,53,42,44,14,3,0
2021-01-23,LaLiga2,3424659,Malaga,Ponferradina,0.5251865671641791,0.3871268656716418,0.08768656716417911,0,2,2,60,9,4,2,2,75,12,4,5,0,0,5,4,458,170,174,53,11,26,0,57,11,1,11,3,55,56,60,60,5,0,40,10,5,1,1,69,15,4,4,1,1,5,5,324,102,120,40,31,23,7,20,15,0,23,4,40,44,40,40,1,0
2021-01-24,LaLiga2,3424667,Almeria,Sabadell,0.5798165137614679,0.3284403669724771,0.09174311926605505,2,2,1,57,9,7,4,2,82,11,8,2,0,0,8,1,495,219,188,36,13,32,3,42,10,0,12,5,44,58,30,55,2,0,43,7,6,1,0,76,15,6,1,0,0,5,2,374,178,107,46,30,12,2,40,14,0,30,5,41,42,70,75,1,0
2021-01-24,LaLiga2,3424661,Logrones,Real Oviedo,0.3135198135198135,0.5174825174825175,0.168997668997669,0,0,1,50,4,0,1,1,74,19,5,4,0,0,4,0,384,146,139,47,13,20,0,78,9,0,11,2,62,41,59,64,0,0,50,10,2,1,1,72,15,5,4,4,0,7,3,371,116,150,41,19,12,2,72,7,0,12,0,65,59,41,55,0,0
2021-01-24,LaLiga2,3424665,Castellon,Sporting Gijon,0.25219473264166004,0.48124501197126895,0.266560255387071,2,0,0,27,8,6,0,0,46,13,3,2,0,0,5,3,206,43,52,25,14,11,2,39,7,0,36,5,63,53,49,71,0,0,73,12,5,3,3,83,10,3,4,3,1,7,5,578,274,206,47,13,21,3,67,10,0,18,4,60,47,51,50,0,0
2021-01-24,LaLiga2,3424662,Las Palmas,Leganes,0.34749620637329287,0.4408194233687405,0.2116843702579666,2,1,0,70,12,5,1,0,84,16,7,5,2,0,6,6,537,265,184,47,24,16,0,50,6,0,16,4,50,49,50,72,0,0,30,14,5,0,0,62,20,4,4,5,1,7,7,221,61,76,38,21,7,4,60,12,0,17,3,51,51,50,67,0,0
2021-01-25,LaLiga2,3424666,Cartagena,CD Mirandes,0.3729786124152321,0.45122587376108503,0.17579551382368283,0,2,2,55,9,1,1,1,76,19,4,4,4,0,3,6,444,193,143,55,20,15,2,38,11,0,11,4,56,51,62,54,0,0,45,14,6,1,0,72,17,4,5,3,0,7,7,370,143,122,30,11,15,4,30,8,0,21,1,46,49,38,56,0,0
2021-01-26,LaLiga2,3424649,Alcorcon,Albacete,0.4378935317687464,0.4298797939324556,0.13222667429879795,1,2,2,61,14,4,3,2,74,16,4,7,3,0,8,6,435,210,114,39,36,26,4,50,6,4,23,1,60,51,51,55,0,0,39,12,3,4,3,60,16,7,5,4,0,9,3,263,68,89,32,41,15,0,78,3,3,24,3,58,49,49,54,0,0
2021-01-29,LaLiga2,3424680,Real Zaragoza,Ponferradina,0.4701815038893691,0.3975799481417459,0.13223854796888504,1,0,0,47,5,3,2,1,73,15,1,1,1,0,4,1,392,183,104,31,18,27,2,57,10,4,23,4,53,50,54,60,2,0,53,13,4,0,0,76,14,4,5,4,0,6,7,435,167,162,39,17,32,1,78,11,1,15,2,50,50,46,50,1,0
2021-01-30,LaLiga2,3424681,Real Oviedo,Albacete,0.4819277108433735,0.38353413654618473,0.13453815261044177,0,1,2,67,10,4,3,3,78,11,8,5,1,1,6,4,525,202,208,59,31,22,2,90,6,0,14,2,55,57,45,59,0,0,33,5,3,1,0,57,16,2,1,1,0,1,4,265,68,83,32,17,16,1,55,13,0,25,4,50,43,55,67,0,0
2021-01-30,LaLiga2,3424671,Alcorcon,Malaga,0.35843373493975905,0.4442771084337349,0.19728915662650603,0,1,2,53,5,0,0,0,70,14,3,5,0,0,4,1,364,141,112,37,18,26,6,67,15,1,17,0,55,58,51,50,0,0,47,6,1,1,0,67,13,4,4,1,0,5,1,316,128,84,33,21,24,3,82,9,0,33,0,45,42,49,38,0,0
2021-01-30,LaLiga2,3424683,Mallorca,Girona,0.4974402730375427,0.3796928327645051,0.12286689419795221,1,0,0,54,13,7,1,0,73,13,7,5,1,0,5,8,348,139,116,48,22,26,1,42,6,0,16,4,58,57,39,79,0,0,46,11,4,0,0,75,17,5,5,2,0,4,7,291,107,110,38,32,14,2,55,14,0,18,6,55,43,61,53,0,0
2021-01-30,LaLiga2,3424672,Almeria,Castellon,0.6141533277169334,0.3074978938500421,0.07834877843302443,3,1,0,76,15,4,2,1,86,11,6,9,2,0,9,6,628,319,221,56,10,21,4,30,9,0,15,1,66,69,53,81,0,0,24,3,2,0,0,55,22,1,1,0,0,2,1,187,31,72,37,12,12,1,78,11,0,30,1,38,31,47,33,0,0
2021-01-31,LaLiga2,3424678,Sporting Gijon,Cartagena,0.5606494746895893,0.3667621776504298,0.0725883476599809,0,0,1,52,9,1,0,0,81,14,1,7,1,0,2,7,454,237,133,44,18,11,1,39,3,0,25,1,51,49,57,47,0,0,48,10,1,0,0,81,15,5,8,1,1,5,5,401,149,176,58,13,10,3,76,9,0,10,1,49,51,43,55,0,0
2021-01-31,LaLiga2,3424685,Espanyol,Rayo Vallecano,0.5059523809523809,0.40476190476190477,0.08928571428571429,2,3,2,43,8,3,1,0,72,18,6,4,1,1,3,5,323,112,120,37,25,11,5,93,13,5,9,2,45,46,42,56,4,0,57,14,5,2,1,81,11,3,4,5,0,5,9,441,195,164,59,25,21,4,29,7,0,12,1,56,54,58,53,4,0
2021-01-31,LaLiga2,3424682,CD Mirandes,Las Palmas,0.37072243346007605,0.4866920152091255,0.14258555133079848,2,0,0,38,13,5,2,1,67,21,5,3,5,0,7,6,291,107,87,27,17,16,3,58,6,0,18,1,45,42,38,59,0,0,62,9,1,0,0,79,10,3,8,0,0,5,4,473,228,145,40,32,15,5,25,7,0,9,3,65,58,63,68,0,0
2021-01-31,LaLiga2,3424677,Tenerife,Fuenlabrada,0.4583333333333333,0.4329268292682927,0.10873983739837398,1,1,1,55,11,3,2,1,80,17,4,5,3,0,10,1,444,198,159,51,48,16,3,40,12,2,6,0,52,60,61,75,2,1,45,6,0,0,0,78,13,1,3,3,0,4,2,373,171,119,42,8,17,1,60,9,2,15,2,34,40,39,47,2,0
2021-02-01,LaLiga2,3424684,Leganes,Lugo,0.573208722741433,0.3446261682242991,0.08216510903426791,3,2,0,59,9,6,2,1,75,13,3,3,0,1,7,2,392,160,133,41,25,24,1,58,10,3,23,4,84,58,63,76,1,0,41,14,6,2,1,64,20,2,5,3,0,11,3,276,64,113,41,19,30,0,58,7,0,16,3,55,42,37,62,2,0
2021-02-01,LaLiga2,3424679,Sabadell,Logrones,0.4590453741897466,0.4130819092516205,0.1278727165586329,0,0,1,61,10,2,2,2,82,17,6,6,2,0,9,1,515,304,119,40,35,26,5,47,17,2,14,1,47,48,38,43,4,0,39,8,1,0,0,68,12,2,5,2,1,5,3,324,100,121,44,8,28,3,43,7,2,23,2,59,52,62,60,2,0
2021-02-05,LaLiga2,3424676,Albacete,Mallorca,0.2752376641014033,0.44726120416478043,0.2775011317338162,0,1,2,31,7,0,1,1,62,14,6,4,3,1,6,1,205,67,60,40,32,15,1,50,8,0,16,1,45,48,47,57,0,0,69,14,2,2,1,86,19,5,8,4,0,6,8,481,198,215,51,16,11,1,64,8,0,14,0,50,52,53,71,0,0
2021-02-06,LaLiga2,3424675,Cartagena,Real Oviedo,0.34615384615384615,0.46153846153846156,0.19230769230769232,2,0,0,41,13,4,3,1,65,15,5,8,1,0,9,4,296,95,98,29,20,12,1,27,21,0,31,1,53,48,34,57,0,0,59,6,1,0,0,72,15,3,3,2,0,3,3,453,161,167,40,24,22,0,53,10,0,12,2,71,53,66,65,0,0
2021-02-06,LaLiga2,3424688,Logrones,Sporting Gijon,0.2597402597402597,0.4489795918367347,0.2912801484230056,0,4,2,52,12,3,1,1,87,15,7,7,2,1,8,4,505,236,201,58,30,13,1,50,8,0,15,5,52,48,54,61,0,0,48,15,9,4,2,83,11,2,4,2,0,9,6,499,278,135,48,0,14,2,80,6,0,16,3,53,52,46,61,0,0
2021-02-06,LaLiga2,3424686,Fuenlabrada,Almeria,0.24784217016029594,0.43033292231812575,0.3218249075215783,1,1,1,50,26,10,3,2,77,12,9,12,4,1,15,11,341,120,144,46,21,23,1,73,13,2,13,1,61,57,55,67,0,0,50,5,2,0,0,71,17,2,1,2,0,1,4,346,149,98,32,17,30,2,36,8,4,30,9,48,43,45,64,0,0
2021-02-07,LaLiga2,3424673,Girona,Leganes,0.41904761904761906,0.4163265306122449,0.16462585034013605,0,2,2,57,12,2,0,0,75,12,7,10,0,0,8,4,423,169,150,51,18,20,3,75,11,0,12,3,53,56,61,67,0,0,43,8,5,3,2,69,14,0,3,0,0,4,4,330,102,126,47,29,19,0,60,18,0,23,2,39,44,39,43,0,0
2021-02-07,LaLiga2,3424690,Malaga,Real Zaragoza,0.40667490729295425,0.4672435105067985,0.1260815822002472,1,2,2,53,14,4,2,2,80,13,11,8,2,0,8,6,442,183,172,58,25,21,1,44,12,0,6,1,60,48,37,61,0,0,47,5,4,3,2,73,19,0,1,0,0,4,1,418,195,110,42,50,14,3,71,19,0,25,3,74,52,63,74,0,0
2021-02-07,LaLiga2,3424674,Castellon,CD Mirandes,0.32241379310344825,0.4672413793103448,0.2103448275862069,0,1,2,39,10,1,2,2,56,12,6,7,2,0,6,4,289,76,86,33,23,8,2,74,10,0,11,4,75,62,59,50,0,0,61,16,5,3,3,77,12,4,9,2,0,9,7,471,169,196,45,17,21,4,43,10,0,26,1,48,38,41,33,0,0
2021-02-07,LaLiga2,3424700,Rayo Vallecano,Tenerife,0.5525773195876289,0.3680412371134021,0.07938144329896907,0,1,2,68,9,5,0,0,82,19,7,1,3,0,5,4,462,193,186,59,13,29,0,57,4,0,11,2,62,52,57,73,5,1,32,8,3,1,1,57,19,5,5,0,1,6,2,213,52,70,28,33,17,1,56,9,3,23,5,54,48,43,71,4,0
2021-02-07,LaLiga2,3424687,Las Palmas,Sabadell,0.5421558164354322,0.37246531483457845,0.08537886872998933,0,1,2,54,6,3,1,1,79,10,1,2,1,0,4,2,400,184,130,56,17,14,1,64,8,3,18,2,57,58,42,67,0,1,46,9,3,1,1,76,21,10,3,3,0,7,2,327,149,101,60,17,16,5,38,10,1,11,3,54,42,58,53,0,0
2021-02-08,LaLiga2,3424691,Ponferradina,Alcorcon,0.4725925925925926,0.42074074074074075,0.10666666666666667,2,0,0,43,5,3,2,0,73,13,1,2,0,0,5,0,398,170,120,31,43,11,3,56,9,6,22,2,54,54,47,100,2,0,57,12,2,0,0,82,11,10,4,6,0,4,8,506,216,200,56,10,24,1,60,3,0,4,1,52,46,53,56,2,0
2021-02-08,LaLiga2,3424689,Lugo,Espanyol,0.23416965352449223,0.46714456391875747,0.2986857825567503,1,1,1,28,7,2,0,0,57,15,2,4,1,0,5,2,219,53,71,28,0,26,3,59,7,6,33,1,66,48,59,45,4,1,72,12,2,1,0,85,10,6,4,6,1,6,6,538,205,252,51,9,25,1,79,4,1,16,1,60,52,41,55,2,0
2021-02-12,LaLiga2,3424701,Sabadell,Real Zaragoza,0.33090705487122063,0.46472564389697646,0.2043673012318029,1,1,1,59,7,2,1,0,83,16,4,1,4,0,5,2,466,209,176,54,6,23,1,73,13,1,20,5,42,50,38,65,1,0,41,12,6,2,2,72,14,3,5,1,0,4,8,322,120,111,48,17,28,1,79,11,3,19,1,48,50,63,50,1,0
2021-02-13,LaLiga2,3424697,Cartagena,Rayo Vallecano,0.2605633802816901,0.4507042253521127,0.2887323943661972,2,2,1,49,7,3,3,1,71,30,3,3,1,0,4,3,367,180,79,42,25,24,1,80,9,4,9,2,54,44,46,55,2,0,51,14,5,4,2,73,16,1,6,3,0,8,6,385,150,132,36,27,19,0,60,13,1,13,1,67,56,54,40,3,0
2021-02-13,LaLiga2,3424693,CD Mirandes,Girona,0.39501779359430605,0.44365361803084225,0.16132858837485173,3,3,1,46,8,3,2,0,69,15,0,3,2,0,5,3,296,108,95,28,20,17,1,55,9,0,23,2,46,47,44,44,0,0,54,11,5,4,2,70,20,2,5,1,1,10,1,341,141,97,42,16,25,0,50,11,0,9,0,53,53,56,54,0,0
2021-02-13,LaLiga2,3424715,Tenerife,Ponferradina,0.48535564853556484,0.40585774058577406,0.1087866108786611,1,0,0,51,18,7,2,2,80,14,4,5,6,0,9,9,407,165,162,52,20,22,1,63,8,2,12,4,54,58,59,43,1,0,49,7,4,1,1,78,22,2,1,2,0,2,5,390,172,133,36,13,15,1,36,8,6,22,6,38,42,41,33,0,0
2021-02-14,LaLiga2,3424694,Mallorca,Espanyol,0.42339075249320035,0.4215775158658205,0.15503173164097914,1,2,2,57,11,3,1,1,83,19,7,5,3,0,8,3,469,209,179,55,22,20,2,60,5,1,11,1,46,50,37,53,2,0,43,6,3,2,0,80,13,5,2,1,0,5,1,342,147,125,55,18,19,1,76,12,3,19,2,53,50,63,29,0,0
2021-02-14,LaLiga2,3424698,Almeria,Las Palmas,0.4947478991596639,0.4107142857142857,0.09453781512605042,3,1,0,45,13,7,5,2,82,19,3,4,2,0,9,4,380,165,145,57,42,13,2,46,6,0,21,3,52,49,64,60,0,0,55,12,3,1,0,88,17,7,5,4,0,7,5,464,304,102,61,18,15,1,67,5,0,9,4,47,51,36,86,0,0
2021-02-14,LaLiga2,3424699,Alcorcon,Logrones,0.42097488921713444,0.45790251107828656,0.12112259970457903,1,0,0,43,10,4,2,1,66,15,4,4,2,0,4,6,315,89,119,42,0,29,2,33,10,1,27,1,66,51,52,69,0,0,57,11,1,3,3,75,14,3,9,1,1,8,3,398,173,126,43,20,31,4,64,6,2,14,3,62,49,48,61,0,0
2021-02-14,LaLiga2,3424695,Leganes,Albacete,0.5267857142857143,0.39087301587301587,0.08234126984126984,3,1,0,51,9,5,3,1,77,20,5,2,2,0,7,2,413,189,127,41,31,6,3,40,22,0,20,2,55,44,52,44,0,0,49,8,3,0,0,71,8,4,2,3,0,3,5,382,145,125,35,8,14,0,43,15,0,13,2,61,56,48,50,0,0
2021-02-14,LaLiga2,3424702,Sporting Gijon,Malaga,0.513902205177373,0.38926174496644295,0.09683604985618409,1,0,0,60,5,3,1,0,84,14,4,1,1,0,3,2,487,298,110,45,15,13,2,67,5,0,33,3,59,44,56,50,0,0,40,9,3,0,0,73,13,7,4,2,0,4,5,313,112,115,48,12,18,2,75,13,0,11,2,61,56,44,56,0,0
2021-02-15,LaLiga2,3424696,Castellon,Fuenlabrada,0.35243328100470955,0.4552590266875981,0.19230769230769232,1,2,2,64,12,3,1,0,80,14,11,4,5,0,8,4,441,159,194,53,23,18,1,70,4,4,12,5,58,50,51,83,0,0,36,22,7,3,2,68,14,4,9,6,0,13,9,269,69,114,39,36,15,1,63,14,4,35,2,57,50,49,79,0,0
2021-02-15,LaLiga2,3424692,Real Oviedo,Lugo,0.40879265091863515,0.44291338582677164,0.14829396325459318,3,1,0,58,6,5,1,0,74,14,6,1,0,0,3,3,360,128,139,46,24,19,1,42,10,0,18,1,61,48,49,56,2,0,42,6,2,0,0,58,9,4,4,0,0,2,4,266,74,79,45,7,28,0,60,8,0,15,2,65,52,51,67,1,0
2021-02-17,LaLiga2,3424647,Leganes,Almeria,0.44750926307122274,0.4055166735282009,0.14697406340057637,2,1,0,47,17,6,1,0,74,14,4,10,1,0,14,3,382,144,137,37,30,17,1,53,10,0,9,0,47,60,37,42,0,0,53,7,1,1,1,79,16,4,4,2,0,3,4,446,266,85,38,14,14,4,73,10,0,20,4,42,40,63,25,0,0
2021-02-19,LaLiga2,3424706,Ponferradina,CD Mirandes,0.3927747886241353,0.4304381245196003,0.1767870868562644,1,0,0,47,13,4,0,0,65,9,5,6,3,0,5,8,352,95,134,46,26,30,5,60,17,0,11,0,63,63,72,71,1,0,53,4,0,0,0,73,17,1,4,0,0,1,3,415,165,140,38,29,23,1,67,12,2,24,3,32,37,28,56,4,1
2021-02-20,LaLiga2,3424712,Espanyol,Sabadell,0.5857712765957447,0.32845744680851063,0.08577127659574468,1,0,0,45,16,3,2,2,83,14,7,4,9,1,10,6,354,132,162,54,11,29,1,54,3,4,21,5,46,49,52,63,4,0,55,10,5,0,0,83,9,7,1,4,0,10,0,431,222,137,47,38,11,2,31,6,9,20,2,46,51,48,50,0,0
2021-02-20,LaLiga2,3424714,Albacete,Sporting Gijon,0.2675496688741722,0.45695364238410596,0.27549668874172184,0,1,2,38,12,4,1,1,77,10,4,6,2,0,9,3,325,107,143,46,32,17,3,90,10,0,6,3,48,48,43,56,0,0,62,8,4,3,2,86,11,4,3,1,0,6,2,546,359,108,53,44,11,6,53,11,0,16,4,56,52,57,47,0,0
2021-02-20,LaLiga2,3424710,Las Palmas,Cartagena,0.5104551045510455,0.3763837638376384,0.11316113161131611,2,0,0,47,11,6,2,1,68,22,6,5,0,0,6,5,305,146,61,33,17,12,2,25,11,0,14,2,41,39,34,50,0,0,53,5,2,1,1,72,17,3,2,1,0,5,0,341,134,110,49,30,15,9,25,6,0,10,3,69,61,66,73,0,0
2021-02-21,LaLiga2,3424709,Leganes,Tenerife,0.5434322033898306,0.3644067796610169,0.09216101694915255,1,0,0,50,7,2,1,0,80,15,9,3,2,0,4,3,423,189,150,49,14,23,1,75,16,2,24,2,64,57,47,67,0,0,50,6,2,0,0,80,15,3,2,2,0,1,5,424,173,165,44,22,27,1,42,14,2,28,1,57,43,53,50,3,0
2021-02-21,LaLiga2,3424788,Mallorca,Almeria,0.4636734693877551,0.4048979591836735,0.13142857142857142,2,0,0,44,13,5,2,0,75,17,5,3,5,0,6,7,391,161,134,38,17,17,2,54,8,0,22,2,38,45,35,75,0,0,56,14,2,1,1,87,10,8,9,3,0,7,7,490,190,237,59,21,17,3,40,11,0,15,3,52,55,65,71,0,0
2021-02-21,LaLiga2,3424713,Girona,Castellon,0.5248826291079812,0.38591549295774646,0.0892018779342723,2,1,0,48,5,2,1,0,71,15,3,2,1,0,3,2,320,112,114,44,23,25,1,58,15,0,23,2,53,45,47,31,0,0,52,11,3,2,1,70,17,6,7,1,0,6,5,354,117,131,33,27,21,2,78,13,0,17,0,63,55,53,53,0,0
2021-02-21,LaLiga2,3424708,Lugo,Logrones,0.49793388429752067,0.39462809917355374,0.10743801652892562,1,1,1,44,11,4,1,0,68,11,1,5,2,1,6,5,301,107,99,34,40,25,4,61,9,1,13,0,72,54,65,62,3,1,56,5,1,1,0,76,12,7,3,1,0,4,1,371,160,123,36,13,20,0,52,9,2,14,3,53,46,35,57,2,0
2021-02-21,LaLiga2,3424707,Malaga,Rayo Vallecano,0.36037934668071653,0.4446786090621707,0.19494204425711276,2,0,0,31,12,4,3,3,65,12,2,5,3,0,8,4,269,75,101,50,22,21,2,56,9,4,21,5,57,50,44,54,2,0,69,12,5,0,0,85,13,7,3,4,1,8,4,588,234,268,52,3,19,2,81,5,3,16,2,61,50,56,56,1,0
2021-02-22,LaLiga2,3424711,Fuenlabrada,Real Oviedo,0.4263465282284231,0.44581440622972096,0.12783906554185595,2,2,1,46,12,5,1,0,60,25,5,4,3,1,7,5,280,96,71,31,0,23,1,59,5,3,9,3,66,50,45,64,0,0,54,8,4,4,3,71,16,2,2,2,0,6,2,334,103,135,42,43,18,1,45,12,3,27,3,72,50,55,50,0,0
2021-02-22,LaLiga2,3424705,Real Zaragoza,Alcorcon,0.5424836601307189,0.3609854198089492,0.09653092006033183,0,1,2,51,11,2,1,1,80,8,4,5,4,0,7,4,450,193,168,50,35,17,1,36,6,3,22,1,62,57,59,79,0,0,49,13,1,0,0,80,18,6,9,3,0,6,7,435,144,203,49,17,25,0,43,14,2,14,2,46,43,41,60,0,0
2021-02-26,LaLiga2,3424726,Sabadell,Albacete,0.4204625087596356,0.44498948843728103,0.1345480028030834,0,0,1,67,13,4,2,2,85,19,6,5,4,1,5,8,476,249,156,51,19,20,1,56,0,6,16,2,44,41,50,47,2,0,33,11,2,1,1,61,12,2,3,6,0,8,3,222,54,81,32,32,14,3,63,6,4,22,4,56,59,50,57,1,1
2021-02-26,LaLiga2,3424703,Cartagena,Leganes,0.21792890262751158,0.4394641937145801,0.3426069036579083,1,0,0,43,9,5,3,2,69,22,3,4,0,0,6,3,362,136,115,30,29,12,0,61,7,0,26,0,65,42,55,50,0,0,57,12,0,1,1,78,12,5,9,3,0,6,6,458,192,165,42,20,15,2,54,14,0,15,4,73,58,45,58,0,0
2021-02-27,LaLiga2,3424728,Rayo Vallecano,Ponferradina,0.46207865168539325,0.4199438202247191,0.11797752808988764,1,1,1,46,8,2,2,1,62,19,3,5,1,0,5,3,291,65,116,40,22,23,3,50,4,0,18,5,53,49,45,75,2,1,54,7,6,2,1,64,17,2,1,0,0,3,4,347,113,110,37,6,26,1,50,10,1,17,1,59,51,55,64,3,0
2021-02-27,LaLiga2,3424704,Almeria,Lugo,0.5417867435158501,0.3679154658981748,0.09029779058597502,4,1,0,71,11,8,6,3,90,15,3,1,2,0,9,2,643,304,275,67,0,12,6,54,4,2,8,4,44,54,32,81,2,0,29,15,5,1,0,72,10,7,7,3,0,13,2,245,80,97,56,56,17,2,50,15,2,9,4,49,46,68,40,0,0
2021-02-27,LaLiga2,3424716,Castellon,Las Palmas,0.3082901554404145,0.44041450777202074,0.25129533678756477,4,0,0,37,8,6,4,2,72,13,3,1,1,0,7,1,326,149,85,28,38,23,3,58,9,0,12,4,45,47,60,60,0,0,63,11,4,1,1,84,14,3,5,2,0,5,6,550,322,140,47,20,14,1,67,6,0,4,2,45,53,40,73,0,0
2021-02-27,LaLiga2,3424730,Logrones,Mallorca,0.20851433536055602,0.4100781928757602,0.3814074717636838,0,1,2,45,12,1,0,0,75,15,4,7,4,0,4,8,361,153,118,50,41,16,2,73,17,0,14,0,48,46,59,62,0,0,55,7,1,2,1,80,15,3,4,2,1,3,4,451,177,186,59,10,20,0,69,5,0,14,1,49,54,41,67,0,0
2021-02-28,LaLiga2,3424717,Fuenlabrada,Girona,0.3432601880877743,0.46865203761755486,0.18808777429467086,1,1,1,54,19,4,3,3,67,14,12,7,8,0,13,6,259,71,102,51,21,25,2,25,7,0,14,1,73,58,48,65,0,0,46,5,2,1,0,59,23,1,3,0,0,2,3,234,52,87,45,0,16,1,69,6,8,33,3,63,43,52,64,0,0
2021-02-28,LaLiga2,3424725,Sporting Gijon,Espanyol,0.27557251908396946,0.467175572519084,0.25725190839694656,1,1,1,48,3,2,0,0,81,13,1,0,1,0,1,2,439,257,99,46,10,15,4,67,5,2,21,3,41,45,55,44,4,0,52,11,4,1,1,83,12,3,5,2,1,7,4,458,149,230,48,24,17,2,100,6,1,10,1,43,55,45,60,2,0
2021-02-28,LaLiga2,3424724,Tenerife,Alcorcon,0.4460839954597049,0.4267877412031782,0.1271282633371169,3,1,0,48,6,4,5,2,76,13,3,1,1,0,6,0,420,197,123,42,9,14,1,57,7,4,12,1,46,46,44,43,1,1,52,8,2,1,1,80,19,3,2,4,2,5,3,446,187,170,44,13,23,1,60,10,1,6,1,55,54,56,82,3,0
2021-02-28,LaLiga2,3424727,Real Oviedo,Real Zaragoza,0.43189017951425557,0.4118268215417107,0.1562829989440338,1,0,0,39,8,3,4,3,74,14,4,3,2,1,5,3,306,106,121,46,29,13,0,58,12,0,24,1,66,53,54,62,0,0,61,9,1,0,0,82,17,6,2,6,0,5,4,476,230,158,50,16,22,2,69,10,0,10,2,57,47,46,42,0,0
2021-03-01,LaLiga2,3424729,CD Mirandes,Malaga,0.40614754098360656,0.4331967213114754,0.16065573770491803,1,0,0,56,4,1,1,0,76,13,3,1,2,0,2,2,406,184,125,42,15,26,1,56,21,0,25,3,49,51,32,58,0,0,44,14,3,2,2,68,13,9,7,4,0,9,5,300,86,117,39,24,16,2,67,12,0,17,0,59,49,68,42,0,0
2021-03-05,LaLiga2,3424720,Espanyol,Real Oviedo,0.600637127135824,0.3182739646684043,0.08108890819577179,1,1,1,46,8,3,1,0,81,15,5,3,2,0,3,5,391,171,145,52,0,13,1,60,11,1,11,2,50,48,35,48,1,1,54,11,3,0,0,86,19,1,6,2,0,4,7,463,181,216,62,28,22,0,61,4,2,20,2,63,52,65,67,3,0
2021-03-06,LaLiga2,3424744,Real Zaragoza,Tenerife,0.3978819969742814,0.4750378214826021,0.12708018154311648,1,0,0,45,11,5,1,0,76,14,4,1,5,0,8,3,389,168,127,51,31,32,1,50,12,5,21,4,57,51,69,50,0,0,55,11,5,0,0,81,16,5,2,4,0,6,5,467,226,154,45,18,27,1,47,5,5,15,4,44,49,31,64,5,0
2021-03-06,LaLiga2,3424719,Las Palmas,Rayo Vallecano,0.356763925729443,0.473474801061008,0.16976127320954906,1,1,1,51,9,3,3,3,66,15,4,6,0,2,5,4,311,113,92,32,20,32,1,69,7,5,23,1,55,49,53,77,1,0,49,13,2,3,2,69,14,5,6,5,1,8,5,292,104,97,19,12,35,6,53,13,0,23,2,54,51,47,60,1,0
2021-03-06,LaLiga2,3424718,Leganes,Castellon,0.5887300252312868,0.3322119428090833,0.07905803195962995,0,0,1,63,9,1,0,0,75,20,3,5,3,0,4,5,471,191,162,28,31,20,1,64,13,0,15,2,58,49,56,56,0,0,37,6,2,0,0,62,17,5,4,0,0,2,4,280,95,78,21,15,8,1,47,15,0,17,1,55,51,44,56,0,0
2021-03-06,LaLiga2,3424723,Albacete,Logrones,0.46815834767641995,0.41308089500860584,0.11876075731497418,1,1,1,44,11,3,1,0,72,17,5,3,5,0,6,5,313,115,109,45,23,19,3,67,8,0,5,1,47,48,44,33,0,0,56,5,2,3,3,75,17,4,2,1,0,5,0,421,213,101,44,60,20,2,50,16,0,19,2,53,52,56,73,0,0
2021-03-07,LaLiga2,3424732,Malaga,Sabadell,0.4939516129032258,0.40423387096774194,0.10181451612903226,2,0,0,49,16,7,3,1,75,16,6,7,2,0,9,7,345,95,164,49,13,29,1,69,9,2,17,2,46,46,50,50,3,0,51,9,2,0,0,73,13,5,5,2,0,4,5,372,200,73,39,36,25,2,64,10,1,28,5,51,54,50,50,1,0
2021-03-07,LaLiga2,3424745,Ponferradina,Sporting Gijon,0.2859848484848485,0.5142045454545454,0.19981060606060605,2,2,1,51,6,4,2,1,73,14,2,1,1,0,3,3,434,176,139,45,20,21,1,38,6,1,9,4,56,56,55,82,3,0,49,11,6,1,0,78,16,3,4,1,0,7,4,408,197,121,40,35,18,0,50,18,1,13,2,45,44,45,40,2,0
2021-03-07,LaLiga2,3424733,Mallorca,Cartagena,0.5955723542116631,0.32721382289416845,0.07721382289416846,2,1,0,66,9,3,3,1,82,11,7,4,2,0,5,4,456,196,178,51,12,15,2,45,7,0,6,2,51,53,46,46,0,0,34,6,3,1,1,66,19,1,3,0,0,3,3,241,92,67,36,14,16,3,57,26,0,26,1,50,47,54,64,0,0
2021-03-07,LaLiga2,3424721,Girona,Almeria,0.39353264185478953,0.41915802318486883,0.18730933496034166,0,1,2,47,6,3,1,1,74,18,1,3,0,0,4,2,370,129,145,51,23,13,1,54,13,0,9,5,60,58,52,50,0,0,53,12,6,2,1,83,18,4,6,0,0,9,3,431,197,162,53,10,10,3,78,12,0,20,4,47,42,48,47,0,0
2021-03-08,LaLiga2,3424722,Alcorcon,CD Mirandes,0.3728048168590065,0.4586051179126944,0.16859006522829906,4,0,0,46,11,6,1,0,72,10,5,3,2,0,7,4,374,165,105,44,15,19,1,82,18,2,16,2,43,46,54,42,0,0,54,5,2,1,1,75,10,7,1,2,0,3,2,435,167,161,39,7,27,4,65,14,2,8,2,46,54,46,50,0,0
2021-03-08,LaLiga2,3424731,Lugo,Fuenlabrada,0.37341772151898733,0.47362869198312235,0.1529535864978903,0,0,1,69,9,0,1,1,85,10,2,7,2,0,5,4,525,258,187,58,43,28,2,86,10,0,12,3,42,46,44,46,0,0,31,8,3,1,1,60,12,4,5,0,1,6,2,233,53,86,41,17,20,0,52,11,2,15,0,51,54,56,57,3,1
2021-03-12,LaLiga2,3424742,Cartagena,Ponferradina,0.3749055177626606,0.47845804988662133,0.14663643235071808,1,1,1,42,9,2,1,1,75,18,2,3,4,0,4,5,318,126,114,55,27,23,3,50,7,3,12,1,37,41,43,45,2,0,58,9,2,1,0,78,9,6,4,3,0,3,6,440,182,162,38,18,19,1,20,4,4,12,1,52,59,57,80,2,0
2021-03-12,LaLiga2,3424736,Rayo Vallecano,Real Zaragoza,0.49264305177111717,0.3885558583106267,0.11880108991825614,3,2,0,44,17,4,2,0,71,21,4,9,4,2,9,8,288,91,113,44,18,21,1,85,10,1,20,2,58,49,56,63,4,0,56,9,3,1,1,71,18,3,5,1,0,3,6,363,134,125,44,6,27,0,54,6,4,14,1,54,51,44,46,3,0
2021-03-13,LaLiga2,3424739,Fuenlabrada,Las Palmas,0.41304347826086957,0.46488294314381273,0.12207357859531773,1,2,2,38,16,4,2,1,57,18,6,9,3,1,10,6,207,42,76,34,33,25,2,50,15,0,10,3,59,48,48,44,0,0,62,11,4,0,0,70,19,1,7,0,0,8,3,343,141,98,34,30,43,3,46,7,3,6,3,64,52,52,69,0,0
2021-03-13,LaLiga2,3424740,Girona,Lugo,0.5076765609007164,0.4022517911975435,0.09007164790174002,1,1,1,57,18,2,3,3,81,18,9,8,8,0,12,6,438,136,220,49,31,22,1,44,9,1,8,4,43,43,47,60,2,1,43,13,5,2,1,81,10,5,7,1,0,12,1,339,183,91,50,33,17,6,54,11,7,23,1,53,57,53,40,4,0
2021-03-13,LaLiga2,3424741,Castellon,Sabadell,0.4187725631768953,0.463898916967509,0.11732851985559567,2,1,0,31,7,3,0,0,66,12,2,2,2,0,5,2,280,85,100,37,16,15,0,69,16,4,24,2,51,41,69,30,2,0,69,13,3,2,1,86,11,3,6,4,0,8,5,621,333,204,44,27,22,3,71,6,2,15,2,47,59,31,50,2,0
2021-03-13,LaLiga2,3424737,CD Mirandes,Espanyol,0.23065585851142226,0.4458364038319823,0.3235077376565954,2,2,1,46,16,8,2,1,76,17,6,6,2,1,7,9,377,148,140,45,25,9,1,63,15,1,23,1,46,46,47,67,0,0,54,9,3,3,1,80,16,4,5,1,0,6,3,440,190,160,40,19,24,4,69,9,2,15,6,53,54,53,64,1,1
2021-03-14,LaLiga2,3424738,Logrones,Malaga,0.2692867540029112,0.49344978165938863,0.23726346433770015,0,1,2,55,5,1,0,0,71,17,4,2,2,0,2,3,393,172,108,42,33,31,9,83,17,0,13,2,60,47,43,42,0,0,45,10,3,3,2,65,11,3,6,1,1,7,3,316,111,94,31,38,22,4,55,11,0,16,1,71,53,57,24,0,0
2021-03-14,LaLiga2,3424734,Sporting Gijon,Mallorca,0.29098360655737704,0.46557377049180326,0.24344262295081967,2,0,0,40,8,4,3,1,72,15,3,3,1,0,5,3,338,152,92,48,14,13,1,40,7,0,24,3,41,42,52,43,0,0,60,12,3,0,0,83,11,6,6,3,0,4,8,498,200,211,60,12,22,0,73,2,0,6,2,50,58,48,60,0,0
2021-03-14,LaLiga2,3424746,Tenerife,Albacete,0.4924078091106291,0.39370932754880694,0.113882863340564,2,0,0,64,12,3,1,1,79,16,6,6,3,0,8,4,506,209,190,55,23,20,3,38,17,2,11,1,58,48,45,57,2,0,36,6,1,1,1,58,15,2,3,2,1,4,2,288,83,84,37,13,28,1,30,11,3,22,1,66,52,55,69,5,0
2021-03-14,LaLiga2,3424735,Real Oviedo,Leganes,0.2812755519215045,0.47015535568274736,0.24856909239574815,1,3,2,58,7,1,2,1,79,15,5,5,1,0,7,0,405,197,121,59,21,21,1,75,7,0,18,1,45,48,35,55,0,0,42,8,4,2,1,71,20,4,3,1,0,6,2,302,89,126,42,27,14,1,93,7,0,21,0,59,52,65,67,0,0
2021-03-15,LaLiga2,3424743,Almeria,Alcorcon,0.5959919839679358,0.3182364729458918,0.08577154308617234,0,0,1,62,11,5,0,0,86,14,3,5,1,0,7,4,582,257,244,62,33,25,6,29,6,3,9,2,45,49,42,62,0,0,38,5,2,1,1,78,12,4,0,3,0,4,1,360,132,147,47,7,14,1,68,15,1,18,5,50,51,58,75,0,0
2021-03-19,LaLiga2,3424758,Las Palmas,Girona,0.4297297297297297,0.4283783783783784,0.14189189189189189,1,2,2,53,11,6,2,1,72,14,2,3,2,0,6,5,340,139,105,48,29,25,2,53,13,0,5,2,62,56,46,45,0,0,47,8,4,3,1,73,27,2,3,1,0,6,2,303,105,117,45,43,19,6,65,16,0,9,5,54,44,54,67,0,0
2021-03-20,LaLiga2,3424751,Sabadell,Sporting Gijon,0.22063492063492063,0.45714285714285713,0.32222222222222224,1,1,1,49,8,4,1,0,79,16,3,3,1,0,6,2,407,209,113,53,42,21,2,52,12,1,18,5,49,52,48,29,3,0,51,12,6,3,3,79,15,2,5,1,0,5,7,420,162,171,46,8,24,0,64,10,1,10,3,47,48,52,41,2,0
2021-03-20,LaLiga2,3424754,Mallorca,Real Oviedo,0.6058871627146362,0.31643499591169255,0.0776778413736713,0,0,1,65,15,3,0,0,81,10,6,6,6,0,7,8,518,203,217,55,14,31,0,57,6,0,10,2,53,48,48,41,0,0,35,9,3,0,0,64,15,4,3,3,0,5,4,283,80,101,36,38,16,0,43,13,0,26,3,58,52,52,38,0,0
2021-03-20,LaLiga2,3424757,Leganes,Fuenlabrada,0.5673952641165756,0.36065573770491804,0.07194899817850638,0,2,2,63,9,2,1,1,73,20,2,4,3,0,5,4,428,183,128,28,23,32,2,55,7,4,20,3,79,55,54,58,0,0,37,14,5,2,1,61,24,7,5,4,1,9,5,248,64,88,43,23,22,1,58,16,2,16,2,65,45,46,36,0,0
2021-03-20,LaLiga2,3424759,Espanyol,Logrones,0.6205234159779615,0.31129476584022037,0.06818181818181818,4,0,0,66,22,12,4,2,87,14,8,6,4,1,12,10,595,252,263,60,27,25,1,47,13,1,16,0,59,61,55,64,0,0,34,3,0,0,0,78,14,4,2,1,0,3,0,292,151,76,42,23,14,1,56,12,4,13,8,40,39,45,33,1,1
2021-03-21,LaLiga2,3424753,Ponferradina,Almeria,0.24033613445378152,0.45546218487394957,0.3042016806722689,2,1,0,34,18,4,0,0,70,13,7,8,6,0,14,4,261,69,114,47,33,19,0,83,23,7,19,4,48,49,49,54,3,0,66,14,5,0,0,83,14,6,2,7,0,8,6,524,215,222,62,26,22,3,75,4,7,15,1,50,51,51,54,5,0
2021-03-21,LaLiga2,3424755,Malaga,Tenerife,0.47928994082840237,0.41124260355029585,0.10946745562130178,1,1,1,41,2,1,0,0,60,19,2,1,0,0,1,1,304,106,77,40,0,32,0,64,10,6,16,6,63,48,46,53,2,0,59,16,7,3,2,70,14,7,2,7,0,10,6,430,175,126,39,35,23,8,69,14,0,11,0,71,52,54,50,0,0
2021-03-21,LaLiga2,3424756,Lugo,Castellon,0.4654300168634064,0.4317032040472175,0.10286677908937605,0,0,1,67,20,6,2,2,80,9,4,8,6,0,13,7,532,310,113,39,53,27,2,83,1,0,16,2,59,56,67,69,4,0,33,4,2,0,0,66,18,3,2,0,0,1,3,256,74,94,31,0,18,3,75,13,5,14,6,40,44,33,64,2,0
2021-03-21,LaLiga2,3424747,Alcorcon,Rayo Vallecano,0.33476394849785407,0.45064377682403434,0.2145922746781116,0,3,2,58,6,1,0,0,75,17,3,5,0,0,2,4,431,148,174,48,13,25,1,64,15,2,14,1,51,49,38,86,1,0,42,12,4,4,1,68,17,5,6,2,0,7,5,302,87,118,35,42,21,0,25,14,0,21,1,61,51,62,76,4,0
2021-03-22,LaLiga2,3424760,Albacete,Cartagena,0.4081463009143807,0.42684954280964255,0.16500415627597673,2,0,0,42,8,4,2,0,71,17,2,4,0,0,3,5,374,114,152,40,8,13,1,62,11,0,30,1,47,44,46,54,0,0,58,13,1,3,3,79,8,4,7,5,1,7,6,504,252,145,46,27,17,1,54,12,0,13,2,58,56,54,63,0,0
2021-03-22,LaLiga2,3424752,Real Zaragoza,CD Mirandes,0.47799464217374665,0.38308457711442784,0.13892078071182548,1,0,0,31,12,5,4,3,70,18,4,3,4,1,11,1,260,94,89,43,13,17,2,80,19,0,21,3,51,51,65,68,0,0,69,10,3,1,1,87,13,4,5,2,0,6,4,608,262,264,62,5,28,4,90,13,0,14,4,42,49,35,67,0,0
2021-03-26,LaLiga2,3424771,Sporting Gijon,Alcorcon,0.614103060829136,0.3146067415730337,0.0712901975978303,0,0,1,44,11,3,1,1,75,13,2,6,2,0,6,5,391,161,132,44,20,23,1,55,12,3,20,4,60,48,56,70,0,0,56,9,4,0,0,79,8,5,2,3,0,2,7,496,211,179,53,17,16,1,71,9,2,12,3,55,52,44,70,0,0
2021-03-26,LaLiga2,3424748,Castellon,Espanyol,0.2162899454403741,0.4520654715510522,0.33164458300857363,1,3,2,25,4,2,2,1,58,11,1,2,0,0,3,1,210,66,56,33,25,14,4,29,17,7,24,3,49,62,41,67,0,1,75,21,6,2,1,88,16,8,7,8,0,12,9,608,178,355,59,23,17,1,80,10,0,16,1,41,38,59,35,2,0
2021-03-27,LaLiga2,3424772,Real Oviedo,Ponferradina,0.45917001338688085,0.4069611780455154,0.13386880856760375,1,1,1,55,10,4,0,0,73,9,6,3,3,0,8,2,430,143,171,45,16,23,2,54,12,2,10,2,64,59,57,42,2,0,45,7,3,0,0,67,13,3,2,2,1,3,4,368,121,126,28,15,26,2,33,10,3,30,3,47,41,43,45,1,0
2021-03-27,LaLiga2,3424750,Almeria,Leganes,0.4943820224719101,0.3812199036918138,0.12439807383627609,1,1,1,70,28,12,7,7,87,9,4,12,4,2,19,9,589,201,310,63,33,24,0,63,6,0,17,5,61,68,48,79,0,0,30,13,6,2,1,60,11,1,6,1,0,8,5,244,63,84,34,33,16,1,83,12,0,30,11,43,32,52,45,0,0
2021-03-27,LaLiga2,3424749,Cartagena,Malaga,0.31989708404802747,0.43138936535162953,0.24871355060034306,1,1,1,46,9,4,2,1,57,17,7,5,0,1,7,2,299,96,73,29,17,23,4,38,9,0,19,4,62,43,56,69,0,0,54,11,5,3,2,68,10,5,3,3,0,9,2,355,147,95,38,29,9,1,57,17,0,25,3,65,57,44,71,0,0
2021-03-27,LaLiga2,3424775,Logrones,Real Zaragoza,0.29633401221995925,0.44908350305498984,0.2545824847250509,1,1,1,39,5,2,2,1,71,17,3,2,1,1,4,1,309,116,102,43,13,12,3,60,15,0,18,1,46,46,50,55,0,0,61,8,2,1,1,80,12,2,4,2,0,5,3,500,226,176,55,25,21,4,73,8,0,16,1,51,54,50,50,0,0
2021-03-28,LaLiga2,3424774,Lugo,Sabadell,0.526867627785059,0.38663171690694625,0.08650065530799476,0,1,2,61,6,3,0,0,85,13,4,2,1,0,3,3,472,258,141,53,11,25,1,36,12,2,8,1,53,45,49,36,2,0,39,12,2,1,1,73,21,3,8,2,0,7,5,302,120,101,42,27,29,1,52,4,1,12,3,61,55,51,63,2,1
2021-03-28,LaLiga2,3424761,Girona,Albacete,0.5339981867633726,0.3798730734360834,0.08612873980054397,2,1,0,54,10,4,2,0,81,14,2,5,1,0,5,5,376,197,107,45,13,19,4,50,2,0,23,1,46,54,41,68,0,0,46,9,2,1,0,73,13,4,4,3,0,4,5,313,90,137,49,21,15,2,70,8,0,7,1,44,46,59,62,0,0
2021-03-28,LaLiga2,3424770,Tenerife,Las Palmas,0.4574780058651026,0.41544477028348,0.1270772238514174,1,1,1,37,12,3,1,0,74,18,8,8,1,0,7,5,288,113,99,46,45,21,2,52,6,5,16,1,58,48,58,50,4,0,63,11,2,1,1,86,13,2,4,5,0,5,6,502,245,189,77,18,26,1,85,10,1,15,2,57,52,42,52,1,0
2021-03-29,LaLiga2,3424762,Fuenlabrada,Mallorca,0.240432612312812,0.45133111480865223,0.3082362728785358,4,1,0,41,13,9,6,2,66,21,4,1,3,0,10,3,252,74,93,38,29,15,2,60,13,1,22,3,68,50,71,87,0,0,59,11,4,4,3,73,16,8,6,1,1,7,4,357,140,120,32,23,26,3,58,9,3,11,5,53,50,29,55,0,0
2021-03-30,LaLiga2,3424768,Alcorcon,Real Oviedo,0.37419871794871795,0.4623397435897436,0.16346153846153846,1,1,1,48,6,1,0,0,68,13,4,3,2,0,3,3,340,129,103,32,23,25,0,75,13,2,31,1,50,38,45,100,0,0,52,11,3,1,1,69,9,6,7,1,0,8,3,343,104,134,41,24,31,5,67,7,2,21,0,68,62,55,67,0,0
2021-03-30,LaLiga2,3424765,Malaga,Almeria,0.3506056527590848,0.44414535666218036,0.20524899057873486,0,3,2,45,17,3,0,0,82,12,4,10,4,0,9,8,423,169,176,49,29,31,4,82,6,0,6,0,41,42,36,75,0,0,55,9,4,3,1,87,17,1,3,2,0,6,3,533,316,149,65,25,11,1,72,11,0,25,3,59,58,64,70,0,0
2021-03-30,LaLiga2,3424776,Ponferradina,Logrones,0.5127528583992964,0.38786279683377306,0.09938434476693052,2,2,1,61,13,2,1,0,77,10,4,5,6,0,6,7,444,187,157,38,21,32,5,82,10,0,17,5,56,56,55,55,0,0,39,12,7,3,2,64,13,4,5,0,0,7,5,277,88,89,37,33,28,3,38,15,6,14,0,45,44,45,44,2,0
2021-03-30,LaLiga2,3424777,Rayo Vallecano,Sporting Gijon,0.45047169811320753,0.4190251572327044,0.13050314465408805,0,1,2,60,18,7,2,2,80,9,9,9,2,1,13,5,438,190,160,56,25,32,3,64,10,3,12,1,76,49,68,68,2,0,40,9,2,0,0,67,9,4,4,3,0,2,7,311,123,84,25,8,27,0,52,10,3,23,6,58,51,32,60,0,0
2021-03-31,LaLiga2,3424769,Albacete,Castellon,0.4257679180887372,0.4377133105802048,0.13651877133105803,0,1,2,67,16,7,3,3,77,14,10,5,4,0,11,5,439,150,186,57,26,16,2,73,10,0,7,2,57,44,53,46,0,0,33,10,3,3,2,55,11,4,5,2,0,3,7,224,46,78,34,30,10,1,46,18,0,32,7,61,56,47,54,0,0
2021-03-31,LaLiga2,3424789,Sabadell,Girona,0.2700787401574803,0.4559055118110236,0.2740157480314961,2,2,1,39,7,5,1,0,74,18,1,2,0,1,6,1,305,146,79,40,0,18,3,80,8,7,23,5,46,45,55,75,4,0,61,15,7,1,0,84,20,6,1,7,0,9,6,479,152,249,56,22,22,0,80,5,0,7,3,49,55,45,69,5,0
2021-04-01,LaLiga2,3424767,Espanyol,Fuenlabrada,0.626380984265149,0.2959491128222297,0.07766990291262135,4,0,0,77,18,4,4,1,90,19,10,7,7,1,11,7,596,204,335,60,32,9,1,40,10,1,9,2,50,54,48,60,2,0,23,6,2,0,0,61,16,0,3,1,0,3,3,179,59,50,48,0,11,2,60,11,5,22,1,46,46,52,20,4,1
2021-04-01,LaLiga2,3424764,Mallorca,Leganes,0.5619586942038641,0.33211192538307793,0.10592938041305797,1,0,0,42,8,3,1,0,73,22,3,1,4,0,2,6,300,106,112,50,0,16,1,56,2,0,22,3,61,45,53,56,0,0,58,11,3,1,1,78,15,2,5,3,1,7,4,418,171,155,40,22,16,1,71,9,0,10,2,66,55,47,60,0,0
2021-04-01,LaLiga2,3424766,Las Palmas,Lugo,0.5829909613804437,0.3323746918652424,0.08463434675431389,6,1,0,56,22,11,10,4,85,18,4,8,3,1,14,8,435,255,113,61,43,18,4,55,9,0,6,2,48,48,34,68,0,0,44,6,3,2,1,81,13,1,2,1,0,4,2,327,170,96,56,33,14,1,54,9,0,18,4,61,53,66,71,0,0
2021-04-01,LaLiga2,3424790,Real Zaragoza,Cartagena,0.5927240461401952,0.32431233362910383,0.08296362023070097,0,0,1,56,9,1,1,1,77,13,5,6,2,0,6,3,393,174,128,37,21,18,2,33,19,0,29,3,66,56,53,63,0,0,44,6,3,0,0,74,18,7,2,1,0,3,3,302,130,94,48,7,19,0,62,7,0,27,1,54,44,47,56,0,0
2021-04-02,LaLiga2,3424786,Almeria,Rayo Vallecano,0.582171012734991,0.3135233474833232,0.10430563978168587,0,1,2,58,7,2,0,0,82,20,4,3,2,0,4,3,439,193,167,64,10,24,6,57,4,0,13,2,52,51,43,43,4,1,42,10,3,1,1,77,15,2,7,0,0,6,4,319,146,101,52,29,25,4,67,5,2,13,3,53,49,57,27,4,0
2021-04-03,LaLiga2,3424779,Logrones,Tenerife,0.3539518900343643,0.4054982817869416,0.24054982817869416,1,0,0,53,7,1,0,0,81,14,2,4,2,0,4,3,418,187,151,60,25,18,1,71,7,2,21,2,58,48,62,38,2,0,47,8,2,0,0,77,16,8,4,2,0,5,3,378,145,147,39,31,22,1,53,13,2,13,0,52,52,38,40,2,0
2021-04-03,LaLiga2,3424783,Girona,Ponferradina,0.5528052805280528,0.3712871287128713,0.07590759075907591,3,1,0,42,12,4,3,2,73,12,2,7,1,1,10,2,341,123,127,40,36,20,3,73,11,2,21,3,55,64,51,91,0,0,58,9,4,2,1,82,12,6,3,2,1,8,1,473,194,196,59,15,22,1,67,10,1,10,1,38,36,49,36,1,0
2021-04-03,LaLiga2,3424784,Castellon,Real Oviedo,0.3463302752293578,0.4610091743119266,0.1926605504587156,1,0,0,38,2,0,0,0,58,11,0,2,0,0,0,2,280,94,67,25,0,12,2,53,10,0,21,2,66,57,54,67,0,0,62,16,2,0,0,79,18,5,11,3,0,12,4,439,166,182,40,22,17,2,44,12,0,9,0,52,43,46,52,0,0
2021-04-04,LaLiga2,3424791,Sporting Gijon,CD Mirandes,0.5742444152431012,0.3442838370565046,0.08147174770039421,1,2,2,53,13,2,1,0,79,13,9,7,4,0,8,5,447,198,157,36,24,15,1,59,12,0,10,5,58,64,42,67,0,0,47,10,7,2,1,77,14,4,2,1,0,5,5,408,181,135,45,27,21,1,67,10,0,20,1,44,36,58,40,0,0
2021-04-04,LaLiga2,3424787,Albacete,Espanyol,0.19878419452887539,0.460790273556231,0.3404255319148936,0,3,2,47,8,2,1,1,74,11,5,3,3,0,5,3,359,142,125,43,19,19,1,38,6,3,10,3,48,52,62,62,2,0,53,9,6,5,2,78,16,3,0,3,0,6,3,407,181,135,32,9,21,1,38,12,3,17,2,39,48,38,71,2,0
2021-04-04,LaLiga2,3424780,Leganes,Sabadell,0.5435897435897435,0.3700854700854701,0.08632478632478632,2,1,0,47,10,4,1,1,77,12,1,4,2,1,5,5,417,159,163,51,22,21,1,73,5,3,19,5,55,43,51,50,3,0,53,15,6,1,1,78,11,8,6,3,1,9,6,448,232,119,44,31,21,0,46,8,2,13,2,64,57,49,45,1,0
2021-04-04,LaLiga2,3424778,Lugo,Malaga,0.4117647058823529,0.3235294117647059,0.2647058823529412,0,1,2,52,10,3,1,1,70,16,8,5,2,0,8,2,311,119,98,56,39,28,1,29,4,0,13,0,57,47,53,52,0,0,48,7,2,1,1,70,12,4,5,0,0,3,4,290,114,90,34,12,18,1,65,8,0,29,3,58,53,47,63,0,0
2021-04-04,LaLiga2,3424781,Las Palmas,Mallorca,0.34073560027758504,0.41360166551006244,0.24566273421235255,1,1,1,58,15,2,2,1,82,14,5,7,6,0,9,6,477,245,145,61,22,18,1,53,5,0,9,2,51,49,33,56,0,0,42,11,3,2,1,71,14,6,6,2,0,9,2,331,127,108,36,64,19,4,62,12,0,12,1,61,51,67,58,0,0
2021-04-05,LaLiga2,3424785,Cartagena,Alcorcon,0.3988549618320611,0.44751908396946566,0.15362595419847327,2,1,0,40,9,4,3,1,59,17,5,5,0,0,6,3,265,77,79,35,24,16,1,63,9,0,17,3,65,49,61,75,0,0,60,12,4,1,0,73,17,7,5,3,1,9,3,421,199,108,40,32,27,1,83,7,0,15,2,57,51,39,68,0,0
2021-04-05,LaLiga2,3424782,Fuenlabrada,Real Zaragoza,0.44277821625887925,0.4048934490923441,0.15232833464877663,0,1,2,47,10,4,3,3,66,15,5,5,1,0,4,6,317,80,129,31,31,27,1,47,7,2,10,1,64,56,43,50,0,0,53,8,2,1,0,68,14,3,4,2,0,6,2,350,131,108,41,31,18,2,30,11,1,26,4,66,44,57,40,0,0
2021-04-09,LaLiga2,3424796,Tenerife,Sporting Gijon,0.3679428942245295,0.42504866969500327,0.20700843608046723,1,0,0,46,10,4,1,0,78,8,2,3,3,0,6,4,427,162,173,44,27,21,2,53,16,2,16,1,56,56,57,75,2,0,54,11,1,0,0,84,13,5,8,2,0,6,5,499,210,211,43,12,33,1,54,7,3,9,3,43,44,43,39,3,0
2021-04-10,LaLiga2,3424801,Ponferradina,Fuenlabrada,0.46885245901639344,0.40327868852459015,0.12786885245901639,0,0,1,57,7,2,1,1,76,14,4,3,2,0,4,3,425,187,138,33,17,18,5,35,5,4,12,5,67,52,45,82,1,0,43,13,5,1,1,71,18,2,4,4,0,9,4,323,88,140,42,46,18,4,65,10,2,10,2,68,48,55,57,1,0
2021-04-10,LaLiga2,3424799,Real Oviedo,Las Palmas,0.36989247311827955,0.44516129032258067,0.18494623655913978,0,0,1,46,11,4,0,0,75,12,4,5,2,0,8,3,323,93,148,55,29,14,9,64,10,0,13,0,80,61,72,63,0,0,54,4,0,0,0,77,15,2,0,4,0,2,2,408,200,115,49,25,21,1,60,10,0,21,4,45,39,28,38,0,0
2021-04-10,LaLiga2,3424800,Rayo Vallecano,Girona,0.4748923959827834,0.37589670014347204,0.1492109038737446,2,1,0,47,13,8,6,5,74,16,5,2,3,0,7,6,259,108,84,50,22,28,0,29,3,4,19,1,48,50,42,45,4,0,53,11,2,2,2,74,17,4,5,4,0,7,4,288,111,103,39,32,14,0,69,13,2,16,6,53,50,58,60,2,0
2021-04-11,LaLiga2,3424804,Malaga,Albacete,0.5667244367417678,0.34488734835355284,0.08838821490467938,2,0,0,37,9,2,2,0,59,16,2,6,1,0,5,4,308,91,92,28,50,19,2,83,13,0,17,4,56,42,42,42,0,0,63,8,4,0,0,76,12,5,1,3,0,5,3,502,210,171,43,29,31,1,75,15,0,5,0,77,58,58,83,0,0
2021-04-11,LaLiga2,3424798,Real Zaragoza,Almeria,0.3111432706222865,0.46888567293777134,0.2199710564399421,2,1,0,35,10,3,2,0,74,14,3,4,3,0,7,3,296,103,116,48,27,17,2,35,11,0,30,2,44,41,42,71,0,0,65,18,3,3,2,88,11,4,13,2,1,10,8,558,208,282,54,0,22,1,33,8,0,14,1,63,59,58,71,0,0
2021-04-11,LaLiga2,3424802,CD Mirandes,Logrones,0.4656084656084656,0.4620811287477954,0.07231040564373897,0,1,2,59,8,4,2,2,79,11,4,2,2,0,4,4,483,228,152,27,23,17,5,40,7,0,9,4,51,55,43,72,0,0,41,13,5,1,0,73,14,5,4,4,0,10,3,326,116,122,52,30,20,7,55,10,0,20,4,50,45,57,67,0,0
2021-04-11,LaLiga2,3424803,Mallorca,Lugo,0.6012861736334405,0.32234726688102894,0.07636655948553055,2,0,0,50,11,3,2,1,81,16,3,6,2,0,10,1,423,172,170,51,16,9,1,62,7,0,16,2,43,43,46,60,0,0,50,8,2,0,0,82,11,4,4,2,0,4,4,432,172,182,51,25,17,1,65,13,0,11,1,56,57,54,71,0,0
2021-04-11,LaLiga2,3424797,Sabadell,Cartagena,0.43333333333333335,0.4627450980392157,0.10392156862745099,1,1,1,42,5,2,1,0,73,16,3,0,3,0,1,4,340,172,77,41,27,21,2,56,14,7,25,3,60,57,49,71,1,1,58,16,4,1,0,83,15,6,5,7,0,9,7,445,130,239,52,22,18,2,64,8,3,7,1,51,43,51,42,3,0
2021-04-11,LaLiga2,3424805,Espanyol,Leganes,0.5830258302583026,0.323668950975224,0.09330521876647338,2,1,0,38,13,9,4,3,70,16,5,3,1,1,9,4,271,95,96,37,33,19,5,85,9,5,30,1,55,48,48,77,0,0,62,11,2,1,0,81,16,7,4,5,1,7,4,444,162,198,43,14,17,1,50,8,1,11,7,60,52,53,70,3,0
2021-04-12,LaLiga2,3424792,Alcorcon,Castellon,0.4656441717791411,0.39447852760736196,0.13987730061349693,2,1,0,60,17,7,1,0,81,9,1,9,1,1,8,9,466,196,182,53,25,17,3,53,10,0,13,2,64,65,50,76,0,0,40,7,3,4,3,68,16,2,4,0,0,5,2,306,115,92,33,7,26,1,42,4,1,19,5,44,35,50,30,0,0
2021-04-14,LaLiga2,3424773,Rayo Vallecano,CD Mirandes,0.5983471074380166,0.31363636363636366,0.08801652892561984,0,1,2,50,9,2,1,1,79,8,2,4,3,0,7,2,393,182,127,48,28,23,3,53,8,7,21,7,57,54,50,73,3,0,50,22,8,5,5,74,12,1,7,7,1,14,8,392,166,123,35,25,32,1,67,7,3,12,2,50,46,50,65,0,0
2021-04-16,LaLiga2,3424820,Fuenlabrada,Sabadell,0.5247787610619469,0.3752212389380531,0.1,2,2,1,45,18,7,1,1,69,13,6,5,6,0,12,6,278,75,118,37,28,21,0,65,13,0,13,1,60,59,46,64,1,0,55,6,2,1,1,74,15,5,4,0,0,3,3,340,159,91,51,27,26,0,80,7,6,29,5,51,41,54,33,0,0
2021-04-16,LaLiga2,3424807,Girona,Real Zaragoza,0.5217391304347826,0.37525083612040133,0.10301003344481606,3,0,0,47,11,5,2,0,79,16,11,4,2,0,9,2,368,124,165,48,32,11,0,64,12,0,16,1,45,52,33,70,0,0,53,13,1,1,1,87,6,4,10,2,0,9,4,428,244,127,64,30,14,4,53,18,0,16,2,54,48,67,38,0,0
2021-04-17,LaLiga2,3424816,Lugo,Alcorcon,0.4183381088825215,0.4068767908309456,0.17478510028653296,1,3,2,53,7,1,1,0,75,12,2,3,3,0,3,4,376,135,147,46,10,24,0,70,7,4,21,2,63,60,48,69,0,0,47,14,5,4,1,73,7,9,5,4,0,8,6,320,134,98,49,20,31,1,91,8,3,15,0,51,40,52,33,0,0
2021-04-17,LaLiga2,3424806,Castellon,Mallorca,0.23421588594704684,0.4378818737270876,0.32790224032586557,1,0,0,31,9,3,1,0,62,22,2,2,4,0,4,5,229,64,79,26,40,10,0,64,14,0,35,6,48,45,31,57,0,0,69,18,6,1,1,81,13,9,6,6,0,8,10,472,183,198,47,20,23,2,29,6,0,9,2,70,55,69,67,0,0
2021-04-17,LaLiga2,3424819,Las Palmas,Malaga,0.415929203539823,0.4589127686472819,0.12515802781289506,1,1,1,68,12,6,1,1,82,18,7,6,0,0,6,6,499,232,177,54,33,20,3,67,5,0,12,2,54,48,56,67,0,0,32,7,3,0,0,63,12,3,3,1,0,6,1,224,56,85,42,7,17,3,36,8,0,17,4,51,52,44,56,0,0
2021-04-17,LaLiga2,3424815,Sporting Gijon,Real Oviedo,0.5103926096997691,0.4110854503464203,0.07852193995381063,0,1,2,65,10,4,0,0,82,8,5,5,1,0,7,3,574,290,179,46,29,22,0,71,5,0,13,2,66,50,40,52,0,0,35,8,3,1,1,69,15,2,3,2,0,3,5,317,111,108,41,10,19,2,67,8,0,29,4,76,50,60,64,0,0
2021-04-18,LaLiga2,3424795,Albacete,CD Mirandes,0.3545232273838631,0.4718826405867971,0.17359413202933985,1,0,0,49,10,2,2,1,79,10,8,7,1,0,7,3,404,172,147,56,26,17,1,69,9,0,15,3,57,54,44,79,0,0,51,6,3,1,1,79,15,2,2,1,0,2,4,428,181,156,47,20,17,1,38,14,0,23,1,55,46,56,58,0,0
2021-04-18,LaLiga2,3424817,Logrones,Rayo Vallecano,0.3224932249322493,0.42005420054200543,0.25745257452574527,0,0,1,43,9,3,1,1,74,28,5,4,2,0,6,3,291,119,95,48,29,11,4,48,7,4,19,6,63,52,52,90,3,0,57,17,6,1,1,79,20,6,6,5,0,9,8,380,178,124,44,21,24,1,56,5,2,10,3,59,48,48,48,1,0
2021-04-18,LaLiga2,3424793,Cartagena,Tenerife,0.35185185185185186,0.4713804713804714,0.17676767676767677,0,0,1,56,14,2,0,0,81,17,5,9,3,0,11,3,416,174,163,60,19,31,0,30,13,1,14,2,53,51,41,62,5,0,44,5,2,1,1,71,19,4,2,1,0,5,0,342,120,123,46,25,15,2,69,6,3,30,2,58,49,59,53,2,0
2021-04-19,LaLiga2,3424818,Leganes,Ponferradina,0.572744014732965,0.34917127071823206,0.07808471454880295,1,1,1,46,11,4,2,2,79,20,8,5,2,0,8,3,302,130,109,45,4,27,0,75,10,2,8,2,47,42,45,50,3,1,54,7,3,1,1,77,12,3,2,2,0,3,4,376,173,115,38,31,20,0,56,9,2,20,3,61,58,55,64,3,0
2021-04-19,LaLiga2,3424794,Almeria,Espanyol,0.2625394095729435,0.4362281456004586,0.3012324448265979,1,1,1,54,8,2,1,0,86,23,4,4,2,0,5,3,442,206,174,58,27,18,2,67,13,4,16,2,44,45,53,59,1,0,46,7,3,2,1,81,12,7,0,4,0,5,2,376,145,158,40,9,29,1,73,13,2,13,1,51,55,47,63,1,0
2021-04-21,LaLiga2,3424763,CD Mirandes,Tenerife,0.3926605504587156,0.44954128440366975,0.1577981651376147,0,0,1,57,10,4,0,0,79,12,2,3,3,0,4,6,467,233,136,40,29,30,0,75,11,4,12,0,56,53,45,75,1,0,43,10,0,1,1,75,16,6,6,4,0,6,4,343,145,111,44,38,20,4,60,13,3,12,4,54,47,55,50,5,0
2021-04-23,LaLiga2,3424822,Real Zaragoza,Sporting Gijon,0.40158259149357073,0.4218595450049456,0.17655786350148367,0,0,1,54,10,2,0,0,84,13,2,5,3,0,3,7,469,192,202,60,25,18,1,70,13,0,16,3,46,48,59,64,0,0,46,8,3,0,0,79,15,6,3,2,0,5,3,404,196,125,43,7,14,1,47,8,0,10,2,44,52,41,44,0,0
2021-04-24,LaLiga2,3424812,Logrones,Cartagena,0.3840155945419103,0.4853801169590643,0.13060428849902533,0,1,2,48,10,2,0,0,72,13,4,6,2,0,4,6,324,105,128,32,21,20,3,67,13,0,14,2,72,62,60,90,0,0,52,8,3,2,1,73,11,4,4,1,0,4,4,355,167,93,36,22,20,3,70,15,0,20,2,46,38,40,28,0,0
2021-04-24,LaLiga2,3424811,Malaga,Fuenlabrada,0.461439588688946,0.42159383033419023,0.11696658097686376,0,1,2,57,8,0,0,0,66,15,6,5,3,0,4,4,378,145,105,39,21,23,1,59,8,2,16,5,79,49,52,46,0,0,43,16,6,3,2,61,18,5,8,2,0,12,4,291,70,107,36,31,35,1,53,21,3,22,0,78,51,48,75,0,0
2021-04-24,LaLiga2,3424813,Espanyol,Las Palmas,0.5937888198757764,0.3391304347826087,0.0670807453416149,4,0,0,51,21,7,7,4,85,17,5,7,7,0,16,5,447,189,193,62,43,15,3,42,13,0,11,1,45,48,45,60,2,0,49,6,1,0,0,82,11,6,5,0,0,4,2,434,233,122,61,31,10,1,47,9,5,14,3,50,52,55,62,1,1
2021-04-24,LaLiga2,3424809,Ponferradina,Lugo,0.494077834179357,0.3993231810490694,0.1065989847715736,2,0,0,53,16,6,2,0,77,12,6,4,6,0,7,9,421,167,158,55,18,24,0,57,10,3,24,0,54,49,44,56,2,0,47,5,1,0,0,72,14,4,2,2,0,3,2,364,105,157,49,21,20,2,40,8,6,15,4,62,51,56,57,5,0
2021-04-25,LaLiga2,3424821,Real Oviedo,Girona,0.3425531914893617,0.42340425531914894,0.23404255319148937,0,1,2,45,4,0,1,1,76,16,3,4,0,0,3,1,344,105,155,57,33,11,2,62,7,0,9,1,61,51,70,75,0,0,55,7,2,1,1,80,11,3,4,1,0,3,4,435,189,161,47,13,12,1,45,5,0,16,0,45,49,30,44,0,0
2021-04-25,LaLiga2,3424810,CD Mirandes,Almeria,0.23305785123966943,0.4991735537190083,0.26776859504132233,1,1,1,46,9,2,2,1,81,15,5,4,3,0,7,2,383,192,118,50,24,21,5,62,6,0,16,6,64,59,69,61,0,0,54,15,8,2,1,85,17,6,4,3,0,10,5,457,233,155,43,24,18,2,40,12,0,17,1,42,41,31,52,0,0
2021-04-25,LaLiga2,3424814,Alcorcon,Leganes,0.29404466501240695,0.46774193548387094,0.23821339950372208,1,2,2,47,5,2,1,0,74,19,1,2,1,0,3,2,401,178,120,48,25,18,1,67,9,3,20,2,52,44,47,62,0,0,53,9,4,3,1,79,13,6,2,3,0,7,2,435,169,174,41,24,17,1,54,7,1,9,1,63,56,53,63,0,0
2021-04-25,LaLiga2,3424834,Tenerife,Castellon,0.5303265940902022,0.37947122861586313,0.09020217729393468,1,1,1,44,12,6,6,5,80,13,3,5,1,1,10,2,342,153,120,48,23,25,3,64,5,3,20,1,52,57,43,64,4,1,56,8,2,0,0,84,15,9,3,3,0,1,7,438,156,214,48,14,21,0,78,4,2,16,4,45,43,57,63,2,0
2021-04-26,LaLiga2,3424808,Rayo Vallecano,Albacete,0.5632609846479619,0.3478030704076231,0.08893594494441504,2,2,1,46,5,2,2,1,71,12,3,2,1,0,4,1,318,135,92,46,12,21,1,75,10,1,9,3,51,47,44,57,5,1,54,8,5,2,0,78,14,3,2,1,0,7,1,387,150,152,36,25,30,2,60,14,1,13,0,60,53,56,60,1,0
2021-04-26,LaLiga2,3424835,Sabadell,Mallorca,0.2276384287742546,0.45906294368196876,0.31329862754377663,1,0,0,29,4,3,0,0,71,16,3,1,0,0,2,2,246,96,79,36,43,17,2,53,13,10,49,3,49,41,58,40,0,0,71,18,3,0,0,88,12,6,5,10,0,7,11,579,173,339,76,21,21,2,60,4,0,4,2,55,59,42,71,3,0
2021-04-30,LaLiga2,3424825,Lugo,Real Zaragoza,0.33505154639175255,0.44394329896907214,0.22100515463917525,2,2,1,34,7,2,1,0,65,25,5,3,2,0,4,3,208,61,74,58,27,6,1,64,6,0,37,4,65,41,62,67,0,0,66,18,7,3,2,83,13,10,8,3,0,14,4,398,205,126,56,29,14,2,71,5,0,17,0,63,59,38,69,0,0
2021-05-01,LaLiga2,3424830,Girona,Tenerife,0.5331833520809899,0.37682789651293586,0.08998875140607424,1,0,0,52,9,3,1,1,86,8,4,3,3,0,5,4,427,197,169,47,18,15,3,46,8,3,20,0,52,55,52,56,2,0,48,10,0,1,1,83,17,9,7,3,0,5,5,367,160,143,57,21,20,4,67,6,3,14,2,44,45,48,43,2,0
2021-05-01,LaLiga2,3424832,Almeria,Real Oviedo,0.5593385214007782,0.35992217898832685,0.08073929961089495,2,2,1,52,8,5,3,2,80,13,8,2,1,0,6,2,388,161,149,35,13,25,3,82,7,0,29,2,49,55,48,65,0,0,48,7,4,0,0,78,15,1,3,0,0,6,1,353,119,158,48,32,18,4,73,8,0,15,3,44,45,52,50,0,0
2021-05-01,LaLiga2,3424824,Mallorca,CD Mirandes,0.571063829787234,0.34893617021276596,0.08,2,1,0,38,9,5,3,3,76,12,4,4,0,0,6,3,287,119,100,41,31,8,0,58,13,0,20,1,44,50,52,73,0,0,62,10,2,0,0,84,11,7,4,4,0,5,5,458,219,166,59,19,24,1,58,10,0,15,4,43,50,48,53,0,0
2021-05-02,LaLiga2,3424828,Fuenlabrada,Cartagena,0.5049900199600799,0.3912175648702595,0.10379241516966067,2,1,0,31,12,5,1,0,57,9,4,6,1,0,7,5,210,55,65,32,20,17,0,47,15,4,25,1,52,46,47,42,0,0,69,14,1,2,2,78,12,7,9,4,0,10,4,443,159,188,36,24,29,1,63,6,1,8,3,60,54,53,68,0,0
2021-05-02,LaLiga2,3424829,Espanyol,Malaga,0.7058823529411765,0.18823529411764706,0.10588235294117647,3,0,0,50,11,5,2,0,81,12,5,4,2,0,6,5,407,174,154,39,20,14,0,29,12,4,22,1,48,53,50,72,3,0,50,9,1,1,1,81,13,5,4,4,0,6,3,406,176,153,59,8,27,4,57,11,2,13,2,44,47,50,64,1,0
2021-05-02,LaLiga2,3424831,Castellon,Logrones,0.4364123159303882,0.4404283801874163,0.12315930388219545,0,0,1,42,8,1,2,2,67,16,0,5,2,0,5,3,274,79,105,32,21,20,2,41,12,0,19,2,57,46,48,27,0,0,58,18,2,1,1,76,12,6,8,8,2,9,9,392,168,130,42,29,21,3,67,8,0,10,0,65,54,52,57,0,0
2021-05-02,LaLiga2,3424826,Leganes,Sporting Gijon,0.46994535519125685,0.4090554254488681,0.1209992193598751,0,0,1,61,14,3,1,1,81,12,6,9,2,0,6,8,477,212,172,47,28,20,1,64,5,0,11,2,50,50,42,45,0,0,39,8,2,0,0,65,17,4,2,4,0,4,4,299,103,91,31,18,14,0,57,10,0,17,3,55,50,58,67,0,0
2021-05-02,LaLiga2,3424827,Las Palmas,Ponferradina,0.5142857142857142,0.38029556650246304,0.10541871921182266,2,0,0,49,9,4,3,1,79,18,1,4,1,1,7,2,433,210,131,56,23,20,1,53,8,1,7,1,54,46,59,63,1,0,51,6,1,1,1,83,10,2,4,1,0,3,3,451,241,135,49,27,20,4,64,12,1,14,2,54,54,41,61,0,0
2021-05-03,LaLiga2,3424823,Sabadell,Rayo Vallecano,0.3030864197530864,0.46111111111111114,0.23580246913580247,2,0,0,36,5,2,1,0,69,18,3,1,2,0,1,4,265,112,72,38,25,16,1,36,7,4,13,3,43,40,41,40,4,1,64,20,3,0,0,85,12,8,12,5,1,7,13,446,154,226,66,27,17,4,77,8,2,6,0,63,60,59,53,2,0
2021-05-03,LaLiga2,3424833,Albacete,Alcorcon,0.4171597633136095,0.4415680473372781,0.14127218934911243,0,1,2,54,8,1,0,0,73,19,4,3,4,0,4,4,459,164,173,39,19,33,2,75,5,0,6,1,58,49,37,50,0,0,46,4,2,1,0,72,15,1,2,0,0,1,3,401,188,101,29,40,15,1,27,20,4,20,1,75,51,63,56,0,0
2021-05-07,LaLiga2,3424838,Tenerife,Almeria,0.30402010050251255,0.4434673366834171,0.25251256281407036,0,1,2,38,10,3,1,1,76,15,4,5,2,0,3,7,330,149,103,44,29,17,3,86,16,1,18,6,44,56,30,44,3,1,62,16,7,3,2,84,18,6,8,1,0,8,8,550,182,282,55,7,17,0,50,3,2,12,3,47,44,70,33,2,0
2021-05-08,LaLiga2,3424843,Ponferradina,Albacete,0.4740061162079511,0.41437308868501527,0.11162079510703364,0,1,2,66,14,3,1,1,83,12,4,8,3,0,10,4,507,178,243,58,17,26,4,45,5,1,4,1,50,48,50,40,4,1,34,5,2,1,0,66,16,2,2,1,0,3,2,271,105,74,38,22,17,6,78,6,5,21,1,53,52,50,57,3,0
2021-05-08,LaLiga2,3424840,Real Zaragoza,Espanyol,0.23333333333333334,0.4339506172839506,0.33271604938271604,0,0,1,41,8,3,0,0,83,14,5,3,2,0,3,5,347,209,79,59,7,16,2,76,7,1,13,4,44,49,54,58,2,0,59,8,4,1,1,88,7,4,3,1,0,2,6,506,289,158,47,19,24,2,71,5,1,19,3,43,51,46,59,1,0
2021-05-08,LaLiga2,3424836,Alcorcon,Las Palmas,0.43275632490013316,0.42876165113182424,0.1384820239680426,0,0,1,58,12,3,0,0,83,9,5,4,5,0,7,5,517,227,202,47,14,20,1,58,7,2,8,6,65,53,76,27,0,0,42,11,6,0,0,80,15,2,3,2,0,3,8,385,181,128,42,50,17,1,53,5,5,26,3,43,47,24,42,0,0
2021-05-08,LaLiga2,3424845,Malaga,Mallorca,0.2859463850528026,0.41348497156783104,0.3005686433793664,1,1,1,37,10,3,2,1,69,15,1,4,3,0,5,5,293,99,102,43,25,15,0,57,12,0,22,4,49,58,44,83,0,0,63,9,6,4,3,80,16,6,3,0,0,7,2,489,193,200,52,38,24,3,83,2,0,16,2,45,42,56,50,0,0
2021-05-09,LaLiga2,3424844,CD Mirandes,Fuenlabrada,0.4171907756813417,0.4612159329140461,0.12159329140461216,2,1,0,60,12,4,2,2,74,17,2,4,4,0,8,4,362,147,122,34,30,20,1,57,2,0,22,3,66,56,52,79,0,0,40,9,4,0,0,63,14,5,4,1,0,7,2,241,70,81,39,27,26,3,63,3,4,11,2,55,44,48,50,0,0
2021-05-09,LaLiga2,3424841,Real Oviedo,Sabadell,0.44680851063829785,0.41843971631205673,0.1347517730496454,2,1,0,42,11,5,0,0,74,17,2,4,2,1,6,5,341,91,161,28,33,20,0,79,4,2,16,2,55,50,46,64,4,0,58,10,3,0,0,83,13,5,5,2,0,4,6,466,241,144,52,17,21,1,73,8,2,14,3,59,50,54,53,2,0
2021-05-09,LaLiga2,3424837,Cartagena,Castellon,0.4221183800623053,0.43457943925233644,0.14330218068535824,1,0,0,52,10,3,1,0,74,17,5,5,2,0,5,5,396,154,140,44,15,21,1,41,3,0,10,2,54,46,67,46,0,0,48,3,2,0,0,71,14,3,1,0,0,2,1,367,163,97,34,13,21,1,59,6,0,22,2,52,54,33,56,0,0
2021-05-09,LaLiga2,3424846,Logrones,Girona,0.24579831932773108,0.46008403361344535,0.29411764705882354,1,4,2,54,7,1,3,2,80,12,3,5,1,0,5,2,453,251,112,50,10,13,5,75,18,0,9,3,50,50,52,57,0,0,46,12,7,5,2,77,14,4,4,1,1,9,3,378,173,117,44,40,20,2,61,11,0,7,0,49,50,48,78,0,0
2021-05-10,LaLiga2,3424842,Rayo Vallecano,Leganes,0.40813528336380256,0.42778793418647165,0.1640767824497258,1,1,1,58,12,5,2,1,79,18,6,5,2,0,7,5,400,183,133,45,20,17,1,81,6,2,21,2,73,59,52,60,3,0,42,8,3,1,0,69,26,5,3,2,1,5,3,294,116,86,32,29,22,2,56,5,2,25,4,56,41,48,45,3,0
2021-05-10,LaLiga2,3424839,Sporting Gijon,Lugo,0.5602836879432624,0.3541666666666667,0.08554964539007093,1,0,0,65,12,5,0,0,83,10,2,6,1,0,8,4,588,267,222,54,16,22,2,25,7,0,13,1,60,48,54,36,0,0,35,7,1,1,1,68,17,0,6,0,0,5,2,322,104,114,42,55,12,2,62,11,0,14,4,57,52,46,60,0,0
2021-05-14,LaLiga2,3424850,Espanyol,Cartagena,0.6239478685853923,0.3076296497420581,0.06842248167254955,0,2,2,64,9,2,0,0,86,19,3,4,3,2,4,5,559,223,255,55,23,29,2,47,5,2,8,1,41,41,53,43,2,0,36,6,3,2,0,75,2,1,1,2,0,6,0,329,160,87,33,25,22,5,55,13,3,26,2,53,59,47,38,0,0
2021-05-15,LaLiga2,3424848,Castellon,Ponferradina,0.43063932448733416,0.4378769601930036,0.13148371531966224,0,2,2,55,26,5,2,2,79,12,8,13,8,1,19,7,382,152,151,48,36,18,5,64,11,2,20,6,59,53,63,47,3,0,45,13,7,4,3,71,11,5,4,2,0,5,8,317,89,136,44,20,26,1,67,9,8,30,5,44,47,37,63,0,0
2021-05-15,LaLiga2,3424864,Lugo,CD Mirandes,0.3889980353634578,0.46660117878192536,0.1444007858546169,2,1,0,40,7,4,2,0,68,12,3,2,1,0,6,1,283,86,107,52,29,20,2,75,6,0,12,2,59,48,64,56,0,0,60,15,3,1,0,83,9,5,8,4,0,8,7,422,181,169,43,38,17,0,53,7,0,26,2,49,52,36,53,0,0
2021-05-15,LaLiga2,3424847,Almeria,Albacete,0.5735186539868324,0.3394294074615947,0.08705193855157278,1,1,1,74,18,6,6,6,89,17,11,7,5,0,12,6,643,173,398,70,24,25,9,73,4,1,5,2,43,48,43,82,2,0,26,5,3,2,1,66,13,1,1,1,0,5,0,230,75,77,45,33,14,1,42,15,5,23,5,50,52,57,60,5,1
2021-05-15,LaLiga2,3424852,Las Palmas,Real Zaragoza,0.4322274881516588,0.4246445497630332,0.14312796208530806,0,2,2,67,21,9,3,3,87,17,8,4,8,0,8,13,488,233,191,58,13,26,2,83,6,0,7,4,40,44,48,62,0,0,33,10,6,4,2,71,11,3,3,1,0,7,3,243,84,89,37,25,12,3,78,6,0,21,9,48,56,52,67,0,0
2021-05-16,LaLiga2,3424861,Sabadell,Tenerife,0.47344110854503463,0.4064665127020785,0.12009237875288684,0,2,2,60,8,0,0,0,80,15,7,7,1,0,5,3,470,221,157,48,23,31,2,43,14,4,21,2,53,47,49,58,5,0,40,11,4,1,0,71,11,4,2,5,1,6,5,316,117,108,37,35,17,0,50,12,1,26,1,58,53,51,50,1,0
2021-05-16,LaLiga2,3424851,Fuenlabrada,Rayo Vallecano,0.29668411867364747,0.4642233856893543,0.23909249563699825,1,2,2,31,4,1,1,0,63,12,3,1,2,0,3,1,213,64,70,25,38,21,2,64,5,3,16,5,51,60,54,56,4,2,69,12,7,2,0,87,19,8,2,3,0,7,5,480,195,222,67,16,11,1,42,6,2,14,0,37,40,46,55,2,0
2021-05-16,LaLiga2,3424863,Mallorca,Alcorcon,0.5992063492063492,0.3333333333333333,0.06746031746031746,2,0,0,42,9,4,4,2,76,17,3,3,2,0,6,3,329,130,120,38,23,23,1,63,3,2,13,1,45,51,45,56,0,0,58,8,1,0,0,86,16,1,5,2,0,2,6,460,199,198,59,14,15,0,70,11,1,10,2,46,49,55,57,0,0
2021-05-16,LaLiga2,3424865,Leganes,Logrones,0.5771725032425421,0.3398184176394293,0.08300907911802853,3,0,0,50,8,7,3,1,82,17,3,1,0,0,7,1,424,235,114,56,18,20,1,54,3,0,23,3,56,48,51,53,0,0,50,9,3,0,0,79,10,4,2,4,0,7,2,409,196,126,53,18,15,1,80,8,0,10,4,58,52,49,45,0,0
2021-05-17,LaLiga2,3424862,Real Oviedo,Malaga,0.39634146341463417,0.4337979094076655,0.16986062717770034,1,0,0,49,4,2,0,0,73,17,3,2,0,0,2,2,370,162,108,50,18,23,1,23,10,0,13,1,52,52,49,44,0,0,51,6,1,0,0,71,13,1,5,0,0,2,4,392,159,120,44,11,22,3,62,8,0,10,1,51,48,51,31,0,0
2021-05-17,LaLiga2,3424849,Girona,Sporting Gijon,0.4994652406417112,0.3775401069518717,0.12299465240641712,1,0,0,58,11,5,1,1,81,15,7,5,1,0,6,5,443,183,177,51,14,16,1,20,5,0,11,3,42,52,36,50,0,0,42,8,3,0,0,77,12,1,4,1,1,4,4,326,158,93,61,15,16,1,50,4,0,18,4,48,48,64,47,0,0
2021-05-18,LaLiga2,3424858,Cartagena,Almeria,0.29263329263329263,0.44932844932844934,0.25803825803825803,3,2,0,37,7,5,2,0,72,16,7,2,0,0,7,0,267,112,81,45,18,15,4,67,16,0,10,1,43,48,67,88,0,0,63,6,3,4,2,83,13,2,2,1,0,4,2,473,257,137,51,22,19,3,50,11,0,16,2,39,52,33,75,0,0
2021-05-18,LaLiga2,3424860,Albacete,Lugo,0.40652511651993783,0.44795442775763855,0.14552045572242361,1,1,1,63,13,5,2,2,75,9,4,5,3,0,9,4,431,163,161,37,19,26,1,47,5,2,12,2,71,59,45,43,3,0,37,11,3,2,1,60,22,4,6,2,0,8,3,255,67,87,48,23,14,4,38,10,3,25,4,66,41,55,54,3,0
2021-05-18,LaLiga2,3424854,Ponferradina,Espanyol,0.3893129770992366,0.25190839694656486,0.35877862595419846,1,4,2,40,13,4,2,1,74,15,8,5,4,1,8,5,293,121,97,46,38,15,4,70,6,7,18,3,44,39,54,33,5,0,60,20,7,3,0,83,11,8,6,7,0,10,10,447,180,189,45,35,15,2,50,5,4,16,3,54,61,46,67,1,0
2021-05-19,LaLiga2,3424859,Alcorcon,Sabadell,0.45203376822716806,0.43591711435149655,0.11204911742133537,2,0,0,47,3,2,2,1,75,12,2,1,0,0,2,1,401,174,125,30,6,24,0,42,9,0,16,3,59,55,49,40,1,0,53,8,3,2,2,77,17,4,5,0,0,4,4,448,169,177,25,17,22,2,53,9,0,17,1,53,45,51,29,3,0
2021-05-19,LaLiga2,3424857,Logrones,Fuenlabrada,0.40227703984819735,0.4639468690702087,0.13377609108159394,1,0,0,57,11,3,0,0,71,15,5,5,3,0,7,4,380,126,145,43,24,30,0,75,10,1,15,3,49,40,52,55,0,0,43,12,3,2,2,66,9,5,8,1,0,10,2,298,96,102,43,38,29,1,83,10,2,24,2,60,60,48,70,0,0
2021-05-19,LaLiga2,3424855,CD Mirandes,Leganes,0.24507042253521127,0.48732394366197185,0.2676056338028169,0,0,1,56,8,2,0,0,77,14,4,4,2,0,5,3,474,217,150,46,25,21,1,47,13,0,16,3,58,52,50,68,0,0,44,9,3,1,1,77,13,4,4,2,0,5,4,365,162,120,48,18,19,1,47,8,0,19,2,55,48,50,50,0,0
2021-05-19,LaLiga2,3424880,Tenerife,Mallorca,0.2529976019184652,0.4628297362110312,0.2841726618705036,0,1,2,49,11,3,0,0,83,23,2,3,5,0,7,4,399,199,134,40,20,14,1,63,4,2,15,4,44,48,43,75,5,0,51,10,5,2,1,86,9,7,3,2,0,5,5,415,178,177,46,23,28,4,43,5,5,15,3,50,53,57,50,2,0
2021-05-20,LaLiga2,3424856,Malaga,Girona,0.3359724612736661,0.4282271944922547,0.23580034423407917,0,1,2,28,11,3,0,0,66,14,2,4,4,1,4,7,196,69,60,37,15,9,4,55,16,0,20,2,46,54,36,55,0,0,72,15,3,2,1,84,17,10,7,5,0,9,6,523,196,243,61,24,25,4,80,7,0,19,3,52,46,64,63,0,0
2021-05-20,LaLiga2,3424867,Sporting Gijon,Las Palmas,0.5178137651821862,0.3834008097165992,0.09878542510121457,1,0,0,48,8,1,0,0,80,18,2,5,2,0,5,3,434,215,131,51,36,18,6,62,10,0,10,3,59,51,51,78,0,0,52,11,3,0,0,81,14,2,3,5,1,6,5,466,203,175,55,33,15,2,100,13,0,10,0,57,49,49,56,0,0
2021-05-20,LaLiga2,3424853,Rayo Vallecano,Real Oviedo,0.5317596566523605,0.3738197424892704,0.0944206008583691,4,1,0,55,11,3,2,0,82,16,4,5,3,0,7,4,451,192,179,52,26,19,3,36,11,2,7,2,57,47,51,68,2,0,45,8,3,2,1,75,10,5,3,2,0,6,2,370,164,114,56,29,21,0,50,15,3,13,0,60,53,49,75,1,0
2021-05-20,LaLiga2,3424866,Real Zaragoza,Castellon,0.5159500693481276,0.3851132686084142,0.09893666204345816,3,0,0,62,11,5,2,0,85,8,4,3,3,0,6,5,491,252,166,60,21,17,0,56,7,0,24,2,55,47,56,27,0,0,38,12,2,1,1,74,17,6,5,5,1,9,3,282,103,106,39,17,20,1,62,6,0,14,2,54,53,44,71,0,0
2021-05-23,LaLiga2,3424876,Espanyol,Tenerife,0.6207638515330823,0.30338891877353413,0.07584722969338353,1,1,1,67,16,4,1,1,87,8,8,9,3,1,6,10,484,153,268,67,22,24,0,70,5,1,7,1,47,49,37,46,4,1,33,7,2,0,0,70,20,5,4,1,0,2,5,244,61,109,44,25,15,2,72,5,3,32,3,56,51,63,67,3,0
2021-05-23,LaLiga2,3424871,Mallorca,Real Zaragoza,0.5733235077376566,0.33308769344141487,0.09358879882092852,2,1,0,59,11,2,1,1,85,10,2,6,3,0,6,5,489,185,230,51,19,27,1,62,8,0,17,2,55,47,65,55,0,0,41,8,3,1,0,78,14,4,2,3,0,6,2,347,170,101,51,36,10,0,55,7,0,17,0,52,53,35,50,0,0
2021-05-24,LaLiga2,3424870,Real Oviedo,CD Mirandes,0.4812193794229722,0.41916167664670656,0.09961894393032118,1,1,1,44,11,2,0,0,78,12,6,3,6,0,6,5,353,116,160,47,7,17,1,50,10,0,16,3,44,43,62,50,0,0,56,13,4,4,3,82,8,5,6,3,1,7,6,445,193,172,51,21,21,2,60,9,0,14,1,46,57,38,60,0,0
2021-05-24,LaLiga2,3424879,Almeria,Logrones,0.5608424336973479,0.3576443057722309,0.08151326053042121,2,1,0,54,13,6,4,2,87,15,3,5,2,0,9,4,529,228,233,55,40,20,2,70,10,0,25,3,37,39,48,62,0,0,46,14,4,3,2,84,8,6,6,4,0,7,7,431,227,135,62,25,18,5,71,7,0,11,4,53,61,52,87,0,0
2021-05-24,LaLiga2,3424878,Castellon,Rayo Vallecano,0.2573260073260073,0.44505494505494503,0.2976190476190476,0,2,2,42,5,0,1,1,67,18,6,4,1,0,2,3,329,120,100,31,11,22,2,76,15,4,6,0,59,47,45,54,2,0,58,11,2,1,0,79,14,0,5,4,0,5,6,468,194,174,42,33,29,1,76,5,1,23,0,68,53,55,38,2,0
2021-05-24,LaLiga2,3424875,Fuenlabrada,Sporting Gijon,0.2744323790720632,0.45113524185587367,0.2744323790720632,0,0,1,36,11,3,3,3,66,9,4,8,0,0,6,5,271,82,98,35,15,28,5,10,10,0,23,7,54,49,48,56,0,0,64,9,7,1,1,79,12,5,2,0,0,4,5,469,200,171,47,10,30,0,39,3,0,14,3,57,51,53,50,0,0
2021-05-24,LaLiga2,3424877,Girona,Alcorcon,0.5732924021488872,0.3411358403683807,0.08557175748273216,1,0,0,69,10,2,0,0,85,10,3,6,2,0,2,8,658,218,341,56,15,27,1,50,4,2,9,0,61,42,60,41,0,0,31,4,0,0,0,64,8,1,2,2,0,3,1,294,122,65,29,18,28,2,72,6,1,25,1,60,58,40,60,0,0
2021-05-24,LaLiga2,3424874,Las Palmas,Albacete,0.5033272837265578,0.3956442831215971,0.10102843315184513,3,2,0,50,9,7,3,1,86,15,5,1,1,0,7,2,515,286,155,60,6,13,1,90,19,0,16,3,39,41,50,61,4,0,50,9,5,2,0,83,8,3,4,0,0,4,5,523,242,194,45,13,19,2,45,13,2,20,3,51,59,50,79,2,0
2021-05-24,LaLiga2,3424873,Leganes,Malaga,0.5406435224386114,0.3590177815410669,0.10033869602032176,1,0,0,60,15,5,3,2,81,14,8,7,3,0,8,7,473,224,160,41,31,25,6,47,7,0,8,1,66,58,52,64,0,0,40,9,1,0,0,73,14,3,5,3,0,7,2,322,128,107,38,31,22,0,79,11,0,20,4,51,42,48,47,0,0
2021-05-24,LaLiga2,3424872,Lugo,Cartagena,0.4456578263130525,0.41341653666146644,0.14092563702548103,2,1,0,28,12,5,4,2,61,21,7,5,2,2,8,4,213,69,61,44,25,16,1,61,9,0,29,2,48,46,71,55,0,0,72,15,3,0,0,86,8,6,8,4,0,9,6,559,230,253,49,14,30,0,88,4,0,13,3,43,54,29,50,0,0
2021-05-24,LaLiga2,3424869,Sabadell,Ponferradina,0.43637532133676094,0.4254498714652956,0.13817480719794345,2,0,0,42,9,4,1,1,77,13,3,5,0,1,5,4,364,160,119,42,38,23,2,55,12,2,26,3,39,39,59,33,3,0,58,9,3,0,0,82,7,7,4,2,0,3,6,477,169,224,53,16,21,0,63,10,0,7,2,44,61,41,64,1,0
2021-05-29,LaLiga2,3424890,Tenerife,Real Oviedo,0.43257612373127113,0.4219429676172064,0.14548090865152247,2,2,1,51,18,6,3,1,81,19,3,5,7,1,13,5,373,145,158,58,36,13,2,53,5,1,23,5,54,49,40,79,3,0,49,12,7,4,3,77,10,6,4,1,0,8,4,352,125,146,60,38,14,0,83,6,6,11,4,63,51,60,67,1,1
2021-05-30,LaLiga2,3424868,Albacete,Fuenlabrada,0.38079896907216493,0.4497422680412371,0.16945876288659795,1,2,2,75,9,2,0,0,86,13,2,4,3,0,7,2,642,290,263,50,47,27,2,53,4,2,3,2,46,52,35,60,0,0,25,10,4,3,1,61,16,2,4,2,0,8,2,226,75,63,22,50,20,1,56,12,3,11,1,51,48,65,70,3,0
2021-05-30,LaLiga2,3424881,Alcorcon,Espanyol,0.2589453860640301,0.4428750784682988,0.29817953546767106,1,0,0,39,2,1,0,0,69,20,0,1,0,0,1,1,343,119,119,28,11,21,1,67,9,3,19,2,60,49,54,80,0,0,61,10,2,1,1,83,18,3,5,3,0,6,4,541,190,259,37,12,24,0,60,4,0,7,0,58,51,46,72,1,0
2021-05-30,LaLiga2,3424882,Cartagena,Girona,0.27127924340467896,0.4683922349427576,0.2603285216525635,1,1,1,54,12,3,0,0,78,14,5,7,2,1,8,4,391,199,105,45,23,21,0,67,10,0,7,4,45,49,45,64,0,0,46,12,6,4,3,78,12,3,4,2,0,8,4,335,139,122,41,27,18,3,75,10,0,14,2,49,51,55,55,0,0
2021-05-30,LaLiga2,3424885,CD Mirandes,Sabadell,0.38172804532577903,0.43555240793201133,0.18271954674220964,0,2,2,58,11,2,1,1,84,9,4,7,2,0,3,8,474,178,218,61,17,22,0,58,9,4,15,5,33,38,39,25,1,0,42,14,7,5,3,72,5,5,3,4,0,9,5,351,149,105,51,31,26,3,20,21,2,15,2,53,62,61,59,0,0
2021-05-30,LaLiga2,3424883,Logrones,Las Palmas,0.4073604060913706,0.4333756345177665,0.15926395939086294,0,1,2,46,16,3,2,2,77,21,5,7,6,0,10,6,369,144,140,64,33,17,2,47,5,0,13,1,56,51,52,75,0,0,54,7,2,0,0,82,17,2,3,2,0,3,4,448,231,137,51,0,12,0,50,8,0,17,3,54,49,48,50,0,0
2021-05-30,LaLiga2,3424884,Malaga,Castellon,0.6764705882352942,0.23529411764705882,0.08823529411764706,3,0,0,48,14,5,4,1,81,10,7,8,1,0,9,5,437,201,152,46,29,14,1,41,12,0,15,2,43,52,48,80,0,0,52,9,2,0,0,83,10,2,3,4,0,4,5,480,232,164,45,26,17,3,50,10,0,14,2,41,48,52,55,0,0
2021-05-30,LaLiga2,3424886,Ponferradina,Mallorca,0.21743437345220407,0.4635958395245171,0.31896978702327883,2,2,1,36,13,5,3,2,78,6,3,3,5,0,10,3,289,117,108,40,9,15,2,80,10,3,20,3,33,60,45,53,0,1,64,14,5,3,2,86,8,7,6,3,0,8,6,526,221,233,53,28,26,3,67,7,5,14,3,27,40,55,33,3,0
2021-05-30,LaLiga2,3424887,Rayo Vallecano,Lugo,0.5393939393939394,0.36717171717171715,0.09343434343434344,0,1,2,77,23,6,1,1,89,10,12,12,5,0,15,8,554,109,384,50,31,35,1,69,3,0,6,4,46,40,46,32,1,0,23,8,5,1,0,57,8,1,3,0,0,7,1,170,31,66,38,63,16,0,42,5,5,44,7,63,60,54,57,2,0
2021-05-30,LaLiga2,3424888,Real Zaragoza,Leganes,0.31835205992509363,0.45692883895131087,0.2247191011235955,0,5,2,59,12,0,0,0,88,16,7,7,5,0,6,6,554,234,255,63,18,22,1,52,11,0,8,4,47,53,50,54,0,0,41,15,9,4,2,84,12,1,4,2,1,6,9,385,218,107,61,20,21,0,64,10,0,15,0,43,47,50,50,0,0
2021-05-30,LaLiga2,3424889,Sporting Gijon,Almeria,0.46157540826128723,0.4068203650336215,0.13160422670509125,0,2,2,45,15,3,1,1,83,12,7,9,3,0,9,6,414,213,132,56,32,14,5,58,15,0,4,1,51,44,68,33,0,0,55,10,3,1,1,85,8,3,6,1,0,6,4,532,244,207,54,33,19,3,67,10,0,19,3,48,56,32,58,0,0
2021-06-02,LaLiga2 Playoff,3596942,Girona,Almeria,0.4783410138248848,0.36804915514592934,0.15360983102918588,3,0,0,38,8,5,4,1,67,17,4,1,2,0,5,3,278,85,100,37,20,17,0,61,9,0,11,0,61,52,50,63,0,0,62,6,0,0,0,79,15,2,2,4,0,4,2,470,235,138,39,42,25,3,67,6,0,12,2,58,48,50,75,0,0
2021-06-03,LaLiga2 Playoff,3596943,Rayo Vallecano,Leganes,0.4306715669896425,0.37721349816237887,0.19211493484797862,3,0,0,52,11,4,1,0,79,17,1,5,2,0,3,8,355,132,150,45,18,19,2,48,13,0,14,3,66,51,49,53,0,0,48,6,2,1,1,69,16,5,2,2,0,3,3,333,124,107,37,31,21,0,68,6,0,14,1,66,49,51,41,0,0
2021-06-05,LaLiga2 Playoff,3596944,Almeria,Girona,0.42808607021517553,0.3797659494148735,0.19214798036995093,0,0,1,68,7,2,2,2,76,14,3,5,0,0,5,2,517,236,157,31,31,31,3,53,2,0,17,3,58,44,40,44,0,0,32,15,3,1,1,53,15,8,8,4,0,8,7,240,50,76,33,26,16,2,63,11,0,22,2,78,56,60,56,0,0
2021-06-06,LaLiga2 Playoff,3596945,Leganes,Rayo Vallecano,0.4582677165354331,0.3783464566929134,0.16338582677165353,1,2,2,58,12,2,1,0,75,15,6,7,3,0,7,5,429,162,159,41,24,22,1,67,6,0,11,0,75,51,48,65,0,0,42,6,1,1,0,69,16,2,3,2,0,5,1,320,103,117,28,44,11,1,53,12,0,26,1,74,49,52,79,0,0
2021-06-13,LaLiga2 Playoff,3600974,Rayo Vallecano,Girona,0.498813604007382,0.3501186395992618,0.15106775639335618,1,2,2,61,11,4,0,0,78,14,4,4,3,0,6,5,422,186,143,49,30,30,6,56,6,0,8,0,58,51,33,54,2,0,39,3,2,1,0,64,22,1,1,0,0,2,1,282,89,92,31,0,21,0,42,7,2,23,3,66,49,67,47,4,0
2021-06-20,LaLiga2 Playoff,3600975,Girona,Rayo Vallecano,0.5183662280701754,0.3209978070175439,0.16063596491228072,0,2,2,66,10,5,0,0,77,19,3,5,0,0,8,2,453,151,199,44,14,26,2,50,6,2,11,3,46,46,44,38,2,0,34,10,5,3,1,60,14,4,3,2,0,4,6,226,52,84,43,25,17,4,33,5,0,23,5,56,54,56,63,2,1
