match_date,league_name,matchid,home_team,away_team,home_probability_win,draw_probability,away_probability_win,home_goals,away_goals,ftr,home_ball_possession,home_total_shots,home_shots_on_target,home_big_chances,home_big_misses,home_accurate_passes,home_fouls_commited,home_corners,home_shots_off_target,home_blocked_shots,home_hit_woodwork,home_shots_inside_box,home_shots_outside_box,home_passes,home_own_half,home_opposition_half,home_accurate_long_balls,home_accurate_crosses,home_throws,home_offsides,home_tackles_won,home_interceptions,home_blocks,home_clearances,home_keeper_save,home_duels_won,home_geround_duels_won,home_aerial_duels_won,home_successful_dribbles,home_yellow_cards,home_red_cards,away_ball_possession,away_total_shots,away_shots_on_target,away_big_chances,away_big_misses,away_accurate_passes,away_fouls_commited,away_corners,away_shots_off_target,away_blocked_shots,away_hit_woodwork,away_shots_inside_box,away_shots_outside_box,away_passes,away_own_half,away_opposition_half,away_accurate_long_balls,away_axxurate_crosses,away_throws,away_offsides,away_tackles_won,away_interceptions,away_blocks,away_clearances,away_keeper_save,away_duels_won,away_geround_duels_won,away_aerial_duels_won,away_successful_dribbles,away_yellow_cards,away_red_cards
2020-09-12,LaLiga,3424041,Eibar,Celta Vigo,0.4173514236575578,0.3896426523982419,0.19300592394420027,0,0,1,50,8,1,0,0,55,17,3,5,2,0,4,4,331,74,108,41,11,38,0,87,5,0,14,3,76,46,62,45,2,1,50,6,3,2,2,57,13,3,3,0,0,6,0,338,90,102,28,10,38,5,67,13,1,30,1,64,54,38,67,4,0
2020-09-12,LaLiga,3424043,Granada,Athletic Club,0.36134595874196823,0.39026039905309434,0.24839364220493743,2,0,0,40,4,2,1,0,69,8,1,2,0,0,2,2,332,122,108,35,20,22,5,75,15,0,27,2,43,49,46,75,3,0,60,9,2,0,0,77,10,2,7,0,1,7,2,470,200,164,47,23,31,0,45,7,0,11,0,48,51,54,80,4,0
2020-09-12,LaLiga,3424042,Cadiz,Osasuna,0.3439187729531216,0.3940375891121192,0.26204363793475915,0,2,2,53,12,3,0,0,67,14,6,7,2,0,6,6,362,133,111,28,24,16,2,67,11,0,11,2,74,64,37,65,2,0,47,6,4,1,0,61,21,2,2,0,0,4,2,336,98,107,44,10,26,1,64,6,2,19,3,70,36,63,24,2,0
2020-09-13,LaLiga,3424038,Deportivo Alaves,Real Betis,0.30023980815347723,0.4184652278177458,0.28129496402877696,0,1,2,42,7,2,1,1,75,19,6,3,2,0,6,1,299,131,92,53,36,26,8,50,14,2,10,3,57,46,75,31,3,0,58,11,4,1,1,79,17,4,5,2,2,4,7,428,149,187,44,33,23,3,80,7,2,9,2,47,54,25,78,3,0
2020-09-13,LaLiga,3424046,Real Valladolid,Real Sociedad,0.27208399908696645,0.43026706231454004,0.2976489385984935,1,1,1,40,8,3,1,1,66,15,5,5,0,1,8,0,262,99,74,38,25,18,1,58,8,0,17,1,50,45,45,36,4,0,60,8,2,0,0,76,17,3,6,0,0,4,4,393,172,125,55,17,29,1,67,7,1,19,1,61,55,55,60,1,0
2020-09-13,LaLiga,3424047,Villarreal,SD Huesca,0.6339804214368674,0.27907748465239757,0.08694209391073503,1,1,1,66,15,4,3,2,86,10,6,7,4,0,11,4,549,211,260,60,13,21,4,64,12,2,11,2,55,57,50,71,1,0,34,10,3,1,0,75,22,6,4,3,0,8,2,280,132,78,45,24,11,4,67,16,3,26,3,45,43,50,60,1,0
2020-09-13,LaLiga,3424045,Valencia,Levante,0.594488188976378,0.3041703120443278,0.10134149897929426,4,2,0,44,14,8,4,3,81,9,3,4,2,1,8,6,370,174,124,49,20,13,4,81,13,2,15,6,56,59,56,81,1,0,56,19,8,3,3,86,14,4,9,2,0,11,8,460,170,224,46,19,24,1,33,7,2,9,4,40,41,44,62,4,0
2020-09-19,LaLiga,3424057,Villarreal,Eibar,0.6103846153846154,0.29923076923076924,0.09038461538461538,2,1,0,58,14,8,6,5,78,5,4,6,0,0,12,2,434,216,123,50,60,24,9,67,10,2,21,3,57,50,56,61,1,0,42,12,4,2,1,71,12,3,6,2,0,7,5,305,87,129,47,17,19,5,47,11,1,12,5,52,50,44,58,1,0
2020-09-19,LaLiga,3424051,Getafe,Osasuna,0.5440126883425852,0.3340602696272799,0.12192704203013481,1,0,0,55,6,1,1,0,65,19,4,3,2,0,4,2,418,114,158,32,18,35,2,71,10,1,11,3,58,44,44,78,4,0,45,10,3,1,1,56,13,1,6,1,0,3,7,346,98,96,31,8,26,3,36,8,2,22,1,74,56,56,83,2,0
2020-09-19,LaLiga,3424050,Celta Vigo,Valencia,0.30266116941529236,0.4042353823088456,0.29310344827586204,2,1,0,51,23,6,2,1,82,12,6,10,7,2,14,9,430,195,156,39,35,16,2,60,13,2,22,2,42,50,35,73,3,0,49,9,3,0,0,81,13,6,4,2,0,5,4,401,145,181,56,15,14,0,67,14,7,14,4,50,50,65,50,1,0
2020-09-20,LaLiga,3424053,SD Huesca,Cadiz,0.5036475869809203,0.3734567901234568,0.12289562289562289,0,2,2,71,5,1,0,0,86,18,2,3,1,0,3,2,582,312,187,45,27,25,4,68,4,0,11,2,71,55,56,79,3,0,29,6,4,2,0,62,23,1,2,0,0,3,3,235,70,76,28,14,20,0,61,15,1,12,0,57,45,44,50,3,0
2020-09-20,LaLiga,3424052,Granada,Deportivo Alaves,0.5780545415503543,0.3266051105862143,0.09534034786343139,2,1,0,56,10,3,5,3,76,9,4,5,2,0,8,2,369,134,146,40,26,27,5,47,6,2,18,2,58,55,52,64,0,0,44,5,3,1,1,68,12,4,0,2,0,2,3,289,87,110,42,21,25,0,78,8,2,16,1,49,45,48,29,3,0
2020-09-20,LaLiga,3424049,Real Betis,Real Valladolid,0.5676890534108937,0.33077736647276573,0.10153358011634056,2,0,0,56,16,6,2,1,81,18,5,6,4,0,10,6,511,162,251,43,35,20,1,59,13,4,16,2,60,51,63,78,3,0,44,9,2,0,0,76,10,3,3,4,0,6,3,390,156,139,43,26,21,4,46,11,4,10,4,51,49,38,77,0,0
2020-09-20,LaLiga,3424055,Real Sociedad,Real Madrid,0.1813020013492242,0.37885091072633237,0.43984708792444344,0,0,1,32,6,1,1,1,76,17,1,4,1,0,5,1,330,135,116,35,11,12,2,53,13,6,27,4,43,42,38,58,2,0,68,16,4,0,0,89,12,11,5,7,0,8,8,693,274,340,66,10,21,3,47,10,1,8,1,62,58,62,60,2,0
2020-09-26,LaLiga,3424058,Deportivo Alaves,Getafe,0.2786852589641434,0.4245019920318725,0.2968127490039841,0,0,1,47,9,0,3,3,54,13,1,8,1,0,5,4,320,72,102,44,50,30,2,72,12,1,16,4,66,44,62,13,2,0,53,11,4,1,1,65,13,5,6,1,0,8,3,352,101,129,31,39,31,3,67,9,1,24,0,60,56,38,50,2,0
2020-09-26,LaLiga,3424065,Valencia,SD Huesca,0.6422265449648361,0.2736794852611103,0.08409396977405356,1,1,1,48,5,2,0,0,77,14,4,2,1,0,3,2,368,165,118,57,10,22,2,13,8,4,29,3,62,52,44,75,0,0,52,17,4,1,1,83,20,4,9,4,1,10,7,397,159,171,56,31,24,3,65,18,1,18,1,63,48,56,82,1,0
2020-09-26,LaLiga,3424067,Elche,Real Sociedad,0.22257300710339384,0.43370165745856354,0.3437253354380426,0,3,2,40,5,2,2,2,77,11,2,2,1,0,2,3,338,198,62,44,25,15,1,67,10,13,46,4,47,51,36,42,3,0,60,27,7,3,1,86,12,11,7,13,1,20,7,492,173,250,57,22,29,2,80,10,1,11,2,55,49,64,67,1,0
2020-09-26,LaLiga,3424061,Real Betis,Real Madrid,0.21776593106868336,0.37496900570295066,0.407265063228366,2,3,2,46,15,5,2,1,82,9,8,5,5,0,9,6,455,142,231,51,23,18,1,44,14,0,12,2,44,49,50,55,5,1,54,11,4,7,5,86,10,3,7,0,1,10,1,539,271,195,57,25,24,8,86,10,5,10,3,45,51,50,65,2,0
2020-09-27,LaLiga,3424064,Osasuna,Levante,0.4582051282051282,0.37384615384615383,0.16794871794871793,1,3,2,41,8,4,1,1,62,15,3,4,0,0,4,4,295,88,96,42,29,19,2,53,6,1,16,2,53,48,49,22,2,0,59,11,5,5,3,72,16,7,5,1,0,9,2,434,174,138,37,28,25,7,70,7,1,14,2,56,52,51,68,0,0
2020-09-27,LaLiga,3424062,Eibar,Athletic Club,0.2900162778079219,0.43163320672816063,0.27835051546391754,1,2,2,49,7,1,1,1,63,15,5,6,0,0,3,4,328,94,111,40,23,30,5,54,16,1,23,3,62,52,42,83,1,0,51,9,5,0,0,63,12,4,3,1,0,7,2,355,111,111,44,7,25,4,60,7,0,23,0,72,48,58,60,1,0
2020-09-27,LaLiga,3424059,Atletico Madrid,Granada,0.6966840052015605,0.22518422193324664,0.07813177286519289,6,1,0,55,17,10,8,3,83,16,1,7,0,1,15,2,514,200,228,46,45,20,2,58,17,2,23,6,62,51,47,80,3,0,45,11,6,2,1,75,14,1,3,2,0,5,6,404,146,159,41,5,17,0,44,12,0,13,4,63,49,53,71,2,0
2020-09-27,LaLiga,3424063,Cadiz,Sevilla,0.18848004968172644,0.4208973761838224,0.3906225741344512,1,3,2,24,12,5,2,1,61,9,6,6,1,0,6,6,209,54,74,42,22,12,0,63,10,1,14,2,61,65,57,83,4,0,76,14,5,4,2,91,14,5,8,1,1,12,2,706,391,249,58,30,19,2,100,7,1,20,4,37,35,43,39,2,0
2020-09-27,LaLiga,3424066,Real Valladolid,Celta Vigo,0.30973952434881086,0.4312004530011325,0.2590600226500566,1,1,1,54,10,4,2,1,74,26,4,5,1,0,6,4,352,111,150,47,14,32,2,65,13,1,8,0,54,44,32,59,3,0,46,5,1,2,1,71,17,1,3,1,0,3,2,321,133,96,32,0,24,2,60,18,1,32,3,76,56,68,50,4,0
2020-09-27,LaLiga,3424060,Barcelona,Villarreal,0.773175956651405,0.14617549460242785,0.08064854874616709,4,0,0,57,17,9,4,2,89,9,8,3,5,0,15,2,685,256,355,74,25,14,1,70,8,2,16,1,38,56,45,76,0,0,43,5,1,0,0,85,10,4,2,2,0,5,0,517,238,200,63,28,9,4,33,10,5,7,6,32,44,55,63,1,0
2020-09-29,LaLiga,3424075,Real Sociedad,Valencia,0.49054863992623327,0.33748271092669435,0.17196864914707238,0,1,2,65,11,3,0,0,83,16,9,5,3,0,5,6,520,169,263,60,25,19,1,60,12,3,8,4,58,55,54,65,1,0,35,9,5,1,0,71,15,3,1,3,0,4,5,273,122,72,51,8,13,4,36,9,3,27,3,48,45,46,33,5,0
2020-09-29,LaLiga,3424071,Getafe,Real Betis,0.40544927536231884,0.38481159420289857,0.20973913043478262,3,0,0,30,8,4,2,0,58,15,1,1,3,0,6,2,267,68,87,37,40,26,3,76,7,4,16,2,66,49,46,67,4,0,70,10,2,0,0,84,17,4,4,4,0,5,5,625,361,164,52,14,24,1,42,14,3,11,1,71,51,54,67,2,1
2020-09-30,LaLiga,3424073,SD Huesca,Atletico Madrid,0.1412134831460674,0.41968539325842696,0.4391011235955056,0,0,1,37,9,3,0,0,76,13,5,4,2,0,5,4,359,153,119,45,22,13,1,56,13,7,22,2,50,43,50,47,1,0,63,16,2,3,3,86,10,7,7,7,1,9,7,626,207,332,57,32,23,2,64,7,2,9,3,60,57,50,67,0,0
2020-09-30,LaLiga,3424077,Villarreal,Deportivo Alaves,0.5841930116472546,0.31663893510815305,0.09916805324459235,3,1,0,59,10,6,5,2,83,11,2,4,0,1,7,3,549,288,170,47,29,24,4,80,19,0,10,2,53,60,30,67,0,0,41,8,3,3,2,76,13,0,5,0,0,7,1,377,159,127,57,33,21,2,36,16,1,18,2,50,40,70,36,2,0
2020-09-30,LaLiga,3424070,Eibar,Elche,0.541024059222702,0.34340941805469877,0.11556652272259922,0,1,2,61,12,4,1,1,83,9,3,7,1,0,6,6,504,172,246,61,12,34,0,71,26,2,6,1,57,52,49,64,2,0,39,5,2,0,0,66,14,2,1,2,0,5,0,331,138,82,41,22,27,1,79,15,1,26,4,55,48,51,61,2,0
2020-09-30,LaLiga,3424074,Real Madrid,Real Valladolid,0.7437717368159558,0.1736106182127901,0.08261764497125416,1,0,0,63,15,5,3,2,87,11,4,6,4,2,12,3,576,243,257,76,18,19,2,91,9,0,21,5,58,61,54,76,2,0,37,11,5,0,0,80,7,7,6,0,0,6,5,322,99,157,54,21,22,1,67,10,4,20,4,40,39,46,33,1,0
2020-10-01,LaLiga,3424068,Athletic Club,Cadiz,0.5996323009475322,0.30731155423561024,0.09305614481685759,0,1,2,72,13,4,0,0,84,14,5,7,2,1,7,6,526,170,270,59,18,20,7,50,6,0,11,1,56,54,55,78,3,0,28,3,1,0,0,60,16,2,2,0,0,2,1,211,47,80,40,0,13,2,36,11,2,28,4,47,46,45,44,1,2
2020-10-01,LaLiga,3424076,Sevilla,Levante,0.6428144785569228,0.27236889260542346,0.0848166288376538,1,0,0,65,16,2,2,2,88,14,2,11,3,0,10,6,570,243,261,61,32,16,1,69,9,0,7,1,49,48,61,40,6,0,35,3,1,0,0,76,17,4,2,0,0,1,2,307,141,91,48,9,22,1,50,10,3,15,1,47,52,39,55,2,0
2020-10-01,LaLiga,3424069,Celta Vigo,Barcelona,0.16570840929275932,0.39120272986490906,0.4430888608423316,0,3,2,44,10,3,0,0,81,22,3,2,5,0,6,4,425,154,191,42,19,15,1,58,13,1,11,2,38,43,55,63,5,0,56,7,4,1,1,86,10,7,2,1,1,4,3,557,192,285,46,9,17,2,40,10,5,15,3,48,57,45,73,3,1
2020-10-03,LaLiga,3424086,Real Valladolid,Eibar,0.4888691006233304,0.3842386464826358,0.12689225289403383,1,2,2,53,9,3,1,1,69,11,3,4,2,0,6,3,347,131,107,33,29,23,3,73,8,1,16,3,50,51,34,60,2,0,47,11,5,2,0,65,21,4,5,1,0,5,6,302,93,102,35,21,24,1,53,8,2,14,2,59,49,66,69,3,1
2020-10-03,LaLiga,3424079,Atletico Madrid,Villarreal,0.6682042142782262,0.2506552049481078,0.081140580773666,0,0,1,54,13,0,0,0,87,11,9,7,6,0,5,8,600,182,341,53,4,16,4,61,9,0,16,2,44,46,38,55,1,0,46,6,2,0,0,84,7,1,4,0,0,3,3,510,247,182,64,25,17,0,57,12,6,32,0,55,54,62,48,2,0
2020-10-03,LaLiga,3424087,Elche,SD Huesca,0.37413962635201575,0.4183874139626352,0.20747295968534907,0,0,1,51,2,0,0,0,83,8,0,2,0,0,2,0,511,312,113,46,14,19,3,67,13,4,21,4,70,63,56,60,0,0,49,18,4,2,2,86,26,5,10,4,0,12,6,475,152,255,60,17,14,2,63,13,0,8,0,43,37,44,59,2,0
2020-10-03,LaLiga,3424084,Real Sociedad,Getafe,0.455078125,0.3797940340909091,0.1651278409090909,3,0,0,54,11,6,4,1,69,21,5,2,3,0,9,2,384,155,109,38,27,30,4,58,13,2,14,1,65,46,54,56,3,0,46,5,1,0,0,63,13,4,2,2,0,2,3,335,114,98,37,23,26,3,62,9,3,18,3,67,54,46,31,3,0
2020-10-03,LaLiga,3424085,Valencia,Real Betis,0.5401714830104796,0.3183550333439187,0.14147348364560178,0,2,2,47,5,2,1,1,81,11,4,1,2,0,2,3,407,197,134,46,0,19,5,31,7,3,16,6,52,43,61,56,2,0,53,17,8,3,3,84,14,7,6,3,0,12,5,458,128,255,51,25,26,0,71,11,2,10,2,57,57,39,70,2,0
2020-10-04,LaLiga,3424083,Osasuna,Celta Vigo,0.36806560540279787,0.40520984081041966,0.22672455378678244,2,0,0,39,13,5,2,1,69,19,6,8,0,0,8,5,291,77,125,50,14,26,2,71,16,1,12,3,50,41,44,55,3,0,61,9,3,0,0,79,10,5,5,1,0,4,5,477,188,187,44,13,25,3,68,11,1,21,2,70,59,56,59,3,0
2020-10-04,LaLiga,3424078,Deportivo Alaves,Athletic Club,0.2953703703703704,0.4185185185185185,0.2861111111111111,1,0,0,41,8,3,1,1,66,20,0,4,1,0,6,2,299,89,108,39,50,20,2,57,13,1,32,0,59,49,46,70,0,1,59,8,0,1,1,73,17,6,7,1,0,5,3,432,171,146,52,15,29,3,62,10,1,13,2,65,51,54,70,3,0
2020-10-04,LaLiga,3424082,Levante,Real Madrid,0.18785971913130228,0.3754892180185711,0.4366510628501266,0,2,2,45,11,4,1,1,81,14,4,6,1,1,6,5,422,204,137,38,13,15,3,27,11,4,20,1,33,35,47,50,2,0,55,13,3,3,2,84,8,6,6,4,1,7,6,514,191,243,41,12,25,1,58,20,1,13,4,56,65,53,75,1,0
2020-10-04,LaLiga,3424081,Cadiz,Granada,0.2891809908998989,0.42790697674418604,0.28291203235591506,1,1,1,42,14,4,1,1,74,16,2,6,4,1,7,7,306,102,123,46,40,19,0,65,14,4,19,4,64,46,61,63,2,0,58,13,5,1,0,79,16,5,4,4,2,5,8,430,201,139,53,24,26,1,52,12,4,9,3,64,54,39,62,2,0
2020-10-04,LaLiga,3424080,Barcelona,Sevilla,0.7473984632272228,0.16456641053787047,0.0880351262349067,1,1,1,54,12,5,2,1,88,11,6,5,2,0,8,4,647,259,311,63,8,21,0,83,11,2,2,0,46,54,37,67,1,0,46,13,1,1,1,87,18,5,10,2,0,9,4,537,309,159,52,43,11,1,50,16,1,19,4,45,46,63,83,1,0
2020-10-17,LaLiga,3424094,Granada,Sevilla,0.2388507718696398,0.42424242424242425,0.336906803887936,1,0,0,51,13,3,1,1,80,16,5,2,8,0,7,6,371,127,169,54,27,25,2,82,11,2,4,3,49,49,45,67,4,0,49,8,3,1,1,79,11,1,3,2,1,5,3,370,161,132,47,33,18,0,85,12,7,19,2,54,51,55,57,2,1
2020-10-17,LaLiga,3424091,Celta Vigo,Atletico Madrid,0.1990331491712707,0.42941988950276244,0.3715469613259669,0,2,2,52,15,5,3,3,80,16,8,8,2,1,13,2,483,189,195,52,41,7,1,36,7,1,9,2,57,63,50,75,3,0,48,9,4,3,1,80,18,4,4,1,1,7,2,451,162,199,50,20,23,0,50,14,2,9,5,39,37,50,33,4,0
2020-10-17,LaLiga,3424096,Real Madrid,Cadiz,0.7503400332476954,0.17258576394136316,0.07707420281094152,0,1,2,75,14,2,1,1,88,7,4,8,4,0,9,5,631,211,342,55,17,24,6,67,12,1,12,3,42,55,43,72,2,0,25,14,5,3,2,58,5,11,9,0,0,11,3,199,47,68,43,35,13,1,57,17,2,25,2,42,45,57,40,0,0
2020-10-17,LaLiga,3424093,Getafe,Barcelona,0.15206244302643573,0.390781677301732,0.45715587967183224,1,0,0,27,9,4,2,1,58,20,7,4,1,0,5,4,217,34,92,32,19,17,1,57,14,1,9,1,43,38,32,75,4,0,73,7,1,1,1,87,10,2,5,1,1,5,2,617,276,259,57,11,13,3,36,13,1,16,3,75,62,68,81,3,0
2020-10-18,LaLiga,3424092,Eibar,Osasuna,0.40690018435607056,0.41216750065841457,0.18093231498551487,0,0,1,53,10,6,0,0,63,14,6,1,3,0,5,5,358,83,144,33,0,26,1,56,7,2,26,3,66,46,40,81,2,0,47,8,2,3,3,60,14,7,4,2,0,6,2,327,86,110,44,17,33,2,71,10,3,25,6,87,54,60,73,1,1
2020-10-18,LaLiga,3424089,Athletic Club,Levante,0.5128893662728249,0.3576799140708915,0.12943071965628355,2,0,0,52,14,5,3,2,80,11,9,6,3,1,12,2,381,136,169,64,11,28,3,50,11,2,14,1,52,44,70,64,3,0,48,6,1,0,0,77,10,3,3,2,0,5,1,358,133,142,45,14,20,2,68,9,4,20,2,48,56,30,69,1,0
2020-10-18,LaLiga,3424097,Villarreal,Valencia,0.4690844233055886,0.37237415774871185,0.15854141894569956,2,1,0,62,16,6,1,0,90,13,3,7,3,0,6,10,595,225,308,61,17,14,0,56,14,3,13,2,31,43,39,53,3,0,38,11,3,1,1,83,8,7,5,3,0,3,8,347,171,118,62,13,11,2,33,12,3,19,4,43,57,61,47,1,0
2020-10-18,LaLiga,3424088,Deportivo Alaves,Elche,0.4881820834549168,0.39042894660052524,0.12138896994455792,0,2,2,47,13,2,3,3,84,11,2,7,4,0,9,4,390,165,162,61,11,19,4,60,18,2,14,1,50,56,57,61,2,0,53,7,3,1,0,82,11,6,1,3,1,5,2,465,281,101,63,7,14,4,57,11,4,14,2,39,44,43,69,5,0
2020-10-18,LaLiga,3424095,SD Huesca,Real Valladolid,0.44922600619195047,0.4102167182662539,0.14055727554179567,2,2,1,66,12,7,2,1,83,14,3,3,2,1,9,3,569,264,208,46,29,23,1,80,11,1,14,1,67,51,58,80,1,0,34,5,3,1,0,66,24,1,1,1,0,3,2,298,73,124,30,13,18,2,40,10,2,32,5,59,49,42,77,2,0
2020-10-18,LaLiga,3424090,Real Betis,Real Sociedad,0.48787505137690096,0.3621043978627209,0.15002055076037812,0,3,2,56,7,1,0,0,78,11,6,4,2,0,4,3,501,215,175,51,31,18,2,75,12,1,11,2,65,47,59,64,2,0,44,8,5,2,0,72,18,2,2,1,0,7,1,402,170,121,49,17,24,9,55,6,2,7,1,61,53,41,67,1,0
2020-10-23,LaLiga,3424107,Elche,Valencia,0.279045643153527,0.43905601659751037,0.28189834024896265,2,1,0,47,3,2,0,0,83,15,0,0,1,0,2,1,456,257,120,48,8,30,1,57,14,5,17,2,50,49,67,44,3,0,53,14,4,2,1,86,8,7,6,4,0,7,7,515,200,245,44,18,17,4,67,16,1,8,0,46,51,33,45,1,0
2020-10-24,LaLiga,3424099,Barcelona,Real Madrid,0.5759097612499502,0.22258758818605764,0.2015026505639922,1,3,2,52,10,4,3,2,89,11,7,2,4,0,6,4,595,234,294,47,6,16,0,69,9,1,13,6,53,52,57,73,3,0,48,15,9,6,3,88,13,7,4,2,0,13,2,537,255,218,54,21,9,1,50,18,4,21,3,47,48,43,64,2,0
2020-10-24,LaLiga,3424103,Osasuna,Athletic Club,0.32598579475875583,0.43301493999510166,0.24099926524614254,1,0,0,40,7,2,2,1,69,18,2,3,2,0,3,4,326,85,139,63,5,14,1,82,12,4,30,5,65,49,58,64,3,0,60,13,5,0,0,76,10,5,4,4,0,7,6,498,218,161,37,26,39,4,64,8,2,10,1,56,51,42,25,2,0
2020-10-24,LaLiga,3424105,Sevilla,Eibar,0.6173469387755102,0.3020078999341672,0.08064516129032258,0,1,2,72,21,3,2,2,86,11,13,14,4,0,13,8,652,340,221,63,24,37,2,71,11,1,11,0,54,57,29,82,0,0,28,3,1,0,0,69,12,3,1,1,0,2,1,261,81,98,39,31,16,0,77,23,4,33,3,61,43,71,50,3,0
2020-10-24,LaLiga,3424098,Atletico Madrid,Real Betis,0.6632214765100671,0.25342281879194634,0.08335570469798657,2,0,0,40,13,6,2,1,75,19,8,6,1,1,7,6,382,152,136,51,20,15,3,69,9,6,21,3,54,46,57,69,2,0,60,12,3,2,2,87,12,5,3,6,0,5,7,563,226,262,60,16,18,1,64,13,1,10,4,57,54,43,55,0,1
2020-10-25,LaLiga,3424106,Real Valladolid,Deportivo Alaves,0.46495726495726497,0.38852258852258853,0.14652014652014653,0,2,2,44,5,1,0,0,71,9,2,3,1,0,5,0,344,114,130,41,20,34,4,50,11,3,16,1,41,47,37,38,1,1,56,14,4,3,1,79,7,4,8,2,1,12,2,437,174,170,52,29,23,3,75,12,1,13,1,55,53,63,62,0,0
2020-10-25,LaLiga,3424101,Cadiz,Villarreal,0.29261768901569185,0.43437945791726107,0.2730028530670471,0,0,1,24,5,0,0,0,65,14,0,4,1,0,3,2,219,61,81,33,29,25,1,50,11,2,21,2,36,38,52,50,2,0,76,7,2,2,2,88,7,5,3,2,0,3,4,748,357,303,56,10,20,3,46,6,1,17,0,48,62,48,80,2,0
2020-10-25,LaLiga,3424100,Getafe,Granada,0.48812980358667807,0.3730145175064048,0.13885567890691716,0,1,2,66,10,1,2,2,69,19,6,3,6,1,5,5,351,76,167,51,23,39,3,73,3,1,9,1,75,56,49,78,4,0,34,5,2,1,0,44,23,1,2,1,0,2,3,202,35,53,35,25,24,1,42,9,6,36,1,68,44,51,57,2,0
2020-10-25,LaLiga,3424104,Real Sociedad,SD Huesca,0.6177578475336323,0.2956053811659193,0.08663677130044843,4,1,0,52,13,6,4,2,81,12,4,6,1,0,11,2,438,180,174,50,50,24,1,55,8,2,10,3,54,54,49,54,2,0,48,7,4,1,1,78,11,5,0,3,0,2,5,409,202,115,47,30,30,7,50,11,1,13,2,49,46,51,62,1,0
2020-10-26,LaLiga,3424102,Levante,Celta Vigo,0.4540548424737456,0.3935239206534422,0.15242123687281214,1,1,1,59,10,3,2,1,81,11,3,4,3,0,4,6,505,196,211,58,13,20,5,41,20,5,15,2,54,58,42,71,2,0,41,11,3,1,0,70,19,2,3,5,0,6,5,351,120,127,41,13,27,0,35,20,3,19,2,45,43,58,41,2,0
2020-10-30,LaLiga,3424112,Eibar,Cadiz,0.4461788211788212,0.39348151848151847,0.16033966033966035,0,2,2,73,9,3,1,1,81,10,7,5,1,0,6,3,639,240,279,59,22,33,2,77,10,0,11,2,58,52,55,44,1,0,27,6,4,2,0,46,10,2,2,0,0,3,3,241,53,57,32,33,27,2,63,13,1,31,3,51,48,45,11,1,0
2020-10-31,LaLiga,3424115,Real Madrid,SD Huesca,0.7219080759750616,0.19160504567203132,0.08648687835290707,4,1,0,59,13,6,5,3,89,16,6,3,4,0,9,4,662,258,333,61,25,28,2,61,5,1,11,1,48,52,36,67,0,0,41,9,2,2,1,86,9,3,6,1,0,5,4,446,247,136,40,22,14,1,76,16,4,15,2,48,48,64,53,2,0
2020-10-31,LaLiga,3424109,Athletic Club,Sevilla,0.28757828810020875,0.441892832289492,0.27052887961029926,2,1,0,46,16,5,1,0,77,17,6,4,7,0,11,5,358,132,143,48,30,33,0,25,6,2,9,1,41,47,44,43,5,0,54,7,3,2,1,82,19,1,3,1,0,6,1,432,195,160,51,28,15,1,50,10,7,14,3,49,53,56,67,5,0
2020-10-31,LaLiga,3424114,Osasuna,Atletico Madrid,0.1900328587075575,0.42866922234392113,0.38129791894852133,1,3,2,45,8,3,2,1,72,12,3,4,1,0,5,3,444,145,176,50,20,25,0,67,13,1,8,3,52,48,51,59,1,0,55,11,6,5,4,81,10,2,4,1,2,8,3,567,256,202,36,11,16,2,53,15,1,20,2,54,52,49,60,2,0
2020-10-31,LaLiga,3424108,Deportivo Alaves,Barcelona,0.1537792215325715,0.3950345147630373,0.4511862637043912,1,1,1,21,4,3,1,0,65,16,2,1,0,0,3,1,213,84,54,45,14,15,1,37,21,9,28,7,45,39,59,29,2,1,79,25,9,2,1,90,4,14,8,8,0,15,10,830,232,513,76,14,24,3,72,4,0,6,2,61,61,41,55,3,0
2020-11-01,LaLiga,3424110,Real Betis,Elche,0.5068114091102597,0.3482332907620264,0.14495530012771393,3,1,0,60,17,10,6,3,90,13,1,5,2,0,12,5,656,325,268,65,20,20,0,61,17,0,2,1,47,55,36,63,2,0,40,4,2,1,1,86,12,1,2,0,0,3,1,440,276,104,46,0,17,4,42,12,2,11,7,43,45,64,56,1,0
2020-11-01,LaLiga,3424111,Celta Vigo,Real Sociedad,0.26430123099203473,0.43627805937726283,0.2994207096307024,1,4,2,46,9,2,3,2,77,19,2,5,2,0,7,2,402,195,116,50,33,19,2,56,10,1,7,3,50,49,42,48,0,1,54,9,7,4,1,82,16,3,1,1,0,7,2,474,240,150,51,36,23,2,59,17,2,6,1,54,51,58,50,5,0
2020-11-01,LaLiga,3424113,Granada,Levante,0.5780952380952381,0.3179047619047619,0.104,1,1,1,28,5,2,0,0,64,7,2,3,0,0,3,2,197,66,60,36,20,20,3,25,5,5,35,3,42,60,39,70,2,1,72,19,4,1,1,85,14,8,10,5,0,8,11,481,115,295,63,19,20,0,75,7,0,12,1,41,40,61,57,3,0
2020-11-01,LaLiga,3424116,Valencia,Getafe,0.4729191901713099,0.36130818480706006,0.16577262502163004,2,2,1,38,9,5,2,0,66,18,0,4,0,0,4,5,286,99,91,52,0,13,6,71,12,3,28,3,83,55,58,67,6,1,62,16,5,5,3,77,25,3,8,3,1,12,4,434,105,228,53,33,28,2,50,7,0,6,3,65,45,42,50,2,1
2020-11-02,LaLiga,3424117,Villarreal,Real Valladolid,0.6288486881514317,0.2900443273032227,0.08110698454534564,2,0,0,60,11,5,2,1,84,13,6,3,3,1,7,4,541,285,170,63,31,17,3,42,5,5,21,1,65,49,66,65,1,0,40,11,1,0,0,77,13,4,5,5,2,8,3,335,120,138,49,27,18,0,65,5,3,13,3,54,51,34,67,3,0
2020-11-06,LaLiga,3424127,Elche,Celta Vigo,0.4178731245064491,0.38549618320610685,0.19663069228744406,1,1,1,51,8,1,2,1,84,18,3,5,2,0,7,1,467,241,152,53,26,21,0,64,13,1,5,5,47,43,50,68,3,0,49,14,6,5,5,84,12,3,7,1,0,8,6,458,211,173,39,22,20,3,42,11,1,15,0,59,57,50,67,5,0
2020-11-07,LaLiga,3424121,SD Huesca,Eibar,0.40279007971656333,0.41297608503100086,0.18423383525243578,1,1,1,58,14,6,6,5,78,16,4,8,0,1,13,1,473,265,103,27,25,31,6,64,10,1,21,2,67,63,59,64,2,0,42,8,3,1,0,71,30,3,4,1,0,2,6,343,111,131,41,18,26,0,45,16,1,26,4,41,37,41,29,0,0
2020-11-07,LaLiga,3424119,Barcelona,Real Betis,0.7058948373746485,0.19891759961797634,0.09518756300737517,5,2,0,60,18,10,6,2,89,8,9,7,1,1,17,1,617,208,343,70,14,8,3,63,12,2,8,4,31,48,42,60,2,0,40,12,6,1,0,82,10,5,4,2,0,9,3,417,225,117,39,40,15,1,54,11,1,11,4,35,52,58,64,2,1
2020-11-07,LaLiga,3424124,Sevilla,Osasuna,0.6281935677787797,0.292004809137361,0.07980162308385934,1,0,0,67,9,1,1,0,85,11,3,6,2,0,4,5,543,290,172,53,17,28,4,64,4,3,14,2,73,61,50,72,2,0,33,10,2,1,1,72,19,0,5,3,0,5,5,274,78,119,51,25,19,2,75,11,2,18,0,56,39,50,53,3,0
2020-11-07,LaLiga,3424118,Atletico Madrid,Cadiz,0.6574756866517046,0.2536069252965694,0.08891738805172598,4,0,0,68,17,7,4,1,91,10,2,5,5,0,12,5,764,298,399,61,63,10,3,58,17,1,17,3,47,43,64,73,1,0,32,10,3,0,0,77,9,7,6,1,0,4,6,337,134,127,50,13,18,1,47,12,5,11,3,49,57,36,71,1,0
2020-11-08,LaLiga,3424120,Getafe,Villarreal,0.3302245250431779,0.42072538860103625,0.24905008635578585,1,3,2,44,13,5,0,0,73,18,3,2,6,0,6,7,362,73,192,52,18,35,2,47,9,2,12,2,53,35,53,45,3,0,56,9,5,4,1,76,11,3,2,2,0,8,1,469,250,107,52,0,16,3,58,9,7,23,3,75,65,47,67,4,0
2020-11-08,LaLiga,3424123,Real Sociedad,Granada,0.5212284177752619,0.3538069629210303,0.12496461930370789,2,0,0,73,22,9,5,3,86,8,15,9,4,0,15,7,610,230,296,64,32,15,1,73,4,0,8,1,53,60,67,67,2,1,27,2,1,1,1,66,11,0,1,0,0,1,1,232,75,77,32,17,17,1,67,12,4,30,7,31,40,33,56,1,0
2020-11-08,LaLiga,3424122,Levante,Deportivo Alaves,0.45702254149120636,0.3884072330938816,0.15457022541491205,1,1,1,72,17,5,3,3,83,12,12,8,4,1,11,6,531,147,296,75,19,23,6,50,18,3,5,1,53,53,38,50,1,0,28,6,2,2,1,67,16,1,1,3,0,6,0,215,71,73,52,20,16,1,50,19,4,33,4,56,47,63,64,4,1
2020-11-08,LaLiga,3424126,Real Valladolid,Athletic Club,0.2656174334140436,0.4346246973365617,0.2997578692493947,2,1,0,30,7,4,3,1,68,23,2,3,0,0,5,2,212,57,87,42,23,12,3,33,13,8,25,1,40,36,39,64,4,0,70,17,2,1,0,83,11,11,7,8,0,14,3,478,154,241,67,30,32,1,56,3,0,10,2,69,64,61,84,2,0
2020-11-08,LaLiga,3424125,Valencia,Real Madrid,0.22775343266140813,0.37744668419515043,0.39479988314344144,4,1,0,36,7,4,3,0,77,13,1,3,0,0,5,2,319,143,104,43,25,11,0,73,9,0,32,5,45,47,36,50,3,0,64,16,6,2,2,90,14,8,10,0,0,9,7,555,181,317,65,16,22,1,58,6,0,5,1,56,53,64,65,2,0
2020-11-20,LaLiga,3424135,Osasuna,SD Huesca,0.5876522569859087,0.31155958920468113,0.10078815380941007,1,1,1,55,18,7,0,0,75,14,4,10,1,0,12,6,486,144,219,48,42,25,2,71,10,0,11,4,50,45,50,60,2,0,45,6,5,1,0,70,15,3,1,0,0,5,1,413,182,108,28,25,17,3,55,15,1,26,6,56,55,50,73,3,0
2020-11-21,LaLiga,3424134,Levante,Elche,0.49105691056910566,0.37154471544715445,0.13739837398373983,1,1,1,44,13,5,1,0,82,15,5,4,4,0,6,7,365,140,158,44,24,23,0,47,12,5,11,4,44,43,50,47,1,0,56,11,5,1,0,85,11,4,1,5,0,7,4,483,287,124,45,28,18,1,76,15,4,14,4,57,57,50,63,4,0
2020-11-21,LaLiga,3424137,Villarreal,Real Madrid,0.28928153391672706,0.3559444846998495,0.3547739813834234,1,1,1,47,13,1,2,1,89,16,4,6,6,0,11,2,507,231,219,64,16,11,2,62,7,5,9,0,49,54,40,71,1,0,53,6,1,1,0,89,14,2,0,5,0,2,4,584,278,239,74,18,21,5,60,13,6,11,0,44,46,60,65,2,0
2020-11-21,LaLiga,3424136,Sevilla,Celta Vigo,0.6400310318076028,0.28068269976726146,0.07928626842513577,4,2,0,57,15,10,5,2,85,14,3,4,1,0,12,3,502,191,238,75,31,26,2,78,9,1,9,5,65,62,51,80,2,0,43,10,7,4,3,79,20,2,2,1,0,8,2,387,177,129,58,0,20,1,56,6,1,23,6,47,38,49,54,2,0
2020-11-21,LaLiga,3424130,Atletico Madrid,Barcelona,0.31177996886351844,0.3385919391108805,0.34962809202560113,1,0,0,46,9,2,1,0,85,12,8,4,3,1,4,5,522,205,241,54,19,19,2,54,11,5,18,4,37,43,42,50,4,0,54,13,4,1,1,89,6,8,4,5,0,7,6,613,200,345,77,32,13,2,61,10,3,14,1,49,57,58,50,0,0
2020-11-22,LaLiga,3424131,Eibar,Getafe,0.323732976110739,0.43022996204509933,0.24603706184416163,0,0,1,52,14,5,4,4,59,16,3,8,1,2,8,6,307,82,98,39,23,22,2,44,16,1,15,3,77,63,54,78,1,1,48,8,3,0,0,54,22,4,4,1,0,5,3,291,52,105,36,5,30,2,88,12,2,17,4,54,38,46,63,4,0
2020-11-22,LaLiga,3424132,Cadiz,Real Sociedad,0.22693806842789085,0.429767576151292,0.3432943554208171,0,1,2,32,2,0,0,0,63,14,1,2,0,0,0,2,246,71,84,33,0,26,3,56,12,4,16,2,63,61,52,62,2,0,68,14,4,3,2,83,14,6,7,3,0,10,4,529,237,204,52,33,18,5,77,5,0,11,0,45,39,48,32,0,0
2020-11-22,LaLiga,3424133,Granada,Real Valladolid,0.668693009118541,0.1702127659574468,0.16109422492401215,1,3,2,60,16,6,2,1,75,16,5,8,2,0,6,10,400,150,149,61,30,32,1,50,10,1,9,0,56,48,48,60,4,0,40,9,3,2,1,64,14,3,5,1,0,7,2,280,87,92,36,23,16,0,58,11,2,19,5,61,52,52,73,3,0
2020-11-22,LaLiga,3424128,Deportivo Alaves,Valencia,0.4045584045584046,0.26495726495726496,0.33048433048433046,2,2,1,34,13,3,2,1,68,21,4,0,10,0,9,4,250,79,92,31,27,12,3,78,11,1,18,3,42,47,54,63,1,0,66,13,5,5,3,84,16,5,7,1,0,9,4,492,207,208,66,18,20,1,86,4,8,13,1,44,53,46,57,1,0
2020-11-23,LaLiga,3424129,Athletic Club,Real Betis,0.4946711163742061,0.35547421681558833,0.14985466681020562,4,0,0,40,14,9,5,3,77,16,6,2,3,0,13,1,342,150,114,47,24,25,3,64,12,6,20,1,55,48,62,56,0,0,60,7,1,0,0,85,8,3,0,6,0,5,2,521,222,219,50,13,18,4,45,16,3,22,6,53,52,38,36,0,0
2020-11-27,LaLiga,3424146,Real Valladolid,Levante,0.46576329825573015,0.38215366873288165,0.1520830330113882,1,1,1,35,10,4,4,3,67,18,3,6,0,0,8,2,252,85,84,31,25,22,3,19,13,0,29,2,47,47,48,54,0,0,65,10,3,1,0,80,11,11,7,0,0,3,7,476,193,188,52,19,20,1,69,8,0,15,3,53,53,52,63,3,0
2020-11-28,LaLiga,3424147,Elche,Cadiz,0.37270973963355836,0.4262295081967213,0.20106075216972036,1,1,1,47,4,3,0,0,82,16,1,1,0,0,1,3,400,228,98,54,60,12,1,63,8,2,29,1,62,49,75,62,4,1,53,6,2,1,0,85,15,9,2,2,0,4,2,418,154,201,50,14,15,0,63,13,0,7,2,46,51,25,55,2,0
2020-11-28,LaLiga,3424145,Valencia,Atletico Madrid,0.2669267844847372,0.4134725728712417,0.3196006426440211,0,1,2,33,5,2,0,0,73,12,2,1,2,0,1,4,324,144,94,38,20,18,1,63,17,2,24,5,42,42,54,50,2,0,67,14,6,2,2,85,15,7,7,1,0,8,6,657,222,337,52,28,15,1,76,8,2,5,3,51,58,46,69,5,0
2020-11-28,LaLiga,3424142,SD Huesca,Sevilla,0.19054054054054054,0.4282282282282282,0.3812312312312312,0,1,2,32,5,1,0,0,69,14,1,2,2,0,1,4,267,125,60,39,0,22,0,58,19,3,16,3,39,56,27,82,4,0,68,16,4,2,1,85,9,10,9,3,0,13,3,563,230,247,66,29,30,1,83,7,2,16,1,50,44,73,43,3,0
2020-11-28,LaLiga,3424143,Real Madrid,Deportivo Alaves,0.7622301175184477,0.16596064498496857,0.07180923749658377,1,2,2,68,20,9,3,2,88,8,12,10,1,1,12,8,562,201,292,73,23,22,2,100,7,4,5,4,45,50,40,40,2,0,32,11,6,4,2,77,17,9,1,4,0,8,3,275,119,93,56,31,14,1,53,9,2,32,7,51,50,60,64,2,0
2020-11-29,LaLiga,3424138,Barcelona,Osasuna,0.7563251995951872,0.16400539750365456,0.07966940290115822,4,0,0,72,20,11,9,7,91,8,5,7,2,0,11,9,813,360,379,68,6,15,1,50,5,2,15,5,41,54,46,47,1,0,28,10,5,4,4,78,12,3,3,2,1,5,5,303,122,115,60,20,11,2,40,14,3,19,6,39,46,54,40,0,0
2020-11-29,LaLiga,3424141,Getafe,Athletic Club,0.41616951244599876,0.41205513268874716,0.17177535486525405,1,1,1,52,11,3,0,0,64,16,3,7,1,1,7,4,333,82,132,32,19,26,3,72,13,0,11,1,65,57,40,50,2,0,48,5,2,0,0,60,23,2,3,0,0,1,4,313,96,91,32,29,32,2,42,10,1,25,2,64,43,60,47,4,0
2020-11-29,LaLiga,3424140,Celta Vigo,Granada,0.40094711917916337,0.39502762430939226,0.20402525651144435,3,1,0,68,17,8,10,7,84,14,8,7,2,0,12,5,609,230,282,52,23,15,2,63,10,1,2,1,64,54,64,70,5,1,32,9,2,4,3,67,13,0,6,1,0,5,4,294,106,91,33,33,19,1,67,10,3,20,4,47,46,36,53,3,0
2020-11-29,LaLiga,3424144,Real Sociedad,Villarreal,0.5447526825438367,0.3160167495420047,0.1392305679141586,1,1,1,55,8,4,2,1,80,18,4,2,2,0,8,0,462,194,174,55,17,30,1,57,4,4,19,1,49,48,55,70,5,0,45,10,2,1,0,74,12,4,4,4,0,5,5,377,145,135,30,38,23,4,50,18,2,17,3,48,52,45,20,3,0
2020-11-30,LaLiga,3424139,Real Betis,Eibar,0.5738945691143275,0.3267826317886071,0.09932279909706546,0,2,2,63,7,3,1,1,74,13,6,2,2,0,4,3,529,240,152,52,33,33,4,46,14,0,15,4,67,42,60,38,2,0,37,11,6,5,3,57,14,2,5,0,0,7,4,300,85,86,28,26,21,4,73,11,2,22,3,65,58,40,73,1,0
2020-12-04,LaLiga,3424149,Athletic Club,Celta Vigo,0.5845405029551513,0.3110441534360876,0.10441534360876116,0,2,2,50,10,0,0,0,79,7,4,7,3,0,5,5,468,155,216,55,19,33,0,69,21,0,7,2,57,48,51,58,2,0,50,6,4,2,0,76,15,5,2,0,0,5,1,475,195,167,41,19,17,1,35,17,3,22,0,59,52,49,62,1,0
2020-12-05,LaLiga,3424154,Levante,Getafe,0.3915003219575016,0.42090577377119553,0.18759390427130285,3,0,0,69,12,8,6,4,85,12,5,3,1,1,11,1,563,331,147,55,13,16,2,65,5,2,21,0,52,57,43,71,2,0,31,9,0,0,0,64,13,5,7,2,0,7,2,239,51,103,26,13,22,2,77,10,1,22,5,45,43,57,53,5,2
2020-12-05,LaLiga,3424156,Sevilla,Real Madrid,0.37147532042541587,0.32478865557676573,0.3037360239978184,0,1,2,63,12,2,0,0,89,15,4,7,3,0,7,5,627,224,333,67,42,19,3,60,7,1,8,2,60,54,52,70,1,0,37,10,3,2,2,78,20,3,7,0,0,7,3,368,167,120,44,22,19,0,60,9,3,17,2,52,46,48,71,3,0
2020-12-05,LaLiga,3424150,Atletico Madrid,Real Valladolid,0.6973237843950245,0.22879758763663777,0.07387862796833773,2,0,0,54,14,4,2,0,82,10,4,7,3,0,9,5,547,219,232,59,25,14,3,53,9,4,16,3,53,59,46,58,4,0,46,13,3,1,1,80,10,4,6,4,0,5,8,471,172,204,49,19,13,0,41,19,3,9,2,43,41,54,33,2,0
2020-12-05,LaLiga,3424152,Cadiz,Barcelona,0.15311579177125395,0.3779875586598276,0.46889664956891847,2,1,0,18,7,3,4,2,60,10,5,3,1,0,4,3,183,40,70,36,10,9,1,60,22,9,34,8,39,45,33,57,0,0,82,21,8,3,3,88,7,13,4,9,0,9,12,864,173,591,42,22,25,1,55,5,1,7,2,54,55,67,67,2,0
2020-12-06,LaLiga,3424153,Granada,SD Huesca,0.5749176196937391,0.32700135685210313,0.09808102345415778,3,3,1,48,15,6,4,2,75,12,4,5,4,1,10,5,395,176,119,44,32,19,1,62,8,3,14,4,77,65,51,71,2,0,52,16,7,2,1,83,16,2,6,3,0,13,3,435,192,167,45,45,20,1,91,20,4,20,3,51,35,49,67,0,0
2020-12-06,LaLiga,3424155,Osasuna,Real Betis,0.3552166224580018,0.4319186560565871,0.21286472148541113,0,2,2,48,10,0,0,0,72,16,2,5,5,0,5,5,380,119,155,54,17,27,5,47,13,2,24,3,80,51,57,71,3,0,52,12,5,2,0,73,12,5,5,2,0,9,3,431,151,163,32,15,17,4,67,10,5,29,0,69,49,43,64,2,0
2020-12-06,LaLiga,3424157,Villarreal,Elche,0.5995850622406639,0.3087828492392808,0.09163208852005532,0,0,1,57,12,3,0,0,88,16,4,6,3,1,7,5,544,164,316,61,36,12,2,22,10,1,6,0,48,42,52,65,3,0,43,3,0,0,0,80,13,0,2,1,0,0,3,403,237,86,44,0,21,1,40,10,3,12,3,61,58,48,70,2,0
2020-12-06,LaLiga,3424148,Deportivo Alaves,Real Sociedad,0.2559716443211589,0.42965017722299276,0.31437817845584837,0,0,1,32,5,1,0,0,68,3,2,3,1,0,3,2,260,112,64,47,22,20,1,64,14,2,30,4,49,45,65,50,1,1,68,13,4,2,2,84,11,3,7,2,0,7,6,544,179,278,46,21,23,4,56,6,1,12,1,44,55,35,68,0,0
2020-12-07,LaLiga,3424151,Eibar,Valencia,0.3490128384939044,0.4182759736756932,0.23271118783040243,0,0,1,64,19,3,0,0,75,15,8,12,4,1,14,5,456,143,200,52,36,29,0,67,12,0,12,4,49,53,40,50,3,0,36,6,4,2,2,47,10,0,2,0,0,3,3,269,53,74,28,44,28,5,75,6,4,23,3,58,47,60,60,2,0
2020-12-11,LaLiga,3424166,Real Valladolid,Osasuna,0.49294397093754366,0.37292161520190026,0.1341344138605561,3,2,0,47,11,6,3,0,71,14,3,3,2,0,10,1,366,124,135,40,29,26,3,14,7,2,36,4,55,43,42,69,4,0,53,13,6,4,3,72,18,3,3,4,0,11,2,400,126,160,49,21,18,1,68,9,2,10,3,74,57,58,78,5,0
2020-12-12,LaLiga,3424165,Valencia,Athletic Club,0.4864734299516908,0.3671497584541063,0.1463768115942029,2,2,1,40,11,2,3,1,68,19,0,7,2,1,8,3,285,98,95,41,43,26,3,58,13,5,30,3,47,52,34,70,2,0,60,13,5,2,0,78,16,10,3,5,0,8,5,424,136,196,51,9,22,1,75,16,1,10,0,55,48,66,64,6,0
2020-12-12,LaLiga,3424161,Getafe,Sevilla,0.22952677812411448,0.44176820629073393,0.3287050155851516,0,1,2,25,8,2,0,0,66,14,5,5,1,0,4,4,201,49,84,46,39,14,2,44,9,3,18,0,50,52,41,64,2,0,75,8,0,0,0,89,13,3,5,3,1,6,2,632,287,278,65,19,20,4,31,5,2,13,1,52,48,59,53,3,0
2020-12-12,LaLiga,3424162,SD Huesca,Deportivo Alaves,0.35962145110410093,0.4107706173952231,0.229607931500676,1,0,0,67,11,3,0,0,84,14,5,6,2,0,7,4,533,267,182,56,22,12,5,43,9,1,13,1,72,67,43,80,1,0,33,3,1,0,0,65,20,2,1,1,0,3,0,267,101,73,36,25,19,2,77,4,2,19,2,51,33,57,25,4,0
2020-12-12,LaLiga,3424163,Real Madrid,Atletico Madrid,0.574189408523006,0.248367493300117,0.17744309817687692,2,0,0,56,11,3,1,1,90,7,3,3,5,0,6,5,662,265,329,72,25,22,0,65,15,1,11,1,50,54,38,31,1,0,44,5,1,2,2,86,16,6,3,1,0,3,2,502,219,211,57,18,26,2,79,8,5,10,2,47,46,62,62,3,0
2020-12-13,LaLiga,3424164,Real Sociedad,Eibar,0.5944901730220057,0.3114396102805308,0.09407021669746346,1,1,1,49,8,2,3,3,68,14,5,4,2,1,5,3,344,174,59,40,8,25,4,64,9,5,35,3,50,49,50,50,4,0,51,16,4,2,1,73,11,4,7,5,0,9,7,339,100,146,51,23,30,5,82,17,2,11,1,51,51,50,60,3,0
2020-12-13,LaLiga,3424159,Real Betis,Villarreal,0.3104705678069109,0.42611564507727034,0.2634137871158187,1,1,1,47,11,5,0,0,83,13,4,3,3,0,4,7,441,185,182,46,33,15,1,33,11,1,17,1,60,52,56,75,2,0,53,7,2,2,2,84,14,8,4,1,0,7,0,497,224,193,69,30,21,2,50,7,3,12,4,53,48,44,73,3,0
2020-12-13,LaLiga,3424167,Elche,Granada,0.36426274689940286,0.4159393661001378,0.21979788700045935,0,1,2,68,9,1,0,0,86,16,6,5,3,0,8,1,523,242,207,55,16,23,1,59,5,3,15,4,58,55,46,91,4,0,32,13,5,2,2,73,15,5,5,3,0,9,4,243,71,106,55,20,20,2,71,15,2,22,1,53,45,54,42,2,0
2020-12-13,LaLiga,3424158,Barcelona,Levante,0.7086526181353767,0.1911451681566624,0.10020221370796084,1,0,0,63,24,13,4,3,90,4,12,8,3,0,15,9,659,174,422,73,23,19,4,80,9,1,7,3,46,62,48,69,2,0,37,6,3,2,2,80,15,4,2,1,0,2,4,383,184,122,44,23,10,0,42,13,3,28,12,33,38,52,58,1,0
2020-12-14,LaLiga,3424160,Celta Vigo,Cadiz,0.4621984936600248,0.3451234626751835,0.1926780436647917,4,0,0,61,7,4,2,0,84,24,1,3,0,1,6,1,563,303,168,36,50,17,4,44,7,4,25,2,40,33,42,67,2,0,39,12,2,2,2,77,9,5,6,4,1,7,5,339,121,139,54,22,20,2,64,14,0,11,0,72,67,58,74,1,0
2020-12-15,LaLiga,3424224,Real Madrid,Athletic Club,0.7278757299166619,0.1881625942513748,0.08396167583196326,3,1,0,68,18,5,4,2,92,8,6,9,4,0,10,8,649,216,381,78,23,22,5,80,8,3,8,3,37,52,65,89,1,0,32,10,4,1,1,77,9,6,3,3,0,8,2,296,123,104,48,21,17,0,43,7,4,19,2,30,48,35,69,1,1
2020-12-16,LaLiga,3424219,Barcelona,Real Sociedad,0.6533874523952696,0.21432150731609542,0.132291040288635,2,1,0,54,14,4,4,3,83,18,2,7,3,1,13,1,509,152,273,51,71,15,4,46,2,4,13,4,65,51,53,63,3,0,46,12,5,2,1,82,14,3,3,4,0,7,5,436,181,177,56,30,13,4,86,9,3,11,2,62,49,47,68,3,0
2020-12-18,LaLiga,3424168,Athletic Club,SD Huesca,0.6073404856013551,0.3008469791078487,0.09181253529079617,2,0,0,54,10,3,2,0,87,9,5,6,1,0,5,5,482,194,226,76,21,18,3,56,9,3,20,1,42,42,63,35,0,0,46,6,1,0,0,82,16,5,2,3,0,3,3,400,187,139,47,15,18,1,38,9,1,9,1,49,58,37,94,2,1
2020-12-19,LaLiga,3424169,Atletico Madrid,Elche,0.6412675374939526,0.26959361393323655,0.08913884857281083,3,1,0,48,12,6,3,0,88,13,2,6,0,0,6,6,503,228,216,60,25,16,1,29,5,1,15,2,42,51,58,38,1,0,52,8,3,1,0,92,14,4,4,1,0,5,3,531,303,183,61,17,15,2,64,10,0,12,3,38,49,42,50,2,0
2020-12-19,LaLiga,3424170,Barcelona,Valencia,0.7079598518598036,0.19199184155439858,0.10004830658579786,2,2,1,73,25,9,3,2,89,10,8,9,7,0,13,12,715,185,453,71,11,18,1,91,11,3,11,2,55,58,47,71,4,0,27,11,4,4,2,75,14,3,4,3,0,8,3,261,109,87,59,33,13,1,44,14,7,37,7,43,42,53,54,2,0
2020-12-19,LaLiga,3424175,Levante,Real Sociedad,0.25379382522239663,0.4369440083725798,0.3092621664050236,2,1,0,45,13,5,2,0,79,19,3,3,5,0,8,5,333,165,98,51,17,13,1,79,12,1,21,4,45,45,40,64,2,0,55,15,5,2,2,83,14,4,9,1,0,11,4,403,167,166,58,28,23,1,45,10,4,11,3,57,55,60,60,1,0
2020-12-19,LaLiga,3424176,Osasuna,Villarreal,0.24397651346426402,0.4399676047782952,0.31605588175744076,1,3,2,32,6,1,1,0,73,17,2,4,1,0,2,4,278,74,128,57,24,17,0,60,8,2,8,3,48,44,63,43,2,1,68,13,6,5,2,86,16,2,5,2,1,10,3,611,272,253,60,33,21,1,58,6,1,8,0,47,56,38,70,2,0
2020-12-19,LaLiga,3424177,Sevilla,Real Valladolid,0.6495098039215687,0.269281045751634,0.08120915032679739,1,1,1,59,14,3,2,1,85,13,7,7,4,1,8,6,525,224,221,60,24,23,1,47,9,2,21,4,48,51,33,53,3,0,41,12,5,1,1,75,10,7,4,3,1,5,7,349,136,126,44,15,18,1,61,12,3,20,2,56,49,67,46,4,0
2020-12-20,LaLiga,3424171,Celta Vigo,Deportivo Alaves,0.5478206982028506,0.3429043586035943,0.10927494319355505,2,0,0,55,11,3,2,0,79,18,3,4,4,0,9,2,521,248,161,40,50,15,4,53,10,3,16,2,43,49,30,70,2,0,45,8,2,0,0,75,12,5,3,3,0,6,2,417,172,139,45,19,30,2,67,16,4,13,1,58,51,70,50,2,0
2020-12-20,LaLiga,3424174,Granada,Real Betis,0.4400572831423895,0.3970949263502455,0.16284779050736498,2,0,0,31,8,3,2,0,59,21,1,4,1,0,4,4,229,76,60,32,0,13,6,63,10,7,23,1,55,49,33,78,3,0,69,14,1,1,1,80,16,10,6,7,1,7,7,502,190,213,47,31,30,2,31,12,1,10,1,74,51,67,73,3,0
2020-12-20,LaLiga,3424173,Cadiz,Getafe,0.4497114591920857,0.38478977741137677,0.16549876339653752,0,2,2,61,8,1,0,0,82,8,2,4,3,0,3,5,472,219,170,49,6,18,3,73,10,1,18,2,77,62,55,71,2,0,39,6,4,1,0,67,23,4,1,1,0,2,4,305,98,107,32,23,18,1,60,7,3,22,1,52,38,45,60,6,0
2020-12-20,LaLiga,3424172,Eibar,Real Madrid,0.17334232963258295,0.38925351162362753,0.43740415874378946,1,3,2,34,10,3,1,1,72,11,4,6,1,1,4,6,307,112,108,42,11,18,2,63,15,4,11,1,37,43,38,79,1,0,66,11,5,5,3,84,7,4,3,3,0,6,5,651,348,197,55,20,20,5,67,13,1,18,2,52,57,62,94,0,0
2020-12-22,LaLiga,3424187,Elche,Osasuna,0.41353383458646614,0.42,0.16646616541353385,2,2,1,66,7,2,2,0,86,8,4,5,0,0,7,0,633,370,172,53,30,14,1,69,9,1,13,4,53,57,42,50,1,0,34,15,6,3,2,71,17,4,8,1,1,10,5,329,103,132,48,33,20,0,71,9,0,19,0,52,43,58,57,1,0
2020-12-22,LaLiga,3424184,Valencia,Sevilla,0.3382954188070028,0.420798825872733,0.24090575532026418,0,1,2,30,10,4,0,0,69,11,3,2,4,0,7,3,248,85,86,50,23,14,0,50,14,2,28,2,53,45,42,50,3,0,70,19,3,1,1,85,17,5,14,2,0,12,7,586,207,291,60,41,19,2,64,8,4,11,4,69,55,58,70,2,0
2020-12-22,LaLiga,3424183,Real Sociedad,Atletico Madrid,0.2783529786556228,0.41071997451417647,0.3109270468302007,0,2,2,59,6,1,0,0,82,20,5,3,2,0,2,4,495,177,229,57,24,25,2,50,7,3,14,1,54,49,50,85,3,0,41,8,3,0,0,78,17,5,2,3,0,6,2,335,118,143,55,29,7,0,50,5,2,25,1,56,51,50,83,3,0
2020-12-22,LaLiga,3424181,SD Huesca,Levante,0.3466453674121406,0.43610223642172524,0.21725239616613418,1,1,1,54,11,2,1,0,84,10,10,4,5,0,7,4,425,182,176,56,14,18,4,79,14,1,19,0,54,55,50,48,2,0,46,9,1,0,0,78,17,3,7,1,0,4,5,381,173,124,49,22,21,1,50,11,3,32,1,47,45,50,44,3,0
2020-12-22,LaLiga,3424185,Real Valladolid,Barcelona,0.1894349177120497,0.39975831511105997,0.4108067671768903,0,3,2,39,12,5,1,1,85,12,4,7,0,0,6,6,422,205,154,53,7,16,4,60,16,5,9,7,41,51,43,50,1,0,61,21,10,5,2,90,10,5,6,5,2,14,7,681,281,334,56,45,13,0,60,19,0,9,5,42,49,57,48,2,0
2020-12-22,LaLiga,3424186,Villarreal,Athletic Club,0.5504793289394847,0.33283403235470344,0.11668663870581186,1,1,1,66,17,6,2,2,85,10,6,10,1,1,13,4,593,227,277,66,33,21,2,72,6,2,14,2,61,62,55,63,1,0,34,9,3,1,0,74,18,4,4,2,0,5,4,301,92,130,38,9,17,2,45,10,1,18,5,41,38,45,50,1,0
2020-12-23,LaLiga,3424180,Getafe,Celta Vigo,0.531062124248497,0.21042084168336672,0.25851703406813625,1,1,1,38,6,3,0,0,71,17,1,0,3,0,3,3,306,81,137,49,18,21,2,38,9,0,11,0,55,48,44,64,3,0,62,2,1,1,0,76,16,4,1,0,0,2,0,504,261,122,42,13,21,2,53,14,3,14,2,64,52,56,44,3,0
2020-12-23,LaLiga,3424182,Real Madrid,Granada,0.7285093881721804,0.18955166687955038,0.08193894494826925,2,0,0,67,23,6,2,1,85,13,8,7,10,1,14,9,586,247,254,68,38,26,2,57,7,2,16,1,53,55,65,67,2,0,33,10,1,1,1,68,11,1,7,2,0,7,3,284,105,87,41,23,27,1,63,7,10,17,4,37,45,35,63,1,0
2020-12-23,LaLiga,3424178,Deportivo Alaves,Eibar,0.5867768595041323,0.23553719008264462,0.17768595041322313,2,1,0,44,13,3,3,1,60,10,2,7,3,1,9,4,319,93,97,52,50,27,4,86,11,1,14,3,74,56,67,89,4,0,56,8,4,2,2,70,14,7,3,1,0,5,3,407,127,159,46,24,34,3,50,11,3,12,1,47,44,33,73,2,0
2020-12-23,LaLiga,3424179,Real Betis,Cadiz,0.6204379562043796,0.21897810218978103,0.16058394160583941,1,0,0,72,6,1,0,0,85,18,5,2,3,0,4,2,662,237,324,47,6,25,3,75,15,1,26,3,61,56,48,80,1,0,28,6,3,0,0,56,9,5,2,1,1,6,0,246,70,68,38,12,22,2,69,8,3,15,0,54,44,52,67,1,0
2020-12-29,LaLiga,3424196,Sevilla,Villarreal,0.5404741140093554,0.3458336636803298,0.11369222231031476,2,0,0,43,10,3,3,2,82,13,4,4,3,0,8,2,403,195,135,46,36,17,0,62,15,2,24,2,59,51,73,50,1,0,57,6,2,1,1,88,14,7,2,2,0,6,0,514,239,212,65,4,28,0,79,9,2,9,1,47,49,27,65,4,0
2020-12-29,LaLiga,3424190,Barcelona,Eibar,0.7560457207632723,0.1724447383336482,0.07150954090307954,1,1,1,73,16,5,3,2,88,6,5,9,2,0,11,5,660,348,232,62,50,25,6,71,7,4,21,2,68,60,71,67,0,0,27,9,3,1,0,62,15,7,2,4,0,3,6,229,43,98,38,13,23,0,63,9,2,11,4,39,40,29,45,2,0
2020-12-29,LaLiga,3424192,Cadiz,Real Valladolid,0.6096938775510204,0.22448979591836735,0.16581632653061223,0,0,1,35,8,3,1,1,62,14,1,4,1,0,6,2,281,69,105,47,29,28,0,44,12,3,20,1,67,48,45,50,3,0,65,7,1,0,0,78,13,6,3,3,1,6,1,509,196,203,43,11,27,4,53,18,1,21,3,77,52,55,65,2,0
2020-12-29,LaLiga,3424194,Levante,Real Betis,0.5639810426540285,0.25118483412322273,0.1848341232227488,4,3,0,38,10,5,2,0,70,9,3,3,2,0,9,1,316,138,82,40,45,17,0,57,9,5,27,4,56,63,43,71,3,1,62,19,7,3,1,84,14,6,7,5,1,13,6,502,184,239,53,35,22,3,78,16,2,9,1,40,37,57,63,2,0
2020-12-30,LaLiga,3424193,Granada,Valencia,0.40272628135223554,0.3995637949836423,0.19770992366412213,2,1,0,53,24,5,3,3,74,16,6,8,11,0,13,11,356,97,168,43,21,19,2,38,10,5,11,5,49,46,47,47,4,1,47,16,6,1,0,72,15,6,4,6,0,10,6,322,114,119,41,33,14,1,56,14,10,28,3,57,54,53,60,2,2
2020-12-30,LaLiga,3424189,Atletico Madrid,Getafe,0.656867469879518,0.2567871485943775,0.08634538152610442,1,0,0,51,10,3,1,1,75,7,5,6,1,1,7,3,474,174,180,36,29,24,2,50,14,2,18,2,60,56,49,55,2,0,49,10,2,1,1,75,12,2,6,2,0,5,5,455,121,219,44,10,25,0,61,15,1,18,2,52,44,51,40,3,0
2020-12-30,LaLiga,3424191,Celta Vigo,SD Huesca,0.6037410453701247,0.31201910321040066,0.08423985141947467,2,1,0,57,15,6,5,3,86,19,0,8,1,0,13,2,569,317,174,53,33,15,0,47,9,5,29,5,47,40,60,64,2,0,43,17,6,1,1,83,8,5,6,5,1,13,4,402,211,124,48,21,24,0,78,10,1,9,4,55,60,40,81,0,0
2020-12-30,LaLiga,3424197,Elche,Real Madrid,0.1718213058419244,0.3990913856369037,0.4290873085211719,1,1,1,32,6,3,1,0,82,8,2,3,0,1,4,2,342,212,69,54,18,15,0,50,11,2,22,5,39,54,29,69,1,0,68,14,6,2,2,91,18,3,5,3,1,9,5,718,266,388,78,18,17,3,64,9,0,7,2,40,46,71,77,4,0
2020-12-31,LaLiga,3424188,Athletic Club,Real Sociedad,0.36846196557468075,0.39955580233203775,0.2319822320932815,0,1,2,61,4,0,0,0,77,23,2,3,1,0,2,2,455,173,179,50,17,22,4,57,9,2,17,2,65,48,48,53,5,0,39,13,3,2,1,67,18,4,8,2,1,8,5,289,82,113,41,17,19,5,47,16,1,18,0,71,52,52,64,4,0
2020-12-31,LaLiga,3424195,Osasuna,Deportivo Alaves,0.45285118219749654,0.38901251738525733,0.15813630041724616,1,1,1,32,8,3,0,0,57,12,5,5,0,1,4,4,241,78,60,35,18,16,2,47,13,8,32,0,45,48,51,38,3,1,68,15,1,1,0,82,9,4,6,8,0,7,8,502,193,217,40,19,18,1,70,8,0,22,2,46,52,49,36,4,0
2021-01-02,LaLiga,3424207,Villarreal,Levante,0.5444410967158783,0.34664055438385055,0.10891834890027116,2,1,0,50,12,7,2,1,87,12,3,2,3,1,10,2,495,217,213,54,60,17,7,67,10,0,25,1,39,50,67,67,1,0,50,9,2,1,1,82,11,5,6,1,0,4,5,478,219,171,48,35,24,2,75,14,3,7,5,33,50,33,57,1,0
2021-01-02,LaLiga,3424200,Real Betis,Sevilla,0.250126582278481,0.43329113924050633,0.31658227848101267,1,1,1,45,16,3,3,2,79,15,2,7,6,0,6,10,392,165,144,34,15,21,0,50,10,1,11,1,59,55,46,83,5,0,55,6,2,0,0,83,18,1,3,1,0,3,3,475,264,131,47,8,24,3,47,12,6,17,2,53,45,54,42,2,0
2021-01-02,LaLiga,3424202,Getafe,Real Valladolid,0.5532743362831858,0.34601769911504426,0.10070796460176991,0,1,2,54,11,4,1,1,75,13,5,5,2,0,5,6,408,97,207,47,29,28,4,53,13,4,20,2,59,45,56,37,3,0,46,8,2,2,1,67,13,9,2,4,0,4,4,363,139,104,34,10,20,2,71,15,2,22,5,60,55,44,46,2,0
2021-01-02,LaLiga,3424204,Real Madrid,Celta Vigo,0.7097658033792159,0.19746884989236088,0.09276534672842325,2,0,0,41,9,2,2,0,87,14,1,6,1,0,4,5,469,187,223,74,36,9,1,33,14,4,21,0,48,48,54,50,4,0,59,6,1,1,1,89,14,5,2,3,0,5,1,672,342,254,59,12,18,0,57,11,1,6,0,49,52,46,63,2,0
2021-01-03,LaLiga,3424199,Athletic Club,Elche,0.5353677897336391,0.3570294584582819,0.10760275180807903,1,0,0,49,13,2,2,1,84,15,5,7,4,1,6,7,435,192,173,65,20,13,5,50,12,2,21,1,51,45,57,57,2,0,51,5,2,1,1,83,13,4,2,1,0,2,3,443,247,120,55,17,22,0,56,12,4,9,1,56,55,43,67,1,0
2021-01-03,LaLiga,3424198,Deportivo Alaves,Atletico Madrid,0.21214992630027374,0.419667298378606,0.36818277532112026,1,2,2,41,4,1,0,0,74,14,1,3,0,1,3,1,374,178,98,43,25,22,2,67,15,2,11,2,39,48,39,52,0,1,59,8,4,3,2,82,12,5,2,2,0,6,2,533,234,204,56,20,18,4,65,9,0,9,1,47,52,61,55,2,0
2021-01-03,LaLiga,3424201,Eibar,Granada,0.3671111111111111,0.4272,0.2056888888888889,2,0,0,56,15,7,3,2,61,10,4,1,7,0,9,6,343,63,147,38,6,45,3,60,9,1,18,3,66,39,49,39,2,0,44,6,3,2,2,49,9,2,2,1,0,5,1,284,57,82,33,23,38,3,62,9,7,39,5,81,61,51,57,1,0
2021-01-03,LaLiga,3424205,Real Sociedad,Osasuna,0.6149425287356322,0.30149114631873253,0.08356632494563529,1,1,1,62,8,2,1,0,75,15,7,5,1,0,2,6,455,187,154,50,15,35,3,64,8,2,5,1,47,45,35,44,1,0,38,6,2,1,0,59,8,2,2,2,0,5,1,294,77,96,41,44,22,0,57,11,1,31,1,71,55,65,40,1,0
2021-01-03,LaLiga,3424203,SD Huesca,Barcelona,0.16999530687803097,0.3885383532356469,0.44146633988632217,0,1,2,31,4,4,0,0,82,12,2,0,0,0,3,1,345,181,101,61,18,8,1,38,14,4,18,5,43,53,18,63,1,0,69,20,7,4,3,91,11,6,10,3,0,12,8,794,205,520,71,25,16,3,22,13,0,6,4,45,47,82,52,0,0
2021-01-04,LaLiga,3424206,Valencia,Cadiz,0.580642469753859,0.3148101793909053,0.10454735085523571,1,1,1,71,11,4,1,0,86,11,9,3,4,0,5,6,558,191,290,57,19,23,2,65,8,0,13,1,57,61,51,67,2,0,29,9,2,0,0,67,17,7,7,0,1,8,1,214,56,88,48,28,10,6,75,11,4,32,3,42,39,49,50,2,0
2021-01-06,LaLiga,3424048,Athletic Club,Barcelona,0.23073801902529192,0.3709481087417159,0.3983138722329922,2,3,2,43,8,3,0,0,85,10,3,4,1,0,6,2,466,206,190,66,13,22,0,55,10,0,17,6,29,36,38,38,2,0,57,13,9,3,1,89,6,4,4,0,2,9,4,643,245,329,66,20,18,4,48,20,1,10,2,51,64,63,73,1,0
2021-01-08,LaLiga,3424209,Celta Vigo,Villarreal,0.33787465940054495,0.414673529114946,0.24745181148450904,0,4,2,57,8,3,0,0,89,15,3,2,3,0,4,4,595,306,221,57,11,19,0,45,9,4,12,2,51,49,50,60,1,0,43,15,6,6,3,85,18,4,5,4,1,11,4,459,222,166,68,50,16,0,73,13,3,16,3,53,51,50,65,0,0
2021-01-09,LaLiga,3424215,Sevilla,Real Sociedad,0.5631984107275888,0.3194685870374969,0.11733300223491433,3,2,0,60,12,7,5,2,82,8,2,3,2,0,10,2,536,234,208,58,24,17,1,91,11,5,20,2,52,51,54,56,0,0,40,10,4,3,2,77,18,9,2,4,0,8,2,337,125,135,35,13,16,0,26,9,2,22,4,48,49,46,56,3,0
2021-01-09,LaLiga,3424211,Granada,Barcelona,0.16731187357479982,0.37688921885771864,0.4557989075674816,0,4,2,28,8,4,1,1,79,16,4,2,2,0,4,4,301,128,110,38,25,8,2,83,13,3,6,0,23,31,37,73,2,1,72,13,4,1,0,92,3,1,5,4,0,9,4,811,379,364,76,33,16,2,29,5,2,11,4,48,69,63,55,3,0
2021-01-09,LaLiga,3424214,Osasuna,Real Madrid,0.183807018669404,0.3779431577596715,0.4382498235709245,0,0,1,30,8,2,1,1,73,9,2,4,2,0,6,2,329,111,128,52,31,20,1,50,17,4,23,1,40,41,52,72,0,0,70,9,1,0,0,89,3,4,4,4,0,7,2,771,297,391,66,10,21,3,85,7,2,10,2,50,59,48,65,0,0
2021-01-10,LaLiga,3424213,Levante,Eibar,0.6295399515738499,0.1864406779661017,0.18401937046004843,2,1,0,54,4,2,2,0,71,12,4,1,1,0,2,2,408,215,76,39,7,25,4,56,13,5,34,3,55,49,57,56,2,0,46,17,4,2,1,70,8,9,8,5,0,12,5,341,69,171,42,32,30,1,79,11,1,18,0,50,51,43,23,0,0
2021-01-10,LaLiga,3424210,Cadiz,Deportivo Alaves,0.6554621848739496,0.18207282913165265,0.16246498599439776,3,1,0,39,10,7,5,3,64,17,4,3,0,2,8,2,286,87,97,36,28,24,3,73,5,0,13,1,51,49,38,63,1,0,61,5,2,1,0,76,10,1,3,0,0,2,3,457,178,171,46,7,23,4,50,6,0,17,4,65,51,62,42,2,1
2021-01-10,LaLiga,3424216,Real Valladolid,Valencia,0.32147032082088584,0.4140797506169632,0.26444992856215094,0,1,2,42,11,4,0,0,74,14,0,5,2,1,7,4,369,138,136,32,25,14,3,82,14,5,17,5,52,51,35,100,2,0,58,17,6,1,1,77,14,4,6,5,1,10,7,503,227,160,56,35,18,5,67,4,2,13,4,63,49,65,73,3,0
2021-01-11,LaLiga,3424217,Elche,Getafe,0.5315186246418339,0.22779369627507162,0.24068767908309455,1,3,2,46,7,4,2,1,82,14,1,2,1,0,5,2,425,248,102,56,25,22,1,63,12,5,28,4,43,51,44,71,2,1,54,14,7,5,2,84,16,7,2,5,0,11,3,499,148,273,49,30,15,1,54,13,1,5,3,45,49,56,67,2,0
2021-01-11,LaLiga,3424212,SD Huesca,Real Betis,0.26228516097797144,0.45073832001936576,0.2869765190026628,0,2,2,49,10,3,3,3,79,12,3,6,1,0,8,2,419,194,139,49,21,20,5,52,7,4,17,3,67,50,42,58,2,0,51,15,5,5,3,80,13,6,6,4,0,9,6,444,147,209,46,17,20,0,76,10,1,24,3,71,50,58,63,0,1
2021-01-12,LaLiga,3424072,Granada,Osasuna,0.5565872842473236,0.33635569150098316,0.10705702425169325,2,0,0,40,10,3,1,1,58,16,4,2,5,0,6,4,276,94,66,31,11,25,3,58,10,6,21,3,61,54,46,65,1,0,60,15,3,0,0,74,17,4,6,6,0,5,10,404,144,155,39,18,29,1,60,8,4,12,1,59,46,54,40,4,0
2021-01-12,LaLiga,3424039,Atletico Madrid,Sevilla,0.576288144072036,0.2954602301150575,0.12825162581290644,2,0,0,34,5,4,1,1,81,14,3,0,1,0,4,1,324,133,130,50,0,12,3,50,4,4,29,2,38,40,58,33,2,0,66,13,2,4,4,90,11,12,7,4,1,9,4,615,237,319,67,22,21,0,54,13,1,8,2,49,60,42,82,0,0
2021-01-19,LaLiga,3424223,Cadiz,Levante,0.390988862639217,0.417651029362133,0.19136010799865003,2,2,1,30,8,2,1,0,68,13,5,5,1,0,5,3,258,89,86,35,32,15,1,46,10,1,11,3,48,48,46,67,2,0,70,8,5,3,1,84,11,2,2,1,0,5,3,623,286,239,54,7,19,1,42,6,1,9,0,54,52,54,61,1,0
2021-01-19,LaLiga,3424226,Real Valladolid,Elche,0.510840108401084,0.37475803329461865,0.11440185830429733,2,2,1,62,13,2,1,1,86,14,4,8,3,1,4,9,494,163,261,55,20,22,1,62,3,2,10,1,63,59,63,58,1,1,38,9,3,1,0,79,19,5,4,2,0,3,6,303,144,95,56,8,15,1,83,11,3,23,0,42,41,37,52,3,0
2021-01-19,LaLiga,3424218,Deportivo Alaves,Sevilla,0.19780528981429377,0.4675014068655037,0.3346933033202026,1,2,2,37,12,3,3,2,69,15,3,3,6,0,9,3,308,109,102,41,47,29,0,71,8,3,12,1,45,42,47,75,3,0,63,7,3,1,0,80,14,2,1,3,0,3,4,530,264,161,44,8,23,1,33,7,5,28,2,56,58,53,73,3,0
2021-01-20,LaLiga,3424222,Getafe,SD Huesca,0.5875971502590673,0.3282059585492228,0.08419689119170984,1,0,0,48,12,5,1,0,74,15,3,4,3,1,5,7,395,140,153,38,18,28,0,67,7,4,26,3,54,49,49,47,2,0,52,15,3,0,0,75,14,8,7,5,1,10,5,421,176,141,43,29,26,2,63,15,3,14,4,57,51,51,60,3,0
2021-01-20,LaLiga,3424220,Real Betis,Celta Vigo,0.508648076244264,0.3708083303918108,0.12054359336392517,2,1,0,42,12,4,1,0,74,13,5,4,4,0,6,6,359,128,137,39,25,28,1,38,18,2,11,2,57,52,52,72,2,0,58,10,3,1,0,80,16,6,5,2,0,9,1,509,280,126,41,20,22,1,48,12,4,12,2,53,48,48,57,3,0
2021-01-20,LaLiga,3424227,Villarreal,Granada,0.5511242409322173,0.3436730674544559,0.10520269161332677,2,2,1,69,8,3,3,1,87,11,3,1,4,0,6,2,622,251,291,69,44,25,2,46,7,0,7,0,51,54,58,75,2,0,31,3,2,0,0,70,11,0,1,0,0,2,1,279,116,79,40,25,22,2,50,14,4,10,1,41,46,42,50,4,1
2021-01-21,LaLiga,3424225,Valencia,Osasuna,0.6137896326119778,0.30437845998993457,0.08183190739808757,1,1,1,64,10,3,0,0,85,8,9,4,3,0,5,5,580,263,230,56,17,21,5,89,3,3,7,4,56,60,45,85,1,0,36,14,5,3,2,73,17,4,6,3,1,10,4,334,128,115,52,50,13,2,22,10,3,25,3,48,40,55,89,3,0
2021-01-21,LaLiga,3424221,Eibar,Atletico Madrid,0.2073350836888743,0.45241220872989824,0.34025270758122744,1,2,2,35,12,2,1,0,56,24,3,9,1,0,6,6,266,51,99,34,23,32,0,53,7,3,17,2,48,36,51,0,3,0,65,9,4,1,0,78,9,3,2,3,1,7,2,517,281,120,42,0,28,2,69,15,1,27,1,67,64,49,89,2,0
2021-01-22,LaLiga,3424233,Levante,Real Valladolid,0.5442102381604161,0.3505338078291815,0.10525595401040241,2,2,1,58,11,3,1,0,83,16,8,4,4,0,11,0,495,206,204,49,17,18,0,85,14,0,7,1,57,53,53,78,0,0,42,7,3,1,1,74,12,2,4,0,0,4,3,356,142,122,27,20,25,2,74,11,4,19,1,50,47,47,17,1,0
2021-01-23,LaLiga,3424232,SD Huesca,Villarreal,0.23594701038310062,0.43859649122807015,0.32545649838882923,0,0,1,44,5,1,0,0,79,9,1,3,1,0,3,2,470,233,139,27,10,21,2,63,15,1,13,2,52,53,36,50,3,0,56,8,2,1,1,85,15,2,5,1,0,4,4,621,272,256,44,20,22,2,47,13,1,14,1,57,47,64,53,1,0
2021-01-23,LaLiga,3424236,Sevilla,Cadiz,0.6042397437852677,0.31432057343297237,0.08143968278175995,3,0,0,80,15,7,5,3,90,12,7,6,2,0,10,5,709,339,300,69,27,18,3,88,5,0,11,3,40,45,52,64,1,0,20,9,3,2,2,56,6,6,6,0,0,6,3,167,40,54,43,18,18,3,64,13,2,19,4,45,55,48,73,3,0
2021-01-23,LaLiga,3424235,Real Sociedad,Real Betis,0.5282117257857012,0.35379525822459107,0.11799301598970778,2,2,1,53,12,6,4,3,80,14,8,5,1,0,9,3,441,181,174,55,24,26,2,35,6,2,11,2,61,54,62,62,2,0,47,7,4,1,0,81,13,3,1,2,0,3,4,394,154,165,45,14,15,1,82,13,2,28,3,46,46,38,69,2,0
2021-01-23,LaLiga,3424228,Deportivo Alaves,Real Madrid,0.24848809614942968,0.3683686748832581,0.38314322896731223,1,4,2,39,14,4,1,0,83,16,4,6,4,0,10,4,372,174,134,61,36,18,1,22,11,1,6,2,32,32,39,64,5,0,61,10,7,3,2,89,7,4,3,0,0,8,2,607,307,233,73,33,11,1,43,12,4,13,4,63,68,61,96,3,0
2021-01-24,LaLiga,3424234,Osasuna,Granada,0.34328944782865,0.42621340145411674,0.23049715071723326,3,1,0,49,7,4,3,1,61,15,1,2,1,0,5,2,302,86,97,33,43,20,1,33,10,3,16,0,57,50,62,33,2,1,51,12,1,0,0,65,15,5,8,3,0,8,4,307,91,108,32,26,32,2,33,6,1,10,1,46,50,38,38,3,0
2021-01-24,LaLiga,3424237,Elche,Barcelona,0.16842759477936606,0.38931013051584834,0.4422622747047856,0,2,2,35,4,2,1,1,84,15,0,2,0,0,3,1,372,239,73,47,14,10,1,70,10,1,18,6,28,33,38,55,0,0,65,15,8,4,2,91,9,7,6,1,0,7,8,699,227,409,61,26,15,1,71,8,0,5,2,55,67,63,78,2,0
2021-01-24,LaLiga,3424231,Celta Vigo,Eibar,0.5268321986383661,0.36143372046455746,0.1117340808970765,1,1,1,56,8,4,3,2,77,10,0,3,1,1,8,0,483,240,132,43,36,28,2,50,6,3,25,1,64,54,48,56,4,0,44,9,2,1,0,71,16,6,4,3,0,7,2,364,118,140,50,17,26,1,47,16,1,10,3,61,46,52,60,3,0
2021-01-24,LaLiga,3424230,Atletico Madrid,Valencia,0.6302145139205843,0.2523961661341853,0.11738931994523048,3,1,0,49,14,5,4,1,81,11,7,4,5,0,11,3,447,191,173,35,33,21,0,85,12,2,19,3,45,47,39,82,2,0,51,8,4,0,0,83,14,7,2,2,0,4,4,471,174,215,66,17,15,0,69,8,5,12,2,55,53,61,79,0,0
2021-01-25,LaLiga,3424229,Athletic Club,Getafe,0.5704643900473456,0.31973405862798426,0.1098015513246701,5,1,0,52,11,8,4,1,71,13,4,3,0,0,9,2,375,144,123,47,47,20,1,78,3,0,16,1,66,55,62,57,4,0,48,6,2,2,1,74,18,4,3,1,0,3,3,337,103,146,42,19,24,2,71,13,0,9,3,49,45,38,50,4,0
2021-01-29,LaLiga,3424246,Real Valladolid,SD Huesca,0.5671537926235213,0.33695198329853865,0.09589422407794015,1,3,2,55,14,4,3,3,82,12,6,8,2,0,9,5,482,182,214,57,30,19,1,61,7,1,12,2,42,46,25,42,2,0,45,11,5,2,0,77,12,7,5,1,0,7,4,394,179,125,47,30,19,3,69,7,2,18,3,64,54,75,56,2,0
2021-01-30,LaLiga,3424240,Eibar,Sevilla,0.2094305804494692,0.4431269819385082,0.3474424376120226,0,2,2,50,17,6,1,1,77,10,6,9,2,2,11,6,432,131,200,48,21,16,0,57,9,0,4,2,47,46,38,70,4,0,50,7,4,2,0,74,12,2,3,0,0,4,3,469,231,116,48,0,28,5,55,7,2,22,6,62,54,62,80,3,0
2021-01-30,LaLiga,3424244,Real Madrid,Levante,0.7060690801904618,0.2051243292268158,0.08880659058272239,1,2,2,47,8,2,3,2,86,9,3,5,1,0,4,4,410,188,165,65,20,16,2,44,5,3,13,6,58,61,50,70,1,1,53,14,8,2,1,88,20,7,3,3,0,9,5,465,188,223,57,33,13,1,63,4,1,12,1,39,39,50,50,2,0
2021-01-30,LaLiga,3424245,Valencia,Elche,0.6054476266773483,0.3050270378529942,0.08952533546965752,1,0,0,45,14,4,4,3,80,18,4,6,4,0,7,7,352,129,152,52,8,16,2,50,6,2,24,1,56,51,44,52,1,0,55,10,1,0,0,82,15,10,7,2,0,5,5,416,204,138,50,12,13,5,85,13,5,11,2,58,49,56,75,7,0
2021-01-30,LaLiga,3424247,Villarreal,Real Sociedad,0.5036420395421436,0.3577870274020118,0.13857093305584461,1,1,1,35,4,2,0,0,79,10,1,1,1,0,3,1,342,163,108,45,40,12,2,69,13,3,20,2,53,57,47,69,1,0,65,12,3,1,1,87,17,7,6,3,1,7,5,623,279,260,56,21,15,1,55,8,1,6,1,46,43,53,71,3,0
2021-01-31,LaLiga,3424241,Getafe,Deportivo Alaves,0.5363103292737934,0.3631032927379341,0.10058637798827244,0,0,1,60,6,1,0,0,63,20,5,5,0,0,4,2,364,94,134,38,14,40,3,50,12,1,14,1,65,50,49,57,3,0,40,5,1,0,0,48,19,2,3,1,0,2,3,261,51,73,36,25,23,2,50,9,1,30,0,66,50,51,25,3,0
2021-01-31,LaLiga,3424242,Cadiz,Atletico Madrid,0.23062889031981113,0.4163983687486585,0.35297274093153036,2,4,2,48,11,6,1,1,84,7,2,5,0,0,7,4,452,155,226,59,26,23,0,85,11,1,7,0,46,48,45,65,1,0,52,9,4,2,0,85,7,2,4,1,0,6,3,518,257,184,53,22,17,4,71,7,0,19,4,52,52,55,55,5,0
2021-01-31,LaLiga,3424243,Granada,Celta Vigo,0.4813195548489666,0.3805643879173291,0.1381160572337043,0,0,1,35,10,5,0,0,65,16,6,4,1,0,3,7,246,77,84,37,0,25,1,80,12,4,16,1,49,44,36,52,2,0,65,7,1,1,1,79,19,5,2,4,0,5,2,454,182,177,53,5,30,0,69,9,1,16,5,69,56,64,100,4,0
2021-01-31,LaLiga,3424238,Barcelona,Athletic Club,0.7276511122415946,0.17055912685566296,0.10178976090274244,2,1,0,59,12,6,3,2,87,12,7,5,1,0,9,3,596,283,237,63,27,15,1,80,7,3,12,2,55,60,53,85,2,0,41,7,2,0,0,82,20,3,2,3,0,3,4,411,171,167,44,14,23,1,33,13,1,16,4,39,40,47,30,3,0
2021-02-01,LaLiga,3424239,Real Betis,Osasuna,0.6587735276259866,0.2586520947176685,0.08257437765634487,1,0,0,65,8,4,5,4,87,12,3,3,1,1,4,4,577,221,279,57,27,24,1,67,6,2,18,5,49,43,43,47,1,0,35,15,5,2,2,74,6,4,8,2,0,8,7,302,115,108,50,33,22,2,44,9,2,19,2,64,57,57,59,1,0
2021-02-05,LaLiga,3424248,Deportivo Alaves,Real Valladolid,0.463312693498452,0.3891640866873065,0.1475232198142415,1,0,0,55,20,5,1,1,71,11,11,10,5,0,13,7,346,110,134,50,37,21,1,59,5,0,13,1,82,66,60,77,4,0,45,3,1,0,0,67,17,1,2,0,0,2,1,289,116,79,36,9,24,0,50,11,5,39,4,49,34,40,60,4,0
2021-02-06,LaLiga,3424253,Levante,Granada,0.48148148148148145,0.3520101297879076,0.16650838873061094,2,2,1,60,11,7,2,1,79,12,6,3,1,0,9,2,406,152,167,51,21,34,3,71,18,1,26,3,43,42,58,22,1,0,40,11,5,2,2,65,13,2,5,1,0,7,4,269,112,64,27,22,25,1,70,13,1,13,5,46,58,42,91,3,0
2021-02-06,LaLiga,3424252,SD Huesca,Real Madrid,0.22334636966502294,0.3587825199795953,0.4178711103553817,1,2,2,34,13,2,2,2,75,18,3,9,2,2,9,4,310,141,91,38,47,19,0,53,17,6,22,5,41,42,42,69,2,0,66,18,7,4,2,88,9,9,5,6,1,15,3,601,215,315,77,35,21,2,58,10,2,11,1,56,58,58,79,1,0
2021-02-06,LaLiga,3424257,Elche,Villarreal,0.23370233702337023,0.4080565805658057,0.3582410824108241,2,2,1,45,8,2,1,0,85,17,4,4,2,1,5,3,438,185,189,57,18,16,1,53,19,1,14,2,40,43,29,70,1,0,55,9,4,2,1,86,5,2,4,1,0,7,2,564,295,188,69,20,12,2,43,9,2,19,0,60,57,71,68,2,0
2021-02-06,LaLiga,3424256,Sevilla,Getafe,0.7257265521796565,0.20805812417437253,0.06621532364597094,3,0,0,77,18,5,2,0,91,10,3,11,2,1,12,6,720,275,381,64,35,16,2,56,15,1,7,0,54,58,66,76,1,0,23,4,0,0,0,64,11,1,2,2,0,1,3,216,61,77,44,0,24,1,42,14,0,13,2,35,42,34,63,4,1
2021-02-07,LaLiga,3424255,Real Sociedad,Cadiz,0.5993968916724658,0.31268847135235445,0.08791463697517977,4,1,0,75,17,6,8,4,90,7,5,4,7,0,13,4,695,276,350,62,36,21,3,83,4,0,3,0,37,55,38,68,0,0,25,2,1,1,0,71,7,1,1,0,0,2,0,229,106,56,46,10,17,0,57,12,7,20,2,35,45,63,57,2,1
2021-02-07,LaLiga,3424249,Athletic Club,Valencia,0.5133699981035463,0.3571022188507491,0.12952778304570453,1,1,1,50,11,2,3,3,76,10,6,6,3,0,8,3,433,135,194,40,28,20,2,60,8,4,13,1,54,53,56,65,2,0,50,15,2,0,0,79,8,6,9,4,1,10,5,439,199,146,55,33,21,1,53,12,3,21,2,46,47,44,56,1,0
2021-02-07,LaLiga,3424254,Osasuna,Eibar,0.4655902593965061,0.4060349391212282,0.12837480148226574,2,1,0,54,12,4,3,2,69,10,2,5,3,1,8,4,448,152,159,45,20,25,5,60,9,3,18,2,64,48,51,41,0,0,46,12,3,1,0,68,11,1,5,4,0,7,5,371,108,144,35,32,34,1,53,11,3,23,2,65,52,49,50,0,0
2021-02-07,LaLiga,3424251,Real Betis,Barcelona,0.17437812200413744,0.38533730258842525,0.4402845754074373,2,3,2,36,8,5,3,1,82,21,3,1,2,0,6,2,399,189,138,40,40,16,1,65,11,2,14,2,45,44,47,68,1,0,64,12,4,3,3,91,7,5,6,2,0,11,1,714,277,372,46,45,8,4,50,12,2,10,3,56,56,53,70,3,0
2021-02-08,LaLiga,3424250,Atletico Madrid,Celta Vigo,0.6769800343778923,0.22676186698400105,0.09625809863810657,2,2,1,45,9,2,2,0,78,12,1,4,3,0,5,4,432,160,179,43,36,24,4,50,15,4,14,0,63,58,43,74,2,0,55,7,2,2,0,83,17,4,1,4,0,4,3,514,218,208,55,12,18,0,69,19,2,15,0,53,42,57,56,2,0
2021-02-09,LaLiga,3424044,Real Madrid,Getafe,0.6921384276855371,0.20394078815763153,0.10392078415683137,2,0,0,68,14,4,3,1,86,8,8,7,3,1,10,4,638,295,251,49,20,26,1,64,11,0,9,0,54,59,55,76,1,0,32,1,0,0,0,66,16,1,1,0,0,1,0,296,87,107,35,25,25,1,63,12,3,16,2,39,41,45,55,1,0
2021-02-12,LaLiga,3424259,Celta Vigo,Elche,0.6169950738916257,0.3080186097427477,0.0749863163656267,3,1,0,50,9,6,4,1,77,11,3,3,0,0,8,1,420,160,164,58,20,20,1,67,15,1,18,1,61,57,61,71,3,0,50,7,2,1,0,78,15,6,4,1,0,4,3,402,159,154,56,15,27,2,77,8,0,19,3,44,43,39,47,2,0
2021-02-13,LaLiga,3424263,Granada,Atletico Madrid,0.2521747825217478,0.38866113388661133,0.3591640835916408,1,2,2,39,6,1,1,1,63,14,7,4,1,0,4,2,268,70,100,30,12,29,2,56,11,1,14,2,52,42,36,36,0,0,61,10,4,1,1,78,20,3,5,1,1,9,1,456,185,170,42,33,23,1,68,7,1,16,0,79,58,64,59,5,0
2021-02-13,LaLiga,3424266,Sevilla,SD Huesca,0.6603433951813902,0.27000830794793684,0.06964829687067295,1,0,0,66,14,4,2,1,87,14,6,6,4,0,8,6,539,216,255,55,21,21,4,67,12,2,27,5,50,48,51,67,3,0,34,9,5,3,3,71,15,6,2,2,1,7,2,256,106,76,43,21,24,0,38,7,4,15,4,51,52,49,56,4,0
2021-02-13,LaLiga,3424260,Eibar,Real Valladolid,0.5054242002781641,0.3732962447844228,0.12127955493741308,1,1,1,54,14,2,3,2,68,15,7,7,5,0,11,3,358,57,188,49,30,36,3,58,10,2,24,0,75,51,59,78,2,0,46,5,1,1,0,59,12,3,2,2,0,4,1,322,72,117,33,12,28,4,50,12,5,33,1,61,49,41,53,3,0
2021-02-13,LaLiga,3424258,Barcelona,Deportivo Alaves,0.7789899485167934,0.14930129933807307,0.07170875214513361,5,1,0,74,17,9,4,2,91,10,5,4,4,0,11,6,870,306,487,63,40,17,5,50,5,1,15,1,33,45,45,50,0,0,26,6,2,2,1,74,14,4,3,1,0,4,2,294,131,87,58,26,8,0,50,23,4,8,4,40,55,55,63,2,0
2021-02-14,LaLiga,3424261,Getafe,Real Sociedad,0.29350244770805517,0.4457053849577214,0.2607921673342234,0,1,2,44,4,0,0,0,63,23,2,1,3,0,3,1,318,101,98,31,18,23,2,75,11,0,19,1,56,44,53,83,3,0,56,3,2,2,1,72,19,5,1,0,1,3,0,390,160,119,37,29,29,2,17,10,3,11,0,61,56,47,80,3,0
2021-02-14,LaLiga,3424265,Real Madrid,Valencia,0.6520715284421224,0.22194421958937377,0.12598425196850394,2,0,0,61,16,7,0,0,91,13,6,4,5,0,5,11,658,234,366,79,33,20,2,71,11,2,4,1,44,51,39,65,0,0,39,4,1,0,0,84,12,1,1,2,0,1,3,417,161,191,63,0,13,0,67,9,5,8,5,47,49,61,69,3,0
2021-02-14,LaLiga,3424264,Levante,Osasuna,0.5734386571216984,0.3379412490743026,0.08862009380399902,0,1,2,63,13,4,2,2,76,13,2,4,5,0,10,3,544,238,178,43,20,27,1,54,10,1,7,1,58,48,48,65,1,0,37,7,2,1,0,64,10,1,4,1,0,7,0,312,88,113,46,29,25,2,33,13,5,25,4,63,52,52,58,2,0
2021-02-14,LaLiga,3424267,Villarreal,Real Betis,0.5444444444444444,0.3382936507936508,0.11726190476190476,1,2,2,56,9,5,1,0,85,19,7,3,1,0,5,4,492,211,208,60,13,21,4,56,8,5,11,2,48,47,44,85,3,0,44,15,4,1,0,80,13,3,6,5,0,8,7,400,161,159,42,30,17,0,50,15,1,22,4,55,53,56,53,2,0
2021-02-15,LaLiga,3424262,Cadiz,Athletic Club,0.28946637020566984,0.42287381878821567,0.2876598110061145,0,4,2,42,11,2,1,1,78,15,5,5,4,0,8,3,340,131,133,45,14,16,2,50,15,2,11,3,45,47,50,50,3,0,58,13,8,3,1,82,13,8,4,1,0,11,2,476,228,162,55,16,21,2,71,11,3,17,2,49,53,50,52,2,0
2021-02-17,LaLiga,3424054,Levante,Atletico Madrid,0.22637054526673062,0.4025676971888143,0.3710617575444551,1,1,1,36,7,4,1,0,77,10,1,3,0,0,3,4,342,179,85,46,10,10,1,61,21,2,40,5,38,46,35,28,1,0,64,14,6,1,1,83,10,8,6,2,0,10,4,592,189,303,53,25,26,4,61,8,0,7,3,48,54,65,56,3,0
2021-02-19,LaLiga,3424271,Real Betis,Getafe,0.5725437415881561,0.32059219380888293,0.10686406460296097,1,0,0,65,12,5,5,4,79,17,5,5,2,0,8,4,518,230,177,41,60,27,0,57,10,2,17,1,68,58,36,81,3,1,35,6,1,0,0,65,18,2,3,2,0,4,2,272,60,118,31,6,29,2,80,9,2,8,4,67,42,64,64,4,0
2021-02-20,LaLiga,3424277,Elche,Eibar,0.36561743341404357,0.4420231369383912,0.19235942964756525,1,0,0,48,6,2,0,0,71,16,1,4,0,0,5,1,382,148,122,45,33,17,1,18,12,2,22,3,62,52,55,71,2,0,52,13,3,3,3,72,9,4,8,2,0,11,2,384,122,153,44,29,25,2,56,8,0,8,1,54,48,45,83,1,0
2021-02-20,LaLiga,3424269,Atletico Madrid,Levante,0.6176298890834793,0.26250243237984044,0.11986767853668029,0,2,2,55,28,11,3,3,86,10,12,13,4,1,19,9,460,164,231,66,38,25,4,54,14,2,10,0,48,53,79,75,2,0,45,6,1,2,1,79,15,2,3,2,0,5,1,383,208,93,50,18,14,2,45,11,5,32,10,33,47,21,64,3,0
2021-02-20,LaLiga,3424275,Valencia,Celta Vigo,0.500388198757764,0.3643245341614907,0.13528726708074534,2,0,0,58,10,3,2,0,82,9,6,6,1,0,5,5,482,156,241,58,15,19,2,55,13,0,18,2,71,63,57,74,2,0,42,5,2,1,1,75,19,1,3,0,0,3,2,355,142,125,41,29,24,0,46,8,1,26,1,46,37,43,50,3,0
2021-02-20,LaLiga,3424276,Real Valladolid,Real Madrid,0.20993667803214808,0.3812539141326282,0.40880940783522374,0,1,2,34,9,5,2,2,70,13,4,1,3,0,6,3,287,95,107,31,25,29,2,44,10,1,20,1,43,41,32,63,4,0,66,10,2,2,1,87,11,5,7,1,0,4,6,554,246,235,65,19,25,4,37,14,3,17,5,69,59,68,82,2,0
2021-02-21,LaLiga,3424270,Barcelona,Cadiz,0.7493858930869107,0.16352789799976605,0.0870862089133232,1,1,1,81,20,4,2,1,92,13,8,11,5,0,12,8,885,172,638,77,14,29,8,100,6,1,10,0,44,41,64,54,0,0,19,3,1,2,1,57,12,0,1,1,0,3,0,198,58,55,29,0,15,0,63,21,4,27,3,47,59,36,100,2,0
2021-02-21,LaLiga,3424274,Real Sociedad,Deportivo Alaves,0.5858310626702997,0.3232775398987933,0.09089139743090696,4,0,0,65,8,4,4,0,83,17,4,0,4,0,8,0,495,240,171,49,19,24,1,33,6,2,16,2,48,48,36,61,3,0,35,7,2,0,0,74,16,3,3,2,0,5,2,265,126,71,57,17,20,3,50,8,3,19,0,62,52,64,67,2,0
2021-02-21,LaLiga,3424272,SD Huesca,Granada,0.30094380094380097,0.43329043329043326,0.26576576576576577,3,2,0,60,15,6,3,1,79,13,5,7,2,1,9,6,429,219,119,39,38,15,4,45,7,0,8,3,56,61,57,87,3,0,40,8,5,1,0,71,14,2,3,0,0,4,4,281,104,96,37,11,27,3,80,9,2,22,4,38,39,43,50,3,1
2021-02-21,LaLiga,3424268,Athletic Club,Villarreal,0.4960138648180243,0.35649913344887346,0.14748700173310225,1,1,1,48,18,8,4,3,87,12,6,3,7,0,10,8,469,161,248,67,15,28,1,59,7,0,8,1,45,43,65,38,2,0,52,3,2,0,0,84,12,0,1,0,0,1,2,525,304,136,49,18,16,1,47,19,7,19,7,51,57,35,88,2,0
2021-02-22,LaLiga,3424273,Osasuna,Sevilla,0.20919400567031188,0.44106925880923453,0.34973673552045365,0,2,2,41,6,0,1,1,77,14,3,5,1,1,5,1,377,115,175,49,26,18,3,50,10,3,14,3,48,42,52,29,2,0,59,10,5,1,0,82,15,5,2,3,0,8,2,557,271,184,37,13,26,4,62,10,1,18,0,56,58,48,67,2,0
2021-02-24,LaLiga,3424040,Barcelona,Elche,0.7230523917995444,0.18510250569476083,0.09184510250569476,3,0,0,65,9,5,5,2,91,8,6,1,3,0,7,2,772,301,399,64,25,12,3,62,7,0,6,1,56,67,64,69,0,0,35,6,1,0,0,84,8,3,5,0,0,4,2,405,215,124,46,50,11,1,64,18,3,17,2,28,33,36,33,0,0
2021-02-26,LaLiga,3424284,Levante,Athletic Club,0.3769698334083746,0.3939666816749212,0.2290634849167042,1,1,1,44,10,4,1,0,77,11,2,5,1,0,6,4,389,216,84,46,22,21,1,56,16,2,22,4,35,56,25,64,4,0,56,11,5,4,3,84,13,10,4,2,0,7,4,477,202,197,61,12,17,4,38,6,1,8,3,39,44,75,71,1,1
2021-02-27,LaLiga,3424280,Eibar,SD Huesca,0.5954692556634305,0.1715210355987055,0.23300970873786409,1,1,1,55,17,3,2,1,80,19,6,11,3,1,12,5,438,168,184,58,30,13,3,67,9,1,19,0,51,45,49,71,2,0,45,4,1,1,0,70,11,2,2,1,0,2,2,379,200,66,29,22,27,9,50,13,3,16,2,58,55,51,47,2,0
2021-02-27,LaLiga,3424286,Sevilla,Barcelona,0.33471854930109557,0.3287998992570205,0.3364815514418839,0,2,2,44,4,2,0,0,85,20,3,2,0,0,3,1,487,253,159,42,14,16,2,44,14,1,10,3,46,39,57,67,5,0,56,9,5,3,1,87,9,3,3,1,1,7,2,618,248,292,40,20,9,2,61,15,0,8,2,62,61,43,62,2,0
2021-02-27,LaLiga,3424278,Deportivo Alaves,Osasuna,0.40410070075266025,0.4103296132883467,0.18556968595899298,0,1,2,53,4,1,1,1,70,18,5,2,1,0,3,1,358,143,109,35,13,22,4,58,7,3,24,1,58,47,47,43,3,0,47,6,3,2,2,67,20,2,1,2,0,3,3,312,102,106,43,38,28,3,45,9,1,23,1,65,53,53,60,4,0
2021-02-27,LaLiga,3424281,Getafe,Valencia,0.3527596223674655,0.4163035584604212,0.23093681917211328,3,0,0,42,15,4,0,0,59,21,3,8,3,0,13,2,253,43,107,32,25,30,2,64,7,2,15,0,58,46,43,65,5,0,58,6,0,0,0,69,12,6,4,2,0,2,4,362,130,121,54,14,23,3,60,11,3,19,1,71,54,57,50,2,1
2021-02-28,LaLiga,3424279,Celta Vigo,Real Valladolid,0.5527756059421423,0.34792806880375293,0.09929632525410477,1,1,1,66,11,2,2,1,82,20,3,6,3,1,8,3,509,220,195,56,20,26,3,69,14,1,11,2,64,47,56,55,3,0,34,7,3,1,0,66,20,5,3,1,0,4,3,258,82,87,40,0,28,1,61,17,3,17,1,64,53,44,53,5,0
2021-02-28,LaLiga,3424282,Cadiz,Real Betis,0.2731037489102005,0.4474716652136007,0.2794245858761988,0,1,2,35,5,3,0,0,68,9,3,1,1,0,2,3,295,106,95,36,0,22,2,25,9,2,18,3,58,58,44,78,1,0,65,9,4,1,0,85,13,7,3,2,0,1,8,566,193,288,52,22,20,1,64,13,1,15,3,51,42,56,53,2,0
2021-02-28,LaLiga,3424283,Granada,Elche,0.5873954721599021,0.3253110340607791,0.08729349377931879,2,1,0,43,13,4,2,2,66,14,5,6,3,0,7,6,290,82,109,34,33,20,0,53,14,2,19,3,62,51,49,63,3,0,57,12,4,1,1,70,12,5,6,2,0,9,3,382,132,137,43,32,23,0,50,10,3,13,2,61,49,51,18,2,0
2021-02-28,LaLiga,3424287,Villarreal,Atletico Madrid,0.3500339673913043,0.3716881793478261,0.27827785326086957,0,2,2,64,19,6,2,2,87,15,10,7,6,1,10,9,609,221,308,70,29,15,1,45,8,0,9,4,55,48,50,54,2,0,36,6,5,2,2,76,19,2,1,0,0,4,2,354,109,161,38,40,21,1,50,17,6,33,6,59,52,50,82,3,0
2021-03-01,LaLiga,3424285,Real Madrid,Real Sociedad,0.672169713979116,0.21016137686243758,0.1176689091584465,1,1,1,60,20,3,2,1,89,6,13,9,8,0,12,8,577,190,321,69,22,21,2,79,5,2,9,1,46,57,48,54,0,0,40,6,2,2,2,83,10,4,2,2,0,5,1,397,190,139,45,14,14,2,58,8,9,32,1,39,43,52,36,1,0
2021-03-05,LaLiga,3424295,Valencia,Villarreal,0.41501501501501503,0.380980980980981,0.204004004004004,2,1,0,53,25,4,1,0,85,12,5,16,5,1,14,11,448,179,203,58,42,24,3,56,8,0,5,4,47,51,50,60,4,0,47,10,5,3,2,82,10,3,4,1,0,8,2,413,158,180,47,38,13,0,73,8,5,17,2,46,49,50,46,3,0
2021-03-06,LaLiga,3424296,Real Valladolid,Getafe,0.3216346153846154,0.446875,0.23149038461538463,2,1,0,50,4,3,2,0,61,16,1,1,0,0,2,2,299,97,84,36,33,31,3,45,12,1,35,1,66,48,48,38,2,0,50,9,2,2,2,56,19,6,6,1,0,7,2,281,45,111,40,21,33,1,42,16,0,5,1,72,52,52,44,2,1
2021-03-06,LaLiga,3424297,Elche,Sevilla,0.18929227291990394,0.4421528464472383,0.36855488063285774,2,1,0,37,6,3,2,1,78,16,6,1,2,0,4,2,280,94,124,50,35,14,0,92,13,1,10,2,46,42,58,82,4,0,63,11,3,2,1,86,11,3,6,2,0,5,6,512,285,157,45,42,14,1,56,10,2,18,1,53,58,42,90,0,0
2021-03-06,LaLiga,3424291,Cadiz,Eibar,0.4326670173592846,0.40610205155181484,0.16123093108890058,1,0,0,32,6,2,4,3,56,7,0,4,0,0,5,1,244,55,82,41,17,26,3,67,9,5,30,1,56,53,51,46,2,0,68,16,1,3,3,77,11,12,10,5,0,10,6,502,155,234,48,21,30,2,33,4,0,9,1,52,47,49,57,2,0
2021-03-06,LaLiga,3424293,Osasuna,Barcelona,0.14577691482295232,0.39532982474068773,0.4588932604363599,0,2,2,37,10,3,1,1,80,4,3,4,3,0,8,2,406,184,139,61,48,19,0,42,8,5,13,4,36,46,55,40,0,0,63,13,6,0,0,89,12,4,2,5,0,6,7,723,287,357,58,11,15,3,64,11,3,16,3,38,54,45,73,2,0
2021-03-07,LaLiga,3424292,SD Huesca,Celta Vigo,0.5257731958762887,0.23367697594501718,0.24054982817869416,3,4,2,50,19,7,5,3,76,12,6,10,2,1,14,5,397,173,127,45,29,26,2,25,8,1,4,3,73,65,61,81,0,0,50,10,7,1,1,78,21,3,1,2,2,6,4,415,190,133,29,7,12,0,50,6,4,25,2,42,35,39,50,2,0
2021-03-07,LaLiga,3424289,Atletico Madrid,Real Madrid,0.3732218409567912,0.3345770729919712,0.2922010860512376,1,1,1,39,11,5,3,2,83,19,1,3,3,0,6,5,430,156,202,53,20,14,0,50,8,1,23,7,49,50,47,63,5,0,61,18,8,2,1,88,9,6,8,2,0,8,10,647,244,328,81,14,20,0,59,8,3,11,4,50,50,53,36,1,0
2021-03-07,LaLiga,3424294,Real Sociedad,Levante,0.5518180362005446,0.3307704629184687,0.1174115008809867,1,0,0,52,25,8,8,7,79,13,7,13,4,1,21,4,394,120,192,52,52,34,4,52,10,2,10,1,67,61,62,64,0,0,48,6,1,0,0,77,14,5,3,2,0,3,3,359,169,108,57,29,13,0,36,14,5,18,6,43,39,38,50,2,0
2021-03-07,LaLiga,3424288,Athletic Club,Granada,0.5506255455338959,0.3295024730869945,0.11987198137910969,2,1,0,49,7,5,2,1,73,10,6,0,2,0,5,2,408,160,139,37,10,20,1,62,9,5,21,2,48,56,40,90,2,0,51,13,3,2,1,78,10,9,5,5,0,9,4,433,162,175,58,18,20,2,50,13,2,23,3,50,44,60,100,2,0
2021-03-08,LaLiga,3424290,Real Betis,Deportivo Alaves,0.6404313905461221,0.2805185865075723,0.07905002294630564,3,2,0,77,23,8,3,1,89,13,12,5,10,0,12,11,666,288,305,62,19,17,1,60,5,0,5,1,44,45,38,69,0,0,23,4,3,2,1,63,11,1,1,0,0,3,1,202,71,56,47,29,17,0,58,13,11,28,4,61,55,63,67,3,0
2021-03-10,LaLiga,3424208,Atletico Madrid,Athletic Club,0.6167300085317614,0.2550221050182269,0.12824788645001164,2,1,0,47,11,5,2,0,84,12,5,3,3,0,5,6,516,244,189,64,21,9,3,61,13,2,21,1,51,58,59,75,2,0,53,4,2,1,0,83,13,4,0,2,0,4,0,570,203,270,64,26,33,0,50,12,3,11,3,37,42,41,67,2,0
2021-03-12,LaLiga,3424304,Levante,Valencia,0.4063384883467654,0.39751688085384446,0.19614463079939012,1,0,0,44,11,3,2,2,77,17,3,6,2,1,8,3,374,160,129,39,21,17,2,56,10,5,9,2,55,56,48,80,3,0,56,11,2,1,1,82,13,3,3,6,0,5,6,470,216,169,58,7,24,3,63,13,2,4,2,46,44,52,71,4,0
2021-03-13,LaLiga,3424298,Deportivo Alaves,Cadiz,0.4383337233793588,0.4036976363210859,0.15796864029955535,1,1,1,51,9,3,3,2,71,22,2,6,0,0,6,3,380,133,135,49,38,33,0,67,3,1,16,0,57,31,63,71,1,1,49,9,1,2,1,70,6,5,7,1,0,7,2,355,130,117,34,17,23,2,50,14,1,12,1,67,69,37,81,3,0
2021-03-13,LaLiga,3424306,Real Madrid,Elche,0.7276373028820011,0.188689505165851,0.08367319195214791,2,1,0,66,17,4,2,1,87,11,6,10,3,0,10,7,596,203,318,66,27,22,3,67,13,0,14,1,53,57,61,86,1,0,34,3,2,2,1,75,16,1,1,0,0,3,0,311,132,102,52,27,23,1,64,7,3,22,2,38,43,39,75,1,0
2021-03-13,LaLiga,3424305,Osasuna,Real Valladolid,0.4971985383678441,0.3792935444579781,0.12350791717417783,0,0,1,53,14,2,0,0,68,12,7,8,4,0,7,7,385,91,172,38,24,24,3,63,11,4,18,2,76,57,61,71,2,0,47,12,2,1,1,66,9,3,6,4,0,6,6,334,95,126,37,23,28,3,64,14,4,21,2,53,43,39,45,3,0
2021-03-13,LaLiga,3424302,Getafe,Atletico Madrid,0.2550600192762639,0.40970822745991414,0.33523175326382193,0,0,1,27,11,2,0,0,54,9,3,8,1,0,7,4,210,15,99,30,39,14,0,59,8,2,24,7,60,57,47,47,2,1,73,15,7,2,2,85,17,11,6,2,1,11,4,584,227,269,66,29,25,6,53,3,1,21,2,52,43,53,55,5,0
2021-03-14,LaLiga,3424300,Celta Vigo,Athletic Club,0.37069813176007865,0.4263520157325467,0.20294985250737463,0,0,1,66,12,3,2,2,86,20,1,5,4,0,4,8,629,240,299,47,17,27,0,53,15,1,14,1,55,49,43,67,3,0,34,6,1,2,2,71,13,3,4,1,0,3,3,312,113,107,50,22,25,1,69,18,4,17,3,62,51,57,92,1,0
2021-03-14,LaLiga,3424303,Granada,Real Sociedad,0.3105977264393106,0.4305097176384305,0.2588925559222589,1,0,0,32,7,2,0,0,65,23,4,5,0,0,3,4,222,85,59,38,25,25,1,44,13,3,19,1,62,49,56,75,2,0,68,7,1,0,0,81,16,6,3,3,0,2,5,454,198,171,48,15,30,2,65,6,0,12,1,59,51,44,45,3,0
2021-03-14,LaLiga,3424301,Eibar,Villarreal,0.24128837822565455,0.44904878508193635,0.3096628366924091,1,3,2,60,16,7,1,1,84,12,7,5,4,0,10,6,500,190,229,65,13,23,3,53,4,2,14,5,51,49,52,71,2,0,40,13,8,6,3,72,9,2,3,2,0,11,2,352,141,111,40,50,19,3,71,7,4,34,6,51,51,48,40,2,1
2021-03-14,LaLiga,3424307,Sevilla,Real Betis,0.5989995346672871,0.28513261982317356,0.11586784550953932,1,0,0,53,9,3,1,0,84,12,3,4,2,0,6,3,510,273,154,62,44,18,2,75,9,5,28,2,56,44,58,67,3,0,47,13,3,0,0,80,14,6,5,5,0,8,5,438,156,194,41,32,23,1,56,11,2,1,2,59,56,42,86,7,0
2021-03-15,LaLiga,3424299,Barcelona,SD Huesca,0.7907309690350555,0.13911727410316194,0.07015175686178263,4,1,0,69,12,5,2,1,93,8,7,4,3,2,5,7,903,241,595,63,33,13,2,45,11,0,9,3,42,51,55,92,0,0,31,8,4,3,2,84,13,3,4,0,0,8,0,394,195,134,54,31,13,0,43,17,3,16,1,40,49,45,57,2,0
2021-03-17,LaLiga,3424056,Sevilla,Elche,0.6938911022576362,0.23616644532979195,0.06994245241257194,2,0,0,67,13,8,3,2,91,9,4,5,0,0,8,5,695,381,248,68,18,10,0,71,10,3,14,5,49,58,47,92,2,0,33,11,5,1,1,83,8,1,3,3,0,3,8,332,169,107,52,22,18,0,44,12,0,13,6,42,42,53,50,1,0
2021-03-19,LaLiga,3424310,Real Betis,Levante,0.6013485040033713,0.29933979491501617,0.09931170108161258,2,0,0,56,15,6,5,3,84,14,4,6,3,0,10,5,527,252,189,43,23,16,3,46,20,2,10,1,36,52,31,69,2,0,44,7,1,1,1,77,10,1,4,2,0,2,5,399,177,131,42,19,22,4,45,16,3,9,4,39,48,69,56,0,0
2021-03-20,LaLiga,3424308,Athletic Club,Eibar,0.650770811921891,0.2760534429599178,0.07317574511819117,1,1,1,56,18,4,2,2,78,5,10,8,6,0,11,7,500,206,185,57,18,34,1,57,12,1,8,1,58,57,44,46,1,0,44,4,2,1,0,75,15,1,1,1,0,4,0,406,136,168,51,25,20,2,62,10,6,22,3,55,43,56,56,1,0
2021-03-20,LaLiga,3424311,Celta Vigo,Real Madrid,0.2058528906697195,0.397610188895249,0.39653692043503147,1,3,2,51,8,3,1,0,84,23,1,2,3,0,6,2,496,222,196,58,30,17,1,71,9,8,15,1,40,41,60,78,3,0,49,16,4,3,1,84,13,7,4,8,0,13,3,471,212,182,59,23,20,0,64,15,3,16,2,51,59,40,73,4,0
2021-03-20,LaLiga,3424313,SD Huesca,Osasuna,0.3783016188582789,0.4206191422891224,0.2010792388525987,0,0,1,56,15,3,0,0,75,9,5,7,5,1,7,8,432,172,152,48,22,29,2,84,7,2,15,2,63,59,49,63,1,0,44,7,2,1,1,69,13,1,3,2,0,3,4,357,101,146,38,15,23,3,50,13,5,34,3,52,41,51,50,2,0
2021-03-20,LaLiga,3424316,Real Valladolid,Sevilla,0.17772367620206939,0.45876445526475956,0.363511868533171,1,1,1,32,3,2,1,0,72,17,2,1,0,0,3,0,283,96,109,33,13,11,0,57,14,3,24,3,46,42,55,78,3,0,68,11,4,2,1,88,10,8,4,3,1,5,6,613,294,248,63,28,23,1,47,5,0,12,1,55,58,45,56,1,0
2021-03-21,LaLiga,3424312,Getafe,Elche,0.6778242677824268,0.17573221757322174,0.14644351464435146,1,1,1,48,12,5,2,1,58,17,4,4,3,0,6,6,287,48,119,42,20,25,0,56,12,1,27,1,81,54,53,71,3,0,52,6,2,1,0,60,21,8,3,1,0,4,2,299,76,103,35,29,25,2,62,8,2,27,4,71,46,47,61,7,0
2021-03-21,LaLiga,3424315,Valencia,Granada,0.5192307692307693,0.3425760286225403,0.1381932021466905,2,1,0,49,18,9,3,3,78,11,3,5,4,0,8,10,397,162,149,49,24,18,3,38,13,4,20,2,48,52,47,86,0,0,51,15,3,2,1,77,11,4,8,4,0,6,9,405,124,186,52,30,22,5,42,9,5,14,6,47,48,53,89,3,0
2021-03-21,LaLiga,3424317,Villarreal,Cadiz,0.6296916088931389,0.29500358594310305,0.07530480516375807,2,1,0,58,13,4,2,0,86,14,5,3,6,0,12,1,483,175,242,62,29,15,2,69,12,1,25,2,48,43,67,61,3,0,42,9,3,1,0,80,6,6,5,1,0,6,3,329,124,139,52,9,25,2,31,16,5,26,2,47,57,33,67,3,0
2021-03-21,LaLiga,3424309,Atletico Madrid,Deportivo Alaves,0.6389274156264447,0.24214054553860379,0.11893203883495146,1,0,0,62,8,4,1,0,82,17,5,4,0,0,4,4,539,189,253,50,14,19,5,53,9,4,14,3,61,53,45,83,3,0,38,9,3,1,1,69,12,5,2,4,0,7,2,326,126,99,36,6,15,1,50,17,0,25,3,59,47,55,57,3,0
2021-03-21,LaLiga,3424314,Real Sociedad,Barcelona,0.19509174311926605,0.3922935779816514,0.41261467889908254,1,6,2,31,10,5,1,1,80,11,1,1,4,0,4,6,333,185,81,44,40,12,1,65,16,4,11,4,52,52,50,56,3,0,69,14,10,6,1,90,12,1,0,4,0,8,6,746,312,361,47,50,22,2,71,5,4,4,4,48,48,50,70,2,0
2021-04-02,LaLiga,3424322,Levante,SD Huesca,0.6739586454899611,0.25606832484267306,0.06997302966736589,0,2,2,62,13,3,0,0,85,15,8,7,3,0,6,7,527,218,228,59,22,28,4,69,11,0,5,0,40,32,46,46,2,0,38,6,2,2,0,73,7,2,4,0,0,4,2,331,167,74,34,67,23,4,48,12,3,21,3,74,68,54,80,2,0
2021-04-03,LaLiga,3424321,Granada,Villarreal,0.31479591836734694,0.41581632653061223,0.2693877551020408,0,3,2,44,6,2,2,2,77,14,3,3,1,0,4,2,311,124,117,57,15,30,3,71,12,5,10,2,55,48,48,53,2,0,56,15,6,5,2,83,14,5,5,4,1,12,3,407,179,158,58,53,24,0,68,8,1,15,2,60,52,52,74,2,0
2021-04-03,LaLiga,3424324,Real Madrid,Eibar,0.7641620193718814,0.1600381567361315,0.07579982389198708,2,0,0,64,21,8,3,1,88,6,6,6,7,1,10,11,611,325,212,69,35,23,4,50,15,0,24,4,46,51,56,82,0,0,36,10,4,0,0,75,8,9,6,0,0,4,6,327,111,134,48,16,22,0,29,17,7,9,6,41,49,44,64,2,0
2021-04-03,LaLiga,3424323,Osasuna,Getafe,0.408062015503876,0.4266666666666667,0.16527131782945736,0,0,1,59,4,1,0,0,67,23,2,2,1,0,4,0,408,131,142,41,6,23,0,15,8,1,32,2,89,50,60,67,2,0,41,6,2,0,0,50,18,4,3,1,0,2,4,271,43,92,24,16,26,3,65,13,1,24,2,72,50,40,0,2,0
2021-04-04,LaLiga,3424318,Deportivo Alaves,Celta Vigo,0.31437736949547973,0.4351122776319627,0.2505103528725576,1,3,2,54,17,7,3,2,77,9,6,3,7,0,10,7,356,118,156,56,32,28,1,64,5,1,5,3,73,59,67,76,4,0,46,8,6,6,3,71,21,2,1,1,0,7,1,329,140,93,19,0,16,4,82,6,6,24,6,45,41,33,50,3,1
2021-04-04,LaLiga,3424327,Elche,Real Betis,0.22244714349977507,0.4721097615834458,0.3054430949167791,1,1,1,46,7,3,1,0,81,9,7,0,4,0,7,0,395,170,149,47,29,18,1,42,3,3,10,2,50,57,33,65,1,0,54,13,3,3,2,84,15,2,7,3,0,7,6,480,214,190,57,40,18,2,53,8,4,17,2,46,43,67,67,4,0
2021-04-04,LaLiga,3424320,Cadiz,Valencia,0.2549514563106796,0.44737864077669903,0.29766990291262135,2,1,0,32,6,2,2,1,66,10,4,4,0,0,4,2,244,78,84,39,14,23,0,44,17,1,15,5,49,49,59,58,2,0,68,11,6,2,1,85,7,13,4,1,1,6,5,540,224,233,57,19,16,2,69,12,0,20,0,45,51,41,59,2,0
2021-04-04,LaLiga,3424326,Sevilla,Atletico Madrid,0.4457953394123607,0.3384715588363005,0.21573310175133883,1,0,0,57,18,5,2,2,85,13,3,8,5,1,12,6,585,220,277,49,38,27,2,67,9,3,24,4,44,48,47,50,2,0,43,9,4,1,1,79,11,2,2,3,0,3,6,443,173,179,49,10,18,3,77,10,5,17,4,49,52,53,73,4,0
2021-04-05,LaLiga,3424319,Barcelona,Real Valladolid,0.8117999079330981,0.1220270062912383,0.06617308577566365,1,0,0,68,25,10,2,2,90,12,4,8,7,0,10,15,697,161,463,70,33,19,1,27,6,0,10,2,47,48,46,59,3,0,32,7,2,0,0,75,13,1,5,0,1,3,4,317,113,124,42,8,12,2,53,16,6,21,9,52,52,54,64,3,1
2021-04-07,LaLiga,3424325,Real Sociedad,Athletic Club,0.6108200455580866,0.2835990888382688,0.10558086560364464,1,1,1,51,12,2,1,1,81,18,3,10,0,0,7,5,435,226,125,54,38,23,0,67,10,2,17,1,57,45,59,86,3,0,49,11,2,1,0,78,7,6,7,2,0,6,5,405,139,178,42,21,18,3,67,7,0,9,2,59,55,41,72,1,0
2021-04-09,LaLiga,3424333,SD Huesca,Elche,0.5211856701218404,0.3493362429532642,0.12947808692489543,3,1,0,33,8,5,1,0,73,17,6,1,2,0,5,3,262,111,81,33,27,21,1,52,10,2,21,2,53,55,46,75,2,0,67,8,2,1,1,89,13,6,3,3,0,4,4,525,243,224,59,26,24,0,80,4,2,16,2,47,45,54,40,2,0
2021-04-10,LaLiga,3424332,Getafe,Cadiz,0.5643835616438356,0.32602739726027397,0.1095890410958904,0,1,2,58,19,4,4,4,69,10,10,9,6,0,10,9,408,81,201,45,24,28,2,59,7,0,19,3,74,55,45,58,3,0,42,8,3,1,1,57,13,4,4,1,1,5,3,310,91,86,33,27,28,2,63,7,6,39,3,76,45,55,50,2,0
2021-04-10,LaLiga,3424328,Athletic Club,Deportivo Alaves,0.6513526119402985,0.2775186567164179,0.07112873134328358,0,0,1,44,11,4,3,3,76,13,6,5,2,1,7,4,397,135,165,51,20,28,3,55,11,4,15,0,44,53,38,100,2,0,56,9,0,0,0,80,15,6,5,4,0,6,3,501,245,155,45,14,25,4,100,12,2,16,4,48,47,63,64,2,0
2021-04-10,LaLiga,3424331,Eibar,Levante,0.380393227744402,0.422992900054615,0.19661387220098306,0,1,2,53,10,4,0,0,73,9,6,4,2,0,5,5,449,154,176,45,19,20,1,73,14,2,7,0,57,55,59,82,3,0,47,6,1,0,0,72,7,3,3,2,0,4,2,417,194,105,33,14,30,5,50,14,2,24,4,44,45,41,63,2,0
2021-04-10,LaLiga,3424334,Real Madrid,Barcelona,0.45859228804414637,0.2775266011938097,0.26388111076204396,2,1,0,31,14,3,2,2,78,16,5,6,5,0,9,5,316,123,123,54,42,14,0,61,11,7,19,3,48,53,44,80,1,1,69,18,4,1,1,90,10,6,7,7,0,11,7,707,210,426,55,33,26,1,44,9,4,11,1,46,47,56,76,4,0
2021-04-11,LaLiga,3424337,Villarreal,Osasuna,0.6782014547057527,0.25523473661009477,0.06656380868415253,1,2,2,68,15,6,2,2,83,6,6,6,3,0,11,4,570,205,267,46,29,31,2,54,6,5,13,2,61,65,43,75,0,0,32,12,4,2,2,66,12,5,3,5,0,9,3,258,69,100,41,33,17,2,62,9,3,28,6,48,35,57,40,0,0
2021-04-11,LaLiga,3424335,Valencia,Real Sociedad,0.40338266384778015,0.3871035940803383,0.20951374207188161,2,2,1,41,9,2,3,2,75,11,4,5,2,0,5,4,287,140,74,45,40,11,5,55,8,5,16,3,58,49,62,50,5,1,59,16,5,1,1,80,17,5,6,5,0,10,6,427,165,178,34,25,13,2,57,3,2,9,0,48,51,38,54,4,0
2021-04-11,LaLiga,3424336,Real Valladolid,Granada,0.4037406483790524,0.4082294264339152,0.18802992518703243,1,2,2,54,7,3,1,0,79,14,2,3,1,1,7,0,426,193,143,47,35,19,0,47,6,1,20,4,60,45,49,43,4,0,46,12,6,3,2,73,15,4,5,1,0,9,3,358,136,127,35,7,21,3,53,11,1,14,2,70,55,51,78,2,0
2021-04-11,LaLiga,3424329,Real Betis,Atletico Madrid,0.3993702264504891,0.34175264638885167,0.25887712716065925,1,1,1,54,8,4,1,0,86,12,5,1,3,0,6,2,544,250,218,49,56,16,0,60,8,2,34,3,64,55,58,59,0,0,46,10,4,1,0,83,13,5,4,2,0,6,4,458,209,170,41,13,27,3,45,12,3,11,4,50,45,42,38,0,0
2021-04-12,LaLiga,3424330,Celta Vigo,Sevilla,0.2210219293507616,0.4368585934968132,0.3421194771524252,3,4,2,42,12,5,3,0,77,18,5,3,4,0,8,4,366,142,141,39,21,15,0,55,10,2,19,2,54,49,37,67,3,0,58,13,6,3,2,85,15,2,5,2,0,7,6,496,257,163,56,26,28,0,75,10,4,17,2,63,51,63,63,1,0
2021-04-18,LaLiga,3424366,Osasuna,Elche,0.5650102110279102,0.33458134785568416,0.10040844111640572,2,0,0,48,9,3,0,0,76,14,4,6,0,0,5,4,372,131,153,53,31,17,0,60,10,3,21,2,62,47,63,69,2,0,52,8,2,1,1,81,15,5,3,3,0,4,4,383,164,146,52,10,20,0,69,6,0,16,2,57,53,37,70,1,0
2021-04-18,LaLiga,3424367,Real Sociedad,Sevilla,0.3107344632768362,0.408286252354049,0.2809792843691149,1,2,2,49,5,2,0,0,77,20,7,1,2,0,2,3,351,184,88,45,13,18,0,85,6,3,15,4,55,49,54,77,3,0,51,15,7,8,6,80,15,3,6,2,1,12,3,378,151,153,39,31,22,2,54,10,2,21,1,54,51,46,67,2,0
2021-04-18,LaLiga,3424360,Atletico Madrid,Eibar,0.65323972839222,0.23777189550005753,0.10898837610772241,5,0,0,61,10,7,3,0,87,10,8,3,0,0,8,2,671,415,169,68,21,22,2,57,10,0,9,0,46,61,42,63,0,0,39,0,0,0,0,77,10,3,0,0,0,0,0,423,184,141,48,8,29,0,60,13,0,9,2,37,39,58,40,1,0
2021-04-18,LaLiga,3424358,Deportivo Alaves,SD Huesca,0.41322928279450016,0.40765514678558157,0.17911557041991824,1,0,0,51,10,2,0,0,83,15,7,5,3,1,5,5,432,171,186,51,31,20,2,73,6,2,19,1,36,45,52,33,1,0,49,9,1,1,1,80,13,3,6,2,1,4,5,409,201,127,43,17,25,4,25,6,3,19,1,40,55,48,69,2,0
2021-04-18,LaLiga,3424364,Cadiz,Celta Vigo,0.31030671456203374,0.42912406742193976,0.2605692180160265,0,0,1,23,5,2,0,0,61,6,4,3,0,0,2,3,213,59,71,35,12,20,0,67,13,0,26,4,35,44,55,50,0,0,77,11,4,0,0,89,13,7,7,0,0,5,6,744,196,468,62,18,21,4,45,5,0,17,2,37,56,45,78,1,0
2021-04-18,LaLiga,3424362,Real Betis,Valencia,0.53878733838609,0.32835488185465894,0.132857779759251,2,2,1,56,9,5,1,1,86,12,6,3,1,0,7,2,502,183,250,58,28,19,2,50,5,2,13,1,41,53,36,63,3,0,44,9,3,3,2,84,10,3,4,2,0,6,3,391,203,127,43,36,16,4,82,15,1,14,3,41,47,64,56,1,0
2021-04-18,LaLiga,3424363,Getafe,Real Madrid,0.20214340392957386,0.38713957642255675,0.41071701964786933,0,0,1,41,19,6,3,3,73,17,6,8,5,1,12,7,357,59,203,46,24,21,1,50,9,4,11,1,53,49,48,75,3,0,59,10,2,0,0,83,8,6,5,3,0,6,4,527,232,207,60,29,23,4,54,13,5,22,6,57,51,52,57,1,0
2021-04-18,LaLiga,3424365,Levante,Villarreal,0.26858660130718953,0.42769607843137253,0.3037173202614379,1,5,2,44,12,3,1,0,84,9,4,9,0,0,7,5,422,183,170,47,22,12,3,41,13,3,11,4,50,53,33,67,2,0,56,14,7,3,0,87,7,5,4,3,0,10,4,552,268,212,54,20,15,5,40,14,0,10,2,49,47,67,58,1,0
2021-04-21,LaLiga,3424344,Levante,Sevilla,0.216260970359331,0.430534856764365,0.353204172876304,0,1,2,43,6,1,0,0,78,15,2,2,3,0,3,3,376,171,122,49,11,23,1,56,10,2,12,2,41,42,48,56,4,0,57,10,3,2,1,85,13,3,4,3,0,8,2,516,254,186,55,38,29,3,53,10,3,15,1,53,58,52,85,1,0
2021-04-21,LaLiga,3424345,Osasuna,Valencia,0.3580154574918973,0.42458239840438794,0.21740214410371478,3,1,0,44,18,9,5,3,75,17,5,6,3,0,12,6,362,127,144,47,30,20,3,57,17,0,14,4,40,47,45,92,1,0,56,10,5,2,1,80,11,6,5,0,2,3,7,453,233,129,56,8,21,1,57,14,2,17,6,46,53,55,78,2,0
2021-04-21,LaLiga,3424341,Real Betis,Athletic Club,0.5410109680495947,0.32427277062470194,0.13471626132570338,0,0,1,40,6,2,0,0,79,10,5,3,1,0,4,2,324,133,123,52,38,17,4,50,15,4,27,4,50,61,40,78,3,1,60,16,4,0,0,87,16,4,8,4,1,9,7,477,148,267,66,13,17,3,70,7,1,13,2,41,39,60,78,2,0
2021-04-21,LaLiga,3424338,Deportivo Alaves,Villarreal,0.20448933782267115,0.4547699214365881,0.34074074074074073,2,1,0,32,9,4,2,0,74,8,3,5,0,0,6,3,288,138,76,48,36,20,1,70,10,4,26,3,55,61,65,56,2,0,68,10,5,2,1,88,11,8,2,3,0,7,3,592,208,313,58,25,25,2,79,9,0,11,2,34,39,35,40,1,0
2021-04-21,LaLiga,3424347,Elche,Real Valladolid,0.37588097102584184,0.4338292873923258,0.19028974158183243,1,1,1,45,9,3,2,1,79,23,4,3,3,0,7,2,307,115,127,44,28,24,2,69,8,4,24,3,47,42,48,63,5,0,55,12,4,2,1,77,11,6,4,4,0,8,4,366,138,145,50,35,24,1,90,10,3,16,2,59,58,53,54,3,0
2021-04-21,LaLiga,3424342,Cadiz,Real Madrid,0.2507523269647981,0.37371404576947304,0.37553362726572886,0,3,2,39,13,3,1,1,78,13,7,7,3,0,8,5,374,149,143,53,19,12,1,43,8,2,7,1,63,62,50,79,4,0,61,14,4,5,2,87,20,3,8,2,0,10,4,614,277,256,46,62,14,2,69,8,3,17,3,45,38,50,42,3,0
2021-04-22,LaLiga,3424339,Atlético Madrid,SD Huesca,0.6476937269372693,0.24363468634686347,0.10867158671586716,2,0,0,53,17,12,3,2,89,9,8,3,2,0,13,4,593,284,243,63,24,18,0,55,7,0,12,2,45,53,55,74,2,0,47,5,2,2,2,89,11,1,3,0,0,4,1,524,306,158,51,14,13,1,50,7,2,15,10,39,47,45,58,0,0
2021-04-22,LaLiga,3424343,Granada,Eibar,0.6927374301675978,0.1787709497206704,0.12849162011173185,4,1,0,33,8,4,4,1,65,13,4,4,0,0,4,4,240,86,70,41,9,37,3,60,6,1,30,2,44,39,50,47,1,0,67,16,3,3,2,82,10,7,11,2,0,11,5,474,187,200,53,24,20,1,64,9,0,13,0,58,61,50,76,1,0
2021-04-22,LaLiga,3424346,Real Sociedad,Celta Vigo,0.6070272020725389,0.30586139896373055,0.08711139896373057,2,1,0,41,7,3,3,1,72,17,2,2,2,1,6,1,317,103,124,47,30,21,1,89,6,2,22,2,55,39,48,46,4,0,59,10,3,0,0,78,17,4,5,2,0,7,3,445,177,168,56,24,22,3,48,4,2,8,1,74,61,52,86,5,0
2021-04-22,LaLiga,3424340,Barcelona,Getafe,0.7879603087100331,0.14103638368246968,0.07100330760749725,5,2,0,80,9,6,3,0,91,8,3,3,0,1,7,2,938,453,400,67,13,24,1,45,4,0,11,0,60,60,58,71,2,0,20,5,1,2,1,66,15,1,4,0,0,5,0,222,54,93,33,25,9,1,62,14,0,14,2,41,40,42,46,0,0
2021-04-24,LaLiga,3424357,Elche,Levante,0.35377906976744183,0.4232558139534884,0.22296511627906976,1,0,0,34,8,3,0,0,76,10,4,4,1,1,5,3,272,109,98,52,20,11,6,59,7,1,15,1,51,51,55,52,3,0,66,6,1,0,0,85,14,2,4,1,0,4,2,544,257,208,53,14,19,0,48,9,1,16,2,49,49,45,63,4,0
2021-04-24,LaLiga,3424355,Real Valladolid,Cadiz,0.48566463944396177,0.3825658847379091,0.13176947581812917,1,1,1,61,13,6,5,4,79,11,5,5,2,0,10,3,399,187,127,42,21,18,1,67,9,1,22,1,56,53,44,67,1,0,39,6,2,2,1,72,20,7,3,1,0,3,3,238,85,86,52,4,29,0,47,2,2,13,5,56,47,56,73,3,0
2021-04-24,LaLiga,3424354,Valencia,Deportivo Alaves,0.6201022146507666,0.28979746356236985,0.09010032178686353,1,1,1,54,9,2,1,0,82,17,7,4,3,0,4,5,426,185,164,57,17,23,2,80,9,1,16,1,35,40,41,50,4,0,46,6,2,2,1,75,15,2,3,1,0,5,1,365,163,110,32,26,15,3,67,5,3,15,1,52,60,59,73,0,1
2021-04-24,LaLiga,3424352,Real Madrid,Real Betis,0.6981665850606604,0.18981557042598335,0.11201784451335618,0,0,1,58,17,5,0,0,89,17,8,7,5,0,12,5,612,280,264,73,21,16,2,67,13,0,13,2,40,45,43,57,1,0,42,6,2,2,2,84,13,2,4,0,0,3,3,456,217,165,47,30,19,2,57,11,5,23,5,49,55,57,100,2,0
2021-04-25,LaLiga,3424351,SD Huesca,Getafe,0.3826247689463956,0.4214417744916821,0.19593345656192238,0,2,2,69,8,1,1,1,84,16,1,7,0,0,6,2,504,234,188,53,18,22,3,62,9,0,8,2,78,55,51,50,2,0,31,6,4,1,0,62,22,0,2,0,0,5,1,226,45,94,47,27,23,4,72,4,0,22,1,68,45,49,56,4,0
2021-04-25,LaLiga,3424356,Villarreal,Barcelona,0.1785138434606348,0.36992675173907036,0.45155940480029483,1,2,2,44,10,4,1,0,83,16,6,5,1,0,9,1,452,191,185,38,40,17,1,39,8,4,6,3,44,49,25,57,2,1,56,15,5,6,4,90,10,1,6,4,1,12,3,593,263,268,61,57,13,6,70,17,1,11,3,54,51,75,73,3,0
2021-04-25,LaLiga,3424349,Celta Vigo,Osasuna,0.5231299212598425,0.35851377952755903,0.11835629921259842,2,1,0,49,7,2,1,0,68,13,2,2,3,1,5,2,359,125,120,28,40,25,3,52,16,3,30,2,66,51,42,60,1,0,51,12,3,1,0,66,12,8,6,3,0,10,2,353,123,109,43,23,38,2,63,10,3,8,0,74,49,58,59,4,0
2021-04-25,LaLiga,3424353,Sevilla,Granada,0.6502301117685733,0.27169625246548323,0.07807363576594346,2,1,0,64,10,4,1,0,82,11,5,5,1,0,6,4,549,219,230,47,38,33,0,47,6,1,12,1,73,58,65,90,2,0,36,4,2,1,0,68,14,5,0,2,0,4,0,292,77,121,49,10,24,1,57,17,1,9,2,47,42,35,50,3,0
2021-04-25,LaLiga,3424348,Athletic Club,Atletico Madrid,0.39045137558433596,0.3518277262625489,0.25772089815311516,2,1,0,38,11,3,2,0,77,20,4,5,3,0,7,4,332,131,125,41,15,20,1,60,11,3,32,2,32,31,52,64,4,0,62,14,3,0,0,86,7,11,8,3,0,9,5,535,224,234,52,27,21,2,42,16,3,12,1,51,69,48,88,2,0
2021-04-26,LaLiga,3424350,Eibar,Real Sociedad,0.23960110221755676,0.44114945545204043,0.3192494423304028,0,1,2,53,14,5,0,0,75,8,2,2,7,0,10,4,462,150,198,57,29,29,3,43,13,2,6,1,68,57,61,71,5,0,47,5,2,2,1,71,20,3,1,2,0,4,1,415,199,95,39,29,26,1,63,12,7,19,5,48,43,39,55,1,0
2021-04-28,LaLiga,3424359,Athletic Club,Real Valladolid,0.6376565762004175,0.2805323590814196,0.08181106471816284,2,2,1,51,13,7,3,2,79,8,5,5,1,0,8,5,433,149,194,50,12,32,1,56,4,3,28,2,54,48,50,52,1,0,49,14,4,0,0,79,13,7,6,4,0,8,6,408,164,159,39,21,19,1,88,9,1,29,5,56,52,50,71,1,0
2021-04-29,LaLiga,3424361,Barcelona,Granada,0.7917194479631976,0.13534235615707713,0.07293819587972532,1,2,2,82,16,4,2,1,91,10,6,4,8,0,9,7,868,203,588,70,21,18,2,63,6,1,2,0,55,54,61,63,0,0,18,5,2,2,0,65,22,1,2,1,0,3,2,186,56,64,28,10,9,1,33,14,8,21,3,44,46,39,73,4,0
2021-04-30,LaLiga,3424368,Celta Vigo,Levante,0.582565653787983,0.3075759659012787,0.10985838031073834,2,0,0,54,8,5,5,3,76,12,1,3,0,0,7,1,428,171,154,37,0,30,4,59,7,2,17,2,40,44,35,20,2,0,46,10,2,2,2,72,13,5,6,2,0,7,3,347,124,125,45,36,33,1,70,22,0,16,3,56,56,65,72,2,0
2021-05-01,LaLiga,3424369,Eibar,Deportivo Alaves,0.4035850081477458,0.4033134166214014,0.1931015752308528,3,0,0,45,15,4,2,0,63,12,10,5,6,0,11,4,303,76,116,39,29,26,2,61,12,0,14,2,68,54,49,69,0,0,55,6,2,0,0,71,12,5,4,0,0,3,3,394,167,114,46,25,27,0,38,16,6,29,1,64,46,51,50,2,0
2021-05-01,LaLiga,3424377,Elche,Atletico Madrid,0.3022108693737338,0.3673037963533868,0.3304853342728794,0,1,2,51,6,1,2,2,83,20,3,4,1,1,6,0,414,203,142,59,13,19,0,67,12,4,12,3,43,41,40,15,3,0,49,11,4,1,1,82,16,2,3,4,0,6,5,417,187,153,49,40,20,4,62,6,1,9,1,62,59,60,52,3,0
2021-05-01,LaLiga,3424371,SD Huesca,Real Sociedad,0.2239782016348774,0.444141689373297,0.33188010899182563,1,0,0,47,10,3,0,0,73,14,2,4,3,0,5,5,340,158,90,31,31,30,4,70,3,2,18,3,45,44,60,57,2,0,53,7,3,0,0,78,11,7,2,2,0,4,3,397,172,136,42,25,33,5,71,2,3,15,3,46,56,40,54,2,0
2021-05-01,LaLiga,3424372,Real Madrid,Osasuna,0.7287883614739301,0.17558670489540193,0.09562493363066794,2,0,0,66,22,6,4,3,89,9,7,11,5,0,13,9,680,265,341,76,18,20,2,38,4,0,14,2,41,47,65,35,0,0,34,3,2,0,0,75,12,0,1,0,0,0,3,353,129,135,50,20,17,1,28,7,5,21,4,37,53,35,43,2,0
2021-05-02,LaLiga,3424375,Real Valladolid,Real Betis,0.30006551648831625,0.4188687486350732,0.28106573487661063,1,1,1,44,10,2,1,0,78,7,3,5,3,0,3,7,380,144,154,52,16,27,3,89,9,3,17,3,40,42,34,36,2,0,56,11,4,3,2,84,14,2,4,3,0,7,4,488,185,226,44,21,19,3,48,13,3,21,1,61,58,66,77,4,0
2021-05-02,LaLiga,3424376,Villarreal,Getafe,0.6419277108433735,0.28224899598393577,0.07582329317269076,1,0,0,67,4,3,0,0,80,13,4,0,1,0,2,2,561,280,169,51,11,19,2,50,9,3,21,3,60,54,42,54,1,0,33,15,3,0,0,60,17,4,9,3,0,6,9,267,41,120,28,37,23,3,59,5,1,9,2,59,46,58,33,2,0
2021-05-02,LaLiga,3424370,Granada,Cadiz,0.6060658880948231,0.3053860902910929,0.08854802161408401,0,1,2,65,9,2,1,1,71,12,6,4,3,0,5,4,399,134,151,32,37,25,5,69,3,2,23,3,50,43,47,40,5,1,35,8,4,4,3,57,10,5,2,2,0,4,4,209,57,62,36,11,27,3,29,6,3,30,2,61,57,53,50,2,0
2021-05-02,LaLiga,3424374,Valencia,Barcelona,0.2763083164300203,0.34851926977687625,0.37517241379310345,2,3,2,32,9,4,2,1,81,12,2,3,2,0,5,4,363,191,103,50,11,7,3,70,12,3,9,3,31,44,37,33,2,0,68,14,7,7,5,90,14,1,5,2,0,11,3,777,208,491,65,13,16,1,50,15,2,6,2,42,56,63,71,1,0
2021-05-03,LaLiga,3424373,Sevilla,Athletic Club,0.6520475122518482,0.24595066035385,0.10200182739430186,0,1,2,74,18,3,0,0,90,13,6,11,4,0,11,7,718,317,328,74,28,22,2,67,11,1,14,1,38,43,50,57,1,0,26,8,2,1,0,71,15,2,4,2,0,3,5,246,93,82,35,5,22,4,53,15,4,24,3,46,57,50,71,0,0
2021-05-07,LaLiga,3424385,Real Sociedad,Elche,0.6591614906832298,0.26928053830227744,0.07155797101449275,2,0,0,74,16,3,5,5,89,8,7,11,2,0,11,5,617,197,350,64,40,11,2,50,4,0,7,0,49,57,68,64,1,0,26,1,0,0,0,63,11,0,1,0,0,1,0,229,102,43,30,0,21,0,55,8,2,11,1,32,43,32,40,3,1
2021-05-08,LaLiga,3424378,Deportivo Alaves,Levante,0.6394230769230769,0.1778846153846154,0.18269230769230768,2,2,1,54,15,5,1,1,75,12,8,5,5,0,9,6,374,156,125,39,17,20,3,64,5,1,8,1,54,59,68,67,2,0,46,6,3,2,1,75,18,3,2,1,0,5,1,337,173,80,43,25,23,1,57,9,4,25,3,33,41,32,67,1,0
2021-05-08,LaLiga,3424380,Barcelona,Atletico Madrid,0.6882850611552329,0.19199679494732874,0.11971814389743832,0,0,1,59,12,7,0,0,91,13,5,4,1,0,8,4,595,230,312,50,35,16,3,47,14,3,15,6,63,55,53,57,3,0,41,11,6,0,0,86,26,7,2,3,0,9,2,409,181,169,58,8,18,3,59,9,1,11,7,53,45,47,48,3,0
2021-05-08,LaLiga,3424383,Cadiz,SD Huesca,0.600896860986547,0.21076233183856502,0.18834080717488788,2,1,0,33,11,1,1,0,71,14,3,10,0,0,6,5,237,80,89,65,23,19,2,40,7,1,16,4,59,51,59,78,4,0,67,13,5,0,0,87,13,3,7,1,1,8,5,493,228,201,52,39,17,1,63,16,0,15,0,50,49,41,72,0,0
2021-05-08,LaLiga,3424379,Athletic Club,Osasuna,0.6215715344699778,0.28446997776130467,0.09395848776871757,2,2,1,45,13,3,3,1,75,4,10,9,1,0,10,3,378,146,137,48,20,16,2,88,6,4,29,2,47,51,50,36,1,0,55,13,4,3,1,79,10,4,5,4,0,7,6,467,214,154,50,12,28,1,64,14,1,22,1,46,49,50,78,2,0
2021-05-09,LaLiga,3424382,Getafe,Eibar,0.5727027027027027,0.32891891891891895,0.09837837837837837,0,1,2,39,10,2,1,1,52,11,4,7,1,0,7,3,252,42,89,37,24,37,3,50,9,0,12,2,44,34,38,33,1,0,61,7,3,1,0,68,11,2,3,1,0,5,2,393,115,153,44,23,30,5,64,14,1,27,2,78,66,62,58,2,0
2021-05-09,LaLiga,3424386,Valencia,Real Valladolid,0.5868324500611496,0.31940481043620056,0.09376273950264982,3,0,0,41,6,3,2,0,84,17,1,2,1,0,5,1,386,208,115,41,14,15,2,75,16,4,36,2,37,40,46,61,0,0,59,19,2,1,1,87,6,9,11,6,0,9,10,531,206,254,50,29,12,3,67,7,1,7,0,52,60,54,75,0,0
2021-05-09,LaLiga,3424387,Villarreal,Celta Vigo,0.6027840725153771,0.3026869537067012,0.09452897377792166,2,4,2,60,16,7,4,2,87,11,5,6,3,0,14,2,504,191,246,69,24,25,3,40,10,0,12,2,60,52,56,70,4,2,40,11,6,2,0,74,16,3,5,0,0,6,5,343,145,108,35,27,16,2,63,5,2,22,5,54,48,44,57,1,1
2021-05-09,LaLiga,3424384,Real Madrid,Sevilla,0.6168905550348849,0.22475615259120413,0.15835329237391094,2,2,1,58,17,7,1,1,91,8,7,9,1,1,7,10,620,207,355,60,14,16,1,56,7,1,9,1,38,54,27,69,1,0,42,7,3,1,0,85,8,3,3,1,0,5,2,448,223,158,51,30,18,0,33,6,1,18,5,38,46,73,58,2,0
2021-05-10,LaLiga,3424381,Real Betis,Granada,0.5636570130607609,0.3131175468483816,0.12322544009085747,2,1,0,62,14,5,3,2,85,16,9,4,5,0,8,6,474,176,229,61,27,20,4,33,13,2,20,5,40,37,57,46,2,0,38,11,5,4,3,67,11,2,4,2,0,7,4,290,104,90,30,0,19,4,79,9,5,17,3,52,63,43,70,4,0
2021-05-11,LaLiga,3424394,Osasuna,Cadiz,0.5218397454440266,0.35666763089383857,0.1214926236621348,3,2,0,64,14,4,3,1,81,15,3,6,4,0,11,3,508,192,218,65,38,20,1,44,4,2,9,2,58,41,48,50,2,0,36,10,4,3,1,65,12,5,4,2,0,7,3,279,103,79,36,29,26,0,42,17,3,15,1,75,59,52,56,2,0
2021-05-11,LaLiga,3424397,Elche,Deportivo Alaves,0.4563210227272727,0.3806818181818182,0.1629971590909091,0,2,2,67,11,4,1,1,86,21,7,5,2,0,9,2,489,211,209,64,29,25,0,75,4,1,14,0,55,51,45,71,2,0,33,9,2,2,1,74,15,5,6,1,2,6,3,240,103,74,40,36,14,3,44,18,3,33,3,58,49,55,60,4,0
2021-05-11,LaLiga,3424393,Levante,Barcelona,0.21065458121339092,0.37872504168626275,0.4106203771003463,3,3,1,39,16,6,1,0,85,12,8,4,6,0,8,8,388,181,148,53,24,11,1,67,7,4,15,2,31,40,54,58,2,0,61,17,5,6,4,88,4,6,8,4,0,12,5,628,218,337,58,21,9,1,64,11,6,11,3,42,60,46,73,2,0
2021-05-12,LaLiga,3424395,Sevilla,Valencia,0.6216508470503425,0.2806680283551604,0.09768112459449718,1,0,0,61,10,4,1,0,90,17,3,4,2,0,5,5,609,207,343,67,10,19,2,60,11,1,12,2,38,42,69,79,2,0,39,6,2,0,0,83,6,5,3,1,0,2,4,388,170,153,51,17,15,0,75,10,2,17,3,43,58,31,72,2,0
2021-05-12,LaLiga,3424389,Celta Vigo,Getafe,0.5569129338762847,0.3323637773899554,0.11072328873375994,1,0,0,61,4,1,0,0,78,16,1,1,2,0,3,1,544,241,185,50,14,16,2,57,11,4,41,4,64,47,44,50,1,0,39,13,4,1,1,68,18,5,5,4,0,8,5,317,65,150,54,13,30,3,63,18,2,7,0,76,53,56,70,3,0
2021-05-12,LaLiga,3424392,SD Huesca,Athletic Club,0.29120427455815867,0.42396218660090423,0.2848335388409371,1,0,0,51,18,6,3,3,81,9,5,9,3,1,9,9,433,178,173,39,26,26,2,70,14,0,12,3,46,55,30,50,0,0,49,4,3,1,1,75,14,0,1,0,0,2,2,422,172,146,47,21,24,1,47,1,3,21,5,51,45,70,67,1,0
2021-05-12,LaLiga,3424388,Atletico Madrid,Real Sociedad,0.5133437990580848,0.2974568288854003,0.1891993720565149,2,1,0,35,12,4,4,2,79,11,1,7,1,0,9,3,356,133,147,40,67,15,1,67,15,4,20,6,39,51,42,67,0,0,65,14,7,2,1,89,15,7,3,4,1,12,2,658,305,278,58,29,13,0,50,8,1,3,2,41,49,58,38,0,0
2021-05-13,LaLiga,3424396,Real Valladolid,Villarreal,0.26974416017797553,0.43659621802002224,0.2936596218020022,0,2,2,39,11,2,2,2,73,15,3,7,2,0,9,2,317,100,131,31,19,20,2,54,14,4,20,1,49,49,45,64,3,0,61,9,3,0,0,79,14,6,2,4,0,6,3,514,219,189,45,25,24,1,55,6,2,18,2,54,51,55,50,1,0
2021-05-13,LaLiga,3424390,Eibar,Real Betis,0.2981443941992827,0.43271479806642754,0.2691408077342897,1,1,1,64,14,4,1,0,80,12,5,8,2,0,10,4,570,167,287,54,19,33,1,58,6,2,6,3,66,45,61,73,3,0,36,9,4,1,1,60,8,4,3,2,0,3,6,328,116,82,17,33,25,0,57,19,2,36,3,60,55,39,72,1,0
2021-05-13,LaLiga,3424391,Granada,Real Madrid,0.2691966485953672,0.3652045342533268,0.36559881715130604,1,4,2,35,10,5,3,2,76,15,2,2,3,0,7,3,356,135,136,51,11,16,1,44,8,3,8,3,42,50,38,60,3,0,65,16,7,1,0,89,9,3,6,3,0,13,3,661,313,272,60,44,11,1,46,12,2,8,4,47,50,62,50,3,0
2021-05-16,LaLiga,3424399,Athletic Club,Real Madrid,0.2452495681425584,0.35135012273843075,0.4034003091190108,0,1,2,36,8,1,1,1,78,10,4,5,2,0,3,5,331,135,122,47,18,21,1,80,4,3,28,1,38,49,44,100,3,1,64,11,2,2,1,90,7,11,6,3,1,8,3,601,209,331,71,19,24,1,44,12,2,15,1,41,51,56,58,1,0
2021-05-16,LaLiga,3424400,Atletico Madrid,Osasuna,0.5678932644717022,0.26992324797360306,0.16218348755469478,2,1,0,73,26,9,4,3,84,2,8,13,4,2,16,10,649,204,339,60,16,28,6,56,5,2,5,1,57,68,69,86,2,0,27,5,2,1,0,58,13,0,1,2,0,2,3,243,67,73,34,13,11,2,60,9,4,34,7,26,32,31,29,2,0
2021-05-16,LaLiga,3424401,Barcelona,Celta Vigo,0.7210489086499596,0.17360549717057397,0.10534559417946646,1,2,2,64,21,4,4,3,91,9,7,13,4,0,13,8,726,263,399,73,24,25,0,67,9,0,3,2,71,65,50,79,1,1,36,4,4,1,1,80,14,1,0,0,0,3,1,416,240,91,51,20,17,1,60,15,4,21,3,42,35,50,0,2,0
2021-05-16,LaLiga,3424404,Cadiz,Elche,0.5068112315818738,0.34111759799833197,0.15207117041979426,1,3,2,32,7,3,1,0,75,13,1,1,3,0,6,1,246,101,83,48,8,8,4,56,1,6,24,2,48,51,40,46,3,0,68,20,5,5,3,90,15,8,9,6,2,15,5,526,272,200,53,28,15,3,50,4,2,9,3,54,49,60,56,4,0
2021-05-16,LaLiga,3424398,Deportivo Alaves,Granada,0.3871669385535617,0.3985861881457314,0.2142468733007069,4,2,0,53,14,9,4,2,79,7,6,4,1,1,13,1,458,183,177,46,32,24,1,63,12,1,8,0,59,39,71,26,2,0,47,5,2,2,0,74,11,1,2,1,0,2,3,406,151,151,38,13,23,2,47,7,1,16,5,51,61,29,71,4,0
2021-05-16,LaLiga,3424403,Getafe,Levante,0.4682634730538922,0.37365269461077844,0.15808383233532936,2,1,0,34,9,3,0,0,63,15,3,5,1,0,7,2,231,45,100,33,30,18,1,69,12,0,13,0,49,42,49,40,5,1,66,4,1,1,1,79,11,4,3,0,0,2,2,478,236,144,43,25,21,1,44,10,1,14,1,62,58,51,57,0,0
2021-05-16,LaLiga,3424402,Real Betis,SD Huesca,0.6811594202898551,0.20772946859903382,0.1111111111111111,1,0,0,48,10,2,1,0,78,15,2,3,5,0,5,5,350,120,154,48,25,19,5,44,5,3,21,0,54,50,46,63,1,0,52,7,0,0,0,77,19,5,4,3,0,1,6,382,206,87,46,24,24,3,50,9,4,12,1,57,50,54,67,5,1
2021-05-16,LaLiga,3424405,Real Sociedad,Real Valladolid,0.7025641025641025,0.21025641025641026,0.08717948717948718,4,1,0,54,14,9,2,1,86,16,2,3,2,0,9,5,531,279,180,50,33,12,2,47,9,6,19,4,48,48,70,75,2,0,46,19,5,0,0,85,11,4,8,6,0,12,7,424,225,134,48,16,18,4,50,7,2,7,5,42,52,30,65,4,1
2021-05-16,LaLiga,3424406,Valencia,Eibar,0.5481171548117155,0.32768112750495487,0.12420171768332966,4,1,0,43,9,5,3,0,81,5,2,4,0,0,4,5,404,225,101,60,17,21,1,80,2,6,36,7,51,55,60,63,0,0,57,20,8,5,4,89,7,10,6,6,1,14,6,516,148,310,51,31,16,2,71,3,0,5,1,39,45,40,53,0,0
2021-05-16,LaLiga,3424407,Villarreal,Sevilla,0.33764652154056934,0.4104125437661745,0.2519409346932562,4,0,0,42,12,5,3,0,87,9,3,2,5,0,5,7,416,204,159,50,40,15,2,75,6,6,10,5,37,44,47,78,0,0,58,17,5,4,4,91,7,6,5,7,0,12,5,563,263,249,60,44,14,3,64,10,5,1,1,46,56,53,60,1,1
2021-05-21,LaLiga,3424412,Levante,Cadiz,0.5476957383548068,0.33325074331020815,0.11905351833498513,2,2,1,70,17,4,2,1,89,17,7,10,3,0,13,4,570,181,324,59,28,21,0,40,4,1,3,0,39,36,64,47,0,0,30,6,2,1,0,69,8,0,3,1,0,2,4,248,105,66,37,50,12,0,71,8,3,20,2,53,64,36,73,2,0
2021-05-22,LaLiga,3424408,Celta Vigo,Real Betis,0.387648593795303,0.3930124673818498,0.2193389388228472,2,3,2,65,11,4,1,0,86,20,8,5,2,0,7,4,474,201,208,59,25,14,1,62,4,1,17,2,51,50,35,47,6,0,35,11,5,2,0,76,20,4,5,1,0,7,4,264,110,90,51,23,16,2,67,8,2,25,2,60,50,65,57,5,1
2021-05-22,LaLiga,3424409,Eibar,Barcelona,0.23309373624761626,0.36032467849982885,0.4065815852525549,0,1,2,33,17,3,1,1,77,11,6,8,6,0,11,6,318,102,143,50,31,13,1,63,12,2,16,2,46,51,50,55,0,0,67,7,3,0,0,88,15,3,2,2,0,3,4,701,397,219,55,20,17,3,63,10,5,16,3,45,49,50,62,3,0
2021-05-22,LaLiga,3424417,Elche,Athletic Club,0.4931506849315068,0.2602739726027397,0.2465753424657534,2,0,0,45,8,3,2,1,82,10,3,5,0,0,5,3,395,198,125,52,26,21,2,42,9,0,20,2,46,52,54,80,3,0,55,8,2,0,0,82,6,1,6,0,0,4,4,491,222,180,63,7,23,2,58,5,0,11,1,42,48,46,77,0,0
2021-05-22,LaLiga,3424413,Osasuna,Real Sociedad,0.26172161172161174,0.42142857142857143,0.31684981684981683,0,1,2,43,7,1,0,0,72,15,3,3,3,0,3,4,399,159,129,56,24,30,4,57,8,2,10,0,55,45,61,53,1,0,57,11,1,4,3,81,7,3,8,2,0,9,2,535,248,186,53,21,16,3,64,8,3,18,1,51,55,39,43,0,0
2021-05-22,LaLiga,3424414,Real Madrid,Villarreal,0.6953622536899677,0.18978047501311157,0.11485727129692065,2,1,0,55,14,4,2,2,88,8,6,8,2,0,9,5,532,210,256,69,13,25,2,50,7,2,3,1,46,56,62,55,0,0,45,6,2,1,0,84,13,1,2,2,0,3,3,443,241,132,40,33,14,1,69,8,2,26,2,35,44,38,56,0,0
2021-05-22,LaLiga,3424416,Real Valladolid,Atletico Madrid,0.370698249391873,0.32623519559755954,0.30306655501056745,1,2,2,49,10,4,2,1,77,11,4,5,1,0,6,4,422,141,185,49,13,12,1,39,19,2,25,1,54,54,43,70,4,0,51,14,3,2,1,78,11,6,8,3,0,12,2,445,117,230,47,29,21,4,73,7,1,12,3,52,46,57,59,6,0
2021-05-22,LaLiga,3424411,SD Huesca,Valencia,0.3563883663724497,0.38908985675010854,0.25452177687744176,0,0,1,54,23,8,0,0,83,17,9,8,7,2,13,10,391,150,174,51,15,24,5,46,9,4,3,4,53,49,56,67,2,0,46,11,4,0,0,78,15,3,3,4,0,4,7,362,165,117,42,60,20,2,27,4,6,33,8,51,51,44,58,1,0
2021-05-23,LaLiga,3424410,Granada,Getafe,0.6643356643356644,0.16433566433566432,0.17132867132867133,0,0,1,39,9,3,0,0,60,16,6,5,1,0,4,5,256,87,66,36,6,21,0,33,7,6,22,2,50,47,38,47,4,0,61,11,2,0,0,71,13,3,3,6,0,5,6,400,106,179,43,18,27,3,44,12,2,22,2,64,53,62,55,2,0
2021-05-23,LaLiga,3424415,Sevilla,Deportivo Alaves,0.6818940658673547,0.24889968128699347,0.06920625284565185,1,0,0,69,11,2,0,0,90,11,6,6,3,0,4,7,630,263,301,69,19,12,2,67,10,1,14,2,44,45,53,71,1,0,31,11,2,2,2,74,8,4,8,1,1,5,6,274,116,87,43,30,21,0,47,7,3,25,1,48,55,47,67,0,0
