match_date,league_name,matchid,home_team,away_team,home_probability_win,draw_probability,away_probability_win,home_goals,away_goals,ftr,home_ball_possession,home_total_shots,home_shots_on_target,home_big_chances,home_big_misses,home_accurate_passes,home_fouls_commited,home_corners,home_shots_off_target,home_blocked_shots,home_hit_woodwork,home_shots_inside_box,home_shots_outside_box,home_passes,home_own_half,home_opposition_half,home_accurate_long_balls,home_accurate_crosses,home_throws,home_offsides,home_tackles_won,home_interceptions,home_blocks,home_clearances,home_keeper_save,home_duels_won,home_geround_duels_won,home_aerial_duels_won,home_successful_dribbles,home_yellow_cards,home_red_cards,away_ball_possession,away_total_shots,away_shots_on_target,away_big_chances,away_big_misses,away_accurate_passes,away_fouls_commited,away_corners,away_shots_off_target,away_blocked_shots,away_hit_woodwork,away_shots_inside_box,away_shots_outside_box,away_passes,away_own_half,away_opposition_half,away_accurate_long_balls,away_axxurate_crosses,away_throws,away_offsides,away_tackles_won,away_interceptions,away_blocks,away_clearances,away_keeper_save,away_duels_won,away_geround_duels_won,away_aerial_duels_won,away_successful_dribbles,away_yellow_cards,away_red_cards
2022-08-12,LaLiga,3918013,Osasuna,Sevilla,0.15378054501258048,0.2349780374429613,0.6112414175444582,2,1,0,34,12,5,2,0,79,16,5,3,4,1,4,8,255,87,114,53,9,19,5,64,5,3,20,2,31,40,31,30,5,0,66,10,3,1,0,87,9,2,4,3,1,5,5,518,290,160,62,22,24,2,67,6,3,23,3,52,60,69,55,3,0
2022-08-13,LaLiga,3918011,Celta Vigo,Espanyol,0.47107438016528924,0.3613721272500849,0.16755349258462585,2,2,1,60,8,3,0,0,82,17,3,3,2,0,3,5,539,237,206,37,8,27,1,42,9,3,21,0,62,45,48,44,5,0,40,10,2,1,0,76,15,3,5,3,0,2,8,356,170,102,45,15,21,0,56,22,2,17,1,73,55,52,57,2,0
2022-08-13,LaLiga,3918016,Real Valladolid,Villarreal,0.17479329263580867,0.28807665559075807,0.5371300517734333,0,3,2,52,12,6,1,1,83,6,4,5,1,0,7,5,434,193,169,47,23,18,2,50,19,2,18,1,48,49,45,52,1,0,48,10,4,2,1,78,10,5,4,2,0,6,4,414,180,143,50,50,25,1,56,7,1,12,6,50,50,55,65,0,0
2022-08-13,LaLiga,3918009,Barcelona,Rayo Vallecano,0.82799269467043,0.09415758112420905,0.07784972420536093,0,0,1,68,21,6,2,2,87,16,8,9,6,0,15,6,560,274,215,68,38,24,4,63,4,0,7,2,47,47,65,54,1,1,32,4,2,2,2,70,14,0,2,0,0,3,1,274,121,70,37,0,15,4,83,10,7,19,5,47,53,35,58,6,0
2022-08-14,LaLiga,3918012,Cadiz,Real Sociedad,0.2060387856967515,0.32542345143605267,0.4685377628671958,0,1,2,40,7,2,0,0,74,9,3,3,2,0,4,3,291,116,100,52,19,24,4,65,8,5,20,6,68,54,49,50,4,0,60,15,7,5,4,81,20,6,3,5,0,8,7,461,168,205,55,27,23,0,60,8,3,27,1,62,46,51,44,2,0
2022-08-14,LaLiga,3918017,Valencia,Girona,0.609482828610863,0.28107493707883413,0.10944223431030284,1,0,0,46,17,2,2,1,81,18,4,7,8,0,9,8,352,130,155,44,15,15,1,86,8,2,15,1,44,47,39,44,2,1,54,5,1,0,0,83,14,4,2,2,0,2,3,397,166,165,67,30,22,2,31,5,7,10,2,54,53,61,60,3,0
2022-08-14,LaLiga,3918014,Almeria,Real Madrid,0.12275376127273936,0.12321907336420643,0.7540271653630543,1,2,2,32,10,6,1,0,82,11,2,3,1,0,7,3,315,157,100,51,17,13,3,64,9,10,32,13,28,42,58,67,3,0,68,29,15,5,4,91,4,15,4,10,0,18,11,649,190,403,71,21,19,3,44,8,1,3,5,34,56,42,50,1,0
2022-08-15,LaLiga,3918008,Athletic Club,Mallorca,0.572331227136681,0.3018955769870303,0.12577319587628866,0,0,1,64,23,6,2,2,82,13,7,10,7,2,13,10,471,89,299,51,27,20,1,50,4,2,14,2,46,44,57,50,0,0,36,6,2,1,1,67,12,2,2,2,0,5,1,272,106,77,47,10,16,0,47,11,7,27,6,50,56,43,50,6,0
2022-08-15,LaLiga,3918015,Getafe,Atletico Madrid,0.15289356930427575,0.24060260348105894,0.6065038272146653,0,3,2,42,10,0,2,2,79,14,3,9,1,1,6,4,385,148,157,63,39,22,0,55,9,5,21,2,49,47,56,31,2,0,58,12,5,2,1,86,19,6,2,5,0,5,7,543,303,166,54,13,21,5,75,10,1,18,0,50,52,44,57,1,0
2022-08-15,LaLiga,3918010,Real Betis,Elche,0.5994819378325399,0.2927751330159619,0.10774292915149818,3,0,0,72,17,8,6,3,89,10,8,5,4,0,12,5,605,310,229,57,13,20,5,69,14,2,6,1,65,65,70,68,3,0,28,4,2,0,0,69,18,4,1,1,0,4,0,224,99,56,33,20,20,3,67,14,4,21,5,33,35,30,42,6,1
2022-08-19,LaLiga,3917941,Espanyol,Rayo Vallecano,0.44109498680738785,0.34056728232189976,0.2183377308707124,0,2,2,54,13,1,2,2,86,12,9,8,4,3,7,6,450,196,190,58,17,18,3,55,7,1,6,1,52,62,70,50,2,1,46,8,3,3,2,81,17,2,4,1,0,4,4,395,188,133,45,25,14,2,100,4,4,32,1,28,38,30,29,3,1
2022-08-19,LaLiga,3917942,Sevilla,Real Valladolid,0.6558110905936992,0.2531475574953836,0.09104135191091713,1,1,1,61,18,2,3,2,85,20,12,11,5,1,14,4,452,175,209,72,25,23,4,61,9,0,7,2,51,44,50,58,3,1,39,6,3,1,1,74,10,2,2,1,0,2,4,303,127,98,43,20,12,4,80,8,5,26,1,60,56,50,42,2,1
2022-08-20,LaLiga,3917946,Osasuna,Cadiz,0.5095668629100084,0.3522918418839361,0.1381412952060555,2,0,0,56,16,3,4,2,76,11,2,8,5,0,11,5,413,134,179,54,45,23,0,54,14,4,14,2,58,51,63,33,2,0,44,9,2,1,1,73,13,2,3,4,0,6,3,335,141,105,43,11,23,1,47,7,4,30,2,46,49,37,50,3,1
2022-08-20,LaLiga,3917944,Mallorca,Real Betis,0.19486391946079687,0.29801211500725194,0.5071239655319512,1,2,2,47,13,7,3,2,79,22,5,3,3,1,9,4,350,138,139,52,19,26,4,65,14,1,13,1,60,54,61,61,7,0,53,8,3,3,1,82,17,2,4,1,0,7,1,403,164,165,43,21,17,0,70,8,3,19,6,48,46,39,44,8,0
2022-08-20,LaLiga,3917940,Celta Vigo,Real Madrid,0.12618182754978488,0.1398356390241389,0.7339825334260762,1,4,2,51,15,2,1,0,88,12,2,8,5,0,9,6,543,230,249,66,30,13,0,69,7,3,11,3,37,45,62,67,2,0,49,16,7,6,4,88,8,2,5,4,0,12,4,538,246,229,65,14,13,1,57,15,4,20,1,41,55,38,55,2,0
2022-08-21,LaLiga,3917938,Athletic Club,Valencia,0.3844720959690038,0.3490798003129424,0.2664481037180538,1,0,0,37,12,2,1,1,75,11,6,6,4,0,6,6,301,111,114,35,18,19,6,71,10,4,22,0,59,53,67,63,5,0,63,10,0,1,1,85,15,3,6,4,1,6,4,511,217,215,54,25,26,0,67,7,3,15,1,46,47,33,44,2,0
2022-08-21,LaLiga,3917939,Atletico Madrid,Villarreal,0.5741824600520252,0.2724358974358974,0.15338164251207728,0,2,2,50,13,5,3,3,87,8,5,6,2,1,8,5,473,213,197,46,23,16,2,83,2,9,10,3,44,56,54,50,2,1,50,19,5,3,2,90,11,6,5,9,1,13,6,491,256,187,64,33,5,1,33,12,1,31,5,35,44,46,42,2,0
2022-08-21,LaLiga,3917943,Real Sociedad,Barcelona,0.1700038955979743,0.14160498636540708,0.6883911180366186,1,4,2,41,10,5,1,0,82,15,3,3,2,0,7,3,380,168,143,56,30,18,5,52,5,5,11,3,47,46,53,38,2,0,59,15,7,3,0,90,9,6,3,5,0,13,2,549,252,243,58,25,24,1,55,12,1,12,4,52,54,47,38,1,0
2022-08-22,LaLiga,3917947,Elche,Almeria,0.4508391608391608,0.35426573426573427,0.1948951048951049,1,1,1,54,13,3,1,1,83,12,6,5,5,0,9,4,423,160,193,50,22,14,7,64,8,4,11,6,49,56,59,85,1,0,46,12,7,1,1,81,16,5,1,4,0,6,6,360,192,99,50,25,17,3,73,11,5,22,2,38,44,41,73,4,1
2022-08-22,LaLiga,3917945,Girona,Getafe,0.3190899810412717,0.3555490739390404,0.32536094501968793,3,1,0,67,12,6,2,1,88,16,5,5,1,0,8,4,548,268,214,54,25,12,2,62,5,0,20,2,44,49,32,36,2,0,33,7,3,2,2,76,18,2,4,0,1,5,2,259,107,89,47,7,22,1,50,5,1,20,4,54,51,68,50,6,1
2022-08-26,LaLiga,3917956,Girona,Celta Vigo,0.3260884284650281,0.33191143611618934,0.3420001354187826,0,1,2,54,11,3,0,0,85,16,2,3,5,0,8,3,517,236,204,63,33,18,1,60,5,1,13,5,54,54,52,67,2,0,46,11,6,0,0,81,13,4,4,1,0,7,4,452,182,184,46,31,21,1,60,7,4,10,3,47,46,48,58,1,0
2022-08-26,LaLiga,3917949,Real Betis,Osasuna,0.6050910489869197,0.29129263913824055,0.1036163118748397,1,0,0,55,7,1,0,0,82,9,2,4,2,0,5,2,464,207,174,50,0,25,2,36,11,2,27,2,59,55,60,61,0,1,45,12,2,1,1,78,21,4,8,2,1,7,5,367,109,178,43,20,22,1,41,10,2,14,0,48,47,40,86,3,0
2022-08-27,LaLiga,3917950,Elche,Real Sociedad,0.1902678102573079,0.3281988447400665,0.48153334500262557,0,1,2,44,12,5,2,2,80,14,4,3,4,0,5,7,372,133,163,46,15,25,2,59,7,3,14,4,56,51,67,38,3,0,56,9,5,3,2,84,18,6,1,3,0,7,2,469,233,163,50,8,14,4,58,11,4,14,5,49,49,33,38,3,0
2022-08-27,LaLiga,3917957,Rayo Vallecano,Mallorca,0.51295167609926,0.33957335655202436,0.1474749673487157,0,2,2,65,15,0,0,0,84,11,7,4,11,0,8,7,536,210,239,69,17,24,1,43,10,3,10,2,51,63,46,73,1,0,35,9,4,1,0,74,18,3,2,3,0,6,3,302,115,109,38,10,17,2,50,18,11,38,0,36,37,54,57,3,0
2022-08-27,LaLiga,3917953,Almeria,Sevilla,0.17651127403513625,0.2777009268225204,0.5457877991423433,2,1,0,32,11,5,5,3,70,18,5,5,1,0,8,3,245,109,63,44,14,17,4,33,6,2,16,4,39,49,42,57,5,0,68,13,5,2,2,88,11,2,6,2,0,9,4,547,225,257,55,36,13,5,71,4,1,7,3,44,51,58,42,8,0
2022-08-28,LaLiga,3917951,Getafe,Villarreal,0.16744348636681428,0.30587275693311583,0.52668375670007,0,0,1,35,8,2,0,0,75,11,1,4,2,0,4,4,263,104,93,47,20,20,5,73,2,2,13,6,45,58,36,67,1,0,65,11,6,3,3,85,19,4,3,2,0,8,3,480,190,218,61,42,25,0,86,7,1,9,2,38,42,64,67,5,0
2022-08-28,LaLiga,3917948,Barcelona,Real Valladolid,0.7928019784796946,0.12276553280111073,0.08443248871919472,4,0,0,68,24,9,5,2,89,9,14,8,7,3,19,5,637,182,388,74,23,24,1,67,7,2,3,2,52,50,62,59,1,0,32,8,3,2,2,73,8,4,4,1,0,5,3,304,168,53,35,50,24,3,50,9,7,26,5,47,50,38,57,2,0
2022-08-28,LaLiga,3917952,Espanyol,Real Madrid,0.1341874084919473,0.14641288433382138,0.7193997071742313,1,3,2,36,15,4,2,1,78,15,7,6,5,0,11,4,303,109,126,53,18,15,0,45,6,9,18,3,44,57,35,43,0,1,64,19,6,2,0,90,12,7,3,10,0,12,7,555,234,265,63,39,18,6,100,5,5,12,3,41,43,65,28,0,0
2022-08-29,LaLiga,3917954,Cadiz,Athletic Club,0.20821513002364067,0.3109929078014184,0.4807919621749409,0,4,2,37,9,3,0,0,77,18,0,2,4,0,4,5,334,145,112,60,8,25,0,58,9,2,14,5,38,29,63,21,2,0,63,20,8,5,3,87,4,6,10,2,0,13,7,569,193,304,67,37,14,3,73,6,4,16,3,57,71,37,74,1,0
2022-08-29,LaLiga,3917955,Valencia,Atletico Madrid,0.20050771648466778,0.2541000120884877,0.5453922714268445,0,1,2,70,12,2,0,0,88,15,6,4,6,0,5,7,583,240,273,70,11,19,1,80,7,1,3,6,43,49,50,61,4,0,30,13,7,4,4,73,17,2,5,1,0,9,4,245,110,70,44,50,20,7,56,8,6,30,2,44,51,50,50,3,0
2022-09-02,LaLiga,3917965,Celta Vigo,Cadiz,0.5778462253733946,0.30510838612192714,0.11704538850467833,3,0,0,58,9,5,3,2,85,13,2,3,1,1,4,5,530,261,191,56,13,16,4,68,7,4,10,0,61,59,38,47,1,0,42,7,0,0,0,78,23,2,3,4,0,4,3,382,140,159,46,58,25,1,72,9,1,9,2,51,41,62,31,2,0
2022-09-03,LaLiga,3917967,Mallorca,Girona,0.48820940990635225,0.35924630486291326,0.15254428523073452,1,1,1,52,10,4,2,1,85,22,6,5,1,0,8,2,410,157,190,50,32,14,1,71,7,0,15,3,43,45,46,56,4,0,48,10,4,1,0,84,10,3,6,0,0,3,7,390,184,144,38,22,21,2,55,9,1,13,3,52,55,54,37,2,0
2022-09-03,LaLiga,3917962,Real Madrid,Real Betis,0.7150533694829144,0.15661561759605286,0.12833101292103272,2,1,0,50,22,5,5,3,90,8,9,12,5,1,13,9,495,169,277,70,31,11,2,46,12,2,3,3,54,52,63,35,0,0,50,8,4,0,0,88,12,2,2,2,0,4,4,519,256,200,57,20,16,3,57,8,6,16,2,47,48,38,24,1,0
2022-09-03,LaLiga,3917960,Real Sociedad,Atletico Madrid,0.2232183386291421,0.2951089423513391,0.48167271901951886,1,1,1,55,12,5,3,2,78,18,7,1,6,1,8,4,437,177,166,52,21,23,4,57,8,5,8,6,51,50,33,56,5,0,45,15,7,4,3,75,13,6,3,5,2,9,6,362,156,114,36,36,26,0,56,8,6,19,4,62,50,67,46,4,0
2022-09-03,LaLiga,3917961,Sevilla,Barcelona,0.14755042157263307,0.13070608773167924,0.7217434906956877,0,3,2,46,9,4,1,1,78,15,4,2,3,0,7,2,367,171,115,47,40,19,6,71,17,3,8,2,41,52,42,20,2,0,54,18,7,9,6,83,14,4,10,1,0,11,7,447,195,177,55,20,15,2,73,13,3,10,4,40,48,58,41,4,0
2022-09-04,LaLiga,3917959,Osasuna,Rayo Vallecano,0.4542149734721949,0.37561406956179993,0.17017095696600512,2,1,0,46,13,6,5,3,71,14,4,4,3,0,8,5,329,103,130,34,33,27,3,63,10,1,12,2,55,51,52,46,2,0,54,5,3,0,0,78,16,0,1,1,0,2,3,389,165,137,52,8,22,2,79,11,4,21,3,52,49,48,56,2,0
2022-09-04,LaLiga,3917958,Athletic Club,Espanyol,0.5376443418013857,0.3426481909160893,0.11970746728252502,0,1,2,66,17,2,1,1,84,12,4,11,4,1,9,8,558,194,273,56,26,31,3,43,6,3,12,1,43,43,42,38,3,0,34,9,2,3,2,67,12,2,4,3,0,7,2,288,85,107,35,22,19,2,69,21,4,36,3,57,57,58,83,2,0
2022-09-04,LaLiga,3917963,Villarreal,Elche,0.7140186915887851,0.2850467289719626,0.0009345794392523365,4,0,0,53,18,10,8,5,87,10,6,6,2,0,17,1,472,213,198,59,13,11,5,71,3,3,14,0,45,56,50,70,1,0,47,7,0,0,0,88,9,4,4,3,0,5,2,403,157,199,56,8,17,2,37,11,2,20,6,37,44,50,17,3,0
2022-09-04,LaLiga,3917964,Valencia,Getafe,0.5850898000677737,0.3122331413080312,0.10267705862419518,5,1,0,70,24,9,4,1,88,11,9,5,10,0,18,6,546,260,222,66,36,11,1,80,8,1,7,3,56,65,48,82,1,1,30,7,4,1,1,72,22,1,2,1,0,6,1,224,92,69,45,20,16,1,33,4,10,15,4,38,35,52,50,4,1
2022-09-05,LaLiga,3917966,Real Valladolid,Almeria,0.3944801963776289,0.33543422012870694,0.2700855834936642,1,0,0,52,14,6,4,3,78,11,2,7,1,1,8,6,361,155,127,45,35,14,6,40,12,9,16,0,58,58,40,58,1,0,48,12,1,0,0,75,19,8,3,8,0,9,3,326,129,115,55,40,28,4,42,9,1,17,5,53,42,60,41,6,0
2022-09-09,LaLiga,3917974,Girona,Real Valladolid,0.4369879047990636,0.34445311483938096,0.21855898036155547,2,1,0,45,14,5,4,2,77,11,3,8,1,0,10,4,358,157,120,45,54,18,3,52,9,7,25,3,62,58,55,47,0,0,55,14,4,0,0,84,15,12,3,7,0,6,8,437,180,187,59,15,28,0,69,16,1,17,3,46,42,45,45,2,0
2022-09-10,LaLiga,3917972,Rayo Vallecano,Valencia,0.244489127196902,0.34517426273458446,0.4103366100685136,2,1,0,46,14,6,3,2,71,22,7,5,3,0,8,6,289,75,131,37,21,30,1,50,11,6,19,3,41,38,32,35,5,0,54,17,4,3,2,77,11,7,6,7,0,13,4,345,151,115,46,39,27,2,41,6,2,28,5,72,62,68,71,2,0
2022-09-10,LaLiga,3917971,Espanyol,Sevilla,0.2669232811255641,0.3486859569949562,0.3843907618794797,2,3,2,59,19,5,3,1,82,11,9,9,5,1,12,7,406,158,174,66,24,24,3,73,9,3,12,4,48,47,68,39,3,0,41,11,7,4,1,74,14,3,1,3,0,10,1,298,96,126,40,11,28,1,67,8,4,34,3,43,53,32,50,3,1
2022-09-10,LaLiga,3917976,Cadiz,Barcelona,0.11850159687721788,0.14799946770759403,0.7334989354151881,0,4,2,30,6,0,0,0,65,12,5,6,0,0,4,2,219,63,79,39,20,17,3,71,12,2,16,4,47,50,43,50,0,0,70,16,8,3,0,85,13,6,6,2,1,13,3,568,218,264,68,10,21,3,33,7,0,18,0,51,50,57,50,3,0
2022-09-10,LaLiga,3917968,Atletico Madrid,Celta Vigo,0.6144396672064325,0.2706460438885477,0.11491428890501983,4,1,0,46,10,4,1,0,83,11,4,2,4,0,8,2,464,226,158,58,29,18,0,67,12,5,24,2,47,53,55,67,2,0,54,14,3,2,2,87,6,7,5,6,1,9,5,541,236,235,71,21,23,1,62,9,4,11,1,41,47,45,44,3,0
2022-09-11,LaLiga,3917977,Real Madrid,Mallorca,0.7367243726901381,0.15118653958373857,0.11208908772612332,4,1,0,68,22,7,3,0,92,7,4,8,7,0,6,16,649,146,450,72,14,15,0,58,4,1,5,1,53,58,56,70,3,0,32,5,2,2,1,82,15,3,2,1,0,5,0,294,137,104,49,8,8,1,50,12,7,17,3,39,42,44,67,5,0
2022-09-11,LaLiga,3917975,Elche,Athletic Club,0.20932802829354555,0.3496168582375479,0.4410551134689066,1,4,2,47,9,2,2,1,82,15,5,4,3,0,4,5,385,156,159,51,24,21,2,50,16,3,10,5,43,49,53,54,3,0,53,16,8,5,3,81,9,5,4,4,1,13,3,447,200,164,51,24,19,5,40,8,1,13,1,44,51,47,38,0,0
2022-09-11,LaLiga,3917970,Getafe,Real Sociedad,0.21690490988191424,0.3271597265382225,0.45593536357986325,2,1,0,33,8,3,1,1,68,9,3,3,2,1,4,4,250,67,104,39,18,27,1,67,11,2,21,5,55,54,46,63,4,0,67,13,6,3,2,84,16,7,5,2,0,9,4,503,227,198,60,38,24,0,44,3,2,17,1,53,46,54,45,1,0
2022-09-11,LaLiga,3917969,Real Betis,Villarreal,0.3344258988452423,0.32348343502596943,0.34209066612878825,1,0,0,47,16,5,2,1,86,11,9,6,5,0,11,5,376,139,183,54,24,13,4,75,11,8,25,2,47,49,43,53,1,0,53,14,3,6,6,86,14,8,4,7,0,8,6,413,165,192,57,17,17,6,76,9,5,19,4,51,51,57,53,1,0
2022-09-12,LaLiga,3917973,Almeria,Osasuna,0.28671647749957224,0.34101408772029884,0.3722694347801289,0,1,2,61,7,2,0,0,83,4,5,1,4,0,4,3,535,286,159,57,16,19,2,77,10,5,22,3,44,49,59,45,0,0,39,15,4,4,4,72,9,10,6,5,1,14,1,323,106,128,38,30,23,3,73,10,2,19,2,39,51,41,47,2,0
2022-09-16,LaLiga,3917983,Real Valladolid,Cadiz,0.47789687321621105,0.3417263905625674,0.18037673622122155,0,1,2,58,18,6,4,4,85,12,8,7,5,1,11,7,413,181,171,77,18,21,2,57,2,3,16,0,56,58,39,44,1,0,42,7,1,1,0,75,19,2,3,3,0,2,5,312,123,112,41,25,18,2,61,2,5,25,6,48,42,61,50,4,0
2022-09-17,LaLiga,3917986,Mallorca,Almeria,0.4954980570562032,0.3684010994218557,0.13610084352194105,1,0,0,44,5,2,2,1,83,15,5,3,0,0,3,2,389,209,114,49,13,13,2,70,7,3,13,2,38,43,60,42,3,0,56,9,3,0,0,87,14,2,4,2,0,3,6,485,236,186,64,19,20,3,61,5,0,8,1,45,57,40,55,6,0
2022-09-17,LaLiga,3917979,Barcelona,Elche,0.7739616039115116,0.14311051458428206,0.08292788150420631,3,0,0,77,25,9,8,5,91,11,6,10,6,0,18,7,708,140,502,74,32,23,5,57,12,0,1,1,38,48,56,41,2,0,23,1,1,0,0,67,9,0,0,0,0,1,0,213,92,51,40,33,16,3,64,12,6,19,6,38,52,44,50,2,1
2022-09-17,LaLiga,3917981,Valencia,Celta Vigo,0.5040145739153903,0.3459280750286755,0.15005735105593415,3,0,0,66,14,7,4,2,84,18,5,4,3,1,10,4,462,207,183,54,25,21,2,44,4,2,12,2,60,55,46,62,3,0,34,6,2,1,1,67,23,4,2,2,0,5,1,239,81,80,41,25,23,0,45,9,3,19,4,54,45,54,40,2,1
2022-09-17,LaLiga,3917978,Athletic Club,Rayo Vallecano,0.566236722306525,0.31342943854324734,0.12033383915022762,3,2,0,39,14,7,5,2,74,13,2,5,2,0,11,3,318,119,116,42,33,20,3,50,12,1,22,0,50,48,60,77,1,0,61,11,2,0,0,84,13,7,7,2,1,6,5,491,187,226,44,16,22,3,56,9,2,10,4,48,52,40,59,2,0
2022-09-18,LaLiga,3917982,Osasuna,Getafe,0.7334137515078407,0.26537997587454765,0.0012062726176115801,0,2,2,56,12,4,2,2,81,15,8,3,5,1,10,2,456,195,174,53,11,20,1,82,3,2,15,2,50,55,38,64,7,1,44,10,4,1,0,80,15,1,3,3,0,4,6,379,185,117,42,18,17,0,67,10,5,38,4,55,45,62,44,1,1
2022-09-18,LaLiga,3917985,Villarreal,Sevilla,0.4752997046389066,0.334626744657439,0.19007355070365436,1,1,1,46,17,7,4,3,81,15,6,8,2,1,11,6,376,130,175,55,5,22,1,80,7,3,16,0,57,58,59,71,1,0,54,12,1,0,0,85,12,4,7,4,0,6,6,455,214,172,54,13,16,6,46,11,2,24,6,41,42,41,44,5,0
2022-09-18,LaLiga,3917980,Real Betis,Girona,0.6046776611694152,0.30320839580209896,0.09211394302848576,2,1,0,44,9,3,2,0,85,9,2,3,3,0,6,3,429,215,149,49,20,10,2,42,12,0,18,2,40,47,50,70,0,0,56,8,3,2,1,87,8,4,4,1,1,6,2,547,253,224,55,44,18,5,41,9,3,11,1,44,53,50,44,3,0
2022-09-18,LaLiga,3917984,Real Sociedad,Espanyol,0.5350161613052178,0.34654455902724335,0.11843927966753887,2,1,0,63,14,6,4,2,81,18,4,5,3,0,9,5,527,242,186,56,38,24,2,69,6,3,22,3,51,41,49,60,3,0,37,14,4,2,2,68,8,2,7,3,0,10,4,297,111,90,45,32,20,3,56,16,3,10,4,64,59,51,67,0,0
2022-09-18,LaLiga,3917987,Atletico Madrid,Real Madrid,0.20901384609280982,0.14361849848579022,0.6473676554214,1,2,2,53,12,4,1,0,90,15,8,4,4,0,7,5,565,266,242,50,5,12,2,55,9,1,8,1,43,51,38,65,2,1,47,6,3,3,1,89,16,1,2,1,0,4,2,507,321,130,69,0,7,0,75,17,4,15,3,45,49,62,63,2,0
2022-09-30,LaLiga,3917997,Athletic Club,Almeria,0.6201516793066089,0.28147345612134345,0.09837486457204767,4,0,0,59,17,4,2,0,86,17,11,8,5,0,11,6,458,172,223,53,17,17,5,57,8,3,9,2,35,46,88,43,1,0,41,8,2,0,0,77,8,2,3,3,0,6,2,319,177,68,39,25,20,6,85,12,5,20,0,34,54,13,38,3,0
2022-10-01,LaLiga,3917989,Cadiz,Villarreal,0.17982391782831988,0.3178283198826119,0.5023477622890682,0,0,1,40,10,2,2,2,79,13,6,3,5,0,6,4,300,121,115,45,32,13,3,50,11,3,18,7,45,46,54,23,2,1,60,14,6,2,2,83,8,5,5,3,0,10,4,481,181,219,45,16,19,1,75,2,5,17,2,49,54,46,63,3,0
2022-10-01,LaLiga,3917988,Getafe,Real Valladolid,0.4775274901249066,0.3755738229956229,0.14689868687947047,2,3,2,44,14,6,3,2,77,23,4,3,5,0,12,2,320,94,151,53,27,20,1,47,2,4,15,4,48,43,54,42,2,0,56,14,7,1,0,84,13,2,3,4,0,5,9,435,217,148,55,11,16,3,36,7,4,33,4,57,57,46,63,5,0
2022-10-01,LaLiga,3917992,Sevilla,Atletico Madrid,0.243671835917959,0.2947473736868434,0.4615807903951976,0,2,2,61,14,3,0,0,88,9,5,8,3,0,5,9,629,233,323,61,21,16,2,77,10,5,22,4,37,45,43,60,3,0,39,20,6,3,2,80,12,7,9,5,0,14,6,410,198,130,39,17,14,0,87,7,3,27,3,46,55,57,69,2,0
2022-10-01,LaLiga,3917993,Mallorca,Barcelona,0.11984296130117779,0.1348513740886147,0.7453056646102075,0,1,2,28,13,3,1,1,80,9,5,7,3,0,9,4,283,119,107,53,30,11,2,57,5,2,13,2,38,58,18,54,2,0,72,11,3,0,0,93,13,5,6,2,0,7,4,770,227,488,67,20,11,1,64,6,3,9,3,43,42,82,45,4,0
2022-10-02,LaLiga,3917990,Espanyol,Valencia,0.25598210957882966,0.3535594483786806,0.39045844204248975,2,2,1,38,10,5,1,1,69,16,6,3,2,1,8,2,294,71,131,49,25,17,1,69,11,1,21,3,50,50,64,44,2,1,62,12,5,2,2,83,15,4,6,1,0,7,5,499,242,170,58,19,12,1,73,12,2,24,3,42,50,36,50,1,1
2022-10-02,LaLiga,3917994,Celta Vigo,Real Betis,0.2292762561218937,0.3402865953201524,0.43043714855795395,1,0,0,46,11,4,2,2,82,26,5,5,2,0,5,6,368,154,148,47,29,28,3,55,11,2,16,4,36,33,38,24,4,0,54,9,4,1,1,82,3,3,3,2,0,8,1,435,173,184,58,17,26,1,76,9,2,17,3,70,67,63,71,3,1
2022-10-02,LaLiga,3917991,Girona,Real Sociedad,0.20511624808473786,0.3365531943241623,0.45833055759109986,3,5,2,40,16,8,0,0,78,9,2,5,3,0,11,5,316,166,80,35,41,20,0,33,15,1,11,0,55,54,40,48,3,0,60,11,5,4,1,85,19,2,5,1,1,8,3,485,196,216,47,38,17,1,63,4,3,14,5,55,46,60,40,1,0
2022-10-02,LaLiga,3917996,Real Madrid,Osasuna,0.7493528538086145,0.14803734351792913,0.1026098026734564,1,1,1,64,22,4,3,3,91,9,10,9,9,2,12,10,605,219,331,74,29,23,4,50,8,0,7,1,38,50,57,47,1,0,36,8,2,0,0,80,13,2,6,0,0,6,2,350,144,137,51,25,10,0,57,9,8,27,3,35,50,43,71,2,1
2022-10-03,LaLiga,3917995,Rayo Vallecano,Elche,0.5370011865359395,0.3320427152938238,0.13095609817023668,2,1,0,72,15,6,0,0,85,5,13,5,4,0,8,7,535,166,289,55,21,25,2,67,8,1,12,1,56,58,58,38,1,0,28,6,2,2,1,63,19,3,3,1,0,4,2,218,52,85,55,22,27,0,58,9,4,40,4,40,42,42,53,8,0
2022-10-07,LaLiga,3918003,Osasuna,Valencia,0.38116507593210774,0.30814800883915555,0.31068691522873665,1,2,2,45,11,2,3,3,71,11,7,8,1,0,9,2,318,116,109,50,43,24,1,57,14,2,16,5,57,56,41,83,3,2,55,15,7,5,3,76,19,5,6,2,1,11,4,396,150,151,51,28,34,2,58,7,1,16,1,54,44,59,42,4,1
2022-10-08,LaLiga,3918005,Almeria,Rayo Vallecano,0.267538644470868,0.367145339796945,0.36531601573218697,3,1,0,37,10,4,2,0,67,22,7,6,0,0,6,4,261,91,84,31,24,19,4,48,2,2,25,3,62,51,62,39,2,1,63,12,4,2,1,84,12,6,6,2,1,8,4,453,187,192,54,14,25,4,83,8,0,15,1,55,49,38,50,2,0
2022-10-08,LaLiga,3917998,Atletico Madrid,Girona,0.6311234204604466,0.2736714557728925,0.09520512376666089,2,1,0,45,13,7,4,2,86,12,8,2,4,0,11,2,505,280,153,52,20,14,0,56,15,2,21,3,46,47,47,39,3,0,55,11,4,1,1,89,13,3,5,2,0,4,7,608,289,252,74,8,20,2,68,12,4,12,5,52,53,53,52,1,0
2022-10-08,LaLiga,3918006,Sevilla,Athletic Club,0.35322310088665226,0.31601965013179967,0.33075724898154807,1,1,1,46,10,3,2,1,72,19,5,3,4,0,7,3,363,150,111,41,29,16,2,56,8,8,21,3,49,52,47,44,4,0,54,21,4,2,2,82,14,7,9,8,0,14,7,429,161,192,36,24,19,4,78,12,4,12,2,49,48,53,29,0,1
2022-10-08,LaLiga,3918001,Getafe,Real Madrid,0.14433239861949956,0.16965056082830027,0.6860170405522001,0,1,2,34,9,2,0,0,75,10,4,4,3,0,4,5,381,147,137,37,8,19,1,45,7,4,17,3,29,31,59,0,0,0,66,19,4,2,1,90,5,4,11,4,0,8,11,740,303,363,65,18,16,2,85,7,3,13,2,45,69,41,59,0,0
2022-10-09,LaLiga,3918007,Real Valladolid,Real Betis,0.19679361523382807,0.32336880425651077,0.47983758050966113,0,0,1,59,12,3,1,1,86,12,3,6,3,0,4,8,509,213,223,66,17,22,1,69,7,1,17,1,46,48,43,38,1,0,41,4,1,1,1,79,16,1,2,1,0,4,0,356,116,166,41,0,29,1,71,5,3,21,3,52,52,57,38,1,1
2022-10-09,LaLiga,3918002,Cadiz,Espanyol,0.2849930706790734,0.4074440704810929,0.3075628588398337,2,2,1,53,8,3,2,0,73,13,8,5,0,1,6,2,372,129,142,43,23,31,5,60,3,0,19,4,53,41,57,50,4,0,47,9,6,3,1,75,12,3,3,0,0,7,2,352,153,111,35,36,15,0,50,10,0,46,1,58,59,43,60,4,0
2022-10-09,LaLiga,3918004,Real Sociedad,Villarreal,0.37004625578197275,0.361670208776097,0.26828353544193023,1,0,0,60,17,5,6,5,90,21,9,6,6,0,12,5,522,222,246,67,13,14,5,67,6,2,17,1,56,52,61,28,5,0,40,5,1,0,0,82,18,3,2,2,0,3,2,340,155,124,55,0,21,0,70,4,6,14,4,48,48,39,25,3,0
2022-10-09,LaLiga,3917999,Barcelona,Celta Vigo,0.7363914118845218,0.14438925030656996,0.1192193378089082,1,0,0,58,13,5,2,1,88,16,6,7,1,0,11,2,565,189,306,77,25,26,1,59,8,5,20,4,51,51,52,58,2,0,42,14,3,2,2,81,9,3,5,6,0,10,4,411,187,147,52,11,21,4,67,15,1,13,4,48,49,48,35,4,0
2022-10-10,LaLiga,3918000,Elche,Mallorca,0.2948981590285938,0.3299059929494712,0.37519584802193495,1,1,1,42,7,2,1,1,76,12,5,3,2,0,4,3,319,149,94,46,36,11,2,47,3,3,22,3,52,55,55,50,4,1,58,11,4,4,3,85,17,7,4,3,0,8,3,438,190,182,56,11,19,5,77,8,2,9,1,43,45,45,44,5,1
2022-10-14,LaLiga,3918024,Rayo Vallecano,Getafe,0.46727839335180055,0.3409510618651893,0.19177054478301014,0,0,1,65,17,3,1,1,84,13,4,5,9,0,8,9,580,215,271,58,14,30,6,38,7,2,8,3,50,50,67,55,2,0,35,6,3,0,0,69,17,1,1,2,0,3,3,323,126,97,42,25,23,0,67,13,8,33,3,39,50,33,56,3,0
2022-10-15,LaLiga,3918025,Girona,Cadiz,0.46517943743937923,0.3764306498545102,0.15838991270611058,1,1,1,64,23,6,3,2,86,16,6,14,3,1,15,8,483,162,255,58,24,23,3,36,6,1,11,1,44,38,66,29,5,0,36,9,2,3,2,69,9,2,6,1,0,6,3,278,108,83,33,36,12,2,71,5,3,40,5,51,62,34,67,4,0
2022-10-15,LaLiga,3918023,Valencia,Elche,0.58817540542506,0.3245582139480765,0.0872663806268635,2,2,1,60,20,8,4,2,85,14,6,9,3,0,15,5,477,134,272,62,25,21,5,55,7,0,8,4,61,53,39,41,3,0,40,8,6,2,0,75,19,1,2,0,0,8,0,326,181,63,40,43,19,1,54,7,4,37,5,62,47,61,27,6,0
2022-10-15,LaLiga,3918020,Mallorca,Sevilla,0.24605037751411712,0.3431254362032866,0.41082418628259626,0,1,2,43,9,5,3,3,80,17,1,3,1,0,6,3,370,181,114,48,25,27,2,46,4,0,20,0,44,57,46,75,2,0,57,4,1,0,0,83,15,3,3,0,0,1,3,500,189,228,31,17,16,2,100,14,2,11,4,38,43,54,29,3,0
2022-10-15,LaLiga,3918018,Athletic Club,Atletico Madrid,0.320275746425078,0.2823140341888304,0.39741021938609156,0,1,2,61,13,3,2,2,80,14,6,6,4,0,7,6,566,147,306,68,29,23,0,72,7,0,8,0,54,42,46,19,0,0,39,3,1,1,0,71,17,1,2,0,0,2,1,382,163,108,26,29,18,1,47,14,4,25,3,71,58,54,55,6,0
2022-10-16,LaLiga,3918019,Celta Vigo,Real Sociedad,0.2484503755560417,0.33996937212863704,0.41158025231532125,1,2,2,54,10,3,1,0,84,14,1,5,2,0,3,7,455,182,199,56,14,17,2,65,6,1,12,4,57,56,41,45,5,1,46,8,6,2,1,79,17,6,1,1,0,6,2,396,152,160,53,25,27,1,57,13,2,23,2,50,44,59,67,7,0
2022-10-16,LaLiga,3918022,Real Madrid,Barcelona,0.4965122825325772,0.10662254383676384,0.396865173630659,3,1,0,43,8,4,2,1,83,11,2,2,2,0,6,2,414,195,150,57,14,17,3,75,6,6,9,4,38,46,50,29,2,0,57,18,5,2,1,89,14,3,7,6,0,12,6,547,181,307,73,56,15,4,86,8,2,5,1,44,54,50,67,2,0
2022-10-16,LaLiga,3918021,Espanyol,Real Valladolid,0.46357740389134316,0.37353134693110257,0.1628912491775543,1,0,0,49,15,3,2,1,76,13,6,7,5,1,10,5,374,110,175,48,25,25,2,75,4,4,7,2,51,54,46,33,1,0,51,14,2,0,0,76,11,4,8,4,0,6,8,395,201,98,51,50,23,2,73,5,5,18,2,49,46,54,33,4,0
2022-10-16,LaLiga,3918027,Real Betis,Almeria,0.6154981076400026,0.29527230739624094,0.08922958496375649,3,1,0,55,16,6,6,3,83,6,9,4,6,0,14,2,529,220,220,36,22,14,1,71,4,2,7,4,36,60,33,80,1,0,45,12,5,2,1,84,7,3,4,3,0,9,3,433,218,145,54,33,19,3,17,12,6,16,3,33,40,67,47,1,0
2022-10-17,LaLiga,3918026,Villarreal,Osasuna,0.5597062175509687,0.28192140475285976,0.15837237769617155,2,0,0,58,12,9,3,1,83,14,8,2,1,0,8,4,416,189,158,51,21,18,5,70,4,3,18,3,43,56,39,40,2,0,42,14,3,0,0,81,23,4,8,3,0,2,12,289,124,109,59,6,15,2,54,12,1,16,7,41,44,61,25,6,0
2022-10-18,LaLiga,3918031,Sevilla,Valencia,0.4682582973188436,0.33189275374480764,0.19984894893634875,1,1,1,64,18,5,2,1,85,11,11,9,4,1,12,6,488,237,177,62,32,25,1,75,3,3,12,4,56,51,57,15,4,1,36,13,5,2,1,76,26,6,5,3,0,9,4,273,95,113,49,54,22,1,45,8,4,30,4,50,49,43,40,6,0
2022-10-18,LaLiga,3918033,Getafe,Athletic Club,0.22250146113383987,0.33062536528346,0.4468731735827002,2,2,1,41,11,4,1,0,73,14,7,2,5,0,9,2,362,134,130,49,8,15,5,61,8,3,19,2,46,57,56,60,6,0,59,14,4,1,0,84,11,4,7,3,0,8,6,528,218,225,50,21,15,2,75,8,5,29,2,35,43,44,41,4,0
2022-10-18,LaLiga,3918028,Atletico Madrid,Rayo Vallecano,0.6553360820788187,0.25836609454405984,0.08629782337712148,1,1,1,53,12,4,1,0,83,11,3,6,2,0,8,4,538,268,179,47,54,16,3,48,14,2,16,3,48,62,45,54,3,0,47,14,4,2,1,82,11,4,7,3,0,7,7,466,166,214,51,31,23,3,50,7,2,17,3,35,38,55,0,0,0
2022-10-19,LaLiga,3918034,Cadiz,Real Betis,0.1838815259966733,0.3231743306326125,0.4929441433707142,0,0,1,40,13,3,0,0,74,15,4,9,1,0,8,5,345,135,119,33,11,21,2,69,5,2,23,3,44,45,42,44,1,0,60,12,3,2,2,84,7,9,7,2,1,7,5,504,198,224,45,26,17,1,58,10,1,18,3,56,55,58,50,0,1
2022-10-19,LaLiga,3918035,Real Valladolid,Celta Vigo,0.2690237042989152,0.39558055443953394,0.3353957412615508,4,1,0,38,9,7,3,1,71,12,3,1,1,0,6,3,288,96,108,46,24,19,0,76,6,8,23,4,51,53,55,56,1,0,62,22,5,2,1,86,11,7,8,9,0,14,8,477,201,207,43,26,28,1,80,5,1,12,3,44,47,45,57,1,0
2022-10-19,LaLiga,3918036,Real Sociedad,Mallorca,0.6024569402228976,0.30217831813576496,0.09536474164133739,1,0,0,52,14,7,4,3,80,18,10,5,2,1,7,7,408,128,198,24,20,22,0,31,3,5,27,3,49,44,56,50,1,0,48,12,3,2,2,76,9,7,4,5,1,9,3,377,163,123,33,22,24,1,77,11,2,20,7,52,56,44,50,2,0
2022-10-19,LaLiga,3918030,Elche,Real Madrid,0.12668863261943986,0.15815485996705106,0.7151565074135091,0,3,2,38,10,3,2,2,88,14,8,4,3,0,8,2,435,216,166,53,28,10,0,69,8,3,8,3,33,0,100,60,1,0,62,10,7,4,3,94,10,2,1,2,0,7,3,738,292,404,87,0,16,6,47,5,3,14,3,40,0,0,73,1,0
2022-10-20,LaLiga,3918032,Almeria,Girona,0.41219254165564667,0.39328220047606455,0.1945252578682888,3,2,0,34,13,7,3,1,70,14,4,5,1,0,11,2,235,97,67,31,15,19,1,82,7,4,30,3,42,48,42,38,1,0,66,14,5,4,2,85,14,5,5,4,0,11,3,449,202,179,52,25,23,3,57,2,1,11,4,49,52,58,33,3,0
2022-10-20,LaLiga,3918037,Osasuna,Espanyol,0.46235606731620904,0.35815513096292545,0.17948880172086548,1,0,0,65,17,5,0,0,80,17,9,8,4,1,12,5,495,174,220,67,30,28,1,54,6,1,9,3,59,48,58,55,1,0,35,5,3,3,3,63,15,2,1,1,1,4,1,276,91,83,30,50,27,4,58,8,4,32,4,56,52,42,13,2,0
2022-10-20,LaLiga,3918029,Barcelona,Villarreal,0.6815140845070422,0.1612871674491393,0.15719874804381848,3,0,0,70,16,5,4,2,94,18,8,6,5,1,11,5,763,293,423,86,41,14,4,65,11,0,1,1,42,45,70,47,0,0,30,5,1,1,1,84,11,0,4,0,0,4,1,328,194,82,56,57,12,0,38,13,5,19,2,45,55,30,56,1,0
2022-10-22,LaLiga,3918045,Rayo Vallecano,Cadiz,0.491496290935408,0.3662022797177492,0.14230142934684278,5,1,0,62,28,11,5,2,85,13,10,12,5,0,17,11,441,128,246,61,26,17,3,76,6,0,10,0,46,62,47,57,1,1,38,3,0,2,2,73,12,1,3,0,0,2,1,277,130,73,41,17,19,0,78,5,5,20,7,33,38,53,25,3,1
2022-10-22,LaLiga,3918046,Real Valladolid,Real Sociedad,0.19744955156950672,0.3271440582959641,0.4754063901345291,1,0,0,25,9,2,1,1,56,19,4,6,1,0,6,3,186,59,45,30,33,15,3,59,11,9,24,2,42,52,30,75,2,0,75,20,2,0,0,87,14,10,8,10,0,5,15,562,216,275,58,27,31,3,83,8,1,8,1,52,48,70,43,3,0
2022-10-22,LaLiga,3918044,Valencia,Mallorca,0.5797499043001149,0.31721321934413677,0.10303687635574837,1,2,2,68,13,3,1,0,85,14,5,6,4,0,6,7,547,169,295,61,21,24,3,67,4,2,11,3,54,48,48,36,3,0,32,10,5,1,0,69,19,3,3,2,0,8,2,271,119,69,42,22,16,1,60,6,3,27,2,58,52,52,73,5,0
2022-10-22,LaLiga,3918039,Real Madrid,Sevilla,0.7321555378623228,0.14970626842546964,0.11813819371220761,3,1,0,56,18,6,3,1,91,9,4,6,6,0,7,11,638,263,316,68,25,16,1,50,5,5,6,1,40,50,80,40,1,0,44,9,2,1,0,86,12,3,2,5,0,6,3,502,257,177,30,25,11,0,50,9,6,6,3,34,50,20,43,4,0
2022-10-23,LaLiga,3918043,Espanyol,Elche,0.5096574344023324,0.365615889212828,0.12472667638483965,2,2,1,41,13,5,3,1,84,13,5,4,4,1,5,8,362,136,168,49,12,16,1,55,8,3,9,2,47,56,41,62,2,0,59,9,4,0,0,87,10,3,2,3,0,5,4,544,284,187,57,29,24,1,64,5,4,25,3,43,44,59,57,3,0
2022-10-23,LaLiga,3918042,Real Betis,Atletico Madrid,0.2963834902825085,0.32127830094169507,0.38233820877579644,1,2,2,55,17,4,1,1,85,10,7,9,4,1,12,5,560,238,236,59,31,22,2,63,12,3,17,1,49,47,45,32,2,0,45,9,3,1,1,83,17,4,3,3,0,4,5,463,214,171,50,0,27,0,58,12,4,13,3,56,53,55,57,3,0
2022-10-23,LaLiga,3918040,Girona,Osasuna,0.3068918594412871,0.37116785399823904,0.32194028656047385,1,1,1,50,7,1,1,0,82,11,3,3,3,0,2,5,468,247,136,38,15,19,3,38,4,1,18,1,37,43,35,50,2,0,50,9,2,1,1,84,11,5,6,1,0,4,5,474,208,190,48,36,18,3,60,8,2,22,0,55,57,65,75,3,0
2022-10-23,LaLiga,3918047,Villarreal,Almeria,0.5831788841311434,0.3234485843931744,0.09337253147568224,2,1,0,52,11,5,1,0,83,7,10,1,5,0,5,6,441,169,198,62,14,18,3,69,10,5,17,3,44,56,54,43,2,2,48,15,4,1,1,82,8,4,6,5,0,8,7,412,185,152,39,18,16,3,63,10,5,21,3,36,44,46,25,1,0
2022-10-23,LaLiga,3918041,Barcelona,Athletic Club,0.7172470978441128,0.1522064474376087,0.13054645471827853,4,0,0,66,10,7,3,1,89,7,1,3,0,0,8,2,669,394,204,69,29,20,4,85,6,3,12,1,40,59,50,62,2,0,34,5,3,1,1,80,13,2,1,1,0,3,2,343,127,146,43,10,20,1,67,11,0,9,3,30,41,50,44,2,0
2022-10-24,LaLiga,3918038,Celta Vigo,Getafe,0.4936863092600797,0.3368409392999557,0.16947275143996454,1,1,1,72,17,5,1,0,87,10,10,8,4,0,4,13,667,251,326,65,18,20,4,57,18,1,7,0,47,48,39,43,1,0,28,4,1,0,0,66,13,0,2,1,0,2,2,271,80,98,44,25,18,2,56,9,3,25,5,58,52,61,64,1,0
2022-10-28,LaLiga,3918055,Mallorca,Espanyol,0.4172901534596691,0.3455846212659057,0.2371252252744252,1,1,1,52,13,5,1,0,82,15,4,7,1,0,7,6,450,151,219,63,20,18,0,60,8,1,20,1,45,37,60,36,4,1,48,7,2,0,0,80,9,4,4,1,0,2,5,421,170,166,38,0,19,0,55,11,1,29,4,55,63,40,70,1,0
2022-10-29,LaLiga,3918051,Almeria,Celta Vigo,0.3025913078963477,0.38624770455009183,0.3111609875535605,3,1,0,62,19,5,4,3,88,10,6,8,6,0,11,8,509,213,233,63,42,16,0,29,8,2,12,2,41,51,56,56,4,0,38,8,3,0,0,79,7,4,3,2,0,2,6,313,136,111,34,14,19,5,33,4,6,22,2,38,49,44,60,0,1
2022-10-29,LaLiga,3918052,Cadiz,Atletico Madrid,0.16407001346412772,0.2836442905686991,0.5522856959671731,3,2,0,41,10,7,2,1,81,15,5,3,0,0,8,2,344,135,144,53,13,14,0,42,3,2,20,6,44,47,57,56,2,0,59,16,8,3,3,87,12,3,6,2,0,11,5,495,198,235,57,28,28,0,53,6,0,13,4,45,53,43,63,4,0
2022-10-29,LaLiga,3918056,Sevilla,Rayo Vallecano,0.559098228663446,0.32199677938808374,0.1189049919484702,0,1,2,63,10,4,2,2,82,9,6,4,2,0,7,3,505,199,216,57,17,29,3,42,13,6,9,4,52,51,48,58,6,0,37,15,5,0,0,72,20,6,4,6,0,9,6,305,107,113,39,17,25,0,78,5,2,27,5,51,49,52,44,1,0
2022-10-29,LaLiga,3918053,Valencia,Barcelona,0.18374249361525896,0.1559947541587097,0.6602627522260314,0,1,2,33,3,2,0,0,77,13,3,1,0,0,3,0,275,125,86,46,15,20,1,50,13,4,23,1,42,49,50,47,4,0,67,13,2,4,3,87,7,10,7,4,1,10,3,572,266,230,61,29,26,3,92,8,0,5,2,43,51,50,50,5,0
2022-10-30,LaLiga,3918050,Osasuna,Real Valladolid,0.4575500303214069,0.3849302607640995,0.15751970891449363,2,0,0,48,20,10,1,0,82,14,1,6,4,0,12,8,390,108,210,58,35,17,2,75,16,1,18,2,54,49,63,56,0,0,52,7,2,0,0,82,16,8,4,1,0,4,3,422,202,143,47,14,18,3,33,10,4,23,8,46,51,37,36,3,0
2022-10-30,LaLiga,3918057,Real Madrid,Girona,0.7405113820261086,0.15768691336713778,0.1018017046067537,1,1,1,58,19,6,3,2,91,16,7,6,7,1,9,10,643,185,403,70,13,17,2,47,4,0,8,1,39,51,80,62,1,1,42,8,2,4,3,88,8,1,6,0,1,6,2,460,265,142,51,27,10,1,40,7,7,12,5,32,49,20,50,3,0
2022-10-30,LaLiga,3918048,Athletic Club,Villarreal,0.4035591632844209,0.3469871995004683,0.24945363721511082,1,0,0,43,19,7,5,4,79,12,6,7,5,0,14,5,371,121,173,52,15,15,2,48,11,2,7,3,47,58,69,50,2,0,57,6,3,0,0,84,10,2,1,2,0,4,2,523,288,153,56,20,18,0,30,9,5,28,6,31,42,31,33,1,0
2022-10-30,LaLiga,3918054,Real Sociedad,Real Betis,0.4378429307764784,0.32699661918749656,0.23516045003602506,0,2,2,58,14,7,2,2,83,22,5,5,2,1,10,4,418,190,156,59,38,21,2,72,9,3,7,2,55,50,68,50,4,0,42,10,4,1,0,76,16,3,3,3,1,4,6,305,132,99,37,14,21,2,54,9,2,22,7,47,50,32,67,4,0
2022-10-31,LaLiga,3918049,Elche,Getafe,0.344716221939856,0.35890512494705634,0.2963786531130877,0,1,2,59,12,5,1,1,84,12,6,7,0,0,8,4,514,263,167,57,22,22,0,57,7,1,11,2,39,47,54,44,0,0,41,8,3,0,0,75,11,2,4,1,0,6,2,359,160,109,39,29,22,1,29,11,0,30,5,40,54,46,60,1,1
2022-11-04,LaLiga,3918063,Girona,Athletic Club,0.22846608324818976,0.2970991959486473,0.4744347208031629,2,1,0,42,19,10,1,0,80,11,7,5,4,0,12,7,362,156,135,48,27,10,3,44,8,1,22,6,40,49,43,40,1,0,58,11,7,1,0,83,11,1,3,1,0,6,5,517,167,264,44,27,14,3,50,3,4,18,8,43,51,57,50,1,0
2022-11-05,LaLiga,3918066,Getafe,Cadiz,0.49273495096986614,0.37155536468398825,0.13570968434614558,0,0,1,53,13,2,0,0,81,15,5,6,5,1,7,6,424,152,190,52,30,22,1,53,4,4,19,4,55,48,56,22,4,2,47,15,4,1,1,75,16,5,7,4,0,11,4,386,164,124,41,25,24,2,67,3,6,20,1,53,52,44,53,0,1
2022-11-05,LaLiga,3918064,Real Valladolid,Elche,0.5054372658320387,0.36141825824728135,0.13314447592067988,2,1,0,51,16,11,5,4,85,9,8,5,0,0,12,4,407,200,144,63,27,26,2,53,13,2,14,1,38,52,63,38,2,0,49,4,2,0,0,83,10,4,0,2,0,3,1,407,190,146,56,21,28,0,33,4,0,23,9,32,48,38,36,0,0
2022-11-05,LaLiga,3918060,Celta Vigo,Osasuna,0.41444773175542404,0.3465647600262985,0.23898750821827744,1,2,2,61,13,5,1,1,85,12,2,7,1,0,6,7,538,241,217,47,12,27,0,80,9,1,13,2,56,66,36,54,1,0,39,8,4,0,0,77,20,3,3,1,0,4,4,330,152,102,49,25,21,1,50,6,1,26,4,40,34,64,42,5,0
2022-11-05,LaLiga,3918067,Barcelona,Almeria,0.7874581867153221,0.12761197271818933,0.08492984056648856,2,0,0,70,27,13,7,6,90,14,9,8,6,1,20,7,713,175,468,88,42,22,6,60,3,2,6,1,53,56,58,88,2,0,30,4,1,1,1,72,13,1,1,2,0,4,0,310,165,57,34,0,13,1,54,12,6,22,10,41,44,42,43,1,0
2022-11-06,LaLiga,3918058,Atletico Madrid,Espanyol,0.6116719242902208,0.28264984227129336,0.1056782334384858,1,1,1,67,27,7,2,2,88,13,12,9,11,0,16,11,540,185,291,72,19,29,4,55,7,1,5,1,54,55,52,41,3,0,33,6,2,2,1,71,10,2,3,1,0,4,2,269,106,85,42,33,20,0,33,9,10,36,7,46,45,48,7,5,1
2022-11-06,LaLiga,3918061,Real Sociedad,Valencia,0.48909572661186224,0.3411237176438617,0.1697805557442761,1,1,1,27,9,4,2,2,65,11,1,3,2,1,5,4,227,78,70,48,38,25,2,38,6,4,28,2,43,43,51,50,2,1,73,14,3,1,1,86,12,11,7,4,1,6,8,603,134,384,62,23,13,2,71,2,3,14,3,49,57,49,43,0,0
2022-11-06,LaLiga,3918065,Villarreal,Mallorca,0.5801558015580156,0.30948476151428184,0.11035943692770261,0,2,2,71,9,2,0,0,89,17,5,4,3,1,4,5,597,165,365,61,32,17,1,75,5,1,5,3,43,44,55,41,4,0,29,7,5,1,1,74,16,2,1,1,0,5,2,242,74,104,57,71,7,2,50,11,3,28,2,50,56,45,57,6,0
2022-11-06,LaLiga,3918059,Real Betis,Sevilla,0.5448643410852713,0.270687984496124,0.18444767441860466,1,1,1,37,9,4,2,2,81,6,1,3,2,0,6,3,308,124,124,36,44,14,2,67,6,6,22,4,39,64,39,57,4,2,63,22,6,2,2,88,20,4,11,5,2,13,9,523,189,272,58,37,10,3,73,4,1,10,4,29,36,61,20,5,1
2022-11-07,LaLiga,3918062,Rayo Vallecano,Real Madrid,0.17139683035636794,0.1630474405040879,0.6655557291395442,3,2,0,45,15,7,2,1,81,22,4,5,3,0,8,7,367,99,199,35,16,21,2,64,9,3,18,0,31,35,38,33,4,0,55,16,2,3,1,86,11,5,10,4,0,9,7,449,228,158,48,14,14,0,50,10,3,19,4,56,65,62,60,5,0
2022-11-08,LaLiga,3918069,Elche,Girona,0.4230769230769231,0.20192307692307693,0.375,1,2,2,45,11,2,1,0,79,16,2,5,4,2,7,4,349,170,107,41,22,20,2,83,5,6,9,1,47,53,61,36,3,0,55,21,3,3,1,82,9,5,12,6,2,16,5,439,199,162,60,54,23,3,58,5,3,9,1,39,47,39,29,2,0
2022-11-08,LaLiga,3918068,Athletic Club,Real Valladolid,0.5301344743276284,0.33031784841075795,0.13954767726161368,3,0,0,43,19,6,4,3,75,21,10,8,5,0,16,3,341,98,158,37,27,11,3,60,14,1,10,0,29,31,47,46,3,0,57,8,0,0,0,76,6,2,7,1,0,5,3,459,208,143,46,17,22,1,57,10,5,17,3,56,69,53,62,1,0
2022-11-08,LaLiga,3918073,Osasuna,Barcelona,0.1648616360823329,0.1502320753608429,0.6849062885568242,1,2,2,47,15,3,1,1,81,15,3,6,6,0,10,5,433,160,189,48,23,20,3,30,5,1,13,1,33,39,48,56,4,0,53,9,3,2,0,82,6,6,5,1,0,7,2,506,239,175,41,20,19,2,67,3,5,14,2,46,61,52,58,2,2
2022-11-09,LaLiga,3918071,Almeria,Getafe,0.3696153846153846,0.375,0.2553846153846154,1,0,0,55,8,3,0,0,77,17,7,2,3,0,5,3,453,233,117,38,33,16,4,50,12,4,22,2,36,38,39,50,6,1,45,11,3,0,0,72,8,6,5,3,1,9,2,361,120,140,44,25,26,4,54,11,3,10,2,57,62,61,57,4,0
2022-11-09,LaLiga,3918077,Sevilla,Real Sociedad,0.3889830508474576,0.3320217917675545,0.27899515738498787,1,2,2,32,6,3,1,1,76,9,2,3,0,0,5,1,328,140,108,41,21,16,0,50,4,3,12,7,34,48,33,42,2,2,68,17,9,4,2,90,12,1,5,3,0,12,5,732,226,432,63,18,15,4,41,9,0,21,2,41,52,67,56,2,0
2022-11-09,LaLiga,3918070,Espanyol,Villarreal,0.2760084925690021,0.351380042462845,0.37261146496815284,0,1,2,44,14,6,1,1,86,11,4,4,4,0,8,6,414,189,167,60,28,13,1,56,6,2,12,4,35,51,36,43,1,0,56,10,3,0,0,89,6,7,5,2,1,7,3,532,259,215,62,11,16,2,46,5,4,25,6,38,49,64,29,3,0
2022-11-09,LaLiga,3918072,Mallorca,Atletico Madrid,0.2304315237177428,0.2744405182567727,0.49512795802548454,1,0,0,37,9,3,2,1,75,14,2,3,3,0,3,6,354,136,128,51,63,11,1,46,11,7,37,5,46,48,39,38,5,0,63,17,5,2,2,87,17,5,5,7,0,6,11,586,196,311,49,14,19,4,74,5,3,13,2,55,52,61,71,3,0
2022-11-10,LaLiga,3918075,Rayo Vallecano,Celta Vigo,0.5297132707434661,0.31575742197411827,0.15452930728241562,0,0,1,58,10,3,0,0,84,19,5,5,2,0,5,5,512,186,242,51,26,27,4,36,5,2,14,3,51,42,45,21,7,0,42,11,3,0,0,77,16,3,6,2,0,7,4,375,147,140,39,38,16,0,55,6,2,23,3,69,58,55,42,1,0
2022-11-10,LaLiga,3918074,Valencia,Real Betis,0.32464910120659934,0.3187392267914307,0.35661167200196997,3,0,0,62,15,7,3,1,87,12,5,7,1,1,8,7,545,241,235,59,19,20,5,57,3,3,13,1,44,49,67,52,1,0,38,5,1,0,0,74,9,5,1,3,0,3,2,329,168,75,35,11,16,4,58,6,1,15,4,40,51,33,36,1,1
2022-11-10,LaLiga,3918076,Real Madrid,Cadiz,0.6752190660689749,0.16854008514855945,0.1562408487824657,2,1,0,67,18,5,2,1,90,12,7,10,3,0,8,10,672,232,370,67,16,17,3,70,4,2,12,4,62,67,74,67,3,0,33,10,5,3,2,79,16,1,3,2,1,5,5,338,145,123,52,0,17,0,80,6,3,18,3,29,33,26,20,3,0
2022-12-29,LaLiga,3918082,Girona,Rayo Vallecano,0.33487539173257724,0.34387902303138834,0.3212455852360344,2,2,1,60,16,7,2,0,84,14,2,8,1,0,12,4,515,248,183,47,13,26,2,80,9,4,6,2,52,49,70,37,3,0,40,12,4,3,2,76,14,4,4,4,0,7,5,353,128,140,33,33,20,3,61,8,1,20,5,42,51,30,22,2,0
2022-12-29,LaLiga,3918083,Real Betis,Athletic Club,0.4213289878689118,0.3128734383487235,0.2657975737823647,0,0,1,53,9,5,0,0,79,8,2,3,1,0,4,5,463,202,162,51,10,32,2,68,7,7,24,0,50,53,41,40,1,1,47,10,0,0,0,76,17,6,3,7,0,6,4,397,133,169,55,10,23,4,71,15,1,14,5,49,47,59,55,4,0
2022-12-29,LaLiga,3918078,Atletico Madrid,Elche,0.7000789265982637,0.21554478144849099,0.08437629195324539,2,0,0,62,18,4,2,1,89,14,3,11,3,0,7,11,590,274,249,53,13,14,2,55,8,1,14,1,56,59,85,44,1,1,38,5,1,2,2,82,20,5,3,1,0,2,3,348,158,126,56,14,16,3,23,9,3,16,2,33,41,15,33,2,2
2022-12-30,LaLiga,3918081,Getafe,Mallorca,0.378950231166712,0.35822681533859124,0.26282295349469675,2,0,0,56,14,6,2,0,79,10,4,3,5,0,9,5,508,179,222,38,11,19,1,64,7,0,11,0,52,55,49,38,0,0,44,3,0,1,1,73,19,2,3,0,0,1,2,411,187,114,36,11,20,4,46,3,5,17,4,47,45,51,44,1,0
2022-12-30,LaLiga,3918087,Cadiz,Almeria,0.4351613128005017,0.36171695352240263,0.20312173367709568,1,1,1,49,12,6,3,3,78,7,3,5,1,0,9,3,432,205,134,41,18,23,3,70,5,5,13,9,45,52,40,40,2,0,51,19,10,3,3,81,14,2,4,5,1,11,8,450,210,154,52,33,18,5,75,8,1,18,5,47,48,60,43,0,0
2022-12-30,LaLiga,3918080,Celta Vigo,Sevilla,0.2889477869069706,0.31364961569043204,0.3974025974025974,1,1,1,44,17,5,3,2,83,11,5,5,7,0,11,6,447,184,186,50,29,21,2,57,14,0,24,4,44,53,52,50,2,0,56,7,5,1,1,84,13,6,2,0,0,3,4,587,222,274,51,18,25,1,73,14,7,18,4,39,47,48,50,2,1
2022-12-30,LaLiga,3918085,Real Valladolid,Real Madrid,0.1195978718762063,0.12226641827366866,0.758135709850125,0,2,2,39,14,4,0,0,82,7,5,5,5,0,5,9,386,180,138,53,40,9,5,60,10,3,13,5,41,63,44,57,2,1,61,19,7,4,2,88,9,9,8,4,0,15,4,610,215,324,50,30,21,1,50,6,5,3,4,27,37,56,32,0,0
2022-12-31,LaLiga,3918079,Barcelona,Espanyol,0.794031624880742,0.11716220654706977,0.08880616857218825,1,1,1,78,21,6,4,3,91,11,10,10,5,0,18,3,640,292,291,77,48,13,0,73,3,3,15,0,47,52,47,41,5,1,22,4,1,1,0,68,15,2,0,3,0,3,1,186,60,66,57,0,14,1,41,6,5,12,5,46,48,53,38,6,1
2022-12-31,LaLiga,3918084,Real Sociedad,Osasuna,0.5609683203825463,0.3210400478182905,0.11799163179916318,2,0,0,51,9,2,2,1,78,10,3,6,1,0,5,4,422,162,166,41,0,29,3,54,15,5,19,3,63,46,71,27,1,0,49,11,3,0,0,72,15,2,3,5,0,4,7,393,124,158,37,20,23,1,59,9,1,15,0,51,54,29,40,1,0
2022-12-31,LaLiga,3918086,Villarreal,Valencia,0.4954749775247228,0.33748876236140246,0.16703626011387473,2,1,0,53,14,8,4,2,83,12,5,6,0,1,9,5,393,171,154,71,30,19,2,43,9,6,21,3,48,46,53,44,1,0,47,13,4,1,1,81,16,2,3,6,0,9,4,345,114,164,41,24,18,7,64,11,0,8,6,54,54,47,38,4,0
2023-01-06,LaLiga,3918094,Elche,Celta Vigo,0.2303367659337601,0.34294461452824937,0.42671861953799056,0,1,2,57,13,5,2,2,75,15,8,5,3,0,7,6,485,191,171,55,19,39,2,69,8,4,16,6,54,46,55,43,3,1,43,14,7,2,1,74,15,4,3,4,0,10,4,383,172,110,38,9,16,2,75,13,3,40,5,56,54,45,50,1,0
2023-01-06,LaLiga,3918096,Valencia,Cadiz,0.5931731104144897,0.29039160073642833,0.11643528884908196,0,1,2,74,11,2,0,0,85,14,13,3,6,0,8,3,544,197,268,54,17,21,2,68,7,0,7,1,69,59,40,58,5,0,26,6,2,0,0,61,21,2,4,0,0,5,1,204,56,69,35,80,17,1,78,6,6,51,2,61,41,60,50,6,0
2023-01-07,LaLiga,3918097,Villarreal,Real Madrid,0.1495596505499947,0.16110777066459167,0.6893325787854137,2,1,0,49,17,5,4,2,85,13,6,8,4,1,10,7,462,194,198,57,42,12,2,63,15,3,24,2,36,51,30,57,4,0,51,13,3,4,3,86,6,5,7,3,0,10,3,485,209,210,76,25,13,3,56,5,4,21,3,39,49,70,40,1,0
2023-01-07,LaLiga,3918090,Mallorca,Real Valladolid,0.4588142292490119,0.334703557312253,0.20648221343873518,1,0,0,42,13,4,2,2,75,14,6,7,2,0,10,3,331,113,136,45,25,19,1,61,6,3,16,1,65,56,56,29,2,0,58,9,1,0,0,81,17,2,5,3,1,5,4,507,241,169,44,27,19,0,71,9,1,21,3,51,44,44,38,3,0
2023-01-07,LaLiga,3918091,Espanyol,Girona,0.47955104551045513,0.33748462484624847,0.18296432964329643,2,2,1,44,12,6,1,0,78,13,5,3,3,0,7,5,354,131,146,44,28,19,0,53,7,1,15,3,56,53,47,47,3,0,56,12,5,4,2,86,16,2,6,1,0,8,4,458,212,184,55,36,19,5,62,3,3,25,4,53,47,53,48,2,0
2023-01-08,LaLiga,3918092,Almeria,Real Sociedad,0.19004582484725052,0.32942973523421587,0.4805244399185336,0,2,2,44,6,1,0,0,79,13,4,4,1,0,5,1,375,187,110,44,33,26,3,58,6,0,12,4,50,48,46,42,1,0,56,9,6,4,3,83,14,2,3,0,0,8,1,494,213,196,43,29,24,9,61,3,1,13,1,56,52,54,57,0,0
2023-01-08,LaLiga,3918093,Rayo Vallecano,Real Betis,0.24528548123980423,0.3574551386623165,0.39725938009787926,1,2,2,62,15,3,2,1,81,10,5,7,5,0,7,8,486,194,199,49,27,29,4,61,6,4,11,1,49,47,50,19,3,0,38,14,3,0,0,72,16,7,8,3,2,8,6,303,121,97,41,15,14,1,74,10,5,28,2,54,53,50,47,2,0
2023-01-08,LaLiga,3918095,Sevilla,Getafe,0.6770929162833487,0.3219871205151794,0.0009199632014719411,2,1,0,58,11,5,2,1,84,13,3,4,2,0,7,4,561,222,251,48,24,18,5,54,6,3,20,1,53,51,55,53,3,0,42,11,2,2,2,77,16,4,6,3,0,8,3,400,197,109,34,33,16,2,62,8,2,21,3,48,49,45,62,3,0
2023-01-08,LaLiga,3918089,Atletico Madrid,Barcelona,0.23267224103379172,0.13272522055605465,0.6346025384101537,0,1,2,41,20,5,2,2,79,8,7,8,7,0,15,5,424,150,186,51,13,25,2,58,14,5,7,1,56,54,46,47,2,1,59,10,2,2,1,85,16,4,3,5,0,7,3,634,312,229,50,22,16,1,59,13,9,26,3,51,46,54,50,3,1
2023-01-09,LaLiga,3918088,Athletic Club,Osasuna,0.5711387736284002,0.29004149377593363,0.1388197325956662,0,0,1,60,17,3,2,2,78,8,14,10,4,0,6,11,482,189,187,55,13,29,6,50,8,2,12,1,54,53,50,60,0,0,40,3,1,1,1,65,13,1,0,2,0,1,2,328,104,110,40,13,34,1,63,11,4,31,3,50,47,50,30,1,0
2023-01-13,LaLiga,3918098,Celta Vigo,Villarreal,0.20845083662342545,0.3009964278999812,0.49055273547659334,1,1,1,51,21,8,4,3,88,11,13,8,5,0,12,9,493,216,220,57,20,25,1,80,7,0,15,0,33,45,43,45,0,0,49,3,1,0,0,86,8,3,2,0,1,0,3,503,242,193,58,13,16,3,75,12,5,24,7,41,55,57,67,2,0
2023-01-14,LaLiga,3918107,Real Valladolid,Rayo Vallecano,0.7164556962025317,0.28227848101265823,0.0012658227848101266,0,1,2,45,9,2,1,1,71,17,4,5,2,0,6,3,346,149,98,33,0,29,2,44,8,1,20,5,64,53,48,36,2,0,55,13,6,1,1,76,18,8,4,3,0,5,8,433,129,199,34,21,26,0,67,8,2,24,2,59,47,52,38,2,0
2023-01-14,LaLiga,3918102,Girona,Sevilla,0.21232925695487379,0.33311878709861975,0.4545519559465065,2,1,0,46,19,7,6,4,88,11,5,7,5,0,11,8,451,198,198,53,32,17,1,58,8,0,17,2,37,48,50,41,3,0,54,10,2,1,1,89,7,1,8,0,0,5,5,539,254,224,68,14,13,1,60,10,5,14,5,40,52,50,33,1,0
2023-01-14,LaLiga,3918105,Osasuna,Mallorca,0.42235965746907705,0.341674595623216,0.23596574690770694,1,0,0,62,15,4,1,0,86,15,3,9,2,0,9,6,561,200,281,46,26,15,0,33,6,2,23,2,54,52,56,46,2,0,38,6,2,1,1,73,19,1,2,2,1,3,3,336,132,113,49,36,21,7,50,4,2,16,3,48,48,44,44,3,0
2023-01-14,LaLiga,3918103,Real Sociedad,Athletic Club,0.5031514740765842,0.3093188749576415,0.1875296509657743,3,1,0,58,11,5,3,1,82,20,4,3,3,0,9,2,506,240,177,42,33,14,4,68,3,1,10,1,52,50,52,38,5,0,42,6,2,0,0,76,15,2,3,1,0,5,1,362,144,130,47,29,25,4,33,8,3,12,2,51,50,48,36,2,1
2023-01-15,LaLiga,3918106,Getafe,Espanyol,0.37816697840503316,0.3955959870770277,0.22623703451793914,1,2,2,62,10,2,0,0,77,20,5,4,4,0,5,5,443,185,155,37,21,40,3,56,11,3,27,2,45,42,47,50,2,0,38,10,4,0,0,66,13,1,3,3,0,5,5,279,83,101,36,7,20,0,50,14,4,34,1,58,58,53,50,3,0
2023-01-15,LaLiga,3918101,Almeria,Atletico Madrid,0.15378997339454328,0.2597422922426835,0.5864677343627732,1,1,1,55,14,3,1,0,85,14,3,9,2,0,10,4,538,268,187,55,33,21,4,56,11,2,15,5,56,55,53,56,4,0,45,12,7,4,3,78,12,4,3,2,0,10,2,440,215,127,40,23,12,3,79,9,2,20,2,47,45,47,21,2,1
2023-01-16,LaLiga,3918099,Cadiz,Elche,0.5443268695255936,0.3122879854184598,0.14338514505594654,1,1,1,50,16,3,2,2,73,11,3,8,5,1,9,7,392,151,136,37,26,20,1,39,6,1,17,4,61,61,48,58,3,0,50,12,5,1,0,79,21,6,6,1,1,6,6,385,164,142,40,17,20,1,43,9,5,22,2,45,39,52,43,2,0
2023-01-20,LaLiga,3918114,Mallorca,Celta Vigo,0.3689839572192513,0.3304119627649039,0.3006040800158447,1,0,0,42,8,3,0,0,77,15,4,4,1,0,6,2,396,164,139,41,31,21,1,75,9,4,19,3,42,40,63,38,2,0,58,10,3,0,0,84,11,6,3,4,0,2,8,552,220,246,50,5,20,0,47,6,1,12,2,45,60,37,57,3,0
2023-01-21,LaLiga,3918112,Rayo Vallecano,Real Sociedad,0.19073606658025785,0.32655706391977624,0.4827068694999659,0,2,2,54,14,2,0,0,75,11,3,6,6,0,9,5,466,178,172,34,19,28,5,50,13,2,8,5,57,51,53,56,0,0,46,12,7,2,0,72,11,4,3,2,0,7,5,403,178,113,36,30,25,2,59,12,6,24,2,53,49,47,33,0,0
2023-01-21,LaLiga,3918113,Espanyol,Real Betis,0.21213942307692307,0.34420072115384615,0.4436598557692308,1,0,0,30,8,2,3,2,70,18,7,5,1,1,7,1,251,87,88,51,17,22,2,60,8,5,21,3,42,40,58,0,3,0,70,13,4,1,1,89,8,4,4,5,0,7,6,614,249,296,61,16,24,1,75,7,1,26,1,49,60,42,50,2,0
2023-01-21,LaLiga,3918109,Atlético Madrid,Real Valladolid,0.6644914491449145,0.239986498649865,0.09552205220522052,3,0,0,47,18,8,7,4,85,12,4,6,4,2,15,3,519,206,233,63,0,20,1,62,11,2,22,1,39,38,65,29,1,0,53,7,1,1,1,85,7,1,4,2,0,2,5,567,243,240,58,17,17,1,67,13,4,15,5,48,63,35,47,1,0
2023-01-21,LaLiga,3918115,Sevilla,Cadiz,0.5884996092732483,0.2892680385517062,0.12223235217504559,1,0,0,75,17,9,1,0,89,15,8,4,4,0,11,6,668,196,397,59,15,32,6,61,1,1,5,1,55,53,68,35,1,0,25,4,1,0,0,64,14,1,2,1,0,0,4,230,102,46,36,0,14,1,55,9,5,30,7,42,47,32,0,2,1
2023-01-22,LaLiga,3918117,Villarreal,Girona,0.5882998573153331,0.314894084074196,0.09680605861047085,1,0,0,69,19,9,4,3,88,21,3,9,1,1,10,9,608,252,284,56,38,16,1,65,5,2,11,1,44,49,43,55,5,0,31,8,1,1,1,72,15,2,5,2,0,6,2,263,118,71,46,27,15,5,69,4,1,15,8,48,51,57,70,3,1
2023-01-22,LaLiga,3918111,Elche,Osasuna,0.6662971175166297,0.3325942350332594,0.0011086474501108647,1,1,1,42,13,4,3,2,65,19,7,6,3,0,10,3,303,91,107,43,19,35,5,53,3,0,23,3,53,51,60,61,2,0,58,8,4,1,0,75,9,2,4,0,0,5,3,431,154,170,48,16,24,1,63,6,3,25,3,46,49,40,14,0,0
2023-01-22,LaLiga,3918110,Barcelona,Getafe,0.7980441209915852,0.11907740125843377,0.08287847774998104,1,0,0,68,8,4,1,0,88,11,4,3,1,0,4,4,807,236,476,65,12,18,5,44,5,1,7,3,44,51,42,60,1,0,32,7,3,4,4,78,6,2,3,1,0,7,0,385,171,130,56,40,15,4,27,9,1,27,3,48,49,58,50,2,0
2023-01-22,LaLiga,3918108,Athletic Club,Real Madrid,0.19337786191377648,0.151837696896096,0.6547844411901275,0,2,2,50,18,3,1,1,83,17,12,10,5,0,13,5,437,143,218,45,31,31,3,65,7,2,6,2,46,49,41,41,3,0,50,10,4,1,1,86,10,2,4,2,0,8,2,467,225,176,55,14,13,2,57,10,4,25,3,51,51,59,50,2,0
2023-01-23,LaLiga,3918116,Valencia,Almeria,0.6105249274597732,0.2910401828892992,0.09843488965092763,2,2,1,57,16,6,5,3,80,8,6,7,3,0,12,4,482,208,176,46,23,24,5,65,5,4,12,1,44,55,50,50,2,0,43,14,3,2,1,73,8,2,7,4,1,7,7,367,154,114,39,18,23,3,47,12,3,24,4,38,45,50,31,1,0
2023-01-27,LaLiga,3918120,Almeria,Espanyol,0.30640826873385013,0.35943152454780364,0.33416020671834623,3,1,0,57,19,7,3,2,76,16,2,8,4,1,13,6,421,168,154,46,33,28,0,54,6,2,9,2,36,41,33,53,3,0,43,6,3,1,0,68,6,2,1,2,0,4,2,315,140,73,31,18,27,6,28,5,4,11,4,58,59,67,36,3,0
2023-01-28,LaLiga,3918118,Cadiz,Mallorca,0.2981071453516798,0.36578892226025006,0.3361039323880701,2,0,0,42,11,4,3,1,70,13,6,4,3,0,7,4,345,129,114,38,9,18,0,69,6,1,25,2,50,48,39,40,2,0,58,9,2,0,0,78,12,2,6,1,0,5,4,475,194,175,48,24,19,3,75,2,2,28,2,64,52,61,56,2,0
2023-01-28,LaLiga,3918123,Girona,Barcelona,0.11395310099757547,0.13581092335881254,0.750235975643612,0,1,2,40,8,2,2,2,83,10,4,4,2,0,6,2,383,193,124,63,40,25,6,58,9,3,17,2,47,53,60,69,2,0,60,8,3,1,0,87,15,2,2,3,0,5,3,583,197,312,66,17,18,1,84,5,1,16,2,40,47,40,42,3,0
2023-01-28,LaLiga,3918125,Sevilla,Elche,0.6008270336628545,0.2970859985785359,0.10208696775860955,3,0,0,81,22,8,4,3,92,7,5,10,4,0,14,8,799,273,461,73,32,24,3,43,5,4,6,1,39,52,43,22,1,0,19,6,1,0,0,63,8,2,1,4,0,4,2,185,58,59,49,43,21,0,58,6,4,25,5,38,48,57,26,3,1
2023-01-28,LaLiga,3918124,Getafe,Real Betis,0.1970871358919865,0.30641330166270786,0.4964995624453057,0,1,2,38,6,1,0,0,73,25,6,3,2,0,4,2,348,129,124,41,25,23,0,73,10,2,12,1,39,42,33,57,4,0,62,13,2,2,1,82,12,1,9,2,0,8,5,589,235,250,56,43,24,3,60,11,2,21,1,59,58,67,73,2,0
2023-01-29,LaLiga,3918126,Real Valladolid,Valencia,0.20352483692925238,0.3401906673356749,0.45628449573507274,1,0,0,53,13,6,3,2,81,14,4,6,1,0,6,7,402,190,134,54,25,22,1,38,6,6,18,2,60,52,52,41,3,0,47,15,2,1,1,77,15,7,7,6,0,9,6,348,138,131,40,27,36,0,47,8,1,16,5,55,48,48,65,1,0
2023-01-29,LaLiga,3918122,Osasuna,Atletico Madrid,0.186256204745207,0.2810237260348832,0.5327200692199099,0,1,2,52,14,4,1,1,83,13,5,8,2,0,6,8,500,213,204,65,21,17,3,55,7,2,12,4,39,45,38,79,1,0,48,13,5,2,1,80,7,4,6,2,0,9,4,479,211,170,42,33,20,3,53,3,2,18,4,51,55,62,53,0,0
2023-01-29,LaLiga,3918121,Celta Vigo,Athletic Club,0.23261996543931943,0.33357703043998405,0.43380300412069656,1,0,0,49,9,3,1,0,77,17,2,3,3,0,4,5,411,172,144,55,20,25,4,50,9,1,24,0,52,51,63,33,2,0,51,5,0,0,0,77,19,5,4,1,1,2,3,424,127,198,58,7,28,2,81,9,3,17,2,45,49,38,42,2,0
2023-01-29,LaLiga,3918119,Real Madrid,Real Sociedad,0.6928374655647382,0.1392615648813996,0.1679009695538621,0,0,1,61,20,7,2,2,90,8,10,8,5,0,7,13,661,210,384,62,13,13,4,76,6,2,9,3,70,61,60,60,1,0,39,8,3,0,0,85,19,3,3,2,0,5,3,426,224,136,40,0,13,2,42,13,5,33,7,45,39,40,58,4,0
2023-01-30,LaLiga,3918127,Villarreal,Rayo Vallecano,0.6298035692408217,0.2697349614080941,0.10046146935108424,0,1,2,62,12,3,2,2,81,11,5,7,2,0,5,7,538,231,204,50,15,16,6,48,5,2,14,2,52,55,45,42,2,0,38,11,3,1,1,77,18,4,6,2,0,4,7,323,106,143,45,6,13,3,70,12,2,25,3,46,45,55,44,3,0
2023-02-01,LaLiga,3918104,Real Betis,Barcelona,0.15629700944701846,0.1296106865635718,0.7140923039894097,1,2,2,36,5,1,0,0,79,17,1,2,2,0,5,0,363,131,155,40,11,16,3,74,8,4,16,1,54,45,50,48,3,1,64,13,3,4,2,88,9,6,6,4,0,11,2,643,238,330,63,29,13,6,48,7,2,9,1,63,55,50,55,0,0
2023-02-02,LaLiga,3918100,Real Madrid,Valencia,0.6905384466395507,0.14839563561237007,0.1610659177480793,2,0,0,70,19,8,4,3,92,12,6,6,5,0,11,8,735,284,394,90,0,23,3,69,9,2,9,0,55,54,67,45,3,0,30,4,0,0,0,81,17,6,2,2,0,2,2,298,131,111,43,20,13,1,64,8,6,20,5,44,46,33,40,1,1
2023-02-03,LaLiga,3918128,Athletic Club,Cadiz,0.5848254031061431,0.29533089326342865,0.11984370363042833,4,1,0,42,17,9,4,1,81,14,0,5,3,0,13,4,360,123,169,53,50,12,1,80,9,2,23,2,37,38,48,47,0,1,58,15,3,1,0,85,12,3,10,2,2,9,6,486,210,201,62,24,19,3,44,9,3,12,5,53,62,52,83,1,0
2023-02-04,LaLiga,3918134,Espanyol,Osasuna,0.35051546391752575,0.38280490177008364,0.2666796343123906,1,1,1,40,9,4,3,2,74,9,4,4,1,1,7,2,320,136,102,30,26,20,1,56,7,1,27,2,62,64,39,69,1,1,60,9,3,1,0,81,17,3,5,1,0,7,2,482,210,180,58,37,23,2,50,6,1,18,3,55,36,61,50,3,1
2023-02-04,LaLiga,3918132,Elche,Villarreal,0.16691018478727976,0.32264718521701763,0.5104426299957027,3,1,0,28,18,7,4,1,72,19,6,3,8,0,14,4,216,58,97,35,27,11,1,53,12,8,19,1,53,45,47,37,4,0,72,14,2,2,1,89,8,10,4,8,0,9,5,572,245,264,69,16,23,0,84,1,7,20,4,65,55,53,55,2,0
2023-02-04,LaLiga,3918129,Atletico Madrid,Getafe,0.6768434519655734,0.24127704117236567,0.08187950686206094,1,1,1,63,12,4,1,0,83,11,8,4,4,0,8,4,630,261,261,49,13,21,3,89,8,4,8,0,56,47,60,35,3,0,37,9,1,1,0,67,18,0,4,4,0,3,6,391,122,139,42,40,19,0,61,13,4,26,3,51,53,40,78,5,0
2023-02-04,LaLiga,3918131,Real Betis,Celta Vigo,0.5900714554343738,0.2976306882286574,0.11229785633696879,3,4,2,55,15,7,6,3,84,11,5,6,2,0,13,2,459,200,184,42,25,24,3,56,12,1,14,2,49,46,48,45,3,1,45,9,7,4,2,76,13,5,2,0,0,7,2,380,139,151,51,27,21,6,71,8,2,21,4,57,54,52,43,2,0
2023-02-05,LaLiga,3918133,Mallorca,Real Madrid,0.15760342242215752,0.15998500485137163,0.6824115727264708,1,0,0,26,4,1,0,0,73,29,1,0,3,0,2,2,225,81,83,56,17,9,1,71,7,6,29,1,55,43,41,64,5,0,74,20,1,1,1,92,14,12,13,6,0,9,11,628,225,353,63,25,9,1,79,11,3,6,1,74,57,59,48,5,0
2023-02-05,LaLiga,3918136,Girona,Valencia,0.29686131386861314,0.3551094890510949,0.34802919708029195,1,0,0,52,20,8,3,3,87,11,8,10,2,1,18,2,506,253,187,60,48,14,1,45,8,2,8,4,38,42,62,38,1,0,48,8,4,1,1,85,10,4,2,2,0,6,2,468,207,191,42,14,23,0,59,5,1,16,7,41,58,38,44,4,0
2023-02-05,LaLiga,3918135,Real Sociedad,Real Valladolid,0.6070381231671554,0.29427811498329126,0.0986837618495533,0,1,2,55,15,4,1,1,81,17,0,7,4,1,8,7,462,206,169,65,33,26,2,60,7,1,11,1,59,40,69,41,4,0,45,7,2,2,1,75,14,4,4,1,0,5,2,368,155,122,43,35,20,7,66,14,4,14,4,64,60,31,50,5,0
2023-02-05,LaLiga,3918130,Barcelona,Sevilla,0.7686935918819073,0.10902062257415865,0.12228578554393403,3,0,0,65,16,7,5,2,91,8,8,6,3,0,11,5,673,283,327,80,23,22,2,54,6,0,7,1,52,52,57,62,0,0,35,3,1,0,0,80,10,3,2,0,0,1,2,365,225,67,51,20,14,3,70,8,3,24,4,45,48,43,45,2,0
2023-02-06,LaLiga,3918137,Rayo Vallecano,Almeria,0.5091768326189691,0.3241565007143642,0.16666666666666666,2,0,0,49,15,11,3,2,73,16,3,3,1,0,4,11,405,176,121,38,7,28,4,50,10,2,27,5,55,45,46,48,3,0,51,14,5,2,2,74,9,7,7,2,0,7,7,412,173,132,38,21,22,1,57,14,1,16,10,66,55,54,58,3,0
2023-02-10,LaLiga,3918139,Cadiz,Girona,0.3634387119520508,0.3441650017628394,0.2923962862851099,2,0,0,43,12,3,0,0,77,17,5,4,5,0,7,5,333,88,170,35,20,18,2,69,4,2,14,1,60,52,48,65,4,0,57,7,1,0,0,84,11,6,4,2,0,3,4,450,225,154,46,12,20,0,77,6,5,16,2,57,48,52,59,4,0
2023-02-11,LaLiga,3918141,Almeria,Real Betis,0.20487763426240652,0.3369306594153637,0.4581917063222298,2,3,2,52,17,9,4,3,74,12,8,4,4,0,12,5,411,182,121,38,32,26,3,50,8,2,10,4,57,53,52,71,2,0,48,12,7,6,4,78,10,2,3,2,2,10,2,404,171,146,48,40,19,5,67,13,4,22,7,51,47,48,56,3,0
2023-02-11,LaLiga,3918146,Sevilla,Mallorca,0.5211137877284965,0.2966558027490435,0.18223040952245997,2,0,0,65,15,6,2,0,89,9,8,5,4,0,11,4,592,211,314,50,26,23,2,77,6,2,13,0,42,49,30,63,4,0,35,6,0,0,0,76,14,2,4,2,0,4,2,321,139,104,42,20,19,0,57,6,5,28,3,52,51,70,56,2,0
2023-02-11,LaLiga,3918142,Valencia,Athletic Club,0.3064935064935065,0.30580595874713523,0.3877005347593583,1,2,2,48,18,8,2,1,76,11,7,9,1,0,9,9,382,126,164,52,29,26,3,74,6,1,9,1,72,54,58,48,2,0,52,11,3,2,1,79,17,1,7,1,0,11,0,427,163,173,51,31,19,2,68,4,1,28,7,58,46,42,62,2,0
2023-02-12,LaLiga,3918138,Getafe,Rayo Vallecano,0.2880329457364341,0.38824289405684753,0.32372416020671835,1,1,1,42,13,4,1,1,66,21,5,5,4,0,7,6,324,119,95,41,30,29,0,40,10,7,18,4,63,56,56,92,2,1,58,19,4,1,1,78,19,6,8,7,0,10,9,445,176,170,42,36,18,4,83,6,4,19,2,50,45,44,56,4,0
2023-02-12,LaLiga,3918143,Celta Vigo,Atletico Madrid,0.17838001820204266,0.2852664576802508,0.5363535241177065,0,1,2,47,14,3,1,1,84,10,7,8,3,1,6,8,447,179,198,43,29,16,0,63,13,4,13,1,61,46,63,48,2,0,53,10,2,2,1,84,13,5,4,4,0,7,3,502,223,201,63,24,22,2,55,8,3,9,4,66,54,38,61,2,1
2023-02-12,LaLiga,3918147,Real Valladolid,Osasuna,0.3204500558275359,0.37395860173494805,0.3055913424375161,0,0,1,50,18,5,4,4,79,13,10,9,4,0,11,7,370,159,132,52,35,22,2,54,15,3,15,4,51,52,25,52,1,0,50,15,4,1,1,77,16,4,8,3,1,7,8,366,143,138,45,23,17,1,60,4,5,25,4,68,48,75,72,3,0
2023-02-12,LaLiga,3918144,Villarreal,Barcelona,0.13887010802056637,0.12059938049340399,0.7405305114860297,0,1,2,54,11,2,2,2,81,22,6,7,2,0,8,3,445,201,160,55,26,28,5,77,13,0,13,3,50,46,46,80,4,0,46,6,4,3,2,80,18,2,2,0,0,5,1,391,200,113,58,20,18,3,46,15,2,12,2,59,54,54,58,4,0
2023-02-13,LaLiga,3918140,Espanyol,Real Sociedad,0.20527656634569713,0.2959108769808714,0.4988125566734315,2,3,2,44,10,6,2,0,74,9,4,2,2,1,6,4,373,163,112,35,33,23,0,57,8,2,13,2,66,57,56,73,2,1,56,11,5,1,0,81,17,3,5,1,0,7,4,489,214,182,42,23,19,1,67,5,2,11,4,51,43,44,44,1,0
2023-02-15,LaLiga,3918145,Real Madrid,Elche,0.7281064065940065,0.14607252679270002,0.12582106661329354,4,0,0,72,26,13,4,2,92,5,6,7,6,0,19,7,820,321,431,70,47,15,2,64,3,2,8,0,63,63,72,76,1,0,28,7,0,1,1,77,13,4,4,3,0,5,2,302,123,110,52,33,15,2,64,8,4,19,9,34,38,28,50,3,0
2023-02-17,LaLiga,3918157,Girona,Almeria,0.4853415033542866,0.33553430880566265,0.1791241878400507,6,2,0,52,14,8,6,1,79,10,1,5,1,0,12,2,464,216,149,56,31,20,2,86,1,5,18,2,51,51,57,60,1,0,48,16,4,2,0,78,8,7,7,5,0,8,8,411,183,137,30,37,23,0,77,10,1,20,2,46,49,43,67,1,0
2023-02-18,LaLiga,3918156,Real Sociedad,Celta Vigo,0.5880773010153947,0.3127415656731084,0.09918113331149689,1,1,1,55,9,3,3,3,83,14,3,6,0,0,7,2,487,231,171,48,44,7,3,47,4,6,15,4,46,47,41,47,3,0,45,18,4,2,2,80,12,7,8,6,1,13,5,377,122,179,48,30,20,3,60,10,0,8,2,55,53,59,59,3,1
2023-02-18,LaLiga,3918149,Real Betis,Real Valladolid,0.5773406252550812,0.3189127418169945,0.10374663292792426,2,1,0,47,16,10,2,0,80,18,4,3,3,3,12,4,380,133,170,48,0,12,1,48,10,5,29,2,67,47,53,64,3,0,53,17,3,1,1,82,15,6,9,5,1,8,9,397,170,154,63,27,19,3,48,12,3,13,8,71,53,47,50,5,0
2023-02-18,LaLiga,3918151,Mallorca,Villarreal,0.27144815643264303,0.3221011616999784,0.4064506818673786,4,2,0,45,13,5,6,2,82,19,4,5,3,0,12,1,372,179,127,50,50,8,5,79,10,1,8,2,42,41,68,67,5,0,55,8,4,2,0,86,8,4,3,1,0,4,4,460,218,179,58,23,12,1,55,4,3,12,1,47,59,32,55,0,1
2023-02-18,LaLiga,3918153,Osasuna,Real Madrid,0.1542909768477865,0.14041249919684737,0.7052965239553661,0,2,2,47,11,4,0,0,85,17,5,6,1,1,5,6,446,172,207,57,27,19,1,69,7,3,13,4,36,37,52,50,3,0,53,11,6,4,2,86,7,5,2,3,0,7,4,509,231,208,58,0,21,5,64,9,1,10,4,52,63,48,57,2,0
2023-02-19,LaLiga,3918150,Elche,Espanyol,0.2874341610233258,0.3883454560655464,0.3242203829111278,0,1,2,46,19,5,2,2,75,11,10,8,6,0,14,5,336,101,152,41,33,14,5,56,7,3,15,2,63,53,52,60,0,1,54,11,4,2,2,77,12,5,4,3,0,9,2,409,163,153,46,31,22,2,50,3,6,22,5,56,47,48,45,3,0
2023-02-19,LaLiga,3918154,Rayo Vallecano,Sevilla,0.2828662049323581,0.33206032752928993,0.385073467538352,1,1,1,58,18,5,2,1,83,15,7,7,6,0,7,11,458,146,233,56,23,28,2,60,2,1,13,1,48,44,50,68,4,0,42,7,2,1,1,77,6,3,3,2,0,3,4,337,145,114,49,13,20,7,71,16,6,16,4,59,56,50,52,1,0
2023-02-19,LaLiga,3918155,Atletico Madrid,Athletic Club,0.6049114222282633,0.2667754066422002,0.1283131711295365,1,0,0,57,17,5,2,2,82,7,6,7,5,0,9,8,613,244,260,62,14,20,0,67,7,4,16,2,52,54,63,57,2,0,43,8,2,2,2,76,13,5,2,4,0,6,2,466,174,178,40,13,17,0,54,8,5,22,4,41,46,37,65,3,0
2023-02-19,LaLiga,3918148,Barcelona,Cadiz,0.7767658088934206,0.11468468624163973,0.1085495048649396,2,0,0,65,16,5,4,3,91,15,5,9,2,1,15,1,594,271,269,76,26,15,1,64,6,2,18,4,58,59,69,76,2,0,35,14,4,1,1,80,18,6,8,2,2,10,4,308,143,102,48,48,14,7,75,5,3,18,2,38,41,31,58,3,0
2023-02-20,LaLiga,3918152,Getafe,Valencia,0.3063279551436091,0.30945569668535683,0.38421634817103406,1,0,0,46,15,6,4,3,66,11,4,4,5,0,12,3,320,90,121,49,37,37,3,100,4,2,22,3,54,44,81,29,6,0,54,8,3,3,3,70,8,5,3,2,0,3,5,376,132,132,30,14,33,4,71,9,5,19,5,37,56,19,29,1,0
2023-02-24,LaLiga,3918166,Elche,Real Betis,0.17158448645488208,0.269265250438511,0.5591502631066069,2,3,2,35,4,2,1,0,74,16,3,2,0,0,2,2,276,83,121,40,31,14,1,53,9,4,20,6,54,50,52,65,2,3,65,21,9,6,4,87,9,3,7,5,0,15,6,522,172,283,65,25,21,2,62,10,0,11,0,53,50,48,44,1,0
2023-02-25,LaLiga,3918163,Espanyol,Mallorca,0.3823671999445945,0.3534178267193019,0.2642149733361036,2,1,0,39,9,3,4,2,69,15,0,5,1,0,9,0,305,128,81,38,40,23,0,33,9,6,30,3,61,52,50,25,2,0,61,15,4,0,0,77,18,4,5,6,0,6,9,457,175,176,36,17,21,0,80,5,1,12,1,58,48,50,60,2,0
2023-02-25,LaLiga,3918162,Cadiz,Rayo Vallecano,0.2879841965129262,0.36313664863007816,0.3488791548569956,1,0,0,42,5,3,2,1,62,19,4,0,2,0,4,1,302,77,109,44,20,20,2,70,4,6,22,1,69,56,47,58,3,0,58,11,2,0,0,75,19,6,3,6,0,5,6,416,157,154,43,38,32,1,74,6,2,22,2,60,44,53,36,2,1
2023-02-25,LaLiga,3918165,Real Madrid,Atletico Madrid,0.7379765199263657,0.11690053275141112,0.14512294732222317,1,1,1,62,18,7,3,2,91,10,7,10,1,0,9,9,630,184,388,65,14,20,2,68,7,2,14,0,56,51,60,58,3,0,38,7,1,0,0,85,8,4,4,2,0,4,3,400,167,172,47,23,10,0,70,7,1,25,6,51,49,40,61,3,1
2023-02-25,LaLiga,3918159,Valencia,Real Sociedad,0.23044222095494843,0.2819223391570325,0.48763543988801905,1,0,0,37,8,3,0,0,64,13,7,2,3,0,7,1,270,72,102,25,29,20,2,50,6,4,19,3,55,46,48,50,6,0,63,11,3,1,1,79,12,8,4,4,0,5,6,451,166,192,43,14,25,1,55,3,3,9,3,63,54,52,56,3,0
2023-02-26,LaLiga,3918160,Athletic Club,Girona,0.5575004480554394,0.3295298404922636,0.11296971145229703,2,3,2,60,17,3,1,0,84,17,11,7,7,0,12,5,486,140,268,58,20,33,4,83,11,0,11,3,51,44,66,59,5,0,40,8,4,2,2,73,8,3,3,1,0,8,0,351,155,100,27,33,12,1,53,16,6,37,1,50,56,34,53,5,0
2023-02-26,LaLiga,3918161,Celta Vigo,Real Valladolid,0.47841423203742045,0.37305421363392377,0.14853155432865578,3,0,0,53,18,4,6,3,80,6,5,10,4,3,11,7,456,167,197,36,36,17,0,70,18,1,14,3,54,55,54,54,1,0,47,6,3,2,2,75,5,4,2,1,0,4,2,392,168,127,38,20,29,5,62,10,3,16,1,44,45,46,40,3,1
2023-02-26,LaLiga,3918164,Almeria,Barcelona,0.12110142330358066,0.12602956887341904,0.7528690078230003,1,0,0,28,6,4,2,1,64,13,4,1,1,0,5,1,219,60,81,38,33,14,3,55,8,3,37,1,44,44,39,50,3,0,72,13,1,4,4,89,11,7,9,3,0,12,1,561,189,310,67,19,24,5,38,6,1,12,3,60,56,61,79,3,0
2023-02-26,LaLiga,3918158,Sevilla,Osasuna,0.5675836726586553,0.2951633727281756,0.13725295461316914,2,3,2,67,22,8,3,2,84,10,10,8,6,1,11,11,560,267,202,50,9,31,3,67,6,0,10,2,48,56,45,67,4,1,33,11,4,3,2,68,15,2,7,0,0,10,1,279,89,101,33,53,19,1,70,5,6,37,6,45,44,55,83,2,0
2023-02-27,LaLiga,3918167,Villarreal,Getafe,0.588587689081923,0.28141380859667514,0.12999850232140184,2,1,0,64,11,5,3,1,82,9,6,3,3,0,7,4,605,223,272,50,14,19,1,33,7,3,23,2,62,51,66,61,0,0,36,8,3,1,1,69,13,5,2,3,1,6,2,327,101,124,46,16,14,0,70,10,3,22,3,50,49,34,91,1,0
2023-03-03,LaLiga,3918177,Real Sociedad,Cadiz,0.6258981444926964,0.27165416502171336,0.10244769048559021,0,0,1,72,15,3,1,1,79,17,3,7,5,0,12,3,575,175,278,56,30,29,2,43,10,0,10,2,78,48,67,52,0,0,28,6,2,1,1,51,18,0,4,0,1,3,3,224,63,52,24,25,22,3,86,17,5,25,3,65,52,33,77,1,0
2023-03-04,LaLiga,3918172,Getafe,Girona,0.35488467361296644,0.3774156202689465,0.2676997061180871,3,2,0,39,10,6,3,1,64,24,3,1,3,0,7,3,298,77,113,36,20,22,2,69,15,1,14,5,48,39,41,53,5,0,61,9,7,1,0,76,11,3,1,1,0,2,7,484,212,154,31,16,26,2,57,2,2,13,3,74,61,59,59,4,0
2023-03-04,LaLiga,3918173,Almeria,Villarreal,0.23285899094437257,0.33384540750323416,0.4332956015523933,0,2,2,29,6,0,0,0,75,11,2,3,3,0,4,2,231,82,92,59,13,15,0,38,1,4,22,4,35,41,53,29,3,0,71,17,6,5,5,91,10,10,7,4,0,16,1,572,236,286,65,29,16,5,50,1,3,10,0,46,59,47,62,4,0
2023-03-04,LaLiga,3918176,Mallorca,Elche,0.5579940146912125,0.3206674526163054,0.12133853269248208,0,1,2,56,14,3,1,1,78,17,6,5,6,0,5,9,448,156,194,50,29,19,3,50,14,4,15,5,63,50,53,54,4,0,44,15,6,1,1,74,14,7,4,5,0,10,5,364,131,139,39,29,16,1,55,10,6,25,3,60,50,47,55,3,0
2023-03-04,LaLiga,3918169,Atletico Madrid,Sevilla,0.6439393939393939,0.23085888470503854,0.1252017213555675,6,1,0,47,18,8,5,2,89,12,7,4,6,1,13,5,518,272,191,67,14,7,1,42,10,1,13,0,30,50,38,86,1,0,53,8,1,3,2,89,11,3,6,1,1,5,3,578,262,253,67,7,14,1,25,11,6,12,2,32,50,63,39,2,1
2023-03-05,LaLiga,3918178,Real Valladolid,Espanyol,0.33548839383081475,0.3767720828789531,0.2877395232902321,2,1,0,44,15,5,2,2,74,4,9,7,3,1,8,7,336,124,123,39,24,30,2,77,5,4,31,1,55,49,49,57,3,0,56,12,2,2,1,78,11,6,6,4,1,7,5,426,155,178,42,16,25,0,56,7,3,17,3,57,51,51,65,2,0
2023-03-05,LaLiga,3918170,Barcelona,Valencia,0.7489871086556169,0.1352084379708689,0.11580445337351415,1,0,0,53,13,4,3,2,83,11,5,4,5,2,7,6,463,208,178,65,9,23,1,62,7,4,19,1,46,44,61,46,0,1,47,13,1,0,0,81,13,2,8,4,0,9,4,398,157,166,42,19,25,3,68,12,4,18,3,52,56,39,67,0,0
2023-03-05,LaLiga,3918174,Rayo Vallecano,Athletic Club,0.2992465803525711,0.3486943164362519,0.35205910321117695,0,0,1,55,18,2,0,0,73,9,7,10,6,1,11,7,436,138,182,32,22,27,0,67,3,4,13,3,69,59,46,61,1,0,45,16,3,2,2,73,17,9,9,4,1,12,4,365,132,136,43,33,19,2,48,9,6,23,2,57,41,54,54,0,1
2023-03-05,LaLiga,3918171,Real Betis,Real Madrid,0.19954329878798524,0.14535394343931143,0.6551027577727033,0,0,1,38,8,4,1,1,84,12,5,3,1,0,3,5,399,163,173,43,24,9,0,55,12,4,30,5,57,47,56,60,3,0,62,15,5,1,1,89,13,3,5,5,0,9,6,673,284,315,63,12,22,1,83,11,1,11,4,60,53,44,72,4,0
2023-03-06,LaLiga,3918175,Osasuna,Celta Vigo,0.4697548231511254,0.32516077170418006,0.20508440514469453,0,0,1,64,10,5,2,2,83,12,6,3,2,0,7,3,565,232,235,53,26,28,1,46,14,1,11,0,60,56,52,71,0,0,36,6,0,1,1,70,12,4,5,1,0,3,3,322,140,84,47,10,22,2,69,19,2,31,5,49,44,48,55,2,0
2023-03-10,LaLiga,3918183,Cadiz,Getafe,0.4010841481331374,0.3570089670196059,0.2419068848472567,2,2,1,52,11,4,2,0,69,13,2,5,2,0,6,5,362,90,161,38,23,19,1,55,14,6,39,8,75,58,59,52,4,1,48,16,10,3,1,65,16,6,0,6,0,11,5,313,92,111,44,17,33,4,60,3,1,19,2,54,42,41,29,3,1
2023-03-11,LaLiga,3918186,Real Madrid,Espanyol,0.7319078598825998,0.15433681578333933,0.11375532433406091,3,1,0,70,22,7,2,0,92,12,7,7,8,1,11,11,639,165,420,77,19,18,0,89,2,3,14,2,47,48,47,59,3,0,30,10,3,2,1,81,17,4,4,3,0,7,3,260,132,78,47,42,8,0,65,16,8,25,4,51,52,53,68,2,0
2023-03-11,LaLiga,3918181,Elche,Real Valladolid,0.3347111932992494,0.39258131186772544,0.27270749483302514,1,1,1,55,24,10,6,6,77,19,10,9,5,0,19,5,361,115,162,48,32,38,1,35,9,0,8,0,61,43,57,45,4,0,45,5,1,1,1,72,11,3,4,0,0,3,2,312,124,102,44,30,24,1,69,7,5,36,9,69,57,43,59,2,2
2023-03-11,LaLiga,3918180,Celta Vigo,Rayo Vallecano,0.44993485015535734,0.3624335972737296,0.1876315525709131,3,0,0,43,15,6,4,3,77,13,3,5,4,0,9,6,322,125,124,59,31,25,0,75,8,1,15,3,54,56,47,78,2,0,57,12,3,1,1,81,12,7,8,1,1,7,5,416,188,151,53,35,33,5,73,10,4,10,4,45,44,53,62,3,0
2023-03-11,LaLiga,3918187,Valencia,Osasuna,0.45905558876270175,0.3008816497310221,0.24006276150627615,1,0,0,54,8,4,3,3,73,8,12,3,1,0,7,1,350,146,111,45,36,34,5,67,4,2,15,0,64,57,75,78,2,0,46,7,0,0,0,68,19,3,5,2,0,3,4,299,106,96,46,13,21,2,77,11,1,10,3,39,43,25,65,5,0
2023-03-12,LaLiga,3918182,Mallorca,Real Sociedad,0.24228354695265497,0.33442322783154593,0.4232932252157991,1,1,1,37,8,2,2,1,63,19,3,5,1,1,5,3,292,107,77,33,44,23,4,38,4,4,12,1,71,53,42,70,2,0,63,8,2,1,1,81,20,2,2,4,0,5,3,506,205,206,58,33,18,2,21,3,1,10,1,75,47,58,50,2,1
2023-03-12,LaLiga,3918188,Sevilla,Almeria,0.568925159739356,0.3242234453090403,0.10685139495160371,2,1,0,56,27,5,5,4,86,8,6,16,6,0,18,9,454,151,238,62,34,12,5,67,12,4,15,3,54,55,63,75,5,0,44,13,5,3,3,79,11,4,5,3,0,8,5,359,171,114,46,25,21,1,73,9,6,27,3,39,45,37,64,4,0
2023-03-12,LaLiga,3918185,Villarreal,Real Betis,0.4084764579115784,0.34114804414549726,0.2503754979429243,1,1,1,57,15,4,1,0,87,8,2,6,5,0,10,5,504,200,239,50,27,19,3,82,5,2,15,2,61,54,50,50,3,0,43,6,3,1,0,84,11,4,1,2,0,1,5,380,159,159,58,11,16,1,62,11,5,15,3,53,46,50,50,2,0
2023-03-12,LaLiga,3918179,Athletic Club,Barcelona,0.15913382469391485,0.12540354510568313,0.715462630200402,0,1,2,37,15,5,2,2,72,13,5,5,5,2,9,6,319,102,129,50,9,26,2,54,8,3,12,1,54,54,34,69,2,0,63,10,2,1,1,85,7,3,5,3,0,7,3,566,289,194,63,22,20,1,64,4,6,21,3,57,46,66,50,1,0
2023-03-13,LaLiga,3918184,Girona,Atletico Madrid,0.15642960812772133,0.22853410740203192,0.6150362844702467,0,1,2,50,6,4,0,0,88,6,1,1,1,0,3,3,530,288,177,52,21,14,4,75,13,3,14,3,35,55,47,67,2,0,50,14,4,2,1,85,12,3,7,3,0,10,4,537,220,238,55,27,20,3,83,10,1,15,4,31,45,53,71,3,0
2023-03-17,LaLiga,3918195,Real Valladolid,Athletic Club,0.2270275823103395,0.31388360984128616,0.45908880784837436,1,3,2,48,15,3,2,1,79,9,2,7,5,0,9,6,395,191,121,45,17,23,2,67,12,3,14,3,59,53,40,63,2,0,52,16,6,4,2,77,14,9,7,3,1,12,4,425,135,191,48,28,21,1,75,4,4,21,2,64,47,60,68,2,0
2023-03-18,LaLiga,3918194,Almeria,Cadiz,0.3942727578098757,0.38847833389318104,0.21724890829694324,1,1,1,67,17,5,4,3,81,12,5,8,4,1,12,5,468,195,185,53,23,27,3,73,6,3,23,3,57,45,58,32,1,0,33,10,4,2,1,61,12,2,3,3,0,5,5,237,79,66,28,13,28,5,57,2,3,30,4,57,55,42,46,4,0
2023-03-18,LaLiga,3918198,Rayo Vallecano,Girona,0.4291957132452398,0.3887212568931433,0.1820830298616169,2,2,1,47,15,3,2,2,76,15,3,8,4,1,10,5,375,126,160,38,29,20,2,70,10,2,13,2,49,49,62,70,2,0,53,12,4,2,1,79,16,5,6,2,0,8,4,415,175,154,49,25,24,4,78,11,4,13,1,45,51,38,71,2,0
2023-03-18,LaLiga,3918196,Espanyol,Celta Vigo,0.3656702732440858,0.37428938199156425,0.2600403447643499,1,3,2,56,11,3,2,1,80,11,4,3,5,0,8,3,455,214,151,49,26,26,4,56,11,2,2,1,68,58,61,77,2,0,44,8,4,2,1,76,12,1,2,2,0,8,0,365,174,105,41,60,10,2,83,9,5,23,2,47,42,39,60,2,0
2023-03-18,LaLiga,3918189,Atletico Madrid,Valencia,0.6788134452273034,0.22640578019117713,0.09478077458151954,3,0,0,56,14,6,6,3,86,12,4,7,1,0,12,2,566,318,170,64,18,25,0,42,4,3,15,1,53,54,68,73,2,0,44,9,1,1,1,81,9,2,5,3,1,4,5,440,152,206,32,40,16,1,70,9,1,11,3,39,46,32,44,0,0
2023-03-19,LaLiga,3918191,Real Betis,Mallorca,0.5514443761524278,0.3210817455439459,0.1274738783036263,1,0,0,60,10,3,1,1,85,8,4,2,5,0,3,7,572,242,243,44,0,22,3,53,7,1,29,1,68,56,48,63,1,0,40,5,1,0,0,71,15,4,3,1,0,2,3,364,141,117,37,18,16,4,67,10,4,19,2,59,44,52,67,2,0
2023-03-19,LaLiga,3918193,Osasuna,Villarreal,0.2784234461849419,0.37407059842633367,0.3475059553887245,0,3,2,55,10,2,2,2,82,15,7,6,2,1,7,3,455,120,251,58,23,20,1,69,9,3,9,3,44,37,46,43,3,0,45,12,6,2,0,78,7,1,3,3,0,7,5,397,177,133,35,33,16,3,50,7,2,35,2,67,63,54,57,2,0
2023-03-19,LaLiga,3918197,Real Sociedad,Elche,0.5880911188004614,0.32187139561707034,0.09003748558246828,2,0,0,61,17,4,5,3,82,16,5,8,5,1,10,7,494,181,226,56,7,26,4,68,9,0,10,3,64,53,50,67,2,0,39,4,3,0,0,70,16,3,1,0,0,2,2,319,122,100,47,14,24,2,67,11,5,16,2,59,47,50,59,1,0
2023-03-19,LaLiga,3918192,Getafe,Sevilla,0.24864611887410576,0.3337567694056295,0.41759711172026476,2,0,0,37,15,4,4,2,68,22,4,7,4,0,10,5,298,77,125,41,35,14,4,71,10,1,6,4,53,39,59,57,4,0,63,11,4,1,1,82,10,1,6,1,0,4,7,526,245,185,49,8,21,2,63,13,4,21,2,63,61,41,50,2,0
2023-03-19,LaLiga,3918190,Barcelona,Real Madrid,0.507553881113408,0.08470926058865758,0.4077368582979344,2,1,0,54,17,7,3,3,89,12,8,6,4,0,12,5,558,205,291,68,17,14,1,61,8,4,13,3,55,59,44,78,4,0,46,11,3,0,0,86,13,1,4,4,0,6,5,484,210,204,63,11,18,4,64,9,4,20,5,43,41,56,44,3,0
2023-03-31,LaLiga,3918201,Mallorca,Osasuna,0.4171414038657172,0.3217700915564598,0.261088504577823,0,0,1,42,10,1,0,0,70,19,2,5,4,0,7,3,289,89,112,46,13,22,2,57,7,3,21,2,69,49,54,86,7,1,58,11,2,0,0,77,17,3,6,3,0,6,5,404,143,169,48,23,21,0,70,5,4,20,1,66,51,46,47,3,0
2023-04-01,LaLiga,3918205,Girona,Espanyol,0.41813735913246863,0.3714650223261748,0.21039761854135658,2,1,0,62,14,4,1,0,81,12,5,5,5,0,10,4,464,194,180,53,5,19,5,50,1,1,18,0,52,54,38,56,4,1,38,5,1,1,0,65,16,2,2,2,0,3,2,283,85,98,41,31,19,2,78,10,5,20,2,56,46,62,40,2,1
2023-04-01,LaLiga,3918199,Athletic Club,Getafe,0.5369815334042347,0.3422604660156628,0.12075800058010248,0,0,1,64,16,3,0,0,78,9,13,8,5,0,10,6,499,176,214,52,16,37,4,75,11,2,12,1,63,53,49,59,0,0,36,10,1,0,0,61,9,3,7,2,0,8,2,284,76,96,43,58,19,1,80,18,5,29,3,59,47,51,54,0,0
2023-04-01,LaLiga,3918202,Cadiz,Sevilla,0.22443452163092015,0.3378962008637728,0.4376692775053071,0,2,2,50,14,3,1,1,64,9,8,7,4,1,8,6,329,82,129,40,31,33,2,64,3,2,13,3,53,46,48,50,3,0,50,11,5,3,2,70,14,4,4,2,0,8,3,351,97,149,32,22,17,0,65,9,4,40,3,60,54,52,67,4,0
2023-04-01,LaLiga,3918204,Elche,Barcelona,0.10650232225794927,0.10618077884958914,0.7873168988924616,0,4,2,41,15,2,0,0,76,11,11,6,7,1,10,5,332,137,116,55,23,22,4,63,7,4,9,1,52,56,39,63,0,0,59,12,6,3,2,87,11,3,3,3,0,8,4,521,298,155,63,40,22,3,55,7,7,35,2,49,44,61,67,3,0
2023-04-02,LaLiga,3918208,Celta Vigo,Almeria,0.5286424274130265,0.3563519051355829,0.11500566745139071,2,2,1,57,21,5,2,1,84,13,4,7,9,1,14,7,508,180,245,53,30,25,3,50,8,2,9,1,52,57,50,83,3,0,43,8,3,2,2,77,12,1,3,2,0,6,2,398,219,89,44,33,22,0,63,15,8,15,3,42,43,50,43,5,0
2023-04-02,LaLiga,3918203,Real Madrid,Real Valladolid,0.7488110259147821,0.1424633601863535,0.10872561389886441,6,0,0,60,29,17,8,5,86,17,9,7,5,1,25,4,544,226,244,68,56,27,0,85,9,4,13,2,44,51,67,61,0,0,40,12,2,0,0,82,11,1,6,4,2,5,7,358,160,134,56,7,14,2,73,8,5,16,12,39,49,33,44,1,0
2023-04-02,LaLiga,3918206,Villarreal,Real Sociedad,0.393789866409917,0.36021181851004935,0.2459983150800337,2,0,0,52,16,4,5,4,83,12,4,7,5,2,13,3,391,207,119,60,0,18,4,82,4,6,20,3,59,60,38,64,3,1,48,16,3,1,1,80,19,4,7,6,1,10,6,347,104,175,57,21,19,2,80,5,5,12,2,48,40,63,43,3,0
2023-04-02,LaLiga,3918200,Atletico Madrid,Real Betis,0.6340481999914387,0.2462651427592997,0.11968665724926159,1,0,0,54,13,7,3,3,85,20,5,4,2,1,9,4,533,226,227,53,20,28,3,67,4,0,15,2,57,53,56,67,1,0,46,6,2,0,0,84,11,1,4,0,0,5,1,467,214,176,56,18,25,0,77,16,2,25,6,49,47,44,46,2,0
2023-04-03,LaLiga,3918207,Valencia,Rayo Vallecano,0.5249778303281112,0.30126120800078826,0.1737609616711006,1,1,1,61,18,4,4,3,82,15,13,9,5,1,13,5,490,153,247,40,25,28,2,63,6,0,21,1,73,55,56,65,2,0,39,7,2,1,0,66,16,3,5,0,0,5,2,328,112,105,30,18,21,0,55,8,3,36,3,58,45,44,55,3,0
2023-04-07,LaLiga,3918215,Sevilla,Celta Vigo,0.5508529367881833,0.2915899935345899,0.15755706967722682,2,2,1,30,7,2,1,1,69,11,8,4,1,0,4,3,248,94,78,27,22,23,1,77,14,1,17,2,39,46,50,44,4,2,70,9,4,1,1,89,9,3,4,1,1,3,6,607,213,326,64,9,21,2,50,6,1,21,0,43,54,50,45,2,0
2023-04-08,LaLiga,3918216,Osasuna,Elche,0.5415580352487225,0.3534258003962874,0.10501616435499009,2,1,0,62,22,6,2,1,84,15,9,10,6,0,13,9,476,186,214,58,26,21,2,67,5,2,9,0,61,43,53,48,1,0,38,7,1,1,1,74,7,2,4,2,0,6,1,304,141,85,38,22,23,5,58,10,5,21,4,72,57,47,68,3,0
2023-04-08,LaLiga,3918213,Espanyol,Athletic Club,0.254888662823556,0.34305414264722506,0.40205719452921895,1,2,2,49,9,2,1,0,82,14,8,6,1,0,5,4,441,213,147,45,21,14,4,61,9,2,20,5,55,58,65,50,4,1,51,12,7,4,4,83,18,7,3,2,0,11,1,468,181,206,58,21,13,2,80,6,1,22,1,37,42,35,47,4,0
2023-04-08,LaLiga,3918218,Real Sociedad,Getafe,0.5677271236470974,0.3251885864217776,0.10708428993112495,2,0,0,61,11,6,4,2,81,11,3,4,1,0,6,5,576,235,233,40,27,15,4,65,4,1,20,4,62,55,52,59,2,0,39,6,4,0,0,69,9,2,1,1,0,4,2,356,126,118,37,29,23,6,62,11,1,12,4,54,45,48,50,1,0
2023-04-08,LaLiga,3918211,Real Madrid,Villarreal,0.7687717364450104,0.12611414127976586,0.10511412227522378,2,3,2,49,18,4,3,2,89,8,6,10,4,0,13,5,432,242,141,57,22,16,2,80,6,3,19,5,63,58,30,78,0,0,51,17,8,1,0,86,19,7,6,3,0,10,7,443,181,201,58,13,13,2,63,7,4,13,3,50,42,70,53,3,0
2023-04-09,LaLiga,3918217,Real Valladolid,Mallorca,0.38270562404999153,0.3604965377470022,0.2567978382030062,3,3,1,62,10,6,1,0,85,13,1,4,0,0,8,2,464,204,192,58,36,22,1,63,3,4,12,3,62,55,43,55,3,0,38,14,6,3,2,75,20,2,4,4,0,9,5,279,74,134,46,21,15,0,63,2,0,14,3,58,45,57,55,5,0
2023-04-09,LaLiga,3918210,Real Betis,Cadiz,0.5828527976680818,0.3229833343894557,0.09416386794246245,0,2,2,46,9,3,3,3,80,18,5,5,1,0,6,3,321,130,126,51,36,27,0,64,5,4,13,2,56,51,38,53,3,2,54,15,4,4,2,84,16,6,6,5,0,12,3,384,139,182,49,28,14,0,75,2,2,13,2,60,49,62,45,3,0
2023-04-09,LaLiga,3918212,Almeria,Valencia,0.24545757071547422,0.3557404326123128,0.398801996672213,2,1,0,40,10,4,2,1,73,11,3,3,3,0,6,4,314,133,96,37,38,23,2,76,5,3,25,2,53,48,54,54,3,0,60,11,4,1,1,82,11,7,5,2,0,7,4,445,125,239,44,16,38,0,69,2,3,14,2,54,52,46,53,2,0
2023-04-09,LaLiga,3918214,Rayo Vallecano,Atletico Madrid,0.13853125529391835,0.23907335253261053,0.6223953921734711,1,2,2,51,15,3,0,0,83,8,8,8,4,0,8,7,549,174,279,38,27,21,0,46,6,1,7,2,42,53,38,75,0,1,49,14,4,4,2,84,7,2,9,1,0,13,1,542,291,163,48,38,16,3,67,8,4,29,3,43,47,62,58,0,0
2023-04-10,LaLiga,3918209,Barcelona,Girona,0.7828503722774015,0.11529628600266226,0.10185334171993622,0,0,1,59,18,3,0,0,86,14,12,11,4,0,14,4,513,177,263,64,32,14,1,41,7,0,5,0,50,47,52,31,0,0,41,5,0,1,1,80,14,2,4,1,0,4,1,368,172,121,41,22,15,4,59,8,4,22,4,53,53,48,48,2,0
2023-04-14,LaLiga,3918226,Rayo Vallecano,Osasuna,0.3781275996672426,0.325462340820375,0.2964100595123824,2,1,0,46,12,3,1,1,76,18,2,5,4,0,6,6,391,111,188,37,25,21,1,63,12,1,16,3,60,51,35,64,2,0,54,8,4,0,0,78,16,3,3,1,0,5,3,465,180,182,45,38,24,1,87,12,4,14,2,65,49,65,58,3,0
2023-04-15,LaLiga,3918223,Villarreal,Real Valladolid,0.6055188178626827,0.296922197730427,0.09755898440689036,1,2,2,70,22,7,1,1,87,9,8,9,6,1,15,7,583,205,304,72,28,22,2,63,3,0,3,5,60,46,58,38,1,0,30,14,7,4,3,70,18,5,7,0,0,9,5,245,67,105,38,33,12,3,56,12,6,23,6,64,54,42,52,6,0
2023-04-15,LaLiga,3918219,Athletic Club,Real Sociedad,0.3689982490093079,0.3368353147175376,0.29416643627315453,2,0,0,51,13,5,1,0,76,16,5,4,4,0,7,6,406,155,153,55,14,26,3,50,7,3,15,4,56,42,49,26,5,0,49,13,4,3,3,75,14,2,6,3,0,8,5,384,140,149,37,29,25,2,88,9,3,10,3,71,58,51,47,2,0
2023-04-15,LaLiga,3918220,Real Betis,Espanyol,0.5745892842400726,0.3129695368612235,0.11244117889870388,3,1,0,52,15,8,3,2,85,9,4,5,2,0,11,4,430,156,211,46,36,18,1,55,11,3,29,3,58,59,47,55,2,0,48,13,4,0,0,83,13,13,6,3,0,10,3,377,184,129,48,33,14,4,68,9,1,10,5,47,41,53,26,2,0
2023-04-15,LaLiga,3918222,Cadiz,Real Madrid,0.13472666621281232,0.12959811196587015,0.7356752218213175,0,2,2,31,12,3,0,0,75,12,2,7,2,1,8,4,302,105,122,55,31,9,0,59,9,12,19,9,43,41,52,55,1,0,69,35,11,7,7,91,7,9,12,12,2,24,11,700,243,397,61,27,19,2,70,11,2,11,3,55,59,48,66,0,0
2023-04-16,LaLiga,3918225,Girona,Elche,0.5169918187539333,0.3407803650094399,0.1422278162366268,2,0,0,48,14,4,1,1,80,9,3,5,5,0,10,4,405,180,143,32,26,27,0,80,3,2,16,5,42,49,44,17,3,0,52,13,5,0,0,87,14,4,6,2,0,7,6,426,213,156,37,16,24,1,53,12,5,15,3,46,51,56,56,3,1
2023-04-16,LaLiga,3918224,Getafe,Barcelona,0.12875041904123366,0.1349312772376802,0.7363183037210862,0,0,1,34,5,1,1,1,61,13,1,3,1,0,5,0,251,78,75,33,25,22,6,53,12,4,24,3,42,52,36,42,2,0,66,15,3,2,2,81,12,5,7,5,1,7,8,480,140,251,58,30,20,5,60,4,1,14,1,47,48,64,46,1,0
2023-04-16,LaLiga,3918228,Atletico Madrid,Almeria,0.6574879494708848,0.24599700814449554,0.09651504238461965,2,1,0,64,19,7,3,1,89,7,9,10,2,1,9,10,650,236,341,60,13,18,6,76,10,0,9,0,39,50,67,45,3,0,36,3,1,0,0,79,8,2,2,0,0,3,0,355,211,71,53,45,19,2,44,8,1,28,5,36,50,33,48,3,0
2023-04-16,LaLiga,3918227,Valencia,Sevilla,0.3374124845560981,0.29581690886627054,0.36677060657763133,0,2,2,60,14,3,0,0,81,10,6,9,2,0,9,5,499,180,223,36,30,26,1,52,3,0,7,1,66,56,36,52,1,1,40,6,3,2,1,74,17,2,3,0,0,4,2,350,126,134,38,22,17,3,55,10,2,25,3,68,44,64,41,4,0
2023-04-17,LaLiga,3918221,Celta Vigo,Mallorca,0.5051272102433346,0.3104595088964026,0.18441328086026273,0,1,2,73,12,3,0,0,86,10,7,3,6,1,7,5,598,176,339,68,22,24,2,62,7,0,19,1,56,49,37,47,0,1,27,8,2,2,1,59,19,5,6,0,0,6,2,214,51,75,31,21,23,1,61,10,6,35,3,71,51,63,60,1,0
2023-04-21,LaLiga,3918236,Espanyol,Cadiz,0.4676357164046277,0.3303470780183922,0.20201720557698014,0,0,1,56,14,5,2,2,81,8,6,6,3,2,12,2,390,123,192,63,29,21,3,61,0,1,15,2,62,61,45,31,4,0,44,11,2,2,2,74,22,4,8,1,0,8,3,306,97,128,39,38,23,2,67,8,3,38,5,50,39,55,17,2,0
2023-04-22,LaLiga,3918233,Osasuna,Real Betis,0.26209255915613416,0.34039722512591464,0.39751021571795114,3,2,0,38,10,5,2,0,72,20,5,3,2,0,8,2,299,101,115,39,12,15,1,65,6,6,30,4,55,48,45,59,2,0,62,21,6,2,1,85,13,13,7,8,1,13,8,473,197,204,54,23,24,0,86,8,2,21,2,62,52,55,50,0,0
2023-04-22,LaLiga,3918231,Almeria,Athletic Club,0.20345091187070002,0.33165884023151687,0.4648902478977831,1,2,2,53,12,4,0,0,79,8,3,5,3,0,6,6,462,193,173,53,25,28,2,50,8,2,19,1,50,54,31,38,2,0,47,14,3,4,3,80,20,4,9,2,1,9,5,421,151,185,59,31,18,1,67,10,2,25,3,58,46,69,56,4,0
2023-04-22,LaLiga,3918237,Real Sociedad,Rayo Vallecano,0.5589761632509456,0.33828832790922686,0.1027355088398276,2,1,0,61,7,1,2,1,79,18,3,4,2,0,5,2,466,201,165,44,31,19,4,43,11,2,9,1,73,51,58,58,1,0,39,7,2,0,0,59,19,3,3,2,0,4,3,301,88,91,31,38,23,3,50,14,2,12,0,66,49,43,67,2,0
2023-04-22,LaLiga,3918238,Real Valladolid,Girona,0.3611484422724496,0.38142944410507024,0.25742211362248013,1,0,0,38,15,6,1,1,76,14,5,4,5,0,8,7,335,132,122,41,29,14,2,50,11,2,23,6,49,46,54,56,1,0,62,12,6,1,1,83,9,7,4,2,0,7,5,527,228,211,56,7,30,1,67,4,4,9,5,53,54,46,68,1,0
2023-04-22,LaLiga,3918234,Real Madrid,Celta Vigo,0.7767232201508596,0.12770969714816408,0.09556708270097629,2,0,0,66,17,5,2,1,90,10,8,9,3,0,10,7,728,308,349,79,50,20,1,53,11,3,7,2,49,54,50,63,1,0,34,12,2,1,1,80,10,3,7,3,0,7,5,369,131,165,41,38,15,2,48,11,3,16,3,43,46,50,47,2,0
2023-04-23,LaLiga,3918229,Elche,Valencia,0.22986641221374046,0.3321564885496183,0.43797709923664124,0,2,2,66,7,1,1,1,88,12,11,5,1,0,6,1,470,188,225,58,27,26,5,50,9,0,15,2,58,44,62,54,3,0,34,5,3,2,1,72,6,6,2,0,1,5,0,250,70,110,43,12,22,0,71,4,1,25,1,60,56,38,67,1,0
2023-04-23,LaLiga,3918232,Barcelona,Atletico Madrid,0.6701769274288947,0.12681942087126472,0.20300365169984055,1,0,0,62,13,4,3,3,86,15,3,6,3,0,9,4,606,222,297,45,44,16,2,78,4,3,12,3,56,45,59,56,4,0,38,13,3,1,1,75,16,3,7,3,1,12,1,363,145,128,42,17,16,2,68,10,2,21,3,59,55,41,80,8,0
2023-04-23,LaLiga,3918235,Mallorca,Getafe,0.4241302738712065,0.36935603256846783,0.20651369356032567,3,1,0,49,8,4,4,2,72,15,2,4,0,0,8,0,398,140,147,47,24,25,4,55,14,1,17,0,69,53,65,58,2,0,51,3,1,0,0,72,18,2,1,1,0,2,1,423,136,170,37,18,30,1,62,2,0,15,1,49,47,35,38,3,0
2023-04-23,LaLiga,3918230,Sevilla,Villarreal,0.4591505038465706,0.3000325062303608,0.24081698992306858,2,1,0,38,17,4,0,0,70,12,5,10,3,1,10,7,294,92,115,36,30,14,3,58,11,2,20,4,47,44,53,67,1,0,62,17,5,5,4,81,10,3,10,2,0,11,6,493,227,171,55,38,20,3,67,6,3,18,2,53,56,47,70,2,0
2023-04-25,LaLiga,3918243,Cadiz,Osasuna,0.2936544696618805,0.3381194997684113,0.3682260305697082,0,1,2,56,20,4,2,2,82,8,11,10,6,0,16,4,450,181,188,54,37,19,5,77,8,0,7,3,53,54,40,67,0,0,44,6,4,2,2,76,15,2,2,0,0,5,1,371,156,126,59,23,13,2,62,4,5,31,4,56,46,60,63,1,1
2023-04-25,LaLiga,3918245,Girona,Real Madrid,0.14203224735269157,0.14660738663616574,0.7113603660111427,4,2,0,28,13,5,4,1,79,7,3,5,3,0,10,3,276,127,91,45,33,21,2,60,6,8,22,1,39,51,14,50,1,0,72,18,3,2,0,91,6,8,6,9,0,11,7,707,223,422,76,18,23,0,81,5,3,6,1,43,49,86,48,2,0
2023-04-25,LaLiga,3918241,Real Betis,Real Sociedad,0.4098922381685455,0.3141977454437106,0.27591001638774393,0,0,1,58,11,1,0,0,77,13,2,7,3,0,8,3,459,198,156,36,30,28,2,72,5,3,28,3,73,53,51,33,1,0,42,10,3,1,1,73,23,4,4,3,0,6,4,338,137,110,33,36,23,1,65,9,3,15,1,67,47,49,41,3,0
2023-04-26,LaLiga,3918240,Atletico Madrid,Mallorca,0.6389896059946821,0.23181049069373943,0.12919990331157843,3,1,0,68,24,9,3,1,88,10,5,10,5,0,15,9,640,200,363,59,29,26,0,35,6,3,16,1,55,46,57,45,0,0,32,6,2,1,0,69,9,8,1,3,0,6,0,283,95,99,37,13,10,1,55,8,5,29,6,56,54,43,59,0,0
2023-04-26,LaLiga,3918248,Getafe,Almeria,0.4953138536662204,0.3705599747971962,0.13412617153658343,1,2,2,45,21,9,3,2,68,15,4,9,3,0,15,6,370,82,171,52,29,23,5,83,8,4,13,9,79,50,65,74,2,1,55,23,11,3,2,78,9,6,8,4,0,12,11,464,185,175,44,23,16,1,58,7,3,27,8,60,50,35,60,2,0
2023-04-26,LaLiga,3918242,Celta Vigo,Elche,0.5518142925051497,0.3334653779115829,0.1147203295832673,1,0,0,49,15,9,2,1,81,9,10,4,2,2,9,6,402,137,187,53,31,21,5,61,11,4,25,1,58,51,42,42,0,0,51,12,1,3,3,80,12,6,7,4,0,9,3,419,223,114,52,29,23,2,55,12,2,31,8,62,49,58,48,0,0
2023-04-26,LaLiga,3918246,Rayo Vallecano,Barcelona,0.1338475583626777,0.12563113669815362,0.7405213049391687,2,1,0,40,9,6,1,0,72,10,3,2,1,0,6,3,318,90,138,41,17,17,1,59,6,4,26,4,50,56,43,67,1,0,60,10,5,1,1,81,14,9,1,4,0,5,5,488,214,181,55,10,21,3,50,6,1,9,4,44,44,57,58,4,0
2023-04-27,LaLiga,3918244,Valencia,Real Valladolid,0.5199299167761717,0.3154292597459483,0.16464082347787998,2,1,0,49,19,6,0,0,77,16,6,9,4,0,10,9,357,109,165,43,37,29,2,79,5,3,14,1,58,56,46,77,0,0,51,9,2,2,1,79,17,2,4,3,1,3,6,401,195,122,36,13,28,3,60,8,4,27,4,50,44,54,43,4,0
2023-04-27,LaLiga,3918247,Villarreal,Espanyol,0.572972972972973,0.31293228712583554,0.11409473990119151,4,2,0,64,31,13,9,7,90,14,9,10,8,0,25,6,485,147,289,73,40,13,2,80,7,5,10,2,36,48,21,52,2,0,36,14,4,2,0,79,10,2,5,5,0,6,8,262,116,90,56,8,11,0,75,6,7,11,10,50,52,79,38,4,1
2023-04-27,LaLiga,3918239,Athletic Club,Sevilla,0.44684252597921664,0.1806554756195044,0.37250199840127896,0,1,2,55,6,0,0,0,73,8,8,3,3,0,4,2,453,171,161,47,16,31,2,58,5,2,17,0,63,53,52,41,3,0,45,4,1,1,0,71,11,2,1,2,0,3,1,368,151,112,36,9,32,2,81,18,3,17,0,56,47,48,43,3,0
2023-04-28,LaLiga,3918253,Osasuna,Real Sociedad,0.2786570979158474,0.3021038143924499,0.4192390876917027,0,2,2,50,13,1,1,1,76,12,4,8,4,0,9,4,404,161,148,54,22,31,0,56,5,1,10,6,47,49,35,75,3,0,50,12,7,3,3,79,15,2,4,1,2,10,2,428,163,175,47,40,18,1,85,7,4,31,1,58,51,65,76,1,0
2023-04-29,LaLiga,3918250,Elche,Rayo Vallecano,0.229957805907173,0.33772855133614627,0.4323136427566807,4,0,0,51,18,9,7,3,78,13,3,8,1,2,14,4,363,168,114,47,36,15,3,87,7,3,18,2,60,65,64,68,1,0,49,14,2,0,0,80,16,8,9,3,0,9,5,344,123,153,54,29,23,3,82,8,1,7,5,32,35,36,27,2,1
2023-04-29,LaLiga,3918257,Real Madrid,Almeria,0.7362864356208401,0.14874705280948108,0.11496651156967888,4,2,0,68,15,8,5,2,93,12,7,4,3,2,8,7,679,236,394,72,19,16,8,67,10,1,5,1,48,55,75,61,2,0,32,9,3,2,0,84,16,0,5,1,0,6,3,316,178,88,33,38,14,0,67,8,3,17,4,38,45,25,55,2,0
2023-04-29,LaLiga,3918249,Barcelona,Real Betis,0.7347838163133044,0.12395148597352097,0.1412646977131747,4,0,0,67,15,6,6,3,89,10,10,8,1,1,9,6,676,222,377,71,24,12,3,64,5,0,2,1,31,41,44,36,0,0,33,4,1,0,0,80,9,0,3,0,0,3,1,333,171,96,52,33,11,3,44,13,1,25,3,43,59,56,60,0,1
2023-04-30,LaLiga,3918251,Cadiz,Valencia,0.2623644538481883,0.3493784713038879,0.3882570748479238,2,1,0,40,8,4,2,0,68,14,5,4,0,0,5,3,250,87,83,34,20,19,1,72,13,5,40,2,65,48,50,59,6,0,60,16,4,2,1,79,10,6,8,4,0,12,4,363,103,183,42,22,34,1,71,11,1,19,1,68,52,50,48,2,0
2023-04-30,LaLiga,3918256,Villarreal,Celta Vigo,0.5521346469622331,0.3389162561576355,0.10894909688013137,3,1,0,52,9,3,4,1,89,12,4,4,2,0,7,2,454,259,145,51,17,9,5,64,13,6,24,4,39,49,33,65,1,0,48,14,5,0,0,84,11,9,3,6,0,10,4,388,183,142,52,17,21,5,44,9,2,7,0,47,51,67,70,4,0
2023-04-30,LaLiga,3918252,Espanyol,Getafe,0.42091244952315493,0.38001546524615515,0.19907208523068992,1,0,0,57,17,8,3,2,76,12,6,6,3,0,11,6,372,169,115,37,17,19,3,77,9,1,18,2,63,59,50,54,4,0,43,7,2,0,0,63,23,3,4,1,0,5,2,268,57,113,43,28,24,2,88,0,2,14,7,50,41,50,50,5,0
2023-04-30,LaLiga,3918255,Real Valladolid,Atletico Madrid,0.6758338209479228,0.3229959040374488,0.0011702750146284377,2,5,2,57,19,6,1,0,88,14,9,11,2,2,11,8,453,178,220,72,35,16,5,67,6,2,6,1,33,38,60,50,2,0,43,9,6,4,1,81,8,1,2,1,1,7,2,366,153,142,54,50,16,1,59,1,2,21,4,46,63,40,69,1,0
2023-05-01,LaLiga,3918254,Mallorca,Athletic Club,0.2842268608900235,0.308805125894779,0.4069680132151975,1,1,1,30,9,2,2,1,69,17,5,2,5,1,7,2,260,96,84,40,29,13,2,50,8,8,28,5,47,43,42,62,4,1,70,16,6,1,0,86,8,7,1,9,0,11,5,603,185,332,57,32,22,0,56,2,5,4,1,62,57,58,52,2,0
2023-05-01,LaLiga,3918258,Sevilla,Girona,0.578250838013147,0.27586957468111967,0.1458795873057333,0,2,2,64,23,5,3,3,89,14,6,15,3,1,15,8,536,187,289,71,24,17,4,61,5,2,5,1,58,53,52,63,2,0,36,9,3,2,1,73,11,1,4,2,1,7,2,315,163,67,35,50,25,1,70,5,1,38,6,52,47,48,60,1,0
2023-05-02,LaLiga,3918264,Almeria,Elche,0.4968268359020852,0.3387352674524025,0.16443789664551223,2,1,0,46,10,4,4,2,80,8,7,6,0,1,7,3,372,163,133,60,29,14,2,63,5,3,33,0,54,49,57,54,2,0,54,14,1,1,0,79,9,13,10,3,0,11,3,412,173,151,47,29,22,2,74,9,0,13,2,51,51,43,50,2,0
2023-05-02,LaLiga,3918261,Barcelona,Osasuna,0.7565306050697888,0.13309074288928735,0.11037865204092395,1,0,0,76,21,4,3,3,88,7,11,13,4,1,14,7,640,189,377,72,24,17,3,50,3,1,7,2,51,53,63,64,0,0,24,7,2,0,0,64,10,0,4,1,0,3,4,208,74,60,49,25,12,2,50,9,4,30,3,39,47,38,62,0,1
2023-05-02,LaLiga,3918268,Real Sociedad,Real Madrid,0.2112376998526359,0.15653868703354515,0.6322236131138189,2,0,0,53,9,4,3,2,87,17,2,3,2,1,6,3,487,234,188,56,30,22,1,67,2,4,7,4,45,47,35,58,1,0,47,10,5,1,1,87,9,6,2,3,0,4,6,430,235,138,50,43,21,2,42,10,2,11,2,57,53,65,58,3,1
2023-05-03,LaLiga,3918262,Valencia,Villarreal,0.2968081266436343,0.3053679162584438,0.39782395709792195,1,1,1,32,8,1,3,2,70,14,6,5,2,0,5,3,219,53,100,23,24,17,5,56,18,1,9,3,48,44,22,27,4,0,68,11,4,0,0,86,13,6,6,1,1,5,6,496,243,183,65,14,19,2,68,6,2,14,0,71,56,78,62,2,0
2023-05-03,LaLiga,3918260,Atletico Madrid,Cadiz,0.6891047586442999,0.21161417322834647,0.09928106812735364,5,1,0,61,18,8,6,3,89,12,5,5,5,1,16,2,605,209,332,50,17,13,2,60,1,0,3,0,32,44,50,50,3,0,39,2,1,0,0,85,9,2,1,0,0,0,2,382,201,125,56,0,16,3,67,11,5,18,3,39,56,50,75,2,0
2023-05-03,LaLiga,3918266,Getafe,Celta Vigo,0.3734495211179149,0.35578583765112265,0.2707646412309625,1,0,0,34,14,4,5,4,61,21,1,8,2,1,10,4,277,75,94,33,60,28,0,56,8,1,19,1,61,47,66,69,7,0,66,7,1,0,0,79,14,5,5,1,0,5,2,528,272,147,43,21,30,0,64,10,2,7,3,55,53,34,55,3,1
2023-05-04,LaLiga,3918265,Girona,Mallorca,0.5252031709627561,0.31161190606770706,0.16318492296953682,2,1,0,62,17,7,4,2,85,9,9,8,2,0,12,5,496,178,246,35,45,17,1,67,6,2,11,1,54,48,59,64,4,0,38,8,2,1,0,73,13,5,4,2,1,6,2,291,105,107,42,16,14,3,58,7,3,14,4,51,52,41,71,0,0
2023-05-04,LaLiga,3918267,Sevilla,Espanyol,0.5966494210396649,0.2946538556294654,0.10869672333086967,3,2,0,64,18,6,5,2,85,15,9,8,4,1,13,5,504,147,282,46,23,19,5,67,10,0,14,2,48,52,41,80,1,0,36,7,3,2,2,75,11,0,4,0,0,4,3,294,131,90,53,50,23,0,64,9,4,32,3,51,48,59,70,2,0
2023-05-04,LaLiga,3918259,Athletic Club,Real Betis,0.4461829255486716,0.32253491546781476,0.2312821589835136,0,1,2,63,21,6,1,1,81,13,13,9,6,1,15,6,531,213,217,56,18,27,2,57,7,2,10,1,57,48,55,75,1,1,37,12,2,0,0,75,7,2,8,2,1,6,6,330,96,151,38,17,15,2,50,16,6,36,7,57,52,45,65,3,0
2023-05-04,LaLiga,3918263,Rayo Vallecano,Real Valladolid,0.4875076587922936,0.3478793655116073,0.16461297569609912,2,1,0,51,16,6,2,0,76,18,3,5,5,0,10,6,404,124,182,44,31,31,5,67,8,2,17,3,51,46,52,44,0,0,49,7,4,1,1,72,15,4,1,2,0,5,2,388,171,107,41,21,24,3,56,11,5,16,4,57,54,48,64,0,0
2023-05-12,LaLiga,3918275,Mallorca,Cadiz,0.5285752760570966,0.3098841906813897,0.1615405332615136,1,0,0,43,8,3,3,2,72,16,3,3,2,0,7,1,320,88,141,48,47,17,1,50,12,6,35,3,59,48,52,67,5,0,57,14,4,0,0,78,14,7,5,5,0,11,3,405,156,161,48,35,31,3,80,5,2,13,2,60,52,48,55,4,0
2023-05-13,LaLiga,3918278,Real Sociedad,Girona,0.538877812589006,0.3129450299060097,0.14817715750498434,2,2,1,51,18,6,3,1,85,22,7,10,2,3,14,4,408,159,186,58,31,18,1,67,10,0,9,4,41,41,52,57,6,0,49,13,6,2,1,80,12,4,7,0,0,10,3,398,204,116,36,64,15,1,64,10,2,20,4,52,59,48,58,1,1
2023-05-13,LaLiga,3918277,Osasuna,Almeria,0.5203550067528459,0.35674319891954465,0.12290179432760949,3,1,0,56,18,7,2,0,84,7,4,6,5,1,9,9,514,193,240,54,10,22,4,50,8,2,10,2,47,54,59,52,0,0,44,8,3,1,1,78,7,1,3,2,0,2,6,389,189,115,36,11,19,2,52,15,5,18,4,39,46,41,31,0,0
2023-05-13,LaLiga,3918271,Villarreal,Athletic Club,0.4893573614416865,0.342740564433866,0.16790207412444746,5,1,0,57,17,11,5,2,82,11,7,4,2,0,10,7,471,250,137,51,25,14,3,75,8,1,10,3,40,48,30,50,4,0,43,11,5,5,4,76,13,5,6,0,1,10,1,342,116,144,57,25,17,3,74,9,2,8,7,51,52,70,54,3,0
2023-05-13,LaLiga,3918274,Real Madrid,Getafe,0.7530864197530864,0.1340686428108876,0.11284493743602599,1,0,0,77,16,3,1,1,91,5,1,5,8,0,3,13,847,375,393,64,33,12,4,83,9,2,7,2,61,69,83,63,1,0,23,9,2,1,1,72,23,3,5,2,0,3,6,245,81,95,38,18,22,5,50,9,8,8,2,24,31,17,67,4,0
2023-05-14,LaLiga,3918270,Celta Vigo,Valencia,0.35233544773045555,0.3485460087321855,0.29911854353735895,1,2,2,64,10,6,2,2,80,13,5,3,1,1,6,4,480,211,174,41,15,33,2,72,15,3,14,3,68,56,50,59,3,0,36,12,5,4,2,67,19,4,4,3,0,6,6,272,91,91,34,35,16,1,56,20,1,25,5,57,44,50,50,3,1
2023-05-14,LaLiga,3918272,Elche,Atletico Madrid,0.15417525773195875,0.23742268041237113,0.6084020618556701,1,0,0,50,15,4,4,3,85,16,3,10,1,0,14,1,464,212,182,48,18,17,0,53,11,5,25,4,48,54,50,74,2,0,50,13,4,3,3,85,3,5,4,5,0,10,3,471,208,191,70,25,22,3,42,9,1,16,3,43,46,50,39,0,0
2023-05-14,LaLiga,3918276,Real Valladolid,Sevilla,0.24473545669913135,0.3198210055277705,0.4354435377730982,0,3,2,54,28,6,3,3,78,9,8,15,7,1,13,15,371,162,129,51,24,32,3,67,7,5,8,2,41,48,18,54,2,0,46,17,5,5,2,74,16,3,7,5,0,11,6,323,121,117,35,38,20,1,53,6,9,22,4,58,52,82,86,1,0
2023-05-14,LaLiga,3918273,Espanyol,Barcelona,0.1163958784198456,0.10173132207112633,0.7818727995090281,2,4,2,30,15,7,7,5,78,12,4,6,2,1,12,3,301,108,127,53,46,20,3,50,5,4,14,1,42,56,50,67,1,0,70,15,5,7,3,92,9,3,6,4,0,9,6,727,363,303,65,13,13,3,70,9,1,5,5,35,44,50,33,3,0
2023-05-15,LaLiga,3918269,Real Betis,Rayo Vallecano,0.5748609128058687,0.29673575894835313,0.12840332824577816,3,1,0,48,11,5,5,3,79,11,6,2,4,0,6,5,405,141,179,45,18,19,2,62,7,5,23,4,58,54,57,71,3,0,52,16,4,2,2,84,9,5,7,5,3,10,6,415,177,173,59,29,18,4,47,9,4,29,1,49,46,43,57,3,1
2023-05-19,LaLiga,3918282,Cadiz,Real Valladolid,0.46749897426880016,0.33819822988101517,0.19430279585018465,2,0,0,46,11,4,3,2,65,18,4,7,0,1,6,5,260,93,77,41,25,17,1,93,9,1,26,2,64,53,55,53,4,0,54,6,2,0,0,71,18,3,3,1,0,5,1,298,103,109,40,24,19,1,59,6,0,21,2,56,47,45,40,4,1
2023-05-20,LaLiga,3918284,Girona,Villarreal,0.30367491166077737,0.32975265017667843,0.36657243816254415,1,2,2,45,9,3,1,0,83,16,3,2,4,0,7,2,406,207,132,46,23,20,2,60,9,2,8,3,47,44,54,54,2,0,55,10,5,2,0,88,11,1,1,4,0,5,5,509,268,182,64,27,13,2,64,9,4,23,2,57,56,46,70,1,0
2023-05-20,LaLiga,3918279,Athletic Club,Celta Vigo,0.5257434318159946,0.35357520931575404,0.12068135886825138,2,1,0,48,10,3,1,1,81,17,8,4,3,1,9,1,431,206,141,44,53,32,0,71,15,3,9,2,59,44,77,57,4,0,52,8,3,0,0,81,12,5,2,3,0,3,5,463,238,137,42,15,22,2,88,15,3,8,1,59,56,23,52,1,0
2023-05-20,LaLiga,3918283,Almeria,Mallorca,0.34955500852111343,0.35457299753834504,0.2958719939405416,3,0,0,54,12,3,3,1,83,11,4,4,5,0,6,6,412,183,158,41,25,19,1,75,5,1,22,3,54,48,42,39,1,0,46,7,3,0,0,78,15,6,3,1,0,4,3,344,117,153,60,14,20,3,57,4,5,11,0,62,52,58,60,2,0
2023-05-20,LaLiga,3918286,Getafe,Elche,0.5217432406882209,0.34902628096048405,0.12923047835129514,1,1,1,38,9,5,3,2,67,19,5,3,1,0,6,3,255,59,111,46,16,28,1,92,5,3,24,3,54,49,45,75,4,0,62,13,4,1,1,75,11,6,6,3,0,12,1,416,206,105,48,32,27,0,73,9,1,24,4,61,51,55,53,1,0
2023-05-20,LaLiga,3918281,Barcelona,Real Sociedad,0.7795053440144978,0.11962766943306082,0.10086698655244136,1,2,2,67,13,4,3,2,88,8,8,4,5,0,8,5,664,287,295,54,18,25,2,71,5,3,8,4,63,60,50,65,4,0,33,13,6,6,4,78,16,2,4,3,0,12,1,321,133,118,53,33,15,2,82,8,5,30,3,45,40,50,63,4,0
2023-05-21,LaLiga,3918287,Rayo Vallecano,Espanyol,0.4658082138327968,0.3489415666764218,0.18525021949078138,1,2,2,64,15,5,2,1,82,8,4,7,3,0,10,5,494,185,222,51,13,36,2,63,8,1,16,4,52,50,41,57,2,0,36,10,6,2,1,63,11,4,3,1,1,7,3,271,88,83,30,16,21,1,55,9,3,27,4,58,50,59,47,2,0
2023-05-21,LaLiga,3918280,Atletico Madrid,Osasuna,0.6239783584666744,0.26936802118107517,0.10665362035225048,3,0,0,54,15,5,3,0,85,6,8,6,4,2,9,6,548,290,176,64,33,16,5,25,6,2,28,2,46,57,60,71,0,0,46,12,2,1,1,85,11,10,7,3,0,8,4,457,212,175,57,15,16,1,67,11,3,11,2,33,43,40,67,2,0
2023-05-21,LaLiga,3918288,Valencia,Real Madrid,0.17769864884639774,0.16511389688307887,0.6571874542705234,1,0,0,26,11,6,2,1,74,13,2,1,4,0,9,2,235,71,103,21,20,11,2,72,15,1,27,5,42,45,36,53,5,0,74,13,5,4,4,88,4,9,7,1,0,9,4,678,272,324,57,17,18,2,47,3,4,9,5,54,55,64,48,2,0
2023-05-21,LaLiga,3918285,Sevilla,Real Betis,0.5174129353233831,0.29016030956329464,0.19242675511332227,0,0,1,54,10,4,4,4,79,14,4,5,1,0,6,4,402,134,182,46,23,33,2,67,8,2,15,0,57,42,67,39,2,0,46,5,0,0,0,75,11,3,2,3,0,0,5,354,131,133,23,7,25,2,69,14,1,24,4,62,58,33,56,2,1
2023-05-23,LaLiga,3918290,Celta Vigo,Girona,0.36633663366336633,0.3220602959172322,0.3116030704194015,1,1,1,40,16,7,1,1,83,13,9,4,5,0,7,9,356,129,168,54,21,11,3,65,6,2,21,3,49,51,55,55,0,0,60,11,4,1,0,90,13,3,5,2,0,7,4,557,295,209,44,18,22,0,50,10,5,18,6,45,49,45,63,0,0
2023-05-23,LaLiga,3918298,Real Sociedad,Almeria,0.6014207258834766,0.2910697230181471,0.10750955109837632,1,0,0,72,15,2,3,3,86,20,10,10,3,1,11,4,578,177,321,44,21,22,3,73,4,0,9,2,51,49,62,69,0,0,28,2,2,0,0,60,8,2,0,0,0,2,0,224,66,68,28,0,17,4,83,5,3,24,1,43,51,38,40,1,1
2023-05-23,LaLiga,3918295,Real Valladolid,Barcelona,0.15167844337743486,0.13807057639485878,0.7102509802277064,3,1,0,30,8,4,4,2,74,13,2,2,2,1,6,2,271,101,100,51,27,14,3,45,14,4,13,6,29,42,33,38,1,0,70,16,6,3,2,88,9,6,6,4,0,10,6,625,222,328,55,25,17,2,67,6,2,8,2,44,58,67,50,0,0
2023-05-24,LaLiga,3918291,Elche,Sevilla,0.1846731524150879,0.2945326278659612,0.5207942197189509,1,1,1,72,20,7,2,2,88,12,9,8,5,0,12,8,555,231,257,74,46,21,5,73,1,0,12,2,52,52,48,61,1,0,28,9,3,1,0,72,10,5,6,0,0,7,2,211,68,84,52,35,16,5,65,4,5,21,6,50,48,52,67,4,1
2023-05-24,LaLiga,3918297,Real Madrid,Rayo Vallecano,0.7318431695444748,0.14949265008597099,0.11866418036955416,2,1,0,61,12,3,3,2,91,11,5,6,3,0,6,6,718,308,346,53,21,11,4,69,8,3,14,5,55,51,68,57,1,0,39,15,6,0,0,85,14,2,6,3,0,8,7,452,168,216,58,19,19,0,43,11,2,13,1,47,49,32,54,3,0
2023-05-24,LaLiga,3918296,Villarreal,Cadiz,0.5660551108592478,0.3177020613444783,0.116242827796274,2,0,0,65,13,7,5,3,86,14,7,3,3,0,7,6,567,220,269,53,10,9,1,52,7,3,16,8,54,56,42,71,1,0,35,16,8,4,4,76,8,6,5,3,0,11,5,288,107,112,49,20,16,1,64,6,3,15,5,49,44,58,44,2,0
2023-05-24,LaLiga,3918294,Espanyol,Atletico Madrid,0.21128662076414204,0.23905314792313578,0.5496602313127222,3,3,1,45,26,13,6,3,84,6,16,3,10,0,17,9,435,97,269,55,26,19,4,78,11,3,9,4,45,43,67,42,2,0,55,16,7,6,4,88,9,1,6,3,2,11,5,583,297,214,53,0,11,4,72,5,9,38,10,47,57,33,62,3,0
2023-05-24,LaLiga,3918289,Real Betis,Getafe,0.5554872635388923,0.31025063170115413,0.13426210475995357,0,1,2,71,11,4,3,3,82,8,2,7,0,0,6,5,620,274,234,45,23,25,1,82,5,2,19,1,57,54,42,44,2,1,29,9,2,0,0,56,12,5,5,2,0,4,5,239,48,87,42,18,21,1,94,11,0,16,4,60,46,58,36,5,0
2023-05-25,LaLiga,3918292,Mallorca,Valencia,0.3591305208952268,0.3076846900376312,0.333184789067142,1,0,0,40,4,3,1,0,75,15,2,0,1,0,3,1,326,128,115,32,13,25,0,55,9,6,21,5,61,58,40,80,4,0,60,15,5,3,3,82,12,4,4,6,0,12,3,485,168,231,31,33,20,0,85,7,1,15,2,52,42,60,45,2,0
2023-05-25,LaLiga,3918293,Osasuna,Athletic Club,0.30799078452770706,0.3355159451921911,0.35649327028010186,2,0,0,49,9,3,1,0,74,17,3,3,3,0,5,4,394,161,132,39,31,31,2,77,10,0,19,5,55,47,46,48,3,0,51,10,5,1,1,82,13,6,5,0,0,7,3,400,196,130,41,11,22,2,50,7,3,14,1,63,53,54,45,3,0
2023-05-27,LaLiga,3918308,Sevilla,Real Madrid,0.21828058847410442,0.16877066135673827,0.6129487501691573,1,2,2,33,11,1,1,1,83,23,1,8,2,1,5,6,351,156,135,56,18,13,1,57,10,1,7,1,42,47,31,54,2,1,67,6,3,1,1,92,10,1,2,1,0,4,2,737,360,315,70,0,20,2,67,11,2,15,0,52,53,69,42,4,0
2023-05-28,LaLiga,3918305,Almeria,Real Valladolid,0.3901020520136069,0.36694831559310875,0.24294963239328432,0,0,1,49,23,7,2,2,77,11,2,10,6,1,16,7,366,128,155,57,30,25,0,48,7,4,20,2,70,60,59,65,0,0,51,8,2,0,0,78,16,4,2,4,0,5,3,388,149,155,44,10,20,7,69,1,6,17,7,48,40,41,38,4,0
2023-05-28,LaLiga,3918299,Athletic Club,Elche,0.5612545690366703,0.3320363164721141,0.10670911449121566,0,1,2,64,27,8,3,3,87,7,19,9,10,1,19,8,533,202,260,63,33,30,1,53,8,1,6,1,59,61,71,81,1,0,36,6,2,1,1,75,10,3,3,1,1,5,1,303,151,77,43,42,17,2,57,15,11,43,7,35,39,29,47,1,0
2023-05-28,LaLiga,3918300,Atletico Madrid,Real Sociedad,0.552838144664288,0.265520596821278,0.181641258514434,2,1,0,50,11,5,1,0,83,8,6,3,3,0,7,4,514,246,182,45,8,14,2,83,7,1,15,4,52,53,50,52,2,0,50,10,5,2,1,85,10,4,4,1,0,9,1,512,238,199,63,17,16,0,56,12,2,11,3,48,47,50,80,2,0
2023-05-28,LaLiga,3918301,Barcelona,Mallorca,0.7720034057582542,0.12011604805903314,0.10788054618271262,3,0,0,78,28,9,7,5,91,4,14,11,8,2,21,7,713,119,530,70,21,15,0,80,1,2,5,1,43,60,44,62,0,0,22,3,1,0,0,67,9,3,0,2,0,3,0,196,89,43,50,20,9,1,73,16,8,31,5,35,40,56,67,0,1
2023-05-28,LaLiga,3918303,Cadiz,Celta Vigo,0.3828428303068253,0.3871008140262993,0.23005635566687538,1,0,0,49,13,3,2,1,75,16,3,7,3,1,12,1,383,129,158,47,32,17,3,62,11,2,16,4,48,42,45,50,9,0,51,9,4,1,1,76,10,3,3,2,0,3,6,399,140,162,45,6,20,0,58,7,4,25,1,63,58,55,56,6,0
2023-05-28,LaLiga,3918302,Getafe,Osasuna,0.38208215297450426,0.37464589235127477,0.24327195467422097,2,1,0,50,16,6,4,3,67,11,1,8,2,1,12,4,401,125,142,38,38,24,4,76,15,1,8,1,53,47,51,40,4,0,50,10,2,0,0,66,6,1,7,1,0,5,5,401,152,114,31,33,34,1,63,13,2,25,4,55,53,49,45,1,0
2023-05-28,LaLiga,3918306,Girona,Real Betis,0.34495075224591404,0.35166143522026194,0.303387812533824,1,2,2,54,9,3,4,3,87,14,8,5,1,0,8,1,501,297,141,59,38,21,2,67,8,2,12,6,38,49,57,67,0,0,46,18,7,4,2,87,12,5,9,2,1,12,6,442,182,204,50,54,13,3,83,12,1,19,2,37,51,43,75,1,0
2023-05-28,LaLiga,3918304,Rayo Vallecano,Villarreal,0.22742552451605424,0.33800857772110815,0.4345658977628376,2,1,0,31,15,4,1,0,71,9,4,10,1,0,8,7,235,72,95,30,25,28,9,61,8,2,18,1,38,49,33,50,3,0,69,7,2,1,1,83,9,6,3,2,0,5,2,557,226,238,56,25,27,1,64,7,1,13,2,43,51,67,71,4,0
2023-05-28,LaLiga,3918307,Valencia,Espanyol,0.46533319514975646,0.3184785988185304,0.21618820603171313,2,2,1,53,19,4,3,1,80,12,10,8,7,0,11,8,414,117,215,45,14,21,2,71,5,2,22,3,66,58,51,67,0,0,47,9,5,2,1,76,12,3,2,2,0,6,3,378,169,117,32,31,25,0,65,8,6,27,2,52,42,49,43,3,0
2023-06-04,LaLiga,3918310,Mallorca,Rayo Vallecano,0.4153798878389798,0.3550741338249981,0.22954597833602214,3,0,0,47,8,4,5,3,77,14,2,4,0,0,7,1,340,167,94,44,25,14,2,53,8,5,34,4,61,57,63,86,0,0,53,21,4,1,1,81,15,6,12,5,0,9,12,355,87,199,37,19,21,0,67,7,1,13,0,43,43,37,53,0,0
2023-06-04,LaLiga,3918318,Osasuna,Girona,0.4517834595959596,0.35219381313131315,0.19602272727272727,2,1,0,37,14,7,2,0,79,12,5,5,2,0,11,3,317,112,140,53,24,12,3,74,4,1,28,5,50,48,45,55,1,0,63,11,6,1,1,89,9,2,3,2,0,6,5,545,270,213,54,23,21,2,53,5,2,23,5,55,52,55,59,5,0
2023-06-04,LaLiga,3918312,Real Madrid,Athletic Club,0.7617685641169007,0.13810455689124965,0.10012687899184963,1,1,1,64,9,2,2,1,91,11,5,4,3,0,6,3,633,283,292,78,8,26,1,68,5,4,13,8,43,43,71,29,2,0,36,15,9,4,3,81,14,6,2,4,0,8,7,340,141,136,55,16,20,4,63,3,3,17,1,53,57,29,58,2,0
2023-06-04,LaLiga,3918311,Real Sociedad,Sevilla,0.4193159761729469,0.30727528277893046,0.2734087410481226,2,1,0,56,17,6,5,5,84,10,5,7,4,0,11,6,498,242,176,61,29,17,2,56,4,1,14,3,55,47,50,48,0,0,44,9,4,0,0,78,13,2,4,1,1,5,4,399,182,129,42,9,16,3,63,6,4,20,4,60,53,50,74,1,0
2023-06-04,LaLiga,3918313,Villarreal,Atletico Madrid,0.25603357817418676,0.28983266140166786,0.4541337604241454,2,2,1,66,22,7,4,2,90,9,12,12,3,1,10,12,610,196,356,79,19,9,2,63,4,4,9,1,54,63,56,61,3,0,34,9,3,2,1,81,12,1,2,4,0,8,1,315,143,112,45,0,12,0,56,9,3,20,5,34,38,44,44,2,1
2023-06-04,LaLiga,3918314,Celta Vigo,Barcelona,0.15567927692881103,0.13492359299291837,0.7093971300782705,2,1,0,27,12,9,0,0,74,13,2,3,0,0,3,9,239,93,85,34,17,22,7,53,7,2,17,1,41,51,25,75,2,0,73,9,2,2,1,89,9,4,5,2,1,5,4,651,299,280,60,27,20,3,75,3,0,7,7,50,49,75,56,2,0
2023-06-04,LaLiga,3918316,Elche,Cadiz,0.3236263152300988,0.36103730470825807,0.3153363800616431,1,1,1,67,12,5,4,3,81,18,7,5,2,0,8,4,487,211,183,45,31,15,3,67,4,2,14,2,46,49,52,63,4,0,33,14,3,3,2,68,8,4,7,4,1,7,7,239,67,96,46,13,19,0,58,10,2,22,4,47,51,48,63,3,0
2023-06-04,LaLiga,3918317,Espanyol,Almeria,0.4338373357051092,0.33965806897914813,0.22650459531574266,3,3,1,63,12,8,0,0,86,11,7,3,1,0,7,5,458,173,222,59,7,20,2,81,4,3,16,1,52,57,29,52,2,0,37,11,4,3,1,76,12,5,4,3,0,8,3,264,80,121,40,32,18,0,38,11,1,34,5,55,43,71,53,4,0
2023-06-04,LaLiga,3918309,Real Betis,Valencia,0.47718691000629326,0.30624606670862176,0.21656702328508495,1,1,1,61,8,3,1,0,85,11,4,3,2,0,6,2,568,276,206,38,14,17,3,59,9,2,15,2,47,54,29,79,3,0,39,10,3,1,0,79,11,4,5,2,0,5,5,350,100,178,44,11,16,4,55,6,2,14,2,47,46,71,68,0,1
2023-06-04,LaLiga,3918315,Real Valladolid,Getafe,0.4715288941534817,0.31855486927828075,0.20991623656823757,0,0,1,80,15,0,0,0,84,9,6,12,3,0,7,8,585,246,244,47,24,30,2,100,2,1,14,1,63,62,47,48,1,0,20,4,1,0,0,41,25,1,2,1,0,3,1,157,20,44,32,25,23,1,61,5,3,37,0,51,38,53,25,3,0
