match_date,league_name,matchid,home_team,away_team,home_probability_win,draw_probability,away_probability_win,home_goals,away_goals,ftr,home_ball_possession,home_total_shots,home_shots_on_target,home_big_chances,home_big_misses,home_accurate_passes,home_fouls_commited,home_corners,home_shots_off_target,home_blocked_shots,home_hit_woodwork,home_shots_inside_box,home_shots_outside_box,home_passes,home_own_half,home_opposition_half,home_accurate_long_balls,home_accurate_crosses,home_throws,home_offsides,home_tackles_won,home_interceptions,home_blocks,home_clearances,home_keeper_save,home_duels_won,home_geround_duels_won,home_aerial_duels_won,home_successful_dribbles,home_yellow_cards,home_red_cards,away_ball_possession,away_total_shots,away_shots_on_target,away_big_chances,away_big_misses,away_accurate_passes,away_fouls_commited,away_corners,away_shots_off_target,away_blocked_shots,away_hit_woodwork,away_shots_inside_box,away_shots_outside_box,away_passes,away_own_half,away_opposition_half,away_accurate_long_balls,away_axxurate_crosses,away_throws,away_offsides,away_tackles_won,away_interceptions,away_blocks,away_clearances,away_keeper_save,away_duels_won,away_geround_duels_won,away_aerial_duels_won,away_successful_dribbles,away_yellow_cards,away_red_cards
2021-08-07,League Two,3620568,Carlisle United,Colchester United,0.5711422845691383,0.31462925851703405,0.11422845691382766,0,0,1,51,18,6,4,4,58,17,7,7,5,0,12,6,319,81,103,28,41,33,1,57,7,3,10,3,58,53,47,60,2,0,49,10,3,0,0,54,14,7,4,3,0,9,1,301,82,81,35,33,28,2,67,6,5,24,6,59,47,53,22,0,0
2021-08-07,League Two,3620569,Exeter City,Bradford City,0.5121527777777778,0.3315972222222222,0.15625,0,0,1,52,13,4,0,0,68,8,5,7,2,0,7,6,364,74,175,33,27,31,1,63,13,4,24,3,62,53,44,53,2,0,48,13,4,2,2,67,7,5,5,4,0,7,6,352,66,169,38,25,36,1,47,10,2,31,4,67,47,56,50,0,0
2021-08-07,League Two,3620570,Forest Green Rovers,Sutton United,0.654300168634064,0.25463743676222594,0.09106239460370995,2,1,0,57,11,2,2,1,66,11,4,3,6,1,7,4,366,93,149,38,42,39,1,50,10,3,11,1,61,57,38,45,3,0,43,9,2,1,0,57,12,6,4,3,0,5,4,281,85,76,42,19,25,0,78,16,6,21,0,64,43,62,27,0,0
2021-08-07,League Two,3620571,Harrogate Town,Rochdale,0.5013927576601671,0.34818941504178275,0.15041782729805014,3,2,0,46,19,8,2,1,66,12,9,7,4,0,16,3,332,77,142,42,33,23,2,74,7,6,25,3,75,59,52,80,2,0,54,14,5,3,3,74,16,4,3,6,0,10,4,387,118,169,51,30,25,0,58,5,4,21,5,60,41,48,50,2,0
2021-08-07,League Two,3620572,Hartlepool United,Crawley Town,0.5825688073394495,0.30275229357798167,0.11467889908256881,1,0,0,46,12,3,2,2,60,6,4,5,4,0,9,3,325,92,103,28,16,28,5,75,10,1,16,0,48,56,32,20,0,0,54,3,0,0,0,66,15,2,2,1,0,3,0,385,90,163,36,7,27,1,57,9,4,26,2,66,44,68,100,0,0
2021-08-07,League Two,3620573,Mansfield Town,Bristol Rovers,0.546875,0.30580357142857145,0.14732142857142858,2,1,0,56,17,3,2,0,69,14,6,7,7,0,13,4,335,94,136,42,26,42,1,36,7,0,12,1,73,49,56,31,2,0,44,3,2,0,0,63,15,4,1,0,0,2,1,276,102,71,35,9,29,1,48,11,7,29,1,68,51,44,47,3,1
2021-08-07,League Two,3620574,Northampton Town,Port Vale,0.5447368421052632,0.32894736842105265,0.12631578947368421,1,0,0,50,9,2,1,0,61,10,4,3,4,0,5,4,340,107,102,27,9,32,5,63,14,3,30,2,88,55,62,36,4,0,50,9,2,1,1,55,16,2,4,3,0,6,3,330,88,95,21,27,33,1,35,5,3,26,1,62,45,38,40,2,1
2021-08-07,League Two,3621200,Oldham Athletic,Newport County,0.3949367088607595,0.39746835443037976,0.20759493670886076,0,1,2,51,6,0,1,1,75,17,2,6,0,0,4,2,406,175,129,40,29,23,1,50,14,1,18,1,54,45,67,70,3,0,49,4,2,1,0,77,7,2,1,1,0,3,1,380,187,104,47,8,29,2,58,11,0,8,0,47,55,33,62,2,0
2021-08-07,League Two,3620575,Salford City,Leyton Orient,0.698076923076923,0.20961538461538462,0.09230769230769231,1,1,1,52,13,6,1,1,69,11,7,6,1,0,6,7,392,137,133,29,25,26,4,70,8,0,19,4,50,52,57,57,0,0,48,11,5,2,1,67,11,5,6,0,0,8,3,352,134,102,28,25,15,4,75,7,0,20,5,42,48,43,57,0,0
2021-08-07,League Two,3620576,Scunthorpe United,Swindon Town,0.4431818181818182,0.36363636363636365,0.19318181818181818,1,3,2,37,11,4,2,1,61,20,6,3,4,0,6,5,229,61,78,35,18,28,3,48,8,5,20,5,52,46,47,58,0,0,63,17,8,2,0,75,8,4,4,5,0,6,11,411,169,140,42,22,27,2,93,8,4,10,3,61,54,53,45,3,0
2021-08-07,League Two,3620577,Stevenage,Barrow,0.5857519788918206,0.2928759894459103,0.12137203166226913,1,0,0,55,9,3,2,1,73,20,1,4,2,0,6,3,428,171,141,38,22,26,2,61,10,3,15,1,63,45,57,45,4,0,45,10,1,0,0,64,14,4,5,4,0,6,4,334,113,101,33,32,26,4,58,11,2,8,2,64,55,43,46,6,0
2021-08-07,League Two,3620578,Tranmere Rovers,Walsall,0.5910852713178295,0.2616279069767442,0.14728682170542637,1,0,0,52,10,3,0,0,66,12,8,2,5,0,8,2,323,96,117,33,29,24,1,68,13,8,20,3,70,60,48,71,3,1,48,18,3,1,1,64,16,12,7,8,0,12,6,293,84,104,45,31,33,2,82,10,5,19,2,59,40,52,37,2,0
2021-08-14,League Two,3620579,Barrow,Hartlepool United,0.4289340101522843,0.3604060913705584,0.21065989847715735,3,2,0,45,10,3,2,0,67,10,2,6,1,0,5,5,326,121,98,29,42,18,1,76,8,5,31,3,54,50,46,50,2,0,55,12,5,2,0,68,12,1,2,5,0,8,4,388,148,117,33,30,43,2,69,5,0,12,0,58,50,54,60,1,0
2021-08-14,League Two,3620580,Bradford City,Oldham Athletic,0.6675392670157068,0.23821989528795812,0.09424083769633508,2,1,0,35,19,4,1,0,68,16,6,9,6,0,9,10,246,76,91,33,20,25,1,55,7,6,22,1,64,54,53,62,3,0,65,12,2,1,1,81,9,7,4,6,0,6,6,461,213,160,62,13,18,4,58,5,6,14,2,55,46,47,50,3,0
2021-08-14,League Two,3620581,Bristol Rovers,Stevenage,0.5507692307692308,0.27076923076923076,0.17846153846153845,0,2,2,45,7,1,0,0,68,9,2,5,1,0,2,5,374,166,90,37,0,32,0,60,13,3,22,0,55,54,56,42,1,0,55,8,2,1,0,77,20,2,3,3,0,6,2,460,199,153,35,14,32,1,67,10,1,20,2,45,46,44,33,1,0
2021-08-14,League Two,3620582,Colchester United,Northampton Town,0.49034749034749037,0.3436293436293436,0.16602316602316602,0,1,2,64,11,5,3,3,68,10,8,1,5,0,9,2,464,154,163,38,19,44,0,92,5,1,14,1,70,49,49,43,0,0,36,8,2,2,1,52,15,3,5,1,0,5,3,264,52,86,35,54,31,1,72,7,4,50,5,72,51,51,55,3,1
2021-08-14,League Two,3620584,Leyton Orient,Exeter City,0.53125,0.3333333333333333,0.13541666666666666,3,0,0,55,10,7,3,0,73,8,3,2,1,0,8,2,427,236,77,27,11,24,1,86,7,2,22,4,57,58,48,57,1,0,45,8,4,2,2,69,11,7,2,2,0,6,2,340,93,143,36,23,42,2,86,10,1,12,4,51,42,52,55,0,1
2021-08-14,League Two,3621201,Mansfield Town,Newport County,0.4967741935483871,0.3580645161290323,0.14516129032258066,2,1,0,51,9,5,2,1,72,18,3,3,1,0,3,6,357,97,161,48,14,16,0,77,21,2,14,3,62,38,62,0,3,0,49,9,4,1,0,69,12,5,3,2,0,7,2,350,146,96,34,8,25,0,90,12,1,7,3,63,63,38,80,3,0
2021-08-14,League Two,3620585,Port Vale,Tranmere Rovers,0.40350877192982454,0.3719298245614035,0.22456140350877193,0,0,1,36,14,3,2,2,61,16,7,7,4,1,8,6,267,51,112,39,16,16,3,71,18,3,22,2,56,51,54,43,0,0,64,10,2,4,4,77,10,3,5,3,0,8,2,505,209,182,33,26,18,0,67,15,3,31,3,51,49,46,25,2,0
2021-08-14,League Two,3620586,Rochdale,Scunthorpe United,0.6208333333333333,0.2791666666666667,0.1,0,0,1,57,14,2,1,1,81,5,6,8,4,0,9,5,464,175,199,48,32,32,3,43,10,5,23,2,52,45,51,40,0,0,43,11,2,0,0,70,11,1,4,5,0,6,5,366,141,117,34,20,22,0,76,18,4,15,2,58,55,49,54,0,0
2021-08-14,League Two,3620587,Salford City,Sutton United,0.7105263157894737,0.22727272727272727,0.06220095693779904,0,0,1,67,16,6,1,1,75,14,4,5,5,0,11,5,566,214,212,48,29,32,2,60,7,0,24,3,63,47,65,46,0,0,33,11,3,2,2,53,10,2,4,4,1,5,6,284,71,80,23,9,7,0,53,11,0,29,6,52,53,35,58,0,0
2021-08-14,League Two,3620588,Swindon Town,Carlisle United,0.6463414634146342,0.25914634146341464,0.09451219512195122,1,2,2,66,16,3,3,2,83,10,3,10,3,0,10,6,480,286,112,60,14,27,0,56,4,1,29,5,68,55,51,94,1,1,34,11,7,2,1,62,14,7,3,1,0,6,5,234,36,109,33,29,24,0,89,11,3,17,2,58,45,49,79,2,0
2021-08-14,League Two,3620589,Walsall,Forest Green Rovers,0.4155844155844156,0.39935064935064934,0.18506493506493507,1,3,2,47,8,4,0,0,73,12,5,1,3,1,6,2,386,172,108,40,20,21,1,95,13,6,14,4,44,51,38,25,1,0,53,20,7,3,1,79,10,9,6,7,0,16,4,434,164,178,44,31,26,0,80,9,3,7,3,48,49,63,33,3,0
2021-08-17,League Two,3620590,Barrow,Exeter City,0.458029197080292,0.4032846715328467,0.1386861313868613,0,0,1,47,14,2,2,2,61,6,10,7,5,0,11,3,274,84,84,40,18,30,2,55,8,1,14,2,60,55,50,25,3,0,53,5,2,0,0,63,11,1,1,2,0,2,3,339,86,129,29,14,42,2,56,8,6,35,1,54,45,50,30,2,0
2021-08-17,League Two,3620591,Bradford City,Stevenage,0.48984565393988627,0.39642567018683994,0.11372867587327376,4,1,0,47,22,8,4,1,76,7,10,7,7,0,13,9,392,96,202,63,17,18,0,65,11,1,25,2,70,50,71,67,1,0,53,8,3,0,0,74,6,3,4,1,0,5,3,449,192,140,42,36,34,1,50,15,7,37,4,44,50,29,50,0,0
2021-08-17,League Two,3620592,Bristol Rovers,Oldham Athletic,0.49737118822292326,0.39852786540483703,0.10410094637223975,1,0,0,42,15,2,0,0,59,9,4,8,5,0,13,2,273,71,91,33,24,28,4,64,4,3,14,2,59,52,55,50,2,0,58,9,2,1,1,69,15,5,4,3,0,8,1,388,158,109,29,25,27,0,80,6,5,21,1,52,48,45,58,3,0
2021-08-17,League Two,3620593,Colchester United,Mansfield Town,0.3276643990929705,0.4603174603174603,0.21201814058956917,1,1,1,49,10,4,1,0,67,7,3,3,3,0,5,5,380,106,148,31,18,24,0,53,5,6,15,4,74,61,57,38,1,0,51,17,5,3,3,69,19,6,6,6,0,11,6,404,127,152,43,32,28,1,43,11,3,26,3,51,39,43,36,3,0
2021-08-17,League Two,3620594,Crawley Town,Salford City,0.33876600698486614,0.4551804423748545,0.2060535506402794,2,1,0,46,12,2,1,0,66,7,5,6,4,0,10,2,373,101,146,43,32,34,2,92,8,1,9,5,52,54,39,63,0,0,54,9,6,4,3,72,7,6,2,1,0,6,3,436,178,135,39,33,35,4,75,8,3,21,0,63,46,61,67,0,0
2021-08-17,League Two,3620596,Port Vale,Carlisle United,0.40476190476190477,0.45614035087719296,0.13909774436090225,0,0,1,49,12,1,0,0,60,12,6,3,8,1,8,4,332,80,120,42,25,20,1,63,4,3,22,3,74,52,56,64,0,0,51,13,3,0,0,66,13,5,7,3,0,3,10,357,87,149,33,12,25,0,50,10,8,27,1,63,48,44,42,2,0
2021-08-17,League Two,3620597,Rochdale,Forest Green Rovers,0.2767857142857143,0.4589285714285714,0.2642857142857143,1,2,2,56,11,2,1,0,75,9,4,4,5,1,7,4,444,175,156,40,31,31,2,60,11,2,17,1,57,57,47,75,1,0,44,11,3,3,2,71,11,6,6,2,1,9,2,348,115,133,29,19,28,0,45,7,5,13,1,51,43,53,46,0,0
2021-08-17,League Two,3620599,Swindon Town,Tranmere Rovers,0.4562899786780384,0.40298507462686567,0.14072494669509594,0,0,1,63,15,7,3,3,87,15,7,3,5,1,10,5,586,284,225,64,20,19,3,40,2,5,13,3,52,52,32,57,1,0,37,14,3,3,3,76,22,4,6,5,0,9,5,351,142,124,41,39,11,0,59,8,6,21,6,57,48,68,46,3,0
2021-08-17,League Two,3620600,Walsall,Scunthorpe United,0.47368421052631576,0.42665173572228443,0.09966405375139978,1,1,1,52,17,1,1,0,76,13,5,9,7,0,11,6,436,200,132,49,33,28,1,50,11,1,17,0,54,51,52,50,1,0,48,10,1,2,1,75,12,3,8,1,1,9,1,415,144,169,42,35,14,0,75,17,7,18,0,51,49,48,33,2,0
2021-08-21,League Two,3620601,Carlisle United,Leyton Orient,0.5320855614973262,0.32620320855614976,0.14171122994652408,1,1,1,46,7,2,1,0,59,13,4,4,1,1,4,3,335,89,108,35,16,33,0,60,2,1,19,1,53,42,41,29,0,0,54,5,2,1,0,60,13,4,2,1,0,4,1,396,131,106,33,31,26,0,61,9,1,20,1,74,58,59,100,5,0
2021-08-21,League Two,3620602,Exeter City,Bristol Rovers,0.5234741784037559,0.34976525821596244,0.1267605633802817,4,1,0,44,19,9,6,4,64,7,3,7,3,0,13,6,334,63,152,31,33,39,2,87,11,6,18,8,55,50,45,60,1,0,56,19,9,2,2,66,6,4,4,6,0,9,10,431,167,118,33,33,48,7,75,9,3,18,5,61,50,55,73,2,0
2021-08-21,League Two,3620603,Forest Green Rovers,Crawley Town,0.7553191489361702,0.1884498480243161,0.05623100303951368,6,3,0,65,19,11,7,4,81,6,7,7,1,1,13,6,527,244,181,47,35,20,0,85,7,2,6,1,50,52,46,44,1,0,35,10,4,2,0,66,12,4,4,2,0,8,2,292,97,96,41,13,18,3,48,7,1,21,5,51,48,54,80,2,0
2021-08-21,League Two,3620604,Harrogate Town,Barrow,0.578397212543554,0.30313588850174217,0.11846689895470383,2,1,0,51,13,6,1,1,67,8,7,2,5,0,7,6,360,93,147,38,10,32,2,44,9,2,27,3,58,52,48,20,1,0,49,13,4,3,3,69,15,4,7,2,0,8,5,349,127,115,43,40,17,3,90,9,5,29,4,59,48,52,100,3,0
2021-08-21,League Two,3620605,Hartlepool United,Walsall,0.5958549222797928,0.2979274611398964,0.10621761658031088,2,0,0,40,15,7,3,1,58,10,2,5,3,0,9,6,267,67,88,23,32,31,3,56,11,1,22,1,62,52,48,58,3,0,60,7,1,1,1,70,12,3,5,1,0,4,3,422,170,124,40,13,23,4,64,10,1,12,5,61,48,52,59,1,0
2021-08-21,League Two,3620606,Mansfield Town,Bradford City,0.45308924485125857,0.35697940503432496,0.18993135011441648,2,3,2,58,15,5,0,0,69,4,5,5,5,0,10,5,432,121,175,48,25,36,0,50,7,2,8,3,71,51,53,17,0,0,42,11,6,1,0,62,13,5,3,2,1,7,4,332,80,126,27,33,20,0,41,12,5,26,3,65,49,47,47,1,0
2021-08-21,League Two,3620607,Northampton Town,Rochdale,0.7017994858611826,0.2185089974293059,0.07969151670951156,1,3,2,50,11,3,1,1,70,16,4,3,5,0,7,4,385,160,108,33,45,35,1,50,11,3,11,2,50,35,55,44,2,0,50,13,5,4,1,74,8,4,5,3,0,10,3,380,148,132,35,32,15,0,67,9,5,25,2,60,65,45,91,0,0
2021-08-21,League Two,3620608,Oldham Athletic,Colchester United,0.4767025089605735,0.35842293906810035,0.16487455197132617,1,2,2,56,14,3,4,4,75,11,4,7,4,0,9,5,433,168,157,41,24,25,1,73,7,4,12,2,52,49,53,50,3,0,44,12,4,1,0,65,13,2,4,4,0,5,7,343,100,123,32,15,26,1,67,7,4,11,2,51,51,48,54,0,0
2021-08-21,League Two,3620609,Salford City,Swindon Town,0.5853658536585366,0.28780487804878047,0.12682926829268293,0,1,2,56,13,5,1,1,79,14,5,4,4,0,8,5,530,221,197,48,29,32,3,57,12,0,11,0,60,51,59,54,0,0,44,6,1,0,0,76,10,0,5,0,0,2,4,427,207,117,34,17,16,2,69,11,0,32,5,51,49,41,54,0,0
2021-08-21,League Two,3620612,Scunthorpe United,Sutton United,0.50187265917603,0.3333333333333333,0.1647940074906367,1,1,1,49,8,1,2,1,56,11,11,4,3,0,6,2,299,78,89,24,18,32,2,35,3,2,28,5,70,53,45,42,3,0,51,16,6,2,2,57,9,2,8,2,0,8,8,331,107,83,31,20,34,1,69,9,3,23,0,74,47,55,50,1,0
2021-08-21,League Two,3620613,Stevenage,Port Vale,0.5987460815047022,0.28213166144200624,0.11912225705329153,1,1,1,57,13,6,2,2,71,13,3,6,1,2,6,7,430,174,133,35,33,36,1,63,5,2,19,3,51,59,32,25,0,0,43,12,4,2,1,64,16,5,6,2,0,7,5,313,92,108,35,39,23,5,77,10,2,21,4,61,41,68,25,3,0
2021-08-21,League Two,3621203,Tranmere Rovers,Newport County,0.5333333333333333,0.3384615384615385,0.1282051282051282,0,1,2,56,11,5,0,0,76,15,5,3,3,0,6,5,413,173,142,49,18,34,0,67,10,3,28,2,51,59,59,88,2,0,44,12,3,2,1,69,10,6,6,3,2,8,4,333,123,107,27,29,32,0,80,10,3,32,6,35,41,41,57,1,0
2021-08-24,League Two,3620595,Leyton Orient,Harrogate Town,0.5636215334420881,0.32871125611745516,0.10766721044045677,0,2,2,60,9,3,1,1,66,11,3,4,2,0,7,2,470,193,117,43,22,33,0,58,2,1,7,2,82,52,58,57,3,0,40,10,4,3,1,55,13,4,5,1,0,7,3,321,64,112,23,11,31,1,58,9,1,24,3,65,48,42,50,1,0
2021-08-27,League Two,3620620,Rochdale,Colchester United,0.5175282234105764,0.37136066547831253,0.1111111111111111,1,1,1,60,16,2,3,2,79,3,5,9,5,1,13,3,501,171,226,42,35,19,0,57,3,5,19,1,41,62,45,58,0,0,40,12,1,1,1,72,8,7,6,5,0,8,4,331,130,107,39,18,22,4,55,5,4,14,1,33,38,55,27,3,0
2021-08-28,League Two,3620614,Barrow,Bristol Rovers,0.5069767441860465,0.33488372093023255,0.15813953488372093,1,1,1,36,10,4,1,1,60,16,3,5,1,1,5,5,226,62,74,31,17,21,1,75,5,0,34,5,46,47,55,38,4,1,64,12,6,1,1,73,16,9,5,1,0,8,4,386,136,146,35,30,28,0,45,3,1,19,3,46,53,45,56,2,0
2021-08-28,League Two,3620615,Crawley Town,Northampton Town,0.42168674698795183,0.3644578313253012,0.21385542168674698,0,0,1,46,10,3,0,0,55,12,2,5,2,0,5,5,331,73,108,28,13,24,2,63,10,4,31,4,66,52,46,43,1,0,54,15,4,1,1,62,10,6,6,5,0,9,6,373,103,129,40,27,29,2,78,9,2,13,3,71,48,54,50,1,0
2021-08-28,League Two,3620616,Forest Green Rovers,Port Vale,0.726962457337884,0.20022753128555176,0.07281001137656427,0,2,2,65,7,1,1,1,80,11,5,4,2,0,3,4,454,183,178,39,12,32,0,64,3,1,11,3,39,47,38,50,0,0,35,8,5,2,1,63,7,6,2,1,0,4,4,250,58,99,31,27,24,3,50,14,2,19,1,50,53,62,50,3,0
2021-08-28,League Two,3620617,Harrogate Town,Exeter City,0.5790598290598291,0.2606837606837607,0.16025641025641027,1,1,1,54,18,4,2,1,67,11,7,5,9,0,11,7,408,123,149,39,28,26,1,41,5,4,17,2,59,41,44,33,1,0,46,13,3,2,1,58,6,6,6,4,0,11,2,346,90,111,27,40,34,1,60,6,9,21,3,78,59,56,47,0,1
2021-08-28,League Two,3620618,Hartlepool United,Carlisle United,0.518324607329843,0.33507853403141363,0.14659685863874344,2,1,0,51,12,3,0,0,62,15,2,5,4,0,8,4,322,100,101,20,22,39,5,78,11,1,17,0,58,46,52,33,1,0,49,5,1,0,0,55,12,1,3,1,0,4,1,318,88,87,28,44,39,1,73,10,3,21,1,60,54,48,50,3,0
2021-08-28,League Two,3620619,Leyton Orient,Bradford City,0.28189300411522633,0.4094650205761317,0.30864197530864196,2,0,0,54,14,5,1,1,64,10,8,6,3,1,8,6,351,83,141,33,29,26,4,72,8,2,18,1,86,60,56,57,1,0,46,6,2,1,1,60,13,2,3,1,0,3,3,294,82,95,28,29,24,3,55,6,4,37,2,63,40,44,55,2,0
2021-08-28,League Two,3621204,Salford City,Newport County,0.48792270531400966,0.3333333333333333,0.178743961352657,3,0,0,53,16,5,6,5,70,15,2,10,1,2,10,6,428,159,142,30,0,18,1,75,14,6,14,5,52,48,44,83,4,0,47,15,5,0,0,69,12,2,4,6,1,7,8,371,148,107,46,13,32,5,86,5,1,5,2,61,52,56,70,3,0
2021-08-28,League Two,3620621,Scunthorpe United,Tranmere Rovers,0.4105960264900662,0.38079470198675497,0.20860927152317882,1,0,0,27,10,6,3,2,55,13,4,3,1,0,8,2,237,50,80,31,20,13,1,59,11,2,31,0,66,63,40,78,2,0,73,5,0,0,0,84,16,6,3,2,0,1,4,633,272,258,59,16,33,0,22,5,2,13,4,59,37,60,46,2,0
2021-08-28,League Two,3620622,Sutton United,Oldham Athletic,0.5319148936170213,0.3351063829787234,0.13297872340425532,1,2,2,46,16,2,2,1,58,15,7,10,4,1,11,5,267,62,92,32,20,28,0,63,6,2,20,2,69,58,56,67,2,0,54,12,4,1,0,69,15,4,6,2,0,6,6,327,108,116,37,17,24,1,71,9,4,35,1,52,42,44,58,3,0
2021-08-28,League Two,3620623,Swindon Town,Mansfield Town,0.5513513513513514,0.2756756756756757,0.17297297297297298,1,0,0,57,8,4,2,1,78,18,0,2,2,1,4,4,452,251,100,42,33,27,2,63,9,5,24,2,55,48,45,76,3,0,43,18,2,1,1,74,9,7,11,5,1,12,6,323,77,161,45,31,31,3,44,21,2,7,3,62,52,55,53,1,0
2021-08-28,League Two,3620624,Walsall,Stevenage,0.39481268011527376,0.38328530259365995,0.2219020172910663,1,0,0,38,7,1,0,0,58,17,4,4,2,0,5,2,299,82,90,22,33,27,1,94,12,3,23,1,51,49,42,50,1,0,62,10,1,1,1,73,11,6,6,3,0,4,6,483,225,129,40,19,37,1,82,5,2,15,0,59,51,58,67,1,0
2021-09-04,League Two,3620625,Bradford City,Walsall,0.5684681023973994,0.3522958147094677,0.07923608289313287,1,1,1,67,16,5,4,4,80,7,13,8,3,0,11,5,509,172,236,53,28,30,2,33,3,3,12,1,49,44,66,20,0,0,33,7,2,1,0,61,10,4,1,4,0,4,3,257,78,78,17,31,21,0,50,7,3,33,4,40,56,34,44,1,1
2021-09-04,League Two,3620626,Bristol Rovers,Crawley Town,0.48657909765848084,0.42033123929183325,0.0930896630496859,1,0,0,46,8,3,3,2,57,7,3,3,2,0,6,2,308,100,77,27,29,24,1,55,4,5,34,7,69,49,55,27,0,0,54,17,7,2,2,62,13,6,5,5,0,12,5,357,86,134,35,24,38,2,60,3,2,14,2,62,51,45,55,1,0
2021-09-04,League Two,3620627,Carlisle United,Salford City,0.40378006872852235,0.4599083619702176,0.13631156930126,2,1,0,37,13,7,1,0,51,15,4,3,3,0,9,4,281,62,82,30,24,22,3,40,6,4,15,3,68,48,47,60,3,0,63,13,4,4,4,73,8,3,4,5,0,11,2,482,213,138,46,26,34,2,50,13,3,24,5,75,52,53,44,2,0
2021-09-04,League Two,3620629,Exeter City,Forest Green Rovers,0.31283138918345704,0.47560975609756095,0.21155885471898198,0,0,1,52,12,0,1,1,63,13,4,8,4,0,7,5,352,86,134,41,6,33,1,70,13,2,21,3,64,55,56,54,1,0,48,10,3,2,2,63,6,4,5,2,0,6,4,336,109,101,33,33,41,2,56,8,4,17,0,51,45,44,36,0,0
2021-09-04,League Two,3620630,Mansfield Town,Harrogate Town,0.3594847775175644,0.446135831381733,0.19437939110070257,1,3,2,47,11,2,0,0,66,15,7,7,2,0,7,4,293,99,94,43,26,26,1,47,6,3,15,6,66,45,49,30,4,2,53,14,9,2,2,70,9,9,2,3,0,10,4,334,84,150,38,36,26,3,85,5,2,24,1,73,55,51,50,4,0
2021-09-04,League Two,3621205,Newport County,Leyton Orient,0.3684210526315789,0.45614035087719296,0.17543859649122806,2,2,1,59,9,5,2,0,71,10,2,3,1,0,8,1,452,203,117,37,24,18,0,67,13,5,17,4,49,52,33,60,2,0,41,14,6,2,2,56,6,4,3,5,0,7,7,318,71,108,41,29,28,1,89,12,1,21,3,72,48,67,40,2,0
2021-09-04,League Two,3620631,Northampton Town,Scunthorpe United,0.46590093323761667,0.42569992821249103,0.10839913854989232,2,0,0,54,22,7,6,4,70,13,8,9,6,1,16,6,364,133,121,52,46,29,2,50,8,4,12,1,64,54,67,43,1,0,46,5,1,0,0,62,9,6,0,4,0,5,0,319,108,90,34,17,22,1,67,7,8,31,3,42,46,33,29,2,1
2021-09-04,League Two,3620632,Oldham Athletic,Barrow,0.40283687943262414,0.4645390070921986,0.1326241134751773,0,3,2,63,8,5,0,0,79,11,10,3,0,0,3,5,402,181,137,46,25,27,3,44,8,3,19,0,49,50,55,53,0,0,37,10,3,2,1,69,15,4,4,3,0,7,3,234,83,78,39,24,22,0,50,9,0,25,5,46,50,45,60,1,0
2021-09-04,League Two,3620633,Port Vale,Rochdale,0.43745143745143744,0.4219114219114219,0.14063714063714064,2,3,2,51,15,3,2,1,70,10,6,9,3,0,8,7,423,151,147,51,33,19,1,73,9,0,8,3,71,53,56,69,1,0,49,9,6,2,0,75,11,0,3,0,0,6,3,410,155,153,41,27,18,3,63,9,2,26,1,61,48,44,54,2,0
2021-09-04,League Two,3620634,Stevenage,Swindon Town,0.3487423521414004,0.4636301835486064,0.1876274643099932,1,1,1,33,8,5,1,1,64,7,8,3,0,0,6,2,280,64,116,37,24,20,5,56,13,5,18,4,50,57,55,38,3,0,67,16,5,1,0,84,8,5,6,5,1,5,11,590,286,209,57,25,21,4,52,7,1,19,3,39,43,45,50,0,0
2021-09-04,League Two,3620635,Tranmere Rovers,Hartlepool United,0.3927007299270073,0.4240875912408759,0.18321167883211678,1,0,0,53,9,3,1,0,66,10,6,5,1,0,6,3,346,90,137,41,19,31,2,60,9,9,21,2,63,52,57,50,1,0,47,16,2,0,0,67,12,7,5,9,1,13,3,294,94,102,37,29,38,4,92,8,0,20,2,52,48,43,45,2,0
2021-09-10,League Two,3620636,Barrow,Colchester United,0.46975276170436614,0.40925828511309836,0.12098895318253551,2,3,2,55,19,5,4,2,72,14,8,8,6,0,10,9,340,94,152,47,15,26,1,73,8,3,14,0,53,50,45,67,1,1,45,10,3,2,0,61,10,5,4,3,0,7,3,288,99,77,26,23,19,0,80,4,7,38,2,59,50,55,20,5,1
2021-09-10,League Two,3621206,Harrogate Town,Newport County,0.5483558994197292,0.3491295938104449,0.10251450676982592,2,2,1,67,14,7,2,1,75,6,4,6,1,0,9,5,493,182,188,39,24,37,0,64,2,1,27,1,60,40,44,33,0,0,33,9,3,0,0,48,8,2,4,2,0,5,4,239,41,73,28,27,28,2,64,9,0,23,5,82,60,56,70,1,0
2021-09-11,League Two,3620637,Crawley Town,Carlisle United,0.3431372549019608,0.3946078431372549,0.2622549019607843,2,1,0,51,13,5,1,0,55,14,4,5,3,0,7,6,330,83,100,34,29,24,2,62,6,3,37,2,67,53,47,33,5,0,49,10,3,1,0,60,17,0,4,3,1,6,4,326,78,117,32,43,36,1,63,8,3,14,3,69,47,53,63,1,0
2021-09-11,League Two,3620638,Forest Green Rovers,Northampton Town,0.6086261980830671,0.28753993610223644,0.10383386581469649,1,0,0,52,10,6,2,1,64,13,4,3,1,0,6,4,362,109,122,24,9,23,1,56,10,3,26,1,59,46,44,55,1,0,48,7,1,0,0,59,12,4,3,3,0,3,4,332,79,118,38,25,34,2,35,7,1,17,4,73,54,56,60,2,0
2021-09-11,League Two,3620639,Hartlepool United,Bristol Rovers,0.5460526315789473,0.3048245614035088,0.14912280701754385,1,0,0,48,8,4,0,0,60,17,4,1,3,0,4,4,287,77,95,20,17,42,1,56,2,3,13,3,46,39,32,8,2,0,52,9,3,1,1,58,7,2,3,3,0,5,4,326,100,89,34,21,25,2,60,2,3,31,3,83,61,68,43,1,0
2021-09-11,League Two,3620640,Leyton Orient,Oldham Athletic,0.6927835051546392,0.21855670103092784,0.088659793814433,4,0,0,49,15,8,3,1,70,12,3,3,4,0,12,3,365,133,123,51,39,26,0,46,4,2,19,3,56,52,60,70,1,0,51,8,3,0,0,70,12,8,3,2,0,3,5,389,145,126,27,17,23,1,55,6,3,26,4,45,48,40,70,2,0
2021-09-11,League Two,3620641,Rochdale,Tranmere Rovers,0.5456919060052219,0.3237597911227154,0.13054830287206268,1,0,0,54,17,4,2,2,74,10,9,7,6,0,13,4,401,118,177,39,22,19,4,64,9,5,16,1,56,49,56,53,2,0,46,9,1,0,0,69,10,5,3,5,1,5,4,330,121,106,37,26,20,4,50,4,6,25,3,52,51,44,83,3,0
2021-09-11,League Two,3620642,Salford City,Bradford City,0.41458333333333336,0.37083333333333335,0.21458333333333332,1,0,0,53,12,3,3,2,77,10,5,8,1,0,7,5,457,177,174,44,17,14,3,60,18,8,23,4,61,53,40,38,1,0,47,19,4,2,2,70,15,2,7,8,0,14,5,400,94,185,51,22,22,0,45,8,1,14,2,72,47,60,56,3,0
2021-09-11,League Two,3620643,Scunthorpe United,Exeter City,0.3503184713375796,0.40445859872611467,0.24522292993630573,0,4,2,54,7,1,0,0,66,5,5,5,1,0,6,1,366,145,96,28,31,32,4,56,12,3,16,4,68,56,54,60,1,0,46,14,8,4,0,62,13,4,3,3,0,10,4,318,67,131,31,13,34,2,60,12,1,19,1,56,44,46,50,1,0
2021-09-11,League Two,3620644,Sutton United,Stevenage,0.43843843843843844,0.32732732732732733,0.23423423423423423,2,1,0,43,18,4,4,2,64,7,1,7,7,0,11,7,336,87,129,41,40,34,2,70,14,1,7,4,42,49,46,83,2,0,57,9,5,1,0,73,8,6,3,1,0,7,2,443,226,98,40,15,36,2,36,7,6,19,2,47,51,54,17,2,1
2021-09-11,League Two,3620645,Swindon Town,Port Vale,0.643956043956044,0.24395604395604395,0.11208791208791209,1,2,2,61,11,5,1,0,79,8,3,1,5,1,4,7,505,236,165,43,0,21,0,89,3,1,29,5,42,63,17,100,4,0,39,12,7,1,0,71,10,12,4,1,1,8,4,308,87,132,42,20,22,2,83,16,5,20,4,41,37,83,60,1,0
2021-09-11,League Two,3620646,Walsall,Mansfield Town,0.4114285714285714,0.36857142857142855,0.22,3,1,0,40,10,6,2,0,56,17,9,3,1,1,7,3,227,49,79,31,13,36,1,90,9,1,23,5,39,39,40,40,1,0,60,10,6,2,1,70,11,3,3,1,0,8,2,358,98,152,41,29,40,1,88,8,1,26,3,60,61,60,29,2,0
2021-09-14,League Two,3621202,Newport County,Northampton Town,0.4421168687982359,0.4189636163175303,0.13891951488423374,0,1,2,55,9,1,0,0,68,12,5,7,1,0,4,5,395,176,93,38,18,24,0,73,10,4,16,2,51,53,38,100,1,0,45,10,3,2,1,58,13,2,2,5,0,7,3,326,75,114,43,26,29,0,83,9,1,25,1,63,47,62,75,3,0
2021-09-14,League Two,3620598,Sutton United,Hartlepool United,0.3826305852737571,0.4505978602894902,0.16677155443675268,1,0,0,52,19,7,1,0,64,8,10,8,4,0,12,7,294,98,91,44,38,35,3,77,16,1,13,2,67,73,62,0,2,0,48,4,3,1,1,62,17,5,1,0,0,4,0,279,92,80,25,27,31,1,60,9,4,39,6,34,28,38,0,3,0
2021-09-18,League Two,3620653,Northampton Town,Swindon Town,0.5017921146953405,0.3709677419354839,0.12724014336917563,1,1,1,40,18,5,2,2,68,8,6,11,2,1,14,4,309,107,102,43,38,19,5,62,6,5,8,2,63,61,53,36,4,0,60,13,3,1,1,83,13,3,5,5,1,11,2,476,229,167,64,27,20,4,55,4,2,23,4,46,39,47,42,1,0
2021-09-18,League Two,3620647,Bradford City,Barrow,0.6042031523642732,0.28896672504378285,0.10683012259194395,1,1,1,56,26,3,1,0,81,14,8,12,11,0,15,11,378,131,176,60,32,27,0,50,11,5,30,2,52,44,58,55,3,0,44,14,3,1,1,72,11,5,6,5,0,6,8,297,100,113,43,16,21,2,74,17,11,20,2,54,56,43,67,4,0
2021-09-18,League Two,3620648,Bristol Rovers,Leyton Orient,0.34265734265734266,0.4149184149184149,0.24242424242424243,1,3,2,60,9,1,1,0,65,11,4,4,4,0,6,3,433,157,125,40,55,33,2,79,9,4,11,0,66,61,51,36,2,0,40,7,3,1,0,59,20,4,0,4,0,5,2,281,72,94,39,18,33,0,67,13,4,26,0,51,39,49,0,6,0
2021-09-18,League Two,3620649,Carlisle United,Scunthorpe United,0.6619385342789598,0.2647754137115839,0.07328605200945626,2,2,1,56,12,4,1,0,63,11,4,5,3,0,5,7,406,123,134,29,32,37,2,75,7,3,6,2,87,56,53,57,0,0,44,9,4,2,0,56,13,2,1,4,0,6,3,321,72,107,30,15,24,2,56,11,3,23,2,74,44,47,22,3,0
2021-09-18,League Two,3620650,Colchester United,Crawley Town,0.584958217270195,0.3147632311977716,0.10027855153203342,0,1,2,56,13,4,0,0,74,13,8,5,4,0,9,4,442,170,159,34,5,19,2,59,4,2,11,5,68,54,57,38,1,0,44,15,6,1,1,68,12,6,7,2,0,13,2,356,75,167,37,38,19,0,79,9,4,25,4,55,46,43,31,4,0
2021-09-18,League Two,3620651,Exeter City,Sutton United,0.6204819277108434,0.2891566265060241,0.09036144578313253,2,0,0,54,15,7,4,3,64,11,3,2,6,0,11,4,363,84,149,34,0,24,1,80,14,9,40,1,52,48,44,71,0,0,46,18,2,4,4,53,7,14,7,9,1,11,7,291,70,83,32,36,30,2,63,10,7,8,5,61,52,56,33,0,0
2021-09-18,League Two,3620652,Mansfield Town,Rochdale,0.41421568627450983,0.40441176470588236,0.18137254901960784,1,1,1,42,10,5,1,1,62,13,2,3,2,0,7,3,301,68,120,43,24,28,2,61,11,3,17,2,64,53,61,40,4,0,58,11,3,1,1,74,10,9,5,3,0,8,3,429,164,153,48,42,34,2,82,7,2,14,4,49,47,39,50,0,0
2021-09-18,League Two,3621207,Newport County,Walsall,0.5256064690026954,0.3584905660377358,0.11590296495956873,2,1,0,48,22,8,2,2,74,12,3,6,8,0,14,8,367,152,119,29,30,22,1,69,6,2,17,1,42,47,26,86,1,0,52,8,2,0,0,74,12,2,3,3,1,7,1,397,148,147,36,27,16,1,56,5,8,16,6,62,53,74,63,0,0
2021-09-18,League Two,3620654,Oldham Athletic,Hartlepool United,0.28854625550660795,0.43392070484581496,0.2775330396475771,0,0,1,51,16,2,2,2,67,14,10,6,8,0,10,6,344,84,147,35,25,30,3,42,7,3,20,2,51,46,49,50,2,0,49,11,2,0,0,65,12,1,6,3,1,6,5,317,94,113,44,26,31,1,59,7,9,18,1,56,54,51,25,3,0
2021-09-18,League Two,3620655,Port Vale,Harrogate Town,0.3861788617886179,0.37601626016260165,0.23780487804878048,2,0,0,49,15,5,1,1,69,8,4,6,4,0,13,2,389,121,148,29,33,30,2,83,12,3,26,1,69,50,63,67,2,0,51,6,1,1,1,70,12,4,2,3,0,5,1,399,147,132,35,20,29,0,57,6,4,36,4,52,50,37,67,2,1
2021-09-18,League Two,3620656,Stevenage,Forest Green Rovers,0.23800738007380073,0.4225092250922509,0.33948339483394835,0,4,2,47,15,2,0,0,73,12,7,8,5,0,4,11,343,152,97,33,27,24,2,67,8,3,15,2,44,53,40,64,2,0,53,18,6,5,2,76,12,4,9,3,0,17,1,401,149,154,39,21,23,0,36,7,5,15,2,45,47,60,62,4,0
2021-09-18,League Two,3620657,Tranmere Rovers,Salford City,0.45161290322580644,0.36228287841191065,0.18610421836228289,2,0,0,58,12,7,3,1,81,9,2,2,3,0,9,3,507,230,182,62,20,29,3,63,6,1,14,3,56,52,55,75,2,1,42,9,3,0,0,77,13,4,5,1,0,3,6,359,136,139,37,6,27,1,78,7,3,10,5,49,48,45,50,2,1
2021-09-21,League Two,3620583,Crawley Town,Harrogate Town,0.3532934131736527,0.4422583404619333,0.20444824636441403,2,2,1,38,7,2,2,0,55,10,4,1,4,0,5,2,302,88,79,26,22,24,0,58,12,4,30,4,69,58,49,45,2,1,62,13,5,2,2,71,9,9,4,4,0,8,5,497,146,205,38,30,31,1,60,9,4,14,0,61,42,51,25,1,0
2021-09-24,League Two,3621208,Barrow,Newport County,0.4232981783317354,0.4161073825503356,0.16059443911792906,2,1,0,56,21,7,0,0,78,10,9,6,8,0,6,15,349,114,159,62,5,19,1,53,7,2,20,4,48,58,59,67,0,0,44,13,5,0,0,67,10,7,6,2,0,9,4,272,99,82,33,39,26,0,78,6,8,22,5,34,42,41,40,1,0
2021-09-25,League Two,3620658,Crawley Town,Bradford City,0.33423180592991913,0.41778975741239893,0.24797843665768193,2,1,0,40,13,3,1,0,53,14,1,5,5,1,10,3,304,75,87,27,35,29,0,73,11,3,25,1,79,60,45,36,1,0,60,10,2,2,1,70,17,3,5,3,0,6,4,465,158,168,33,17,25,2,75,5,5,16,2,77,40,55,43,3,0
2021-09-25,League Two,3620659,Forest Green Rovers,Tranmere Rovers,0.6348547717842323,0.2710926694329184,0.09405255878284924,0,0,1,54,23,5,1,1,76,17,8,10,8,1,16,7,412,144,168,54,55,21,1,50,12,6,6,4,52,37,63,50,3,0,46,17,4,1,1,72,12,4,7,6,1,9,8,357,115,141,38,20,22,2,50,11,7,29,5,60,63,37,82,2,1
2021-09-25,League Two,3620660,Harrogate Town,Stevenage,0.6607142857142857,0.24107142857142858,0.09821428571428571,0,0,1,59,8,1,0,0,69,7,8,5,2,0,6,2,431,139,158,36,15,40,2,58,8,7,25,3,87,52,59,42,1,0,41,13,5,0,0,53,18,7,2,6,0,10,3,308,61,103,30,36,32,0,59,5,2,20,1,68,48,41,20,3,0
2021-09-25,League Two,3620661,Hartlepool United,Exeter City,0.45454545454545453,0.3443526170798898,0.20110192837465565,1,1,1,50,8,3,1,1,57,11,11,3,2,0,6,2,329,88,99,38,16,37,2,60,10,2,9,2,68,60,53,100,1,0,50,9,3,2,1,55,12,4,4,2,0,7,2,351,59,135,26,56,31,4,100,11,2,30,2,54,40,47,67,2,0
2021-09-25,League Two,3620662,Leyton Orient,Mansfield Town,0.6925858951175407,0.2206148282097649,0.0867992766726944,0,0,1,57,16,4,2,2,55,11,7,6,6,1,11,5,329,64,116,33,13,36,4,100,7,0,18,2,67,50,65,50,3,0,43,4,2,0,0,43,11,4,2,0,0,1,3,256,38,73,21,0,26,1,88,13,6,22,4,46,50,35,42,2,1
2021-09-25,League Two,3620663,Rochdale,Oldham Athletic,0.5980582524271845,0.2970873786407767,0.10485436893203884,0,1,2,67,8,2,1,1,80,5,7,3,3,2,6,2,510,182,225,44,11,31,1,62,3,4,18,2,47,50,42,44,1,0,33,12,3,0,0,62,11,6,5,4,0,10,2,253,84,74,25,23,31,3,77,6,3,34,2,55,50,58,60,1,0
2021-09-25,League Two,3620664,Salford City,Northampton Town,0.48104956268221577,0.30903790087463556,0.2099125364431487,2,2,1,62,8,5,1,0,73,10,5,2,1,0,6,2,465,179,160,52,27,23,3,67,10,1,11,1,71,50,58,70,2,0,38,9,3,2,0,57,9,3,4,2,0,7,2,292,85,82,33,27,19,1,50,12,0,30,3,58,50,42,67,1,0
2021-09-25,League Two,3620665,Scunthorpe United,Port Vale,0.36619718309859156,0.34507042253521125,0.2887323943661972,0,1,2,47,12,5,0,0,68,17,3,3,4,0,6,6,330,86,138,35,32,29,0,55,7,4,28,3,49,40,44,40,1,0,53,10,4,0,0,70,9,7,2,4,0,6,4,398,130,148,35,17,22,2,67,4,5,24,4,66,60,56,56,1,0
2021-09-25,League Two,3620666,Sutton United,Carlisle United,0.4927536231884058,0.32608695652173914,0.18115942028985507,4,0,0,50,18,8,3,2,50,12,7,6,4,0,14,4,304,77,74,38,38,33,1,55,10,6,19,7,65,53,61,60,1,0,50,19,7,0,0,51,11,8,6,6,0,12,7,298,59,94,22,21,31,2,55,8,5,10,3,49,47,39,33,1,1
2021-09-25,League Two,3620667,Swindon Town,Colchester United,0.5650887573964497,0.3106508875739645,0.1242603550295858,0,0,1,69,18,6,1,1,85,7,5,8,4,0,10,8,653,315,240,62,10,31,1,67,5,1,13,3,39,38,58,44,1,0,31,9,3,0,0,66,7,2,5,1,0,5,4,286,103,87,25,17,16,3,56,13,4,20,6,50,62,42,53,0,0
2021-09-25,League Two,3620668,Walsall,Bristol Rovers,0.5623100303951368,0.3009118541033435,0.13677811550151975,1,2,2,36,12,2,3,3,65,15,0,5,5,0,7,5,260,89,81,27,22,26,1,92,11,7,21,1,36,39,48,27,2,0,64,15,3,1,0,76,7,10,5,7,0,10,5,454,198,147,39,25,29,2,76,13,5,10,1,50,61,52,27,2,0
2021-10-02,League Two,3620669,Bradford City,Rochdale,0.5474956822107081,0.31088082901554404,0.14162348877374784,2,0,0,42,16,6,2,0,68,12,3,5,5,0,12,4,354,120,121,33,20,23,2,56,11,3,25,1,63,44,55,38,3,0,58,15,1,4,4,76,7,6,11,3,0,13,2,477,177,185,41,35,21,0,52,9,5,15,5,65,56,45,44,0,0
2021-10-02,League Two,3620670,Bristol Rovers,Swindon Town,0.4081145584725537,0.29594272076372313,0.29594272076372313,1,3,2,36,5,3,1,0,76,15,2,1,1,0,4,1,306,154,79,40,30,22,2,73,11,3,23,6,43,46,52,50,2,1,64,16,9,3,1,86,12,8,3,4,0,11,5,545,205,261,59,21,25,2,82,9,1,6,2,47,54,48,38,0,0
2021-10-02,League Two,3620671,Carlisle United,Forest Green Rovers,0.232,0.2768,0.4912,0,2,2,46,14,1,1,1,58,11,4,6,7,0,8,6,308,80,99,42,27,29,1,67,6,3,16,4,62,49,45,50,2,0,54,14,6,3,2,63,13,6,5,3,0,12,2,366,131,98,33,44,28,1,50,11,7,19,1,68,51,55,45,1,0
2021-10-02,League Two,3620672,Colchester United,Salford City,0.4733893557422969,0.2913165266106443,0.23529411764705882,0,2,2,51,9,3,0,0,71,13,3,4,2,0,6,3,405,149,137,40,26,25,3,55,6,1,14,6,56,46,51,20,1,0,49,17,8,3,1,73,18,3,8,1,1,13,4,387,113,168,34,36,24,2,75,11,2,22,3,60,54,49,50,2,1
2021-10-02,League Two,3620673,Exeter City,Walsall,0.6147260273972602,0.2671232876712329,0.11815068493150685,2,2,1,47,9,4,1,1,55,11,2,3,2,1,6,3,336,78,107,15,43,22,1,65,15,3,17,2,46,57,39,0,1,0,53,13,4,2,1,64,9,3,6,3,0,9,4,371,145,94,30,19,47,2,70,12,2,6,2,46,43,61,20,1,0
2021-10-02,League Two,3620674,Mansfield Town,Barrow,0.5167095115681234,0.2827763496143959,0.20051413881748073,0,1,2,56,16,3,1,1,67,12,3,10,3,0,6,10,351,78,158,33,24,32,0,50,4,5,17,4,56,46,58,23,4,1,44,13,6,5,4,56,13,5,3,4,1,11,2,281,79,78,30,33,30,1,46,7,3,28,3,51,54,42,40,5,0
2021-10-02,League Two,3621209,Newport County,Scunthorpe United,0.6313465783664459,0.2560706401766004,0.11258278145695365,3,0,0,52,16,5,0,0,75,5,5,7,4,2,6,10,410,165,144,43,25,27,3,60,10,2,20,2,62,54,55,57,0,0,48,11,2,1,1,68,16,5,7,2,0,6,5,375,113,141,28,10,15,1,45,6,4,16,2,52,46,45,25,1,0
2021-10-02,League Two,3620675,Northampton Town,Sutton United,0.5916230366492147,0.22774869109947643,0.1806282722513089,0,2,2,52,10,0,0,0,55,13,4,5,5,0,6,4,299,73,92,40,16,34,0,80,7,3,20,5,60,46,44,40,4,0,48,16,7,2,1,58,9,4,6,3,0,13,3,279,65,96,24,50,26,2,82,7,5,24,0,73,54,56,67,1,0
2021-10-02,League Two,3620676,Oldham Athletic,Harrogate Town,0.27292576419213976,0.2925764192139738,0.4344978165938865,1,2,2,58,7,2,1,1,70,9,2,3,2,2,5,2,461,159,165,41,30,38,0,54,6,3,14,2,55,50,51,55,0,0,42,11,4,1,0,59,9,8,4,3,0,8,3,336,88,109,30,30,17,2,69,11,1,26,1,54,50,49,50,1,0
2021-10-02,League Two,3620677,Port Vale,Leyton Orient,0.40176600441501104,0.2891832229580574,0.3090507726269316,3,2,0,50,15,5,5,2,64,11,2,6,4,0,9,6,357,118,111,26,33,28,2,73,14,2,16,3,56,53,33,69,2,0,50,12,4,0,0,60,7,3,6,2,0,5,7,353,79,132,40,21,23,1,42,14,4,8,2,78,47,67,50,4,0
2021-10-02,League Two,3620678,Stevenage,Hartlepool United,0.3812316715542522,0.2873900293255132,0.3313782991202346,2,0,0,34,10,6,4,3,60,11,3,2,2,0,9,1,298,66,114,36,25,35,6,70,10,6,15,4,40,44,44,36,2,0,66,18,4,2,2,80,10,5,7,7,0,8,10,570,236,221,41,35,31,3,42,8,2,12,4,51,56,56,45,0,0
2021-10-02,League Two,3620679,Tranmere Rovers,Crawley Town,0.5409836065573771,0.24863387978142076,0.2103825136612022,2,1,0,57,16,4,4,2,76,11,3,7,5,0,9,7,501,240,142,49,30,28,2,60,2,3,18,2,53,46,53,70,2,0,43,12,3,2,1,65,12,4,6,3,1,5,7,373,106,135,36,24,21,1,80,6,5,14,2,54,54,47,100,2,0
2021-10-08,League Two,3620689,Tranmere Rovers,Colchester United,0.5262869660460022,0.3384446878422782,0.13526834611171962,2,0,0,61,15,4,2,1,81,11,9,4,7,1,10,5,483,194,196,61,21,26,3,58,10,5,12,1,63,53,61,59,0,0,39,11,1,2,2,67,16,2,5,5,0,6,5,311,100,107,28,23,24,3,67,9,7,23,3,49,47,39,14,3,0
2021-10-09,League Two,3620682,Forest Green Rovers,Swindon Town,0.5289906943450251,0.33285612025769507,0.1381531853972799,0,2,2,54,11,7,5,5,78,9,10,3,1,0,8,3,403,174,141,46,21,14,3,67,6,4,14,3,49,47,57,27,2,0,46,12,5,1,0,78,14,8,3,4,0,9,3,336,150,113,44,24,28,3,72,10,0,21,7,50,53,43,50,1,0
2021-10-09,League Two,3620680,Barrow,Leyton Orient,0.35070140280561124,0.45390781563126253,0.19539078156312625,1,1,1,50,11,2,2,1,59,8,9,7,2,1,9,2,330,115,79,29,29,26,2,75,7,4,23,4,50,46,41,50,0,0,50,13,5,2,1,54,10,5,3,5,0,8,5,343,70,116,30,33,25,0,60,6,3,22,0,66,54,59,57,2,0
2021-10-09,League Two,3620681,Bristol Rovers,Carlisle United,0.4347319347319347,0.4364801864801865,0.12878787878787878,3,0,0,58,7,4,3,0,65,19,2,2,1,0,4,3,362,140,97,36,25,35,4,53,6,5,23,3,71,59,45,67,4,0,42,12,4,1,1,59,21,4,4,4,0,7,5,247,57,88,39,14,31,2,67,6,1,8,1,66,41,55,33,6,0
2021-10-09,League Two,3620683,Harrogate Town,Scunthorpe United,0.5373134328358209,0.37100213219616207,0.09168443496801706,6,1,0,62,14,9,6,2,71,8,3,1,4,1,10,4,442,148,167,38,24,32,2,92,5,7,23,0,67,56,47,50,0,0,38,11,1,0,0,48,14,5,3,7,0,5,6,261,53,71,27,29,27,1,75,11,3,12,3,65,44,53,75,1,1
2021-10-09,League Two,3620684,Hartlepool United,Northampton Town,0.40426867545511613,0.4500941619585687,0.14563716258631512,2,1,0,54,13,4,3,2,70,12,3,3,6,0,12,1,359,127,123,37,29,28,0,78,4,1,36,5,48,43,42,40,1,0,46,11,6,0,0,68,14,7,4,1,0,7,4,301,81,124,50,21,35,6,59,9,6,22,2,64,57,58,60,2,0
2021-10-09,League Two,3620685,Mansfield Town,Oldham Athletic,0.4331476323119777,0.43036211699164345,0.13649025069637882,0,0,1,51,11,4,0,0,65,10,3,3,4,0,9,2,386,119,131,35,17,28,1,67,8,0,23,3,70,57,56,29,3,0,49,8,3,2,2,68,15,2,5,0,1,6,2,378,124,132,38,24,27,1,56,5,4,16,4,54,43,44,57,2,0
2021-10-09,League Two,3621210,Newport County,Bradford City,0.43000557724484106,0.43669827105409925,0.13329615170105968,0,0,1,58,19,4,2,2,77,12,7,9,6,1,12,7,394,159,145,58,22,22,1,94,2,3,23,3,56,42,45,50,2,0,42,9,3,0,0,67,12,5,3,3,0,3,6,285,62,129,42,16,19,2,80,9,8,31,2,73,58,55,62,3,0
2021-10-09,League Two,3620686,Rochdale,Crawley Town,0.43820224719101125,0.44644194756554306,0.11535580524344569,0,1,2,51,12,3,1,1,69,7,9,6,3,0,7,5,429,134,161,37,16,29,1,69,7,6,24,1,70,54,70,46,0,0,49,13,2,1,0,71,9,4,5,6,1,9,4,418,113,184,37,14,19,2,53,11,3,26,3,43,46,30,33,4,0
2021-10-09,League Two,3620687,Stevenage,Exeter City,0.306,0.4633333333333333,0.23066666666666666,2,2,1,48,12,3,4,2,68,7,1,6,3,0,8,4,371,141,111,33,17,28,3,58,8,2,15,5,66,63,38,50,2,0,52,14,7,3,2,71,19,4,5,2,1,11,3,405,128,159,43,38,33,5,54,10,3,16,1,66,38,62,31,4,0
2021-10-09,League Two,3620688,Sutton United,Port Vale,0.3316862260654725,0.4484249536751081,0.2198888202594194,4,3,0,49,13,6,0,0,60,12,4,2,5,0,7,6,306,77,107,43,24,30,0,70,9,2,27,4,67,47,60,44,1,0,51,11,7,1,0,64,10,7,2,2,0,9,2,322,81,125,31,29,27,2,64,6,5,39,3,56,53,40,40,5,0
2021-10-09,League Two,3620690,Walsall,Salford City,0.34444444444444444,0.43194444444444446,0.22361111111111112,2,1,0,44,16,6,1,1,66,9,2,6,4,0,9,7,384,153,101,29,7,27,0,100,6,3,15,1,50,42,56,50,2,0,56,7,2,1,0,77,8,4,2,3,0,4,3,484,175,197,48,18,21,1,61,13,4,27,4,52,58,44,60,2,0
2021-10-16,League Two,3620691,Bradford City,Bristol Rovers,0.5546995377503852,0.28659476117103233,0.15870570107858242,2,2,1,47,18,4,3,1,71,12,6,8,6,0,14,4,339,88,151,35,40,32,2,59,7,4,14,2,61,51,53,25,0,0,53,9,4,1,0,72,8,4,1,4,0,6,3,397,201,84,34,38,34,1,76,9,6,23,2,57,49,47,67,4,0
2021-10-16,League Two,3620692,Carlisle United,Tranmere Rovers,0.3319587628865979,0.2639175257731959,0.4041237113402062,0,1,2,40,18,2,1,1,65,14,7,7,9,0,8,10,343,94,129,37,21,25,2,57,11,2,9,4,45,47,54,50,1,0,60,9,4,1,1,81,8,2,3,2,0,3,6,534,269,161,48,21,22,4,55,12,9,28,2,45,53,46,80,2,0
2021-10-16,League Two,3620693,Colchester United,Harrogate Town,0.2450532724505327,0.2678843226788432,0.487062404870624,1,0,0,49,10,1,1,0,56,11,3,6,3,1,5,5,333,76,109,28,29,31,2,60,9,3,21,4,64,51,51,56,1,0,51,13,4,1,1,59,15,9,5,4,1,9,4,348,80,126,29,15,20,3,44,5,3,24,0,62,49,49,60,2,0
2021-10-16,League Two,3620694,Crawley Town,Sutton United,0.3657289002557545,0.30434782608695654,0.329923273657289,0,1,2,56,7,4,1,1,63,16,6,0,3,0,5,2,411,96,164,37,7,43,3,60,7,0,30,5,52,42,45,17,0,0,44,13,6,0,0,54,11,7,2,5,0,8,5,312,65,104,37,35,25,0,76,12,0,24,4,68,58,55,50,0,0
2021-10-16,League Two,3621211,Exeter City,Newport County,0.5189393939393939,0.3068181818181818,0.17424242424242425,2,2,1,52,15,4,0,0,74,7,4,6,5,0,6,9,435,105,217,35,13,28,2,75,13,2,17,4,47,54,42,33,2,0,48,11,6,0,0,66,13,3,2,3,0,4,7,401,158,108,24,14,31,1,85,8,5,19,2,51,46,58,100,1,0
2021-10-16,League Two,3620695,Leyton Orient,Walsall,0.612,0.266,0.122,0,0,1,49,6,0,0,0,62,17,2,5,1,0,2,4,321,86,113,46,9,35,2,71,8,3,19,2,43,40,57,50,2,0,51,7,2,0,0,57,9,7,2,3,0,5,2,318,100,81,25,25,22,3,80,12,1,17,0,50,60,43,38,0,0
2021-10-16,League Two,3620697,Northampton Town,Mansfield Town,0.5388471177944862,0.2832080200501253,0.17794486215538846,2,0,0,51,8,3,1,1,61,12,5,4,1,1,5,3,348,98,114,48,17,34,0,52,5,2,27,2,77,59,52,40,2,0,49,8,2,0,0,59,14,3,4,2,0,6,2,337,97,102,34,42,45,1,64,9,1,19,1,61,41,48,23,3,0
2021-10-16,League Two,3620698,Oldham Athletic,Stevenage,0.36649214659685864,0.3298429319371728,0.3036649214659686,3,0,0,36,9,3,1,0,64,9,4,5,1,1,4,5,340,116,102,26,44,14,2,43,11,5,27,2,53,50,54,44,2,0,64,16,2,0,0,80,8,5,9,5,1,11,5,576,242,218,38,24,32,0,82,10,1,4,0,49,50,46,46,0,0
2021-10-16,League Two,3620699,Port Vale,Barrow,0.5876685934489403,0.2697495183044316,0.14258188824662812,3,1,0,52,10,4,2,0,82,8,3,2,4,1,8,2,453,156,217,47,25,24,2,77,7,5,13,0,49,51,50,54,0,0,48,10,1,0,0,85,13,3,4,5,0,4,6,407,201,146,39,22,14,2,57,6,4,18,2,48,49,50,80,1,0
2021-10-16,League Two,3620700,Salford City,Hartlepool United,0.4793926247288503,0.28633405639913234,0.23427331887201736,2,0,0,49,13,5,2,2,69,8,5,6,2,0,5,8,386,129,137,44,14,23,4,60,10,0,15,1,74,59,56,50,3,0,51,5,1,0,0,70,7,1,4,0,0,2,3,405,161,124,46,15,28,2,69,6,2,27,3,56,41,44,33,2,0
2021-10-16,League Two,3620701,Scunthorpe United,Forest Green Rovers,0.20053120849933598,0.26294820717131473,0.5365205843293492,0,2,2,35,7,3,0,0,51,19,5,3,1,0,5,2,199,37,65,47,27,25,3,61,9,3,22,1,66,47,60,43,5,0,65,10,4,2,0,73,15,7,4,2,1,7,3,377,128,147,46,29,34,1,80,1,1,18,3,59,53,40,50,5,0
2021-10-16,League Two,3620702,Swindon Town,Rochdale,0.631578947368421,0.25,0.11842105263157894,2,2,1,64,19,6,2,1,81,9,8,7,6,0,10,9,593,268,215,46,9,26,0,60,4,3,12,2,49,58,52,75,1,0,36,9,4,2,1,60,8,3,2,3,0,6,3,333,89,112,28,33,25,2,43,7,6,21,4,39,42,48,33,2,0
2021-10-19,League Two,3620703,Barrow,Scunthorpe United,0.5645624103299857,0.32209469153515063,0.1133428981348637,1,1,1,81,16,6,1,1,88,10,5,4,6,2,9,7,704,219,401,79,21,37,1,11,2,1,6,3,48,51,63,57,1,0,19,10,4,1,1,47,17,3,5,1,0,6,4,162,31,45,13,25,19,0,50,12,6,35,5,40,49,37,50,4,0
2021-10-19,League Two,3620704,Bradford City,Hartlepool United,0.4770797962648557,0.3633276740237691,0.15959252971137522,1,3,2,48,14,3,0,0,65,14,6,8,3,0,8,6,351,74,154,36,19,34,3,67,11,2,14,2,67,49,55,33,2,0,52,9,4,1,0,65,10,4,3,2,0,8,1,388,132,121,40,26,31,0,54,6,3,20,2,61,51,45,43,0,0
2021-10-19,League Two,3620705,Colchester United,Bristol Rovers,0.43498817966903075,0.38416075650118203,0.18085106382978725,1,1,1,44,17,3,1,1,68,19,9,7,7,0,9,8,286,119,76,32,31,29,0,77,5,2,3,2,48,48,44,42,4,1,56,12,3,1,1,74,12,5,7,2,0,5,7,401,171,127,45,36,18,1,91,3,7,23,2,55,52,56,25,1,2
2021-10-19,League Two,3620706,Crawley Town,Exeter City,0.32760595647193586,0.4215349369988545,0.2508591065292096,1,3,2,50,8,2,1,0,57,12,4,2,4,0,4,4,350,95,105,26,17,40,3,40,8,3,21,3,59,53,48,50,1,1,50,12,6,3,1,63,14,5,3,3,1,10,2,353,91,133,25,21,27,2,56,10,4,32,1,58,47,52,78,2,0
2021-10-19,League Two,3620707,Harrogate Town,Tranmere Rovers,0.48293515358361777,0.33447098976109213,0.1825938566552901,2,2,1,46,12,4,3,1,64,10,5,3,5,0,10,2,344,69,150,36,24,31,0,71,14,5,14,2,54,53,46,82,0,0,54,15,5,5,3,67,17,4,6,4,2,12,3,401,120,149,40,33,29,1,69,7,5,20,2,54,47,54,71,1,0
2021-10-19,League Two,3620708,Leyton Orient,Forest Green Rovers,0.29201331114808654,0.3627287853577371,0.3452579034941764,1,1,1,53,13,2,0,0,67,14,2,9,2,0,9,4,352,108,127,42,27,27,0,92,11,2,18,1,44,50,43,60,1,0,47,6,3,1,0,61,9,6,2,1,0,4,2,310,81,109,35,18,25,2,75,11,2,18,1,51,50,57,40,1,0
2021-10-19,League Two,3620709,Mansfield Town,Port Vale,0.3149532710280374,0.33457943925233646,0.35046728971962615,1,1,1,59,19,6,1,1,70,8,9,8,5,0,13,6,422,111,185,28,19,36,2,85,11,3,16,0,61,53,40,43,1,0,41,6,1,0,0,57,12,1,2,3,1,4,2,305,83,90,28,38,41,1,64,15,4,32,5,67,47,60,33,2,0
2021-10-19,League Two,3621212,Newport County,Carlisle United,0.5265265265265265,0.34434434434434436,0.12912912912912913,2,2,1,59,15,4,0,0,77,10,6,7,4,1,7,8,422,200,124,40,31,18,2,50,1,7,22,6,58,62,60,88,1,2,41,19,9,2,0,68,10,7,3,7,0,12,7,284,96,96,32,32,24,4,56,7,4,15,2,37,38,40,55,2,0
2021-10-19,League Two,3620710,Northampton Town,Stevenage,0.537712895377129,0.3418491484184915,0.12043795620437957,3,0,0,52,7,4,1,0,61,11,9,0,3,0,4,3,347,109,101,38,24,33,3,30,7,0,27,2,72,47,70,50,1,0,48,3,2,0,0,57,11,5,1,0,0,1,2,334,92,97,20,17,35,1,61,13,3,20,1,51,53,30,56,4,0
2021-10-19,League Two,3620711,Oldham Athletic,Walsall,0.4116915422885572,0.39676616915422885,0.19154228855721392,1,3,2,54,9,4,1,1,73,10,4,1,4,0,6,3,403,148,148,35,18,28,2,57,6,6,11,2,38,46,52,11,2,0,46,16,5,1,0,66,11,3,5,6,0,9,7,345,101,128,36,45,23,1,60,6,4,20,3,42,54,48,38,1,0
2021-10-19,League Two,3620712,Salford City,Rochdale,0.4790602655771195,0.37895812053115424,0.14198161389172625,0,0,1,56,18,4,1,1,77,12,11,9,5,0,12,6,474,172,192,51,31,24,0,77,10,6,17,4,47,55,45,50,3,0,44,13,3,1,1,72,10,8,4,6,0,10,3,372,145,122,41,32,25,1,70,8,5,27,4,46,45,55,27,2,0
2021-10-19,League Two,3620713,Sutton United,Swindon Town,0.42938388625592416,0.35260663507109,0.21800947867298578,1,2,2,47,7,3,2,1,64,10,4,3,1,0,5,2,328,82,128,47,15,32,0,81,10,6,10,5,61,49,69,47,0,0,53,16,7,2,2,69,16,4,3,6,1,8,8,372,155,102,34,0,25,1,57,8,0,19,2,49,51,31,47,0,0
2021-10-23,League Two,3621213,Bristol Rovers,Newport County,0.4027237354085603,0.3132295719844358,0.2840466926070039,1,3,2,56,14,3,0,0,69,9,6,7,4,0,10,4,401,159,117,44,20,32,2,73,2,4,19,4,56,53,53,71,1,0,44,14,8,4,2,64,16,4,3,3,0,12,2,316,88,113,26,5,21,0,60,13,4,27,2,50,47,48,29,4,0
2021-10-23,League Two,3620714,Carlisle United,Oldham Athletic,0.47767857142857145,0.30580357142857145,0.21651785714285715,0,0,1,51,9,1,1,1,74,7,10,5,3,0,6,3,423,186,128,47,20,21,1,61,8,3,12,4,43,56,32,14,0,0,49,14,4,1,1,78,8,7,7,3,1,8,6,410,174,144,41,11,22,5,38,6,3,31,1,49,44,68,42,1,0
2021-10-23,League Two,3620715,Exeter City,Mansfield Town,0.5876777251184834,0.292259083728278,0.12006319115323855,2,1,0,59,14,4,2,0,68,7,8,3,7,1,7,7,480,108,216,42,15,41,0,47,8,0,16,2,70,53,44,40,0,0,41,6,3,0,0,60,13,1,3,0,0,5,1,341,100,105,24,25,40,0,38,17,7,38,2,74,47,56,24,2,0
2021-10-23,League Two,3620716,Forest Green Rovers,Salford City,0.6356589147286822,0.25692137320044295,0.10741971207087486,3,1,0,54,18,6,1,1,72,8,5,8,4,1,11,7,349,122,130,43,39,24,3,78,10,2,13,5,52,56,46,57,1,0,46,11,6,0,0,70,19,6,3,2,0,7,4,302,81,129,38,25,30,0,57,7,4,22,3,50,44,54,50,3,0
2021-10-23,League Two,3620717,Hartlepool United,Harrogate Town,0.4032258064516129,0.2974910394265233,0.2992831541218638,3,2,0,57,12,4,1,0,71,13,3,6,2,0,7,5,421,173,125,43,31,37,1,36,7,4,9,2,59,47,48,58,2,0,43,8,3,1,1,64,17,2,1,4,0,5,3,321,66,139,39,15,24,2,53,10,1,22,1,65,53,52,58,1,0
2021-10-23,League Two,3620718,Port Vale,Colchester United,0.5827814569536424,0.271523178807947,0.1456953642384106,3,0,0,53,18,8,1,1,75,12,4,8,2,0,10,8,444,116,215,34,40,15,3,86,19,0,16,3,56,54,38,58,1,0,47,13,3,2,2,71,13,1,9,1,0,10,3,388,149,127,42,39,22,2,71,3,2,9,5,65,46,62,33,2,0
2021-10-23,League Two,3620719,Rochdale,Sutton United,0.3770053475935829,0.2807486631016043,0.3422459893048128,3,2,0,63,23,10,3,2,84,5,10,9,4,0,11,12,557,232,238,55,33,18,2,63,6,2,24,3,33,51,39,50,0,0,37,10,5,2,0,67,7,4,3,2,0,9,1,327,95,125,44,27,24,1,50,11,4,23,7,39,49,61,60,0,1
2021-10-23,League Two,3620720,Scunthorpe United,Crawley Town,0.3959537572254335,0.26011560693641617,0.3439306358381503,2,1,0,40,12,4,2,1,55,16,1,6,2,0,6,6,310,76,96,31,8,20,4,71,11,2,22,2,70,51,48,56,1,0,60,11,3,2,1,72,8,10,6,2,0,9,2,461,127,203,42,29,33,1,53,6,2,19,3,70,49,52,50,1,0
2021-10-23,League Two,3620721,Stevenage,Leyton Orient,0.35051546391752575,0.2809278350515464,0.36855670103092786,0,0,1,44,11,4,2,2,58,14,7,4,3,0,10,1,310,65,114,32,33,21,5,67,9,5,33,6,47,48,38,50,0,0,56,16,7,1,1,63,9,4,5,4,0,8,8,396,118,133,48,26,29,0,63,8,3,16,4,66,52,62,25,1,0
2021-10-23,League Two,3620722,Swindon Town,Bradford City,0.595679012345679,0.24074074074074073,0.16358024691358025,1,3,2,74,10,5,2,1,87,12,10,1,4,0,3,7,656,251,321,49,10,27,2,50,12,3,19,1,39,43,33,63,3,0,26,11,4,3,2,61,11,3,4,3,1,10,1,236,53,90,29,27,15,2,70,16,4,33,4,59,57,67,50,3,0
2021-10-23,League Two,3620723,Tranmere Rovers,Northampton Town,0.5741127348643006,0.2567849686847599,0.16910229645093947,0,2,2,62,7,0,0,0,67,10,2,4,3,0,3,4,444,139,158,37,14,38,1,60,6,3,16,4,54,49,45,62,1,0,38,19,6,5,3,59,14,5,10,3,1,12,7,274,76,87,26,29,24,0,50,12,2,30,0,60,51,55,67,3,0
2021-10-23,League Two,3620724,Walsall,Barrow,0.48394495412844035,0.2958715596330275,0.22018348623853212,2,2,1,37,17,11,2,1,76,13,1,5,1,0,11,6,330,150,102,35,50,15,2,58,10,4,13,3,48,55,64,56,2,0,63,10,6,2,0,82,10,4,0,4,0,4,6,563,260,203,45,17,21,1,54,4,1,6,9,35,45,36,0,5,0
2021-10-26,League Two,3620628,Colchester United,Sutton United,0.4131218457101658,0.3658976207642394,0.2209805335255948,1,3,2,47,9,2,0,0,64,9,3,3,4,1,5,4,357,143,87,22,29,26,2,40,4,4,17,2,54,64,43,64,3,1,53,18,5,3,1,74,11,6,8,5,0,12,6,408,161,139,40,33,18,2,43,4,4,9,1,51,36,57,29,1,0
2021-10-30,League Two,3620732,Northampton Town,Carlisle United,0.6675639300134589,0.20995962314939434,0.1224764468371467,3,0,0,52,8,4,4,1,66,5,1,3,1,0,6,2,371,105,139,43,17,43,4,50,6,4,25,0,71,52,59,59,0,0,48,9,0,0,0,60,9,2,5,4,0,5,4,351,128,84,24,36,36,3,47,10,1,21,1,57,48,41,41,2,0
2021-10-30,League Two,3620726,Bradford City,Forest Green Rovers,0.3118279569892473,0.2862903225806452,0.4018817204301075,1,1,1,38,14,5,1,1,60,15,3,6,3,1,8,6,272,51,113,39,42,18,3,50,13,5,20,2,53,40,53,50,3,0,62,10,3,1,0,75,12,7,2,5,0,4,6,427,201,121,39,24,22,1,53,13,4,7,3,64,60,47,64,3,0
2021-10-30,League Two,3620727,Colchester United,Scunthorpe United,0.5620253164556962,0.25569620253164554,0.18227848101265823,2,1,0,43,8,4,0,0,66,10,4,4,0,1,5,3,324,129,85,25,32,22,3,62,9,3,23,1,77,65,55,63,2,0,57,11,2,1,0,74,22,4,6,3,1,7,4,429,159,158,36,21,33,1,65,5,0,10,2,49,35,45,25,3,0
2021-10-30,League Two,3620728,Crawley Town,Port Vale,0.265993265993266,0.26262626262626265,0.4713804713804714,1,4,2,33,9,2,1,0,67,16,3,5,2,0,7,2,312,101,107,35,30,19,0,56,14,0,13,8,48,47,41,42,0,1,67,17,11,2,1,84,9,9,6,0,0,7,10,628,187,339,46,37,21,1,67,6,2,12,1,59,53,59,64,2,0
2021-10-30,League Two,3620729,Harrogate Town,Bristol Rovers,0.6738768718801996,0.2129783693843594,0.11314475873544093,0,1,2,56,8,4,0,0,63,10,4,3,1,0,3,5,422,145,120,39,9,34,1,45,7,1,12,2,64,53,39,36,2,0,44,6,3,1,0,53,13,3,2,1,0,3,3,340,94,86,31,0,28,4,58,8,1,18,4,74,47,61,50,4,0
2021-10-30,League Two,3620730,Leyton Orient,Hartlepool United,0.5045871559633027,0.22706422018348624,0.268348623853211,5,0,0,48,12,7,3,0,66,10,2,4,1,1,9,3,375,79,167,52,23,36,2,70,12,0,11,2,75,61,56,38,2,0,52,3,2,0,0,69,13,1,1,0,0,0,3,417,178,108,27,0,36,5,42,5,1,32,2,52,39,44,41,2,0
2021-10-30,League Two,3620731,Mansfield Town,Tranmere Rovers,0.3614190687361419,0.2616407982261641,0.376940133037694,2,0,0,44,10,2,2,1,60,17,3,5,3,0,7,3,341,82,123,29,7,33,1,59,9,4,16,2,59,43,51,33,1,0,56,9,2,0,0,72,10,3,3,4,0,4,5,454,173,152,41,13,37,3,50,11,3,22,0,69,57,49,45,1,0
2021-10-30,League Two,3621214,Newport County,Stevenage,0.6445916114790287,0.22737306843267108,0.1280353200883002,5,0,0,56,20,11,1,0,81,10,5,4,5,0,11,9,555,290,159,42,36,16,3,65,7,3,17,2,49,58,50,71,0,0,44,9,2,0,0,74,6,5,4,3,0,3,6,423,203,110,44,29,15,0,83,15,5,14,6,40,42,50,43,0,0
2021-10-30,League Two,3620733,Oldham Athletic,Swindon Town,0.31556503198294245,0.2345415778251599,0.44989339019189767,1,3,2,42,10,3,2,1,77,10,4,4,3,0,6,4,339,137,123,45,18,18,4,67,11,2,26,7,42,48,55,42,1,0,58,15,11,6,3,85,10,7,3,1,0,10,5,487,242,173,63,20,26,2,67,8,3,24,2,42,52,45,70,2,0
2021-10-30,League Two,3620734,Salford City,Exeter City,0.38571428571428573,0.2693877551020408,0.3448979591836735,1,2,2,56,11,4,2,2,68,8,4,7,0,1,11,0,411,143,137,48,28,32,1,36,7,6,19,3,83,63,57,50,0,0,44,16,5,2,2,62,13,5,5,6,2,12,4,329,62,142,37,24,27,2,55,12,1,23,2,56,37,43,33,2,0
2021-10-30,League Two,3620735,Sutton United,Walsall,0.5543710021321961,0.2345415778251599,0.21108742004264391,0,1,2,55,13,3,0,0,68,11,4,6,4,1,7,6,381,108,152,39,16,41,0,82,5,0,15,1,52,44,53,58,0,0,45,5,2,0,0,59,10,3,3,0,0,2,3,318,121,68,27,18,19,1,70,3,4,20,2,57,56,47,63,2,0
2021-10-30,League Two,3620725,Barrow,Rochdale,0.4788732394366197,0.3004694835680751,0.22065727699530516,1,2,2,54,13,3,2,1,77,17,5,6,4,0,8,5,426,154,172,39,19,37,3,63,10,2,7,3,48,48,48,73,3,0,46,12,5,3,2,70,14,5,5,2,0,8,4,365,129,127,29,36,14,2,62,10,4,16,2,52,52,52,38,2,0
2021-11-12,League Two,3621215,Hartlepool United,Newport County,0.4178878221323901,0.37847397675593736,0.20363820111167255,1,2,2,48,13,3,1,1,74,8,5,8,2,0,9,4,384,137,149,43,21,32,2,71,6,3,10,3,40,48,40,29,0,0,52,17,5,2,1,79,14,2,9,3,0,9,8,433,155,189,44,31,24,0,76,8,2,23,2,51,52,60,100,3,0
2021-11-13,League Two,3620740,Port Vale,Bradford City,0.5191616766467065,0.3125748502994012,0.16826347305389222,1,1,1,55,14,5,2,1,68,11,8,3,6,0,9,5,367,111,138,32,29,29,1,46,7,2,24,4,68,57,56,58,1,0,45,11,5,1,0,64,11,3,4,2,0,7,4,295,84,106,32,19,26,3,54,13,6,25,4,53,43,44,27,1,0
2021-11-13,League Two,3620737,Carlisle United,Barrow,0.3917940466613033,0.4223652453740949,0.18584070796460178,0,0,1,62,12,3,1,1,70,11,6,8,1,1,4,8,395,154,123,48,17,27,1,86,5,1,15,0,53,46,48,55,1,0,38,8,0,3,3,55,12,3,6,2,0,5,3,251,56,83,35,29,28,2,42,10,1,23,3,59,54,52,57,3,0
2021-11-13,League Two,3620736,Bristol Rovers,Northampton Town,0.3119395941481831,0.43227937706465314,0.25578102878716374,2,1,0,52,10,5,2,1,61,8,5,4,1,1,8,2,298,86,97,35,12,25,6,68,8,3,18,1,62,57,48,60,2,1,48,7,3,1,0,61,14,4,2,2,0,5,2,269,82,83,35,6,36,4,75,6,1,13,3,55,43,52,71,2,0
2021-11-13,League Two,3620738,Exeter City,Oldham Athletic,0.5424107142857143,0.36160714285714285,0.09598214285714286,2,1,0,40,9,3,3,1,56,8,3,4,2,0,6,3,288,60,101,19,31,37,2,67,10,6,26,2,42,43,45,63,3,0,60,11,3,0,0,73,10,5,2,6,0,5,6,416,152,150,43,11,32,4,86,11,2,20,1,53,57,55,67,1,0
2021-11-13,League Two,3620741,Rochdale,Leyton Orient,0.3342274678111588,0.463519313304721,0.20225321888412018,2,2,1,50,10,5,2,0,64,5,8,4,1,0,8,2,395,138,116,34,44,31,2,50,10,3,33,1,47,47,42,44,3,0,50,15,3,2,1,65,5,2,9,3,2,11,4,392,82,172,43,24,31,3,56,13,1,7,3,60,53,58,60,4,0
2021-11-13,League Two,3620742,Scunthorpe United,Salford City,0.27361111111111114,0.4423611111111111,0.28402777777777777,1,1,1,48,11,1,1,0,59,12,3,5,5,0,9,2,369,89,127,32,38,21,3,62,10,0,30,2,73,62,54,80,0,0,52,12,3,0,0,66,14,6,7,2,0,5,7,402,105,159,33,8,34,3,14,7,0,15,0,54,38,46,33,0,0
2021-11-13,League Two,3620743,Stevenage,Mansfield Town,0.32653061224489793,0.46938775510204084,0.20408163265306123,1,2,2,55,12,4,1,0,68,14,5,6,2,2,5,7,431,170,125,44,17,32,0,60,11,3,21,2,68,45,59,39,2,0,45,12,5,1,1,64,14,6,5,2,0,11,1,347,82,140,33,26,35,2,56,9,2,24,3,64,55,41,60,3,0
2021-11-13,League Two,3620745,Tranmere Rovers,Sutton United,0.4085401038661281,0.4368147720715522,0.15464512406231967,0,1,2,65,14,1,0,0,71,5,9,5,8,0,8,6,473,164,173,33,16,28,2,69,3,10,32,1,51,53,44,50,2,0,35,17,3,1,0,51,8,5,5,9,1,10,7,265,57,77,25,29,30,1,71,12,7,40,1,56,47,56,75,2,0
2021-11-13,League Two,3620746,Walsall,Harrogate Town,0.37722419928825623,0.45907473309608543,0.16370106761565836,1,3,2,62,16,5,1,0,70,8,7,7,4,0,7,9,457,181,140,33,25,42,1,27,4,2,2,2,63,47,55,44,1,0,38,8,5,4,2,57,10,2,1,2,0,6,2,294,74,95,27,33,24,0,59,16,4,24,4,61,53,45,86,1,0
2021-11-20,League Two,3620747,Barrow,Crawley Town,0.5147392290249433,0.31746031746031744,0.16780045351473924,0,1,2,55,8,3,1,1,67,12,1,5,0,0,4,4,399,133,133,33,16,42,1,80,4,2,15,0,55,47,42,62,2,0,45,7,1,0,0,57,11,7,4,2,0,4,3,336,62,131,30,8,34,1,70,11,0,26,3,69,53,58,56,0,0
2021-11-20,League Two,3620748,Bradford City,Northampton Town,0.4980392156862745,0.24313725490196078,0.25882352941176473,1,1,1,48,11,3,0,0,56,16,3,2,6,0,9,2,356,75,125,20,13,33,1,73,7,5,18,0,60,53,37,67,3,0,52,12,1,0,0,63,11,2,6,5,0,6,6,386,148,97,41,10,26,2,88,5,6,47,2,79,47,63,13,1,0
2021-11-20,League Two,3620749,Bristol Rovers,Tranmere Rovers,0.5294117647058824,0.24660633484162897,0.2239819004524887,2,2,1,58,10,3,2,1,61,10,5,4,3,0,6,4,368,92,132,24,13,25,1,22,7,3,12,2,65,55,59,64,2,0,42,10,4,1,0,54,12,5,3,3,0,6,4,272,52,94,27,36,34,6,67,7,2,20,1,49,45,41,50,3,0
2021-11-20,League Two,3620750,Exeter City,Carlisle United,0.6643437862950058,0.23693379790940766,0.09872241579558652,2,1,0,62,14,4,2,1,74,7,3,6,4,0,8,6,487,123,239,37,11,33,2,82,14,3,29,5,48,47,44,56,0,0,38,11,6,1,0,51,3,7,2,3,0,6,5,286,79,67,28,7,41,0,60,9,4,22,2,57,53,56,67,1,1
2021-11-20,League Two,3620751,Harrogate Town,Salford City,0.5645514223194749,0.2363238512035011,0.19912472647702406,0,2,2,50,12,3,1,1,65,8,4,6,3,0,10,2,426,129,147,35,32,24,1,48,11,4,20,3,78,62,54,50,1,0,50,15,5,2,1,62,14,3,6,4,0,10,5,422,118,143,27,42,36,2,33,8,4,12,2,58,38,46,33,2,0
2021-11-20,League Two,3620752,Hartlepool United,Forest Green Rovers,0.29012345679012347,0.2700617283950617,0.4398148148148148,1,3,2,55,8,4,1,0,76,13,5,2,2,0,5,3,465,218,137,42,17,26,2,58,7,1,12,4,56,51,48,27,3,1,45,13,7,3,2,74,17,3,5,1,1,9,4,383,151,131,50,15,19,1,67,14,3,12,2,56,49,52,33,3,0
2021-11-20,League Two,3620753,Leyton Orient,Sutton United,0.5880829015544041,0.24093264248704663,0.17098445595854922,4,1,0,58,19,4,5,3,60,10,7,13,2,2,15,4,348,72,137,38,10,31,0,59,8,0,22,3,67,53,49,46,0,0,42,10,4,1,1,46,11,6,4,2,1,7,3,255,59,59,29,18,23,1,63,7,0,26,0,64,47,51,42,0,0
2021-11-20,League Two,3620754,Mansfield Town,Scunthorpe United,0.6194503171247357,0.21141649048625794,0.16913319238900634,3,1,0,47,18,8,4,2,59,12,6,7,3,0,10,8,339,63,137,29,27,47,1,58,10,1,17,2,63,45,60,36,0,0,53,8,3,1,0,64,13,2,4,1,0,5,3,392,130,122,30,25,33,1,84,14,3,22,5,58,55,40,57,1,0
2021-11-20,League Two,3621216,Newport County,Swindon Town,0.48812095032397407,0.23542116630669546,0.27645788336933047,1,2,2,46,17,7,3,2,75,9,7,6,4,1,14,3,395,191,105,50,32,21,0,71,8,0,17,2,50,58,52,40,0,0,54,11,3,0,0,79,11,6,3,5,0,6,5,478,187,193,42,10,23,2,45,8,0,14,5,40,42,48,42,0,0
2021-11-20,League Two,3620755,Oldham Athletic,Port Vale,0.2409448818897638,0.2409448818897638,0.5181102362204725,3,2,0,39,11,5,3,1,57,16,2,4,2,0,9,2,294,106,63,31,25,16,0,58,4,5,40,3,49,47,56,60,3,0,61,15,5,2,0,74,12,7,5,5,1,9,6,436,127,195,39,27,31,4,71,10,2,15,3,47,53,44,62,1,0
2021-11-20,League Two,3620756,Stevenage,Colchester United,0.775,0.15,0.075,1,0,0,39,6,3,2,1,75,7,3,2,1,0,5,1,350,151,112,29,42,16,5,60,13,2,24,3,35,47,43,44,2,0,61,14,3,0,0,83,10,5,9,2,0,7,7,528,227,213,56,13,24,1,50,2,1,9,2,42,53,57,71,4,0
2021-11-20,League Two,3620757,Walsall,Rochdale,0.44715447154471544,0.3062330623306233,0.24661246612466126,0,0,1,42,15,5,2,2,67,9,6,4,6,0,10,5,337,99,128,39,23,30,1,62,16,4,18,1,55,42,56,40,1,0,58,10,1,1,1,72,5,3,5,4,1,7,3,483,169,178,36,25,29,2,68,4,7,23,4,61,58,44,58,2,0
2021-11-23,League Two,3620758,Carlisle United,Harrogate Town,0.33586050037907506,0.4200151630022744,0.2441243366186505,0,2,2,57,13,4,2,2,72,9,7,8,1,1,10,3,436,172,141,32,26,30,1,67,10,3,8,5,69,56,51,40,1,0,43,12,7,1,1,64,22,5,2,3,0,8,4,348,119,105,33,20,29,1,53,17,1,37,4,59,44,49,53,2,0
2021-11-23,League Two,3620759,Colchester United,Exeter City,0.23942093541202672,0.38697104677060135,0.37360801781737196,3,1,0,38,10,3,1,0,56,5,3,4,3,0,6,4,306,93,79,20,20,13,1,20,6,1,24,8,46,43,48,0,3,0,62,15,8,2,1,75,10,9,6,1,0,10,5,468,123,227,38,17,32,4,57,4,3,10,0,53,57,52,100,0,0
2021-11-23,League Two,3621217,Crawley Town,Newport County,0.29215686274509806,0.4411764705882353,0.26666666666666666,1,1,1,38,16,4,3,2,68,14,2,6,6,1,10,6,312,71,141,39,15,23,1,69,9,0,21,2,64,53,52,57,0,0,62,6,3,1,0,79,11,6,3,0,0,3,3,514,305,99,49,9,23,0,56,7,6,13,3,59,47,48,83,0,0
2021-11-23,League Two,3620760,Forest Green Rovers,Barrow,0.5781495033978045,0.3340303188708834,0.08782017773131208,2,0,0,57,13,4,3,2,79,8,7,7,2,0,7,6,442,174,177,43,15,25,0,64,15,1,16,2,51,51,47,56,0,0,43,9,2,0,0,70,6,5,5,2,0,6,3,333,126,107,44,29,25,3,70,11,2,17,2,53,49,53,50,2,0
2021-11-23,League Two,3620761,Northampton Town,Oldham Athletic,0.4784828592268417,0.4026258205689278,0.11889132020423049,2,1,0,48,11,3,2,0,52,6,6,7,1,0,10,1,311,73,90,33,32,28,4,73,7,0,26,5,76,57,53,57,1,0,52,10,5,1,0,56,11,1,5,0,0,9,1,344,72,121,25,12,37,1,67,4,1,27,1,63,43,47,40,2,0
2021-11-23,League Two,3620762,Port Vale,Walsall,0.48330182734719596,0.39004410838059234,0.1266540642722117,0,1,2,57,5,0,0,0,65,17,3,4,1,0,2,3,362,98,138,38,15,25,3,67,5,0,19,3,63,51,52,33,2,1,43,11,4,0,0,58,16,3,7,0,0,5,6,288,97,69,36,30,34,1,64,12,1,16,0,60,49,48,25,4,0
2021-11-23,League Two,3620763,Rochdale,Stevenage,0.4324065196548418,0.4276126558005753,0.13998082454458294,2,2,1,57,26,9,6,4,80,4,8,12,5,1,20,6,495,156,239,52,43,22,1,63,5,1,22,3,50,50,60,38,1,0,43,8,6,1,0,72,10,4,2,0,0,6,2,380,179,96,30,8,22,4,100,13,5,23,7,40,50,40,69,3,0
2021-11-23,League Two,3620764,Salford City,Bristol Rovers,0.3962101636520241,0.4272179155900086,0.17657192075796727,1,1,1,35,5,1,0,0,52,18,1,4,0,0,3,2,274,83,60,27,0,26,2,50,7,5,25,6,56,48,52,44,3,2,65,19,7,2,1,73,5,5,6,6,0,13,6,493,112,246,40,26,29,6,86,10,0,10,0,56,52,48,36,1,0
2021-11-23,League Two,3620765,Scunthorpe United,Leyton Orient,0.2681912681912682,0.3794178794178794,0.3523908523908524,1,1,1,49,11,2,1,0,52,13,5,5,4,0,7,4,340,86,92,29,38,26,0,45,8,3,29,1,55,34,41,0,0,0,51,15,2,4,3,56,9,4,10,3,1,12,3,345,61,132,39,32,29,1,47,7,4,24,1,89,66,59,50,0,0
2021-11-23,League Two,3620766,Sutton United,Mansfield Town,0.37524752475247525,0.41485148514851483,0.2099009900990099,2,0,0,42,12,4,0,0,52,16,2,5,3,0,7,5,283,61,85,40,8,34,5,70,14,4,24,2,85,57,49,75,0,0,58,14,3,1,1,61,17,5,7,4,0,8,6,385,88,148,31,19,32,0,67,5,4,28,1,76,43,51,33,3,0
2021-11-23,League Two,3620767,Swindon Town,Hartlepool United,0.5015974440894568,0.3706070287539936,0.12779552715654952,3,1,0,59,14,5,3,1,88,8,6,3,6,0,9,5,640,313,247,70,27,11,1,65,10,4,8,3,39,46,65,67,1,0,41,12,5,2,1,81,2,3,4,3,1,7,5,439,214,142,44,33,25,5,60,10,6,14,2,38,54,35,52,0,0
2021-11-23,League Two,3620768,Tranmere Rovers,Bradford City,0.3650943396226415,0.4009433962264151,0.2339622641509434,2,1,0,58,14,7,2,1,62,13,2,4,3,0,5,9,469,114,176,27,11,33,2,50,6,3,30,1,78,60,56,67,0,0,42,8,2,1,0,55,13,4,3,3,0,4,4,332,92,92,21,15,38,2,43,13,5,25,3,57,40,44,20,1,0
2021-11-26,League Two,3621218,Colchester United,Newport County,0.35956521739130437,0.37869565217391304,0.2617391304347826,1,1,1,56,12,1,0,0,74,10,4,7,4,0,4,8,406,121,178,45,13,25,3,64,11,5,23,9,47,48,49,44,1,0,44,17,10,3,3,63,6,5,2,5,1,11,6,323,90,114,42,26,31,1,50,9,4,23,0,50,52,51,43,2,0
2021-11-27,League Two,3620769,Carlisle United,Walsall,0.3889980353634578,0.3005893909626719,0.3104125736738703,1,0,0,43,11,2,1,0,61,14,3,7,2,1,6,5,368,129,95,32,0,11,1,63,12,2,13,5,54,51,55,0,2,0,57,12,5,0,0,69,13,4,5,2,0,7,5,481,163,168,29,19,22,1,67,22,2,6,1,49,49,45,28,1,0
2021-11-27,League Two,3620770,Crawley Town,Mansfield Town,0.3946731234866828,0.3365617433414044,0.2687651331719128,1,2,2,51,6,2,0,0,64,8,3,1,3,1,3,3,444,87,196,32,0,31,1,75,6,4,13,1,61,61,39,59,0,0,49,10,3,3,1,65,16,8,3,4,0,8,2,421,141,133,34,16,29,3,57,9,3,22,1,60,39,61,38,2,0
2021-11-27,League Two,3620771,Forest Green Rovers,Bristol Rovers,0.6647230320699709,0.22643343051506318,0.10884353741496598,2,0,0,42,12,4,5,3,61,10,3,5,3,1,9,3,305,77,110,29,31,19,3,68,7,4,27,2,56,56,50,40,1,1,58,12,2,0,0,68,16,8,6,4,0,4,8,421,111,175,36,25,24,2,58,10,2,17,2,47,44,50,21,3,0
2021-11-27,League Two,3620772,Northampton Town,Leyton Orient,0.4793536804308797,0.3303411131059246,0.19030520646319568,1,0,0,43,7,1,0,0,45,10,6,3,3,0,5,2,256,55,61,26,5,34,3,85,9,1,28,3,56,48,50,63,0,0,57,9,3,1,1,55,7,6,5,1,0,6,3,350,72,121,30,19,26,0,67,7,3,18,0,58,52,50,67,2,0
2021-11-27,League Two,3620773,Port Vale,Hartlepool United,0.5988857938718662,0.26740947075208915,0.13370473537604458,2,0,0,47,11,5,1,0,72,13,6,4,2,0,8,3,380,77,195,28,7,25,2,69,10,2,18,1,41,42,52,50,3,0,53,6,1,0,0,75,10,5,3,2,0,3,3,434,148,177,30,23,23,5,83,3,2,13,3,49,58,48,67,1,0
2021-11-27,League Two,3620774,Rochdale,Exeter City,0.2743221690590112,0.3157894736842105,0.4098883572567783,1,1,1,53,14,4,1,1,64,6,7,6,4,2,10,4,399,119,136,36,43,40,1,75,12,3,20,6,59,45,60,25,0,0,47,11,7,1,1,62,11,3,1,3,1,5,6,367,94,135,40,22,28,4,61,20,4,23,3,54,55,40,47,1,0
2021-11-27,League Two,3620775,Salford City,Oldham Athletic,0.5813953488372093,0.2826475849731664,0.13595706618962433,2,0,0,43,15,4,2,0,59,14,6,4,7,0,10,5,293,63,110,37,9,35,4,50,12,7,18,1,58,51,50,43,3,0,57,14,2,0,0,69,14,4,6,6,1,10,4,405,162,117,36,43,28,0,53,7,7,31,2,57,49,50,50,3,0
2021-11-27,League Two,3620776,Scunthorpe United,Bradford City,0.2780373831775701,0.2850467289719626,0.4369158878504673,1,1,1,50,14,2,2,2,61,14,10,7,5,0,10,4,321,87,110,39,17,27,0,58,6,4,36,3,45,46,38,50,3,0,50,19,4,0,0,67,8,5,10,5,1,12,7,326,94,124,44,28,31,3,67,10,5,29,1,63,54,63,33,0,0
2021-11-27,League Two,3620777,Sutton United,Barrow,0.5888888888888889,0.2511111111111111,0.16,1,0,0,35,10,3,0,0,65,14,1,4,3,0,5,5,270,86,89,43,33,30,0,65,7,4,21,3,52,53,57,67,4,0,65,14,3,2,2,78,12,15,7,4,1,9,5,489,228,151,45,29,24,1,75,5,3,10,2,43,47,43,20,2,0
2021-11-27,League Two,3620778,Swindon Town,Harrogate Town,0.5931952662721893,0.2603550295857988,0.14644970414201183,1,1,1,66,13,4,2,1,80,7,6,4,5,0,9,4,545,277,157,38,6,35,0,42,9,6,9,2,41,48,35,42,2,0,34,15,4,1,0,63,15,5,6,5,0,10,5,278,61,115,31,29,21,1,58,7,6,28,2,51,52,65,40,3,0
2021-12-07,League Two,3620783,Bristol Rovers,Port Vale,0.33466773418734985,0.44715772618094474,0.21817453963170536,1,2,2,50,5,1,1,1,67,17,0,4,0,0,3,2,327,137,81,42,20,27,0,67,9,3,19,4,52,42,63,33,2,2,50,13,6,1,0,67,11,4,4,3,0,6,7,323,83,134,35,25,21,9,63,5,0,8,0,49,58,38,64,2,0
2021-12-07,League Two,3620784,Exeter City,Northampton Town,0.39780053090633294,0.43989381873340916,0.16230565036025787,1,2,2,56,16,6,2,1,55,11,4,5,5,0,9,7,389,80,135,18,32,40,0,57,8,1,18,4,77,45,47,44,2,0,44,8,5,2,1,49,8,0,2,1,0,6,2,308,63,88,26,18,27,2,45,17,5,24,6,89,55,53,67,2,0
2021-12-07,League Two,3620785,Harrogate Town,Forest Green Rovers,0.25529265255292655,0.41054379410543795,0.33416355334163556,1,4,2,59,14,3,1,1,73,10,3,5,6,0,8,6,464,170,171,41,14,33,3,56,6,5,16,1,54,47,47,67,2,0,41,12,6,3,0,63,11,5,2,4,0,9,3,317,85,116,32,25,32,1,71,10,6,21,2,61,53,53,63,0,0
2021-12-07,League Two,3620787,Leyton Orient,Swindon Town,0.36732623033992895,0.441400304414003,0.19127346524606798,4,1,0,38,7,5,4,0,68,16,3,1,1,0,6,1,339,96,135,49,20,21,4,59,15,0,5,2,50,50,63,50,0,0,62,9,3,1,0,83,11,3,6,0,0,6,3,556,323,139,48,18,23,5,77,4,1,20,1,42,50,37,50,0,0
2021-12-07,League Two,3620788,Mansfield Town,Carlisle United,0.46404895461499235,0.4176440591534931,0.11830698623151453,1,0,0,51,8,2,1,0,71,13,1,3,3,0,4,4,441,141,174,44,21,32,0,54,12,3,36,4,56,51,56,50,2,0,49,11,5,0,0,66,6,8,4,2,1,7,4,417,160,116,37,33,47,0,70,10,3,7,1,50,49,44,50,0,0
2021-12-07,League Two,3621219,Newport County,Sutton United,0.39300411522633744,0.4609053497942387,0.14609053497942387,3,2,0,75,28,6,2,1,81,10,9,11,11,0,20,8,578,181,289,46,26,30,3,65,6,2,11,0,57,60,66,78,0,0,25,4,2,1,0,51,8,2,0,2,0,4,0,193,42,56,26,0,19,0,75,11,10,42,3,34,40,34,42,0,0
2021-12-07,League Two,3620790,Oldham Athletic,Tranmere Rovers,0.3250704225352113,0.4540845070422535,0.2208450704225352,0,1,2,54,14,5,2,2,70,4,8,4,5,1,13,1,374,153,107,35,38,27,1,41,7,2,25,3,50,52,49,40,0,0,46,16,4,1,0,63,6,9,9,3,1,6,10,313,68,130,30,24,15,1,53,6,6,19,4,49,48,51,43,0,0
2021-12-07,League Two,3620791,Stevenage,Scunthorpe United,0.4289057928613224,0.45816266822703333,0.11293153891164423,1,1,1,39,9,2,0,0,59,9,3,4,3,0,5,4,298,82,93,42,20,34,2,67,14,4,17,2,59,58,60,63,1,0,61,9,3,0,0,74,14,4,2,4,0,5,4,477,200,153,43,10,35,1,80,10,3,19,1,41,42,40,57,2,0
2021-12-07,League Two,3620792,Walsall,Crawley Town,0.4065265486725664,0.48672566371681414,0.10674778761061947,1,1,1,61,9,5,2,1,72,12,3,3,1,0,4,5,438,161,154,43,11,25,2,25,7,2,15,1,47,46,54,53,3,0,39,9,2,1,0,57,10,3,5,2,0,3,6,281,56,104,31,14,24,0,63,13,1,30,4,49,54,46,67,1,0
2021-12-08,League Two,3620782,Bradford City,Colchester United,0.4464421372499367,0.4195998987085338,0.13395796404152951,0,0,1,47,10,6,0,0,64,12,1,1,3,0,7,3,356,66,162,32,13,44,2,67,9,3,15,3,58,56,48,82,1,0,53,10,3,2,2,67,8,2,4,3,0,4,6,415,144,134,32,15,26,3,55,10,3,33,6,53,44,52,42,2,0
2021-12-08,League Two,3620786,Hartlepool United,Rochdale,0.3636874648679033,0.44013490725126475,0.19617762788083193,2,1,0,41,11,3,2,0,65,8,4,6,2,0,6,5,361,107,126,38,36,32,2,67,3,1,15,3,48,51,39,33,1,0,59,13,4,0,0,78,8,4,8,1,1,7,6,519,233,170,40,11,10,3,70,7,2,16,1,60,49,61,67,1,0
2021-12-11,League Two,3620793,Barrow,Swindon Town,0.32653061224489793,0.30272108843537415,0.3707482993197279,2,0,0,42,11,3,3,1,76,12,4,5,3,0,9,2,366,121,157,35,15,16,1,64,5,2,13,2,40,46,45,60,5,0,58,7,2,0,0,82,12,7,3,2,0,2,5,498,232,175,39,17,21,2,82,8,3,15,1,47,54,55,72,3,1
2021-12-11,League Two,3620794,Bradford City,Sutton United,0.4708249496981891,0.3118712273641851,0.21730382293762576,2,2,1,42,11,4,1,0,66,14,5,6,1,0,7,4,286,79,110,44,21,19,0,56,8,3,33,3,64,46,50,50,3,1,58,13,5,4,2,74,9,6,5,3,0,11,2,390,122,166,64,26,25,0,61,7,1,26,2,70,54,50,50,1,0
2021-12-11,League Two,3620795,Bristol Rovers,Rochdale,0.44761904761904764,0.35714285714285715,0.19523809523809524,4,2,0,46,18,10,1,0,66,11,3,4,4,0,12,6,323,83,131,36,33,25,4,75,13,4,22,4,48,47,39,71,0,0,54,11,6,4,2,71,13,7,1,4,0,10,1,367,149,113,35,37,31,1,57,6,4,21,6,62,53,61,64,1,0
2021-12-11,League Two,3620796,Exeter City,Tranmere Rovers,0.5345997286295794,0.31614654002713705,0.14925373134328357,0,1,2,67,16,1,1,1,74,10,15,5,10,0,11,5,473,123,229,35,16,32,0,29,10,3,16,4,52,44,37,48,1,0,33,11,5,1,1,50,10,4,3,3,0,7,4,236,38,80,30,24,26,0,72,9,9,39,1,76,56,63,33,1,1
2021-12-11,League Two,3620797,Harrogate Town,Northampton Town,0.30139372822299654,0.3588850174216028,0.3397212543554007,1,2,2,57,8,5,0,0,68,15,4,1,2,0,3,5,396,111,158,37,11,43,3,67,1,3,26,2,69,54,45,50,1,0,43,10,4,2,1,54,20,2,3,3,1,5,5,302,80,82,35,29,28,0,40,6,2,25,4,75,46,55,50,3,0
2021-12-11,League Two,3620798,Hartlepool United,Scunthorpe United,0.6451016635859519,0.2365988909426987,0.11829944547134935,0,0,1,50,16,5,0,0,68,7,4,6,5,0,7,9,428,122,168,36,19,38,1,43,12,0,8,4,48,50,44,43,0,0,50,7,4,0,0,68,14,1,3,0,0,4,3,431,155,138,42,21,29,0,53,14,4,28,5,54,50,56,71,1,0
2021-12-11,League Two,3620799,Leyton Orient,Crawley Town,0.6208251473477406,0.28094302554027506,0.09823182711198428,1,2,2,63,7,0,0,0,64,19,4,3,4,0,4,3,438,127,154,40,36,24,3,80,8,2,17,6,72,44,63,20,0,0,37,16,8,3,2,48,15,2,5,3,0,11,5,257,45,79,31,33,35,1,36,11,4,16,1,62,56,38,30,0,0
2021-12-11,League Two,3620800,Mansfield Town,Salford City,0.48717948717948717,0.29914529914529914,0.21367521367521367,2,1,0,45,9,3,0,0,65,11,3,5,1,0,7,2,373,130,112,27,11,23,1,67,15,0,25,3,59,55,48,33,2,0,55,5,4,1,0,73,8,1,1,0,0,3,2,467,183,158,36,17,41,0,70,13,2,16,0,55,45,52,42,1,0
2021-12-11,League Two,3621220,Newport County,Port Vale,0.42162162162162165,0.3027027027027027,0.2756756756756757,2,1,0,61,13,5,0,0,73,11,6,6,2,0,7,6,497,212,151,35,25,33,2,75,11,0,11,1,56,52,39,33,2,0,39,3,2,1,0,59,14,1,1,0,0,2,1,329,81,113,22,25,25,0,56,12,2,35,3,66,48,61,25,4,1
2021-12-11,League Two,3620801,Oldham Athletic,Forest Green Rovers,0.1851040525739321,0.2573932092004381,0.5575027382256298,5,5,1,49,15,7,1,1,81,14,4,4,4,0,6,9,384,195,116,54,24,21,2,92,10,4,17,6,43,49,50,38,3,0,51,17,11,7,3,79,13,4,2,4,0,11,6,401,165,153,41,27,21,1,73,9,4,12,3,44,51,50,40,0,0
2021-12-11,League Two,3620802,Stevenage,Carlisle United,0.459214501510574,0.34441087613293053,0.19637462235649547,0,2,2,60,14,3,0,0,71,16,6,5,6,0,8,6,431,147,157,43,19,34,2,50,10,2,10,3,57,39,57,31,1,0,40,10,5,2,0,52,10,2,3,2,0,8,2,286,76,74,31,0,20,1,59,17,5,19,3,62,61,43,83,1,0
2021-12-11,League Two,3620803,Walsall,Colchester United,0.48370927318295737,0.3408521303258145,0.17543859649122806,3,0,0,49,13,6,3,1,73,13,7,4,3,0,10,3,408,149,147,41,39,21,3,60,10,2,13,6,47,44,56,33,1,0,51,10,5,1,1,75,8,3,3,2,0,7,3,431,206,116,30,6,22,4,54,11,3,17,3,50,56,44,50,0,0
2021-12-18,League Two,3621108,Rochdale,Newport County,0.3203252032520325,0.3040650406504065,0.375609756097561,3,0,0,41,18,5,4,2,75,10,1,8,5,0,11,7,381,123,163,43,36,16,2,71,16,5,39,5,44,42,37,31,2,0,59,14,5,0,0,75,9,7,4,5,0,12,2,528,210,187,40,31,29,3,68,4,5,13,2,66,58,63,69,2,0
2021-12-18,League Two,3620810,Salford City,Stevenage,0.5922165820642978,0.3164128595600677,0.09137055837563451,1,0,0,54,18,6,1,1,70,10,3,8,4,0,11,7,411,123,165,42,30,25,1,50,3,10,19,3,72,56,54,86,1,0,46,20,3,0,0,67,13,7,7,10,0,13,7,360,106,135,32,24,24,1,53,7,3,22,5,59,44,46,25,2,0
2021-12-18,League Two,3620812,Sutton United,Harrogate Town,0.48322147651006714,0.30648769574944074,0.21029082774049218,1,0,0,40,6,2,2,1,50,11,1,4,0,0,4,2,329,66,98,29,33,30,0,75,13,6,25,4,61,44,49,50,2,0,60,15,4,0,0,64,13,6,5,6,0,6,9,471,124,176,36,23,35,1,61,5,0,14,1,70,56,51,60,2,0
2021-12-18,League Two,3620814,Tranmere Rovers,Leyton Orient,0.4772727272727273,0.3068181818181818,0.2159090909090909,1,0,0,45,11,4,1,1,53,11,6,2,5,0,6,5,310,63,101,26,0,23,1,44,4,3,43,4,72,56,54,40,1,0,55,14,4,0,0,65,13,4,7,3,0,7,7,381,98,148,31,21,29,2,67,8,4,24,3,59,44,46,57,3,0
2021-12-26,League Two,3620820,Mansfield Town,Hartlepool United,0.45115546218487396,0.40756302521008403,0.14128151260504201,3,2,0,54,23,8,5,5,70,11,12,12,3,0,11,12,424,95,201,35,22,23,1,60,14,1,14,1,62,56,58,33,1,0,46,5,3,0,0,65,12,2,1,1,0,3,2,366,135,102,34,8,24,4,67,10,4,30,4,47,44,42,50,3,0
2021-12-26,League Two,3620822,Oldham Athletic,Scunthorpe United,0.39730226854690376,0.457388105456775,0.14530962599632127,1,3,2,52,14,5,0,0,68,7,4,5,4,0,7,7,365,131,118,49,33,37,1,50,7,6,14,2,55,58,58,73,0,0,48,17,5,2,0,69,17,4,5,7,1,13,4,342,114,123,35,18,31,3,54,12,4,21,4,40,42,42,40,2,0
2021-12-26,League Two,3620826,Tranmere Rovers,Barrow,0.48725055432372505,0.39356984478935697,0.11917960088691797,2,0,0,40,11,5,1,0,60,16,2,4,2,0,6,5,309,80,105,37,17,35,2,86,8,1,12,2,47,32,54,20,3,0,60,7,2,0,0,74,11,2,4,1,0,2,5,454,231,103,40,12,27,0,65,8,2,10,3,62,68,46,67,4,0
2021-12-29,League Two,3620827,Barrow,Oldham Athletic,0.46285529715762275,0.4127906976744186,0.12435400516795865,0,0,1,61,9,3,0,0,81,13,8,5,1,0,4,5,503,235,174,47,10,17,0,50,3,2,24,2,29,38,36,25,1,0,39,14,2,0,0,67,13,6,9,3,0,5,9,315,118,92,36,35,22,3,65,12,2,28,2,48,62,64,50,2,0
2021-12-29,League Two,3620836,Swindon Town,Stevenage,0.4976190476190476,0.3952380952380952,0.10714285714285714,0,0,1,69,12,1,1,1,86,10,5,7,4,0,5,7,613,297,228,68,17,23,2,58,5,6,8,4,34,49,38,50,2,0,31,17,4,3,3,69,12,5,6,7,1,14,3,269,93,92,40,47,20,3,50,10,3,17,1,40,51,62,29,1,0
2022-01-01,League Two,3620838,Barrow,Bradford City,0.35377358490566035,0.4868598382749326,0.159366576819407,1,2,2,65,18,5,1,0,81,9,6,6,7,0,9,9,515,227,192,51,24,32,0,50,7,3,16,1,59,50,46,44,2,0,35,6,3,2,0,63,14,3,0,3,0,2,4,286,56,125,24,22,25,4,61,7,7,22,4,63,50,54,64,1,0
2022-01-01,League Two,3620839,Crawley Town,Colchester United,0.3888213851761847,0.47671121911705144,0.13446739570676386,3,1,0,41,14,4,4,2,56,10,4,7,3,1,12,2,289,62,100,38,33,27,1,63,11,3,19,5,54,55,44,71,1,0,59,18,6,5,4,69,10,6,9,3,1,10,8,409,144,137,34,58,27,5,89,6,3,15,1,55,45,56,50,2,0
2022-01-01,League Two,3620840,Forest Green Rovers,Stevenage,0.532574679943101,0.372972972972973,0.09445234708392602,2,0,0,58,26,6,2,1,73,8,11,11,9,1,17,9,396,141,148,41,18,30,3,47,15,3,19,2,56,62,42,53,1,0,42,7,2,2,2,61,13,7,2,3,0,5,2,283,73,101,30,35,32,1,62,14,9,20,4,48,38,58,27,1,0
2022-01-01,League Two,3620842,Hartlepool United,Oldham Athletic,0.4390515005557614,0.4368284549833272,0.12412004446091145,0,0,1,61,15,2,2,2,78,6,16,10,3,3,10,5,478,189,183,58,18,24,4,100,7,4,17,1,42,57,57,36,0,0,39,12,1,2,2,69,20,4,6,5,1,9,3,311,128,88,32,29,21,0,75,7,3,35,2,32,43,43,50,4,0
2022-01-01,League Two,3620846,Scunthorpe United,Carlisle United,0.3483483483483483,0.4904904904904905,0.16116116116116116,0,1,2,67,17,3,1,1,75,12,11,9,5,0,10,7,499,205,167,35,24,23,1,79,1,4,7,5,58,51,39,55,2,0,33,15,6,0,0,51,12,5,5,4,1,9,6,239,36,86,30,42,19,3,63,14,5,24,3,71,49,61,44,1,0
2022-01-01,League Two,3620847,Sutton United,Exeter City,0.36914143508917463,0.4583160514309415,0.17254251347988386,2,1,0,52,12,5,2,0,60,10,5,2,5,0,5,7,346,77,129,39,21,27,1,63,7,3,15,1,71,45,56,53,1,0,48,9,2,1,0,55,8,1,4,3,0,2,7,330,70,112,30,13,26,3,59,4,6,31,2,70,55,44,50,0,0
2022-01-01,League Two,3620848,Swindon Town,Northampton Town,0.31963636363636366,0.43672727272727274,0.24363636363636362,5,2,0,56,21,6,3,1,76,8,3,11,4,3,13,8,429,199,126,39,50,19,1,58,3,4,23,5,34,51,23,100,2,0,44,15,7,3,2,70,12,6,4,4,0,8,7,314,108,111,48,23,20,1,80,7,4,19,1,47,49,77,50,3,0
2022-01-01,League Two,3621111,Walsall,Newport County,0.30538461538461537,0.4819230769230769,0.21269230769230768,3,3,1,63,17,5,1,1,73,13,12,7,5,0,12,5,423,140,170,42,17,31,0,57,2,0,9,3,51,40,60,22,1,0,37,12,5,3,2,57,12,1,7,0,1,9,3,255,72,73,31,50,26,3,83,11,5,39,3,49,60,40,50,1,0
2022-01-04,League Two,3620829,Forest Green Rovers,Exeter City,0.5453787120453787,0.312645979312646,0.1419753086419753,0,0,1,45,8,1,0,0,73,7,6,5,2,0,4,4,327,120,120,51,25,28,1,75,13,5,21,7,63,49,67,56,3,0,55,18,7,3,3,72,7,13,6,5,0,8,10,394,111,173,33,23,34,2,80,12,2,11,1,44,51,33,64,1,0
2022-01-08,League Two,3620804,Carlisle United,Bradford City,0.3830439223697651,0.3258426966292135,0.29111338100102147,2,0,0,54,8,3,1,0,74,5,6,4,1,0,5,3,441,189,137,41,6,17,4,57,12,5,24,0,68,59,60,80,0,0,46,9,0,0,0,66,18,7,4,5,0,3,6,364,86,155,30,10,17,1,67,5,1,20,1,47,41,40,40,3,0
2022-01-08,League Two,3621112,Newport County,Salford City,0.5028901734104047,0.33872832369942196,0.15838150289017341,0,2,2,58,15,4,3,3,73,4,3,8,3,1,8,7,448,171,154,37,20,30,1,50,14,2,16,2,58,65,47,50,0,0,42,10,3,2,1,63,14,3,5,2,0,7,3,336,84,126,36,21,24,1,69,13,3,28,4,45,35,53,25,0,0
2022-01-08,League Two,3620856,Northampton Town,Crawley Town,0.5604838709677419,0.3175403225806452,0.1219758064516129,0,1,2,62,19,1,2,2,70,6,14,12,6,1,17,2,446,157,153,50,28,40,5,60,9,0,10,0,70,56,64,37,1,0,38,3,1,0,0,54,6,2,2,0,0,2,1,291,77,79,17,11,32,3,63,6,6,49,1,46,44,36,0,2,0
2022-01-08,League Two,3620859,Stevenage,Walsall,0.32854864433811803,0.41148325358851673,0.25996810207336524,3,1,0,39,8,5,3,1,50,16,5,2,1,0,5,3,274,47,90,32,18,27,1,63,11,4,25,1,66,58,67,25,2,0,61,12,2,0,0,71,18,5,5,5,0,9,3,435,143,164,35,21,41,3,58,8,2,23,2,43,42,33,31,2,0
2022-01-08,League Two,3620860,Tranmere Rovers,Scunthorpe United,0.5694294940796556,0.3240043057050592,0.10656620021528525,4,0,0,44,12,8,2,0,54,6,8,3,1,0,7,5,309,54,114,35,14,42,0,60,10,4,22,2,59,55,55,50,1,0,56,8,3,1,1,63,9,7,2,3,0,3,5,402,126,127,33,14,33,4,67,12,2,22,3,49,45,45,57,1,0
2022-01-11,League Two,3620855,Mansfield Town,Swindon Town,0.3840725806451613,0.41431451612903225,0.20161290322580644,3,2,0,45,10,3,1,0,58,16,3,4,3,0,8,2,328,57,134,27,7,32,1,82,16,1,32,4,51,41,63,50,2,0,55,12,6,0,0,66,6,6,5,1,1,5,7,397,170,92,39,16,37,1,71,8,3,22,0,54,59,37,62,3,0
2022-01-11,League Two,3620739,Forest Green Rovers,Colchester United,0.5370533745037495,0.3500220555800618,0.1129245699161888,2,0,0,64,14,5,2,1,80,10,6,2,7,0,8,6,528,223,200,34,14,24,3,75,4,2,11,5,43,51,34,50,1,0,36,8,6,0,0,66,11,3,1,1,0,5,3,304,100,102,40,19,15,2,59,9,8,29,2,54,49,66,50,1,0
2022-01-11,League Two,3620845,Salford City,Tranmere Rovers,0.3369336143308746,0.398840885142255,0.2642255005268704,1,1,1,51,12,2,2,1,55,18,8,7,3,0,4,8,330,86,97,28,11,33,1,63,9,1,43,1,77,53,43,50,4,0,49,7,2,2,1,50,19,1,4,1,1,5,2,323,59,101,24,23,37,0,50,3,3,42,1,85,47,57,33,1,0
2022-01-15,League Two,3621113,Newport County,Harrogate Town,0.4811320754716981,0.37631027253668764,0.14255765199161424,4,0,0,42,17,6,3,1,63,14,4,6,5,1,13,4,379,124,116,31,20,22,0,36,14,5,24,3,55,50,39,50,2,0,58,13,3,0,0,72,10,7,5,5,0,4,9,503,170,194,49,13,21,0,70,12,5,17,2,70,50,61,53,3,0
2022-01-15,League Two,3620861,Bradford City,Salford City,0.40797546012269936,0.36503067484662577,0.22699386503067484,2,1,0,64,20,7,2,2,73,10,12,5,8,0,13,7,464,122,219,31,17,30,2,50,8,4,15,3,73,59,59,77,0,0,36,13,4,1,1,58,11,1,5,4,0,7,6,274,92,66,20,17,12,3,45,9,8,51,6,51,41,41,67,3,1
2022-01-15,League Two,3620863,Bristol Rovers,Hartlepool United,0.43844856661045534,0.32040472175379425,0.2411467116357504,2,0,0,45,12,3,1,0,74,15,2,8,1,0,5,7,372,160,117,41,29,19,0,80,11,4,29,3,42,44,47,62,2,0,55,11,3,3,3,75,13,12,4,4,0,9,2,434,174,150,42,7,21,2,64,5,1,16,1,51,56,53,57,4,1
2022-01-15,League Two,3620864,Carlisle United,Crawley Town,0.4787234042553192,0.3170212765957447,0.20425531914893616,1,1,1,55,10,3,2,1,67,17,4,3,4,1,3,7,442,155,140,44,27,24,1,73,8,2,14,3,71,39,62,50,2,0,45,14,4,2,1,59,13,3,8,2,1,10,4,366,93,124,27,25,20,1,63,15,4,18,2,74,61,38,56,2,0
2022-01-15,League Two,3620865,Colchester United,Barrow,0.38311688311688313,0.3658008658008658,0.2510822510822511,0,2,2,48,11,1,4,4,68,13,7,5,5,1,9,2,329,91,132,32,11,24,0,82,8,2,14,6,48,51,44,67,1,0,52,16,8,2,1,72,8,8,7,1,0,8,8,374,133,137,43,28,22,1,80,6,5,22,1,52,49,56,50,3,0
2022-01-15,League Two,3620866,Exeter City,Scunthorpe United,0.5905882352941176,0.28941176470588237,0.12,2,0,0,54,19,5,4,3,65,13,10,10,4,0,12,7,350,66,160,42,44,34,3,50,15,0,10,0,59,50,32,31,0,0,46,5,0,1,1,57,18,2,5,0,0,3,2,296,74,95,34,31,27,1,68,11,4,23,3,83,50,68,36,2,0
2022-01-15,League Two,3620867,Mansfield Town,Walsall,0.6093959731543624,0.26308724832214764,0.12751677852348994,2,0,0,56,18,7,1,1,60,14,6,6,5,0,13,5,330,60,139,41,23,32,0,75,18,1,24,2,68,47,71,11,1,0,44,10,3,0,0,50,11,4,7,0,0,5,5,258,50,79,26,10,46,1,53,11,7,22,3,51,53,29,41,0,0
2022-01-15,League Two,3620868,Northampton Town,Forest Green Rovers,0.2623655913978495,0.3387096774193548,0.3989247311827957,1,1,1,51,10,2,0,0,61,20,4,6,2,1,7,3,331,95,106,41,19,27,0,76,9,0,24,3,62,42,52,75,4,0,49,8,4,0,0,62,9,7,3,1,1,6,2,317,106,91,38,22,26,3,36,11,2,26,1,71,58,48,48,1,0
2022-01-15,League Two,3620870,Port Vale,Swindon Town,0.4395770392749245,0.32779456193353473,0.2326283987915408,1,3,2,32,5,1,0,0,65,9,1,1,3,0,2,3,307,87,114,33,14,19,0,50,16,3,19,6,47,54,54,50,0,1,68,22,9,3,1,83,9,8,10,3,0,8,14,645,273,263,51,13,16,0,75,4,3,7,0,40,46,46,78,1,0
2022-01-15,League Two,3620871,Stevenage,Sutton United,0.30604982206405695,0.3096085409252669,0.38434163701067614,3,3,1,50,20,8,2,1,49,11,2,7,5,0,15,5,373,71,112,23,20,34,1,69,7,3,34,1,61,51,53,80,1,0,50,11,4,2,1,51,10,2,4,3,0,5,6,379,101,93,35,25,36,0,58,7,5,24,5,56,49,47,67,0,0
2022-01-15,League Two,3620872,Tranmere Rovers,Rochdale,0.6141975308641975,0.27983539094650206,0.10596707818930041,2,0,0,36,5,3,0,0,61,12,3,1,1,0,4,1,338,88,119,34,13,26,4,59,15,6,40,4,59,55,45,54,2,0,64,12,4,1,1,76,7,12,1,7,0,9,3,568,205,224,47,23,50,1,38,8,1,9,2,55,45,55,57,0,0
2022-01-18,League Two,3620851,Carlisle United,Hartlepool United,0.38556599110232326,0.4379634206623826,0.17647058823529413,0,0,1,42,17,6,1,1,69,13,4,7,4,1,8,9,377,126,133,37,8,42,0,73,9,2,13,2,48,40,52,33,1,0,58,6,2,0,0,72,7,2,2,2,1,5,1,513,228,142,36,8,24,1,65,10,3,12,6,57,60,48,22,1,0
2022-01-18,League Two,3620823,Port Vale,Salford City,0.7875,0.1625,0.05,0,1,2,61,17,3,2,2,69,13,3,5,9,0,13,4,445,141,165,40,31,45,1,63,4,0,10,0,58,45,54,30,1,0,39,3,1,1,0,56,16,3,2,0,0,2,1,297,80,85,33,17,20,0,63,12,11,36,1,59,55,46,25,3,0
2022-01-18,League Two,3620824,Stevenage,Crawley Town,0.35981062598632296,0.44450289321409786,0.19568648079957918,2,1,0,46,16,9,5,3,53,14,9,7,0,0,10,6,347,80,103,30,32,32,5,73,12,1,19,2,68,47,47,55,0,0,54,12,3,0,0,61,9,4,8,1,0,9,3,423,104,156,35,27,26,1,30,6,0,26,7,76,53,53,50,2,0
2022-01-18,League Two,3620835,Sutton United,Colchester United,0.5026563138536984,0.3743359215365754,0.12300776460972619,3,2,0,58,12,8,2,1,61,9,1,3,1,0,9,3,356,107,110,35,18,30,1,75,4,2,17,3,67,48,45,67,3,0,42,8,5,2,1,46,18,4,1,2,0,6,2,261,60,61,26,17,30,0,60,9,1,41,5,77,52,55,67,4,0
2022-01-22,League Two,3620882,Swindon Town,Bristol Rovers,0.5319383259911894,0.30726872246696035,0.16079295154185022,1,1,1,43,12,4,2,2,65,13,8,3,5,0,7,5,307,140,61,30,40,29,1,67,3,4,18,3,43,45,45,45,1,0,57,11,4,1,1,75,13,4,3,4,0,7,4,411,141,168,45,27,27,1,60,13,5,18,3,52,55,55,57,6,0
2022-01-22,League Two,3620873,Barrow,Mansfield Town,0.3047337278106509,0.3032544378698225,0.39201183431952663,1,3,2,65,9,2,0,0,80,10,7,4,3,1,6,3,480,174,211,54,31,24,0,70,5,1,14,3,48,55,51,62,3,0,35,10,6,0,0,58,10,8,3,1,0,8,2,253,54,94,36,21,19,1,78,12,3,20,1,42,45,49,50,2,1
2022-01-22,League Two,3620874,Crawley Town,Tranmere Rovers,0.2488479262672811,0.3210445468509985,0.43010752688172044,0,1,2,52,6,1,0,0,54,12,3,4,1,0,4,2,367,72,125,42,23,36,1,47,11,3,23,2,84,56,55,36,1,0,48,11,3,0,0,55,19,5,5,3,0,5,6,332,67,115,30,0,39,1,67,9,1,19,1,67,44,45,46,2,0
2022-01-22,League Two,3620875,Forest Green Rovers,Carlisle United,0.6186161449752883,0.27182866556836904,0.10955518945634267,3,0,0,56,21,9,0,0,75,9,3,7,5,0,15,6,429,137,185,53,42,32,2,64,12,4,11,1,63,48,72,47,1,0,44,8,1,0,0,71,10,6,3,4,0,4,4,343,122,122,45,9,17,3,70,10,5,10,7,47,52,28,75,2,0
2022-01-22,League Two,3620876,Harrogate Town,Oldham Athletic,0.5195729537366548,0.3238434163701068,0.15658362989323843,3,0,0,44,17,6,4,2,72,5,6,7,4,0,7,10,344,107,141,49,36,16,0,61,11,6,31,2,67,75,58,75,1,0,56,11,2,1,1,79,15,5,3,6,0,2,9,438,246,100,43,11,25,2,50,8,4,13,3,32,25,42,73,2,0
2022-01-22,League Two,3620877,Hartlepool United,Stevenage,0.5022522522522522,0.32657657657657657,0.17117117117117117,1,1,1,58,13,3,1,1,70,7,5,7,3,0,4,9,554,154,232,39,15,30,3,70,6,4,13,1,68,54,50,65,1,0,42,8,2,1,0,61,12,3,2,4,0,5,3,404,118,129,24,6,33,2,53,9,3,25,2,62,46,50,50,0,0
2022-01-22,League Two,3620878,Leyton Orient,Port Vale,0.4583333333333333,0.32894736842105265,0.21271929824561403,0,0,1,48,7,2,0,0,55,11,3,4,1,0,3,4,333,94,90,33,0,34,1,38,7,2,25,2,57,50,54,63,4,0,52,6,2,0,0,58,14,5,2,2,0,2,4,366,83,129,24,5,32,1,69,3,1,23,2,52,50,46,60,2,0
2022-01-22,League Two,3620879,Rochdale,Bradford City,0.3044496487119438,0.2997658079625293,0.3957845433255269,0,0,1,58,12,4,0,0,72,14,5,2,6,0,6,6,434,121,190,38,11,19,3,75,3,5,29,3,69,52,58,40,0,0,42,13,3,0,0,65,12,5,5,5,0,2,11,317,73,134,36,0,33,0,77,8,5,27,4,57,48,42,38,1,0
2022-01-22,League Two,3620880,Salford City,Colchester United,0.5754884547069272,0.27353463587921845,0.15097690941385436,0,3,2,59,10,4,1,1,71,8,3,2,4,0,6,4,440,141,173,55,25,40,3,77,11,3,14,5,71,52,59,100,3,0,41,14,9,4,2,57,12,6,3,2,1,13,1,308,72,105,31,33,21,2,75,7,4,28,4,56,48,41,69,1,0
2022-01-22,League Two,3621114,Scunthorpe United,Newport County,0.26706827309236947,0.3192771084337349,0.41365461847389556,0,1,2,49,6,2,1,1,66,11,1,3,1,1,4,2,364,120,119,26,20,29,0,89,12,7,35,6,53,42,50,25,0,0,51,26,7,1,1,71,10,9,12,7,2,19,7,361,92,164,46,29,39,1,52,7,1,19,2,65,58,50,73,0,0
2022-01-22,League Two,3620881,Sutton United,Northampton Town,0.49710982658959535,0.3468208092485549,0.15606936416184972,0,0,1,40,12,5,1,1,49,7,3,4,3,0,6,6,310,65,86,24,38,18,1,70,6,1,31,3,63,60,59,50,0,1,60,8,3,1,1,67,13,3,4,1,0,5,3,460,144,163,35,11,37,3,71,6,3,21,5,43,40,41,60,3,0
2022-01-22,League Two,3620883,Walsall,Exeter City,0.346,0.374,0.28,0,2,2,38,8,3,1,1,50,13,4,4,1,0,4,4,241,47,73,21,22,29,1,63,11,4,23,7,60,56,45,63,1,1,62,16,9,5,3,67,9,9,3,4,0,10,6,410,91,185,44,21,27,1,86,6,1,13,3,59,44,55,54,2,0
2022-01-25,League Two,3620780,Barrow,Salford City,0.3250624219725343,0.4403870162297129,0.2345505617977528,0,2,2,48,14,1,0,0,69,13,6,6,7,0,6,8,398,128,145,42,25,31,1,75,4,5,12,2,48,45,53,73,2,0,52,11,3,0,0,73,9,7,3,5,0,3,8,452,191,137,30,15,19,2,62,12,7,35,1,50,55,47,33,3,0
2022-01-25,League Two,3621110,Leyton Orient,Newport County,0.3317092976045473,0.4457978075517661,0.22249289484368656,0,1,2,56,10,2,0,0,69,16,4,5,3,0,5,5,427,164,129,36,5,41,0,69,13,3,11,3,66,48,62,36,0,0,44,9,4,2,1,58,11,4,2,3,0,5,4,332,101,90,25,40,21,2,94,11,3,24,2,56,52,38,50,0,0
2022-01-25,League Two,3620811,Scunthorpe United,Bristol Rovers,0.2813573883161512,0.4424398625429553,0.2762027491408935,2,3,2,50,14,5,1,0,56,8,7,7,2,0,9,5,352,108,90,24,30,35,1,45,10,3,9,2,58,50,41,42,1,0,50,12,5,5,2,56,7,3,4,3,0,9,3,361,85,116,32,17,36,3,71,11,2,25,3,67,50,59,57,1,0
2022-01-25,League Two,3620837,Walsall,Bradford City,0.317979797979798,0.4593939393939394,0.22262626262626262,1,2,2,62,12,6,2,2,69,16,5,5,1,0,5,7,443,164,140,31,16,33,0,63,8,2,15,2,71,46,49,27,4,0,38,8,4,2,1,53,16,1,2,2,0,8,0,271,55,88,36,20,33,0,67,8,0,25,5,77,54,51,67,2,0
2022-01-29,League Two,3620884,Bradford City,Crawley Town,0.5119846596356663,0.37392138063279,0.11409395973154363,1,2,2,52,13,3,3,2,66,16,7,3,7,0,8,5,382,79,174,32,14,28,2,76,12,6,23,4,65,49,43,36,2,0,48,16,6,1,0,61,11,3,4,6,0,8,8,348,84,129,31,28,35,2,56,11,7,30,2,77,51,57,37,2,0
2022-01-29,League Two,3620885,Bristol Rovers,Walsall,0.5115062761506276,0.3378661087866109,0.1506276150627615,1,0,0,46,10,6,1,0,50,8,5,2,2,0,8,2,272,57,80,19,0,32,2,75,12,2,13,2,48,55,36,43,1,1,54,7,2,0,0,61,22,5,3,2,0,6,1,318,98,97,35,25,27,4,55,6,2,17,5,58,45,64,50,5,0
2022-01-29,League Two,3620886,Carlisle United,Sutton United,0.2668067226890756,0.3329831932773109,0.40021008403361347,0,2,2,55,10,2,2,2,67,10,5,4,4,1,6,4,390,137,124,31,18,24,0,60,11,3,29,4,51,50,36,54,1,0,45,12,6,2,2,58,13,8,1,5,0,9,3,322,77,110,42,0,31,1,58,7,4,26,2,68,50,64,73,2,0
2022-01-29,League Two,3620887,Colchester United,Swindon Town,0.28937007874015747,0.35334645669291337,0.3572834645669291,1,1,1,31,6,2,0,0,58,18,4,4,0,0,6,0,254,61,87,31,41,19,1,82,11,2,17,4,45,41,59,43,3,2,69,12,5,2,1,82,10,5,4,3,0,8,4,599,309,180,52,33,16,4,64,8,0,18,1,48,59,41,100,2,0
2022-01-29,League Two,3620888,Exeter City,Hartlepool United,0.4951541850220264,0.3568281938325991,0.14801762114537445,0,0,1,60,14,2,1,1,72,9,4,9,3,0,11,3,467,116,220,41,21,34,1,63,9,2,15,1,33,44,38,38,3,0,40,7,1,0,0,59,4,5,4,2,0,4,3,316,62,125,20,36,32,2,60,13,3,42,2,49,56,63,50,1,1
2022-01-29,League Two,3620889,Mansfield Town,Leyton Orient,0.5719329214474845,0.30450132391879964,0.1235657546337158,2,0,0,52,6,4,0,0,59,11,5,1,1,0,4,2,374,75,145,29,4,45,0,47,3,1,20,1,45,44,46,33,1,0,48,6,1,1,1,57,8,2,3,2,1,3,3,357,97,107,30,0,36,2,53,5,1,25,2,55,56,54,70,3,0
2022-01-29,League Two,3621115,Newport County,Barrow,0.5871632329635499,0.3050713153724247,0.10776545166402536,2,1,0,46,12,6,1,1,68,12,3,3,3,0,9,3,355,137,104,31,0,13,0,85,5,3,25,1,55,56,47,50,1,0,54,8,1,1,1,76,11,7,4,3,0,3,5,393,146,153,57,13,33,2,70,8,3,10,4,51,44,53,36,5,0
2022-01-29,League Two,3620890,Northampton Town,Salford City,0.4706533776301218,0.3698781838316722,0.15946843853820597,1,0,0,54,11,5,3,2,61,12,8,4,2,0,7,4,396,108,134,22,29,24,1,33,9,2,23,3,65,48,49,43,0,0,46,6,2,0,0,56,14,8,2,2,0,5,1,339,82,108,27,19,33,2,56,14,3,16,2,68,52,51,56,2,0
2022-01-29,League Two,3620891,Oldham Athletic,Rochdale,0.328110599078341,0.40276497695852537,0.26912442396313363,0,0,1,39,6,0,0,0,62,9,1,5,1,0,4,2,291,94,87,41,14,26,2,48,5,2,25,0,59,49,57,36,3,0,61,7,0,0,0,77,12,9,5,2,0,5,2,448,163,184,45,14,39,2,65,2,1,11,0,56,51,43,58,2,0
2022-01-29,League Two,3620892,Port Vale,Scunthorpe United,0.5308641975308642,0.3333333333333333,0.13580246913580246,1,0,0,55,9,3,2,1,64,10,6,4,2,1,7,2,402,86,173,35,23,42,3,53,10,2,12,2,59,53,68,100,2,0,45,5,2,1,1,59,6,3,1,2,0,4,1,329,94,99,30,12,31,3,80,11,2,24,2,40,47,32,40,0,0
2022-01-29,League Two,3620893,Stevenage,Harrogate Town,0.375,0.4171686746987952,0.20783132530120482,3,0,0,45,8,3,0,0,56,13,5,4,1,0,6,2,351,80,115,25,20,40,1,42,9,3,27,2,71,45,53,75,1,0,55,11,2,0,0,68,4,5,6,3,0,7,4,423,131,155,32,11,41,1,70,5,1,38,0,73,55,48,71,0,0
2022-01-29,League Two,3620894,Tranmere Rovers,Forest Green Rovers,0.3175041413583655,0.38928768636112643,0.293208172280508,0,4,2,52,6,3,0,0,65,11,5,2,1,0,3,3,378,88,158,28,9,31,0,79,10,4,22,2,60,45,51,33,1,0,48,14,6,2,1,63,10,6,4,4,0,12,2,349,89,130,33,17,31,1,57,13,1,16,3,66,55,49,50,0,0
2022-02-01,League Two,3620849,Bradford City,Leyton Orient,0.44391095591444785,0.4168485377564382,0.13924050632911392,1,1,1,49,12,2,0,0,65,11,5,8,2,0,4,8,383,66,184,35,27,38,1,57,3,1,21,2,60,52,40,50,2,0,51,5,3,0,0,65,16,4,1,1,0,4,1,407,138,128,44,24,31,2,36,9,2,26,1,73,48,60,38,2,0
2022-02-01,League Two,3620852,Colchester United,Rochdale,0.37141750580945004,0.4407436096049574,0.18783888458559256,1,1,1,41,9,4,1,1,64,15,4,3,2,0,5,4,327,105,103,30,19,20,2,83,9,5,26,1,46,54,50,78,1,0,59,9,2,0,0,71,8,5,2,5,0,6,3,471,138,197,41,15,29,0,57,8,2,20,3,42,46,50,50,1,0
2022-02-01,League Two,3620830,Harrogate Town,Mansfield Town,0.3158119658119658,0.37051282051282053,0.31367521367521367,0,0,1,51,13,4,2,2,56,8,7,4,5,1,9,4,311,76,98,26,27,28,1,80,8,6,43,3,76,58,60,59,2,0,49,13,4,1,1,46,14,7,4,5,0,9,4,298,54,83,20,29,40,0,56,6,5,23,4,52,42,40,33,2,0
2022-02-01,League Two,3620808,Northampton Town,Barrow,0.5285487708168121,0.35804916732751785,0.1134020618556701,0,1,2,64,15,4,0,0,73,8,3,6,5,0,10,5,428,169,145,39,41,22,1,58,5,1,23,3,72,54,61,73,1,0,36,8,4,0,0,55,18,6,3,1,0,4,4,233,56,71,27,10,31,1,50,6,5,27,4,53,46,39,56,4,0
2022-02-01,League Two,3620858,Port Vale,Forest Green Rovers,0.25530331224413844,0.3539263118719762,0.39077037588388536,1,1,1,45,8,4,0,0,63,14,5,2,2,0,5,3,273,60,111,37,33,28,1,63,12,2,19,1,53,41,45,33,0,0,55,8,2,1,0,67,12,8,3,3,0,6,2,336,116,108,20,20,24,1,84,5,2,10,3,70,59,55,44,0,0
2022-02-01,League Two,3620833,Salford City,Carlisle United,0.4481691593604951,0.4038164002062919,0.148014440433213,2,1,0,54,17,4,4,3,66,8,8,5,8,0,10,7,402,120,145,45,25,35,2,67,17,3,19,0,52,51,58,67,0,0,46,6,1,1,0,56,11,2,1,4,0,3,3,360,106,96,28,0,28,0,54,10,7,29,2,43,49,42,50,2,0
2022-02-01,League Two,3620744,Swindon Town,Crawley Town,0.4772827525363917,0.38597265108072343,0.13674459638288486,1,1,1,71,22,4,0,0,86,8,9,12,6,0,15,7,558,236,242,73,29,27,2,71,4,0,16,3,48,45,64,60,0,0,29,11,4,1,0,62,17,2,6,1,0,7,4,236,51,95,27,17,17,2,52,12,6,22,3,47,55,36,75,0,0
2022-02-01,League Two,3620779,Tranmere Rovers,Stevenage,0.5151408450704226,0.3475352112676056,0.13732394366197184,1,0,0,46,12,6,2,2,59,4,7,2,4,1,7,5,410,75,168,34,21,45,1,71,15,2,28,2,60,47,47,29,0,0,54,10,2,1,1,63,6,5,6,2,0,7,3,487,157,151,30,32,31,2,62,14,3,29,5,68,53,53,38,1,0
2022-02-05,League Two,3620897,Harrogate Town,Bradford City,0.4120956399437412,0.3459915611814346,0.2419127988748242,2,0,0,46,10,3,0,0,60,8,3,2,5,0,5,5,343,73,134,34,6,27,2,53,16,5,27,6,63,54,42,57,1,0,54,18,6,0,0,64,14,7,7,5,0,8,10,394,101,152,41,35,41,0,59,8,5,12,1,69,46,58,50,2,0
2022-02-05,League Two,3620895,Barrow,Tranmere Rovers,0.25735294117647056,0.296218487394958,0.44642857142857145,1,1,1,54,7,2,3,2,59,13,3,3,2,0,6,1,320,93,97,38,26,30,1,46,2,8,8,3,40,40,56,43,3,0,46,16,5,2,2,54,6,8,4,7,0,8,8,272,51,95,30,31,36,3,57,5,2,12,1,46,60,44,42,1,0
2022-02-05,League Two,3620896,Crawley Town,Stevenage,0.43617021276595747,0.3574468085106383,0.20638297872340425,2,2,1,49,16,6,2,0,63,6,7,7,3,0,12,4,407,99,159,32,45,25,2,60,8,4,21,1,60,57,44,57,1,0,51,12,3,0,0,67,14,3,4,5,0,5,7,419,155,127,39,0,24,2,75,10,3,25,4,60,43,56,54,2,0
2022-02-05,League Two,3621116,Forest Green Rovers,Newport County,0.5531574740207834,0.3069544364508393,0.1398880895283773,2,0,0,41,16,10,4,2,60,7,3,3,3,0,15,1,277,88,77,29,63,36,1,83,18,2,12,2,65,56,56,44,0,0,59,6,2,0,0,68,12,3,2,2,0,4,2,418,143,142,36,0,30,1,72,7,3,10,8,51,44,44,67,3,0
2022-02-05,League Two,3620899,Leyton Orient,Colchester United,0.4722689075630252,0.3411764705882353,0.1865546218487395,0,1,2,59,6,5,1,1,67,14,7,1,0,0,5,1,421,166,117,41,23,40,2,80,7,3,26,3,45,46,46,55,2,0,41,10,4,0,0,55,13,6,2,4,0,6,4,284,67,89,22,15,29,2,62,9,0,23,5,52,54,54,56,3,0
2022-02-05,League Two,3620902,Scunthorpe United,Oldham Athletic,0.395910780669145,0.35687732342007433,0.24721189591078066,0,1,2,50,8,1,1,1,60,13,2,4,3,0,5,3,337,102,99,34,20,31,3,71,3,2,27,0,45,38,44,18,0,0,50,8,1,0,0,59,14,8,5,2,0,4,4,346,90,115,30,35,27,6,47,9,3,19,1,64,62,56,83,0,0
2022-02-05,League Two,3620903,Sutton United,Bristol Rovers,0.5186615186615187,0.29214929214929214,0.1891891891891892,1,1,1,36,16,10,3,2,58,21,8,5,1,1,10,6,271,63,94,46,26,20,4,77,10,4,11,1,49,37,64,57,4,0,64,9,2,2,1,75,6,8,3,4,1,4,5,491,218,152,39,8,16,2,56,5,2,32,8,53,63,36,45,1,0
2022-02-05,League Two,3620904,Swindon Town,Exeter City,0.4673913043478261,0.3245341614906832,0.2080745341614907,1,2,2,53,6,3,0,0,72,6,6,2,1,0,5,1,398,167,121,27,0,30,0,33,11,6,24,5,29,42,24,45,0,0,47,19,7,0,0,65,9,7,6,6,0,13,6,350,87,141,33,19,29,4,62,12,1,19,2,53,58,76,56,0,0
2022-02-05,League Two,3620905,Walsall,Northampton Town,0.3306188925081433,0.34527687296416937,0.3241042345276873,0,1,2,55,10,4,0,0,59,13,4,2,4,0,6,4,381,110,115,25,24,47,1,80,12,1,24,6,66,50,42,38,2,0,45,8,7,1,1,47,11,2,0,1,0,5,3,314,78,70,21,36,32,1,50,7,4,22,4,77,50,58,63,2,0
2022-02-08,League Two,3620906,Carlisle United,Port Vale,0.2925977653631285,0.4399441340782123,0.2674581005586592,1,3,2,51,7,1,0,0,76,11,4,3,3,0,3,4,460,210,141,34,17,24,1,58,2,3,16,5,44,44,44,64,0,0,49,17,8,4,2,78,8,4,6,3,0,14,3,449,128,220,44,18,24,1,50,10,3,13,0,57,56,56,70,0,0
2022-02-08,League Two,3620907,Exeter City,Leyton Orient,0.4831640833778728,0.40085515766969537,0.11598075895243186,1,0,0,58,14,3,2,1,64,13,5,6,5,0,9,5,395,88,166,37,25,50,2,71,12,1,11,2,48,37,39,25,2,0,42,5,2,1,1,51,9,3,2,1,0,5,0,296,73,79,31,10,28,1,50,12,5,29,2,79,63,61,50,3,0
2022-02-08,League Two,3620908,Forest Green Rovers,Rochdale,0.5619834710743802,0.34973703981968446,0.08827948910593539,2,1,0,58,13,4,0,0,77,9,8,6,3,2,8,5,508,223,170,41,19,25,0,50,12,2,14,0,60,58,48,60,1,0,42,7,1,1,0,71,9,2,4,2,0,6,1,393,144,134,23,0,21,0,59,12,3,38,2,52,42,52,33,1,0
2022-02-08,League Two,3620909,Harrogate Town,Crawley Town,0.4225941422594142,0.4635983263598326,0.11380753138075314,1,3,2,51,9,4,0,0,62,8,2,5,0,0,4,5,387,95,144,38,20,24,0,74,10,5,27,1,92,55,62,55,2,0,49,13,4,2,0,58,11,6,4,5,1,6,7,365,73,140,31,9,38,1,61,10,0,12,3,66,45,38,43,2,0
2022-02-08,League Two,3620910,Hartlepool United,Barrow,0.4233128834355828,0.44785276073619634,0.12883435582822086,3,1,0,52,10,4,1,1,74,6,2,4,2,1,5,5,406,161,138,47,8,25,2,50,7,0,16,2,40,60,56,33,1,0,48,6,3,1,1,69,13,3,3,0,1,4,2,378,152,110,37,21,38,1,63,4,2,13,1,28,40,44,50,3,0
2022-02-08,League Two,3620911,Mansfield Town,Colchester United,0.5086605080831409,0.384526558891455,0.10681293302540416,2,1,0,50,12,4,2,1,65,13,5,5,3,0,7,5,381,67,180,31,17,31,4,50,17,3,22,0,39,43,39,36,3,0,50,7,1,1,1,62,8,4,3,3,0,4,3,380,126,108,37,13,30,2,83,9,3,34,2,56,57,61,36,2,0
2022-02-08,League Two,3621117,Northampton Town,Newport County,0.38445078459343796,0.4522111269614836,0.16333808844507847,1,0,0,45,14,4,4,3,56,7,6,8,2,0,12,2,263,83,64,24,26,31,0,100,16,4,31,6,52,45,65,25,2,0,55,12,6,1,1,56,13,4,2,4,0,12,0,328,82,103,30,21,44,1,50,6,3,20,2,43,55,35,60,2,0
2022-02-08,League Two,3620912,Oldham Athletic,Bristol Rovers,0.2895148669796557,0.4350547730829421,0.27543035993740217,2,1,0,29,13,5,2,1,54,11,6,7,1,1,11,2,231,55,70,30,32,18,6,76,14,1,17,4,55,58,61,38,1,0,71,9,5,0,0,77,15,8,3,1,0,4,5,592,275,181,42,24,23,1,56,7,1,13,3,38,42,39,29,2,0
2022-02-08,League Two,3620914,Scunthorpe United,Walsall,0.3011305241521069,0.47687564234326824,0.22199383350462487,1,0,0,42,8,2,1,0,45,14,1,3,3,1,4,4,253,57,56,18,20,22,0,68,10,5,31,5,73,50,54,46,0,1,58,16,5,1,1,62,15,7,6,5,1,5,11,331,72,133,30,28,38,1,45,12,3,8,1,68,50,46,41,1,0
2022-02-08,League Two,3620915,Stevenage,Bradford City,0.35564053537284895,0.43881453154875716,0.2055449330783939,0,1,2,60,16,4,1,1,70,6,5,7,5,0,10,6,432,168,133,26,18,24,5,47,8,5,23,4,66,65,53,43,1,0,40,15,5,1,1,58,10,8,5,5,0,14,1,283,55,108,34,35,32,4,50,9,5,27,4,48,35,47,40,2,0
2022-02-08,League Two,3620913,Sutton United,Salford City,0.8736842105263158,0.10526315789473684,0.021052631578947368,0,0,1,50,12,2,3,3,57,12,7,6,4,1,7,5,327,76,109,29,14,37,2,62,6,3,25,1,57,44,47,11,0,0,50,9,1,0,0,53,12,5,4,4,0,6,3,324,76,96,26,29,31,1,71,8,4,33,2,68,56,53,45,0,0
2022-02-08,League Two,3620916,Tranmere Rovers,Swindon Town,0.47759433962264153,0.38620283018867924,0.13620283018867924,3,0,0,36,13,5,4,1,60,17,3,5,3,2,8,5,275,48,117,22,8,44,0,59,12,3,13,0,56,48,45,38,1,0,64,6,0,0,0,76,11,2,3,3,0,5,1,500,273,108,32,21,38,3,75,9,3,23,2,64,52,55,50,2,0
2022-02-12,League Two,3620917,Barrow,Stevenage,0.4434931506849315,0.3613013698630137,0.1952054794520548,0,0,1,56,11,2,1,1,82,3,8,5,4,1,5,6,536,217,225,39,19,22,2,45,6,3,15,3,47,67,42,54,0,1,44,8,4,1,1,77,14,2,1,3,0,5,3,423,190,135,25,20,28,0,56,6,4,30,2,37,33,58,43,0,1
2022-02-12,League Two,3620918,Bradford City,Exeter City,0.3699421965317919,0.3236994219653179,0.3063583815028902,0,1,2,47,10,2,1,1,54,9,6,6,2,0,4,6,319,51,120,22,27,49,1,63,12,5,29,5,76,47,52,40,2,0,53,14,7,3,2,59,11,9,3,4,0,8,6,369,94,125,36,20,35,2,62,12,2,35,2,76,53,48,31,1,0
2022-02-12,League Two,3620919,Bristol Rovers,Mansfield Town,0.2980225988700565,0.2669491525423729,0.4350282485875706,0,0,1,46,8,1,0,0,57,7,4,4,3,0,4,4,274,79,77,36,7,39,4,55,14,0,24,4,51,52,51,33,2,0,54,6,4,0,0,62,15,4,2,0,0,4,2,332,73,132,36,11,47,5,63,8,3,15,1,48,48,49,71,3,0
2022-02-12,League Two,3620920,Colchester United,Carlisle United,0.5450733752620545,0.3039832285115304,0.1509433962264151,2,2,1,63,18,4,2,1,67,10,8,10,4,0,10,8,470,105,211,31,25,52,1,63,7,0,7,2,52,54,44,50,1,0,37,6,4,1,0,44,10,1,2,0,0,4,2,291,64,64,26,25,24,0,53,10,4,24,2,54,46,56,17,3,0
2022-02-12,League Two,3620921,Crawley Town,Hartlepool United,0.4779582366589327,0.3062645011600928,0.21577726218097448,0,1,2,58,17,3,2,2,72,9,8,9,5,2,12,5,467,126,211,54,17,28,0,56,6,3,8,3,61,50,49,56,0,0,42,9,5,0,0,63,13,2,2,2,0,5,4,344,99,118,35,25,26,1,75,9,5,33,3,62,50,51,61,1,0
2022-02-12,League Two,3620922,Leyton Orient,Salford City,0.43309002433090027,0.3357664233576642,0.23114355231143552,0,2,2,49,10,3,1,1,58,17,5,3,4,0,4,6,359,101,109,33,15,37,4,64,6,2,26,4,68,46,64,36,0,0,51,10,6,5,3,61,9,5,2,2,0,7,3,382,124,110,26,33,27,1,64,8,4,23,3,55,54,36,60,0,0
2022-02-12,League Two,3621118,Newport County,Oldham Athletic,0.5969387755102041,0.26403061224489793,0.13903061224489796,3,3,1,63,37,11,1,1,77,6,10,13,13,1,22,15,478,176,191,51,37,31,1,77,6,3,10,4,43,50,50,33,0,0,37,14,7,1,0,64,7,4,4,3,0,6,8,288,75,108,30,30,16,1,60,17,13,38,8,43,50,50,56,0,0
2022-02-12,League Two,3620923,Port Vale,Northampton Town,0.40854700854700854,0.3333333333333333,0.25811965811965815,0,0,1,52,11,3,0,0,58,8,3,5,3,0,7,4,332,63,130,36,39,24,2,78,8,2,17,1,65,52,60,67,1,0,48,7,1,0,0,60,12,2,4,2,0,2,5,313,80,109,24,11,31,2,58,11,3,17,3,50,48,40,57,3,0
2022-02-12,League Two,3620924,Rochdale,Harrogate Town,0.45614035087719296,0.3258145363408521,0.21804511278195488,3,3,1,64,19,9,4,3,77,9,11,3,7,0,11,8,500,181,203,37,17,24,1,47,5,3,8,6,52,51,41,64,2,0,36,16,9,3,2,66,14,4,4,3,0,9,7,290,94,97,39,17,17,0,57,12,7,32,6,58,49,59,68,1,0
2022-02-12,League Two,3620925,Sutton United,Forest Green Rovers,0.23862487360970677,0.3063700707785642,0.455005055611729,1,1,1,45,12,4,1,1,55,11,4,6,2,0,10,2,305,92,75,34,31,31,1,61,4,3,18,3,70,53,61,54,1,0,55,12,4,1,0,62,11,4,5,3,0,7,5,375,90,143,31,16,24,1,64,9,4,17,1,55,47,39,67,0,0
2022-02-12,League Two,3620926,Swindon Town,Scunthorpe United,0.6222222222222222,0.2474074074074074,0.13037037037037036,3,0,0,55,25,9,1,0,76,6,8,5,11,0,10,15,416,165,150,46,29,36,1,60,2,4,19,7,53,53,63,60,0,0,45,13,7,1,1,68,11,3,2,4,0,6,7,341,120,113,23,18,24,2,67,9,10,26,6,41,47,37,25,0,0
2022-02-12,League Two,3620927,Walsall,Tranmere Rovers,0.2420091324200913,0.2614155251141553,0.4965753424657534,1,0,0,53,7,2,1,0,60,14,6,4,1,0,7,0,347,71,138,38,23,30,1,71,24,3,17,1,66,47,53,29,2,0,47,8,1,1,1,53,16,6,4,3,0,6,2,319,50,120,27,17,23,2,54,15,1,27,1,68,53,47,40,1,0
2022-02-15,League Two,3620816,Bristol Rovers,Sutton United,0.35071753587679383,0.43682184109205463,0.21246062303115157,2,0,0,56,20,6,3,2,71,9,5,8,6,0,8,12,367,102,158,24,7,26,4,77,8,9,26,2,51,62,38,90,1,0,44,16,2,2,2,61,11,6,5,9,0,10,6,283,76,96,36,24,31,1,60,12,5,15,4,50,38,63,29,3,0
2022-02-15,League Two,3620853,Exeter City,Harrogate Town,0.4938157081014224,0.38280766852195425,0.12337662337662338,4,3,0,57,19,11,4,3,63,10,12,5,3,0,15,4,356,89,136,29,20,36,0,67,7,2,17,7,55,45,47,44,0,0,43,17,10,2,1,57,8,6,4,3,0,15,2,277,49,108,25,28,37,2,69,10,3,33,7,65,55,53,43,2,0
2022-02-15,League Two,3620831,Hartlepool United,Tranmere Rovers,0.32105441027374115,0.41162554917201755,0.2673200405542413,1,0,0,53,7,2,0,0,63,8,3,4,1,0,3,4,418,142,121,38,10,35,2,55,11,5,25,3,78,63,62,56,2,0,47,14,3,1,1,58,18,3,6,5,0,7,7,366,72,140,25,30,42,2,89,8,1,10,2,47,37,38,33,2,0
2022-02-19,League Two,3620933,Northampton Town,Colchester United,0.5805288461538461,0.2848557692307692,0.1346153846153846,3,0,0,46,13,7,5,3,63,12,4,2,4,0,9,4,353,127,94,31,20,29,3,69,10,4,30,2,42,42,45,31,0,0,54,10,2,0,0,67,9,5,4,4,1,5,5,395,122,144,37,24,37,1,52,17,5,9,3,56,58,55,33,1,0
2022-02-19,League Two,3620928,Carlisle United,Swindon Town,0.3092979127134725,0.25996204933586337,0.4307400379506641,0,3,2,42,17,6,0,0,70,10,6,7,4,0,11,6,335,113,121,31,32,30,1,59,15,7,23,4,68,51,43,50,1,0,58,18,7,5,2,74,9,3,4,7,0,12,6,464,196,149,38,13,28,3,44,6,3,18,6,74,49,57,45,2,0
2022-02-19,League Two,3620930,Forest Green Rovers,Walsall,0.8333333333333334,0.09090909090909091,0.07575757575757576,0,1,2,60,10,1,1,1,72,5,6,5,4,0,4,6,439,156,162,40,11,36,1,47,6,7,7,1,65,49,47,50,3,0,40,16,2,1,0,61,10,4,7,7,0,11,5,303,75,109,25,23,23,1,46,22,3,23,1,69,51,53,67,2,0
2022-02-19,League Two,3620932,Hartlepool United,Sutton United,0.47878787878787876,0.2808080808080808,0.2404040404040404,1,1,1,63,10,4,1,0,72,8,3,5,1,1,3,7,534,210,176,41,22,24,2,61,4,6,27,2,71,61,45,68,0,0,37,11,3,1,1,61,11,3,2,6,0,6,5,312,85,105,34,20,37,3,56,8,1,10,3,59,39,55,33,0,0
2022-02-19,League Two,3621119,Newport County,Mansfield Town,0.41080196399345337,0.32405891980360063,0.265139116202946,1,1,1,51,17,3,2,1,57,7,4,7,7,0,8,9,375,125,90,34,21,31,2,71,10,2,24,3,51,57,49,100,1,0,49,14,3,1,1,62,9,8,8,3,0,10,4,359,47,174,38,29,37,3,60,9,6,30,2,47,43,51,50,3,1
2022-02-19,League Two,3620934,Oldham Athletic,Bradford City,0.3980392156862745,0.2647058823529412,0.33725490196078434,2,0,0,44,14,6,1,0,54,8,5,2,6,0,10,4,336,80,101,22,31,23,1,50,17,3,10,2,68,52,47,60,0,0,56,10,2,1,1,68,12,6,5,3,1,7,3,446,140,162,31,25,24,2,73,15,6,10,4,71,48,53,64,0,0
2022-02-19,League Two,3620936,Scunthorpe United,Rochdale,0.3324396782841823,0.3109919571045576,0.35656836461126007,1,2,2,50,12,4,2,2,75,11,1,4,4,0,5,7,437,165,164,42,5,27,2,39,10,2,26,3,63,57,51,33,3,0,50,11,5,3,2,72,14,6,4,2,0,8,3,432,178,135,23,23,28,3,67,13,4,23,3,52,43,49,50,2,0
2022-02-19,League Two,3620937,Stevenage,Bristol Rovers,0.37767220902612825,0.2992874109263658,0.32304038004750596,0,4,2,38,13,2,1,1,69,10,10,3,8,1,8,5,269,93,93,36,13,23,1,46,7,7,23,7,47,45,43,60,1,0,62,24,12,6,4,78,12,8,6,6,0,20,4,473,170,200,39,19,27,4,53,6,6,28,2,60,55,58,76,3,0
2022-02-19,League Two,3620938,Tranmere Rovers,Port Vale,0.5807228915662651,0.26867469879518074,0.15060240963855423,1,1,1,43,17,4,3,2,57,13,3,6,7,0,8,9,361,72,135,33,31,33,1,64,6,4,21,0,64,48,51,57,2,0,57,10,1,1,0,66,11,4,4,5,0,6,4,471,135,176,32,44,33,4,60,6,7,18,3,66,52,49,45,2,0
2022-02-22,League Two,3620815,Bradford City,Harrogate Town,0.3879093198992443,0.4256926952141058,0.18639798488664988,1,3,2,44,25,5,0,0,58,14,10,6,14,1,11,14,305,52,126,40,24,36,1,77,7,3,9,0,83,43,54,36,2,0,56,9,3,2,1,64,10,1,3,3,0,4,5,406,128,132,27,25,23,2,71,4,13,45,4,82,57,46,50,2,0
2022-02-22,League Two,3620805,Colchester United,Hartlepool United,0.33460076045627374,0.4372623574144487,0.22813688212927757,1,2,2,39,11,6,1,0,67,18,2,5,0,2,9,2,307,73,133,47,6,26,1,44,3,5,19,4,48,37,51,41,2,0,61,14,6,1,0,76,5,7,3,5,1,9,5,483,169,197,37,22,18,3,50,3,0,24,5,66,63,49,53,2,0
2022-02-22,League Two,3620843,Leyton Orient,Bristol Rovers,0.35850891410048624,0.4388978930307942,0.2025931928687196,0,2,2,45,14,2,3,3,60,13,2,8,4,1,13,1,326,88,109,30,31,32,3,60,10,2,10,5,65,55,63,21,4,0,55,11,7,2,1,71,17,1,2,2,0,6,5,409,131,158,34,0,34,2,69,6,4,20,2,48,45,38,50,3,0
2022-02-22,League Two,3620832,Rochdale,Port Vale,0.354916067146283,0.4274580335731415,0.21762589928057555,1,1,1,50,3,1,1,0,67,9,1,2,0,0,1,2,439,207,89,24,14,27,4,83,12,3,10,2,54,51,35,45,2,0,50,10,3,1,1,69,11,8,4,3,0,4,6,432,131,169,33,27,35,3,65,11,0,8,0,65,49,65,42,1,0
2022-02-22,League Two,3620834,Scunthorpe United,Northampton Town,0.21951219512195122,0.3785569105691057,0.4019308943089431,0,0,1,52,8,2,0,0,57,14,7,2,4,0,4,4,345,83,114,28,7,20,0,54,4,4,22,2,68,44,42,33,2,0,48,9,3,2,2,51,19,5,3,3,0,6,3,319,88,75,28,17,33,1,78,14,4,33,2,91,56,58,63,5,0
2022-02-22,League Two,3620813,Swindon Town,Walsall,0.47257383966244726,0.3956868260665729,0.13173933427097984,5,0,0,60,20,11,3,1,74,9,3,5,4,0,11,9,447,163,169,42,23,26,1,63,7,4,18,3,56,45,59,32,0,0,40,10,3,0,0,57,9,3,3,4,0,4,6,289,75,91,27,20,22,1,62,14,4,15,6,57,55,41,55,2,0
2022-02-26,League Two,3620939,Barrow,Harrogate Town,0.34879406307977734,0.3228200371057514,0.32838589981447125,0,0,1,43,6,0,0,0,60,8,3,4,2,1,4,2,338,81,121,31,27,33,2,56,6,3,9,0,54,59,43,67,1,0,57,6,0,0,0,69,11,1,3,3,0,3,3,459,177,140,31,38,41,4,36,9,2,13,0,50,41,57,40,1,0
2022-02-26,League Two,3620940,Bradford City,Mansfield Town,0.37329286798179057,0.26707132018209406,0.3596358118361153,0,2,2,57,14,4,0,0,68,5,5,9,1,0,10,4,429,156,135,43,29,37,1,80,12,4,14,4,68,60,54,100,0,0,43,15,6,0,0,54,10,6,5,4,0,12,3,322,65,109,27,44,22,0,45,21,1,29,4,54,40,46,33,4,0
2022-02-26,League Two,3620941,Bristol Rovers,Exeter City,0.3782668500687758,0.328748280605227,0.29298486932599727,1,1,1,52,16,5,0,0,60,10,7,3,8,0,9,7,352,88,124,33,29,37,0,55,6,4,16,3,54,46,37,23,0,0,48,15,4,1,1,60,9,3,7,4,1,11,4,320,78,114,38,33,23,3,82,10,9,17,3,76,54,63,53,1,0
2022-02-26,League Two,3620942,Colchester United,Oldham Athletic,0.390057361376673,0.3078393881453155,0.30210325047801145,1,1,1,52,14,5,0,0,60,7,6,5,4,0,8,6,401,122,119,29,21,28,3,60,12,1,25,2,62,61,55,57,1,0,48,9,3,2,1,58,8,4,5,1,0,8,1,358,112,94,27,27,32,0,44,11,5,24,4,45,39,45,36,2,0
2022-02-26,League Two,3620943,Crawley Town,Forest Green Rovers,0.1927144535840188,0.30552291421856637,0.5017626321974148,2,1,0,42,11,3,1,0,55,16,5,5,3,0,7,4,308,53,116,32,18,26,0,67,11,2,27,4,66,54,46,67,4,0,58,15,5,1,1,69,12,6,8,2,0,11,4,411,130,153,41,17,32,2,58,14,3,17,1,66,46,54,27,2,0
2022-02-26,League Two,3620944,Leyton Orient,Carlisle United,0.5054229934924078,0.28199566160520606,0.21258134490238612,0,1,2,59,13,5,0,0,68,9,7,6,2,0,11,2,462,179,135,53,23,36,0,54,10,3,17,4,78,44,72,21,1,1,41,11,5,1,0,61,12,4,3,3,0,7,4,326,74,126,30,8,29,3,58,7,3,34,4,53,56,28,50,4,0
2022-02-26,League Two,3621120,Newport County,Tranmere Rovers,0.37080536912751677,0.33053691275167785,0.2986577181208054,4,2,0,54,19,10,4,2,61,10,8,6,3,0,14,5,379,94,136,31,36,26,2,38,7,2,13,1,65,55,60,40,0,0,46,6,2,0,0,57,15,1,2,2,0,3,3,331,78,112,29,21,30,1,58,10,2,31,6,48,45,40,33,2,0
2022-02-26,League Two,3620945,Port Vale,Stevenage,0.570264765784114,0.29327902240325865,0.1364562118126273,2,0,0,43,6,3,0,0,65,10,3,2,1,0,4,2,381,104,145,35,46,32,3,48,13,5,14,1,56,49,45,11,1,0,57,10,1,0,0,76,8,2,4,5,0,7,3,507,238,146,30,0,32,0,65,15,1,9,2,62,51,55,50,1,0
2022-02-26,League Two,3620946,Rochdale,Northampton Town,0.301056338028169,0.2992957746478873,0.3996478873239437,1,0,0,59,12,2,1,1,69,10,10,5,5,0,11,1,405,146,132,27,22,30,2,78,11,2,15,2,53,41,51,60,0,0,41,5,2,0,0,56,14,1,1,2,0,3,2,290,96,67,25,0,25,4,73,11,5,19,1,64,59,49,60,2,0
2022-02-26,League Two,3620947,Sutton United,Scunthorpe United,0.6276083467094703,0.2536115569823435,0.1187800963081862,4,1,0,45,12,6,4,2,52,14,2,3,3,0,9,3,324,95,75,29,0,33,3,75,10,3,15,3,77,55,69,80,0,0,55,12,3,0,0,61,11,4,5,4,0,7,5,395,106,133,30,38,26,2,88,10,3,15,2,51,45,31,55,0,0
2022-02-26,League Two,3620948,Swindon Town,Salford City,0.5859030837004405,0.28487518355359764,0.12922173274596183,1,2,2,61,17,5,2,1,79,11,5,5,7,0,9,8,480,194,183,49,33,38,3,83,2,4,11,5,28,40,38,25,0,0,39,13,7,4,2,69,9,2,2,4,2,9,4,309,102,110,39,27,15,0,50,14,7,21,4,44,60,63,100,0,0
2022-02-26,League Two,3620949,Walsall,Hartlepool United,0.38049713193116635,0.24665391969407266,0.372848948374761,3,1,0,48,14,7,3,2,70,13,5,5,2,0,6,8,420,126,169,42,23,24,1,68,19,4,8,4,67,54,59,53,0,0,52,13,5,1,0,72,11,6,4,4,0,9,4,457,179,152,44,33,28,0,46,6,2,16,4,54,46,41,21,0,0
2022-03-01,League Two,3620850,Bristol Rovers,Barrow,0.45478606087340095,0.43008381120423467,0.11513012792236436,1,0,0,72,18,7,3,3,84,10,10,6,5,0,11,7,512,149,283,58,12,21,3,71,4,4,16,6,42,48,63,71,3,0,28,12,6,2,2,59,12,4,1,5,1,8,4,198,46,70,26,15,17,2,70,10,5,40,6,36,52,37,60,0,1
2022-03-01,League Two,3620817,Carlisle United,Rochdale,0.32788509162951956,0.4314016840019812,0.24071322436849926,2,0,0,33,9,3,2,0,62,10,0,6,0,1,8,1,297,67,116,34,29,15,0,83,18,9,32,7,46,45,49,50,2,0,67,23,7,2,2,80,7,6,6,10,0,9,14,591,258,213,36,19,37,2,79,11,0,8,1,52,55,51,60,0,0
2022-03-01,League Two,3620818,Colchester United,Leyton Orient,0.367169373549884,0.4622969837587007,0.17053364269141533,2,2,1,55,20,8,2,1,68,13,10,5,7,0,13,7,373,121,134,30,26,26,2,50,5,0,6,0,40,44,38,46,2,0,45,6,2,1,0,60,10,2,4,0,0,4,2,315,78,111,37,22,20,1,85,11,7,29,6,56,56,62,46,4,0
2022-03-01,League Two,3620806,Crawley Town,Oldham Athletic,0.37637969094922735,0.4315673289183223,0.19205298013245034,2,2,1,55,14,4,2,1,64,17,5,4,6,0,8,6,360,71,160,37,21,30,3,72,13,2,10,1,62,50,53,43,0,0,45,9,3,0,0,57,12,4,4,2,0,6,3,304,90,83,29,23,34,2,58,14,6,22,2,58,50,47,44,0,0
2022-03-01,League Two,3620841,Harrogate Town,Port Vale,0.3135975915704967,0.43351731058705467,0.25288509784244856,1,1,1,48,9,3,1,0,61,8,4,4,2,0,6,3,376,94,137,36,7,19,3,60,6,5,26,2,74,57,49,45,2,0,52,16,3,1,0,61,14,6,7,6,1,8,8,393,65,176,29,29,37,2,67,11,2,11,2,67,43,51,50,1,0
2022-03-01,League Two,3621109,Newport County,Forest Green Rovers,0.28773388773388775,0.41413721413721416,0.29812889812889815,1,1,1,38,9,3,2,1,50,13,2,5,1,0,3,6,229,54,61,31,27,22,2,75,12,4,20,6,45,53,37,100,4,1,62,17,7,0,0,68,11,11,6,4,0,14,3,363,110,136,37,26,32,0,86,6,1,12,2,53,47,63,42,1,0
2022-03-01,League Two,3620821,Northampton Town,Walsall,0.46480067854113655,0.402459711620017,0.13273960983884647,1,1,1,49,16,4,1,1,46,14,6,8,4,1,9,7,296,65,72,18,43,34,2,80,5,3,15,3,53,41,52,17,3,0,51,13,4,1,1,53,11,6,6,3,0,7,6,303,48,113,33,20,27,0,67,4,3,21,3,62,59,48,53,1,0
2022-03-04,League Two,3620956,Mansfield Town,Exeter City,0.3834319526627219,0.378698224852071,0.2378698224852071,2,1,0,51,9,3,3,1,61,6,4,4,2,0,5,4,365,86,135,30,9,40,4,67,12,2,24,9,59,46,54,18,0,0,49,16,10,4,3,60,9,4,3,3,1,13,3,360,87,130,36,29,37,1,82,5,2,32,1,59,54,46,50,0,0
2022-03-05,League Two,3620954,Harrogate Town,Hartlepool United,0.4237536656891496,0.3592375366568915,0.21700879765395895,1,2,2,58,14,3,3,2,76,11,6,9,2,0,7,7,493,162,214,48,21,30,0,56,5,1,17,2,56,55,47,61,0,0,42,10,4,0,0,68,8,5,5,1,0,4,6,357,108,135,33,13,25,0,39,7,2,20,2,53,45,53,20,0,0
2022-03-05,League Two,3620950,Barrow,Walsall,0.36324786324786323,0.33547008547008544,0.30128205128205127,1,1,1,47,7,1,1,1,55,11,4,2,4,0,3,4,289,50,108,30,13,37,0,74,4,3,13,2,54,52,54,63,1,0,53,10,3,1,1,61,12,6,4,3,0,6,4,331,108,94,32,36,28,4,92,8,4,20,0,49,48,46,42,2,0
2022-03-05,League Two,3620951,Bradford City,Swindon Town,0.3758503401360544,0.26700680272108845,0.35714285714285715,1,2,2,55,10,4,1,1,74,15,4,3,3,2,8,2,450,171,160,42,33,20,3,55,18,6,18,5,60,53,51,67,1,0,45,17,9,4,2,68,16,7,4,4,0,11,6,364,132,116,34,35,35,1,47,10,3,22,3,55,47,49,40,3,0
2022-03-05,League Two,3620952,Colchester United,Port Vale,0.3105590062111801,0.3084886128364389,0.38095238095238093,1,0,0,40,6,2,0,0,55,7,2,2,2,0,6,0,292,82,78,27,22,33,2,78,10,4,20,3,60,56,54,57,0,0,60,10,3,2,2,71,10,5,3,4,0,6,4,441,132,182,39,15,31,3,61,9,2,12,1,49,44,46,27,1,0
2022-03-05,League Two,3620953,Crawley Town,Scunthorpe United,0.591919191919192,0.2808080808080808,0.12727272727272726,0,0,1,57,13,4,1,1,63,9,4,4,5,0,11,2,421,89,178,36,11,38,2,45,6,1,7,3,65,57,62,43,0,0,43,7,3,0,0,54,12,2,2,2,0,4,3,322,56,119,38,17,32,3,64,12,5,24,4,44,43,38,13,0,0
2022-03-05,League Two,3620955,Leyton Orient,Stevenage,0.4883116883116883,0.35844155844155845,0.15324675324675324,2,2,1,59,9,5,1,0,62,10,0,2,2,0,5,4,477,174,124,46,0,37,0,42,8,2,25,2,83,57,55,58,1,0,41,10,4,0,0,50,16,4,3,3,0,8,2,330,51,115,26,8,25,4,67,12,2,16,3,66,43,45,44,1,0
2022-03-05,League Two,3621121,Newport County,Bristol Rovers,0.4594594594594595,0.3052464228934817,0.23529411764705882,1,0,0,44,15,3,2,2,66,14,8,7,5,2,10,5,300,84,115,37,24,21,1,67,14,7,27,5,58,59,63,75,0,0,56,15,5,1,1,72,13,6,3,7,0,7,8,391,120,163,48,18,38,0,90,7,5,26,2,38,41,37,50,3,0
2022-03-05,League Two,3620957,Northampton Town,Tranmere Rovers,0.48992248062015503,0.31627906976744186,0.1937984496124031,3,2,0,50,9,5,2,0,56,16,4,4,0,0,7,2,350,93,103,34,29,31,0,85,10,6,17,2,70,44,62,18,2,0,50,12,4,2,0,54,17,7,2,6,0,8,4,350,77,113,24,29,40,0,62,3,1,14,1,62,56,38,60,3,0
2022-03-05,League Two,3620958,Oldham Athletic,Carlisle United,0.46747967479674796,0.2967479674796748,0.23577235772357724,1,2,2,53,12,3,5,4,56,9,5,9,0,0,12,0,365,98,108,29,19,30,0,53,10,2,14,3,52,51,40,50,4,0,47,15,5,2,2,56,11,4,7,3,0,9,6,334,79,108,20,36,23,0,50,16,0,27,2,61,49,60,55,3,0
2022-03-05,League Two,3620959,Salford City,Forest Green Rovers,0.2786259541984733,0.3053435114503817,0.41603053435114506,1,1,1,42,6,1,0,0,61,9,1,5,0,0,5,1,293,79,99,34,44,26,3,82,14,2,28,3,74,53,57,36,2,0,58,12,4,0,0,71,16,10,6,2,0,7,5,394,146,132,52,21,31,2,50,8,0,19,0,60,47,43,43,2,0
2022-03-05,League Two,3620960,Sutton United,Rochdale,0.5796387520525451,0.2939244663382594,0.12643678160919541,3,0,0,37,13,8,2,1,58,8,8,3,2,0,8,5,280,70,91,29,25,25,0,67,11,3,22,1,50,56,47,50,1,0,63,8,1,0,0,75,12,7,4,3,0,4,4,496,201,173,46,25,21,1,67,11,2,32,5,47,44,53,60,2,0
2022-03-08,League Two,3620828,Crawley Town,Bristol Rovers,0.30766644250168124,0.4495628782784129,0.24277067921990586,1,2,2,42,22,6,2,2,67,13,5,12,4,1,15,7,313,89,120,40,39,24,1,58,14,2,16,4,55,54,54,50,3,0,58,12,6,2,2,75,16,6,4,2,0,9,3,431,164,158,51,20,22,0,56,10,5,27,4,47,46,46,56,1,0
2022-03-08,League Two,3620819,Exeter City,Swindon Town,0.4187335862270207,0.4251531952144733,0.156113218558506,3,1,0,39,17,6,3,2,59,16,9,6,5,0,13,4,285,64,105,28,22,19,1,75,19,4,13,0,51,43,55,43,0,0,61,8,1,0,0,72,13,3,3,4,0,6,2,455,199,129,40,36,37,2,70,7,5,18,3,54,57,45,54,2,0
2022-03-11,League Two,3620970,Tranmere Rovers,Mansfield Town,0.33401430030643514,0.3626149131767109,0.30337078651685395,3,2,0,48,11,3,2,0,62,7,3,5,3,1,6,5,378,108,128,33,22,33,0,60,7,6,33,3,63,54,49,64,0,0,52,12,5,2,1,63,13,6,1,6,0,9,3,409,99,158,33,13,35,1,72,10,3,20,0,61,46,51,33,0,0
2022-03-12,League Two,3620961,Bristol Rovers,Harrogate Town,0.5828635851183765,0.29988726042841035,0.11724915445321307,3,0,0,62,12,5,2,1,75,8,5,2,5,0,5,7,500,199,176,42,0,32,1,81,6,4,17,2,54,56,51,70,3,0,38,11,2,1,1,64,14,5,4,5,0,7,4,296,106,84,36,21,30,2,65,11,6,12,1,46,44,49,43,1,0
2022-03-12,League Two,3620962,Carlisle United,Northampton Town,0.3054892601431981,0.29952267303102625,0.39498806682577564,2,1,0,41,12,6,2,0,48,9,0,3,3,0,6,6,292,66,73,20,11,35,2,67,4,6,34,1,44,43,34,67,1,0,59,15,2,0,0,58,10,5,7,6,0,11,4,411,119,121,29,29,24,0,82,10,3,17,4,74,57,66,56,3,0
2022-03-12,League Two,3620963,Exeter City,Salford City,0.5746003552397868,0.31261101243339257,0.1127886323268206,0,0,1,50,12,3,1,1,59,14,11,4,5,0,8,4,344,70,134,32,21,45,2,58,10,2,22,0,45,41,39,67,0,0,50,4,0,0,0,62,8,5,2,2,2,3,1,339,102,108,25,25,30,1,85,12,5,38,3,68,59,61,50,1,0
2022-03-12,League Two,3620964,Forest Green Rovers,Bradford City,0.6017191977077364,0.2793696275071633,0.11891117478510028,0,2,2,50,17,6,1,1,71,8,7,5,6,0,15,2,375,124,144,49,31,28,1,76,10,2,9,3,61,51,49,50,0,1,50,8,5,1,0,69,11,4,1,2,0,5,3,392,130,142,41,23,22,1,68,13,7,24,4,61,49,51,44,1,0
2022-03-12,League Two,3620965,Hartlepool United,Leyton Orient,0.5574018126888217,0.30513595166163143,0.13746223564954682,0,0,1,47,7,2,2,2,65,9,2,3,2,0,6,1,347,134,90,32,27,29,2,67,6,2,11,3,63,61,51,18,0,0,53,10,4,1,1,69,19,3,5,1,0,5,5,392,167,103,34,33,25,1,73,14,2,18,2,47,39,49,33,3,0
2022-03-12,League Two,3620966,Port Vale,Crawley Town,0.567699836867863,0.32300163132137033,0.10929853181076672,4,1,0,50,13,5,3,0,60,11,4,4,4,0,12,1,391,76,158,40,50,42,2,67,8,3,18,2,52,44,53,38,0,0,50,6,2,1,1,65,9,5,1,3,0,2,4,397,106,151,31,16,31,0,55,11,3,14,1,56,56,47,33,1,0
2022-03-12,League Two,3620967,Rochdale,Barrow,0.5166959578207382,0.3251318101933216,0.15817223198594024,0,0,1,52,19,6,2,2,74,16,9,6,7,0,9,10,400,144,152,27,7,20,1,58,5,4,21,1,36,40,48,33,2,0,48,10,1,0,0,75,12,2,5,4,1,6,4,374,122,157,34,27,14,1,38,2,7,33,6,49,60,52,70,2,0
2022-03-12,League Two,3620968,Scunthorpe United,Colchester United,0.3041575492341357,0.3347921225382932,0.3610503282275711,1,3,2,45,10,2,2,1,59,13,3,5,3,2,6,4,307,74,107,31,13,20,1,60,5,1,24,6,67,45,64,45,1,1,55,16,9,3,1,69,11,8,6,1,0,11,5,365,104,149,32,22,16,1,68,8,3,16,1,60,55,36,46,1,0
2022-03-12,League Two,3621122,Stevenage,Newport County,0.27073552425665104,0.29107981220657275,0.4381846635367762,0,2,2,49,18,2,0,0,56,13,6,10,6,0,9,9,326,54,127,32,17,40,0,71,10,4,24,0,68,45,59,30,0,0,51,11,2,0,0,54,6,3,5,4,0,3,8,349,83,104,35,11,28,3,82,6,6,23,2,59,55,41,50,1,0
2022-03-12,League Two,3620969,Swindon Town,Oldham Athletic,0.5969664138678223,0.26218851570964247,0.14084507042253522,1,0,0,69,21,7,4,3,81,12,3,8,6,0,13,8,547,249,196,55,33,31,3,54,5,2,11,2,48,49,46,27,0,0,31,8,2,0,0,58,20,2,4,2,0,4,4,244,79,62,21,8,21,3,59,17,6,23,6,51,51,54,54,0,0
2022-03-12,League Two,3620971,Walsall,Sutton United,0.3212121212121212,0.35909090909090907,0.3196969696969697,1,0,0,50,10,4,1,0,58,13,3,1,5,0,6,4,338,78,119,29,22,27,2,58,8,3,27,1,72,57,51,64,1,0,50,9,1,1,1,51,12,4,5,3,0,5,4,327,62,105,34,16,25,2,56,4,5,13,3,60,43,49,36,3,0
2022-03-15,League Two,3620972,Bristol Rovers,Colchester United,0.5103244837758112,0.36774827925270404,0.12192723697148476,1,0,0,68,10,4,0,0,84,11,3,2,4,0,5,5,585,271,219,45,0,31,0,54,5,5,19,2,52,55,37,83,1,0,32,9,3,0,0,65,13,7,2,4,0,6,3,264,95,77,35,28,23,2,47,10,4,22,3,55,45,63,50,3,0
2022-03-15,League Two,3621123,Carlisle United,Newport County,0.3251890634089587,0.38103548574752766,0.2937754508435137,1,2,2,52,12,2,0,0,65,7,4,7,3,0,8,4,371,113,130,38,28,26,1,90,11,2,25,6,51,37,60,38,0,0,48,13,8,2,2,62,5,7,3,2,1,8,5,362,109,114,17,20,40,3,78,10,3,26,1,50,63,40,60,0,0
2022-03-15,League Two,3620973,Exeter City,Crawley Town,0.5313214449016919,0.37265660722450844,0.09602194787379972,2,1,0,52,5,3,0,0,63,16,4,0,2,0,3,2,406,101,156,28,17,31,2,75,6,3,27,2,70,36,56,33,0,0,48,9,3,2,2,56,12,4,3,3,0,6,3,378,108,105,24,29,43,1,61,11,2,24,1,77,64,44,67,2,0
2022-03-15,League Two,3620974,Forest Green Rovers,Leyton Orient,0.55,0.3458333333333333,0.10416666666666667,1,1,1,46,5,2,1,0,66,19,2,3,0,0,2,3,347,129,101,33,13,31,2,86,12,4,34,0,39,34,44,13,2,0,54,7,1,1,0,70,5,2,2,4,0,5,2,421,167,129,48,10,34,3,65,8,0,13,1,62,66,56,71,1,0
2022-03-15,League Two,3620975,Hartlepool United,Bradford City,0.44523655217109526,0.3778353856124433,0.17692806221646143,0,2,2,47,12,3,2,2,79,13,4,4,5,1,6,6,469,203,168,52,13,16,0,42,7,3,13,3,41,46,39,56,1,0,53,10,5,0,0,85,13,1,2,3,0,7,3,528,270,179,51,36,17,0,46,14,5,16,3,52,54,61,59,1,0
2022-03-15,League Two,3620976,Port Vale,Mansfield Town,0.4096774193548387,0.38129032258064516,0.20903225806451614,3,1,0,46,7,4,2,1,58,15,2,2,1,0,6,1,318,64,121,37,31,37,4,71,8,3,22,1,63,46,55,64,4,0,54,7,2,2,1,66,15,4,2,3,0,6,1,377,100,150,37,19,23,1,63,8,1,24,1,62,54,45,33,3,0
2022-03-15,League Two,3620977,Rochdale,Salford City,0.3664383561643836,0.4152397260273973,0.2183219178082192,1,1,1,45,8,3,3,2,71,14,1,4,1,0,7,1,394,165,114,42,21,17,1,92,10,7,24,1,48,47,43,71,1,0,55,18,2,0,0,79,12,3,9,7,0,14,4,469,183,188,49,19,16,1,58,8,1,17,2,58,53,57,44,0,0
2022-03-15,League Two,3620978,Scunthorpe United,Barrow,0.3206627680311891,0.4512670565302144,0.22807017543859648,0,1,2,34,8,2,0,0,58,13,3,3,3,0,7,1,241,79,61,34,25,19,0,18,10,3,25,6,38,47,38,20,1,1,66,18,9,5,5,79,9,11,8,1,0,16,2,477,159,216,46,32,28,3,50,7,3,24,2,52,53,62,29,1,1
2022-03-15,League Two,3620979,Stevenage,Northampton Town,0.2540400775694893,0.37233354880413705,0.37362637362637363,1,2,2,59,14,4,0,0,69,10,5,7,3,0,9,5,470,174,149,29,21,31,1,54,4,4,16,3,61,57,43,60,0,0,41,12,5,1,1,58,14,2,3,4,0,6,6,336,100,94,33,22,32,2,50,12,3,24,3,64,43,57,38,2,0
2022-03-15,League Two,3620980,Swindon Town,Sutton United,0.4671717171717172,0.3907828282828283,0.14204545454545456,2,1,0,63,13,5,2,0,75,13,2,6,2,0,10,3,389,186,105,44,36,26,2,73,10,3,17,2,59,45,52,44,0,0,37,9,3,0,0,56,15,5,3,3,0,3,6,224,53,72,23,25,36,4,79,6,2,20,3,63,55,48,59,0,0
2022-03-15,League Two,3620981,Tranmere Rovers,Harrogate Town,0.5398394070413836,0.3502161828289067,0.1099444101297097,2,0,0,68,16,7,1,0,81,14,7,5,4,0,11,5,562,170,283,64,11,32,3,67,4,3,7,2,54,40,47,20,3,0,32,9,3,2,2,65,9,3,4,2,0,8,1,275,90,88,38,33,21,5,55,12,5,31,4,71,60,53,45,1,1
2022-03-15,League Two,3620982,Walsall,Oldham Athletic,0.461439588688946,0.40167095115681234,0.13688946015424164,2,1,0,54,16,5,2,1,70,15,7,7,4,0,10,6,407,139,145,35,18,26,5,50,8,1,9,1,55,48,55,29,3,0,46,7,2,0,0,69,9,3,4,1,0,2,5,350,126,117,39,13,26,0,56,10,4,20,3,53,52,45,50,2,0
2022-03-18,League Two,3621124,Newport County,Hartlepool United,0.5345713156854998,0.3247728170683524,0.14065586724614776,2,3,2,61,9,6,0,0,81,6,5,1,2,0,4,5,547,245,196,54,15,25,1,70,11,2,9,2,44,50,48,38,0,0,39,11,5,2,0,74,13,2,4,2,0,9,2,365,158,113,36,25,19,1,54,9,2,23,5,46,50,53,75,2,0
2022-03-19,League Two,3620983,Barrow,Carlisle United,0.4012539184952978,0.3401253918495298,0.25862068965517243,1,2,2,55,9,3,1,1,64,7,5,4,2,1,6,3,341,114,103,34,19,26,4,86,2,3,23,0,49,60,47,20,2,0,45,10,2,0,0,51,14,7,5,3,0,4,6,294,69,81,27,22,27,2,75,7,2,26,2,43,40,53,50,3,0
2022-03-19,League Two,3620984,Bradford City,Port Vale,0.42265193370165743,0.30939226519337015,0.26795580110497236,1,2,2,56,10,1,2,2,64,6,4,4,5,0,8,2,453,142,146,38,9,34,0,53,5,6,14,2,67,58,56,57,1,0,44,13,4,2,1,56,14,5,3,6,0,9,4,341,49,143,40,14,32,3,71,9,4,25,0,51,42,44,36,4,0
2022-03-19,League Two,3620986,Crawley Town,Swindon Town,0.262992125984252,0.29763779527559053,0.4393700787401575,3,1,0,36,11,7,4,1,54,18,3,3,1,0,9,2,282,60,91,24,40,23,1,53,13,6,11,5,46,43,45,50,0,0,64,20,7,3,2,73,10,5,8,5,0,13,7,515,214,161,30,36,29,1,71,8,1,9,4,59,57,55,56,0,0
2022-03-19,League Two,3620987,Harrogate Town,Walsall,0.3634453781512605,0.3445378151260504,0.2920168067226891,1,1,1,51,12,5,3,3,62,11,5,4,3,0,8,4,331,82,122,32,32,20,4,55,14,4,12,1,78,55,71,27,4,0,49,11,2,1,0,62,18,3,5,4,1,8,3,333,92,114,33,33,21,1,53,13,2,13,4,49,45,29,45,4,0
2022-03-19,League Two,3620988,Leyton Orient,Rochdale,0.4486873508353222,0.3627684964200477,0.18854415274463007,3,1,0,47,13,5,2,1,66,11,6,3,5,0,8,5,366,135,105,41,28,26,2,92,11,1,18,3,47,48,56,33,2,0,53,8,4,2,1,73,14,5,3,1,0,6,2,427,189,124,31,9,28,4,87,9,4,25,2,45,52,44,50,2,0
2022-03-19,League Two,3620990,Northampton Town,Bristol Rovers,0.4531422271223815,0.32524807056229327,0.22160970231532526,0,1,2,48,7,1,1,1,47,18,2,4,2,2,4,3,284,58,75,29,27,39,3,48,7,0,8,2,76,51,59,43,4,0,52,5,3,1,0,56,16,7,2,0,0,3,2,316,88,90,25,22,26,5,85,9,2,18,1,65,49,41,48,4,0
2022-03-19,League Two,3620991,Oldham Athletic,Exeter City,0.22344322344322345,0.31746031746031744,0.4590964590964591,0,2,2,52,9,4,2,2,64,7,7,4,1,0,4,5,322,87,119,32,9,35,4,88,10,1,12,4,50,50,45,56,2,0,48,11,6,3,2,61,12,7,4,1,0,8,3,293,93,87,30,29,27,0,92,6,0,29,4,55,50,55,70,3,1
2022-03-19,League Two,3620992,Salford City,Scunthorpe United,0.5849923430321593,0.2787136294027565,0.1362940275650842,5,1,0,58,17,9,4,1,71,6,3,4,4,0,14,3,418,134,161,33,35,27,2,52,7,3,16,3,77,69,74,73,0,0,42,10,4,1,0,62,17,4,3,3,0,4,6,304,105,82,28,29,21,2,56,5,4,25,4,32,31,26,41,0,0
2022-03-19,League Two,3620993,Sutton United,Tranmere Rovers,0.35135135135135137,0.34384384384384387,0.3048048048048048,1,1,1,48,13,5,2,2,47,9,4,6,2,0,9,4,332,61,94,33,44,30,1,59,7,7,40,3,78,53,61,50,0,0,52,15,4,2,1,53,10,11,4,7,0,8,7,354,60,128,33,20,34,1,67,9,2,25,4,57,47,39,60,1,0
2022-03-21,League Two,3620985,Colchester United,Forest Green Rovers,0.2718183711726724,0.2949385544678192,0.43324307435950843,0,1,2,40,14,3,0,0,66,12,3,3,8,1,8,6,322,84,127,38,9,25,0,37,10,2,19,4,51,58,37,43,1,0,60,10,5,3,2,79,14,1,3,2,1,5,5,505,199,199,43,22,23,0,55,7,8,28,3,55,42,63,14,0,0
2022-03-22,League Two,3620931,Harrogate Town,Leyton Orient,0.39298933159155236,0.395166557805356,0.21184411060309166,0,3,2,43,10,3,0,0,62,13,2,6,1,2,6,4,286,93,84,30,18,24,4,47,6,2,30,3,59,47,54,43,2,0,57,17,6,3,1,73,12,5,9,2,2,15,2,380,118,159,41,24,35,0,63,7,1,12,3,58,53,46,73,0,0
2022-03-22,League Two,3620857,Oldham Athletic,Sutton United,0.29488680718188914,0.373536299765808,0.33157689305230287,1,3,2,55,12,3,1,0,70,7,6,5,4,1,10,2,389,143,129,32,25,32,3,54,6,3,24,3,44,48,33,50,0,0,45,16,6,3,1,62,6,7,7,3,0,12,4,328,66,137,36,25,25,2,56,4,4,14,2,67,52,67,50,0,0
2022-03-22,League Two,3620809,Port Vale,Exeter City,0.3641223006200556,0.3822963438101347,0.2535813555698097,0,0,1,55,13,4,0,0,61,4,8,5,4,0,8,5,322,71,127,28,22,39,3,46,9,3,18,2,63,50,61,25,0,0,45,6,2,0,0,56,11,4,1,3,0,2,4,275,64,89,23,10,44,0,53,11,4,20,4,50,50,39,25,1,0
2022-03-22,League Two,3620844,Rochdale,Mansfield Town,0.3015992003998001,0.40429785107446276,0.29410294852573715,0,1,2,53,9,3,0,0,72,10,5,1,5,0,6,3,439,158,160,37,12,27,2,42,8,3,13,6,70,54,53,63,1,0,47,12,7,2,1,69,8,3,2,3,1,7,5,396,140,135,25,15,18,1,53,14,5,32,3,61,46,47,42,0,0
2022-03-26,League Two,3621125,Bradford City,Newport County,0.3078477601886157,0.4085550690468171,0.2835971707645672,0,0,1,56,14,4,2,2,78,7,4,5,5,0,7,7,525,235,177,53,14,25,3,67,16,4,19,4,51,48,68,44,1,0,44,13,4,0,0,70,10,5,5,4,0,9,4,401,156,126,38,18,29,1,80,8,5,16,4,39,52,32,75,2,0
2022-03-26,League Two,3620994,Carlisle United,Bristol Rovers,0.278267535454197,0.3936374089689536,0.32809505557684937,1,0,0,34,15,5,4,3,55,8,2,6,4,1,11,4,236,59,71,20,17,28,5,70,13,5,34,6,55,56,55,67,4,0,66,18,7,1,1,73,9,11,7,4,0,12,6,453,144,185,33,38,35,2,80,6,3,22,4,44,44,45,38,2,0
2022-03-26,League Two,3620995,Colchester United,Tranmere Rovers,0.2835432045158489,0.41901867129830656,0.29743812418584453,1,0,0,39,6,1,0,0,54,8,4,1,4,0,4,2,295,71,89,29,25,26,2,54,6,5,26,2,53,58,46,63,2,0,61,12,2,0,0,72,15,9,5,5,0,8,4,471,145,195,41,13,27,5,79,9,4,22,0,48,42,54,25,4,0
2022-03-26,League Two,3621005,Crawley Town,Rochdale,0.3797250859106529,0.4524627720504009,0.16781214203894615,1,0,0,45,13,5,3,2,62,11,5,7,1,0,9,4,362,71,154,39,41,32,0,80,12,4,19,3,69,45,49,56,1,0,55,14,3,0,0,70,12,5,7,4,0,8,6,447,140,171,34,22,30,1,56,7,1,13,4,79,55,51,55,1,0
2022-03-26,League Two,3621006,Exeter City,Stevenage,0.5650134048257373,0.3438337801608579,0.09115281501340483,2,1,0,60,15,7,1,1,64,10,8,3,5,0,11,4,393,98,153,34,25,42,1,91,5,2,10,1,54,44,49,25,2,0,40,9,2,1,0,52,8,4,5,2,0,6,3,266,59,79,28,24,37,0,75,16,5,27,5,61,56,51,30,2,0
2022-03-26,League Two,3621007,Leyton Orient,Barrow,0.4541019955654102,0.43059866962305987,0.11529933481152993,2,0,0,57,18,5,4,4,63,12,7,8,5,1,12,6,280,81,94,38,33,29,2,50,1,5,32,4,64,54,57,67,2,0,43,16,4,0,0,53,18,7,6,6,0,13,3,216,41,73,37,25,26,3,43,7,5,23,3,51,46,43,33,5,0
2022-03-26,League Two,3621008,Northampton Town,Hartlepool United,0.502495840266223,0.370216306156406,0.12728785357737105,2,0,0,41,10,4,2,0,70,8,2,3,3,0,7,3,321,122,103,35,10,23,0,53,12,2,33,2,65,55,71,54,1,0,59,8,2,1,1,76,11,8,4,2,0,6,2,459,214,136,41,15,32,0,43,5,3,14,2,41,45,29,50,4,0
2022-03-26,League Two,3621009,Oldham Athletic,Mansfield Town,0.25231992929739283,0.3932832523199293,0.35439681838267784,1,2,2,44,14,4,1,1,61,9,5,5,5,0,10,4,324,86,113,27,40,33,3,43,7,4,26,8,60,51,42,47,2,0,56,22,10,2,1,68,11,6,8,4,1,15,7,411,115,164,46,30,23,1,56,13,5,27,3,69,49,58,40,1,0
2022-03-26,League Two,3621010,Port Vale,Sutton United,0.42492492492492495,0.4219219219219219,0.15315315315315314,2,0,0,52,15,6,2,1,65,13,6,6,3,0,14,1,325,72,138,39,27,23,2,76,5,3,29,1,81,52,58,70,2,0,48,10,1,0,0,61,13,6,6,3,1,8,2,311,84,106,32,17,28,1,65,7,3,28,4,67,48,42,67,1,0
2022-03-26,League Two,3621011,Salford City,Walsall,0.44221378187737387,0.41888225718936517,0.138903960933261,2,1,0,49,12,4,3,1,62,11,5,5,3,1,10,2,308,83,107,35,22,15,0,73,11,5,14,2,67,52,65,63,1,0,51,13,3,0,0,65,10,7,5,5,1,10,3,330,120,96,35,36,26,2,40,5,3,20,2,49,48,35,43,3,0
2022-03-26,League Two,3621095,Scunthorpe United,Harrogate Town,0.28347406513872137,0.425211097708082,0.2913148371531966,0,3,2,50,7,3,3,3,64,6,2,3,1,0,6,1,395,143,109,37,21,30,0,58,11,3,24,4,67,44,41,23,1,0,50,19,7,3,2,66,8,5,8,4,0,14,5,403,129,136,33,21,42,2,55,4,1,17,3,91,56,59,62,1,0
2022-03-29,League Two,3620898,Hartlepool United,Mansfield Town,0.30855765367617516,0.3760546404178385,0.31538770590598636,2,2,1,48,10,6,2,1,71,7,1,2,2,0,7,3,402,192,95,37,50,27,0,56,10,6,17,7,68,55,56,61,0,0,52,23,9,2,1,76,18,3,8,6,0,17,6,433,118,213,48,38,21,1,68,9,2,18,4,55,45,44,44,3,0
2022-03-29,League Two,3620869,Oldham Athletic,Leyton Orient,0.2815699658703072,0.35665529010238906,0.36177474402730375,2,0,0,34,11,4,1,0,63,4,6,3,4,0,8,3,243,55,98,37,13,28,1,67,11,1,21,1,48,60,38,60,0,0,66,3,1,1,1,76,14,5,1,1,0,2,1,487,249,120,47,6,31,0,38,6,4,18,3,49,40,62,64,3,0
2022-03-29,League Two,3620900,Rochdale,Carlisle United,0.39815557337610263,0.3660785886126704,0.23576583801122694,2,0,0,50,8,2,1,0,65,11,1,5,1,0,4,4,367,130,108,20,13,22,1,58,6,1,20,2,58,51,39,38,1,0,50,6,2,1,1,62,13,6,3,1,0,3,3,356,122,99,41,17,31,0,43,3,1,12,0,68,49,61,63,3,0
2022-03-29,League Two,3620935,Salford City,Crawley Town,0.4762301918265221,0.3815679733110926,0.14220183486238533,2,1,0,47,14,5,3,1,60,11,2,6,3,1,10,4,319,80,111,45,25,26,3,71,13,3,35,2,60,51,57,50,0,0,53,11,3,1,1,61,15,9,5,3,0,6,5,338,79,127,41,38,27,4,93,14,3,19,3,51,49,43,17,0,0
2022-04-02,League Two,3621097,Barrow,Port Vale,0.2523364485981308,0.24649532710280375,0.5011682242990654,1,2,2,45,10,2,0,0,54,12,6,5,3,0,5,5,292,69,90,34,13,21,1,65,16,2,31,3,63,64,42,73,2,0,55,13,5,4,2,62,12,5,6,2,1,12,1,357,101,121,47,37,30,3,100,7,3,38,1,57,36,58,57,2,0
2022-04-02,League Two,3621098,Bristol Rovers,Bradford City,0.5983213429256595,0.23860911270983212,0.1630695443645084,2,1,0,52,31,7,4,3,73,8,4,11,13,0,21,10,443,126,198,46,44,25,0,63,9,2,7,1,72,56,60,46,1,0,48,9,2,1,0,66,17,3,5,2,0,6,3,400,175,90,34,40,20,1,78,17,12,23,5,53,44,40,31,2,0
2022-04-02,League Two,3621099,Forest Green Rovers,Scunthorpe United,0.6614881439084219,0.2526573998364677,0.08585445625511039,1,0,0,66,15,6,2,2,76,14,8,7,2,2,11,4,407,128,183,56,24,33,1,90,7,1,6,3,66,44,60,50,1,0,34,9,3,0,0,50,14,0,5,1,1,4,5,216,42,66,30,0,17,0,61,17,2,26,5,64,56,40,40,2,0
2022-04-02,League Two,3621100,Harrogate Town,Colchester United,0.5225933202357563,0.28487229862475444,0.1925343811394892,1,2,2,62,11,3,0,0,69,7,7,4,4,0,5,6,487,155,179,38,11,22,0,78,4,0,12,3,61,51,50,53,0,0,38,8,5,3,1,49,11,4,3,0,0,6,2,301,70,78,25,13,31,3,59,7,4,25,2,60,49,50,43,3,0
2022-04-02,League Two,3621101,Hartlepool United,Salford City,0.39690721649484534,0.28350515463917525,0.31958762886597936,0,2,2,59,6,0,0,0,74,14,7,3,3,0,2,4,492,203,163,39,19,19,1,57,6,1,14,0,52,55,50,44,0,0,41,10,2,0,0,71,12,1,6,2,1,6,4,350,120,127,39,18,17,2,80,10,3,20,0,45,45,50,43,2,0
2022-04-02,League Two,3621102,Mansfield Town,Northampton Town,0.47761194029850745,0.3034825870646766,0.21890547263681592,1,0,0,53,18,6,0,0,62,16,14,4,8,0,11,7,370,80,150,21,8,31,0,59,13,2,27,3,66,48,46,42,3,0,47,8,3,1,1,56,9,3,3,2,1,8,0,331,89,98,28,25,30,1,50,10,9,28,4,74,52,54,43,0,1
2022-04-02,League Two,3621126,Newport County,Exeter City,0.34352941176470586,0.30470588235294116,0.3517647058823529,0,1,2,52,11,3,1,1,63,10,6,3,5,0,9,2,384,125,118,35,11,38,2,62,12,3,9,2,65,57,39,50,3,0,48,10,3,3,2,61,10,5,4,3,0,6,4,359,100,119,28,38,37,0,43,11,5,34,3,69,43,61,42,0,0
2022-04-02,League Two,3621103,Rochdale,Swindon Town,0.32616487455197135,0.27419354838709675,0.3996415770609319,0,0,1,39,10,3,0,0,71,12,3,4,3,0,5,5,347,122,126,24,17,23,3,92,12,5,20,6,50,49,36,63,1,0,61,15,6,1,1,82,15,4,4,5,0,6,9,542,308,138,63,19,18,3,31,4,3,25,3,60,51,64,63,1,0
2022-04-02,League Two,3621104,Stevenage,Oldham Athletic,0.4390681003584229,0.2885304659498208,0.2724014336917563,0,1,2,57,15,1,1,1,54,9,7,10,4,0,14,1,354,68,124,33,22,45,2,63,6,3,15,1,71,48,60,40,0,0,43,8,2,0,0,45,10,4,3,3,0,6,2,269,53,67,22,25,34,2,83,9,4,48,1,57,52,40,50,0,0
2022-04-02,League Two,3621106,Tranmere Rovers,Carlisle United,0.6153846153846154,0.2547288776796974,0.12988650693568726,2,2,1,44,9,4,2,0,59,8,3,3,2,0,8,1,304,100,78,26,31,30,0,42,15,7,33,2,67,50,47,46,5,2,56,21,4,2,1,65,11,5,10,7,1,15,6,390,88,166,42,25,32,0,75,2,2,17,2,71,50,53,59,4,0
2022-04-02,League Two,3621107,Walsall,Leyton Orient,0.4343629343629344,0.3127413127413127,0.2528957528957529,0,2,2,57,6,1,0,0,65,12,5,3,2,0,3,3,400,159,102,39,0,33,4,53,11,2,15,2,49,45,30,37,0,0,43,8,4,3,2,56,11,7,2,2,0,4,4,301,77,93,42,31,24,1,27,9,2,31,1,75,55,70,50,3,0
2022-04-05,League Two,3620901,Salford City,Port Vale,0.401999394122993,0.40684641017873374,0.19115419569827324,0,1,2,50,13,4,1,1,54,11,6,7,2,1,7,6,332,94,86,27,37,39,3,55,3,3,23,3,64,53,50,58,4,0,50,12,4,3,2,55,12,3,5,3,0,10,2,333,62,121,22,29,29,3,75,5,1,15,4,61,47,50,62,3,0
2022-04-09,League Two,3621127,Carlisle United,Exeter City,0.2257405515832482,0.29213483146067415,0.4821246169560776,0,1,2,39,6,2,0,0,56,6,4,2,2,0,6,0,277,73,81,31,33,34,1,65,10,4,29,6,71,61,53,38,4,0,61,19,7,1,0,71,7,8,8,4,0,9,10,434,91,215,26,27,34,0,92,5,2,18,2,53,39,47,44,0,0
2022-04-09,League Two,3621128,Colchester United,Stevenage,0.5778611632270169,0.28142589118198874,0.14071294559099437,0,2,2,60,18,5,1,1,73,14,7,10,3,2,10,8,409,132,166,39,15,20,1,27,13,6,28,4,53,52,47,38,3,0,40,14,7,2,0,61,14,8,1,6,0,11,3,261,61,98,34,14,21,4,54,7,3,18,5,53,48,53,29,3,1
2022-04-09,League Two,3621129,Crawley Town,Barrow,0.4989010989010989,0.3362637362637363,0.16483516483516483,1,0,0,53,18,6,4,4,61,9,7,7,5,0,12,6,357,84,135,28,19,24,3,47,11,4,31,1,67,53,46,44,0,0,47,11,2,0,0,58,15,5,6,3,0,6,5,315,61,121,44,20,32,3,44,12,5,16,5,68,47,54,62,0,0
2022-04-09,League Two,3621130,Forest Green Rovers,Hartlepool United,0.6109215017064846,0.2790102389078498,0.11006825938566553,1,1,1,61,18,5,2,2,78,9,9,8,5,1,15,3,504,229,165,50,19,32,1,60,9,2,6,0,53,39,57,35,1,0,39,8,1,0,0,66,7,2,5,2,0,5,3,328,132,83,40,25,21,1,64,6,4,32,4,64,61,43,56,1,0
2022-04-09,League Two,3621131,Northampton Town,Bradford City,0.5208613728129206,0.3028263795423957,0.17631224764468373,0,0,1,45,16,5,2,2,62,16,6,9,2,1,10,6,356,102,118,30,20,30,1,25,17,2,18,1,56,47,43,50,1,0,55,10,1,1,1,74,13,1,6,3,0,5,5,438,194,129,46,27,28,6,38,16,2,27,5,67,53,57,64,1,0
2022-04-09,League Two,3621132,Port Vale,Oldham Athletic,0.6137295081967213,0.26229508196721313,0.12397540983606557,3,2,0,52,12,5,4,2,63,9,10,5,2,0,10,2,367,89,143,35,21,21,0,69,8,1,27,3,67,54,65,73,3,0,48,13,5,3,1,60,9,6,7,1,0,8,5,330,89,109,23,26,32,3,60,8,2,16,2,46,46,35,71,0,0
2022-04-09,League Two,3621133,Rochdale,Walsall,0.39853300733496333,0.3765281173594132,0.22493887530562348,1,0,0,58,14,5,5,4,73,14,8,3,6,0,10,4,398,122,167,36,19,17,1,57,10,2,15,2,65,53,69,57,0,0,42,7,2,0,0,60,17,5,3,2,0,2,5,289,88,85,27,7,25,3,50,10,6,19,4,48,47,31,35,3,0
2022-04-09,League Two,3621134,Salford City,Harrogate Town,0.5764331210191083,0.304140127388535,0.11942675159235669,2,0,0,58,15,4,2,1,70,6,6,4,7,0,9,6,456,165,152,29,21,33,2,50,9,6,16,3,59,50,40,44,1,0,42,13,3,1,1,62,12,4,4,6,1,8,5,335,96,112,40,20,29,4,72,7,7,38,2,72,50,60,40,1,0
2022-04-09,League Two,3621135,Scunthorpe United,Mansfield Town,0.2145922746781116,0.2603719599427754,0.525035765379113,0,4,2,44,5,0,1,1,64,15,3,3,2,0,4,1,351,114,111,36,15,37,0,50,8,5,15,3,53,51,41,58,2,0,56,16,6,2,1,71,9,4,5,5,0,9,7,443,135,179,43,19,30,1,38,12,2,27,0,60,49,59,38,1,0
2022-04-09,League Two,3621136,Sutton United,Leyton Orient,0.43333333333333335,0.3425925925925926,0.22407407407407406,1,0,0,30,7,2,1,0,51,14,4,4,1,0,4,3,230,58,59,20,40,20,3,59,8,3,29,2,58,52,49,0,1,0,70,9,2,1,1,75,18,5,4,3,0,6,3,541,222,186,46,13,31,1,64,5,1,16,2,56,48,51,44,4,0
2022-04-09,League Two,3621194,Swindon Town,Newport County,0.432258064516129,0.33225806451612905,0.23548387096774193,0,1,2,63,12,2,1,1,79,10,5,8,2,1,7,5,505,246,151,43,58,31,3,58,2,0,17,1,53,51,59,46,0,0,37,4,1,0,0,64,15,4,2,1,0,0,4,291,90,96,32,0,19,2,71,11,2,21,2,48,49,41,67,0,0
2022-04-09,League Two,3621137,Tranmere Rovers,Bristol Rovers,0.43484626647144947,0.2884333821376281,0.2767203513909224,1,1,1,33,12,4,2,2,52,16,5,5,3,0,7,5,237,60,64,29,38,29,2,83,7,5,27,1,51,45,50,50,3,0,67,11,2,0,0,77,11,12,4,5,0,4,7,488,185,190,52,23,38,0,67,6,4,15,2,58,55,50,46,0,0
2022-04-15,League Two,3621141,Exeter City,Colchester United,0.5946439440048692,0.2872793670115642,0.11807668898356664,2,0,0,59,17,8,2,0,66,9,7,6,3,1,14,3,429,123,162,35,40,38,2,100,6,1,8,0,58,42,49,44,0,0,41,1,0,0,0,53,9,0,0,1,0,0,1,304,88,74,31,17,43,2,82,13,3,18,6,68,58,51,67,1,0
2022-04-15,League Two,3621138,Barrow,Forest Green Rovers,0.20124913254684246,0.3053435114503817,0.49340735600277585,4,0,0,35,11,4,3,0,52,15,7,3,4,0,8,3,234,44,77,28,41,16,1,69,11,4,17,2,52,53,62,60,3,0,65,8,2,1,1,74,15,7,2,4,0,5,3,462,194,150,47,13,21,1,33,9,4,11,0,40,47,38,57,3,0
2022-04-15,League Two,3621139,Bradford City,Tranmere Rovers,0.34615384615384615,0.3484848484848485,0.30536130536130535,1,1,1,39,15,6,2,2,77,9,4,8,1,1,6,9,344,105,160,54,25,21,0,35,15,1,21,1,55,54,52,53,2,1,61,15,2,0,0,83,16,3,12,1,0,11,4,552,226,231,49,31,23,0,58,9,0,13,5,48,46,48,78,3,0
2022-04-15,League Two,3621140,Bristol Rovers,Salford City,0.44555555555555554,0.33555555555555555,0.21888888888888888,1,0,0,58,16,4,0,0,79,7,9,6,6,1,10,6,457,204,158,48,25,29,0,50,6,3,22,2,50,54,46,43,3,0,42,10,2,0,0,67,12,4,5,3,0,8,2,320,112,102,39,38,25,2,75,4,6,17,3,48,46,54,42,4,0
2022-04-15,League Two,3621142,Harrogate Town,Swindon Town,0.3047752808988764,0.36657303370786515,0.32865168539325845,1,4,2,44,13,6,1,0,72,6,4,5,2,0,9,4,403,131,161,40,25,21,3,67,8,4,14,4,67,43,63,36,1,0,56,16,8,6,2,75,7,1,4,4,1,11,5,524,254,141,44,36,25,2,57,3,2,10,5,62,57,37,58,0,0
2022-04-15,League Two,3621143,Hartlepool United,Port Vale,0.26678765880217786,0.2912885662431942,0.4419237749546279,0,1,2,48,11,1,0,0,58,6,5,5,5,0,4,7,354,97,109,30,0,37,1,65,10,4,23,2,56,49,55,31,2,0,52,12,3,0,0,66,6,6,5,4,0,7,5,374,94,151,38,11,32,2,78,19,4,18,1,52,51,45,41,1,0
2022-04-15,League Two,3621144,Leyton Orient,Scunthorpe United,0.5616591928251121,0.3172645739910314,0.1210762331838565,3,0,0,62,21,6,5,4,79,8,2,12,3,3,12,9,487,259,128,52,33,22,1,58,8,2,8,3,71,58,63,59,2,0,38,12,3,0,0,64,10,5,7,2,0,7,5,298,97,94,32,32,29,2,56,11,3,13,3,48,42,37,33,1,0
2022-04-15,League Two,3621145,Mansfield Town,Sutton United,0.5564304461942258,0.31583552055993,0.12773403324584426,2,3,2,65,13,4,2,2,69,12,6,5,4,0,10,3,436,134,167,41,31,29,0,63,5,2,41,2,81,59,57,55,1,0,35,9,5,2,0,51,14,7,2,2,0,6,3,238,49,72,29,6,35,1,78,5,4,38,3,59,41,43,60,0,0
2022-04-15,League Two,3621195,Newport County,Crawley Town,0.5517647058823529,0.3352941176470588,0.11294117647058824,1,2,2,51,15,5,1,0,66,10,3,5,5,0,9,6,401,162,101,41,21,40,0,58,10,2,19,2,59,42,48,80,0,0,49,9,4,1,0,65,12,4,3,2,0,7,2,391,75,181,35,33,26,2,60,15,5,22,4,73,58,52,53,0,0
2022-04-15,League Two,3621146,Oldham Athletic,Northampton Town,0.2946210268948655,0.32396088019559904,0.38141809290953543,0,2,2,46,9,3,0,0,59,10,3,4,2,0,4,5,301,88,91,28,14,23,3,69,10,4,22,3,58,48,46,36,1,1,54,13,5,0,0,66,13,4,4,4,0,8,5,362,116,123,29,35,32,5,70,7,2,19,3,65,52,54,63,4,0
2022-04-15,League Two,3621147,Stevenage,Rochdale,0.40282131661442006,0.322884012539185,0.274294670846395,1,0,0,30,7,3,0,0,55,8,3,2,2,0,4,3,242,68,64,19,8,28,3,70,15,4,24,1,45,41,43,33,1,0,70,10,2,1,1,79,8,6,5,3,0,5,5,577,220,238,35,26,27,0,69,4,2,20,2,62,59,57,67,1,0
2022-04-15,League Two,3621148,Walsall,Carlisle United,0.413391557496361,0.37409024745269287,0.21251819505094613,1,0,0,51,13,2,0,0,61,8,2,6,5,0,7,6,342,109,99,24,50,24,3,68,9,5,24,2,65,58,46,56,3,0,49,14,2,0,0,62,12,6,7,5,0,7,7,316,80,116,32,23,22,0,74,7,5,16,2,57,42,54,45,1,0
2022-04-18,League Two,3621149,Carlisle United,Mansfield Town,0.2694063926940639,0.33059360730593607,0.4,1,0,0,38,15,4,3,3,60,5,8,7,4,1,11,4,268,72,89,34,31,23,1,67,7,5,35,5,43,43,42,45,4,0,62,17,5,0,0,72,6,8,7,5,1,10,7,439,124,193,41,14,36,1,56,13,6,18,1,58,57,58,8,0,0
2022-04-18,League Two,3621150,Colchester United,Bradford City,0.37123287671232874,0.37397260273972605,0.2547945205479452,3,0,0,36,8,4,1,1,70,9,1,3,1,0,5,3,324,103,124,39,10,23,4,47,15,2,5,2,46,62,39,45,0,0,64,10,2,1,1,83,16,2,6,2,0,8,2,591,327,161,59,43,29,3,89,16,1,12,1,40,38,61,43,0,1
2022-04-18,League Two,3621151,Crawley Town,Walsall,0.460545193687231,0.35437589670014347,0.18507890961262555,1,0,0,49,8,3,0,0,62,13,3,2,3,0,2,6,344,58,156,34,5,34,0,41,18,5,12,5,43,37,37,26,0,0,51,14,6,2,2,64,7,6,4,4,1,8,6,356,121,106,38,45,32,4,36,12,3,19,2,73,63,63,56,0,0
2022-04-18,League Two,3621152,Forest Green Rovers,Oldham Athletic,0.5739413680781759,0.3009771986970684,0.1250814332247557,2,0,0,44,15,8,3,2,67,13,6,4,3,0,10,5,288,69,125,34,32,28,0,75,13,3,28,4,57,57,55,42,1,0,56,14,4,2,2,68,14,7,6,4,0,12,2,368,122,127,39,20,28,1,78,5,3,13,6,45,43,45,50,3,0
2022-04-18,League Two,3621153,Northampton Town,Harrogate Town,0.5768500948766604,0.31688804554079697,0.1062618595825427,3,0,0,45,11,4,2,0,61,9,4,4,3,1,8,3,355,105,111,32,23,31,1,46,11,3,15,1,68,58,51,38,0,0,55,5,1,1,1,66,10,2,1,3,0,4,1,438,120,167,26,0,33,1,63,9,3,17,1,56,42,49,31,2,0
2022-04-18,League Two,3621154,Port Vale,Bristol Rovers,0.5271966527196653,0.3112970711297071,0.16150627615062763,1,3,2,49,10,2,1,0,61,16,6,3,5,0,7,3,316,73,121,33,21,26,1,57,5,2,9,1,52,41,55,33,2,0,51,10,4,3,0,66,7,4,4,2,0,5,5,337,114,107,33,38,25,0,50,10,4,20,1,58,59,45,29,6,0
2022-04-18,League Two,3621155,Rochdale,Hartlepool United,0.39655172413793105,0.3824451410658307,0.22100313479623823,2,1,0,53,14,7,1,0,79,5,4,4,3,1,7,7,503,207,191,42,24,24,5,71,6,3,16,1,46,47,46,47,1,0,47,7,2,1,0,72,8,6,2,3,0,3,4,451,205,118,46,36,19,0,53,0,3,15,5,53,53,54,60,0,0
2022-04-18,League Two,3621156,Salford City,Barrow,0.5461538461538461,0.3362637362637363,0.11758241758241758,2,2,1,60,13,4,3,2,67,13,4,6,3,0,11,2,403,129,139,34,33,26,2,39,5,3,22,2,70,53,48,38,0,0,40,14,4,2,1,52,10,5,7,3,0,10,4,273,47,94,33,36,31,2,54,5,3,34,2,69,47,52,30,0,0
2022-04-18,League Two,3621157,Scunthorpe United,Stevenage,0.2746585735963581,0.330804248861912,0.3945371775417299,1,1,1,55,9,1,0,0,62,13,3,4,4,1,5,4,378,123,112,30,21,33,1,47,8,7,33,8,61,42,43,47,0,0,45,24,9,4,3,58,6,5,8,7,0,16,8,306,65,111,41,18,24,1,50,13,4,24,0,83,58,57,50,0,0
2022-04-18,League Two,3621196,Sutton United,Newport County,0.4353393085787452,0.36107554417413573,0.20358514724711907,1,0,0,43,7,1,1,0,55,6,3,5,1,0,4,3,266,69,77,39,33,27,1,79,12,1,46,3,72,51,60,38,0,0,57,14,3,1,1,60,13,6,9,2,0,8,6,339,95,107,27,36,44,1,64,6,1,13,0,57,49,40,14,0,0
2022-04-18,League Two,3621158,Swindon Town,Leyton Orient,0.48259860788863107,0.3468677494199536,0.17053364269141533,1,2,2,72,17,7,2,1,83,8,6,5,5,0,8,9,545,188,267,58,23,33,2,45,4,1,9,1,45,53,41,50,2,0,28,6,3,1,0,59,9,3,2,1,0,3,3,216,58,70,29,22,23,0,64,8,5,27,6,46,47,59,53,4,1
2022-04-18,League Two,3621159,Tranmere Rovers,Exeter City,0.27631578947368424,0.3304953560371517,0.3931888544891641,2,0,0,43,11,4,3,1,58,13,5,4,3,0,9,2,335,89,106,39,27,23,0,58,14,5,23,1,71,54,50,82,2,0,57,13,1,0,0,68,11,6,7,5,1,6,7,441,111,189,33,14,28,3,57,10,3,10,2,66,46,50,64,2,0
2022-04-22,League Two,3621197,Newport County,Colchester United,0.5061498322773015,0.33395452851285873,0.15989563920983973,1,2,2,50,11,3,0,0,69,12,2,5,3,0,6,5,368,130,124,34,23,32,1,60,4,3,13,1,52,48,40,38,3,0,50,10,3,1,0,64,10,3,3,4,0,6,4,361,117,115,33,36,20,2,72,7,3,19,2,65,52,60,22,4,0
2022-04-23,League Two,3621160,Barrow,Sutton United,0.3292867981790592,0.2883156297420334,0.38239757207890746,1,0,0,46,10,1,2,1,52,11,5,6,3,0,8,2,245,39,88,28,22,25,0,47,5,4,25,1,54,54,37,33,0,0,54,9,1,2,2,60,12,5,3,5,0,5,4,285,77,95,42,19,33,0,64,4,3,25,0,65,46,63,43,0,0
2022-04-23,League Two,3621161,Bradford City,Scunthorpe United,0.6103286384976526,0.2676056338028169,0.12206572769953052,2,1,0,66,26,7,3,2,83,8,4,12,7,1,15,11,611,248,259,57,33,38,1,71,6,2,11,1,59,52,66,40,0,0,34,3,1,0,0,62,16,2,0,2,0,3,0,314,104,90,31,27,27,0,58,11,6,22,5,45,48,34,55,1,0
2022-04-23,League Two,3621162,Bristol Rovers,Forest Green Rovers,0.37075471698113205,0.2679245283018868,0.3613207547169811,0,0,1,66,16,5,1,1,83,14,5,5,6,0,8,8,503,212,204,46,21,28,0,67,6,2,11,8,52,51,48,53,5,0,34,15,8,2,2,70,15,6,5,2,0,13,2,248,86,88,31,35,21,1,58,10,5,18,5,51,49,52,45,4,0
2022-04-23,League Two,3621163,Exeter City,Rochdale,0.6304163126593033,0.27442650807136787,0.0951571792693288,2,0,0,45,14,5,3,2,66,9,3,4,5,0,12,2,355,76,157,31,38,30,1,75,11,3,13,4,68,52,56,50,3,0,55,8,4,2,2,72,11,4,1,3,0,6,2,446,200,121,27,67,27,1,72,12,5,14,3,59,48,44,38,2,0
2022-04-23,League Two,3621164,Harrogate Town,Carlisle United,0.4309133489461358,0.3161592505854801,0.2529274004683841,3,0,0,53,17,7,4,1,69,7,3,7,3,1,12,5,372,128,127,39,38,28,4,81,6,1,30,4,64,56,60,38,2,0,47,7,4,2,2,60,9,11,2,1,0,4,3,324,126,69,33,33,48,0,45,7,2,20,4,47,44,40,20,2,0
2022-04-23,League Two,3621165,Hartlepool United,Swindon Town,0.326171875,0.283203125,0.390625,0,3,2,43,13,2,1,1,61,14,6,6,5,0,8,5,319,94,102,33,20,32,1,60,4,3,16,5,45,43,62,29,1,0,57,18,8,4,2,75,15,5,6,4,1,11,7,432,155,167,41,36,19,4,76,10,5,16,2,51,57,38,46,1,0
2022-04-23,League Two,3621166,Leyton Orient,Northampton Town,0.34603658536585363,0.27896341463414637,0.375,2,4,2,54,13,4,3,2,65,9,3,4,5,0,9,4,373,164,79,36,27,25,1,55,7,0,9,2,55,48,56,25,0,1,46,13,6,2,0,63,17,2,7,0,1,8,5,330,99,110,32,20,29,1,45,11,6,17,1,52,52,44,62,5,0
2022-04-23,League Two,3621167,Mansfield Town,Crawley Town,0.577524893314367,0.28591749644381226,0.13655761024182078,2,0,0,64,17,10,1,0,75,17,5,4,3,0,8,9,537,155,248,44,20,29,0,58,11,0,14,0,55,43,54,31,3,0,36,5,0,0,0,57,16,3,5,0,0,3,2,304,70,102,33,18,29,5,67,13,4,11,7,60,57,46,54,0,1
2022-04-23,League Two,3621168,Oldham Athletic,Salford City,0.3027375201288245,0.28180354267310787,0.41545893719806765,1,2,2,51,19,6,6,5,72,10,10,8,5,1,14,5,330,97,140,35,22,26,0,50,5,1,10,3,53,46,51,55,0,0,49,11,5,3,1,69,16,2,5,1,1,7,4,336,133,99,33,13,18,1,59,6,3,43,5,57,54,49,47,0,0
2022-04-23,League Two,3621169,Stevenage,Tranmere Rovers,0.31438721136767317,0.26465364120781526,0.42095914742451157,2,0,0,41,15,3,1,0,56,13,6,2,10,0,11,4,278,53,103,38,35,29,4,60,8,4,15,2,63,49,58,56,2,0,59,9,2,0,0,70,11,2,3,4,0,5,4,414,128,160,32,29,23,2,44,8,10,23,1,55,51,42,30,1,0
2022-04-23,League Two,3621170,Walsall,Port Vale,0.27103960396039606,0.2834158415841584,0.44554455445544555,2,0,0,41,12,2,2,0,59,11,4,7,3,1,10,2,262,66,88,26,14,37,1,75,6,5,14,2,57,58,42,47,2,0,59,10,2,0,0,69,15,9,3,5,0,5,5,374,103,155,43,24,26,1,79,14,3,18,0,54,42,58,33,1,0
2022-04-26,League Two,3620929,Exeter City,Barrow,0.5334109429569267,0.3580908032596042,0.10849825378346915,2,1,0,51,12,6,2,1,49,13,7,2,4,1,5,7,338,68,98,20,7,41,1,50,5,1,20,2,68,51,43,47,2,0,49,5,2,1,1,47,9,3,2,1,0,3,2,331,67,87,22,9,36,3,50,5,4,25,4,79,49,57,33,1,0
2022-04-26,League Two,3620989,Mansfield Town,Stevenage,0.5016910935738444,0.36837655016910936,0.12993235625704622,2,0,0,64,13,4,1,0,78,7,7,5,4,0,7,6,528,204,210,49,16,25,0,75,14,4,24,3,62,46,61,33,2,0,36,11,3,0,0,59,9,6,2,6,0,9,2,300,82,95,32,28,34,1,55,3,4,23,2,57,54,39,73,2,0
2022-04-26,League Two,3621105,Sutton United,Crawley Town,0.48203389830508475,0.40644067796610167,0.11152542372881356,3,0,0,45,14,4,3,2,64,8,3,4,6,0,10,4,365,124,109,32,27,22,0,50,8,2,20,4,53,56,45,100,0,0,55,10,4,1,1,65,12,5,4,2,0,6,4,440,122,166,24,19,26,1,58,7,6,14,1,52,44,55,43,0,0
2022-04-26,League Two,3621096,Swindon Town,Forest Green Rovers,0.3246857448515646,0.39128109120085586,0.28403316394757955,2,1,0,36,7,3,2,1,71,17,3,3,1,0,3,4,238,101,69,36,17,17,1,52,4,5,36,5,47,55,30,63,3,1,64,21,6,1,0,84,15,8,10,5,1,15,6,405,174,165,60,38,27,1,67,9,1,9,1,48,45,70,42,4,0
2022-04-30,League Two,3621171,Carlisle United,Stevenage,0.4869402985074627,0.3041044776119403,0.208955223880597,2,1,0,63,16,4,2,1,74,10,5,6,6,0,7,9,459,169,171,37,21,30,2,88,7,3,23,1,43,55,36,91,0,0,37,12,2,1,0,55,5,2,7,3,1,10,2,276,64,89,39,42,30,3,50,5,6,19,2,54,45,64,29,1,0
2022-04-30,League Two,3621173,Colchester United,Walsall,0.4830827067669173,0.3082706766917293,0.20864661654135339,2,2,1,50,18,5,5,3,61,9,3,7,6,0,9,9,322,90,105,27,30,18,1,82,14,3,12,5,48,45,53,42,0,0,50,15,7,1,0,66,13,3,5,3,0,11,4,314,103,103,42,40,22,0,62,13,6,18,3,52,55,48,67,2,0
2022-04-30,League Two,3621174,Crawley Town,Leyton Orient,0.3900862068965517,0.33620689655172414,0.27370689655172414,0,2,2,49,18,3,2,2,70,7,7,7,8,1,10,8,408,121,163,30,30,37,0,75,6,4,6,3,47,55,45,60,5,0,51,12,7,3,3,73,8,0,3,2,0,7,5,437,207,114,46,13,16,2,50,4,8,20,3,46,45,55,33,1,0
2022-04-30,League Two,3621175,Forest Green Rovers,Harrogate Town,0.6181818181818182,0.2743801652892562,0.10743801652892562,1,3,2,48,20,6,4,3,71,11,11,8,6,1,18,2,373,141,124,45,27,20,1,44,10,3,10,1,77,51,60,57,1,0,52,11,4,3,1,71,11,1,4,3,0,7,4,425,125,176,30,33,20,1,68,6,7,23,3,63,49,40,43,1,0
2022-04-30,League Two,3621176,Northampton Town,Exeter City,0.3968253968253968,0.2982456140350877,0.30492898913951544,1,1,1,44,16,5,1,1,47,14,8,5,6,0,14,2,259,53,68,17,33,40,3,48,7,1,31,2,73,52,52,55,1,0,56,8,3,2,1,59,9,5,4,1,0,7,1,341,98,102,33,14,33,4,67,7,7,25,3,67,48,48,38,6,0
2022-04-30,League Two,3621177,Rochdale,Bristol Rovers,0.2511144130757801,0.23328380386329867,0.5156017830609212,3,4,2,32,13,5,3,0,67,14,2,6,2,0,8,5,285,98,92,42,29,28,1,69,12,4,23,6,40,38,65,17,5,0,68,25,10,6,3,86,7,6,10,5,0,17,8,604,247,272,69,19,19,0,52,6,1,17,2,48,62,35,71,1,1
2022-04-30,League Two,3621179,Scunthorpe United,Hartlepool United,0.2775423728813559,0.3029661016949153,0.4194915254237288,1,1,1,40,10,5,3,2,61,12,3,4,1,0,9,1,321,95,101,35,36,26,8,84,13,9,18,4,51,47,45,35,2,0,60,23,5,4,3,75,6,7,9,9,2,14,9,473,177,176,42,17,26,0,52,8,1,8,4,59,53,55,30,2,0
2022-04-30,League Two,3621180,Sutton United,Bradford City,0.5625744934445769,0.2598331346841478,0.17759237187127533,1,4,2,43,12,1,0,0,59,14,5,7,4,1,10,2,275,63,98,46,37,37,4,100,4,6,13,7,54,39,48,0,2,0,57,22,11,4,1,72,17,8,5,6,0,15,7,380,84,189,46,47,13,3,73,9,3,37,0,69,61,52,67,3,0
2022-04-30,League Two,3621181,Swindon Town,Barrow,0.6258741258741258,0.24592074592074592,0.1282051282051282,2,1,0,62,19,6,5,4,74,7,10,7,6,0,13,6,425,159,156,41,16,23,4,72,3,2,11,3,63,61,58,55,0,0,38,12,4,1,0,58,18,2,6,2,0,9,3,264,85,68,28,33,23,3,65,9,7,18,3,42,39,42,50,0,0
2022-04-30,League Two,3621182,Tranmere Rovers,Oldham Athletic,0.6255980861244019,0.23444976076555024,0.13995215311004786,2,0,0,53,17,6,4,4,79,15,5,9,2,0,14,3,508,207,193,49,35,33,1,60,6,1,16,1,56,46,63,15,2,0,47,9,1,1,1,78,9,4,7,1,0,4,5,433,198,139,40,18,22,2,53,12,2,22,3,52,54,38,45,0,0
2022-05-02,League Two,3621178,Salford City,Mansfield Town,0.3670509483079212,0.3250278914094459,0.30792116028263294,2,2,1,50,17,6,3,1,70,10,6,5,6,1,8,9,389,117,156,44,24,29,2,46,5,5,16,3,69,56,49,53,4,0,50,14,5,2,1,74,16,6,4,5,0,7,7,384,155,130,46,25,25,2,57,7,6,36,4,62,44,51,43,1,0
2022-05-02,League Two,3621198,Port Vale,Newport County,0.4764832462342453,0.35229019366738396,0.17122656009837073,1,2,2,56,7,2,1,0,69,12,2,4,1,0,6,1,430,136,159,33,28,44,2,68,10,4,11,5,70,55,52,44,1,0,44,13,7,1,1,66,18,8,2,4,0,7,6,358,133,103,32,18,21,2,67,19,1,25,1,61,45,48,50,0,0
2022-05-07,League Two,3621183,Barrow,Northampton Town,0.28824362606232296,0.2669971671388102,0.4447592067988669,1,3,2,58,13,3,1,1,66,11,7,5,5,1,7,6,418,148,126,27,24,39,2,70,6,3,9,1,55,51,40,29,2,0,42,9,4,1,1,57,13,2,2,3,0,8,1,315,76,104,31,56,25,2,81,11,5,32,2,64,49,60,29,2,1
2022-05-07,League Two,3621184,Bradford City,Carlisle United,0.5206508135168961,0.28410513141426785,0.19524405506883605,2,0,0,57,18,6,1,1,74,15,3,5,7,0,13,5,458,171,170,47,23,34,1,36,9,3,19,3,55,47,45,36,1,0,43,10,3,0,0,70,10,1,4,3,0,3,7,345,96,144,31,9,27,2,52,13,7,21,4,63,53,55,44,4,0
2022-05-07,League Two,3621185,Bristol Rovers,Scunthorpe United,0.6699288256227758,0.19217081850533807,0.13790035587188612,7,0,0,71,34,14,4,1,78,10,19,8,12,0,24,10,529,203,212,57,33,22,1,71,7,3,11,1,58,61,60,81,0,0,29,5,1,0,0,51,17,3,1,3,0,3,2,230,51,67,23,17,27,2,50,9,12,28,8,38,39,40,67,5,0
2022-05-07,League Two,3621186,Exeter City,Port Vale,0.6027689030883919,0.2630457933972311,0.134185303514377,0,1,2,60,17,2,0,0,64,11,12,7,8,0,9,8,397,88,168,26,22,33,0,50,7,2,8,1,60,41,42,42,1,0,40,6,2,0,0,48,7,2,2,2,0,4,2,269,67,62,22,33,27,1,55,18,8,26,2,85,59,58,100,3,0
2022-05-07,League Two,3621187,Harrogate Town,Sutton United,0.30612244897959184,0.28331332533013204,0.4105642256902761,0,2,2,71,22,5,4,4,79,7,11,5,12,2,14,8,530,253,167,40,16,30,0,57,5,3,19,6,53,47,43,60,0,0,29,17,9,3,2,55,8,7,6,2,2,14,3,225,56,68,26,15,18,0,56,10,12,29,5,65,53,57,80,1,0
2022-05-07,League Two,3621188,Hartlepool United,Colchester United,0.4563758389261745,0.2953020134228188,0.2483221476510067,0,2,2,63,18,6,3,3,77,15,7,7,5,0,16,2,471,183,182,54,31,27,1,67,7,3,8,5,48,33,61,63,1,0,37,10,7,2,1,64,10,3,0,3,1,6,4,277,93,84,31,25,22,5,54,10,6,12,5,62,67,39,70,1,0
2022-05-07,League Two,3621189,Leyton Orient,Tranmere Rovers,0.4015957446808511,0.2779255319148936,0.3204787234042553,0,1,2,64,11,2,1,1,81,9,10,4,5,1,5,6,540,261,174,49,32,30,3,78,9,2,9,0,43,54,45,60,1,0,36,9,1,1,0,66,13,3,6,2,0,3,6,310,94,110,44,22,19,1,56,8,5,19,2,43,47,55,43,4,0
2022-05-07,League Two,3621190,Mansfield Town,Forest Green Rovers,0.4267123287671233,0.27671232876712326,0.2965753424657534,2,2,1,45,14,4,3,1,68,12,4,4,6,0,10,4,377,142,113,37,20,28,0,50,18,4,20,3,52,51,60,33,1,0,55,15,5,3,1,76,6,8,6,4,0,12,3,441,176,159,50,24,36,1,75,10,5,10,2,43,49,40,50,1,0
2022-05-07,League Two,3621199,Newport County,Rochdale,0.5574866310160428,0.28342245989304815,0.1590909090909091,0,2,2,58,14,2,2,2,78,7,7,5,7,0,9,5,521,204,204,58,35,24,1,69,13,2,13,1,54,47,77,44,0,0,42,11,3,1,0,77,7,3,6,2,2,6,5,393,172,131,36,11,20,4,60,12,7,26,2,38,53,23,36,0,0
2022-05-07,League Two,3621191,Oldham Athletic,Crawley Town,0.38404452690166974,0.2894248608534323,0.32653061224489793,3,3,1,45,11,7,3,1,72,7,3,3,1,0,4,7,372,133,134,44,21,27,4,77,13,5,20,6,41,55,41,50,0,0,55,24,9,4,1,76,12,10,10,5,0,14,10,460,151,198,46,25,21,2,67,9,1,17,4,42,45,59,31,0,0
2022-05-07,League Two,3621192,Stevenage,Salford City,0.29252782193958665,0.3195548489666137,0.38791732909379967,4,2,0,35,13,5,2,1,61,7,3,6,2,0,8,5,289,99,77,36,10,22,2,58,9,3,28,6,40,47,38,33,0,0,65,23,8,2,1,77,7,7,10,5,2,19,4,521,175,225,51,54,17,3,85,4,2,10,1,55,53,63,50,0,0
2022-05-07,League Two,3621193,Walsall,Swindon Town,0.27492447129909364,0.2406847935548842,0.48439073514602216,0,3,2,49,15,2,1,1,73,11,7,8,5,1,9,6,313,96,134,33,32,20,3,52,10,3,9,2,50,54,33,46,2,0,51,12,5,1,0,75,13,5,4,3,0,7,5,342,143,113,53,0,16,2,63,8,5,21,2,47,46,67,50,2,0
2022-05-14,League Two Playoff,3872996,Mansfield Town,Northampton Town,0.48687928946306014,0.19176423092450545,0.3213564796124344,2,1,0,49,6,4,1,0,59,12,1,2,0,0,5,1,338,110,90,28,40,23,3,64,15,2,38,2,57,41,52,57,2,0,51,11,3,0,0,60,8,7,5,3,0,6,5,349,96,112,33,22,29,1,58,7,0,8,2,65,59,48,60,1,0
2022-05-15,League Two Playoff,3872998,Swindon Town,Port Vale,0.5397905759162304,0.20680628272251309,0.2534031413612565,2,1,0,49,13,6,1,0,65,8,4,6,1,0,8,5,335,118,100,23,20,15,1,56,15,3,17,3,60,61,42,53,2,0,51,13,4,1,0,66,14,2,6,3,0,6,7,347,98,131,40,28,28,1,58,11,1,12,4,54,39,58,56,1,0
2022-05-18,League Two Playoff,3872997,Northampton Town,Mansfield Town,0.4228875320070908,0.27988969864092966,0.2972227693519795,0,1,2,62,14,1,0,0,66,8,9,4,9,0,7,7,408,128,141,28,17,47,4,89,7,1,9,0,63,61,39,82,2,0,38,6,1,1,0,48,12,2,2,3,0,6,0,258,56,67,25,20,26,3,54,13,9,50,1,66,39,61,25,2,0
2022-05-19,League Two Playoff,3872999,Port Vale,Swindon Town,0.3649332719742292,0.26668200644270595,0.3683847215830649,1,0,0,46,18,5,2,1,59,18,3,8,5,1,11,7,416,82,162,24,56,45,5,47,22,7,24,1,79,50,50,48,2,0,54,15,1,0,0,68,10,7,7,7,0,8,7,474,177,147,35,42,43,4,59,11,6,28,3,79,50,50,48,3,0
2022-05-28,League Two Playoff,3873125,Mansfield Town,Port Vale,0.5076448309720858,0.22233132276616635,0.2700238462617478,0,3,2,58,7,3,2,2,69,10,5,2,2,0,3,4,412,140,144,23,19,22,1,69,5,3,12,3,57,42,43,47,2,1,42,17,6,3,0,62,6,3,7,4,2,10,7,306,78,113,30,33,34,3,58,9,3,21,2,77,58,57,47,0,0
