match_date,league_name,matchid,home_team,away_team,home_probability_win,draw_probability,away_probability_win,home_goals,away_goals,ftr,home_ball_possession,home_total_shots,home_shots_on_target,home_big_chances,home_big_misses,home_accurate_passes,home_fouls_commited,home_corners,home_shots_off_target,home_blocked_shots,home_hit_woodwork,home_shots_inside_box,home_shots_outside_box,home_passes,home_own_half,home_opposition_half,home_accurate_long_balls,home_accurate_crosses,home_throws,home_offsides,home_tackles_won,home_interceptions,home_blocks,home_clearances,home_keeper_save,home_duels_won,home_geround_duels_won,home_aerial_duels_won,home_successful_dribbles,home_yellow_cards,home_red_cards,away_ball_possession,away_total_shots,away_shots_on_target,away_big_chances,away_big_misses,away_accurate_passes,away_fouls_commited,away_corners,away_shots_off_target,away_blocked_shots,away_hit_woodwork,away_shots_inside_box,away_shots_outside_box,away_passes,away_own_half,away_opposition_half,away_accurate_long_balls,away_axxurate_crosses,away_throws,away_offsides,away_tackles_won,away_interceptions,away_blocks,away_clearances,away_keeper_save,away_duels_won,away_geround_duels_won,away_aerial_duels_won,away_successful_dribbles,away_yellow_cards,away_red_cards
2022-07-30,League Two,3916383,AFC Wimbledon,Gillingham,0.5013297872340425,0.25930851063829785,0.2393617021276596,2,0,0,54,7,5,1,0,80,12,3,2,0,0,4,3,430,204,138,31,17,14,2,80,12,0,21,1,49,55,50,38,3,0,46,5,1,1,1,75,17,4,4,0,0,3,2,372,154,126,37,14,29,0,50,4,0,17,3,44,45,50,50,5,0
2022-07-30,League Two,3916384,Bradford City,Doncaster Rovers,0.531390134529148,0.18946188340807174,0.27914798206278024,0,0,1,80,22,2,0,0,86,11,7,12,8,1,14,8,595,223,290,54,29,39,1,42,3,2,4,1,50,55,62,50,0,1,20,3,1,0,0,46,9,6,0,2,0,3,0,154,33,38,21,40,20,0,56,11,8,34,3,37,45,38,67,3,1
2022-07-30,League Two,3916381,Carlisle United,Crawley Town,0.458128078817734,0.3399014778325123,0.2019704433497537,1,0,0,34,23,9,6,5,60,9,6,9,5,0,15,8,267,55,105,31,25,24,5,71,8,3,17,0,48,49,41,54,1,0,66,6,0,0,0,80,6,4,3,3,0,2,4,555,240,203,37,0,27,3,65,10,4,21,8,56,51,59,50,3,0
2022-07-30,League Two,3916397,Harrogate Town,Swindon Town,0.2638888888888889,0.22993827160493827,0.5061728395061729,3,0,0,41,13,5,1,0,66,11,4,5,3,0,11,2,314,83,124,37,10,17,1,50,4,2,24,1,61,55,49,47,3,0,59,10,1,2,2,75,7,5,7,2,1,4,6,456,188,153,37,24,32,2,58,9,3,8,2,54,45,51,43,0,0
2022-07-30,League Two,3916396,Leyton Orient,Grimsby Town,0.4830985915492958,0.19436619718309858,0.32253521126760565,2,0,0,50,14,5,1,0,65,9,3,6,3,0,9,5,354,119,110,41,33,32,4,54,9,1,14,6,45,41,46,63,3,0,50,10,6,1,1,64,7,2,3,1,0,5,5,354,127,101,32,11,25,4,57,7,1,16,3,58,59,54,64,2,0
2022-07-30,League Two,3916395,Northampton Town,Colchester United,0.60625814863103,0.22294654498044328,0.17079530638852672,3,2,0,58,10,4,3,0,58,15,3,1,5,0,8,2,354,121,86,29,40,33,3,45,4,1,11,2,39,45,45,20,1,0,42,5,4,2,1,51,13,4,0,1,0,5,0,267,80,55,27,25,24,5,50,7,5,17,1,48,55,55,33,4,0
2022-07-30,League Two,3916394,Rochdale,Crewe Alexandra,0.48128342245989303,0.24242424242424243,0.27629233511586454,1,2,2,59,12,3,0,0,70,10,6,7,2,0,10,2,420,170,125,38,29,31,1,68,10,1,14,1,62,48,54,37,2,0,41,8,3,1,1,63,9,1,4,1,0,4,4,294,91,95,32,33,20,3,61,14,1,20,2,61,53,46,71,2,0
2022-07-30,League Two,3916393,Salford City,Mansfield Town,0.41517857142857145,0.23809523809523808,0.34672619047619047,2,0,0,38,8,3,2,0,73,11,3,3,2,0,5,3,349,173,83,37,60,24,0,60,14,3,28,4,55,51,56,44,2,0,62,14,4,1,1,83,19,9,7,3,0,11,3,535,237,207,46,31,21,0,70,16,2,6,1,49,49,44,50,0,0
2022-07-30,League Two,3916392,Stockport County,Barrow,0.6721311475409836,0.18032786885245902,0.14754098360655737,2,3,2,63,11,5,2,0,63,13,4,3,3,0,7,4,433,130,144,34,41,37,5,56,3,1,12,4,54,48,47,40,2,0,37,10,7,2,1,49,9,3,2,1,0,4,6,269,68,64,28,0,25,5,50,11,3,28,3,61,52,53,33,4,0
2022-07-30,League Two,3916389,Sutton United,Newport County,0.43824027072758037,0.272419627749577,0.2893401015228426,1,1,1,52,13,3,0,0,62,10,4,5,5,2,7,6,287,82,97,32,33,32,2,67,9,8,38,2,60,56,44,25,3,0,48,17,3,1,1,56,16,7,5,9,0,11,6,260,62,83,43,12,30,1,83,7,5,29,2,61,44,56,55,3,0
2022-07-30,League Two,3916391,Tranmere Rovers,Stevenage,0.5919540229885057,0.21408045977011494,0.1939655172413793,1,2,2,58,10,5,0,0,65,15,5,4,1,0,7,3,377,141,104,22,20,39,1,67,3,5,23,7,59,50,43,33,1,0,42,17,11,4,2,57,9,9,3,3,0,14,3,268,40,113,35,39,34,2,55,7,1,14,4,69,50,57,50,3,0
2022-07-30,League Two,3916390,Walsall,Hartlepool United,0.4844517184942717,0.24713584288052373,0.2684124386252046,4,0,0,48,21,11,4,2,66,8,8,8,2,0,14,7,329,76,141,33,23,30,3,47,16,0,7,2,55,58,44,42,0,0,52,4,2,0,0,73,13,2,2,0,0,1,3,379,185,90,46,20,24,1,56,11,2,25,7,50,42,56,29,2,0
2022-08-06,League Two,3916388,Barrow,Bradford City,0.3374439461883408,0.3150224215246637,0.3475336322869955,3,2,0,40,15,4,2,0,64,15,4,8,3,0,9,6,313,92,108,34,29,24,2,46,13,1,24,4,60,51,48,80,1,0,60,7,6,1,0,75,19,6,0,1,0,6,1,480,190,169,41,19,22,2,63,6,3,11,1,60,49,52,75,2,0
2022-08-06,League Two,3916387,Colchester United,Carlisle United,0.4324853228962818,0.28180039138943247,0.2857142857142857,1,1,1,46,11,4,0,0,60,13,5,3,4,1,6,5,353,108,105,31,20,32,2,58,10,2,16,4,39,46,39,44,0,0,54,13,5,3,3,65,8,5,6,2,0,9,4,407,110,153,27,36,27,1,67,3,4,16,3,51,54,61,46,2,0
2022-08-06,League Two,3916386,Crawley Town,Leyton Orient,0.2964669738863287,0.34408602150537637,0.35944700460829493,0,1,2,64,3,1,1,1,82,8,6,1,1,0,1,2,542,264,182,47,0,27,3,63,5,4,10,1,50,61,47,50,0,0,36,11,2,0,0,66,14,3,5,4,0,4,7,295,98,98,36,8,16,1,83,6,1,20,1,39,39,53,20,0,0
2022-08-06,League Two,3916385,Crewe Alexandra,Harrogate Town,0.5,0.25919117647058826,0.24080882352941177,3,0,0,48,12,5,2,0,72,12,5,4,3,0,6,6,383,160,115,41,38,25,1,69,4,2,23,3,55,53,46,56,2,0,52,10,3,0,0,71,11,1,5,2,0,8,2,410,123,169,35,13,23,1,67,5,3,19,2,55,47,54,43,0,0
2022-08-06,League Two,3916432,Doncaster Rovers,Sutton United,0.5569395017793595,0.23309608540925267,0.2099644128113879,2,1,0,56,12,4,3,1,64,13,2,4,4,0,8,4,368,80,155,41,44,26,2,73,8,5,18,3,60,52,42,57,1,0,44,14,4,2,2,56,21,3,5,5,1,13,1,284,74,85,37,31,23,0,83,11,4,28,2,65,46,58,33,3,0
2022-08-06,League Two,3916431,Gillingham,Rochdale,0.5263157894736842,0.2905263157894737,0.1831578947368421,1,0,0,49,12,5,0,0,71,12,7,3,4,0,4,8,356,95,157,28,14,20,2,56,8,2,17,1,51,59,50,58,3,0,51,5,1,0,0,69,15,6,2,2,0,3,2,380,165,96,32,25,30,0,83,7,4,21,4,39,41,50,30,1,0
2022-08-06,League Two,3916430,Grimsby Town,Northampton Town,0.35426731078904994,0.20128824476650564,0.4444444444444444,1,1,1,57,23,9,4,3,60,17,5,7,7,2,17,6,339,88,117,34,37,24,3,53,12,2,17,3,64,54,55,43,0,0,43,8,4,0,0,52,16,1,2,2,0,7,1,265,80,59,27,15,23,1,45,17,8,25,7,54,45,45,9,1,0
2022-08-06,League Two,3916429,Hartlepool United,AFC Wimbledon,0.3,0.32133333333333336,0.37866666666666665,0,0,1,55,12,2,1,1,83,12,6,6,4,0,9,3,487,202,200,45,29,34,0,83,5,0,20,4,44,41,54,47,3,0,45,7,4,0,0,80,12,5,3,0,1,5,2,406,223,100,31,38,16,4,60,13,4,27,2,56,58,46,50,0,0
2022-08-06,League Two,3916428,Mansfield Town,Tranmere Rovers,0.5081206496519721,0.30974477958236657,0.18213457076566125,1,0,0,56,17,9,1,1,76,15,12,7,1,1,13,4,426,108,215,53,22,25,5,64,11,1,19,3,50,44,57,54,2,0,44,6,3,1,1,63,10,4,2,1,0,4,2,340,142,71,34,20,26,1,57,12,2,20,7,51,56,43,55,1,0
2022-08-06,League Two,3916596,Newport County,Walsall,0.46266233766233766,0.26136363636363635,0.275974025974026,0,1,2,61,13,2,1,1,70,8,7,6,5,0,8,5,354,97,152,38,17,36,4,41,3,1,9,0,56,60,58,50,1,0,39,3,0,0,0,54,15,1,2,1,0,1,2,229,63,61,10,11,26,0,54,4,6,50,1,39,40,42,57,3,1
2022-08-06,League Two,3916427,Stevenage,Stockport County,0.4251207729468599,0.24154589371980675,0.3333333333333333,2,1,0,46,16,3,2,0,56,16,4,8,5,1,9,7,275,56,99,40,21,36,1,67,7,1,16,1,67,57,46,50,1,0,54,4,2,1,1,60,18,4,1,1,0,4,0,331,105,92,27,20,27,1,54,5,5,33,1,63,43,54,14,2,1
2022-08-06,League Two,3916426,Swindon Town,Salford City,0.4028436018957346,0.26540284360189575,0.33175355450236965,0,0,1,30,8,1,0,0,66,16,3,4,3,0,5,3,248,108,56,26,27,21,0,50,9,6,18,4,29,43,33,45,6,1,70,15,4,1,1,86,6,6,5,6,1,8,7,592,300,207,61,8,23,2,78,12,3,16,1,43,57,67,64,1,0
2022-08-13,League Two,3916425,AFC Wimbledon,Doncaster Rovers,0.5051851851851852,0.2814814814814815,0.21333333333333335,2,2,1,37,16,5,3,1,72,17,3,5,6,1,8,8,235,105,64,41,31,17,3,53,4,3,24,2,49,56,46,80,2,0,63,14,4,0,0,81,8,11,7,3,1,8,6,397,164,158,39,26,15,1,70,5,6,11,3,45,44,54,25,4,0
2022-08-13,League Two,3916595,Bradford City,Newport County,0.5357686453576864,0.2709284627092846,0.1933028919330289,2,0,0,59,12,4,1,1,81,10,6,5,3,0,8,4,525,277,148,58,6,25,1,65,8,3,15,2,72,53,63,52,1,0,41,9,2,0,0,70,15,4,4,3,0,3,6,363,149,106,35,33,24,4,35,7,2,15,2,55,46,37,50,3,1
2022-08-13,League Two,3916399,Carlisle United,Swindon Town,0.46471600688468157,0.24784853700516352,0.2874354561101549,1,1,1,42,19,5,4,3,59,6,5,8,6,0,12,7,315,76,111,24,16,28,2,45,3,3,9,5,49,59,36,0,1,0,58,12,6,1,1,73,12,3,3,3,0,9,3,452,187,143,39,18,26,2,77,7,6,20,4,52,41,64,38,2,0
2022-08-13,League Two,3916400,Harrogate Town,Crawley Town,0.5265392781316348,0.28450106157112526,0.18895966029723993,0,0,1,58,15,5,2,2,76,9,8,6,4,0,14,1,488,165,207,45,30,32,3,71,1,2,18,4,56,62,41,75,0,0,42,11,4,1,1,72,9,5,5,2,1,5,6,352,121,131,29,22,20,0,67,7,3,28,5,49,38,59,30,0,0
2022-08-13,League Two,3916401,Leyton Orient,Mansfield Town,0.4872665534804754,0.2546689303904924,0.25806451612903225,1,0,0,58,6,3,1,0,76,10,4,1,2,0,5,1,392,166,131,51,33,22,2,59,3,2,24,6,48,55,46,64,4,0,42,15,6,4,4,69,7,9,7,2,0,12,3,276,94,96,35,23,28,1,54,15,2,16,2,45,45,54,14,2,0
2022-08-13,League Two,3916402,Northampton Town,Hartlepool United,0.650200267022697,0.23097463284379172,0.11882510013351134,2,1,0,44,21,10,4,2,72,7,2,8,3,0,16,5,382,144,130,25,62,22,2,82,8,7,13,3,39,53,43,18,3,0,56,11,3,3,2,81,8,2,1,7,0,7,4,488,251,142,52,25,24,2,79,6,4,15,7,40,47,57,40,3,0
2022-08-13,League Two,3916403,Rochdale,Grimsby Town,0.3850687622789784,0.2632612966601179,0.3516699410609037,0,1,2,56,17,3,1,1,79,12,8,10,4,1,13,4,376,168,128,49,33,25,1,42,8,3,17,3,49,48,32,41,4,0,44,14,4,0,0,70,17,5,7,3,1,7,7,284,87,111,56,29,13,1,81,14,4,18,3,64,52,68,27,3,0
2022-08-13,League Two,3916406,Salford City,Crewe Alexandra,0.45454545454545453,0.28056426332288403,0.26489028213166144,3,0,0,75,17,6,4,2,88,11,2,9,2,2,6,11,539,258,215,65,19,27,1,67,2,1,12,0,48,55,52,57,2,0,25,3,0,1,1,53,16,2,2,1,0,1,2,186,57,42,18,0,19,3,64,6,2,21,3,40,45,48,50,2,1
2022-08-13,League Two,3916405,Stockport County,Colchester United,0.5164835164835165,0.260596546310832,0.22291993720565148,1,0,0,73,21,7,2,1,78,10,4,6,8,0,11,10,544,222,201,43,39,38,2,100,2,0,10,0,63,52,67,43,0,0,27,2,0,0,0,45,13,1,2,0,0,0,2,205,48,45,28,0,32,0,50,7,8,15,6,42,48,33,43,2,0
2022-08-13,League Two,3916398,Sutton United,Barrow,0.4163424124513619,0.29571984435797666,0.28793774319066145,1,0,0,46,10,5,2,1,58,14,4,4,1,0,9,1,256,55,93,41,29,36,2,58,11,1,18,3,55,46,53,67,0,0,54,6,3,1,1,52,8,5,2,1,0,4,2,301,80,77,28,8,24,1,57,3,1,31,4,56,54,47,80,1,0
2022-08-13,League Two,3916404,Tranmere Rovers,Gillingham,0.4475043029259897,0.25817555938037867,0.2943201376936317,3,0,0,53,9,4,2,1,62,10,2,4,1,1,6,3,311,68,125,33,10,29,1,59,5,3,19,0,57,49,46,43,0,0,47,9,0,1,1,55,7,2,6,3,1,8,1,284,66,91,29,38,30,1,69,8,1,19,1,64,51,54,23,2,0
2022-08-13,League Two,3916423,Walsall,Stevenage,0.5662983425414365,0.27071823204419887,0.16298342541436464,1,1,1,42,6,1,1,1,53,13,3,5,0,0,5,1,260,72,67,22,33,22,1,63,6,6,32,3,74,46,65,42,2,0,58,14,4,2,1,62,12,3,3,7,0,8,6,356,97,123,29,24,45,2,60,2,0,10,0,61,54,35,50,2,0
2022-08-16,League Two,3916422,Barrow,Walsall,0.3337022689540675,0.417819590481461,0.2484781405644715,2,1,0,51,7,5,1,1,61,8,10,1,1,0,7,0,348,81,132,33,17,36,1,57,3,2,8,0,54,48,51,55,1,0,49,7,1,1,0,63,9,3,4,2,0,1,6,350,145,75,33,17,34,0,59,7,1,16,3,55,52,49,71,2,0
2022-08-16,League Two,3916421,Colchester United,Bradford City,0.29718599862731643,0.38503774879890185,0.3177762525737817,1,0,0,38,15,4,0,0,72,12,5,6,5,1,7,8,325,108,126,41,22,28,0,57,9,7,15,3,49,50,50,44,0,0,62,15,3,2,2,84,11,8,4,8,1,9,6,542,234,220,49,18,19,1,69,4,5,25,3,47,47,50,15,4,0
2022-08-16,League Two,3916420,Crawley Town,Northampton Town,0.25842696629213485,0.41292134831460675,0.32865168539325845,2,3,2,55,8,5,2,1,79,10,2,1,2,0,6,2,486,254,129,40,22,32,4,77,6,3,12,4,36,44,32,50,0,0,45,11,7,0,0,75,8,3,1,3,0,5,6,398,184,113,31,9,22,5,63,15,2,19,3,54,56,68,57,1,0
2022-08-16,League Two,3916419,Crewe Alexandra,Sutton United,0.4109375,0.41171875,0.17734375,1,0,0,50,10,4,1,0,63,16,4,3,3,0,5,5,337,137,76,43,43,22,1,91,5,5,30,6,56,45,47,69,2,0,50,20,6,0,0,63,16,5,9,5,1,15,5,323,102,102,41,29,24,1,52,5,3,7,3,66,55,53,57,2,0
2022-08-16,League Two,3916412,Doncaster Rovers,Stockport County,0.37851342910680824,0.3910056214865709,0.23048094940662087,2,1,0,71,22,8,3,2,85,8,10,9,5,2,14,8,577,213,276,59,20,23,2,85,10,0,8,0,40,54,45,39,1,0,29,3,1,1,0,58,12,2,2,0,0,1,2,241,74,66,27,0,23,3,59,12,5,27,7,37,46,55,43,4,1
2022-08-16,League Two,3916418,Gillingham,Harrogate Town,0.41777408637873753,0.41362126245847175,0.1686046511627907,0,2,2,58,15,2,2,2,68,8,11,7,6,0,9,6,412,115,164,48,30,36,2,67,8,1,15,3,72,50,58,38,5,0,42,13,5,3,2,60,9,6,7,1,0,7,6,308,63,121,24,18,20,1,52,9,6,35,2,61,50,42,33,3,0
2022-08-16,League Two,3916416,Hartlepool United,Tranmere Rovers,0.3373493975903614,0.4036144578313253,0.25903614457831325,0,0,1,48,6,1,1,1,67,8,7,3,2,0,4,2,341,116,111,36,5,22,1,50,10,2,24,5,50,44,44,23,3,0,52,13,5,0,0,66,12,9,6,2,0,8,5,376,113,136,29,17,12,3,56,6,2,16,1,64,56,56,38,2,0
2022-08-16,League Two,3916415,Mansfield Town,AFC Wimbledon,0.4436482084690554,0.38306188925081436,0.1732899022801303,5,2,0,70,13,6,5,1,87,16,7,5,2,0,8,5,563,213,276,75,15,18,1,56,10,1,13,0,41,43,52,17,2,0,30,5,2,1,0,67,12,3,2,1,0,4,1,244,114,49,27,42,26,2,50,10,2,19,1,49,57,48,47,4,1
2022-08-16,League Two,3916594,Newport County,Salford City,0.31442577030812324,0.39215686274509803,0.2934173669467787,2,3,2,33,11,3,2,1,64,10,4,6,2,0,8,3,269,84,88,37,15,25,3,81,8,4,10,4,53,59,51,60,3,0,67,13,6,2,1,85,7,4,3,4,0,7,6,550,243,223,54,33,30,0,80,7,2,17,1,41,41,49,39,2,0
2022-08-16,League Two,3916414,Stevenage,Rochdale,0.5156749840051184,0.35956493921944976,0.12476007677543186,1,0,0,50,17,6,3,3,65,11,8,9,2,0,11,6,332,77,140,44,24,31,5,71,12,1,8,1,61,55,56,45,1,0,50,4,1,0,0,61,13,2,2,1,0,4,0,351,113,100,21,50,31,2,57,7,2,18,5,48,44,44,38,2,0
2022-08-16,League Two,3916413,Swindon Town,Leyton Orient,0.3147432357813363,0.35173937051352844,0.3335173937051353,1,1,1,45,7,3,1,0,72,11,2,3,1,0,5,2,337,164,80,33,17,34,3,63,9,4,14,9,37,42,82,36,1,0,55,19,10,3,3,77,8,6,5,4,0,8,11,422,190,137,27,22,31,5,61,7,1,12,2,39,57,18,53,2,0
2022-08-20,League Two,3916434,Hartlepool United,Bradford City,0.2786683107274969,0.3366214549938348,0.3847102342786683,1,3,2,51,6,2,1,0,75,7,3,2,2,0,3,3,446,210,126,35,0,31,2,73,8,3,20,3,62,59,43,64,0,0,49,13,6,1,1,77,9,7,3,4,1,10,3,417,151,171,31,17,33,0,58,11,2,13,1,53,42,57,41,2,0
2022-08-20,League Two,3916407,Barrow,Harrogate Town,0.5150501672240803,0.30434782608695654,0.1806020066889632,1,0,0,48,12,4,0,0,61,13,7,4,4,0,5,7,344,74,135,38,16,38,1,74,13,2,14,1,62,44,53,27,4,0,52,5,1,2,2,62,11,1,2,2,0,3,2,384,105,134,36,21,35,0,42,20,4,17,3,68,56,47,38,4,0
2022-08-20,League Two,3916411,Colchester United,Leyton Orient,0.2793103448275862,0.3563218390804598,0.364367816091954,1,3,2,42,8,3,2,2,67,10,6,5,0,0,7,1,292,124,71,41,28,36,3,73,11,2,15,4,31,51,46,50,0,0,58,16,6,2,0,78,8,3,8,2,0,6,10,436,183,155,33,38,28,0,100,5,1,28,1,32,49,54,17,3,0
2022-08-20,League Two,3916410,Crawley Town,AFC Wimbledon,0.3328591749644381,0.3840682788051209,0.283072546230441,0,2,2,48,11,2,1,1,81,13,5,7,2,0,5,6,480,202,189,35,15,18,2,36,10,0,8,2,44,45,59,40,1,1,52,9,4,2,1,84,13,1,5,0,0,6,3,520,324,111,32,36,11,7,65,15,2,16,2,45,55,41,67,2,0
2022-08-20,League Two,3916409,Crewe Alexandra,Northampton Town,0.3120243531202435,0.3013698630136986,0.3866057838660578,2,2,1,37,7,3,2,1,58,7,5,1,3,0,4,3,272,86,73,25,10,36,1,63,8,4,27,2,38,45,46,30,2,0,63,13,4,0,0,70,8,8,5,4,0,7,6,448,156,159,36,14,36,2,61,10,3,5,1,46,55,54,27,3,0
2022-08-20,League Two,3916408,Doncaster Rovers,Salford City,0.3110687022900763,0.3320610687022901,0.3568702290076336,2,1,0,31,11,6,0,0,59,10,5,4,1,0,7,4,214,72,54,16,29,13,5,50,19,7,27,2,35,46,52,33,0,0,69,13,3,1,0,80,15,6,3,7,0,8,5,483,215,170,35,14,24,2,55,2,1,9,4,38,54,48,63,3,0
2022-08-20,League Two,3916424,Gillingham,Walsall,0.3410714285714286,0.325,0.3339285714285714,0,0,1,48,7,2,1,1,55,9,6,3,2,1,4,3,308,83,87,31,22,29,2,75,8,2,19,1,69,63,51,44,0,0,52,9,1,1,1,60,17,5,6,2,0,4,5,330,83,116,35,13,32,0,78,11,2,20,2,53,37,49,38,4,0
2022-08-20,League Two,3916435,Grimsby Town,Sutton United,0.5647279549718575,0.275797373358349,0.15947467166979362,0,0,1,56,9,3,1,1,59,17,5,4,2,0,5,4,364,94,119,41,23,30,1,55,9,6,36,2,72,43,62,33,3,0,44,12,3,2,2,45,11,6,3,6,0,7,5,274,42,80,13,33,37,0,67,16,2,13,3,63,57,38,50,2,0
2022-08-20,League Two,3916433,Mansfield Town,Stockport County,0.5402184707050646,0.2959285004965243,0.16385302879841113,2,1,0,52,15,7,5,4,71,13,6,4,4,0,10,5,402,168,116,39,20,30,3,71,14,1,21,2,51,45,50,53,2,0,48,10,3,0,0,64,8,2,6,1,1,5,5,359,123,108,42,21,38,7,45,12,5,23,4,57,55,50,57,1,0
2022-08-20,League Two,3916593,Newport County,Tranmere Rovers,0.42078364565587734,0.282793867120954,0.29642248722316866,2,1,0,39,13,5,2,1,66,11,4,4,4,0,10,3,270,80,99,36,8,33,0,67,13,0,24,1,58,40,57,50,1,0,61,5,1,2,2,71,9,3,4,0,0,4,1,421,107,192,41,31,36,1,75,5,4,17,3,60,60,43,50,0,0
2022-08-20,League Two,3916445,Stevenage,Carlisle United,0.5396341463414634,0.2804878048780488,0.1798780487804878,2,1,0,52,20,5,2,1,59,9,6,7,8,1,13,7,337,65,133,38,35,32,2,65,9,1,20,3,56,52,48,60,2,0,48,8,4,1,0,51,8,4,3,1,0,5,3,319,51,112,25,18,33,0,80,3,7,26,3,56,48,52,40,1,0
2022-08-20,League Two,3916446,Swindon Town,Rochdale,0.6032934131736527,0.2634730538922156,0.13323353293413173,3,0,0,53,20,10,3,1,86,7,10,7,3,0,8,12,484,239,179,52,14,12,2,68,8,0,8,0,37,58,17,67,2,0,47,5,0,1,1,83,7,3,5,0,0,2,3,437,229,132,57,11,18,7,60,5,3,19,7,31,42,83,33,2,0
2022-08-27,League Two,3916458,AFC Wimbledon,Barrow,0.45539906103286387,0.28482003129890454,0.2597809076682316,0,1,2,62,11,2,3,3,79,17,4,7,2,0,7,4,528,280,135,31,15,25,2,45,7,2,8,3,49,46,50,60,3,1,38,10,4,1,0,64,9,1,4,2,0,4,6,331,106,106,27,29,19,1,60,8,2,16,2,54,54,50,40,2,0
2022-08-27,League Two,3916457,Bradford City,Crewe Alexandra,0.5666666666666667,0.2753623188405797,0.15797101449275364,0,0,1,61,12,2,0,0,80,8,4,4,6,1,8,4,562,212,235,52,21,17,0,67,5,3,19,2,55,48,59,62,2,0,39,8,2,0,0,70,6,6,3,3,0,6,2,360,132,119,34,20,28,1,50,6,6,12,2,50,52,41,29,0,0
2022-08-27,League Two,3916456,Carlisle United,Gillingham,0.5021459227467812,0.26394849785407726,0.23390557939914164,1,0,0,48,6,2,1,0,60,9,1,2,2,0,4,2,366,86,133,32,23,26,0,50,1,2,18,3,67,48,70,20,1,0,52,8,3,1,1,66,11,4,3,2,0,4,4,390,126,131,30,15,27,0,31,17,2,14,1,46,52,30,64,2,0
2022-08-27,League Two,3916592,Harrogate Town,Newport County,0.38004750593824227,0.2755344418052256,0.34441805225653205,0,4,2,65,7,0,1,1,74,5,2,6,1,1,4,3,543,204,197,42,11,35,0,75,10,2,11,0,75,64,45,64,0,0,35,8,3,2,0,56,17,1,3,2,0,6,2,298,85,82,34,20,34,1,57,10,1,20,0,63,36,55,47,2,0
2022-08-27,League Two,3916455,Leyton Orient,Hartlepool United,0.6546681664791901,0.24634420697412823,0.09898762654668167,4,2,0,69,22,7,4,1,84,10,2,8,7,0,15,7,603,274,233,48,30,16,2,68,4,2,9,0,48,52,58,40,3,0,31,9,2,2,0,63,12,1,5,2,0,7,2,259,108,56,29,50,22,2,83,7,7,13,3,42,49,42,20,3,0
2022-08-27,League Two,3916454,Northampton Town,Doncaster Rovers,0.5051094890510949,0.28175182481751826,0.21313868613138687,0,1,2,53,10,3,1,1,71,13,3,3,4,0,7,3,349,136,113,49,50,23,2,67,6,6,25,1,53,50,64,47,2,0,47,11,2,2,1,62,11,5,2,7,0,9,2,315,87,108,30,40,22,0,67,7,4,10,3,44,50,36,31,1,0
2022-08-27,League Two,3916453,Rochdale,Crawley Town,0.37199124726477023,0.30196936542669583,0.32603938730853393,1,1,1,60,10,6,0,0,68,10,6,2,2,0,8,2,443,134,168,45,31,32,2,62,6,1,18,0,69,50,67,47,2,0,40,4,1,0,0,58,8,2,2,1,0,2,2,299,83,91,28,9,25,2,58,9,2,12,5,52,50,33,20,2,1
2022-08-27,League Two,3916452,Salford City,Stevenage,0.48205928237129486,0.26053042121684866,0.2574102964118565,1,0,0,68,12,5,0,0,83,9,7,3,4,0,4,8,612,279,232,60,25,33,1,56,5,0,15,3,48,48,41,46,0,0,32,8,3,0,0,63,10,5,5,0,0,5,3,289,87,95,27,25,17,6,70,10,4,14,4,58,52,59,100,1,0
2022-08-27,League Two,3916451,Stockport County,Swindon Town,0.4195205479452055,0.2551369863013699,0.3253424657534247,1,1,1,40,13,5,0,0,69,10,5,4,4,0,9,4,350,146,97,37,13,24,3,78,9,1,8,1,50,49,73,36,2,1,60,11,2,1,1,80,10,6,8,1,0,3,8,529,235,189,43,20,23,2,91,10,4,8,5,39,51,27,69,2,0
2022-08-27,League Two,3916450,Sutton United,Mansfield Town,0.2880324543610548,0.27586206896551724,0.43610547667342797,2,1,0,40,11,3,0,0,57,14,5,6,2,0,9,2,244,48,92,33,29,27,2,80,6,4,38,1,54,38,60,58,3,0,60,9,2,1,1,68,10,9,3,4,0,6,3,364,165,81,35,38,22,1,53,12,2,27,1,57,63,40,50,2,0
2022-08-27,League Two,3916449,Tranmere Rovers,Colchester United,0.5459882583170255,0.27788649706457924,0.1761252446183953,2,0,0,46,9,4,2,0,69,9,4,2,3,0,6,3,377,88,173,34,10,29,4,55,11,2,20,0,44,45,52,50,1,0,54,3,1,0,0,69,6,1,1,1,0,2,1,443,146,158,39,11,28,1,50,6,3,13,2,47,56,48,58,1,0
2022-08-27,League Two,3916448,Walsall,Grimsby Town,0.537542662116041,0.2627986348122867,0.19965870307167236,1,2,2,41,15,8,2,1,57,3,4,6,1,0,9,6,268,65,87,22,19,34,0,67,15,2,20,1,58,67,43,50,1,0,59,8,3,2,0,68,11,2,2,3,0,4,4,389,107,156,32,40,37,3,57,8,1,34,7,51,33,57,46,1,0
2022-09-03,League Two,3916447,Bradford City,Walsall,0.5533249686323714,0.29234629861982436,0.15432873274780426,2,1,0,53,9,3,3,2,73,13,4,5,1,0,4,5,343,114,135,41,40,28,2,53,7,8,34,5,54,44,54,50,2,0,47,27,7,3,3,64,9,10,9,11,0,20,7,288,89,96,25,56,26,2,75,11,1,12,1,58,56,46,27,1,0
2022-09-03,League Two,3916437,Carlisle United,Rochdale,0.6086956521739131,0.2608695652173913,0.13043478260869565,3,3,1,55,15,4,3,2,66,11,5,7,4,0,11,4,403,119,148,43,22,29,0,67,12,0,6,1,57,48,48,40,0,0,45,9,4,2,0,59,6,4,5,0,0,5,4,332,83,113,38,25,21,3,82,10,3,14,1,62,52,52,67,1,0
2022-09-03,League Two,3916438,Colchester United,Hartlepool United,0.49607843137254903,0.32941176470588235,0.17450980392156862,1,1,1,63,13,5,2,1,77,9,8,6,2,0,12,1,482,200,170,58,32,33,3,53,7,0,4,0,54,55,47,25,2,0,37,7,1,0,0,63,14,3,6,0,0,6,1,293,88,98,26,33,20,0,60,8,2,23,4,52,46,53,17,3,0
2022-09-03,League Two,3916439,Crewe Alexandra,Stevenage,0.40373831775700936,0.27850467289719627,0.3177570093457944,1,2,2,54,11,4,1,1,61,17,11,4,3,0,6,5,354,118,99,32,13,25,0,60,3,1,23,2,56,38,50,13,3,0,46,10,4,2,0,54,15,3,5,1,0,6,4,314,64,104,31,23,18,3,65,5,3,16,3,72,62,50,71,2,0
2022-09-03,League Two,3916440,Doncaster Rovers,Mansfield Town,0.5427872860635696,0.24816625916870416,0.20904645476772615,1,3,2,47,9,5,2,1,60,10,3,2,2,1,5,4,285,89,83,36,38,30,1,53,14,8,18,1,54,54,52,42,1,0,53,16,5,3,2,66,18,4,4,7,0,10,6,329,77,139,33,33,32,0,73,9,2,30,4,47,46,48,54,3,0
2022-09-03,League Two,3916436,Gillingham,Swindon Town,0.35797665369649806,0.30544747081712065,0.33657587548638135,0,0,1,22,8,2,1,1,52,8,5,3,3,1,4,4,197,32,71,23,8,11,1,72,16,8,19,4,45,67,56,75,0,1,78,23,4,2,2,87,9,8,10,9,0,11,12,705,239,374,67,41,24,0,75,2,3,11,2,27,33,44,38,1,0
2022-09-03,League Two,3916441,Leyton Orient,Tranmere Rovers,0.603411513859275,0.26332622601279315,0.13326226012793177,2,0,0,59,9,2,2,1,72,8,7,4,3,0,5,4,416,144,155,42,12,23,1,33,6,1,16,3,58,41,48,39,3,0,41,10,3,0,0,61,10,2,6,1,0,7,3,292,90,87,28,60,33,3,62,6,3,28,1,73,59,52,47,1,0
2022-09-03,League Two,3916591,Newport County,Grimsby Town,0.527190332326284,0.26435045317220546,0.2084592145015106,0,2,2,49,13,5,0,0,67,10,1,5,3,0,8,5,363,113,129,41,38,31,0,84,15,3,13,4,58,48,43,35,2,0,51,13,6,1,1,67,14,5,4,3,0,7,6,377,109,143,45,33,28,1,54,16,4,14,4,68,52,57,47,2,0
2022-09-03,League Two,3916442,Northampton Town,Barrow,0.47806354009077157,0.2813918305597579,0.2405446293494705,3,1,0,55,14,5,2,1,68,15,5,5,4,0,7,7,391,143,122,31,31,22,0,54,11,6,16,4,42,43,43,36,4,0,45,15,6,1,1,59,8,4,4,5,1,10,5,314,79,105,35,20,30,1,58,0,4,14,2,56,57,57,56,4,0
2022-09-03,League Two,3916443,Salford City,Crawley Town,0.6499339498018494,0.25495376486129456,0.095112285336856,2,2,1,62,20,6,0,0,84,15,5,7,7,0,12,8,564,290,185,52,36,28,1,62,10,3,20,1,61,54,63,30,1,0,38,8,3,0,0,68,21,3,1,4,0,6,2,346,119,116,36,25,25,0,83,9,7,15,4,48,46,38,29,5,0
2022-09-03,League Two,3916444,Stockport County,AFC Wimbledon,0.4543828264758497,0.27906976744186046,0.26654740608228983,1,0,0,52,16,9,1,0,72,11,13,2,5,0,13,3,366,110,152,37,41,32,1,50,8,1,25,2,67,48,61,42,1,0,48,8,2,0,0,69,12,3,5,1,0,6,2,340,138,97,41,35,26,1,45,10,5,28,8,58,52,39,30,1,0
2022-09-03,League Two,3916459,Sutton United,Harrogate Town,0.5803921568627451,0.2823529411764706,0.13725490196078433,2,1,0,52,20,7,2,0,62,8,14,8,5,0,12,8,314,54,141,37,27,32,1,56,11,0,25,0,60,44,53,50,1,0,48,7,1,1,0,59,7,3,6,0,2,4,3,315,63,123,30,22,22,0,67,8,5,49,5,61,56,47,50,2,1
2022-09-13,League Two,3916465,AFC Wimbledon,Northampton Town,0.3067700987306065,0.4520451339915374,0.24118476727785615,0,2,2,53,11,3,1,1,62,17,7,5,3,1,8,3,332,114,93,28,35,33,4,58,6,0,13,4,49,41,42,0,3,0,47,7,5,0,0,59,15,5,2,0,0,3,4,301,100,77,28,15,32,0,65,10,3,16,3,69,59,58,55,1,0
2022-09-13,League Two,3916464,Barrow,Doncaster Rovers,0.3970976253298153,0.42216358839050133,0.18073878627968337,2,0,0,38,22,8,3,2,64,10,4,7,7,0,14,8,313,95,106,31,33,24,0,87,8,3,24,1,52,48,56,67,1,0,62,7,1,1,1,79,10,1,3,3,0,5,2,526,235,178,38,21,32,0,88,14,6,16,6,49,52,44,64,2,0
2022-09-13,League Two,3916463,Crawley Town,Stockport County,0.3339517625231911,0.41929499072356213,0.24675324675324675,3,2,0,40,6,4,2,1,61,10,0,1,1,0,3,3,349,96,118,29,17,34,0,70,15,3,32,5,43,50,38,67,2,0,60,14,7,4,3,71,8,7,4,3,0,11,3,513,194,170,44,18,37,3,64,11,1,10,1,54,50,62,33,0,0
2022-09-13,League Two,3916462,Grimsby Town,Gillingham,0.47356664184661207,0.39091586001489204,0.1355174981384959,1,1,1,53,15,6,3,2,71,13,5,5,4,1,8,7,423,147,152,52,20,29,1,86,17,3,20,2,45,39,40,46,1,0,47,10,3,0,0,63,10,5,4,3,0,6,4,378,95,145,36,38,19,4,78,14,5,23,4,70,61,60,63,2,0
2022-09-13,League Two,3916484,Harrogate Town,Salford City,0.24119718309859156,0.3855633802816901,0.3732394366197183,0,1,2,32,14,2,1,1,68,13,4,9,3,0,9,5,262,52,127,38,25,22,7,83,12,4,22,5,54,51,47,42,1,0,68,17,6,2,2,84,10,5,7,4,0,9,8,577,271,211,56,19,24,1,55,5,3,15,2,56,49,53,62,3,0
2022-09-13,League Two,3916486,Hartlepool United,Crewe Alexandra,0.34863387978142074,0.4240437158469945,0.2273224043715847,1,1,1,46,15,5,1,0,76,11,4,8,2,0,8,7,435,161,169,40,15,21,2,79,7,3,10,2,47,46,52,62,0,0,54,12,3,1,0,80,9,2,6,3,0,8,4,521,229,190,52,29,21,1,81,11,2,9,4,51,54,48,91,1,0
2022-09-13,League Two,3916483,Mansfield Town,Carlisle United,0.48548278190411887,0.38690074274139097,0.12761647535449022,0,0,1,61,12,3,0,0,69,12,6,8,1,0,5,7,446,112,197,32,13,41,3,67,7,0,28,3,69,46,61,44,1,0,39,6,3,2,2,51,16,0,3,0,0,6,0,292,72,76,23,14,30,2,45,13,1,25,3,60,54,39,44,3,0
2022-09-13,League Two,3916482,Rochdale,Leyton Orient,0.2222222222222222,0.3550446998722861,0.4227330779054917,0,1,2,41,7,2,1,1,63,6,4,4,1,0,5,2,363,124,104,32,17,29,0,69,9,5,21,3,41,54,39,42,2,0,59,14,4,3,2,75,9,4,4,6,0,8,6,535,217,183,34,43,28,0,75,15,1,12,2,45,46,61,36,3,0
2022-09-13,League Two,3916589,Stevenage,Newport County,0.4602836879432624,0.3822695035460993,0.1574468085106383,1,0,0,46,14,3,1,1,60,9,7,8,3,1,9,5,346,71,137,33,10,47,2,67,12,1,11,1,49,46,39,44,3,0,54,7,1,1,1,64,12,0,4,2,0,3,4,418,168,99,29,17,25,0,73,10,3,33,2,66,54,61,50,0,0
2022-09-13,League Two,3916481,Swindon Town,Sutton United,0.525,0.35,0.125,3,2,0,68,17,9,2,2,78,5,8,4,4,0,10,7,487,163,219,41,44,18,2,50,5,4,24,6,56,50,44,53,2,0,32,15,8,1,1,56,8,9,3,4,0,10,5,228,54,74,30,33,24,1,47,11,4,17,6,63,50,56,50,2,0
2022-09-13,League Two,3916480,Tranmere Rovers,Bradford City,0.32849364791288566,0.39019963702359345,0.2813067150635209,1,2,2,50,9,2,0,0,63,14,6,6,1,1,6,3,393,128,121,26,6,42,3,63,10,2,17,6,46,42,37,25,3,0,50,13,8,2,1,66,10,7,3,2,1,7,6,385,124,130,42,33,26,0,32,11,1,33,1,70,58,63,50,1,0
2022-09-13,League Two,3916479,Walsall,Colchester United,0.4099326599326599,0.45454545454545453,0.13552188552188552,1,1,1,56,10,3,0,0,66,16,3,4,3,0,6,4,336,118,105,28,6,36,1,50,4,3,16,0,53,53,49,56,2,0,44,9,1,1,0,58,17,3,5,3,0,8,1,267,67,89,43,31,19,2,58,5,3,22,2,50,47,51,40,4,0
2022-09-17,League Two,3916475,Bradford City,Stevenage,0.4919786096256685,0.3037433155080214,0.20427807486631017,3,0,0,52,12,6,3,2,72,14,2,5,1,0,9,3,369,159,105,37,40,19,0,60,6,2,54,3,53,48,44,43,1,1,48,16,3,1,1,64,14,11,10,3,0,14,2,331,72,141,47,21,34,0,71,3,1,5,3,62,52,56,43,1,0
2022-09-17,League Two,3916476,Carlisle United,AFC Wimbledon,0.45528455284552843,0.3475609756097561,0.19715447154471544,2,1,0,51,17,7,1,0,69,10,11,4,6,0,9,8,375,86,171,37,30,21,3,69,7,0,19,1,48,47,45,50,2,0,49,6,2,1,0,65,9,2,4,0,0,5,1,352,125,103,30,7,26,2,54,7,6,20,5,57,54,55,75,4,0
2022-09-17,League Two,3916485,Colchester United,Grimsby Town,0.31843575418994413,0.3016759776536313,0.37988826815642457,0,1,2,52,9,1,1,1,65,13,6,5,3,0,7,2,367,111,126,44,30,31,6,67,16,1,19,3,54,52,43,82,1,0,48,6,4,0,0,67,9,3,1,1,0,3,3,348,67,166,40,17,31,1,38,11,3,23,1,58,48,57,43,2,0
2022-09-17,League Two,3916477,Crewe Alexandra,Crawley Town,0.48428835489833644,0.31608133086876156,0.19963031423290203,1,0,0,45,15,5,2,1,75,9,9,6,4,1,10,5,403,167,136,50,27,22,0,48,16,2,11,2,48,50,46,33,2,0,55,8,2,2,2,79,5,2,4,2,0,7,1,516,177,231,40,15,20,0,63,15,4,24,4,51,50,54,17,1,0
2022-09-17,League Two,3916478,Doncaster Rovers,Swindon Town,0.46853146853146854,0.2692307692307692,0.26223776223776224,0,1,2,43,8,3,0,0,65,7,4,1,4,0,3,5,330,95,118,31,12,24,1,63,9,3,21,3,37,45,55,33,1,0,57,10,4,0,0,75,14,7,3,3,0,5,5,443,178,155,39,14,27,3,83,5,4,19,3,39,55,45,78,1,0
2022-09-17,League Two,3916487,Gillingham,Mansfield Town,0.2672,0.312,0.4208,0,2,2,44,6,2,0,0,44,13,5,4,0,0,3,3,266,56,62,19,24,28,0,74,8,4,24,1,58,51,42,25,1,0,56,15,3,2,1,57,10,10,8,4,0,14,1,318,45,136,40,28,41,0,73,10,0,25,2,67,49,58,40,1,0
2022-09-17,League Two,3916499,Leyton Orient,Walsall,0.6439704675963905,0.2502050861361772,0.10582444626743231,1,0,0,59,10,5,2,1,69,14,4,3,2,0,5,5,393,123,149,28,42,37,2,62,7,2,19,3,50,39,55,50,1,0,41,8,3,0,0,55,7,5,2,3,0,4,4,270,74,74,36,31,38,2,65,6,2,27,4,61,61,45,83,1,0
2022-09-17,League Two,3916588,Newport County,Barrow,0.3656716417910448,0.3164179104477612,0.31791044776119404,0,2,2,65,12,1,0,0,76,17,7,7,4,1,6,6,557,226,197,49,28,28,0,73,5,1,10,0,60,47,58,45,1,0,35,10,2,4,2,59,14,1,7,1,0,7,3,304,85,93,34,38,10,0,50,5,3,33,1,58,53,42,31,1,0
2022-09-17,League Two,3916500,Northampton Town,Rochdale,0.6296703296703297,0.26263736263736265,0.1076923076923077,3,0,0,53,12,5,4,2,64,6,2,5,2,0,5,7,372,116,121,28,10,26,2,71,13,3,15,1,55,68,44,50,0,0,47,10,1,1,1,57,16,6,6,3,0,7,3,321,113,71,30,36,23,2,67,5,2,14,2,35,32,56,50,3,0
2022-09-17,League Two,3916501,Salford City,Tranmere Rovers,0.5674019607843137,0.2977941176470588,0.13480392156862744,0,1,2,75,11,0,1,1,84,9,4,7,4,1,6,5,688,368,213,54,21,24,0,80,6,1,8,3,51,56,67,64,2,0,25,13,4,5,5,60,23,5,8,1,1,8,5,215,48,82,32,38,23,1,71,16,4,22,0,35,44,33,67,2,0
2022-09-17,League Two,3916502,Stockport County,Harrogate Town,0.5627118644067797,0.27627118644067794,0.16101694915254236,0,0,1,62,12,2,3,3,66,10,4,8,2,2,9,3,432,145,142,39,11,41,2,73,11,3,22,4,77,48,55,0,1,0,38,9,4,0,0,49,9,3,2,3,0,6,3,268,57,75,35,8,35,1,50,8,3,25,1,71,52,45,36,3,0
2022-09-17,League Two,3916503,Sutton United,Hartlepool United,0.572107765451664,0.27099841521394613,0.15689381933438987,2,0,0,40,10,6,3,1,63,7,6,2,2,0,10,0,333,100,110,33,41,23,0,74,7,3,18,1,57,53,45,17,0,0,60,8,1,0,0,77,9,7,4,3,0,5,3,504,235,153,40,40,29,0,57,7,2,24,4,57,47,55,33,1,0
2022-09-24,League Two,3916489,Northampton Town,Stockport County,0.5331632653061225,0.3312074829931973,0.13562925170068027,2,1,0,46,9,3,1,0,49,18,1,4,2,1,6,3,309,88,63,21,31,31,0,59,10,4,13,1,66,49,44,14,2,0,54,12,2,1,0,57,21,4,6,4,1,7,5,360,90,116,43,21,30,4,50,13,2,17,1,76,51,56,14,2,1
2022-09-24,League Two,3916504,Barrow,Leyton Orient,0.29565551710880433,0.43790849673202614,0.2664359861591695,0,2,2,46,12,4,0,0,53,6,7,5,3,0,8,4,335,69,109,30,21,43,2,59,4,5,16,1,68,62,52,78,1,1,54,11,3,0,0,66,12,6,3,5,0,6,5,392,131,128,34,13,34,0,73,7,3,31,4,51,38,48,45,4,0
2022-09-24,League Two,3916505,Bradford City,AFC Wimbledon,0.5045751633986928,0.3851851851851852,0.110239651416122,2,2,1,56,12,4,2,2,69,10,8,6,2,1,7,5,380,142,120,47,38,41,1,87,6,3,20,2,70,47,57,56,2,0,44,10,4,2,1,54,13,6,3,3,2,5,5,289,51,106,25,20,31,3,70,11,2,11,2,67,53,43,50,3,0
2022-09-24,League Two,3916506,Colchester United,Rochdale,0.40097501523461304,0.45947592931139547,0.13954905545399146,0,1,2,65,7,1,1,1,80,12,8,3,3,0,4,3,524,245,174,48,29,34,3,53,6,3,10,5,49,52,48,53,2,0,35,10,6,2,1,71,9,4,1,3,1,4,6,285,67,136,46,7,17,2,35,16,3,29,1,47,48,52,30,3,0
2022-09-24,League Two,3916507,Crewe Alexandra,Mansfield Town,0.2947075208913649,0.4467966573816156,0.2584958217270195,1,2,2,45,13,2,1,1,62,18,4,3,8,1,10,3,309,121,72,41,27,28,4,44,5,6,43,3,63,46,49,47,2,0,55,16,5,1,1,68,16,8,5,6,0,8,8,353,83,158,38,30,21,0,47,10,8,35,0,69,54,51,29,2,0
2022-09-24,League Two,3916498,Doncaster Rovers,Crawley Town,0.43588199879590606,0.4340758579169175,0.1300421432871764,4,1,0,41,17,6,4,1,65,12,7,9,2,0,13,4,282,92,90,36,54,30,2,43,15,3,21,2,60,58,52,38,0,0,59,9,3,0,0,74,17,5,3,3,0,6,3,401,199,98,32,6,25,0,59,16,2,13,2,46,42,48,24,1,0
2022-09-24,League Two,3916497,Grimsby Town,Swindon Town,0.4113963681903569,0.41202254226675017,0.17658108954289292,1,2,2,52,16,8,4,3,75,13,3,5,3,0,11,5,385,151,139,42,29,30,1,43,5,5,17,2,62,53,54,57,1,0,48,13,4,2,0,74,15,7,4,5,0,9,4,369,167,107,41,30,18,1,79,4,4,17,6,54,47,46,50,3,1
2022-09-24,League Two,3916488,Hartlepool United,Gillingham,0.3529051987767584,0.4636085626911315,0.1834862385321101,0,0,1,51,16,3,1,1,53,14,7,8,5,0,10,6,334,60,117,27,16,24,2,50,7,2,24,0,63,56,45,44,1,0,49,4,0,0,0,49,14,2,2,2,0,3,1,331,60,102,18,13,36,2,63,10,6,35,2,59,44,55,36,3,0
2022-09-24,League Two,3916581,Newport County,Carlisle United,0.387264457439896,0.42430149447693305,0.18843404808317088,1,1,1,43,6,2,1,0,56,8,0,3,1,0,4,2,301,98,72,28,23,33,3,44,8,2,21,1,49,45,54,71,3,0,57,10,2,0,0,67,10,6,6,2,1,7,3,392,134,130,37,0,38,3,78,9,1,21,1,50,55,46,80,1,0
2022-09-24,League Two,3916490,Stevenage,Harrogate Town,0.5073170731707317,0.3831978319783198,0.10948509485094851,1,0,0,55,24,8,6,5,61,12,8,9,7,2,20,4,332,84,119,42,44,35,2,39,11,0,3,1,77,57,57,44,1,0,45,4,1,1,1,58,13,3,3,0,0,1,3,288,79,89,39,18,12,3,67,5,7,51,7,59,43,43,35,0,0
2022-09-24,League Two,3916491,Sutton United,Salford City,0.3505715841045182,0.4431137724550898,0.20631464344039194,1,2,2,36,13,2,1,0,59,21,3,7,4,0,8,5,253,45,104,41,21,29,3,69,10,5,12,2,55,36,51,25,1,1,64,14,4,2,1,77,10,3,5,5,0,11,3,463,235,122,34,50,22,1,71,5,4,35,1,76,64,49,63,4,0
2022-09-24,League Two,3916492,Walsall,Tranmere Rovers,0.3643031784841076,0.45354523227383864,0.1821515892420538,0,1,2,43,11,3,1,1,54,8,4,7,1,0,7,4,316,78,93,24,25,30,0,62,15,0,17,6,67,46,59,24,1,0,57,7,6,2,1,66,14,3,1,0,0,4,3,422,110,169,31,20,42,1,58,4,1,26,3,61,54,41,80,2,0
2022-09-27,League Two,4000407,Grimsby Town,Carlisle United,0.47286148501953973,0.364741641337386,0.16239687364307426,1,2,2,67,18,4,1,0,75,9,7,8,6,0,5,13,536,200,203,48,16,37,1,77,15,1,5,1,53,42,52,35,1,0,33,5,3,1,0,53,11,1,1,1,0,4,1,277,69,78,18,0,26,1,47,9,6,30,3,63,58,48,44,2,0
2022-09-30,League Two,3916527,Mansfield Town,Hartlepool United,0.5321130378933847,0.340398201669878,0.12748876043673732,2,2,1,61,14,6,3,1,64,11,11,3,5,0,9,5,416,96,171,38,28,35,2,64,7,3,5,1,67,51,59,58,2,0,39,8,3,1,0,45,10,1,2,3,0,5,3,283,69,59,19,29,35,0,65,10,4,29,4,55,49,41,20,1,0
2022-10-01,League Two,3916542,Harrogate Town,Bradford City,0.2668997668997669,0.2902097902097902,0.4428904428904429,1,2,2,47,11,6,0,0,67,9,6,4,1,0,7,4,403,86,182,42,17,35,3,74,9,0,14,1,53,48,43,18,2,0,53,7,3,2,0,67,6,4,3,1,0,3,4,458,186,122,37,13,34,0,63,10,0,28,5,64,52,57,44,1,0
2022-10-01,League Two,3916493,AFC Wimbledon,Colchester United,0.5432300163132137,0.2724306688417618,0.18433931484502447,2,1,0,45,10,4,1,0,52,19,7,3,3,0,8,2,256,64,68,33,20,18,3,100,9,5,18,2,53,46,49,80,5,0,55,10,3,1,1,67,14,8,2,5,0,7,3,319,56,159,55,26,35,0,60,7,3,16,2,59,54,51,38,3,0
2022-10-01,League Two,3916494,Carlisle United,Crewe Alexandra,0.5506003430531733,0.27958833619210977,0.16981132075471697,0,0,1,44,6,3,0,0,65,14,7,1,2,0,2,4,363,102,134,33,6,35,3,50,8,1,10,2,50,43,51,36,1,0,56,9,2,1,1,74,5,3,6,1,0,4,5,476,199,151,44,33,23,0,39,10,2,9,3,60,57,49,10,3,0
2022-10-01,League Two,3916495,Crawley Town,Stevenage,0.25968436154949787,0.26255380200860834,0.47776183644189385,1,2,2,53,13,5,0,0,60,16,3,3,5,0,11,2,315,67,122,30,32,40,2,73,5,7,24,3,40,41,29,33,3,0,47,22,5,2,1,55,4,4,9,8,1,16,6,283,44,112,41,39,34,7,79,3,5,28,4,77,59,71,42,0,0
2022-10-01,League Two,3916496,Gillingham,Sutton United,0.3957894736842105,0.3136842105263158,0.2905263157894737,1,0,0,48,13,5,0,0,54,10,7,3,5,0,9,4,301,68,95,24,17,28,3,67,3,4,31,1,60,49,52,36,0,0,52,7,1,0,0,59,13,5,2,4,0,5,2,334,71,125,39,38,30,0,50,6,5,28,4,58,51,48,33,2,0
2022-10-01,League Two,3916582,Leyton Orient,Newport County,0.667704280155642,0.23346303501945526,0.09883268482490272,1,2,2,72,21,5,3,2,78,11,14,11,5,2,14,7,534,197,220,37,11,44,1,57,7,2,6,0,37,36,47,30,2,0,28,5,2,2,1,38,7,2,1,2,0,4,1,214,35,47,21,50,15,2,83,12,5,47,4,53,64,53,33,0,0
2022-10-01,League Two,3916528,Rochdale,Doncaster Rovers,0.2961730449251248,0.2612312811980033,0.4425956738768719,1,2,2,53,7,1,0,0,70,12,6,4,2,0,3,4,411,117,171,54,21,41,0,60,3,2,14,0,49,49,63,22,0,0,47,8,2,3,1,66,6,4,4,2,0,6,2,365,127,115,33,10,18,0,81,6,2,13,0,41,51,37,25,1,0
2022-10-01,League Two,3916529,Salford City,Grimsby Town,0.5526315789473685,0.2565789473684211,0.19078947368421054,1,1,1,62,13,5,3,2,82,4,4,6,2,0,7,6,499,240,170,52,31,27,2,79,11,5,17,5,47,50,65,25,0,0,38,17,6,2,1,70,16,12,5,6,0,11,6,297,103,105,34,38,13,3,50,16,2,17,4,40,50,35,64,1,0
2022-10-01,League Two,3916530,Stockport County,Walsall,0.5043782837127846,0.28546409807355516,0.21015761821366025,1,1,1,59,18,4,2,1,72,9,7,10,4,0,11,7,387,110,168,40,23,35,1,58,13,2,12,2,61,59,66,44,0,0,41,6,3,0,0,60,16,2,1,2,0,2,4,275,84,82,26,11,27,0,71,11,4,22,3,38,41,34,38,3,0
2022-10-01,League Two,3916531,Swindon Town,Northampton Town,0.3770491803278688,0.28688524590163933,0.3360655737704918,1,2,2,60,8,1,0,0,73,11,10,2,5,0,7,1,441,169,153,37,25,25,0,67,6,2,13,1,36,41,48,14,2,0,40,9,3,1,0,61,11,4,4,2,0,4,5,298,112,71,32,27,27,1,75,9,5,23,0,47,59,52,50,2,0
2022-10-01,League Two,3916532,Tranmere Rovers,Barrow,0.4603421461897356,0.27682737169517885,0.26283048211508553,1,0,0,50,12,7,3,3,60,9,7,4,1,1,9,3,373,82,143,29,18,35,2,70,8,2,17,1,61,46,42,33,1,0,50,6,1,1,1,59,9,2,3,2,0,2,4,378,124,98,34,21,43,4,58,7,2,20,5,78,54,58,67,2,0
2022-10-04,League Two,3916471,Hartlepool United,Doncaster Rovers,0.2751381215469613,0.4136279926335175,0.31123388581952116,2,1,0,53,19,6,1,1,63,11,4,6,7,1,13,6,396,84,166,37,43,27,0,59,9,4,16,3,76,55,64,62,0,0,47,14,4,2,2,57,7,4,6,4,1,8,6,347,102,96,16,21,25,0,33,4,6,21,4,51,45,36,40,1,0
2022-10-04,League Two,3916468,Stevenage,Sutton United,0.47644927536231885,0.388768115942029,0.13478260869565217,3,0,0,50,11,7,1,0,55,12,2,3,1,0,9,2,335,96,87,33,36,24,3,55,6,1,14,0,84,59,57,57,2,0,50,7,0,0,0,58,16,2,5,2,0,3,4,335,89,105,27,27,30,0,80,14,1,19,4,61,41,43,45,5,0
2022-10-04,League Two,3916590,Swindon Town,Newport County,0.40116038126813097,0.4243680066307501,0.17447161210111894,1,0,0,70,20,8,1,0,82,5,8,6,6,0,8,12,550,237,214,49,17,29,0,45,3,5,18,3,37,45,42,55,3,0,30,10,4,1,1,59,8,3,2,4,0,7,3,228,58,76,30,27,20,2,68,6,6,24,7,47,55,58,44,1,0
2022-10-04,League Two,3916466,Walsall,Northampton Town,0.2606060606060606,0.3902356902356902,0.34915824915824917,1,0,0,36,13,5,2,1,48,9,4,3,5,0,8,5,252,39,81,32,33,33,0,75,11,4,22,0,42,46,44,50,4,0,64,7,0,0,0,67,4,9,3,4,0,3,4,458,178,129,31,15,25,4,100,10,5,8,4,52,54,56,63,2,0
2022-10-08,League Two,3916533,Barrow,Mansfield Town,0.34498480243161095,0.3161094224924012,0.33890577507598785,0,1,2,55,11,3,0,0,60,15,4,5,3,1,5,6,338,93,109,38,27,34,2,100,5,3,19,2,57,50,45,33,1,0,45,12,3,3,2,58,14,9,6,3,0,9,3,276,58,101,36,19,31,0,69,8,3,32,3,63,50,55,11,3,0
2022-10-08,League Two,3916534,Bradford City,Stockport County,0.6512820512820513,0.2041025641025641,0.14461538461538462,0,1,2,59,7,1,1,1,73,16,4,6,0,1,7,0,462,181,154,49,32,24,4,63,6,2,12,4,69,55,53,33,2,0,41,14,5,1,0,64,16,7,7,2,0,11,3,328,90,119,37,35,21,6,64,9,0,12,1,58,45,47,60,2,0
2022-10-08,League Two,3916535,Colchester United,Harrogate Town,0.48936170212765956,0.3073286052009456,0.2033096926713948,2,1,0,52,13,6,3,1,58,14,5,4,3,1,9,4,331,90,102,35,33,28,1,71,7,3,13,2,72,47,57,50,3,0,48,11,3,0,0,56,18,4,5,3,0,8,3,315,71,105,38,45,31,2,53,10,4,22,3,67,53,43,75,3,0
2022-10-08,League Two,3916536,Crewe Alexandra,Gillingham,0.4560975609756098,0.3121951219512195,0.23170731707317074,1,1,1,58,11,4,0,0,72,11,5,4,3,0,5,6,489,210,144,44,23,18,5,75,8,3,17,1,50,48,60,50,2,0,42,10,2,1,0,64,17,7,4,4,0,6,4,353,86,139,40,5,26,2,64,8,3,22,3,44,52,40,50,0,0
2022-10-08,League Two,3916537,Doncaster Rovers,Leyton Orient,0.3001107419712071,0.2691029900332226,0.43078626799557035,1,1,1,38,5,4,1,0,50,11,0,0,1,0,3,2,325,89,75,23,25,33,0,80,16,2,20,5,47,52,38,70,1,0,62,14,6,0,0,70,11,6,5,3,0,7,7,531,196,174,34,40,37,2,78,12,1,3,3,58,48,62,71,1,0
2022-10-08,League Two,3916538,Grimsby Town,Crawley Town,0.6304761904761905,0.22476190476190477,0.14476190476190476,3,0,0,38,13,6,2,0,55,14,6,2,5,0,9,4,260,62,82,35,33,29,4,52,7,4,16,2,54,58,52,53,2,0,62,10,2,1,1,75,6,10,4,4,0,6,4,426,156,162,38,27,28,1,85,13,5,15,3,42,42,48,40,1,0
2022-10-08,League Two,3916539,Hartlepool United,Carlisle United,0.3903002309468822,0.2678983833718245,0.3418013856812933,1,3,2,47,13,2,2,1,52,10,3,7,4,0,7,6,272,60,81,23,25,33,2,70,7,2,52,2,52,59,44,50,1,0,53,14,5,2,1,50,8,9,7,2,0,10,4,292,48,97,33,27,38,1,70,5,4,30,1,47,41,56,45,1,0
2022-10-08,League Two,3916583,Newport County,Rochdale,0.5767716535433071,0.2736220472440945,0.14960629921259844,0,1,2,64,25,3,1,1,71,10,13,12,10,0,14,11,394,111,169,44,30,34,0,69,5,1,14,2,54,58,56,67,1,0,36,7,3,2,2,50,17,2,2,2,0,5,2,233,58,58,25,15,21,2,83,8,10,52,3,40,42,44,29,5,0
2022-10-08,League Two,3916540,Northampton Town,Salford City,0.5414364640883977,0.287292817679558,0.1712707182320442,0,1,2,50,13,4,0,0,76,13,4,5,4,0,8,5,470,211,148,42,48,33,0,64,6,1,8,1,40,49,45,50,2,0,50,6,2,1,1,79,14,1,3,1,0,4,2,486,233,152,39,25,18,3,67,8,4,25,4,43,51,55,42,0,0
2022-10-08,League Two,3916541,Stevenage,Swindon Town,0.5341176470588235,0.2917647058823529,0.17411764705882352,2,0,0,30,15,5,3,1,59,14,2,8,2,0,10,5,226,56,78,35,38,18,1,65,10,5,40,0,71,55,65,56,1,0,70,11,0,0,0,77,8,7,6,5,0,3,8,533,187,226,46,7,35,1,83,2,2,9,3,50,45,35,64,2,0
2022-10-08,League Two,3916526,Sutton United,Tranmere Rovers,0.3549107142857143,0.27901785714285715,0.36607142857142855,0,2,2,56,5,1,1,1,63,6,2,3,1,0,3,2,410,97,162,43,17,27,0,70,6,5,20,1,67,46,64,30,1,0,44,12,3,2,0,49,12,3,3,6,0,5,7,326,71,90,26,33,29,1,43,9,1,24,1,52,54,36,33,2,0
2022-10-08,League Two,3916525,Walsall,AFC Wimbledon,0.43333333333333335,0.32083333333333336,0.24583333333333332,3,1,0,46,6,3,3,1,42,11,2,2,1,0,6,0,273,36,80,28,23,28,3,43,11,4,20,2,61,55,41,67,3,0,54,14,3,0,0,52,16,7,7,4,0,7,7,318,66,99,29,24,30,2,75,3,0,17,0,67,45,59,60,2,0
2022-10-14,League Two,3916517,Tranmere Rovers,Crewe Alexandra,0.48286604361370716,0.35085669781931467,0.1662772585669782,3,0,0,49,17,7,2,0,64,7,6,7,3,0,11,6,410,115,149,36,23,32,4,25,8,2,16,0,59,44,66,44,1,0,51,6,0,1,1,67,5,6,4,2,0,5,1,427,174,110,35,28,21,2,38,20,3,20,4,47,56,34,40,0,0
2022-10-15,League Two,3916512,Harrogate Town,Hartlepool United,0.35014836795252224,0.4050445103857567,0.24480712166172106,2,1,0,51,15,6,5,3,56,5,2,3,6,0,14,1,380,86,128,37,20,35,1,55,9,4,25,4,68,60,56,38,0,0,49,14,5,0,0,59,10,6,5,4,0,7,7,357,85,125,22,9,40,3,75,14,6,17,4,49,40,44,17,0,0
2022-10-15,League Two,3916510,Mansfield Town,Walsall,0.519650655021834,0.3231441048034934,0.1572052401746725,2,1,0,63,14,4,0,0,71,10,1,6,4,1,8,6,395,81,198,42,39,30,1,60,6,4,36,1,64,59,56,29,1,0,37,8,2,0,0,48,13,5,1,5,0,8,0,225,37,71,31,24,43,4,56,11,4,18,2,48,41,44,30,0,0
2022-10-15,League Two,3916524,AFC Wimbledon,Sutton United,0.5017361111111112,0.3107638888888889,0.1875,0,1,2,60,7,1,2,2,63,19,4,4,2,0,6,1,345,96,120,35,20,31,4,63,2,4,14,6,50,46,41,20,2,0,40,13,7,2,2,59,17,8,2,4,0,7,6,228,54,80,33,22,29,1,69,8,2,24,1,63,54,59,38,3,0
2022-10-15,League Two,3916514,Carlisle United,Doncaster Rovers,0.4640625,0.2984375,0.2375,3,0,0,41,21,7,5,3,66,8,5,7,7,0,14,7,308,90,114,26,25,32,0,59,9,1,18,1,37,49,41,36,1,0,59,5,1,0,0,78,7,3,3,1,0,3,2,451,151,199,27,26,29,1,72,5,7,17,4,42,51,59,25,2,0
2022-10-15,League Two,3916584,Crawley Town,Newport County,0.2988929889298893,0.3173431734317343,0.3837638376383764,2,1,0,46,11,3,1,0,59,13,4,4,4,0,6,5,338,88,111,34,8,25,0,55,11,2,11,5,50,48,51,36,1,0,54,13,6,1,1,66,14,3,4,3,0,7,6,405,147,120,34,14,27,2,13,10,5,15,0,51,52,49,43,3,0
2022-10-15,League Two,3916513,Gillingham,Stevenage,0.23535253227408143,0.2631578947368421,0.5014895729890765,1,1,1,46,6,2,1,1,46,9,2,3,1,0,5,1,275,40,86,30,13,34,0,100,6,2,31,1,62,47,45,0,1,0,54,8,1,1,1,55,17,4,5,2,0,5,3,323,67,110,37,20,28,1,100,3,1,30,1,73,53,55,0,3,0
2022-10-15,League Two,3916511,Leyton Orient,Northampton Town,0.5126512651265126,0.3146314631463146,0.17271727172717272,0,0,1,65,15,3,0,0,79,7,5,9,3,1,6,9,501,142,255,34,10,36,3,77,4,3,14,2,45,59,47,38,0,0,35,8,2,0,0,51,14,4,3,3,0,5,3,261,72,62,24,17,26,1,77,10,3,17,3,38,41,53,22,3,1
2022-10-15,League Two,3916509,Rochdale,Barrow,0.35984848484848486,0.3181818181818182,0.32196969696969696,2,1,0,43,12,5,3,2,67,16,2,4,3,0,6,6,300,85,115,40,29,29,1,46,6,3,23,1,56,48,47,44,3,0,57,12,2,1,1,70,13,8,7,3,0,10,2,386,121,148,47,23,29,1,61,4,3,14,3,61,52,53,33,2,0
2022-10-15,League Two,3916508,Salford City,Bradford City,0.47058823529411764,0.29411764705882354,0.23529411764705882,0,1,2,63,4,1,1,1,81,10,5,1,2,1,3,1,581,271,198,43,15,34,4,58,6,4,13,3,45,47,38,31,1,0,37,10,4,3,2,69,11,2,2,4,0,5,5,340,123,110,40,0,31,3,65,11,2,30,1,56,53,62,40,1,0
2022-10-15,League Two,3916515,Stockport County,Grimsby Town,0.4440993788819876,0.2686335403726708,0.28726708074534163,1,3,2,63,9,5,3,2,70,10,4,4,0,0,5,4,474,145,188,38,7,37,2,82,9,2,17,2,58,57,53,100,1,1,37,13,5,2,1,53,14,5,6,2,0,10,3,278,62,85,36,29,26,1,67,10,0,31,4,47,43,47,45,5,0
2022-10-15,League Two,3916516,Swindon Town,Colchester United,0.570054945054945,0.2815934065934066,0.14835164835164835,1,0,0,65,17,3,1,1,80,9,15,6,8,0,7,10,428,138,205,46,24,28,2,60,5,1,7,1,26,42,35,25,1,0,35,5,1,1,1,63,8,3,3,1,0,2,3,233,73,73,33,13,21,2,59,9,7,26,2,39,58,65,33,2,0
2022-10-22,League Two,3916518,Carlisle United,Leyton Orient,0.33874709976798145,0.29118329466357307,0.3700696055684455,2,3,2,46,13,2,1,0,60,7,7,5,6,0,7,6,334,81,120,29,18,43,0,88,10,2,9,1,54,53,49,31,4,1,54,11,4,1,1,64,11,4,5,2,0,3,8,414,142,124,20,20,20,0,56,3,6,31,0,52,47,51,56,3,0
2022-10-22,League Two,3916519,Crawley Town,Mansfield Town,0.2264851485148515,0.2623762376237624,0.5111386138613861,3,2,0,41,10,6,2,0,53,13,3,1,3,0,7,3,310,73,92,33,33,36,2,82,9,3,15,1,47,49,40,44,4,0,59,11,3,4,2,71,10,0,5,3,0,8,3,437,160,150,41,13,27,4,79,12,3,12,3,59,51,60,0,1,0
2022-10-22,League Two,3916520,Crewe Alexandra,Doncaster Rovers,0.36,0.3219047619047619,0.3180952380952381,1,1,1,48,16,6,2,2,69,14,7,7,3,0,9,7,378,131,128,36,29,24,0,73,4,1,18,3,52,51,43,67,3,0,52,11,4,3,2,72,9,4,6,1,0,5,6,422,194,109,24,13,14,5,62,4,3,23,5,58,49,57,36,0,0
2022-10-22,League Two,3916521,Gillingham,Barrow,0.4722753346080306,0.31166347992351817,0.21606118546845124,1,1,1,47,11,3,3,2,59,12,3,6,2,1,5,6,351,105,101,33,22,29,3,63,5,5,25,5,53,36,57,13,0,0,53,14,5,1,1,58,8,4,4,5,1,10,4,389,93,131,28,32,41,4,78,4,2,14,2,57,64,43,100,2,0
2022-10-22,League Two,3916522,Grimsby Town,Bradford City,0.4067055393586006,0.24052478134110788,0.35276967930029157,0,0,1,42,15,3,2,2,59,10,8,7,5,1,10,5,306,68,112,43,17,23,4,69,9,4,17,2,49,43,45,31,1,0,58,11,2,1,1,70,10,5,5,4,0,7,4,426,154,145,33,27,26,3,59,12,5,21,4,63,57,55,60,1,0
2022-10-22,League Two,3916523,Harrogate Town,Tranmere Rovers,0.2642857142857143,0.23035714285714284,0.5053571428571428,1,1,1,52,11,1,1,1,57,14,6,5,5,1,7,4,367,101,108,33,22,19,2,60,5,4,35,4,70,50,58,29,3,0,48,14,5,2,1,56,9,9,5,4,0,11,3,316,58,120,27,17,30,1,27,10,5,14,0,58,50,42,25,1,0
2022-10-22,League Two,3916585,Newport County,Colchester United,0.5239852398523985,0.2785977859778598,0.1974169741697417,1,0,0,40,9,4,0,0,51,8,3,3,2,1,6,3,243,51,72,34,18,29,3,52,12,3,22,1,54,58,45,38,0,0,60,6,1,0,0,64,7,5,2,3,0,3,3,369,106,130,38,13,35,0,58,4,2,14,3,50,42,55,25,0,0
2022-10-22,League Two,3916570,Rochdale,AFC Wimbledon,0.43640350877192985,0.27631578947368424,0.28728070175438597,1,2,2,48,11,3,1,0,60,13,3,3,5,0,9,2,312,83,103,30,31,42,1,70,4,4,23,3,55,53,55,33,2,0,52,9,5,1,0,60,18,4,0,4,0,6,3,328,89,108,32,27,31,2,62,8,5,20,2,47,47,45,0,4,0
2022-10-22,League Two,3916569,Salford City,Stockport County,0.5581039755351682,0.25840978593272174,0.1834862385321101,0,2,2,62,15,3,1,1,75,13,6,8,4,0,8,7,490,232,135,38,25,35,1,73,6,2,16,3,53,42,45,56,2,0,38,10,5,2,1,58,10,5,3,2,0,9,1,298,71,103,36,26,19,0,60,8,3,28,3,69,58,55,45,0,0
2022-10-22,League Two,3916568,Stevenage,Northampton Town,0.5422680412371134,0.27835051546391754,0.17938144329896907,2,3,2,46,8,3,1,0,46,9,4,4,1,0,7,1,276,54,73,29,29,21,7,70,4,5,17,1,75,60,54,25,1,0,54,14,4,2,1,55,15,10,5,5,0,9,5,320,80,95,23,25,34,1,57,7,1,12,1,58,40,46,20,3,1
2022-10-22,League Two,3916567,Sutton United,Walsall,0.45278969957081544,0.3133047210300429,0.23390557939914164,1,1,1,72,15,5,1,0,78,7,7,6,4,1,7,8,440,118,226,58,28,35,2,68,3,4,21,1,65,48,63,18,1,0,28,7,2,0,0,45,10,3,1,4,0,4,3,173,39,38,22,0,29,1,43,6,4,27,4,54,52,37,44,1,1
2022-10-22,League Two,3916566,Swindon Town,Hartlepool United,0.6295427901524033,0.2543962485345838,0.1160609613130129,2,1,0,64,16,6,3,2,84,11,7,5,5,0,12,4,580,215,270,55,45,24,4,100,13,0,10,2,28,33,45,33,3,0,36,4,3,1,0,66,9,3,1,0,0,3,1,331,105,112,30,17,20,1,67,16,4,15,5,46,67,55,67,2,0
2022-10-25,League Two,3916565,AFC Wimbledon,Crewe Alexandra,0.38690176322418135,0.454911838790932,0.15818639798488665,1,1,1,49,14,6,2,1,64,14,6,7,1,0,9,5,329,71,138,40,40,23,6,68,6,4,23,0,65,56,46,30,1,0,51,10,1,2,1,66,16,9,5,4,0,7,3,337,109,115,38,17,20,1,64,11,2,20,4,62,44,54,33,5,0
2022-10-25,League Two,3916564,Barrow,Grimsby Town,0.34130434782608693,0.44456521739130433,0.2141304347826087,1,0,0,52,13,3,2,2,60,8,8,8,2,0,10,3,329,82,117,37,21,29,1,76,7,5,16,2,55,63,42,57,2,0,48,9,2,1,1,59,13,6,0,7,1,6,3,314,89,96,35,20,34,2,45,9,2,20,2,49,37,58,21,2,0
2022-10-25,League Two,3916571,Bradford City,Swindon Town,0.4040041067761807,0.42505133470225875,0.17094455852156057,1,1,1,56,15,5,2,1,77,7,4,8,2,0,9,6,460,186,168,45,30,31,2,68,11,2,10,7,54,57,58,60,1,0,44,17,8,2,1,72,9,10,7,2,0,11,6,353,129,125,22,38,25,1,50,11,2,17,4,40,43,42,23,1,0
2022-10-25,League Two,3916572,Colchester United,Crawley Town,0.35853812224322623,0.42911153119092627,0.2123503465658475,2,2,1,51,13,4,2,2,64,7,9,3,6,0,5,8,310,90,108,34,17,33,1,60,8,4,12,0,43,57,38,50,1,0,49,7,2,2,0,63,12,6,1,4,0,4,3,301,73,117,46,13,23,2,46,9,5,23,2,43,43,63,60,3,0
2022-10-25,League Two,3916574,Doncaster Rovers,Stevenage,0.3082559843673669,0.4035173424523693,0.2882266731802638,0,1,2,65,12,1,3,3,77,8,4,6,5,1,9,3,531,220,189,31,24,35,2,45,2,1,18,2,57,53,50,35,2,0,35,6,3,1,0,60,14,0,2,1,0,3,3,291,109,67,34,10,31,4,63,9,5,31,1,53,47,50,25,1,0
2022-10-25,League Two,3916580,Hartlepool United,Salford City,0.2566059894304169,0.41162654139753374,0.3317674691720493,0,2,2,64,15,1,0,0,82,8,5,9,5,2,8,7,559,223,238,56,37,26,2,85,8,2,14,4,48,57,53,53,0,0,36,9,6,2,1,67,8,7,1,2,0,6,3,320,127,88,26,31,22,1,60,16,5,19,1,39,43,47,36,1,0
2022-10-25,League Two,3916579,Leyton Orient,Gillingham,0.5128964059196617,0.3784355179704017,0.10866807610993658,2,0,0,64,9,2,2,1,74,13,1,4,3,0,5,4,452,182,153,39,12,24,1,67,6,2,11,1,54,44,52,60,2,0,36,10,1,0,0,53,10,4,6,3,0,5,5,249,62,69,29,29,32,2,57,4,3,14,0,59,56,48,63,1,0
2022-10-25,League Two,3916586,Mansfield Town,Newport County,0.4772502472799209,0.37833827893175076,0.1444114737883284,0,0,1,55,6,2,1,1,65,10,5,2,2,0,5,1,346,105,121,36,20,26,0,64,13,5,22,3,52,46,47,17,0,1,45,15,3,0,0,63,16,4,7,5,0,10,5,284,66,112,37,47,39,4,62,15,2,25,2,60,54,53,43,2,0
2022-10-25,League Two,3916578,Northampton Town,Sutton United,0.514013749338974,0.3744050766790058,0.1115811739820201,2,2,1,51,11,5,1,1,60,10,5,4,2,0,7,4,326,97,99,18,22,29,2,73,12,3,15,0,43,51,40,50,1,0,49,11,2,3,2,57,11,5,6,3,0,8,3,311,71,107,40,25,25,2,38,11,1,31,3,52,49,60,40,2,0
2022-10-25,League Two,3916577,Stockport County,Carlisle United,0.3842239185750636,0.41348600508905853,0.20229007633587787,2,0,0,52,17,6,3,1,61,8,4,7,4,0,12,5,346,96,115,43,30,34,1,67,7,1,13,1,62,56,69,33,0,0,48,8,1,1,1,63,12,3,6,1,1,3,5,317,92,107,31,20,40,0,50,12,4,15,4,38,44,31,45,2,0
2022-10-25,League Two,3916576,Tranmere Rovers,Rochdale,0.49238578680203043,0.4004512126339537,0.10716300056401579,1,1,1,57,15,5,2,1,65,10,6,6,4,1,11,4,457,81,215,30,26,48,0,64,8,1,2,2,61,53,56,36,1,0,43,6,3,1,0,56,6,0,2,1,0,3,3,373,111,98,32,100,29,4,82,13,4,31,4,51,48,44,17,1,0
2022-10-25,League Two,3916575,Walsall,Harrogate Town,0.41116751269035534,0.45685279187817257,0.1319796954314721,3,1,0,44,15,6,3,1,59,8,6,5,4,1,11,4,313,59,127,36,40,26,1,40,10,2,11,0,62,49,42,25,0,0,56,6,1,1,0,68,13,2,3,2,0,3,3,415,131,150,34,0,23,1,61,11,4,33,2,74,51,58,55,3,0
2022-10-29,League Two,3916587,Northampton Town,Newport County,0.5572139303482587,0.2845771144278607,0.1582089552238806,1,1,1,66,9,3,0,0,71,10,3,2,4,0,5,4,473,216,122,38,14,28,0,56,9,2,16,6,49,59,48,29,2,0,34,14,7,3,2,43,9,5,4,3,2,9,5,239,43,60,20,24,31,2,64,7,4,28,2,43,41,52,13,0,0
2022-10-29,League Two,3916573,AFC Wimbledon,Harrogate Town,0.5593952483801296,0.27429805615550756,0.16630669546436286,3,2,0,58,12,4,0,0,74,10,6,5,3,0,8,4,470,192,158,39,18,27,4,56,5,2,6,5,52,55,45,67,2,0,42,13,7,2,1,70,10,4,3,3,1,6,7,345,104,139,38,38,28,0,85,13,3,24,1,50,45,55,30,0,0
2022-10-29,League Two,3916563,Barrow,Crewe Alexandra,0.4980544747081712,0.2918287937743191,0.21011673151750973,3,0,0,39,12,8,1,0,61,18,10,1,3,0,9,3,302,84,100,40,40,23,1,72,6,1,24,2,70,51,61,56,3,0,61,9,2,4,4,78,14,3,6,1,1,7,2,479,228,144,38,18,31,0,45,11,3,12,5,57,49,39,54,2,0
2022-10-29,League Two,3916562,Bradford City,Crawley Town,0.5997023809523809,0.19940476190476192,0.20089285714285715,1,1,1,65,23,6,3,2,84,8,11,11,6,0,14,9,577,249,237,58,21,22,0,57,8,4,22,4,50,55,54,50,1,0,35,13,5,0,0,70,7,7,4,4,0,7,6,305,79,134,44,22,18,0,62,11,7,38,4,42,45,46,13,2,0
2022-10-29,League Two,3916561,Colchester United,Stevenage,0.2326797385620915,0.24052287581699347,0.526797385620915,1,1,1,49,5,1,0,0,61,13,2,2,2,0,1,4,340,111,95,25,24,17,3,64,6,7,29,3,55,39,50,38,1,0,51,19,4,0,0,60,10,8,6,9,0,13,6,357,81,133,25,45,24,2,60,6,2,16,0,68,61,50,69,3,0
2022-10-29,League Two,3916550,Doncaster Rovers,Gillingham,0.525390625,0.28125,0.193359375,1,0,0,60,14,5,0,0,75,7,6,3,6,1,10,4,447,162,173,48,33,29,2,56,8,1,11,3,56,58,47,20,1,0,40,5,3,0,0,66,15,3,1,1,0,3,2,300,82,116,48,33,23,1,67,5,6,19,4,50,42,53,11,2,0
2022-10-29,League Two,3916549,Hartlepool United,Grimsby Town,0.2781818181818182,0.20909090909090908,0.5127272727272727,2,1,0,55,11,3,1,0,68,13,4,2,6,0,9,2,420,128,156,36,14,27,1,63,8,3,23,4,56,52,46,33,2,0,45,11,4,1,1,61,15,6,4,3,0,7,4,337,90,114,36,35,29,3,82,8,6,27,2,58,48,54,60,2,0
2022-10-29,League Two,3916548,Leyton Orient,Salford City,0.5560488346281909,0.2952275249722531,0.14872364039955605,1,0,0,60,17,4,1,1,79,11,7,7,6,1,12,5,476,224,152,37,45,32,1,38,5,2,5,0,37,41,33,42,1,0,40,6,0,0,0,68,13,1,4,2,0,3,3,308,143,65,30,22,27,2,63,12,6,14,3,60,59,67,60,3,0
2022-10-29,League Two,3916547,Mansfield Town,Swindon Town,0.48425787106446777,0.3028485757121439,0.2128935532233883,2,5,2,37,14,8,2,0,69,15,5,5,1,0,13,1,291,107,93,34,31,30,1,47,17,2,5,6,36,47,50,43,3,1,63,17,11,4,1,81,9,3,4,2,2,14,3,524,258,169,52,36,25,2,63,8,1,12,6,39,53,50,50,2,0
2022-10-29,League Two,3916546,Stockport County,Sutton United,0.5701943844492441,0.2548596112311015,0.17494600431965443,3,0,0,79,16,6,5,3,86,3,9,8,2,0,11,5,672,244,335,53,31,28,1,46,6,2,6,1,48,64,64,57,1,0,21,6,1,0,0,52,7,3,3,2,0,4,2,177,47,45,23,50,24,1,88,9,2,27,3,27,36,36,18,2,1
2022-10-29,League Two,3916545,Tranmere Rovers,Carlisle United,0.5299003322259136,0.25083056478405313,0.21926910299003322,0,2,2,62,9,3,0,0,65,10,7,3,3,1,4,5,490,156,163,33,23,43,2,46,15,2,6,1,64,43,44,20,0,0,38,7,3,2,0,47,9,0,2,2,0,5,2,307,65,80,21,33,28,1,65,14,4,23,2,82,57,56,18,2,0
2022-10-29,League Two,3916544,Walsall,Rochdale,0.5237315875613748,0.2864157119476268,0.18985270049099837,1,0,0,36,9,3,1,0,55,12,5,2,4,0,6,3,236,45,84,39,27,27,2,53,7,3,16,2,48,48,44,20,3,0,64,10,2,0,0,72,12,3,5,3,0,8,2,433,153,157,46,15,36,2,47,6,4,11,2,55,52,56,45,1,0
2022-11-01,League Two,3916474,Barrow,Colchester United,0.4840689856767027,0.38146740719087985,0.13446360713241742,3,1,0,46,11,5,3,1,60,8,8,2,4,0,8,3,294,82,93,27,18,32,1,69,8,1,8,1,53,49,44,42,2,0,54,6,2,1,0,64,13,3,3,1,0,3,3,364,131,101,21,0,24,4,60,6,5,11,1,59,51,56,25,1,0
2022-11-01,League Two,3916467,Tranmere Rovers,Stockport County,0.37341977309562396,0.3841166936790924,0.24246353322528363,0,0,1,45,5,1,2,2,59,12,2,3,1,0,3,2,369,87,130,30,7,41,0,83,14,6,26,2,41,26,40,14,1,0,55,15,2,1,1,65,5,8,7,6,0,12,3,446,127,164,38,19,33,0,50,11,1,19,1,77,74,60,75,0,0
2022-11-08,League Two,3916460,AFC Wimbledon,Leyton Orient,0.25536672629695883,0.3296064400715564,0.4150268336314848,2,0,0,37,7,3,0,0,48,18,0,2,2,1,4,3,229,43,68,33,17,27,2,57,6,4,27,2,56,54,55,20,4,0,63,10,3,1,1,70,20,5,3,4,0,5,5,379,138,126,26,6,33,2,100,3,2,9,1,47,46,45,25,5,0
2022-11-08,League Two,3916472,Harrogate Town,Carlisle United,0.3367272727272727,0.36872727272727274,0.29454545454545455,3,3,1,61,17,8,2,2,77,2,6,7,2,1,11,6,526,179,228,43,26,26,1,70,7,4,23,1,43,52,53,43,0,0,39,14,4,2,0,63,10,8,6,4,0,11,3,328,111,95,36,44,22,0,36,7,2,18,5,39,48,47,50,1,0
2022-11-08,League Two,3916470,Mansfield Town,Bradford City,0.4237467018469657,0.35197889182058045,0.22427440633245382,1,2,2,63,6,3,1,0,73,11,9,1,2,0,6,0,490,119,240,49,15,40,1,56,15,3,15,3,44,43,43,60,2,0,37,10,5,2,2,61,9,1,2,3,0,6,4,295,82,97,41,17,32,2,69,19,2,31,2,58,57,57,44,2,1
2022-11-08,League Two,3916469,Rochdale,Salford City,0.2847043701799486,0.3740359897172236,0.3412596401028278,1,0,0,36,9,2,1,0,76,8,5,2,5,0,5,4,328,146,102,37,21,19,1,64,4,2,20,2,32,49,53,25,2,0,64,10,2,2,2,89,9,2,6,2,1,7,3,608,300,243,70,15,24,2,62,5,5,17,1,32,51,47,33,1,0
2022-11-12,League Two,3916543,Carlisle United,Walsall,0.4814264487369985,0.32392273402674593,0.19465081723625557,0,0,1,52,11,2,0,0,60,11,11,6,3,0,7,4,325,67,129,34,20,27,1,21,4,2,17,1,63,51,60,44,0,0,48,9,1,0,0,56,9,4,6,2,0,3,6,320,93,87,21,10,32,1,46,10,3,19,2,50,49,40,43,0,0
2022-11-12,League Two,3916551,Crawley Town,Barrow,0.40863309352517985,0.2762589928057554,0.31510791366906477,1,0,0,44,6,2,1,0,55,18,2,3,1,0,4,2,332,78,103,29,14,25,4,57,4,7,33,3,48,40,61,40,2,0,56,20,4,2,2,61,7,12,10,6,0,11,9,393,111,128,29,30,29,4,62,10,1,11,1,49,60,39,38,2,0
2022-11-12,League Two,3916552,Crewe Alexandra,Colchester United,0.5428571428571428,0.28214285714285714,0.175,1,0,0,60,9,3,1,0,70,16,1,5,1,0,5,4,430,161,139,32,22,35,2,50,7,1,28,6,46,45,35,19,2,0,40,13,6,1,1,58,17,7,6,1,0,10,3,273,56,103,33,14,26,3,58,9,1,14,2,64,55,65,10,3,0
2022-11-12,League Two,3916560,Gillingham,Northampton Town,0.311284046692607,0.25810635538262,0.43060959792477305,0,2,2,52,8,2,1,1,61,15,3,5,1,0,5,3,385,109,125,38,13,31,2,43,7,4,15,2,45,39,44,18,0,0,48,11,4,1,1,54,14,1,3,4,0,9,2,349,81,109,29,33,29,3,65,9,1,31,2,63,61,56,33,2,0
2022-11-12,League Two,3916559,Grimsby Town,Doncaster Rovers,0.48822605965463106,0.282574568288854,0.22919937205651492,1,3,2,61,9,4,3,3,74,13,6,3,2,0,7,2,492,174,192,48,18,34,3,58,10,5,23,1,50,41,53,32,3,0,39,14,4,3,1,61,4,5,5,5,0,9,5,316,101,93,21,8,31,0,64,13,2,25,3,61,59,47,56,0,0
2022-11-12,League Two,3916558,Harrogate Town,Leyton Orient,0.21020656136087484,0.275820170109356,0.5139732685297691,0,2,2,53,16,6,1,1,75,10,7,5,5,0,11,5,421,180,137,44,38,39,1,64,10,2,12,4,49,45,56,30,2,0,47,14,6,2,0,75,8,3,6,2,0,7,7,387,131,158,35,14,21,1,58,12,6,14,5,52,55,44,30,0,0
2022-11-12,League Two,3916597,Newport County,Stockport County,0.3539518900343643,0.2920962199312715,0.3539518900343643,1,2,2,38,10,6,1,0,55,13,4,2,2,0,6,4,252,61,78,38,25,28,1,70,12,3,22,1,61,49,43,53,2,0,62,13,3,0,0,71,6,4,7,3,1,9,4,407,138,151,40,13,28,2,82,12,2,20,5,71,51,57,63,0,0
2022-11-12,League Two,3916557,Rochdale,Mansfield Town,0.27705627705627706,0.2987012987012987,0.42424242424242425,0,1,2,48,5,1,1,1,71,9,2,1,3,0,3,2,375,155,111,47,9,26,1,73,7,6,22,2,39,48,40,33,3,0,52,14,3,2,1,74,14,5,5,6,0,10,4,408,108,192,53,41,42,0,61,15,3,12,1,47,52,60,50,2,0
2022-11-12,League Two,3916556,Salford City,AFC Wimbledon,0.43485617597292725,0.2961082910321489,0.26903553299492383,0,0,1,65,11,3,1,1,82,13,7,4,4,1,6,5,550,313,140,55,32,34,3,73,2,2,18,4,49,50,49,15,3,0,35,8,4,1,1,66,13,2,2,2,0,5,3,293,98,95,30,21,13,0,69,6,4,18,3,50,50,51,29,1,0
2022-11-12,League Two,3916555,Stevenage,Hartlepool United,0.6029567053854277,0.28722280887011614,0.10982048574445617,1,0,0,53,11,5,3,2,59,7,6,5,1,1,9,2,312,86,97,42,33,36,5,70,4,2,20,2,72,53,69,30,1,0,47,6,2,1,1,52,19,2,2,2,1,5,1,287,53,96,31,18,49,0,71,14,1,18,4,46,48,31,50,4,0
2022-11-12,League Two,3916554,Sutton United,Bradford City,0.27835051546391754,0.28865979381443296,0.4329896907216495,0,2,2,50,10,1,0,0,57,16,5,4,5,0,9,1,298,50,121,44,24,35,1,88,12,2,12,1,58,42,55,13,0,0,50,11,4,3,2,57,13,2,5,2,0,4,7,312,108,69,25,17,29,0,50,5,5,37,1,61,58,45,50,4,0
2022-11-12,League Two,3916553,Swindon Town,Tranmere Rovers,0.5251572327044025,0.279874213836478,0.1949685534591195,1,1,1,62,9,3,1,0,81,8,4,3,3,0,5,4,536,296,140,50,24,33,2,64,4,3,11,2,44,50,44,33,0,0,38,8,3,2,1,71,12,0,2,3,0,6,2,331,89,147,33,23,26,3,68,7,3,17,2,48,50,56,14,3,1
2022-11-19,League Two,3916599,Barrow,Hartlepool United,0.4804943993820008,0.3947470065662418,0.12475859405175743,3,1,0,45,9,5,3,0,55,11,2,3,1,0,5,4,326,82,97,36,6,23,2,64,2,3,8,4,73,62,60,83,0,0,55,10,5,0,0,67,10,2,2,3,0,2,8,406,148,126,29,20,41,0,63,5,1,18,2,47,38,40,40,4,0
2022-11-19,League Two,3916611,Bradford City,Northampton Town,0.41487455197132617,0.39560931899641577,0.18951612903225806,1,3,2,57,11,5,1,0,70,10,3,5,1,1,5,6,447,161,150,45,8,33,2,53,9,1,13,4,55,49,58,25,2,0,43,15,7,6,5,61,10,4,7,1,0,11,4,333,77,126,34,19,28,2,58,16,1,10,4,49,51,42,20,0,0
2022-11-19,League Two,3916610,Colchester United,Doncaster Rovers,0.2841225626740947,0.4103992571959146,0.30547818012999073,3,0,0,36,11,6,0,0,62,15,9,3,2,0,5,6,242,65,86,34,15,16,5,71,12,4,11,0,39,42,61,43,3,0,64,9,0,0,0,77,8,6,5,4,0,5,4,446,211,132,37,11,23,2,67,7,2,14,3,43,58,39,40,3,0
2022-11-19,League Two,3916609,Grimsby Town,Stevenage,0.26287149434910007,0.3938886563415655,0.34323984930933443,1,1,1,55,17,3,2,2,61,14,4,6,8,1,10,7,344,94,116,33,35,35,3,53,7,4,48,4,66,50,59,43,1,0,45,12,4,1,1,53,8,5,4,4,0,6,6,284,46,104,20,18,34,1,88,16,8,24,2,54,50,41,54,2,0
2022-11-19,League Two,3916608,Harrogate Town,Mansfield Town,0.28378378378378377,0.4095182138660399,0.30669800235017625,3,0,0,41,11,6,4,1,72,9,4,3,2,0,10,1,351,158,94,34,9,19,1,60,15,5,27,4,54,55,47,63,3,0,59,16,4,2,2,79,12,9,7,5,1,8,8,491,163,224,53,21,27,0,50,12,2,16,3,49,45,53,33,2,0
2022-11-19,League Two,3916770,Newport County,Gillingham,0.415905427189683,0.4320257925846319,0.15206878022568512,2,0,0,53,8,3,1,1,55,12,7,5,0,0,6,2,341,57,132,27,21,29,2,38,12,2,17,2,79,50,53,40,2,0,47,13,2,2,2,51,16,2,9,2,2,9,4,304,66,89,30,29,29,1,67,9,0,26,1,73,50,47,64,3,0
2022-11-19,League Two,3916607,Salford City,Carlisle United,0.3900184842883549,0.4239063462723352,0.1860751694393099,1,4,2,63,14,5,2,1,69,8,8,5,4,0,6,8,423,164,129,40,17,30,2,35,8,6,16,2,67,60,53,58,3,0,37,17,6,5,2,51,9,6,5,6,1,8,9,257,54,78,20,30,21,2,62,12,4,31,4,52,40,47,10,1,0
2022-11-19,League Two,3916606,Stockport County,Leyton Orient,0.3136094674556213,0.3558748943364328,0.3305156382079459,1,2,2,54,14,6,2,1,64,15,2,1,7,0,10,4,408,117,145,38,41,40,2,38,10,2,15,2,64,51,65,36,0,0,46,6,4,0,0,57,17,2,0,2,0,3,3,362,116,90,26,14,21,0,86,8,8,34,4,49,49,35,33,3,0
2022-11-19,League Two,3916605,Sutton United,Rochdale,0.4084615384615385,0.4338461538461538,0.1576923076923077,1,0,0,39,11,4,3,3,58,12,2,3,4,1,8,3,285,46,119,34,12,24,3,61,8,5,35,3,58,52,49,40,0,0,61,10,3,1,1,66,6,9,2,5,0,6,4,433,156,129,34,21,35,4,82,6,4,17,3,57,48,51,38,0,0
2022-11-19,League Two,3916604,Swindon Town,Crewe Alexandra,0.4991861096039067,0.39120998372219207,0.10960390667390124,0,1,2,70,18,7,0,0,83,5,9,9,2,1,13,5,568,189,283,39,24,19,1,57,5,5,10,1,47,56,60,40,2,0,30,9,2,1,0,60,8,3,2,5,0,5,4,248,77,72,29,33,13,3,86,7,2,31,7,34,44,40,50,1,0
2022-11-19,League Two,3916603,Tranmere Rovers,AFC Wimbledon,0.39614147909967845,0.42057877813504824,0.1832797427652733,0,2,2,56,12,3,1,1,64,11,7,4,5,0,9,3,359,99,129,42,26,34,2,69,7,3,19,3,60,55,48,75,2,1,44,8,5,1,0,52,10,4,0,3,0,5,3,294,64,90,23,11,34,3,36,6,5,20,3,57,45,52,13,1,0
2022-11-19,League Two,3916602,Walsall,Crawley Town,0.44277777777777777,0.4,0.15722222222222224,2,1,0,58,24,9,1,1,77,9,8,11,4,0,15,9,403,116,193,51,28,32,4,45,7,2,11,1,43,55,42,63,0,0,42,6,2,1,0,63,12,2,2,2,1,4,2,305,86,107,30,10,23,0,56,12,4,32,7,44,45,58,57,2,1
2022-11-22,League Two,3916473,Crawley Town,Gillingham,0.45778748180494905,0.3486171761280932,0.19359534206695778,0,0,1,57,7,1,0,0,70,10,4,5,1,0,3,4,424,130,166,45,13,29,3,57,12,1,28,1,58,59,46,50,0,0,43,8,1,1,1,60,14,3,6,1,0,4,4,336,65,136,33,25,36,2,50,9,1,20,1,53,41,54,25,2,0
2022-12-02,League Two,3916771,Crewe Alexandra,Newport County,0.37168978562421184,0.4315889029003783,0.19672131147540983,1,2,2,51,7,2,0,0,62,12,2,1,4,0,3,4,396,133,112,32,17,24,1,39,5,5,37,3,59,51,41,25,2,0,49,18,5,1,0,60,12,6,8,5,2,13,5,371,61,161,35,35,20,1,53,8,4,19,1,69,49,59,33,3,0
2022-12-02,League Two,3916623,Doncaster Rovers,Walsall,0.36258064516129035,0.4229032258064516,0.21451612903225806,0,2,2,66,15,3,2,2,80,5,5,8,4,0,8,7,528,225,196,39,37,22,0,58,10,3,14,1,33,47,43,17,0,0,34,10,3,3,1,60,11,4,4,3,0,4,6,266,71,89,31,22,18,1,59,7,5,26,2,39,53,57,46,0,0
2022-12-02,League Two,3916617,Stevenage,Barrow,0.4811612106238419,0.3866584311303274,0.13218035824583077,5,0,0,50,8,4,4,1,65,14,5,2,2,0,5,3,329,72,141,32,5,33,3,82,10,3,10,0,43,48,52,30,2,0,50,10,0,1,1,57,14,2,7,3,0,5,5,334,102,88,37,33,29,2,79,4,2,23,0,44,52,48,0,1,0
2022-12-03,League Two,3916601,AFC Wimbledon,Grimsby Town,0.42051756007393715,0.39048059149722736,0.1890018484288355,1,0,0,50,12,2,3,2,55,9,5,6,4,0,9,3,352,68,127,37,18,32,5,47,7,0,13,1,81,57,53,20,3,0,50,6,1,0,0,61,18,4,5,0,0,5,1,354,106,109,31,32,25,4,80,14,4,23,1,67,43,47,29,1,0
2022-12-03,League Two,3916622,Gillingham,Salford City,0.32608695652173914,0.3922705314009662,0.2816425120772947,0,3,2,46,12,3,0,0,67,8,7,7,2,0,5,7,328,74,145,38,25,31,1,73,6,4,14,2,42,40,41,30,1,0,54,13,5,1,0,74,10,2,4,4,0,5,8,405,158,141,45,33,16,0,55,5,2,25,3,62,60,59,73,0,0
2022-12-03,League Two,3916620,Leyton Orient,Bradford City,0.4798504362276693,0.3601994183631076,0.1599501454092231,3,0,0,46,10,7,4,2,74,14,5,2,1,0,5,5,402,148,151,33,20,21,4,32,14,0,10,3,49,40,43,31,0,0,54,8,2,2,2,73,9,3,6,0,0,7,1,459,211,122,43,38,29,2,55,9,1,12,4,71,60,57,50,1,0
2022-12-03,League Two,3916600,Carlisle United,Sutton United,0.4660971703150027,0.40576615056059795,0.12813667912439936,1,1,1,51,8,1,1,0,61,6,8,3,4,0,5,3,352,90,124,31,33,24,3,64,5,2,28,4,51,54,45,60,2,0,49,11,5,1,0,58,8,8,3,3,0,6,5,334,62,131,28,15,29,0,86,13,4,14,0,52,46,55,40,3,0
2022-12-03,League Two,3916598,Crawley Town,Swindon Town,0.31510621557828483,0.4311565696302124,0.25373721479150274,2,0,0,39,14,5,0,0,69,17,2,3,6,0,8,6,340,121,113,20,33,19,2,65,8,4,35,0,45,52,57,25,1,0,61,10,0,0,0,78,8,6,6,4,0,7,3,520,230,178,39,13,30,1,67,3,5,7,3,40,48,43,33,1,0
2022-12-03,League Two,3916621,Hartlepool United,Stockport County,0.2866836301950806,0.4219677692960136,0.2913486005089059,0,5,2,55,7,1,1,1,64,13,1,6,0,0,3,4,403,128,128,23,20,35,3,38,12,0,14,3,32,36,31,14,0,0,45,11,8,4,1,52,8,3,3,0,0,11,0,322,70,97,31,25,34,2,54,9,0,18,1,64,64,69,80,2,0
2022-12-03,League Two,3916619,Mansfield Town,Colchester United,0.4645786726323639,0.4105145413870246,0.12490678598061149,2,1,0,54,12,6,1,0,63,11,1,3,3,0,4,8,390,115,130,32,33,28,1,60,10,1,21,1,69,55,60,40,2,0,46,5,2,1,1,55,9,2,2,1,0,1,4,330,89,94,27,10,58,2,73,8,3,8,4,51,45,40,31,2,0
2022-12-03,League Two,3916618,Northampton Town,Tranmere Rovers,0.4921750239540083,0.3874161609709358,0.1204088150750559,0,0,1,62,14,3,0,0,68,4,7,5,6,0,6,8,436,125,172,30,17,37,2,70,9,2,22,5,57,53,58,38,1,0,38,14,5,2,2,56,12,4,7,2,0,7,7,270,62,88,34,36,22,1,80,10,6,41,3,45,47,42,50,3,0
2022-12-03,League Two,3916625,Rochdale,Harrogate Town,0.35596605092361455,0.47179231153270096,0.17224163754368446,1,4,2,50,10,2,1,1,70,12,6,3,5,0,5,5,349,106,137,49,31,25,4,79,6,2,14,0,55,45,47,30,2,0,50,10,4,3,0,69,10,5,4,2,0,9,1,355,129,117,50,23,29,3,69,20,5,15,1,66,55,53,43,1,0
2022-12-09,League Two,3916614,Crawley Town,Hartlepool United,0.5023615285530271,0.34607127522541864,0.15156719622155432,0,2,2,62,8,1,0,0,76,7,3,3,4,0,3,5,542,217,197,48,12,36,3,57,7,1,9,1,38,37,50,25,0,0,38,5,2,0,0,63,8,3,2,1,0,3,2,331,104,105,28,20,29,0,56,17,4,28,1,50,63,50,67,0,0
2022-12-10,League Two,3916612,Grimsby Town,Tranmere Rovers,0.3572261072261072,0.45454545454545453,0.18822843822843824,2,1,0,52,15,5,1,0,54,11,9,6,4,0,12,3,366,96,102,29,35,25,6,73,9,2,24,1,64,55,53,40,1,0,48,8,2,2,1,59,12,3,4,2,0,4,4,358,88,123,36,12,40,1,69,10,4,24,3,54,45,47,33,1,0
2022-12-10,League Two,3916772,Newport County,Doncaster Rovers,0.37252396166134183,0.45111821086261983,0.17635782747603834,0,1,2,48,12,1,1,1,58,13,6,8,3,0,9,3,301,79,96,43,28,26,1,67,13,4,23,3,58,42,69,17,0,0,52,15,4,2,2,62,10,6,7,4,1,9,6,348,103,114,23,33,32,0,65,14,3,27,1,50,58,31,47,3,0
2022-12-10,League Two,3916642,Stevenage,Mansfield Town,0.4543761638733706,0.398975791433892,0.14664804469273743,0,0,1,50,7,1,1,1,63,9,3,3,3,0,4,3,365,101,129,46,18,45,2,55,3,1,12,2,65,49,53,56,1,0,50,5,2,1,1,61,8,2,2,1,0,2,3,368,103,122,30,25,37,1,70,9,2,29,1,64,51,47,33,0,0
2022-12-10,League Two,3916643,Sutton United,Colchester United,0.40306462358427714,0.43704197201865425,0.15989340439706862,1,0,0,55,14,7,1,0,61,9,5,0,7,1,8,6,317,84,109,35,33,22,3,80,2,1,18,0,53,52,60,0,3,0,45,7,0,0,0,48,16,2,6,1,0,5,2,266,50,77,29,0,36,2,54,10,6,18,6,42,48,40,33,3,1
2022-12-10,League Two,3916644,Swindon Town,AFC Wimbledon,0.3672514619883041,0.43157894736842106,0.20116959064327486,0,0,1,67,12,1,0,0,80,9,6,6,5,0,7,5,521,216,203,39,24,26,2,100,13,3,15,6,51,44,44,47,2,0,33,12,6,0,0,56,17,7,3,3,0,8,4,253,35,106,21,29,22,1,59,8,5,23,1,65,56,56,63,4,0
2022-12-17,League Two,3916646,Barrow,Swindon Town,0.4133050247699929,0.4062278839348903,0.18046709129511676,0,1,2,44,7,0,0,0,59,14,6,4,3,0,3,4,322,92,99,46,7,38,2,64,12,2,18,7,62,58,59,50,1,0,56,16,8,2,1,70,12,3,6,2,0,6,10,444,133,177,36,8,37,2,64,10,3,28,0,44,42,41,33,3,0
2022-12-17,League Two,3916651,Leyton Orient,Sutton United,0.5749032614704257,0.33001658374792703,0.09508015478164732,2,0,0,61,7,1,0,0,68,12,4,3,3,1,3,4,407,162,113,32,27,32,1,57,7,1,19,1,62,57,54,50,2,0,39,2,1,0,0,50,16,3,0,1,0,1,1,250,57,69,22,8,28,1,58,14,3,20,0,49,43,46,25,1,0
2022-12-20,League Two,3916639,Northampton Town,Carlisle United,0.5019487750556793,0.36052338530066813,0.13752783964365256,2,1,0,55,14,4,2,1,58,13,8,5,5,0,9,5,348,123,80,24,28,29,0,67,14,5,10,1,68,49,53,33,3,0,45,9,2,1,0,49,10,3,2,5,0,6,3,291,63,80,25,25,31,4,53,4,5,10,2,65,51,47,18,2,0
2022-12-26,League Two,3916774,AFC Wimbledon,Newport County,0.4501557632398754,0.3426791277258567,0.2071651090342679,1,1,1,46,7,2,0,0,55,12,4,1,4,0,4,3,220,49,73,22,19,18,7,79,2,4,22,2,51,52,36,30,0,1,54,13,4,1,0,59,14,3,6,3,0,10,3,270,69,91,39,44,26,1,64,4,3,17,1,64,48,64,30,4,0
2022-12-26,League Two,3916630,Carlisle United,Bradford City,0.4163636363636364,0.33181818181818185,0.25181818181818183,1,0,0,38,11,5,3,2,57,7,9,4,2,0,7,4,272,61,95,31,24,25,2,58,19,1,19,0,61,57,39,38,0,0,62,7,0,1,1,73,16,3,5,2,0,3,4,466,173,169,35,13,32,0,62,11,1,18,4,60,43,61,26,2,0
2022-12-26,League Two,3916631,Crawley Town,Sutton United,0.4429771908763505,0.33613445378151263,0.22088835534213686,1,2,2,56,3,2,0,0,62,12,4,0,1,0,2,1,407,127,124,28,9,33,1,79,8,0,29,3,68,53,44,60,1,0,44,10,5,2,0,57,17,2,5,0,0,8,2,319,71,112,28,9,42,1,59,8,1,21,1,71,47,56,44,2,0
2022-12-26,League Two,3916632,Gillingham,Colchester United,0.4688679245283019,0.3433962264150943,0.1877358490566038,0,1,2,58,7,2,0,0,58,12,6,4,1,0,4,3,382,84,136,27,28,40,1,53,8,3,14,1,57,63,48,56,3,0,42,8,2,0,0,49,15,1,3,3,0,6,2,272,57,75,38,31,24,0,75,7,1,25,2,45,37,52,20,1,0
2022-12-26,League Two,3916624,Harrogate Town,Grimsby Town,0.38153098420413123,0.3195625759416768,0.29890643985419196,3,2,0,55,12,3,3,1,71,10,3,5,4,1,8,4,458,142,182,38,21,24,2,73,23,3,23,6,64,52,47,55,2,0,45,16,8,3,1,61,11,3,5,3,0,7,9,372,92,134,41,12,30,1,56,8,4,16,1,65,48,53,69,1,0
2022-12-26,League Two,3916634,Mansfield Town,Northampton Town,0.37681159420289856,0.34019832189168575,0.2829900839054157,1,1,1,50,8,3,2,1,64,11,2,4,1,0,7,1,370,126,109,35,38,31,2,63,9,7,10,3,55,57,43,20,3,0,50,15,4,2,1,65,10,5,4,7,0,9,6,361,138,96,26,31,36,0,71,12,1,10,2,52,43,57,20,1,0
2022-12-26,League Two,3916635,Rochdale,Hartlepool United,0.43084455324357407,0.3537331701346389,0.21542227662178703,1,2,2,54,9,2,0,0,71,9,6,2,5,0,7,2,393,147,133,43,11,26,4,56,6,4,24,5,46,48,50,25,1,0,46,14,7,1,0,66,16,9,2,5,0,8,6,338,97,125,38,25,27,1,65,7,5,26,1,48,52,50,43,3,0
2022-12-26,League Two,3916636,Salford City,Barrow,0.5196998123827392,0.31801125703564725,0.1622889305816135,1,1,1,40,8,2,0,0,65,11,2,4,2,1,5,3,294,120,70,34,20,17,2,46,4,3,40,3,56,61,49,57,2,1,60,19,4,0,0,75,17,7,12,3,1,9,10,417,134,177,48,30,29,1,56,5,2,16,1,45,39,51,33,3,0
2022-12-26,League Two,3916637,Stockport County,Crewe Alexandra,0.5183603757472246,0.33561058923996584,0.14602903501280956,2,0,0,53,25,9,5,4,70,13,5,9,7,1,18,7,373,71,189,53,29,31,3,36,9,1,33,0,61,45,79,63,0,0,47,1,0,0,0,64,10,5,0,1,0,0,1,338,121,95,32,0,29,3,67,7,6,25,7,43,55,21,50,1,0
2022-12-26,League Two,3916638,Swindon Town,Walsall,0.4815119145439606,0.3171733771569433,0.20131470829909615,1,2,2,57,13,3,2,1,71,9,4,3,7,0,8,5,355,118,133,40,17,35,2,75,9,4,14,1,49,41,50,40,1,0,43,11,2,2,1,60,12,6,5,4,0,6,5,264,48,110,38,19,28,1,59,11,7,30,2,62,59,50,50,1,0
2022-12-26,League Two,3916652,Tranmere Rovers,Doncaster Rovers,0.3991769547325103,0.33127572016460904,0.26954732510288065,3,0,0,45,11,5,2,0,71,6,2,6,0,0,9,2,377,132,134,45,33,28,2,60,8,6,13,1,54,53,56,43,1,0,55,9,2,1,1,72,8,5,2,5,0,6,3,457,200,130,36,19,34,2,79,11,0,7,2,46,47,44,44,2,0
2022-12-27,League Two,3916633,Leyton Orient,Stevenage,0.48560123103978897,0.37964387777533526,0.1347548911848758,0,0,1,64,11,4,2,2,77,14,6,6,1,0,6,5,374,159,128,38,35,11,0,83,3,2,25,3,55,51,46,43,2,0,36,12,3,0,0,59,20,3,6,3,0,6,6,205,45,75,38,18,25,2,80,2,1,19,4,58,49,54,75,2,0
2022-12-29,League Two,3916677,Crewe Alexandra,Carlisle United,0.31936914736323313,0.3755544603252834,0.3050763923114835,0,3,2,55,6,1,0,0,70,6,6,2,3,0,3,3,432,201,101,42,10,31,1,45,5,2,17,3,53,52,41,36,1,1,45,14,6,3,2,67,9,8,6,2,2,6,8,357,109,130,40,28,23,2,67,15,3,20,1,58,48,59,45,1,0
2022-12-29,League Two,3916680,Barrow,Tranmere Rovers,0.40255962769051773,0.3915066899360093,0.20593368237347295,1,2,2,54,17,4,3,3,66,12,5,4,9,0,8,9,365,111,130,38,21,27,1,63,8,2,17,4,53,51,49,20,1,0,46,11,7,2,1,56,13,4,3,1,0,6,5,311,74,101,25,25,29,0,64,5,9,26,3,53,49,51,42,1,1
2022-12-29,League Two,3916679,Bradford City,Harrogate Town,0.4768447837150127,0.3465648854961832,0.17659033078880407,1,0,0,51,13,5,0,0,68,13,3,8,0,0,8,5,395,98,169,44,25,25,1,44,11,3,16,1,77,47,66,29,1,0,49,6,2,0,0,64,10,6,2,2,0,4,2,385,123,124,28,10,33,2,80,11,0,20,4,57,53,34,40,2,0
2022-12-29,League Two,3916678,Colchester United,AFC Wimbledon,0.33964912280701753,0.3887719298245614,0.27157894736842103,1,2,2,43,9,4,1,0,57,14,4,3,2,1,5,4,256,65,80,34,22,31,3,59,9,2,14,6,47,53,39,11,3,0,57,12,8,3,1,67,14,3,2,2,0,7,5,323,79,138,44,32,29,4,62,2,2,21,2,51,47,61,20,3,0
2022-12-29,League Two,3916690,Doncaster Rovers,Rochdale,0.5147857573928787,0.3633071816535908,0.12190706095353047,4,3,0,40,10,4,0,0,68,10,6,2,4,0,6,4,330,113,112,30,25,30,1,60,10,0,21,1,34,42,44,20,1,0,60,5,3,0,0,76,12,3,2,0,0,3,2,486,203,167,41,0,35,2,59,7,3,12,0,46,58,56,50,1,0
2022-12-29,League Two,3916676,Grimsby Town,Salford City,0.36381197681905986,0.3663876368319382,0.26980038634900194,1,4,2,60,15,4,1,0,73,15,7,6,5,0,11,4,418,170,135,48,20,43,1,69,6,3,12,1,47,42,51,10,1,0,40,12,5,1,0,60,9,1,4,3,0,6,6,284,80,91,25,33,27,2,64,14,5,21,3,56,58,49,33,0,0
2022-12-29,League Two,3916675,Hartlepool United,Mansfield Town,0.29614949037372595,0.3646659116647792,0.3391845979614949,1,2,2,48,9,1,0,0,59,9,3,5,3,0,8,1,314,64,121,40,36,44,2,64,10,3,14,4,65,48,50,58,2,0,52,14,6,2,2,58,10,6,5,3,0,10,4,342,88,110,28,46,26,0,61,8,2,13,0,68,52,50,50,1,0
2022-12-29,League Two,3916674,Northampton Town,Swindon Town,0.5320108205590622,0.3268710550045086,0.1411181244364292,1,2,2,50,17,8,1,1,60,11,15,4,5,0,9,8,340,79,126,24,18,49,4,42,8,3,4,2,45,49,39,17,2,0,50,11,4,0,0,69,12,3,4,3,0,5,6,359,156,90,33,33,21,3,50,8,5,50,7,53,51,61,33,3,0
2022-12-29,League Two,3916681,Sutton United,Gillingham,0.4878803506962352,0.35275915420319753,0.1593604951005673,2,1,0,56,15,3,1,1,56,9,5,7,5,0,9,6,326,64,120,35,31,37,0,63,6,1,20,2,63,44,66,18,2,0,44,11,3,1,1,49,12,1,7,1,0,5,6,275,50,84,34,50,26,1,41,5,4,39,2,49,56,34,25,1,0
2022-12-29,League Two,3916682,Walsall,Stockport County,0.3837730214036834,0.3877551020408163,0.22847187655550025,0,2,2,44,12,4,1,1,50,16,7,3,5,0,10,2,256,54,74,29,29,27,0,71,9,6,20,4,40,45,31,33,3,0,56,20,7,4,3,65,10,5,8,5,1,9,11,334,106,112,39,25,24,1,78,6,4,37,4,69,55,69,50,1,0
2022-12-30,League Two,3916788,Newport County,Leyton Orient,0.24263736263736263,0.36153846153846153,0.39582417582417584,0,0,1,37,7,2,2,2,55,11,3,3,2,0,5,2,251,48,91,38,12,26,2,63,14,4,15,2,69,66,54,67,1,0,63,7,2,0,0,71,10,6,1,4,0,6,1,442,161,155,39,0,32,0,78,9,2,21,2,43,34,46,32,1,0
2022-12-30,League Two,3916673,Stevenage,Crawley Town,0.5251749830661548,0.35854594716640326,0.11627906976744186,3,1,0,45,23,6,5,2,68,9,7,10,7,0,16,7,304,69,139,39,50,32,3,64,22,3,16,1,63,59,64,67,1,0,55,8,2,2,1,74,9,5,3,3,0,5,3,397,175,119,22,17,21,0,62,8,7,39,3,40,41,36,22,0,0
2023-01-01,League Two,3916688,Bradford City,Salford City,0.3565217391304348,0.4180354267310789,0.22544283413848631,3,2,0,48,16,7,4,2,71,16,4,4,5,1,10,6,374,117,148,38,25,27,2,58,13,4,30,1,64,46,64,38,4,0,52,13,3,2,2,73,14,6,6,4,1,9,4,384,148,131,45,9,29,1,57,6,5,16,4,58,54,36,60,2,0
2023-01-01,League Two,3916687,Colchester United,Swindon Town,0.2606917069542581,0.4254369654146523,0.3138713276310896,1,0,0,32,11,5,3,3,62,12,4,3,3,0,9,2,218,53,83,39,31,10,0,77,9,3,30,4,42,50,45,14,3,0,68,11,4,1,1,83,13,6,4,3,1,5,6,463,196,190,67,32,21,2,31,4,3,9,4,46,50,55,25,2,0
2023-01-01,League Two,3916686,Crewe Alexandra,Tranmere Rovers,0.2704883227176221,0.4484076433121019,0.281104033970276,1,0,0,36,11,3,1,1,51,7,5,4,4,0,5,6,255,56,73,25,11,23,3,50,7,11,47,2,52,50,47,56,1,0,64,23,4,4,4,72,7,13,10,9,0,15,8,440,91,224,37,37,34,0,40,7,3,25,2,55,50,53,30,1,0
2023-01-01,League Two,3916685,Doncaster Rovers,Carlisle United,0.2980304719435154,0.43329617242660723,0.2686733556298774,2,1,0,53,17,4,2,1,63,8,5,7,6,1,8,9,380,139,99,34,17,30,4,47,6,2,9,1,53,46,45,47,1,0,47,8,2,2,1,58,6,0,3,3,1,5,3,337,89,108,35,27,34,2,67,9,6,13,2,64,54,55,64,1,0
2023-01-01,League Two,3916684,Grimsby Town,Stockport County,0.28224145035022663,0.40255459414915534,0.315203955500618,1,0,0,42,13,3,2,1,43,15,2,4,6,0,8,5,235,30,70,21,40,36,3,57,6,3,34,2,63,43,48,56,2,0,58,12,2,1,1,52,8,10,7,3,0,7,5,302,48,108,34,21,37,4,46,5,6,33,2,72,57,52,50,0,0
2023-01-01,League Two,3916683,Hartlepool United,Harrogate Town,0.3519130845536136,0.47756258856872935,0.17052432687765706,3,3,1,52,20,7,1,0,57,4,2,8,5,0,16,4,366,59,149,38,17,33,1,59,12,4,15,3,72,52,63,44,1,0,48,12,6,5,3,55,11,4,2,4,1,9,3,341,77,109,27,8,33,1,50,10,5,24,4,53,48,37,27,1,0
2023-01-01,League Two,3916660,Sutton United,AFC Wimbledon,0.3613613613613614,0.45095095095095095,0.18768768768768768,2,1,0,47,15,10,6,5,52,15,2,4,1,0,10,5,292,51,100,22,28,26,2,73,5,0,22,3,54,49,40,43,1,0,53,6,4,0,0,53,12,2,1,1,0,5,1,326,73,99,23,22,32,2,58,1,2,27,7,69,51,60,25,1,0
2023-01-01,League Two,3916659,Walsall,Mansfield Town,0.3242857142857143,0.45821428571428574,0.2175,2,1,0,42,11,3,2,1,56,8,5,5,3,0,7,4,276,55,99,34,33,35,2,57,14,10,17,2,59,46,52,38,2,0,58,18,2,0,0,69,10,4,6,10,0,7,11,373,102,155,43,16,18,0,85,12,3,23,1,62,54,48,64,0,0
2023-01-02,League Two,3916689,Barrow,Rochdale,0.4176594253679047,0.433426769446391,0.14891380518570427,0,0,1,55,16,2,0,0,61,11,3,8,6,0,10,6,387,85,150,34,24,29,1,76,13,1,5,0,82,59,53,69,1,0,45,4,0,0,0,57,16,2,3,1,0,1,3,343,89,106,26,10,32,2,50,14,6,40,2,65,41,47,38,3,0
2023-01-02,League Two,3916789,Newport County,Crawley Town,0.4063295743906875,0.4514368861404147,0.14223353946889777,2,2,1,52,18,7,2,2,60,6,6,5,6,0,13,5,315,70,118,38,32,48,1,53,7,4,11,4,81,62,58,33,1,0,48,14,6,6,4,58,14,1,3,5,0,10,4,313,104,79,23,33,31,1,52,7,6,38,5,53,38,42,21,3,0
2023-01-02,League Two,3916672,Northampton Town,Leyton Orient,0.32941176470588235,0.4241486068111455,0.24643962848297213,1,0,0,44,8,4,1,1,52,14,6,2,2,0,6,2,285,74,75,22,36,32,2,79,7,3,18,1,62,52,53,43,3,0,56,7,1,0,0,65,16,6,3,3,0,4,3,370,146,95,30,25,26,4,42,6,2,19,3,57,48,47,60,2,1
2023-01-02,League Two,3916671,Stevenage,Gillingham,0.5097493036211699,0.37224613826285136,0.11800455811597872,1,0,0,52,11,3,0,0,53,11,2,7,1,0,6,5,299,64,94,38,24,23,1,33,12,1,31,2,95,51,75,13,3,0,48,7,2,0,0,43,20,2,4,1,0,3,4,267,59,56,15,14,44,1,82,6,1,18,2,51,50,25,22,1,0
2023-01-07,League Two,3916662,Salford City,Northampton Town,0.33018273471959675,0.33585381222432265,0.33396345305608066,2,1,0,47,13,6,0,0,62,9,2,5,2,0,7,6,320,107,90,31,20,32,2,36,10,5,34,3,54,49,51,38,1,0,53,12,4,0,0,62,13,4,2,6,0,7,5,352,97,120,37,22,33,4,60,4,3,15,3,54,51,49,44,1,0
2023-01-07,League Two,3916895,Crewe Alexandra,AFC Wimbledon,0.33562992125984253,0.3494094488188976,0.31496062992125984,0,0,1,57,9,2,2,2,67,15,4,4,3,1,6,3,401,149,120,30,20,34,0,70,9,3,24,2,63,44,47,42,1,0,43,8,1,0,0,52,14,4,4,3,0,3,5,299,59,96,37,6,29,1,52,12,3,15,2,77,56,53,44,2,0
2023-01-07,League Two,3916654,Harrogate Town,Colchester United,0.44144144144144143,0.36036036036036034,0.1981981981981982,1,3,2,68,16,9,3,2,77,8,9,5,2,1,12,4,495,163,217,47,30,28,0,82,8,1,20,1,59,57,53,56,2,0,32,6,4,1,0,57,15,4,1,1,0,4,2,245,53,86,41,17,24,2,64,11,2,20,8,48,43,47,33,3,0
2023-01-07,League Two,3916653,Leyton Orient,Doncaster Rovers,0.538021726700972,0.292166952544311,0.16981132075471697,1,0,0,54,7,3,0,0,70,11,6,0,4,0,1,6,392,136,139,25,0,29,1,63,8,5,16,0,46,60,46,88,1,0,46,9,0,0,0,70,11,3,3,6,0,4,5,322,120,105,43,20,30,1,43,8,4,25,2,37,40,54,46,1,0
2023-01-07,League Two,3916661,Mansfield Town,Barrow,0.5363565285379203,0.3416731821735731,0.12197028928850664,2,3,2,57,12,6,1,0,70,12,4,3,3,0,4,8,426,136,164,37,15,26,0,80,16,0,8,1,70,55,55,31,1,0,43,5,3,1,0,59,15,3,2,0,0,4,1,330,82,114,30,10,29,3,80,16,3,23,4,57,45,45,14,3,0
2023-01-07,League Two,3916790,Rochdale,Newport County,0.29053318824809576,0.37323177366702937,0.33623503808487487,1,1,1,52,12,6,1,1,70,8,3,3,3,0,5,7,342,103,136,36,21,23,3,71,6,3,29,4,56,54,43,55,1,0,48,12,5,1,1,61,12,4,4,3,0,6,6,301,65,118,39,40,30,1,56,4,3,12,5,59,46,57,40,4,0
2023-01-07,League Two,3916668,Tranmere Rovers,Sutton United,0.45708376421923474,0.34126163391933817,0.20165460186142709,2,2,1,55,7,3,0,0,61,13,6,2,2,0,2,5,410,85,165,23,9,44,0,69,9,4,12,0,65,51,43,33,4,0,45,6,3,2,1,53,11,2,0,3,0,5,1,347,85,98,33,33,28,1,42,7,2,26,1,77,49,57,30,2,0
2023-01-10,League Two,3916648,Bradford City,Rochdale,0.5452837783442909,0.33556956930095266,0.11914665235475648,1,2,2,58,12,4,1,0,66,11,5,6,2,0,5,7,393,66,193,35,20,34,1,69,10,2,12,4,63,55,48,38,1,0,42,12,6,4,2,59,14,4,4,2,1,8,4,280,66,100,41,27,33,5,58,4,2,30,3,57,45,52,63,3,0
2023-01-14,League Two,3916667,AFC Wimbledon,Bradford City,0.3128054740957967,0.3489736070381232,0.33822091886608013,0,0,1,47,15,3,0,0,59,14,10,6,6,0,8,7,311,68,116,40,13,26,0,61,6,4,20,4,69,58,52,50,0,0,53,13,5,1,1,65,20,3,5,3,0,7,6,369,120,121,36,33,25,1,47,9,6,23,3,55,42,48,42,2,1
2023-01-14,League Two,3916797,Carlisle United,Newport County,0.5391752577319587,0.311340206185567,0.14948453608247422,2,0,0,53,9,4,1,1,54,10,4,3,2,1,6,3,322,73,101,22,18,28,1,64,3,1,30,3,55,47,49,30,2,0,47,12,3,2,2,59,14,2,8,1,1,7,5,273,57,103,27,39,28,2,40,12,2,29,2,60,53,51,38,1,0
2023-01-14,League Two,3916665,Gillingham,Hartlepool United,0.42736842105263156,0.33157894736842103,0.24105263157894738,2,0,0,47,11,3,2,1,60,8,2,6,2,0,8,3,313,68,121,44,14,40,4,61,15,2,16,2,57,50,52,21,1,0,53,6,2,0,0,64,12,3,2,2,1,6,0,354,145,83,30,40,29,2,43,10,2,36,1,55,50,48,50,2,0
2023-01-14,League Two,3916664,Harrogate Town,Stevenage,0.18419090231170768,0.2841163310961969,0.5316927665920954,1,1,1,50,11,4,3,2,56,5,2,5,2,0,6,5,355,85,114,34,30,23,1,69,11,5,26,4,66,58,47,31,0,0,50,18,5,2,2,55,10,8,8,5,0,10,8,344,73,115,32,27,45,2,71,6,2,14,3,62,42,53,38,2,0
2023-01-14,League Two,3916663,Leyton Orient,Barrow,0.5889377749842866,0.29666876178504087,0.11439346323067254,0,0,1,65,14,4,0,0,76,11,3,4,6,0,7,7,515,229,164,31,17,31,3,50,12,2,13,2,44,46,40,67,1,1,35,11,2,0,0,52,8,7,5,4,0,7,4,260,54,81,29,21,28,2,63,13,6,20,4,56,54,60,50,2,0
2023-01-14,League Two,3916706,Mansfield Town,Crewe Alexandra,0.5357142857142857,0.3185328185328185,0.14575289575289574,1,1,1,53,17,5,3,2,73,12,8,7,5,0,11,6,414,142,161,39,12,31,1,33,6,5,12,2,50,51,47,25,2,1,47,10,3,0,0,70,12,6,1,6,0,5,5,368,164,95,37,25,25,4,36,18,5,27,4,51,49,53,60,1,0
2023-01-14,League Two,3916705,Rochdale,Colchester United,0.35121951219512193,0.36910569105691055,0.27967479674796747,1,2,2,51,5,5,4,3,66,14,6,0,0,0,5,0,328,112,106,31,15,19,1,69,4,3,24,3,44,45,50,0,2,0,49,10,5,0,0,66,9,2,2,3,0,5,5,326,86,130,28,9,34,2,60,6,0,26,4,49,56,50,55,1,0
2023-01-14,League Two,3916704,Salford City,Sutton United,0.510353227771011,0.3264311814859927,0.16321559074299635,2,0,0,45,9,5,2,1,56,12,5,0,4,0,7,2,259,68,78,38,13,23,1,64,6,5,29,4,56,52,53,44,3,0,55,14,4,2,2,64,17,8,5,5,0,9,5,306,70,127,48,26,30,3,79,3,4,13,3,50,48,47,60,2,0
2023-01-14,League Two,3916703,Stockport County,Northampton Town,0.35361552028218696,0.2830687830687831,0.36331569664902996,2,0,0,46,15,3,1,0,59,6,5,8,4,0,9,6,338,74,125,38,38,39,2,65,14,4,29,3,55,58,58,67,1,0,54,11,3,1,1,59,10,9,4,4,0,8,3,380,111,115,30,24,29,2,86,6,4,11,2,40,42,42,20,1,0
2023-01-14,League Two,3916702,Swindon Town,Grimsby Town,0.5076754385964912,0.28618421052631576,0.20614035087719298,5,0,0,64,23,11,5,2,83,7,4,7,5,3,19,4,452,199,175,48,25,29,2,50,8,2,16,3,49,56,33,40,1,0,36,6,3,1,1,59,16,5,1,2,0,4,2,253,80,69,26,27,16,0,55,8,5,19,7,52,44,67,20,2,1
2023-01-14,League Two,3916701,Tranmere Rovers,Walsall,0.36239103362391034,0.33748443337484435,0.3001245330012453,1,1,1,60,13,4,2,2,72,13,6,7,2,0,8,5,373,102,166,44,13,34,1,58,5,1,13,0,43,46,64,40,2,0,40,5,1,2,1,57,11,3,3,1,0,5,0,262,71,78,34,25,34,0,80,12,2,34,3,39,54,36,33,1,1
2023-01-21,League Two,3916698,Colchester United,Gillingham,0.5004965243296922,0.2730883813306852,0.22641509433962265,0,2,2,63,15,6,1,1,73,11,8,2,7,0,8,7,410,120,179,51,19,32,3,70,5,1,11,1,55,42,52,40,1,0,37,6,3,2,0,53,13,2,2,1,0,6,0,246,64,67,23,27,20,0,57,2,6,41,6,64,58,48,20,2,0
2023-01-21,League Two,3916694,Hartlepool United,Rochdale,0.45323741007194246,0.31510791366906477,0.2316546762589928,2,0,0,54,17,7,3,1,64,12,8,4,6,0,11,6,331,68,144,39,32,37,2,53,5,1,16,3,59,46,65,36,3,0,46,10,3,0,0,57,8,4,6,1,0,6,4,293,74,94,28,11,25,4,65,6,6,35,5,49,54,35,22,0,2
2023-01-21,League Two,3916696,Stevenage,Leyton Orient,0.44851904090267986,0.31029619181946405,0.24118476727785615,3,0,0,47,20,8,3,1,56,11,5,6,6,0,15,5,303,72,97,35,22,24,4,47,10,4,19,0,75,57,63,25,2,0,53,8,0,0,0,57,13,4,3,5,0,3,5,348,113,85,27,27,22,2,30,3,6,19,5,49,43,37,20,1,1
2023-01-24,League Two,3916657,Carlisle United,Hartlepool United,0.4996751137102014,0.3762183235867446,0.12410656270305392,3,1,0,49,14,10,5,2,65,8,4,3,1,0,11,3,305,64,135,38,28,33,3,38,8,3,28,2,56,48,42,25,0,0,51,8,3,1,0,61,8,4,2,3,0,5,3,326,94,105,41,6,35,0,44,8,1,21,7,69,52,58,25,0,0
2023-01-24,League Two,3916649,Colchester United,Salford City,0.2948763883912576,0.40128986026513797,0.30383375134360446,1,1,1,48,17,6,0,0,78,16,6,8,3,1,11,6,371,123,168,57,43,20,2,55,4,2,17,1,43,52,39,55,0,0,52,10,2,3,2,78,11,6,5,3,1,8,2,409,190,130,42,16,18,1,63,9,4,19,4,49,48,61,20,0,0
2023-01-24,League Two,3916670,Stockport County,Bradford City,0.37380073800738006,0.41660516605166054,0.2095940959409594,0,0,1,50,12,1,2,2,57,10,9,6,5,0,8,4,340,86,107,36,29,29,2,64,12,3,15,1,73,53,51,67,1,0,50,5,1,0,0,63,13,1,1,3,0,2,3,360,156,72,34,29,34,1,71,14,5,31,1,68,47,49,71,1,0
2023-01-28,League Two,3916719,AFC Wimbledon,Stockport County,0.3655685441020191,0.2911795961742827,0.3432518597236982,1,0,0,43,13,3,1,0,58,12,2,6,4,1,7,6,301,78,96,34,42,26,0,60,3,5,32,2,51,60,31,0,5,0,57,11,2,2,2,65,16,9,4,5,0,9,2,394,130,126,38,14,34,1,63,6,4,12,2,58,40,69,33,2,0
2023-01-28,League Two,3916720,Barrow,Northampton Town,0.31079717457114026,0.33905146316851664,0.3501513622603431,0,2,2,46,8,2,0,0,61,13,3,4,2,0,7,1,358,107,112,24,6,29,5,60,9,4,16,2,63,54,42,27,1,0,54,9,4,1,1,63,16,3,1,4,0,6,3,426,143,125,22,33,24,1,62,8,2,18,2,67,46,58,39,2,0
2023-01-28,League Two,3916721,Crawley Town,Salford City,0.2439903846153846,0.28365384615384615,0.4723557692307692,3,2,0,48,12,7,2,1,68,20,3,5,0,0,4,8,421,155,132,33,25,16,0,73,3,2,17,6,54,51,40,70,3,0,52,16,8,6,4,73,7,6,6,2,0,13,3,455,177,154,47,32,27,4,50,13,0,7,4,62,49,60,44,1,0
2023-01-28,League Two,3916722,Harrogate Town,Sutton United,0.3526490066225166,0.3228476821192053,0.32450331125827814,0,1,2,60,9,3,0,0,67,16,7,3,3,0,2,7,424,117,168,42,0,27,1,55,10,8,27,2,60,45,53,20,1,0,40,16,3,0,0,54,8,7,5,8,2,9,7,274,59,90,22,14,23,1,65,7,3,45,3,62,55,47,21,1,0
2023-01-28,League Two,3916723,Hartlepool United,Colchester United,0.37257824143070045,0.29508196721311475,0.3323397913561848,1,2,2,64,17,5,1,1,74,12,7,5,7,0,9,8,497,172,195,48,18,30,2,50,7,1,4,7,64,54,42,53,2,0,36,10,8,4,3,57,7,1,1,1,0,9,1,289,67,97,36,50,21,2,41,7,7,39,4,68,46,58,27,1,0
2023-01-28,League Two,3916724,Mansfield Town,Doncaster Rovers,0.5192697768762677,0.25456389452332656,0.22616632860040567,4,1,0,42,11,4,2,1,61,11,4,1,6,0,9,2,340,81,127,32,25,40,0,56,14,3,16,2,59,43,63,25,2,0,58,9,3,3,2,74,8,2,3,3,0,7,2,484,217,139,26,20,28,4,82,6,6,20,1,53,57,37,55,2,0
2023-01-28,League Two,3916725,Rochdale,Carlisle United,0.22132796780684105,0.2323943661971831,0.5462776659959758,0,1,2,58,12,2,1,1,61,13,1,7,3,0,9,3,375,119,108,31,50,31,2,67,9,0,22,2,52,41,41,50,2,0,42,9,3,1,0,46,9,6,6,0,0,3,6,269,36,89,25,17,30,1,52,13,3,16,2,75,60,59,40,3,0
2023-01-28,League Two,3916717,Swindon Town,Gillingham,0.5535087719298246,0.23333333333333334,0.2131578947368421,3,3,1,71,21,8,3,1,84,10,7,6,7,0,16,5,481,166,240,62,28,23,1,59,5,5,19,1,60,51,45,43,1,1,29,12,4,2,0,63,10,1,2,6,0,9,3,200,47,79,41,25,11,2,56,12,6,33,5,63,49,55,13,2,0
2023-01-28,League Two,3916716,Tranmere Rovers,Leyton Orient,0.2707818930041152,0.291358024691358,0.4378600823045268,1,0,0,47,9,1,1,1,70,6,6,6,2,1,6,3,391,140,132,31,24,37,4,50,8,4,21,0,56,60,35,60,0,0,53,11,0,1,1,70,10,1,7,4,1,6,5,457,159,161,49,36,36,3,87,5,2,20,1,61,40,65,57,2,0
2023-01-31,League Two,3916613,Carlisle United,Barrow,0.5097128378378378,0.3536739864864865,0.13661317567567569,5,1,0,47,13,9,4,1,58,3,5,1,3,0,8,5,308,92,88,25,0,27,2,53,10,2,8,1,54,59,57,100,2,0,53,4,1,0,0,61,10,2,1,2,1,2,2,341,86,121,20,13,46,0,64,5,3,11,4,39,41,43,47,2,0
2023-01-31,League Two,3916691,Crewe Alexandra,Stockport County,0.2980412916887242,0.40682901005823185,0.2951296982530439,1,1,1,49,15,4,3,2,61,12,8,5,6,1,8,7,327,88,110,32,26,28,1,67,5,2,26,2,61,54,40,33,0,0,51,8,3,1,0,62,16,4,3,2,1,5,3,337,78,130,31,25,28,0,54,6,6,28,3,71,46,60,33,2,0
2023-01-31,League Two,3916641,Salford City,Walsall,0.43694209201190204,0.40283817807278555,0.16021972991531244,1,0,0,53,14,2,1,1,58,14,2,6,6,0,8,6,299,60,114,32,29,22,3,33,6,5,21,6,73,52,63,75,3,0,47,16,6,3,3,53,17,4,5,5,0,9,7,271,56,87,30,24,25,0,92,3,6,15,1,54,48,37,75,2,0
2023-02-04,League Two,3916794,Newport County,Swindon Town,0.3712121212121212,0.29640151515151514,0.33238636363636365,2,1,0,44,16,7,2,0,68,16,6,5,4,1,11,5,320,121,96,41,23,16,3,64,12,1,18,1,45,39,40,54,4,0,56,6,2,0,0,75,9,2,3,1,0,3,3,438,232,97,27,7,35,1,80,7,4,28,5,69,61,60,73,1,1
2023-02-04,League Two,3916709,Bradford City,Mansfield Town,0.4582843713278496,0.2902467685076381,0.25146886016451236,1,1,1,47,11,6,1,1,67,6,9,3,2,0,9,2,349,128,107,35,14,29,1,47,9,3,28,4,58,68,42,88,1,0,53,11,5,1,0,70,18,4,3,3,1,7,4,400,133,147,54,41,35,0,50,9,2,17,5,44,32,58,45,3,0
2023-02-04,League Two,3916710,Carlisle United,Harrogate Town,0.6596434359805511,0.23500810372771475,0.1053484602917342,0,1,2,51,18,8,0,0,56,10,10,5,5,0,5,13,308,53,119,33,19,29,1,48,7,2,10,0,66,51,48,25,2,0,49,3,0,0,0,55,14,2,1,2,1,1,2,323,77,102,20,0,24,1,64,7,4,40,8,67,49,52,29,2,0
2023-02-04,League Two,3916711,Colchester United,Barrow,0.4305555555555556,0.2934027777777778,0.2760416666666667,1,1,1,49,10,4,4,3,63,13,8,4,2,1,9,1,324,104,101,36,21,16,3,67,8,6,32,1,66,59,45,53,3,0,51,17,2,1,0,62,16,8,8,7,1,10,7,340,86,124,38,28,21,1,80,8,3,33,2,61,41,55,33,4,0
2023-02-04,League Two,3916712,Crewe Alexandra,Grimsby Town,0.3833634719710669,0.29475587703435807,0.321880650994575,0,3,2,57,8,0,0,0,71,10,8,3,5,0,5,3,441,205,106,41,18,34,1,55,7,2,18,2,50,40,54,39,0,0,43,14,5,1,0,60,10,1,7,2,0,9,5,333,93,108,31,23,27,1,69,6,4,24,0,61,60,46,38,1,0
2023-02-04,League Two,3916713,Doncaster Rovers,Hartlepool United,0.5261584454409567,0.2556053811659193,0.21823617339312407,0,1,2,55,17,4,1,1,78,7,6,8,5,0,10,7,438,171,172,50,27,19,1,62,8,1,13,0,44,59,43,56,1,0,45,5,1,0,0,74,10,3,3,1,0,4,1,370,155,117,51,27,31,2,78,3,5,28,4,42,41,57,22,2,0
2023-02-04,League Two,3916714,Gillingham,Crawley Town,0.5539358600583091,0.2725947521865889,0.17346938775510204,1,0,0,39,12,7,3,2,52,9,5,5,0,0,11,1,303,47,110,34,28,45,5,52,13,3,25,3,62,50,58,33,0,0,61,11,3,3,3,68,7,6,5,3,0,9,2,477,200,124,37,24,42,2,36,12,0,27,6,54,50,42,48,0,0
2023-02-04,League Two,3916715,Leyton Orient,AFC Wimbledon,0.5721973094170404,0.2609865470852018,0.16681614349775784,1,0,0,58,12,5,0,0,72,15,8,2,5,0,5,7,398,151,136,31,18,31,3,68,8,3,17,2,50,41,49,9,3,0,42,11,2,1,1,60,9,2,6,3,0,5,6,283,64,106,40,25,29,1,52,14,5,18,4,63,59,51,21,1,0
2023-02-04,League Two,3916746,Northampton Town,Walsall,0.550351288056206,0.26697892271662765,0.18266978922716628,0,0,1,55,7,2,1,1,56,11,1,3,2,0,6,1,332,74,111,28,42,25,1,60,9,2,14,1,58,59,54,67,1,1,45,8,1,1,1,51,17,3,5,2,0,5,3,278,58,83,31,33,23,1,78,12,2,12,2,45,41,46,50,3,0
2023-02-04,League Two,3916747,Salford City,Rochdale,0.6425339366515838,0.251131221719457,0.10633484162895927,2,1,0,48,14,3,1,0,63,12,4,7,4,1,8,6,333,93,118,40,29,22,1,69,3,3,27,4,68,52,57,62,2,0,52,11,5,1,0,68,16,7,2,4,0,7,4,343,94,139,32,20,19,4,80,7,4,22,1,58,48,43,55,1,0
2023-02-04,League Two,3916748,Stockport County,Tranmere Rovers,0.5096582466567607,0.27340267459138184,0.21693907875185736,3,2,0,53,14,6,3,1,67,11,3,3,5,2,9,5,407,136,138,42,38,22,2,64,10,1,30,3,59,50,67,57,0,0,47,11,5,2,1,65,11,8,5,1,1,6,5,355,110,119,32,12,39,0,38,10,4,21,3,42,50,33,13,1,0
2023-02-04,League Two,3916749,Sutton United,Stevenage,0.24437927663734116,0.2913000977517107,0.46432062561094817,0,0,1,44,6,2,0,0,56,9,2,2,2,0,3,3,277,60,96,33,11,25,0,91,14,5,48,4,55,48,39,35,1,0,56,15,4,0,0,53,15,4,6,5,0,10,5,344,62,120,28,14,28,3,81,12,1,9,2,72,52,61,56,2,0
2023-02-07,League Two,3916615,Crewe Alexandra,Leyton Orient,0.26620847651775487,0.38625429553264606,0.34753722794959907,0,2,2,42,5,1,0,0,60,13,4,1,3,1,2,3,338,139,64,38,9,26,4,44,6,4,24,0,60,53,63,38,1,0,58,12,3,1,1,73,13,8,6,3,0,7,5,457,122,213,40,16,18,2,50,9,3,9,1,45,47,37,36,0,0
2023-02-07,League Two,3916692,Doncaster Rovers,Tranmere Rovers,0.37320441988950276,0.42044198895027624,0.206353591160221,2,0,0,39,6,2,1,0,59,6,0,2,2,0,3,3,341,100,100,26,0,15,1,71,8,5,26,6,62,52,53,67,1,0,61,18,6,0,0,73,11,9,7,5,1,6,12,508,178,193,47,26,40,0,91,11,2,12,0,57,48,47,68,3,0
2023-02-11,League Two,3916750,AFC Wimbledon,Carlisle United,0.2865979381443299,0.24020618556701032,0.4731958762886598,0,0,1,50,10,2,1,1,59,9,2,4,4,0,6,4,318,73,115,28,22,35,2,85,4,3,23,5,47,45,33,23,1,0,50,12,5,0,0,54,12,7,3,4,0,6,6,320,53,121,36,24,27,0,60,7,4,11,2,72,55,67,42,2,0
2023-02-11,League Two,3916793,Barrow,Newport County,0.4712286158631415,0.2939346811819596,0.23483670295489892,0,1,2,50,8,3,1,1,58,14,7,3,2,0,6,2,299,63,110,30,25,17,1,73,10,2,39,5,71,48,58,60,1,1,50,13,6,4,3,53,14,5,5,2,0,8,5,285,46,106,20,16,28,1,59,10,2,15,3,65,53,42,73,3,0
2023-02-11,League Two,3916751,Crawley Town,Crewe Alexandra,0.49902912621359224,0.26601941747572816,0.23495145631067962,2,2,1,62,11,2,2,2,73,16,7,6,3,0,7,4,415,151,150,49,37,35,0,55,12,1,12,2,63,49,59,40,2,0,38,6,4,2,1,60,14,3,1,1,0,3,3,258,90,66,32,0,27,5,55,11,3,25,1,58,51,41,36,2,1
2023-02-11,League Two,3916752,Grimsby Town,Colchester United,0.6008119079837618,0.2178619756427605,0.18132611637347767,0,1,2,61,11,2,0,0,66,10,2,5,4,0,8,3,466,131,177,31,20,30,0,42,6,0,19,1,78,51,50,17,1,0,39,7,2,1,0,50,12,3,4,1,0,4,3,304,63,90,35,44,31,0,36,9,5,30,1,77,49,50,41,2,0
2023-02-11,League Two,3916753,Harrogate Town,Stockport County,0.28413284132841327,0.22693726937269373,0.488929889298893,1,3,2,54,4,0,0,0,67,12,5,3,1,0,1,3,405,128,142,35,13,35,0,85,8,2,21,6,50,46,36,60,0,0,46,18,9,3,0,65,10,6,6,3,0,8,10,350,106,120,33,11,24,2,50,10,1,28,0,72,54,64,53,2,0
2023-02-11,League Two,3916754,Hartlepool United,Sutton United,0.3577075098814229,0.2727272727272727,0.3695652173913043,2,2,1,64,14,6,0,0,76,11,3,4,4,0,10,4,472,173,188,52,33,20,1,58,6,4,31,5,65,44,62,50,2,0,36,16,7,7,5,53,15,7,5,4,1,12,4,249,37,95,36,37,23,0,53,5,4,19,4,60,56,38,74,2,1
2023-02-11,League Two,3916755,Mansfield Town,Gillingham,0.5363735070575462,0.247557003257329,0.21606948968512488,2,0,0,47,18,6,2,1,65,12,5,8,4,0,13,5,291,61,128,36,32,24,1,69,9,1,33,3,65,51,50,43,2,0,53,7,3,0,0,62,11,5,2,2,0,5,2,333,85,120,43,25,25,3,79,4,4,27,4,64,49,50,33,3,0
2023-02-11,League Two,3916756,Rochdale,Northampton Town,0.24456521739130435,0.21195652173913043,0.5434782608695652,1,1,1,35,12,4,1,1,63,15,4,6,2,0,8,4,284,83,96,39,47,17,5,53,15,1,20,4,49,52,46,36,3,0,65,12,5,1,1,77,14,4,6,1,0,8,4,524,185,219,48,33,23,1,64,11,2,14,3,50,48,54,43,0,0
2023-02-11,League Two,3916757,Stevenage,Bradford City,0.5544554455445545,0.25495049504950495,0.1905940594059406,2,3,2,45,15,5,0,0,49,15,7,4,6,1,12,3,326,42,119,35,46,32,1,90,6,1,9,0,61,39,44,33,1,0,55,6,3,3,1,57,14,3,2,1,0,5,1,416,155,84,40,11,27,1,86,7,6,37,3,84,61,56,64,5,0
2023-02-11,League Two,3916758,Swindon Town,Doncaster Rovers,0.5627836611195158,0.22390317700453857,0.21331316187594554,0,2,2,67,8,1,0,0,83,5,5,4,3,1,1,7,630,361,161,38,16,26,3,76,8,1,8,3,58,57,53,52,2,0,33,10,5,1,1,65,13,5,3,2,0,6,4,307,87,114,36,33,27,2,60,9,3,20,1,46,43,47,50,3,0
2023-02-11,League Two,3916759,Tranmere Rovers,Salford City,0.37936507936507935,0.25396825396825395,0.36666666666666664,1,0,0,44,12,6,1,0,66,9,7,5,1,0,8,4,325,71,142,34,15,24,2,71,6,4,19,0,48,59,39,50,2,0,56,11,2,2,2,74,9,5,6,3,1,6,5,426,169,145,43,25,44,2,78,10,1,18,5,46,41,61,30,2,0
2023-02-11,League Two,3916760,Walsall,Leyton Orient,0.26280193236714977,0.2589371980676328,0.4782608695652174,1,1,1,28,9,3,4,3,56,8,4,4,2,0,8,1,212,40,78,41,30,26,2,74,11,4,26,4,47,44,48,50,4,0,72,16,5,1,1,81,4,4,6,5,0,6,10,568,209,253,37,22,31,1,71,3,3,20,1,57,56,53,33,1,0
2023-02-14,League Two,3916761,Bradford City,Tranmere Rovers,0.45122832369942195,0.4096820809248555,0.13908959537572255,2,0,0,62,10,4,1,1,77,10,6,3,3,0,7,3,505,251,140,51,29,38,5,53,4,5,17,0,62,49,58,50,2,0,38,11,0,0,0,65,9,0,6,5,0,2,9,310,89,111,34,20,23,0,58,11,3,20,2,57,51,42,60,1,0
2023-02-14,League Two,3916762,Carlisle United,Mansfield Town,0.4494301994301994,0.40028490028490027,0.1502849002849003,0,4,2,62,11,3,1,1,66,8,5,5,3,0,8,3,429,153,128,47,20,36,4,70,8,6,9,2,58,54,60,43,3,0,38,16,6,2,0,55,13,4,4,6,1,13,3,277,58,93,28,67,23,0,71,16,3,20,3,44,46,40,30,1,0
2023-02-14,League Two,3916745,Colchester United,Walsall,0.37132542547705005,0.45435791645177925,0.1743166580711707,0,0,1,44,6,2,0,0,56,10,0,3,1,0,3,3,241,59,75,35,22,29,2,80,9,3,37,1,55,52,50,43,3,0,56,7,1,0,0,63,12,7,3,3,0,4,3,298,88,99,38,13,22,2,100,10,1,15,2,53,48,50,44,1,0
2023-02-14,League Two,3916744,Crewe Alexandra,Hartlepool United,0.3993435448577681,0.4436542669584245,0.15700218818380743,2,0,0,60,13,2,3,2,80,7,4,5,6,0,8,5,466,188,184,50,7,22,4,67,9,3,16,2,57,56,43,55,0,0,40,10,2,0,0,63,12,3,5,3,0,4,6,317,84,116,43,38,25,2,72,4,5,19,0,57,44,57,36,2,1
2023-02-14,League Two,3916727,Doncaster Rovers,Barrow,0.4555504375863657,0.42791340396130817,0.11653615845232612,1,0,0,49,7,4,0,0,66,8,1,2,1,0,3,4,417,142,134,30,36,29,3,46,8,5,21,2,62,49,50,31,1,0,51,9,2,0,0,66,14,3,2,5,0,5,4,429,168,115,41,13,27,3,72,7,1,10,3,63,51,50,50,2,0
2023-02-14,League Two,3916733,Gillingham,Grimsby Town,0.3863080684596577,0.41662591687041567,0.19706601466992665,2,1,0,51,9,4,2,1,53,9,5,4,1,0,8,1,334,64,112,31,24,37,1,11,5,2,14,1,65,49,47,43,1,0,49,6,2,1,0,58,19,3,2,2,0,3,3,323,68,119,29,9,32,1,55,2,1,34,2,70,51,53,67,3,0
2023-02-14,League Two,3916732,Leyton Orient,Rochdale,0.5707700650759219,0.34273318872017355,0.08649674620390456,2,1,0,66,22,8,1,1,80,10,6,11,3,1,14,8,512,194,216,44,25,27,0,75,6,1,22,3,46,46,51,56,1,0,34,7,4,0,0,57,12,3,2,1,0,4,3,269,88,64,36,40,29,1,71,10,3,31,6,50,54,49,55,4,0
2023-02-14,League Two,3916808,Newport County,Stevenage,0.2844411437059042,0.39509840326773116,0.32046045302636467,2,2,1,54,14,4,2,0,55,12,3,6,4,0,9,5,313,56,115,40,33,38,1,55,9,2,18,3,67,44,48,30,1,0,46,13,5,2,0,45,13,2,6,2,0,9,4,271,43,80,22,35,24,0,57,12,4,26,2,78,56,52,50,3,0
2023-02-14,League Two,3916731,Northampton Town,AFC Wimbledon,0.48181462651544776,0.4008603832616347,0.11732499022291748,0,0,1,60,16,5,1,1,65,14,6,4,7,0,11,5,359,130,102,27,26,37,1,86,9,4,18,2,62,55,53,50,1,0,40,8,2,0,0,51,16,4,2,4,0,6,2,243,49,75,32,0,26,0,77,5,5,38,5,52,45,47,40,4,0
2023-02-14,League Two,3916730,Salford City,Harrogate Town,0.5267639902676399,0.38077858880778587,0.09245742092457421,1,1,1,64,18,6,2,1,72,4,10,9,3,2,13,5,453,145,182,56,17,34,2,67,4,3,7,2,63,58,55,63,0,0,36,11,3,1,0,61,10,2,5,3,0,7,4,263,67,93,27,33,26,1,83,9,4,59,4,48,42,45,50,2,0
2023-02-14,League Two,3916729,Stockport County,Crawley Town,0.5135708227311281,0.3753180661577608,0.1111111111111111,2,1,0,48,7,3,2,1,60,10,8,4,0,0,6,1,276,79,86,53,11,37,4,64,15,4,18,1,49,49,53,33,2,0,52,9,2,2,2,65,12,5,3,4,1,3,6,310,92,108,27,13,42,0,38,9,0,28,1,48,51,47,71,1,0
2023-02-14,League Two,3916728,Sutton United,Swindon Town,0.38510848126232744,0.42110453648915186,0.1937869822485207,2,1,0,45,22,3,0,0,61,19,8,8,11,1,12,10,291,64,114,45,40,22,4,64,10,2,15,4,50,44,46,50,2,0,55,11,5,0,0,68,9,5,4,2,0,9,2,368,129,122,21,39,27,1,27,4,11,31,1,61,56,54,44,3,0
2023-02-18,League Two,3916741,Northampton Town,Grimsby Town,0.5458898643256185,0.27294493216280924,0.18116520351157223,1,2,2,53,12,5,1,0,54,8,6,1,6,0,8,4,322,77,98,26,24,40,1,60,7,0,21,3,61,53,48,60,1,0,47,10,5,1,0,47,15,4,5,0,0,7,3,290,61,75,21,27,39,3,63,5,6,22,4,59,47,52,55,4,0
2023-02-18,League Two,3916726,AFC Wimbledon,Hartlepool United,0.5297532656023222,0.2656023222060958,0.204644412191582,2,2,1,50,20,6,3,1,70,11,3,9,5,0,8,12,391,99,176,46,36,26,4,79,11,0,15,2,56,59,56,91,3,0,50,10,4,1,0,72,15,2,6,0,0,4,6,385,159,120,46,36,16,3,60,11,4,16,4,41,41,44,50,1,0
2023-02-18,League Two,3916734,Bradford City,Barrow,0.6339092872570194,0.26457883369330454,0.10151187904967603,0,1,2,77,10,0,0,0,85,11,8,2,8,0,6,4,689,304,282,36,16,28,2,63,10,0,14,1,39,47,45,31,2,0,23,7,2,1,1,49,9,1,4,1,0,3,4,204,45,55,18,30,12,2,50,9,8,31,0,46,53,55,50,4,0
2023-02-18,League Two,3916735,Carlisle United,Colchester United,0.5742268041237113,0.27422680412371137,0.1515463917525773,1,0,0,43,12,3,4,3,56,7,1,6,3,0,7,5,326,51,130,25,38,20,1,80,6,3,20,0,70,48,63,36,0,0,57,8,0,1,1,65,7,5,5,3,0,5,3,425,165,113,39,13,37,0,56,7,3,10,2,57,52,37,58,0,0
2023-02-18,League Two,3916743,Harrogate Town,Crewe Alexandra,0.4093686354378819,0.3034623217922607,0.28716904276985744,2,2,1,43,16,6,0,0,55,9,11,4,6,0,14,2,311,52,118,34,25,23,1,64,18,5,17,1,73,45,57,33,0,0,57,12,3,2,1,67,8,5,4,5,1,8,4,420,153,130,44,16,39,1,60,12,7,25,3,71,55,43,48,2,0
2023-02-18,League Two,3916742,Leyton Orient,Crawley Town,0.6285370258880193,0.2642986152919928,0.10716435881998795,1,0,0,55,17,1,2,1,68,9,8,10,6,1,7,10,380,99,160,28,5,34,3,56,15,2,14,1,48,46,49,58,2,0,45,3,1,0,0,57,8,4,0,2,0,3,0,307,110,64,30,27,31,0,47,9,6,34,0,55,54,51,59,1,0
2023-02-18,League Two,3916740,Rochdale,Gillingham,0.315541601255887,0.2731554160125589,0.41130298273155413,0,2,2,64,15,5,1,1,71,8,5,4,6,0,7,8,455,157,168,47,9,34,2,50,12,1,20,3,54,45,59,56,2,0,36,15,5,4,2,56,12,1,9,1,1,9,6,268,71,78,30,33,34,2,46,17,5,30,5,53,55,41,50,0,0
2023-02-18,League Two,3916739,Salford City,Swindon Town,0.4899497487437186,0.30025125628140703,0.20979899497487436,1,2,2,52,12,3,2,2,76,11,6,6,3,1,9,3,429,194,130,45,41,27,5,68,6,0,8,0,69,54,66,67,2,0,48,3,1,0,0,74,15,1,2,0,0,1,2,406,164,138,33,17,33,3,75,9,3,17,2,50,46,34,64,2,0
2023-02-18,League Two,3916738,Stockport County,Stevenage,0.4,0.27813953488372095,0.3218604651162791,2,0,0,58,8,3,3,1,73,10,1,5,0,0,5,3,406,159,139,36,10,19,0,100,10,2,28,4,59,45,67,33,0,0,42,10,4,0,0,61,13,1,4,2,0,5,5,296,65,116,32,0,35,2,59,11,0,12,1,49,55,33,86,3,0
2023-02-18,League Two,3916737,Sutton United,Doncaster Rovers,0.4097560975609756,0.3024390243902439,0.28780487804878047,2,0,0,35,14,7,2,0,58,10,4,4,3,0,10,4,233,38,98,38,28,35,0,88,11,6,30,1,58,49,54,54,1,0,65,12,2,2,2,70,7,7,4,6,0,9,3,438,149,157,32,6,37,1,70,6,3,22,5,56,51,46,47,1,0
2023-02-18,League Two,3916736,Tranmere Rovers,Mansfield Town,0.32878411910669975,0.27667493796526055,0.3945409429280397,0,2,2,56,11,0,0,0,70,9,4,7,4,0,5,6,435,168,138,35,33,38,3,64,8,0,19,5,46,41,43,100,0,0,44,12,7,3,2,61,8,5,5,0,0,10,2,342,93,116,26,8,32,2,71,8,4,24,0,63,59,57,73,1,0
2023-02-18,League Two,3916809,Walsall,Newport County,0.4591381872213967,0.31946508172362553,0.2213967310549777,1,1,1,53,10,5,1,1,62,14,4,0,5,0,4,6,300,75,110,35,20,38,0,57,4,3,14,1,54,49,42,41,2,0,47,9,2,0,0,51,14,2,4,3,0,3,6,272,58,81,23,18,20,0,80,6,4,24,4,64,51,58,29,4,0
2023-02-21,League Two,3916693,Grimsby Town,Harrogate Town,0.4487928348909657,0.40031152647975077,0.15089563862928349,0,0,1,61,15,8,1,1,68,9,7,5,2,0,9,6,431,126,165,48,24,45,1,50,2,1,15,1,78,47,63,76,0,0,39,4,1,0,0,56,7,1,2,1,0,1,3,295,65,99,27,0,25,3,77,9,3,44,7,60,53,37,64,0,0
2023-02-21,League Two,3916773,Hartlepool United,Newport County,0.29798816568047337,0.44497041420118344,0.2570414201183432,0,1,2,54,7,0,0,0,58,12,7,4,3,0,3,4,340,84,112,28,25,30,0,61,9,5,32,4,75,52,66,60,2,0,46,13,5,1,1,53,10,9,3,5,0,10,3,280,49,99,30,22,22,2,71,16,3,18,0,53,48,34,55,2,0
2023-02-21,League Two,3916626,Rochdale,Stockport County,0.22899906454630495,0.34761459307764264,0.4233863423760524,1,2,2,39,11,2,0,0,64,12,5,2,7,1,6,5,282,101,79,23,27,32,0,56,8,4,19,2,48,51,34,62,1,0,61,12,4,2,1,73,13,3,4,4,1,7,5,438,153,167,36,31,26,1,72,5,7,17,1,57,49,66,41,1,0
2023-02-21,League Two,3916629,Walsall,Crewe Alexandra,0.4066168623265742,0.4407684098185699,0.1526147278548559,0,0,1,46,16,6,1,1,63,13,4,5,5,0,6,10,287,67,115,47,23,31,3,50,10,2,18,2,63,51,67,77,2,0,54,5,1,0,0,71,14,3,2,2,0,2,3,350,127,123,23,16,19,2,73,9,4,27,7,48,49,33,73,3,0
2023-02-25,League Two,3916791,Barrow,Stockport County,0.24058919803600654,0.26595744680851063,0.49345335515548283,1,0,0,39,9,2,0,0,47,9,3,3,4,0,6,3,270,68,59,24,50,26,2,88,4,1,22,1,57,60,49,70,1,0,61,7,1,0,0,66,10,3,4,2,2,1,6,421,150,126,33,6,32,1,75,8,4,11,1,47,40,51,40,1,0
2023-02-25,League Two,3916763,Colchester United,Northampton Town,0.30359355638166047,0.322180916976456,0.3742255266418835,0,1,2,50,11,4,2,2,63,6,9,5,2,0,8,3,373,104,131,39,14,25,2,57,13,5,15,3,64,58,39,63,3,0,50,13,5,3,2,63,14,5,4,4,0,11,2,405,152,103,29,25,28,0,50,14,2,34,4,63,42,61,58,5,0
2023-02-25,League Two,3916777,Crawley Town,Carlisle United,0.2302158273381295,0.26104830421377184,0.5087358684480987,2,5,2,66,14,3,2,0,67,8,3,6,5,0,10,4,429,121,166,41,35,29,0,91,7,3,22,4,44,56,53,60,1,0,34,20,9,4,2,52,11,9,8,3,0,16,4,215,34,78,35,41,30,3,75,12,5,28,1,36,44,47,60,1,0
2023-02-25,League Two,3916778,Crewe Alexandra,Rochdale,0.5639097744360902,0.281203007518797,0.1548872180451128,1,1,1,53,17,5,3,2,68,8,3,9,3,0,9,8,390,121,145,32,26,20,0,100,10,3,31,4,62,60,43,77,1,1,47,13,5,3,2,65,10,7,5,3,1,4,9,348,94,133,39,20,25,3,78,13,3,25,4,56,40,57,56,1,0
2023-02-25,League Two,3916779,Doncaster Rovers,Bradford City,0.40100250626566414,0.24937343358395989,0.34962406015037595,0,1,2,47,6,2,0,0,67,14,3,2,2,0,3,3,358,147,93,36,11,32,0,94,7,2,24,4,50,44,43,55,2,0,53,13,6,1,0,68,7,1,6,1,0,11,2,394,137,129,44,38,32,0,74,8,2,11,2,65,56,57,62,4,0
2023-02-25,League Two,3916780,Gillingham,AFC Wimbledon,0.5144827586206897,0.2579310344827586,0.22758620689655173,2,1,0,50,12,6,2,1,55,16,6,3,3,2,7,5,291,56,105,36,20,20,1,67,9,6,33,2,64,54,52,48,1,0,50,15,3,0,0,57,18,6,5,7,0,7,8,287,67,97,34,15,30,1,47,4,3,30,4,56,46,48,30,5,0
2023-02-25,League Two,3916792,Grimsby Town,Leyton Orient,0.211070110701107,0.24428044280442804,0.5446494464944649,2,2,1,49,11,6,3,1,55,6,1,2,3,0,4,7,325,86,93,34,7,48,2,42,8,1,13,1,50,51,51,50,1,0,51,5,3,0,0,55,7,1,1,1,0,3,2,343,99,91,16,14,32,0,73,8,3,19,4,48,49,49,63,3,0
2023-02-25,League Two,3916781,Hartlepool United,Walsall,0.34442595673876875,0.30449251247920134,0.35108153078202997,3,3,1,61,9,5,3,0,64,6,5,3,1,0,6,3,343,95,125,42,6,31,1,42,8,3,27,3,63,51,64,40,1,0,39,11,6,1,0,47,15,5,2,3,1,8,3,222,46,59,22,8,29,6,62,4,1,25,2,47,49,36,80,2,0
2023-02-25,League Two,3916782,Mansfield Town,Salford City,0.5768056968463886,0.2634791454730417,0.15971515768056968,2,5,2,49,19,6,2,0,82,12,6,8,5,0,12,7,450,181,189,48,26,12,0,56,8,0,21,3,38,39,42,78,4,0,51,13,8,4,2,81,4,6,5,0,1,11,2,495,270,132,56,13,19,5,83,9,5,35,4,56,61,58,80,1,0
2023-02-25,League Two,3916810,Newport County,Sutton United,0.47611202635914335,0.3031301482701812,0.22075782537067545,0,2,2,60,17,5,2,2,58,8,6,8,4,1,16,1,331,48,143,27,22,39,1,75,8,3,22,2,68,51,51,43,0,0,40,12,4,1,0,54,15,2,5,3,0,9,3,233,46,79,29,43,25,0,57,8,4,80,5,66,49,49,50,1,0
2023-02-25,League Two,3916783,Stevenage,Tranmere Rovers,0.5911764705882353,0.2897058823529412,0.11911764705882352,0,1,2,53,13,5,1,1,62,13,5,5,3,0,10,3,357,68,154,50,24,35,5,79,8,0,9,3,83,50,63,33,2,0,47,7,4,1,0,57,18,3,3,0,0,4,3,323,70,115,20,18,20,3,64,5,3,30,5,63,50,37,69,4,0
2023-02-25,League Two,3916784,Swindon Town,Harrogate Town,0.5909694555112882,0.2815405046480744,0.12749003984063745,3,0,0,61,13,7,2,1,78,5,4,4,2,0,10,3,587,300,158,46,21,21,0,69,11,0,6,3,51,55,38,63,1,0,39,4,3,1,1,69,13,1,1,0,0,3,1,369,139,114,46,10,27,2,44,14,2,18,4,53,45,62,67,3,0
2023-02-28,League Two,3916645,AFC Wimbledon,Stevenage,0.28774254614292477,0.38665404637955514,0.3256034074775201,2,3,2,59,16,7,4,2,67,13,3,7,2,1,11,5,446,119,179,30,21,23,2,67,13,5,23,3,52,40,46,58,3,0,41,14,5,2,1,52,12,3,4,5,0,11,3,311,62,99,22,38,18,4,72,21,2,16,5,69,60,54,71,4,0
2023-02-28,League Two,3916700,Barrow,Salford City,0.31836827711941657,0.4010938924339107,0.28053783044667274,1,1,1,34,13,5,2,2,71,11,4,5,3,0,8,5,308,121,97,41,20,19,0,67,7,2,23,4,43,43,46,31,1,0,66,13,5,1,0,86,8,4,6,2,0,11,2,598,342,175,47,16,14,1,46,7,3,14,5,54,57,54,63,3,0
2023-02-28,League Two,3916616,Gillingham,Bradford City,0.3575345470497916,0.37245009870585655,0.27001535424435186,0,2,2,48,8,2,0,0,57,11,3,4,2,0,4,4,332,75,115,31,35,40,1,67,8,2,15,5,69,62,43,56,2,0,52,13,7,2,0,68,16,4,4,2,0,8,5,371,105,149,41,25,31,4,80,8,2,22,2,58,38,57,50,1,0
2023-02-28,League Two,3916647,Harrogate Town,Northampton Town,0.24158653846153846,0.37091346153846155,0.3875,1,1,1,47,5,2,0,0,57,16,5,3,0,0,3,2,343,78,118,34,27,34,5,77,12,3,24,0,67,50,54,44,1,0,53,10,1,0,0,61,12,2,6,3,0,3,7,381,105,126,24,33,31,1,38,10,0,16,1,61,50,46,55,1,0
2023-02-28,League Two,3916628,Tranmere Rovers,Crawley Town,0.48335280373831774,0.37207943925233644,0.1445677570093458,1,0,0,49,9,4,0,0,65,16,7,5,0,0,3,6,328,109,103,40,46,27,2,60,10,1,29,4,54,49,48,43,1,0,51,13,4,3,3,60,14,8,8,1,0,7,6,336,68,133,35,15,34,1,88,8,0,14,3,57,51,52,57,0,0
2023-03-04,League Two,3916785,AFC Wimbledon,Mansfield Town,0.3379978471474704,0.3067814854682454,0.35522066738428415,1,3,2,51,12,2,1,1,64,13,2,5,5,0,8,4,374,127,112,32,6,28,1,64,10,2,37,0,61,61,35,69,1,0,49,11,4,0,0,63,11,4,6,1,0,8,3,364,96,132,27,24,28,1,69,14,5,23,1,60,39,65,25,4,0
2023-03-04,League Two,3916787,Bradford City,Colchester United,0.6318267419962336,0.2504708097928437,0.11770244821092278,2,0,0,57,16,3,1,0,75,12,5,7,6,1,12,4,436,171,154,40,41,32,2,57,10,3,17,4,64,51,58,73,3,0,43,9,4,0,0,65,12,5,2,3,0,6,3,342,105,119,30,27,25,0,75,16,6,26,1,56,49,43,64,1,0
2023-03-04,League Two,3916786,Carlisle United,Grimsby Town,0.512280701754386,0.24771929824561403,0.24,2,0,0,44,15,5,0,0,60,9,2,6,4,0,9,6,324,60,136,34,31,38,1,77,15,1,9,1,70,56,59,67,1,0,56,4,1,0,0,64,17,1,2,1,1,2,2,419,137,130,33,11,27,1,62,7,4,18,3,52,44,41,58,2,0
2023-03-04,League Two,3916776,Harrogate Town,Gillingham,0.3198707592891761,0.3360258481421648,0.3441033925686591,0,0,1,51,15,9,2,2,62,16,4,3,3,0,9,6,387,86,153,37,21,28,1,25,14,4,35,2,79,46,60,56,0,0,49,11,2,0,0,59,11,6,5,4,0,7,4,367,56,159,33,33,24,2,54,15,3,19,8,69,54,40,60,2,0
2023-03-04,League Two,3916775,Leyton Orient,Swindon Town,0.6059143029571514,0.26433313216656606,0.12975256487628245,1,1,1,56,12,2,2,1,72,11,12,8,2,0,9,3,375,103,168,43,14,35,4,67,9,0,10,3,62,48,66,40,1,0,44,8,4,2,1,64,8,2,4,0,0,7,1,303,147,46,37,44,25,3,76,8,2,42,1,49,52,34,38,1,0
2023-03-04,League Two,3916764,Northampton Town,Crawley Town,0.6057945566286216,0.2721685689201054,0.12203687445127305,1,0,0,52,14,5,2,2,59,9,7,3,6,0,10,4,342,120,82,31,28,28,2,69,10,4,13,1,66,56,69,41,3,1,48,10,1,0,0,58,15,5,4,5,0,10,0,323,83,103,30,13,36,1,67,5,6,25,4,41,44,31,38,5,0
2023-03-04,League Two,3916765,Rochdale,Stevenage,0.20733944954128442,0.26880733944954127,0.5238532110091743,2,0,0,44,9,2,1,0,62,17,0,3,4,0,5,4,291,92,88,36,10,33,0,57,7,11,40,5,61,42,49,67,0,0,56,28,5,4,4,66,11,10,12,11,1,22,6,355,82,152,45,34,30,1,53,10,4,8,0,73,58,51,67,2,0
2023-03-04,League Two,3916811,Salford City,Newport County,0.5694915254237288,0.27796610169491526,0.15254237288135594,3,1,0,67,22,8,4,3,79,7,6,7,7,1,16,6,520,229,181,57,41,38,0,77,9,4,14,2,60,43,63,38,0,0,33,12,3,1,1,58,16,1,4,5,0,8,4,259,53,96,33,0,23,0,59,12,7,25,5,61,57,38,67,1,0
2023-03-04,League Two,3916766,Stockport County,Doncaster Rovers,0.5775950668036999,0.23535457348406988,0.18705035971223022,0,0,1,62,12,5,2,2,75,13,8,5,2,0,10,2,506,218,159,39,26,29,1,68,5,2,8,2,63,60,58,63,2,0,38,6,2,0,0,64,13,0,2,2,0,3,3,321,107,100,29,29,24,0,63,10,2,31,5,44,40,42,40,2,0
2023-03-04,League Two,3916767,Sutton United,Crewe Alexandra,0.555878084179971,0.27866473149492016,0.16545718432510886,1,1,1,61,22,5,3,3,62,14,11,7,10,0,18,4,331,72,132,33,34,36,2,64,5,3,19,3,84,56,59,57,1,0,39,8,4,2,1,39,17,1,1,3,0,6,2,226,38,50,14,33,16,1,73,6,10,42,4,61,44,41,57,2,1
2023-03-04,League Two,3916768,Tranmere Rovers,Hartlepool United,0.5802781289506953,0.2553729456384324,0.16434892541087232,1,1,1,53,15,5,5,4,68,12,7,7,3,0,14,1,413,116,165,41,31,41,2,60,12,0,17,4,74,49,46,43,0,0,47,12,5,3,2,60,16,6,7,0,0,7,5,384,94,137,32,38,26,1,71,8,3,19,4,80,51,54,64,1,0
2023-03-04,League Two,3916769,Walsall,Barrow,0.45038167938931295,0.36335877862595417,0.18625954198473282,0,1,2,68,11,5,1,1,74,13,2,4,2,0,7,4,480,182,175,47,7,28,2,77,9,2,7,2,51,40,44,47,2,0,32,10,5,2,1,52,11,1,5,0,1,6,4,222,53,63,27,20,30,1,63,4,2,39,5,71,60,56,60,2,0
2023-03-07,League Two,3916650,Doncaster Rovers,Harrogate Town,0.45661680092059836,0.42002301495972383,0.1233601841196778,0,2,2,52,14,1,0,0,72,7,4,5,8,0,6,8,484,182,166,38,27,34,0,59,2,5,16,6,62,53,53,65,1,0,48,15,8,1,0,74,8,5,2,5,0,11,4,444,198,130,40,17,24,0,79,10,8,20,1,55,47,47,58,0,0
2023-03-07,League Two,3916795,Grimsby Town,Newport County,0.4304973037747154,0.4281006590772918,0.14140203714799282,1,1,1,51,11,2,0,0,47,11,5,4,5,0,7,4,299,48,92,24,16,27,1,90,8,4,40,4,62,47,51,55,1,0,49,11,5,1,0,48,8,4,2,4,0,7,4,275,37,95,29,19,40,4,75,7,5,34,1,63,53,49,77,0,0
2023-03-07,League Two,3916627,Stockport County,Gillingham,0.4746641527221306,0.3697855291067641,0.15555031817110535,0,0,1,74,17,3,1,1,79,7,7,9,5,2,13,4,604,190,287,54,35,30,3,57,6,1,7,0,63,57,57,40,0,0,26,2,0,0,0,45,13,0,1,1,0,1,1,220,49,50,22,17,15,2,69,8,5,35,3,48,43,43,20,2,0
2023-03-07,League Two,3916697,Sutton United,Crawley Town,0.5197353410905773,0.35592060232717315,0.1243440565822496,3,0,0,49,10,5,1,0,62,10,9,4,1,0,8,2,281,57,117,32,21,29,1,78,12,4,14,3,64,56,59,53,0,0,51,12,3,0,0,65,16,5,5,4,0,7,5,299,87,107,33,20,23,3,54,8,1,30,2,48,44,41,67,3,1
2023-03-07,League Two,3916708,Walsall,Bradford City,0.2766359555870541,0.40396881644223953,0.31939522797070635,0,0,1,46,12,5,0,0,63,9,5,3,4,0,4,8,321,90,111,43,14,39,1,58,14,3,15,0,51,47,34,45,1,0,54,10,0,0,0,68,9,1,7,3,1,6,4,381,120,139,55,31,20,1,59,8,4,29,5,72,53,66,67,3,0
2023-03-10,League Two,3916814,Crewe Alexandra,Salford City,0.26053215077605324,0.348669623059867,0.39079822616407983,4,3,0,42,12,7,2,1,76,11,2,3,2,0,8,4,386,194,99,32,57,10,0,56,13,3,31,3,52,41,60,63,3,0,58,16,6,2,1,83,7,4,6,4,1,9,7,520,250,181,50,19,23,2,67,4,2,9,3,61,59,40,73,0,0
2023-03-11,League Two,3916812,Barrow,Sutton United,0.3594847775175644,0.3793911007025761,0.2611241217798595,0,0,1,52,9,1,0,0,57,10,4,5,3,0,5,4,339,80,114,23,37,28,3,67,10,4,31,0,70,54,47,63,1,0,48,9,0,0,0,54,10,4,5,4,0,4,5,312,64,104,26,24,31,1,47,9,3,29,1,68,46,53,35,0,0
2023-03-11,League Two,3916813,Colchester United,Stockport County,0.2921478060046189,0.25635103926096997,0.4515011547344111,0,1,2,55,9,0,0,0,70,9,7,4,5,0,5,4,413,170,119,41,50,31,3,100,12,3,13,4,48,51,41,62,2,0,45,13,5,3,2,64,14,7,5,3,1,10,3,338,100,116,25,12,19,1,67,11,5,15,0,54,49,59,47,2,0
2023-03-11,League Two,3916817,Crawley Town,Harrogate Town,0.36650082918739635,0.30514096185737977,0.3283582089552239,3,1,0,51,18,6,2,1,60,9,6,3,9,0,10,8,376,87,137,34,14,31,2,56,9,2,18,2,73,47,51,31,4,0,49,11,3,2,1,58,15,2,6,2,0,7,4,373,94,124,24,22,34,6,67,6,8,32,3,75,53,49,36,2,1
2023-03-11,League Two,3916815,Doncaster Rovers,AFC Wimbledon,0.48114630467571645,0.3212669683257919,0.1975867269984917,2,1,0,54,10,3,1,0,69,9,9,3,4,0,5,5,460,177,142,20,31,30,1,75,10,3,17,5,56,50,68,33,2,0,46,13,6,1,1,69,10,2,3,4,0,8,5,394,142,128,33,22,30,2,63,19,4,15,1,42,50,33,17,0,0
2023-03-11,League Two,3916816,Gillingham,Tranmere Rovers,0.43966712898751736,0.29958391123439665,0.260748959778086,2,0,0,54,15,7,4,2,60,9,8,6,2,0,10,5,382,97,133,34,35,28,8,62,19,1,22,2,91,54,56,38,0,0,46,7,2,0,0,52,13,3,4,1,0,5,2,329,81,91,18,33,30,0,63,11,2,28,5,74,46,44,43,1,0
2023-03-11,League Two,3916807,Grimsby Town,Rochdale,0.608843537414966,0.23922902494331066,0.15192743764172337,1,0,0,50,10,3,1,0,64,14,5,6,1,0,7,3,319,62,142,44,22,26,0,47,7,2,18,1,51,47,45,54,4,0,50,9,3,4,4,67,13,3,6,0,0,6,3,333,114,108,47,33,19,3,38,8,2,25,1,60,53,55,75,1,0
2023-03-11,League Two,3916806,Hartlepool United,Northampton Town,0.26555555555555554,0.2577777777777778,0.4766666666666667,1,1,1,49,8,4,1,1,60,10,6,4,0,0,5,3,348,91,117,26,27,35,2,69,12,2,32,5,51,51,54,73,1,0,51,13,6,1,0,60,9,4,5,2,0,11,2,351,95,116,35,30,37,1,67,10,0,15,3,47,49,46,36,0,0
2023-03-11,League Two,3916918,Newport County,Bradford City,0.27191011235955054,0.2651685393258427,0.46292134831460674,1,1,1,44,12,2,0,0,58,13,7,6,4,0,8,4,317,71,114,25,14,27,0,69,18,3,15,2,61,46,52,59,1,0,56,6,3,1,0,68,13,2,0,3,0,5,1,427,132,158,38,22,23,1,60,9,4,21,2,66,54,48,62,4,0
2023-03-11,League Two,3916800,Stevenage,Walsall,0.5477759472817133,0.3031301482701812,0.14909390444810544,3,1,0,54,16,7,4,2,64,13,6,6,3,0,12,4,278,55,122,51,25,23,3,45,9,4,29,2,72,51,71,67,3,0,46,12,3,2,1,57,19,4,5,4,0,10,2,239,66,70,46,14,35,0,67,5,3,33,4,49,49,29,67,2,0
2023-03-11,League Two,3916799,Swindon Town,Carlisle United,0.31636363636363635,0.2718181818181818,0.4118181818181818,1,2,2,64,10,2,2,2,75,10,3,4,4,1,5,5,484,237,127,30,15,25,2,45,12,3,26,1,72,60,45,65,4,0,36,7,3,1,0,52,12,6,1,3,0,5,2,264,50,87,31,18,33,1,63,13,4,27,1,62,40,55,41,3,0
2023-03-14,League Two,3916796,Newport County,AFC Wimbledon,0.4034969737726967,0.44026003138309794,0.15624299484420534,1,1,1,57,11,4,1,1,57,13,7,2,5,0,8,3,348,90,109,39,25,36,2,50,10,0,4,0,75,51,51,50,3,0,43,3,1,1,0,47,11,2,2,0,0,3,0,263,37,87,24,40,28,0,67,8,5,37,3,72,49,49,69,3,0
2023-03-14,League Two,3916695,Northampton Town,Mansfield Town,0.4036622583926755,0.4004069175991862,0.19593082400813835,1,0,0,50,14,4,1,0,66,9,6,6,4,0,11,3,392,141,117,22,46,20,1,75,6,1,22,2,54,46,42,42,1,0,50,9,2,2,2,60,12,1,6,1,0,6,3,386,129,103,26,22,33,1,63,14,4,15,3,68,54,58,57,3,1
2023-03-14,League Two,3916718,Stevenage,Crewe Alexandra,0.48303309593632177,0.39359028068705487,0.12337662337662338,1,0,0,54,17,6,1,1,68,12,16,6,5,0,11,6,343,60,174,51,16,27,3,75,7,1,11,0,61,48,47,67,2,0,46,2,0,0,0,64,10,2,1,1,0,2,0,308,121,76,39,15,30,0,44,5,5,49,5,67,52,53,62,0,0
2023-03-14,League Two,3916822,Sutton United,Grimsby Town,0.4394352241763686,0.4020312112955165,0.15853356452811493,0,1,2,53,8,3,1,1,61,13,5,4,1,0,5,3,320,83,111,32,19,47,2,73,10,1,13,0,61,50,37,75,4,0,47,7,1,2,1,48,12,3,5,1,0,3,4,289,46,94,29,29,19,2,61,10,1,39,3,80,50,63,60,2,0
2023-03-14,League Two,3916707,Walsall,Swindon Town,0.3753795842092969,0.4284045783695398,0.19621583742116327,0,0,1,43,9,2,1,1,68,14,5,5,2,0,6,3,340,104,128,25,38,26,6,71,5,4,23,3,67,48,56,60,2,0,57,12,3,1,1,76,7,5,5,4,0,8,4,445,182,154,38,17,35,0,56,8,1,15,2,66,52,44,60,0,0
2023-03-18,League Two,3916802,Bradford City,Hartlepool United,0.579254930606282,0.27611395178962744,0.1446311176040906,2,2,1,52,18,7,5,4,73,9,2,11,0,0,17,1,437,134,186,44,45,31,4,67,9,3,13,2,55,51,45,56,1,0,48,10,4,0,0,71,11,7,3,3,0,7,3,400,135,150,44,18,24,4,84,13,0,21,5,57,49,55,46,2,0
2023-03-18,League Two,3916801,AFC Wimbledon,Crawley Town,0.5645569620253165,0.2708860759493671,0.16455696202531644,0,1,2,54,7,0,1,1,64,16,1,5,2,0,3,4,413,134,130,34,24,39,5,70,12,2,14,0,73,56,45,38,3,0,46,7,1,1,0,57,12,5,4,2,0,6,1,350,84,115,33,25,29,1,46,10,2,19,0,69,44,55,43,4,0
2023-03-18,League Two,3916803,Carlisle United,Stevenage,0.4903129657228018,0.29508196721311475,0.21460506706408347,0,0,1,53,9,1,0,0,53,11,4,3,5,0,3,6,309,63,100,26,17,32,2,31,11,1,18,0,58,46,44,56,2,0,47,9,0,0,0,46,12,3,8,1,0,6,3,283,50,81,27,9,21,1,57,5,5,14,1,71,54,56,45,3,0
2023-03-18,League Two,3916804,Harrogate Town,Barrow,0.35663082437275984,0.3064516129032258,0.33691756272401435,1,0,0,56,15,5,0,0,61,14,5,5,5,1,7,8,379,107,126,31,6,26,1,67,12,5,31,3,74,51,49,56,1,0,44,14,3,2,2,53,13,5,6,5,0,7,7,293,61,95,35,5,35,1,68,18,5,21,4,73,49,51,43,1,0
2023-03-18,League Two,3916805,Leyton Orient,Colchester United,0.6472684085510689,0.25415676959619954,0.09857482185273159,2,2,1,56,12,4,2,0,71,11,1,7,1,0,9,3,376,132,135,36,43,34,0,69,10,4,13,3,51,48,47,42,3,0,44,11,5,0,0,59,10,3,2,4,0,7,4,284,71,97,43,33,39,5,85,6,2,8,1,56,52,53,48,2,0
2023-03-18,League Two,3916826,Northampton Town,Crewe Alexandra,0.611965811965812,0.27350427350427353,0.11452991452991453,1,0,0,49,15,8,1,0,72,10,8,5,2,1,12,3,414,162,138,34,24,24,1,71,12,5,13,1,46,42,53,29,1,0,51,7,1,0,0,76,7,0,1,5,0,5,2,446,212,125,40,36,31,3,58,9,2,23,7,52,58,47,67,0,0
2023-03-18,League Two,3916825,Rochdale,Swindon Town,0.2932761087267525,0.2474964234620887,0.4592274678111588,4,4,1,48,18,8,4,3,71,11,6,8,2,1,10,8,404,152,136,53,30,27,4,58,5,3,19,4,66,51,61,50,2,0,52,17,8,4,2,75,7,5,6,3,0,12,5,432,197,125,42,9,24,0,50,9,2,20,4,55,49,39,53,1,0
2023-03-18,League Two,3916824,Salford City,Doncaster Rovers,0.5243488108720272,0.29218573046432617,0.18346545866364666,3,1,0,60,20,6,3,1,78,9,9,9,5,0,14,6,473,208,161,51,25,23,1,92,4,2,21,0,44,49,41,40,2,0,40,6,1,1,0,64,12,5,3,2,0,5,1,302,110,83,16,11,21,1,47,6,5,17,3,50,51,59,55,1,0
2023-03-18,League Two,3916823,Stockport County,Mansfield Town,0.46747519294377066,0.2701212789415656,0.2624035281146637,1,1,1,53,13,8,4,4,67,13,6,2,3,0,10,3,370,131,116,39,16,42,4,38,1,1,28,0,72,55,41,58,2,0,47,8,1,1,0,65,13,9,6,1,0,7,1,319,106,101,41,14,36,0,65,13,3,19,6,74,45,59,25,0,0
2023-03-18,League Two,3916917,Tranmere Rovers,Newport County,0.47575757575757577,0.28939393939393937,0.23484848484848486,1,3,2,64,16,5,1,1,72,7,10,6,5,0,11,5,440,147,170,38,15,35,1,67,7,3,22,1,59,47,49,50,1,0,36,13,4,4,1,45,11,1,6,3,0,11,2,257,41,75,21,30,24,1,35,8,5,33,4,63,53,51,50,1,0
2023-03-18,League Two,3916821,Walsall,Gillingham,0.4226044226044226,0.31695331695331697,0.26044226044226043,2,0,0,49,12,6,2,1,62,10,7,2,4,0,9,3,300,67,119,25,28,23,1,36,10,6,23,0,80,56,45,63,2,0,51,14,0,0,0,59,14,4,8,6,0,7,7,308,59,122,39,38,36,0,62,8,3,19,4,76,44,55,60,1,0
2023-03-21,League Two,3916699,Bradford City,Carlisle United,0.39954006293875577,0.36310820624546114,0.2373517308157831,0,0,1,56,8,1,0,0,63,7,3,3,4,1,6,2,411,106,153,41,7,27,1,63,9,5,16,1,90,64,57,67,1,0,44,11,1,0,0,56,11,4,5,5,1,6,5,329,54,130,33,9,35,1,63,7,4,17,1,59,36,43,33,3,0
2023-03-21,League Two,3916666,Crawley Town,Doncaster Rovers,0.34985163204747777,0.3722551928783383,0.277893175074184,1,1,1,62,15,6,0,0,69,4,9,6,3,0,8,7,441,135,171,41,14,33,3,56,4,0,6,0,46,55,39,30,1,0,38,2,1,1,0,51,10,0,1,0,0,1,1,288,87,60,27,33,26,1,71,11,3,29,5,47,45,61,25,4,0
2023-03-21,League Two,3916655,Gillingham,Crewe Alexandra,0.46277097078228085,0.3826578699340245,0.15457115928369464,2,1,0,52,8,4,2,0,68,11,3,4,0,0,7,1,384,98,162,46,32,27,4,77,9,4,26,2,58,53,55,33,2,0,48,13,3,1,1,62,13,3,6,4,1,8,5,349,94,123,30,32,39,1,45,7,0,19,2,50,47,45,36,1,0
2023-03-22,League Two,3916640,Mansfield Town,Grimsby Town,0.4585614733698357,0.2733947237431558,0.26804380288700846,0,0,1,56,13,1,0,0,67,8,9,7,5,0,5,8,356,98,141,38,11,32,1,67,10,4,21,3,49,42,49,53,0,0,44,13,3,2,2,55,9,8,6,4,1,9,4,292,83,79,29,6,32,3,53,6,5,25,1,61,58,51,87,1,0
2023-03-25,League Two,3916820,Barrow,AFC Wimbledon,0.4539755856153085,0.4097657538766084,0.13625866050808313,2,1,0,59,8,4,2,1,68,11,4,2,2,0,5,3,421,170,118,43,13,34,3,36,4,4,17,3,63,50,52,33,2,0,41,11,4,1,1,52,18,5,3,4,1,8,3,286,65,85,20,26,31,1,65,17,2,12,2,61,50,48,40,3,0
2023-03-25,League Two,3916819,Colchester United,Tranmere Rovers,0.3679120879120879,0.41626373626373625,0.21582417582417582,1,1,1,42,15,5,3,2,65,14,7,5,5,0,9,6,332,81,135,43,13,21,0,61,8,2,6,4,63,46,57,44,5,0,58,13,5,1,0,76,15,3,6,2,0,8,5,495,251,127,31,33,18,1,53,10,5,27,4,64,54,43,68,8,0
2023-03-25,League Two,3916818,Crawley Town,Rochdale,0.44779982743744606,0.40767903364969804,0.14452113891285592,2,0,0,44,17,6,3,3,62,7,9,5,6,1,13,4,323,74,126,45,12,40,1,77,8,3,9,0,62,66,57,80,1,0,56,6,0,1,1,71,9,5,3,3,0,3,3,433,165,144,42,17,24,2,60,6,5,21,4,37,34,43,45,2,0
2023-03-25,League Two,3916867,Doncaster Rovers,Northampton Town,0.27496757457846954,0.3952658884565499,0.32976653696498054,0,2,2,62,10,2,0,0,72,11,3,4,4,0,8,2,479,209,134,29,24,28,2,69,5,2,16,3,51,50,47,60,2,0,38,11,5,2,1,55,14,4,4,2,0,3,8,293,67,95,20,9,25,2,62,14,4,16,2,53,50,53,60,3,0
2023-03-25,League Two,3916840,Gillingham,Carlisle United,0.2713125845737483,0.38430311231393777,0.34438430311231394,1,0,0,52,9,3,1,1,56,12,6,4,2,0,6,3,318,50,129,39,30,26,3,77,7,1,25,1,58,49,43,45,2,0,48,3,1,0,0,57,17,3,1,1,0,2,1,299,64,107,43,8,30,0,69,20,2,24,2,68,51,57,71,5,0
2023-03-25,League Two,3916838,Grimsby Town,Walsall,0.42586750788643535,0.41758675078864355,0.15654574132492113,1,1,1,53,22,4,1,1,62,17,2,12,6,0,12,10,283,78,97,42,32,32,0,85,9,5,25,0,59,44,57,36,5,0,47,11,1,1,1,54,14,8,4,6,0,10,1,248,49,86,32,16,31,1,79,5,6,19,3,60,56,43,56,4,0
2023-03-25,League Two,3916837,Hartlepool United,Leyton Orient,0.21595011486708238,0.35575976370200196,0.42829012143091566,1,1,1,55,13,4,0,0,64,5,3,6,3,2,11,2,380,86,159,43,29,35,1,47,12,2,14,1,65,59,46,44,0,0,45,8,2,1,1,61,18,6,4,2,0,5,3,323,101,95,34,23,32,1,64,14,3,18,3,58,41,54,62,3,0
2023-03-25,League Two,3916836,Mansfield Town,Sutton United,0.42100909842845324,0.4280397022332506,0.15095119933829612,0,0,1,48,5,1,0,0,50,8,4,2,2,0,3,2,290,57,88,27,33,26,0,77,16,3,25,1,92,63,48,56,1,0,52,7,2,1,1,60,20,5,3,2,0,3,4,313,78,111,42,29,44,2,50,5,1,24,1,74,37,52,38,4,0
2023-03-25,League Two,3916835,Stevenage,Salford City,0.459174450135583,0.38746610424826755,0.15335944561614945,1,3,2,44,18,7,5,4,52,14,8,6,5,0,13,5,265,33,105,24,29,27,7,36,11,0,6,1,61,51,54,67,2,0,56,6,4,1,0,62,12,3,2,0,0,4,2,356,136,85,30,11,23,1,100,10,5,35,6,56,49,46,53,2,0
2023-03-25,League Two,3916834,Swindon Town,Stockport County,0.3266964648516863,0.3998374644453474,0.27346607070296625,0,1,2,40,0,0,0,0,62,12,1,0,0,0,0,0,293,99,83,26,25,26,3,43,2,2,19,4,55,55,43,67,3,1,60,14,5,2,1,79,17,2,6,3,0,8,6,420,143,187,53,20,21,2,50,14,0,12,0,53,45,57,80,5,0
2023-03-28,League Two,3916658,AFC Wimbledon,Walsall,0.3237260779340558,0.4258704173391745,0.25040350472676964,2,0,0,44,9,4,1,0,53,12,7,4,1,0,6,3,257,48,87,22,19,41,3,68,11,4,22,3,73,56,52,33,1,0,56,11,3,0,0,60,13,3,3,5,0,6,5,340,99,104,36,17,33,0,50,6,1,15,2,61,44,48,48,4,0
2023-03-28,League Two,3916656,Crawley Town,Grimsby Town,0.32497041420118344,0.39644970414201186,0.27857988165680475,1,1,1,48,5,3,1,0,64,10,5,1,1,0,3,2,331,116,97,28,13,30,5,60,11,2,30,2,43,47,31,31,2,0,52,15,3,2,2,70,11,4,10,2,1,9,6,358,118,131,44,13,44,3,55,13,1,17,2,59,53,69,37,2,0
2023-03-31,League Two,3916841,Stockport County,Salford City,0.43706104808211776,0.3500810372771475,0.21285791464073472,1,1,1,50,7,2,2,1,74,14,7,4,1,1,4,3,370,155,117,52,19,22,2,58,7,0,7,2,47,53,50,50,1,0,50,8,3,0,0,78,14,2,5,0,0,3,5,390,200,105,40,38,26,1,55,6,1,31,1,44,47,50,45,1,0
2023-03-31,League Two,3916842,Tranmere Rovers,Harrogate Town,0.49215461155759666,0.35667814772292383,0.1511672407194795,1,1,1,61,12,1,0,0,81,10,3,6,5,1,5,7,565,226,229,61,24,27,1,67,6,4,13,8,50,48,55,85,3,0,39,16,9,2,1,68,10,4,3,4,0,6,10,367,126,122,29,27,13,1,69,11,5,21,1,48,52,45,63,3,0
2023-04-01,League Two,3916839,Bradford City,Grimsby Town,0.5133047210300429,0.2549356223175966,0.2317596566523605,3,2,0,51,15,10,4,3,68,12,4,5,0,1,10,5,356,118,124,53,36,35,1,57,9,0,14,2,57,52,44,46,3,0,49,6,4,2,0,62,10,4,2,0,0,5,1,341,117,95,28,30,36,1,74,7,0,15,7,60,48,56,25,1,0
2023-04-01,League Two,3916833,AFC Wimbledon,Rochdale,0.6148648648648649,0.2472972972972973,0.13783783783783785,0,1,2,44,15,3,0,0,71,10,6,6,6,0,8,7,378,98,169,36,13,29,1,76,11,0,9,0,42,45,45,50,2,0,56,2,1,0,0,77,6,2,1,0,0,0,2,520,282,120,40,0,27,4,44,9,6,31,3,51,55,55,75,2,0
2023-04-01,League Two,3916832,Barrow,Gillingham,0.4540229885057471,0.2672413793103448,0.27873563218390807,2,1,0,45,13,8,1,1,56,16,3,2,3,0,9,4,277,80,76,32,27,29,0,79,7,1,13,0,56,48,46,86,2,0,55,6,1,0,0,70,14,1,4,1,0,4,2,346,113,128,27,27,22,0,45,9,4,35,6,63,52,54,67,2,0
2023-04-01,League Two,3916915,Colchester United,Newport County,0.3673469387755102,0.27380952380952384,0.358843537414966,0,0,1,51,10,2,0,0,53,18,10,5,3,0,5,5,288,69,84,29,39,28,0,78,4,2,36,2,56,42,56,40,2,0,49,5,2,0,0,42,11,7,1,2,0,4,1,264,34,78,17,18,20,2,89,10,3,20,2,60,58,44,20,2,0
2023-04-01,League Two,3916827,Doncaster Rovers,Crewe Alexandra,0.5673076923076923,0.2532051282051282,0.1794871794871795,0,2,2,52,6,3,0,0,70,11,3,2,1,0,6,0,369,118,142,25,13,30,3,73,5,4,24,3,47,46,38,42,0,0,48,11,5,2,1,69,10,9,2,4,0,6,5,340,113,121,43,18,28,0,71,9,1,11,3,63,54,63,67,0,0
2023-04-01,League Two,3916828,Hartlepool United,Swindon Town,0.3371150729335494,0.23014586709886548,0.4327390599675851,2,1,0,48,19,4,0,0,71,15,10,7,8,2,15,4,378,104,165,46,34,20,1,75,12,6,10,4,59,44,45,75,4,0,52,20,5,0,0,74,13,5,9,6,0,14,6,420,166,146,44,29,23,4,59,3,8,24,2,74,56,55,63,3,0
2023-04-01,League Two,3916829,Leyton Orient,Carlisle United,0.5463035019455252,0.2731517509727626,0.18054474708171206,1,0,0,61,12,3,1,1,73,10,5,5,4,0,8,4,433,208,107,32,20,15,3,62,11,2,19,1,61,52,46,50,4,1,39,7,2,1,1,56,16,7,4,1,0,5,2,266,60,90,31,17,30,2,56,14,4,12,3,62,48,54,73,1,0
2023-04-01,League Two,3916830,Mansfield Town,Crawley Town,0.5751789976133651,0.2541766109785203,0.17064439140811455,4,1,0,45,27,11,4,3,74,12,5,8,8,2,20,7,356,105,157,41,17,36,0,79,17,4,18,3,59,50,34,71,1,0,55,12,5,2,2,72,7,5,4,3,0,8,4,429,191,119,44,24,31,0,79,10,8,20,7,69,50,66,60,2,0
2023-04-01,League Two,3916831,Northampton Town,Stevenage,0.544415127528584,0.2717678100263852,0.1838170624450308,1,1,1,47,9,3,1,1,52,18,3,4,2,0,5,4,275,61,83,23,10,23,1,64,13,3,38,4,62,48,47,56,5,0,53,14,5,0,0,57,15,5,6,3,1,8,6,296,60,108,37,37,33,2,64,7,2,10,2,69,52,53,82,3,0
2023-04-01,League Two,3916843,Walsall,Sutton United,0.4290657439446367,0.328719723183391,0.2422145328719723,1,1,1,54,13,6,2,1,60,17,5,4,3,0,9,4,292,73,103,32,27,21,0,70,6,5,42,2,78,52,53,33,2,0,46,12,3,2,1,58,17,10,4,5,1,5,7,244,47,94,27,17,18,1,71,7,3,38,5,70,48,47,50,2,0
2023-04-07,League Two,3916856,Carlisle United,Tranmere Rovers,0.5655686761963953,0.31696706028589183,0.11746426351771287,2,0,0,37,15,9,2,1,70,15,7,5,1,0,10,5,326,83,144,46,25,18,1,68,16,3,20,1,59,52,53,50,2,0,63,8,1,2,2,79,10,4,4,3,0,4,4,572,246,206,48,7,30,0,67,7,2,15,6,53,48,47,47,1,0
2023-04-07,League Two,3916857,Crawley Town,Bradford City,0.27202072538860106,0.29965457685664937,0.4283246977547496,0,0,1,51,12,1,0,0,58,11,12,7,4,0,7,5,312,65,115,34,24,24,1,31,8,4,12,3,55,42,40,47,3,0,49,10,3,2,2,62,8,4,3,4,0,8,2,317,70,127,47,13,28,4,57,11,4,26,1,78,58,60,56,2,1
2023-04-07,League Two,3916858,Crewe Alexandra,Barrow,0.33752860411899316,0.38215102974828374,0.2803203661327231,3,0,0,43,8,6,4,1,59,15,2,0,2,0,4,4,262,98,56,22,20,24,0,72,14,5,57,0,58,46,50,42,5,0,57,12,0,0,0,62,11,5,7,5,0,7,5,317,65,131,50,26,37,1,71,4,2,8,3,63,54,50,30,2,0
2023-04-07,League Two,3916859,Gillingham,Doncaster Rovers,0.4916044776119403,0.33302238805970147,0.17537313432835822,1,0,0,46,15,4,2,1,61,7,5,6,5,0,13,2,353,94,122,44,50,35,0,69,8,4,18,2,65,39,71,22,0,0,54,10,3,0,0,61,6,2,4,3,0,5,5,409,124,126,22,0,29,1,90,7,5,24,3,54,61,29,69,1,0
2023-04-07,League Two,3916860,Grimsby Town,Hartlepool United,0.5251396648044693,0.28731045490822027,0.18754988028731046,1,4,2,49,17,4,2,1,70,10,3,3,10,0,14,3,366,138,120,48,25,30,2,85,10,1,10,0,59,54,52,56,1,0,51,5,4,3,0,72,14,1,0,1,0,4,1,391,137,143,30,9,33,5,77,12,8,22,3,52,46,48,56,0,0
2023-04-07,League Two,3916861,Harrogate Town,AFC Wimbledon,0.4095890410958904,0.3506849315068493,0.23972602739726026,2,2,1,54,11,5,2,2,66,7,6,3,3,0,7,4,419,128,148,31,20,38,0,83,8,7,23,2,66,46,55,67,2,0,46,14,4,3,2,60,10,5,3,7,0,9,5,357,76,137,29,15,27,2,65,4,3,25,3,66,54,45,70,3,0
2023-04-07,League Two,3916914,Newport County,Northampton Town,0.26231884057971017,0.3115942028985507,0.4260869565217391,3,0,0,44,13,6,3,1,51,11,1,5,2,0,10,3,286,67,79,24,10,28,4,64,11,1,22,2,57,51,60,63,3,0,56,11,2,0,0,63,12,5,8,1,0,5,6,360,116,112,19,24,40,0,60,9,2,13,3,47,49,40,59,3,0
2023-04-07,League Two,3916862,Rochdale,Walsall,0.3282710280373832,0.35630841121495327,0.31542056074766356,4,2,0,46,13,5,3,1,69,4,4,5,3,1,6,7,352,124,119,30,0,28,0,50,6,5,27,2,34,49,32,42,0,0,54,14,4,2,0,73,6,5,5,5,1,6,8,398,126,164,48,0,36,1,67,17,2,3,1,47,51,68,53,2,0
2023-04-07,League Two,3916863,Salford City,Leyton Orient,0.34,0.3372413793103448,0.32275862068965516,0,2,2,52,11,5,1,1,79,9,5,3,3,1,8,3,434,210,131,49,17,32,3,67,12,1,12,3,49,58,45,53,4,0,48,9,5,2,1,78,13,1,3,1,0,7,2,430,234,100,29,14,30,0,67,22,3,16,5,40,42,55,27,5,0
2023-04-07,League Two,3916864,Stevenage,Colchester United,0.5825426944971537,0.28969006957621757,0.12776723592662872,1,1,1,56,14,7,2,2,58,11,8,3,4,0,11,3,344,56,144,41,26,28,4,77,9,2,18,3,77,46,59,57,2,0,44,7,4,0,0,47,14,3,1,2,0,5,2,282,65,67,27,19,21,1,67,10,5,26,5,67,54,41,64,2,0
2023-04-07,League Two,3916865,Sutton United,Stockport County,0.31263616557734203,0.3442265795206972,0.3431372549019608,0,1,2,45,12,7,1,1,56,11,2,3,2,0,6,6,267,68,81,25,17,33,1,56,16,3,36,4,55,48,42,60,2,0,55,13,5,3,2,59,13,4,5,3,0,8,5,327,73,120,30,27,25,1,67,11,3,38,6,67,52,58,75,3,0
2023-04-07,League Two,3916855,Swindon Town,Mansfield Town,0.36338546458141674,0.33210671573137074,0.3045078196872125,2,4,2,56,5,3,2,0,80,8,0,2,0,0,3,2,474,255,122,44,33,31,2,59,6,0,9,2,65,63,46,73,2,0,44,9,6,3,2,77,16,2,3,0,1,6,3,370,139,145,40,20,28,0,60,13,0,14,1,49,37,54,33,2,0
2023-04-10,League Two,3916854,AFC Wimbledon,Salford City,0.3245382585751979,0.32629727352682497,0.3491644678979771,2,3,2,34,16,5,3,2,65,15,4,7,4,0,10,6,284,63,123,41,42,25,3,65,14,5,11,1,56,52,55,67,3,0,66,13,4,3,2,80,9,4,4,5,0,11,2,552,274,170,42,18,25,0,73,7,3,14,3,49,48,45,31,3,0
2023-04-10,League Two,3916844,Barrow,Crawley Town,0.5120925341745531,0.30914826498422715,0.17875920084121977,4,0,0,40,13,7,4,1,66,15,2,3,3,0,8,5,286,98,90,32,0,21,2,62,13,3,15,0,55,60,32,50,4,0,60,3,0,0,0,74,21,3,0,3,0,1,2,440,187,138,42,0,27,3,100,2,3,16,3,51,40,68,56,2,0
2023-04-10,League Two,3916845,Bradford City,Sutton United,0.6153144940747494,0.2698268003646308,0.11485870556061988,3,1,0,61,16,7,1,1,71,12,7,6,3,2,13,3,381,106,165,38,31,30,0,67,8,2,20,0,72,51,55,27,2,0,39,8,1,2,1,56,18,3,5,2,1,5,3,250,72,69,38,11,32,1,67,8,3,29,3,65,49,45,52,2,0
2023-04-10,League Two,3916846,Colchester United,Crewe Alexandra,0.40897435897435896,0.33205128205128204,0.258974358974359,4,0,0,38,19,9,5,2,64,10,6,3,7,0,15,4,255,59,104,38,31,25,1,60,18,2,18,1,58,54,56,63,1,0,62,3,1,0,0,74,12,5,0,2,0,2,1,413,200,104,41,6,24,0,62,5,7,18,5,48,46,44,73,2,0
2023-04-10,League Two,3916847,Doncaster Rovers,Grimsby Town,0.38353196099674974,0.26327193932827736,0.3531960996749729,1,2,2,43,7,2,0,0,50,7,3,4,1,1,2,5,253,63,64,26,44,33,4,69,7,2,27,5,51,45,41,0,1,0,57,17,7,2,0,63,13,5,8,2,1,12,5,327,79,126,45,17,30,1,69,6,1,9,1,68,55,59,60,6,0
2023-04-10,League Two,3916848,Hartlepool United,Stevenage,0.31932021466905186,0.2924865831842576,0.3881932021466905,1,1,1,60,8,2,2,2,65,10,4,2,4,0,6,2,377,146,99,34,25,28,4,75,9,5,26,2,54,42,43,58,1,0,40,16,4,3,3,53,8,6,7,5,0,12,4,247,29,102,39,38,36,4,71,16,3,8,1,73,58,57,81,3,0
2023-04-10,League Two,3916849,Leyton Orient,Harrogate Town,0.6286072772898369,0.27352572145545795,0.09786700125470514,2,2,1,63,15,7,1,0,76,11,7,3,5,0,8,7,527,242,161,24,19,30,0,82,14,0,19,2,62,51,47,58,0,0,37,8,4,2,1,63,9,4,3,1,0,7,1,305,75,116,39,23,34,1,65,9,5,29,5,65,49,53,50,2,0
2023-04-10,League Two,3916850,Mansfield Town,Rochdale,0.5946622185154296,0.25938281901584653,0.14595496246872394,1,1,1,56,21,8,5,4,79,10,12,7,6,0,12,9,479,163,214,54,20,32,1,62,9,2,3,0,45,54,52,69,1,0,44,7,1,0,0,71,8,1,4,2,1,5,2,403,202,84,32,50,17,5,62,4,6,35,7,39,46,48,33,2,0
2023-04-10,League Two,3916851,Northampton Town,Gillingham,0.5748792270531401,0.28778467908902694,0.137336093857833,2,1,0,60,9,3,0,0,69,10,4,5,1,0,6,3,431,152,147,34,33,34,2,69,11,1,20,1,53,48,46,44,1,0,40,6,3,1,0,60,11,0,2,1,0,4,2,299,78,101,46,57,25,5,43,4,1,27,1,59,52,54,67,1,0
2023-04-10,League Two,3916928,Stockport County,Newport County,0.5741106719367589,0.2707509881422925,0.1551383399209486,4,0,0,53,16,7,2,0,67,13,6,7,2,0,12,4,355,123,114,42,30,20,0,85,10,1,16,2,66,55,49,59,0,0,47,6,3,0,0,55,12,3,3,0,0,3,3,317,86,88,29,40,27,1,73,8,2,17,3,61,45,51,56,1,0
2023-04-10,League Two,3916852,Tranmere Rovers,Swindon Town,0.40414507772020725,0.3329015544041451,0.26295336787564766,1,0,0,34,7,2,2,1,66,14,3,3,2,0,5,2,310,126,78,41,13,26,0,69,13,3,20,2,56,47,58,46,0,0,66,11,2,1,1,81,12,7,6,3,0,6,5,601,278,211,54,23,33,0,83,6,2,6,1,54,53,42,63,2,0
2023-04-10,League Two,3916853,Walsall,Carlisle United,0.29015544041450775,0.31001727115716754,0.3998272884283247,0,0,1,46,7,2,0,0,50,11,4,2,3,0,5,2,281,53,87,26,24,38,2,75,10,3,34,3,61,48,53,42,1,1,54,11,3,3,3,63,13,8,5,3,0,6,5,321,61,140,30,24,29,2,67,6,3,40,2,60,52,47,56,2,0
2023-04-15,League Two,3916866,Carlisle United,Northampton Town,0.42594296228150874,0.28334866605335784,0.2907083716651334,0,0,1,54,11,7,3,3,67,4,3,4,0,0,6,5,405,114,159,40,31,20,5,69,11,3,15,3,53,59,43,50,1,0,46,15,3,1,1,62,11,4,9,3,0,5,10,348,106,109,34,19,20,1,85,11,0,7,7,52,41,57,38,3,0
2023-04-15,League Two,3916870,Crawley Town,Tranmere Rovers,0.38392857142857145,0.25892857142857145,0.35714285714285715,2,1,0,47,22,7,3,2,67,13,8,6,9,0,14,8,347,99,132,44,32,15,2,80,8,3,11,4,55,46,70,68,2,0,53,13,5,4,3,72,9,4,5,3,0,10,3,407,168,127,40,27,28,2,44,7,9,21,5,47,54,30,75,3,0
2023-04-15,League Two,3916869,Crewe Alexandra,Walsall,0.4027777777777778,0.2976190476190476,0.2996031746031746,2,0,0,48,12,4,1,1,69,13,7,5,3,0,7,5,320,130,92,37,32,20,2,75,11,4,25,0,55,47,53,35,2,0,52,10,0,3,3,70,17,3,6,4,0,6,4,341,88,150,39,43,26,1,61,6,3,18,2,57,53,47,57,2,1
2023-04-15,League Two,3916871,Gillingham,Stockport County,0.28649237472766886,0.22113289760348584,0.4923747276688453,1,1,1,39,10,4,1,1,52,17,2,2,4,0,6,4,283,47,100,22,31,25,3,80,6,3,32,3,54,49,42,25,4,0,61,14,4,0,0,69,15,6,7,3,0,8,6,421,133,157,42,24,30,1,50,5,4,17,3,66,51,58,50,1,0
2023-04-15,League Two,3916872,Grimsby Town,Mansfield Town,0.4049159120310479,0.23027166882276842,0.3648124191461837,1,1,1,55,16,5,3,2,64,12,3,5,6,0,9,7,359,139,89,37,25,21,2,69,7,5,26,2,48,44,42,55,2,0,45,17,3,0,0,56,7,6,8,6,0,10,7,278,49,108,37,23,36,1,56,6,6,14,4,64,56,58,58,3,0
2023-04-15,League Two,3916897,Harrogate Town,Doncaster Rovers,0.4844961240310077,0.2441860465116279,0.2713178294573643,2,2,1,54,18,8,3,2,60,12,11,6,4,0,14,4,445,98,171,32,20,32,0,71,8,3,21,1,73,46,55,75,1,0,46,11,3,0,0,53,4,4,5,3,0,6,5,382,86,116,24,29,40,3,83,9,6,13,4,70,54,45,57,1,0
2023-04-15,League Two,3916929,Newport County,Hartlepool United,0.48323170731707316,0.24847560975609756,0.2682926829268293,2,0,0,38,28,7,3,2,53,10,7,12,9,0,23,5,244,53,76,27,37,36,2,53,9,4,13,1,67,57,53,38,2,0,62,7,2,1,1,68,14,5,2,3,0,4,3,420,125,160,42,13,33,0,60,7,9,22,5,55,43,47,64,1,0
2023-04-15,League Two,3916898,Rochdale,Bradford City,0.2732919254658385,0.168944099378882,0.5577639751552795,0,3,2,54,9,1,3,3,80,12,1,4,4,1,4,5,520,228,189,36,0,24,2,73,6,4,13,2,50,47,42,70,1,0,46,13,5,2,1,75,8,4,5,3,1,7,6,418,199,116,44,33,16,0,68,8,4,10,1,59,53,58,62,1,0
2023-04-15,League Two,3916899,Salford City,Colchester United,0.6327913279132791,0.21138211382113822,0.15582655826558264,0,1,2,71,25,5,2,2,77,6,9,12,8,0,18,7,539,218,198,58,27,28,1,56,8,1,7,1,60,51,70,71,3,0,29,5,2,1,1,53,12,4,2,1,1,4,1,228,66,55,24,22,24,0,70,18,9,44,4,41,49,30,63,3,0
2023-04-15,League Two,3916900,Stevenage,AFC Wimbledon,0.5701459034792368,0.2727272727272727,0.15712682379349047,2,1,0,57,4,2,2,0,54,12,1,2,0,0,3,1,333,70,111,39,28,29,3,53,5,0,8,1,77,52,59,50,2,0,43,8,2,1,1,49,15,1,6,0,1,6,2,257,62,63,30,40,27,0,62,14,0,26,0,62,48,41,62,1,0
2023-04-15,League Two,3916901,Sutton United,Leyton Orient,0.19254658385093168,0.23809523809523808,0.5693581780538303,0,2,2,37,7,0,0,0,57,10,2,6,1,0,4,3,263,68,81,38,22,32,0,69,7,4,22,3,57,56,51,62,1,0,63,14,4,3,3,70,13,3,6,4,1,9,5,468,220,107,23,40,23,1,70,6,0,22,0,49,44,49,50,2,0
2023-04-15,League Two,3916902,Swindon Town,Barrow,0.46503496503496505,0.25,0.28496503496503495,0,0,1,64,10,2,0,0,83,7,6,5,3,0,6,4,479,204,193,50,8,32,3,77,2,3,14,3,55,53,43,56,0,0,36,7,4,0,0,64,15,3,1,2,0,5,2,266,93,78,41,23,14,1,70,9,4,25,1,57,47,57,38,2,0
2023-04-18,League Two,3916903,Carlisle United,Stockport County,0.33579496090356215,0.4052997393570808,0.25890529973935705,2,2,1,44,11,6,2,1,52,11,12,3,2,0,8,3,292,72,81,17,21,31,0,67,10,5,19,1,61,43,41,35,3,0,56,13,3,0,0,61,11,6,5,5,0,7,6,380,113,118,32,35,22,0,83,6,2,28,4,84,57,59,42,1,0
2023-04-18,League Two,3916904,Crawley Town,Colchester United,0.34338138925294887,0.4305373525557012,0.22608125819134994,0,0,1,55,9,1,0,0,64,11,2,5,3,1,2,7,326,99,109,31,6,23,0,50,8,4,18,5,59,51,48,67,0,0,45,20,5,3,3,55,11,7,11,4,0,12,8,259,50,93,38,38,34,1,64,6,3,19,1,60,49,52,53,0,0
2023-04-18,League Two,3916894,Gillingham,Leyton Orient,0.2044,0.358,0.4376,2,0,0,48,6,3,1,0,85,9,2,1,2,0,3,3,471,236,162,55,25,15,3,71,3,2,12,1,30,43,43,50,1,0,52,4,1,0,0,85,10,2,1,2,1,1,3,513,286,150,37,7,20,0,67,7,1,6,1,40,57,57,80,4,1
2023-04-18,League Two,3916881,Grimsby Town,Barrow,0.39791937581274384,0.41937581274382313,0.18270481144343304,1,0,0,62,6,2,1,1,70,18,3,3,1,0,2,4,419,136,159,24,8,27,2,62,6,1,32,3,46,44,49,61,1,0,38,13,3,1,1,57,5,8,8,2,1,9,4,247,64,77,40,18,39,2,83,8,1,21,1,54,56,51,50,2,0
2023-04-18,League Two,3916880,Harrogate Town,Walsall,0.3704775687409551,0.4435600578871201,0.18596237337192476,3,0,0,45,9,4,5,3,62,14,2,3,2,0,5,4,361,95,128,28,20,36,2,60,20,4,31,2,60,48,49,33,0,0,55,11,2,2,2,66,4,2,4,5,0,6,5,419,119,159,41,12,42,0,88,14,2,15,1,64,52,51,40,0,0
2023-04-18,League Two,3916930,Newport County,Mansfield Town,0.30896376350921806,0.4094087730451367,0.28162746344564527,1,2,2,53,15,4,2,1,57,10,3,8,3,1,12,3,364,86,122,30,25,31,1,59,6,2,21,2,81,54,42,67,3,0,47,9,4,1,0,56,14,4,3,2,1,7,2,326,82,102,28,40,33,3,59,5,3,38,3,88,46,58,63,4,0
2023-04-18,League Two,3916879,Rochdale,Tranmere Rovers,0.3330733229329173,0.39313572542901715,0.27379095163806555,2,2,1,51,14,4,3,2,80,8,6,7,3,1,7,7,493,234,158,44,36,22,2,83,7,1,13,4,42,57,50,54,1,0,49,10,5,2,1,78,11,5,4,1,0,5,5,462,188,171,51,25,27,2,64,13,3,12,2,35,43,50,17,1,0
2023-04-18,League Two,3916896,Salford City,Hartlepool United,0.4947201689545935,0.3595564941921858,0.1457233368532207,2,0,0,52,13,6,3,3,77,8,5,3,4,0,10,3,401,165,143,55,25,22,4,56,3,4,25,5,53,50,63,67,0,0,48,13,5,1,1,72,10,3,4,4,0,8,5,373,160,108,46,15,29,3,38,10,4,17,4,43,50,38,54,2,0
2023-04-18,League Two,3916878,Stevenage,Doncaster Rovers,0.519910514541387,0.3476510067114094,0.13243847874720358,1,0,0,45,12,3,0,0,54,10,3,4,5,1,7,5,349,65,125,39,13,40,4,76,8,0,5,1,74,50,60,33,3,0,55,2,1,0,0,61,12,0,1,0,0,1,1,421,195,60,14,0,43,1,79,8,5,24,2,60,50,40,50,1,0
2023-04-18,League Two,3916877,Sutton United,Northampton Town,0.24524076147816348,0.37793952967525196,0.37681970884658456,1,2,2,63,13,2,3,2,67,12,5,8,3,1,7,6,392,127,135,31,38,31,3,74,4,0,18,2,73,55,63,53,3,0,37,8,4,2,0,44,15,3,4,0,0,5,3,234,41,62,26,14,22,2,45,6,3,31,1,53,45,37,50,2,0
2023-04-18,League Two,3916876,Swindon Town,Bradford City,0.25684420109507217,0.34494773519163763,0.3982080637132902,1,0,0,55,12,3,2,1,76,8,5,8,1,0,8,4,434,192,138,40,17,23,2,58,11,5,21,3,56,48,53,89,0,0,45,16,3,0,0,69,7,3,7,6,0,12,4,357,115,132,42,37,22,2,65,8,1,23,2,57,52,48,58,2,0
2023-04-22,League Two,3916875,AFC Wimbledon,Swindon Town,0.4563253012048193,0.2816265060240964,0.2620481927710843,1,5,2,46,16,5,1,1,66,12,7,7,4,0,8,8,331,95,125,40,27,20,2,74,8,3,9,3,61,54,58,45,4,1,54,17,8,5,2,75,14,2,5,4,0,13,4,411,187,120,30,50,26,0,85,5,3,30,4,50,46,43,53,4,0
2023-04-22,League Two,3916874,Barrow,Carlisle United,0.3073825503355705,0.2563758389261745,0.436241610738255,0,1,2,56,15,5,1,1,57,13,5,2,8,1,8,7,355,65,137,26,10,24,3,75,12,7,19,1,73,47,49,46,4,0,44,14,2,0,0,47,15,4,5,7,0,10,4,286,56,77,25,33,24,7,50,16,8,25,5,80,53,51,60,2,0
2023-04-22,League Two,3916873,Bradford City,Gillingham,0.5950920245398773,0.23210633946830267,0.17280163599182005,2,2,1,62,14,4,1,0,76,9,6,7,3,0,10,4,477,153,211,53,11,23,2,50,4,6,29,4,66,53,58,50,1,0,38,15,6,1,1,60,13,8,3,6,0,11,4,292,77,98,35,20,22,2,63,6,4,22,1,54,47,42,67,3,0
2023-04-22,League Two,3916882,Colchester United,Sutton United,0.5295169946332737,0.27191413237924866,0.19856887298747763,4,1,0,42,10,6,5,1,57,13,5,4,0,1,8,2,262,72,78,34,27,16,2,59,14,4,30,2,66,49,40,65,0,0,58,10,3,1,0,71,10,6,3,4,1,4,6,358,98,157,37,14,26,2,56,16,0,7,2,82,51,60,53,1,0
2023-04-22,League Two,3916931,Doncaster Rovers,Newport County,0.43151969981238275,0.3151969981238274,0.25328330206378985,1,3,2,55,7,1,0,0,60,8,2,5,1,0,3,4,419,123,127,18,14,43,1,62,5,2,12,0,53,53,39,64,2,0,45,11,3,0,0,54,12,4,6,2,0,8,3,345,78,109,26,33,28,0,60,16,1,13,1,62,47,61,78,5,0
2023-04-22,League Two,3916883,Hartlepool United,Crawley Town,0.5775316455696202,0.21518987341772153,0.20727848101265822,0,2,2,58,15,5,1,1,66,10,3,10,0,0,11,4,368,85,157,48,13,44,4,72,3,2,8,1,83,61,52,83,2,0,42,13,3,4,2,57,13,2,8,2,0,9,4,276,52,105,36,20,35,1,50,10,0,34,5,65,39,48,30,4,0
2023-04-22,League Two,3916884,Leyton Orient,Crewe Alexandra,0.6445497630331753,0.2551342812006319,0.10031595576619273,2,0,0,61,13,7,2,0,81,14,6,2,4,0,5,8,497,214,191,43,6,23,2,40,8,1,25,2,48,47,68,55,1,0,39,4,2,1,1,67,12,8,1,1,0,3,1,311,132,75,40,0,24,0,54,3,4,19,5,41,53,32,83,2,0
2023-04-22,League Two,3916893,Mansfield Town,Stevenage,0.42626728110599077,0.3029953917050691,0.2707373271889401,1,0,0,44,13,1,1,1,52,13,2,7,5,0,11,2,308,68,92,20,31,42,2,75,11,1,36,3,72,41,58,47,2,0,56,5,3,2,2,55,8,4,1,1,0,4,1,393,87,128,22,26,41,0,57,7,4,6,0,73,59,42,60,1,0
2023-04-22,League Two,3916892,Northampton Town,Harrogate Town,0.6403669724770642,0.25412844036697246,0.10550458715596331,3,1,0,40,11,4,1,0,55,12,7,4,3,0,6,5,271,69,80,17,20,27,0,50,9,5,28,2,50,35,51,50,2,0,60,11,3,2,2,65,11,7,3,5,0,6,5,411,115,153,36,14,31,1,41,6,2,13,1,67,65,49,79,0,0
2023-04-22,League Two,3916891,Stockport County,Rochdale,0.6448598130841121,0.23779854620976115,0.11734164070612668,1,0,0,49,17,1,1,1,73,10,8,11,5,0,14,3,441,183,137,35,25,30,2,79,12,0,5,0,42,48,36,45,2,0,51,1,0,0,0,76,7,0,1,0,0,0,1,490,256,115,24,14,31,1,79,6,5,28,0,54,52,64,100,1,0
2023-04-22,League Two,3916890,Tranmere Rovers,Grimsby Town,0.3696369636963696,0.2739273927392739,0.3564356435643564,2,0,0,49,6,5,1,0,66,7,5,0,1,0,1,5,348,108,122,46,27,32,2,59,9,4,28,5,62,55,50,53,1,0,51,17,5,4,4,70,15,8,6,6,1,11,6,348,116,128,44,24,28,0,88,6,1,19,3,55,45,50,60,2,0
2023-04-22,League Two,3916889,Walsall,Salford City,0.29685157421289354,0.328335832083958,0.3748125937031484,2,3,2,60,6,3,2,1,76,10,2,1,2,0,3,3,472,189,168,35,36,24,4,63,6,3,14,2,62,52,48,68,3,0,40,15,6,2,2,66,9,4,7,2,0,6,9,310,111,95,33,36,21,2,59,12,2,9,1,61,48,53,57,1,1
2023-04-25,League Two,3916461,Grimsby Town,Crewe Alexandra,0.47404559187036527,0.38972809667673713,0.13622631145289757,2,0,0,50,16,6,2,1,74,13,2,4,6,0,12,4,424,136,176,43,40,22,1,71,14,3,22,5,48,45,32,57,1,0,50,16,5,2,2,70,12,8,8,3,0,13,3,412,161,129,43,25,23,0,60,7,6,9,4,71,55,68,53,1,0
2023-04-25,League Two,3916798,Mansfield Town,Leyton Orient,0.3402428810720268,0.3639028475711893,0.29585427135678394,1,2,2,56,17,4,3,2,73,16,7,3,10,0,13,4,440,163,160,51,33,40,1,58,5,3,7,0,62,41,56,50,2,0,44,9,2,1,0,70,7,1,4,3,2,5,4,353,168,78,31,25,20,0,71,8,10,25,2,69,59,44,60,3,1
2023-04-25,League Two,3916916,Newport County,Harrogate Town,0.46320054017555706,0.4091829844699527,0.12761647535449022,2,3,2,56,19,4,3,1,58,8,8,7,8,0,14,5,369,77,136,41,29,44,2,54,7,2,8,0,69,49,50,50,3,0,44,6,4,3,1,53,15,1,1,1,0,3,3,316,63,105,29,22,22,0,81,5,8,49,2,70,51,50,56,1,0
2023-04-25,League Two,3916669,Swindon Town,Stevenage,0.3044699872286079,0.38033205619412513,0.3151979565772669,0,1,2,58,9,3,1,1,71,7,6,3,3,0,5,4,401,149,137,38,22,32,1,33,8,1,37,0,65,51,47,52,0,0,42,13,1,3,2,49,13,4,10,2,1,8,5,294,59,86,20,17,32,4,54,8,3,17,3,68,49,53,50,1,0
2023-04-29,League Two,3916888,AFC Wimbledon,Tranmere Rovers,0.4261437908496732,0.25620915032679736,0.3176470588235294,1,1,1,47,10,2,1,0,68,11,4,5,3,0,9,1,387,127,137,26,26,27,1,85,7,1,14,2,62,51,53,25,0,0,53,6,3,0,0,70,11,4,2,1,0,3,3,452,176,139,30,40,32,2,56,9,3,17,1,58,49,47,30,0,0
2023-04-29,League Two,3916887,Carlisle United,Salford City,0.5115452930728241,0.26465364120781526,0.22380106571936056,2,3,2,53,10,2,1,0,72,11,3,5,3,0,6,4,401,145,142,37,22,29,4,58,6,4,10,1,54,43,44,46,4,1,47,13,4,2,1,65,11,3,5,4,1,8,5,360,147,86,45,29,19,1,71,3,3,16,0,70,57,56,53,3,0
2023-04-29,League Two,3916886,Crawley Town,Walsall,0.48868778280542985,0.2564102564102564,0.2549019607843137,0,0,1,55,10,5,1,1,74,12,5,1,4,0,4,6,368,124,149,40,13,32,0,69,9,4,12,4,50,45,53,38,1,0,45,13,4,0,0,70,12,3,5,4,0,6,7,305,125,90,29,40,22,2,73,6,4,19,5,55,55,47,55,1,0
2023-04-29,League Two,3916885,Crewe Alexandra,Swindon Town,0.3483535528596187,0.24436741767764297,0.4072790294627383,2,1,0,46,15,8,2,1,76,12,3,5,2,0,9,6,409,168,141,55,35,17,2,69,5,1,15,5,52,47,57,75,2,0,54,12,6,0,0,79,13,2,5,1,2,4,8,489,192,193,46,12,27,2,57,7,3,9,5,51,53,43,79,1,0
2023-04-29,League Two,3916924,Doncaster Rovers,Colchester United,0.4161490683229814,0.22981366459627328,0.35403726708074534,1,0,0,41,9,1,2,1,55,6,3,3,5,0,7,2,269,83,65,21,11,26,2,71,12,5,26,6,53,58,40,54,1,0,59,18,7,1,1,68,9,7,7,4,0,15,3,367,110,139,53,43,31,1,78,11,4,7,0,57,42,60,58,3,0
2023-04-29,League Two,3916932,Gillingham,Newport County,0.5117302052785924,0.27126099706744866,0.21700879765395895,1,2,2,54,7,4,1,0,58,20,3,0,3,0,5,2,297,68,103,33,24,38,1,67,5,3,29,2,51,42,35,40,0,0,46,9,3,2,0,48,10,7,3,3,0,7,2,244,32,84,33,17,27,1,78,9,3,34,3,79,58,65,38,0,0
2023-04-29,League Two,3916925,Hartlepool United,Barrow,0.4411764705882353,0.14705882352941177,0.4117647058823529,3,1,0,67,14,6,1,0,79,9,10,6,2,1,10,4,570,195,253,59,27,31,1,33,9,1,15,1,52,43,57,57,3,0,33,6,2,1,0,61,9,3,3,1,0,4,2,281,76,95,28,45,19,1,50,3,2,30,3,55,57,43,67,2,2
2023-04-29,League Two,3916926,Leyton Orient,Stockport County,0.5448717948717948,0.2512820512820513,0.20384615384615384,0,3,2,72,8,1,0,0,82,10,5,3,4,0,4,4,521,278,147,29,6,31,1,79,7,1,11,1,51,57,44,65,2,0,28,8,4,2,0,56,14,3,3,1,0,7,1,202,41,72,26,31,29,0,65,11,4,15,1,44,43,56,15,2,0
2023-04-29,League Two,3916927,Mansfield Town,Harrogate Town,0.6229166666666667,0.234375,0.14270833333333333,1,2,2,65,28,5,1,1,79,10,7,11,12,0,22,6,534,179,241,48,35,36,1,69,4,3,6,1,59,42,41,60,1,0,35,9,2,1,0,61,5,1,4,3,0,7,2,308,83,106,39,25,21,1,64,18,12,30,4,83,58,59,56,1,0
2023-04-29,League Two,3916923,Northampton Town,Bradford City,0.5450612833453496,0.22782984859408795,0.22710886806056235,1,2,2,58,15,6,2,1,66,11,10,6,3,1,13,2,351,105,125,28,36,34,1,64,6,2,6,1,82,55,53,50,2,0,42,7,3,3,1,56,12,1,2,2,0,5,2,254,52,91,30,40,24,4,67,5,3,46,5,70,45,47,31,1,0
2023-04-29,League Two,3916922,Rochdale,Sutton United,0.3409490333919156,0.29525483304042177,0.36379613356766255,4,1,0,68,16,6,5,2,88,8,6,7,3,0,10,6,610,227,307,51,13,11,3,45,4,4,12,0,55,63,61,93,2,0,32,6,1,0,0,74,14,4,1,4,0,3,3,288,113,99,45,27,10,0,44,10,3,22,2,33,37,39,67,3,1
2023-04-29,League Two,3916911,Stevenage,Grimsby Town,0.5800738007380074,0.25092250922509224,0.16900369003690036,2,0,0,47,15,7,1,0,56,7,5,5,3,0,12,3,258,52,92,30,30,29,5,83,11,2,19,1,63,67,45,70,0,0,53,6,1,0,0,53,17,7,3,2,0,4,2,286,77,74,32,24,31,1,75,6,4,17,4,56,33,55,0,1,0
2023-05-03,League Two,3916868,Crewe Alexandra,Bradford City,0.2829581993569132,0.2852090032154341,0.43183279742765274,3,2,0,45,13,5,4,1,63,15,1,7,1,0,7,6,333,119,92,36,36,22,1,80,11,6,28,6,49,41,40,47,3,0,55,19,8,3,1,64,16,8,5,6,0,13,6,392,107,144,34,28,30,0,39,8,1,11,2,71,59,60,75,2,0
2023-05-08,League Two,3916910,Barrow,Stevenage,0.24808080808080807,0.3503030303030303,0.4016161616161616,0,1,2,48,10,4,1,1,66,8,2,4,2,0,6,4,350,96,136,35,18,22,2,82,5,1,21,1,48,53,45,50,1,0,52,11,2,1,1,67,15,2,7,2,1,9,2,378,100,153,25,29,32,2,83,9,2,16,4,49,47,55,75,1,0
2023-05-08,League Two,3916909,Bradford City,Leyton Orient,0.39946483180428133,0.31269113149847094,0.28784403669724773,1,1,1,37,9,4,1,1,69,12,3,3,2,1,6,3,312,105,109,36,33,31,1,54,11,5,10,3,48,48,58,44,2,0,63,15,5,2,1,83,10,5,6,4,0,7,8,552,303,157,35,10,23,2,46,6,2,15,3,46,52,42,58,2,0
2023-05-08,League Two,3916908,Colchester United,Mansfield Town,0.3094262295081967,0.3350409836065574,0.3555327868852459,0,2,2,43,18,4,1,1,67,5,3,8,6,1,11,7,311,82,126,41,11,22,1,80,10,3,27,3,71,58,43,48,2,0,57,16,5,4,2,75,17,8,8,3,1,13,3,393,120,173,43,23,25,1,58,7,6,18,3,64,42,57,41,2,0
2023-05-08,League Two,3916907,Grimsby Town,AFC Wimbledon,0.5064252336448598,0.33936915887850466,0.1542056074766355,1,0,0,52,7,2,1,1,66,13,4,2,3,0,5,2,345,135,91,30,0,27,2,57,13,1,13,2,53,57,53,82,1,0,48,5,2,0,0,65,13,7,2,1,0,2,3,317,95,110,35,12,34,3,78,12,3,12,2,42,43,47,45,3,0
2023-05-08,League Two,3916906,Harrogate Town,Rochdale,0.5161516853932584,0.3335674157303371,0.1502808988764045,1,1,1,47,14,4,0,0,77,11,6,6,4,0,9,5,417,128,193,50,29,15,0,75,9,3,9,0,54,55,63,62,0,0,53,7,1,1,0,78,13,3,3,3,0,5,2,483,237,139,38,25,20,0,70,5,3,11,3,39,45,38,50,0,0
2023-05-08,League Two,3916933,Newport County,Crewe Alexandra,0.4743339831059129,0.35932423651721895,0.1663417803768681,2,2,1,51,24,7,3,1,63,11,12,10,7,0,20,4,330,46,161,31,21,29,4,62,8,3,17,3,64,47,45,50,1,0,49,13,5,0,0,63,7,1,5,3,1,7,6,329,123,84,27,22,25,0,71,7,6,40,5,74,53,55,59,1,0
2023-05-08,League Two,3916905,Salford City,Gillingham,0.5560652395514781,0.29357798165137616,0.15035677879714576,0,1,2,56,13,6,1,1,75,11,6,5,2,0,6,7,408,155,153,44,30,21,0,54,3,0,13,1,59,59,60,67,3,0,44,6,2,2,1,72,12,2,4,0,0,6,0,329,139,99,41,33,16,3,60,8,2,21,6,40,41,40,27,2,0
2023-05-08,League Two,3916912,Stockport County,Hartlepool United,0.6004662004662005,0.26666666666666666,0.13286713286713286,1,1,1,54,16,10,5,4,74,11,9,1,5,1,15,1,373,119,158,35,45,26,3,61,8,1,8,2,61,54,58,50,0,0,46,5,3,1,1,70,16,1,1,1,0,2,3,341,128,111,42,33,28,2,88,9,5,34,8,49,46,42,64,1,0
2023-05-08,League Two,3916913,Sutton United,Carlisle United,0.25411454904542463,0.3285055957867018,0.4173798551678736,1,1,1,44,12,2,1,1,57,9,5,6,4,0,7,5,307,64,110,37,19,23,2,73,9,4,35,1,64,42,58,55,0,0,56,10,1,0,0,60,10,2,5,4,1,4,6,390,95,139,31,5,32,2,67,8,4,11,1,64,58,42,77,1,0
2023-05-08,League Two,3916921,Swindon Town,Crawley Town,0.4946153846153846,0.3392307692307692,0.16615384615384615,2,1,0,48,15,7,3,3,77,11,7,5,3,0,9,6,354,148,124,42,29,20,1,69,7,1,9,3,56,52,59,69,1,0,52,6,4,3,2,76,13,3,1,1,1,5,1,393,164,135,38,9,27,2,60,10,3,15,5,48,48,41,65,2,0
2023-05-08,League Two,3916920,Tranmere Rovers,Northampton Town,0.2775186567164179,0.26725746268656714,0.4552238805970149,0,1,2,61,10,0,1,1,72,8,9,5,5,0,4,6,482,208,138,32,6,26,3,38,11,6,27,0,50,59,37,71,1,0,39,12,1,0,0,63,5,8,5,6,0,5,7,290,81,102,20,7,28,1,91,9,5,22,0,52,41,63,44,1,0
2023-05-08,League Two,3916919,Walsall,Doncaster Rovers,0.4251412429378531,0.3940677966101695,0.1807909604519774,2,1,0,50,15,6,1,1,74,12,3,6,3,0,10,5,400,198,99,46,33,21,2,73,12,6,16,3,53,52,47,72,0,0,50,13,4,0,0,71,4,5,3,6,0,5,8,398,163,120,29,17,26,2,100,11,2,11,4,52,48,53,50,1,0
2023-05-13,League Two Playoff,4167695,Salford City,Stockport County,0.4302289118846033,0.15271244904358733,0.41705863907180935,1,0,0,45,13,4,1,0,72,12,9,4,5,0,5,8,348,130,122,51,38,27,0,72,12,3,19,1,65,51,55,36,1,0,55,7,1,0,0,77,10,2,3,3,1,5,2,417,194,127,38,16,21,3,74,4,5,15,3,59,49,45,31,0,0
2023-05-14,League Two Playoff,4167696,Bradford City,Carlisle United,0.5616361071932299,0.15881523272214387,0.27954866008462625,1,0,0,50,10,2,1,0,60,7,5,4,4,0,4,6,359,84,132,27,18,46,0,67,14,1,15,2,55,36,55,11,0,0,50,9,2,1,1,64,7,3,6,1,0,8,1,369,77,158,37,25,24,1,79,9,4,25,1,64,64,45,50,2,0
2023-05-20,League Two Playoff,4167693,Stockport County,Salford City,0.4830016583747927,0.16500829187396351,0.35199004975124376,2,1,0,58,15,4,3,2,60,17,11,7,4,0,11,4,438,98,166,33,22,40,6,71,9,5,19,10,94,46,56,70,7,0,42,19,12,5,5,56,17,2,3,4,0,14,5,335,94,95,37,42,40,2,69,13,5,63,1,88,54,44,48,2,0
2023-05-20,League Two Playoff,4167694,Carlisle United,Bradford City,0.42517006802721086,0.15003779289493574,0.42479213907785335,3,1,0,46,22,6,1,0,61,14,8,8,8,1,11,11,422,92,166,32,17,38,2,50,10,3,24,1,92,55,48,60,3,0,54,15,2,2,1,69,15,4,9,4,1,9,6,501,175,170,39,20,34,1,50,8,8,42,4,87,45,52,44,1,0
2023-05-28,League Two Playoff,4167697,Carlisle United,Stockport County,0.4147196261682243,0.12199599465954607,0.46328437917222964,1,1,1,50,10,4,1,1,55,19,5,3,3,0,8,2,392,85,131,32,7,42,0,61,6,5,27,1,89,46,44,59,2,0,50,16,1,1,1,56,14,5,10,5,0,8,8,398,89,135,26,23,30,2,48,12,4,35,2,110,54,56,50,1,0
