match_date,league_name,matchid,home_team,away_team,home_probability_win,draw_probability,away_probability_win,home_goals,away_goals,ftr,home_ball_possession,home_total_shots,home_shots_on_target,home_big_chances,home_big_misses,home_accurate_passes,home_fouls_commited,home_corners,home_shots_off_target,home_blocked_shots,home_hit_woodwork,home_shots_inside_box,home_shots_outside_box,home_passes,home_own_half,home_opposition_half,home_accurate_long_balls,home_accurate_crosses,home_throws,home_offsides,home_tackles_won,home_interceptions,home_blocks,home_clearances,home_keeper_save,home_duels_won,home_geround_duels_won,home_aerial_duels_won,home_successful_dribbles,home_yellow_cards,home_red_cards,away_ball_possession,away_total_shots,away_shots_on_target,away_big_chances,away_big_misses,away_accurate_passes,away_fouls_commited,away_corners,away_shots_off_target,away_blocked_shots,away_hit_woodwork,away_shots_inside_box,away_shots_outside_box,away_passes,away_own_half,away_opposition_half,away_accurate_long_balls,away_axxurate_crosses,away_throws,away_offsides,away_tackles_won,away_interceptions,away_blocks,away_clearances,away_keeper_save,away_duels_won,away_geround_duels_won,away_aerial_duels_won,away_successful_dribbles,away_yellow_cards,away_red_cards
2023-08-05,League Two,4203374,Accrington Stanley,Newport County,0.46981891348088534,0.26458752515090544,0.2655935613682093,3,0,0,55,16,8,4,1,52,12,7,5,3,0,10,6,393,106,100,33,39,28,4,83,13,6,46,1,96,60,67,63,2,0,45,19,2,5,5,45,13,4,11,6,1,12,7,317,72,72,21,24,51,3,56,17,3,18,5,53,40,33,8,0,0
2023-08-05,League Two,4203365,Crawley Town,Bradford City,0.2589641434262948,0.17031872509960158,0.5707171314741036,1,0,0,54,19,3,1,1,79,14,2,11,5,1,12,7,442,200,149,43,8,25,4,53,11,6,24,6,59,47,47,50,6,0,46,14,6,2,2,73,14,4,2,6,0,10,4,365,120,148,51,31,30,3,64,7,5,17,2,66,53,53,64,3,1
2023-08-05,League Two,4203366,Crewe Alexandra,Mansfield Town,0.34507042253521125,0.22887323943661972,0.426056338028169,2,2,1,52,13,3,1,1,75,8,10,4,6,1,9,4,469,223,127,36,19,21,1,73,9,5,30,7,64,57,35,62,2,0,48,20,9,4,4,74,16,5,5,6,1,18,2,426,141,173,37,23,22,1,78,15,5,35,1,62,43,65,47,4,1
2023-08-05,League Two,4203367,Doncaster Rovers,Harrogate Town,0.6150178784266984,0.20381406436233612,0.18116805721096543,0,1,2,56,12,3,3,3,61,7,6,4,5,0,8,4,455,152,124,28,12,51,2,58,6,0,16,5,78,65,43,63,1,0,44,7,6,1,0,59,20,5,1,0,0,5,2,368,82,134,19,7,32,1,77,16,6,38,2,65,35,57,33,4,0
2023-08-05,League Two,4203368,Forest Green Rovers,Salford City,0.3472931562819203,0.2236976506639428,0.4290091930541369,0,2,2,50,19,4,2,2,80,17,9,7,8,1,12,7,459,201,165,53,35,20,0,50,12,3,17,1,48,43,41,63,3,0,50,7,3,1,0,76,9,4,1,3,0,4,3,463,234,118,48,20,19,4,60,14,7,13,4,64,57,59,55,3,0
2023-08-05,League Two,4203369,Grimsby Town,AFC Wimbledon,0.5622932745314223,0.1874310915104741,0.25027563395810365,0,0,1,62,15,5,1,1,67,10,8,5,5,1,6,9,461,143,165,41,24,35,3,64,7,1,19,4,75,48,55,64,4,0,38,11,4,2,2,46,12,5,5,2,0,8,3,288,69,63,23,39,33,5,85,6,5,42,5,69,52,45,75,3,0
2023-08-05,League Two,4203370,Morecambe,Walsall,0.4664179104477612,0.2462686567164179,0.2873134328358209,2,1,0,49,8,5,3,1,58,12,5,2,1,0,6,2,353,93,112,26,16,41,0,63,12,3,16,0,70,46,48,57,6,0,51,11,1,0,0,61,7,3,7,3,1,7,4,373,81,147,35,32,39,2,58,4,1,18,3,79,54,52,55,4,0
2023-08-05,League Two,4203371,Stockport County,Gillingham,0.588469184890656,0.18588469184890655,0.22564612326043737,0,1,2,57,17,3,3,3,72,11,6,8,6,1,11,6,466,158,176,30,13,42,2,75,8,0,30,2,66,44,57,47,0,0,43,6,3,2,1,62,11,1,2,1,0,3,3,375,95,136,30,8,29,0,55,6,6,38,3,65,56,43,63,5,0
2023-08-05,League Two,4203372,Sutton United,Notts County,0.20575221238938052,0.18215339233038347,0.612094395280236,5,1,0,34,12,6,4,1,72,17,4,6,0,2,10,2,313,126,99,50,29,14,3,50,9,6,12,2,44,51,65,78,3,0,66,12,3,1,0,85,8,5,3,6,0,5,7,622,334,194,42,7,24,2,43,4,0,13,1,36,49,35,43,3,1
2023-08-05,League Two,4203373,Tranmere Rovers,Barrow,0.5613382899628253,0.22924411400247832,0.2094175960346964,1,2,2,64,16,3,2,1,77,9,8,8,5,0,6,10,597,245,217,53,8,33,0,45,6,3,34,1,51,47,55,30,2,0,36,8,3,0,0,61,8,4,2,3,0,6,2,335,94,110,30,26,30,2,77,12,5,40,2,49,53,45,18,2,0
2023-08-05,League Two,4203375,Wrexham,Milton Keynes Dons,0.8333073687490263,0.07150646518149245,0.09518616606948123,3,5,2,64,23,6,1,1,75,15,5,12,5,0,13,10,544,258,149,45,37,37,0,65,7,1,15,2,54,45,49,50,2,0,36,8,6,2,0,58,9,4,1,1,1,2,6,310,85,96,32,7,34,1,82,7,5,26,3,62,55,51,53,3,0
2023-08-12,League Two,4203467,AFC Wimbledon,Wrexham,0.18318246784182945,0.1010004764173416,0.715817055740829,1,1,1,51,12,3,2,1,70,12,6,4,5,0,9,3,403,168,114,38,27,37,1,59,5,2,24,5,55,54,42,38,3,0,49,11,6,1,1,70,12,4,3,2,0,7,4,402,136,146,34,24,33,1,73,9,5,15,2,58,46,58,50,3,0
2023-08-12,League Two,4203376,Barrow,Sutton United,0.37582128777923784,0.29303547963206306,0.3311432325886991,2,1,0,75,18,7,1,0,83,8,9,7,4,0,14,4,589,225,265,58,28,30,0,56,3,2,16,2,53,52,45,59,0,0,25,10,3,4,3,51,7,1,5,2,0,8,2,206,52,54,25,33,26,2,53,4,4,33,5,54,48,55,31,1,1
2023-08-12,League Two,4203364,Bradford City,Colchester United,0.6209223847019123,0.19910011248593926,0.17997750281214847,2,1,0,52,17,6,2,1,73,3,4,6,5,1,15,2,443,177,146,29,24,20,1,76,9,3,23,2,59,55,47,44,2,0,48,13,3,5,4,71,9,11,6,4,0,10,3,410,160,131,36,26,31,2,56,11,5,18,4,56,45,53,58,2,0
2023-08-12,League Two,4203363,Gillingham,Accrington Stanley,0.5672215108834827,0.24327784891165172,0.18950064020486557,1,0,0,52,15,3,4,3,62,14,9,9,3,0,11,4,358,70,151,41,17,29,0,56,11,3,11,2,64,51,37,63,3,0,48,10,2,0,0,62,13,1,4,4,0,3,7,347,130,85,32,30,22,4,79,13,3,45,3,80,49,63,67,2,0
2023-08-12,League Two,4203351,Harrogate Town,Forest Green Rovers,0.5088495575221239,0.24926253687315633,0.24188790560471976,0,1,2,50,9,3,1,1,68,7,8,2,4,0,7,2,454,166,142,32,13,29,0,54,16,5,21,1,89,52,57,50,1,0,50,15,2,1,0,69,11,5,7,6,0,12,3,455,155,158,29,33,26,0,65,13,4,35,3,74,48,43,53,3,0
2023-08-12,League Two,4203352,Mansfield Town,Morecambe,0.5873205741626795,0.24043062200956938,0.1722488038277512,3,0,0,69,26,6,5,2,81,9,5,14,6,0,17,9,574,186,278,51,29,38,0,46,7,1,12,0,62,52,57,67,2,0,31,5,0,2,2,55,10,4,4,1,0,4,1,253,46,94,29,17,26,1,50,8,6,28,3,53,48,43,67,2,0
2023-08-12,League Two,4203353,Milton Keynes Dons,Tranmere Rovers,0.6142034548944337,0.21976967370441458,0.16602687140115163,1,0,0,51,8,2,0,0,70,8,2,4,2,0,5,3,447,140,171,22,40,26,2,67,13,4,25,3,65,53,45,38,2,0,49,16,3,4,4,67,12,11,9,4,1,12,4,423,121,163,37,40,32,6,61,3,2,21,1,66,47,55,33,1,0
2023-08-12,League Two,4203466,Newport County,Doncaster Rovers,0.4339339339339339,0.24024024024024024,0.3258258258258258,4,0,0,41,14,5,5,3,55,10,2,8,1,0,13,1,265,52,95,27,19,36,4,69,6,2,17,2,66,57,39,56,4,0,59,8,2,1,1,68,18,5,4,2,0,3,5,403,169,107,39,27,28,1,50,15,1,27,2,66,43,61,53,6,0
2023-08-12,League Two,4203354,Notts County,Grimsby Town,0.5299425758818704,0.2124692370795734,0.2575881870385562,3,2,0,64,13,9,3,3,82,6,7,4,0,0,10,3,613,282,220,35,35,25,1,91,9,2,5,1,62,60,39,75,4,0,36,10,3,2,0,66,16,6,5,2,0,7,3,337,122,101,43,50,13,1,65,12,0,22,6,57,40,61,50,4,0
2023-08-12,League Two,4203355,Salford City,Crawley Town,0.63375,0.22875,0.1375,1,1,1,49,7,3,4,3,82,13,2,4,0,0,4,3,463,263,118,45,33,26,1,67,8,6,13,1,40,47,64,57,1,0,51,15,1,2,2,81,10,3,7,7,4,8,7,491,247,150,34,33,22,3,54,11,0,12,2,37,53,36,50,4,0
2023-08-12,League Two,4203356,Swindon Town,Crewe Alexandra,0.5535006605019815,0.22324966974900926,0.22324966974900926,2,2,1,63,20,6,2,2,85,13,7,7,7,0,10,10,593,278,228,48,30,20,0,83,12,3,10,3,40,44,42,33,4,0,37,16,5,1,0,77,13,2,8,3,0,8,8,348,174,93,33,30,13,1,48,13,7,23,4,51,56,58,57,6,0
2023-08-12,League Two,4203357,Walsall,Stockport County,0.33146853146853145,0.26853146853146853,0.4,2,1,0,33,9,2,2,0,57,8,4,5,2,0,7,2,260,78,71,33,25,26,0,41,13,6,45,2,52,47,44,30,3,0,67,19,3,2,1,78,9,11,10,6,0,11,8,519,200,206,37,16,33,2,81,10,2,16,0,61,53,56,54,5,0
2023-08-15,League Two,4203358,Accrington Stanley,Barrow,0.37270341207349084,0.431758530183727,0.19553805774278216,1,1,1,50,9,2,2,1,72,10,1,4,3,0,5,4,431,176,135,56,25,24,4,50,15,7,35,0,63,47,49,56,2,0,50,14,1,0,0,67,5,10,6,7,0,10,4,407,130,144,37,26,29,3,53,13,3,14,1,68,53,51,52,1,0
2023-08-15,League Two,4203359,Colchester United,AFC Wimbledon,0.3331567796610169,0.4147245762711864,0.2521186440677966,0,2,2,54,9,4,0,0,78,8,7,4,1,1,6,3,415,195,130,39,16,22,0,37,9,6,15,5,62,54,52,40,3,0,46,21,7,5,4,72,12,9,8,6,1,15,6,355,99,156,40,38,20,0,72,7,1,8,4,55,46,48,60,4,0
2023-08-15,League Two,4203360,Crawley Town,Milton Keynes Dons,0.22958529286019666,0.37366395895681914,0.39675074818298417,2,1,0,58,14,5,3,1,75,8,7,6,3,1,7,7,516,230,158,44,17,34,0,50,4,2,11,1,55,48,54,43,1,0,42,8,2,0,0,70,11,5,4,2,0,5,3,382,162,107,39,13,33,2,81,6,3,30,3,53,52,46,57,2,0
2023-08-15,League Two,4203465,Crewe Alexandra,Newport County,0.31073785242951407,0.4241151769646071,0.26514697060587883,4,2,0,52,10,6,4,1,70,4,1,2,2,0,7,3,443,184,125,37,9,26,2,56,10,3,31,5,72,73,51,64,0,0,48,14,7,1,0,61,12,5,4,3,0,9,5,408,78,172,25,29,30,2,43,13,2,11,2,51,27,49,0,2,0
2023-08-15,League Two,4203361,Doncaster Rovers,Mansfield Town,0.26161710037174724,0.3629182156133829,0.3754646840148699,2,2,1,32,11,5,2,1,57,8,3,3,3,0,7,4,275,59,97,29,27,22,2,33,8,6,41,5,63,52,57,80,2,0,68,19,7,4,3,78,10,7,5,7,1,15,4,566,224,219,52,28,38,3,50,8,3,17,3,52,48,43,70,3,0
2023-08-15,League Two,4203362,Forest Green Rovers,Swindon Town,0.36416184971098264,0.3884393063583815,0.24739884393063583,1,2,2,42,12,5,0,0,70,12,6,4,3,0,9,3,325,124,102,33,21,33,2,45,18,2,35,6,59,42,55,41,4,1,58,22,8,2,1,77,11,5,10,4,1,13,9,444,161,181,51,19,29,3,65,10,3,26,4,66,58,45,68,3,0
2023-08-15,League Two,4203377,Grimsby Town,Salford City,0.31294765840220384,0.38732782369146007,0.2997245179063361,2,0,0,51,10,2,0,0,65,16,2,6,2,0,6,4,351,111,116,30,7,34,1,48,8,2,23,1,86,58,52,37,0,0,49,5,1,0,0,65,16,7,1,3,0,3,2,334,137,79,42,7,30,2,60,12,2,21,0,70,42,48,23,4,1
2023-08-15,League Two,4203421,Morecambe,Notts County,0.26492724535875567,0.3702960361264426,0.3647767185148018,0,0,1,25,13,1,0,0,60,7,4,7,5,0,9,4,225,60,75,37,27,13,3,59,12,4,13,1,41,46,61,75,1,0,75,9,1,0,0,87,4,5,4,4,1,7,2,692,360,242,36,22,24,0,63,7,5,6,1,41,54,39,65,1,0
2023-08-15,League Two,4203409,Stockport County,Bradford City,0.36850562399571507,0.3690412426352437,0.26245313336904125,1,1,1,56,15,5,5,4,73,7,7,6,4,0,12,3,454,145,186,38,32,22,3,70,6,2,15,5,59,58,52,54,2,0,44,10,6,3,2,68,16,4,2,2,0,7,3,362,139,107,39,42,18,1,87,13,4,26,4,48,42,48,40,3,0
2023-08-15,League Two,4203408,Sutton United,Gillingham,0.2966534316505956,0.3879750425411231,0.3153715258082813,0,1,2,49,6,2,2,2,56,6,2,0,4,0,4,2,330,86,98,36,24,40,2,62,7,3,18,0,69,45,57,18,2,0,51,5,1,1,0,59,10,9,1,3,0,5,0,356,103,106,33,27,31,1,68,12,5,40,1,63,55,43,54,1,0
2023-08-15,League Two,4203407,Tranmere Rovers,Harrogate Town,0.40153096729297144,0.40848990953375086,0.18997912317327767,3,0,0,47,11,5,2,0,72,10,6,3,3,0,5,6,418,123,176,51,23,28,0,73,10,4,27,2,74,54,47,40,2,0,53,12,2,0,0,73,17,3,6,4,0,3,9,470,151,192,40,15,43,1,73,14,3,23,2,71,46,53,60,1,0
2023-08-15,League Two,4203464,Wrexham,Walsall,0.7093413385131556,0.18453116722585203,0.10612749426099241,4,2,0,48,20,11,1,1,78,3,6,3,6,0,11,9,455,204,151,45,37,23,2,58,8,2,32,4,64,55,65,33,1,0,52,12,5,1,0,80,9,3,5,2,1,5,7,496,182,215,54,16,23,0,67,5,6,22,6,42,45,35,57,3,0
2023-08-19,League Two,4203406,Accrington Stanley,Harrogate Town,0.5650557620817844,0.28376703841387857,0.15117719950433706,2,1,0,48,24,7,4,4,64,14,5,13,4,1,16,8,342,110,109,46,33,23,0,71,20,3,15,1,85,55,57,38,4,1,52,10,2,2,1,67,15,3,5,3,0,6,4,383,121,135,30,29,30,2,82,15,3,18,5,67,45,43,47,4,0
2023-08-19,League Two,4203405,Colchester United,Milton Keynes Dons,0.27936507936507937,0.2074074074074074,0.5132275132275133,2,3,2,45,12,4,2,0,68,16,3,4,4,0,9,3,366,142,108,26,25,27,1,57,3,5,28,3,59,44,41,70,5,0,55,17,6,2,1,72,8,6,5,6,1,11,6,449,179,144,29,24,30,4,37,3,4,11,2,79,56,59,58,4,0
2023-08-19,League Two,4203404,Crawley Town,Gillingham,0.25440313111545987,0.23483365949119372,0.5107632093933464,0,1,2,68,17,7,3,3,84,8,9,4,6,0,12,5,609,261,249,42,28,22,1,50,8,2,14,3,36,43,56,50,3,0,32,9,3,0,0,65,10,4,4,2,1,6,3,288,63,125,26,45,27,4,67,11,5,21,7,40,57,44,82,3,0
2023-08-19,League Two,4203403,Crewe Alexandra,Walsall,0.5439056356487549,0.23722149410222804,0.21887287024901703,2,2,1,64,11,3,3,3,82,6,8,5,3,0,6,5,517,286,136,49,18,27,5,36,3,6,12,4,50,52,49,53,1,0,36,19,7,1,0,66,10,5,6,6,0,11,8,290,67,125,42,25,15,1,61,10,2,19,1,49,48,51,54,1,0
2023-08-19,League Two,4203402,Doncaster Rovers,Notts County,0.3230174081237911,0.21566731141199227,0.46131528046421666,1,3,2,37,10,6,0,0,72,10,4,2,2,0,6,4,349,166,87,38,25,25,4,58,8,0,8,2,42,50,46,45,0,0,63,8,5,2,0,84,8,3,3,0,0,6,2,614,331,185,41,20,27,5,75,14,2,10,5,44,50,54,42,4,0
2023-08-19,League Two,4203463,Forest Green Rovers,Newport County,0.43128654970760233,0.260233918128655,0.3084795321637427,0,3,2,68,11,1,0,0,79,6,7,5,5,0,8,3,628,311,184,43,29,26,1,61,10,1,15,4,71,54,56,67,3,1,32,10,7,4,1,59,7,4,2,1,0,7,3,298,56,119,39,15,35,1,50,18,5,24,1,59,46,44,31,1,0
2023-08-19,League Two,4203401,Grimsby Town,Mansfield Town,0.36260978670012545,0.24968632371392724,0.3877038895859473,1,1,1,39,8,3,1,1,64,7,4,4,1,0,5,3,328,87,122,44,23,24,1,82,14,5,17,3,57,50,47,38,0,0,61,19,4,2,1,76,11,6,10,5,2,13,6,500,213,165,39,36,41,4,65,6,1,19,2,60,50,53,57,0,0
2023-08-19,League Two,4203410,Morecambe,Bradford City,0.2936170212765957,0.2170212765957447,0.48936170212765956,3,0,0,36,12,3,3,1,62,15,6,3,6,0,7,5,252,53,102,30,30,30,1,73,7,5,17,5,54,43,54,38,3,0,64,14,5,1,1,79,11,3,4,5,0,9,5,456,180,179,46,33,43,2,83,5,6,32,0,58,57,46,60,3,0
2023-08-19,League Two,4203411,Stockport County,Barrow,0.47696139476961397,0.2054794520547945,0.3175591531755915,1,0,0,61,12,6,3,3,76,10,4,5,1,0,11,1,502,149,231,33,25,31,2,65,11,2,16,3,59,51,60,43,2,0,39,9,3,0,0,63,5,3,4,2,0,4,5,323,88,115,40,21,36,0,83,6,3,25,3,49,49,40,27,1,0
2023-08-19,League Two,4203420,Sutton United,AFC Wimbledon,0.3785488958990536,0.22712933753943218,0.3943217665615142,0,3,2,49,11,4,1,1,52,7,4,6,1,1,7,4,288,59,92,23,41,36,3,69,9,4,29,2,62,58,41,45,2,0,51,15,5,4,3,52,18,5,6,4,2,11,4,295,64,89,21,33,32,1,71,5,1,47,4,63,42,59,38,1,0
2023-08-19,League Two,4203419,Tranmere Rovers,Salford City,0.42532005689900426,0.24182076813655762,0.3328591749644381,3,4,2,40,14,6,3,1,71,14,4,2,6,0,12,2,297,96,115,39,45,25,1,47,9,5,27,2,57,42,53,50,1,0,60,17,6,4,2,76,10,5,6,5,2,10,7,445,199,139,51,35,35,1,68,8,5,17,3,66,58,47,56,2,0
2023-08-19,League Two,4203477,Wrexham,Swindon Town,0.7689265536723164,0.12740112994350283,0.10367231638418078,5,5,1,49,28,12,8,5,77,12,9,6,10,1,21,7,395,156,148,49,18,21,0,47,5,0,8,1,69,59,69,65,1,0,51,8,6,4,1,80,17,2,2,0,1,7,1,436,213,135,30,29,20,2,67,6,8,31,7,42,41,31,50,3,0
2023-08-26,League Two,4203418,AFC Wimbledon,Forest Green Rovers,0.5969202898550725,0.2346014492753623,0.16847826086956522,1,1,1,51,22,6,2,2,74,12,9,7,9,1,17,5,440,145,182,40,26,33,2,52,13,2,18,2,76,45,60,50,2,0,49,8,3,2,1,74,4,2,3,2,1,6,2,444,149,180,41,8,28,0,75,12,9,37,5,69,55,40,56,1,0
2023-08-26,League Two,4203478,Barrow,Wrexham,0.15419354838709678,0.12548387096774194,0.7203225806451613,1,1,1,48,5,2,0,0,75,9,3,2,1,0,3,2,412,160,150,48,8,24,1,82,11,1,30,3,44,48,53,50,3,0,52,12,4,5,4,77,9,10,7,1,0,9,3,431,161,171,37,10,25,1,50,9,1,15,1,44,52,47,44,2,0
2023-08-26,League Two,4203417,Bradford City,Crewe Alexandra,0.5271411338962606,0.24728588661037396,0.2255729794933655,1,0,0,48,13,3,2,1,74,9,4,3,7,0,8,5,412,164,140,32,24,30,1,68,10,4,36,3,67,61,69,80,2,0,52,10,3,1,1,75,8,11,3,4,0,5,5,437,172,154,30,19,34,1,71,4,7,24,2,37,39,31,57,0,0
2023-08-26,League Two,4203416,Gillingham,Colchester United,0.6870990734141126,0.203136136849608,0.1097647897362794,0,3,2,59,10,4,0,0,74,14,3,5,1,0,6,4,468,193,154,35,32,27,0,40,5,6,20,1,60,56,52,67,2,1,41,12,5,3,1,69,18,4,1,6,0,8,4,327,128,98,39,13,26,0,50,7,1,26,4,51,44,48,62,4,0
2023-08-26,League Two,4203415,Harrogate Town,Morecambe,0.3821782178217822,0.27722772277227725,0.3405940594059406,2,0,0,58,17,6,4,3,69,13,1,6,5,0,12,5,499,153,190,39,48,32,2,67,17,3,19,1,92,48,65,31,3,0,42,9,1,1,1,54,11,4,5,3,0,3,6,350,78,112,32,5,35,0,75,7,3,18,4,68,52,35,50,3,1
2023-08-26,League Two,4203414,Mansfield Town,Stockport County,0.5095613048368954,0.2407199100112486,0.24971878515185603,3,2,0,63,28,11,0,0,80,5,11,6,11,1,21,7,585,229,237,41,32,42,3,65,3,6,19,1,70,51,57,39,1,0,37,10,3,1,1,68,7,1,1,6,0,7,3,346,89,147,32,21,31,1,63,10,11,34,8,60,49,43,60,0,0
2023-08-26,League Two,4203413,Milton Keynes Dons,Doncaster Rovers,0.6298482293423272,0.22849915682967958,0.14165261382799327,2,1,0,39,9,5,1,0,66,8,2,2,2,0,5,4,332,108,111,36,17,23,3,45,7,6,18,5,66,64,58,75,1,0,61,17,6,1,1,79,17,8,5,6,0,13,4,513,226,177,45,27,29,3,60,7,2,11,3,42,36,42,55,1,0
2023-08-26,League Two,4203495,Newport County,Sutton United,0.5800865800865801,0.2597402597402597,0.16017316017316016,3,1,0,51,15,5,3,2,52,7,1,4,6,0,12,3,334,77,98,29,32,25,2,69,8,5,30,3,74,56,56,80,1,0,49,15,5,0,0,57,11,6,6,4,0,10,5,320,52,130,23,32,34,1,75,10,6,21,3,59,44,44,63,3,0
2023-08-26,League Two,4203412,Notts County,Tranmere Rovers,0.60580204778157,0.24061433447098976,0.15358361774744028,2,1,0,60,17,6,5,4,91,6,11,6,5,2,12,5,654,274,318,47,32,17,1,50,10,4,12,3,38,65,53,71,3,0,40,12,4,0,0,85,8,3,3,5,0,8,4,434,241,126,58,40,17,3,60,8,5,18,4,23,35,47,25,3,0
2023-08-26,League Two,4203400,Salford City,Accrington Stanley,0.5378670788253478,0.2828438948995363,0.17928902627511592,1,2,2,65,15,2,1,0,78,20,1,6,7,3,10,5,530,282,130,49,19,25,1,36,4,3,16,4,76,44,65,48,3,0,35,16,6,5,4,62,10,6,5,5,1,8,8,275,68,102,41,20,25,2,53,10,7,29,1,67,56,35,64,3,0
2023-08-26,League Two,4203399,Swindon Town,Crawley Town,0.5455820476858345,0.25105189340813466,0.20336605890603085,6,0,0,55,17,10,7,2,82,10,5,5,2,0,12,5,534,239,200,46,17,20,2,45,12,6,12,3,50,54,40,67,0,0,45,14,3,1,1,76,10,6,5,6,1,8,6,434,195,137,31,25,20,0,65,8,2,14,4,51,46,60,50,1,0
2023-08-26,League Two,4203387,Walsall,Grimsby Town,0.3899280575539568,0.31654676258992803,0.2935251798561151,1,1,1,35,17,6,3,2,63,13,8,8,3,0,8,9,213,64,71,46,20,35,3,67,10,4,21,1,50,42,51,56,2,1,65,12,2,3,3,78,11,10,6,4,1,7,5,413,181,143,49,17,26,1,69,9,4,22,4,59,58,49,56,3,0
2023-09-02,League Two,4203493,Tranmere Rovers,Wrexham,0.17391304347826086,0.16026658203744842,0.6658203744842907,0,1,2,53,11,2,0,0,80,7,7,7,2,0,7,4,430,198,144,53,28,22,4,58,9,6,43,5,55,52,52,38,1,0,47,23,5,5,4,70,11,17,10,8,0,20,3,358,111,139,37,40,26,1,70,4,2,16,2,51,48,48,67,1,0
2023-09-02,League Two,4203386,Crewe Alexandra,Milton Keynes Dons,0.22486569455103608,0.2409823484267076,0.5341519570222564,3,1,0,54,16,7,3,1,76,12,8,6,3,0,11,5,510,236,152,35,15,24,2,25,10,5,10,3,54,45,59,42,4,0,46,12,4,1,1,72,8,2,3,5,0,6,6,424,138,168,32,13,32,1,64,14,3,15,4,50,55,41,75,1,0
2023-09-02,League Two,4203385,Doncaster Rovers,Swindon Town,0.30637488106565175,0.23977164605137963,0.4538534728829686,0,0,1,43,7,3,0,0,75,9,1,3,1,0,4,3,339,144,111,56,24,15,0,38,7,8,32,2,49,57,58,57,4,1,57,14,2,1,1,83,15,11,4,8,0,9,5,447,182,191,48,14,24,5,20,12,1,16,3,36,43,42,46,4,0
2023-09-02,League Two,4203384,Grimsby Town,Gillingham,0.3416149068322981,0.2484472049689441,0.40993788819875776,2,0,0,54,12,4,1,0,68,6,6,4,4,0,9,3,400,97,173,33,11,32,2,67,12,1,23,3,67,57,45,69,1,0,46,6,3,0,0,58,12,4,2,1,0,5,1,340,121,76,40,29,38,2,63,6,4,16,2,65,43,55,40,0,0
2023-09-02,League Two,4203383,Harrogate Town,Barrow,0.40943396226415096,0.27735849056603773,0.3132075471698113,0,1,2,53,13,5,3,3,70,11,8,3,5,0,8,5,418,98,193,30,13,22,4,82,13,3,29,1,64,49,47,65,2,0,47,10,2,0,0,61,10,6,5,3,0,6,4,377,87,144,36,33,27,1,33,10,5,19,5,69,51,53,33,2,0
2023-09-02,League Two,4203382,Mansfield Town,Bradford City,0.4778672032193159,0.24849094567404426,0.27364185110663986,0,0,1,48,11,1,0,0,75,10,8,5,5,0,6,5,426,173,147,46,13,30,1,68,11,3,8,2,56,56,60,60,2,0,52,9,2,0,0,80,12,2,4,3,0,6,3,488,243,146,34,38,39,0,67,10,5,29,1,42,44,40,38,4,0
2023-09-02,League Two,4203381,Morecambe,Salford City,0.3241042345276873,0.2785016286644951,0.3973941368078176,1,0,0,38,11,5,1,1,59,14,9,4,2,0,6,5,260,45,109,39,29,31,0,58,3,3,16,3,60,41,47,29,0,0,62,7,2,1,1,74,11,3,2,3,0,5,2,435,153,170,32,38,34,0,73,4,2,21,4,77,59,53,65,0,1
2023-09-02,League Two,4203494,Newport County,AFC Wimbledon,0.41801075268817206,0.28225806451612906,0.29973118279569894,2,2,1,58,12,4,2,0,65,6,6,4,4,1,8,4,492,127,191,30,12,30,0,59,11,3,12,2,72,52,42,50,1,0,42,15,4,1,1,56,8,3,8,3,1,11,4,352,74,123,37,35,23,0,57,14,4,30,2,85,48,58,53,1,0
2023-09-02,League Two,4203380,Notts County,Accrington Stanley,0.6026490066225165,0.24420529801324503,0.15314569536423842,3,1,0,60,10,5,3,1,83,11,2,3,2,0,7,3,518,291,137,30,24,25,1,71,4,2,11,5,39,50,52,60,4,0,40,16,6,2,2,74,11,7,7,3,0,11,5,322,125,112,47,33,17,5,50,11,2,10,2,38,50,48,63,2,0
2023-09-02,League Two,4203379,Stockport County,Crawley Town,0.6200814111261872,0.23609226594301222,0.14382632293080055,3,3,1,54,16,5,3,1,77,8,2,9,2,0,13,3,510,214,179,36,30,26,3,70,8,0,21,2,77,66,67,58,1,0,46,6,5,2,0,71,12,3,1,0,0,3,3,434,185,123,37,40,30,1,57,10,2,17,2,39,34,33,25,5,0
2023-09-02,League Two,4203388,Sutton United,Forest Green Rovers,0.44426229508196724,0.2786885245901639,0.27704918032786885,0,1,2,44,13,1,0,0,64,13,7,7,5,0,9,4,333,93,119,42,30,38,2,67,4,5,14,5,71,56,56,75,1,0,56,16,6,1,1,78,14,3,5,5,0,11,5,427,190,142,41,40,24,4,75,9,5,57,1,56,44,44,33,2,0
2023-09-02,League Two,4203389,Walsall,Colchester United,0.49777777777777776,0.29185185185185186,0.21037037037037037,1,0,0,45,16,7,0,0,69,17,6,4,5,0,10,6,310,107,107,48,19,23,1,75,16,3,20,3,62,49,56,61,5,0,55,10,3,1,1,74,9,4,4,3,0,7,3,388,164,125,38,33,27,2,42,7,5,29,6,58,51,44,50,1,0
2023-09-09,League Two,4203395,Bradford City,Grimsby Town,0.4772647162495594,0.3299259781459288,0.19280930560451182,1,1,1,56,9,1,0,0,73,10,7,5,3,0,5,4,418,177,129,43,11,31,3,53,13,1,19,2,69,63,43,74,2,0,44,7,3,1,0,71,10,2,3,1,0,3,4,337,108,130,32,25,33,1,75,10,3,31,0,61,37,57,0,4,0
2023-09-09,League Two,4203398,Accrington Stanley,Mansfield Town,0.352972972972973,0.4321621621621622,0.21486486486486486,0,3,2,52,14,2,2,2,68,13,5,8,4,0,8,6,380,143,116,41,16,37,0,55,8,3,20,2,66,49,62,27,1,0,48,12,5,2,1,68,17,4,4,3,0,7,5,339,125,104,28,24,25,5,73,7,4,31,2,54,51,38,46,1,0
2023-09-09,League Two,4203397,AFC Wimbledon,Stockport County,0.4290211791642816,0.41385231825987406,0.15712650257584432,1,2,2,40,9,4,2,1,62,13,3,3,2,0,8,1,311,73,119,30,13,40,2,75,9,1,16,1,53,44,36,43,2,0,60,12,3,2,0,76,7,5,8,1,0,8,4,483,199,168,37,29,22,0,83,12,2,23,3,81,56,64,50,2,0
2023-09-09,League Two,4203394,Colchester United,Tranmere Rovers,0.3882303132938188,0.43903471634208296,0.1727349703640982,2,0,0,50,30,12,9,7,77,10,11,9,9,0,22,8,429,200,130,38,53,21,1,60,15,1,20,2,48,42,46,56,2,0,50,8,2,1,1,76,8,5,5,1,0,6,2,423,142,178,38,25,25,0,45,4,10,16,9,62,58,54,78,5,0
2023-09-09,League Two,4203492,Crawley Town,Newport County,0.30455801104972374,0.4381906077348066,0.2572513812154696,4,1,0,71,13,8,1,1,84,8,4,3,2,0,8,5,648,289,258,40,25,35,3,60,7,2,14,4,47,40,53,42,2,0,29,10,5,0,0,65,9,0,3,2,0,5,5,260,72,96,32,26,25,2,55,7,2,20,4,58,60,48,67,1,0
2023-09-09,League Two,4203393,Forest Green Rovers,Crewe Alexandra,0.3963963963963964,0.4300822561692127,0.1735213474343909,1,4,2,56,8,5,3,2,79,12,3,1,2,0,7,1,506,184,217,37,6,24,1,40,8,5,18,2,46,52,47,71,4,0,44,19,6,4,1,75,10,7,8,5,1,11,8,387,131,161,49,28,25,2,47,12,2,23,4,46,48,53,13,3,0
2023-09-09,League Two,4203392,Gillingham,Harrogate Town,0.5023696682464455,0.3943805010155721,0.1032498307379824,1,0,0,51,13,3,3,2,72,12,10,4,6,0,9,4,401,139,148,48,16,35,3,36,11,1,14,2,50,37,42,38,3,0,49,5,2,0,0,72,7,2,2,1,0,3,2,410,157,139,38,30,23,0,88,6,6,47,2,76,63,58,64,1,0
2023-09-09,League Two,4203391,Milton Keynes Dons,Notts County,0.36165106791456686,0.3875689944804416,0.2507799376049916,1,1,1,30,12,3,2,1,86,12,3,6,3,0,6,6,333,215,70,44,25,12,0,33,6,4,20,2,19,34,70,25,1,0,70,11,3,2,2,94,5,6,4,4,0,8,3,754,419,290,44,17,11,3,50,5,3,2,2,26,66,30,63,0,0
2023-09-09,League Two,4203390,Salford City,Walsall,0.4207843137254902,0.42627450980392156,0.15294117647058825,1,2,2,71,21,7,3,2,85,12,12,5,9,0,11,10,515,230,208,62,30,28,3,62,8,2,9,3,52,53,42,53,2,0,29,10,5,4,2,60,12,1,3,2,0,6,4,215,56,72,39,29,14,0,45,4,7,38,6,55,47,58,50,1,0
2023-09-09,League Two,4203378,Swindon Town,Sutton United,0.5127915726109857,0.3818660647103085,0.1053423626787058,5,3,0,61,15,7,4,1,84,4,5,2,6,0,10,5,514,273,159,48,23,19,5,42,4,4,12,2,37,53,33,75,1,0,39,13,5,2,1,75,6,3,4,4,0,8,5,316,105,131,40,13,20,5,38,7,5,19,2,44,47,67,40,2,0
2023-09-09,League Two,4203491,Wrexham,Doncaster Rovers,0.6521408182683159,0.24871550903901046,0.09914367269267364,2,1,0,48,16,8,3,3,72,9,6,4,4,0,11,5,395,150,135,52,31,26,2,75,5,3,13,1,62,51,58,36,3,0,52,8,2,1,0,82,13,4,3,3,0,7,1,449,255,115,43,16,17,2,65,16,3,39,6,53,49,42,39,3,0
2023-09-15,League Two,4203447,Salford City,Notts County,0.2897740507803401,0.28162124388539483,0.4286047053342651,0,2,2,44,12,2,1,1,82,11,1,6,4,0,8,4,396,232,93,59,50,19,2,45,9,4,18,1,47,49,56,78,3,1,56,15,4,4,3,87,11,8,8,3,1,13,2,515,258,188,40,29,21,3,89,4,4,9,2,44,51,44,63,2,1
2023-09-16,League Two,4203422,Accrington Stanley,Sutton United,0.5453551912568306,0.31366120218579235,0.14098360655737704,4,1,0,44,15,5,5,2,50,10,2,7,3,0,11,4,262,62,68,35,25,32,5,50,14,3,32,0,71,56,53,50,3,0,56,13,1,2,2,62,12,3,8,4,0,9,4,331,68,137,33,22,50,1,33,16,2,20,1,60,44,47,38,1,0
2023-09-16,League Two,4203423,AFC Wimbledon,Crewe Alexandra,0.47502903600464574,0.2764227642276423,0.24854819976771197,2,2,1,50,22,5,2,2,66,11,13,9,8,0,16,6,385,128,128,29,15,19,0,53,9,4,18,1,57,49,40,38,2,0,50,8,3,1,0,65,9,7,1,4,0,5,3,398,150,108,37,42,24,2,67,8,8,35,4,71,51,60,36,2,0
2023-09-16,League Two,4203424,Bradford City,Harrogate Town,0.6244186046511628,0.23488372093023255,0.14069767441860465,1,1,1,68,9,3,1,0,84,8,3,6,0,0,9,0,669,265,296,46,18,24,1,58,6,5,6,0,59,55,54,33,0,0,32,8,1,1,0,69,10,5,2,5,0,6,2,324,112,112,29,0,26,2,65,10,0,27,2,49,45,46,55,2,0
2023-09-16,League Two,4203425,Colchester United,Mansfield Town,0.2665985699693565,0.26251276813074564,0.47088866189989786,1,1,1,31,12,5,1,1,66,9,3,4,3,0,8,4,298,102,94,31,20,24,0,44,10,0,8,4,48,49,41,54,4,0,69,11,5,0,0,83,4,4,6,0,0,6,5,670,318,235,49,33,27,2,59,9,4,11,3,56,51,59,42,3,0
2023-09-16,League Two,4203426,Crawley Town,Tranmere Rovers,0.5558408215661104,0.24133504492939667,0.20282413350449294,3,2,0,74,16,7,1,1,87,7,9,2,7,0,12,4,701,304,305,60,14,26,2,83,4,0,13,2,36,39,63,25,5,0,26,8,4,4,2,60,9,0,4,0,0,6,2,242,59,86,26,0,36,0,62,7,7,22,5,38,61,37,70,5,0
2023-09-16,League Two,4203427,Forest Green Rovers,Doncaster Rovers,0.45933014354066987,0.27751196172248804,0.2631578947368421,1,2,2,51,28,3,5,5,72,8,10,16,9,3,21,7,439,167,148,37,33,30,2,63,10,4,24,6,68,58,56,55,4,0,49,15,7,0,0,71,10,12,4,4,0,5,10,426,168,136,40,17,26,3,45,8,8,32,3,51,42,44,35,2,0
2023-09-16,League Two,4203428,Gillingham,Morecambe,0.5947888589398024,0.26504941599281223,0.14016172506738545,2,1,0,51,11,5,2,1,67,8,4,2,4,0,8,3,372,106,145,25,18,34,4,68,9,0,12,2,66,62,49,57,2,0,49,5,3,1,0,67,16,3,2,0,1,2,3,356,88,151,25,24,30,1,67,2,4,18,3,50,38,51,50,3,1
2023-09-16,League Two,4203446,Milton Keynes Dons,Stockport County,0.5288778877887789,0.2722772277227723,0.19884488448844884,1,2,2,56,20,3,2,1,74,11,9,10,7,1,10,10,429,192,125,41,32,34,1,71,7,1,17,3,53,47,53,50,5,0,44,10,5,3,2,74,10,4,4,1,0,8,2,336,123,124,29,18,21,3,65,11,7,34,2,55,53,47,71,2,0
2023-09-16,League Two,4203490,Newport County,Barrow,0.4780763790664781,0.33097595473833097,0.19094766619519093,1,1,1,36,8,2,2,2,62,13,3,4,2,1,6,2,287,91,87,22,0,27,0,44,11,1,33,2,52,60,39,42,2,1,64,7,3,2,1,76,17,10,1,3,0,5,2,475,135,225,50,11,27,0,38,7,2,19,1,49,40,61,44,2,0
2023-09-16,League Two,4203448,Swindon Town,Walsall,0.5963855421686747,0.2520080321285141,0.15160642570281124,2,0,0,66,12,6,3,2,90,5,4,6,0,0,6,6,638,338,234,71,19,24,3,73,6,2,16,2,48,45,72,60,2,0,34,7,2,0,0,73,10,2,3,2,0,4,3,324,153,83,33,0,15,2,58,8,0,22,4,41,55,28,64,2,1
2023-09-16,League Two,4203489,Wrexham,Grimsby Town,0.7554887218045113,0.13263157894736843,0.1118796992481203,3,0,0,40,18,9,1,0,77,7,3,7,2,0,15,3,376,172,119,50,20,27,2,55,10,6,31,1,47,45,54,67,2,0,60,9,1,0,0,83,6,1,2,6,0,2,7,540,238,211,60,21,21,2,85,6,3,21,5,49,55,46,71,2,0
2023-09-23,League Two,4203449,Crewe Alexandra,Colchester United,0.5265348595213319,0.29656607700312176,0.1768990634755463,2,1,0,42,10,3,4,2,70,16,6,4,3,0,6,4,335,150,85,30,21,24,2,78,7,9,34,4,50,46,55,31,1,0,58,21,6,3,2,84,11,10,7,8,1,11,10,454,211,169,44,29,20,0,57,10,2,13,1,53,54,45,50,0,0
2023-09-23,League Two,4203450,Doncaster Rovers,Gillingham,0.25597014925373135,0.2791044776119403,0.46492537313432836,2,1,0,57,14,6,2,2,75,9,7,3,5,0,8,6,485,181,182,23,17,22,0,29,10,3,32,4,56,50,56,44,2,0,43,15,5,2,2,67,10,6,7,3,2,10,5,369,118,128,31,45,29,4,75,16,5,11,4,48,50,44,67,2,0
2023-09-23,League Two,4203451,Grimsby Town,Crawley Town,0.4420697412823397,0.3059617547806524,0.25196850393700787,2,3,2,52,17,7,4,3,66,14,5,4,6,0,12,5,353,112,122,31,17,27,4,63,11,4,21,0,50,59,53,69,1,0,48,13,3,1,0,64,9,5,6,4,0,3,10,337,113,102,28,20,31,1,75,18,5,28,5,38,41,47,25,1,0
2023-09-23,League Two,4203452,Harrogate Town,Salford City,0.3277693474962064,0.3201820940819423,0.3520485584218513,3,2,0,44,16,7,2,1,82,6,7,5,4,2,14,2,446,167,197,49,13,20,1,63,6,5,21,3,50,58,39,53,2,0,56,18,5,2,1,86,10,5,8,5,1,10,8,570,314,175,50,33,22,0,64,10,5,18,3,50,42,61,38,2,0
2023-09-23,League Two,4203453,Mansfield Town,Barrow,0.568089430894309,0.30284552845528456,0.1290650406504065,1,0,0,61,12,2,0,0,82,9,6,5,5,0,10,2,595,228,257,46,16,22,4,45,11,2,14,2,43,45,44,29,2,0,39,10,2,1,1,72,11,2,6,2,0,6,4,392,146,135,38,13,28,1,53,12,5,19,1,54,55,56,69,1,1
2023-09-23,League Two,4203454,Morecambe,Swindon Town,0.21664994984954863,0.2577733199598796,0.5255767301905717,2,2,1,33,17,5,2,0,69,11,9,7,5,0,10,7,292,59,143,30,25,18,0,57,7,3,18,3,41,39,45,38,1,1,67,13,5,5,3,86,6,4,5,3,0,12,1,607,304,215,47,32,23,0,75,6,4,19,3,58,61,55,53,2,0
2023-09-23,League Two,4203488,Newport County,Bradford City,0.3979721166032953,0.311787072243346,0.2902408111533587,1,4,2,52,7,1,1,0,65,9,6,4,2,0,2,5,420,111,161,31,11,30,1,63,17,6,14,3,68,47,45,36,2,0,48,17,7,5,2,64,8,7,4,6,0,12,5,389,128,121,40,38,25,1,58,16,2,20,0,79,53,55,45,1,0
2023-09-23,League Two,4203455,Notts County,Forest Green Rovers,0.6586859688195991,0.23719376391982183,0.10412026726057906,4,3,0,58,11,6,4,0,84,10,7,4,1,0,8,3,540,247,204,32,27,12,1,67,9,7,24,1,44,49,50,53,3,0,42,14,4,2,0,76,11,10,3,7,1,9,5,379,151,137,44,22,24,4,77,9,1,15,2,45,51,50,79,5,0
2023-09-23,League Two,4203487,Stockport County,Wrexham,0.17364864864864865,0.13716216216216215,0.6891891891891891,5,0,0,53,10,5,5,2,79,10,1,2,3,1,8,2,516,318,89,38,17,24,1,69,6,6,39,4,62,60,55,64,1,0,47,20,5,0,0,72,13,5,10,5,1,15,5,443,152,165,43,38,33,3,82,4,3,10,0,45,40,45,18,1,0
2023-09-23,League Two,4203456,Sutton United,Milton Keynes Dons,0.22886133032694475,0.30101465614430667,0.4701240135287486,1,1,1,42,10,5,1,0,53,10,7,2,3,0,4,6,294,51,104,27,23,29,2,55,11,6,37,1,87,59,50,63,0,0,58,13,2,1,1,63,13,10,5,6,1,7,6,408,111,147,35,11,31,4,72,6,3,34,4,74,41,50,50,1,0
2023-09-23,League Two,4203457,Tranmere Rovers,Accrington Stanley,0.33243606998654107,0.31090174966352624,0.3566621803499327,2,0,0,54,18,7,1,0,69,11,8,5,6,0,11,7,402,126,151,29,47,48,1,69,9,3,17,3,57,51,50,39,0,0,46,9,3,1,1,63,16,6,3,3,0,5,4,336,111,102,42,13,28,2,47,8,6,18,5,55,49,50,53,3,1
2023-09-23,League Two,4203458,Walsall,AFC Wimbledon,0.3732303732303732,0.3384813384813385,0.2882882882882883,1,3,2,34,5,1,0,0,63,10,0,1,3,1,3,2,322,128,76,25,17,23,0,78,8,4,17,3,53,57,39,56,0,1,66,15,6,1,1,83,13,5,4,5,1,12,3,633,308,220,52,29,16,4,62,12,3,22,0,51,43,61,57,2,0
2023-09-30,League Two,4203459,Accrington Stanley,Stockport County,0.31030927835051547,0.28350515463917525,0.4061855670103093,1,3,2,49,14,4,1,1,61,16,9,5,5,0,10,4,380,124,109,30,17,24,2,75,10,0,21,1,67,50,47,67,1,0,51,6,4,3,1,61,10,4,2,0,0,5,1,410,150,101,31,6,39,2,75,9,6,33,2,72,50,53,64,1,0
2023-09-30,League Two,4203460,AFC Wimbledon,Tranmere Rovers,0.5478260869565217,0.2782608695652174,0.17391304347826086,4,1,0,53,18,8,6,3,73,9,4,6,4,0,13,5,454,155,176,39,25,29,1,80,16,2,19,1,61,50,61,56,1,0,47,8,2,3,2,69,10,4,4,2,0,7,1,395,146,127,37,19,46,3,45,6,5,19,4,50,50,39,40,2,1
2023-09-30,League Two,4203445,Barrow,Doncaster Rovers,0.39825581395348836,0.29941860465116277,0.3023255813953488,3,2,0,45,7,4,3,1,68,12,1,2,1,0,4,3,371,135,117,36,13,24,1,67,12,3,27,2,51,53,44,20,4,0,55,13,4,2,0,73,16,8,6,3,0,7,6,445,211,113,38,27,34,1,71,9,1,20,1,52,47,56,53,3,0
2023-09-30,League Two,4203444,Bradford City,Walsall,0.5974193548387097,0.25548387096774194,0.14709677419354839,1,3,2,67,10,3,3,2,77,8,10,2,5,0,8,2,544,241,180,45,18,36,0,61,5,0,16,1,62,52,60,43,1,0,33,7,4,3,1,61,9,5,3,0,0,4,3,276,73,95,25,20,30,1,44,10,5,26,1,50,48,40,45,4,0
2023-09-30,League Two,4203429,Colchester United,Notts County,0.17890520694259013,0.2336448598130841,0.5874499332443258,5,4,0,35,15,8,3,2,82,8,3,3,4,0,8,7,323,166,100,48,40,16,4,45,10,4,37,3,34,37,56,38,3,1,65,21,7,4,1,90,9,8,9,5,0,15,6,583,213,314,42,18,13,1,65,3,5,11,2,49,63,44,81,3,0
2023-09-30,League Two,4203430,Crawley Town,Sutton United,0.6358208955223881,0.22686567164179106,0.1373134328358209,3,0,0,66,18,8,2,0,81,8,5,7,3,1,10,8,588,322,157,33,22,22,3,47,15,2,22,2,56,58,41,58,1,0,34,8,2,0,0,63,12,4,3,3,0,8,0,289,88,95,32,33,34,3,55,9,3,14,5,57,42,59,39,3,0
2023-09-30,League Two,4203431,Forest Green Rovers,Morecambe,0.40822784810126583,0.33069620253164556,0.2610759493670886,1,2,2,60,13,2,2,1,78,8,7,4,7,0,10,3,538,219,202,49,32,26,0,81,2,0,13,9,62,41,62,31,3,0,40,14,11,2,0,73,6,7,3,0,0,10,4,362,114,149,35,20,23,0,68,4,7,29,1,63,59,38,56,2,0
2023-09-30,League Two,4203432,Gillingham,Mansfield Town,0.4028846153846154,0.3230769230769231,0.27403846153846156,1,1,1,47,19,4,2,1,70,11,5,7,8,0,9,10,397,113,163,41,27,29,3,43,10,11,17,3,55,47,59,55,4,0,53,19,4,4,3,71,13,10,4,11,0,12,7,451,167,155,47,32,28,0,71,7,8,17,3,49,53,41,45,2,0
2023-09-30,League Two,4203433,Milton Keynes Dons,Harrogate Town,0.5673076923076923,0.3016826923076923,0.1310096153846154,0,1,2,66,27,4,0,0,85,12,11,10,13,1,11,16,681,243,335,67,28,32,0,90,6,0,10,3,43,36,49,40,3,0,34,3,3,0,0,72,5,3,0,0,0,1,2,358,136,122,24,0,15,0,50,13,12,51,4,60,64,51,60,1,0
2023-09-30,League Two,4203486,Salford City,Newport County,0.43081312410841655,0.3124108416547789,0.25677603423680456,2,1,0,54,10,2,1,1,75,11,2,6,2,1,7,3,448,213,121,37,33,24,2,85,8,1,28,3,73,51,62,48,1,0,46,15,4,1,1,68,12,6,9,2,0,10,5,370,90,163,35,18,27,4,65,14,2,17,1,56,49,38,45,3,0
2023-09-30,League Two,4203434,Swindon Town,Grimsby Town,0.6085814360770578,0.25569176882662,0.13572679509632224,2,1,0,59,8,3,1,1,72,5,9,2,3,0,4,4,427,165,141,39,21,25,2,60,14,3,18,3,57,51,45,38,2,0,41,13,4,4,3,63,10,7,6,3,0,10,3,302,81,108,35,14,26,0,54,18,3,27,1,61,49,55,30,2,0
2023-09-30,League Two,4203485,Wrexham,Crewe Alexandra,0.7146171693735499,0.16208153795160757,0.12330129267484256,3,3,1,51,12,6,1,0,78,12,7,4,2,3,11,1,430,154,183,42,32,28,2,69,8,0,20,4,54,56,50,57,4,1,49,11,7,3,1,80,12,6,4,0,0,10,1,411,205,125,47,25,15,4,67,8,1,31,3,47,44,50,38,4,0
2023-10-03,League Two,4203435,Crewe Alexandra,Gillingham,0.34528405956977387,0.3866519580805295,0.26806398234969664,2,0,0,49,9,4,2,0,71,7,6,3,2,0,7,2,395,180,100,38,35,20,1,46,12,1,27,5,54,53,43,54,1,0,51,13,5,2,2,71,9,4,7,1,1,8,5,417,129,165,38,6,27,3,71,13,2,16,2,59,47,57,56,0,0
2023-10-03,League Two,4203436,Doncaster Rovers,Crawley Town,0.307813319349764,0.32931305715783954,0.36287362349239644,2,0,0,41,18,8,5,3,70,15,5,5,5,0,12,6,349,124,119,45,25,26,1,53,17,3,20,4,59,47,58,31,3,0,59,15,4,1,1,77,12,5,8,3,0,9,6,505,236,152,29,16,22,2,62,9,5,12,6,55,53,42,40,3,0
2023-10-03,League Two,4203437,Grimsby Town,Barrow,0.444006309148265,0.36829652996845424,0.18769716088328076,2,1,0,44,9,7,4,2,65,13,4,2,0,0,7,2,333,105,110,33,25,26,3,62,13,8,42,6,72,52,60,60,2,0,56,23,8,2,1,75,11,7,8,7,0,18,5,420,125,188,47,26,28,0,54,11,0,24,5,56,48,40,36,0,0
2023-10-03,League Two,4203438,Harrogate Town,AFC Wimbledon,0.281986531986532,0.3627946127946128,0.3552188552188552,0,1,2,53,3,2,0,0,77,10,2,1,0,0,0,3,590,303,154,40,25,35,0,36,12,4,13,3,65,51,48,71,2,0,47,16,4,0,0,77,15,4,8,4,0,7,9,509,238,152,39,31,23,1,73,12,0,19,2,65,49,52,46,2,0
2023-10-03,League Two,4203484,Mansfield Town,Wrexham,0.2738552437223043,0.21536189069423928,0.5107828655834564,0,0,1,59,20,5,1,1,79,10,10,8,7,1,12,8,553,163,274,47,23,19,1,68,5,2,11,2,63,59,48,58,2,0,41,8,2,0,0,73,5,6,4,2,0,6,2,396,173,117,47,28,18,1,70,15,6,39,5,55,41,52,31,1,0
2023-10-03,League Two,4203439,Morecambe,Accrington Stanley,0.4059701492537313,0.4129353233830846,0.18109452736318407,1,1,1,49,15,6,4,3,76,17,4,5,4,0,11,4,359,144,129,40,20,29,0,67,5,6,26,2,52,43,54,39,3,0,51,15,3,1,0,74,9,9,6,6,0,5,10,363,139,131,34,25,27,1,46,8,4,16,5,60,57,46,21,3,0
2023-10-03,League Two,4203483,Newport County,Colchester United,0.4189071986123157,0.3590633130962706,0.2220294882914137,2,1,0,43,19,7,3,1,64,12,8,8,4,0,15,4,325,59,148,31,33,34,0,69,3,5,16,3,59,52,49,69,2,0,57,15,4,5,4,76,11,5,6,5,0,13,2,428,218,106,38,39,24,1,80,8,4,27,5,57,48,51,60,2,1
2023-10-03,League Two,4203440,Notts County,Swindon Town,0.4918580375782881,0.32734864300626304,0.18079331941544885,3,1,0,48,10,6,4,1,81,13,3,3,1,0,9,1,478,269,119,36,33,11,3,75,8,7,13,3,40,52,58,50,3,0,52,18,4,2,1,84,14,5,7,7,0,12,6,518,292,141,45,48,20,8,22,4,2,8,2,34,48,42,38,2,0
2023-10-03,League Two,4203441,Stockport County,Forest Green Rovers,0.563323782234957,0.31289398280802294,0.12378223495702005,2,0,0,55,15,6,6,4,78,8,4,6,3,0,13,2,560,335,103,24,13,22,1,44,7,3,17,1,71,56,50,58,1,0,45,6,1,0,0,73,15,3,1,4,0,3,3,463,168,168,41,18,24,5,69,11,2,17,4,62,44,50,52,0,1
2023-10-03,League Two,4203442,Sutton United,Salford City,0.3170731707317073,0.3858885017421603,0.2970383275261324,0,2,2,42,8,2,4,4,70,15,4,3,3,0,7,1,335,129,105,44,26,35,2,60,6,1,23,3,51,49,35,57,1,0,58,12,5,3,1,76,10,3,6,1,1,8,4,458,227,120,42,21,24,1,61,4,2,34,2,66,51,65,31,3,0
2023-10-03,League Two,4203443,Tranmere Rovers,Bradford City,0.3213981244671782,0.3452685421994885,0.3333333333333333,2,1,0,43,9,5,1,1,55,6,5,1,3,0,5,4,364,98,103,29,17,44,2,44,3,0,21,4,69,58,50,29,3,0,57,10,5,2,2,67,15,6,5,0,1,6,4,467,180,135,44,20,29,0,85,8,3,11,3,60,42,50,50,3,0
2023-10-03,League Two,4203461,Walsall,Milton Keynes Dons,0.36551724137931035,0.3846743295019157,0.24980842911877393,0,0,1,42,12,4,0,0,59,17,5,3,5,0,4,8,341,85,116,34,17,26,2,46,11,5,15,5,62,39,52,56,3,0,58,19,5,2,2,71,8,3,9,5,0,14,5,474,159,178,31,48,26,1,64,18,5,21,4,74,61,48,83,3,0
2023-10-07,League Two,4203462,Accrington Stanley,Forest Green Rovers,0.5198961937716263,0.31228373702422146,0.16782006920415224,2,1,0,47,17,4,2,1,69,13,4,8,5,0,8,9,379,133,129,53,25,28,2,64,10,4,22,5,71,41,54,32,1,0,53,17,6,5,4,70,12,5,7,4,0,12,5,420,156,140,38,44,35,1,48,8,5,14,2,82,59,46,75,2,0
2023-10-07,League Two,4203476,Barrow,Notts County,0.1925133689839572,0.2716577540106952,0.5358288770053476,1,1,1,33,14,6,3,2,74,7,2,5,3,0,12,2,313,136,95,39,37,12,1,53,5,1,14,1,41,59,52,60,1,0,67,5,1,2,1,88,11,5,3,1,0,4,1,661,409,172,27,15,17,4,50,9,3,14,5,31,41,48,43,3,0
2023-10-07,League Two,4203475,Bradford City,Swindon Town,0.37272727272727274,0.25950413223140495,0.3677685950413223,1,0,0,40,19,4,3,2,65,11,6,10,5,1,11,8,311,64,137,39,33,15,2,68,8,2,6,2,55,46,55,44,3,0,60,11,2,3,3,82,7,3,7,2,0,6,5,493,287,116,39,20,21,0,57,12,5,28,3,56,54,45,57,3,0
2023-10-07,League Two,4203474,Colchester United,Morecambe,0.45580808080808083,0.3042929292929293,0.2398989898989899,1,3,2,64,21,5,3,2,81,7,5,11,5,1,15,6,474,187,199,38,28,21,0,63,12,3,10,4,67,61,72,65,2,0,36,15,7,2,0,64,12,4,5,3,1,7,8,273,60,114,25,50,26,0,67,12,4,21,4,36,39,28,40,4,1
2023-10-07,League Two,4203482,Crawley Town,Wrexham,0.2653222617635429,0.17279557137208382,0.5618821668643733,0,1,2,67,25,5,2,2,88,8,6,9,11,1,10,15,606,304,232,61,5,15,1,56,6,1,13,4,37,49,41,35,2,0,33,10,5,2,2,73,9,8,4,1,0,6,4,297,128,88,31,18,20,2,60,4,11,27,5,43,51,59,38,6,1
2023-10-07,League Two,4203473,Gillingham,Milton Keynes Dons,0.47163865546218486,0.3161764705882353,0.21218487394957983,2,1,0,47,17,6,3,1,68,11,6,8,3,1,11,6,378,116,140,35,26,23,1,83,7,11,29,7,55,51,40,35,2,0,53,25,8,2,1,70,11,4,6,11,0,12,13,420,118,175,34,52,32,3,69,4,3,14,4,64,49,60,57,3,1
2023-10-07,League Two,4203472,Mansfield Town,AFC Wimbledon,0.43073047858942065,0.2972292191435768,0.27204030226700254,0,0,1,57,20,4,1,1,78,13,6,10,6,0,11,9,485,163,214,41,14,41,0,69,5,0,7,4,55,49,50,63,2,0,43,8,4,2,2,70,13,3,4,0,1,3,5,374,158,104,29,50,28,0,40,17,5,30,4,56,51,50,36,2,0
2023-10-07,League Two,4203481,Newport County,Harrogate Town,0.5126835781041389,0.3257676902536716,0.16154873164218958,1,2,2,50,12,3,1,0,61,16,5,4,5,1,8,4,405,99,149,30,21,29,0,62,14,3,13,1,67,41,43,71,2,0,50,7,3,1,0,65,6,4,1,3,0,5,2,411,160,108,30,27,29,1,53,11,5,29,2,93,59,57,67,2,0
2023-10-07,League Two,4203471,Salford City,Crewe Alexandra,0.33994334277620397,0.3040604343720491,0.3559962228517469,4,2,0,60,14,7,2,0,83,13,5,5,2,1,9,5,547,263,192,54,43,26,0,50,2,2,11,1,53,40,58,25,2,0,40,14,3,2,1,74,14,1,9,2,2,10,4,349,177,82,39,42,20,4,81,7,2,15,3,57,60,42,64,2,0
2023-10-07,League Two,4203470,Stockport County,Doncaster Rovers,0.5977272727272728,0.2340909090909091,0.16818181818181818,1,0,0,55,10,4,3,2,67,6,6,3,3,0,8,2,432,141,147,23,26,34,1,60,10,1,19,3,59,53,43,32,2,0,45,7,3,2,2,59,11,6,3,1,0,6,1,346,101,103,40,24,40,1,55,11,2,16,3,62,47,57,58,2,0
2023-10-07,League Two,4203469,Sutton United,Walsall,0.2898172323759791,0.3302872062663185,0.37989556135770236,4,0,0,44,12,6,0,0,62,15,4,3,3,0,10,2,312,66,127,37,36,33,1,56,10,4,18,4,62,42,64,27,0,0,56,12,5,0,0,68,8,5,4,3,0,7,5,384,171,91,40,17,21,3,57,6,3,22,3,58,58,36,45,0,0
2023-10-07,League Two,4203468,Tranmere Rovers,Grimsby Town,0.4146981627296588,0.3123359580052493,0.27296587926509186,2,2,1,56,9,3,1,0,67,10,1,4,2,0,7,2,513,200,142,33,31,41,1,79,12,6,11,3,49,48,37,44,2,0,44,13,5,2,1,62,9,5,2,6,0,9,4,383,129,107,36,36,41,4,69,14,2,13,1,66,52,63,30,1,0
2023-10-14,League Two,4203518,Notts County,Mansfield Town,0.5324555324555325,0.3090783090783091,0.15846615846615847,1,4,2,66,9,2,2,2,82,4,4,3,4,0,5,4,633,346,170,35,35,25,0,70,8,9,20,4,44,60,45,55,1,0,34,21,9,3,1,65,10,6,4,8,2,13,8,316,97,107,30,32,21,4,57,12,5,10,0,37,40,55,38,1,0
2023-10-14,League Two,4203480,AFC Wimbledon,Bradford City,0.486697965571205,0.3651538862806468,0.14814814814814814,0,1,2,55,11,5,2,2,62,13,10,4,2,1,6,5,385,120,117,37,13,50,2,56,10,4,23,1,83,54,63,46,3,0,45,7,2,0,0,60,13,4,1,4,0,7,0,314,67,121,31,6,33,2,81,10,2,29,5,60,46,37,40,2,0
2023-10-14,League Two,4203479,Crewe Alexandra,Tranmere Rovers,0.5007333528894103,0.3804634790261074,0.11880316808448226,2,0,0,56,16,4,3,2,79,7,9,7,5,0,10,6,480,254,124,45,14,29,3,67,6,4,19,2,49,50,56,50,3,0,44,13,3,2,2,69,10,4,7,3,2,7,6,372,118,138,28,22,22,3,67,8,4,25,2,43,50,44,63,1,2
2023-10-14,League Two,4203496,Doncaster Rovers,Sutton United,0.46622791825424315,0.4111534464842397,0.12261863526151714,4,1,0,64,12,5,2,0,79,15,2,3,4,1,11,1,476,232,145,42,40,30,2,75,14,0,27,2,42,39,38,35,2,0,36,6,3,3,2,59,10,1,3,0,0,6,0,263,63,93,46,24,35,2,56,3,4,14,1,67,61,62,54,3,0
2023-10-14,League Two,4203497,Forest Green Rovers,Colchester United,0.3873575891216465,0.42006615214994486,0.19257625872840867,5,0,0,62,14,10,7,3,85,11,5,3,1,0,9,5,598,320,186,38,17,31,6,43,6,3,13,3,65,60,50,64,1,0,38,7,4,0,0,76,12,3,1,2,1,5,2,375,211,73,30,33,31,1,58,7,1,27,5,50,40,50,40,1,1
2023-10-14,League Two,4203514,Grimsby Town,Accrington Stanley,0.38355081059707397,0.4139976275207592,0.20245156188216687,0,2,2,53,11,2,3,3,65,17,9,4,5,0,6,5,391,145,111,32,22,32,2,56,3,4,13,0,71,47,46,58,0,1,47,13,2,1,0,66,14,4,7,4,1,8,5,349,104,125,38,20,19,1,63,15,5,30,2,81,53,54,63,2,0
2023-10-14,League Two,4203515,Harrogate Town,Stockport County,0.21566110397946084,0.3600770218228498,0.42426187419768935,1,3,2,44,6,4,2,1,71,7,5,1,1,1,4,2,443,162,153,27,23,27,1,76,4,4,30,4,57,53,41,42,0,0,56,16,7,2,1,76,12,8,6,3,1,9,7,551,283,137,32,27,27,0,63,14,1,6,3,63,47,59,47,1,0
2023-10-14,League Two,4203516,Milton Keynes Dons,Barrow,0.45410122164048866,0.418848167539267,0.12705061082024433,2,2,1,38,15,5,4,3,68,14,1,6,4,0,8,7,355,143,99,24,50,12,4,55,8,4,39,7,53,44,54,60,2,0,62,18,9,1,0,77,11,8,5,4,0,9,9,567,181,257,49,16,24,0,33,6,4,5,3,56,56,46,63,2,0
2023-10-14,League Two,4203701,Swindon Town,Newport County,0.4681486396814864,0.38752488387524886,0.14432647644326477,2,0,0,56,13,6,4,2,74,12,7,3,4,1,10,3,450,191,143,33,33,20,2,64,12,1,25,4,67,45,62,38,1,0,44,11,4,2,2,66,14,5,6,1,0,4,7,346,84,146,33,20,30,3,59,8,4,13,4,61,55,38,67,0,0
2023-10-14,League Two,4203519,Walsall,Gillingham,0.31097362422663627,0.4154998371865842,0.27352653858677956,4,1,0,32,13,7,4,2,62,14,0,6,0,1,7,6,293,70,111,38,29,19,0,53,12,5,31,4,59,40,48,52,3,0,68,14,5,2,1,79,6,4,3,6,0,10,4,583,250,209,35,27,27,3,74,4,0,9,3,77,60,52,67,3,0
2023-10-14,League Two,4203702,Wrexham,Salford City,0.625860465116279,0.27144186046511626,0.10269767441860465,3,2,0,53,21,7,7,4,72,13,11,10,4,0,14,7,438,145,172,38,23,29,0,57,4,2,13,2,63,62,50,80,3,0,47,10,4,4,2,71,8,3,4,2,0,9,1,411,199,92,35,35,20,2,56,11,4,32,4,50,38,50,0,4,0
2023-10-20,League Two,4203704,Newport County,Walsall,0.39759338179994985,0.3790423665078967,0.22336425169215343,3,3,1,44,8,4,1,0,51,10,7,1,3,0,4,4,323,55,110,28,17,31,2,60,6,5,26,3,69,49,56,27,0,0,56,16,6,3,0,65,9,6,5,5,0,7,9,429,146,133,43,44,29,1,50,9,3,24,1,62,51,44,27,2,0
2023-10-20,League Two,4203511,Tranmere,Doncaster,0.3356390977443609,0.36781954887218044,0.29654135338345866,1,2,2,56,12,3,0,0,68,9,5,5,4,0,6,6,471,148,173,33,22,47,1,58,13,4,7,3,58,52,43,33,3,0,44,11,5,2,0,64,6,3,2,4,0,4,7,387,134,113,33,17,29,2,81,12,4,31,2,63,48,57,36,2,0
2023-10-21,League Two,4203520,Accrington Stanley,Milton Keynes Dons,0.45354185832566696,0.2934682612695492,0.2529898804047838,1,0,0,37,13,4,2,2,69,24,6,6,3,0,7,6,324,121,103,44,22,26,3,53,23,3,16,0,46,38,53,40,2,0,63,10,1,1,1,78,7,4,6,3,0,9,1,579,294,158,40,25,30,4,70,7,3,18,4,61,62,47,33,1,0
2023-10-21,League Two,4203521,Barrow,AFC Wimbledon,0.34652278177458035,0.2529976019184652,0.40047961630695444,0,0,1,50,13,3,2,2,74,11,6,4,6,0,9,4,422,113,200,52,17,24,2,63,8,2,22,4,55,49,59,42,0,0,50,10,4,1,1,71,9,4,4,2,0,4,6,431,172,134,34,6,23,0,58,5,7,22,2,48,51,41,41,2,0
2023-10-21,League Two,4203703,Bradford City,Wrexham,0.19993045897079276,0.1356050069541029,0.6644645340751043,1,1,1,55,24,5,0,0,70,10,11,9,10,0,18,6,443,135,176,41,26,25,0,50,8,2,13,0,70,42,50,43,3,0,45,8,1,2,1,66,8,3,5,2,0,4,4,372,145,99,40,38,31,2,53,7,10,32,4,80,58,50,63,2,0
2023-10-21,League Two,4203522,Colchester United,Harrogate Town,0.5136690647482014,0.28489208633093527,0.2014388489208633,1,2,2,52,20,5,0,0,84,6,10,7,8,1,9,11,545,294,164,42,15,20,0,73,14,4,5,0,49,46,59,55,1,0,48,8,2,1,0,80,3,3,2,4,0,3,5,509,285,121,45,11,21,3,58,10,8,15,4,46,54,41,56,0,0
2023-10-21,League Two,4203523,Crawley Town,Crewe Alexandra,0.41466083150984684,0.2647702407002188,0.32056892778993434,2,4,2,61,14,5,0,0,85,9,6,6,3,0,8,6,551,233,236,53,31,20,4,75,7,3,11,4,40,57,17,65,4,0,39,11,7,3,0,76,10,7,1,3,0,10,1,343,159,100,45,42,13,6,73,8,2,9,3,43,43,83,44,2,0
2023-10-21,League Two,4203524,Gillingham,Notts County,0.3106004447739066,0.26908821349147516,0.42031134173461826,1,2,2,33,13,2,2,2,76,8,3,6,5,0,10,3,317,127,113,53,29,19,3,68,9,2,22,5,36,45,47,27,2,0,67,10,7,1,0,90,5,5,1,2,0,6,4,650,290,293,51,17,24,1,62,4,4,14,1,43,55,53,52,3,0
2023-10-21,League Two,4203526,Salford City,Swindon Town,0.3684210526315789,0.26973684210526316,0.3618421052631579,2,2,1,44,15,7,2,2,83,8,2,6,2,0,10,5,411,224,119,62,30,21,0,46,6,4,22,5,44,47,68,50,3,1,56,15,7,1,0,88,6,11,3,5,0,9,6,527,297,165,56,13,17,5,88,3,1,9,5,36,53,32,61,1,0
2023-10-21,League Two,4203513,Stockport County,Grimsby Town,0.642068564787914,0.22428820453224868,0.1336432306798373,3,2,0,50,11,6,5,2,61,14,3,1,4,1,10,1,369,129,97,37,7,22,5,80,3,4,21,3,90,63,54,46,2,0,50,11,5,2,0,63,22,0,2,4,0,8,3,369,95,137,31,27,44,1,54,13,5,17,2,64,37,46,17,3,0
2023-10-21,League Two,4203512,Sutton United,Morecambe,0.31585220500595945,0.2860548271752086,0.39809296781883197,2,3,2,53,19,5,2,1,65,7,11,8,6,0,12,7,292,67,124,42,47,37,2,73,8,2,16,3,66,45,56,20,1,0,47,9,6,2,1,58,12,4,1,2,0,6,3,265,67,88,29,22,24,2,64,7,6,43,4,64,55,44,55,2,0
2023-10-24,League Two,4203498,AFC Wimbledon,Accrington Stanley,0.39865771812080536,0.39686800894854585,0.20447427293064876,2,4,2,48,14,6,4,2,54,16,4,5,3,0,10,4,331,99,81,29,36,37,1,61,10,2,17,5,64,47,35,50,3,0,52,17,9,5,2,63,17,2,5,3,0,10,7,371,118,114,40,33,30,1,67,13,3,31,4,91,53,65,63,3,0
2023-10-24,League Two,4203499,Crewe Alexandra,Stockport County,0.2694589877835951,0.35706806282722514,0.37347294938917974,0,2,2,48,5,0,1,1,69,9,6,2,3,0,3,2,397,170,103,28,8,41,1,40,6,1,16,1,56,59,32,64,2,0,52,7,3,2,1,73,12,4,3,1,0,6,1,442,166,157,32,22,23,1,79,12,3,31,0,64,41,68,27,1,0
2023-10-24,League Two,4203500,Doncaster Rovers,Salford City,0.43960601347848627,0.3882840850181441,0.17210990150336963,0,3,2,53,21,5,2,2,87,5,8,11,5,1,13,8,537,244,222,50,30,12,5,50,8,3,13,1,63,61,53,81,0,0,47,11,4,5,2,82,10,3,4,3,0,9,2,491,310,92,45,23,19,3,17,10,5,26,5,46,39,47,40,2,0
2023-10-24,League Two,4203501,Forest Green Rovers,Barrow,0.39825970548862116,0.40227576974564927,0.1994645247657296,0,2,2,64,17,7,6,6,81,12,5,8,2,0,14,3,561,233,222,49,24,27,2,85,7,4,16,1,57,41,60,39,2,0,36,12,3,0,0,66,9,4,5,4,1,7,5,303,84,116,40,30,17,0,63,14,3,32,6,64,59,40,54,1,0
2023-10-24,League Two,4203502,Grimsby Town,Colchester United,0.4626038781163435,0.37880886426592797,0.15858725761772854,2,3,2,59,18,6,1,1,71,11,3,5,7,1,13,5,473,163,172,40,50,33,0,73,12,2,9,1,59,44,62,44,1,0,41,9,4,2,1,59,7,3,3,2,0,5,4,337,112,87,27,25,25,3,53,14,7,28,5,53,56,38,40,3,0
2023-10-24,League Two,4203503,Harrogate Town,Mansfield Town,0.26481783578031537,0.3746601413811854,0.3605220228384992,1,4,2,52,11,3,0,0,76,9,2,2,6,0,8,3,491,195,178,48,7,35,1,43,7,7,13,7,55,45,42,38,1,0,48,33,11,7,5,73,13,7,14,8,1,20,13,450,171,158,50,41,28,0,43,17,6,16,2,72,55,58,71,3,0
2023-10-24,League Two,4203504,Milton Keynes Dons,Bradford City,0.3463180362860192,0.35538954108858056,0.29829242262540023,4,1,0,57,18,11,4,3,80,11,4,5,2,4,12,6,614,320,169,43,31,17,1,72,14,2,18,1,70,52,55,44,0,0,43,7,2,0,0,72,11,0,3,2,0,3,4,463,151,184,38,9,25,1,72,11,2,15,7,62,48,45,46,4,0
2023-10-24,League Two,4203505,Morecambe,Tranmere Rovers,0.5270188221007893,0.33697632058287796,0.13600485731633272,1,0,0,49,15,5,3,3,73,9,10,5,5,0,8,7,378,172,104,28,13,26,2,50,10,4,25,5,66,51,47,47,2,0,51,13,5,2,2,69,9,5,4,4,0,10,3,396,117,156,39,17,24,0,67,4,5,35,5,69,49,53,18,2,0
2023-10-24,League Two,4203705,Notts County,Newport County,0.575933075933076,0.31885456885456886,0.10521235521235521,3,0,0,67,18,4,4,2,82,7,5,8,6,1,12,6,602,319,176,43,33,18,0,50,4,3,10,3,42,46,55,56,0,0,33,10,3,1,1,66,5,2,4,3,0,8,2,293,88,104,38,23,22,6,50,13,6,16,1,42,54,45,40,1,0
2023-10-24,League Two,4203506,Swindon Town,Gillingham,0.4819277108433735,0.3654618473895582,0.15261044176706828,0,1,2,71,22,7,3,3,88,6,6,6,9,0,13,9,585,213,304,62,24,27,2,80,8,3,13,4,39,49,39,55,0,0,29,12,5,3,3,67,10,9,4,3,0,8,4,234,59,97,40,20,21,0,57,8,9,29,7,47,51,61,0,2,0
2023-10-24,League Two,4203507,Walsall,Crawley Town,0.4293125810635538,0.4027237354085603,0.16796368352788585,1,1,1,40,19,7,2,1,66,11,6,8,4,1,16,3,331,109,108,37,26,34,1,75,5,2,10,3,47,40,55,37,0,0,60,7,4,2,1,76,8,6,1,2,0,6,1,502,261,120,35,33,28,1,73,7,4,27,6,54,60,45,67,3,0
2023-10-24,League Two,4203693,Wrexham,Sutton United,0.7047843810341129,0.22162626045912895,0.07358935850675821,2,1,0,69,17,5,2,2,80,10,10,5,7,1,9,8,580,258,206,46,26,23,1,71,5,3,28,0,59,53,59,56,3,0,31,12,1,1,0,58,6,2,8,3,0,6,6,268,61,95,23,25,34,5,38,7,8,37,2,46,47,41,36,0,0
2023-10-28,League Two,4203508,Accrington Stanley,Colchester United,0.6071856287425149,0.26467065868263473,0.1281437125748503,0,1,2,65,31,6,3,3,81,9,11,11,14,1,23,8,496,185,215,64,24,39,4,78,11,2,7,4,48,42,49,40,1,0,35,7,6,2,1,66,12,0,0,1,1,7,0,277,118,64,39,20,23,0,71,9,14,42,6,61,58,51,75,3,0
2023-10-28,League Two,4203509,Barrow,Salford City,0.38976377952755903,0.3484251968503937,0.2618110236220472,0,0,1,39,13,3,1,1,76,11,6,7,3,1,9,4,344,120,142,37,21,13,2,69,14,2,13,0,36,38,52,25,2,0,61,9,0,2,2,82,5,4,7,2,0,8,1,568,322,145,39,24,28,1,67,8,5,27,1,48,62,48,53,0,0
2023-10-28,League Two,4203510,Doncaster Rovers,Grimsby Town,0.5023084025854109,0.296398891966759,0.2012927054478301,1,0,0,52,9,2,2,1,69,7,8,4,3,1,7,2,412,153,130,39,8,27,3,86,12,1,22,1,58,47,47,58,3,0,48,5,1,0,0,64,11,4,3,1,0,3,2,379,92,150,38,13,34,3,54,13,3,16,2,66,53,53,57,2,0
2023-10-28,League Two,4203527,Forest Green Rovers,Crawley Town,0.37891077636152953,0.30127462340672073,0.31981460023174973,2,1,0,38,8,5,2,1,65,16,4,2,1,0,7,1,339,109,113,36,14,30,3,39,7,4,16,5,50,40,52,52,4,0,62,14,6,3,3,76,4,7,4,4,0,11,3,543,239,171,37,20,23,1,62,16,1,12,3,67,60,48,53,0,0
2023-10-28,League Two,4203692,Gillingham,Newport County,0.5477477477477477,0.3081081081081081,0.14414414414414414,0,2,2,68,17,3,2,2,74,7,4,10,4,1,11,6,544,184,220,51,30,32,0,53,7,2,8,4,76,60,61,69,1,0,32,12,6,4,2,55,14,4,4,2,0,11,1,257,60,82,32,33,24,2,73,15,3,32,3,50,40,39,40,3,0
2023-10-28,League Two,4203528,Harrogate Town,Crewe Alexandra,0.28180737217598095,0.2877526753864447,0.4304399524375743,0,1,2,44,13,3,2,2,70,13,6,7,3,0,8,5,339,105,132,38,30,24,3,56,3,7,23,3,63,56,53,55,3,0,56,17,4,3,2,76,11,6,6,7,0,9,8,447,205,134,48,32,23,2,69,8,3,19,3,52,44,47,50,0,0
2023-10-28,League Two,4203539,Mansfield Town,Walsall,0.6102809324566647,0.26897788404064554,0.12074118350268978,2,1,0,59,22,6,2,1,74,12,6,6,10,0,18,4,514,213,165,35,14,33,1,58,9,2,17,0,70,55,64,60,3,0,41,7,1,1,0,65,11,5,4,2,0,3,4,357,137,95,40,13,30,0,57,16,11,19,4,48,45,36,58,2,0
2023-10-28,League Two,4203538,Milton Keynes Dons,Swindon Town,0.46113074204946997,0.30565371024734983,0.2332155477031802,3,2,0,44,10,6,3,2,83,13,3,0,4,0,6,4,452,229,146,42,0,15,2,69,7,1,19,1,48,49,69,35,3,0,56,7,3,1,1,88,11,0,3,1,0,4,3,552,322,164,51,24,22,0,71,6,4,4,4,39,51,31,44,4,0
2023-10-28,League Two,4203537,Morecambe,AFC Wimbledon,0.4521276595744681,0.298936170212766,0.24893617021276596,4,1,0,44,10,5,4,1,61,7,2,2,3,0,7,3,332,94,109,32,0,31,1,58,4,12,27,3,68,57,54,67,2,0,56,23,5,1,1,71,13,8,6,12,0,15,8,414,116,177,33,22,36,2,71,8,3,16,3,55,43,46,50,1,0
2023-10-28,League Two,4203691,Notts County,Wrexham,0.3090518270838309,0.17028898973011702,0.5206591831860521,0,2,2,63,15,6,1,1,88,6,10,9,0,0,9,6,519,220,235,51,23,16,0,67,7,4,20,7,35,50,40,45,2,0,37,15,8,0,0,73,15,7,3,4,0,10,5,291,121,90,33,17,17,0,45,6,0,11,6,41,50,60,100,3,0
2023-10-28,League Two,4203536,Stockport County,Tranmere Rovers,0.6526508226691042,0.24451553930530165,0.10283363802559416,2,0,0,71,26,8,4,2,85,5,13,7,11,2,17,9,670,280,290,54,31,41,1,33,11,1,12,4,52,45,59,69,0,0,29,9,4,0,0,60,7,3,4,1,0,5,4,271,84,79,30,10,24,1,64,11,12,31,5,46,55,41,78,1,1
2023-10-28,League Two,4203535,Sutton United,Bradford City,0.24738344433872503,0.28353948620361563,0.46907706945765937,2,1,0,34,11,2,1,0,61,13,6,4,5,0,10,1,256,65,90,39,27,32,0,56,13,3,31,0,72,52,61,60,2,0,66,9,1,0,0,77,13,8,5,3,1,6,3,503,186,200,47,33,28,0,67,6,5,24,0,56,48,39,27,1,0
2023-10-31,League Two,4203396,Barrow,Morecambe,0.31616300366300365,0.3241758241758242,0.35966117216117216,1,0,0,47,7,3,2,2,62,7,4,2,2,0,5,2,342,70,143,40,16,34,1,63,5,2,32,0,66,57,62,45,1,0,53,3,0,0,0,71,15,2,1,2,0,2,1,384,166,108,32,0,34,1,55,1,3,34,1,45,43,38,50,1,0
2023-11-07,League Two,4203350,Colchester United,Swindon Town,0.3757906215921483,0.3430752453653217,0.28113413304253,3,1,0,46,15,3,1,0,73,3,4,5,7,0,8,7,350,173,83,52,21,16,0,75,7,4,22,2,47,59,39,46,1,0,54,14,3,2,2,81,16,4,7,4,0,9,5,415,164,174,36,25,21,2,38,8,6,20,0,42,41,61,40,2,0
2023-11-11,League Two,4203534,AFC Wimbledon,Doncaster Rovers,0.5042412818096136,0.2865221489161169,0.20923656927426956,2,0,0,40,6,2,1,0,64,17,8,1,3,0,3,3,354,94,133,33,5,21,4,100,7,2,24,0,53,43,52,45,3,2,60,7,0,0,0,77,6,3,4,3,0,4,3,547,220,201,38,26,32,1,45,3,3,25,0,58,57,48,33,2,0
2023-11-11,League Two,4203533,Bradford City,Barrow,0.4750254841997961,0.2599388379204893,0.2650356778797146,1,2,2,66,9,5,3,2,80,10,5,4,0,0,6,3,588,247,225,47,21,28,2,67,4,2,15,2,57,48,42,50,2,0,34,7,4,1,0,64,6,4,1,2,0,7,0,306,111,84,37,43,30,1,70,15,0,31,4,70,52,58,22,2,0
2023-11-11,League Two,4203532,Colchester United,Sutton United,0.6071829405162739,0.24691358024691357,0.14590347923681257,1,1,1,60,11,4,2,1,80,14,6,4,3,0,4,7,419,216,120,37,5,21,1,61,9,5,31,1,58,53,40,50,3,0,40,13,3,1,0,61,9,3,6,4,0,9,4,280,60,112,33,24,22,3,75,10,3,14,3,65,47,60,37,4,0
2023-11-11,League Two,4203531,Crawley Town,Accrington Stanley,0.4030261348005502,0.2640990371389271,0.3328748280605227,3,1,0,46,9,4,3,1,73,14,1,4,1,0,5,4,351,149,106,41,30,22,2,38,11,3,18,5,44,50,41,36,2,0,54,14,6,0,0,73,19,8,4,4,0,7,7,396,198,93,38,19,20,2,54,14,1,6,2,50,50,59,63,4,1
2023-11-11,League Two,4203530,Crewe Alexandra,Notts County,0.29080118694362017,0.2692878338278932,0.43991097922848665,1,0,0,43,14,3,4,3,78,16,3,8,3,1,9,5,379,224,73,48,0,13,2,69,8,5,33,3,45,44,67,13,2,0,57,11,2,2,2,86,15,7,4,5,0,5,6,500,195,234,31,3,14,0,50,4,2,19,2,47,56,33,60,5,0
2023-11-11,League Two,4203529,Grimsby Town,Morecambe,0.32783505154639175,0.2329896907216495,0.43917525773195876,3,2,0,51,19,10,6,3,70,9,9,6,3,1,15,4,348,99,144,49,33,26,1,67,6,4,25,4,64,57,55,43,3,0,49,16,6,4,2,67,9,6,6,4,0,11,5,340,109,119,35,9,26,1,71,6,3,17,7,51,43,45,38,2,0
2023-11-11,League Two,4203679,Newport County,Milton Keynes Dons,0.35471204188481675,0.2670157068062827,0.3782722513089005,0,0,1,33,16,1,0,0,59,14,2,9,6,1,8,8,280,65,101,31,8,28,3,32,14,2,19,5,54,49,33,62,2,0,67,11,5,3,3,78,11,4,3,3,0,9,2,571,309,137,39,13,15,1,64,5,6,12,1,74,51,67,55,2,0
2023-11-11,League Two,4203540,Salford City,Mansfield Town,0.3484119345524543,0.2743022136669875,0.37728585178055823,1,2,2,65,18,7,2,2,89,10,7,7,4,0,11,7,608,273,271,59,23,28,1,25,8,2,17,3,54,50,56,50,1,0,35,9,5,3,2,72,13,4,2,2,0,7,2,327,135,100,39,14,12,1,69,4,4,31,6,49,50,44,57,2,0
2023-11-11,League Two,4203541,Swindon Town,Stockport County,0.22360953461975028,0.2133938706015891,0.5629965947786606,2,4,2,46,13,4,1,1,70,9,7,6,3,0,6,7,341,130,110,28,13,32,1,52,10,2,24,4,60,54,50,50,2,0,54,16,8,5,2,75,10,4,6,2,1,12,4,407,117,188,42,26,27,1,68,10,3,29,2,54,46,50,38,2,0
2023-11-11,League Two,4203561,Tranmere Rovers,Forest Green Rovers,0.4092178770949721,0.2779329608938548,0.3128491620111732,3,0,0,44,16,7,0,0,74,8,12,5,4,4,12,4,360,132,134,47,27,16,1,87,15,5,23,6,47,51,53,33,1,0,56,15,7,0,0,81,11,11,4,4,0,7,8,464,226,151,36,27,18,1,58,10,4,26,5,44,49,47,44,2,1
2023-11-11,League Two,4203562,Walsall,Harrogate Town,0.5318246110325319,0.3041018387553041,0.16407355021216408,0,1,2,60,26,3,2,2,77,8,11,14,9,2,16,10,452,204,144,51,35,21,0,41,8,2,16,1,64,48,56,50,0,0,40,6,2,0,0,67,9,6,2,2,0,3,3,312,118,90,22,0,20,1,61,7,10,28,2,60,52,44,63,2,0
2023-11-11,League Two,4203680,Wrexham,Gillingham,0.7620221948212084,0.14919852034525277,0.08877928483353884,2,0,0,45,16,5,3,2,74,13,5,5,6,0,12,4,419,154,158,39,29,14,3,80,11,4,22,2,55,41,65,75,0,0,55,8,2,2,2,78,7,5,2,4,0,6,2,509,199,198,39,26,13,3,75,6,6,28,3,48,59,35,56,0,0
2023-11-18,League Two,4203570,Notts County,Bradford City,0.537192247249869,0.321634363541121,0.14117338920900996,4,2,0,68,15,8,3,2,88,3,6,5,2,0,13,2,711,424,204,44,18,22,3,78,4,6,16,5,37,58,31,57,3,0,32,24,7,2,2,75,12,4,11,6,0,18,6,313,122,112,42,52,22,3,53,11,2,14,4,39,42,69,44,0,0
2023-11-18,League Two,4203681,Accrington Stanley,Wrexham,0.15946234916755767,0.2547731785550634,0.5857644722773789,2,0,0,43,14,6,3,1,59,20,7,3,5,0,8,6,292,57,116,18,14,21,1,59,9,4,37,4,64,45,49,30,1,0,57,10,4,2,2,65,12,6,2,4,2,8,2,389,123,129,40,23,43,1,50,4,5,36,4,73,55,51,33,0,0
2023-11-18,League Two,4203563,Barrow,Crawley Town,0.47438330170777987,0.3877292852624921,0.137887413029728,1,0,0,33,11,2,2,2,65,8,4,7,2,2,8,3,287,95,91,39,9,21,0,56,9,5,24,2,50,59,64,54,2,0,67,10,2,1,1,83,13,5,3,5,0,7,3,583,243,239,37,11,24,0,78,5,2,13,1,33,41,36,50,3,0
2023-11-18,League Two,4203565,Forest Green Rovers,Grimsby Town,0.39702072538860106,0.39734455958549225,0.20563471502590674,2,2,1,51,15,5,3,2,71,8,6,6,4,1,9,6,406,154,135,33,22,29,3,53,9,2,24,3,54,50,44,57,1,0,49,17,5,3,2,70,5,7,8,4,0,13,4,388,139,132,39,38,29,0,64,8,4,18,4,61,50,56,50,2,0
2023-11-18,League Two,4203566,Gillingham,Salford City,0.39565943238731216,0.403338898163606,0.2010016694490818,3,1,0,45,10,5,3,2,80,7,3,3,2,1,8,2,435,161,188,48,38,25,2,64,4,2,13,3,45,55,57,55,2,0,55,15,4,5,4,87,7,2,9,2,0,11,4,526,256,200,53,36,30,0,50,12,3,19,1,36,45,43,55,1,0
2023-11-18,League Two,4203567,Harrogate Town,Swindon Town,0.33220768256648375,0.4014352047277332,0.26635711270578305,1,1,1,54,12,5,2,2,67,4,5,4,3,0,10,2,430,147,141,32,13,28,2,73,7,4,22,2,63,57,48,50,1,0,46,15,3,1,1,63,13,10,7,5,0,10,5,356,109,115,22,34,21,0,69,8,3,20,4,58,43,52,67,2,0
2023-11-18,League Two,4203682,Mansfield Town,Newport County,0.5093768905021173,0.3647912885662432,0.12583182093163944,2,0,0,59,19,9,2,1,76,7,5,7,3,1,14,5,510,191,198,42,25,29,0,38,9,8,24,2,70,48,56,38,0,0,41,14,2,0,0,66,18,8,4,8,0,10,4,340,76,150,45,11,27,0,54,11,3,26,7,66,52,44,44,4,0
2023-11-18,League Two,4203571,Stockport County,Colchester United,0.5369886858137511,0.3400058021467943,0.1230055120394546,2,0,0,57,13,4,2,1,79,18,6,5,4,0,10,3,435,168,174,52,22,29,0,50,6,4,9,5,61,44,58,32,3,0,43,13,5,1,1,76,9,1,4,4,1,9,4,331,184,69,32,40,21,1,50,5,4,21,2,66,56,43,50,1,0
2023-11-18,League Two,4203572,Sutton United,Tranmere Rovers,0.3986432561851556,0.41221069433359936,0.189146049481245,1,1,1,50,13,2,0,0,60,9,4,6,5,1,8,5,348,83,127,44,33,44,5,91,9,4,13,3,73,49,56,48,2,0,50,10,3,0,0,64,8,2,3,4,1,2,8,352,117,109,31,10,25,2,62,8,4,50,1,65,51,44,13,1,0
2023-11-25,League Two,4203573,AFC Wimbledon,Notts County,0.2837573385518591,0.26810176125244617,0.4481409001956947,4,2,0,25,12,8,7,3,66,20,2,2,2,0,11,1,229,87,63,48,33,12,9,67,9,2,12,3,53,49,68,80,2,0,75,10,5,2,1,89,8,6,3,2,1,9,1,680,333,269,53,36,21,1,50,4,2,6,4,45,51,32,44,1,0
2023-11-25,League Two,4203574,Bradford City,Accrington Stanley,0.4375678610206297,0.2942453854505972,0.2681867535287731,1,0,0,50,12,2,1,1,58,15,5,7,3,0,11,1,302,71,104,25,28,38,2,55,14,7,35,3,79,50,52,41,3,0,50,12,3,1,1,58,16,3,2,7,0,7,5,306,90,86,35,7,36,3,68,8,3,40,1,76,50,48,39,5,0
2023-11-25,League Two,4203575,Colchester United,Barrow,0.3255208333333333,0.2682291666666667,0.40625,1,4,2,52,12,8,5,4,79,8,6,2,2,0,10,2,479,265,112,27,8,30,1,85,11,2,27,4,47,44,44,43,2,1,48,16,6,2,0,75,8,5,8,2,1,9,7,428,132,190,51,17,17,1,54,11,2,13,7,60,56,56,36,3,0
2023-11-25,League Two,4203576,Crawley Town,Harrogate Town,0.5197472353870458,0.3127962085308057,0.1674565560821485,2,1,0,56,13,6,2,1,76,8,5,3,4,1,9,4,476,197,165,32,31,18,1,80,6,4,27,2,43,42,36,14,3,0,44,15,3,3,2,71,14,8,8,4,0,9,6,351,139,109,40,14,22,1,58,16,3,20,4,64,58,64,58,3,0
2023-11-25,League Two,4203560,Crewe Alexandra,Doncaster Rovers,0.6091846298031866,0.2352389878163074,0.15557638238050608,3,2,0,50,19,9,2,1,69,10,8,5,5,1,16,3,374,151,106,36,35,25,3,50,16,9,26,4,69,61,49,73,1,0,50,22,6,1,1,69,14,8,7,9,0,15,7,374,83,176,40,22,27,0,54,11,4,28,6,55,39,51,31,2,0
2023-11-25,League Two,4203559,Grimsby Town,Sutton United,0.582798459563543,0.2593068035943517,0.15789473684210525,1,1,1,61,13,4,3,2,70,9,8,3,6,0,9,4,417,139,152,36,10,33,3,53,9,3,33,1,46,53,36,36,0,0,39,13,2,2,2,52,5,4,7,4,0,9,4,264,45,91,36,37,30,2,90,10,5,30,3,60,47,64,25,0,0
2023-11-25,League Two,4203683,Newport County,Stockport County,0.19360786724031961,0.21819299323909036,0.58819913952059,2,1,0,34,6,2,0,0,48,12,2,3,1,0,5,1,277,48,84,35,18,27,2,76,10,7,33,2,58,47,42,20,0,0,66,13,4,3,2,71,13,8,3,6,0,10,3,530,155,223,29,26,28,1,64,7,1,7,0,73,53,58,67,2,0
2023-11-25,League Two,4203558,Salford City,Milton Keynes Dons,0.37383177570093457,0.30440587449933243,0.32176234979973295,2,4,2,37,9,4,3,1,74,15,2,2,3,0,5,4,335,141,106,42,24,27,1,75,17,5,11,1,48,34,50,20,2,0,63,16,5,2,0,82,12,2,6,5,0,9,7,570,269,198,49,27,17,1,66,7,3,16,2,74,66,50,64,2,0
2023-11-25,League Two,4203542,Swindon Town,Mansfield Town,0.25979557069846676,0.2666098807495741,0.4735945485519591,2,1,0,52,20,6,4,2,85,10,3,4,10,1,15,5,502,269,157,42,43,19,2,60,8,4,23,5,58,57,31,80,1,0,48,15,6,3,3,79,12,2,4,5,1,12,3,455,189,170,43,38,13,4,65,10,10,14,4,60,43,69,50,1,0
2023-11-25,League Two,4203543,Tranmere Rovers,Gillingham,0.30857142857142855,0.2642857142857143,0.42714285714285716,3,1,0,34,8,3,1,0,68,8,0,3,2,0,8,0,355,114,126,42,40,19,1,53,10,3,27,4,54,48,59,50,3,0,66,11,5,0,0,82,7,10,3,3,0,5,6,685,258,301,50,16,24,1,73,9,2,6,0,47,52,41,42,2,0
2023-11-25,League Two,4203544,Walsall,Forest Green Rovers,0.4774011299435028,0.3050847457627119,0.2175141242937853,0,0,1,43,13,2,1,1,74,10,6,7,4,0,11,2,379,149,131,54,24,20,1,69,12,4,27,1,59,45,57,12,2,0,57,9,1,0,0,75,14,4,4,4,0,4,5,502,214,163,35,13,18,2,79,5,4,27,2,59,55,43,53,3,0
2023-11-25,League Two,4203684,Wrexham,Morecambe,0.7628101836932001,0.1527553980019336,0.08443441830486625,6,0,0,62,19,8,2,0,83,11,5,6,5,0,8,11,550,231,226,41,20,20,3,62,9,5,26,2,47,50,51,45,1,0,38,14,2,2,2,69,10,7,5,7,0,12,2,331,106,122,29,23,15,1,80,6,4,24,3,46,50,49,67,1,0
2023-11-28,League Two,4203545,Accrington Stanley,Swindon Town,0.4075187969924812,0.42756892230576443,0.1649122807017544,3,4,2,51,28,8,4,3,77,15,11,9,11,2,16,12,394,144,158,59,35,16,1,48,9,3,12,1,56,55,46,60,6,0,49,12,5,3,0,79,9,3,4,3,0,9,3,400,188,126,40,33,16,1,55,9,11,26,4,52,45,54,42,2,0
2023-11-28,League Two,4203546,Barrow,Walsall,0.5241210139002453,0.35568274734260014,0.12019623875715454,2,0,0,56,10,4,3,2,70,15,7,3,3,0,9,1,440,111,195,33,27,28,1,58,10,5,21,4,56,43,50,47,1,0,44,11,4,3,3,65,15,3,2,5,0,10,1,337,133,85,35,10,14,3,58,15,3,29,2,66,57,50,44,2,0
2023-11-28,League Two,4203547,Doncaster Rovers,Colchester United,0.44905430140329466,0.4142769981696156,0.1366687004270897,3,1,0,55,16,6,3,1,75,7,8,7,3,0,12,4,459,179,166,43,26,30,2,63,11,3,21,6,70,55,62,42,2,0,45,14,7,3,2,69,14,4,3,4,0,6,8,378,178,84,35,17,25,1,69,17,3,24,3,50,45,38,57,4,0
2023-11-28,League Two,4203548,Forest Green Rovers,Bradford City,0.32603550295857986,0.3757396449704142,0.2982248520710059,0,3,2,62,14,2,2,2,76,7,8,9,3,1,8,6,544,254,162,27,20,42,1,72,6,4,23,1,56,47,50,27,2,0,38,13,4,5,2,63,7,4,5,4,0,9,4,332,52,156,29,19,32,1,47,7,3,29,2,60,53,50,38,2,1
2023-11-28,League Two,4203549,Gillingham,AFC Wimbledon,0.3618421052631579,0.3803827751196172,0.2577751196172249,1,0,0,51,8,4,3,2,68,8,3,3,1,0,6,2,464,139,175,32,29,33,0,68,14,1,18,2,55,43,48,29,0,0,49,8,2,2,2,68,9,4,5,1,1,7,1,443,169,132,36,10,29,2,80,17,1,17,3,68,57,52,44,1,0
2023-11-28,League Two,4203685,Harrogate Town,Wrexham,0.13649356836588852,0.2050976655550262,0.6584087660790853,2,2,1,46,10,4,1,0,69,6,4,4,2,0,7,3,416,111,174,35,8,28,1,60,14,7,32,5,55,35,54,28,2,0,54,21,7,1,0,72,11,7,6,8,1,12,9,508,164,204,33,23,25,2,59,9,2,23,2,65,65,46,63,2,0
2023-11-28,League Two,4203550,Mansfield Town,Tranmere Rovers,0.5313953488372093,0.3484496124031008,0.12015503875968993,2,2,1,74,21,5,2,1,85,9,5,10,6,0,13,8,722,338,278,52,36,26,2,64,8,4,6,5,66,54,66,58,2,0,26,15,7,3,2,62,16,1,3,5,0,5,10,252,74,83,27,17,15,0,53,8,5,31,3,46,46,34,50,2,1
2023-11-28,League Two,4203551,Milton Keynes Dons,Grimsby Town,0.45161290322580644,0.3950290851401375,0.15335801163405605,1,1,1,62,14,3,1,1,88,10,5,6,5,0,8,6,597,270,256,64,38,26,0,71,4,8,19,5,52,48,75,53,1,0,38,19,6,2,1,82,12,10,5,8,1,13,6,353,163,125,44,28,23,1,60,13,5,16,2,47,52,25,68,3,0
2023-11-28,League Two,4203686,Morecambe,Newport County,0.3940548780487805,0.4092987804878049,0.19664634146341464,1,2,2,62,12,3,2,2,72,11,8,4,5,1,9,3,456,159,171,33,21,17,2,62,3,7,20,1,71,50,68,50,1,0,38,15,3,3,1,52,6,7,5,7,0,9,6,270,42,98,26,15,32,3,64,11,5,19,2,48,50,32,38,1,0
2023-11-28,League Two,4203552,Notts County,Crawley Town,0.5335790335790336,0.3583128583128583,0.10810810810810811,3,1,0,45,14,5,4,2,83,7,3,4,5,0,11,3,389,195,128,39,27,23,3,86,3,5,17,5,39,48,50,53,1,0,55,17,6,1,1,85,13,6,6,5,1,10,7,474,263,138,48,32,16,2,88,9,6,14,1,42,52,50,75,3,0
2023-11-28,League Two,4203553,Stockport County,Salford City,0.5703048180924287,0.31989511635529333,0.10980006555227795,0,0,1,64,20,5,3,3,74,13,7,5,10,1,15,5,462,153,190,43,26,31,5,44,6,1,14,2,50,44,40,58,2,0,36,9,2,1,1,61,5,3,6,1,0,4,5,261,87,73,29,25,20,1,64,10,11,33,4,69,56,60,61,2,0
2023-11-28,League Two,4203554,Sutton United,Crewe Alexandra,0.2472395583293327,0.33365338454152665,0.41910705712914065,1,1,1,36,9,3,1,0,67,14,3,4,2,2,7,2,302,81,121,42,31,25,2,75,7,7,40,3,62,49,58,54,2,0,64,22,4,3,3,83,10,9,11,7,1,17,5,520,268,165,46,21,20,0,58,11,2,27,2,53,51,42,40,1,0
2023-12-09,League Two,4203555,Accrington Stanley,Doncaster Rovers,0.49232158988256547,0.3071364046973803,0.2005420054200542,0,0,1,53,13,3,1,1,63,8,5,4,6,0,9,4,311,72,123,39,24,48,3,47,13,0,12,0,66,53,62,29,2,0,47,4,0,2,2,54,16,3,4,0,1,4,0,283,78,75,35,33,37,1,71,5,6,29,3,52,47,38,36,0,0
2023-12-09,League Two,4203556,AFC Wimbledon,Swindon Town,0.47204399633363886,0.28230980751604035,0.2456461961503208,4,0,0,43,16,9,5,3,66,11,7,6,1,1,12,4,347,100,130,29,18,24,0,53,18,4,15,1,65,48,65,53,2,0,57,10,1,0,0,74,10,3,5,4,1,7,3,463,200,142,39,27,25,0,50,15,2,15,4,56,52,35,63,1,0
2023-12-09,League Two,4203578,Colchester United,Crawley Town,0.40298507462686567,0.3012211668928087,0.29579375848032563,1,2,2,38,11,2,3,2,71,10,4,7,2,0,7,4,309,151,69,42,37,24,4,67,11,3,23,3,60,60,59,63,3,0,62,13,5,2,1,82,9,5,5,3,0,10,3,530,245,187,28,14,24,3,43,9,2,15,1,40,40,41,33,2,0
2023-12-09,League Two,4203627,Grimsby Town,Crewe Alexandra,0.35747883349012227,0.24835371589840075,0.39416745061147695,2,1,0,51,17,3,2,1,75,10,6,8,6,1,9,8,401,166,136,38,37,29,4,64,9,6,31,1,58,55,56,37,1,0,49,11,2,1,0,70,11,5,3,6,0,8,3,385,143,126,30,14,27,2,58,10,6,11,1,47,45,45,35,3,0
2023-12-09,League Two,4203613,Morecambe,Stockport County,0.23603871928518244,0.24199553239017127,0.5219657483246463,1,1,1,27,4,3,1,0,50,6,3,1,0,0,1,3,219,67,43,14,27,33,0,30,10,2,19,4,32,50,60,71,1,0,73,11,5,1,0,83,5,5,4,2,1,1,10,600,168,332,40,11,32,1,75,6,0,10,2,28,50,40,55,0,0
2023-12-09,League Two,4203612,Notts County,Walsall,0.6454491374182034,0.24568709101725164,0.10886377156454491,1,2,2,67,6,2,0,0,80,9,6,2,2,0,6,0,533,290,139,40,36,27,2,64,5,0,12,2,49,57,44,67,2,0,33,7,4,1,1,68,11,4,3,0,0,5,2,247,78,90,46,27,35,5,73,15,2,13,1,43,43,56,46,2,0
2023-12-09,League Two,4203688,Tranmere Rovers,Newport County,0.42892156862745096,0.2916666666666667,0.27941176470588236,2,1,0,59,14,3,1,0,68,12,8,6,5,3,9,5,447,123,182,34,13,41,0,73,12,3,24,2,69,53,58,55,3,0,41,10,3,1,1,56,11,2,4,3,1,7,3,313,68,107,18,24,36,1,58,7,4,42,1,60,50,42,29,3,0
2023-12-16,League Two,4203610,Crawley Town,Mansfield Town,0.3075734157650695,0.3315301391035549,0.3608964451313756,1,3,2,58,11,2,1,0,85,12,2,6,3,1,3,8,519,258,182,35,13,24,1,50,7,2,4,3,31,41,26,40,4,1,42,14,6,2,0,80,14,3,5,3,0,9,5,376,195,106,49,27,13,5,71,8,3,14,1,51,59,74,80,3,0
2023-12-16,League Two,4203609,Crewe Alexandra,Accrington Stanley,0.5450281425891182,0.2954971857410882,0.15947467166979362,3,3,1,49,13,3,1,0,65,10,6,7,3,0,7,6,376,120,126,38,22,25,2,50,7,4,20,6,60,43,57,43,3,1,51,19,9,6,4,70,10,3,6,4,1,9,10,387,138,134,38,24,21,3,57,7,3,26,0,63,57,43,53,2,0
2023-12-16,League Two,4203608,Doncaster Rovers,Morecambe,0.5090702947845805,0.31859410430839,0.17233560090702948,0,5,2,58,12,3,3,3,76,10,6,6,3,0,9,3,471,159,201,45,17,29,2,60,5,3,10,4,61,46,60,50,2,0,42,15,9,4,3,72,10,6,2,4,0,9,6,351,150,103,21,29,22,1,44,7,3,26,3,56,54,40,56,3,0
2023-12-16,League Two,4203607,Gillingham,Bradford City,0.44476744186046513,0.28488372093023256,0.2703488372093023,0,2,2,56,7,1,0,0,60,10,6,5,1,0,5,2,360,92,124,36,21,30,4,40,3,3,24,0,70,50,51,67,3,0,44,12,2,1,1,49,19,2,7,3,0,6,6,294,50,95,29,19,22,2,73,7,1,23,1,68,50,49,86,5,0
2023-12-16,League Two,4203606,Harrogate Town,Notts County,0.2292418772563177,0.27166064981949456,0.4990974729241877,3,1,0,34,14,5,1,0,69,8,2,7,2,0,8,6,310,115,99,41,29,18,3,50,16,3,24,2,40,54,84,57,2,0,66,10,3,1,1,83,10,4,3,4,0,3,7,607,298,205,25,10,21,1,50,10,2,10,2,20,46,16,57,3,0
2023-12-16,League Two,4203605,Milton Keynes Dons,Forest Green Rovers,0.5698729582577132,0.28584392014519056,0.1442831215970962,2,0,0,62,13,5,0,0,84,11,4,5,3,0,5,8,590,300,197,49,9,28,4,68,2,6,17,0,67,55,43,58,4,0,38,8,0,0,0,75,18,4,2,6,0,4,4,347,165,95,39,24,13,0,64,12,3,12,3,66,45,57,19,4,0
2023-12-16,League Two,4203689,Newport County,Grimsby Town,0.48027057497181513,0.29988726042841035,0.21984216459977451,1,1,1,45,19,3,3,2,70,8,10,11,5,1,10,9,343,89,151,45,23,25,3,76,7,9,17,3,50,46,40,53,1,0,55,17,4,1,0,78,6,2,4,9,0,12,5,420,211,116,58,45,22,2,54,6,5,30,2,65,54,60,68,0,0
2023-12-16,League Two,4203615,Salford City,AFC Wimbledon,0.3225458468176915,0.24163969795037757,0.43581445523193096,0,0,1,45,8,3,0,0,74,9,1,2,3,0,3,5,411,168,136,39,29,28,0,80,6,4,39,2,60,52,44,58,2,0,55,20,2,4,4,79,14,11,14,4,0,11,9,472,201,171,43,19,17,4,74,6,3,10,3,63,48,56,60,1,0
2023-12-16,League Two,4203616,Stockport County,Sutton United,0.6423611111111112,0.26099537037037035,0.09664351851851852,8,0,0,60,19,11,8,3,79,12,5,6,2,2,15,4,511,242,161,38,41,16,3,100,4,1,23,1,48,48,44,63,0,0,40,7,1,1,1,71,10,1,5,1,0,3,4,350,129,118,40,10,30,1,86,8,2,10,3,56,52,56,53,1,0
2023-12-16,League Two,4203626,Swindon Town,Barrow,0.3530552861299709,0.31037827352085356,0.33656644034917554,0,3,2,64,4,1,1,1,82,13,7,0,3,0,1,3,500,248,163,40,11,22,5,79,5,3,22,0,50,51,46,18,1,0,36,10,3,2,0,67,17,5,4,3,0,5,5,264,80,97,39,40,19,0,73,4,3,22,1,52,49,54,43,1,0
2023-12-16,League Two,4203625,Walsall,Tranmere Rovers,0.4644870349492672,0.33032694475760993,0.20518602029312288,1,0,0,53,13,4,1,1,72,14,4,4,5,0,8,5,370,148,117,48,32,25,2,91,8,5,21,6,48,48,49,58,4,0,47,17,6,2,2,68,9,1,6,5,0,12,5,339,98,134,32,20,24,2,50,6,5,25,3,51,52,50,25,1,0
2023-12-16,League Two,4203690,Wrexham,Colchester United,0.7536272321428571,0.173828125,0.07254464285714286,2,1,0,35,11,5,1,1,71,8,4,3,3,0,9,2,313,108,114,34,17,25,0,67,5,6,34,3,50,51,60,53,4,1,65,18,4,4,3,87,7,7,8,6,0,9,9,581,240,267,57,12,26,1,77,4,4,25,3,42,49,40,47,2,0
2023-12-22,League Two,4203619,Forest Green Rovers,Gillingham,0.3122049898853675,0.39064958417621937,0.29714542593841314,0,0,1,40,11,4,1,1,56,11,3,3,4,0,9,2,303,62,109,27,13,32,1,80,8,3,22,3,48,48,37,75,2,0,60,11,3,1,1,74,9,8,5,3,0,4,7,458,178,160,48,26,33,2,89,4,4,28,4,63,52,63,72,1,0
2023-12-22,League Two,4203623,Colchester United,Salford City,0.3623445825932504,0.42835997631734757,0.209295441089402,2,1,0,42,11,5,2,0,80,11,9,2,4,0,8,3,366,175,116,41,21,21,4,90,7,2,29,3,51,52,58,57,5,0,58,12,4,3,3,86,10,7,6,2,0,8,4,498,254,172,61,37,20,2,86,9,4,18,3,44,48,42,38,1,0
2023-12-22,League Two,4203622,Crawley Town,AFC Wimbledon,0.29053448790683783,0.38966855777844134,0.3197969543147208,1,2,2,59,19,7,0,0,76,11,6,6,6,0,13,6,416,158,160,41,19,26,0,60,14,4,22,0,53,46,53,36,3,0,41,12,2,0,0,67,11,5,6,4,1,9,3,290,97,97,41,30,29,4,93,13,6,27,6,55,54,47,53,3,1
2023-12-22,League Two,4203621,Crewe Alexandra,Barrow,0.338899534629072,0.40514645496851903,0.255954010402409,1,3,2,61,8,3,1,0,75,12,5,3,2,0,5,3,451,221,116,43,24,24,2,75,4,0,17,3,52,52,60,57,4,0,39,11,6,1,0,63,10,2,5,0,0,8,3,284,87,93,32,35,20,1,71,11,2,35,2,40,48,40,33,4,0
2023-12-22,League Two,4203620,Doncaster Rovers,Bradford City,0.2801032110091743,0.39506880733944955,0.32482798165137616,1,3,2,50,7,2,0,0,55,9,9,1,4,0,5,2,335,78,107,33,20,36,0,62,18,5,40,2,72,52,56,55,1,0,50,13,5,2,1,54,13,4,3,5,0,10,3,348,52,136,23,17,33,3,75,7,4,36,1,62,48,44,55,1,0
2023-12-22,League Two,4203604,Stockport County,Notts County,0.5152774890875078,0.3350654749532322,0.14965703595926003,2,1,0,34,9,5,1,0,73,14,4,2,2,0,5,4,329,162,78,26,17,11,3,87,11,4,23,1,34,45,43,80,4,0,66,12,3,1,1,88,6,3,6,3,0,7,5,636,298,263,35,24,26,2,60,3,3,6,2,43,55,57,57,2,0
2023-12-23,League Two,4203624,Accrington Stanley,Walsall,0.4315490288962577,0.38654666035054475,0.18190431075319755,2,1,0,51,13,6,4,3,63,11,9,5,2,0,8,5,307,107,86,41,14,30,1,67,5,4,23,0,47,41,53,40,1,0,49,13,1,1,0,61,6,7,8,4,0,9,4,297,88,92,37,20,30,1,56,12,2,27,4,52,59,47,70,0,0
2023-12-23,League Two,4203618,Grimsby Town,Harrogate Town,0.48623131392604246,0.34697088906372936,0.16679779701022818,1,2,2,57,14,1,3,3,81,11,9,6,7,0,9,5,437,203,149,50,25,29,0,53,12,4,16,3,41,46,50,43,1,0,43,14,5,3,3,74,7,6,4,5,1,10,4,335,95,153,37,18,23,4,65,8,7,27,0,46,54,50,43,1,0
2023-12-23,League Two,4203617,Morecambe,Milton Keynes Dons,0.3220250521920668,0.3747390396659708,0.30323590814196244,1,3,2,40,9,4,3,2,75,13,4,3,2,0,6,3,316,134,104,46,8,28,1,43,9,11,10,4,38,48,37,36,3,0,60,20,7,2,0,81,12,5,2,11,0,8,12,506,244,167,43,0,28,3,40,6,2,19,3,45,52,63,67,1,0
2023-12-23,League Two,4203603,Sutton United,Mansfield Town,0.22272986864648772,0.31810394060536834,0.4591661907481439,0,2,2,42,7,1,1,1,63,10,2,3,3,1,7,0,357,110,114,40,33,30,1,50,11,3,33,3,63,51,47,50,1,0,58,17,5,3,1,73,10,5,8,4,1,5,12,461,130,205,43,19,27,1,50,8,3,10,2,64,49,53,50,1,0
2023-12-23,League Two,4203602,Tranmere Rovers,Swindon Town,0.37065637065637064,0.37175951461665746,0.25758411472697185,2,1,0,52,18,8,3,2,77,11,6,4,6,0,11,7,437,159,176,47,20,32,1,54,8,1,9,4,47,42,53,57,2,0,48,8,5,0,0,74,10,3,2,1,0,7,1,415,217,91,26,36,27,1,44,13,6,23,6,55,58,47,67,3,0
2023-12-23,League Two,4203706,Wrexham,Newport County,0.7017906336088154,0.20867768595041322,0.08953168044077135,2,0,0,56,16,5,2,2,62,9,7,8,3,1,11,5,417,141,119,27,25,37,2,55,12,4,19,2,63,57,46,50,0,0,44,9,2,2,2,57,9,5,3,4,1,7,2,325,61,125,32,24,32,0,76,9,2,16,3,58,43,54,23,1,0
2023-12-26,League Two,4203584,Mansfield Town,Grimsby Town,0.5358672376873662,0.3471627408993576,0.11697002141327623,2,0,0,50,39,16,5,5,79,17,15,14,9,1,28,11,436,145,201,43,40,25,1,53,16,3,17,4,55,42,58,36,3,0,50,12,4,0,0,77,10,2,5,3,2,7,5,451,228,120,41,10,27,1,71,9,8,41,15,59,58,42,75,1,0
2023-12-26,League Two,4203586,Gillingham,Crawley Town,0.46352514725872224,0.4019030357951971,0.13457181694608064,0,2,2,64,16,6,5,5,82,10,8,7,3,0,10,6,533,212,223,50,30,44,3,47,5,1,8,1,61,50,53,39,2,0,36,8,3,0,0,68,15,1,4,1,0,2,6,311,145,67,26,29,18,3,70,9,3,44,6,58,50,47,38,5,0
2023-12-26,League Two,4203589,AFC Wimbledon,Sutton United,0.594563986409966,0.3084182710456776,0.09701774254435636,0,1,2,55,11,5,0,0,62,13,2,2,4,0,8,3,373,131,101,34,20,32,3,60,10,3,26,5,75,57,44,60,3,0,45,12,6,3,2,52,11,6,3,3,0,10,2,298,61,94,31,17,33,3,60,8,4,23,5,77,43,56,50,4,0
2023-12-26,League Two,4203588,Barrow,Stockport County,0.3416916167664671,0.3611526946107784,0.2971556886227545,2,2,1,35,13,6,5,3,64,17,2,5,2,0,12,1,291,87,98,28,33,12,2,92,9,6,26,3,52,56,39,67,2,0,65,16,5,1,0,82,14,6,5,6,0,10,6,546,213,234,48,23,28,3,60,4,2,17,3,57,44,61,44,4,0
2023-12-26,League Two,4203587,Bradford City,Morecambe,0.527373179306881,0.34856855851330987,0.12405826217980914,2,2,1,57,16,6,6,4,68,7,5,8,2,1,13,3,438,76,224,46,29,30,0,65,10,2,26,0,85,51,65,50,2,0,43,7,2,2,0,64,9,5,3,2,1,4,3,330,112,99,21,14,29,1,40,13,1,45,4,59,49,35,60,3,0
2023-12-26,League Two,4203585,Harrogate Town,Accrington Stanley,0.31546707503828486,0.41347626339969373,0.27105666156202146,2,1,0,54,13,5,3,1,72,7,4,4,4,0,7,6,427,157,151,38,20,31,6,89,9,4,43,5,68,58,59,63,0,0,46,14,6,4,3,67,11,11,4,4,0,11,3,353,110,128,32,13,29,1,67,12,4,23,3,48,42,41,50,0,0
2023-12-26,League Two,4203583,Milton Keynes Dons,Colchester United,0.5494456762749446,0.33126385809312636,0.11929046563192905,1,0,0,65,28,4,5,4,91,12,11,11,13,1,16,12,754,266,417,56,19,14,0,47,7,2,6,3,36,47,50,50,3,0,35,7,3,0,0,80,8,1,2,2,1,1,6,406,244,82,33,29,12,1,54,5,13,20,3,40,53,50,53,1,0
2023-12-26,League Two,4203725,Newport County,Forest Green Rovers,0.47735849056603774,0.3610062893081761,0.16163522012578616,4,2,0,64,13,7,3,1,71,10,7,1,5,0,11,2,460,132,196,44,19,37,2,70,12,5,17,3,60,52,42,30,3,0,36,12,4,2,1,53,22,7,3,5,0,10,2,262,55,83,27,39,27,3,67,8,3,39,3,68,48,58,50,4,1
2023-12-26,League Two,4203582,Notts County,Doncaster Rovers,0.5516952699874424,0.33403097530347425,0.1142737547090833,3,0,0,80,19,9,7,4,92,6,13,3,7,0,16,3,930,468,391,62,28,16,2,67,2,3,5,4,30,48,40,36,0,0,20,13,4,2,2,75,11,3,6,3,1,10,3,229,127,45,31,30,8,3,69,12,7,38,7,36,52,60,40,2,0
2023-12-26,League Two,4203581,Salford City,Tranmere Rovers,0.39509536784741145,0.4019073569482289,0.20299727520435967,1,5,2,51,10,5,0,0,79,7,4,3,2,0,6,4,436,186,157,47,24,32,0,62,12,6,19,4,57,53,59,46,3,1,49,20,9,2,1,74,11,3,5,6,0,15,5,418,132,176,35,14,35,1,63,5,1,18,4,46,47,41,56,1,0
2023-12-26,League Two,4203708,Swindon Town,Wrexham,0.1628412660062817,0.21333655472336313,0.6238221792703551,0,1,2,56,17,2,2,2,81,8,8,10,5,1,11,6,409,192,139,50,13,29,0,33,9,5,21,3,38,46,30,48,1,0,44,15,4,3,2,76,10,5,6,5,0,8,7,331,118,133,45,24,15,2,58,6,4,26,2,55,54,70,60,0,1
2023-12-26,League Two,4203580,Walsall,Crewe Alexandra,0.3631198347107438,0.37241735537190085,0.2644628099173554,2,0,0,41,15,5,3,1,68,9,5,5,5,1,7,8,288,75,122,47,28,18,1,69,9,5,18,4,55,50,48,38,1,0,59,15,4,1,1,76,11,4,6,5,0,7,8,422,180,142,41,29,23,2,53,10,5,23,3,57,50,52,29,5,0
2023-12-29,League Two,4203590,AFC Wimbledon,Colchester United,0.5569948186528497,0.33613989637305697,0.10686528497409327,5,3,0,48,32,13,7,4,76,16,5,16,3,0,21,11,407,102,206,44,45,29,2,56,11,3,16,1,64,52,59,73,3,0,52,14,4,4,1,75,7,2,7,3,0,7,7,448,210,125,34,36,19,0,83,14,4,22,7,53,48,41,42,1,1
2023-12-29,League Two,4203591,Barrow,Accrington Stanley,0.5248599439775911,0.3553921568627451,0.11974789915966387,1,1,1,43,18,5,1,1,67,12,8,5,8,0,12,6,304,116,87,44,29,29,1,75,4,3,21,2,67,49,79,33,0,0,57,11,3,1,0,80,12,3,5,3,1,3,8,413,180,149,40,14,27,0,57,12,7,25,4,53,51,21,45,6,0
2023-12-29,League Two,4203601,Bradford City,Stockport County,0.30822536908707443,0.33112383247966254,0.36065079843326303,0,0,1,41,8,1,0,0,58,16,6,5,2,0,6,2,343,73,127,25,29,42,2,60,10,3,15,1,50,41,52,45,2,0,59,10,1,0,0,70,7,3,6,3,0,8,2,512,194,163,22,22,39,1,70,11,2,26,1,57,59,48,44,2,0
2023-12-29,League Two,4203600,Gillingham,Sutton United,0.5089986155976004,0.3580987540378403,0.1329026303645593,1,0,0,72,23,4,4,4,83,6,12,10,9,0,16,7,596,165,327,62,22,29,3,65,5,2,12,2,58,56,51,44,1,0,28,4,2,0,0,60,10,0,0,2,0,2,2,247,78,71,24,33,20,2,67,10,8,40,3,49,44,49,0,3,1
2023-12-29,League Two,4203599,Harrogate Town,Tranmere Rovers,0.41467676179382645,0.37216074548631334,0.2131624927198602,0,2,2,59,13,3,3,3,77,5,7,6,4,0,9,4,505,196,195,40,29,30,3,75,16,4,21,2,49,58,47,44,1,0,41,11,4,1,0,66,9,6,3,4,0,7,4,351,73,160,31,14,24,0,92,15,3,25,3,44,42,53,29,2,0
2023-12-29,League Two,4203598,Mansfield Town,Doncaster Rovers,0.5664196123147093,0.322690992018244,0.11088939566704675,1,1,1,51,12,6,1,0,79,9,7,5,1,0,6,6,462,165,201,51,28,27,2,56,9,5,7,3,59,49,60,35,1,0,49,12,5,1,1,77,13,4,3,4,0,8,4,451,223,126,39,42,27,2,76,10,1,33,5,53,51,40,47,1,0
2023-12-29,League Two,4203597,Milton Keynes Dons,Crawley Town,0.5152766308835673,0.34971098265895956,0.13501238645747315,2,0,0,42,13,8,3,3,79,7,6,4,1,0,9,4,450,224,130,42,43,11,1,60,9,2,23,3,43,64,44,77,3,0,58,11,3,5,5,84,9,2,5,3,0,8,3,610,300,215,52,33,24,1,60,9,1,9,6,35,36,56,56,1,1
2023-12-29,League Two,4203709,Newport County,Crewe Alexandra,0.41128646580583456,0.38880918220946914,0.1999043519846963,1,1,1,50,19,3,2,1,63,10,7,7,9,0,11,8,373,73,161,34,23,26,2,65,14,8,20,4,63,42,37,40,0,0,50,23,4,3,2,64,6,5,11,8,0,16,7,394,134,117,24,35,30,0,50,9,8,35,2,97,58,63,67,1,0
2023-12-29,League Two,4203596,Notts County,Morecambe,0.5373187124159887,0.3342766183233109,0.12840466926070038,5,0,0,76,13,7,6,3,94,7,4,5,1,0,8,5,859,500,308,59,36,12,0,50,5,0,6,2,31,53,60,44,1,0,24,6,2,0,0,83,8,2,4,0,0,4,2,264,160,58,49,13,9,0,55,12,1,12,2,26,47,40,50,2,0
2023-12-29,League Two,4203595,Salford City,Grimsby Town,0.3879023307436182,0.40899001109877914,0.20310765815760268,0,3,2,44,11,2,2,2,74,10,5,7,2,1,7,4,357,128,136,46,6,24,3,63,16,7,25,2,54,48,50,67,0,0,56,23,5,3,1,80,8,12,11,7,1,18,5,430,213,129,42,23,27,3,50,8,1,18,2,56,52,50,63,1,0
2023-12-29,League Two,4203594,Swindon Town,Forest Green Rovers,0.49498910675381264,0.33681917211328977,0.1681917211328976,2,1,0,56,15,5,2,1,70,11,6,3,7,1,7,8,374,137,126,41,25,26,1,75,8,6,37,6,64,53,53,46,4,0,44,19,7,3,2,62,20,4,5,7,0,15,4,291,60,119,39,23,29,2,81,5,7,22,3,57,47,47,30,5,0
2023-12-29,League Two,4203710,Walsall,Wrexham,0.16574585635359115,0.23299676128786437,0.6012573823585445,3,1,0,49,22,8,4,2,75,7,2,7,7,0,12,10,400,99,199,39,28,24,2,58,7,3,18,4,62,56,49,61,3,0,51,16,5,3,2,75,9,4,6,5,1,8,8,415,182,129,35,19,20,2,74,4,7,17,5,56,44,51,44,1,0
2024-01-01,League Two,4203593,Accrington Stanley,Salford City,0.47769640479360853,0.3848202396804261,0.13748335552596538,3,0,0,44,17,6,5,3,66,13,5,4,7,0,10,7,320,117,93,30,6,25,1,64,12,4,35,5,56,44,45,43,4,0,56,14,5,1,1,69,9,3,5,4,0,8,6,398,128,145,41,22,39,3,69,9,7,22,3,70,56,55,47,2,0
2024-01-01,League Two,4203592,Colchester United,Gillingham,0.31689536878216124,0.4142367066895369,0.2688679245283019,0,1,2,51,15,4,1,1,87,9,0,6,5,0,6,9,442,229,156,58,24,20,2,55,2,4,16,6,42,54,44,50,1,0,49,15,7,2,2,84,7,6,4,4,2,11,4,416,189,159,48,30,12,1,40,5,5,18,4,40,46,56,41,3,0
2024-01-01,League Two,4203579,Crawley Town,Swindon Town,0.3851606805293006,0.41398865784499056,0.2008506616257089,3,1,0,44,11,3,2,0,75,15,3,4,4,0,5,6,363,182,90,34,14,19,3,64,15,1,14,7,32,45,35,43,0,0,56,14,8,3,3,80,12,9,5,1,1,9,5,449,214,146,51,26,27,2,78,8,3,15,0,43,55,65,60,0,0
2024-01-01,League Two,4203628,Crewe Alexandra,Bradford City,0.33652173913043476,0.3882608695652174,0.2752173913043478,1,0,0,43,4,1,1,0,52,13,1,1,2,0,2,2,305,93,67,29,8,23,1,50,10,5,31,4,70,52,48,50,5,0,57,16,4,1,1,61,18,8,7,5,1,13,3,394,79,162,34,19,28,5,80,9,2,14,0,70,48,52,33,3,0
2024-01-01,League Two,4203648,Doncaster Rovers,Milton Keynes Dons,0.2545589877186453,0.3632303684406401,0.38221064384071457,3,0,0,30,20,6,1,1,67,17,6,6,8,1,12,8,282,105,85,27,38,18,1,50,13,7,23,3,47,53,42,56,2,0,70,12,3,0,0,84,13,5,2,7,0,7,5,682,374,200,53,17,27,0,56,9,7,10,3,47,47,58,50,4,0
2024-01-01,League Two,4203649,Forest Green Rovers,AFC Wimbledon,0.24509803921568626,0.3367269984917044,0.41817496229260936,1,1,1,46,16,4,2,1,62,10,6,6,6,0,13,3,365,91,135,36,37,39,0,67,8,2,27,3,58,44,64,33,1,0,54,13,4,1,0,71,7,9,7,2,1,8,5,423,155,146,30,3,21,2,56,13,7,17,2,51,56,36,47,2,0
2024-01-01,League Two,4203650,Grimsby Town,Walsall,0.3542056074766355,0.39299065420560747,0.252803738317757,1,6,2,66,9,3,3,2,82,12,9,2,4,0,7,2,464,228,151,54,20,30,3,65,6,6,22,1,51,53,42,42,0,0,34,18,7,3,0,62,14,7,5,6,0,14,4,234,57,88,33,22,19,2,69,7,4,27,2,53,47,58,33,1,0
2024-01-01,League Two,4203651,Morecambe,Harrogate Town,0.4043343653250774,0.4136222910216718,0.18204334365325078,2,2,1,49,18,6,2,1,79,6,7,3,9,0,10,8,430,145,193,42,14,26,0,44,8,4,10,2,54,49,55,50,3,0,51,11,5,3,2,75,8,4,3,3,1,6,5,455,185,154,37,20,18,2,63,6,8,32,4,51,51,45,47,2,0
2024-01-01,League Two,4203652,Stockport County,Mansfield Town,0.41906202723146746,0.372768532526475,0.2081694402420575,0,2,2,62,11,4,1,1,72,10,3,5,2,0,7,4,458,185,145,39,26,47,2,71,8,3,9,1,60,48,56,56,1,0,38,8,3,3,1,62,8,6,2,3,0,5,3,278,79,93,40,25,33,3,73,11,3,43,3,55,52,44,55,3,0
2024-01-01,League Two,4203711,Sutton United,Newport County,0.3157290470723307,0.4121699196326062,0.27210103329506313,1,1,1,51,14,4,1,0,65,8,3,5,5,1,11,3,361,89,144,34,53,32,2,75,14,3,33,1,66,49,55,59,1,0,49,10,2,1,0,56,5,7,5,3,0,5,5,340,63,129,23,19,39,3,76,12,5,20,3,61,51,45,43,0,0
2024-01-01,League Two,4203653,Tranmere Rovers,Notts County,0.27932761087267527,0.3694563662374821,0.3512160228898426,4,2,0,33,15,7,4,1,76,10,7,4,4,0,11,4,316,115,126,36,30,25,1,79,0,2,19,5,42,51,71,67,1,0,67,13,7,3,1,92,5,7,4,2,1,9,4,673,329,289,57,32,12,2,56,6,4,22,3,32,49,29,50,1,0
2024-01-01,League Two,4203727,Wrexham,Barrow,0.6174121405750799,0.27935303514376997,0.10323482428115016,4,1,0,59,16,10,3,2,78,12,3,3,3,0,8,8,519,215,191,37,20,23,0,80,4,1,13,2,49,52,52,75,1,0,41,7,3,2,1,72,14,0,3,1,1,5,2,376,157,112,41,17,26,0,33,9,3,29,6,45,48,48,75,4,0
2024-01-06,League Two,4203658,Harrogate Town,Doncaster Rovers,0.42477256822953113,0.35199440167949614,0.2232330300909727,3,1,0,46,11,4,2,2,70,8,3,6,1,0,6,5,394,142,134,29,21,22,2,73,15,8,24,1,68,58,58,45,0,0,54,17,2,2,2,75,10,4,7,8,0,7,10,467,193,156,48,27,33,2,60,3,1,18,1,49,42,42,15,3,0
2024-01-06,League Two,4203655,Barrow,Tranmere Rovers,0.463563704748472,0.34085566525622946,0.19558062999529854,1,0,0,50,16,2,0,0,75,10,4,7,7,0,9,7,407,157,148,40,26,15,2,82,5,1,36,1,60,55,59,50,1,0,50,6,1,0,0,71,11,5,4,1,1,4,2,404,137,149,29,12,31,1,50,7,6,27,1,45,45,41,43,2,0
2024-01-06,League Two,4203656,Bradford City,Crawley Town,0.47501542257865514,0.3738433066008637,0.15114127082048118,2,4,2,52,20,8,3,3,64,6,10,6,6,0,15,5,422,94,175,35,31,44,5,50,7,4,8,2,69,60,62,50,2,0,48,13,6,3,0,61,11,3,3,4,0,7,6,411,153,96,15,44,22,1,50,8,6,49,7,44,40,38,47,2,0
2024-01-06,League Two,4203659,Mansfield Town,Crewe Alexandra,0.5501485884101041,0.32800891530460624,0.12184249628528974,0,1,2,68,21,3,1,1,81,7,12,9,9,0,14,7,616,196,302,48,25,31,1,53,5,4,10,2,54,48,42,64,2,0,32,12,3,2,2,61,8,5,5,4,0,10,2,310,111,78,27,17,11,2,56,6,9,58,3,66,52,58,69,2,0
2024-01-06,League Two,4203661,Salford City,Forest Green Rovers,0.44137507673419274,0.3756906077348066,0.18293431553100062,2,2,1,54,12,5,1,0,61,9,8,2,5,0,9,3,349,79,134,34,15,34,1,60,5,7,26,1,75,49,56,27,2,1,46,13,3,2,1,53,14,4,3,7,0,12,1,310,71,93,23,25,32,4,69,11,5,30,3,65,51,44,50,2,1
2024-01-06,League Two,4203662,Swindon Town,Colchester United,0.46710923355461675,0.35546167773083887,0.17742908871454435,2,2,1,36,9,4,2,0,61,8,5,2,3,0,7,2,304,107,78,17,6,20,1,68,10,7,23,3,61,57,40,62,1,0,64,17,6,0,0,77,9,2,3,8,0,11,6,550,252,172,58,47,32,2,64,10,3,13,2,61,43,60,46,2,0
2024-01-13,League Two,4203664,Accrington Stanley,Gillingham,0.4125822970007315,0.3774689100219459,0.2099487929773226,1,2,2,51,15,6,1,1,73,9,5,5,4,0,6,9,413,137,165,39,22,31,0,56,10,4,37,1,55,49,35,41,2,0,49,11,3,1,0,67,12,7,4,4,0,10,1,399,138,129,38,21,28,2,68,8,4,24,5,73,51,65,36,2,0
2024-01-13,League Two,4203647,Colchester United,Bradford City,0.31440677966101693,0.32966101694915256,0.3559322033898305,1,1,1,58,5,3,0,0,74,5,2,2,0,0,2,3,508,262,116,30,14,31,5,67,8,12,31,2,65,63,41,52,0,0,42,21,3,0,0,64,11,8,6,12,0,16,5,346,77,144,39,33,26,0,50,15,0,17,2,62,37,59,21,0,0
2024-01-13,League Two,4203646,Crawley Town,Salford City,0.5235250186706497,0.3263629574309186,0.15011202389843167,0,1,2,54,10,1,2,2,64,8,2,5,4,0,6,4,381,151,91,25,0,18,2,44,5,6,31,11,47,53,37,42,1,0,46,35,12,5,4,59,15,10,17,6,1,18,17,307,57,125,42,24,22,2,64,9,3,18,1,58,47,63,50,3,0
2024-01-13,League Two,4203629,Crewe Alexandra,Swindon Town,0.5284552845528455,0.3148558758314856,0.15668883961566887,2,1,0,52,11,5,1,0,74,7,3,4,2,0,5,6,433,181,138,43,27,25,4,74,16,5,21,2,57,51,62,31,3,0,48,11,3,1,0,70,9,8,3,5,0,5,6,390,110,164,33,9,24,1,76,9,2,20,3,46,49,38,25,3,0
2024-01-13,League Two,4203714,Doncaster Rovers,Newport County,0.4032258064516129,0.3415559772296015,0.25521821631878555,0,1,2,57,14,5,3,3,72,12,2,3,6,1,13,1,442,171,148,42,39,20,2,50,17,1,22,0,67,55,59,33,1,0,43,5,1,1,0,61,16,4,3,1,0,4,1,328,86,114,29,15,35,2,50,5,6,22,5,50,45,41,67,2,0
2024-01-13,League Two,4203630,Forest Green Rovers,Harrogate Town,0.390625,0.31525735294117646,0.29411764705882354,0,2,2,34,4,1,2,2,74,19,3,1,2,0,3,1,314,144,88,32,20,20,0,55,12,9,15,3,37,35,36,50,2,1,66,18,5,3,2,86,6,8,4,9,0,7,11,637,305,243,55,21,21,2,70,7,2,15,1,68,65,64,68,2,0
2024-01-13,League Two,4203631,Grimsby Town,Notts County,0.26436781609195403,0.2805949966193374,0.45503718728870857,5,5,1,43,23,9,5,3,70,10,9,6,8,1,18,5,315,118,104,45,26,16,5,65,9,4,9,4,54,55,50,56,1,0,57,19,9,6,2,78,9,2,6,4,1,13,6,441,213,129,25,36,23,1,31,3,6,20,4,46,45,50,43,3,0
2024-01-13,League Two,4203632,Morecambe,Mansfield Town,0.2044042913608131,0.3297571993224167,0.4658385093167702,1,1,1,50,9,3,1,0,79,10,3,6,0,0,6,3,452,154,202,45,17,27,2,60,5,2,30,2,56,52,55,46,3,0,50,6,3,1,0,77,9,5,1,2,1,3,3,454,211,139,44,4,24,1,48,11,0,26,2,49,48,45,33,0,0
2024-01-13,League Two,4203633,Stockport County,Walsall,0.5557506584723442,0.2967515364354697,0.14749780509218613,3,1,0,65,15,7,3,1,81,10,8,5,3,1,11,4,522,211,211,42,20,30,0,67,9,3,27,3,53,53,58,61,1,0,35,7,3,2,1,68,10,6,1,3,0,4,3,280,101,88,49,22,33,0,67,18,3,38,4,43,47,42,57,2,0
2024-01-13,League Two,4203634,Sutton United,Barrow,0.22988505747126436,0.28888888888888886,0.4812260536398467,2,2,1,56,9,4,1,0,77,8,5,2,3,0,6,3,512,244,149,43,21,26,2,62,9,5,29,3,51,46,55,40,1,0,44,16,5,1,0,71,7,5,6,5,1,9,7,389,127,148,46,6,37,1,43,12,3,20,2,50,54,45,42,1,0
2024-01-13,League Two,4203635,Tranmere Rovers,Milton Keynes Dons,0.4016597510373444,0.3112033195020747,0.2871369294605809,1,2,2,36,5,2,0,0,72,7,2,2,1,0,3,2,353,133,121,43,10,19,0,50,9,6,31,4,48,55,61,56,1,0,64,25,6,4,3,85,9,6,13,6,0,13,12,641,310,233,47,26,23,1,82,9,1,3,1,36,45,39,40,0,0
2024-01-13,League Two,4203715,Wrexham,AFC Wimbledon,0.6982675649663138,0.19995187680461982,0.10178055822906641,2,0,0,47,10,5,3,1,73,11,5,5,0,1,8,2,387,157,125,38,30,38,1,63,7,6,24,1,64,57,48,33,1,0,53,17,1,0,0,74,13,5,10,6,1,10,7,435,174,149,42,38,19,1,64,14,0,23,3,58,43,52,9,1,0
2024-01-20,League Two,4203637,Barrow,Crewe Alexandra,0.48959276018099546,0.33212669683257917,0.17828054298642534,1,3,2,50,13,5,2,2,73,7,5,3,5,0,8,5,432,123,191,38,26,25,4,70,4,5,9,3,40,48,44,25,1,0,50,13,6,6,3,78,10,0,2,5,0,9,4,449,209,139,43,50,28,2,70,10,5,34,4,47,52,56,67,6,0
2024-01-20,League Two,4203639,Gillingham,Forest Green Rovers,0.6358131487889274,0.2370242214532872,0.12716262975778547,1,1,1,56,14,3,6,5,70,6,6,9,2,0,11,3,488,204,136,31,28,35,3,40,12,4,22,3,69,62,54,54,4,0,44,11,5,1,1,66,11,0,3,3,0,6,5,403,111,154,38,25,33,0,63,10,2,27,2,51,38,46,50,2,0
2024-01-20,League Two,4203642,Milton Keynes Dons,Morecambe,0.633249791144528,0.2548036758563074,0.11194653299916457,1,2,2,71,22,6,2,2,88,11,8,5,11,0,14,8,695,351,261,47,28,22,0,71,3,2,22,0,53,44,63,35,2,0,29,7,3,3,2,68,10,6,3,1,0,5,2,278,114,75,22,14,23,2,67,5,11,17,5,54,56,37,47,4,0
2024-01-20,League Two,4203716,Newport County,Wrexham,0.16,0.16034782608695652,0.6796521739130434,1,0,0,54,16,5,1,1,67,13,5,9,2,0,11,5,380,99,156,28,20,29,4,70,12,0,12,1,46,39,41,17,6,0,46,4,1,0,0,57,12,2,3,0,0,2,2,324,126,59,22,18,16,4,45,4,2,26,4,70,61,59,38,3,1
2024-01-23,League Two,4203577,Bradford City,Salford City,0.50275442157147,0.3395187010727747,0.1577268773557553,1,1,1,49,7,4,3,2,39,7,3,2,1,1,6,1,307,47,74,18,14,26,2,59,7,5,27,2,77,60,47,56,0,0,51,13,3,0,0,51,14,3,5,5,0,4,9,323,55,111,32,28,27,3,67,8,0,26,3,70,40,53,44,1,0
2024-01-23,League Two,4203641,Mansfield Town,Sutton United,0.588086642599278,0.29927797833935016,0.11263537906137185,1,1,1,68,18,2,2,2,77,8,13,8,8,0,12,6,429,138,191,40,29,27,1,67,7,1,27,0,55,56,51,43,2,0,32,3,1,1,0,60,13,8,1,1,0,3,0,206,51,72,23,22,37,0,40,13,7,28,1,46,44,49,37,1,0
2024-01-23,League Two,4203568,Milton Keynes Dons,AFC Wimbledon,0.43839452395768513,0.2809583074051027,0.2806471686372122,3,1,0,68,18,12,3,2,88,11,3,3,3,0,8,10,686,352,251,51,30,21,2,40,4,1,25,1,59,54,56,36,1,0,32,8,2,3,2,72,17,3,4,2,0,5,3,308,101,120,28,15,15,4,43,8,3,17,10,49,46,44,41,1,2
2024-01-27,League Two,4203666,AFC Wimbledon,Mansfield Town,0.313,0.279,0.408,2,1,0,59,19,5,1,0,75,16,6,6,8,0,10,9,458,137,206,42,21,31,4,53,10,1,14,0,56,45,47,35,4,0,41,5,1,0,0,67,10,2,3,1,0,3,2,327,100,118,39,33,24,1,71,13,9,27,2,66,55,53,33,4,2
2024-01-27,League Two,4203676,Crewe Alexandra,Salford City,0.6242362525458248,0.24134419551934827,0.13441955193482688,2,3,2,52,11,3,1,0,62,10,2,5,3,0,5,6,337,123,87,30,21,34,2,67,17,8,45,3,73,51,46,47,1,0,48,18,6,3,0,55,16,5,3,9,0,16,2,315,54,118,35,23,25,3,47,7,3,34,1,79,49,54,50,4,0
2024-01-27,League Two,4203675,Doncaster Rovers,Stockport County,0.2341897233201581,0.24209486166007904,0.5237154150197628,1,5,2,44,7,1,2,1,68,17,2,5,1,0,6,1,359,117,127,34,35,32,3,75,7,3,20,3,49,44,37,57,2,0,56,14,7,5,1,71,11,10,4,3,1,11,3,460,201,126,33,53,24,0,73,8,1,18,0,71,56,63,50,1,0
2024-01-27,League Two,4203674,Forest Green Rovers,Accrington Stanley,0.36891385767790263,0.28277153558052437,0.34831460674157305,0,1,2,56,12,2,3,3,73,6,6,8,2,0,9,3,439,178,143,40,23,35,0,54,4,0,19,3,84,69,60,69,1,0,44,9,4,2,1,69,17,1,5,0,0,3,6,350,148,92,25,13,34,0,69,11,2,36,2,45,31,40,38,5,0
2024-01-27,League Two,4203673,Grimsby Town,Tranmere Rovers,0.4616858237547893,0.2796934865900383,0.25862068965517243,1,2,2,55,11,2,1,1,71,12,6,3,6,0,9,2,381,168,101,35,22,33,2,56,9,0,17,1,59,49,45,47,1,0,45,5,2,2,1,60,10,2,3,0,0,3,2,308,57,127,35,8,29,4,47,9,6,30,1,65,51,55,47,2,0
2024-01-27,League Two,4203672,Milton Keynes Dons,Gillingham,0.5149700598802395,0.274251497005988,0.21077844311377245,2,1,0,68,10,7,1,0,84,10,5,1,2,0,4,6,687,311,269,44,29,18,0,35,8,4,24,5,52,45,42,53,1,0,32,14,6,2,2,70,8,4,4,4,1,11,3,315,82,137,54,28,18,2,53,13,2,12,5,67,55,58,71,0,0
2024-01-27,League Two,4203671,Morecambe,Colchester United,0.51171875,0.275390625,0.212890625,0,1,2,52,8,1,3,3,74,7,3,5,2,0,6,2,397,171,124,40,25,28,4,58,7,9,22,2,62,58,43,47,3,0,48,17,3,2,2,71,11,9,5,9,0,10,7,377,104,165,24,17,22,4,87,13,2,32,1,59,42,57,44,2,0
2024-01-27,League Two,4203670,Notts County,Barrow,0.547191011235955,0.2853932584269663,0.16741573033707866,1,1,1,79,9,1,3,2,94,9,6,5,3,0,5,4,798,377,371,40,21,15,0,40,4,4,21,2,47,67,50,81,1,0,21,11,3,4,3,69,11,8,4,4,0,7,4,199,62,75,35,28,15,5,60,2,3,23,0,28,33,50,0,4,0
2024-01-27,League Two,4203669,Swindon Town,Bradford City,0.39245283018867927,0.2849056603773585,0.32264150943396225,2,0,0,48,5,2,2,0,64,10,3,3,0,0,4,1,395,124,128,25,9,32,2,67,11,7,28,3,93,59,44,56,2,0,52,12,3,1,1,64,17,4,2,7,0,4,8,418,99,167,36,40,34,2,62,15,0,14,0,84,41,56,33,2,0
2024-01-27,League Two,4203668,Walsall,Sutton United,0.5949579831932773,0.2672268907563025,0.13781512605042018,1,1,1,50,11,4,2,2,66,10,4,3,4,0,7,4,305,83,119,37,17,22,0,63,8,5,34,1,65,49,48,42,5,0,50,11,2,2,2,66,15,4,4,5,0,6,5,296,57,138,26,20,31,1,50,8,4,31,2,69,51,52,67,3,0
2024-01-30,League Two,4203611,Sutton United,Harrogate Town,0.38293216630196936,0.33960612691466086,0.2774617067833698,1,2,2,50,18,3,1,1,68,11,10,6,9,3,16,2,368,92,157,39,40,26,0,52,5,3,6,1,67,49,41,30,1,0,50,10,3,3,1,68,5,4,4,3,0,7,3,388,125,137,31,75,34,3,72,11,9,40,2,81,51,59,33,3,0
2024-02-03,League Two,4203719,Newport County,Swindon Town,0.5138248847926268,0.2707373271889401,0.2154377880184332,2,1,0,46,11,4,2,0,62,11,3,2,5,0,7,4,307,74,116,31,16,26,1,56,8,6,22,1,53,49,41,0,2,0,54,17,3,1,0,68,13,7,9,5,2,10,7,350,131,107,34,18,27,2,58,9,5,26,2,64,51,59,64,4,0
2024-02-03,League Two,4203667,Accrington Stanley,Grimsby Town,0.5370705244122965,0.2549728752260398,0.20795660036166366,0,0,1,43,5,3,0,0,63,13,6,1,1,0,2,3,304,118,75,32,11,33,2,58,9,6,23,3,49,38,41,11,1,0,57,15,3,0,0,70,6,9,6,6,0,9,6,411,160,129,29,24,25,3,71,8,1,18,3,75,62,59,67,1,0
2024-02-03,League Two,4203677,Barrow,Milton Keynes Dons,0.41233766233766234,0.2694805194805195,0.3181818181818182,1,0,0,40,15,6,3,3,69,10,6,7,2,0,10,5,342,93,144,41,18,22,2,53,7,2,23,4,58,57,61,63,3,0,60,8,4,1,1,84,14,8,2,2,0,3,5,519,258,179,52,21,11,5,41,15,2,34,5,42,43,39,57,2,0
2024-02-03,League Two,4203678,Bradford City,AFC Wimbledon,0.416988416988417,0.26640926640926643,0.3166023166023166,0,0,1,58,10,3,1,1,61,11,4,4,3,0,4,6,385,79,156,31,5,36,1,75,13,2,22,1,71,58,46,31,3,0,42,6,1,0,0,52,17,3,3,2,0,4,2,283,56,91,30,28,29,1,72,25,3,17,3,66,42,54,7,4,0
2024-02-03,League Two,4203694,Colchester United,Forest Green Rovers,0.5167037861915368,0.27616926503340755,0.2071269487750557,3,3,1,69,20,5,2,1,82,14,5,7,8,0,11,9,620,224,287,46,19,32,0,77,1,5,20,0,53,45,47,47,1,0,31,11,3,4,2,58,10,5,3,5,0,9,2,272,99,60,29,21,29,1,67,5,8,35,2,62,55,53,56,1,0
2024-02-03,League Two,4203695,Crawley Town,Morecambe,0.5176151761517616,0.2899728997289973,0.19241192411924118,1,2,2,72,14,5,1,1,84,13,2,6,3,0,11,3,583,247,240,50,23,24,1,63,8,0,14,5,44,46,54,50,2,0,28,13,7,3,2,63,15,3,6,0,0,8,5,224,70,71,29,38,18,5,61,10,3,15,4,47,54,46,50,2,0
2024-02-03,League Two,4203696,Gillingham,Walsall,0.49770642201834864,0.2775229357798165,0.22477064220183487,1,1,1,49,14,3,2,1,64,12,5,5,6,0,8,6,322,107,98,39,35,34,1,68,5,10,30,1,74,53,48,23,3,0,51,18,2,5,4,64,15,4,5,11,0,11,7,344,78,141,49,28,18,0,83,5,6,23,2,73,47,52,53,2,0
2024-02-03,League Two,4203697,Mansfield Town,Notts County,0.47680690399137,0.2308522114347357,0.2923408845738943,1,0,0,36,13,7,1,1,69,16,3,4,2,1,7,6,331,91,137,36,17,18,2,63,9,6,16,0,45,40,48,17,4,0,64,11,1,1,1,82,6,8,5,5,1,8,3,601,291,203,35,17,24,1,80,9,2,22,6,62,60,52,55,0,0
2024-02-03,League Two,4203720,Salford City,Wrexham,0.12922906267332224,0.12146422628951747,0.7493067110371603,3,1,0,50,18,9,3,2,55,15,9,4,5,1,13,5,327,39,141,42,31,25,1,63,11,1,21,0,90,50,58,44,4,0,50,6,1,2,1,52,16,3,3,2,0,5,1,338,95,82,21,18,30,2,79,5,5,31,6,76,50,42,58,3,0
2024-02-03,League Two,4203698,Stockport County,Harrogate Town,0.6484118291347207,0.22782037239868566,0.12376779846659365,1,1,1,55,20,6,3,2,81,12,8,5,9,0,13,7,534,175,258,51,21,24,1,75,10,0,9,1,48,47,58,30,3,0,45,3,2,1,0,78,8,1,1,0,0,1,2,459,226,134,45,0,27,1,69,13,8,35,5,45,53,42,38,1,0
2024-02-03,League Two,4203699,Sutton United,Doncaster Rovers,0.3941018766756032,0.3136729222520107,0.29222520107238603,1,1,1,52,15,5,1,0,63,13,1,5,5,0,10,5,282,70,109,35,33,36,4,86,8,3,25,0,61,47,36,50,2,0,48,9,1,2,1,54,21,4,5,3,0,6,3,257,55,83,40,14,27,3,61,7,4,38,4,86,53,64,75,3,0
2024-02-03,League Two,4203700,Tranmere Rovers,Crewe Alexandra,0.3360927152317881,0.25662251655629137,0.40728476821192056,0,0,1,45,9,0,0,0,62,9,7,6,3,0,3,6,328,75,128,36,4,16,0,67,14,7,18,1,66,57,56,62,2,0,55,11,1,1,1,72,17,6,3,7,0,6,5,411,176,118,31,11,30,2,82,4,3,32,0,50,43,44,60,4,0
2024-02-09,League Two,4203740,Notts County,Gillingham,0.5872447151558581,0.2715872447151559,0.14116804012898604,1,3,2,72,12,4,0,0,93,9,4,4,4,0,7,5,682,273,358,71,12,13,2,70,4,3,11,1,42,57,41,69,2,0,28,11,4,3,2,75,13,4,4,3,1,11,0,256,113,79,35,47,13,0,55,12,4,26,3,39,43,59,33,1,0
2024-02-10,League Two,4203726,AFC Wimbledon,Barrow,0.37268128161888703,0.29679595278246207,0.3305227655986509,2,0,0,43,10,3,2,1,63,23,7,2,5,0,3,7,310,101,95,38,12,18,1,89,14,1,29,3,40,38,40,38,3,0,57,10,3,1,1,71,7,6,5,2,0,7,3,416,145,150,50,24,28,2,71,10,5,25,1,63,63,60,29,2,1
2024-02-10,League Two,4203721,Crewe Alexandra,Crawley Town,0.629881154499151,0.23599320882852293,0.13412563667232597,1,0,0,52,10,1,4,3,69,11,7,6,3,1,10,0,354,146,100,33,28,21,0,75,14,1,27,2,51,64,53,57,4,0,48,8,2,0,0,65,14,5,5,1,0,3,5,342,136,86,28,6,21,0,50,6,3,23,0,36,36,48,20,2,0
2024-02-10,League Two,4203722,Doncaster Rovers,Tranmere Rovers,0.416,0.296,0.288,2,1,0,46,4,3,2,1,71,13,2,1,0,0,4,0,396,162,120,32,20,17,2,47,8,1,31,1,56,49,53,64,1,0,54,11,2,0,0,71,7,10,8,1,1,9,2,446,130,187,32,27,37,3,62,9,0,19,1,54,51,47,44,3,0
2024-02-10,League Two,4203723,Forest Green Rovers,Mansfield Town,0.20730117340286833,0.2542372881355932,0.5384615384615384,0,4,2,50,20,5,1,1,76,5,10,6,9,0,10,10,426,151,174,47,15,29,0,67,3,1,31,4,62,58,39,58,2,0,50,12,7,3,2,78,9,7,4,1,0,7,5,440,178,164,51,0,29,4,50,12,9,29,5,60,42,61,30,0,0
2024-02-10,League Two,4203724,Grimsby Town,Stockport County,0.20868516284680338,0.2074788902291918,0.5838359469240049,1,3,2,48,9,2,1,0,68,10,7,3,4,0,5,4,379,152,106,35,17,33,2,46,9,2,21,1,63,55,45,62,4,0,52,9,4,2,0,71,16,7,3,2,1,8,1,411,160,130,37,30,29,4,76,12,4,20,1,61,45,55,50,3,0
2024-02-10,League Two,4203707,Harrogate Town,Colchester United,0.5569620253164557,0.22531645569620254,0.21772151898734177,1,0,0,51,10,6,3,2,78,4,7,2,2,0,8,2,426,176,157,62,14,22,3,45,9,11,19,5,37,54,32,30,1,0,49,26,5,3,3,77,12,9,10,11,0,17,9,413,152,168,33,44,18,1,60,14,2,15,5,47,46,68,25,3,0
2024-02-10,League Two,4203728,Milton Keynes Dons,Accrington Stanley,0.6065259117082533,0.2533589251439539,0.1401151631477927,2,1,0,66,14,8,1,1,79,7,5,3,3,0,8,6,589,271,194,32,17,33,1,43,5,1,20,0,67,61,49,44,1,0,34,8,1,0,0,63,22,3,6,1,0,6,2,280,82,94,30,29,28,2,64,9,3,16,5,52,39,51,54,6,0
2024-02-10,League Two,4203739,Morecambe,Sutton United,0.5495978552278821,0.27882037533512066,0.17158176943699732,1,0,0,43,13,4,2,1,65,15,6,5,4,0,7,6,297,96,96,22,20,34,4,53,6,6,24,3,67,53,24,50,4,0,57,14,3,0,0,72,18,1,3,8,0,7,7,407,110,185,46,15,34,0,59,13,4,16,3,81,47,76,61,4,0
2024-02-10,League Two,4203741,Swindon Town,Salford City,0.4222737819025522,0.2482598607888631,0.3294663573085847,1,1,1,55,25,7,5,4,65,10,10,11,7,0,18,7,335,79,139,28,24,24,0,50,7,5,37,3,60,43,46,53,3,0,45,13,4,1,0,58,7,7,4,5,0,10,3,269,50,105,40,24,28,6,53,9,8,24,5,74,57,54,60,1,0
2024-02-10,League Two,4203875,Walsall,Newport County,0.35560344827586204,0.27155172413793105,0.3728448275862069,0,3,2,61,16,2,2,2,72,17,7,5,9,0,8,8,410,146,148,49,12,28,3,78,10,1,11,2,56,44,52,60,0,1,39,11,5,2,1,56,10,0,5,1,1,6,5,270,80,72,17,44,37,3,65,12,9,23,2,62,56,48,57,0,0
2024-02-10,League Two,4203874,Wrexham,Bradford City,0.7715654952076677,0.13684771033013846,0.09158679446219382,0,1,2,63,17,5,2,2,77,5,11,9,3,0,12,5,449,153,193,50,23,34,2,56,8,1,9,7,79,58,56,53,0,0,37,10,8,4,3,59,19,3,1,1,0,6,4,276,69,95,25,38,21,2,63,8,3,44,5,59,42,44,46,4,0
2024-02-13,League Two,4203742,Accrington Stanley,AFC Wimbledon,0.354781054512958,0.35924932975871315,0.28596961572832885,2,0,0,53,14,2,0,0,64,8,6,7,5,0,2,12,334,118,95,38,25,28,1,73,13,3,47,4,69,49,48,44,1,0,47,14,4,2,2,52,12,6,7,3,0,11,3,296,57,96,34,32,35,1,65,11,5,15,0,73,51,52,27,1,0
2024-02-13,League Two,4203743,Barrow,Forest Green Rovers,0.5605849582172702,0.3008356545961003,0.13857938718662952,1,2,2,54,10,1,1,1,72,14,6,6,3,1,7,3,432,121,190,29,23,29,1,70,10,2,13,4,50,36,49,56,1,0,46,11,6,0,0,71,10,1,3,2,0,9,2,384,142,129,31,36,16,2,67,8,3,37,0,69,64,51,76,3,0
2024-02-13,League Two,4203744,Bradford City,Milton Keynes Dons,0.3807495741056218,0.33475298126064734,0.28449744463373083,4,0,0,28,11,7,4,1,62,16,1,3,1,2,8,3,272,67,102,33,30,19,2,62,10,7,29,3,59,46,58,33,5,0,72,16,3,4,4,86,8,6,6,7,0,10,6,704,330,277,36,18,35,0,58,6,1,12,3,56,54,42,50,1,0
2024-02-13,League Two,4203746,Crawley Town,Walsall,0.3675,0.39625,0.23625,1,1,1,68,16,3,0,0,82,13,7,8,5,0,9,7,519,274,154,43,18,30,1,57,11,4,27,3,36,40,33,33,3,0,32,11,4,1,0,62,12,8,3,4,0,6,5,229,47,95,38,25,27,1,47,8,5,24,2,60,60,67,63,3,0
2024-02-13,League Two,4203738,Gillingham,Swindon Town,0.5145067698259188,0.3307543520309478,0.15473887814313347,2,2,1,41,16,3,4,3,67,6,10,6,7,2,9,7,353,102,134,36,33,31,4,57,10,4,21,3,70,55,65,41,1,0,59,15,7,2,2,80,10,6,6,2,0,9,6,517,226,190,55,29,14,2,47,11,7,20,2,48,45,35,42,2,0
2024-02-13,League Two,4203737,Mansfield Town,Harrogate Town,0.5302727877578177,0.31270791749833665,0.15701929474384566,9,2,0,57,23,13,5,0,85,11,6,5,5,0,15,8,608,264,252,60,7,22,0,50,18,1,8,1,50,51,53,83,1,0,43,7,3,3,1,79,5,3,3,1,2,5,2,466,282,84,39,11,27,2,44,7,6,23,3,47,49,47,38,0,0
2024-02-13,League Two,4203873,Newport County,Notts County,0.45131375579598143,0.3207109737248841,0.22797527047913446,1,3,2,40,14,4,1,0,74,5,9,5,5,0,9,5,352,101,159,38,23,21,2,71,10,1,13,5,34,44,45,67,0,0,60,12,8,5,2,86,11,6,2,2,0,7,5,547,291,182,52,15,19,0,71,11,5,28,3,43,56,55,79,0,0
2024-02-13,League Two,4203729,Salford City,Doncaster Rovers,0.4829787234042553,0.3574468085106383,0.1595744680851064,2,2,1,51,12,6,2,2,52,17,3,3,3,0,10,2,306,43,115,25,24,33,3,67,2,2,15,1,78,47,56,10,4,0,49,8,2,1,1,49,18,3,4,2,0,3,5,301,80,66,20,23,26,4,47,7,3,40,5,73,53,44,43,2,0
2024-02-13,League Two,4203730,Stockport County,Crewe Alexandra,0.5565669700910273,0.28608582574772434,0.15734720416124837,1,3,2,63,6,2,2,1,73,14,4,3,1,0,3,3,479,191,157,40,13,37,4,45,7,1,26,2,82,47,65,56,0,0,37,9,5,2,1,56,17,7,3,1,0,6,3,282,80,77,32,22,29,3,43,9,1,32,1,64,53,35,33,1,0
2024-02-13,League Two,4203872,Sutton United,Wrexham,0.15522518583296896,0.17708788806296458,0.6676869261040664,1,2,2,52,11,6,1,1,63,7,10,3,2,2,6,5,335,83,128,38,17,45,0,63,8,4,20,2,51,48,36,44,3,0,48,12,4,2,1,57,9,2,3,5,1,8,4,322,98,86,29,27,26,2,86,6,2,47,6,73,52,64,55,0,0
2024-02-13,League Two,4203731,Tranmere Rovers,Morecambe,0.40584415584415584,0.37662337662337664,0.21753246753246752,2,3,2,44,10,5,3,1,69,12,0,2,3,0,6,4,335,114,117,43,0,28,2,74,12,6,37,3,66,54,62,50,5,0,56,17,6,2,0,77,13,10,5,6,0,9,8,405,138,172,39,24,51,0,60,6,3,20,3,49,46,38,48,2,0
2024-02-17,League Two,4203732,AFC Wimbledon,Morecambe,0.5125,0.25,0.2375,1,1,1,51,16,3,1,0,66,15,6,8,5,0,11,5,335,98,122,41,22,34,2,64,9,2,14,1,74,52,62,58,1,0,49,5,1,2,1,71,13,3,2,2,0,4,1,341,144,97,32,29,34,0,67,9,5,57,2,57,48,38,44,5,0
2024-02-17,League Two,4203733,Bradford City,Sutton United,0.6929012345679012,0.1882716049382716,0.11882716049382716,1,0,0,42,11,7,5,4,56,11,1,3,1,0,7,4,297,50,116,39,29,26,2,48,14,5,45,3,94,67,54,60,1,0,58,16,3,4,4,65,18,6,8,5,1,9,7,414,118,152,39,20,43,2,13,7,1,24,6,63,33,46,36,2,0
2024-02-17,League Two,4203734,Colchester United,Accrington Stanley,0.43561643835616437,0.2958904109589041,0.2684931506849315,1,1,1,53,17,5,0,0,70,16,6,8,4,0,10,7,374,139,123,32,43,25,2,67,5,5,17,1,69,51,55,71,3,0,47,8,1,0,0,60,10,4,2,5,0,4,4,330,110,88,28,0,32,1,43,10,4,15,4,62,49,45,64,1,1
2024-02-17,League Two,4203735,Crawley Town,Forest Green Rovers,0.5490196078431373,0.22058823529411764,0.23039215686274508,2,0,0,58,18,6,4,3,82,9,3,5,7,1,13,5,530,253,179,42,26,28,0,43,13,1,27,5,41,44,61,35,0,0,42,11,5,1,1,73,7,3,5,1,0,5,6,386,169,114,27,19,26,0,72,3,7,21,4,44,56,39,56,1,0
2024-02-17,League Two,4203736,Crewe Alexandra,Harrogate Town,0.6609642301710731,0.19751166407465007,0.14152410575427682,0,0,1,61,19,2,4,4,77,11,7,8,9,1,13,6,451,182,167,60,17,37,0,64,10,0,5,0,58,54,58,40,0,0,39,1,0,0,0,65,12,1,1,0,0,1,0,305,123,76,27,33,16,2,86,14,9,55,2,45,46,42,40,3,0
2024-02-17,League Two,4203777,Grimsby Town,Doncaster Rovers,0.48148148148148145,0.2419753086419753,0.2765432098765432,1,5,2,54,14,4,4,3,66,17,5,5,5,0,11,3,353,132,100,27,35,38,3,61,17,0,20,0,75,48,44,36,2,0,46,10,4,0,0,59,20,6,6,0,1,5,5,308,93,90,32,19,22,0,82,5,5,21,3,86,52,56,50,3,0
2024-02-17,League Two,4203871,Newport County,Gillingham,0.5366336633663367,0.1801980198019802,0.28316831683168314,1,0,0,50,6,2,1,1,70,11,4,2,2,0,4,2,383,139,128,23,13,16,0,89,5,11,38,2,49,44,47,25,2,0,50,17,2,2,2,71,11,5,4,11,0,10,7,380,121,149,41,31,27,4,64,7,2,16,1,59,56,53,89,2,0
2024-02-17,League Two,4203764,Salford City,Barrow,0.4580498866213152,0.25396825396825395,0.28798185941043086,5,3,0,63,30,11,3,1,67,15,8,8,11,1,15,15,326,72,148,30,26,24,2,63,9,1,10,5,56,45,55,60,3,0,37,13,8,2,1,52,10,6,4,1,0,7,6,205,42,65,38,35,16,2,64,5,11,41,6,56,55,45,33,1,0
2024-02-17,League Two,4203765,Swindon Town,Milton Keynes Dons,0.38660907127429806,0.2224622030237581,0.39092872570194387,1,2,2,50,12,2,2,1,74,13,5,5,5,0,8,4,450,167,166,31,19,32,4,63,8,2,10,1,43,37,50,42,2,0,50,9,3,2,0,76,9,1,4,2,0,3,6,482,226,140,29,0,25,3,58,11,5,38,1,62,63,50,53,1,0
2024-02-17,League Two,4203766,Tranmere Rovers,Stockport County,0.2459425717852684,0.18976279650436953,0.5642946317103621,4,0,0,40,17,9,4,1,55,8,7,4,4,0,13,4,289,78,82,22,41,39,1,69,7,2,21,3,62,47,52,36,1,0,60,11,3,2,2,72,9,6,6,2,0,7,4,445,179,140,42,12,35,1,58,7,4,26,6,62,53,48,50,2,0
2024-02-17,League Two,4203767,Walsall,Mansfield Town,0.2127659574468085,0.1937290033594625,0.593505039193729,2,1,0,43,14,5,2,0,71,9,9,4,5,0,6,8,305,73,143,48,24,19,0,45,11,3,27,5,45,48,37,50,2,0,57,14,6,6,6,80,12,6,5,3,0,12,2,407,137,187,53,30,17,4,43,12,5,34,3,58,52,63,73,2,0
2024-02-17,League Two,4203877,Wrexham,Notts County,0.7337796086508754,0.12100926879505665,0.14521112255406798,1,0,0,26,17,4,1,1,73,8,7,11,2,3,13,4,211,66,87,41,31,17,1,44,8,5,35,3,51,58,68,67,1,0,74,11,3,1,1,93,7,8,2,6,0,4,7,658,312,297,62,12,17,1,40,2,2,18,3,33,42,32,37,2,0
2024-02-20,League Two,4203636,AFC Wimbledon,Crawley Town,0.521913952553277,0.3293124246079614,0.14877362283876155,0,1,2,42,14,6,1,1,70,10,11,5,3,0,8,6,288,101,102,40,21,32,3,62,7,7,24,3,46,46,52,44,1,0,58,15,4,2,1,78,6,5,4,7,0,6,9,420,199,127,32,13,19,0,89,6,3,37,6,48,54,48,67,0,0
2024-02-20,League Two,4203657,Gillingham,Stockport County,0.3119148936170213,0.33106382978723403,0.3570212765957447,0,0,1,42,4,1,1,1,63,12,0,2,1,0,2,2,312,142,53,21,0,29,1,59,6,3,38,1,49,58,32,50,1,0,58,10,1,0,0,74,16,7,5,4,0,4,6,409,142,161,38,16,36,0,57,4,1,18,1,55,42,68,44,2,0
2024-02-20,League Two,4203712,Milton Keynes Dons,Wrexham,0.23861952149057802,0.19542663561295787,0.5659538428964641,1,1,1,56,11,5,1,1,82,5,5,3,3,1,5,6,566,288,175,35,14,9,1,50,2,5,24,4,43,57,47,50,3,1,44,18,5,4,3,78,12,6,8,5,0,15,3,416,149,174,42,19,24,0,45,10,2,8,4,38,43,53,55,1,1
2024-02-20,League Two,4203663,Walsall,Morecambe,0.4281883194278903,0.35876042908224076,0.2130512514898689,3,0,0,38,13,6,3,1,69,12,6,3,4,1,10,3,272,84,105,37,24,21,0,47,12,10,28,0,54,51,63,50,4,0,62,15,0,0,0,82,12,8,5,10,0,11,4,459,212,165,47,8,33,0,63,6,4,16,3,45,49,38,58,2,0
2024-02-24,League Two,4203768,Accrington Stanley,Crawley Town,0.48187633262260127,0.3049040511727079,0.21321961620469082,0,1,2,48,22,10,1,1,70,8,6,10,2,0,10,12,345,140,102,40,29,18,0,69,12,1,28,3,53,51,48,44,2,0,52,9,4,0,0,71,11,5,4,1,0,4,5,393,170,110,40,33,33,2,62,8,2,24,11,54,49,52,52,2,0
2024-02-24,League Two,4203770,Doncaster Rovers,AFC Wimbledon,0.48088531187122735,0.23742454728370221,0.28169014084507044,1,0,0,53,12,3,1,0,67,5,8,7,2,0,8,4,445,163,133,30,25,33,1,56,4,0,17,1,89,64,58,64,0,0,47,4,1,1,1,61,18,2,3,0,0,4,0,397,124,120,25,6,28,2,64,12,2,22,2,58,36,42,27,3,0
2024-02-24,League Two,4203771,Forest Green Rovers,Tranmere Rovers,0.3888888888888889,0.16872427983539096,0.44238683127572015,1,0,0,38,4,3,0,0,63,9,1,0,1,0,0,4,346,119,99,25,0,19,1,78,3,8,35,5,58,48,46,38,1,1,62,21,5,2,2,77,10,9,8,8,0,16,5,529,188,218,35,23,40,2,63,8,1,11,2,66,52,54,53,2,0
2024-02-24,League Two,4203878,Gillingham,Wrexham,0.1700996677740864,0.11561461794019934,0.7142857142857143,1,0,0,42,14,5,1,0,70,10,7,4,5,0,8,6,307,118,97,36,27,20,0,53,7,6,38,3,63,51,54,58,0,0,58,15,3,1,1,78,9,11,6,6,0,10,5,421,129,201,44,16,29,0,60,7,5,18,4,58,49,46,50,2,0
2024-02-24,League Two,4203772,Harrogate Town,Walsall,0.4875283446712018,0.22675736961451248,0.2857142857142857,0,2,2,66,12,0,0,0,82,2,7,5,7,1,4,8,572,244,227,62,19,30,3,73,11,8,14,3,42,45,54,42,0,0,34,16,5,2,2,71,7,4,3,8,1,11,5,302,97,118,50,35,21,0,69,8,6,26,0,44,55,46,64,2,0
2024-02-24,League Two,4203773,Mansfield Town,Salford City,0.6158415841584158,0.23663366336633662,0.14752475247524752,5,1,0,49,28,8,5,1,60,11,9,7,13,0,21,7,348,84,124,31,20,24,2,60,9,3,33,2,74,49,55,75,2,0,51,14,3,2,2,64,11,8,8,3,0,10,4,356,62,165,33,18,30,2,73,8,12,22,3,67,51,45,50,3,1
2024-02-24,League Two,4203892,Milton Keynes Dons,Newport County,0.5668693009118541,0.22948328267477203,0.20364741641337386,3,0,0,66,20,9,3,1,83,9,9,4,7,0,15,5,586,224,263,38,11,24,3,62,9,1,19,2,51,56,62,50,2,0,34,4,2,0,0,63,11,5,1,1,0,3,1,305,110,83,22,13,20,3,36,13,8,25,6,37,44,38,17,3,0
2024-02-24,League Two,4203774,Morecambe,Grimsby Town,0.5454545454545454,0.2261072261072261,0.22843822843822845,1,1,1,55,18,5,2,1,66,13,10,7,6,1,9,9,366,118,124,29,13,45,4,89,7,4,30,1,59,45,46,59,1,0,45,14,2,3,2,55,12,4,7,5,0,9,5,307,61,109,32,32,32,2,71,15,6,34,4,71,55,54,53,1,0
2024-02-24,League Two,4203775,Notts County,Crewe Alexandra,0.49727520435967304,0.1907356948228883,0.3119891008174387,1,3,2,78,14,6,3,3,88,11,9,4,4,0,6,8,646,370,200,43,15,23,1,60,7,2,8,0,25,39,25,60,4,0,22,9,3,2,0,61,7,4,4,2,0,6,3,180,65,45,24,36,16,5,61,13,4,31,5,45,61,75,71,4,0
2024-02-24,League Two,4203776,Stockport County,Swindon Town,0.6522655426765016,0.20758693361433087,0.14014752370916755,0,0,1,69,20,8,5,5,74,10,10,5,7,0,16,4,544,205,197,45,41,37,3,53,4,4,20,2,77,64,60,54,0,0,31,8,2,1,1,52,12,4,2,4,1,4,4,247,54,74,22,8,28,0,88,11,7,38,8,48,36,40,22,2,0
2024-02-24,League Two,4203763,Sutton United,Colchester United,0.40875912408759124,0.23114355231143552,0.36009732360097324,1,1,1,43,16,4,3,2,50,15,5,8,4,0,15,1,245,35,87,31,38,27,4,70,2,3,23,3,91,60,56,56,2,0,57,11,4,3,2,65,12,5,4,3,1,7,4,333,128,88,14,10,33,8,47,9,4,35,2,65,40,44,14,3,0
2024-02-27,League Two,4203687,Forest Green Rovers,Wrexham,0.14149291739614833,0.15374820945408244,0.7047588731497693,1,1,1,26,7,2,1,1,58,8,3,2,3,0,3,4,244,78,64,30,14,26,2,46,8,5,35,5,42,47,44,29,1,0,74,17,5,1,0,86,7,6,7,5,0,9,8,687,243,347,51,22,27,0,94,7,3,7,1,50,53,56,40,0,0
2024-02-27,League Two,4203717,Harrogate Town,Newport County,0.37759067357512954,0.2966321243523316,0.32577720207253885,1,4,2,61,7,1,1,1,79,7,1,6,0,0,5,2,516,219,188,40,24,27,0,56,11,4,13,2,67,51,60,50,1,0,39,16,6,4,1,64,15,8,4,6,0,13,3,329,87,124,38,24,19,3,64,12,0,23,0,55,49,40,60,0,0
2024-02-27,League Two,4203660,Notts County,Sutton United,0.6184807256235828,0.2800453514739229,0.10147392290249434,3,4,2,66,13,7,4,2,82,7,4,2,4,0,11,2,515,216,208,36,25,20,2,40,5,4,33,2,48,62,48,59,1,0,34,18,6,5,1,66,13,9,8,4,0,11,7,252,54,112,34,27,23,4,67,5,3,16,4,37,38,52,50,5,0
2024-02-27,League Two,4203644,Salford City,Colchester United,0.5177345537757437,0.2820366132723112,0.20022883295194507,1,1,1,46,11,5,2,1,60,12,2,6,0,0,8,3,341,68,138,34,24,25,3,67,8,2,18,6,80,53,54,43,4,0,54,15,7,4,3,68,15,4,6,2,0,10,5,398,133,136,38,42,36,2,52,9,1,21,3,70,47,46,38,2,0
2024-02-27,League Two,4203645,Swindon Town,Tranmere Rovers,0.4798807749627422,0.3055141579731744,0.21460506706408347,3,1,0,54,15,7,4,2,79,12,9,5,3,0,8,7,473,206,169,40,18,17,0,89,12,2,23,2,47,54,53,63,2,0,46,9,3,0,0,74,12,5,4,2,0,4,5,396,156,139,38,4,21,2,73,12,3,22,4,40,46,47,50,2,0
2024-02-27,League Two,4203665,Walsall,Accrington Stanley,0.536406495547407,0.3137768465165008,0.1498166579360922,2,1,0,45,25,4,9,7,68,6,7,12,9,0,19,6,270,55,128,45,38,36,1,81,11,5,29,1,72,60,46,53,2,0,55,9,2,1,0,72,17,5,2,5,0,5,4,342,166,80,35,12,41,1,67,6,10,32,1,63,40,54,47,2,0
2024-03-02,League Two,4203762,AFC Wimbledon,Milton Keynes Dons,0.43097643097643096,0.1728395061728395,0.3961840628507295,1,0,0,35,10,2,2,1,64,21,6,6,2,1,7,3,252,82,79,36,20,16,2,67,5,4,19,3,52,46,54,60,6,0,65,10,3,1,1,83,8,5,3,4,0,6,4,490,257,151,39,40,16,5,67,5,2,24,1,54,54,46,50,6,0
2024-03-02,League Two,4203750,Crewe Alexandra,Morecambe,0.7011128775834659,0.17329093799682035,0.12559618441971382,2,3,2,64,26,10,4,3,77,8,11,9,7,0,17,9,468,193,166,52,24,33,2,92,9,0,7,2,54,48,46,44,2,0,36,7,5,1,0,59,12,0,1,1,0,4,3,264,74,83,29,15,21,3,76,7,8,33,7,60,52,54,31,3,0
2024-03-02,League Two,4203749,Grimsby Town,Forest Green Rovers,0.518957345971564,0.1872037914691943,0.2938388625592417,1,0,0,35,7,1,0,0,53,9,7,5,1,0,2,5,234,66,58,29,9,21,0,56,16,4,35,0,53,56,50,50,1,0,65,8,0,0,0,74,11,7,4,4,0,4,4,444,175,155,38,18,43,0,63,4,1,15,0,46,44,50,64,1,0
2024-03-02,League Two,4203893,Newport County,Mansfield Town,0.26373626373626374,0.20146520146520147,0.5347985347985348,0,1,2,49,6,0,0,0,62,8,4,2,4,0,4,2,390,117,124,31,6,35,0,46,13,5,27,5,52,46,37,50,2,0,51,16,6,1,0,63,7,5,5,5,0,14,2,410,84,173,34,13,32,0,57,14,4,25,0,74,54,63,67,0,0
2024-03-02,League Two,4203748,Salford City,Gillingham,0.44472361809045224,0.1984924623115578,0.35678391959798994,0,2,2,57,15,4,2,2,67,12,8,6,5,0,7,8,356,75,163,44,19,37,0,33,6,3,20,2,50,34,43,53,3,0,43,10,4,2,1,59,8,6,3,3,0,9,1,277,68,95,30,28,19,4,67,5,5,41,4,81,66,57,87,1,0
2024-03-02,League Two,4203747,Swindon Town,Harrogate Town,0.5431754874651811,0.2395543175487465,0.21727019498607242,1,1,1,62,15,3,3,2,81,7,11,7,5,0,12,3,536,224,208,46,22,31,0,64,6,3,20,0,55,46,50,45,1,0,38,9,1,3,2,67,10,5,5,3,0,6,3,334,112,112,29,40,23,1,70,12,6,33,1,60,54,50,71,1,0
2024-03-02,League Two,4203753,Tranmere Rovers,Sutton United,0.5666666666666667,0.225,0.20833333333333334,1,0,0,49,24,13,3,3,60,4,9,5,6,0,17,7,316,101,89,40,25,30,4,62,6,6,37,5,54,63,36,14,3,0,51,18,6,2,2,63,13,8,7,5,0,12,6,337,62,150,34,12,28,1,83,7,7,27,11,56,37,64,30,3,0
2024-03-02,League Two,4203754,Walsall,Doncaster Rovers,0.6130742049469965,0.18904593639575973,0.1978798586572438,3,1,0,29,10,4,4,2,67,8,8,3,3,0,8,2,230,41,114,33,22,19,3,50,7,2,16,2,48,60,41,50,0,0,71,6,5,3,2,88,13,4,1,0,0,4,2,605,400,130,49,25,19,4,46,0,3,27,1,41,40,59,40,5,0
2024-03-02,League Two,4203894,Wrexham,Accrington Stanley,0.7867360208062418,0.12743823146944083,0.0858257477243173,4,0,0,49,22,11,3,1,75,9,6,11,0,0,14,8,386,144,144,38,27,27,2,60,2,4,25,3,71,66,64,42,1,0,51,12,3,2,2,78,20,4,5,4,0,5,7,408,193,124,47,18,14,0,64,2,0,20,7,38,34,36,50,1,1
2024-03-05,League Two,4203654,AFC Wimbledon,Grimsby Town,0.5561224489795918,0.3,0.14387755102040817,0,0,1,55,15,6,1,1,66,8,7,5,4,0,7,8,351,127,106,25,28,27,0,62,13,3,27,1,65,53,45,56,1,0,45,8,1,1,1,54,12,3,4,3,1,6,2,295,78,80,22,31,25,0,72,12,5,37,5,68,47,55,50,4,0
2024-03-05,League Two,4203557,Barrow,Gillingham,0.4519140989729225,0.3165266106442577,0.2315592903828198,2,0,0,38,10,4,2,1,67,11,1,6,0,0,7,3,329,104,118,40,22,19,1,64,11,3,41,2,46,53,46,50,3,0,62,7,2,0,0,77,8,8,2,3,0,4,3,527,218,188,43,23,18,1,45,9,0,12,2,46,47,54,42,4,0
2024-03-05,League Two,4203638,Bradford City,Doncaster Rovers,0.543046357615894,0.31125827814569534,0.1456953642384106,1,1,1,50,6,3,1,1,66,19,1,2,1,0,4,2,411,96,176,38,24,34,3,81,6,1,26,4,79,56,45,40,5,0,50,13,5,2,1,66,10,10,6,2,0,4,9,400,112,150,30,17,39,0,53,9,1,22,2,77,44,55,16,4,0
2024-03-05,League Two,4203614,Mansfield Town,Milton Keynes Dons,0.5728615213151296,0.28587350236834774,0.1412649763165227,1,2,2,47,23,11,8,7,75,12,5,3,9,0,15,8,427,166,154,38,19,27,5,68,9,4,6,3,62,46,54,59,2,0,53,17,5,1,1,79,9,3,8,4,0,8,9,497,236,155,42,33,24,2,56,13,10,17,7,64,54,46,60,1,0
2024-03-05,League Two,4203517,Morecambe,Crawley Town,0.4387640449438202,0.350561797752809,0.21067415730337077,1,0,0,40,13,5,4,3,62,14,2,3,5,0,10,3,252,84,72,24,17,26,2,46,6,8,34,2,58,54,46,64,4,0,60,17,2,2,2,71,17,7,7,8,0,13,4,378,140,129,32,17,37,0,50,9,5,12,4,55,46,54,47,4,0
2024-03-09,League Two,4203755,Accrington Stanley,Bradford City,0.33980582524271846,0.23689320388349513,0.42330097087378643,0,3,2,57,17,3,1,1,73,15,6,9,5,1,7,10,454,172,158,38,11,28,0,74,6,4,25,2,53,38,52,27,1,0,43,17,5,5,3,64,8,7,8,4,0,12,5,341,56,163,35,35,27,3,71,8,5,26,3,70,62,48,46,1,0
2024-03-09,League Two,4203756,Barrow,Colchester United,0.6147260273972602,0.2243150684931507,0.16095890410958905,2,0,0,36,8,4,1,0,60,10,3,1,3,0,2,6,256,76,77,37,9,18,1,59,7,2,32,3,60,61,39,25,1,0,64,9,3,0,0,76,13,6,3,3,0,3,6,468,207,151,39,11,38,4,63,12,3,14,2,52,39,61,39,3,0
2024-03-09,League Two,4203757,Doncaster Rovers,Crewe Alexandra,0.3292894280762565,0.24610051993067592,0.4246100519930676,2,0,0,41,14,9,3,2,67,11,4,3,2,0,9,5,306,122,84,37,38,20,3,100,13,3,22,2,52,49,61,44,0,0,59,10,2,3,3,75,12,7,5,3,0,9,1,448,188,146,36,16,27,4,92,9,2,8,6,43,51,39,67,4,0
2024-03-09,League Two,4203758,Forest Green Rovers,Walsall,0.2553191489361702,0.16109422492401215,0.5835866261398176,2,0,0,42,5,3,2,0,68,14,0,2,0,1,4,1,303,135,72,36,17,24,1,55,10,6,40,4,59,48,53,38,3,0,58,17,4,5,5,74,7,7,7,6,0,12,5,391,95,194,51,14,36,0,65,9,0,9,1,60,52,47,26,1,1
2024-03-09,League Two,4203759,Gillingham,Tranmere Rovers,0.6,0.2153846153846154,0.18461538461538463,1,1,1,58,24,5,3,2,75,12,6,8,11,1,17,7,456,140,201,41,52,22,2,60,10,1,4,3,46,46,42,57,1,0,42,10,4,1,1,64,6,2,5,1,1,9,1,330,73,139,35,10,23,2,25,10,11,38,4,58,54,58,50,3,0
2024-03-09,League Two,4203760,Harrogate Town,Crawley Town,0.4013377926421405,0.25752508361204013,0.3411371237458194,1,2,2,49,17,7,3,3,64,6,5,6,4,0,12,5,381,106,139,41,46,42,2,63,7,6,18,3,57,51,45,59,1,0,51,19,5,3,2,69,10,7,8,6,2,13,6,396,124,151,32,24,29,1,73,7,4,25,6,61,49,55,39,1,0
2024-03-09,League Two,4203778,Mansfield Town,Swindon Town,0.6519558676028084,0.21865596790371114,0.12938816449348045,3,2,0,50,22,10,9,7,67,9,6,6,6,1,19,3,386,96,164,34,37,27,2,56,15,5,18,6,54,50,46,44,1,0,50,20,8,4,3,64,8,3,7,5,0,14,6,399,110,146,34,32,29,0,80,11,7,22,6,58,50,54,45,1,0
2024-03-09,League Two,4203827,Milton Keynes Dons,Salford City,0.6657183499288762,0.20910384068278806,0.1251778093883357,3,1,0,53,9,5,1,1,66,10,5,2,2,0,6,3,351,114,119,29,13,26,5,58,7,0,18,5,54,48,37,57,2,0,47,9,6,1,1,62,16,2,3,0,0,8,1,290,52,129,55,33,22,6,41,11,2,11,4,73,52,63,50,5,0
2024-03-09,League Two,4203895,Morecambe,Wrexham,0.14127423822714683,0.13019390581717452,0.7285318559556787,1,3,2,41,6,2,1,1,69,13,4,1,3,0,5,1,327,107,120,22,13,24,1,75,4,4,20,5,42,44,46,33,2,1,59,20,8,3,1,78,10,9,7,5,0,13,7,470,141,227,32,21,31,3,93,9,3,15,1,52,56,54,54,1,0
2024-03-09,League Two,4203814,Notts County,AFC Wimbledon,0.5108153078202995,0.21963394342762063,0.26955074875207985,0,2,2,70,8,1,1,1,88,8,7,6,1,1,5,3,610,298,237,43,10,19,2,63,0,3,15,3,45,56,68,70,2,0,30,8,4,1,0,77,17,2,1,3,0,7,1,249,125,66,40,12,18,3,43,7,1,22,1,31,44,32,22,5,0
2024-03-09,League Two,4203896,Stockport County,Newport County,0.6180722891566265,0.21325301204819277,0.1686746987951807,1,0,0,72,25,14,3,3,76,8,11,5,6,0,17,8,543,181,232,47,32,36,1,25,6,0,12,2,64,43,55,27,1,0,28,3,2,0,0,40,15,2,1,0,0,1,2,216,47,39,19,20,28,1,47,11,8,30,11,64,57,45,100,4,0
2024-03-09,League Two,4203813,Sutton United,Grimsby Town,0.3776041666666667,0.2552083333333333,0.3671875,1,1,1,53,10,1,1,0,63,13,4,3,6,0,7,3,273,67,105,33,19,28,3,20,2,6,35,6,66,54,44,67,1,0,47,19,8,5,5,52,15,7,6,5,1,12,7,250,48,81,29,11,27,6,55,5,6,31,0,71,46,56,50,3,0
2024-03-12,League Two,4203812,AFC Wimbledon,Gillingham,0.4477211796246649,0.3552278820375335,0.1970509383378016,2,0,0,54,16,9,3,2,75,13,7,3,4,0,9,7,400,181,120,43,33,21,0,69,4,5,15,2,56,47,56,33,1,0,46,8,2,2,2,67,10,3,1,5,0,6,2,351,140,96,32,36,25,5,63,5,5,13,6,54,53,44,40,2,1
2024-03-12,League Two,4203811,Bradford City,Forest Green Rovers,0.5546583850931677,0.3136645962732919,0.13167701863354037,0,2,2,76,17,6,1,1,77,6,9,8,3,0,12,5,601,151,311,41,20,45,2,77,8,0,6,1,55,53,42,50,1,0,24,7,3,3,1,42,5,2,4,0,0,7,0,199,35,48,13,56,30,1,73,11,3,54,7,63,47,58,44,1,0
2024-03-12,League Two,4203809,Crawley Town,Notts County,0.41452991452991456,0.33760683760683763,0.24786324786324787,2,1,0,54,30,14,4,3,83,13,9,8,8,1,17,13,408,169,169,44,41,15,4,63,4,6,15,4,40,44,67,60,5,0,46,14,6,1,0,79,4,3,3,5,0,9,5,369,185,108,32,27,25,1,63,4,7,21,12,40,56,33,50,2,1
2024-03-12,League Two,4203808,Crewe Alexandra,Sutton United,0.5841584158415841,0.30997715156131,0.10586443259710586,1,0,0,53,7,3,2,1,62,13,5,2,2,0,4,3,313,121,74,36,0,27,2,83,5,2,24,2,52,44,46,30,1,0,47,11,2,0,0,63,12,4,7,2,0,5,6,284,75,103,41,17,35,2,42,6,2,14,2,64,56,54,64,4,0
2024-03-12,League Two,4203807,Grimsby Town,Milton Keynes Dons,0.26474622770919065,0.30864197530864196,0.42661179698216734,1,0,0,21,7,3,3,2,54,17,2,3,1,1,7,0,181,48,49,24,43,24,6,72,11,4,23,0,52,54,45,42,5,0,79,6,1,1,1,86,16,6,2,3,0,4,2,682,341,245,53,17,16,1,54,7,1,9,2,49,46,55,30,0,0
2024-03-12,League Two,4203897,Newport County,Morecambe,0.46522556390977443,0.3599624060150376,0.17481203007518797,5,3,0,54,19,9,5,2,68,12,8,4,6,0,10,9,377,105,151,33,47,21,2,60,10,5,33,3,47,44,45,40,3,0,46,23,7,7,5,64,8,5,11,5,1,18,5,314,98,103,29,33,32,1,50,8,6,17,4,59,56,55,63,1,0
2024-03-12,League Two,4203805,Swindon Town,Accrington Stanley,0.5081135902636917,0.3630831643002028,0.12880324543610547,1,2,2,59,15,5,3,2,71,7,6,4,6,0,11,4,455,174,149,36,20,27,2,69,8,5,16,4,56,50,44,83,2,0,41,14,6,2,1,61,14,4,3,5,0,8,6,310,96,94,21,35,27,1,80,10,5,27,4,63,50,56,73,2,0
2024-03-12,League Two,4203815,Tranmere Rovers,Mansfield Town,0.2250280583613917,0.29012345679012347,0.48484848484848486,2,1,0,48,16,7,1,1,71,10,6,6,3,0,8,8,400,120,163,33,13,25,1,69,17,5,27,3,64,53,45,58,2,0,52,13,4,2,1,74,15,5,4,5,0,9,4,424,150,165,38,14,36,0,50,14,3,14,5,65,47,55,33,4,0
2024-03-12,League Two,4203816,Walsall,Barrow,0.44171779141104295,0.375,0.18328220858895705,1,1,1,48,13,7,4,3,72,11,2,2,4,0,10,3,385,120,158,27,30,34,0,68,8,3,32,2,65,48,55,39,2,0,52,12,3,4,3,76,12,5,6,3,2,8,4,396,157,142,43,17,35,2,65,7,4,14,6,63,52,45,43,1,0
2024-03-12,League Two,4203898,Wrexham,Harrogate Town,0.7458033573141487,0.18396711202466598,0.07022953066118534,0,0,1,62,16,4,0,0,78,13,10,6,6,0,9,7,527,171,240,48,30,37,0,83,5,2,5,0,60,40,66,53,1,0,38,3,0,0,0,68,9,3,1,2,0,1,2,338,154,75,19,23,19,1,53,9,5,35,4,52,60,34,75,2,0
2024-03-14,League Two,4203806,Salford City,Stockport County,0.31742354031510656,0.2247451343836886,0.4578313253012048,2,2,1,42,6,4,1,0,52,14,2,1,1,0,2,4,278,62,82,33,13,31,3,91,4,3,32,3,59,47,47,44,4,0,58,11,5,3,1,60,15,7,3,3,0,9,2,368,97,123,29,5,32,1,73,2,1,20,2,67,53,53,69,2,0
2024-03-16,League Two,4203826,Accrington Stanley,Notts County,0.3877551020408163,0.2523191094619666,0.35992578849721707,2,2,1,51,22,6,3,1,80,13,6,12,4,0,17,5,411,176,152,49,26,15,2,76,8,2,9,5,54,53,72,67,2,0,49,14,7,1,0,77,11,5,5,2,0,10,4,416,212,109,35,21,27,2,44,5,4,22,4,37,47,28,42,1,0
2024-03-16,League Two,4203899,AFC Wimbledon,Newport County,0.6020761245674741,0.18339100346020762,0.21453287197231835,0,2,2,64,15,3,0,0,68,17,4,8,4,1,6,9,416,132,150,38,23,27,2,50,5,1,9,2,68,46,55,39,1,0,36,8,4,2,1,53,13,3,3,1,0,7,1,243,52,76,26,9,25,2,75,14,3,35,3,67,54,45,38,4,0
2024-03-16,League Two,4203825,Barrow,Harrogate Town,0.6237424547283702,0.23541247484909456,0.14084507042253522,0,0,1,56,18,1,2,2,73,9,4,11,6,1,10,8,434,116,202,35,13,18,0,55,10,5,12,1,62,54,54,44,1,0,44,8,1,1,1,64,13,2,2,5,0,6,2,353,132,95,27,18,30,3,42,5,6,40,1,53,46,46,45,1,0
2024-03-16,League Two,4203824,Bradford City,Mansfield Town,0.28654970760233917,0.21169590643274855,0.5017543859649123,1,5,2,58,6,1,2,1,72,10,5,2,3,0,4,2,509,185,183,34,26,43,0,73,8,7,26,6,59,51,34,47,2,0,42,27,11,6,4,67,11,5,9,7,2,23,4,380,89,164,35,29,29,1,63,15,3,29,0,74,49,66,44,2,0
2024-03-16,League Two,4203823,Colchester United,Walsall,0.33109619686800895,0.19015659955257272,0.47874720357941836,1,1,1,50,14,6,4,4,63,14,8,5,3,0,10,4,331,91,118,41,39,20,2,53,3,3,36,3,65,53,55,60,1,0,50,12,4,4,4,69,14,6,5,3,0,10,2,332,83,146,40,15,22,1,58,4,3,26,5,56,47,45,56,2,0
2024-03-16,League Two,4203821,Forest Green Rovers,Sutton United,0.6127049180327869,0.2069672131147541,0.18032786885245902,0,1,2,45,5,2,1,1,56,10,1,2,1,1,4,1,316,111,65,25,8,27,4,81,11,0,20,1,66,51,44,43,1,0,55,7,2,1,1,64,8,4,5,0,2,4,3,373,97,143,35,25,31,4,67,3,1,22,2,72,49,56,33,0,0
2024-03-16,League Two,4203820,Gillingham,Grimsby Town,0.5600961538461539,0.22115384615384615,0.21875,1,1,1,60,15,6,1,0,71,15,4,9,0,0,12,3,408,108,182,39,33,32,1,56,8,1,21,2,87,54,63,35,2,0,40,8,3,2,1,59,19,2,4,1,0,8,0,284,64,103,31,42,23,1,68,12,1,26,4,62,46,37,50,3,0
2024-03-16,League Two,4203819,Milton Keynes Dons,Crewe Alexandra,0.5205254515599343,0.23973727422003285,0.23973727422003285,3,1,0,54,14,10,6,3,82,14,4,3,1,0,8,6,462,212,165,44,0,21,0,67,13,5,24,4,41,52,36,50,3,0,46,15,6,5,4,77,12,3,5,4,0,13,2,377,207,83,38,37,23,2,33,6,1,19,7,46,48,64,38,2,0
2024-03-16,League Two,4203817,Swindon Town,Doncaster Rovers,0.4878048780487805,0.22926829268292684,0.28292682926829266,1,2,2,64,15,4,2,2,73,12,7,3,8,0,12,3,499,167,197,40,34,28,6,55,9,3,4,0,58,48,52,78,3,0,36,7,2,1,1,56,13,3,2,3,0,5,2,292,99,64,28,29,21,4,60,11,8,25,3,58,52,48,50,3,0
2024-03-16,League Two,4203900,Wrexham,Tranmere Rovers,0.7863247863247863,0.11057692307692307,0.10309829059829059,0,1,2,56,25,4,0,0,73,7,9,10,11,0,10,15,456,114,221,38,29,25,1,64,9,3,13,1,69,57,59,53,2,0,44,8,3,1,0,68,10,4,3,2,0,6,2,395,137,131,38,10,22,0,63,13,10,42,4,50,43,41,40,2,0
2024-03-17,League Two,4203818,Salford City,Morecambe,0.5188067444876784,0.20752269779507135,0.27367055771725035,3,1,0,58,23,7,4,4,62,10,7,6,10,1,11,12,344,55,159,32,15,45,1,63,8,2,17,1,78,49,51,45,1,0,42,5,1,0,0,51,8,4,2,2,0,4,1,252,68,60,31,13,38,1,68,7,10,36,4,77,51,49,47,1,0
2024-03-18,League Two,4203822,Crawley Town,Stockport County,0.37343297974927675,0.19864995178399228,0.42791706846673094,1,1,1,53,10,4,2,1,70,12,4,3,3,0,7,3,372,178,81,29,36,32,4,46,7,1,27,6,49,47,43,58,1,0,47,14,7,2,2,68,11,4,6,1,1,9,5,339,112,117,40,45,32,3,76,11,3,25,3,59,53,57,50,1,0
2024-03-19,League Two,4203761,Bradford City,Notts County,0.47776649746192895,0.21725888324873097,0.3049746192893401,0,3,2,38,13,3,1,1,71,22,2,6,4,1,10,3,307,74,144,57,43,17,3,64,13,5,23,9,63,40,70,38,5,0,62,20,12,6,3,80,8,8,3,5,0,12,8,515,247,167,30,15,27,1,64,14,4,15,3,61,60,30,52,1,0
2024-03-23,League Two,4203789,Mansfield Town,Colchester United,0.6627379873073436,0.20670897552130554,0.13055303717135086,1,1,1,62,15,7,4,3,80,8,8,4,4,0,10,5,468,182,194,56,23,35,2,72,12,3,11,4,61,52,46,56,1,0,38,10,6,1,1,66,13,6,2,2,1,7,3,295,94,101,33,46,26,0,72,13,5,38,5,62,48,54,52,4,0
2024-03-23,League Two,4203802,Harrogate Town,Bradford City,0.40494458653026427,0.26854219948849106,0.32651321398124467,3,0,0,46,13,7,2,0,64,12,4,3,3,1,9,4,335,106,108,34,26,33,1,58,12,2,36,3,70,53,59,40,1,0,54,10,3,1,1,64,14,5,5,2,0,7,3,380,88,157,33,20,33,1,60,12,3,18,5,55,47,41,50,1,0
2024-03-23,League Two,4203891,Barrow,Newport County,0.4860927152317881,0.30066225165562915,0.21324503311258278,1,0,0,49,18,3,5,4,58,7,5,10,5,1,12,6,306,71,105,31,41,28,9,64,4,2,29,2,57,54,62,47,1,0,51,8,2,1,1,55,12,4,4,2,0,5,3,317,76,98,28,25,41,3,65,6,5,17,1,42,46,38,43,2,0
2024-03-23,League Two,4203804,Crewe Alexandra,AFC Wimbledon,0.47759197324414715,0.30501672240802674,0.21739130434782608,1,1,1,64,10,3,1,1,78,6,4,2,5,0,6,4,474,223,148,41,8,22,0,38,3,7,21,0,58,60,64,58,2,0,36,14,1,2,1,60,11,2,6,7,0,11,3,263,89,68,30,35,28,1,60,4,5,23,2,36,40,36,45,2,0
2024-03-23,League Two,4203803,Doncaster Rovers,Forest Green Rovers,0.5819209039548022,0.269774011299435,0.1483050847457627,2,0,0,67,15,6,2,2,81,10,3,4,5,0,9,6,562,296,161,41,22,22,1,72,4,0,17,0,61,60,43,56,2,0,33,3,0,0,0,61,13,0,2,1,0,1,2,283,107,66,34,20,18,6,77,6,5,20,5,55,40,57,36,2,0
2024-03-23,League Two,4203901,Grimsby Town,Wrexham,0.17673716012084592,0.1714501510574018,0.6518126888217523,1,3,2,60,10,2,1,1,69,7,2,5,3,0,6,4,403,139,140,35,5,37,0,64,10,3,17,2,67,54,61,63,1,0,40,13,5,2,1,51,14,4,5,3,0,7,6,270,57,81,22,15,26,4,56,12,3,32,1,50,46,39,55,1,0
2024-03-23,League Two,4203788,Morecambe,Gillingham,0.3572761194029851,0.33488805970149255,0.30783582089552236,2,3,2,52,14,5,4,2,79,15,5,2,7,0,11,3,387,170,136,33,11,19,1,82,11,3,19,0,34,42,31,45,4,0,48,10,3,1,0,70,11,7,4,3,1,8,2,346,130,112,34,28,28,2,53,6,7,13,3,55,58,69,40,2,0
2024-03-23,League Two,4203787,Notts County,Salford City,0.5440313111545988,0.2785388127853881,0.17742987606001304,1,2,2,62,13,2,0,0,84,3,5,7,4,1,8,5,481,246,160,31,14,19,2,53,4,0,11,5,51,59,43,48,0,0,38,15,7,1,0,73,20,2,8,0,1,8,7,303,77,143,46,38,8,2,67,10,4,21,1,41,41,57,31,3,0
2024-03-23,League Two,4203785,Sutton United,Accrington Stanley,0.37305224564619616,0.3235563703024748,0.30339138405132904,3,1,0,43,14,10,4,2,47,12,8,3,1,0,11,3,273,42,85,30,42,32,4,38,9,2,24,4,79,42,57,31,1,0,57,12,5,4,3,61,11,3,5,2,2,7,5,366,130,95,28,22,34,3,53,1,0,27,7,79,58,43,55,1,0
2024-03-23,League Two,4203784,Tranmere Rovers,Crawley Town,0.4857142857142857,0.283982683982684,0.23030303030303031,1,3,2,54,15,5,3,2,77,8,6,6,4,0,9,6,508,190,202,40,27,32,2,47,6,3,17,0,45,50,32,56,1,0,46,11,3,2,0,76,10,3,5,3,0,8,3,436,238,95,23,40,36,3,70,7,4,24,3,52,50,68,52,1,0
2024-03-23,League Two,4203786,Stockport County,Milton Keynes Dons,0.5264982664685488,0.24120851906884597,0.23229321446260526,5,0,0,36,10,7,4,0,64,17,3,1,2,1,7,3,313,99,100,34,17,19,4,50,11,4,16,3,54,46,60,40,1,0,64,13,3,2,2,80,11,1,6,4,1,9,4,578,256,207,35,25,34,2,75,6,2,20,2,49,54,40,42,1,0
2024-03-29,League Two,4203782,Accrington Stanley,Morecambe,0.47126436781609193,0.3054187192118227,0.2233169129720854,1,2,2,57,17,7,7,6,74,18,8,6,4,0,13,4,353,135,125,40,13,29,0,78,8,2,12,3,65,49,44,52,4,0,43,11,5,1,1,67,17,3,4,2,0,5,6,286,104,88,34,14,27,0,73,10,5,27,5,71,51,56,54,2,0
2024-03-29,League Two,4203781,AFC Wimbledon,Harrogate Town,0.6011904761904762,0.25,0.1488095238095238,1,1,1,49,16,5,1,1,61,9,6,7,4,0,12,4,357,97,121,33,22,32,1,75,11,3,14,0,59,53,51,70,1,1,51,11,1,1,0,59,7,4,7,3,0,7,4,369,137,82,30,18,27,0,71,9,4,26,4,55,47,49,57,1,0
2024-03-29,League Two,4203780,Barrow,Grimsby Town,0.5894134477825465,0.26895565092989987,0.14163090128755365,3,1,0,43,14,7,4,1,66,14,5,6,1,1,8,6,294,92,101,25,16,31,0,54,12,4,25,0,52,41,56,30,1,0,57,12,1,0,0,73,12,7,7,4,1,5,7,390,147,139,39,26,17,1,63,7,2,20,3,61,59,44,58,0,0
2024-03-29,League Two,4203790,Bradford City,Tranmere Rovers,0.4477848101265823,0.2468354430379747,0.30537974683544306,2,0,0,50,21,7,5,4,70,8,5,10,4,2,15,6,396,88,189,34,29,27,1,64,12,2,27,3,73,67,42,67,2,0,50,13,3,3,3,67,15,9,8,2,0,10,3,400,127,142,44,18,28,1,79,10,3,30,5,57,33,58,20,3,0
2024-03-29,League Two,4203890,Colchester United,Newport County,0.3641025641025641,0.24273504273504273,0.39316239316239315,2,1,0,61,19,7,5,3,68,13,10,9,3,1,13,6,386,100,161,37,16,31,2,73,10,0,15,1,64,50,58,55,2,0,39,3,2,1,0,54,15,1,1,0,0,3,0,264,70,73,22,17,28,4,60,14,3,36,4,56,50,42,44,2,0
2024-03-29,League Two,4203791,Crawley Town,Doncaster Rovers,0.5114754098360655,0.25245901639344265,0.2360655737704918,0,2,2,65,19,7,2,2,82,9,11,5,7,0,10,9,467,208,175,33,21,23,1,60,6,4,19,6,41,49,24,33,3,0,35,17,8,3,2,64,15,8,5,4,0,10,7,247,79,80,41,13,19,2,75,11,8,21,5,61,51,76,33,2,1
2024-03-29,League Two,4203801,Forest Green Rovers,Stockport County,0.22109158186864014,0.19241443108233117,0.5864939870490287,0,3,2,26,1,0,0,0,57,11,2,1,0,0,1,0,257,95,52,23,25,20,2,68,8,5,27,2,44,45,36,50,2,0,74,13,5,2,2,87,8,5,3,5,0,7,6,737,280,358,45,10,25,0,59,5,0,7,0,60,55,64,52,0,0
2024-03-29,League Two,4203800,Gillingham,Crewe Alexandra,0.4486301369863014,0.2722602739726027,0.2791095890410959,0,0,1,48,10,2,1,1,61,16,3,3,5,0,9,1,324,95,104,35,40,30,2,60,5,3,34,2,76,42,64,22,2,0,52,7,2,2,2,65,12,3,2,3,0,5,2,357,124,107,30,20,33,0,71,8,5,18,2,66,58,36,57,3,0
2024-03-29,League Two,4203799,Milton Keynes Dons,Walsall,0.5885363357215967,0.22824974411463664,0.18321392016376664,5,0,0,66,19,8,4,0,86,6,4,5,6,0,12,7,598,302,212,42,36,20,1,75,4,0,9,1,43,51,58,43,0,0,34,4,1,1,1,72,13,5,3,0,0,3,1,293,106,106,38,19,12,0,61,3,5,18,3,38,49,42,43,2,0
2024-03-29,League Two,4203798,Salford City,Sutton United,0.5719298245614035,0.2614035087719298,0.16666666666666666,1,2,2,53,15,6,1,1,59,9,4,5,4,0,8,7,312,63,122,46,11,23,1,71,9,0,29,2,69,67,45,80,1,0,47,8,4,1,0,52,18,4,4,0,0,4,4,263,48,89,31,8,36,4,83,4,4,28,5,55,33,55,55,4,0
2024-03-29,League Two,4203797,Swindon Town,Notts County,0.37829457364341085,0.23255813953488372,0.3891472868217054,2,1,0,25,9,5,3,1,65,10,5,2,2,1,6,3,222,46,99,30,18,16,3,53,11,1,14,4,37,48,46,55,3,0,75,8,5,3,2,88,4,2,2,1,0,7,1,713,395,234,38,45,25,0,81,0,2,16,3,41,52,54,44,0,0
2024-03-29,League Two,4203889,Wrexham,Mansfield Town,0.6886688668866887,0.14484781811514486,0.1664833149981665,2,0,0,39,7,4,3,1,61,11,1,2,1,0,6,1,357,101,115,41,36,26,1,67,12,4,23,1,79,56,52,43,1,0,61,10,1,0,0,76,13,6,5,4,0,5,5,559,218,208,31,25,38,0,55,11,1,12,2,66,44,48,45,3,0
2024-04-01,League Two,4203795,Grimsby Town,Bradford City,0.36655405405405406,0.22635135135135134,0.40709459459459457,1,1,1,46,12,1,0,0,59,16,5,5,6,0,6,6,284,65,103,26,21,29,2,76,14,2,17,3,72,51,55,50,3,1,54,11,4,4,3,64,18,2,5,2,0,8,3,345,97,125,34,19,38,0,67,11,6,37,0,65,49,45,46,5,0
2024-04-01,League Two,4203796,Crewe Alexandra,Forest Green Rovers,0.6533333333333333,0.21333333333333335,0.13333333333333333,0,3,2,71,22,5,3,3,81,11,8,13,4,1,11,11,551,256,191,51,18,24,0,61,2,1,13,2,63,51,49,57,3,0,29,9,6,2,0,52,9,2,3,0,1,7,2,233,48,72,25,30,13,2,47,8,4,44,5,63,49,51,57,3,0
2024-04-01,League Two,4203794,Harrogate Town,Gillingham,0.3681710213776722,0.2660332541567696,0.3657957244655582,5,1,0,52,16,8,4,2,75,7,5,6,2,0,7,9,497,195,178,30,17,19,1,63,9,3,21,4,52,46,41,44,3,0,48,11,5,1,0,71,9,2,3,3,0,7,4,463,166,165,45,39,23,3,69,7,2,30,3,69,54,59,57,2,0
2024-04-01,League Two,4203792,Morecambe,Barrow,0.32335329341317365,0.24550898203592814,0.4311377245508982,2,1,0,44,8,2,4,2,81,7,7,5,1,0,6,2,377,214,93,37,27,15,1,82,6,7,36,3,36,47,23,45,2,0,56,17,4,2,1,79,11,6,6,7,0,12,5,478,166,213,56,23,41,0,56,7,1,10,0,61,53,78,63,2,0
2024-04-01,League Two,4203880,Newport County,Crawley Town,0.4946236559139785,0.23440860215053763,0.2709677419354839,0,4,2,47,10,4,1,1,69,10,6,3,3,0,5,5,335,121,109,32,27,27,1,42,8,1,23,3,46,48,49,9,1,0,53,10,7,2,0,77,15,5,2,1,1,9,1,385,188,108,41,50,15,3,63,10,2,23,4,49,52,51,36,3,0
2024-04-01,League Two,4203779,Notts County,Milton Keynes Dons,0.37281795511221943,0.1970074812967581,0.43017456359102246,3,3,1,55,13,4,4,1,88,10,6,7,2,1,8,5,510,268,180,39,28,19,3,56,3,7,17,2,55,51,59,44,2,0,45,16,5,3,1,79,13,6,4,7,0,7,9,422,194,140,33,31,14,3,87,7,2,12,1,47,49,41,50,3,0
2024-04-01,League Two,4203859,Stockport County,AFC Wimbledon,0.651685393258427,0.20429009193054137,0.14402451481103168,1,0,0,67,8,2,1,1,73,10,4,4,2,0,2,6,531,220,166,38,31,35,1,56,6,0,22,0,67,53,49,44,0,0,33,2,0,1,1,41,19,1,2,0,1,1,1,256,65,41,19,14,34,0,79,10,2,20,1,65,47,51,46,3,0
2024-04-01,League Two,4203858,Sutton United,Swindon Town,0.49539170506912444,0.21658986175115208,0.2880184331797235,3,1,0,46,20,9,5,3,56,14,8,8,3,0,14,6,271,33,118,33,33,30,5,71,6,4,17,3,70,42,56,38,2,0,54,13,4,1,1,65,9,2,5,4,0,6,7,340,130,90,24,13,25,4,78,4,3,35,6,74,58,44,61,1,0
2024-04-01,League Two,4203857,Tranmere Rovers,Colchester United,0.5348314606741573,0.23146067415730337,0.23370786516853934,1,1,1,51,17,5,2,1,77,11,6,10,2,0,12,5,464,183,172,47,19,29,1,80,10,3,15,5,50,43,41,20,2,0,49,13,7,4,4,77,14,4,4,2,1,7,6,454,162,189,44,41,16,0,53,7,3,29,3,68,57,59,75,4,0
2024-04-01,League Two,4203856,Walsall,Salford City,0.5236139630390144,0.24435318275154005,0.23203285420944558,2,1,0,43,10,5,2,1,61,11,4,2,3,0,7,3,289,86,89,33,28,22,1,46,9,5,14,5,71,61,47,55,0,0,57,17,6,2,1,73,15,5,6,5,0,8,9,389,140,145,32,26,17,3,64,7,3,19,3,59,39,53,43,2,0
2024-04-02,League Two,4203879,Doncaster Rovers,Wrexham,0.1901081916537867,0.17568263781555898,0.6342091705306543,1,0,0,50,12,6,3,3,73,10,4,3,3,1,8,4,396,189,99,28,20,23,0,50,7,6,30,1,60,54,39,42,3,0,50,14,1,3,3,75,11,5,7,6,0,7,7,387,118,173,48,36,38,2,69,6,3,19,4,71,46,61,31,2,0
2024-04-06,League Two,4203855,Accrington Stanley,Crewe Alexandra,0.3389423076923077,0.22596153846153846,0.43509615384615385,0,0,1,52,12,2,1,1,65,11,0,6,4,0,7,5,321,128,82,37,27,31,1,55,6,2,33,2,59,45,55,55,2,0,48,7,2,0,0,61,8,7,3,2,0,5,2,293,85,93,24,17,40,5,68,14,4,25,2,61,55,45,50,1,0
2024-04-06,League Two,4203854,AFC Wimbledon,Salford City,0.6382488479262672,0.16359447004608296,0.19815668202764977,1,0,0,48,11,2,0,0,60,10,3,6,3,0,7,4,309,122,64,31,0,31,5,73,4,4,9,4,58,52,57,20,3,0,52,12,4,1,1,61,16,2,4,4,0,3,9,335,77,129,25,33,29,2,57,5,3,31,1,49,48,43,36,6,2
2024-04-06,League Two,4203853,Barrow,Swindon Town,0.6711538461538461,0.16538461538461538,0.16346153846153846,0,2,2,45,21,6,4,4,71,12,4,9,6,2,14,7,355,119,134,48,30,24,4,70,8,3,16,7,55,51,69,56,3,0,55,13,9,3,2,75,19,3,1,3,0,7,6,445,170,164,37,20,20,4,80,9,6,16,5,43,49,31,60,2,0
2024-04-06,League Two,4203852,Bradford City,Gillingham,0.5024630541871922,0.19950738916256158,0.29802955665024633,1,0,0,49,16,6,1,1,59,11,7,3,7,0,8,8,332,81,114,28,14,24,3,63,9,4,29,2,54,51,44,46,1,0,51,9,3,1,1,63,8,4,3,3,0,6,3,345,99,118,39,27,27,2,80,6,7,29,5,59,49,56,39,2,0
2024-04-06,League Two,4203881,Colchester United,Wrexham,0.14976174268209666,0.09462219196732471,0.7556160653505786,1,2,2,56,14,2,3,3,74,7,3,7,5,0,8,6,447,175,157,39,38,24,0,67,5,2,16,0,50,52,51,50,0,0,44,12,2,2,0,65,10,7,8,2,0,8,4,337,106,114,34,32,25,0,60,8,4,13,1,47,48,49,43,1,0
2024-04-06,League Two,4203851,Forest Green Rovers,Milton Keynes Dons,0.24519230769230768,0.1842948717948718,0.5705128205128205,0,2,2,29,4,0,1,1,63,15,4,1,3,0,3,1,265,71,96,41,15,21,3,72,9,5,31,2,55,50,48,63,2,0,71,14,4,3,2,83,9,6,5,5,0,8,6,675,258,300,22,14,23,1,47,5,3,12,0,57,50,53,42,1,0
2024-04-06,League Two,4203882,Grimsby Town,Newport County,0.45257452574525747,0.1842818428184282,0.36314363143631434,1,0,0,47,17,6,1,1,55,12,8,4,7,0,10,7,215,53,66,38,30,34,0,56,15,0,18,2,72,52,67,50,2,0,53,4,2,1,1,57,12,1,2,0,0,2,2,247,62,80,28,36,36,1,63,4,6,38,5,50,48,33,29,2,0
2024-04-06,League Two,4203860,Mansfield Town,Crawley Town,0.6377491207502931,0.20046893317702227,0.16178194607268465,1,4,2,58,22,5,3,3,77,9,8,7,10,0,14,8,479,186,184,41,29,32,1,71,7,1,14,2,58,64,61,100,0,0,42,12,6,0,0,76,9,5,5,1,0,10,2,349,184,80,34,17,27,0,75,11,9,28,4,34,36,39,36,3,0
2024-04-06,League Two,4203861,Morecambe,Doncaster Rovers,0.38443935926773454,0.18993135011441648,0.425629290617849,0,3,2,54,12,3,2,2,73,8,5,5,4,0,5,7,368,130,137,43,26,37,2,61,9,1,18,2,58,51,42,18,2,0,46,15,5,4,2,72,15,5,9,1,0,9,6,316,114,115,47,38,36,0,70,9,4,18,3,61,49,58,39,3,0
2024-04-06,League Two,4203870,Notts County,Harrogate Town,0.5405940594059406,0.21584158415841584,0.24356435643564356,3,0,0,60,17,9,3,1,84,11,9,1,7,0,10,7,558,245,224,42,28,17,1,91,7,6,19,8,44,49,50,60,3,0,40,16,10,5,5,78,11,11,2,4,0,13,3,356,159,119,40,20,21,4,46,15,8,15,5,45,51,50,50,1,0
2024-04-06,League Two,4203869,Sutton United,Stockport County,0.2494061757719715,0.166270783847981,0.5843230403800475,1,3,2,48,4,2,1,0,49,16,5,2,0,0,2,2,274,56,78,22,23,41,2,33,4,3,33,2,59,44,54,63,3,0,52,14,5,5,3,57,14,2,6,3,2,7,7,296,64,105,29,29,28,7,33,6,0,24,1,62,56,46,63,2,0
2024-04-06,League Two,4203868,Tranmere Rovers,Walsall,0.48011363636363635,0.22727272727272727,0.29261363636363635,1,3,2,56,13,3,2,2,68,9,11,8,2,3,10,3,368,132,118,37,26,23,1,59,7,4,14,3,49,48,49,33,2,0,44,16,6,1,0,66,11,6,6,4,0,11,5,287,45,144,39,28,27,0,77,9,2,23,2,52,52,51,55,2,0
2024-04-09,League Two,4203752,Colchester United,Stockport County,0.22667234767788666,0.22113336173838943,0.5521942905837239,1,2,2,47,8,3,2,1,67,18,3,1,4,0,4,4,314,87,124,33,33,34,2,54,3,3,24,1,49,42,44,31,3,0,53,11,3,4,3,71,14,4,5,3,0,9,2,362,143,114,23,18,16,2,65,10,4,33,2,66,58,56,44,3,0
2024-04-09,League Two,4203564,Doncaster Rovers,Walsall,0.5152519893899205,0.28116710875331563,0.20358090185676392,2,1,0,57,11,6,5,3,71,10,2,3,2,0,8,3,416,208,87,35,14,26,1,52,8,3,23,1,82,58,66,50,2,0,43,7,4,2,2,62,16,6,2,1,1,4,3,311,67,126,43,10,35,2,71,14,5,12,1,52,42,34,47,2,0
2024-04-09,League Two,4203640,Harrogate Town,Grimsby Town,0.5006265664160401,0.2850877192982456,0.21428571428571427,1,0,0,63,12,6,3,3,71,13,6,3,3,0,6,6,407,120,170,39,31,31,2,58,6,2,35,2,80,54,63,57,1,0,37,10,2,2,2,47,17,1,6,2,0,8,2,239,36,76,22,45,32,4,50,12,3,15,5,56,46,37,57,1,0
2024-04-09,League Two,4203525,Mansfield Town,Forest Green Rovers,0.5750230536161244,0.29508628639177975,0.1298906599920959,1,0,0,59,18,7,0,0,80,14,5,5,6,0,10,8,503,175,226,36,14,34,1,64,15,2,19,2,51,47,34,47,3,0,41,4,2,1,1,66,8,6,0,2,0,3,1,357,154,81,28,29,33,0,65,9,6,25,6,70,53,66,48,1,0
2024-04-09,League Two,4203569,Morecambe,Crewe Alexandra,0.30415531335149865,0.36682561307901906,0.3290190735694823,0,1,2,58,12,2,1,1,78,8,5,6,4,0,6,6,439,210,133,33,43,24,1,54,6,4,30,2,55,48,53,27,1,0,42,11,3,1,0,69,7,9,4,4,0,6,5,307,110,101,36,24,37,1,67,8,4,21,2,56,52,47,61,0,1
2024-04-09,League Two,4203713,Newport County,Accrington Stanley,0.4514811031664964,0.3289070480081716,0.21961184882533197,1,3,2,53,8,2,0,0,64,12,3,2,4,0,2,6,421,132,137,30,5,25,2,56,7,4,19,3,90,54,54,69,2,1,47,18,6,5,2,59,9,1,8,4,0,13,5,365,80,137,36,39,33,1,56,17,3,18,2,76,46,46,35,0,0
2024-04-09,League Two,4203718,Wrexham,Crawley Town,0.7530831802676463,0.1393335082655471,0.10758331146680661,4,1,0,33,15,7,4,0,76,6,5,2,6,1,9,6,319,116,126,35,40,20,3,76,4,2,30,7,39,55,58,20,1,0,67,15,8,0,0,90,6,9,5,2,0,8,7,662,347,248,54,11,16,1,88,9,6,11,3,31,45,42,40,1,0
2024-04-13,League Two,4203867,Crawley Town,Colchester United,0.6467576791808873,0.17064846416382254,0.1825938566552901,2,3,2,68,25,4,2,1,85,8,13,5,16,1,15,10,535,241,215,59,30,20,0,61,7,2,9,3,54,55,50,61,0,0,32,11,6,3,0,73,14,5,3,2,0,7,4,254,86,100,41,13,25,2,60,5,16,28,2,47,45,50,60,3,1
2024-04-13,League Two,4203866,Crewe Alexandra,Grimsby Town,0.656188605108055,0.1925343811394892,0.1512770137524558,0,3,2,57,5,2,0,0,70,11,4,0,3,0,2,3,353,162,85,26,15,35,3,79,8,6,44,2,63,50,48,68,2,0,43,21,5,1,0,58,9,13,9,7,1,17,4,248,51,94,31,20,24,0,71,13,3,24,2,65,50,52,80,1,0
2024-04-13,League Two,4203865,Doncaster Rovers,Accrington Stanley,0.7414448669201521,0.17110266159695817,0.08745247148288973,4,0,0,56,18,8,5,2,72,7,7,6,4,0,15,3,424,183,124,28,22,31,3,59,8,2,17,2,64,49,58,13,1,0,44,9,2,0,0,61,16,3,4,3,1,5,4,327,117,84,28,11,33,1,57,4,4,21,4,58,51,42,33,2,0
2024-04-13,League Two,4203864,Gillingham,Barrow,0.4797843665768194,0.2398921832884097,0.2803234501347709,3,0,0,66,11,7,4,2,84,13,6,2,2,0,10,1,515,245,187,49,24,20,3,57,7,2,21,3,40,49,62,33,0,0,34,8,3,2,2,66,7,6,2,3,0,5,3,256,81,88,47,22,29,1,64,9,1,22,5,35,51,38,18,0,1
2024-04-13,League Two,4203863,Harrogate Town,Sutton United,0.5676392572944297,0.17771883289124668,0.2546419098143236,2,2,1,56,8,4,0,0,67,10,1,4,0,0,6,2,423,176,108,32,27,30,3,53,10,6,39,3,61,55,41,67,1,0,44,18,5,2,0,57,14,6,7,6,0,9,9,315,44,136,39,27,26,2,69,14,0,18,2,65,45,59,41,2,0
2024-04-13,League Two,4203862,Milton Keynes Dons,Mansfield Town,0.47625,0.20625,0.3175,1,4,2,64,12,2,0,0,78,10,3,7,3,0,3,9,520,207,196,28,29,33,1,42,4,2,11,2,54,55,53,75,3,0,36,11,7,5,3,63,15,2,3,1,1,9,2,289,91,91,26,0,24,2,63,9,3,18,1,46,45,48,64,5,0
2024-04-13,League Two,4203883,Newport County,Tranmere Rovers,0.476038338658147,0.22044728434504793,0.3035143769968051,1,2,2,51,10,4,4,3,71,12,0,2,4,0,7,3,398,124,158,37,41,28,1,73,7,6,33,3,60,52,66,46,2,0,49,15,5,0,0,68,14,10,4,6,0,8,7,374,95,158,30,18,31,2,58,5,3,18,3,45,48,34,57,2,0
2024-04-13,League Two,4203850,Salford City,Bradford City,0.42378048780487804,0.21341463414634146,0.3628048780487805,1,2,2,49,10,4,1,0,67,16,1,4,2,0,7,3,324,92,124,45,24,25,1,47,8,10,13,7,72,47,54,43,3,0,51,22,10,7,6,63,15,6,3,9,0,15,7,334,101,110,35,35,21,1,67,3,2,22,3,72,53,46,50,3,0
2024-04-13,League Two,4203849,Stockport County,Morecambe,0.730814639905549,0.14994096812278632,0.1192443919716647,2,0,0,61,10,4,2,0,83,7,3,1,5,0,7,3,515,252,177,51,38,34,2,44,5,0,7,0,55,53,69,45,1,0,39,1,0,0,0,74,15,2,1,0,0,0,1,322,158,79,27,13,25,2,71,12,4,13,2,41,47,31,45,3,0
2024-04-13,League Two,4203848,Swindon Town,AFC Wimbledon,0.3804347826086957,0.1793478260869565,0.44021739130434784,3,2,0,59,9,5,4,2,69,6,2,3,1,0,8,1,417,184,104,33,25,36,1,73,9,3,33,3,63,47,54,39,1,1,41,12,5,0,0,54,15,3,5,2,0,6,6,291,69,88,33,31,33,2,63,7,1,11,2,63,53,46,67,0,0
2024-04-13,League Two,4203836,Walsall,Notts County,0.4488517745302714,0.20041753653444677,0.35073068893528186,1,3,2,32,20,3,4,3,79,14,8,12,5,2,14,6,269,84,129,50,36,13,4,56,9,0,6,0,40,48,59,47,4,1,68,6,3,3,2,90,5,1,3,0,0,5,1,612,392,156,51,13,25,0,50,1,6,17,1,40,52,41,38,2,0
2024-04-13,League Two,4203884,Wrexham,Forest Green Rovers,0.854957805907173,0.07911392405063292,0.06592827004219409,6,0,0,55,21,8,4,1,81,9,6,7,6,1,13,8,495,195,205,42,40,21,1,69,10,0,9,4,44,52,42,27,0,0,45,4,4,0,0,76,12,0,0,0,0,2,2,419,210,108,26,43,22,2,81,4,7,22,2,47,48,58,45,2,0
