match_date,league_name,matchid,home_team,away_team,home_probability_win,draw_probability,away_probability_win,home_goals,away_goals,ftr,home_ball_possession,home_total_shots,home_shots_on_target,home_big_chances,home_big_misses,home_accurate_passes,home_fouls_commited,home_corners,home_shots_off_target,home_blocked_shots,home_hit_woodwork,home_shots_inside_box,home_shots_outside_box,home_passes,home_own_half,home_opposition_half,home_accurate_long_balls,home_accurate_crosses,home_throws,home_offsides,home_tackles_won,home_interceptions,home_blocks,home_clearances,home_keeper_save,home_duels_won,home_geround_duels_won,home_aerial_duels_won,home_successful_dribbles,home_yellow_cards,home_red_cards,away_ball_possession,away_total_shots,away_shots_on_target,away_big_chances,away_big_misses,away_accurate_passes,away_fouls_commited,away_corners,away_shots_off_target,away_blocked_shots,away_hit_woodwork,away_shots_inside_box,away_shots_outside_box,away_passes,away_own_half,away_opposition_half,away_accurate_long_balls,away_axxurate_crosses,away_throws,away_offsides,away_tackles_won,away_interceptions,away_blocks,away_clearances,away_keeper_save,away_duels_won,away_geround_duels_won,away_aerial_duels_won,away_successful_dribbles,away_yellow_cards,away_red_cards
2023-08-05,League One,4202798,Barnsley,Port Vale,0.5923991876994488,0.299390774586597,0.10821003771395417,7,0,0,50,12,8,5,0,71,15,3,2,2,0,7,5,456,171,152,37,27,22,1,64,10,4,30,4,53,57,38,83,6,0,50,14,4,0,0,70,14,6,6,4,0,6,8,451,152,165,32,33,25,5,80,6,1,15,2,59,43,63,33,2,0
2023-08-05,League One,4202811,Blackpool,Burton Albion,0.5655634687892752,0.30414746543778803,0.13028906577293675,2,0,0,59,15,4,2,0,80,10,7,6,5,0,11,4,537,278,150,41,23,23,2,77,11,3,25,3,64,52,46,59,4,0,41,10,3,0,0,70,12,4,4,3,0,6,4,375,150,114,37,20,29,2,63,10,5,12,2,67,48,54,57,1,0
2023-08-05,League One,4202812,Bolton Wanderers,Lincoln City,0.6443897291593387,0.2458670418571931,0.10974322898346817,3,0,0,70,16,4,1,1,84,19,10,4,8,0,7,9,710,330,269,40,24,29,2,27,10,2,12,0,59,48,55,67,3,0,30,6,0,0,0,68,16,1,4,2,0,4,2,305,118,88,27,20,20,1,67,19,8,22,2,60,52,45,63,3,0
2023-08-05,League One,4202813,Cambridge United,Oxford United,0.3327805417357656,0.3067993366500829,0.3604201216141515,2,0,0,30,10,6,2,0,65,9,2,2,2,0,3,7,289,91,98,39,27,19,1,57,7,3,22,3,62,55,48,47,4,0,70,10,3,1,1,86,10,10,4,3,0,2,8,677,308,272,49,11,25,2,58,5,2,10,4,57,45,52,50,1,0
2023-08-05,League One,4202814,Carlisle United,Fleetwood Town,0.4912703190848886,0.3130644190246839,0.19566526189042746,1,1,1,42,15,6,3,3,66,8,5,8,1,0,8,7,340,75,151,32,19,18,1,80,13,5,12,4,67,45,59,20,2,0,58,13,5,2,2,76,18,2,3,5,0,8,5,490,200,173,35,12,23,0,57,6,1,29,5,68,55,41,61,3,0
2023-08-05,League One,4202815,Charlton Athletic,Leyton Orient,0.514865502595564,0.27984898537045777,0.2052855120339783,1,0,0,50,13,5,2,1,79,9,2,7,1,0,10,3,450,216,141,45,23,32,6,63,8,4,14,3,60,51,72,61,3,0,50,9,3,0,0,77,14,3,2,4,0,3,6,446,159,185,33,19,18,1,73,8,1,10,4,48,49,28,45,2,0
2023-08-05,League One,4202816,Derby County,Wigan Athletic,0.6080709263222256,0.2500764292265362,0.14185264445123816,1,2,2,56,20,4,2,2,87,10,11,8,8,0,11,9,544,198,275,66,21,20,1,85,5,0,7,1,42,46,41,61,2,0,44,7,3,4,2,83,5,4,4,0,0,5,2,463,299,84,35,19,18,1,63,7,8,34,3,53,54,59,57,2,0
2023-08-05,League One,4202817,Northampton Town,Stevenage,0.4533947065592635,0.30782508630609895,0.23878020713463752,0,1,2,58,9,2,2,2,62,13,7,3,4,1,6,3,455,129,152,24,4,33,1,76,9,2,36,4,77,47,52,44,2,0,42,13,5,0,0,51,12,4,6,2,0,9,4,328,77,89,27,22,39,3,64,15,4,26,2,79,53,48,50,3,0
2023-08-05,League One,4202818,Portsmouth,Bristol Rovers,0.6064814814814815,0.25046296296296294,0.14305555555555555,1,1,1,58,19,5,3,2,80,14,11,8,6,1,12,7,491,170,223,40,25,29,3,80,7,1,3,5,47,48,53,33,4,0,42,10,6,2,1,70,13,3,3,1,0,7,3,382,188,81,35,17,15,1,69,8,6,28,5,47,52,47,63,3,0
2023-08-05,League One,4202819,Reading,Peterborough United,0.4273767605633803,0.2632042253521127,0.30941901408450706,0,1,2,46,16,5,2,2,81,12,6,3,8,0,11,5,427,162,185,49,32,26,3,67,6,2,17,4,60,49,61,45,6,0,54,13,6,1,1,84,9,6,6,1,0,5,8,517,296,137,37,22,27,1,73,1,7,27,5,51,51,39,37,4,0
2023-08-05,League One,4202820,Shrewsbury Town,Cheltenham Town,0.49015317286652077,0.3187454412837345,0.1911013858497447,1,0,0,56,12,3,3,2,69,10,5,4,5,0,7,5,452,134,177,36,5,27,0,79,10,7,39,4,54,48,54,71,4,0,44,16,4,1,1,61,7,4,5,7,0,8,8,358,112,107,33,23,32,1,53,16,5,32,3,52,52,46,27,2,0
2023-08-05,League One,4202810,Wycombe Wanderers,Exeter City,0.51171875,0.30301339285714285,0.18526785714285715,0,3,2,53,10,1,1,1,66,11,4,6,3,0,8,2,379,134,115,35,44,32,4,63,6,3,11,2,68,54,59,40,2,0,47,12,6,5,3,66,12,5,4,2,0,10,2,349,118,113,27,31,18,1,73,6,3,35,1,52,46,41,44,2,0
2023-08-12,League One,4202809,Bristol Rovers,Barnsley,0.2102785406041585,0.2824637112593174,0.5072577481365241,1,1,1,51,15,4,3,2,79,13,7,6,5,1,13,2,507,234,165,46,38,33,1,61,10,3,11,3,57,52,64,65,0,0,49,9,3,0,0,80,10,2,2,4,0,5,4,486,214,177,37,0,24,2,59,9,6,18,2,46,48,36,47,3,0
2023-08-12,League One,4202799,Burton Albion,Derby County,0.2227579556412729,0.2955641272902604,0.48167791706846674,0,3,2,59,15,2,0,0,69,12,6,8,5,0,9,6,390,115,153,34,22,43,3,86,4,1,17,2,58,31,52,38,1,0,41,9,5,4,3,50,7,2,3,1,0,8,1,272,44,91,28,20,31,3,94,11,5,22,2,75,69,48,77,3,0
2023-08-12,League One,4202800,Cheltenham Town,Bolton Wanderers,0.17582417582417584,0.23504273504273504,0.5891330891330891,0,3,2,27,5,2,1,1,60,7,3,3,0,0,4,1,231,78,60,27,33,22,1,79,11,4,33,5,44,56,26,38,2,0,73,16,7,1,0,83,9,9,5,4,1,8,8,640,274,258,32,31,42,2,63,4,0,10,2,53,44,74,38,1,0
2023-08-12,League One,4202801,Exeter City,Blackpool,0.3391812865497076,0.28771929824561404,0.3730994152046784,0,0,1,59,12,1,0,0,82,6,6,4,7,0,10,2,573,263,206,53,35,29,4,67,8,1,13,3,57,53,61,53,2,0,41,4,3,1,1,74,7,7,0,1,0,4,0,396,194,100,33,13,19,1,83,11,7,17,1,45,47,39,38,1,0
2023-08-12,League One,4202802,Fleetwood Town,Cambridge United,0.3909702209414025,0.30547550432276654,0.3035542747358309,0,2,2,65,13,2,2,2,78,16,9,5,6,1,7,6,500,193,199,39,12,26,3,55,7,3,18,5,48,44,38,42,3,0,35,16,7,4,2,62,14,6,6,3,0,11,5,265,71,93,42,27,24,0,71,12,6,35,2,67,56,62,56,3,0
2023-08-12,League One,4202803,Leyton Orient,Portsmouth,0.28512396694214875,0.2665289256198347,0.44834710743801653,0,4,2,53,11,3,1,1,74,10,3,4,4,0,6,5,463,164,177,30,15,29,2,80,4,3,22,2,45,46,51,50,2,0,47,11,5,2,0,75,8,3,3,3,0,6,5,404,149,152,42,18,33,5,77,14,4,15,3,48,54,49,55,2,0
2023-08-12,League One,4202804,Lincoln City,Wycombe Wanderers,0.43515850144092216,0.31796349663784823,0.24687800192122958,3,0,0,53,14,8,3,1,74,11,3,5,1,0,5,9,450,167,164,38,19,24,1,56,9,0,16,3,58,50,33,44,2,0,47,7,3,1,1,69,12,6,4,0,0,4,3,408,161,122,38,40,21,3,80,12,1,18,5,81,50,67,60,2,0
2023-08-12,League One,4202805,Oxford United,Carlisle United,0.4995918367346939,0.28489795918367344,0.21551020408163266,1,0,0,56,14,3,1,0,71,9,5,6,5,0,7,7,488,190,158,38,31,24,4,76,8,3,20,0,91,66,63,68,2,0,44,7,0,0,0,65,17,4,4,3,0,3,4,364,93,145,27,4,30,1,73,13,5,16,2,49,34,37,19,5,0
2023-08-12,League One,4202806,Peterborough United,Charlton Athletic,0.4924192485168095,0.2794990112063283,0.22808174027686223,1,0,0,47,14,3,4,3,74,15,7,8,3,1,10,4,398,193,102,49,28,30,0,71,7,4,21,2,45,45,44,56,5,0,53,14,2,1,1,79,12,5,8,4,0,10,4,457,205,156,41,18,24,0,67,5,2,14,2,56,55,56,61,5,0
2023-08-12,League One,4202807,Port Vale,Reading,0.25297225891677677,0.27873183619550856,0.46829590488771466,1,0,0,38,18,3,1,1,68,7,5,8,7,0,10,8,332,74,152,27,20,23,2,92,19,3,32,1,51,48,55,50,0,0,62,9,1,1,1,79,11,2,5,3,1,6,3,541,264,166,35,42,35,2,74,8,7,34,2,49,52,45,67,2,0
2023-08-12,League One,4202808,Stevenage,Shrewsbury Town,0.49526270456503013,0.2756244616709733,0.22911283376399655,2,0,0,53,20,6,5,4,57,9,13,9,5,1,14,6,336,55,138,43,39,34,0,50,8,1,9,2,61,42,54,50,0,0,47,7,2,1,1,54,12,3,4,1,0,4,3,318,79,94,31,33,19,0,82,6,5,50,3,63,58,46,75,3,0
2023-08-12,League One,4202847,Wigan Athletic,Northampton Town,0.586865671641791,0.2662686567164179,0.14686567164179104,2,1,0,54,23,5,3,2,82,10,8,10,8,1,14,9,398,184,144,48,36,20,4,60,5,7,18,2,64,59,74,73,4,0,46,16,3,1,1,79,14,5,6,7,1,9,7,345,150,124,36,24,24,0,59,7,8,30,3,37,41,26,44,4,0
2023-08-15,League One,4202836,Barnsley,Peterborough United,0.4643432420559379,0.3795577683408991,0.15609898960316299,1,3,2,45,13,7,0,0,83,7,10,4,2,0,9,4,427,164,190,45,20,18,1,67,11,2,19,6,46,51,66,64,0,0,55,18,9,7,5,86,7,5,7,2,1,14,4,538,305,157,44,24,22,1,27,9,2,27,6,35,49,34,55,1,0
2023-08-15,League One,4202837,Blackpool,Port Vale,0.5223962126729789,0.3698106336489439,0.10779315367807721,0,0,1,62,14,4,1,1,78,5,4,4,6,0,11,3,592,265,198,35,43,29,0,60,14,2,18,1,70,60,60,58,1,0,38,9,1,0,0,67,9,2,6,2,0,5,4,371,124,124,30,29,24,2,67,13,6,35,4,47,40,40,73,1,0
2023-08-15,League One,4202838,Bolton Wanderers,Fleetwood Town,0.5920707732634338,0.3273263433813893,0.08060288335517693,3,1,0,51,9,5,5,2,82,11,5,3,1,0,8,1,436,226,130,30,33,17,3,45,10,3,26,6,36,44,32,45,2,1,49,11,7,3,2,81,12,12,1,3,0,6,5,402,125,199,56,20,26,3,64,11,1,8,2,52,56,68,69,4,0
2023-08-15,League One,4202839,Cambridge United,Stevenage,0.39417423837520044,0.39925173703901656,0.206574024585783,1,2,2,64,11,3,1,0,77,11,6,3,5,0,9,2,522,232,169,40,21,24,2,33,4,2,16,4,50,48,32,36,0,0,36,11,6,1,1,53,17,3,3,2,0,8,3,286,55,98,36,19,21,3,83,8,5,21,2,77,52,68,17,3,0
2023-08-15,League One,4202840,Carlisle United,Wigan Athletic,0.2718904885532216,0.37762567854614115,0.3504838329006372,1,1,1,36,11,2,2,1,69,15,3,5,4,0,4,7,294,61,143,29,9,25,0,50,7,4,21,3,52,48,42,60,4,0,64,14,4,2,1,83,6,5,6,4,2,6,8,516,265,164,40,28,28,0,78,6,3,26,1,61,53,58,55,2,0
2023-08-15,League One,4202841,Charlton Athletic,Bristol Rovers,0.44620338073517574,0.40998121813791255,0.1438154011269117,1,2,2,53,20,5,1,1,84,12,7,9,6,1,11,9,469,221,173,56,25,21,6,77,8,3,7,3,45,48,45,69,1,0,47,14,7,4,3,81,6,5,5,2,0,11,3,434,232,121,36,55,19,1,56,10,5,17,4,50,52,55,50,2,0
2023-08-15,League One,4202842,Derby County,Oxford United,0.541042234332425,0.3518392370572207,0.10711852861035423,1,2,2,56,11,3,3,3,70,17,15,4,4,0,10,1,420,147,146,42,26,28,5,71,5,5,9,2,63,54,46,25,5,0,44,13,4,0,0,73,13,4,4,5,0,7,6,357,141,121,23,29,28,2,50,14,4,30,2,62,46,54,27,2,0
2023-08-15,League One,4202843,Northampton Town,Lincoln City,0.3060125635656596,0.40951241399940175,0.28447502243493866,2,2,1,65,19,9,3,3,81,9,3,8,2,1,10,9,618,322,178,46,23,33,0,47,12,2,11,1,52,51,48,69,1,0,35,6,3,1,0,69,7,1,1,2,0,5,1,343,135,100,23,18,20,5,50,11,4,31,5,53,49,52,64,1,0
2023-08-15,League One,4202845,Shrewsbury Town,Burton Albion,0.45149253731343286,0.41655359565807326,0.1319538670284939,2,1,0,50,10,3,1,0,64,7,4,2,5,0,7,3,361,109,122,32,23,29,2,53,7,2,22,3,70,58,51,60,1,0,50,12,4,3,2,63,14,3,6,2,1,11,1,369,113,118,32,36,31,1,100,12,5,16,1,59,42,49,53,4,0
2023-08-15,League One,4202846,Wycombe Wanderers,Leyton Orient,0.4419805589307412,0.41160388821385174,0.14641555285540706,3,2,0,39,15,6,6,4,73,4,3,9,0,0,7,8,363,130,135,49,23,26,2,72,5,6,20,4,46,52,53,36,1,0,61,16,6,2,0,84,8,7,4,6,1,8,8,565,273,199,37,22,20,0,80,8,0,20,3,42,48,47,47,3,1
2023-08-15,League One,4202844,Portsmouth,Exeter City,0.5343904448105437,0.3296952224052718,0.13591433278418452,1,0,0,57,12,7,1,1,77,14,8,4,1,0,8,4,487,170,204,51,24,24,1,62,7,1,20,5,57,48,57,55,5,0,43,9,5,4,4,71,11,6,3,1,0,8,1,358,148,106,36,23,19,0,50,10,1,27,6,53,52,43,27,1,0
2023-08-15,League One,4202835,Reading,Cheltenham Town,0.525,0.3747844827586207,0.10021551724137931,1,0,0,60,12,4,0,0,73,11,7,5,3,0,6,6,477,191,158,30,32,31,3,47,7,3,16,3,62,43,51,40,2,0,40,10,3,0,0,61,7,7,4,3,0,4,6,305,85,102,45,14,29,0,52,10,3,20,4,69,57,49,33,2,0
2023-08-19,League One,4202825,Bolton Wanderers,Wigan Athletic,0.6001617686708007,0.2518198975465085,0.14801833378269075,0,4,2,62,21,5,4,4,88,18,4,8,8,0,18,3,548,228,252,55,35,30,0,69,3,4,8,1,52,40,57,50,2,0,38,11,5,2,0,73,11,2,1,5,0,8,3,336,166,80,39,21,14,1,50,8,8,22,5,66,60,43,68,3,0
2023-08-19,League One,4202834,Barnsley,Oxford United,0.5184753014391288,0.31544146246596655,0.16608323609490472,1,3,2,56,13,5,1,1,78,10,9,5,3,0,9,4,474,224,148,43,9,24,0,46,2,1,15,6,33,43,34,42,3,0,44,14,8,4,2,72,5,8,5,1,0,12,2,378,153,119,30,29,24,4,82,11,3,18,4,49,57,66,50,2,0
2023-08-19,League One,4202833,Blackpool,Leyton Orient,0.5867066466766616,0.28535732133933034,0.127936031984008,0,0,1,49,16,5,1,1,76,8,8,6,5,1,8,8,443,204,134,53,19,38,3,55,10,1,13,2,59,45,70,43,0,0,51,9,2,3,3,74,8,1,6,1,0,7,2,462,230,110,27,25,19,1,70,9,4,24,5,42,55,30,56,4,0
2023-08-19,League One,4202824,Cambridge United,Bristol Rovers,0.3982229402261712,0.29967689822294025,0.30210016155088854,2,0,0,39,13,5,1,0,72,16,6,3,5,0,6,7,341,99,145,36,16,23,1,75,3,1,9,5,49,42,46,18,1,0,61,7,5,1,1,83,10,4,1,1,0,3,4,555,300,162,38,18,15,2,64,3,5,19,3,64,58,54,53,3,0
2023-08-19,League One,4202823,Carlisle United,Exeter City,0.40927258193445243,0.293365307753797,0.2973621103117506,0,2,2,47,13,6,1,1,64,5,11,5,2,0,9,4,338,71,144,27,38,28,7,65,12,3,8,1,71,65,48,59,0,0,53,11,3,2,1,67,10,3,5,3,0,6,5,395,167,99,37,43,24,2,67,6,2,24,6,52,35,52,29,1,0
2023-08-19,League One,4202822,Charlton Athletic,Port Vale,0.5433989788475565,0.30196936542669583,0.15463165572574764,2,3,2,57,17,8,3,2,76,15,9,4,5,0,11,6,430,132,194,42,18,26,1,71,9,3,15,2,59,52,49,77,4,0,43,15,5,4,2,64,13,4,7,3,0,9,6,330,89,123,35,22,20,0,56,15,7,22,4,57,48,51,61,4,0
2023-08-19,League One,4202821,Derby County,Fleetwood Town,0.5924956369982548,0.2931937172774869,0.1143106457242583,1,0,0,43,13,3,1,0,68,11,7,8,2,0,7,6,316,120,94,44,29,19,2,67,7,3,36,2,69,53,56,47,3,0,57,8,2,1,1,74,13,9,3,3,2,6,2,420,123,186,39,17,19,1,81,11,1,18,2,58,47,44,47,3,0
2023-08-19,League One,4202826,Northampton Town,Peterborough United,0.2240325865580448,0.25,0.5259674134419552,1,0,0,43,10,2,0,0,75,7,4,0,8,0,5,5,396,192,106,27,13,23,0,67,7,6,14,1,32,50,44,40,1,0,57,17,1,1,1,84,9,5,10,6,0,11,6,528,324,117,27,32,23,3,43,2,8,23,1,35,50,56,64,2,0
2023-08-19,League One,4202827,Portsmouth,Cheltenham Town,0.65625,0.25729166666666664,0.08645833333333333,0,0,1,73,17,5,2,2,79,9,5,9,3,1,12,5,599,210,265,47,32,33,1,75,4,0,22,1,54,47,58,53,0,0,27,11,1,0,0,46,14,5,9,1,0,7,4,221,32,70,20,28,19,0,71,21,3,38,5,49,53,42,67,4,0
2023-08-19,League One,4202828,Reading,Stevenage,0.4306088864509051,0.28469555677454744,0.28469555677454744,2,0,0,71,20,7,3,2,82,12,7,10,3,0,11,9,584,293,183,47,26,27,4,58,6,0,15,4,56,44,48,56,0,0,29,6,4,1,1,51,8,0,2,0,0,3,3,235,45,74,33,18,28,4,55,10,3,17,6,66,56,52,71,3,1
2023-08-19,League One,4202829,Shrewsbury Town,Lincoln City,0.44387755102040816,0.3273809523809524,0.22874149659863946,0,1,2,58,11,2,1,1,66,9,6,5,4,0,5,6,423,175,104,37,24,37,3,77,5,1,18,2,70,57,60,50,2,0,42,7,3,0,0,61,13,1,3,1,0,4,3,314,114,77,24,33,32,1,50,9,4,19,2,51,43,40,46,4,0
2023-08-19,League One,4202830,Wycombe Wanderers,Burton Albion,0.5615550755939525,0.320374370050396,0.11807055435565154,0,0,1,65,14,8,1,1,70,10,6,6,0,0,10,4,444,192,120,38,23,27,2,50,7,1,23,3,70,52,53,60,2,0,35,7,3,0,0,45,10,2,3,1,0,5,2,242,48,61,23,27,31,0,62,4,0,15,8,63,48,47,13,2,0
2023-08-26,League One,4202831,Bristol Rovers,Wycombe Wanderers,0.4280469897209985,0.3267254038179148,0.24522760646108663,1,2,2,70,12,1,2,1,80,11,7,7,4,1,9,3,560,211,239,53,14,37,3,53,4,2,10,4,49,44,53,59,4,0,30,12,6,1,0,57,6,3,4,2,0,6,6,247,66,74,27,33,21,0,55,8,4,43,0,56,56,47,64,1,0
2023-08-26,League One,4202832,Burton Albion,Bolton Wanderers,0.16359649122807018,0.2600877192982456,0.5763157894736842,1,1,1,38,12,4,4,3,53,13,4,7,1,0,9,3,261,37,102,30,17,20,0,50,7,5,24,5,55,49,45,50,6,0,62,17,6,3,2,72,12,8,5,6,0,10,7,431,172,140,31,19,23,2,67,9,2,20,2,61,51,55,69,2,0
2023-08-26,League One,4202848,Cheltenham Town,Northampton Town,0.3013698630136986,0.32778864970645794,0.37084148727984345,0,1,2,41,8,2,1,1,67,8,1,5,1,0,3,5,373,151,100,22,21,18,4,78,22,7,27,1,49,53,38,62,1,0,59,16,2,0,0,75,8,8,6,8,1,9,7,549,251,163,36,32,34,1,53,8,1,16,2,55,47,62,38,2,0
2023-08-26,League One,4202858,Exeter City,Reading,0.36036036036036034,0.287001287001287,0.35263835263835264,2,1,0,54,20,4,2,1,76,10,7,10,6,2,11,9,425,151,170,29,24,34,1,50,10,3,30,2,54,40,50,38,3,0,46,12,3,2,1,67,9,7,6,3,0,8,4,365,140,103,36,29,26,2,48,8,6,22,2,70,60,50,44,4,0
2023-08-26,League One,4202857,Fleetwood Town,Shrewsbury Town,0.3588362068965517,0.33405172413793105,0.30711206896551724,0,1,2,53,11,1,2,2,65,14,9,5,5,1,8,3,375,117,127,32,29,42,4,63,6,0,17,1,66,47,56,32,1,2,47,5,2,1,0,62,12,1,3,0,0,4,1,335,105,104,35,0,18,0,60,14,4,31,2,63,53,44,0,3,0
2023-08-26,League One,4202856,Leyton Orient,Cambridge United,0.27433050293925537,0.25081645983017636,0.47485303723056826,2,0,0,68,16,3,3,1,86,13,5,7,6,1,10,6,569,263,225,56,22,24,4,55,9,1,21,4,49,55,42,58,4,0,32,10,4,0,0,67,14,7,5,1,0,4,6,261,89,87,43,18,14,2,64,8,6,24,1,47,45,58,56,4,0
2023-08-26,League One,4202855,Lincoln City,Blackpool,0.3703403565640194,0.32576985413290116,0.3038897893030794,3,0,0,35,10,5,3,1,74,13,1,2,3,0,4,6,393,226,65,29,17,20,1,69,10,1,14,3,51,53,45,60,1,0,65,14,3,1,1,86,13,2,9,2,0,9,5,715,391,222,50,31,29,2,57,5,3,9,2,51,47,55,69,1,1
2023-08-26,League One,4202854,Oxford United,Charlton Athletic,0.5562461155997513,0.2709757613424487,0.17277812305779988,2,1,0,47,16,5,2,1,77,11,7,6,5,0,10,6,433,181,154,27,41,26,2,88,11,5,15,3,53,47,50,38,3,0,53,11,4,1,1,80,16,1,2,5,0,7,4,504,257,144,37,11,20,1,63,9,4,19,3,57,53,50,67,6,0
2023-08-26,League One,4202853,Peterborough United,Derby County,0.41142303969022265,0.27637947725072604,0.3121974830590513,2,4,2,59,17,6,3,1,84,6,8,5,6,1,8,9,535,300,150,54,30,22,0,70,7,0,20,1,52,57,48,53,2,0,41,13,5,1,0,79,12,9,7,1,0,8,5,356,137,145,37,19,17,1,45,9,7,25,3,43,43,52,50,1,0
2023-08-26,League One,4202852,Port Vale,Carlisle United,0.5128888888888888,0.25955555555555554,0.22755555555555557,1,0,0,51,17,5,3,2,71,6,8,5,7,0,11,6,389,116,161,27,26,23,3,64,13,1,23,2,52,54,53,53,0,0,49,10,2,2,2,72,9,8,7,1,0,4,6,367,70,195,41,17,25,2,59,13,7,18,4,45,46,48,50,0,0
2023-08-26,League One,4202851,Stevenage,Portsmouth,0.3125,0.2924107142857143,0.3950892857142857,0,0,1,30,12,3,2,2,50,12,4,8,1,1,9,3,230,33,82,27,18,25,2,73,11,4,19,2,62,56,46,50,4,1,70,12,2,2,2,80,13,7,6,4,0,7,5,546,281,157,40,24,23,4,42,3,1,28,3,60,44,54,33,3,1
2023-08-26,League One,4202850,Wigan Athletic,Barnsley,0.5104521147301896,0.287311618862421,0.2022362664073894,0,2,2,54,9,1,0,0,83,7,4,7,1,0,4,5,535,310,135,46,21,25,2,64,9,4,25,7,49,53,52,57,1,1,46,20,9,7,5,81,14,5,7,4,1,13,7,438,151,204,44,23,18,4,59,9,1,14,1,44,47,48,38,3,0
2023-09-02,League One,4202849,Blackpool,Wigan Athletic,0.3716216216216216,0.3087318087318087,0.3196465696465696,2,1,0,33,14,7,3,2,73,14,4,4,3,0,10,4,289,91,120,40,29,21,1,69,13,2,39,2,48,45,51,17,3,0,67,6,3,1,1,84,7,3,1,2,0,5,1,608,334,178,35,23,24,4,33,8,3,17,5,52,55,49,50,3,0
2023-09-02,League One,4202859,Bolton Wanderers,Derby County,0.401190919240789,0.2713062895422404,0.3275027912169706,2,1,0,71,20,6,2,1,81,11,7,6,8,1,11,9,531,154,275,40,19,20,2,67,6,5,17,0,39,45,48,38,3,0,29,10,1,2,1,58,9,6,4,5,0,7,3,208,67,53,27,29,17,3,78,10,7,31,4,45,55,53,57,2,1
2023-09-02,League One,4202860,Bristol Rovers,Lincoln City,0.3558967201674808,0.2777390090718772,0.366364270760642,1,1,1,71,11,3,1,1,83,9,7,3,5,0,5,6,614,230,279,51,13,27,4,64,8,3,13,4,51,49,70,54,2,0,29,13,5,3,2,64,8,5,5,3,0,10,3,253,75,87,24,11,21,1,71,10,5,24,2,43,51,30,50,3,0
2023-09-02,League One,4202880,Burton Albion,Exeter City,0.25455871626549964,0.2844638949671772,0.46097738876732314,0,1,2,38,10,5,1,1,59,14,3,2,3,1,7,3,294,68,106,36,25,29,3,63,10,5,13,6,68,58,55,69,2,1,62,17,8,2,2,72,8,5,5,4,0,11,6,479,223,123,30,30,40,5,33,11,3,19,5,52,42,45,33,1,0
2023-09-02,League One,4202882,Carlisle United,Shrewsbury Town,0.39152371342078707,0.27648839556004035,0.33198789101917253,2,0,0,49,11,2,1,0,59,11,8,7,2,1,7,4,369,69,147,30,10,31,1,80,10,1,11,2,64,44,46,44,2,0,51,9,2,0,0,59,8,6,6,1,0,5,4,391,86,145,34,23,26,0,58,10,2,21,1,78,56,54,40,4,0
2023-09-02,League One,4202883,Charlton Athletic,Fleetwood Town,0.5737840065952184,0.29183841714756803,0.13437757625721353,2,1,0,65,20,4,2,0,81,13,13,4,12,0,12,8,454,129,241,47,32,29,1,57,5,3,21,2,58,48,53,48,4,0,35,12,3,1,0,64,14,4,5,4,1,8,4,238,58,95,41,26,18,2,58,3,12,31,2,60,52,47,50,3,0
2023-09-02,League One,4202884,Cheltenham Town,Barnsley,0.19077700568540745,0.26910928616550855,0.540113708149084,0,2,2,43,15,5,2,2,62,9,7,7,3,0,12,3,328,92,111,38,24,29,2,67,13,5,23,2,60,47,53,27,3,0,57,19,4,1,0,73,11,4,10,5,2,14,5,454,170,160,32,29,25,2,60,7,3,40,5,59,53,47,50,3,0
2023-09-02,League One,4202885,Leyton Orient,Stevenage,0.409306742640076,0.28300094966761635,0.3076923076923077,0,3,2,68,8,2,1,1,75,13,8,4,2,1,2,6,495,201,171,26,13,23,2,57,8,4,13,1,46,34,55,40,2,0,32,10,4,1,0,50,9,6,2,4,0,8,2,234,60,57,30,33,27,1,81,11,2,15,2,62,66,45,89,1,0
2023-09-02,League One,4202886,Northampton Town,Wycombe Wanderers,0.450281425891182,0.30956848030018763,0.2401500938086304,0,1,2,70,20,6,0,0,81,12,5,12,2,0,14,6,583,249,224,44,46,28,3,42,8,3,7,0,46,46,36,50,0,0,30,9,2,2,1,58,9,3,4,3,0,7,2,252,60,85,27,29,18,4,58,11,2,28,6,63,54,64,45,2,0
2023-09-02,League One,4202887,Oxford United,Port Vale,0.6010309278350515,0.26237113402061857,0.13659793814432988,1,2,2,60,13,6,2,1,80,8,5,6,1,0,7,6,537,265,164,39,41,32,3,86,7,1,8,3,53,63,60,89,1,2,40,8,5,1,0,66,14,3,2,1,0,6,2,355,122,114,21,18,19,0,43,13,2,19,4,33,37,40,67,2,0
2023-09-02,League One,4202888,Portsmouth,Peterborough United,0.4836223506743738,0.3037893384714194,0.21258831085420682,3,1,0,47,20,7,4,1,79,10,10,6,7,0,18,2,387,150,157,51,24,29,0,54,6,4,22,3,54,49,59,33,1,1,53,17,4,3,3,83,12,9,9,4,0,14,3,430,205,150,51,23,13,0,71,14,6,31,4,48,51,41,50,3,0
2023-09-04,League One,4202881,Cambridge United,Reading,0.39164847161572053,0.2697416302765648,0.3386098981077147,1,0,0,42,17,3,3,2,61,8,9,10,4,0,11,6,314,97,95,30,24,38,3,46,6,5,24,4,56,48,46,33,1,0,58,13,4,2,2,75,15,5,3,6,1,9,4,439,203,128,39,23,22,0,67,4,4,28,2,63,52,54,44,4,0
2023-09-09,League One,4202891,Exeter City,Leyton Orient,0.5351409978308026,0.34533622559652927,0.11952277657266812,1,2,2,56,5,2,1,1,72,12,4,3,0,0,3,2,412,214,84,28,0,26,6,67,6,5,32,4,58,42,63,33,3,0,44,19,7,3,3,65,10,10,7,5,2,11,8,302,74,121,32,31,27,0,78,11,0,11,1,48,58,37,50,3,0
2023-09-09,League One,4202878,Stevenage,Carlisle United,0.5044666316342616,0.35260115606936415,0.14293221229637415,2,2,1,57,16,8,3,2,57,13,11,7,1,1,12,4,307,54,120,37,15,36,2,47,5,0,26,0,72,55,55,67,2,0,43,4,2,1,0,45,10,2,2,0,0,2,2,244,47,63,19,30,24,4,57,13,1,40,6,59,45,45,0,2,0
2023-09-16,League One,4202863,Barnsley,Burton Albion,0.6045016077170418,0.2982315112540193,0.0972668810289389,2,0,0,53,8,3,1,0,82,6,0,3,2,0,5,3,570,286,181,49,8,32,5,50,6,5,12,1,57,48,72,31,0,0,47,8,1,0,0,78,10,2,1,6,0,6,2,513,311,89,40,33,19,2,54,9,2,17,1,43,52,28,36,0,0
2023-09-16,League One,4202864,Derby County,Portsmouth,0.4715649647156496,0.2855956828559568,0.24283935242839352,1,1,1,43,9,1,3,2,63,16,4,4,4,1,7,2,318,115,86,19,29,18,4,57,12,4,29,3,35,38,40,50,3,0,57,14,5,3,2,73,9,8,6,3,0,12,2,433,164,154,41,23,29,2,86,11,3,16,0,55,63,60,78,3,0
2023-09-16,League One,4202865,Exeter City,Cheltenham Town,0.6149732620320856,0.2711229946524064,0.11390374331550802,1,0,0,64,25,7,4,3,84,11,8,6,12,1,17,8,611,223,291,53,32,25,2,54,5,2,16,2,64,55,56,82,3,0,36,10,2,0,0,72,9,2,6,2,0,9,1,340,155,89,37,33,17,0,79,14,11,29,6,51,45,44,44,2,0
2023-09-16,League One,4202866,Fleetwood Town,Oxford United,0.23684210526315788,0.2807017543859649,0.4824561403508772,0,3,2,48,11,0,2,2,78,12,9,6,5,2,4,7,496,228,161,44,8,24,2,79,6,2,20,2,46,55,42,50,2,0,52,10,5,0,0,80,7,4,3,2,2,7,3,563,287,163,36,50,28,5,50,11,5,17,0,46,45,58,27,0,0
2023-09-16,League One,4202867,Lincoln City,Carlisle United,0.5281138790035588,0.2939501779359431,0.17793594306049823,1,1,1,58,12,4,0,0,71,9,2,7,1,0,4,8,495,187,165,28,35,21,3,46,3,2,23,5,61,54,30,36,1,0,42,14,6,1,1,63,13,1,6,2,0,5,9,364,76,152,35,22,34,2,68,5,1,19,3,77,46,70,48,5,0
2023-09-16,League One,4202868,Peterborough United,Leyton Orient,0.5457184325108854,0.2793904208998549,0.1748911465892598,1,1,1,67,8,6,1,0,81,8,6,1,1,0,8,0,497,248,153,50,31,22,4,68,2,0,11,1,56,55,37,50,2,0,33,6,2,0,0,63,17,3,3,1,0,3,3,249,63,93,29,25,21,2,64,14,1,28,4,60,45,63,58,3,0
2023-09-16,League One,4202869,Port Vale,Northampton Town,0.5392011834319527,0.27884615384615385,0.1819526627218935,1,0,0,61,13,4,0,0,80,7,5,3,6,0,7,6,586,208,258,25,20,19,2,41,10,0,10,1,43,59,32,90,1,0,39,5,1,1,1,72,6,3,4,0,0,2,3,375,173,97,26,18,18,1,69,6,6,22,3,45,41,68,25,0,0
2023-09-16,League One,4202870,Reading,Bolton Wanderers,0.2697560975609756,0.2682926829268293,0.46195121951219514,2,1,0,48,18,7,1,0,70,17,6,8,3,1,9,9,384,134,136,25,35,21,2,43,13,2,28,4,32,43,38,33,6,0,52,10,5,0,0,69,14,4,3,2,0,8,2,412,138,148,37,24,23,3,58,6,3,12,5,46,57,63,83,4,1
2023-09-16,League One,4202871,Shrewsbury Town,Bristol Rovers,0.38687782805429866,0.30995475113122173,0.3031674208144796,0,2,2,36,12,4,0,0,66,14,5,3,5,0,11,1,300,105,93,34,50,29,2,67,18,4,19,2,49,45,50,38,2,0,64,9,4,4,2,76,10,6,0,5,0,8,1,538,272,139,37,36,29,1,60,7,5,13,4,55,55,50,40,3,0
2023-09-16,League One,4202872,Stevenage,Charlton Athletic,0.5067926757235677,0.2752510336680449,0.21795629060838748,1,1,1,44,8,3,1,1,57,10,5,3,2,0,6,2,324,60,125,38,19,26,6,63,10,4,15,0,79,62,49,67,3,0,56,13,1,2,1,70,16,4,7,5,0,9,4,428,127,171,31,36,26,1,50,8,3,22,1,61,38,51,30,3,0
2023-09-16,League One,4202873,Wigan Athletic,Cambridge United,0.5223443223443224,0.28205128205128205,0.1956043956043956,2,1,0,57,6,3,2,2,87,14,3,1,2,1,4,2,539,312,158,39,33,20,2,42,5,7,28,2,45,50,48,56,2,0,43,17,3,1,0,85,10,2,6,8,0,9,8,399,168,170,40,18,17,1,50,6,2,15,1,46,50,52,64,0,0
2023-09-16,League One,4202874,Wycombe Wanderers,Blackpool,0.366375892149088,0.3259318001586043,0.3076923076923077,2,0,0,36,10,4,4,2,64,14,0,5,1,0,6,4,303,99,96,38,50,30,0,56,5,2,33,2,66,48,61,33,4,0,64,11,2,2,2,80,11,5,7,2,0,8,3,525,228,191,29,31,24,2,57,5,1,16,2,56,52,39,42,1,0
2023-09-19,League One,4202889,Barnsley,Portsmouth,0.4517748917748918,0.3974025974025974,0.15082251082251083,2,3,2,50,15,3,3,2,79,13,3,8,4,0,12,3,487,204,180,49,28,26,2,75,4,5,15,3,47,44,47,73,1,0,50,16,6,4,1,80,8,5,5,5,0,13,3,523,244,177,48,45,17,1,57,10,4,26,1,56,56,53,38,1,0
2023-09-19,League One,4202894,Peterborough United,Cheltenham Town,0.49330610392557295,0.3977762650329022,0.10891763104152484,3,0,0,67,25,5,4,2,87,7,15,9,11,1,18,7,526,173,283,78,15,29,2,38,6,0,10,0,43,38,49,40,0,0,33,2,0,0,0,69,7,1,2,0,1,1,1,284,138,58,45,0,21,0,63,6,11,46,2,56,62,51,46,0,2
2023-09-19,League One,4202895,Port Vale,Burton Albion,0.511046871773694,0.3712574850299401,0.11769564319636588,2,3,2,67,19,9,1,0,84,11,7,5,5,1,16,3,572,208,275,55,35,36,4,60,3,1,4,0,52,51,51,47,2,0,33,9,3,3,1,68,12,1,5,1,0,7,2,292,109,91,35,67,15,0,50,9,5,22,7,50,49,49,71,3,0
2023-09-23,League One,4202875,Blackpool,Reading,0.39445628997867804,0.34840085287846484,0.2571428571428571,4,1,0,41,18,6,6,3,69,7,10,5,7,0,15,3,372,121,134,41,43,34,6,58,8,1,11,4,53,53,59,44,0,0,59,5,4,1,1,77,12,3,0,1,0,3,2,562,306,128,25,0,25,3,60,9,6,21,2,42,47,41,64,1,0
2023-09-23,League One,4202876,Bolton Wanderers,Peterborough United,0.5175857577073383,0.3226226660877117,0.15979157620495008,1,1,1,40,8,3,2,1,72,11,8,4,1,1,5,3,283,102,102,53,21,15,0,69,4,8,39,5,48,56,50,50,4,1,60,26,6,3,2,83,15,10,11,9,3,17,9,402,149,183,57,26,25,2,50,9,1,15,2,41,44,50,36,2,0
2023-09-23,League One,4202877,Bristol Rovers,Wigan Athletic,0.35103626943005184,0.32059585492227977,0.3283678756476684,4,1,0,50,15,6,2,0,85,12,3,4,5,0,10,5,409,204,144,53,21,13,1,40,8,3,16,2,45,47,57,50,3,0,50,9,3,1,0,84,15,5,3,3,0,5,4,405,228,114,45,5,16,3,47,5,5,16,2,46,53,43,67,2,0
2023-09-23,League One,4202897,Burton Albion,Fleetwood Town,0.47112211221122113,0.3778877887788779,0.15099009900990099,1,1,1,47,13,2,2,1,76,9,4,9,2,0,7,6,371,158,124,27,27,32,1,63,9,3,16,3,59,54,32,63,2,0,53,13,4,0,0,77,9,5,6,3,0,10,3,422,219,107,36,22,22,0,89,3,2,31,1,69,46,68,71,0,0
2023-09-23,League One,4202898,Cambridge United,Port Vale,0.3627311522048364,0.3150782361308677,0.32219061166429586,1,1,1,50,11,5,3,2,82,9,7,2,4,1,7,4,395,181,143,43,17,26,1,72,4,3,29,1,51,54,37,50,0,0,50,7,2,3,2,80,14,6,1,4,0,6,1,410,174,155,53,22,22,1,58,3,3,32,4,54,46,63,61,4,0
2023-09-23,League One,4202899,Carlisle United,Derby County,0.24010025062656642,0.2912280701754386,0.46867167919799496,0,2,2,55,9,4,0,0,69,8,8,4,1,1,2,7,396,110,165,28,9,32,1,64,6,3,9,0,75,58,47,58,1,0,45,9,2,1,0,63,15,2,4,3,0,7,2,334,101,109,26,27,23,0,48,11,1,25,4,64,42,53,41,1,0
2023-09-23,League One,4202900,Charlton Athletic,Wycombe Wanderers,0.3746355685131195,0.33163265306122447,0.29373177842565595,3,1,0,48,9,6,2,1,69,15,7,2,1,0,8,1,373,101,155,32,14,17,2,64,4,6,34,0,70,46,57,61,3,0,52,12,1,2,2,69,9,6,5,6,1,7,5,391,123,146,43,17,28,5,84,7,1,14,3,69,54,43,56,2,0
2023-09-23,League One,4202901,Cheltenham Town,Stevenage,0.21365638766519823,0.27973568281938327,0.5066079295154186,0,3,2,63,8,2,1,1,78,4,5,4,2,1,5,3,549,279,147,34,20,20,1,63,7,4,25,6,62,60,46,69,1,0,37,20,9,3,1,66,14,4,7,4,0,13,7,314,84,123,37,26,24,0,69,8,2,18,2,52,40,54,59,1,0
2023-09-23,League One,4202902,Leyton Orient,Shrewsbury Town,0.5110921501706485,0.3174061433447099,0.17150170648464164,1,0,0,61,9,1,2,1,71,12,7,5,3,0,7,2,459,193,132,19,17,22,2,70,6,3,19,5,69,58,49,50,4,0,39,12,5,3,3,53,9,7,4,3,0,7,5,287,49,104,41,47,36,1,78,8,3,19,0,62,42,51,45,1,0
2023-09-23,League One,4202903,Northampton Town,Barnsley,0.22656699252443932,0.31224841863139735,0.4611845888441633,1,2,2,54,13,5,3,2,75,10,10,5,3,0,9,4,469,204,147,32,27,27,2,77,9,3,14,2,47,47,40,30,0,0,46,8,4,2,1,74,13,2,1,3,0,3,5,420,170,139,28,27,15,3,67,2,3,36,4,61,53,60,31,4,0
2023-09-23,League One,4202904,Oxford United,Exeter City,0.43777056277056275,0.33170995670995673,0.2305194805194805,3,0,0,37,9,5,3,0,75,11,3,4,0,1,8,1,363,180,94,25,60,17,0,57,12,5,23,4,60,57,49,56,1,0,63,14,5,2,2,85,13,4,5,4,0,6,8,594,318,189,54,10,32,1,69,4,1,6,1,51,43,51,37,1,0
2023-09-23,League One,4202947,Portsmouth,Lincoln City,0.615919629057187,0.2650695517774343,0.11901081916537867,2,1,0,68,11,3,2,1,81,7,3,3,5,0,7,4,678,272,280,50,20,31,1,53,3,0,18,3,53,51,59,53,3,0,32,10,4,1,1,64,11,1,6,0,0,4,6,319,117,88,27,20,25,0,59,9,4,21,1,46,49,41,82,2,0
2023-09-30,League One,4202935,Barnsley,Blackpool,0.5143830431491294,0.31794095382286147,0.16767600302800909,0,1,2,69,13,0,0,0,78,10,5,5,8,0,8,5,646,290,212,50,11,31,1,56,2,1,15,2,69,58,52,42,2,0,31,8,3,1,0,58,14,2,4,1,0,7,1,298,97,76,31,8,28,4,64,6,8,38,0,57,42,48,56,7,0
2023-09-30,League One,4202934,Derby County,Cambridge United,0.5786963434022258,0.30007949125596184,0.1212241653418124,0,0,1,65,13,2,3,3,83,11,9,7,4,1,11,2,555,236,226,46,37,22,4,54,8,1,15,1,53,65,57,73,2,0,35,4,1,0,0,67,12,3,2,1,0,1,3,311,106,101,27,8,22,2,63,5,4,27,2,33,35,43,33,2,0
2023-09-30,League One,4202933,Exeter City,Northampton Town,0.5536075522589345,0.3007417397167903,0.14565070802427513,0,2,2,65,9,2,1,1,72,11,6,2,5,0,6,3,527,199,180,36,24,35,2,48,5,3,14,5,71,58,54,58,1,0,35,11,7,4,2,55,14,2,1,3,0,10,1,291,86,75,28,29,42,5,71,11,4,25,2,55,43,46,43,5,0
2023-09-30,League One,4202932,Fleetwood Town,Leyton Orient,0.29971988795518206,0.35014005602240894,0.35014005602240894,1,0,0,47,14,3,2,1,75,10,6,5,6,0,6,8,404,190,111,43,15,30,2,67,5,4,19,4,58,59,64,56,1,1,53,15,5,0,0,82,10,6,7,3,0,10,5,460,222,153,45,35,25,1,54,12,6,13,2,38,41,36,31,3,1
2023-09-30,League One,4202931,Lincoln City,Cheltenham Town,0.5941626129256428,0.3064628214037526,0.09937456567060458,2,0,0,43,9,3,0,0,75,14,2,4,2,0,7,2,419,185,129,34,33,20,5,67,7,3,16,1,48,56,58,56,4,0,57,11,1,0,0,78,10,5,7,3,0,5,6,558,295,141,41,33,26,2,25,10,2,11,1,37,44,42,38,2,0
2023-09-30,League One,4202930,Peterborough United,Bristol Rovers,0.5104022191400832,0.32524271844660196,0.16435506241331485,2,0,0,51,15,7,3,2,79,9,9,6,2,0,10,5,385,213,90,37,33,19,1,41,11,6,22,1,55,54,56,67,5,0,49,16,2,3,3,76,14,9,9,5,1,7,9,367,142,136,43,25,23,3,65,7,2,11,5,46,46,44,40,2,0
2023-09-30,League One,4202929,Port Vale,Bolton Wanderers,0.3154442456768038,0.27787716159809184,0.40667859272510437,0,1,2,48,16,6,0,0,79,6,8,4,6,0,12,4,379,99,200,44,27,24,0,61,4,2,14,4,51,58,41,75,2,0,52,14,5,2,2,79,14,5,7,2,0,9,5,425,140,194,31,54,14,3,60,6,6,29,6,49,42,59,44,3,0
2023-09-30,League One,4202928,Reading,Burton Albion,0.5299572039942939,0.33737517831669045,0.1326676176890157,0,0,1,64,20,7,1,1,76,8,5,8,5,0,12,8,482,225,140,30,24,33,3,70,2,1,17,1,59,53,56,30,1,0,36,3,1,0,0,56,11,2,1,1,0,1,2,280,85,72,35,20,27,5,64,10,3,24,7,50,47,44,47,4,0
2023-09-30,League One,4202936,Shrewsbury Town,Charlton Athletic,0.28556701030927834,0.3134020618556701,0.40103092783505156,0,0,1,39,15,8,4,4,62,6,7,4,3,0,7,8,270,40,127,42,18,35,1,65,10,6,27,6,57,56,45,44,1,0,61,15,6,0,0,78,9,7,3,6,0,6,9,455,194,159,49,23,31,0,41,11,3,30,8,54,44,55,28,4,0
2023-09-30,League One,4202937,Stevenage,Oxford United,0.36725067385444743,0.32951482479784366,0.3032345013477089,1,3,2,44,11,3,2,1,62,10,9,5,3,0,8,3,336,83,124,35,20,29,4,56,3,4,17,1,66,46,54,50,1,0,56,15,4,4,3,74,9,8,7,4,1,11,4,449,181,151,29,44,25,0,43,7,4,41,1,66,54,46,43,2,0
2023-09-30,League One,4202938,Wigan Athletic,Portsmouth,0.2352092352092352,0.26695526695526695,0.49783549783549785,1,2,2,48,6,1,0,0,79,16,1,2,3,0,5,1,442,224,125,30,18,20,2,82,5,6,21,3,40,48,26,30,3,1,52,17,5,3,2,81,16,9,5,7,0,9,8,472,206,175,40,17,26,1,62,8,3,18,0,61,52,74,38,2,0
2023-09-30,League One,4202946,Wycombe Wanderers,Carlisle United,0.49082202713487627,0.3272146847565842,0.1819632881085395,2,0,0,61,19,6,2,1,77,12,8,9,4,1,14,5,470,163,198,41,35,23,1,63,6,6,15,0,61,50,53,50,2,0,39,12,1,0,0,64,10,2,6,5,1,8,4,312,90,109,30,18,23,2,50,6,4,17,4,57,50,47,33,2,1
2023-10-03,League One,4202945,Blackpool,Derby County,0.35813366960907944,0.40290037831021436,0.23896595208070617,1,3,2,64,10,4,1,1,79,6,9,2,4,1,6,4,584,267,193,43,21,34,0,62,5,2,14,1,56,51,50,50,1,0,36,9,5,5,2,69,11,3,3,1,0,8,1,331,137,91,44,33,9,3,82,11,5,31,2,55,49,50,45,1,0
2023-10-03,League One,4202944,Bolton Wanderers,Stevenage,0.48255416191562145,0.3892816419612315,0.12816419612314708,3,2,0,57,9,4,2,0,76,13,4,2,3,0,8,1,451,235,108,33,44,26,2,69,5,3,38,1,57,46,42,31,3,0,43,11,3,3,1,67,13,5,5,3,1,6,5,318,67,146,49,23,25,4,69,9,3,6,1,72,54,58,67,3,0
2023-10-03,League One,4202943,Bristol Rovers,Port Vale,0.3803358992302309,0.43002099370188945,0.18964310706787962,3,0,0,59,10,7,2,0,85,11,8,2,1,0,6,4,508,230,203,58,33,23,3,45,12,2,27,2,47,55,53,57,1,0,41,5,2,0,0,76,13,3,1,2,0,5,0,353,127,140,50,38,28,4,88,9,1,11,4,40,45,47,30,1,1
2023-10-03,League One,4202942,Burton Albion,Wigan Athletic,0.31108004194337646,0.4550856343935687,0.23383432366305487,2,1,0,50,17,5,1,0,73,14,2,9,3,0,9,8,383,167,113,43,31,29,0,43,6,6,14,0,58,59,46,80,2,1,50,12,1,0,0,74,16,4,4,7,0,10,2,380,178,104,28,23,25,1,50,6,3,21,3,49,41,54,71,3,0
2023-10-03,League One,4202941,Cambridge United,Barnsley,0.23691376701966718,0.4087745839636914,0.3543116490166415,0,4,2,47,17,8,1,1,81,7,6,2,7,0,11,6,494,258,144,52,25,14,1,71,9,2,11,3,57,55,57,47,2,0,53,12,7,2,1,83,12,6,3,2,0,6,6,564,296,174,37,6,28,1,53,5,6,23,8,45,45,43,75,2,0
2023-10-03,League One,4202940,Carlisle United,Peterborough United,0.22814350400557298,0.3834900731452456,0.3883664228491815,1,1,1,40,8,1,0,0,75,8,3,4,3,0,3,5,357,130,136,45,14,25,3,45,7,7,28,5,57,49,62,42,2,0,60,15,6,2,1,87,14,8,2,7,0,9,6,533,275,191,58,6,19,2,59,11,3,13,0,52,51,38,57,1,0
2023-10-03,League One,4202939,Charlton Athletic,Exeter City,0.42235813795446825,0.40468909276248727,0.1729527692830445,4,1,0,56,21,10,4,1,84,12,9,8,3,2,15,6,529,232,212,54,25,23,3,79,9,2,5,2,52,53,43,67,1,0,44,12,3,1,0,79,10,5,7,2,0,6,6,417,239,92,40,43,20,0,71,10,3,26,6,52,47,57,29,0,1
2023-10-03,League One,4202927,Cheltenham Town,Fleetwood Town,0.2939221272554606,0.4325735992402659,0.27350427350427353,0,2,2,44,8,2,0,0,62,16,0,2,4,1,5,3,362,111,112,32,31,29,1,56,11,5,20,3,74,51,46,64,2,1,56,20,5,5,4,73,11,3,10,5,0,15,5,458,167,167,47,31,43,4,71,11,4,16,2,77,49,54,52,5,0
2023-10-03,League One,4202925,Northampton Town,Reading,0.32887189292543023,0.43135755258126196,0.23977055449330784,3,1,0,42,12,5,2,1,56,5,4,5,2,0,11,1,355,79,121,21,19,32,2,46,14,2,26,3,68,64,62,70,1,0,58,6,4,0,0,65,14,1,0,2,0,4,2,483,176,140,29,26,46,1,67,5,2,21,2,39,36,38,48,3,1
2023-10-03,League One,4202913,Oxford United,Shrewsbury Town,0.5576725025746653,0.3403707518022657,0.101956745623069,3,0,0,70,14,5,3,1,87,12,4,4,5,0,6,8,707,354,261,52,42,23,0,62,5,0,22,1,51,47,51,31,3,0,30,4,1,0,0,67,12,4,3,0,0,2,2,280,80,107,37,23,30,0,63,14,5,17,2,54,53,49,33,0,1
2023-10-03,League One,4202912,Portsmouth,Wycombe Wanderers,0.5432692307692307,0.3498168498168498,0.10691391941391941,2,1,0,67,10,3,3,1,77,8,14,6,1,0,6,4,510,179,212,43,19,32,1,44,5,1,22,0,61,57,49,56,2,0,33,7,1,1,0,53,13,2,5,1,0,6,1,262,71,69,34,27,22,2,36,6,1,43,1,54,43,51,17,4,0
2023-10-07,League One,4202915,Oxford United,Bristol Rovers,0.5476995940460081,0.31630581867388363,0.13599458728010824,2,1,0,44,17,6,2,1,77,12,8,5,6,0,14,3,402,190,119,35,31,18,5,44,11,1,27,6,53,44,62,27,2,2,56,15,7,1,1,79,11,3,7,1,0,10,5,521,222,190,48,28,24,3,69,9,6,18,4,53,56,38,63,3,1
2023-10-07,League One,4202911,Bolton Wanderers,Carlisle United,0.6068121693121693,0.2744708994708995,0.11871693121693122,1,3,2,68,12,3,1,1,83,11,7,5,4,0,9,3,531,153,287,50,15,23,0,60,6,3,15,5,44,44,40,33,3,0,32,15,8,4,2,66,9,7,4,3,0,7,8,238,64,92,48,16,16,4,67,14,4,19,3,59,56,60,56,3,0
2023-10-07,League One,4202909,Charlton Athletic,Blackpool,0.44807121661721067,0.32462908011869435,0.22729970326409496,2,2,1,57,18,5,1,0,84,5,5,9,4,0,11,7,565,241,233,50,26,21,1,55,3,3,14,2,58,52,58,75,2,0,43,10,4,3,1,79,6,3,3,3,1,7,3,421,170,162,32,20,13,0,65,16,4,27,3,49,48,42,67,3,0
2023-10-07,League One,4202908,Cheltenham Town,Derby County,0.1698187549251379,0.2698975571315997,0.5602836879432624,1,1,1,38,7,2,2,1,60,17,1,5,0,0,5,2,307,105,80,33,40,32,1,90,8,6,27,6,45,36,48,42,1,0,62,18,8,3,2,75,8,8,5,5,0,16,2,485,190,172,44,27,31,0,68,15,0,10,1,65,64,52,43,0,0
2023-10-07,League One,4202907,Exeter City,Barnsley,0.28405931417979613,0.31742354031510656,0.3985171455050973,0,1,2,54,13,1,0,0,79,6,6,5,7,2,6,7,449,233,122,47,33,30,2,77,14,5,13,2,56,54,51,43,2,0,46,14,3,2,2,74,14,6,6,5,0,11,3,379,172,108,32,35,30,1,84,9,7,21,1,49,46,49,55,2,0
2023-10-07,League One,4202906,Fleetwood Town,Wycombe Wanderers,0.33419689119170987,0.34024179620034545,0.32556131260794474,1,4,2,61,9,4,4,3,79,14,5,3,2,0,7,2,570,274,175,49,31,29,1,44,3,2,24,8,54,41,57,41,2,1,39,18,12,5,3,68,5,3,4,2,0,11,7,351,121,119,35,19,25,2,65,14,2,24,3,62,59,43,50,2,0
2023-10-07,League One,4202914,Leyton Orient,Reading,0.42720437457279564,0.32057416267942584,0.2522214627477785,2,1,0,70,18,4,3,2,78,6,11,7,7,2,15,3,459,170,189,52,25,30,5,86,7,2,25,4,40,47,52,29,3,0,30,10,5,3,2,48,9,7,3,2,1,6,4,189,30,60,23,31,24,1,70,13,7,36,2,40,53,48,38,2,0
2023-10-07,League One,4202916,Peterborough United,Lincoln City,0.537117903930131,0.3133187772925764,0.14956331877729256,2,0,0,62,13,5,1,1,79,10,6,4,4,1,10,3,513,267,139,54,8,29,2,81,9,6,18,0,48,57,44,45,1,0,38,12,0,2,2,65,8,4,6,6,1,8,4,312,106,98,32,38,26,2,64,10,4,16,3,44,43,56,36,2,0
2023-10-07,League One,4202924,Portsmouth,Port Vale,0.6271186440677966,0.2680084745762712,0.1048728813559322,2,0,0,51,13,4,6,4,74,8,6,6,3,0,11,2,385,166,119,45,25,25,2,73,4,3,18,3,59,47,67,75,1,0,49,14,3,2,2,72,14,6,8,3,1,9,5,364,109,154,31,20,28,1,76,5,3,17,1,46,53,33,63,3,0
2023-10-07,League One,4202923,Shrewsbury Town,Northampton Town,0.3283712784588441,0.3222416812609457,0.34938704028021017,1,0,0,38,13,2,1,0,57,9,3,3,8,0,7,6,269,76,76,23,25,18,5,69,7,9,22,2,58,50,54,33,1,0,62,17,2,2,2,69,13,10,6,9,1,11,6,423,146,144,33,23,41,3,54,4,6,6,1,54,50,46,70,3,0
2023-10-07,League One,4202922,Stevenage,Wigan Athletic,0.4994493392070485,0.30671806167400884,0.19383259911894274,1,0,0,48,13,5,3,2,64,18,8,7,1,1,10,3,325,59,150,47,29,23,2,56,5,5,21,2,78,59,59,60,3,1,52,10,2,0,0,65,18,3,3,5,0,4,6,350,126,101,19,16,23,0,100,12,1,38,4,54,41,41,50,9,1
2023-10-09,League One,4202910,Burton Albion,Cambridge United,0.46425476603119586,0.3052426343154246,0.23050259965337955,2,1,0,36,11,3,3,1,71,12,7,6,2,0,9,2,312,102,120,41,23,16,1,73,10,3,29,1,55,58,53,58,2,0,64,10,2,2,1,84,5,7,5,3,0,5,5,578,298,185,36,20,37,0,63,2,2,15,1,44,42,48,24,0,0
2023-10-14,League One,4202920,Blackpool,Stevenage,0.4766985721010513,0.3707829907421936,0.15251843715675506,3,0,0,54,14,3,1,0,74,9,6,5,6,1,10,4,461,183,160,29,31,26,0,63,5,4,31,4,56,46,51,38,1,0,46,7,3,0,0,68,7,7,0,4,0,2,5,389,122,143,37,10,23,5,71,11,5,18,0,59,54,49,27,3,0
2023-10-14,League One,4202918,Cambridge United,Shrewsbury Town,0.4494607474291447,0.40105342362678703,0.14948582894406823,1,1,1,54,10,1,2,1,72,11,4,5,4,1,5,5,391,166,115,27,20,31,1,84,4,5,22,1,51,55,45,50,2,0,46,14,2,0,0,68,10,5,6,6,0,10,4,328,126,98,36,22,25,4,77,9,4,17,0,49,45,55,25,1,0
2023-10-14,League One,4202917,Carlisle United,Leyton Orient,0.3668098818474758,0.3958109559613319,0.23737916219119226,0,1,2,59,10,1,0,0,76,6,9,4,5,1,5,5,441,157,178,31,28,27,1,42,14,1,16,4,64,57,60,58,0,0,41,12,5,3,2,66,18,3,6,1,1,8,4,315,116,92,32,50,22,1,75,13,5,28,1,45,43,40,62,3,0
2023-10-14,League One,4202993,Lincoln City,Burton Albion,0.42202418841502226,0.39422872904731593,0.18374708253766178,0,1,2,58,10,3,0,0,82,8,4,3,4,0,2,8,488,245,154,45,7,34,5,65,4,0,12,1,49,44,50,33,1,1,42,7,1,1,1,73,9,4,6,0,0,3,4,342,150,99,41,31,16,0,57,2,4,27,3,57,56,50,44,4,0
2023-10-21,League One,4202975,Bolton Wanderers,Northampton Town,0.6012564671101256,0.27974870657797485,0.11899482631189948,2,1,0,57,15,6,4,2,81,14,6,5,4,1,12,3,569,309,152,36,29,26,2,67,12,2,17,3,42,52,52,69,0,0,43,9,4,0,0,72,11,2,2,3,0,4,5,418,185,118,28,15,19,0,70,11,4,16,4,39,48,48,50,1,0
2023-10-21,League One,4202974,Burton Albion,Bristol Rovers,0.4638888888888889,0.32222222222222224,0.21388888888888888,4,1,0,35,9,4,2,0,74,15,4,2,3,1,4,5,297,125,96,45,17,21,4,67,5,3,14,2,43,54,43,71,3,0,65,12,3,2,1,85,8,5,6,3,0,6,6,574,321,169,53,18,19,2,57,3,2,11,0,44,46,57,67,1,1
2023-10-21,League One,4202973,Charlton Athletic,Reading,0.527244421380384,0.2672548002075765,0.20550077841203945,4,0,0,44,16,8,2,0,75,7,6,5,3,0,11,5,366,138,137,46,25,26,1,75,9,6,20,5,52,56,52,50,0,0,56,15,5,1,1,81,10,11,4,6,0,9,6,459,207,165,45,15,18,4,92,13,2,17,4,43,44,48,44,0,0
2023-10-21,League One,4202972,Cheltenham Town,Cambridge United,0.31282952548330406,0.2820738137082601,0.40509666080843587,1,0,0,49,20,7,0,0,57,14,4,5,8,0,15,5,332,81,108,31,26,30,3,86,21,5,19,3,65,52,44,50,4,0,51,12,3,0,0,61,13,3,4,5,0,7,5,342,107,100,29,29,44,2,64,4,8,32,6,71,48,56,43,1,0
2023-10-21,League One,4202981,Exeter City,Wigan Athletic,0.4530812324929972,0.311624649859944,0.23529411764705882,0,2,2,72,29,4,1,1,86,10,17,14,11,2,20,9,582,267,233,48,23,35,1,69,2,3,5,0,51,50,47,47,4,0,28,6,2,1,0,67,16,1,1,3,0,4,2,234,102,54,23,40,17,0,75,7,11,38,3,53,50,53,54,3,0
2023-10-21,League One,4202982,Fleetwood Town,Lincoln City,0.34966378482228627,0.33045148895292986,0.31988472622478387,0,1,2,57,13,4,0,0,81,14,8,5,4,0,7,6,505,223,184,42,23,23,0,53,4,5,13,2,56,51,58,50,3,1,43,11,3,1,0,77,13,5,3,5,0,8,3,390,154,147,42,8,13,0,64,6,4,23,4,51,49,42,36,4,0
2023-10-21,League One,4202983,Leyton Orient,Barnsley,0.24891067538126363,0.2696078431372549,0.48148148148148145,1,1,1,50,13,4,1,0,77,6,5,6,3,0,10,3,476,180,188,36,39,23,1,85,5,3,23,1,37,52,45,75,0,0,50,6,2,0,0,78,7,4,1,3,0,3,3,488,210,173,45,13,24,2,63,3,2,26,3,38,48,55,46,0,1
2023-10-21,League One,4202992,Oxford United,Blackpool,0.5347896440129449,0.2916666666666667,0.17354368932038836,1,1,1,50,4,2,2,1,79,8,1,2,0,0,3,1,509,265,135,33,33,24,2,64,4,1,21,2,57,50,54,43,0,0,50,9,3,4,3,79,15,1,5,1,0,7,2,492,220,170,41,19,25,1,56,3,0,12,1,53,50,46,42,5,0
2023-10-21,League One,4202991,Peterborough United,Wycombe Wanderers,0.5253807106598984,0.31408629441624364,0.16053299492385786,2,2,1,61,9,7,0,0,80,5,9,2,0,0,3,6,499,265,132,51,5,26,3,57,11,4,19,6,42,45,63,38,1,0,39,12,8,3,2,64,6,8,1,3,0,8,4,309,107,90,31,10,21,1,75,16,0,23,5,39,55,38,20,0,0
2023-10-21,League One,4202990,Portsmouth,Carlisle United,0.64998274076631,0.24508111839834312,0.10493614083534691,1,0,0,65,18,9,5,4,78,8,6,6,3,0,10,8,477,186,186,51,36,30,1,53,11,5,9,2,71,49,58,35,1,0,35,14,3,0,0,59,16,3,7,4,1,7,7,265,53,103,29,20,19,0,58,22,3,22,7,65,51,42,50,3,0
2023-10-21,League One,4202989,Shrewsbury Town,Derby County,0.20384204909284953,0.28441835645677693,0.5117395944503735,1,0,0,37,16,7,1,1,58,9,9,5,4,0,11,5,248,50,95,28,4,23,0,78,8,2,41,6,73,65,44,80,1,0,63,11,6,0,0,73,12,8,3,2,0,8,3,439,159,161,33,16,28,4,75,9,3,33,7,62,35,56,46,2,0
2023-10-21,League One,4202988,Stevenage,Port Vale,0.5025125628140703,0.3137114142139268,0.18377602297200288,0,0,1,40,12,2,1,1,61,10,6,8,2,0,10,2,275,60,109,41,25,26,5,58,6,2,12,3,53,50,57,60,3,0,60,8,3,0,0,74,8,7,3,2,0,7,1,440,157,167,37,29,26,0,67,5,2,25,2,47,50,43,41,3,0
2023-10-24,League One,4202987,Barnsley,Shrewsbury Town,0.5243105372230192,0.38179499442053244,0.09389446835644827,3,0,0,60,12,3,3,0,82,8,3,5,4,0,10,2,557,302,156,41,15,21,1,62,7,4,22,1,41,48,35,46,1,0,40,13,2,1,1,71,9,7,8,3,0,8,5,370,121,140,49,21,32,2,59,4,3,10,0,56,52,65,50,2,0
2023-10-24,League One,4202986,Blackpool,Cheltenham Town,0.5286195286195287,0.3763561541339319,0.09502431724653947,3,2,0,54,15,6,2,1,73,16,2,7,2,1,11,4,453,191,141,40,45,22,2,78,10,2,22,1,83,42,61,39,0,0,46,9,3,2,0,64,16,4,4,2,0,5,4,378,122,120,33,27,36,5,54,6,2,7,3,78,58,39,50,2,0
2023-10-24,League One,4202985,Bristol Rovers,Stevenage,0.3576260762607626,0.43142681426814267,0.2109471094710947,1,1,1,57,18,2,1,1,69,16,4,8,8,0,10,8,358,137,111,46,44,24,1,57,8,3,15,3,55,48,49,33,6,0,43,11,4,3,2,60,22,4,4,3,1,9,2,270,66,97,37,20,23,6,85,7,7,9,1,58,52,51,50,4,0
2023-10-24,League One,4202984,Cambridge United,Portsmouth,0.18510877719429858,0.34152288072018006,0.47336834208552137,0,0,1,38,5,1,1,1,68,11,4,3,1,0,3,2,340,107,125,39,11,37,2,70,5,9,20,2,55,47,39,33,1,0,62,18,3,2,2,81,10,7,7,8,0,8,10,554,253,194,53,17,28,1,74,12,1,19,1,69,53,61,44,4,0
2023-10-24,League One,4202971,Carlisle United,Burton Albion,0.30270763614237906,0.39793124429571036,0.2993611195619106,2,1,0,64,16,7,4,2,83,7,7,5,4,0,9,7,549,173,283,65,12,31,0,67,5,1,11,1,52,43,63,55,1,0,36,6,2,0,0,68,10,2,3,1,0,3,3,313,138,75,26,14,13,2,67,9,5,28,4,49,57,37,67,3,0
2023-10-24,League One,4202970,Derby County,Exeter City,0.49683190458442045,0.39396198285501305,0.10920611256056653,2,0,0,51,26,8,1,0,78,9,4,11,7,0,12,14,412,154,169,51,24,36,3,59,9,1,15,0,49,56,32,52,2,0,49,3,0,0,0,77,11,3,2,1,0,1,2,414,201,117,36,7,17,1,53,12,6,28,6,50,44,68,30,1,0
2023-10-24,League One,4202957,Lincoln City,Charlton Athletic,0.3077858880778589,0.4343065693430657,0.25790754257907544,3,1,0,45,23,9,6,3,75,8,6,6,8,0,13,10,400,126,173,28,18,21,3,61,6,6,24,3,51,52,47,56,0,0,55,13,4,1,0,78,6,5,3,6,0,7,6,499,204,187,51,22,32,0,63,5,7,26,6,50,48,53,52,0,0
2023-10-24,League One,4202956,Northampton Town,Leyton Orient,0.364794902429311,0.4547988849064118,0.18040621266427717,2,2,1,38,7,4,1,0,68,6,5,1,2,0,4,3,327,118,105,33,25,28,1,43,4,4,31,5,42,45,58,33,1,1,62,20,7,3,2,80,10,6,9,4,0,14,6,531,218,206,38,32,17,1,60,4,2,22,2,40,55,42,67,3,0
2023-10-24,League One,4202955,Port Vale,Peterborough United,0.24314868804664724,0.4119533527696793,0.3448979591836735,0,1,2,54,16,5,0,0,79,7,5,7,4,0,6,10,490,163,226,45,27,27,2,63,9,1,8,4,47,55,52,25,1,0,46,10,5,3,2,77,10,5,4,1,0,6,4,413,210,108,44,21,24,2,67,9,4,24,4,40,45,48,25,5,0
2023-10-24,League One,4202954,Wigan Athletic,Oxford United,0.26188436830835116,0.37751605995717347,0.3605995717344754,2,0,0,34,9,6,0,0,78,13,6,2,1,1,8,1,377,218,76,37,63,13,0,89,12,3,23,6,41,49,57,67,3,0,66,11,6,0,0,87,9,9,2,3,0,1,10,718,377,251,61,5,29,0,73,6,1,3,4,39,51,43,38,2,0
2023-10-24,League One,4202953,Wycombe Wanderers,Bolton Wanderers,0.30453955901426716,0.4051880674448768,0.29027237354085605,2,4,2,48,12,6,1,0,70,9,1,2,4,0,8,4,399,130,148,36,26,34,4,55,12,2,16,0,51,54,52,75,3,0,52,8,4,3,0,70,13,3,2,2,0,3,5,434,188,115,25,15,22,1,78,6,4,25,4,45,46,48,64,1,0
2023-10-24,League One,4202952,Reading,Fleetwood Town,0.44330708661417323,0.43700787401574803,0.11968503937007874,1,2,2,55,18,5,2,1,75,12,9,4,9,2,11,7,436,162,166,46,12,20,1,85,6,4,27,4,51,46,47,54,1,0,45,17,6,3,2,71,3,11,6,5,1,11,6,356,138,114,37,18,27,6,71,8,9,33,4,59,54,53,40,2,0
2023-10-28,League One,4202951,Barnsley,Fleetwood Town,0.6067518248175182,0.3102189781021898,0.08302919708029197,2,2,1,65,26,8,5,3,86,11,7,12,6,1,14,12,543,247,218,54,13,28,5,79,1,2,5,1,40,51,26,38,2,0,35,7,3,1,0,69,13,3,2,2,0,3,4,295,126,77,39,20,21,2,76,11,6,36,6,56,49,74,22,2,0
2023-10-28,League One,4202950,Blackpool,Peterborough United,0.46577746577746576,0.3552123552123552,0.17901017901017902,2,4,2,46,12,5,3,1,75,12,2,5,2,1,10,2,441,205,124,29,35,40,1,65,10,5,12,1,56,53,54,30,2,1,54,12,5,4,1,83,12,6,2,5,0,6,6,521,297,134,46,6,20,1,57,9,2,19,3,49,47,46,29,3,0
2023-10-28,League One,4202949,Bristol Rovers,Northampton Town,0.4665461121157324,0.34960819770946355,0.1838456901748041,2,1,0,42,12,6,3,2,76,10,2,4,2,0,8,4,407,184,124,44,30,20,2,60,16,4,16,4,50,53,58,45,3,0,58,12,5,2,2,81,11,3,2,5,0,8,4,550,271,177,37,22,22,2,62,8,1,8,4,42,47,42,36,1,0
2023-10-28,League One,4202958,Burton Albion,Leyton Orient,0.45495495495495497,0.36261261261261263,0.18243243243243243,0,0,1,53,16,3,2,2,75,5,3,5,8,0,11,5,401,191,108,31,36,35,0,75,8,3,14,4,46,49,46,0,1,0,47,12,4,1,1,78,10,4,5,3,0,4,8,361,162,119,56,36,31,4,54,5,8,22,3,52,51,54,50,1,0
2023-10-28,League One,4202959,Cambridge United,Carlisle United,0.40423921271763813,0.35276305828917487,0.24299772899318697,1,0,0,56,14,3,1,0,63,7,7,7,4,0,11,3,390,107,138,31,29,28,2,50,5,5,17,0,75,66,51,67,2,0,44,8,0,0,0,61,13,6,3,5,0,6,2,306,102,85,40,13,23,4,62,11,4,20,2,54,34,49,17,0,2
2023-10-28,League One,4202960,Charlton Athletic,Bolton Wanderers,0.29504950495049503,0.31287128712871287,0.3920792079207921,0,2,2,56,12,1,2,2,80,8,9,4,7,0,7,5,490,189,204,51,25,37,3,83,7,2,23,3,40,46,47,52,1,0,44,12,5,1,1,76,10,3,5,2,0,7,5,379,143,145,36,12,24,3,65,10,7,29,1,46,54,53,75,1,0
2023-10-28,League One,4202969,Exeter City,Lincoln City,0.3643699565487275,0.3054003724394786,0.3302296710117939,1,1,1,56,16,5,5,4,72,10,7,8,3,0,12,4,412,181,115,19,36,32,3,80,14,3,31,2,49,43,63,27,4,0,44,11,3,2,1,61,12,9,5,3,1,6,5,327,87,112,20,25,30,1,68,9,2,22,4,49,57,37,63,4,0
2023-10-28,League One,4202968,Oxford United,Wycombe Wanderers,0.5477386934673367,0.3094041636755205,0.14285714285714285,2,2,1,55,16,5,5,3,76,10,7,10,1,0,14,2,446,186,154,26,39,29,1,63,5,0,24,2,66,50,63,38,3,0,45,7,4,2,0,67,11,5,3,0,0,5,2,358,102,138,22,13,27,3,75,12,1,11,3,52,50,37,33,5,0
2023-10-28,League One,4202967,Port Vale,Cheltenham Town,0.5399002493765586,0.3248129675810474,0.13528678304239403,1,2,2,68,17,5,1,0,73,12,11,6,6,0,8,9,415,148,157,28,30,37,1,43,5,1,21,1,69,52,49,47,2,0,32,9,3,1,1,44,19,7,5,1,1,8,1,198,28,59,25,18,21,0,62,7,5,39,4,69,48,51,33,4,0
2023-10-28,League One,4202966,Reading,Portsmouth,0.21169125993189558,0.268161180476731,0.5201475595913735,2,3,2,39,12,5,1,1,66,14,6,4,3,0,7,5,314,130,76,36,8,25,3,53,5,4,28,6,69,49,54,58,4,1,61,19,9,3,1,78,8,9,6,4,0,14,5,493,178,205,41,36,25,1,59,5,3,20,3,65,51,46,36,2,0
2023-10-28,League One,4202965,Stevenage,Derby County,0.27156276686592656,0.3304867634500427,0.39795046968403075,3,1,0,38,11,6,3,2,50,11,3,2,3,0,8,3,266,54,78,27,40,24,1,55,7,4,35,2,64,57,57,82,2,0,62,13,3,0,0,69,14,7,6,4,0,10,3,431,141,157,29,9,29,2,88,3,3,14,3,48,43,43,70,2,0
2023-10-28,League One,4202964,Wigan Athletic,Shrewsbury Town,0.5359116022099447,0.3259668508287293,0.13812154696132597,2,0,0,58,20,7,4,3,91,9,3,7,6,1,9,11,576,247,276,60,25,24,2,57,3,4,12,0,33,47,46,64,1,0,42,6,0,0,0,83,7,1,2,4,0,2,4,431,207,152,51,14,22,0,71,5,6,22,5,38,53,54,38,1,1
2023-10-31,League One,4202890,Derby County,Northampton Town,0.580672888015717,0.31213163064833005,0.10719548133595284,4,0,0,65,15,5,5,1,87,4,7,7,3,0,15,0,663,348,232,61,32,21,2,71,9,2,8,2,40,58,53,80,1,0,35,4,2,1,1,74,9,2,0,2,0,2,2,363,163,106,32,11,22,1,43,12,3,28,1,32,42,47,83,2,0
2023-10-31,League One,4202893,Lincoln City,Oxford United,0.3271896660365469,0.34782608695652173,0.3249842470069313,0,2,2,50,8,3,0,0,73,6,6,1,4,0,2,6,477,232,117,27,11,28,1,73,6,6,20,7,44,53,54,67,0,0,50,17,8,1,0,79,8,9,3,6,0,8,9,487,259,125,33,29,23,2,64,7,4,25,3,38,47,46,42,2,0
2023-10-31,League One,4202861,Wigan Athletic,Charlton Athletic,0.4986119679210364,0.3391425046267736,0.16224552745219,2,3,2,54,13,5,0,0,82,10,3,5,3,2,7,6,516,268,157,36,33,19,0,75,14,2,16,4,67,48,71,42,2,0,46,16,7,2,1,79,9,4,7,2,1,10,6,458,204,159,39,14,23,2,40,10,3,9,3,52,52,29,68,1,0
2023-10-31,League One,4202862,Wycombe Wanderers,Cambridge United,0.5194849785407726,0.34386266094420603,0.13665236051502147,0,0,1,58,12,4,1,1,75,12,8,6,2,0,9,3,476,196,161,44,32,26,3,56,2,1,23,1,79,45,72,50,2,0,42,8,1,1,1,62,12,1,6,1,1,7,1,332,95,112,20,16,26,1,69,3,2,20,4,54,55,28,75,3,0
2023-11-01,League One,4202892,Fleetwood Town,Blackpool,0.2201697453819271,0.31852221667498753,0.4613080379430854,3,3,1,36,14,8,2,1,69,15,2,3,3,0,8,6,325,137,87,45,38,27,0,69,10,19,38,4,46,38,57,29,2,0,64,33,8,1,1,81,7,8,7,18,1,19,14,572,246,219,46,32,37,0,75,6,3,14,5,56,62,43,53,3,0
2023-11-07,League One,4202879,Shrewsbury Town,Bolton Wanderers,0.19988610478359908,0.3490888382687927,0.4510250569476082,0,2,2,39,6,2,0,0,65,9,5,2,2,0,4,2,295,95,97,42,10,23,3,61,17,5,9,0,52,50,58,45,0,0,61,10,2,1,1,78,13,1,3,5,0,6,4,482,224,150,36,0,20,1,53,6,2,19,2,47,50,42,44,0,0
2023-11-07,League One,4202977,Wigan Athletic,Peterborough United,0.2941911305434104,0.377420362273579,0.3283885071830106,2,1,0,40,13,3,1,0,86,15,2,6,4,2,6,7,385,222,111,49,10,13,0,79,15,7,30,5,45,47,56,68,3,0,60,23,7,0,0,91,10,6,7,9,0,14,9,565,223,293,76,15,20,1,71,6,4,10,1,47,53,44,64,2,0
2023-11-07,League One,4202896,Reading,Bristol Rovers,0.37290322580645163,0.3790322580645161,0.24806451612903227,1,1,1,48,6,5,1,1,74,16,0,1,0,0,2,4,426,188,128,32,18,23,1,79,14,2,13,4,58,53,51,50,3,0,52,11,5,1,0,77,9,4,4,2,0,6,5,459,235,120,58,14,28,3,64,9,0,13,4,53,47,49,43,1,0
2023-11-11,League One,4202998,Peterborough United,Cambridge United,0.5424766018718502,0.3102951763858891,0.1472282217422606,5,0,0,69,13,7,2,0,89,9,4,4,2,0,8,5,765,443,239,63,7,22,0,43,14,2,22,3,28,37,53,44,0,0,31,7,3,0,0,70,7,5,2,2,0,5,2,327,121,107,26,13,25,1,59,10,2,13,3,40,63,47,75,0,0
2023-11-11,League One,4202963,Bolton Wanderers,Blackpool,0.5750591016548463,0.27570921985815605,0.14923167848699764,1,0,0,51,15,5,1,1,80,14,6,7,3,1,6,9,440,174,179,28,21,15,1,48,3,4,23,0,48,58,35,80,5,0,49,11,0,1,1,79,11,4,7,4,1,9,2,420,194,136,52,33,20,0,50,12,3,13,4,48,42,65,36,1,0
2023-11-11,League One,4202962,Carlisle United,Bristol Rovers,0.37230081906180196,0.2889054355919583,0.33879374534623974,0,1,2,55,15,5,0,0,71,11,10,4,6,0,6,9,419,138,161,40,21,26,0,75,6,1,14,2,69,49,58,35,4,0,45,6,2,1,1,67,15,0,3,1,0,6,0,355,104,135,36,11,32,4,65,13,6,42,5,61,51,42,44,3,1
2023-11-11,League One,4202961,Cheltenham Town,Wigan Athletic,0.22063208109719737,0.2975551580202743,0.48181276088252833,1,1,1,47,19,6,2,1,55,15,6,7,6,1,12,7,312,39,134,27,26,24,2,85,7,1,12,1,77,57,46,56,2,0,53,5,1,1,1,68,12,1,3,1,1,4,1,376,175,79,27,11,37,0,71,9,5,36,5,72,43,54,52,3,0
2023-11-11,League One,4202948,Derby County,Barnsley,0.4593437945791726,0.32703281027104136,0.213623395149786,3,0,0,46,14,7,5,2,66,13,7,5,2,1,11,3,311,93,111,45,20,27,2,79,6,1,26,1,66,57,56,75,2,0,54,9,1,0,0,68,14,8,7,1,0,4,5,368,150,102,29,10,23,1,42,8,2,19,4,51,43,44,63,1,0
2023-11-11,League One,4202994,Fleetwood Town,Exeter City,0.4554385964912281,0.3256140350877193,0.21894736842105264,3,0,0,44,20,12,7,5,73,8,9,4,4,0,12,8,322,122,114,43,21,25,0,68,4,1,20,7,69,63,48,70,2,0,56,11,7,3,3,80,19,5,3,1,0,7,4,428,200,143,38,19,25,1,69,14,4,29,9,48,37,52,38,2,0
2023-11-11,League One,4202995,Leyton Orient,Oxford United,0.253514526710403,0.29475164011246485,0.45173383317713217,2,3,2,52,10,1,2,1,59,7,4,8,1,1,7,3,388,121,109,38,29,29,0,86,6,2,21,4,55,65,48,67,2,0,48,13,7,6,4,63,8,4,4,2,3,10,3,371,156,77,30,27,33,5,50,6,1,27,0,47,35,52,28,2,0
2023-11-11,League One,4202996,Lincoln City,Port Vale,0.4918265813788202,0.3447050461975835,0.1634683724235963,1,1,1,56,15,3,2,1,83,5,9,9,3,0,9,6,494,199,210,47,10,22,5,58,4,0,11,3,39,54,38,46,0,1,44,6,4,2,1,73,5,1,2,0,1,5,1,398,170,121,42,20,19,1,69,2,2,34,2,41,46,62,40,1,1
2023-11-11,League One,4202997,Northampton Town,Burton Albion,0.4053333333333333,0.3377777777777778,0.2568888888888889,2,0,0,49,19,6,2,2,66,8,5,6,7,0,9,10,347,121,108,26,24,30,1,63,12,2,30,3,61,61,53,57,0,0,51,12,3,1,1,65,13,7,6,3,0,5,7,352,142,88,27,15,26,5,50,6,7,22,4,47,39,47,44,2,0
2023-11-11,League One,4203018,Portsmouth,Charlton Athletic,0.5814173228346456,0.2699212598425197,0.14866141732283464,2,2,1,56,21,9,4,3,75,10,10,5,7,1,14,7,425,149,171,45,23,25,2,46,13,1,25,5,55,53,38,57,0,0,44,13,7,0,0,64,15,3,5,1,0,9,4,347,121,100,33,22,23,3,60,6,7,24,7,63,47,62,55,5,0
2023-11-11,League One,4203019,Shrewsbury Town,Reading,0.4319943622269204,0.33756166314305847,0.23044397463002114,3,2,0,54,17,4,1,0,69,6,11,8,5,0,12,5,385,148,117,30,27,33,8,58,5,3,16,2,45,40,44,35,2,0,46,13,4,3,1,66,6,5,5,4,1,10,3,339,125,98,22,24,20,2,65,12,5,35,1,62,60,56,63,2,0
2023-11-11,League One,4203020,Wycombe Wanderers,Stevenage,0.41524846834581347,0.35194009530292714,0.23281143635125937,0,1,2,58,4,0,1,1,68,15,2,1,3,1,2,2,389,143,123,36,14,28,1,60,4,4,38,1,64,43,56,33,3,0,42,8,2,1,1,58,16,7,2,4,0,4,4,269,66,91,26,13,23,1,39,13,3,30,0,65,57,44,50,2,0
2023-11-18,League One,4203022,Blackpool,Shrewsbury Town,0.4926566276259528,0.3721881390593047,0.13515523331474252,4,0,0,66,8,7,5,1,82,12,5,1,0,0,5,3,661,339,200,43,44,22,0,86,9,1,18,3,48,44,46,57,0,0,34,8,3,0,0,66,11,4,4,1,0,2,6,339,151,74,40,18,28,1,61,9,0,25,3,59,56,54,85,1,0
2023-11-18,League One,4203031,Stevenage,Lincoln City,0.4746961325966851,0.38077348066298344,0.1445303867403315,1,0,0,43,15,5,3,2,59,11,6,6,4,1,11,4,289,52,119,39,29,25,3,56,3,0,15,2,63,51,50,50,1,0,57,5,2,0,0,70,12,4,2,1,0,2,3,398,131,147,33,8,26,0,58,7,4,28,3,61,49,50,69,1,0
2023-11-21,League One,4367256,Leyton Orient,Lincoln City,0.47523584905660377,0.2641509433962264,0.2606132075471698,0,1,2,53,17,6,2,2,74,13,3,4,7,0,8,9,455,198,139,42,11,26,1,64,8,2,16,4,49,45,56,55,2,0,47,11,5,2,2,75,7,4,4,2,0,6,5,402,170,132,33,29,25,0,67,9,6,36,6,49,55,44,63,2,0
2023-11-25,League One,4203033,Bolton Wanderers,Exeter City,0.6328923631990379,0.267288033674083,0.09981960312687914,7,0,0,67,24,10,9,2,87,4,5,9,5,0,18,6,631,306,245,60,30,25,0,50,6,1,7,0,35,57,53,56,0,0,33,1,0,0,0,74,9,0,0,1,0,1,0,320,146,90,17,17,13,2,69,10,5,15,3,28,43,47,27,1,0
2023-11-25,League One,4203017,Carlisle United,Charlton Athletic,0.28432642487046633,0.2778497409326425,0.4378238341968912,1,1,1,40,14,5,2,1,66,8,4,8,1,0,4,10,326,108,107,38,15,22,2,80,4,10,12,6,51,44,41,48,0,0,60,23,8,4,3,81,4,8,6,9,1,16,7,498,215,188,48,22,19,3,44,7,1,19,4,68,56,59,50,0,0
2023-11-25,League One,4203016,Cheltenham Town,Oxford United,0.1712707182320442,0.26243093922651933,0.5662983425414365,2,0,0,33,19,5,3,2,53,13,8,6,8,0,12,7,223,35,84,25,11,23,6,60,7,10,20,5,56,59,43,60,4,1,67,21,6,2,2,79,15,10,5,10,0,9,12,462,179,188,35,17,26,0,55,5,8,33,3,53,41,57,11,2,1
2023-11-25,League One,4203015,Derby County,Bristol Rovers,0.5464159811985899,0.3157070113591853,0.13787700744222484,2,1,0,48,10,6,1,1,75,5,8,3,1,0,5,5,403,142,159,40,8,29,4,42,6,6,29,3,52,50,50,46,0,0,52,13,4,0,0,77,12,1,3,6,1,9,4,433,169,164,39,31,29,1,75,10,1,22,5,52,50,50,72,0,0
2023-11-25,League One,4202999,Fleetwood Town,Stevenage,0.2397212543554007,0.3386759581881533,0.42160278745644597,0,3,2,63,30,6,1,1,76,11,10,12,12,2,21,9,414,147,166,50,26,32,3,77,7,3,22,0,60,52,54,54,0,0,37,8,3,1,0,57,13,6,2,3,0,5,3,250,62,80,26,26,22,2,50,7,10,35,6,53,48,46,55,0,0
2023-11-25,League One,4203000,Leyton Orient,Wigan Athletic,0.3354890864995958,0.3322554567502021,0.3322554567502021,1,1,1,47,16,7,1,1,70,16,3,4,5,0,10,6,348,115,129,37,14,21,2,61,5,2,22,1,61,45,52,71,5,0,53,5,2,1,1,71,9,3,1,2,1,2,3,404,196,91,18,0,26,1,67,6,5,26,6,67,55,48,72,1,0
2023-11-25,League One,4203001,Lincoln City,Barnsley,0.29582210242587603,0.3490566037735849,0.3551212938005391,2,2,1,40,10,4,4,2,66,9,3,2,4,0,6,4,359,124,112,29,40,24,2,64,7,4,36,2,62,55,53,56,1,0,60,14,4,6,4,76,9,6,5,5,0,9,5,539,207,204,34,16,31,0,69,5,4,14,2,53,45,47,36,1,0
2023-11-25,League One,4203002,Northampton Town,Cambridge United,0.41876208897485495,0.31431334622823986,0.26692456479690524,2,1,0,48,14,5,1,0,69,11,6,7,2,0,9,5,440,157,146,28,24,24,2,75,8,2,16,4,50,52,52,50,1,0,52,12,5,1,0,72,12,1,5,2,0,8,4,469,198,138,32,25,29,0,71,8,2,13,3,46,48,48,87,2,1
2023-11-25,League One,4203003,Peterborough United,Burton Albion,0.5687633262260128,0.31236673773987206,0.11886993603411514,4,0,0,71,25,8,3,1,91,6,4,8,9,1,16,9,789,443,274,72,21,22,1,83,1,3,7,1,41,47,58,54,1,0,29,9,2,1,1,76,9,2,5,2,1,6,3,331,159,92,37,25,19,1,73,7,9,20,5,40,53,42,64,3,0
2023-11-25,League One,4203004,Portsmouth,Blackpool,0.549523110785033,0.28613352898019073,0.16434336023477622,0,4,2,47,14,5,1,1,76,11,7,2,7,0,8,6,422,167,152,49,23,25,3,75,8,5,17,1,42,44,46,33,4,1,53,17,5,1,1,80,12,5,6,6,0,13,4,487,198,192,47,17,20,2,56,9,7,23,6,52,56,54,43,3,0
2023-11-25,League One,4203005,Shrewsbury Town,Port Vale,0.3946102021174206,0.3426371511068335,0.2627526467757459,2,1,0,27,10,4,0,0,49,14,2,5,1,0,7,3,227,65,47,23,36,12,1,63,16,8,39,4,48,52,44,75,4,0,73,22,5,0,0,80,11,14,8,9,0,16,6,589,205,267,58,33,19,0,56,9,1,11,2,51,48,56,33,1,0
2023-11-25,League One,4203006,Wycombe Wanderers,Reading,0.4819571865443425,0.30642201834862387,0.21162079510703363,1,2,2,55,8,1,0,0,64,9,4,3,4,1,6,2,397,155,100,40,17,38,5,76,4,4,17,4,84,58,58,50,2,0,45,13,6,2,1,59,16,7,3,4,0,11,2,331,91,105,28,11,35,1,63,15,3,18,0,60,42,42,29,0,0
2023-11-28,League One,4203007,Barnsley,Wycombe Wanderers,0.4774443012336586,0.40452955256858775,0.11802614619775363,1,0,0,58,14,2,2,1,66,6,9,6,6,1,9,5,431,130,156,41,17,27,2,77,6,5,8,2,57,53,51,64,0,0,42,10,2,0,0,56,6,2,3,5,0,6,4,323,90,90,22,27,30,2,50,8,6,37,1,53,47,49,50,3,1
2023-11-28,League One,4203008,Blackpool,Northampton Town,0.5424787133396405,0.3595080416272469,0.09801324503311258,1,2,2,61,18,5,2,2,72,9,4,9,4,0,12,6,530,192,191,46,32,32,2,27,13,1,14,2,71,52,61,64,0,0,39,10,4,2,0,51,12,2,4,2,0,5,5,342,77,97,21,21,26,1,47,4,4,30,4,54,48,39,44,4,0
2023-11-28,League One,4203009,Bristol Rovers,Leyton Orient,0.4425707922367165,0.42316258351893093,0.13426662424435254,1,1,1,37,10,3,1,1,69,9,4,6,1,1,7,3,323,130,94,44,21,24,1,80,13,6,23,3,47,55,52,44,1,0,63,11,3,0,0,81,9,11,2,6,0,3,8,536,236,200,39,23,29,3,54,7,1,9,2,40,45,48,29,3,0
2023-11-28,League One,4203010,Burton Albion,Portsmouth,0.22284434490481522,0.37558790593505037,0.4015677491601344,0,2,2,45,20,5,1,1,80,12,6,7,8,0,8,12,356,155,129,38,29,25,1,67,8,7,17,1,53,48,55,53,1,1,55,13,3,3,1,81,9,4,3,7,0,8,5,453,234,131,41,23,18,1,67,7,8,30,6,53,52,45,60,0,0
2023-11-28,League One,4203011,Cambridge United,Lincoln City,0.3333333333333333,0.4468325791855204,0.2198340874811463,0,3,2,60,5,2,0,0,79,13,2,2,1,0,2,3,558,245,197,43,5,30,0,67,5,4,13,4,53,53,47,64,2,0,40,14,7,4,2,74,18,4,3,4,1,5,9,372,149,125,33,27,31,3,67,6,1,21,2,51,47,53,33,2,0
2023-11-28,League One,4203012,Charlton Athletic,Cheltenham Town,0.49538795442213784,0.3998914812805209,0.10472056429734129,2,1,0,59,19,7,3,1,68,10,9,7,5,1,16,3,409,121,158,40,12,29,5,86,8,2,24,0,61,48,46,53,1,0,41,11,1,1,0,53,18,4,8,2,0,5,6,285,62,89,26,28,26,1,61,13,5,39,5,69,52,54,43,6,0
2023-11-28,League One,4203013,Exeter City,Shrewsbury Town,0.3621566632756867,0.41234316717531366,0.22550016954899965,0,0,1,64,12,5,1,1,73,12,7,4,3,1,5,7,472,180,166,51,13,28,1,92,2,2,25,4,50,45,40,42,2,0,36,11,4,0,0,54,11,5,5,2,0,8,3,274,65,84,27,23,29,0,77,25,3,34,5,68,55,60,67,1,0
2023-11-28,League One,4203014,Oxford United,Bolton Wanderers,0.280103668261563,0.36901913875598086,0.3508771929824561,0,0,1,44,7,5,1,1,81,9,5,1,1,1,4,3,442,209,147,37,12,15,2,82,9,5,16,3,45,43,63,50,2,0,56,10,3,2,2,83,13,4,2,5,0,9,1,561,269,194,40,8,24,2,47,4,1,12,5,48,57,38,82,2,0
2023-11-28,League One,4203034,Port Vale,Derby County,0.21123293801745358,0.37458044305213695,0.4141866189304095,0,1,2,50,8,3,1,1,74,12,9,3,2,0,4,4,360,116,152,41,12,15,2,60,4,1,26,6,49,46,61,67,2,0,50,11,7,1,0,77,9,6,3,1,0,7,4,362,151,128,41,13,21,5,58,6,2,27,3,44,54,39,56,0,0
2023-11-28,League One,4203035,Stevenage,Peterborough United,0.4007230255839822,0.3984983314794216,0.20077864293659622,2,2,1,25,11,5,1,1,55,16,5,3,3,0,8,3,173,30,65,31,11,15,1,46,8,9,29,4,47,46,38,42,2,0,75,23,6,7,5,86,13,9,7,10,1,17,6,584,319,185,57,34,21,1,56,2,3,30,3,62,54,62,58,0,0
2023-11-28,League One,4203046,Wigan Athletic,Fleetwood Town,0.457353357891754,0.4173986965145934,0.1252479455936526,3,0,0,57,17,7,3,1,88,9,8,5,5,0,6,11,538,287,187,39,11,12,2,85,4,2,11,3,47,57,47,72,1,0,43,7,3,0,0,82,9,5,2,2,0,5,2,398,219,106,49,33,21,1,53,2,4,17,4,38,43,53,30,3,1
2023-11-28,League One,4203045,Reading,Carlisle United,0.4582363589345746,0.39720713731574864,0.14455650374967674,5,1,0,56,16,6,2,0,73,13,2,7,3,0,10,6,476,179,167,34,18,25,0,60,2,3,21,4,73,54,46,65,1,0,44,16,6,1,0,66,7,5,7,3,0,7,9,367,105,138,40,39,32,4,42,5,3,11,2,70,46,54,43,1,0
2023-12-02,League One,4202980,Northampton Town,Portsmouth,0.23417049876193846,0.2610541209763,0.5047753802617616,0,3,2,43,8,3,0,0,72,7,0,4,1,0,2,6,386,102,174,35,19,18,0,71,10,7,13,2,48,48,44,33,1,0,57,17,5,4,1,79,8,8,5,7,1,14,3,528,289,130,42,44,22,0,69,8,1,13,3,54,52,56,55,1,0
2023-12-09,League One,4203044,Blackpool,Carlisle United,0.5748554913294798,0.31040462427745663,0.11473988439306358,3,0,0,56,13,6,4,1,61,6,9,5,2,0,10,3,404,101,146,39,15,22,2,71,5,1,17,4,73,57,61,54,0,0,44,8,4,1,1,52,14,4,3,1,0,6,2,322,77,90,32,27,32,2,67,16,2,17,3,51,43,39,89,3,0
2023-12-09,League One,4203043,Bristol Rovers,Cheltenham Town,0.580168776371308,0.30537974683544306,0.11445147679324895,1,1,1,62,16,4,1,0,67,11,4,8,4,0,8,8,387,153,105,26,40,32,0,63,10,1,23,0,55,45,50,67,1,0,38,8,1,2,1,46,15,6,6,1,0,5,3,242,53,59,22,13,22,3,67,11,4,24,3,61,55,50,90,3,0
2023-12-09,League One,4203042,Burton Albion,Stevenage,0.25626598465473144,0.32327365728900254,0.42046035805626597,1,2,2,51,8,5,3,2,59,17,3,2,1,0,4,4,339,139,62,24,8,28,1,89,12,7,27,0,51,40,51,70,3,0,49,14,4,3,1,57,7,5,4,6,0,13,1,327,64,122,35,14,35,1,58,10,1,9,4,63,61,49,70,2,0
2023-12-09,League One,4203041,Charlton Athletic,Cambridge United,0.5630423685553854,0.29606942317508933,0.14088820826952528,2,2,1,47,10,3,2,0,68,13,6,3,4,0,6,4,353,123,117,25,25,20,1,56,6,7,32,4,68,53,44,71,0,0,53,17,6,2,1,73,10,10,4,7,0,13,4,387,102,181,43,39,23,2,83,7,3,13,1,68,47,56,53,0,0
2023-12-09,League One,4203040,Exeter City,Port Vale,0.4228441754916793,0.3615733736762481,0.21558245083207261,0,1,2,61,12,5,4,4,78,10,12,5,2,0,12,0,462,167,193,46,14,31,4,62,10,5,17,2,43,52,42,20,1,1,39,12,3,2,1,68,9,6,4,5,0,6,6,301,124,82,39,20,29,1,67,8,2,34,5,44,48,58,33,2,0
2023-12-09,League One,4203039,Leyton Orient,Derby County,0.1990254872563718,0.29235382308845576,0.5086206896551724,0,3,2,44,8,2,0,0,65,8,8,1,5,1,6,2,324,92,119,27,12,18,5,58,7,0,17,6,58,58,50,60,1,1,56,13,9,3,2,74,15,4,4,0,0,9,4,416,184,125,48,21,31,1,58,4,5,21,2,47,42,50,41,1,0
2023-12-09,League One,4203038,Northampton Town,Fleetwood Town,0.5731364275668073,0.29465541490857944,0.13220815752461323,3,0,0,50,24,9,2,1,74,8,2,8,7,0,17,7,442,144,184,34,38,37,1,78,13,4,22,5,35,44,38,25,1,0,50,11,4,1,1,72,5,6,3,4,0,7,4,429,185,126,29,24,27,2,41,10,7,15,6,47,56,62,56,1,0
2023-12-09,League One,4203169,Peterborough United,Oxford United,0.4724689165186501,0.32238010657193605,0.20515097690941386,3,0,0,49,17,9,4,1,84,10,5,6,2,0,11,6,523,313,124,48,9,25,2,67,12,5,20,2,38,50,53,36,1,0,51,11,2,1,1,85,6,4,4,5,0,3,8,544,330,130,42,25,19,4,53,7,1,9,6,37,50,47,17,1,0
2023-12-09,League One,4203171,Reading,Barnsley,0.3437037037037037,0.32641975308641974,0.3298765432098765,1,3,2,59,14,7,1,0,74,11,3,4,3,0,8,6,494,210,158,33,22,24,1,74,9,7,24,1,73,60,52,53,2,0,41,21,4,2,0,63,15,6,10,7,0,13,8,347,119,100,37,14,16,3,75,5,2,24,6,56,40,48,43,5,0
2023-12-09,League One,4203172,Wigan Athletic,Lincoln City,0.5232133541992697,0.32342201356285866,0.15336463223787167,0,0,1,59,3,0,0,0,86,15,6,2,1,0,2,1,557,382,95,35,25,21,0,41,5,5,18,1,47,55,40,58,4,0,41,9,1,1,1,80,13,5,2,6,0,4,5,391,154,160,25,25,26,0,59,10,1,9,0,42,45,60,29,4,0
2023-12-09,League One,4203173,Wycombe Wanderers,Shrewsbury Town,0.4477925718290119,0.3405746320953048,0.21163279607568325,0,1,2,65,15,4,2,2,75,9,7,5,6,0,5,10,486,175,189,38,12,41,0,63,2,1,15,0,44,46,45,71,0,0,35,6,1,0,0,55,6,4,4,1,1,3,3,270,81,68,24,20,22,1,67,12,6,56,4,52,54,55,57,0,0
2023-12-11,League One,4203170,Portsmouth,Bolton Wanderers,0.44316368150381275,0.2854229473310871,0.27141337116510017,2,0,0,46,12,6,1,0,70,17,6,2,4,0,10,2,341,110,129,39,20,35,4,60,10,3,12,2,53,41,59,57,3,0,54,10,2,2,2,71,13,1,5,3,0,9,1,400,158,126,34,25,22,0,78,5,4,24,4,60,59,41,71,4,0
2023-12-12,League One,4202978,Reading,Oxford United,0.3285368070281733,0.36261738867009996,0.30884580430172676,1,1,1,39,7,4,2,1,69,14,4,1,2,0,4,3,352,135,108,46,0,25,0,38,5,4,30,0,46,42,41,46,2,0,61,9,1,1,0,80,7,7,4,4,0,7,2,543,244,190,47,14,37,2,60,7,2,15,3,64,58,59,56,1,0
2023-12-16,League One,4203174,Barnsley,Charlton Athletic,0.489990154250082,0.3570725303577289,0.15293731539218905,1,1,1,42,18,5,1,1,74,12,7,6,7,0,9,9,350,131,128,33,11,20,2,75,9,7,23,2,45,44,66,30,4,0,58,15,3,1,0,78,3,5,5,7,0,14,1,477,192,178,34,25,29,3,70,6,6,16,4,40,56,34,43,4,0
2023-12-16,League One,4203175,Bolton Wanderers,Bristol Rovers,0.6165336080350244,0.28174092196755085,0.10172546999742467,1,2,2,59,10,4,1,0,81,7,6,3,3,0,7,3,578,253,217,34,20,36,2,50,10,3,12,6,37,44,42,17,4,1,41,14,8,3,1,79,13,7,3,3,0,10,4,398,185,129,44,31,23,3,63,13,3,33,2,48,56,58,29,3,0
2023-12-16,League One,4203176,Cambridge United,Blackpool,0.2271414821944177,0.33638113570741096,0.43647738209817133,2,1,0,39,8,4,5,3,56,13,3,4,0,1,6,2,315,86,90,22,33,26,1,52,5,5,20,4,68,59,43,45,4,1,61,13,5,2,1,75,14,5,3,5,1,9,4,468,133,216,46,24,26,3,73,7,0,16,2,65,41,57,30,4,0
2023-12-16,League One,4203197,Carlisle United,Northampton Town,0.31564245810055863,0.31424581005586594,0.37011173184357543,2,2,1,51,18,3,0,0,75,6,10,4,11,1,10,8,437,166,161,33,22,26,2,69,8,2,6,2,43,48,38,70,0,0,49,9,4,0,0,73,9,2,3,2,0,4,5,424,154,155,40,25,25,0,71,11,10,21,1,55,52,62,33,2,0
2023-12-16,League One,4203198,Cheltenham Town,Leyton Orient,0.3425925925925926,0.3720538720538721,0.28535353535353536,1,2,2,28,10,3,2,1,36,12,3,5,2,0,9,1,181,26,40,31,25,24,2,72,9,6,26,1,63,62,43,40,2,1,72,15,3,5,5,74,17,7,6,6,1,8,7,464,174,169,33,28,27,2,57,3,1,26,2,58,38,56,25,4,0
2023-12-16,League One,4203199,Derby County,Wycombe Wanderers,0.5952787258248009,0.31456200227531284,0.09015927189988623,1,1,1,62,9,2,2,1,76,8,5,5,2,0,7,2,497,192,184,33,19,26,2,67,7,3,13,0,42,47,47,38,5,0,38,10,1,1,0,58,8,2,5,4,0,7,3,303,83,92,36,13,21,3,58,11,2,21,1,48,53,53,50,3,0
2023-12-16,League One,4203200,Fleetwood Town,Peterborough United,0.1904301594973417,0.3165780570323828,0.4929917834702755,0,1,2,28,12,3,2,2,65,7,4,3,6,0,9,3,243,82,75,36,40,21,0,67,9,9,27,6,49,60,50,67,2,0,72,24,7,1,1,89,11,12,7,10,1,13,11,647,314,263,63,4,28,0,64,8,5,14,3,37,40,50,50,0,0
2023-12-16,League One,4203234,Lincoln City,Reading,0.4537914691943128,0.346563981042654,0.19964454976303317,1,1,1,34,4,0,1,1,56,14,1,3,1,0,2,2,287,71,89,27,0,25,1,59,13,3,19,5,66,55,39,44,3,0,66,15,6,1,0,75,14,5,6,3,0,7,8,555,253,161,37,30,28,4,71,9,1,18,0,65,44,59,32,3,0
2023-12-16,League One,4203233,Oxford United,Burton Albion,0.565943992773261,0.3333333333333333,0.1007226738934056,3,0,0,58,28,14,3,3,88,6,5,5,9,1,21,7,543,332,146,63,29,24,1,63,10,1,17,1,42,55,52,9,0,0,42,6,1,0,0,78,13,0,4,1,0,3,3,398,230,80,45,0,28,1,73,7,10,18,10,36,45,48,40,1,0
2023-12-16,League One,4203232,Port Vale,Wigan Athletic,0.3043762246897453,0.3572828216851731,0.33834095362508165,3,2,0,55,22,8,3,1,82,6,6,6,8,2,17,5,417,144,196,46,29,18,2,53,5,1,12,0,41,67,46,67,4,0,45,7,2,2,1,79,10,3,4,1,0,6,1,354,188,93,34,27,19,2,60,11,6,33,5,28,33,54,40,5,0
2023-12-16,League One,4203231,Shrewsbury Town,Portsmouth,0.1912814731304021,0.28222472754603534,0.5264937993235626,0,3,2,26,9,5,0,0,56,15,0,4,0,0,6,3,232,63,67,25,18,14,1,95,13,3,34,3,61,56,60,62,0,0,74,14,6,3,1,85,12,5,5,3,0,8,6,684,339,245,54,14,21,2,50,6,0,13,5,45,44,40,45,3,0
2023-12-16,League One,4203230,Stevenage,Exeter City,0.5766096169519153,0.3015484922575387,0.12184189079054605,1,1,1,62,11,4,5,4,74,10,12,6,1,0,9,2,488,116,244,47,23,35,4,68,2,3,8,2,83,55,69,35,1,0,38,7,3,2,1,63,13,3,1,3,0,5,2,316,134,64,25,17,13,2,78,4,2,66,3,53,45,31,35,4,1
2023-12-21,League One,4203236,Derby County,Lincoln City,0.5613862360933346,0.32893570936300087,0.10967805454366447,3,1,0,55,10,5,4,2,79,13,4,5,0,0,7,3,485,219,164,45,10,29,4,70,7,2,14,1,42,36,67,50,2,0,45,6,2,2,1,70,6,3,2,2,0,4,2,396,148,131,30,29,25,1,44,11,0,11,2,46,64,33,75,3,0
2023-12-22,League One,4203226,Cambridge United,Exeter City,0.46139773143066226,0.37358214416392244,0.1650201244054153,2,0,0,38,18,4,5,3,62,5,5,6,8,0,14,4,318,88,108,29,21,44,0,75,9,1,18,5,63,60,40,79,0,0,62,9,5,1,1,78,13,6,3,1,0,5,4,547,230,196,29,14,28,2,67,7,7,42,1,61,40,60,59,2,0
2023-12-23,League One,4203229,Barnsley,Stevenage,0.41112682696841113,0.4146628948609147,0.17421027817067422,2,1,0,54,9,5,1,1,68,12,1,2,2,0,5,4,406,146,129,38,9,24,8,57,5,3,29,3,72,51,53,62,3,0,46,14,4,1,0,60,11,4,7,3,0,11,3,348,96,113,32,28,31,4,67,7,2,16,3,67,49,47,44,1,0
2023-12-23,League One,4203228,Blackpool,Bristol Rovers,0.513855421686747,0.3713855421686747,0.11475903614457832,3,1,0,48,10,6,1,0,75,4,4,3,1,1,4,6,430,171,153,46,0,24,3,80,15,1,23,6,43,53,43,33,2,0,52,10,7,1,0,75,15,5,2,1,1,8,2,463,219,129,47,25,27,2,65,9,2,13,2,44,47,57,46,0,0
2023-12-23,League One,4203227,Bolton Wanderers,Leyton Orient,0.5793028911105107,0.32099432585787624,0.09970278303161308,3,2,0,56,11,6,6,3,69,11,2,3,2,0,10,1,429,154,140,22,38,29,1,69,6,8,33,2,59,55,53,50,0,0,44,16,4,1,0,65,17,6,3,9,0,9,7,323,94,116,33,13,24,2,83,17,2,18,4,50,45,47,33,4,0
2023-12-23,League One,4203225,Carlisle United,Cheltenham Town,0.43655049151027703,0.40303842716711347,0.16041108132260948,0,1,2,55,10,2,1,1,58,10,6,3,5,0,5,5,365,103,109,30,14,36,1,50,9,2,18,1,73,53,49,61,2,0,45,8,2,1,0,53,15,4,3,3,0,7,1,291,57,97,29,18,30,2,70,12,4,18,2,70,47,51,40,3,0
2023-12-23,League One,4203235,Charlton Athletic,Burton Albion,0.525830997196636,0.3604325190228274,0.11373648378053665,1,1,1,56,16,2,2,1,84,7,5,6,8,0,8,8,511,222,209,40,28,25,3,33,9,2,13,2,54,56,47,50,2,0,44,8,3,3,2,79,15,5,2,3,0,4,4,394,164,147,38,27,19,0,69,7,8,14,1,48,44,53,38,2,0
2023-12-23,League One,4203246,Northampton Town,Oxford United,0.2785234899328859,0.37785234899328857,0.3436241610738255,2,1,0,58,12,5,3,1,80,15,5,5,2,1,8,4,556,264,183,41,22,26,2,67,11,3,14,2,50,44,50,40,2,0,42,9,3,3,2,72,11,1,3,3,0,4,5,399,208,80,26,8,24,1,82,15,2,20,3,60,56,50,50,1,0
2023-12-23,League One,4203245,Portsmouth,Fleetwood Town,0.6243067277550036,0.2910537738123945,0.08463949843260188,1,1,1,64,15,2,3,2,76,13,7,7,6,1,13,2,458,184,165,52,13,33,2,68,6,5,10,3,63,59,41,64,3,0,36,14,4,1,1,59,17,3,5,5,0,8,6,264,76,81,36,20,27,0,85,5,6,28,0,59,41,59,36,1,0
2023-12-23,League One,4203244,Reading,Wigan Athletic,0.37736625514403294,0.37448559670781895,0.24814814814814815,2,0,0,42,10,3,1,0,74,17,4,1,6,0,4,6,348,124,134,42,17,24,1,62,9,7,24,2,58,49,41,31,1,0,58,14,2,1,1,82,12,2,5,7,0,4,10,490,276,125,49,17,18,2,76,11,6,30,1,65,51,59,58,5,0
2023-12-23,League One,4203243,Shrewsbury Town,Peterborough United,0.21960072595281308,0.34192377495462795,0.438475499092559,1,2,2,32,7,1,1,1,61,8,4,4,2,1,2,5,269,114,50,27,31,28,1,42,15,7,20,2,41,49,48,50,3,0,68,18,4,4,2,84,8,9,7,7,1,14,4,591,278,219,44,7,28,0,38,11,2,18,0,43,51,52,56,1,0
2023-12-23,League One,4203242,Wycombe Wanderers,Port Vale,0.3820624259186092,0.423548004741209,0.19438956934018176,1,1,1,42,19,6,1,0,58,11,7,7,6,0,11,8,322,86,101,33,19,36,5,67,5,4,20,2,48,48,41,57,6,0,58,9,3,3,2,69,6,3,2,4,0,5,4,458,172,142,43,11,31,2,71,4,6,28,5,62,53,59,50,1,0
2023-12-26,League One,4203224,Leyton Orient,Charlton Athletic,0.31810810810810813,0.41054054054054057,0.27135135135135136,1,0,0,46,8,4,1,1,58,12,7,3,1,0,4,4,302,68,107,34,19,34,2,48,5,4,9,4,53,46,49,53,5,0,54,10,5,0,0,63,5,5,2,3,0,9,1,368,151,82,24,10,47,2,65,2,1,16,3,60,54,51,55,1,0
2023-12-26,League One,4203241,Bristol Rovers,Portsmouth,0.20971017168174266,0.33690234447110945,0.4533874838471479,2,1,0,37,12,3,1,0,66,13,3,6,3,1,8,4,299,100,97,27,29,21,3,65,11,2,19,5,57,59,45,50,4,0,63,12,6,4,4,81,16,3,4,2,0,9,3,522,247,177,56,18,31,0,75,6,3,16,1,46,41,55,33,6,0
2023-12-26,League One,4203240,Burton Albion,Blackpool,0.21810089020771514,0.3879821958456973,0.3939169139465875,1,0,0,34,8,2,1,1,55,14,3,3,3,1,4,4,255,65,75,26,23,20,2,60,6,4,26,0,56,51,41,54,2,0,66,10,0,0,0,80,13,8,6,4,0,5,5,478,221,162,41,20,32,3,57,2,2,21,1,65,49,59,46,1,0
2023-12-26,League One,4203239,Cheltenham Town,Shrewsbury Town,0.32531418312387794,0.4312387791741472,0.24344703770197487,2,0,0,49,15,5,1,0,49,14,5,7,3,1,6,9,265,42,87,32,36,32,1,56,7,9,30,0,66,41,47,40,3,0,51,16,0,0,0,53,15,3,7,9,0,7,9,282,50,100,32,21,39,1,41,4,4,29,2,83,59,53,50,6,0
2023-12-26,League One,4203238,Exeter City,Wycombe Wanderers,0.3217753120665742,0.4431345353675451,0.23509015256588073,1,0,0,54,14,5,1,0,67,12,8,2,7,0,9,5,429,150,137,35,13,23,0,64,10,1,49,4,48,47,42,71,3,0,46,11,4,1,1,58,8,9,5,2,1,5,6,359,99,108,33,15,30,2,76,9,7,19,4,59,53,58,38,2,0
2023-12-26,League One,4203237,Fleetwood Town,Carlisle United,0.38791946308724834,0.42416107382550333,0.18791946308724833,1,1,1,55,12,2,3,2,72,11,5,4,6,0,7,5,449,159,166,39,22,26,1,73,10,3,15,2,59,43,56,33,1,0,45,8,3,2,2,63,7,4,2,3,0,5,3,373,104,130,29,19,24,6,79,8,6,13,1,59,57,44,33,0,0
2023-12-26,League One,4203223,Lincoln City,Bolton Wanderers,0.21633446767136608,0.35561497326203206,0.42805055906660183,0,1,2,29,3,1,0,0,58,12,0,2,0,0,1,2,252,69,76,22,20,27,0,53,15,10,27,3,39,48,52,80,3,1,71,21,4,0,0,81,7,14,7,10,0,11,10,604,276,211,50,21,29,1,91,7,0,8,1,40,52,48,50,1,0
2023-12-26,League One,4203210,Oxford United,Cambridge United,0.4919567124890319,0.36706639368236327,0.14097689382860484,2,1,0,59,16,9,2,1,78,9,4,4,3,0,9,7,530,258,156,38,18,26,1,71,8,5,29,1,63,50,51,50,2,0,41,15,2,2,2,67,15,6,8,5,0,9,6,357,103,135,29,10,27,1,70,4,3,19,7,62,50,49,61,4,0
2023-12-26,League One,4203209,Peterborough United,Reading,0.5357288689260923,0.3372805226623111,0.12699060841159657,2,2,1,61,20,5,2,1,87,7,16,7,8,1,15,5,550,269,207,54,17,23,3,54,6,2,16,0,51,64,36,59,1,0,39,6,2,1,0,78,18,2,2,2,1,4,2,364,175,108,44,8,17,1,80,8,7,39,3,40,36,64,27,3,0
2023-12-26,League One,4203208,Port Vale,Barnsley,0.23911187019641333,0.4044975804155992,0.3563905493879875,2,3,2,59,22,7,3,2,77,7,10,7,8,0,12,10,510,224,168,41,32,34,4,44,3,1,7,4,43,48,39,58,3,0,41,11,7,1,0,68,7,3,3,1,0,4,7,370,169,81,30,22,23,7,80,4,8,38,5,56,52,61,30,1,0
2023-12-26,League One,4203207,Stevenage,Northampton Town,0.4405133541449879,0.3999306278182449,0.15955601803676725,3,0,0,54,11,7,4,3,57,12,6,4,0,0,7,4,385,91,128,25,26,36,5,62,9,1,17,0,82,54,65,56,0,0,46,2,0,0,0,49,15,1,1,1,0,1,1,339,113,53,21,0,37,0,81,11,1,35,3,56,46,35,33,1,0
2023-12-26,League One,4203206,Wigan Athletic,Derby County,0.21494370522006143,0.3563971340839304,0.4286591606960082,0,1,2,54,10,0,0,0,81,11,6,4,6,0,4,6,429,221,128,37,15,29,0,69,3,2,21,3,48,44,38,57,4,0,46,12,4,3,3,78,13,5,6,2,1,9,3,364,113,170,36,22,31,3,64,5,6,22,0,65,56,63,46,3,0
2023-12-29,League One,4203218,Wigan Athletic,Carlisle United,0.4863863678458974,0.3826634561955918,0.13095017595851083,2,0,0,57,19,3,4,2,83,11,6,9,7,1,12,7,478,217,182,49,29,28,1,38,6,5,21,2,47,54,47,44,4,0,43,12,2,1,1,79,11,5,4,6,0,7,5,351,104,175,51,25,20,0,86,8,6,20,1,44,46,53,17,6,0
2023-12-29,League One,4203205,Bristol Rovers,Charlton Athletic,0.4476303317535545,0.37701421800947865,0.17535545023696683,2,1,0,51,15,5,2,0,75,10,7,5,5,0,9,6,423,125,192,44,23,25,4,72,10,2,12,3,54,51,33,67,0,0,49,11,4,1,0,77,16,4,5,2,1,5,6,426,224,104,33,14,28,0,52,10,4,28,3,60,49,67,54,3,0
2023-12-29,League One,4203204,Burton Albion,Shrewsbury Town,0.4039892825245609,0.4132182197082465,0.1827924977671926,1,0,0,52,6,4,2,1,50,15,4,1,1,0,3,3,331,72,94,20,17,21,0,75,8,4,37,1,70,37,64,44,2,0,48,13,1,1,1,43,15,7,8,4,0,8,5,301,44,86,18,9,31,3,50,4,1,16,3,60,63,36,50,1,0
2023-12-29,League One,4203203,Cheltenham Town,Reading,0.2835139760410724,0.4098687963491158,0.30661722760981175,2,2,1,52,21,8,4,4,54,10,7,4,9,0,16,5,305,43,121,31,14,43,2,57,11,5,15,3,77,51,45,71,2,0,48,13,5,2,0,57,13,5,3,5,0,8,5,279,94,65,26,41,28,1,50,10,10,54,6,85,49,55,63,4,0
2023-12-29,League One,4203202,Exeter City,Portsmouth,0.20704199523198238,0.33192737942417017,0.4610306253438474,0,0,1,37,15,2,1,1,58,13,3,6,7,1,13,2,290,82,85,14,28,33,1,63,4,2,27,2,48,56,39,75,1,0,63,10,2,2,2,73,13,6,6,2,0,9,1,519,228,150,41,23,35,3,67,3,7,14,2,52,44,61,78,2,0
2023-12-29,League One,4203201,Fleetwood Town,Bolton Wanderers,0.1857311320754717,0.33431603773584906,0.47995283018867924,0,2,2,41,4,1,0,0,62,14,3,1,2,0,1,3,292,92,88,43,25,27,1,88,12,7,20,3,56,42,53,60,2,0,59,18,6,2,1,75,7,6,6,6,1,11,7,421,152,163,32,12,43,4,72,5,2,11,1,65,58,47,50,1,0
2023-12-29,League One,4203211,Leyton Orient,Wycombe Wanderers,0.3838879159369527,0.42591943957968476,0.1901926444833625,0,0,1,61,10,3,0,0,68,7,10,4,3,0,5,5,453,173,133,30,20,19,1,75,9,3,20,0,47,52,41,33,1,0,39,5,0,0,0,53,8,5,2,3,0,2,3,292,91,65,31,17,40,2,67,9,3,29,3,55,48,59,30,0,0
2023-12-29,League One,4203212,Lincoln City,Northampton Town,0.40393754243041413,0.41581805838424984,0.18024439918533605,1,2,2,49,13,5,3,2,67,8,8,3,5,0,5,8,373,151,100,36,26,32,1,50,10,2,19,2,48,53,63,50,1,1,51,8,4,1,1,73,11,4,2,2,0,3,5,407,144,154,36,12,33,2,50,7,6,34,3,35,47,37,57,5,0
2023-12-29,League One,4203222,Oxford United,Derby County,0.25465282748747314,0.3741947029348604,0.37115246957766646,2,3,2,34,9,6,1,0,68,4,2,2,1,0,5,4,299,125,77,28,17,17,1,44,11,8,41,2,62,58,47,55,1,0,66,21,5,7,4,81,17,19,8,8,1,17,4,528,213,213,53,32,42,3,65,5,1,11,4,54,42,53,54,4,0
2023-12-29,League One,4203221,Peterborough United,Barnsley,0.46564744888561427,0.3709707128384601,0.1633818382759256,2,2,1,57,15,5,3,2,80,6,3,4,6,1,11,4,527,241,181,59,31,27,3,63,14,7,18,3,55,58,57,73,0,0,43,20,5,3,1,71,13,6,8,7,1,11,9,396,129,153,38,5,17,0,45,6,6,35,3,41,42,43,63,1,0
2023-12-29,League One,4203220,Port Vale,Blackpool,0.2546646495209279,0.4036812909732728,0.3416540595057993,3,0,0,39,15,8,2,0,68,10,3,4,3,0,10,5,304,87,120,40,14,22,2,50,3,2,32,3,55,53,52,47,1,0,61,14,3,1,1,80,17,10,8,3,1,10,4,447,184,173,45,18,18,2,62,3,3,13,5,49,47,48,55,2,0
2024-01-01,League One,4203217,Barnsley,Wigan Athletic,0.4823386114494519,0.3866558397618081,0.13100554878874002,1,1,1,50,12,4,2,1,78,6,3,6,2,0,6,6,498,173,214,38,24,16,2,73,6,3,12,0,47,58,46,100,3,0,50,13,1,3,3,78,15,7,9,3,0,9,4,495,187,199,45,41,15,3,57,6,2,21,3,42,42,54,73,2,0
2024-01-01,League One,4203216,Blackpool,Lincoln City,0.48024628014366344,0.40653326492218234,0.11322045493415427,2,0,0,48,13,5,2,0,58,18,8,6,2,2,5,8,317,94,89,37,28,26,2,67,3,3,27,1,77,47,61,53,3,0,52,8,1,1,1,61,13,2,4,3,0,2,6,352,113,100,26,7,27,1,75,5,2,17,3,66,53,39,60,1,0
2024-01-01,League One,4203215,Bolton Wanderers,Burton Albion,0.5274542429284526,0.37740130086219936,0.09514445620934806,1,0,0,65,20,4,1,1,80,6,11,7,9,0,13,7,542,207,225,30,36,32,4,63,3,2,19,1,60,53,78,25,1,0,35,7,1,1,1,68,13,3,4,2,0,5,2,288,104,93,33,17,19,2,61,9,9,21,3,35,47,22,44,2,0
2024-01-01,League One,4203214,Cambridge United,Leyton Orient,0.41128325051154635,0.4402221572639579,0.14849459222449576,0,2,2,49,9,2,0,0,62,5,4,6,1,0,7,2,388,129,112,31,17,32,0,44,4,1,11,1,70,64,49,60,1,0,51,9,3,0,0,64,11,5,5,1,3,7,2,412,143,122,29,23,32,1,62,7,1,19,2,54,36,51,33,5,0
2024-01-01,League One,4203213,Carlisle United,Port Vale,0.27976190476190477,0.41241496598639454,0.3078231292517007,2,1,0,50,16,4,4,2,73,10,6,8,4,0,11,5,344,107,145,56,29,28,2,61,6,1,17,3,69,62,66,57,3,0,50,10,4,1,0,73,16,1,5,1,0,3,7,362,99,166,44,30,23,1,85,5,4,24,3,40,38,34,25,2,0
2024-01-01,League One,4203247,Charlton Athletic,Oxford United,0.32218558643429107,0.42416391898257183,0.25365049458313704,1,2,2,42,11,3,3,2,81,11,9,5,3,0,8,3,436,175,177,44,11,19,2,69,10,5,16,2,40,51,71,50,2,0,58,12,4,2,1,87,10,3,3,5,0,8,4,625,347,199,61,38,20,5,71,15,3,14,2,32,49,29,33,2,0
2024-01-01,League One,4203248,Derby County,Peterborough United,0.484736355226642,0.37874983480903923,0.13651380996431875,2,3,2,34,13,5,2,1,73,9,1,2,6,0,8,5,302,112,108,31,36,20,4,75,8,8,21,3,34,40,57,43,1,0,66,20,6,1,0,88,4,11,6,8,0,15,5,582,299,213,52,17,23,0,62,6,6,12,3,41,60,43,75,1,0
2024-01-01,League One,4203276,Northampton Town,Cheltenham Town,0.48542116630669546,0.40712742980561556,0.10745140388768898,1,0,0,53,9,3,2,1,55,9,7,4,2,1,7,2,379,72,137,25,27,33,1,46,8,2,37,3,55,51,48,60,2,0,47,13,3,1,1,52,11,2,7,3,1,8,5,335,70,103,30,14,28,3,73,13,2,20,2,56,49,52,56,3,0
2024-01-01,League One,4203275,Portsmouth,Stevenage,0.4926483307386265,0.38851409790693653,0.11883757135443695,2,1,0,56,12,6,3,3,68,14,1,3,3,0,9,3,452,135,173,37,10,28,0,40,9,2,36,4,57,49,44,13,3,0,44,9,5,1,1,58,20,5,2,2,0,8,1,332,93,100,29,31,30,0,50,9,3,13,4,66,51,56,67,6,1
2024-01-01,League One,4203274,Reading,Exeter City,0.4716708023159636,0.41170388751033915,0.11662531017369727,3,2,0,48,14,2,1,0,76,7,0,7,5,0,9,5,473,256,102,36,30,34,2,71,8,5,26,0,49,51,73,54,2,0,52,8,2,2,1,76,9,4,1,5,0,5,3,502,237,146,38,10,32,1,91,4,5,17,0,36,49,27,55,0,0
2024-01-01,League One,4203273,Shrewsbury Town,Fleetwood Town,0.40769732550554466,0.449119373776908,0.14318330071754728,3,1,0,42,16,6,2,2,63,18,4,6,4,0,9,7,301,72,118,27,14,37,1,65,7,3,22,4,50,46,35,46,4,0,58,17,6,1,1,72,10,8,9,2,2,9,8,419,203,98,34,36,22,0,50,9,4,27,3,70,54,65,44,2,0
2024-01-01,League One,4203272,Wycombe Wanderers,Bristol Rovers,0.29411764705882354,0.36764705882352944,0.3382352941176471,3,2,0,34,24,8,4,2,63,12,6,10,6,1,16,8,279,64,112,49,33,23,0,69,14,4,29,5,61,51,63,71,6,1,66,19,7,2,0,79,5,6,8,4,2,11,8,551,176,262,51,18,27,1,56,8,5,21,5,46,49,37,55,2,0
2024-01-06,League One,4203278,Fleetwood Town,Derby County,0.1635996409335727,0.3135098743267504,0.5228904847396768,1,3,2,41,13,1,1,1,63,11,3,4,8,0,7,6,269,83,87,39,14,22,2,62,9,4,25,3,52,42,48,45,1,0,59,11,6,2,0,74,9,11,1,4,0,8,3,398,149,147,49,12,20,5,69,6,8,23,0,64,58,52,78,1,0
2024-01-06,League One,4203270,Burton Albion,Wycombe Wanderers,0.3198968074814576,0.436310867462109,0.24379232505643342,1,1,1,47,10,2,1,1,62,11,2,3,5,0,5,5,350,107,110,24,25,14,2,69,5,5,37,3,52,49,38,43,2,0,53,21,4,0,0,69,9,10,11,6,2,17,4,372,117,140,43,31,33,4,60,4,5,18,0,71,51,63,62,2,0
2024-01-06,League One,4203269,Cheltenham Town,Portsmouth,0.1754750593824228,0.31502375296912116,0.5095011876484561,2,1,0,33,11,3,1,0,49,17,3,5,3,0,8,3,228,49,62,22,31,25,1,92,6,4,33,6,54,34,44,25,4,0,67,17,6,2,2,70,9,9,7,4,0,13,4,458,153,169,33,32,40,2,71,2,2,17,1,83,66,56,71,5,0
2024-01-06,League One,4203277,Exeter City,Carlisle United,0.4624250806823421,0.3674504379898571,0.17012448132780084,2,1,0,62,17,6,1,0,71,10,7,4,7,1,9,8,501,152,205,34,13,38,0,64,4,3,24,2,49,41,39,40,4,0,38,11,3,3,3,58,6,3,5,3,1,6,5,317,69,114,35,14,32,1,63,7,7,36,4,75,59,61,38,1,0
2024-01-06,League One,4203282,Port Vale,Charlton Athletic,0.37421487603305786,0.41421487603305784,0.2115702479338843,3,3,1,45,29,12,2,1,76,8,12,7,10,0,16,13,356,105,167,57,26,24,3,65,4,1,19,2,51,51,47,60,1,0,55,7,4,2,1,79,12,4,2,1,0,5,2,476,201,177,41,14,22,2,56,6,10,33,9,51,49,53,58,4,0
2024-01-13,League One,4203279,Barnsley,Bristol Rovers,0.5237546789519147,0.3593435070544198,0.11690181399366542,2,1,0,52,14,5,2,0,63,10,6,5,4,1,9,5,416,131,133,34,40,24,2,60,1,2,15,6,59,51,55,62,3,0,48,15,7,3,3,64,10,3,6,2,1,11,4,380,114,129,34,29,31,5,50,8,4,16,3,53,49,45,50,1,0
2024-01-13,League One,4203268,Blackpool,Exeter City,0.5577304964539007,0.3282269503546099,0.11404255319148936,2,0,0,58,17,5,1,1,80,6,9,5,7,0,11,6,457,235,129,46,33,25,2,67,5,2,10,4,52,55,52,50,4,0,42,10,4,0,0,74,11,4,4,2,0,5,5,329,159,85,39,27,31,1,47,2,7,25,3,44,45,48,46,5,0
2024-01-13,League One,4203256,Cambridge United,Fleetwood Town,0.5275204359673025,0.3427792915531335,0.12970027247956403,2,1,0,56,13,3,3,1,65,8,5,8,2,2,8,5,404,128,135,28,20,37,2,83,6,3,15,7,64,44,46,40,0,0,44,15,8,1,0,52,15,2,4,3,0,10,5,321,71,97,23,38,33,0,77,6,2,25,1,78,56,54,83,2,0
2024-01-13,League One,4203255,Carlisle United,Oxford United,0.2607476635514019,0.31822429906542055,0.42102803738317757,1,3,2,44,17,8,1,1,68,7,3,4,5,0,9,8,424,127,162,40,8,23,7,69,7,1,10,4,47,48,45,42,4,0,56,11,7,2,0,75,4,3,3,1,0,6,5,557,263,155,40,11,19,1,73,6,5,12,7,55,52,55,46,2,0
2024-01-13,League One,4203254,Charlton Athletic,Peterborough United,0.25046451133407654,0.32367149758454106,0.4258639910813824,1,2,2,44,13,5,4,3,76,11,1,5,3,0,9,4,451,187,155,42,23,21,1,73,7,3,19,4,50,48,60,31,2,0,56,17,6,1,1,83,7,6,8,3,1,10,7,578,321,156,45,16,27,0,44,14,3,12,4,46,52,40,44,1,0
2024-01-13,League One,4203252,Northampton Town,Wigan Athletic,0.435969868173258,0.3314500941619586,0.23258003766478344,1,1,1,35,7,2,2,1,73,17,1,4,1,0,4,3,305,135,88,34,20,27,0,65,9,6,28,1,46,50,42,61,3,0,65,12,2,2,1,85,10,9,3,7,0,7,5,549,319,145,39,14,17,7,67,8,1,10,1,50,50,58,67,6,0
2024-01-13,League One,4203251,Portsmouth,Leyton Orient,0.5806546741374226,0.3137717487466824,0.10557357711589502,0,3,2,64,14,4,3,3,78,7,5,5,5,0,11,3,553,240,192,45,13,26,1,50,4,5,21,3,57,59,61,33,1,0,36,15,6,2,1,66,12,8,3,6,0,11,4,316,116,91,26,12,20,1,75,14,5,27,4,37,41,39,14,4,0
2024-01-13,League One,4203249,Shrewsbury Town,Stevenage,0.3184257602862254,0.3595706618962433,0.3220035778175313,0,1,2,47,6,3,0,0,58,16,3,2,1,0,3,3,301,71,105,35,7,27,3,67,6,6,41,1,63,43,40,53,1,0,53,12,2,1,0,58,8,2,4,6,0,10,2,342,75,123,30,31,29,4,55,7,1,20,3,91,57,60,44,2,0
2024-01-13,League One,4203257,Wycombe Wanderers,Lincoln City,0.44492911668484186,0.3685932388222465,0.18647764449291168,1,1,1,50,12,2,1,0,64,10,7,8,2,0,5,7,389,120,128,37,25,27,2,54,10,6,31,2,76,50,65,60,2,0,50,16,3,1,1,63,6,7,7,6,1,12,4,379,132,106,22,23,23,1,60,7,2,34,1,55,50,35,60,1,0
2024-01-15,League One,4203253,Derby County,Burton Albion,0.6165505226480836,0.2793554006968641,0.10409407665505227,3,2,0,66,20,7,4,2,80,10,4,8,5,0,14,6,477,181,199,71,31,29,6,54,4,2,25,0,71,51,66,29,0,0,34,6,2,1,0,54,12,3,2,2,0,3,3,252,47,90,24,13,23,0,85,5,5,33,4,49,49,34,50,1,0
2024-01-16,League One,4203021,Barnsley,Carlisle United,0.5762818102043374,0.310267017675818,0.11345117211984455,2,1,0,62,10,3,1,0,68,5,7,6,1,0,4,6,510,165,183,34,4,35,1,60,4,3,18,1,63,41,51,58,0,0,38,10,2,2,2,50,8,0,5,3,1,4,6,316,88,70,28,11,32,3,44,8,1,43,2,72,59,49,56,1,0
2024-01-20,League One,4203258,Bristol Rovers,Blackpool,0.29856945085371484,0.339640055376096,0.3617904937701892,1,2,2,55,10,4,1,1,64,11,6,2,4,0,7,3,399,135,120,34,10,27,3,29,4,0,16,3,70,44,45,42,5,0,45,9,5,0,0,57,15,5,4,0,0,5,4,331,86,102,35,20,28,1,56,9,4,28,3,86,56,55,50,3,0
2024-01-20,League One,4203266,Burton Albion,Charlton Athletic,0.31291028446389496,0.3522975929978118,0.3347921225382932,2,0,0,28,7,4,1,0,52,13,3,0,3,0,2,5,249,56,74,30,0,24,2,50,9,2,27,4,55,48,48,40,2,0,72,14,4,0,0,82,7,5,7,3,1,10,4,655,336,201,31,18,30,2,40,2,3,28,2,59,52,52,44,2,0
2024-01-20,League One,4203264,Exeter City,Cambridge United,0.4377076411960133,0.3289036544850498,0.23338870431893688,0,0,1,63,10,4,2,2,75,13,11,4,2,0,8,2,485,150,215,36,25,31,0,75,7,2,16,0,57,50,52,50,2,0,37,6,0,0,0,57,13,4,4,2,0,4,2,287,66,99,39,31,32,0,71,10,1,25,4,55,50,48,53,4,0
2024-01-20,League One,4203263,Fleetwood Town,Portsmouth,0.17907273500638027,0.28626116546150576,0.534666099532114,0,1,2,38,10,3,1,1,66,10,2,4,3,0,4,6,287,97,92,24,12,24,2,67,11,4,21,2,63,58,57,86,4,0,62,9,3,2,2,78,13,10,2,4,0,7,2,492,237,149,38,14,27,2,70,5,3,21,3,46,42,43,67,4,0
2024-01-20,League One,4203262,Leyton Orient,Bolton Wanderers,0.21350861287398004,0.29782411604714415,0.4886672710788758,1,0,0,49,11,5,1,0,67,13,3,4,2,0,5,6,398,121,146,35,15,34,2,80,8,0,23,1,52,41,44,50,1,0,51,4,1,2,2,62,10,3,3,0,1,2,2,411,160,93,29,0,32,3,60,5,2,16,4,70,59,56,50,2,0
2024-01-20,League One,4203261,Lincoln City,Derby County,0.1793754538852578,0.29048656499636893,0.5301379811183733,0,0,1,34,10,4,3,3,66,7,5,4,2,0,5,5,275,95,86,36,15,19,2,52,11,6,30,3,55,56,37,38,2,0,66,19,3,1,1,79,8,12,10,6,0,11,8,519,207,204,37,24,39,1,44,8,3,14,3,57,44,63,36,2,0
2024-01-20,League One,4203259,Peterborough United,Shrewsbury Town,0.6163410301953819,0.2766429840142096,0.10701598579040852,2,1,0,74,20,8,4,2,86,5,4,6,6,1,15,5,753,401,247,48,40,21,0,56,6,5,21,3,63,56,65,25,2,0,26,14,4,0,0,59,14,4,5,5,0,4,10,260,57,97,29,14,17,2,65,12,7,20,5,42,44,35,22,3,0
2024-01-20,League One,4203291,Wigan Athletic,Reading,0.46090273363000633,0.3331214240305149,0.20597584233947872,1,0,0,44,8,7,1,1,78,10,1,1,0,0,5,3,434,251,87,21,20,30,2,75,4,4,25,5,56,55,48,61,2,0,56,11,6,4,4,86,17,3,2,3,0,8,3,537,244,216,52,12,26,0,76,6,0,10,6,49,45,52,50,1,0
2024-01-23,League One,4202919,Bristol Rovers,Exeter City,0.503707627118644,0.3339512711864407,0.16234110169491525,0,1,2,61,15,0,1,1,73,12,10,9,6,0,8,7,405,151,145,45,23,27,3,89,10,5,21,3,50,53,58,44,1,0,39,10,4,1,0,58,14,7,1,5,1,9,1,260,55,97,21,30,38,1,54,7,6,18,0,42,47,42,70,2,0
2024-01-23,League One,4203026,Charlton Athletic,Northampton Town,0.4449326303456356,0.35705916813122435,0.19800820152314,2,3,2,56,16,5,1,0,72,8,2,3,8,0,11,5,482,197,149,33,26,21,4,64,5,2,19,2,54,57,48,45,3,1,44,14,5,2,0,65,10,5,7,2,0,7,7,375,120,125,29,26,21,2,50,7,8,28,3,47,43,53,27,2,0
2024-01-23,League One,4203284,Oxford United,Barnsley,0.35250699923644696,0.37465003817765336,0.27284296258589974,0,1,2,59,17,4,2,2,73,12,2,10,3,1,6,11,512,252,122,40,33,39,2,60,3,1,16,1,55,56,49,69,3,0,41,8,1,0,0,57,14,4,6,1,0,5,3,340,78,117,35,37,35,4,64,9,3,11,4,49,44,51,44,4,0
2024-01-23,League One,4203032,Wigan Athletic,Wycombe Wanderers,0.4734311740890688,0.3775303643724696,0.14903846153846154,1,0,0,62,9,3,0,0,82,10,7,3,3,0,6,3,437,241,117,36,24,22,1,69,7,2,26,2,47,52,43,43,3,0,38,11,2,2,2,68,15,3,7,2,0,5,6,261,81,96,38,29,20,2,50,6,3,32,2,50,48,57,40,1,0
2024-01-23,League One,4203030,Reading,Derby County,0.23537677849991218,0.2952748989987704,0.4693483225013174,1,0,0,42,12,2,0,0,63,14,6,6,4,2,10,2,306,81,113,39,25,26,3,80,14,3,15,0,43,42,45,43,1,0,58,11,0,0,0,70,2,6,8,3,1,7,4,420,149,144,33,23,30,5,58,12,4,16,1,57,58,55,53,0,0
2024-01-27,League One,4203293,Barnsley,Exeter City,0.6174816096927737,0.28083080917351794,0.10168758113370835,1,2,2,56,17,6,4,3,73,7,7,9,2,1,16,1,436,206,111,41,33,35,2,63,11,1,20,4,68,45,67,21,1,0,44,9,6,2,2,64,11,10,2,1,1,5,4,343,110,108,24,21,31,0,55,8,2,31,5,56,55,33,67,3,0
2024-01-27,League One,4203292,Blackpool,Charlton Athletic,0.5938446014127144,0.2759838546922301,0.1301715438950555,1,1,1,60,17,3,3,3,73,7,9,7,7,1,15,2,455,174,156,38,20,42,3,65,6,5,14,3,75,58,53,50,1,0,40,13,3,0,0,62,16,2,5,5,1,9,4,321,116,84,30,22,18,2,65,6,7,31,1,60,42,47,41,6,0
2024-01-27,League One,4203294,Bristol Rovers,Oxford United,0.3376413570274637,0.33037156704361875,0.33198707592891763,3,1,0,42,9,6,3,1,66,12,5,1,2,0,5,4,392,115,143,34,24,22,0,54,9,2,22,4,44,47,28,36,1,0,58,10,5,0,0,77,4,5,1,4,0,6,4,552,244,180,38,18,26,0,50,8,1,23,3,62,53,72,54,1,0
2024-01-27,League One,4203295,Cambridge United,Burton Albion,0.4611973392461197,0.3325942350332594,0.20620842572062084,0,0,1,71,21,4,1,1,82,14,4,5,12,0,13,8,521,214,212,54,10,32,3,75,2,0,12,3,46,43,50,14,4,0,29,5,3,0,0,61,15,0,2,0,0,1,4,216,59,73,27,13,15,1,64,14,12,41,4,54,57,50,80,5,1
2024-01-27,League One,4203296,Carlisle United,Bolton Wanderers,0.20966865833785986,0.2390005431830527,0.5513307984790875,1,4,2,38,11,2,1,1,58,6,5,6,3,0,6,5,306,63,113,32,33,30,2,70,10,6,16,4,59,53,40,33,1,0,62,17,8,2,1,77,9,5,3,6,0,11,6,512,194,201,36,33,25,1,87,7,3,24,1,65,47,60,32,2,0
2024-01-27,League One,4203297,Derby County,Cheltenham Town,0.6342105263157894,0.2710526315789474,0.09473684210526316,2,1,0,56,12,2,0,0,69,12,11,5,5,0,6,6,380,163,99,38,25,33,5,57,11,2,38,2,64,47,44,36,1,0,44,8,3,0,0,55,11,1,3,2,0,6,2,313,50,122,32,18,25,1,69,10,5,28,0,77,53,56,54,2,0
2024-01-27,League One,4203288,Lincoln City,Peterborough United,0.22229219143576825,0.26385390428211586,0.5138539042821159,0,0,1,29,12,3,2,2,69,11,3,5,4,0,6,6,259,97,82,35,0,19,3,54,8,1,27,4,61,51,44,47,1,0,71,7,3,1,1,84,14,6,3,1,1,2,5,643,305,235,58,7,30,1,67,6,4,16,3,63,49,56,61,1,0
2024-01-27,League One,4203289,Northampton Town,Shrewsbury Town,0.5506692160611855,0.29158699808795413,0.1577437858508604,0,2,2,59,7,2,0,0,74,8,7,3,2,0,3,4,449,234,100,24,6,24,0,64,10,4,27,7,48,58,43,57,0,0,41,19,9,2,2,60,13,5,6,4,1,13,6,301,63,118,34,52,29,5,64,9,2,22,2,45,42,58,25,3,0
2024-01-27,League One,4203313,Port Vale,Portsmouth,0.20728643216080403,0.24874371859296482,0.5439698492462312,0,1,2,35,7,0,0,0,54,14,3,5,2,0,1,6,307,72,93,30,27,13,1,69,5,9,28,5,47,47,48,33,4,0,65,20,6,3,2,76,8,10,5,9,0,16,4,561,232,197,46,25,22,4,38,5,2,20,0,52,53,52,50,2,0
2024-01-27,League One,4203314,Reading,Leyton Orient,0.41740674955595025,0.2895204262877442,0.29307282415630553,1,1,1,50,15,4,1,1,68,7,5,5,6,0,13,2,381,133,127,41,40,30,2,54,16,2,22,4,68,53,62,45,2,0,50,11,5,2,1,68,14,5,4,2,0,7,4,386,111,152,32,0,35,3,58,8,6,16,3,54,48,38,46,1,0
2024-01-27,League One,4203315,Wigan Athletic,Stevenage,0.43646408839779005,0.3268876611418048,0.23664825046040516,2,3,2,62,10,2,2,0,82,19,4,1,7,0,6,4,444,223,140,41,21,25,0,67,6,5,18,0,52,45,47,60,4,0,38,16,3,2,1,68,17,2,8,5,0,7,9,265,63,117,33,35,20,1,67,7,7,23,0,62,55,53,83,4,0
2024-01-27,League One,4203316,Wycombe Wanderers,Fleetwood Town,0.5592417061611374,0.3109004739336493,0.12985781990521328,2,2,1,61,30,9,6,4,74,15,11,11,10,0,25,5,348,121,138,62,30,31,5,100,10,2,27,1,67,52,63,63,1,0,39,7,5,2,0,59,22,7,2,0,0,7,0,222,74,57,32,29,12,3,44,9,8,49,6,49,48,37,43,3,1
2024-01-30,League One,4203028,Oxford United,Portsmouth,0.29422806194274986,0.2975129047395589,0.4082590333176912,2,2,1,35,13,4,1,0,67,8,6,3,6,0,7,6,300,117,84,32,6,31,2,64,5,5,28,3,58,59,42,67,0,0,65,17,6,3,2,78,11,3,7,4,0,11,6,570,235,209,48,37,32,0,82,5,6,21,2,58,41,58,50,2,0
2024-02-03,League One,4203322,Oxford United,Reading,0.5327597617471873,0.26538716082064856,0.20185307743216413,1,1,1,41,9,4,1,0,61,12,5,1,4,0,3,6,322,104,92,32,31,37,4,65,8,3,28,1,69,51,53,61,1,0,59,7,1,0,0,68,13,2,3,3,0,3,4,457,188,121,37,18,37,2,68,8,4,16,3,64,49,47,50,3,0
2024-02-03,League One,4203317,Bolton Wanderers,Barnsley,0.5768386388583974,0.24753018660812295,0.1756311745334797,1,1,1,68,15,4,1,0,79,12,12,7,4,0,10,5,552,239,196,39,28,26,3,36,5,2,14,4,54,53,56,64,2,0,32,10,5,4,3,57,11,3,3,2,0,5,5,260,62,87,29,11,12,10,67,4,4,26,3,46,47,44,29,4,0
2024-02-03,League One,4203318,Burton Albion,Lincoln City,0.3799435028248588,0.3559322033898305,0.2641242937853107,0,1,2,61,12,4,0,0,76,17,5,3,5,0,9,3,428,171,155,43,13,26,0,47,6,3,15,3,61,40,60,44,8,0,39,11,4,4,4,65,8,5,4,3,0,10,1,283,85,100,30,18,16,0,47,8,4,39,4,61,60,40,58,2,1
2024-02-03,League One,4203319,Charlton Athletic,Derby County,0.22894736842105262,0.2256578947368421,0.5453947368421053,0,1,2,61,11,3,1,1,74,15,6,2,6,0,3,8,484,186,174,30,25,30,1,88,8,6,18,2,40,44,30,47,2,0,39,10,3,0,0,63,12,3,1,6,0,7,3,303,88,103,33,27,24,1,81,8,6,21,3,66,56,70,67,5,0
2024-02-03,League One,4203320,Cheltenham Town,Wycombe Wanderers,0.34904013961605584,0.3036649214659686,0.3472949389179756,1,3,2,57,13,3,1,1,55,7,8,7,3,0,11,2,383,73,137,33,21,19,1,64,5,2,15,2,77,65,49,73,1,0,43,11,4,2,1,45,12,6,5,2,0,6,5,309,62,77,25,17,29,0,14,17,3,41,2,65,35,51,43,2,0
2024-02-03,League One,4203325,Exeter City,Bristol Rovers,0.45064935064935063,0.2571428571428571,0.2922077922077922,0,1,2,59,11,6,2,2,78,12,6,4,1,2,8,3,469,208,156,32,4,35,1,50,10,1,14,1,58,49,46,45,1,0,41,6,2,1,1,63,12,2,3,1,0,4,2,337,92,119,28,36,24,1,61,10,1,23,6,62,51,54,47,3,0
2024-02-03,League One,4203324,Fleetwood Town,Port Vale,0.32786885245901637,0.3114754098360656,0.36065573770491804,3,0,0,40,12,8,3,2,64,12,4,2,2,0,10,2,281,84,95,44,9,30,4,64,4,4,36,1,56,46,57,63,3,0,60,10,1,1,1,70,8,8,4,5,0,3,7,426,164,135,45,10,38,3,56,4,2,25,5,52,54,43,50,1,0
2024-02-03,League One,4203323,Leyton Orient,Carlisle United,0.6391752577319587,0.20504009163802978,0.15578465063001146,3,2,0,58,17,8,3,2,71,15,6,6,3,0,12,5,484,153,193,34,19,32,1,80,8,1,28,0,60,41,54,29,4,0,42,3,2,1,0,57,9,2,0,1,0,3,0,353,115,87,34,0,40,0,58,9,1,11,5,66,59,46,50,0,0
2024-02-03,League One,4203321,Peterborough United,Wigan Athletic,0.6199158485273493,0.24193548387096775,0.13814866760168304,2,3,2,64,27,8,2,0,88,11,5,10,9,0,18,9,524,239,220,57,18,25,0,71,5,1,9,2,57,56,67,48,2,0,36,10,5,1,0,74,13,1,3,2,0,6,4,309,137,92,36,36,15,1,55,7,9,34,7,41,44,33,40,5,1
2024-02-03,League One,4203312,Portsmouth,Northampton Town,0.6540317022742936,0.23225361819434873,0.11371467953135768,4,1,0,50,12,7,4,2,73,13,6,3,2,0,8,4,438,214,106,40,18,24,3,50,5,6,20,4,52,46,63,33,1,1,50,13,5,1,1,74,12,1,2,6,0,7,6,436,185,139,20,21,27,1,61,9,2,25,3,50,54,37,73,1,0
2024-02-03,League One,4203311,Shrewsbury Town,Cambridge United,0.49823321554770317,0.2968197879858657,0.2049469964664311,1,2,2,61,9,3,0,0,74,20,5,3,3,0,7,2,448,162,168,44,26,25,0,58,12,3,18,1,49,38,53,17,1,1,39,8,3,2,0,59,11,2,2,3,0,6,2,295,102,72,29,9,22,1,58,10,3,30,2,62,62,47,44,2,0
2024-02-03,League One,4203299,Stevenage,Blackpool,0.3742004264392324,0.2953091684434968,0.3304904051172708,1,0,0,48,11,4,2,2,55,13,4,2,5,0,9,2,325,63,117,33,25,30,2,82,5,3,33,3,76,52,55,50,2,0,52,12,3,1,1,59,14,9,6,3,0,5,7,351,90,118,30,18,25,2,64,12,5,22,3,66,48,45,57,3,0
2024-02-06,League One,4203023,Bristol Rovers,Fleetwood Town,0.5704002303484019,0.2942700835012957,0.13532968615030233,0,2,2,66,13,6,2,2,81,11,11,4,3,0,10,3,512,251,165,46,22,30,2,76,8,1,13,1,52,57,45,69,3,1,34,7,3,2,0,68,15,4,3,1,1,5,2,261,95,83,30,36,21,0,69,11,3,24,6,44,43,55,38,3,0
2024-02-06,League One,4203027,Exeter City,Peterborough United,0.24950773558368494,0.28635724331926865,0.4641350210970464,2,1,0,48,6,3,1,1,80,11,4,3,0,1,2,4,403,212,110,38,7,21,0,55,3,4,17,5,40,49,58,60,1,0,52,12,6,3,2,83,12,5,2,4,0,9,3,436,242,120,44,17,16,3,77,5,0,11,2,38,51,42,55,1,1
2024-02-06,League One,4203029,Port Vale,Leyton Orient,0.30099417209461776,0.3215632499142955,0.3774425779910867,0,1,2,45,7,3,0,0,67,3,4,4,0,0,5,2,391,157,105,30,25,19,1,36,7,5,14,7,43,46,61,22,0,0,55,17,8,3,2,76,6,2,4,5,0,11,6,497,157,220,38,50,31,7,55,9,0,25,3,37,54,39,64,3,0
2024-02-06,League One,4203281,Stevenage,Reading,0.48261877172653533,0.29692931633835457,0.22045191193511007,0,1,2,56,17,2,2,2,66,4,9,7,8,1,12,5,350,65,165,53,21,44,4,36,7,3,17,0,75,52,68,38,0,0,44,7,1,1,1,53,13,3,4,2,0,2,5,290,86,67,24,0,23,2,76,7,6,33,2,50,48,32,47,4,0
2024-02-10,League One,4203300,Barnsley,Leyton Orient,0.5330769230769231,0.2923076923076923,0.17461538461538462,2,1,0,62,23,11,3,1,80,6,9,9,3,0,16,7,466,237,136,52,30,32,0,64,4,2,13,4,51,58,59,67,2,1,38,7,5,1,0,67,15,1,0,2,0,4,3,299,92,107,28,33,26,5,67,5,2,41,9,37,42,41,50,3,0
2024-02-10,League One,4203301,Blackpool,Oxford United,0.4908759124087591,0.31204379562043794,0.19708029197080293,1,1,1,54,16,6,2,1,70,9,6,3,7,0,11,5,453,166,151,34,21,30,0,44,7,2,8,0,56,46,53,21,3,0,46,8,2,2,2,61,9,5,5,1,1,3,5,389,143,96,33,27,26,2,79,3,6,28,5,58,54,47,50,1,0
2024-02-10,League One,4203302,Bristol Rovers,Burton Albion,0.5413105413105413,0.32051282051282054,0.13817663817663817,1,2,2,68,7,3,0,0,74,12,5,2,2,0,3,4,491,199,165,36,27,36,0,58,5,3,18,6,60,50,48,53,0,0,32,13,9,1,0,50,14,1,2,2,0,9,4,234,52,66,28,25,20,1,43,12,2,34,2,63,50,52,50,4,0
2024-02-10,League One,4203303,Cambridge United,Cheltenham Town,0.5664451827242525,0.28903654485049834,0.14451827242524917,0,1,2,50,10,5,5,5,61,10,2,5,0,0,7,3,352,132,84,24,23,34,5,50,3,4,33,1,72,51,48,78,3,0,50,13,2,1,1,63,19,5,5,6,0,7,6,352,56,166,30,12,27,8,55,3,0,32,5,74,49,52,79,3,0
2024-02-10,League One,4203304,Carlisle United,Portsmouth,0.17934093789607097,0.17553865652724968,0.6451204055766794,0,1,2,44,7,1,0,0,63,8,3,4,2,0,4,3,364,127,102,29,0,38,1,72,10,0,17,0,61,53,39,65,1,0,56,11,1,2,1,70,10,3,10,0,2,5,6,453,153,163,39,11,32,0,89,9,2,16,1,70,47,61,54,0,0
2024-02-10,League One,4203305,Derby County,Shrewsbury Town,0.6615969581749049,0.23248234655078762,0.10592069527430745,1,1,1,57,8,3,0,0,72,7,4,3,2,1,5,3,387,172,108,26,37,34,8,53,3,2,18,2,58,53,59,10,2,0,43,7,3,0,0,64,15,2,2,2,0,1,6,300,80,112,29,0,30,1,71,4,2,25,2,46,47,41,44,3,0
2024-02-10,League One,4203306,Lincoln City,Fleetwood Town,0.5171232876712328,0.3236301369863014,0.15924657534246575,2,1,0,55,20,4,5,4,76,11,6,14,2,1,13,7,429,162,162,38,27,34,1,60,0,0,13,1,54,52,40,38,3,0,45,3,2,2,1,66,15,0,1,0,0,2,1,370,172,74,36,33,20,3,77,6,2,39,2,62,48,60,57,1,1
2024-02-10,League One,4203307,Northampton Town,Bolton Wanderers,0.21530698065601345,0.22960470984020184,0.5550883095037847,1,1,1,46,14,5,1,1,71,10,4,5,4,1,8,6,334,121,116,32,40,30,2,87,12,3,27,3,50,56,49,25,0,0,54,8,4,0,0,73,15,7,1,3,0,7,1,379,198,79,30,18,30,4,50,4,4,13,4,44,44,51,33,4,1
2024-02-10,League One,4203308,Port Vale,Stevenage,0.25039619651347067,0.2820919175911252,0.4675118858954041,2,2,1,59,13,5,2,1,67,14,4,4,4,0,7,6,450,142,160,23,38,29,0,50,5,1,24,2,56,42,38,42,3,0,41,11,4,4,2,59,13,1,6,1,1,9,2,311,73,111,38,21,31,2,84,11,4,25,4,85,58,62,60,4,0
2024-02-10,League One,4203309,Reading,Charlton Athletic,0.4936416184971098,0.2543352601156069,0.2520231213872832,2,0,0,55,12,7,2,2,68,12,11,2,3,0,10,2,379,134,123,38,8,33,0,67,4,6,16,1,51,40,46,38,1,0,45,9,1,0,0,62,8,5,2,6,0,6,3,308,83,109,26,18,31,1,54,6,3,29,5,69,60,54,43,1,0
2024-02-10,League One,4203310,Wigan Athletic,Exeter City,0.5659679408138101,0.2564734895191122,0.17755856966707767,1,2,2,64,12,6,1,0,84,13,11,4,2,0,10,2,486,253,154,41,25,19,2,75,5,1,12,2,60,54,69,60,2,0,36,8,4,0,0,73,14,6,3,1,0,2,6,279,93,111,18,0,18,1,50,6,2,22,5,43,46,31,33,2,0
2024-02-10,League One,4203298,Wycombe Wanderers,Peterborough United,0.2644444444444444,0.2866666666666667,0.4488888888888889,5,2,0,32,16,7,2,1,65,8,3,3,6,0,11,5,303,62,135,29,63,27,1,72,15,6,22,1,45,50,48,50,2,0,68,11,3,1,0,83,6,11,2,6,0,7,4,615,305,204,49,21,26,3,59,6,5,13,4,46,50,52,55,1,0
2024-02-13,League One,4203338,Bolton Wanderers,Wycombe Wanderers,0.5582753824756607,0.30764951321279554,0.13407510431154382,2,1,0,56,8,4,0,0,66,11,6,3,1,0,6,2,432,166,121,30,24,30,4,60,6,1,13,4,59,52,50,69,1,0,44,13,5,3,2,64,16,2,7,1,0,10,3,347,127,96,31,17,24,2,75,6,1,18,2,57,48,50,54,1,0
2024-02-13,League One,4203340,Charlton Athletic,Lincoln City,0.4040506329113924,0.3453164556962025,0.25063291139240507,1,1,1,62,7,3,1,1,72,12,5,1,3,0,3,4,496,194,161,38,8,28,2,76,3,0,18,0,67,58,49,64,3,0,38,5,1,0,0,59,15,6,4,0,1,2,3,295,104,69,23,13,27,0,58,7,3,45,2,58,42,51,36,4,0
2024-02-13,League One,4203341,Cheltenham Town,Blackpool,0.24286405418480891,0.33768746976294145,0.41944847605224966,2,0,0,42,16,8,3,3,54,16,7,7,1,0,14,2,294,64,94,28,43,33,1,65,4,2,28,1,82,58,47,63,4,0,58,3,1,1,1,66,13,3,0,2,0,3,0,397,158,104,35,20,42,1,56,7,1,36,6,77,42,53,25,3,0
2024-02-13,League One,4203342,Exeter City,Derby County,0.23076923076923078,0.3031316509577379,0.4660991182730313,0,3,2,70,12,2,0,0,85,9,3,6,4,1,6,6,577,277,215,44,0,30,3,69,3,1,8,3,45,53,50,53,2,0,30,9,6,3,2,64,13,1,2,1,0,6,3,249,90,70,29,33,25,0,61,8,4,19,2,41,47,50,71,3,0
2024-02-13,League One,4203343,Fleetwood Town,Reading,0.29259259259259257,0.3529100529100529,0.3544973544973545,1,1,1,52,13,5,4,3,72,8,5,2,6,0,10,3,407,142,151,54,24,29,0,29,5,0,20,3,55,57,52,67,0,0,48,7,4,2,2,71,9,2,3,0,0,3,4,399,192,91,39,8,25,4,57,3,5,29,4,46,43,48,60,3,0
2024-02-13,League One,4203344,Leyton Orient,Northampton Town,0.4697442295695571,0.36743605739238927,0.16281971303805365,4,3,0,59,19,8,5,2,79,12,8,5,6,1,12,7,517,189,221,45,32,27,2,52,10,4,27,1,56,58,45,38,2,0,41,10,4,0,0,67,10,2,2,4,0,7,3,369,119,128,45,10,33,0,78,12,6,22,4,52,42,55,29,2,0
2024-02-13,League One,4203345,Oxford United,Wigan Athletic,0.42973523421588594,0.3564154786150713,0.21384928716904278,4,2,0,47,15,5,1,0,75,21,2,5,5,2,8,7,361,142,129,41,31,37,1,69,6,1,18,3,38,38,43,36,3,0,53,11,5,1,0,77,8,5,5,1,1,9,2,411,180,135,43,23,30,2,69,5,5,12,1,57,62,57,62,4,0
2024-02-13,League One,4203337,Portsmouth,Cambridge United,0.6370669357551295,0.2721157080390178,0.09081735620585267,3,1,0,64,9,4,2,0,77,13,5,2,3,0,4,5,491,199,180,51,17,18,2,63,0,5,24,1,47,42,49,50,2,0,36,10,2,0,0,57,15,8,2,6,0,9,1,263,72,79,21,24,28,2,58,6,3,20,1,58,58,51,87,5,0
2024-02-13,League One,4203336,Shrewsbury Town,Barnsley,0.23944997629208156,0.32195353247984826,0.43859649122807015,1,1,1,38,15,4,2,2,61,14,5,4,7,0,9,6,290,78,99,35,20,21,3,67,3,10,36,3,33,36,38,17,3,0,62,21,4,2,1,74,6,8,6,11,0,14,7,460,192,150,40,20,30,4,67,4,5,13,4,56,64,62,67,2,0
2024-02-13,League One,4203335,Stevenage,Bristol Rovers,0.49382716049382713,0.3468013468013468,0.15937149270482603,2,3,2,49,18,6,3,1,62,7,6,4,8,1,10,8,363,79,147,25,19,29,4,53,10,2,8,0,76,59,59,67,0,0,51,6,4,1,0,66,16,1,1,1,0,4,2,387,149,108,31,22,32,0,73,6,8,31,4,52,41,41,36,1,1
2024-02-17,League One,4203326,Bolton Wanderers,Charlton Athletic,0.6872202884137245,0.1964196916956738,0.11636001989060168,3,3,1,67,18,5,3,1,79,7,7,8,5,0,11,7,497,143,250,45,29,39,0,50,6,2,16,1,58,60,55,42,2,0,33,6,4,0,0,59,18,6,0,2,0,4,2,235,61,77,21,20,27,2,63,9,5,26,2,41,40,45,40,6,0
2024-02-17,League One,4203327,Carlisle United,Cambridge United,0.37822349570200575,0.24641833810888253,0.3753581661891118,0,4,2,63,15,3,1,1,81,7,5,7,5,0,8,7,532,253,177,41,21,26,2,78,7,3,16,1,47,45,38,39,2,0,37,11,4,3,1,65,9,6,4,3,0,7,4,304,73,126,47,26,14,0,71,5,5,18,3,66,55,62,36,1,0
2024-02-17,League One,4203328,Cheltenham Town,Port Vale,0.5048701298701299,0.24675324675324675,0.2483766233766234,3,2,0,52,16,7,1,1,59,10,7,4,5,0,12,4,328,50,144,28,21,30,1,89,9,1,12,3,59,45,46,20,1,0,48,7,4,0,0,59,19,2,2,1,0,6,1,317,102,86,35,13,26,1,83,4,6,40,3,71,55,54,56,3,0
2024-02-17,League One,4203329,Derby County,Stevenage,0.6421386977236633,0.235574377977766,0.12228692429857067,1,0,0,58,5,2,0,0,68,13,2,3,0,0,3,2,422,134,155,36,22,27,2,83,12,0,21,2,70,46,64,46,0,0,42,4,2,0,0,59,16,4,2,0,0,4,0,312,74,109,18,0,40,2,52,10,0,21,1,60,54,36,50,2,0
2024-02-17,League One,4203330,Fleetwood Town,Barnsley,0.20064724919093851,0.2524271844660194,0.5469255663430421,1,2,2,54,17,5,1,1,63,10,7,8,4,0,11,6,367,119,111,33,17,27,1,60,10,2,22,4,40,31,44,17,0,0,46,15,6,3,2,60,9,3,7,2,0,8,7,322,99,93,27,26,25,3,35,9,4,33,4,66,69,56,67,4,0
2024-02-17,League One,4203331,Leyton Orient,Burton Albion,0.6266490765171504,0.22691292875989447,0.14643799472295516,1,2,2,75,11,5,2,1,88,10,4,3,3,0,9,2,650,300,270,55,6,24,0,80,2,2,34,1,40,38,50,36,1,0,25,8,3,1,1,60,8,6,3,2,0,5,3,206,48,75,42,13,27,1,44,13,3,23,4,54,62,50,57,1,0
2024-02-17,League One,4203332,Lincoln City,Exeter City,0.5158227848101266,0.2468354430379747,0.23734177215189872,1,0,0,44,15,7,2,1,67,5,7,6,2,0,9,6,332,123,98,30,27,35,1,67,7,3,19,1,50,55,45,50,1,0,56,6,1,1,1,75,12,5,2,3,1,2,4,444,219,114,29,17,23,1,50,4,2,38,6,49,45,55,64,3,0
2024-02-17,League One,4203333,Northampton Town,Bristol Rovers,0.4062992125984252,0.28188976377952757,0.31181102362204727,3,1,0,44,7,4,1,0,70,14,3,1,2,1,4,3,395,134,144,29,0,23,2,67,7,4,21,3,29,33,28,33,2,0,56,13,4,1,0,78,6,5,5,4,0,10,3,488,206,177,42,22,22,4,61,9,2,6,1,63,67,72,82,1,0
2024-02-17,League One,4203334,Peterborough United,Blackpool,0.559040590405904,0.23616236162361623,0.2047970479704797,1,2,2,63,14,4,1,1,84,12,7,4,6,0,9,5,572,329,151,29,11,25,2,73,1,3,12,6,50,46,42,43,1,0,37,17,8,1,0,75,11,1,6,3,0,12,5,345,126,134,37,40,23,2,80,8,6,23,3,63,54,58,57,4,0
2024-02-17,League One,4203347,Portsmouth,Reading,0.6541617819460727,0.19226260257913247,0.15357561547479484,4,1,0,44,10,6,1,0,68,11,2,3,1,0,7,3,325,117,105,42,21,25,4,62,10,2,19,5,58,50,56,50,4,0,56,15,6,3,3,73,15,6,7,2,1,8,7,426,224,88,40,15,23,1,56,7,1,17,2,53,50,44,80,3,0
2024-02-17,League One,4203348,Shrewsbury Town,Wigan Athletic,0.3784219001610306,0.2753623188405797,0.3462157809983897,0,1,2,51,15,3,1,1,75,24,14,5,7,0,11,4,374,140,141,48,28,26,1,38,5,1,12,2,38,43,44,64,5,0,49,8,3,1,1,78,11,5,4,1,0,6,2,390,220,83,34,6,19,4,67,1,5,34,3,50,57,56,55,2,0
2024-02-17,League One,4203349,Wycombe Wanderers,Oxford United,0.44082125603864736,0.2584541062801932,0.3007246376811594,0,0,1,46,10,4,2,2,64,10,8,5,1,0,9,1,339,82,134,25,28,32,1,55,3,1,13,2,50,50,40,50,0,0,54,9,2,1,1,70,13,3,6,1,0,5,4,404,191,93,41,29,20,0,46,7,1,29,4,61,50,60,46,3,0
2024-02-20,League One,4203260,Oxford United,Northampton Town,0.511660447761194,0.33861940298507465,0.14972014925373134,2,2,1,62,18,6,2,2,84,5,7,7,5,0,8,10,559,305,167,52,23,25,2,29,11,3,4,0,38,55,57,57,1,0,38,6,2,1,0,68,11,0,1,3,0,4,2,345,146,89,27,50,19,0,67,6,5,23,4,30,45,43,71,4,0
2024-02-23,League One,4203071,Wigan Athletic,Cheltenham Town,0.5865457294028723,0.2781557067271353,0.13529856386999245,1,1,1,70,9,2,0,0,84,11,6,3,4,0,4,5,642,325,212,41,21,23,2,56,4,0,8,1,55,47,52,50,1,0,30,6,2,1,0,64,11,1,4,0,0,1,5,283,75,107,36,0,18,0,73,11,4,26,2,56,53,48,45,0,0
2024-02-24,League One,4203064,Cambridge United,Peterborough United,0.271889400921659,0.2357910906298003,0.4923195084485407,0,1,2,39,8,4,0,0,68,15,2,1,3,0,1,7,335,119,109,31,25,18,3,76,7,3,18,2,53,54,35,43,4,0,61,13,3,4,4,84,12,5,7,3,2,10,3,537,274,177,57,32,28,3,54,4,3,16,4,59,46,65,43,2,0
2024-02-24,League One,4203037,Barnsley,Derby County,0.3125345113197129,0.2506902263942573,0.4367752622860298,2,1,0,52,7,5,0,0,68,10,3,1,1,0,4,3,373,121,132,37,19,27,4,60,8,6,34,2,60,46,66,55,4,0,48,12,4,0,0,62,6,10,3,5,0,7,5,339,115,94,24,25,25,5,73,6,2,20,2,46,54,34,50,1,0
2024-02-24,League One,4203036,Blackpool,Bolton Wanderers,0.3128491620111732,0.236731843575419,0.4504189944134078,4,1,0,37,15,8,6,3,64,8,4,4,3,0,13,2,315,110,91,34,43,28,0,48,17,5,21,2,64,60,45,56,1,0,63,14,3,4,4,78,13,7,6,5,0,10,4,534,222,192,34,26,33,3,63,8,4,11,3,56,40,55,30,3,1
2024-02-24,League One,4203047,Bristol Rovers,Carlisle United,0.6445264452644527,0.2078720787207872,0.14760147601476015,2,1,0,52,11,4,2,1,74,9,3,4,3,0,7,4,466,150,197,33,32,21,4,54,7,4,22,2,61,62,41,38,3,0,48,14,3,1,1,72,13,7,7,4,1,12,2,418,154,146,42,39,19,1,50,9,3,18,2,56,38,59,46,2,0
2024-02-24,League One,4203048,Burton Albion,Northampton Town,0.44305772230889234,0.2667706708268331,0.29017160686427457,0,2,2,49,16,3,0,0,62,16,6,9,4,0,12,4,348,109,106,31,17,33,0,14,5,2,10,2,61,46,41,33,0,0,51,10,4,0,0,69,6,1,4,2,1,1,9,391,157,111,35,0,16,2,52,6,4,53,3,81,54,59,14,2,0
2024-02-24,League One,4203065,Charlton Athletic,Portsmouth,0.23930078360458107,0.1892706449668475,0.5714285714285714,0,0,1,45,6,2,2,2,55,11,4,3,1,1,6,0,297,55,108,24,18,26,2,56,7,2,19,3,58,53,49,50,2,0,55,13,3,1,1,64,8,5,8,2,1,11,2,371,114,123,35,33,41,0,78,1,1,19,2,56,47,51,40,0,0
2024-02-24,League One,4203066,Exeter City,Fleetwood Town,0.5963149078726968,0.2613065326633166,0.1423785594639866,1,1,1,59,7,2,2,1,76,10,7,4,1,0,4,3,477,212,152,40,16,38,5,64,9,5,25,2,49,45,49,50,4,0,41,14,3,3,2,67,7,9,6,5,0,11,3,328,121,99,39,32,25,0,68,11,1,26,1,56,55,51,46,1,0
2024-02-24,League One,4203067,Oxford United,Leyton Orient,0.565680473372781,0.26153846153846155,0.1727810650887574,1,2,2,49,12,6,0,0,70,7,5,3,3,0,5,7,420,196,99,44,43,30,0,46,7,4,21,5,67,58,63,43,2,0,51,12,7,1,1,72,19,5,1,4,0,8,4,447,169,152,30,40,27,1,73,8,3,21,5,44,42,37,46,6,0
2024-02-24,League One,4203068,Port Vale,Lincoln City,0.34915773353751917,0.21592649310872894,0.4349157733537519,0,2,2,58,10,4,1,1,79,9,2,5,1,0,6,4,559,238,202,49,41,21,3,54,8,1,11,2,59,55,71,61,4,0,42,5,4,3,1,71,8,5,0,1,0,3,2,395,165,115,30,12,18,3,45,7,1,19,4,37,45,29,50,2,0
2024-02-24,League One,4203069,Reading,Shrewsbury Town,0.609967497291441,0.24918743228602383,0.14084507042253522,2,3,2,66,14,3,2,1,81,14,7,7,4,0,11,3,558,278,174,43,28,17,1,50,10,2,6,2,60,52,61,60,4,0,34,9,5,1,0,63,15,4,2,2,0,4,5,286,95,86,35,23,27,1,67,12,4,27,1,49,48,39,50,5,0
2024-02-24,League One,4203070,Stevenage,Wycombe Wanderers,0.5102599179206566,0.2763337893296854,0.213406292749658,1,0,0,52,11,4,2,2,51,9,8,5,2,0,5,6,300,60,93,18,25,29,1,40,6,2,28,1,74,60,50,29,1,0,48,7,1,2,2,50,15,2,4,2,1,5,2,276,47,92,26,21,32,1,60,4,2,37,3,62,40,50,41,2,1
2024-02-27,League One,4203339,Burton Albion,Carlisle United,0.548854041013269,0.3148371531966224,0.13630880579010857,0,1,2,51,16,5,1,1,58,13,2,7,4,0,11,5,349,70,132,41,27,33,0,85,5,1,12,2,67,45,45,67,0,0,49,6,3,0,0,58,11,3,1,2,0,3,3,338,86,110,35,11,23,2,40,13,4,35,6,81,55,55,54,2,0
2024-02-27,League One,4202905,Derby County,Charlton Athletic,0.6390993265993266,0.2359006734006734,0.125,1,2,2,56,12,5,1,0,65,11,4,4,3,0,7,5,403,109,154,36,19,39,1,47,10,2,16,1,70,54,52,42,2,0,44,7,3,3,2,57,15,5,2,2,1,6,1,312,58,120,21,19,21,3,65,9,3,27,4,63,46,48,36,2,0
2024-02-27,League One,4203286,Leyton Orient,Blackpool,0.34635036496350363,0.32226277372262774,0.33138686131386863,1,0,0,48,12,3,1,1,59,13,2,4,5,0,10,2,358,89,124,28,13,35,1,75,7,3,28,0,57,48,31,45,1,0,52,6,0,0,0,59,9,2,2,4,0,4,2,391,104,126,45,10,37,0,72,10,5,25,2,94,52,69,33,2,0
2024-02-27,League One,4203285,Lincoln City,Shrewsbury Town,0.5349557522123893,0.3030973451327434,0.16194690265486725,3,0,0,47,23,8,5,5,71,10,6,11,4,1,19,4,358,142,112,26,27,26,2,64,9,2,15,1,47,55,39,56,0,0,53,6,1,0,0,72,11,5,3,2,0,4,2,416,181,117,41,25,27,1,36,8,4,29,5,48,45,61,33,2,0
2024-02-27,League One,4202979,Port Vale,Fleetwood Town,0.4767873723305478,0.35376044568245124,0.16945218198700093,2,2,1,30,7,2,1,0,57,8,3,4,1,0,7,0,223,58,70,32,44,16,1,57,6,4,60,4,43,45,64,29,0,0,70,20,6,2,0,84,4,16,8,6,0,12,8,494,217,197,43,11,22,2,89,9,1,18,0,37,55,36,54,2,0
2024-02-27,League One,4203219,Stevenage,Cambridge United,0.5278702765310554,0.3290864340524106,0.14304328941653396,1,0,0,52,15,5,2,2,65,10,2,6,4,0,9,6,417,91,179,41,28,29,6,54,9,3,15,1,69,56,61,64,2,0,48,7,1,1,1,56,9,2,3,3,0,6,1,381,141,72,30,27,36,0,50,6,2,23,4,49,44,39,25,1,0
2024-02-27,League One,4203280,Wigan Athletic,Bolton Wanderers,0.32468619246861924,0.2708507670850767,0.40446304044630405,1,0,0,31,4,2,1,0,75,17,0,1,1,0,3,1,280,127,83,35,25,14,2,25,6,3,26,2,41,48,43,50,3,0,69,11,3,1,1,88,15,9,6,2,1,5,6,611,245,291,57,18,19,2,41,6,1,8,1,46,52,57,43,3,0
2024-02-27,League One,4202976,Wycombe Wanderers,Cheltenham Town,0.5132496513249651,0.32496513249651326,0.16178521617852162,2,0,0,51,25,8,5,4,55,8,7,10,7,1,16,9,327,77,104,28,35,39,3,70,2,3,19,0,87,55,66,56,0,0,49,8,0,0,0,50,14,6,4,4,0,3,5,310,61,95,21,20,20,1,56,4,7,27,6,55,45,34,17,1,0
2024-03-02,League One,4203072,Bolton Wanderers,Cambridge United,0.671875,0.20793269230769232,0.1201923076923077,2,0,0,64,25,11,2,1,88,12,10,5,9,1,16,9,588,210,306,52,26,23,2,57,5,1,8,1,36,47,43,44,4,0,36,5,1,0,0,76,10,1,3,1,0,2,3,343,146,115,42,0,20,0,50,8,10,25,8,44,53,57,83,2,0
2024-03-02,League One,4203073,Carlisle United,Reading,0.3033448673587082,0.223760092272203,0.4728950403690888,1,3,2,47,13,1,2,1,74,6,3,7,5,0,7,6,410,126,176,49,21,26,4,60,7,1,12,5,72,52,52,73,0,0,53,11,8,2,0,76,16,4,2,1,1,7,4,486,241,130,42,23,20,1,55,11,5,18,0,67,48,48,67,0,0
2024-03-02,League One,4203074,Cheltenham Town,Burton Albion,0.4853801169590643,0.2884990253411306,0.22612085769980506,0,0,1,61,8,0,0,0,68,11,1,3,5,0,7,1,435,119,176,31,29,21,2,92,7,9,24,1,74,55,46,67,1,0,39,16,2,1,1,58,14,2,6,8,0,11,5,280,71,91,31,33,29,3,94,4,5,38,0,73,45,54,50,4,0
2024-03-02,League One,4203075,Derby County,Port Vale,0.6743661971830985,0.20619718309859156,0.11943661971830986,3,0,0,58,18,5,3,2,78,14,7,10,3,0,11,7,430,193,142,43,33,35,2,33,3,0,28,0,43,46,52,67,0,0,42,3,0,0,0,65,9,4,3,0,0,3,0,322,98,110,42,20,26,0,50,3,2,28,3,44,54,48,50,2,0
2024-03-02,League One,4203076,Fleetwood Town,Wigan Athletic,0.2601880877742947,0.2476489028213166,0.49216300940438873,4,2,0,42,12,6,2,1,83,16,5,3,3,0,11,1,428,210,145,47,43,16,0,83,7,3,24,1,54,44,53,29,0,0,58,8,3,2,1,84,9,4,2,3,1,6,2,584,314,178,46,15,27,0,70,5,3,9,2,62,56,47,47,1,0
2024-03-02,League One,4203063,Leyton Orient,Bristol Rovers,0.5562599049128367,0.20602218700475436,0.23771790808240886,0,1,2,62,17,4,0,0,77,12,18,7,6,0,10,7,485,134,240,35,30,31,2,82,6,1,7,0,51,45,44,50,1,0,38,3,1,1,0,65,9,2,1,1,0,3,0,313,95,107,42,38,15,1,75,8,6,47,4,63,55,56,29,4,1
2024-03-02,League One,4203062,Lincoln City,Stevenage,0.5102639296187683,0.23020527859237536,0.2595307917888563,0,0,1,48,13,1,1,1,59,15,5,7,5,0,6,7,313,103,82,27,38,18,2,75,9,2,32,2,59,53,46,36,2,0,52,10,2,1,1,59,16,3,6,2,0,8,2,352,127,82,31,50,33,1,50,9,5,13,1,59,47,54,38,3,0
2024-03-02,League One,4203049,Northampton Town,Charlton Athletic,0.46534653465346537,0.21216407355021216,0.32248939179632247,1,1,1,54,10,1,1,0,67,6,3,4,5,1,5,5,436,145,148,29,25,43,2,56,8,4,41,3,52,50,50,40,2,0,46,14,4,1,1,59,15,6,6,4,1,10,4,367,115,103,29,12,28,0,67,11,5,24,0,52,50,50,60,2,0
2024-03-02,League One,4203050,Peterborough United,Exeter City,0.6256015399422522,0.22906641000962463,0.1453320500481232,2,1,0,61,18,7,0,0,89,5,9,3,8,0,12,6,643,345,225,58,26,24,3,63,3,4,12,0,37,48,62,40,0,0,39,11,1,0,0,83,12,7,5,5,0,9,2,411,224,117,38,21,19,2,67,12,8,34,5,34,52,38,57,5,0
2024-03-02,League One,4203051,Portsmouth,Oxford United,0.6645367412140575,0.20575079872204474,0.12971246006389775,2,1,0,50,11,5,0,0,71,19,5,4,2,0,6,5,377,127,142,34,25,26,1,83,7,9,21,3,59,46,58,42,4,0,50,18,5,1,0,75,16,7,5,8,2,12,6,376,169,112,28,14,18,0,73,12,2,16,3,58,54,42,33,3,0
2024-03-02,League One,4203052,Shrewsbury Town,Blackpool,0.28837209302325584,0.262015503875969,0.4496124031007752,0,2,2,37,8,1,0,0,57,14,4,6,1,0,7,1,285,56,106,33,30,29,2,60,8,4,23,3,60,37,59,25,2,0,63,11,5,2,0,73,7,6,2,4,0,9,2,500,242,125,36,20,33,2,58,4,1,23,1,66,63,41,56,1,0
2024-03-02,League One,4203053,Wycombe Wanderers,Barnsley,0.2845982142857143,0.2265625,0.4888392857142857,2,4,2,33,11,5,1,0,55,10,3,3,3,0,9,2,278,67,85,33,21,28,2,47,6,1,20,3,56,47,47,47,3,1,67,15,7,2,0,79,5,6,7,1,1,10,5,573,211,240,51,35,26,1,94,7,3,19,3,64,53,53,38,3,0
2024-03-05,League One,4202921,Barnsley,Bolton Wanderers,0.4300542580797358,0.29464496343477237,0.27530077848549184,2,2,1,40,9,6,1,0,53,14,3,2,1,0,6,3,295,79,77,17,6,32,2,64,10,6,20,7,54,46,43,29,2,0,60,19,8,8,6,65,10,6,4,7,1,17,2,454,159,135,30,13,31,3,57,1,1,19,4,68,54,57,36,3,0
2024-03-05,League One,4203093,Cheltenham Town,Charlton Athletic,0.349320882852292,0.3603565365025467,0.2903225806451613,1,3,2,49,19,5,2,1,59,2,2,7,7,1,12,7,397,95,139,29,21,40,2,83,6,5,36,2,89,58,55,58,0,0,51,16,5,5,3,61,7,9,6,5,0,13,3,406,89,160,29,26,39,1,65,3,6,29,4,69,42,45,44,2,0
2024-03-05,League One,4203283,Peterborough United,Northampton Town,0.5669802140771976,0.3039247486214726,0.12909503730132987,5,1,0,65,16,6,3,0,86,3,4,3,7,0,10,6,678,416,164,56,27,25,6,44,2,4,7,0,52,58,54,61,1,0,35,5,1,1,0,73,11,2,0,4,0,1,4,368,180,88,41,17,23,0,50,6,7,18,1,39,42,46,46,1,0
2024-03-09,League One,4203054,Barnsley,Lincoln City,0.6121212121212121,0.24175084175084174,0.14612794612794613,1,5,2,67,14,4,2,1,82,10,7,4,6,0,11,3,589,246,238,48,26,30,1,62,4,3,7,5,61,59,45,67,3,0,33,17,10,4,1,63,17,2,3,4,0,12,5,292,99,86,30,33,18,1,64,9,5,31,2,52,41,55,64,2,0
2024-03-09,League One,4203055,Blackpool,Portsmouth,0.313893653516295,0.22184105202973128,0.4642652944539737,0,0,1,33,4,0,0,0,61,10,1,3,1,1,3,1,258,72,85,31,9,36,1,57,7,3,31,5,55,53,44,67,1,1,67,11,5,0,0,78,14,6,3,3,2,5,6,510,219,179,40,18,22,0,43,1,1,22,0,58,47,56,67,4,0
2024-03-09,League One,4203056,Bristol Rovers,Derby County,0.20767778477029578,0.21774701069855254,0.5745752045311516,0,3,2,51,6,3,1,1,69,12,6,2,1,0,4,2,340,101,134,34,17,38,2,73,8,6,24,2,43,47,41,53,2,0,49,15,6,4,2,71,9,4,4,5,1,10,5,326,126,104,37,20,32,3,88,6,2,23,2,53,53,59,40,2,0
2024-03-09,League One,4203057,Burton Albion,Peterborough United,0.17804428044280443,0.24169741697416974,0.5802583025830258,1,3,2,26,12,2,3,2,62,11,3,5,5,1,7,5,226,67,72,32,18,18,2,50,11,4,16,4,48,52,44,69,2,0,74,13,7,3,1,90,5,3,2,4,0,10,3,670,293,308,58,18,17,0,50,7,5,19,1,51,48,56,56,1,0
2024-03-09,League One,4203058,Cambridge United,Northampton Town,0.41708542713567837,0.26800670016750416,0.3149078726968174,1,1,1,42,4,1,2,1,56,14,0,2,1,0,2,2,349,102,92,22,33,21,2,69,8,2,26,3,47,41,43,44,1,0,58,8,4,1,0,68,9,8,2,2,0,5,3,459,182,128,41,36,30,2,53,10,1,15,0,65,59,57,45,0,0
2024-03-09,League One,4203059,Charlton Athletic,Carlisle United,0.6723404255319149,0.19680851063829788,0.13085106382978723,3,2,0,52,17,8,4,1,69,8,6,5,4,1,7,10,469,142,183,24,29,23,4,67,7,2,14,0,61,43,59,60,2,0,48,7,2,1,0,66,4,2,3,2,0,6,1,423,134,146,24,12,30,1,31,5,4,32,5,54,57,41,67,1,0
2024-03-09,League One,4203060,Exeter City,Bolton Wanderers,0.2192916352675207,0.21024868123587037,0.5704596834966089,2,2,1,40,11,7,2,1,69,14,4,1,3,0,9,2,351,160,83,30,17,20,2,55,6,1,24,3,58,54,43,64,2,0,60,13,5,1,0,78,9,9,7,1,1,8,5,542,225,196,25,38,25,1,71,8,3,16,5,59,46,57,46,0,0
2024-03-09,League One,4203061,Oxford United,Cheltenham Town,0.6187648456057007,0.25415676959619954,0.12707838479809977,2,1,0,55,18,8,1,0,74,6,4,4,6,0,6,12,488,232,129,39,25,25,1,73,11,4,21,2,76,60,66,55,1,0,45,10,3,0,0,63,16,3,2,5,0,3,7,393,104,143,28,15,24,3,81,8,6,19,6,45,40,34,43,5,0
2024-03-09,League One,4203077,Port Vale,Shrewsbury Town,0.4166666666666667,0.2391304347826087,0.3442028985507246,1,2,2,61,16,3,5,4,65,12,8,11,2,0,10,6,412,145,121,39,20,29,2,82,6,2,18,0,67,53,55,46,3,0,39,7,2,2,1,50,14,7,3,2,0,6,1,266,40,94,22,24,25,1,64,14,2,27,2,58,47,45,43,3,0
2024-03-09,League One,4203078,Reading,Wycombe Wanderers,0.5934861278648975,0.2243667068757539,0.18214716525934863,1,2,2,62,18,6,3,2,75,12,9,5,7,1,15,3,451,223,116,44,25,29,0,63,8,4,20,1,66,55,59,54,2,0,38,10,3,2,1,59,11,5,3,4,0,6,4,281,65,100,38,7,26,1,59,9,7,27,5,50,45,41,13,2,0
2024-03-09,League One,4203089,Stevenage,Fleetwood Town,0.6650660264105642,0.2304921968787515,0.10444177671068428,0,0,1,62,13,3,1,1,69,15,7,7,3,0,11,2,417,91,198,40,34,41,5,53,6,0,10,1,74,56,54,83,1,0,38,4,1,1,1,53,14,1,3,0,0,1,3,270,75,68,38,17,22,0,56,3,3,37,3,61,44,46,44,2,1
2024-03-09,League One,4203090,Wigan Athletic,Leyton Orient,0.5077720207253886,0.27331606217616583,0.2189119170984456,1,0,0,56,10,3,4,3,82,7,6,6,1,0,8,2,480,180,213,48,22,24,1,73,3,6,19,1,54,53,63,48,1,0,44,10,1,0,0,76,12,2,3,6,0,2,8,388,115,178,38,9,27,2,50,8,2,22,1,42,47,38,43,1,1
2024-03-12,League One,4203092,Carlisle United,Barnsley,0.24682984370392214,0.28605131229725744,0.4671188439988204,2,3,2,42,7,5,2,0,60,5,6,2,0,0,3,4,358,113,103,26,8,21,1,67,8,10,28,3,47,53,33,60,0,0,58,24,6,3,1,74,9,9,8,10,1,14,10,488,143,216,33,39,37,4,69,4,0,12,3,64,47,67,86,3,0
2024-03-12,League One,4203094,Derby County,Reading,0.6366914103923648,0.24602332979851538,0.11728525980911983,2,1,0,55,19,7,6,4,66,11,7,5,7,2,15,4,361,116,123,35,22,34,1,63,4,2,10,0,59,49,49,38,3,0,45,5,1,0,0,66,17,2,2,2,0,2,3,311,140,66,25,13,15,0,60,10,7,30,5,62,51,51,62,4,1
2024-03-12,League One,4203095,Fleetwood Town,Bristol Rovers,0.38286544046466603,0.35333978702807356,0.2637947725072604,0,0,1,40,14,3,2,2,70,9,4,5,6,1,11,3,319,109,113,42,31,19,1,47,6,6,21,5,57,47,50,41,2,0,60,14,6,3,3,80,13,9,3,5,1,10,4,495,236,160,41,21,20,2,33,8,6,25,2,62,53,50,58,2,0
2024-03-12,League One,4203096,Leyton Orient,Port Vale,0.5621387283236994,0.3111753371868979,0.12668593448940269,0,0,1,59,8,3,1,1,75,9,9,3,2,1,3,5,512,225,161,34,14,26,5,75,7,2,26,2,51,47,48,44,0,0,41,9,2,0,0,59,4,2,5,2,0,6,3,356,97,114,30,37,35,0,44,6,2,26,3,56,53,52,50,1,0
2024-03-12,League One,4203088,Lincoln City,Cambridge United,0.5958459541324103,0.2929467762873215,0.11120726958026828,6,0,0,57,19,9,5,2,81,11,10,8,2,0,16,3,484,224,167,58,19,23,3,53,6,3,18,4,59,49,49,50,2,0,43,13,4,2,2,68,8,5,6,3,2,8,5,364,123,123,39,35,22,0,44,2,1,24,3,62,51,51,44,2,0
2024-03-12,League One,4203087,Northampton Town,Blackpool,0.3057324840764331,0.3475887170154686,0.3466787989080983,0,1,2,49,8,2,0,0,75,13,9,3,3,0,4,4,453,253,88,24,17,22,0,82,3,2,19,4,37,46,40,40,1,0,51,11,5,2,1,80,9,2,4,2,1,10,1,475,254,124,45,31,26,5,43,7,3,27,2,49,54,60,50,0,0
2024-03-12,League One,4203080,Portsmouth,Burton Albion,0.658806404657933,0.2509461426491994,0.09024745269286755,2,1,0,70,14,3,3,1,87,11,5,8,3,1,7,7,554,245,237,59,12,17,0,75,4,3,24,0,55,48,65,55,1,0,30,8,1,0,0,62,17,3,4,3,1,3,5,235,84,61,24,20,16,0,69,6,3,15,1,47,52,35,57,5,0
2024-03-12,League One,4203081,Shrewsbury Town,Exeter City,0.4395742016280526,0.3713212273011897,0.18910457107075768,0,3,2,24,6,1,0,0,56,4,0,4,1,0,2,4,226,71,56,17,0,26,1,54,8,4,24,3,50,63,60,71,3,1,76,13,6,2,1,87,14,5,3,4,0,9,4,699,270,336,54,20,25,7,70,4,1,8,1,31,37,40,45,3,0
2024-03-12,League One,4203082,Wycombe Wanderers,Wigan Athletic,0.4034465281297516,0.34769386720729856,0.24885960466294982,1,0,0,34,5,1,1,1,68,4,1,3,1,0,2,3,282,88,105,27,36,33,1,57,4,9,30,5,47,59,33,44,2,0,66,18,5,2,2,87,10,10,4,9,0,14,4,539,224,243,38,31,26,0,67,6,1,14,1,48,41,67,38,1,0
2024-03-12,League One,4203091,Bolton Wanderers,Oxford United,0.575267175572519,0.28061068702290076,0.14412213740458016,5,0,0,64,20,8,3,1,82,9,6,6,6,0,11,9,535,210,229,48,32,35,2,56,5,2,5,0,53,59,39,56,0,0,36,4,0,0,0,70,17,1,2,2,0,2,2,307,124,92,40,25,21,0,56,4,6,24,3,44,41,61,36,3,0
2024-03-13,League One,4203079,Peterborough United,Stevenage,0.6148867313915858,0.24133148404993066,0.1437817845584836,3,1,0,64,6,4,2,0,82,8,1,0,2,0,4,2,524,317,112,38,0,22,1,54,2,1,33,2,56,48,41,56,1,0,36,11,3,2,2,68,12,6,7,1,0,7,4,277,46,143,42,21,26,3,57,6,2,5,1,69,52,59,38,0,0
2024-03-16,League One,4203083,Barnsley,Cheltenham Town,0.6921309592188397,0.21309592188397472,0.09477311889718552,0,0,1,60,18,4,3,3,71,8,10,11,3,0,14,4,428,163,143,36,18,32,3,67,7,1,35,2,67,57,53,62,1,0,40,7,2,0,0,56,10,5,4,1,0,4,3,285,64,96,27,12,15,1,69,11,3,42,4,55,43,47,29,1,0
2024-03-16,League One,4203084,Derby County,Bolton Wanderers,0.5495179666958808,0.23356704645048204,0.21691498685363717,1,0,0,43,10,3,1,1,63,9,6,4,3,0,5,5,278,63,111,29,41,28,3,77,7,1,34,3,57,57,50,67,1,0,57,6,3,1,1,68,12,6,2,1,0,4,2,367,90,158,26,19,27,2,75,4,3,26,2,48,43,50,44,1,0
2024-03-16,League One,4203085,Exeter City,Burton Albion,0.5778401122019635,0.26928471248246844,0.15287517531556802,1,0,0,54,9,2,3,2,80,15,2,4,3,0,6,3,443,212,143,36,0,19,1,50,3,4,28,2,57,48,48,56,4,1,46,14,2,3,3,74,13,5,8,4,2,10,4,375,178,99,48,38,29,2,63,9,3,18,1,61,52,52,61,3,0
2024-03-16,League One,4203086,Fleetwood Town,Charlton Athletic,0.27206946454413894,0.23444283646888567,0.4934876989869754,1,1,1,53,17,7,3,2,60,13,10,6,4,0,14,3,332,90,109,47,31,37,4,50,10,3,18,6,53,39,55,38,3,0,47,13,7,3,2,52,7,6,3,3,0,7,6,305,64,96,28,20,25,2,58,8,4,34,6,58,61,45,25,1,0
2024-03-16,League One,4203097,Lincoln City,Bristol Rovers,0.6618181818181819,0.20363636363636364,0.13454545454545455,5,0,0,40,19,7,4,1,71,11,8,7,5,2,12,7,326,135,98,34,32,22,0,45,10,5,25,5,43,43,44,45,2,1,60,16,6,4,4,79,13,4,6,4,0,11,5,493,211,179,56,25,19,0,71,8,5,19,2,56,57,56,79,1,0
2024-03-16,League One,4203098,Peterborough United,Portsmouth,0.4039408866995074,0.24753694581280788,0.3485221674876847,0,1,2,59,15,1,0,0,80,14,8,9,5,1,11,4,485,258,128,46,9,16,0,69,4,6,19,3,46,47,50,38,1,0,41,16,4,1,0,69,10,5,5,7,0,12,4,333,116,114,33,11,21,0,82,6,5,15,1,50,53,50,70,2,0
2024-03-16,League One,4203110,Port Vale,Oxford United,0.28205128205128205,0.24786324786324787,0.4700854700854701,0,2,2,44,8,0,0,0,73,14,3,5,3,0,3,5,370,133,136,44,29,22,1,78,2,2,20,4,45,46,50,43,2,0,56,15,6,3,3,80,12,7,7,2,0,14,1,465,228,146,38,38,18,0,50,6,3,23,0,50,54,50,43,0,0
2024-03-16,League One,4203111,Reading,Cambridge United,0.6103286384976526,0.22769953051643194,0.1619718309859155,4,0,0,63,16,8,1,0,83,9,7,5,3,0,7,9,582,303,182,56,15,16,3,64,9,3,24,2,61,54,59,50,0,0,37,7,2,3,3,69,10,4,2,3,0,5,2,327,95,129,30,17,21,2,71,9,3,19,4,48,46,41,50,1,0
2024-03-16,League One,4203112,Shrewsbury Town,Carlisle United,0.5822147651006712,0.24664429530201343,0.17114093959731544,1,0,0,42,16,6,2,2,64,8,7,3,7,0,8,8,308,78,118,45,14,34,2,42,7,1,26,3,59,41,59,59,1,0,58,9,3,2,2,71,5,3,5,1,0,5,4,449,203,116,35,14,41,0,38,3,5,28,5,61,59,41,83,2,0
2024-03-16,League One,4203113,Stevenage,Leyton Orient,0.5370370370370371,0.2378917378917379,0.22507122507122507,0,1,2,59,9,2,1,1,62,8,5,4,3,0,3,6,378,75,159,44,24,38,3,67,5,1,8,1,85,63,64,43,1,0,41,6,2,1,1,47,19,2,3,1,0,5,1,266,46,78,18,25,33,2,65,7,3,24,2,49,38,36,0,2,0
2024-03-16,League One,4203114,Wigan Athletic,Blackpool,0.38615023474178406,0.23591549295774647,0.3779342723004695,1,0,0,49,4,1,1,0,79,14,2,3,0,0,4,0,495,247,144,31,27,20,0,52,6,2,22,3,73,48,54,63,3,0,51,10,3,1,1,81,8,3,5,2,0,4,6,517,241,177,40,39,25,1,63,11,0,10,0,71,52,46,50,2,0
2024-03-16,League One,4203115,Wycombe Wanderers,Northampton Town,0.5397973950795948,0.2691751085383502,0.191027496382055,2,0,0,45,16,8,0,0,59,10,6,3,5,0,7,9,370,110,109,24,14,29,1,58,7,1,16,4,46,51,49,64,1,0,55,7,4,1,1,63,8,1,2,1,0,4,3,448,167,116,34,9,28,0,55,12,5,16,6,46,49,51,71,3,0
2024-03-23,League One,4203108,Burton Albion,Port Vale,0.4968833481745325,0.3170080142475512,0.1861086375779163,0,1,2,46,12,2,0,0,48,12,6,7,3,0,11,1,256,48,76,42,13,32,0,50,5,2,22,4,54,46,46,44,2,0,54,15,5,3,2,59,11,6,8,2,2,10,5,287,68,102,33,18,23,0,71,3,3,38,2,64,54,54,40,0,0
2024-03-23,League One,4203099,Carlisle United,Stevenage,0.2724388032638259,0.271985494106981,0.4555757026291931,2,2,1,40,8,4,3,2,58,13,1,2,2,0,8,0,334,87,108,34,30,27,0,74,7,7,49,1,75,46,41,71,4,0,60,16,3,3,1,70,7,14,6,7,0,10,6,476,142,190,32,22,29,2,68,3,2,11,2,98,54,59,72,2,0
2024-03-23,League One,4203103,Northampton Town,Derby County,0.19133574007220217,0.2184115523465704,0.5902527075812274,1,0,0,38,10,3,1,0,54,10,3,4,3,1,5,5,302,54,109,19,14,25,1,55,5,7,40,2,56,54,48,50,2,0,62,14,4,4,4,73,8,7,4,6,0,13,1,474,210,134,42,26,37,5,75,8,3,18,2,54,46,52,36,2,1
2024-03-29,League One,4203106,Barnsley,Cambridge United,0.6561420818944252,0.2249629995066601,0.11889491859891466,0,2,2,72,17,3,1,1,85,8,0,9,5,1,8,9,646,178,368,54,14,34,3,59,3,1,8,3,51,58,55,60,2,0,28,7,4,1,1,60,9,3,2,1,0,6,1,261,63,93,30,17,17,2,73,5,5,33,3,39,42,45,10,2,0
2024-03-29,League One,4203118,Derby County,Blackpool,0.6307635558834378,0.23349317594983401,0.13574326816672813,1,0,0,42,9,3,0,0,76,15,9,3,3,0,4,5,345,133,130,26,17,22,5,65,6,5,13,2,52,54,37,64,1,0,58,12,2,3,3,83,11,2,5,5,0,9,3,496,229,183,52,21,14,1,64,10,3,20,2,57,46,63,50,3,0
2024-03-29,League One,4203140,Exeter City,Charlton Athletic,0.38495188101487315,0.28171478565179353,0.3333333333333333,1,1,1,50,9,2,0,0,70,7,11,4,3,0,5,4,429,143,158,27,12,35,0,69,6,8,33,5,46,54,40,50,1,0,50,17,6,2,2,68,9,2,3,8,1,13,4,431,155,139,41,18,32,2,71,18,3,31,1,51,46,60,33,1,0
2024-03-29,League One,4203141,Fleetwood Town,Cheltenham Town,0.46307884856070086,0.3216520650813517,0.21526908635794745,1,2,2,52,15,4,2,1,63,13,3,7,4,0,8,7,379,123,116,37,18,29,2,71,5,7,28,1,84,47,65,50,1,0,48,13,3,1,0,56,9,3,3,7,0,9,4,347,62,132,32,0,36,2,63,4,4,21,3,64,53,35,60,2,0
2024-03-29,League One,4203142,Lincoln City,Leyton Orient,0.6455097906819717,0.22687373396353816,0.12761647535449022,1,0,0,46,5,2,1,1,62,7,2,2,1,0,4,1,310,119,72,40,13,27,0,50,13,4,32,5,51,52,54,27,1,0,54,15,5,1,1,69,17,5,5,5,0,7,8,373,148,110,25,27,37,2,80,7,1,30,1,46,48,46,75,3,0
2024-03-29,League One,4203143,Peterborough United,Carlisle United,0.6664736537348003,0.22872032426172553,0.10480602200347423,1,3,2,67,23,2,4,3,81,3,4,12,9,1,16,7,570,225,235,44,31,33,2,70,7,6,11,1,44,49,38,40,0,0,33,12,5,1,0,60,9,3,2,5,0,10,2,292,71,103,26,50,21,0,52,6,8,26,1,56,51,62,80,2,0
2024-03-29,League One,4203144,Port Vale,Bristol Rovers,0.41676792223572295,0.2709599027946537,0.31227217496962334,2,0,0,41,19,11,2,1,62,6,7,3,5,1,13,6,281,80,93,24,36,25,1,71,6,1,27,0,57,55,47,64,0,0,59,2,0,0,0,69,8,6,1,1,0,0,2,399,161,113,37,0,39,6,55,7,4,23,9,53,45,53,52,2,0
2024-03-29,League One,4203145,Reading,Northampton Town,0.5370689655172414,0.2775862068965517,0.1853448275862069,1,0,0,54,13,2,1,1,75,11,5,8,3,1,8,5,476,240,116,33,33,19,4,62,6,6,10,8,44,42,42,33,1,0,46,19,8,3,3,70,8,3,5,6,0,11,8,402,142,138,34,40,31,2,52,4,3,15,1,61,58,58,50,1,0
2024-03-29,League One,4203146,Shrewsbury Town,Oxford United,0.2704741379310345,0.27370689655172414,0.4558189655172414,1,1,1,42,15,3,1,1,69,9,11,9,3,1,7,8,329,110,118,43,17,27,2,54,9,9,21,3,38,43,54,58,4,0,58,20,5,2,1,79,4,6,7,8,0,13,7,470,247,125,39,24,28,1,59,14,3,20,2,44,57,46,44,0,0
2024-03-29,League One,4203147,Stevenage,Bolton Wanderers,0.26151849448410125,0.24594419208306295,0.4925373134328358,0,0,1,36,14,3,1,1,57,13,8,9,2,0,10,4,240,72,65,28,33,26,2,60,7,3,23,4,51,49,44,53,0,0,64,10,4,0,0,74,11,4,3,3,1,3,7,435,159,163,23,15,30,2,55,5,2,22,3,57,51,56,71,2,0
2024-03-29,League One,4203139,Wigan Athletic,Burton Albion,0.5989445910290238,0.2726473175021988,0.1284080914687775,1,1,1,70,13,5,1,1,88,15,6,4,4,1,9,4,611,348,190,51,25,14,1,55,6,4,25,3,67,46,70,43,1,0,30,15,4,5,4,69,16,6,6,5,1,11,4,256,80,97,40,19,19,1,70,2,4,21,5,55,54,30,50,3,0
2024-03-29,League One,4203138,Wycombe Wanderers,Portsmouth,0.21975040694519804,0.23277265328269126,0.5474769397721106,1,3,2,38,9,2,0,0,56,16,4,5,2,1,4,5,274,50,104,25,13,38,0,53,9,5,19,6,49,46,33,45,2,0,62,16,11,2,1,72,8,3,2,3,0,12,4,460,205,125,41,33,34,0,71,5,2,16,1,75,54,67,27,4,0
2024-04-01,League One,4203127,Blackpool,Wycombe Wanderers,0.5385906040268457,0.2835570469798658,0.17785234899328858,0,0,1,51,14,5,0,0,65,14,4,7,2,1,11,3,374,141,103,26,37,39,1,77,7,3,17,1,67,54,54,36,2,0,49,9,1,2,2,62,16,1,5,3,1,6,3,367,122,107,27,21,25,3,58,4,2,23,5,57,46,46,43,1,0
2024-04-01,League One,4203126,Bolton Wanderers,Reading,0.5884009009009009,0.2088963963963964,0.20270270270270271,5,2,0,57,18,9,4,1,82,9,13,2,7,0,15,3,499,230,177,45,15,23,4,69,15,6,13,5,56,42,60,67,2,0,43,18,7,1,0,75,5,3,5,6,0,7,11,389,181,109,36,18,25,2,77,6,8,26,3,59,58,40,61,0,0
2024-04-01,League One,4203125,Bristol Rovers,Shrewsbury Town,0.5161290322580645,0.26227208976157085,0.22159887798036465,0,0,1,52,12,4,2,2,73,14,5,6,2,1,8,4,400,177,114,32,20,29,0,43,8,5,19,2,52,47,54,45,1,0,48,10,2,0,0,67,15,4,3,5,1,5,5,364,121,123,35,15,40,1,65,12,2,10,4,53,53,46,43,3,0
2024-04-01,League One,4203124,Burton Albion,Barnsley,0.2490118577075099,0.24802371541501977,0.5029644268774703,1,3,2,39,12,2,0,0,58,10,4,7,3,1,6,6,304,85,91,36,8,26,2,82,8,3,26,0,59,49,49,38,0,0,61,13,3,4,3,73,7,3,7,3,1,9,4,467,179,164,40,24,27,5,77,7,2,30,1,61,51,51,20,0,0
2024-04-01,League One,4203123,Cambridge United,Wigan Athletic,0.39514978601997147,0.24536376604850213,0.3594864479315264,3,1,0,34,8,3,1,0,53,10,0,2,3,0,5,3,254,64,70,33,50,20,0,42,6,7,18,2,56,50,49,50,2,0,66,11,3,2,1,77,14,4,1,7,0,8,3,496,218,164,35,22,32,3,67,2,3,9,0,57,50,51,62,2,0
2024-04-01,League One,4203122,Carlisle United,Lincoln City,0.25225225225225223,0.18558558558558558,0.5621621621621622,1,3,2,55,19,7,2,1,75,14,10,8,4,1,15,4,421,169,147,46,28,27,1,78,6,5,23,2,52,43,55,36,2,0,45,11,5,2,1,70,12,3,1,5,1,6,5,365,105,149,30,26,18,1,53,8,4,36,6,56,57,45,40,0,0
2024-04-01,League One,4203121,Charlton Athletic,Stevenage,0.5019011406844106,0.26108998732572875,0.2370088719898606,0,0,1,50,10,3,0,0,69,12,1,4,3,0,7,3,407,135,145,34,33,23,2,58,12,5,27,3,50,48,41,83,1,0,50,13,2,1,1,65,9,2,6,5,0,7,6,393,104,152,40,30,23,1,69,10,3,12,3,64,52,59,33,2,0
2024-04-01,League One,4203120,Cheltenham Town,Exeter City,0.4158730158730159,0.23015873015873015,0.353968253968254,1,2,2,36,14,2,2,1,60,19,6,9,3,1,9,5,287,69,103,25,36,24,1,65,8,5,19,2,59,55,50,60,5,0,64,13,4,2,1,79,12,5,3,6,0,10,3,540,297,129,38,8,31,1,67,2,3,31,1,52,45,50,14,1,0
2024-04-01,League One,4203128,Leyton Orient,Peterborough United,0.2857142857142857,0.2323943661971831,0.4818913480885312,1,2,2,46,11,3,1,1,81,18,7,3,5,0,6,5,402,155,172,47,18,16,3,64,15,6,15,5,38,39,44,45,1,0,54,20,7,3,1,81,8,2,7,6,0,13,7,475,278,107,45,36,28,1,73,5,5,19,2,57,61,56,59,0,0
2024-04-01,League One,4203129,Northampton Town,Port Vale,0.5213793103448275,0.24689655172413794,0.2317241379310345,2,0,0,45,7,3,2,0,69,9,2,1,3,0,4,3,378,136,125,38,12,28,1,53,8,1,30,4,58,49,52,36,2,0,55,12,4,1,1,76,9,2,7,1,0,10,2,461,219,132,42,17,27,0,93,7,3,12,1,57,51,48,50,2,0
2024-04-01,League One,4203137,Oxford United,Fleetwood Town,0.6790890269151139,0.2225672877846791,0.09834368530020704,4,0,0,62,21,12,5,3,84,10,7,5,4,0,9,12,580,328,157,44,32,30,0,50,7,1,14,3,39,50,39,47,0,0,38,11,3,2,2,74,9,3,7,1,1,8,3,345,175,81,39,25,14,2,47,11,4,17,8,45,50,61,44,2,0
2024-04-02,League One,4203136,Portsmouth,Derby County,0.5036014405762305,0.21428571428571427,0.28211284513805523,2,2,1,70,10,4,2,1,81,13,6,3,3,0,6,4,540,237,199,53,15,28,0,80,6,2,20,2,55,48,66,60,2,0,30,12,4,1,0,60,11,0,6,2,0,6,6,225,62,74,18,19,29,0,54,8,3,30,2,46,52,34,39,1,0
2024-04-06,League One,4203135,Blackpool,Cambridge United,0.6084656084656085,0.2105820105820106,0.18095238095238095,1,0,0,56,12,3,0,0,80,12,7,3,6,0,7,5,514,196,213,41,24,26,2,47,5,0,13,1,68,46,67,45,0,0,44,4,1,1,1,72,11,3,2,1,1,4,0,403,188,103,35,15,23,2,64,3,6,25,2,59,54,33,64,2,0
2024-04-06,League One,4203134,Bristol Rovers,Bolton Wanderers,0.2391304347826087,0.17149758454106281,0.5893719806763285,0,2,2,53,14,6,0,0,75,15,5,5,3,0,9,5,387,147,144,43,28,37,2,67,9,3,10,2,46,49,34,43,6,0,47,10,4,2,0,73,11,5,3,3,0,5,5,353,134,122,39,6,21,2,63,9,3,16,6,58,51,66,33,2,0
2024-04-06,League One,4203133,Burton Albion,Oxford United,0.23255813953488372,0.20025839793281655,0.5671834625322998,0,4,2,44,9,2,0,0,66,16,6,4,3,1,6,3,342,92,135,35,13,37,2,69,4,4,14,4,43,42,31,53,2,0,56,18,8,8,4,70,7,2,6,4,1,13,5,444,178,134,38,12,21,0,73,6,3,29,2,70,58,69,67,0,0
2024-04-06,League One,4203132,Charlton Athletic,Barnsley,0.3622508792497069,0.21336459554513482,0.4243845252051583,2,1,0,40,15,4,3,3,64,13,6,7,4,1,10,5,304,74,121,31,14,22,2,71,10,3,32,1,48,48,38,36,4,0,60,13,2,4,3,72,7,5,8,3,1,9,4,465,163,174,35,33,28,1,72,3,4,19,2,62,52,62,0,4,0
2024-04-06,League One,4203131,Exeter City,Stevenage,0.48599670510708404,0.20757825370675453,0.30642504118616143,1,0,0,60,8,3,1,0,80,14,2,3,2,0,4,4,510,255,155,45,20,26,1,67,8,4,23,3,53,42,43,35,3,0,40,14,3,1,1,64,17,7,7,4,0,8,6,318,79,126,46,35,19,0,60,11,2,8,2,73,58,57,78,3,0
2024-04-06,League One,4203130,Leyton Orient,Cheltenham Town,0.6227897838899804,0.21414538310412573,0.16306483300589392,3,1,0,56,16,5,3,3,75,10,6,5,6,0,9,7,435,203,125,36,22,31,0,47,6,5,27,3,48,39,49,33,3,0,44,12,4,2,1,64,9,5,3,5,1,10,2,343,90,130,34,33,27,1,76,12,5,20,2,66,61,51,65,1,0
2024-04-06,League One,4203119,Northampton Town,Carlisle United,0.663109756097561,0.16463414634146342,0.1722560975609756,2,0,0,53,9,4,3,1,66,9,5,4,1,0,6,3,387,107,148,30,27,30,0,80,6,3,27,2,40,45,44,58,0,0,47,8,2,0,0,59,9,7,3,3,0,5,3,326,99,93,30,29,42,3,58,5,1,8,2,50,55,56,56,0,0
2024-04-06,League One,4203157,Portsmouth,Shrewsbury Town,0.7519946808510638,0.15691489361702127,0.09109042553191489,3,1,0,66,7,4,3,1,81,15,5,2,1,0,4,3,560,277,177,52,14,32,0,90,2,5,9,2,51,44,61,50,2,0,34,12,3,1,1,67,14,2,4,5,0,9,3,288,115,79,29,21,21,0,67,14,1,24,2,52,56,39,71,3,0
2024-04-06,League One,4203156,Reading,Lincoln City,0.3345656192236599,0.1645101663585952,0.5009242144177449,1,1,1,65,11,3,3,2,82,12,3,6,2,0,10,1,536,271,166,55,55,30,0,73,9,0,17,2,51,52,42,70,2,0,35,4,3,0,0,65,13,2,1,0,0,1,3,278,94,87,42,18,21,3,65,7,3,10,1,56,48,58,38,0,0
2024-04-06,League One,4203155,Wigan Athletic,Port Vale,0.6002994011976048,0.19610778443113772,0.20359281437125748,0,0,1,54,14,3,1,1,80,7,4,7,4,1,9,5,428,209,134,33,17,19,2,61,8,2,12,4,45,52,48,43,2,0,46,13,4,1,1,75,10,6,7,2,0,9,4,355,130,138,47,40,33,1,85,3,4,11,3,44,48,52,48,1,0
2024-04-09,League One,4203116,Blackpool,Fleetwood Town,0.6166603844704108,0.28420655861289107,0.09913305691669808,1,0,0,58,22,9,1,1,75,5,5,2,11,0,12,10,467,179,172,33,43,16,0,75,2,8,27,3,66,63,58,69,2,0,42,15,3,2,2,74,13,6,4,8,0,9,6,329,126,116,49,23,27,6,56,5,10,18,8,43,38,42,58,3,0
2024-04-09,League One,4203109,Bristol Rovers,Reading,0.3231876037631433,0.33259546209186497,0.3442169341449917,0,2,2,53,8,3,0,0,74,13,1,2,3,0,5,3,398,161,132,42,15,19,2,69,12,3,22,5,55,44,43,42,2,0,47,18,7,1,1,72,14,7,8,3,0,8,10,361,157,102,37,31,29,5,48,7,4,20,2,70,56,57,45,0,0
2024-04-09,League One,4203100,Charlton Athletic,Wigan Athletic,0.48462354188759277,0.3170731707317073,0.19830328738069988,2,2,1,49,20,7,2,1,78,17,4,6,7,1,15,5,479,195,181,53,31,28,2,59,2,3,11,1,49,47,47,60,2,0,51,10,3,1,0,80,13,1,3,4,0,5,5,510,275,131,20,17,13,2,47,6,7,23,6,55,53,53,33,1,0
2024-04-09,League One,4203265,Cheltenham Town,Carlisle United,0.5032930845225028,0.29747530186608123,0.19923161361141603,0,1,2,60,9,0,0,0,59,14,2,5,4,0,3,6,439,96,164,35,11,37,3,82,1,5,14,3,80,42,52,33,0,0,40,13,4,1,0,47,11,3,4,5,0,5,8,294,60,77,20,23,28,5,71,3,4,42,0,87,58,48,50,3,0
2024-04-09,League One,4203102,Leyton Orient,Exeter City,0.4387254901960784,0.3125,0.24877450980392157,2,2,1,38,4,2,1,0,78,8,3,0,2,0,3,1,371,193,97,29,14,12,2,75,11,4,41,3,34,29,57,17,0,0,62,17,5,2,1,84,7,11,6,6,1,10,7,607,232,279,55,15,40,1,63,1,2,9,0,54,71,43,74,0,0
2024-04-09,League One,4203290,Stevenage,Barnsley,0.33094713656387664,0.3147026431718062,0.3543502202643172,2,1,0,38,17,8,3,3,60,11,10,4,5,1,13,4,276,58,108,37,46,30,5,56,4,5,30,1,57,49,50,17,2,0,62,10,2,1,0,73,11,7,3,5,0,7,3,457,190,142,28,29,23,3,60,7,5,26,6,58,51,50,33,2,0
2024-04-10,League One,4203346,Peterborough United,Port Vale,0.5942307692307692,0.28923076923076924,0.11653846153846154,3,0,0,75,16,7,2,1,91,8,13,7,2,0,9,7,664,344,259,61,19,18,7,50,5,0,11,1,41,52,57,43,1,0,25,3,1,0,0,71,12,1,2,0,0,0,3,228,88,73,38,0,17,1,69,3,2,19,5,36,48,43,50,3,0
2024-04-10,League One,4203154,Wycombe Wanderers,Derby County,0.23113338902812586,0.24422166527429684,0.5246449456975772,0,0,1,45,10,3,0,0,65,14,6,4,3,0,6,4,317,74,131,22,40,23,0,56,5,4,21,0,62,49,56,70,1,0,55,8,0,2,2,70,10,7,4,4,0,5,3,375,156,106,38,15,27,2,57,7,2,12,3,57,51,44,47,1,0
2024-04-13,League One,4203153,Barnsley,Reading,0.5289499509322866,0.20019627085377822,0.27085377821393525,2,2,1,59,23,9,5,4,77,8,5,9,5,1,15,8,462,209,145,45,23,27,4,58,5,6,22,3,44,33,54,25,1,0,41,24,5,4,3,68,9,7,13,6,0,14,10,326,132,91,33,5,17,3,52,9,5,35,7,67,67,46,75,0,0
2024-04-13,League One,4203152,Bolton Wanderers,Portsmouth,0.3486777668952008,0.15475024485798236,0.49657198824681686,1,1,1,58,19,6,4,3,73,14,6,8,5,1,8,11,403,133,163,17,18,24,3,85,4,2,12,0,64,58,56,77,3,0,42,5,1,0,0,64,19,0,2,2,0,4,1,295,122,67,27,13,20,3,43,10,4,29,4,48,42,44,33,1,0
2024-04-13,League One,4203151,Cambridge United,Charlton Athletic,0.35778175313059035,0.2075134168157424,0.4347048300536673,1,1,1,44,9,4,0,0,58,7,0,1,4,0,5,4,290,82,87,36,23,30,3,58,7,9,45,4,62,63,53,100,0,0,56,21,6,2,1,67,14,9,7,8,1,11,10,353,97,141,32,32,39,0,64,8,3,31,3,46,37,47,0,2,0
2024-04-13,League One,4203150,Carlisle United,Blackpool,0.2678311499272198,0.1848617176128093,0.5473071324599709,0,1,2,41,5,0,0,0,61,9,3,4,1,0,5,0,315,85,106,27,40,24,1,50,1,8,20,1,47,49,51,33,1,0,59,14,2,2,1,73,8,12,4,8,0,8,6,452,162,170,21,15,29,0,73,5,1,8,0,47,51,49,67,0,0
2024-04-13,League One,4203149,Cheltenham Town,Bristol Rovers,0.4559139784946237,0.2129032258064516,0.3311827956989247,1,3,2,50,9,4,1,0,57,19,2,2,3,0,6,3,308,56,119,27,26,40,3,67,10,2,20,2,63,42,58,47,3,0,50,9,5,3,2,54,11,2,2,2,1,9,0,307,66,99,23,18,26,4,76,14,3,28,2,65,58,42,20,1,0
2024-04-13,League One,4203158,Derby County,Leyton Orient,0.6986869384934347,0.17069799585349,0.13061506565307532,3,0,0,48,14,3,6,4,57,8,11,6,5,0,13,1,268,60,92,32,27,34,3,87,6,3,10,0,70,65,47,47,1,0,52,6,0,0,0,66,13,4,3,3,0,3,3,318,133,76,32,33,28,2,64,6,5,28,1,53,35,53,13,1,0
2024-04-13,League One,4203159,Fleetwood Town,Northampton Town,0.2438563327032136,0.21928166351606806,0.5368620037807184,2,0,0,32,15,7,5,3,60,15,6,5,3,1,11,4,224,52,83,34,24,42,1,75,6,4,19,1,35,30,45,57,3,0,68,8,1,1,1,77,8,2,3,4,0,3,5,522,271,132,35,9,30,1,44,4,3,39,5,59,70,55,75,2,0
2024-04-13,League One,4203180,Lincoln City,Wigan Athletic,0.660217654171705,0.15719467956469166,0.1825876662636034,1,2,2,36,14,3,1,1,71,12,2,5,6,0,6,8,321,118,111,42,18,19,2,70,9,3,19,3,47,51,52,25,6,0,64,12,5,0,0,83,14,6,4,3,0,6,6,584,322,165,28,33,27,0,82,9,6,18,2,44,49,48,55,5,0
2024-04-13,League One,4203181,Oxford United,Peterborough United,0.3710762331838565,0.2163677130044843,0.4125560538116592,5,0,0,30,15,6,6,3,76,5,3,6,3,2,13,2,253,106,86,31,20,17,1,77,16,6,14,1,32,51,29,48,0,0,70,15,1,2,2,89,5,6,8,6,1,13,2,585,276,242,72,31,25,1,69,7,2,6,1,38,49,71,50,1,0
2024-04-13,League One,4203182,Port Vale,Exeter City,0.36380255941499084,0.19012797074954296,0.4460694698354662,2,4,2,44,9,3,1,1,72,11,4,4,2,0,5,4,354,136,120,36,22,30,1,66,1,3,24,2,61,56,46,35,1,0,56,14,6,3,1,83,13,10,4,4,1,9,5,453,230,147,51,21,21,3,72,8,1,21,1,52,44,54,39,4,0
2024-04-13,League One,4203183,Shrewsbury Town,Wycombe Wanderers,0.39195979899497485,0.23869346733668342,0.3693467336683417,0,2,2,44,5,1,0,0,59,13,4,1,3,0,3,2,306,109,73,33,0,29,3,56,11,3,15,1,54,44,58,36,1,1,56,8,3,1,0,66,6,4,2,3,0,1,7,390,137,121,33,8,33,5,69,6,3,13,1,55,56,42,53,0,0
2024-04-13,League One,4203184,Stevenage,Burton Albion,0.6808149405772496,0.19864176570458403,0.12054329371816638,1,2,2,75,13,6,2,1,77,9,7,3,4,0,8,5,540,166,248,40,16,41,2,57,4,0,13,3,62,58,54,83,2,1,25,8,5,0,0,33,15,4,3,0,0,5,3,184,27,34,15,50,25,1,67,4,4,28,4,50,42,46,29,3,0
