match_date,league_name,matchid,home_team,away_team,home_probability_win,draw_probability,away_probability_win,home_goals,away_goals,ftr,home_ball_possession,home_total_shots,home_shots_on_target,home_big_chances,home_big_misses,home_accurate_passes,home_fouls_commited,home_corners,home_shots_off_target,home_blocked_shots,home_hit_woodwork,home_shots_inside_box,home_shots_outside_box,home_passes,home_own_half,home_opposition_half,home_accurate_long_balls,home_accurate_crosses,home_throws,home_offsides,home_tackles_won,home_interceptions,home_blocks,home_clearances,home_keeper_save,home_duels_won,home_geround_duels_won,home_aerial_duels_won,home_successful_dribbles,home_yellow_cards,home_red_cards,away_ball_possession,away_total_shots,away_shots_on_target,away_big_chances,away_big_misses,away_accurate_passes,away_fouls_commited,away_corners,away_shots_off_target,away_blocked_shots,away_hit_woodwork,away_shots_inside_box,away_shots_outside_box,away_passes,away_own_half,away_opposition_half,away_accurate_long_balls,away_axxurate_crosses,away_throws,away_offsides,away_tackles_won,away_interceptions,away_blocks,away_clearances,away_keeper_save,away_duels_won,away_geround_duels_won,away_aerial_duels_won,away_successful_dribbles,away_yellow_cards,away_red_cards
2019-08-03,League Two,3066947,Salford City,Stevenage,0.6836902800658978,0.214168039538715,0.10214168039538715,2,0,0,50,16,5,6,4,62,11,3,9,2,0,10,6,358,89,134,35,39,32,1,58,4,2,31,2,84,54,64,57,1,0,50,5,2,0,0,60,14,7,1,2,0,3,2,369,106,115,29,33,31,1,100,6,1,19,3,57,46,36,64,0,0
2019-08-03,League 2,3066948,Bradford City,Cambridge United,0.7322580645161291,0.2064516129032258,0.06129032258064516,0,0,1,61,23,2,1,1,79,12,5,16,5,1,8,15,473,188,185,60,26,18,1,65,11,0,22,2,70,55,60,57,0,0,39,7,2,1,1,69,11,2,3,2,0,4,3,297,88,118,40,13,30,1,61,7,0,23,2,52,45,40,75,0,0
2019-08-03,League Two,3066949,Carlisle United,Crawley Town,0.6311475409836066,0.28688524590163933,0.08196721311475409,2,1,0,57,14,6,1,0,78,16,2,3,5,1,8,6,471,257,112,37,30,18,4,77,9,8,19,3,55,45,49,78,2,0,43,22,4,0,0,69,20,11,10,8,1,15,7,339,97,136,45,28,19,2,45,12,6,7,3,64,55,51,91,2,1
2019-08-03,League Two,3066950,Colchester United,Port Vale,0.6837209302325581,0.23255813953488372,0.08372093023255814,1,1,1,58,10,4,1,0,76,8,3,2,4,0,3,7,496,177,201,35,6,23,4,82,5,6,13,1,71,58,47,71,0,0,42,10,1,1,0,66,12,1,3,6,0,7,3,361,87,150,29,56,22,2,62,9,4,18,3,64,42,53,86,3,0
2019-08-03,League Two,3066951,Crewe Alexandra,Plymouth Argyle,0.40875912408759124,0.3978102189781022,0.19343065693430658,0,3,2,63,16,9,2,2,81,7,11,5,2,0,13,3,486,219,177,53,18,24,4,50,2,2,14,5,69,53,54,43,3,0,37,13,8,1,1,69,17,3,3,2,0,9,4,287,79,119,34,18,20,3,80,6,2,32,9,61,47,46,50,5,0
2019-08-03,League Two,3066952,Exeter City,Macclesfield Town,0.6392156862745098,0.25098039215686274,0.10980392156862745,1,0,0,48,8,2,2,2,64,11,7,5,1,0,6,2,330,93,117,21,16,39,1,67,11,6,31,4,58,38,55,57,1,0,52,17,4,1,1,73,10,6,7,6,0,7,10,366,101,166,49,6,39,2,60,4,0,37,1,64,62,45,90,3,0
2019-08-03,League Two,3066953,Forest Green Rovers,Oldham Athletic,0.6063348416289592,0.27601809954751133,0.11764705882352941,1,0,0,64,10,3,1,0,82,8,3,3,4,0,4,6,504,212,200,54,17,35,4,62,7,2,23,0,53,47,49,44,1,0,36,6,0,0,0,69,16,0,4,2,0,2,4,285,98,99,27,11,30,1,71,6,4,18,2,58,53,51,50,2,0
2019-08-03,League Two,3066954,Leyton Orient,Cheltenham Town,0.692,0.232,0.076,1,0,0,65,12,5,2,1,73,6,6,4,3,0,7,5,403,97,196,44,25,28,3,79,7,1,15,1,50,57,51,60,0,0,35,3,1,0,0,47,19,3,1,1,0,2,1,214,51,50,18,40,33,5,71,5,3,20,4,41,43,49,20,0,2
2019-08-03,League Two,3066955,Morecambe,Grimsby Town,0.44075829383886256,0.3791469194312796,0.18009478672985782,0,2,2,52,9,0,1,1,64,12,1,4,5,0,5,4,301,82,111,42,28,26,3,82,3,4,31,3,67,57,41,88,3,0,48,10,5,4,2,66,14,6,1,4,0,7,3,276,65,117,44,39,33,1,69,5,5,26,0,73,43,59,14,2,0
2019-08-03,League Two,3066956,Newport County,Mansfield Town,0.45136186770428016,0.33852140077821014,0.21011673151750973,2,2,1,55,22,5,3,2,64,17,5,9,8,1,12,10,333,84,129,39,36,28,2,74,10,1,21,1,81,57,55,63,2,0,45,10,3,2,1,57,13,5,6,1,0,6,4,282,71,89,31,21,28,1,75,9,7,29,3,63,43,45,50,5,1
2019-08-03,League Two,3066958,Scunthorpe United,Swindon Town,0.5864978902953587,0.3037974683544304,0.10970464135021098,0,2,2,53,14,4,1,1,66,16,4,7,3,1,8,6,386,114,142,39,41,35,2,57,10,2,28,3,79,43,61,63,2,0,47,10,5,2,0,63,14,6,3,2,0,5,5,348,101,117,30,7,20,3,67,11,3,25,4,74,57,39,75,0,0
2019-08-10,League 2,3066962,Grimsby Town,Bradford City,0.4773662551440329,0.3045267489711934,0.21810699588477367,1,1,1,52,19,4,0,0,65,12,10,8,7,1,13,6,343,76,148,39,23,22,3,58,5,0,17,3,70,53,58,38,0,0,48,13,4,2,1,69,14,2,5,4,0,7,6,328,114,113,32,18,20,2,55,5,0,33,3,56,47,42,50,0,0
2019-08-10,League Two,3066959,Cambridge United,Newport County,0.36075949367088606,0.2911392405063291,0.34810126582278483,0,0,1,56,8,3,1,1,66,6,4,3,2,0,3,5,378,99,150,30,12,41,3,67,7,2,25,4,41,50,43,50,1,0,44,13,4,0,0,60,10,7,7,2,0,6,7,292,82,94,36,38,31,0,93,12,2,40,3,47,50,57,100,1,0
2019-08-10,League Two,3066960,Cheltenham Town,Scunthorpe United,0.35537190082644626,0.3305785123966942,0.3140495867768595,4,1,0,52,22,9,5,3,68,14,6,8,5,0,17,5,390,104,160,38,25,37,0,61,6,4,11,2,63,51,49,63,0,0,48,11,3,2,2,62,13,2,4,4,0,6,5,384,119,120,33,15,33,3,79,3,5,17,5,63,49,51,64,2,0
2019-08-10,League Two,3066961,Crawley Town,Salford City,0.21052631578947367,0.4089068825910931,0.3805668016194332,2,0,0,49,30,9,2,1,63,11,10,7,14,1,16,14,335,65,147,30,16,34,3,88,6,2,24,1,58,51,36,50,2,0,51,7,1,1,1,62,14,3,4,2,2,5,2,343,100,113,46,38,27,1,53,9,14,32,7,76,49,64,56,2,0
2019-08-10,League Two,3066963,Macclesfield Town,Leyton Orient,0.3151515151515151,0.3696969696969697,0.3151515151515151,3,0,0,41,12,7,3,1,51,13,5,2,3,0,6,6,266,60,76,26,20,17,2,78,14,4,35,3,76,53,46,67,1,0,59,9,3,1,1,58,13,9,2,4,0,6,3,378,88,132,30,33,37,0,57,4,2,17,4,78,47,54,57,1,0
2019-08-10,League Two,3066964,Mansfield Town,Morecambe,0.7429718875502008,0.17670682730923695,0.08032128514056225,2,2,1,58,17,5,1,0,68,9,8,6,6,1,13,4,343,104,130,43,19,30,0,67,5,1,24,3,62,48,53,77,2,1,42,9,5,3,1,61,16,6,3,1,2,5,4,248,62,90,50,16,28,4,88,6,6,39,3,61,52,47,80,2,0
2019-08-10,League Two,3066965,Oldham Athletic,Crewe Alexandra,0.6326530612244898,0.272108843537415,0.09523809523809523,1,2,2,44,13,3,1,1,66,16,11,7,3,0,8,5,293,99,94,41,27,25,1,89,14,1,16,6,50,45,42,58,2,0,56,16,8,5,4,71,7,5,7,1,1,11,5,397,153,129,41,18,40,2,57,5,3,31,2,64,55,58,62,1,0
2019-08-10,League Two,3066966,Plymouth Argyle,Colchester United,0.75,0.17045454545454544,0.07954545454545454,1,0,0,59,10,2,0,0,76,6,2,7,1,1,6,4,492,239,133,44,36,26,1,50,4,2,20,4,48,51,40,50,1,0,41,13,4,1,1,73,12,5,7,2,0,5,8,329,117,123,35,20,35,0,88,12,1,22,1,53,49,60,62,1,0
2019-08-10,League Two,3066967,Port Vale,Northampton Town,0.5948275862068966,0.28448275862068967,0.1206896551724138,1,1,1,49,16,7,1,0,62,11,7,8,1,1,12,4,315,61,133,29,29,25,1,50,9,3,26,2,49,59,38,56,1,0,51,10,3,0,0,64,20,9,4,3,0,7,3,332,117,94,31,32,20,2,71,9,1,35,6,53,41,62,100,5,0
2019-08-10,League Two,3066968,Stevenage,Exeter City,0.3969465648854962,0.33587786259541985,0.26717557251908397,0,1,2,46,7,1,1,1,62,13,4,3,3,0,3,4,323,84,116,23,12,32,4,50,7,2,30,3,60,44,52,63,2,0,54,11,4,1,1,64,8,4,5,2,0,2,9,388,116,131,29,18,23,0,47,2,3,13,1,65,56,48,56,2,0
2019-08-10,League Two,3066969,Swindon Town,Carlisle United,0.5,0.29411764705882354,0.20588235294117646,3,2,0,55,20,9,6,3,76,11,9,7,4,1,14,6,402,146,158,45,35,26,3,79,7,1,9,2,54,47,56,50,2,0,45,6,4,2,1,66,13,3,1,1,0,4,2,338,161,62,37,17,17,1,79,6,4,15,6,57,53,44,92,1,1
2019-08-10,League Two,3066970,Walsall,Forest Green Rovers,0.5473684210526316,0.2894736842105263,0.1631578947368421,1,1,1,51,17,5,1,0,75,24,7,7,5,1,9,8,353,110,153,45,19,21,1,78,8,1,4,0,70,51,58,64,2,0,49,3,1,1,0,72,19,2,1,1,0,1,2,360,127,132,24,25,24,2,92,9,5,21,4,60,49,42,71,3,0
2019-08-17,League 2,3066971,Bradford City,Oldham Athletic,0.6408163265306123,0.2653061224489796,0.09387755102040816,3,0,0,43,12,4,3,1,56,9,6,8,0,1,12,0,241,58,77,41,33,9,0,58,10,0,31,2,78,53,71,37,0,0,57,13,2,1,1,67,16,11,6,5,1,4,9,326,86,134,40,7,14,2,57,7,0,17,1,51,47,29,29,0,0
2019-08-17,League Two,3066972,Carlisle United,Mansfield Town,0.558252427184466,0.2669902912621359,0.17475728155339806,0,2,2,68,14,3,0,0,78,11,7,7,4,0,5,9,498,204,186,32,28,23,2,86,3,2,8,1,51,41,57,100,1,0,32,6,3,0,0,51,11,2,1,2,0,3,3,237,61,61,24,30,30,0,90,10,4,26,3,56,59,43,78,3,0
2019-08-17,League Two,3066973,Colchester United,Cambridge United,0.7142857142857143,0.19047619047619047,0.09523809523809523,1,2,2,57,15,3,2,1,77,16,4,8,4,1,13,2,495,107,273,40,32,34,2,87,9,1,25,1,65,58,46,77,0,0,43,6,3,1,0,72,13,2,2,1,0,3,3,374,136,133,32,18,21,2,67,20,4,33,2,57,42,54,67,2,0
2019-08-17,League Two,3066974,Crewe Alexandra,Walsall,0.5882352941176471,0.27450980392156865,0.13725490196078433,1,0,0,56,15,4,2,1,66,12,8,3,8,0,7,8,354,111,123,31,17,23,3,94,4,2,30,2,53,51,37,75,1,1,44,10,2,0,0,58,13,11,6,2,0,4,6,276,58,102,36,25,41,1,87,5,8,18,3,66,49,63,75,2,0
2019-08-17,League Two,3066975,Exeter City,Swindon Town,0.6138211382113821,0.26422764227642276,0.12195121951219512,1,1,1,47,10,2,0,0,69,9,4,4,4,0,6,4,420,109,181,28,8,27,0,86,9,8,20,2,44,49,37,67,1,0,53,17,4,1,1,69,9,10,6,7,1,10,7,451,146,167,47,28,24,1,79,10,3,9,1,57,49,63,50,2,0
2019-08-17,League Two,3066976,Forest Green Rovers,Grimsby Town,0.6,0.26666666666666666,0.13333333333333333,1,0,0,71,9,1,0,0,88,8,4,6,2,0,5,4,598,270,259,41,33,15,2,36,8,5,31,2,79,69,48,92,1,0,29,13,2,1,1,63,20,3,6,5,0,12,1,238,57,94,35,64,26,0,63,9,1,12,0,58,31,52,33,0,0
2019-08-17,League Two,3066977,Leyton Orient,Stevenage,0.7056277056277056,0.19480519480519481,0.09956709956709957,0,0,1,66,24,9,2,2,78,7,9,6,9,0,17,7,488,118,263,46,22,32,3,47,10,2,21,3,69,51,55,86,1,0,34,12,3,0,0,54,9,7,6,3,0,3,9,244,55,76,20,36,19,3,59,6,9,31,9,61,49,45,80,0,0
2019-08-17,League Two,3066978,Morecambe,Cheltenham Town,0.5934959349593496,0.2764227642276423,0.13008130081300814,0,0,1,45,10,1,1,1,65,7,4,5,4,1,5,5,318,119,87,36,33,23,1,90,7,2,33,1,58,60,58,67,1,0,55,8,1,1,1,72,16,7,5,2,0,6,2,390,129,153,39,20,30,3,50,5,4,18,1,40,40,42,50,1,0
2019-08-17,League Two,3066979,Newport County,Plymouth Argyle,0.30604982206405695,0.40569395017793597,0.28825622775800713,1,0,0,28,17,5,1,1,63,18,3,10,2,0,12,5,211,38,94,39,50,25,4,84,10,9,22,2,56,52,52,50,2,0,72,14,3,1,1,84,11,7,3,8,0,7,7,557,234,234,46,17,33,4,90,5,2,17,3,52,48,48,22,0,0
2019-08-17,League Two,3066980,Northampton Town,Macclesfield FC,0.6052631578947368,0.25,0.14473684210526316,1,2,2,55,20,7,2,2,70,18,7,9,4,1,11,9,353,116,132,50,23,26,0,73,9,5,15,4,73,44,59,80,1,0,45,17,6,2,1,60,14,5,6,5,1,10,7,291,73,101,37,29,17,1,78,7,3,24,6,69,56,41,64,3,0
2019-08-17,League Two,3066981,Salford City,Port Vale,0.7457044673539519,0.16838487972508592,0.0859106529209622,1,1,1,57,12,2,2,1,73,7,3,4,6,0,5,7,417,129,176,41,28,25,1,57,5,3,22,3,57,48,55,67,3,0,43,13,5,2,2,64,10,7,6,2,0,7,6,310,77,120,32,31,23,4,42,9,6,27,1,52,53,45,75,0,0
2019-08-17,League Two,3066982,Scunthorpe United,Crawley Town,0.5146198830409356,0.3157894736842105,0.1695906432748538,2,2,1,54,9,3,1,1,63,10,8,3,3,0,7,2,298,69,120,36,23,37,1,63,10,0,14,6,73,52,49,53,2,0,46,14,8,4,3,51,17,6,6,0,2,9,5,262,40,93,28,40,34,1,67,4,3,28,1,71,48,51,67,1,0
2019-08-20,League Two,3066983,Cambridge United,Scunthorpe United,0.5085803432137286,0.39469578783151327,0.0967238689547582,3,2,0,65,22,7,4,1,84,14,7,8,7,0,14,8,480,198,207,52,39,23,1,50,6,4,31,0,65,60,35,75,3,0,35,6,3,3,1,60,20,4,0,3,0,3,3,250,55,96,41,18,26,0,55,11,7,19,4,66,40,65,67,2,1
2019-08-20,League Two,3066984,Cheltenham Town,Carlisle United,0.4384920634920635,0.41865079365079366,0.14285714285714285,2,0,0,39,11,4,3,1,66,13,5,4,3,1,8,3,321,91,120,43,10,23,3,73,11,6,27,5,54,48,55,43,1,0,61,16,5,1,1,76,15,7,4,7,0,8,8,512,224,164,35,12,30,0,83,5,3,19,2,52,52,45,80,3,0
2019-08-20,League Two,3066985,Crawley Town,Crewe Alexandra,0.3983402489626556,0.43983402489626555,0.16182572614107885,1,2,2,44,14,3,0,0,65,14,7,8,3,0,10,4,361,85,148,41,37,27,2,46,9,3,23,7,55,41,41,71,1,0,56,17,10,3,3,73,5,6,5,2,0,10,7,484,190,164,36,29,19,2,57,8,4,31,1,80,59,59,57,0,0
2019-08-20,League Two,3066986,Grimsby Town,Colchester United,0.47835497835497837,0.4155844155844156,0.10606060606060606,2,2,1,56,10,4,2,1,69,18,7,3,3,0,8,2,401,125,153,51,36,31,2,72,8,4,22,4,86,55,49,67,2,0,44,12,6,2,1,63,14,3,2,4,0,9,3,314,70,129,32,38,25,2,91,6,3,43,2,81,45,51,60,1,0
2019-08-20,League Two,3066987,Macclesfield FC,Morecambe,0.5393053016453382,0.37294332723948814,0.08775137111517367,0,1,2,59,12,5,1,1,74,12,6,6,1,1,3,9,432,120,198,44,7,28,0,55,10,4,12,1,61,54,47,60,2,0,41,12,2,2,1,60,16,1,6,4,1,4,8,304,85,96,35,50,31,0,40,8,1,31,5,59,46,53,63,3,0
2019-08-20,League Two,3066988,Mansfield Town,Leyton Orient,0.589041095890411,0.3165905631659056,0.0943683409436834,2,3,2,45,14,6,2,0,62,15,2,4,4,1,7,7,288,79,100,39,18,35,0,52,10,2,25,2,86,61,53,100,2,0,55,11,5,2,0,68,17,7,4,2,0,8,3,339,71,159,36,17,26,1,78,8,4,25,4,66,39,47,43,2,0
2019-08-20,League Two,3066989,Oldham Athletic,Exeter City,0.3062130177514793,0.4156804733727811,0.2781065088757396,0,0,1,38,14,3,1,1,55,18,7,6,5,0,6,8,268,45,103,27,21,30,2,80,11,2,35,3,67,42,53,30,3,0,62,13,3,3,3,71,6,10,8,2,0,8,5,431,112,196,37,16,46,1,92,9,6,21,2,73,58,47,47,0,0
2019-08-20,League Two,3066990,Plymouth Argyle,Salford City,0.581668625146886,0.31492361927144535,0.10340775558166862,2,2,1,64,27,5,1,0,89,7,11,12,10,0,12,15,581,178,339,65,23,18,1,83,4,1,8,5,48,40,57,44,1,0,36,12,7,5,3,79,9,5,4,1,0,8,4,336,148,119,46,29,16,3,62,7,9,24,3,51,60,43,79,2,0
2019-08-20,League Two,3066991,Port Vale,Forest Green Rovers,0.37842778793418647,0.40036563071297987,0.22120658135283364,2,1,0,41,18,9,5,3,78,10,4,7,2,1,12,6,363,124,159,42,41,22,1,60,14,3,14,3,35,52,43,60,2,0,59,10,4,1,0,83,10,4,2,4,0,3,7,535,220,223,36,18,22,3,63,5,2,8,7,37,48,57,33,1,0
2019-08-20,League Two,3066992,Stevenage,Bradford City,0.3473895582329317,0.42369477911646586,0.2289156626506024,0,1,2,61,18,3,1,1,65,14,5,8,7,1,12,6,414,88,182,28,27,41,0,81,6,1,23,2,80,61,45,90,0,0,39,10,2,1,1,53,17,4,7,1,0,9,1,265,62,79,21,35,33,1,75,9,7,36,3,73,39,55,38,2,0
2019-08-20,League Two,3066993,Swindon Town,Northampton Town,0.6317934782608695,0.3029891304347826,0.06521739130434782,0,1,2,66,15,2,3,3,80,13,10,7,6,0,10,5,467,197,176,55,29,28,1,100,2,1,15,0,55,49,55,75,2,0,34,4,1,1,0,58,14,3,2,1,0,1,3,248,60,85,28,9,21,2,73,6,6,29,2,51,51,45,75,2,0
2019-08-20,League Two,3066994,Walsall,Newport County,0.4265842349304482,0.4126738794435858,0.160741885625966,0,0,1,53,5,1,0,0,65,14,3,4,0,0,2,3,344,106,119,37,13,36,0,42,4,3,16,1,70,45,38,45,2,0,47,7,1,0,0,57,15,2,3,3,0,3,4,314,79,99,28,13,28,2,52,8,0,31,1,100,55,62,64,4,0
2019-08-24,League Two,3066995,Bradford City,Forest Green Rovers,0.6677631578947368,0.21710526315789475,0.11513157894736842,0,1,2,46,16,3,2,2,65,18,5,6,7,0,9,7,297,93,100,34,25,32,2,77,10,3,11,3,64,44,61,56,5,0,54,10,4,1,0,73,14,3,3,3,0,7,3,359,141,120,34,42,29,0,60,5,7,27,3,61,56,39,100,4,1
2019-08-24,League 2,3066996,Cambridge United,Oldham Athletic,0.696969696969697,0.20075757575757575,0.10227272727272728,1,2,2,71,22,5,2,2,82,3,7,12,5,1,12,10,556,188,267,55,25,26,0,73,6,0,7,1,72,72,59,64,0,0,29,7,3,1,0,63,19,2,3,1,0,4,3,236,72,76,18,14,12,0,50,16,0,36,4,39,28,41,60,0,0
2019-08-24,League Two,3066997,Carlisle United,Salford City,0.4557522123893805,0.34513274336283184,0.19911504424778761,2,2,1,59,19,6,5,4,79,13,7,9,4,0,12,7,510,220,184,29,29,29,2,64,5,1,16,1,51,51,50,100,0,0,41,10,3,3,1,71,12,5,6,1,1,8,2,343,122,120,42,24,17,0,94,5,4,27,4,50,49,50,86,1,0
2019-08-24,League Two,3066998,Cheltenham Town,Swindon Town,0.5029940119760479,0.31736526946107785,0.17964071856287425,2,2,1,45,11,4,1,0,75,13,7,5,2,0,4,7,343,83,173,44,29,19,0,89,6,0,14,3,41,42,58,100,1,0,55,10,5,2,0,79,6,4,5,0,0,8,2,449,217,137,52,60,19,4,57,4,2,21,2,40,58,42,50,2,1
2019-08-24,League Two,3066999,Colchester United,Northampton Town,0.5886075949367089,0.2721518987341772,0.13924050632911392,1,0,0,47,18,4,1,0,67,12,8,6,8,0,10,8,321,70,144,31,22,19,4,70,5,4,38,5,65,48,50,55,0,0,53,14,6,0,0,65,12,7,5,3,0,8,6,343,91,133,34,24,26,0,65,8,7,26,4,67,52,50,70,2,0
2019-08-24,League 2,3067000,Grimsby Town,Port Vale,0.564625850340136,0.2857142857142857,0.14965986394557823,5,2,0,50,13,5,4,1,72,14,3,6,2,0,9,4,405,124,168,38,27,10,2,75,8,0,25,3,80,57,52,69,0,0,50,7,4,2,1,70,14,2,3,0,0,4,3,407,134,152,38,15,23,2,57,3,0,17,0,67,43,48,67,0,0
2019-08-24,League Two,3067001,Leyton Orient,Crawley Town,0.6816143497757847,0.21973094170403587,0.09865470852017937,2,3,2,56,20,7,3,2,67,14,8,7,6,0,11,9,343,90,140,43,30,17,1,88,9,4,16,2,90,58,57,64,3,0,44,15,5,2,0,57,19,5,5,5,0,7,8,275,63,95,21,21,24,0,46,8,6,20,5,66,42,43,100,3,0
2019-08-24,League Two,3067002,Macclesfield FC,Scunthorpe United,0.6428571428571429,0.25274725274725274,0.1043956043956044,1,0,0,52,12,5,2,1,56,11,8,3,4,0,7,5,307,84,88,34,29,38,0,71,7,6,26,2,66,47,46,78,2,0,48,20,2,1,1,57,13,4,12,6,1,15,5,281,56,104,28,38,25,2,67,9,4,21,4,75,53,54,56,2,0
2019-08-24,League Two,3067003,Mansfield Town,Stevenage,0.70703125,0.2109375,0.08203125,0,0,1,54,22,7,2,2,68,7,10,11,4,0,13,9,393,122,147,45,28,45,1,53,11,1,23,2,61,52,55,60,0,0,46,4,2,1,1,68,10,4,1,1,0,3,1,341,104,128,29,13,21,2,92,11,5,37,6,53,48,45,55,2,0
2019-08-24,League Two,3067004,Morecambe,Exeter City,0.5,0.4166666666666667,0.08333333333333333,2,3,2,58,15,2,1,0,76,10,5,7,6,0,9,6,437,161,169,45,27,34,2,100,9,3,27,2,56,43,52,100,0,1,42,10,5,4,1,60,6,9,2,3,0,6,4,319,59,133,31,6,30,2,71,9,6,17,0,62,57,48,80,0,0
2019-08-24,League Two,3067005,Newport County,Crewe Alexandra,0.42920353982300885,0.3407079646017699,0.23008849557522124,1,0,0,39,9,4,1,0,65,10,2,4,1,0,4,5,300,101,94,32,35,18,0,83,9,4,31,3,47,56,31,75,0,0,61,13,3,1,1,77,10,11,6,4,1,6,7,480,194,176,55,20,27,1,64,6,1,13,3,56,44,69,54,1,0
2019-08-24,League Two,3067006,Plymouth Argyle,Walsall,0.7163120567375887,0.21631205673758866,0.0673758865248227,3,0,0,46,13,5,3,1,79,19,4,5,3,1,8,5,331,138,124,47,20,21,3,65,6,1,30,3,53,59,36,75,1,1,54,11,3,1,1,77,15,6,6,2,0,3,8,379,131,160,43,14,31,2,80,5,4,13,1,52,41,64,60,4,0
2019-08-31,League Two,3067007,Crawley Town,Cheltenham Town,0.6227544910179641,0.2215568862275449,0.15568862275449102,1,0,0,56,15,4,0,0,68,11,11,6,5,0,7,8,363,108,139,37,27,33,1,90,5,1,12,1,64,57,60,100,2,0,44,5,1,0,0,63,17,2,3,1,0,3,2,291,96,88,34,30,33,1,81,9,5,16,3,46,43,40,100,1,0
2019-08-31,League Two,3067008,Crewe Alexandra,Bradford City,0.489247311827957,0.3172043010752688,0.1935483870967742,2,1,0,50,17,5,5,4,69,16,12,8,4,0,13,4,309,110,102,38,33,18,1,70,6,7,43,1,77,48,49,79,4,0,50,14,2,2,1,67,12,5,4,8,1,6,8,312,80,128,52,27,36,2,58,11,5,25,2,81,52,51,75,0,0
2019-08-31,League Two,3067009,Exeter City,Mansfield Town,0.6551724137931034,0.20344827586206896,0.1413793103448276,1,0,0,43,8,4,2,1,51,11,3,3,1,2,5,3,306,60,97,23,22,33,4,73,6,3,23,0,68,55,50,67,2,0,57,9,0,0,0,62,12,6,6,3,0,3,6,409,114,141,30,14,37,2,67,6,1,20,3,63,45,50,56,1,1
2019-08-31,League Two,3067010,Forest Green Rovers,Newport County,0.5945945945945946,0.27927927927927926,0.12612612612612611,0,2,2,58,13,2,1,1,81,7,4,7,4,1,8,5,443,173,184,34,11,28,1,86,6,6,21,3,65,55,51,67,1,1,42,16,5,1,0,75,21,6,4,7,0,6,10,312,104,129,51,15,28,0,84,6,4,18,2,57,45,49,50,3,0
2019-08-31,League Two,3067011,Northampton Town,Plymouth Argyle,0.2809917355371901,0.38016528925619836,0.33884297520661155,3,1,0,45,19,10,5,3,71,15,3,7,2,1,10,9,369,98,164,31,16,21,2,71,9,5,12,1,48,47,54,40,3,0,55,14,2,2,2,79,10,6,7,5,0,8,6,452,195,161,43,18,23,0,50,3,1,25,7,48,53,46,60,2,0
2019-08-31,League Two,3067012,Oldham Athletic,Colchester United,0.42948717948717946,0.34615384615384615,0.22435897435897437,0,1,2,56,14,3,2,2,74,18,4,7,4,1,9,5,402,155,143,45,26,22,3,65,9,2,16,2,73,47,54,65,2,0,44,8,3,1,0,67,13,4,3,2,1,4,4,324,103,115,31,13,25,0,54,3,3,35,3,75,53,46,65,2,0
2019-08-31,League 2,3067013,Port Vale,Cambridge United,0.5364238410596026,0.2913907284768212,0.17218543046357615,1,0,0,53,10,6,2,1,69,16,8,2,2,0,7,3,356,98,149,40,27,28,1,64,6,0,20,0,63,51,59,67,0,0,47,3,0,1,1,66,14,2,2,1,0,3,0,319,103,108,27,27,28,3,55,6,0,29,5,52,49,41,57,0,0
2019-08-31,League Two,3067014,Salford City,Leyton Orient,0.6163265306122448,0.23673469387755103,0.1469387755102041,1,1,1,47,8,3,1,1,60,16,2,3,2,0,4,4,334,91,111,44,44,23,2,69,5,3,39,2,60,46,51,75,3,0,53,15,2,1,1,62,11,6,9,4,0,7,8,367,76,153,31,13,33,2,75,3,2,34,2,63,54,49,71,0,0
2019-08-31,League Two,3067015,Scunthorpe United,Carlisle United,0.4591194968553459,0.34591194968553457,0.1949685534591195,0,1,2,52,16,4,2,2,68,9,14,8,4,0,12,4,360,114,132,35,26,36,2,100,4,1,9,1,71,58,64,75,1,0,48,3,2,0,0,66,22,1,0,1,0,3,0,359,162,76,25,50,23,1,81,12,5,14,3,47,42,36,100,6,0
2019-08-31,League Two,3067016,Stevenage,Macclesfield FC,0.4088050314465409,0.3081761006289308,0.2830188679245283,2,2,1,54,22,8,5,4,67,14,9,10,4,2,19,3,353,63,174,32,45,34,0,63,4,1,14,2,61,43,53,44,1,0,46,8,4,3,1,60,11,4,3,1,1,4,4,321,91,103,31,0,25,3,61,4,2,19,6,66,57,47,60,2,0
2019-08-31,League Two,3067017,Swindon Town,Morecambe,0.6919431279620853,0.1943127962085308,0.11374407582938388,3,1,0,52,13,4,3,0,83,8,4,4,5,0,7,6,522,217,216,54,29,20,3,78,6,4,22,1,31,43,43,25,0,0,48,12,2,3,2,82,8,6,6,4,0,6,6,462,200,178,49,17,15,0,73,12,5,12,1,41,57,57,75,0,0
2019-08-31,League Two,3067018,Walsall,Grimsby Town,0.49504950495049505,0.32673267326732675,0.1782178217821782,1,3,2,62,12,7,2,1,80,13,7,3,2,0,8,4,441,187,165,53,24,21,2,45,2,1,22,4,57,53,35,100,1,0,38,14,7,2,0,69,15,3,6,1,0,10,4,277,66,126,53,50,24,5,88,6,2,22,6,74,47,65,43,1,0
2019-09-07,League Two,3067019,Bradford City,Northampton Town,0.566017316017316,0.3344155844155844,0.09956709956709957,2,1,0,56,16,7,2,1,64,11,10,6,3,0,12,4,325,79,130,42,18,40,1,75,5,2,15,2,73,58,49,50,1,1,44,6,3,0,0,56,16,2,1,2,0,5,1,275,70,84,24,25,28,3,64,11,4,51,4,65,42,51,50,4,0
2019-09-07,League Two,3067020,Cambridge United,Forest Green Rovers,0.4201438848920863,0.3985611510791367,0.18129496402877698,0,1,2,44,18,3,4,4,68,8,5,11,4,1,10,8,350,110,128,33,35,18,1,75,8,1,9,1,54,53,50,63,2,0,56,10,2,1,1,76,14,4,7,1,1,7,3,453,167,179,42,20,22,0,60,6,5,12,2,50,47,50,92,3,0
2019-09-07,League Two,3067021,Carlisle United,Exeter City,0.28125,0.4039351851851852,0.3148148148148148,1,3,2,53,14,4,2,1,66,14,4,4,6,0,6,8,404,142,125,39,12,34,0,94,14,2,14,6,57,56,44,100,2,0,47,17,9,6,4,66,14,5,6,2,1,14,3,368,78,166,39,19,23,1,90,11,6,13,3,55,44,56,67,0,0
2019-09-07,League Two,3067022,Cheltenham Town,Stevenage,0.5201288244766505,0.3397745571658615,0.14009661835748793,4,2,0,49,12,8,6,3,70,12,4,3,1,0,11,1,400,148,131,33,35,27,4,87,3,5,23,1,67,47,48,60,0,0,51,12,3,1,1,69,13,0,4,5,0,7,5,409,115,168,26,39,21,2,79,5,2,7,3,74,53,52,59,0,0
2019-09-07,League Two,3067023,Colchester United,Walsall,0.5608011444921316,0.34763948497854075,0.09155937052932761,0,0,1,54,10,5,0,0,76,14,5,3,2,0,4,6,404,159,150,36,24,35,5,69,5,4,25,3,65,56,54,65,0,0,46,8,3,1,1,68,11,4,1,4,0,4,4,346,130,105,42,29,31,2,94,3,2,23,5,53,44,46,36,2,0
2019-09-07,League Two,3067024,Grimsby Town,Crewe Alexandra,0.43655589123867067,0.41389728096676737,0.14954682779456194,0,2,2,39,6,3,1,1,66,13,7,1,2,0,4,2,323,78,136,53,9,28,0,47,13,9,16,4,58,48,49,44,1,0,61,19,6,3,2,79,9,7,4,9,0,11,8,531,268,149,41,21,25,4,100,6,2,24,3,61,52,51,73,2,0
2019-09-07,League Two,3067025,Leyton Orient,Swindon Town,0.4383561643835616,0.3972602739726027,0.1643835616438356,1,3,2,38,10,4,1,1,64,16,3,5,1,0,4,6,329,99,113,29,18,16,1,81,12,2,19,3,54,37,44,54,3,0,62,13,5,1,1,80,7,7,5,3,1,7,6,541,218,215,47,15,23,4,61,8,1,14,3,84,63,56,74,1,0
2019-09-07,League Two,3067026,Macclesfield FC,Crawley Town,0.4817391304347826,0.38608695652173913,0.13217391304347825,1,1,1,38,8,4,1,0,61,17,8,2,2,0,3,5,282,78,93,36,14,17,3,60,18,7,33,4,67,47,48,40,4,0,62,20,5,2,2,72,12,7,8,7,0,10,10,471,109,232,45,22,30,0,60,6,2,11,3,75,53,52,85,3,0
2019-09-07,League Two,3067027,Mansfield Town,Scunthorpe United,0.6083916083916084,0.3034965034965035,0.08811188811188811,2,0,0,42,12,4,2,0,53,14,2,4,4,0,8,4,245,72,59,32,42,37,5,61,14,5,18,1,63,56,48,78,1,0,58,11,1,0,0,63,13,5,5,5,0,7,4,337,96,115,32,24,29,1,64,3,4,19,2,57,44,52,67,4,0
2019-09-07,League Two,3067028,Morecambe,Salford City,0.34715821812596004,0.42857142857142855,0.22427035330261136,2,2,1,55,14,7,2,0,70,13,6,4,3,0,8,6,420,127,169,29,18,15,1,86,6,5,28,9,41,44,46,100,1,0,45,28,11,2,2,69,7,4,11,6,1,18,10,326,83,143,45,34,22,1,86,8,3,17,5,49,56,54,100,0,0
2019-09-07,League Two,3067029,Newport County,Port Vale,0.583547557840617,0.32390745501285345,0.09254498714652956,1,0,0,45,20,4,2,1,58,13,3,11,5,1,8,12,321,70,116,25,29,25,0,69,7,4,24,1,61,52,37,40,1,0,55,12,1,1,1,62,21,4,7,4,1,7,5,400,94,153,47,15,31,0,71,4,5,18,3,78,48,63,100,2,0
2019-09-07,League Two,3067030,Plymouth Argyle,Oldham Athletic,0.6274509803921569,0.2848904267589389,0.08765859284890427,2,2,1,61,17,8,3,1,83,7,2,6,3,0,11,6,553,292,168,51,25,23,5,58,8,5,15,1,63,59,53,61,4,0,39,13,4,0,0,73,17,5,5,4,0,9,4,343,116,134,31,18,17,5,80,7,3,20,6,48,41,48,78,5,0
2019-09-14,League Two,3067031,Crawley Town,Mansfield Town,0.3641025641025641,0.38461538461538464,0.2512820512820513,1,0,0,54,20,6,2,2,63,16,7,7,7,0,11,9,332,63,146,39,31,21,2,92,2,5,16,5,67,42,59,83,2,0,46,22,6,2,2,60,11,5,12,4,0,16,6,274,74,91,36,43,26,1,62,8,7,18,5,64,58,41,80,1,0
2019-09-14,League Two,3067032,Crewe Alexandra,Cambridge United,0.6733067729083665,0.2350597609561753,0.09163346613545817,2,3,2,67,12,7,1,0,83,11,9,2,3,0,6,6,572,266,210,50,10,29,3,70,3,2,11,0,51,57,53,75,1,1,33,7,3,2,0,66,19,0,2,2,0,6,1,273,70,110,41,29,19,5,75,6,3,23,5,41,43,47,29,3,0
2019-09-14,League Two,3067033,Exeter City,Leyton Orient,0.7149532710280374,0.19626168224299065,0.08878504672897196,2,2,1,59,21,8,2,1,65,12,9,5,8,0,14,7,385,82,167,39,21,26,1,56,7,3,9,0,67,63,47,43,0,0,41,7,2,1,0,58,21,2,2,3,0,2,5,279,56,106,26,0,20,5,67,7,8,45,6,58,37,53,20,6,0
2019-09-14,League Two,3067034,Forest Green Rovers,Colchester United,0.4908256880733945,0.3302752293577982,0.17889908256880735,1,0,0,53,13,4,1,1,80,5,4,5,4,0,7,6,500,225,173,39,50,25,3,67,14,4,10,1,46,56,30,60,3,0,47,12,1,0,0,80,13,8,7,4,1,10,2,423,144,194,38,24,22,0,67,9,4,18,4,50,44,70,50,3,0
2019-09-14,League Two,3067035,Northampton Town,Newport County,0.3317307692307692,0.4182692307692308,0.25,2,0,0,50,12,4,1,0,66,15,5,3,5,0,10,2,334,99,122,40,18,40,0,86,7,2,24,0,57,47,45,67,1,0,50,3,0,0,0,61,13,3,1,2,0,2,1,327,99,102,31,18,35,3,67,4,5,21,2,68,53,55,75,0,1
2019-09-14,League 2,3067036,Oldham Athletic,Grimsby Town,0.48863636363636365,0.32386363636363635,0.1875,2,2,1,50,14,4,0,0,74,20,5,10,0,0,13,3,355,113,151,42,29,12,3,50,4,0,24,2,55,41,36,67,0,0,50,12,4,0,0,69,12,4,8,0,0,11,4,360,115,134,44,47,14,1,62,8,0,13,2,88,59,64,47,0,0
2019-09-14,League Two,3067037,Port Vale,Plymouth Argyle,0.38,0.335,0.285,1,0,0,49,15,4,2,1,70,11,8,7,4,0,9,6,336,89,146,44,23,21,2,91,7,3,23,2,53,43,66,71,1,0,51,14,3,0,0,72,11,5,9,2,0,4,10,361,127,132,41,18,30,0,62,2,4,29,3,47,57,34,56,2,0
2019-09-14,League Two,3067038,Salford City,Cheltenham Town,0.6228070175438597,0.30701754385964913,0.07017543859649122,0,2,2,45,10,4,0,0,63,12,3,0,6,0,6,4,328,103,104,43,19,29,5,78,9,2,20,1,54,46,47,33,1,0,55,5,3,3,1,67,14,3,0,2,0,4,1,419,182,100,40,13,40,2,75,6,6,22,4,62,54,53,80,1,0
2019-09-14,League Two,3067039,Scunthorpe United,Morecambe,0.4583333333333333,0.3273809523809524,0.21428571428571427,3,0,0,47,17,8,4,1,72,13,6,8,1,0,14,3,361,106,153,38,30,31,1,88,10,2,18,7,56,45,61,43,1,0,53,10,7,2,2,69,10,3,1,2,0,8,2,414,155,131,33,14,49,1,78,8,1,17,5,52,55,39,83,0,0
2019-09-14,League Two,3067040,Stevenage,Carlisle United,0.46853146853146854,0.36363636363636365,0.16783216783216784,2,3,2,48,14,6,0,0,76,10,6,3,5,0,8,6,340,104,155,38,20,29,5,73,4,4,8,1,59,56,64,42,1,0,52,12,4,3,2,77,12,3,4,4,0,9,3,377,197,92,35,20,21,1,75,4,6,18,3,42,44,36,86,3,0
2019-09-14,League Two,3067041,Swindon Town,Macclesfield FC,0.669683257918552,0.22624434389140272,0.10407239819004525,3,0,0,64,15,8,3,2,83,13,7,4,3,0,11,4,581,243,241,44,22,15,1,76,9,1,10,2,55,53,45,61,0,0,36,7,2,0,0,74,13,2,4,1,0,1,6,329,135,107,42,13,23,3,62,13,3,16,5,53,47,55,50,2,0
2019-09-14,League Two,3067042,Walsall,Bradford City,0.3829787234042553,0.3776595744680851,0.2393617021276596,0,1,2,60,17,6,1,1,71,11,2,4,7,0,7,10,434,142,164,34,23,25,0,80,6,2,30,4,49,50,36,100,1,0,40,11,4,2,2,58,14,6,5,2,0,7,4,285,70,95,38,10,27,4,36,8,6,27,6,66,50,64,50,1,0
2019-09-17,League Two,3067043,Carlisle United,Forest Green Rovers,0.3552188552188552,0.4175084175084175,0.22727272727272727,0,0,1,34,10,2,1,1,79,18,7,6,2,0,5,5,306,121,122,38,14,11,0,62,9,2,20,4,44,48,48,43,4,0,66,8,4,0,0,88,10,6,2,2,0,3,5,609,200,336,49,14,24,3,56,6,2,12,2,48,52,52,60,1,1
2019-09-17,League Two,3067044,Cheltenham Town,Bradford City,0.3806818181818182,0.4337121212121212,0.1856060606060606,3,2,0,61,14,4,2,1,81,9,5,8,2,0,8,6,525,239,186,47,33,23,2,40,6,4,31,3,52,65,42,60,1,0,39,13,5,6,4,65,13,6,4,4,0,11,2,328,107,106,37,37,26,1,75,5,2,19,1,46,35,58,14,4,0
2019-09-17,League Two,3067045,Crawley Town,Plymouth Argyle,0.36610878661087864,0.4225941422594142,0.2112970711297071,2,2,1,40,12,3,1,0,68,13,4,3,6,0,9,3,289,79,118,33,33,28,1,75,14,3,18,6,55,37,58,33,1,0,60,14,8,3,2,76,9,13,3,3,0,10,4,431,147,180,48,29,31,2,59,6,6,12,1,66,63,42,76,0,0
2019-09-17,League Two,3067046,Exeter City,Port Vale,0.5983213429256595,0.30335731414868106,0.09832134292565947,2,0,0,53,22,8,4,3,61,7,9,7,7,1,18,4,385,78,157,23,26,49,1,80,6,1,12,3,56,53,40,78,0,0,47,11,3,0,0,59,8,4,7,1,0,10,1,349,86,120,41,19,30,5,67,6,7,39,6,72,47,60,0,4,0
2019-09-17,League Two,3067047,Leyton Orient,Crewe Alexandra,0.3898989898989899,0.43434343434343436,0.17575757575757575,1,2,2,49,14,5,2,1,71,12,4,5,4,0,7,7,406,125,164,36,0,32,4,67,11,1,21,2,60,46,60,31,2,0,51,9,4,3,2,67,10,8,4,1,2,7,2,409,150,126,37,13,28,3,69,10,4,12,4,53,54,40,80,0,0
2019-09-17,League Two,3067048,Macclesfield FC,Newport County,0.33014354066985646,0.46411483253588515,0.20574162679425836,1,1,1,56,24,9,1,1,71,11,5,10,5,0,10,14,411,135,155,25,36,26,1,74,15,4,22,2,75,57,51,63,2,0,44,13,3,1,1,57,12,6,6,4,0,6,7,310,52,126,31,33,34,0,79,13,5,22,8,64,43,49,38,5,0
2019-09-17,League Two,3067049,Mansfield Town,Cambridge United,0.5529157667386609,0.3326133909287257,0.11447084233261338,0,4,2,46,15,1,2,2,70,16,6,9,5,0,10,5,343,144,97,48,30,25,1,91,11,3,20,1,61,42,55,69,2,1,54,14,5,4,2,74,12,5,6,3,1,11,3,397,142,150,40,38,19,2,67,5,5,26,1,66,58,45,67,3,0
2019-09-17,League Two,3067050,Morecambe,Walsall,0.35853658536585364,0.4560975609756098,0.18536585365853658,0,1,2,52,5,0,0,0,66,16,6,3,2,0,0,5,390,125,132,34,14,24,4,64,3,5,26,3,60,46,49,86,1,0,48,15,4,1,0,66,13,8,6,5,0,10,5,369,74,170,37,37,24,2,67,5,2,21,0,66,54,51,80,1,0
2019-09-17,League Two,3067051,Salford City,Grimsby Town,0.49795918367346936,0.35306122448979593,0.1489795918367347,1,0,0,35,10,2,1,1,61,6,2,4,4,0,6,4,309,105,83,31,31,21,2,40,5,8,40,2,69,53,51,80,0,0,65,16,2,1,1,75,8,9,6,8,0,6,10,569,201,228,44,26,28,0,80,6,4,8,1,64,47,49,46,1,0
2019-09-17,League Two,3067052,Scunthorpe United,Oldham Athletic,0.43577981651376146,0.41284403669724773,0.15137614678899083,2,2,1,48,21,4,0,0,66,8,5,12,5,1,14,7,375,118,129,30,26,37,0,64,8,5,17,1,81,55,65,80,5,0,52,10,4,1,0,72,14,5,2,4,0,6,4,423,168,138,34,13,28,3,67,12,5,25,2,56,45,35,32,5,0
2019-09-17,League Two,3067053,Stevenage,Northampton Town,0.2906178489702517,0.41189931350114417,0.2974828375286041,0,1,2,60,19,4,1,1,68,13,14,10,5,0,12,7,336,84,143,42,20,40,0,57,1,2,14,2,46,48,45,100,3,0,40,5,3,1,0,51,12,2,0,2,0,4,1,242,46,77,27,27,30,1,43,8,4,43,4,53,52,55,100,4,1
2019-09-17,League Two,3067054,Swindon Town,Colchester United,0.5829787234042553,0.30921985815602837,0.10780141843971631,0,3,2,66,9,1,0,0,81,11,4,6,2,0,6,3,592,272,205,54,22,27,1,91,5,1,9,2,39,44,41,50,2,0,34,8,5,0,0,66,11,6,2,1,0,6,2,306,79,123,32,17,20,1,94,5,2,21,1,52,56,59,69,1,0
2019-09-21,League Two,3067055,Bradford City,Carlisle United,0.5991902834008097,0.29554655870445345,0.10526315789473684,3,1,0,54,18,7,4,3,81,11,7,8,3,1,13,5,377,127,180,44,20,22,2,67,3,4,6,4,55,58,43,63,2,1,46,12,5,0,0,77,12,2,3,4,0,8,4,342,166,98,35,29,26,1,64,4,2,35,4,48,42,57,73,2,1
2019-09-21,League Two,3067056,Cambridge United,Swindon Town,0.30978260869565216,0.3967391304347826,0.29347826086956524,0,1,2,48,7,4,1,1,76,10,5,1,2,0,7,0,346,126,137,44,21,31,2,64,6,3,19,2,49,60,59,43,1,0,52,8,3,1,0,76,16,6,2,3,0,5,3,377,146,139,52,33,23,3,60,6,2,15,4,33,40,41,25,3,0
2019-09-21,League Two,3067057,Colchester United,Leyton Orient,0.6173469387755102,0.24489795918367346,0.1377551020408163,2,1,0,52,10,7,0,0,74,14,4,3,0,0,7,3,418,169,139,33,17,20,1,53,7,7,7,2,54,51,42,36,1,0,48,14,2,1,0,72,13,2,4,8,0,9,5,380,122,152,36,20,22,0,59,6,0,21,5,60,49,58,50,2,0
2019-09-21,League Two,3067058,Crewe Alexandra,Salford City,0.6286644951140065,0.250814332247557,0.12052117263843648,4,1,0,63,17,7,5,2,81,7,7,9,1,1,9,8,562,234,222,51,13,23,1,67,6,3,18,3,52,50,34,65,1,0,37,12,4,2,1,66,9,3,4,4,0,8,4,321,102,109,37,32,22,3,67,11,1,24,3,72,50,66,86,1,0
2019-09-21,League Two,3067059,Forest Green Rovers,Stevenage,0.7328990228013029,0.17263843648208468,0.09446254071661238,0,0,1,58,7,2,0,0,74,9,6,2,3,0,3,4,434,141,178,47,24,21,0,71,7,4,11,5,63,59,53,67,2,1,42,16,6,0,0,66,18,4,7,3,0,9,7,311,95,111,36,33,33,1,71,6,3,16,2,49,41,47,50,3,0
2019-09-21,League Two,3067060,Grimsby Town,Macclesfield FC,0.5949367088607594,0.25316455696202533,0.1518987341772152,1,0,0,47,12,3,0,0,63,9,5,6,3,1,10,2,349,56,163,45,29,29,1,67,9,3,11,1,91,57,59,63,0,0,53,8,1,1,1,67,16,7,4,3,0,3,5,405,136,137,40,18,29,0,53,11,3,21,2,66,43,41,44,0,0
2019-09-21,League Two,3067061,Newport County,Exeter City,0.3643122676579926,0.34944237918215615,0.2862453531598513,1,1,1,53,15,3,2,1,55,10,8,7,5,0,11,4,310,72,100,34,35,24,1,83,9,3,24,1,93,59,67,80,1,0,47,7,2,1,0,51,17,7,2,3,0,5,2,271,55,82,20,13,26,3,44,11,5,23,2,52,41,33,67,3,0
2019-09-21,League Two,3067062,Northampton Town,Crawley Town,0.5961538461538461,0.24358974358974358,0.16025641025641027,2,2,1,46,14,6,2,1,58,7,3,6,2,0,10,4,285,53,113,26,13,28,1,67,9,6,31,2,59,59,57,71,1,0,54,17,4,0,0,58,9,4,8,5,0,8,9,331,81,111,31,26,37,2,88,3,2,12,4,43,41,43,100,1,0
2019-09-21,League Two,3067063,Oldham Athletic,Morecambe,0.6607142857142857,0.24404761904761904,0.09523809523809523,3,1,0,48,15,7,1,0,75,12,4,6,2,0,9,6,379,134,152,53,50,22,4,72,7,2,10,1,50,47,48,25,0,0,52,9,2,1,0,74,11,3,5,2,0,3,6,401,153,142,41,22,30,2,67,6,2,7,4,55,53,52,67,0,0
2019-09-21,League Two,3067064,Plymouth Argyle,Cheltenham Town,0.5546558704453441,0.29959514170040485,0.145748987854251,0,2,2,55,22,7,1,1,84,3,5,6,9,1,18,4,473,204,195,29,19,18,2,75,8,0,18,1,54,63,50,72,0,0,45,8,2,3,2,77,17,4,6,0,1,6,2,376,171,119,36,18,21,0,65,6,9,9,7,38,38,50,57,3,0
2019-09-21,League Two,3067065,Port Vale,Mansfield Town,0.5632911392405063,0.2911392405063291,0.14556962025316456,2,2,1,52,6,3,0,0,66,19,4,2,1,0,5,1,356,104,131,39,25,23,2,61,6,0,18,4,65,52,57,63,4,0,48,12,5,2,0,66,15,5,7,0,0,7,5,325,77,136,24,41,25,2,56,7,1,15,1,54,48,43,44,3,0
2019-09-21,League Two,3067066,Walsall,Scunthorpe United,0.5465116279069767,0.31976744186046513,0.13372093023255813,1,0,0,50,10,3,0,0,69,7,7,4,3,0,5,5,359,134,112,23,35,29,1,79,3,3,27,1,51,40,35,70,2,0,50,8,1,0,0,72,10,7,3,4,0,1,7,344,96,151,38,11,23,2,68,10,3,22,2,83,60,65,69,1,0
2019-09-28,League Two,3067067,Carlisle United,Oldham Athletic,0.5815217391304348,0.2826086956521739,0.1358695652173913,1,0,0,41,14,5,0,0,63,9,3,6,3,0,7,7,352,135,88,31,50,24,0,47,4,2,22,1,60,56,57,83,0,0,59,12,1,0,0,76,14,5,9,2,0,9,3,487,164,204,27,20,32,2,89,12,3,5,4,47,44,43,63,1,0
2019-09-28,League Two,3067068,Cheltenham Town,Crewe Alexandra,0.5117370892018779,0.3192488262910798,0.16901408450704225,1,1,1,53,13,5,4,3,75,12,5,4,4,0,10,3,473,179,175,41,20,32,6,62,12,6,18,1,37,40,40,40,3,0,47,9,2,2,1,72,7,4,1,6,0,6,3,420,166,138,36,0,20,5,82,17,4,15,4,55,60,60,64,3,1
2019-09-28,League Two,3067069,Crawley Town,Walsall,0.5802469135802469,0.2654320987654321,0.15432098765432098,2,3,2,64,24,6,2,1,76,11,8,7,11,0,13,11,466,150,206,43,19,31,3,82,4,1,11,1,87,60,55,94,1,0,36,6,4,1,0,58,15,2,1,1,0,4,2,267,72,84,26,0,27,1,72,6,10,20,4,63,40,45,63,2,0
2019-09-28,League Two,3067070,Exeter City,Grimsby Town,0.6703910614525139,0.2430167597765363,0.08659217877094973,1,3,2,56,22,5,2,1,69,16,8,9,8,0,16,6,386,103,164,41,25,42,0,53,4,2,6,0,67,47,52,50,4,0,44,7,3,3,1,65,13,1,2,2,0,4,3,322,93,115,38,20,30,3,93,6,9,36,3,68,53,48,38,4,0
2019-09-28,League 2,3067071,Leyton Orient,Port Vale,0.6666666666666666,0.2,0.13333333333333333,3,3,1,54,12,6,2,1,67,12,4,3,3,0,6,6,427,132,154,35,42,23,2,72,5,0,28,5,66,53,54,50,0,0,46,16,8,0,0,60,8,7,6,2,0,11,5,354,100,114,31,45,15,3,36,10,0,25,3,57,47,46,50,0,0
2019-09-28,League Two,3067072,Macclesfield FC,Colchester United,0.34375,0.43125,0.225,1,1,1,39,9,5,0,0,58,14,4,4,0,1,5,4,326,66,124,21,31,28,0,77,9,1,20,2,56,48,35,38,1,0,61,9,3,0,0,75,8,2,5,1,0,3,6,514,136,249,46,18,38,0,62,8,0,17,4,74,52,65,67,1,0
2019-09-28,League Two,3067073,Mansfield Town,Plymouth Argyle,0.39572192513368987,0.32085561497326204,0.28342245989304815,0,1,2,56,14,3,2,2,69,18,9,4,7,0,9,5,418,151,139,45,23,35,2,78,7,2,11,3,57,44,46,70,2,0,44,10,4,2,2,58,14,2,4,2,1,6,4,329,85,107,15,42,20,1,50,5,6,35,3,70,56,54,75,6,0
2019-09-28,League Two,3067074,Morecambe,Northampton Town,0.2826086956521739,0.4420289855072464,0.2753623188405797,2,2,1,57,21,5,4,3,71,8,5,9,7,0,9,12,424,127,172,36,0,28,0,100,6,2,26,0,43,52,37,75,2,0,43,17,2,2,2,60,10,7,12,3,3,11,6,314,48,141,30,32,32,0,55,3,7,34,3,56,48,63,100,3,0
2019-09-28,League Two,3067075,Salford City,Forest Green Rovers,0.48743718592964824,0.3015075376884422,0.21105527638190955,0,4,2,47,14,5,0,0,68,21,4,6,3,0,8,6,326,103,118,57,36,33,3,68,10,2,10,1,70,40,62,33,3,0,53,9,5,3,0,70,12,5,2,2,0,4,5,394,114,163,34,10,21,2,70,9,3,7,5,71,60,38,54,1,0
2019-09-28,League Two,3067076,Scunthorpe United,Bradford City,0.29120879120879123,0.3956043956043956,0.3131868131868132,1,1,1,27,4,2,1,0,52,18,0,0,2,0,2,2,191,49,50,28,17,13,0,76,12,4,47,3,64,52,52,100,2,1,73,17,5,2,2,81,17,9,9,3,1,13,4,487,200,193,54,16,39,1,71,4,1,12,1,60,48,48,64,3,0
2019-09-28,League 2,3067077,Stevenage,Cambridge United,0.35185185185185186,0.41358024691358025,0.2345679012345679,1,1,1,45,9,4,0,0,57,12,5,5,0,0,11,9,292,54,112,26,18,17,1,70,7,0,26,5,50,47,57,40,0,0,55,15,6,1,1,64,13,10,9,0,2,14,9,340,73,144,28,48,22,3,60,5,0,13,3,46,53,43,50,0,0
2019-09-28,League Two,3067078,Swindon Town,Newport County,0.6147186147186147,0.2510822510822511,0.1341991341991342,0,2,2,68,7,4,1,1,73,13,3,2,1,1,5,2,461,149,188,41,0,31,2,82,4,2,6,2,47,50,31,100,0,0,32,11,4,2,0,46,15,9,5,2,0,9,2,214,36,63,36,40,15,2,88,11,1,31,4,63,50,69,100,1,0
2019-10-05,League Two,3067080,Cambridge United,Macclesfield FC,0.6560509554140127,0.2611464968152866,0.08280254777070063,2,2,1,55,17,4,3,2,70,12,5,8,5,2,12,5,373,94,167,31,40,22,3,59,5,2,18,1,86,59,55,87,1,0,45,11,3,2,2,61,20,4,6,2,0,7,4,302,59,126,32,25,25,3,63,9,5,17,2,65,41,45,43,3,0
2019-10-05,League Two,3067081,Colchester United,Stevenage,0.7078189300411523,0.20987654320987653,0.0823045267489712,3,1,0,55,22,5,5,2,76,11,6,12,5,1,16,6,446,157,181,38,5,35,4,57,10,3,11,2,64,54,53,62,2,0,45,8,3,0,0,69,11,1,2,3,0,2,6,363,122,130,23,20,12,1,70,17,4,28,2,55,46,47,47,2,0
2019-10-05,League Two,3067083,Forest Green Rovers,Crawley Town,0.6926406926406926,0.24675324675324675,0.06060606060606061,3,1,0,50,18,8,5,2,69,10,4,6,4,0,8,10,308,71,140,47,0,29,0,83,14,5,15,1,71,62,43,60,1,0,50,11,2,0,0,65,23,7,4,5,0,5,6,299,88,107,31,29,26,2,81,11,4,8,5,57,38,57,64,3,0
2019-10-05,League Two,3067084,Grimsby Town,Mansfield Town,0.6203208556149733,0.23529411764705882,0.1443850267379679,0,1,2,55,8,2,1,1,73,22,7,4,2,0,4,4,361,89,175,60,23,35,4,68,10,1,21,2,92,47,62,60,3,0,45,9,3,1,0,62,13,2,4,2,0,3,6,304,90,97,28,25,22,3,82,7,1,27,2,79,53,38,78,1,1
2019-10-05,League Two,3067085,Newport County,Carlisle United,0.6497175141242938,0.23163841807909605,0.11864406779661017,1,0,0,54,7,2,0,0,72,13,5,3,2,0,3,4,422,151,153,44,19,28,1,63,13,5,12,3,53,42,60,50,2,0,46,12,3,0,0,72,8,2,4,5,0,6,6,356,116,142,37,11,31,0,89,8,2,23,1,54,58,40,83,2,0
2019-10-05,League Two,3067086,Northampton Town,Leyton Orient,0.6120218579234973,0.23497267759562843,0.15300546448087432,0,1,2,48,9,3,0,0,57,17,2,4,2,1,8,1,290,54,111,41,32,23,2,50,9,3,31,2,77,50,59,33,1,0,52,10,3,1,0,59,18,6,4,3,2,7,3,334,72,124,45,43,29,3,100,6,2,33,3,61,50,41,100,3,0
2019-10-05,League Two,3067087,Oldham Athletic,Cheltenham Town,0.3229166666666667,0.328125,0.3489583333333333,1,1,1,36,14,5,2,1,68,14,4,5,4,0,7,7,295,89,111,34,44,14,1,59,20,5,29,2,49,45,38,67,3,0,64,12,3,1,1,77,10,8,4,5,0,6,6,502,206,179,56,25,27,2,79,5,4,9,4,68,55,62,100,4,0
2019-10-05,League Two,3067088,Plymouth Argyle,Scunthorpe United,0.7459677419354839,0.18951612903225806,0.06451612903225806,2,2,1,56,13,5,2,1,78,6,2,6,2,0,12,1,482,208,168,37,36,22,3,50,7,4,29,0,57,49,59,33,0,0,44,11,2,1,0,70,16,5,4,5,0,7,4,358,78,173,40,8,39,6,84,9,2,11,3,50,51,41,50,0,0
2019-10-05,League Two,3067089,Port Vale,Morecambe,0.7,0.2,0.1,3,1,0,61,21,9,0,0,76,15,9,6,6,0,12,9,480,165,200,46,39,26,2,75,5,1,6,0,48,53,50,80,1,0,39,7,1,0,0,63,11,3,5,1,0,4,3,313,94,103,21,15,21,0,100,6,6,26,6,45,47,50,67,3,1
2019-10-05,League Two,3067090,Walsall,Salford City,0.547085201793722,0.3183856502242152,0.13452914798206278,0,3,2,63,14,6,0,0,72,4,6,6,2,1,6,8,456,139,190,43,17,33,0,100,2,2,16,3,62,62,58,54,0,0,37,9,6,0,0,59,15,3,1,2,0,7,2,269,58,100,32,24,23,3,92,9,2,25,6,42,38,42,100,3,0
2019-10-05,League Two,3067079,Bradford City,Swindon Town,0.512,0.336,0.152,2,1,0,52,15,4,2,1,63,13,5,6,5,1,9,6,293,82,102,38,32,26,1,58,5,0,13,0,71,60,51,43,1,0,48,6,1,1,1,66,23,2,5,0,0,4,2,296,113,82,40,23,27,1,38,6,5,31,2,54,40,49,40,3,0
2019-10-05,League Two,3067082,Crewe Alexandra,Exeter City,0.3828125,0.35546875,0.26171875,1,1,1,57,8,4,0,0,69,6,4,3,1,0,7,1,454,183,131,39,9,38,3,73,12,6,17,4,69,55,55,80,3,0,43,17,5,3,3,63,9,10,6,6,0,9,8,336,70,141,33,33,28,2,88,12,1,9,3,57,45,45,63,1,0
2019-10-12,League Two,3067091,Carlisle United,Crewe Alexandra,0.32098765432098764,0.4403292181069959,0.23868312757201646,2,4,2,42,12,4,1,0,72,13,1,7,1,0,6,6,381,145,131,45,44,18,3,73,12,1,14,2,43,44,57,100,0,0,58,9,5,2,0,81,12,3,3,1,0,4,5,537,283,154,55,8,31,6,70,10,1,12,2,44,56,43,70,1,0
2019-10-12,League Two,3067093,Crawley Town,Colchester United,0.3559577677224736,0.44042232277526394,0.20361990950226244,2,1,0,53,18,5,1,1,68,8,8,6,7,1,7,11,340,79,151,42,27,28,1,86,15,3,21,2,51,45,42,80,2,0,47,10,3,0,0,61,12,9,4,3,0,8,2,291,76,101,31,32,33,2,70,9,6,22,3,66,55,58,70,1,0
2019-10-12,League Two,3067094,Exeter City,Forest Green Rovers,0.4856486796785304,0.3616532721010333,0.15269804822043628,1,0,0,47,14,1,0,0,60,22,11,5,8,0,9,5,288,52,120,31,23,27,4,75,7,7,10,3,52,36,49,80,3,0,53,14,3,1,1,63,12,4,4,7,0,10,4,345,103,114,32,22,32,2,50,5,8,18,0,71,64,51,100,3,0
2019-10-12,League Two,3067095,Leyton Orient,Walsall,0.4728813559322034,0.3983050847457627,0.1288135593220339,3,1,0,42,12,6,3,2,69,16,2,4,2,0,9,3,305,80,131,44,33,10,4,76,10,4,26,2,59,48,56,75,2,1,58,15,3,1,1,76,13,10,7,5,0,11,4,404,130,176,49,24,25,5,64,6,2,17,2,55,52,44,89,2,0
2019-10-12,League Two,3067096,Macclesfield FC,Port Vale,0.3765112262521589,0.4386873920552677,0.1848013816925734,2,1,0,51,13,6,1,0,62,8,7,3,4,0,6,7,351,71,147,31,27,43,1,77,8,1,14,2,73,54,47,39,2,0,49,8,3,0,0,63,12,7,4,1,0,5,3,349,113,106,36,13,31,1,76,5,4,24,4,74,46,53,50,0,0
2019-10-12,League Two,3067097,Mansfield Town,Oldham Athletic,0.508833922261484,0.3745583038869258,0.1166077738515901,6,1,0,66,32,12,7,2,86,9,6,13,7,0,18,14,502,155,275,65,15,22,0,82,6,2,12,1,53,47,49,58,2,0,34,6,2,1,0,67,12,2,2,2,0,3,3,257,90,81,38,0,16,0,68,11,8,33,6,58,53,51,57,0,2
2019-10-12,League Two,3067098,Morecambe,Bradford City,0.2654109589041096,0.4434931506849315,0.2910958904109589,1,2,2,50,27,5,1,1,67,7,6,10,12,1,15,12,335,90,133,34,35,24,4,58,4,2,18,1,60,61,63,78,0,0,50,12,3,3,2,72,12,6,7,2,0,9,3,337,132,110,46,30,31,0,33,10,12,18,4,37,39,37,57,0,0
2019-10-12,League Two,3067099,Salford City,Cambridge United,0.519163763066202,0.3606271777003484,0.12020905923344948,1,0,0,48,9,4,1,1,62,9,4,4,1,0,3,6,338,97,113,31,13,29,3,100,3,4,32,3,49,48,46,38,1,0,52,10,3,2,2,67,13,4,3,4,0,8,2,373,95,154,38,24,36,4,71,8,1,18,3,55,52,54,67,0,0
2019-10-12,League Two,3067100,Scunthorpe United,Northampton Town,0.42830188679245285,0.4169811320754717,0.15471698113207547,3,0,0,46,14,8,2,0,63,14,2,5,1,1,9,5,325,90,114,38,29,26,0,87,8,2,23,4,47,46,44,33,2,0,54,14,4,0,0,70,9,4,8,2,0,10,4,380,128,139,46,32,36,2,70,8,1,18,5,57,54,56,80,0,1
2019-10-12,League 2,3067101,Stevenage,Grimsby Town,0.3546325878594249,0.43450479233226835,0.2108626198083067,2,1,0,41,13,6,0,0,58,10,8,4,3,0,11,2,342,77,122,30,43,14,1,64,17,0,41,3,76,63,52,80,0,0,59,11,4,1,1,71,9,8,4,3,0,10,1,490,149,201,46,32,30,4,100,12,0,37,4,62,37,48,25,0,0
2019-10-12,League Two,3067102,Swindon Town,Plymouth Argyle,0.44144144144144143,0.4159159159159159,0.14264264264264265,1,1,1,42,6,2,1,0,65,15,1,3,1,0,4,2,320,114,94,31,21,28,1,73,9,2,17,2,64,59,54,90,4,0,58,11,3,2,1,71,16,1,6,2,0,6,5,440,134,179,29,0,31,1,33,5,1,9,1,48,41,46,36,3,0
2019-10-19,League Two,3067103,Bradford City,Crawley Town,0.7394366197183099,0.1936619718309859,0.06690140845070422,2,1,0,48,10,4,3,2,61,9,6,4,2,0,6,4,321,88,108,36,13,25,1,48,11,7,21,8,84,57,46,79,3,0,52,22,9,3,3,66,15,4,6,7,1,12,10,335,76,145,27,33,35,0,67,2,2,24,2,77,43,54,82,2,0
2019-10-19,League Two,3067104,Cambridge United,Exeter City,0.23282442748091603,0.3549618320610687,0.4122137404580153,4,0,0,44,18,12,3,1,66,12,3,5,1,1,11,7,340,106,118,37,35,32,3,62,6,3,15,2,61,44,61,60,0,0,56,12,2,1,1,72,9,3,7,3,0,11,1,429,124,183,38,19,27,4,92,7,1,15,8,55,56,39,56,2,0
2019-10-19,League Two,3067105,Colchester United,Morecambe,0.7568807339449541,0.1834862385321101,0.05963302752293578,0,1,2,52,14,2,0,0,70,20,10,5,7,0,9,5,374,130,131,40,20,27,1,75,5,1,15,5,52,42,50,67,2,0,48,11,6,0,0,68,9,4,4,1,0,7,4,355,117,125,36,14,21,0,35,5,6,29,2,63,58,50,25,2,0
2019-10-19,League Two,3067106,Crewe Alexandra,Swindon Town,0.6490566037735849,0.23773584905660378,0.11320754716981132,3,1,0,64,21,7,4,1,80,5,12,9,5,0,17,4,564,259,194,55,39,18,2,76,10,1,3,1,64,61,55,100,0,0,36,3,2,0,0,68,18,1,0,1,0,3,0,330,105,120,35,14,18,0,70,6,5,28,4,46,39,45,100,4,0
2019-10-19,League Two,3067107,Forest Green Rovers,Mansfield Town,0.589041095890411,0.2694063926940639,0.1415525114155251,2,2,1,57,21,6,0,0,72,11,6,8,7,0,10,11,429,133,175,39,39,30,0,60,8,1,12,1,67,56,52,75,3,0,43,6,3,0,0,64,16,3,2,1,0,3,3,326,114,95,36,9,22,1,69,11,7,22,4,56,44,48,100,4,0
2019-10-19,League Two,3067108,Grimsby Town,Leyton Orient,0.4678362573099415,0.3333333333333333,0.19883040935672514,0,4,2,56,7,2,3,3,70,11,6,3,2,0,6,1,461,139,182,44,22,27,4,73,12,1,12,2,78,49,57,50,2,0,44,10,7,7,3,63,12,4,3,0,0,9,1,382,106,133,30,29,18,1,77,12,2,40,2,68,51,43,90,3,0
2019-10-19,League Two,3067109,Newport County,Scunthorpe United,0.7092511013215859,0.21585903083700442,0.07488986784140969,2,1,0,40,16,7,2,1,49,15,2,8,1,0,11,5,237,26,89,34,40,23,2,50,4,5,17,2,55,56,40,44,3,0,60,14,2,3,3,64,14,8,7,5,0,9,5,337,108,109,35,28,29,3,71,4,1,23,5,62,44,60,18,3,0
2019-10-19,League Two,3067110,Northampton Town,Salford City,0.47297297297297297,0.30405405405405406,0.22297297297297297,2,0,0,54,12,4,2,1,62,12,3,6,2,0,6,6,351,77,142,31,19,36,0,89,8,1,26,3,48,48,41,67,4,0,46,8,3,0,0,52,14,4,4,1,0,6,2,291,60,92,27,24,29,2,70,8,2,24,2,62,52,59,43,2,0
2019-10-19,League Two,3067111,Oldham Athletic,Macclesfield FC,0.5391304347826087,0.2956521739130435,0.16521739130434782,0,1,2,47,15,3,0,0,61,15,4,5,7,0,11,4,336,100,105,31,27,21,1,59,1,5,23,1,68,51,49,75,4,0,53,10,2,0,0,66,11,3,3,5,0,4,6,384,99,155,43,18,33,2,57,5,8,15,2,68,49,51,58,1,0
2019-10-19,League Two,3067112,Plymouth Argyle,Carlisle United,0.680365296803653,0.2191780821917808,0.1004566210045662,2,0,0,48,10,3,2,1,74,9,4,5,2,0,6,4,404,115,185,33,28,33,5,63,10,1,31,2,45,47,49,46,3,0,52,11,2,0,0,76,7,3,7,2,1,6,5,443,212,123,38,27,28,4,50,11,2,30,1,49,53,51,83,2,0
2019-10-19,League 2,3067113,Port Vale,Stevenage,0.5961538461538461,0.27564102564102566,0.1282051282051282,1,1,1,57,10,4,1,0,72,13,3,3,3,0,7,3,436,123,191,49,21,26,1,64,9,0,28,4,52,48,53,75,0,0,43,12,5,1,0,60,15,5,4,3,0,8,4,324,70,126,25,16,21,0,85,10,0,22,3,50,52,45,40,0,0
2019-10-19,League Two,3067114,Walsall,Cheltenham Town,0.4311377245508982,0.3532934131736527,0.2155688622754491,1,2,2,50,11,3,2,1,68,11,7,4,4,0,10,1,412,138,144,42,11,26,3,58,12,5,18,1,54,44,43,80,2,0,50,9,3,2,1,69,14,8,1,5,0,9,0,414,154,131,41,8,18,4,78,10,4,18,2,69,56,57,80,2,0
2019-10-22,League 2,3067115,Bradford City,Port Vale,0.6367781155015197,0.2857142857142857,0.07750759878419453,1,2,2,58,19,5,1,0,69,8,9,6,8,0,13,6,413,145,138,28,27,29,1,73,9,0,10,2,81,56,49,68,0,0,42,11,4,2,1,61,14,4,3,4,0,7,4,314,99,94,33,30,16,2,86,10,0,42,4,75,44,51,88,0,0
2019-10-22,League 2,3067116,Cambridge United,Grimsby Town,0.5164113785557987,0.38949671772428884,0.09409190371991247,0,0,1,72,15,6,2,2,81,6,7,6,3,1,7,8,632,228,286,41,6,16,0,67,2,0,15,3,48,69,25,92,0,0,28,9,3,1,1,54,13,3,5,1,0,9,0,247,50,83,38,60,16,0,70,11,0,54,6,60,31,75,0,0,0
2019-10-22,League Two,3067117,Carlisle United,Northampton Town,0.4015748031496063,0.4435695538057743,0.15485564304461943,0,2,2,50,13,2,1,1,70,8,10,4,7,0,5,8,362,115,140,37,11,39,0,79,7,3,18,3,54,51,40,47,0,0,50,10,5,1,0,62,14,5,2,3,0,5,5,372,107,123,26,15,18,1,83,11,7,30,2,63,49,60,60,2,0
2019-10-22,League Two,3067118,Cheltenham Town,Macclesfield FC,0.5605263157894737,0.34210526315789475,0.09736842105263158,3,0,0,61,14,4,3,1,77,4,2,7,3,0,10,4,587,249,205,38,15,29,3,69,5,2,8,1,66,62,52,86,0,0,39,4,1,0,0,67,12,3,1,2,0,1,3,382,120,135,28,25,28,4,75,9,3,22,1,50,38,48,54,1,0
2019-10-22,League Two,3067119,Crewe Alexandra,Colchester United,0.5879396984924623,0.31155778894472363,0.10050251256281408,0,0,1,60,9,0,0,0,82,7,5,5,4,0,5,4,626,289,227,45,16,18,4,60,8,3,12,5,40,55,50,86,3,0,40,10,5,1,1,74,11,5,2,3,0,7,3,415,152,154,48,9,22,0,67,13,4,21,0,35,45,50,40,2,1
2019-10-22,League Two,3067120,Mansfield Town,Salford City,0.4931506849315068,0.3904109589041096,0.11643835616438356,1,2,2,69,24,5,1,1,80,14,3,12,7,0,17,7,556,242,202,58,32,32,0,100,7,1,14,0,47,52,56,60,1,0,31,4,2,1,0,48,17,2,1,1,1,3,1,248,39,81,31,9,21,3,83,14,6,30,4,41,48,44,100,2,0
2019-10-22,League Two,3067121,Morecambe,Forest Green Rovers,0.35877862595419846,0.4300254452926209,0.21119592875318066,0,2,2,38,6,1,2,2,67,15,0,4,1,0,3,3,319,107,106,34,18,27,1,50,5,7,18,0,40,46,46,100,0,1,62,14,2,2,2,80,6,9,5,7,0,10,4,528,144,280,48,12,32,1,100,5,2,7,0,47,54,54,60,1,0
2019-10-22,League Two,3067122,Newport County,Crawley Town,0.6193548387096774,0.3053763440860215,0.07526881720430108,1,1,1,55,16,8,3,2,55,12,6,6,2,1,10,6,314,60,112,39,29,35,0,88,6,6,28,0,81,55,56,50,0,0,45,10,1,1,0,50,16,3,3,6,0,4,6,263,62,70,21,7,34,1,42,10,3,42,6,65,45,44,50,3,0
2019-10-22,League Two,3067123,Oldham Athletic,Walsall,0.4223918575063613,0.43256997455470736,0.1450381679389313,2,0,0,49,15,5,1,0,74,14,6,7,3,0,7,8,382,139,143,46,12,27,0,69,7,1,23,4,45,40,47,56,1,0,51,12,4,0,0,75,5,3,7,1,0,6,6,408,146,160,44,15,34,3,67,9,3,30,3,60,60,53,92,0,1
2019-10-22,League Two,3067124,Plymouth Argyle,Leyton Orient,0.5248380129589633,0.36285097192224625,0.11231101511879049,4,0,0,44,12,7,4,2,68,17,4,3,2,0,8,4,394,134,133,29,36,21,1,65,4,2,12,2,60,47,54,33,2,0,56,11,2,1,1,75,15,3,7,2,0,8,3,501,183,193,49,8,29,2,86,4,2,12,4,60,53,46,69,0,0
2019-10-22,League Two,3067125,Scunthorpe United,Exeter City,0.3503184713375796,0.4033970276008493,0.24628450106157113,3,1,0,50,10,4,3,2,61,10,1,2,4,0,7,3,425,112,148,28,40,23,0,75,4,4,20,4,70,53,67,63,2,0,50,11,5,3,3,62,12,4,2,4,1,7,4,416,143,114,24,25,46,1,64,4,4,11,1,47,47,33,54,1,0
2019-10-22,League Two,3067126,Swindon Town,Stevenage,0.5512295081967213,0.3442622950819672,0.10450819672131148,1,0,0,69,9,5,1,1,86,12,4,3,1,0,8,1,604,284,233,56,29,17,2,82,8,2,9,1,56,55,59,63,3,0,31,10,1,0,0,65,15,2,6,3,0,5,5,272,72,106,29,25,19,2,60,7,1,33,4,44,45,41,55,3,0
2019-10-26,League Two,3067129,Exeter City,Plymouth Argyle,0.45588235294117646,0.35,0.19411764705882353,4,0,0,50,16,4,3,0,72,16,4,7,5,1,8,8,362,91,170,47,18,39,1,53,11,1,19,3,55,47,59,33,2,0,50,6,3,0,0,64,10,4,2,1,0,4,2,363,136,97,29,29,38,6,79,10,5,22,0,50,53,41,25,2,0
2019-10-26,League Two,3067127,Colchester United,Newport County,0.48372093023255813,0.3209302325581395,0.19534883720930232,3,1,0,64,18,8,0,0,80,10,7,7,3,0,8,10,503,172,229,44,40,22,1,83,8,1,22,0,51,51,53,37,1,0,36,5,1,0,0,61,17,4,3,1,0,2,3,283,87,87,29,9,18,1,55,15,4,21,4,48,49,47,25,4,0
2019-10-26,League Two,3067128,Crawley Town,Swindon Town,0.4875,0.3125,0.2,0,4,2,36,7,1,0,0,65,21,2,5,1,1,2,5,295,81,111,42,22,28,3,90,15,6,15,2,42,38,57,44,4,0,64,20,6,4,0,80,12,2,7,7,1,13,7,524,222,196,51,33,30,0,67,10,1,7,1,54,62,43,50,1,0
2019-10-26,League Two,3067132,Leyton Orient,Carlisle United,0.689119170984456,0.20207253886010362,0.10880829015544041,1,1,1,60,10,4,2,1,83,15,8,4,2,0,6,4,479,164,232,52,13,23,1,80,9,7,23,4,47,53,50,100,0,0,40,16,5,1,0,70,16,5,4,7,0,6,10,320,117,107,42,40,24,1,80,13,2,17,3,43,47,50,60,3,0
2019-10-26,League Two,3067134,Northampton Town,Cambridge United,0.6585365853658537,0.20121951219512196,0.1402439024390244,2,0,0,43,8,3,2,1,60,21,5,5,0,0,4,4,316,92,99,32,30,19,3,92,10,3,20,3,63,53,58,100,2,0,57,12,3,0,0,69,13,8,5,4,0,6,6,415,133,153,34,11,26,0,80,5,0,5,2,51,47,42,29,1,0
2019-10-26,League Two,3067135,Port Vale,Oldham Athletic,0.7263157894736842,0.17894736842105263,0.09473684210526316,0,0,1,59,11,5,1,1,74,11,14,3,3,0,5,6,391,93,195,46,3,25,1,71,3,2,18,4,52,60,42,93,2,0,41,12,4,1,1,65,12,6,6,2,0,4,8,276,91,88,44,17,17,2,86,11,3,33,5,50,40,58,60,0,0
2019-10-26,League Two,3067136,Salford City,Scunthorpe United,0.6402116402116402,0.23809523809523808,0.12169312169312169,1,1,1,46,16,5,3,3,62,12,5,5,6,0,8,8,346,79,134,33,50,32,1,84,10,4,19,2,54,63,42,88,1,0,54,14,3,0,0,66,13,1,7,4,0,9,5,422,157,123,19,40,23,0,67,11,6,17,4,47,38,58,13,0,0
2019-10-26,League Two,3067137,Stevenage,Morecambe,0.5827814569536424,0.2781456953642384,0.1390728476821192,1,0,0,56,18,6,0,0,63,11,7,6,6,0,10,8,364,83,148,32,23,30,0,67,6,1,23,3,53,45,49,43,2,0,44,7,3,1,1,55,10,6,3,1,0,2,5,283,77,78,27,23,26,5,74,7,7,23,4,60,55,51,80,2,0
2019-10-26,League Two,3067138,Walsall,Mansfield Town,0.3117408906882591,0.4048582995951417,0.2834008097165992,1,2,2,51,14,6,1,1,69,17,5,4,4,0,11,3,359,140,108,38,32,23,0,60,8,2,21,3,56,47,58,83,1,0,49,11,4,0,0,70,18,5,5,2,0,5,6,355,144,105,45,17,31,2,75,19,4,13,5,55,53,42,100,1,0
2019-11-02,League Two,3067139,Bradford City,Exeter City,0.5078740157480315,0.28346456692913385,0.20866141732283464,2,0,0,34,13,3,2,0,52,10,3,6,4,2,7,6,265,62,75,22,33,28,3,71,12,5,34,1,68,47,59,38,1,1,66,15,1,0,0,72,9,6,9,5,1,12,3,499,132,226,27,24,42,1,63,7,4,10,1,58,53,41,33,0,2
2019-11-02,League Two,3067140,Cambridge United,Crawley Town,0.6301369863013698,0.2328767123287671,0.136986301369863,2,1,0,47,9,3,1,1,61,7,4,4,2,1,6,3,347,91,121,31,17,23,1,75,11,4,20,4,66,56,60,57,2,0,53,18,5,0,0,66,11,9,8,5,0,12,6,380,91,161,25,5,36,0,50,9,2,24,1,48,44,40,78,2,0
2019-11-02,League Two,3067141,Carlisle United,Macclesfield FC,0.5925925925925926,0.23703703703703705,0.17037037037037037,2,1,0,60,15,2,4,3,76,14,8,8,5,0,7,8,476,213,148,45,18,26,0,57,6,5,9,5,41,36,45,67,2,0,40,15,6,1,1,67,10,3,3,6,1,8,7,321,63,151,26,27,24,3,65,9,5,28,0,61,64,55,71,1,0
2019-11-02,League Two,3067142,Cheltenham Town,Forest Green Rovers,0.6038647342995169,0.24154589371980675,0.15458937198067632,1,2,2,64,6,3,1,0,75,23,6,1,2,0,4,2,521,239,154,37,19,27,1,78,8,3,7,5,59,45,56,50,4,0,36,14,7,2,1,62,9,4,4,3,0,9,5,292,66,115,22,20,28,2,60,7,2,25,2,59,55,44,58,1,0
2019-11-02,League Two,3067143,Crewe Alexandra,Port Vale,0.7465277777777778,0.1875,0.06597222222222222,0,1,2,63,16,2,0,0,79,10,3,6,8,1,8,8,496,217,177,49,38,29,3,90,3,4,13,2,41,56,53,60,0,0,37,12,3,3,2,63,12,6,5,4,2,7,5,290,66,117,44,39,22,2,80,9,7,18,2,34,44,47,33,2,0
2019-11-02,League Two,3067144,Mansfield Town,Colchester United,0.5297619047619048,0.31547619047619047,0.15476190476190477,2,3,2,59,14,7,2,1,77,14,5,3,4,0,8,6,496,210,172,47,33,30,2,33,4,11,19,5,49,40,56,67,1,0,41,24,8,3,1,66,14,8,5,11,1,12,12,346,81,148,28,18,15,1,67,8,5,29,4,57,60,44,70,1,0
2019-11-02,League Two,3067145,Morecambe,Leyton Orient,0.34415584415584416,0.42207792207792205,0.23376623376623376,1,0,0,43,13,4,0,0,70,11,9,5,4,0,5,8,380,92,174,32,28,29,2,25,4,0,20,2,47,52,39,75,3,0,57,6,2,1,1,75,7,7,4,0,0,4,2,492,176,195,49,9,32,0,64,6,4,25,3,58,48,61,60,1,0
2019-11-02,League Two,3067146,Newport County,Salford City,0.6728110599078341,0.20276497695852536,0.12442396313364056,1,2,2,50,17,1,2,2,55,14,8,8,8,1,13,4,293,61,99,43,16,31,2,73,11,4,16,0,58,47,59,100,2,0,50,9,2,0,0,59,15,4,3,4,0,5,4,303,75,103,24,20,23,5,83,8,8,28,1,51,53,41,100,2,0
2019-11-02,League Two,3067147,Oldham Athletic,Northampton Town,0.42567567567567566,0.35135135135135137,0.22297297297297297,2,2,1,48,16,4,0,0,69,9,5,5,7,0,8,8,344,102,134,32,23,35,0,88,9,1,17,1,50,51,38,75,0,0,52,13,3,3,2,69,10,7,9,1,2,8,5,388,143,124,45,26,19,1,94,19,8,26,1,61,49,62,71,2,0
2019-11-02,League Two,3067149,Scunthorpe United,Stevenage,0.639751552795031,0.2670807453416149,0.09316770186335403,0,0,1,59,8,2,0,0,68,3,7,4,2,0,3,5,433,141,152,34,23,40,3,63,4,1,15,5,52,48,51,38,0,0,41,12,5,1,1,54,8,8,6,1,0,7,5,298,53,109,16,21,23,2,83,12,2,17,2,53,52,49,36,1,0
2019-11-02,League Two,3067150,Swindon Town,Walsall,0.7248908296943232,0.2183406113537118,0.056768558951965066,2,1,0,52,6,4,1,0,74,17,5,1,1,0,4,2,442,197,128,45,18,20,1,53,10,1,15,2,49,42,46,38,0,0,48,7,3,1,0,71,12,4,3,1,0,6,1,398,142,141,41,31,35,3,62,3,1,9,2,64,58,54,82,0,0
2019-11-16,League Two,3067152,Crawley Town,Morecambe,0.4984894259818731,0.39123867069486407,0.11027190332326284,1,1,1,58,20,3,1,0,68,16,13,13,4,0,7,13,383,84,178,45,21,28,0,70,12,0,23,3,56,53,54,75,0,0,42,7,4,3,2,56,15,5,3,0,1,6,1,280,63,93,29,27,21,1,75,10,4,39,2,49,47,46,57,2,0
2019-11-16,League Two,3067153,Exeter City,Cheltenham Town,0.5398457583547558,0.3560411311053985,0.10411311053984576,0,0,1,52,7,2,0,0,65,12,6,4,1,0,5,2,418,107,166,31,13,33,3,80,11,1,16,1,55,49,45,56,2,0,48,4,1,0,0,62,9,0,2,1,0,2,2,399,118,131,37,13,20,4,46,9,1,23,2,63,51,55,33,2,0
2019-11-16,League Two,3067154,Forest Green Rovers,Plymouth Argyle,0.5746509129967776,0.317937701396348,0.10741138560687433,0,1,2,58,13,1,0,0,70,13,10,5,7,0,9,4,412,98,192,32,23,33,2,70,6,2,18,0,53,47,35,26,2,0,42,6,1,0,0,61,17,5,3,2,0,6,0,302,101,82,17,36,32,1,70,11,7,30,1,75,53,65,50,3,0
2019-11-16,League Two,3067156,Leyton Orient,Scunthorpe United,0.4634551495016611,0.4003322259136213,0.1362126245847176,0,2,2,57,14,5,1,1,71,10,3,6,3,0,10,4,449,147,173,47,23,31,4,60,7,0,13,2,84,61,45,53,1,0,43,7,4,0,0,58,19,6,3,0,0,3,4,348,62,141,23,17,27,0,36,10,3,26,5,77,39,55,58,2,0
2019-11-16,League Two,3067157,Macclesfield FC,Mansfield Town,0.33021077283372363,0.3700234192037471,0.2997658079625293,0,0,1,47,12,2,0,0,62,13,9,2,8,0,4,8,340,70,141,32,6,27,2,47,11,0,11,3,58,47,54,38,2,0,53,5,3,1,1,63,8,0,2,0,0,3,2,396,142,108,41,29,23,3,67,8,8,23,2,58,53,46,88,2,0
2019-11-16,League Two,3067158,Northampton Town,Crewe Alexandra,0.4482758620689655,0.3868065967016492,0.16491754122938532,4,1,0,46,17,6,4,0,62,19,2,8,3,0,9,8,295,61,121,46,33,20,1,43,11,3,26,7,65,44,59,20,1,0,54,22,8,7,6,66,15,11,11,3,1,19,3,331,92,128,51,18,26,1,64,5,3,10,2,60,56,41,100,1,0
2019-11-16,League Two,3067159,Port Vale,Carlisle United,0.5255354200988468,0.3542009884678748,0.12026359143327842,2,1,0,56,12,6,2,0,70,10,7,2,4,1,9,3,365,116,139,47,33,27,1,80,4,3,24,3,42,59,50,67,2,0,44,14,4,1,0,61,15,3,7,3,0,5,9,295,94,86,22,0,34,1,63,7,3,16,4,34,41,50,67,2,0
2019-11-16,League Two,3067160,Salford City,Swindon Town,0.4149560117302053,0.40175953079178883,0.18328445747800587,2,3,2,48,10,4,4,2,61,17,4,2,4,0,5,5,363,119,103,35,20,46,2,67,10,6,17,2,59,43,45,33,2,0,52,17,5,5,2,65,10,3,5,7,0,13,4,401,124,135,36,25,25,2,83,6,4,16,2,74,57,55,50,0,0
2019-11-16,League Two,3067162,Walsall,Cambridge United,0.4182621502209131,0.4270986745213549,0.15463917525773196,2,1,0,39,13,7,2,0,55,12,8,2,4,0,10,3,294,55,106,33,19,24,2,56,11,2,35,3,53,41,44,50,1,0,61,15,4,3,3,72,11,6,9,2,1,12,3,458,116,214,41,35,26,2,69,6,4,19,5,71,59,56,60,1,0
2019-11-23,League Two,3067163,Carlisle United,Cambridge United,0.5739644970414202,0.28402366863905326,0.14201183431952663,0,0,1,57,9,1,2,2,71,13,4,5,3,0,6,3,427,166,139,47,50,32,2,50,8,4,14,0,48,60,50,67,2,0,43,11,0,0,0,64,19,4,7,4,0,6,5,316,91,110,38,24,21,2,88,4,3,15,1,39,40,50,0,3,0
2019-11-23,League Two,3067164,Cheltenham Town,Colchester United,0.4782608695652174,0.32919254658385094,0.19254658385093168,1,1,1,62,12,3,1,0,83,15,5,7,2,1,8,4,566,261,206,44,25,25,3,29,5,2,9,0,36,37,40,20,2,0,38,6,1,1,1,68,11,0,3,2,0,5,1,346,131,103,38,38,16,3,50,10,2,27,2,58,63,60,86,3,0
2019-11-23,League Two,3067165,Crawley Town,Exeter City,0.36363636363636365,0.35714285714285715,0.2792207792207792,0,1,2,50,13,3,0,0,56,12,6,3,7,0,6,7,351,66,130,36,19,29,1,70,5,8,29,3,76,49,52,88,2,0,50,21,4,2,1,58,9,9,8,9,0,11,10,338,73,124,41,31,38,0,44,9,8,18,2,73,51,48,57,1,0
2019-11-23,League Two,3067166,Crewe Alexandra,Morecambe,0.6754385964912281,0.22807017543859648,0.09649122807017543,5,0,0,71,33,9,5,3,87,8,14,9,15,3,21,12,584,230,278,77,19,26,5,63,6,4,6,1,39,63,58,80,0,0,29,10,1,0,0,71,8,1,5,4,0,1,9,249,58,119,31,13,10,0,63,8,13,32,4,24,37,38,0,0,1
2019-11-23,League Two,3067167,Leyton Orient,Forest Green Rovers,0.3333333333333333,0.3333333333333333,0.3333333333333333,2,4,2,55,15,4,2,1,72,19,10,8,3,2,10,5,388,84,194,41,33,22,0,45,14,4,7,4,74,46,65,50,3,0,45,13,8,2,0,67,9,2,1,4,0,12,1,339,103,125,24,40,25,0,47,5,2,22,2,62,54,35,38,1,0
2019-11-23,League Two,3067168,Newport County,Oldham Athletic,0.6666666666666666,0.2608695652173913,0.07246376811594203,0,1,2,53,12,3,0,0,53,14,2,5,4,1,6,6,283,58,91,32,38,29,0,71,4,5,20,3,80,52,58,57,4,0,47,10,4,0,0,50,15,4,1,5,0,5,5,255,42,86,23,17,34,2,93,5,4,22,3,64,48,42,67,1,0
2019-11-23,League Two,3067169,Northampton Town,Grimsby Town,0.6872037914691943,0.2037914691943128,0.10900473933649289,2,0,0,46,15,5,5,3,66,11,6,9,1,1,11,4,306,71,131,39,26,39,2,75,3,2,19,2,69,48,55,50,1,0,54,12,2,2,2,69,13,3,7,3,0,10,2,367,99,155,36,39,22,1,69,8,1,28,3,63,52,45,33,4,0
2019-11-23,League Two,3067170,Plymouth Argyle,Bradford City,0.5648148148148148,0.27314814814814814,0.16203703703703703,2,1,0,53,15,7,2,1,68,13,12,3,5,0,12,3,361,94,151,22,16,29,1,75,7,0,24,2,50,45,40,57,3,0,47,9,2,1,1,65,10,1,7,0,0,7,2,321,75,134,40,39,28,3,50,14,6,23,4,68,55,60,20,1,0
2019-11-23,League Two,3067171,Salford City,Macclesfield FC,0.6666666666666666,0.25170068027210885,0.08163265306122448,0,0,1,58,13,2,0,0,68,14,4,7,4,1,8,5,446,134,168,32,11,43,0,83,2,3,18,1,86,56,60,85,2,0,42,6,1,0,0,52,11,1,2,3,0,0,6,335,97,76,20,0,25,2,33,6,4,35,2,61,44,40,80,3,0
2019-11-23,League Two,3067172,Scunthorpe United,Port Vale,0.421875,0.390625,0.1875,2,1,0,54,18,11,3,1,64,14,14,4,3,0,10,8,374,89,149,37,24,24,1,68,7,1,16,1,60,63,60,60,1,1,46,6,2,0,0,55,14,4,3,1,0,4,2,334,103,82,31,18,34,1,70,3,3,22,9,37,37,40,0,3,1
2019-11-23,League Two,3067173,Swindon Town,Mansfield Town,0.6728624535315985,0.21189591078066913,0.11524163568773234,1,0,0,52,18,3,3,2,71,8,5,9,6,0,11,7,432,129,179,37,19,22,2,59,13,1,16,4,64,56,54,64,0,0,48,11,4,2,2,70,10,3,6,1,0,9,2,422,151,145,38,29,31,2,83,9,6,18,2,53,44,46,80,2,0
2019-11-23,League Two,3067174,Walsall,Stevenage,0.5906735751295337,0.27461139896373055,0.13471502590673576,0,0,1,53,11,4,0,0,58,13,9,3,4,1,9,2,353,56,150,45,19,35,0,67,6,14,17,1,45,45,42,60,1,0,47,17,2,0,0,54,18,6,3,12,0,10,7,322,61,114,28,30,23,1,75,10,4,23,4,59,55,58,88,2,0
2019-11-26,League Two,3067130,Forest Green Rovers,Crewe Alexandra,0.48494711147274205,0.38323840520748575,0.13181448331977216,0,0,1,45,9,3,2,2,78,17,6,3,3,0,5,4,418,153,175,31,25,26,1,92,8,0,16,0,39,43,42,33,3,0,55,5,0,0,0,81,13,4,4,1,1,3,2,500,277,127,50,13,21,2,71,7,4,14,2,52,57,58,57,0,0
2019-11-26,League Two,3067131,Grimsby Town,Cheltenham Town,0.3633507853403141,0.42198952879581153,0.21465968586387435,0,0,1,50,15,8,2,2,74,13,6,5,2,0,11,4,428,141,177,47,20,29,1,77,7,2,23,1,82,53,59,54,2,0,50,7,1,0,0,73,14,3,4,2,0,4,3,419,146,158,34,15,33,1,88,4,2,28,8,63,47,41,25,0,0
2019-11-30,League Two,3067133,Macclesfield FC,Bradford City,0.32997481108312343,0.41309823677581864,0.25692695214105793,1,1,1,41,6,2,1,0,54,12,6,2,2,0,5,1,282,83,68,22,29,22,2,40,11,3,32,2,70,51,40,78,3,1,59,17,2,2,1,67,13,6,12,3,1,9,8,397,129,137,32,34,34,2,53,5,3,14,0,85,49,60,42,1,0
2019-12-07,League Two,3067175,Bradford City,Newport County,0.5630252100840336,0.3025210084033613,0.13445378151260504,1,0,0,50,10,4,4,3,60,12,6,5,1,0,9,1,290,85,88,29,30,29,1,41,10,2,34,1,80,63,49,71,4,0,50,8,1,0,0,56,20,1,5,2,0,1,7,308,75,96,24,22,31,0,64,5,1,31,3,64,37,51,50,3,0
2019-12-07,League Two,3067176,Cambridge United,Plymouth Argyle,0.39037433155080214,0.3689839572192513,0.24064171122994651,1,0,0,45,11,3,2,2,67,11,7,6,2,0,5,6,344,101,131,32,8,19,1,60,15,4,25,2,55,57,40,77,3,0,55,9,2,0,0,74,11,9,3,4,0,3,6,409,133,169,50,12,22,2,60,16,2,13,2,56,43,60,60,2,0
2019-12-07,League Two,3067177,Colchester United,Salford City,0.605,0.25,0.145,1,0,0,60,20,5,3,2,79,10,6,7,8,0,13,7,520,198,214,38,32,28,2,82,10,3,15,2,54,51,43,50,1,0,40,9,2,0,0,69,12,2,4,3,0,4,5,343,123,115,31,12,25,3,89,18,9,32,3,60,49,57,67,2,0
2019-12-07,League Two,3067178,Exeter City,Northampton Town,0.5596707818930041,0.2880658436213992,0.1522633744855967,3,2,0,50,15,3,0,0,59,12,9,8,4,1,10,5,328,78,117,29,19,23,1,63,3,2,26,0,49,50,36,50,2,0,50,11,2,2,2,61,13,4,7,2,0,10,1,315,76,117,42,32,38,3,67,3,4,21,0,70,50,64,100,1,0
2019-12-07,League Two,3067179,Forest Green Rovers,Scunthorpe United,0.6421404682274248,0.24749163879598662,0.11036789297658862,0,2,2,62,12,5,2,2,78,13,5,4,3,1,8,4,503,209,183,42,25,27,0,69,7,0,10,3,59,58,48,67,1,0,38,7,4,0,0,70,24,3,3,0,0,2,5,307,78,138,35,15,19,0,73,10,4,13,4,47,42,52,75,5,1
2019-12-07,League Two,3067180,Grimsby Town,Swindon Town,0.25,0.3977272727272727,0.3522727272727273,0,3,2,52,7,3,0,0,71,17,4,1,3,0,3,4,383,137,135,42,18,29,4,52,11,5,18,0,65,44,60,30,1,0,48,13,4,1,1,69,11,8,5,4,0,7,6,346,120,118,38,16,34,0,83,12,3,9,3,64,56,40,60,0,0
2019-12-07,League Two,3067182,Mansfield Town,Cheltenham Town,0.5555555555555556,0.3,0.14444444444444443,0,3,2,51,8,0,0,0,71,10,3,3,5,0,5,3,344,140,103,42,23,27,3,65,12,3,17,5,51,60,68,89,2,0,49,13,8,2,0,73,10,6,2,3,0,9,4,317,97,133,37,27,16,2,77,7,5,12,0,31,40,32,50,3,0
2019-12-07,League Two,3067183,Morecambe,Carlisle United,0.40816326530612246,0.4013605442176871,0.19047619047619047,1,1,1,51,9,2,1,0,63,8,4,4,3,0,6,3,427,81,187,29,29,45,2,50,14,1,14,3,35,47,42,100,2,0,49,6,4,1,0,60,12,5,1,1,0,4,2,407,124,122,35,0,27,0,38,23,3,12,1,43,53,58,83,2,0
2019-12-07,League Two,3067184,Oldham Athletic,Leyton Orient,0.506578947368421,0.3355263157894737,0.15789473684210525,1,1,1,56,15,4,0,0,63,20,4,6,5,1,10,5,355,68,154,37,22,30,1,82,6,3,15,3,56,42,54,60,3,0,44,9,4,1,1,57,13,4,2,3,0,4,5,276,68,89,35,18,25,1,69,0,3,26,3,60,58,46,67,3,0
2019-12-07,League Two,3067185,Port Vale,Walsall,0.6053811659192825,0.273542600896861,0.1210762331838565,0,1,2,56,10,0,0,0,71,12,8,7,3,0,4,6,385,116,158,44,14,24,3,63,6,4,8,0,71,52,65,60,0,1,44,5,1,1,0,58,11,3,0,4,0,4,1,308,65,115,26,21,31,1,69,6,2,24,0,52,48,35,53,1,0
2019-12-07,League 2,3067186,Stevenage,Crawley Town,0.5416666666666666,0.31666666666666665,0.14166666666666666,0,0,1,58,7,1,0,0,60,8,5,4,2,0,2,5,428,99,158,26,4,36,0,82,8,0,13,1,68,50,52,45,0,0,42,9,1,1,1,49,10,5,4,4,0,3,6,318,49,106,39,17,21,3,59,15,0,28,1,65,50,48,89,0,0
2019-12-14,League Two,3067187,Carlisle United,Grimsby Town,0.6161137440758294,0.26066350710900477,0.12322274881516587,0,0,1,50,16,1,0,0,61,16,4,6,9,1,8,8,326,83,116,31,21,23,1,92,12,2,21,3,63,44,37,86,0,0,50,14,3,1,1,58,17,3,9,2,2,9,5,329,57,133,31,22,31,5,67,10,9,15,1,92,56,63,64,4,0
2019-12-14,League Two,3067188,Cheltenham Town,Cambridge United,0.6363636363636364,0.2409090909090909,0.12272727272727273,1,1,1,51,11,4,3,2,74,10,4,5,2,0,10,1,464,166,179,46,39,32,4,88,12,2,15,3,60,46,57,60,0,0,49,7,4,2,1,74,4,1,1,2,0,2,5,458,186,151,37,8,31,5,70,19,2,20,3,57,54,43,17,2,0
2019-12-14,League 2,3067189,Crawley Town,Port Vale,0.4513888888888889,0.3888888888888889,0.1597222222222222,0,0,1,45,15,5,2,2,58,12,6,6,4,2,7,8,354,62,144,28,22,29,5,71,7,0,30,4,57,44,39,83,0,0,55,14,4,2,2,63,7,7,4,6,0,9,5,435,99,176,33,15,18,1,75,5,0,11,5,81,56,61,64,0,0
2019-12-14,League Two,3067190,Crewe Alexandra,Mansfield Town,0.6434426229508197,0.2540983606557377,0.10245901639344263,1,1,1,70,18,6,1,0,82,4,9,6,6,1,8,10,635,280,240,65,3,20,0,58,6,2,6,5,46,67,17,87,0,0,30,14,6,4,3,65,16,3,6,2,1,11,3,272,88,88,36,29,17,0,62,17,7,38,4,49,33,83,80,2,0
2019-12-14,League 2,3067191,Leyton Orient,Bradford City,0.3825136612021858,0.3825136612021858,0.23497267759562843,0,0,1,45,13,0,0,0,61,16,5,3,10,1,10,3,302,76,107,30,10,16,0,67,6,0,20,3,61,39,49,60,0,0,55,7,3,1,1,62,12,0,2,2,0,3,4,385,144,94,29,21,30,1,71,8,0,17,0,77,61,51,65,0,0
2019-12-14,League Two,3067192,Newport County,Stevenage,0.6918918918918919,0.1891891891891892,0.11891891891891893,1,1,1,56,14,3,1,1,58,4,4,7,4,0,11,3,359,79,131,27,33,33,3,86,10,5,25,2,71,57,45,55,0,0,44,11,3,1,1,57,14,6,3,5,0,7,4,281,58,101,27,15,33,3,56,6,4,43,2,72,43,55,67,1,0
2019-12-14,League Two,3067193,Northampton Town,Forest Green Rovers,0.5431472081218274,0.3248730964467005,0.1319796954314721,1,0,0,36,12,2,1,1,61,16,6,7,3,0,9,3,254,60,94,47,31,20,2,50,10,5,26,3,49,41,68,0,1,0,64,16,3,3,3,75,9,9,8,5,3,5,11,449,136,200,38,9,35,2,78,3,3,11,2,41,59,32,38,1,0
2019-12-14,League Two,3067194,Plymouth Argyle,Morecambe,0.71875,0.1875,0.09375,3,0,0,73,22,6,4,2,86,5,13,9,7,2,12,10,538,178,285,54,14,26,2,40,2,0,9,1,25,33,71,100,1,0,27,4,1,1,1,55,7,0,3,0,0,2,2,215,51,68,19,0,25,1,82,10,7,32,3,31,67,29,80,1,1
2019-12-14,League Two,3067195,Salford City,Exeter City,0.39453125,0.328125,0.27734375,0,1,2,54,15,4,4,4,68,13,5,7,4,1,10,5,435,142,154,45,38,38,4,77,7,1,18,3,82,55,56,100,1,0,46,9,4,1,1,62,16,5,4,1,0,5,4,371,98,132,24,26,17,2,45,12,4,24,4,65,45,44,100,1,0
2019-12-14,League Two,3067196,Scunthorpe United,Colchester United,0.6103896103896104,0.2662337662337662,0.12337662337662338,2,2,1,53,11,3,3,2,62,13,2,8,0,1,8,3,327,97,107,28,33,22,2,22,9,5,26,1,50,52,56,44,1,0,47,14,4,3,1,61,19,4,6,4,0,10,4,295,100,81,33,47,35,0,29,7,0,35,1,43,48,44,50,3,0
2019-12-14,League Two,3067197,Swindon Town,Oldham Athletic,0.764525993883792,0.1743119266055046,0.06116207951070336,2,0,0,51,14,4,0,0,60,12,5,5,5,0,10,4,272,58,106,27,22,24,2,70,11,5,20,2,79,60,56,71,1,0,49,11,2,1,1,59,15,7,4,5,0,7,4,272,47,114,22,22,30,3,47,6,6,20,1,57,40,44,43,2,0
2019-12-14,League Two,3067198,Walsall,Macclesfield FC,0.5480225988700564,0.3333333333333333,0.11864406779661017,1,1,1,63,24,9,3,3,78,14,13,4,11,0,18,6,484,189,187,41,31,25,4,42,9,5,10,2,66,43,53,46,1,0,37,13,3,1,1,58,15,2,5,5,0,5,8,301,70,105,30,43,15,2,64,12,10,29,8,75,57,47,71,3,0
2019-12-21,League Two,3067204,Grimsby Town,Scunthorpe United,0.4262295081967213,0.3729508196721312,0.20081967213114754,0,1,2,56,18,4,2,2,60,11,5,11,3,1,13,5,349,71,140,32,31,43,0,63,9,3,9,2,77,55,44,50,2,0,44,9,3,1,0,49,11,2,2,4,0,3,6,294,69,74,28,25,33,2,41,5,3,25,4,80,45,56,40,5,0
2019-12-21,League Two,3067199,Bradford City,Salford City,0.6565656565656566,0.23905723905723905,0.10437710437710437,1,1,1,61,26,5,4,3,74,13,7,14,7,1,15,11,460,179,161,40,43,32,0,33,4,1,22,0,53,48,46,100,0,0,39,9,1,2,1,60,10,3,7,1,1,7,2,285,81,90,38,21,19,2,50,9,7,26,4,60,52,54,78,0,0
2019-12-21,League 2,3067200,Cambridge United,Leyton Orient,0.6181818181818182,0.2787878787878788,0.10303030303030303,2,3,2,59,9,7,2,1,70,13,5,1,1,0,7,2,414,157,133,38,41,21,1,67,7,0,14,2,62,54,40,70,0,0,41,10,5,4,2,59,15,7,3,2,0,8,2,288,64,105,32,17,22,3,67,10,0,18,5,68,46,60,67,0,0
2019-12-21,League Two,3067201,Colchester United,Carlisle United,0.6915887850467289,0.2102803738317757,0.09813084112149532,3,0,0,58,17,8,2,2,80,10,3,6,3,0,9,8,447,208,149,47,27,25,1,79,9,6,14,4,57,61,32,64,0,0,42,14,4,0,0,68,16,3,4,6,0,9,5,327,106,115,33,38,30,2,71,14,3,17,6,50,39,68,80,2,0
2019-12-21,League Two,3067202,Exeter City,Walsall,0.6900584795321637,0.22807017543859648,0.08187134502923976,3,3,1,59,17,5,4,2,76,9,8,7,5,1,10,7,437,124,210,44,19,24,3,93,11,2,21,4,75,54,54,75,1,0,41,11,6,2,0,61,14,8,3,2,0,5,6,306,99,87,32,9,30,2,50,11,5,27,2,63,46,46,46,2,0
2019-12-21,League Two,3067203,Forest Green Rovers,Swindon Town,0.3643122676579926,0.34572490706319703,0.2899628252788104,2,2,1,47,15,5,4,2,80,10,7,4,6,0,10,5,410,175,152,39,16,20,0,50,5,3,18,3,43,44,43,59,1,0,53,11,6,2,1,82,13,6,3,2,0,7,4,475,166,224,54,14,17,5,71,9,6,11,3,56,56,57,70,1,0
2019-12-21,League Two,3067206,Mansfield Town,Northampton Town,0.44324324324324327,0.31351351351351353,0.24324324324324326,1,1,1,51,18,3,4,4,51,17,0,12,3,0,10,8,282,50,94,35,20,35,0,64,6,3,20,2,71,49,44,89,5,0,49,9,3,2,2,53,15,7,3,3,1,7,2,257,51,84,31,17,25,4,63,11,3,29,2,84,51,56,43,4,0
2019-12-21,League Two,3067207,Morecambe,Newport County,0.33548387096774196,0.33548387096774196,0.32903225806451614,2,1,0,53,17,7,0,0,62,12,4,5,5,0,13,4,326,54,149,32,40,31,2,78,7,4,29,1,61,45,47,100,1,0,47,12,2,1,1,52,17,5,6,4,0,9,3,270,46,94,31,29,38,0,71,11,6,28,4,72,55,53,67,1,0
2019-12-21,League Two,3067208,Oldham Athletic,Crawley Town,0.583941605839416,0.24817518248175183,0.1678832116788321,2,1,0,52,20,9,5,3,69,12,9,8,3,0,15,5,354,111,135,44,30,25,2,55,5,3,22,0,60,38,61,33,0,0,48,10,1,0,0,63,10,4,6,3,1,8,2,337,74,138,36,0,34,0,71,5,3,26,7,65,62,39,100,0,0
2019-12-21,League Two,3067209,Port Vale,Cheltenham Town,0.487012987012987,0.3051948051948052,0.2077922077922078,1,1,1,48,11,4,1,1,68,9,7,5,2,0,8,3,385,123,139,47,23,25,2,70,5,4,10,2,61,68,56,83,1,0,52,8,3,2,2,71,10,6,1,4,0,5,3,428,143,162,34,16,22,1,100,8,2,19,4,37,32,44,33,3,0
2019-12-21,League Two,3067210,Stevenage,Crewe Alexandra,0.2985781990521327,0.3981042654028436,0.3033175355450237,1,5,2,43,19,2,0,0,77,12,4,12,5,0,11,8,359,96,179,51,33,21,3,82,9,4,13,4,41,47,68,33,2,0,57,21,8,5,2,82,8,8,9,4,1,16,5,473,243,147,54,38,21,2,31,7,5,19,1,36,53,32,75,0,0
2019-12-26,League Two,3067215,Leyton Orient,Colchester United,0.37831858407079644,0.39601769911504425,0.22566371681415928,1,3,2,53,12,2,3,2,63,10,10,8,2,0,10,2,347,97,123,31,24,21,3,59,7,6,25,3,60,53,44,60,3,0,47,20,7,4,1,62,12,8,8,5,1,15,5,318,81,115,27,35,36,2,62,13,2,36,1,62,47,56,48,2,0
2019-12-26,League Two,3067211,Carlisle United,Bradford City,0.3389261744966443,0.3926174496644295,0.2684563758389262,0,0,1,44,9,3,1,1,64,15,4,5,1,0,6,3,321,98,109,29,33,21,1,55,7,2,38,6,57,42,38,80,2,0,56,16,6,2,2,69,10,8,8,2,1,10,6,393,136,136,38,31,34,3,47,11,1,14,3,84,58,62,64,1,0
2019-12-26,League Two,3067212,Cheltenham Town,Plymouth Argyle,0.5094339622641509,0.3238993710691824,0.16666666666666666,0,1,2,57,13,2,3,3,73,11,6,7,4,0,7,6,481,168,184,43,13,22,5,67,9,1,9,2,61,57,55,50,0,0,43,12,3,1,0,68,9,3,8,1,1,7,5,370,147,106,31,35,22,4,36,9,4,25,2,48,43,45,50,1,0
2019-12-26,League Two,3067213,Crawley Town,Northampton Town,0.375,0.41911764705882354,0.20588235294117646,4,0,0,48,24,8,6,4,61,13,3,10,6,0,16,8,305,50,135,40,27,29,0,100,11,0,16,0,54,42,51,63,0,0,52,4,0,0,0,59,9,1,4,0,0,4,0,333,105,91,38,15,17,4,67,12,6,21,4,61,58,49,0,2,0
2019-12-26,League Two,3067214,Exeter City,Newport County,0.6777583187390543,0.23992994746059546,0.08231173380035026,1,0,0,55,12,3,1,0,61,11,9,0,9,0,7,5,343,83,126,35,9,49,2,73,7,3,15,3,51,42,43,33,4,0,45,10,3,1,1,44,7,3,4,3,0,4,6,287,57,70,28,33,29,1,77,7,8,22,2,68,58,57,86,4,0
2019-12-26,League Two,3067216,Macclesfield FC,Grimsby Town,0.4156378600823045,0.37037037037037035,0.2139917695473251,1,1,1,43,14,1,2,1,51,13,3,4,9,0,7,7,291,61,87,23,20,34,0,67,6,5,18,2,87,52,53,64,3,0,57,14,3,2,2,66,19,3,6,5,1,10,4,382,111,141,30,24,30,1,68,13,9,16,0,80,48,47,50,3,0
2019-12-26,League Two,3067217,Mansfield Town,Port Vale,0.5596707818930041,0.30864197530864196,0.13168724279835392,2,2,1,49,15,4,3,2,56,12,2,9,2,1,11,4,367,107,97,31,23,34,0,61,10,0,16,1,62,52,42,43,1,0,51,4,3,2,1,58,16,4,1,0,0,3,1,388,88,137,28,24,34,2,65,11,2,23,2,69,48,58,50,1,0
2019-12-26,League Two,3067218,Morecambe,Oldham Athletic,0.3623853211009174,0.41743119266055045,0.22018348623853212,1,2,2,45,11,1,2,1,61,7,4,7,3,1,7,4,293,49,131,37,17,34,1,46,9,6,24,3,62,51,61,60,0,0,55,16,5,2,1,73,13,2,5,6,2,9,7,379,134,142,56,13,29,1,81,4,2,14,0,49,49,39,100,1,0
2019-12-26,League Two,3067219,Salford City,Crewe Alexandra,0.2792207792207792,0.4090909090909091,0.3116883116883117,3,1,0,42,13,6,2,1,73,8,4,4,3,1,6,7,402,160,135,44,20,25,0,67,6,3,16,5,60,67,50,67,3,0,58,16,6,1,1,82,8,9,7,3,1,11,5,563,245,218,51,20,35,1,88,7,3,9,4,40,33,50,36,1,0
2019-12-26,League Two,3067220,Scunthorpe United,Walsall,0.5709969788519638,0.311178247734139,0.11782477341389729,0,2,2,63,16,5,0,0,71,12,12,5,6,0,5,11,463,155,175,35,12,47,2,53,8,2,11,3,59,54,44,71,0,0,37,8,5,1,1,58,14,2,1,2,0,5,3,277,68,94,26,9,20,1,86,12,6,38,5,60,46,56,75,1,0
2019-12-26,League Two,3067221,Stevenage,Forest Green Rovers,0.282798833819242,0.4110787172011662,0.30612244897959184,0,0,1,45,11,1,0,0,65,18,9,5,5,0,6,5,316,74,131,29,13,32,4,45,4,2,18,2,41,40,44,44,1,0,55,7,2,0,0,67,10,4,3,2,0,2,5,396,102,162,32,6,27,3,71,9,5,20,1,58,60,56,91,0,0
2019-12-26,League Two,3067222,Swindon Town,Cambridge United,0.7324185248713551,0.19897084048027444,0.0686106346483705,4,0,0,51,9,5,3,0,76,21,4,3,1,0,6,3,401,148,156,46,17,31,3,82,5,2,15,2,40,45,47,100,2,0,49,9,2,0,0,74,9,7,5,2,0,4,5,384,175,108,43,20,19,1,58,8,1,10,1,48,55,53,0,3,0
2019-12-29,League Two,3067223,Bradford City,Mansfield Town,0.5928449744463373,0.30153321976149916,0.10562180579216354,2,0,0,48,7,3,2,0,51,15,2,3,1,0,4,3,324,81,84,25,33,25,1,67,10,7,56,2,78,44,54,25,3,0,52,14,2,1,1,52,17,5,5,7,0,6,8,338,50,126,27,10,44,1,50,8,0,8,1,78,56,46,75,6,0
2019-12-29,League Two,3067224,Cambridge United,Morecambe,0.5855614973262032,0.3155080213903743,0.09893048128342247,1,0,0,56,14,3,0,0,65,11,7,6,5,0,8,6,452,132,164,41,24,27,2,78,4,4,27,2,60,50,61,60,0,0,44,14,2,1,1,54,8,2,8,4,0,8,6,365,56,141,24,28,24,2,75,8,5,31,2,46,50,39,60,1,0
2019-12-29,League Two,3067225,Colchester United,Exeter City,0.43842364532019706,0.4006568144499179,0.16091954022988506,2,2,1,47,12,3,3,2,67,8,5,7,2,0,5,7,304,116,89,29,11,25,4,64,9,3,33,3,68,54,56,57,2,1,53,11,6,1,0,58,13,4,3,2,1,10,1,350,104,98,18,47,30,1,56,10,2,19,1,56,46,44,71,1,0
2019-12-29,League Two,3067226,Crewe Alexandra,Scunthorpe United,0.605543710021322,0.29637526652452023,0.09808102345415778,3,1,0,51,16,7,2,1,77,8,4,7,2,0,11,5,501,256,128,44,13,27,2,46,9,2,17,2,53,45,37,62,1,0,49,6,3,0,0,75,14,6,1,2,0,2,4,464,180,167,42,25,22,2,56,10,2,14,4,72,55,63,78,3,0
2019-12-29,League Two,3067227,Forest Green Rovers,Macclesfield FC,0.6268292682926829,0.2731707317073171,0.1,1,0,0,65,15,3,1,0,79,14,4,3,9,0,8,7,493,205,184,47,27,29,2,82,5,3,15,2,64,47,49,73,3,0,35,10,2,0,0,61,20,3,5,3,0,5,5,256,58,99,35,31,31,2,68,10,7,17,2,70,53,51,88,1,0
2019-12-29,League 2,3067228,Grimsby Town,Crawley Town,0.4820846905537459,0.3811074918566775,0.13680781758957655,1,1,1,56,14,4,0,0,64,11,7,8,2,1,9,5,390,98,152,36,26,24,0,60,15,0,13,1,70,56,42,33,0,0,44,6,2,1,0,59,11,1,2,2,0,2,4,315,43,143,35,9,26,0,67,9,0,31,3,72,44,58,64,0,0
2019-12-29,League Two,3067229,Newport County,Leyton Orient,0.5182926829268293,0.3567073170731707,0.125,1,1,1,55,19,4,1,0,53,15,5,8,7,0,14,5,247,45,86,26,26,29,0,58,4,2,14,2,81,53,52,42,1,0,45,7,3,0,0,48,23,2,2,2,0,5,2,224,28,79,35,71,25,0,47,9,7,35,3,74,47,48,100,5,0
2019-12-29,League Two,3067230,Northampton Town,Cheltenham Town,0.4878048780487805,0.3875338753387534,0.12466124661246612,1,1,1,46,14,4,3,2,51,7,1,7,3,1,8,6,302,60,94,34,13,38,4,58,15,1,9,0,80,64,56,55,2,0,54,3,1,1,0,54,16,1,1,1,0,1,2,359,100,93,24,8,23,0,50,9,3,22,3,55,36,44,56,3,1
2019-12-29,League Two,3067231,Oldham Athletic,Salford City,0.41920374707259955,0.41451990632318503,0.16627634660421545,1,4,2,58,21,5,2,1,79,9,9,6,10,0,16,5,428,142,195,45,21,32,0,83,5,2,12,0,54,52,52,64,1,0,42,10,4,4,2,70,11,1,4,2,1,8,2,326,144,85,38,33,21,3,89,7,10,28,4,50,48,48,80,1,0
2019-12-29,League Two,3067232,Plymouth Argyle,Stevenage,0.676923076923077,0.23846153846153847,0.08461538461538462,2,1,0,64,19,7,2,1,78,9,13,6,6,1,13,6,481,180,194,49,17,25,4,56,4,1,14,2,71,53,62,45,2,0,36,8,3,0,0,63,14,0,4,1,0,5,3,281,75,103,30,14,21,1,60,14,6,36,6,54,47,38,59,3,0
2019-12-29,League Two,3067233,Port Vale,Swindon Town,0.24635332252836303,0.4343598055105348,0.3192868719611021,2,0,0,34,9,4,1,1,58,10,1,5,0,0,6,3,272,65,92,30,14,27,0,73,8,3,19,4,53,42,62,57,2,0,66,14,4,0,0,80,5,8,7,3,0,7,7,542,245,188,45,32,31,0,58,8,0,16,2,47,58,38,60,0,0
2019-12-29,League Two,3067234,Walsall,Carlisle United,0.5504032258064516,0.34475806451612906,0.10483870967741936,1,2,2,55,15,5,4,3,69,12,9,6,4,1,11,4,384,98,167,32,30,28,3,92,12,5,20,4,56,45,42,27,1,1,45,19,6,3,3,67,17,2,7,6,0,11,8,333,113,109,33,13,25,1,88,13,5,40,3,71,55,58,75,1,0
2020-01-01,League Two,3067235,Bradford City,Morecambe,0.6333808844507846,0.2967189728958631,0.06990014265335236,1,0,0,55,10,1,1,0,69,14,4,6,3,1,6,4,430,147,149,35,18,30,0,67,4,10,17,3,48,45,47,38,2,0,45,17,3,0,0,64,8,5,4,10,1,7,10,351,78,148,14,11,27,1,57,10,3,26,0,56,55,53,78,1,0
2020-01-01,League Two,3067236,Cambridge United,Mansfield Town,0.4631043256997455,0.40458015267175573,0.13231552162849872,2,3,2,39,9,3,2,1,51,15,1,3,3,1,6,3,281,72,72,27,40,27,3,67,10,2,25,5,55,53,53,75,1,1,61,16,8,3,0,68,12,3,6,2,0,11,5,432,143,151,40,25,35,2,100,8,3,9,1,49,47,47,80,1,0
2020-01-01,League Two,3067237,Colchester United,Crawley Town,0.5967413441955194,0.32179226069246436,0.0814663951120163,1,1,1,60,11,5,0,0,72,13,5,6,0,0,5,6,420,157,146,45,17,34,2,25,8,1,16,4,48,45,55,75,0,0,40,9,5,3,2,56,13,4,3,1,0,7,2,287,56,104,30,7,25,2,75,16,0,24,4,49,55,45,100,1,0
2020-01-01,League Two,3067238,Crewe Alexandra,Carlisle United,0.6201680672268908,0.3042016806722689,0.07563025210084033,4,1,0,53,14,8,3,1,77,4,4,5,1,0,10,4,448,211,135,43,17,19,1,83,14,5,16,3,46,67,35,100,1,0,47,14,4,0,0,73,12,10,5,5,0,5,9,383,111,169,48,16,27,3,67,6,1,19,4,37,33,65,50,2,0
2020-01-01,League Two,3067239,Forest Green Rovers,Exeter City,0.39293139293139295,0.41372141372141374,0.19334719334719336,0,1,2,64,19,5,3,3,76,7,8,6,8,0,13,6,470,150,207,36,32,43,3,72,6,1,16,0,73,52,49,78,3,0,36,2,1,0,0,61,15,6,0,1,0,1,1,264,63,97,35,6,22,0,64,12,8,29,5,72,48,51,50,2,1
2020-01-01,League Two,3067240,Grimsby Town,Salford City,0.3949367088607595,0.40759493670886077,0.19746835443037974,1,0,0,59,9,2,0,0,70,8,4,3,4,0,6,3,475,129,202,31,13,35,0,83,8,1,17,5,79,57,44,55,0,0,41,12,5,1,1,57,13,1,6,1,1,10,2,328,108,80,19,47,59,3,75,7,4,21,1,76,43,56,90,1,0
2020-01-01,League Two,3067241,Newport County,Cheltenham Town,0.4797687861271676,0.4046242774566474,0.11560693641618497,1,1,1,40,11,3,0,0,48,14,1,6,2,0,7,4,241,32,84,29,44,30,4,77,7,6,21,2,64,53,55,80,3,0,60,10,3,1,0,63,13,5,1,6,0,7,3,349,93,127,33,8,23,4,67,6,1,12,2,55,47,45,0,2,0
2020-01-01,League Two,3067242,Northampton Town,Stevenage,0.6241900647948164,0.28509719222462204,0.09071274298056156,1,0,0,53,22,8,3,2,57,13,6,8,6,1,16,6,318,78,104,43,35,29,2,50,4,6,14,3,73,51,63,60,4,0,47,15,3,0,0,49,14,5,6,6,1,4,11,294,59,86,18,8,18,1,83,6,6,28,7,53,49,37,50,4,0
2020-01-01,League Two,3067243,Oldham Athletic,Scunthorpe United,0.43952802359882004,0.43952802359882004,0.12094395280235988,0,2,2,45,10,2,0,0,63,11,8,3,5,0,8,2,352,110,110,29,7,33,1,81,6,6,21,3,70,47,48,83,0,0,55,17,5,0,0,69,6,9,6,6,0,12,5,424,131,160,34,28,26,1,80,10,5,18,2,78,53,53,56,0,0
2020-01-01,League Two,3067244,Plymouth Argyle,Swindon Town,0.45,0.37166666666666665,0.17833333333333334,1,2,2,56,12,4,2,1,67,8,1,3,5,0,9,3,424,138,146,27,15,33,0,57,10,5,13,5,74,57,74,100,1,0,44,13,7,2,2,61,17,5,1,5,0,7,6,332,107,94,29,26,31,0,62,10,5,21,3,44,43,26,38,5,0
2020-01-01,League Two,3067245,Port Vale,Macclesfield FC,0.6020942408376964,0.3036649214659686,0.09424083769633508,2,2,1,49,16,6,0,0,71,16,6,5,5,0,11,5,396,119,161,41,17,23,3,64,9,6,11,1,66,45,47,80,1,0,51,13,3,2,2,70,10,3,4,6,0,5,8,429,150,152,32,40,17,0,69,4,5,36,4,77,55,53,64,1,0
2020-01-01,League Two,3067246,Walsall,Leyton Orient,0.4722838137472284,0.4190687361419069,0.10864745011086474,1,0,0,50,13,4,2,1,63,16,7,5,4,0,10,3,338,86,127,28,42,30,1,40,12,1,23,3,48,43,40,45,3,1,50,11,3,0,0,64,17,2,7,1,0,5,6,336,77,138,39,21,26,1,63,12,3,15,3,67,57,60,60,1,0
2020-01-04,League Two,3067248,Cheltenham Town,Oldham Athletic,0.5842217484008528,0.3347547974413646,0.08102345415778252,3,0,0,56,15,6,4,2,72,6,9,6,3,0,12,3,448,172,149,35,5,21,1,75,5,4,22,3,50,49,59,50,0,0,44,13,3,1,1,67,10,3,6,4,0,7,6,348,120,114,34,12,30,2,62,15,3,18,3,44,51,43,86,1,0
2020-01-04,League Two,3067249,Crawley Town,Forest Green Rovers,0.3476297968397291,0.42437923250564336,0.22799097065462753,1,1,1,40,13,4,2,1,67,16,3,2,7,0,6,7,344,85,145,30,28,27,3,56,16,8,25,5,69,45,55,71,0,0,60,16,5,0,0,75,8,3,1,10,0,9,7,516,176,210,45,16,31,0,42,10,7,13,3,71,55,45,80,0,0
2020-01-04,League Two,3067252,Macclesfield FC,Cambridge United,0.3663003663003663,0.46153846153846156,0.17216117216117216,1,0,0,55,15,3,1,1,63,10,6,7,5,0,5,10,397,79,172,49,20,28,4,62,8,4,19,3,79,48,61,39,1,0,45,14,4,1,1,59,16,1,7,3,1,6,8,324,69,123,36,18,31,0,84,7,5,25,2,66,52,39,64,2,0
2020-01-04,League Two,3067253,Mansfield Town,Grimsby Town,0.4656652360515021,0.41201716738197425,0.1223175965665236,0,1,2,58,14,6,1,1,71,15,9,3,5,0,6,8,476,162,174,41,9,36,2,69,9,3,4,2,72,46,65,70,3,0,42,7,2,0,0,61,13,2,2,3,0,4,3,340,107,102,26,25,26,1,71,13,5,43,6,57,54,35,50,2,1
2020-01-04,League Two,3067255,Salford City,Walsall,0.5129740518962076,0.36926147704590817,0.11776447105788423,1,2,2,68,23,8,3,2,71,17,7,9,6,0,15,8,481,153,187,41,18,45,2,87,8,2,17,6,84,46,60,89,2,0,32,12,8,5,3,44,11,1,2,2,0,9,3,227,34,66,26,21,34,0,62,12,5,44,7,73,54,40,67,0,0
2020-01-04,League Two,3067256,Scunthorpe United,Plymouth Argyle,0.4195804195804196,0.4289044289044289,0.15151515151515152,1,3,2,64,18,5,2,1,73,11,7,7,6,0,10,8,537,172,218,52,25,34,2,78,2,1,9,3,69,49,78,48,1,0,36,10,6,2,0,52,16,1,3,1,0,7,3,313,78,86,13,29,27,1,85,19,6,25,4,47,51,22,100,2,0
2020-01-04,League Two,3067257,Stevenage,Colchester United,0.24472573839662448,0.4430379746835443,0.31223628691983124,0,0,1,32,3,1,0,0,66,9,1,2,0,0,0,3,261,115,56,31,0,15,1,64,10,2,26,10,57,64,35,83,1,1,68,24,10,4,4,83,12,6,12,2,1,15,9,544,225,229,65,42,28,2,67,7,0,10,1,52,36,65,41,2,0
2020-01-04,League Two,3067258,Swindon Town,Bradford City,0.6020114942528736,0.3017241379310345,0.09626436781609195,1,1,1,40,3,2,1,0,64,17,3,1,0,0,2,1,276,73,105,27,21,30,2,53,11,0,14,0,65,42,39,35,4,1,60,6,1,1,1,73,14,1,5,0,1,4,2,424,185,123,42,25,41,3,68,7,0,17,1,95,58,61,46,2,0
2020-01-11,League Two,3067259,Carlisle United,Plymouth Argyle,0.35920177383592017,0.3835920177383592,0.2572062084257206,0,3,2,45,11,2,0,0,74,9,3,5,4,0,10,1,408,155,146,49,24,22,0,100,6,7,14,2,33,43,63,40,0,1,55,17,5,4,2,81,7,6,5,7,1,13,4,505,183,225,33,20,16,2,76,4,4,11,2,36,57,38,67,1,0
2020-01-11,League Two,3067260,Cheltenham Town,Walsall,0.5968992248062015,0.28940568475452194,0.11369509043927649,3,1,0,56,15,5,6,3,72,16,2,6,4,0,11,4,418,141,161,36,29,29,1,85,10,2,13,1,55,54,40,50,2,0,44,9,2,1,0,67,13,3,5,2,1,5,4,334,120,103,32,29,30,3,100,8,4,12,2,60,46,60,50,1,0
2020-01-11,League 2,3067261,Crawley Town,Bradford City,0.3074792243767313,0.40166204986149584,0.29085872576177285,2,1,0,39,17,4,1,1,65,12,8,10,3,1,8,9,300,66,128,41,12,22,0,50,8,0,28,1,68,44,52,68,0,0,61,8,3,1,1,76,6,7,1,4,0,4,4,461,179,173,48,18,27,1,64,12,0,20,2,76,56,48,43,0,0
2020-01-11,League Two,3067262,Exeter City,Cambridge United,0.7088607594936709,0.2231012658227848,0.0680379746835443,2,0,0,48,13,3,2,1,53,11,4,7,3,1,10,3,372,65,131,31,30,34,2,80,4,3,27,0,53,48,51,80,1,0,52,10,0,1,1,52,7,7,7,3,1,10,0,385,93,106,25,17,41,2,60,16,3,10,1,54,52,49,100,0,0
2020-01-11,League 2,3067263,Leyton Orient,Grimsby Town,0.429042904290429,0.41254125412541254,0.15841584158415842,1,1,1,56,16,3,3,2,67,11,10,9,4,0,11,5,353,94,143,41,10,26,1,93,8,0,17,1,91,55,65,57,0,0,44,12,2,0,0,58,17,6,5,5,0,9,3,288,87,81,32,29,15,1,55,4,0,35,1,60,45,35,17,0,0
2020-01-11,League Two,3067264,Macclesfield FC,Oldham Athletic,0.5025906735751295,0.3471502590673575,0.15025906735751296,1,1,1,53,13,5,2,1,61,11,5,6,2,0,8,5,322,67,129,41,21,20,2,45,6,6,33,4,56,43,46,43,1,0,47,16,5,0,0,56,13,13,4,7,0,9,7,281,61,95,34,13,21,1,75,8,2,24,3,70,57,54,83,1,1
2020-01-11,League Two,3067265,Mansfield Town,Forest Green Rovers,0.46564885496183206,0.366412213740458,0.16793893129770993,3,4,2,44,15,6,1,0,48,17,4,6,3,1,14,1,286,54,82,31,56,32,2,75,10,7,10,6,61,47,58,100,0,0,56,20,10,4,2,64,10,8,2,8,0,13,7,382,89,154,19,43,31,2,70,25,3,12,3,55,53,42,56,2,0
2020-01-11,League Two,3067266,Morecambe,Colchester United,0.29523809523809524,0.44761904761904764,0.2571428571428571,1,1,1,49,14,3,2,1,69,12,3,9,2,0,8,6,357,94,151,33,18,33,2,63,11,4,28,3,42,48,55,86,1,0,51,9,4,1,0,68,12,6,1,4,0,5,4,361,153,91,30,6,31,2,45,10,2,25,2,41,52,45,83,3,1
2020-01-11,League Two,3067267,Salford City,Northampton Town,0.49221183800623053,0.3302180685358255,0.17757009345794392,1,2,2,56,19,5,1,1,58,13,9,12,2,1,10,9,307,61,117,36,10,25,1,44,5,4,21,2,70,58,57,100,2,0,44,12,4,1,1,48,16,6,4,4,0,9,3,247,35,83,29,27,25,2,90,5,3,38,3,52,42,43,75,4,0
2020-01-11,League Two,3067268,Scunthorpe United,Newport County,0.5645756457564576,0.2988929889298893,0.13653136531365315,1,2,2,59,10,4,1,1,51,14,3,5,1,0,5,5,314,71,88,19,33,36,1,73,8,10,24,1,64,57,56,50,1,1,41,18,4,0,0,37,19,2,5,9,0,11,7,216,17,62,27,13,33,1,89,12,1,14,3,49,43,44,100,3,0
2020-01-11,League 2,3067269,Stevenage,Port Vale,0.4,0.38181818181818183,0.21818181818181817,0,1,2,46,7,5,0,0,53,18,4,1,1,0,5,2,303,82,79,30,45,26,2,77,9,0,21,4,51,55,47,80,0,0,54,10,5,1,0,58,9,7,3,2,0,4,6,363,81,131,32,25,34,3,67,9,0,17,4,49,45,53,43,0,0
2020-01-11,League Two,3067270,Swindon Town,Crewe Alexandra,0.6130841121495327,0.297196261682243,0.08971962616822429,3,1,0,36,11,5,2,1,60,17,6,4,2,1,7,4,252,63,87,32,13,25,1,50,14,1,9,1,53,49,44,50,2,0,64,5,2,2,1,70,3,5,2,1,0,4,1,452,170,148,40,11,30,2,53,4,2,7,2,60,51,56,67,0,0
2020-01-14,League Two,3067254,Morecambe,Port Vale,0.31802120141342755,0.4178445229681979,0.26413427561837455,2,1,0,42,8,3,1,0,61,8,6,3,2,0,4,4,338,81,125,25,20,39,2,92,10,4,17,2,62,50,58,50,1,0,58,12,3,0,0,70,14,5,5,4,0,9,3,457,160,162,42,33,27,3,63,3,2,10,1,53,50,42,67,1,0
2020-01-14,League Two,3067161,Stevenage,Oldham Athletic,0.43870967741935485,0.4046082949308756,0.15668202764976957,0,0,1,55,12,4,0,0,59,5,6,4,4,1,7,5,318,88,99,29,20,29,1,60,7,4,34,6,61,54,59,75,1,0,45,16,6,1,1,58,10,7,6,4,0,10,6,269,54,101,28,13,48,5,69,6,4,26,4,47,46,41,75,3,0
2020-01-18,League Two,3067271,Bradford City,Scunthorpe United,0.6708860759493671,0.2481012658227848,0.0810126582278481,2,2,1,37,7,3,3,1,59,13,2,2,2,1,6,1,305,91,89,26,21,24,2,71,18,6,45,6,52,49,38,65,2,0,63,19,8,1,1,75,13,7,5,6,0,10,9,512,129,253,31,26,30,2,64,7,2,18,1,62,51,62,93,3,0
2020-01-18,League 2,3067272,Cambridge United,Stevenage,0.6642599277978339,0.2490974729241877,0.08664259927797834,0,4,2,53,12,4,2,2,62,12,5,6,2,0,9,3,362,106,119,29,28,26,0,56,13,0,15,2,72,49,53,43,0,0,47,15,6,4,1,64,17,1,7,2,0,10,5,332,88,125,37,31,18,2,72,15,0,31,3,70,51,47,82,0,0
2020-01-18,League Two,3067273,Colchester United,Macclesfield Town,0.6976744186046512,0.24031007751937986,0.06201550387596899,2,1,0,51,8,2,1,1,69,10,9,3,3,0,4,4,354,137,108,38,14,24,4,83,7,3,20,2,68,62,54,93,2,0,49,12,3,1,1,63,12,8,6,3,0,4,8,337,82,130,30,25,19,0,67,12,3,29,1,49,38,46,59,3,0
2020-01-18,League Two,3067274,Crewe Alexandra,Cheltenham Town,0.5629139072847682,0.3211920529801324,0.11589403973509933,1,0,0,57,10,4,1,1,79,9,8,2,4,0,6,4,518,228,179,58,16,21,4,55,8,4,17,3,48,54,49,67,0,0,43,10,3,2,2,73,11,4,3,4,0,5,5,387,148,135,44,6,18,3,64,8,4,11,3,45,46,51,67,3,0
2020-01-18,League Two,3067275,Forest Green Rovers,Salford City,0.6231454005934718,0.27002967359050445,0.10682492581602374,1,2,2,68,30,5,2,1,81,12,7,12,13,1,15,15,543,181,257,53,21,21,1,70,6,4,15,1,54,53,45,64,1,0,32,11,3,0,0,53,18,5,4,4,1,6,5,253,51,84,26,8,24,0,57,8,11,25,4,55,47,55,33,2,2
2020-01-18,League Two,3067276,Grimsby Town,Exeter City,0.31521739130434784,0.34782608695652173,0.33695652173913043,0,1,2,55,13,6,1,1,66,12,8,5,2,1,9,4,451,166,133,36,20,36,1,71,15,7,11,3,57,38,44,8,1,0,45,16,4,2,2,55,9,8,5,7,0,13,3,368,63,138,20,40,32,3,64,11,3,24,5,81,62,56,100,1,0
2020-01-18,League Two,3067277,Newport County,Swindon Town,0.2869318181818182,0.3835227272727273,0.32954545454545453,2,0,0,40,15,5,4,2,40,14,2,7,3,1,13,2,208,28,56,23,13,39,1,43,8,3,31,1,98,55,63,55,2,0,60,11,1,0,0,55,18,8,6,4,0,7,4,303,50,118,24,17,31,1,71,4,4,24,2,68,45,37,47,3,0
2020-01-18,League Two,3067278,Northampton Town,Morecambe,0.6896551724137931,0.21630094043887146,0.09404388714733543,4,1,0,50,13,10,0,0,60,12,4,1,2,0,10,3,322,79,113,36,26,26,1,50,1,6,25,2,48,39,52,36,0,0,50,15,3,3,2,63,8,4,6,6,1,10,5,334,61,150,31,5,32,2,64,5,1,29,6,58,61,48,100,0,0
2020-01-18,League Two,3067279,Oldham Athletic,Carlisle United,0.47317073170731705,0.36097560975609755,0.16585365853658537,1,1,1,55,20,8,1,1,65,15,7,6,6,0,12,8,371,101,139,41,31,24,2,92,7,2,12,5,76,49,57,64,1,0,45,14,6,1,1,55,15,6,6,2,0,7,7,302,77,90,29,8,24,1,60,7,6,27,7,70,51,43,85,1,0
2020-01-18,League Two,3067280,Plymouth Argyle,Mansfield Town,0.7283950617283951,0.2,0.07160493827160494,3,1,0,66,14,4,3,0,73,11,5,8,2,1,8,6,544,229,170,21,16,29,1,78,6,2,23,4,55,52,50,100,1,0,34,12,6,5,5,51,13,5,5,1,0,9,3,276,67,73,31,32,22,0,86,8,2,27,1,53,48,50,60,2,0
2020-01-18,League 2,3067281,Port Vale,Leyton Orient,0.5594713656387665,0.32158590308370044,0.11894273127753303,1,0,0,55,15,9,3,3,69,8,4,3,3,0,13,2,404,96,182,42,39,16,4,73,6,0,12,3,59,49,52,80,0,0,45,8,4,3,3,67,16,7,1,3,0,6,2,332,111,110,27,15,23,5,71,13,0,24,8,58,51,48,67,0,0
2020-01-18,League Two,3067282,Walsall,Crawley Town,0.5141700404858299,0.3603238866396761,0.12550607287449392,2,1,0,60,18,5,1,0,71,11,13,5,8,0,13,5,468,154,176,40,31,40,2,57,10,3,11,4,74,55,45,63,0,0,40,12,5,2,2,62,19,2,4,3,0,9,3,326,85,116,37,22,21,0,75,19,6,31,3,75,45,55,64,3,0
2020-01-21,League Two,3067151,Colchester United,Bradford City,0.46333601933924257,0.40531829170024175,0.1313456889605157,0,0,1,50,18,2,2,2,74,14,4,12,4,0,7,11,369,114,159,38,22,31,0,65,8,2,12,1,60,48,49,62,4,0,50,8,1,0,0,69,11,2,5,2,1,2,6,375,131,127,33,29,26,1,47,8,4,43,2,64,52,51,33,2,0
2020-01-21,League Two,3067251,Leyton Orient,Northampton Town,0.3297769156159069,0.4248302618816683,0.24539282250242483,1,1,1,63,13,5,1,0,70,15,9,2,6,0,9,4,439,132,176,37,22,22,2,86,3,4,28,2,53,51,45,60,1,1,37,14,3,1,1,52,16,5,7,4,1,7,7,259,59,75,32,33,25,2,22,6,6,40,4,59,49,55,25,4,1
2020-01-21,League Two,3067181,Macclesfield FC,Crewe Alexandra,0.29909706546275394,0.3984198645598194,0.30248306997742663,1,1,1,37,8,2,0,0,65,13,7,4,2,0,0,8,282,74,108,38,17,30,1,53,9,6,23,0,44,44,53,50,2,0,63,13,1,4,3,76,6,10,6,6,0,11,2,484,201,167,45,29,29,0,50,7,2,23,2,48,56,48,47,1,0
2020-01-25,League Two,3067283,Carlisle United,Walsall,0.39886039886039887,0.396011396011396,0.20512820512820512,2,1,0,43,6,5,2,1,50,25,6,1,0,0,3,3,278,71,67,23,23,19,2,53,7,4,20,2,64,38,56,67,3,0,57,10,3,0,0,64,14,6,3,4,0,4,6,359,102,128,40,25,37,1,62,7,0,12,3,76,62,44,58,0,0
2020-01-25,League 2,3067285,Crawley Town,Grimsby Town,0.5256410256410257,0.34615384615384615,0.1282051282051282,3,2,0,44,16,8,4,1,60,10,6,6,2,0,11,5,344,64,143,35,33,32,2,63,11,0,22,5,98,43,57,55,0,0,56,19,7,5,3,67,11,5,5,7,0,15,4,461,146,163,34,26,24,0,52,18,0,29,5,95,57,43,50,0,0
2020-01-25,League Two,3067286,Exeter City,Colchester United,0.6515426497277677,0.2613430127041742,0.08711433756805807,0,0,1,53,10,3,0,0,60,11,3,5,2,0,10,0,382,100,128,27,21,33,1,76,7,6,31,2,63,46,50,100,0,0,47,13,3,1,1,58,7,5,5,5,0,8,5,338,79,118,28,30,43,1,82,17,2,13,3,68,54,50,50,2,0
2020-01-25,League Two,3067287,Leyton Orient,Newport County,0.3944636678200692,0.3875432525951557,0.2179930795847751,2,1,0,64,7,2,2,1,70,10,12,4,1,0,4,3,427,107,192,44,14,35,4,83,5,1,26,2,72,54,46,92,1,0,36,7,3,2,1,42,12,6,3,1,0,5,2,236,31,67,28,29,27,0,40,6,1,45,2,76,46,54,25,2,0
2020-01-25,League Two,3067288,Macclesfield Town,Forest Green Rovers,0.3111111111111111,0.44,0.24888888888888888,2,1,0,51,5,2,0,0,59,17,2,2,1,0,3,2,353,93,116,35,6,29,1,89,6,2,18,9,58,37,56,73,1,1,49,17,11,2,2,59,7,6,5,1,0,7,10,350,85,123,24,33,29,2,68,8,1,25,0,68,63,44,78,0,0
2020-01-25,League Two,3067289,Mansfield Town,Bradford City,0.3550488599348534,0.41368078175895767,0.23127035830618892,3,0,0,43,14,7,2,1,48,11,8,5,2,0,11,3,289,45,93,27,27,30,2,53,7,2,14,0,70,48,60,40,1,0,57,5,0,1,1,57,11,4,3,2,0,3,2,382,124,95,28,5,33,0,75,9,2,16,4,58,52,40,44,2,0
2020-01-25,League Two,3067290,Morecambe,Cambridge United,0.4462809917355372,0.38016528925619836,0.17355371900826447,1,1,1,39,15,3,2,1,61,16,2,6,6,0,12,3,301,62,122,41,14,30,0,65,10,4,18,2,63,58,52,59,3,0,61,13,3,2,1,74,10,6,6,4,0,7,6,477,153,198,41,42,34,2,45,9,6,19,2,50,42,48,40,2,0
2020-01-25,League Two,3067291,Salford City,Oldham Athletic,0.677710843373494,0.24096385542168675,0.08132530120481928,1,1,1,54,13,5,4,3,52,9,3,6,2,0,9,4,357,62,123,31,19,44,2,50,8,6,19,2,83,53,61,89,1,0,46,14,3,0,0,46,12,5,4,7,0,8,6,315,66,79,25,21,31,0,67,15,2,22,4,60,47,39,56,3,0
2020-01-25,League Two,3067292,Scunthorpe United,Crewe Alexandra,0.35384615384615387,0.4,0.24615384615384617,2,2,1,52,13,7,2,1,74,12,9,5,1,0,5,8,422,129,184,34,9,25,3,44,15,3,16,2,46,44,39,64,1,0,48,13,4,1,1,71,5,4,6,3,0,9,4,418,157,138,48,45,20,1,64,9,2,26,4,64,56,61,58,0,0
2020-01-25,League Two,3067293,Stevenage,Plymouth Argyle,0.18783068783068782,0.4708994708994709,0.3412698412698413,1,2,2,43,15,6,1,0,60,6,2,5,4,0,12,3,343,72,134,46,20,39,1,75,12,3,30,0,54,56,48,60,0,0,57,7,2,2,0,68,9,3,2,3,0,6,1,452,139,167,35,10,43,4,29,4,4,22,5,50,44,52,89,1,0
2020-01-25,League Two,3067294,Swindon Town,Port Vale,0.6986564299424184,0.21305182341650672,0.08829174664107485,3,0,0,50,19,9,3,2,62,11,4,7,3,2,13,6,358,122,100,29,36,29,2,100,17,0,21,1,66,62,48,82,1,0,50,2,1,0,0,60,15,2,1,0,0,2,0,351,98,111,36,5,37,0,100,11,3,19,6,53,38,52,83,4,0
2020-01-28,League Two,3067295,Bradford City,Cheltenham Town,0.478476821192053,0.40894039735099336,0.11258278145695365,1,1,1,24,7,2,1,0,38,11,2,1,4,0,5,2,172,23,42,18,44,18,1,42,14,5,28,3,50,46,68,18,2,1,76,17,4,2,2,82,11,10,8,5,1,13,4,544,165,281,54,22,27,2,58,4,4,14,1,40,54,32,60,0,0
2020-01-28,League Two,3067296,Cambridge United,Salford City,0.3028322440087146,0.4793028322440087,0.2178649237472767,0,4,2,61,13,3,0,0,68,12,3,5,5,0,7,6,418,139,144,27,29,29,2,89,6,2,16,4,62,50,38,58,3,0,39,14,8,2,0,56,12,8,4,2,0,7,7,278,51,106,30,27,23,2,53,10,5,32,3,78,50,62,57,2,0
2020-01-28,League Two,3067297,Colchester United,Swindon Town,0.3911719939117199,0.4063926940639269,0.2024353120243531,3,1,0,51,12,3,2,0,68,13,7,5,4,0,9,3,325,97,125,41,22,30,0,38,13,5,14,6,59,43,58,43,1,0,49,15,7,4,3,65,16,2,3,5,0,10,5,329,106,109,29,13,32,1,64,17,4,15,0,62,57,42,67,3,0
2020-01-28,League Two,3067298,Crewe Alexandra,Leyton Orient,0.5816326530612245,0.33163265306122447,0.08673469387755102,2,0,0,41,13,4,1,0,68,5,3,7,2,0,9,4,389,176,90,38,17,22,2,53,12,1,23,6,48,57,39,60,1,0,59,16,6,3,3,80,12,7,9,1,0,11,5,557,148,295,55,26,29,0,89,7,2,5,2,48,43,61,38,1,0
2020-01-28,League Two,3067299,Forest Green Rovers,Carlisle United,0.5351473922902494,0.3741496598639456,0.09070294784580499,1,4,2,64,15,6,2,1,74,16,4,5,4,0,8,7,494,192,175,41,23,40,1,20,5,2,10,2,51,46,50,71,1,0,36,12,6,2,0,51,14,4,4,2,1,6,6,273,61,78,20,9,21,1,88,8,3,19,5,56,54,50,83,3,0
2020-01-28,League 2,3067300,Grimsby Town,Stevenage,0.5412621359223301,0.33495145631067963,0.12378640776699029,3,1,0,52,11,5,3,2,64,15,3,3,3,0,8,3,368,128,108,35,38,18,2,45,7,0,34,6,56,42,38,40,0,0,48,19,7,0,0,65,9,7,8,4,0,10,9,321,74,134,42,21,31,1,64,10,0,7,3,87,58,63,60,0,0
2020-01-28,League Two,3067301,Newport County,Macclesfield Town,0.6012084592145015,0.33534743202416917,0.0634441087613293,1,0,0,54,15,6,2,2,63,11,4,7,2,1,11,4,344,84,131,40,28,34,2,31,10,2,33,2,78,46,47,40,1,0,46,7,2,2,2,50,14,1,2,3,0,4,3,309,64,89,32,29,38,0,50,9,2,32,5,89,54,53,60,2,0
2020-01-28,League Two,3067302,Northampton Town,Scunthorpe United,0.5373737373737374,0.34545454545454546,0.11717171717171718,3,0,0,41,17,5,6,4,53,17,1,5,7,1,12,5,247,39,93,36,44,28,1,67,7,2,16,4,56,52,41,75,1,0,59,15,4,1,1,72,17,6,8,3,0,5,10,362,133,128,46,21,32,2,78,13,6,24,2,62,48,59,75,2,1
2020-01-28,League Two,3067303,Oldham Athletic,Mansfield Town,0.3774104683195592,0.4297520661157025,0.1928374655647383,3,1,0,53,23,9,1,1,65,6,7,10,4,0,14,9,376,103,143,31,21,22,0,82,12,4,16,1,59,46,48,56,0,0,47,7,2,0,0,58,9,5,1,4,0,2,5,321,80,107,32,10,33,0,70,2,4,27,6,67,54,52,100,2,0
2020-01-28,League Two,3067305,Port Vale,Exeter City,0.28907563025210087,0.4504201680672269,0.2605042016806723,3,1,0,48,14,7,3,1,51,4,6,6,1,0,13,1,339,67,107,35,40,25,2,80,14,5,15,2,70,65,63,50,1,0,52,16,3,1,0,59,10,7,6,7,1,9,7,358,86,126,25,23,28,2,82,7,1,20,4,39,35,37,67,1,0
2020-01-28,League Two,3067306,Walsall,Morecambe,0.5083179297597042,0.3955637707948244,0.09611829944547134,0,2,2,60,8,2,3,3,72,10,8,5,1,1,6,2,456,152,175,44,23,27,0,91,6,1,14,1,68,57,56,63,1,0,40,8,3,1,0,64,19,2,4,1,0,6,2,324,100,107,31,9,31,1,62,15,1,18,2,52,43,44,78,3,0
2020-01-28,League Two,3067304,Plymouth Argyle,Crawley Town,0.6461538461538462,0.2853146853146853,0.06853146853146853,2,2,1,61,21,6,7,5,76,7,7,8,7,0,14,7,523,176,223,30,25,22,2,44,9,9,21,3,61,54,49,62,1,0,39,19,5,4,2,61,12,3,5,9,0,12,7,349,76,136,26,27,29,0,60,16,7,23,4,57,46,51,25,2,0
2020-02-01,League Two,3067307,Cambridge United,Colchester United,0.36363636363636365,0.2727272727272727,0.36363636363636365,2,1,0,52,14,5,1,0,66,9,4,6,3,0,8,6,378,83,168,31,32,25,0,82,15,1,20,2,53,50,43,71,2,0,48,5,3,0,0,63,10,4,1,1,0,2,3,347,106,111,34,14,35,1,82,8,3,12,3,60,50,57,71,1,0
2020-02-01,League Two,3067308,Cheltenham Town,Morecambe,0.674074074074074,0.23703703703703705,0.08888888888888889,2,1,0,61,7,3,3,1,71,13,3,3,1,1,5,2,457,165,158,42,19,19,1,53,3,5,23,3,61,57,44,70,4,0,39,17,5,1,0,56,11,5,8,4,2,10,7,285,60,99,26,29,33,0,60,9,1,13,1,61,43,56,75,3,0
2020-02-01,League Two,3067309,Crawley Town,Scunthorpe United,0.6,0.3142857142857143,0.08571428571428572,3,1,0,37,17,4,4,4,54,12,4,6,7,1,12,5,287,44,112,23,32,23,2,60,9,4,21,5,79,60,50,63,3,0,63,20,6,2,1,74,13,6,10,4,0,8,12,509,178,200,35,17,31,2,50,7,6,15,1,62,40,50,43,2,0
2020-02-01,League Two,3067310,Grimsby Town,Forest Green Rovers,0.48132780082987553,0.35684647302904565,0.16182572614107885,2,2,1,61,8,4,2,0,77,18,1,3,1,0,4,4,498,224,157,39,15,33,0,75,11,4,13,2,74,48,65,53,2,0,39,13,4,1,1,61,13,3,5,4,0,7,6,314,90,103,27,25,34,0,63,12,1,13,2,60,52,35,54,2,0
2020-02-01,League Two,3067311,Macclesfield FC,Northampton Town,0.26605504587155965,0.42660550458715596,0.3073394495412844,0,1,2,47,7,4,0,0,42,13,1,3,0,0,6,1,284,37,82,27,25,37,0,80,7,2,46,4,61,43,47,75,1,0,53,15,5,3,2,45,8,8,8,2,1,9,6,308,39,100,19,23,39,6,30,6,1,15,3,72,57,53,86,1,0
2020-02-01,League Two,3067312,Mansfield Town,Carlisle United,0.4697674418604651,0.39069767441860465,0.13953488372093023,2,2,1,45,8,3,0,0,41,8,4,5,0,0,4,4,248,40,62,24,29,41,3,77,14,5,23,3,71,67,50,67,0,0,55,14,5,1,0,53,10,7,4,5,0,6,8,305,63,99,23,29,44,0,86,3,0,17,1,51,33,50,50,2,0
2020-02-01,League Two,3067314,Plymouth Argyle,Newport County,0.7380952380952381,0.1984126984126984,0.06349206349206349,1,0,0,51,13,5,1,0,68,13,5,4,4,0,7,6,394,116,151,27,23,32,1,50,10,5,22,5,45,46,49,67,2,1,49,16,6,0,0,67,8,9,6,4,1,12,4,368,108,139,41,32,26,1,57,17,4,11,4,50,54,51,67,2,0
2020-02-01,League Two,3067315,Port Vale,Salford City,0.3798076923076923,0.42788461538461536,0.19230769230769232,1,1,1,51,8,2,0,0,57,11,4,4,2,0,4,4,352,64,136,34,18,31,2,75,7,5,20,0,65,53,41,71,0,0,49,10,1,1,1,53,14,8,4,5,0,7,3,323,79,91,19,11,34,3,45,6,2,24,2,76,47,59,78,3,0
2020-02-01,League 2,3067316,Stevenage,Leyton Orient,0.4444444444444444,0.3684210526315789,0.1871345029239766,0,3,2,50,9,5,0,0,59,24,4,3,1,0,3,6,351,94,114,44,24,32,0,68,11,0,21,2,80,35,66,38,0,0,50,9,5,1,0,56,8,6,2,2,0,4,5,365,92,114,26,31,21,2,86,6,0,18,5,80,65,34,100,0,0
2020-02-01,League Two,3067317,Swindon Town,Exeter City,0.5570652173913043,0.30978260869565216,0.1331521739130435,2,1,0,46,12,5,2,1,54,8,8,3,4,0,6,6,301,68,96,38,21,35,4,56,16,1,17,1,51,48,43,50,1,0,54,7,2,1,0,58,12,6,4,1,0,4,3,360,94,115,27,10,31,5,74,5,4,13,4,60,52,57,73,1,0
2020-02-01,League Two,3067318,Walsall,Crewe Alexandra,0.30927835051546393,0.422680412371134,0.26804123711340205,1,2,2,38,10,2,1,0,59,17,1,5,3,0,8,2,326,94,99,26,25,32,1,53,22,0,22,2,68,44,62,80,3,0,62,14,4,2,1,75,10,7,9,1,0,11,3,544,275,133,41,11,27,1,71,11,3,17,1,62,56,38,69,0,0
2020-02-01,League Two,3067313,Oldham Athletic,Bradford City,0.4782608695652174,0.3719806763285024,0.1497584541062802,3,0,0,50,26,10,3,2,67,17,12,9,7,0,16,10,305,91,113,40,35,26,1,60,5,1,23,1,80,65,60,92,2,0,50,5,1,0,0,62,16,4,3,1,0,3,2,307,62,128,32,16,23,4,80,12,8,23,6,48,35,40,45,3,0
2020-02-08,League Two,3067319,Bradford City,Grimsby Town,0.603030303030303,0.30303030303030304,0.09393939393939393,1,1,1,44,14,1,2,2,58,13,9,10,3,0,9,5,308,54,125,41,18,33,2,56,2,3,16,2,91,60,49,44,1,0,56,9,3,2,1,68,13,1,2,4,0,5,4,414,138,143,37,10,34,4,73,13,2,19,0,76,40,51,47,1,0
2020-02-08,League Two,3067320,Carlisle United,Swindon Town,0.30294906166219837,0.4075067024128686,0.289544235924933,1,1,1,48,10,3,1,0,57,8,5,5,2,0,4,6,321,86,97,22,19,31,3,65,8,3,19,3,55,60,32,73,0,0,52,10,4,1,1,59,18,6,3,3,0,8,2,339,77,122,28,23,39,1,64,10,2,16,3,54,40,68,75,0,0
2020-02-08,League Two,3067321,Colchester United,Plymouth Argyle,0.37846153846153846,0.40615384615384614,0.2153846153846154,3,0,0,46,16,9,4,2,68,14,6,4,3,1,11,5,333,88,137,37,16,30,4,50,8,2,20,4,61,49,54,52,1,0,54,11,4,0,0,73,12,4,5,2,0,6,5,404,125,170,31,33,23,0,47,3,4,28,5,59,51,46,83,1,0
2020-02-08,League Two,3067322,Crewe Alexandra,Oldham Athletic,0.6567901234567901,0.2518518518518518,0.09135802469135802,2,1,0,67,18,5,1,1,75,9,7,6,7,0,10,8,553,216,201,43,17,22,3,63,10,0,13,1,74,53,62,60,1,0,33,7,2,1,0,56,15,1,4,1,0,3,4,273,62,90,41,0,27,2,58,16,7,25,3,56,47,38,75,2,0
2020-02-08,League Two,3067323,Exeter City,Stevenage,0.738562091503268,0.20261437908496732,0.058823529411764705,2,1,0,53,15,5,5,4,62,10,11,6,4,1,10,5,374,65,166,30,14,50,1,100,11,1,8,2,68,42,41,42,0,0,47,6,3,0,0,60,10,4,1,2,0,5,1,351,118,92,30,18,30,1,48,10,5,36,2,96,58,59,89,4,0
2020-02-08,League Two,3067324,Forest Green Rovers,Walsall,0.6713615023474179,0.19718309859154928,0.13145539906103287,1,2,2,61,21,6,5,4,75,12,9,5,10,0,11,10,466,190,161,41,19,29,3,64,15,1,15,0,71,48,62,52,0,0,39,4,2,3,1,61,14,4,1,1,0,4,0,305,58,127,27,20,22,3,70,17,11,20,4,60,52,38,62,2,0
2020-02-08,League Two,3067325,Leyton Orient,Macclesfield Town,0.6461538461538462,0.26153846153846155,0.09230769230769231,1,1,1,61,10,2,2,2,66,6,5,7,1,0,8,2,490,162,160,26,22,38,0,57,10,2,20,3,66,45,51,53,1,0,39,7,4,1,0,50,11,3,1,2,0,5,2,307,55,99,28,13,33,0,53,13,1,21,1,70,55,49,71,0,0
2020-02-08,League Two,3067326,Morecambe,Mansfield Town,0.38202247191011235,0.4101123595505618,0.20786516853932585,1,1,1,55,14,5,3,2,57,8,4,6,3,0,9,5,368,70,138,22,29,38,1,71,7,6,21,3,59,49,49,67,0,0,45,15,5,2,1,48,9,4,5,5,0,8,7,301,54,91,28,31,26,1,63,11,3,37,4,61,51,51,80,1,0
2020-02-08,League Two,3067327,Newport County,Cambridge United,0.7098214285714286,0.22767857142857142,0.0625,0,1,2,60,20,2,0,0,55,8,7,11,7,0,18,2,343,55,135,41,18,47,2,60,10,0,15,1,72,49,53,8,0,0,40,9,2,1,0,35,17,1,7,0,0,5,4,245,39,46,14,40,40,4,72,14,7,53,2,67,51,47,67,0,0
2020-02-08,League Two,3067328,Northampton Town,Port Vale,0.6794425087108014,0.24041811846689895,0.08013937282229965,0,1,2,54,13,6,1,1,50,14,11,5,2,0,9,4,281,52,88,30,24,37,1,100,6,0,12,1,63,52,51,67,2,0,46,7,2,2,1,40,16,1,5,0,0,6,1,255,41,62,27,27,27,1,60,11,1,39,6,59,48,49,100,4,0
2020-02-08,League Two,3067329,Salford City,Crawley Town,0.6183206106870229,0.2824427480916031,0.09923664122137404,0,0,1,61,21,8,1,1,62,15,8,10,3,0,14,7,388,80,162,40,28,33,1,86,8,0,18,2,78,54,61,70,2,0,39,3,2,2,2,42,12,3,1,0,0,2,1,265,41,71,30,15,21,2,70,16,3,30,8,56,46,39,63,2,0
2020-02-08,League Two,3067330,Scunthorpe United,Cheltenham Town,0.39737991266375544,0.4017467248908297,0.20087336244541484,1,0,0,42,15,2,2,1,58,13,4,9,4,0,8,7,356,102,105,30,30,25,7,62,14,3,18,5,68,49,55,61,2,0,58,9,5,0,0,65,15,2,1,3,1,5,4,487,160,156,33,38,26,2,40,6,4,9,1,64,51,45,46,1,0
2020-02-11,League Two,3067331,Bradford City,Stevenage,0.5128205128205128,0.23076923076923078,0.2564102564102564,3,1,0,47,15,7,2,1,61,9,7,5,3,0,5,10,352,102,113,31,14,37,2,52,14,2,20,2,87,62,65,63,0,0,53,8,3,0,0,65,13,2,3,2,0,5,3,418,120,153,27,23,34,0,85,14,3,24,4,51,38,35,55,2,0
2020-02-11,League Two,3067332,Carlisle United,Cheltenham Town,0.40717628705148207,0.45241809672386896,0.14040561622464898,0,1,2,59,10,1,0,0,71,9,8,5,4,0,4,6,394,127,151,32,4,27,4,50,10,1,8,3,41,51,38,56,1,0,41,11,4,3,2,59,9,7,6,1,0,9,2,282,88,77,30,25,24,1,43,19,4,33,1,48,49,63,50,1,0
2020-02-11,League Two,3067333,Colchester United,Grimsby Town,0.5692883895131086,0.352059925093633,0.07865168539325842,2,3,2,46,16,8,4,3,68,12,8,6,2,0,10,6,351,114,125,33,22,33,4,88,5,2,11,2,55,45,55,55,3,0,54,10,5,1,1,75,16,1,3,2,0,4,6,424,208,109,36,18,14,2,52,8,2,33,6,59,55,45,75,2,0
2020-02-11,League Two,3067334,Crewe Alexandra,Crawley Town,0.583596214511041,0.3280757097791798,0.08832807570977919,2,1,0,65,24,10,6,4,77,10,6,7,7,0,13,11,566,225,209,57,21,27,3,70,12,1,14,3,61,53,55,73,2,0,35,8,4,3,2,56,13,3,2,2,0,3,5,311,67,107,33,40,18,1,69,15,6,35,8,52,47,47,80,3,0
2020-02-11,League Two,3067335,Exeter City,Oldham Athletic,0.5689828801611279,0.3474320241691843,0.08358509566968782,5,1,0,54,14,9,1,0,71,5,11,3,2,0,9,5,441,141,170,35,26,21,0,50,9,1,19,3,44,57,44,60,1,0,46,11,4,1,0,67,11,3,6,1,0,3,8,388,135,126,41,25,32,0,82,11,2,25,3,43,43,56,50,1,1
2020-02-11,League Two,3067336,Forest Green Rovers,Port Vale,0.4272151898734177,0.43354430379746833,0.13924050632911392,2,3,2,57,17,6,3,2,68,7,6,4,7,0,12,5,377,98,157,28,20,26,2,50,6,1,9,1,57,58,30,43,1,0,43,7,5,5,2,65,28,1,2,0,0,6,1,292,76,113,32,19,18,0,59,12,7,39,4,66,42,70,62,3,2
2020-02-11,League Two,3067337,Leyton Orient,Mansfield Town,0.4489795918367347,0.4322820037105751,0.11873840445269017,2,1,0,66,14,3,1,1,71,15,5,7,4,1,8,6,487,156,188,37,12,22,2,94,4,0,13,4,72,57,42,100,2,0,34,9,5,1,0,51,19,5,4,0,0,7,2,248,52,75,26,31,26,2,61,12,3,24,2,71,43,58,75,1,0
2020-02-11,League Two,3067338,Morecambe,Macclesfield Town,0.46403712296983757,0.44779582366589327,0.08816705336426914,2,0,0,45,13,4,1,1,56,6,3,6,3,0,7,6,336,74,114,31,36,34,0,82,7,4,35,3,55,49,46,100,0,0,55,13,3,0,0,60,8,11,5,5,0,7,6,384,126,104,30,15,30,0,64,1,3,23,2,61,51,54,85,0,0
2020-02-11,League Two,3067339,Newport County,Walsall,0.4510108864696734,0.4354587869362364,0.11353032659409021,0,0,1,56,16,3,1,1,68,12,8,12,1,0,12,4,364,99,147,42,23,33,0,35,11,1,17,0,78,53,53,76,1,0,44,3,0,0,0,52,12,2,2,1,0,2,1,295,66,88,28,13,25,2,48,10,1,41,3,69,47,47,57,2,0
2020-02-11,League Two,3067340,Northampton Town,Swindon Town,0.3716129032258065,0.46580645161290324,0.1625806451612903,0,1,2,50,11,3,1,1,47,14,6,7,1,0,7,4,264,41,84,30,21,35,1,56,15,2,29,4,76,57,53,62,3,0,50,11,5,2,1,47,15,8,4,2,1,9,2,267,42,84,27,17,36,2,60,10,1,39,3,63,43,47,17,1,0
2020-02-11,League Two,3067341,Salford City,Plymouth Argyle,0.4056482670089859,0.42362002567394097,0.17073170731707318,2,3,2,48,21,6,2,2,64,12,5,13,2,0,16,5,395,102,149,36,32,31,4,78,14,7,17,2,77,57,62,53,1,0,52,14,5,1,0,64,11,5,2,7,0,6,8,429,161,115,22,12,19,1,70,11,2,24,4,53,43,38,56,3,0
2020-02-11,League Two,3067342,Scunthorpe United,Cambridge United,0.4444444444444444,0.4461538461538462,0.1094017094017094,0,2,2,60,14,4,0,0,68,6,3,7,3,0,8,6,465,178,138,18,20,51,4,46,8,0,11,2,72,56,56,58,0,0,40,6,4,1,0,53,14,3,2,0,0,4,2,313,73,92,20,21,27,2,61,8,3,18,4,57,44,44,38,0,0
2020-02-15,League Two,3067343,Cambridge United,Bradford City,0.4645669291338583,0.36220472440944884,0.1732283464566929,2,1,0,49,18,6,2,1,58,5,13,6,6,1,9,9,331,48,145,18,10,31,2,80,7,0,13,3,46,58,40,67,0,0,51,5,4,0,0,58,13,2,1,0,0,1,4,363,79,133,36,28,28,4,54,7,6,25,4,49,42,60,50,1,0
2020-02-15,League Two,3067344,Cheltenham Town,Leyton Orient,0.5822222222222222,0.32,0.09777777777777778,2,1,0,50,21,6,5,3,72,14,2,10,5,0,11,10,375,119,151,51,29,39,4,30,11,0,7,1,54,62,56,93,2,0,50,4,2,0,0,68,11,0,2,0,0,1,3,401,167,104,24,0,23,1,50,8,5,23,4,37,38,44,50,1,0
2020-02-15,League Two,3067345,Crawley Town,Carlisle United,0.5565217391304348,0.3217391304347826,0.12173913043478261,0,0,1,47,13,5,3,3,58,6,5,5,3,1,8,5,319,56,129,36,29,32,4,64,12,6,26,7,49,49,46,69,1,0,53,24,8,4,4,61,10,7,11,5,0,13,11,362,90,130,34,16,30,0,69,15,2,19,5,53,51,54,92,3,0
2020-02-15,League Two,3067346,Grimsby Town,Morecambe,0.6745098039215687,0.2627450980392157,0.06274509803921569,2,1,0,67,21,7,1,1,79,7,11,9,5,0,12,9,537,231,191,44,36,27,2,70,5,0,8,2,45,57,51,53,0,0,33,9,3,0,0,59,8,1,6,0,0,3,6,272,78,82,21,0,32,1,83,6,5,22,5,37,43,49,60,0,0
2020-02-15,League Two,3067347,Macclesfield Town,Exeter City,0.24702380952380953,0.3958333333333333,0.35714285714285715,2,3,2,46,17,3,0,0,53,10,3,6,8,0,11,6,300,59,101,34,21,18,3,50,15,1,23,7,55,46,59,43,1,0,54,16,10,2,0,62,9,3,5,1,0,10,6,360,107,117,22,12,30,2,42,14,8,13,1,52,54,41,100,2,0
2020-02-15,League Two,3067348,Mansfield Town,Newport County,0.5163043478260869,0.33695652173913043,0.14673913043478262,1,0,0,47,13,6,1,1,48,10,3,3,4,0,6,7,259,50,75,27,21,37,1,79,12,1,20,0,67,67,46,100,2,0,53,7,0,0,0,56,12,4,6,1,0,2,5,289,73,88,27,40,32,4,80,14,4,21,5,49,33,54,64,2,0
2020-02-15,League Two,3067349,Oldham Athletic,Forest Green Rovers,0.42408376963350786,0.35602094240837695,0.2198952879581152,1,1,1,33,9,2,0,0,71,18,7,3,4,1,2,7,295,93,115,28,20,19,2,57,6,5,19,5,22,25,42,36,1,0,67,17,6,1,1,84,4,7,6,5,1,6,11,612,250,266,43,19,21,2,78,8,4,11,1,54,75,58,80,1,0
2020-02-15,League Two,3067350,Plymouth Argyle,Crewe Alexandra,0.5721271393643031,0.3080684596577017,0.1198044009779951,2,1,0,49,11,4,3,1,72,7,4,4,3,0,9,2,373,130,137,27,41,31,4,60,3,6,26,1,42,53,52,40,0,0,51,15,2,3,3,73,9,7,7,6,1,8,7,392,149,138,44,10,33,1,64,9,3,22,2,38,47,48,71,1,0
2020-02-15,League Two,3067351,Port Vale,Colchester United,0.4125560538116592,0.40358744394618834,0.18385650224215247,3,0,0,45,13,5,1,0,65,14,7,5,3,0,8,5,289,68,121,38,18,29,1,79,11,2,18,0,47,48,45,75,4,0,55,6,1,1,1,72,9,10,4,1,0,6,0,364,155,107,25,23,29,3,50,6,3,17,2,53,52,55,55,2,0
2020-02-15,League Two,3067352,Stevenage,Salford City,0.26765799256505574,0.4200743494423792,0.31226765799256506,0,1,2,61,23,4,0,0,72,14,13,6,13,0,8,15,418,123,177,40,17,37,1,67,9,1,6,3,56,51,49,70,2,0,39,9,4,1,0,57,9,2,4,1,0,6,3,276,60,97,28,33,29,0,46,14,12,47,4,56,49,51,44,4,0
2020-02-15,League Two,3067354,Walsall,Northampton Town,0.4097560975609756,0.36097560975609755,0.22926829268292684,3,2,0,58,11,4,1,1,69,12,6,3,4,0,9,2,373,91,167,44,21,34,2,71,5,5,29,3,59,47,56,50,0,0,42,14,5,2,0,56,18,5,4,5,0,11,3,271,43,108,30,25,23,1,65,11,4,26,2,55,53,44,50,3,0
2020-02-18,League Two,3067205,Macclesfield Town,Plymouth Argyle,0.24972375690607734,0.45193370165745855,0.2983425414364641,1,1,1,29,13,6,2,1,51,12,3,3,4,0,9,4,250,43,85,30,25,35,1,73,9,6,34,2,51,46,44,63,3,0,71,15,3,1,0,76,3,8,6,6,0,7,8,611,261,206,27,22,31,1,42,4,4,19,5,62,54,56,50,1,0
2020-02-22,League Two,3067355,Carlisle United,Morecambe,0.6147186147186147,0.31601731601731603,0.06926406926406926,2,2,1,60,19,7,1,1,68,17,11,7,5,0,10,9,336,88,139,44,23,24,0,67,6,3,13,5,41,34,47,29,3,0,40,15,7,0,0,45,13,5,5,3,0,4,11,240,45,64,29,27,25,1,57,5,4,23,5,65,66,53,43,1,0
2020-02-22,League Two,3067356,Cheltenham Town,Mansfield Town,0.6334661354581673,0.27091633466135456,0.09561752988047809,1,0,0,59,14,2,2,1,67,10,4,9,3,0,9,5,433,129,161,34,15,32,4,61,8,4,25,2,62,49,48,58,3,0,41,12,2,1,1,49,8,4,5,5,0,6,6,291,66,76,25,33,29,3,70,13,3,16,1,65,51,52,50,0,0
2020-02-22,League Two,3067357,Crawley Town,Stevenage,0.6732283464566929,0.2637795275590551,0.06299212598425197,2,0,0,40,15,7,4,3,58,10,4,4,4,2,10,5,288,63,103,39,22,20,3,55,13,4,25,3,68,45,57,50,2,0,60,12,3,0,0,70,8,11,5,4,0,5,7,421,118,178,36,12,34,2,54,6,3,7,5,66,55,43,68,2,0
2020-02-22,League Two,3067358,Crewe Alexandra,Macclesfield FC,0.731829573934837,0.21553884711779447,0.05263157894736842,2,0,0,61,13,5,2,0,71,6,6,6,2,1,9,4,519,209,157,49,23,26,3,60,9,3,19,4,65,55,47,90,2,0,39,13,4,1,1,56,11,6,6,3,0,8,5,319,74,106,33,33,24,1,50,17,2,20,3,63,45,53,73,1,0
2020-02-22,League Two,3067359,Leyton Orient,Oldham Athletic,0.6140350877192983,0.2982456140350877,0.08771929824561403,2,2,1,60,13,1,1,0,66,10,7,8,4,0,11,2,433,116,168,23,25,36,1,57,6,2,22,2,59,55,55,83,1,0,40,13,4,2,0,54,12,4,5,4,0,8,5,286,72,83,26,29,25,2,63,13,3,26,0,49,45,45,58,3,0
2020-02-22,League Two,3067360,Newport County,Bradford City,0.4672897196261682,0.35046728971962615,0.1822429906542056,2,1,0,44,16,5,0,0,51,10,3,7,4,0,9,7,260,38,94,24,19,28,0,75,5,4,29,3,50,43,52,40,2,0,56,15,4,1,1,56,8,10,7,4,0,13,2,311,62,111,34,41,37,2,56,15,4,15,3,53,58,48,50,2,0
2020-02-22,League Two,3067361,Northampton Town,Exeter City,0.36971830985915494,0.3626760563380282,0.2676056338028169,2,0,0,40,9,4,2,1,48,11,4,3,2,1,9,0,269,50,80,27,53,38,3,64,9,0,22,2,56,43,57,40,1,0,60,6,2,0,0,67,9,5,4,0,0,1,5,400,133,135,34,7,44,2,79,12,1,18,2,55,57,43,80,1,0
2020-02-22,League Two,3067362,Plymouth Argyle,Cambridge United,0.7126760563380282,0.22535211267605634,0.061971830985915494,0,0,1,63,14,1,1,1,77,10,5,4,9,0,11,3,559,175,258,37,41,28,3,100,8,2,11,0,40,45,49,50,1,0,37,8,0,1,1,62,10,0,6,2,0,5,3,336,79,128,19,9,22,3,77,13,9,29,1,45,55,51,0,2,0
2020-02-22,League Two,3067363,Salford City,Colchester United,0.5022222222222222,0.3511111111111111,0.14666666666666667,1,2,2,65,14,2,2,1,64,10,2,9,3,0,8,6,447,113,172,40,26,35,2,57,6,0,2,1,55,53,44,75,2,0,35,6,3,0,0,37,17,2,3,0,0,0,6,250,52,40,22,0,14,3,67,13,2,31,1,58,47,56,67,1,0
2020-02-22,League Two,3067364,Scunthorpe United,Forest Green Rovers,0.5058139534883721,0.36046511627906974,0.13372093023255813,1,0,0,39,7,5,0,0,60,15,1,2,0,0,5,2,337,93,109,24,29,26,0,57,22,4,16,1,55,46,58,46,4,0,61,8,1,1,1,71,10,11,3,4,0,1,7,508,195,168,30,14,39,1,57,11,0,5,4,57,54,42,40,1,0
2020-02-22,League Two,3067365,Swindon Town,Grimsby Town,0.6708860759493671,0.2552742616033755,0.07383966244725738,3,1,0,51,21,7,2,1,70,7,8,3,11,1,11,10,391,125,148,34,21,26,6,60,11,1,19,1,65,62,46,100,1,0,49,6,2,1,0,70,18,9,3,1,0,3,3,365,129,128,47,22,29,2,53,13,11,14,5,50,38,54,39,2,0
2020-02-22,League Two,3067366,Walsall,Port Vale,0.3783783783783784,0.45045045045045046,0.17117117117117117,2,2,1,55,19,6,5,3,71,8,4,8,5,0,13,6,410,119,174,33,18,33,2,27,12,3,30,2,79,58,53,50,0,0,45,9,4,1,0,54,16,6,2,3,0,6,3,345,74,114,27,14,26,2,67,6,4,17,4,64,42,47,50,0,0
2020-02-25,League Two,3067284,Cheltenham Town,Northampton Town,0.4947880472550382,0.39749826268241834,0.10771369006254343,2,1,0,56,16,7,3,2,63,10,8,4,5,0,10,6,333,92,117,29,18,32,2,45,6,1,32,2,63,47,47,63,3,0,44,12,3,0,0,55,15,7,8,1,1,7,5,256,54,86,30,21,27,3,53,8,6,30,4,71,53,53,50,4,0
2020-02-25,League Two,3067155,Grimsby Town,Newport County,0.44777209642074506,0.4360847333820307,0.11614317019722425,4,2,0,51,17,7,2,1,67,15,1,6,4,1,10,7,412,121,153,33,20,21,0,58,14,0,20,4,79,51,50,48,1,0,49,13,6,4,2,65,9,0,7,0,0,5,8,397,123,137,43,6,34,4,56,9,4,13,3,77,49,50,46,2,0
2020-02-29,League Two,3067367,Bradford City,Plymouth Argyle,0.3670212765957447,0.375,0.2579787234042553,2,1,0,46,19,6,2,2,60,14,8,6,7,0,8,11,289,60,112,39,15,25,3,47,10,5,19,3,52,47,55,11,1,0,54,14,3,1,1,61,14,3,6,5,0,11,3,352,84,132,32,18,26,2,56,1,7,15,4,52,53,45,60,1,2
2020-02-29,League Two,3067368,Cambridge United,Carlisle United,0.6567796610169492,0.25,0.09322033898305085,1,2,2,54,17,7,0,0,55,10,9,6,4,0,11,6,321,71,107,26,14,45,0,70,12,3,14,6,64,55,57,54,1,0,46,19,8,4,2,48,16,5,8,3,0,12,7,286,58,79,29,11,34,2,85,14,4,31,6,51,45,43,56,5,0
2020-02-29,League Two,3067369,Colchester United,Cheltenham Town,0.5243445692883895,0.3258426966292135,0.149812734082397,0,2,2,60,9,2,0,0,74,13,3,5,2,0,6,3,479,172,184,24,21,35,3,62,9,1,6,1,52,51,39,59,3,1,40,6,3,1,0,60,10,3,2,1,0,3,3,320,96,97,30,0,25,1,53,13,2,18,2,59,49,61,43,2,0
2020-02-29,League Two,3067370,Exeter City,Crawley Town,0.6905263157894737,0.22736842105263158,0.08210526315789474,1,1,1,64,12,2,2,2,76,7,6,8,2,2,8,4,489,170,203,42,16,43,0,63,12,2,6,2,64,56,55,92,1,0,36,8,3,3,2,58,10,2,3,2,0,5,3,295,63,108,26,43,28,2,71,15,2,25,1,51,44,45,50,0,0
2020-02-29,League Two,3067372,Grimsby Town,Northampton Town,0.5,0.31496062992125984,0.18503937007874016,0,3,2,63,22,4,3,3,75,11,7,8,10,0,11,11,425,161,158,42,17,26,0,100,11,2,32,5,55,42,44,54,1,0,37,14,8,2,1,55,12,9,4,2,0,11,3,235,39,91,32,10,26,3,39,20,10,27,4,73,58,56,91,0,0
2020-02-29,League Two,3067373,Macclesfield Town,Salford City,0.2488479262672811,0.46543778801843316,0.2857142857142857,0,2,2,50,13,1,2,2,54,10,9,7,5,0,8,5,338,66,117,24,26,27,0,71,10,3,28,3,61,53,42,50,1,0,50,12,5,1,1,57,8,6,4,3,0,5,7,348,77,122,30,0,34,0,57,9,5,42,2,67,47,58,47,1,0
2020-02-29,League Two,3067375,Morecambe,Crewe Alexandra,0.18435754189944134,0.4441340782122905,0.3715083798882682,1,1,1,39,11,5,1,1,72,10,7,4,2,1,7,4,331,107,132,33,37,24,2,69,3,4,21,5,39,43,39,88,1,1,61,21,6,5,4,80,5,10,9,6,2,15,6,519,246,170,43,32,25,1,64,17,2,21,4,55,57,61,57,0,0
2020-02-29,League Two,3067376,Oldham Athletic,Newport County,0.5531914893617021,0.3723404255319149,0.07446808510638298,5,0,0,51,18,8,3,0,76,7,4,6,4,2,14,4,429,160,168,42,38,25,0,74,12,2,22,1,54,56,65,65,0,0,49,8,1,0,0,73,9,4,5,2,0,3,5,411,138,164,45,15,34,2,58,11,3,17,3,38,44,35,38,1,0
2020-02-29,League Two,3067377,Port Vale,Scunthorpe United,0.7111913357400722,0.20938628158844766,0.07942238267148015,2,2,1,49,7,4,1,0,61,8,3,2,1,0,4,3,384,100,135,31,16,29,3,92,13,3,7,1,44,39,42,80,0,0,51,12,3,2,0,63,8,5,6,3,0,6,6,415,168,94,18,30,31,4,68,9,1,21,2,66,61,58,75,0,0
2020-03-03,League Two,3067250,Exeter City,Crewe Alexandra,0.5207166853303471,0.3807390817469205,0.09854423292273236,1,1,1,48,13,3,2,1,57,16,9,3,7,0,10,3,354,48,153,23,19,32,0,89,4,2,13,0,38,33,34,44,1,0,52,7,1,0,0,62,8,2,4,2,0,4,3,393,148,97,39,27,25,4,68,7,7,32,2,75,67,66,67,1,0
2020-03-03,League Two,3067148,Plymouth Argyle,Grimsby Town,0.589556135770235,0.3258485639686684,0.0845953002610966,3,0,0,48,16,7,7,4,72,12,5,5,4,3,12,4,464,206,126,22,31,25,4,63,5,3,13,3,64,59,47,100,1,0,52,12,3,0,0,75,16,6,6,3,0,6,6,483,165,198,31,20,22,4,83,14,4,13,4,57,41,53,43,1,0
2020-03-03,League Two,3067353,Swindon Town,Scunthorpe United,0.623228166438043,0.3004115226337449,0.07636031092821216,2,0,0,65,6,4,2,1,77,12,2,2,0,1,4,2,585,244,206,43,21,33,2,65,16,1,6,5,62,53,66,69,0,0,35,9,5,0,0,62,11,4,3,1,0,1,8,315,108,86,22,0,25,4,81,13,0,15,2,47,47,34,54,2,0
2020-03-07,League Two,3067388,Scunthorpe United,Grimsby Town,0.48,0.376,0.144,0,2,2,51,9,0,0,0,47,13,7,5,4,0,7,2,293,60,79,18,18,50,2,77,7,6,20,1,60,46,45,31,3,1,49,14,3,3,1,51,7,4,5,6,0,6,8,279,52,89,16,29,36,1,67,6,4,16,0,71,54,55,23,3,0
2020-03-07,League Two,3067379,Carlisle United,Colchester United,0.4511627906976744,0.3674418604651163,0.1813953488372093,0,3,2,44,10,3,1,1,64,12,2,4,3,0,2,8,324,101,106,34,22,20,1,78,11,3,24,7,60,50,42,65,1,0,56,19,10,2,1,66,11,6,6,3,1,10,9,401,112,154,38,25,28,2,41,11,3,9,4,68,50,58,44,0,0
2020-03-07,League Two,3067380,Cheltenham Town,Port Vale,0.6296296296296297,0.2814814814814815,0.08888888888888889,0,0,1,46,7,1,1,1,62,6,5,2,4,0,6,1,359,100,121,31,17,29,4,93,9,1,19,2,62,55,52,36,1,0,54,12,2,1,1,67,13,1,9,1,1,6,6,428,121,165,35,29,28,1,77,11,5,14,0,55,45,48,75,1,0
2020-03-07,League Two,3067381,Crawley Town,Oldham Athletic,0.4973821989528796,0.36649214659685864,0.13612565445026178,3,0,0,37,18,4,3,1,67,10,6,10,4,0,12,6,306,47,157,39,19,23,2,61,15,8,10,5,47,48,40,100,2,0,63,18,5,2,2,79,6,1,5,8,0,8,10,539,251,175,43,10,24,1,69,8,4,18,1,58,52,60,56,0,0
2020-03-07,League Two,3067382,Crewe Alexandra,Stevenage,0.688034188034188,0.25,0.06196581196581197,3,1,0,64,17,9,2,1,80,3,9,4,4,1,12,5,558,281,163,53,15,25,2,67,6,2,9,1,47,53,50,78,0,0,36,10,2,0,0,62,10,1,4,4,0,3,7,306,63,128,35,14,25,1,84,7,4,18,6,44,47,50,50,2,0
2020-03-07,League 2,3067383,Leyton Orient,Cambridge United,0.5364583333333334,0.3072916666666667,0.15625,2,1,0,54,17,8,5,4,65,13,5,6,3,0,11,6,374,105,139,39,22,28,1,53,15,0,14,2,71,54,51,75,0,0,46,11,3,2,1,62,15,5,5,3,1,8,3,319,75,122,32,28,15,0,86,15,0,19,6,64,46,49,67,0,0
2020-03-07,League Two,3067384,Newport County,Morecambe,0.5678391959798995,0.2864321608040201,0.1457286432160804,1,0,0,53,14,6,0,0,56,11,5,5,3,0,7,7,311,54,120,43,25,24,1,60,9,2,31,1,73,59,57,67,2,0,47,4,2,1,1,52,18,6,1,1,0,2,2,277,66,78,18,7,32,2,50,5,3,28,5,53,41,43,100,2,0
2020-03-07,League Two,3067385,Northampton Town,Mansfield Town,0.678714859437751,0.24096385542168675,0.08032128514056225,1,2,2,55,18,6,1,1,53,16,7,9,3,0,13,5,240,38,88,34,50,31,0,100,7,1,13,5,68,51,60,50,5,1,45,14,7,4,2,49,15,2,6,1,0,10,4,204,30,69,40,40,21,1,44,5,3,33,5,53,49,40,50,1,0
2020-03-07,League Two,3067386,Plymouth Argyle,Macclesfield Town,0.727710843373494,0.20963855421686747,0.06265060240963856,3,0,0,60,27,10,4,2,75,5,13,8,9,1,15,12,424,123,195,26,40,29,0,88,3,3,25,5,45,57,39,75,0,0,40,9,6,3,3,62,16,4,1,2,0,5,4,286,73,105,30,11,22,1,57,13,8,20,7,47,43,61,71,1,0
2020-03-07,League Two,3067387,Salford City,Bradford City,0.5530973451327433,0.3008849557522124,0.14601769911504425,2,0,0,46,13,3,1,1,61,9,3,6,4,0,6,7,393,106,135,30,23,37,1,59,4,3,26,2,60,51,45,67,1,0,54,11,2,1,1,63,9,4,6,3,0,7,4,453,120,166,28,22,36,0,64,3,4,17,1,66,49,55,44,0,0
2020-03-07,League Two,3067389,Swindon Town,Forest Green Rovers,0.7068607068607069,0.22245322245322247,0.07068607068607069,0,2,2,64,16,3,3,3,80,12,5,6,7,2,9,7,502,171,229,50,17,32,1,83,14,1,2,0,55,51,49,67,2,0,36,4,2,2,0,59,16,1,1,1,0,2,2,282,86,79,26,36,18,6,76,14,6,26,3,55,49,51,60,3,0
2020-03-07,League Two,3067390,Walsall,Exeter City,0.3222591362126246,0.3920265780730897,0.2857142857142857,3,1,0,46,20,6,5,2,61,8,5,7,7,0,12,8,325,82,115,37,25,30,2,76,7,4,26,1,62,56,43,79,2,0,54,9,2,1,0,64,9,4,3,4,0,5,4,379,90,151,27,12,36,2,60,6,7,23,3,63,44,57,46,2,0
2020-03-10,League Two,3067247,Carlisle United,Newport County,0.3719869706840391,0.47296416938110747,0.15504885993485343,2,0,0,54,16,5,3,2,64,15,8,3,8,0,8,8,349,80,144,23,24,30,0,73,6,5,18,1,45,45,44,91,2,0,46,9,1,1,1,61,7,4,3,5,0,4,5,310,93,96,31,33,19,1,55,7,7,34,3,56,55,56,50,1,1
2020-06-18,League Two Playoff,3337734,Colchester United,Exeter City,0.4652730950775455,0.38840188806473364,0.14632501685772084,1,0,0,42,10,2,0,0,61,14,6,2,6,0,7,3,282,71,100,26,36,22,4,53,8,4,22,0,70,54,55,57,1,0,58,8,0,0,0,70,13,6,4,4,0,4,4,399,139,141,23,16,30,1,90,8,6,25,1,59,46,45,44,1,0
2020-06-18,League Two Playoff,3337736,Northampton Town,Cheltenham Town,0.477039067854695,0.36874571624400276,0.15421521590130227,0,2,2,44,17,6,2,2,53,19,9,3,8,0,13,4,256,56,79,32,15,30,1,38,8,2,15,2,73,42,55,33,1,0,56,10,4,1,0,67,12,3,4,2,0,7,3,329,119,100,29,17,23,2,57,7,8,32,5,71,58,45,53,1,0
2020-06-22,League Two Playoff,3337735,Exeter City,Colchester United,0.4349442379182156,0.40446096654275093,0.16059479553903347,3,1,0,53,20,6,4,3,67,20,6,9,5,1,15,5,443,93,205,34,25,44,2,79,8,8,37,5,82,49,43,55,1,0,47,21,6,2,1,65,18,6,6,9,0,13,8,395,104,151,41,18,43,3,59,12,5,31,3,98,51,57,67,2,0
2020-06-22,League Two Playoff,3337737,Cheltenham Town,Northampton Town,0.6717557251908397,0.1450381679389313,0.183206106870229,0,3,2,54,14,3,1,1,61,12,3,6,5,0,7,7,356,94,122,33,44,29,1,60,5,6,30,5,65,51,40,47,0,0,46,25,8,5,2,58,12,6,11,6,1,18,7,297,57,114,38,36,28,3,64,11,5,20,3,81,49,60,50,2,0
2020-06-29,League Two Playoff,3337738,Exeter City,Northampton Town,0.4648493543758967,0.36406025824964133,0.17109038737446197,0,4,2,60,8,1,0,0,74,14,5,3,4,0,5,3,325,100,140,39,13,22,1,60,2,2,31,6,69,50,42,47,1,1,40,21,10,4,1,56,18,7,8,3,0,17,4,211,32,86,38,37,26,3,81,7,4,19,2,84,50,58,40,2,0
