match_date,league_name,matchid,home_team,away_team,home_probability_win,draw_probability,away_probability_win,home_goals,away_goals,ftr,home_ball_possession,home_total_shots,home_shots_on_target,home_big_chances,home_big_misses,home_accurate_passes,home_fouls_commited,home_corners,home_shots_off_target,home_blocked_shots,home_hit_woodwork,home_shots_inside_box,home_shots_outside_box,home_passes,home_own_half,home_opposition_half,home_accurate_long_balls,home_accurate_crosses,home_throws,home_offsides,home_tackles_won,home_interceptions,home_blocks,home_clearances,home_keeper_save,home_duels_won,home_geround_duels_won,home_aerial_duels_won,home_successful_dribbles,home_yellow_cards,home_red_cards,away_ball_possession,away_total_shots,away_shots_on_target,away_big_chances,away_big_misses,away_accurate_passes,away_fouls_commited,away_corners,away_shots_off_target,away_blocked_shots,away_hit_woodwork,away_shots_inside_box,away_shots_outside_box,away_passes,away_own_half,away_opposition_half,away_accurate_long_balls,away_axxurate_crosses,away_throws,away_offsides,away_tackles_won,away_interceptions,away_blocks,away_clearances,away_keeper_save,away_duels_won,away_geround_duels_won,away_aerial_duels_won,away_successful_dribbles,away_yellow_cards,away_red_cards
2021-07-24,Ligue 2,3626208,SC Bastia,Nimes,0.38443935926773454,0.43554538520213576,0.18001525553012968,1,1,1,60,11,4,1,0,83,25,4,7,0,0,6,5,459,231,151,56,28,27,1,42,8,0,7,4,54,43,67,60,0,0,40,10,5,0,0,74,15,2,1,4,0,8,2,315,151,82,28,31,20,1,58,9,0,15,3,58,57,33,78,0,0
2021-07-24,Ligue 2,3626207,Amiens,Auxerre,0.36511627906976746,0.462015503875969,0.17286821705426356,1,2,2,46,10,4,2,1,77,12,9,3,3,0,7,3,366,193,88,34,29,22,5,78,6,0,12,3,47,51,33,67,0,0,54,12,5,2,1,82,18,5,6,1,0,8,4,428,219,130,51,22,27,0,54,14,0,22,3,56,49,67,85,0,0
2021-07-24,Ligue 2,3626209,Caen,Rodez,0.4606643356643357,0.4370629370629371,0.10227272727272728,4,0,0,48,13,5,2,1,82,16,2,3,5,0,6,7,379,183,127,48,20,18,2,47,11,3,25,7,54,55,51,42,1,0,52,15,7,1,1,81,13,8,5,3,0,7,8,405,157,173,66,33,31,3,58,11,5,9,1,47,45,49,21,2,0
2021-07-24,Ligue 2,3626211,Dunkerque,Quevilly,0.4301833568406206,0.44710860366713684,0.1227080394922426,1,1,1,60,7,3,1,0,79,18,5,3,1,0,6,1,437,223,124,52,19,30,1,52,12,0,8,2,67,57,41,63,0,0,40,5,3,1,0,64,27,5,1,1,0,4,1,290,107,78,35,17,28,0,77,17,0,18,2,60,43,59,58,0,0
2021-07-24,Ligue 2,3626212,Grenoble,Paris FC,0.3561030235162374,0.47928331466965285,0.16461366181410975,0,4,2,45,2,0,0,0,84,9,5,2,0,0,1,1,431,235,128,50,33,16,1,25,4,0,10,8,25,42,44,67,0,0,55,18,11,2,1,87,8,10,2,5,1,14,4,532,331,131,54,32,12,2,31,6,0,6,0,34,58,56,78,0,0
2021-07-24,Ligue 2,3626213,Le Havre,Guingamp,0.3904034896401309,0.4612868047982552,0.14830970556161396,0,0,1,46,14,4,4,4,76,14,4,5,5,0,7,7,393,149,150,49,29,29,0,68,12,5,14,3,63,53,42,44,1,0,54,16,3,1,1,81,23,5,8,5,0,8,8,452,239,127,58,29,19,5,56,13,4,16,4,63,47,58,53,2,0
2021-07-24,Ligue 2,3626214,Pau,Nancy,0.3611670020120724,0.48490945674044267,0.15392354124748492,2,1,0,46,15,8,2,2,68,22,2,4,3,0,10,5,314,127,87,36,36,18,6,72,12,4,14,1,68,48,44,50,2,0,54,11,2,0,0,69,23,5,5,4,0,7,4,368,113,141,45,39,20,0,62,5,3,6,6,78,52,56,65,1,1
2021-07-24,Ligue 2,3626215,Toulouse,AC Ajaccio,0.550755939524838,0.36861051115910726,0.08063354931605471,2,2,1,73,17,5,1,1,90,19,10,6,6,0,12,5,519,167,300,79,29,20,0,50,10,2,16,4,50,39,55,50,0,0,27,11,6,0,0,64,11,6,3,2,0,2,9,193,67,57,28,6,15,0,61,5,5,31,4,62,61,45,62,0,0
2021-07-24,Ligue 2,3626216,Valenciennes,Niort,0.42412935323383083,0.45149253731343286,0.12437810945273632,0,0,1,49,12,1,1,1,75,16,6,7,4,0,4,8,385,165,124,51,13,28,3,36,13,3,14,3,67,47,47,41,2,0,51,12,3,0,0,79,15,7,6,3,0,5,7,400,200,116,57,21,14,1,44,14,4,15,1,76,53,53,59,3,0
2021-07-26,Ligue 2,3626210,Dijon,Sochaux,0.49672727272727274,0.372,0.13127272727272726,1,3,2,49,9,1,0,0,83,13,2,4,4,0,6,3,382,225,92,55,36,23,4,70,7,3,12,3,58,50,58,57,2,0,51,13,6,7,5,80,20,2,4,3,0,10,3,394,192,122,42,20,26,3,63,12,4,9,0,53,50,42,92,2,0
2021-07-31,Ligue 2,3626221,Nimes,Dijon,0.4510108864696734,0.4331259720062208,0.11586314152410575,2,1,0,57,15,7,2,0,88,15,9,4,4,1,12,3,464,231,177,58,27,15,3,56,8,4,5,2,59,47,50,55,2,0,43,11,3,1,0,80,14,2,4,4,0,7,4,350,172,109,56,33,24,1,31,6,3,22,5,65,53,50,59,2,1
2021-07-31,Ligue 2,3626217,AC Ajaccio,Amiens,0.4543147208121827,0.4467005076142132,0.09898477157360407,3,1,0,44,16,3,1,0,75,14,7,8,5,0,7,9,307,131,98,42,24,29,2,70,9,1,15,0,50,43,48,54,0,0,56,6,1,2,1,79,13,2,3,2,0,4,2,394,169,142,56,20,30,0,32,12,5,16,0,61,57,52,73,0,0
2021-07-31,Ligue 2,3626219,Guingamp,Valenciennes,0.47394296951819076,0.43559488692232057,0.09046214355948869,1,1,1,64,11,2,0,0,80,21,5,5,4,0,10,1,541,281,154,40,26,34,3,62,11,2,7,1,60,50,43,38,4,0,36,7,2,2,2,66,19,3,3,2,0,4,3,309,105,98,35,30,16,2,53,18,4,18,1,66,50,57,33,2,0
2021-07-31,Ligue 2,3626220,Nancy,Toulouse,0.2576350822239624,0.47768206734534063,0.26468285043069695,0,4,2,58,13,3,0,0,76,12,7,5,5,0,6,7,432,176,153,48,23,38,4,93,4,1,6,4,57,55,38,58,0,0,42,12,8,6,3,70,17,4,3,1,0,11,1,325,148,79,44,50,19,5,63,14,5,19,3,59,45,62,33,2,0
2021-07-31,Ligue 2,3626222,Niort,Caen,0.3039918116683726,0.5005117707267144,0.195496417604913,0,1,2,63,6,3,0,0,88,18,6,2,1,1,4,2,625,384,166,41,10,14,1,77,8,0,9,2,67,61,40,69,0,0,37,9,3,0,0,81,25,3,2,4,0,5,4,361,192,100,48,8,20,3,57,8,0,9,3,52,39,60,46,0,0
2021-07-31,Ligue 2,3626223,Paris FC,Dunkerque,0.5487627365356623,0.3791848617176128,0.07205240174672489,2,1,0,58,12,7,2,2,82,14,9,3,2,0,8,4,474,253,138,55,33,26,2,40,10,0,12,1,43,48,46,44,0,0,42,8,2,1,0,75,18,3,3,3,0,4,4,347,176,85,34,12,15,0,44,12,0,13,5,48,52,54,57,0,0
2021-07-31,Ligue 2,3626225,Rodez,Pau,0.3786407766990291,0.4854368932038835,0.13592233009708737,1,0,0,37,8,5,0,0,68,9,5,3,0,0,5,3,257,75,100,55,13,24,0,63,10,0,15,2,53,52,54,40,0,1,63,6,2,0,0,81,12,3,4,0,0,3,3,462,198,178,35,25,20,2,67,9,0,17,4,47,48,46,42,2,1
2021-07-31,Ligue 2,3626226,Sochaux,Le Havre,0.481810115350488,0.43300798580301686,0.08518189884649512,0,2,2,66,12,3,1,1,84,8,8,6,3,1,5,7,607,278,230,57,12,30,3,55,6,2,4,2,63,54,64,60,3,0,34,10,4,2,0,69,9,3,4,2,0,4,6,319,108,112,35,25,18,0,57,9,3,32,3,49,46,36,56,0,0
2021-08-02,Ligue 2,3626218,Auxerre,Grenoble,0.5483568075117371,0.37652582159624415,0.07511737089201878,3,0,0,58,15,5,2,1,88,11,1,8,2,0,8,7,632,322,231,62,8,23,4,73,9,0,10,1,38,52,29,74,0,0,42,7,1,0,0,86,6,3,5,1,0,5,2,442,216,162,65,24,15,6,60,12,0,17,2,46,48,71,50,0,0
2021-08-07,Ligue 2,3626230,Caen,Sochaux,0.4610655737704918,0.4026639344262295,0.1362704918032787,1,2,2,49,15,5,1,1,80,13,3,4,6,0,8,7,383,175,131,49,12,30,0,43,9,3,18,5,53,43,49,43,0,1,51,17,7,2,0,81,10,7,7,3,0,7,10,406,172,155,38,32,17,1,62,11,6,26,4,66,57,51,75,1,0
2021-08-07,Ligue 2,3626227,Amiens,Quevilly,0.4574585635359116,0.4331491712707182,0.10939226519337017,1,3,2,65,11,3,1,1,77,18,6,5,3,0,5,6,491,173,206,53,25,28,1,47,13,0,11,2,62,40,69,38,0,0,35,11,5,2,1,59,15,1,4,2,1,9,2,276,96,68,30,33,17,2,37,13,0,23,2,65,60,31,40,0,0
2021-08-07,Ligue 2,3626228,Auxerre,AC Ajaccio,0.4876712328767123,0.4091324200913242,0.10319634703196347,0,0,1,69,8,2,1,1,82,13,6,3,3,0,4,4,560,292,167,69,11,32,4,71,8,0,6,1,52,48,54,54,0,0,31,5,1,0,0,61,13,2,4,0,0,5,0,255,102,54,25,20,20,3,50,11,0,28,2,52,52,46,46,0,0
2021-08-07,Ligue 2,3626231,Dijon,Rodez,0.5072859744990893,0.39344262295081966,0.09927140255009108,1,1,1,54,7,4,1,0,83,9,2,1,2,0,3,4,473,224,170,72,0,21,2,50,15,5,11,0,58,43,67,44,3,0,46,13,2,1,1,80,15,4,7,4,0,6,7,385,149,160,58,30,34,0,50,13,2,10,3,61,57,33,69,1,0
2021-08-07,Ligue 2,3626232,Dunkerque,Niort,0.42967542503863987,0.46213292117465227,0.10819165378670788,1,2,2,61,9,2,1,0,74,12,5,5,2,1,7,2,438,196,129,43,29,26,4,57,13,0,12,1,63,49,54,58,0,0,39,4,3,1,0,56,15,4,1,0,0,4,0,285,96,63,19,43,20,4,76,13,0,16,1,59,51,46,63,0,0
2021-08-07,Ligue 2,3626233,Grenoble,Guingamp,0.3521923620933522,0.4582743988684583,0.18953323903818953,0,0,1,43,9,4,0,0,80,11,3,3,2,0,2,7,401,193,127,59,9,25,1,54,15,2,11,1,46,41,59,46,2,0,57,8,1,0,0,85,9,3,4,3,0,5,3,538,253,203,53,14,30,1,75,10,1,11,4,57,59,41,79,2,1
2021-08-07,Ligue 2,3626234,Le Havre,Paris FC,0.30852105778648387,0.46131243878550443,0.23016650342801176,1,2,2,46,11,3,2,2,80,9,6,6,2,0,9,2,440,209,143,38,40,22,3,47,13,0,10,0,57,46,59,48,0,0,54,9,2,2,1,81,12,2,7,0,1,6,3,522,286,137,54,14,15,1,61,15,0,15,2,58,54,41,67,0,0
2021-08-07,Ligue 2,3626235,Pau,Toulouse,0.22807017543859648,0.47719298245614034,0.29473684210526313,0,1,2,47,14,4,1,1,79,7,4,7,3,0,8,6,400,135,180,52,22,32,2,80,12,2,12,1,58,48,33,56,1,0,53,4,2,0,0,82,13,1,0,2,0,3,1,471,260,126,58,0,22,1,33,14,3,22,4,72,52,67,67,1,0
2021-08-07,Ligue 2,3626236,Valenciennes,Nimes,0.3165938864628821,0.45087336244541487,0.23253275109170304,0,3,2,62,14,2,0,0,85,9,5,9,3,1,5,9,552,230,239,57,24,32,0,56,18,2,9,0,61,45,47,41,2,0,38,7,3,0,0,75,18,3,2,2,1,3,4,349,163,100,34,29,20,1,50,20,3,16,2,74,55,53,60,2,0
2021-08-11,Ligue 2,3626229,SC Bastia,Nancy,0.5087047353760445,0.3854456824512535,0.10584958217270195,1,1,1,45,7,4,2,1,68,18,3,1,2,0,5,2,314,136,77,36,23,35,0,50,16,8,12,4,55,41,52,50,2,0,55,19,4,1,1,77,11,3,5,10,0,5,14,383,160,133,42,10,26,2,44,12,3,9,2,71,59,48,60,1,0
2021-08-14,Ligue 2,3626246,Toulouse,SC Bastia,0.5900900900900901,0.33603603603603605,0.07387387387387387,1,0,0,49,13,2,1,0,82,8,2,8,3,1,8,5,434,204,154,45,22,14,1,38,14,0,18,3,50,52,50,70,0,0,51,7,3,0,0,82,15,2,2,2,0,2,5,437,225,134,38,6,23,2,50,4,0,10,1,48,48,50,65,0,0
2021-08-14,Ligue 2,3626238,Guingamp,Amiens,0.4874274661508704,0.3829787234042553,0.12959381044487428,0,2,2,64,13,5,0,0,83,17,16,7,1,0,6,7,484,216,186,52,20,35,2,57,11,3,13,0,55,51,51,73,3,0,36,9,2,2,0,71,14,4,3,4,0,5,4,285,106,97,33,23,16,1,71,12,1,27,5,53,49,49,57,2,0
2021-08-14,Ligue 2,3626239,Nancy,Valenciennes,0.41501103752759383,0.44150110375275936,0.1434878587196468,0,1,2,63,11,2,0,0,78,17,4,7,2,0,6,5,363,157,127,43,37,23,3,58,6,3,9,4,80,57,48,52,1,1,37,15,5,5,4,64,27,5,7,3,1,10,5,219,72,69,41,44,39,2,43,10,2,23,2,67,43,52,37,3,0
2021-08-14,Ligue 2,3626240,Nimes,Pau,0.5637181409295352,0.3523238380809595,0.08395802098950525,0,0,1,55,13,3,1,1,82,12,9,8,2,0,9,4,470,208,179,52,29,28,0,77,6,2,18,1,60,51,47,47,0,0,45,11,1,2,2,77,15,5,8,2,1,5,6,373,118,169,42,23,23,1,82,7,2,22,3,60,49,53,72,0,0
2021-08-14,Ligue 2,3626241,Niort,Grenoble,0.41292134831460675,0.4044943820224719,0.18258426966292135,1,0,0,52,11,4,0,0,83,11,5,4,3,0,5,6,411,196,144,56,25,21,2,69,5,0,11,1,50,51,42,58,0,0,48,12,1,3,3,81,12,6,9,2,0,7,5,367,169,128,66,32,26,3,64,9,0,12,3,54,49,58,69,0,0
2021-08-14,Ligue 2,3626243,Quevilly,Dijon,0.3471933471933472,0.4282744282744283,0.22453222453222454,2,1,0,30,18,5,3,2,64,17,2,8,5,1,9,9,223,57,86,33,43,25,3,68,13,1,25,5,70,56,48,68,1,0,70,11,5,0,0,83,18,6,5,1,0,7,4,528,250,186,63,17,33,3,77,6,5,11,3,60,44,52,68,3,0
2021-08-14,Ligue 2,3626244,Rodez,Le Havre,0.33246753246753247,0.4727272727272727,0.19480519480519481,0,0,1,51,10,2,0,0,81,15,3,5,3,0,4,6,385,149,164,69,12,23,3,80,2,1,5,0,53,49,55,50,1,0,49,5,0,1,1,76,13,1,4,1,0,4,1,369,153,129,50,27,19,1,75,6,3,18,2,50,51,45,67,1,0
2021-08-14,Ligue 2,3626245,Sochaux,Dunkerque,0.4926739926739927,0.4139194139194139,0.09340659340659341,1,0,0,52,11,2,3,3,79,16,4,6,3,0,6,5,399,203,112,43,20,27,0,37,5,6,25,2,47,43,36,40,2,0,48,13,2,1,1,74,10,10,5,6,1,8,5,356,132,133,47,27,17,1,50,13,3,11,2,69,57,64,65,3,0
2021-08-16,Ligue 2,3626242,Paris FC,Auxerre,0.5411629245826137,0.3667242371905584,0.09211283822682786,1,1,1,38,16,5,1,0,77,9,7,5,6,0,9,7,357,181,95,45,38,12,2,77,16,0,17,4,45,48,50,47,0,0,62,8,5,2,1,83,9,6,2,1,0,5,3,592,280,209,59,9,24,2,65,13,0,13,4,47,52,50,56,0,0
2021-08-18,Ligue 2,3626224,Quevilly,SC Bastia,0.3664079822616408,0.4606430155210643,0.1729490022172949,1,2,2,46,14,3,1,0,76,14,5,3,8,0,4,10,375,174,111,33,6,21,1,43,11,0,10,4,60,54,38,74,0,0,54,9,6,2,2,79,14,4,2,1,0,7,2,457,232,130,51,25,18,0,69,18,0,13,2,59,46,62,55,0,0
2021-08-21,Ligue 2,3626251,Dijon,Toulouse,0.3036238981390793,0.42703232125367285,0.2693437806072478,2,4,2,42,16,4,1,0,77,17,5,9,3,0,9,7,337,140,119,61,17,18,0,50,6,0,6,2,63,51,58,40,0,0,58,15,7,2,0,84,16,3,5,3,0,10,5,473,248,151,54,27,15,0,53,6,0,19,2,55,49,42,50,0,0
2021-08-21,Ligue 2,3626248,Amiens,Sochaux,0.3107344632768362,0.4350282485875706,0.2542372881355932,0,0,1,41,7,2,0,0,77,10,5,2,3,1,3,4,363,172,107,54,29,27,0,53,11,5,17,2,55,51,62,56,0,1,59,13,3,3,3,85,13,7,6,4,1,6,7,514,242,196,56,32,16,2,75,18,3,18,2,47,49,38,52,3,1
2021-08-21,Ligue 2,3626250,Caen,Nancy,0.5298507462686567,0.3656716417910448,0.1044776119402985,1,0,0,41,11,4,3,2,71,16,5,6,1,0,7,4,326,120,112,41,30,22,2,63,16,2,12,3,77,50,64,61,0,0,59,11,3,0,0,82,12,4,6,2,0,6,5,457,225,150,54,25,20,1,48,12,1,14,3,69,50,36,56,1,0
2021-08-21,Ligue 2,3626252,Dunkerque,Nimes,0.2570806100217865,0.4444444444444444,0.2984749455337691,0,2,2,44,8,2,1,1,67,19,5,6,0,0,6,2,327,98,120,38,39,15,2,73,11,0,6,5,58,45,49,50,0,0,56,9,7,2,0,80,18,4,2,0,0,5,4,433,226,120,53,38,19,6,33,16,0,20,1,67,55,51,73,0,0
2021-08-21,Ligue 2,3626253,Grenoble,Quevilly,0.4126984126984127,0.41496598639455784,0.17233560090702948,2,0,0,54,13,4,3,1,79,11,5,9,0,0,8,5,436,206,138,46,50,19,2,35,10,0,11,1,64,53,63,50,0,0,46,7,1,0,0,72,19,6,2,4,0,5,2,365,123,141,42,15,19,2,81,12,0,10,2,51,48,37,52,0,0
2021-08-21,Ligue 2,3626254,Le Havre,Niort,0.45478036175710596,0.4444444444444444,0.10077519379844961,2,1,0,40,14,5,2,1,74,16,6,6,3,0,6,8,317,134,100,51,25,22,1,35,13,0,18,2,59,52,45,67,0,0,60,8,3,1,1,82,17,1,5,0,0,7,1,493,265,141,50,23,27,3,56,15,0,13,3,60,48,55,65,0,0
2021-08-21,Ligue 2,3626255,Pau,SC Bastia,0.37,0.4525,0.1775,2,0,0,42,16,5,1,0,76,11,6,4,7,0,10,6,341,143,117,36,35,18,2,78,14,3,29,1,60,56,43,65,2,0,58,11,1,2,2,83,11,8,7,3,0,8,3,463,215,169,65,17,17,1,69,17,7,16,3,58,44,57,53,2,1
2021-08-21,Ligue 2,3626256,Valenciennes,Rodez,0.42896935933147634,0.42896935933147634,0.14206128133704735,1,4,2,58,10,3,1,0,83,15,5,5,2,0,6,4,429,227,127,57,15,26,0,50,11,1,11,5,47,52,46,60,2,1,42,13,9,1,0,81,15,7,3,1,0,8,5,317,116,141,60,24,12,1,45,11,2,19,2,47,48,54,54,3,0
2021-08-23,Ligue 2,3626249,Auxerre,Guingamp,0.49584026622296173,0.40099833610648916,0.10316139767054909,1,2,2,67,14,4,3,2,85,14,7,9,1,0,8,6,592,233,271,63,16,23,0,70,9,1,5,0,58,47,55,70,2,0,33,7,2,2,1,73,12,2,4,1,0,4,3,308,127,99,24,33,19,1,47,21,1,32,3,59,53,45,50,1,0
2021-08-25,Ligue 2,3626237,AC Ajaccio,Caen,0.3999322722654927,0.44632577040298,0.15374195733152726,2,0,0,47,11,4,3,1,77,23,2,5,2,1,8,3,400,186,123,38,19,23,2,50,9,2,8,1,48,43,50,61,0,0,53,7,1,1,1,82,7,1,4,2,0,5,2,454,226,145,50,45,23,3,46,12,2,12,2,59,57,50,62,0,0
2021-08-28,Ligue 2,3626260,Nimes,Caen,0.5102781136638452,0.37484885126964934,0.11487303506650544,0,0,1,50,9,2,1,1,82,13,6,5,2,1,7,2,443,205,158,55,0,16,4,59,7,0,9,1,58,55,44,39,0,0,50,9,1,1,1,79,16,2,5,3,0,6,3,447,216,135,44,29,23,0,57,12,0,14,2,52,45,56,26,0,0
2021-08-28,Ligue 2,3626266,Toulouse,Valenciennes,0.5985790408525755,0.327708703374778,0.07371225577264653,1,0,0,62,15,4,1,1,85,22,7,5,6,0,9,6,476,249,156,55,26,18,4,60,9,2,11,4,63,47,57,44,3,0,38,12,4,1,1,74,13,5,6,2,0,7,5,284,129,82,42,25,26,1,81,10,6,16,3,64,53,43,59,0,0
2021-08-28,Ligue 2,3626258,Guingamp,AC Ajaccio,0.40501043841336115,0.453027139874739,0.1419624217118998,1,1,1,53,8,3,0,0,80,13,8,3,2,0,6,2,420,201,133,52,20,40,4,50,11,1,14,3,67,51,50,50,0,0,47,8,4,1,0,75,17,5,3,1,0,5,3,374,139,141,37,33,20,2,72,19,3,13,1,65,49,50,60,0,0
2021-08-28,Ligue 2,3626259,Nancy,Auxerre,0.3257918552036199,0.41855203619909503,0.25565610859728505,1,4,2,54,17,4,2,1,78,9,7,7,6,0,12,5,409,180,140,43,23,19,4,75,3,5,17,4,68,60,68,74,1,0,46,17,8,6,2,73,14,7,4,5,0,13,4,356,130,130,46,38,20,1,31,14,6,17,3,41,40,32,83,2,0
2021-08-28,Ligue 2,3626261,Niort,Amiens,0.3659305993690852,0.4668769716088328,0.167192429022082,0,0,1,51,17,6,2,2,81,7,6,7,4,0,11,6,463,245,128,35,25,35,0,50,9,4,10,1,60,56,27,71,0,0,49,7,0,0,0,79,8,6,3,4,1,3,4,443,227,123,44,13,23,0,63,8,5,15,5,59,44,73,53,0,0
2021-08-28,Ligue 2,3626262,Pau,Dijon,0.4256198347107438,0.4049586776859504,0.16942148760330578,2,0,0,39,6,5,3,1,65,16,3,0,1,0,4,2,292,119,71,35,13,29,3,88,15,1,23,6,50,46,26,46,1,0,61,13,6,1,1,82,14,3,6,1,0,8,5,444,169,195,51,23,21,3,50,12,1,18,3,73,54,74,54,1,0
2021-08-28,Ligue 2,3626263,Quevilly,Paris FC,0.1906474820143885,0.44064748201438847,0.368705035971223,0,1,2,28,10,2,0,0,65,9,3,5,3,0,5,5,240,90,67,39,33,10,1,57,18,0,25,6,46,49,55,39,0,0,72,24,7,3,2,86,12,7,11,6,0,14,10,637,254,294,62,23,17,1,56,14,0,13,2,45,51,45,56,0,0
2021-08-28,Ligue 2,3626264,Rodez,Dunkerque,0.49291784702549574,0.38526912181303113,0.12181303116147309,2,2,1,58,11,4,1,0,73,15,4,4,3,0,8,3,395,165,125,56,38,35,3,54,8,0,10,0,64,49,54,41,2,0,42,8,2,1,0,59,16,1,6,0,0,5,3,289,76,94,24,0,31,2,50,12,3,20,2,61,51,46,56,3,0
2021-08-28,Ligue 2,3626257,SC Bastia,Le Havre,0.43498817966903075,0.44680851063829785,0.1182033096926714,0,0,1,66,17,4,2,2,81,13,7,10,3,0,11,6,497,252,153,58,32,28,5,55,12,0,9,2,50,47,43,50,0,0,34,6,2,0,0,63,14,2,2,2,0,2,4,258,58,105,47,0,13,2,71,8,0,21,4,60,53,57,56,0,0
2021-08-28,Ligue 2,3626265,Sochaux,Grenoble,0.508130081300813,0.38414634146341464,0.10772357723577236,1,0,0,50,10,3,1,1,76,10,4,5,2,0,5,5,455,201,144,34,38,25,2,50,11,1,14,0,51,49,43,54,2,0,50,5,0,0,0,77,15,0,3,2,0,2,3,460,218,136,46,13,30,1,35,18,2,8,2,58,51,57,59,1,0
2021-09-11,Ligue 2,3626275,Paris FC,Guingamp,0.5441919191919192,0.35984848484848486,0.09595959595959595,0,1,2,52,18,11,2,2,84,17,8,3,4,0,12,6,458,188,195,75,31,21,2,59,9,0,6,1,53,45,48,36,0,0,48,5,2,1,0,82,12,1,2,1,0,3,2,438,235,123,59,8,20,4,58,17,4,17,11,63,55,52,59,0,0
2021-09-11,Ligue 2,3626267,AC Ajaccio,Sochaux,0.423728813559322,0.4206471494607088,0.15562403697996918,1,0,0,46,11,5,1,0,73,13,5,1,5,0,7,4,363,122,143,43,33,31,1,45,13,2,17,1,48,40,58,45,5,0,54,7,1,1,1,72,8,6,4,2,1,6,1,425,173,133,38,35,25,6,53,10,5,13,4,55,60,42,57,2,0
2021-09-11,Ligue 2,3626268,Amiens,Rodez,0.4585365853658537,0.4317073170731707,0.10975609756097561,0,1,2,64,13,1,1,1,82,13,1,11,1,0,6,7,547,218,232,64,42,21,0,59,12,1,11,3,64,53,63,61,2,0,36,14,5,2,2,69,10,4,8,1,0,9,5,305,105,105,47,47,20,2,83,17,1,15,1,49,47,37,29,2,0
2021-09-11,Ligue 2,3626269,Auxerre,Niort,0.5253940455341506,0.38353765323992994,0.09106830122591944,4,0,0,61,13,6,3,1,85,10,6,5,2,0,9,4,608,309,206,65,17,25,3,53,10,0,14,5,55,49,57,67,0,0,39,13,5,1,1,76,6,2,4,4,0,7,6,384,175,118,20,29,22,3,62,12,0,20,3,51,51,43,54,0,0
2021-09-11,Ligue 2,3626270,Caen,Pau,0.4955947136563877,0.4008810572687225,0.10352422907488987,1,2,2,53,16,6,2,1,85,12,5,9,1,0,7,9,456,197,189,64,32,25,0,69,6,1,12,3,61,49,59,47,1,0,47,10,5,1,0,82,13,6,4,1,0,5,5,408,203,133,41,22,15,0,60,11,1,21,5,58,51,41,45,2,0
2021-09-11,Ligue 2,3626271,Dijon,SC Bastia,0.44569288389513106,0.4157303370786517,0.13857677902621723,2,1,0,46,9,3,1,0,73,16,6,2,4,0,6,3,327,119,121,38,10,14,0,82,4,0,15,4,62,49,48,50,0,0,54,12,5,2,1,79,13,4,6,1,0,6,6,393,190,121,50,6,21,2,77,10,0,27,1,65,51,52,54,0,0
2021-09-11,Ligue 2,3626272,Dunkerque,Nancy,0.38769230769230767,0.44,0.1723076923076923,0,0,1,59,19,3,0,0,73,25,6,12,4,0,11,8,393,115,172,57,20,32,0,56,6,1,9,7,75,52,51,62,3,0,41,12,6,3,3,67,23,3,5,1,0,8,4,280,106,81,37,33,18,2,61,6,4,13,3,69,48,49,36,2,1
2021-09-11,Ligue 2,3626273,Grenoble,Nimes,0.3168724279835391,0.43415637860082307,0.24897119341563786,2,1,0,58,17,2,3,2,82,11,12,12,3,0,9,8,441,158,205,58,38,22,0,50,8,1,15,2,60,52,59,33,0,0,42,9,3,1,1,78,15,3,5,1,1,6,3,330,137,122,51,27,15,0,56,8,3,28,0,52,48,41,55,0,0
2021-09-11,Ligue 2,3626276,Valenciennes,Quevilly,0.4475703324808184,0.4322250639386189,0.12020460358056266,1,2,2,55,7,1,2,1,78,17,4,3,3,0,4,3,372,174,118,56,15,28,2,71,7,1,20,2,64,44,57,44,2,0,45,13,3,4,3,73,16,5,8,2,2,8,5,302,125,96,48,19,20,5,77,11,3,21,0,71,56,43,43,3,0
2021-09-13,Ligue 2,3626274,Le Havre,Toulouse,0.24327720532797184,0.4483538577532043,0.30836893691882383,1,1,1,41,10,4,1,1,75,3,9,4,2,0,5,5,351,139,124,38,15,13,1,69,9,0,15,1,49,54,40,44,0,0,59,9,2,1,0,81,13,6,4,3,0,8,1,514,261,154,53,40,13,5,33,15,0,18,3,52,46,60,50,0,0
2021-09-14,Ligue 2,3626247,AC Ajaccio,Paris FC,0.3795423956931359,0.44504262000897266,0.17541498429789143,1,0,0,49,11,3,1,1,77,10,2,3,5,0,5,6,435,176,160,35,30,28,2,56,19,0,21,3,51,42,52,50,0,0,51,7,3,2,2,74,10,4,3,1,0,6,1,452,209,126,46,36,26,2,74,13,0,15,2,60,58,48,69,0,0
2021-09-18,Ligue 2,3626285,Sochaux,Paris FC,0.3548387096774194,0.4976958525345622,0.14746543778801843,2,0,0,47,12,4,2,1,78,10,3,5,3,0,7,5,417,234,93,43,15,29,5,63,20,1,16,2,48,53,50,44,1,0,53,6,2,0,0,74,13,3,3,1,0,3,3,472,184,167,54,24,21,0,56,13,4,7,2,44,47,50,38,2,0
2021-09-18,Ligue 2,3626286,Toulouse,Grenoble,0.6042966042966043,0.3264033264033264,0.0693000693000693,4,1,0,63,17,10,6,3,88,17,4,4,3,0,13,4,629,324,232,74,21,19,3,67,12,0,3,1,44,47,50,62,0,0,37,7,2,0,0,78,12,2,4,1,0,2,5,374,210,83,53,29,11,1,67,15,0,16,6,48,53,50,56,0,0
2021-09-18,Ligue 2,3626278,Dijon,Dunkerque,0.4967148488830486,0.4073587385019711,0.09592641261498029,2,0,0,48,14,5,3,2,69,18,8,5,4,0,7,7,335,132,100,39,24,28,5,53,6,0,10,3,52,47,51,22,0,0,52,9,3,1,1,72,16,4,4,2,0,7,2,371,164,104,35,38,24,4,73,2,0,20,3,55,53,49,64,0,0
2021-09-18,Ligue 2,3626279,Nancy,Le Havre,0.3599290780141844,0.4698581560283688,0.1702127659574468,1,1,1,61,13,5,3,2,77,17,4,5,3,0,7,6,413,202,114,41,6,28,6,70,13,1,13,4,62,59,46,87,2,1,39,8,5,0,0,62,14,3,2,1,0,2,6,263,75,88,30,23,31,0,42,14,3,22,4,49,41,54,63,2,0
2021-09-18,Ligue 2,3626280,Nimes,Amiens,0.5091185410334347,0.41641337386018235,0.07446808510638298,3,3,1,46,12,6,1,0,77,19,3,6,0,0,5,7,354,150,122,31,31,23,1,67,15,1,25,4,46,50,37,58,0,0,54,16,7,3,1,78,14,6,7,2,1,13,3,416,171,153,48,29,27,0,78,14,0,16,3,54,50,63,64,0,0
2021-09-18,Ligue 2,3626281,Niort,Guingamp,0.32657657657657657,0.4864864864864865,0.18693693693693694,2,0,0,41,10,4,1,0,76,11,3,4,2,1,5,5,335,151,102,36,9,30,2,69,2,5,25,2,66,53,52,63,2,0,59,10,3,2,2,82,19,5,3,4,0,6,4,480,236,159,38,20,29,4,61,14,2,10,2,59,47,48,69,3,0
2021-09-18,Ligue 2,3626282,Pau,Valenciennes,0.4940374787052811,0.39522998296422485,0.11073253833049404,1,1,1,46,6,3,2,1,83,15,6,1,2,0,6,0,397,200,128,51,19,20,3,69,7,3,21,3,47,55,30,55,4,0,54,15,4,1,1,86,15,5,8,3,0,12,3,468,227,174,53,36,16,0,64,7,2,20,3,49,45,70,50,2,0
2021-09-18,Ligue 2,3626283,Quevilly,Auxerre,0.28191489361702127,0.4450354609929078,0.2730496453900709,0,0,1,30,8,4,1,1,66,18,1,2,2,0,8,0,260,117,55,31,20,22,3,47,7,0,30,3,43,46,44,46,0,0,70,11,3,1,1,84,13,4,4,4,0,7,4,616,311,209,47,30,24,3,80,8,0,8,4,52,54,56,43,0,0
2021-09-18,Ligue 2,3626284,Rodez,AC Ajaccio,0.31433224755700323,0.43159609120521175,0.254071661237785,0,2,2,58,15,7,0,0,78,5,5,5,3,0,7,8,479,158,216,61,22,37,0,67,14,1,9,1,60,58,60,50,0,0,42,6,3,2,0,71,15,3,2,1,0,5,1,366,165,94,34,30,31,0,64,9,3,37,7,42,42,40,29,3,0
2021-09-18,Ligue 2,3626277,SC Bastia,Caen,0.3776978417266187,0.4676258992805755,0.15467625899280577,1,1,1,47,4,3,1,1,76,9,1,1,0,0,4,0,414,187,129,45,9,19,5,58,15,0,22,2,56,43,57,48,0,0,53,11,3,1,0,81,10,6,7,1,0,4,7,450,204,162,52,13,28,1,68,11,0,9,2,63,57,43,73,0,0
2021-09-21,Ligue 2,3626287,AC Ajaccio,Niort,0.5221380135620263,0.39170323095333065,0.086158755484643,0,0,1,61,12,6,4,4,80,19,5,5,1,0,7,5,440,189,162,57,13,22,0,75,7,2,8,1,58,42,54,41,0,0,39,5,1,1,1,76,15,1,2,2,0,2,3,288,122,96,46,17,15,2,85,10,1,30,6,65,58,46,53,0,0
2021-09-21,Ligue 2,3626288,Amiens,Pau,0.36486486486486486,0.4656019656019656,0.16953316953316952,2,2,1,48,10,4,0,0,79,11,7,1,5,1,8,2,406,175,147,60,21,15,0,61,13,2,21,4,54,55,57,50,0,0,52,11,6,4,3,85,17,7,3,2,0,8,3,434,210,158,36,15,16,2,60,8,4,22,2,43,45,43,53,2,0
2021-09-21,Ligue 2,3626289,Auxerre,Rodez,0.4484356894553882,0.43858632676709153,0.11297798377752027,1,0,0,60,16,8,0,0,81,9,8,6,2,3,9,7,541,244,195,56,15,16,1,53,6,0,10,2,48,60,47,33,0,0,40,11,2,1,1,70,11,2,9,0,0,5,6,368,151,107,44,9,30,2,38,16,2,28,7,40,40,53,33,0,0
2021-09-21,Ligue 2,3626290,Caen,Dijon,0.40700483091787437,0.4571256038647343,0.1358695652173913,0,1,2,62,15,4,3,3,80,12,3,8,3,0,10,5,511,225,185,45,22,18,1,78,18,0,8,1,60,52,50,52,0,0,38,10,2,0,0,67,17,3,6,2,0,4,6,311,100,109,33,13,19,2,50,17,0,19,4,56,48,50,50,0,0
2021-09-21,Ligue 2,3626291,Dunkerque,Toulouse,0.20496649586125346,0.4509262908947576,0.34410721324398896,0,2,2,35,7,1,0,0,66,17,1,6,0,0,4,3,284,97,90,47,13,18,4,44,12,0,21,3,65,56,46,67,0,0,65,14,5,1,1,81,21,2,6,3,0,12,2,528,271,159,56,33,34,4,67,6,0,12,1,60,44,54,67,0,0
2021-09-21,Ligue 2,3626292,Grenoble,Nancy,0.4216417910447761,0.46492537313432836,0.11343283582089553,4,1,0,34,12,8,4,3,63,15,3,3,1,1,10,2,233,83,63,43,56,26,4,38,17,2,21,1,64,49,57,57,1,1,66,17,2,1,0,79,17,4,13,2,1,8,9,453,171,189,45,21,19,0,61,14,1,6,4,60,51,43,60,3,0
2021-09-21,Ligue 2,3626293,Guingamp,Sochaux,0.3368146214099217,0.4751958224543081,0.18798955613577023,1,2,2,58,17,3,0,0,80,17,5,9,5,1,11,6,413,203,128,62,35,24,4,56,9,0,16,0,67,56,65,67,5,0,42,5,2,3,1,76,18,2,3,0,0,4,1,301,145,83,42,14,22,2,63,8,4,22,2,48,44,35,75,5,0
2021-09-21,Ligue 2,3626294,Le Havre,Quevilly,0.42710795902285265,0.46887312844759654,0.10401891252955082,1,0,0,53,10,2,2,1,77,17,0,5,3,0,9,1,431,210,123,53,22,16,2,63,11,0,24,3,62,53,47,86,0,0,47,9,3,1,1,72,23,7,1,5,0,5,4,361,125,136,42,15,24,1,56,13,0,10,1,59,47,53,40,0,0
2021-09-21,Ligue 2,3626295,Paris FC,Nimes,0.42552026286966044,0.447973713033954,0.12650602409638553,2,0,0,39,13,6,3,3,77,14,3,4,3,0,10,3,402,140,168,39,0,18,2,50,10,0,16,1,42,52,32,60,0,0,61,7,1,4,4,88,9,3,5,1,0,4,3,619,290,256,64,16,16,1,67,15,0,10,4,49,48,68,42,0,0
2021-09-21,Ligue 2,3626296,Valenciennes,SC Bastia,0.3534351145038168,0.5015267175572519,0.1450381679389313,2,1,0,50,10,5,2,0,78,16,6,3,2,0,5,5,413,191,131,47,11,22,4,60,13,3,17,2,63,48,64,58,3,0,50,10,3,0,0,79,11,6,4,3,1,8,2,395,177,134,46,21,25,3,80,22,2,17,3,57,52,36,43,2,0
2021-09-24,Ligue 2,3626298,Dijon,Valenciennes,0.5023460410557185,0.4029325513196481,0.09472140762463344,0,1,2,59,19,5,3,3,78,17,12,11,3,2,14,5,519,198,207,53,30,29,0,70,12,1,3,2,71,55,59,82,2,0,41,6,3,0,0,72,18,1,2,1,0,3,3,374,177,91,30,33,18,3,53,23,2,21,5,55,45,41,36,4,0
2021-09-24,Ligue 2,3626299,Nancy,Amiens,0.3919639196391964,0.46781467814678146,0.14022140221402213,1,1,1,73,15,3,0,0,84,21,9,11,1,0,9,6,527,164,281,58,18,24,0,100,6,0,5,1,53,42,43,44,1,0,27,6,2,0,0,58,18,1,4,0,0,3,3,211,54,68,38,33,16,1,71,9,1,27,2,71,58,57,58,1,2
2021-09-24,Ligue 2,3626300,Nimes,Le Havre,0.42073416700282373,0.4376764824526019,0.14158935054457442,0,1,2,63,10,3,0,0,81,12,7,2,5,0,8,2,551,290,154,50,19,44,1,65,14,0,5,4,50,47,34,64,0,0,37,12,5,2,2,74,9,2,5,2,0,8,4,326,128,113,49,44,18,0,68,27,0,17,3,66,53,66,42,0,0
2021-09-24,Ligue 2,3626301,Niort,Paris FC,0.28895678742907027,0.46311654299432564,0.24792666957660411,4,1,0,38,9,5,1,0,76,14,0,3,1,0,6,3,339,178,81,35,14,9,1,33,20,0,28,7,47,45,44,57,0,0,62,23,9,5,4,85,12,9,10,4,1,18,5,537,205,253,65,41,18,1,44,7,0,6,1,58,55,56,50,0,0
2021-09-24,Ligue 2,3626302,Pau,Dunkerque,0.5070539419087137,0.3995850622406639,0.09336099585062241,1,2,2,68,25,9,4,4,88,19,5,8,8,0,13,12,562,223,272,64,29,24,3,31,10,1,4,1,44,49,50,67,1,2,32,6,3,1,0,72,8,1,2,1,0,5,1,282,97,106,46,25,17,0,83,7,8,38,7,45,51,50,60,5,2
2021-09-24,Ligue 2,3626303,Quevilly,Guingamp,0.3474232773595831,0.48176027793862186,0.17081644470179502,2,2,1,35,8,3,1,0,67,15,3,4,1,0,3,5,313,119,91,34,8,22,4,59,15,0,23,2,51,47,33,54,3,0,65,13,4,2,0,84,9,9,9,0,0,6,7,577,279,204,36,5,20,3,50,3,1,12,1,69,53,67,50,3,0
2021-09-24,Ligue 2,3626304,Rodez,Grenoble,0.3908831908831909,0.4666666666666667,0.14245014245014245,1,1,1,58,18,5,1,1,79,11,7,12,1,0,10,8,445,107,246,73,22,31,1,71,12,1,11,0,47,46,51,42,2,0,42,4,1,1,0,71,12,2,2,1,0,2,2,337,140,98,44,12,23,0,67,8,0,29,4,50,54,49,67,1,0
2021-09-24,Ligue 2,3626305,Sochaux,Auxerre,0.39611964430072755,0.44664510913500405,0.1572352465642684,0,0,1,51,12,4,2,2,78,12,4,6,2,0,8,4,421,203,127,31,14,22,1,80,11,1,10,2,46,46,53,56,0,0,49,6,1,0,0,74,12,5,4,1,2,3,3,406,173,129,38,6,28,0,63,9,2,20,4,49,54,47,71,2,0
2021-09-25,Ligue 2,3626297,SC Bastia,AC Ajaccio,0.28952772073921973,0.4517453798767967,0.2587268993839836,2,0,0,41,6,5,1,0,73,15,0,1,0,0,4,2,334,176,69,44,33,13,2,29,13,3,15,0,55,52,46,38,0,0,59,6,0,0,0,79,21,2,3,3,0,3,3,480,245,134,39,13,24,1,43,8,0,2,3,55,48,54,50,0,0
2021-09-27,Ligue 2,3626306,Toulouse,Caen,0.5592275532550268,0.35695799323113675,0.08381445351383636,2,3,2,68,20,5,3,2,88,16,6,10,5,0,10,10,570,218,283,69,35,19,1,47,6,0,7,2,55,49,50,52,0,0,32,10,4,3,2,69,13,3,5,1,1,8,2,274,91,98,38,17,19,0,38,13,0,17,3,57,51,50,56,0,0
2021-10-02,Ligue 2,3626308,Amiens,Toulouse,0.17926565874730022,0.380849532037437,0.4398848092152628,0,0,1,33,7,2,0,0,73,12,2,3,2,0,3,4,253,80,105,33,31,25,0,77,13,3,20,3,50,57,36,71,0,0,67,16,3,2,2,83,15,11,9,4,0,11,5,507,175,248,57,31,28,3,55,9,1,7,2,50,43,64,67,0,0
2021-10-02,Ligue 2,3626309,Auxerre,Nimes,0.4963144963144963,0.39803439803439805,0.10565110565110565,2,2,1,44,10,3,2,0,78,19,1,4,3,0,4,6,429,151,184,45,8,19,3,50,9,0,11,4,64,51,56,29,0,0,56,13,6,1,0,82,9,3,5,2,0,9,4,551,275,177,40,46,19,4,65,8,0,9,1,60,49,44,56,0,0
2021-10-02,Ligue 2,3626307,AC Ajaccio,Quevilly,0.5233160621761658,0.3844559585492228,0.0922279792746114,0,1,2,64,11,1,0,0,80,20,6,6,4,1,7,4,503,182,218,32,18,38,2,78,14,0,6,2,58,47,55,41,0,0,36,4,3,1,0,63,17,2,1,0,0,2,2,296,105,81,25,0,25,1,38,13,4,25,1,61,53,45,50,0,0
2021-10-02,Ligue 2,3626310,Caen,Valenciennes,0.453125,0.4114583333333333,0.13541666666666666,1,2,2,61,18,4,1,1,85,11,9,9,5,0,8,10,542,225,233,60,18,26,1,36,15,0,7,6,48,45,68,32,1,0,39,12,7,2,2,76,13,3,5,0,0,9,3,352,180,87,29,0,15,7,58,14,5,29,3,47,55,32,61,2,0
2021-10-02,Ligue 2,3626311,Dunkerque,SC Bastia,0.3088235294117647,0.4579831932773109,0.23319327731092437,2,0,0,47,9,6,2,0,74,12,4,3,0,0,5,4,382,136,145,50,18,30,1,55,22,0,13,1,59,56,70,82,0,0,53,7,1,1,1,78,18,3,5,1,0,3,4,430,229,105,51,26,31,3,40,11,0,16,4,39,44,30,64,0,0
2021-10-02,Ligue 2,3626312,Grenoble,Pau,0.4076086956521739,0.4420289855072464,0.1503623188405797,2,0,0,56,6,2,2,1,84,8,4,3,1,2,3,3,538,236,217,52,6,17,0,39,7,2,13,1,58,63,48,62,0,0,44,9,1,1,1,81,17,3,6,2,0,4,5,420,180,159,41,19,19,3,75,12,1,18,0,40,37,52,50,2,0
2021-10-02,Ligue 2,3626313,Guingamp,Rodez,0.4669260700389105,0.4280155642023346,0.10505836575875487,2,1,0,49,11,5,0,0,79,15,3,3,3,0,7,4,394,211,99,46,23,22,6,56,7,2,9,0,65,50,49,50,3,0,51,8,1,1,0,80,17,1,5,2,0,6,2,392,131,184,58,16,18,2,67,8,3,9,3,66,50,51,58,1,0
2021-10-02,Ligue 2,3626314,Le Havre,Dijon,0.43061516452074394,0.4105865522174535,0.15879828326180256,2,0,0,36,9,4,2,0,73,14,3,2,3,0,6,3,313,156,72,45,30,24,1,50,12,0,19,4,43,41,42,56,0,0,64,13,4,1,1,82,10,4,7,2,1,8,5,559,242,217,46,36,22,1,63,8,0,7,2,61,59,58,53,0,0
2021-10-02,Ligue 2,3626315,Paris FC,Nancy,0.5186960690316395,0.3691275167785235,0.11217641418983701,1,1,1,62,8,2,1,1,82,12,8,6,0,1,6,2,624,340,173,49,14,18,2,42,2,1,7,1,62,54,52,56,1,0,38,8,2,1,0,74,12,1,5,1,0,5,3,375,172,106,48,14,20,1,68,15,0,21,1,54,46,48,38,2,0
2021-10-02,Ligue 2,3626316,Sochaux,Niort,0.523972602739726,0.3812785388127854,0.09474885844748858,1,0,0,58,9,1,3,2,83,10,3,7,1,0,6,3,504,280,138,44,28,21,1,37,11,0,10,3,46,46,48,47,3,0,42,6,3,0,0,72,9,4,3,0,1,3,3,369,167,100,34,22,28,0,55,4,1,15,0,53,54,52,50,1,0
2021-10-16,Ligue 2,3626325,Toulouse,Auxerre,0.5409604519774012,0.3580508474576271,0.10098870056497175,6,0,0,54,15,7,3,1,85,15,8,5,3,0,11,4,479,209,196,52,27,18,5,42,16,0,7,1,41,44,72,28,0,0,46,5,1,0,0,82,11,2,2,2,1,1,4,426,194,157,56,14,16,6,81,12,0,16,1,41,56,28,46,0,0
2021-10-16,Ligue 2,3626318,Caen,Le Havre,0.3535714285714286,0.4297619047619048,0.21666666666666667,2,2,1,52,9,3,2,0,79,14,5,3,3,0,4,5,450,234,123,52,18,16,1,59,9,0,7,0,68,59,50,62,0,0,48,7,2,2,0,82,11,5,5,0,0,5,2,424,186,160,52,29,25,3,53,7,0,15,1,52,41,50,33,0,0
2021-10-16,Ligue 2,3626319,Dijon,Amiens,0.43580246913580245,0.4382716049382716,0.1259259259259259,1,0,0,45,9,3,0,0,72,12,2,5,1,0,5,4,386,151,128,35,13,26,0,41,9,3,18,0,58,54,45,79,0,0,55,12,0,0,0,81,10,3,9,3,0,7,5,454,173,196,54,36,27,4,55,11,1,16,2,55,46,55,65,0,0
2021-10-16,Ligue 2,3626320,Nancy,Guingamp,0.32436708860759494,0.4541139240506329,0.22151898734177214,2,1,0,51,16,5,2,1,81,18,7,6,5,0,9,7,405,201,128,49,27,19,3,50,11,0,13,2,58,47,55,53,1,1,49,6,3,2,1,77,16,5,3,0,1,5,1,385,184,113,46,25,15,1,55,13,5,17,3,61,53,45,50,4,0
2021-10-16,Ligue 2,3626322,Pau,Paris FC,0.2870967741935484,0.4693548387096774,0.2435483870967742,1,0,0,42,11,4,4,3,77,9,1,5,2,1,8,3,411,197,118,36,16,13,3,67,11,6,22,3,50,62,33,69,0,0,58,11,3,1,1,84,16,3,2,6,0,3,8,579,286,202,59,29,29,2,29,9,3,10,2,43,38,67,45,0,0
2021-10-16,Ligue 2,3626323,Quevilly,Niort,0.37272727272727274,0.45227272727272727,0.175,0,3,2,53,6,2,0,0,81,21,3,2,2,0,2,4,443,218,139,49,11,23,1,55,8,0,10,2,51,44,33,52,0,0,47,11,5,2,0,82,13,3,5,1,0,7,4,397,219,106,41,50,13,0,45,10,0,16,2,69,56,67,47,0,0
2021-10-16,Ligue 2,3626324,Rodez,Sochaux,0.2403560830860534,0.42433234421364985,0.3353115727002967,0,1,2,40,5,1,0,0,71,15,1,0,4,0,4,1,304,96,120,54,33,27,2,69,15,2,11,0,60,44,72,44,3,0,60,7,1,0,0,82,18,3,4,2,0,5,2,465,239,143,54,7,26,2,50,10,4,15,1,56,56,28,58,1,0
2021-10-16,Ligue 2,3626317,SC Bastia,Grenoble,0.39057239057239057,0.4511784511784512,0.15824915824915825,0,0,1,45,15,2,0,0,77,13,7,8,5,0,9,6,398,142,166,45,24,22,1,85,11,0,14,4,51,44,49,35,0,0,55,9,4,0,0,81,14,4,4,1,0,4,5,504,227,183,40,8,22,0,45,10,0,18,2,61,56,51,64,0,0
2021-10-16,Ligue 2,3626326,Valenciennes,Dunkerque,0.45789473684210524,0.4263157894736842,0.11578947368421053,1,3,2,71,18,3,1,1,86,16,9,10,5,1,16,2,517,219,224,72,28,32,2,38,7,0,8,3,55,52,47,67,3,0,29,8,6,2,0,62,20,2,2,0,0,4,4,223,65,74,40,50,17,1,40,7,5,39,2,54,48,53,67,4,0
2021-10-18,Ligue 2,3626321,Nimes,AC Ajaccio,0.3945163747143945,0.42777354658542777,0.17771007870017771,0,2,2,63,8,2,0,0,81,12,8,6,0,1,5,3,559,227,225,50,10,33,0,67,7,2,7,4,52,49,50,35,0,0,37,12,6,2,0,65,21,4,4,2,0,8,4,332,92,125,33,60,23,1,78,20,0,21,2,53,51,50,50,0,0
2021-10-23,Ligue 2,3626335,Paris FC,Toulouse,0.24850746268656718,0.3694029850746269,0.382089552238806,2,2,1,30,8,2,2,0,59,10,6,4,2,0,6,2,253,83,66,26,20,17,2,40,10,0,30,1,45,49,36,47,0,0,70,15,3,2,1,81,13,10,7,5,0,10,5,580,218,253,52,16,29,0,69,9,0,10,0,55,51,64,55,0,0
2021-10-23,Ligue 2,3626327,AC Ajaccio,Nancy,0.5310834813499112,0.35879218472468916,0.11012433392539965,2,0,0,50,12,4,3,2,76,10,5,6,2,1,9,3,419,172,147,44,31,29,1,62,7,0,18,1,64,52,51,39,1,0,50,6,1,0,0,77,17,2,5,0,0,5,1,426,228,102,45,25,28,2,61,12,2,12,2,59,48,49,59,1,0
2021-10-23,Ligue 2,3626328,Amiens,Valenciennes,0.3802083333333333,0.4427083333333333,0.17708333333333334,3,0,0,47,5,3,2,0,79,14,4,1,1,0,4,1,378,174,124,61,18,16,0,54,18,3,23,2,61,56,68,64,3,0,53,11,2,4,4,82,15,4,6,3,0,6,5,426,178,173,46,24,34,0,73,5,1,14,1,43,44,32,38,1,0
2021-10-23,Ligue 2,3626330,Dunkerque,Caen,0.32669322709163345,0.4362549800796813,0.23705179282868527,1,1,1,54,12,3,1,0,82,11,6,3,6,0,7,5,457,240,136,50,26,29,2,63,10,0,30,3,62,66,61,68,0,0,46,10,4,3,2,80,9,6,4,2,0,3,7,393,197,118,43,10,25,0,64,13,0,21,2,34,34,39,27,0,0
2021-10-23,Ligue 2,3626331,Grenoble,Dijon,0.4216666666666667,0.41,0.16833333333333333,1,2,2,50,6,1,0,0,76,4,5,4,1,0,1,5,423,206,116,51,21,31,4,60,17,0,12,6,61,48,59,38,0,0,50,24,8,3,2,77,12,5,12,4,1,17,7,436,172,164,39,24,22,1,56,16,0,19,0,58,53,41,50,0,0
2021-10-23,Ligue 2,3626332,Guingamp,Nimes,0.4214417744916821,0.4232902033271719,0.15526802218114602,3,1,0,46,23,8,4,1,78,10,8,9,6,1,12,11,388,147,155,60,24,23,1,67,8,1,14,0,53,41,72,53,1,0,54,6,1,1,0,79,7,6,4,1,1,4,2,466,237,133,38,33,28,1,76,12,6,13,6,52,59,28,65,4,0
2021-10-23,Ligue 2,3626333,Le Havre,Pau,0.49691358024691357,0.39351851851851855,0.1095679012345679,1,0,0,53,11,2,1,1,84,11,3,5,4,1,7,4,487,206,201,60,42,25,0,50,17,3,18,6,53,48,65,42,1,0,47,10,6,1,1,81,12,11,1,3,0,4,6,421,188,153,47,12,27,3,70,12,3,7,2,49,52,35,50,2,0
2021-10-23,Ligue 2,3626334,Niort,Rodez,0.4658273381294964,0.40467625899280574,0.12949640287769784,0,2,2,53,9,1,1,1,84,7,4,5,3,0,9,0,480,254,150,55,32,23,3,67,7,1,14,5,45,50,61,43,0,0,47,13,7,1,1,79,10,5,5,1,0,8,5,412,171,155,54,27,19,0,74,8,2,17,1,40,50,39,60,2,0
2021-10-23,Ligue 2,3626336,Sochaux,Quevilly,0.5361875637104995,0.3598369011213048,0.10397553516819572,1,1,1,71,9,4,3,2,84,15,7,2,3,0,7,2,633,321,211,42,0,24,3,57,11,1,6,2,61,46,52,43,2,0,29,7,3,1,1,58,14,0,3,1,0,4,3,265,70,83,22,0,25,3,71,15,3,14,3,67,54,48,52,2,0
2021-10-25,Ligue 2,3626329,Auxerre,SC Bastia,0.5079578569827393,0.38264963012777403,0.10939251288948666,1,0,0,55,6,4,1,1,76,10,1,1,1,0,4,2,531,248,157,32,11,36,0,47,20,0,16,3,52,43,40,56,0,0,45,10,3,0,0,73,10,3,5,2,0,5,5,425,176,135,42,11,17,5,75,13,0,10,3,72,57,60,63,0,0
2021-10-30,Ligue 2,3626345,Toulouse,Guingamp,0.5771428571428572,0.33650793650793653,0.08634920634920636,2,2,1,63,12,3,1,1,87,14,13,8,1,0,7,5,473,184,226,73,31,13,3,62,12,3,10,2,46,44,43,58,2,0,37,12,4,0,0,75,12,1,5,3,1,9,3,284,97,115,55,25,27,0,53,8,1,22,1,59,56,57,69,2,0
2021-10-30,Ligue 2,3626338,Caen,Grenoble,0.43923865300146414,0.4158125915080527,0.14494875549048317,0,1,2,58,11,3,0,0,82,11,5,6,2,0,10,1,556,222,236,54,21,31,2,55,12,0,3,4,56,45,66,61,0,0,42,11,5,3,3,79,7,1,3,3,0,10,1,414,223,106,43,38,23,3,62,23,0,23,3,55,55,34,78,0,0
2021-10-30,Ligue 2,3626339,Dijon,Paris FC,0.3922077922077922,0.4,0.2077922077922078,0,1,2,66,22,3,2,2,83,10,13,13,6,0,16,6,527,213,222,50,23,29,0,50,12,0,13,2,66,58,51,72,0,0,34,8,2,2,2,62,20,7,5,1,0,7,1,277,70,103,35,17,31,0,38,6,0,27,3,53,42,49,58,0,0
2021-10-30,Ligue 2,3626340,Dunkerque,Le Havre,0.24206349206349206,0.4603174603174603,0.2976190476190476,1,0,0,42,12,6,3,2,71,17,4,4,2,0,9,3,336,125,115,39,20,19,2,81,13,0,18,1,47,41,60,33,0,0,58,11,1,2,2,81,11,3,6,4,1,5,6,480,206,183,61,27,32,2,64,14,0,8,5,52,59,40,53,0,0
2021-10-30,Ligue 2,3626341,Nancy,Sochaux,0.2686762778505898,0.3656618610747051,0.3656618610747051,0,0,1,36,9,3,1,1,74,14,5,5,1,0,6,3,307,119,107,38,8,20,0,69,15,5,16,2,44,42,42,29,1,0,64,13,2,1,1,86,13,5,6,5,0,9,4,551,255,219,69,26,25,1,57,4,1,14,3,61,58,58,50,2,0
2021-10-30,Ligue 2,3626342,Nimes,Niort,0.41284403669724773,0.42935779816513764,0.1577981651376147,1,2,2,67,9,2,1,1,79,19,9,5,2,0,6,3,550,267,169,40,21,35,1,73,13,0,10,1,58,45,50,43,0,0,33,7,3,2,0,64,12,2,2,2,0,4,3,277,74,102,30,13,29,1,71,18,0,27,2,68,55,50,62,0,0
2021-10-30,Ligue 2,3626343,Pau,AC Ajaccio,0.26461038961038963,0.46266233766233766,0.2727272727272727,1,0,0,44,9,1,1,0,76,14,1,5,3,0,7,2,381,180,108,34,25,18,4,69,19,3,31,1,59,56,46,48,2,0,56,8,1,0,0,79,19,2,4,3,0,6,2,472,183,192,52,24,31,3,59,6,3,14,0,53,44,54,38,4,0
2021-10-30,Ligue 2,3626344,Rodez,Quevilly,0.41201716738197425,0.4613733905579399,0.12660944206008584,3,0,0,46,10,5,3,1,72,13,9,2,3,0,4,6,309,142,79,31,5,16,2,64,15,4,15,3,52,60,42,71,3,0,54,10,3,0,0,76,19,4,2,5,0,6,4,358,155,118,48,8,24,0,71,15,2,11,2,42,40,58,47,2,0
2021-10-30,Ligue 2,3626337,SC Bastia,Amiens,0.395985401459854,0.44525547445255476,0.15875912408759124,0,0,1,52,15,4,1,1,79,14,3,7,4,0,7,8,438,142,206,66,9,25,6,63,18,2,11,3,49,42,46,73,0,0,48,10,3,1,1,76,5,3,5,2,0,8,2,416,174,142,44,20,23,3,38,19,4,23,4,63,58,54,52,0,0
2021-11-01,Ligue 2,3626346,Valenciennes,Auxerre,0.301952580195258,0.4292189679218968,0.2688284518828452,1,2,2,48,11,4,0,0,77,14,5,5,2,0,8,3,408,160,154,43,23,33,4,65,12,4,12,7,67,51,67,50,0,0,52,18,9,1,0,79,11,5,5,4,1,12,6,439,165,182,39,42,22,1,48,11,1,26,3,54,49,33,50,0,0
2021-11-06,Ligue 2,3626359,Auxerre,Pau,0.49183895538628947,0.4015233949945593,0.10663764961915125,4,1,0,59,16,7,3,0,82,17,5,5,4,1,8,8,565,203,262,50,39,16,2,70,13,1,9,4,41,40,53,53,2,0,41,6,5,2,1,76,8,1,0,1,0,4,2,392,200,98,37,7,13,4,79,11,3,18,3,51,60,47,55,1,1
2021-11-06,Ligue 2,3626366,Sochaux,Nimes,0.5251046025104602,0.36506276150627615,0.1098326359832636,0,1,2,61,19,7,1,1,82,15,7,8,4,1,11,8,543,219,225,62,27,35,1,57,16,1,6,1,54,49,44,64,0,0,39,9,2,2,2,72,14,2,5,2,0,4,5,349,146,104,28,17,21,1,47,13,4,34,7,61,51,56,47,1,0
2021-11-06,Ligue 2,3626357,AC Ajaccio,Dijon,0.4745011086474501,0.3869179600886918,0.1385809312638581,1,0,0,51,17,6,6,5,62,18,8,8,3,1,10,7,317,104,91,38,26,26,3,85,13,2,17,1,67,44,52,25,0,0,49,4,1,0,0,60,19,4,1,2,0,2,2,310,101,84,33,16,40,3,83,9,3,20,5,73,56,48,63,0,0
2021-11-06,Ligue 2,3626358,Amiens,Caen,0.370242214532872,0.458477508650519,0.17128027681660898,0,0,1,56,6,3,0,0,81,19,0,3,0,0,1,5,576,252,215,54,0,16,2,56,25,0,11,1,66,50,57,67,0,0,44,4,1,1,1,76,22,2,3,0,0,3,1,453,180,165,39,22,16,2,40,17,0,8,3,62,50,43,57,0,0
2021-11-06,Ligue 2,3626360,Grenoble,Dunkerque,0.4609053497942387,0.4074074074074074,0.13168724279835392,1,0,0,64,13,9,4,3,89,27,4,1,3,0,5,8,573,248,260,71,21,32,1,50,9,0,8,0,43,38,45,36,0,0,36,2,0,0,0,75,11,0,2,0,0,0,2,330,131,116,57,0,13,1,56,7,0,29,7,65,62,55,73,0,0
2021-11-06,Ligue 2,3626361,Guingamp,SC Bastia,0.5105162523900574,0.3881453154875717,0.10133843212237094,2,3,2,70,18,3,2,1,86,11,10,10,5,0,7,11,565,247,240,64,29,24,0,100,1,1,8,0,60,50,53,63,1,0,30,7,3,2,0,67,15,2,3,1,0,4,3,254,89,81,41,13,9,2,63,10,5,44,2,57,50,47,89,3,0
2021-11-06,Ligue 2,3626362,Le Havre,Valenciennes,0.5346869712351946,0.36717428087986465,0.09813874788494077,0,0,1,56,11,2,2,2,79,9,9,5,4,0,4,7,485,214,171,56,19,33,1,38,11,1,9,3,44,41,57,13,0,0,44,5,3,0,0,76,13,4,1,1,0,2,3,381,187,103,33,0,17,1,73,18,4,16,2,52,59,43,53,1,0
2021-11-06,Ligue 2,3626363,Niort,Nancy,0.4918625678119349,0.3833634719710669,0.12477396021699819,1,3,2,58,13,5,2,2,82,14,8,5,3,0,8,5,499,216,191,55,25,26,1,65,12,1,17,2,68,50,53,70,1,0,42,8,5,3,1,73,13,5,2,1,0,7,1,363,143,121,42,18,25,0,60,12,3,14,5,66,50,47,55,2,0
2021-11-06,Ligue 2,3626364,Paris FC,Rodez,0.5095729013254786,0.39322533136966126,0.09720176730486009,1,0,0,54,8,2,2,1,80,13,0,4,2,0,4,4,454,199,165,46,25,22,2,67,7,3,25,2,47,51,49,70,1,0,46,7,2,1,1,79,13,6,2,3,0,4,3,376,152,145,59,27,25,2,63,13,2,15,1,47,49,51,67,2,1
2021-11-06,Ligue 2,3626365,Quevilly,Toulouse,0.20016339869281047,0.35049019607843135,0.4493464052287582,0,0,1,30,5,0,1,1,55,10,1,3,2,0,4,1,255,94,45,19,33,16,1,45,6,0,33,8,53,52,29,55,0,0,70,18,8,1,1,84,22,11,4,6,0,11,7,591,229,269,68,14,22,2,68,8,0,16,0,62,48,71,55,0,0
2021-11-20,Ligue 2,3626375,Toulouse,Sochaux,0.5389507154213037,0.3521462639109698,0.10890302066772654,4,1,0,60,12,6,5,3,79,14,8,3,3,0,9,3,481,248,131,42,31,21,5,61,4,1,8,6,47,50,71,57,1,0,40,13,7,1,0,74,8,4,5,1,0,6,7,326,136,106,33,0,25,1,70,15,2,13,2,37,50,29,50,3,0
2021-11-20,Ligue 2,3626368,Caen,Paris FC,0.29809104258443464,0.4419970631424376,0.2599118942731278,0,1,2,42,9,2,2,2,80,15,6,5,2,0,4,5,398,185,132,56,5,23,3,46,9,0,8,3,50,54,42,65,0,0,58,11,4,3,2,85,14,2,6,1,0,6,5,568,316,169,47,27,19,0,58,11,0,24,2,50,46,58,36,0,0
2021-11-20,Ligue 2,3626370,Dunkerque,AC Ajaccio,0.23826714801444043,0.427797833935018,0.33393501805054154,0,1,2,51,9,3,3,3,74,16,3,3,3,0,8,1,437,174,148,39,33,23,0,64,9,0,11,0,64,50,58,79,0,0,49,7,1,1,0,74,14,0,6,0,0,5,2,424,178,134,48,27,31,8,77,12,2,6,3,56,50,42,64,0,0
2021-11-20,Ligue 2,3626371,Le Havre,Amiens,0.46950092421441775,0.41035120147874304,0.12014787430683918,1,1,1,42,9,3,1,1,77,16,2,6,0,1,5,4,388,140,160,62,16,17,1,50,15,1,13,3,41,33,62,38,0,0,58,11,4,3,2,83,11,2,6,1,0,8,3,558,258,205,49,7,21,6,57,18,0,13,2,66,67,38,73,0,0
2021-11-20,Ligue 2,3626372,Nancy,Rodez,0.37524177949709864,0.4661508704061896,0.15860735009671179,0,2,2,68,14,4,2,2,84,12,5,7,3,1,10,4,587,270,222,51,35,25,2,73,9,1,11,4,60,60,51,42,1,0,32,13,6,3,2,71,14,3,6,1,0,9,4,280,92,106,36,33,25,2,64,19,3,23,4,46,40,49,32,1,0
2021-11-20,Ligue 2,3626373,Nimes,Quevilly,0.46435845213849286,0.42362525458248473,0.1120162932790224,2,1,0,52,9,3,2,0,72,16,4,5,1,0,6,3,408,179,114,45,31,20,3,88,15,0,29,4,56,52,35,39,0,0,48,25,5,1,0,67,19,9,11,9,1,18,7,355,122,116,45,41,29,2,67,22,0,11,1,65,48,65,53,0,0
2021-11-20,Ligue 2,3626374,Pau,Guingamp,0.36179775280898874,0.4696629213483146,0.16853932584269662,2,0,0,37,11,4,4,2,77,17,4,4,3,1,7,4,310,137,102,38,30,18,4,58,5,5,25,7,37,39,23,42,3,0,63,17,8,2,2,86,13,5,5,4,1,9,8,521,229,217,71,43,17,0,47,7,3,10,2,70,61,77,67,3,0
2021-11-20,Ligue 2,3626367,SC Bastia,Niort,0.37786259541984735,0.45610687022900764,0.16603053435114504,2,0,0,57,7,3,1,0,80,10,3,4,0,0,4,3,443,188,166,56,28,28,4,65,12,0,13,2,54,54,39,31,0,0,43,7,2,2,2,72,13,3,2,3,1,5,2,334,131,108,36,24,36,1,75,8,0,14,1,55,46,61,21,0,0
2021-11-20,Ligue 2,3626376,Valenciennes,Grenoble,0.36738703339882123,0.4538310412573674,0.1787819253438114,1,0,0,44,13,5,1,0,82,13,6,2,6,0,8,5,382,160,153,63,20,23,2,60,15,0,18,4,44,53,61,46,2,0,56,6,4,0,0,84,16,1,2,0,0,1,5,498,273,146,63,12,27,2,45,6,5,14,4,36,47,39,50,1,1
2021-11-22,Ligue 2,3626369,Dijon,Auxerre,0.3192174343734522,0.40762753838533927,0.2731550272412085,3,1,0,35,21,7,4,2,68,12,5,8,6,0,15,6,304,103,103,37,27,23,2,53,16,0,22,6,58,51,60,63,0,0,65,10,7,3,2,80,11,6,2,1,0,4,6,563,265,185,54,17,34,0,50,10,0,16,4,50,49,40,52,0,0
2021-12-03,Ligue 2,3626377,AC Ajaccio,Valenciennes,0.4973973395026027,0.39647194910352807,0.10613071139386929,0,0,1,73,12,3,2,2,79,13,5,5,4,0,6,6,597,272,200,41,20,39,2,72,7,0,6,0,70,60,48,65,1,0,27,1,0,0,0,55,15,0,1,0,0,1,0,229,81,44,36,0,29,2,38,19,4,33,3,57,40,52,55,3,0
2021-12-03,Ligue 2,3626378,Amiens,Dunkerque,0.37875939849624063,0.49295112781954886,0.12828947368421054,3,0,0,53,17,9,9,6,82,14,11,4,4,1,14,3,462,183,194,57,29,28,2,47,17,0,12,3,50,51,48,68,0,0,47,5,3,1,1,77,12,4,2,0,0,2,3,408,177,139,55,17,18,1,85,15,4,26,6,49,49,52,50,0,0
2021-12-03,Ligue 2,3626380,Grenoble,Le Havre,0.35809149040826366,0.4928676832267585,0.14904082636497787,1,2,2,63,12,3,0,0,82,16,4,5,4,0,8,4,506,261,154,55,20,21,6,67,9,0,4,4,47,53,45,71,0,0,37,9,6,2,1,73,16,1,3,0,0,6,3,301,111,108,47,29,20,2,62,11,4,19,2,45,47,55,54,0,0
2021-12-03,Ligue 2,3626381,Guingamp,Dijon,0.3536036036036036,0.4644144144144144,0.18198198198198198,3,2,0,49,9,6,2,1,70,25,4,3,0,0,5,4,373,165,96,34,23,16,3,56,11,0,18,2,63,39,46,55,3,0,51,8,4,2,1,70,15,3,4,0,0,5,3,393,147,128,35,12,32,2,45,13,0,12,3,90,61,54,74,5,0
2021-12-03,Ligue 2,3626383,Paris FC,SC Bastia,0.44625902012913027,0.4325864033421952,0.12115457652867452,1,0,0,56,14,6,3,2,84,11,4,3,5,1,9,5,543,262,195,59,27,14,1,100,9,1,14,3,49,54,50,78,0,0,44,9,3,0,0,80,10,4,5,1,0,5,4,404,184,139,45,19,16,4,69,5,4,15,5,44,46,50,71,0,0
2021-12-03,Ligue 2,3626384,Quevilly,Nancy,0.36538461538461536,0.4631868131868132,0.17142857142857143,2,1,0,37,12,3,0,0,65,11,5,5,4,0,6,6,278,109,71,35,27,17,0,67,10,4,20,2,45,53,50,36,2,0,63,15,3,2,2,77,15,6,8,4,0,13,2,478,221,149,54,33,28,0,69,11,4,9,1,42,47,50,50,3,1
2021-12-03,Ligue 2,3626385,Rodez,Nimes,0.3481848184818482,0.4867986798679868,0.16501650165016502,1,0,0,38,13,6,2,1,75,11,2,5,2,0,6,7,344,140,117,58,33,21,1,38,7,0,15,0,43,46,59,63,2,0,62,6,0,1,1,83,15,5,6,0,0,4,2,555,292,171,35,19,18,0,71,6,2,8,5,43,54,41,73,2,0
2021-12-03,Ligue 2,3626386,Sochaux,Pau,0.41879983214435584,0.4611833822912295,0.1200167855644146,2,1,0,66,14,6,3,3,88,14,10,5,3,1,7,7,612,253,283,70,6,24,1,74,6,1,10,1,53,53,52,50,1,0,34,6,2,1,1,73,10,3,3,1,1,3,3,314,118,110,35,0,15,0,53,15,3,33,4,48,47,48,44,1,1
2021-12-04,Ligue 2,3626379,Auxerre,Caen,0.46223021582733814,0.4154676258992806,0.1223021582733813,2,2,1,57,10,5,2,1,83,7,5,5,0,1,7,3,611,233,274,65,37,21,2,64,11,5,18,1,43,49,44,63,0,0,43,12,3,1,0,78,8,9,4,5,0,6,6,459,189,170,51,13,20,3,62,13,0,20,4,48,51,56,56,0,0
2021-12-06,Ligue 2,3626382,Niort,Toulouse,0.2224187486181738,0.4034932566880389,0.3740879946937873,2,1,0,40,14,5,1,1,76,11,3,6,3,0,7,7,360,187,87,35,25,24,3,80,12,6,31,7,54,47,55,56,0,0,60,23,8,3,3,83,9,7,9,6,1,18,5,521,198,235,50,38,26,0,70,7,3,6,3,56,53,45,58,0,0
2021-12-11,Ligue 2,3626392,Le Havre,AC Ajaccio,0.31092436974789917,0.4565826330532213,0.23249299719887956,0,1,2,56,10,4,3,3,78,9,3,4,2,1,6,4,507,192,202,51,45,25,0,50,12,1,13,3,62,63,46,79,0,0,44,5,4,1,1,73,17,4,0,1,0,2,3,393,193,95,35,22,22,4,46,17,2,17,4,47,37,54,45,0,0
2021-12-11,Ligue 2,3626387,Amiens,Grenoble,0.43103448275862066,0.43260188087774293,0.13636363636363635,4,1,0,57,10,7,5,1,86,8,3,2,1,0,9,1,574,279,213,65,31,24,4,88,11,3,13,0,33,47,71,40,0,0,43,10,1,0,0,82,9,1,5,4,0,5,5,437,231,126,50,0,21,2,69,15,0,9,3,29,53,29,100,0,0
2021-12-11,Ligue 2,3626389,Caen,Guingamp,0.4489112227805695,0.40871021775544386,0.1423785594639866,2,0,0,51,10,4,4,2,83,14,5,5,1,0,10,0,412,178,164,55,32,23,2,55,8,4,12,3,63,54,50,44,1,0,49,13,3,1,1,84,22,3,6,4,1,7,6,407,212,129,65,41,18,3,60,14,1,15,2,56,46,50,53,3,2
2021-12-11,Ligue 2,3626390,Dijon,Niort,0.43354430379746833,0.43670886075949367,0.12974683544303797,2,2,1,64,13,7,2,1,77,21,11,4,2,0,7,6,432,186,148,50,18,24,1,57,9,2,12,1,65,46,55,53,0,0,36,8,2,3,2,66,22,2,4,2,1,4,4,257,100,69,38,10,21,1,50,12,2,22,5,68,54,45,60,0,0
2021-12-11,Ligue 2,3626391,Dunkerque,Auxerre,0.2808586762075134,0.3881932021466905,0.33094812164579607,0,2,2,41,3,1,0,0,69,9,1,1,1,0,2,1,384,155,109,36,20,27,6,88,22,1,21,5,52,59,41,56,0,0,59,10,7,3,1,79,14,2,2,1,0,9,1,565,259,187,48,10,37,5,64,14,1,19,1,46,41,59,58,0,0
2021-12-11,Ligue 2,3626393,Nimes,Nancy,0.4868189806678383,0.3936731107205624,0.1195079086115993,2,1,0,41,12,5,3,1,64,20,5,5,2,0,6,6,311,110,88,28,25,37,2,53,15,3,15,5,51,42,27,33,3,0,59,14,6,2,1,72,17,2,5,3,0,10,4,454,169,160,39,20,28,2,71,8,2,18,3,83,58,73,72,1,1
2021-12-11,Ligue 2,3626394,Pau,Quevilly,0.4695121951219512,0.4024390243902439,0.12804878048780488,1,2,2,58,20,5,4,3,83,16,6,9,6,0,8,12,503,250,170,41,25,23,4,53,14,1,4,4,44,40,38,53,2,0,42,9,6,3,1,76,10,0,2,1,0,3,6,373,143,142,40,0,19,4,48,9,5,28,4,66,60,63,65,1,0
2021-12-11,Ligue 2,3626388,SC Bastia,Sochaux,0.31317829457364343,0.4015503875968992,0.28527131782945736,2,2,1,47,11,3,2,0,66,15,7,5,3,1,7,4,325,89,124,42,24,30,4,80,14,4,23,2,63,55,55,76,2,0,53,14,4,2,1,69,12,7,4,6,1,8,6,370,139,115,33,33,34,3,82,8,3,26,2,52,45,45,58,1,0
2021-12-11,Ligue 2,3626396,Valenciennes,Paris FC,0.32769230769230767,0.3984615384615385,0.27384615384615385,1,4,2,52,11,5,1,1,85,19,6,3,3,0,6,5,454,195,190,70,11,22,0,57,12,1,8,4,48,43,53,38,4,0,48,11,8,5,2,82,11,4,2,1,0,8,3,449,244,124,41,11,15,2,42,9,2,29,4,56,57,47,54,2,0
2021-12-13,Ligue 2,3626395,Toulouse,Rodez,0.516883985289201,0.379806084921431,0.10330992978936811,1,1,1,57,13,1,0,0,84,23,7,8,4,0,8,5,473,224,174,39,16,20,2,44,5,6,7,0,54,51,56,70,3,0,43,7,0,0,0,78,13,0,1,6,0,3,4,374,183,109,52,20,19,1,38,14,4,25,0,49,49,44,36,3,0
2021-12-21,Ligue 2,3626397,AC Ajaccio,Grenoble,0.5227788084930942,0.3803339517625232,0.0968872397443826,1,0,0,46,11,4,1,0,73,24,3,6,1,0,6,5,399,163,128,54,40,23,5,36,17,0,10,2,62,51,49,67,0,0,54,3,2,1,1,75,25,1,1,0,0,1,2,464,218,130,49,36,15,0,91,10,1,12,3,62,49,51,73,0,0
2021-12-21,Ligue 2,3626398,Auxerre,Le Havre,0.4440687517610595,0.4327979712595097,0.12313327697943083,2,3,2,68,14,7,3,1,84,17,7,4,3,0,10,4,642,255,282,59,43,15,5,55,10,1,6,2,65,50,76,50,0,0,32,9,5,1,0,67,12,4,3,1,1,4,5,301,109,92,21,20,17,4,38,10,3,20,6,48,50,24,65,0,0
2021-12-21,Ligue 2,3626399,Guingamp,Dunkerque,0.42551649148242116,0.46139905762957595,0.1130844508880029,2,1,0,42,15,5,2,0,78,16,6,6,4,1,8,7,344,146,121,53,27,21,3,38,13,4,8,0,42,43,46,9,2,0,58,10,1,0,0,78,15,1,5,4,0,5,5,494,215,171,47,29,20,2,80,9,4,21,3,54,57,54,30,3,0
2021-12-21,Ligue 2,3626400,Nancy,Dijon,0.3224400871459695,0.4662309368191721,0.2113289760348584,0,3,2,56,12,6,0,0,71,16,4,5,1,0,9,3,353,127,122,45,27,28,3,56,11,1,16,5,68,44,49,44,1,0,44,13,7,3,2,67,12,2,5,1,0,6,7,295,104,93,46,50,23,1,65,20,1,21,6,81,56,51,57,2,0
2021-12-21,Ligue 2,3626401,Nimes,Toulouse,0.25049019607843137,0.4198529411764706,0.32965686274509803,1,2,2,47,10,5,0,0,71,13,1,3,2,0,8,2,383,148,123,35,8,30,4,60,11,0,10,3,72,66,48,77,0,0,53,11,5,2,2,72,16,3,6,0,0,8,3,430,145,166,48,56,22,2,45,10,2,24,4,49,34,52,44,0,0
2021-12-21,Ligue 2,3626402,Niort,Pau,0.38213399503722084,0.47932175351530193,0.13854425144747726,3,0,0,52,10,4,2,0,87,10,3,5,1,0,6,4,510,267,176,46,18,15,3,67,8,0,17,1,40,47,39,53,0,0,48,6,1,0,0,85,12,4,5,0,0,2,4,471,218,180,53,16,17,1,56,9,1,12,1,48,53,61,75,3,0
2021-12-21,Ligue 2,3626403,Paris FC,Amiens,0.49522799575821846,0.40588547189819724,0.0988865323435843,1,0,0,41,5,2,0,0,74,14,3,2,1,0,4,1,412,160,145,43,24,26,2,38,1,2,11,3,43,44,58,50,0,0,59,12,3,1,1,84,9,1,7,2,0,9,3,602,296,210,36,27,18,1,36,18,1,11,1,47,56,42,42,0,0
2021-12-21,Ligue 2,3626404,Quevilly,Caen,0.32829287703939514,0.48428173497811383,0.18742538798249106,2,2,1,51,13,5,2,1,86,7,4,3,5,0,10,3,476,258,153,41,38,23,4,50,7,3,12,0,58,59,58,55,0,0,49,10,2,2,0,84,23,3,5,3,0,7,3,457,238,144,67,23,18,1,67,3,5,14,3,41,41,42,38,0,0
2021-12-21,Ligue 2,3626405,Rodez,SC Bastia,0.41092636579572445,0.45407759303246237,0.13499604117181313,0,0,1,52,5,2,1,1,70,13,2,2,1,0,2,3,393,175,99,32,29,35,3,57,10,1,8,3,63,44,50,50,2,0,48,9,3,1,1,71,20,4,5,1,0,3,6,357,127,127,43,17,19,1,40,12,1,11,2,71,56,50,78,3,0
2021-12-21,Ligue 2,3626406,Sochaux,Valenciennes,0.4360204734484965,0.4420985284708893,0.1218809980806142,1,1,1,62,14,6,3,2,77,17,6,5,3,0,9,5,501,190,196,48,19,19,5,61,6,1,15,1,74,60,49,58,2,0,38,6,2,2,1,63,18,8,2,2,0,3,3,301,90,99,39,25,24,2,62,15,3,19,5,58,40,51,31,1,1
2022-01-08,Ligue 2,3626353,Le Havre,Sochaux,0.34048257372654156,0.5183199285075961,0.14119749776586238,0,1,2,51,9,3,1,1,80,9,9,5,1,0,5,4,416,176,158,50,17,31,1,75,12,2,13,1,43,51,48,32,1,0,49,6,2,1,1,79,14,3,2,2,0,1,5,416,206,121,41,0,22,3,61,18,1,21,3,43,49,52,75,2,0
2022-01-08,Ligue 2,3626350,Dijon,Nimes,0.4038039502560351,0.44842721287490855,0.14776883686905634,1,2,2,66,19,3,2,1,82,12,10,9,7,0,8,11,452,170,202,51,16,26,0,38,5,2,13,3,53,49,52,50,0,0,34,8,5,3,1,62,16,7,1,2,0,6,2,241,84,65,40,15,32,2,42,8,7,38,2,54,51,48,75,0,0
2022-01-08,Ligue 2,3626352,Grenoble,Auxerre,0.2579403272377286,0.4629451395572666,0.2791145332050048,0,1,2,52,8,0,0,0,81,5,3,5,3,0,1,7,508,269,141,42,0,27,1,80,8,1,12,4,62,63,57,46,1,0,48,11,5,1,0,80,11,2,5,1,0,6,5,479,208,174,39,9,20,0,38,7,3,14,0,40,37,43,31,3,0
2022-01-08,Ligue 2,3626354,Pau,Rodez,0.3700534759358289,0.45240641711229945,0.17754010695187167,4,0,0,56,16,5,2,0,79,14,6,5,6,0,11,5,410,176,149,36,29,26,3,64,5,1,9,1,43,51,37,30,3,0,44,9,1,0,0,77,13,4,7,1,0,5,4,328,120,131,69,33,12,0,43,6,6,19,1,51,49,63,67,2,0
2022-01-08,Ligue 2,3626348,SC Bastia,Quevilly,0.4232209737827715,0.4410112359550562,0.13576779026217228,3,0,0,52,15,7,4,1,70,13,4,5,3,0,11,4,350,105,139,40,26,36,1,41,11,1,13,1,60,54,76,71,0,0,48,4,1,0,0,67,7,1,2,1,0,2,2,325,148,70,25,9,40,2,57,19,3,17,5,42,46,24,50,0,0
2022-01-08,Ligue 2,3626356,Valenciennes,Guingamp,0.3278520041109969,0.4748201438848921,0.197327852004111,1,1,1,45,6,1,0,0,73,17,4,3,2,0,3,3,352,156,102,42,13,23,0,44,14,2,12,2,48,41,43,43,0,1,55,12,3,2,1,81,13,6,7,2,0,8,4,436,230,122,53,26,32,2,53,18,2,14,0,67,59,58,76,3,0
2022-01-15,Ligue 2,3626408,Guingamp,Grenoble,0.4310520939734423,0.44433094994892747,0.12461695607763024,0,0,1,54,13,3,1,1,83,10,1,9,1,0,7,6,534,251,191,55,22,26,4,67,9,0,4,3,50,49,55,60,0,0,46,7,3,0,0,78,15,5,3,1,0,5,2,449,220,131,48,33,20,1,67,20,1,11,3,47,51,45,55,0,0
2022-01-15,Ligue 2,3626409,Nancy,SC Bastia,0.3036036036036036,0.4783783783783784,0.218018018018018,2,1,0,44,7,3,2,1,67,18,10,3,1,0,5,2,337,104,123,39,13,27,2,50,8,4,21,0,53,45,39,45,0,0,56,8,1,1,0,77,11,6,3,4,0,6,2,435,168,168,52,17,27,7,45,10,1,21,1,70,55,61,44,0,0
2022-01-15,Ligue 2,3626414,Rodez,Dijon,0.3161925601750547,0.486870897155361,0.19693654266958424,0,2,2,63,17,1,1,1,80,19,6,13,3,1,11,6,421,171,167,75,34,28,1,67,8,4,27,2,67,49,58,78,2,1,37,9,5,4,3,68,19,4,1,3,0,8,1,248,96,73,46,19,21,2,76,10,3,25,1,61,51,42,55,1,0
2022-01-15,Ligue 2,3626416,Toulouse,Pau,0.5513771186440678,0.3543432203389831,0.09427966101694915,1,1,1,68,25,6,2,2,85,12,10,14,5,0,12,13,641,207,338,65,28,18,1,67,10,2,8,2,58,43,56,43,0,0,32,7,3,0,0,68,11,1,2,2,0,4,3,311,109,104,27,27,19,4,60,19,4,26,5,65,57,44,55,0,0
2022-01-15,Ligue 2,3626415,Sochaux,Caen,0.45478723404255317,0.41400709219858156,0.13120567375886524,3,2,0,66,19,7,4,2,84,14,4,7,5,0,10,9,552,189,274,56,38,27,1,60,8,1,6,0,67,54,67,48,7,0,34,5,2,1,0,68,14,1,2,1,0,3,2,280,132,58,34,29,12,0,45,8,6,18,3,49,46,33,38,3,1
2022-01-17,Ligue 2,3626412,Paris FC,Le Havre,0.4992239037640667,0.39639115250291035,0.1043849437330229,2,2,1,50,7,3,2,0,82,14,5,2,2,0,6,1,453,232,139,42,16,15,2,67,13,7,12,5,33,40,43,60,0,0,50,17,7,0,0,82,10,1,3,7,0,8,9,457,188,185,51,27,27,3,60,16,3,10,0,48,60,57,64,0,0
2022-01-19,Ligue 2,3626347,Amiens,AC Ajaccio,0.26706827309236947,0.45950468540829986,0.27342704149933067,0,1,2,61,13,5,3,3,81,17,6,4,4,0,9,4,524,233,194,57,32,20,4,62,14,0,11,2,64,49,58,60,0,0,39,8,3,2,1,68,14,4,5,0,0,6,2,339,118,114,45,40,23,1,47,11,4,11,5,58,51,42,50,0,0
2022-01-19,Ligue 2,3626355,Toulouse,Nancy,0.5322478056226944,0.3699274901412034,0.09782470423610228,4,0,0,65,13,8,3,1,83,16,3,4,1,1,11,2,607,253,253,58,15,26,4,39,13,2,12,3,41,42,47,33,0,0,35,9,3,0,0,72,9,4,4,2,0,2,7,326,119,116,48,8,16,2,70,15,1,14,4,54,58,53,38,0,0
2022-01-22,Ligue 2,3626417,Amiens,Guingamp,0.39543726235741444,0.43599493029150826,0.16856780735107732,3,0,0,54,11,4,2,1,85,10,3,6,1,0,7,4,511,209,227,68,28,12,3,64,15,8,10,2,53,53,46,55,0,0,46,20,2,1,1,84,13,5,10,8,0,12,8,426,194,162,61,25,21,1,45,14,1,14,1,51,47,54,59,0,0
2022-01-22,Ligue 2,3626421,Dijon,Quevilly,0.4116945107398568,0.441527446300716,0.1467780429594272,1,0,0,53,17,5,5,4,76,12,4,7,5,1,13,4,440,189,146,41,42,22,0,75,13,2,5,1,64,46,51,60,0,0,47,7,1,0,0,71,9,3,4,2,0,5,2,389,176,102,29,33,29,0,45,13,5,16,4,71,54,49,59,0,0
2022-01-22,Ligue 2,3626422,Dunkerque,Sochaux,0.19291338582677164,0.4146981627296588,0.39238845144356954,0,0,1,36,4,0,0,0,61,20,2,2,2,0,2,2,312,94,97,31,18,25,1,64,16,1,25,3,65,53,52,77,5,0,64,14,3,4,4,80,15,3,9,2,1,9,5,568,261,194,51,20,25,1,73,5,2,14,0,59,47,48,36,1,0
2022-01-22,Ligue 2,3626424,Le Havre,Rodez,0.4223880597014925,0.44029850746268656,0.1373134328358209,0,0,1,66,14,3,0,0,88,20,4,8,3,0,8,6,566,233,263,59,18,16,1,50,15,1,5,1,42,41,48,45,4,0,34,3,1,0,0,65,10,1,1,1,0,1,2,302,123,73,34,0,18,0,67,13,3,24,3,55,59,52,63,3,0
2022-01-22,Ligue 2,3626419,SC Bastia,Toulouse,0.20318725099601595,0.3698539176626826,0.42695883134130147,0,0,1,39,6,2,0,0,59,16,3,3,1,0,2,4,305,88,92,31,19,17,4,63,9,2,20,4,59,52,49,75,0,0,61,16,4,2,2,76,24,8,10,2,0,9,7,482,212,156,39,25,24,4,70,16,1,17,2,57,48,51,69,0,0
2022-01-24,Ligue 2,3626420,Caen,AC Ajaccio,0.2749533098153144,0.401535588296327,0.3235111018883586,2,0,0,44,5,4,2,1,77,13,2,0,1,0,3,2,435,227,110,52,0,30,4,63,11,1,17,1,55,49,51,67,0,0,56,7,1,0,0,82,9,6,5,1,0,5,2,552,246,206,50,19,27,1,56,13,1,12,2,56,51,49,46,0,0
2022-01-26,Ligue 2,3626413,Quevilly,Amiens,0.33787234042553194,0.4697872340425532,0.19234042553191488,1,1,1,40,12,2,1,1,74,14,6,7,3,0,4,8,336,116,132,54,32,28,0,52,10,0,7,3,57,47,70,35,0,0,60,8,4,1,0,83,10,2,3,1,0,4,4,546,263,190,46,0,22,2,67,7,3,19,1,54,53,30,61,0,0
2022-01-28,Ligue 2,3626407,AC Ajaccio,Auxerre,0.4427771556550952,0.43292273236282197,0.12430011198208286,0,0,1,37,10,4,3,3,62,15,5,5,1,1,7,3,287,88,91,41,38,19,2,50,6,3,25,0,72,57,76,44,0,0,63,7,0,0,0,78,17,7,4,3,0,3,4,488,223,160,47,4,30,2,54,8,1,14,4,41,43,24,40,0,0
2022-01-28,Ligue 2,3626349,Caen,Niort,0.4219025990411305,0.4456220035326773,0.13247539742619227,0,2,2,61,14,2,2,2,81,22,14,8,4,0,11,3,527,210,217,60,20,27,0,59,8,0,5,2,65,45,56,44,0,0,39,5,4,0,0,76,13,0,1,0,0,3,2,353,175,95,24,60,16,0,59,16,4,36,2,67,55,44,44,0,0
2022-01-28,Ligue 2,3626351,Dunkerque,Paris FC,0.22934031912360087,0.4070016670635866,0.3636580138128126,1,1,1,40,7,2,1,0,75,10,6,4,1,1,6,1,341,147,110,45,33,27,2,87,12,2,17,5,49,51,57,33,0,0,60,11,6,2,1,86,17,1,3,2,0,6,5,531,253,202,64,25,30,0,72,8,1,16,1,44,49,43,38,0,0
2022-01-28,Ligue 2,3626410,Nimes,Valenciennes,0.4568770429972341,0.4284636660799598,0.11465929092280613,2,1,0,48,14,6,5,3,72,20,3,3,5,1,10,4,376,151,118,35,33,23,5,65,17,2,23,3,55,47,41,55,1,0,52,15,4,2,1,70,16,6,9,2,0,5,10,402,165,117,23,12,27,2,71,14,5,15,4,67,53,59,44,2,0
2022-02-01,Ligue 2,3626418,Auxerre,Paris FC,0.3311239988953328,0.45871306268986467,0.21016293841480255,1,2,2,63,18,5,4,3,84,5,6,8,5,1,12,6,606,303,208,59,40,28,1,57,14,1,16,2,45,57,60,83,0,0,37,10,4,5,3,76,8,2,5,1,0,8,2,360,151,124,34,22,25,4,50,15,5,23,4,32,43,40,67,0,0
2022-02-01,Ligue 2,3626411,Niort,Dunkerque,0.4716642754662841,0.4139167862266858,0.11441893830703014,2,0,0,52,14,5,1,0,83,9,3,5,4,0,6,8,469,238,153,48,11,20,1,41,10,2,24,1,55,59,44,71,0,0,48,11,1,0,0,78,15,6,8,2,0,6,5,419,186,142,52,16,32,1,54,6,4,21,3,44,41,56,38,0,0
2022-02-01,Ligue 2,3626425,Pau,Nimes,0.3223314606741573,0.4799859550561798,0.19768258426966293,0,3,2,57,21,6,1,1,85,19,5,10,5,0,12,9,440,177,197,62,22,20,0,71,7,6,14,5,67,50,67,56,1,0,43,15,8,5,2,77,16,3,1,6,0,8,7,344,173,93,38,23,19,0,67,12,5,17,6,57,50,33,77,2,0
2022-02-01,Ligue 2,3626426,Valenciennes,Nancy,0.3826623141095394,0.46644903881030103,0.1508886470801596,6,1,0,52,17,9,8,2,82,17,2,5,3,1,13,4,410,206,131,59,29,15,2,43,10,0,13,1,67,49,79,42,2,0,48,7,2,3,2,73,21,3,5,0,0,4,3,372,175,98,30,20,22,1,47,5,4,4,2,52,51,21,59,3,1
2022-02-05,Ligue 2,3626436,Toulouse,Dijon,0.5142428785607196,0.38980509745127434,0.095952023988006,4,1,0,63,15,5,5,2,83,12,4,5,5,0,11,4,560,286,179,50,38,14,1,50,6,3,18,2,68,55,56,57,0,0,37,12,4,1,0,74,17,5,6,2,0,7,5,322,123,114,40,24,30,0,73,15,4,8,1,54,45,44,55,0,0
2022-02-05,Ligue 2,3626428,Guingamp,Auxerre,0.313915857605178,0.4703344120819849,0.21574973031283712,1,1,1,42,12,4,3,2,82,9,6,4,4,0,6,6,431,225,128,63,18,21,7,40,12,2,6,2,52,65,41,78,1,0,58,8,3,3,2,86,14,3,3,2,0,6,2,615,347,181,57,17,18,1,33,7,4,15,3,38,35,59,42,1,0
2022-02-05,Ligue 2,3626429,Nancy,Caen,0.33612565445026177,0.4513089005235602,0.21256544502617802,1,1,1,49,14,5,2,1,86,10,10,5,4,1,11,3,475,221,186,57,22,17,1,60,17,3,14,4,44,48,41,60,0,0,51,10,5,2,1,82,16,9,2,3,0,7,3,500,245,165,70,29,20,1,43,9,4,18,4,51,52,59,67,0,0
2022-02-05,Ligue 2,3626430,Nimes,Dunkerque,0.4982517482517482,0.3994755244755245,0.10227272727272728,0,1,2,44,11,3,1,1,75,18,6,6,2,0,5,6,309,109,124,48,30,28,2,41,8,3,26,0,52,50,38,43,0,0,56,8,1,3,2,80,22,7,4,3,0,4,4,390,180,131,53,15,25,0,59,12,2,22,3,59,50,62,58,0,0
2022-02-05,Ligue 2,3626431,Niort,Le Havre,0.3761904761904762,0.4797619047619048,0.14404761904761904,0,0,1,44,7,2,0,0,87,8,4,2,3,0,4,3,500,293,144,41,0,8,3,75,12,4,15,3,36,49,43,53,0,0,56,13,3,0,0,91,8,5,6,4,1,8,5,624,260,310,59,35,17,0,65,10,2,9,2,39,51,57,63,0,0
2022-02-05,Ligue 2,3626433,Quevilly,Grenoble,0.3470394736842105,0.49835526315789475,0.15460526315789475,1,0,0,43,7,2,2,1,74,18,3,3,2,0,3,4,355,132,129,49,15,27,3,64,12,0,16,4,46,37,48,50,2,0,57,12,4,1,1,80,14,5,8,0,1,5,7,465,228,146,56,20,27,0,55,12,2,8,1,68,63,52,50,4,0
2022-02-05,Ligue 2,3626434,Rodez,Valenciennes,0.3277439024390244,0.5015243902439024,0.17073170731707318,0,0,1,40,15,5,0,0,72,16,1,9,1,1,7,8,306,114,107,53,54,20,0,50,11,3,24,1,52,46,43,75,2,0,60,12,1,0,0,79,13,7,6,5,0,4,8,454,224,136,44,17,27,1,50,3,1,7,5,65,54,57,50,0,0
2022-02-05,Ligue 2,3626427,SC Bastia,Pau,0.4037735849056604,0.4540880503144654,0.1421383647798742,1,1,1,58,17,8,1,0,80,16,7,6,3,0,10,7,448,168,190,59,22,16,1,48,10,1,23,0,65,53,58,50,3,0,42,7,1,1,0,67,12,3,5,1,1,6,1,335,126,100,31,13,24,2,57,12,3,19,8,53,47,42,42,1,0
2022-02-05,Ligue 2,3626435,Sochaux,Amiens,0.4385614385614386,0.44555444555444557,0.11588411588411589,1,1,1,60,13,6,2,1,85,13,10,5,2,0,8,5,565,249,231,58,11,24,2,47,9,2,10,3,39,56,20,57,0,0,40,8,4,0,0,79,13,1,2,2,0,4,4,396,195,117,45,17,27,1,80,17,2,30,5,40,44,80,43,3,1
2022-02-07,Ligue 2,3626432,Paris FC,AC Ajaccio,0.4196966548929981,0.4296696447122377,0.15063370039476418,2,0,0,49,8,2,2,0,80,8,3,4,2,0,6,2,470,244,134,51,25,20,4,67,13,2,22,4,58,55,71,64,0,0,51,9,4,2,2,81,17,7,3,2,0,5,4,470,211,170,58,19,23,1,63,13,2,8,0,38,45,29,72,0,0
2022-02-12,Ligue 2,3626446,Valenciennes,Toulouse,0.21503759398496242,0.4037593984962406,0.381203007518797,1,3,2,36,7,3,1,0,69,6,4,2,2,0,2,5,350,146,96,36,9,29,1,60,13,4,12,2,43,47,32,37,3,0,64,17,5,4,1,83,5,4,8,4,1,14,3,633,257,268,53,28,21,1,48,8,2,10,2,60,53,68,47,0,0
2022-02-12,Ligue 2,3626437,AC Ajaccio,Guingamp,0.490134994807892,0.40602284527518173,0.10384215991692627,0,1,2,46,4,1,0,0,75,12,0,3,0,0,0,4,355,138,130,44,17,24,1,86,9,2,13,3,57,54,50,33,1,1,54,10,4,0,0,81,21,6,4,2,0,6,4,426,198,149,61,40,18,3,42,9,0,21,1,52,46,50,58,4,1
2022-02-12,Ligue 2,3626438,Amiens,Niort,0.3770491803278688,0.4557377049180328,0.16721311475409836,3,1,0,49,8,5,3,1,82,14,2,1,2,0,5,3,476,245,144,59,0,17,1,46,12,4,19,4,67,58,56,63,0,0,51,15,5,5,5,82,12,3,6,4,1,9,6,487,200,197,44,30,28,2,62,10,2,8,2,50,42,44,40,0,0
2022-02-12,Ligue 2,3626439,Auxerre,Nancy,0.5084745762711864,0.3910411622276029,0.10048426150121065,1,1,1,70,15,3,1,1,81,17,6,8,4,0,10,5,570,206,257,67,24,25,0,63,3,4,13,3,57,50,47,55,0,0,30,9,4,1,0,60,8,5,1,4,0,6,3,255,86,68,33,25,13,3,36,9,4,32,2,60,50,53,45,0,0
2022-02-12,Ligue 2,3626440,Caen,Nimes,0.39800995024875624,0.3963515754560531,0.20563847429519072,4,0,0,57,18,9,7,3,89,12,8,6,3,0,15,3,569,247,259,67,30,21,0,53,13,2,14,1,33,38,60,30,0,0,43,6,2,0,0,84,6,2,3,1,0,2,4,439,245,122,71,0,21,1,50,9,3,21,5,45,62,40,58,0,0
2022-02-12,Ligue 2,3626441,Dijon,Pau,0.4610492845786963,0.4165341812400636,0.12241653418124006,0,1,2,62,17,4,2,2,81,10,7,9,4,0,7,10,507,211,202,49,30,21,2,77,11,4,4,2,65,53,65,50,2,0,38,12,3,0,0,75,15,1,5,4,0,8,4,335,118,134,40,29,15,1,53,11,4,30,4,48,47,35,57,6,0
2022-02-12,Ligue 2,3626442,Dunkerque,Rodez,0.33014354066985646,0.44976076555023925,0.22009569377990432,2,0,0,42,5,2,1,0,69,15,2,2,1,0,5,0,317,88,131,32,50,21,1,52,13,3,13,4,60,52,31,56,1,0,58,11,4,0,0,77,13,3,4,3,0,6,5,429,180,149,46,30,31,4,42,7,1,8,0,73,48,69,35,2,0
2022-02-12,Ligue 2,3626443,Grenoble,Sochaux,0.2631578947368421,0.4266917293233083,0.3101503759398496,1,3,2,50,15,4,1,0,79,14,5,7,4,0,7,8,400,191,124,38,15,13,0,55,10,3,19,2,64,55,47,68,3,0,50,13,5,3,2,81,11,8,5,3,0,9,4,394,166,152,56,19,17,3,57,5,4,9,3,57,45,53,60,2,1
2022-02-12,Ligue 2,3626445,Paris FC,Quevilly,0.5850451930977815,0.32046014790468363,0.09449465899753492,3,0,0,54,9,5,3,1,83,18,4,2,2,0,8,1,487,276,130,55,18,24,0,53,10,2,13,3,44,45,52,55,0,0,46,8,3,0,0,80,14,7,3,2,0,4,4,413,211,118,37,16,24,3,69,16,2,16,2,50,55,48,54,0,0
2022-02-14,Ligue 2,3626444,Le Havre,SC Bastia,0.4328752642706131,0.4468816067653277,0.1202431289640592,2,4,2,59,13,4,4,2,83,12,7,7,2,0,5,8,500,224,190,57,4,28,0,58,14,1,7,3,51,52,33,48,0,0,41,11,7,2,0,74,19,3,3,1,1,7,4,356,127,135,48,30,12,1,56,18,2,18,2,57,48,67,69,0,0
2022-02-15,Ligue 2,3626423,Grenoble,Niort,0.32015669515669515,0.4551282051282051,0.2247150997150997,1,0,0,43,9,3,1,1,71,14,9,3,3,0,6,3,336,169,70,32,22,23,1,58,10,7,19,1,59,51,35,69,0,0,57,15,2,0,0,79,9,5,7,6,0,7,8,438,155,191,47,31,25,0,53,6,3,13,2,71,49,65,57,0,0
2022-02-19,Ligue 2,3626455,Sochaux,AC Ajaccio,0.75,0.20454545454545456,0.045454545454545456,0,1,2,64,11,5,2,2,74,14,13,4,2,0,5,6,448,198,132,44,15,27,1,52,7,1,11,2,63,59,50,65,3,0,36,7,3,2,1,63,13,5,3,1,1,4,3,267,84,83,34,0,30,1,67,17,2,27,5,49,41,50,37,2,1
2022-02-19,Ligue 2,3626448,Guingamp,Paris FC,0.22802197802197802,0.3836996336996337,0.3882783882783883,1,1,1,53,9,2,0,0,85,9,3,6,1,0,8,1,527,258,190,53,37,23,3,33,16,2,8,1,42,45,71,54,2,0,47,11,2,4,3,81,7,0,7,2,1,6,5,472,241,143,42,25,18,1,36,13,1,16,1,33,55,29,63,1,0
2022-02-19,Ligue 2,3626449,Nancy,Dunkerque,0.40032679738562094,0.44607843137254904,0.15359477124183007,2,0,0,44,14,9,2,1,77,13,4,3,2,0,7,7,364,137,143,60,5,20,4,65,11,2,14,1,67,54,58,60,0,0,56,10,1,1,1,84,14,4,7,2,0,6,4,456,226,157,55,35,22,1,53,6,2,16,7,55,46,42,48,0,0
2022-02-19,Ligue 2,3626450,Nimes,Grenoble,0.4605475040257649,0.41223832528180354,0.12721417069243157,3,1,0,60,20,11,5,2,85,16,7,5,4,0,18,2,540,219,240,52,33,28,0,75,9,1,7,1,45,46,50,67,3,0,40,7,2,1,0,76,8,3,4,1,0,2,5,372,191,93,36,13,22,1,45,10,4,25,8,50,54,50,63,0,1
2022-02-19,Ligue 2,3626451,Niort,Auxerre,0.2719614921780987,0.4645006016847172,0.26353790613718414,0,1,2,44,15,4,3,3,83,9,2,9,2,0,8,7,454,276,102,48,25,21,3,42,7,2,12,2,52,51,53,40,0,0,56,11,3,1,1,85,14,4,6,2,0,6,5,588,339,163,50,9,14,2,45,7,1,16,4,49,49,47,57,0,0
2022-02-19,Ligue 2,3626452,Pau,Caen,0.3416988416988417,0.43822393822393824,0.22007722007722008,1,0,0,41,8,3,0,0,74,11,4,4,1,0,4,4,359,149,117,35,14,14,2,63,13,5,33,3,44,47,50,36,1,0,59,18,3,2,2,83,22,8,10,5,0,12,6,508,235,188,67,23,20,3,62,10,1,7,2,48,53,50,79,4,0
2022-02-19,Ligue 2,3626453,Quevilly,Valenciennes,0.3282828282828283,0.4772727272727273,0.19444444444444445,1,1,1,56,4,2,1,0,64,24,6,0,2,0,3,1,327,118,90,30,7,34,4,44,8,2,26,6,65,39,56,24,2,0,44,15,7,2,1,57,15,8,5,3,0,10,5,241,47,91,24,24,24,6,53,10,2,20,1,80,61,44,29,4,0
2022-02-19,Ligue 2,3626454,Rodez,Amiens,0.3068181818181818,0.47954545454545455,0.21363636363636362,1,1,1,34,9,4,2,1,66,15,2,4,1,0,5,4,277,84,99,44,20,28,2,60,15,4,28,5,48,45,48,82,1,0,66,11,5,1,1,82,17,4,2,4,0,8,3,562,267,196,61,6,23,0,80,11,1,23,3,57,55,52,71,5,0
2022-02-19,Ligue 2,3626447,SC Bastia,Dijon,0.3683304647160069,0.4578313253012048,0.1738382099827883,0,0,1,68,8,1,1,1,80,18,8,4,3,0,4,4,491,205,187,56,15,25,2,71,7,2,17,2,55,45,55,40,0,0,32,10,2,1,1,64,19,4,6,2,1,7,3,233,83,66,32,47,24,3,55,12,2,27,1,61,55,45,44,0,0
2022-02-21,Ligue 2,3626456,Toulouse,Le Havre,0.5134037367993501,0.3913484971567831,0.09524776604386677,4,0,0,56,11,6,5,2,83,8,2,5,0,0,10,1,517,242,185,64,31,25,8,84,11,1,10,1,44,57,65,71,0,0,44,6,1,0,0,80,5,4,4,1,0,2,4,403,187,136,40,9,28,1,58,12,0,7,2,31,43,35,38,0,0
2022-02-26,Ligue 2,3626465,Paris FC,Sochaux,0.46673189823874756,0.41487279843444225,0.11839530332681017,3,1,0,56,9,4,1,0,77,10,7,1,4,0,3,6,451,191,155,43,17,31,2,73,6,1,14,4,54,53,58,61,1,0,44,7,5,1,0,71,15,6,1,1,0,6,1,358,162,91,33,33,25,4,83,4,4,16,1,45,47,42,53,1,0
2022-02-26,Ligue 2,3626457,AC Ajaccio,Rodez,0.509719222462203,0.3930885529157667,0.09719222462203024,2,1,0,51,8,5,2,2,74,17,8,2,1,0,5,3,392,167,125,41,26,28,0,33,3,3,13,1,44,46,52,38,2,0,49,8,2,1,0,72,16,3,3,3,0,6,2,381,157,118,49,25,17,0,69,2,1,15,3,48,54,48,50,3,0
2022-02-26,Ligue 2,3626458,Amiens,Nimes,0.3383270911360799,0.4968789013732834,0.1647940074906367,3,0,0,47,11,4,1,0,84,21,2,6,1,0,7,4,418,184,168,69,73,11,2,63,17,3,24,4,50,47,52,86,0,0,53,13,4,2,2,81,13,10,6,3,0,7,6,461,167,208,62,24,24,1,55,7,1,7,1,54,53,48,52,0,0
2022-02-26,Ligue 2,3626459,Auxerre,Quevilly,0.4850640113798009,0.41109530583214793,0.10384068278805121,1,0,0,59,12,4,1,0,86,13,3,6,2,0,4,8,577,319,179,62,20,20,4,57,20,3,15,2,49,56,32,73,0,0,41,9,2,0,0,79,11,3,4,3,0,7,2,396,200,113,65,36,23,3,50,12,2,11,3,50,44,68,43,0,0
2022-02-26,Ligue 2,3626460,Caen,SC Bastia,0.3611940298507463,0.491044776119403,0.14776119402985075,2,1,0,47,12,2,4,2,79,14,4,7,3,1,6,6,404,223,96,42,8,17,1,71,10,4,13,2,54,57,45,46,0,0,53,11,3,0,0,79,16,3,4,4,1,5,6,459,192,169,43,10,34,3,31,12,3,8,0,45,43,55,35,0,0
2022-02-26,Ligue 2,3626461,Dunkerque,Dijon,0.26285714285714284,0.4723809523809524,0.26476190476190475,2,1,0,48,6,3,1,0,72,22,3,2,1,0,1,5,362,158,104,30,25,25,2,69,14,0,21,3,61,50,47,47,0,0,52,16,4,2,1,74,19,6,12,0,0,10,6,374,157,119,53,33,33,2,78,19,1,7,1,63,50,53,40,0,0
2022-02-26,Ligue 2,3626463,Guingamp,Niort,0.40037593984962405,0.4642857142857143,0.13533834586466165,1,0,0,43,12,6,2,1,80,12,5,4,2,0,9,3,373,184,115,53,33,18,3,38,12,2,23,2,65,54,61,65,1,0,57,6,2,0,0,84,9,6,2,2,0,2,4,504,257,166,36,5,21,1,64,7,3,13,4,51,46,39,50,1,0
2022-02-26,Ligue 2,3626464,Le Havre,Nancy,0.4151260504201681,0.4235294117647059,0.16134453781512606,1,0,0,48,16,5,2,1,78,12,6,8,3,0,11,5,424,174,157,55,53,14,0,44,8,3,24,2,53,59,52,68,0,0,52,7,2,0,0,78,11,3,2,3,0,3,4,444,194,154,42,21,24,1,50,7,3,9,4,39,41,48,29,0,0
2022-02-26,Ligue 2,3626466,Valenciennes,Pau,0.36347197106690776,0.4448462929475588,0.19168173598553345,1,0,0,43,16,9,2,2,69,13,4,6,1,0,6,10,335,125,107,38,17,22,2,57,12,2,15,3,67,57,42,43,3,0,57,8,3,0,0,76,24,2,3,2,0,4,4,448,190,151,41,33,28,0,36,9,1,15,8,60,43,58,71,1,0
2022-02-28,Ligue 2,3626462,Grenoble,Toulouse,0.20362087326943556,0.39275825346112886,0.4036208732694356,0,2,2,34,13,1,1,1,61,11,11,9,3,1,8,5,257,73,83,39,29,23,0,58,7,3,7,2,60,60,47,63,2,0,66,9,4,4,3,81,16,5,2,3,0,5,4,528,244,184,45,43,25,1,57,8,3,16,1,47,40,53,33,2,0
2022-03-05,Ligue 2,3626470,Nimes,Paris FC,0.221256038647343,0.3922705314009662,0.3864734299516908,1,1,1,50,8,4,2,1,78,11,2,3,1,1,7,1,415,168,157,44,7,32,3,50,13,2,11,3,50,58,31,54,0,0,50,11,4,3,2,78,17,5,5,2,0,8,3,411,179,143,52,23,19,1,76,7,1,19,3,48,42,69,22,0,0
2022-03-05,Ligue 2,3626468,Dijon,Caen,0.38200589970501475,0.4498525073746313,0.168141592920354,1,0,0,49,7,4,0,0,78,12,7,2,1,0,2,5,445,170,175,49,19,25,6,32,9,2,19,3,54,43,62,38,0,0,51,9,3,0,0,78,10,4,4,2,0,5,4,463,221,140,47,19,28,0,94,7,0,19,3,57,57,38,64,0,0
2022-03-05,Ligue 2,3626469,Nancy,Grenoble,0.4,0.4318181818181818,0.16818181818181818,0,1,2,60,19,5,2,2,76,14,4,10,4,0,13,6,490,142,229,46,6,28,0,71,13,1,6,1,59,45,54,53,4,1,40,4,2,1,0,63,14,2,1,1,0,3,1,340,128,85,32,14,19,0,67,10,4,35,4,62,55,46,91,2,0
2022-03-05,Ligue 2,3626471,Niort,AC Ajaccio,0.2564102564102564,0.416289592760181,0.3273001508295626,0,1,2,36,2,1,0,0,67,13,1,1,0,1,1,1,322,137,80,48,22,29,3,59,14,4,15,1,63,52,44,55,0,0,64,11,2,1,0,82,11,3,5,4,0,8,3,576,260,210,42,32,31,3,67,15,0,10,2,64,48,56,73,0,0
2022-03-05,Ligue 2,3626472,Pau,Amiens,0.40190476190476193,0.4438095238095238,0.15428571428571428,2,1,0,49,12,3,2,1,82,16,4,6,3,0,4,8,428,131,219,43,7,18,1,79,11,3,10,2,41,50,54,52,2,0,51,8,3,2,2,84,10,4,2,3,0,7,1,457,245,137,55,30,22,3,39,10,3,19,1,40,50,46,14,2,1
2022-03-05,Ligue 2,3626473,Quevilly,Le Havre,0.27488151658767773,0.43838862559241704,0.28672985781990523,0,2,2,60,7,1,1,1,80,20,2,6,0,0,4,3,443,167,187,51,5,16,3,56,13,1,6,2,50,44,40,47,0,0,40,9,4,4,3,71,15,2,4,1,0,5,4,301,110,103,46,0,20,0,30,18,0,7,1,66,56,60,57,0,0
2022-03-05,Ligue 2,3626474,Rodez,Auxerre,0.27238805970149255,0.43656716417910446,0.291044776119403,1,3,2,33,10,3,0,0,78,11,4,5,2,0,6,4,325,161,92,49,32,15,4,33,14,2,22,3,49,51,53,85,2,0,67,14,6,3,2,88,10,2,6,2,1,8,6,687,370,237,61,30,26,2,43,10,2,18,2,46,49,47,58,1,0
2022-03-05,Ligue 2,3626467,SC Bastia,Valenciennes,0.3970315398886827,0.44341372912801486,0.15955473098330242,1,1,1,60,13,3,0,0,69,20,8,8,2,0,6,7,433,144,155,47,21,44,3,53,8,2,6,1,64,39,56,50,4,0,40,6,2,1,0,59,11,0,2,2,0,2,4,293,88,84,24,25,26,3,60,13,3,27,2,75,61,44,38,3,0
2022-03-05,Ligue 2,3626475,Sochaux,Guingamp,0.4377880184331797,0.44086021505376344,0.12135176651305683,1,0,0,51,17,5,2,2,80,9,9,8,4,1,7,10,501,234,169,37,35,18,1,44,14,1,15,3,53,51,48,57,0,0,49,16,3,1,1,77,8,3,12,1,0,7,9,466,165,196,43,35,28,1,65,10,5,19,3,52,49,52,61,0,0
2022-03-07,Ligue 2,3626476,Toulouse,Dunkerque,0.5436064240699329,0.367960967676357,0.0884326082537101,2,0,0,62,11,7,4,3,87,20,6,3,1,0,6,5,600,237,284,59,31,16,5,44,12,3,14,3,42,38,64,58,0,0,38,10,3,0,0,74,6,4,4,3,0,4,6,358,158,108,24,31,28,2,47,13,1,13,5,54,62,36,65,0,0
2022-03-12,Ligue 2,3626477,AC Ajaccio,SC Bastia,0.5038167938931297,0.38740458015267176,0.10877862595419847,0,1,2,72,10,2,0,0,79,11,5,6,2,0,6,4,555,243,198,50,24,40,4,69,4,1,3,0,73,63,50,68,0,0,28,3,1,1,0,50,21,1,1,1,0,1,2,222,59,51,29,17,14,1,73,11,2,34,2,53,37,50,67,0,0
2022-03-12,Ligue 2,3626479,Auxerre,Sochaux,0.45493562231759654,0.4248927038626609,0.12017167381974249,3,2,0,48,12,4,3,1,82,14,5,8,0,0,8,4,438,237,121,50,38,17,1,65,5,6,21,1,43,50,53,60,1,0,52,14,4,6,4,85,13,7,5,5,1,9,5,464,224,172,60,8,16,2,91,7,0,6,1,42,50,47,50,2,0
2022-03-12,Ligue 2,3626478,Amiens,Nancy,0.4539800995024876,0.4228855721393035,0.12313432835820895,1,0,0,57,17,4,1,1,86,10,6,8,5,1,10,7,515,161,281,71,20,18,3,58,14,1,19,1,61,56,61,56,0,0,43,8,1,1,1,74,12,3,6,1,0,3,5,393,130,160,50,18,17,1,85,8,5,19,3,45,44,39,42,0,0
2022-03-12,Ligue 2,3626480,Caen,Toulouse,0.20481927710843373,0.34156626506024096,0.4536144578313253,4,1,0,28,14,7,5,2,66,12,5,4,3,1,9,5,260,84,88,45,31,22,1,62,9,0,10,4,58,54,50,53,0,0,72,7,5,1,1,87,12,1,2,0,0,3,4,686,298,297,55,0,16,3,80,9,3,10,3,52,46,50,57,0,0
2022-03-12,Ligue 2,3626481,Dunkerque,Pau,0.326171875,0.447265625,0.2265625,1,0,0,54,11,5,1,1,72,7,7,4,2,0,7,4,372,137,132,49,27,44,2,52,12,2,14,2,61,63,44,80,0,0,46,6,2,1,1,72,17,7,2,2,0,1,5,325,120,114,49,0,26,1,82,14,2,23,4,46,37,56,63,5,0
2022-03-12,Ligue 2,3626482,Grenoble,Rodez,0.4118942731277533,0.44713656387665196,0.14096916299559473,0,0,1,62,8,1,0,0,85,13,4,2,5,0,2,6,529,302,146,57,13,29,2,62,9,1,11,2,45,51,53,33,1,0,38,7,2,0,0,74,19,1,4,1,0,4,3,316,128,105,49,33,23,2,67,10,5,12,0,43,49,47,38,5,0
2022-03-12,Ligue 2,3626483,Guingamp,Quevilly,0.45789473684210524,0.4298245614035088,0.11228070175438597,1,1,1,65,8,2,0,0,83,21,5,3,3,0,4,4,566,277,192,61,18,30,4,67,3,0,6,0,51,43,57,42,3,0,35,7,1,1,0,69,11,2,6,0,0,5,2,299,105,102,37,29,13,0,53,13,3,15,1,56,57,43,31,3,0
2022-03-12,Ligue 2,3626484,Le Havre,Nimes,0.4307228915662651,0.4503012048192771,0.11897590361445783,0,1,2,66,21,11,2,2,85,10,6,6,4,1,11,10,593,239,264,72,17,29,0,75,9,0,9,1,45,49,50,36,0,0,34,3,2,1,0,67,17,1,1,0,0,1,2,313,142,68,28,0,21,2,45,19,4,29,11,47,51,50,54,0,0
2022-03-12,Ligue 2,3626485,Paris FC,Niort,0.5741176470588235,0.3474509803921569,0.0784313725490196,2,0,0,53,7,3,3,1,78,19,2,2,2,1,4,3,537,273,147,38,0,17,0,63,8,1,10,1,67,43,66,64,0,0,47,5,1,1,1,81,7,4,3,1,0,3,2,452,234,132,43,17,26,2,67,10,2,3,1,71,57,34,63,0,0
2022-03-12,Ligue 2,3626486,Valenciennes,Dijon,0.3484848484848485,0.49326599326599324,0.15824915824915825,0,0,1,58,8,2,2,2,81,17,3,6,0,0,4,4,442,170,187,55,22,19,2,67,6,2,12,1,67,51,51,55,5,0,42,4,1,0,0,68,22,0,1,2,0,1,3,320,132,85,42,18,37,0,50,9,0,20,2,64,49,49,56,2,1
2022-03-15,Ligue 2,3626488,Dijon,Le Havre,0.362974319662706,0.47412801839785357,0.16289766193944039,2,0,0,48,9,5,0,0,79,11,7,4,0,0,4,5,408,190,132,54,14,28,7,67,12,1,20,3,56,55,54,56,0,0,52,6,3,0,0,80,9,2,2,1,0,4,2,445,195,161,56,38,28,0,47,14,0,16,4,46,45,46,53,0,0
2022-03-15,Ligue 2,3626489,Nancy,Paris FC,0.22148617511520738,0.39372119815668205,0.3847926267281106,3,0,0,38,13,7,3,1,73,10,4,3,3,0,11,2,356,116,144,37,27,19,4,22,14,6,18,4,49,57,39,33,0,0,62,15,3,0,0,83,15,7,6,6,0,9,6,580,293,188,56,25,17,4,67,13,3,11,4,49,43,61,62,0,0
2022-03-15,Ligue 2,3626490,Nimes,Auxerre,0.2874949738640933,0.46682750301568154,0.24567752312022517,1,2,2,40,2,1,0,0,78,7,7,1,0,0,2,0,413,233,89,42,5,15,3,53,14,7,15,3,51,56,43,67,0,0,60,18,5,3,1,85,12,3,6,7,0,10,8,638,288,253,65,28,24,1,75,7,0,28,1,49,44,57,62,0,0
2022-03-15,Ligue 2,3626491,Niort,Sochaux,0.27073791348600507,0.4753180661577608,0.2539440203562341,1,1,1,40,10,3,2,1,76,14,1,2,5,0,3,7,358,171,102,47,0,18,1,46,13,2,15,1,54,48,67,38,2,0,60,7,2,1,0,81,19,2,3,2,0,4,3,550,308,138,42,27,27,1,53,3,4,10,2,48,52,33,53,4,0
2022-03-15,Ligue 2,3626492,Pau,Grenoble,0.4067622950819672,0.4672131147540984,0.1260245901639344,0,1,2,71,16,2,3,3,81,15,6,11,3,1,10,6,468,166,215,47,28,29,1,78,12,0,5,1,84,58,53,56,5,0,29,5,2,1,0,61,23,2,3,0,0,2,3,200,52,70,40,22,16,2,60,6,2,35,2,64,42,47,28,4,1
2022-03-15,Ligue 2,3626493,Quevilly,AC Ajaccio,0.229070364663585,0.44889573703133023,0.3220338983050847,0,0,1,39,7,0,0,0,67,12,1,5,2,0,6,1,343,147,84,40,22,17,2,76,9,2,19,1,64,51,57,42,0,0,61,8,1,0,0,76,15,4,5,2,0,6,2,524,234,166,51,29,32,3,44,7,2,14,0,57,49,43,27,0,0
2022-03-15,Ligue 2,3626494,Rodez,Guingamp,0.2792251169004676,0.5143620574482298,0.20641282565130262,1,1,1,51,24,8,2,1,80,13,6,11,5,1,17,7,409,180,148,58,43,18,1,67,12,3,9,0,56,54,63,75,3,2,49,7,1,1,0,81,21,3,3,3,0,3,4,414,201,135,41,6,20,2,67,13,5,19,7,43,46,37,67,3,1
2022-03-15,Ligue 2,3626487,SC Bastia,Dunkerque,0.3988919667590028,0.4731301939058172,0.12797783933518006,1,0,0,42,9,4,2,2,67,17,2,3,2,0,6,3,326,101,116,46,29,33,0,70,10,2,14,1,69,46,57,44,0,0,58,5,0,1,1,77,14,6,3,2,0,3,2,449,247,97,44,10,38,0,71,17,4,10,1,70,54,43,59,0,0
2022-03-15,Ligue 2,3626495,Toulouse,Amiens,0.5223010643689813,0.38545362392295995,0.09224531170805879,6,0,0,58,25,14,6,2,87,16,4,7,4,0,17,8,543,222,249,50,43,20,3,71,13,5,10,1,51,46,57,52,0,0,42,10,1,0,0,80,7,4,4,5,0,4,6,399,177,143,38,23,16,2,60,7,4,15,9,54,54,43,52,0,0
2022-03-15,Ligue 2,3626496,Valenciennes,Caen,0.3222936233316856,0.481463173504696,0.1962432031636184,1,1,1,40,8,5,1,0,59,26,2,2,1,0,4,4,298,87,90,35,15,27,0,25,15,2,20,5,71,42,47,64,4,0,60,14,6,2,1,75,24,5,6,2,0,9,5,453,177,165,37,37,26,3,67,13,1,15,4,90,58,53,75,2,0
2022-03-19,Ligue 2,3626499,Auxerre,Toulouse,0.2501540357362908,0.39125077017868143,0.3585951940850277,1,2,2,40,8,5,0,0,77,14,2,2,1,0,5,3,366,173,107,41,22,26,0,67,17,4,19,1,40,38,38,57,0,0,60,16,3,6,4,84,13,5,7,6,1,7,9,539,244,208,45,24,17,2,44,7,1,9,4,65,62,62,83,0,0
2022-03-19,Ligue 2,3626503,Le Havre,Caen,0.36570561456752654,0.464339908952959,0.16995447647951442,2,4,2,58,13,6,2,0,81,22,7,6,1,0,8,5,420,203,136,45,44,11,2,22,4,1,6,2,58,51,50,68,0,0,42,14,6,4,1,77,18,4,7,1,2,11,3,302,113,121,47,50,8,5,71,14,1,17,4,56,49,50,29,0,0
2022-03-19,Ligue 2,3626497,AC Ajaccio,Nimes,0.44124168514412415,0.417960088691796,0.14079822616407983,1,0,0,60,24,10,3,3,79,10,11,12,2,1,15,9,480,150,229,45,22,37,0,67,15,1,10,1,43,39,42,29,0,0,40,3,1,0,0,66,9,2,1,1,0,3,0,344,145,81,36,17,29,1,58,19,3,40,8,64,61,58,63,0,0
2022-03-19,Ligue 2,3626498,Amiens,Dijon,0.3527454242928453,0.4891846921797005,0.15806988352745424,1,1,1,58,15,4,2,2,84,11,10,8,3,1,9,6,508,239,188,73,26,22,3,53,8,2,10,2,61,53,61,67,0,0,42,7,2,0,0,76,12,4,3,2,0,3,4,376,166,121,43,21,17,1,79,21,3,17,3,50,47,39,53,0,0
2022-03-19,Ligue 2,3626500,Dunkerque,Valenciennes,0.32537960954446854,0.4967462039045553,0.17787418655097614,1,2,2,60,12,2,0,0,68,10,6,4,6,0,7,5,480,156,172,44,23,39,6,52,9,0,21,2,84,54,63,35,0,0,40,4,4,2,1,59,22,3,0,0,0,3,1,323,86,105,30,23,31,2,73,21,6,30,1,63,46,38,63,0,0
2022-03-19,Ligue 2,3626501,Grenoble,SC Bastia,0.3288084464555053,0.4781297134238311,0.19306184012066366,1,1,1,45,10,4,1,1,73,15,1,2,4,0,6,4,377,168,107,45,0,35,2,53,6,0,24,1,49,49,46,33,1,0,55,8,2,2,2,76,16,6,5,1,0,7,1,447,172,169,49,27,34,2,50,12,4,9,3,52,51,54,27,2,0
2022-03-19,Ligue 2,3626502,Guingamp,Nancy,0.39045936395759717,0.46113074204946997,0.14840989399293286,3,1,0,52,14,5,2,1,79,15,11,5,4,0,8,6,415,183,143,60,21,17,1,61,10,5,11,3,62,51,55,63,1,0,48,15,4,2,1,76,11,6,6,5,1,11,4,383,166,124,46,40,20,1,75,16,4,8,2,56,49,45,50,1,0
2022-03-19,Ligue 2,3626504,Niort,Quevilly,0.43047619047619046,0.4704761904761905,0.09904761904761905,2,0,0,38,11,4,2,0,76,18,1,6,1,0,6,5,306,147,86,41,20,25,7,79,10,4,22,2,62,58,68,43,0,0,62,8,2,0,0,83,25,5,2,4,0,6,2,481,253,145,45,11,24,0,70,4,1,7,2,40,42,32,33,0,0
2022-03-19,Ligue 2,3626505,Paris FC,Pau,0.5385839299920445,0.36833731105807477,0.09307875894988067,1,1,1,54,13,1,1,0,76,19,4,5,7,0,7,6,461,190,159,60,33,20,2,53,9,2,12,1,71,48,58,52,2,0,46,6,3,3,2,76,19,3,2,1,0,5,1,393,185,112,50,27,22,1,56,19,7,13,0,67,52,42,53,2,0
2022-03-19,Ligue 2,3626506,Sochaux,Rodez,0.4781954887218045,0.43007518796992483,0.09172932330827067,2,0,0,60,18,7,4,2,86,11,5,7,4,1,11,7,563,323,162,58,24,19,1,42,3,0,20,4,53,62,55,56,4,0,40,5,4,0,0,78,18,3,1,0,0,3,2,362,169,113,44,38,21,0,57,10,4,15,5,35,38,45,63,4,0
2022-04-02,Ligue 2,3626515,Toulouse,Paris FC,0.5141141141141141,0.35435435435435436,0.13153153153153152,2,1,0,62,11,6,3,2,87,9,6,3,2,0,8,3,646,228,336,73,25,26,3,62,10,2,6,1,49,39,66,32,0,0,38,5,2,1,0,76,8,3,1,2,0,5,0,388,174,122,38,36,25,1,50,15,2,17,4,56,61,34,64,0,0
2022-04-02,Ligue 2,3626508,Caen,Dunkerque,0.5072847682119205,0.3920529801324503,0.10066225165562914,2,1,0,52,10,5,3,1,79,19,1,3,2,1,10,0,495,224,168,53,46,17,1,83,11,0,16,0,68,48,65,47,0,0,48,4,1,2,1,77,17,1,3,0,0,3,1,447,187,155,42,21,21,3,73,12,2,12,3,62,52,35,61,0,0
2022-04-02,Ligue 2,3626509,Dijon,Grenoble,0.4328097731239092,0.44851657940663175,0.11867364746945899,1,0,0,55,14,5,1,0,81,11,10,6,3,0,8,6,469,183,197,65,18,19,1,52,8,0,6,0,70,60,67,61,0,0,45,1,0,0,0,76,15,1,1,0,0,0,1,405,218,90,44,0,20,1,50,17,3,26,4,44,40,33,39,2,1
2022-04-02,Ligue 2,3626511,Nimes,Guingamp,0.3683168316831683,0.4633663366336634,0.16831683168316833,0,2,2,50,8,1,1,1,85,8,5,6,1,0,4,4,500,197,230,59,19,31,1,50,12,3,20,3,38,41,43,28,1,0,50,17,6,3,1,81,10,7,9,2,0,11,6,498,231,171,38,35,18,1,63,9,1,16,1,53,59,57,60,0,0
2022-04-02,Ligue 2,3626512,Pau,Le Havre,0.3638297872340426,0.46170212765957447,0.17446808510638298,2,1,0,40,9,4,3,2,81,8,0,4,1,0,6,3,374,162,141,48,6,18,5,80,14,2,18,4,43,47,53,39,1,0,60,12,4,1,0,84,9,5,6,2,1,5,7,571,266,214,60,13,22,0,81,6,1,7,2,46,53,47,65,1,0
2022-04-02,Ligue 2,3626513,Quevilly,Sochaux,0.2623318385650224,0.44170403587443946,0.29596412556053814,0,2,2,44,11,2,0,0,74,8,9,5,4,0,5,6,377,160,119,29,15,26,1,63,5,3,10,2,54,63,61,67,2,0,56,11,4,3,1,81,11,3,4,3,0,6,5,515,261,157,44,23,22,1,58,7,4,20,2,33,38,39,56,0,0
2022-04-02,Ligue 2,3626514,Rodez,Niort,0.32142857142857145,0.4642857142857143,0.21428571428571427,1,1,1,45,7,2,0,0,74,17,5,4,1,1,6,1,376,158,119,47,36,18,2,50,14,2,22,5,49,36,60,38,1,0,55,9,6,0,0,79,10,8,2,1,0,4,5,459,225,137,51,19,24,0,71,2,1,11,1,58,64,40,63,1,0
2022-04-02,Ligue 2,3626507,SC Bastia,Auxerre,0.29471890971039183,0.40034071550255534,0.3049403747870528,1,1,1,42,8,1,0,0,68,10,2,5,2,0,2,6,399,175,97,28,9,17,7,60,23,1,23,1,49,54,41,56,0,0,58,9,2,1,0,78,9,7,6,1,0,6,3,535,244,171,53,25,28,3,63,13,2,9,0,51,46,59,25,0,0
2022-04-02,Ligue 2,3626516,Valenciennes,Amiens,0.34811529933481156,0.4678492239467849,0.18403547671840353,0,2,2,55,16,5,1,1,78,17,6,7,4,0,8,8,486,184,194,54,21,22,1,57,7,0,6,2,51,48,39,55,2,0,45,9,4,1,0,78,17,1,5,0,0,4,5,417,190,137,47,0,13,6,38,16,4,28,4,60,52,61,61,0,0
2022-04-04,Ligue 2,3626510,Nancy,AC Ajaccio,0.3016645326504481,0.4058898847631242,0.29244558258642767,0,2,2,41,7,1,2,2,63,15,0,5,1,1,3,4,320,86,115,38,18,22,0,42,8,4,32,2,57,52,57,33,0,0,59,13,4,3,1,74,16,6,5,4,0,5,8,463,181,160,28,12,26,3,80,8,1,15,2,48,48,43,45,0,0
2022-04-09,Ligue 2,3626521,Guingamp,Toulouse,0.19510385756676557,0.3701780415430267,0.43471810089020774,2,4,2,49,16,6,0,0,80,13,7,3,7,0,4,12,415,173,157,48,15,23,2,57,10,2,10,2,45,54,45,62,3,0,51,14,6,1,1,81,13,2,6,2,0,9,5,461,227,145,55,33,15,1,85,11,7,23,4,43,46,55,80,3,0
2022-04-09,Ligue 2,3626517,AC Ajaccio,Pau,0.5100548446069469,0.38939670932358317,0.10054844606946983,2,1,0,50,23,9,7,5,74,13,4,11,3,1,18,5,402,137,161,47,31,30,1,64,16,1,9,1,63,51,53,35,1,0,50,5,2,3,3,75,13,2,2,1,0,4,1,408,163,141,50,20,26,5,74,14,3,21,7,59,49,47,30,2,0
2022-04-09,Ligue 2,3626518,Amiens,SC Bastia,0.373134328358209,0.4968017057569296,0.1300639658848614,0,0,1,56,8,4,0,0,84,14,2,4,0,0,6,2,551,266,198,62,36,34,3,45,13,1,7,2,50,42,56,38,0,0,44,4,2,0,0,76,15,1,1,1,0,2,2,422,164,158,46,9,17,4,74,7,0,14,4,58,58,44,69,0,0
2022-04-09,Ligue 2,3626519,Auxerre,Valenciennes,0.5020632737276479,0.4030261348005502,0.09491059147180192,1,0,0,57,14,5,0,0,78,14,6,2,7,0,10,4,529,235,176,52,50,24,6,64,8,1,13,0,58,48,46,47,1,0,43,5,0,0,0,80,12,2,4,1,0,2,3,390,174,139,44,11,24,3,36,14,7,14,4,65,52,54,52,3,0
2022-04-09,Ligue 2,3626520,Grenoble,Caen,0.29963235294117646,0.41544117647058826,0.2849264705882353,0,2,2,46,5,2,1,1,79,13,4,3,0,0,3,2,421,191,142,41,27,20,1,71,9,0,13,3,51,48,44,27,1,0,54,8,5,1,0,82,20,0,3,0,0,3,5,500,250,160,67,15,23,0,58,9,0,7,2,56,52,56,47,2,0
2022-04-09,Ligue 2,3626522,Le Havre,Dunkerque,0.4187866927592955,0.461839530332681,0.11937377690802348,2,1,0,57,10,6,3,2,79,9,3,2,2,0,7,3,468,194,178,53,16,24,1,56,10,5,13,6,51,51,41,35,0,0,43,18,7,3,2,74,17,8,5,6,0,15,3,335,105,142,40,44,22,2,72,22,3,12,3,55,49,59,69,0,0
2022-04-09,Ligue 2,3626523,Niort,Nimes,0.3357271095152603,0.48114901256732495,0.18312387791741472,0,0,1,52,12,0,0,0,76,13,8,8,4,1,6,6,468,194,163,50,29,26,3,57,9,1,11,0,77,58,57,70,0,0,48,5,0,0,0,77,16,2,4,1,0,3,2,427,224,105,41,35,21,2,70,11,4,28,1,56,42,43,23,0,0
2022-04-09,Ligue 2,3626525,Quevilly,Rodez,0.336322869955157,0.4910313901345291,0.1726457399103139,2,0,0,48,13,3,0,0,68,17,2,6,4,0,4,9,324,111,108,38,29,19,1,33,16,6,20,8,73,54,61,58,3,0,52,18,8,2,2,67,12,3,4,6,0,9,9,351,111,124,43,36,30,0,53,11,4,11,1,57,46,39,56,3,0
2022-04-09,Ligue 2,3626526,Sochaux,Nancy,0.4993983152827918,0.39590854392298436,0.10469314079422383,1,0,0,52,9,3,2,1,81,15,6,3,3,0,6,3,449,220,142,54,31,28,1,88,10,3,20,3,52,49,44,31,2,0,48,14,3,0,0,78,13,6,8,3,0,7,7,412,172,151,39,20,22,0,76,16,3,10,3,57,51,56,60,1,1
2022-04-11,Ligue 2,3626524,Paris FC,Dijon,0.4694972067039106,0.3830167597765363,0.14748603351955308,2,2,1,68,10,3,1,0,83,17,4,5,2,0,6,4,565,260,208,52,28,27,3,58,7,1,11,2,51,42,45,65,0,0,32,8,4,3,1,67,8,4,3,1,0,5,3,253,86,83,38,27,15,0,75,13,2,26,1,68,58,55,93,0,0
2022-04-16,Ligue 2,3626533,Pau,Auxerre,0.2742616033755274,0.41877637130801687,0.3069620253164557,1,4,2,39,7,3,0,0,82,8,4,1,3,0,5,2,363,184,112,45,12,13,2,75,7,4,21,7,42,58,59,65,3,2,61,26,11,4,2,89,11,3,11,4,0,16,10,586,218,301,74,29,18,0,43,10,2,13,2,30,42,41,67,1,0
2022-04-16,Ligue 2,3626535,Toulouse,Quevilly,0.5725534308211474,0.33970753655793023,0.08773903262092239,2,0,0,67,19,7,5,3,86,14,12,9,3,0,12,7,540,222,243,64,23,22,2,43,7,2,10,5,46,45,48,57,0,0,33,13,4,1,1,69,9,2,7,2,0,5,8,275,106,83,50,38,20,3,61,9,4,21,4,54,55,52,55,0,0
2022-04-16,Ligue 2,3626528,Caen,Amiens,0.43440233236151604,0.4392614188532556,0.12633624878522837,1,1,1,52,14,6,0,0,80,17,3,4,4,0,8,6,451,183,180,66,13,22,1,71,9,1,8,2,46,45,50,48,0,0,48,6,3,2,1,79,12,3,2,1,0,4,2,431,175,166,39,22,17,5,62,18,4,12,5,53,55,50,50,0,0
2022-04-16,Ligue 2,3626529,Dijon,AC Ajaccio,0.8307692307692308,0.15384615384615385,0.015384615384615385,0,3,2,58,7,0,0,0,75,18,5,6,1,0,5,2,403,177,125,44,19,20,1,79,15,0,10,2,76,55,60,73,0,0,42,7,5,2,1,68,19,3,2,0,0,4,3,301,111,95,39,25,28,2,69,12,1,23,0,57,45,40,47,0,0
2022-04-16,Ligue 2,3626530,Dunkerque,Grenoble,0.3392857142857143,0.47564935064935066,0.18506493506493507,0,3,2,62,4,2,1,1,76,17,4,1,1,0,3,1,434,170,160,51,29,40,0,44,12,3,10,2,60,46,39,35,0,0,38,11,5,4,1,60,20,7,3,3,0,9,2,271,81,81,34,33,29,3,67,13,1,17,2,75,54,61,39,1,0
2022-04-16,Ligue 2,3626531,Nancy,Niort,0.3572228443449048,0.46472564389697646,0.1780515117581187,0,2,2,60,10,1,2,2,82,16,2,7,2,0,4,6,509,213,202,64,24,25,0,67,8,2,10,4,52,43,60,40,0,0,40,11,6,1,0,73,13,5,3,2,0,10,1,345,150,103,41,36,31,1,62,11,2,21,1,55,57,40,68,0,0
2022-04-16,Ligue 2,3626532,Nimes,Sochaux,0.25806451612903225,0.4664341761115955,0.27550130775937226,1,3,2,37,9,4,2,1,72,14,4,4,1,1,7,2,338,151,91,37,45,32,2,45,19,2,9,3,45,57,39,78,1,0,63,12,6,5,3,83,15,2,4,2,2,7,5,569,340,135,51,14,22,4,80,10,1,9,3,45,43,61,58,2,0
2022-04-16,Ligue 2,3626534,Rodez,Paris FC,0.2037037037037037,0.4063786008230453,0.389917695473251,0,1,2,46,9,2,1,1,83,12,3,3,4,0,7,2,414,205,137,58,19,21,3,64,10,2,12,1,39,55,41,67,0,0,54,6,2,0,0,86,13,6,2,2,0,3,3,513,300,140,47,11,20,2,13,7,4,22,2,40,45,59,17,0,0
2022-04-16,Ligue 2,3626527,SC Bastia,Guingamp,0.36639118457300274,0.47107438016528924,0.162534435261708,1,2,2,47,8,2,1,0,73,10,6,4,2,0,3,5,375,150,122,38,36,21,5,53,15,1,16,2,55,53,47,63,2,0,53,9,4,4,2,76,18,1,4,1,0,5,4,441,221,115,44,8,24,2,67,17,2,15,1,53,47,53,59,1,0
2022-04-16,Ligue 2,3626536,Valenciennes,Le Havre,0.2978515625,0.51171875,0.1904296875,0,1,2,38,12,1,0,0,76,13,6,8,3,0,5,7,331,140,112,31,37,13,2,80,23,4,17,2,46,46,45,42,3,0,62,11,3,3,2,85,10,6,4,4,0,8,3,565,306,174,66,7,18,5,80,7,2,11,1,55,54,55,52,2,0
2022-04-19,Ligue 2,3626537,AC Ajaccio,Dunkerque,0.5129230769230769,0.3883076923076923,0.09876923076923078,2,1,0,52,14,8,3,2,72,14,6,5,1,0,7,7,401,133,155,51,32,38,2,63,16,0,8,0,63,52,58,32,0,0,48,2,1,1,1,65,14,2,1,0,0,0,2,376,141,102,33,0,28,2,52,8,1,12,6,54,48,42,25,0,0
2022-04-19,Ligue 2,3626538,Amiens,Le Havre,0.35666148263348885,0.48522550544323484,0.15811301192327631,0,2,2,48,11,1,1,1,83,14,4,7,3,0,7,4,458,189,192,67,29,17,3,79,16,2,6,1,45,57,57,75,0,0,52,10,3,2,1,85,11,2,5,2,1,7,3,495,251,172,55,14,21,0,38,17,3,10,1,34,43,43,50,0,0
2022-04-19,Ligue 2,3626539,Auxerre,Dijon,0.46217879116901917,0.41947158885269636,0.11834961997828447,2,1,0,56,16,7,0,0,82,13,5,5,4,0,13,3,514,257,164,61,29,23,2,63,14,1,11,0,56,52,43,48,0,0,44,8,1,0,0,77,13,2,6,1,0,3,5,399,195,113,38,0,25,4,47,13,3,17,5,56,48,57,47,0,0
2022-04-19,Ligue 2,3626540,Grenoble,Valenciennes,0.3556132381570409,0.4834523036988968,0.1609344581440623,3,0,0,35,9,4,3,1,58,22,1,2,3,0,8,1,239,69,70,29,50,18,1,50,14,1,18,4,55,44,37,55,4,0,65,7,4,0,0,77,14,5,2,1,0,4,3,431,180,151,63,21,37,1,31,6,4,8,0,77,56,63,50,2,0
2022-04-19,Ligue 2,3626541,Guingamp,Pau,0.41088580576307365,0.4663820704375667,0.12273212379935966,3,0,0,58,14,6,2,1,85,12,4,6,2,0,9,5,555,295,175,61,29,28,1,50,14,6,12,0,50,50,70,44,3,0,42,11,0,0,0,82,9,7,5,6,0,6,5,388,173,144,47,24,11,0,44,21,2,15,3,41,50,30,50,2,0
2022-04-19,Ligue 2,3626542,Niort,SC Bastia,0.37151898734177213,0.4911392405063291,0.13734177215189874,1,1,1,47,7,3,3,2,77,16,2,3,1,0,5,2,378,214,76,39,38,31,0,42,7,5,12,2,48,51,43,63,0,0,53,11,4,2,1,80,15,5,3,4,0,5,6,426,214,126,57,19,24,1,71,14,1,12,2,50,49,57,80,0,0
2022-04-19,Ligue 2,3626543,Paris FC,Caen,0.4401805869074492,0.4330323551542513,0.12678705793829947,1,0,0,47,5,2,0,0,83,18,3,1,2,0,1,4,479,251,146,47,20,11,0,58,6,0,19,4,46,48,39,50,0,0,53,9,4,1,1,85,14,6,5,0,0,6,3,538,245,214,50,27,22,2,46,9,2,6,1,53,52,61,44,0,0
2022-04-19,Ligue 2,3626544,Quevilly,Nimes,0.30887045309508615,0.4843650287172942,0.20676451818761965,0,1,2,56,16,2,0,0,76,14,3,9,5,0,11,5,447,180,159,56,53,36,5,60,9,2,13,3,68,49,69,43,0,0,44,6,4,1,0,70,15,0,0,2,0,4,2,355,156,94,34,15,30,3,63,13,5,20,2,56,51,31,50,0,0
2022-04-19,Ligue 2,3626545,Rodez,Nancy,0.36153846153846153,0.4846153846153846,0.15384615384615385,1,1,1,40,14,2,2,2,73,19,6,9,3,1,11,3,291,99,112,47,37,22,1,46,12,2,22,4,56,45,57,53,1,0,60,12,5,2,1,83,10,5,5,2,1,7,5,464,220,163,65,13,29,2,71,8,3,14,1,57,55,43,46,1,0
2022-04-19,Ligue 2,3626546,Sochaux,Toulouse,0.22892289228922894,0.40864086408640865,0.36243624362436244,1,1,1,45,10,3,1,0,79,15,5,2,5,0,3,7,408,199,123,38,20,15,1,58,10,8,5,5,47,59,19,50,4,0,55,18,6,7,6,84,18,4,4,8,0,12,6,493,184,229,50,29,18,2,45,11,5,14,2,51,41,81,33,2,0
2022-04-22,Ligue 2,3626549,Dijon,Guingamp,0.3523371104815864,0.44511331444759206,0.20254957507082152,3,3,1,35,14,4,5,2,72,12,3,6,4,2,10,4,298,111,103,40,30,13,1,60,9,6,25,3,54,43,47,33,1,0,65,25,6,5,3,85,8,10,13,6,1,17,8,559,292,185,70,32,26,3,75,8,4,8,1,68,57,53,68,1,0
2022-04-22,Ligue 2,3626550,Dunkerque,Amiens,0.29731154454401687,0.463363205060622,0.2393252503953611,0,0,1,45,9,2,0,0,75,13,1,6,1,0,3,6,389,155,136,46,20,17,1,50,15,3,20,4,54,55,48,67,0,0,55,10,4,3,3,79,12,8,3,3,0,7,3,486,198,188,49,36,30,3,50,11,1,22,2,48,45,52,47,0,0
2022-04-22,Ligue 2,3626551,Le Havre,Grenoble,0.4375857338820302,0.4535893918609968,0.10882487425697303,0,1,2,71,15,4,0,0,91,10,5,5,6,0,7,8,701,275,365,87,10,18,1,50,14,3,10,2,34,44,50,38,0,0,29,9,3,0,0,73,12,3,3,3,0,3,6,278,121,82,52,11,20,4,56,12,6,22,4,42,56,50,71,0,0
2022-04-22,Ligue 2,3626553,Nimes,Rodez,0.4080370942812983,0.4549201442555384,0.13704276146316333,3,2,0,50,6,5,3,0,82,10,1,1,0,0,5,1,404,220,111,36,36,14,2,50,20,4,34,3,65,58,48,56,0,0,50,16,5,4,2,81,22,7,7,4,0,10,6,380,150,156,72,23,26,1,53,7,0,5,2,53,42,52,53,2,0
2022-04-22,Ligue 2,3626554,Pau,Sochaux,0.240620957309185,0.4420008624407072,0.3173781802501078,0,1,2,52,12,2,2,2,85,11,4,4,6,0,6,6,482,264,144,51,15,32,2,54,17,1,6,1,45,52,52,47,1,0,48,6,2,0,0,83,10,3,3,1,0,5,1,446,250,120,47,30,15,1,43,7,6,13,2,42,48,48,50,1,0
2022-04-22,Ligue 2,3626547,SC Bastia,Paris FC,0.25626423690205014,0.428246013667426,0.31548974943052394,2,1,0,41,12,4,3,1,74,14,3,5,3,0,9,3,333,138,107,39,60,11,3,50,6,3,32,6,55,54,39,44,0,0,59,17,7,3,2,79,18,8,6,4,0,10,7,475,207,168,55,26,33,5,67,3,3,6,2,63,46,61,50,0,0
2022-04-22,Ligue 2,3626556,Valenciennes,AC Ajaccio,0.210997018880424,0.393839019542895,0.39516396157668104,0,0,1,43,4,1,0,0,67,13,5,2,1,0,2,2,313,113,96,43,14,29,2,52,4,3,16,1,75,50,63,46,2,0,57,10,1,0,0,75,14,3,6,3,0,8,2,415,186,125,41,15,36,0,60,13,1,19,1,63,50,38,62,3,0
2022-04-23,Ligue 2,3626548,Caen,Auxerre,0.28003457216940364,0.44857389801210024,0.2713915298184961,1,1,1,59,16,2,0,0,83,15,7,11,3,0,7,9,469,157,230,51,17,19,7,64,12,2,8,4,53,49,57,62,0,0,41,8,5,3,2,72,14,4,1,2,0,6,2,345,148,100,39,38,12,2,65,13,3,35,2,51,51,43,80,0,0
2022-04-25,Ligue 2,3626555,Toulouse,Niort,0.5365554465161924,0.3689892051030422,0.09445534838076546,2,0,0,55,20,7,2,0,88,14,7,9,4,1,11,9,575,291,217,70,46,18,3,53,4,1,8,2,49,59,65,71,0,0,45,5,2,1,1,86,6,2,2,1,0,2,3,478,281,130,46,20,21,2,100,7,4,21,5,32,41,35,31,0,0
2022-04-30,Ligue 2,3626558,Auxerre,Dunkerque,0.54375,0.378125,0.078125,1,0,0,71,18,4,2,1,84,20,11,6,8,0,9,9,546,219,240,63,19,27,2,88,11,0,12,4,47,44,45,44,0,0,29,6,4,2,2,67,17,3,2,0,0,4,2,227,73,80,41,18,19,1,65,16,8,39,3,59,56,55,56,0,0
2022-04-30,Ligue 2,3626557,AC Ajaccio,Le Havre,0.47750591949486976,0.4127861089187056,0.10970797158642462,2,1,0,34,10,5,1,0,67,13,6,5,0,1,4,6,278,70,117,41,21,20,2,56,21,0,13,2,49,40,60,45,0,0,66,9,3,0,0,82,10,1,6,0,0,5,4,565,323,138,56,20,35,2,68,9,0,10,3,63,60,40,71,0,0
2022-04-30,Ligue 2,3626559,Grenoble,Amiens,0.34341637010676157,0.4893238434163701,0.16725978647686832,1,1,1,36,13,2,1,0,74,12,6,8,3,0,7,6,328,118,126,36,27,24,1,71,13,2,25,1,47,51,69,71,1,0,64,7,2,1,0,86,11,10,3,2,0,6,1,588,274,233,55,27,15,0,81,11,3,9,1,40,49,31,64,3,0
2022-04-30,Ligue 2,3626560,Guingamp,Caen,0.37433862433862436,0.46825396825396826,0.1574074074074074,2,1,0,55,25,9,3,2,86,15,6,13,3,1,16,9,460,182,213,54,25,23,2,73,14,1,6,5,55,53,52,53,1,0,45,8,6,3,2,80,19,3,1,1,0,6,2,376,194,108,47,14,13,0,29,9,3,18,7,49,47,48,54,3,0
2022-04-30,Ligue 2,3626561,Nancy,Nimes,0.27923976608187134,0.4473684210526316,0.2733918128654971,1,3,2,56,25,10,4,3,79,12,9,8,7,1,17,8,445,126,226,51,33,31,2,64,15,5,14,4,57,48,65,55,0,0,44,12,7,2,0,72,10,7,0,5,0,6,6,354,179,76,38,20,23,4,83,13,5,31,9,50,52,35,53,0,0
2022-04-30,Ligue 2,3626562,Niort,Dijon,0.3273001508295626,0.48717948717948717,0.18552036199095023,1,3,2,46,10,4,3,2,78,7,4,6,0,1,7,3,390,220,85,46,21,30,5,67,14,3,7,6,57,58,48,89,0,0,54,19,9,5,4,79,13,6,7,3,1,17,2,461,236,130,50,31,28,0,73,12,0,14,4,47,42,52,50,0,0
2022-04-30,Ligue 2,3626563,Paris FC,Valenciennes,0.5057915057915058,0.39285714285714285,0.10135135135135136,1,1,1,69,12,3,1,0,81,12,8,3,6,0,8,4,561,252,205,49,26,23,3,54,8,3,11,7,51,53,53,86,4,0,31,15,8,1,0,65,14,2,4,3,0,8,7,260,76,94,21,15,19,1,63,9,6,31,2,45,47,47,60,1,0
2022-04-30,Ligue 2,3626564,Quevilly,Pau,0.36561264822134387,0.48023715415019763,0.1541501976284585,1,2,2,42,9,4,2,1,67,14,3,1,4,0,5,4,333,99,125,35,24,24,2,71,12,2,12,1,49,49,56,43,1,0,58,10,3,2,0,78,7,4,5,2,0,9,1,478,226,146,31,22,28,2,67,9,4,13,3,47,51,44,41,0,0
2022-04-30,Ligue 2,3626566,Sochaux,SC Bastia,0.47,0.4166666666666667,0.11333333333333333,2,1,0,57,9,2,0,0,85,17,5,4,3,0,2,7,442,237,139,83,21,16,1,46,11,2,4,0,50,45,57,44,2,0,43,4,0,0,0,74,15,1,2,2,0,2,2,342,151,101,33,40,15,2,50,12,2,11,2,53,55,43,67,3,0
2022-05-02,Ligue 2,3626565,Rodez,Toulouse,0.21568627450980393,0.38777393310265285,0.3965397923875433,1,0,0,30,10,3,1,0,64,10,8,4,3,1,5,5,245,97,59,32,24,19,0,89,11,1,20,3,44,52,30,85,1,0,70,15,3,6,6,85,12,6,9,3,1,14,1,621,251,274,57,35,17,2,55,9,3,14,2,60,48,70,82,1,0
2022-05-07,Ligue 2,3626567,Amiens,Paris FC,0.24748322147651006,0.4546979865771812,0.2978187919463087,1,2,2,52,13,5,2,2,88,14,3,5,3,0,10,3,507,239,207,65,23,22,2,79,13,1,5,3,50,54,52,63,0,0,48,14,5,1,0,89,17,4,8,1,0,8,6,461,198,212,73,21,13,3,69,15,3,21,4,43,46,48,40,0,0
2022-05-07,Ligue 2,3626569,Caen,Quevilly,0.39770114942528734,0.4689655172413793,0.13333333333333333,2,0,0,51,9,4,1,0,74,15,7,5,0,1,6,3,369,150,123,55,0,25,3,71,13,4,11,4,62,52,52,46,0,0,49,10,4,2,2,73,24,4,2,4,0,6,4,354,173,87,41,36,14,3,74,13,0,26,2,57,48,48,42,0,0
2022-05-07,Ligue 2,3626570,Dijon,Nancy,0.45733788395904434,0.41751990898748575,0.12514220705346984,2,3,2,50,14,6,3,2,78,12,9,6,2,0,10,4,383,161,136,55,35,31,2,62,7,2,17,1,66,48,62,54,0,0,50,10,4,3,1,79,7,3,4,2,2,6,4,389,138,168,55,22,36,2,58,12,2,16,4,61,52,38,48,0,0
2022-05-07,Ligue 2,3626571,Dunkerque,Guingamp,0.243202416918429,0.46676737160120846,0.29003021148036257,1,3,2,47,17,4,2,1,84,19,3,13,0,0,8,9,415,199,148,43,26,19,1,75,5,2,11,2,35,39,32,64,2,0,53,11,5,2,0,84,12,8,4,2,0,9,2,480,244,158,59,21,16,5,58,4,0,13,3,58,61,68,68,1,0
2022-05-07,Ligue 2,3626572,Grenoble,AC Ajaccio,0.2101967799642218,0.41681574239713776,0.37298747763864043,1,1,1,40,4,1,0,0,58,12,2,2,1,0,1,3,289,94,75,37,50,28,1,64,8,1,31,8,50,45,46,50,3,1,60,13,9,2,1,72,8,6,3,1,0,11,2,423,151,155,46,21,35,1,71,14,1,2,0,60,55,54,54,0,0
2022-05-07,Ligue 2,3626573,Le Havre,Auxerre,0.25478348439073517,0.42900302114803623,0.3162134944612286,1,2,2,45,9,3,3,2,86,7,4,4,2,0,4,5,421,214,147,64,29,13,6,79,9,3,25,5,44,47,58,50,0,0,55,21,7,2,1,87,8,3,11,3,0,11,10,521,199,254,74,35,20,2,70,10,2,10,2,44,53,42,78,0,0
2022-05-07,Ligue 2,3626574,Pau,Niort,0.35175879396984927,0.507537688442211,0.1407035175879397,2,2,1,66,14,3,3,1,87,10,11,5,6,1,10,4,585,321,190,66,16,19,2,65,4,0,12,1,61,54,69,72,0,0,34,9,3,2,1,77,10,2,6,0,2,7,2,310,145,95,46,62,16,3,63,8,6,25,1,45,46,31,50,0,0
2022-05-07,Ligue 2,3626568,SC Bastia,Rodez,0.3744493392070485,0.48604992657856094,0.1395007342143906,0,1,2,60,7,4,1,1,81,10,2,1,2,0,3,4,496,256,146,53,18,13,2,58,13,2,8,2,64,63,67,63,1,0,40,10,3,2,1,71,18,7,5,2,0,8,2,316,117,108,46,44,26,0,20,5,2,10,4,36,37,33,33,2,0
2022-05-07,Ligue 2,3626575,Toulouse,Nimes,0.5277611940298508,0.3725373134328358,0.09970149253731343,2,1,0,68,25,7,2,2,86,10,15,14,4,0,13,12,566,208,277,59,30,29,5,56,3,0,4,3,46,51,44,21,0,0,32,6,4,1,0,68,14,2,2,0,0,5,1,282,125,68,33,50,20,0,82,15,4,30,5,47,49,56,17,0,0
2022-05-07,Ligue 2,3626576,Valenciennes,Sochaux,0.23787528868360278,0.4445727482678984,0.31755196304849886,1,0,0,27,6,1,2,1,67,13,2,2,3,0,4,2,251,98,70,26,14,8,3,80,16,4,29,4,54,50,44,39,3,0,73,14,4,0,0,87,11,4,6,4,0,4,10,656,308,265,61,18,29,3,70,4,3,5,0,57,50,56,50,3,0
2022-05-14,Ligue 2,3626577,AC Ajaccio,Toulouse,0.3369098712446352,0.3789699570815451,0.28412017167381975,1,0,0,38,16,9,4,3,69,9,2,5,2,0,6,10,307,103,110,33,20,27,3,72,8,2,16,1,56,66,32,64,0,0,62,7,1,1,1,81,9,4,4,2,0,3,4,507,244,169,51,25,37,2,60,9,2,11,8,49,34,68,48,0,0
2022-05-14,Ligue 2,3626578,Auxerre,Amiens,0.5440140845070423,0.36502347417840375,0.09096244131455399,2,1,0,64,25,11,3,2,89,7,7,12,2,1,15,10,637,260,305,68,19,20,2,56,10,2,8,3,30,53,48,63,0,0,36,9,4,2,2,84,6,0,3,2,0,4,5,367,163,145,53,13,9,1,71,8,3,21,8,29,47,52,67,0,0
2022-05-14,Ligue 2,3626579,Guingamp,Le Havre,0.4190919674039581,0.4307334109429569,0.15017462165308498,2,1,0,44,24,9,3,3,87,7,3,14,1,1,14,10,439,183,199,78,42,15,3,61,3,5,15,5,39,53,86,75,0,0,56,15,5,1,1,92,4,6,5,5,0,9,6,550,283,222,71,6,11,0,77,9,1,9,7,30,47,14,45,0,0
2022-05-14,Ligue 2,3626580,Nancy,Pau,0.3397489539748954,0.4845188284518828,0.17573221757322174,2,3,2,57,13,4,2,2,87,12,6,6,3,1,9,4,540,210,262,75,35,23,0,63,10,2,13,2,45,43,54,67,1,0,43,9,5,5,2,82,12,5,2,2,0,5,4,420,198,148,46,30,15,4,67,12,3,19,2,53,57,46,67,1,0
2022-05-14,Ligue 2,3626581,Nimes,SC Bastia,0.3704061895551257,0.48452611218568664,0.1450676982591876,0,2,2,55,7,1,0,0,82,14,5,2,4,0,4,3,471,237,151,45,11,21,1,71,13,3,12,2,51,53,58,57,0,0,45,13,4,3,1,80,15,5,6,3,0,8,5,391,185,129,52,31,24,4,71,10,4,23,1,43,47,42,25,0,0
2022-05-14,Ligue 2,3626582,Niort,Valenciennes,0.35104166666666664,0.49895833333333334,0.15,1,2,2,56,12,3,1,0,86,11,5,6,3,0,6,6,448,217,170,54,21,21,1,63,7,4,19,2,50,56,69,86,0,0,44,11,4,3,1,82,15,5,3,4,1,9,2,346,176,106,48,26,14,0,50,9,3,14,2,36,44,31,50,0,0
2022-05-14,Ligue 2,3626583,Paris FC,Grenoble,0.5211389128559103,0.3839516824849008,0.09490940465918896,2,0,0,68,15,4,4,2,89,9,5,9,2,2,8,7,613,291,255,67,31,21,0,60,2,1,9,5,38,50,58,14,0,0,32,9,6,0,0,80,11,6,3,0,0,4,5,289,140,91,40,27,12,2,64,9,2,19,2,35,50,42,57,3,0
2022-05-14,Ligue 2,3626584,Quevilly,Dunkerque,0.4096,0.456,0.1344,3,1,0,50,13,5,3,1,82,18,2,6,2,1,10,3,397,201,126,59,33,25,4,81,11,0,14,3,53,47,70,50,0,0,50,5,4,1,1,79,15,5,0,1,0,4,1,389,195,112,49,6,26,0,59,13,2,11,2,54,53,30,57,0,0
2022-05-14,Ligue 2,3626585,Rodez,Caen,0.34516129032258064,0.45483870967741935,0.2,2,0,0,42,11,4,2,0,83,10,12,5,2,0,10,1,376,151,160,63,30,22,1,50,13,1,10,5,33,46,27,47,1,0,58,10,5,1,1,88,7,5,4,1,0,8,2,549,279,206,65,35,12,1,63,7,2,13,2,45,54,73,50,1,0
2022-05-14,Ligue 2,3626586,Sochaux,Dijon,0.4624624624624625,0.4174174174174174,0.12012012012012012,2,2,1,49,16,9,3,2,82,4,8,6,1,1,11,5,444,222,144,70,22,27,0,47,6,3,16,1,38,53,27,64,0,0,51,12,3,0,0,84,5,3,6,3,0,6,6,471,236,160,60,36,22,0,50,13,0,21,7,41,47,73,56,1,0
