match_date,league_name,matchid,home_team,away_team,home_probability_win,draw_probability,away_probability_win,home_goals,away_goals,ftr,home_ball_possession,home_total_shots,home_shots_on_target,home_big_chances,home_big_misses,home_accurate_passes,home_fouls_commited,home_corners,home_shots_off_target,home_blocked_shots,home_hit_woodwork,home_shots_inside_box,home_shots_outside_box,home_passes,home_own_half,home_opposition_half,home_accurate_long_balls,home_accurate_crosses,home_throws,home_offsides,home_tackles_won,home_interceptions,home_blocks,home_clearances,home_keeper_save,home_duels_won,home_geround_duels_won,home_aerial_duels_won,home_successful_dribbles,home_yellow_cards,home_red_cards,away_ball_possession,away_total_shots,away_shots_on_target,away_big_chances,away_big_misses,away_accurate_passes,away_fouls_commited,away_corners,away_shots_off_target,away_blocked_shots,away_hit_woodwork,away_shots_inside_box,away_shots_outside_box,away_passes,away_own_half,away_opposition_half,away_accurate_long_balls,away_axxurate_crosses,away_throws,away_offsides,away_tackles_won,away_interceptions,away_blocks,away_clearances,away_keeper_save,away_duels_won,away_geround_duels_won,away_aerial_duels_won,away_successful_dribbles,away_yellow_cards,away_red_cards
2021-08-13,Premier League,3609929,Brentford,Arsenal,0.3306952021916782,0.3809679911958227,0.2883368066124991,2,0,0,35,8,3,2,1,65,12,2,5,0,1,7,1,309,106,95,34,22,19,1,60,9,4,19,4,51,53,46,64,0,0,65,22,4,0,0,86,8,5,14,4,0,13,9,568,205,283,43,45,26,1,33,7,0,14,1,50,47,54,45,0,0
2021-08-14,Premier League,3609934,Manchester United,Leeds United,0.7537196080803193,0.1662271682593444,0.08005322366033628,5,1,0,49,16,8,3,1,79,11,5,5,3,0,12,4,422,193,141,53,9,27,2,67,8,1,15,2,38,39,55,50,1,0,51,10,3,2,2,78,9,4,6,1,0,3,7,438,242,101,37,29,17,3,57,14,3,14,3,51,61,45,75,2,0
2021-08-14,Premier League,3609930,Burnley,Brighton & Hove Albion,0.43524663677130043,0.3925560538116592,0.17219730941704037,1,2,2,36,14,3,3,2,70,10,7,8,3,2,8,6,259,76,105,34,14,24,1,75,10,4,12,4,61,55,57,67,2,0,64,14,8,3,1,82,7,6,4,2,0,12,2,518,273,151,35,43,24,0,56,6,3,27,2,49,45,43,43,1,0
2021-08-14,Premier League,3609931,Chelsea,Crystal Palace,0.803950119474313,0.1430704898446834,0.05297939068100358,3,0,0,62,13,6,1,0,92,15,5,5,2,0,5,8,678,249,374,73,18,17,0,43,11,1,8,1,46,51,32,57,0,0,38,4,1,0,0,86,11,2,2,1,0,4,0,423,264,99,46,60,14,1,64,9,2,24,3,52,49,68,65,0,0
2021-08-14,Premier League,3609932,Everton,Southampton,0.6726913970007893,0.2435674822415154,0.08374112075769534,3,1,0,48,14,6,3,1,70,13,6,5,3,0,11,3,337,113,122,38,24,28,0,39,6,2,26,2,68,51,57,50,2,0,52,6,3,1,0,69,15,8,1,2,0,5,1,370,114,142,20,18,26,0,57,5,3,22,3,61,49,43,43,0,0
2021-08-14,Premier League,3609933,Leicester City,Wolverhampton Wanderers,0.6839661862527716,0.23447893569844788,0.08155487804878049,1,0,0,56,9,5,0,0,86,6,5,3,1,0,6,3,584,329,176,46,29,26,5,73,11,7,15,3,42,41,45,35,1,0,44,17,3,1,1,83,10,4,7,7,0,12,5,443,193,173,62,38,21,4,50,13,1,16,4,59,59,55,66,2,0
2021-08-14,Premier League,3609938,Watford,Aston Villa,0.2765613638199887,0.4285368021329886,0.2949018340470227,3,2,0,38,13,7,1,1,74,18,2,4,2,0,9,4,317,156,78,33,25,17,0,40,9,3,25,0,65,48,59,72,3,0,62,11,2,1,0,86,13,4,6,3,0,4,7,508,250,185,56,8,21,2,85,11,2,6,4,62,52,41,88,1,0
2021-08-14,Premier League,3609936,Norwich City,Liverpool,0.18224718354325214,0.43401681565916717,0.3837360007975807,0,3,2,50,14,3,1,1,85,4,3,8,3,0,9,5,520,320,121,49,21,17,2,68,9,6,36,3,51,62,36,56,1,0,50,19,8,4,2,84,14,11,7,4,0,13,6,512,233,199,66,24,19,0,50,5,2,16,3,40,38,64,35,1,0
2021-08-15,Premier League,3609935,Newcastle United,West Ham United,0.3226918009526705,0.4192257018343975,0.25808249721293197,2,4,2,46,17,3,1,0,85,4,7,7,7,0,9,8,401,170,170,51,22,16,1,63,9,6,21,4,37,40,38,61,1,0,54,18,9,6,3,86,3,6,4,5,1,12,6,473,172,233,47,17,21,2,61,7,6,21,1,58,60,63,73,0,0
2021-08-15,Premier League,3609937,Tottenham Hotspur,Manchester City,0.31652213087059355,0.38490821038405226,0.2985696587453542,1,0,0,34,13,3,1,1,77,11,3,5,5,0,5,8,293,93,134,49,25,17,3,60,10,5,24,4,51,44,42,74,2,0,66,18,4,3,3,86,8,11,9,5,0,11,7,548,195,274,41,13,17,1,69,3,5,10,1,66,56,58,74,1,0
2021-08-21,Premier League,3609944,Liverpool,Burnley,0.78628082785971,0.1531788325690916,0.060540339571198414,2,0,0,66,27,9,3,1,82,6,8,10,8,0,21,6,527,215,219,38,39,21,3,57,5,1,25,3,54,48,50,33,0,0,34,9,3,2,2,66,12,4,5,1,0,7,2,263,58,116,45,21,27,7,50,11,8,20,6,57,52,50,64,0,0
2021-08-21,Premier League,3609940,Aston Villa,Newcastle United,0.5987482183801203,0.2890871909276817,0.11216459069219806,2,0,0,47,10,2,1,0,79,8,3,7,1,0,6,4,303,117,121,50,31,15,3,77,4,1,23,1,48,54,49,33,3,0,53,9,1,1,1,77,18,4,7,1,0,6,3,333,164,93,34,35,24,2,50,2,0,20,0,44,46,51,33,4,0
2021-08-21,Premier League,3609942,Crystal Palace,Brentford,0.3951899066894467,0.3896044158233671,0.21520567748718622,0,0,1,53,7,2,1,1,75,12,3,5,0,1,5,2,431,204,120,43,25,31,1,47,13,4,20,3,57,42,55,50,3,0,47,14,3,0,0,71,9,5,7,4,1,8,6,382,156,114,32,20,19,2,33,11,0,11,2,63,58,45,69,1,0
2021-08-21,Premier League,3609943,Leeds United,Everton,0.420603786457445,0.36329524134402186,0.21610097219853316,2,2,1,70,17,4,1,0,85,6,8,6,7,0,7,10,606,284,233,45,16,22,0,47,9,4,6,6,58,58,48,55,2,0,30,17,8,2,1,66,13,5,5,4,0,9,8,253,86,82,24,40,20,0,63,20,7,25,2,47,42,52,47,4,0
2021-08-21,Premier League,3609945,Manchester City,Norwich City,0.7385040623167769,0.18439567802998577,0.07710025965323729,5,0,0,67,16,4,3,0,94,13,6,6,6,0,7,9,730,209,475,82,8,20,2,57,6,0,3,0,38,44,75,60,1,0,33,1,0,0,0,85,7,1,1,0,0,1,0,362,258,49,37,17,10,3,61,8,6,25,0,40,56,25,46,0,0
2021-08-21,Premier League,3609941,Brighton & Hove Albion,Watford,0.4670678928861239,0.35914254801190154,0.17378955910197458,2,0,0,57,13,3,3,2,86,11,7,5,5,0,8,5,585,340,162,37,20,13,1,58,8,4,17,1,49,52,49,88,4,0,43,10,1,0,0,83,6,2,5,4,0,7,3,441,217,148,57,18,22,1,46,10,5,25,1,48,48,51,46,0,0
2021-08-22,Premier League,3609946,Southampton,Manchester United,0.14376593306359192,0.43422129709755125,0.42201276983885677,1,1,1,36,8,3,1,1,69,12,7,4,1,0,3,5,291,87,114,13,18,19,0,57,20,5,22,2,53,51,41,47,2,0,64,15,4,3,3,80,10,7,7,4,1,11,4,520,203,212,50,32,18,2,53,6,1,12,3,57,49,59,73,3,0
2021-08-22,Premier League,3609948,Wolverhampton Wanderers,Tottenham Hotspur,0.24119513272559334,0.4277739849805229,0.3310308822938838,0,1,2,58,25,6,1,1,84,9,5,9,10,0,14,11,470,171,223,65,26,28,2,62,14,2,7,5,72,60,59,83,1,0,42,8,6,2,1,80,7,4,0,2,0,7,1,356,169,115,33,13,20,0,33,8,10,31,6,48,40,41,41,4,0
2021-08-22,Premier League,3609939,Arsenal,Chelsea,0.25933613873530464,0.40067556092314077,0.33998830034155453,0,2,2,35,6,3,1,1,79,10,9,2,1,0,3,3,335,115,151,34,14,14,5,85,6,11,13,3,43,53,38,69,3,0,65,22,5,5,3,89,4,8,6,11,0,15,7,646,309,265,51,24,22,0,45,10,1,23,3,46,47,62,44,0,0
2021-08-23,Premier League,3609947,West Ham United,Leicester City,0.3850705329153605,0.38663793103448274,0.22829153605015673,4,1,0,51,19,7,3,1,86,8,10,10,2,0,15,4,502,216,215,61,35,23,2,73,5,2,7,0,54,56,68,83,0,0,49,5,1,1,0,84,8,0,2,2,0,4,1,508,298,129,36,0,15,0,54,14,2,25,3,36,44,32,42,1,1
2021-08-28,Premier League,3609953,Manchester City,Arsenal,0.688378247810288,0.19151841038459114,0.12010334180512088,5,0,0,80,25,10,7,3,92,5,14,5,10,0,17,8,757,231,462,52,23,23,1,71,4,0,3,0,41,64,59,50,1,0,20,1,0,0,0,68,7,0,1,0,0,1,0,185,75,50,36,33,12,3,67,12,9,31,5,25,36,41,25,2,1
2021-08-28,Premier League,3609949,Aston Villa,Brentford,0.5899227267915741,0.2886630676405208,0.12141420556790515,1,1,1,46,7,5,1,1,74,15,3,2,0,0,5,2,364,160,109,35,24,17,1,46,4,5,15,1,57,51,51,71,3,0,54,9,2,2,1,77,14,2,2,5,0,7,2,435,240,94,40,14,21,2,75,6,0,21,4,55,49,49,42,3,0
2021-08-28,Premier League,3609950,Brighton & Hove Albion,Everton,0.32660269617943133,0.41879084005415906,0.2546064637664096,0,2,2,66,14,3,0,0,86,7,4,5,6,0,5,9,612,325,204,54,33,18,1,64,10,5,14,3,52,59,47,63,1,0,34,14,5,1,0,77,9,5,4,5,0,8,6,315,100,143,44,14,20,0,59,15,6,15,3,40,41,53,37,2,0
2021-08-28,Premier League,3609954,Newcastle United,Southampton,0.4252663622526636,0.38143074581430747,0.1933028919330289,2,2,1,36,10,5,2,0,69,11,4,5,0,0,7,3,293,108,95,43,24,12,5,58,5,9,15,4,62,53,53,77,3,0,64,22,6,4,2,86,6,4,7,9,0,12,10,525,158,293,34,14,19,0,67,2,1,10,2,54,47,47,56,3,0
2021-08-28,Premier League,3609955,Norwich City,Leicester City,0.21252049660342,0.44237526352775824,0.3451042398688217,1,2,2,44,14,4,2,1,77,8,9,6,4,0,5,9,369,157,128,40,22,24,2,83,15,1,17,1,46,46,48,43,2,0,56,9,3,2,1,77,9,9,5,1,0,7,2,471,226,138,28,11,21,2,71,9,4,17,3,52,54,52,61,1,0
2021-08-28,Premier League,3609957,West Ham United,Crystal Palace,0.7095033650498955,0.22249941981898352,0.0679972151311209,2,2,1,46,14,4,2,0,78,10,5,3,7,0,11,3,378,117,178,42,29,32,1,31,15,4,13,0,47,46,34,69,1,0,54,9,2,3,1,82,7,3,3,4,0,6,3,462,241,139,56,46,18,2,62,15,7,32,2,67,54,66,71,0,0
2021-08-28,Premier League,3609952,Liverpool,Chelsea,0.4467468076149492,0.31736751017353476,0.23588568221151598,1,1,1,66,24,7,4,3,86,13,12,12,5,1,17,7,695,202,396,59,25,16,0,56,11,2,8,2,43,34,62,33,0,0,34,6,3,0,0,72,4,3,1,2,0,6,0,370,184,84,36,17,20,2,46,21,4,34,6,55,66,38,57,2,1
2021-08-29,Premier League,3609951,Burnley,Leeds United,0.25660780564615904,0.4437071195591047,0.2996850747947363,1,1,1,36,12,3,2,1,68,13,5,5,4,0,9,3,291,81,117,42,15,18,2,70,8,5,25,1,72,53,64,62,4,0,64,12,2,2,1,82,9,5,5,5,0,9,3,521,262,164,47,15,20,2,59,8,3,16,2,54,47,36,41,3,0
2021-08-29,Premier League,3609956,Tottenham Hotspur,Watford,0.7299144631488498,0.20114830293325,0.06893723391790024,1,0,0,58,15,8,0,0,88,8,10,4,3,0,9,6,500,159,280,53,16,19,2,58,9,3,11,2,53,54,57,64,3,0,42,9,2,0,0,82,14,3,4,3,0,6,3,364,201,96,58,29,25,1,69,4,3,36,7,44,46,43,53,3,0
2021-08-29,Premier League,3609958,Wolverhampton Wanderers,Manchester United,0.15639693145261074,0.42428568709192316,0.4193173814554661,0,1,2,44,15,6,3,3,82,7,5,6,3,0,10,5,427,190,159,54,11,11,5,56,7,2,20,2,54,67,58,78,3,0,56,10,3,1,1,87,9,7,5,2,0,7,3,552,250,228,59,11,14,4,63,13,4,14,5,30,33,42,57,4,0
2021-09-11,Premier League,3609962,Crystal Palace,Tottenham Hotspur,0.19772570640937284,0.4274982770503101,0.374776016540317,3,0,0,62,18,4,3,1,83,13,8,7,7,0,12,6,498,215,197,53,10,28,0,76,6,0,13,1,54,51,40,64,2,0,38,2,1,0,0,74,15,2,1,0,0,1,1,314,125,106,38,17,20,0,63,11,7,36,1,59,49,60,55,1,1
2021-09-11,Premier League,3609959,Arsenal,Norwich City,0.5772525240632267,0.283166043622877,0.13958143231389633,1,0,0,52,30,7,3,2,84,9,8,13,10,2,21,9,437,164,201,50,50,18,2,69,3,6,14,1,53,49,54,39,1,0,48,10,1,0,0,78,11,4,3,6,0,5,5,408,190,130,46,22,25,0,65,8,11,22,5,52,51,46,30,2,0
2021-09-11,Premier League,3609960,Brentford,Brighton & Hove Albion,0.49452764976958524,0.3512384792626728,0.15423387096774194,0,1,2,41,7,1,1,1,74,9,1,6,0,0,5,2,336,145,105,36,10,22,0,81,13,1,17,1,56,55,58,89,3,0,59,4,2,0,0,80,12,5,1,1,0,3,1,496,174,222,47,0,30,2,69,12,0,11,1,45,45,42,50,2,0
2021-09-11,Premier League,3609965,Leicester City,Manchester City,0.27275225890679217,0.38970007214759333,0.33754766894561444,0,1,2,40,6,1,1,1,81,4,5,3,2,1,6,0,364,223,72,47,36,12,2,56,3,10,21,7,46,60,60,50,1,0,60,25,8,3,2,90,11,8,7,10,0,21,4,557,222,279,64,26,20,4,50,5,2,6,2,31,40,40,36,2,0
2021-09-11,Premier League,3609966,Manchester United,Newcastle United,0.8436083210636034,0.10940711692931178,0.04698456200708486,4,1,0,64,21,7,5,2,90,9,7,9,5,0,12,9,644,170,411,80,17,16,1,58,4,3,11,2,35,42,54,44,1,0,36,12,3,1,0,82,2,3,6,3,0,5,7,365,181,118,47,20,19,3,59,13,6,21,2,44,58,46,60,0,0
2021-09-11,Premier League,3609967,Southampton,West Ham United,0.23527865404837014,0.45169558359621453,0.31302576235541535,0,0,1,42,11,3,0,0,79,10,5,5,3,1,10,1,390,183,127,40,15,14,0,50,12,6,23,3,41,44,52,56,3,0,58,13,3,0,0,87,12,4,3,7,0,5,8,541,215,253,60,18,10,2,36,15,4,17,2,46,56,48,55,1,1
2021-09-11,Premier League,3609968,Watford,Wolverhampton Wanderers,0.30724012203288936,0.42242726393332836,0.2703326140337823,0,2,2,44,6,2,0,0,83,15,6,4,0,0,2,4,370,192,114,62,6,20,1,55,8,3,23,4,59,48,71,58,3,0,56,14,5,5,4,88,13,8,6,3,0,9,5,485,220,208,59,33,13,2,68,9,0,18,2,56,52,29,63,3,0
2021-09-11,Premier League,3609961,Chelsea,Aston Villa,0.7615133567025263,0.1687719086183972,0.06971473467907652,3,0,0,57,12,4,2,0,83,11,4,6,2,0,6,6,476,248,148,48,7,16,2,40,7,9,40,6,52,46,53,65,1,0,43,18,6,1,1,78,11,11,3,9,0,11,7,344,139,131,48,20,16,1,75,12,2,18,1,56,54,47,61,4,0
2021-09-12,Premier League,3609964,Leeds United,Liverpool,0.2226088637571891,0.40998501764052003,0.36740611860229083,0,3,2,44,9,4,0,0,81,9,2,4,1,0,8,1,404,236,92,41,21,13,2,50,10,15,17,5,37,54,47,64,2,1,56,30,9,5,3,87,8,11,6,15,0,22,8,524,230,224,54,24,21,4,63,8,1,15,4,34,46,53,50,1,0
2021-09-13,Premier League,3609963,Everton,Burnley,0.7252178871059705,0.21100431701555755,0.06377779587847195,3,1,0,52,14,6,3,1,74,3,4,4,4,0,8,6,416,163,145,47,31,27,2,60,15,2,18,5,47,49,54,55,1,0,48,11,6,3,2,68,6,6,3,2,0,7,4,384,141,120,40,33,28,2,70,19,4,10,3,44,51,46,82,1,0
2021-09-17,Premier League,3609974,Newcastle United,Leeds United,0.35598414579332327,0.3996240755117885,0.24439177869488823,1,1,1,35,17,7,1,1,70,9,4,8,2,0,10,7,301,102,109,42,50,10,1,59,9,4,28,9,49,47,61,47,2,0,65,22,9,1,1,85,11,5,9,4,0,10,12,541,226,234,54,13,26,1,47,6,2,14,6,48,53,39,55,2,0
2021-09-18,Premier League,3609978,Wolverhampton Wanderers,Brentford,0.636098981077147,0.261707574160518,0.102193444762335,0,2,2,62,11,0,3,3,84,10,4,8,3,0,4,7,519,171,265,57,17,25,2,44,6,1,9,1,47,51,46,74,4,0,38,9,3,3,1,75,7,2,5,1,1,6,3,324,142,100,40,14,16,2,60,10,3,28,0,47,49,54,57,2,1
2021-09-18,Premier League,3609971,Burnley,Arsenal,0.2930265486725664,0.3939823008849557,0.3129911504424779,0,1,2,45,18,3,0,0,74,9,8,10,5,0,13,5,392,115,176,52,20,22,4,38,16,6,15,2,53,43,57,43,2,0,55,13,3,1,1,80,8,3,4,6,0,6,7,523,230,190,30,11,13,2,44,11,5,33,3,54,57,43,38,1,0
2021-09-18,Premier League,3609972,Liverpool,Crystal Palace,0.7437252311756936,0.18459292219981924,0.07168184662448725,3,0,0,60,25,10,4,2,84,17,10,5,10,0,17,8,490,180,232,53,31,18,1,52,10,6,27,2,63,47,75,57,3,0,40,13,2,2,2,76,11,5,5,6,1,6,7,332,144,109,36,24,19,3,63,12,10,24,7,54,53,25,41,1,0
2021-09-18,Premier League,3609973,Manchester City,Southampton,0.7311275989992235,0.19579846432577,0.07307393667500647,0,0,1,64,16,1,2,2,87,5,8,8,7,0,9,7,555,291,193,58,35,21,4,77,8,6,14,2,58,48,59,52,0,0,36,10,2,0,0,75,12,5,2,6,0,6,4,319,142,97,35,0,17,0,52,17,7,23,1,54,52,41,72,2,0
2021-09-18,Premier League,3609975,Norwich City,Watford,0.411689054015433,0.3963275221491855,0.19198342383538153,1,3,2,49,12,5,1,0,81,10,4,3,4,0,7,5,375,164,140,45,26,24,1,65,15,1,18,5,57,54,55,64,1,0,51,12,8,6,3,79,14,8,3,1,0,11,1,396,160,153,53,14,24,0,55,9,4,14,4,48,46,45,62,1,0
2021-09-18,Premier League,3609969,Aston Villa,Everton,0.3508253610954793,0.3968767585818796,0.25229788032264117,3,0,0,56,15,3,0,0,80,7,5,6,6,0,7,8,384,152,156,61,25,15,0,70,9,5,9,1,56,48,60,50,1,0,44,11,1,1,1,74,10,4,5,5,0,8,3,310,125,103,36,28,22,2,45,6,6,17,1,51,52,40,55,1,0
2021-09-19,Premier League,3609970,Brighton & Hove Albion,Leicester City,0.2709963366650084,0.42630364976708424,0.3027000135679074,2,1,0,37,12,5,1,0,76,8,4,4,3,0,9,3,322,145,100,33,40,16,3,68,16,5,29,2,62,55,62,59,2,0,63,14,3,1,0,86,10,9,5,6,0,7,7,549,216,255,51,20,26,2,53,10,2,11,3,47,45,38,75,1,0
2021-09-19,Premier League,3609977,West Ham United,Manchester United,0.19789966650109983,0.3924111260909671,0.409689207407933,1,2,2,40,13,4,2,2,83,5,2,5,4,0,6,7,417,197,151,36,6,15,2,50,4,3,31,8,46,47,57,82,0,0,60,17,10,3,2,90,8,11,4,3,1,12,5,624,227,335,76,18,12,0,64,2,4,18,3,47,53,43,79,0,0
2021-09-19,Premier League,3609976,Tottenham Hotspur,Chelsea,0.26533649784786195,0.3945050082465103,0.34015849390562775,0,3,2,47,8,2,1,1,82,4,5,4,2,0,3,5,480,232,163,43,31,16,0,60,9,7,23,6,54,61,40,50,0,0,53,20,10,3,3,87,15,11,3,7,0,17,3,525,224,233,66,28,16,1,53,15,1,19,2,45,39,60,44,1,0
2021-09-25,Premier League,3609981,Chelsea,Manchester City,0.5707414268146511,0.24938901947354494,0.179869553711804,0,1,2,41,5,0,0,0,83,12,4,1,4,0,2,3,413,259,82,53,6,13,3,46,7,6,24,2,50,46,67,56,3,0,59,15,4,3,3,88,10,13,5,6,0,11,4,599,243,285,50,15,12,4,56,8,4,17,0,46,54,33,60,2,0
2021-09-25,Premier League,3609986,Manchester United,Aston Villa,0.7627281259776828,0.15540723745958912,0.08186463656272813,0,1,2,60,28,4,2,2,77,9,5,11,13,0,17,11,409,164,149,59,43,27,2,67,9,1,21,2,58,62,63,80,2,0,40,7,3,3,3,69,13,5,3,1,0,4,3,271,87,100,40,15,25,3,33,15,12,14,4,35,38,37,43,2,0
2021-09-25,Premier League,3609983,Everton,Norwich City,0.6626246294799245,0.24969011048234976,0.08768526003772568,2,0,0,47,11,4,3,1,82,12,6,3,4,0,7,4,420,155,190,49,4,22,1,44,9,3,15,2,39,47,36,36,2,0,53,10,2,1,1,83,9,4,5,3,0,4,6,487,243,163,46,29,25,0,42,17,4,17,2,49,53,64,50,3,0
2021-09-25,Premier League,3609984,Leeds United,West Ham United,0.29238408808765587,0.4008204242456955,0.30679548766664866,1,2,2,54,15,5,1,1,81,10,5,4,6,1,6,9,414,214,122,36,15,15,2,56,4,5,16,5,44,44,50,33,3,0,46,20,7,2,1,78,6,7,9,4,0,11,9,348,129,144,43,5,22,0,60,7,6,12,4,51,56,50,39,2,0
2021-09-25,Premier League,3609985,Leicester City,Burnley,0.679828112349754,0.24662141122251977,0.07355047642772622,2,2,1,67,22,5,2,1,84,10,8,6,11,0,14,8,576,241,241,52,12,27,1,82,7,1,13,2,55,55,53,77,2,0,33,9,3,0,0,67,8,3,4,2,0,4,5,286,79,114,38,17,18,4,38,11,12,28,2,47,45,47,40,4,0
2021-09-25,Premier League,3609988,Watford,Newcastle United,0.46519320402946923,0.3671628326567433,0.1676439633137874,1,1,1,52,15,4,1,0,77,19,5,6,5,0,7,8,364,133,147,57,13,26,1,54,7,6,13,5,61,47,41,66,4,0,48,20,6,3,3,76,12,6,8,6,0,10,10,335,116,140,46,20,16,1,55,9,5,23,3,74,53,59,61,3,0
2021-09-25,Premier League,3609980,Brentford,Liverpool,0.2106908914467477,0.3766342291829528,0.4126748793702995,3,3,1,33,12,4,5,2,67,8,2,6,2,1,10,2,271,73,108,34,38,15,4,43,15,5,31,3,53,55,52,73,1,0,67,16,6,5,3,83,7,11,6,4,1,9,7,561,166,299,47,31,14,4,64,9,3,18,0,46,45,48,33,1,0
2021-09-26,Premier League,3609987,Southampton,Wolverhampton Wanderers,0.41217938289680606,0.37389512499322164,0.21392549210997233,0,1,2,57,18,6,0,0,84,12,5,5,7,0,8,10,497,186,230,45,8,21,3,69,11,2,10,2,42,47,48,50,0,0,43,5,3,2,1,74,8,5,0,2,0,5,0,383,133,150,43,33,19,1,50,6,6,34,6,46,53,52,57,0,0
2021-09-26,Premier League,3609979,Arsenal,Tottenham Hotspur,0.42811197680739266,0.3145270882406233,0.25736093495198403,3,1,0,47,12,7,2,0,83,12,4,4,1,0,7,5,431,166,191,56,56,13,2,68,10,1,20,3,54,52,58,50,2,0,53,10,4,2,1,85,13,4,5,1,0,7,3,485,178,235,52,32,27,4,79,8,1,8,4,47,48,42,63,1,0
2021-09-27,Premier League,3609982,Crystal Palace,Brighton & Hove Albion,0.38616489693941286,0.32581199250468457,0.2880231105559026,1,1,1,47,8,3,2,1,83,12,6,2,3,0,4,4,497,179,234,41,26,22,1,53,12,2,14,3,36,39,32,40,2,0,53,8,4,2,1,82,10,5,2,2,0,4,4,565,304,162,42,25,13,0,66,10,2,13,2,61,61,68,38,5,0
2021-10-02,Premier League,3609995,Manchester United,Everton,0.7016980435585086,0.17694721299372462,0.1213547434477667,1,1,1,72,13,6,3,3,87,10,10,6,1,0,9,4,700,228,379,57,29,32,2,43,6,4,13,1,40,43,42,46,1,0,28,12,2,1,0,68,9,1,6,4,0,10,2,268,84,99,38,27,15,2,65,9,1,29,5,54,57,58,55,1,0
2021-10-02,Premier League,3609990,Burnley,Norwich City,0.5355094569859671,0.3160463697376449,0.14844417327638804,0,0,1,56,14,4,1,1,77,13,9,3,7,0,10,4,432,107,224,54,22,26,2,54,8,5,17,2,57,42,64,64,5,0,44,10,2,0,0,73,3,5,2,6,1,5,5,356,167,93,43,16,17,1,75,7,7,44,5,56,58,36,55,2,0
2021-10-02,Premier League,3609991,Chelsea,Southampton,0.714326125220015,0.19232461654513452,0.0933492582348504,3,1,0,62,20,9,6,4,86,11,7,6,5,2,17,3,546,277,191,60,22,30,1,63,5,1,11,1,62,51,78,79,1,0,38,6,2,2,1,75,13,2,3,1,0,2,4,344,132,126,35,14,18,0,38,10,4,12,6,51,49,22,63,3,1
2021-10-02,Premier League,3609993,Leeds United,Watford,0.5219118559900683,0.3037243947858473,0.17436374922408443,1,0,0,67,20,4,1,0,81,10,6,10,6,1,10,10,497,245,160,50,8,20,0,79,3,1,11,1,49,54,44,45,0,0,33,5,1,0,0,65,16,3,2,2,0,3,2,242,80,77,39,0,25,0,50,3,7,34,2,46,46,56,25,3,0
2021-10-02,Premier League,3609998,Wolverhampton Wanderers,Newcastle United,0.5239965386407508,0.3103241696066032,0.16567929175264595,2,1,0,52,7,3,2,1,84,15,0,3,1,1,4,3,460,189,199,44,40,23,2,68,13,3,29,1,54,48,44,68,0,0,48,8,2,1,1,80,5,4,3,3,0,5,3,406,164,159,52,12,27,1,64,11,1,4,1,60,52,56,53,2,0
2021-10-02,Premier League,3609989,Brighton & Hove Albion,Arsenal,0.26711429424052524,0.26072814085347656,0.4721575649059982,0,0,1,58,21,2,0,0,85,8,8,12,7,0,13,8,497,179,241,53,31,18,1,31,9,1,13,2,43,55,70,75,2,0,42,8,2,0,0,75,5,5,5,1,1,4,4,355,139,129,18,8,16,1,63,11,7,18,2,29,45,30,43,1,0
2021-10-03,Premier League,3609992,Crystal Palace,Leicester City,0.31464680895694586,0.3259216529445697,0.35943153809848444,2,2,1,60,18,4,0,0,80,15,1,9,5,1,14,4,557,250,196,28,24,30,2,44,4,2,10,3,60,43,56,74,2,0,40,9,5,2,0,69,11,3,2,2,0,6,3,382,166,96,37,11,14,1,40,13,4,27,2,70,57,44,77,3,0
2021-10-03,Premier League,3609996,Tottenham Hotspur,Aston Villa,0.5278236692589757,0.2548656163113994,0.21731071442962485,2,1,0,56,17,8,3,3,80,11,5,6,3,0,9,8,438,176,173,37,36,22,0,57,12,5,37,2,65,55,49,64,2,0,44,14,3,1,0,71,14,8,5,6,0,9,5,318,128,98,36,15,18,1,57,12,4,6,6,58,45,51,29,1,0
2021-10-03,Premier League,3609997,West Ham United,Brentford,0.5462101411395713,0.2806063774176686,0.17318348144276005,1,2,2,60,18,5,1,1,73,16,10,6,7,0,11,7,424,130,179,34,33,17,2,53,8,4,13,4,62,59,50,75,2,0,40,13,6,1,0,64,13,6,3,4,1,11,2,286,105,79,30,24,20,1,80,10,7,28,4,51,41,50,42,3,0
2021-10-03,Premier League,3609994,Liverpool,Manchester City,0.4834621234234096,0.22182108675279985,0.29471678982379057,2,2,1,48,6,4,3,1,84,10,3,0,2,0,5,1,501,262,161,50,16,28,2,71,17,5,14,1,48,53,50,71,3,0,52,12,3,1,1,84,12,4,4,5,0,9,3,529,261,182,57,14,20,5,82,8,3,17,1,44,47,50,74,3,0
2021-10-16,Premier League,3610008,Watford,Liverpool,0.17108667529107374,0.20205368693402329,0.626859637774903,0,5,2,24,6,2,0,0,65,4,1,3,1,0,5,1,252,110,55,34,29,11,8,71,11,5,33,4,52,51,66,45,0,0,76,19,8,5,1,87,10,9,6,5,1,12,7,816,377,334,66,11,22,2,44,4,1,8,2,42,49,34,67,0,0
2021-10-16,Premier League,3610000,Aston Villa,Wolverhampton Wanderers,0.4700693809498198,0.298768353681493,0.23116226536868714,2,3,2,48,14,5,2,1,80,8,6,7,2,0,10,4,391,196,118,44,13,15,1,58,9,2,22,1,53,63,54,69,2,0,52,9,4,4,2,80,17,7,3,2,1,6,3,415,174,158,44,5,15,2,57,9,2,20,3,35,37,46,62,3,0
2021-10-16,Premier League,3610003,Leicester City,Manchester United,0.20397830703883496,0.20346632281553398,0.5925553701456311,4,2,0,49,22,11,3,1,85,5,4,6,5,0,13,9,499,249,176,49,11,12,2,58,9,3,7,4,46,58,58,35,0,0,51,18,6,1,0,86,17,3,9,3,0,6,12,517,238,207,58,24,12,3,57,9,5,12,7,33,42,42,43,3,0
2021-10-16,Premier League,3610004,Manchester City,Burnley,0.7172570685732856,0.1875609359766006,0.09518199545011374,2,0,0,71,15,6,2,1,89,11,6,5,4,1,13,2,768,287,400,58,13,15,0,55,10,1,9,2,36,45,39,50,1,0,29,7,2,2,2,72,5,2,4,1,1,6,1,318,96,132,44,17,15,3,76,10,4,22,4,47,55,61,42,0,0
2021-10-16,Premier League,3610006,Norwich City,Brighton & Hove Albion,0.2256089263845421,0.29140019050210914,0.48299088311334876,0,0,1,35,15,3,2,2,70,5,8,5,7,0,5,10,292,111,93,41,18,23,0,89,8,4,17,3,48,53,40,69,3,0,65,11,3,1,1,84,14,4,4,4,1,8,3,569,207,271,55,39,23,0,63,8,8,22,2,51,47,60,60,5,0
2021-10-16,Premier League,3610007,Southampton,Leeds United,0.32615049962613013,0.33342396845897626,0.3404255319148936,1,0,0,45,19,5,2,1,76,16,8,12,2,0,8,11,362,136,140,33,39,27,1,68,10,1,9,0,73,53,59,65,2,0,55,3,0,1,1,77,14,1,2,1,0,2,1,452,232,115,38,11,26,2,67,15,3,15,3,61,47,41,58,3,0
2021-10-16,Premier League,3610001,Brentford,Chelsea,0.21673162947654798,0.22591362126245848,0.5573547492609935,0,1,2,44,17,7,2,2,75,13,5,3,7,2,13,4,405,161,144,45,31,29,1,44,4,1,13,0,70,44,67,61,1,0,56,5,1,0,0,85,8,5,3,1,0,1,4,540,190,268,33,0,11,4,35,10,8,41,6,61,56,33,58,1,0
2021-10-17,Premier League,3610002,Everton,West Ham United,0.41241590734905903,0.3110789406454909,0.27650515200545006,0,1,2,39,15,2,1,1,73,3,7,9,4,0,13,2,327,112,127,41,31,18,0,63,10,8,27,3,47,53,61,40,0,0,61,16,4,2,1,84,3,9,4,8,0,12,4,539,207,245,42,10,25,2,62,10,4,15,2,37,47,39,38,2,0
2021-10-17,Premier League,3610005,Newcastle United,Tottenham Hotspur,0.29689209188597904,0.2317740171160157,0.47133389099800527,2,3,2,36,7,1,1,0,79,13,2,4,2,0,3,4,334,139,126,57,20,19,0,62,8,7,25,1,66,45,66,54,4,1,64,14,4,2,0,88,4,9,3,7,1,9,5,612,277,262,52,8,15,1,52,5,2,10,0,64,55,34,46,1,0
2021-10-18,Premier League,3609999,Arsenal,Crystal Palace,0.6515962665022283,0.19743812540292066,0.15096560809485102,2,2,1,54,17,6,2,1,87,7,6,7,4,1,11,6,544,187,287,53,26,26,0,53,7,0,6,4,35,43,29,40,1,0,46,9,6,0,0,85,4,3,3,0,0,3,6,475,240,162,54,20,18,3,73,7,2,17,4,56,57,71,35,1,0
2021-10-22,Premier League,3610009,Arsenal,Aston Villa,0.5621278596051394,0.21484905463282147,0.22302308576203908,3,1,0,54,22,9,4,3,81,17,7,8,5,1,14,8,454,185,184,48,33,14,1,77,7,3,20,3,38,42,41,33,2,0,46,10,4,2,2,79,10,4,3,3,0,5,5,392,192,118,42,17,19,0,57,11,5,16,6,54,58,59,60,5,0
2021-10-23,Premier League,3610012,Chelsea,Norwich City,0.7321349508545116,0.17639245550340918,0.09147259364207916,7,0,0,62,23,13,5,1,91,14,5,7,3,0,11,12,626,249,318,59,0,15,1,63,5,1,4,1,51,53,63,73,0,0,38,3,1,1,1,79,16,0,1,1,0,1,2,380,222,77,53,0,15,0,42,7,2,13,7,42,47,38,69,2,1
2021-10-23,Premier League,3610013,Crystal Palace,Newcastle United,0.4716240640330493,0.2983217144332559,0.2300542215336948,1,1,1,75,15,3,5,4,87,13,3,6,6,2,11,4,665,269,308,43,17,18,2,55,6,2,25,0,49,48,47,57,3,0,25,6,2,1,1,64,9,7,3,1,0,5,1,214,69,69,41,31,15,3,61,7,6,35,2,54,52,53,42,4,0
2021-10-23,Premier League,3610014,Everton,Watford,0.6199865096248638,0.27017070513153113,0.10984278524360504,2,5,2,50,15,4,2,0,75,9,3,6,5,0,11,4,389,142,151,38,30,21,1,56,9,4,28,3,67,58,48,50,4,0,50,20,8,6,1,74,13,5,7,5,0,10,10,388,149,137,41,25,34,0,55,3,5,27,2,57,42,52,50,3,0
2021-10-23,Premier League,3610015,Leeds United,Wolverhampton Wanderers,0.364278902787906,0.3033039771133674,0.33241712009872665,1,1,1,63,18,4,2,1,81,15,6,9,5,0,13,5,494,203,199,52,43,14,1,60,14,2,12,3,70,58,50,81,2,0,37,8,4,1,0,66,14,3,2,2,0,5,3,293,115,79,41,20,27,1,44,12,4,27,3,54,42,50,52,3,0
2021-10-23,Premier League,3610017,Southampton,Burnley,0.5443199546163665,0.32272018153453413,0.1329598638490994,2,2,1,61,16,4,3,2,77,10,6,7,5,1,12,4,450,168,179,29,22,31,1,45,12,1,22,3,43,51,33,50,1,0,39,9,5,1,0,61,11,2,3,1,0,4,5,284,61,112,43,17,24,1,50,15,5,17,2,57,49,67,67,3,0
2021-10-23,Premier League,3610011,Brighton & Hove Albion,Manchester City,0.18335450704641476,0.22891245900670665,0.5877330339468786,1,4,2,48,10,5,1,0,84,10,7,4,1,0,7,3,501,309,113,51,25,17,2,69,13,6,9,8,48,55,74,86,2,0,52,23,14,4,1,87,6,6,3,6,0,18,5,566,219,272,57,29,16,1,43,8,1,15,4,33,45,26,55,3,0
2021-10-24,Premier League,3610010,Brentford,Leicester City,0.35494711521454597,0.2885139198415225,0.3565389649439315,1,2,2,54,15,5,1,1,76,13,9,6,4,0,10,5,445,176,164,38,27,21,3,60,13,1,10,4,52,47,50,31,1,0,46,10,6,1,0,74,7,2,3,1,0,4,6,387,160,126,32,40,19,1,50,9,3,41,4,56,53,50,36,1,0
2021-10-24,Premier League,3610018,West Ham United,Tottenham Hotspur,0.3674334715058697,0.2581084074296744,0.3744581210644559,1,0,0,38,13,4,2,1,79,11,2,5,4,0,10,3,369,167,126,37,36,21,1,57,9,1,16,4,46,50,42,56,2,0,62,7,4,1,1,85,4,4,2,1,0,4,3,637,262,281,39,19,20,0,53,16,4,12,3,50,50,58,45,1,0
2021-10-24,Premier League,3610016,Manchester United,Liverpool,0.4164991165539511,0.16595584800666138,0.4175450354393875,0,5,2,37,12,4,2,2,82,10,6,6,2,1,10,2,409,186,148,43,29,13,7,60,11,6,13,3,38,51,61,80,6,1,63,19,8,6,1,89,8,3,5,6,0,12,7,731,275,376,59,22,10,0,64,11,3,19,3,32,49,39,50,0,0
2021-10-30,Premier League,3610021,Leicester City,Arsenal,0.3866879631326752,0.24312010683145244,0.3701919300358723,0,2,2,64,16,8,4,4,87,8,7,5,3,3,8,8,621,276,265,54,23,24,2,55,7,3,15,4,41,52,60,40,2,0,36,9,5,1,1,77,11,6,1,3,0,7,2,342,143,119,29,21,18,1,43,8,3,26,8,34,48,40,63,0,0
2021-10-30,Premier League,3610020,Burnley,Brentford,0.22683057188669162,0.2959380010689471,0.4772314270443613,3,1,0,41,15,6,5,4,69,7,4,9,0,0,9,6,356,120,125,45,27,22,3,63,21,5,29,3,45,54,54,47,1,0,59,12,5,0,0,76,10,2,3,4,0,6,6,521,255,143,40,14,20,4,83,15,1,16,2,38,46,46,29,1,0
2021-10-30,Premier League,3610022,Liverpool,Brighton & Hove Albion,0.735579128440367,0.17090022935779817,0.09352064220183487,2,2,1,58,14,3,2,1,86,8,5,5,6,0,6,8,641,280,272,52,15,20,1,50,16,0,18,4,36,40,50,71,2,0,42,9,6,2,1,78,5,3,2,1,0,6,3,464,223,138,44,27,19,5,50,16,5,17,1,49,60,50,85,2,0
2021-10-30,Premier League,3610023,Manchester City,Crystal Palace,0.6912186007888728,0.2005812746522732,0.10820012455885406,0,2,2,68,14,3,0,0,86,11,7,4,7,0,10,4,654,222,340,62,16,34,2,63,6,1,4,1,48,48,48,50,2,1,32,8,3,1,0,72,11,1,4,1,0,6,2,319,156,75,33,50,13,5,62,11,7,29,3,52,52,52,46,3,0
2021-10-30,Premier League,3610024,Newcastle United,Chelsea,0.1687565808366038,0.19977026897673975,0.6314731501866565,0,3,2,21,6,1,0,0,62,14,0,2,3,0,4,2,198,60,63,32,43,11,1,40,6,7,24,3,52,48,55,71,3,0,79,19,6,3,2,90,12,2,6,7,0,9,10,773,200,498,53,11,15,4,33,3,2,10,1,50,52,45,50,2,0
2021-10-30,Premier League,3610027,Watford,Southampton,0.40658081046456745,0.3261411907491066,0.26727799878632597,0,1,2,39,10,4,1,1,67,16,5,6,0,0,5,5,297,85,113,39,13,21,2,47,12,5,27,0,52,45,38,63,2,0,61,12,1,2,2,76,6,8,6,5,0,9,3,482,201,163,47,19,13,0,67,12,1,25,3,73,55,63,50,2,0
2021-10-30,Premier League,3610026,Tottenham Hotspur,Manchester United,0.33189766190653347,0.1988810348281487,0.4692213032653178,0,3,2,58,9,0,2,2,85,12,10,6,3,0,4,5,570,235,251,31,10,16,4,53,10,4,6,1,69,59,57,61,2,0,42,10,4,2,0,81,14,1,2,4,0,8,2,421,163,176,47,38,17,1,71,7,3,27,0,49,41,43,67,3,0
2021-10-31,Premier League,3610025,Norwich City,Leeds United,0.23042273042273043,0.283480595980596,0.4860966735966736,1,2,2,48,14,3,0,0,68,14,5,6,5,0,5,9,310,126,84,30,22,24,0,47,7,6,7,3,74,55,47,61,1,0,52,13,6,1,1,73,23,0,2,5,0,6,7,345,148,104,41,29,24,0,48,7,4,20,2,68,45,53,59,4,0
2021-10-31,Premier League,3610019,Aston Villa,West Ham United,0.2522994092574591,0.26998429671726615,0.4777162940252748,1,4,2,42,9,3,1,0,73,7,3,5,1,0,6,3,333,125,119,34,27,21,2,50,5,8,11,4,62,52,61,40,1,1,58,21,8,3,1,83,13,6,5,8,0,13,8,459,205,177,45,13,21,0,50,13,1,23,2,50,48,39,44,2,0
2021-11-01,Premier League,3610028,Wolverhampton Wanderers,Everton,0.42128030699459273,0.2657247514390372,0.31299494156637014,2,1,0,62,10,4,4,3,85,10,4,3,3,1,8,2,617,281,242,53,22,19,1,60,11,4,18,4,64,45,56,58,1,0,38,14,5,2,2,75,8,3,5,4,0,10,4,373,140,140,33,36,20,2,58,13,3,13,2,68,55,44,72,1,0
2021-11-05,Premier League,3610037,Southampton,Aston Villa,0.4353436722190312,0.28186865785946774,0.28278766992150106,1,0,0,56,9,3,1,1,81,12,10,4,2,0,5,4,431,187,160,36,25,19,0,79,14,4,26,3,58,47,45,63,2,0,44,14,3,0,0,72,12,8,7,4,0,8,6,327,98,136,47,13,22,2,45,11,2,20,2,67,53,55,64,2,0
2021-11-06,Premier League,3610036,Manchester United,Manchester City,0.4512738853503185,0.16963221697144032,0.3790938976782412,0,2,2,33,5,1,1,1,82,9,1,3,1,0,3,2,400,186,140,40,22,14,4,61,6,3,22,5,43,52,47,40,1,0,67,16,5,1,1,92,12,9,7,4,2,12,4,832,286,476,80,16,10,1,50,6,1,5,1,42,48,53,58,2,0
2021-11-06,Premier League,3610030,Brentford,Norwich City,0.6157069037754295,0.26293003119035424,0.12136306503421629,1,2,2,64,19,7,3,2,78,12,6,5,7,0,17,2,559,204,231,58,31,28,2,74,3,1,10,4,77,53,60,67,2,0,36,9,5,1,0,67,13,2,3,1,0,4,5,313,116,95,31,9,16,3,44,8,7,36,6,60,47,40,48,3,0
2021-11-06,Premier League,3610032,Chelsea,Burnley,0.7250457675878301,0.18394211489843953,0.09101211751373027,1,1,1,70,25,4,5,4,86,6,14,10,11,1,20,5,660,272,298,59,46,21,1,63,4,1,3,1,51,54,61,73,1,0,30,5,2,1,0,69,9,2,2,1,0,3,2,285,99,98,46,40,10,4,53,15,10,25,4,39,46,39,33,4,0
2021-11-06,Premier League,3610033,Crystal Palace,Wolverhampton Wanderers,0.39622737961353643,0.30513239955014826,0.2986402208363153,2,0,0,60,13,6,3,2,84,14,4,5,2,0,12,1,547,279,180,45,33,30,1,50,13,0,12,2,70,50,59,70,2,0,40,4,2,0,0,74,13,6,2,0,0,2,2,360,142,126,38,30,16,1,63,6,2,11,4,65,50,41,41,1,0
2021-11-06,Premier League,3610031,Brighton & Hove Albion,Newcastle United,0.5414169520547946,0.24748501712328766,0.2110980308219178,1,1,1,66,14,5,1,0,90,16,2,6,3,0,10,4,654,301,290,55,41,21,1,80,6,1,23,1,36,37,55,13,3,1,34,6,1,0,0,79,10,5,4,1,0,4,2,326,173,86,42,11,20,1,65,9,3,9,4,51,63,45,44,4,0
2021-11-07,Premier League,3610029,Arsenal,Watford,0.6975152633820815,0.1955700695726253,0.1069146670452932,1,0,0,61,14,6,1,1,84,6,4,5,3,0,6,8,488,252,157,49,28,16,3,55,7,4,22,1,73,65,67,63,4,0,39,7,1,1,1,72,19,2,2,4,0,4,3,316,123,105,33,33,23,3,67,11,3,22,5,38,35,33,47,2,1
2021-11-07,Premier League,3610034,Everton,Tottenham Hotspur,0.24453732966323444,0.2581642709076698,0.4972983994290957,0,0,1,45,12,2,0,0,81,13,4,4,6,0,8,4,428,155,191,44,33,22,1,59,15,4,13,0,57,56,21,59,2,1,55,8,0,1,1,85,17,2,4,4,1,5,3,534,284,169,51,25,27,2,63,8,6,18,2,60,44,79,61,4,0
2021-11-07,Premier League,3610035,Leeds United,Leicester City,0.25707891407998446,0.29891991826408487,0.44400116765593073,1,1,1,56,18,5,3,3,77,12,10,9,4,0,10,8,431,183,151,46,13,25,1,75,18,0,14,2,35,36,32,37,1,0,44,9,3,1,1,71,5,5,6,0,1,7,2,356,159,94,31,10,11,2,55,9,4,32,4,65,64,68,42,1,0
2021-11-07,Premier League,3610038,West Ham United,Liverpool,0.2198264753887123,0.2039128940812645,0.5762606305300232,3,2,0,31,7,3,2,0,71,11,3,2,2,1,5,2,299,114,97,42,25,15,2,38,14,6,35,3,40,48,47,75,1,0,69,16,5,2,2,86,6,2,5,6,0,12,4,683,219,371,57,25,19,0,67,12,2,13,1,44,52,53,67,1,0
2021-11-20,Premier League,3610041,Leicester City,Chelsea,0.21770993054929197,0.2168530711644268,0.5654369982862812,0,3,2,38,4,3,1,1,73,15,3,1,0,0,1,3,374,179,95,29,33,30,3,45,13,2,11,4,44,46,38,50,3,0,62,16,7,5,3,85,8,5,7,2,1,9,7,607,282,234,57,25,24,4,87,4,0,10,3,56,54,62,65,1,0
2021-11-20,Premier League,3610039,Aston Villa,Brighton & Hove Albion,0.4541468761417611,0.29354350435826504,0.2523096194999739,2,0,0,37,9,5,1,0,82,7,5,1,3,0,7,2,352,137,153,33,21,20,1,63,9,4,15,2,46,48,36,57,3,0,63,6,2,1,1,89,13,6,0,4,0,3,3,608,331,212,62,13,20,0,69,3,3,21,3,56,52,64,63,3,0
2021-11-20,Premier League,3610040,Burnley,Crystal Palace,0.2497320471596999,0.31311182565201856,0.4371561271882815,3,3,1,40,15,9,1,1,68,14,3,4,2,0,10,5,311,97,116,38,29,20,1,73,6,4,16,5,66,57,66,56,2,0,60,18,8,2,1,80,15,6,6,4,1,12,6,488,209,183,36,30,21,0,33,3,2,26,6,42,43,34,43,3,0
2021-11-20,Premier League,3610044,Newcastle United,Brentford,0.4232603092783505,0.2903994845360825,0.286340206185567,3,3,1,52,23,9,4,2,72,13,8,9,5,0,16,7,354,118,138,45,32,32,0,46,10,3,18,1,62,51,63,50,2,0,48,10,4,2,1,67,11,2,4,2,0,6,4,335,114,112,42,9,23,2,62,7,6,35,6,50,49,37,25,2,0
2021-11-20,Premier League,3610045,Norwich City,Southampton,0.2477433057725859,0.29136008495790033,0.46089660926951376,2,1,0,37,8,4,0,0,68,8,5,2,2,0,5,3,333,97,128,32,16,18,0,50,13,7,24,4,52,44,49,50,3,0,63,17,5,0,0,83,9,7,4,8,0,8,9,568,215,256,52,27,13,1,80,14,2,14,2,61,56,51,70,2,0
2021-11-20,Premier League,3610047,Watford,Manchester United,0.18075243606014327,0.1823872313880703,0.6368603325517864,4,1,0,39,20,7,3,2,67,7,8,6,7,0,15,5,335,87,137,41,35,21,1,59,12,1,13,2,46,50,43,36,2,0,61,9,3,3,2,80,5,3,5,1,0,8,1,553,290,152,50,25,19,4,62,7,7,18,3,51,50,57,55,1,1
2021-11-20,Premier League,3610048,Wolverhampton Wanderers,West Ham United,0.22798624607564658,0.2689490207803857,0.5030647331439677,1,0,0,52,15,5,2,2,85,6,7,7,3,0,8,7,530,267,185,56,16,13,0,76,14,2,20,3,50,59,50,67,1,0,48,8,3,0,0,86,9,3,3,2,0,3,5,482,216,200,51,26,17,1,58,12,3,22,4,38,41,50,43,1,0
2021-11-20,Premier League,3610042,Liverpool,Arsenal,0.559518517251992,0.15590055739835174,0.28458092534965634,4,0,0,62,19,9,5,1,88,15,6,3,7,0,16,3,639,337,228,54,29,17,2,57,4,2,9,3,44,45,50,38,2,0,38,5,3,0,0,81,12,1,0,2,0,3,2,384,195,116,47,29,16,8,33,8,6,18,5,52,55,50,60,0,0
2021-11-21,Premier League,3610043,Manchester City,Everton,0.6667053802154409,0.19531953195319532,0.13797508783136378,3,0,0,77,17,7,5,3,94,5,7,6,4,1,12,5,861,277,530,70,12,13,0,47,8,3,7,1,45,48,75,53,1,0,23,4,1,0,0,70,7,1,0,3,0,3,1,247,97,75,27,31,9,2,39,6,4,17,4,38,52,25,56,1,0
2021-11-21,Premier League,3610046,Tottenham Hotspur,Leeds United,0.6269330548162124,0.2134362049796166,0.159630740204171,2,1,0,43,13,4,4,2,80,11,4,3,6,0,8,5,392,170,144,31,12,22,4,67,13,4,22,6,63,49,64,43,1,0,57,18,7,1,0,83,12,8,7,4,1,9,9,521,254,176,39,14,26,1,65,14,6,19,2,56,51,36,54,4,0
2021-11-27,Premier League,3610049,Arsenal,Newcastle United,0.6782686948444031,0.19876335346028798,0.12296795169530887,2,0,0,66,24,6,5,4,87,6,4,12,6,1,14,10,646,216,347,52,11,15,0,57,3,2,12,5,52,60,71,75,1,0,34,9,5,0,0,80,12,4,2,2,1,3,6,328,160,102,38,14,8,3,69,11,6,20,4,32,40,29,56,3,0
2021-11-27,Premier League,3610054,Crystal Palace,Aston Villa,0.42623033481242434,0.3059197256958451,0.2678499394917305,1,2,2,63,8,3,1,0,87,12,7,4,1,0,7,1,577,275,226,70,17,28,1,75,9,2,6,1,51,47,52,40,3,0,37,10,3,0,0,79,10,3,5,2,0,5,5,340,141,129,41,56,10,0,75,6,1,25,2,55,53,48,89,3,0
2021-11-27,Premier League,3610056,Liverpool,Southampton,0.733250882326325,0.17682724503031583,0.08992187264335917,4,0,0,64,20,6,3,1,80,7,5,9,5,0,15,5,613,259,233,50,31,23,2,77,6,3,24,3,49,54,41,50,0,0,36,7,3,3,3,68,14,7,1,3,0,7,0,338,133,98,30,21,17,2,38,13,5,30,2,50,46,59,39,1,0
2021-11-27,Premier League,3610058,Norwich City,Wolverhampton Wanderers,0.24202370100273474,0.2832155879671832,0.47476071103008205,0,0,1,43,14,4,2,2,84,11,4,7,3,0,9,5,443,180,192,45,14,13,1,74,8,0,13,2,52,52,42,46,2,0,57,5,2,0,0,86,10,3,3,0,0,4,1,601,299,216,50,11,16,0,33,10,3,15,4,52,48,58,45,2,0
2021-11-27,Premier League,3610051,Brighton & Hove Albion,Leeds United,0.4545184657404109,0.281676760479753,0.26380477377983613,0,0,1,56,20,4,2,2,78,12,6,14,2,2,12,8,496,205,182,43,21,20,2,73,11,2,13,4,58,47,55,52,1,0,44,11,4,0,0,70,14,1,5,2,0,7,4,379,169,97,29,9,14,1,50,15,2,18,4,60,53,45,58,3,0
2021-11-28,Premier League,3610050,Brentford,Everton,0.36516504048162757,0.31492630267801536,0.3199086568403571,1,0,0,40,6,4,1,0,68,8,3,2,0,0,5,1,359,165,79,31,0,23,0,58,11,4,18,5,58,53,32,59,4,0,60,14,5,1,1,83,11,3,4,5,0,10,4,536,160,285,50,27,20,3,74,7,0,26,3,65,47,68,54,3,0
2021-11-28,Premier League,3610055,Leicester City,Watford,0.5593239124411195,0.2773621501801053,0.16331393737877528,4,2,0,57,18,8,4,1,70,5,8,4,6,0,13,5,410,155,130,31,33,18,5,64,11,4,17,3,80,64,57,77,0,0,43,17,5,4,2,61,20,6,8,4,0,13,4,303,77,108,28,35,28,2,64,13,5,12,4,51,36,43,60,0,0
2021-11-28,Premier League,3610057,Manchester City,West Ham United,0.5934468186417475,0.21400511874293196,0.1925480626153205,2,1,0,68,19,9,4,3,90,7,8,6,4,2,13,6,728,282,376,70,16,12,4,53,5,1,11,2,38,44,46,40,2,0,32,5,3,0,0,79,6,4,1,1,0,1,4,330,130,130,38,12,10,4,81,11,5,18,6,47,56,54,65,0,0
2021-11-28,Premier League,3610053,Chelsea,Manchester United,0.49584126665998596,0.1483415171860908,0.35581721615392325,1,1,1,66,24,6,2,1,86,13,15,10,8,0,17,7,586,249,256,60,30,17,2,69,12,0,6,1,49,47,50,42,2,0,34,3,2,1,0,74,14,2,1,0,0,1,2,318,147,89,29,0,17,1,71,9,8,38,5,54,53,50,47,5,0
2021-11-30,Premier League,3610066,Newcastle United,Norwich City,0.5426998368678629,0.26484502446982056,0.19245513866231648,1,1,1,31,9,1,1,0,69,8,2,6,2,0,5,4,262,95,86,32,29,23,0,75,10,5,14,5,33,46,32,53,0,1,69,16,6,2,2,87,11,5,5,5,0,10,6,569,198,297,67,29,20,3,59,14,1,8,0,45,54,68,63,0,0
2021-11-30,Premier League,3610061,Leeds United,Crystal Palace,0.4174338046882414,0.28632438075353517,0.2962418145582234,1,0,0,62,15,3,2,1,80,15,7,3,9,0,8,7,474,223,155,42,17,13,2,39,12,4,18,1,53,43,57,22,5,0,38,9,1,1,1,70,15,4,4,4,0,4,5,286,115,84,37,13,22,0,43,13,8,17,2,63,57,43,69,3,0
2021-12-01,Premier League,3610067,Southampton,Leicester City,0.21868677579547544,0.28986573478020966,0.4914474894243149,2,2,1,44,15,7,3,1,69,14,2,4,4,0,11,4,356,106,138,36,33,21,1,67,15,3,17,4,60,50,40,78,1,0,56,15,6,3,2,74,11,4,6,3,0,9,6,443,215,115,49,16,24,2,73,7,4,15,5,72,50,60,71,3,0
2021-12-01,Premier League,3610062,Watford,Chelsea,0.15936553626577915,0.1974153698539774,0.6432190938802435,1,2,2,50,14,6,1,1,69,18,6,4,4,0,6,8,399,95,181,39,13,35,3,60,15,1,9,2,63,47,46,57,4,0,50,8,4,1,0,72,16,0,3,1,1,6,2,422,165,139,52,38,18,5,50,15,4,40,6,73,53,54,82,3,0
2021-12-01,Premier League,3610063,West Ham United,Brighton & Hove Albion,0.6141881449723317,0.2731940774714592,0.11261777755620918,1,1,1,34,14,6,3,2,73,10,9,6,2,1,8,6,271,69,128,47,16,23,1,54,14,2,18,2,42,46,41,65,1,0,66,9,3,2,2,86,8,5,4,2,0,6,3,540,236,226,65,22,18,0,63,5,3,28,4,53,54,59,50,1,0
2021-12-01,Premier League,3610064,Wolverhampton Wanderers,Burnley,0.5634619099748857,0.29254942365896064,0.14398866636615365,0,0,1,65,16,2,0,0,80,5,5,9,5,1,8,8,589,224,246,43,15,25,1,50,10,1,18,1,64,51,52,62,2,0,35,6,1,0,0,66,7,5,3,2,0,2,4,306,75,127,38,15,14,3,53,9,5,37,2,60,49,48,63,3,0
2021-12-01,Premier League,3610059,Aston Villa,Manchester City,0.21282605663272422,0.21610405914353467,0.571069884223741,1,2,2,36,9,3,1,1,81,8,4,3,3,0,8,1,333,178,91,53,29,15,1,56,11,5,17,5,55,58,56,50,0,0,64,17,7,1,0,90,12,10,5,5,0,10,7,611,227,320,74,17,16,0,82,9,3,13,2,41,42,44,50,0,0
2021-12-01,Premier League,3610060,Everton,Liverpool,0.15658956428187198,0.18364712210866058,0.6597633136094675,1,4,2,31,8,2,1,0,62,8,3,2,4,0,4,4,269,84,84,40,17,23,3,67,16,4,18,3,47,54,41,50,4,0,69,16,7,6,3,82,16,11,5,4,0,10,6,599,264,225,53,19,14,1,73,9,4,14,1,49,46,59,53,3,0
2021-12-02,Premier League,3610068,Tottenham Hotspur,Brentford,0.602881791483113,0.22558737151248165,0.17153083700440527,2,0,0,47,11,6,3,2,76,13,10,3,2,0,10,1,464,197,156,40,12,21,0,75,12,1,26,2,50,48,57,53,0,0,53,6,2,0,0,80,11,5,3,1,0,4,2,521,270,146,46,14,22,0,50,15,2,20,5,46,52,43,67,0,0
2021-12-02,Premier League,3610065,Manchester United,Arsenal,0.5628506079210305,0.16180329842301674,0.2753460936559528,3,2,0,44,14,10,3,1,82,9,3,3,1,0,9,5,431,158,196,49,17,16,0,72,9,4,18,5,54,50,58,44,1,0,56,17,8,1,1,84,10,8,5,4,1,12,5,526,218,222,57,33,23,1,60,9,1,14,7,48,50,42,74,0,0
2021-12-04,Premier League,3610077,West Ham United,Chelsea,0.23347325469596417,0.22505452243041063,0.5414722228736252,3,2,0,36,11,5,2,1,75,10,1,6,0,0,9,2,335,144,106,37,15,20,3,54,5,8,27,5,45,53,55,86,1,0,64,19,7,1,0,86,10,9,4,8,0,12,7,588,192,315,42,24,16,1,83,6,1,9,1,39,47,45,60,3,0
2021-12-04,Premier League,3610073,Newcastle United,Burnley,0.4728390051597194,0.32338106556901847,0.2037799292712621,1,0,0,48,19,4,2,1,66,11,10,4,11,0,12,7,322,109,105,38,15,19,0,69,2,4,24,1,58,48,47,82,1,0,52,10,1,0,0,71,9,3,5,4,0,6,4,356,128,126,44,19,22,1,53,10,11,20,3,64,52,53,54,1,0
2021-12-04,Premier League,3610074,Southampton,Brighton & Hove Albion,0.40206396938217603,0.3416484417714598,0.25628758884636416,1,1,1,44,14,4,2,1,65,15,6,6,4,0,10,4,314,68,137,33,17,20,0,75,7,5,16,3,55,46,53,60,4,0,56,14,4,2,1,70,12,2,4,6,0,7,7,410,163,122,42,25,37,0,52,6,4,22,3,59,54,47,75,2,0
2021-12-04,Premier League,3610078,Wolverhampton Wanderers,Liverpool,0.16243030736240172,0.19310936383130808,0.6444603288062902,0,1,2,33,3,1,0,0,70,4,2,2,0,0,1,2,320,159,65,34,29,23,7,48,10,5,29,3,42,58,27,67,2,0,67,17,5,3,2,85,7,8,8,4,0,13,4,641,214,330,52,29,23,1,53,9,0,7,1,38,42,73,67,2,0
2021-12-04,Premier League,3610076,Watford,Manchester City,0.1989210363548897,0.18778778090852863,0.6132911827365817,1,3,2,23,11,4,1,0,66,11,5,6,1,1,6,5,239,72,85,40,29,11,0,40,11,5,19,9,37,43,48,31,3,0,77,26,13,5,4,92,7,11,8,5,2,22,4,830,332,430,66,24,11,1,53,13,1,7,3,46,57,52,40,0,0
2021-12-05,Premier League,3610071,Leeds United,Brentford,0.48510615251299827,0.3083838821490468,0.20650996533795493,2,2,1,63,13,6,2,0,80,11,5,4,3,0,7,6,510,166,241,46,15,21,7,61,16,4,18,1,52,47,49,53,5,0,37,9,3,2,1,68,9,1,2,4,0,7,2,308,106,104,26,31,18,0,39,15,3,28,4,57,53,51,56,3,0
2021-12-05,Premier League,3610072,Manchester United,Crystal Palace,0.7333663984716559,0.15237517910283258,0.1142584224255116,1,0,0,61,16,3,0,0,82,16,9,7,6,1,8,8,530,151,285,63,25,30,3,46,8,3,14,2,55,46,45,36,2,0,39,8,2,2,2,71,9,6,3,3,0,4,4,331,165,71,39,31,20,0,65,8,6,22,2,66,54,55,60,2,0
2021-12-05,Premier League,3610075,Tottenham Hotspur,Norwich City,0.6627837001375516,0.2201255158184319,0.1170907840440165,3,0,0,41,17,7,2,1,86,11,6,8,2,0,8,9,459,205,189,56,33,16,2,70,11,2,27,1,34,38,50,56,1,0,59,10,1,1,1,88,4,4,6,3,0,7,3,667,368,221,57,25,20,4,67,6,2,6,4,48,62,50,62,2,0
2021-12-05,Premier League,3610069,Aston Villa,Leicester City,0.3706748886605002,0.2895255224391915,0.3397995889003083,2,1,0,41,13,4,4,3,75,8,3,4,5,0,11,2,359,120,151,27,25,19,1,62,10,3,21,3,70,63,42,90,1,0,59,12,5,1,1,81,25,6,5,2,0,9,3,524,175,249,55,17,29,0,44,12,5,11,2,53,37,58,57,1,0
2021-12-06,Premier League,3610070,Everton,Arsenal,0.23287408649814303,0.2116928237690188,0.5554330897328381,2,1,0,36,11,5,2,1,69,8,3,3,3,1,7,4,329,117,111,44,31,28,5,54,11,3,12,2,46,44,53,43,2,0,64,10,3,1,1,83,12,3,4,3,1,8,2,588,266,220,34,20,20,1,21,10,3,13,3,52,56,47,92,2,0
2021-12-10,Premier League,3610081,Brentford,Watford,0.46618773122257595,0.2801772347930827,0.2536350339843414,2,1,0,63,14,5,2,0,74,12,8,4,5,0,11,3,472,174,176,42,11,34,1,60,11,1,9,1,68,55,41,46,4,0,37,6,2,1,1,58,18,2,3,1,1,4,2,281,80,83,30,45,26,0,53,8,5,35,3,71,45,59,40,0,0
2021-12-11,Premier League,3610088,Manchester City,Wolverhampton Wanderers,0.6507926921334742,0.20646232825003774,0.142744979616488,1,0,0,71,24,10,3,2,91,12,14,8,6,0,16,8,746,192,487,87,24,19,1,73,12,0,1,1,34,41,50,50,3,0,29,2,1,0,0,75,5,1,1,0,0,2,0,310,184,47,30,50,14,0,64,17,7,29,8,45,59,50,58,2,1
2021-12-11,Premier League,3610080,Arsenal,Southampton,0.6462931729852607,0.22937596245508543,0.12433086455965388,3,0,0,61,15,5,3,1,80,5,9,7,3,2,11,4,507,242,163,48,25,19,3,50,7,3,11,6,42,53,49,50,2,0,39,11,6,0,0,74,9,8,2,3,0,4,7,320,132,105,39,15,20,1,33,8,3,24,2,41,48,51,40,0,0
2021-12-11,Premier League,3610084,Chelsea,Leeds United,0.6732590715048026,0.2021077908217716,0.12463313767342583,3,2,0,58,16,6,4,1,84,9,5,5,5,0,10,6,415,154,194,67,31,31,1,72,12,6,12,3,57,49,67,50,2,0,42,12,5,2,0,73,15,2,1,6,0,8,4,304,133,90,35,20,28,4,48,9,4,13,3,50,51,33,56,5,0
2021-12-11,Premier League,3610087,Liverpool,Aston Villa,0.6853547569684405,0.17884703985256853,0.13579820317899102,1,0,0,62,20,5,4,3,82,13,11,8,7,1,15,5,551,184,268,61,39,23,2,47,10,2,19,0,54,41,75,53,1,0,38,4,0,0,0,71,6,3,2,2,0,1,3,329,140,93,26,7,25,1,43,7,7,23,4,54,59,25,68,2,0
2021-12-11,Premier League,3610089,Norwich City,Manchester United,0.1505444150166057,0.15607264472190693,0.6933829402614874,0,1,2,47,11,5,1,1,78,6,8,1,5,0,8,3,440,208,133,45,23,28,0,56,13,4,23,4,49,49,42,57,1,0,53,13,5,2,1,82,17,6,4,4,1,7,6,501,167,242,47,21,18,1,48,8,5,21,5,57,51,58,60,1,0
2021-12-12,Premier League,3610083,Burnley,West Ham United,0.192762639095768,0.27100674669236835,0.5362306142118637,0,0,1,40,9,1,0,0,64,13,6,5,3,0,6,3,310,80,119,40,17,10,1,47,6,5,29,3,60,53,45,73,2,0,60,16,3,0,0,74,11,14,8,5,0,9,7,471,149,201,41,9,23,1,60,4,3,14,1,61,47,55,50,1,0
2021-12-12,Premier League,3610086,Leicester City,Newcastle United,0.5693534460866474,0.26943978871451063,0.161206765198842,4,0,0,47,8,5,3,0,79,9,4,2,1,0,5,3,400,154,163,40,11,21,0,65,6,6,26,3,53,46,47,50,2,0,53,12,3,0,0,80,16,6,3,6,0,7,5,431,166,178,47,26,19,1,62,4,1,12,1,62,54,53,58,3,0
2021-12-12,Premier League,3610085,Crystal Palace,Everton,0.36247323340471094,0.31381156316916486,0.3237152034261242,3,1,0,61,17,6,2,1,83,15,8,5,6,0,12,5,487,244,162,53,28,31,1,80,4,5,19,5,65,42,66,53,0,0,39,12,6,1,0,70,14,2,1,5,0,5,7,306,99,116,28,13,26,0,64,5,6,25,3,66,58,34,63,2,0
2021-12-14,Premier League,3610095,Norwich City,Aston Villa,0.20955197277809284,0.2685732804018472,0.52187474682006,0,2,2,50,7,3,1,1,83,12,7,1,3,0,6,1,451,231,142,53,33,24,0,61,12,8,27,4,54,51,54,62,3,0,50,17,6,1,0,83,9,10,3,8,0,12,5,447,143,228,58,21,19,0,47,7,3,16,3,51,49,46,43,1,0
2021-12-14,Premier League,3610099,Manchester City,Leeds United,0.6536031971122856,0.19708005672295992,0.1493167461647544,7,0,0,64,31,15,4,3,92,5,6,9,7,0,17,14,608,264,293,67,35,8,1,42,9,1,12,3,46,58,67,55,1,0,36,6,3,0,0,81,9,2,2,1,1,2,4,338,218,55,39,17,16,0,53,7,7,13,8,31,42,33,73,1,0
2021-12-15,Premier League,3610092,Brighton & Hove Albion,Wolverhampton Wanderers,0.3493882608022301,0.3368953590418667,0.31371638015590314,0,1,2,59,12,2,2,2,84,11,7,7,3,0,7,5,524,203,238,41,12,23,1,50,10,1,10,4,48,46,45,53,2,0,41,8,5,2,1,78,15,4,2,1,1,5,3,365,173,110,38,0,15,1,53,10,3,22,2,56,54,55,74,0,0
2021-12-15,Premier League,3610096,Crystal Palace,Southampton,0.5664274842357034,0.2898456186127419,0.14372689715155468,2,2,1,60,9,6,4,3,74,16,4,2,1,0,9,0,448,212,121,47,15,32,1,50,10,4,30,2,75,53,52,50,2,0,40,15,4,0,0,65,20,6,7,4,0,6,9,299,91,102,41,26,23,3,83,11,1,24,4,67,47,48,64,4,0
2021-12-15,Premier League,3610090,Arsenal,West Ham United,0.5204613297150611,0.22550881953867027,0.25402985074626866,2,0,0,56,21,8,3,2,84,9,5,5,8,1,11,10,501,173,247,57,25,17,0,59,5,3,19,1,59,55,47,63,2,0,44,7,1,0,0,81,9,2,3,3,0,2,5,387,164,150,46,18,28,0,78,11,8,21,6,54,45,53,64,0,1
2021-12-16,Premier League,3610097,Chelsea,Everton,0.6956012666648926,0.18151095026477554,0.12288778307033184,1,1,1,80,23,10,6,5,90,11,7,10,3,0,16,7,777,264,434,47,36,31,0,73,2,1,7,2,52,47,56,54,2,0,20,5,3,1,0,56,11,1,1,1,0,2,3,194,56,52,31,40,11,2,42,9,3,22,9,53,53,44,69,3,0
2021-12-16,Premier League,3610098,Liverpool,Newcastle United,0.7283334696436847,0.16139145606717373,0.11027507428914152,3,1,0,74,23,8,5,3,85,9,11,9,6,0,16,7,738,198,430,55,30,23,2,75,9,0,3,2,40,38,64,62,1,0,26,5,3,0,0,60,4,0,2,0,0,0,5,258,92,63,31,17,9,1,83,22,6,28,6,48,62,36,60,3,0
2021-12-18,Premier League,3610102,Leeds United,Arsenal,0.18956510382656394,0.2072613295024161,0.60317356667102,1,4,2,51,9,2,2,1,77,11,1,6,1,0,4,5,405,196,116,49,33,27,0,29,9,5,15,8,37,51,35,73,3,0,49,21,12,6,3,78,7,4,3,6,0,14,7,392,168,137,37,29,15,1,54,11,1,8,1,41,49,65,46,1,0
2021-12-19,Premier League,3610104,Newcastle United,Manchester City,0.18063451311204842,0.20982945167797543,0.6095360352099761,0,4,2,28,5,1,0,0,81,9,3,4,0,0,2,3,265,133,82,56,17,14,4,54,11,2,16,3,40,41,60,50,1,0,72,18,7,5,2,91,6,6,8,3,0,16,2,709,332,314,53,42,15,2,48,5,0,9,1,48,59,40,61,2,0
2021-12-19,Premier League,3610109,Wolverhampton Wanderers,Chelsea,0.21093695576454197,0.2426332288401254,0.5464298153953326,0,0,1,37,4,1,1,1,78,9,4,1,2,0,1,3,433,218,119,38,21,17,2,47,13,6,26,1,37,41,44,40,0,0,63,8,1,1,1,88,7,9,1,6,0,6,2,739,280,369,50,13,22,4,56,16,2,18,1,52,59,56,61,2,0
2021-12-19,Premier League,3610106,Tottenham Hotspur,Liverpool,0.22857569742374761,0.17749887942626624,0.5939254231499861,2,2,1,44,10,5,6,5,76,12,6,3,2,0,10,0,413,196,119,53,23,18,3,73,8,6,25,4,50,44,59,45,4,0,56,18,6,1,0,82,11,4,6,6,0,11,7,519,173,250,50,22,21,1,52,11,2,15,3,54,56,41,50,4,1
2021-12-26,Premier League,3610114,Manchester City,Leicester City,0.6496498499356868,0.1988280691725025,0.15152208089181077,6,3,0,72,17,9,5,1,94,11,14,3,5,0,12,5,736,282,411,65,25,18,2,43,3,1,9,5,34,46,40,70,1,0,28,14,8,5,2,87,9,4,5,1,2,10,4,289,198,53,44,30,3,1,67,9,5,25,2,41,54,60,86,2,0
2021-12-26,Premier League,3610116,Norwich City,Arsenal,0.14615302831626326,0.20554984583761562,0.6482971258461211,0,5,2,35,4,2,0,0,73,13,3,1,1,0,3,1,314,143,85,38,11,23,3,47,13,6,12,1,36,42,30,29,1,0,65,16,6,3,1,84,7,4,4,6,0,11,5,585,273,220,47,22,20,2,85,8,1,9,2,59,58,70,55,2,0
2021-12-26,Premier League,3610117,Tottenham Hotspur,Crystal Palace,0.6480325310112545,0.22295243571839315,0.1290150332703524,3,0,0,60,17,6,4,1,91,16,4,6,5,0,11,6,602,263,285,71,64,14,1,65,12,2,9,0,56,51,63,50,1,0,40,4,0,0,0,83,9,2,2,2,0,3,1,406,205,131,38,33,13,0,56,12,5,7,3,48,49,38,33,1,1
2021-12-26,Premier League,3610118,West Ham United,Southampton,0.6117086151458033,0.2774143474886351,0.11087703736556159,2,3,2,56,11,5,2,0,80,10,10,3,3,0,6,5,451,135,227,49,11,20,2,77,9,3,11,3,49,44,48,57,2,0,44,11,6,1,0,77,9,2,2,3,0,5,6,378,126,164,34,38,18,1,53,13,4,37,2,59,56,53,75,3,0
2021-12-26,Premier League,3610110,Aston Villa,Chelsea,0.23335683647687877,0.21334978553381514,0.5532933779893061,1,3,2,42,8,1,0,0,86,8,2,2,5,0,5,3,446,221,161,55,8,18,2,53,12,3,22,1,44,51,47,47,3,0,58,10,4,4,2,89,11,5,3,3,1,9,1,609,219,322,68,14,23,2,59,16,4,18,1,43,49,53,63,1,0
2021-12-26,Premier League,3610111,Brighton & Hove Albion,Brentford,0.4211079749847806,0.31340970723338313,0.2654823177818363,2,0,0,50,15,5,1,0,80,8,6,7,3,0,4,11,467,184,191,38,25,15,2,54,11,5,23,5,51,45,57,56,1,0,50,16,6,1,1,77,10,9,6,4,0,12,4,450,203,145,38,17,19,3,56,12,3,21,3,53,55,43,83,3,0
2021-12-27,Premier League,3610115,Newcastle United,Manchester United,0.15091850197909265,0.1503433810345411,0.6987381169863662,1,1,1,31,13,8,1,1,64,11,2,3,2,1,5,8,259,72,95,40,0,28,2,56,17,7,20,2,47,49,36,60,3,0,69,13,4,3,3,80,8,3,3,6,0,8,5,566,200,255,45,26,32,3,59,10,2,19,7,55,51,64,44,3,0
2021-12-28,Premier League,3610124,Crystal Palace,Norwich City,0.5895765472312704,0.28919652551574376,0.12122692725298588,3,0,0,51,19,6,2,1,78,9,8,6,7,0,17,2,391,199,107,53,29,30,1,62,6,8,14,2,68,61,59,64,1,0,49,12,3,0,0,79,13,8,2,7,0,6,6,376,166,132,56,26,21,3,50,5,7,23,3,45,39,41,33,2,0
2021-12-28,Premier League,3610129,Southampton,Tottenham Hotspur,0.1912542047092744,0.24259170270703187,0.5661540925836938,1,1,1,35,9,2,0,0,69,15,3,3,4,0,4,5,290,65,136,38,18,17,3,27,10,5,26,10,44,44,51,63,2,1,65,21,11,4,3,84,5,7,5,5,0,14,7,536,164,288,51,39,23,3,78,5,4,13,1,49,56,49,50,2,0
2021-12-28,Premier League,3610123,Watford,West Ham United,0.2304422238171479,0.2984596698503837,0.4710981063324684,1,4,2,43,14,5,2,2,66,12,4,5,4,0,11,3,316,91,118,39,32,25,0,75,13,4,20,2,63,51,57,61,0,0,57,13,6,5,2,75,12,5,3,4,1,10,3,423,163,153,33,29,26,1,60,16,3,15,4,55,49,43,53,1,0
2021-12-28,Premier League,3610127,Leicester City,Liverpool,0.20263301727620542,0.17832275848957962,0.619044224234215,1,0,0,37,6,1,1,1,73,8,1,2,3,0,5,1,358,152,110,47,25,15,3,53,31,5,38,4,55,51,54,53,0,0,63,21,4,5,5,82,11,12,12,5,1,17,4,588,128,352,55,26,26,1,67,15,3,6,0,51,49,46,58,1,0
2021-12-29,Premier League,3610122,Chelsea,Brighton & Hove Albion,0.6866336075735378,0.1918178744505804,0.12154851797588188,1,1,1,48,11,5,0,0,80,14,10,3,3,0,9,2,430,141,202,44,25,17,1,65,10,4,26,5,57,43,59,50,4,0,52,18,6,0,0,80,7,8,8,4,1,10,8,473,199,180,38,26,25,0,61,9,3,19,4,63,57,41,67,1,0
2021-12-29,Premier League,3610121,Brentford,Manchester City,0.1978675221739951,0.1970183053406303,0.6051141724853746,0,1,2,24,6,2,0,0,63,12,3,2,2,0,3,3,217,95,41,27,10,10,0,35,16,4,17,2,44,49,45,33,0,0,76,12,3,1,0,89,10,5,5,4,1,7,5,716,181,453,58,14,26,3,36,8,2,10,3,48,51,55,58,0,0
2021-12-30,Premier League,3610128,Manchester United,Burnley,0.6968849514166735,0.16857189515799786,0.13454315342532866,3,1,0,57,18,6,3,2,78,5,7,9,3,1,11,7,484,186,191,41,23,20,2,63,5,3,14,2,45,55,46,67,0,0,43,10,3,2,2,77,10,5,4,3,0,9,1,355,128,147,50,22,12,4,43,8,3,23,4,45,45,54,20,0,0
2022-01-01,Premier League,3610130,Arsenal,Manchester City,0.3654632031555382,0.1853167975551686,0.4492199992892932,1,2,2,29,7,2,1,1,72,13,5,4,1,1,5,2,249,75,104,37,7,10,1,38,10,7,15,0,34,45,24,53,3,1,71,15,2,3,1,89,5,5,6,7,0,8,7,644,255,317,63,33,12,2,50,2,1,23,1,52,55,76,56,2,0
2022-01-01,Premier League,3610139,Watford,Tottenham Hotspur,0.1959454558642199,0.23866686008558788,0.5653876840501922,0,1,2,26,6,4,0,0,67,6,3,2,0,0,3,3,251,116,52,36,11,10,1,50,8,6,40,9,59,50,52,53,0,0,74,21,9,2,1,89,9,7,6,6,0,12,9,715,179,456,65,19,20,3,50,3,0,10,4,57,50,48,59,1,0
2022-01-01,Premier League,3610133,Crystal Palace,West Ham United,0.2687864967392694,0.27743915434124716,0.4537743489194834,2,3,2,63,22,6,4,3,87,6,9,11,5,2,16,6,558,281,206,63,32,31,0,80,6,1,17,2,54,45,59,25,0,0,37,10,5,3,1,73,16,1,4,1,0,9,1,339,97,149,30,47,23,2,58,11,5,37,4,55,55,41,64,2,0
2022-01-02,Premier League,3610131,Brentford,Aston Villa,0.2730550284629981,0.30740037950664134,0.41954459203036054,2,1,0,45,10,4,0,0,75,17,3,6,0,0,6,4,400,203,96,31,15,19,0,75,8,5,19,4,45,49,40,44,2,0,55,16,5,0,0,82,11,7,6,5,0,10,6,491,182,220,46,30,23,4,55,6,0,12,2,52,51,60,47,2,0
2022-01-02,Premier League,3610134,Everton,Brighton & Hove Albion,0.47614287968856855,0.3152191067389131,0.2086380135725183,2,3,2,50,17,6,1,1,72,5,8,7,4,1,12,5,399,141,147,40,28,29,1,65,9,4,11,2,69,54,56,53,1,0,50,12,5,2,0,72,12,5,3,4,0,4,8,425,168,139,26,60,20,1,60,6,4,33,4,58,46,44,53,1,0
2022-01-02,Premier League,3610135,Leeds United,Burnley,0.5468090098545284,0.3072501173158142,0.14594087282965743,3,1,0,55,22,7,3,2,71,11,9,6,9,1,13,9,360,138,117,42,35,21,5,61,10,2,21,1,59,55,40,61,2,0,45,8,2,1,1,60,7,3,4,2,0,4,4,297,66,112,38,27,29,1,57,8,9,17,4,63,45,60,50,1,0
2022-01-02,Premier League,3610132,Chelsea,Liverpool,0.35186561408920736,0.20926286860075438,0.43887151731003826,2,2,1,55,15,6,2,1,82,5,6,5,4,0,9,6,574,246,227,47,21,14,3,58,17,2,16,4,55,63,37,76,1,0,45,10,6,3,1,77,13,7,2,2,0,7,3,463,190,165,37,29,28,3,42,10,4,20,4,44,38,63,53,2,0
2022-01-03,Premier League,3610137,Manchester United,Wolverhampton Wanderers,0.6908246225319397,0.163566514786027,0.1456088626820334,0,1,2,51,9,2,1,1,80,9,3,4,3,1,4,5,488,188,203,52,14,23,2,59,12,6,14,5,52,53,52,70,3,0,49,19,6,0,0,81,8,8,7,6,1,8,11,457,161,211,53,29,19,3,54,9,3,18,2,46,47,48,50,1,0
2022-01-11,Premier League,3610105,Southampton,Brentford,0.456317093311313,0.2865813377374071,0.25710156895127995,4,1,0,49,12,6,3,0,75,9,5,4,2,1,8,4,407,113,191,25,16,16,0,50,16,1,20,3,49,48,46,62,0,0,51,5,4,1,1,73,8,2,0,1,0,4,1,428,165,148,39,31,27,1,40,7,2,14,3,54,52,54,59,1,0
2022-01-12,Premier League,3610108,West Ham United,Norwich City,0.6834396493353765,0.20972167777342218,0.10683867289120132,2,0,0,62,13,5,5,3,84,9,11,5,3,2,9,4,550,196,267,52,14,26,4,38,7,1,13,3,43,47,57,58,0,0,38,7,3,0,0,74,8,2,3,1,0,3,4,337,166,84,32,31,12,3,80,12,3,13,3,43,53,43,64,0,0
2022-01-14,Premier League,3610141,Brighton & Hove Albion,Crystal Palace,0.4479142391051037,0.2929387089256584,0.25914705196923793,1,1,1,63,19,4,3,3,83,11,9,10,5,1,13,6,569,231,239,44,24,24,1,57,9,1,10,1,55,50,66,44,0,0,37,3,1,1,0,73,7,0,1,1,0,1,2,337,133,113,33,0,23,2,65,6,5,24,4,46,50,34,45,2,0
2022-01-15,Premier League,3610144,Manchester City,Chelsea,0.5025997392007658,0.1866860340359507,0.3107142267632834,1,0,0,56,11,6,1,1,86,11,9,3,2,0,8,3,579,253,245,67,18,20,3,63,3,1,8,1,46,43,73,64,0,0,44,4,1,1,1,85,6,1,2,1,0,2,2,459,252,136,24,18,12,4,59,11,2,24,5,46,57,27,70,2,0
2022-01-15,Premier League,3610145,Newcastle United,Watford,0.4758720092245604,0.29028538483712885,0.23384260593831074,1,1,1,52,12,1,1,1,76,13,4,8,3,1,8,4,407,147,161,39,29,29,1,67,10,7,10,4,81,54,53,73,3,0,48,18,5,2,2,79,13,6,6,7,0,10,8,381,187,114,42,33,20,1,58,17,3,28,0,70,46,47,55,2,0
2022-01-15,Premier League,3610146,Norwich City,Everton,0.20325626831650928,0.29482253337675024,0.5019211983067404,2,1,0,40,14,3,1,0,70,12,8,6,5,1,6,8,284,104,96,46,20,25,3,33,9,6,30,4,61,51,68,53,3,0,60,12,5,0,0,80,14,8,1,6,0,9,3,435,180,166,36,17,20,1,72,8,5,20,2,49,49,32,59,1,0
2022-01-15,Premier League,3610149,Wolverhampton Wanderers,Southampton,0.5162988459202268,0.30998177768779106,0.17371937639198218,3,1,0,43,9,5,4,1,72,13,2,3,1,2,8,1,327,143,91,31,27,20,2,74,15,0,29,9,59,59,41,60,2,0,57,13,10,3,3,81,14,10,3,0,1,8,5,437,168,186,41,18,29,1,50,9,1,8,2,51,41,59,67,3,0
2022-01-15,Premier League,3610140,Aston Villa,Manchester United,0.27849291595268943,0.16567058135161114,0.5558365026956994,2,2,1,55,13,9,2,0,84,8,3,4,0,0,11,2,540,246,208,42,33,14,1,76,12,3,16,4,57,53,54,68,1,0,45,13,6,2,1,82,13,6,4,3,0,8,5,451,213,155,44,31,23,1,48,15,0,19,7,50,47,46,58,2,0
2022-01-16,Premier League,3610143,Liverpool,Brentford,0.6842528202750734,0.19490032452480296,0.12084685520012363,3,0,0,68,27,13,5,2,83,6,9,8,6,1,18,9,712,216,373,47,13,26,2,78,9,2,5,1,47,41,56,45,0,0,32,6,1,0,0,63,6,0,3,2,0,4,2,340,120,93,23,0,12,7,43,15,6,32,10,52,59,44,50,1,0
2022-01-16,Premier League,3610148,West Ham United,Leeds United,0.6055608151876027,0.25586725796003784,0.13857192685235936,2,3,2,47,15,5,4,3,70,6,4,6,4,0,13,2,386,127,143,44,38,31,1,59,11,2,11,2,67,55,59,57,3,0,53,18,5,3,1,73,9,3,9,4,1,14,4,442,201,121,33,38,24,1,57,10,4,21,3,52,45,41,33,2,0
2022-01-18,Premier League,3610161,Brighton & Hove Albion,Chelsea,0.1813203622124327,0.21530837004405287,0.6033712677435145,1,1,1,43,10,2,1,1,82,8,5,3,5,0,7,3,438,158,202,51,29,25,1,69,17,6,19,2,36,54,35,50,1,0,57,15,3,0,0,87,5,7,5,7,0,7,8,579,270,233,60,8,19,0,50,10,5,26,1,39,46,65,33,2,0
2022-01-19,Premier League,3610094,Leicester City,Tottenham Hotspur,0.35702462058510914,0.24406265790803436,0.39891272150685647,2,3,2,49,14,4,3,1,86,6,3,5,5,0,8,6,569,312,179,49,20,9,1,71,11,8,20,5,46,47,42,50,1,0,51,27,10,8,5,88,12,8,10,7,1,17,10,592,265,256,65,28,14,0,55,14,5,13,2,55,53,58,67,2,0
2022-01-19,Premier League,3610091,Brentford,Manchester United,0.17761258074617,0.1705266331891403,0.6518607860646897,1,3,2,44,18,9,4,3,72,7,6,4,5,0,13,5,405,138,153,35,21,16,3,65,7,5,30,2,46,43,35,45,0,0,56,13,5,4,1,79,9,9,2,6,1,7,6,519,167,244,32,15,8,0,63,12,5,35,8,70,57,65,61,0,0
2022-01-21,Premier League,3610159,Watford,Norwich City,0.5575718197428876,0.2749802756764283,0.1674479045806841,0,3,2,68,15,4,2,2,82,16,5,7,4,1,8,7,565,243,221,57,23,17,1,71,9,3,5,0,67,55,56,76,0,1,32,7,2,1,0,59,11,1,2,3,0,4,3,259,90,62,22,40,28,1,69,9,5,14,3,55,45,44,50,1,0
2022-01-22,Premier League,3610154,Everton,Aston Villa,0.26585312704292874,0.2549139246023099,0.4792329483547614,0,1,2,50,15,1,1,1,67,14,9,7,7,0,11,4,338,110,118,46,40,35,3,67,7,1,7,2,81,50,49,48,5,0,50,8,3,1,1,71,16,2,4,1,0,4,4,361,136,119,37,29,27,1,69,10,8,15,0,83,50,51,58,4,0
2022-01-22,Premier League,3610151,Brentford,Wolverhampton Wanderers,0.24539384196859157,0.30357363670087795,0.45103252133053046,1,2,2,50,11,1,0,0,74,6,6,5,5,0,7,4,455,198,137,35,23,29,0,56,10,1,14,0,59,44,64,79,2,0,50,7,2,0,0,74,7,3,3,2,0,3,4,477,174,181,30,43,20,4,55,9,5,34,0,58,56,36,70,3,0
2022-01-22,Premier League,3610155,Leeds United,Newcastle United,0.5142907864370673,0.27403988401680573,0.211669329546127,0,1,2,63,13,4,2,2,79,9,6,4,5,0,8,5,477,192,185,45,14,24,0,62,7,8,20,2,56,54,32,52,4,0,37,15,3,1,1,67,9,7,4,8,0,6,9,277,72,114,42,36,22,0,50,16,5,28,4,66,46,68,45,2,0
2022-01-22,Premier League,3610157,Manchester United,West Ham United,0.6091724137931035,0.18673563218390804,0.2040919540229885,1,0,0,57,18,3,1,0,83,9,3,9,6,0,13,5,548,223,230,43,18,25,4,65,4,2,15,2,55,56,57,77,1,0,43,6,1,0,0,75,8,3,3,2,0,5,1,413,181,127,39,7,20,1,78,16,6,13,2,42,44,43,50,1,0
2022-01-22,Premier League,3610158,Southampton,Manchester City,0.1792103757390807,0.19145527369826434,0.629334350562655,1,1,1,26,7,3,2,2,69,13,2,3,1,1,6,1,278,127,66,31,40,12,2,70,12,7,37,4,43,40,46,47,3,0,74,20,5,3,2,90,5,11,8,7,3,11,9,777,251,449,70,18,15,0,48,8,1,4,2,62,60,54,56,0,0
2022-01-23,Premier League,3610150,Arsenal,Burnley,0.6747019374068555,0.21136363636363636,0.1139344262295082,0,0,1,76,20,5,1,1,88,9,12,8,7,0,13,7,643,275,289,49,9,20,0,43,4,3,19,1,44,45,40,50,0,0,24,10,1,0,0,65,13,4,6,3,0,5,5,211,58,79,33,17,11,2,44,7,6,42,5,58,55,60,70,2,0
2022-01-23,Premier League,3610153,Crystal Palace,Liverpool,0.1618672430623344,0.20063450006972527,0.6374982568679403,1,3,2,43,8,5,3,2,76,12,2,3,0,0,6,2,431,257,71,43,8,16,5,62,10,0,25,4,49,55,56,100,4,0,57,14,7,2,0,81,10,5,6,1,0,7,7,576,216,249,47,21,27,2,86,9,0,11,4,40,45,44,50,1,0
2022-01-23,Premier League,3610156,Leicester City,Brighton & Hove Albion,0.5248496748067247,0.31384218922567186,0.16130813596760338,1,1,1,44,15,5,3,2,79,6,4,3,7,0,9,6,460,202,162,33,0,14,3,39,9,6,30,3,45,49,50,43,0,0,56,14,5,3,2,82,8,5,4,5,0,7,7,577,221,253,61,12,21,3,68,7,7,13,4,46,51,50,56,1,0
2022-01-23,Premier League,3610152,Chelsea,Tottenham Hotspur,0.576991756561728,0.19742667742961278,0.22558156600865928,2,0,0,65,15,7,1,1,87,17,10,5,3,0,9,6,606,293,233,63,23,18,0,73,10,1,12,3,48,47,62,46,2,0,35,6,3,0,0,78,14,3,2,1,0,4,2,341,163,104,39,20,21,1,50,12,3,26,5,47,53,38,62,1,0
2022-02-05,Premier League,3610093,Burnley,Watford,0.7541899441340782,0.16076970825574177,0.08504034761018,0,0,1,52,13,2,0,0,69,16,4,7,4,0,7,6,391,135,135,41,29,43,3,43,6,2,21,5,57,46,51,52,1,0,48,11,5,1,1,68,9,7,4,2,0,7,4,359,109,136,33,27,20,0,69,19,4,28,2,62,54,49,50,2,0
2022-02-08,Premier League,3610166,Newcastle United,Everton,0.35501973836984285,0.2574502670485332,0.38752999458162396,3,1,0,39,20,9,3,2,65,13,6,6,5,2,16,4,292,101,90,48,43,26,1,33,17,6,12,2,84,54,57,70,2,0,61,11,3,1,1,77,13,2,3,5,0,7,4,454,192,158,24,23,19,1,47,4,5,14,7,69,46,43,58,3,0
2022-02-08,Premier League,3610164,West Ham United,Watford,0.6409279951896578,0.24011624993736533,0.1189557548729769,1,0,0,64,9,3,2,2,80,1,5,4,2,2,8,1,609,262,227,51,30,39,3,50,13,1,14,1,73,49,63,56,1,0,36,6,1,0,0,70,6,6,4,1,0,2,4,335,114,121,30,25,21,1,71,12,3,28,1,57,51,37,61,0,0
2022-02-08,Premier League,3610162,Burnley,Manchester United,0.16989426161340146,0.17367232980872044,0.6564334085778781,1,1,1,36,9,3,1,0,67,11,2,5,1,0,4,5,288,71,122,26,29,23,2,56,7,12,28,4,53,59,33,58,2,0,64,22,5,1,1,81,10,10,5,12,0,16,6,518,187,235,53,17,28,1,73,1,1,16,2,51,41,67,27,1,0
2022-02-09,Premier League,3610169,Manchester City,Brentford,0.6850739288412419,0.18509191639385544,0.12983415476490268,2,0,0,76,15,7,3,2,88,7,9,6,2,0,11,4,709,175,452,50,17,23,2,71,8,2,7,2,47,56,70,47,0,0,24,6,2,1,1,59,13,3,2,2,0,4,2,227,80,55,26,38,14,10,62,11,2,30,5,30,44,30,38,0,0
2022-02-09,Premier League,3610163,Norwich City,Crystal Palace,0.28584060363121905,0.30452723414289085,0.4096321622258901,1,1,1,28,5,1,0,0,62,11,4,2,2,0,4,1,256,106,53,29,27,25,1,60,11,4,27,4,45,48,34,33,1,0,72,13,5,1,1,86,16,6,4,4,0,8,5,670,302,273,40,0,15,2,60,10,2,8,0,58,52,66,65,2,0
2022-02-09,Premier League,3610167,Tottenham Hotspur,Southampton,0.6583856345885635,0.21875,0.12286436541143654,2,3,2,48,8,3,3,2,80,7,2,2,3,0,6,2,433,193,154,40,26,24,3,50,13,4,29,6,70,57,64,50,2,0,52,23,10,4,3,82,13,8,10,3,1,15,8,472,134,253,43,25,19,1,43,10,3,21,2,47,43,36,64,3,0
2022-02-09,Premier League,3610160,Aston Villa,Leeds United,0.5821715470329101,0.258927183208085,0.15890126975900493,3,3,1,40,12,4,2,0,75,11,6,6,2,0,8,4,302,128,98,35,33,20,1,59,9,4,24,4,55,70,71,82,1,1,60,16,8,3,1,83,9,11,5,3,1,11,5,456,217,161,54,12,21,2,67,10,2,15,2,23,30,29,20,3,0
2022-02-10,Premier League,3610168,Liverpool,Leicester City,0.7085679957948486,0.16192335611123626,0.12950864809391505,2,0,0,65,22,11,4,2,85,11,7,7,4,1,16,6,665,265,298,49,18,19,3,61,20,1,15,1,66,50,71,56,1,0,35,5,1,1,1,71,7,6,3,1,0,3,2,362,151,106,43,11,27,4,39,12,4,35,9,52,50,29,57,0,0
2022-02-10,Premier League,3610165,Wolverhampton Wanderers,Arsenal,0.28355206140893896,0.22783830630184473,0.4886096322892163,0,1,2,58,15,4,0,0,82,12,7,7,4,0,9,6,481,177,216,47,24,29,1,42,17,7,13,1,52,51,55,42,2,0,42,12,2,2,1,76,13,4,3,7,0,8,4,356,134,138,22,31,17,2,59,7,4,35,4,48,49,45,56,3,1
2022-02-12,Premier League,3610175,Manchester United,Southampton,0.6452126336732156,0.17886097985575727,0.1759263864710271,1,1,1,52,12,8,4,3,81,12,1,2,2,0,11,1,469,206,176,63,15,21,7,50,6,3,13,3,53,46,60,50,4,0,48,13,4,1,1,81,13,4,6,3,0,6,7,430,182,165,37,0,18,1,59,19,2,14,6,53,54,40,60,0,0
2022-02-12,Premier League,3610170,Brentford,Crystal Palace,0.34106799846331154,0.32139838647714175,0.33753361505954665,0,0,1,43,9,2,3,3,69,10,3,5,2,0,8,1,377,128,132,37,23,19,0,58,11,1,25,3,76,55,60,69,1,0,57,6,3,1,1,77,10,9,2,1,0,4,2,504,155,235,51,15,29,0,65,6,2,16,2,58,45,40,50,0,0
2022-02-12,Premier League,3610173,Everton,Leeds United,0.46629791613069205,0.28074350398765113,0.2529585798816568,3,0,0,42,21,10,4,3,74,8,5,2,9,0,11,10,344,89,166,47,43,30,1,73,13,3,15,0,55,45,55,35,1,0,58,7,0,0,0,80,9,3,4,3,2,2,5,467,236,138,49,8,34,0,55,13,7,19,7,61,55,45,36,1,0
2022-02-12,Premier League,3610179,Watford,Brighton & Hove Albion,0.2889550018594273,0.31340647080699147,0.39763852733358124,0,2,2,35,9,1,0,0,69,16,4,5,3,1,6,3,315,106,110,30,11,20,1,72,11,4,21,3,45,45,22,60,3,0,65,11,6,2,2,79,9,5,2,3,0,10,1,592,229,240,39,35,22,1,52,10,2,17,1,74,55,78,47,2,0
2022-02-12,Premier League,3610177,Norwich City,Manchester City,0.19432644198999338,0.17181157368073255,0.6338619843292741,0,4,2,28,8,3,0,0,75,7,4,4,1,1,7,1,281,152,60,39,50,13,2,55,6,4,29,5,37,47,52,60,0,0,72,22,9,6,4,91,8,12,8,5,2,18,4,707,270,370,72,15,11,2,60,11,1,9,3,39,53,48,84,2,0
2022-02-13,Premier League,3610171,Burnley,Liverpool,0.13609035621198956,0.1820330147697654,0.681876629018245,0,1,2,33,8,5,2,2,65,7,5,3,0,0,5,3,303,121,77,33,15,24,7,86,19,2,22,3,44,52,43,92,0,0,67,12,4,4,3,82,6,8,5,3,0,8,4,643,290,240,61,13,21,3,27,6,0,21,5,45,48,57,67,1,0
2022-02-13,Premier League,3610176,Newcastle United,Aston Villa,0.34014195156309257,0.2713333694533239,0.38852467898358345,1,0,0,37,10,2,0,0,68,22,3,4,4,0,5,5,249,77,92,45,36,17,3,53,12,4,13,1,61,47,65,47,3,0,63,11,1,0,0,77,15,6,6,4,0,5,6,424,170,156,37,18,20,2,50,10,4,9,1,56,53,35,47,4,0
2022-02-13,Premier League,3610178,Tottenham Hotspur,Wolverhampton Wanderers,0.5619023653749371,0.2446904881731253,0.1934071464519376,0,2,2,59,17,7,0,0,84,13,7,5,5,0,12,5,572,245,233,68,22,21,3,73,14,3,9,5,59,54,66,59,3,0,41,11,7,2,1,75,13,3,1,3,1,7,4,412,188,122,42,17,25,1,47,12,5,32,7,44,46,34,46,1,0
2022-02-13,Premier League,3610174,Leicester City,West Ham United,0.3458210422812193,0.273992133726647,0.3801868239921337,2,2,1,55,13,2,1,0,82,10,5,7,4,0,9,4,550,273,180,31,13,19,0,38,14,2,18,1,48,55,30,56,1,0,45,8,3,1,0,80,9,4,2,3,0,6,2,433,176,169,43,6,17,0,57,5,4,15,0,54,45,70,41,2,0
2022-02-15,Premier League,3610103,Manchester United,Brighton & Hove Albion,0.677360354587205,0.17195343372850583,0.15068621168428922,2,0,0,50,19,7,5,4,82,8,10,4,8,0,7,12,512,198,220,55,19,13,1,56,8,1,14,3,59,60,70,75,3,0,50,10,3,3,3,84,10,2,6,1,1,5,5,516,248,187,50,25,21,1,41,22,8,17,5,36,40,30,36,1,1
2022-02-19,Premier League,3610188,West Ham United,Newcastle United,0.5238276782310332,0.2501376710297793,0.22603465073918752,1,1,1,47,11,3,1,0,76,3,3,2,6,1,10,1,388,141,153,42,21,22,2,73,7,6,32,2,46,49,58,43,3,0,53,14,3,1,1,79,7,7,5,6,0,8,6,431,181,158,48,25,22,1,58,6,6,14,2,40,51,42,70,3,0
2022-02-19,Premier League,3610180,Arsenal,Brentford,0.6878110324525127,0.19478516857082778,0.11740379897665942,2,1,0,66,24,8,1,1,86,10,14,8,8,0,17,7,562,165,317,56,23,25,1,79,8,3,7,1,35,45,39,58,1,0,34,6,2,1,0,72,5,0,1,3,0,3,3,294,124,89,36,13,15,2,43,12,9,45,5,46,55,61,55,1,0
2022-02-19,Premier League,3610181,Aston Villa,Watford,0.6314780539397145,0.2568746694870439,0.11164727657324167,0,1,2,60,20,1,1,1,84,12,10,11,8,1,8,12,550,220,242,60,28,14,0,63,4,1,16,3,49,47,48,47,1,0,40,8,4,4,3,75,7,5,3,1,0,5,3,383,169,119,35,8,26,0,47,14,7,36,1,54,53,52,40,2,0
2022-02-19,Premier League,3610182,Brighton & Hove Albion,Burnley,0.5297455295735901,0.32264442916093533,0.14761004126547456,0,3,2,69,11,1,0,0,85,12,4,6,4,0,6,5,579,242,250,50,18,22,1,62,5,4,23,1,40,45,48,38,1,0,31,10,4,1,0,63,12,4,2,4,1,6,4,260,71,92,31,0,14,3,71,11,4,19,1,47,55,52,55,4,0
2022-02-19,Premier League,3610183,Crystal Palace,Chelsea,0.16095230757377302,0.2054857847291779,0.6335619076970491,0,1,2,43,7,0,1,1,79,4,4,5,2,0,5,2,373,178,118,47,20,19,1,64,10,3,18,2,58,61,50,44,1,0,57,9,3,2,2,83,20,4,3,3,0,5,4,518,214,214,54,15,28,3,47,8,2,16,0,40,39,50,53,3,0
2022-02-19,Premier League,3610185,Liverpool,Norwich City,0.7534127762274682,0.1561580813032657,0.09042914246926616,3,1,0,69,29,8,6,3,89,7,8,11,10,0,16,13,697,227,396,56,11,11,1,36,7,1,12,0,57,54,57,60,0,0,31,6,1,1,1,71,8,4,4,1,0,3,3,308,152,68,37,17,11,5,47,13,8,39,4,47,46,43,60,1,0
2022-02-19,Premier League,3610187,Southampton,Everton,0.37288366084177604,0.3020330454885429,0.3250832936696811,2,0,0,56,19,11,4,3,79,6,4,5,3,2,15,4,506,171,228,44,21,11,4,48,16,4,13,0,67,56,65,54,0,0,44,9,0,0,0,70,9,4,5,4,0,2,7,401,92,190,56,0,25,2,55,12,3,16,9,47,44,35,47,2,0
2022-02-19,Premier League,3610186,Manchester City,Tottenham Hotspur,0.6220207781625585,0.1553778773680994,0.22260134446934202,2,3,2,71,21,4,2,0,91,5,10,11,6,1,16,5,755,136,552,56,21,23,1,77,9,0,2,2,44,61,59,60,0,0,29,6,5,4,1,79,7,0,1,0,0,4,2,308,187,55,44,75,11,3,54,7,6,37,2,29,39,41,20,3,0
2022-02-20,Premier League,3610184,Leeds United,Manchester United,0.20226731567524286,0.1822702657142255,0.6154624186105316,2,4,2,54,16,6,1,0,78,13,3,6,4,0,10,6,409,198,122,37,20,14,4,50,17,4,16,5,54,52,36,42,6,0,46,15,9,4,2,73,19,3,2,4,0,11,4,340,107,140,38,23,20,2,53,10,4,12,4,54,48,64,60,3,0
2022-02-20,Premier League,3610189,Wolverhampton Wanderers,Leicester City,0.43707008737683584,0.27779327012455846,0.2851366424986057,2,1,0,36,11,3,0,0,78,12,7,5,3,0,7,4,320,172,79,37,36,19,2,41,6,4,37,6,55,45,68,47,4,0,64,17,7,2,1,88,9,10,6,4,0,9,8,567,262,235,59,6,28,2,64,6,3,10,1,55,55,32,70,4,0
2022-02-23,Premier League,3610052,Burnley,Tottenham Hotspur,0.18224838782123262,0.21920818762231706,0.5985434245564503,1,0,0,34,15,4,2,2,79,8,3,6,5,0,8,7,326,106,153,49,23,15,3,18,24,3,35,2,51,49,49,65,0,0,66,12,2,0,0,85,8,7,7,3,1,8,4,639,285,258,55,24,26,2,40,5,5,15,3,54,51,51,76,0,0
2022-02-23,Premier League,3610107,Watford,Crystal Palace,0.3048889306344808,0.3143286526088386,0.3807824167566806,1,4,2,45,8,1,3,2,80,12,6,4,3,0,6,2,456,226,137,46,25,23,2,55,8,0,13,1,36,38,50,33,2,0,55,7,5,1,0,84,9,4,2,0,0,6,1,556,289,180,37,23,18,1,61,6,3,20,0,52,62,50,58,1,0
2022-02-23,Premier League,3610113,Liverpool,Leeds United,0.7546229576511034,0.1312659524595003,0.11411108988939628,6,0,0,64,23,15,8,2,87,5,4,5,3,0,16,7,672,328,255,56,33,20,1,38,12,0,8,2,47,51,90,63,0,0,36,3,2,0,0,74,11,0,1,0,0,1,2,378,211,69,32,0,12,6,48,15,3,9,8,38,49,10,92,3,0
2022-02-24,Premier League,3610120,Arsenal,Wolverhampton Wanderers,0.6408143480368396,0.1820385140792315,0.17714713788392897,2,1,0,56,26,5,2,1,83,8,5,11,10,1,20,6,508,204,217,48,28,20,2,50,4,0,9,1,49,50,48,67,1,0,44,6,2,3,2,74,9,4,4,0,0,5,1,407,197,106,33,22,14,2,71,16,9,23,4,50,50,52,60,1,0
2022-02-25,Premier League,3610198,Southampton,Norwich City,0.6045257005844448,0.2499125830461062,0.14556171636944903,2,0,0,58,27,9,3,2,81,12,13,12,6,0,19,8,501,158,249,46,36,28,2,56,10,4,16,1,47,47,58,53,1,0,42,8,1,0,0,76,9,6,3,4,0,4,4,360,185,88,43,29,20,1,56,7,6,42,7,46,53,42,33,2,0
2022-02-26,Premier League,3610196,Leeds United,Tottenham Hotspur,0.2484935552097051,0.23388802426273994,0.517618420527555,0,4,2,50,19,3,2,2,86,16,3,10,6,2,12,7,449,144,243,63,16,13,0,35,9,3,6,6,38,46,56,56,4,0,50,15,11,5,2,88,11,6,2,2,0,13,2,474,261,157,63,33,10,3,60,12,7,24,2,43,54,44,59,2,0
2022-02-26,Premier League,3610191,Brentford,Newcastle United,0.29099454566554483,0.2877451549263085,0.4212602994081467,0,2,2,37,6,1,1,1,66,9,6,3,2,0,5,1,301,72,127,41,31,18,0,67,9,5,20,9,41,43,51,38,3,1,63,26,11,2,1,83,7,6,10,5,0,18,8,504,162,256,59,35,26,0,38,6,2,26,1,47,57,49,60,1,0
2022-02-26,Premier League,3610194,Crystal Palace,Burnley,0.4878233247617607,0.3171229768567539,0.1950536983814854,1,1,1,59,11,4,1,0,77,5,5,2,5,1,6,5,532,228,180,33,6,27,0,85,7,2,19,1,51,63,32,83,0,0,41,5,1,0,0,67,16,4,2,2,0,2,3,364,98,147,42,12,26,2,42,20,5,22,3,48,37,68,60,2,0
2022-02-26,Premier League,3610197,Manchester United,Watford,0.7170616357374184,0.16164601860895492,0.12129234565362669,0,0,1,67,22,3,4,4,85,2,4,12,7,1,14,8,676,210,364,59,45,29,2,60,6,3,4,2,58,50,68,53,0,0,33,10,2,0,0,70,7,3,5,3,0,4,6,335,133,103,36,43,13,2,55,22,5,28,3,47,50,32,59,0,0
2022-02-26,Premier League,3610192,Brighton & Hove Albion,Aston Villa,0.275954673478745,0.32232920678587806,0.40171611973537696,0,2,2,66,12,1,1,1,88,17,7,6,5,1,6,6,569,267,232,55,20,23,0,65,4,3,12,2,47,44,52,39,4,0,34,9,4,2,1,79,11,2,2,3,0,4,5,289,131,97,36,33,16,0,64,8,5,24,1,55,56,48,55,5,0
2022-02-26,Premier League,3610195,Everton,Manchester City,0.2383852502662407,0.1825745473908413,0.579040202342918,0,1,2,33,6,2,1,1,76,7,3,3,1,0,4,2,320,148,96,33,0,12,4,45,7,2,27,7,52,52,29,69,3,0,67,13,8,3,2,88,14,4,3,2,0,8,5,676,249,348,44,13,15,2,47,12,1,14,2,58,48,71,81,2,0
2022-02-27,Premier League,3610199,West Ham United,Wolverhampton Wanderers,0.4582590683558938,0.30434992051640253,0.23739101112770364,1,0,0,39,13,4,2,1,79,8,3,8,1,1,7,6,397,163,152,38,11,18,2,60,18,9,28,1,36,47,70,38,1,0,61,14,1,1,1,86,2,5,4,9,0,7,7,635,290,254,40,13,18,1,69,5,1,21,3,31,53,30,42,0,0
2022-03-01,Premier League,3610142,Burnley,Leicester City,0.24276234230292423,0.2656967840735069,0.49154087362356885,0,2,2,45,9,2,2,2,65,10,6,4,3,0,7,2,352,118,112,39,36,26,4,60,13,9,15,4,71,63,54,72,1,0,55,22,6,2,1,72,13,8,6,10,0,14,8,443,164,154,31,22,26,3,83,8,3,27,2,48,37,46,42,1,0
2022-03-05,Premier League,3610202,Leicester City,Leeds United,0.5910995251838749,0.2496508704962294,0.15924960431989574,1,0,0,51,7,4,0,0,79,9,5,0,3,0,3,4,471,238,136,41,7,22,2,52,10,6,24,4,69,54,63,52,1,0,49,19,4,1,1,80,12,10,9,6,0,16,3,433,187,161,48,23,32,0,38,7,3,20,3,53,46,37,46,2,0
2022-03-05,Premier League,3610200,Aston Villa,Southampton,0.4525078819145887,0.3002579535683577,0.2472341645170536,4,0,0,38,14,9,6,3,74,10,4,4,1,0,11,3,353,145,116,32,14,16,0,79,12,3,18,1,39,42,50,44,1,0,62,11,1,3,3,84,8,7,7,3,0,5,6,556,214,255,59,14,19,1,73,12,1,7,5,50,58,50,71,1,0
2022-03-05,Premier League,3610201,Burnley,Chelsea,0.15232474679001515,0.2094664646303533,0.6382087885796316,0,4,2,27,6,1,1,1,68,12,5,2,3,0,4,2,285,76,118,35,12,14,1,44,9,6,13,1,51,51,50,33,2,0,73,11,5,3,0,90,7,2,0,6,0,5,6,790,376,336,54,13,17,1,64,4,4,15,0,49,49,50,43,0,0
2022-03-05,Premier League,3610205,Newcastle United,Brighton & Hove Albion,0.5585767254276979,0.28075196773564043,0.16067130683666167,2,1,0,32,10,4,3,2,63,8,4,4,2,1,10,0,304,93,98,38,27,14,0,67,15,7,29,3,45,43,40,22,1,0,68,15,4,2,1,83,10,7,3,8,0,11,4,634,186,338,58,29,23,4,55,12,2,8,2,64,57,60,63,1,0
2022-03-05,Premier League,3610206,Norwich City,Brentford,0.34343949044585986,0.3304458598726115,0.32611464968152865,1,3,2,60,15,7,1,1,77,13,5,3,5,0,9,6,457,197,155,43,19,31,1,69,13,3,10,3,46,48,40,38,2,0,40,10,6,3,0,70,18,5,1,3,0,6,4,308,103,112,43,33,16,3,67,9,5,35,6,55,52,60,50,5,0
2022-03-05,Premier League,3610209,Wolverhampton Wanderers,Crystal Palace,0.5101024890190337,0.29963396778916546,0.1902635431918009,0,2,2,64,12,5,1,1,81,13,7,4,3,0,6,6,561,223,233,47,20,16,1,40,10,3,14,6,53,51,48,67,0,0,36,12,8,2,0,74,8,7,1,3,0,11,1,308,121,106,32,39,12,8,57,11,3,30,5,53,49,52,72,3,0
2022-03-05,Premier League,3610203,Liverpool,West Ham United,0.7100840336134454,0.1531279178338002,0.13678804855275445,1,0,0,69,22,5,2,1,87,7,4,10,7,0,11,11,715,251,368,59,18,19,1,55,5,4,10,4,48,48,60,60,2,0,31,13,5,2,2,73,7,6,5,3,0,10,3,316,146,85,45,21,14,4,50,18,7,24,4,43,52,40,43,1,0
2022-03-06,Premier League,3610208,Watford,Arsenal,0.18297833272126332,0.19754559921655038,0.6194760680621864,2,3,2,43,13,7,2,1,76,5,1,3,3,0,7,6,428,192,134,37,20,36,2,35,16,3,17,1,72,55,78,62,1,0,57,16,4,0,0,84,12,5,9,3,1,11,5,556,228,241,38,14,15,0,65,18,3,15,5,42,45,23,57,2,0
2022-03-06,Premier League,3610204,Manchester City,Manchester United,0.4594505307131591,0.1421309518734814,0.3984185174133595,4,1,0,69,24,10,4,2,93,10,9,6,8,1,20,4,754,390,311,79,22,14,0,62,11,2,8,2,47,56,33,57,0,0,31,5,2,1,1,83,14,3,1,2,0,4,1,331,174,102,61,0,9,1,44,11,8,20,6,42,44,67,50,1,0
2022-03-07,Premier League,3610207,Tottenham Hotspur,Everton,0.6112382558419658,0.20224042399421827,0.18652132016381595,5,0,0,55,14,7,7,4,90,15,5,5,2,1,12,2,650,360,223,54,21,13,0,52,6,4,17,0,57,49,83,57,2,0,45,6,0,0,0,86,10,2,2,4,0,2,4,530,186,271,38,14,19,1,50,6,2,12,3,47,51,17,43,0,0
2022-03-10,Premier League,3610226,Norwich City,Chelsea,0.1464886981018177,0.17975719364142465,0.6737541082567576,1,3,2,34,8,3,1,0,83,8,3,4,1,0,2,6,353,193,99,56,27,15,2,56,11,3,12,4,38,51,27,56,0,0,66,15,7,3,2,92,15,8,5,3,0,12,3,712,329,324,69,33,14,1,67,11,1,17,2,44,49,73,53,2,0
2022-03-10,Premier League,3610138,Southampton,Newcastle United,0.38585934561865365,0.27153065062053405,0.34261000376081235,1,2,2,68,14,5,3,2,84,6,12,4,5,1,11,3,648,227,318,48,21,19,1,33,9,4,13,1,53,50,49,57,1,0,32,8,4,2,1,69,7,5,1,3,0,5,3,306,107,103,52,29,14,1,33,12,5,28,4,54,50,51,57,1,0
2022-03-10,Premier League,3610119,Wolverhampton Wanderers,Watford,0.5934704201601949,0.25415710337720737,0.15237247646259777,4,0,0,66,10,5,3,1,89,11,5,4,1,0,6,4,666,390,201,74,38,24,1,70,9,4,8,0,43,42,60,43,2,0,34,9,0,0,0,78,10,2,5,4,0,5,4,343,156,113,32,33,14,4,54,7,1,17,2,46,58,40,69,2,0
2022-03-10,Premier League,3610126,Leeds United,Aston Villa,0.2812605752961083,0.24843485617597294,0.4703045685279188,0,3,2,51,4,1,0,0,79,17,3,2,1,0,2,2,419,190,139,53,0,20,3,72,6,4,12,6,57,50,40,58,5,0,49,15,9,1,0,83,11,5,2,4,0,9,6,405,195,142,41,21,18,5,53,9,1,19,1,59,50,60,62,3,0
2022-03-12,Premier League,3610212,Brighton & Hove Albion,Liverpool,0.14814814814814814,0.17959575429087624,0.6722560975609756,0,2,2,52,8,3,1,1,78,12,7,4,1,0,4,4,430,222,114,32,24,27,1,38,6,2,19,7,42,52,46,71,3,0,48,18,9,3,1,78,15,5,6,3,1,15,3,401,143,170,59,36,19,1,60,9,1,11,3,40,48,54,70,1,0
2022-03-12,Premier League,3610211,Brentford,Burnley,0.4423426901229802,0.3109799812496553,0.24667732862736447,2,0,0,55,13,4,2,0,68,6,2,3,6,0,7,6,475,202,123,38,40,30,4,69,11,1,32,1,52,56,51,23,1,0,45,7,1,2,2,64,10,9,5,1,1,3,4,373,123,115,25,12,15,4,60,10,7,20,1,45,44,49,9,1,1
2022-03-12,Premier League,3610217,Manchester United,Tottenham Hotspur,0.5193092811564399,0.16980675598028247,0.3108839628632776,3,2,0,44,10,6,1,0,85,8,4,3,1,0,8,2,459,184,207,53,20,9,0,69,14,6,14,1,41,46,50,71,2,0,56,10,3,2,1,89,7,5,2,5,0,7,3,584,273,247,51,4,17,2,56,4,1,3,3,47,54,50,74,1,0
2022-03-13,Premier League,3610213,Chelsea,Newcastle United,0.6230387749775238,0.19117775006525334,0.1857834749572228,1,0,0,73,8,3,2,1,86,17,7,4,1,0,5,3,570,246,245,49,13,15,3,57,6,0,13,2,47,49,40,67,4,0,27,7,2,0,0,62,17,2,5,0,0,5,2,209,61,69,37,33,22,6,38,3,1,22,2,54,51,60,41,3,0
2022-03-13,Premier League,3610215,Everton,Wolverhampton Wanderers,0.3489411514313079,0.27609875492178354,0.3749600936469086,0,1,2,38,7,2,0,0,78,13,5,5,0,0,3,4,356,185,91,33,20,17,7,50,10,6,11,2,54,57,48,71,2,1,62,14,3,0,0,87,11,2,5,6,0,5,9,597,280,238,68,17,14,0,67,13,0,19,2,45,43,52,53,1,0
2022-03-13,Premier League,3610216,Leeds United,Norwich City,0.5632338141563233,0.2848037571284804,0.15196242871519625,2,1,0,52,13,7,5,4,75,18,6,5,1,2,10,3,421,160,155,45,24,27,2,61,14,4,14,3,59,49,45,56,3,0,48,12,4,2,1,73,8,2,4,4,1,5,7,382,172,106,46,40,27,3,75,10,1,11,5,64,51,55,49,1,0
2022-03-13,Premier League,3610218,Southampton,Watford,0.5861351017890192,0.2783004318322023,0.13556446637877853,1,2,2,62,13,7,2,1,78,8,11,5,1,0,10,3,498,176,210,41,30,32,0,53,8,1,12,3,58,53,45,50,3,0,38,9,5,3,1,66,12,3,3,1,0,6,3,306,85,118,38,17,16,0,83,20,2,32,5,59,47,55,44,2,0
2022-03-13,Premier League,3610219,West Ham United,Aston Villa,0.3931045859452326,0.28433960189156493,0.32255581216320245,2,1,0,47,11,4,2,1,82,9,5,5,2,0,7,4,443,171,194,62,20,18,0,27,13,4,19,6,35,40,48,41,1,0,53,13,7,1,1,84,3,7,2,4,0,9,4,501,217,206,40,19,20,0,59,14,1,11,2,46,60,52,64,0,0
2022-03-13,Premier League,3610210,Arsenal,Leicester City,0.6287680117305361,0.18433296675408173,0.18689902151538224,2,0,0,46,21,8,3,2,86,8,2,4,9,1,16,5,481,241,174,31,25,14,2,60,11,2,15,3,36,56,43,35,0,0,54,6,3,1,1,88,10,6,1,2,0,4,2,564,286,208,60,21,23,0,59,10,9,10,5,32,44,57,0,3,0
2022-03-14,Premier League,3610214,Crystal Palace,Manchester City,0.24250352699756317,0.18299345902270103,0.5745030139797358,0,0,1,26,7,1,0,0,65,6,2,5,1,0,6,1,269,116,58,30,0,15,2,56,8,6,32,5,49,55,27,82,3,0,74,19,4,4,4,87,11,6,9,6,2,13,6,765,260,403,58,32,27,3,69,9,1,8,1,56,45,73,63,1,0
2022-03-16,Premier League,3610082,Brighton & Hove Albion,Tottenham Hotspur,0.1989369434853716,0.20781846265673268,0.5932445938578957,0,2,2,48,15,0,1,1,85,11,6,7,8,0,9,6,496,192,232,33,22,16,3,63,11,5,12,5,41,54,48,86,2,0,52,17,7,4,3,87,9,3,4,6,0,10,7,551,269,212,63,14,15,1,73,8,8,22,0,37,46,52,31,2,0
2022-03-16,Premier League,3610190,Arsenal,Liverpool,0.7884269544060086,0.10377657886385275,0.10779646673013858,0,2,2,48,9,2,1,1,81,9,1,3,4,0,3,6,505,234,173,46,20,23,4,75,5,4,17,1,45,59,29,88,0,0,52,9,3,1,0,82,9,6,2,4,0,7,2,528,236,198,47,28,17,2,50,11,4,15,2,42,41,71,44,1,0
2022-03-17,Premier League,3610125,Everton,Newcastle United,0.36949513185892063,0.21397253207814818,0.4165323360629312,1,0,0,38,9,3,1,0,66,13,5,3,3,0,5,4,276,86,97,35,40,21,1,50,3,5,28,6,66,51,47,44,2,1,62,17,6,0,0,77,11,7,6,5,0,8,9,447,158,186,47,32,27,1,73,2,3,11,2,68,49,53,33,1,0
2022-03-18,Premier League,3610229,Wolverhampton Wanderers,Leeds United,0.5991270486542,0.2308186058453507,0.17005434550044932,2,3,2,48,14,8,2,1,80,13,2,4,2,1,8,6,414,219,114,54,45,23,1,60,8,3,14,2,53,47,42,45,1,1,52,15,6,6,3,80,14,5,7,2,2,11,4,448,227,133,38,19,20,3,65,7,2,16,6,62,53,58,56,5,0
2022-03-19,Premier League,3610220,Aston Villa,Arsenal,0.27792466240227437,0.1999715707178394,0.5221037668798862,0,1,2,47,8,1,0,0,85,13,6,6,1,0,5,3,441,198,176,36,19,20,1,60,4,4,13,3,35,52,45,55,3,0,53,10,3,1,1,86,14,5,3,4,0,4,6,521,231,218,44,14,20,1,77,5,1,25,1,34,48,55,43,3,0
2022-03-20,Premier League,3610222,Leicester City,Brentford,0.5928598150820373,0.2653519320185987,0.141788252899364,2,1,0,53,12,4,3,3,86,10,2,6,2,0,6,6,514,239,202,50,23,12,2,57,10,6,24,5,48,53,47,69,1,0,47,15,6,2,2,82,10,5,3,6,0,11,4,452,209,163,56,33,22,3,38,11,2,9,2,46,47,53,69,2,0
2022-03-20,Premier League,3610227,Tottenham Hotspur,West Ham United,0.549291260061258,0.22868437922928983,0.22202436070945225,3,1,0,53,17,4,4,3,90,7,5,8,5,1,11,6,604,290,256,55,6,11,1,69,7,0,8,0,36,56,56,88,0,0,47,6,1,1,0,89,7,3,5,0,0,6,0,544,263,220,57,17,13,0,50,6,5,19,2,28,44,44,53,1,0
2022-04-02,Premier League,3610234,Liverpool,Watford,0.7650213417970888,0.1432089307212433,0.09176972748166794,2,0,0,73,20,3,2,0,85,9,9,10,7,0,12,8,716,260,346,61,32,26,1,57,7,1,3,2,58,50,62,32,1,0,27,5,2,2,2,63,8,3,2,1,0,4,1,263,91,75,22,22,15,3,35,14,7,23,1,50,50,38,36,1,0
2022-04-02,Premier League,3610239,Brighton & Hove Albion,Norwich City,0.5563639148414765,0.2953744830755093,0.14826160208301425,0,0,1,63,31,4,2,2,81,12,11,18,9,0,17,14,478,103,286,51,22,30,1,79,10,3,12,0,47,51,45,56,1,0,37,6,0,1,1,66,11,2,3,3,0,4,2,288,117,74,25,10,23,1,41,11,9,38,4,49,49,55,33,1,0
2022-04-02,Premier League,3610238,Burnley,Manchester City,0.21091493950360055,0.19048141243557407,0.5986036480608253,0,2,2,23,3,1,0,0,68,11,1,2,0,0,2,1,235,89,70,50,29,9,5,91,7,3,22,4,37,45,61,75,1,0,77,18,6,1,1,89,6,8,9,3,1,13,5,778,389,304,63,15,20,0,57,4,0,5,1,34,55,39,43,0,0
2022-04-02,Premier League,3610237,Chelsea,Brentford,0.7269673135449192,0.17592190032014546,0.09711078613493537,1,4,2,71,21,8,2,2,91,11,12,9,4,0,12,9,641,234,348,69,18,22,0,78,6,6,14,2,39,45,41,59,0,0,29,17,6,4,2,72,7,7,5,6,0,14,3,260,92,95,39,35,13,0,53,8,4,34,7,51,55,59,60,0,0
2022-04-02,Premier League,3610235,Leeds United,Southampton,0.4493350679387106,0.2860653368025441,0.2645995952587453,1,1,1,56,12,3,2,1,71,14,4,2,7,1,7,5,470,174,159,44,18,22,0,58,10,4,33,4,61,44,64,50,1,0,44,14,6,2,2,65,7,7,4,4,0,10,4,360,87,148,38,30,17,0,44,13,6,25,2,55,56,36,52,1,0
2022-04-02,Premier League,3610230,Wolverhampton Wanderers,Aston Villa,0.3707453540265104,0.2853526943315793,0.34390195164191034,2,1,0,48,11,5,4,4,80,15,4,4,2,0,8,3,421,230,107,45,9,20,1,48,6,3,19,4,56,51,62,56,4,0,52,15,5,4,3,84,8,9,7,3,0,9,6,441,207,164,51,14,16,1,41,8,3,11,3,49,49,38,62,3,0
2022-04-02,Premier League,3610233,Manchester United,Leicester City,0.6554476058292852,0.16318962526023595,0.18136276891047884,1,1,1,54,11,5,1,0,86,13,6,5,1,0,10,1,582,252,248,62,37,21,4,60,9,2,12,2,41,42,60,59,2,0,46,11,3,2,1,84,6,5,6,2,0,8,3,495,215,202,48,31,15,1,60,18,1,23,4,48,58,40,92,2,0
2022-04-03,Premier League,3610231,West Ham United,Everton,0.5963838132593514,0.2374437960394145,0.1661723907012341,2,1,0,56,11,5,3,2,83,9,2,4,2,0,6,5,529,240,201,39,15,15,1,45,4,5,18,1,47,54,56,60,1,0,44,13,2,0,0,83,12,4,6,5,1,8,5,407,161,175,46,17,17,1,78,10,2,16,4,39,46,44,55,2,1
2022-04-03,Premier League,3610232,Tottenham Hotspur,Newcastle United,0.6056986262867583,0.196079120261392,0.19822225345184977,5,1,0,61,19,6,6,1,91,10,2,8,5,0,13,6,604,342,206,64,36,10,0,59,2,4,18,0,40,50,38,55,2,0,39,8,1,0,0,85,7,3,3,4,0,4,4,379,189,135,63,19,9,4,69,7,4,17,1,46,50,62,47,3,0
2022-04-04,Premier League,3610236,Crystal Palace,Arsenal,0.22337473744262634,0.18445141716152788,0.5921738453958457,3,0,0,31,6,5,3,0,71,11,0,1,0,0,3,3,293,129,79,38,17,17,2,44,10,1,16,3,52,55,52,60,0,0,69,12,3,2,2,86,15,2,8,1,1,6,6,647,264,293,35,33,30,4,56,8,0,5,2,44,45,48,53,2,0
2022-04-06,Premier League,3610112,Burnley,Everton,0.3177158582731338,0.25971792225662194,0.42256621947024425,3,2,0,51,13,4,3,0,66,11,9,6,3,0,10,3,337,99,122,36,8,36,1,18,17,8,27,2,64,45,59,36,2,0,49,16,4,2,0,64,16,6,4,8,2,12,4,324,56,151,31,18,25,0,58,9,3,35,1,63,55,41,71,2,0
2022-04-08,Premier League,3610243,Newcastle United,Wolverhampton Wanderers,0.39032016008004,0.25141737535434383,0.35826246456561617,1,0,0,41,12,4,1,0,81,6,1,3,5,0,8,4,378,166,142,48,13,20,1,64,8,1,13,2,45,47,52,63,1,0,59,5,2,0,0,83,13,2,2,1,0,3,2,546,270,183,47,14,19,0,50,7,5,15,3,49,53,48,50,1,0
2022-04-09,Premier League,3610246,Everton,Manchester United,0.19178478449522707,0.17202554460292382,0.6361896709018491,1,0,0,32,7,3,0,0,66,4,5,2,2,0,4,3,307,108,95,31,25,25,1,67,12,7,35,4,52,55,36,71,2,0,68,12,4,1,1,82,10,7,1,7,0,7,5,641,224,299,47,21,27,2,67,12,2,14,2,57,45,64,50,2,0
2022-04-09,Premier League,3610249,Arsenal,Brighton & Hove Albion,0.6641069294019633,0.1956750099612417,0.140218060636795,1,2,2,65,20,4,3,3,83,12,11,5,11,2,13,7,512,198,228,52,22,17,2,67,6,0,7,1,41,47,36,50,3,0,35,8,3,1,0,71,19,2,4,1,0,2,6,283,116,86,22,10,19,2,62,16,10,28,3,52,53,64,63,4,0
2022-04-09,Premier League,3610241,Southampton,Chelsea,0.21188500868223037,0.20891375651167277,0.5792012348060969,0,6,2,29,4,1,1,1,75,11,2,0,3,0,2,2,292,119,99,38,14,24,0,61,10,2,15,8,39,39,31,21,1,0,71,24,14,9,4,89,10,3,8,2,3,18,6,748,297,365,50,38,17,1,66,4,3,14,1,67,61,69,53,0,0
2022-04-09,Premier League,3610240,Watford,Leeds United,0.31018681706027496,0.2946774762072612,0.39513570673246384,0,3,2,48,8,1,2,2,67,8,3,7,0,0,3,5,380,113,140,34,25,40,3,71,14,0,18,2,85,48,53,46,2,0,52,10,5,1,0,64,12,7,5,0,0,6,4,412,154,109,27,21,26,1,59,18,0,19,1,88,52,47,57,0,0
2022-04-09,Premier League,3610248,Aston Villa,Tottenham Hotspur,0.2591270650622068,0.19848392140866136,0.5423890135291318,0,4,2,52,19,8,2,2,89,12,9,5,6,0,13,6,477,157,267,60,22,16,1,67,3,5,8,1,48,48,63,50,2,0,48,11,5,1,0,88,14,3,1,5,0,7,4,461,295,109,56,0,11,2,45,6,6,28,8,47,52,38,53,3,0
2022-04-10,Premier League,3610247,Brentford,West Ham United,0.29787440081344113,0.26359366677964463,0.43853193240691424,2,0,0,47,15,7,2,1,83,2,4,3,5,0,12,3,477,248,150,56,14,20,1,45,10,1,16,1,32,46,54,13,0,0,53,5,1,0,0,84,6,6,3,1,0,3,2,540,244,211,44,16,13,2,40,10,5,33,5,33,54,46,50,1,0
2022-04-10,Premier League,3610245,Leicester City,Crystal Palace,0.44925614116018914,0.28237804174835657,0.2683658170914543,2,1,0,51,12,3,0,0,84,11,3,3,6,0,6,6,511,266,163,50,27,22,0,45,11,5,10,2,48,48,48,71,1,0,49,11,3,2,1,83,12,4,3,5,0,11,0,495,314,99,36,33,19,0,47,14,6,15,1,52,52,52,63,1,0
2022-04-10,Premier League,3610242,Norwich City,Burnley,0.28207964601769914,0.3017146017699115,0.41620575221238937,2,0,0,45,17,6,2,1,65,12,6,6,5,1,9,8,352,100,129,21,23,18,3,70,7,6,43,3,53,37,50,37,1,0,55,18,4,1,1,69,10,7,9,5,1,11,7,412,101,182,42,22,29,3,52,12,5,19,4,72,63,50,67,1,0
2022-04-10,Premier League,3610244,Manchester City,Liverpool,0.38623174092572216,0.15615564773272383,0.457612611341554,2,2,1,55,11,5,2,1,86,9,4,4,2,1,7,4,566,313,173,56,12,20,5,35,8,0,11,2,46,55,50,42,1,0,45,6,4,3,1,81,11,1,2,0,0,4,2,468,210,167,45,20,15,2,67,8,3,18,2,39,45,50,44,4,0
2022-04-16,Premier League,3610253,Tottenham Hotspur,Brighton & Hove Albion,0.7109721515305751,0.16876317894277612,0.12026466952664873,0,1,2,49,5,0,1,1,82,14,4,3,2,0,3,2,480,279,114,31,0,23,0,53,8,3,16,3,51,49,53,60,3,0,51,12,5,1,0,84,10,4,5,2,0,8,4,499,197,222,35,19,17,3,59,9,2,12,0,51,51,47,67,3,0
2022-04-16,Premier League,3610256,Manchester United,Norwich City,0.6844391121775645,0.15344931013797242,0.1621115776844631,3,2,0,61,20,9,1,0,89,8,6,5,6,0,12,8,623,187,369,59,23,18,3,69,10,4,11,2,47,51,47,56,0,0,39,15,4,3,1,81,6,7,7,4,0,8,7,386,195,118,54,17,12,0,55,6,6,18,6,46,49,53,50,0,0
2022-04-16,Premier League,3610254,Southampton,Arsenal,0.23772977425030886,0.20362397514132755,0.5586462506083636,1,0,0,24,9,3,1,1,62,6,6,1,5,0,6,3,213,69,62,28,20,13,2,50,17,4,36,6,42,46,47,36,2,0,76,23,6,1,1,89,6,8,12,5,0,13,10,655,215,367,41,13,26,0,58,5,5,20,2,48,54,53,65,1,0
2022-04-16,Premier League,3610252,Watford,Brentford,0.2512105745321293,0.2740478994895956,0.47474152597827507,1,2,2,51,18,4,2,2,76,11,6,9,5,1,13,5,395,132,168,43,32,24,0,85,17,4,20,3,52,37,59,36,2,0,49,16,5,3,1,74,9,5,7,4,0,9,7,382,154,128,48,35,36,0,55,6,4,15,3,63,63,41,57,1,0
2022-04-17,Premier League,3610255,Newcastle United,Leicester City,0.370236819023487,0.2614267615242179,0.3683364194522951,2,1,0,31,16,7,3,1,64,10,3,8,1,0,10,6,264,66,103,32,44,25,1,54,16,4,18,1,67,55,61,60,2,0,69,8,2,0,0,84,10,5,2,4,0,5,3,584,287,203,52,21,27,0,77,7,0,12,5,51,45,39,32,2,0
2022-04-17,Premier League,3610251,West Ham United,Burnley,0.6356183499040642,0.23542066399209258,0.12896098610384324,1,1,1,61,21,8,3,2,85,9,13,8,5,0,17,4,505,212,216,48,22,27,1,17,6,2,23,0,39,52,50,89,2,0,39,9,1,2,1,73,11,4,6,2,1,8,1,325,89,148,39,20,12,1,45,7,7,25,5,37,48,50,40,2,0
2022-04-19,Premier League,3610223,Liverpool,Manchester United,0.5808211061931482,0.1095127731502457,0.30966612065660615,4,0,0,72,14,5,4,2,91,3,9,6,3,0,11,3,897,450,368,58,24,21,3,73,10,1,6,1,39,47,55,54,1,0,28,2,1,0,0,73,6,2,0,1,0,1,1,354,177,83,32,33,12,2,64,16,3,16,1,41,53,45,64,2,0
2022-04-20,Premier League,3610172,Chelsea,Arsenal,0.6257709020861021,0.1395463437215345,0.2346827541923634,2,4,2,68,11,2,0,0,86,7,6,5,4,0,9,2,704,279,326,47,15,21,1,57,10,3,5,0,49,51,50,57,3,0,32,14,4,2,0,76,6,1,7,3,0,10,4,332,113,138,30,13,16,4,45,15,4,25,0,48,49,50,39,1,0
2022-04-20,Premier League,3610101,Everton,Leicester City,0.32061349693251534,0.23180981595092023,0.4475766871165644,1,1,1,37,13,3,2,2,73,8,5,8,2,0,8,5,353,132,127,48,38,23,0,64,13,7,13,2,62,63,53,71,4,0,63,11,3,0,0,82,17,4,1,7,0,7,4,631,269,248,43,15,23,1,45,4,2,15,2,43,37,48,43,2,0
2022-04-20,Premier League,3610225,Newcastle United,Crystal Palace,0.48649084170381907,0.2618037277756889,0.25170543052049205,1,0,0,36,13,4,0,0,75,12,2,3,6,0,9,4,347,128,133,39,17,26,2,67,14,2,22,2,65,54,51,56,1,0,64,10,2,0,0,83,12,5,6,2,0,9,1,589,299,191,40,29,20,3,50,7,6,14,3,57,46,49,36,1,0
2022-04-20,Premier League,3610224,Manchester City,Brighton & Hove Albion,0.6001331694324934,0.17002151198524892,0.22984531858225773,3,0,0,65,17,5,1,0,88,12,7,4,8,0,9,8,667,272,314,66,7,16,1,69,11,0,14,1,41,41,56,29,0,0,35,2,1,0,0,74,7,4,1,0,0,1,1,353,166,94,41,9,14,2,50,5,8,15,2,50,59,44,41,3,0
2022-04-21,Premier League,3610221,Burnley,Southampton,0.3532679411470323,0.27399659693724354,0.37273546191572415,2,0,0,43,16,6,5,5,69,7,10,4,6,1,11,5,354,120,124,40,29,23,3,53,6,4,24,4,48,52,57,67,2,0,57,11,3,2,2,83,7,10,4,4,0,10,1,479,190,206,42,11,20,2,60,12,5,23,4,41,48,43,47,2,0
2022-04-23,Premier League,3610269,Arsenal,Manchester United,0.4224561403508772,0.14813637868255544,0.42940748096656733,3,1,0,55,14,7,3,1,85,9,1,5,2,0,9,5,507,218,212,24,27,13,2,70,7,3,16,4,31,50,25,44,3,0,45,14,5,4,3,82,12,7,6,3,3,9,5,412,201,136,38,25,19,2,77,9,2,17,4,41,50,75,56,4,0
2022-04-23,Premier League,3610263,Leicester City,Aston Villa,0.46837121212121213,0.2719223484848485,0.2597064393939394,0,0,1,64,5,2,0,0,85,15,7,3,0,0,1,4,520,262,182,42,4,28,0,54,6,4,10,3,44,47,50,50,3,0,36,11,3,0,0,69,16,6,4,4,0,7,4,289,92,106,31,20,23,1,80,8,0,23,2,49,53,50,71,2,0
2022-04-23,Premier League,3610261,Manchester City,Watford,0.663707804396933,0.16843243931150775,0.16785975629155928,5,1,0,74,21,8,4,1,88,9,11,7,6,0,18,3,701,232,387,56,21,13,0,64,7,1,12,1,46,56,60,62,1,0,26,5,2,1,1,73,7,4,2,1,0,5,0,247,107,73,40,38,12,2,64,16,5,30,4,36,44,40,46,0,0
2022-04-23,Premier League,3610260,Norwich City,Newcastle United,0.20809282257594308,0.24919829747536587,0.542708879948691,0,3,2,45,5,2,2,2,76,11,2,3,0,0,4,1,417,176,139,43,7,26,1,60,15,0,12,4,49,52,48,60,0,0,55,13,7,3,1,83,10,3,6,0,0,10,3,506,235,185,49,40,27,0,73,14,0,17,2,47,48,52,59,2,0
2022-04-23,Premier League,3610268,Brentford,Tottenham Hotspur,0.31422120554944893,0.1938148005109771,0.49196399393957396,0,0,1,44,15,2,2,2,75,8,12,6,7,2,10,5,393,157,139,54,38,19,1,50,10,5,23,0,35,42,48,25,2,0,56,9,0,0,0,85,7,8,4,5,0,7,2,508,163,268,43,23,18,1,73,13,8,33,1,44,58,52,75,1,0
2022-04-24,Premier League,3610267,Brighton & Hove Albion,Southampton,0.4588250222053039,0.32457809922598657,0.21659687856870954,2,2,1,49,8,5,3,2,65,12,6,0,3,0,7,1,352,95,134,32,45,20,2,47,6,7,29,3,50,46,53,57,1,0,51,18,5,0,0,70,7,6,6,7,1,9,9,366,97,161,38,19,33,3,31,17,2,22,4,52,54,47,86,0,0
2022-04-24,Premier League,3610266,Burnley,Wolverhampton Wanderers,0.33294214294096935,0.27983804717756133,0.3872198098814693,1,0,0,36,14,5,1,0,74,8,3,5,4,0,10,4,324,115,125,36,33,15,5,70,15,5,16,4,44,43,48,33,3,0,64,10,4,0,0,83,7,6,1,5,0,6,4,590,263,225,50,25,25,2,57,9,4,15,4,56,57,52,59,1,0
2022-04-24,Premier League,3610265,Chelsea,West Ham United,0.6221198156682027,0.19216589861751152,0.18571428571428572,1,0,0,67,26,5,2,1,88,11,3,9,12,0,14,12,710,272,356,59,14,16,2,55,9,2,7,2,39,52,50,59,1,0,33,6,2,1,1,75,9,1,2,2,0,5,1,354,144,120,24,0,18,2,71,5,11,25,4,37,48,50,57,0,1
2022-04-24,Premier League,3610262,Liverpool,Everton,0.7329241454501403,0.13386097034060854,0.13321488420925115,2,0,0,82,18,4,2,0,89,8,13,11,3,0,12,6,787,226,475,70,22,29,1,67,4,4,7,1,41,44,54,33,2,0,18,9,1,0,0,55,8,1,4,4,0,5,4,173,48,47,33,25,16,0,50,14,3,37,2,46,56,46,40,5,0
2022-04-25,Premier League,3610264,Crystal Palace,Leeds United,0.48913138750109564,0.24344815496537822,0.26742045753352617,0,0,1,52,17,7,1,1,75,12,6,6,4,0,14,3,432,198,127,52,40,31,1,54,12,3,8,2,76,51,58,62,2,0,48,9,2,0,0,69,13,3,4,3,0,5,4,392,158,113,26,20,25,1,59,12,4,25,7,68,49,42,53,2,0
2022-04-28,Premier League,3610296,Manchester United,Chelsea,0.38890839686009765,0.14545269191124,0.46563891122866236,1,1,1,35,6,3,1,0,79,9,2,1,2,0,4,2,345,147,125,51,20,16,2,75,14,6,30,5,49,53,56,62,0,0,65,21,6,3,2,89,12,9,9,6,1,15,6,628,203,353,69,19,20,3,50,9,2,13,2,42,47,44,69,1,0
2022-04-30,Premier League,3610275,Newcastle United,Liverpool,0.20645993047401984,0.1619356769574326,0.6316043925685475,0,1,2,34,4,2,0,0,64,11,0,1,1,0,0,4,274,78,98,33,20,27,9,53,4,4,21,9,63,54,54,79,1,0,66,24,10,2,1,84,11,6,10,4,0,17,7,528,249,193,52,38,15,1,40,6,1,15,2,53,46,46,59,3,0
2022-04-30,Premier League,3610279,Aston Villa,Norwich City,0.6326365054602184,0.2526677067082683,0.11469578783151325,2,0,0,45,21,6,2,2,80,16,2,8,7,1,16,5,398,153,164,51,33,25,3,73,13,0,12,3,53,53,53,60,4,0,55,9,3,0,0,82,8,3,6,0,0,4,5,491,263,139,60,20,32,0,50,14,7,8,4,47,47,47,56,1,0
2022-04-30,Premier League,3610274,Southampton,Crystal Palace,0.8112189859762675,0.14023732470334413,0.04854368932038835,1,2,2,38,8,3,0,0,68,13,6,3,2,0,5,3,326,117,104,34,13,16,0,74,13,6,23,3,69,52,59,63,1,0,62,14,5,0,0,82,11,7,3,6,0,11,3,529,267,169,48,29,24,4,63,8,2,29,2,56,48,41,72,3,0
2022-04-30,Premier League,3610272,Watford,Burnley,0.3097425086583346,0.2998042463484415,0.3904532449932239,1,2,2,46,13,1,0,0,64,13,5,9,3,2,9,4,334,105,108,24,23,29,1,50,8,6,29,4,61,50,57,55,1,0,54,17,6,1,0,68,9,6,5,6,0,12,5,396,110,159,48,30,27,0,56,8,2,25,1,54,50,43,20,2,0
2022-04-30,Premier League,3610270,Wolverhampton Wanderers,Brighton & Hove Albion,0.49257425742574257,0.3079362623762376,0.1994894801980198,0,3,2,49,11,1,0,0,82,6,7,5,5,1,6,5,458,236,141,35,5,16,1,68,5,4,11,6,44,47,57,54,2,0,51,17,9,3,1,83,4,3,4,4,1,9,8,479,211,185,43,33,19,1,82,9,5,10,1,47,53,43,56,1,0
2022-04-30,Premier League,3610277,Leeds United,Manchester City,0.2654606746907865,0.17748023645039526,0.5570590888588183,0,4,2,41,7,2,2,2,78,13,3,1,4,0,7,0,421,241,88,44,19,26,3,45,3,7,12,2,46,45,43,63,1,0,59,19,6,5,2,89,3,6,6,7,0,13,6,617,301,246,60,28,20,1,44,9,5,22,1,57,55,57,56,2,0
2022-05-01,Premier League,3610278,Everton,Chelsea,0.20356814746762292,0.18670539074771064,0.6097264617846665,1,0,0,22,9,4,2,1,59,9,3,4,1,0,6,3,197,45,71,27,18,20,0,77,10,5,24,5,44,45,50,57,3,0,78,17,5,2,2,88,12,8,7,5,1,11,6,720,261,376,46,30,15,2,33,5,1,17,3,51,55,50,71,5,0
2022-05-01,Premier League,3610273,Tottenham Hotspur,Leicester City,0.5667595451464719,0.21594246554710445,0.2172979893064237,3,1,0,39,13,7,3,2,80,13,6,4,2,0,10,3,404,187,138,55,35,16,2,70,15,1,22,1,57,51,72,52,2,0,61,6,2,0,0,86,8,3,3,1,1,3,3,627,275,267,44,19,20,0,56,6,2,10,4,44,49,28,50,3,0
2022-05-01,Premier League,3610271,West Ham United,Arsenal,0.2711413898996155,0.18827901215452506,0.5405795979458594,1,2,2,57,8,3,0,0,86,7,3,1,4,0,7,1,586,238,265,49,18,23,1,55,8,2,8,5,37,41,45,38,2,0,43,13,7,1,0,83,9,7,4,2,0,7,6,454,230,147,30,31,11,0,56,10,4,26,2,50,59,55,67,2,0
2022-05-02,Premier League,3610276,Manchester United,Brentford,0.6451777575205104,0.15216043755697356,0.20266180492251595,3,0,0,64,9,5,2,0,91,4,3,3,1,0,6,3,714,336,315,52,14,10,3,73,11,3,35,4,36,53,60,50,1,0,36,12,4,1,1,82,6,8,5,3,0,7,5,376,180,129,51,17,17,2,56,6,1,5,3,29,48,40,50,0,0
2022-05-07,Premier League,3610288,Brentford,Southampton,0.49076779608330745,0.3101025800435188,0.19912962387317376,3,0,0,40,18,5,4,2,72,12,4,8,5,0,14,4,321,102,129,42,36,16,0,70,15,5,26,4,44,46,52,48,0,0,60,19,4,0,0,80,9,7,10,5,0,12,7,470,148,228,39,27,13,2,29,8,5,16,2,48,54,48,56,1,0
2022-05-07,Premier League,3610286,Burnley,Aston Villa,0.33122362869198313,0.2833031946955998,0.38547317661241715,1,3,2,49,14,6,1,0,78,13,4,7,1,0,9,5,424,194,137,60,27,18,1,38,8,3,10,4,50,52,48,67,1,0,51,12,7,3,1,80,11,5,2,3,0,8,4,446,201,155,44,31,21,2,46,7,1,16,5,49,48,52,38,2,0
2022-05-07,Premier League,3610285,Chelsea,Wolverhampton Wanderers,0.652541762672811,0.19574452764976957,0.15171370967741934,2,2,1,59,19,6,1,0,86,7,9,8,5,0,13,6,493,219,204,50,25,18,2,50,8,1,16,2,54,51,60,50,1,0,41,14,4,2,1,78,11,3,9,1,0,10,4,332,165,95,40,33,15,1,61,12,5,28,4,48,49,40,72,3,0
2022-05-07,Premier League,3610284,Crystal Palace,Watford,0.5984905660377359,0.2766037735849057,0.1249056603773585,1,0,0,68,15,7,3,2,85,11,8,4,4,1,12,3,533,265,189,58,25,25,2,36,3,3,10,1,53,55,45,60,2,0,32,6,1,0,0,70,18,5,2,3,0,3,3,248,101,72,38,19,16,0,63,11,4,21,6,49,45,55,56,1,1
2022-05-07,Premier League,3610287,Brighton & Hove Albion,Manchester United,0.18958653663879352,0.1731785917391579,0.6372348716220486,4,0,0,42,17,6,4,2,79,13,7,7,4,0,13,4,373,136,157,42,25,17,3,82,10,3,18,5,33,41,41,40,0,0,58,15,5,1,1,85,9,6,7,3,1,8,7,526,258,187,63,23,13,3,85,11,5,31,1,47,59,59,90,2,0
2022-05-07,Premier League,3610282,Liverpool,Tottenham Hotspur,0.6614346375492872,0.12521989687594784,0.21334546557476494,1,1,1,65,22,3,0,0,86,12,11,6,13,1,9,13,618,147,383,63,22,19,0,58,4,3,12,2,47,44,56,55,3,0,35,8,3,1,0,75,8,5,2,3,1,5,3,338,162,91,46,29,20,0,60,13,13,51,2,53,56,44,45,2,0
2022-05-08,Premier League,3610289,Arsenal,Leeds United,0.6587416885511538,0.16824048723249707,0.17301782421634912,2,1,0,63,19,9,3,1,90,13,8,8,2,0,15,4,621,189,367,70,35,30,1,63,5,1,9,1,52,54,47,56,2,0,37,3,2,2,1,78,15,2,0,1,0,2,1,364,242,43,40,13,10,0,63,2,2,24,7,46,46,53,18,2,1
2022-05-08,Premier League,3610283,Leicester City,Everton,0.4406097499622679,0.26774664184736124,0.2916436081903708,1,2,2,66,16,9,3,2,86,11,6,6,1,0,9,7,631,225,320,48,17,29,2,56,5,3,7,2,47,44,61,75,3,0,34,10,4,2,1,72,6,1,3,3,1,8,2,332,98,141,37,40,15,0,69,8,1,23,7,47,56,39,61,0,0
2022-05-08,Premier League,3610280,Norwich City,West Ham United,0.17903151218867674,0.2567880029067847,0.5641804849045385,0,4,2,36,8,2,1,1,85,7,9,2,4,0,3,5,384,195,133,54,6,8,2,58,9,4,20,1,34,51,47,90,1,0,64,13,5,4,2,91,7,5,3,5,0,10,3,679,346,270,70,22,15,3,42,8,4,15,2,34,49,53,75,1,0
2022-05-08,Premier League,3610281,Manchester City,Newcastle United,0.5683671940228212,0.15917021686540644,0.2724625891117724,5,0,0,71,21,9,8,3,91,6,8,8,4,0,14,7,712,275,370,56,21,12,1,63,5,0,10,3,49,47,64,56,1,0,29,7,3,3,3,77,11,2,3,1,0,5,2,281,110,106,46,27,9,4,47,7,4,21,4,43,53,36,55,3,0
2022-05-10,Premier League,3610259,Aston Villa,Liverpool,0.20976118308010117,0.15215166901558005,0.6380871479043188,1,2,2,39,9,4,3,2,76,10,2,5,0,0,7,2,343,142,117,42,36,24,3,58,12,4,15,3,48,47,55,67,0,0,61,17,6,2,1,83,12,3,8,3,0,11,6,530,213,228,66,29,20,2,67,8,0,13,3,51,53,45,63,0,0
2022-05-11,Premier League,3610257,Leeds United,Chelsea,0.2319046772185666,0.19254253364159107,0.5755527891398423,0,3,2,32,5,0,1,1,79,10,1,4,1,0,2,3,379,219,79,36,38,17,0,63,10,3,18,0,43,45,45,40,1,1,68,17,4,0,0,91,14,4,10,3,0,12,5,817,359,383,60,19,11,3,53,8,1,11,0,53,55,55,68,0,0
2022-05-11,Premier League,3610136,Leicester City,Norwich City,0.6624476041752281,0.21850086299005506,0.11905153283471685,3,0,0,65,20,8,4,3,90,10,10,5,7,0,11,9,640,309,264,67,15,25,1,71,4,0,11,5,53,51,75,43,0,0,35,9,5,2,2,81,5,2,4,0,1,6,3,354,180,105,48,38,18,0,63,5,7,32,5,42,49,25,36,0,0
2022-05-11,Premier League,3610228,Watford,Everton,0.2435909258576171,0.23469199557358908,0.5217170785687938,0,0,1,48,6,0,0,0,82,5,1,5,1,0,3,3,470,215,170,42,30,12,1,67,12,7,19,5,65,53,45,61,1,0,52,16,5,0,0,79,12,13,4,7,0,11,5,488,171,215,44,38,17,1,68,11,1,12,0,65,47,55,59,2,0
2022-05-11,Premier League,3610250,Wolverhampton Wanderers,Manchester City,0.2821363609106718,0.14829398948609807,0.5695696496032301,1,5,2,34,7,3,0,0,83,2,6,3,1,0,5,2,383,241,78,50,33,10,2,56,8,1,12,0,39,55,27,50,0,0,66,15,5,6,2,92,11,2,9,1,2,12,3,787,426,295,80,8,12,3,45,8,1,10,2,40,45,73,56,1,0
2022-05-12,Premier League,3610147,Tottenham Hotspur,Arsenal,0.40121122859466707,0.1565694313160845,0.4422193400892484,3,0,0,58,16,6,5,3,89,8,2,5,5,0,14,2,561,230,272,35,27,9,1,38,13,2,11,5,45,62,50,83,1,0,42,9,5,0,0,85,15,2,2,2,0,3,6,412,177,174,31,8,16,0,33,9,4,11,3,31,38,50,40,3,1
2022-05-15,Premier League,3610293,Tottenham Hotspur,Burnley,0.6647663720007216,0.17214504780804618,0.16308858019123218,1,0,0,68,21,8,3,2,88,12,8,7,6,0,12,9,647,249,319,57,29,20,1,67,4,1,16,1,49,44,53,64,3,0,32,8,1,1,1,74,8,2,6,1,1,7,1,299,95,126,45,31,15,2,41,8,7,25,6,53,56,47,43,2,0
2022-05-15,Premier League,3610299,Aston Villa,Crystal Palace,0.508082497212932,0.30351170568561875,0.18840579710144928,1,1,1,48,13,4,0,0,82,11,1,5,4,0,8,5,464,186,196,43,36,22,1,60,12,6,18,3,48,55,36,57,1,0,52,16,4,1,0,84,15,5,6,6,0,10,6,486,263,146,54,38,22,0,33,13,4,13,3,49,45,64,50,3,0
2022-05-15,Premier League,3610297,Leeds United,Brighton & Hove Albion,0.3798682611754173,0.26526827396559444,0.3548634648589883,1,1,1,50,19,5,3,2,70,16,8,10,4,0,14,5,394,155,121,30,35,24,1,54,11,2,7,5,39,39,37,75,3,0,50,15,6,4,3,74,8,1,7,2,0,12,3,403,118,180,38,56,21,1,38,9,4,24,3,62,61,63,79,2,0
2022-05-15,Premier League,3610292,Watford,Leicester City,0.18395952558679604,0.28912664842000496,0.526913825993199,1,5,2,40,13,5,4,4,78,4,7,8,0,1,11,2,351,125,148,50,38,19,3,53,16,0,10,2,50,51,41,60,0,0,60,13,7,5,1,85,6,3,6,0,0,10,3,526,259,190,52,19,23,2,54,7,0,19,4,54,49,59,38,1,0
2022-05-15,Premier League,3610291,West Ham United,Manchester City,0.29161297398075287,0.15787020535738766,0.5505168206618595,2,2,1,22,6,2,2,1,65,9,4,3,1,0,5,1,189,65,58,45,38,9,1,64,13,13,40,7,40,42,49,55,3,0,78,31,8,1,1,91,5,9,10,13,0,18,13,697,168,467,60,18,15,0,70,5,1,10,0,49,58,51,69,1,0
2022-05-15,Premier League,3610290,Wolverhampton Wanderers,Norwich City,0.618808777429467,0.2703985669502911,0.11079265562024183,1,1,1,64,17,4,1,1,89,5,5,7,6,0,8,9,613,223,323,54,44,19,0,75,8,1,10,1,51,48,58,66,0,0,36,11,2,3,3,77,10,3,8,1,0,9,2,350,192,76,29,43,18,0,58,9,5,23,3,50,52,42,73,3,0
2022-05-15,Premier League,3610298,Everton,Brentford,0.4981382300433563,0.2510073960724305,0.2508543738842132,2,3,2,28,10,5,4,2,67,8,5,5,0,0,7,3,212,56,87,52,30,11,2,40,10,2,23,4,31,36,50,31,0,2,72,18,7,3,2,85,8,2,10,1,0,13,5,586,231,269,62,43,22,1,21,6,0,9,3,44,64,50,100,3,0
2022-05-16,Premier League,3610295,Newcastle United,Arsenal,0.30583636325424013,0.16695739896177045,0.5272062377839895,2,0,0,51,16,4,3,2,80,11,12,7,5,0,10,6,325,103,157,50,19,21,6,72,8,5,17,2,57,57,67,72,0,0,49,11,2,0,0,78,8,8,4,5,0,5,6,331,126,132,38,27,13,1,53,4,5,27,3,39,43,33,33,3,0
2022-05-17,Premier League,3610294,Southampton,Liverpool,0.5784139159019313,0.20545130803999453,0.21613477605807424,1,2,2,29,4,2,0,0,75,6,1,0,2,0,1,3,300,132,94,37,10,17,0,60,8,9,39,3,39,41,54,29,2,0,71,24,5,0,0,89,6,9,10,9,0,12,12,734,267,388,63,20,25,2,56,9,2,12,1,48,59,46,69,0,0
2022-05-19,Premier League,3610258,Everton,Crystal Palace,0.475395706002194,0.2393041842971321,0.2853001097006739,3,2,0,43,12,6,1,0,70,9,4,4,2,1,7,5,347,77,167,52,20,22,0,52,7,0,20,3,74,55,59,35,2,0,57,7,5,2,0,77,12,5,2,0,0,6,1,467,211,150,40,11,24,3,65,4,2,36,3,57,45,41,45,3,0
2022-05-19,Premier League,3610100,Aston Villa,Burnley,0.599203926644038,0.2493956191545994,0.1514004542013626,1,1,1,71,22,9,0,0,90,11,13,7,6,0,12,10,587,249,280,40,17,17,1,63,3,4,20,3,50,63,48,20,0,0,29,10,5,2,1,68,20,6,2,3,0,7,3,231,71,87,44,29,12,0,55,2,6,27,8,36,37,52,0,1,1
2022-05-19,Premier League,3610193,Chelsea,Leicester City,0.6725777689716663,0.16665841093719042,0.16076382009114326,1,1,1,67,20,7,3,2,93,13,6,5,8,0,10,10,750,260,435,51,23,21,1,50,11,0,5,0,44,48,58,76,4,0,33,2,1,0,0,79,7,0,1,0,0,0,2,370,195,98,29,25,11,1,44,12,8,31,6,44,52,42,63,1,0
2022-05-22,Premier League,3610300,Arsenal,Everton,0.596049331103679,0.18418164715719063,0.21976902173913043,5,1,0,74,26,9,5,2,90,8,12,8,9,0,17,9,647,208,374,62,20,12,2,50,5,1,12,1,34,41,35,41,0,0,26,6,2,2,1,65,9,2,3,1,0,3,3,234,77,75,34,17,13,0,38,1,7,30,4,52,59,65,67,1,0
2022-05-22,Premier League,3610301,Brentford,Leeds United,0.44164340180840866,0.22763448477019876,0.33072211342139257,1,2,2,49,14,5,1,1,77,11,3,7,2,0,12,2,412,204,115,37,31,19,0,67,15,2,24,4,60,54,64,70,2,1,51,14,6,2,1,74,13,2,6,2,0,5,9,438,163,163,42,7,20,2,60,14,1,8,4,43,46,36,57,1,0
2022-05-22,Premier League,3610302,Brighton & Hove Albion,West Ham United,0.25702355791535647,0.2566111655239961,0.48636527656064743,3,1,0,50,18,7,1,1,82,9,5,4,7,0,13,5,489,185,218,40,32,13,0,67,6,3,22,1,46,53,61,83,1,0,50,7,2,0,0,81,9,6,2,3,0,4,3,480,205,186,53,7,20,0,64,6,7,19,4,36,47,39,25,1,0
2022-05-22,Premier League,3610303,Burnley,Newcastle United,0.7278820375335121,0.1260053619302949,0.14611260053619302,1,2,2,51,12,5,2,1,69,8,8,4,3,0,9,3,344,92,147,38,30,35,5,64,4,0,13,4,47,47,50,38,1,0,49,8,6,3,1,71,9,2,2,0,0,5,3,338,122,119,30,11,22,0,55,8,4,27,3,51,53,50,75,0,0
2022-05-22,Premier League,3610304,Chelsea,Watford,0.7399529174373634,0.16193038506810156,0.09811669749453505,2,1,0,72,19,8,4,2,91,9,3,6,5,1,12,7,734,295,370,72,23,20,0,50,9,3,12,2,61,53,63,35,0,0,28,8,3,2,1,74,9,3,2,3,0,3,5,281,108,101,44,36,11,2,52,14,4,16,6,49,47,38,33,0,0
2022-05-22,Premier League,3610305,Crystal Palace,Manchester United,0.26016620498614956,0.16718005540166206,0.5726537396121884,1,0,0,38,6,3,0,0,73,12,3,3,0,0,5,1,327,132,106,36,36,21,2,38,9,3,20,4,44,51,44,33,2,0,62,10,4,1,1,83,22,6,2,4,0,6,4,526,232,205,63,14,27,4,59,12,0,11,2,45,49,56,75,4,0
2022-05-22,Premier League,3610306,Leicester City,Southampton,0.612549334403639,0.257876781055589,0.12957388454077196,4,1,0,51,12,6,7,3,79,10,3,4,2,0,10,2,448,203,150,49,44,19,1,25,7,0,14,1,40,48,44,47,0,0,49,7,2,1,0,77,5,3,5,0,0,5,2,425,153,175,35,36,21,3,76,11,2,9,2,44,52,56,44,1,0
2022-05-22,Premier League,3610307,Liverpool,Wolverhampton Wanderers,0.7370659655092413,0.12481633284355426,0.13811770164720438,3,1,0,63,29,8,4,1,89,6,5,7,14,0,22,7,669,264,329,58,33,25,3,62,6,0,7,4,42,53,64,67,1,0,37,7,5,4,3,81,3,3,2,0,0,6,1,400,215,108,51,11,15,1,33,15,14,31,4,35,47,36,42,0,0
2022-05-22,Premier League,3610308,Manchester City,Aston Villa,0.5151438024942734,0.1631458386357852,0.3217103588699415,3,2,0,72,24,5,3,1,88,5,13,10,9,0,18,6,601,176,353,73,20,30,1,45,5,1,9,0,60,60,57,75,0,0,28,4,2,2,1,67,11,1,1,1,0,3,1,243,114,49,36,40,14,2,53,11,9,30,2,42,40,43,33,2,0
2022-05-22,Premier League,3610309,Norwich City,Tottenham Hotspur,0.27580002214594174,0.13855054811205847,0.5856494297419997,0,5,2,40,9,0,0,0,80,13,3,5,4,0,6,3,402,203,118,50,29,17,0,86,11,3,7,7,28,42,38,33,3,0,60,19,13,7,4,90,7,2,4,2,0,14,5,614,303,248,50,50,16,4,63,9,4,12,0,41,58,63,56,1,0
