match_date,league_name,matchid,home_team,away_team,home_probability_win,draw_probability,away_probability_win,home_goals,away_goals,ftr,home_ball_possession,home_total_shots,home_shots_on_target,home_big_chances,home_big_misses,home_accurate_passes,home_fouls_commited,home_corners,home_shots_off_target,home_blocked_shots,home_hit_woodwork,home_shots_inside_box,home_shots_outside_box,home_passes,home_own_half,home_opposition_half,home_accurate_long_balls,home_accurate_crosses,home_throws,home_offsides,home_tackles_won,home_interceptions,home_blocks,home_clearances,home_keeper_save,home_duels_won,home_geround_duels_won,home_aerial_duels_won,home_successful_dribbles,home_yellow_cards,home_red_cards,away_ball_possession,away_total_shots,away_shots_on_target,away_big_chances,away_big_misses,away_accurate_passes,away_fouls_commited,away_corners,away_shots_off_target,away_blocked_shots,away_hit_woodwork,away_shots_inside_box,away_shots_outside_box,away_passes,away_own_half,away_opposition_half,away_accurate_long_balls,away_axxurate_crosses,away_throws,away_offsides,away_tackles_won,away_interceptions,away_blocks,away_clearances,away_keeper_save,away_duels_won,away_geround_duels_won,away_aerial_duels_won,away_successful_dribbles,away_yellow_cards,away_red_cards
2020-08-08,Serie A,3288720,Fortaleza,Athletico Paranaense,0.44426362896663957,0.36208299430431246,0.193653376729048,0,2,2,44,11,3,0,0,86,14,4,5,3,0,5,6,414,194,163,66,11,16,1,88,13,3,7,3,33,52,44,69,3,1,56,13,5,4,2,90,10,4,4,4,0,9,4,549,316,178,74,11,20,1,75,7,3,14,3,33,48,56,50,2,0
2020-08-08,Serie A,3288520,Coritiba,Internacional,0.30632411067193677,0.40019762845849804,0.29347826086956524,0,1,2,43,2,0,0,0,74,11,2,2,0,1,1,1,382,167,116,51,8,19,3,44,14,3,17,3,64,52,57,42,3,0,57,11,4,2,1,82,21,6,4,3,0,7,4,504,185,226,43,17,23,2,57,9,0,10,0,55,48,43,67,4,0
2020-08-09,Serie A,3288521,Sport Recife,Ceara,0.4459308807134894,0.34782608695652173,0.20624303232998886,3,2,0,40,9,3,3,1,77,15,2,4,2,1,5,4,324,117,133,34,23,26,3,65,13,0,20,3,58,50,56,64,0,0,60,11,5,4,3,83,18,4,4,2,0,7,4,487,227,176,43,25,25,0,69,2,0,11,0,55,50,44,50,0,0
2020-08-09,Serie A,3288511,Flamengo,Atletico MG,0.6494522691705791,0.25938967136150237,0.09115805946791862,0,1,2,62,17,2,5,5,81,12,9,10,5,1,11,6,525,255,169,61,16,26,2,63,3,0,7,4,75,62,81,74,0,0,38,10,4,1,1,71,24,2,2,4,0,2,8,321,126,102,33,0,10,3,56,17,0,24,2,37,38,19,43,0,0
2020-08-09,Serie A,3288721,Santos FC,Red Bull Bragantino,0.5370265686828717,0.320520067834935,0.14245336348219334,1,1,1,54,10,4,2,2,82,10,4,5,1,1,6,4,444,226,136,50,21,15,4,71,11,0,19,5,53,53,42,50,0,0,46,18,6,1,1,80,19,2,8,4,0,6,12,377,119,184,51,16,14,2,73,15,0,15,3,52,47,58,58,0,0
2020-08-09,Serie A,3288522,Gremio,Fluminense,0.6019131714495953,0.29506990434142755,0.10301692420897719,1,0,0,52,15,4,1,0,80,24,6,6,5,0,8,7,496,157,242,54,35,19,2,64,17,0,17,4,63,43,57,67,0,0,48,10,4,0,0,81,16,3,3,3,0,2,8,447,207,155,43,7,11,1,75,21,0,21,3,69,57,43,58,0,0
2020-08-12,Serie A,3288512,Athletico Paranaense,Goias,0.6109677419354839,0.2896774193548387,0.09935483870967741,2,1,0,78,19,4,3,2,92,16,3,9,6,1,11,8,728,329,343,76,25,21,1,90,2,0,9,2,54,47,47,54,0,0,22,13,3,2,1,73,18,3,6,4,0,8,5,196,55,88,40,22,17,1,62,2,0,21,2,61,53,53,89,0,0
2020-08-12,Serie A,3288515,Atletico MG,Corinthians,0.4850982878883957,0.3379835129993659,0.17691819911223844,3,2,0,55,25,13,2,1,82,19,8,9,3,2,17,8,515,170,252,54,23,17,3,59,19,0,8,2,54,55,48,63,0,0,45,8,5,2,0,75,11,4,3,0,0,6,2,426,217,102,43,30,13,1,64,16,0,28,10,48,45,52,33,0,0
2020-08-12,Serie A,3288516,Bragantino,Botafogo,0.5140257771038665,0.3464746019711903,0.13949962092494314,1,1,1,54,23,8,1,0,89,13,12,12,3,1,7,16,558,183,311,57,13,19,1,67,15,0,11,2,35,49,39,88,0,0,46,9,3,1,1,83,8,3,6,0,0,6,3,472,274,116,45,25,15,1,67,9,0,27,7,40,51,61,53,0,0
2020-08-12,Serie A,3288527,Atletico GO,Flamengo,0.24983027834351662,0.36795655125594023,0.3822131704005431,3,0,0,35,13,7,3,2,73,15,11,5,1,0,7,6,284,112,94,40,21,11,2,58,14,0,21,3,52,51,52,47,0,0,65,9,3,2,2,88,19,5,4,2,0,6,3,555,186,305,63,13,18,1,56,9,0,16,4,49,49,48,70,0,0
2020-08-12,Serie A,3288513,Bahia,Coritiba,0.4853515625,0.3720703125,0.142578125,1,0,0,46,12,5,3,2,80,16,3,7,0,1,5,7,420,159,179,40,8,17,1,62,8,3,18,3,59,52,44,42,0,0,54,15,3,0,0,85,18,8,9,3,2,8,7,486,219,195,58,28,13,5,47,6,0,6,4,59,48,56,52,5,0
2020-08-13,Serie A,3288526,Ceara,Gremio,0.3020329138431752,0.39303000968054214,0.30493707647628265,1,1,1,42,11,5,2,2,81,17,1,5,1,0,8,3,421,197,143,52,31,18,1,75,11,0,16,7,67,49,56,67,0,0,58,14,8,2,1,88,7,7,4,2,0,10,4,571,247,253,51,21,17,0,53,12,0,13,4,63,51,44,67,0,0
2020-08-13,Serie A,3288519,Fluminense,Palmeiras,0.3046944198405669,0.37112488928255094,0.32418069087688217,1,1,1,52,10,1,0,0,83,20,3,6,3,0,3,7,430,194,162,47,25,15,3,67,8,0,14,0,72,56,40,63,0,0,48,9,1,1,1,82,31,3,5,3,0,2,7,400,165,163,45,23,14,0,50,12,0,9,0,65,44,60,69,0,0
2020-08-13,Serie A,3288517,Sao Paulo,Fortaleza,0.6177916852928028,0.2919088064371927,0.09029950827000446,1,0,0,52,13,3,1,0,87,16,5,7,3,0,6,7,474,229,185,62,25,16,4,30,6,3,18,3,36,47,26,56,1,0,48,12,3,1,1,86,18,7,6,3,0,8,4,443,212,168,72,14,17,3,71,6,3,14,2,51,53,74,72,2,0
2020-08-13,Serie A,3288514,Internacional,Santos FC,0.48696985181400104,0.3622892181911088,0.15074092999489014,2,0,0,58,25,7,5,3,84,28,9,13,5,1,15,10,515,183,248,65,18,15,2,68,16,2,4,1,57,45,42,71,2,0,42,6,1,0,0,79,14,4,3,2,0,4,2,379,211,90,73,60,17,2,82,10,5,29,5,71,55,58,63,3,0
2020-08-13,Serie A,3288518,Vasco da Gama,Sport Recife,0.493125,0.354375,0.1525,2,0,0,46,9,6,1,0,82,29,5,2,1,1,4,5,371,180,123,53,0,16,1,64,10,4,35,1,58,45,58,83,2,0,54,13,1,0,0,85,17,8,8,4,1,5,8,416,147,205,43,24,26,4,77,13,1,15,4,63,55,42,61,3,1
2020-08-15,Serie A,3288536,Gremio,Corinthians,0.5341997264021888,0.31326949384404923,0.15253077975376197,0,0,1,48,24,8,2,2,87,16,7,9,7,1,16,8,491,117,309,68,31,19,0,50,10,0,6,2,69,57,62,68,0,0,52,5,2,0,0,88,14,5,2,1,0,4,1,571,279,224,55,42,10,0,50,10,0,22,7,51,43,38,54,0,0
2020-08-15,Serie A,3288534,Coritiba,Flamengo,0.28293736501079914,0.37293016558675307,0.3441324694024478,0,1,2,35,9,2,0,0,75,25,5,3,4,0,3,6,286,147,67,46,20,24,3,58,11,0,12,6,49,40,40,43,0,0,65,18,7,2,2,88,16,5,5,6,0,9,9,541,234,244,62,39,13,1,78,18,0,9,2,73,60,60,81,0,0
2020-08-16,Serie A,3288539,Palmeiras,Goias,0.6087768440709617,0.2819794584500467,0.1092436974789916,1,1,1,65,12,3,0,0,87,11,6,6,3,0,6,6,668,233,345,57,31,16,0,58,19,0,5,4,67,53,58,67,0,0,35,11,5,0,0,76,16,2,5,1,0,5,6,369,111,168,41,67,11,0,72,17,0,32,2,57,47,42,68,0,0
2020-08-16,Serie A,3288537,Atletico MG,Ceara,0.5852017937219731,0.3266068759342302,0.08819133034379671,2,0,0,61,11,6,2,0,83,14,4,3,2,0,5,6,475,198,195,54,5,20,2,67,4,0,9,1,55,52,44,70,0,0,39,13,1,1,1,77,16,0,7,5,0,4,9,309,120,118,46,13,10,0,59,11,0,21,3,55,48,56,69,0,0
2020-08-16,Serie A,3288535,Bahia,Red Bull Bragantino,0.4172821270310192,0.41063515509601184,0.17208271787296897,2,1,0,43,10,4,2,1,76,16,3,4,2,0,7,3,381,175,116,42,63,15,2,76,19,6,27,2,60,55,47,64,1,0,57,16,3,2,1,83,16,7,7,6,0,8,8,505,163,256,67,25,22,1,64,13,2,4,2,54,45,53,57,1,0
2020-08-16,Serie A,3288540,Vasco da Gama,Sao Paulo,0.3485793485793486,0.41094941094941095,0.24047124047124047,2,1,0,40,8,3,3,1,83,16,3,5,0,0,5,3,379,174,140,47,25,19,1,50,18,2,25,4,48,48,48,46,2,0,60,11,5,2,1,86,15,4,4,2,1,7,4,559,229,252,62,21,25,1,86,4,0,6,1,52,52,52,60,5,0
2020-08-16,Serie A,3288541,Fluminense,Internacional,0.33074265975820377,0.39291882556131263,0.2763385146804836,2,1,0,44,10,5,2,0,76,13,1,2,3,0,8,2,339,137,122,50,13,24,1,60,14,3,16,1,65,52,43,67,2,0,56,9,3,2,1,78,24,4,4,2,0,5,4,433,183,156,43,6,23,1,63,7,3,8,3,67,48,58,69,2,0
2020-08-16,Serie A,3288532,Atletico GO,Sport Recife,0.5312810327706058,0.3614697120158888,0.10724925521350546,1,1,1,32,11,4,1,1,69,13,4,5,2,0,4,7,237,79,84,42,7,6,0,60,16,0,34,3,44,53,38,69,0,0,68,15,4,1,0,83,15,9,8,3,1,9,6,509,188,233,41,28,25,2,63,11,0,10,3,48,47,63,73,0,0
2020-08-16,Serie A,3288533,Fortaleza,Botafogo,0.43561368209255535,0.36016096579476864,0.20422535211267606,0,0,1,58,12,1,2,2,90,9,4,8,3,0,5,7,561,204,303,74,29,14,2,70,13,2,12,6,41,43,54,60,2,0,42,15,6,2,2,87,8,7,6,3,0,6,9,392,195,147,65,20,11,1,73,9,3,16,1,47,57,46,71,1,0
2020-08-16,Serie A,3288538,Santos FC,Athletico Paranaense,0.5096153846153846,0.3229166666666667,0.1674679487179487,3,1,0,33,11,6,3,2,77,9,2,5,0,0,6,5,290,143,81,46,33,16,0,47,14,0,31,1,49,54,38,50,0,0,67,12,2,3,2,89,22,6,6,4,1,6,6,587,283,239,78,7,26,0,67,8,0,13,3,48,46,62,58,0,0
2020-08-19,Serie A,3288531,Flamengo,Gremio,0.5749440715883669,0.29574944071588366,0.12930648769574943,1,1,1,60,8,2,1,0,88,17,1,4,2,0,4,4,596,228,296,69,18,20,1,38,16,0,4,1,59,51,64,62,0,0,40,10,2,3,2,80,20,2,5,3,0,5,5,390,157,155,31,29,9,3,63,10,0,11,1,51,49,36,61,0,0
2020-08-19,Serie A,3288528,Bragantino,Fluminense,0.4816017316017316,0.3587662337662338,0.15963203463203463,2,1,0,52,13,3,2,1,82,19,6,6,4,0,7,6,438,146,214,56,17,22,2,35,15,0,13,3,60,44,67,56,0,0,48,9,4,2,2,81,14,4,3,2,0,3,6,406,156,173,39,19,27,0,65,9,0,22,1,62,56,33,72,0,0
2020-08-19,Serie A,3288557,Athletico Paranaense,Palmeiras,0.39933993399339934,0.38415841584158417,0.2165016501650165,0,1,2,55,6,0,1,1,81,23,5,5,1,1,3,3,459,261,109,46,22,29,0,67,6,0,19,2,59,45,55,58,0,0,45,10,3,0,0,78,20,8,6,1,0,5,5,362,147,136,56,8,24,3,74,2,0,19,0,66,55,45,63,0,0
2020-08-19,Serie A,3288555,Goias,Fortaleza,0.4438095238095238,0.38952380952380955,0.16666666666666666,1,3,2,48,13,4,1,1,82,16,2,9,0,1,5,8,379,132,180,47,6,20,3,67,14,4,12,0,76,55,56,81,4,0,52,13,3,3,0,80,15,6,5,5,0,7,6,410,217,110,42,25,24,2,73,14,0,16,3,62,45,44,50,2,0
2020-08-19,Serie A,3288544,Internacional,Atletico GO,0.5707831325301205,0.3230421686746988,0.10617469879518072,3,0,0,57,11,5,1,0,85,19,4,3,3,1,6,5,452,197,185,51,21,24,1,70,15,1,9,1,51,51,48,65,3,1,43,7,1,1,1,73,17,3,5,1,0,2,5,337,117,129,48,0,21,2,86,19,3,12,2,50,49,52,56,3,0
2020-08-20,Serie A,3288530,Botafogo,Atletico MG,0.2962702322308234,0.3793103448275862,0.32441942294159043,2,1,0,26,10,5,3,1,63,9,7,3,2,0,9,1,210,60,73,53,27,7,1,42,15,0,39,8,51,43,54,57,0,0,74,31,9,3,2,87,10,16,13,9,2,21,10,609,162,368,71,21,22,2,61,6,0,15,3,57,57,46,75,0,0
2020-08-20,Serie A,3288542,Corinthians,Coritiba,0.6336336336336337,0.283033033033033,0.08333333333333333,3,1,0,63,23,13,4,3,92,15,10,6,4,0,16,7,591,226,315,67,45,14,0,71,19,0,6,3,50,47,75,64,0,0,37,9,4,1,0,82,7,0,3,2,0,3,6,352,187,102,49,13,22,3,44,5,0,20,9,40,53,25,58,0,0
2020-08-20,Serie A,3288558,Sport Recife,Santos FC,0.3676552881925014,0.3973139339675434,0.23503077783995524,0,1,2,41,11,5,0,0,77,23,4,3,3,0,9,2,354,128,144,38,33,10,1,75,10,0,9,4,44,35,57,40,0,0,59,16,5,1,1,85,17,5,10,1,0,4,12,513,232,206,57,20,14,1,56,9,0,15,5,65,65,43,78,0,0
2020-08-20,Serie A,3288556,Ceara,Vasco da Gama,0.31912144702842377,0.4257105943152455,0.25516795865633074,0,3,2,58,22,2,1,1,87,18,13,9,11,1,10,12,484,146,274,63,26,16,1,55,15,1,12,1,61,48,55,63,3,0,42,5,4,2,0,81,14,2,0,1,0,3,2,375,203,102,52,13,15,2,60,10,11,32,2,62,52,45,71,3,0
2020-08-20,Serie A,3288529,Sao Paulo,Bahia,0.5095210617426428,0.3462204270051933,0.14425851125216388,1,1,1,68,25,5,2,1,90,14,5,13,7,0,15,10,634,244,327,57,33,26,4,57,7,2,9,3,54,51,50,67,2,0,32,8,5,3,2,68,16,6,2,1,0,7,1,304,127,81,45,25,16,1,83,10,7,22,4,52,49,50,47,2,0
2020-08-22,Serie A,3288547,Athletico Paranaense,Fluminense,0.559,0.315,0.126,0,1,2,66,14,5,0,0,87,21,7,6,3,0,8,6,610,252,280,65,27,22,1,57,14,0,9,2,57,44,59,78,0,0,34,9,2,1,1,73,12,2,3,4,0,3,6,326,147,92,33,18,17,2,53,9,0,26,5,61,56,41,73,0,0
2020-08-22,Serie A,3288549,Internacional,Atletico MG,0.546078431372549,0.2980392156862745,0.15588235294117647,1,0,0,33,6,3,1,0,62,20,2,1,2,0,2,4,306,98,92,32,22,16,3,35,10,6,29,0,63,48,43,64,1,0,67,11,1,0,0,81,21,5,5,5,0,4,7,620,236,269,63,6,22,1,80,15,2,9,2,72,52,57,63,2,0
2020-08-23,Serie A,3288545,Goias,Atletico GO,0.3918918918918919,0.3993993993993994,0.2087087087087087,2,0,0,34,6,2,1,0,68,26,3,3,1,0,4,2,275,91,95,39,15,17,5,46,23,0,30,4,70,52,43,53,0,0,66,16,4,0,0,82,19,11,9,3,0,6,10,541,200,244,65,20,26,2,54,11,0,13,0,73,48,57,69,0,0
2020-08-23,Serie A,3288554,Flamengo,Botafogo,0.5655496766607878,0.31628453850676075,0.11816578483245149,1,1,1,67,15,5,3,2,89,15,5,5,5,1,7,8,637,236,328,44,12,19,0,67,10,0,13,0,62,52,75,76,0,0,33,7,1,2,1,78,17,4,4,2,0,6,1,314,157,89,47,7,11,2,64,10,0,29,4,46,48,25,86,0,0
2020-08-23,Serie A,3288552,Palmeiras,Santos FC,0.4710793082886106,0.3530113297555158,0.1759093619558736,2,1,0,49,17,5,2,1,79,21,5,6,6,1,8,9,369,143,149,46,29,9,4,83,10,0,20,2,52,45,78,75,0,0,51,8,1,0,0,77,15,6,5,2,0,4,4,383,167,126,44,16,11,0,63,15,0,16,3,44,55,22,73,0,0
2020-08-23,Serie A,3288551,Red Bull Bragantino,Coritiba,0.5543683218101823,0.3500942803268385,0.09553739786297925,1,2,2,47,15,2,1,0,82,17,10,5,8,0,4,11,319,90,172,44,6,25,1,43,14,2,8,2,51,45,41,45,2,1,53,7,4,2,0,76,18,3,1,2,0,4,3,397,214,86,46,25,21,2,52,15,7,22,1,64,55,59,58,0,0
2020-08-23,Serie A,3288553,Vasco da Gama,Gremio,0.4789410348977136,0.3435619735258724,0.17749699157641396,0,0,1,47,10,3,0,0,81,23,6,6,1,0,7,3,414,210,125,49,36,20,1,47,16,5,9,4,61,41,53,45,5,0,53,14,4,0,0,83,17,4,5,5,0,6,8,474,153,239,51,23,19,0,72,10,1,10,3,79,59,47,60,2,0
2020-08-23,Serie A,3288548,Sport Recife,Sao Paulo,0.30387596899224806,0.37906976744186044,0.31705426356589145,0,1,2,55,10,2,1,1,87,21,0,7,1,1,4,6,516,186,262,53,15,16,1,67,13,4,8,3,51,51,59,43,2,0,45,11,4,2,2,85,25,3,3,4,0,6,5,425,248,112,55,29,12,0,71,7,1,19,2,46,49,41,70,3,0
2020-08-23,Serie A,3288546,Ceara,Bahia,0.3630901287553648,0.3708154506437768,0.26609442060085836,2,0,0,38,11,4,3,1,77,21,6,5,2,1,7,4,339,111,151,44,27,21,1,63,12,2,28,7,55,40,50,73,1,0,62,16,7,0,0,85,7,11,7,2,0,11,5,538,221,234,67,16,24,1,54,7,2,9,2,71,60,50,77,2,0
2020-08-26,Serie A,3288613,Sao Paulo,Athletico Paranaense,0.5843681519357194,0.2929145361577794,0.12271731190650109,1,0,0,57,15,5,1,0,88,13,4,8,2,0,8,7,605,320,211,57,18,24,3,60,22,0,10,3,45,47,45,41,2,0,43,5,3,2,2,80,16,1,2,0,0,4,1,464,235,137,38,56,17,1,43,18,2,26,5,51,53,55,44,1,0
2020-08-27,Serie A,3288550,Corinthians,Fortaleza,0.6361406377759607,0.2714636140637776,0.09239574816026165,1,1,1,59,21,7,1,1,86,14,5,10,4,1,12,9,584,211,290,55,21,20,0,78,12,0,5,2,34,39,31,54,0,0,41,10,3,1,0,81,12,1,7,0,0,5,5,405,158,171,51,13,17,5,69,11,4,19,6,59,61,69,84,2,0
2020-08-29,Serie A,3288560,Botafogo,Internacional,0.3260247855100095,0.3622497616777884,0.3117254528122021,0,2,2,47,7,2,1,1,85,14,5,4,1,0,3,4,471,242,159,62,25,14,2,60,7,1,7,2,49,56,33,67,3,0,53,7,4,5,3,87,24,3,2,1,0,5,2,542,281,193,50,14,12,2,54,10,1,25,2,47,44,67,78,1,0
2020-08-29,Serie A,3288569,Bahia,Palmeiras,0.3181818181818182,0.360310421286031,0.3215077605321508,1,1,1,49,9,1,0,0,83,15,8,1,7,0,3,6,428,182,173,41,9,19,1,70,7,3,11,4,52,47,32,68,2,0,51,11,5,2,1,82,16,2,3,3,0,6,5,457,202,173,44,9,20,4,33,13,7,23,0,67,53,68,74,2,0
2020-08-29,Serie A,3288559,Fluminense,Vasco da Gama,0.37911464245175935,0.3530079455164586,0.26787741203178206,2,1,0,46,12,3,1,1,85,19,2,6,3,0,6,6,452,235,151,54,0,21,1,62,20,2,9,3,49,43,39,63,4,0,54,9,4,2,1,84,16,4,3,2,0,5,4,529,235,212,46,42,17,1,78,9,3,12,1,68,57,61,75,1,1
2020-08-30,Serie A,3288567,Fortaleza,Red Bull Bragantino,0.4681238615664845,0.36247723132969034,0.16939890710382513,3,0,0,59,13,6,3,2,87,22,3,6,1,0,9,4,571,287,212,63,13,28,0,86,12,1,14,2,44,42,62,83,2,0,41,5,2,0,0,83,10,4,2,1,0,1,4,395,180,149,38,6,13,1,69,9,1,15,3,51,58,38,73,2,1
2020-08-30,Serie A,3288573,Sao Paulo,Corinthians,0.5201535508637236,0.31094049904030713,0.1689059500959693,2,1,0,54,14,5,1,0,85,16,7,7,2,0,5,9,442,196,181,58,16,19,2,50,10,0,6,4,68,57,46,77,3,0,46,7,5,0,0,80,22,4,2,0,0,3,4,389,200,113,34,25,17,1,52,8,2,24,3,57,43,54,75,0,0
2020-08-30,Serie A,3288568,Coritiba,Sport Recife,0.499330655957162,0.3708165997322624,0.12985274431057564,1,0,0,58,13,3,1,0,85,14,5,6,4,0,9,4,562,294,185,59,40,12,0,53,7,0,18,1,61,54,63,33,0,0,42,6,2,2,2,80,19,2,3,1,0,2,4,387,127,182,42,24,18,1,59,17,0,13,2,47,46,38,0,0,0
2020-08-30,Serie A,3288572,Santos FC,Flamengo,0.43914473684210525,0.328125,0.23273026315789475,0,1,2,53,22,6,0,0,85,14,9,11,5,0,13,9,429,203,162,56,25,16,5,53,14,0,4,5,59,60,28,81,0,0,47,10,6,6,5,80,26,2,4,0,0,10,0,399,149,172,45,38,13,1,46,13,0,18,6,49,40,72,61,0,0
2020-08-30,Serie A,3288566,Atletico GO,Ceara,0.5526315789473685,0.29411764705882354,0.15325077399380804,0,2,2,54,14,4,1,1,80,16,4,8,2,1,5,9,361,191,97,51,25,27,1,64,12,0,16,3,53,41,53,45,0,0,46,13,5,1,0,74,11,4,2,6,0,6,7,308,91,136,48,41,20,2,60,10,0,23,4,65,59,47,58,0,0
2020-09-02,Serie A,3288577,Ceara,Fortaleza,0.4263392857142857,0.4055059523809524,0.16815476190476192,1,0,0,27,9,4,1,0,71,22,2,5,0,0,5,4,231,69,94,31,22,14,4,63,15,2,26,0,66,48,51,62,2,0,73,5,0,0,0,86,18,6,3,2,0,0,5,620,257,275,60,11,35,2,58,3,0,7,3,69,52,49,63,2,0
2020-09-02,Serie A,3288565,Fluminense,Atletico GO,0.5706997084548106,0.336734693877551,0.09256559766763849,1,1,1,43,11,4,2,1,78,14,2,4,3,0,7,4,368,182,106,41,27,12,0,67,12,0,17,2,49,46,36,56,0,0,57,15,3,1,0,85,16,9,9,3,0,6,9,468,136,261,77,28,22,1,89,9,0,13,3,63,54,64,88,0,0
2020-09-02,Serie A,3288578,Goias,Corinthians,0.2866611433305717,0.4299917149958575,0.28334714167357083,1,2,2,46,11,3,2,1,85,16,3,7,1,0,8,3,446,215,162,50,33,21,1,37,14,0,23,3,48,51,41,47,0,0,54,11,4,2,2,87,12,6,5,2,0,9,2,511,257,188,73,31,16,0,53,9,0,18,3,50,49,59,57,0,0
2020-09-02,Serie A,3288576,Athletico Paranaense,Red Bull Bragantino,0.4949392712550607,0.3805668016194332,0.12449392712550607,1,1,1,58,11,5,1,1,84,15,2,3,3,0,6,5,503,248,173,56,27,19,1,57,9,7,16,2,56,52,48,66,2,0,42,18,3,1,1,77,12,8,8,7,0,6,12,354,122,152,56,29,32,0,48,15,3,13,4,53,48,52,45,2,0
2020-09-02,Serie A,3288575,Bahia,Flamengo,0.2817974105102818,0.38385376999238385,0.33434881949733436,3,5,2,42,14,6,1,1,83,8,5,6,2,0,6,8,459,194,188,42,6,13,2,56,14,5,12,3,53,53,34,73,1,0,58,20,9,5,2,86,17,6,7,4,0,13,7,647,293,264,47,25,21,2,50,10,2,12,3,57,47,66,60,2,0
2020-09-02,Serie A,3288564,Botafogo,Coritiba,0.5206971677559913,0.37037037037037035,0.10893246187363835,0,0,1,54,17,6,0,0,84,23,6,9,2,0,7,10,519,211,225,56,24,17,1,36,9,0,11,3,60,44,67,67,0,0,46,7,3,1,1,80,21,6,2,2,0,1,6,433,178,170,44,19,12,0,33,12,0,23,5,61,56,33,67,0,0
2020-09-03,Serie A,3288563,Palmeiras,Internacional,0.4,0.3728301886792453,0.22716981132075473,1,1,1,49,11,1,1,0,73,21,5,5,5,0,7,4,372,157,116,51,26,15,1,47,18,4,8,1,74,49,65,62,3,0,51,8,2,1,0,75,23,4,2,4,0,4,4,403,167,137,36,18,18,0,33,10,5,14,0,63,51,35,58,5,0
2020-09-03,Serie A,3288562,Santos FC,Vasco da Gama,0.4880066170388751,0.3507030603804797,0.16129032258064516,2,2,1,62,13,5,1,0,86,17,9,5,3,0,5,8,423,227,135,69,34,14,2,75,13,3,9,1,48,56,50,73,2,0,38,9,3,1,0,77,21,2,3,3,1,4,5,267,107,98,49,13,17,1,77,16,3,20,3,39,44,50,55,3,0
2020-09-03,Serie A,3288574,Gremio,Sport Recife,0.5904059040590406,0.3107011070110701,0.0988929889298893,1,2,2,72,29,7,2,1,86,10,11,15,7,0,14,15,680,206,381,70,28,18,1,71,6,0,6,1,56,53,61,75,0,0,28,5,3,1,0,61,11,1,2,0,0,2,3,277,88,80,21,67,7,1,53,11,0,43,6,45,47,39,64,0,0
2020-09-03,Serie A,3288561,Atletico MG,Sao Paulo,0.40930232558139534,0.373421926910299,0.21727574750830564,3,0,0,51,14,8,2,0,82,18,5,3,3,1,11,3,496,230,177,49,46,12,3,50,9,2,14,4,53,50,63,50,0,0,49,13,4,2,2,79,11,3,7,2,2,7,6,468,240,128,40,9,38,1,59,5,3,7,5,47,50,38,38,0,0
2020-09-05,Serie A,3288579,Flamengo,Fortaleza,0.6475177304964539,0.25390070921985813,0.09858156028368795,2,1,0,62,18,8,1,0,88,12,11,9,1,0,8,10,517,161,296,81,25,14,3,56,7,0,3,1,63,56,55,69,1,0,38,4,2,1,0,80,21,3,2,0,1,4,0,329,177,87,48,14,9,4,61,16,1,26,6,50,44,45,50,1,0
2020-09-05,Serie A,3288588,Corinthians,Botafogo,0.5754352030947776,0.29980657640232106,0.12475822050290135,2,2,1,61,15,6,2,0,88,18,12,5,4,1,9,6,545,260,218,59,12,19,1,60,9,0,21,1,40,40,54,53,0,0,39,13,3,1,0,81,10,6,8,2,0,5,8,339,144,132,47,11,12,2,79,12,0,31,4,52,60,46,77,0,0
2020-09-06,Serie A,3288581,Ceara,Santos FC,0.36373873873873874,0.3502252252252252,0.28603603603603606,0,1,2,61,16,8,5,5,83,21,7,6,2,0,9,7,424,146,207,52,17,18,0,75,8,0,9,3,55,52,43,94,0,0,39,7,4,1,1,75,16,5,2,1,0,5,2,269,124,79,49,24,13,3,64,10,0,25,8,55,48,57,83,0,0
2020-09-06,Serie A,3288589,Red Bull Bragantino,Palmeiras,0.28931297709923665,0.42366412213740456,0.2870229007633588,1,2,2,38,20,4,0,0,79,23,5,8,8,0,6,14,350,115,161,36,20,16,1,53,13,3,16,2,45,46,17,68,1,1,62,14,4,1,0,86,12,3,7,3,0,9,5,581,360,139,43,30,18,2,39,11,8,20,3,64,54,83,50,3,0
2020-09-06,Serie A,3288587,Internacional,Bahia,0.5715258855585831,0.31471389645776565,0.11376021798365123,2,2,1,62,9,5,1,0,84,11,8,2,2,0,5,4,528,198,248,61,22,23,1,69,9,2,14,1,51,43,43,70,2,0,38,9,4,3,1,70,12,5,3,2,0,6,3,326,131,97,42,20,27,2,68,9,2,28,3,68,57,58,70,3,0
2020-09-06,Serie A,3288590,Sao Paulo,Fluminense,0.502534395365677,0.37002172338884864,0.1274438812454743,3,1,0,50,15,3,2,0,81,21,3,9,3,1,12,3,462,192,182,49,23,26,0,29,8,4,11,3,46,44,65,80,3,0,50,10,4,0,0,80,13,2,2,4,0,3,7,451,232,130,44,15,18,2,40,11,3,13,0,47,56,35,82,0,0
2020-09-06,Serie A,3288580,Vasco da Gama,Athletico Paranaense,0.5117540687160941,0.36347197106690776,0.12477396021699819,1,0,0,33,8,2,1,0,75,7,3,5,1,0,2,6,293,141,79,38,25,20,2,56,9,6,21,4,46,52,47,43,1,0,67,14,4,1,1,87,16,2,4,6,0,7,7,603,259,264,58,0,21,1,33,13,1,3,1,44,48,53,53,1,0
2020-09-06,Serie A,3288582,Atletico GO,Gremio,0.32653061224489793,0.4061224489795918,0.2673469387755102,1,1,1,49,8,2,2,1,85,16,3,6,0,1,4,4,459,165,227,71,24,12,0,64,21,0,22,1,42,43,48,39,0,0,51,6,2,1,0,83,13,3,4,0,0,4,2,471,184,208,41,14,19,1,76,9,0,14,1,53,57,52,47,0,0
2020-09-06,Serie A,3288585,Coritiba,Atletico MG,0.3083511777301927,0.39186295503211993,0.29978586723768735,0,1,2,48,13,3,3,3,80,14,4,5,5,0,6,7,440,231,121,44,28,18,0,63,12,0,17,1,56,50,52,71,0,0,52,21,2,4,3,85,19,4,14,5,1,12,9,476,161,245,50,39,17,2,47,11,0,11,3,55,50,48,60,0,0
2020-09-06,Serie A,3288586,Sport Recife,Goias,0.47836538461538464,0.36899038461538464,0.15264423076923078,2,1,0,52,17,6,0,0,84,18,9,6,5,0,9,8,486,172,234,50,17,16,1,67,6,0,17,4,60,46,43,59,0,0,48,10,4,1,1,85,17,4,5,1,0,6,4,452,245,138,52,31,12,0,56,7,0,27,4,72,54,57,72,0,0
2020-09-09,Serie A,3288600,Athletico Paranaense,Botafogo,0.4399313501144165,0.38615560640732266,0.17391304347826086,1,1,1,62,17,3,4,3,90,19,7,9,5,1,9,8,510,229,229,67,35,9,3,88,9,0,12,4,38,37,68,50,0,0,38,11,5,4,3,82,10,3,3,3,0,6,5,310,167,86,55,29,21,2,52,5,0,17,2,48,63,32,60,0,0
2020-09-09,Serie A,3288599,Fortaleza,Sport Recife,0.4724576271186441,0.3891242937853107,0.1384180790960452,1,0,0,52,12,4,1,0,88,27,6,7,1,1,7,5,410,155,204,74,29,14,0,80,7,1,11,1,48,43,54,55,5,0,48,4,1,1,1,83,14,1,2,1,1,1,3,383,164,153,47,0,13,2,67,6,1,26,3,55,57,46,0,1,0
2020-09-09,Serie A,3288598,Goias,Coritiba,0.42461287693561534,0.39853300733496333,0.17685411572942136,3,3,1,54,18,6,2,0,86,27,9,7,5,0,11,7,458,170,225,53,21,23,0,42,9,0,11,0,48,38,48,73,0,0,46,13,3,4,1,82,13,2,5,5,1,8,5,396,204,121,52,50,12,2,56,13,0,24,4,70,62,52,76,0,0
2020-09-09,Serie A,3288591,Sao Paulo,Red Bull Bragantino,0.6206896551724138,0.2826541274817137,0.09665621734587251,1,1,1,59,14,5,3,2,85,18,5,5,4,0,6,8,491,194,224,48,19,25,5,61,10,2,6,1,58,54,52,87,4,0,41,10,2,2,2,74,18,1,5,3,2,4,6,341,148,106,38,0,25,2,67,8,3,32,3,50,46,48,48,2,0
2020-09-10,Serie A,3288583,Fluminense,Flamengo,0.273406088454911,0.38828259620907524,0.3383113153360138,1,2,2,47,17,3,0,0,84,15,7,7,7,0,6,11,445,173,199,52,17,15,1,65,8,0,12,4,61,50,45,86,0,0,53,13,6,4,3,88,16,6,6,1,0,9,4,508,216,230,60,29,13,2,37,8,0,21,2,62,50,55,81,0,0
2020-09-10,Serie A,3288593,Santos FC,Atletico MG,0.41184298070525616,0.38323353293413176,0.2049234863606121,3,1,0,41,8,4,2,0,76,11,4,3,1,0,5,3,300,125,103,42,0,15,4,55,14,0,21,3,37,51,50,23,0,0,59,16,4,6,6,79,15,5,6,6,0,12,4,424,174,159,35,24,26,1,41,6,0,10,1,36,49,50,67,0,0
2020-09-10,Serie A,3288601,Bahia,Gremio,0.40011286681715574,0.4102708803611738,0.18961625282167044,0,2,2,50,17,6,1,1,91,12,8,9,2,0,9,8,474,202,228,60,21,12,1,44,12,0,13,4,32,44,39,70,0,0,50,18,6,3,3,87,9,4,9,3,0,13,5,479,220,198,58,23,12,2,67,5,0,22,6,43,56,61,67,0,0
2020-09-10,Serie A,3288603,Corinthians,Palmeiras,0.3797268907563025,0.3744747899159664,0.24579831932773108,0,2,2,54,10,4,0,0,91,13,5,4,2,1,5,5,517,236,233,64,12,13,1,50,8,0,12,6,39,46,38,50,0,0,46,21,8,5,3,89,16,6,8,5,0,14,7,437,188,199,66,14,13,2,73,11,0,14,4,48,54,62,65,0,0
2020-09-10,Serie A,3288602,Internacional,Ceara,0.5886042864610559,0.2990067956089911,0.11238891792995295,2,0,0,62,17,9,3,1,81,15,10,7,1,0,11,6,517,223,197,53,21,25,1,67,12,1,23,0,57,53,36,71,0,0,38,6,1,0,0,69,16,3,5,0,0,3,3,318,91,128,57,22,22,1,50,9,1,19,7,65,47,64,58,2,0
2020-09-11,Serie A,3288584,Vasco da Gama,Atletico GO,0.6017587939698492,0.29836683417085424,0.09987437185929648,1,2,2,54,9,5,2,1,83,15,1,2,2,0,5,4,471,220,171,47,20,18,0,62,8,2,16,5,61,56,59,57,2,1,46,13,7,3,1,82,23,4,4,2,0,7,6,380,149,161,50,24,20,1,53,13,2,9,4,47,44,41,47,1,0
2020-09-12,Serie A,3288604,Athletico Paranaense,Coritiba,0.5421487603305785,0.3256198347107438,0.1322314049586777,1,0,0,44,10,2,1,1,87,21,9,6,2,0,5,5,350,181,123,63,22,20,3,57,5,0,19,1,44,43,45,47,0,0,56,5,1,0,0,85,12,6,2,2,0,1,4,463,263,132,60,5,22,3,50,10,0,21,1,57,57,55,75,0,0
2020-09-12,Serie A,3288594,Santos FC,Sao Paulo,0.4928861788617886,0.31402439024390244,0.19308943089430894,2,2,1,55,10,5,1,1,82,18,5,4,1,0,5,5,411,189,147,54,16,18,1,76,5,3,11,4,55,58,46,50,3,0,45,12,6,3,2,81,20,2,3,3,0,6,6,340,175,102,53,21,18,3,77,14,1,20,4,46,42,54,40,2,0
2020-09-13,Serie A,3288597,Fluminense,Corinthians,0.5,0.32149712092130517,0.1785028790786948,2,1,0,48,15,3,1,0,83,14,5,7,5,0,8,7,352,144,148,41,50,19,0,50,9,1,18,2,63,54,47,47,2,1,52,9,3,1,0,84,15,8,5,1,1,5,4,378,172,147,61,24,26,2,63,11,5,14,1,60,46,53,58,4,0
2020-09-13,Serie A,3288606,Gremio,Fortaleza,0.5596432552954292,0.3010033444816054,0.13935340022296544,1,1,1,56,14,3,2,1,90,11,6,4,7,0,6,8,532,160,318,69,17,17,2,92,8,1,11,1,47,51,48,55,1,1,44,3,2,0,0,88,13,2,0,1,0,1,2,424,202,169,47,22,10,0,67,8,7,35,2,47,49,52,57,2,1
2020-09-13,Serie A,3288607,Atletico MG,Bragantino,0.6415929203539823,0.25663716814159293,0.10176991150442478,2,1,0,64,14,7,3,1,85,13,8,5,2,1,11,3,556,272,202,53,26,15,5,80,11,0,12,3,53,47,57,50,0,0,36,12,4,1,0,75,18,3,6,2,1,4,8,306,113,117,44,14,17,0,45,15,0,20,5,53,53,43,83,0,0
2020-09-13,Serie A,3288605,Bahia,Atletico GO,0.5238879736408567,0.3261943986820428,0.14991762767710048,0,1,2,53,9,2,0,0,80,16,5,3,4,0,4,5,429,185,158,33,14,23,5,69,10,0,16,2,59,61,52,79,0,0,47,12,4,1,1,79,20,5,4,4,0,5,7,380,177,124,30,33,20,1,38,9,0,13,1,42,39,48,62,0,0
2020-09-13,Serie A,3288608,Ceara,Flamengo,0.197992700729927,0.34215328467153283,0.45985401459854014,2,0,0,37,8,3,0,0,73,8,5,3,2,0,5,3,342,111,139,51,45,20,2,69,9,0,22,2,61,48,53,43,0,0,63,11,2,2,2,85,6,8,7,2,0,6,5,570,218,264,59,23,26,2,78,13,0,13,1,62,52,47,58,0,0
2020-09-13,Serie A,3288610,Goias,Internacional,0.23736780258519388,0.3419506462984724,0.4206815511163337,1,0,0,22,6,1,0,0,63,10,0,3,2,0,3,3,170,68,39,35,0,9,1,71,5,6,52,4,54,57,70,64,4,1,78,15,4,4,4,91,14,12,5,6,0,10,5,572,129,391,63,19,20,5,78,5,2,2,0,32,43,30,50,3,0
2020-09-13,Serie A,3288595,Palmeiras,Sport Recife,0.6473526473526473,0.25574425574425574,0.0969030969030969,2,2,1,63,20,7,3,2,87,15,6,7,6,0,9,11,567,198,297,64,18,24,3,47,11,0,5,2,55,58,59,82,0,0,37,9,4,2,0,77,12,2,3,2,0,8,1,327,155,96,41,36,17,1,82,13,0,26,5,39,42,41,27,0,0
2020-09-13,Serie A,3288596,Botafogo,Vasco da Gama,0.4023529411764706,0.36,0.2376470588235294,2,3,2,50,25,9,3,2,83,18,5,12,4,1,17,8,426,175,180,63,43,19,0,67,13,3,10,3,48,36,55,53,2,0,50,14,6,3,1,81,8,4,5,3,0,7,7,443,165,196,44,43,27,2,50,16,4,30,7,68,64,45,75,2,0
2020-09-17,Serie A,3288615,Corinthians,Bahia,0.597972972972973,0.2702702702702703,0.13175675675675674,3,2,0,33,11,5,3,2,73,15,4,4,2,0,5,6,277,123,78,34,36,21,1,76,9,6,35,4,45,44,33,60,3,0,67,25,7,4,3,89,13,11,13,5,0,15,10,533,159,315,67,25,33,5,70,7,2,8,2,66,56,67,64,2,0
2020-09-19,Serie A,3288619,Fortaleza,Internacional,0.30239099859353025,0.33755274261603374,0.360056258790436,1,0,0,43,12,3,0,0,77,9,3,7,2,0,8,4,318,145,99,52,36,18,2,56,6,3,17,1,67,65,54,78,1,0,57,11,1,0,0,85,20,7,7,3,0,8,3,420,167,188,41,26,23,2,64,7,2,19,2,43,35,46,33,3,0
2020-09-19,Serie A,3288614,Red Bull Bragantino,Ceara,0.4141566265060241,0.3057228915662651,0.28012048192771083,4,2,0,42,18,9,6,2,77,24,5,8,1,2,12,6,308,132,105,47,17,15,2,69,11,0,27,4,66,46,67,52,0,0,58,13,6,0,0,82,11,9,4,3,0,9,4,417,144,198,52,20,30,1,80,7,0,12,5,67,54,33,65,0,0
2020-09-20,Serie A,3288620,Atletico GO,Atletico MG,0.29764065335753176,0.35208711433756806,0.3502722323049002,3,4,2,44,15,9,2,1,77,16,6,3,3,0,8,7,359,133,142,57,24,10,1,40,15,0,22,4,52,54,63,57,0,0,56,14,8,6,2,84,14,4,4,2,0,8,6,468,211,183,43,25,15,4,38,7,0,9,6,41,46,38,56,0,0
2020-09-20,Serie A,3288618,Coritiba,Vasco da Gama,0.3343108504398827,0.37976539589442815,0.2859237536656892,1,0,0,54,11,2,2,1,86,14,6,5,4,0,7,4,497,248,180,62,20,23,3,86,8,3,15,3,59,53,58,58,1,0,46,11,3,0,0,86,15,6,5,3,1,5,6,414,165,193,52,14,16,0,55,11,4,17,1,50,47,42,58,2,0
2020-09-20,Serie A,3288616,Gremio,Palmeiras,0.33455433455433453,0.36752136752136755,0.2979242979242979,1,1,1,64,13,3,1,1,86,21,6,5,5,0,7,6,590,202,303,55,32,20,0,71,5,0,11,1,56,49,56,52,0,0,36,9,2,0,0,76,21,3,4,3,0,2,7,336,154,103,45,20,7,2,68,17,0,14,2,54,51,44,38,0,0
2020-09-20,Serie A,3288612,Botafogo,Santos FC,0.33004926108374383,0.3706896551724138,0.29926108374384236,0,0,1,44,7,1,1,1,77,15,8,6,0,0,6,1,321,132,115,52,20,17,0,71,14,0,23,6,45,42,56,67,0,0,56,21,6,1,1,84,13,10,10,5,0,9,12,416,181,168,55,27,17,1,71,16,0,17,0,53,58,44,83,0,0
2020-09-20,Serie A,3288617,Sport Recife,Fluminense,0.37965260545905705,0.3573200992555831,0.2630272952853598,1,0,0,26,8,3,1,0,69,10,5,2,3,0,5,3,251,110,64,43,33,9,3,56,14,0,32,4,46,43,52,33,0,0,74,18,4,1,1,88,9,8,9,5,0,14,4,700,215,400,57,17,25,3,47,14,0,6,2,56,57,48,86,0,0
2020-09-24,Serie A,3288641,Sport Recife,Corinthians,0.39308176100628933,0.3469601677148847,0.259958071278826,1,0,0,48,9,2,1,0,82,11,3,3,4,0,4,5,451,185,186,36,27,24,1,50,12,6,26,2,52,53,34,70,3,0,52,16,2,1,1,86,15,8,8,6,1,9,7,486,197,223,60,38,29,2,50,9,2,10,1,57,47,66,67,4,0
2020-09-26,Serie A,3288640,Athletico Paranaense,Bahia,0.6189189189189189,0.2608108108108108,0.12027027027027028,1,0,0,55,13,3,2,1,84,20,1,8,2,0,7,6,528,271,175,55,45,14,2,69,11,0,20,4,45,45,52,100,0,0,45,14,4,1,1,81,11,6,6,4,0,10,4,410,211,123,64,24,20,4,50,13,0,5,3,51,55,48,53,0,0
2020-09-26,Serie A,3288627,Internacional,Sao Paulo,0.552570093457944,0.29906542056074764,0.1483644859813084,1,1,1,42,4,1,0,0,76,16,1,0,3,0,1,3,401,175,128,28,8,14,3,79,14,5,20,5,41,44,37,50,2,1,58,19,6,1,1,83,16,4,7,6,0,10,9,536,246,198,56,32,22,0,78,11,3,7,0,57,56,63,68,0,0
2020-09-27,Serie A,3288625,Atletico MG,Gremio,0.5835443037974684,0.26582278481012656,0.15063291139240506,3,1,0,54,20,6,3,2,83,20,9,7,7,0,14,6,478,198,200,50,21,15,0,64,21,0,7,3,40,42,68,38,0,0,46,9,4,3,2,81,11,4,5,0,0,7,2,408,171,159,57,29,17,0,82,15,0,24,3,44,58,32,50,0,0
2020-09-27,Serie A,3288622,Vasco da Gama,Red Bull Bragantino,0.5145985401459854,0.31386861313868614,0.17153284671532848,1,1,1,58,11,1,2,1,90,9,2,4,6,0,3,8,511,219,240,77,13,21,4,69,11,3,16,2,60,56,55,81,2,0,42,12,3,2,2,84,16,5,6,3,0,5,7,363,133,171,53,25,16,1,62,10,5,14,0,48,44,45,85,1,0
2020-09-27,Serie A,3288623,Palmeiras,Flamengo,0.43218197135636055,0.2864363942712721,0.2813816343723673,1,1,1,59,17,7,1,1,87,14,5,7,3,0,4,13,493,184,246,65,10,18,1,80,12,0,12,3,50,46,68,50,0,0,41,10,4,3,2,81,16,4,4,2,0,5,5,335,133,140,50,19,5,0,67,10,0,22,6,48,54,32,83,0,0
2020-09-27,Serie A,3288638,Atletico GO,Botafogo,0.5122324159021406,0.35015290519877673,0.13761467889908258,1,1,1,53,10,2,2,1,84,16,7,5,3,0,8,2,406,170,173,61,18,15,2,78,13,0,21,4,46,45,53,61,0,0,47,16,5,2,1,82,12,5,6,5,0,8,8,359,144,149,63,17,15,0,75,10,0,20,1,51,55,47,65,0,0
2020-09-27,Serie A,3288639,Ceara,Goias,0.5432300163132137,0.33442088091353994,0.12234910277324633,2,2,1,60,19,5,1,0,80,13,11,8,6,1,9,10,411,101,226,54,17,29,9,43,13,0,16,5,60,49,52,64,0,0,40,10,7,3,1,71,14,7,2,1,0,7,3,286,109,95,41,22,11,3,56,13,0,27,3,59,51,48,68,0,0
2020-09-27,Serie A,3288624,Santos FC,Fortaleza,0.652962515114873,0.25151148730350664,0.09552599758162031,1,1,1,54,15,6,2,1,86,12,9,6,3,1,12,3,416,197,162,60,20,9,1,54,12,2,6,2,49,51,55,36,1,0,46,12,3,1,0,85,20,5,6,3,0,5,7,369,191,123,48,36,17,1,58,12,3,22,5,46,49,45,62,1,0
2020-09-28,Serie A,3288621,Fluminense,Coritiba,0.627514600908501,0.27579493835171964,0.09669046073977937,4,0,0,43,15,7,4,1,84,16,5,4,4,0,8,7,407,193,150,48,29,10,0,64,9,0,21,1,56,53,57,63,0,0,57,10,1,1,1,87,19,4,5,4,1,6,4,535,214,249,52,22,16,3,77,6,0,11,3,48,47,43,83,0,0
2020-10-01,Serie A,3288525,Botafogo,Bahia,0.559322033898305,0.15254237288135594,0.288135593220339,1,2,2,61,15,2,2,1,87,18,8,8,5,0,8,7,502,197,238,57,13,17,0,60,8,0,15,2,62,48,48,47,0,0,39,12,4,4,2,74,14,5,7,1,0,6,6,322,113,126,33,46,16,1,50,6,0,21,1,68,53,52,64,0,0
2020-10-01,Serie A,3288523,Corinthians,Atletico GO,0.6121707538601272,0.25340599455040874,0.1344232515894641,0,0,1,53,12,4,1,1,84,18,4,8,0,0,10,2,460,243,142,46,40,23,4,50,10,6,22,5,45,45,50,77,2,0,47,18,6,3,3,81,12,7,7,5,1,7,11,397,160,163,62,20,19,2,73,11,0,20,4,52,55,50,69,0,0
2020-10-03,Serie A,3288632,Gremio,Internacional,0.4748743718592965,0.28266331658291455,0.24246231155778894,1,1,1,46,14,5,1,0,78,15,5,4,5,0,6,8,388,142,159,52,38,23,1,33,10,1,12,1,54,53,47,61,0,1,54,8,2,1,0,79,16,5,5,1,0,5,3,453,206,153,49,14,15,1,46,8,5,12,4,52,47,53,57,1,1
2020-10-03,Serie A,3288635,Palmeiras,Ceara,0.6932989690721649,0.20231958762886598,0.10438144329896908,2,1,0,64,28,11,2,1,86,10,9,11,6,1,11,17,560,251,230,58,17,25,1,82,10,0,12,4,59,69,48,88,0,0,36,10,5,3,2,75,20,4,2,3,0,6,4,319,120,119,42,17,22,0,75,9,0,25,9,36,31,52,55,0,0
2020-10-04,Serie A,3288634,Red Bull Bragantino,Corinthians,0.4322820037105751,0.29684601113172543,0.27087198515769945,0,0,1,40,10,2,1,1,80,18,3,5,3,0,3,7,377,156,146,56,8,26,1,64,12,4,19,4,44,46,43,55,1,0,60,12,4,0,0,86,13,8,4,4,0,3,9,555,252,226,63,15,24,1,70,12,3,12,2,52,54,57,41,2,0
2020-10-04,Serie A,3288636,Botafogo,Fluminense,0.2942643391521197,0.40648379052369077,0.29925187032418954,1,1,1,52,17,7,4,3,81,20,7,8,2,2,11,6,385,140,171,63,23,18,0,73,7,0,15,5,63,51,48,73,0,0,48,8,5,0,0,79,21,4,3,0,0,3,5,365,168,120,41,40,14,2,56,11,2,32,6,63,49,52,57,1,0
2020-10-04,Serie A,3288630,Coritiba,Sao Paulo,0.2793594306049822,0.35765124555160144,0.36298932384341637,1,1,1,26,3,1,0,0,65,13,2,2,0,0,1,2,234,92,59,26,33,10,0,76,12,4,44,4,46,53,31,46,2,0,74,19,5,1,0,89,12,11,9,5,0,13,6,671,191,406,67,18,26,2,70,3,0,8,0,56,47,69,54,3,0
2020-10-04,Serie A,3288637,Flamengo,Athletico Paranaense,0.6638554216867469,0.2421686746987952,0.09397590361445783,3,1,0,54,13,7,3,1,84,18,4,4,2,0,8,5,451,213,167,71,29,14,2,65,13,0,9,2,63,55,50,68,0,0,46,10,3,2,1,81,22,5,5,2,1,7,3,377,206,100,37,33,18,2,52,14,0,13,4,53,45,50,36,0,0
2020-10-04,Serie A,3288631,Bahia,Sport Recife,0.4835924006908463,0.3126079447322971,0.20379965457685664,1,2,2,59,24,11,4,3,83,15,11,8,5,0,15,9,488,141,262,69,26,25,2,71,13,0,4,0,57,51,44,54,0,0,41,5,2,1,0,72,13,0,2,1,0,5,0,361,159,102,25,75,15,0,53,14,0,42,10,60,49,56,60,0,0
2020-10-04,Serie A,3288629,Fortaleza,Atletico GO,0.5584158415841585,0.2851485148514851,0.15643564356435644,0,0,1,59,16,5,0,0,85,8,8,8,3,1,12,4,517,239,200,54,35,16,1,44,4,1,12,2,43,51,50,40,5,0,41,7,2,0,0,78,14,1,4,1,0,5,2,349,139,134,62,20,16,0,43,14,3,18,5,42,49,50,43,5,0
2020-10-04,Serie A,3288628,Goias,Santos FC,0.21553090332805072,0.38510301109350237,0.3993660855784469,2,3,2,55,14,4,1,0,83,16,2,9,1,0,4,10,384,145,174,48,6,21,4,62,11,0,8,2,47,58,59,75,0,0,45,10,4,4,2,78,15,4,3,3,0,6,4,317,168,79,40,33,11,0,33,5,0,17,2,34,42,41,36,0,0
2020-10-04,Serie A,3288633,Atletico MG,Vasco da Gama,0.5983112183353438,0.255729794933655,0.14595898673100122,4,1,0,60,21,7,3,0,87,24,6,11,3,1,13,8,494,203,228,74,43,17,4,63,11,2,12,1,39,42,88,43,3,0,40,5,2,0,0,78,10,3,1,2,0,4,1,325,165,87,38,13,16,2,57,11,3,14,3,45,58,13,64,2,1
2020-10-07,Serie A,3288655,Corinthians,Santos FC,0.38033898305084746,0.36474576271186443,0.2549152542372881,1,1,1,62,13,4,0,0,85,19,6,6,3,0,6,7,558,222,253,54,37,29,0,71,13,2,12,1,46,36,59,42,2,0,38,6,2,1,0,76,16,3,2,2,0,3,3,337,157,100,41,17,19,0,76,16,3,17,3,60,64,41,69,2,0
2020-10-07,Serie A,3288653,Bahia,Vasco da Gama,0.42194469223907227,0.3809099018733274,0.19714540588760035,3,0,0,47,13,6,2,1,85,18,4,3,4,0,7,6,454,179,207,55,33,18,0,75,9,3,16,1,59,51,61,62,4,0,53,10,1,0,0,88,15,6,6,3,0,4,6,497,222,217,44,12,17,1,80,4,4,12,3,49,49,39,63,2,1
2020-10-07,Serie A,3288642,Flamengo,Sport Recife,0.6174981923355025,0.2668112798264642,0.11569052783803326,3,0,0,63,16,7,5,3,89,14,8,4,5,0,9,7,572,201,309,79,29,13,1,30,9,0,12,1,59,55,68,77,0,0,37,14,1,0,0,78,16,6,7,6,0,8,6,335,156,106,43,19,11,1,31,13,0,18,4,42,45,32,77,0,0
2020-10-07,Serie A,3288654,Gremio,Coritiba,0.56,0.32,0.12,2,1,0,50,11,5,1,0,84,18,6,4,2,0,6,5,466,171,220,53,19,13,1,63,14,0,19,2,73,53,55,63,0,0,50,13,3,1,0,84,21,6,6,4,0,5,8,475,215,184,64,27,19,4,53,15,0,22,3,63,47,45,53,0,0
2020-10-07,Serie A,3288650,Goias,Fluminense,0.3291139240506329,0.3949367088607595,0.2759493670886076,2,4,2,43,12,3,2,1,77,19,5,7,2,0,9,3,348,147,120,42,36,13,0,50,10,0,13,1,53,52,57,76,0,0,57,10,5,1,0,85,15,4,3,2,0,8,2,471,241,159,57,35,13,4,60,9,0,18,1,46,48,43,38,0,0
2020-10-07,Serie A,3288657,Sao Paulo,Atletico GO,0.5305719921104537,0.33136094674556216,0.13806706114398423,3,0,0,51,25,8,5,3,85,17,5,8,9,0,15,10,431,244,121,55,36,19,1,77,6,2,15,5,50,56,57,71,3,0,49,15,5,1,1,81,12,3,8,2,0,7,8,415,144,194,54,27,25,2,14,5,9,11,6,39,44,43,50,2,0
2020-10-08,Serie A,3288643,Botafogo,Palmeiras,0.24757281553398058,0.4029126213592233,0.34951456310679613,2,1,0,36,11,4,2,0,76,16,2,2,5,0,6,5,298,112,113,40,31,12,0,71,11,5,23,3,43,48,45,57,4,0,64,19,4,2,1,87,15,5,10,5,0,11,8,535,214,249,63,38,20,2,27,11,4,10,2,48,52,55,61,4,0
2020-10-08,Serie A,3288652,Athletico Paranaense,Ceara,0.6062861869313482,0.2919768403639371,0.10173697270471464,0,0,1,62,15,1,0,0,89,11,3,7,7,0,5,10,579,239,279,76,15,18,2,55,6,0,13,4,37,54,32,67,0,0,38,13,4,1,1,79,12,3,6,3,0,3,10,350,159,119,41,13,14,2,33,17,0,23,1,39,46,68,67,0,0
2020-10-09,Serie A,3288656,Red Bull Bragantino,Internacional,0.3652830188679245,0.36,0.2747169811320755,0,2,2,48,13,2,0,0,78,18,7,3,8,0,6,7,404,151,166,46,16,25,2,73,8,1,7,3,58,55,41,56,3,1,52,8,5,1,0,84,22,2,2,1,0,5,3,460,266,120,54,50,22,1,69,10,8,25,2,54,45,59,64,3,0
2020-10-10,Serie A,3288648,Vasco da Gama,Flamengo,0.25904977375565613,0.3563348416289593,0.38461538461538464,1,2,2,38,13,4,2,1,78,14,5,6,3,0,6,7,344,129,139,48,19,15,3,73,14,0,25,1,67,57,49,75,0,0,62,8,3,1,0,87,25,5,2,3,0,3,5,571,245,249,67,22,21,2,60,12,0,19,3,55,43,51,67,0,0
2020-10-10,Serie A,3288659,Coritiba,Fortaleza,0.3885955649419219,0.36642027455121434,0.24498416050686378,0,0,1,45,10,2,2,2,88,20,2,7,1,1,3,7,408,237,124,70,27,16,0,50,12,5,14,2,43,48,35,94,1,0,55,12,2,2,2,86,12,4,5,5,0,5,7,498,245,183,61,21,18,0,88,8,1,12,2,52,52,65,81,0,0
2020-10-10,Serie A,3288647,Palmeiras,Sao Paulo,0.5294605809128631,0.3228215767634855,0.14771784232365145,0,2,2,47,9,3,0,0,84,15,8,4,2,0,4,5,424,188,170,58,20,13,2,41,6,3,11,2,53,49,46,77,2,0,53,13,4,3,1,84,17,4,6,3,0,9,4,483,246,158,47,25,15,0,53,10,2,25,3,56,51,54,74,1,0
2020-10-11,Serie A,3288645,Atletico MG,Goias,0.6533066132264529,0.2565130260521042,0.09018036072144289,3,0,0,66,23,11,5,3,85,14,8,8,4,1,14,9,614,210,312,75,17,20,4,53,13,0,5,3,53,44,60,44,0,0,34,4,3,0,0,68,11,1,0,1,0,2,2,315,129,84,31,33,16,1,35,21,0,23,8,58,56,40,87,0,0
2020-10-11,Serie A,3288649,Fluminense,Bahia,0.5365579302587177,0.3374578177727784,0.12598425196850394,1,0,0,48,8,2,1,0,78,26,3,5,1,1,4,4,401,153,159,51,19,13,0,67,13,0,17,1,62,49,50,73,0,0,52,12,1,0,0,83,18,4,7,4,0,6,6,429,155,203,56,17,17,0,56,11,0,35,1,63,51,50,22,0,0
2020-10-11,Serie A,3288646,Santos FC,Gremio,0.5156756756756756,0.3286486486486486,0.15567567567567567,2,1,0,56,11,6,2,0,76,17,4,4,1,2,7,4,402,175,129,39,44,24,3,52,16,0,22,3,53,46,40,33,0,0,44,11,4,0,0,73,14,7,5,2,0,7,4,314,124,105,49,17,14,2,50,8,0,18,4,67,54,60,26,0,0
2020-10-11,Serie A,3288667,Atletico GO,Red Bull Bragantino,0.4643835616438356,0.34657534246575344,0.18904109589041096,2,1,0,52,24,8,3,3,76,17,7,13,3,1,14,10,368,128,153,42,27,19,0,58,13,0,19,4,74,55,66,67,0,0,48,19,5,3,2,77,18,11,8,6,1,10,9,337,147,114,51,22,14,2,60,19,0,24,6,52,45,34,50,0,0
2020-10-11,Serie A,3288658,Sport Recife,Botafogo,0.4779116465863454,0.3373493975903614,0.18473895582329317,1,2,2,63,17,3,1,1,85,11,6,10,4,0,10,7,528,160,289,50,24,21,0,69,10,2,26,2,61,53,77,44,3,0,37,11,4,3,2,78,15,8,5,2,0,7,4,314,139,106,43,7,19,0,78,14,4,24,2,38,47,23,53,1,1
2020-10-11,Serie A,3288668,Ceara,Corinthians,0.41051314142678347,0.344180225281602,0.2453066332916145,2,1,0,40,15,4,3,2,78,9,6,10,1,1,10,5,304,100,137,58,26,17,2,70,15,3,28,2,53,52,63,69,4,1,60,10,3,1,1,80,10,6,4,3,2,2,8,475,222,160,44,16,24,1,85,13,1,12,3,42,48,37,89,1,1
2020-10-11,Serie A,3288644,Internacional,Athletico Paranaense,0.639697950377562,0.25026968716289105,0.11003236245954692,2,1,0,46,13,6,4,2,76,19,6,2,5,0,10,3,404,197,110,34,42,24,3,68,12,4,10,3,65,52,37,63,2,0,54,14,4,4,3,81,14,1,6,4,1,6,8,483,211,178,59,33,22,2,59,13,6,9,3,71,48,63,50,0,0
2020-10-13,Serie A,3288611,Flamengo,Goias,0.6870324189526185,0.24251870324189526,0.07044887780548628,2,1,0,66,31,12,3,1,85,12,9,13,6,1,22,9,562,179,300,84,27,24,1,63,14,0,7,3,66,47,60,52,0,0,34,7,4,0,0,68,12,4,2,1,0,3,4,299,116,87,37,9,9,4,68,16,0,41,10,63,53,40,67,0,0
2020-10-14,Serie A,3288664,Palmeiras,Coritiba,0.6381742738589211,0.2688796680497925,0.09294605809128631,1,3,2,54,16,5,3,2,82,13,6,6,5,0,8,8,431,164,190,60,25,18,1,53,12,0,9,6,67,58,52,71,0,0,46,12,9,4,2,77,20,2,2,1,0,4,8,382,161,134,37,33,16,2,72,10,0,26,4,51,42,48,50,0,0
2020-10-14,Serie A,3288661,Gremio,Botafogo,0.5593908629441624,0.31065989847715736,0.1299492385786802,3,1,0,50,10,4,3,0,84,11,1,5,1,0,7,3,479,191,210,38,30,24,1,71,10,2,23,2,47,44,53,62,3,1,50,16,3,2,1,81,13,4,11,2,0,9,7,458,157,216,54,8,20,0,82,6,1,11,1,53,56,47,80,2,0
2020-10-14,Serie A,3288663,Santos FC,Atletico GO,0.6533333333333333,0.26,0.08666666666666667,0,1,2,59,13,3,1,1,79,18,7,6,4,0,7,6,402,167,152,50,31,9,1,79,10,0,8,0,55,50,43,25,0,0,41,8,1,1,1,66,21,2,5,2,0,4,4,285,103,84,43,11,21,2,57,6,0,25,3,61,50,57,82,0,0
2020-10-15,Serie A,3288673,Athletico Paranaense,Corinthians,0.4733009708737864,0.3313106796116505,0.1953883495145631,0,1,2,62,16,9,1,1,85,18,8,4,3,0,11,5,545,219,242,58,12,20,2,70,12,0,12,5,48,44,45,58,0,0,38,13,6,3,2,78,14,2,5,2,0,8,5,332,146,112,51,16,17,1,67,14,0,25,9,60,56,55,70,0,0
2020-10-15,Serie A,3288662,Atletico MG,Fluminense,0.5837837837837838,0.28864864864864864,0.12756756756756757,1,1,1,66,14,8,3,3,86,11,9,3,3,0,7,7,571,203,288,62,24,19,0,62,15,0,17,2,54,51,32,52,0,0,34,11,3,1,1,70,9,4,6,2,0,7,4,295,106,101,41,17,13,3,67,23,0,30,7,60,49,68,61,0,0
2020-10-15,Serie A,3288660,Sport Recife,Internacional,0.29075425790754256,0.3722627737226277,0.33698296836982966,3,5,2,49,13,5,2,1,80,6,2,6,2,0,10,3,438,195,157,40,38,19,1,27,4,1,17,4,54,57,43,69,3,0,51,14,8,3,0,85,19,7,5,1,0,8,6,450,205,177,48,15,16,3,61,14,2,22,2,49,43,57,60,2,0
2020-10-15,Serie A,3288666,Flamengo,Red Bull Bragantino,0.6884796238244514,0.2249216300940439,0.0865987460815047,1,1,1,66,19,10,2,1,85,16,5,5,4,0,11,8,606,236,279,61,21,35,1,53,19,0,6,2,61,47,52,56,0,0,34,12,3,2,1,70,14,1,4,5,0,3,9,314,120,101,30,25,7,2,55,22,0,26,9,65,53,48,64,0,0
2020-10-16,Serie A,3288671,Goias,Bahia,0.41732283464566927,0.3838582677165354,0.19881889763779528,1,1,1,49,10,4,1,0,80,16,5,4,2,0,4,6,402,158,162,48,18,13,1,65,9,0,26,2,56,53,44,46,0,0,51,13,3,2,2,78,18,2,6,4,0,9,4,403,163,151,56,21,20,3,82,20,0,17,3,56,48,56,73,0,0
2020-10-17,Serie A,3288684,Atletico GO,Athletico Paranaense,0.5257352941176471,0.28860294117647056,0.18566176470588236,1,1,1,35,11,1,1,1,74,10,2,8,2,0,7,4,269,109,90,41,38,17,1,71,13,0,23,5,48,56,29,62,0,0,65,18,6,3,2,86,20,11,7,5,1,12,6,485,180,237,71,30,14,2,77,9,0,5,0,48,44,71,75,0,0
2020-10-17,Serie A,3288686,Coritiba,Santos FC,0.30505709624796085,0.3719412724306688,0.32300163132137033,1,2,2,57,18,4,1,1,84,18,9,9,5,1,11,7,442,191,181,63,26,21,1,62,7,0,14,0,71,55,60,84,0,0,43,6,2,2,0,77,25,1,2,2,0,3,3,341,166,97,47,20,11,0,42,11,0,26,3,57,45,40,67,0,0
2020-10-17,Serie A,3288670,Fluminense,Ceara,0.6181818181818182,0.2868686868686869,0.09494949494949495,2,2,1,58,6,3,1,0,84,17,4,2,1,0,5,1,539,275,179,50,37,11,2,63,13,0,17,3,71,45,59,65,0,0,42,17,4,2,1,76,16,3,7,6,0,10,7,389,130,165,49,8,17,2,68,11,0,13,1,74,55,41,79,0,0
2020-10-18,Serie A,3288674,Sao Paulo,Gremio,0.6086956521739131,0.2710144927536232,0.12028985507246377,0,0,1,62,8,1,0,0,88,24,2,7,0,0,2,6,534,279,191,56,25,13,1,61,7,3,12,2,57,44,59,61,4,0,38,11,2,1,1,79,15,7,6,3,0,4,7,316,110,140,39,15,16,2,52,12,0,10,1,64,56,41,61,2,0
2020-10-18,Serie A,3288689,Corinthians,Flamengo,0.3103756708407871,0.3407871198568873,0.3488372093023256,1,5,2,39,19,7,1,1,77,14,10,8,4,1,11,8,314,123,118,50,34,16,1,62,16,0,18,1,61,47,61,67,0,0,61,9,6,5,1,84,13,3,1,2,0,6,3,530,213,232,53,23,19,2,78,14,0,21,6,60,53,39,75,0,0
2020-10-18,Serie A,3288688,Internacional,Vasco da Gama,0.6311010215664018,0.2633371169125993,0.10556186152099886,2,0,0,52,13,7,3,2,87,17,6,4,2,0,8,5,524,251,207,52,44,16,1,58,20,0,9,3,49,46,55,57,1,0,48,8,3,0,0,83,11,3,5,0,0,2,6,482,240,160,61,17,16,0,58,13,2,9,5,51,54,45,73,1,0
2020-10-18,Serie A,3288685,Fortaleza,Palmeiras,0.3938618925831202,0.32864450127877237,0.2774936061381074,2,0,0,51,10,4,2,1,83,14,1,5,1,0,8,2,464,226,157,54,22,18,0,71,13,4,22,3,60,53,47,60,2,0,49,14,3,1,1,86,19,7,6,5,0,10,4,422,175,189,61,25,21,2,53,11,1,13,2,57,47,53,63,3,1
2020-10-18,Serie A,3288675,Red Bull Bragantino,Sport Recife,0.5045180722891566,0.3192771084337349,0.17620481927710843,2,0,0,50,18,4,1,0,82,13,8,11,3,0,11,7,449,158,211,67,30,24,1,82,20,0,9,1,56,51,65,69,0,0,50,3,1,0,0,78,13,6,1,1,0,1,2,464,225,138,43,13,23,0,52,22,0,21,2,48,49,35,62,0,0
2020-10-19,Serie A,3288687,Bahia,Atletico MG,0.3170007423904974,0.40682999257609503,0.27616926503340755,3,1,0,34,13,6,5,2,76,14,2,4,3,0,8,5,294,108,115,46,33,9,1,57,6,0,26,3,53,46,48,60,0,0,66,20,4,3,3,87,14,8,11,5,0,12,8,555,189,293,50,17,28,1,53,11,0,5,3,61,54,52,68,0,0
2020-10-19,Serie A,3288669,Botafogo,Goias,0.5644444444444444,0.33955555555555555,0.096,0,0,1,62,23,6,1,1,84,18,11,7,10,0,12,11,533,189,261,70,27,20,3,42,9,2,18,4,66,48,49,59,2,0,38,12,4,0,0,72,11,5,6,2,0,4,8,326,129,107,36,20,9,0,53,13,8,32,6,70,52,51,57,1,0
2020-10-22,Serie A,3288682,Vasco da Gama,Corinthians,0.4314558979808714,0.3390010626992561,0.22954303931987247,1,2,2,63,17,8,2,1,82,12,9,6,3,1,11,6,547,228,222,43,28,25,1,63,6,4,19,2,70,51,57,63,1,0,37,12,4,4,3,69,18,6,4,4,0,11,1,313,110,107,42,26,23,2,78,9,3,26,7,61,49,43,79,2,0
2020-10-24,Serie A,3288680,Red Bull Bragantino,Goias,0.573820395738204,0.3135464231354642,0.1126331811263318,2,0,0,53,14,5,2,1,80,17,6,6,3,0,8,6,408,158,168,53,14,17,1,87,18,0,22,1,50,49,41,75,0,0,47,7,1,2,2,74,15,4,5,1,0,4,3,361,146,120,40,13,15,3,82,15,0,20,3,58,51,59,56,0,0
2020-10-24,Serie A,3288690,Ceara,Coritiba,0.6030534351145038,0.28435114503816794,0.11259541984732824,2,1,0,36,15,4,2,0,67,22,5,8,3,1,9,6,270,73,108,28,33,13,1,62,19,0,24,5,53,43,58,67,0,0,64,15,6,4,3,82,12,8,6,3,0,8,7,493,200,205,61,17,31,1,89,11,0,20,2,57,57,42,78,0,0
2020-10-25,Serie A,3288679,Atletico MG,Sport Recife,0.6733128834355828,0.20398773006134968,0.12269938650306748,0,0,1,76,26,9,3,3,88,10,13,11,6,1,17,9,698,169,446,46,24,29,2,100,9,0,4,0,71,62,79,75,0,0,24,3,0,0,0,57,11,4,3,0,0,0,3,224,77,50,27,10,18,1,88,15,0,44,9,35,38,21,63,0,0
2020-10-25,Serie A,3288691,Atletico GO,Palmeiras,0.3485064011379801,0.34281650071123754,0.30867709815078237,0,3,2,57,21,5,0,0,87,15,6,10,6,0,11,10,475,196,215,68,17,18,0,42,11,0,16,1,49,48,46,42,0,0,43,12,4,5,2,79,17,3,6,2,1,8,4,360,162,123,51,23,16,2,81,15,0,20,5,55,53,54,53,0,0
2020-10-25,Serie A,3288683,Fluminense,Santos FC,0.3495702005730659,0.36103151862464183,0.28939828080229224,3,1,0,48,19,8,2,1,78,13,10,5,6,0,12,7,275,119,95,49,21,9,2,67,8,0,19,1,55,43,68,88,0,0,52,9,2,1,0,80,18,8,3,4,0,3,6,301,133,108,40,19,9,3,42,11,0,24,5,54,57,32,67,0,0
2020-10-25,Serie A,3288676,Athletico Paranaense,Gremio,0.4144144144144144,0.3183183183183183,0.2672672672672673,1,2,2,65,5,1,0,0,90,15,4,4,0,0,4,1,557,270,232,85,8,20,1,76,11,0,14,1,50,50,52,75,0,0,35,8,2,1,0,78,11,2,6,0,0,6,2,291,118,110,52,25,18,1,88,15,0,12,0,49,50,48,50,0,0
2020-10-25,Serie A,3288678,Internacional,Flamengo,0.35426731078904994,0.34782608695652173,0.29790660225442833,2,2,1,28,10,5,3,1,69,16,1,4,1,1,7,3,244,88,80,32,13,20,1,60,12,6,34,3,66,43,51,67,6,0,72,16,6,5,5,87,16,7,5,5,1,14,2,616,283,254,65,22,21,1,53,15,1,4,3,80,57,49,81,5,0
2020-10-31,Serie A,3288704,Botafogo,Ceara,0.48710166919575115,0.3550834597875569,0.15781487101669195,2,2,1,61,12,7,3,2,85,17,4,4,1,0,8,4,493,219,201,37,21,17,1,67,9,0,14,2,53,55,35,57,0,0,39,10,4,1,0,74,19,2,5,1,0,5,5,314,113,119,43,8,17,0,59,6,0,19,5,56,45,65,27,0,0
2020-10-31,Serie A,3288701,Corinthians,Internacional,0.3425925925925926,0.33101851851851855,0.3263888888888889,1,0,0,35,8,3,1,0,65,16,2,4,1,0,1,7,314,87,116,38,25,31,2,71,18,3,19,0,59,45,51,57,4,0,65,7,0,0,0,79,13,4,4,3,0,7,0,580,255,202,53,23,30,2,56,9,1,13,2,67,55,49,68,3,1
2020-10-31,Serie A,3288698,Coritiba,Atletico GO,0.4688128772635815,0.30784708249496984,0.22334004024144868,1,0,0,30,5,1,0,0,69,22,0,3,1,1,2,3,248,104,68,46,0,13,0,70,15,0,26,5,49,46,45,100,0,0,70,14,5,1,1,87,18,12,4,5,1,6,8,557,202,282,53,24,22,0,79,10,0,6,0,57,54,55,53,0,0
2020-11-01,Serie A,3288697,Fortaleza,Fluminense,0.5092592592592593,0.31635802469135804,0.1743827160493827,0,1,2,44,4,1,0,0,83,14,3,2,1,0,2,2,385,181,138,57,14,12,0,50,5,3,26,3,55,46,48,67,2,1,56,11,4,1,1,88,18,7,4,3,0,5,6,480,182,241,71,11,17,1,53,10,1,10,1,62,54,52,88,1,0
2020-11-01,Serie A,3288705,Flamengo,Sao Paulo,0.6043613707165109,0.2749221183800623,0.12071651090342679,1,4,2,53,17,7,3,3,87,18,6,3,7,1,10,7,446,174,213,63,15,19,2,69,15,2,12,3,58,49,50,65,4,0,47,13,7,3,1,85,18,4,4,2,0,9,4,396,207,130,60,31,10,0,75,12,7,25,6,60,51,50,92,3,0
2020-11-01,Serie A,3288699,Sport Recife,Athletico Paranaense,0.46449136276391556,0.3723608445297505,0.16314779270633398,1,0,0,42,11,3,2,1,73,18,2,4,4,0,6,5,340,127,122,40,8,14,3,50,17,0,26,2,48,49,43,50,0,0,58,12,2,0,0,82,15,5,7,3,0,5,7,472,179,209,47,17,18,3,38,14,0,15,2,53,51,57,75,0,0
2020-11-01,Serie A,3288702,Santos FC,Bahia,0.6721105527638191,0.23869346733668342,0.08919597989949749,3,1,0,56,9,6,1,0,83,19,6,2,1,0,4,5,463,209,177,51,17,7,2,72,7,0,29,5,60,46,58,67,0,0,44,21,6,3,2,81,13,9,7,8,0,9,12,345,135,144,38,19,18,3,78,11,0,17,3,63,54,42,63,0,0
2020-11-01,Serie A,3288696,Goias,Vasco da Gama,0.41166936790923825,0.3549432739059968,0.233387358184765,1,1,1,46,19,10,4,3,77,16,2,4,5,1,11,8,354,146,127,56,30,18,2,73,2,4,18,0,59,48,64,88,5,0,54,7,1,0,0,81,20,6,2,4,0,4,3,401,161,165,56,15,29,5,47,10,5,26,9,52,52,36,57,7,0
2020-11-02,Serie A,3288703,Palmeiras,Atletico MG,0.5251497005988024,0.3437125748502994,0.1311377245508982,3,0,0,36,19,8,4,2,77,10,3,9,2,0,12,7,300,114,116,47,29,14,2,64,18,0,28,2,43,51,44,91,0,0,64,16,2,0,0,86,12,9,9,5,0,8,8,546,197,271,62,25,22,0,42,8,0,11,5,45,49,56,71,0,0
2020-11-02,Serie A,3288700,Gremio,Red Bull Bragantino,0.6160310277957337,0.286360698125404,0.09760827407886231,2,1,0,55,11,3,4,2,87,13,3,5,3,0,9,2,579,281,221,63,44,20,1,65,18,0,14,6,70,64,60,83,0,0,45,13,7,0,0,85,12,4,4,2,0,3,10,466,205,190,48,14,20,0,50,17,0,11,1,41,36,40,39,0,0
2020-11-07,Serie A,3288723,Athletico Paranaense,Fortaleza,0.46153846153846156,0.3367983367983368,0.20166320166320167,2,1,0,63,21,6,3,2,86,20,10,7,8,1,14,7,482,170,244,69,30,26,3,60,10,4,11,2,50,42,44,69,3,0,37,11,5,3,2,77,14,3,4,2,0,5,6,297,144,86,50,10,10,4,75,12,8,29,4,67,58,56,86,2,0
2020-11-07,Serie A,3288722,Sao Paulo,Goias,0.6748166259168704,0.23594132029339854,0.08924205378973105,2,1,0,65,20,9,1,0,85,9,10,6,5,0,13,7,503,162,268,59,14,24,1,67,10,2,14,2,62,62,51,56,2,0,35,8,3,1,0,70,19,2,3,2,0,5,3,272,99,91,40,18,22,1,64,9,5,33,7,44,38,49,50,0,1
2020-11-08,Serie A,3288706,Atletico GO,Corinthians,0.37650602409638556,0.32680722891566266,0.29668674698795183,1,1,1,46,16,5,1,1,73,22,7,7,4,0,9,7,339,100,149,45,32,19,2,75,13,0,23,1,69,63,43,75,0,0,54,6,2,2,1,76,25,3,3,1,0,5,1,421,151,168,31,14,22,2,55,10,0,22,4,54,37,57,33,0,0
2020-11-08,Serie A,3288724,Internacional,Coritiba,0.6878612716763006,0.22890173410404624,0.08323699421965318,2,2,1,59,12,4,0,0,89,9,9,3,5,0,10,2,526,216,251,54,22,24,0,63,6,2,17,1,53,49,37,57,2,1,41,10,3,2,2,83,13,3,5,2,1,4,6,369,178,128,50,27,16,2,54,9,4,28,2,63,51,63,47,3,0
2020-11-08,Serie A,3288693,Vasco da Gama,Palmeiras,0.27627627627627627,0.3228228228228228,0.4009009009009009,0,1,2,45,9,3,0,0,78,17,0,5,1,0,5,4,376,137,158,45,38,21,0,68,13,3,20,2,67,59,52,68,1,0,55,8,3,3,2,81,19,4,2,3,0,4,4,468,172,209,48,16,25,1,91,19,1,16,3,51,41,48,47,3,0
2020-11-08,Serie A,3288695,Atletico MG,Flamengo,0.3171247357293869,0.3382663847780127,0.34460887949260044,4,0,0,30,9,4,3,1,72,21,2,4,1,0,6,3,283,118,85,43,33,15,1,68,14,0,23,5,53,52,52,53,0,0,70,13,5,3,3,88,13,7,5,3,1,7,6,635,279,278,58,23,24,1,77,11,0,1,1,49,48,48,45,0,0
2020-11-08,Serie A,3288694,Bahia,Botafogo,0.5042735042735043,0.3311965811965812,0.16452991452991453,1,0,0,58,20,5,1,0,86,19,4,7,8,0,8,12,499,188,241,54,14,20,1,67,7,0,19,3,61,54,55,76,0,0,42,10,3,0,0,81,17,4,5,2,0,3,7,362,153,139,40,9,8,1,73,12,0,20,4,51,46,45,50,0,0
2020-11-08,Serie A,3288692,Red Bull Bragantino,Santos FC,0.31835205992509363,0.40262172284644193,0.27902621722846443,1,1,1,48,12,2,1,1,75,15,5,6,4,2,7,5,413,137,172,48,29,23,1,83,17,0,15,0,64,48,54,60,0,0,52,4,0,0,0,75,20,3,2,2,0,1,3,448,220,117,38,0,29,1,45,12,0,14,1,64,52,46,81,0,0
2020-11-08,Serie A,3288725,Ceara,Sport Recife,0.5802707930367504,0.29206963249516443,0.1276595744680851,0,0,1,54,25,6,0,0,84,17,9,12,7,1,11,14,441,131,241,62,20,23,4,81,11,0,10,0,52,49,46,82,0,0,46,3,0,0,0,76,13,1,2,1,0,2,1,392,166,133,33,14,24,0,85,16,0,24,6,57,51,54,63,0,0
2020-11-08,Serie A,3288711,Fluminense,Gremio,0.4762589928057554,0.3294964028776978,0.19424460431654678,0,1,2,59,12,4,0,0,86,12,4,3,5,0,8,4,569,245,246,67,50,16,1,75,10,0,7,3,53,46,72,55,0,0,41,13,4,2,1,82,13,5,7,2,0,8,5,396,141,184,53,18,15,2,68,15,0,9,4,48,54,28,69,0,0
2020-11-11,Serie A,3288677,Bahia,Fortaleza,0.5101058710298364,0.34937439846005774,0.14051973051010588,2,1,0,33,13,6,3,1,79,14,4,5,2,0,6,7,256,87,115,50,25,15,1,80,12,3,34,0,49,45,51,50,3,0,67,8,1,2,2,89,11,7,4,3,0,6,2,523,231,235,54,25,21,2,77,8,2,11,4,55,55,49,80,3,0
2020-11-14,Serie A,3288713,Santos FC,Internacional,0.4180064308681672,0.36977491961414793,0.21221864951768488,2,0,0,39,10,7,2,1,71,24,2,1,2,0,4,6,302,131,84,28,18,11,1,67,12,0,14,6,48,44,29,48,0,0,61,12,6,2,2,81,18,7,4,2,0,10,2,479,205,183,58,33,27,2,21,13,0,10,5,74,56,71,80,0,0
2020-11-14,Serie A,3288717,Sport Recife,Vasco da Gama,0.46673490276356194,0.3940634595701126,0.13920163766632548,0,2,2,64,13,3,0,0,83,14,4,5,5,0,9,4,573,226,247,41,23,24,2,61,11,5,13,2,62,48,64,61,0,0,36,14,4,2,0,79,21,2,5,5,0,11,3,328,119,139,47,29,22,1,79,19,5,38,3,59,52,36,69,2,0
2020-11-14,Serie A,3288726,Goias,Athletico Paranaense,0.3620689655172414,0.4170258620689655,0.2209051724137931,0,1,2,48,11,1,0,0,80,14,8,8,2,1,5,6,347,145,134,53,23,25,3,57,7,0,16,7,43,47,47,75,0,0,52,16,8,3,2,82,12,10,4,4,0,15,1,376,144,165,63,32,18,0,62,9,0,28,1,48,53,53,43,0,0
2020-11-14,Serie A,3288714,Corinthians,Atletico MG,0.41622574955908287,0.34832451499118167,0.23544973544973544,1,2,2,34,8,1,2,1,62,29,6,3,4,0,4,4,269,76,91,26,29,23,2,57,8,0,22,2,41,43,30,57,0,0,66,13,4,4,3,84,11,6,7,2,0,11,2,544,274,182,68,24,17,1,50,10,0,19,0,68,57,70,11,0,0
2020-11-14,Serie A,3288716,Fortaleza,Sao Paulo,0.2835314091680815,0.3777589134125637,0.3387096774193548,2,3,2,50,12,5,2,0,84,15,2,7,0,0,9,3,395,184,146,53,53,17,1,55,9,1,20,1,54,50,50,60,2,0,50,7,4,1,0,84,18,3,2,1,0,4,3,404,155,184,31,20,25,2,43,6,0,13,3,54,50,50,69,4,0
2020-11-14,Serie A,3288727,Gremio,Ceara,0.6342412451361867,0.2791828793774319,0.08657587548638132,4,2,0,61,16,7,3,1,90,8,3,4,5,0,8,8,749,392,283,52,31,15,1,67,8,0,16,1,57,55,65,65,0,0,39,11,3,1,1,85,14,4,6,2,0,7,4,473,166,235,50,20,17,0,40,12,0,10,3,41,45,35,60,0,0
2020-11-15,Serie A,3288739,Flamengo,Atletico GO,0.6836115326251897,0.23520485584218512,0.08118361153262518,1,1,1,66,20,7,2,1,88,15,11,9,4,1,12,8,559,224,270,63,34,20,1,25,11,1,14,4,48,51,52,64,2,0,34,10,5,0,0,78,16,4,4,1,0,6,4,293,92,136,52,13,19,2,80,10,5,20,5,46,49,48,85,1,0
2020-11-15,Serie A,3288718,Palmeiras,Fluminense,0.6347975882859603,0.26184323858742464,0.10335917312661498,2,0,0,51,9,5,2,1,84,15,3,2,2,0,6,3,455,208,175,58,11,17,3,59,17,0,22,5,51,40,50,67,0,0,49,15,5,0,0,85,8,5,8,2,0,7,8,440,205,169,58,24,14,3,67,7,0,10,3,68,60,50,67,0,0
2020-11-16,Serie A,3288712,Coritiba,Bahia,0.3859416445623342,0.40384615384615385,0.21021220159151194,1,2,2,53,16,2,3,2,88,12,7,8,6,0,7,9,451,210,189,62,12,11,1,71,7,0,11,3,37,50,50,69,0,0,47,15,5,0,0,86,12,5,6,4,0,10,5,401,153,193,60,22,20,1,63,10,0,22,1,37,50,50,69,0,0
2020-11-16,Serie A,3288715,Botafogo,Bragantino,0.4809489575844716,0.38892882818116464,0.13012221423436376,1,2,2,61,12,3,3,2,82,16,7,8,1,1,5,7,439,183,175,58,26,23,2,67,10,0,17,2,50,46,50,47,0,0,39,11,5,3,2,70,18,3,5,1,0,8,3,273,88,104,28,37,13,0,93,16,0,24,2,56,54,50,77,0,0
2020-11-18,Serie A,3288571,Atletico MG,Athletico Paranaense,0.653555219364599,0.2405446293494705,0.1059001512859304,0,2,2,64,21,6,0,0,87,8,9,8,7,0,9,12,550,252,228,60,22,22,1,88,17,0,6,4,52,55,44,52,0,0,36,10,6,0,0,76,24,1,3,1,0,5,5,317,134,107,52,20,11,1,39,4,0,38,6,46,45,56,64,0,0
2020-11-19,Serie A,3288665,Vasco da Gama,Fortaleza,0.5698545614808286,0.2957249889819304,0.13442044953724108,0,0,1,48,12,5,1,1,83,11,4,4,3,0,9,3,358,154,142,44,30,21,1,44,13,7,33,5,51,54,50,55,2,0,52,18,5,1,1,82,20,11,6,7,0,11,7,394,122,202,45,15,16,1,73,10,3,25,5,46,46,50,64,0,0
2020-11-20,Serie A,3288732,Bragantino,Bahia,0.4582043343653251,0.3797729618163055,0.16202270381836945,4,0,0,52,12,7,3,1,88,16,5,3,2,0,9,3,444,225,166,51,17,11,0,62,13,0,27,1,52,56,56,57,0,0,48,8,1,0,0,83,13,9,4,3,0,6,2,383,180,136,36,25,19,0,67,7,0,9,3,41,44,44,38,0,0
2020-11-21,Serie A,3288735,Athletico Paranaense,Santos FC,0.4181091877496671,0.3355525965379494,0.24633821571238348,1,0,0,60,13,4,2,2,85,22,9,5,4,0,7,6,525,271,174,58,33,16,2,60,10,0,14,4,61,46,69,60,0,0,40,5,4,1,1,82,13,2,1,0,0,4,1,344,170,112,51,15,13,1,73,22,0,16,3,55,54,31,67,0,0
2020-11-21,Serie A,3288731,Flamengo,Coritiba,0.6992230854605993,0.21975582685904552,0.08102108768035517,3,1,0,62,23,9,11,10,88,16,4,10,4,2,17,6,656,268,312,62,42,16,0,63,10,3,10,0,60,55,40,73,1,0,38,6,1,0,0,82,18,4,2,3,0,4,2,402,204,125,63,15,13,1,83,9,4,12,6,57,45,60,55,3,0
2020-11-22,Serie A,3288736,Goias,Palmeiras,0.26322751322751325,0.3373015873015873,0.3994708994708995,1,0,0,60,8,2,0,0,86,20,1,6,0,0,3,5,487,213,204,55,20,21,1,38,9,0,16,3,52,46,47,58,0,0,40,14,3,0,0,74,15,4,8,3,0,6,8,334,136,110,36,15,14,1,50,9,0,15,1,60,54,53,56,0,0
2020-11-22,Serie A,3288734,Ceara,Atletico MG,0.3160690571049137,0.37715803452855245,0.30677290836653387,2,2,1,47,11,5,3,1,79,11,2,6,0,0,8,3,400,131,184,41,29,13,2,55,16,0,21,2,36,38,35,47,0,0,53,18,4,2,0,83,12,7,8,6,0,10,8,455,216,160,42,22,14,1,50,15,0,14,3,61,62,65,68,0,0
2020-11-22,Serie A,3288737,Sao Paulo,Vasco da Gama,0.6967294350842418,0.22398414271555997,0.07928642220019821,1,1,1,70,17,5,1,1,88,7,7,8,4,0,8,9,685,252,349,59,18,27,2,36,7,1,12,2,54,59,61,55,2,0,30,6,3,2,1,72,19,4,2,1,0,5,1,298,121,93,42,10,12,2,61,14,4,31,4,37,41,39,60,4,0
2020-11-22,Serie A,3288730,Botafogo,Fortaleza,0.47884940778341795,0.3587140439932318,0.16243654822335024,1,2,2,59,19,6,1,1,87,18,7,6,7,0,9,10,481,161,259,53,13,26,3,33,9,0,11,4,46,46,36,60,0,0,41,11,6,2,1,78,15,5,2,3,0,9,2,355,160,117,43,40,8,2,57,9,0,35,5,61,54,64,59,0,0
2020-11-22,Serie A,3288738,Internacional,Fluminense,0.6125166444740346,0.26764314247669774,0.11984021304926765,1,2,2,50,13,4,1,0,80,20,4,7,2,0,6,7,454,170,195,50,14,18,1,69,12,0,16,0,57,45,47,50,0,0,50,7,2,1,0,80,20,4,3,2,0,2,5,455,221,145,45,0,12,0,82,18,0,23,3,68,55,53,65,0,0
2020-11-22,Serie A,3288733,Corinthians,Gremio,0.37459978655282816,0.35005336179295626,0.2753468516542156,0,0,1,32,7,1,0,0,74,12,4,3,3,0,4,3,300,106,117,36,30,8,3,81,13,0,22,3,61,62,37,75,0,0,68,15,3,1,1,91,14,12,7,5,0,8,7,618,279,286,65,19,18,1,70,9,0,16,2,55,38,63,50,0,0
2020-11-23,Serie A,3288729,Sport Recife,Atletico GO,0.47746781115879827,0.3648068669527897,0.157725321888412,0,1,2,63,11,1,0,0,85,17,10,5,5,0,6,5,431,159,206,53,20,20,1,47,11,0,15,3,54,49,52,53,0,0,37,12,4,2,1,77,16,5,6,2,0,9,3,260,99,102,55,41,12,2,79,17,0,36,1,54,51,48,57,0,0
2020-11-25,Serie A,3288672,Ceara,Sao Paulo,0.2390158172231986,0.3989455184534271,0.36203866432337434,1,1,1,32,11,6,3,2,77,20,5,3,2,0,9,2,303,89,143,43,46,20,2,53,21,6,19,3,47,49,45,45,5,0,68,18,4,2,1,89,13,5,8,6,0,8,10,659,327,260,50,19,12,1,89,11,2,10,5,51,51,55,82,3,0
2020-11-26,Serie A,3288740,Atletico MG,Botafogo,0.67601246105919,0.23260643821391486,0.09138110072689512,2,1,0,54,11,6,4,2,88,25,10,5,0,0,9,2,463,247,160,39,38,13,2,55,15,0,8,2,51,49,60,53,0,0,46,4,3,1,0,82,19,2,1,0,0,3,1,397,232,92,44,43,15,4,69,7,0,12,4,48,51,40,50,0,0
2020-11-26,Serie A,3288743,Coritiba,Corinthians,0.33197278911564626,0.3727891156462585,0.29523809523809524,0,1,2,53,11,3,1,1,82,13,4,6,2,0,6,5,462,194,183,60,28,19,1,91,13,0,17,1,60,60,47,31,0,0,47,11,2,3,2,78,25,3,5,4,0,8,3,418,151,177,39,18,18,2,73,14,0,20,3,50,40,53,45,0,0
2020-11-26,Serie A,3288753,Fortaleza,Goias,0.6457345971563981,0.2334123222748815,0.12085308056872038,1,1,1,70,15,8,3,2,88,17,2,6,1,0,10,5,619,206,339,75,17,12,3,50,7,0,9,0,63,54,69,71,0,0,30,6,1,1,0,68,19,0,3,2,0,3,3,266,115,67,29,33,8,0,64,12,0,21,7,43,46,31,70,0,0
2020-11-28,Serie A,3288755,Palmeiras,Athletico Paranaense,0.6508313539192399,0.24346793349168647,0.10570071258907364,3,0,0,58,22,8,5,3,87,16,10,11,3,1,14,8,470,213,197,63,34,19,4,91,11,0,5,1,50,50,59,79,0,0,42,4,1,1,1,78,15,1,3,0,0,3,1,354,185,90,36,20,17,2,64,10,0,16,5,46,50,41,73,0,0
2020-11-28,Serie A,3288756,Santos FC,Sport Recife,0.6807511737089202,0.23317683881064163,0.08607198748043818,4,2,0,59,11,5,4,0,86,17,5,4,2,0,4,7,421,182,182,43,20,11,3,55,7,0,11,1,52,50,59,40,0,0,41,9,3,2,0,77,24,4,2,4,0,3,6,293,104,123,32,23,13,0,43,12,0,8,1,47,50,41,67,0,0
2020-11-28,Serie A,3288741,Bahia,Sao Paulo,0.2871287128712871,0.3592644978783593,0.3536067892503536,1,3,2,37,17,6,0,0,81,12,5,6,5,1,10,7,351,123,163,42,33,18,1,43,10,4,31,5,39,45,47,57,0,0,63,17,8,4,3,90,15,9,4,5,0,10,7,597,325,215,48,24,14,1,56,19,5,15,5,46,55,53,89,2,0
2020-11-29,Serie A,3288757,Atletico GO,Internacional,0.3738819320214669,0.3613595706618962,0.26475849731663686,0,0,1,42,9,0,0,0,75,19,8,3,6,0,2,7,283,98,113,35,0,15,5,67,8,0,21,6,47,48,38,56,0,0,58,16,6,1,1,84,18,9,7,3,0,8,8,400,168,166,52,19,11,4,64,15,0,25,0,57,52,62,80,0,0
2020-11-30,Serie A,3288570,Gremio,Goias,0.5980471928397071,0.30268510984540276,0.09926769731489016,2,1,0,66,26,10,3,1,91,15,8,12,4,1,16,10,680,235,383,67,40,16,2,83,14,0,9,1,55,53,43,62,0,0,34,5,2,2,1,82,17,1,2,1,1,5,0,353,151,138,58,22,15,1,50,14,0,19,8,54,47,57,78,0,0
2020-11-30,Serie A,3288754,Vasco da Gama,Ceara,0.49562363238512036,0.3785557986870897,0.12582056892778992,1,4,2,68,12,4,1,0,85,15,9,7,1,0,6,6,486,203,212,61,14,16,1,56,12,1,14,2,48,50,53,35,3,0,32,11,6,5,2,65,18,3,4,1,0,10,1,230,58,92,34,25,9,3,53,7,1,35,3,46,50,47,57,2,0
2020-11-30,Serie A,3288742,Fluminense,Bragantino,0.5279755849440488,0.32655137334689727,0.14547304170905392,0,0,1,46,7,1,0,0,80,15,5,3,3,0,3,4,361,178,110,39,0,13,4,88,12,0,13,4,56,49,45,47,0,0,54,11,4,0,0,80,21,5,3,4,0,3,8,434,164,183,48,19,21,0,56,11,0,21,1,61,51,55,44,0,0
2020-12-03,Serie A,3288748,Fortaleza,Corinthians,0.4169934640522876,0.2980392156862745,0.2849673202614379,0,0,1,45,13,5,0,0,78,12,3,5,3,0,6,7,343,108,159,70,21,15,2,67,8,0,25,5,62,60,57,64,0,0,55,9,4,1,1,81,15,4,3,2,0,4,5,412,103,231,42,9,16,0,44,11,0,16,5,43,40,43,50,0,0
2020-12-03,Serie A,3288719,Goias,Sao Paulo,0.2808378588052754,0.38906128782001553,0.33010085337470907,0,3,2,41,9,3,1,1,76,16,2,4,2,0,3,6,324,117,129,45,29,18,0,69,12,3,18,3,47,47,46,57,3,0,59,15,6,3,1,85,19,9,6,3,0,7,8,466,242,152,46,38,18,1,46,9,2,21,3,53,53,54,60,0,0
2020-12-05,Serie A,3288752,Botafogo,Flamengo,0.25485436893203883,0.33737864077669905,0.4077669902912621,0,1,2,34,13,3,1,1,74,16,5,4,6,0,6,7,293,118,98,41,20,17,0,63,11,8,23,1,72,58,59,86,1,1,66,14,3,0,0,90,26,7,4,7,0,7,7,569,154,357,56,28,11,0,80,9,6,15,3,51,42,41,54,1,1
2020-12-05,Serie A,3288750,Santos FC,Palmeiras,0.4164305949008499,0.31444759206798867,0.26912181303116145,2,2,1,60,15,5,2,1,81,14,8,8,2,0,8,7,386,178,133,39,31,12,2,63,10,0,13,3,60,54,55,68,0,0,40,11,5,2,1,70,16,7,3,3,0,6,5,263,98,85,29,17,8,0,64,13,0,20,3,50,46,45,89,0,0
2020-12-05,Serie A,3288744,Bahia,Ceara,0.5034965034965035,0.29603729603729606,0.20046620046620048,0,2,2,53,9,2,1,1,83,12,6,5,2,0,5,4,450,210,165,33,13,20,1,64,11,0,14,3,48,48,41,55,0,0,47,11,5,3,1,86,17,4,4,2,0,8,3,412,158,198,54,22,9,1,80,13,0,30,2,58,52,59,65,0,0
2020-12-05,Serie A,3288745,Fluminense,Athletico Paranaense,0.5741176470588235,0.2823529411764706,0.14352941176470588,3,1,0,69,27,13,4,3,88,16,15,8,6,0,19,8,578,237,272,62,22,10,2,64,8,0,4,0,60,61,50,83,0,0,31,5,1,0,0,74,18,2,2,2,0,4,1,254,90,97,50,36,7,0,64,11,0,24,9,43,39,50,33,0,0
2020-12-06,Serie A,3288749,Coritiba,Bragantino,0.41379310344827586,0.3333333333333333,0.25287356321839083,0,0,1,43,9,3,0,0,70,17,3,3,3,0,2,7,334,131,104,42,13,24,2,64,10,0,25,5,71,59,43,84,0,0,57,23,5,1,1,79,26,12,13,5,0,9,14,423,119,216,41,24,14,0,56,6,0,20,3,59,41,57,69,0,0
2020-12-06,Serie A,3288751,Gremio,Vasco da Gama,0.6212534059945504,0.26975476839237056,0.10899182561307902,4,0,0,60,22,10,4,3,89,9,5,9,3,2,10,12,604,229,310,67,36,17,1,64,13,1,13,3,49,47,67,68,2,0,40,6,3,0,0,85,8,3,2,1,0,1,5,408,192,155,51,0,16,1,67,6,4,15,5,47,53,33,67,1,0
2020-12-06,Serie A,3288746,Sao Paulo,Sport Recife,0.7144495412844036,0.19724770642201836,0.08830275229357798,1,0,0,63,13,7,4,4,89,17,11,4,2,0,7,6,647,245,333,69,14,20,0,56,10,0,14,0,47,48,55,69,4,0,37,4,0,0,0,79,17,1,4,0,0,2,2,381,192,109,51,23,16,3,60,9,2,32,6,48,52,45,81,4,0
2020-12-06,Serie A,3288747,Atletico MG,Internacional,0.5544827586206896,0.2813793103448276,0.16413793103448276,2,2,1,64,9,2,2,1,86,18,3,6,1,0,4,5,584,315,187,59,50,17,4,90,10,0,17,1,43,38,71,43,0,0,36,10,3,2,0,76,14,4,4,3,0,6,4,315,129,111,41,17,21,5,71,16,0,14,1,50,62,29,67,0,0
2020-12-07,Serie A,3288758,Atletico GO,Goias,0.5612033195020747,0.3070539419087137,0.13174273858921162,0,1,2,67,12,3,1,1,86,17,15,4,5,1,6,6,421,147,214,67,5,29,4,69,8,0,13,1,56,55,37,38,0,0,33,10,2,1,0,64,21,1,7,1,0,5,5,207,71,61,44,40,17,2,61,9,0,29,3,59,45,63,43,0,0
2020-12-10,Serie A,3288681,Sao Paulo,Botafogo,0.7079646017699115,0.21560740144810941,0.07642799678197908,4,0,0,66,31,14,4,2,90,12,12,13,4,2,18,13,646,174,409,58,35,14,1,89,5,1,2,1,44,52,58,74,0,0,34,8,1,1,1,80,8,0,6,1,0,4,4,353,165,119,47,0,8,0,89,10,3,26,10,38,48,42,67,2,1
2020-12-12,Serie A,3288774,Athletico Paranaense,Atletico MG,0.35294117647058826,0.32909379968203495,0.3179650238473768,0,1,2,43,16,5,1,1,79,20,5,8,3,0,9,7,353,163,117,50,41,23,4,56,9,0,20,2,43,44,67,60,0,0,57,10,3,1,1,86,13,3,5,2,0,5,5,488,292,129,53,19,17,4,60,7,0,12,5,43,56,33,75,0,0
2020-12-12,Serie A,3288770,Bragantino,Fortaleza,0.5073529411764706,0.34375,0.1488970588235294,2,1,0,52,14,7,2,1,83,17,2,6,1,0,5,9,420,155,193,54,33,12,0,50,15,0,15,4,51,37,57,38,0,0,48,13,5,2,1,75,18,5,6,2,1,6,7,388,172,118,48,25,18,2,43,6,0,9,5,68,63,43,74,0,0
2020-12-12,Serie A,3288761,Internacional,Botafogo,0.6925329428989752,0.232796486090776,0.0746705710102489,2,1,0,49,12,3,3,1,82,23,4,7,2,2,11,1,416,156,186,67,30,11,0,40,9,0,14,1,56,46,62,62,0,0,51,12,2,2,1,84,19,6,7,3,0,4,8,445,212,162,48,19,6,0,38,13,0,13,1,53,54,38,43,0,0
2020-12-12,Serie A,3288772,Palmeiras,Bahia,0.6686303387334315,0.2547864506627393,0.07658321060382917,3,0,0,60,15,7,3,1,88,11,8,3,5,1,7,8,511,246,205,55,15,8,4,75,18,0,20,8,49,59,63,70,0,0,40,18,7,1,1,85,20,7,6,5,0,6,12,343,159,132,58,17,14,1,63,9,0,21,4,33,41,37,58,0,0
2020-12-13,Serie A,3288769,Ceara,Atletico GO,0.5802197802197803,0.3032967032967033,0.11648351648351649,1,2,2,40,8,3,2,2,76,13,2,4,1,0,6,2,344,134,128,44,33,14,3,81,14,0,17,4,56,51,55,56,0,0,60,12,6,3,2,83,15,8,1,5,0,7,5,500,235,180,61,17,26,2,50,7,0,8,2,52,49,45,61,0,0
2020-12-13,Serie A,3288773,Goias,Gremio,0.2602965403624382,0.34596375617792424,0.39373970345963755,0,0,1,40,12,2,0,0,74,12,4,6,4,0,4,8,298,102,118,51,38,10,0,53,22,0,26,5,57,41,66,56,0,0,60,17,5,1,1,81,10,9,8,4,0,11,6,446,86,274,36,24,18,2,59,10,0,11,2,62,59,34,69,0,0
2020-12-13,Serie A,3288763,Flamengo,Santos FC,0.562560620756547,0.2870999030067895,0.15033947623666344,4,1,0,56,12,4,5,1,87,12,6,8,0,2,11,1,457,191,206,77,18,13,3,54,10,0,16,2,54,53,88,76,2,0,44,6,3,1,0,82,11,4,3,0,0,2,4,366,195,106,32,19,13,2,69,13,0,17,0,36,47,12,83,1,0
2020-12-13,Serie A,3288762,Corinthians,Sao Paulo,0.2942830365510778,0.34957825679475163,0.3561387066541706,1,0,0,38,14,5,1,1,70,12,4,7,2,0,7,7,313,92,128,37,15,22,0,64,15,7,22,6,59,55,47,67,0,0,62,17,6,0,0,83,8,5,4,7,0,6,11,501,238,180,44,40,29,1,77,13,2,17,4,55,45,53,44,1,0
2020-12-13,Serie A,3288771,Sport Recife,Coritiba,0.5130641330166271,0.3847980997624703,0.1021377672209026,1,0,0,54,20,6,5,4,85,20,7,9,5,1,11,9,447,202,178,41,23,20,0,59,8,0,18,3,55,48,53,64,0,0,46,14,3,1,1,82,14,6,6,5,1,5,9,373,160,144,38,21,22,0,67,7,0,23,5,57,53,47,38,0,0
2020-12-13,Serie A,3288760,Vasco da Gama,Fluminense,0.35714285714285715,0.37755102040816324,0.2653061224489796,1,1,1,44,20,4,1,0,84,21,4,9,7,1,10,10,404,160,180,60,30,15,1,75,8,0,14,3,55,52,54,70,6,0,56,10,4,2,1,86,14,2,6,0,0,8,2,518,292,156,42,25,7,0,46,14,5,17,3,50,48,46,57,2,0
2020-12-17,Serie A,3288768,Atletico GO,Fluminense,0.41156462585034015,0.35374149659863946,0.23469387755102042,2,1,0,39,11,5,3,1,79,17,11,3,3,0,5,6,278,129,90,47,9,27,0,40,5,2,14,1,52,55,48,50,3,0,61,5,2,1,0,86,18,6,1,2,0,4,1,453,236,152,49,22,10,0,62,10,3,20,3,46,45,52,50,4,0
2020-12-17,Serie A,3288764,Sao Paulo,Atletico MG,0.6199596774193549,0.25,0.13004032258064516,3,0,0,48,17,7,1,0,82,9,5,7,3,0,7,10,485,212,187,45,24,23,3,68,12,5,14,6,52,67,67,65,2,0,52,14,6,0,0,86,10,3,3,5,1,4,10,533,231,227,50,19,27,3,50,18,3,13,4,26,33,33,29,2,1
2020-12-19,Serie A,3288775,Sport Recife,Gremio,0.32131147540983607,0.3655737704918033,0.31311475409836065,1,1,1,43,9,2,1,0,85,21,3,5,2,0,5,4,402,134,209,60,27,13,2,64,10,0,28,0,43,36,73,20,0,0,57,13,1,1,0,87,9,7,5,7,0,7,6,518,120,333,50,20,19,2,71,4,0,7,1,50,64,27,63,0,0
2020-12-20,Serie A,3288767,Coritiba,Botafogo,0.4935897435897436,0.31837606837606836,0.18803418803418803,1,2,2,45,10,4,5,4,80,14,4,6,0,0,6,4,344,126,148,51,21,21,2,61,13,0,28,2,67,59,56,76,0,0,55,18,3,1,0,88,18,11,5,10,0,9,9,409,188,172,59,27,17,2,73,6,0,12,3,48,41,44,52,0,0
2020-12-20,Serie A,3288766,Internacional,Palmeiras,0.44476744186046513,0.3081395348837209,0.24709302325581395,2,0,0,42,12,4,2,0,76,13,4,3,5,0,9,3,327,120,128,30,33,12,1,48,19,0,24,0,76,60,52,85,0,0,58,13,0,0,0,81,23,8,10,3,0,6,7,440,164,191,65,10,25,1,73,8,0,14,2,57,40,48,53,0,0
2020-12-20,Serie A,3288790,Bragantino,Athletico Paranaense,0.5368589743589743,0.32532051282051283,0.13782051282051283,0,1,2,70,21,6,0,0,84,8,17,10,5,0,10,11,506,169,258,63,22,29,6,64,4,0,2,0,55,64,57,53,0,0,30,4,1,2,1,65,17,4,2,1,1,2,2,223,101,45,35,33,11,6,64,12,0,38,6,34,36,43,33,0,0
2020-12-20,Serie A,3288765,Vasco da Gama,Santos FC,0.3116279069767442,0.3643410852713178,0.324031007751938,1,0,0,36,4,2,2,1,73,26,1,1,1,0,3,1,255,101,86,53,29,18,0,47,11,5,24,5,63,44,52,48,2,0,64,18,5,1,1,86,15,2,8,5,0,8,10,453,174,215,56,14,24,1,67,12,1,4,1,72,56,48,56,0,0
2020-12-20,Serie A,3288776,Flamengo,Bahia,0.6866515837104072,0.2341628959276018,0.07918552036199095,4,3,0,48,16,5,6,3,85,17,7,5,6,1,12,4,379,155,169,52,43,7,2,91,11,9,13,3,59,47,64,53,1,1,52,17,6,0,0,89,22,8,2,9,0,11,6,396,159,194,68,22,13,1,57,10,5,11,1,56,53,36,77,3,1
2020-12-20,Serie A,3288789,Fortaleza,Ceara,0.4888888888888889,0.3418803418803419,0.16923076923076924,0,2,2,61,10,0,1,1,83,18,5,6,4,0,4,6,402,164,168,63,24,7,0,92,6,0,7,3,73,61,65,78,0,0,39,6,5,1,1,76,17,1,1,0,0,4,2,266,94,109,31,25,15,0,50,9,0,32,0,44,39,35,56,0,0
2020-12-21,Serie A,3288788,Corinthians,Goias,0.6326241134751773,0.2645390070921986,0.10283687943262411,2,1,0,64,19,6,3,2,84,11,12,10,3,2,13,6,537,192,261,53,17,19,5,42,20,0,14,6,51,56,31,56,0,0,36,17,7,3,2,76,15,4,6,4,1,11,6,304,70,160,58,32,15,2,31,20,0,26,4,61,44,69,50,0,0
2020-12-26,Serie A,3288780,Atletico MG,Coritiba,0.6555965559655597,0.25830258302583026,0.08610086100861009,2,0,0,71,25,9,2,2,93,15,13,7,9,1,13,12,664,196,422,86,26,12,0,53,6,0,6,3,48,52,58,56,0,0,29,7,3,2,2,83,13,3,4,0,0,5,2,277,141,88,47,18,5,2,70,5,0,37,7,42,48,42,64,0,0
2020-12-26,Serie A,3288787,Fortaleza,Flamengo,0.22458357265939116,0.36128661688684666,0.4141298104537622,0,0,1,37,11,4,0,0,80,22,4,6,1,0,3,8,293,80,154,69,16,18,1,71,11,4,27,2,60,43,67,50,3,0,63,13,2,4,4,86,14,4,6,5,0,5,8,519,130,318,67,13,20,0,68,11,1,19,4,59,57,33,70,3,0
2020-12-26,Serie A,3288781,Goias,Sport Recife,0.446611909650924,0.3737166324435318,0.17967145790554415,1,0,0,39,10,3,0,0,70,22,4,6,1,0,8,2,315,126,93,41,40,12,0,53,20,0,20,4,65,51,57,43,0,0,61,16,4,0,0,78,18,5,6,6,0,8,8,500,200,192,49,36,13,4,79,10,0,7,2,56,49,43,20,0,0
2020-12-27,Serie A,3288785,Fluminense,Sao Paulo,0.29120111731843573,0.3645251396648045,0.3442737430167598,1,2,2,42,8,1,0,0,82,17,0,7,0,0,5,3,401,211,116,60,23,13,0,52,13,6,16,3,62,53,72,38,3,0,58,12,5,3,1,87,22,2,1,6,0,7,5,579,266,238,42,8,14,0,61,13,0,12,0,49,47,28,58,1,0
2020-12-27,Serie A,3288782,Bahia,Internacional,0.29359430604982206,0.4211150652431791,0.28529062870699884,1,2,2,52,14,3,1,1,78,18,6,9,2,0,8,6,377,137,157,33,21,13,0,55,14,0,19,8,78,57,50,80,0,0,48,15,10,6,5,79,12,7,2,3,0,11,4,357,125,158,48,30,17,2,50,14,0,23,2,63,43,50,58,0,0
2020-12-27,Serie A,3288783,Botafogo,Corinthians,0.3227762803234501,0.408355795148248,0.2688679245283019,0,2,2,46,11,1,0,0,79,19,2,9,1,0,7,4,451,224,131,58,38,14,2,55,16,0,28,4,55,48,56,67,0,0,54,13,6,2,1,81,20,7,4,3,0,8,5,508,178,234,38,11,16,2,70,25,0,15,1,54,52,44,67,0,0
2020-12-27,Serie A,3288786,Athletico Paranaense,Vasco da Gama,0.5067506750675067,0.37173717371737175,0.12151215121512152,3,0,0,56,16,8,3,2,88,14,6,6,2,0,6,10,480,253,170,70,27,25,1,67,7,1,13,4,40,46,43,54,0,0,44,12,4,2,2,84,11,5,6,2,0,7,5,373,203,112,67,26,23,3,89,9,2,11,5,49,54,57,78,1,0
2020-12-27,Serie A,3288784,Palmeiras,Bragantino,0.6126302083333334,0.29296875,0.09440104166666667,1,0,0,41,6,1,1,0,80,10,5,5,0,1,3,3,343,175,101,48,15,16,1,44,12,0,29,2,31,36,54,38,0,0,59,20,2,1,1,85,6,8,10,8,2,11,9,486,205,207,49,24,12,1,75,13,0,8,0,43,64,46,79,0,0
2020-12-27,Serie A,3288779,Santos FC,Ceara,0.5687679083094556,0.335243553008596,0.09598853868194843,1,1,1,65,11,5,0,0,87,15,11,2,4,0,5,6,473,224,187,63,12,19,2,82,15,0,6,3,53,51,25,55,0,0,35,11,4,4,3,72,24,2,5,2,0,8,3,263,73,117,45,42,10,1,64,9,0,26,4,65,49,75,80,0,0
2020-12-27,Serie A,3288778,Gremio,Atletico GO,0.6051159072741806,0.293365307753797,0.10151878497202238,2,1,0,45,10,4,1,0,80,11,5,4,2,0,6,4,404,138,187,45,17,13,1,78,7,0,26,1,60,47,71,50,0,0,55,9,2,1,0,85,15,9,5,2,0,4,5,480,193,215,52,9,14,1,57,7,0,16,3,44,53,29,64,0,0
2021-01-06,Serie A,3288799,Botafogo,Athletico Paranaense,0.430635838150289,0.35934489402697495,0.21001926782273603,0,2,2,61,24,8,2,2,88,14,3,10,6,0,17,7,506,205,241,71,36,25,4,83,3,0,10,2,56,50,61,69,0,0,39,8,4,4,2,79,21,3,4,0,1,8,0,329,165,94,47,20,9,1,73,19,0,33,8,48,50,39,75,0,0
2021-01-06,Serie A,3288800,Gremio,Bahia,0.6438906752411575,0.2596463022508039,0.09646302250803858,2,1,0,49,11,2,0,0,84,11,3,4,5,0,4,7,407,124,216,55,20,9,0,42,16,0,23,4,46,47,50,70,0,0,51,17,5,1,1,83,17,10,8,4,0,8,9,419,153,194,66,40,19,1,40,8,0,9,0,50,53,50,94,0,0
2021-01-06,Serie A,3288797,Coritiba,Goias,0.48394495412844035,0.35894495412844035,0.15711009174311927,1,2,2,57,16,2,1,1,82,13,6,11,3,0,6,10,467,146,239,62,16,19,2,19,15,0,11,3,66,56,57,33,0,0,43,11,5,2,1,72,17,4,2,4,0,9,2,359,114,144,37,15,20,2,43,8,0,26,1,51,44,43,40,0,0
2021-01-06,Serie A,3288798,Sport Recife,Fortaleza,0.45823389021479716,0.36754176610978523,0.17422434367541767,1,0,0,35,6,1,1,1,74,14,4,2,3,0,4,2,269,103,96,44,8,10,0,71,19,0,43,1,43,47,35,58,0,0,65,17,1,0,0,86,12,8,9,7,0,9,8,491,123,299,61,13,22,1,43,13,0,18,0,56,53,65,60,0,0
2021-01-07,Serie A,3288777,Flamengo,Fluminense,0.6580732700135685,0.25576662143826323,0.08616010854816825,1,2,2,72,19,8,7,6,86,12,11,7,4,1,12,7,672,191,388,56,23,14,0,60,15,2,12,3,68,60,58,80,1,0,28,11,5,2,0,69,22,4,4,2,1,9,2,258,99,80,43,13,18,2,60,15,4,27,7,46,40,42,53,4,0
2021-01-07,Serie A,3288792,Red Bull Bragantino,Sao Paulo,0.28076379066478074,0.38330975954738333,0.3359264497878359,4,2,0,48,23,10,5,2,86,17,4,11,2,1,15,8,458,176,218,54,36,23,0,55,9,2,12,3,42,50,41,59,2,0,52,8,4,2,0,87,4,5,2,2,0,3,5,493,283,144,47,28,20,3,67,13,1,6,6,46,50,59,53,2,1
2021-01-07,Serie A,3288801,Ceara,Internacional,0.33487031700288183,0.38962536023054756,0.2755043227665706,0,2,2,60,19,6,1,1,87,18,7,6,7,0,11,8,495,208,221,53,22,13,0,59,8,0,14,1,58,57,58,73,0,0,40,8,3,2,1,80,16,4,3,2,0,5,3,328,124,138,42,31,12,0,67,12,0,14,5,44,43,42,25,0,0
2021-01-08,Serie A,3288791,Atletico GO,Vasco da Gama,0.5035074045206547,0.3328137178487919,0.1636788776305534,0,0,1,44,8,3,2,2,74,19,3,4,1,0,6,2,339,151,100,55,8,18,2,36,15,3,21,6,58,54,53,69,3,0,56,15,6,1,1,82,17,4,6,3,0,6,9,423,175,173,48,9,21,2,50,17,2,13,2,50,46,47,69,2,0
2021-01-09,Serie A,3288807,Coritiba,Athletico Paranaense,0.30656934306569344,0.3594890510948905,0.33394160583941607,0,0,1,41,13,2,0,0,82,11,3,8,3,1,4,9,389,182,138,63,13,26,0,57,11,0,21,1,38,56,44,57,0,0,59,3,1,0,0,86,10,2,1,1,0,0,3,584,307,198,61,0,20,0,60,14,0,21,2,33,44,56,29,0,0
2021-01-09,Serie A,3288794,Sport Recife,Palmeiras,0.2126099706744868,0.36070381231671556,0.42668621700879766,0,1,2,59,11,5,0,0,85,15,7,4,2,0,7,4,518,209,232,42,21,24,2,63,12,0,16,3,57,48,48,63,0,0,41,12,4,3,2,76,21,6,6,2,2,4,8,366,144,135,36,5,14,2,71,9,0,28,5,61,52,52,79,0,0
2021-01-10,Serie A,3288805,Fortaleza,Gremio,0.2657856093979442,0.36270190895741555,0.37151248164464024,0,0,1,54,14,5,0,0,85,17,4,4,5,0,9,5,447,172,206,66,15,14,3,55,10,0,15,2,52,47,67,60,0,0,46,11,3,1,1,83,12,5,4,4,0,6,5,366,92,211,36,15,8,1,90,17,0,15,5,44,53,33,78,0,0
2021-01-10,Serie A,3288808,Flamengo,Ceara,0.6334120425029516,0.2715466351829988,0.09504132231404959,0,2,2,74,21,5,4,4,90,10,6,12,4,0,14,7,675,167,441,83,21,16,3,61,10,3,3,2,63,57,56,67,3,0,26,8,4,0,0,72,12,1,1,3,0,5,3,233,70,98,45,29,16,0,53,19,4,30,5,48,43,44,29,1,0
2021-01-10,Serie A,3288793,Sao Paulo,Santos FC,0.5887445887445888,0.287569573283859,0.12368583797155226,0,1,2,69,26,5,2,2,89,19,8,14,7,0,14,12,531,179,294,68,24,19,0,100,3,4,4,1,61,48,53,61,2,0,31,7,2,0,0,67,21,3,1,4,1,3,4,249,97,71,29,14,14,0,67,12,7,22,5,63,52,48,69,4,0
2021-01-10,Serie A,3288806,Atletico GO,Bahia,0.5206422018348624,0.3360091743119266,0.143348623853211,1,1,1,42,13,6,1,1,76,20,6,4,3,0,8,5,301,81,147,55,40,19,3,71,5,0,15,3,59,45,44,43,0,0,58,16,4,3,2,84,18,6,4,8,0,11,5,424,177,180,45,24,13,1,67,10,0,15,5,74,55,56,57,0,0
2021-01-10,Serie A,3288809,Internacional,Goias,0.6120527306967984,0.2806026365348399,0.10734463276836158,1,0,0,41,10,3,1,0,79,14,6,5,2,0,6,4,332,88,173,46,19,15,2,47,13,0,29,4,55,44,40,40,0,0,59,14,4,2,2,81,14,2,5,5,0,11,3,479,182,205,52,21,17,1,52,10,0,22,2,76,56,60,56,0,0
2021-01-10,Serie A,3288795,Vasco da Gama,Botafogo,0.5603070175438597,0.31469298245614036,0.125,3,0,0,50,18,7,5,3,82,11,6,4,7,0,13,5,465,185,198,38,30,17,0,62,6,3,18,4,63,53,46,67,1,0,50,12,5,2,2,84,13,3,5,2,0,8,4,458,173,212,51,22,20,4,57,10,8,19,3,60,47,54,42,0,0
2021-01-11,Serie A,3288804,Bragantino,Atletico MG,0.33238027162258754,0.39385275196568975,0.27376697641172265,2,2,1,44,11,4,2,1,79,15,6,2,5,0,7,4,390,191,118,45,21,20,0,63,13,0,27,4,43,44,50,38,0,0,56,19,6,2,0,84,11,6,7,6,1,13,6,490,198,213,49,25,24,1,76,13,0,20,2,51,56,50,40,0,0
2021-01-14,Serie A,3288796,Corinthians,Fluminense,0.5454545454545454,0.3013986013986014,0.15314685314685314,5,0,0,57,19,8,1,0,85,17,3,4,7,1,9,10,522,196,249,43,36,19,1,83,19,6,8,2,49,52,58,73,1,0,43,14,2,0,0,83,15,3,6,6,0,9,5,387,158,162,51,33,27,3,89,9,6,18,3,42,48,42,33,2,0
2021-01-16,Serie A,3288821,Palmeiras,Gremio,0.5440751445086706,0.29335260115606937,0.16257225433526012,1,1,1,45,16,6,2,1,89,22,3,8,2,3,9,7,431,169,215,67,13,14,2,53,13,0,15,6,37,37,40,60,0,0,55,12,7,2,1,88,10,7,3,2,0,5,7,530,220,245,55,29,12,0,50,16,0,10,5,61,63,60,75,0,0
2021-01-16,Serie A,3288820,Fluminense,Sport Recife,0.6289120715350224,0.2697466467958271,0.10134128166915052,1,0,0,65,11,1,1,1,86,23,5,8,2,1,8,3,540,271,192,53,29,14,2,62,11,3,14,0,52,43,42,44,1,0,35,10,0,0,0,72,18,4,7,3,1,8,2,276,91,109,49,26,30,1,31,9,2,13,1,70,57,58,67,1,1
2021-01-17,Serie A,3288819,Vasco da Gama,Coritiba,0.6212361331220285,0.277337559429477,0.10142630744849446,0,1,2,52,10,3,2,2,87,10,10,4,3,0,7,3,507,204,239,52,12,27,1,78,10,5,11,3,41,47,39,55,2,1,48,13,4,0,0,88,13,2,4,5,0,5,8,468,213,200,49,23,17,0,52,15,3,26,3,50,53,61,38,2,0
2021-01-17,Serie A,3288812,Athletico Paranaense,Sao Paulo,0.30419268510258696,0.3728813559322034,0.32292595896520965,1,1,1,40,8,3,1,0,80,10,1,3,2,0,5,3,376,185,117,61,33,19,0,56,3,3,14,1,38,58,31,57,2,0,60,9,2,2,2,89,14,3,4,3,0,4,5,551,323,168,58,32,19,8,63,11,2,9,2,34,42,69,53,1,0
2021-01-17,Serie A,3288811,Santos FC,Botafogo,0.6352497643732328,0.27332704995287466,0.09142318567389256,2,1,0,59,23,5,1,0,85,8,15,11,7,2,12,11,410,173,177,64,16,12,2,55,5,0,18,2,58,60,48,59,0,0,41,7,3,1,0,79,24,6,3,1,0,3,4,285,114,110,32,15,5,3,47,16,0,31,3,45,40,52,43,0,0
2021-01-17,Serie A,3288817,Atletico MG,Atletico GO,0.6071887034659821,0.2888318356867779,0.10397946084724005,3,1,0,60,22,6,3,3,87,13,10,10,6,0,13,9,547,220,258,58,38,14,0,73,11,0,17,2,52,61,41,85,0,0,40,13,3,2,1,82,14,9,5,5,0,8,5,356,153,138,70,26,13,2,50,17,0,22,3,44,39,59,50,0,0
2021-01-17,Serie A,3288813,Ceara,Red Bull Bragantino,0.46419098143236076,0.35145888594164454,0.1843501326259947,1,2,2,37,12,3,2,1,74,13,6,7,2,1,7,5,290,105,109,38,40,9,1,88,8,0,27,5,55,43,56,74,0,0,63,15,7,2,0,88,16,9,4,4,0,10,5,494,219,214,58,14,19,0,41,20,0,9,2,63,57,44,91,0,0
2021-01-17,Serie A,3288818,Internacional,Fortaleza,0.6297872340425532,0.2670212765957447,0.10319148936170212,4,2,0,45,11,5,5,3,80,24,6,4,2,2,10,1,352,142,140,53,15,8,0,44,17,0,13,0,51,45,58,53,0,0,55,10,2,2,1,83,17,1,4,4,0,5,5,443,195,174,54,0,13,1,50,10,0,17,1,53,55,42,67,0,0
2021-01-18,Serie A,3288802,Palmeiras,Corinthians,0.48954372623574144,0.3403041825095057,0.17015209125475286,4,0,0,56,15,9,4,2,87,14,7,5,1,0,8,7,430,177,196,65,19,18,3,60,13,0,26,4,36,50,39,67,0,0,44,10,4,0,0,78,11,7,3,3,1,8,2,327,126,128,50,24,29,0,44,10,0,16,4,41,50,61,57,0,0
2021-01-18,Serie A,3288810,Goias,Flamengo,0.28,0.39647058823529413,0.3235294117647059,0,3,2,41,9,3,2,2,76,24,4,3,3,0,5,4,357,129,142,54,17,22,1,59,10,3,17,3,59,46,50,69,5,0,59,12,6,1,0,84,13,5,3,3,0,8,4,526,224,219,44,13,20,3,67,18,3,14,3,67,54,50,61,1,0
2021-01-20,Serie A,3288834,Botafogo,Atletico GO,0.4156706507304117,0.3745019920318725,0.2098273572377158,1,3,2,49,17,5,2,2,79,17,3,7,5,0,11,6,365,130,158,52,38,25,2,53,7,0,20,2,54,49,53,40,0,0,51,14,5,2,0,84,14,6,4,5,0,11,3,384,175,146,63,14,19,1,60,9,0,16,4,53,51,47,43,0,0
2021-01-20,Serie A,3288836,Bahia,Athletico Paranaense,0.41652892561983473,0.3421487603305785,0.2413223140495868,1,0,0,40,11,4,2,1,82,15,9,5,2,0,7,4,347,168,115,61,12,18,3,67,21,0,21,1,51,52,46,60,0,0,60,12,1,0,0,89,14,4,7,4,0,8,4,528,205,265,71,17,15,2,42,14,0,20,3,50,48,54,55,0,0
2021-01-20,Serie A,3288824,Gremio,Atletico MG,0.5032397408207343,0.32181425485961124,0.17494600431965443,1,1,1,58,8,3,0,0,85,11,3,3,2,0,5,3,637,221,320,40,39,22,1,50,15,0,15,3,49,51,47,67,0,0,42,10,4,1,0,79,7,1,4,2,0,3,7,470,216,157,53,17,20,2,44,15,0,25,2,50,49,53,50,0,0
2021-01-20,Serie A,3288816,Coritiba,Fluminense,0.3333333333333333,0.3651399491094148,0.3015267175572519,3,3,1,41,9,4,1,0,79,21,2,5,0,0,4,5,340,176,91,44,50,9,1,59,11,5,34,2,54,48,40,55,1,1,59,20,5,0,0,84,10,12,10,5,1,17,3,459,162,224,54,19,33,1,85,13,0,3,1,65,52,60,38,4,1
2021-01-21,Serie A,3288815,Red Bull Bragantino,Vasco da Gama,0.5292712066905615,0.3046594982078853,0.16606929510155316,4,1,0,53,20,9,1,0,86,12,3,8,3,0,8,12,525,233,219,54,20,15,1,59,20,0,16,3,58,56,67,80,0,0,47,8,4,1,0,80,17,3,3,1,1,3,5,455,214,149,36,21,23,0,62,10,0,9,5,44,44,33,60,0,0
2021-01-21,Serie A,3288838,Sao Paulo,Internacional,0.526829268292683,0.2894308943089431,0.183739837398374,1,5,2,71,11,5,1,0,86,15,7,4,2,0,7,4,624,273,265,62,28,15,0,63,6,2,12,2,54,51,51,50,2,0,29,19,7,6,1,75,19,2,8,4,0,14,5,257,99,94,43,15,15,2,57,6,2,20,4,52,49,49,67,1,0
2021-01-21,Serie A,3288814,Flamengo,Palmeiras,0.5037094884810621,0.33190160093713394,0.164388910581804,2,0,0,51,15,6,3,3,82,26,4,4,5,0,10,5,460,209,169,48,33,19,1,43,19,2,10,0,48,36,64,65,2,0,49,6,0,2,2,80,15,1,4,2,0,3,3,444,221,135,48,11,18,2,71,4,3,12,5,67,64,36,84,2,0
2021-01-21,Serie A,3288823,Fortaleza,Santos FC,0.32964718272775145,0.4075829383886256,0.26276987888362296,2,0,0,47,10,3,2,0,79,20,7,4,3,0,6,4,340,148,120,46,25,10,4,61,6,0,10,3,58,51,56,90,0,0,53,12,3,1,1,82,14,5,8,1,0,6,6,378,223,87,54,38,9,1,64,12,0,13,1,52,49,44,56,0,0
2021-01-21,Serie A,3288835,Goias,Ceara,0.41978798586572436,0.3858657243816254,0.19434628975265017,0,4,2,58,14,2,0,0,83,12,6,8,4,0,5,9,513,206,219,55,25,25,1,62,9,0,5,0,46,48,59,73,0,0,42,12,4,2,0,78,11,1,3,5,0,9,3,385,179,122,40,33,16,0,88,8,0,25,2,44,52,41,55,0,0
2021-01-22,Serie A,3288837,Corinthians,Sport Recife,0.6167706167706167,0.28967428967428965,0.09355509355509356,3,0,0,61,20,12,3,1,84,9,6,6,2,0,11,9,545,198,259,63,30,13,2,62,11,0,13,4,52,53,64,81,0,0,39,10,4,0,0,77,7,5,4,2,0,5,5,348,136,133,35,7,15,3,50,24,0,16,9,39,47,36,77,0,0
2021-01-23,Serie A,3288826,Sao Paulo,Coritiba,0.656556645851918,0.2247992863514719,0.11864406779661017,1,1,1,64,18,6,1,1,89,19,7,11,1,0,12,6,641,244,329,58,36,24,1,38,9,2,5,2,53,55,54,63,1,0,36,10,3,0,0,76,16,2,5,2,0,5,5,367,164,116,40,29,9,0,67,19,1,18,5,44,45,46,60,2,0
2021-01-24,Serie A,3288829,Vasco da Gama,Atletico MG,0.3526315789473684,0.34868421052631576,0.2986842105263158,3,2,0,25,6,3,2,0,72,15,2,2,1,0,5,1,234,107,62,43,13,13,0,64,7,0,29,2,33,39,35,27,0,0,75,17,4,3,2,90,11,9,9,4,2,11,6,684,213,406,62,20,17,0,55,8,0,7,0,55,61,65,79,0,0
2021-01-24,Serie A,3288833,Athletico Paranaense,Flamengo,0.2714164546225615,0.356234096692112,0.37234944868532655,2,1,0,41,11,8,3,2,83,20,3,1,2,0,8,3,384,207,111,58,42,17,4,44,16,6,16,1,48,42,46,60,2,0,59,12,2,1,0,89,11,3,4,6,0,8,4,556,228,265,80,27,31,1,60,14,2,6,6,65,58,54,74,0,0
2021-01-24,Serie A,3288831,Ceara,Palmeiras,0.34355828220858897,0.35787321063394684,0.2985685071574642,2,1,0,40,9,3,2,0,80,9,2,5,1,0,7,2,338,119,151,52,18,12,3,38,6,0,24,3,54,61,56,67,0,0,60,12,4,3,2,86,16,7,5,3,0,7,5,480,224,187,48,21,20,6,50,12,0,3,1,37,39,44,62,0,0
2021-01-24,Serie A,3288828,Internacional,Gremio,0.5863956215793589,0.2830336200156372,0.1305707584050039,2,1,0,46,17,4,4,2,81,19,6,5,8,0,11,6,382,149,161,34,24,19,0,86,9,0,13,2,51,47,44,52,0,0,54,9,3,1,0,82,15,1,4,2,0,4,5,467,176,207,38,18,12,1,61,10,0,20,2,60,53,56,83,0,0
2021-01-24,Serie A,3288825,Atletico GO,Fortaleza,0.5271565495207667,0.30990415335463256,0.16293929712460065,2,0,0,46,7,3,2,0,79,12,5,2,2,0,5,2,329,146,114,48,17,17,0,33,9,0,24,3,46,48,47,43,0,0,54,11,3,2,2,82,13,5,4,4,0,8,3,395,180,144,53,9,24,2,50,9,0,13,1,51,52,53,55,0,0
2021-01-24,Serie A,3288839,Santos FC,Goias,0.6865315852205006,0.22765196662693682,0.08581644815256258,3,4,2,64,20,9,4,1,87,11,11,7,4,0,13,7,476,155,261,45,23,12,4,41,8,0,11,2,59,67,25,79,0,0,36,17,6,3,1,72,19,3,8,3,0,8,9,269,110,83,47,46,7,2,58,14,0,30,5,49,33,75,38,0,0
2021-01-24,Serie A,3288827,Sport Recife,Bahia,0.47927927927927927,0.3153153153153153,0.20540540540540542,2,0,0,58,19,6,1,0,84,16,10,5,8,0,11,8,456,133,249,51,28,24,5,60,12,0,12,2,46,38,60,50,0,0,42,9,2,1,1,77,8,3,5,2,0,5,4,335,138,120,39,29,16,1,67,12,0,23,4,54,62,40,69,0,0
2021-01-24,Serie A,3288832,Fluminense,Botafogo,0.6745762711864407,0.2327683615819209,0.09265536723163842,2,0,0,48,12,5,2,1,83,20,2,5,2,0,6,6,394,142,186,44,14,19,0,63,14,2,19,0,69,51,37,46,2,0,52,5,0,0,0,81,20,1,3,2,0,2,3,435,222,131,57,22,24,1,45,10,2,18,3,78,49,63,41,1,0
2021-01-25,Serie A,3288830,Corinthians,Red Bull Bragantino,0.5685840707964602,0.3008849557522124,0.13053097345132744,0,2,2,59,13,5,0,0,78,16,8,4,4,0,6,7,546,233,192,38,14,35,2,38,17,0,12,3,83,54,58,59,0,0,41,13,4,2,1,73,14,3,5,4,0,8,5,378,148,127,43,27,14,3,78,21,0,22,5,66,46,42,56,0,0
2021-01-26,Serie A,3288803,Atletico MG,Santos FC,0.5158562367864693,0.3171247357293869,0.16701902748414377,2,0,0,66,10,5,2,0,88,10,4,1,4,0,5,5,665,307,275,55,22,18,1,71,10,0,14,3,46,57,52,50,0,0,34,5,3,2,2,76,14,2,2,0,1,5,0,341,167,92,36,44,18,0,90,17,0,17,3,37,43,48,36,0,0
2021-01-26,Serie A,3288524,Palmeiras,Vasco da Gama,0.6151202749140894,0.24673539518900345,0.13814432989690723,1,1,1,55,14,3,4,3,84,19,6,7,4,0,7,7,477,238,163,51,29,13,0,67,11,0,14,2,45,52,52,75,0,0,45,12,3,0,0,78,11,3,5,4,0,5,7,390,168,138,39,19,16,2,50,14,0,11,2,42,48,48,50,0,0
2021-01-28,Serie A,3288822,Bahia,Corinthians,0.3437319468515309,0.4078567302137493,0.24841132293471982,2,1,0,42,8,7,3,1,70,24,3,1,0,0,6,2,291,127,78,31,13,10,0,63,16,0,41,4,69,47,48,60,0,0,58,15,5,2,1,78,19,10,5,5,0,12,3,382,104,193,49,19,18,1,83,7,0,5,5,77,53,52,65,0,0
2021-01-28,Serie A,3288728,Gremio,Flamengo,0.3496437054631829,0.3819477434679335,0.2684085510688836,2,4,2,51,8,5,1,0,88,15,2,1,2,0,4,4,548,254,228,61,25,13,1,47,11,2,16,2,66,51,58,61,5,0,49,14,6,4,2,89,24,5,6,2,0,11,3,531,210,262,60,13,14,0,76,11,2,8,3,60,49,42,54,3,0
2021-01-31,Serie A,3288850,Atletico GO,Sao Paulo,0.31920649233543735,0.36158701532912535,0.31920649233543735,2,1,0,41,11,3,2,1,74,13,8,4,4,0,8,3,335,104,143,45,17,18,1,50,8,3,18,2,42,50,35,79,3,0,59,13,3,5,5,86,9,5,7,3,1,8,5,498,207,219,49,41,14,1,50,17,4,16,1,55,50,65,75,1,0
2021-01-31,Serie A,3288845,Ceara,Athletico Paranaense,0.48976109215017066,0.36689419795221845,0.14334470989761092,0,2,2,45,9,2,0,0,82,15,4,5,2,0,7,2,379,187,122,54,18,19,1,53,11,0,9,0,50,48,46,54,0,0,55,11,2,2,0,83,18,4,5,4,0,7,4,454,233,146,61,24,24,2,67,9,0,15,2,55,52,54,67,0,0
2021-01-31,Serie A,3288847,Coritiba,Gremio,0.2966442953020134,0.41879194630872485,0.28456375838926173,1,1,1,47,8,2,2,1,85,26,2,4,2,0,3,5,407,187,157,53,16,15,0,58,4,4,14,2,49,45,50,77,3,0,53,20,3,4,4,88,12,3,13,4,1,13,7,469,153,258,58,55,18,2,63,8,2,17,1,56,55,50,64,3,0
2021-01-31,Serie A,3288846,Vasco da Gama,Bahia,0.5141242937853108,0.3319209039548023,0.153954802259887,0,0,1,49,8,5,1,1,87,15,6,3,0,0,4,4,400,156,192,57,15,15,0,50,7,0,14,2,45,53,44,100,0,0,51,9,2,0,0,85,16,6,5,2,0,7,2,418,180,177,44,29,13,1,42,6,0,20,5,46,47,56,33,0,0
2021-01-31,Serie A,3288844,Atletico MG,Fortaleza,0.5841371918542336,0.3140407288317256,0.10182207931404073,2,0,0,72,12,5,4,2,92,16,5,5,2,0,8,4,787,373,351,45,29,11,3,55,9,0,8,1,42,51,38,58,0,0,28,4,1,1,1,78,15,1,2,1,1,1,3,301,132,104,54,22,14,2,50,5,0,15,3,48,49,62,56,0,0
2021-01-31,Serie A,3288849,Internacional,Red Bull Bragantino,0.6203779786359901,0.2645850451930978,0.11503697617091208,2,1,0,36,12,3,3,1,74,11,3,5,4,0,7,5,308,82,145,40,24,16,0,71,16,0,18,5,48,48,49,56,0,0,64,16,6,2,1,85,12,7,7,3,0,10,6,538,199,258,58,19,17,0,58,9,0,15,1,51,52,51,78,0,0
2021-01-31,Serie A,3288843,Fluminense,Goias,0.6718426501035196,0.2349896480331263,0.09316770186335403,3,0,0,43,17,6,1,1,79,9,7,10,1,1,13,4,372,141,153,42,54,17,1,45,11,3,21,0,52,48,57,58,1,0,57,12,0,0,0,84,15,2,9,3,0,5,7,490,176,234,56,10,18,0,63,13,1,11,3,50,52,43,73,2,0
2021-02-01,Serie A,3288852,Sport Recife,Flamengo,0.24387855044074436,0.39275220372184133,0.3633692458374143,0,3,2,38,8,2,1,1,82,15,2,3,3,0,4,4,349,161,124,50,20,17,0,71,19,4,21,6,47,46,50,58,2,0,62,21,9,4,3,87,20,6,8,4,0,13,8,563,235,257,53,26,13,1,63,5,3,13,2,53,54,50,79,2,0
2021-02-02,Serie A,3288851,Palmeiras,Botafogo,0.6836786255684689,0.2354724608388075,0.0808489135927236,1,1,1,54,17,2,1,1,88,16,12,9,6,0,14,3,437,210,173,66,19,22,1,63,7,0,11,2,38,44,46,57,0,0,46,18,3,1,1,84,10,6,10,5,0,8,10,388,187,137,44,53,12,0,82,10,0,23,1,47,56,54,70,0,0
2021-02-03,Serie A,3288853,Gremio,Santos FC,0.47450302506482284,0.35177182368193605,0.17372515125324114,3,3,1,63,17,6,2,0,88,12,5,9,2,0,9,8,539,185,292,57,7,14,1,80,6,0,4,3,48,55,57,72,0,0,37,9,6,3,0,79,20,3,0,3,0,8,1,313,134,114,38,44,12,0,69,11,0,17,3,38,45,43,75,0,0
2021-02-03,Serie A,3288868,Bragantino,Atletico GO,0.5715725806451613,0.31955645161290325,0.10887096774193548,2,0,0,52,21,10,4,2,80,15,8,5,6,0,16,5,414,140,192,41,24,18,2,60,28,0,9,1,56,51,63,53,0,0,48,8,1,1,1,74,7,3,7,0,0,3,5,388,175,112,38,22,21,1,83,17,0,23,8,48,49,37,46,0,0
2021-02-04,Serie A,3288842,Bahia,Fluminense,0.38238341968911915,0.34922279792746114,0.2683937823834197,0,1,2,54,12,6,0,0,88,15,4,3,3,0,4,8,521,164,295,52,20,19,0,58,12,1,13,5,51,47,57,43,1,0,46,13,6,4,3,86,11,1,6,1,0,7,6,435,156,217,60,38,20,2,44,20,3,17,6,55,53,43,50,1,0
2021-02-04,Serie A,3288869,Corinthians,Ceara,0.6115261472785486,0.25933831376734257,0.12913553895410887,2,1,0,35,18,7,2,0,74,18,8,6,5,0,7,11,305,92,133,42,27,19,2,64,15,0,11,0,67,53,53,75,0,0,65,7,1,1,1,83,14,3,4,2,1,5,2,561,232,236,62,36,29,2,79,18,0,11,5,59,47,47,47,0,0
2021-02-04,Serie A,3288854,Goias,Atletico MG,0.25925925925925924,0.38159371492704824,0.35914702581369246,1,0,0,23,3,1,0,0,68,13,1,1,1,0,2,1,249,98,71,42,13,11,2,67,13,0,43,2,54,54,58,62,0,0,77,19,2,3,3,90,13,8,12,5,2,13,6,819,171,563,61,19,23,4,64,10,0,1,0,44,46,42,33,0,0
2021-02-04,Serie A,3288870,Fortaleza,Coritiba,0.4966755319148936,0.37566489361702127,0.1276595744680851,3,1,0,54,15,7,7,5,83,18,4,5,3,1,13,2,400,169,163,54,31,20,0,80,9,0,11,1,51,53,43,82,2,0,46,5,2,1,0,83,15,4,3,0,0,4,1,345,196,90,49,42,21,3,45,16,2,12,5,52,47,57,67,3,2
2021-02-05,Serie A,3288855,Athletico Paranaense,Internacional,0.29737609329446063,0.3830903790087464,0.319533527696793,0,0,1,69,12,4,1,1,86,15,3,8,0,1,5,7,587,262,243,59,27,23,2,57,5,0,14,1,57,51,69,45,0,0,31,5,1,0,0,74,20,2,3,1,1,2,3,256,87,102,47,33,14,1,25,8,0,11,4,44,49,31,67,0,0
2021-02-05,Serie A,3288841,Flamengo,Vasco da Gama,0.6489063376332025,0.26023555804823334,0.09085810431856421,2,0,0,60,17,6,3,2,87,19,7,4,7,0,12,5,530,173,287,58,26,11,0,66,9,1,10,3,65,50,50,68,1,0,40,6,3,1,1,83,15,5,2,1,0,2,4,346,158,129,43,23,18,1,71,20,6,19,4,65,50,50,74,3,0
2021-02-05,Serie A,3288856,Botafogo,Sport Recife,0.5245508982035928,0.32335329341317365,0.15209580838323353,0,1,2,66,25,6,1,1,85,11,10,10,9,0,14,11,542,193,270,49,32,26,3,50,12,0,15,1,71,61,45,63,0,0,34,10,2,1,0,70,19,8,3,5,0,6,4,284,87,111,33,20,13,0,44,19,0,33,5,56,39,55,28,0,0
2021-02-06,Serie A,3288858,Bahia,Goias,0.58603066439523,0.2657580919931857,0.14821124361158433,3,3,1,48,9,7,3,0,77,18,8,1,1,0,7,2,379,124,169,20,10,25,1,59,9,0,11,3,54,48,41,53,0,0,52,17,6,3,2,82,13,1,8,3,0,11,6,422,170,178,70,27,16,1,78,9,0,22,4,64,52,59,55,0,0
2021-02-07,Serie A,3288864,Atletico GO,Santos FC,0.4444444444444444,0.31054131054131057,0.245014245014245,1,1,1,30,8,3,1,0,65,18,0,5,0,0,4,4,233,75,76,36,17,15,1,54,5,0,36,2,55,56,50,68,0,0,70,18,3,4,3,87,13,10,11,4,0,13,5,493,194,234,54,27,20,4,60,14,0,7,2,47,44,50,50,0,0
2021-02-07,Serie A,3288867,Red Bull Bragantino,Flamengo,0.285264483627204,0.36523929471032746,0.3494962216624685,1,1,1,46,12,5,1,0,78,20,5,7,0,0,3,9,360,151,128,48,21,25,1,58,25,4,15,6,55,38,54,67,4,0,54,15,7,3,2,78,16,4,4,4,0,11,4,433,187,150,32,36,16,4,52,16,0,12,4,78,62,46,73,2,0
2021-02-08,Serie A,3288862,Botafogo,Gremio,0.27702702702702703,0.4114864864864865,0.31148648648648647,2,5,2,47,18,6,3,1,87,14,5,10,2,0,11,7,409,158,196,65,31,11,1,69,14,0,11,2,54,51,36,80,0,0,53,13,7,4,2,86,18,2,3,3,0,10,3,468,163,241,58,31,11,1,56,9,0,15,4,58,49,64,71,0,0
2021-02-10,Serie A,3288861,Internacional,Sport Recife,0.6792179580014482,0.23171614771904417,0.0890658942795076,1,2,2,60,17,2,0,0,87,12,7,8,7,1,10,7,530,169,290,71,26,21,0,56,7,0,5,0,59,55,51,78,0,0,40,7,2,2,0,79,11,3,3,2,1,2,5,377,156,142,46,18,8,1,54,15,0,42,1,51,45,49,57,0,0
2021-02-10,Serie A,3288866,Fortaleza,Vasco da Gama,0.5209988649262202,0.3280363223609535,0.15096481271282633,3,0,0,44,17,7,2,0,83,15,5,6,4,0,12,5,390,164,159,61,15,9,1,60,14,0,18,1,58,56,48,69,0,0,56,12,1,0,0,87,14,7,5,6,1,6,6,487,245,179,55,14,13,1,83,7,0,11,4,50,44,52,75,0,0
2021-02-11,Serie A,3288859,Sao Paulo,Ceara,0.6576576576576577,0.2416052416052416,0.10073710073710074,1,1,1,62,18,9,3,3,85,11,8,6,3,0,11,7,543,242,220,50,38,30,2,33,16,1,8,1,43,52,52,40,4,0,38,8,2,1,0,79,18,4,4,2,0,4,4,337,136,130,43,25,25,2,62,16,3,31,8,40,48,48,38,4,0
2021-02-11,Serie A,3288860,Corinthians,Athletico Paranaense,0.6117764471057884,0.27345309381237526,0.11477045908183632,3,3,1,44,17,8,4,3,82,19,3,5,4,0,10,7,420,153,193,64,13,15,1,62,11,0,10,3,49,46,62,50,0,0,56,12,7,2,1,86,12,2,3,2,1,10,2,530,259,197,65,15,16,0,69,6,0,14,6,48,54,38,55,0,0
2021-02-11,Serie A,3288863,Fluminense,Atletico MG,0.487378640776699,0.3029126213592233,0.20970873786407768,0,0,1,27,10,3,1,1,76,8,6,4,3,0,5,5,308,120,115,52,15,21,3,56,15,3,22,1,56,61,62,60,0,0,73,8,1,0,0,90,13,6,4,3,0,3,5,848,274,488,55,8,18,1,73,8,3,20,3,36,39,38,67,1,0
2021-02-13,Serie A,3288871,Goias,Botafogo,0.5788590604026845,0.2936241610738255,0.12751677852348994,2,0,0,54,11,7,1,0,85,22,2,3,1,1,8,3,415,226,126,57,53,19,2,58,11,0,21,3,64,51,64,53,0,0,46,11,3,0,0,83,26,5,6,2,0,6,5,351,158,132,59,5,19,2,75,8,0,10,5,55,49,36,63,0,0
2021-02-13,Serie A,3288882,Atletico MG,Bahia,0.6183644189383071,0.26255380200860834,0.11908177905308465,1,1,1,72,21,4,1,0,90,10,6,6,11,0,11,10,745,198,474,62,23,22,1,64,11,0,8,4,49,56,55,61,0,0,28,13,5,4,3,77,9,2,4,4,1,11,2,298,144,86,47,0,13,1,55,9,0,43,3,39,44,45,46,0,0
2021-02-13,Serie A,3288881,Santos FC,Coritiba,0.6857142857142857,0.2396825396825397,0.0746031746031746,2,0,0,57,17,6,3,1,86,15,7,8,3,0,7,10,472,187,218,51,15,13,3,70,14,1,13,3,49,52,50,75,0,0,43,8,3,0,0,84,16,3,4,1,0,1,7,362,208,95,51,13,17,1,31,12,3,26,4,46,48,50,83,4,0
2021-02-14,Serie A,3288884,Flamengo,Corinthians,0.6346863468634686,0.24354243542435425,0.12177121771217712,2,1,0,66,14,5,3,1,85,21,4,8,1,1,9,5,597,191,319,55,24,16,4,69,8,7,14,2,68,45,59,53,1,0,34,11,3,1,0,74,16,3,1,7,0,6,5,307,128,98,27,9,14,1,50,12,1,22,3,70,55,41,72,5,0
2021-02-14,Serie A,3288883,Vasco da Gama,Internacional,0.29399796541200407,0.3397761953204476,0.3662258392675483,0,2,2,64,8,0,1,1,83,9,3,5,3,0,5,3,460,176,206,64,15,20,2,80,12,0,12,5,53,63,35,77,0,0,36,16,7,0,0,71,20,9,5,4,0,10,6,257,62,121,50,47,9,0,50,10,0,19,0,49,37,65,50,0,0
2021-02-14,Serie A,3288879,Athletico Paranaense,Atletico GO,0.5984555984555985,0.3127413127413127,0.0888030888030888,2,1,0,60,8,3,0,0,87,14,7,5,0,0,5,3,453,175,217,65,23,16,4,100,10,0,13,3,42,39,55,57,0,0,40,11,4,2,2,80,9,4,6,1,0,6,5,306,141,103,52,22,16,3,60,10,0,20,1,53,61,45,83,0,0
2021-02-14,Serie A,3288880,Palmeiras,Fortaleza,0.6458852867830424,0.25561097256857856,0.09850374064837905,3,0,0,68,13,6,2,2,90,16,3,4,3,0,4,9,611,327,223,72,38,20,4,77,4,0,10,1,46,42,61,67,0,0,32,5,1,0,0,72,11,4,2,2,0,3,2,281,120,83,37,21,18,0,58,16,0,3,3,50,58,39,61,0,0
2021-02-14,Serie A,3288872,Gremio,Sao Paulo,0.5371428571428571,0.32342857142857145,0.13942857142857143,1,2,2,51,5,3,1,0,87,19,5,1,1,0,3,2,520,189,263,47,6,13,0,82,7,1,17,2,44,41,45,0,4,1,49,11,4,0,0,87,18,2,6,1,1,2,9,492,173,257,65,11,17,0,75,12,1,15,2,60,59,55,69,4,0
2021-02-15,Serie A,3288857,Ceara,Fluminense,0.40605427974947805,0.3872651356993737,0.20668058455114824,1,3,2,52,13,5,3,2,85,18,9,6,2,0,9,4,435,134,237,54,24,19,0,69,11,2,18,1,44,36,57,35,1,0,48,9,4,2,0,82,8,0,3,2,0,5,4,429,213,139,51,27,17,0,58,13,2,21,4,61,64,43,75,1,0
2021-02-15,Serie A,3288885,Sport Recife,Bragantino,0.34970530451866405,0.3781925343811395,0.27210216110019647,0,0,1,31,4,0,0,0,66,8,1,3,1,0,1,3,273,112,67,32,0,15,0,38,10,0,49,6,47,48,47,39,0,0,69,22,6,0,0,84,10,15,10,6,0,10,12,580,184,306,61,14,15,1,47,5,0,7,1,51,52,53,54,0,0
2021-02-17,Serie A,3288848,Santos FC,Corinthians,0.5550493545937737,0.2938496583143508,0.15110098709187547,1,0,0,46,11,5,4,3,79,24,6,2,4,0,9,2,368,164,126,45,21,16,2,73,12,0,23,4,61,47,45,60,0,0,54,11,4,0,0,81,25,5,4,3,0,3,8,417,156,183,60,5,19,2,62,4,0,16,4,70,53,55,72,0,0
2021-02-17,Serie A,3288865,Coritiba,Palmeiras,0.2453781512605042,0.4008403361344538,0.35378151260504204,1,0,0,47,13,4,0,0,82,16,5,6,3,0,6,7,381,154,159,63,18,16,1,64,13,3,11,4,52,55,55,58,2,0,53,15,4,0,0,84,20,4,8,3,0,4,11,434,217,147,55,29,23,3,64,8,3,16,3,43,45,45,78,3,1
2021-02-20,Serie A,3288840,Sao Paulo,Palmeiras,0.5314741035856574,0.29243027888446216,0.17609561752988048,1,1,1,42,7,3,1,0,76,16,1,2,2,0,4,3,314,113,125,38,9,30,3,50,7,2,14,1,39,38,43,50,2,0,58,8,2,1,1,84,14,5,4,2,0,4,4,431,219,141,48,13,16,3,39,14,2,14,2,59,62,57,67,1,0
2021-02-20,Serie A,3288890,Coritiba,Ceara,0.3856332703213611,0.3591682419659735,0.2551984877126654,0,2,2,63,16,5,0,0,89,14,7,8,3,0,8,8,573,204,305,65,11,20,2,67,7,2,13,2,51,47,49,57,1,0,37,11,4,1,0,76,9,5,5,2,0,7,4,336,117,139,35,18,12,1,44,16,3,34,5,56,53,51,67,0,0
2021-02-21,Serie A,3288886,Fortaleza,Bahia,0.5424028268551236,0.2862190812720848,0.17137809187279152,0,4,2,61,11,3,1,1,90,15,2,5,3,1,4,7,547,111,384,67,14,20,0,80,11,0,7,3,39,47,48,65,0,0,39,12,7,6,2,84,13,0,5,0,1,10,2,353,195,103,45,33,9,1,75,13,0,20,3,44,53,52,64,0,0
2021-02-21,Serie A,3288877,Corinthians,Vasco da Gama,0.6012269938650306,0.2748466257668712,0.12392638036809817,0,0,1,67,14,4,0,0,86,23,7,3,7,0,10,4,587,204,299,60,35,23,1,47,14,0,17,0,62,45,58,53,0,0,33,7,0,0,0,71,18,4,6,1,0,4,3,279,120,79,30,24,19,6,53,16,0,22,4,65,55,43,42,0,0
2021-02-21,Serie A,3288873,Flamengo,Internacional,0.5664877757901013,0.2689326177698271,0.16457960644007155,2,1,0,60,10,4,1,1,87,21,1,3,3,0,4,6,456,187,209,67,8,17,3,47,9,4,13,2,64,45,58,65,4,0,40,12,3,1,0,76,14,4,4,5,0,8,4,302,127,102,43,31,20,0,55,18,3,16,2,69,55,42,76,0,1
2021-02-21,Serie A,3288874,Sport Recife,Atletico MG,0.3338870431893688,0.3637873754152824,0.3023255813953488,2,3,2,39,9,3,3,1,80,16,2,3,3,0,7,2,372,172,125,41,57,12,0,60,5,0,20,8,37,40,55,50,0,0,61,25,10,2,1,88,13,4,13,2,0,14,11,585,217,295,55,32,14,0,57,11,0,7,1,48,60,45,71,0,0
2021-02-21,Serie A,3288887,Gremio,Athletico Paranaense,0.5490848585690515,0.2961730449251248,0.15474209650582363,1,0,0,50,11,2,0,0,87,19,2,7,2,0,6,5,463,178,224,56,57,11,1,40,9,0,18,3,57,53,53,65,0,0,50,8,2,1,1,85,17,2,5,1,1,6,2,465,191,206,58,25,23,4,50,5,0,4,1,51,47,47,57,0,0
2021-02-21,Serie A,3288878,Santos FC,Fluminense,0.5354659248956884,0.3004172461752434,0.16411682892906815,1,1,1,62,8,2,1,0,85,20,4,5,1,0,5,3,454,162,222,66,30,15,1,44,8,1,16,2,69,52,53,52,3,0,38,7,3,0,0,75,19,4,3,1,0,4,3,281,109,103,40,27,17,1,61,19,1,24,1,63,48,47,35,4,1
2021-02-21,Serie A,3288875,Goias,Bragantino,0.40115440115440115,0.32611832611832614,0.2727272727272727,0,0,1,43,14,1,1,1,70,18,3,8,5,0,9,5,317,117,104,37,35,19,1,65,12,0,27,5,70,51,54,53,0,0,57,14,5,0,0,77,20,11,4,5,0,7,7,405,132,181,37,30,15,1,60,8,0,10,1,64,49,46,47,0,0
2021-02-22,Serie A,3288900,Palmeiras,Atletico GO,0.6097393689986282,0.29218106995884774,0.09807956104252401,1,1,1,64,19,4,1,1,87,20,9,11,4,0,7,12,543,162,311,71,24,10,0,55,6,0,6,2,51,48,54,76,0,0,36,9,3,0,0,76,13,6,5,1,0,6,3,307,144,88,45,25,11,1,56,11,0,29,3,52,52,46,65,0,0
2021-02-22,Serie A,3288876,Botafogo,Sao Paulo,0.2396887159533074,0.40077821011673154,0.3595330739299611,1,0,0,48,19,8,1,1,86,12,4,3,8,0,10,9,428,169,199,52,38,13,2,57,15,1,25,1,47,59,54,67,3,0,52,7,1,1,1,84,15,3,5,1,0,4,3,457,206,176,37,18,12,0,50,11,8,15,7,36,41,46,67,5,1
2021-02-26,Serie A,3288893,Athletico Paranaense,Sport Recife,0.5480392156862746,0.32745098039215687,0.12450980392156863,2,0,0,56,18,8,5,3,84,15,8,8,2,0,8,10,480,176,227,56,13,13,2,82,9,0,18,4,44,53,29,92,0,0,44,15,4,1,1,80,10,5,6,5,0,8,7,362,155,136,58,29,24,2,75,21,0,21,6,50,47,71,53,0,0
2021-02-26,Serie A,3288892,Atletico GO,Coritiba,0.5424757281553398,0.35194174757281554,0.10558252427184465,3,1,0,56,18,7,3,3,88,8,7,8,3,0,10,8,556,249,239,70,21,19,1,69,9,0,14,0,46,55,65,75,0,0,44,9,1,1,1,82,9,4,8,0,0,5,4,435,189,169,56,22,15,1,73,14,4,15,4,34,45,35,45,1,0
2021-02-26,Serie A,3288897,Atletico MG,Palmeiras,0.4400684931506849,0.3638698630136986,0.19606164383561644,2,0,0,52,19,8,4,2,90,22,5,7,4,0,13,6,451,229,175,65,39,15,5,78,11,0,16,4,50,46,55,63,0,0,48,9,4,1,1,80,17,4,4,1,0,5,4,424,234,106,50,31,15,1,50,12,0,13,6,54,54,45,67,0,0
2021-02-26,Serie A,3288896,Bahia,Santos FC,0.36108512628624884,0.362956033676333,0.27595884003741816,2,0,0,49,16,5,5,4,86,11,4,8,3,0,11,5,447,231,152,56,23,18,2,53,16,0,12,5,46,40,59,44,0,0,51,15,5,1,1,89,13,4,6,4,0,7,8,475,185,236,76,47,9,1,63,12,0,15,3,58,60,41,67,0,0
2021-02-26,Serie A,3288898,Ceara,Botafogo,0.5543478260869565,0.3233695652173913,0.12228260869565218,2,1,0,48,12,6,3,2,87,7,5,5,1,0,8,4,469,207,200,48,8,9,0,58,7,5,14,2,40,57,46,75,2,1,52,17,3,2,1,91,4,7,8,6,1,11,6,505,205,253,69,36,21,2,67,8,1,14,4,35,43,54,70,0,0
2021-02-26,Serie A,3288891,Fluminense,Fortaleza,0.607909604519774,0.2790960451977401,0.11299435028248588,2,0,0,49,9,3,2,1,86,10,3,2,4,1,8,1,401,231,114,56,40,10,0,48,11,0,23,2,55,59,53,67,0,0,51,9,2,0,0,85,12,5,7,0,0,3,6,422,167,193,47,19,23,1,33,9,4,7,1,42,41,47,38,0,0
2021-02-26,Serie A,3288895,Internacional,Corinthians,0.5519429024583664,0.2942109436954798,0.15384615384615385,0,0,1,53,16,5,2,2,80,13,12,6,5,1,14,2,418,169,166,51,21,30,6,57,17,0,13,1,68,54,41,43,0,0,47,6,1,0,0,74,16,5,2,3,0,2,4,393,116,174,57,19,10,1,59,9,0,43,5,72,46,59,40,0,0
2021-02-26,Serie A,3288894,Bragantino,Gremio,0.4292929292929293,0.34444444444444444,0.22626262626262628,1,0,0,56,19,6,3,3,83,24,3,7,6,1,14,5,471,174,215,56,28,16,1,77,14,0,16,2,49,40,53,50,0,0,44,15,2,1,1,79,12,7,12,1,0,6,9,370,123,171,54,31,14,0,73,12,0,16,5,62,60,47,55,0,0
2021-02-26,Serie A,3288899,Sao Paulo,Flamengo,0.3258620689655172,0.36149425287356324,0.31264367816091954,2,1,0,36,4,2,1,0,75,27,1,1,1,0,1,3,305,140,88,32,0,16,0,44,15,4,20,0,43,38,36,0,6,0,64,20,1,2,1,84,24,7,14,5,0,14,6,510,147,283,64,31,25,2,50,7,1,3,0,71,62,64,80,3,0
2021-02-26,Serie A,3288904,Vasco da Gama,Goias,0.4767580452920143,0.34803337306317045,0.17520858164481526,3,2,0,49,27,12,3,0,85,12,9,6,9,0,15,12,390,128,204,61,26,14,2,47,9,0,21,3,58,58,61,68,0,0,51,20,5,1,0,85,18,6,7,8,1,9,11,405,188,156,65,15,14,2,67,8,0,11,9,41,42,39,56,0,0
