match_date,league_name,matchid,home_team,away_team,home_probability_win,draw_probability,away_probability_win,home_goals,away_goals,ftr,home_ball_possession,home_total_shots,home_shots_on_target,home_big_chances,home_big_misses,home_accurate_passes,home_fouls_commited,home_corners,home_shots_off_target,home_blocked_shots,home_hit_woodwork,home_shots_inside_box,home_shots_outside_box,home_passes,home_own_half,home_opposition_half,home_accurate_long_balls,home_accurate_crosses,home_throws,home_offsides,home_tackles_won,home_interceptions,home_blocks,home_clearances,home_keeper_save,home_duels_won,home_geround_duels_won,home_aerial_duels_won,home_successful_dribbles,home_yellow_cards,home_red_cards,away_ball_possession,away_total_shots,away_shots_on_target,away_big_chances,away_big_misses,away_accurate_passes,away_fouls_commited,away_corners,away_shots_off_target,away_blocked_shots,away_hit_woodwork,away_shots_inside_box,away_shots_outside_box,away_passes,away_own_half,away_opposition_half,away_accurate_long_balls,away_axxurate_crosses,away_throws,away_offsides,away_tackles_won,away_interceptions,away_blocks,away_clearances,away_keeper_save,away_duels_won,away_geround_duels_won,away_aerial_duels_won,away_successful_dribbles,away_yellow_cards,away_red_cards
2021-08-20,Serie B,3675382,Frosinone,Parma Calcio 1913,0.317206132879046,0.424190800681431,0.258603066439523,2,2,1,59,18,9,3,2,81,16,10,8,1,0,11,7,418,111,229,50,21,23,1,54,10,0,4,1,47,51,44,62,1,0,41,8,3,3,1,75,11,6,5,0,0,6,2,308,122,108,38,30,16,1,55,12,1,28,7,48,49,56,38,2,0
2021-08-21,Serie B,3675384,Pordenone,Perugia,0.4224343675417661,0.4033412887828162,0.17422434367541767,0,1,2,57,11,3,0,0,78,14,3,7,1,1,4,7,419,140,187,61,25,28,1,58,8,1,9,1,64,59,58,70,1,0,43,8,2,2,1,68,23,1,5,1,0,5,3,320,117,100,40,44,27,3,69,4,1,12,3,46,41,43,44,5,1
2021-08-21,Serie B,3675379,Cittadella,LR Vicenza,0.5159817351598174,0.3858447488584475,0.09817351598173515,1,0,0,54,15,6,2,2,70,24,9,7,2,0,11,4,327,94,136,33,28,31,5,50,6,0,9,2,64,47,58,62,6,0,46,6,2,1,1,66,23,2,4,0,0,4,2,287,79,111,46,20,18,5,44,19,2,14,5,63,53,42,43,4,0
2021-08-22,Serie B,3675385,LFA Reggio Calabria,Monza,0.3209302325581395,0.45813953488372094,0.22093023255813954,0,0,1,44,10,3,0,0,69,19,4,4,3,0,4,6,304,122,89,34,18,24,2,69,8,3,23,1,56,52,59,56,3,0,56,8,1,0,0,77,18,2,4,3,0,4,4,392,149,151,42,31,29,0,22,19,3,20,3,47,48,41,42,3,1
2021-08-22,Serie B,3675386,Ternana,Brescia,0.3413098236775819,0.43702770780856426,0.2216624685138539,0,2,2,54,15,7,1,1,75,7,5,6,2,0,9,6,447,135,201,47,17,33,2,86,10,1,15,4,59,62,44,60,0,0,46,11,6,3,1,73,20,2,4,1,0,8,3,394,99,190,35,13,27,3,29,10,2,33,7,46,38,56,41,4,0
2021-08-22,Serie B,3678033,Ascoli,Cosenza,0.455019556714472,0.423728813559322,0.121251629726206,1,0,0,55,12,2,1,1,87,13,2,5,5,0,8,4,563,208,282,70,36,13,0,69,9,3,6,1,55,46,55,71,2,0,45,8,1,0,0,83,9,6,4,3,0,3,5,458,299,79,37,25,20,1,69,7,5,10,1,59,54,45,56,2,0
2021-08-22,Serie B,3675378,Benevento,Alessandria,0.5478073328540618,0.3637670740474479,0.0884255930984903,4,3,0,55,15,5,1,0,83,12,5,8,2,1,10,5,379,166,147,53,14,21,0,33,9,0,11,2,36,42,57,33,3,0,45,12,5,3,0,78,15,7,7,0,0,7,5,295,118,111,60,18,13,4,19,5,2,19,2,40,58,43,50,4,0
2021-08-22,Serie B,3675380,Cremonese,Lecce,0.27042577675489066,0.4614499424626007,0.2681242807825086,3,0,0,42,15,4,2,1,71,12,3,7,4,1,8,7,319,98,127,40,33,21,1,67,16,5,11,6,53,48,63,50,3,0,58,14,6,1,1,78,13,4,3,5,0,9,5,443,196,151,42,30,23,7,76,12,4,12,1,48,52,37,67,1,0
2021-08-22,Serie B,3675381,Crotone,Como,0.5280701754385965,0.37280701754385964,0.09912280701754386,2,2,1,60,19,5,1,0,82,16,7,7,7,0,11,8,431,148,207,59,33,23,0,67,1,1,13,2,50,41,70,53,4,0,40,13,4,2,0,72,12,3,7,2,2,11,2,283,101,104,41,36,12,0,50,7,7,18,3,50,59,30,78,4,0
2021-08-22,Serie B,3675383,Pisa,SPAL,0.3572916666666667,0.4427083333333333,0.2,1,0,0,42,10,2,1,1,68,28,5,4,4,1,3,7,285,98,96,32,17,25,3,67,8,2,16,5,69,48,51,76,2,0,58,13,5,1,1,77,11,4,6,2,0,5,8,400,141,168,62,18,27,3,53,11,4,11,1,72,52,49,55,4,0
2021-08-27,Serie B,3675393,Pisa,Alessandria,0.4552590266875981,0.43275771847200417,0.1119832548403977,2,0,0,48,16,5,5,3,75,24,3,8,3,0,13,3,327,97,147,46,11,20,2,75,7,1,13,2,47,39,56,57,2,0,52,6,2,1,1,70,16,1,3,1,0,3,3,352,152,93,44,13,29,0,78,4,3,14,3,55,61,44,80,2,0
2021-08-27,Serie B,3678034,Brescia,Cosenza,0.5501633224451703,0.3611759216052263,0.08866075594960336,5,1,0,58,26,10,6,3,89,5,7,9,7,1,15,11,557,223,271,57,52,16,2,58,10,2,16,3,45,60,70,57,0,0,42,11,4,1,1,83,8,5,4,3,0,5,6,395,241,87,39,15,24,4,42,8,6,17,5,27,40,30,44,2,0
2021-08-28,Serie B,3675388,LR Vicenza,Frosinone,0.2862903225806452,0.4939516129032258,0.21975806451612903,0,2,2,54,10,1,1,1,77,17,3,7,2,0,2,8,391,171,130,42,17,21,2,64,11,8,21,4,71,52,67,55,4,0,46,21,6,3,2,67,16,13,7,8,1,12,9,332,96,126,39,12,32,1,62,14,3,11,0,56,48,33,42,2,0
2021-08-28,Serie B,3675392,Perugia,Ascoli,0.5045045045045045,0.37657657657657656,0.11891891891891893,2,3,2,57,20,5,1,0,81,11,2,9,6,0,14,6,530,186,245,55,11,22,1,67,15,2,2,5,55,51,57,46,2,0,43,15,8,1,0,77,13,4,5,2,0,10,5,418,170,150,38,75,16,3,36,18,6,26,3,49,49,43,64,4,0
2021-08-29,Serie B,3675387,Cittadella,Crotone,0.3597122302158273,0.4552929085303186,0.18499486125385406,4,2,0,41,15,11,3,2,70,9,2,2,2,0,12,3,327,96,133,36,50,29,1,63,9,4,20,2,53,56,48,67,1,0,59,13,4,0,0,77,19,4,4,5,0,7,6,483,196,176,61,31,26,1,62,14,2,15,7,46,44,52,47,2,0
2021-08-29,Serie B,3675389,Lecce,Como,0.4975265017667845,0.4007067137809187,0.10176678445229682,1,1,1,63,10,5,2,1,82,13,5,1,4,0,8,2,483,195,202,59,7,15,3,77,11,0,10,1,52,50,68,78,0,0,37,7,2,2,1,69,11,1,4,1,0,6,1,287,120,77,31,14,20,2,50,8,0,22,4,40,50,32,55,0,0
2021-08-29,Serie B,3675394,LFA Reggio Calabria,Ternana,0.42138364779874216,0.44150943396226416,0.1371069182389937,3,2,0,49,15,9,4,1,75,18,6,3,3,1,11,4,356,133,133,54,28,25,1,55,8,5,18,2,49,54,48,40,3,1,51,14,4,2,1,73,17,4,5,5,0,8,6,369,114,155,56,23,17,1,60,6,3,21,6,47,46,52,14,2,2
2021-08-29,Serie B,3675390,Monza,Cremonese,0.4595959595959596,0.4212121212121212,0.1191919191919192,1,0,0,46,8,2,2,1,76,21,2,4,2,0,6,2,382,187,102,38,25,17,5,58,15,4,32,1,47,48,40,67,3,0,54,16,1,0,0,79,13,6,11,4,0,9,7,438,168,180,61,18,24,4,67,17,2,10,1,55,52,60,83,2,0
2021-08-29,Serie B,3675391,Parma Calcio 1913,Benevento,0.47084367245657566,0.3988833746898263,0.13027295285359802,1,0,0,54,11,5,2,1,86,19,3,3,3,0,6,5,460,262,135,63,50,11,4,71,9,1,5,6,44,47,41,53,3,0,46,16,6,1,1,84,14,4,9,1,0,11,5,370,172,137,55,42,21,2,55,19,3,3,4,52,53,59,45,2,0
2021-08-29,Serie B,3675395,SPAL,Pordenone,0.4764309764309764,0.41835016835016836,0.10521885521885523,5,0,0,63,30,13,3,2,89,12,9,13,4,0,16,14,536,192,284,78,25,13,1,56,13,2,11,0,40,51,32,58,2,0,37,6,0,0,0,76,7,3,4,2,0,4,2,304,137,95,49,8,18,2,64,8,4,17,9,46,49,68,58,1,1
2021-09-10,Serie B,3675397,Benevento,Lecce,0.5271867612293144,0.3684988179669031,0.1043144208037825,0,0,1,61,8,0,2,2,83,8,4,7,1,0,6,2,448,244,126,47,32,18,3,79,8,5,19,7,57,60,58,75,1,0,39,20,7,2,2,68,16,10,8,5,1,13,7,265,102,79,39,50,17,2,67,13,1,15,1,39,40,42,44,2,0
2021-09-11,Serie B,3675396,Alessandria,Brescia,0.2583668005354752,0.3788487282463186,0.3627844712182062,1,3,2,56,8,4,4,3,79,9,5,4,0,1,7,1,429,209,132,54,25,17,3,62,12,3,20,5,49,42,56,44,4,0,44,15,8,3,1,75,12,10,4,3,0,8,7,347,101,159,38,20,17,4,57,6,0,11,3,54,58,44,79,2,0
2021-09-11,Serie B,3675398,Como,Ascoli,0.35309278350515466,0.37371134020618557,0.27319587628865977,0,1,2,50,15,6,3,3,85,18,5,7,2,0,11,4,417,211,143,62,20,18,4,50,7,4,9,3,47,44,63,50,4,0,50,11,4,1,0,81,16,6,3,4,0,7,4,433,180,171,38,10,17,1,69,13,2,16,6,50,56,38,75,2,0
2021-09-11,Serie B,3675401,Frosinone,Perugia,0.5476190476190477,0.35714285714285715,0.09523809523809523,0,0,1,40,13,4,0,0,73,12,7,7,2,0,4,9,297,103,114,42,9,20,0,75,7,2,12,3,57,49,53,35,3,0,60,12,3,1,1,80,16,2,7,2,1,5,7,465,236,138,34,17,23,0,39,8,1,23,4,55,51,47,50,4,0
2021-09-11,Serie B,3675403,SPAL,Monza,0.49838187702265374,0.3737864077669903,0.127831715210356,1,1,1,46,18,7,0,0,80,20,2,5,6,0,10,8,340,108,164,52,15,8,0,56,16,0,19,2,45,47,35,56,0,0,54,13,3,2,1,79,13,8,5,5,0,10,3,395,173,138,51,21,23,2,40,14,0,15,6,56,53,65,65,0,0
2021-09-11,Serie B,3675404,Ternana,Pisa,0.36464088397790057,0.4125230202578269,0.22283609576427257,1,4,2,56,12,4,1,0,75,19,6,7,1,0,8,4,395,156,139,41,24,30,4,62,14,1,11,4,51,44,48,67,2,0,44,12,7,2,1,69,13,2,4,1,0,6,6,332,108,120,47,29,22,1,72,15,1,24,3,62,56,52,64,2,0
2021-09-11,Serie B,3675400,Crotone,LFA Reggio Calabria,0.535475234270415,0.3534136546184739,0.1111111111111111,1,1,1,55,13,3,0,0,77,20,9,5,5,0,6,7,434,181,152,50,28,24,1,56,8,1,14,1,54,42,61,44,2,0,45,6,2,1,0,72,15,1,3,1,0,3,3,355,128,128,37,11,19,1,67,13,5,18,2,54,58,39,50,4,0
2021-09-12,Serie B,3678035,Cosenza,LR Vicenza,0.3989769820971867,0.4398976982097187,0.16112531969309463,2,1,0,43,8,6,1,0,71,9,0,1,1,1,5,3,356,161,90,31,0,24,3,79,9,3,16,3,68,64,53,53,2,0,57,11,4,1,0,78,21,3,3,4,0,3,8,450,184,169,46,24,30,3,75,10,1,7,4,43,36,47,45,3,0
2021-09-12,Serie B,3675399,Cremonese,Cittadella,0.33962264150943394,0.4746008708272859,0.18577648766328012,2,0,0,36,5,2,0,0,68,13,2,2,1,0,3,2,263,97,82,38,0,22,2,67,13,4,32,7,51,60,36,43,1,1,64,13,7,0,0,80,22,8,2,4,0,8,5,445,184,172,63,17,36,4,67,3,1,9,0,43,40,64,36,2,0
2021-09-12,Serie B,3675402,Pordenone,Parma Calcio 1913,0.211307824100514,0.431753283837807,0.35693889206167906,0,4,2,46,15,2,0,0,84,11,7,7,6,0,6,9,415,154,193,56,17,26,0,70,6,3,4,2,45,58,47,69,3,0,54,10,6,5,1,86,9,2,1,3,1,8,2,512,299,142,62,50,15,2,73,8,6,24,2,36,42,53,37,1,0
2021-09-17,Serie B,3675557,Como,Frosinone,0.28106095858538854,0.4839460214053048,0.23499302000930666,0,2,2,57,17,8,1,1,80,10,6,4,5,0,9,8,493,234,160,47,26,23,3,72,16,2,12,3,59,52,47,42,1,0,43,15,5,2,1,75,17,8,8,2,1,12,3,364,112,161,37,41,19,5,50,11,7,21,6,59,48,53,61,3,0
2021-09-17,Serie B,3675555,Brescia,Crotone,0.5228459530026109,0.37532637075718017,0.10182767624020887,2,2,1,44,14,3,1,0,76,14,3,7,4,0,9,5,395,162,140,49,38,23,1,58,16,3,22,1,59,54,48,50,1,0,56,9,3,1,0,79,11,7,3,3,0,5,4,498,228,167,55,21,24,1,71,9,4,12,1,56,46,52,33,4,0
2021-09-18,Serie B,3675554,Ascoli,Benevento,0.3358116480793061,0.4163568773234201,0.24783147459727387,0,2,2,49,12,3,0,0,81,22,3,7,2,0,3,9,387,147,166,49,8,27,3,44,11,0,8,1,56,47,57,32,4,0,51,8,3,2,1,82,19,3,5,0,0,8,0,403,218,114,54,13,25,0,55,16,2,22,3,58,53,43,45,6,0
2021-09-18,Serie B,3675559,Lecce,Alessandria,0.563953488372093,0.35319767441860467,0.08284883720930232,3,2,0,60,23,6,2,1,77,9,10,10,7,0,19,4,392,131,170,55,27,33,2,45,10,0,7,2,68,63,61,60,1,0,40,7,4,1,0,60,18,1,3,0,0,6,1,270,91,70,21,42,15,0,44,1,8,33,2,42,38,39,50,2,1
2021-09-18,Serie B,3675562,LFA Reggio Calabria,SPAL,0.32061068702290074,0.4618320610687023,0.21755725190839695,2,1,0,49,16,6,4,3,77,12,9,8,2,1,12,4,320,103,142,51,26,31,2,50,14,1,5,3,49,49,55,50,0,0,51,12,4,2,1,75,14,4,7,1,0,9,3,347,150,110,38,44,18,1,53,11,2,17,4,48,51,45,40,4,0
2021-09-18,Serie B,3675560,Monza,Ternana,0.5430016863406408,0.37099494097807756,0.08600337268128162,1,1,1,59,13,3,3,3,85,12,6,5,5,0,9,4,505,225,204,51,35,18,1,64,11,2,16,3,45,50,47,43,1,0,41,16,4,1,1,80,14,7,10,2,0,9,7,351,107,174,59,23,20,4,40,9,4,14,2,47,50,53,56,2,0
2021-09-18,Serie B,3678036,Perugia,Cosenza,0.44173441734417346,0.43902439024390244,0.11924119241192412,1,1,1,67,14,6,4,3,85,14,2,4,4,0,8,6,515,239,198,46,29,18,4,57,1,3,9,6,46,53,60,73,5,0,33,13,7,1,1,73,9,4,3,3,0,9,4,244,89,89,46,42,12,1,67,18,4,14,5,37,47,40,64,1,1
2021-09-18,Serie B,3675558,LR Vicenza,Pisa,0.22574257425742575,0.4415841584158416,0.3326732673267327,1,3,2,46,10,4,0,0,73,19,3,3,3,0,4,6,318,108,124,51,22,28,2,40,13,3,19,5,40,33,44,27,5,0,54,15,8,0,0,78,13,7,4,3,0,9,6,374,166,127,43,24,32,2,69,14,3,7,3,67,67,56,73,2,0
2021-09-18,Serie B,3675556,Cittadella,Pordenone,0.5743073047858942,0.3413098236775819,0.08438287153652393,1,0,0,50,8,3,1,0,66,19,3,5,0,0,5,3,333,108,113,31,13,34,2,82,9,3,23,0,46,48,29,13,5,0,50,9,0,0,0,63,17,3,6,3,0,5,4,330,98,109,37,35,34,2,88,10,0,17,2,69,52,71,22,2,0
2021-09-19,Serie B,3675561,Parma Calcio 1913,Cremonese,0.579044969865554,0.34075104311543813,0.08020398701900788,1,2,2,55,11,2,1,1,80,10,2,4,5,0,2,9,482,230,157,48,17,32,4,75,10,5,6,4,48,43,40,47,2,1,45,16,6,3,1,80,15,4,5,5,0,11,5,396,168,148,49,29,18,1,82,13,4,18,1,67,57,60,80,2,0
2021-09-20,Serie B,3675568,Frosinone,Brescia,0.3681375064135454,0.448178553104156,0.1836839404822986,2,2,1,41,18,9,4,2,78,13,5,5,4,0,12,6,346,122,148,53,24,27,5,73,4,5,19,1,55,49,52,50,4,0,59,12,3,3,1,83,15,4,4,5,0,9,3,498,241,173,48,30,20,2,54,10,3,22,7,55,51,48,61,2,0
2021-09-21,Serie B,3675563,Alessandria,Ascoli,0.3165829145728643,0.4738693467336683,0.20954773869346735,1,3,2,66,18,7,4,3,84,9,14,9,2,0,13,5,452,193,187,72,27,34,3,64,7,3,10,3,52,55,45,69,1,0,34,13,6,2,1,70,16,3,4,3,0,11,2,259,109,72,49,30,18,1,67,18,3,39,5,48,45,55,30,1,0
2021-09-21,Serie B,3675564,Benevento,Cittadella,0.4878765613519471,0.4129316678912564,0.09919177075679647,4,1,0,50,12,5,2,0,81,7,1,5,2,0,6,6,404,190,139,61,10,20,4,38,10,3,24,7,44,61,40,67,1,0,50,16,8,1,0,81,17,8,5,3,0,13,3,396,147,174,48,41,23,1,73,8,2,14,1,35,39,60,56,5,0
2021-09-21,Serie B,3678037,Cosenza,Como,0.38189300411522636,0.4806584362139918,0.1374485596707819,2,0,0,40,6,5,0,0,73,20,1,1,0,0,2,4,329,147,93,43,11,22,0,50,11,3,26,3,61,44,43,64,3,0,60,12,3,2,2,78,14,7,6,3,1,7,5,480,186,186,55,14,29,4,58,9,0,8,3,78,56,58,65,5,0
2021-09-21,Serie B,3675567,Crotone,Lecce,0.39312320916905447,0.4595988538681948,0.1472779369627507,0,3,2,62,18,3,1,1,84,13,10,10,5,0,13,5,538,213,240,64,33,27,0,58,5,1,6,0,55,42,58,33,1,0,38,9,3,4,1,71,15,3,5,1,0,6,3,342,166,76,43,14,28,1,36,11,5,31,3,59,58,42,64,2,0
2021-09-21,Serie B,3675569,Pisa,Monza,0.5068093385214008,0.3788910505836576,0.11429961089494163,2,1,0,40,10,4,1,1,77,17,3,6,0,0,7,3,330,140,115,40,7,16,4,42,9,2,12,3,53,46,61,60,3,0,60,11,4,1,0,83,14,4,5,2,0,4,7,505,261,157,50,31,21,0,67,4,0,12,2,54,54,39,43,4,1
2021-09-21,Serie B,3675570,Pordenone,LFA Reggio Calabria,0.28213166144200624,0.4882445141065831,0.22962382445141066,1,1,1,36,9,1,1,0,71,15,5,4,4,0,5,4,293,98,109,44,8,24,3,86,14,3,27,1,46,47,45,36,3,1,64,13,2,1,0,80,15,4,7,4,0,8,5,528,247,177,52,16,33,0,59,9,3,20,0,53,53,55,42,2,0
2021-09-21,Serie B,3675571,SPAL,LR Vicenza,0.5174693106704438,0.3918791312559018,0.0906515580736544,3,2,0,55,20,6,2,2,82,16,11,10,4,0,8,12,436,155,201,53,14,10,1,39,9,2,19,3,55,54,51,47,2,0,45,11,4,1,0,76,12,8,5,2,0,4,7,346,144,118,56,26,28,0,25,7,4,21,3,48,46,49,25,1,0
2021-09-22,Serie B,3675572,Ternana,Parma Calcio 1913,0.22896097790314998,0.461212976022567,0.30982604607428305,3,1,0,42,14,6,3,0,72,15,3,8,0,0,10,4,349,122,128,35,32,18,2,81,4,2,23,2,51,40,54,36,2,0,58,11,3,1,0,78,10,2,6,2,0,2,9,492,196,186,45,0,21,0,71,7,0,15,3,64,60,46,55,2,0
2021-09-22,Serie B,3675565,Cremonese,Perugia,0.484304932735426,0.3883408071748879,0.1273542600896861,0,3,2,66,21,4,2,2,81,18,9,14,3,1,11,10,462,130,244,75,30,28,0,88,3,0,5,1,51,47,62,60,4,0,34,8,4,2,0,62,13,1,4,0,0,5,3,244,82,70,23,0,22,6,46,19,3,24,4,45,53,38,40,2,1
2021-09-25,Serie B,3675573,Ascoli,Brescia,0.3368010403120936,0.4434330299089727,0.21976592977893367,2,3,2,51,19,4,2,2,84,12,5,10,5,0,12,7,425,199,158,57,50,18,2,57,11,5,15,5,40,44,35,36,2,1,49,22,9,2,0,83,13,9,9,4,0,17,5,393,144,183,46,34,22,2,55,10,5,11,2,56,56,65,50,1,0
2021-09-25,Serie B,3675574,Cittadella,Lecce,0.3305921052631579,0.4440789473684211,0.22532894736842105,1,2,2,55,12,5,1,1,74,13,2,4,3,1,6,6,403,154,146,40,17,30,3,50,13,4,15,1,54,55,48,100,3,0,45,12,3,2,0,69,15,5,5,4,0,9,3,337,101,130,42,30,32,7,80,13,4,23,3,50,45,52,45,3,0
2021-09-25,Serie B,3675575,Como,Benevento,0.21929824561403508,0.4166666666666667,0.36403508771929827,1,1,1,45,10,1,2,1,75,18,5,7,2,0,3,7,384,123,166,49,11,26,2,50,7,2,12,2,42,47,54,47,4,0,55,11,3,1,0,82,9,4,6,2,0,7,4,478,252,138,48,33,15,3,36,12,2,21,0,44,53,46,43,1,1
2021-09-25,Serie B,3675577,Monza,Pordenone,0.49233390119250425,0.38671209540034074,0.12095400340715502,3,1,0,57,16,5,3,2,83,16,6,7,4,0,14,2,473,218,173,41,25,24,1,43,13,4,17,3,43,49,57,33,3,0,43,12,4,1,0,75,16,4,3,5,0,4,8,347,141,119,44,17,15,4,58,15,4,12,2,40,51,43,0,2,0
2021-09-25,Serie B,3675580,LFA Reggio Calabria,Frosinone,0.3729166666666667,0.4395833333333333,0.1875,0,0,1,50,10,4,1,1,70,13,3,5,1,0,6,4,341,102,136,38,17,30,0,63,15,4,20,3,68,54,61,45,3,0,50,13,3,0,0,72,22,10,6,4,0,9,4,337,131,113,43,20,32,0,53,13,1,10,4,53,46,39,43,5,0
2021-09-25,Serie B,3678038,Cosenza,Crotone,0.3464788732394366,0.428169014084507,0.22535211267605634,1,0,0,34,8,6,0,0,67,8,1,1,1,0,2,6,276,114,72,29,0,26,1,69,12,3,24,4,53,52,59,47,1,0,66,13,4,0,0,83,13,4,5,4,0,8,5,526,168,270,59,11,25,2,64,6,1,7,5,45,48,41,69,4,0
2021-09-26,Serie B,3675579,Perugia,Alessandria,0.47110552763819097,0.38944723618090454,0.13944723618090452,1,1,1,62,12,4,1,0,80,17,7,6,2,0,8,4,445,188,166,50,15,28,0,88,2,5,11,2,47,49,52,56,4,0,38,12,3,1,0,69,19,4,4,5,0,7,5,273,77,111,28,40,22,0,55,11,2,30,3,47,51,48,55,3,0
2021-09-26,Serie B,3675578,Parma Calcio 1913,Pisa,0.3890818858560794,0.41687344913151364,0.19404466501240694,1,1,1,52,16,6,1,0,80,12,12,7,3,0,10,6,407,156,170,54,14,20,3,78,13,1,12,1,51,52,48,54,2,0,48,10,2,3,2,78,17,5,7,1,1,9,1,370,138,152,41,48,13,2,53,12,4,23,5,49,48,52,64,3,0
2021-09-26,Serie B,3675576,LR Vicenza,Cremonese,0.3114754098360656,0.46775956284153003,0.22076502732240438,0,1,2,45,8,0,2,2,74,20,5,7,1,2,5,3,349,169,88,45,19,28,3,44,7,2,8,2,48,43,62,46,6,1,55,11,3,1,0,79,13,1,5,3,0,9,2,437,200,147,59,20,22,1,45,6,1,22,0,47,57,38,40,3,0
2021-09-26,Serie B,3675581,Ternana,SPAL,0.31825273010920435,0.45085803432137284,0.23088923556942278,1,0,0,36,8,3,0,0,70,12,4,4,1,0,4,4,310,92,124,33,13,24,2,70,13,7,35,4,54,54,36,43,4,0,64,18,4,0,0,84,14,5,7,7,0,6,12,556,196,272,58,22,18,1,47,14,1,16,2,61,46,64,43,1,0
2021-10-01,Serie B,3675588,Lecce,Monza,0.4736469755925009,0.4074991156703219,0.11885390873717722,3,0,0,41,15,6,6,3,68,15,5,5,4,0,10,5,259,91,84,38,17,22,5,52,8,0,11,1,62,55,50,45,0,0,59,2,1,0,0,75,21,2,1,0,0,2,0,383,167,120,36,10,27,0,53,4,0,22,3,54,45,50,42,0,0
2021-10-02,Serie B,3678039,Alessandria,Cosenza,0.3714788732394366,0.4154929577464789,0.2130281690140845,1,0,0,47,8,1,1,0,75,14,7,5,2,1,4,4,321,126,116,50,24,13,1,64,9,2,22,1,60,51,58,58,2,0,53,4,1,0,0,77,8,5,1,2,0,2,2,372,161,126,46,0,23,0,56,11,2,7,0,52,49,42,44,0,0
2021-10-02,Serie B,3675584,Cremonese,Ternana,0.4072790294627383,0.44714038128249567,0.14558058925476602,2,0,0,46,10,4,2,1,71,16,4,4,2,0,7,3,367,133,127,49,18,20,0,57,17,6,31,3,54,41,46,69,2,0,54,17,4,1,1,73,9,10,8,5,0,5,12,438,121,197,38,12,26,2,47,8,2,21,2,73,59,54,71,2,0
2021-10-02,Serie B,3675586,Crotone,Ascoli,0.41483516483516486,0.4175824175824176,0.16758241758241757,2,2,1,37,9,3,2,0,72,18,5,4,2,0,8,1,261,110,78,35,56,20,4,63,13,6,20,4,56,51,50,75,3,1,63,15,6,2,0,85,18,11,3,6,0,10,5,435,174,197,62,15,27,2,79,7,2,7,1,54,49,50,47,4,0
2021-10-02,Serie B,3675587,Frosinone,Cittadella,0.4492753623188406,0.43478260869565216,0.11594202898550725,0,1,2,55,13,4,1,1,76,14,5,6,3,0,8,5,418,158,160,46,14,42,2,44,12,1,9,3,53,43,48,24,1,0,45,12,4,5,5,72,20,3,7,1,0,9,3,346,136,113,31,7,19,3,75,17,3,30,4,64,57,52,71,6,0
2021-10-02,Serie B,3675589,Pisa,LFA Reggio Calabria,0.5387488328664799,0.36507936507936506,0.096171802054155,2,0,0,48,14,6,1,0,78,20,12,6,2,1,10,4,322,111,139,39,30,15,0,71,16,4,19,2,55,51,61,44,2,0,52,15,2,2,2,77,18,9,9,4,0,9,6,356,158,116,46,16,21,1,58,8,2,23,5,46,49,39,17,2,1
2021-10-02,Serie B,3675591,SPAL,Parma Calcio 1913,0.3637137989778535,0.41652470187393525,0.21976149914821125,2,2,1,56,27,9,0,0,80,14,7,6,12,0,11,16,470,196,178,51,32,21,0,71,12,5,13,1,51,49,33,67,4,0,44,11,3,2,2,76,14,4,3,5,1,9,2,369,178,104,45,11,23,4,70,10,12,17,7,61,51,67,47,3,1
2021-10-03,Serie B,3675583,Brescia,Como,0.5698529411764706,0.3448529411764706,0.08529411764705883,2,4,2,68,23,3,2,1,84,17,11,8,12,0,13,10,553,198,269,60,30,22,0,38,6,4,13,1,61,52,59,56,1,1,32,12,5,4,0,69,7,6,3,4,1,9,3,265,100,84,39,24,13,0,64,12,12,27,1,51,48,41,29,2,0
2021-10-03,Serie B,3675590,Pordenone,LR Vicenza,0.40029542097488924,0.46971935007385524,0.12998522895125553,2,4,2,44,18,5,4,2,72,18,3,7,6,1,10,8,305,85,135,35,27,29,1,50,9,2,20,7,52,45,36,58,2,0,56,22,11,3,0,76,20,1,9,2,0,11,11,407,178,131,55,22,23,1,65,12,6,22,3,69,55,64,76,5,0
2021-10-03,Serie B,3675582,Benevento,Perugia,0.5378831694621168,0.3805668016194332,0.08155002891844997,0,0,1,62,18,3,0,0,79,12,6,11,4,0,7,11,410,184,139,51,21,28,1,50,5,5,11,5,59,70,54,57,4,0,38,15,5,2,2,66,27,2,5,5,0,10,5,260,70,102,40,27,17,2,80,8,3,26,3,33,30,46,14,1,0
2021-10-16,Serie B,3675592,Ascoli,Lecce,0.7659574468085106,0.22340425531914893,0.010638297872340425,1,1,1,60,12,5,1,1,77,27,4,6,1,1,7,5,436,160,174,41,38,26,2,61,8,2,13,5,69,45,51,38,5,0,40,9,6,2,1,72,22,2,1,2,0,6,3,271,109,87,52,5,22,3,55,10,1,16,4,78,55,49,31,3,0
2021-10-16,Serie B,3675596,Crotone,Pisa,0.29775880469583776,0.35218783351120597,0.35005336179295626,2,1,0,43,10,4,2,1,63,18,3,3,3,0,5,5,279,81,94,33,0,30,2,40,11,3,21,5,46,44,42,56,4,0,57,20,6,3,3,74,13,12,10,4,0,12,8,344,116,137,46,29,21,3,33,5,3,9,2,60,56,58,63,1,0
2021-10-16,Serie B,3675597,LR Vicenza,LFA Reggio Calabria,0.3076923076923077,0.15384615384615385,0.5384615384615384,0,1,2,46,13,3,1,1,72,23,5,8,2,1,6,7,367,138,125,38,25,28,2,86,8,3,13,1,44,44,53,56,4,0,54,11,2,0,0,77,13,3,6,3,0,6,5,448,194,151,41,36,22,2,40,12,2,10,3,48,56,47,33,1,0
2021-10-16,Serie B,3675600,Pordenone,Ternana,0.42857142857142855,0.19047619047619047,0.38095238095238093,1,3,2,51,15,4,0,0,74,17,10,9,2,1,11,4,401,134,161,35,26,21,1,70,7,7,18,2,59,53,40,56,3,0,49,17,5,3,0,77,14,4,5,7,1,9,8,405,118,192,51,7,25,3,62,11,2,32,3,62,47,60,45,2,0
2021-10-16,Serie B,3678040,Cosenza,Frosinone,0.30198019801980197,0.42326732673267325,0.2747524752475248,1,1,1,48,3,2,1,0,75,11,1,0,1,0,2,1,404,170,133,46,0,20,1,63,8,9,30,8,51,52,36,38,3,0,52,23,9,3,2,75,18,8,5,9,0,15,8,414,132,177,42,41,33,1,74,6,1,6,1,55,48,64,42,3,0
2021-10-16,Serie B,3675599,Perugia,Brescia,0.27001862197392923,0.41527001862197394,0.31471135940409684,1,0,0,43,8,1,1,0,71,18,6,6,1,0,6,2,314,122,101,34,19,27,5,45,13,2,24,1,58,47,34,47,4,0,57,5,1,0,0,78,20,3,2,2,0,3,2,417,162,165,55,8,33,1,73,12,1,12,0,75,53,66,55,3,0
2021-10-16,Serie B,3675594,Como,Alessandria,0.37037037037037035,0.4588477366255144,0.17078189300411523,2,0,0,50,12,7,3,2,81,15,2,3,2,0,6,6,447,182,181,49,24,13,2,38,13,1,10,2,54,59,57,70,1,0,50,6,2,0,0,80,18,0,3,1,0,2,4,463,208,162,52,27,25,2,27,10,2,15,5,38,41,43,33,0,0
2021-10-17,Serie B,3675595,Cremonese,Benevento,0.35202492211838005,0.37590861889927313,0.2720664589823468,1,1,1,39,9,2,2,1,72,13,2,5,2,0,7,2,298,98,116,54,5,24,0,61,19,4,19,3,46,51,44,47,1,0,61,15,4,0,0,80,13,10,6,5,0,8,7,479,245,139,47,10,31,3,50,11,2,12,1,46,49,56,58,2,0
2021-10-17,Serie B,3675598,Parma Calcio 1913,Monza,0.49970777323202803,0.39392168322618354,0.10637054354178843,0,0,1,48,17,3,0,0,87,10,5,9,5,1,9,8,386,129,207,72,8,29,1,64,6,5,14,2,44,46,50,54,4,0,52,10,2,1,1,85,9,9,3,5,0,8,2,412,207,142,64,26,15,0,71,7,5,27,3,50,54,50,73,3,1
2021-10-17,Serie B,3675593,Cittadella,SPAL,0.4065573770491803,0.3954098360655738,0.1980327868852459,0,0,1,52,10,4,0,0,73,26,5,2,4,0,6,4,345,125,127,45,19,32,1,64,11,1,20,3,59,45,46,38,2,0,48,10,3,0,0,64,21,5,6,1,0,6,4,324,95,111,45,31,33,1,29,8,4,17,4,70,55,54,57,2,0
2021-10-22,Serie B,3675601,Alessandria,Crotone,0.28236443575964826,0.42794333170493404,0.2896922325354177,1,0,0,40,19,7,4,3,59,16,13,2,10,0,11,8,234,45,93,34,36,24,1,30,13,5,24,3,58,47,61,64,4,0,60,14,3,1,1,72,15,7,6,5,1,7,7,360,114,145,45,22,26,0,75,11,10,20,6,52,53,39,53,2,1
2021-10-23,Serie B,3678041,Benevento,Cosenza,0.5391389432485323,0.35518590998043054,0.10567514677103718,3,0,0,61,16,6,5,2,84,14,4,8,2,0,10,6,551,281,182,48,21,15,5,83,13,2,14,0,51,51,54,64,1,0,39,7,0,0,0,78,14,5,5,2,0,5,2,344,136,132,39,18,24,0,53,6,2,11,3,47,49,46,50,1,0
2021-10-23,Serie B,3675604,Lecce,Perugia,0.5171192443919717,0.36363636363636365,0.1192443919716647,0,0,1,57,13,4,2,2,75,20,5,7,2,1,11,2,417,175,139,54,34,27,1,81,15,0,10,0,52,51,58,43,0,0,43,6,0,0,0,69,15,5,5,1,0,1,5,325,150,75,38,17,24,2,75,10,0,25,3,46,49,42,100,0,0
2021-10-23,Serie B,3675605,Monza,Cittadella,0.4168260038240918,0.4091778202676864,0.1739961759082218,1,0,0,57,10,3,1,0,83,14,7,5,2,1,5,5,413,203,138,62,18,23,0,62,14,5,26,2,49,50,45,35,3,0,43,14,2,0,0,73,15,13,6,6,2,8,6,286,99,111,48,27,33,5,65,16,2,17,2,52,50,55,50,1,0
2021-10-23,Serie B,3675609,Ternana,LR Vicenza,0.48175182481751827,0.3844282238442822,0.13381995133819952,5,0,0,50,14,6,4,0,81,10,2,5,3,0,8,6,456,152,217,50,39,24,1,67,13,1,11,0,49,54,48,47,3,0,50,11,0,2,2,83,12,2,10,1,1,6,5,452,266,109,54,44,17,1,58,13,2,11,1,45,46,52,58,5,1
2021-10-23,Serie B,3675603,Frosinone,Ascoli,0.41047297297297297,0.44256756756756754,0.14695945945945946,2,1,0,40,15,2,1,0,72,13,9,7,6,0,10,5,283,98,107,28,13,16,5,63,20,2,17,2,37,45,31,40,2,0,60,8,3,1,0,79,8,6,3,2,0,2,6,459,195,168,51,7,26,1,64,13,6,25,0,57,55,69,40,1,0
2021-10-23,Serie B,3675602,Brescia,Cremonese,0.4641393442622951,0.4036885245901639,0.13217213114754098,1,0,0,56,9,2,0,0,81,17,7,3,4,0,7,2,458,175,195,53,21,22,9,43,7,2,18,2,42,43,41,53,1,0,44,12,2,3,3,77,6,4,7,3,0,9,3,371,156,131,50,35,16,2,82,4,4,26,1,58,57,59,43,1,0
2021-10-24,Serie B,3675606,Pisa,Pordenone,0.5954968944099379,0.3136645962732919,0.09083850931677019,1,1,1,48,8,2,0,0,75,20,5,3,3,0,5,3,295,115,105,43,33,31,2,44,12,6,20,2,49,43,54,50,1,0,52,12,3,2,1,75,20,7,3,6,0,8,4,308,97,134,54,16,21,1,63,8,2,16,1,56,57,46,27,2,0
2021-10-24,Serie B,3675607,LFA Reggio Calabria,Parma Calcio 1913,0.2724014336917563,0.4544802867383513,0.2731182795698925,2,1,0,41,16,6,5,3,76,12,2,5,5,0,10,6,295,122,102,46,31,22,1,50,10,4,21,2,50,46,65,29,5,0,59,11,3,0,0,81,19,7,4,4,0,6,5,430,148,200,43,27,33,1,35,11,4,13,4,49,54,35,67,5,0
2021-10-24,Serie B,3675608,SPAL,Como,0.46985915492957747,0.41183098591549294,0.11830985915492957,1,1,1,64,28,15,1,1,86,10,10,8,5,0,10,18,497,175,254,69,29,23,2,67,8,1,11,6,51,47,39,48,0,0,36,13,7,2,1,68,18,4,4,2,2,6,7,278,106,82,54,20,16,5,63,16,4,30,15,62,53,61,65,0,0
2021-10-27,Serie B,3678042,Cosenza,Ternana,0.28763440860215056,0.4525089605734767,0.25985663082437277,3,1,0,35,12,6,3,1,64,10,0,2,4,0,4,8,329,103,109,34,50,16,1,33,10,9,32,6,57,51,61,69,1,0,65,22,7,3,3,81,13,2,5,10,0,14,8,580,183,287,69,20,34,1,80,12,4,7,4,49,49,39,52,0,0
2021-10-27,Serie B,3675617,LR Vicenza,Monza,0.24306326304106549,0.4439511653718091,0.3129855715871254,1,1,1,40,12,5,0,0,79,22,3,4,3,1,4,8,360,171,114,40,33,22,2,60,8,3,13,1,53,53,48,29,3,0,60,8,2,1,0,85,13,4,3,3,0,5,3,555,258,214,64,25,18,2,64,11,3,15,4,50,47,52,12,1,0
2021-10-28,Serie B,3675610,Alessandria,Frosinone,0.27088452088452086,0.4523955773955774,0.27671990171990174,1,1,1,40,10,1,1,0,58,13,4,8,1,0,5,5,285,87,77,36,17,14,2,50,10,4,19,4,63,51,46,67,1,0,60,17,5,1,1,71,18,5,8,4,0,10,7,415,123,170,42,32,30,2,50,6,1,8,0,66,49,54,53,5,0
2021-10-28,Serie B,3675611,Ascoli,SPAL,0.33884992987377277,0.45834502103786817,0.20280504908835906,0,1,2,56,17,7,0,0,75,20,4,7,3,0,9,8,414,161,148,45,33,22,2,71,8,2,16,1,70,52,53,57,5,0,44,9,2,0,0,72,26,3,5,2,0,2,7,325,91,144,31,24,21,1,57,21,2,18,7,64,48,47,35,4,0
2021-10-28,Serie B,3675612,Brescia,Lecce,0.3974635725849973,0.4490016189962223,0.15353480841878037,1,1,1,51,16,5,4,4,77,14,7,8,3,1,11,5,387,164,133,44,18,30,2,60,6,3,19,4,54,55,38,67,0,0,49,12,5,0,0,78,14,9,4,3,1,5,7,369,179,107,43,21,31,4,79,7,2,39,4,59,45,63,43,1,0
2021-10-28,Serie B,3675613,Cittadella,Parma Calcio 1913,0.28592505163765125,0.4547064030687518,0.25936854529359693,1,2,2,53,14,4,3,2,78,25,3,7,3,0,9,5,460,168,190,38,29,27,2,27,8,1,14,0,48,44,46,64,5,0,47,5,2,1,0,74,9,1,2,1,0,3,2,431,167,153,57,33,22,6,43,16,2,15,3,60,56,54,50,1,0
2021-10-28,Serie B,3675614,Como,Pordenone,0.45145797598627785,0.4236706689536878,0.1248713550600343,1,0,0,38,13,4,4,3,77,21,1,5,4,1,7,6,353,141,130,49,36,15,3,53,5,0,35,3,57,44,51,50,0,0,62,18,3,1,1,83,15,4,6,9,0,6,12,592,208,285,53,13,26,0,71,12,0,10,3,67,56,49,76,0,0
2021-10-28,Serie B,3675615,Cremonese,Pisa,0.2888239116309292,0.43567251461988304,0.27550357374918777,1,1,1,68,18,4,2,1,79,9,9,7,7,0,11,7,468,163,208,60,17,31,2,59,14,4,20,5,64,52,53,43,0,0,32,13,6,1,1,64,23,8,3,4,0,9,4,212,60,75,42,29,25,0,63,15,7,40,3,59,48,47,69,4,0
2021-10-28,Serie B,3675616,Crotone,Benevento,0.2784984819210599,0.4269942036985923,0.2945073143803478,0,2,2,51,5,2,1,1,76,12,6,2,1,0,2,3,401,115,190,43,22,33,2,60,10,1,12,3,49,54,37,50,1,1,49,13,5,1,0,76,12,3,6,2,0,6,7,391,191,108,44,9,22,4,43,8,1,24,2,54,46,63,45,1,0
2021-10-28,Serie B,3675618,Perugia,LFA Reggio Calabria,0.3427536231884058,0.48333333333333334,0.17391304347826086,0,2,2,59,20,3,1,1,82,13,4,8,9,0,7,13,497,209,197,50,8,22,0,57,9,0,15,1,61,57,45,64,3,0,41,4,3,1,0,74,21,2,1,0,0,4,0,351,125,135,43,31,21,4,36,12,9,26,3,54,43,55,53,3,0
2021-11-01,Serie B,3675619,Benevento,Brescia,0.520435069215557,0.36750164798945284,0.11206328279499012,0,1,2,62,13,3,1,1,86,10,9,5,5,0,5,8,513,303,140,58,0,17,3,43,6,0,16,2,45,53,55,47,2,0,38,8,3,1,0,73,15,6,5,0,0,5,3,300,126,94,36,33,20,3,38,9,4,21,3,39,47,45,45,3,0
2021-11-01,Serie B,3675620,Frosinone,Crotone,0.4204576043068641,0.4347240915208614,0.14481830417227456,2,1,0,59,11,3,1,0,82,12,7,3,5,1,8,3,472,182,204,54,7,26,0,50,12,1,12,5,46,36,44,33,4,0,41,13,6,1,0,73,14,4,5,2,0,11,2,332,153,89,34,36,20,2,65,11,5,36,1,71,64,56,92,2,0
2021-11-01,Serie B,3678043,Lecce,Cosenza,0.4855923159018143,0.41355389541088583,0.1008537886872999,3,1,0,58,18,8,3,2,83,16,3,9,1,2,10,8,534,237,207,47,40,17,1,56,12,0,5,0,48,53,41,67,2,0,42,5,1,0,0,75,13,1,4,0,0,2,3,396,177,120,42,50,20,0,33,14,1,14,5,47,47,59,58,2,0
2021-11-01,Serie B,3675625,LFA Reggio Calabria,Cittadella,0.4606741573033708,0.42762723066754793,0.1116986120290813,0,1,2,50,17,6,2,2,66,13,6,7,4,0,11,6,423,145,133,38,36,29,5,63,9,3,14,3,67,63,47,55,3,0,50,14,4,1,0,69,24,4,6,4,0,8,6,438,120,183,32,27,18,2,82,6,4,23,6,51,37,53,36,4,0
2021-11-01,Serie B,3675621,Monza,Alessandria,0.45501618122977344,0.43980582524271844,0.10517799352750809,1,0,0,49,6,1,2,1,73,14,1,4,1,0,2,4,361,178,86,40,43,25,2,53,10,1,21,2,57,60,48,56,3,0,51,9,2,0,0,76,23,4,6,1,0,5,4,361,116,160,52,15,33,2,58,6,1,12,0,43,40,52,50,3,0
2021-11-01,Serie B,3675626,SPAL,Perugia,0.4420378279438682,0.44508846857840145,0.11287370347773032,1,2,2,50,14,2,3,2,79,16,3,8,4,0,7,7,381,150,151,61,35,12,2,63,9,0,15,2,50,57,65,80,0,0,50,21,4,4,3,78,22,7,9,8,1,15,6,382,193,104,47,29,13,1,83,11,0,15,1,34,43,35,43,0,0
2021-11-01,Serie B,3675627,Ternana,Como,0.4074475777295734,0.4591467823571945,0.1334056399132321,1,2,2,61,29,6,4,4,80,16,10,13,10,2,16,13,471,116,263,46,27,25,0,45,9,1,10,1,53,53,52,55,3,0,39,8,3,1,0,67,13,2,4,1,0,5,3,316,112,100,41,20,8,0,53,8,9,29,5,48,47,48,31,1,0
2021-11-01,Serie B,3675622,Parma Calcio 1913,LR Vicenza,0.5232558139534884,0.38473205257836196,0.09201213346814964,1,0,0,46,11,4,2,2,79,12,5,5,2,0,4,7,374,136,161,36,20,19,2,58,3,4,21,6,52,59,40,60,1,1,54,13,6,1,1,87,24,7,3,4,0,6,7,442,214,172,55,24,24,0,56,9,2,16,3,41,41,60,44,2,1
2021-11-01,Serie B,3675623,Pisa,Ascoli,0.5087857330186205,0.3915552058746394,0.0996590611067401,1,1,1,50,13,1,0,0,72,11,2,10,2,0,9,4,345,128,121,55,17,31,4,38,15,7,18,5,65,53,53,59,3,0,50,15,6,1,0,68,17,4,2,7,0,7,8,352,101,137,46,15,29,0,67,18,1,22,0,57,47,47,69,4,0
2021-11-01,Serie B,3675624,Pordenone,Cremonese,0.2798581001182499,0.43713046905794245,0.28301143082380764,2,2,1,55,16,5,2,0,71,13,5,5,6,0,9,7,409,174,116,45,28,32,4,50,9,5,19,4,52,57,48,29,2,0,45,13,6,0,0,70,19,3,2,5,0,8,5,344,126,116,41,20,37,0,46,12,5,18,3,43,43,52,42,2,0
2021-11-05,Serie B,3678044,Cosenza,LFA Reggio Calabria,0.32387156817124246,0.4350860865518846,0.24104234527687296,0,1,2,45,13,2,1,1,77,14,7,6,5,0,7,6,372,181,107,41,39,14,1,58,7,2,16,3,53,56,55,50,1,0,55,12,4,0,0,86,18,5,6,2,0,7,5,453,175,214,53,24,17,1,57,8,5,17,2,42,44,45,57,5,0
2021-11-06,Serie B,3675628,Alessandria,Ternana,0.3443830570902394,0.4419889502762431,0.2136279926335175,0,2,2,60,19,5,1,1,75,15,8,9,5,0,14,5,394,110,186,47,21,33,3,71,11,2,12,0,62,57,50,50,1,0,40,6,2,1,0,60,22,3,2,2,0,4,2,289,84,89,22,36,11,2,57,12,5,31,5,52,43,50,40,3,0
2021-11-06,Serie B,3675629,Ascoli,LR Vicenza,0.4918032786885246,0.3843351548269581,0.12386156648451731,2,1,0,44,17,3,1,0,72,18,4,8,6,1,9,8,323,97,135,44,20,21,1,46,13,1,24,1,63,51,66,82,2,0,56,10,2,1,0,77,16,5,7,1,1,7,3,405,183,127,52,22,19,1,83,6,5,15,2,49,49,34,78,3,0
2021-11-06,Serie B,3675633,Como,Perugia,0.38869257950530034,0.411660777385159,0.19964664310954064,4,1,0,38,13,9,2,0,76,12,5,2,2,1,9,4,306,136,97,54,31,12,0,62,17,0,14,3,46,55,50,67,0,0,62,18,4,3,2,86,19,5,8,6,1,13,5,495,190,236,66,28,20,0,71,5,0,10,5,39,45,50,60,0,0
2021-11-06,Serie B,3675634,Cremonese,SPAL,0.3505654281098546,0.42326332794830374,0.22617124394184168,1,1,1,48,15,2,1,0,71,23,5,4,9,0,7,8,353,118,133,38,24,25,1,70,13,3,18,2,53,45,65,44,4,0,52,12,4,0,0,73,19,6,6,2,0,9,3,382,180,99,52,33,22,1,91,15,8,31,1,52,55,35,50,2,0
2021-11-06,Serie B,3675631,Brescia,Pordenone,0.5971563981042654,0.3109004739336493,0.09194312796208531,1,0,0,47,11,4,2,1,77,24,3,4,3,0,5,6,410,182,134,37,27,24,2,55,11,5,24,2,50,46,43,22,3,0,53,10,2,0,0,77,15,10,3,5,0,8,2,443,192,147,45,22,31,3,50,8,2,13,3,61,54,57,54,3,0
2021-11-06,Serie B,3675630,Benevento,Frosinone,0.5142095914742452,0.3605683836589698,0.12522202486678508,1,4,2,45,14,8,2,1,79,13,9,2,4,0,12,2,340,156,113,48,23,16,1,64,7,1,17,4,42,45,47,29,3,1,55,19,8,3,2,85,14,6,10,1,2,12,7,433,183,187,63,17,23,4,50,4,5,26,6,50,55,53,59,3,0
2021-11-07,Serie B,3675636,Lecce,Parma Calcio 1913,0.3996023856858847,0.4115308151093439,0.18886679920477137,4,0,0,50,19,10,3,1,87,15,4,5,4,0,14,5,430,229,146,63,30,19,2,42,7,6,10,0,44,49,55,71,2,0,50,11,0,1,1,85,13,7,5,6,0,4,7,437,190,181,48,19,9,2,67,7,4,12,6,44,51,45,46,1,0
2021-11-07,Serie B,3675635,Crotone,Monza,0.34536082474226804,0.44587628865979384,0.20876288659793815,1,1,1,51,20,5,0,0,77,14,11,9,6,0,11,9,418,181,142,56,40,19,1,80,12,0,12,3,57,56,41,73,0,0,49,9,4,1,1,79,18,5,2,3,0,6,3,404,164,155,48,29,25,1,58,12,0,15,4,53,44,59,69,0,0
2021-11-07,Serie B,3675632,Cittadella,Pisa,0.3228346456692913,0.40507436570428695,0.27209098862642167,2,0,0,66,14,3,0,0,84,22,6,7,4,1,9,5,510,167,263,57,35,20,8,63,9,1,15,2,47,46,50,50,3,0,34,6,2,0,0,65,13,5,2,2,0,2,4,247,65,95,45,23,19,0,67,2,4,14,1,52,54,50,31,1,3
2021-11-20,Serie B,3675637,Frosinone,Lecce,0.326302729528536,0.39826302729528534,0.27543424317617865,0,0,1,52,8,1,0,0,76,20,4,3,4,0,7,1,410,169,144,52,21,28,2,57,9,4,10,2,54,51,52,67,4,0,48,10,2,1,1,74,14,2,4,4,0,6,4,382,152,129,31,33,30,1,75,11,4,15,1,51,49,48,58,2,0
2021-11-20,Serie B,3675642,Pordenone,Ascoli,0.3055555555555556,0.40674603174603174,0.2876984126984127,0,1,2,57,9,2,0,0,79,14,5,4,3,0,5,4,439,160,187,45,12,22,3,58,12,2,16,5,56,64,31,54,3,0,43,13,6,1,1,74,19,6,5,2,1,10,3,335,116,131,47,20,20,0,33,15,3,27,2,50,36,69,33,3,0
2021-11-20,Serie B,3675644,SPAL,Alessandria,0.5050215208034433,0.3629842180774749,0.13199426111908177,2,3,2,66,12,2,1,1,83,14,5,10,0,2,7,5,536,255,192,66,5,33,1,56,9,1,18,5,45,50,52,60,2,1,34,11,8,2,0,68,15,7,2,1,0,9,2,263,85,94,47,15,24,3,42,11,0,27,0,44,50,48,58,2,0
2021-11-20,Serie B,3675645,Ternana,Cittadella,0.38169642857142855,0.43973214285714285,0.17857142857142858,1,1,1,50,13,4,2,2,66,16,4,7,2,0,8,5,383,106,148,42,24,42,4,55,12,3,16,3,62,47,63,53,2,0,50,12,4,1,1,66,16,2,5,3,0,7,5,393,120,138,31,29,27,0,59,7,2,24,3,56,53,37,54,2,0
2021-11-20,Serie B,3675640,Perugia,Crotone,0.3470319634703196,0.3995433789954338,0.2534246575342466,2,0,0,42,12,3,3,1,74,9,3,8,1,0,7,5,313,119,114,39,29,25,1,44,17,8,18,2,60,63,45,45,0,0,58,16,2,0,0,78,22,5,6,8,0,9,7,446,211,136,64,27,28,1,62,9,1,7,1,45,38,55,60,0,0
2021-11-20,Serie B,3675638,LR Vicenza,Brescia,0.20833333333333334,0.3416666666666667,0.45,2,3,2,49,19,6,4,4,65,17,9,11,2,3,10,9,347,129,98,45,26,33,2,72,10,0,11,3,46,44,37,31,4,0,51,6,6,3,1,72,11,5,0,0,0,5,1,387,148,130,45,15,30,1,53,6,2,38,4,65,56,63,58,3,0
2021-11-21,Serie B,3675643,LFA Reggio Calabria,Cremonese,0.44175824175824174,0.4593406593406593,0.0989010989010989,1,2,2,51,12,2,1,0,71,14,3,6,4,1,7,5,375,153,114,41,22,30,1,53,9,7,19,6,51,47,56,23,3,0,49,18,8,3,2,72,12,5,3,7,1,14,4,369,141,124,34,6,24,0,67,12,4,12,1,51,53,44,58,1,0
2021-11-21,Serie B,3678045,Parma Calcio 1913,Cosenza,0.4978386167146974,0.4048991354466859,0.09726224783861671,1,1,1,52,6,3,2,1,81,13,2,3,0,0,4,2,504,212,194,40,22,16,5,54,5,3,13,6,39,33,56,40,4,0,48,16,7,1,1,80,10,6,6,3,1,6,10,455,208,157,44,29,22,1,55,12,0,18,2,61,67,44,61,2,0
2021-11-21,Serie B,3675639,Monza,Como,0.3852739726027397,0.4743150684931507,0.1404109589041096,3,2,0,60,16,4,2,1,85,15,8,8,4,2,12,4,491,197,219,61,35,19,0,50,4,5,17,2,47,48,43,53,0,0,40,13,4,2,0,77,15,3,4,5,0,6,7,320,128,119,49,30,15,2,50,11,4,8,1,54,52,57,50,0,0
2021-11-21,Serie B,3675641,Pisa,Benevento,0.33951406649616367,0.4322250639386189,0.22826086956521738,1,0,0,34,9,1,1,1,63,20,5,7,1,0,3,6,261,89,75,34,18,19,3,70,11,7,39,6,42,50,47,60,2,0,66,18,6,1,1,82,15,9,4,8,0,10,8,507,193,225,59,15,24,4,67,9,1,14,0,44,50,53,38,3,0
2021-11-26,Serie B,3675651,Crotone,LR Vicenza,0.47377809489832323,0.4241883696039957,0.10203353549768106,0,1,2,65,12,2,0,0,82,9,9,3,7,0,4,8,552,261,189,54,21,27,1,73,11,4,10,5,54,54,45,50,2,0,35,17,6,2,2,66,13,2,7,4,0,11,6,291,106,86,41,23,22,2,76,16,7,23,2,52,46,55,58,2,0
2021-11-26,Serie B,3675654,Lecce,Ternana,0.49757722592368264,0.40672319806178076,0.09569957601453664,3,3,1,57,17,7,3,2,81,20,8,4,6,0,11,6,450,189,175,44,20,22,2,67,13,2,11,4,49,41,72,75,1,0,43,10,7,4,2,73,13,5,1,2,0,6,4,359,126,137,34,20,23,0,47,3,5,28,4,49,59,28,73,3,0
2021-11-27,Serie B,3675646,Alessandria,Cremonese,0.3410526315789474,0.4631578947368421,0.1957894736842105,1,0,0,38,9,4,2,2,57,18,4,4,1,0,9,0,265,81,71,31,38,21,2,57,10,1,25,5,54,51,40,33,5,0,62,10,5,2,2,73,20,9,4,1,1,9,1,423,119,189,47,32,32,1,62,9,1,10,3,61,49,60,57,1,0
2021-11-27,Serie B,3675647,Ascoli,Monza,0.3539518900343643,0.44673539518900346,0.19931271477663232,1,1,1,40,13,6,3,2,73,22,5,6,1,2,10,3,253,79,106,41,18,18,2,55,16,0,19,2,63,54,50,40,3,0,60,13,3,1,0,81,20,14,10,0,0,10,3,382,167,143,57,31,19,1,53,6,1,15,5,56,46,50,40,5,0
2021-11-27,Serie B,3675648,Benevento,LFA Reggio Calabria,0.47139588100686497,0.39359267734553777,0.13501144164759726,4,0,0,49,27,7,3,1,84,12,11,13,7,1,15,12,436,211,155,54,42,19,1,70,6,1,19,3,48,53,56,65,1,0,51,7,3,0,0,85,10,5,3,1,0,5,2,449,187,193,44,23,9,2,57,5,7,21,3,41,47,44,38,3,0
2021-11-27,Serie B,3678046,Cosenza,SPAL,0.2971887550200803,0.4738955823293173,0.2289156626506024,0,1,2,64,16,3,0,0,86,18,10,7,6,0,7,9,535,212,250,54,27,28,1,65,5,0,7,1,46,52,40,91,2,0,36,4,2,2,2,75,9,4,2,0,0,4,0,312,143,92,45,33,19,1,67,15,6,18,3,48,48,60,44,3,1
2021-11-27,Serie B,3675653,Frosinone,Pordenone,0.5395408163265306,0.35841836734693877,0.10204081632653061,2,2,1,61,26,7,2,1,82,10,6,9,10,1,15,11,469,146,238,59,31,29,4,78,9,1,9,0,46,43,63,58,5,0,39,10,2,4,2,71,8,2,6,2,1,6,4,304,130,85,30,18,20,0,69,17,9,30,5,45,57,37,60,3,1
2021-11-27,Serie B,3675649,Brescia,Pisa,0.44742063492063494,0.40773809523809523,0.14484126984126985,0,1,2,55,4,1,0,0,75,15,2,1,2,0,2,2,398,137,160,57,19,26,2,73,11,2,15,3,68,53,67,57,5,0,45,16,4,1,1,67,13,7,10,2,1,10,6,324,114,103,33,20,42,0,50,15,2,15,1,51,47,33,50,5,0
2021-11-27,Serie B,3675655,Perugia,Cittadella,0.38394160583941606,0.47737226277372263,0.1386861313868613,1,1,1,34,10,5,2,1,67,19,3,4,1,0,7,3,245,80,85,31,13,24,5,59,13,6,27,2,48,44,47,64,3,0,66,15,3,2,1,80,9,5,6,6,0,10,5,456,154,209,51,10,31,0,67,10,1,12,4,58,56,53,73,3,0
2021-11-28,Serie B,3675650,Como,Parma Calcio 1913,0.29147078576225655,0.40631296171927467,0.3022162525184688,1,1,1,48,13,5,2,1,77,9,5,1,7,0,9,4,376,181,108,40,24,17,2,44,7,2,13,5,63,66,49,67,2,0,52,12,6,3,2,77,23,6,3,3,0,10,2,398,120,188,48,18,19,0,55,5,7,16,4,42,34,51,38,4,0
2021-11-29,Serie B,3675664,Ternana,Crotone,0.41252535496957404,0.4120182555780933,0.17545638945233266,1,0,0,29,16,6,1,1,66,12,5,4,6,0,8,8,232,71,82,30,38,20,2,46,10,10,34,6,63,59,49,73,0,1,71,23,6,0,0,86,23,9,7,10,0,13,10,563,204,278,53,25,23,1,50,7,6,15,5,51,41,51,78,3,0
2021-11-30,Serie B,3675657,Cremonese,Frosinone,0.34044145155256267,0.4822297044519267,0.17732884399551066,1,1,1,52,18,8,5,4,72,19,3,7,3,0,11,7,445,163,159,36,33,23,2,67,9,2,12,1,62,46,57,33,2,0,48,7,2,1,0,71,19,2,2,3,0,6,1,409,169,122,31,13,19,5,65,13,4,18,6,64,54,43,57,2,0
2021-11-30,Serie B,3675660,Pisa,Perugia,0.4831694965743223,0.42001787310098304,0.09681263032469467,1,1,1,53,21,6,2,2,74,15,5,7,8,0,13,8,339,88,164,57,18,24,0,100,12,3,7,3,44,45,42,58,3,0,47,12,4,2,1,73,20,3,5,3,0,8,4,311,129,99,43,39,20,2,67,10,7,30,5,56,55,58,78,1,1
2021-11-30,Serie B,3675662,LFA Reggio Calabria,Ascoli,0.3787815996684625,0.4828014919187733,0.1384169084127642,1,2,2,64,13,3,2,1,76,14,4,6,4,0,5,8,478,159,205,57,31,36,0,60,7,3,13,2,53,52,45,67,2,0,36,13,4,0,0,66,21,6,6,3,0,4,9,275,106,76,46,15,18,1,82,18,4,42,3,55,48,55,50,5,0
2021-11-30,Serie B,3675658,LR Vicenza,Benevento,0.2279555845852384,0.4366427171783148,0.3354016982364468,2,3,2,43,14,7,2,1,78,10,10,3,4,0,11,3,400,173,140,63,25,25,2,62,6,5,16,2,42,50,50,57,3,0,57,14,5,2,1,86,13,3,4,5,0,8,6,545,270,196,48,26,19,3,58,9,4,21,5,42,50,50,58,2,0
2021-11-30,Serie B,3678047,Monza,Cosenza,0.46250435995814443,0.43808859434949426,0.09940704569236135,4,1,0,59,13,5,2,1,88,10,3,4,4,0,8,5,611,352,188,57,27,19,1,54,12,0,12,1,38,51,69,65,0,0,41,4,2,1,0,85,5,6,2,0,0,3,1,410,167,182,68,14,13,0,57,9,4,8,1,32,49,31,33,1,0
2021-11-30,Serie B,3675661,Pordenone,Alessandria,0.3295687885010267,0.4820328542094456,0.18839835728952772,2,0,0,39,12,6,2,0,65,16,3,2,4,0,8,4,297,92,102,28,14,27,1,39,10,7,25,5,62,64,50,69,4,0,61,15,5,1,1,80,17,9,3,7,0,10,5,463,192,179,56,18,31,1,60,18,4,12,4,43,36,50,19,4,0
2021-11-30,Serie B,3675663,SPAL,Lecce,0.31877071407050317,0.45314853871648086,0.22808074721301597,1,3,2,49,13,2,2,1,72,14,6,7,4,0,6,7,443,176,144,33,18,27,1,93,8,4,17,3,55,43,48,41,0,0,51,16,6,2,1,75,17,2,6,4,1,5,11,469,177,175,46,20,22,3,68,16,4,15,1,68,57,53,61,0,0
2021-12-01,Serie B,3675659,Parma Calcio 1913,Brescia,0.3742649602213767,0.43272224143894844,0.19301279833967486,0,1,2,46,12,2,0,0,75,9,5,7,3,0,7,5,417,157,155,54,16,24,0,46,8,6,21,3,87,59,57,50,1,0,54,14,4,1,0,81,21,13,4,6,1,9,5,485,244,149,43,19,23,1,52,5,3,24,2,62,41,43,35,4,0
2021-12-01,Serie B,3675656,Cittadella,Como,0.36533816425120774,0.4758454106280193,0.15881642512077296,2,2,1,53,15,8,1,0,74,22,4,3,4,0,8,7,438,149,177,32,17,25,1,69,19,1,16,4,55,44,44,83,3,0,47,9,6,4,2,69,14,2,2,1,1,8,1,385,155,112,56,25,41,0,38,12,4,17,6,70,56,56,50,2,0
2021-12-03,Serie B,3675674,Perugia,LR Vicenza,0.4838080374561061,0.4007023019898556,0.11548966055403824,1,0,0,48,12,5,2,1,73,21,4,3,4,0,8,4,380,135,143,38,7,26,4,36,19,3,12,5,37,34,35,33,4,0,52,13,5,0,0,69,10,3,5,3,0,9,4,408,180,102,49,24,16,0,60,7,4,13,4,69,66,65,80,1,0
2021-12-04,Serie B,3675668,Benevento,Pordenone,0.5346602608098833,0.363761153054221,0.10157858613589568,2,1,0,57,16,7,2,1,82,19,12,7,2,0,4,12,397,150,174,50,10,17,3,36,9,1,8,1,43,41,32,56,3,0,43,7,2,2,1,71,16,2,4,1,0,3,4,309,118,100,44,33,19,0,53,13,2,30,5,67,59,68,58,1,0
2021-12-04,Serie B,3678048,Cosenza,Cremonese,0.27692307692307694,0.5008547008547009,0.2222222222222222,0,2,2,44,6,2,1,1,74,13,2,3,1,0,3,3,400,170,125,51,13,22,3,58,14,5,13,2,64,58,67,62,2,0,56,17,4,3,2,81,13,4,8,5,0,11,6,513,184,233,42,46,18,2,55,10,1,10,2,43,42,33,21,2,0
2021-12-04,Serie B,3675671,Crotone,SPAL,0.3349112426035503,0.4461538461538462,0.21893491124260356,1,2,2,63,20,7,4,4,79,11,4,10,3,0,12,8,566,206,241,68,31,28,2,59,8,3,4,1,50,46,53,56,0,0,37,13,3,2,2,70,6,4,7,3,0,8,5,344,122,118,36,64,18,2,47,17,3,31,6,54,54,47,61,0,0
2021-12-04,Serie B,3675672,Frosinone,Ternana,0.4071340713407134,0.45264452644526443,0.14022140221402213,1,1,1,49,10,3,0,0,72,19,6,3,4,1,6,4,350,114,139,39,5,34,0,81,5,6,14,7,47,40,36,24,2,1,51,18,8,2,1,73,14,7,4,6,0,12,6,365,128,137,42,41,26,3,59,5,4,29,2,75,60,64,47,3,0
2021-12-04,Serie B,3675673,Lecce,LFA Reggio Calabria,0.4981357196122297,0.40492170022371365,0.09694258016405667,2,0,0,51,12,5,2,0,76,23,5,5,2,0,7,5,380,143,146,40,24,22,1,63,8,2,18,3,70,49,55,64,1,0,49,7,3,1,1,71,21,6,2,2,0,7,0,363,146,113,45,40,25,3,50,5,2,18,3,67,51,45,38,3,0
2021-12-05,Serie B,3675667,Ascoli,Parma Calcio 1913,0.28832406671961874,0.43208895949166004,0.2795869737887212,0,0,1,44,13,3,2,2,79,9,2,7,3,1,8,5,397,171,142,58,27,19,1,57,19,2,21,2,62,53,50,67,1,1,56,10,3,1,1,83,12,9,6,1,1,7,3,476,183,211,45,18,22,3,53,11,3,8,3,56,47,50,43,3,0
2021-12-05,Serie B,3675670,Como,Pisa,0.24661016949152542,0.46864406779661016,0.2847457627118644,0,1,2,56,21,6,0,0,78,11,3,9,6,0,12,9,448,202,149,65,40,18,2,69,7,3,20,2,73,58,52,47,3,0,44,12,2,0,0,74,24,7,7,3,1,8,4,342,115,139,39,17,21,1,57,16,6,21,6,57,42,48,71,2,0
2021-12-05,Serie B,3675669,Brescia,Monza,0.42206076618229854,0.4478203434610304,0.13011889035667107,0,2,2,42,14,2,1,1,77,22,3,6,6,0,5,9,362,131,147,46,20,32,4,75,10,6,16,0,58,45,56,44,1,0,58,11,2,2,0,83,13,7,3,6,0,8,3,522,271,164,50,9,16,3,61,10,6,21,2,63,55,44,48,0,0
2021-12-05,Serie B,3675666,Alessandria,Cittadella,0.28939828080229224,0.4383954154727794,0.2722063037249284,0,1,2,58,19,9,2,2,73,10,4,3,7,0,9,10,448,146,183,56,19,30,2,59,16,4,20,1,67,55,74,71,2,0,42,12,2,0,0,68,21,1,6,4,0,8,4,317,62,155,27,14,29,3,44,12,7,28,9,46,45,26,87,3,0
2021-12-10,Serie B,3675676,Cremonese,Crotone,0.44411656215418666,0.4135005533013648,0.14238288454444853,3,2,0,43,16,5,1,0,74,14,3,6,5,0,12,4,394,131,161,26,5,18,4,53,13,1,21,5,61,62,53,75,2,0,57,11,7,2,0,78,16,1,3,1,0,7,4,547,254,175,42,44,23,2,33,16,5,20,2,44,38,48,54,1,0
2021-12-10,Serie B,3675683,Ternana,Benevento,0.2770711584737023,0.4389824682021313,0.2839463733241664,0,2,2,52,16,5,0,0,77,11,6,5,6,0,9,7,444,171,173,36,24,26,1,61,17,7,23,3,57,46,64,38,1,0,48,14,5,4,2,74,12,6,2,7,0,9,5,405,176,124,37,15,30,2,48,15,6,18,5,55,54,36,64,2,0
2021-12-11,Serie B,3675675,Cittadella,Ascoli,0.37449118046132973,0.4735413839891452,0.1519674355495251,2,0,0,49,15,4,4,2,73,15,9,5,6,0,11,4,357,118,144,36,29,31,3,57,14,3,21,0,50,45,46,43,3,0,51,5,0,0,0,76,11,3,2,3,0,3,2,376,150,136,51,18,37,4,48,21,6,21,2,60,55,54,36,1,0
2021-12-11,Serie B,3675678,Monza,Frosinone,0.43846153846153846,0.44065934065934065,0.12087912087912088,3,2,0,57,16,6,4,1,79,16,2,7,3,2,13,3,437,239,108,51,42,24,1,75,10,0,12,3,58,46,67,50,1,0,43,12,5,2,1,73,19,3,7,0,0,9,3,322,129,105,40,32,23,4,47,24,2,11,3,54,54,33,80,3,0
2021-12-11,Serie B,3678049,Pordenone,Cosenza,0.36505190311418684,0.4671280276816609,0.16782006920415224,1,1,1,42,13,4,1,0,69,22,2,6,3,0,9,4,327,97,129,37,13,22,2,70,6,3,22,2,46,38,73,25,0,0,58,11,3,0,0,77,18,6,5,3,0,2,9,448,188,158,46,8,26,1,42,4,3,18,3,54,62,27,54,0,0
2021-12-11,Serie B,3675682,SPAL,Brescia,0.31229597388465724,0.43307943416757344,0.2546245919477693,0,2,2,54,14,3,0,0,78,6,7,5,6,0,7,7,488,212,167,46,21,32,5,69,5,3,16,5,64,58,47,76,1,0,46,14,7,4,3,75,16,3,4,3,0,9,5,424,165,151,48,35,19,2,50,7,6,12,3,55,42,53,63,2,0
2021-12-11,Serie B,3675680,Pisa,Lecce,0.35427394438722964,0.4387229660144181,0.2070030895983522,1,0,0,37,9,2,0,0,59,15,3,4,3,0,3,6,262,95,59,27,22,24,2,27,14,4,25,6,52,46,44,47,3,0,63,14,6,2,2,76,16,11,4,4,0,11,3,422,153,167,50,28,27,5,50,5,3,6,1,63,54,56,50,4,0
2021-12-12,Serie B,3675679,Parma Calcio 1913,Perugia,0.42010771992818674,0.42848593656493117,0.15140634350688212,1,1,1,42,9,5,1,0,68,12,2,2,2,0,7,2,309,106,105,37,0,18,4,64,14,3,10,1,52,67,43,100,3,0,58,8,2,1,0,80,19,3,3,3,0,5,3,428,199,144,52,23,24,2,71,10,2,17,4,36,33,57,30,4,0
2021-12-12,Serie B,3675677,LR Vicenza,Como,0.2996146435452794,0.4836223506743738,0.21676300578034682,0,1,2,62,29,6,1,1,83,16,8,16,7,2,17,12,557,248,215,54,33,23,0,36,9,2,8,2,48,41,41,33,0,0,38,8,3,0,0,72,14,4,3,2,0,2,6,362,124,135,54,43,11,1,61,10,6,26,6,69,59,59,90,3,0
2021-12-12,Serie B,3675681,LFA Reggio Calabria,Alessandria,0.453027139874739,0.4244954766875435,0.12247738343771747,0,4,2,56,10,1,0,0,70,20,3,3,6,0,4,6,340,110,127,52,20,34,1,67,6,4,16,2,71,54,36,71,3,0,44,12,7,4,0,63,21,4,2,3,0,9,3,268,50,119,47,40,23,3,57,10,5,25,1,79,46,64,64,4,0
2021-12-18,Serie B,3675685,Ascoli,Cremonese,0.312133072407045,0.5107632093933464,0.1771037181996086,1,4,2,53,8,4,1,0,77,17,1,4,0,0,3,5,423,156,171,50,23,23,4,50,19,2,16,4,63,51,57,58,3,1,47,14,8,3,1,74,15,3,4,2,0,9,5,378,129,151,42,14,20,5,74,12,0,10,3,57,49,43,50,4,0
2021-12-18,Serie B,3675688,Como,LFA Reggio Calabria,0.4,0.4588235294117647,0.1411764705882353,1,1,1,51,20,3,5,4,81,14,12,13,4,1,13,7,411,199,134,63,35,14,1,27,9,8,21,5,56,54,59,44,2,0,49,23,6,2,1,81,13,9,9,8,0,15,8,406,176,151,53,42,19,0,44,9,4,20,2,44,46,41,44,1,1
2021-12-18,Serie B,3678050,Cosenza,Pisa,0.22575516693163752,0.397456279809221,0.3767885532591415,0,2,2,60,15,1,0,0,79,8,8,6,8,0,9,6,483,221,162,38,23,24,2,74,12,3,8,3,67,53,33,45,2,0,40,14,5,3,1,72,22,1,6,3,0,9,5,328,114,122,46,43,15,0,56,12,7,24,1,72,47,67,48,3,0
2021-12-18,Serie B,3675689,Crotone,Pordenone,0.3938185443668993,0.46859421734795614,0.13758723828514458,4,1,0,58,16,8,1,0,81,23,3,4,4,0,7,9,458,210,161,44,0,21,2,54,12,2,16,1,53,40,50,50,2,0,42,9,2,1,0,67,16,1,5,2,0,4,5,318,113,101,31,17,22,1,31,5,4,14,4,69,60,50,50,4,1
2021-12-18,Serie B,3675690,Frosinone,SPAL,0.36788776305533905,0.47388932190179267,0.15822291504286828,4,0,0,48,12,7,3,0,78,14,9,1,4,0,6,6,406,157,159,41,14,25,4,73,12,4,14,3,37,44,44,60,0,0,52,12,3,0,0,79,9,5,5,4,0,6,6,445,203,149,38,13,23,1,38,9,4,24,3,47,56,56,47,2,0
2021-12-19,Serie B,3675684,Alessandria,Parma Calcio 1913,0.24468085106382978,0.45372340425531915,0.30159574468085104,0,2,2,59,11,3,1,1,79,14,3,5,3,0,3,8,448,163,189,43,14,35,1,46,8,4,11,2,64,56,48,68,2,0,41,11,4,3,1,68,18,5,3,4,0,8,3,309,75,136,41,11,27,3,71,12,3,18,3,55,44,52,70,0,0
2021-12-19,Serie B,3675687,Brescia,Cittadella,0.4408206207259337,0.44502893214097844,0.11415044713308785,1,1,1,60,12,5,3,2,77,11,4,5,2,0,8,4,485,210,163,60,15,40,1,58,12,3,27,2,57,52,49,54,2,0,40,17,3,1,0,64,18,6,11,3,1,9,8,316,94,107,31,14,24,3,64,5,2,26,4,55,48,51,62,4,0
2021-12-19,Serie B,3675692,Perugia,Ternana,0.3683263347330534,0.4823035392921416,0.14937012597480503,1,1,1,44,12,2,1,1,61,18,9,4,6,0,6,6,288,79,97,32,23,26,1,47,12,4,16,1,57,48,42,60,2,0,56,13,2,0,0,72,17,4,7,4,0,6,7,376,103,167,48,30,19,1,53,17,6,20,1,67,52,58,63,6,0
2022-01-13,Serie B,3675686,Benevento,Monza,0.4705458735416967,0.4050122425464497,0.12444188391185367,3,1,0,63,18,7,4,2,92,11,2,9,2,1,14,4,573,248,278,66,39,14,2,54,12,2,8,1,46,51,52,64,0,0,37,8,2,2,1,80,13,4,4,2,0,5,3,338,158,111,47,36,20,2,63,8,2,9,4,44,49,48,64,0,0
2022-01-14,Serie B,3675701,Ternana,Ascoli,0.36562230526013223,0.4696751940212705,0.1647025007185973,2,4,2,59,22,8,2,1,82,15,5,10,4,1,14,8,521,186,241,61,35,37,1,38,15,1,6,1,55,49,33,45,3,0,41,8,6,4,2,76,15,1,2,0,0,5,3,366,168,109,46,0,15,0,52,14,4,25,6,67,51,67,40,3,0
2022-01-15,Serie B,3675693,Cremonese,Como,0.43103448275862066,0.42780172413793105,0.1411637931034483,2,0,0,51,15,8,3,1,80,15,5,6,1,0,11,4,471,178,201,41,17,20,1,38,13,2,25,1,45,42,59,50,3,0,49,12,1,1,1,80,11,7,8,3,1,5,7,450,204,154,55,19,22,4,38,17,1,18,6,50,58,41,65,1,1
2022-01-15,Serie B,3675699,LFA Reggio Calabria,Brescia,0.27559726962457337,0.4197952218430034,0.3046075085324232,0,2,2,49,8,2,1,1,77,12,0,4,2,0,5,3,433,207,126,53,35,30,1,71,8,4,17,5,55,56,57,36,5,0,51,12,7,2,1,80,18,7,1,4,0,10,2,466,224,147,45,50,21,1,73,13,2,12,2,43,44,43,57,3,0
2022-01-15,Serie B,3675697,Pisa,Frosinone,0.46320953048353186,0.39803784162578837,0.13875262789067974,1,3,2,48,9,2,1,0,74,12,3,4,3,0,5,4,362,143,124,58,19,26,2,78,12,7,19,4,66,54,76,50,3,0,52,16,7,2,1,76,18,8,2,7,0,12,4,389,140,155,44,15,29,4,78,12,3,12,1,44,46,24,39,5,0
2022-01-16,Serie B,3675695,Monza,Perugia,0.41230318564628343,0.4727206151592823,0.11497619919443428,2,2,1,57,15,5,4,2,76,14,5,5,5,0,11,4,457,158,190,51,30,14,0,56,4,4,11,2,67,54,65,54,0,0,43,14,4,2,0,68,18,3,6,4,0,7,7,352,122,119,39,8,16,4,63,10,5,16,3,49,46,35,33,0,0
2022-01-16,Serie B,3675698,Pordenone,Lecce,0.23044478527607362,0.4371165644171779,0.33243865030674846,0,1,2,41,5,1,0,0,68,20,4,2,2,0,1,4,312,102,109,47,13,24,3,59,7,5,25,2,54,53,42,50,0,0,59,15,3,3,2,79,19,4,7,5,1,11,4,434,173,172,43,21,23,4,54,10,2,16,1,55,47,58,33,0,0
2022-01-16,Serie B,3675700,SPAL,Benevento,0.27058432934926957,0.4405710491367862,0.28884462151394424,1,1,1,48,13,6,2,2,80,15,4,3,4,0,7,6,451,177,183,54,21,25,0,40,13,7,30,1,36,38,52,25,0,0,52,15,2,1,0,80,8,11,6,7,1,7,8,465,199,173,54,23,20,1,50,10,4,20,5,47,62,48,63,0,0
2022-01-21,Serie B,3675708,Parma Calcio 1913,Frosinone,0.4187065189384179,0.4305591342437516,0.15073434681783046,0,1,2,45,16,0,0,0,75,13,5,9,7,1,9,7,413,135,175,44,35,34,1,73,7,2,14,4,59,56,68,57,2,0,55,12,5,2,2,83,14,5,5,2,0,5,7,530,261,178,54,13,17,1,62,8,7,37,0,39,44,32,25,3,0
2022-01-22,Serie B,3675702,Alessandria,Benevento,0.725,0.24166666666666667,0.03333333333333333,2,0,0,35,16,5,2,2,64,22,10,5,6,0,13,3,261,67,101,38,50,11,1,53,22,3,26,3,52,49,38,31,3,0,65,11,4,2,2,79,19,4,5,2,1,9,2,485,228,157,52,26,29,0,79,10,6,6,3,61,51,62,53,2,0
2022-01-22,Serie B,3675703,Brescia,Ternana,0.5354889589905363,0.3588328075709779,0.1056782334384858,1,1,1,49,16,4,1,0,80,11,4,5,7,0,8,8,439,157,194,55,22,27,2,73,8,5,18,2,61,57,47,50,1,0,51,15,3,0,0,82,16,4,7,5,1,8,7,477,206,186,44,22,20,1,40,10,7,35,3,55,43,53,67,4,0
2022-01-22,Serie B,3675704,Como,Crotone,0.3737244897959184,0.4260204081632653,0.2002551020408163,1,1,1,50,12,5,1,0,76,14,3,3,4,0,8,4,400,169,134,45,29,26,4,63,11,3,18,1,69,55,59,63,1,0,50,9,2,1,0,79,26,5,4,3,0,4,5,390,120,189,34,10,20,0,68,12,4,17,4,54,45,41,31,2,1
2022-01-22,Serie B,3678052,Cosenza,Ascoli,0.2846975088967972,0.42704626334519574,0.28825622775800713,1,3,2,48,6,0,0,0,73,21,3,4,2,0,4,2,366,163,105,51,17,26,0,46,4,6,10,0,67,55,42,79,1,1,52,19,3,2,0,83,22,3,9,7,1,11,8,414,166,179,66,0,19,2,56,13,2,22,0,61,45,58,48,3,0
2022-01-22,Serie B,3675707,Monza,LFA Reggio Calabria,0.4787350054525627,0.3893129770992366,0.13195201744820065,1,0,0,56,17,6,3,2,80,20,11,7,4,1,11,6,437,153,195,46,19,24,4,56,12,1,8,0,69,45,63,41,2,0,44,3,0,0,0,72,21,0,2,1,0,1,2,366,168,94,39,50,16,1,63,7,4,25,5,69,55,37,40,3,0
2022-01-22,Serie B,3675710,SPAL,Pisa,0.2916307161345988,0.3943054357204487,0.31406384814495253,0,0,1,49,15,0,3,3,69,17,5,10,5,2,7,8,358,104,142,48,26,30,2,38,11,0,25,3,66,57,50,63,3,0,51,12,3,2,2,69,22,2,9,0,0,5,7,362,112,137,41,25,16,0,46,5,5,38,0,55,43,50,58,4,0
2022-01-22,Serie B,3675709,Perugia,Pordenone,0.4572317262830482,0.39035769828926903,0.15241057542768274,0,1,2,60,15,5,0,0,75,20,3,9,1,0,8,7,393,131,165,44,18,29,3,55,10,3,17,2,52,44,49,40,0,0,40,15,3,1,1,65,15,7,9,3,0,8,7,249,54,109,45,21,11,0,43,10,1,26,5,61,56,51,46,0,0
2022-01-23,Serie B,3675705,LR Vicenza,Cittadella,0.2794258373205742,0.46698564593301434,0.2535885167464115,3,3,1,56,14,8,3,0,77,13,8,6,0,0,12,2,396,198,106,64,33,27,3,60,4,5,14,3,55,58,65,50,1,0,44,20,6,2,1,74,21,4,9,5,0,14,6,305,87,139,36,32,26,1,73,10,0,23,5,37,42,35,60,2,2
2022-01-23,Serie B,3675706,Lecce,Cremonese,0.4488734835355286,0.4246100519930676,0.1265164644714038,2,1,0,62,10,3,2,1,76,11,10,5,2,0,8,2,437,181,150,33,19,31,3,50,11,3,13,0,45,52,33,65,3,0,38,8,1,0,0,65,14,5,4,3,0,3,5,290,89,99,29,11,25,0,36,10,2,33,2,54,48,67,67,3,0
2022-01-26,Serie B,3675691,Lecce,LR Vicenza,0.5455669710806698,0.3595890410958904,0.09484398782343988,2,1,0,60,15,4,5,3,81,12,6,8,3,1,11,4,497,221,181,55,43,24,1,60,12,4,11,0,57,48,56,63,1,0,40,7,1,1,0,69,15,4,2,4,0,4,3,326,159,67,37,31,35,0,63,8,3,20,2,55,52,44,88,4,0
2022-01-30,Serie B,3678051,Cittadella,Cosenza,0.4197312588401697,0.46782178217821785,0.11244695898161244,1,1,1,63,14,6,1,0,76,18,7,3,5,0,10,4,445,136,203,38,13,32,3,64,5,2,17,4,45,42,33,38,3,1,37,11,5,2,1,58,14,4,4,2,0,7,4,272,78,79,35,29,19,3,55,12,5,43,5,72,58,68,77,4,0
2022-01-30,Serie B,3675694,LR Vicenza,Alessandria,0.3002012072434608,0.4993963782696177,0.20040241448692153,2,1,0,54,17,5,2,2,71,22,4,9,3,0,11,6,339,111,129,55,32,35,0,71,6,2,10,2,64,49,52,40,1,0,46,9,3,2,1,62,20,5,4,2,0,5,4,295,84,100,32,33,22,1,69,12,3,18,3,64,51,48,0,1,1
2022-01-30,Serie B,3675696,Parma Calcio 1913,Crotone,0.45444505797901713,0.4251794588625069,0.12037548315847597,1,1,1,40,10,4,2,2,69,17,4,3,3,0,6,4,281,99,94,35,14,32,1,57,9,2,23,4,56,53,53,25,3,0,60,7,5,1,0,78,19,12,0,2,0,7,0,426,208,123,47,12,12,1,64,5,3,22,4,50,47,47,60,3,0
2022-02-05,Serie B,3675717,Alessandria,Pisa,0.23083778966131907,0.3983957219251337,0.37076648841354726,1,1,1,47,7,4,3,2,60,17,4,2,1,0,4,3,291,80,96,47,17,18,1,55,11,4,30,4,65,52,58,54,1,0,53,15,5,1,0,59,25,9,6,4,0,9,6,311,70,114,39,24,30,0,40,5,1,7,3,55,48,42,86,3,0
2022-02-05,Serie B,3675719,Benevento,Parma Calcio 1913,0.4118086696562033,0.4080717488789238,0.18011958146487295,0,0,1,55,24,1,1,1,81,16,5,11,12,0,11,13,415,162,176,52,28,24,1,45,17,3,13,0,65,48,63,50,0,0,45,10,0,1,1,73,13,4,6,4,0,8,2,336,124,121,43,11,18,2,69,9,12,28,1,53,52,37,47,4,0
2022-02-05,Serie B,3675720,Como,Lecce,0.22723609991941982,0.38759065269943593,0.3851732473811442,1,1,1,36,14,3,2,1,72,16,2,9,2,1,11,3,333,135,106,36,47,15,4,50,8,3,24,8,61,51,51,60,0,0,64,21,9,5,5,83,13,8,9,3,1,14,7,578,197,283,59,21,14,1,71,9,1,7,2,59,49,49,42,0,0
2022-02-05,Serie B,3678053,Cosenza,Brescia,0.22808870116156282,0.3759239704329461,0.395987328405491,0,0,1,45,11,4,2,2,77,7,4,5,2,0,6,5,329,150,103,41,17,26,3,25,6,4,16,5,53,65,40,54,2,1,55,18,5,2,2,81,16,5,9,4,0,15,3,398,106,215,61,28,16,1,45,5,3,26,3,44,35,60,30,1,1
2022-02-05,Serie B,3675712,Crotone,Cittadella,0.3530259365994236,0.45821325648414984,0.18876080691642652,0,0,1,51,13,2,2,2,67,17,3,8,3,0,7,6,381,117,138,39,43,44,3,63,13,3,23,2,49,44,59,40,0,0,49,10,2,0,0,65,11,5,5,3,0,3,7,360,129,106,36,17,38,1,61,10,3,27,2,50,56,41,22,0,0
2022-02-05,Serie B,3675716,Ternana,LFA Reggio Calabria,0.3910355486862442,0.4265842349304482,0.18238021638330756,2,0,0,51,17,8,3,1,72,17,3,4,5,0,14,3,360,104,155,48,42,27,1,64,21,2,24,3,49,49,39,23,3,0,49,11,3,0,0,65,18,3,6,2,0,6,5,334,122,96,42,31,36,0,47,15,4,14,6,59,51,61,17,3,1
2022-02-05,Serie B,3675713,Frosinone,LR Vicenza,0.5598455598455598,0.3590733590733591,0.08108108108108109,2,0,0,55,22,9,3,3,78,13,8,8,5,1,16,6,414,156,165,53,27,23,0,75,10,5,23,2,47,44,48,50,1,0,45,15,1,1,1,71,14,9,9,5,1,9,6,329,121,113,39,9,30,2,38,9,6,23,7,57,56,52,55,2,0
2022-02-05,Serie B,3675718,Ascoli,Perugia,0.3707165109034268,0.4672897196261682,0.16199376947040497,0,1,2,59,11,0,0,0,77,20,2,4,7,0,4,7,429,192,140,49,25,26,0,50,14,2,17,3,65,52,32,44,3,0,41,12,4,1,1,70,27,4,6,2,0,5,7,290,73,131,37,39,26,7,67,14,7,11,0,79,48,68,59,4,0
2022-02-06,Serie B,3675711,Cremonese,Monza,0.3140172278778387,0.48864526233359434,0.19733750978856696,3,2,0,38,13,4,3,1,67,14,2,7,2,0,10,3,285,86,106,28,25,21,1,60,9,1,22,1,55,45,53,42,4,0,62,12,3,0,0,85,14,5,8,1,2,11,1,476,219,185,55,16,26,4,53,11,2,15,1,61,55,47,50,3,0
2022-02-06,Serie B,3675715,Pordenone,SPAL,0.25647451963241436,0.4828738512949039,0.2606516290726817,1,1,1,44,13,2,2,1,65,19,1,5,6,0,6,7,295,92,100,33,50,25,2,54,13,4,24,4,65,49,53,55,0,0,56,20,5,3,2,72,19,9,11,4,0,13,7,375,109,160,42,27,34,1,71,11,5,13,1,63,51,47,57,0,0
2022-02-12,Serie B,3675724,Cittadella,Cremonese,0.31886477462437396,0.4724540901502504,0.20868113522537562,0,2,2,61,13,6,1,1,73,18,5,2,5,0,6,7,454,197,133,48,26,44,7,79,4,4,23,3,59,45,52,50,4,1,39,11,5,1,0,62,12,5,2,4,0,7,4,292,80,100,37,8,37,2,55,16,5,27,5,66,55,48,75,2,0
2022-02-12,Serie B,3678054,LR Vicenza,Cosenza,0.33114035087719296,0.5,0.16885964912280702,0,0,1,64,15,3,1,1,79,13,8,8,4,0,4,11,472,188,185,61,25,26,1,67,8,3,8,4,56,49,58,52,3,0,36,12,4,2,2,66,11,5,5,3,0,10,2,266,93,82,35,38,20,1,56,9,4,29,3,53,51,42,69,2,0
2022-02-12,Serie B,3675726,Monza,SPAL,0.42075736325385693,0.44460028050490885,0.13464235624123422,4,0,0,69,19,9,5,1,87,22,4,5,5,0,13,6,596,247,273,67,19,21,1,54,9,0,7,0,50,45,69,47,0,0,31,2,0,1,1,64,14,1,2,0,0,2,0,258,90,75,30,17,26,0,43,8,5,21,5,47,55,31,57,0,0
2022-02-12,Serie B,3675727,Parma Calcio 1913,Pordenone,0.5454545454545454,0.36717827626918537,0.08736717827626919,4,1,0,66,19,6,3,1,84,16,9,5,8,0,11,8,513,191,241,59,15,19,1,67,8,1,21,4,61,49,48,60,2,0,34,11,5,0,0,69,15,8,5,1,0,5,6,254,72,102,42,21,31,0,63,10,7,23,2,64,51,52,54,3,0
2022-02-12,Serie B,3675729,Pisa,Ternana,0.5276548672566371,0.37942477876106195,0.09292035398230089,0,0,1,56,17,4,2,2,74,10,8,9,4,1,12,5,420,138,172,55,21,26,1,78,6,2,14,3,80,61,60,61,0,0,44,8,3,0,0,65,13,6,3,2,0,2,6,344,88,136,35,7,34,2,52,16,4,23,4,51,39,40,25,4,0
2022-02-12,Serie B,3675730,LFA Reggio Calabria,Crotone,0.34623217922606925,0.4847250509164969,0.1690427698574338,1,0,0,37,7,2,0,0,62,15,6,5,0,0,5,2,271,72,96,29,33,26,0,50,9,3,25,2,60,59,55,25,1,0,63,8,2,1,1,79,19,6,3,3,0,6,2,463,177,187,47,12,29,0,63,12,0,6,1,44,41,45,50,2,0
2022-02-12,Serie B,3675728,Perugia,Frosinone,0.2890932982917214,0.4835742444152431,0.22733245729303547,3,0,0,43,18,7,5,2,59,17,7,2,9,0,13,5,291,88,85,38,30,25,2,53,13,3,17,1,68,51,76,41,1,0,57,10,1,1,1,69,17,4,6,3,0,9,1,384,103,162,27,14,32,1,69,5,8,16,4,46,49,24,67,2,0
2022-02-13,Serie B,3675722,Ascoli,Como,0.3835740072202166,0.47021660649819497,0.14620938628158844,1,1,1,47,22,12,1,0,77,10,5,6,4,0,10,12,371,137,149,47,29,21,1,69,6,3,28,4,53,56,43,54,3,1,53,11,5,1,1,80,15,5,3,3,0,5,6,413,183,149,50,25,21,2,58,8,4,16,11,51,44,58,44,2,0
2022-02-13,Serie B,3675723,Brescia,Alessandria,0.4854631507775524,0.41311697092630156,0.10141987829614604,1,1,1,61,16,2,0,0,70,12,11,6,8,0,10,6,432,127,174,41,23,42,2,46,15,0,7,3,63,48,41,38,2,0,39,8,4,1,0,55,14,2,4,0,1,7,1,292,71,89,40,56,28,3,76,18,8,37,1,79,52,59,45,4,0
2022-02-13,Serie B,3675725,Lecce,Benevento,0.4383078730904818,0.43301997649823737,0.12867215041128086,1,1,1,53,18,6,2,2,70,21,11,7,5,0,11,7,356,133,116,40,29,30,4,78,7,2,10,2,57,46,41,53,2,0,47,14,2,0,0,69,13,3,10,2,0,9,5,330,133,96,33,31,28,0,71,9,5,29,5,72,54,59,60,1,0
2022-02-15,Serie B,3678055,Cosenza,Perugia,0.2994712990936556,0.48753776435045315,0.21299093655589124,1,2,2,56,17,7,2,1,80,11,6,5,5,0,11,6,430,214,128,55,19,20,0,58,4,5,18,5,54,54,56,33,0,0,44,17,6,4,2,75,23,8,6,5,0,15,2,340,118,136,44,41,12,2,60,6,5,19,6,45,46,44,47,0,0
2022-02-15,Serie B,3675733,Cremonese,Parma Calcio 1913,0.3841775754126352,0.43653955606146844,0.17928286852589642,3,1,0,33,8,3,2,0,73,15,3,4,1,0,4,4,305,132,92,38,20,21,2,82,13,7,17,3,35,39,19,56,1,0,67,15,5,4,3,86,15,5,4,6,0,12,3,607,284,241,62,23,22,4,50,7,1,10,0,68,61,81,64,4,0
2022-02-15,Serie B,3675736,Pisa,LR Vicenza,0.48234200743494426,0.42193308550185876,0.09572490706319703,2,2,1,59,27,9,5,3,78,15,13,11,7,0,20,7,419,128,198,51,40,26,0,54,6,2,15,0,56,48,56,33,2,0,41,8,2,1,0,66,15,7,4,2,0,2,6,306,107,96,35,11,15,3,53,10,6,30,7,54,52,44,57,4,0
2022-02-15,Serie B,3675737,Pordenone,Cittadella,0.26875852660300137,0.483856298317417,0.24738517507958163,0,1,2,46,17,3,0,0,65,18,6,8,6,0,10,7,340,109,112,42,19,30,2,57,10,7,16,5,61,46,54,42,2,0,54,14,6,2,1,70,18,8,1,7,0,11,3,400,128,152,40,26,26,3,64,12,6,22,3,61,54,46,57,5,0
2022-02-15,Serie B,3675738,SPAL,LFA Reggio Calabria,0.38008745375042047,0.48906828119744367,0.1308442650521359,1,3,2,58,15,2,0,0,78,16,4,6,7,0,8,7,459,141,217,48,32,31,0,65,9,4,15,1,72,56,42,64,2,0,42,13,4,4,1,75,18,3,5,4,0,7,6,338,126,126,50,23,16,3,67,11,7,36,1,71,44,58,64,5,0
2022-02-15,Serie B,3675739,Ternana,Monza,0.2843934911242604,0.4885355029585799,0.22707100591715976,0,1,2,49,14,6,1,1,74,19,3,5,3,0,9,5,361,103,164,46,17,40,2,47,12,2,18,4,61,52,48,62,4,0,51,13,5,4,3,77,21,7,6,2,0,8,5,388,162,136,51,18,17,1,45,17,3,21,6,58,48,52,50,0,0
2022-02-16,Serie B,3675731,Alessandria,Lecce,0.22429696287964004,0.4224971878515186,0.3532058492688414,1,1,1,46,8,2,2,1,61,20,3,3,3,0,7,1,286,87,88,36,8,18,0,45,11,1,25,2,61,39,70,22,3,0,54,9,2,0,0,65,16,7,6,1,0,5,4,334,103,114,44,23,30,2,63,7,3,17,1,55,61,30,55,4,0
2022-02-16,Serie B,3675732,Benevento,Ascoli,0.46020360944007405,0.4317445627024526,0.10805182785747339,0,2,2,58,11,3,0,0,86,8,5,5,3,0,8,3,500,231,201,67,11,28,1,60,4,6,21,1,44,56,42,50,2,0,42,17,3,3,1,81,13,6,8,6,0,11,6,373,205,97,58,20,20,1,64,11,3,23,3,41,44,58,73,2,0
2022-02-16,Serie B,3675734,Crotone,Brescia,0.3089802130898021,0.44799594114662605,0.24302384576357178,0,1,2,50,4,1,0,0,68,10,2,3,0,0,2,2,373,146,107,45,7,31,3,67,17,4,10,4,60,56,46,73,0,0,50,18,5,3,2,71,8,7,9,4,0,12,6,369,114,148,42,33,47,2,64,21,0,10,1,56,44,54,48,2,0
2022-02-16,Serie B,3675735,Frosinone,Como,0.4617400419287212,0.43160377358490565,0.10665618448637317,1,2,2,59,20,4,3,2,85,22,9,9,7,0,13,7,512,162,273,57,18,31,2,36,6,0,5,2,47,32,50,43,1,0,41,6,4,3,2,72,11,2,2,0,0,4,2,371,184,82,47,33,10,1,64,10,6,35,3,80,68,50,81,1,0
2022-02-19,Serie B,3675740,Ascoli,Alessandria,0.44244105409153955,0.42995839112343964,0.1276005547850208,3,0,0,39,16,7,1,0,72,25,2,5,4,0,12,4,273,83,114,44,33,25,1,84,9,3,15,4,54,44,61,67,2,0,61,11,4,0,0,81,9,7,4,3,0,7,4,427,202,146,59,40,31,1,61,5,4,11,4,58,56,39,58,2,0
2022-02-19,Serie B,3675748,LFA Reggio Calabria,Pordenone,0.46904024767801855,0.3993808049535604,0.13157894736842105,2,0,0,49,6,3,1,0,80,16,3,1,2,0,5,1,431,181,164,55,45,24,5,48,12,4,15,2,63,51,61,27,1,0,51,14,2,0,0,81,15,4,8,4,0,6,8,432,149,202,43,39,25,0,46,13,2,12,2,54,49,39,52,3,0
2022-02-19,Serie B,3675743,LR Vicenza,SPAL,0.7966101694915254,0.1694915254237288,0.03389830508474576,1,1,1,42,15,5,1,1,64,5,4,6,4,0,10,5,326,104,104,44,17,36,4,43,15,1,23,2,67,61,49,35,0,0,58,7,3,0,0,74,13,3,3,1,1,6,1,473,191,159,41,15,36,6,72,12,4,20,4,52,39,51,35,3,0
2022-02-19,Serie B,3675745,Monza,Pisa,0.38489208633093525,0.41127098321342925,0.2038369304556355,1,2,2,58,13,2,0,0,78,11,9,9,2,0,10,3,375,156,138,57,29,21,4,68,10,4,16,4,58,54,39,69,2,0,42,19,5,1,1,71,18,9,10,4,0,13,6,268,77,114,47,42,20,2,85,8,2,22,1,58,46,61,75,4,0
2022-02-19,Serie B,3675746,Parma Calcio 1913,Ternana,0.734375,0.21875,0.046875,2,3,2,55,26,5,2,1,84,9,12,14,7,0,20,6,498,177,243,73,23,24,0,55,9,3,13,4,52,46,56,62,0,0,45,16,7,3,0,80,13,5,6,3,0,15,1,426,176,165,50,38,12,1,50,14,7,33,3,56,54,44,79,1,0
2022-02-19,Serie B,3675747,Perugia,Cremonese,0.3198324022346369,0.4022346368715084,0.2779329608938548,0,0,1,51,6,3,0,0,68,17,6,0,3,0,1,5,355,113,127,33,17,25,10,73,6,3,20,2,60,50,52,22,3,0,49,11,2,1,1,65,19,4,6,3,0,5,6,338,88,133,37,21,20,0,70,11,3,24,3,58,50,48,71,3,0
2022-02-20,Serie B,3675741,Brescia,Frosinone,0.4148936170212766,0.45279255319148937,0.13231382978723405,2,2,1,56,19,7,3,1,79,10,5,9,3,0,16,3,450,145,209,38,28,24,1,56,16,3,15,2,57,49,51,53,0,0,44,15,4,3,1,71,11,5,8,3,1,11,4,353,108,143,43,30,21,0,50,12,3,24,5,58,51,49,56,4,0
2022-02-20,Serie B,3675742,Cittadella,Benevento,0.27222659323367426,0.4940991345397325,0.23367427222659323,0,1,2,42,9,4,0,0,69,17,6,5,0,0,7,2,296,106,97,48,18,30,3,70,15,3,19,3,39,39,48,21,4,0,58,13,4,1,1,77,16,4,6,3,0,7,6,421,175,150,52,17,29,1,56,12,0,16,4,54,61,52,60,4,1
2022-02-20,Serie B,3678056,Como,Cosenza,0.40135478408128705,0.48348856900931414,0.11515664690939881,2,1,0,60,15,4,3,1,83,17,5,6,5,0,7,8,526,222,214,66,30,18,0,90,9,0,10,1,58,47,83,71,2,0,40,2,2,0,0,76,16,2,0,0,0,2,0,350,179,86,40,0,15,2,31,12,6,30,1,43,53,17,63,1,1
2022-02-20,Serie B,3675744,Lecce,Crotone,0.49197565024903156,0.4133923630326508,0.09463198671831766,3,0,0,61,22,8,6,4,80,13,9,6,8,1,15,7,478,204,178,50,32,29,2,82,14,2,9,1,50,49,57,29,1,0,39,7,1,0,0,66,14,0,4,2,0,5,2,320,125,85,35,25,29,0,56,10,9,18,4,47,51,43,46,0,1
2022-02-22,Serie B,3675749,Alessandria,Perugia,0.29771583430120013,0.4781262098335269,0.22415795586527293,1,2,2,54,14,4,2,1,59,7,7,6,4,0,7,7,317,84,102,36,20,35,0,83,6,5,18,3,70,63,42,67,2,0,46,12,5,3,1,60,25,6,2,5,0,8,4,275,73,93,25,24,27,3,45,11,4,25,3,60,37,58,71,5,0
2022-02-22,Serie B,3675752,Cremonese,LR Vicenza,0.48488918737407655,0.41134989926124915,0.10376091336467427,0,0,1,66,25,8,5,5,80,13,11,9,8,0,16,9,461,140,228,47,26,20,0,77,8,1,9,2,59,56,44,58,2,0,34,9,2,2,2,53,20,2,5,2,0,6,3,245,76,55,31,33,21,5,71,6,9,32,7,56,44,56,27,3,1
2022-02-22,Serie B,3675755,Pisa,Parma Calcio 1913,0.4135527049637479,0.4302844394868935,0.1561628555493586,0,0,1,47,8,3,1,1,76,16,3,3,2,0,8,0,378,156,130,50,23,25,1,64,7,7,12,2,59,48,41,29,2,0,53,13,3,2,2,81,22,9,4,6,0,10,3,423,185,158,65,24,20,3,55,8,2,15,3,69,52,59,44,3,0
2022-02-22,Serie B,3675756,Pordenone,Monza,0.23477622890682318,0.4512105649303008,0.31401320616287604,1,4,2,37,17,5,2,1,75,16,6,5,7,0,6,11,329,105,142,37,14,32,0,33,8,6,15,4,39,39,48,38,0,0,63,21,8,5,2,84,10,6,7,6,1,12,9,573,301,183,47,25,19,2,55,11,7,18,4,56,61,52,50,0,0
2022-02-22,Serie B,3675757,SPAL,Ternana,0.37728055077452666,0.4757314974182444,0.14698795180722893,5,1,0,44,16,9,5,2,73,12,3,2,5,0,10,6,337,125,122,47,21,27,3,50,9,4,22,3,47,40,60,44,2,0,56,18,4,1,0,80,12,5,9,5,0,10,8,429,149,195,64,38,31,1,42,10,5,15,4,55,60,40,79,3,1
2022-02-23,Serie B,3675750,Benevento,Como,0.4230676619311341,0.45364796532627016,0.12328437274259571,5,0,0,66,24,6,4,1,92,13,3,8,10,0,14,10,615,274,291,68,8,16,3,50,5,0,3,3,29,42,46,71,1,0,34,4,3,0,0,82,8,0,1,0,0,2,2,327,212,57,51,0,11,0,45,5,9,26,0,39,58,54,79,2,1
2022-02-23,Serie B,3675751,Brescia,Ascoli,0.4068080357142857,0.46261160714285715,0.13058035714285715,2,0,0,51,20,4,3,1,85,10,5,11,5,0,12,8,459,154,234,55,23,15,2,64,10,8,14,3,45,46,40,40,2,0,49,17,3,0,0,82,10,6,6,8,0,8,9,456,214,162,63,19,21,0,50,4,5,20,2,56,54,60,50,3,0
2022-02-23,Serie B,3678057,Crotone,Cosenza,0.383448275862069,0.4906896551724138,0.12586206896551724,3,3,1,60,25,9,4,1,77,13,10,6,10,0,15,10,407,147,168,43,31,16,1,38,16,1,11,3,56,55,53,65,3,0,40,13,6,5,2,63,17,7,6,1,0,9,4,276,86,87,25,25,22,0,62,12,8,21,6,47,45,47,42,6,0
2022-02-23,Serie B,3675753,Frosinone,LFA Reggio Calabria,0.3919085855466337,0.47035206917850525,0.13773934527486104,3,0,0,50,22,6,4,1,79,24,5,12,4,0,13,9,407,95,226,47,25,21,1,77,13,1,7,0,56,47,46,58,4,0,50,2,0,0,0,74,15,0,1,1,0,1,1,424,187,125,46,18,18,1,67,6,3,26,3,65,53,54,69,4,0
2022-02-23,Serie B,3675754,Lecce,Cittadella,0.4813441483198146,0.4241019698725377,0.09455388180764775,1,2,2,60,17,4,4,3,72,16,3,10,3,2,9,8,460,176,157,46,16,42,0,33,6,2,14,1,65,53,54,65,2,0,40,9,3,1,0,60,21,4,4,2,0,2,7,312,55,133,30,18,20,3,50,11,2,30,3,57,47,46,82,5,0
2022-02-26,Serie B,3675760,Como,Brescia,0.2222222222222222,0.4074074074074074,0.37037037037037035,1,1,1,36,8,3,0,0,61,12,3,2,3,0,4,4,284,101,73,35,17,14,6,68,12,7,36,2,71,57,46,67,2,0,64,17,3,1,0,78,22,9,7,7,0,12,5,494,127,260,53,35,32,0,50,9,3,18,2,62,43,54,43,4,0
2022-02-26,Serie B,3675761,LR Vicenza,Pordenone,0.3883089770354906,0.4801670146137787,0.1315240083507307,1,0,0,50,9,4,1,1,69,19,5,3,2,0,6,3,411,167,117,46,25,28,2,56,8,4,27,2,54,44,41,31,4,0,50,12,2,0,0,68,14,6,6,4,1,5,7,391,136,130,38,30,32,3,79,13,2,14,3,72,56,59,42,3,0
2022-02-26,Serie B,3675763,Parma Calcio 1913,SPAL,0.40804597701149425,0.432183908045977,0.15977011494252874,4,0,0,47,14,6,1,0,83,14,5,6,2,1,10,4,400,185,146,60,35,17,0,82,10,2,10,3,54,56,48,55,2,0,53,9,3,2,2,85,18,5,4,2,0,7,2,456,238,150,59,41,17,5,62,11,1,12,2,45,44,52,21,2,0
2022-02-26,Serie B,3675766,Ternana,Cremonese,0.2820919175911252,0.43423137876386686,0.2836767036450079,1,2,2,47,12,6,2,2,65,21,3,5,1,0,7,5,381,117,130,36,40,33,6,57,21,5,15,4,57,45,49,31,2,0,53,15,6,1,1,70,15,6,4,5,0,10,5,427,104,196,38,38,35,1,57,12,0,11,5,66,55,51,54,3,0
2022-02-26,Serie B,3678058,Cosenza,Alessandria,0.32388663967611336,0.47368421052631576,0.20242914979757085,2,1,0,55,6,4,2,0,70,9,7,2,0,0,4,2,372,150,112,46,22,30,1,50,6,3,7,1,60,59,38,77,1,0,45,9,2,0,0,72,17,2,4,3,0,5,4,309,113,110,39,36,22,1,50,13,0,27,2,54,41,63,59,2,0
2022-02-26,Serie B,3675764,Perugia,Benevento,0.28243243243243243,0.4081081081081081,0.30945945945945946,0,1,2,59,19,2,0,0,77,11,16,7,10,0,11,8,390,137,164,48,17,34,2,71,11,3,6,4,43,48,41,33,0,1,41,11,6,1,0,65,13,2,2,3,0,3,8,302,106,91,35,0,26,2,65,16,8,32,2,51,52,59,50,1,0
2022-02-27,Serie B,3675758,Ascoli,Crotone,0.3628750872295883,0.5038381018841591,0.1332868108862526,2,1,0,60,16,5,2,1,82,9,8,3,8,0,8,8,518,191,233,49,25,31,0,43,10,2,16,4,53,54,52,53,4,0,40,10,5,1,1,69,13,6,3,2,0,6,4,353,132,113,33,23,14,2,43,12,8,29,3,46,46,48,56,3,0
2022-02-27,Serie B,3675759,Cittadella,Frosinone,0.2716049382716049,0.5326278659611993,0.19576719576719576,3,0,0,47,12,5,5,2,56,17,3,1,6,0,8,4,326,83,99,24,15,30,0,53,11,1,20,3,70,46,47,43,2,0,53,10,3,2,2,60,21,5,6,1,1,8,2,360,86,129,39,23,36,3,71,8,7,10,1,80,54,53,59,4,0
2022-02-27,Serie B,3675765,LFA Reggio Calabria,Pisa,0.25302922309337134,0.4953670705630791,0.25160370634354956,1,0,0,36,10,6,2,1,63,18,3,4,0,0,6,4,248,54,102,54,43,23,2,53,9,3,32,6,69,55,65,67,2,0,64,20,6,1,1,81,23,9,10,4,1,12,8,414,144,191,44,26,28,1,45,7,0,6,5,48,45,35,38,5,0
2022-02-27,Serie B,3675762,Monza,Lecce,0.3182883939038687,0.47889800703399765,0.20281359906213364,0,1,2,60,11,3,0,0,72,10,9,5,3,0,8,3,394,151,132,38,32,38,1,67,13,3,10,2,57,58,44,45,0,0,40,9,3,2,1,61,14,1,3,3,2,7,2,264,66,96,33,23,30,3,77,16,3,23,3,51,42,56,50,0,0
2022-03-01,Serie B,3675768,Benevento,Cremonese,0.78839590443686,0.1945392491467577,0.017064846416382253,1,1,1,49,9,4,2,2,74,14,6,3,2,0,6,3,442,189,137,42,22,23,2,60,25,4,14,4,61,51,59,64,1,0,51,11,4,5,4,76,12,5,3,4,0,8,3,450,174,166,51,6,28,0,56,12,2,28,3,53,49,41,50,2,0
2022-03-01,Serie B,3675769,Brescia,Perugia,0.43883984867591425,0.4489281210592686,0.11223203026481715,2,1,0,66,27,9,3,2,82,18,15,6,12,0,15,12,491,132,273,54,24,25,1,76,5,6,8,0,58,55,43,77,2,0,34,11,1,1,0,67,15,3,4,6,0,4,7,262,90,85,37,56,23,1,33,10,12,33,7,57,45,57,33,0,1
2022-03-01,Serie B,3675775,Ternana,Pordenone,0.43099173553719006,0.4590909090909091,0.10991735537190082,1,0,0,53,13,5,0,0,75,12,3,5,3,0,4,9,445,140,193,52,21,33,2,33,11,3,26,5,65,51,50,67,0,0,47,13,5,2,2,67,18,4,5,3,0,8,5,384,116,143,36,17,30,1,61,17,2,19,4,64,49,50,64,1,1
2022-03-01,Serie B,3675767,Alessandria,Como,0.3144239226033421,0.47757255936675463,0.20800351802990324,1,1,1,70,30,10,4,3,85,17,16,13,7,1,21,9,517,149,292,64,32,14,2,71,6,1,10,1,59,47,63,69,4,0,30,8,2,2,1,67,10,2,4,2,0,4,4,230,89,64,44,13,12,1,55,12,7,42,9,49,53,37,60,1,1
2022-03-02,Serie B,3678059,Frosinone,Cosenza,0.4224231464737794,0.46112115732368897,0.11645569620253164,1,0,0,57,16,3,2,1,75,14,4,8,5,0,7,9,408,101,207,46,17,31,2,67,9,2,17,3,67,50,53,55,2,0,43,6,3,0,0,61,18,4,1,2,0,5,1,313,109,83,34,33,26,0,67,8,4,31,2,65,50,47,58,4,0
2022-03-02,Serie B,3675770,Lecce,Ascoli,0.4291871921182266,0.4547413793103448,0.11607142857142858,3,1,0,44,12,8,6,4,70,10,4,2,2,0,9,3,342,117,121,33,13,17,3,59,14,3,28,2,63,61,53,83,2,0,56,12,3,5,4,74,16,4,6,3,1,6,6,436,165,156,37,15,41,3,33,11,2,12,5,47,39,47,50,2,0
2022-03-02,Serie B,3675773,LFA Reggio Calabria,LR Vicenza,0.4050915587315766,0.47163912460920054,0.12326931665922286,3,1,0,43,13,5,2,1,78,13,1,6,2,0,10,3,345,125,143,42,11,19,3,57,9,10,29,4,56,52,46,50,2,0,57,24,5,2,1,84,12,9,8,11,0,16,8,446,182,191,38,21,17,0,53,7,1,4,2,56,48,54,65,2,0
2022-03-02,Serie B,3675771,Monza,Parma Calcio 1913,0.3536541889483066,0.4663101604278075,0.1800356506238859,1,1,1,64,21,5,4,3,87,13,13,10,6,0,11,10,557,249,237,67,21,26,3,50,11,0,12,2,50,56,71,62,1,0,36,4,3,0,0,76,15,5,1,0,0,3,1,327,156,94,48,23,20,0,73,8,7,38,3,33,44,29,25,2,0
2022-03-02,Serie B,3675772,Pisa,Crotone,0.4198852772466539,0.45009560229445505,0.13001912045889102,3,2,0,46,13,5,4,1,70,15,2,6,2,0,10,3,348,130,114,34,57,29,2,56,18,1,17,3,54,53,56,54,3,0,54,10,5,0,0,74,18,4,4,1,0,7,3,409,133,171,47,32,30,0,43,13,4,11,0,46,47,44,50,3,0
2022-03-02,Serie B,3675774,SPAL,Cittadella,0.33903700756068444,0.4950258654994031,0.16593712693991244,0,0,1,53,14,4,0,0,67,20,5,6,4,0,9,5,320,98,116,55,28,26,1,50,6,1,12,2,81,55,62,33,3,0,47,7,2,0,0,61,25,4,4,1,0,2,5,295,71,109,29,29,32,3,78,6,4,32,4,59,45,38,60,3,0
2022-03-05,Serie B,3675777,Cittadella,Monza,0.33570581257413995,0.4721233689205219,0.19217081850533807,1,2,2,59,24,4,1,0,76,22,12,9,11,0,12,12,390,109,188,51,26,28,2,23,11,0,17,2,63,51,48,73,4,0,41,8,4,2,0,62,22,2,4,0,0,5,3,280,82,92,37,25,20,1,45,9,11,30,3,63,49,52,78,4,2
2022-03-05,Serie B,3675778,Como,SPAL,0.34972677595628415,0.4644808743169399,0.18579234972677597,0,2,2,46,10,4,1,1,68,7,3,3,3,0,6,4,376,154,100,36,11,33,2,33,7,5,25,4,45,51,35,60,0,0,54,21,6,5,3,77,13,8,10,5,1,14,7,429,112,219,36,29,18,3,78,19,2,18,4,58,49,65,67,0,0
2022-03-05,Serie B,3675782,Parma Calcio 1913,LFA Reggio Calabria,0.418,0.41,0.172,1,1,1,53,15,6,0,0,84,17,14,4,5,0,10,5,418,144,208,56,27,15,0,38,14,3,15,1,66,52,50,61,2,0,47,9,1,1,1,82,20,0,5,3,0,5,4,382,138,174,53,19,22,1,59,11,5,30,5,62,48,50,69,6,0
2022-03-05,Serie B,3675784,Pordenone,Pisa,0.2217391304347826,0.3782608695652174,0.4,0,1,2,49,8,4,0,0,67,21,3,3,1,0,5,3,353,124,112,40,13,37,1,73,13,1,26,5,56,46,47,33,4,0,51,17,6,2,1,71,19,3,10,1,1,12,5,357,82,172,43,28,31,4,67,13,1,12,4,66,54,53,44,3,0
2022-03-05,Serie B,3675779,Cremonese,Brescia,0.35510688836104515,0.43705463182897863,0.20783847980997625,2,1,0,51,15,4,3,1,74,8,3,6,5,0,9,6,383,145,137,60,25,18,0,40,16,1,23,1,49,47,56,47,2,0,49,7,2,3,2,64,19,4,3,2,0,5,2,363,119,115,37,16,29,5,73,8,5,7,2,49,53,44,83,2,0
2022-03-06,Serie B,3675776,Ascoli,Frosinone,0.2921161825726141,0.5103734439834025,0.1975103734439834,1,1,1,42,11,4,2,2,69,13,0,6,1,2,7,4,374,152,105,40,40,21,1,71,6,3,15,2,63,52,55,50,1,0,58,12,3,0,0,75,17,4,6,3,0,7,5,512,195,191,37,25,28,6,44,10,1,9,3,55,48,45,65,3,0
2022-03-06,Serie B,3675780,Crotone,Alessandria,0.5102040816326531,0.24489795918367346,0.24489795918367346,0,0,1,47,12,3,2,2,58,21,5,6,3,0,7,5,275,63,96,30,11,37,3,68,7,3,9,2,60,53,50,50,6,0,53,11,2,0,0,69,16,8,6,3,0,5,6,314,85,132,26,31,24,2,57,13,3,22,3,56,47,50,33,1,1
2022-03-06,Serie B,3675781,LR Vicenza,Ternana,0.2920892494929006,0.5294117647058824,0.17849898580121704,3,1,0,30,9,4,3,1,55,19,3,5,0,1,7,2,234,70,59,34,75,24,2,48,15,6,43,1,47,46,43,50,5,0,70,17,2,2,1,79,8,8,9,6,0,9,8,526,177,240,50,19,37,3,70,9,0,14,2,57,54,57,52,2,0
2022-03-06,Serie B,3675783,Perugia,Lecce,0.6936936936936937,0.2972972972972973,0.009009009009009009,1,1,1,49,5,2,2,1,65,19,0,0,3,0,5,0,332,119,96,29,11,25,6,47,10,5,16,5,54,53,46,27,0,0,51,20,6,2,1,65,26,2,6,8,0,14,6,344,89,135,41,35,28,1,43,6,3,11,1,51,47,54,54,0,0
2022-03-11,Serie B,3675789,Parma Calcio 1913,Cittadella,0.457268480351745,0.42868920032976093,0.1140423193184941,1,1,1,65,19,5,2,2,84,17,4,8,6,1,15,4,569,258,219,58,30,20,0,70,3,0,14,0,61,55,56,67,3,0,35,7,1,1,0,70,20,2,6,0,1,4,3,302,89,121,37,14,24,3,69,12,4,14,4,49,45,44,44,5,1
2022-03-12,Serie B,3675787,Lecce,Brescia,0.44631117604090575,0.4200146092037984,0.13367421475529584,1,1,1,57,15,4,0,0,70,8,9,9,2,0,9,6,364,127,126,41,19,31,1,46,11,1,20,3,65,56,51,53,2,0,43,9,4,1,1,59,20,4,3,2,0,5,4,278,83,80,36,0,30,2,50,10,1,23,3,55,44,49,59,3,0
2022-03-12,Serie B,3675792,LFA Reggio Calabria,Perugia,0.38721351025331724,0.4571773220747889,0.15560916767189384,0,1,2,46,13,4,0,0,70,15,5,7,2,0,5,8,325,108,119,35,27,21,2,65,9,2,23,4,63,55,50,70,4,0,54,11,5,1,1,75,17,4,4,2,0,6,5,377,119,165,45,9,27,2,45,9,2,8,4,56,45,50,44,2,0
2022-03-12,Serie B,3678061,Ternana,Cosenza,0.4095826893353941,0.4652241112828439,0.125193199381762,2,0,0,34,11,4,5,3,63,12,3,5,2,0,8,3,242,44,109,34,29,17,3,44,13,7,28,2,54,43,49,45,2,1,66,15,2,1,1,82,8,5,6,7,0,9,6,462,201,179,66,32,21,2,52,9,2,13,2,67,57,51,59,3,0
2022-03-12,Serie B,3675785,Benevento,Crotone,0.5107398568019093,0.38743038981702466,0.10182975338106603,3,1,0,49,11,5,2,0,77,13,4,6,0,0,9,2,430,191,142,43,32,25,1,50,14,1,15,3,52,58,37,43,3,0,51,8,3,0,0,77,20,1,3,2,0,5,3,462,182,175,45,21,22,1,75,9,0,18,2,48,42,63,53,4,0
2022-03-12,Serie B,3675786,Frosinone,Alessandria,0.4625,0.425,0.1125,3,0,0,51,19,8,5,4,75,25,9,5,6,0,13,6,394,126,169,39,28,18,0,80,12,5,3,2,38,39,42,54,6,0,49,13,2,0,0,72,6,2,6,5,0,9,4,384,192,83,33,55,28,1,56,9,7,20,4,58,61,58,50,0,1
2022-03-12,Serie B,3675788,Monza,LR Vicenza,0.4758842443729904,0.42229367631296894,0.10182207931404073,4,0,0,66,24,7,7,5,87,7,5,12,5,1,18,6,534,188,275,58,29,27,3,75,9,0,9,2,51,53,53,55,2,0,34,3,2,0,0,69,10,4,1,0,0,1,2,282,132,63,39,20,20,3,41,10,5,31,5,45,47,47,60,2,1
2022-03-12,Serie B,3675791,Pordenone,Como,0.2822458270106222,0.4264036418816389,0.291350531107739,1,1,1,51,16,6,1,1,75,18,6,7,3,0,9,7,411,127,182,39,31,20,1,53,13,5,14,4,52,49,41,23,0,0,49,19,5,4,3,73,16,3,9,5,1,12,7,395,138,149,50,23,29,1,59,7,3,18,5,61,51,59,29,0,0
2022-03-12,Serie B,3675793,SPAL,Ascoli,0.38594327990135635,0.46609124537607893,0.14796547472256474,1,2,2,45,12,6,2,1,63,18,3,3,3,0,5,7,300,78,112,32,24,26,3,88,8,8,17,5,59,52,44,67,2,0,55,18,7,3,2,68,15,6,3,8,0,10,8,367,152,97,47,39,30,2,79,9,2,25,5,62,48,56,43,2,0
2022-03-13,Serie B,3675790,Pisa,Cremonese,0.4117647058823529,0.42886456908344733,0.15937072503419972,3,0,0,48,16,7,4,1,66,11,4,9,0,0,14,2,285,88,99,39,50,24,7,55,14,2,22,3,63,54,51,40,4,0,52,13,3,1,1,67,16,10,8,2,0,5,8,301,86,117,48,14,29,0,70,13,1,15,3,55,46,49,31,3,0
2022-03-15,Serie B,3675796,Brescia,Benevento,0.3719148936170213,0.44397163120567373,0.18411347517730497,2,2,1,60,16,5,3,1,77,17,9,8,3,0,12,4,455,154,198,48,29,18,1,57,8,2,14,3,56,52,53,75,2,0,40,11,5,2,1,71,15,5,4,2,0,8,3,307,113,104,43,14,19,1,57,14,3,26,4,51,48,47,55,0,1
2022-03-15,Serie B,3675797,Cittadella,LFA Reggio Calabria,0.39659367396593675,0.46958637469586373,0.13381995133819952,0,0,1,59,21,7,0,0,77,21,6,5,9,0,8,13,447,151,193,45,25,30,0,78,7,5,16,3,56,46,59,50,3,0,41,10,4,0,0,62,19,2,2,4,0,7,3,313,89,106,38,17,29,4,50,8,9,21,7,54,54,41,38,1,0
2022-03-15,Serie B,3675798,Como,Ternana,0.33274725274725275,0.4967032967032967,0.17054945054945056,1,1,1,46,12,3,2,2,66,17,4,5,4,1,8,4,327,117,99,40,26,18,0,67,14,4,25,2,64,47,43,58,3,0,54,16,3,2,1,67,15,7,10,3,0,10,6,370,97,150,44,19,31,1,75,6,4,10,2,78,53,57,58,5,0
2022-03-15,Serie B,3678062,Cosenza,Lecce,0.21520618556701032,0.41462628865979384,0.3701675257731959,2,2,1,34,8,3,3,1,60,12,2,4,1,0,6,2,304,131,50,20,25,25,1,64,10,2,31,3,45,43,48,70,8,0,66,12,5,2,1,79,6,2,5,2,0,8,4,566,176,271,53,22,34,3,63,9,1,7,1,54,57,52,61,1,0
2022-03-15,Serie B,3675800,Crotone,Frosinone,0.28322528363047,0.45502431118314424,0.26175040518638576,2,0,0,40,12,6,3,1,66,17,3,3,3,0,8,4,310,100,105,30,50,19,1,59,14,3,29,4,52,40,47,38,5,0,60,10,4,2,2,73,14,6,3,3,0,6,4,446,183,141,43,9,36,1,63,10,3,5,4,72,60,53,65,2,0
2022-03-15,Serie B,3675801,LR Vicenza,Parma Calcio 1913,0.2488,0.4676,0.2836,0,1,2,49,18,5,0,0,73,16,9,6,7,0,12,6,337,133,112,47,25,28,5,60,9,2,21,2,69,51,63,31,5,0,51,7,3,2,1,78,19,4,2,2,0,6,1,366,164,120,35,20,22,1,67,7,7,25,5,56,49,37,59,6,0
2022-03-15,Serie B,3675794,Alessandria,Monza,0.2356819118252987,0.4252163164400494,0.33910177173465184,0,3,2,55,6,0,0,0,71,16,4,4,2,1,2,4,432,148,159,29,18,19,3,57,10,1,9,1,57,49,39,50,4,0,45,11,3,1,0,65,18,3,7,1,0,5,6,363,94,142,37,14,24,0,33,15,2,18,0,70,51,61,57,2,0
2022-03-16,Serie B,3675795,Ascoli,Pisa,0.25591634562465604,0.4449642267473858,0.2991194276279582,2,0,0,51,14,5,2,1,67,17,6,6,3,0,9,5,329,61,161,46,39,30,4,60,5,2,17,3,59,43,60,36,1,0,49,10,3,0,0,65,13,3,5,2,1,6,4,324,108,104,37,25,31,2,56,3,3,13,3,62,57,40,33,2,0
2022-03-16,Serie B,3675799,Cremonese,Pordenone,0.4497439180537772,0.43149807938540335,0.11875800256081946,2,1,0,49,13,4,1,0,78,12,6,7,2,0,9,4,391,130,174,52,4,23,1,65,8,3,25,0,52,59,50,50,3,1,51,10,1,0,0,80,17,4,6,3,1,5,5,403,183,140,50,14,27,5,75,8,2,25,2,40,41,50,41,1,0
2022-03-16,Serie B,3675802,Perugia,SPAL,0.3645661497855493,0.4665127020785219,0.16892114813592873,1,1,1,57,13,4,3,2,73,16,7,9,0,0,10,3,392,143,144,38,19,27,4,39,11,1,11,2,56,59,42,44,0,0,43,10,3,0,0,67,19,0,6,1,0,4,6,310,95,113,35,10,26,2,67,14,0,40,3,50,41,58,8,0,0
2022-03-19,Serie B,3678063,LFA Reggio Calabria,Cosenza,0.4329608938547486,0.43435754189944137,0.13268156424581007,1,0,0,45,6,1,1,0,71,25,4,3,2,0,2,4,300,102,112,33,0,22,6,65,11,2,21,3,61,44,67,38,6,0,55,9,3,2,2,77,20,5,4,2,2,6,3,363,154,125,43,11,14,0,74,13,2,22,0,63,56,33,61,6,0
2022-03-19,Serie B,3675805,Monza,Crotone,0.5152027027027027,0.375,0.1097972972972973,1,0,0,60,13,3,2,2,75,11,2,9,1,0,9,4,465,167,184,49,14,30,1,73,9,4,17,3,67,67,47,69,2,0,40,12,3,0,0,67,28,2,5,4,0,7,5,312,106,103,33,18,23,2,50,14,1,27,2,44,33,53,38,7,0
2022-03-19,Serie B,3675807,Parma Calcio 1913,Lecce,0.3,0.4263157894736842,0.2736842105263158,0,0,1,54,12,3,0,0,81,13,5,5,4,0,8,4,472,201,182,39,25,25,3,50,9,4,25,4,74,61,59,63,4,0,46,13,4,1,1,80,28,5,5,4,0,8,5,396,162,153,57,29,20,2,50,13,4,28,3,48,39,41,33,2,0
2022-03-19,Serie B,3675812,Ternana,Alessandria,0.41025641025641024,0.46153846153846156,0.1282051282051282,3,0,0,47,11,6,4,2,68,17,3,3,2,0,7,4,360,116,129,26,23,24,1,79,13,6,17,2,62,47,50,43,1,0,53,10,2,0,0,72,11,4,1,7,0,6,4,403,154,137,37,28,29,3,83,7,2,13,3,66,53,50,50,2,0
2022-03-19,Serie B,3675803,Frosinone,Benevento,0.3207171314741036,0.44721115537848605,0.23207171314741035,2,0,0,40,14,5,4,3,69,21,9,4,5,0,9,5,318,89,132,35,25,17,2,50,14,2,25,2,48,43,45,46,2,0,60,8,2,0,0,78,9,3,4,2,0,6,2,493,256,129,54,29,21,3,44,12,5,17,4,61,57,55,37,2,0
2022-03-20,Serie B,3675804,LR Vicenza,Ascoli,0.2864450127877238,0.45268542199488493,0.2608695652173913,2,0,0,47,13,5,4,3,69,13,8,5,3,0,5,8,340,125,111,48,14,39,0,81,7,3,18,3,57,46,73,86,1,0,53,12,3,2,2,74,12,5,6,3,0,7,5,398,159,136,34,17,27,2,64,5,4,18,3,47,54,27,61,2,0
2022-03-20,Serie B,3675808,Perugia,Como,0.3883984867591425,0.47793190416141235,0.13366960907944514,0,1,2,63,18,5,1,1,77,22,9,6,7,0,10,8,451,132,215,37,20,30,1,48,11,0,5,2,54,51,37,54,0,0,37,3,3,1,1,61,11,1,0,0,0,3,0,283,111,63,35,0,20,3,29,26,6,41,5,61,49,63,31,0,0
2022-03-20,Serie B,3675809,Pisa,Cittadella,0.4692378328741965,0.418732782369146,0.11202938475665748,1,0,0,46,10,3,2,2,62,19,3,6,1,0,6,4,332,91,115,42,35,30,2,70,14,3,8,2,69,49,53,40,5,0,54,7,2,0,0,71,19,2,2,3,0,2,5,390,130,148,38,0,28,1,75,11,1,17,2,68,51,48,47,2,1
2022-03-20,Serie B,3675810,Pordenone,Brescia,0.21024258760107817,0.4555256064690027,0.33423180592991913,1,1,1,38,8,3,1,1,60,14,1,3,2,0,7,1,325,98,98,48,14,24,1,47,16,5,26,2,65,48,38,43,3,0,62,16,3,1,0,77,18,9,8,5,1,13,3,527,162,243,49,22,31,2,48,17,2,9,2,83,52,62,67,1,0
2022-03-20,Serie B,3675811,SPAL,Cremonese,0.31492666091458155,0.42191544434857636,0.2631578947368421,0,2,2,53,13,2,2,2,75,16,3,9,2,0,6,7,431,173,149,46,25,35,5,60,15,1,9,1,60,61,61,79,1,0,47,9,3,2,0,72,17,2,5,1,0,6,3,380,131,143,45,20,25,1,75,19,2,25,2,39,39,39,33,1,0
2022-04-02,Serie B,3675813,Alessandria,SPAL,0.2922794117647059,0.4724264705882353,0.23529411764705882,2,2,1,44,7,2,3,1,59,12,5,5,0,1,5,2,277,84,79,31,15,34,2,67,8,1,26,4,75,58,47,40,2,0,56,14,6,3,3,69,23,5,7,1,0,9,5,363,108,144,46,30,28,3,63,15,0,13,0,67,43,53,33,4,0
2022-04-02,Serie B,3675814,Ascoli,Pordenone,0.5008291873963516,0.4096185737976783,0.08955223880597014,1,0,0,54,14,3,2,1,77,18,3,9,2,0,9,5,443,150,192,51,23,23,0,52,10,0,14,3,55,53,44,63,1,0,46,8,3,0,0,73,11,6,5,0,0,3,5,374,149,123,38,21,21,2,64,11,2,22,2,55,47,56,24,2,0
2022-04-02,Serie B,3675817,Cittadella,Ternana,0.4176334106728538,0.4431554524361949,0.13921113689095127,1,2,2,60,10,4,0,0,66,19,6,4,2,0,6,4,456,136,167,27,23,36,0,62,7,0,20,2,64,43,60,45,4,0,40,8,4,3,2,58,18,4,4,0,0,6,2,297,70,103,38,26,33,8,60,10,2,30,3,67,57,40,42,5,0
2022-04-02,Serie B,3678064,Cosenza,Parma Calcio 1913,0.19408502772643252,0.4029574861367837,0.4029574861367837,1,3,2,45,17,4,3,2,79,14,7,9,4,0,14,3,380,171,129,45,33,13,0,75,9,0,16,2,62,66,50,80,2,0,55,6,5,1,0,85,18,4,1,0,0,5,1,476,197,206,55,31,27,0,63,5,4,21,3,36,34,50,29,4,0
2022-04-02,Serie B,3675819,Cremonese,LFA Reggio Calabria,0.5272244355909694,0.35856573705179284,0.11420982735723771,1,1,1,46,15,4,1,1,72,12,2,8,3,0,8,7,350,120,133,41,45,24,0,52,6,6,36,2,62,56,50,44,3,1,54,12,3,2,1,74,16,7,3,6,0,6,6,393,145,146,37,15,27,5,59,9,2,17,3,52,44,50,45,4,0
2022-04-02,Serie B,3675821,Lecce,Frosinone,0.4828897338403042,0.39670468948035487,0.12040557667934093,1,0,0,49,10,3,4,4,73,19,5,4,3,0,8,2,393,166,119,38,31,25,1,62,22,2,12,0,64,58,43,78,4,0,51,4,0,0,0,71,18,1,2,2,0,1,3,418,135,160,32,0,33,2,79,13,4,7,1,54,42,57,40,5,0
2022-04-02,Serie B,3675815,Benevento,Pisa,0.3579676674364896,0.4387990762124711,0.20323325635103925,5,1,0,48,15,8,4,2,78,7,4,4,3,0,11,4,359,129,150,51,41,14,2,67,17,3,29,6,55,59,64,58,0,0,52,14,7,2,1,75,15,12,4,3,1,8,6,384,163,126,48,22,23,3,60,5,3,7,4,36,41,36,55,3,0
2022-04-03,Serie B,3675816,Brescia,LR Vicenza,0.4763491005996003,0.42504996668887407,0.09860093271152565,2,0,0,56,22,8,5,3,84,8,5,10,4,0,15,7,490,187,223,52,36,28,0,72,8,0,16,2,49,54,59,69,0,0,44,5,2,2,2,79,10,3,3,0,0,4,1,392,214,96,46,22,18,2,55,7,4,20,6,40,46,41,38,1,0
2022-04-03,Serie B,3675818,Como,Monza,0.23837638376383763,0.44575645756457566,0.3158671586715867,2,0,0,38,6,4,1,0,65,11,3,2,0,0,2,4,289,82,107,51,27,17,0,60,14,4,29,2,55,58,46,73,0,0,62,17,2,0,0,82,17,13,11,4,0,10,7,455,143,232,60,27,23,1,50,11,0,9,2,47,42,54,53,0,0
2022-04-03,Serie B,3675820,Crotone,Perugia,0.3029162746942615,0.49106302916274697,0.20602069614299154,1,1,1,51,15,7,2,1,69,25,6,5,3,0,8,7,349,83,157,51,13,28,2,29,13,1,14,4,50,43,55,36,3,0,49,9,5,3,2,66,15,3,3,1,0,7,2,332,119,100,29,33,19,5,67,16,3,14,6,59,58,45,54,4,0
2022-04-05,Serie B,3675823,Cremonese,Alessandria,0.49068684516880096,0.41036088474970894,0.0989522700814901,2,1,0,37,12,6,2,1,64,20,6,4,2,0,9,3,265,70,99,35,31,15,1,57,12,1,13,2,41,39,51,50,2,1,63,13,3,2,2,79,11,2,9,1,0,6,7,452,199,156,30,33,22,3,62,10,2,18,4,53,61,49,67,2,0
2022-04-05,Serie B,3675829,LFA Reggio Calabria,Benevento,0.261070110701107,0.4424969249692497,0.2964329643296433,0,3,2,45,9,5,0,0,80,17,5,3,1,0,5,4,394,194,123,48,29,20,1,33,2,2,11,5,45,42,65,30,2,0,55,14,8,4,3,84,19,5,4,2,0,8,6,494,204,213,47,33,10,1,81,15,1,16,5,52,58,35,62,2,0
2022-04-05,Serie B,3675828,Pordenone,Frosinone,0.262217359591539,0.45696571845368344,0.28081692195477753,2,0,0,36,14,7,3,2,65,12,9,3,4,0,11,3,301,121,76,30,26,18,2,61,9,2,30,2,49,44,59,17,1,0,64,15,2,0,0,85,13,7,11,2,1,9,6,543,180,281,51,31,22,2,61,11,4,14,5,52,56,41,59,2,0
2022-04-05,Serie B,3678065,SPAL,Cosenza,0.44683670089433586,0.455448824113945,0.09771447499171912,2,2,1,69,15,6,2,2,79,13,5,3,6,0,6,9,493,159,231,63,30,29,2,67,8,1,8,1,44,39,51,33,2,0,31,9,3,3,2,58,10,1,5,1,0,8,1,221,66,63,27,33,18,3,60,15,6,29,4,55,61,49,64,3,3
2022-04-05,Serie B,3675830,Ternana,Lecce,0.2556767915069301,0.4511943379534061,0.2931288705396638,1,4,2,54,14,3,1,0,74,13,6,6,5,0,9,5,444,138,189,40,23,34,1,40,10,3,17,1,58,49,69,50,3,0,46,14,5,3,1,70,12,4,6,3,0,8,6,386,111,160,42,28,27,0,53,12,5,28,2,46,51,31,36,3,0
2022-04-06,Serie B,3675826,Parma Calcio 1913,Como,0.4724511930585683,0.4134490238611714,0.11409978308026031,4,3,0,53,15,7,2,2,83,18,2,3,5,1,9,6,445,154,217,42,27,16,0,82,4,0,17,3,43,41,57,50,3,0,47,12,6,4,1,82,11,1,6,0,0,10,2,398,201,126,48,33,15,3,67,7,5,14,3,54,59,43,62,3,0
2022-04-06,Serie B,3675822,Cittadella,Perugia,0.3699774991963999,0.48248151719704274,0.14754098360655737,0,0,1,49,11,1,2,2,74,11,6,6,4,0,7,4,392,83,206,51,16,30,0,58,16,0,26,2,41,41,49,13,1,0,51,7,2,0,0,72,9,4,5,0,0,7,0,424,190,117,36,23,28,2,44,16,4,21,1,52,59,51,55,0,0
2022-04-06,Serie B,3675824,LR Vicenza,Crotone,0.3640710382513661,0.4723360655737705,0.1635928961748634,1,1,1,48,11,3,4,4,72,11,9,3,5,1,8,3,353,123,131,41,12,28,3,63,7,2,10,0,39,46,30,46,3,0,52,7,1,1,1,76,8,4,4,2,0,4,3,412,186,127,38,22,31,1,77,9,5,22,4,59,54,70,59,3,1
2022-04-06,Serie B,3675825,Monza,Ascoli,0.4474708171206226,0.4396887159533074,0.11284046692607004,2,0,0,47,9,4,2,0,74,20,5,2,3,0,4,5,368,163,110,42,8,21,2,57,10,3,12,3,68,57,46,58,3,0,53,12,3,1,1,78,18,4,6,3,0,7,5,410,191,127,58,25,18,2,86,10,3,16,2,58,43,54,31,1,0
2022-04-06,Serie B,3675827,Pisa,Brescia,0.4095364238410596,0.44794701986754965,0.14251655629139073,0,0,1,41,5,4,1,1,71,19,2,1,0,0,3,2,326,139,93,49,36,26,0,56,10,5,24,2,60,47,46,36,1,1,59,13,3,2,2,78,13,4,6,4,0,11,2,462,177,183,61,19,33,3,63,7,0,6,4,68,53,54,63,3,0
2022-04-09,Serie B,3675831,Alessandria,Pordenone,0.4418604651162791,0.42397137745974955,0.13416815742397137,2,0,0,45,17,6,2,1,63,15,5,7,4,1,9,8,289,85,97,42,25,28,1,56,6,1,20,4,75,59,53,69,4,0,55,7,4,1,1,67,10,7,2,1,0,4,3,357,119,119,27,27,37,1,59,5,5,11,3,57,41,47,36,2,0
2022-04-09,Serie B,3675835,Como,Cittadella,0.35567970204841715,0.47113594040968343,0.17318435754189945,1,2,2,49,10,2,1,1,73,18,1,7,1,0,4,6,392,177,110,46,25,34,0,58,14,4,28,2,64,55,65,41,0,2,51,14,4,2,1,77,23,7,6,4,0,8,6,396,95,210,41,10,25,2,75,8,1,13,1,48,45,35,61,5,0
2022-04-09,Serie B,3675838,Lecce,SPAL,0.5378995433789955,0.35799086757990867,0.10410958904109589,1,0,0,49,17,5,3,2,71,18,6,10,2,0,14,3,319,110,116,34,12,25,1,38,10,2,14,2,58,55,55,64,0,0,51,12,2,1,1,75,17,7,7,3,0,4,8,325,122,122,35,36,23,0,83,9,2,16,4,47,45,45,50,0,0
2022-04-09,Serie B,3675837,Frosinone,Cremonese,0.3165829145728643,0.41708542713567837,0.2663316582914573,2,1,0,39,11,5,3,1,64,21,1,4,2,0,7,4,259,73,92,30,0,19,6,50,16,3,20,2,46,51,36,46,5,0,61,13,3,0,0,75,19,7,7,3,1,8,5,393,154,141,41,23,21,0,60,7,1,12,3,50,49,64,47,1,1
2022-04-10,Serie B,3675833,Benevento,LR Vicenza,0.5488466757123474,0.36702849389416553,0.08412483039348712,1,0,0,65,13,3,3,3,88,16,8,7,3,1,10,3,453,211,186,51,29,19,0,57,7,0,14,3,64,53,49,39,2,0,35,4,3,0,0,66,19,2,1,0,0,3,1,248,100,64,38,25,17,3,55,9,3,19,2,59,47,51,29,2,1
2022-04-10,Serie B,3675832,Ascoli,Reggina,0.41315014720314036,0.4573110893032385,0.1295387634936212,2,0,0,51,21,9,4,3,81,20,7,9,3,0,10,11,396,166,154,51,29,25,4,63,14,1,13,0,64,48,45,70,4,0,49,6,0,0,0,75,17,4,5,1,2,4,2,372,150,130,38,19,17,0,35,12,4,18,6,71,52,55,81,6,0
2022-04-10,Serie B,3678066,Cosenza,Monza,0.22182786157941436,0.43478260869565216,0.3433895297249335,0,2,2,30,8,2,1,1,67,19,2,5,1,0,6,2,249,99,69,33,47,22,0,74,8,0,16,1,44,46,36,50,2,0,70,9,3,3,1,87,13,3,6,0,1,7,2,590,226,287,58,21,16,1,63,9,1,13,2,58,54,64,45,5,0
2022-04-10,Serie B,3675836,Crotone,Ternana,0.33825198637911463,0.4778660612939841,0.18388195232690124,1,2,2,57,12,1,0,0,72,23,7,5,6,0,6,6,436,156,159,38,17,29,2,55,16,2,17,1,54,45,50,50,3,0,43,9,3,4,3,64,13,3,4,2,1,7,2,337,87,128,27,18,19,3,71,11,6,24,0,62,55,50,44,2,0
2022-04-10,Serie B,3675839,Perugia,Pisa,0.28420123565754635,0.4880847308031774,0.22771403353927624,1,1,1,58,27,9,9,8,73,10,13,11,7,1,21,6,366,121,148,43,28,30,1,69,10,3,25,0,53,50,52,42,2,0,42,9,1,1,0,65,19,3,4,4,0,4,5,277,72,109,41,10,21,2,65,15,8,20,7,52,50,48,75,2,0
2022-04-11,Serie B,3675834,Brescia,Parma Calcio 1913,0.4083488805970149,0.3990205223880597,0.19263059701492538,1,0,0,48,6,4,1,0,80,14,8,1,1,0,5,1,455,212,151,35,30,20,5,50,11,0,18,3,48,42,45,33,1,0,52,9,3,1,1,84,8,4,6,0,0,4,5,499,250,167,60,21,23,3,59,12,1,26,3,62,58,55,70,3,0
2022-04-14,Serie B,3678060,Cosenza,Benevento,0.6733668341708543,0.2814070351758794,0.04522613065326633,1,0,0,36,7,3,1,1,70,14,3,3,1,0,4,3,322,148,76,38,33,15,1,54,9,5,33,5,60,57,56,54,1,0,64,16,5,2,2,82,11,4,6,5,1,7,9,559,212,244,40,17,30,4,79,7,1,10,2,46,43,44,33,1,0
2022-04-18,Serie B,3675847,SPAL,Crotone,0.47100802854594115,0.3942908117752007,0.13470115967885815,1,1,1,53,22,6,3,3,78,16,6,10,6,0,15,7,437,164,179,45,32,24,1,56,16,2,11,5,57,44,64,35,2,0,47,15,6,4,3,74,12,5,7,2,0,9,6,386,142,143,49,12,29,1,60,11,6,23,5,57,56,36,70,1,0
2022-04-18,Serie B,3678067,Cremonese,Cosenza,0.5224292615596964,0.38923395445134573,0.0883367839889579,3,1,0,56,14,6,0,0,80,15,5,4,4,0,11,3,426,144,196,45,22,23,1,88,7,1,14,3,57,61,43,64,2,0,44,9,4,2,1,73,23,4,4,1,0,9,0,328,138,102,39,29,23,7,50,8,4,16,4,43,39,57,33,4,0
2022-04-18,Serie B,3675846,LFA Reggio Calabria,Lecce,0.19959677419354838,0.3924731182795699,0.40793010752688175,1,0,0,44,9,3,1,0,64,23,1,4,2,0,6,3,368,120,114,39,43,29,3,43,16,4,26,0,64,45,59,36,4,0,56,13,0,0,0,69,17,2,9,4,2,7,6,445,127,178,44,23,26,0,42,17,2,12,2,62,55,41,20,1,0
2022-04-18,Serie B,3675841,LR Vicenza,Perugia,0.27422907488986786,0.4977973568281938,0.22797356828193832,1,2,2,45,11,5,1,0,69,17,6,3,3,0,8,3,289,103,96,36,8,26,3,50,14,0,4,0,63,59,58,50,3,0,55,2,2,2,0,75,25,3,0,0,0,2,0,365,170,103,40,40,25,3,22,8,3,24,4,44,41,42,63,3,0
2022-04-18,Serie B,3675845,Pordenone,Benevento,0.2178002894356006,0.39725036179450074,0.3849493487698987,1,4,2,37,10,4,1,1,79,11,1,5,1,0,7,3,335,154,109,56,25,19,1,69,12,1,13,4,47,48,64,60,3,0,63,19,8,4,1,87,13,3,10,1,0,15,4,571,312,184,58,40,15,1,77,13,1,4,3,44,52,36,75,1,0
2022-04-18,Serie B,3675840,Cittadella,Alessandria,0.4092009685230024,0.46408393866020986,0.12671509281678772,1,2,2,65,15,4,1,0,78,20,3,8,3,0,9,6,486,143,236,62,36,40,1,67,6,3,14,2,52,48,42,45,3,0,35,13,5,2,0,60,14,3,6,2,1,8,5,267,74,85,36,36,26,1,57,11,3,26,4,63,52,58,30,3,1
2022-04-18,Serie B,3675843,Parma Calcio 1913,Ascoli,0.4455724760293288,0.43090806542583193,0.12351945854483926,0,1,2,58,12,1,2,2,85,13,11,6,5,0,9,3,482,178,230,67,27,25,2,56,10,4,3,3,66,52,54,50,4,0,42,13,4,0,0,77,16,2,5,4,0,8,5,367,178,106,56,60,17,4,64,13,5,33,1,61,48,46,43,2,0
2022-04-18,Serie B,3675844,Pisa,Como,0.4561717352415027,0.4275491949910555,0.11627906976744186,3,1,0,46,18,6,5,2,72,12,6,9,3,0,13,5,344,102,147,53,24,17,1,42,18,1,20,4,39,39,43,29,3,0,54,15,5,1,0,75,11,7,8,2,0,11,4,406,183,120,57,39,24,1,42,12,3,19,3,57,61,57,46,1,0
2022-04-18,Serie B,3675848,Ternana,Frosinone,0.31313131313131315,0.5034965034965035,0.18337218337218336,4,4,1,49,12,3,2,1,69,10,6,4,5,1,4,8,391,153,117,38,13,23,1,53,9,6,18,1,66,55,50,64,2,0,51,17,4,2,0,74,13,8,6,7,0,13,4,413,172,134,36,24,20,0,76,12,5,25,0,59,45,50,57,4,0
2022-04-18,Serie B,3675842,Monza,Brescia,0.43924392439243926,0.41944194419441944,0.1413141314131413,1,1,1,49,15,4,0,0,80,6,7,7,4,0,10,5,419,243,94,41,57,17,1,64,9,8,26,4,46,53,50,50,2,0,51,22,5,2,1,81,8,5,8,9,0,13,9,433,133,217,51,30,39,2,60,1,4,10,3,43,47,50,36,1,0
2022-04-25,Serie B,3675851,Ascoli,Cittadella,0.47805456702253857,0.3914590747330961,0.13048635824436536,0,0,1,44,19,5,0,0,74,16,4,7,7,0,10,9,344,136,119,53,29,27,2,58,15,5,12,4,63,58,37,56,1,0,56,14,4,0,0,75,20,7,5,5,0,8,6,447,156,180,49,27,21,2,50,7,7,21,5,57,42,63,38,5,0
2022-04-25,Serie B,3675850,Alessandria,Reggina,0.3885819521178637,0.4544198895027624,0.15699815837937384,0,0,1,51,12,1,0,0,68,21,3,7,4,2,9,3,391,109,156,27,44,28,1,65,16,0,12,1,75,51,64,43,1,0,49,5,1,1,1,70,15,5,4,0,0,2,3,382,131,137,35,8,21,4,74,11,4,13,1,61,49,36,55,3,0
2022-04-25,Serie B,3678068,Cosenza,Pordenone,0.4105316973415133,0.45807770961145194,0.13139059304703476,3,1,0,37,12,7,5,2,82,14,4,1,4,0,7,5,304,138,110,50,31,15,1,67,5,5,17,3,39,46,56,59,2,0,63,16,4,1,0,89,12,5,7,5,1,12,4,522,217,248,69,35,24,2,50,7,4,5,4,42,54,44,53,2,0
2022-04-25,Serie B,3675855,Crotone,Cremonese,0.2603201347935973,0.4077506318449874,0.33192923336141533,3,1,0,48,12,4,1,1,71,13,2,7,1,0,6,6,395,169,111,35,38,36,2,69,9,3,16,5,40,47,55,41,2,0,52,14,6,1,0,75,6,2,5,3,0,8,6,429,145,175,36,18,28,2,47,7,1,15,2,41,53,45,50,1,0
2022-04-25,Serie B,3675856,Frosinone,Monza,0.2970027247956403,0.4604904632152589,0.24250681198910082,4,1,0,40,16,8,2,2,72,19,4,7,1,1,10,6,312,86,140,44,38,20,3,54,10,0,19,2,48,43,43,63,3,0,60,10,3,1,0,76,9,3,7,0,1,6,4,454,200,145,39,18,24,1,59,9,0,12,5,63,57,57,50,2,0
2022-04-25,Serie B,3675857,Lecce,Pisa,0.43919672740795834,0.42692450725176645,0.1338787653402752,2,0,0,44,20,6,3,2,70,25,5,7,7,0,14,6,313,71,147,45,42,17,1,74,8,6,14,2,58,54,54,57,3,0,56,9,2,0,0,74,21,2,1,6,0,2,7,423,185,130,44,31,24,1,45,7,7,19,3,50,46,46,50,3,0
2022-04-25,Serie B,3675852,Benevento,Ternana,0.48201438848920863,0.419568345323741,0.09841726618705036,1,2,2,57,21,5,3,3,80,12,12,7,9,0,9,12,439,157,196,49,23,21,1,73,7,2,15,8,55,48,47,85,2,0,43,20,10,4,3,74,7,4,8,2,1,14,6,354,121,140,40,36,19,4,67,8,7,27,4,61,52,53,48,1,0
2022-04-25,Serie B,3675853,Brescia,SPAL,0.44825199030806506,0.43302180685358255,0.11872620283835238,1,1,1,63,12,3,2,1,81,14,7,6,3,0,11,1,458,174,195,55,25,33,0,78,5,5,24,1,51,49,38,59,3,0,37,12,2,1,0,62,14,6,5,5,0,6,6,265,85,78,40,35,27,3,57,11,3,24,2,64,51,62,73,4,0
2022-04-25,Serie B,3675854,Como,LR Vicenza,0.3656307129798903,0.48720292504570384,0.14716636197440586,0,2,2,54,14,6,1,1,82,13,4,7,1,0,8,6,484,249,148,55,25,27,0,47,11,4,13,5,51,46,54,62,0,0,46,14,7,3,2,78,11,10,3,4,0,11,3,394,194,115,51,21,14,0,58,7,1,14,6,56,54,46,56,3,0
2022-04-25,Serie B,3675858,Perugia,Parma Calcio 1913,0.32703954399714996,0.4495903099394371,0.2233701460634129,2,1,0,47,13,4,5,3,81,22,2,4,5,0,11,2,396,205,115,44,18,16,4,29,14,7,18,6,41,42,53,50,4,0,53,22,7,1,1,80,13,9,8,7,1,13,9,432,179,168,51,17,14,0,50,6,5,5,2,53,58,47,56,3,0
2022-04-30,Serie B,3675859,Cittadella,Brescia,0.25735294117647056,0.4426470588235294,0.3,1,0,0,44,6,4,1,1,73,17,4,1,1,0,4,2,397,164,126,51,29,23,0,60,18,4,33,4,63,46,50,13,3,0,56,17,4,0,0,77,10,8,9,4,0,14,3,489,146,232,43,17,39,3,50,15,0,11,3,70,54,50,41,1,0
2022-04-30,Serie B,3675860,Cremonese,Ascoli,0.5099415204678363,0.3719298245614035,0.11812865497076024,0,1,2,56,10,2,0,0,82,9,8,4,4,0,4,6,478,204,186,41,9,28,5,56,9,3,7,1,46,48,50,35,3,0,44,11,2,1,1,75,15,3,6,3,0,6,5,383,173,113,36,30,21,3,64,12,4,34,2,49,52,50,75,4,0
2022-04-30,Serie B,3675861,LR Vicenza,Lecce,0.19547325102880658,0.3292181069958848,0.47530864197530864,2,1,0,49,10,4,1,0,70,13,6,3,3,0,5,5,315,148,72,42,11,28,2,64,7,0,16,4,43,46,46,18,1,0,51,14,5,1,1,68,11,7,8,1,1,8,6,336,101,127,32,24,24,4,67,8,3,13,2,51,54,54,50,4,0
2022-04-30,Serie B,3675862,Monza,Benevento,0.3689538807649044,0.43194600674915634,0.19910011248593926,3,0,0,54,19,8,7,4,84,19,8,10,1,0,17,2,372,150,164,62,33,20,0,44,5,4,12,2,41,46,61,78,2,0,46,12,2,0,0,82,14,2,6,4,0,5,7,330,139,131,54,23,11,0,63,13,1,24,5,41,54,39,64,5,0
2022-04-30,Serie B,3675863,Parma Calcio 1913,Alessandria,0.4748858447488584,0.3820395738203957,0.1430745814307458,2,2,1,64,10,4,1,0,81,12,6,5,1,0,7,3,483,234,158,61,41,22,0,64,7,2,20,2,48,46,65,28,2,1,36,8,4,2,1,69,14,7,2,2,0,4,4,270,87,99,30,13,22,3,59,21,1,10,2,44,54,35,63,5,0
2022-04-30,Serie B,3678069,Pisa,Cosenza,0.5190615835777126,0.3680351906158358,0.11290322580645161,1,1,1,61,16,2,0,0,79,14,5,7,7,1,11,5,441,167,180,53,22,40,3,67,14,4,11,3,44,47,58,71,4,0,39,11,4,1,0,64,9,5,3,4,0,9,2,274,90,85,37,44,18,1,50,10,7,14,2,42,53,42,60,2,0
2022-04-30,Serie B,3675864,Pordenone,Crotone,0.25986078886310904,0.44779582366589327,0.2923433874709977,3,3,1,43,19,8,4,1,80,10,3,7,4,0,13,6,421,166,172,45,21,15,0,71,7,6,6,2,36,54,42,70,2,0,57,18,7,6,4,86,10,5,7,4,0,11,7,568,263,225,43,55,18,0,50,6,4,13,5,33,46,58,53,1,0
2022-04-30,Serie B,3675866,SPAL,Frosinone,0.32186234817813764,0.4331983805668016,0.24493927125506074,3,0,0,42,12,4,1,1,65,18,4,4,4,0,5,7,278,107,75,35,0,19,1,67,13,2,19,5,49,48,58,50,3,0,58,9,5,1,1,74,15,5,2,2,0,8,1,373,138,137,39,21,25,1,22,4,4,7,1,47,52,42,53,2,1
2022-04-30,Serie B,3675867,Ternana,Perugia,0.3632183908045977,0.45517241379310347,0.18160919540229886,1,0,0,42,14,6,3,2,64,16,4,3,5,0,8,6,258,65,101,40,31,19,1,50,6,3,12,3,56,49,55,38,4,0,58,11,3,2,2,74,20,2,5,3,0,7,4,361,138,129,35,17,25,4,67,6,5,13,5,53,51,45,50,3,0
2022-04-30,Serie B,3675865,Reggina,Como,0.40142095914742454,0.4369449378330373,0.16163410301953818,1,4,2,59,17,6,1,0,89,15,4,9,2,0,8,9,505,165,284,59,22,15,3,70,7,5,16,1,58,51,43,65,2,0,41,14,6,5,1,83,15,7,4,4,1,12,2,344,187,97,52,29,13,1,50,9,3,27,4,60,49,57,47,0,0
2022-05-06,Serie B,3675874,Crotone,Parma Calcio 1913,0.3059185242121445,0.47847809377402,0.2156033820138355,0,1,2,60,10,3,1,1,79,18,6,4,3,0,7,3,521,238,172,39,30,21,1,45,16,0,9,1,65,52,32,73,0,0,40,4,2,1,0,73,15,6,2,0,1,2,2,351,151,105,44,23,30,4,60,11,3,26,3,74,48,68,66,3,0
2022-05-06,Serie B,3675869,Alessandria,LR Vicenza,0.3701165181631254,0.4660726525017135,0.16381082933516106,0,1,2,66,14,4,0,0,76,8,4,4,6,0,7,7,446,144,193,48,25,43,6,68,12,1,9,0,79,64,55,54,3,1,34,6,1,1,1,57,24,3,4,1,0,4,2,241,66,71,42,25,26,4,50,12,6,30,4,51,36,45,31,3,0
2022-05-06,Serie B,3675870,Ascoli,Ternana,0.40229885057471265,0.46871008939974457,0.12899106002554278,4,1,0,58,18,6,4,2,82,9,2,9,3,2,11,7,482,188,207,51,20,17,1,60,12,1,24,3,54,57,44,63,1,0,42,10,4,0,0,67,15,9,5,1,1,9,1,334,114,109,37,23,25,1,47,14,3,8,3,48,43,56,40,1,0
2022-05-06,Serie B,3675871,Benevento,SPAL,0.43872778297474274,0.43779232927970063,0.1234798877455566,1,2,2,49,30,9,7,6,81,8,12,16,5,0,21,9,436,165,190,50,36,17,1,68,9,3,14,4,49,60,52,75,1,0,51,18,6,4,2,85,11,8,9,3,3,13,5,472,225,174,49,24,20,2,56,10,5,28,8,36,40,48,45,3,0
2022-05-06,Serie B,3675872,Brescia,Reggina,0.4235159817351598,0.4474885844748858,0.12899543378995434,3,0,0,53,30,9,4,3,85,14,13,14,7,0,21,9,475,168,236,61,44,20,2,53,9,1,11,1,56,51,69,57,0,0,47,3,1,0,0,81,9,2,1,1,0,3,0,437,220,132,47,9,23,0,71,13,8,20,5,44,49,31,50,2,0
2022-05-06,Serie B,3675873,Como,Cremonese,0.25757575757575757,0.4208754208754209,0.32154882154882153,1,2,2,58,13,3,2,1,81,11,5,6,4,1,8,5,499,292,112,49,28,34,8,69,12,4,9,1,57,58,47,62,4,0,42,13,3,3,1,76,18,6,6,4,0,7,6,359,100,174,41,14,9,0,57,9,3,20,2,47,42,53,69,1,0
2022-05-06,Serie B,3678070,Cosenza,Cittadella,0.3698630136986301,0.45447219983883963,0.17566478646253023,1,0,0,39,11,4,1,1,70,4,4,6,1,1,5,6,340,100,139,43,30,30,4,33,14,2,10,2,51,58,54,50,1,0,61,8,2,0,0,78,10,3,4,2,0,5,3,543,219,207,27,13,23,2,56,7,1,20,3,39,42,46,29,2,0
2022-05-06,Serie B,3675875,Frosinone,Pisa,0.3694379391100703,0.4496487119437939,0.18091334894613584,1,2,2,60,14,1,0,0,75,14,6,8,5,0,5,9,450,159,179,42,9,30,5,65,10,1,18,1,63,55,40,59,4,0,40,6,3,1,1,58,17,3,2,1,0,5,1,299,96,78,35,0,32,3,73,16,5,21,1,63,45,60,56,3,0
2022-05-06,Serie B,3675876,Lecce,Pordenone,0.5339329517579722,0.3740801308258381,0.0919869174161897,1,0,0,58,24,7,6,5,87,12,7,14,3,0,16,8,591,170,347,63,32,16,1,56,6,0,3,0,50,60,59,84,0,0,42,2,0,0,0,81,6,1,2,0,0,2,0,458,283,88,31,50,19,1,44,12,3,24,6,34,40,41,42,0,0
2022-05-06,Serie B,3675877,Perugia,Monza,0.23524267599475296,0.4097070397901181,0.35505028421512896,1,0,0,49,21,8,3,2,73,15,10,8,5,1,12,9,360,101,161,36,24,27,0,64,4,6,12,7,48,58,50,80,0,0,51,20,7,1,1,72,15,5,6,7,0,11,9,378,145,129,33,39,23,2,43,8,5,29,7,39,42,50,29,0,0
2022-05-12,Serie B Relegation Playoff,3872809,LR Vicenza,Cosenza,0.42525399129172714,0.41400580551523947,0.1607402031930334,1,0,0,64,19,6,2,1,78,17,6,11,2,2,10,9,393,152,156,54,26,18,1,43,4,3,24,3,53,45,50,44,2,0,36,10,3,0,0,64,10,4,3,4,0,6,4,219,63,77,42,16,25,3,59,8,2,21,5,60,55,50,56,4,0
2022-05-13,Serie B Promotion Playoff,3872806,Ascoli,Benevento,0.3707133917396746,0.367459324155194,0.2618272841051314,0,1,2,59,19,6,1,1,78,13,6,9,4,0,15,4,386,157,144,44,44,29,3,91,6,1,17,0,51,51,56,64,3,1,41,3,1,1,0,69,16,2,1,1,0,2,1,268,71,114,33,18,20,0,67,14,4,19,6,46,49,44,64,3,0
2022-05-14,Serie B Promotion Playoff,3872807,Brescia,Perugia,0.47651386530843237,0.3831352574985852,0.14035087719298245,3,2,0,52,20,5,3,0,72,24,12,8,7,0,15,5,486,148,202,51,45,23,1,87,10,1,27,1,76,41,60,24,4,0,48,11,3,1,1,67,20,7,7,1,0,7,4,451,164,140,37,27,33,3,63,5,7,21,2,79,59,40,72,4,0
2022-05-17,Serie B Promotion Playoff,3876569,Benevento,Pisa,0.5041520575751984,0.34766562096327736,0.14818232146152427,1,0,0,61,18,3,2,1,80,17,3,8,7,0,12,6,441,219,133,41,26,22,3,75,9,1,9,4,47,45,40,50,2,0,39,8,4,1,1,71,17,3,2,2,0,2,6,286,113,89,41,14,10,1,64,10,7,18,2,62,55,60,88,3,0
2022-05-18,Serie B Promotion Playoff,3876571,Brescia,Monza,0.453042328042328,0.3628747795414462,0.18408289241622575,1,2,2,48,18,6,2,2,76,10,4,8,4,0,10,8,380,125,163,43,40,32,0,67,7,2,12,1,53,52,44,50,2,0,52,12,3,3,1,81,13,4,7,2,0,9,3,424,190,153,53,31,27,0,47,12,4,25,5,54,48,56,52,3,0
2022-05-20,Serie B Relegation Playoff,3872805,Cosenza,LR Vicenza,0.392914653784219,0.392512077294686,0.21457326892109502,2,0,0,51,8,4,2,0,73,12,4,4,0,0,4,4,335,104,142,33,25,26,2,45,11,3,18,2,49,49,46,36,4,0,49,12,2,1,1,72,20,2,7,3,0,6,6,323,118,116,42,17,27,0,71,9,0,12,2,53,51,54,58,3,0
2022-05-21,Serie B Promotion Playoff,3876570,Pisa,Benevento,0.3316279069767442,0.38976744186046514,0.2786046511627907,1,0,0,51,12,1,2,1,73,22,2,6,5,0,2,10,377,129,147,46,6,21,5,71,6,3,19,1,53,43,50,46,3,0,49,7,1,0,0,72,14,4,3,3,0,2,5,352,132,121,46,20,23,5,56,10,4,14,0,64,57,50,64,2,0
2022-05-22,Serie B Promotion Playoff,3876572,Monza,Brescia,0.4889240506329114,0.3212025316455696,0.189873417721519,2,1,0,53,15,3,3,2,79,9,5,5,7,1,9,6,430,187,151,50,22,30,2,47,11,1,27,5,65,60,51,73,0,0,47,12,6,1,1,73,16,6,5,1,0,7,5,367,136,131,36,32,38,1,65,10,7,20,1,50,40,49,30,1,0
2022-05-26,Serie B Promotion Playoff,3880856,Monza,Pisa,0.4369154022032841,0.3290376221159842,0.23404697568073166,2,1,0,52,13,4,3,1,77,9,7,6,3,0,13,0,369,163,121,54,26,19,1,47,12,3,15,2,38,54,45,44,0,0,48,13,3,3,3,75,8,7,7,3,0,9,4,326,103,140,47,23,29,0,89,12,3,14,3,37,46,55,25,0,0
2022-05-29,Serie B Promotion Playoff,3880857,Pisa,Monza,0.4006079027355623,0.31033434650455927,0.28905775075987844,3,4,2,50,17,6,2,1,67,25,5,6,5,1,10,7,392,105,156,35,30,47,0,63,13,3,18,3,68,39,50,18,5,0,50,15,7,4,2,66,15,4,5,3,0,9,6,417,127,150,50,36,29,2,62,17,5,27,3,92,61,50,54,4,1
