match_date,league_name,matchid,home_team,away_team,home_probability_win,draw_probability,away_probability_win,home_goals,away_goals,ftr,home_ball_possession,home_total_shots,home_shots_on_target,home_big_chances,home_big_misses,home_accurate_passes,home_fouls_commited,home_corners,home_shots_off_target,home_blocked_shots,home_hit_woodwork,home_shots_inside_box,home_shots_outside_box,home_passes,home_own_half,home_opposition_half,home_accurate_long_balls,home_accurate_crosses,home_throws,home_offsides,home_tackles_won,home_interceptions,home_blocks,home_clearances,home_keeper_save,home_duels_won,home_geround_duels_won,home_aerial_duels_won,home_successful_dribbles,home_yellow_cards,home_red_cards,away_ball_possession,away_total_shots,away_shots_on_target,away_big_chances,away_big_misses,away_accurate_passes,away_fouls_commited,away_corners,away_shots_off_target,away_blocked_shots,away_hit_woodwork,away_shots_inside_box,away_shots_outside_box,away_passes,away_own_half,away_opposition_half,away_accurate_long_balls,away_axxurate_crosses,away_throws,away_offsides,away_tackles_won,away_interceptions,away_blocks,away_clearances,away_keeper_save,away_duels_won,away_geround_duels_won,away_aerial_duels_won,away_successful_dribbles,away_yellow_cards,away_red_cards
2023-04-14,Serie B,4123224,Guarani,Avai FC,0.5056925996204934,0.3111954459203036,0.18311195445920303,4,1,0,42,10,6,4,1,79,5,4,4,0,0,7,3,406,199,123,43,20,15,1,73,5,2,25,0,43,59,43,50,3,0,58,11,1,2,1,85,11,7,8,2,0,7,4,554,234,237,48,21,22,0,67,11,0,9,2,36,41,57,40,1,0
2023-04-15,Serie B,4123227,Ituano FC,Ceara,0.33305439330543934,0.3213389121338912,0.34560669456066945,2,0,0,36,4,3,1,1,71,26,1,1,0,0,2,2,287,135,69,37,22,13,1,77,10,10,36,2,68,50,68,71,4,0,64,21,2,1,1,83,16,7,9,10,0,12,9,490,174,232,65,19,26,1,82,7,0,8,2,57,50,32,36,1,0
2023-04-15,Serie B,4123225,Vila Nova,Novorizontino,0.4368932038834951,0.3883495145631068,0.17475728155339806,2,1,0,50,17,5,2,1,72,14,5,8,4,0,8,9,314,129,97,46,25,29,2,60,10,3,16,2,48,50,49,100,0,0,50,11,3,1,0,67,19,6,5,3,0,7,4,312,80,128,33,48,27,2,54,10,4,11,3,49,50,51,100,0,0
2023-04-15,Serie B,4123228,Mirassol,Chapecoense AF,0.44029850746268656,0.3681592039800995,0.19154228855721392,1,0,0,55,20,5,2,2,83,21,11,9,6,0,8,12,418,133,216,41,22,24,3,85,17,4,23,2,56,49,41,60,0,0,45,14,2,2,2,75,15,3,8,4,1,7,7,356,178,88,35,20,22,2,75,13,6,34,4,66,51,59,33,0,0
2023-04-15,Serie B,4123230,Sampaio Correa,Atletico GO,0.3411764705882353,0.3352941176470588,0.3235294117647059,3,3,1,51,19,8,5,3,80,13,2,6,5,0,13,6,373,177,122,38,8,20,1,79,10,4,17,2,41,50,45,13,3,0,49,12,5,3,0,75,17,8,3,4,0,9,3,346,147,114,42,30,23,4,79,4,5,15,5,43,50,55,0,3,0
2023-04-15,Serie B,4123231,Juventude,Botafogo SP,0.5041322314049587,0.3822314049586777,0.11363636363636363,1,2,2,65,20,5,1,0,83,6,11,6,9,0,13,7,400,159,174,77,24,30,2,67,9,1,9,3,43,52,59,100,1,0,35,11,5,1,1,71,13,7,5,1,0,4,7,226,71,89,41,30,15,1,90,7,9,35,4,36,48,41,89,4,0
2023-04-16,Serie B,4123226,Criciuma,Tombense FC,0.552,0.328,0.12,2,0,0,36,14,6,2,0,76,18,2,4,4,0,8,6,297,147,78,42,22,16,0,71,11,6,27,3,33,36,53,36,0,0,64,11,3,0,0,86,13,10,2,6,0,5,6,516,257,188,60,18,23,1,62,12,4,14,4,51,64,47,72,0,0
2023-04-16,Serie B,4123237,Londrina EC,ABC,0.3530864197530864,0.3728395061728395,0.2740740740740741,1,0,0,53,18,5,2,1,73,10,10,8,5,0,11,7,384,122,158,56,23,44,0,83,13,2,13,4,33,50,65,44,0,0,47,9,4,0,0,70,10,4,3,2,0,3,6,347,121,121,34,11,29,0,55,17,5,22,4,27,50,35,0,0,0
2023-04-16,Serie B,4123229,Vitoria,Ponte Preta,0.467680608365019,0.35361216730038025,0.17870722433460076,3,0,0,43,18,7,4,3,75,13,4,7,4,0,7,11,317,111,127,51,16,23,2,79,6,7,18,4,49,54,55,78,5,0,57,19,5,2,2,84,11,3,8,6,1,12,7,428,174,184,61,30,22,1,64,10,4,23,4,42,46,45,82,3,0
2023-04-21,Serie B,4123234,Atletico GO,CRB,0.503731343283582,0.353544776119403,0.14272388059701493,2,1,0,37,8,5,0,0,75,19,5,1,2,0,7,1,271,102,101,45,13,21,2,55,10,6,30,5,36,42,36,20,2,1,63,28,6,0,0,85,14,7,15,7,1,18,10,457,181,208,67,23,25,2,81,6,3,11,2,54,58,64,30,2,0
2023-04-21,Serie B,4123232,Botafogo SP,Sampaio Correa,0.49319066147859925,0.3550583657587549,0.1517509727626459,1,0,0,42,14,3,1,0,69,24,11,5,6,1,10,4,344,129,108,47,32,25,0,80,14,2,15,3,41,43,63,56,2,0,58,8,3,0,0,78,8,2,3,2,0,5,3,506,269,128,33,19,27,1,86,13,6,13,3,43,57,38,38,2,0
2023-04-22,Serie B,4123235,Ponte Preta,Criciuma,0.4453038674033149,0.343646408839779,0.2110497237569061,1,2,2,55,18,6,2,1,87,17,8,8,4,1,11,7,505,227,212,62,42,16,1,81,6,2,10,3,55,61,50,67,2,0,45,10,5,1,0,81,16,3,3,2,0,7,3,431,199,150,49,25,29,3,60,11,4,14,5,39,39,50,36,2,0
2023-04-22,Serie B,4123261,Tombense FC,Ituano FC,0.358974358974359,0.3076923076923077,0.3333333333333333,3,0,0,50,20,10,3,2,82,10,4,8,2,1,8,12,447,202,165,54,39,19,4,86,12,4,8,2,46,62,50,67,0,0,50,11,2,1,1,80,17,2,5,4,0,6,5,449,239,121,50,10,20,1,63,8,1,11,7,31,38,50,63,0,0
2023-04-22,Serie B,4123233,Avai FC,Mirassol,0.429126213592233,0.3592233009708738,0.21165048543689322,1,0,0,58,19,8,0,0,81,24,8,9,2,0,10,9,401,150,173,58,18,38,0,93,9,3,18,3,47,48,72,40,6,1,42,11,3,0,0,66,16,4,5,3,0,5,6,313,113,95,46,23,28,2,100,5,2,38,7,42,52,28,100,2,1
2023-04-22,Serie B,4123274,Novorizontino,Juventude,0.38663484486873506,0.38424821002386633,0.22911694510739858,1,0,0,47,25,7,1,1,71,21,6,11,7,1,15,10,312,89,134,46,42,26,0,69,12,1,15,2,53,52,61,44,0,0,53,9,2,0,0,71,20,5,6,1,0,7,2,357,149,103,47,24,28,1,70,4,7,23,6,44,48,39,67,0,0
2023-04-22,Serie B,4123259,Ceara,Guarani,0.506006006006006,0.3033033033033033,0.1906906906906907,0,3,2,58,22,3,2,2,87,15,4,12,7,0,12,10,529,174,286,64,32,22,4,76,13,3,4,3,51,51,33,45,2,1,42,14,6,3,1,83,18,3,5,3,0,12,2,386,190,130,52,33,12,0,58,14,7,33,3,56,49,67,59,4,0
2023-04-23,Serie B,4123260,Chapecoense AF,Londrina EC,0.4714285714285714,0.3380952380952381,0.19047619047619047,3,0,0,48,24,11,4,2,80,18,7,7,6,0,6,18,330,153,112,44,21,21,2,73,7,5,30,1,49,44,39,47,0,0,52,14,1,1,1,81,20,8,8,5,0,9,5,344,112,165,63,25,21,2,65,9,6,20,8,65,56,61,56,0,0
2023-04-23,Serie B,4123262,ABC,Vitoria,0.384070796460177,0.3345132743362832,0.2814159292035398,0,3,2,37,12,1,1,1,73,17,3,7,4,0,6,6,286,122,87,42,31,20,0,67,12,2,12,1,28,35,44,27,0,0,63,12,4,3,1,83,5,3,4,4,1,7,5,491,183,224,30,33,21,0,77,12,4,12,1,46,65,56,38,0,0
2023-04-28,Serie B,4123265,Criciuma,Avai FC,0.5319502074688797,0.3136929460580913,0.15435684647302905,1,0,0,55,12,3,1,0,80,22,6,6,3,0,9,3,372,176,122,49,27,20,2,80,8,3,13,2,33,39,43,50,2,0,45,8,2,0,0,78,11,2,3,3,0,3,5,299,146,86,40,33,15,0,87,9,3,17,2,51,61,57,67,3,1
2023-04-28,Serie B,4123268,Vitoria,Londrina EC,0.5545112781954887,0.3148496240601504,0.13063909774436092,2,0,0,53,19,7,3,1,81,13,7,7,5,0,9,10,396,167,153,44,32,26,0,86,11,4,15,4,47,57,61,42,0,0,47,12,4,0,0,81,17,2,4,4,0,3,9,354,124,164,67,17,29,0,82,10,5,13,5,34,43,39,50,0,0
2023-04-29,Serie B,4123263,Guarani,Ituano FC,0.513177159590044,0.34333821376281115,0.14348462664714495,1,0,0,45,10,4,3,2,76,16,2,3,3,0,7,3,359,161,113,48,22,22,4,54,5,11,36,5,46,54,58,56,0,0,55,23,6,0,0,81,17,9,7,10,0,9,14,423,177,165,41,32,22,3,78,19,3,12,3,38,46,42,71,0,0
2023-04-29,Serie B,4123269,Sampaio Correa,Mirassol,0.4506172839506173,0.3683127572016461,0.18106995884773663,1,3,2,53,12,4,2,1,80,13,8,5,3,0,7,5,352,122,160,59,16,27,0,45,13,1,1,1,36,44,24,19,0,0,47,9,4,2,0,82,18,1,4,1,0,6,3,331,147,125,50,0,12,1,70,5,3,28,3,54,56,76,13,0,0
2023-04-29,Serie B,4123266,Botafogo SP,CRB,0.511380880121396,0.330804248861912,0.15781487101669195,2,0,0,44,16,6,1,0,81,13,2,10,0,1,6,10,371,150,150,46,29,21,2,86,15,1,10,2,42,53,58,56,0,0,56,5,2,0,0,82,14,3,1,2,0,2,3,478,233,157,49,31,28,4,82,5,0,8,4,35,47,42,33,3,1
2023-04-29,Serie B,4123270,Chapecoense AF,Ponte Preta,0.5370370370370371,0.32222222222222224,0.14074074074074075,1,1,1,64,13,3,0,0,84,13,8,7,3,0,8,5,513,252,179,69,28,29,1,47,7,4,5,4,59,56,44,50,3,0,36,15,5,3,2,72,24,3,6,4,1,6,9,302,107,109,43,29,18,1,75,8,3,25,3,52,44,56,60,7,2
2023-04-29,Serie B,4123271,Tombense FC,Atletico GO,0.36627906976744184,0.31976744186046513,0.313953488372093,1,1,1,52,18,5,1,1,85,10,10,8,5,0,11,7,389,179,153,64,30,22,4,67,10,3,14,3,38,55,50,63,2,0,48,13,4,0,0,84,10,7,6,3,0,9,4,353,139,158,63,17,20,1,56,4,4,25,4,33,45,50,46,1,0
2023-04-30,Serie B,4123267,Novorizontino,Sport Recife,0.32947976878612717,0.35260115606936415,0.3179190751445087,0,0,1,54,18,3,0,0,75,14,9,11,4,0,12,6,373,137,142,48,39,31,2,70,14,3,27,1,29,39,56,33,0,0,46,5,1,0,0,62,6,5,1,3,0,1,4,334,95,113,31,0,24,1,92,8,4,15,3,38,61,44,63,0,0
2023-04-30,Serie B,4123272,ABC,Ceara,0.36982968369829683,0.3442822384428224,0.28588807785888076,1,2,2,51,16,7,3,2,75,26,9,4,5,0,11,5,336,110,141,39,22,33,1,73,12,0,5,4,52,49,50,0,0,0,49,10,6,2,0,74,22,2,4,0,2,5,5,349,173,87,44,17,15,3,71,10,5,19,6,54,51,50,17,0,0
2023-04-30,Serie B,4123264,Vila Nova,Juventude,0.4513888888888889,0.35555555555555557,0.19305555555555556,1,0,0,37,16,2,1,0,72,27,7,11,3,1,9,7,279,98,102,42,24,28,1,78,7,1,16,3,57,46,47,60,4,0,63,7,3,1,1,81,18,4,3,1,0,4,3,489,257,137,46,16,32,3,64,6,3,25,1,66,54,53,44,5,0
2023-05-01,Serie B,4123240,Londrina EC,Criciuma,0.3181818181818182,0.3739930955120829,0.30782508630609895,1,1,1,47,13,1,3,2,71,19,6,8,4,0,9,4,353,81,170,57,14,25,2,69,15,4,10,2,56,43,58,73,0,0,53,18,3,1,1,75,7,4,11,4,0,11,7,412,144,166,39,38,25,4,100,5,4,23,0,59,57,42,69,0,0
2023-05-02,Serie B,4123239,CRB,Sampaio Correa,0.47630473905218956,0.40491901619676063,0.1187762447510498,0,0,1,52,15,1,2,2,80,16,5,11,3,0,7,8,456,203,160,45,26,31,1,71,6,3,13,3,49,46,51,60,0,0,48,17,4,3,3,79,13,1,11,2,0,7,10,438,179,167,36,23,18,0,85,16,3,26,1,53,54,49,42,0,0
2023-05-02,Serie B,4123273,Ponte Preta,Botafogo SP,0.31992574257425743,0.4003712871287129,0.27970297029702973,2,0,0,54,13,5,2,1,88,16,3,3,5,0,5,8,460,252,153,54,17,12,2,75,12,3,9,0,36,44,33,50,2,0,46,5,0,0,0,81,16,6,2,3,0,3,2,391,210,107,52,25,18,0,76,9,5,12,3,48,56,67,64,3,1
2023-05-03,Serie B,4123257,Atletico GO,Chapecoense AF,0.4990500316656111,0.37492083597213427,0.1260291323622546,2,1,0,54,13,4,2,0,81,23,5,4,5,0,5,8,446,168,195,45,22,18,0,83,4,4,19,1,45,48,45,63,3,0,46,14,2,3,2,79,16,6,8,4,0,10,4,371,167,125,56,39,28,5,42,7,5,16,2,51,52,55,25,3,0
2023-05-03,Serie B,4123255,Ituano FC,ABC,0.5199063231850117,0.3598750975800156,0.12021857923497267,3,0,0,54,18,6,1,0,77,16,3,10,2,1,13,5,444,209,132,52,19,28,1,60,7,1,8,1,51,48,59,17,0,0,46,7,1,0,0,79,16,0,5,1,0,4,3,383,171,131,50,33,30,2,83,15,1,11,3,48,52,41,64,0,0
2023-05-03,Serie B,4123241,Juventude,Guarani,0.36370106761565835,0.3288256227758007,0.3074733096085409,1,0,0,38,11,7,3,3,76,11,6,3,1,0,7,4,324,123,124,53,24,18,1,58,15,5,31,3,47,58,54,78,0,0,62,11,2,0,0,84,8,11,4,5,0,7,4,534,213,234,58,27,30,0,67,14,1,16,6,36,42,46,54,0,0
2023-05-03,Serie B,4123244,Mirassol,Novorizontino,0.507537688442211,0.3798994974874372,0.11256281407035176,0,2,2,71,8,2,1,1,82,20,7,6,0,2,4,4,546,248,200,63,13,37,2,67,4,5,17,1,47,53,39,67,0,0,29,12,3,1,1,60,24,3,4,5,0,5,7,219,63,68,39,31,14,0,54,19,0,38,2,48,47,61,13,0,0
2023-05-04,Serie B,4123256,Avai FC,Vila Nova,0.47528830313014825,0.3517298187808896,0.17298187808896212,0,3,2,73,17,4,1,1,82,14,7,7,6,0,8,9,591,246,240,58,17,31,3,89,4,3,7,2,46,42,68,54,1,0,27,15,5,2,0,64,11,3,7,3,0,11,4,219,64,76,44,21,22,0,86,17,6,31,4,47,58,32,92,2,0
2023-05-06,Serie B,4123247,Botafogo SP,Vitoria,0.4048376830044558,0.33290897517504775,0.2622533418204965,0,3,2,55,14,4,0,0,81,10,9,5,5,0,7,7,429,166,181,57,23,29,0,71,10,7,19,2,31,39,41,50,1,0,45,19,5,1,0,79,7,5,7,7,0,11,8,356,161,120,35,29,24,1,59,17,5,34,4,47,61,59,78,4,0
2023-05-06,Serie B,4123246,Criciuma,Ituano FC,0.5305291723202171,0.33514246947082765,0.13432835820895522,2,1,0,52,14,6,2,1,83,16,9,4,4,0,8,6,413,178,165,55,10,20,3,70,15,2,31,2,35,44,47,38,0,0,48,9,3,0,0,78,14,7,4,2,0,5,4,383,164,136,52,16,18,2,86,19,4,22,4,44,56,53,56,0,0
2023-05-06,Serie B,4123248,Mirassol,Vila Nova,0.37423312883435583,0.3512269938650307,0.2745398773006135,1,1,1,62,20,7,0,0,83,22,7,8,5,1,12,8,449,231,142,56,46,25,0,79,9,3,31,6,60,51,53,69,4,0,38,18,7,1,0,67,15,9,8,3,0,6,12,275,95,89,48,25,30,0,64,2,5,22,6,56,49,47,31,3,0
2023-05-06,Serie B,4123250,Sampaio Correa,Juventude,0.4146341463414634,0.37398373983739835,0.21138211382113822,2,1,0,42,17,3,0,0,80,15,1,9,5,0,8,9,374,158,142,41,33,28,1,69,11,3,16,0,48,54,35,27,0,0,58,16,1,2,1,84,22,4,11,4,1,11,5,503,221,203,50,33,29,1,36,5,5,9,1,49,46,65,53,0,0
2023-05-06,Serie B,4123252,Tombense FC,Avai FC,0.4479166666666667,0.375,0.17708333333333334,0,1,2,58,18,2,1,1,86,13,6,10,6,1,7,11,489,285,134,58,27,21,2,75,14,1,3,2,58,55,75,36,1,1,42,8,3,1,0,79,26,1,4,1,0,4,4,366,167,122,36,0,15,0,67,15,6,21,2,43,45,25,43,7,1
2023-05-06,Serie B,4123251,Chapecoense AF,Novorizontino,0.4375,0.38825757575757575,0.17424242424242425,1,1,1,58,13,6,0,0,79,15,7,3,4,0,6,7,510,233,168,53,13,28,0,90,11,3,28,3,54,57,58,78,0,0,42,16,4,2,1,73,23,4,9,3,0,8,8,369,114,156,38,32,19,0,70,6,4,36,5,40,43,42,70,0,0
2023-05-06,Serie B,4123253,CRB,ABC,0.4319852941176471,0.39705882352941174,0.17095588235294118,1,1,1,66,15,5,0,0,85,19,7,7,3,1,9,6,556,262,209,61,19,31,3,72,11,1,12,3,50,49,36,25,0,0,34,10,4,0,0,71,17,3,4,2,0,4,6,290,106,101,45,33,20,2,77,22,3,31,4,60,51,64,39,0,0
2023-05-07,Serie B,4123238,Ponte Preta,Ceara,0.3464052287581699,0.3616557734204793,0.29193899782135074,0,0,1,38,21,5,0,0,82,26,5,11,5,0,7,14,306,96,156,68,21,22,4,71,16,2,7,1,53,50,38,67,5,0,62,5,1,0,0,88,18,3,2,2,0,3,2,530,279,188,62,25,18,1,53,17,5,23,5,56,50,62,54,3,0
2023-05-07,Serie B,4123249,Sport Recife,Guarani,0.4945887445887446,0.3170995670995671,0.18831168831168832,2,0,0,48,22,6,5,4,83,9,10,6,10,0,13,9,432,189,169,50,23,19,0,100,8,3,17,1,40,61,54,75,0,0,52,7,1,0,0,86,13,4,3,3,0,3,4,486,221,198,59,13,18,1,71,7,9,30,4,28,39,46,17,0,0
2023-05-08,Serie B,4123245,Atletico GO,Londrina EC,0.580934101087652,0.32437619961612285,0.09468969929622521,2,1,0,40,8,4,0,0,76,14,5,2,2,0,5,3,328,123,127,44,13,28,0,62,7,2,30,1,50,59,38,90,0,1,60,12,2,1,0,81,15,12,8,2,0,7,5,460,130,244,70,26,25,1,43,10,4,9,0,47,41,62,58,4,0
2023-05-10,Serie B,4123242,Ceara,Vitoria,0.35603345280764637,0.35921943448825167,0.28474711270410197,0,2,2,66,10,1,1,1,88,24,8,5,4,0,3,7,539,226,250,65,15,24,0,92,4,3,10,3,43,47,53,50,3,0,34,10,5,1,0,78,17,3,2,3,0,5,5,288,124,100,42,22,20,0,75,11,4,28,1,47,53,47,56,1,0
2023-05-11,Serie B,4123243,Sport Recife,Tombense FC,0.534647550776583,0.36081242532855434,0.10454002389486261,3,2,0,44,13,6,1,0,82,8,8,4,3,1,7,6,385,174,143,53,19,17,1,64,12,3,19,3,40,59,46,86,1,0,56,17,5,4,3,85,13,5,9,3,0,11,6,479,225,182,56,35,21,1,57,11,3,11,3,33,41,54,44,3,0
2023-05-12,Serie B,4123275,Vila Nova,Criciuma,0.41864555848724716,0.3227792436235708,0.25857519788918204,0,0,1,56,25,6,2,2,81,18,8,11,8,2,13,12,388,114,200,56,25,31,3,75,5,0,12,1,52,47,61,50,1,0,44,3,1,0,0,72,18,2,2,0,0,3,0,312,119,106,42,31,19,0,59,4,8,36,6,50,53,39,55,5,2
2023-05-13,Serie B,4123295,Avai FC,Chapecoense AF,0.4482758620689655,0.3312159709618875,0.22050816696914702,1,4,2,50,10,3,0,0,83,12,6,5,2,0,5,5,449,204,170,50,30,17,0,67,17,2,10,3,31,43,53,50,3,1,50,13,7,4,0,85,14,3,4,2,0,8,5,457,268,120,59,29,26,3,62,7,2,15,2,37,57,47,63,4,0
2023-05-13,Serie B,4123300,Juventude,Mirassol,0.41818181818181815,0.42467532467532465,0.15714285714285714,0,1,2,47,15,5,1,1,73,19,2,9,1,0,5,10,380,163,114,30,21,38,1,60,12,7,13,3,56,55,43,57,4,0,53,15,4,1,1,80,22,1,4,7,0,7,8,434,192,156,50,31,27,1,33,13,1,21,5,52,45,57,80,4,0
2023-05-13,Serie B,4123254,Guarani,Sampaio Correa,0.5160839160839161,0.3678321678321678,0.11608391608391608,2,0,0,45,8,2,2,0,80,11,3,3,3,0,5,3,478,246,136,48,14,22,0,53,8,0,24,7,53,51,45,47,1,0,55,17,7,2,2,86,10,3,10,0,1,6,11,593,226,285,66,31,20,2,56,18,3,7,0,53,49,55,71,2,0
2023-05-13,Serie B,4123297,Novorizontino,CRB,0.47924528301886793,0.3660377358490566,0.15471698113207547,0,1,2,56,27,6,1,1,70,21,7,12,9,1,17,10,393,114,160,35,38,34,2,64,17,1,10,2,56,43,46,86,0,0,44,6,3,1,1,56,14,1,2,1,0,2,4,326,98,85,32,50,25,1,63,12,8,25,6,71,57,54,71,3,0
2023-05-13,Serie B,4123299,Ceara,Tombense FC,0.517503805175038,0.3729071537290715,0.1095890410958904,2,0,0,46,11,6,3,1,82,22,3,2,3,0,8,3,388,168,149,48,29,20,3,80,11,7,26,5,33,37,36,44,3,0,54,18,5,0,0,82,8,9,6,7,0,12,6,438,183,176,69,21,25,1,73,16,2,3,4,57,63,64,77,2,0
2023-05-14,Serie B,4123301,Londrina EC,Ponte Preta,0.38006756756756754,0.41216216216216217,0.20777027027027026,3,0,0,50,16,6,4,2,83,17,5,8,2,0,13,3,384,181,138,73,29,23,1,71,3,1,16,2,45,40,71,55,1,0,50,10,2,0,0,82,13,8,7,1,0,6,4,396,217,109,58,30,30,1,50,13,2,19,3,55,60,29,87,1,1
2023-05-14,Serie B,4123302,ABC,Botafogo SP,0.3494704992435703,0.3691376701966717,0.2813918305597579,1,2,2,68,16,4,1,0,83,11,10,7,5,2,9,7,517,203,228,57,18,30,0,71,12,2,12,2,53,54,52,73,2,0,32,12,5,2,1,69,15,4,6,1,0,4,8,248,68,102,43,22,16,0,69,10,4,35,3,47,46,48,82,2,0
2023-05-14,Serie B,4123298,Vitoria,Atletico GO,0.5554455445544555,0.30594059405940593,0.13861386138613863,2,3,2,54,13,2,0,0,81,8,3,7,4,0,9,4,426,193,154,62,26,33,2,63,2,4,16,2,52,63,46,79,2,0,46,10,5,5,3,81,12,5,1,4,0,6,4,370,148,152,43,60,19,0,50,6,4,42,0,38,37,54,50,3,0
2023-05-14,Serie B,4123296,Ituano FC,Sport Recife,0.31106471816283926,0.33298538622129437,0.3559498956158664,1,1,1,53,14,5,1,0,77,18,3,7,2,0,6,8,470,218,146,51,24,21,0,64,11,5,13,3,39,45,41,33,4,0,47,13,4,1,0,76,14,3,4,5,0,6,7,418,171,145,50,18,26,1,70,12,3,16,3,50,55,59,43,2,0
2023-05-19,Serie B,4123307,Mirassol,Vitoria,0.29703703703703704,0.2985185185185185,0.40444444444444444,2,0,0,57,17,10,4,2,85,26,3,2,5,0,11,6,466,231,166,54,33,20,1,78,10,3,24,3,56,47,56,50,1,0,43,12,3,0,0,79,15,5,6,3,0,4,8,345,138,134,48,17,29,0,79,9,5,12,7,58,53,44,39,2,0
2023-05-19,Serie B,4123294,Tombense FC,Londrina EC,0.3926302414231258,0.40025412960609913,0.2071156289707751,0,2,2,65,20,7,1,1,88,8,15,8,5,1,10,10,578,223,287,78,24,22,3,93,6,1,3,2,42,46,50,25,2,0,35,9,4,1,1,73,14,3,4,1,0,5,4,323,139,97,33,15,16,0,53,12,5,27,7,47,54,50,72,1,0
2023-05-20,Serie B,4123304,Atletico GO,Avai FC,0.5812024879060125,0.31375259156876295,0.1050449205252246,0,0,1,60,16,8,0,0,84,12,6,4,4,0,10,6,527,220,224,59,14,27,2,54,6,1,11,4,52,59,45,64,0,0,40,10,4,1,1,78,20,3,4,2,0,5,5,358,175,103,35,0,21,0,75,12,4,33,8,41,41,55,58,2,0
2023-05-20,Serie B,4123308,Sport Recife,Botafogo SP,0.5380774032459426,0.3283395755305868,0.13358302122347065,3,0,0,46,18,4,1,0,83,13,5,9,5,1,8,10,384,179,141,54,27,10,1,45,7,4,18,4,35,51,40,56,0,0,54,13,4,0,0,82,11,7,5,4,0,5,8,449,194,174,56,11,18,3,100,5,5,15,2,38,49,60,54,3,0
2023-05-20,Serie B,4123306,Ituano FC,Novorizontino,0.4514851485148515,0.3940594059405941,0.15445544554455445,0,2,2,46,9,2,0,0,74,16,5,4,3,0,5,4,361,167,101,46,14,25,4,53,18,2,31,5,52,50,45,62,2,0,54,15,7,0,0,78,12,8,6,2,0,5,10,402,121,191,61,17,28,2,83,14,3,16,2,56,50,55,41,2,0
2023-05-20,Serie B,4123309,Sampaio Correa,ABC,0.4501108647450111,0.38802660753880264,0.16186252771618626,1,0,0,50,13,2,0,0,78,21,6,7,4,0,9,4,388,141,161,39,50,20,3,68,8,1,8,1,64,56,43,70,1,0,50,5,1,1,1,81,18,0,3,1,0,2,3,403,178,147,52,20,30,1,80,9,4,9,2,57,44,57,54,1,0
2023-05-21,Serie B,4123310,Chapecoense AF,Juventude,0.48860759493670886,0.3620253164556962,0.14936708860759493,0,2,2,55,10,2,0,0,84,17,5,5,3,0,6,4,449,213,166,60,27,26,3,46,7,4,8,3,50,50,56,46,1,0,45,18,5,1,0,80,22,5,9,4,0,10,8,376,176,123,52,50,21,0,47,11,3,20,2,48,50,44,75,3,0
2023-05-21,Serie B,4123305,Criciuma,Ceara,0.4793187347931874,0.3686131386861314,0.15206812652068127,1,2,2,60,22,9,2,1,83,13,9,7,6,1,13,9,475,150,246,56,19,34,1,57,7,2,9,5,48,48,55,71,3,0,40,13,7,1,0,74,12,2,4,2,0,7,6,316,159,76,44,33,22,3,81,14,6,37,7,47,52,45,44,5,0
2023-05-21,Serie B,4123303,Ponte Preta,Guarani,0.38088829071332436,0.36473755047106327,0.2543741588156124,1,1,1,43,10,3,0,0,78,22,2,4,3,0,5,5,337,105,157,51,16,18,3,54,12,3,22,4,55,47,45,82,6,0,57,12,5,1,0,83,20,6,4,3,0,6,6,452,223,150,54,6,14,3,80,8,3,21,2,64,53,55,57,0,0
2023-05-21,Serie B,4123293,CRB,Vila Nova,0.3967551622418879,0.3864306784660767,0.2168141592920354,0,3,2,32,9,1,2,2,70,17,0,6,2,1,4,5,287,105,96,34,13,20,0,65,7,12,5,6,50,56,46,75,1,2,68,26,10,2,1,89,13,2,5,11,0,9,17,612,247,298,64,27,17,1,75,7,2,15,1,44,44,54,25,2,0
2023-05-23,Serie B,4123278,Botafogo SP,Mirassol,0.3890074706510139,0.39007470651013876,0.2209178228388474,1,0,0,35,13,4,1,0,67,12,5,2,7,0,7,6,285,107,84,37,47,26,1,69,11,4,20,5,40,47,50,60,0,0,65,20,5,2,2,85,14,4,11,4,2,10,10,541,231,231,62,27,25,1,62,15,7,14,3,42,51,50,50,2,0
2023-05-24,Serie B,4123284,ABC,Tombense FC,0.4178294573643411,0.42790697674418604,0.15426356589147286,1,0,0,42,11,4,1,1,78,16,3,2,5,0,4,7,344,134,133,47,29,19,1,90,15,5,13,5,52,50,44,68,4,0,58,18,5,0,0,82,17,8,8,5,1,10,8,458,194,183,52,24,21,1,67,16,5,12,4,55,50,56,77,4,0
2023-05-24,Serie B,4123279,Novorizontino,Avai FC,0.44907407407407407,0.3773148148148148,0.1736111111111111,2,0,0,44,14,5,2,0,76,6,6,3,6,0,7,7,357,143,128,52,22,17,1,67,22,2,18,1,56,49,47,79,1,0,56,8,3,1,1,80,9,5,5,0,0,5,3,459,196,173,52,26,28,5,69,14,6,17,3,60,51,53,71,2,0
2023-05-24,Serie B,4123282,Juventude,Atletico GO,0.33663366336633666,0.3900990099009901,0.2732673267326733,3,0,0,46,10,6,1,0,83,24,4,4,0,0,7,3,412,228,113,61,38,15,1,67,14,7,17,1,47,48,65,33,2,0,54,13,1,2,2,85,16,3,5,7,0,8,5,483,225,185,67,33,32,1,71,11,0,14,3,45,52,35,80,2,0
2023-05-24,Serie B,4123283,Londrina EC,Ceara,0.3418918918918919,0.44256756756756754,0.21554054054054053,1,3,2,39,17,4,2,1,79,19,8,10,3,0,13,4,323,114,140,61,36,32,0,73,8,3,14,0,68,52,67,69,3,0,61,9,3,2,0,84,14,2,2,4,0,6,3,540,348,108,54,30,22,1,60,20,3,20,3,55,48,33,100,0,0
2023-05-24,Serie B,4123276,Vila Nova,Ituano FC,0.4879032258064516,0.3967741935483871,0.1153225806451613,1,0,0,39,22,6,1,1,74,19,6,10,6,0,8,14,324,128,112,40,35,22,0,73,10,2,21,2,51,47,45,58,3,0,61,9,3,0,0,80,12,8,5,1,0,4,5,516,226,186,57,25,33,1,80,10,6,15,5,59,53,55,60,5,1
2023-05-24,Serie B,4123280,Vitoria,CRB,0.520891364902507,0.3711699164345404,0.10793871866295264,1,0,0,58,20,3,2,2,83,11,9,12,5,1,13,7,457,195,184,49,38,30,2,70,15,1,15,5,58,55,55,67,0,0,42,12,5,0,0,74,20,5,6,1,0,7,5,325,127,115,46,24,12,1,53,9,5,15,2,48,45,45,78,6,0
2023-05-25,Serie B,4123292,Guarani,Chapecoense AF,0.5035685963521015,0.3766851704996035,0.11974623314829501,3,3,1,58,16,7,6,3,88,18,6,4,5,1,12,4,546,249,232,53,32,15,0,57,10,6,16,6,30,45,36,31,3,0,42,21,9,1,0,84,14,4,6,6,0,12,9,397,168,164,47,41,16,1,73,12,5,20,4,40,55,64,50,7,0
2023-05-25,Serie B,4123277,Criciuma,Sport Recife,0.34634492547906315,0.41022001419446413,0.24343506032647266,1,0,0,45,19,5,1,0,78,12,6,9,5,0,10,9,398,158,151,44,45,21,0,63,14,2,26,4,52,56,54,69,1,0,55,10,4,1,1,83,9,6,4,2,1,5,5,488,206,199,58,14,29,0,78,5,5,17,4,42,44,46,71,2,0
2023-05-25,Serie B,4123281,Sampaio Correa,Ponte Preta,0.4405010438413361,0.3924843423799583,0.16701461377870563,0,0,1,56,29,3,1,1,85,21,8,13,13,0,18,11,445,142,236,44,33,20,2,81,15,2,10,3,52,47,41,50,1,0,44,10,3,2,2,81,18,4,5,2,0,9,1,351,149,134,50,38,20,2,59,14,13,20,3,61,53,59,100,5,0
2023-05-27,Serie B,4123313,CRB,Juventude,0.30495049504950494,0.4,0.29504950495049503,1,2,2,49,16,3,2,1,81,17,10,7,6,1,10,6,420,173,166,67,32,18,3,67,8,2,8,4,61,52,57,43,0,0,51,15,6,3,1,83,15,2,7,2,0,10,5,451,283,92,56,42,17,2,73,9,5,25,2,53,48,43,39,2,0
2023-05-27,Serie B,4123288,Ituano FC,Londrina EC,0.42597402597402595,0.4103896103896104,0.16363636363636364,3,1,0,54,14,4,2,0,83,20,7,3,7,0,9,5,408,191,148,55,30,19,2,68,11,2,23,4,65,50,56,47,2,0,46,11,5,1,1,77,20,5,4,2,1,7,4,346,164,104,45,9,26,2,61,14,7,16,1,63,50,44,40,4,0
2023-05-27,Serie B,4123287,Avai FC,Vitoria,0.3223570190641248,0.29982668977469673,0.3778162911611785,1,1,1,56,20,6,1,1,82,24,7,4,10,0,13,7,464,213,166,48,13,18,2,56,17,3,7,3,69,50,39,83,4,0,44,9,4,0,0,76,18,4,2,3,0,3,6,361,143,131,35,14,17,2,75,5,10,24,4,78,50,61,48,1,0
2023-05-27,Serie B,4123286,Atletico GO,Botafogo SP,0.5069686411149826,0.343205574912892,0.14982578397212543,1,1,1,68,16,4,1,0,86,12,6,7,5,0,11,5,550,178,295,43,23,17,4,63,9,4,21,3,64,59,59,35,5,0,32,14,4,1,0,69,18,8,6,4,1,5,9,259,83,96,37,5,21,0,63,9,5,26,3,44,41,41,0,1,0
2023-05-28,Serie B,4123285,Ponte Preta,Vila Nova,0.3256997455470738,0.3842239185750636,0.2900763358778626,1,0,0,47,17,5,3,2,71,21,4,11,1,0,13,4,317,103,121,47,33,20,2,72,17,7,38,1,64,49,65,70,3,0,53,12,1,0,0,70,11,10,4,7,0,5,7,345,98,142,47,23,25,3,88,16,1,12,4,52,51,35,90,3,0
2023-05-28,Serie B,4123291,Ceara,Novorizontino,0.48859934853420195,0.3778501628664495,0.13355048859934854,0,3,2,66,10,4,0,0,81,11,4,4,2,0,7,3,522,284,137,38,27,28,3,92,6,3,14,1,60,59,42,65,3,0,34,15,5,3,1,67,19,2,6,4,0,10,5,269,69,111,32,46,24,4,72,12,2,29,4,51,41,58,33,1,0
2023-05-28,Serie B,4123289,Mirassol,Criciuma,0.3954802259887006,0.4218455743879473,0.18267419962335216,1,0,0,49,14,2,1,0,79,22,3,8,4,0,7,7,432,210,133,46,23,23,0,83,15,2,22,1,64,48,70,67,3,0,51,7,1,1,1,77,15,4,4,2,0,2,5,447,178,168,47,19,37,0,62,15,4,11,1,55,52,30,80,3,1
2023-05-28,Serie B,4123290,Sport Recife,ABC,0.5485294117647059,0.32794117647058824,0.12352941176470589,4,1,0,56,18,7,2,0,85,10,7,7,4,0,15,3,512,183,250,49,28,17,2,58,6,2,7,4,38,43,42,40,0,0,44,9,5,2,1,80,5,1,2,2,0,6,3,421,200,135,47,33,36,2,57,7,4,27,3,51,57,58,88,3,0
2023-05-28,Serie B,4123312,Tombense FC,Guarani,0.29930795847750863,0.35986159169550175,0.3408304498269896,1,1,1,50,17,2,1,0,86,12,10,8,7,1,11,6,435,188,184,66,28,21,2,85,3,2,25,4,51,55,42,63,2,0,50,14,5,0,0,86,11,8,7,2,0,11,3,438,183,193,58,30,16,1,80,14,7,19,1,47,45,58,55,4,0
2023-05-29,Serie B,4123311,Chapecoense AF,Sampaio Correa,0.5577557755775577,0.31683168316831684,0.1254125412541254,0,1,2,60,17,4,1,1,77,19,9,7,6,0,6,11,443,207,134,54,22,35,3,78,10,3,17,1,50,40,60,10,2,0,40,14,1,1,1,70,20,4,10,3,0,3,11,304,85,127,33,11,21,0,59,17,6,35,4,57,60,40,78,1,0
2023-06-02,Serie B,4123317,Botafogo SP,Tombense FC,0.5536529680365296,0.3476027397260274,0.09874429223744292,0,0,1,49,15,4,0,0,75,19,9,6,5,0,6,9,355,145,123,49,7,27,1,44,10,2,11,3,59,43,46,65,4,0,51,13,3,1,1,79,11,4,8,2,0,7,6,396,177,136,44,33,21,2,86,9,5,36,4,75,57,54,65,2,0
2023-06-02,Serie B,4123335,Ceara,Chapecoense AF,0.5071123755334281,0.34637268847795166,0.1465149359886202,2,0,0,50,17,7,0,0,81,20,4,4,6,0,9,8,385,182,129,57,20,14,0,86,8,1,23,3,49,44,44,63,7,1,50,10,3,0,0,81,17,8,5,2,0,5,5,370,164,134,41,32,21,4,77,5,5,17,5,63,56,56,73,3,0
2023-06-03,Serie B,4123316,Criciuma,Atletico GO,0.36639526276831974,0.39008142116950406,0.24352331606217617,3,0,0,45,17,9,2,0,80,11,1,7,1,0,11,6,422,172,167,50,23,22,1,69,12,5,14,3,45,59,44,83,2,0,55,11,3,2,2,81,18,6,3,5,0,7,4,511,225,191,47,29,28,0,93,6,1,13,6,36,41,56,57,5,0
2023-06-03,Serie B,4123319,Vitoria,Ituano FC,0.5381679389312977,0.3422391857506361,0.11959287531806616,3,0,0,45,17,5,3,1,75,18,6,7,5,1,12,5,261,108,88,44,24,20,3,58,15,3,12,3,51,49,54,67,4,0,55,12,3,1,1,76,16,1,5,4,1,6,6,337,135,121,45,31,30,0,39,9,3,17,2,50,51,46,57,4,0
2023-06-03,Serie B,4123336,Juventude,Avai FC,0.5043668122270742,0.3875545851528384,0.10807860262008734,3,2,0,60,13,7,1,0,84,13,5,4,2,0,7,6,464,259,131,63,24,20,4,85,11,3,10,2,47,55,45,50,1,0,40,9,5,1,0,75,19,5,2,2,0,5,4,308,145,87,36,36,24,1,77,11,2,11,4,42,45,55,83,5,1
2023-06-03,Serie B,4123338,ABC,Novorizontino,0.3168044077134986,0.36639118457300274,0.3168044077134986,0,1,2,50,9,1,1,1,72,12,8,3,5,0,4,5,346,152,97,40,30,39,3,78,19,3,17,5,70,59,48,59,3,0,50,19,6,3,2,74,19,4,9,4,1,13,6,345,118,136,38,36,25,2,77,16,4,27,1,55,41,52,33,6,0
2023-06-03,Serie B,4123318,Mirassol,Ponte Preta,0.3333333333333333,0.25,0.4166666666666667,1,0,0,68,23,7,3,3,88,12,9,10,6,0,10,13,609,218,320,58,34,25,3,75,8,0,3,0,39,54,58,64,2,0,32,2,0,0,0,76,21,0,2,0,0,1,1,294,155,68,50,20,15,3,58,9,6,15,6,32,46,42,43,3,0
2023-06-03,Serie B,4123315,Vila Nova,Sampaio Correa,0.4925864909390445,0.3772652388797364,0.1301482701812191,3,0,0,38,9,3,4,1,66,22,4,4,2,0,6,3,287,117,71,22,44,24,0,60,10,6,39,1,53,38,51,47,3,0,62,14,1,1,1,78,14,9,7,6,0,6,8,460,166,192,29,21,31,2,67,11,1,17,0,73,62,49,73,3,0
2023-06-04,Serie B,4123314,Guarani,CRB,0.5231788079470199,0.3708609271523179,0.10596026490066225,0,1,2,73,25,3,2,2,89,8,9,13,9,0,15,10,732,190,465,72,24,25,2,64,12,0,6,1,51,58,47,73,3,0,27,7,2,0,0,73,13,3,4,1,0,4,3,282,139,68,42,30,14,4,70,10,8,49,3,43,42,53,57,3,0
2023-06-04,Serie B,4123337,Londrina EC,Sport Recife,0.2872340425531915,0.3333333333333333,0.37943262411347517,1,2,2,37,8,2,0,0,70,17,5,3,3,0,5,3,282,128,70,33,29,29,2,50,7,2,25,1,40,43,39,31,1,0,63,7,3,1,1,80,13,7,2,2,0,5,2,492,220,175,47,12,32,1,77,7,3,11,1,56,57,61,64,2,0
2023-06-06,Serie B,4123346,Chapecoense AF,Vila Nova,0.3241042345276873,0.3755700325732899,0.3003257328990228,0,1,2,51,15,3,3,3,78,17,6,8,4,0,9,6,389,165,137,22,16,18,1,45,5,4,30,8,73,53,52,53,4,1,49,23,10,4,3,80,19,6,8,5,1,12,11,388,144,165,53,30,23,1,65,9,4,16,2,65,47,48,50,4,0
2023-06-06,Serie B,4123339,Ponte Preta,ABC,0.48135593220338985,0.3902542372881356,0.12838983050847458,0,0,1,60,12,6,0,0,81,15,3,3,3,0,7,5,457,167,204,57,23,33,1,53,9,5,21,0,51,47,41,40,3,0,40,13,0,1,1,68,14,5,7,6,1,6,7,307,114,96,33,36,35,2,77,13,2,22,6,61,53,59,43,2,0
2023-06-06,Serie B,4123347,Tombense FC,Vitoria,0.24812874251497005,0.3630239520958084,0.3888473053892216,1,2,2,59,20,5,0,0,84,14,7,9,6,1,11,9,484,188,219,47,14,25,1,79,10,1,10,2,58,53,56,44,2,1,41,8,4,2,1,74,13,2,3,1,0,4,4,352,147,115,38,33,18,0,44,7,6,43,4,50,47,44,43,2,0
2023-06-07,Serie B,4123340,Atletico GO,Ceara,0.40473172792564427,0.39501478664976764,0.2002534854245881,0,3,2,58,24,5,0,0,85,13,9,12,7,0,15,9,480,145,264,47,31,24,3,83,7,2,15,7,60,59,56,67,1,0,42,13,10,2,1,74,16,6,1,2,0,8,5,368,178,93,42,29,24,1,73,9,7,25,5,44,41,44,56,1,0
2023-06-07,Serie B,4123342,Botafogo SP,Ituano FC,0.4789838337182448,0.38706697459584294,0.13394919168591224,0,2,2,56,15,1,0,0,78,20,6,8,6,0,8,7,420,172,155,57,56,28,1,87,12,8,22,4,58,45,53,39,1,0,44,17,6,0,0,73,13,5,3,8,0,5,12,334,128,115,45,17,23,2,68,6,6,19,1,65,55,48,53,1,0
2023-06-07,Serie B,4123343,Novorizontino,Guarani,0.46037435284747114,0.35961768219832735,0.18000796495420152,1,0,0,46,23,6,1,1,73,14,13,9,8,0,13,10,393,108,177,50,37,32,0,67,14,0,12,4,47,46,58,78,2,0,54,10,4,0,0,79,8,5,5,1,0,5,5,471,255,117,33,44,23,2,83,23,8,26,5,49,54,42,65,3,1
2023-06-07,Serie B,4123345,Sampaio Correa,Londrina EC,0.44221105527638194,0.4148520379676159,0.14293690675600224,2,0,0,49,16,7,3,1,84,12,6,6,3,0,5,11,410,172,173,58,11,17,2,69,11,1,16,2,45,48,30,64,3,0,51,13,2,0,0,85,14,5,10,1,1,9,4,424,194,165,66,39,22,2,64,9,3,12,5,59,52,70,61,4,1
2023-06-07,Serie B,4123344,Sport Recife,Avai FC,0.5384951881014873,0.3429571303587052,0.11854768153980752,2,1,0,54,7,3,2,0,82,11,5,2,2,0,3,4,443,201,163,42,8,15,4,60,4,4,22,4,46,57,42,43,1,0,46,17,5,3,2,82,17,3,8,4,0,9,8,358,173,121,48,22,21,0,33,12,2,15,1,40,43,58,60,4,0
2023-06-08,Serie B,4123334,CRB,Mirassol,0.3217753120665742,0.3777161349976884,0.3005085529357374,2,0,0,39,15,4,0,0,80,16,4,8,3,1,7,8,374,149,151,56,27,14,1,61,24,1,19,2,50,55,38,80,0,0,61,13,2,0,0,87,10,6,10,1,2,6,7,591,239,274,61,24,21,1,33,13,3,10,3,48,45,63,63,2,0
2023-06-08,Serie B,4123341,Criciuma,Juventude,0.403672166045769,0.38877062267163387,0.20755721128259713,0,1,2,52,17,3,0,0,78,17,11,10,4,0,6,11,345,129,139,58,17,33,3,70,11,3,11,2,58,50,40,36,5,0,48,10,3,2,1,75,18,3,4,3,1,5,5,323,156,87,48,14,16,2,56,15,4,24,3,64,50,60,48,5,0
2023-06-10,Serie B,4123328,ABC,Chapecoense AF,0.41,0.3759090909090909,0.21409090909090908,1,1,1,42,12,2,1,0,77,10,4,6,4,1,6,6,385,177,120,32,23,26,1,65,8,1,13,2,64,52,47,39,2,0,58,11,3,1,0,81,17,2,6,2,0,3,8,534,220,215,55,0,32,1,78,6,4,12,1,63,48,53,50,4,0
2023-06-10,Serie B,4123320,Vila Nova,Guarani,0.5040087463556852,0.39067055393586003,0.10532069970845481,0,0,1,44,26,6,0,0,83,14,5,13,7,0,15,11,384,132,186,63,27,28,1,77,12,4,13,4,47,46,55,37,2,0,56,13,4,0,0,85,13,4,5,4,0,6,7,501,259,165,41,22,21,0,88,11,7,22,6,50,54,45,50,3,0
2023-06-10,Serie B,4123322,Ituano FC,Atletico GO,0.40226781857451405,0.42116630669546434,0.1765658747300216,1,1,1,36,6,2,1,0,80,10,4,3,1,0,3,3,293,131,102,42,21,19,3,50,15,3,40,4,49,46,48,70,1,0,64,12,5,2,1,84,15,12,4,3,1,11,1,511,241,188,44,21,33,2,62,10,1,10,1,55,54,52,76,1,0
2023-06-10,Serie B,4123323,Novorizontino,Sampaio Correa,0.4845765563656758,0.4021312394840157,0.11329220415030847,1,0,0,43,14,4,1,0,64,26,3,7,3,1,7,7,358,93,136,30,28,17,2,76,12,2,12,0,49,40,49,14,4,0,57,8,0,1,1,75,14,3,6,2,0,4,4,487,256,110,32,20,39,1,64,13,3,14,3,67,60,51,57,2,0
2023-06-10,Serie B,4123325,Ceara,CRB,0.49939759036144576,0.3963855421686747,0.10421686746987951,1,3,2,54,18,7,1,1,82,15,13,5,6,1,8,10,409,160,176,58,17,19,1,59,9,3,17,3,65,51,53,54,3,0,46,13,6,3,1,79,17,4,4,3,0,8,5,355,122,160,39,36,18,1,65,7,6,42,6,62,49,47,60,2,0
2023-06-11,Serie B,4123327,Londrina EC,Mirassol,0.31467181467181465,0.4575289575289575,0.2277992277992278,1,2,2,32,8,3,2,1,67,25,2,3,2,0,4,4,275,106,77,39,25,20,0,85,7,1,30,2,54,44,53,67,2,0,68,12,3,1,1,85,13,5,8,1,2,7,5,579,245,249,61,10,33,4,60,6,1,11,2,60,56,47,46,3,0
2023-06-11,Serie B,4123333,Ponte Preta,Sport Recife,0.27267230955259975,0.42019347037484883,0.30713422007255137,1,1,1,35,7,1,1,0,69,6,5,4,2,0,4,3,293,114,87,34,20,18,2,64,10,3,29,2,51,51,55,61,0,1,65,18,3,3,3,88,10,11,12,3,0,9,9,531,185,281,59,14,23,3,62,3,2,13,0,46,49,45,71,3,0
2023-06-11,Serie B,4123321,Avai FC,Botafogo SP,0.36890045543266103,0.42810670136629797,0.202992843201041,1,1,1,40,9,1,0,0,72,24,4,4,4,0,3,6,321,142,90,39,35,20,2,47,19,2,38,1,58,49,68,78,4,0,60,10,2,1,0,80,13,7,6,2,0,6,4,480,232,150,54,19,28,1,63,8,3,17,1,47,51,32,28,4,0
2023-06-11,Serie B,4123324,Vitoria,Criciuma,0.5535905680600214,0.34941050375133975,0.0969989281886388,0,1,2,61,24,2,1,1,84,5,6,15,7,0,15,9,554,191,277,40,33,22,0,84,9,1,11,1,63,55,67,53,1,0,39,7,2,2,1,75,10,3,4,1,0,6,1,366,122,154,38,0,19,1,63,9,7,36,2,44,45,33,50,2,0
2023-06-11,Serie B,4123326,Juventude,Tombense FC,0.566429418742586,0.3505338078291815,0.0830367734282325,1,2,2,65,18,5,1,0,84,12,12,9,4,0,13,5,535,234,218,56,29,27,0,40,7,1,5,4,55,49,61,58,1,0,35,9,6,1,1,73,16,2,2,1,0,7,2,302,137,83,46,25,17,1,63,9,4,28,4,50,51,39,73,6,0
2023-06-18,Serie B,4123258,Sport Recife,Vila Nova,0.5065298507462687,0.3591417910447761,0.13432835820895522,1,0,0,43,11,4,0,0,75,15,3,7,0,0,6,5,363,127,144,38,13,25,3,70,13,4,22,3,40,39,51,40,1,0,57,15,4,2,2,81,10,5,8,3,1,11,4,487,223,170,37,25,28,2,80,10,0,20,3,51,61,49,82,2,0
2023-06-21,Serie B,4123358,CRB,Ituano FC,0.4380648591174907,0.41467304625199364,0.14726209463051568,2,2,1,57,17,8,3,1,79,17,3,9,0,0,9,8,436,185,160,48,18,24,6,58,7,3,9,6,60,63,47,50,1,0,43,14,8,2,1,75,22,1,3,3,0,4,10,340,133,122,31,14,20,2,58,9,0,27,6,39,37,53,40,3,0
2023-06-23,Serie B,4123349,Sport Recife,Juventude,0.5062575696406943,0.35324989907145743,0.1404925312878482,3,0,0,41,16,8,1,0,85,12,3,6,2,1,7,9,401,139,203,53,38,9,3,92,10,4,22,2,42,57,47,82,0,0,59,13,2,1,1,89,14,3,7,4,0,8,5,572,316,193,59,23,19,1,70,7,2,9,5,34,43,53,42,2,1
2023-06-23,Serie B,4123330,Atletico GO,Ponte Preta,0.47547797173732337,0.38154613466334164,0.142975893599335,1,0,0,53,29,8,3,3,83,11,10,12,9,0,16,13,451,164,211,53,40,26,2,67,13,1,17,2,53,54,53,58,1,0,47,6,2,1,1,77,18,1,3,1,0,2,4,409,147,169,39,9,28,0,61,12,8,22,7,46,46,47,57,4,0
2023-06-24,Serie B,4123332,Botafogo SP,Vila Nova,0.3416149068322981,0.44212309429700736,0.21626199887069453,0,3,2,60,17,6,0,0,82,13,10,6,5,0,9,8,447,176,190,61,25,28,0,60,4,2,10,2,58,55,50,65,1,0,40,10,5,1,0,79,10,2,3,2,0,5,5,311,139,107,49,10,21,3,56,7,5,49,6,51,45,50,38,3,0
2023-06-24,Serie B,4123331,Avai FC,Londrina EC,0.47105788423153694,0.4145043246839654,0.11443779108449767,0,0,1,58,23,5,0,0,83,12,9,9,9,0,10,13,412,183,158,48,26,33,0,90,9,3,12,2,53,47,57,45,2,0,42,5,2,0,0,78,19,4,0,3,0,0,5,303,154,83,60,8,23,3,75,8,8,36,5,54,53,43,64,3,0
2023-06-24,Serie B,4123360,Chapecoense AF,Criciuma,0.31556503198294245,0.4136460554371002,0.27078891257995735,1,1,1,43,19,3,1,0,77,18,6,9,7,0,11,8,355,141,131,41,32,25,0,79,10,1,20,3,54,51,46,53,3,0,57,15,4,1,1,83,17,5,10,1,1,10,5,476,203,192,56,30,22,1,64,8,8,23,1,56,49,54,60,4,0
2023-06-24,Serie B,4123359,Tombense FC,Novorizontino,0.28031212484994,0.4009603841536615,0.3187274909963986,1,2,2,52,11,1,0,0,80,12,2,5,5,0,5,6,437,237,114,42,28,26,5,57,14,6,20,5,52,54,31,48,3,0,48,18,7,3,1,78,17,5,5,6,0,8,10,402,131,182,51,20,19,0,61,9,5,32,0,59,46,69,46,0,0
2023-06-25,Serie B,4123348,Mirassol,ABC,0.46112115732368897,0.4153104279686558,0.12356841470765521,3,2,0,55,21,14,2,0,83,19,6,3,4,0,10,11,413,161,181,51,35,28,0,70,16,3,18,3,68,53,48,61,2,1,45,8,5,1,0,76,21,5,0,3,1,5,3,330,114,137,44,28,31,1,68,11,6,19,9,64,47,52,60,4,0
2023-06-25,Serie B,4123361,Sampaio Correa,Ceara,0.3173168411037108,0.4462416745956232,0.23644148430066603,1,1,1,51,24,5,4,4,83,11,5,13,6,0,15,9,414,146,196,55,35,20,3,69,4,5,17,0,54,56,50,50,4,0,49,12,1,2,2,80,17,5,6,5,0,7,5,404,215,110,39,11,17,1,47,6,5,16,4,46,44,50,26,2,0
2023-06-25,Serie B,4123329,Guarani,Vitoria,0.3028792912513843,0.40310077519379844,0.29401993355481726,2,0,0,36,5,2,1,0,82,12,3,3,0,0,3,2,344,155,128,58,18,26,1,73,8,1,12,2,48,52,57,46,2,0,64,8,2,1,1,88,11,3,5,1,0,4,4,606,266,269,65,13,22,1,67,7,0,8,0,42,48,43,25,3,0
2023-06-27,Serie B,4123350,Chapecoense AF,Sport Recife,0.24884944115713348,0.3497698882314267,0.40138067061143984,1,1,1,58,17,5,0,0,82,13,6,8,4,0,11,6,534,224,214,59,26,24,3,76,5,2,11,1,58,58,51,64,3,0,42,8,2,0,0,79,12,2,4,2,0,4,4,402,196,122,38,38,24,0,75,5,4,30,4,47,42,49,12,2,0
2023-06-27,Serie B,4123355,Criciuma,CRB,0.436613665663945,0.4134078212290503,0.14997851310700472,2,1,0,39,12,8,2,0,68,10,3,4,0,0,10,2,346,125,110,45,31,27,0,68,16,5,25,2,49,52,47,17,1,0,61,17,3,0,0,81,14,7,9,5,0,13,4,532,227,206,46,33,36,3,46,13,0,13,6,48,48,53,57,2,0
2023-06-28,Serie B,4123353,Novorizontino,Botafogo SP,0.5012919896640827,0.3578811369509044,0.14082687338501293,0,1,2,72,20,8,0,0,77,15,14,9,3,1,13,7,494,178,200,66,25,28,1,64,10,1,14,1,53,54,62,60,6,0,28,7,2,0,0,49,12,3,4,1,0,3,4,210,40,63,22,33,22,4,86,18,3,35,8,40,46,38,45,3,0
2023-06-28,Serie B,4123356,Vila Nova,Tombense FC,0.5428979980934223,0.3627264061010486,0.09437559580552908,1,0,0,66,29,6,2,1,86,12,13,14,9,0,11,18,409,116,237,66,18,22,0,58,7,2,21,3,47,55,35,71,3,0,34,7,3,1,1,66,12,4,2,2,0,1,6,217,69,74,33,20,26,3,82,8,9,40,5,51,45,65,35,6,1
2023-06-28,Serie B,4123363,ABC,Atletico GO,0.3043293718166384,0.41256366723259763,0.283106960950764,1,1,1,46,12,3,1,0,78,16,5,6,3,0,6,6,357,112,166,40,27,19,1,69,8,4,14,2,41,47,40,50,4,1,54,13,3,2,1,81,16,4,6,4,0,5,8,427,174,171,45,17,34,1,56,7,3,17,2,49,53,60,61,3,1
2023-06-28,Serie B,4123351,Ceara,Avai FC,0.4997269251774986,0.383397050791917,0.11687602403058438,0,0,1,64,21,3,1,1,82,9,11,10,8,0,6,15,444,187,178,55,14,23,3,69,11,5,9,1,52,59,50,55,2,0,36,12,1,0,0,68,14,5,6,5,0,8,4,248,69,99,17,50,26,1,68,10,8,27,3,40,41,50,13,2,1
2023-06-29,Serie B,4123357,Guarani,Mirassol,0.35477582846003897,0.4239766081871345,0.2212475633528265,2,1,0,38,10,4,1,1,75,15,4,3,3,0,5,5,302,104,121,44,7,24,1,79,5,2,20,1,43,42,41,32,2,1,62,12,2,0,0,85,12,5,8,2,1,7,5,501,171,256,65,30,24,0,67,8,3,21,2,60,58,59,53,2,0
2023-06-29,Serie B,4123354,Ituano FC,Ponte Preta,0.4364973262032086,0.428475935828877,0.13502673796791445,0,1,2,58,17,4,0,0,79,13,6,7,6,0,3,14,424,160,176,56,30,29,2,69,13,1,18,3,59,44,59,65,2,0,42,10,4,2,1,72,11,7,4,2,1,3,7,299,113,102,44,11,24,0,77,19,6,22,4,62,56,41,80,2,0
2023-06-29,Serie B,4123362,Londrina EC,Juventude,0.30859835100117783,0.44110718492343937,0.2502944640753828,1,2,2,53,11,3,1,1,82,16,4,5,3,0,8,3,414,218,123,59,27,28,0,100,15,2,9,3,52,48,55,41,4,0,47,11,5,1,0,80,21,3,4,2,0,7,4,375,217,82,49,55,28,1,56,8,3,21,2,52,52,45,71,5,0
2023-06-29,Serie B,4123352,Vitoria,Sampaio Correa,0.528023598820059,0.35398230088495575,0.11799410029498525,2,1,0,60,20,8,2,0,83,13,8,5,7,0,10,10,531,212,228,51,21,22,2,73,12,0,13,1,51,52,41,42,3,0,40,2,2,0,0,76,24,1,0,0,0,1,1,370,153,127,43,17,10,1,88,9,7,38,6,52,48,59,77,5,0
2023-07-01,Serie B,4123366,Tombense FC,Chapecoense AF,0.38166047087980176,0.39343246592317227,0.22490706319702602,4,2,0,44,15,6,3,0,81,18,1,6,3,0,7,8,364,139,157,63,42,15,2,65,18,4,17,0,49,53,47,55,5,0,56,12,2,2,0,81,18,3,5,5,0,8,4,480,203,188,49,38,20,1,92,9,3,14,2,46,47,53,78,5,1
2023-07-01,Serie B,4123373,Atletico GO,Vila Nova,0.34630940343781597,0.39787664307381193,0.2558139534883721,1,1,1,62,11,4,1,1,81,15,11,4,3,0,4,7,483,193,199,38,13,32,0,62,10,3,14,7,69,49,64,35,4,0,38,14,7,2,1,73,13,4,3,4,0,7,7,302,135,86,39,24,25,1,65,9,3,29,3,58,51,36,53,1,0
2023-07-01,Serie B,4123372,Avai FC,ABC,0.4051094890510949,0.4569343065693431,0.13795620437956205,0,2,2,66,12,2,0,0,82,14,11,5,5,1,9,3,521,218,209,52,19,30,2,64,9,2,13,3,55,52,56,30,3,0,34,10,5,2,1,74,17,3,3,2,1,7,3,281,111,97,35,30,22,2,40,11,5,38,2,50,49,44,27,3,0
2023-07-01,Serie B,4123368,Sampaio Correa,Criciuma,0.3226371061843641,0.44399066511085183,0.23337222870478413,0,2,2,54,20,4,0,0,88,15,10,9,7,0,7,13,467,158,252,71,9,18,1,57,12,2,10,2,53,47,38,51,1,0,46,11,4,1,0,81,20,4,5,2,1,8,3,425,203,141,45,22,11,1,58,9,7,30,4,63,53,63,93,2,0
2023-07-01,Serie B,4123365,CRB,Londrina EC,0.4809688581314879,0.4083044982698962,0.11072664359861592,2,1,0,51,12,2,1,0,77,19,3,4,6,1,9,3,428,190,138,40,31,13,1,31,10,4,25,4,58,48,59,35,2,1,49,18,5,2,1,77,18,9,9,4,0,9,9,404,164,149,49,27,29,1,63,14,6,8,0,56,53,41,60,4,0
2023-07-02,Serie B,4123367,Juventude,Vitoria,0.3467704993128722,0.4397617956939991,0.21346770499312873,1,0,0,50,17,3,2,1,80,11,6,11,3,0,11,6,403,164,159,31,31,24,2,100,8,2,19,3,41,39,48,53,4,0,50,9,3,0,0,80,13,3,4,2,0,5,4,419,195,140,59,14,27,2,71,7,3,19,2,56,61,52,100,1,0
2023-07-02,Serie B,4123369,Sport Recife,Ceara,0.5242616033755274,0.3528481012658228,0.12289029535864979,2,0,0,46,14,6,4,2,80,9,7,6,2,0,10,4,326,101,160,49,22,19,2,58,8,5,25,1,59,58,48,52,2,0,54,12,1,0,0,83,17,8,6,5,1,7,5,391,166,159,38,8,20,1,53,5,2,26,4,48,42,52,41,3,0
2023-07-02,Serie B,4123374,Ponte Preta,Novorizontino,0.31141345427059713,0.35525321239606955,0.3333333333333333,1,0,0,39,12,7,1,1,74,9,7,1,4,0,8,4,288,140,73,45,18,26,3,83,7,3,29,1,51,59,31,41,2,0,61,7,1,1,1,81,23,9,3,3,0,3,4,455,167,203,68,10,30,1,82,6,4,22,6,51,41,69,64,3,0
2023-07-03,Serie B,4123370,Mirassol,Ituano FC,0.5001871958068139,0.3837514039685511,0.11606140022463497,0,1,2,55,19,7,3,3,75,13,5,9,3,0,11,8,466,231,119,41,39,36,0,62,13,1,14,1,71,56,47,68,2,0,45,8,2,2,2,70,23,3,5,1,0,5,3,382,113,153,42,19,35,1,59,14,4,16,6,64,44,53,53,4,0
2023-07-03,Serie B,4123371,Botafogo SP,Guarani,0.41729957805907175,0.39704641350210973,0.18565400843881857,1,0,0,50,19,4,2,1,78,10,8,7,8,0,12,7,372,102,187,48,41,25,1,53,4,2,5,3,65,60,52,79,0,0,50,7,3,0,0,79,13,2,2,2,0,4,3,379,183,115,40,15,16,2,67,3,7,21,3,49,40,48,63,3,0
2023-07-05,Serie B,4123236,CRB,Sport Recife,0.2723978919631094,0.36462450592885376,0.36297760210803687,2,0,0,40,8,4,1,0,71,18,3,2,2,0,4,4,316,125,98,36,20,16,2,59,8,8,24,0,54,45,68,46,1,0,60,17,0,0,0,82,13,7,9,8,1,5,12,446,156,210,42,7,30,1,93,5,2,6,3,52,55,32,58,0,0
2023-07-07,Serie B,4123397,Novorizontino,Atletico GO,0.4630541871921182,0.35911330049261087,0.17783251231527095,2,2,1,44,25,7,2,0,72,14,10,10,8,1,14,11,356,94,161,42,31,26,0,61,12,4,22,2,66,57,57,57,3,0,56,12,4,1,0,77,12,2,4,4,0,5,7,488,229,145,33,38,28,3,67,12,8,31,5,50,43,43,56,5,1
2023-07-08,Serie B,4123399,Ceara,Botafogo SP,0.412987012987013,0.3838961038961039,0.2031168831168831,3,0,0,50,14,7,3,0,82,12,4,4,3,1,11,3,415,177,162,49,33,14,0,71,13,3,24,1,59,49,61,50,1,0,50,11,1,0,0,81,17,3,7,3,0,5,6,396,142,177,47,18,21,3,69,7,3,8,4,53,51,39,73,2,0
2023-07-08,Serie B,4123364,Guarani,Londrina EC,0.47159940209267565,0.43647234678624813,0.09192825112107623,2,1,0,56,21,5,3,1,81,11,5,8,8,0,12,9,453,206,162,43,47,29,1,69,11,2,14,2,59,53,45,44,2,0,44,10,3,1,0,75,22,4,5,2,0,3,7,354,161,105,47,18,21,0,83,9,7,15,3,56,47,55,67,3,1
2023-07-08,Serie B,4123406,ABC,Criciuma,0.2946145723336853,0.4028511087645195,0.30253431890179516,0,1,2,64,25,11,2,2,85,13,17,7,7,1,10,15,517,123,316,69,25,25,2,64,6,0,7,1,50,51,44,69,2,0,36,4,2,1,0,72,9,2,2,0,0,2,2,309,132,91,30,14,18,0,80,12,6,48,11,54,49,56,63,1,1
2023-07-08,Serie B,4123395,Avai FC,Ponte Preta,0.37884267631103075,0.43309222423146476,0.18806509945750452,0,1,2,44,15,3,4,4,79,13,7,7,5,1,11,4,385,163,140,40,20,22,1,62,10,4,25,5,45,44,53,33,2,2,56,19,6,1,1,86,14,5,9,4,0,9,10,494,181,245,49,21,20,2,55,8,5,25,3,50,56,47,65,5,1
2023-07-08,Serie B,4123396,Ituano FC,Juventude,0.31972361809045224,0.4472361809045226,0.23304020100502512,1,1,1,61,10,3,1,0,81,25,7,4,3,0,4,6,468,211,170,49,17,26,2,82,9,0,5,2,43,46,58,50,3,0,39,9,3,1,0,74,21,4,6,0,0,5,4,291,155,59,49,36,22,5,56,13,2,11,2,47,54,42,25,2,0
2023-07-08,Serie B,4123401,Tombense FC,Sampaio Correa,0.41812400635930047,0.4546899841017488,0.1271860095389507,0,1,2,56,19,9,0,0,83,14,7,2,8,0,12,7,479,252,145,57,22,31,3,59,8,2,4,1,63,57,56,52,2,0,44,9,2,3,2,76,21,1,5,2,0,7,2,392,174,124,40,22,19,0,89,12,7,23,9,48,43,44,33,3,1
2023-07-09,Serie B,4123400,Chapecoense AF,CRB,0.36655290102389076,0.40477815699658704,0.22866894197952217,2,1,0,38,10,3,3,1,78,21,6,5,2,0,5,5,289,127,99,42,6,26,0,53,9,4,23,1,52,46,50,42,2,0,62,13,2,2,1,84,15,2,7,4,0,6,7,483,213,193,49,29,11,2,69,12,1,17,1,58,54,50,40,1,0
2023-07-09,Serie B,4123398,Sport Recife,Mirassol,0.5461538461538461,0.3401098901098901,0.11373626373626373,0,0,1,37,10,3,0,0,82,11,6,6,1,0,5,5,351,132,155,49,17,14,1,69,17,3,13,0,49,55,58,46,0,0,63,5,0,0,0,90,18,4,2,3,0,3,2,615,311,245,65,11,15,1,58,15,1,17,3,39,45,42,50,2,0
2023-07-10,Serie B,4123375,Vila Nova,Vitoria,0.4651639344262295,0.36721311475409835,0.16762295081967213,1,0,0,44,22,3,1,0,81,18,7,10,9,1,12,10,344,117,160,52,38,15,1,67,11,5,17,3,57,47,59,46,3,0,56,11,3,0,0,82,18,5,3,5,0,5,6,458,175,200,35,5,19,0,57,6,8,23,2,55,53,41,64,4,0
2023-07-13,Serie B,4123403,Criciuma,Guarani,0.4849939975990396,0.36614645858343337,0.148859543817527,1,1,1,63,21,7,0,0,90,8,4,9,5,1,7,14,646,229,353,64,25,26,1,67,12,0,10,1,40,49,43,86,1,0,37,6,2,2,1,80,10,4,4,0,0,4,2,379,204,100,45,9,13,4,61,9,5,21,7,44,51,57,45,4,0
2023-07-15,Serie B,4123404,Atletico GO,Sport Recife,0.3233333333333333,0.38722222222222225,0.28944444444444445,3,1,0,46,11,5,3,1,79,16,4,6,0,0,8,3,396,179,133,34,29,16,0,60,11,8,18,3,52,56,50,65,2,0,54,16,5,0,0,82,10,8,3,8,0,8,8,468,189,194,51,24,31,2,67,0,0,16,2,44,44,50,46,0,1
2023-07-15,Serie B,4123377,Sampaio Correa,Ituano FC,0.38984375,0.41953125,0.190625,0,0,1,58,14,4,0,0,79,11,4,5,5,1,4,10,418,146,184,36,20,24,2,91,13,7,24,1,48,60,43,33,3,0,42,13,3,1,1,70,21,4,5,5,0,8,5,290,100,103,45,13,27,1,70,7,5,18,4,40,40,57,50,3,1
2023-07-15,Serie B,4123378,Juventude,ABC,0.48,0.41285714285714287,0.10714285714285714,1,1,1,61,19,4,2,1,86,15,4,12,3,1,11,8,491,229,191,61,25,22,2,64,14,0,7,2,65,59,42,86,2,0,39,3,3,1,0,71,24,1,0,0,0,2,1,334,166,71,48,0,22,3,91,13,3,24,3,56,41,58,47,4,1
2023-07-15,Serie B,4123379,Londrina EC,Vila Nova,0.2616487455197133,0.37060931899641575,0.36774193548387096,1,0,0,38,2,1,2,1,60,17,2,1,0,0,1,1,290,90,84,49,20,28,2,57,18,1,40,7,60,48,50,55,3,0,62,19,7,2,2,77,11,4,11,1,0,7,12,479,147,220,48,27,45,4,71,10,0,12,0,64,52,50,57,0,0
2023-07-15,Serie B,4123405,Ponte Preta,Tombense FC,0.47333956969130025,0.4069223573433115,0.11973807296538821,0,1,2,59,12,3,0,0,85,12,11,7,2,0,9,3,498,193,231,41,35,23,2,50,7,2,25,5,48,56,43,73,1,0,41,13,6,0,0,78,15,3,5,2,1,4,9,348,164,108,57,10,26,0,63,7,2,22,3,43,44,57,57,2,0
2023-07-16,Serie B,4123394,Mirassol,Ceara,0.41949458483754515,0.4151624548736462,0.16534296028880865,1,1,1,66,15,8,2,2,86,15,6,3,4,0,7,8,570,267,223,49,22,25,5,50,8,0,6,0,56,53,39,72,3,0,34,5,1,1,0,74,19,3,4,0,0,2,3,299,116,104,53,10,17,1,75,16,4,28,7,60,48,61,45,6,0
2023-07-16,Serie B,4123393,Vitoria,Novorizontino,0.4246153846153846,0.41846153846153844,0.15692307692307692,2,1,0,44,13,5,3,2,70,17,4,6,2,1,6,7,312,103,114,37,25,21,1,75,13,5,28,1,56,44,55,29,3,0,56,14,2,0,0,72,22,6,7,5,0,8,6,402,120,168,39,42,30,1,67,10,1,17,3,61,56,45,78,3,0
2023-07-17,Serie B,4123384,Botafogo SP,Criciuma,0.3385536619069553,0.38507600184246893,0.2763703362505758,1,0,0,42,13,6,0,0,75,12,9,4,3,1,7,6,337,128,125,48,16,13,1,74,13,2,18,1,55,56,41,68,3,0,58,9,1,0,0,81,8,7,6,2,0,7,2,493,239,161,52,36,19,5,55,9,2,27,5,54,44,59,43,3,1
2023-07-18,Serie B,4123389,Tombense FC,CRB,0.3589591957421644,0.42755765819041985,0.21348314606741572,2,1,0,47,13,4,1,0,81,17,3,6,3,0,9,4,396,172,147,45,33,23,0,80,9,2,9,2,56,52,44,68,4,0,53,11,3,1,0,82,15,1,6,2,1,5,6,444,217,148,53,42,22,1,75,7,3,13,2,55,48,56,75,2,0
2023-07-18,Serie B,4123388,Chapecoense AF,Ituano FC,0.40414507772020725,0.41738629821531376,0.178468624064479,1,0,0,42,11,6,2,1,69,18,3,4,1,0,7,4,316,133,86,34,36,27,0,73,14,6,23,1,51,52,39,56,4,1,58,18,1,0,0,82,23,4,11,6,0,7,11,438,160,201,63,25,20,2,50,11,1,19,5,54,48,61,59,3,0
2023-07-19,Serie B,4123381,Ponte Preta,Juventude,0.3326592517694641,0.39838220424671383,0.268958543983822,0,0,1,47,9,4,1,1,80,14,3,3,2,0,3,6,327,148,114,52,25,26,3,61,9,5,31,3,44,46,26,38,1,0,53,16,3,0,0,76,12,7,8,5,0,9,7,350,151,116,54,16,37,5,38,6,2,16,4,63,54,74,45,3,0
2023-07-19,Serie B,4123382,Atletico GO,Mirassol,0.472400513478819,0.38853230637569536,0.13906718014548566,2,2,1,64,22,6,0,0,85,11,7,6,10,0,10,12,562,194,284,47,26,34,1,65,6,1,12,2,48,52,50,17,2,0,36,7,4,1,0,74,13,3,2,1,1,3,4,330,135,109,43,29,28,2,67,18,10,29,4,46,48,50,33,2,0
2023-07-19,Serie B,4123385,Novorizontino,Londrina EC,0.4767309875141884,0.39727582292849034,0.12599318955732122,3,0,0,53,17,8,1,1,77,17,5,7,2,1,10,7,449,142,202,59,46,25,1,71,16,3,23,1,57,43,62,25,0,0,47,9,1,1,1,72,10,4,5,3,0,3,6,408,182,111,45,9,38,1,47,15,2,21,5,59,57,38,58,2,0
2023-07-20,Serie B,4123390,ABC,Guarani,0.31333333333333335,0.40205128205128204,0.2846153846153846,0,1,2,51,6,2,0,0,87,17,2,3,1,0,1,5,502,243,195,63,33,14,1,86,12,3,13,1,40,50,57,75,2,0,49,14,2,1,0,87,14,3,8,4,0,8,6,483,246,175,45,24,15,0,78,14,1,9,2,37,50,43,56,5,0
2023-07-20,Serie B,4123383,Avai FC,Sampaio Correa,0.4074743821579265,0.42013261000602775,0.1723930078360458,2,0,0,48,7,4,3,2,82,16,2,3,0,0,7,0,435,208,147,48,20,34,2,70,5,3,24,2,51,55,50,63,4,0,52,15,2,0,0,85,19,4,10,3,0,3,12,466,199,197,51,21,20,2,73,17,0,14,2,44,45,50,75,1,0
2023-07-20,Serie B,4123387,Ceara,Vila Nova,0.3413173652694611,0.38273453093812376,0.2759481037924152,1,0,0,55,16,3,1,0,78,20,7,5,8,1,6,10,418,159,165,43,20,28,2,53,13,1,5,2,60,52,41,63,5,0,45,11,2,1,1,72,15,3,8,1,0,8,3,350,156,97,17,40,19,1,65,11,8,36,2,64,48,59,25,5,0
2023-07-20,Serie B,4123386,Sport Recife,Vitoria,0.4565325384997516,0.3914555389965226,0.15201192250372578,1,2,2,58,16,2,0,0,79,8,7,8,6,0,7,9,463,173,193,47,29,36,1,75,8,4,20,2,36,44,32,22,1,0,42,9,3,0,0,71,12,9,2,4,0,6,3,332,98,137,29,6,24,2,62,14,6,27,2,51,56,68,82,4,0
2023-07-21,Serie B,4123433,CRB,Ponte Preta,0.4292834890965732,0.40062305295950157,0.17009345794392525,1,0,0,65,18,7,2,1,87,14,7,9,2,0,9,9,593,254,264,61,11,20,2,77,10,3,6,2,42,51,59,31,1,0,35,9,2,0,0,75,11,5,4,3,0,3,6,322,134,109,32,30,18,1,67,9,3,20,5,37,49,41,33,1,1
2023-07-22,Serie B,4123448,Mirassol,Tombense FC,0.47700170357751276,0.3969335604770017,0.1260647359454855,2,0,0,55,12,3,3,2,81,11,7,7,2,0,7,5,459,182,190,59,18,26,3,82,15,5,22,1,53,54,63,85,3,0,45,13,1,0,0,78,9,8,7,5,0,6,7,369,179,108,58,28,22,1,67,19,2,23,1,41,46,37,50,4,0
2023-07-22,Serie B,4123376,Criciuma,Novorizontino,0.4156431803490627,0.4440853264382676,0.14027149321266968,0,1,2,58,15,4,2,2,80,14,6,7,4,0,11,4,471,240,139,50,29,32,1,83,10,8,23,3,65,45,55,50,4,0,42,15,3,0,0,72,15,8,4,8,0,9,6,330,88,149,43,38,21,3,83,15,3,14,4,69,55,45,73,1,0
2023-07-22,Serie B,4123392,Vila Nova,ABC,0.5485477178423237,0.35684647302904565,0.0946058091286307,1,1,1,65,16,5,1,1,84,18,6,7,4,1,11,5,500,195,226,60,26,32,3,85,13,0,7,0,57,53,49,64,1,0,35,6,1,1,0,69,17,4,5,0,0,3,3,278,96,97,44,22,21,0,73,11,4,37,4,54,47,51,40,5,0
2023-07-22,Serie B,4123407,Ituano FC,Avai FC,0.45300113250283125,0.4110985277463194,0.13590033975084936,0,1,2,61,22,5,0,0,86,9,11,9,8,1,11,11,524,167,285,64,17,26,1,55,8,1,6,2,44,58,59,75,5,0,39,6,3,2,2,78,13,3,2,1,1,5,1,352,167,106,48,20,25,2,80,9,8,25,5,31,42,41,50,4,0
2023-07-23,Serie B,4123391,Guarani,Atletico GO,0.40193370165745856,0.4578729281767956,0.14019337016574585,1,0,0,45,14,6,6,5,79,9,5,5,3,2,10,4,419,207,126,45,8,25,0,74,13,2,22,2,50,58,48,46,3,0,55,11,2,1,1,83,11,4,7,2,1,8,3,509,161,264,38,21,26,1,62,12,3,9,5,41,42,52,33,2,0
2023-07-23,Serie B,4123435,Juventude,Ceara,0.409629044988161,0.4340962904498816,0.15627466456195738,1,0,0,54,10,4,1,0,77,14,1,4,2,0,6,4,376,183,106,39,22,22,5,68,15,2,10,4,65,64,31,90,1,0,46,9,5,0,0,72,24,5,3,1,0,6,3,311,138,85,48,40,33,2,64,12,1,16,3,54,36,69,38,3,0
2023-07-23,Serie B,4123436,Sampaio Correa,Sport Recife,0.29887218045112784,0.38721804511278196,0.31390977443609025,1,2,2,64,19,4,1,0,85,11,13,9,6,1,9,10,550,235,230,61,25,29,1,82,8,2,6,0,55,62,78,50,1,0,36,5,2,1,0,72,19,1,1,2,0,2,3,317,134,94,29,9,20,0,75,10,6,26,3,28,38,22,22,1,0
2023-07-24,Serie B,4123434,Londrina EC,Botafogo SP,0.2867990654205608,0.4357476635514019,0.2774532710280374,1,2,2,58,11,1,0,0,77,23,5,4,6,0,1,10,411,182,133,41,4,25,2,82,13,8,31,1,55,46,49,67,3,0,42,17,3,0,0,69,18,11,5,9,0,10,7,295,78,126,42,27,20,2,69,6,6,24,0,62,54,51,44,5,0
2023-07-24,Serie B,4123437,Vitoria,Chapecoense AF,0.5167890870933893,0.3646379853095488,0.11857292759706191,1,0,0,58,21,4,1,1,87,15,6,11,6,0,11,10,432,174,202,54,26,19,0,72,5,5,18,1,48,50,53,78,3,0,42,12,1,2,2,76,15,4,6,5,1,5,7,327,144,105,40,8,22,1,63,7,6,25,3,47,50,47,47,3,0
2023-07-28,Serie B,4123446,Ceara,Ituano FC,0.5095729013254786,0.35125184094256257,0.13917525773195877,1,1,1,44,17,7,3,2,75,18,4,8,2,0,13,4,312,107,126,55,27,34,1,76,9,4,14,3,63,54,63,61,2,0,56,13,4,1,1,75,17,9,5,4,0,8,5,394,160,137,39,37,28,1,80,7,2,15,6,49,46,37,46,3,0
2023-07-29,Serie B,4123447,Sport Recife,CRB,0.5500945179584121,0.3270321361058601,0.12287334593572778,2,0,0,58,15,7,1,0,83,14,9,5,3,0,9,6,415,140,203,49,22,21,0,81,6,2,17,2,52,51,48,60,1,0,42,10,2,0,0,75,9,3,6,2,1,5,5,306,139,90,49,42,20,1,58,4,3,31,5,51,49,52,56,1,1
2023-07-29,Serie B,4123445,Chapecoense AF,Mirassol,0.32686567164179103,0.44328358208955226,0.2298507462686567,0,1,2,42,8,2,1,1,81,17,7,5,1,0,5,3,353,165,120,45,28,18,0,80,12,4,11,6,63,58,45,77,3,0,58,18,7,2,1,86,23,3,7,4,0,10,8,509,199,240,56,36,25,1,81,17,1,28,2,50,42,55,40,2,1
2023-07-29,Serie B,4123438,Botafogo SP,Juventude,0.42142857142857143,0.4020408163265306,0.17653061224489797,0,2,2,55,21,6,1,1,63,9,8,5,10,0,9,12,335,87,124,39,26,39,2,76,9,2,12,1,64,51,50,53,2,0,45,8,3,2,1,59,12,4,3,2,0,4,4,276,89,75,38,11,29,0,63,9,10,26,6,63,49,50,47,4,0
2023-07-29,Serie B,4123443,ABC,Londrina EC,0.4067796610169492,0.4322033898305085,0.16101694915254236,0,0,1,54,17,3,0,0,81,15,6,7,7,0,10,7,371,163,138,48,41,14,0,75,8,2,19,0,57,54,57,40,2,0,46,13,0,1,1,78,24,9,11,2,0,7,6,320,122,127,46,29,28,2,79,8,7,16,3,47,46,43,9,4,0
2023-07-29,Serie B,4123430,Avai FC,Guarani,0.32169576059850374,0.4002493765586035,0.27805486284289277,1,2,2,58,15,2,0,0,83,11,7,9,4,0,8,7,520,185,249,60,32,22,1,83,5,1,16,3,45,55,52,38,2,0,42,7,5,0,0,76,12,5,1,1,0,6,1,388,174,122,38,14,14,1,92,7,4,30,1,39,45,48,33,4,0
2023-07-29,Serie B,4123431,Atletico GO,Sampaio Correa,0.5013966480446927,0.3840782122905028,0.11452513966480447,2,2,1,66,19,7,1,0,81,17,8,3,9,0,13,6,463,201,172,49,18,21,1,82,10,1,8,1,64,60,58,50,2,0,34,8,3,2,1,64,24,5,4,1,0,5,3,246,90,67,35,10,21,0,85,12,11,37,3,44,40,42,30,2,1
2023-07-30,Serie B,4123444,Tombense FC,Criciuma,0.3165413533834586,0.4488721804511278,0.23458646616541354,2,2,1,64,18,9,0,0,83,20,7,4,5,0,10,8,554,195,265,60,23,21,2,68,4,5,9,0,57,49,81,29,3,0,36,13,2,1,0,71,11,1,6,5,0,9,4,324,132,98,35,17,20,0,73,6,5,26,7,42,51,19,47,3,0
2023-07-30,Serie B,4123439,Novorizontino,Vila Nova,0.40609137055837563,0.43582306018854244,0.15808556925308195,3,1,0,42,16,5,3,1,72,21,7,9,2,0,8,8,292,79,130,42,23,15,1,73,5,2,22,5,46,41,61,38,2,0,58,14,6,1,1,73,11,7,6,2,0,7,7,421,178,131,45,29,27,1,50,8,1,14,2,51,59,39,0,2,0
2023-07-30,Serie B,4123432,Ponte Preta,Vitoria,0.26833073322932915,0.31435257410296413,0.4173166926677067,2,2,1,27,4,2,0,0,55,13,1,1,1,0,2,2,194,50,56,33,38,12,1,84,6,6,41,1,45,57,39,36,3,1,73,22,3,3,2,84,11,12,13,6,0,15,7,509,119,310,59,27,25,1,70,7,1,8,0,44,43,61,29,3,0
2023-08-01,Serie B,4123428,Mirassol,Avai FC,0.5170454545454546,0.3659090909090909,0.11704545454545455,2,2,1,56,12,4,0,0,83,14,7,6,2,0,5,7,450,192,183,62,11,25,1,60,10,5,8,1,50,57,52,21,4,0,44,9,3,2,0,74,21,5,1,5,0,4,5,370,172,101,30,31,16,1,93,3,2,26,2,40,43,48,25,5,0
2023-08-01,Serie B,4123415,Sampaio Correa,Botafogo SP,0.34444973797046213,0.40209623630300145,0.25345402572653647,0,0,1,66,15,3,1,1,81,20,5,7,5,0,9,6,457,153,215,47,24,25,0,82,10,3,16,1,73,53,48,50,2,0,34,10,1,0,0,63,31,4,6,3,1,6,4,227,73,70,33,33,27,1,65,9,5,19,3,69,47,52,33,6,0
2023-08-02,Serie B,4123412,CRB,Atletico GO,0.39398572884811417,0.41182466870540263,0.19418960244648317,2,1,0,50,12,3,4,2,75,13,5,7,2,1,8,4,401,149,153,42,30,32,0,83,5,4,23,4,40,52,29,29,1,0,50,11,5,1,0,77,20,7,1,5,0,5,6,403,154,155,56,23,20,1,82,13,2,25,1,47,48,71,47,1,1
2023-08-02,Serie B,4123440,Criciuma,Ponte Preta,0.45869297163995065,0.4198520345252774,0.12145499383477189,2,1,0,61,19,4,3,2,81,20,9,10,5,0,10,9,484,185,208,49,16,22,4,65,12,1,8,1,53,51,58,57,2,0,39,11,2,0,0,70,17,2,8,1,1,2,9,314,118,103,49,29,32,0,92,10,5,18,2,48,49,42,29,2,0
2023-08-02,Serie B,4123429,Ituano FC,Tombense FC,0.4273301737756714,0.44470774091627174,0.12796208530805686,1,0,0,47,7,3,2,2,73,27,5,4,0,0,4,3,308,138,87,58,8,14,1,83,16,1,19,2,41,42,79,67,2,0,53,12,2,0,0,79,12,5,9,1,0,8,4,359,184,100,55,25,20,3,67,19,0,15,2,44,58,21,43,0,0
2023-08-03,Serie B,4123442,Guarani,Ceara,0.4855027760641579,0.37692782233189387,0.13756940160394818,0,0,1,46,10,1,0,0,81,11,6,6,3,1,4,6,386,200,114,59,14,18,4,90,16,4,15,1,38,56,53,50,3,0,54,12,1,0,0,83,18,6,7,4,0,5,7,463,214,170,61,14,24,0,86,5,3,17,1,31,44,47,50,1,1
2023-08-03,Serie B,4123414,Juventude,Novorizontino,0.3391025641025641,0.41025641025641024,0.25064102564102564,1,0,0,55,16,5,4,4,79,14,4,7,4,0,9,7,474,274,101,50,41,24,1,75,10,1,21,4,67,54,65,47,3,0,45,12,4,1,1,76,16,4,7,1,0,6,6,373,133,151,47,36,25,1,83,9,4,10,5,49,46,35,50,4,2
2023-08-03,Serie B,4123413,Londrina EC,Chapecoense AF,0.3848953594176524,0.43585077343039125,0.17925386715195632,1,1,1,42,24,6,1,0,76,19,9,11,7,1,8,16,348,144,120,38,11,23,0,73,4,2,17,4,27,40,33,14,2,0,58,11,5,2,1,80,12,3,4,2,1,6,5,491,202,190,56,33,23,1,77,4,7,22,5,42,60,67,18,3,1
2023-08-03,Serie B,4123441,Vila Nova,Sport Recife,0.3361053361053361,0.38738738738738737,0.2765072765072765,0,1,2,61,16,3,1,1,69,11,6,10,3,1,9,7,439,149,155,45,37,36,3,70,6,1,17,4,50,53,37,75,3,0,39,10,5,2,1,57,13,5,4,1,0,5,5,279,93,65,30,17,23,2,88,11,3,29,3,57,47,63,67,2,0
2023-08-03,Serie B,4123427,Vitoria,ABC,0.5483247422680413,0.3434278350515464,0.10824742268041238,2,0,0,60,14,3,1,1,85,18,2,7,4,0,6,8,518,210,232,50,12,18,1,82,7,1,12,3,45,42,54,58,3,0,40,9,3,1,1,81,13,3,5,1,0,5,4,345,121,157,35,31,11,0,43,9,4,21,2,55,58,46,57,3,0
2023-08-05,Serie B,4123416,Mirassol,Sampaio Correa,0.5432503276539974,0.3427260812581914,0.11402359108781127,0,0,1,60,13,0,2,2,79,17,7,10,3,0,5,8,497,237,158,59,31,35,3,75,12,1,12,6,46,47,59,44,2,0,40,9,6,0,0,68,20,2,2,1,0,3,6,334,111,115,40,11,30,3,80,15,2,18,0,45,53,41,50,5,0
2023-08-05,Serie B,4123409,Avai FC,Criciuma,0.32208293153326906,0.36258437801350046,0.3153326904532305,1,0,0,45,10,2,1,1,76,8,6,4,4,0,3,7,318,123,119,39,6,15,3,58,13,4,27,5,46,53,59,40,2,0,55,21,5,0,0,77,17,12,12,4,0,12,9,376,131,160,40,35,30,2,60,7,4,12,2,38,47,41,46,2,0
2023-08-05,Serie B,4123424,CRB,Botafogo SP,0.44260700389105057,0.38229571984435795,0.17509727626459143,0,0,1,63,8,3,1,1,84,22,4,5,0,1,3,5,495,206,211,57,17,25,2,57,5,0,4,2,53,49,63,31,2,0,37,2,2,0,0,78,22,1,0,0,0,1,1,291,149,77,37,33,16,2,53,8,0,27,3,48,51,38,29,2,0
2023-08-05,Serie B,4123408,Ituano FC,Guarani,0.32281553398058255,0.38349514563106796,0.2936893203883495,1,1,1,53,18,3,2,1,82,13,6,9,6,0,11,7,491,223,181,54,24,23,0,79,9,0,18,1,43,55,56,78,4,0,47,5,2,1,1,79,8,2,3,0,0,3,2,457,238,125,55,7,25,0,71,7,6,27,2,35,45,44,42,2,0
2023-08-05,Serie B,4123417,Sport Recife,Novorizontino,0.5351598173515981,0.3360730593607306,0.12876712328767123,1,0,0,40,11,6,1,1,68,10,4,4,1,0,5,6,283,86,106,42,17,20,0,67,6,5,29,3,51,52,56,25,2,0,60,15,3,0,0,76,15,12,7,5,0,8,7,402,122,184,58,27,21,1,82,4,1,16,5,44,48,44,50,2,0
2023-08-06,Serie B,4123411,Ponte Preta,Chapecoense AF,0.4101654846335697,0.39361702127659576,0.19621749408983452,1,0,0,48,19,6,2,2,73,17,6,9,4,0,11,8,333,129,113,43,29,22,0,78,12,7,20,1,43,48,52,64,2,0,52,9,1,0,0,73,12,11,1,7,0,4,5,359,132,130,47,14,23,2,71,7,4,16,5,44,52,48,50,1,0
2023-08-06,Serie B,4123418,Ceara,ABC,0.5116731517509727,0.3531128404669261,0.13521400778210116,1,0,0,51,17,3,0,0,83,16,4,9,5,0,8,9,450,208,165,51,25,21,1,74,11,3,8,3,58,53,63,33,4,0,49,8,3,1,1,81,17,2,2,3,0,2,6,439,217,137,56,0,27,2,68,13,5,10,2,48,47,37,28,1,0
2023-08-07,Serie B,4123426,Juventude,Vila Nova,0.500184706316956,0.36165496859992613,0.13816032508311785,0,2,2,64,11,3,2,2,79,13,5,5,3,1,7,4,523,253,159,49,10,33,0,90,4,0,6,0,47,56,48,57,1,0,36,5,1,1,0,61,17,5,4,0,0,4,1,295,93,88,32,33,24,1,69,7,2,19,3,40,44,52,17,3,0
2023-08-07,Serie B,4123410,Atletico GO,Tombense FC,0.5101112234580384,0.3832153690596562,0.10667340748230536,3,2,0,60,14,5,2,0,80,15,9,4,5,0,10,4,388,173,139,40,28,24,3,70,13,0,8,0,33,47,35,44,2,0,40,4,1,1,0,71,15,0,3,0,0,3,1,274,125,70,36,29,25,1,91,2,5,22,2,42,53,65,27,2,0
2023-08-07,Serie B,4123425,Londrina EC,Vitoria,0.2745861733203505,0.3412852969814995,0.38412852969815,2,0,0,36,15,6,0,0,62,18,4,7,2,0,6,9,267,83,83,45,13,29,2,50,13,4,25,1,42,41,50,43,5,0,64,8,1,1,1,72,9,2,3,4,0,3,5,479,154,191,42,23,22,1,80,11,2,14,4,52,59,50,58,3,0
2023-08-11,Serie B,4123419,Novorizontino,Mirassol,0.4667201283079391,0.37289494787489974,0.16038492381716118,2,1,0,41,11,4,0,0,70,23,1,6,1,0,5,6,306,117,97,37,36,28,0,83,9,1,16,3,34,39,30,29,2,1,59,11,4,1,1,79,11,6,6,1,0,7,4,428,212,127,47,24,25,3,86,4,1,13,2,58,61,70,42,2,1
2023-08-12,Serie B,4123464,Tombense FC,Sport Recife,0.2267235252309879,0.31982942430703626,0.4534470504619758,0,0,1,50,9,3,0,0,78,12,2,3,3,0,6,3,445,259,88,48,20,14,1,56,6,4,24,2,47,56,59,70,5,0,50,12,2,1,1,80,14,5,6,4,0,6,6,444,199,156,34,18,18,2,75,7,4,8,2,36,44,41,50,2,0
2023-08-12,Serie B,4123421,Criciuma,Londrina EC,0.5232067510548524,0.36849507735583686,0.10829817158931083,2,0,0,58,15,7,3,2,82,11,7,5,3,1,9,6,474,157,232,54,33,21,5,74,5,2,18,0,49,61,56,36,1,0,42,10,0,0,0,79,12,3,7,3,0,4,6,330,123,138,60,27,26,0,58,3,4,15,3,33,39,44,20,0,1
2023-08-12,Serie B,4123420,Botafogo SP,Ponte Preta,0.46871008939974457,0.388250319284802,0.14303959131545338,0,0,1,58,14,3,0,0,74,19,5,6,5,1,7,7,435,198,124,42,38,29,2,71,3,3,10,1,63,45,49,47,3,0,42,8,1,1,1,70,17,1,4,3,0,3,5,310,107,109,50,22,27,0,69,6,5,19,3,73,55,51,56,3,0
2023-08-12,Serie B,4123450,Sampaio Correa,CRB,0.3588039867109635,0.46179401993355484,0.17940199335548174,1,1,1,61,13,1,2,1,77,16,7,4,8,0,9,4,424,150,178,33,39,19,2,85,14,1,12,3,52,49,58,41,3,0,39,8,4,0,0,68,19,7,3,1,0,4,4,259,92,83,45,13,23,2,83,9,7,17,0,51,51,42,60,5,0
2023-08-12,Serie B,4123422,Vila Nova,Avai FC,0.541005291005291,0.3386243386243386,0.12037037037037036,1,1,1,53,22,6,3,2,75,11,6,10,6,0,14,8,423,139,180,52,26,25,2,88,8,1,10,1,63,55,76,45,1,0,47,8,2,1,1,75,14,2,5,1,0,4,4,396,181,117,41,30,26,1,59,12,6,31,5,40,45,24,33,1,0
2023-08-13,Serie B,4123451,Chapecoense AF,Atletico GO,0.33634719710669075,0.37613019891500904,0.2875226039783002,0,1,2,42,19,4,1,1,75,9,4,11,4,0,9,10,343,135,121,53,17,27,0,67,5,5,29,2,46,56,65,56,2,0,58,10,3,0,0,81,14,4,2,5,0,3,7,479,194,192,39,0,18,0,60,12,4,16,4,33,44,35,27,3,0
2023-08-13,Serie B,4123423,Guarani,Juventude,0.4052812858783008,0.4225028702640643,0.17221584385763491,0,1,2,66,14,3,1,1,85,9,2,7,4,0,7,7,589,307,195,66,23,27,3,81,4,3,4,0,54,59,62,67,3,0,34,8,1,1,0,74,16,0,4,3,0,5,3,303,151,74,33,100,17,4,71,5,4,23,3,37,41,38,43,4,0
2023-08-13,Serie B,4123449,Vitoria,Ceara,0.5373514431239389,0.32682512733446517,0.13582342954159593,1,0,0,34,8,2,2,1,69,17,4,2,4,0,4,4,243,69,98,46,25,15,2,87,10,7,26,6,47,45,64,10,4,2,66,20,6,0,0,83,17,9,7,7,0,12,8,486,190,212,54,9,18,2,67,6,4,10,1,49,55,36,57,4,0
2023-08-14,Serie B,4123465,ABC,Ituano FC,0.34777585210860773,0.36741767764298094,0.2848064702484113,1,1,1,47,11,2,1,1,67,15,4,8,1,0,5,6,294,99,97,44,30,16,1,75,10,3,31,2,64,63,58,75,4,0,53,10,3,0,0,71,24,5,4,3,0,6,4,332,101,135,45,9,28,1,60,9,1,16,1,41,37,42,40,3,0
2023-08-17,Serie B,4123462,Londrina EC,Atletico GO,0.2989738805970149,0.37919776119402987,0.3218283582089552,0,2,2,51,13,6,2,2,77,16,5,4,3,0,8,5,459,192,162,46,47,34,1,82,14,2,20,2,36,40,33,44,0,0,49,13,4,1,0,75,8,4,7,2,1,11,2,440,168,160,42,32,31,0,79,12,3,15,6,59,60,67,56,2,0
2023-08-18,Serie B,4123467,Vila Nova,Mirassol,0.4521975532396919,0.3864975079293158,0.16130493883099228,2,0,0,28,9,3,0,0,61,23,3,2,4,0,3,6,229,58,82,27,33,32,2,75,21,2,19,0,35,39,34,33,2,0,72,8,0,0,0,82,10,1,6,2,0,3,5,610,276,225,48,17,30,2,85,5,4,10,1,58,61,66,27,0,0
2023-08-18,Serie B,4123471,Vitoria,Botafogo SP,0.5524126455906821,0.30449251247920134,0.14309484193011648,2,0,0,54,14,5,1,0,82,12,11,6,3,0,10,4,438,171,186,47,22,20,3,77,12,4,9,2,45,51,31,37,4,0,46,14,2,0,0,75,16,1,7,5,0,3,11,380,147,138,46,20,8,2,81,4,3,18,3,55,49,69,50,1,0
2023-08-19,Serie B,4123466,Guarani,Sport Recife,0.2901891252955083,0.3552009456264775,0.3546099290780142,3,1,0,40,6,5,3,1,74,12,3,1,0,1,4,2,369,210,64,45,0,18,0,82,4,6,34,3,44,53,47,63,3,0,60,19,4,1,0,85,11,8,8,7,0,7,12,547,146,321,60,21,29,1,100,6,0,12,2,43,47,53,43,1,0
2023-08-19,Serie B,4123468,Avai FC,Tombense FC,0.49707602339181284,0.39766081871345027,0.10526315789473684,4,2,0,54,12,5,3,0,80,19,4,5,2,1,9,3,353,163,118,40,18,9,0,93,6,6,30,5,31,49,38,50,1,0,46,23,8,4,3,81,12,11,10,5,0,17,6,289,123,110,57,23,15,2,60,6,2,15,1,36,51,63,30,2,0
2023-08-19,Serie B,4123461,ABC,CRB,0.3677685950413223,0.44421487603305787,0.18801652892561985,1,2,2,60,10,5,1,0,84,22,8,3,2,0,3,7,495,188,229,41,16,16,1,79,14,1,11,3,43,56,43,33,2,0,40,11,5,0,0,73,20,3,5,1,0,4,7,327,129,110,49,30,16,3,50,9,2,20,4,39,44,57,22,5,0
2023-08-19,Serie B,4123469,Ituano FC,Criciuma,0.3483606557377049,0.38934426229508196,0.26229508196721313,3,0,0,50,18,9,4,2,80,10,10,5,4,0,10,8,399,184,137,68,31,18,2,69,11,3,14,2,37,47,61,33,1,0,50,10,2,0,0,77,7,1,5,3,0,5,5,390,158,143,49,18,26,2,56,8,5,18,5,36,53,39,30,2,0
2023-08-19,Serie B,4123463,Juventude,Sampaio Correa,0.5119453924914675,0.37542662116040953,0.11262798634812286,0,0,1,72,17,1,0,0,85,16,10,10,6,0,13,4,542,209,253,69,19,37,2,94,5,2,13,0,58,49,52,39,1,0,28,3,0,0,0,60,18,2,1,2,0,0,3,217,59,71,41,20,25,0,64,10,6,38,1,58,51,48,46,4,1
2023-08-20,Serie B,4123470,Novorizontino,Chapecoense AF,0.5390749601275917,0.31738437001594894,0.14354066985645933,1,2,2,57,28,9,3,2,77,15,11,14,5,3,17,11,399,106,200,56,32,30,4,93,6,1,13,1,44,47,53,25,3,0,43,12,3,3,2,70,11,3,8,1,0,6,6,315,138,82,46,22,24,2,80,5,5,29,8,45,53,47,38,1,0
2023-08-20,Serie B,4123472,Ceara,Ponte Preta,0.5028735632183908,0.3635057471264368,0.1336206896551724,1,1,1,60,16,7,1,1,79,18,4,7,2,0,5,11,438,158,190,48,26,25,1,89,8,2,8,3,55,44,62,39,2,0,40,12,4,3,2,71,19,5,6,2,0,9,3,300,112,101,43,9,13,2,74,14,2,20,6,58,56,38,57,2,1
2023-08-22,Serie B,4123456,Mirassol,Juventude,0.3793335577246718,0.3833726018175698,0.23729384045775834,0,1,2,63,9,1,2,2,78,20,5,4,4,1,7,2,412,183,138,47,22,36,3,87,6,2,9,0,52,47,60,36,3,0,37,5,1,0,0,66,15,5,2,2,0,3,2,238,90,67,31,33,32,1,67,5,3,20,1,51,53,40,40,3,0
2023-08-23,Serie B,4123454,Criciuma,Vila Nova,0.4054794520547945,0.3949119373776908,0.19960861056751467,1,0,0,39,8,1,1,1,64,25,5,3,4,0,5,3,253,80,82,39,20,23,3,75,2,5,26,4,48,54,57,92,6,0,61,13,6,2,2,78,17,2,4,3,0,6,7,395,159,148,47,17,29,1,83,4,4,11,0,40,46,43,33,4,0
2023-08-23,Serie B,4123380,CRB,Avai FC,0.42332449829609997,0.3854600530102234,0.19121544869367663,1,1,1,53,15,4,0,0,75,13,3,8,3,0,9,6,355,129,138,52,27,29,5,67,10,1,6,1,46,48,61,27,5,0,47,8,2,1,0,73,10,5,5,1,0,4,4,334,149,94,41,38,21,1,73,12,3,24,3,43,52,39,36,4,0
2023-08-24,Serie B,4123402,Botafogo SP,Chapecoense AF,0.45861049519586106,0.38470066518847007,0.15668883961566887,1,2,2,47,10,4,0,0,68,16,6,4,2,0,5,5,308,78,132,42,42,25,2,70,5,0,11,2,42,59,22,33,2,1,53,9,4,2,0,72,26,3,4,1,0,6,3,362,155,106,29,29,17,0,82,4,1,20,3,46,41,78,0,4,0
2023-08-25,Serie B,4123452,Ponte Preta,Londrina EC,0.48912097476066146,0.3855526544821584,0.12532637075718014,1,0,0,38,7,2,1,0,63,20,2,2,3,0,2,5,267,85,84,28,10,18,1,85,8,6,23,2,50,47,38,47,5,0,62,20,2,0,0,78,16,13,12,6,0,13,7,427,166,169,57,22,20,3,73,4,3,16,1,64,53,63,50,4,0
2023-08-26,Serie B,4123457,Sport Recife,Ituano FC,0.5587392550143266,0.32550143266475645,0.11575931232091691,1,2,2,66,18,4,0,0,81,10,11,9,5,0,8,10,515,148,271,60,21,30,3,56,7,0,6,1,32,43,42,11,2,0,34,3,2,0,0,63,15,3,1,0,0,2,1,276,120,55,43,38,34,1,93,6,5,49,3,43,57,58,62,4,0
2023-08-26,Serie B,4123458,Sampaio Correa,Guarani,0.3108320251177394,0.3893249607535322,0.29984301412872844,1,1,1,64,20,7,0,0,82,8,9,9,4,0,10,10,495,162,243,49,14,28,0,100,10,1,12,2,56,52,51,53,2,0,36,7,3,2,2,69,17,4,3,1,1,5,2,280,141,51,35,22,16,0,82,12,4,34,7,52,48,49,86,6,0
2023-08-26,Serie B,4123460,Tombense FC,Ceara,0.27631578947368424,0.37593984962406013,0.34774436090225563,2,2,1,67,21,3,3,2,84,11,10,10,8,1,10,11,459,205,181,55,37,25,1,62,6,2,14,2,68,58,51,42,0,0,33,6,4,1,0,66,22,4,0,2,0,5,1,237,90,66,37,44,17,1,61,11,8,39,1,54,42,49,13,3,0
2023-08-26,Serie B,4123494,CRB,Novorizontino,0.36875,0.3875,0.24375,1,0,0,59,13,4,2,1,75,21,5,7,2,1,7,6,428,206,114,40,15,21,3,94,9,3,12,5,65,57,49,63,1,0,41,16,5,1,1,69,19,3,8,3,0,5,11,298,87,118,36,20,33,2,82,6,2,12,3,55,43,51,33,1,0
2023-08-27,Serie B,4123459,Chapecoense AF,Avai FC,0.4686131386861314,0.3956204379562044,0.13576642335766423,0,0,1,51,11,4,0,0,72,17,10,4,3,0,7,4,311,109,116,44,27,24,1,74,7,3,19,1,51,52,48,75,0,0,49,12,1,0,0,68,12,5,8,3,1,6,6,315,137,78,31,14,28,2,75,4,3,35,4,49,48,52,31,3,0
2023-08-27,Serie B,4123453,Atletico GO,Vitoria,0.3611111111111111,0.3525641025641026,0.2863247863247863,0,0,1,64,15,3,0,0,84,13,4,7,5,0,6,9,481,143,261,39,38,21,0,88,8,0,6,3,35,51,57,67,2,0,36,8,3,1,1,70,13,3,5,0,1,5,3,273,88,103,26,29,12,1,80,8,5,20,3,32,49,43,89,4,1
2023-08-28,Serie B,4123455,Botafogo SP,ABC,0.5646200085873766,0.3104336625161013,0.12494632889652212,0,0,1,50,15,2,0,0,73,18,6,10,3,1,7,8,359,128,135,50,20,24,1,88,5,1,7,4,42,40,42,38,0,0,50,8,4,1,1,74,12,3,3,1,1,2,6,395,181,110,33,29,28,3,71,8,3,29,2,61,60,58,57,2,0
2023-08-30,Serie B,4123489,Novorizontino,Ituano FC,0.4539944903581267,0.3575757575757576,0.1884297520661157,2,0,0,38,16,4,0,0,69,14,4,8,4,1,6,10,284,77,118,61,12,36,5,70,21,2,12,2,65,59,64,33,1,0,62,8,2,2,2,82,11,4,4,2,0,7,1,483,270,126,62,14,40,3,73,9,4,18,2,42,41,36,30,2,0
2023-09-01,Serie B,4123492,Juventude,Chapecoense AF,0.514367816091954,0.3399014778325123,0.14573070607553365,0,0,1,60,18,3,0,0,78,14,8,10,5,2,7,11,456,233,123,51,24,27,1,85,3,0,5,3,49,49,57,47,4,0,40,6,3,0,0,71,19,4,3,0,1,4,2,314,148,74,46,0,32,2,74,5,5,19,3,48,51,43,38,3,0
2023-09-01,Serie B,4123490,Vitoria,Mirassol,0.5815109343936382,0.305168986083499,0.11332007952286283,0,0,1,49,11,1,1,1,80,18,6,5,5,1,5,6,369,165,129,42,20,17,1,82,4,6,24,3,58,50,59,47,3,0,51,16,3,0,0,83,19,4,7,6,0,8,8,395,151,175,47,13,19,1,81,8,5,13,1,54,50,41,37,4,0
2023-09-02,Serie B,4123493,Londrina EC,Tombense FC,0.4300813008130081,0.416260162601626,0.15365853658536585,1,1,1,65,22,6,0,0,78,9,14,9,7,1,8,14,415,159,164,46,14,38,2,79,10,2,11,1,47,57,33,48,5,0,35,6,2,0,0,63,14,1,2,2,0,2,4,243,90,64,40,20,30,1,56,3,6,40,5,47,43,67,18,6,0
2023-09-02,Serie B,4123487,Avai FC,Atletico GO,0.39751552795031053,0.391304347826087,0.2111801242236025,0,2,2,65,11,1,2,2,82,13,7,9,1,1,8,3,483,170,227,53,29,25,2,67,5,0,11,2,34,54,31,40,5,1,35,12,4,3,1,70,14,4,8,0,0,9,3,256,65,113,38,37,12,1,67,2,1,34,1,36,46,69,25,4,0
2023-09-02,Serie B,4123484,ABC,Sampaio Correa,0.3617886178861789,0.42276422764227645,0.21544715447154472,1,1,1,68,7,2,1,0,81,16,4,3,2,0,2,5,468,242,138,56,13,20,3,100,9,3,14,0,47,58,50,33,3,2,32,7,1,0,0,62,27,3,3,3,0,0,7,217,66,68,39,17,34,1,50,11,2,18,1,36,42,50,0,5,0
2023-09-02,Serie B,4123491,Ceara,Criciuma,0.4,0.38181818181818183,0.21818181818181817,1,0,0,45,18,7,2,1,65,15,8,7,4,0,10,8,252,58,107,46,37,21,1,64,5,5,19,6,33,44,53,33,4,0,55,17,6,1,1,69,10,4,5,6,0,8,9,316,104,114,35,31,28,2,77,2,4,13,6,38,56,47,43,2,0
2023-09-02,Serie B,4123485,Guarani,Ponte Preta,0.4883303411131059,0.36804308797127466,0.1436265709156194,1,0,0,52,12,4,0,0,79,22,6,4,4,0,4,8,360,147,139,45,8,27,4,71,10,0,20,4,49,47,55,47,1,0,48,8,4,0,0,74,15,1,4,0,0,3,5,341,146,106,34,25,36,2,78,3,4,20,3,52,53,45,29,3,0
2023-09-03,Serie B,4123486,Vila Nova,CRB,0.45425867507886436,0.3943217665615142,0.15141955835962145,0,1,2,52,16,7,1,1,76,17,3,7,2,0,8,8,367,141,139,45,35,24,2,71,8,0,19,3,41,39,62,42,2,0,48,10,4,0,0,73,12,4,6,0,0,4,6,339,115,134,42,17,22,3,80,9,3,21,6,47,61,38,50,4,0
2023-09-03,Serie B,4123488,Botafogo SP,Sport Recife,0.26666666666666666,0.3418181818181818,0.39151515151515154,1,1,1,40,8,4,1,1,63,12,2,4,0,0,8,0,245,101,53,36,25,23,0,67,9,6,19,3,51,56,52,44,2,0,60,15,4,0,0,77,21,9,5,6,0,11,4,370,132,153,39,22,33,2,89,5,1,12,2,43,44,48,58,6,0
2023-09-06,Serie B,4123479,Chapecoense AF,Guarani,0.39177389705882354,0.32927389705882354,0.2789522058823529,0,1,2,51,28,4,2,2,85,14,8,13,11,0,13,15,420,137,219,55,19,27,3,67,2,3,12,2,47,42,59,44,2,0,49,10,2,1,0,78,13,4,4,4,0,6,4,409,193,128,49,44,20,3,100,7,10,34,4,52,58,41,54,3,0
2023-09-07,Serie B,4123478,Ceara,Londrina EC,0.5575054841742401,0.33124412409902854,0.11125039172673143,3,1,0,51,16,6,2,1,75,12,5,6,4,0,9,7,344,129,129,46,50,32,1,73,10,6,15,3,44,61,44,33,1,0,49,15,4,2,1,76,25,7,5,6,0,7,8,338,120,138,38,19,24,1,88,11,4,20,3,33,39,56,36,4,0
2023-09-07,Serie B,4123480,Tombense FC,ABC,0.4284994964753273,0.4179254783484391,0.15357502517623364,3,0,0,48,16,6,2,1,83,12,5,6,4,1,7,9,385,194,124,47,41,17,1,44,10,2,18,3,57,46,63,48,2,0,52,13,3,0,0,84,9,7,8,2,0,5,8,427,228,132,39,31,14,1,83,8,3,16,4,55,54,38,58,0,0
2023-09-08,Serie B,4123475,Ituano FC,Vila Nova,0.39204545454545453,0.4075413223140496,0.20041322314049587,1,2,2,69,26,6,1,1,82,12,8,12,8,0,13,13,536,206,234,48,29,36,0,86,9,2,5,1,45,53,57,56,2,0,31,9,3,3,1,60,10,3,4,2,0,5,4,247,77,71,31,63,26,1,67,13,8,31,5,38,47,43,11,1,0
2023-09-09,Serie B,4123483,Ponte Preta,Sampaio Correa,0.464,0.4184,0.1176,0,0,1,59,10,1,2,2,76,19,3,8,1,0,6,4,401,169,136,50,21,43,4,91,2,1,18,0,44,48,43,0,2,0,41,7,0,1,1,66,26,5,6,1,0,5,2,283,81,105,25,25,24,1,56,5,1,20,1,50,52,57,43,5,0
2023-09-09,Serie B,4123476,Mirassol,Botafogo SP,0.44944649446494467,0.4029520295202952,0.14760147601476015,1,0,0,67,13,4,1,0,83,18,5,6,3,0,8,5,513,202,224,63,15,26,2,63,9,0,9,2,36,41,43,9,2,0,33,6,2,0,0,59,15,0,4,0,0,2,4,253,98,52,23,33,21,2,80,7,3,22,3,50,59,57,25,4,0
2023-09-09,Serie B,4123477,Sport Recife,Criciuma,0.510053619302949,0.3552278820375335,0.13471849865951743,3,3,1,47,11,4,2,2,73,14,5,2,5,0,11,0,314,98,132,33,39,28,3,75,9,3,19,1,34,44,29,27,1,0,53,11,4,4,1,74,13,4,3,4,0,8,3,360,160,108,38,31,15,3,67,7,5,17,2,51,56,71,45,2,0
2023-09-10,Serie B,4123473,Atletico GO,Juventude,0.4029649595687331,0.42048517520215634,0.1765498652291105,3,0,0,50,16,10,3,2,79,15,2,4,2,0,12,4,368,158,131,47,55,19,2,62,13,4,14,3,37,45,44,36,2,0,50,9,3,0,0,75,11,6,2,4,0,5,4,367,169,107,43,36,35,1,50,7,3,10,6,45,55,56,50,1,0
2023-09-10,Serie B,4123481,CRB,Vitoria,0.3063583815028902,0.3800578034682081,0.31358381502890176,6,0,0,53,18,10,5,1,84,14,7,5,3,1,14,4,417,213,136,56,45,18,0,84,6,2,13,3,44,46,28,20,3,0,47,11,3,2,2,83,12,5,6,2,0,5,6,367,145,159,39,24,23,0,87,8,3,12,4,58,54,72,33,3,0
2023-09-11,Serie B,4123474,Avai FC,Novorizontino,0.3523012552301255,0.3686192468619247,0.2790794979079498,1,0,0,41,8,5,0,0,67,20,5,3,0,0,3,5,281,97,91,31,27,33,1,65,16,1,24,4,41,47,29,20,2,0,59,13,4,0,0,77,17,5,8,1,1,6,7,403,111,199,45,23,35,0,92,9,0,14,5,55,53,71,47,2,0
2023-09-14,Serie B,4123522,Londrina EC,Ituano FC,0.3113793103448276,0.39482758620689656,0.29379310344827586,2,2,1,44,20,10,2,1,62,11,7,7,3,0,12,8,280,94,79,40,27,37,1,67,5,2,13,1,49,67,56,71,3,0,56,12,3,2,0,64,17,3,7,2,0,9,3,360,108,124,43,28,32,0,100,7,2,21,8,27,33,44,25,3,0
2023-09-15,Serie B,4123495,Vila Nova,Ponte Preta,0.4980142970611596,0.36298649722001586,0.13899920571882446,1,1,1,53,30,10,5,4,81,20,9,12,8,0,20,10,342,131,147,60,21,30,2,75,4,1,12,2,46,41,76,14,2,0,47,8,3,2,1,75,18,1,4,1,0,2,6,316,132,106,43,20,20,1,68,5,8,31,9,49,59,24,71,4,0
2023-09-16,Serie B,4123523,ABC,Sport Recife,0.23709239130434784,0.33627717391304346,0.4266304347826087,0,1,2,46,10,3,0,0,70,16,6,3,4,0,5,5,325,113,116,44,19,19,0,77,7,1,29,0,38,38,42,41,3,0,54,15,1,4,3,75,4,11,13,1,0,11,4,376,132,150,42,27,17,3,87,10,4,26,3,58,62,58,77,1,0
2023-09-16,Serie B,4123496,Criciuma,Mirassol,0.46519524617996605,0.400679117147708,0.13412563667232597,2,1,0,35,4,1,1,0,68,22,3,1,2,0,2,2,231,88,68,30,0,22,0,78,10,5,17,1,36,42,56,27,5,0,65,10,2,1,0,84,18,4,3,5,1,6,4,432,195,166,51,28,21,0,71,8,1,14,0,47,58,44,44,2,0
2023-09-16,Serie B,4123497,Botafogo SP,Atletico GO,0.34758620689655173,0.3627586206896552,0.2896551724137931,1,0,0,30,13,3,1,1,60,13,7,6,4,1,12,1,234,62,78,35,43,19,1,80,6,6,21,2,49,54,56,40,5,0,70,11,2,0,0,84,12,5,3,6,0,3,8,575,233,250,56,11,19,0,50,6,4,17,2,40,46,44,50,2,0
2023-09-16,Serie B,4123538,Sampaio Correa,Chapecoense AF,0.37995824634655534,0.4175365344467641,0.20250521920668058,2,0,0,41,10,3,3,1,76,18,1,4,3,0,6,4,344,105,155,46,17,24,0,76,5,1,17,1,53,53,44,56,4,0,59,4,1,0,0,84,18,0,2,1,0,2,2,491,238,176,48,13,21,5,88,5,3,7,1,50,47,56,37,4,0
2023-09-16,Serie B,4123521,Juventude,CRB,0.4578005115089514,0.35805626598465473,0.18414322250639387,3,1,0,50,14,6,2,0,81,17,5,5,3,0,9,5,430,227,121,52,42,16,0,45,12,3,8,1,35,44,48,14,4,0,50,12,2,0,0,80,16,3,7,3,0,7,5,436,261,87,41,40,26,1,64,8,2,14,3,43,56,52,50,1,0
2023-09-17,Serie B,4123482,Guarani,Tombense FC,0.5381850853548967,0.3504043126684636,0.11141060197663971,3,0,0,53,23,11,1,1,89,13,10,7,5,2,15,8,428,201,178,58,34,15,1,79,13,1,10,3,42,49,60,47,3,0,47,7,3,1,1,86,11,4,3,1,0,4,3,396,181,158,53,25,12,0,67,6,5,18,8,40,51,40,56,3,0
2023-09-17,Serie B,4123499,Vitoria,Avai FC,0.533278553820871,0.3401807723911257,0.1265406737880033,3,0,0,46,14,8,1,1,79,10,4,6,0,0,5,9,394,127,184,43,18,9,0,89,9,0,17,2,47,53,55,38,1,0,54,8,2,0,0,83,11,3,6,0,0,3,5,478,162,233,45,23,27,0,50,4,0,19,5,41,47,45,33,3,0
2023-09-19,Serie B,4123498,Novorizontino,Ceara,0.4315177154944474,0.3617133791644632,0.20676890534108938,4,1,0,40,18,6,3,2,68,19,5,8,4,0,11,7,281,67,123,45,25,21,2,65,11,3,15,1,42,39,57,28,2,0,60,8,2,0,0,76,8,6,2,4,0,4,4,437,190,141,45,13,29,0,71,5,5,8,2,55,61,43,55,3,0
2023-09-20,Serie B,4123530,Sampaio Correa,Vila Nova,0.34422772799156565,0.3885081707959937,0.2672641012124407,2,1,0,54,14,5,2,1,78,7,6,7,2,0,10,4,412,155,165,28,33,31,0,78,4,2,13,4,27,43,38,40,2,0,46,12,5,2,1,71,8,7,5,2,0,9,3,345,161,84,39,50,25,2,78,11,2,18,3,37,57,62,44,3,0
2023-09-22,Serie B,4123524,Ponte Preta,Mirassol,0.38233164373642287,0.37943519188993485,0.23823316437364228,0,3,2,53,10,3,1,1,82,11,4,7,0,1,4,6,390,199,119,52,10,29,1,76,6,1,7,7,37,57,50,36,1,1,47,16,10,4,1,81,14,5,4,2,0,9,7,350,159,125,46,50,18,1,100,7,0,16,3,28,43,50,43,1,0
2023-09-23,Serie B,4123525,Atletico GO,Criciuma,0.4645622394282311,0.3787969029184038,0.1566408576533651,3,1,0,50,14,3,0,0,79,15,1,9,2,0,3,11,368,163,128,45,11,24,2,75,5,2,11,2,33,42,68,50,3,0,50,11,3,0,0,75,6,2,6,2,2,3,8,379,165,118,25,21,24,1,71,10,1,21,0,30,58,32,17,3,0
2023-09-23,Serie B,4123527,Ituano FC,Vitoria,0.2863095238095238,0.34404761904761905,0.36964285714285716,0,2,2,53,19,6,0,0,82,23,11,7,6,0,10,9,388,142,178,62,19,23,0,63,6,3,15,0,47,49,48,69,5,0,47,10,2,1,1,75,18,2,5,3,0,5,5,368,137,140,36,25,18,3,88,6,6,32,6,49,51,52,53,2,0
2023-09-23,Serie B,4123531,Chapecoense AF,Ceara,0.3962485345838218,0.37397420867526376,0.22977725674091443,1,1,1,37,11,3,0,0,60,11,2,5,3,0,3,8,198,56,63,27,14,20,1,100,1,4,10,4,33,56,36,63,3,0,63,17,5,0,0,79,15,6,8,4,0,6,11,335,114,151,62,21,25,0,60,4,3,10,2,30,44,64,25,4,0
2023-09-23,Serie B,4123533,CRB,Guarani,0.3689217758985201,0.3699788583509514,0.26109936575052856,1,0,0,51,15,4,0,0,84,17,4,7,4,0,7,8,453,186,193,67,38,19,1,80,8,2,15,1,36,49,64,63,3,0,49,6,1,0,0,82,15,3,3,2,0,3,3,434,230,125,52,17,23,2,88,14,3,11,3,34,51,36,71,2,0
2023-09-23,Serie B,4123532,Tombense FC,Botafogo SP,0.3916786226685796,0.42037302725968434,0.18794835007173602,0,0,1,60,13,3,1,1,80,12,2,5,5,1,7,6,456,202,161,56,14,14,0,88,8,7,10,2,43,59,62,58,3,0,40,12,2,1,1,69,17,4,2,8,0,5,7,303,126,83,36,10,20,2,100,8,5,24,3,29,41,38,50,3,0
2023-09-23,Serie B,4123529,Sport Recife,Londrina EC,0.5816593886462882,0.31353711790393013,0.10480349344978165,4,0,0,44,19,7,4,1,79,10,6,8,4,0,13,6,334,109,156,48,53,24,0,71,9,3,19,4,41,56,57,73,2,0,56,12,4,1,1,80,14,7,5,3,0,6,6,430,203,143,44,11,25,1,89,5,4,13,3,32,44,43,55,3,0
2023-09-25,Serie B,4123526,Avai FC,Juventude,0.3034450212364323,0.3959414818310524,0.3006134969325153,0,2,2,56,7,2,0,0,84,8,3,4,1,0,4,3,455,261,121,57,31,20,2,0,5,2,12,3,30,52,86,23,1,2,44,11,5,0,0,80,21,4,4,2,0,5,6,352,183,97,49,17,15,1,50,9,1,13,2,23,48,14,0,3,0
2023-09-26,Serie B,4123528,Novorizontino,ABC,0.5287023637240714,0.3506994693680656,0.120598166907863,2,1,0,49,14,4,3,2,77,27,6,7,3,0,10,4,396,113,192,46,53,24,1,79,18,4,11,1,53,42,59,60,3,0,51,12,2,1,0,77,17,5,6,4,0,6,6,426,204,124,36,18,20,0,64,9,3,14,2,62,58,41,50,4,0
2023-09-28,Serie B,4123520,Mirassol,CRB,0.40688775510204084,0.38137755102040816,0.21173469387755103,1,0,0,40,18,5,3,2,75,16,0,9,4,0,7,11,304,97,131,40,29,31,1,77,7,1,23,1,42,54,39,40,2,0,60,7,1,0,0,78,16,3,5,1,0,3,4,477,254,116,44,20,28,1,73,1,4,14,4,42,46,61,30,1,0
2023-09-29,Serie B,4123506,Londrina EC,Sampaio Correa,0.3440389294403893,0.39659367396593675,0.25936739659367397,1,0,0,38,9,3,3,2,60,22,5,5,1,0,5,4,271,98,65,32,27,21,3,65,7,0,27,1,53,49,56,22,7,0,62,4,1,0,0,75,16,5,3,0,0,3,1,448,176,159,54,20,41,0,60,8,1,24,2,51,51,44,42,2,0
2023-09-29,Serie B,4123536,Avai FC,Sport Recife,0.2840973401245048,0.3157894736842105,0.40011318619128466,2,2,1,37,11,3,0,0,69,19,5,8,0,0,7,4,298,124,81,38,20,13,0,71,1,2,30,5,30,54,29,25,3,1,63,15,7,2,1,83,14,9,6,2,1,8,7,489,168,237,48,28,17,0,75,5,0,11,2,29,46,71,19,2,0
2023-09-30,Serie B,4123519,Vitoria,Tombense FC,0.5967413441955194,0.3105906313645621,0.09266802443991853,1,0,0,52,13,5,0,0,82,21,7,3,5,0,6,7,390,138,181,63,14,15,3,61,8,1,18,2,47,47,47,50,3,0,48,11,2,0,0,79,13,2,8,1,0,4,7,368,155,134,50,15,19,0,75,7,5,24,4,53,53,53,43,2,0
2023-09-30,Serie B,4123507,Juventude,Criciuma,0.50187265917603,0.3895131086142322,0.10861423220973783,1,0,0,47,6,2,0,0,78,24,0,3,1,0,3,3,332,169,90,32,22,26,4,86,4,3,12,6,39,44,28,46,3,0,53,16,6,1,1,81,15,4,7,3,0,11,5,374,168,135,60,53,27,2,92,8,1,15,1,56,56,72,50,4,0
2023-09-30,Serie B,4123534,Guarani,Novorizontino,0.47516778523489933,0.3691275167785235,0.15570469798657718,2,1,0,50,15,4,1,1,72,8,7,7,4,2,7,8,276,125,73,59,36,31,3,67,5,1,13,4,34,51,41,29,1,0,50,15,5,0,0,79,12,1,9,1,1,9,6,272,90,126,60,37,13,0,89,7,4,14,2,38,49,59,45,1,0
2023-09-30,Serie B,4123537,Ituano FC,Botafogo SP,0.40707964601769914,0.4353982300884956,0.15752212389380532,1,1,1,58,11,3,2,1,83,18,7,6,2,0,6,5,384,154,164,72,27,15,1,69,6,1,18,0,55,51,65,71,2,1,42,8,1,1,0,74,12,1,6,1,0,5,3,280,96,111,44,13,19,4,75,4,2,21,2,45,49,35,42,3,0
2023-09-30,Serie B,4123505,ABC,Ponte Preta,0.3117408906882591,0.45951417004048584,0.22874493927125505,2,0,0,40,9,5,0,0,62,11,4,3,1,0,5,4,276,90,80,43,17,21,2,64,4,2,26,3,28,45,44,25,4,0,60,10,3,0,0,74,11,6,5,2,0,4,6,407,136,167,38,0,27,1,79,8,1,14,3,34,55,56,36,2,0
2023-10-01,Serie B,4123535,Vila Nova,Chapecoense AF,0.5142276422764228,0.3638211382113821,0.12195121951219512,0,0,1,54,22,5,0,0,80,15,7,10,7,0,11,11,448,192,167,49,21,35,1,50,10,3,10,0,40,45,63,43,3,0,46,8,0,1,1,76,13,3,4,4,0,4,4,385,170,121,24,10,15,1,50,10,7,33,5,38,55,37,43,3,0
2023-10-01,Serie B,4123518,Ceara,Atletico GO,0.4270941054808687,0.3671147880041365,0.20579110651499483,0,1,2,51,17,1,0,0,76,13,5,13,3,0,5,12,396,109,192,61,5,28,0,100,9,4,9,5,40,56,53,55,1,0,49,16,6,0,0,75,17,4,6,4,0,8,8,391,150,144,51,10,16,2,78,10,3,18,1,32,44,47,33,3,0
2023-10-03,Serie B,4123500,Mirassol,Londrina EC,0.5557511737089202,0.3268779342723005,0.11737089201877934,2,0,0,47,9,4,3,1,83,18,2,2,3,1,8,1,412,246,97,53,9,16,2,73,10,4,24,2,37,52,70,63,0,0,53,8,2,0,0,82,14,8,2,4,0,3,5,465,209,172,52,16,28,0,60,9,3,8,2,31,48,30,50,2,0
2023-10-05,Serie B,4123517,Chapecoense AF,ABC,0.5223097112860893,0.32808398950131235,0.14960629921259844,0,0,1,68,23,7,2,2,82,19,5,8,8,0,9,14,496,191,218,54,20,34,3,100,0,6,12,1,42,53,53,53,1,0,32,17,1,1,1,67,23,1,10,6,1,11,6,230,57,96,37,40,17,2,78,10,8,28,7,37,47,47,25,3,0
2023-10-07,Serie B,4123503,Atletico GO,Ituano FC,0.5611940298507463,0.3338308457711443,0.10497512437810945,1,0,0,48,13,7,1,0,74,18,6,3,3,0,8,5,363,130,137,41,21,28,0,55,10,0,28,6,42,47,50,43,2,0,52,10,6,1,1,73,11,5,4,0,1,6,4,382,143,137,43,9,26,0,85,11,2,20,6,46,53,50,36,0,0
2023-10-07,Serie B,4123515,CRB,Ceara,0.4535759096612296,0.38268506900878296,0.16373902132998747,2,0,0,52,8,4,2,1,73,13,5,2,2,0,6,2,353,144,115,37,30,21,6,87,3,3,10,3,31,45,13,50,2,0,48,17,3,0,0,76,10,6,10,4,1,7,10,323,103,141,52,33,27,1,46,6,2,10,2,43,55,88,53,4,0
2023-10-07,Serie B,4123516,Tombense FC,Juventude,0.25795454545454544,0.38636363636363635,0.35568181818181815,1,1,1,39,13,1,1,0,82,20,1,9,3,2,8,5,298,171,73,69,33,13,2,86,8,3,16,2,30,40,50,62,4,0,61,15,3,0,0,89,9,4,9,3,0,5,10,462,228,184,68,25,13,2,64,7,3,6,0,42,60,50,57,1,0
2023-10-07,Serie B,4123501,Botafogo SP,Avai FC,0.47446236559139787,0.385752688172043,0.13978494623655913,0,1,2,51,12,4,0,0,80,19,2,6,2,0,7,5,382,139,167,41,17,15,1,100,9,2,4,3,46,48,55,46,1,1,49,8,4,2,1,80,13,3,2,2,1,3,5,382,168,137,41,25,18,2,80,4,2,19,4,46,52,45,56,3,0
2023-10-07,Serie B,4123509,Sampaio Correa,Novorizontino,0.3449419568822554,0.40630182421227196,0.24875621890547264,1,1,1,51,12,3,0,0,74,13,6,5,4,0,6,6,365,144,127,47,31,18,1,62,8,5,19,6,35,53,36,38,1,0,49,27,7,3,3,75,13,8,15,5,1,19,8,355,147,121,51,44,23,4,75,10,4,14,2,35,47,64,31,6,0
2023-10-07,Serie B,4123504,Guarani,Vila Nova,0.5393401015228426,0.3362944162436548,0.12436548223350254,1,1,1,64,10,2,1,0,65,8,6,4,4,0,6,4,385,132,119,36,13,48,0,89,4,2,6,1,36,54,14,41,2,0,36,12,2,1,0,45,18,1,7,3,0,5,7,230,33,71,28,25,28,1,61,12,4,44,1,46,46,86,60,7,0
2023-10-08,Serie B,4123502,Criciuma,Vitoria,0.28345802161263506,0.33832086450540316,0.3782211138819618,1,0,0,45,17,4,0,0,74,17,4,9,4,0,9,8,363,130,138,45,35,19,1,100,9,6,18,4,37,52,50,54,1,0,55,17,5,1,1,78,15,2,7,5,0,13,4,458,160,198,44,33,21,2,100,7,4,27,3,35,48,50,67,2,0
2023-10-09,Serie B,4123508,Sport Recife,Ponte Preta,0.5459533607681756,0.33305898491083674,0.12098765432098765,3,3,1,68,14,7,3,0,84,8,9,3,4,0,11,3,535,188,261,54,14,32,1,50,4,1,10,0,40,51,27,46,3,0,32,10,3,2,1,71,16,2,4,3,0,6,4,265,100,87,32,0,22,2,78,9,3,31,4,46,49,73,56,3,0
2023-10-11,Serie B,4123559,ABC,Mirassol,0.2967522818934409,0.3336871152621524,0.3695606028444067,1,2,2,51,18,8,2,1,83,13,9,5,5,0,11,7,421,192,156,43,32,24,1,86,11,1,19,3,40,47,56,50,2,0,49,11,5,1,0,80,10,0,5,1,0,3,8,423,154,186,55,40,27,0,69,12,5,17,7,42,53,44,45,3,0
2023-10-12,Serie B,4123513,Vila Nova,Botafogo SP,0.4697015375339162,0.3638830268314742,0.1664154356346096,3,1,0,53,18,7,5,2,83,13,3,9,2,1,15,3,412,211,132,49,17,15,4,69,7,2,15,2,51,52,57,50,2,0,47,10,3,0,0,79,15,3,5,2,1,7,3,357,184,99,50,25,27,0,86,5,2,10,4,44,48,43,43,2,1
2023-10-14,Serie B,4123512,Criciuma,Chapecoense AF,0.5301487862176977,0.3371182458888019,0.1327329678935004,1,2,2,63,15,8,2,1,80,18,7,4,3,1,11,4,485,174,212,53,21,30,2,88,5,3,7,1,30,43,44,53,0,1,37,11,3,1,0,71,10,1,4,4,0,6,5,287,121,83,39,40,13,0,86,5,3,39,7,39,57,56,29,1,0
2023-10-14,Serie B,4123511,Ituano FC,CRB,0.3609271523178808,0.4292218543046358,0.20985099337748345,0,0,1,46,16,5,1,1,74,19,7,6,5,0,9,7,333,90,157,49,16,27,0,67,10,2,12,0,44,47,67,54,2,0,54,7,0,0,0,76,15,2,5,2,0,6,1,403,196,111,41,17,30,1,59,13,4,24,5,44,53,33,43,3,0
2023-10-14,Serie B,4123510,Novorizontino,Tombense FC,0.5125570776255708,0.3687214611872146,0.1187214611872146,0,0,1,59,18,4,0,0,78,21,3,8,6,0,9,9,435,145,196,47,32,25,2,92,6,3,5,3,42,49,50,50,2,1,41,8,3,0,0,68,17,4,2,3,0,4,4,307,141,67,42,33,19,3,83,7,6,12,4,43,51,50,43,4,0
2023-10-14,Serie B,4123556,Ceara,Sampaio Correa,0.47875354107648727,0.375070821529745,0.1461756373937677,0,0,1,68,24,7,2,2,82,15,9,12,5,1,17,7,468,150,234,64,31,29,1,30,9,1,7,0,50,48,50,59,2,0,32,3,0,0,0,55,15,2,2,1,0,1,2,239,65,66,33,0,15,2,85,12,4,25,7,53,52,50,36,5,1
2023-10-15,Serie B,4123514,Ponte Preta,Atletico GO,0.28314768235716853,0.4049586776859504,0.3118936399568811,0,2,2,54,8,4,0,0,81,20,5,4,0,0,2,6,396,150,171,47,6,24,4,85,0,4,13,1,34,54,38,50,6,0,46,10,3,1,0,74,16,7,3,4,0,5,5,340,131,120,46,22,26,1,67,10,0,12,4,31,46,63,31,4,0
2023-10-15,Serie B,4123539,Vitoria,Guarani,0.4845201238390093,0.3746130030959752,0.14086687306501547,2,0,0,62,16,7,2,0,93,10,3,5,4,0,6,10,553,222,292,83,31,13,3,67,4,2,16,3,24,57,60,57,2,0,38,9,3,1,1,82,8,5,4,2,0,3,6,324,152,115,54,24,16,0,80,2,3,8,5,18,43,40,22,1,1
2023-10-15,Serie B,4123558,Londrina EC,Avai FC,0.3502327987584066,0.3962752198654941,0.25349198137609935,1,1,1,36,20,12,2,2,74,13,10,5,3,0,13,7,252,87,100,43,20,26,3,56,4,5,13,2,26,44,55,40,1,0,64,15,3,1,1,85,7,3,6,6,0,3,12,499,224,199,53,23,20,0,91,5,4,36,10,30,56,45,11,1,0
2023-10-16,Serie B,4123557,Juventude,Sport Recife,0.38705186216498433,0.3818308388444135,0.23111729899060215,2,2,1,48,10,3,1,0,37,15,3,5,2,0,5,5,224,25,57,21,25,31,0,82,8,2,29,4,67,57,47,67,4,0,52,10,6,3,2,45,24,5,1,3,0,6,4,255,39,75,33,38,22,0,100,7,2,29,1,60,43,53,43,4,0
2023-10-19,Serie B,4123561,Atletico GO,ABC,0.523025397711415,0.36366173597543955,0.11331286631314541,3,1,0,55,14,7,1,0,84,18,4,2,5,0,9,5,417,192,160,41,0,19,3,75,7,4,18,1,37,47,38,67,1,0,45,10,2,1,0,84,15,3,4,4,1,5,5,328,138,136,55,19,13,1,86,9,5,13,4,47,53,63,64,3,0
2023-10-19,Serie B,4123568,Tombense FC,Vila Nova,0.2928796913363732,0.42125569975447213,0.28586460890915466,2,1,0,54,16,3,4,3,80,15,5,10,3,0,11,5,418,171,162,47,33,18,3,63,8,5,16,6,36,40,52,17,4,0,46,19,7,2,2,77,17,3,7,5,0,10,9,364,112,167,51,22,17,0,67,3,2,23,1,47,60,48,47,3,0
2023-10-20,Serie B,4123566,Sampaio Correa,Vitoria,0.25235109717868337,0.3218390804597701,0.4258098223615465,0,1,2,50,13,1,0,0,84,15,2,10,2,0,5,8,385,158,164,56,15,16,0,92,8,4,13,5,40,44,42,44,1,0,50,17,6,5,4,79,13,8,7,4,1,13,4,383,180,123,47,33,26,0,68,10,2,12,1,51,56,58,58,1,0
2023-10-21,Serie B,4123564,Mirassol,Guarani,0.5172413793103449,0.1839080459770115,0.2988505747126437,0,0,1,56,16,1,0,0,80,16,3,9,6,0,6,10,451,111,250,57,30,29,2,71,4,3,11,1,36,54,86,56,2,0,44,9,1,0,0,77,11,6,5,3,0,3,6,373,208,78,29,31,16,0,100,6,5,28,1,27,46,14,20,2,0
2023-10-21,Serie B,4123563,Botafogo SP,Novorizontino,0.35730337078651686,0.4370786516853933,0.20561797752808988,2,0,0,37,8,3,1,0,64,12,1,2,3,0,3,5,267,98,73,22,0,15,1,67,2,0,38,9,30,50,31,36,1,0,63,22,9,1,1,80,13,13,12,1,0,13,9,436,164,185,51,24,35,4,67,2,3,5,1,36,50,69,18,1,0
2023-10-21,Serie B,4123569,CRB,Criciuma,0.4088397790055249,0.4350828729281768,0.15607734806629833,0,1,2,67,17,3,0,0,83,12,7,12,2,0,7,10,485,212,189,55,19,31,1,86,5,2,16,4,30,44,67,50,2,0,33,10,5,2,1,62,13,7,3,2,0,5,5,235,68,78,39,21,23,2,94,8,1,24,3,34,56,33,43,2,0
2023-10-21,Serie B,4123567,Juventude,Londrina EC,0.5530612244897959,0.35714285714285715,0.08979591836734693,2,2,1,60,31,8,2,1,79,5,10,15,8,0,18,13,365,155,132,66,22,43,1,100,1,0,7,2,33,67,67,50,0,0,40,7,4,1,0,70,22,4,3,0,1,4,3,257,109,71,36,0,19,0,100,7,8,30,6,16,33,33,71,8,0
2023-10-22,Serie B,4123562,Avai FC,Ceara,0.43123543123543123,0.40404040404040403,0.16472416472416473,1,0,0,50,11,4,2,1,72,16,4,4,3,0,6,5,276,83,115,44,25,24,0,78,6,1,17,2,30,57,50,50,4,0,50,8,2,1,1,73,16,5,5,1,0,4,4,278,101,101,47,21,21,2,100,7,3,12,3,23,43,50,20,3,1
2023-10-22,Serie B,4123565,Sport Recife,Chapecoense AF,0.5699059561128527,0.3103448275862069,0.11974921630094044,2,1,0,53,15,5,1,1,82,6,7,7,3,0,8,7,400,141,186,51,38,21,4,70,7,4,19,1,20,51,15,20,5,0,47,13,2,1,1,82,7,5,7,4,1,5,8,355,167,125,43,21,17,2,86,4,3,18,4,28,49,85,44,3,0
2023-10-23,Serie B,4123560,Ponte Preta,Ituano FC,0.42908117752007136,0.4049955396966994,0.16592328278322926,0,0,1,51,15,4,1,1,77,18,2,10,1,0,8,7,330,124,129,60,35,35,2,67,6,5,19,1,70,52,58,38,2,0,49,10,1,0,0,72,26,8,4,5,0,7,3,310,131,92,39,21,25,3,73,10,1,19,4,60,48,42,63,4,0
2023-10-26,Serie B,4123547,ABC,Avai FC,0.35921787709497205,0.3675977653631285,0.27318435754189946,1,1,1,40,12,8,0,0,70,19,4,3,1,1,9,3,258,76,104,36,11,22,2,100,10,7,20,4,45,53,77,57,2,0,60,20,5,1,1,82,20,9,8,7,2,4,16,411,162,176,43,6,14,0,100,4,1,20,7,34,47,23,60,3,0
2023-10-27,Serie B,4123544,Ceara,Sport Recife,0.2854307264787614,0.333068678046844,0.3815005954743946,2,1,0,47,12,8,1,0,81,27,5,4,0,0,6,6,301,124,119,42,20,13,1,60,11,3,19,4,34,46,20,45,5,0,53,10,5,2,1,78,22,5,2,3,0,6,4,343,129,138,36,54,18,0,63,4,0,7,6,48,54,80,100,4,1
2023-10-28,Serie B,4123555,Guarani,Botafogo SP,0.46882043576258453,0.3722764838467318,0.1589030803906837,0,1,2,40,12,3,0,0,76,15,5,3,6,1,5,7,292,150,71,49,21,18,1,88,6,6,15,4,33,45,73,57,3,1,60,18,5,3,2,85,14,5,7,6,0,10,8,465,137,258,56,21,21,1,78,7,6,20,3,33,55,27,55,2,0
2023-10-28,Serie B,4123542,Novorizontino,Ponte Preta,0.4846082089552239,0.375,0.14039179104477612,2,0,0,50,18,8,3,3,73,13,8,8,2,0,9,9,310,109,117,46,32,18,1,88,12,0,10,2,39,40,67,33,1,0,50,4,2,0,0,73,11,2,2,0,1,1,3,321,127,107,41,27,33,0,71,7,2,26,6,40,60,33,56,3,0
2023-10-28,Serie B,4123540,Criciuma,Sampaio Correa,0.5114427860696518,0.37412935323383084,0.11442786069651742,3,0,0,53,10,4,2,0,82,19,2,4,2,0,7,3,419,216,127,50,40,23,5,60,11,4,19,6,37,46,56,46,3,0,47,14,6,0,0,80,17,7,4,4,0,5,9,356,131,154,55,22,15,0,70,10,2,10,1,40,54,44,100,3,0
2023-10-28,Serie B,4123541,Ituano FC,Mirassol,0.32438238453276047,0.39849624060150374,0.2771213748657358,0,0,1,50,12,2,1,1,84,18,9,7,3,0,5,7,366,178,130,63,17,15,2,75,7,2,11,1,33,49,35,71,1,0,50,11,1,5,5,82,14,3,8,2,0,6,5,386,195,123,49,55,16,4,20,6,3,20,2,40,51,65,63,1,0
2023-10-28,Serie B,4123554,Vila Nova,Atletico GO,0.3282674772036474,0.3472644376899696,0.324468085106383,2,1,0,59,19,4,4,2,81,14,6,8,7,1,12,7,435,144,207,56,41,31,1,70,5,2,15,3,46,52,57,47,2,1,41,10,4,2,1,68,17,4,4,2,0,7,3,309,73,137,34,47,15,1,85,2,6,27,2,40,48,43,50,1,1
2023-10-29,Serie B,4123546,Londrina EC,CRB,0.3941299790356394,0.3805031446540881,0.22536687631027252,1,1,1,40,18,6,3,3,73,13,4,7,5,1,10,8,260,83,106,41,29,22,2,86,7,5,15,8,32,38,60,33,0,0,60,24,9,5,5,80,9,7,10,5,0,17,7,405,172,152,52,27,27,1,79,6,5,13,5,44,62,40,75,1,1
2023-10-29,Serie B,4123543,Vitoria,Juventude,0.5479543930248155,0.323943661971831,0.12810194500335345,0,0,1,59,7,2,0,0,84,21,5,3,2,0,4,3,472,230,168,62,19,31,0,60,4,3,7,2,44,49,42,31,4,0,41,8,2,0,0,78,20,3,3,3,0,2,6,325,141,114,53,45,19,0,78,5,2,23,2,48,51,58,57,4,0
2023-10-30,Serie B,4123545,Chapecoense AF,Tombense FC,0.4962852897473997,0.35760277365032195,0.14611193660227836,1,2,2,60,20,7,0,0,87,14,3,11,2,0,12,8,518,219,234,60,15,16,0,86,8,4,17,3,39,49,55,62,3,0,40,13,5,1,0,77,14,7,4,4,1,7,6,337,116,142,48,11,15,0,75,11,2,18,6,38,51,45,33,2,0
2023-11-01,Serie B,4123549,Atletico GO,Novorizontino,0.5143586470963625,0.37268666241225273,0.11295469049138482,2,2,1,58,15,5,2,1,76,12,5,9,1,3,7,8,462,180,171,34,7,34,1,40,7,0,18,5,47,58,48,67,4,1,42,10,7,2,2,73,13,1,3,0,0,7,3,322,105,130,36,14,26,2,75,4,1,20,3,39,42,52,14,3,0
2023-11-03,Serie B,4123552,Mirassol,Sport Recife,0.35432230522945574,0.3468516542155816,0.29882604055496265,2,1,0,49,12,3,2,0,67,19,4,5,4,1,7,5,346,106,127,39,29,26,1,88,2,6,41,5,50,51,47,14,4,0,51,16,5,3,3,59,15,9,5,6,0,12,4,352,78,130,32,15,32,2,75,10,4,14,1,51,49,53,18,2,0
2023-11-04,Serie B,4123571,Juventude,Ituano FC,0.5117206982543641,0.371072319201995,0.1172069825436409,2,1,0,61,20,9,2,1,88,13,3,6,5,0,5,15,531,214,254,66,17,16,6,67,10,2,8,1,37,56,64,60,3,0,39,7,2,0,0,78,15,3,3,2,0,2,5,345,196,73,43,0,25,2,75,2,5,23,7,27,44,36,63,5,1
2023-11-04,Serie B,4123581,Londrina EC,Guarani,0.30787589498806683,0.3914081145584726,0.30071599045346065,0,0,1,48,14,5,2,2,78,10,5,6,3,0,11,3,358,164,116,45,14,27,3,67,9,6,27,5,40,57,42,64,1,1,52,19,5,0,0,76,16,7,8,6,0,11,8,384,115,175,46,37,32,2,100,6,3,23,5,37,43,58,50,0,1
2023-11-04,Serie B,4123551,Botafogo SP,Ceara,0.3986636971046771,0.3997772828507795,0.20155902004454343,2,2,1,46,15,3,1,1,77,17,5,8,4,1,11,4,322,125,122,51,50,19,3,74,11,3,19,2,62,59,47,65,2,0,54,10,4,2,0,77,14,7,3,3,0,6,4,380,172,122,34,33,16,3,83,9,2,16,1,51,41,53,44,1,0
2023-11-04,Serie B,4123548,Ponte Preta,Avai FC,0.375,0.4027777777777778,0.2222222222222222,0,1,2,55,20,7,0,0,75,12,3,9,4,1,9,11,357,105,164,50,14,25,2,87,16,2,14,4,57,66,46,69,3,0,45,14,5,2,1,65,13,6,7,2,2,6,8,298,108,87,41,38,37,1,80,3,4,31,7,38,34,54,50,2,0
2023-11-04,Serie B,4123570,Sampaio Correa,Tombense FC,0.3870056497175141,0.422316384180791,0.1906779661016949,1,2,2,39,12,4,0,0,77,11,3,5,3,0,6,6,296,109,119,40,7,22,0,67,10,2,18,2,30,50,21,25,2,1,61,11,4,2,1,86,16,1,5,2,0,5,6,471,202,203,60,16,14,6,80,7,3,19,3,44,50,79,67,4,0
2023-11-05,Serie B,4123553,Vitoria,Vila Nova,0.539308176100629,0.3356918238993711,0.125,1,1,1,66,17,5,1,1,83,14,8,8,4,0,8,9,537,222,224,56,26,19,2,83,14,5,4,6,44,45,50,59,3,0,34,15,7,2,2,70,14,0,3,5,0,8,7,281,81,115,49,0,14,0,75,7,4,26,4,51,55,50,63,3,0
2023-11-07,Serie B,4123580,CRB,Chapecoense AF,0.4418170504044804,0.3939016801493466,0.164281269446173,3,2,0,55,22,8,2,2,86,18,4,11,3,0,13,9,474,164,246,60,31,21,1,58,14,3,3,2,54,53,59,47,4,0,45,12,4,0,0,82,15,4,5,3,0,6,6,393,187,136,52,36,12,2,100,11,3,12,5,46,47,41,50,2,0
2023-11-08,Serie B,4123550,Criciuma,ABC,0.4993141289437586,0.3676268861454047,0.13305898491083676,1,0,0,49,21,8,0,0,76,17,6,10,3,0,10,11,364,117,158,35,12,36,0,69,13,3,8,3,48,37,41,29,4,0,51,10,3,1,1,79,12,1,4,3,1,4,6,399,173,143,64,38,28,1,91,12,4,34,6,77,63,59,75,4,0
2023-11-10,Serie B,4123578,Vila Nova,Londrina EC,0.5195783132530121,0.3433734939759036,0.13704819277108435,4,1,0,42,20,7,2,1,80,12,5,9,4,0,16,4,335,133,135,63,32,18,1,85,4,2,24,2,49,53,65,67,1,0,58,11,3,0,0,85,15,6,6,2,1,4,7,469,248,149,48,10,15,1,88,8,3,15,3,39,47,35,40,3,0
2023-11-11,Serie B,4123574,Sport Recife,Atletico GO,0.4556246466930469,0.36122102882984736,0.18315432447710572,0,0,1,50,16,5,0,0,70,10,7,6,5,0,8,8,368,108,151,51,43,24,1,69,5,1,17,2,65,58,59,58,1,0,50,6,2,0,0,73,15,4,3,1,0,4,2,378,128,149,41,33,27,2,82,9,4,30,5,46,42,41,36,2,0
2023-11-11,Serie B,4123576,Ituano FC,Sampaio Correa,0.44886363636363635,0.4318181818181818,0.11931818181818182,2,1,0,35,8,4,2,1,76,22,2,3,1,0,6,2,321,136,107,50,75,25,0,86,8,5,18,1,37,43,52,13,4,0,65,9,2,1,0,88,12,4,1,6,0,5,4,595,255,266,66,13,24,4,88,10,1,6,2,44,57,48,36,0,0
2023-11-11,Serie B,4123577,Avai FC,CRB,0.45535714285714285,0.3943452380952381,0.15029761904761904,1,1,1,54,18,6,2,1,76,10,6,8,4,0,7,11,373,165,118,45,17,20,2,75,6,6,14,5,52,47,74,57,2,0,46,20,6,1,0,76,19,3,8,6,0,13,7,307,114,119,41,22,22,0,67,14,4,9,5,48,53,26,50,5,0
2023-11-11,Serie B,4123572,Chapecoense AF,Botafogo SP,0.4281298299845441,0.366306027820711,0.20556414219474498,2,0,0,61,14,6,1,0,88,19,5,5,3,1,8,6,491,237,193,59,27,13,2,63,5,3,6,2,31,37,35,55,2,0,39,8,2,0,0,78,11,5,3,3,0,5,3,312,148,94,44,31,18,2,53,7,3,17,4,54,63,65,82,1,1
2023-11-11,Serie B,4123582,Tombense FC,Ponte Preta,0.45202952029520294,0.35793357933579334,0.1900369003690037,0,1,2,51,8,1,0,0,75,11,7,4,3,0,4,4,358,154,115,47,27,19,2,63,9,2,9,1,55,60,58,62,2,0,49,12,2,1,1,77,17,3,8,2,0,4,8,348,142,125,49,43,22,1,64,9,3,17,1,38,40,42,38,4,0
2023-11-12,Serie B,4123573,Ceara,Mirassol,0.30441640378548895,0.46214511041009465,0.2334384858044164,2,0,0,46,15,5,3,1,72,25,5,5,5,0,9,6,301,89,129,38,29,29,3,71,5,4,16,3,52,52,31,67,3,0,54,17,3,0,0,77,23,2,10,4,0,4,13,369,159,124,54,11,23,1,89,6,5,12,3,60,48,69,86,1,1
2023-11-12,Serie B,4123575,Novorizontino,Vitoria,0.32873806998939553,0.3488865323435843,0.32237539766702017,1,2,2,57,21,6,2,2,70,19,6,7,8,1,11,10,366,99,159,41,25,31,1,64,13,4,12,3,49,46,42,52,4,0,43,11,5,2,0,60,13,2,2,4,1,7,4,280,88,81,20,17,28,2,85,9,8,25,5,60,54,58,44,0,0
2023-11-14,Serie B,4123579,Guarani,Criciuma,0.390515595162317,0.36250795671546787,0.24697644812221514,1,1,1,70,17,5,0,0,82,10,14,8,4,0,8,9,495,179,229,55,22,30,0,100,2,0,11,2,34,49,50,75,3,0,30,6,3,0,0,58,10,3,3,0,0,3,3,221,64,65,31,14,19,3,86,4,4,42,4,35,51,50,100,2,0
2023-11-15,Serie B,4123583,ABC,Juventude,0.25942636158556237,0.3515952304221721,0.3889784079922656,0,0,1,66,8,3,1,1,83,18,4,3,2,0,4,4,438,194,168,58,29,27,3,92,6,1,16,1,52,57,54,64,2,1,34,12,1,0,0,68,18,4,10,1,0,4,8,220,81,69,38,10,19,0,90,4,2,16,3,40,43,46,9,3,1
2023-11-17,Serie B,4123597,Ituano FC,Chapecoense AF,0.4326530612244898,0.37026239067055394,0.19708454810495626,0,0,1,42,20,6,0,0,79,19,10,8,6,0,6,14,303,110,129,55,24,13,2,69,6,2,20,3,41,43,54,38,4,0,58,12,3,1,1,87,10,3,7,2,0,7,5,438,186,195,62,29,18,3,67,7,5,20,6,48,57,46,53,3,1
2023-11-18,Serie B,4123592,Londrina EC,Novorizontino,0.28885037550548814,0.4072790294627383,0.30387059503177355,0,1,2,46,10,3,0,0,74,11,9,3,4,0,3,7,336,144,103,44,5,31,0,82,9,7,11,5,39,57,31,56,3,0,54,19,7,1,1,77,14,7,6,6,1,8,11,396,128,178,45,28,20,2,100,8,4,26,3,43,43,69,29,1,0
2023-11-18,Serie B,4123596,Criciuma,Botafogo SP,0.49398090493980906,0.37027812370278124,0.1357409713574097,3,0,0,56,27,14,8,6,84,10,9,6,7,1,14,13,428,150,210,46,17,18,2,78,7,1,6,0,59,64,55,59,2,0,44,2,0,0,0,78,15,1,1,1,0,1,1,352,186,88,47,0,22,0,67,7,7,24,10,38,36,45,29,1,0
2023-11-18,Serie B,4123593,Juventude,Ponte Preta,0.5053811659192825,0.38161434977578473,0.11300448430493273,0,0,1,52,11,5,1,1,73,22,3,2,4,1,5,6,344,143,107,45,19,24,5,63,7,6,16,1,67,52,50,45,3,0,48,12,1,1,1,66,25,6,3,8,0,6,6,317,85,123,41,11,25,6,67,7,4,17,5,63,47,50,59,4,0
2023-11-18,Serie B,4123598,Mirassol,Atletico GO,0.36787845903418337,0.4319045035268584,0.20021703743895822,4,1,0,38,9,6,3,1,76,12,1,3,0,0,6,3,318,118,123,44,60,21,1,86,5,2,25,3,42,45,52,56,3,0,62,13,4,1,1,86,13,9,7,2,1,8,5,494,194,233,55,21,17,1,64,7,0,4,2,46,55,48,56,1,0
2023-11-18,Serie B,4123595,Vila Nova,Ceara,0.43045112781954886,0.40350877192982454,0.16604010025062657,3,1,0,52,15,7,1,0,82,11,7,7,1,0,7,8,385,162,154,50,25,16,1,75,10,2,10,4,57,49,43,42,3,0,48,11,5,1,0,77,14,1,3,3,0,3,8,368,152,132,26,27,21,2,71,7,1,15,4,61,51,57,58,4,1
2023-11-18,Serie B,4123599,Vitoria,Sport Recife,0.4804088586030664,0.35817717206132876,0.16141396933560476,1,0,0,51,19,5,0,0,80,14,4,10,4,1,9,10,368,149,144,44,25,24,0,81,7,3,17,5,45,43,42,30,2,0,49,13,5,3,3,81,11,3,5,3,0,11,2,347,115,165,49,25,15,2,72,5,4,15,4,60,57,58,50,2,0
2023-11-19,Serie B,4123594,Guarani,ABC,0.4681139755766621,0.399366802351877,0.13251922207146088,2,3,2,72,29,8,0,0,80,12,10,8,13,0,18,11,511,158,252,46,33,36,0,63,3,1,6,1,58,58,66,40,2,0,28,8,4,1,0,54,15,1,3,1,0,4,4,208,58,54,35,33,16,3,57,6,13,32,7,38,42,34,25,5,0
2023-11-19,Serie B,4123591,CRB,Tombense FC,0.43762246897452645,0.4154147615937296,0.14696276943174397,2,0,0,60,17,5,3,2,85,19,4,9,3,0,11,6,480,243,164,65,18,20,0,100,6,2,15,1,47,52,45,62,2,0,40,5,1,0,0,76,17,5,2,2,0,4,1,313,107,131,44,13,15,1,88,9,3,19,3,47,48,55,50,4,0
2023-11-20,Serie B,4123600,Sampaio Correa,Avai FC,0.3622124326970142,0.36465981399902103,0.27312775330396477,4,0,0,62,21,7,2,1,88,11,3,11,3,0,15,6,547,117,366,62,22,17,1,80,7,1,6,0,43,48,70,68,3,0,38,3,0,0,0,80,4,3,2,1,0,1,2,337,203,66,27,0,8,2,77,3,3,15,4,36,52,30,50,5,2
2023-11-25,Serie B,4123616,ABC,Vila Nova,0.2831541218637993,0.34767025089605735,0.36917562724014336,3,2,0,40,7,3,2,1,69,16,3,4,0,0,4,3,284,106,90,33,20,19,1,60,8,12,49,2,56,50,37,33,6,0,60,22,4,0,0,79,15,12,6,12,0,13,9,396,126,185,53,12,27,0,83,12,0,8,1,63,50,63,48,3,0
2023-11-25,Serie B,4123589,Atletico GO,Guarani,0.47831474597273854,0.3742255266418835,0.14745972738537794,3,0,0,67,20,6,2,0,90,7,7,11,3,0,16,4,623,129,432,72,22,20,2,67,4,0,8,1,40,53,63,44,2,1,33,2,1,0,0,76,8,2,1,0,0,1,1,311,151,86,33,17,14,0,67,2,3,29,3,30,47,38,29,0,2
2023-11-25,Serie B,4123588,Avai FC,Ituano FC,0.45252525252525255,0.41414141414141414,0.13333333333333333,0,0,1,59,14,2,0,0,86,12,7,7,5,0,8,6,491,192,230,49,24,22,1,82,10,6,24,5,39,42,52,23,1,0,41,20,5,2,2,80,13,7,9,6,0,10,10,327,136,124,65,21,15,0,89,12,5,22,2,48,58,48,44,3,0
2023-11-25,Serie B,4123587,Botafogo SP,Londrina EC,0.504930966469428,0.39250493096646943,0.10256410256410256,0,1,2,44,16,8,2,2,79,15,8,6,2,0,10,6,328,160,98,59,17,22,1,59,11,1,15,4,50,49,50,62,1,0,56,10,5,1,1,82,7,4,4,1,0,5,5,438,253,104,55,8,17,2,74,5,2,26,8,52,51,50,50,2,0
2023-11-25,Serie B,4123584,Ceara,Juventude,0.3428184281842818,0.3685636856368564,0.2886178861788618,1,3,2,57,12,3,2,2,79,19,5,5,4,0,7,5,330,86,174,48,19,33,0,63,3,2,12,3,47,41,43,52,5,0,43,11,6,3,1,66,8,1,3,2,0,7,4,250,103,61,39,13,23,4,86,5,2,13,2,65,59,57,40,2,1
2023-11-25,Serie B,4123626,Chapecoense AF,Vitoria,0.3351177730192719,0.2826552462526767,0.3822269807280514,3,1,0,54,22,8,1,1,80,16,5,10,4,1,15,7,369,151,145,49,37,21,1,71,2,4,5,2,56,55,72,50,3,1,46,11,3,1,0,78,18,1,4,4,0,4,7,315,112,134,53,33,12,1,100,7,4,21,5,37,45,28,57,4,0
2023-11-25,Serie B,4123586,Novorizontino,Criciuma,0.3542600896860987,0.37369207772795215,0.27204783258594917,2,0,0,45,16,6,2,2,76,10,10,4,6,1,7,9,357,118,155,46,4,24,1,78,9,3,28,3,40,52,39,48,1,0,55,7,3,0,0,78,9,7,1,3,0,4,3,458,243,115,46,6,24,2,67,6,6,24,4,45,48,61,44,1,0
2023-11-25,Serie B,4123590,Ponte Preta,CRB,0.4103671706263499,0.3714902807775378,0.21814254859611232,3,0,0,49,11,7,2,0,80,19,1,4,0,0,7,4,369,161,135,49,20,9,3,77,2,1,13,1,41,46,38,33,1,0,51,8,1,0,0,79,14,2,6,1,1,2,6,379,179,119,50,27,19,4,100,6,0,8,4,53,54,62,30,0,1
2023-11-25,Serie B,4123585,Sport Recife,Sampaio Correa,0.5424528301886793,0.33962264150943394,0.1179245283018868,4,1,0,55,13,5,4,2,83,12,10,6,2,0,11,2,433,204,156,56,50,13,2,73,11,1,16,2,50,56,53,50,3,0,45,8,3,1,0,80,21,3,4,1,0,3,5,362,172,116,33,31,14,1,87,8,2,21,2,40,44,47,54,2,0
2023-11-25,Serie B,4123615,Tombense FC,Mirassol,0.30477759472817134,0.37397034596375617,0.3212520593080725,0,1,2,40,13,3,0,0,74,18,4,9,1,1,7,6,277,100,106,58,35,20,1,78,4,5,25,4,56,51,53,57,7,0,60,14,5,3,2,85,13,6,4,5,0,9,5,428,162,203,61,29,15,1,100,7,1,18,3,52,49,48,56,3,0
