match_date,league_name,matchid,home_team,away_team,home_probability_win,draw_probability,away_probability_win,home_goals,away_goals,ftr,home_ball_possession,home_total_shots,home_shots_on_target,home_big_chances,home_big_misses,home_accurate_passes,home_fouls_commited,home_corners,home_shots_off_target,home_blocked_shots,home_hit_woodwork,home_shots_inside_box,home_shots_outside_box,home_passes,home_own_half,home_opposition_half,home_accurate_long_balls,home_accurate_crosses,home_throws,home_offsides,home_tackles_won,home_interceptions,home_blocks,home_clearances,home_keeper_save,home_duels_won,home_geround_duels_won,home_aerial_duels_won,home_successful_dribbles,home_yellow_cards,home_red_cards,away_ball_possession,away_total_shots,away_shots_on_target,away_big_chances,away_big_misses,away_accurate_passes,away_fouls_commited,away_corners,away_shots_off_target,away_blocked_shots,away_hit_woodwork,away_shots_inside_box,away_shots_outside_box,away_passes,away_own_half,away_opposition_half,away_accurate_long_balls,away_axxurate_crosses,away_throws,away_offsides,away_tackles_won,away_interceptions,away_blocks,away_clearances,away_keeper_save,away_duels_won,away_geround_duels_won,away_aerial_duels_won,away_successful_dribbles,away_yellow_cards,away_red_cards
2021-08-21,Serie A,3656994,Hellas Verona,Sassuolo,0.3275343982286889,0.4271706468448521,0.24529495492645895,2,3,2,39,15,4,5,4,82,11,7,8,3,1,11,4,312,110,147,61,35,14,0,75,7,4,8,4,40,51,50,78,1,1,61,18,7,2,0,89,12,4,6,5,0,9,9,525,294,171,60,20,6,1,43,5,3,15,2,39,49,50,71,2,0
2021-08-21,Serie A,3656995,Inter,Genoa,0.72547234236285,0.20927232718719174,0.06525533044995827,4,0,0,60,16,8,4,1,91,18,8,5,3,1,12,4,592,236,303,87,32,15,2,56,5,2,13,4,40,44,50,62,1,0,40,10,4,1,1,87,7,2,4,2,0,5,5,399,236,112,51,9,12,2,77,15,3,22,4,49,56,50,59,2,0
2021-08-21,Serie A,3656993,Empoli,Lazio,0.19383653416703886,0.4286511835640911,0.37751228226887,1,3,2,45,16,4,1,1,82,13,5,7,5,2,11,5,451,171,201,60,20,28,2,57,12,1,14,1,42,43,46,31,2,0,55,8,4,2,0,87,10,3,3,1,0,8,0,567,243,248,75,36,15,0,54,15,6,16,2,54,57,54,44,1,0
2021-08-21,Serie A,3656999,Torino,Atalanta,0.1973982575486335,0.4183076739467717,0.3842940685045948,1,2,2,48,21,8,1,1,73,17,5,5,8,1,10,11,380,127,152,32,31,18,0,50,13,4,9,0,62,48,35,57,2,0,52,7,2,1,0,71,13,1,1,4,0,5,2,418,178,120,44,50,28,0,71,8,8,22,6,86,52,65,64,2,0
2021-08-22,Serie A,3656991,Bologna,Salernitana,0.5492528652255911,0.3455679675032642,0.10517916727114464,3,2,0,73,18,7,2,0,84,13,9,3,8,0,10,8,549,195,264,62,28,18,0,58,6,2,20,2,49,49,55,40,2,2,27,10,4,2,1,55,15,4,4,2,0,6,4,196,38,70,24,13,27,2,60,7,7,24,4,47,51,45,100,1,1
2021-08-22,Serie A,3657000,Udinese,Juventus,0.13102235619191158,0.39894498869630746,0.47003265511178094,2,2,1,44,12,6,3,1,84,13,3,4,2,0,9,3,396,159,175,46,18,19,2,55,8,0,6,1,39,50,50,71,1,0,56,10,3,3,2,86,14,3,7,0,2,7,3,524,272,180,63,38,22,3,58,13,2,13,4,39,50,50,55,3,0
2021-08-22,Serie A,3656997,Roma,Fiorentina,0.6656610929150146,0.25547319427684884,0.07886571280813653,3,1,0,42,11,6,5,2,82,12,4,5,0,1,8,3,365,178,123,53,55,18,4,77,11,1,16,7,51,57,57,55,1,1,58,11,8,2,1,89,15,4,2,1,0,8,3,515,247,213,80,36,19,2,42,13,0,5,3,39,43,43,57,2,1
2021-08-22,Serie A,3656996,Napoli,Venezia,0.693163320672816,0.23684210526315788,0.06999457406402604,2,0,0,56,13,4,3,2,89,5,2,4,5,0,6,7,560,260,239,62,14,14,3,69,12,0,8,4,44,68,55,55,1,1,44,8,4,1,1,89,22,2,4,0,1,5,3,424,206,173,61,24,14,1,70,10,4,6,2,23,32,45,36,7,0
2021-08-23,Serie A,3656992,Cagliari,Spezia,0.5391769107429182,0.3463388562266168,0.114484233030465,2,2,1,58,20,9,5,4,80,17,11,6,5,0,16,4,476,212,168,51,28,21,1,67,11,3,19,2,56,50,45,67,2,0,42,12,4,1,0,77,15,4,5,3,0,3,9,338,141,118,35,15,12,4,33,10,6,26,6,60,50,55,73,3,0
2021-08-23,Serie A,3656998,Sampdoria,Milan,0.1741971972601018,0.41588638220323004,0.40991642053666816,0,1,2,50,16,3,1,1,78,17,8,7,6,0,10,6,395,143,166,42,29,18,3,72,7,1,13,3,54,49,53,57,3,0,50,11,4,2,1,80,15,3,5,2,0,5,6,409,179,148,43,14,13,3,75,9,6,14,3,54,51,47,35,1,0
2021-08-27,Serie A,3657010,Udinese,Venezia,0.593694618039362,0.31321705064826044,0.09308833131237758,3,0,0,44,21,10,6,3,79,11,7,2,9,0,14,7,426,183,153,42,47,19,4,47,13,2,17,3,41,51,37,62,2,0,56,11,3,3,3,84,8,2,6,2,0,8,3,529,258,189,60,24,14,2,53,9,9,7,7,45,49,63,47,3,0
2021-08-27,Serie A,3657004,Hellas Verona,Inter,0.16409527676275545,0.4184598727838679,0.41744485045337665,1,3,2,43,8,1,1,0,76,13,6,5,2,0,6,2,341,125,133,38,46,16,1,56,14,3,18,4,45,38,50,39,2,0,57,15,7,2,1,80,12,4,5,3,0,9,6,446,206,149,41,38,21,0,50,10,2,4,0,63,62,50,57,2,0
2021-08-28,Serie A,3657001,Atalanta,Bologna,0.6424661480841256,0.28205128205128205,0.07548256986459234,0,0,1,59,22,3,0,0,81,11,5,9,10,0,12,10,546,159,284,64,20,19,2,42,9,1,11,1,66,44,70,70,2,0,41,4,1,1,1,70,14,5,2,1,0,3,1,373,164,96,33,21,24,0,57,14,10,25,3,58,56,30,75,5,0
2021-08-28,Serie A,3657006,Lazio,Spezia,0.6444677503932879,0.2840062926061877,0.07152595700052439,6,1,0,61,18,10,4,1,91,12,4,3,5,0,11,7,695,326,306,44,33,9,1,83,7,1,6,1,36,52,80,89,0,0,39,5,2,1,0,82,9,2,2,1,0,2,3,429,254,96,48,0,22,0,40,6,5,8,4,28,48,20,69,2,1
2021-08-28,Serie A,3657002,Fiorentina,Torino,0.5754663651780667,0.3281514980214811,0.09638213680045224,2,1,0,58,9,6,0,0,81,13,3,2,1,0,6,3,416,191,147,64,21,24,3,75,6,2,14,0,63,59,59,40,4,0,42,5,1,0,0,72,28,3,2,2,0,5,0,306,114,106,34,36,15,2,40,13,1,13,4,44,41,41,55,5,0
2021-08-28,Serie A,3657005,Juventus,Empoli,0.7570773463772547,0.17951696728829103,0.0634056863344543,0,1,2,55,18,5,1,1,84,10,8,9,4,0,10,8,412,125,221,63,16,22,1,50,11,5,25,3,49,48,60,58,2,0,45,11,3,1,0,76,6,9,3,5,0,8,3,342,140,119,48,20,29,3,65,5,4,26,5,46,52,40,64,3,0
2021-08-29,Serie A,3657003,Genoa,Napoli,0.1792621776504298,0.4396489971346705,0.38108882521489973,1,2,2,39,6,3,1,1,78,17,4,2,1,0,4,2,358,169,111,46,27,19,3,50,19,2,11,6,56,46,48,57,2,0,61,13,8,2,2,86,15,5,3,2,1,8,5,581,218,280,65,15,22,2,57,13,1,11,2,64,54,52,74,3,0
2021-08-29,Serie A,3657009,Sassuolo,Sampdoria,0.5223555070883316,0.3604143947655398,0.11723009814612868,0,0,1,63,19,5,1,1,84,8,8,10,4,0,10,9,582,283,206,51,27,23,0,60,9,3,16,2,46,54,33,67,2,0,37,11,2,0,0,72,14,6,6,3,0,5,6,329,110,126,42,14,19,3,81,13,4,16,5,47,46,67,38,2,0
2021-08-29,Serie A,3657007,Milan,Cagliari,0.7235331859984316,0.21544164824980394,0.061025165751764456,4,1,0,57,18,5,4,2,90,13,8,5,8,0,10,8,517,266,198,63,32,15,1,67,6,2,11,1,35,44,44,53,1,0,43,7,2,0,0,86,11,3,3,2,0,6,1,392,216,121,63,36,13,0,50,4,7,12,1,44,56,56,50,5,0
2021-08-29,Serie A,3657008,Salernitana,Roma,0.1701072821846554,0.42782834850455137,0.40206436931079326,0,4,2,20,5,0,0,0,52,12,1,4,1,0,4,1,172,49,40,26,30,16,2,46,11,9,28,5,40,52,47,50,2,0,80,28,9,1,0,89,11,10,8,11,0,18,10,714,269,368,61,30,12,3,67,8,1,11,0,40,48,53,38,2,0
2021-09-11,Serie A,3657014,Empoli,Venezia,0.5602755453501722,0.3421354764638347,0.09758897818599312,1,2,2,68,22,6,2,1,84,12,8,8,8,0,12,10,532,216,233,47,19,40,3,69,9,1,9,1,61,59,35,62,2,0,32,10,3,4,3,72,21,2,6,1,0,9,1,256,123,62,41,33,18,1,74,7,8,35,5,55,41,65,38,5,0
2021-09-11,Serie A,3657016,Napoli,Juventus,0.4568111300170153,0.3128315483935542,0.23035732158943048,2,1,0,67,25,6,2,0,91,14,13,9,10,0,15,10,627,183,389,73,25,16,1,50,3,0,7,3,52,51,57,58,2,0,33,8,4,3,2,81,16,1,4,0,0,6,2,312,132,122,55,17,13,3,73,4,10,26,5,48,49,43,61,1,0
2021-09-11,Serie A,3657011,Atalanta,Fiorentina,0.6219145093317279,0.28085490668272123,0.09723058398555087,1,2,2,55,13,5,5,4,86,13,10,7,1,0,13,0,492,215,207,62,38,22,2,55,8,2,8,0,51,48,63,37,4,0,45,7,2,2,0,83,19,3,2,3,0,6,1,425,213,141,60,0,15,1,61,6,1,28,4,48,52,38,56,4,0
2021-09-12,Serie A,3657018,Sampdoria,Inter,0.1736638380229269,0.4071758225398243,0.4191603394372488,2,2,1,52,14,3,2,1,83,12,4,6,5,0,10,4,398,170,160,47,22,19,2,33,11,1,14,1,40,53,46,56,4,0,48,8,3,1,0,78,13,4,4,1,0,5,3,386,190,110,55,25,16,1,78,10,6,19,0,39,47,54,38,4,0
2021-09-12,Serie A,3657013,Cagliari,Genoa,0.4570075477282818,0.4075773272162202,0.135415125055498,2,3,2,52,9,3,2,1,82,15,2,4,2,0,6,3,490,250,150,42,33,22,1,55,4,4,17,0,49,51,55,43,2,0,48,11,3,3,1,84,15,6,4,4,0,5,6,439,177,192,57,25,15,2,47,6,2,11,1,45,49,45,40,3,0
2021-09-12,Serie A,3657019,Spezia,Udinese,0.30005977286312013,0.4444112372982666,0.2555289898386133,0,1,2,56,19,6,0,0,85,12,4,7,6,0,7,12,461,190,204,63,24,22,1,54,3,1,21,3,62,60,67,68,1,0,44,9,4,0,0,84,14,5,4,1,0,5,4,369,180,130,46,17,19,2,79,10,7,13,5,39,40,33,39,2,0
2021-09-12,Serie A,3657020,Torino,Salernitana,0.5528488293409122,0.3424008661523887,0.10475030450669914,4,0,0,60,15,7,5,1,83,10,7,5,3,0,12,3,493,196,214,51,41,23,1,70,14,3,17,2,43,55,51,56,0,0,40,8,2,0,0,73,11,4,3,3,1,4,4,328,125,114,27,30,21,1,78,10,3,17,3,38,45,49,13,2,0
2021-09-12,Serie A,3657015,Milan,Lazio,0.6060310166570936,0.27547386559448594,0.11849511774842045,2,0,0,47,19,3,4,2,86,10,5,9,7,1,10,9,459,225,169,58,17,13,4,67,17,2,12,5,59,58,35,72,1,0,53,8,5,0,0,86,18,1,1,2,0,4,4,541,268,197,52,11,13,2,43,10,7,15,1,52,42,65,47,4,0
2021-09-12,Serie A,3657017,Roma,Sassuolo,0.6860340436938748,0.2444712505026136,0.0694947058035116,2,1,0,49,17,6,3,2,87,7,4,9,2,1,13,4,445,257,129,53,33,20,1,75,3,1,19,6,32,56,63,62,2,0,51,14,7,4,3,88,11,6,6,1,1,9,5,458,274,129,67,18,21,6,78,12,1,11,5,24,44,38,54,1,0
2021-09-13,Serie A,3657012,Bologna,Hellas Verona,0.5782371971908783,0.31823561903258896,0.10352718377653279,1,0,0,42,15,3,1,1,74,14,6,8,4,1,8,7,318,105,130,39,30,23,0,45,15,2,13,0,64,54,49,58,1,0,58,5,0,0,0,81,21,2,3,2,0,3,2,454,176,192,42,14,14,2,47,10,4,17,2,59,46,51,62,3,0
2021-09-17,Serie A,3657028,Sassuolo,Torino,0.5298099453267379,0.34496224941421505,0.12522780525904711,0,1,2,53,10,2,1,1,78,7,6,4,4,1,5,5,453,224,131,55,27,24,1,63,10,3,12,3,52,60,56,67,0,0,47,18,6,5,5,81,19,3,11,1,2,12,6,402,144,182,39,20,20,4,83,11,4,9,2,37,40,44,67,4,0
2021-09-18,Serie A,3657022,Genoa,Fiorentina,0.28480300187617263,0.43302063789868667,0.2821763602251407,1,2,2,35,9,3,2,1,79,13,1,3,3,0,4,5,322,190,64,44,50,17,3,64,12,5,31,3,49,51,48,56,4,0,65,16,5,1,1,88,16,11,6,5,0,9,7,584,274,242,71,19,18,1,65,4,3,7,2,48,49,52,46,4,0
2021-09-18,Serie A,3657024,Inter,Bologna,0.6644807955610003,0.2602868055055127,0.07523239893348707,6,1,0,45,19,11,7,2,91,10,5,5,3,1,14,5,430,175,217,67,17,15,2,67,10,0,18,1,40,51,50,58,0,0,55,7,2,4,3,88,10,1,5,0,0,5,2,524,224,239,63,29,13,0,50,5,3,12,5,39,49,50,67,3,0
2021-09-18,Serie A,3657027,Salernitana,Atalanta,0.19902719872940242,0.4153265832837006,0.38564621798689697,0,1,2,42,10,1,1,1,76,21,6,7,2,2,4,6,371,102,179,41,29,22,2,92,8,4,14,2,49,50,51,55,4,0,58,10,3,2,1,85,13,4,3,4,0,7,3,531,215,234,47,7,23,1,58,13,2,21,1,48,50,49,22,4,0
2021-09-19,Serie A,3657021,Empoli,Sampdoria,0.34860644973004523,0.4179191594921932,0.23347439077776155,0,3,2,54,15,4,1,1,78,10,8,5,6,0,8,7,398,155,157,49,15,24,7,60,9,2,11,4,33,40,42,31,2,0,46,14,7,1,0,74,10,8,5,2,1,10,4,360,114,153,53,20,17,4,44,11,6,28,4,49,60,58,58,2,0
2021-09-19,Serie A,3657030,Venezia,Spezia,0.4201982228298018,0.41746411483253587,0.16233766233766234,1,2,2,44,14,3,0,0,78,13,3,6,5,0,7,7,365,189,96,44,9,26,0,65,11,3,20,1,57,45,61,50,4,0,56,12,3,0,0,77,10,10,6,3,0,4,8,462,180,176,36,26,26,0,44,10,5,26,2,56,55,39,67,1,0
2021-09-19,Serie A,3657023,Hellas Verona,Roma,0.1695621959694232,0.4305767894371091,0.3998610145934677,3,2,0,52,10,6,2,1,78,14,3,3,1,0,4,6,440,188,154,25,0,17,3,43,10,7,23,1,48,39,47,58,4,0,48,15,2,0,0,70,13,8,5,8,1,7,8,385,142,127,41,26,13,2,79,9,1,11,4,66,61,53,77,2,0
2021-09-19,Serie A,3657026,Lazio,Cagliari,0.6135084427767354,0.30309568480300186,0.08339587242026267,2,2,1,73,28,10,1,1,88,3,10,8,10,0,18,10,686,239,367,64,24,27,1,64,7,3,2,1,51,56,55,81,1,0,27,10,3,5,3,65,11,1,4,3,1,6,4,256,82,85,37,50,17,4,50,19,8,34,8,41,44,45,63,1,1
2021-09-19,Serie A,3657025,Juventus,Milan,0.40037184025170724,0.3245378812256427,0.27509027852265006,1,1,1,44,9,4,2,1,83,13,4,5,0,0,7,2,392,178,149,75,56,12,3,43,7,3,12,2,50,58,31,57,1,0,56,13,3,2,1,90,16,4,6,4,0,5,8,486,183,253,70,26,15,0,71,9,0,10,3,44,42,69,36,1,0
2021-09-20,Serie A,3657029,Udinese,Napoli,0.21607554863980255,0.42839512797124,0.35552932338895743,0,4,2,38,9,1,0,0,88,10,2,5,3,0,1,8,384,182,156,53,9,10,3,67,8,2,14,4,31,39,53,64,2,0,62,18,8,5,3,91,11,5,7,3,1,13,5,642,339,248,69,42,18,3,63,6,3,12,1,42,61,47,88,1,0
2021-09-21,Serie A,3657035,Bologna,Genoa,0.49233432245301684,0.3695186284207056,0.13814704912627762,2,2,1,60,17,6,3,2,83,14,7,5,6,1,15,2,535,211,234,53,27,22,0,57,5,1,13,4,61,57,73,59,3,0,40,11,6,3,1,76,15,2,4,1,0,7,4,350,157,110,31,27,18,2,57,7,7,16,3,39,43,27,33,4,0
2021-09-21,Serie A,3657034,Atalanta,Sassuolo,0.6115416323165704,0.3042868920032976,0.0841714756801319,2,1,0,48,14,5,4,3,82,16,5,8,1,0,8,6,451,190,179,54,39,16,2,48,9,3,17,0,55,47,52,40,2,0,52,8,1,2,2,80,16,5,4,3,0,6,2,498,232,168,58,11,18,0,71,8,1,9,3,59,53,48,48,2,0
2021-09-21,Serie A,3657037,Fiorentina,Inter,0.21119684191638255,0.41258448471798553,0.3762186733656319,1,3,2,53,14,6,2,1,87,11,4,5,3,0,5,9,497,242,192,53,20,14,1,67,13,5,10,2,29,51,33,33,0,1,47,17,5,5,2,85,15,8,7,5,0,13,4,429,232,134,60,44,17,1,67,5,3,14,5,33,49,67,50,3,0
2021-09-22,Serie A,3657040,Salernitana,Hellas Verona,0.26516748653080346,0.43476223940032793,0.3000702740688686,2,2,1,50,15,4,4,2,78,13,4,7,4,0,12,3,369,99,188,52,24,26,0,61,15,2,17,3,67,51,65,55,2,0,50,10,5,2,0,76,17,5,3,2,2,7,3,384,112,181,38,13,22,1,56,9,4,28,2,56,49,35,44,3,0
2021-09-22,Serie A,3657042,Spezia,Juventus,0.22880536760106898,0.3806220503781202,0.3905725820208108,2,3,2,40,10,5,2,2,79,14,5,3,2,0,7,3,346,154,118,45,45,17,0,53,4,8,26,6,46,44,30,53,2,0,60,26,9,3,2,85,10,15,8,9,0,16,10,514,213,226,74,38,22,0,78,6,3,9,2,69,56,70,58,1,0
2021-09-22,Serie A,3657038,Milan,Venezia,0.7204629366657199,0.21307867083214996,0.06645839250213008,2,0,0,67,14,4,3,1,88,12,4,7,3,0,8,6,637,272,287,66,44,14,1,64,9,0,7,2,64,63,41,60,0,0,33,8,2,1,1,75,13,4,6,0,0,4,4,314,162,75,49,22,19,1,59,17,3,19,2,47,37,59,21,2,0
2021-09-22,Serie A,3657036,Cagliari,Empoli,0.49945070035704475,0.3680307607800055,0.13251853886294973,0,2,2,50,15,1,0,0,78,15,7,7,7,1,9,6,434,200,139,49,25,29,1,70,9,5,16,3,50,52,57,53,2,0,50,17,5,1,1,81,13,4,7,5,1,7,10,438,164,189,36,16,26,4,58,9,7,24,1,44,48,43,44,1,0
2021-09-23,Serie A,3657041,Sampdoria,Napoli,0.19871297015422168,0.41545545323421723,0.3858315766115611,0,4,2,48,13,5,0,0,85,10,5,3,5,0,5,8,456,170,217,54,8,18,2,62,9,4,9,5,33,50,45,60,2,0,52,17,9,4,2,89,7,5,4,4,0,8,9,514,237,218,70,20,11,1,57,11,5,22,5,34,50,55,43,1,0
2021-09-23,Serie A,3657043,Torino,Lazio,0.25207366793195557,0.4192323913960354,0.328693940672009,1,1,1,46,16,5,2,2,75,19,6,6,5,0,10,6,370,120,159,36,41,12,3,57,15,0,18,1,51,37,48,29,3,0,54,6,2,1,0,78,9,5,4,0,1,2,4,453,232,121,48,0,22,3,55,10,5,17,4,73,63,52,64,3,0
2021-09-23,Serie A,3657039,Roma,Udinese,0.6758977480219112,0.25045648204503956,0.0736457699330493,1,0,0,52,12,2,2,1,86,22,6,6,4,2,6,6,505,200,235,61,17,19,1,37,9,1,17,2,47,41,60,53,2,1,48,8,3,1,1,84,8,6,5,0,0,6,2,469,238,154,49,19,18,2,44,13,4,21,1,58,59,40,59,1,0
2021-09-25,Serie A,3657060,Spezia,Milan,0.15917155478311246,0.39112173220363533,0.4497067130132522,1,2,2,37,8,2,1,1,76,12,2,3,3,0,5,3,285,124,92,44,31,23,3,67,9,2,25,3,41,41,52,35,2,0,63,18,5,2,0,84,12,4,11,2,1,12,6,505,225,197,48,47,26,3,55,4,3,11,1,54,59,48,63,2,0
2021-09-25,Serie A,3657056,Inter,Atalanta,0.615492871565808,0.28116012971914583,0.1033469987150462,2,2,1,49,19,6,7,5,78,13,4,9,4,1,16,3,403,178,137,55,47,10,0,25,6,6,10,3,41,50,44,33,3,0,51,22,5,1,0,79,11,11,11,6,1,14,8,416,141,189,40,41,12,1,50,18,4,21,4,46,50,56,50,5,0
2021-09-25,Serie A,3657055,Genoa,Hellas Verona,0.421976401179941,0.3986725663716814,0.17935103244837758,3,3,1,49,10,3,2,0,78,13,3,6,1,0,4,6,405,164,150,30,14,31,0,60,14,1,17,4,42,48,37,50,3,0,51,13,7,3,1,75,13,2,5,1,0,8,5,437,175,153,41,38,23,0,75,12,1,23,0,52,52,63,90,1,0
2021-09-26,Serie A,3657057,Juventus,Sampdoria,0.6324574108559211,0.2564314780329678,0.1111111111111111,3,2,0,50,16,6,4,2,80,22,4,6,4,0,9,7,463,192,178,52,36,18,0,83,12,0,11,1,41,42,41,55,4,0,50,5,3,1,0,81,16,2,2,0,0,3,2,453,166,200,35,15,18,3,53,12,4,13,3,58,58,59,60,3,0
2021-09-26,Serie A,3657054,Empoli,Bologna,0.790257104194858,0.20568335588633288,0.0040595399188092015,4,2,0,37,15,7,1,0,76,15,2,5,3,1,11,4,273,62,145,43,44,12,3,36,11,6,24,3,47,58,22,64,2,0,63,20,5,4,3,83,22,10,9,6,3,12,8,456,161,216,65,46,20,1,60,6,3,11,4,45,42,78,64,2,0
2021-09-26,Serie A,3657059,Sassuolo,Salernitana,0.5416138036031464,0.3566353717330627,0.10175082466379091,1,0,0,58,17,6,1,0,84,16,4,6,5,0,6,11,463,206,183,61,25,11,0,57,17,5,20,4,48,46,39,76,3,0,42,12,5,2,2,78,16,8,3,4,0,8,4,327,99,156,65,33,16,6,58,11,4,15,5,61,54,61,75,3,0
2021-09-26,Serie A,3657061,Udinese,Fiorentina,0.7532281205164992,0.2309899569583931,0.015781922525107604,0,1,2,45,12,5,0,0,86,14,4,4,3,0,6,6,472,223,181,50,13,29,0,48,4,1,10,1,60,58,39,64,2,0,55,8,2,1,0,86,11,1,5,1,0,4,4,573,298,197,62,17,10,0,58,5,3,18,5,51,42,61,29,3,0
2021-09-26,Serie A,3657058,Lazio,Roma,0.8346315158777711,0.15578190533253444,0.009586578789694428,3,2,0,49,10,4,5,3,87,12,1,6,0,0,8,2,435,253,125,49,33,19,2,58,4,5,27,6,57,47,52,55,2,0,51,20,8,2,1,85,13,9,6,6,1,17,3,441,203,173,55,40,18,1,65,11,0,5,1,62,53,48,69,4,0
2021-09-26,Serie A,3657063,Napoli,Cagliari,0.6709777547853079,0.25090532850491465,0.07811691670977755,2,0,0,68,17,7,2,0,93,12,6,8,2,0,7,10,740,309,379,74,7,11,1,67,7,2,14,1,41,53,46,58,2,0,32,6,1,0,0,80,10,4,2,3,0,3,3,333,181,85,50,29,19,2,31,14,2,16,5,40,47,54,45,1,0
2021-09-27,Serie A,3657062,Venezia,Torino,0.25658195099680414,0.38350327195251865,0.3599147770506772,1,1,1,44,7,1,2,1,74,9,4,5,1,0,5,2,360,136,132,43,25,18,2,58,5,3,16,2,61,55,37,73,1,0,56,8,3,2,1,82,18,1,2,3,0,4,4,474,207,181,46,12,27,1,57,19,1,20,0,61,45,63,69,2,1
2021-10-01,Serie A,3657046,Cagliari,Venezia,0.5129718004338395,0.35522776572668113,0.1318004338394794,1,1,1,42,9,3,1,0,80,15,2,4,2,1,2,7,370,165,132,52,7,19,2,50,9,2,14,3,53,57,46,83,2,0,58,11,4,1,1,84,19,4,5,2,0,8,3,498,275,141,67,14,30,2,38,9,2,12,2,48,43,54,40,5,0
2021-10-02,Serie A,3657050,Salernitana,Genoa,0.26821146107950605,0.4008602747328986,0.3309282641875954,1,0,0,49,10,4,1,0,78,15,9,5,1,1,7,3,368,116,172,68,22,20,0,67,8,5,27,3,58,46,59,33,2,0,51,18,3,1,1,80,17,8,10,5,0,12,6,383,162,145,42,26,16,0,42,11,1,26,3,59,54,41,63,2,0
2021-10-02,Serie A,3657053,Torino,Juventus,0.21209916615367397,0.2895517376462029,0.49834909620012313,0,1,2,47,13,2,1,1,77,20,4,8,3,0,8,5,399,128,180,26,21,20,1,70,15,2,14,2,57,55,37,80,3,0,53,10,3,3,3,79,14,6,5,2,1,5,5,450,194,162,57,36,14,0,38,7,3,19,2,61,45,63,47,1,0
2021-10-02,Serie A,3657052,Sassuolo,Inter,0.18285010940919036,0.2962253829321663,0.5209245076586433,1,2,2,56,12,8,2,1,84,10,6,3,1,0,8,4,492,245,167,43,19,15,0,40,9,6,17,1,48,51,37,59,4,0,44,18,3,2,0,82,19,8,8,7,0,14,4,386,182,133,68,32,24,3,43,9,1,23,7,54,49,63,67,2,0
2021-10-03,Serie A,3657045,Bologna,Lazio,0.21099341540223304,0.3462162420078252,0.44279034258994177,3,0,0,41,10,3,1,0,82,5,3,6,1,0,5,5,417,235,108,61,25,18,1,57,15,2,22,4,63,64,52,62,2,0,59,8,4,2,2,88,16,3,2,2,0,4,4,618,185,361,62,11,18,0,79,10,1,7,0,41,36,48,41,5,1
2021-10-03,Serie A,3657048,Hellas Verona,Spezia,0.47029553679131486,0.40334740651387213,0.12635705669481304,4,0,0,45,6,4,1,0,79,15,1,0,2,0,2,4,404,134,184,33,33,16,2,43,8,1,18,4,59,49,48,71,1,0,55,12,4,4,4,86,11,5,7,1,1,8,4,480,206,205,53,24,17,1,63,12,2,7,0,61,51,52,45,1,1
2021-10-03,Serie A,3657051,Sampdoria,Udinese,0.4382428163081089,0.4186851211072664,0.14307206258462465,3,3,1,54,12,3,2,1,83,12,6,7,2,1,8,4,416,189,155,65,32,17,0,55,18,5,14,4,56,50,44,59,4,0,46,18,7,4,1,78,15,8,6,5,2,12,6,344,146,123,32,35,19,0,35,9,2,27,1,59,50,56,54,5,0
2021-10-03,Serie A,3657049,Roma,Empoli,0.6163393558523174,0.2951296150824823,0.08853102906520031,2,0,0,64,18,7,2,1,91,11,5,6,5,1,14,4,617,266,296,68,41,10,3,82,7,3,16,3,41,49,44,43,2,0,36,11,3,0,0,83,15,5,5,3,0,6,5,330,144,129,64,32,17,4,71,8,6,16,4,44,51,56,67,3,0
2021-10-03,Serie A,3657047,Fiorentina,Napoli,0.21924756939551923,0.3380301535860223,0.4427222770184585,1,2,2,54,10,3,0,0,85,16,8,2,5,0,6,4,455,222,163,64,23,17,1,53,4,1,5,4,47,47,50,44,3,0,46,12,6,3,1,81,13,2,5,1,0,8,4,404,216,111,48,33,18,0,69,6,5,20,2,51,53,50,58,3,0
2021-10-03,Serie A,3657044,Atalanta,Milan,0.2964620003532113,0.30011185023841763,0.4034261494083711,2,3,2,56,17,6,4,2,83,13,9,3,8,0,11,6,459,183,196,64,25,24,2,68,8,4,9,4,58,52,56,68,1,0,44,13,7,5,3,75,15,5,2,4,0,8,5,366,140,135,37,20,25,0,50,9,7,20,3,53,48,44,57,4,0
2021-10-16,Serie A,3657071,Spezia,Salernitana,0.46867843190084874,0.3902734743365216,0.14104809376262967,2,1,0,58,18,5,2,2,78,13,10,7,6,1,12,6,443,166,179,58,19,21,5,77,7,8,21,3,53,47,48,38,2,0,42,15,4,2,1,69,15,2,2,9,0,9,6,327,119,107,44,17,14,2,64,8,6,28,3,59,53,52,71,3,0
2021-10-16,Serie A,3657068,Lazio,Inter,0.24489921716082105,0.31103988164950996,0.444060901189669,3,1,0,52,19,8,3,0,92,13,7,6,5,0,13,6,565,272,248,76,33,8,0,64,12,4,23,3,43,46,59,69,3,1,48,12,4,1,0,87,12,3,4,4,0,8,4,503,259,178,64,28,17,0,69,9,4,13,5,45,54,41,81,6,0
2021-10-16,Serie A,3657069,Milan,Hellas Verona,0.698556183301946,0.21958568738229756,0.08185812931575644,3,2,0,55,17,4,1,0,78,11,5,6,7,0,9,8,413,164,159,43,36,13,0,52,9,1,11,3,74,61,49,63,1,0,45,10,5,2,0,70,20,4,4,1,0,8,2,347,99,144,35,30,21,1,47,8,7,24,2,54,39,51,50,4,0
2021-10-17,Serie A,3657064,Cagliari,Sampdoria,0.34119073275862066,0.3984375,0.26037176724137934,3,1,0,41,12,5,2,0,70,14,5,5,2,0,7,5,302,98,112,42,11,22,2,54,4,5,32,2,47,59,30,42,4,0,59,17,3,3,2,79,18,9,9,5,1,10,7,433,178,166,68,28,30,3,50,6,2,22,2,52,41,70,40,2,0
2021-10-17,Serie A,3657065,Empoli,Atalanta,0.2118973193141991,0.3601401913422374,0.4279624893435635,1,4,2,48,12,6,0,0,79,10,5,0,6,0,7,5,415,188,141,47,10,21,6,47,14,8,18,4,46,53,42,44,3,0,52,22,7,5,3,81,16,4,7,8,0,15,7,465,201,174,59,30,14,2,31,15,8,16,3,45,47,58,47,2,0
2021-10-17,Serie A,3657066,Genoa,Sassuolo,0.28496115427303,0.4199500554938957,0.2950887902330744,2,2,1,42,19,4,1,0,77,11,6,9,6,0,16,3,328,137,117,49,22,22,7,73,11,2,7,3,56,55,39,71,3,0,58,15,5,6,4,86,18,1,8,2,1,10,5,478,254,155,76,10,16,3,35,4,6,23,2,55,45,61,47,4,0
2021-10-17,Serie A,3657072,Udinese,Bologna,0.401341914281802,0.4198274681637683,0.1788306175544297,1,1,1,40,10,2,2,1,80,15,2,5,3,1,7,3,339,127,143,38,33,18,1,33,7,5,14,10,37,44,42,67,1,1,60,24,11,1,1,88,11,8,8,5,0,10,14,495,218,218,68,25,12,0,53,8,3,11,1,48,56,58,64,7,0
2021-10-17,Serie A,3657070,Napoli,Torino,0.6253371045188449,0.278958100374926,0.09570479510622903,1,0,0,51,10,3,2,1,78,6,3,6,1,1,6,4,382,142,155,61,9,30,2,64,13,3,14,3,47,49,39,35,2,0,49,11,3,2,2,74,20,4,5,3,0,6,5,361,133,134,47,31,27,3,70,9,1,17,2,56,51,61,65,4,0
2021-10-17,Serie A,3657067,Juventus,Roma,0.500669055121509,0.2453921526308974,0.2539387922475936,1,0,0,48,6,2,2,2,85,18,0,4,0,0,5,1,487,237,177,48,33,8,3,65,7,5,22,4,46,49,50,33,3,0,52,15,4,1,1,88,13,6,5,6,0,8,7,514,228,222,62,26,20,3,70,4,0,6,1,47,51,50,53,5,0
2021-10-18,Serie A,3657073,Venezia,Fiorentina,0.21468771448181195,0.3170212765957447,0.46829100892244335,1,0,0,38,4,2,1,0,75,17,2,0,2,0,4,0,371,194,83,44,17,18,6,60,9,2,13,2,40,42,43,35,2,0,62,10,2,0,0,87,11,5,5,3,0,4,6,580,285,222,70,25,18,2,44,9,2,5,1,54,58,57,53,3,1
2021-10-22,Serie A,3657083,Torino,Genoa,0.5376702405099971,0.3434511735728774,0.11887858591712547,3,2,0,59,17,6,3,0,76,20,2,7,4,0,11,6,458,146,201,49,46,18,2,62,11,3,17,2,76,49,66,63,2,0,41,14,4,5,3,64,19,4,7,3,0,8,6,307,95,103,37,25,26,0,36,7,4,15,3,59,51,34,58,3,0
2021-10-22,Serie A,3657081,Sampdoria,Spezia,0.527048278031137,0.3421135398647586,0.13083818210410442,2,1,0,29,7,2,2,2,65,9,0,3,2,1,6,1,268,93,80,34,33,22,3,67,20,5,28,6,43,47,66,33,3,0,71,17,7,1,1,85,9,8,5,5,0,10,7,641,230,314,31,20,21,0,67,7,2,4,1,36,53,34,44,1,0
2021-10-23,Serie A,3657080,Salernitana,Empoli,0.294776545890959,0.38164361641330435,0.32357983769573667,2,4,2,60,12,6,2,1,83,12,7,5,1,1,9,3,469,185,205,51,19,27,2,69,5,1,14,2,58,51,57,41,1,0,40,10,5,5,2,78,16,2,4,1,0,7,3,311,104,138,47,17,16,2,67,16,2,30,4,52,49,43,33,3,0
2021-10-23,Serie A,3657082,Sassuolo,Venezia,0.5293732460243218,0.35247895229186155,0.11814780168381665,3,1,0,63,14,7,3,2,91,11,5,2,5,0,13,1,616,305,254,77,16,15,1,50,14,4,10,1,41,49,46,62,1,0,37,8,3,1,1,81,15,4,1,4,0,5,3,346,203,78,59,33,14,5,75,5,5,13,5,44,51,54,77,2,0
2021-10-23,Serie A,3657075,Bologna,Milan,0.1658727638403726,0.2626230549380756,0.5715041812215518,2,4,2,37,9,4,1,0,79,7,4,3,2,0,6,3,349,137,138,49,36,17,0,32,3,5,19,3,49,58,50,46,1,2,63,15,7,0,0,89,15,1,3,5,0,7,8,596,216,315,67,25,19,2,67,9,1,7,3,38,42,50,40,3,0
2021-10-24,Serie A,3657074,Atalanta,Udinese,0.613878732480195,0.29387568555758686,0.09224558196221816,1,1,1,68,8,3,1,1,85,15,6,1,4,0,4,4,642,282,265,56,12,22,1,47,9,1,10,3,47,50,52,44,2,0,32,9,3,2,1,72,15,3,5,1,1,7,2,304,121,99,33,38,10,0,63,14,3,18,2,46,50,48,50,2,0
2021-10-24,Serie A,3657076,Fiorentina,Cagliari,0.5192307692307693,0.36486204013377926,0.1159071906354515,3,0,0,65,21,5,5,3,89,11,4,11,5,1,12,9,616,355,193,60,47,18,1,50,4,0,7,1,48,47,57,36,0,0,35,3,1,0,0,75,15,1,2,0,0,2,1,336,149,103,45,25,13,4,63,11,4,16,2,46,53,43,55,2,0
2021-10-24,Serie A,3657077,Hellas Verona,Lazio,0.21239588437040666,0.3480320104523926,0.43957210517720074,4,1,0,48,16,7,6,3,81,12,3,8,1,0,14,2,486,234,160,39,50,13,8,62,11,2,20,3,46,51,34,71,2,0,52,9,4,3,2,80,15,4,3,2,1,6,3,509,224,181,44,11,18,0,57,11,1,5,3,54,49,66,69,2,0
2021-10-24,Serie A,3657079,Roma,Napoli,0.2939879947477021,0.287281935846933,0.41873006940536484,0,0,1,38,13,1,3,3,80,14,7,6,6,0,8,5,312,163,88,49,17,14,0,71,16,4,16,2,61,49,61,61,4,0,62,11,3,1,1,87,10,4,4,4,1,6,5,536,265,202,70,29,16,6,35,8,6,12,1,56,51,39,58,1,0
2021-10-24,Serie A,3657078,Inter,Juventus,0.4381594826252437,0.21948200637435406,0.34235851100040227,1,1,1,49,10,2,2,1,81,14,5,5,3,1,7,3,463,229,147,60,35,23,1,65,9,5,12,3,56,51,60,40,2,0,51,16,4,1,0,85,15,2,7,5,0,8,8,497,220,202,37,36,16,3,31,8,3,24,1,47,49,40,44,2,0
2021-10-26,Serie A,3657091,Spezia,Genoa,0.3744715668894041,0.38544933860630026,0.24007909450429565,1,1,1,47,13,3,4,4,73,12,3,7,3,2,8,5,405,150,144,44,24,28,2,74,16,4,16,1,70,47,54,42,2,0,53,9,2,1,0,74,16,3,3,4,0,6,3,460,186,154,41,21,21,2,58,10,3,17,3,71,53,46,53,4,0
2021-10-26,Serie A,3657093,Venezia,Salernitana,0.48182460548009737,0.36515663028970713,0.1530187642301955,1,2,2,46,8,4,0,0,82,17,4,3,1,0,4,4,393,202,120,57,17,15,0,55,10,5,28,5,43,56,40,75,3,1,54,21,7,1,0,82,13,5,7,7,0,12,9,478,211,183,61,30,25,0,75,4,1,16,3,40,44,60,67,3,0
2021-10-26,Serie A,3657088,Milan,Torino,0.6731034482758621,0.2424367816091954,0.08445977011494253,1,0,0,44,10,2,1,0,77,14,2,6,2,0,4,6,381,148,146,52,31,22,0,69,15,7,14,2,72,53,47,67,3,0,56,12,2,1,1,80,21,5,3,7,0,9,3,471,123,255,50,35,12,1,50,15,2,5,1,70,47,53,60,3,0
2021-10-27,Serie A,3657086,Juventus,Sassuolo,0.6533826348945494,0.24906418332876837,0.0975531817766822,1,2,2,56,14,3,1,0,88,21,4,8,3,1,10,4,505,222,221,76,25,16,8,54,4,2,10,2,53,49,60,58,1,0,44,8,4,2,0,84,15,4,2,2,0,4,4,397,180,152,55,8,8,0,55,7,4,19,1,50,51,40,76,5,0
2021-10-27,Serie A,3657092,Udinese,Hellas Verona,0.3293654513075265,0.40069359827537726,0.26994095041709626,1,1,1,33,16,5,0,0,66,13,7,5,6,0,10,6,262,92,81,43,33,23,1,63,11,2,10,1,63,63,56,69,1,0,67,5,2,1,0,84,12,4,1,2,0,3,2,550,279,184,51,33,18,1,80,10,6,15,4,41,37,44,27,2,0
2021-10-27,Serie A,3657090,Sampdoria,Atalanta,0.207521587097695,0.35145935916648824,0.44101905373581674,1,3,2,40,8,3,2,1,70,15,3,4,1,0,4,4,390,176,96,48,0,12,6,42,24,2,8,2,66,60,49,57,4,0,60,13,4,4,3,80,19,3,7,2,0,10,3,572,185,274,53,38,13,1,38,11,1,15,2,52,40,51,50,3,0
2021-10-27,Serie A,3657084,Cagliari,Roma,0.16660245048932726,0.3074670571010249,0.5259304924096478,1,2,2,41,7,5,3,2,76,16,2,2,0,1,5,2,315,134,104,42,32,20,1,70,9,5,22,1,46,47,43,50,3,0,59,22,3,5,5,85,16,10,13,6,1,16,6,439,163,211,56,37,14,0,50,11,0,12,4,55,53,57,54,4,0
2021-10-27,Serie A,3657085,Empoli,Inter,0.16017316017316016,0.28117581343387793,0.5586510263929618,0,2,2,31,9,3,1,1,77,20,5,5,1,0,5,4,276,136,76,48,24,14,0,36,6,5,19,7,40,42,41,58,1,1,69,21,9,5,3,89,15,6,7,5,1,16,5,651,294,286,71,52,15,3,56,9,2,17,2,55,58,59,58,3,0
2021-10-27,Serie A,3657087,Lazio,Fiorentina,0.509688013136289,0.3366174055829228,0.15369458128078817,1,0,0,49,5,2,1,1,89,16,3,3,0,0,4,1,517,309,149,63,13,17,5,58,7,4,17,1,39,48,47,67,3,0,51,9,1,0,0,85,11,6,4,4,0,8,1,530,257,195,69,36,19,1,100,6,0,13,1,43,52,53,79,3,0
2021-10-28,Serie A,3657089,Napoli,Bologna,0.629549326312529,0.2631252903825306,0.10732538330494037,3,0,0,65,18,6,3,1,93,20,4,9,3,1,12,6,690,182,459,82,36,17,1,89,6,2,8,1,26,30,63,50,1,0,35,8,1,0,0,84,5,2,5,2,0,4,4,360,169,132,60,0,11,1,83,6,3,12,3,43,70,38,73,1,0
2021-10-30,Serie A,3657095,Atalanta,Lazio,0.4773711725168036,0.3480955937266617,0.17453323375653473,2,2,1,57,17,3,0,0,84,13,6,8,6,0,11,6,577,261,222,53,30,26,3,60,6,2,7,3,67,57,73,62,1,0,43,8,5,3,1,81,13,2,1,2,0,7,1,462,210,162,50,0,20,2,63,3,6,26,1,45,43,27,41,3,0
2021-10-30,Serie A,3657099,Hellas Verona,Juventus,0.7630090497737556,0.19570135746606335,0.041289592760180995,2,1,0,46,12,5,3,2,78,22,4,4,3,0,8,4,465,144,221,35,0,11,3,75,16,1,18,3,44,43,44,54,4,0,54,15,4,2,2,80,8,1,10,1,1,9,6,543,225,211,53,33,29,0,55,9,3,10,3,57,57,56,38,3,0
2021-10-30,Serie A,3657104,Torino,Sampdoria,0.46498415819949745,0.3656724571178848,0.16934338468261773,3,0,0,64,16,6,4,3,83,19,4,7,3,1,11,5,579,236,245,40,10,19,4,67,11,2,12,1,39,44,33,38,2,0,36,5,1,0,0,67,8,5,2,2,0,4,1,318,111,102,42,50,18,3,50,16,4,12,2,61,56,67,43,4,1
2021-10-31,Serie A,3657100,Inter,Udinese,0.6198325653838666,0.28450905315075603,0.09565838146537738,2,0,0,67,15,6,3,3,89,9,6,6,3,0,9,6,632,284,278,71,26,13,3,70,5,1,16,5,50,47,65,37,0,0,33,9,5,0,0,79,11,4,3,1,0,4,5,308,134,110,37,7,15,2,79,10,4,22,3,43,53,35,33,2,0
2021-10-31,Serie A,3657098,Genoa,Venezia,0.4634348702145312,0.3988384496859073,0.13772668009956146,0,0,1,63,19,4,0,0,78,14,12,9,6,0,6,13,467,126,239,53,17,31,3,63,9,1,13,2,49,42,49,50,1,0,37,6,2,0,0,72,13,4,3,1,0,5,1,284,142,62,40,29,20,0,58,9,6,45,4,62,58,51,75,3,0
2021-10-31,Serie A,3657103,Sassuolo,Empoli,0.5008828722778105,0.36786344908769864,0.1312536786344909,1,2,2,58,15,5,1,1,87,16,4,6,4,0,8,7,507,232,210,72,33,18,0,80,13,2,18,3,48,43,81,59,4,0,42,14,6,1,0,82,12,6,6,2,0,8,6,361,173,124,42,11,18,4,60,11,4,23,5,49,57,19,77,2,0
2021-10-31,Serie A,3657097,Fiorentina,Spezia,0.5479664417289805,0.34844063468903885,0.10359292358198066,3,0,0,55,27,12,3,2,87,9,7,7,8,0,19,8,452,188,206,62,27,14,1,42,7,1,11,0,49,63,63,47,4,0,45,3,0,0,0,82,20,4,2,1,0,1,2,384,235,81,42,0,8,4,60,10,8,21,9,29,37,38,40,3,0
2021-10-31,Serie A,3657102,Salernitana,Napoli,0.16676534438523782,0.2959015854220117,0.5373330701927505,0,1,2,37,9,3,1,1,78,11,4,4,2,0,4,5,299,125,109,45,20,14,0,60,8,6,18,2,48,54,39,73,0,1,63,18,3,2,2,85,13,4,9,6,1,11,7,531,215,239,63,13,21,2,60,4,3,14,2,47,46,61,57,2,1
2021-10-31,Serie A,3657101,Roma,Milan,0.30005601275367316,0.26532810547632385,0.43461588177000304,1,2,2,50,24,6,1,1,87,19,5,12,6,0,13,11,377,128,199,67,20,15,2,53,4,1,13,1,43,43,48,56,4,0,50,8,3,2,1,85,13,2,4,1,0,4,4,400,209,132,58,11,10,5,81,6,5,22,5,55,57,52,67,5,1
2021-11-01,Serie A,3657096,Bologna,Cagliari,0.5372272574689493,0.3309164149043303,0.13185632762672037,2,0,0,57,8,3,3,1,88,11,5,4,1,1,4,4,597,270,258,59,15,13,1,50,5,1,11,2,34,47,54,57,3,0,43,9,2,0,0,86,9,2,4,3,0,2,7,449,205,180,59,13,9,5,63,7,0,20,1,35,53,46,75,2,1
2021-11-05,Serie A,3657106,Empoli,Genoa,0.46189410887397464,0.35488441461595827,0.18322147651006712,2,2,1,52,10,2,2,1,76,8,4,3,5,0,6,4,416,178,138,44,15,28,2,60,8,4,12,5,63,54,55,65,0,0,48,15,7,2,0,75,21,5,4,4,0,9,6,383,157,132,48,32,14,4,65,20,4,13,0,53,46,45,62,4,0
2021-11-06,Serie A,3657112,Spezia,Torino,0.2772817981304485,0.4020586072891503,0.3206595945804012,1,0,0,40,7,3,0,0,69,15,2,3,1,0,3,4,334,109,122,40,0,28,3,69,10,3,26,1,58,49,74,40,3,0,60,9,1,0,0,80,17,3,4,4,0,7,2,478,169,213,41,47,23,2,53,14,1,14,2,43,51,26,33,3,0
2021-11-06,Serie A,3657107,Juventus,Fiorentina,0.591153908927697,0.26097600783417657,0.14787008323812634,1,0,0,50,13,3,1,1,84,15,5,8,2,1,9,4,399,207,127,63,17,12,5,47,8,0,18,1,65,52,62,61,2,0,50,6,1,0,0,79,16,5,5,0,0,5,1,379,168,133,56,24,27,0,71,5,2,16,2,53,48,38,71,2,1
2021-11-06,Serie A,3657105,Cagliari,Atalanta,0.18402566993322347,0.31038071286098345,0.5055936172057931,1,2,2,37,7,1,0,0,75,11,2,4,2,0,4,3,352,157,107,56,29,25,3,42,15,6,22,6,53,56,44,60,1,0,63,21,8,3,2,85,9,7,7,6,0,18,3,597,199,307,42,44,27,0,50,14,2,11,0,49,44,56,48,1,0
2021-11-07,Serie A,3657114,Venezia,Roma,0.19043923638056806,0.30956076361943197,0.5,3,2,0,39,13,7,6,3,79,12,4,4,2,1,10,3,311,171,74,45,36,11,2,57,10,10,33,7,52,53,33,47,2,0,61,27,11,3,2,82,18,11,8,8,1,21,6,477,172,217,53,36,20,1,53,5,2,7,4,61,47,67,47,2,0
2021-11-07,Serie A,3657111,Sampdoria,Bologna,0.3696078431372549,0.4056372549019608,0.22475490196078432,1,2,2,46,10,4,1,0,72,14,6,4,2,1,7,3,384,124,153,51,9,23,2,46,15,4,18,4,52,50,71,38,4,0,54,14,7,4,3,79,12,5,4,3,0,10,4,482,212,171,37,22,14,2,63,10,2,32,3,38,50,29,50,1,0
2021-11-07,Serie A,3657113,Udinese,Sassuolo,0.34089419168742624,0.4219221187885145,0.23718368952405927,3,2,0,37,13,2,2,0,75,14,1,5,6,0,6,7,333,134,116,40,0,22,1,55,19,4,13,2,50,46,64,18,1,1,63,10,4,1,0,84,15,5,2,4,0,7,3,561,277,196,62,31,17,1,65,8,6,10,0,50,54,36,50,3,0
2021-11-07,Serie A,3657108,Lazio,Salernitana,0.7322222222222222,0.23333333333333334,0.034444444444444444,3,0,0,61,16,5,2,1,91,7,5,6,5,0,9,7,679,347,271,79,8,9,1,57,10,0,3,0,47,58,45,71,1,0,39,5,0,0,0,86,14,1,5,0,2,4,1,435,229,143,57,33,18,2,67,8,5,15,2,39,42,55,67,2,0
2021-11-07,Serie A,3657110,Napoli,Hellas Verona,0.5778310452531416,0.29236580228081643,0.129803152466042,1,1,1,58,16,1,0,0,83,16,3,8,7,2,8,8,500,197,218,49,23,28,1,47,14,6,7,2,54,49,50,32,2,0,42,11,3,1,0,78,19,2,2,6,0,7,4,358,134,146,47,14,15,2,64,6,6,17,0,56,51,50,53,3,2
2021-11-07,Serie A,3657109,Milan,Inter,0.4690995367755056,0.22769555229164312,0.3032049109328513,1,1,1,51,16,4,0,0,83,16,4,8,4,1,10,6,402,183,152,63,33,9,0,50,7,7,19,1,46,49,33,57,1,0,49,13,3,3,2,80,11,8,4,6,0,8,5,384,167,140,63,30,17,1,63,9,4,19,4,60,51,67,50,0,0
2021-11-20,Serie A,3657115,Atalanta,Spezia,0.592917123037605,0.3169952537422417,0.09008762322015335,5,2,0,51,18,9,3,0,84,10,0,5,4,0,12,6,512,223,206,64,50,11,2,47,13,2,9,3,44,54,68,54,2,0,49,10,5,2,1,80,11,6,3,2,1,5,5,481,206,181,40,33,21,1,42,4,3,3,4,32,46,32,40,3,0
2021-11-20,Serie A,3657121,Lazio,Juventus,0.3125140544187092,0.27816505509332135,0.40932089048796944,0,2,2,58,8,1,0,0,90,12,3,1,6,0,2,6,623,185,376,77,12,13,0,50,10,3,8,3,44,41,59,43,3,0,42,11,5,3,1,85,15,2,3,3,0,10,1,458,305,83,56,63,17,0,67,12,6,21,1,55,59,41,83,1,0
2021-11-20,Serie A,3657117,Fiorentina,Milan,0.1899684542586751,0.2500315457413249,0.56,4,3,0,45,9,5,2,0,82,6,5,3,1,0,8,1,404,208,124,54,33,13,3,41,7,4,18,5,38,42,47,36,1,0,55,17,7,2,1,87,10,6,6,4,1,13,4,501,252,186,54,25,16,7,57,11,1,10,1,50,58,53,58,1,0
2021-11-21,Serie A,3657123,Sassuolo,Cagliari,0.5207389749702026,0.366388557806913,0.11287246722288438,2,2,1,60,20,4,6,4,88,13,6,12,4,0,12,8,514,268,182,49,36,12,2,53,5,3,17,3,42,51,28,63,1,0,40,11,4,1,0,78,10,5,4,3,1,9,2,339,151,115,52,39,20,4,27,8,4,13,2,52,49,72,40,2,0
2021-11-21,Serie A,3657116,Bologna,Venezia,0.5008323160581512,0.3749861280656975,0.12418155587615137,0,1,2,67,22,6,0,0,88,6,17,9,7,0,10,12,643,239,327,66,18,23,1,62,7,0,5,5,51,60,43,74,0,0,33,8,6,2,1,80,9,0,2,0,0,5,3,328,163,99,58,17,12,1,42,16,6,45,6,42,40,57,80,3,0
2021-11-21,Serie A,3657122,Salernitana,Sampdoria,0.26700794826889396,0.4156001616597063,0.31739189007139973,0,2,2,54,18,2,0,0,78,10,13,9,7,0,13,5,420,142,184,48,29,19,0,57,9,3,9,5,49,60,46,50,0,0,46,13,6,2,1,75,19,3,4,3,0,9,4,367,139,138,49,19,14,1,67,14,6,35,3,42,40,54,67,3,0
2021-11-21,Serie A,3657120,Inter,Napoli,0.44426494345718903,0.29574235238938973,0.25999270415342124,3,2,0,45,17,7,2,1,84,15,4,5,5,0,11,6,361,182,120,60,21,19,2,44,8,2,17,1,57,53,59,63,4,0,55,9,3,2,2,86,16,1,4,2,0,5,4,462,178,219,62,29,23,0,58,7,4,22,4,47,47,41,56,3,0
2021-11-21,Serie A,3657118,Genoa,Roma,0.7643410852713178,0.19689922480620156,0.03875968992248062,0,2,2,41,1,1,0,0,84,13,2,0,0,0,1,0,388,195,129,55,21,11,2,67,13,6,17,2,35,47,18,57,3,0,59,19,4,3,2,88,13,7,8,7,0,13,6,557,278,211,69,42,15,0,58,7,0,10,1,53,53,82,50,2,0
2021-11-22,Serie A,3657119,Hellas Verona,Empoli,0.5130783242258652,0.3448451730418943,0.14207650273224043,2,1,0,57,22,5,0,0,78,7,1,10,7,0,14,8,458,122,234,57,17,27,3,42,7,1,22,3,55,68,58,65,1,0,43,9,4,2,1,69,13,3,3,2,1,5,4,352,130,112,31,14,26,2,56,10,7,26,3,31,32,42,17,3,0
2021-11-22,Serie A,3657124,Torino,Udinese,0.48414800545790193,0.36046231639778475,0.15538967814431334,2,1,0,52,14,4,2,1,77,19,4,5,5,1,10,4,443,190,149,41,57,16,4,71,16,7,15,6,72,50,47,68,1,0,48,18,7,1,1,76,17,7,4,7,0,11,7,417,150,165,40,36,22,1,50,5,5,17,1,75,50,53,68,3,0
2021-11-26,Serie A,3657125,Cagliari,Salernitana,0.5372850529100529,0.34581679894179895,0.11689814814814815,1,1,1,57,19,3,1,0,83,13,7,10,6,0,12,7,446,171,197,52,33,19,2,73,6,3,21,1,40,52,38,75,3,0,43,8,2,0,0,72,10,6,3,3,0,2,6,343,99,148,60,33,21,0,50,6,6,30,2,46,48,62,67,1,0
2021-11-27,Serie A,3657126,Empoli,Fiorentina,0.22855446720094982,0.37290986445038093,0.3985356683486692,2,1,0,51,17,5,2,0,79,15,8,4,8,0,10,7,430,232,106,43,24,21,0,64,16,2,14,6,36,43,35,57,1,0,49,16,7,5,4,83,10,5,7,2,1,11,5,412,167,173,62,30,22,3,69,8,8,18,3,51,57,65,60,1,0
2021-11-27,Serie A,3657131,Sampdoria,Hellas Verona,0.3249525616698292,0.3982447817836812,0.27680265654648956,3,1,0,41,15,5,0,0,70,13,4,5,5,0,9,6,313,90,129,50,31,17,1,73,17,4,10,3,54,49,59,53,4,0,59,14,3,0,0,83,16,5,7,4,0,11,3,472,226,164,54,13,12,1,60,8,5,23,2,50,51,41,54,1,0
2021-11-27,Serie A,3657127,Juventus,Atalanta,0.5075046433411977,0.2743336177902716,0.21816173886853069,0,1,2,59,15,2,0,0,85,13,6,7,6,1,9,6,532,289,161,62,43,25,1,46,12,5,15,0,61,49,62,43,4,0,41,7,1,1,0,76,20,4,1,5,0,4,3,369,91,190,35,10,23,0,39,14,6,14,2,56,51,38,71,5,0
2021-11-27,Serie A,3657134,Venezia,Inter,0.16939260264675943,0.262368510349508,0.5682388870037326,0,2,2,44,6,1,0,0,85,9,3,3,2,0,1,5,440,240,135,51,11,21,0,40,9,9,17,9,34,41,44,52,2,0,56,27,12,3,2,90,4,9,6,9,0,16,11,555,245,256,69,31,21,0,48,9,2,10,1,48,59,56,60,0,0
2021-11-28,Serie A,3657133,Udinese,Genoa,0.46691429357545744,0.38959966983078825,0.1434860365937543,0,0,1,43,17,3,0,0,78,18,8,6,8,1,11,6,365,124,161,49,19,29,3,59,7,2,9,2,47,39,52,33,3,0,57,8,2,1,1,81,11,1,4,2,0,3,5,512,285,132,58,20,18,0,61,8,7,29,3,66,61,48,67,4,0
2021-11-28,Serie A,3657128,Milan,Sassuolo,0.6475184117835414,0.2548190842138969,0.09766250400256164,1,3,2,50,15,2,0,0,82,15,7,8,5,0,9,6,403,149,183,67,21,22,7,69,10,7,20,3,44,39,59,61,4,1,50,15,5,1,0,83,7,6,3,7,0,8,7,416,178,168,65,22,14,3,67,9,5,25,1,57,61,41,83,2,0
2021-11-28,Serie A,3657132,Spezia,Bologna,0.2863518571839908,0.4177944140512525,0.2958537287647567,0,1,2,43,13,5,0,0,79,15,3,6,2,0,7,6,380,143,157,50,44,24,4,50,8,3,14,4,52,46,63,59,3,0,57,17,5,4,3,85,12,6,7,5,3,9,8,504,219,209,63,13,29,0,44,13,1,11,5,52,54,38,52,1,0
2021-11-28,Serie A,3657130,Roma,Torino,0.5990701793225592,0.3004206331636042,0.10050918751383661,1,0,0,32,10,2,1,0,75,7,2,6,2,0,7,3,274,129,77,49,17,19,1,43,8,8,21,3,56,49,67,38,2,0,68,17,3,0,0,86,11,9,6,8,0,11,6,590,219,287,43,17,21,3,60,15,1,8,1,48,51,33,65,1,0
2021-11-28,Serie A,3657129,Napoli,Lazio,0.553899869069144,0.28143899245588877,0.16466113847496727,4,0,0,61,18,8,0,0,93,10,1,4,6,0,9,9,799,482,261,75,33,14,2,60,8,0,7,2,39,63,45,73,2,0,39,6,2,0,0,88,13,3,4,0,1,4,2,493,253,179,53,13,9,0,40,12,6,6,4,26,37,55,25,4,0
2021-11-30,Serie A,3657135,Atalanta,Venezia,0.6109342819696686,0.29919490732072646,0.08987081070960494,4,0,0,59,19,6,4,1,87,11,4,9,4,1,14,5,613,214,321,49,36,10,2,54,11,0,6,4,51,55,65,47,0,0,41,8,4,1,1,80,9,2,4,0,0,3,5,423,208,132,51,20,18,3,69,10,4,10,2,39,45,35,45,1,0
2021-11-30,Serie A,3657137,Fiorentina,Sampdoria,0.5285985567793392,0.3471325484238511,0.12426889479680972,3,1,0,60,17,7,4,1,88,6,3,5,5,0,10,7,572,317,186,73,18,13,2,57,3,1,12,3,45,59,45,50,0,0,40,11,4,1,0,77,16,6,6,1,0,9,2,367,184,99,44,32,10,2,79,15,5,14,4,38,41,55,67,3,0
2021-11-30,Serie A,3657142,Salernitana,Juventus,0.18271357842620878,0.2522911619087749,0.5649952596650163,0,2,2,26,4,0,1,1,76,14,4,3,1,1,3,1,278,106,104,38,14,21,1,37,8,3,23,5,41,47,47,54,1,0,74,18,7,3,2,93,9,4,8,3,0,8,10,818,325,434,77,13,12,3,74,7,1,19,0,47,53,53,41,1,0
2021-11-30,Serie A,3657139,Hellas Verona,Cagliari,0.5487834256805589,0.33116518108086407,0.12005139323857705,0,0,1,70,15,6,1,1,83,15,11,5,4,0,9,6,587,208,277,67,17,23,3,64,5,1,11,4,56,46,62,75,3,0,30,12,4,0,0,61,12,1,7,1,0,6,6,257,77,79,33,25,15,0,46,10,4,27,6,54,54,38,60,2,0
2021-12-01,Serie A,3657136,Bologna,Roma,0.20110771581359815,0.3162719633307869,0.48262032085561496,1,0,0,43,6,3,0,0,80,9,3,1,2,0,2,4,387,185,126,57,0,18,2,80,13,3,20,6,48,48,53,50,3,0,57,13,5,1,1,85,18,3,5,3,0,6,7,517,230,212,57,17,19,4,65,10,2,20,2,48,52,47,50,4,0
2021-12-01,Serie A,3657140,Inter,Spezia,0.6432025421387123,0.26913512019895,0.08766233766233766,2,0,0,63,31,11,2,1,91,18,11,13,7,1,18,13,654,225,370,73,26,13,1,73,11,3,1,4,41,44,50,75,1,0,37,7,4,0,0,81,10,1,0,3,0,3,4,382,199,109,49,33,14,0,38,8,5,38,9,49,56,50,60,2,0
2021-12-01,Serie A,3657138,Genoa,Milan,0.17590192644483363,0.27551663747810856,0.5485814360770578,0,3,2,42,10,3,0,0,84,11,2,4,3,0,4,6,405,233,109,55,10,16,1,65,16,5,14,2,61,54,45,82,2,0,58,18,5,0,0,88,16,6,7,6,0,11,7,555,270,216,66,15,19,3,48,9,1,12,3,55,46,55,38,1,0
2021-12-01,Serie A,3657143,Sassuolo,Napoli,0.20474123079043485,0.30707738956653574,0.48818137964302943,2,2,1,50,9,7,0,0,88,10,5,2,0,0,6,3,463,217,191,53,25,18,2,8,6,2,17,2,39,50,56,50,4,0,50,9,4,1,0,85,19,4,2,3,0,6,3,459,211,177,58,29,18,2,58,8,0,12,5,38,50,44,67,2,0
2021-12-02,Serie A,3657144,Torino,Empoli,0.46934878514518996,0.35490880358201093,0.1757424112727991,2,2,1,41,10,3,2,1,77,9,1,5,2,0,8,2,308,78,158,39,11,14,2,93,10,7,32,4,43,56,34,38,1,1,59,16,5,1,0,81,15,11,3,8,0,9,7,422,135,207,50,11,19,1,58,5,2,11,1,45,44,66,38,3,0
2021-12-02,Serie A,3657141,Lazio,Udinese,0.6042853751187085,0.3021723646723647,0.09354226020892688,4,4,1,62,13,5,2,0,87,11,5,6,2,0,7,6,577,203,297,53,36,13,4,47,10,5,11,1,51,53,64,73,1,1,38,12,5,4,1,80,11,4,2,5,0,8,4,346,162,116,41,15,10,1,47,9,2,11,1,40,47,36,38,3,2
2021-12-04,Serie A,3657156,Milan,Salernitana,0.6451869004300363,0.2658286470393649,0.08898445253059874,2,0,0,70,22,8,5,5,90,11,9,10,4,0,15,7,703,396,239,63,26,17,1,60,5,2,11,2,59,61,50,68,1,0,30,7,2,0,0,75,9,5,3,2,0,3,4,296,117,106,53,11,10,1,62,9,4,18,6,43,39,50,36,2,0
2021-12-04,Serie A,3657158,Roma,Inter,0.25936599423631124,0.29072046109510086,0.4499135446685879,0,3,2,34,9,1,1,1,87,9,4,4,4,0,5,4,380,198,131,68,43,15,0,78,10,2,14,1,30,42,33,56,3,0,66,10,4,3,1,93,6,4,4,2,0,7,3,765,482,230,81,27,19,1,60,9,4,12,1,44,58,67,50,1,0
2021-12-04,Serie A,3657157,Napoli,Atalanta,0.45329737680804116,0.30099289041431726,0.24570973277764158,2,3,2,55,15,4,1,0,85,16,6,7,4,0,10,5,531,283,167,59,30,25,0,40,4,8,14,4,55,55,35,72,2,0,45,21,7,1,0,83,18,7,6,8,1,14,7,432,169,191,49,35,15,0,65,10,4,10,2,54,45,65,71,3,0
2021-12-05,Serie A,3657152,Bologna,Fiorentina,0.30243382139047803,0.37670900804809465,0.3208571705614273,2,3,2,37,8,4,1,0,79,12,0,2,2,0,5,3,332,185,77,48,38,12,2,50,5,1,19,0,40,50,43,14,3,0,63,6,3,2,0,86,15,2,2,1,0,3,3,586,284,221,77,14,20,3,50,5,2,7,2,44,50,57,50,3,0
2021-12-05,Serie A,3657160,Spezia,Sassuolo,0.2164659468438538,0.3697051495016611,0.41382890365448505,2,2,1,34,9,4,3,1,72,11,2,3,2,0,8,1,318,141,89,50,67,18,4,64,10,6,20,4,45,49,48,53,4,0,66,20,6,2,1,88,9,5,8,6,2,7,13,606,209,326,64,16,16,1,64,5,2,9,2,47,51,52,69,3,0
2021-12-05,Serie A,3657161,Venezia,Hellas Verona,0.24248846777209823,0.39396583967086396,0.3635456925570378,3,4,2,44,9,5,3,1,73,13,1,4,0,0,5,4,328,131,107,51,20,25,1,54,15,5,20,3,52,56,54,55,2,1,56,16,6,3,1,81,14,6,4,6,0,12,4,428,149,196,60,16,22,1,62,13,0,19,2,42,44,46,56,2,0
2021-12-05,Serie A,3657159,Sampdoria,Lazio,0.23154494603324668,0.3479082959111321,0.4205467580556212,1,3,2,48,18,5,3,3,82,13,7,8,5,0,15,3,491,206,197,66,28,25,1,73,10,0,6,2,52,46,65,92,4,0,52,6,5,2,1,86,9,0,1,0,0,6,0,561,298,182,57,0,19,0,60,12,5,31,4,47,54,35,50,1,1
2021-12-05,Serie A,3657155,Juventus,Genoa,0.6557710064635273,0.23207140658664205,0.11215758694983072,2,0,0,70,27,12,4,4,91,15,5,9,6,0,14,13,748,349,331,75,27,19,3,76,7,0,5,0,48,48,65,57,3,0,30,0,0,0,0,73,7,1,0,0,0,0,0,311,164,63,32,14,19,0,28,9,6,19,10,46,52,35,67,1,0
2021-12-06,Serie A,3657154,Empoli,Udinese,0.4116174261392088,0.3811431432863581,0.2072394305744331,3,1,0,58,22,9,1,0,84,12,8,6,7,1,18,4,496,197,220,67,20,17,1,50,5,6,11,6,64,58,47,78,4,0,42,19,8,3,2,80,18,6,6,5,0,13,6,358,127,158,58,31,20,1,72,10,8,29,5,50,42,53,50,3,0
2021-12-06,Serie A,3657153,Cagliari,Torino,0.2911813643926789,0.37074572681893814,0.338072908788383,1,1,1,49,15,2,1,1,70,12,5,8,5,0,11,4,361,109,142,44,31,28,4,71,9,0,11,3,86,53,58,73,2,0,51,8,3,2,2,70,24,2,5,0,0,6,2,394,138,138,31,50,15,5,65,10,5,26,1,69,47,42,62,4,0
2021-12-10,Serie A,3657163,Genoa,Sampdoria,0.32838528781131454,0.3753092528451262,0.2963054593435593,1,3,2,53,12,2,1,0,76,15,8,7,3,1,7,5,422,171,148,47,11,27,0,71,14,5,17,3,64,50,49,52,2,0,47,14,5,2,0,70,17,3,4,5,1,10,4,381,163,103,33,15,24,3,74,9,3,33,1,65,50,51,50,2,0
2021-12-11,Serie A,3657162,Fiorentina,Salernitana,0.5735618530459867,0.3357373154590192,0.09070083149499406,4,0,0,70,17,9,4,2,90,9,1,5,3,0,12,5,720,364,281,77,45,15,1,50,6,4,7,6,42,52,42,50,1,0,30,11,6,0,0,75,11,3,1,4,0,8,3,302,137,89,32,67,21,1,47,8,3,15,5,42,48,58,38,1,0
2021-12-11,Serie A,3657171,Venezia,Juventus,0.1836281783019466,0.26244372582588293,0.5539280958721704,1,1,1,39,13,4,0,0,78,20,3,7,2,0,4,9,346,113,156,52,20,22,0,43,16,7,21,5,44,41,48,44,4,0,61,20,6,1,0,86,10,11,7,7,0,13,7,550,236,239,69,21,13,0,57,10,2,21,3,59,59,52,62,2,0
2021-12-11,Serie A,3657170,Udinese,Milan,0.16889247779365177,0.26156904155537614,0.5695384806509721,1,1,1,34,11,6,5,4,72,17,3,4,1,0,9,2,331,107,130,43,30,10,1,55,12,1,28,0,44,37,55,50,3,1,66,12,1,0,0,85,10,5,10,1,0,11,1,625,251,278,62,46,17,4,61,8,1,10,5,60,63,45,67,1,0
2021-12-12,Serie A,3657169,Torino,Bologna,0.41803989592367735,0.39462272333044235,0.1873373807458803,2,1,0,48,16,7,3,2,78,16,5,7,2,1,9,7,394,117,189,33,15,16,5,57,2,1,11,4,52,56,43,50,2,0,52,8,5,1,0,76,18,0,2,1,0,3,5,431,200,128,47,0,14,1,54,9,2,23,7,49,44,57,0,4,0
2021-12-12,Serie A,3657164,Hellas Verona,Atalanta,0.22289727000157802,0.35355846615117564,0.4235442638472463,1,2,2,53,19,4,0,0,68,13,6,8,7,1,15,4,440,96,202,42,27,27,1,54,12,2,22,4,49,47,42,50,2,0,47,14,6,1,0,67,10,6,6,2,1,9,5,406,100,173,38,33,29,2,50,15,8,19,2,60,53,58,80,1,0
2021-12-12,Serie A,3657168,Sassuolo,Lazio,0.3105175292153589,0.3785256128635445,0.31095685792109656,2,1,0,60,17,6,0,0,88,9,6,3,8,0,8,9,640,300,260,58,21,22,1,46,6,0,14,1,44,46,44,62,1,1,40,6,2,1,0,82,11,0,4,0,1,2,4,437,260,100,50,0,18,4,48,5,8,19,4,53,54,56,75,2,0
2021-12-12,Serie A,3657166,Napoli,Empoli,0.5943899625036054,0.30307182001730604,0.10253821747908855,0,1,2,60,30,6,0,0,86,8,10,13,11,2,16,14,548,189,284,63,19,26,1,58,3,2,5,4,46,51,48,60,0,0,40,12,5,1,1,82,11,3,5,2,0,7,5,373,172,132,40,33,18,5,65,8,11,42,6,46,49,52,71,1,0
2021-12-12,Serie A,3657165,Inter,Cagliari,0.6352506519849319,0.2620254998551145,0.10272384815995364,4,0,0,75,24,15,6,5,91,9,9,7,2,1,15,9,769,293,405,71,27,14,2,42,10,1,4,2,50,62,54,80,1,0,25,5,2,0,0,75,13,0,2,1,0,3,2,249,120,66,36,20,12,2,38,8,2,22,11,34,38,46,58,2,0
2021-12-13,Serie A,3657167,Roma,Spezia,0.6316334455086721,0.27196479420139785,0.09640176028993011,2,0,0,52,12,6,4,2,84,13,9,2,4,1,10,2,501,233,188,67,25,23,0,67,15,3,22,2,39,40,67,40,2,1,48,8,2,1,1,84,7,4,3,3,0,7,1,456,216,166,66,33,18,4,71,7,4,18,3,44,60,33,100,1,0
2021-12-17,Serie A,3657176,Lazio,Genoa,0.5960492932221819,0.30566630421650354,0.09828440256131449,3,1,0,55,11,5,4,1,88,9,5,3,3,0,7,4,634,317,238,83,23,25,1,65,5,1,8,1,49,51,47,57,0,0,45,4,2,0,0,86,8,2,1,1,0,3,1,513,347,94,59,19,17,1,50,15,3,15,2,48,49,53,73,3,0
2021-12-17,Serie A,3657178,Salernitana,Inter,0.1729646697388633,0.2712749615975422,0.5557603686635945,0,5,2,34,10,2,2,2,79,10,3,3,5,0,10,0,316,142,107,60,21,18,1,69,12,4,21,3,41,43,50,33,1,0,66,23,8,6,3,89,10,10,11,4,1,20,3,627,295,265,70,43,14,0,67,10,5,9,2,49,57,50,47,2,0
2021-12-18,Serie A,3657172,Atalanta,Roma,0.5126285714285714,0.3164571428571429,0.1709142857142857,1,4,2,71,17,6,1,1,88,11,10,8,3,0,8,9,648,208,360,50,29,17,3,50,9,2,3,1,69,59,60,57,1,0,29,8,5,2,0,74,16,0,1,2,0,6,2,269,105,95,44,0,12,2,67,18,3,31,6,47,41,40,41,3,0
2021-12-18,Serie A,3657173,Bologna,Juventus,0.1929350883113961,0.2919338508268647,0.5151310608617392,0,2,2,58,11,3,0,0,84,7,8,3,5,0,6,5,548,200,258,54,21,17,0,63,14,2,15,5,53,59,33,64,1,0,42,11,7,2,1,78,19,4,2,2,0,9,2,406,181,136,52,17,17,1,73,9,5,22,3,48,41,67,60,1,0
2021-12-18,Serie A,3657174,Cagliari,Udinese,0.3104817640296792,0.38896436409238166,0.3005538718779392,0,4,2,55,5,2,0,0,83,12,4,0,3,0,3,2,493,254,154,54,17,21,0,40,12,1,15,1,39,50,46,69,2,1,45,10,5,0,0,80,14,2,4,1,0,5,5,409,212,115,43,0,21,2,44,5,2,17,2,41,50,54,70,2,0
2021-12-19,Serie A,3657175,Fiorentina,Sassuolo,0.5123160853033559,0.3442717804595801,0.14341213423706398,2,2,1,57,23,8,3,1,87,7,9,10,5,0,20,3,500,283,150,57,24,22,2,67,10,2,8,2,47,55,50,45,1,1,43,8,4,2,1,81,14,3,2,2,0,4,4,389,166,149,53,29,16,1,72,6,5,21,6,40,45,50,47,5,0
2021-12-19,Serie A,3657180,Spezia,Empoli,0.2526114996820783,0.39349623035698067,0.35389226996094103,1,1,1,35,9,2,2,2,72,20,3,4,3,0,9,0,283,121,83,37,44,11,2,59,14,5,18,6,46,44,46,57,3,0,65,22,6,0,0,85,9,5,11,5,0,17,5,533,235,220,56,32,21,4,68,2,3,3,2,58,56,54,45,2,0
2021-12-19,Serie A,3657179,Sampdoria,Venezia,0.5056190210829387,0.36974087489551405,0.12464010402154732,1,1,1,49,18,8,2,1,75,8,4,7,3,0,8,10,408,128,176,52,31,20,1,67,9,2,23,0,59,45,67,55,2,0,51,12,1,0,0,76,17,3,9,2,0,8,4,414,179,134,43,20,20,2,73,11,4,16,6,51,55,33,74,1,0
2021-12-19,Serie A,3657181,Torino,Hellas Verona,0.8368983957219251,0.15062388591800357,0.012477718360071301,1,0,0,67,8,1,2,1,82,15,5,4,3,0,4,4,569,165,304,40,21,24,2,50,5,2,15,2,50,43,53,78,1,0,33,8,2,0,0,65,7,3,4,2,0,4,4,281,101,82,33,25,19,4,55,7,3,22,1,54,57,47,43,2,1
2021-12-19,Serie A,3657177,Milan,Napoli,0.5054081497505629,0.2700101540770827,0.22458169617235443,0,1,2,49,12,2,1,1,79,14,5,8,2,0,6,6,480,193,185,47,14,14,5,69,18,6,6,1,72,60,55,75,0,0,51,11,2,1,0,81,18,5,2,7,0,7,4,510,238,176,49,21,14,0,64,11,1,36,2,52,40,45,67,2,0
2021-12-21,Serie A,3657183,Genoa,Atalanta,0.19598088629966617,0.30549191595208486,0.498527197748249,0,0,1,33,1,0,1,1,56,13,3,1,0,0,1,0,316,99,78,30,29,15,3,50,19,5,36,3,75,51,47,38,2,0,67,17,3,2,2,77,15,8,9,5,0,10,7,633,163,326,33,22,31,3,74,19,0,10,0,78,49,53,70,1,0
2021-12-21,Serie A,3657186,Juventus,Cagliari,0.6490034610335362,0.2562358276643991,0.09476071130206469,2,0,0,63,15,4,4,3,86,16,7,6,5,1,12,3,584,251,250,71,38,19,3,63,3,0,8,1,59,49,53,80,0,0,37,6,1,2,2,74,12,1,5,0,0,5,1,341,184,69,43,43,13,1,63,10,5,17,2,58,51,47,42,3,0
2021-12-22,Serie A,3657189,Sassuolo,Bologna,0.5017004288037853,0.37579476563655184,0.12250480555966287,0,3,2,61,13,5,0,0,86,14,5,7,1,1,6,7,530,256,201,54,20,14,2,50,7,0,11,2,45,51,58,68,1,0,39,9,5,2,1,83,12,5,4,0,0,6,3,332,128,148,51,7,21,7,59,13,1,12,5,41,49,42,38,3,0
2021-12-22,Serie A,3657191,Venezia,Lazio,0.20378210556025966,0.35033869602032175,0.4458791984194186,1,3,2,47,11,2,1,0,87,11,4,5,4,0,9,2,477,303,111,54,30,17,0,73,14,1,9,1,45,48,53,60,3,1,53,7,4,2,0,88,10,4,2,1,0,4,3,550,274,209,79,27,19,1,50,5,4,20,1,47,52,47,65,3,0
2021-12-22,Serie A,3657184,Hellas Verona,Fiorentina,0.2536125845985001,0.3666544722882751,0.3797329431132248,1,1,1,39,7,2,2,1,67,15,3,4,1,1,4,3,334,107,116,29,20,22,6,64,8,5,22,0,45,40,29,57,2,0,61,11,1,3,2,79,5,8,5,5,0,10,1,520,245,166,55,21,17,2,64,9,1,14,1,81,60,71,60,1,0
2021-12-22,Serie A,3657185,Inter,Torino,0.6286274775079483,0.272813366704999,0.0985591557870527,1,0,0,54,15,3,1,1,79,11,7,8,4,1,7,8,479,240,137,54,19,14,2,64,9,4,16,3,66,52,64,50,1,0,46,12,3,0,0,78,17,4,4,5,0,4,8,410,154,165,49,20,8,1,58,12,3,13,2,50,48,36,65,0,0
2021-12-22,Serie A,3657188,Roma,Sampdoria,0.5929556139931469,0.30958642122878316,0.09745796477806996,1,1,1,55,15,4,3,3,82,6,10,11,0,0,8,7,524,220,209,60,28,28,1,56,8,3,5,1,43,52,50,50,0,0,45,9,2,3,2,80,8,2,4,3,2,5,4,450,237,122,36,11,20,3,33,13,0,33,3,41,48,50,44,3,0
2021-12-22,Serie A,3657182,Empoli,Milan,0.2076955483780368,0.2918129476197163,0.5004915040022468,2,4,2,55,16,5,2,1,81,18,7,8,3,1,12,4,478,202,186,60,18,24,2,76,9,2,12,4,52,47,40,62,1,0,45,18,8,3,2,80,10,3,8,2,1,10,8,391,110,204,47,11,10,0,44,8,3,23,3,64,53,60,50,2,0
2021-12-22,Serie A,3657187,Napoli,Spezia,0.6152161091920129,0.2915999662987615,0.09318392450922572,0,1,2,65,26,7,1,1,89,14,10,13,6,1,18,8,596,216,313,80,31,25,3,47,1,6,12,0,64,52,64,63,2,0,35,8,0,0,0,75,12,5,2,6,0,2,6,319,151,89,37,15,16,2,71,8,7,29,6,51,48,36,53,3,0
2022-01-06,Serie A,3657209,Sampdoria,Cagliari,0.5055755985569039,0.3531485733027222,0.1412758281403739,1,2,2,49,4,1,2,1,75,12,0,2,1,0,4,0,456,217,127,53,22,21,2,67,5,1,12,5,52,49,59,40,1,1,51,15,7,4,2,78,17,5,6,2,0,12,3,477,219,154,46,18,19,1,69,6,1,24,0,47,51,41,53,3,0
2022-01-06,Serie A,3657206,Lazio,Empoli,0.554377145659637,0.32736635605689063,0.11825649828347229,3,3,1,62,23,10,4,3,88,13,9,10,3,1,12,11,541,179,297,68,17,25,2,77,5,4,14,1,42,52,36,50,4,0,38,11,4,3,0,76,11,2,3,4,0,6,5,328,161,89,44,0,14,2,30,10,4,35,6,48,48,64,62,4,0
2022-01-06,Serie A,3657211,Spezia,Hellas Verona,0.2706862828471809,0.389488902117527,0.3398248150352921,1,2,2,40,9,3,2,1,65,14,6,5,1,0,5,4,306,101,97,34,13,21,0,69,14,6,20,3,49,48,46,56,3,1,60,22,5,3,2,78,11,7,11,6,1,16,6,460,183,174,45,25,34,4,53,7,1,15,2,54,52,54,67,2,0
2022-01-06,Serie A,3657210,Sassuolo,Genoa,0.5154014985241807,0.35775372738969197,0.1268447740861273,1,1,1,74,28,7,3,3,90,8,7,12,9,0,13,15,748,265,409,82,20,28,0,50,11,1,10,0,42,50,43,65,3,0,26,4,1,0,0,69,11,4,2,1,0,3,1,248,108,62,48,21,13,2,45,20,8,30,6,44,50,57,50,0,0
2022-01-06,Serie A,3657207,Milan,Roma,0.5506113818148386,0.27038705525420614,0.17900156293095523,3,1,0,55,19,5,5,2,80,6,3,10,4,3,10,9,401,186,133,46,8,20,1,67,21,3,15,4,46,54,40,47,2,0,45,11,5,1,0,74,20,9,1,5,0,6,5,328,159,84,42,6,21,3,63,16,2,19,2,44,46,60,54,3,2
2022-01-06,Serie A,3657205,Juventus,Napoli,0.498236124176858,0.24376763875823143,0.25799623706491065,1,1,1,44,22,5,1,1,88,8,4,9,8,0,15,7,453,229,168,53,22,14,1,79,15,7,14,3,48,63,54,65,2,0,56,16,4,0,0,88,11,3,5,7,0,5,11,586,239,276,43,25,11,1,73,16,8,13,4,30,37,46,43,1,0
2022-01-09,Serie A,3657221,Venezia,Milan,0.1634517766497462,0.26221899927483683,0.574329224075417,0,3,2,38,9,3,1,1,81,11,1,4,2,0,4,5,387,190,123,41,29,13,2,50,5,5,17,4,47,46,47,50,1,1,62,18,8,4,2,88,11,7,5,5,0,10,8,634,322,237,63,25,18,0,50,10,2,11,3,55,54,53,77,3,0
2022-01-09,Serie A,3657213,Empoli,Sassuolo,0.3754639578042586,0.39744090642703656,0.22709513576870483,1,5,2,45,15,4,2,2,84,10,5,8,3,0,11,4,436,203,164,49,31,17,4,67,12,5,20,8,39,56,75,78,0,1,55,25,14,5,1,88,15,5,7,4,1,12,13,535,232,240,63,8,21,3,80,10,3,15,3,28,44,25,54,3,0
2022-01-09,Serie A,3657217,Napoli,Sampdoria,0.5825745551750062,0.3181020800267313,0.09932336479826247,1,0,0,69,22,5,2,2,90,12,13,9,8,0,12,10,709,243,396,60,22,14,1,77,4,4,8,1,44,55,48,67,0,0,31,11,1,0,0,76,11,0,6,4,0,4,7,322,131,114,36,44,18,2,44,11,8,25,4,40,45,52,78,2,0
2022-01-09,Serie A,3657220,Udinese,Atalanta,0.21492135761589404,0.3675496688741722,0.4175289735099338,2,6,2,40,8,4,2,1,77,9,2,3,1,0,4,4,413,203,117,29,27,15,2,53,6,10,15,1,53,45,45,41,2,0,60,21,7,5,2,86,12,5,3,11,0,17,4,633,278,265,48,14,13,1,45,14,1,11,3,64,55,55,68,2,0
2022-01-09,Serie A,3657214,Genoa,Spezia,0.44589345172031075,0.408157602663707,0.14594894561598223,0,1,2,53,15,2,1,1,80,17,7,7,6,0,9,6,477,230,152,57,42,23,0,68,6,3,16,8,67,51,51,63,3,0,47,17,9,3,2,77,15,4,5,3,0,10,7,423,189,136,47,12,28,1,47,8,6,17,2,64,49,49,56,3,0
2022-01-09,Serie A,3657218,Roma,Juventus,0.30098998436866786,0.2754588085451282,0.4235512070862039,3,4,2,52,19,7,4,3,80,11,8,3,9,0,11,8,420,165,173,44,30,25,1,35,7,6,14,1,46,57,59,43,3,0,48,14,5,2,0,84,12,1,3,6,0,6,8,388,178,149,49,25,18,0,67,11,7,14,4,34,43,41,47,2,1
2022-01-09,Serie A,3657215,Hellas Verona,Salernitana,0.5500713606089439,0.34146051379638437,0.10846812559467174,1,2,2,70,24,7,1,1,84,13,17,6,11,0,11,13,545,140,316,70,29,22,2,60,4,1,11,3,46,51,49,58,1,1,30,9,5,2,1,60,12,4,3,1,0,3,6,235,48,93,36,25,22,0,78,12,11,32,6,46,49,51,54,3,0
2022-01-09,Serie A,3657216,Inter,Lazio,0.5800629455970198,0.2623161410495215,0.1576209133534588,2,1,0,60,17,6,4,3,89,11,4,5,6,0,9,8,640,372,198,52,21,9,3,79,10,0,23,1,54,57,56,65,1,0,40,5,2,2,1,82,14,3,3,0,0,5,0,415,194,146,52,31,17,1,54,8,7,23,3,41,43,44,50,4,0
2022-01-10,Serie A,3657219,Torino,Fiorentina,0.2618368864650471,0.35857709469509175,0.3795860188398612,4,0,0,45,9,6,4,0,75,16,1,2,1,0,7,2,384,140,148,38,20,19,2,73,10,2,14,3,45,47,43,64,2,0,55,10,3,0,0,78,12,5,5,2,0,6,4,454,216,139,48,31,24,1,45,3,1,11,2,54,53,57,75,2,0
2022-01-11,Serie A,3657212,Cagliari,Bologna,0.3297143244893805,0.3689353328357196,0.3013503426748999,2,1,0,52,13,4,2,1,77,12,5,7,2,1,8,5,413,166,152,55,30,30,3,60,17,3,17,2,58,49,54,50,3,0,48,9,3,1,1,69,15,5,3,3,2,6,3,381,160,103,33,13,29,1,71,15,2,27,2,57,51,46,52,2,0
2022-01-15,Serie A,3657230,Sampdoria,Torino,0.33014073494917906,0.4078381548084441,0.26202111024237684,1,2,2,37,11,3,2,1,64,12,3,6,2,0,6,5,289,92,92,43,10,11,3,33,11,4,30,10,53,57,51,86,0,0,63,20,12,1,0,81,14,10,4,4,0,13,7,499,147,256,42,17,24,1,50,10,3,17,1,44,43,49,71,2,0
2022-01-15,Serie A,3657229,Salernitana,Lazio,0.18104716572912158,0.32661185633924705,0.49234097793163134,0,3,2,26,6,1,0,0,80,11,3,3,2,0,2,4,306,143,101,50,33,19,0,73,10,4,13,5,40,58,36,67,2,0,74,15,8,2,0,92,16,7,3,4,1,9,6,878,472,338,84,47,15,1,78,6,2,13,1,37,42,64,45,3,0
2022-01-15,Serie A,3657226,Juventus,Udinese,0.6617044789702918,0.23779496847168952,0.1005005525580186,2,0,0,67,14,4,3,1,88,13,7,6,4,0,7,7,671,283,309,67,25,10,1,30,14,5,13,3,59,52,63,53,1,0,33,16,3,0,0,80,10,6,8,5,0,9,7,328,117,147,43,31,19,0,67,10,3,22,2,49,48,37,61,2,0
2022-01-16,Serie A,3657231,Sassuolo,Hellas Verona,0.4931740614334471,0.36207588837582816,0.14475005019072476,2,4,2,56,13,5,2,1,78,6,9,6,2,0,5,8,432,177,160,44,19,24,0,71,4,3,22,2,43,48,44,75,2,0,44,21,6,3,1,76,18,7,12,3,0,18,3,345,86,176,55,19,21,8,44,17,2,24,3,49,52,56,64,4,0
2022-01-16,Serie A,3657232,Venezia,Empoli,0.27942488844819036,0.3971244422409519,0.3234506693108577,1,1,1,49,14,3,1,0,78,13,6,5,6,0,10,4,370,142,145,48,27,29,0,69,5,4,22,5,56,51,48,60,3,0,51,18,6,0,0,79,16,5,7,5,0,11,7,396,150,163,42,65,17,1,83,13,6,23,2,56,49,52,67,5,0
2022-01-16,Serie A,3657228,Roma,Cagliari,0.6015827534452176,0.30167826442898077,0.0967389821258016,1,0,0,57,15,7,2,1,81,13,1,4,4,0,8,7,536,270,164,51,30,26,2,57,10,3,13,2,51,42,51,33,3,0,43,8,2,1,1,74,18,1,3,3,0,5,3,386,149,137,39,33,24,2,52,12,3,11,6,62,58,49,75,4,0
2022-01-16,Serie A,3657223,Atalanta,Inter,0.2821997776130467,0.26737398072646407,0.4504262416604892,0,0,1,36,12,6,2,2,75,12,6,2,4,0,9,3,366,121,153,47,38,17,0,67,20,1,11,3,43,47,64,45,2,0,64,11,3,2,2,85,10,4,7,1,0,8,3,660,365,198,70,40,17,3,50,9,4,9,6,40,53,36,57,2,0
2022-01-17,Serie A,3657227,Milan,Spezia,0.6586172868172055,0.25372961049515297,0.0876531026876415,1,2,2,60,25,8,2,1,84,11,10,11,6,2,19,6,492,207,204,45,26,12,1,64,8,1,6,4,61,52,50,55,2,0,40,10,6,3,1,76,17,1,3,1,0,7,3,329,127,122,48,33,17,4,79,11,6,22,7,57,48,50,85,5,0
2022-01-17,Serie A,3657224,Bologna,Napoli,0.19533838809323223,0.3080595338388093,0.4966020780679584,0,2,2,39,12,5,2,2,80,9,1,6,1,1,7,5,397,158,160,55,25,18,0,100,13,3,13,3,29,38,32,53,3,0,61,14,5,3,2,86,11,4,6,3,1,9,5,639,288,262,59,0,14,2,44,13,1,10,5,51,62,68,100,1,0
2022-01-17,Serie A,3657225,Fiorentina,Genoa,0.5900006729022274,0.3007200053832178,0.10927932171455487,6,0,0,74,22,12,7,3,91,10,4,6,4,0,16,6,752,386,299,80,42,14,1,83,8,0,5,0,34,50,75,56,1,0,26,3,0,0,0,75,11,0,3,0,0,0,3,269,143,60,37,20,12,2,15,14,4,22,6,28,50,25,33,3,0
2022-01-21,Serie A,3657236,Hellas Verona,Bologna,0.48573918554904133,0.35263825067342736,0.1616225637775313,2,1,0,56,14,6,3,2,74,21,7,6,2,0,10,4,441,162,163,34,29,27,5,43,12,2,18,1,50,36,57,43,2,0,44,8,2,0,0,65,9,2,4,2,0,3,5,356,116,114,28,10,24,0,47,16,2,18,4,63,64,43,44,4,0
2022-01-22,Serie A,3657235,Genoa,Udinese,0.29652480483505417,0.41777889700327375,0.28569629816167214,0,0,1,51,10,3,3,3,57,27,10,3,4,0,7,3,311,74,104,40,17,28,1,67,7,0,18,0,86,46,58,42,2,1,49,2,0,0,0,58,17,4,2,0,0,2,0,312,113,69,24,22,27,0,45,6,4,29,3,85,54,42,55,4,0
2022-01-22,Serie A,3657237,Inter,Venezia,0.6122073979388032,0.27562514979627706,0.11216745226491971,2,1,0,70,24,12,3,2,88,13,6,4,8,0,16,8,679,150,446,89,27,26,2,56,4,0,7,2,53,48,67,44,3,0,30,3,3,0,0,73,9,0,0,0,0,2,1,286,153,56,42,33,12,1,64,14,7,39,10,44,52,33,56,4,0
2022-01-22,Serie A,3657238,Lazio,Atalanta,0.34415791149315506,0.3348455905762496,0.32099649793059537,0,0,1,61,9,1,0,0,88,10,4,5,3,1,3,6,687,348,254,71,25,24,2,83,5,1,4,2,54,57,48,53,0,0,39,6,2,0,0,82,17,1,2,2,0,3,3,445,231,134,53,50,19,2,79,15,3,21,1,45,43,52,61,3,0
2022-01-23,Serie A,3657233,Cagliari,Fiorentina,0.21648815319701395,0.33852645245050306,0.44498539435248297,1,1,1,40,12,3,4,4,67,21,6,4,5,2,10,2,244,93,70,42,32,24,4,33,9,3,20,5,52,36,47,28,3,0,60,16,6,4,4,78,16,4,7,3,0,12,4,383,132,165,56,40,24,1,65,5,5,17,1,77,64,53,71,3,1
2022-01-23,Serie A,3657241,Spezia,Sampdoria,0.33631713554987214,0.42696788860471724,0.23671497584541062,1,0,0,42,7,2,1,0,71,24,2,3,2,0,4,3,354,152,101,45,27,14,1,75,12,3,18,0,36,37,34,80,2,0,58,8,0,1,1,80,12,4,5,3,1,3,5,494,256,138,51,24,38,2,60,13,2,10,1,65,63,66,55,2,1
2022-01-23,Serie A,3657240,Napoli,Salernitana,0.577091613166208,0.3226332416182615,0.10027514521553042,4,1,0,82,26,14,5,2,93,9,10,4,8,0,18,8,934,198,672,75,17,13,3,64,1,0,3,0,42,56,42,67,0,0,18,1,1,1,0,65,14,0,0,0,0,1,0,209,92,44,34,50,5,1,46,9,7,27,10,38,44,58,50,2,1
2022-01-23,Serie A,3657242,Torino,Sassuolo,0.40235180021820827,0.4050187901563826,0.19262940962540914,1,1,1,50,21,6,5,4,79,21,4,10,5,3,13,8,405,133,186,43,35,10,5,67,6,3,12,0,54,54,46,58,3,0,50,6,1,1,0,75,15,3,2,3,0,3,3,409,202,105,49,11,20,1,50,6,5,15,5,52,46,54,0,3,0
2022-01-23,Serie A,3657234,Empoli,Roma,0.21536039188243528,0.3353743876836949,0.44926522043386985,2,4,2,58,16,7,1,1,83,14,2,6,3,0,11,5,499,193,221,53,31,30,0,60,16,2,6,4,47,50,50,64,2,0,42,16,8,3,1,78,14,3,5,3,0,13,3,352,188,86,48,38,25,1,67,13,3,17,5,47,50,50,50,2,0
2022-01-23,Serie A,3657239,Milan,Juventus,0.4501210235131397,0.23599585062240663,0.31388312586445366,0,0,1,47,14,4,0,0,82,16,4,5,5,0,5,9,450,150,218,56,19,19,2,62,8,2,12,0,63,59,35,65,2,0,53,8,0,0,0,85,19,1,6,2,0,5,3,529,232,219,57,22,14,3,50,12,5,22,4,53,41,65,47,2,0
2022-02-05,Serie A,3657248,Roma,Genoa,0.6103581800580833,0.30130687318489835,0.08833494675701839,0,0,1,63,23,3,1,1,78,8,6,14,6,0,15,8,480,177,197,65,24,24,1,31,10,5,19,3,83,60,53,61,3,1,37,10,3,0,0,57,23,4,2,5,0,7,3,284,88,73,26,38,23,2,72,11,6,25,3,62,40,47,63,2,1
2022-02-05,Serie A,3657246,Inter,Milan,0.4928308252319439,0.23003506902827717,0.2771341057397789,1,2,2,46,11,5,2,2,84,20,6,2,4,0,8,3,349,159,135,73,27,16,1,38,8,4,10,1,42,41,47,33,2,1,54,10,3,1,0,84,14,4,3,4,0,6,4,430,180,180,55,13,13,2,63,9,4,19,4,57,59,53,67,4,1
2022-02-05,Serie A,3657245,Fiorentina,Lazio,0.3581024738256277,0.33660706013156677,0.3052904660428055,0,3,2,50,9,3,2,2,87,13,4,5,1,0,5,4,479,289,128,59,18,13,2,60,11,0,7,5,34,47,54,75,1,1,50,12,7,7,5,85,15,3,5,0,0,10,2,495,322,99,61,0,13,2,55,10,1,13,3,36,53,46,67,5,0
2022-02-06,Serie A,3657243,Atalanta,Cagliari,0.5828126712704155,0.3216047352844459,0.09558259344513866,1,2,2,60,10,3,2,1,84,13,3,3,4,0,6,4,580,209,277,33,5,27,1,31,11,1,9,2,47,48,37,38,1,1,40,7,4,3,1,75,14,1,2,1,0,4,3,381,204,83,63,13,15,3,63,12,4,23,2,61,52,63,50,5,0
2022-02-06,Serie A,3657244,Bologna,Empoli,0.8168249660786974,0.16824966078697423,0.014925373134328358,0,0,1,60,12,2,0,0,82,10,3,7,3,1,6,6,514,230,193,63,17,21,5,47,14,4,17,4,58,55,68,90,2,0,40,15,4,3,3,73,15,5,7,4,1,9,6,334,116,127,40,20,21,1,67,9,3,24,2,41,45,32,76,4,0
2022-02-06,Serie A,3657250,Sampdoria,Sassuolo,0.28588957055214725,0.42099522835719155,0.2931152010906612,4,0,0,39,11,7,3,0,76,15,3,3,1,0,10,1,324,154,93,41,44,15,2,50,18,7,22,9,48,51,45,78,2,0,61,26,9,0,0,85,16,9,9,8,0,15,11,496,205,215,80,29,16,0,67,6,1,11,3,48,49,55,75,2,0
2022-02-06,Serie A,3657252,Venezia,Napoli,0.18271652780468903,0.3108893625266421,0.5063941096686688,0,2,2,34,7,3,0,0,78,12,2,4,0,0,4,3,363,167,115,43,43,14,0,50,17,4,19,4,46,47,56,53,2,1,66,16,6,2,0,87,11,6,6,4,1,11,5,738,289,351,55,31,22,0,59,4,0,7,3,47,53,44,67,2,0
2022-02-06,Serie A,3657251,Udinese,Torino,0.29546929767623004,0.40893158509671557,0.2955991172270544,2,0,0,41,11,3,1,0,67,12,8,5,3,0,5,6,295,98,101,36,6,15,3,67,9,1,17,1,66,61,43,56,3,0,59,5,1,0,0,75,21,3,3,1,0,3,2,427,204,118,33,31,22,2,57,10,3,25,1,57,39,57,33,3,1
2022-02-06,Serie A,3657247,Juventus,Hellas Verona,0.6828244045833584,0.21710960465534826,0.10006599076129342,2,0,0,47,11,8,3,1,78,11,6,3,0,0,7,4,436,194,148,48,14,17,0,56,16,6,23,1,67,59,55,77,1,0,53,13,1,0,0,81,11,5,6,6,0,6,7,485,168,226,56,20,22,2,90,11,0,12,6,49,41,45,69,1,0
2022-02-07,Serie A,3657249,Salernitana,Spezia,0.2865666694290213,0.3477252009612994,0.3657081296096793,2,2,1,57,9,5,1,1,77,12,5,1,3,0,3,6,470,175,185,30,11,27,1,77,9,6,15,0,64,56,64,52,3,0,43,13,2,2,0,77,19,6,4,7,0,6,7,357,156,118,38,19,13,1,56,8,3,22,3,46,44,36,38,3,0
2022-02-12,Serie A,3657257,Lazio,Bologna,0.5789167716306559,0.32487162096696054,0.09621160740238349,3,0,0,56,12,6,3,1,89,13,5,3,3,0,11,1,588,276,248,64,19,15,0,46,9,3,6,3,44,56,29,65,2,0,44,11,3,1,1,87,16,3,5,3,0,7,4,467,253,151,67,38,10,2,55,7,3,13,3,43,44,71,60,2,0
2022-02-12,Serie A,3657259,Napoli,Inter,0.3248407643312102,0.2991844752663849,0.3759747604024049,1,1,1,48,13,4,2,1,86,7,4,6,3,1,11,2,496,281,147,41,27,12,0,42,10,1,13,1,35,57,53,33,1,0,52,8,2,1,0,89,14,2,5,1,0,6,2,535,284,191,64,22,8,0,80,15,3,7,3,28,43,47,40,1,0
2022-02-12,Serie A,3657262,Torino,Venezia,0.5544139516020008,0.3228335811815601,0.12275246721643909,1,2,2,67,14,2,0,0,77,14,8,10,2,0,9,5,472,149,216,44,32,31,2,50,9,1,13,0,70,52,48,69,2,0,33,5,2,1,0,55,12,4,2,1,0,3,2,232,59,68,45,23,24,2,48,8,2,21,1,70,48,52,0,3,1
2022-02-13,Serie A,3657258,Milan,Sampdoria,0.6661341853035144,0.24273543283127946,0.09113038186520615,1,0,0,50,15,7,2,1,83,13,4,5,3,0,12,3,461,209,172,48,31,16,2,38,13,2,5,1,49,51,57,45,3,0,50,4,1,0,0,83,11,0,1,2,0,3,1,468,251,139,58,0,15,3,76,13,3,17,6,44,49,43,45,1,0
2022-02-13,Serie A,3657254,Empoli,Cagliari,0.4158545454545455,0.4189090909090909,0.16523636363636363,1,1,1,46,15,5,2,2,69,15,6,6,4,0,6,9,331,126,103,30,12,21,2,29,6,9,18,3,50,52,48,20,1,0,54,17,5,0,0,74,14,4,3,9,0,9,8,386,144,142,51,30,21,0,44,11,3,21,4,50,48,52,44,2,0
2022-02-13,Serie A,3657255,Genoa,Salernitana,0.45041608876560335,0.41244798890429957,0.13713592233009708,1,1,1,50,15,5,3,2,72,18,5,9,1,0,8,7,345,118,129,41,11,18,4,39,9,1,18,3,59,47,39,50,3,0,50,12,4,1,0,70,10,4,7,1,0,6,6,349,115,131,49,19,14,1,64,9,0,25,4,75,53,61,52,2,0
2022-02-13,Serie A,3657256,Hellas Verona,Udinese,0.44422764227642275,0.41073170731707315,0.14504065040650407,4,0,0,43,6,5,1,0,68,17,2,1,0,0,6,0,359,126,118,18,29,15,4,38,12,4,28,6,50,42,44,64,3,0,57,21,6,0,0,76,7,7,10,5,2,14,7,459,153,198,49,18,21,3,58,14,0,5,1,68,58,56,58,1,0
2022-02-13,Serie A,3657260,Sassuolo,Roma,0.21645402551693796,0.33682358117025957,0.44672239331280245,2,2,1,46,12,3,2,1,80,13,4,6,3,0,8,4,396,160,155,38,29,18,0,54,7,3,24,6,43,44,29,41,2,1,54,13,8,2,1,79,13,3,2,3,0,9,4,451,192,166,50,32,30,1,56,10,3,8,2,63,56,71,50,2,0
2022-02-13,Serie A,3657253,Atalanta,Juventus,0.2387435677530017,0.24630145797598627,0.514954974271012,1,1,1,53,21,3,4,4,82,13,8,10,8,1,13,8,523,192,238,29,24,18,0,36,16,1,18,5,49,52,38,50,2,0,47,15,6,1,0,80,9,8,8,1,0,9,6,468,194,181,65,39,20,3,62,11,7,20,2,57,48,62,36,3,0
2022-02-14,Serie A,3657261,Spezia,Fiorentina,0.21413214848788878,0.3228464956284936,0.4630213558836176,1,2,2,33,9,1,1,0,72,17,4,5,3,0,6,3,238,124,47,43,13,17,5,60,11,6,16,2,42,44,57,45,2,0,67,21,4,3,2,83,10,8,11,6,3,11,10,469,214,174,55,22,29,0,69,5,3,9,0,47,56,43,42,1,0
2022-02-18,Serie A,3657307,Juventus,Torino,0.6821813631112823,0.22477859068155565,0.09304004620716211,1,1,1,46,12,3,1,0,78,16,7,4,5,0,8,4,375,158,136,47,25,17,0,44,5,3,17,2,66,55,63,45,1,0,54,10,3,1,0,81,19,9,4,3,0,7,3,434,131,221,39,21,19,2,59,8,5,14,2,48,45,37,27,2,0
2022-02-19,Serie A,3657310,Sampdoria,Empoli,0.40352697095435686,0.4183091286307054,0.17816390041493776,2,0,0,42,8,3,0,0,77,15,3,3,2,0,7,1,358,150,125,51,22,14,3,74,7,4,19,2,48,47,52,46,4,0,58,10,2,3,3,84,12,6,4,4,0,7,3,470,173,224,59,6,29,1,54,10,2,7,1,52,53,48,55,2,0
2022-02-19,Serie A,3657308,Roma,Hellas Verona,0.5512143611404435,0.3260295670538543,0.12275607180570222,2,2,1,57,7,3,1,1,76,18,4,3,1,0,5,2,493,212,161,51,8,33,1,72,15,2,8,1,62,46,55,48,3,0,43,5,3,1,0,72,14,2,0,2,0,3,2,379,127,147,34,11,23,3,81,14,1,27,1,65,54,45,61,2,0
2022-02-19,Serie A,3657309,Salernitana,Milan,0.15152462861610633,0.2311962470680219,0.6172791243158717,2,2,1,39,9,5,2,1,75,14,4,1,3,0,5,4,318,130,109,47,38,22,0,48,12,2,30,3,59,52,46,50,2,0,61,13,5,2,1,81,12,7,6,2,0,5,8,496,225,177,55,32,15,0,65,4,4,9,2,59,48,54,36,4,0
2022-02-20,Serie A,3657305,Fiorentina,Atalanta,0.3490417553930192,0.35385612443292286,0.29710212017405796,1,0,0,50,6,3,1,0,83,17,2,3,0,0,5,1,435,252,109,53,25,16,3,64,8,2,11,1,52,58,42,79,2,0,50,7,1,1,1,80,20,1,4,2,0,3,4,432,212,135,29,25,23,5,36,11,0,5,2,44,42,58,22,5,0
2022-02-20,Serie A,3657312,Venezia,Genoa,0.37753424657534246,0.42794520547945203,0.19452054794520549,1,1,1,46,15,4,1,0,58,14,6,5,6,0,4,11,314,53,129,33,15,31,1,54,12,5,33,1,68,53,44,37,2,0,54,12,3,3,2,65,16,5,5,4,0,9,3,377,127,117,31,37,25,2,50,9,6,22,3,68,47,56,26,2,0
2022-02-20,Serie A,3657306,Inter,Sassuolo,0.5828145359779934,0.2770377877515564,0.14014767627045027,0,2,2,58,29,8,4,4,87,12,8,10,11,0,21,8,570,271,224,63,35,20,3,47,6,3,3,3,55,48,52,53,1,0,42,13,5,3,2,82,12,3,5,3,1,9,4,422,205,141,54,0,12,2,47,13,11,32,8,58,52,48,54,2,0
2022-02-20,Serie A,3657311,Udinese,Lazio,0.20805057172073999,0.33457283629264667,0.45737659198661335,1,1,1,40,12,2,2,1,83,22,2,5,5,1,7,5,377,211,103,43,45,12,4,50,7,1,16,1,46,53,54,82,3,0,60,10,2,2,1,88,9,12,7,1,0,8,2,558,339,152,48,12,13,0,50,6,5,15,1,40,47,46,38,2,0
2022-02-21,Serie A,3657304,Cagliari,Napoli,0.19723123262279887,0.2892145505097312,0.5135542168674698,1,1,1,47,13,5,4,4,70,17,3,7,1,0,11,2,385,126,144,39,27,27,0,78,11,2,26,2,50,51,56,71,1,0,53,7,3,2,1,75,22,6,2,2,0,5,2,431,167,155,32,10,20,4,56,5,1,9,4,45,49,44,67,2,0
2022-02-21,Serie A,3657303,Bologna,Spezia,0.4473366105246192,0.3663470062051737,0.1863163832702071,2,1,0,61,19,7,3,1,82,7,11,7,5,1,9,10,506,165,249,57,24,24,4,73,9,1,5,1,47,53,59,53,1,0,39,6,2,1,0,72,13,0,3,1,0,2,4,323,160,72,38,10,19,3,44,15,5,24,5,38,47,41,33,1,0
2022-02-25,Serie A,3657318,Milan,Udinese,0.6554167667547441,0.2549243334134038,0.08965889983185203,1,1,1,62,9,3,1,0,85,13,5,2,4,0,6,3,488,211,204,57,20,16,3,54,13,1,15,5,66,59,50,65,2,0,38,11,6,1,0,78,17,4,4,1,0,9,2,296,105,127,38,40,16,4,55,10,4,26,2,51,41,50,60,4,0
2022-02-25,Serie A,3657315,Genoa,Inter,0.1829394336112451,0.2653483084131468,0.5517122579756081,0,0,1,28,7,1,1,1,54,11,0,4,2,0,5,2,240,62,68,24,11,12,1,52,17,6,38,4,64,54,55,41,1,0,72,21,4,0,0,82,9,14,11,6,1,15,6,611,275,223,53,36,21,2,58,10,2,10,1,54,46,45,13,1,0
2022-02-26,Serie A,3657319,Salernitana,Bologna,0.2667124227865477,0.41839396019217573,0.3148936170212766,1,1,1,56,15,4,1,1,83,13,6,4,7,0,4,11,424,118,232,63,13,14,1,41,9,0,12,2,63,63,48,71,2,0,44,8,3,1,0,76,25,1,5,0,1,3,5,339,146,112,36,23,13,3,45,6,6,25,3,42,37,52,50,3,0
2022-02-26,Serie A,3657314,Empoli,Juventus,0.1608415807322306,0.2629247698802685,0.5762336493875009,2,3,2,53,11,2,1,0,82,16,7,6,3,0,9,2,472,213,175,44,17,19,2,73,9,0,6,2,35,40,31,40,2,0,47,12,5,4,1,81,8,3,7,0,0,9,3,433,200,149,45,55,13,0,58,9,3,26,0,58,60,69,63,0,0
2022-02-26,Serie A,3657320,Sassuolo,Fiorentina,0.3227905914592373,0.3716601963918703,0.30554921214889247,2,1,0,50,16,6,3,2,82,12,6,4,6,1,11,5,413,210,130,55,31,16,1,71,11,3,27,5,30,34,73,33,1,0,50,15,6,4,3,82,12,10,6,3,0,10,5,411,167,169,62,15,19,1,44,8,6,7,4,41,66,27,82,1,1
2022-02-27,Serie A,3657322,Torino,Cagliari,0.4768062974416643,0.3795333145909474,0.14366038796738825,1,2,2,57,15,6,2,1,69,16,4,6,3,0,8,7,435,140,162,44,24,17,3,69,9,2,8,3,80,58,51,73,2,0,43,11,5,3,2,58,20,3,4,2,0,9,2,338,102,93,34,40,25,2,71,9,3,18,5,68,42,49,40,4,0
2022-02-27,Serie A,3657316,Hellas Verona,Venezia,0.49534474081529944,0.38324106693507803,0.12141419224962255,3,1,0,57,19,11,5,3,74,13,5,5,3,0,13,6,462,151,193,51,17,33,0,75,21,2,14,2,56,39,49,42,0,0,43,9,4,2,1,62,10,5,4,1,0,7,2,352,108,110,31,42,28,1,56,15,3,21,8,76,61,51,53,1,0
2022-02-27,Serie A,3657321,Spezia,Roma,0.18474160694077707,0.3358166729536024,0.47944172010562053,0,1,2,35,9,3,0,0,76,13,1,4,2,0,4,5,334,171,84,39,50,14,1,59,8,8,24,8,45,51,36,63,3,1,65,31,10,7,6,86,11,8,14,7,2,22,9,602,280,238,61,33,21,5,50,6,2,4,3,47,49,64,54,3,0
2022-02-27,Serie A,3657317,Lazio,Napoli,0.2867473435655254,0.3235684769775679,0.38968417945690675,1,2,2,46,13,8,2,2,89,13,1,4,1,0,9,4,547,270,216,42,9,12,0,60,14,5,14,5,49,50,58,55,3,0,54,15,7,0,0,89,14,5,3,5,0,9,6,643,358,213,62,7,24,2,50,6,1,11,7,46,50,42,50,2,0
2022-02-28,Serie A,3657313,Atalanta,Sampdoria,0.5816374504667876,0.306266371146484,0.11209617838672846,4,0,0,56,19,9,4,2,87,16,8,8,2,1,14,5,609,220,308,56,30,12,4,52,17,1,6,1,48,48,54,50,1,0,44,6,1,1,1,78,9,1,4,1,1,4,2,490,266,117,46,33,19,1,65,13,2,14,5,51,52,46,58,2,0
2022-03-04,Serie A,3657327,Inter,Salernitana,0.6292349901103809,0.25579021246730044,0.11497479742231864,5,0,0,60,23,12,8,4,88,11,10,4,7,1,21,2,537,278,196,66,36,12,4,36,9,2,8,3,46,53,41,69,2,0,40,11,3,1,1,84,7,3,4,4,0,8,3,355,182,115,55,42,13,1,60,8,7,16,7,45,47,59,64,1,0
2022-03-05,Serie A,3657331,Udinese,Sampdoria,0.3860659277385922,0.4216208435295811,0.19231322873182669,2,1,0,42,19,5,4,2,74,20,11,9,5,1,14,5,359,93,174,33,17,17,4,69,12,0,17,3,50,49,38,73,5,0,58,8,4,2,1,78,14,4,4,0,0,7,1,500,260,132,40,31,17,1,56,12,5,17,3,58,51,62,42,2,0
2022-03-05,Serie A,3657330,Roma,Atalanta,0.3923189861679932,0.34471833706823274,0.26296267676377405,1,0,0,35,13,4,2,1,74,17,6,3,6,0,5,8,310,130,100,47,15,16,3,61,15,1,14,4,58,54,25,76,4,1,65,7,4,2,2,86,16,3,1,2,0,4,3,592,198,310,32,15,24,4,73,7,6,13,3,60,46,75,60,2,1
2022-03-05,Serie A,3657324,Cagliari,Lazio,0.20365507824808318,0.3197143157231383,0.4766306060287785,0,3,2,44,16,3,0,0,76,10,7,7,6,0,8,8,433,180,147,49,19,25,0,67,23,2,17,2,44,52,35,67,3,0,56,13,5,5,2,80,13,6,5,3,0,8,5,558,247,202,52,44,24,1,88,17,6,30,3,49,48,65,70,0,1
2022-03-06,Serie A,3657326,Genoa,Empoli,0.3576025744167337,0.40627514078841515,0.23612228479485117,0,0,1,52,18,7,2,2,71,15,7,9,2,0,13,5,397,125,158,39,33,32,2,72,10,2,8,2,72,48,63,42,4,0,48,8,2,0,0,63,19,2,3,3,0,1,7,373,140,95,39,8,33,0,50,5,3,33,6,64,52,37,50,3,0
2022-03-06,Serie A,3657332,Venezia,Sassuolo,0.22440537745604963,0.38042916235780766,0.39516546018614274,1,4,2,45,16,5,4,3,81,18,8,5,6,0,12,4,373,154,147,49,36,17,7,45,9,3,6,6,56,51,50,63,4,0,55,16,10,5,1,83,15,6,2,4,0,13,3,486,212,193,59,18,14,1,44,6,6,19,4,55,49,50,55,1,0
2022-03-06,Serie A,3657323,Bologna,Torino,0.32987220447284343,0.43210862619808305,0.2380191693290735,0,0,1,51,6,1,0,0,72,23,5,2,3,0,4,2,351,164,89,38,29,21,2,67,5,2,14,2,56,43,55,40,3,0,49,13,2,1,1,71,16,7,9,2,1,5,8,331,67,168,40,29,17,1,44,10,3,10,1,61,57,45,33,3,0
2022-03-06,Serie A,3657325,Fiorentina,Hellas Verona,0.46240520043336947,0.37768147345612135,0.1599133261105092,1,1,1,51,8,2,2,1,78,15,4,4,2,0,7,1,368,172,114,39,39,19,0,71,9,0,4,1,46,45,47,58,0,0,49,2,2,2,1,73,15,2,0,0,0,1,1,374,159,114,42,25,23,4,69,12,2,14,1,54,55,53,64,4,0
2022-03-06,Serie A,3657328,Juventus,Spezia,0.6593716907871514,0.2457465584186375,0.09488175079421109,1,0,0,56,10,3,3,2,89,14,4,2,5,0,8,2,579,280,233,62,33,19,3,48,7,1,14,4,54,60,45,80,3,0,44,9,4,2,2,84,12,4,4,1,0,6,3,438,184,186,51,18,16,1,33,11,4,10,2,41,40,55,41,2,0
2022-03-06,Serie A,3657329,Napoli,Milan,0.35138947665397097,0.2680208774157145,0.3805896459303146,0,1,2,60,9,2,0,0,86,7,6,6,1,0,4,5,546,235,237,56,13,23,1,72,8,3,8,6,51,52,54,53,4,0,40,12,7,2,1,77,15,7,2,3,0,6,6,354,152,120,39,18,21,0,72,10,1,15,2,46,48,46,45,4,0
2022-03-12,Serie A,3657338,Salernitana,Sassuolo,0.7670126874279123,0.1914648212226067,0.04152249134948097,2,2,1,47,15,5,1,0,83,14,5,6,4,0,10,5,436,193,170,63,40,16,1,36,10,6,11,5,66,52,83,50,2,0,53,20,7,2,0,86,15,5,7,6,1,13,7,495,216,212,50,25,15,2,41,10,4,21,3,47,48,17,60,2,1
2022-03-12,Serie A,3657340,Spezia,Cagliari,0.7913188647746243,0.19532554257095158,0.01335559265442404,2,0,0,43,12,7,3,2,62,10,8,3,2,0,10,2,298,81,105,31,25,26,4,54,6,3,23,1,63,48,55,47,1,0,57,11,1,0,0,72,18,7,7,3,0,5,6,397,161,126,36,21,28,0,61,14,2,16,5,61,52,45,50,4,0
2022-03-12,Serie A,3657339,Sampdoria,Juventus,0.1671764169974621,0.2660896726752131,0.5667339103273248,1,3,2,49,17,5,1,1,90,7,9,7,5,0,10,7,514,194,270,68,25,15,0,56,8,1,8,2,44,55,44,70,0,0,51,6,3,2,1,89,15,0,2,1,0,6,0,563,268,231,55,14,20,1,60,5,5,25,4,39,45,56,57,2,0
2022-03-12,Serie A,3657337,Milan,Empoli,0.6740342763873776,0.23524211099020675,0.09072361262241567,1,0,0,53,15,5,0,0,84,6,5,4,6,0,11,4,523,217,223,68,36,16,2,70,10,1,14,2,64,58,56,61,1,0,47,5,2,0,0,83,12,4,2,1,0,2,3,461,204,177,54,6,18,2,33,4,6,14,4,47,42,44,39,0,0
2022-03-13,Serie A,3657334,Fiorentina,Bologna,0.7853042479908151,0.18025258323765786,0.03444316877152698,1,0,0,61,14,5,2,1,83,9,9,6,3,1,9,5,467,146,242,56,21,19,2,77,6,1,11,0,44,53,40,50,1,0,39,4,0,2,2,73,16,1,3,1,2,3,1,302,129,90,45,0,18,2,58,7,3,29,4,45,47,60,69,3,1
2022-03-13,Serie A,3657335,Hellas Verona,Napoli,0.22733761598857957,0.3230728051391863,0.4495895788722341,1,2,2,49,8,1,1,0,79,19,3,4,3,0,5,3,416,156,173,38,31,31,6,44,12,3,12,2,37,32,48,33,2,2,51,13,4,3,1,79,9,5,6,3,1,8,5,441,152,196,42,33,22,1,71,13,2,13,0,65,68,52,78,0,0
2022-03-13,Serie A,3657333,Atalanta,Genoa,0.7397058823529412,0.22941176470588234,0.030882352941176472,0,0,1,58,11,2,1,1,72,13,4,6,3,1,10,1,559,223,182,41,11,33,2,44,14,4,23,3,82,50,70,50,2,0,42,13,3,1,1,65,18,3,6,4,0,3,10,418,130,143,23,15,25,1,54,21,3,13,2,61,50,30,67,0,0
2022-03-13,Serie A,3657342,Udinese,Roma,0.18290548424737457,0.33158304161804747,0.48551147413457796,1,1,1,36,11,5,2,2,78,16,6,5,1,1,6,5,328,101,156,29,10,20,2,77,13,3,13,1,39,42,27,40,3,0,64,10,2,1,0,87,12,4,5,3,0,5,5,587,318,190,56,13,18,1,65,4,1,20,4,63,58,73,69,2,0
2022-03-13,Serie A,3657341,Torino,Inter,0.1836510011697516,0.2588591481455997,0.5574898506846487,1,1,1,44,13,4,4,3,76,15,3,6,3,0,10,3,384,109,182,42,43,16,1,67,12,0,31,6,56,51,51,57,1,0,56,14,7,5,4,77,17,4,7,0,0,10,4,479,251,120,49,38,18,0,64,10,3,9,3,54,49,49,0,5,0
2022-03-14,Serie A,3657336,Lazio,Venezia,0.6045205207851431,0.28960412398387414,0.10587535523098275,1,0,0,66,10,1,2,1,89,11,8,5,4,0,7,3,710,291,340,73,32,23,2,57,7,2,11,2,51,57,58,48,1,0,34,7,2,0,0,82,13,4,3,2,0,3,4,361,200,97,49,20,6,2,63,10,4,20,0,38,43,42,25,1,0
2022-03-18,Serie A,3657200,Sassuolo,Spezia,0.5530577927250199,0.34056111160279673,0.10638109567218337,4,1,0,58,16,7,3,1,86,14,6,3,6,0,13,3,535,220,238,67,18,24,1,50,9,2,13,0,46,49,48,52,2,0,42,5,1,0,0,80,16,2,2,2,0,4,1,389,201,110,51,11,22,1,59,10,6,17,3,49,51,52,73,3,0
2022-03-18,Serie A,3657195,Genoa,Torino,0.2899190581309787,0.39241038578786924,0.31767055608115213,1,0,0,25,7,2,1,0,58,13,2,1,4,0,3,4,217,60,66,39,33,18,2,58,3,0,14,3,59,58,54,80,1,1,75,9,3,0,0,87,17,3,6,0,1,8,1,659,266,307,60,35,18,1,40,12,4,6,1,46,42,46,50,3,0
2022-03-19,Serie A,3657198,Napoli,Udinese,0.5916919959473151,0.3108876938664173,0.09742031018626764,2,1,0,64,20,8,1,0,86,10,7,8,4,1,11,9,582,231,270,56,43,20,1,77,4,4,11,2,50,49,58,58,2,0,36,10,3,1,1,77,12,4,1,6,0,5,5,331,140,115,43,17,15,2,65,6,4,15,6,47,51,42,60,2,1
2022-03-19,Serie A,3657196,Inter,Fiorentina,0.577088212334114,0.28688524590163933,0.1360265417642467,1,1,1,51,13,5,1,0,84,14,5,2,6,0,11,2,486,294,116,52,29,9,4,63,8,7,9,3,33,41,38,33,1,0,49,17,4,1,1,82,12,3,6,7,0,12,5,466,247,134,56,42,22,0,36,4,6,12,4,49,59,63,75,2,0
2022-03-19,Serie A,3657193,Cagliari,Milan,0.14856462495039027,0.23726683423733297,0.6141685408122768,0,1,2,42,13,1,1,1,67,13,6,8,4,1,8,5,330,100,122,62,33,21,1,70,16,7,15,4,54,36,68,27,1,0,58,21,6,3,3,80,14,5,9,6,1,12,9,460,180,186,41,40,26,0,75,10,4,6,1,59,64,32,76,0,0
2022-03-20,Serie A,3657201,Venezia,Sampdoria,0.3078396699086354,0.41674034777483054,0.27541998231653403,0,2,2,46,13,1,1,1,76,28,3,8,4,0,11,2,349,136,130,51,27,15,0,67,9,2,18,2,61,46,64,100,3,1,54,8,4,3,1,77,17,4,2,2,0,6,2,431,205,129,32,10,21,1,83,5,4,23,1,55,54,36,41,1,0
2022-03-20,Serie A,3657194,Empoli,Hellas Verona,0.3012236396771674,0.4156469669356938,0.2831293933871388,1,1,1,37,7,2,2,1,62,17,3,3,2,0,3,4,288,101,77,33,30,24,1,42,13,3,16,3,56,54,37,50,2,0,63,14,4,2,2,80,13,7,7,3,1,8,6,486,115,273,62,23,27,0,33,5,2,11,1,62,46,63,32,3,0
2022-03-20,Serie A,3657197,Juventus,Salernitana,0.6566351848887466,0.24803905874819915,0.09532575636305426,2,0,0,56,12,7,4,2,86,10,5,3,2,0,11,1,526,255,199,54,38,23,1,59,7,3,11,4,46,58,45,64,3,0,44,12,4,0,0,86,13,5,5,3,0,4,8,393,143,194,79,17,16,0,41,11,2,20,5,38,42,55,10,2,0
2022-03-20,Serie A,3657199,Roma,Lazio,0.4665929552993208,0.32664665929552994,0.20676038540514927,3,0,0,34,11,5,4,2,74,16,6,5,1,2,7,4,318,162,74,37,17,14,1,74,9,2,18,3,56,46,71,53,4,0,66,9,3,0,0,88,12,3,4,2,0,3,6,623,274,277,65,0,27,1,71,1,1,6,2,52,54,29,44,3,0
2022-03-20,Serie A,3657192,Bologna,Atalanta,0.1837469586374696,0.3143552311435523,0.5018978102189781,0,1,2,61,12,3,3,3,78,9,6,5,4,0,8,4,554,214,217,51,5,27,2,70,10,6,12,1,54,56,44,68,0,0,39,15,3,3,2,71,12,3,7,5,1,8,7,353,95,155,27,15,19,5,44,23,4,23,3,50,44,56,67,1,0
2022-04-02,Serie A,3657271,Spezia,Venezia,0.4366906474820144,0.39928057553956836,0.16402877697841728,1,0,0,52,11,5,0,0,76,15,5,2,4,0,7,4,400,174,129,46,36,28,3,59,16,5,13,3,52,54,48,69,3,0,48,14,3,0,0,77,12,2,6,5,1,5,9,379,179,113,42,15,22,0,64,10,5,14,3,47,46,52,50,1,0
2022-04-02,Serie A,3657267,Lazio,Sassuolo,0.47789626255305934,0.3448597163267419,0.17724402112019877,2,1,0,53,14,5,3,2,90,11,4,6,3,1,12,2,608,330,219,73,27,9,1,45,12,7,14,4,37,52,45,60,1,0,47,20,5,4,3,91,8,3,8,7,1,12,8,537,281,205,68,9,8,0,22,4,3,13,3,35,48,55,56,3,0
2022-04-02,Serie A,3657269,Salernitana,Torino,0.22621457489878544,0.35796221322537114,0.4158232118758435,0,1,2,53,14,3,1,1,72,15,9,9,2,1,10,4,346,106,143,58,18,31,2,50,8,0,8,4,67,46,56,27,3,1,47,8,5,3,2,74,21,2,3,0,1,6,2,334,95,152,33,50,15,3,67,20,2,42,3,65,54,44,56,4,0
2022-04-03,Serie A,3657264,Fiorentina,Empoli,0.5701012342254889,0.3211759811399251,0.10872278463458605,1,0,0,63,24,11,1,0,90,10,5,11,2,0,14,10,536,224,257,79,48,21,4,47,6,0,12,1,55,67,47,53,1,0,37,5,1,0,0,82,20,0,4,0,0,4,1,316,176,83,35,10,17,3,60,3,2,18,10,32,33,53,33,1,1
2022-04-03,Serie A,3657263,Atalanta,Napoli,0.36408292398634584,0.3269502955624011,0.30896678045125303,1,3,2,56,19,3,3,2,85,15,9,10,6,0,13,6,540,188,270,31,40,23,0,56,13,0,8,2,49,49,58,50,2,0,44,6,5,3,0,78,11,1,1,0,0,4,2,444,256,91,42,0,21,3,68,13,6,27,2,47,51,42,36,3,0
2022-04-03,Serie A,3657272,Udinese,Cagliari,0.45331246739697445,0.407755173013389,0.1389323595896366,5,1,0,51,24,11,9,6,85,19,2,8,5,0,18,6,439,197,174,49,45,14,2,50,10,1,9,2,55,49,57,70,2,0,49,6,3,0,0,78,15,2,2,1,0,4,2,423,165,167,38,22,9,2,39,13,5,14,6,54,51,43,44,2,1
2022-04-03,Serie A,3657270,Sampdoria,Roma,0.1916128428344098,0.31788823364223534,0.4904989235233549,0,1,2,49,8,3,0,0,78,15,4,1,4,0,5,3,451,187,167,44,13,19,0,60,10,1,13,0,46,52,50,56,2,0,51,6,1,2,1,83,13,4,3,2,0,5,1,479,274,122,45,11,11,3,43,11,4,15,3,44,48,50,18,3,0
2022-04-03,Serie A,3657266,Juventus,Inter,0.50872007094295,0.2219553650605971,0.2693245639964528,0,1,2,54,22,5,2,2,84,9,8,11,6,1,11,11,493,174,242,61,17,17,2,56,5,2,4,0,59,55,53,53,4,1,46,5,1,1,0,84,19,1,2,2,0,3,2,436,254,112,51,0,11,1,61,10,6,37,5,49,45,47,27,4,0
2022-04-04,Serie A,3657265,Hellas Verona,Genoa,0.4963632003836624,0.3488130445208217,0.15482375509551594,1,0,0,47,7,3,2,1,63,16,2,3,1,1,5,2,369,128,104,35,50,29,2,50,16,1,27,4,68,46,56,47,4,0,53,7,4,1,1,62,15,5,2,1,0,5,2,403,100,149,28,10,28,0,35,12,1,12,2,68,54,44,43,3,0
2022-04-04,Serie A,3657268,Milan,Bologna,0.6976410991147726,0.2143990175510413,0.08795988333418615,0,0,1,54,33,7,1,1,81,10,9,14,12,0,24,9,414,102,233,64,34,11,4,62,7,1,11,4,87,62,77,90,0,0,46,8,4,1,1,79,7,2,3,1,0,2,6,375,151,145,49,0,21,1,38,17,10,41,7,45,38,23,52,2,0
2022-04-09,Serie A,3657275,Empoli,Spezia,0.4267834793491865,0.42349812265331666,0.14971839799749687,0,0,1,57,15,4,0,0,75,11,5,8,3,0,12,3,413,130,180,42,31,33,2,37,6,5,10,4,61,58,55,47,2,0,43,11,5,2,2,69,18,4,2,4,0,9,2,318,98,123,25,36,23,0,60,10,3,24,4,45,42,45,45,2,0
2022-04-09,Serie A,3657277,Inter,Hellas Verona,0.6124497991967871,0.27455977757182576,0.11299042323138708,2,0,0,48,18,6,4,2,75,10,10,8,4,0,14,4,397,174,125,45,26,23,2,38,12,3,8,3,54,52,47,67,2,0,52,9,3,2,2,81,7,2,3,3,0,7,2,455,179,189,54,27,15,1,40,9,4,32,4,53,48,53,50,0,0
2022-04-09,Serie A,3657274,Cagliari,Juventus,0.15005819028222286,0.229269711958103,0.6206720977596741,1,2,2,40,4,1,0,0,69,19,1,2,1,0,2,2,327,83,143,44,27,25,0,57,8,3,19,4,39,42,39,40,1,0,60,20,6,2,2,82,10,4,9,5,0,11,9,487,165,232,48,19,35,3,64,9,1,14,0,56,58,61,50,0,0
2022-04-10,Serie A,3657276,Genoa,Lazio,0.19403980874013121,0.31557878349827645,0.49038140776159234,1,4,2,43,15,4,0,0,78,7,3,7,4,0,6,9,387,145,158,55,33,25,2,56,11,1,25,7,61,51,66,45,0,0,57,17,11,3,2,82,8,6,5,1,0,11,6,538,254,189,54,25,20,1,50,4,4,33,4,49,49,34,46,1,0
2022-04-10,Serie A,3657280,Sassuolo,Atalanta,0.2541424093148231,0.35691894312583966,0.3889386475593372,2,1,0,50,14,7,3,2,85,18,8,6,1,3,9,5,487,208,204,46,23,11,2,59,11,4,24,3,54,49,38,71,2,0,50,15,4,2,1,86,14,8,7,4,0,13,2,465,182,216,53,28,16,4,69,9,1,9,5,59,51,62,63,1,0
2022-04-10,Serie A,3657278,Napoli,Fiorentina,0.5812332874159306,0.29130540474839967,0.12746130783566972,2,3,2,50,15,3,3,2,84,10,3,8,4,0,10,5,492,256,159,38,42,19,5,50,7,2,11,1,47,43,52,56,0,0,50,11,4,1,0,85,17,2,5,2,0,8,3,500,273,152,45,33,8,1,53,8,4,12,1,57,57,48,70,3,0
2022-04-10,Serie A,3657282,Venezia,Udinese,0.2595662140715923,0.38864397813436785,0.35178980779403984,1,2,2,53,9,4,3,2,77,15,7,3,2,0,6,3,352,152,118,47,19,21,0,54,7,4,24,3,55,52,52,53,7,0,47,16,5,5,3,75,11,11,7,4,0,12,4,297,97,125,36,31,29,3,65,9,2,14,3,51,48,48,42,2,0
2022-04-10,Serie A,3657279,Roma,Salernitana,0.6185737976782753,0.28763589460106875,0.09379030772065598,2,1,0,67,17,7,2,1,85,16,9,5,5,0,11,6,512,218,217,63,46,22,1,48,13,0,4,2,68,62,44,56,5,0,33,6,3,1,1,74,23,2,3,0,0,3,3,261,92,101,44,17,10,0,85,11,5,17,5,49,38,56,37,8,0
2022-04-10,Serie A,3657281,Torino,Milan,0.1705340699815838,0.23916513198281153,0.5903007980356046,0,0,1,44,14,3,0,0,75,18,6,4,7,0,8,6,330,130,116,46,25,18,4,50,12,9,23,3,52,47,48,62,2,0,56,14,3,0,0,79,6,5,1,10,0,8,6,429,178,160,52,20,22,1,54,3,7,11,3,58,53,52,37,2,0
2022-04-11,Serie A,3657273,Bologna,Sampdoria,0.476614338889788,0.33694772616928303,0.18643793494092895,2,0,0,52,19,4,3,1,83,11,6,8,7,2,12,7,498,208,205,54,30,20,2,27,11,3,11,2,40,44,50,58,1,0,48,9,2,1,1,83,11,0,4,3,0,5,4,459,174,206,49,36,13,5,55,13,7,17,2,48,56,50,75,2,0
2022-04-15,Serie A,3657301,Spezia,Inter,0.18432941783916354,0.25067768168323223,0.5649929004776042,1,3,2,33,10,2,0,0,69,9,6,4,4,0,6,4,275,107,84,44,33,20,1,64,22,5,18,4,44,51,34,67,2,0,67,23,7,3,2,85,11,7,11,5,0,18,5,599,268,240,73,42,19,1,57,8,4,12,1,54,49,66,67,0,0
2022-04-15,Serie A,3657298,Milan,Genoa,0.6637660298351217,0.233381313792201,0.1028526563726773,2,0,0,59,10,5,4,2,83,10,3,4,1,0,7,3,497,283,128,61,44,22,3,53,8,1,8,2,75,54,65,51,1,0,41,7,1,0,0,73,19,1,5,1,0,3,4,344,133,119,44,29,24,1,60,3,1,13,3,58,46,35,50,2,0
2022-04-16,Serie A,3657294,Cagliari,Sassuolo,0.24961020552799432,0.3461374911410347,0.40425230333097095,1,0,0,36,16,8,1,0,66,16,3,4,4,1,9,7,287,75,113,45,43,24,6,56,15,1,19,2,75,54,50,63,2,0,64,8,2,0,0,79,11,3,4,2,0,4,4,512,232,171,40,30,26,1,61,10,4,13,8,66,46,50,57,2,0
2022-04-16,Serie A,3657300,Sampdoria,Salernitana,0.5373784780422394,0.35098893731143144,0.1116325846463292,1,2,2,67,5,1,2,1,85,18,5,2,2,0,3,2,597,257,252,58,17,25,2,50,6,0,8,0,55,54,30,41,1,0,33,7,2,1,0,73,23,2,5,0,0,4,3,292,109,105,60,27,14,4,50,13,1,32,0,60,46,70,50,7,0
2022-04-16,Serie A,3657302,Udinese,Empoli,0.472008987081071,0.38120202209324094,0.14678899082568808,4,1,0,39,13,5,1,0,75,19,4,6,2,0,8,5,298,88,136,49,13,17,3,55,16,9,15,3,40,49,32,67,1,0,61,15,4,2,1,82,13,7,2,9,0,11,4,454,204,167,53,28,13,1,57,10,2,14,2,49,51,68,44,4,0
2022-04-16,Serie A,3657295,Fiorentina,Venezia,0.5745180425111222,0.32254078101828965,0.10294117647058823,1,0,0,69,22,6,4,3,88,15,5,9,7,1,16,6,571,261,244,62,47,22,1,57,4,2,9,1,45,53,41,57,4,0,31,3,1,0,0,72,17,0,0,2,0,2,1,253,126,55,39,0,14,4,40,12,7,16,4,44,47,59,29,4,0
2022-04-16,Serie A,3657296,Juventus,Bologna,0.6791324899207563,0.23133602113165577,0.08953148894758793,1,1,1,51,23,4,3,2,85,11,4,14,5,1,14,9,392,134,201,69,35,23,3,72,6,1,9,1,53,60,68,67,1,0,49,9,2,1,0,83,11,5,6,1,0,3,6,388,180,141,47,10,21,0,50,12,4,15,3,33,40,32,53,3,2
2022-04-16,Serie A,3657297,Lazio,Torino,0.6009600653661525,0.2984373404146665,0.10060259421918089,1,1,1,48,10,4,2,1,85,10,9,3,3,0,5,5,469,233,164,61,8,17,0,72,4,6,14,2,44,53,41,27,1,0,52,12,4,1,1,88,12,7,3,5,1,9,3,512,285,165,63,42,14,1,50,11,3,33,3,45,47,59,47,2,0
2022-04-18,Serie A,3657299,Napoli,Roma,0.4833365255698142,0.2719785481708485,0.2446849262593373,1,1,1,50,9,4,1,0,84,21,5,2,3,0,5,4,413,183,162,52,7,14,1,53,7,0,15,5,49,45,39,60,4,0,50,8,6,4,4,83,12,5,2,0,1,8,0,423,226,126,58,27,22,1,53,9,3,10,3,63,55,61,62,2,1
2022-04-18,Serie A,3657293,Atalanta,Hellas Verona,0.5826306249507447,0.3028607455276224,0.1145086295216329,1,2,2,56,17,4,1,0,79,13,10,9,4,0,14,3,498,173,219,51,27,28,1,59,8,5,6,5,77,54,67,71,3,0,44,21,6,6,5,77,13,1,9,6,3,14,7,409,131,183,44,44,15,1,67,8,4,31,3,54,46,33,43,3,0
2022-04-20,Serie A,3657190,Udinese,Salernitana,0.5651998385143319,0.3200444085587404,0.11475575292692773,0,1,2,54,12,3,0,0,75,20,9,5,4,1,8,4,388,107,183,44,15,26,1,48,5,2,10,2,64,45,55,52,3,0,46,9,3,2,1,72,14,3,4,2,1,5,4,329,136,100,35,9,26,0,59,11,4,21,3,74,55,45,53,5,0
2022-04-23,Serie A,3657291,Torino,Spezia,0.476338465885012,0.38917926260771296,0.13448227150727504,2,1,0,56,15,6,4,3,82,9,5,4,5,0,13,2,510,181,235,36,25,15,1,60,12,3,19,1,53,60,54,56,1,0,44,7,2,1,0,72,13,6,2,3,0,3,4,408,163,131,34,22,19,1,50,7,5,10,4,40,40,46,67,2,0
2022-04-23,Serie A,3657292,Venezia,Atalanta,0.20006797326384956,0.3347683244590461,0.46516370227710435,1,3,2,40,8,2,1,0,78,12,0,3,3,1,5,3,410,158,161,45,17,16,2,62,14,5,22,1,66,53,55,50,0,0,60,19,5,4,1,82,13,7,10,4,2,15,4,616,276,232,57,38,18,0,58,11,3,10,1,57,47,45,50,3,0
2022-04-23,Serie A,3657287,Inter,Roma,0.5536378836092983,0.24712798662423818,0.1992341297664635,3,1,0,45,11,8,2,1,84,11,4,2,1,0,8,3,437,210,157,63,27,23,1,54,12,4,14,1,44,52,56,50,2,0,55,9,2,2,1,87,13,3,3,4,0,6,3,557,321,162,56,14,18,1,77,15,1,12,5,40,48,44,62,2,0
2022-04-23,Serie A,3657286,Hellas Verona,Sampdoria,0.48631950573698146,0.35140587567772036,0.1622746185852982,1,1,1,58,12,1,2,1,79,15,4,6,5,0,7,5,487,253,132,46,27,15,4,75,14,0,19,2,55,46,63,56,1,0,42,4,3,2,1,68,15,5,1,0,0,2,2,344,144,91,32,14,23,0,64,7,5,15,0,49,54,37,67,3,0
2022-04-24,Serie A,3657289,Salernitana,Fiorentina,0.21368648130393098,0.3320949185043145,0.45421860019175453,2,1,0,28,10,4,3,1,64,15,6,3,3,0,6,4,216,75,64,53,50,13,3,67,6,2,19,2,67,57,80,82,1,0,72,8,3,0,0,86,12,4,3,2,0,7,1,575,290,203,61,26,24,2,44,4,3,6,2,37,43,20,54,1,0
2022-04-24,Serie A,3657283,Bologna,Udinese,0.336309127248501,0.43051299133910725,0.23317788141239174,2,2,1,55,10,3,1,0,81,9,2,5,2,0,6,4,431,229,120,45,43,21,2,63,5,3,12,3,60,56,68,33,2,0,45,17,5,2,1,80,22,4,9,3,0,11,6,345,107,169,41,33,16,3,68,7,2,15,1,43,44,32,42,2,0
2022-04-24,Serie A,3657284,Empoli,Napoli,0.17747310292297439,0.3154336856136342,0.5070932114633914,3,2,0,40,17,7,3,1,77,14,10,6,4,0,11,6,342,132,131,45,21,19,1,90,15,6,23,0,33,36,30,56,4,0,60,16,2,1,0,82,9,7,8,6,0,13,3,518,231,193,66,19,14,2,62,21,4,13,5,61,64,70,68,1,0
2022-04-24,Serie A,3657285,Genoa,Cagliari,0.4038914363613831,0.41157516420869994,0.18453339942991698,1,0,0,56,13,2,0,0,57,21,2,5,6,0,8,5,384,86,134,38,25,25,3,47,6,5,14,1,82,49,53,42,3,0,44,11,1,1,1,52,18,3,5,5,1,9,2,310,87,75,33,33,31,1,63,16,4,24,1,79,51,47,46,2,0
2022-04-24,Serie A,3657288,Lazio,Milan,0.24492908342229677,0.2555030247572569,0.49956789182044636,1,2,2,46,7,2,1,0,79,13,2,3,2,0,3,4,410,194,129,53,50,22,0,50,9,9,30,6,42,34,52,33,3,0,54,25,8,3,1,80,15,8,8,9,0,16,9,452,195,166,52,32,19,2,50,11,2,6,1,69,66,48,91,4,0
2022-04-25,Serie A,3657290,Sassuolo,Juventus,0.2113113113113113,0.2457957957957958,0.5428928928928929,1,2,2,64,22,7,1,0,91,15,6,6,9,0,11,11,666,276,327,69,21,11,1,69,7,2,10,4,33,46,58,60,2,1,36,10,5,0,0,84,8,4,3,2,0,5,5,372,213,98,44,25,9,3,33,10,9,24,6,36,54,42,43,2,0
2022-04-27,Serie A,3657204,Fiorentina,Udinese,0.5521654551039213,0.3247670727961503,0.12306747209992833,0,4,2,73,18,7,5,5,86,12,14,7,4,0,16,2,510,236,201,58,26,20,2,54,5,3,9,4,57,53,58,48,3,0,27,17,8,7,5,66,22,2,6,3,1,14,3,201,68,64,33,25,13,4,48,4,4,27,7,49,48,42,31,4,0
2022-04-27,Serie A,3657202,Atalanta,Torino,0.5684309133489461,0.31508196721311477,0.11648711943793912,4,4,1,50,17,5,3,0,78,12,8,5,7,0,15,2,416,171,153,54,33,25,2,42,5,0,7,1,59,47,68,60,2,0,50,5,4,3,0,80,11,0,1,0,0,3,2,436,213,134,32,0,30,1,71,12,6,14,1,46,53,32,50,2,0
2022-04-27,Serie A,3657203,Bologna,Inter,0.18887710953840864,0.2462393627689751,0.5648835276926163,2,1,0,41,5,3,2,0,83,11,0,2,0,0,3,2,418,228,120,48,33,9,0,64,6,8,33,6,34,43,52,33,1,0,59,26,7,3,3,87,9,7,10,9,0,16,10,582,182,327,76,31,17,0,54,6,0,4,1,41,57,48,75,3,0
2022-04-30,Serie A,3657344,Cagliari,Hellas Verona,0.3133581004684219,0.39056695202713615,0.2960749475044419,1,2,2,58,14,5,1,1,74,16,2,4,5,2,9,5,421,153,158,49,28,33,2,37,5,4,7,2,78,49,52,50,2,0,42,13,4,2,1,64,17,2,5,4,0,9,4,304,99,97,39,0,14,3,56,16,5,21,4,77,51,48,50,4,0
2022-04-30,Serie A,3657348,Napoli,Sassuolo,0.5363307493540052,0.3133850129198966,0.1502842377260982,6,1,0,53,18,8,5,1,91,10,4,8,2,1,15,3,542,325,168,75,54,9,5,63,8,6,10,3,37,56,80,60,0,0,47,13,4,2,1,89,9,3,3,6,0,9,4,478,290,137,65,10,8,1,70,6,2,6,2,27,44,20,43,3,0
2022-04-30,Serie A,3657350,Sampdoria,Genoa,0.42620917734601077,0.40264572137246796,0.1711451012815213,1,0,0,49,10,2,2,1,69,13,1,4,4,0,7,3,334,126,103,41,40,28,1,57,17,2,21,4,77,48,69,35,3,0,51,14,4,2,2,65,23,2,7,3,0,9,5,341,115,108,22,36,30,4,66,12,4,14,1,61,52,31,43,1,0
2022-04-30,Serie A,3657351,Spezia,Lazio,0.19206773618538325,0.3096033868092692,0.4983288770053476,3,4,2,29,9,3,3,0,64,15,4,3,3,0,7,2,253,91,72,36,43,18,3,33,7,3,15,6,42,38,54,15,3,0,71,22,9,3,1,88,10,5,9,4,2,16,6,631,275,280,66,16,20,2,67,5,3,8,0,53,63,46,44,1,0
2022-05-01,Serie A,3657346,Juventus,Venezia,0.6743027888446215,0.22862396567575852,0.09707324547961999,2,1,0,50,17,4,2,0,84,17,8,7,6,1,11,6,411,190,154,57,44,19,0,62,7,1,14,2,54,49,55,67,3,0,50,9,3,1,1,84,12,4,5,1,0,4,5,421,192,160,44,13,19,0,73,5,6,19,2,53,51,45,68,3,0
2022-05-01,Serie A,3657347,Milan,Fiorentina,0.6419294990723562,0.23747680890538034,0.12059369202226346,1,0,0,48,13,2,3,3,79,17,2,7,4,0,9,4,391,194,116,45,14,26,6,79,17,4,6,2,47,55,44,56,1,0,52,8,2,0,0,80,17,2,2,4,0,5,3,430,203,140,60,40,18,2,58,4,4,14,1,42,45,56,33,3,0
2022-05-01,Serie A,3657345,Empoli,Torino,0.3277379179639908,0.42290510356030864,0.24935697847570054,1,3,2,38,11,4,1,1,72,14,5,5,2,0,3,8,275,83,114,38,8,30,1,58,14,2,10,0,43,44,48,42,2,2,62,13,3,4,1,82,11,4,6,4,0,8,5,441,132,228,51,35,18,1,53,10,2,17,3,52,56,52,56,2,0
2022-05-01,Serie A,3657352,Udinese,Inter,0.23260183880276492,0.2835380175827126,0.4838601436145225,1,2,2,48,7,3,1,0,87,12,5,3,1,0,3,4,428,167,204,55,14,16,1,43,8,4,16,3,40,42,58,47,2,0,52,12,5,5,3,87,10,11,3,4,1,12,0,464,243,159,64,38,12,2,60,3,1,11,3,48,58,42,73,1,0
2022-05-01,Serie A,3657349,Roma,Bologna,0.5741364785172705,0.2969671440606571,0.12889637742207244,0,0,1,42,17,5,1,1,77,10,10,6,6,0,10,7,349,128,142,49,29,26,1,62,16,1,12,4,48,46,42,44,0,0,58,10,4,3,3,81,9,5,5,1,0,7,3,502,214,195,54,11,20,2,68,7,6,18,5,59,54,58,45,1,0
2022-05-02,Serie A,3657343,Atalanta,Salernitana,0.5492574449887256,0.3058860119741855,0.14485654303708886,1,1,1,62,20,5,2,1,83,13,11,9,6,0,11,9,556,191,268,57,39,22,2,65,4,1,8,8,72,49,42,50,3,0,38,11,9,2,1,72,9,4,1,1,0,5,6,339,119,124,40,23,23,0,69,16,6,20,4,81,51,58,56,2,0
2022-05-05,Serie A,3657208,Salernitana,Venezia,0.4847920876316069,0.3278209082207806,0.18738700414761247,2,1,0,43,19,4,1,0,72,12,6,10,5,0,12,7,303,94,123,46,54,13,0,78,12,2,27,3,64,48,68,39,2,0,57,10,4,2,1,78,17,4,4,2,0,7,3,403,184,129,43,24,33,3,56,8,4,11,2,49,52,32,38,5,1
2022-05-06,Serie A,3657356,Inter,Empoli,0.6012223484233868,0.2639948077235113,0.13478284385310185,4,2,0,64,37,10,5,3,90,10,14,19,8,1,32,5,573,186,331,74,39,21,2,54,9,2,6,0,49,55,80,75,1,0,36,4,2,2,0,79,9,2,0,2,0,2,2,327,192,65,43,38,16,1,54,6,8,32,7,31,45,20,57,0,0
2022-05-06,Serie A,3657354,Genoa,Juventus,0.17390132111081155,0.2344567268805608,0.5916419520086277,2,1,0,46,18,6,5,3,81,13,9,10,2,0,13,5,417,122,214,40,35,13,3,79,12,4,14,3,57,54,48,54,2,0,54,12,4,2,2,81,15,2,4,4,1,7,5,505,252,157,64,33,21,3,54,8,2,21,4,52,46,52,56,3,0
2022-05-07,Serie A,3657361,Torino,Napoli,0.2113144758735441,0.3118968386023295,0.47678868552412645,0,1,2,43,10,3,0,0,80,18,6,4,3,0,5,5,340,165,108,44,18,15,2,47,4,2,7,5,43,47,42,50,2,0,57,11,6,2,2,84,11,4,3,2,0,7,4,467,231,160,51,36,24,1,56,3,2,10,3,51,53,58,60,3,0
2022-05-07,Serie A,3657359,Sassuolo,Udinese,0.4296678121420389,0.4013745704467354,0.16895761741122567,1,1,1,59,15,6,2,1,88,10,6,5,4,0,10,5,529,264,202,67,14,11,1,75,8,2,19,5,45,56,36,62,2,0,41,13,6,5,4,83,18,9,5,2,0,10,3,360,160,138,59,22,12,6,50,5,5,15,4,39,44,64,64,2,0
2022-05-07,Serie A,3657357,Lazio,Sampdoria,0.5904661016949152,0.30677966101694915,0.1027542372881356,2,0,0,62,16,10,2,0,89,9,6,3,3,0,10,6,741,350,313,52,25,17,0,36,9,3,11,2,47,54,33,63,1,0,38,9,2,1,1,82,9,0,4,3,1,5,4,458,275,99,44,15,25,2,50,11,3,17,8,48,46,67,44,1,0
2022-05-08,Serie A,3657360,Spezia,Atalanta,0.21455837830722654,0.34632091615111227,0.43912070554166116,1,3,2,35,5,1,2,1,70,10,0,4,0,1,4,1,294,119,88,25,25,23,4,75,13,5,20,3,54,53,53,29,2,0,65,17,6,4,2,86,12,3,6,5,1,10,7,551,194,278,60,23,31,3,63,6,0,9,0,48,47,47,36,3,0
2022-05-08,Serie A,3657362,Venezia,Bologna,0.2512541206822417,0.40017199369356454,0.3485738856241938,4,3,0,40,18,9,4,1,77,10,4,5,4,0,11,7,296,93,135,50,39,22,2,56,9,6,25,7,47,51,37,55,2,0,60,23,10,4,2,83,13,8,7,6,0,16,7,460,180,202,60,35,19,0,53,19,4,16,5,53,49,63,64,4,0
2022-05-08,Serie A,3657358,Salernitana,Cagliari,0.47018844609206056,0.36000411904026364,0.16980743486767583,1,1,1,49,13,2,2,1,78,12,7,6,5,0,9,4,351,158,115,53,20,12,1,60,3,2,21,2,65,60,54,57,5,1,51,9,3,0,0,80,17,6,4,2,1,7,2,365,170,123,58,29,20,1,42,6,5,21,1,48,40,46,27,2,1
2022-05-08,Serie A,3657355,Hellas Verona,Milan,0.18838071693448702,0.21275648949320147,0.5988627935723115,1,3,2,47,10,3,1,0,78,15,5,5,2,0,8,2,353,137,140,43,27,20,0,53,7,4,25,5,37,39,37,44,2,0,53,18,8,4,2,79,7,8,6,4,0,9,9,407,154,167,48,35,18,2,60,5,2,12,2,60,61,63,50,1,0
2022-05-09,Serie A,3657353,Fiorentina,Roma,0.25853634185303515,0.2858426517571885,0.4556210063897764,2,0,0,55,12,7,2,1,86,16,5,3,2,0,6,6,525,269,185,46,29,14,1,77,5,2,8,1,45,47,44,68,3,0,45,7,1,1,1,83,11,3,4,2,0,4,3,441,269,97,44,40,25,1,42,9,2,14,5,52,53,56,50,1,0
2022-05-14,Serie A,3657365,Empoli,Salernitana,0.3643658059870384,0.3700236601172719,0.2656105338956897,1,1,1,46,16,6,4,3,79,18,3,9,1,1,11,5,360,137,147,32,20,16,1,69,6,9,37,7,30,33,28,50,3,0,54,28,9,3,3,83,8,11,11,8,1,19,9,395,127,202,57,30,19,0,60,7,1,11,5,65,67,72,82,2,0
2022-05-14,Serie A,3657366,Hellas Verona,Torino,0.40094451003541914,0.41003541912632824,0.18902007083825265,0,1,2,47,11,5,1,1,74,17,4,4,2,0,9,2,351,118,141,43,39,16,1,57,7,2,10,4,55,38,47,29,3,0,53,11,5,3,3,76,18,4,4,2,0,7,4,404,167,141,43,25,17,1,42,10,2,21,5,77,62,53,86,2,0
2022-05-14,Serie A,3657372,Udinese,Spezia,0.4671570525229062,0.39618015227771325,0.13666279519938057,2,3,2,61,17,6,1,1,84,19,4,6,5,0,13,4,510,199,230,57,28,26,2,68,13,2,11,4,50,42,39,33,3,0,39,11,7,4,1,70,10,2,2,2,0,9,2,323,121,104,33,20,16,1,69,8,3,19,4,72,58,61,64,2,0
2022-05-14,Serie A,3657370,Roma,Venezia,0.6208189158016147,0.2761437908496732,0.10303729334871203,1,1,1,69,46,16,3,2,86,11,20,12,18,4,21,25,548,137,336,77,21,28,0,67,12,2,5,1,47,50,37,44,2,0,31,4,2,1,0,69,14,2,0,2,0,1,3,260,116,64,25,33,11,0,75,14,18,55,16,54,50,63,46,5,1
2022-05-15,Serie A,3657363,Bologna,Sassuolo,0.36559594251901945,0.40222597914905606,0.2321780783319245,1,3,2,55,8,2,3,2,85,9,4,2,4,0,7,1,448,207,174,56,15,19,5,67,9,4,13,4,42,52,47,63,0,0,45,16,7,4,2,82,10,9,5,4,1,13,3,373,103,204,55,33,14,1,57,7,4,16,1,40,48,53,56,1,0
2022-05-15,Serie A,3657369,Napoli,Genoa,0.587682391907618,0.30167397726255485,0.11064363082982723,3,0,0,67,17,9,2,1,86,13,9,5,3,1,12,5,526,249,204,62,28,16,3,69,4,4,10,3,50,56,60,59,1,0,33,11,3,1,1,78,15,2,4,4,1,4,7,263,86,118,48,10,15,3,43,14,3,22,6,38,44,40,46,1,0
2022-05-15,Serie A,3657368,Milan,Atalanta,0.6329780234241348,0.21915164276001228,0.14787033381585296,2,0,0,46,12,6,2,1,81,8,4,3,3,0,5,7,373,158,143,51,0,20,0,55,7,3,9,2,63,56,34,50,3,0,54,12,2,1,1,83,14,6,7,3,0,8,4,449,157,214,56,30,15,1,43,7,3,12,4,60,44,66,56,4,0
2022-05-15,Serie A,3657364,Cagliari,Inter,0.23030497592295346,0.24481540930979134,0.5248796147672552,1,3,2,38,10,2,1,1,81,12,2,5,3,0,5,5,334,162,107,51,10,20,0,58,9,2,12,4,46,56,50,67,0,0,62,17,7,4,2,89,15,5,8,2,3,14,3,565,326,179,68,40,21,0,100,12,3,15,1,39,44,50,40,2,0
2022-05-16,Serie A,3657371,Sampdoria,Fiorentina,0.813953488372093,0.15316760224538895,0.03287890938251804,4,1,0,36,12,5,3,1,76,18,4,1,6,0,10,2,279,147,64,36,45,17,4,47,8,2,15,0,37,43,33,43,3,1,64,12,1,2,1,87,9,5,8,3,0,10,2,488,203,221,55,23,15,3,86,3,6,6,1,53,57,67,53,3,0
2022-05-16,Serie A,3657367,Juventus,Lazio,0.5977730699118097,0.2534857368083953,0.14874119327979504,2,2,1,37,4,2,1,0,86,16,0,2,0,0,4,0,346,224,73,59,50,11,4,50,10,3,18,6,32,41,63,67,3,0,63,18,7,0,0,91,13,9,8,3,1,6,12,583,209,323,66,17,15,0,50,9,0,2,0,42,59,38,85,3,0
2022-05-20,Serie A,3657381,Torino,Roma,0.2403407362336477,0.28853057499239426,0.471128688773958,0,3,2,59,13,2,0,0,86,10,5,8,3,0,8,5,485,196,221,39,24,16,4,47,6,3,15,3,49,53,64,57,2,0,41,14,6,4,1,80,10,6,5,3,0,9,5,345,169,106,51,22,19,3,57,11,3,9,2,38,47,36,38,2,0
2022-05-21,Serie A,3657375,Genoa,Bologna,0.8235294117647058,0.15497737556561086,0.021493212669683258,0,1,2,51,18,5,0,0,74,17,9,7,6,1,10,8,384,146,138,46,16,23,2,57,17,4,11,3,58,47,51,24,3,0,49,11,4,1,0,73,10,9,3,4,0,10,1,373,141,130,42,47,36,4,48,10,6,19,5,62,53,49,32,1,0
2022-05-21,Serie A,3657374,Fiorentina,Juventus,0.8136132315521628,0.1342239185750636,0.05216284987277354,2,0,0,66,13,4,1,0,90,13,6,5,4,0,9,4,665,246,353,62,24,17,0,71,8,1,4,0,54,51,56,79,3,0,34,1,0,0,0,82,14,2,0,1,0,1,0,351,182,107,58,33,17,3,40,9,5,21,1,50,49,44,63,3,0
2022-05-21,Serie A,3657377,Lazio,Hellas Verona,0.8595848595848596,0.11843711843711843,0.02197802197802198,3,3,1,55,19,7,6,4,79,9,6,8,4,0,13,6,413,199,127,47,46,24,1,59,10,0,12,4,55,57,55,27,2,0,45,10,7,2,0,74,19,4,3,0,0,5,5,340,132,120,36,27,23,4,65,7,4,12,5,42,43,45,21,6,0
2022-05-21,Serie A,3657373,Atalanta,Empoli,0.5535378835316218,0.3287413901064496,0.11772072636192861,0,1,2,62,40,11,3,3,86,6,15,12,17,2,27,13,586,161,344,63,41,17,2,76,11,1,10,2,46,57,56,47,1,0,38,7,3,0,0,79,7,2,3,1,0,2,5,369,179,112,37,17,21,2,64,12,17,34,9,35,43,44,38,1,0
2022-05-22,Serie A,3657380,Spezia,Napoli,0.7754342431761787,0.1662531017369727,0.05831265508684864,0,3,2,32,16,4,2,2,86,10,4,10,2,1,11,5,296,137,118,71,39,10,2,63,12,5,15,1,44,57,67,61,1,0,68,10,4,2,1,90,9,2,1,5,0,3,7,679,357,256,71,0,14,0,69,4,2,14,4,32,43,33,50,2,0
2022-05-22,Serie A,3657379,Sassuolo,Milan,0.19213759213759213,0.18291438291438292,0.6249480249480249,0,3,2,54,15,3,0,0,86,8,3,9,3,0,4,11,416,182,177,62,25,11,0,46,8,3,15,8,40,44,47,70,2,0,46,18,12,6,5,83,13,7,4,2,1,15,3,356,167,129,57,29,14,3,57,3,3,7,3,50,56,53,65,1,0
2022-05-22,Serie A,3657376,Inter,Sampdoria,0.6073944722105137,0.24056120912868068,0.15204431866080567,3,0,0,58,28,12,5,5,92,6,8,6,10,0,18,10,644,250,341,74,39,14,1,62,9,2,4,3,36,53,44,56,1,0,42,8,3,1,1,89,12,2,3,2,0,6,2,462,269,144,63,25,11,2,50,6,11,20,8,35,47,56,75,2,0
2022-05-22,Serie A,3657378,Salernitana,Udinese,0.4634777715250422,0.3253798536859876,0.21114237478897016,0,4,2,53,25,10,5,5,88,11,7,10,5,1,16,9,480,172,249,68,47,10,2,46,12,2,14,7,42,44,50,41,1,0,47,19,11,3,1,82,12,1,6,2,1,8,11,445,232,135,40,33,10,2,47,7,5,20,11,51,56,50,59,1,0
2022-05-22,Serie A,3657382,Venezia,Cagliari,0.8092592592592592,0.14444444444444443,0.046296296296296294,0,0,1,43,7,1,1,1,74,6,6,5,1,0,3,4,379,180,101,32,27,15,5,37,3,12,43,7,72,61,60,42,0,0,57,31,7,1,1,83,19,11,12,12,0,19,12,473,139,254,67,32,13,3,57,6,1,11,1,47,39,40,53,3,0
