match_date,league_name,matchid,home_team,away_team,home_probability_win,draw_probability,away_probability_win,home_goals,away_goals,ftr,home_ball_possession,home_total_shots,home_shots_on_target,home_big_chances,home_big_misses,home_accurate_passes,home_fouls_commited,home_corners,home_shots_off_target,home_blocked_shots,home_hit_woodwork,home_shots_inside_box,home_shots_outside_box,home_passes,home_own_half,home_opposition_half,home_accurate_long_balls,home_accurate_crosses,home_throws,home_offsides,home_tackles_won,home_interceptions,home_blocks,home_clearances,home_keeper_save,home_duels_won,home_geround_duels_won,home_aerial_duels_won,home_successful_dribbles,home_yellow_cards,home_red_cards,away_ball_possession,away_total_shots,away_shots_on_target,away_big_chances,away_big_misses,away_accurate_passes,away_fouls_commited,away_corners,away_shots_off_target,away_blocked_shots,away_hit_woodwork,away_shots_inside_box,away_shots_outside_box,away_passes,away_own_half,away_opposition_half,away_accurate_long_balls,away_axxurate_crosses,away_throws,away_offsides,away_tackles_won,away_interceptions,away_blocks,away_clearances,away_keeper_save,away_duels_won,away_geround_duels_won,away_aerial_duels_won,away_successful_dribbles,away_yellow_cards,away_red_cards
2018-08-18,Serie A,2846843,Chievo Verona,Juventus,0.07874263614696227,0.4272608715204389,0.49399649233259885,2,3,2,28,6,2,2,0,76,8,0,4,0,0,2,4,261,116,83,47,33,12,1,57,11,4,44,8,48,59,33,56,2,0,72,27,10,4,3,91,9,8,13,4,0,17,10,679,300,317,71,24,20,3,36,8,0,6,0,48,41,67,55,0,0
2018-08-18,Serie A,2846845,Lazio,Napoli,0.31512448903753254,0.3333333333333333,0.35154217762913414,1,2,2,35,10,1,2,1,80,8,4,6,3,1,6,4,403,171,150,45,44,11,4,72,14,2,20,1,46,50,55,47,0,0,65,10,3,2,1,86,5,7,5,2,0,6,4,741,280,357,51,24,23,2,58,10,3,13,0,43,50,45,33,0,0
2018-08-19,Serie A,2846849,Torino,Roma,0.18705329793751277,0.35715744333265265,0.4557892587298346,0,1,2,42,10,4,1,1,73,10,6,6,0,1,6,4,324,119,118,53,5,22,2,85,13,6,12,4,61,58,49,67,1,0,58,17,6,1,1,81,14,5,6,5,3,12,5,447,179,184,54,39,21,1,62,13,0,28,4,51,42,51,55,3,0
2018-08-19,Serie A,2846844,Empoli,Cagliari,0.5012376237623762,0.2908415841584158,0.2079207920792079,2,0,0,46,9,4,3,1,75,19,6,4,1,0,7,2,407,163,143,43,27,18,5,50,8,3,37,3,65,57,53,79,3,0,54,15,3,0,0,81,19,6,9,3,1,9,6,458,159,210,55,30,20,0,69,15,1,11,2,52,43,48,33,3,0
2018-08-19,Serie A,2846847,Parma Calcio 1913,Udinese,0.4616166751398068,0.28215556685307575,0.25622775800711745,2,2,1,44,10,4,1,0,81,14,4,2,4,0,10,0,345,152,127,52,26,17,1,62,5,3,22,2,37,51,31,43,2,0,56,17,5,2,0,88,13,5,10,2,0,9,8,434,190,191,56,13,10,0,70,8,4,27,2,47,49,69,45,2,0
2018-08-19,Serie A,2846848,Sassuolo,Inter,0.15561959654178675,0.34705640181144504,0.4973240016467682,1,0,0,38,12,2,2,1,80,23,4,5,5,1,9,3,347,156,120,46,25,16,3,67,13,3,32,3,38,36,32,44,3,0,62,14,3,2,2,87,11,4,8,3,0,7,7,555,217,266,59,19,13,1,76,12,5,12,1,70,64,68,64,2,0
2018-08-19,Serie A,2846842,Bologna,SPAL,0.6415195291599786,0.23113964686998395,0.12734082397003746,0,1,2,41,13,3,1,1,73,16,7,6,4,1,8,5,334,110,134,52,22,17,4,73,12,2,6,4,69,50,54,43,2,1,59,13,5,0,0,82,15,0,6,2,0,5,8,513,226,193,49,45,25,0,57,12,4,24,3,65,50,46,63,2,0
2018-08-20,Serie A,2846841,Atalanta,Frosinone,0.790667361835245,0.14337851929092804,0.0659541188738269,4,0,0,58,17,9,4,1,86,15,4,7,1,0,12,5,573,188,305,63,21,17,6,64,10,0,9,0,42,44,54,75,0,0,42,6,0,1,1,80,11,4,6,0,1,1,5,406,190,133,42,0,23,3,57,4,1,22,5,47,56,46,55,2,0
2018-08-25,Serie A,2846856,Juventus,Lazio,0.8608464125560538,0.08478139013452915,0.05437219730941704,2,0,0,55,16,7,3,2,83,11,6,4,5,0,8,8,530,235,207,57,15,13,0,55,13,1,14,2,54,58,46,73,3,0,45,9,2,0,0,82,14,2,6,1,0,3,6,432,167,188,49,13,18,2,43,22,5,27,5,45,42,54,44,2,0
2018-08-25,Serie A,2846857,Napoli,Milan,0.5318319618882633,0.24267359607333622,0.22549444203840047,3,2,0,50,24,8,2,1,90,11,5,9,7,0,13,11,596,163,371,64,15,12,3,55,15,2,12,0,51,56,62,76,2,0,50,8,2,0,0,88,11,1,4,2,0,7,1,585,376,138,56,20,24,2,75,9,7,22,5,39,44,38,67,2,0
2018-08-26,Serie A,2846859,SPAL,Parma Calcio 1913,0.5605402797877472,0.26049204052098407,0.1789676796912687,1,0,0,58,18,5,1,1,84,13,7,10,3,0,12,6,484,187,218,48,23,14,0,75,15,1,19,0,50,49,56,89,5,0,42,4,0,1,1,74,14,2,3,1,0,2,2,354,171,92,39,20,24,2,55,11,3,21,4,47,51,44,57,2,0
2018-08-26,Serie A,2846851,Cagliari,Sassuolo,0.3666859456333141,0.34123770965876227,0.29207634470792365,2,2,1,41,15,6,2,2,78,14,7,6,3,0,12,3,346,130,141,52,38,20,1,70,16,1,21,3,54,63,59,50,4,0,59,13,5,3,1,83,16,2,6,2,0,9,4,512,262,164,49,38,33,1,75,13,3,18,4,33,37,41,29,2,1
2018-08-26,Serie A,2846852,Fiorentina,Chievo Verona,0.754930966469428,0.17209072978303747,0.07297830374753451,6,1,0,47,22,12,4,1,83,14,2,6,4,0,14,8,491,266,141,49,50,13,2,53,16,2,27,3,47,47,70,50,1,0,53,8,3,1,1,83,9,3,2,3,0,5,3,544,252,197,49,12,31,5,71,8,5,12,5,39,53,30,56,3,0
2018-08-26,Serie A,2846853,Frosinone,Bologna,0.33676470588235297,0.33088235294117646,0.3323529411764706,0,0,1,52,11,4,2,2,77,16,2,5,2,0,9,2,448,231,116,52,55,28,0,46,10,8,29,3,49,44,41,56,2,0,48,15,3,1,1,77,10,5,4,8,0,5,10,410,128,189,52,20,28,0,45,15,2,11,4,67,56,59,43,1,0
2018-08-26,Serie A,2846854,Genoa,Empoli,0.6197360150848523,0.24638592080452545,0.13387806411062225,2,1,0,30,8,3,1,0,75,13,3,5,0,0,7,6,263,82,115,52,13,11,0,65,9,0,37,3,57,51,64,44,0,0,70,11,4,1,0,86,16,6,7,0,1,9,9,619,195,336,62,19,19,3,75,8,0,16,1,47,49,36,56,0,0
2018-08-26,Serie A,2846855,Inter,Torino,0.7583823905810084,0.15357051446122344,0.08804709495776811,2,2,1,54,9,5,0,0,83,14,5,4,0,0,7,6,525,241,193,58,29,19,2,76,13,0,21,4,54,52,57,43,0,0,46,10,6,1,0,80,15,4,4,0,0,8,5,444,217,138,41,36,13,3,86,11,0,18,3,46,48,43,63,0,0
2018-08-26,Serie A,2846860,Udinese,Sampdoria,0.4458680333119795,0.31582319026265215,0.23830877642536835,1,0,0,34,14,6,4,4,73,7,8,8,0,0,7,10,288,99,111,48,11,18,1,69,15,0,38,3,55,60,39,53,0,0,66,9,3,0,0,83,10,7,6,0,1,7,8,580,213,267,38,20,17,0,53,18,0,17,5,46,40,61,50,0,0
2018-08-27,Serie A,2846858,Roma,Atalanta,0.725550518134715,0.17292746113989638,0.1015220207253886,3,3,1,55,25,10,2,1,82,9,3,10,5,0,15,10,496,215,190,49,37,24,0,55,4,11,25,2,53,47,53,50,1,0,45,23,6,5,2,73,13,11,7,10,1,15,8,393,132,155,42,17,19,6,50,14,5,21,7,54,53,47,63,1,0
2018-08-31,Serie A,2846866,Milan,Roma,0.49525768483601873,0.27505427951091305,0.22968803565306822,2,1,0,51,26,10,2,0,89,8,8,9,7,0,13,13,540,238,244,48,22,12,7,60,14,1,26,1,40,54,38,67,0,0,49,6,2,0,0,85,7,3,3,1,0,3,3,528,223,227,62,20,16,1,38,15,7,21,8,42,46,62,57,2,0
2018-09-01,Serie A,2846862,Bologna,Inter,0.1896149358226371,0.33663943990665113,0.47374562427071176,0,3,2,27,8,1,1,1,72,8,3,7,0,0,4,4,284,119,85,47,21,17,3,79,11,3,41,0,45,42,67,20,1,0,73,13,3,5,3,90,10,7,7,3,0,8,5,805,258,469,76,7,27,2,46,6,0,19,1,43,58,33,62,1,0
2018-09-01,Serie A,2846867,Parma Calcio 1913,Juventus,0.10152188297570659,0.3828339162491729,0.5156442007751205,1,2,2,34,11,4,4,3,80,16,4,3,4,1,6,5,302,107,135,49,6,16,1,78,8,7,38,4,33,37,40,46,1,0,66,24,6,2,1,90,10,7,11,7,1,14,10,591,193,340,72,24,15,2,57,10,4,12,3,54,63,60,67,3,0
2018-09-02,Serie A,2846864,Fiorentina,Udinese,0.7436781609195402,0.178544061302682,0.07777777777777778,1,0,0,63,14,3,1,1,82,11,11,9,2,0,8,6,451,176,193,53,22,14,0,75,10,2,22,1,55,48,43,58,3,0,37,6,1,0,0,69,15,4,3,2,0,3,3,271,82,104,34,0,22,0,61,9,2,21,2,65,52,57,56,1,0
2018-09-02,Serie A,2846861,Atalanta,Cagliari,0.7617717478052674,0.174780526735834,0.06344772545889864,0,1,2,53,10,2,0,0,80,15,5,5,3,0,6,4,490,188,203,57,11,26,2,55,14,1,23,2,55,52,42,60,2,0,47,6,3,0,0,77,17,4,2,1,0,3,3,439,198,142,47,13,18,2,71,15,3,25,2,62,48,58,50,2,0
2018-09-02,Serie A,2846863,Chievo Verona,Empoli,0.5175943698016635,0.3019833653230966,0.18042226487523993,0,0,1,35,9,3,2,2,73,10,4,5,1,0,5,4,350,154,100,40,24,27,3,61,12,1,24,2,49,54,62,20,1,0,65,13,2,2,2,85,11,6,10,1,1,7,6,665,291,273,57,20,38,2,50,10,1,10,3,37,46,38,47,1,0
2018-09-02,Serie A,2846865,Lazio,Frosinone,0.7931034482758621,0.13993584603047313,0.0669607056936648,1,0,0,65,23,5,5,5,88,11,7,12,6,1,13,10,650,193,376,55,35,17,4,70,12,5,22,2,50,53,54,53,1,0,35,9,2,0,0,71,8,7,2,5,0,6,3,349,137,110,24,29,25,0,65,10,6,37,4,44,47,46,45,2,0
2018-09-02,Serie A,2846868,Sampdoria,SSC Napoli,0.16695551704217215,0.34979780473714617,0.4832466782206817,3,0,0,49,7,3,1,0,83,13,4,4,0,0,4,5,495,253,160,40,42,14,2,56,10,0,30,4,54,53,38,46,0,0,51,11,4,2,2,87,19,5,7,0,0,9,9,510,228,216,72,29,28,2,76,11,0,17,0,53,47,63,58,0,0
2018-09-02,Serie A,2846869,Sassuolo,Genoa,0.5760397268777157,0.28367473618870265,0.14028553693358162,5,3,0,44,10,7,4,0,77,13,2,3,0,0,7,3,383,200,93,44,43,20,3,61,10,9,36,2,54,46,41,60,3,0,56,21,5,3,1,82,19,10,6,10,0,14,7,468,182,202,48,15,20,1,70,14,0,15,3,67,54,59,64,3,0
2018-09-02,Serie A,2846870,Torino,SPAL 2013,0.6536394723986322,0.22178798241328773,0.12457254518808011,1,0,0,52,8,6,5,4,75,16,9,2,0,0,6,4,384,129,160,46,22,14,3,76,11,0,24,2,64,46,59,31,0,0,48,8,2,1,1,75,16,10,6,0,0,7,3,330,114,132,48,16,22,0,61,11,0,23,5,63,54,41,32,0,0
2018-09-15,Serie A,2846875,Inter,Parma Calcio 1913,0.8066902541009972,0.13251849469282728,0.060791251206175616,0,1,2,73,28,8,0,0,88,10,10,14,6,0,15,13,625,186,365,66,22,34,2,79,3,2,4,4,39,50,55,70,2,0,27,9,5,0,0,74,8,1,2,2,0,4,5,241,116,62,47,0,8,4,73,10,7,58,7,37,50,45,78,2,0
2018-09-15,Serie A,2846877,Napoli,Fiorentina,0.699394754539341,0.19704102219233355,0.10356422326832548,1,0,0,57,22,4,1,1,87,15,10,14,4,0,14,8,562,198,290,57,26,14,0,58,7,4,11,1,45,49,57,44,1,0,43,9,1,0,0,85,17,3,4,4,0,3,6,431,235,133,59,25,12,4,56,12,4,22,3,45,51,43,44,4,0
2018-09-15,Serie A,2846873,Frosinone,Sampdoria,0.2545344619105199,0.3252720677146312,0.42019347037484883,0,5,2,38,9,3,2,2,83,13,5,4,2,0,6,3,368,213,93,52,10,21,4,63,9,0,6,2,39,47,27,29,3,0,62,11,7,3,0,90,16,3,4,0,0,8,3,639,302,273,54,22,12,4,65,6,2,19,3,48,53,73,63,1,0
2018-09-16,Serie A,2846878,Roma,Chievo Verona,0.7901276024177301,0.15312290127602418,0.0567494963062458,2,2,1,56,16,9,4,2,90,10,9,6,1,0,10,6,616,261,294,80,27,15,3,78,9,3,12,4,43,51,70,42,1,0,44,13,5,2,2,88,15,2,5,3,0,4,9,490,281,150,48,21,18,2,67,16,1,26,7,34,49,30,50,1,0
2018-09-16,Serie A,2846874,Genoa,Bologna,0.6261530113944656,0.24796527400976667,0.12588171459576777,1,0,0,51,13,4,0,0,81,14,5,5,4,0,8,5,376,149,156,53,31,22,0,83,12,6,24,0,67,63,48,65,2,0,49,12,0,0,0,79,21,3,5,7,0,8,4,345,158,115,54,20,22,1,64,4,4,26,3,51,37,52,17,5,1
2018-09-16,Serie A,2846876,Juventus,Sassuolo,0.8691825077254425,0.07959546774042513,0.05122202453413241,2,1,0,42,18,4,3,2,87,13,10,9,5,0,12,6,397,169,175,65,27,20,1,69,14,5,12,4,45,53,53,59,3,1,58,15,5,1,0,90,15,4,5,5,0,5,10,553,240,256,66,28,12,0,71,6,5,23,3,40,47,47,40,3,0
2018-09-16,Serie A,2846880,Udinese,Torino,0.36162162162162165,0.3335135135135135,0.30486486486486486,1,1,1,33,6,1,1,1,74,16,3,5,0,0,3,3,271,117,83,46,30,16,1,70,6,0,34,3,56,48,47,33,0,0,67,11,4,0,0,86,15,7,7,0,0,5,9,521,209,240,69,13,8,2,55,3,0,8,0,62,53,53,54,0,0
2018-09-16,Serie A,2846872,Empoli,Lazio,0.23003194888178913,0.3354632587859425,0.43450479233226835,0,1,2,54,12,3,3,3,83,13,4,6,3,0,5,7,555,253,210,49,13,22,2,100,11,7,11,2,29,39,32,71,2,0,46,21,3,4,3,79,11,7,11,7,2,16,5,463,177,188,50,47,13,2,47,15,3,18,3,51,61,68,43,3,0
2018-09-16,Serie A,2846871,Cagliari,Milan,0.1735908376375477,0.3435885919604761,0.4828205704019762,1,1,1,36,6,2,1,0,79,12,3,3,1,1,3,3,372,179,115,56,20,14,2,75,11,8,23,5,38,41,64,27,1,0,64,21,6,4,3,90,12,8,7,8,0,14,7,643,239,339,64,25,19,1,38,3,1,14,1,42,59,36,64,1,0
2018-09-17,Serie A,2846879,SPAL 2013,Atalanta,0.31148936170212765,0.33361702127659576,0.3548936170212766,2,0,0,43,14,5,2,1,75,16,4,9,0,0,12,5,344,121,137,42,43,10,0,59,11,0,21,1,64,55,51,58,0,0,57,10,1,0,0,84,19,4,9,0,0,4,9,466,182,208,62,12,17,0,94,10,0,21,3,54,45,49,75,0,0
2018-09-19,Serie A,2846850,Sampdoria,Fiorentina,0.46951970443349755,0.3103448275862069,0.22013546798029557,1,1,1,60,10,4,0,0,81,14,4,6,0,1,2,8,502,178,228,49,31,21,3,56,4,1,17,8,54,52,54,53,3,0,40,15,9,3,2,74,15,6,5,1,0,10,5,321,154,83,33,20,17,1,57,15,0,13,3,49,48,46,29,2,0
2018-09-21,Serie A,2846889,Sassuolo,Empoli,0.7336914811972371,0.18751598874392428,0.07879253005883857,3,1,0,60,23,7,3,1,92,14,5,11,5,0,12,11,628,271,305,64,25,11,0,50,8,8,10,1,27,38,38,75,1,0,40,15,2,0,0,84,10,4,5,8,0,12,3,405,149,192,63,21,14,3,56,10,5,9,4,44,62,62,50,2,1
2018-09-22,Serie A,2846887,Parma Calcio 1913,Cagliari,0.5796098174952801,0.2548772813089994,0.16551290119572057,2,0,0,28,18,6,5,3,76,15,4,8,4,0,16,2,235,104,74,34,33,15,2,69,12,6,39,2,41,47,54,55,2,0,72,16,2,0,0,88,5,11,7,7,0,9,7,591,191,332,66,13,29,3,100,11,4,13,4,42,53,46,38,1,0
2018-09-22,Serie A,2846883,Fiorentina,SPAL,0.6613475177304965,0.22783687943262412,0.11081560283687943,3,0,0,53,17,5,3,1,86,8,11,9,3,0,12,5,435,197,178,68,23,20,4,75,8,2,11,2,38,50,42,50,1,0,47,7,2,1,1,84,12,1,3,2,0,2,5,396,217,117,63,29,16,0,68,7,3,23,2,42,50,58,25,2,0
2018-09-22,Serie A,2846888,Sampdoria,Inter,0.3111300882436664,0.30600626245374324,0.38286364930259037,0,1,2,48,9,3,0,0,82,15,3,4,2,0,4,5,460,204,171,44,17,12,2,54,11,0,28,2,46,57,55,64,0,0,52,16,3,0,0,83,15,12,8,5,1,12,4,472,212,179,58,19,14,2,73,17,0,13,3,36,43,45,30,0,0
2018-09-23,Serie A,2846890,Torino,SSC Napoli,0.22719789265722753,0.3539677313137965,0.41883437602897594,1,3,2,48,7,2,1,0,85,18,4,5,0,0,5,5,435,228,143,66,13,12,2,70,7,0,13,3,42,49,36,69,0,0,52,13,6,5,2,84,16,6,7,0,1,9,7,481,227,179,56,31,23,2,71,11,0,17,1,50,51,64,29,0,0
2018-09-23,Serie A,2846881,Bologna,Roma,0.19250425894378195,0.35638841567291313,0.45110732538330495,2,0,0,28,11,2,3,2,67,7,1,7,2,0,4,7,224,100,51,29,43,14,3,78,6,4,39,8,42,55,29,29,2,0,72,26,8,6,6,88,13,10,12,6,0,22,4,566,179,320,76,26,26,0,64,9,2,10,0,51,45,71,40,4,0
2018-09-23,Serie A,2846882,Chievo Verona,Udinese,0.4242053789731051,0.33863080684596575,0.2371638141809291,0,2,2,60,14,5,2,2,84,18,7,7,2,0,9,5,504,224,200,57,42,18,0,67,9,2,14,3,41,35,46,60,1,0,40,11,5,1,0,80,10,3,4,2,1,9,2,344,166,110,60,11,14,4,36,4,2,28,5,64,65,54,82,1,0
2018-09-23,Serie A,2846885,Lazio,Genoa,0.6996012405848472,0.20381036774479397,0.09658839167035889,4,1,0,56,20,7,5,2,87,10,5,8,5,0,15,5,497,170,261,69,55,22,0,69,12,3,15,3,46,44,56,43,1,0,44,11,4,1,0,84,7,3,4,3,0,4,7,382,180,139,48,12,21,2,59,18,5,11,3,51,56,44,50,2,0
2018-09-23,Serie A,2846886,Milan,Atalanta,0.7019976498237368,0.19576968272620446,0.10223266745005875,2,2,1,56,17,5,4,3,85,7,4,8,4,1,10,7,550,248,220,57,32,18,5,52,13,4,15,3,42,52,48,60,2,0,44,15,6,3,1,83,5,3,6,3,0,11,4,435,151,208,47,33,18,2,69,20,4,11,3,41,48,52,44,1,0
2018-09-23,Serie A,2846884,Frosinone,Juventus,0.12135779456489748,0.3647601295006377,0.5138820759344648,0,2,2,28,3,0,0,0,76,16,3,3,0,0,1,2,229,78,95,45,13,18,1,53,6,12,49,5,38,41,44,33,3,0,72,29,8,3,1,90,9,5,10,11,0,17,12,624,159,402,70,18,22,1,80,5,0,11,0,52,59,56,63,1,0
2018-09-25,Serie A,2846896,Inter,Fiorentina,0.6738735097999596,0.20913315821378056,0.11699333198625984,2,1,0,50,13,3,3,1,77,18,6,7,3,0,10,3,393,167,135,50,24,16,1,50,9,8,19,4,63,49,47,33,1,0,50,16,4,3,3,77,23,3,4,8,1,8,8,411,173,144,48,59,14,2,64,17,2,28,1,66,51,53,30,3,0
2018-09-26,Serie A,2846901,Udinese,Lazio,0.24877865464111237,0.33897031191281474,0.4122510334460729,1,2,2,52,12,5,1,1,80,9,6,6,1,0,5,7,475,220,160,48,17,15,1,63,11,5,11,0,50,63,46,58,2,0,48,10,2,4,2,83,18,4,3,5,0,4,6,456,187,192,47,18,16,1,70,9,1,30,5,36,37,54,33,6,0
2018-09-26,Serie A,2846892,Atalanta,Torino,0.6435091277890467,0.25557809330628806,0.10091277890466531,0,0,1,58,10,3,1,1,74,13,11,7,0,0,9,4,472,169,178,40,19,25,2,61,17,0,12,0,73,52,63,36,0,0,42,3,0,0,0,64,17,1,3,0,0,1,6,365,113,121,45,0,22,1,74,13,0,30,3,56,48,37,50,0,0
2018-09-26,Serie A,2846893,Cagliari,Sampdoria,0.33102143757881464,0.35687263556116017,0.3121059268600252,0,0,1,47,14,1,2,2,74,17,7,12,1,1,10,4,454,191,146,42,41,21,5,74,16,1,15,3,65,53,53,14,1,0,53,13,3,4,4,76,22,3,9,1,2,6,7,525,222,175,40,29,27,2,63,8,1,24,1,58,47,47,46,3,0
2018-09-26,Serie A,2846895,Genoa,Chievo Verona,0.6592741935483871,0.24731182795698925,0.09341397849462366,2,0,0,49,18,4,2,2,80,13,7,9,5,1,11,7,470,205,169,56,23,25,0,82,12,1,28,2,57,52,60,53,4,0,51,10,2,4,4,81,17,4,7,1,0,8,2,479,184,202,56,29,28,2,38,10,5,34,2,47,48,40,86,4,0
2018-09-26,Serie A,2846897,Juventus,Bologna,0.8746306458421275,0.0824539186717321,0.04291543548614043,2,0,0,77,15,8,1,0,92,12,3,6,1,0,8,7,826,341,419,78,26,16,2,64,11,0,13,2,45,49,42,67,2,0,23,5,2,0,0,71,14,0,3,0,0,4,1,244,89,84,50,14,23,0,71,12,1,14,6,51,51,58,43,3,0
2018-09-26,Serie A,2846899,Roma,Frosinone,0.7404547404547405,0.18146718146718147,0.07807807807807808,4,0,0,68,18,10,3,1,93,13,4,4,4,0,10,8,812,293,463,84,25,7,1,50,6,2,15,1,31,43,50,80,0,0,32,11,1,0,0,79,9,3,7,3,1,6,5,366,192,97,36,19,15,0,80,8,4,15,6,38,57,50,67,1,0
2018-09-26,Serie A,2846898,Napoli,Parma Calcio 1913,0.7380863039399624,0.17298311444652908,0.08893058161350845,3,0,0,67,26,7,3,1,92,9,2,15,4,1,12,14,764,279,422,78,22,17,1,67,13,0,12,0,43,66,19,88,0,0,33,3,0,0,0,81,14,2,3,0,0,0,3,380,214,92,66,0,15,5,40,17,4,15,4,34,34,81,27,3,0
2018-09-27,Serie A,2846900,SPAL,Sassuolo,0.4093123984840282,0.3197076340010828,0.270979967514889,0,2,2,51,12,2,1,1,85,15,6,7,3,0,6,6,442,247,130,59,16,15,5,67,8,1,18,4,39,44,57,0,1,0,49,12,6,3,1,85,13,7,5,1,1,6,6,429,206,158,53,6,20,4,50,5,2,15,2,44,56,43,58,0,0
2018-09-27,Serie A,2846894,Empoli,Milan,0.2002303705125744,0.35477058936456135,0.4449990401228643,1,1,1,47,3,3,2,1,82,13,3,0,0,0,2,1,454,184,190,58,18,21,6,67,11,7,23,10,48,43,50,30,2,0,53,24,10,2,2,85,9,10,7,7,0,15,9,502,185,242,58,30,28,0,65,8,0,12,2,59,57,50,100,2,0
2018-09-29,Serie A,2846909,Roma,Lazio,0.5425997425997426,0.2674388674388674,0.18996138996138995,3,1,0,44,17,7,6,4,81,11,8,4,6,0,10,7,340,162,112,51,18,25,0,64,12,5,24,3,57,54,63,57,3,0,56,16,4,2,1,81,11,9,7,5,0,11,5,430,175,174,52,13,17,5,59,5,6,19,4,42,46,37,75,1,0
2018-09-29,Serie A,2846908,Juventus,SSC Napoli,0.7585090640029597,0.14104698483166853,0.1004439511653718,3,1,0,52,15,9,6,3,85,15,7,6,0,0,9,8,540,269,191,56,23,13,3,53,10,0,18,3,46,52,68,47,0,0,48,8,4,2,1,83,11,4,4,0,1,4,10,516,214,215,45,0,19,0,50,9,0,19,6,36,48,32,25,0,0
2018-09-29,Serie A,2846906,Inter,Cagliari,0.7937944408532643,0.14350355526826114,0.06270200387847447,2,0,0,50,16,6,2,2,84,13,9,6,4,0,10,6,477,184,216,43,25,18,1,82,5,2,21,2,51,55,43,75,1,0,50,6,2,0,0,83,11,4,2,2,0,4,2,482,241,159,53,19,24,2,67,12,4,23,4,51,45,57,60,4,0
2018-09-30,Serie A,2846902,Bologna,Udinese,0.46242171189979125,0.2985386221294363,0.23903966597077245,2,1,0,46,21,6,2,2,82,7,3,8,7,1,8,13,376,160,147,47,19,28,0,57,10,5,16,1,51,54,48,36,2,0,54,14,2,2,1,87,12,4,7,5,0,4,10,456,184,212,68,14,19,0,62,4,5,25,4,48,46,52,60,4,0
2018-09-30,Serie A,2846903,Chievo Verona,Torino,0.2980225988700565,0.3441619585687382,0.3578154425612053,0,1,2,36,9,1,0,0,67,15,3,6,2,0,2,7,309,98,108,46,8,29,2,76,7,7,20,4,61,51,40,29,3,0,64,19,5,2,2,84,16,8,7,7,0,13,6,561,242,229,61,38,24,1,57,13,2,22,1,69,49,60,38,3,0
2018-09-30,Serie A,2846904,Fiorentina,Atalanta,0.6295613711758201,0.25064504238849983,0.11979358643568006,2,0,0,34,7,4,1,0,66,13,5,2,1,0,3,4,262,91,82,30,20,17,1,75,13,7,30,3,42,46,58,36,3,0,66,17,3,0,0,84,12,6,7,7,0,11,6,498,215,201,58,38,24,1,86,16,1,10,2,43,54,42,86,3,0
2018-09-30,Serie A,2846905,Frosinone,Genoa,0.2772523643603783,0.34146341463414637,0.3812842210054754,1,2,2,49,17,5,2,1,79,21,5,8,4,1,8,9,410,167,158,62,20,20,1,78,9,2,10,2,51,39,50,40,3,0,51,10,4,2,1,79,20,2,4,2,1,8,2,441,197,153,40,13,14,1,67,11,5,28,3,69,61,50,82,2,0
2018-09-30,Serie A,2846907,Parma Calcio 1913,Empoli,0.6059271125350421,0.24549459351221467,0.1485782939527433,1,0,0,32,11,3,1,0,72,13,2,4,4,0,6,5,296,105,108,47,56,19,2,65,12,9,30,2,43,43,44,40,2,0,68,18,2,1,1,87,9,11,7,9,2,12,6,631,208,342,51,18,17,1,43,8,4,5,2,56,57,56,64,3,0
2018-09-30,Serie A,2846911,Sassuolo,Milan,0.408035534019786,0.2873006258833031,0.30466384009691094,1,4,2,60,12,2,1,1,91,13,9,7,3,0,6,6,586,232,302,57,17,17,0,77,10,4,12,3,43,50,63,53,1,0,40,12,8,2,2,83,13,5,1,3,1,4,8,396,145,184,62,8,18,1,53,6,2,27,1,39,50,38,57,1,0
2018-10-01,Serie A,2846910,Sampdoria,SPAL 2013,0.6875455207574654,0.21704297159504735,0.09541150764748725,2,1,0,46,11,9,3,2,77,13,6,2,0,0,9,6,390,144,155,48,9,15,5,67,10,0,19,3,53,50,39,44,0,0,54,6,4,1,0,82,18,5,2,0,0,8,1,441,236,124,44,19,17,1,84,9,0,25,7,60,50,61,64,0,0
2018-10-05,Serie A,2846920,Torino,Frosinone,0.7511591962905718,0.18031942297784648,0.06852138073158166,3,2,0,62,17,9,2,1,83,16,2,6,2,1,10,7,501,253,163,52,36,21,2,56,13,3,16,3,65,56,51,77,3,0,38,12,5,3,1,70,18,4,4,3,0,9,3,288,89,113,50,19,30,1,69,5,2,12,6,55,44,49,64,3,0
2018-10-06,Serie A,2846913,Cagliari,Bologna,0.5269989615784009,0.29335410176531673,0.17964693665628245,2,0,0,53,11,5,3,1,81,8,4,3,3,0,6,5,431,173,178,50,26,17,0,91,6,1,28,4,54,55,53,40,2,0,47,12,4,0,0,78,16,4,7,1,0,5,7,379,157,137,56,20,22,1,56,8,3,23,3,46,45,47,50,4,0
2018-10-06,Serie A,2846921,Udinese,Juventus,0.1266192087758198,0.34216361302369,0.5312171782004902,0,2,2,40,6,3,1,1,85,14,4,3,0,1,2,7,421,228,128,49,15,11,0,58,12,0,25,6,43,42,57,38,0,0,60,15,7,3,2,89,15,8,8,0,0,16,5,629,246,316,73,30,21,0,50,11,0,8,2,50,58,43,60,0,0
2018-10-06,Serie A,2846914,Empoli,Roma,0.18155844155844156,0.3563636363636364,0.4620779220779221,0,2,2,44,20,4,3,3,84,13,4,10,6,1,11,9,400,178,156,59,25,11,10,69,13,4,15,1,39,58,41,71,2,0,56,10,3,1,0,85,10,3,2,5,0,5,5,519,224,217,56,26,18,0,75,8,6,7,4,35,42,59,18,1,0
2018-10-07,Serie A,2846915,Genoa,Parma Calcio 1913,0.6777206912657636,0.20971508640822045,0.11256422232601589,1,3,2,60,29,10,1,1,82,9,9,12,7,1,16,13,498,155,251,56,26,23,2,83,14,1,12,2,52,58,54,57,1,0,40,7,5,2,0,69,8,7,1,1,0,6,1,343,156,82,42,18,18,3,36,9,7,45,9,41,42,46,33,1,0
2018-10-07,Serie A,2846917,Milan,Chievo Verona,0.786182413981431,0.156198798470781,0.0576187875477881,3,1,0,68,20,6,4,2,91,9,12,9,5,0,12,8,746,387,292,74,29,17,3,50,8,7,24,1,61,64,73,67,1,0,32,13,1,0,0,83,13,7,4,8,0,5,8,337,137,144,62,17,14,0,70,14,5,21,3,30,36,27,50,1,0
2018-10-07,Serie A,2846912,Atalanta,Sampdoria,0.5168488160291439,0.2941712204007286,0.1889799635701275,0,1,2,57,14,2,3,3,85,18,9,12,0,2,17,4,569,228,257,67,33,21,3,70,19,0,10,2,51,42,63,13,0,0,43,7,3,0,0,78,14,4,4,0,0,7,2,432,193,146,36,33,9,0,90,25,0,33,2,59,58,38,56,0,0
2018-10-07,Serie A,2846916,Lazio,Fiorentina,0.5878810688746707,0.26721866767030483,0.14490026345502446,1,0,0,40,13,6,2,2,76,18,5,6,1,0,9,4,325,137,109,36,37,20,4,68,12,4,42,5,50,44,43,58,5,0,60,15,5,1,1,79,10,6,6,4,0,11,4,496,196,198,50,25,17,2,71,9,1,14,5,64,56,57,43,3,0
2018-10-07,Serie A,2846918,Napoli,Sassuolo,0.7290557579153825,0.17932193891846457,0.09162230316615298,2,0,0,45,15,7,3,2,86,12,4,7,1,0,11,4,523,254,197,61,50,17,3,46,10,1,17,7,43,54,44,44,2,0,55,12,7,2,2,88,8,4,4,1,0,6,6,639,346,215,52,31,24,1,56,8,1,10,5,38,46,56,22,2,1
2018-10-07,Serie A,2846919,SPAL 2013,Inter,0.19553592187863286,0.33736340385956753,0.4671006742617996,1,2,2,52,12,5,5,4,87,13,10,7,0,0,11,3,436,249,130,58,28,12,0,80,12,0,25,1,57,57,60,47,0,0,48,8,3,2,1,84,21,9,5,0,0,9,4,411,152,192,69,20,14,2,77,8,0,19,4,41,43,40,56,0,0
2018-10-20,Serie A,2846929,Roma,SPAL,0.7830386574767756,0.16152232544201378,0.05543901708121067,0,2,2,63,18,8,3,3,85,18,8,7,3,0,11,7,553,215,257,70,15,26,2,75,13,1,14,3,45,37,66,42,3,0,37,6,5,4,2,72,7,9,0,1,0,5,1,322,145,87,29,21,19,2,83,16,3,29,8,52,63,34,70,3,1
2018-10-20,Serie A,2846927,Juventus,Genoa,0.8498014747589336,0.09381735677821894,0.05638116846284742,1,1,1,64,21,3,2,1,87,10,8,11,7,1,13,8,618,225,310,58,29,20,1,64,19,2,11,1,50,54,39,63,1,0,36,9,2,1,0,75,15,2,5,2,0,4,5,354,138,126,39,33,23,2,63,17,7,36,2,53,46,61,71,3,0
2018-10-20,Serie A,2846931,Udinese,SSC Napoli,0.1855788566503878,0.35277219189887965,0.46164895145073254,0,3,2,40,8,5,2,2,79,12,3,3,0,0,8,3,424,201,135,45,40,19,1,50,20,0,15,1,46,53,48,79,0,0,60,10,4,3,2,85,11,5,6,0,0,8,6,656,260,297,48,15,18,2,71,17,0,10,5,43,47,52,54,0,0
2018-10-21,Serie A,2846925,Frosinone,Empoli,0.3961763143919278,0.3340414232607541,0.2697822623473181,3,3,1,40,7,4,1,0,76,15,6,1,2,0,4,3,299,127,100,43,15,8,1,53,10,5,27,7,47,46,28,36,2,0,60,20,10,1,1,86,17,8,5,5,1,9,11,464,129,268,49,24,16,4,67,14,2,16,2,70,54,72,88,3,0
2018-10-21,Serie A,2846922,Bologna,Torino,0.34309083082221264,0.34136891950064574,0.3155402496771416,2,2,1,47,7,2,2,0,74,10,3,4,1,1,6,1,376,160,117,41,12,28,1,76,3,1,14,4,67,62,47,60,2,0,53,11,6,0,0,80,22,4,4,1,0,5,6,428,158,186,57,23,18,1,73,11,1,17,0,53,38,53,58,2,0
2018-10-21,Serie A,2846923,Chievo Verona,Atalanta,0.31064412973960714,0.3435358611238008,0.34582000913659205,1,5,2,39,3,1,1,0,78,14,1,2,0,1,2,1,407,228,91,58,8,21,2,61,13,0,11,2,49,49,59,17,0,0,61,15,7,2,1,88,15,2,8,0,0,9,8,661,227,355,57,33,12,1,69,11,0,8,0,46,51,41,40,0,0
2018-10-21,Serie A,2846928,Parma Calcio 1913,Lazio,0.3148271276595745,0.33211436170212766,0.35305851063829785,0,2,2,35,4,1,0,0,71,6,2,2,1,0,2,2,307,125,94,33,17,19,1,83,20,3,24,7,43,45,39,44,2,0,65,18,9,5,3,82,12,8,6,3,0,11,7,578,156,319,58,18,29,2,74,4,1,18,1,57,55,61,53,3,0
2018-10-21,Serie A,2846924,Fiorentina,Cagliari,0.7155115511551156,0.21914191419141915,0.06534653465346535,1,1,1,57,11,2,2,1,80,13,6,5,4,0,8,3,478,209,172,47,23,31,0,60,14,2,30,3,60,50,47,40,0,0,43,9,4,1,0,70,20,7,3,2,0,5,4,363,115,139,37,8,30,2,71,13,4,25,2,63,50,53,75,2,0
2018-10-21,Serie A,2846926,Inter,Milan,0.5680126996725866,0.23137215993650165,0.2006151403909118,1,0,0,58,18,4,4,3,88,13,9,10,4,1,11,7,560,237,258,67,24,23,1,83,8,6,16,1,34,42,37,50,2,0,42,15,1,0,0,84,7,4,8,6,0,6,9,428,209,149,48,29,10,1,68,13,4,30,3,50,58,63,60,5,0
2018-10-22,Serie A,2846930,Sampdoria,Sassuolo,0.5905445335584635,0.25897002954833265,0.15048543689320387,0,0,1,54,9,1,3,3,84,10,4,7,1,0,7,2,496,221,197,58,42,20,2,66,16,2,15,0,65,56,69,53,2,0,46,10,0,1,1,79,18,3,7,3,1,4,6,428,233,107,55,18,32,2,42,13,1,13,1,48,44,31,50,3,0
2018-10-27,Serie A,2846932,Atalanta,Parma Calcio 1913,0.6086956521739131,0.25262368815592207,0.1386806596701649,3,0,0,66,30,12,3,1,85,7,6,10,8,1,17,13,623,197,333,62,32,19,1,55,13,5,17,3,57,59,78,70,0,0,34,14,2,2,2,70,9,6,7,5,0,8,6,305,113,100,34,11,21,4,57,17,8,26,10,34,41,22,43,2,0
2018-10-27,Serie A,2846934,Empoli,Juventus,0.12668463611859837,0.34354324920362656,0.5297721146777751,1,2,2,43,10,2,0,0,84,13,6,4,4,0,4,6,411,182,162,54,5,15,0,64,11,0,20,5,48,50,42,40,0,0,57,20,7,2,1,90,21,10,7,6,0,11,9,543,161,330,78,33,15,1,75,19,0,20,1,51,50,58,85,0,0
2018-10-27,Serie A,2846941,Torino,Fiorentina,0.4452003023431595,0.3182161753590325,0.23658352229780802,1,1,1,55,21,2,1,1,75,15,4,11,8,1,6,15,370,82,197,55,19,27,1,74,13,1,17,4,80,53,64,60,2,0,45,9,5,3,2,69,22,5,3,1,0,4,5,311,103,112,38,10,24,1,63,19,8,36,2,61,47,36,39,4,0
2018-10-28,Serie A,2846939,Sassuolo,Bologna,0.6641975308641975,0.2419753086419753,0.09382716049382717,2,2,1,74,15,6,3,2,87,21,9,8,1,1,7,8,606,235,293,62,27,16,1,100,10,4,7,3,51,48,35,57,2,0,26,14,5,2,1,71,19,5,5,4,1,6,8,206,70,76,54,45,12,0,50,16,1,41,5,65,52,65,56,3,0
2018-10-28,Serie A,2846933,Cagliari,Chievo Verona,0.6164448669201521,0.2718631178707224,0.11169201520912547,2,1,0,48,15,3,1,0,82,16,8,9,3,0,9,6,471,216,169,61,35,30,0,67,8,2,14,2,51,45,57,44,1,0,52,12,3,2,1,84,15,2,7,2,0,9,3,503,323,100,61,26,20,1,58,17,3,15,1,51,55,43,63,6,0
2018-10-28,Serie A,2846935,Genoa,Udinese,0.6214890771288453,0.27151136870263043,0.1069995541685243,2,2,1,36,12,5,3,1,66,17,4,6,1,1,6,6,267,76,101,37,24,27,0,58,7,3,21,2,74,52,58,61,3,1,64,13,4,1,0,81,18,8,5,4,0,6,7,482,203,188,41,30,19,1,68,11,1,20,3,64,48,42,56,4,0
2018-10-28,Serie A,2846940,SPAL,Frosinone,0.6575157515751575,0.2601260126012601,0.08235823582358236,0,3,2,63,14,2,1,1,89,18,9,8,4,1,10,4,536,190,289,43,11,21,1,56,12,2,9,1,41,45,28,40,3,0,37,8,4,3,1,79,12,1,2,2,0,5,3,325,158,98,56,22,16,3,58,10,4,36,2,61,55,72,42,6,0
2018-10-28,Serie A,2846937,Milan,Sampdoria,0.6703168685927307,0.2103914259086673,0.11929170549860205,3,2,0,46,15,6,4,2,87,13,5,3,6,1,8,7,510,281,162,63,16,19,0,58,14,2,15,0,48,60,35,100,3,0,54,7,2,1,0,89,10,1,3,2,0,6,1,611,247,294,63,63,17,1,100,9,6,15,3,40,40,65,73,2,0
2018-10-28,Serie A,2846938,Napoli,Roma,0.6431528906609416,0.21377089403465727,0.14307621530440118,1,1,1,63,26,5,4,3,89,7,17,12,9,0,15,11,655,178,407,60,31,17,10,60,11,3,2,2,37,47,39,57,0,0,37,8,4,1,0,78,7,3,2,2,0,4,4,412,212,111,44,29,14,1,64,16,9,41,4,46,53,61,52,5,0
2018-10-29,Serie A,2846936,Lazio,Inter,0.363212376293937,0.3259014901603913,0.3108861335456717,0,3,2,39,21,4,1,1,82,13,7,9,8,0,12,9,376,142,166,58,26,16,1,57,12,5,13,4,53,53,62,52,3,0,61,18,7,3,1,87,11,6,6,5,0,12,6,619,357,181,61,31,20,0,60,7,6,22,4,43,47,38,42,3,0
2018-10-31,Serie A,2846846,Milan,Genoa,0.763246425567704,0.1583964115503224,0.07835716288197364,2,1,0,58,28,9,2,1,89,10,7,13,6,0,10,18,553,254,237,55,27,11,1,77,8,1,14,2,48,53,58,64,2,0,42,9,2,0,0,80,18,2,6,1,0,6,3,396,153,164,43,31,20,0,72,14,6,27,7,41,47,42,45,2,0
2018-11-02,Serie A,2846948,SSC Napoli,Empoli,0.7873192823549904,0.15188991464901586,0.06079080299599373,5,1,0,48,20,13,4,2,88,8,0,7,0,0,9,11,560,240,254,65,25,11,1,38,19,0,30,3,39,56,37,79,0,0,52,9,4,1,0,87,8,7,5,0,0,6,5,586,301,210,65,15,20,3,67,11,0,9,8,37,44,63,75,0,0
2018-11-03,Serie A,2846945,Inter,Genoa,0.7590446914164105,0.16741546464885315,0.07353984393473634,5,0,0,63,20,9,6,2,87,7,11,8,3,0,14,6,569,283,213,63,25,19,0,85,12,1,11,2,52,56,45,50,2,0,37,8,2,0,0,76,17,6,5,1,0,4,4,335,108,147,46,19,17,0,75,17,3,21,4,49,44,55,60,3,0
2018-11-03,Serie A,2846944,Fiorentina,Roma,0.30822267620020427,0.34397344228804905,0.3478038815117467,1,1,1,37,14,3,1,0,67,11,3,8,3,0,3,11,285,104,87,31,33,15,2,69,12,7,32,3,65,58,44,67,3,0,63,19,4,2,2,81,21,6,8,7,0,13,6,464,171,204,50,16,36,0,44,8,3,11,2,59,42,56,55,3,0
2018-11-03,Serie A,2846946,Juventus,Cagliari,0.859572006940428,0.08687102371312898,0.05355696934644303,3,1,0,53,16,3,3,1,90,10,5,8,5,1,11,5,543,230,257,74,17,11,3,76,18,2,14,1,52,59,34,67,1,0,47,6,2,1,1,84,15,4,2,2,0,3,3,476,201,198,68,9,24,0,80,5,5,23,1,48,41,66,44,3,0
2018-11-04,Serie A,2846947,Lazio,SPAL,0.7588920365124331,0.1794145420207743,0.06169342146679257,4,1,0,48,22,10,4,3,87,7,8,8,4,1,12,10,518,241,208,67,28,18,1,69,6,4,15,1,33,55,40,56,1,0,52,9,2,1,0,89,8,4,3,4,0,4,5,574,252,260,54,8,13,1,60,11,4,26,6,31,45,60,43,3,0
2018-11-04,Serie A,2846943,Chievo Verona,Sassuolo,0.32850940665701883,0.33972503617945005,0.3317655571635311,0,2,2,57,5,0,1,1,84,23,3,0,5,0,3,2,508,264,162,56,14,30,4,79,9,1,8,3,54,47,60,58,3,1,43,10,4,2,2,79,17,2,5,1,0,6,4,387,195,109,52,20,25,4,67,17,3,21,0,52,53,40,54,2,0
2018-11-04,Serie A,2846949,Parma Calcio 1913,Frosinone,0.6568938193343898,0.24762282091917592,0.09548335974643424,0,0,1,43,11,1,1,1,77,14,3,8,2,0,2,9,383,134,159,37,29,18,0,59,11,2,28,1,59,53,58,53,1,1,57,13,1,0,0,84,14,7,10,2,0,7,6,488,212,200,55,17,21,1,73,7,2,17,1,49,47,42,60,4,0
2018-11-04,Serie A,2846950,Sampdoria,Torino,0.5362485615650172,0.32527809742999614,0.13847334100498657,1,4,2,51,11,5,2,1,74,13,0,6,0,0,7,6,430,176,142,40,23,18,2,53,13,0,15,3,74,56,45,65,0,0,49,14,7,3,1,72,24,2,7,0,0,8,7,409,143,153,49,71,16,2,52,19,0,10,4,66,44,55,43,0,0
2018-11-04,Serie A,2846942,Bologna,Atalanta,0.28808066258552395,0.34065538350738206,0.371263953907094,1,2,2,33,11,4,2,1,72,7,1,4,3,0,9,2,319,95,136,46,36,22,1,56,13,8,27,3,68,59,48,45,1,0,67,23,5,2,1,87,13,4,10,8,0,14,9,658,175,398,71,14,19,1,80,9,2,20,3,56,41,52,53,2,0
2018-11-04,Serie A,2846951,Udinese,Milan,0.1887905604719764,0.3493731563421829,0.4618362831858407,0,1,2,45,14,3,0,0,79,13,4,8,3,0,6,8,363,129,157,57,50,20,1,68,11,0,20,6,67,49,64,64,3,1,55,15,7,0,0,82,13,7,8,0,0,7,8,438,137,220,48,16,18,1,59,9,3,17,3,57,51,36,68,3,0
2018-11-09,Serie A,2846955,Frosinone,Fiorentina,0.24898446833930704,0.34886499402628435,0.4021505376344086,1,1,1,43,10,3,1,1,77,8,4,3,4,0,5,5,378,144,148,45,17,23,2,67,12,8,20,7,40,51,30,81,3,0,57,24,8,2,1,85,13,5,8,8,0,14,10,530,187,266,60,33,11,2,71,11,4,28,2,51,49,70,86,0,0
2018-11-10,Serie A,2846961,Torino,Parma Calcio 1913,0.6785039667548167,0.24178315073668305,0.07971288250850019,1,2,2,66,16,4,4,4,83,14,7,9,3,0,13,3,499,169,246,56,33,27,1,64,7,3,8,3,60,49,48,50,2,0,34,14,5,2,1,61,17,7,6,3,1,10,4,259,93,66,38,21,19,1,68,13,3,26,3,63,51,52,29,4,0
2018-11-10,Serie A,2846960,SPAL,Cagliari,0.46405552801189887,0.33515121467526027,0.20079325731284084,2,2,1,48,11,3,3,1,83,13,1,5,3,0,10,1,445,218,153,44,33,9,1,59,8,3,25,1,46,53,39,50,2,0,52,13,3,1,1,85,15,6,7,3,0,7,6,483,239,170,59,32,22,3,80,9,3,13,1,50,47,61,50,4,0
2018-11-10,Serie A,2846956,Genoa,Napoli,0.18425715008858518,0.34421665401164264,0.4715261958997722,1,2,2,33,9,3,1,0,64,15,2,5,1,0,6,3,301,83,111,33,22,21,1,61,18,9,28,3,57,49,48,71,4,0,67,23,4,2,1,80,7,7,10,9,1,13,10,625,179,320,51,21,28,4,71,5,1,25,2,61,51,53,50,2,0
2018-11-11,Serie A,2846952,Atalanta,Inter,0.2294557097118463,0.34108858057630737,0.4294557097118463,4,1,0,49,15,9,6,4,85,11,9,6,0,0,15,4,449,186,194,53,29,16,1,67,10,0,23,0,56,54,64,65,0,0,51,6,1,2,1,83,12,6,5,0,0,5,4,460,212,168,61,31,22,1,70,10,0,21,5,43,46,36,60,0,0
2018-11-11,Serie A,2846953,Chievo Verona,Bologna,0.3870361672146548,0.3433536871770784,0.2696101456082668,2,2,1,50,18,6,3,1,81,15,5,8,4,0,12,6,388,198,118,67,18,21,1,52,6,5,24,3,73,67,51,77,3,0,50,15,5,3,1,81,20,6,5,5,0,10,5,392,169,148,45,17,23,2,78,7,4,17,4,47,33,49,33,3,0
2018-11-11,Serie A,2846954,Empoli,Udinese,0.6057692307692307,0.1875,0.20673076923076922,2,1,0,39,14,5,1,0,67,7,4,6,3,0,10,4,319,89,124,31,33,13,3,60,13,9,30,8,70,61,53,73,2,0,61,31,9,5,4,80,12,13,12,10,1,15,16,470,169,209,59,27,18,5,55,11,3,11,3,52,39,47,59,2,0
2018-11-11,Serie A,2846958,Roma,Sampdoria,0.7482185273159145,0.14251781472684086,0.10926365795724466,4,1,0,49,16,5,3,0,80,8,7,7,4,1,11,5,439,207,146,49,32,26,5,63,14,2,17,2,59,49,68,52,1,0,51,8,3,2,1,82,10,7,3,2,0,5,3,459,204,172,41,17,24,1,68,7,4,24,1,49,51,32,76,1,0
2018-11-11,Serie A,2846959,Sassuolo,Lazio,0.2760479041916168,0.34191616766467064,0.38203592814371257,1,1,1,59,16,4,0,0,88,13,2,7,5,0,4,12,547,242,241,67,6,21,2,67,11,8,19,0,49,46,41,44,4,0,41,14,2,1,0,81,21,6,5,7,1,8,6,374,165,138,46,22,18,2,41,16,5,23,3,61,54,59,79,3,0
2018-11-11,Serie A,2846957,Milan,Juventus,0.25438536149136687,0.32118043612849967,0.42443420238013346,0,2,2,41,5,2,1,1,85,16,2,3,0,0,1,4,404,189,156,59,6,13,0,69,7,3,26,4,42,44,61,54,3,1,59,15,6,2,0,88,9,5,6,3,1,8,7,590,249,272,58,19,21,1,71,13,0,11,2,46,56,39,43,1,0
2018-11-24,Serie A,2846971,Udinese,Roma,0.19417989417989417,0.35423280423280423,0.4515873015873016,1,0,0,24,9,2,3,2,59,8,0,6,1,0,5,4,198,71,46,33,43,19,4,64,8,4,36,9,61,54,50,46,2,0,76,26,9,1,1,88,10,12,13,4,0,13,13,593,181,340,75,37,21,0,71,9,1,8,1,55,46,50,65,0,0
2018-11-24,Serie A,2846967,Juventus,SPAL 2013,0.8646839191451011,0.0876786404016995,0.04763744045319943,2,0,0,45,12,7,3,1,88,19,6,5,0,1,8,7,444,193,199,62,31,12,3,56,9,0,7,1,43,49,38,50,0,0,55,8,1,0,0,90,12,3,7,0,0,4,7,544,276,215,53,31,17,0,56,8,0,15,5,49,51,62,83,0,0
2018-11-24,Serie A,2846966,Inter,Frosinone,0.7792633015006821,0.15661664392905866,0.06412005457025921,3,0,0,72,30,13,4,3,93,11,11,12,5,0,16,14,833,313,463,58,17,16,0,55,8,1,12,4,43,54,47,50,1,0,28,6,4,0,0,76,11,0,1,1,0,2,4,321,166,77,40,22,12,1,55,7,5,19,10,41,46,53,50,3,0
2018-11-25,Serie A,2846970,Parma Calcio 1913,Sassuolo,0.5703703703703704,0.1925925925925926,0.23703703703703705,2,1,0,26,14,5,2,0,75,14,2,6,3,0,7,7,206,55,99,57,13,24,3,63,3,1,16,4,59,59,46,84,3,0,74,14,6,2,1,88,15,3,8,0,0,7,7,613,222,318,44,23,31,0,54,4,3,18,3,47,41,54,54,4,0
2018-11-25,Serie A,2846962,Bologna,Fiorentina,0.3374485596707819,0.2716049382716049,0.39094650205761317,0,0,1,43,8,4,0,0,71,11,4,3,1,0,6,2,322,120,109,41,27,17,1,63,15,8,18,5,62,46,48,50,3,0,57,20,5,2,2,79,20,9,6,9,1,12,8,435,170,172,49,31,20,2,67,11,1,30,4,71,54,52,73,1,0
2018-11-25,Serie A,2846964,Empoli,Atalanta,0.2796149016324822,0.35412306404353283,0.3662620343239849,3,2,0,41,13,7,4,2,79,14,7,6,0,1,9,8,372,141,153,48,25,20,2,65,7,0,16,3,45,56,39,88,0,0,59,11,5,2,0,85,11,3,6,0,0,10,4,553,231,238,58,33,17,3,86,13,0,19,5,44,44,61,47,0,0
2018-11-25,Serie A,2846969,Napoli,Chievo Verona,0.7335359675785208,0.18541033434650456,0.08105369807497467,0,0,1,70,21,8,1,1,88,11,20,9,4,2,11,10,666,218,368,77,29,30,0,43,7,3,16,2,50,52,45,57,2,0,30,9,2,0,0,75,13,2,4,3,0,6,3,298,144,79,50,15,11,2,82,16,4,46,8,50,48,55,60,2,0
2018-11-25,Serie A,2846968,Lazio,Milan,0.44553892782724,0.30327713582117827,0.25118393635158176,1,1,1,55,21,5,0,0,85,11,9,11,5,0,12,9,548,182,284,53,34,24,3,68,12,3,15,3,54,47,62,57,1,0,45,11,3,0,0,84,4,4,5,3,0,5,6,462,240,146,39,29,27,0,67,16,4,27,4,53,53,38,61,1,0
2018-11-25,Serie A,2846965,Genoa,Sampdoria,0.4540461369461736,0.3376052727938484,0.20834859025997804,1,1,1,41,18,4,2,1,72,17,7,9,5,0,10,8,321,75,157,50,25,22,4,44,12,1,20,1,51,46,51,57,2,0,59,8,2,1,0,82,16,6,5,1,0,4,4,498,226,183,40,14,18,1,64,6,5,41,3,55,54,49,55,1,0
2018-11-26,Serie A,2846963,Cagliari,Torino,0.33199432892249525,0.3497164461247637,0.31828922495274103,0,0,1,50,4,0,0,0,77,11,3,3,1,0,3,1,472,208,155,54,27,34,1,36,7,4,25,5,62,49,58,67,2,0,50,15,5,0,0,79,17,4,5,5,0,10,5,461,208,157,45,26,32,4,35,10,1,29,0,55,51,42,50,0,0
2018-12-01,Serie A,2846982,SPAL,Empoli,0.5330758087880251,0.30709802028005795,0.15982617093191695,2,2,1,51,10,5,1,1,82,14,4,4,1,0,8,2,380,180,133,45,25,27,3,59,7,6,20,5,51,53,54,77,3,1,49,18,7,3,2,78,13,9,5,6,0,12,6,372,156,135,49,14,20,4,64,9,1,19,3,45,47,46,50,3,0
2018-12-01,Serie A,2846976,Fiorentina,Juventus,0.14951345163136806,0.3433314253005152,0.5071551230681167,0,3,2,46,17,5,1,1,74,16,4,6,6,0,7,10,359,121,144,27,24,24,0,69,2,6,22,3,40,39,31,60,6,0,54,16,6,1,0,81,8,9,4,6,0,7,9,434,182,170,52,5,19,0,64,15,6,14,5,69,61,69,65,3,0
2018-12-01,Serie A,2846980,Sampdoria,Bologna,0.6520195295162006,0.26142920550377274,0.08655126498002663,4,1,0,46,10,6,2,0,82,15,1,2,2,0,6,4,444,233,130,46,33,10,4,69,9,3,28,2,48,48,41,60,3,0,54,11,3,1,0,82,10,4,5,3,0,7,4,520,220,208,58,28,24,1,38,11,1,15,2,57,52,59,25,3,0
2018-12-02,Serie A,2846978,Milan,Parma Calcio 1913,0.7403708987161198,0.11412268188302425,0.14550641940085593,2,1,0,62,18,5,1,0,85,8,8,10,3,0,9,9,529,210,239,55,14,16,1,71,10,2,13,0,53,53,51,83,2,0,38,7,1,4,3,76,16,8,4,2,0,7,0,319,156,85,45,22,10,1,50,19,3,25,3,48,47,49,62,2,0
2018-12-02,Serie A,2846977,Frosinone,Cagliari,0.5121951219512195,0.22439024390243903,0.2634146341463415,1,1,1,39,22,11,1,1,80,13,5,6,5,0,16,6,371,172,125,57,40,17,1,60,5,4,16,6,53,51,49,60,1,0,61,17,6,2,1,86,16,1,7,4,0,9,8,605,212,309,56,35,19,2,87,3,5,13,10,53,49,51,40,5,1
2018-12-02,Serie A,2846981,Sassuolo,Udinese,0.7175925925925926,0.14351851851851852,0.1388888888888889,0,0,1,66,18,3,2,2,88,14,13,7,8,0,10,8,589,229,291,61,13,30,2,82,9,0,15,1,57,48,52,62,3,0,34,3,1,0,0,76,13,2,2,0,0,1,2,315,143,95,37,17,20,2,58,12,7,34,3,60,52,48,57,2,0
2018-12-02,Serie A,2846983,Torino,Genoa,0.7117117117117117,0.13063063063063063,0.15765765765765766,2,1,0,66,22,10,3,2,82,13,5,8,4,0,12,10,517,197,229,65,21,18,4,77,13,2,18,0,70,62,48,65,3,0,34,9,1,3,2,56,21,5,6,2,1,5,4,265,76,72,28,18,23,1,62,11,4,27,8,54,38,52,60,2,1
2018-12-02,Serie A,2846975,Chievo Verona,Lazio,0.38764044943820225,0.21629213483146068,0.3960674157303371,1,1,1,30,4,1,3,2,65,11,4,2,1,0,3,1,293,107,84,41,7,19,4,60,18,3,39,4,49,47,35,30,4,0,70,17,5,1,1,84,10,6,9,3,1,11,6,675,239,325,65,36,22,3,50,9,1,13,0,68,53,65,57,2,0
2018-12-02,Serie A,2846979,Roma,Inter,0.391029792746114,0.31962435233160624,0.28934585492227977,2,2,1,45,15,5,2,1,82,10,5,8,2,1,9,6,388,161,157,58,15,19,1,69,10,6,12,5,59,58,62,67,1,0,55,17,7,4,2,84,15,6,4,6,0,14,3,482,262,141,51,40,19,4,64,4,2,20,3,41,42,38,54,1,0
2018-12-03,Serie A,2846974,Atalanta,SSC Napoli,0.26151410477835346,0.3547783534830167,0.3837075417386298,1,2,2,56,10,2,1,0,84,8,12,8,0,0,9,5,584,258,233,74,26,18,0,78,13,0,14,4,59,54,73,75,0,0,44,10,6,5,3,79,7,6,4,0,0,6,4,488,178,208,47,14,20,4,55,16,0,34,1,43,46,27,56,0,0
2018-12-07,Serie A,2846987,Juventus,Inter,0.7475728155339806,0.14324456256440854,0.10918262190161089,1,0,0,50,14,5,1,0,83,13,10,9,0,0,12,6,447,168,203,53,35,16,2,77,11,0,18,1,47,52,50,53,0,0,50,6,1,1,1,86,17,8,5,0,1,7,5,460,201,196,64,8,11,1,63,10,0,25,4,44,48,50,70,0,0
2018-12-08,Serie A,2846990,Napoli,Frosinone,0.7465298732649366,0.18014484007242004,0.07332528666264333,4,0,0,67,22,8,3,2,92,7,9,9,5,0,10,12,745,242,440,56,24,13,2,62,7,2,11,2,36,46,42,43,1,0,33,8,2,0,0,81,10,3,4,2,0,4,4,359,211,81,49,46,17,1,73,11,5,26,4,44,54,58,76,2,0
2018-12-08,Serie A,2846984,Cagliari,Roma,0.19970014992503748,0.3796101949025487,0.4206896551724138,2,2,1,55,16,5,4,2,77,17,7,8,3,0,13,3,467,192,167,37,40,30,2,46,3,3,20,4,47,38,47,27,4,2,45,24,6,1,1,77,12,5,14,4,0,13,11,377,120,171,46,28,13,3,39,13,3,23,3,67,62,53,62,1,0
2018-12-08,Serie A,2846988,Lazio,Sampdoria,0.6828178694158076,0.22336769759450173,0.09381443298969072,2,2,1,53,29,11,6,4,82,12,10,11,7,0,23,6,466,180,202,61,28,22,6,69,16,1,14,0,58,48,55,50,3,0,47,5,2,2,0,75,13,6,2,1,0,2,3,428,192,129,36,20,12,3,65,7,7,36,8,57,52,45,86,4,1
2018-12-09,Serie A,2846992,Sassuolo,Fiorentina,0.44996237772761477,0.3329571106094808,0.21708051166290443,3,3,1,54,17,7,1,0,80,13,6,3,7,0,7,10,389,164,149,48,23,28,2,58,6,5,25,2,51,52,50,54,4,1,46,18,6,5,2,79,15,10,8,4,1,13,5,317,147,102,51,27,11,0,79,9,7,23,4,48,48,50,56,3,1
2018-12-09,Serie A,2846985,Empoli,Bologna,0.6005434782608695,0.2930900621118012,0.1063664596273292,2,1,0,42,12,4,4,2,82,6,4,5,3,0,10,2,391,132,188,61,24,18,1,80,7,7,22,6,44,42,40,67,2,0,58,22,8,3,2,87,8,8,8,6,0,16,6,550,216,262,48,37,24,3,83,10,2,24,2,64,58,60,75,2,0
2018-12-09,Serie A,2846991,Parma Calcio 1913,Chievo Verona,0.6781369482099409,0.240528328119569,0.08133472367049009,1,1,1,52,17,6,3,3,81,16,8,8,3,1,9,8,412,150,182,59,19,26,0,78,7,3,18,0,49,43,43,29,4,0,48,16,1,2,1,78,17,2,11,4,0,11,5,383,159,138,50,17,14,0,87,17,2,35,5,65,57,57,54,2,1
2018-12-09,Serie A,2846993,Udinese,Atalanta,0.3508095605242868,0.35774865073245954,0.29144178874325366,1,3,2,31,7,1,1,0,73,16,2,4,2,1,5,2,315,130,100,40,44,22,5,54,11,6,23,1,47,47,38,40,1,0,69,19,4,3,1,88,6,7,9,6,0,15,4,706,289,331,66,22,27,0,69,7,2,11,0,58,53,62,47,1,0
2018-12-09,Serie A,2846986,Genoa,SPAL 2013,0.6142433234421365,0.27967359050445106,0.10608308605341246,1,1,1,27,5,2,1,0,62,10,1,3,0,0,2,3,232,78,65,34,18,12,3,67,13,0,33,5,50,53,46,50,0,0,73,19,5,4,3,88,10,6,14,0,2,10,13,608,158,379,53,30,24,0,50,8,0,15,1,50,47,54,60,0,0
2018-12-09,Serie A,2846989,Milan,Torino,0.7436071126164268,0.18746824724809483,0.0689246401354784,0,0,1,58,16,3,1,1,84,10,11,7,6,0,11,5,461,194,192,60,24,32,1,65,13,2,15,4,55,42,50,25,2,0,42,13,4,1,1,77,16,3,7,2,0,8,5,354,124,147,47,36,24,0,48,10,6,36,3,68,58,50,42,3,0
2018-12-15,Serie A,2846999,Inter,Udinese,0.7303679297089511,0.19686985172981877,0.0727622185612301,1,0,0,65,22,4,3,2,88,11,10,11,7,0,11,11,685,279,322,73,30,20,1,65,7,0,6,1,57,52,56,63,3,0,35,7,1,0,0,79,8,0,6,0,0,3,4,389,181,128,52,29,17,1,65,12,6,33,4,50,48,44,46,1,0
2018-12-15,Serie A,2847003,Torino,Juventus,0.15422419845541774,0.362040720805055,0.48373508073952726,0,1,2,42,4,3,1,1,69,17,7,1,0,0,5,5,296,97,106,45,29,12,2,62,6,0,17,4,52,49,53,55,0,0,58,9,4,1,0,76,13,5,5,0,0,7,5,417,150,166,48,38,28,3,62,11,0,24,3,51,51,48,56,0,0
2018-12-16,Serie A,2847002,SPAL,Chievo Verona,0.5908863294942414,0.28542814221331997,0.12368552829243866,0,0,1,58,15,1,0,0,84,13,6,7,7,1,6,9,479,191,209,53,18,16,1,50,9,1,17,3,52,46,42,62,2,0,42,9,4,2,2,76,18,4,5,0,0,5,4,344,145,117,52,14,23,4,64,16,6,24,1,65,54,58,67,4,0
2018-12-16,Serie A,2846997,Fiorentina,Empoli,0.6461115475255302,0.2608012568735271,0.09308719560094265,3,1,0,60,21,8,2,1,83,20,2,10,3,0,11,10,481,179,221,36,20,20,3,67,15,3,14,3,54,54,50,53,2,0,40,11,4,1,0,74,18,3,4,3,0,9,2,316,108,127,42,33,17,0,60,10,3,26,5,48,46,50,36,1,0
2018-12-16,Serie A,2846998,Frosinone,Sassuolo,0.3062034739454094,0.36625310173697273,0.32754342431761785,0,2,2,35,14,3,0,0,75,17,6,8,3,0,10,4,280,122,89,50,23,20,2,53,5,6,26,1,50,45,59,45,3,0,65,21,2,1,1,88,10,5,13,6,1,9,12,556,214,274,61,27,12,1,53,5,2,25,3,51,55,41,50,2,0
2018-12-16,Serie A,2847001,Sampdoria,Parma Calcio 1913,0.6137218045112782,0.287593984962406,0.09868421052631579,2,0,0,71,13,7,3,1,89,10,8,4,2,0,8,5,697,229,388,59,17,20,1,92,7,3,21,0,42,45,55,77,2,0,29,5,0,1,1,69,7,4,2,3,0,3,2,278,130,62,39,20,22,2,32,10,2,28,5,47,55,45,82,1,0
2018-12-16,Serie A,2846996,Cagliari,Napoli,0.18893028206492815,0.3709419904204364,0.44012772751463547,0,1,2,39,10,2,1,1,72,15,2,4,4,0,5,5,341,130,117,30,27,29,1,64,10,3,32,4,44,42,34,42,2,0,61,18,5,0,0,83,8,10,10,3,1,11,7,545,206,246,60,21,25,3,60,10,4,14,2,70,58,66,60,2,0
2018-12-16,Serie A,2847000,Roma,Genoa,0.7089669638175145,0.20608285264813844,0.08495018353434715,3,2,0,55,16,6,3,2,80,10,6,7,3,1,13,3,466,191,184,49,29,13,0,69,16,1,20,7,55,45,60,25,2,0,45,15,9,2,0,74,13,4,4,2,0,10,5,386,126,161,41,7,17,9,71,12,3,17,3,52,55,40,62,2,0
2018-12-17,Serie A,2846994,Atalanta,Lazio,0.4628515688505934,0.3287270362542676,0.208421394895139,1,0,0,45,8,2,1,0,72,9,7,4,2,0,5,3,375,126,143,40,13,26,5,68,15,5,36,2,62,54,44,50,2,0,55,16,2,0,0,78,18,7,9,5,0,9,7,470,157,210,57,13,21,6,71,12,2,24,1,59,46,56,39,4,0
2018-12-18,Serie A,2846995,Bologna,Milan,0.2066334991708126,0.3704809286898839,0.4228855721393035,0,0,1,28,9,5,0,0,74,12,2,1,3,0,1,8,288,105,107,46,25,19,4,50,18,6,18,4,53,44,56,22,2,0,72,18,4,0,0,89,12,1,8,6,0,3,15,730,252,395,67,19,27,1,76,8,2,13,5,58,56,44,60,3,1
2018-12-22,Serie A,2847008,Lazio,Cagliari,0.7614942528735632,0.12643678160919541,0.11206896551724138,3,1,0,50,24,10,3,2,84,17,7,9,5,1,19,5,537,229,222,59,32,19,1,56,17,3,12,4,51,52,50,77,2,0,50,11,5,3,2,82,9,5,3,3,0,6,5,533,238,197,37,13,15,0,73,12,5,20,7,49,48,50,89,1,0
2018-12-22,Serie A,2847009,Milan,Fiorentina,0.7454909819639278,0.12024048096192384,0.1342685370741483,0,1,2,55,13,6,1,1,82,12,9,4,3,0,7,6,455,203,169,31,24,25,2,50,5,1,20,0,50,50,32,62,3,0,45,8,1,0,0,79,18,7,6,1,0,3,5,375,146,151,46,6,14,0,81,10,4,33,5,64,50,68,55,4,0
2018-12-22,Serie A,2847005,Empoli,Sampdoria,0.4941860465116279,0.20348837209302326,0.3023255813953488,2,4,2,29,10,3,2,0,73,16,8,4,3,0,9,1,248,97,83,43,6,14,4,50,6,2,22,7,27,45,21,80,3,0,71,16,11,3,3,90,12,5,3,2,0,9,7,634,296,272,71,36,16,6,50,7,3,14,1,43,55,79,88,4,0
2018-12-22,Serie A,2847006,Genoa,Atalanta,0.4427860696517413,0.24875621890547264,0.30845771144278605,3,1,0,37,13,5,1,1,67,14,9,8,0,0,13,6,273,79,104,27,17,12,0,43,11,0,26,4,60,58,44,56,0,0,63,12,5,4,3,77,13,6,7,0,1,9,4,472,161,203,47,37,16,2,69,7,0,20,3,56,42,56,38,0,0
2018-12-22,Serie A,2847012,Sassuolo,Torino,0.48791985857395404,0.35061873895109014,0.1614614024749558,1,1,1,59,20,5,3,3,79,13,12,7,8,0,15,5,400,175,142,48,35,17,5,79,7,2,20,1,61,45,62,56,2,0,41,6,2,0,0,73,15,2,2,2,0,3,3,285,97,112,51,21,20,10,29,12,8,25,4,60,55,38,60,3,0
2018-12-22,Serie A,2847010,Napoli,SPAL,0.7682528151107882,0.17326552851434798,0.058481656374863786,1,0,0,62,14,5,3,3,89,13,3,9,0,1,12,12,686,229,379,61,47,23,4,67,7,0,7,6,35,40,56,79,0,0,38,10,6,1,1,84,10,5,4,0,0,5,6,413,237,109,54,36,11,4,83,18,0,17,4,46,60,44,82,0,0
2018-12-22,Serie A,2847013,Udinese,Frosinone,0.7168141592920354,0.1504424778761062,0.13274336283185842,1,1,1,52,9,1,0,0,76,13,2,8,0,0,4,5,482,196,172,47,25,17,1,79,5,5,29,3,58,52,56,33,2,0,48,14,4,1,0,76,17,5,5,5,1,7,7,434,185,147,45,20,25,0,77,9,0,14,0,51,48,44,47,4,0
2018-12-22,Serie A,2847004,Chievo Verona,Inter,0.3645320197044335,0.18719211822660098,0.4482758620689655,1,1,1,37,9,3,1,0,76,10,5,4,2,0,5,4,380,150,140,48,27,16,2,50,15,3,24,2,54,46,52,58,3,0,63,12,3,4,3,83,10,7,6,3,0,9,3,658,293,255,53,25,22,3,58,12,2,23,2,59,54,48,53,2,0
2018-12-22,Serie A,2847011,Parma Calcio 1913,Bologna,0.7341040462427746,0.12716763005780346,0.13872832369942195,0,0,1,62,13,0,1,1,82,8,4,8,5,1,5,8,581,182,297,60,11,26,3,64,13,2,14,1,51,42,56,25,3,0,38,9,1,0,0,70,9,2,6,2,0,4,5,342,128,111,38,20,24,2,74,14,5,42,0,56,58,44,55,3,0
2018-12-22,Serie A,2847007,Juventus,Roma,0.7863579110551303,0.1265381261505668,0.08710396279430288,1,0,0,50,20,6,3,2,83,9,13,11,3,0,15,5,438,216,148,62,31,24,2,57,13,2,20,4,61,62,58,62,0,0,50,7,4,0,0,82,12,2,1,2,0,4,3,434,151,207,38,21,25,1,56,17,2,24,5,39,38,42,15,3,0
2018-12-26,Serie A,2847018,Frosinone,Milan,0.2041392285983067,0.35395108184383817,0.44190968955785515,0,0,1,36,13,6,1,1,76,10,3,5,2,0,7,6,311,127,108,34,18,11,3,60,7,10,31,6,36,44,28,50,2,0,64,25,6,2,2,86,12,6,9,10,0,12,13,584,180,321,47,21,25,1,50,6,2,13,6,58,56,72,75,1,0
2018-12-26,Serie A,2847014,Atalanta,Juventus,0.15698998178506376,0.34984061930783245,0.4931693989071038,2,2,1,51,11,6,2,1,85,18,5,5,0,0,13,5,426,171,190,49,29,18,1,70,7,0,18,1,39,33,41,38,0,0,49,10,2,1,0,80,16,5,8,0,0,6,6,410,161,168,53,19,12,4,55,6,0,14,4,73,67,59,88,0,0
2018-12-26,Serie A,2847015,Bologna,Lazio,0.22448979591836735,0.3729767769176636,0.40253342716396906,0,2,2,39,7,3,0,0,78,17,1,3,1,0,2,5,384,175,123,52,14,23,2,65,16,8,28,3,66,52,45,42,2,0,61,18,5,1,0,84,19,7,5,8,0,13,5,612,198,319,65,27,17,4,70,11,1,15,3,67,48,55,38,0,0
2018-12-26,Serie A,2847016,Cagliari,Genoa,0.43226146547179756,0.35424354243542433,0.21349499209277806,1,0,0,49,15,4,2,2,75,8,4,6,5,1,11,4,420,173,144,56,17,28,1,47,12,2,42,4,66,53,61,75,3,0,51,12,4,2,2,77,10,4,6,2,0,7,5,413,114,203,49,4,34,1,60,15,5,23,3,49,47,39,64,3,0
2018-12-26,Serie A,2847017,Fiorentina,Parma Calcio 1913,0.6787928896238115,0.24224886316659777,0.07895824720959074,0,1,2,68,34,8,0,0,85,16,9,14,12,0,21,13,504,165,265,64,22,30,0,63,7,3,8,1,55,42,76,44,4,1,32,6,2,1,0,68,15,2,1,3,0,1,5,249,106,63,33,0,18,3,71,22,12,35,8,56,58,24,79,4,0
2018-12-26,Serie A,2847021,Sampdoria,Chievo Verona,0.6764582459085187,0.24171212757028956,0.08182962652119177,2,0,0,54,14,4,0,0,82,22,4,7,3,1,7,7,474,197,194,43,33,20,0,65,12,1,15,1,55,47,33,41,2,0,46,11,1,0,0,81,19,1,8,2,0,3,8,408,189,140,56,18,19,1,84,22,3,14,2,71,53,67,50,1,0
2018-12-26,Serie A,2847020,Roma,Sassuolo,0.6980474198047419,0.21827057182705717,0.08368200836820083,3,1,0,51,20,10,6,3,82,15,8,7,3,0,17,3,403,155,176,59,48,11,4,69,13,1,16,2,53,53,52,71,1,0,49,10,3,1,1,80,16,5,6,1,0,4,6,390,180,133,48,6,22,1,77,9,3,15,8,47,47,48,67,1,0
2018-12-26,Serie A,2847022,SPAL,Udinese,0.5121467526028756,0.3331680713931582,0.15468517600396628,0,0,1,57,12,2,0,0,85,10,7,6,4,1,8,4,495,173,250,51,21,14,1,44,8,3,20,1,58,56,56,82,1,0,43,6,1,0,0,79,13,2,2,3,0,2,4,383,165,138,45,20,14,0,25,8,4,20,2,46,44,44,44,2,0
2018-12-26,Serie A,2847023,Torino,Empoli,0.6409507923269391,0.2597998331943286,0.09924937447873228,3,0,0,65,16,8,0,0,85,10,5,5,3,1,11,5,588,290,209,41,33,21,5,67,8,0,8,1,56,49,58,59,1,0,35,6,1,0,0,73,10,1,5,0,0,1,5,321,145,89,37,50,25,1,61,8,2,15,5,51,51,43,55,3,1
2018-12-26,Serie A,2847019,Inter,Napoli,0.41252246854403835,0.3254943079688436,0.26198322348711806,1,0,0,50,9,5,1,1,86,12,5,4,0,0,6,6,545,279,190,67,31,18,3,70,11,0,12,3,40,53,47,65,0,0,50,10,4,1,1,84,10,0,6,0,0,6,6,558,199,269,40,8,20,3,70,8,0,23,3,37,47,53,90,0,0
2018-12-29,Serie A,2847027,Juventus,Sampdoria,0.8024598122774841,0.12924803107131297,0.06829215665120293,2,1,0,55,14,8,1,0,83,13,6,6,0,0,9,8,512,197,230,67,19,21,3,58,11,0,19,2,59,52,59,55,0,0,45,7,2,2,1,79,17,3,5,0,0,5,6,420,172,159,33,6,12,1,70,6,0,29,6,51,48,41,54,0,0
2018-12-29,Serie A,2847024,Chievo Verona,Frosinone,0.5664464023494861,0.31607929515418504,0.11747430249632893,1,0,0,60,14,3,2,2,82,22,4,10,1,0,10,4,517,201,225,66,36,26,3,71,13,2,17,4,56,46,56,64,4,0,40,14,4,1,1,71,18,2,8,2,0,5,9,342,128,114,39,31,31,0,67,5,1,13,2,56,54,44,43,4,1
2018-12-29,Serie A,2847025,Empoli,Inter,0.19819140919366993,0.36623963828183875,0.43556895252449135,0,1,2,36,9,3,0,0,80,16,4,5,1,0,4,5,364,157,135,52,17,22,1,83,9,4,29,4,43,51,69,60,1,0,64,10,5,2,2,88,5,6,1,4,0,6,4,642,284,281,67,31,22,7,80,9,1,17,3,37,49,31,38,1,0
2018-12-29,Serie A,2847026,Genoa,Fiorentina,0.5168918918918919,0.23648648648648649,0.24662162162162163,0,0,1,44,11,3,0,0,71,21,7,4,4,0,5,6,309,69,149,41,21,22,2,61,10,5,22,3,47,39,43,36,2,0,56,13,3,3,3,82,7,3,5,5,1,7,6,407,159,173,60,20,14,2,63,13,4,41,3,68,61,57,44,1,0
2018-12-29,Serie A,2847028,Lazio,Torino,0.7146666666666667,0.136,0.14933333333333335,1,1,1,52,17,4,0,0,80,19,7,5,8,0,12,5,432,136,210,73,14,28,1,62,17,4,14,2,79,50,63,71,4,1,48,12,3,2,1,78,22,3,5,4,2,8,4,418,160,168,44,38,17,0,58,20,8,35,3,67,50,38,71,4,1
2018-12-29,Serie A,2847031,Parma Calcio 1913,Roma,0.44630071599045346,0.2052505966587112,0.34844868735083534,0,2,2,37,6,2,1,1,69,6,2,1,3,0,2,4,310,123,90,36,22,24,6,60,12,6,19,3,46,53,35,46,1,0,63,23,5,2,1,85,11,7,12,6,0,13,10,513,206,228,52,20,27,1,53,14,3,16,2,50,47,65,47,1,0
2018-12-29,Serie A,2847032,Sassuolo,Atalanta,0.4306569343065693,0.20437956204379562,0.36496350364963503,2,6,2,43,15,8,1,1,78,11,1,5,2,0,9,6,400,152,158,38,0,17,2,67,18,2,14,3,47,45,33,50,1,0,57,17,9,6,2,85,10,8,6,2,1,13,4,528,188,261,60,26,20,1,74,13,2,18,6,63,55,67,63,2,0
2018-12-29,Serie A,2847033,Udinese,Cagliari,0.5824175824175825,0.2087912087912088,0.2087912087912088,2,0,0,48,26,5,2,2,86,13,6,13,8,0,9,17,402,158,188,67,14,12,2,50,11,3,21,1,62,57,54,71,3,1,52,7,1,0,0,82,15,6,3,3,0,5,2,441,228,132,46,13,15,1,73,3,7,20,3,48,43,46,36,2,1
2018-12-29,Serie A,2847030,Napoli,Bologna,0.7758620689655172,0.12284482758620689,0.10129310344827586,3,2,0,65,17,7,5,3,92,15,6,5,5,1,10,7,598,200,348,82,21,15,2,60,6,0,16,2,46,46,39,58,2,0,35,10,4,1,0,79,10,5,6,0,0,9,1,316,144,106,58,32,19,1,46,5,5,21,4,58,54,61,76,2,0
2018-12-29,Serie A,2847029,Milan,SPAL,0.7365520282186949,0.18386243386243387,0.07958553791887125,2,1,0,64,22,4,3,2,87,14,11,7,11,0,11,11,593,207,306,61,7,21,1,57,7,2,8,3,45,52,43,76,2,1,36,11,4,1,1,76,10,2,4,3,0,5,6,342,169,92,31,71,17,1,63,10,11,37,2,45,48,57,50,2,0
2019-01-19,Serie A,2847222,Roma,Torino,0.7122485357779476,0.2077922077922078,0.07995925642984467,3,2,0,57,16,9,4,2,75,16,6,4,3,0,12,4,364,105,167,53,22,27,1,67,11,1,24,0,79,57,58,81,2,0,43,10,2,3,3,71,17,3,7,1,1,4,6,280,124,76,47,7,35,7,59,19,3,27,6,59,43,42,56,3,0
2019-01-19,Serie A,2847224,Udinese,Parma Calcio 1913,0.5450049455984174,0.32987141444114737,0.1251236399604352,1,2,2,62,27,7,2,1,84,17,8,14,6,1,14,13,513,184,245,42,25,18,1,68,7,1,6,2,60,56,55,83,3,0,38,8,4,4,2,77,16,2,3,1,0,5,3,329,142,110,45,38,21,0,25,9,6,29,6,47,44,45,45,1,0
2019-01-19,Serie A,2847219,Inter,Sassuolo,0.7335954780044237,0.18677807815188008,0.07962644384369624,0,0,1,58,13,4,2,2,85,16,11,6,3,0,9,4,525,204,240,71,29,33,3,80,12,4,8,5,50,48,44,75,1,0,42,16,5,3,3,81,16,0,7,4,0,7,9,393,196,122,38,25,17,1,40,16,3,33,4,55,52,56,74,3,0
2019-01-20,Serie A,2847217,Frosinone,Atalanta,0.22536348949919224,0.37681744749596124,0.39781906300484654,0,5,2,30,5,3,1,1,81,13,4,2,0,0,7,2,305,141,105,33,22,13,5,43,19,0,18,6,45,47,43,42,0,0,70,16,10,3,1,91,11,8,6,0,0,15,5,718,272,379,64,29,15,0,50,4,0,17,3,53,53,57,58,0,0
2019-01-20,Serie A,2847216,Fiorentina,Sampdoria,0.5377599416271434,0.3177672382342211,0.14447282013863552,3,3,1,44,14,4,4,2,77,16,4,4,6,0,9,5,361,153,124,41,13,8,4,57,16,2,22,2,54,61,35,72,4,1,56,11,5,3,2,82,22,7,4,2,0,8,3,449,179,188,58,16,23,1,54,8,7,24,0,43,39,65,33,4,0
2019-01-20,Serie A,2847223,SPAL,Bologna,0.5159380692167578,0.35564663023679416,0.1284153005464481,1,1,1,53,16,6,2,1,82,13,7,5,5,0,11,5,381,159,154,46,29,22,1,85,12,3,26,4,76,51,63,58,2,0,47,14,5,2,2,77,19,7,6,3,0,5,9,331,127,127,34,17,24,4,75,12,6,19,4,62,49,37,62,3,0
2019-01-20,Serie A,2847215,Cagliari,Empoli,0.574400723654455,0.31252826775214837,0.11307100859339665,2,2,1,56,14,3,1,0,84,13,4,9,2,0,9,5,523,217,220,59,29,14,7,65,3,1,33,2,69,46,71,70,0,0,44,12,4,1,0,75,10,7,6,2,0,9,3,405,135,169,48,14,24,1,64,5,2,21,1,55,54,29,74,0,0
2019-01-20,Serie A,2847221,Napoli,Lazio,0.7222123421661035,0.19331317801885115,0.08447447981504536,2,1,0,56,21,8,2,2,87,6,7,8,5,3,12,9,549,263,217,60,11,20,2,86,15,5,30,6,49,61,60,72,1,0,44,18,7,2,2,84,13,8,6,5,0,8,10,421,164,188,46,11,14,2,62,11,5,17,6,32,39,40,47,3,1
2019-01-21,Serie A,2847218,Genoa,Milan,0.2526899798251513,0.37104909213180903,0.3762609280430397,0,2,2,39,18,7,2,2,79,14,5,7,4,0,10,8,320,110,143,39,29,15,0,63,11,3,18,4,60,51,69,41,3,0,61,13,6,2,1,86,16,6,3,4,1,5,8,502,246,187,48,9,20,0,59,9,4,16,8,52,49,31,84,3,0
2019-01-21,Serie A,2847220,Juventus,Chievo Verona,0.8150737406627083,0.12018770350507565,0.06473855583221605,3,0,0,62,26,10,6,4,90,10,12,10,6,0,14,12,663,298,299,75,24,9,1,67,7,1,14,3,47,48,58,60,1,0,38,9,3,1,1,84,7,5,5,1,0,2,7,397,146,186,53,11,15,1,44,11,5,13,8,46,52,42,80,2,0
2019-01-26,Serie A,2847233,Sassuolo,Cagliari,0.6370614035087719,0.27046783625730997,0.09247076023391813,3,0,0,44,15,9,7,4,79,14,4,3,3,0,10,5,405,181,137,40,18,20,1,67,3,2,40,3,72,54,59,58,1,0,56,10,3,0,0,82,18,12,5,2,0,7,3,502,209,203,51,19,23,2,48,7,2,9,6,57,46,41,33,1,0
2019-01-26,Serie A,2847232,Sampdoria,Udinese,0.6868858014232464,0.2389020670958997,0.07421213148085395,4,0,0,56,22,9,4,1,83,14,1,5,8,0,11,11,509,194,231,48,38,13,2,59,13,2,10,0,45,44,33,69,2,0,44,9,0,0,0,82,13,1,7,2,0,3,6,392,178,145,52,25,17,5,56,13,7,11,5,60,56,67,67,4,0
2019-01-26,Serie A,2847230,Milan,Napoli,0.3868291418200674,0.29362198599948147,0.31954887218045114,0,0,1,46,14,5,1,1,85,7,6,6,3,0,7,7,484,252,160,71,27,20,0,56,16,1,22,6,42,55,58,58,1,0,54,15,6,0,0,89,13,8,8,1,0,8,7,554,219,272,65,18,19,2,57,9,3,13,5,33,45,42,44,1,1
2019-01-27,Serie A,2847227,Chievo Verona,Fiorentina,0.2532188841201717,0.3648068669527897,0.38197424892703863,3,4,2,51,22,8,5,3,72,18,7,9,5,1,15,7,363,135,127,54,39,13,2,57,9,4,19,1,57,48,43,80,3,0,49,14,5,5,2,71,20,5,5,4,1,13,1,368,115,145,42,20,13,0,55,6,4,22,5,68,52,57,86,1,1
2019-01-27,Serie A,2847226,Bologna,Frosinone,0.6140350877192983,0.2927875243664717,0.09317738791423003,0,4,2,50,17,2,0,0,85,15,9,8,7,1,10,7,473,137,264,60,14,21,2,59,10,2,8,0,61,49,53,42,3,1,50,7,4,3,0,82,13,2,1,2,0,5,2,504,295,116,51,14,18,3,64,8,5,39,2,60,51,47,44,4,0
2019-01-27,Serie A,2847231,Parma Calcio 1913,SPAL,0.6193638587906326,0.2911569381335197,0.0894792030758476,2,3,2,36,10,4,4,2,70,12,1,5,1,1,6,4,282,132,64,42,29,24,7,67,6,7,40,3,52,55,58,73,2,0,64,24,6,2,2,83,13,10,11,7,0,12,12,494,168,244,40,26,16,0,75,8,1,8,2,41,45,42,75,4,0
2019-01-27,Serie A,2847225,Atalanta,Roma,0.44328162960194356,0.3324612222014577,0.22425714819659875,3,3,1,64,23,5,3,3,90,7,9,8,10,0,17,6,598,261,275,64,33,20,5,71,13,2,13,2,54,49,52,40,0,0,36,8,5,3,0,76,15,2,1,2,0,6,2,345,156,105,51,25,11,1,52,18,9,28,2,54,51,48,67,3,0
2019-01-27,Serie A,2847234,Torino,Inter,0.24618918354562538,0.3817080810190019,0.37210273543537276,1,0,0,37,7,3,0,0,66,19,6,4,0,0,8,5,273,69,112,45,31,12,3,63,8,0,30,2,64,46,48,44,0,0,63,9,2,1,1,81,12,7,7,0,0,3,8,475,217,167,60,18,23,2,68,11,0,18,2,73,54,52,55,0,0
2019-01-27,Serie A,2847229,Lazio,Juventus,0.1692573402417962,0.378601945277702,0.45214071448050175,1,2,2,46,17,6,3,3,76,11,8,7,4,0,8,9,422,112,210,30,16,24,1,74,7,2,17,1,60,55,39,50,2,0,54,6,3,3,1,85,14,1,1,2,0,4,2,484,226,185,60,11,18,1,67,12,5,23,5,57,45,61,46,5,0
2019-01-28,Serie A,2847228,Empoli,Genoa,0.502495840266223,0.3132279534109817,0.18427620632279534,1,3,2,58,15,4,3,2,81,8,1,8,3,1,10,5,594,280,204,62,40,30,3,55,10,2,16,4,38,44,73,59,1,0,42,15,7,3,1,76,8,3,6,2,0,11,4,420,142,179,33,12,13,2,60,11,3,22,3,39,56,27,58,2,0
2019-02-02,Serie A,2847271,Empoli,Chievo Verona,0.5795314426633785,0.29469790382244143,0.12577065351418001,2,2,1,54,11,8,5,3,79,9,10,2,1,0,8,3,515,186,219,56,14,32,2,78,6,1,12,1,42,53,38,69,0,0,46,12,3,3,2,79,11,6,8,1,0,6,6,443,189,161,47,24,13,3,58,12,1,34,6,46,47,62,64,2,0
2019-02-02,Serie A,2847276,Napoli,Sampdoria,0.694520890668001,0.21290968226169626,0.09256942707030273,3,0,0,57,15,9,2,0,89,5,5,6,0,0,12,9,693,323,292,79,19,17,2,64,7,0,15,2,49,62,72,61,0,0,43,8,2,1,1,87,15,3,6,0,0,7,7,513,250,197,64,7,10,0,64,13,0,17,6,27,38,28,55,0,0
2019-02-02,Serie A,2847275,Juventus,Parma Calcio 1913,0.8041706946554343,0.12373981494268747,0.07208949040187819,3,3,1,68,28,7,2,1,88,7,12,9,12,2,15,13,590,171,348,57,19,16,1,80,6,3,9,2,50,59,47,67,1,0,32,11,5,2,0,78,11,4,3,3,0,6,5,278,111,105,64,40,15,2,67,3,11,36,4,41,41,53,44,2,0
2019-02-03,Serie A,2847278,SPAL,Torino,0.32918506623845845,0.3701324769169008,0.30068245684464073,0,0,1,58,9,1,1,1,79,24,11,8,0,0,7,4,390,174,135,54,24,19,0,70,7,0,14,2,62,48,44,63,0,0,42,7,2,0,0,74,27,6,5,0,0,5,5,286,116,95,44,35,2,2,73,11,0,29,1,72,53,56,50,0,0
2019-02-03,Serie A,2847273,Genoa,Sassuolo,0.45968624589565854,0.35972272893104706,0.18059102517329442,1,1,1,35,8,3,2,1,70,11,4,4,1,0,7,1,280,91,106,42,30,19,1,50,14,5,21,3,54,51,46,25,1,0,65,14,4,0,0,83,15,6,5,5,0,7,7,540,278,169,65,28,18,2,53,11,1,18,2,55,49,54,47,3,0
2019-02-03,Serie A,2847279,Udinese,Fiorentina,0.31402439024390244,0.23170731707317074,0.45426829268292684,1,1,1,42,9,1,2,1,70,12,1,6,2,0,7,2,333,123,111,34,50,14,0,62,14,4,27,3,66,59,57,55,3,0,58,14,4,0,0,82,14,10,6,4,0,9,5,457,179,197,64,24,23,1,45,9,2,12,0,47,41,43,38,3,0
2019-02-03,Serie A,2847274,Inter,Bologna,0.7190532544378698,0.20189349112426036,0.07905325443786983,0,1,2,62,16,3,1,1,82,12,6,9,4,0,12,4,527,206,224,52,21,34,1,58,8,3,12,3,75,60,35,52,1,0,38,8,4,1,1,72,17,7,1,3,0,6,2,330,136,103,49,29,23,6,57,12,4,46,3,75,40,65,50,2,0
2019-02-03,Serie A,2847277,Roma,Milan,0.40302004686279613,0.3035667794845092,0.2934131736526946,1,1,1,45,17,7,2,1,80,15,10,8,2,1,12,5,383,159,148,48,23,22,4,75,9,2,15,4,53,51,60,69,3,0,55,8,5,1,0,87,9,2,1,2,0,3,5,523,282,172,40,30,18,3,85,7,2,37,7,46,49,40,58,4,0
2019-02-04,Serie A,2847272,Frosinone,Lazio,0.2222902633190447,0.387630128597673,0.3900796080832823,0,1,2,48,13,3,2,2,79,8,2,6,4,0,8,5,490,240,147,46,28,15,3,64,14,6,20,3,63,49,57,50,1,0,52,16,4,1,1,81,14,2,6,6,0,8,8,536,172,264,38,24,22,0,42,9,4,15,3,58,51,43,75,5,0
2019-02-04,Serie A,2847270,Cagliari,Atalanta,0.22014558331693881,0.3814676372221129,0.39838677946094825,0,1,2,40,8,2,1,1,77,18,2,5,1,1,6,2,418,183,140,46,25,27,2,65,9,2,14,5,62,48,45,67,0,0,60,10,6,1,0,87,11,4,2,2,0,7,3,638,283,272,63,32,25,2,53,16,1,14,2,70,52,55,47,2,0
2019-02-07,Serie A,2847284,Lazio,Empoli,0.7339636633296255,0.19373377827215424,0.07230255839822025,1,0,0,50,10,4,4,3,83,13,3,5,1,0,9,1,484,175,228,53,38,21,7,54,12,4,17,1,46,46,65,77,1,0,50,7,1,0,0,83,8,2,2,4,0,6,1,477,192,203,51,5,20,0,57,7,1,19,3,45,54,35,71,1,0
2019-02-08,Serie A,2847282,Chievo Verona,Roma,0.20879694019471487,0.3840403337969402,0.4071627260083449,0,3,2,48,16,5,1,1,80,6,7,5,6,0,5,11,464,211,161,47,23,20,3,55,22,2,17,4,45,44,39,43,1,0,52,15,7,3,1,80,8,7,6,2,2,13,2,494,234,163,61,24,20,2,57,15,5,32,5,61,56,61,60,2,0
2019-02-09,Serie A,2847283,Fiorentina,Napoli,0.29165799875182025,0.36696484293738296,0.34137715831079674,0,0,1,40,15,3,0,0,72,9,5,7,5,0,9,6,336,100,141,45,26,24,1,67,10,2,23,4,61,54,65,47,2,0,60,13,4,6,6,81,18,5,7,2,0,8,5,513,191,225,34,6,28,0,60,18,5,15,3,44,46,35,67,4,0
2019-02-09,Serie A,2847286,Parma Calcio 1913,Inter,0.32027092404450896,0.3599419448476052,0.3197871311078858,0,1,2,35,8,1,0,0,74,17,2,3,4,1,6,2,297,131,89,49,17,18,1,58,7,4,33,4,61,43,68,71,2,0,65,18,6,3,3,87,12,10,9,3,1,11,7,543,188,284,56,13,20,2,84,3,4,12,1,62,57,32,78,2,0
2019-02-10,Serie A,2847281,Bologna,Genoa,0.4811961939284096,0.33121884911644767,0.18758495695514274,1,1,1,62,12,3,2,1,80,17,13,6,3,1,10,2,501,220,179,46,16,28,2,60,2,4,13,4,76,52,60,67,2,0,38,14,5,2,1,69,15,3,5,4,0,5,9,323,107,115,32,55,22,1,54,7,3,32,2,64,48,40,62,2,0
2019-02-10,Serie A,2847280,Atalanta,SPAL,0.6880788766059157,0.23722736779205258,0.07469375560203168,2,1,0,61,8,4,4,2,85,15,9,4,0,0,9,4,539,230,229,51,18,31,9,57,8,0,14,1,43,42,39,58,0,0,39,5,2,2,1,77,12,4,3,0,0,6,1,347,128,138,50,42,9,3,74,15,0,30,2,61,58,61,50,0,0
2019-02-10,Serie A,2847287,Sampdoria,Frosinone,0.6881206325855094,0.23795513056270687,0.07392423685178375,0,1,2,72,13,7,0,0,87,9,9,6,0,0,11,5,697,229,376,63,19,18,2,73,8,0,4,0,59,51,49,56,0,0,28,5,1,2,1,66,22,2,4,0,0,5,0,258,120,49,34,41,12,7,59,22,0,51,7,59,49,51,60,0,0
2019-02-10,Serie A,2847289,Torino,Udinese,0.6421937195931003,0.2711189739053516,0.08668730650154799,1,0,0,59,17,7,3,2,83,20,9,5,5,0,11,6,456,168,209,60,17,19,0,76,11,2,31,3,76,52,57,62,2,0,41,14,4,2,2,74,21,2,9,1,0,6,8,312,119,112,52,13,23,3,55,9,5,27,6,66,48,43,47,2,1
2019-02-10,Serie A,2847288,Sassuolo,Juventus,0.15279762559085414,0.37682752555787624,0.4703748488512696,0,3,2,50,9,2,1,1,85,19,8,5,2,0,3,6,524,237,211,52,21,15,1,67,7,3,21,2,39,37,43,50,3,0,50,14,5,4,2,84,9,4,6,3,0,10,4,535,225,223,60,44,20,3,58,7,2,22,2,62,63,57,56,2,0
2019-02-10,Serie A,2847285,Milan,Cagliari,0.799346286544398,0.1456328309424369,0.05502088251316506,3,0,0,53,19,11,4,2,86,12,2,8,0,0,11,8,528,265,189,61,17,14,1,63,10,2,18,2,63,60,52,63,0,0,47,9,2,2,2,84,11,5,5,2,1,8,1,459,219,166,54,24,16,1,43,8,0,10,9,46,40,48,45,1,0
2019-02-15,Serie A,2847295,Juventus,Frosinone,0.8063702302112898,0.12256911594659939,0.0710606538421108,3,0,0,60,14,9,2,1,87,13,5,5,0,0,9,9,600,263,261,66,42,11,3,53,8,0,23,1,65,67,67,75,0,0,40,11,1,0,0,80,18,7,10,0,0,7,8,368,145,148,38,30,15,0,80,11,0,13,6,32,33,33,40,0,0
2019-02-16,Serie A,2847291,Cagliari,Parma Calcio 1913,0.41686914265879904,0.3713988198542173,0.2117320374869837,2,1,0,59,16,3,3,1,76,22,1,11,2,0,8,8,472,169,188,50,37,31,2,65,3,3,14,2,64,39,53,38,3,1,41,9,3,0,0,69,11,4,3,3,0,6,3,335,129,102,41,36,24,5,59,10,2,19,1,76,61,47,59,1,0
2019-02-16,Serie A,2847290,Atalanta,Milan,0.3978270575978568,0.3232623902366424,0.2789105521655008,1,3,2,60,14,5,1,0,86,10,5,6,3,0,9,5,599,215,300,52,17,29,0,63,21,1,7,0,55,43,48,42,1,0,40,7,3,2,1,79,9,2,3,1,0,5,2,399,184,130,38,44,22,2,45,17,3,16,4,70,57,52,63,2,0
2019-02-17,Serie A,2847298,SPAL,Fiorentina,0.3789173789173789,0.245014245014245,0.37606837606837606,1,4,2,53,10,4,1,0,78,14,3,3,3,0,5,5,381,152,147,37,11,15,1,47,9,6,21,3,46,49,46,63,3,0,47,23,8,6,3,78,14,10,10,5,1,16,7,332,130,129,39,36,25,1,53,7,3,19,3,49,51,54,57,4,0
2019-02-17,Serie A,2847292,Empoli,Sassuolo,0.4253731343283582,0.23507462686567165,0.33955223880597013,3,0,0,33,7,5,4,1,77,12,3,1,1,0,7,0,326,119,133,50,14,20,2,40,6,2,15,2,41,53,53,58,1,0,67,8,2,1,1,89,11,3,4,2,0,4,4,675,329,273,55,13,18,3,80,10,1,13,2,36,47,47,47,3,0
2019-02-17,Serie A,2847293,Genoa,Lazio,0.2823353293413174,0.3931137724550898,0.32455089820359284,2,1,0,46,20,7,2,2,74,13,7,9,4,0,12,8,394,133,160,44,24,25,0,56,8,0,10,4,58,44,58,46,3,0,54,7,5,1,0,79,12,3,2,0,1,4,3,475,227,149,48,20,13,3,60,12,4,28,5,61,56,42,76,2,0
2019-02-17,Serie A,2847299,Udinese,Chievo Verona,0.6714285714285714,0.1619047619047619,0.16666666666666666,1,0,0,43,13,6,2,1,71,12,6,6,1,1,5,8,344,127,117,42,15,20,1,79,12,6,29,7,77,51,52,57,5,0,57,22,7,2,2,77,21,4,9,6,0,11,11,448,150,194,36,25,35,0,44,7,1,34,5,74,49,48,64,4,0
2019-02-17,Serie A,2847294,Inter,Sampdoria,0.6562644475265834,0.23509015256588073,0.10864539990753583,2,1,0,48,13,6,3,2,81,13,9,7,0,0,9,8,414,222,115,53,36,21,3,68,9,0,23,1,53,49,57,38,0,0,52,7,2,1,0,82,10,5,5,0,0,6,7,462,195,183,53,16,21,2,88,14,0,24,4,51,51,43,85,0,0
2019-02-17,Serie A,2847296,Napoli,Torino,0.7301375943186862,0.19684864624944517,0.07301375943186862,0,0,1,64,17,9,3,3,87,18,15,8,0,1,16,10,526,179,280,65,15,22,4,58,6,0,22,1,48,48,33,58,0,0,36,6,1,0,0,75,13,4,5,0,0,6,4,293,110,111,56,31,10,0,69,11,0,37,9,62,52,67,63,0,0
2019-02-18,Serie A,2847297,Roma,Bologna,0.7286149895682876,0.19531375381158722,0.07607125662012518,2,1,0,51,14,4,2,1,77,15,9,6,4,0,10,4,376,122,168,53,26,23,0,76,11,8,28,6,75,56,57,69,3,0,49,20,7,4,4,76,15,7,5,8,1,12,8,359,140,134,33,18,29,0,86,8,4,23,2,58,44,43,39,4,0
2019-02-22,Serie A,2847305,Milan,Empoli,0.7988801452784504,0.14981840193704601,0.05130145278450363,3,0,0,58,11,7,3,0,90,12,6,4,0,0,5,6,615,318,233,66,12,19,6,78,13,6,24,1,40,45,67,59,1,0,42,9,1,0,0,85,9,2,2,6,0,8,1,439,187,187,62,6,16,1,47,10,0,19,4,40,55,33,78,1,0
2019-02-23,Serie A,2847309,Torino,Atalanta,0.3318223028105168,0.37836204291326686,0.28981565427621636,2,0,0,37,15,7,2,1,65,18,4,8,0,0,9,8,318,103,105,38,57,6,4,50,17,0,20,3,55,43,39,58,0,0,63,8,3,2,2,79,18,4,5,0,0,7,3,544,197,232,70,15,26,1,55,13,0,8,6,78,57,61,65,0,0
2019-02-23,Serie A,2847303,Frosinone,Roma,0.1872015281757402,0.3787010506208214,0.4340974212034384,2,3,2,44,11,5,3,2,74,18,4,3,3,0,5,6,380,149,134,35,10,18,1,74,11,5,18,2,60,49,58,71,2,0,56,14,5,3,1,82,11,8,4,5,0,10,4,488,209,191,46,33,20,2,50,8,3,16,3,56,51,42,52,2,0
2019-02-24,Serie A,2847307,Sampdoria,Cagliari,0.6548970155527533,0.2656578394283312,0.07944514501891552,1,0,0,60,18,6,5,4,81,9,3,5,7,0,14,4,555,235,215,38,38,20,4,50,14,1,16,1,59,53,47,64,1,0,40,10,1,1,1,70,17,5,8,1,0,3,7,371,154,104,38,27,15,3,40,13,8,19,4,58,47,53,33,2,0
2019-02-24,Serie A,2847300,Bologna,Juventus,0.1500061327118852,0.36428308598062065,0.4857107813074942,0,1,2,50,18,3,1,1,80,12,4,9,6,0,9,9,439,156,196,48,15,21,1,75,9,2,12,3,57,51,47,53,2,0,50,7,4,1,0,77,17,5,1,2,0,6,1,444,168,176,49,36,20,3,79,16,6,21,3,57,49,53,61,2,0
2019-02-24,Serie A,2847301,Chievo Verona,Genoa,0.3285509325681492,0.3945480631276901,0.2769010043041607,0,0,1,50,11,5,0,0,71,21,4,3,3,0,2,9,389,157,118,48,21,24,4,40,12,2,39,1,80,45,48,20,2,0,50,10,1,0,0,66,23,6,6,3,0,6,4,385,100,155,34,36,20,0,60,5,3,24,5,93,55,52,47,3,0
2019-02-24,Serie A,2847308,Sassuolo,SPAL,0.6030195381882771,0.3046181172291297,0.09236234458259325,1,1,1,52,6,1,0,0,85,20,3,4,1,0,3,3,479,217,188,45,18,12,7,63,7,2,21,1,47,49,35,55,4,1,48,7,2,1,0,81,14,5,3,2,1,5,2,447,188,173,37,44,21,3,59,15,1,9,0,54,51,65,67,1,0
2019-02-24,Serie A,2847306,Parma Calcio 1913,Napoli,0.22923497267759563,0.3830601092896175,0.3877049180327869,0,4,2,33,12,2,0,0,73,13,5,7,3,0,4,8,326,153,85,48,10,25,0,73,9,3,13,1,45,42,52,58,2,0,67,17,5,1,0,87,7,2,9,3,0,9,8,692,270,331,48,22,17,0,62,10,3,8,2,56,58,48,72,1,0
2019-02-24,Serie A,2847302,Fiorentina,Inter,0.3737204930018801,0.346563609776478,0.279715897221642,3,3,1,47,14,2,2,1,75,13,9,9,3,0,8,6,348,127,134,38,15,22,0,60,15,3,20,1,50,51,45,48,2,0,53,8,4,3,1,75,16,6,1,3,0,5,3,399,129,170,52,21,16,0,58,6,3,30,0,51,49,55,83,4,0
2019-03-01,Serie A,2847745,Cagliari,Inter,0.19808783985658798,0.384374066328055,0.41753809381535706,2,1,0,40,13,4,3,3,73,12,1,8,1,0,10,3,350,120,134,55,29,13,1,48,14,6,26,5,64,51,63,58,5,0,60,25,6,2,2,85,9,5,13,6,0,20,5,511,268,168,62,44,31,1,58,10,1,10,3,51,49,37,52,3,0
2019-03-02,Serie A,2847746,Empoli,Parma Calcio 1913,0.6131687242798354,0.18930041152263374,0.19753086419753085,3,3,1,62,20,8,3,1,86,10,8,6,6,0,16,4,507,130,305,69,21,23,1,56,8,0,12,4,52,54,35,65,1,0,38,8,7,4,1,78,16,2,1,0,0,7,1,321,179,71,37,25,20,3,61,8,6,31,6,51,46,65,55,3,0
2019-03-02,Serie A,2847749,Milan,Sassuolo,0.7967509025270758,0.151985559566787,0.051263537906137184,1,0,0,45,11,3,3,3,88,20,6,3,5,0,6,5,418,192,175,53,10,14,1,50,12,4,27,4,34,37,56,73,3,0,55,14,4,1,1,88,9,6,6,4,1,5,9,512,190,262,56,11,13,3,55,10,5,24,3,49,63,44,65,0,1
2019-03-02,Serie A,2847748,Lazio,Roma,0.3753700414446418,0.3550424314189856,0.26958752713637263,3,0,0,44,13,4,2,0,70,13,5,3,6,0,5,8,328,89,142,38,20,26,2,50,10,5,17,3,59,51,53,43,4,0,56,15,3,1,1,78,15,7,6,6,0,9,6,407,159,159,39,24,23,0,56,11,6,26,1,56,49,47,57,3,1
2019-03-03,Serie A,2847752,Torino,Chievo Verona,0.767515923566879,0.12738853503184713,0.10509554140127389,3,0,0,59,13,5,1,1,85,11,7,6,2,0,8,5,463,169,223,58,19,21,0,63,6,3,10,4,75,52,45,65,1,0,41,10,4,2,2,73,18,4,3,3,0,4,6,330,135,107,45,15,15,2,50,3,2,39,2,78,48,55,67,4,0
2019-03-03,Serie A,2847747,Genoa,Frosinone,0.7124463519313304,0.14163090128755365,0.1459227467811159,0,0,1,67,9,3,0,0,83,15,8,6,0,0,8,11,545,175,278,64,20,16,1,63,10,0,10,0,73,58,53,60,0,0,33,4,0,0,0,68,16,2,4,0,0,2,2,283,124,69,33,17,12,5,79,14,0,49,3,58,42,47,33,0,0
2019-03-03,Serie A,2847753,Udinese,Bologna,0.5047923322683706,0.3564582382473756,0.13874942948425376,2,1,0,35,13,5,3,1,65,21,6,6,2,0,9,4,240,66,91,51,27,16,1,63,10,6,31,2,82,47,54,57,3,0,65,13,3,2,1,81,20,6,4,6,1,10,3,448,155,207,49,5,23,2,65,6,2,24,3,83,53,46,56,3,0
2019-03-03,Serie A,2847751,SPAL,Sampdoria,0.37300039016777214,0.37690206788919234,0.2500975419430355,1,2,2,53,8,2,0,0,83,12,5,6,0,0,10,4,418,176,173,52,24,27,1,30,10,0,20,6,41,42,50,29,0,0,47,14,8,1,0,81,14,4,6,0,1,6,8,390,187,127,49,25,15,2,73,6,0,26,1,52,58,50,57,0,0
2019-03-03,Serie A,2847744,Atalanta,Fiorentina,0.5586854460093896,0.30099113197704747,0.14032342201356285,3,1,0,60,20,11,3,2,80,9,8,8,1,0,13,7,431,154,190,44,30,26,1,58,5,3,17,2,69,56,61,63,4,0,40,10,3,0,0,66,16,5,3,4,1,5,5,291,96,97,27,31,24,1,60,16,1,18,8,51,44,39,42,2,0
2019-03-03,Serie A,2847750,Napoli,Juventus,0.30376982852739065,0.3402478967311027,0.3559822747415066,1,2,2,64,13,5,3,2,89,10,12,8,0,2,10,11,574,175,333,66,16,17,2,85,3,0,6,1,39,55,43,59,0,0,36,4,3,1,0,84,14,4,1,0,0,2,4,340,144,141,62,33,11,1,57,8,0,36,4,35,45,57,50,0,0
2019-03-08,Serie A,2847759,Juventus,Udinese,0.8077144502014968,0.12813553746196232,0.06415001233654083,4,1,0,62,17,6,4,1,87,7,5,9,2,0,11,6,648,277,284,64,35,19,0,73,9,1,12,1,46,51,52,50,0,0,38,6,2,0,0,80,9,0,3,1,0,2,4,409,179,148,54,25,14,2,61,7,2,19,2,44,49,48,56,3,0
2019-03-09,Serie A,2847760,Parma Calcio 1913,Genoa,0.6701030927835051,0.16151202749140894,0.16838487972508592,1,0,0,41,9,3,3,2,76,12,4,5,1,1,7,2,374,161,124,48,25,14,4,83,12,3,24,1,52,49,48,47,2,0,59,13,1,1,1,83,12,5,9,3,0,6,7,520,191,239,54,10,32,0,65,12,1,8,2,54,51,52,43,1,0
2019-03-09,Serie A,2847755,Chievo Verona,Milan,0.14124015748031496,0.38484251968503935,0.47391732283464566,1,2,2,38,8,1,0,0,78,20,4,4,3,0,4,4,373,169,123,54,17,8,0,56,8,2,9,1,59,47,61,70,3,0,62,11,3,2,1,86,12,1,6,2,0,5,6,635,336,211,62,50,28,2,58,4,3,12,0,58,53,39,69,1,0
2019-03-10,Serie A,2847754,Bologna,Cagliari,0.5547734271887373,0.3075230972283326,0.13770347558293006,2,0,0,46,21,9,5,3,74,17,8,9,3,0,14,7,370,140,132,42,21,21,2,46,4,1,8,4,58,50,40,60,1,0,54,8,4,1,1,76,21,3,2,2,1,4,4,435,178,153,45,16,19,1,62,5,2,16,7,68,50,60,91,4,0
2019-03-10,Serie A,2847757,Frosinone,Torino,0.25951557093425603,0.3878892733564014,0.3525951557093426,1,2,2,46,10,4,1,0,66,14,3,6,0,0,9,4,314,96,110,26,26,10,2,62,11,0,28,5,80,53,61,57,0,0,54,11,7,1,1,73,20,3,4,0,1,7,7,399,140,153,35,20,16,1,50,8,0,24,3,62,48,39,75,0,0
2019-03-10,Serie A,2847758,Inter,SPAL,0.7220738762794837,0.20071206052514465,0.07721406319537161,2,0,0,55,11,2,0,0,82,17,4,9,0,0,9,6,436,186,172,47,35,21,0,75,2,0,12,1,50,45,52,33,0,0,45,2,1,0,0,78,17,7,1,0,0,2,3,353,155,119,36,22,20,0,78,9,0,20,0,56,55,48,80,0,0
2019-03-10,Serie A,2847762,Sampdoria,Atalanta,0.3846622032866707,0.3563603164942179,0.2589774802191114,1,2,2,48,12,6,4,3,78,13,4,6,0,0,8,5,423,184,144,53,32,17,3,60,9,0,15,3,55,53,63,70,0,0,52,13,5,5,3,83,12,7,8,0,1,10,4,459,200,181,54,26,14,2,43,13,0,25,5,43,47,38,35,0,0
2019-03-10,Serie A,2847763,Sassuolo,Napoli,0.19936349170265968,0.3900886565128438,0.4105478517844965,1,1,1,42,10,1,2,1,78,11,3,7,2,0,6,4,410,188,133,41,20,22,0,46,10,2,13,4,38,52,46,69,3,0,58,11,4,1,1,90,10,5,5,2,0,8,3,562,198,309,65,23,16,3,78,7,2,11,0,36,48,54,69,2,0
2019-03-10,Serie A,2847756,Fiorentina,Lazio,0.4105213715359324,0.3581493658994833,0.2313292625645843,1,1,1,52,13,1,1,1,84,9,4,6,6,0,4,9,478,204,196,58,20,30,1,80,14,3,19,5,59,49,47,56,3,0,48,11,6,2,2,81,13,7,2,3,0,5,6,443,160,197,43,10,13,2,72,13,5,20,0,63,51,53,63,1,0
2019-03-11,Serie A,2847761,Roma,Empoli,0.75396513304496,0.18036439900380127,0.0656704679512387,2,1,0,54,10,3,2,1,84,12,5,6,1,0,5,5,530,249,198,47,20,19,1,85,11,1,12,1,43,54,48,60,2,1,46,5,1,0,0,82,9,3,3,1,1,3,2,438,201,158,51,25,20,0,78,1,1,23,1,40,46,52,55,1,0
2019-03-15,Serie A,2847765,Cagliari,Fiorentina,0.2917977763792742,0.37591776798825255,0.3322844556324733,2,1,0,49,14,5,4,2,66,23,4,6,3,1,7,7,343,102,125,37,25,29,0,61,11,4,23,2,65,52,49,71,3,0,51,10,3,1,1,68,13,4,3,4,0,6,4,357,137,107,38,16,29,2,45,8,2,23,3,62,48,51,47,3,0
2019-03-16,Serie A,2847771,Sassuolo,Sampdoria,0.5627118644067797,0.18983050847457628,0.24745762711864408,3,5,2,43,19,5,1,0,82,8,6,9,5,0,11,8,408,183,153,60,37,20,5,71,16,1,16,5,42,48,67,56,1,0,57,17,10,5,2,84,12,5,6,1,0,9,8,551,313,150,53,33,22,1,67,9,5,19,2,37,52,33,50,1,0
2019-03-16,Serie A,2847772,SPAL,Roma,0.19061784897025172,0.37871853546910755,0.43066361556064076,2,1,0,49,9,4,2,1,81,12,3,5,0,1,6,4,414,210,126,47,30,16,0,50,9,0,41,3,64,51,45,63,0,0,51,9,4,2,1,79,19,5,5,0,0,8,8,434,169,173,58,18,20,2,73,5,0,16,2,68,49,55,67,0,0
2019-03-16,Serie A,2847773,Torino,Bologna,0.6940126655152562,0.22769142199194012,0.07829591249280368,2,3,2,55,20,8,2,2,76,15,4,10,2,0,11,9,347,113,152,58,22,24,1,67,12,2,16,1,65,49,53,80,4,1,45,9,4,3,0,70,16,5,3,2,0,7,2,294,88,117,44,20,20,4,63,7,3,29,6,63,51,47,56,2,1
2019-03-17,Serie A,2847767,Genoa,Juventus,0.148399288572699,0.36760782570031125,0.4839928857269898,2,0,0,40,12,5,1,1,77,12,6,7,0,0,10,8,347,119,147,49,25,17,3,88,12,0,27,0,59,62,48,80,0,0,60,4,0,0,0,83,11,6,4,0,0,5,1,516,220,206,44,11,19,1,67,9,0,20,3,46,38,52,40,0,0
2019-03-17,Serie A,2847764,Atalanta,Chievo Verona,0.6881824020552344,0.24084778420038536,0.07096981374438022,1,1,1,74,13,5,3,2,88,13,10,6,2,0,8,5,671,307,285,58,18,27,1,60,13,3,13,1,61,71,38,83,1,0,26,9,2,2,1,57,24,1,4,3,0,6,3,246,84,57,30,25,24,2,44,15,2,36,4,41,29,62,14,7,0
2019-03-17,Serie A,2847766,Empoli,Frosinone,0.5904967602591793,0.30669546436285094,0.10280777537796976,2,1,0,48,10,5,5,4,80,16,2,5,0,0,8,5,438,189,163,52,10,18,1,46,9,0,26,2,63,61,49,87,0,0,52,12,3,1,0,79,17,2,9,0,0,9,5,455,165,196,44,25,22,0,80,13,0,16,4,49,39,51,38,0,0
2019-03-17,Serie A,2847768,Lazio,Parma Calcio 1913,0.6527224435590969,0.2592961487383798,0.08798140770252325,4,1,0,54,23,8,1,0,86,10,6,8,7,0,9,14,501,223,207,55,7,16,0,58,16,1,16,0,43,50,59,70,0,0,46,5,1,1,0,78,10,5,3,1,0,3,2,413,189,132,55,24,24,1,50,6,7,16,4,38,50,41,27,2,0
2019-03-17,Serie A,2847770,Napoli,Udinese,0.765,0.1325,0.1025,4,2,0,66,14,5,2,1,90,5,5,8,1,0,9,5,708,322,314,58,19,23,3,44,7,4,14,1,35,39,58,56,1,0,34,12,3,0,0,79,7,2,5,4,0,9,3,356,164,117,49,38,16,1,64,12,1,15,1,43,61,42,93,1,0
2019-03-17,Serie A,2847769,Milan,Inter,0.6894444966632203,0.19287527023216466,0.11768023310461509,2,3,2,56,11,5,2,1,89,18,7,3,3,0,8,3,492,275,161,67,19,14,1,69,9,4,24,3,56,60,45,86,4,0,44,14,5,4,2,85,13,4,5,4,0,11,3,394,203,133,47,24,22,1,33,6,3,26,4,45,40,55,50,3,0
2019-03-29,Serie A,2847775,Chievo Verona,Cagliari,0.3940774487471526,0.372310807390534,0.23361174386231334,0,3,2,49,11,6,1,1,76,12,5,2,3,1,9,2,447,160,181,54,36,27,3,56,17,1,9,0,61,50,52,40,4,1,51,9,3,3,2,75,14,5,5,1,0,7,2,477,186,170,46,29,21,1,80,12,3,25,6,59,50,48,47,3,0
2019-03-30,Serie A,2847783,Udinese,Genoa,0.47832040164308537,0.34185303514376997,0.1798265632131447,2,0,0,39,12,5,4,3,72,11,3,7,0,0,8,4,314,142,85,49,14,17,2,63,10,1,34,6,67,56,64,63,3,0,61,21,6,4,4,81,17,5,14,1,0,10,11,466,133,244,45,25,25,2,79,1,0,11,3,48,44,36,59,4,0
2019-03-30,Serie A,2847779,Juventus,Empoli,0.8193114159979291,0.12218483044266114,0.05850375355940979,1,0,0,43,13,3,2,2,87,16,5,10,0,1,8,7,413,132,227,64,38,17,2,56,11,0,12,0,44,44,81,25,0,0,57,4,0,0,0,86,11,4,4,0,0,3,5,549,241,231,55,11,18,0,40,7,0,12,2,43,56,19,31,0,0
2019-03-30,Serie A,2847782,Sampdoria,Milan,0.22178563632394674,0.38725169177035584,0.39096267190569745,1,0,0,46,16,7,6,5,83,14,5,5,4,0,10,6,470,232,157,54,20,14,3,65,9,2,19,5,57,57,50,52,2,0,54,9,5,2,2,86,10,10,2,2,0,7,2,538,293,169,70,36,24,3,50,13,4,18,6,45,43,50,29,4,0
2019-03-31,Serie A,2847780,Parma Calcio 1913,Atalanta,0.2920934043424826,0.3650143383859074,0.34289225727161,1,3,2,32,9,4,2,1,71,13,4,3,2,0,4,5,294,116,94,48,0,18,1,72,12,3,24,5,49,47,52,50,1,0,68,20,9,8,5,88,11,6,9,2,1,16,4,632,211,344,50,32,16,1,53,8,2,8,3,52,53,48,50,1,0
2019-03-31,Serie A,2847776,Fiorentina,Torino,0.5762981841350748,0.30423701815864923,0.11946479770627588,1,1,1,43,23,8,3,2,72,16,7,9,6,0,18,5,287,90,116,27,10,26,1,50,8,3,30,2,57,46,42,58,0,0,57,10,3,0,0,71,7,5,4,3,0,4,6,389,121,155,41,18,23,0,70,5,6,23,7,70,54,58,57,2,0
2019-03-31,Serie A,2847777,Frosinone,SPAL,0.44421272158498437,0.35714285714285715,0.1986444212721585,0,1,2,56,19,6,1,1,78,19,8,13,0,2,12,13,440,181,163,44,22,21,0,71,13,0,7,2,72,54,54,31,0,0,44,4,3,0,0,73,15,3,1,0,0,2,3,373,165,106,44,25,19,0,81,9,0,31,6,62,46,46,32,0,0
2019-03-31,Serie A,2847781,Roma,Napoli,0.35805405405405405,0.3494054054054054,0.2925405405405405,1,4,2,39,10,3,3,2,81,14,4,7,0,1,5,9,385,131,180,55,21,16,0,61,4,0,13,6,53,55,68,91,0,0,61,13,10,4,2,90,13,7,3,0,0,12,8,619,351,208,48,21,12,2,78,8,0,21,2,39,45,32,71,0,0
2019-03-31,Serie A,2847774,Bologna,Sassuolo,0.545653123634775,0.30930537352555704,0.145041502839668,2,1,0,43,13,8,3,1,74,17,9,4,1,0,8,5,298,93,128,42,19,34,6,67,9,5,17,2,56,51,45,57,2,0,57,10,3,1,0,78,18,4,2,5,0,5,5,413,157,165,45,21,18,2,50,14,1,23,6,58,49,55,47,3,0
2019-03-31,Serie A,2847778,Inter,Lazio,0.6356456776947705,0.23884738527214514,0.1255069370330843,0,1,2,65,18,7,1,1,88,11,12,5,6,0,11,7,624,145,402,81,16,22,1,53,10,0,6,4,47,60,27,71,0,0,35,6,5,3,2,77,14,3,1,0,0,5,1,346,142,126,45,30,12,1,46,19,6,53,7,46,40,73,44,0,0
2019-04-02,Serie A,2848022,Milan,Udinese,0.7511527820473409,0.1799877036581617,0.06885951429449738,1,1,1,57,18,6,3,2,83,14,7,5,7,0,12,6,483,175,227,61,23,24,0,58,10,1,14,1,68,53,51,63,0,0,43,7,2,3,2,76,12,5,4,1,0,4,3,373,177,105,52,22,32,0,56,7,7,33,5,61,47,49,62,0,0
2019-04-02,Serie A,2848018,Cagliari,Juventus,0.17357209737827714,0.38682116104868913,0.4396067415730337,0,2,2,45,9,0,0,0,78,17,3,5,4,0,7,2,412,176,146,39,31,19,2,69,8,3,23,4,46,42,50,14,3,0,55,17,6,6,4,82,10,5,7,4,0,13,4,498,207,201,55,26,19,3,36,7,4,11,0,55,58,50,54,2,0
2019-04-03,Serie A,2848019,Empoli,Napoli,0.20556279878313777,0.3876575401999131,0.4067796610169492,2,1,0,38,12,7,3,2,81,13,8,5,0,0,11,4,383,150,161,47,33,12,0,58,10,0,23,4,41,46,53,54,0,0,62,11,5,0,0,89,6,2,6,0,0,9,5,652,213,368,56,21,22,2,72,7,0,15,5,46,54,47,40,0,0
2019-04-03,Serie A,2848020,Frosinone,Parma Calcio 1913,0.4807692307692308,0.21634615384615385,0.30288461538461536,3,2,0,61,21,4,2,1,83,15,3,12,5,1,13,8,454,180,198,43,30,26,2,54,6,1,17,2,51,51,48,60,3,0,39,12,4,2,0,70,19,3,7,1,0,7,5,302,125,87,37,0,20,3,55,6,5,32,1,51,49,52,69,4,0
2019-04-03,Serie A,2848021,Genoa,Inter,0.47789473684210526,0.21894736842105264,0.3031578947368421,0,4,2,23,5,2,0,0,75,10,1,3,0,0,6,2,254,96,95,38,17,11,1,50,14,0,19,3,43,53,42,64,0,0,77,12,7,5,2,93,12,6,5,0,1,11,3,883,406,412,80,64,12,3,55,6,0,5,2,42,47,58,59,0,0
2019-04-03,Serie A,2848023,Roma,Fiorentina,0.6037441497659907,0.27249089963598544,0.12376495059802392,2,2,1,49,15,4,2,1,78,15,4,8,3,0,10,5,401,142,172,49,25,34,0,76,12,2,17,2,68,55,54,67,3,0,51,12,4,1,0,79,15,6,6,2,1,3,9,415,200,127,34,38,17,1,44,22,3,18,2,56,45,46,50,4,0
2019-04-03,Serie A,2848025,SPAL,Lazio,0.34951456310679613,0.23624595469255663,0.41423948220064727,1,0,0,35,12,4,1,0,76,10,2,6,2,0,5,7,302,134,97,43,33,15,0,55,12,3,27,3,53,61,50,43,2,0,65,11,3,0,0,86,18,7,4,4,1,5,6,573,240,252,56,12,26,5,73,6,2,12,3,39,39,50,46,5,0
2019-04-03,Serie A,2848026,Torino,Sampdoria,0.623015873015873,0.16666666666666666,0.21031746031746032,2,1,0,46,16,6,0,0,68,12,6,10,0,0,9,9,314,86,129,38,29,17,1,57,24,0,11,2,66,55,62,67,0,0,54,5,3,0,0,72,12,3,2,0,0,1,7,379,153,118,38,0,24,0,58,7,0,26,4,50,45,38,39,0,0
2019-04-04,Serie A,2848024,Sassuolo,Chievo Verona,0.6583756345177665,0.26345177664974617,0.07817258883248732,4,0,0,57,17,8,3,0,85,14,5,5,4,0,8,9,512,271,162,50,17,16,1,75,8,0,12,5,49,58,52,69,1,0,43,9,5,2,2,80,17,4,4,0,0,4,5,388,185,126,41,17,17,2,69,13,4,14,4,38,42,48,100,1,0
2019-04-04,Serie A,2848017,Atalanta,Bologna,0.6856482454297121,0.23807522588779156,0.07627652868249632,4,1,0,51,20,8,2,1,82,11,5,7,5,0,10,10,505,210,206,58,31,20,1,53,18,3,13,3,72,60,65,68,2,0,49,11,4,1,1,82,13,4,4,3,0,6,5,475,204,185,66,14,25,2,40,11,5,13,3,46,40,35,44,3,0
2019-04-06,Serie A,2848034,Parma Calcio 1913,Torino,0.34216255442670535,0.35667634252539915,0.3011611030478955,0,0,1,36,6,1,1,1,67,20,3,4,1,0,5,1,235,86,72,55,23,16,3,70,10,3,29,4,71,54,49,50,4,0,64,16,4,0,0,81,20,4,9,3,0,10,6,424,168,177,59,32,27,0,67,10,1,13,1,65,46,51,53,5,0
2019-04-06,Serie A,2848031,Juventus,Milan,0.7017315665393058,0.17429477278270059,0.12397366067799366,2,1,0,47,12,5,2,0,82,21,5,5,2,0,11,1,402,150,178,52,36,11,2,60,10,5,19,3,43,40,63,44,2,0,53,16,4,2,1,85,15,8,7,5,0,9,7,450,203,181,50,10,19,1,67,5,2,15,3,47,60,37,75,2,0
2019-04-06,Serie A,2848035,Sampdoria,Roma,0.39769884942471234,0.3374187093546773,0.26488244122061033,0,1,2,63,11,2,2,2,86,12,8,9,0,0,9,9,553,258,218,46,19,12,1,69,6,0,13,3,48,52,42,58,0,0,37,9,4,1,0,77,11,3,5,0,0,9,7,325,96,153,51,50,8,2,81,23,0,31,2,51,48,58,50,0,0
2019-04-07,Serie A,2848029,Fiorentina,Frosinone,0.7137895102466134,0.2156998957971518,0.07051059395623481,0,1,2,62,18,4,2,2,78,19,10,13,1,1,11,7,481,138,238,49,29,24,0,44,8,4,17,2,55,55,54,57,1,0,38,11,3,1,1,63,16,7,4,4,0,6,5,296,99,87,25,40,17,0,25,15,1,33,4,46,45,46,0,4,0
2019-04-07,Serie A,2848028,Cagliari,SPAL,0.5825082508250825,0.31146864686468645,0.10602310231023103,2,1,0,55,16,9,3,1,82,19,9,5,2,2,13,3,483,202,194,56,31,16,0,87,9,2,16,1,48,47,49,67,4,0,45,7,2,2,1,76,4,4,3,2,0,5,2,406,191,119,44,5,22,1,57,8,2,26,7,52,53,51,86,3,0
2019-04-07,Serie A,2848036,Udinese,Empoli,0.5532889258950874,0.3251457119067444,0.12156536219816819,3,2,0,36,17,5,3,2,75,8,6,9,3,1,7,10,303,110,118,43,36,14,1,75,10,5,23,3,47,49,75,63,2,1,64,15,6,3,1,87,9,6,5,4,0,13,2,527,176,282,54,13,21,0,62,5,3,11,2,36,51,25,60,4,0
2019-04-07,Serie A,2848030,Inter,Atalanta,0.6111311239193083,0.2469380403458213,0.1419308357348703,0,0,1,55,6,4,1,1,83,11,8,2,0,0,7,3,512,246,181,67,20,27,2,72,6,0,14,0,50,45,52,23,0,0,45,5,0,1,1,81,13,4,5,0,0,6,3,423,170,172,32,25,20,0,61,13,0,25,4,57,55,48,64,0,0
2019-04-07,Serie A,2848032,Lazio,Sassuolo,0.6752063763165386,0.2502134927412468,0.07458013094221463,2,2,1,58,22,7,5,3,84,14,11,11,4,0,16,6,501,157,266,60,32,19,8,69,7,2,6,0,48,43,53,60,2,0,42,5,2,2,0,79,9,1,1,2,0,2,3,378,191,106,42,0,12,1,41,12,4,43,5,55,57,47,47,1,0
2019-04-07,Serie A,2848033,Napoli,Genoa,0.724691090396705,0.19314979406026447,0.08215911554303057,1,1,1,74,17,9,4,4,90,11,11,8,0,1,10,13,694,204,423,77,20,22,0,75,8,0,13,4,39,58,33,91,0,0,26,12,5,1,1,68,10,6,7,0,1,5,9,244,73,94,29,29,8,0,63,12,0,35,8,38,42,67,60,0,0
2019-04-08,Serie A,2848027,Bologna,Chievo Verona,0.6625662778366914,0.2513255567338282,0.08610816542948038,3,0,0,65,18,11,4,2,86,10,6,3,4,0,13,5,517,206,237,47,0,24,3,59,8,4,9,2,62,61,47,56,1,0,35,8,2,1,1,73,22,3,2,4,0,5,3,277,116,85,29,20,16,0,67,11,4,28,8,48,39,53,63,6,1
2019-04-13,Serie A,2848045,SPAL,Juventus,0.16120592998629624,0.3899339728416594,0.44886009717204434,2,1,0,42,10,3,2,1,83,15,5,7,0,0,8,8,361,137,162,48,46,17,0,81,9,0,17,2,44,45,33,80,0,0,58,5,3,0,0,90,14,4,2,0,0,3,8,506,209,244,63,11,14,0,59,15,0,17,1,58,55,67,60,0,0
2019-04-13,Serie A,2848042,Roma,Udinese,0.7048260381593715,0.21773288439955107,0.07744107744107744,1,0,0,54,16,4,1,0,82,11,7,7,5,0,13,3,421,129,216,62,34,32,2,56,11,4,15,2,50,44,52,58,2,0,46,11,2,0,0,77,13,6,5,4,1,7,4,367,171,111,46,29,21,3,53,8,5,32,3,55,56,48,78,3,0
2019-04-13,Serie A,2848041,Milan,Lazio,0.6841623994147769,0.22110460863204096,0.09473299195318215,1,0,0,54,19,5,1,0,87,13,11,5,9,0,9,10,491,226,201,65,24,17,2,53,13,3,17,4,57,56,39,50,1,0,46,12,4,2,2,79,17,4,5,3,1,8,4,411,169,157,58,29,32,5,50,7,9,16,4,55,44,61,35,2,0
2019-04-14,Serie A,2848046,Torino,Cagliari,0.6838472158306489,0.23331799355729407,0.08283479061205706,1,1,1,45,15,7,1,0,75,13,6,7,1,0,10,5,313,127,107,44,35,22,1,71,12,1,13,3,68,56,44,56,2,1,55,13,4,1,0,75,20,6,8,1,1,9,4,403,133,169,49,26,21,0,53,5,1,18,6,66,44,56,56,3,2
2019-04-14,Serie A,2848039,Fiorentina,Bologna,0.6991869918699187,0.13821138211382114,0.16260162601626016,0,0,1,57,15,6,1,1,78,17,10,7,2,0,6,9,467,158,208,48,11,28,1,73,4,1,14,1,53,45,44,60,2,0,43,4,1,0,0,76,13,5,2,1,0,0,4,350,157,109,41,17,19,2,31,7,2,51,6,65,55,56,53,3,0
2019-04-14,Serie A,2848043,Sampdoria,Genoa,0.6265880217785844,0.27994555353901995,0.09346642468239565,2,0,0,56,11,4,4,2,75,15,3,7,0,1,8,6,427,195,125,43,27,12,0,55,7,0,35,2,54,58,48,67,0,0,44,9,2,0,0,69,22,8,7,0,0,6,7,321,62,158,39,12,12,7,43,7,0,16,2,47,42,52,50,0,0
2019-04-14,Serie A,2848044,Sassuolo,Parma Calcio 1913,0.6959459459459459,0.16216216216216217,0.14189189189189189,0,0,1,72,20,6,1,1,86,6,7,9,5,1,11,9,661,236,334,49,25,20,1,53,11,0,12,1,62,60,55,76,3,0,28,3,1,1,1,62,11,3,2,0,0,2,1,249,84,71,37,9,15,6,60,8,6,31,5,44,40,45,78,2,0
2019-04-14,Serie A,2848038,Chievo Verona,Napoli,0.21011904761904762,0.36904761904761907,0.42083333333333334,1,3,2,31,7,4,0,0,78,9,3,1,2,0,4,3,343,154,113,56,38,21,2,53,8,2,16,2,41,50,52,67,0,0,69,14,5,2,1,90,10,7,7,2,0,8,6,783,375,329,75,27,15,1,50,7,2,14,3,40,50,48,64,0,0
2019-04-14,Serie A,2848040,Frosinone,Inter,0.20131611016329515,0.36948574213989765,0.4291981476968072,1,3,2,29,11,4,1,1,70,19,1,7,0,0,6,8,272,99,92,39,26,19,1,55,13,0,11,3,49,43,50,56,0,0,71,11,6,6,3,89,17,3,5,0,0,11,8,689,329,281,63,60,10,3,68,4,0,17,3,61,57,50,65,0,0
2019-04-15,Serie A,2848037,Atalanta,Empoli,0.7123670956911025,0.20742398806192874,0.08020891624696885,0,0,1,62,36,18,10,10,88,6,9,18,0,0,33,14,569,160,341,54,31,21,1,33,8,0,12,1,50,53,61,53,0,0,38,3,1,0,0,77,11,3,2,0,0,2,1,364,157,122,42,11,18,5,67,12,0,30,17,40,47,39,45,0,0
2019-04-17,Serie A,2847304,Lazio,Udinese,0.7051395007342144,0.2093979441997063,0.08546255506607929,2,0,0,55,18,7,1,1,84,13,4,9,2,0,12,6,513,179,251,68,43,12,2,71,14,8,13,3,53,57,52,63,2,0,45,19,3,1,1,86,16,5,8,8,1,10,9,418,172,186,51,41,14,1,43,8,2,22,5,43,43,48,64,0,0
2019-04-20,Serie A,2848055,Parma Calcio 1913,Milan,0.1928501945525292,0.36113813229571984,0.446011673151751,1,1,1,42,12,1,1,1,79,13,8,9,2,1,7,5,326,104,154,53,13,18,5,83,7,5,16,2,54,48,50,56,0,0,58,15,3,1,0,89,13,4,6,6,0,8,7,484,181,249,60,26,13,4,44,4,2,31,0,56,52,50,30,1,0
2019-04-20,Serie A,2848048,Cagliari,Frosinone,0.6302197802197802,0.2868131868131868,0.08296703296703296,1,0,0,55,12,5,2,1,81,20,5,6,1,0,5,7,480,163,224,51,24,23,0,53,7,3,24,1,62,53,51,64,1,1,45,13,1,1,1,75,16,6,9,3,0,10,3,378,142,140,39,31,25,3,50,4,1,19,4,57,47,49,30,1,0
2019-04-20,Serie A,2848049,Empoli,SPAL,0.6190476190476191,0.23129251700680273,0.14965986394557823,2,4,2,58,12,5,3,2,86,17,3,7,0,0,9,7,461,182,213,65,25,22,2,61,9,0,15,3,49,49,56,57,0,0,42,10,7,1,0,81,14,6,3,0,0,8,6,332,126,142,60,24,14,1,73,8,0,19,3,48,51,44,61,0,0
2019-04-20,Serie A,2848050,Genoa,Torino,0.40601930721181145,0.3929585462805224,0.2010221465076661,0,1,2,48,8,4,2,2,68,21,3,4,0,0,9,3,355,95,146,39,33,13,2,68,5,0,10,2,81,52,58,40,0,0,52,7,3,1,1,75,24,2,4,0,0,3,6,402,149,151,44,17,12,1,60,8,0,20,4,67,48,42,37,0,0
2019-04-20,Serie A,2848053,Lazio,Chievo Verona,0.7425742574257426,0.16336633663366337,0.09405940594059406,1,2,2,54,25,4,2,1,81,8,13,11,10,1,13,12,436,136,216,49,14,14,0,67,7,0,10,5,72,59,54,74,0,2,46,10,7,2,1,78,21,2,3,0,0,5,5,383,150,149,43,11,15,2,60,7,10,38,4,54,41,46,53,4,0
2019-04-20,Serie A,2848056,Udinese,Sassuolo,0.5866666666666667,0.25333333333333335,0.16,1,1,1,45,14,4,1,1,76,20,6,7,3,0,5,9,340,115,142,50,30,28,3,58,11,3,11,1,59,46,56,72,3,0,55,10,2,1,1,82,15,5,5,3,0,3,7,433,190,165,39,15,18,2,58,7,4,29,3,61,54,44,73,2,0
2019-04-20,Serie A,2848047,Bologna,Sampdoria,0.5363636363636364,0.17272727272727273,0.2909090909090909,3,0,0,37,11,5,2,2,73,18,3,5,1,0,4,7,274,127,74,45,20,15,7,64,10,3,16,2,56,52,47,53,2,0,63,11,2,0,0,85,12,4,6,3,0,6,5,488,199,214,49,14,25,1,87,6,1,13,3,54,48,53,63,4,0
2019-04-20,Serie A,2848052,Juventus,Fiorentina,0.7636728549924736,0.1541645760160562,0.08216256899147015,2,1,0,61,18,4,1,1,90,13,10,5,9,0,9,9,619,270,287,69,21,11,4,67,6,2,17,2,48,50,46,52,0,0,39,13,3,3,2,86,9,7,8,2,2,7,6,404,148,199,54,14,13,3,59,9,9,23,3,50,50,54,44,1,0
2019-04-20,Serie A,2848051,Inter,Roma,0.6156325543916197,0.2506043513295729,0.13376309427880742,1,1,1,72,13,5,3,2,89,7,7,8,0,1,13,8,681,273,335,66,25,18,2,53,8,0,8,4,51,65,43,56,0,0,28,9,5,0,0,72,13,4,4,0,0,6,3,268,100,92,43,18,16,2,86,11,0,40,4,44,35,57,31,0,0
2019-04-22,Serie A,2848054,Napoli,Atalanta,0.6292221877905175,0.23876665633715524,0.13201115587232723,1,2,2,46,12,6,4,3,81,13,3,6,0,0,10,7,486,232,160,44,20,18,2,64,10,0,16,5,49,45,42,50,0,0,54,11,7,3,1,82,10,3,4,0,0,8,5,564,264,197,39,20,19,1,50,17,0,12,4,62,55,58,66,0,0
2019-04-27,Serie A,2848058,Bologna,Empoli,0.5895585738539898,0.2898981324278438,0.12054329371816638,3,1,0,52,24,7,2,0,85,13,13,10,7,0,14,10,410,102,247,58,24,19,3,52,9,2,19,2,63,56,58,59,3,0,48,6,3,1,1,80,15,5,1,2,0,3,3,394,189,127,35,6,17,0,47,8,6,29,4,48,44,42,47,2,0
2019-04-27,Serie A,2848063,Roma,Cagliari,0.7074848651623555,0.22261970280682444,0.06989543203082003,3,0,0,43,21,10,5,4,84,7,5,5,6,1,17,4,426,172,184,61,44,12,3,58,5,6,25,2,52,56,57,69,1,0,57,11,2,0,0,86,7,5,3,6,0,4,7,545,278,188,58,19,16,2,50,6,6,10,7,40,44,43,50,2,0
2019-04-27,Serie A,2848062,Inter,Juventus,0.3107544432354008,0.3336053681537903,0.35564018861080887,1,1,1,55,14,6,2,2,87,12,10,8,0,0,10,5,540,228,240,60,19,14,1,60,9,0,15,2,37,49,56,64,0,0,45,9,3,1,1,87,12,4,6,0,0,4,6,444,190,195,67,14,19,2,56,3,0,24,5,36,51,44,71,0,0
2019-04-28,Serie A,2848061,Frosinone,Napoli,0.22661042944785276,0.370398773006135,0.40299079754601225,0,2,2,34,13,5,2,2,73,25,2,8,0,0,12,3,310,128,99,49,35,7,3,65,7,0,17,7,46,42,39,50,0,0,66,18,9,2,1,89,16,6,9,0,3,12,8,635,237,327,72,25,11,2,55,7,0,12,5,65,58,61,65,0,0
2019-04-28,Serie A,2848059,Chievo Verona,Parma Calcio 1913,0.34911550468262226,0.38761706555671177,0.26326742976066597,1,1,1,52,11,2,1,1,79,15,2,5,4,0,7,4,462,172,194,38,32,25,2,53,14,2,10,2,58,45,50,40,3,0,48,8,3,1,0,74,17,4,3,2,0,5,3,435,184,140,51,25,28,0,50,8,3,12,1,65,55,50,70,3,0
2019-04-28,Serie A,2848065,SPAL,Genoa,0.5148325358851674,0.34210526315789475,0.1430622009569378,1,1,1,56,11,5,2,1,85,14,2,6,0,0,6,5,421,215,144,54,30,19,1,67,5,0,29,3,62,42,58,43,0,0,44,14,4,1,1,77,15,4,10,0,1,8,10,341,131,130,51,14,19,1,55,9,0,13,3,69,58,42,47,0,0
2019-04-28,Serie A,2848064,Sampdoria,Lazio,0.35411227154047,0.38446475195822455,0.26142297650130547,1,2,2,55,14,3,2,1,88,13,1,8,3,1,5,9,553,224,264,66,5,18,0,75,3,4,6,1,37,43,55,45,4,1,45,14,3,3,2,85,10,4,7,4,2,10,4,454,150,237,35,40,10,2,69,11,3,27,2,44,57,45,53,3,0
2019-04-28,Serie A,2848066,Torino,Milan,0.3139560200304812,0.3675157848900501,0.3185281950794688,2,0,0,42,11,3,1,0,71,19,4,5,3,0,8,3,286,71,131,41,16,11,2,72,20,3,36,3,70,54,56,44,2,0,58,12,3,1,1,76,21,9,6,3,1,7,5,393,150,148,36,17,25,0,44,12,3,30,1,58,46,44,43,6,1
2019-04-29,Serie A,2848057,Atalanta,Udinese,0.7437275985663082,0.15232974910394265,0.1039426523297491,2,0,0,63,15,8,3,2,82,7,9,4,3,0,11,4,526,150,283,51,25,34,1,60,11,0,21,1,59,45,46,45,0,0,37,5,1,0,0,71,13,5,4,0,1,1,4,308,103,115,36,10,31,2,41,10,3,37,7,72,55,54,61,2,0
2019-04-29,Serie A,2848060,Fiorentina,Sassuolo,0.6071428571428571,0.2883867832847425,0.10447035957240039,0,1,2,44,11,4,1,1,76,16,7,3,4,0,7,4,401,196,110,48,22,23,2,63,10,4,27,2,47,46,41,60,3,0,56,13,3,3,3,81,8,8,6,4,0,9,4,485,201,192,48,19,22,5,69,13,4,20,4,59,54,59,57,1,0
2019-05-03,Serie A,2848070,Juventus,Torino,0.7403943891034763,0.1680219556820492,0.09158365521447448,1,1,1,58,12,4,2,1,80,12,7,8,0,0,11,5,481,158,226,58,23,24,0,67,7,0,10,1,62,50,49,79,0,0,42,9,2,1,0,72,9,3,7,0,0,4,7,359,116,144,44,20,13,1,54,26,0,29,3,63,50,51,79,0,0
2019-05-04,Serie A,2848067,Chievo Verona,SPAL,0.3382616487455197,0.3826164874551971,0.27912186379928317,0,4,2,49,11,3,1,1,81,13,1,5,3,0,7,4,436,163,189,52,30,22,0,62,6,5,21,4,51,47,57,50,3,0,51,19,8,2,0,85,12,5,6,5,0,15,4,441,243,130,67,29,17,0,43,9,3,17,3,50,53,43,50,0,0
2019-05-04,Serie A,2848076,Udinese,Inter,0.22661469933184855,0.37778396436525613,0.39560133630289535,0,0,1,28,8,3,0,0,73,19,2,2,3,0,3,5,251,104,80,67,38,20,2,69,9,4,40,4,54,41,70,47,1,0,72,21,4,2,2,91,11,9,12,5,0,12,9,654,239,356,79,21,16,0,76,10,3,16,3,54,59,30,62,3,0
2019-05-05,Serie A,2848068,Empoli,Fiorentina,0.6239316239316239,0.1581196581196581,0.21794871794871795,1,0,0,48,11,4,1,1,79,13,4,1,6,0,6,5,430,191,149,41,36,23,1,89,8,3,20,10,49,43,47,47,3,0,52,25,11,5,5,85,16,7,12,2,1,16,9,465,149,248,63,31,22,1,64,11,6,7,3,61,57,53,71,1,1
2019-05-05,Serie A,2848071,Lazio,Atalanta,0.5773480662983426,0.20718232044198895,0.2154696132596685,1,3,2,55,8,4,1,1,82,15,2,2,2,0,1,7,529,195,238,45,11,30,1,58,9,3,16,3,51,45,45,52,4,0,45,16,5,4,2,81,11,5,7,4,0,11,5,426,159,188,46,14,21,3,63,11,2,19,3,63,55,55,67,3,0
2019-05-05,Serie A,2848074,Parma Calcio 1913,Sampdoria,0.5508982035928144,0.19161676646706588,0.25748502994011974,3,3,1,36,9,6,3,0,76,14,2,3,0,0,4,5,362,118,158,60,14,26,5,47,12,2,30,6,45,50,47,50,2,1,64,18,9,4,1,87,7,2,6,3,0,12,6,657,262,309,60,22,20,1,83,8,0,15,3,47,50,53,50,1,1
2019-05-05,Serie A,2848075,Sassuolo,Frosinone,0.7857142857142857,0.1349206349206349,0.07936507936507936,2,2,1,69,22,4,3,1,85,16,8,11,7,1,12,10,586,216,281,63,15,18,0,64,9,0,8,1,57,57,50,62,2,0,31,5,3,1,1,60,17,1,2,0,0,3,2,266,80,79,28,17,25,4,31,20,6,22,2,48,43,50,33,3,0
2019-05-05,Serie A,2848069,Genoa,Roma,0.4547738693467337,0.22613065326633167,0.31909547738693467,1,1,1,42,16,5,4,3,73,15,4,11,0,1,10,8,351,124,133,35,38,13,7,59,10,0,26,5,68,56,47,67,0,0,58,12,5,0,0,81,11,7,7,0,0,11,4,492,189,209,56,28,16,1,64,4,0,29,4,64,44,53,31,0,0
2019-05-05,Serie A,2848073,Napoli,Cagliari,0.7528735632183908,0.14655172413793102,0.10057471264367816,2,1,0,63,22,7,2,0,89,11,6,9,6,0,13,9,714,254,380,63,18,22,4,73,5,1,15,1,51,47,58,61,2,0,37,6,2,0,0,76,12,2,3,1,0,3,3,424,210,114,50,33,19,2,57,11,5,26,5,50,53,42,56,3,1
2019-05-06,Serie A,2848072,Milan,Bologna,0.6949453148093409,0.21489801950931126,0.09015666568134792,2,1,0,50,15,5,2,1,79,10,5,7,3,0,7,8,402,159,157,54,45,17,0,48,16,4,22,5,77,57,71,68,2,1,50,16,6,2,1,76,19,10,6,4,0,5,11,394,144,157,47,14,32,2,58,10,3,9,3,50,43,29,57,3,2
2019-05-11,Serie A,2848077,Atalanta,Genoa,0.6694458067680236,0.2388425698871996,0.09171162334477685,2,1,0,62,9,4,3,1,86,15,0,5,0,0,6,5,571,248,242,67,0,18,4,60,6,0,25,1,62,45,50,45,0,0,38,12,2,3,2,75,21,4,10,0,0,8,8,339,112,143,47,30,13,2,65,13,0,8,2,71,55,50,75,0,0
2019-05-11,Serie A,2848079,Cagliari,Lazio,0.28484479610468655,0.3852708460133901,0.32988435788192333,1,2,2,49,18,6,2,1,82,11,4,8,4,0,9,9,478,185,209,57,23,22,0,79,5,0,17,3,48,48,48,60,2,0,51,11,5,3,3,84,14,2,5,1,0,8,3,523,183,257,55,9,21,1,67,7,4,26,5,52,52,52,60,4,0
2019-05-11,Serie A,2848080,Fiorentina,Milan,0.2910169119262025,0.3744783659125851,0.3345047221612124,0,1,2,50,13,3,1,1,78,15,5,7,3,0,7,6,401,163,151,46,0,31,0,54,8,5,18,4,40,44,52,50,2,0,50,14,5,1,1,80,8,6,4,5,0,9,5,416,123,211,36,22,27,2,75,8,3,26,4,47,56,48,73,1,0
2019-05-12,Serie A,2848086,Torino,Sassuolo,0.6387706855791963,0.2647754137115839,0.09645390070921986,3,2,0,62,20,9,7,5,85,16,11,6,5,1,18,2,478,172,233,57,34,26,4,73,10,0,5,1,55,47,51,47,1,0,38,8,3,1,1,76,18,1,5,0,0,3,5,312,134,102,26,17,16,1,64,8,5,33,6,58,53,49,72,3,1
2019-05-12,Serie A,2848081,Frosinone,Udinese,0.33180515759312323,0.397134670487106,0.2710601719197708,1,3,2,53,24,5,3,2,81,15,14,10,9,0,12,12,395,126,193,50,24,15,2,67,11,5,9,4,62,49,50,67,2,0,47,16,7,3,1,79,17,10,4,5,0,10,6,380,145,154,52,21,14,3,50,10,9,36,4,63,51,50,64,3,0
2019-05-12,Serie A,2848084,Sampdoria,Empoli,0.5447117566954154,0.30866999546073537,0.1466182478438493,1,2,2,58,11,6,1,0,87,10,8,5,0,0,11,7,571,188,309,55,18,23,2,47,18,0,9,2,50,53,67,67,0,0,42,6,4,4,2,80,15,2,2,0,0,7,1,411,197,132,37,10,13,2,47,6,0,30,5,41,47,33,67,0,0
2019-05-12,Serie A,2848085,SPAL,Napoli,0.26782197715636075,0.392674281213076,0.33950374163056324,1,2,2,39,12,6,4,3,83,11,1,6,0,0,11,2,357,174,124,61,58,11,4,67,12,0,19,5,49,56,63,46,0,0,61,17,7,2,2,88,20,12,10,0,1,16,9,565,201,298,46,17,15,1,40,7,0,10,5,37,44,38,69,0,0
2019-05-12,Serie A,2848083,Roma,Juventus,0.2843313822602431,0.3546825754164791,0.3609860423232778,2,0,0,36,12,3,3,1,77,8,3,9,0,1,8,5,363,138,141,48,25,23,0,69,11,0,10,4,38,48,48,67,0,0,64,5,4,2,2,88,7,3,1,0,0,6,1,663,271,314,53,13,13,5,64,10,0,14,1,41,52,52,78,0,0
2019-05-13,Serie A,2848078,Bologna,Parma Calcio 1913,0.5537015276145711,0.3142185663924794,0.13207990599294947,4,1,0,66,18,10,3,2,86,10,13,5,3,1,12,6,518,211,236,57,17,16,3,67,6,3,8,0,54,64,57,67,1,0,34,6,1,1,0,73,15,3,2,3,0,4,2,273,117,83,43,20,19,0,25,17,3,23,7,34,36,43,33,4,1
2019-05-13,Serie A,2848082,Inter,Chievo Verona,0.6870082517750912,0.21473805411629246,0.09825369410861638,2,0,0,71,23,9,3,2,88,10,17,6,8,2,13,10,623,250,301,69,29,20,2,73,5,1,8,0,62,60,68,55,2,0,29,5,0,0,0,73,18,0,4,1,0,1,4,259,118,70,41,0,17,2,55,11,8,29,7,36,40,32,67,1,1
2019-05-18,Serie A,2848096,Udinese,SPAL,0.514136581122227,0.32144410613310137,0.1644193127446716,3,2,0,37,13,4,3,1,78,18,8,8,1,0,7,6,250,96,100,52,30,19,1,61,13,7,33,1,50,50,42,69,4,0,63,19,3,2,1,85,13,6,9,7,0,12,7,431,170,198,59,32,24,0,53,8,1,15,1,54,50,58,60,4,0
2019-05-18,Serie A,2848089,Genoa,Cagliari,0.6532663316582915,0.1708542713567839,0.17587939698492464,1,1,1,51,24,7,1,0,74,13,11,8,9,0,13,11,363,116,151,43,17,23,5,67,10,0,10,2,78,57,53,79,2,1,49,4,3,0,0,70,21,3,1,0,0,3,1,370,153,105,42,11,16,3,60,9,9,38,7,63,43,47,63,1,0
2019-05-18,Serie A,2848095,Sassuolo,Roma,0.2377643504531722,0.3758308157099698,0.38640483383685803,0,0,1,55,17,2,1,1,83,10,5,7,8,0,5,12,506,243,179,44,18,17,2,65,9,2,27,4,56,56,37,62,2,0,45,22,4,5,5,81,10,5,16,2,1,13,9,394,172,146,64,50,24,3,75,11,8,22,2,58,44,63,50,4,0
2019-05-19,Serie A,2848087,Chievo Verona,Sampdoria,0.3004524886877828,0.38235294117647056,0.3171945701357466,0,0,1,31,7,1,3,3,71,14,4,5,1,0,4,3,298,123,89,37,25,20,7,53,16,4,23,5,41,47,43,43,3,1,69,12,5,2,2,88,9,7,3,4,0,4,8,645,205,363,68,16,14,4,55,6,1,11,1,49,53,57,83,0,0
2019-05-19,Serie A,2848088,Empoli,Torino,0.40450424100614213,0.3562445159403334,0.2392512430535244,4,1,0,39,13,9,3,0,73,12,7,4,0,0,14,4,322,101,134,33,40,17,1,50,12,0,30,4,64,56,38,71,0,0,61,11,5,1,1,85,20,3,6,0,1,10,5,493,167,251,63,33,16,0,63,7,0,11,5,62,44,62,50,0,0
2019-05-19,Serie A,2848094,Parma Calcio 1913,Fiorentina,0.43318147304479876,0.3462414578587699,0.2205770690964313,1,0,0,38,12,3,0,0,75,15,3,7,2,1,6,6,313,121,113,41,26,11,0,37,10,5,31,2,59,55,53,67,0,0,62,18,2,1,1,87,21,7,9,7,1,12,6,508,189,252,55,26,21,0,67,6,3,21,2,49,45,47,47,1,0
2019-05-19,Serie A,2848092,Milan,Frosinone,0.7275082430522845,0.19853980216674516,0.07395195478097033,2,0,0,60,15,3,4,3,86,13,5,8,4,0,7,8,537,213,248,60,21,25,1,88,8,6,24,2,43,35,68,27,1,0,40,15,2,3,3,74,7,7,7,6,0,6,9,346,145,111,33,25,15,4,72,11,4,24,1,46,65,32,63,0,0
2019-05-19,Serie A,2848090,Juventus,Atalanta,0.6758642232403166,0.1913785922532278,0.13275718450645566,1,1,1,62,12,4,1,1,86,16,5,8,0,0,7,8,576,251,243,71,30,29,3,67,8,0,15,5,58,51,41,62,0,0,38,11,5,2,1,78,14,8,6,0,1,10,6,355,136,141,43,45,9,0,55,15,0,36,3,61,49,59,58,0,0
2019-05-19,Serie A,2848093,Napoli,Inter,0.5217694183211424,0.2985022640195054,0.17972831765935215,4,1,0,44,14,6,3,1,82,8,3,8,0,0,8,6,466,193,191,56,38,8,3,50,9,0,22,4,45,56,39,42,0,0,56,13,6,2,1,86,10,12,7,0,1,15,7,596,305,210,58,39,20,1,54,10,0,10,2,45,44,61,50,0,0
2019-05-20,Serie A,2848091,Lazio,Bologna,0.6779538904899135,0.23613112391930835,0.08591498559077809,3,3,1,52,15,5,4,3,81,11,4,5,5,0,8,7,481,198,193,43,17,20,3,44,9,7,12,1,50,53,29,60,2,0,48,20,4,5,2,81,11,6,8,8,0,13,7,424,161,184,62,32,15,0,68,11,4,14,2,58,47,71,40,1,0
2019-05-25,Serie A,2848101,Frosinone,Chievo Verona,0.5106007067137809,0.3360424028268551,0.15335689045936396,0,0,1,52,14,3,0,0,80,15,8,5,6,0,7,7,448,154,204,49,24,28,3,62,12,0,12,2,69,60,45,60,2,0,48,2,2,0,0,78,19,2,0,0,0,1,1,433,185,154,40,20,15,2,64,18,6,40,3,56,40,55,44,2,0
2019-05-25,Serie A,2848098,Bologna,Napoli,0.2690366972477064,0.37821100917431194,0.35275229357798166,3,2,0,33,13,4,2,1,70,12,5,6,3,0,10,3,263,94,90,57,36,17,2,67,13,9,24,3,42,41,53,31,0,0,67,26,5,2,0,86,8,8,11,10,1,12,14,559,214,266,65,17,13,2,94,10,3,10,1,51,59,47,43,1,0
2019-05-26,Serie A,2848106,Torino,Lazio,0.4638487208008899,0.34955506117908786,0.18659621802002224,3,1,0,59,13,7,4,1,88,9,5,3,3,0,11,2,574,294,212,68,20,25,1,47,12,4,16,3,47,40,45,63,0,0,41,16,4,2,2,83,9,5,7,5,0,8,8,398,161,168,64,15,10,0,68,16,3,22,4,67,60,55,75,1,0
2019-05-26,Serie A,2848104,Sampdoria,Juventus,0.24524197933659597,0.370989668297988,0.383768352365416,2,0,0,53,11,3,0,0,87,6,7,8,0,0,4,11,527,194,265,52,21,7,1,55,11,0,15,1,48,56,41,67,0,0,47,7,1,0,0,86,13,6,6,0,0,5,6,459,201,196,66,19,11,5,62,11,0,20,1,44,44,59,54,0,0
2019-05-26,Serie A,2848097,Atalanta,Sassuolo,0.6288018433179724,0.25253456221198156,0.11866359447004608,3,1,0,62,16,6,3,0,86,10,7,8,2,0,11,5,592,226,286,56,28,15,0,57,6,2,11,1,55,50,52,36,2,0,38,5,2,2,1,76,15,4,1,2,0,5,0,364,129,147,46,10,21,1,57,13,2,24,3,54,50,48,67,2,2
2019-05-26,Serie A,2848099,Cagliari,Udinese,0.46975648075412413,0.35467399842890807,0.1755695208169678,1,2,2,58,24,7,2,1,76,17,12,10,7,0,14,10,432,157,170,48,37,27,1,75,10,0,15,3,55,46,63,50,2,0,42,11,5,1,0,74,11,3,6,0,0,7,4,324,133,107,46,50,31,4,38,13,8,32,5,46,54,37,55,2,0
2019-05-26,Serie A,2848100,Fiorentina,Genoa,0.5106186518928901,0.30994152046783624,0.17943982763927363,0,0,1,62,6,4,0,0,88,12,4,1,1,0,3,3,566,288,209,51,5,20,0,25,4,1,9,1,32,42,41,62,1,0,38,3,0,0,0,76,9,1,2,1,0,1,2,355,176,94,40,29,20,1,64,7,1,22,4,45,58,59,100,2,0
2019-05-26,Serie A,2848102,Inter,Empoli,0.6170798898071626,0.23013350286077558,0.15278660733206187,2,1,0,53,24,14,4,3,88,11,8,10,0,1,12,16,464,125,283,61,29,15,2,63,6,0,15,3,57,59,58,67,0,0,47,9,4,4,3,82,9,2,5,0,0,9,3,417,184,158,48,38,22,0,55,7,0,26,12,40,41,42,48,0,0
2019-05-26,Serie A,2848103,Roma,Parma Calcio 1913,0.6833541927409261,0.2193366708385482,0.09730913642052566,2,1,0,59,29,8,2,2,89,14,13,14,7,0,21,8,533,211,263,66,38,19,0,62,8,4,18,4,54,52,57,65,2,0,41,14,5,2,1,82,8,8,5,4,0,6,8,385,183,131,49,25,16,1,71,8,7,29,7,47,48,43,60,1,0
2019-05-26,Serie A,2848105,SPAL,Milan,0.2170642596174511,0.3735224586288416,0.4094132817537073,2,3,2,58,10,3,1,1,84,17,8,4,3,1,8,2,457,239,146,54,18,20,0,55,10,1,5,5,42,46,45,46,2,0,42,19,8,1,0,78,13,4,10,1,0,12,7,345,131,137,41,64,30,5,75,10,3,26,1,50,54,55,69,2,0
