Date,Time,Comp,Round,Day,Venue,Result,GF,GA,Team,Opponent,xG,xGA,Poss,Attendance,Captain,Formation,Referee,Sh,SoT,SoT%,G/Sh,G/SoT,Dist,FK,PK,PKatt,xG,npxG,npxG/Sh,G-xG,np:G-xG,SoTA,Saves,Save%,CS,PSxG,PSxG+/-,PKatt,PKA,PKsv,PKm,Cmp,Att,Cmp%,Att (GK),Thr,Launch%,AvgLen,Att.1,Launch%.1,AvgLen.1,Opp,Stp,Stp%,#OPA,AvgDist,Cmp,Att,Cmp%,TotDist,PrgDist,Cmp.1,Att.1,Cmp%.1,Cmp.2,Att.2,Cmp%.2,Cmp.3,Att.3,Cmp%.3,Ast,xAG,xA,KP,1/3,PPA,CrsPA,PrgP,Att,Live,Dead,FK,TB,Sw,Crs,TI,CK,In,Out,Str,Cmp,Off,Blocks,SCA,PassLive,PassDead,TO,Sh,Fld,Def,GCA,PassLive.1,PassDead.1,TO.1,Sh.1,Fld.1,Def.1,Tkl,TklW,Def 3rd,Mid 3rd,Att 3rd,Tkl.1,Att,Tkl%,Lost,Blocks,Sh,Pass,Int,Tkl+Int,Clr,Err,Poss,Touches,Def Pen,Def 3rd,Mid 3rd,Att 3rd,Att Pen,Live,Att,Succ,Succ%,Tkld,Tkld%,Carries,TotDist,PrgDist,PrgC,1/3,CPA,Mis,Dis,Rec,PrgR,CrdY,CrdR,2CrdY,Fls,Fld,Off,Crs,Int,TklW,PKwon,PKcon,OG,Recov,Won,Lost,Won%,O_Sh,O_SoT,O_SoT%,O_G/Sh,O_G/SoT,O_Dist,O_FK,O_PK,O_PKatt,O_xG,O_npxG,O_npxG/Sh,O_G-xG,O_np:G-xG,O_SoTA,O_Saves,O_Save%,O_CS,O_PSxG,O_PSxG+/-,O_PKatt,O_PKA,O_PKsv,O_PKm,O_Cmp,O_Att,O_Cmp%,O_Att (GK),O_Thr,O_Launch%,O_AvgLen,O_Att.1,O_Launch%.1,O_AvgLen.1,O_Opp,O_Stp,O_Stp%,O_#OPA,O_AvgDist,O_Cmp,O_Att,O_Cmp%,O_TotDist,O_PrgDist,O_Cmp.1,O_Att.1,O_Cmp%.1,O_Cmp.2,O_Att.2,O_Cmp%.2,O_Cmp.3,O_Att.3,O_Cmp%.3,O_Ast,O_xAG,O_xA,O_KP,O_1/3,O_PPA,O_CrsPA,O_PrgP,O_Att,O_Live,O_Dead,O_FK,O_TB,O_Sw,O_Crs,O_TI,O_CK,O_In,O_Out,O_Str,O_Cmp,O_Off,O_Blocks,O_SCA,O_PassLive,O_PassDead,O_TO,O_Sh,O_Fld,O_Def,O_GCA,O_PassLive.1,O_PassDead.1,O_TO.1,O_Sh.1,O_Fld.1,O_Def.1,O_Tkl,O_TklW,O_Def 3rd,O_Mid 3rd,O_Att 3rd,O_Tkl.1,O_Att,O_Tkl%,O_Lost,O_Blocks,O_Sh,O_Pass,O_Int,O_Tkl+Int,O_Clr,O_Err,O_Poss,O_Touches,O_Def Pen,O_Def 3rd,O_Mid 3rd,O_Att 3rd,O_Att Pen,O_Live,O_Att,O_Succ,O_Succ%,O_Tkld,O_Tkld%,O_Carries,O_TotDist,O_PrgDist,O_PrgC,O_1/3,O_CPA,O_Mis,O_Dis,O_Rec,O_PrgR,O_CrdY,O_CrdR,O_2CrdY,O_Fls,O_Fld,O_Off,O_Crs,O_Int,O_TklW,O_PKwon,O_PKcon,O_OG,O_Recov,O_Won,O_Lost,O_Won%
2021-07-23,20:30,Bundesliga,Regular season,Fri,Away,W,3,1,RB Salzburg,Sturm Graz,,,62.0,13066.0,Andreas Ulmer,4-4-2◆,Walter Altmann,23.0,6.0,26.1,0.13,0.5,,,0,0,,,,,,3.0,2.0,66.7,0,,,0,0,0,0,,,,,,,,,,,,,,,,,,,,,,,,,,,,,,2,,,,,,,,,,,,,,34.0,,,,,,,,,,,,,,,,,,,,,,,,9.0,,,,,,,,,,,17.0,0,,,62.0,,,,,,,,,,,,,,,,,,,,,,,2,0,0,11.0,10.0,0.0,34.0,17.0,9.0,,,1,,,,,17.0,2.0,11.8,0.0,0.0,,,0,0,,,,,,6.0,3.0,50.0,0,,,0,0,0,0,,,,,,,,,,,,,,,,,,,,,,,,,,,,,,0,,,,,,,,,,,,,,16.0,,,,,,,,,,,,,,,,,,,,,,,,12.0,,,,,,,,,,,19.0,0,,,39.0,,,,,,,,,,,,,,,,,,,,,,,1,0,0,11.0,11.0,1.0,16.0,19.0,12.0,,,0,,,,
2021-08-01,17:00,Bundesliga,Regular season,Sun,Home,W,7,1,RB Salzburg,Ried,,,77.0,10086.0,Andreas Ulmer,4-4-2◆,Markus Hameter,29.0,10.0,34.5,0.21,0.6,,,1,1,,,,,,1.0,0.0,0.0,0,,,0,0,0,0,,,,,,,,,,,,,,,,,,,,,,,,,,,,,,5,,,,,,,,,,,,,,42.0,,,,,,,,,,,,,,,,,,,,,,,,10.0,,,,,,,,,,,4.0,0,,,77.0,,,,,,,,,,,,,,,,,,,,,,,3,0,0,7.0,7.0,1.0,42.0,4.0,10.0,,,0,,,,,4.0,1.0,25.0,0.25,1.0,,,0,0,,,,,,8.0,2.0,25.0,0,,,1,1,0,0,,,,,,,,,,,,,,,,,,,,,,,,,,,,,,1,,,,,,,,,,,,,,3.0,,,,,,,,,,,,,,,,,,,,,,,,14.0,,,,,,,,,,,13.0,0,,,23.0,,,,,,,,,,,,,,,,,,,,,,,0,0,0,7.0,7.0,2.0,3.0,13.0,14.0,,,0,,,,
2021-08-08,17:00,Bundesliga,Regular season,Sun,Home,W,1,0,RB Salzburg,Austria Wien,,,72.0,11800.0,Andreas Ulmer,4-4-2◆,Andreas Heiß,16.0,4.0,25.0,0.06,0.25,,,0,0,,,,,,1.0,1.0,100.0,1,,,0,0,0,0,,,,,,,,,,,,,,,,,,,,,,,,,,,,,,1,,,,,,,,,,,,,,30.0,,,,,,,,,,,,,,,,,,,,,,,,11.0,,,,,,,,,,,14.0,0,,,72.0,,,,,,,,,,,,,,,,,,,,,,,3,0,0,13.0,12.0,1.0,30.0,14.0,11.0,,,0,,,,,6.0,1.0,16.7,0.0,0.0,,,0,0,,,,,,4.0,3.0,75.0,0,,,0,0,0,0,,,,,,,,,,,,,,,,,,,,,,,,,,,,,,0,,,,,,,,,,,,,,8.0,,,,,,,,,,,,,,,,,,,,,,,,12.0,,,,,,,,,,,16.0,0,,,28.0,,,,,,,,,,,,,,,,,,,,,,,3,0,0,13.0,13.0,0.0,8.0,16.0,12.0,,,0,,,,
2021-08-14,17:00,Bundesliga,Regular season,Sat,Away,W,1,0,RB Salzburg,Admira,,,69.0,3409.0,Andreas Ulmer,4-4-2◆,Harald Lechner,16.0,5.0,31.3,0.06,0.2,,,0,0,,,,,,0.0,0.0,,1,,,0,0,0,0,,,,,,,,,,,,,,,,,,,,,,,,,,,,,,1,,,,,,,,,,,,,,25.0,,,,,,,,,,,,,,,,,,,,,,,,13.0,,,,,,,,,,,4.0,0,,,69.0,,,,,,,,,,,,,,,,,,,,,,,4,0,0,15.0,14.0,1.0,25.0,4.0,13.0,,,0,,,,,5.0,0.0,0.0,0.0,,,,0,0,,,,,,5.0,4.0,80.0,0,,,0,0,0,0,,,,,,,,,,,,,,,,,,,,,,,,,,,,,,0,,,,,,,,,,,,,,6.0,,,,,,,,,,,,,,,,,,,,,,,,18.0,,,,,,,,,,,20.0,0,,,31.0,,,,,,,,,,,,,,,,,,,,,,,2,0,0,14.0,14.0,3.0,6.0,20.0,18.0,,,0,,,,
2021-08-17,21:00,Champions Lg,Play-off round,Tue,Home,W,2,1,RB Salzburg,dk Brøndby,,,74.0,17538.0,Andreas Ulmer,4-3-1-2,Szymon Marciniak,29.0,11.0,37.9,0.07,0.18,,,0,0,,,,,,1.0,0.0,0.0,0,,,0,0,0,0,,,,,,,,,,,,,,,,,,,,,,,,,,,,,,2,,,,,,,,,,,,,,24.0,,,,,,,,,,,,,,,,,,,,,,,,8.0,,,,,,,,,,,8.0,0,,,74.0,,,,,,,,,,,,,,,,,,,,,,,0,0,0,8.0,13.0,2.0,24.0,8.0,8.0,,,0,,,,,2.0,1.0,50.0,0.5,1.0,,,0,0,,,,,,11.0,9.0,81.8,0,,,0,0,0,0,,,,,,,,,,,,,,,,,,,,,,,,,,,,,,1,,,,,,,,,,,,,,1.0,,,,,,,,,,,,,,,,,,,,,,,,8.0,,,,,,,,,,,11.0,0,,,26.0,,,,,,,,,,,,,,,,,,,,,,,2,0,0,14.0,8.0,1.0,1.0,11.0,8.0,,,0,,,,
2021-08-21,17:00,Bundesliga,Regular season,Sat,Home,W,3,1,RB Salzburg,SK Austria Klagenfurt,,,79.0,8635.0,Rasmus Nissen,4-4-2◆,Julian Weinberger,23.0,5.0,21.7,0.13,0.6,,,0,0,,,,,,2.0,1.0,50.0,0,,,0,0,0,0,,,,,,,,,,,,,,,,,,,,,,,,,,,,,,2,,,,,,,,,,,,,,22.0,,,,,,,,,,,,,,,,,,,,,,,,9.0,,,,,,,,,,,6.0,0,,,79.0,,,,,,,,,,,,,,,,,,,,,,,1,0,0,9.0,13.0,1.0,22.0,6.0,9.0,,,0,,,,,6.0,2.0,33.3,0.17,0.5,,,0,0,,,,,,5.0,2.0,40.0,0,,,0,0,0,0,,,,,,,,,,,,,,,,,,,,,,,,,,,,,,1,,,,,,,,,,,,,,7.0,,,,,,,,,,,,,,,,,,,,,,,,17.0,,,,,,,,,,,19.0,0,,,22.0,,,,,,,,,,,,,,,,,,,,,,,4,0,0,13.0,9.0,0.0,7.0,19.0,17.0,,,0,,,,
2021-08-25,21:00,Champions Lg,Play-off round,Wed,Away,W,2,1,RB Salzburg,dk Brøndby,,,50.0,22397.0,Andreas Ulmer,4-3-1-2,Carlos del Cerro,14.0,5.0,35.7,0.14,0.4,,,0,0,,,,,,3.0,2.0,66.7,0,,,0,0,0,0,,,,,,,,,,,,,,,,,,,,,,,,,,,,,,2,,,,,,,,,,,,,,6.0,,,,,,,,,,,,,,,,,,,,,,,,9.0,,,,,,,,,,,19.0,0,,,50.0,,,,,,,,,,,,,,,,,,,,,,,2,0,0,18.0,5.0,8.0,6.0,19.0,9.0,,,0,,,,,11.0,4.0,36.4,0.09,0.25,,,0,0,,,,,,4.0,2.0,50.0,0,,,0,0,0,0,,,,,,,,,,,,,,,,,,,,,,,,,,,,,,1,,,,,,,,,,,,,,18.0,,,,,,,,,,,,,,,,,,,,,,,,11.0,,,,,,,,,,,10.0,0,,,50.0,,,,,,,,,,,,,,,,,,,,,,,1,0,0,5.0,14.0,2.0,18.0,10.0,11.0,,,0,,,,
2021-08-28,17:00,Bundesliga,Regular season,Sat,Away,W,1,0,RB Salzburg,Hartberg,,,63.0,2529.0,Zlatko Junuzović,4-4-2◆,Stefan Ebner,14.0,4.0,28.6,0.07,0.25,,,0,0,,,,,,2.0,2.0,100.0,1,,,0,0,0,0,,,,,,,,,,,,,,,,,,,,,,,,,,,,,,1,,,,,,,,,,,,,,31.0,,,,,,,,,,,,,,,,,,,,,,,,6.0,,,,,,,,,,,17.0,0,,,63.0,,,,,,,,,,,,,,,,,,,,,,,0,0,0,13.0,9.0,3.0,31.0,17.0,6.0,,,0,,,,,6.0,2.0,33.3,0.0,0.0,,,0,0,,,,,,4.0,3.0,75.0,0,,,0,0,0,0,,,,,,,,,,,,,,,,,,,,,,,,,,,,,,0,,,,,,,,,,,,,,5.0,,,,,,,,,,,,,,,,,,,,,,,,20.0,,,,,,,,,,,21.0,0,,,37.0,,,,,,,,,,,,,,,,,,,,,,,2,0,0,9.0,12.0,0.0,5.0,21.0,20.0,,,0,,,,
2021-09-11,17:00,Bundesliga,Regular season,Sat,Away,W,3,1,RB Salzburg,WSG Tirol,,,59.0,2800.0,Andreas Ulmer,4-3-3,Gerhard Grobelnik,14.0,7.0,50.0,0.21,0.43,,,0,0,,,,,,1.0,0.0,0.0,0,,,0,0,0,0,,,,,,,,,,,,,,,,,,,,,,,,,,,,,,2,,,,,,,,,,,,,,12.0,,,,,,,,,,,,,,,,,,,,,,,,6.0,,,,,,,,,,,12.0,0,,,59.0,,,,,,,,,,,,,,,,,,,,,,,1,0,0,10.0,6.0,4.0,12.0,12.0,6.0,,,0,,,,,7.0,1.0,14.3,0.14,1.0,,,0,0,,,,,,7.0,4.0,57.1,0,,,0,0,0,0,,,,,,,,,,,,,,,,,,,,,,,,,,,,,,1,,,,,,,,,,,,,,16.0,,,,,,,,,,,,,,,,,,,,,,,,13.0,,,,,,,,,,,10.0,0,,,41.0,,,,,,,,,,,,,,,,,,,,,,,3,0,0,6.0,7.0,1.0,16.0,10.0,13.0,,,0,,,,
2021-09-14,18:45,Champions Lg,Group stage,Tue,Away,D,1,1,RB Salzburg,es Sevilla,2.9,1.5,52.0,18373.0,Andreas Ulmer,4-1-2-1-2◆,Aliaksei Kulbakou,13.0,7.0,53.8,0.0,0.0,29.4,1.0,1,3,2.9,0.6,0.04,-1.9,-0.6,2.0,1.0,100.0,0,1.0,0.0,1,1,0,0,2.0,5.0,40.0,17.0,6.0,11.8,25.7,8.0,37.5,34.3,15.0,0.0,0.0,2.0,22.7,376.0,476.0,79.0,6635.0,2302.0,181.0,204.0,88.7,141.0,162.0,87.0,45.0,82.0,54.9,0,0.3,0.5,8.0,48.0,7.0,0.0,39.0,476.0,430.0,45.0,13.0,0.0,4.0,17.0,17.0,6.0,3.0,0.0,0.0,376.0,1.0,8.0,26.0,17.0,2.0,0.0,2.0,4.0,1.0,2.0,1.0,0.0,0.0,0.0,1.0,0.0,24.0,16.0,7.0,8.0,9.0,16.0,33.0,48.5,17.0,7.0,3.0,4.0,7.0,31,22.0,0.0,52.0,591.0,57.0,178.0,231.0,188.0,13.0,588.0,16.0,11.0,68.8,5.0,31.3,334.0,1739.0,1039.0,19.0,18.0,4.0,22.0,9.0,374.0,38.0,4,0,0,16.0,17.0,1.0,17.0,7.0,16.0,3.0,1.0,0,63.0,11.0,16.0,40.7,10.0,1.0,10.0,0.0,0.0,17.8,0.0,1,1,1.5,0.7,0.07,-0.5,-0.7,8.0,7.0,100.0,0,1.3,0.3,3,1,0,2,3.0,12.0,25.0,31.0,6.0,35.5,36.3,4.0,25.0,31.5,13.0,2.0,15.4,1.0,12.6,333.0,439.0,75.9,6494.0,2401.0,142.0,167.0,85.0,143.0,174.0,82.2,43.0,83.0,51.8,0,0.5,1.0,7.0,21.0,11.0,3.0,29.0,439.0,390.0,49.0,16.0,3.0,8.0,18.0,23.0,4.0,3.0,0.0,0.0,333.0,0.0,4.0,20.0,12.0,3.0,3.0,0.0,2.0,0.0,2.0,1.0,0.0,0.0,0.0,1.0,0.0,14.0,9.0,8.0,3.0,3.0,5.0,16.0,31.3,11.0,11.0,4.0,7.0,4.0,18,28.0,1.0,48.0,562.0,73.0,262.0,174.0,130.0,20.0,561.0,33.0,17.0,51.5,16.0,48.5,311.0,1557.0,764.0,14.0,8.0,4.0,18.0,8.0,328.0,29.0,6,1,1,18.0,16.0,0.0,18.0,4.0,9.0,1.0,3.0,0,65.0,16.0,11.0,59.3
2021-09-19,17:00,Bundesliga,Regular season,Sun,Home,W,2,0,RB Salzburg,Rapid Wien,,,74.0,17218.0,Andreas Ulmer,4-3-1-2,Markus Hameter,18.0,4.0,22.2,0.06,0.25,,,1,1,,,,,,3.0,3.0,100.0,1,,,0,0,0,0,,,,,,,,,,,,,,,,,,,,,,,,,,,,,,1,,,,,,,,,,,,,,34.0,,,,,,,,,,,,,,,,,,,,,,,,7.0,,,,,,,,,,,11.0,0,,,74.0,,,,,,,,,,,,,,,,,,,,,,,1,0,0,9.0,12.0,1.0,34.0,11.0,7.0,,,0,,,,,8.0,3.0,37.5,0.0,0.0,,,0,0,,,,,,3.0,2.0,66.7,0,,,1,1,0,0,,,,,,,,,,,,,,,,,,,,,,,,,,,,,,0,,,,,,,,,,,,,,7.0,,,,,,,,,,,,,,,,,,,,,,,,8.0,,,,,,,,,,,18.0,0,,,26.0,,,,,,,,,,,,,,,,,,,,,,,3,0,0,12.0,9.0,1.0,7.0,18.0,8.0,,,0,,,,
2021-09-25,17:00,Bundesliga,Regular season,Sat,Away,W,2,0,RB Salzburg,Wolfsberger AC,,,67.0,3023.0,Andreas Ulmer,4-1-3-2,Josef Spurny,16.0,7.0,43.8,0.13,0.29,,,0,0,,,,,,0.0,0.0,,1,,,0,0,0,0,,,,,,,,,,,,,,,,,,,,,,,,,,,,,,2,,,,,,,,,,,,,,25.0,,,,,,,,,,,,,,,,,,,,,,,,8.0,,,,,,,,,,,8.0,0,,,67.0,,,,,,,,,,,,,,,,,,,,,,,2,0,0,16.0,12.0,0.0,25.0,8.0,8.0,,,0,,,,,7.0,0.0,0.0,0.0,,,,0,0,,,,,,7.0,5.0,71.4,0,,,0,0,0,0,,,,,,,,,,,,,,,,,,,,,,,,,,,,,,0,,,,,,,,,,,,,,13.0,,,,,,,,,,,,,,,,,,,,,,,,16.0,,,,,,,,,,,11.0,0,,,33.0,,,,,,,,,,,,,,,,,,,,,,,2,1,1,12.0,16.0,0.0,13.0,11.0,16.0,,,0,,,,
2021-09-29,21:00,Champions Lg,Group stage,Wed,Home,W,2,1,RB Salzburg,fr Lille,2.1,0.5,46.0,24207.0,Andreas Ulmer,4-3-1-2,Halil Umut Meler,10.0,2.0,20.0,0.0,0.0,21.7,1.0,2,2,2.1,0.6,0.06,-0.1,-0.6,2.0,1.0,50.0,0,0.2,-0.8,0,0,0,0,4.0,13.0,30.8,26.0,4.0,34.6,33.3,8.0,50.0,41.9,14.0,0.0,0.0,1.0,30.0,287.0,407.0,70.5,5585.0,2478.0,102.0,124.0,82.3,126.0,158.0,79.7,45.0,85.0,52.9,0,0.3,0.5,7.0,31.0,5.0,1.0,35.0,407.0,360.0,45.0,11.0,4.0,2.0,15.0,19.0,5.0,2.0,2.0,0.0,287.0,2.0,17.0,17.0,12.0,1.0,1.0,2.0,1.0,0.0,3.0,1.0,0.0,0.0,1.0,1.0,0.0,15.0,6.0,8.0,3.0,4.0,4.0,17.0,23.5,13.0,15.0,5.0,10.0,19.0,34,12.0,0.0,46.0,540.0,54.0,175.0,239.0,136.0,16.0,538.0,15.0,6.0,40.0,9.0,60.0,256.0,1291.0,723.0,21.0,15.0,6.0,26.0,9.0,285.0,35.0,2,0,0,18.0,10.0,2.0,15.0,19.0,6.0,1.0,0.0,0,70.0,10.0,15.0,40.0,10.0,2.0,20.0,0.1,0.5,21.3,1.0,0,0,0.5,0.5,0.05,0.5,0.5,4.0,2.0,100.0,0,2.1,0.1,2,2,0,0,9.0,23.0,39.1,40.0,5.0,50.0,40.6,4.0,75.0,54.5,12.0,0.0,0.0,0.0,,351.0,478.0,73.4,6757.0,2904.0,135.0,164.0,82.3,164.0,204.0,80.4,45.0,76.0,59.2,0,0.4,0.4,8.0,30.0,5.0,2.0,48.0,478.0,422.0,53.0,19.0,0.0,7.0,18.0,24.0,3.0,2.0,1.0,0.0,351.0,3.0,12.0,18.0,13.0,2.0,1.0,0.0,2.0,0.0,2.0,1.0,0.0,0.0,0.0,1.0,0.0,18.0,10.0,11.0,6.0,1.0,9.0,15.0,60.0,6.0,21.0,3.0,18.0,7.0,25,11.0,0.0,54.0,597.0,66.0,206.0,289.0,109.0,16.0,597.0,17.0,13.0,76.5,4.0,23.5,282.0,1503.0,763.0,20.0,12.0,6.0,27.0,11.0,348.0,48.0,5,0,0,12.0,17.0,3.0,18.0,7.0,10.0,0.0,2.0,0,69.0,15.0,10.0,60.0
2021-10-03,17:00,Bundesliga,Regular season,Sun,Home,W,3,1,RB Salzburg,LASK,,,56.0,12093.0,Rasmus Nissen,4-3-1-2,Harald Lechner,17.0,11.0,64.7,0.18,0.27,,,0,0,,,,,,4.0,3.0,75.0,0,,,0,0,0,0,,,,,,,,,,,,,,,,,,,,,,,,,,,,,,2,,,,,,,,,,,,,,12.0,,,,,,,,,,,,,,,,,,,,,,,,16.0,,,,,,,,,,,15.0,0,,,56.0,,,,,,,,,,,,,,,,,,,,,,,1,0,0,8.0,15.0,10.0,12.0,15.0,16.0,,,0,,,,,12.0,4.0,33.3,0.08,0.25,,,0,0,,,,,,11.0,8.0,72.7,0,,,0,0,0,0,,,,,,,,,,,,,,,,,,,,,,,,,,,,,,1,,,,,,,,,,,,,,12.0,,,,,,,,,,,,,,,,,,,,,,,,25.0,,,,,,,,,,,15.0,0,,,44.0,,,,,,,,,,,,,,,,,,,,,,,3,0,0,16.0,7.0,1.0,12.0,15.0,25.0,,,0,,,,
2021-10-16,17:00,Bundesliga,Regular season,Sat,Away,D,1,1,RB Salzburg,SCR Altach,,,68.0,4720.0,Andreas Ulmer,4-4-2◆,Walter Altmann,15.0,4.0,26.7,0.07,0.25,,,0,0,,,,,,2.0,1.0,50.0,0,,,0,0,0,0,,,,,,,,,,,,,,,,,,,,,,,,,,,,,,1,,,,,,,,,,,,,,21.0,,,,,,,,,,,,,,,,,,,,,,,,9.0,,,,,,,,,,,15.0,0,,,68.0,,,,,,,,,,,,,,,,,,,,,,,1,0,0,11.0,10.0,2.0,21.0,15.0,9.0,,,0,,,,,6.0,2.0,33.3,0.17,0.5,,,0,0,,,,,,4.0,3.0,75.0,0,,,0,0,0,0,,,,,,,,,,,,,,,,,,,,,,,,,,,,,,1,,,,,,,,,,,,,,12.0,,,,,,,,,,,,,,,,,,,,,,,,16.0,,,,,,,,,,,17.0,0,,,32.0,,,,,,,,,,,,,,,,,,,,,,,1,0,0,10.0,11.0,0.0,12.0,17.0,16.0,,,0,,,,
2021-10-20,18:45,Champions Lg,Group stage,Wed,Home,W,3,1,RB Salzburg,de Wolfsburg,2.7,0.9,54.0,29520.0,Andreas Ulmer,4-1-2-1-2◆,Daniele Orsato,14.0,6.0,42.9,0.21,0.5,15.6,0.0,0,0,2.7,2.7,0.19,0.3,0.3,2.0,1.0,50.0,0,1.0,0.0,0,0,0,0,1.0,5.0,20.0,24.0,10.0,16.7,27.4,4.0,25.0,29.0,13.0,0.0,0.0,0.0,,366.0,458.0,79.9,6665.0,2456.0,161.0,176.0,91.5,156.0,183.0,85.2,42.0,77.0,54.5,3,2.2,1.0,13.0,31.0,4.0,0.0,44.0,458.0,406.0,50.0,9.0,4.0,5.0,14.0,25.0,10.0,4.0,6.0,0.0,366.0,2.0,4.0,24.0,18.0,3.0,1.0,2.0,0.0,0.0,3.0,2.0,0.0,0.0,1.0,0.0,0.0,17.0,9.0,9.0,6.0,2.0,8.0,23.0,34.8,15.0,13.0,2.0,11.0,7.0,24,8.0,0.0,54.0,565.0,49.0,170.0,265.0,137.0,21.0,565.0,23.0,9.0,39.1,14.0,60.9,329.0,1734.0,1016.0,16.0,6.0,5.0,13.0,3.0,364.0,44.0,2,0,0,16.0,8.0,2.0,14.0,7.0,9.0,0.0,0.0,0,50.0,7.0,11.0,38.9,8.0,2.0,25.0,0.13,0.5,21.7,2.0,0,0,0.9,0.9,0.11,0.1,0.1,6.0,3.0,50.0,0,2.6,-0.4,0,0,0,0,6.0,10.0,60.0,17.0,3.0,35.3,34.4,14.0,28.6,34.5,12.0,0.0,0.0,1.0,22.0,301.0,387.0,77.8,6188.0,2581.0,98.0,121.0,81.0,150.0,169.0,88.8,45.0,68.0,66.2,1,0.7,0.4,5.0,26.0,3.0,1.0,29.0,387.0,325.0,62.0,16.0,1.0,5.0,16.0,24.0,4.0,2.0,0.0,0.0,301.0,0.0,12.0,12.0,6.0,3.0,0.0,0.0,3.0,0.0,2.0,0.0,2.0,0.0,0.0,0.0,0.0,17.0,11.0,10.0,5.0,2.0,14.0,23.0,60.9,9.0,7.0,3.0,4.0,9.0,26,15.0,1.0,46.0,496.0,61.0,195.0,213.0,95.0,11.0,496.0,23.0,15.0,65.2,8.0,34.8,228.0,1403.0,815.0,19.0,10.0,3.0,24.0,9.0,299.0,29.0,2,0,0,9.0,15.0,0.0,16.0,9.0,11.0,0.0,0.0,0,50.0,11.0,7.0,61.1
2021-10-24,17:00,Bundesliga,Regular season,Sun,Home,W,4,1,RB Salzburg,Sturm Graz,,,59.0,16512.0,Andreas Ulmer,4-4-2◆,Manuel Schüttengruber,15.0,6.0,40.0,0.2,0.5,,,0,0,,,,,,4.0,3.0,75.0,0,,,0,0,0,0,,,,,,,,,,,,,,,,,,,,,,,,,,,,,,2,,,,,,,,,,,,,,32.0,,,,,,,,,,,,,,,,,,,,,,,,19.0,,,,,,,,,,,15.0,0,,,59.0,,,,,,,,,,,,,,,,,,,,,,,2,0,0,10.0,7.0,0.0,32.0,15.0,19.0,,,0,,,,,14.0,4.0,28.6,0.07,0.25,,,0,0,,,,,,7.0,3.0,42.9,0,,,0,0,0,0,,,,,,,,,,,,,,,,,,,,,,,,,,,,,,0,,,,,,,,,,,,,,17.0,,,,,,,,,,,,,,,,,,,,,,,,17.0,,,,,,,,,,,16.0,0,,,41.0,,,,,,,,,,,,,,,,,,,,,,,1,0,0,8.0,9.0,0.0,17.0,16.0,17.0,,,1,,,,
2021-10-30,17:00,Bundesliga,Regular season,Sat,Away,D,2,2,RB Salzburg,Ried,,,72.0,6010.0,Andreas Ulmer,4-3-1-2,Julian Weinberger,17.0,8.0,47.1,0.12,0.25,,,0,1,,,,,,3.0,1.0,33.3,0,,,0,0,0,0,,,,,,,,,,,,,,,,,,,,,,,,,,,,,,1,,,,,,,,,,,,,,15.0,,,,,,,,,,,,,,,,,,,,,,,,5.0,,,,,,,,,,,7.0,0,,,72.0,,,,,,,,,,,,,,,,,,,,,,,4,0,0,13.0,16.0,1.0,15.0,7.0,5.0,,,0,,,,,6.0,3.0,50.0,0.33,0.67,,,0,0,,,,,,6.0,5.0,66.7,0,,,1,0,1,0,,,,,,,,,,,,,,,,,,,,,,,,,,,,,,2,,,,,,,,,,,,,,7.0,,,,,,,,,,,,,,,,,,,,,,,,9.0,,,,,,,,,,,6.0,0,,,28.0,,,,,,,,,,,,,,,,,,,,,,,3,0,0,16.0,11.0,0.0,7.0,6.0,9.0,,,0,,,,
2021-11-02,18:45,Champions Lg,Group stage,Tue,Away,L,1,2,RB Salzburg,de Wolfsburg,1.6,1.7,58.0,16112.0,Andreas Ulmer,4-1-2-1-2◆,Artur Dias,12.0,6.0,50.0,0.08,0.17,20.0,1.0,0,0,1.6,1.6,0.14,-0.6,-0.6,4.0,2.0,50.0,0,1.2,-0.8,0,0,0,0,1.0,2.0,50.0,22.0,3.0,9.1,25.2,2.0,0.0,29.0,6.0,0.0,0.0,2.0,26.0,473.0,616.0,76.8,8432.0,2818.0,205.0,238.0,86.1,198.0,238.0,83.2,57.0,98.0,58.2,0,1.5,0.4,9.0,44.0,6.0,0.0,61.0,616.0,553.0,59.0,14.0,0.0,8.0,24.0,36.0,4.0,1.0,3.0,0.0,473.0,4.0,14.0,18.0,14.0,1.0,1.0,1.0,1.0,0.0,2.0,1.0,0.0,0.0,0.0,1.0,0.0,23.0,14.0,8.0,14.0,1.0,17.0,26.0,65.4,9.0,9.0,2.0,7.0,11.0,34,6.0,0.0,58.0,725.0,21.0,167.0,383.0,184.0,14.0,725.0,25.0,14.0,56.0,11.0,44.0,391.0,2011.0,1062.0,26.0,8.0,6.0,20.0,12.0,470.0,61.0,1,0,0,13.0,14.0,4.0,24.0,11.0,14.0,0.0,0.0,0,79.0,18.0,22.0,45.0,8.0,4.0,50.0,0.25,0.5,15.8,0.0,0,0,1.7,1.7,0.22,0.3,0.3,6.0,5.0,83.3,0,1.2,0.2,0,0,0,0,13.0,22.0,59.1,34.0,8.0,50.0,40.9,10.0,50.0,40.7,17.0,0.0,0.0,0.0,13.7,316.0,440.0,71.8,6608.0,3150.0,122.0,157.0,77.7,132.0,173.0,76.3,60.0,97.0,61.9,2,1.2,0.9,7.0,26.0,5.0,1.0,32.0,440.0,394.0,45.0,17.0,0.0,4.0,7.0,15.0,1.0,1.0,0.0,0.0,316.0,1.0,7.0,15.0,14.0,1.0,0.0,0.0,0.0,0.0,4.0,4.0,0.0,0.0,0.0,0.0,0.0,23.0,13.0,15.0,7.0,1.0,11.0,25.0,44.0,14.0,11.0,1.0,10.0,12.0,35,31.0,0.0,42.0,579.0,77.0,250.0,245.0,96.0,14.0,579.0,26.0,9.0,34.6,17.0,65.4,334.0,1493.0,775.0,15.0,9.0,4.0,16.0,6.0,311.0,31.0,3,0,0,14.0,13.0,1.0,7.0,12.0,13.0,0.0,0.0,0,74.0,22.0,18.0,55.0
2021-11-06,17:00,Bundesliga,Regular season,Sat,Away,W,1,0,RB Salzburg,Austria Wien,,,56.0,10135.0,Andreas Ulmer,4-3-1-2,Andreas Heiß,14.0,4.0,28.6,0.07,0.25,,,0,0,,,,,,2.0,2.0,100.0,1,,,0,0,0,0,,,,,,,,,,,,,,,,,,,,,,,,,,,,,,1,,,,,,,,,,,,,,10.0,,,,,,,,,,,,,,,,,,,,,,,,23.0,,,,,,,,,,,12.0,0,,,56.0,,,,,,,,,,,,,,,,,,,,,,,4,0,0,21.0,15.0,3.0,10.0,12.0,23.0,,,0,,,,,11.0,2.0,18.2,0.0,0.0,,,0,0,,,,,,4.0,3.0,75.0,0,,,0,0,0,0,,,,,,,,,,,,,,,,,,,,,,,,,,,,,,0,,,,,,,,,,,,,,17.0,,,,,,,,,,,,,,,,,,,,,,,,15.0,,,,,,,,,,,5.0,0,,,44.0,,,,,,,,,,,,,,,,,,,,,,,3,0,0,15.0,20.0,1.0,17.0,5.0,15.0,,,0,,,,
2021-11-20,17:00,Bundesliga,Regular season,Sat,Home,D,0,0,RB Salzburg,Admira,,,74.0,5821.0,Andreas Ulmer,4-4-2◆,Josef Spurny,26.0,5.0,19.2,0.0,0.0,,,0,0,,,,,,2.0,2.0,100.0,1,,,0,0,0,0,,,,,,,,,,,,,,,,,,,,,,,,,,,,,,0,,,,,,,,,,,,,,43.0,,,,,,,,,,,,,,,,,,,,,,,,10.0,,,,,,,,,,,12.0,0,,,74.0,,,,,,,,,,,,,,,,,,,,,,,0,0,0,9.0,16.0,1.0,43.0,12.0,10.0,,,0,,,,,4.0,2.0,50.0,0.0,0.0,,,0,0,,,,,,5.0,5.0,100.0,1,,,0,0,0,0,,,,,,,,,,,,,,,,,,,,,,,,,,,,,,0,,,,,,,,,,,,,,5.0,,,,,,,,,,,,,,,,,,,,,,,,13.0,,,,,,,,,,,18.0,0,,,26.0,,,,,,,,,,,,,,,,,,,,,,,4,0,0,16.0,8.0,0.0,5.0,18.0,13.0,,,0,,,,
2021-11-23,21:00,Champions Lg,Group stage,Tue,Away,L,0,1,RB Salzburg,fr Lille,0.5,0.7,53.0,33573.0,Andreas Ulmer,4-1-2-1-2◆,Anthony Taylor,11.0,2.0,18.2,0.0,0.0,21.8,3.0,0,0,0.5,0.5,0.04,-0.5,-0.5,1.0,0.0,0.0,0,0.8,-0.2,0,0,0,0,2.0,7.0,28.6,17.0,1.0,23.5,35.7,6.0,50.0,34.0,6.0,1.0,16.7,0.0,3.0,372.0,491.0,75.8,6663.0,2436.0,164.0,198.0,82.8,154.0,178.0,86.5,43.0,83.0,51.8,0,0.0,0.3,0.0,33.0,3.0,0.0,46.0,491.0,431.0,60.0,14.0,0.0,2.0,21.0,33.0,5.0,4.0,1.0,0.0,372.0,0.0,14.0,17.0,7.0,1.0,1.0,3.0,5.0,0.0,0.0,0.0,0.0,0.0,0.0,0.0,0.0,28.0,15.0,12.0,14.0,2.0,16.0,36.0,44.4,20.0,12.0,1.0,11.0,12.0,40,14.0,0.0,53.0,614.0,43.0,181.0,276.0,162.0,16.0,614.0,22.0,9.0,40.9,13.0,59.1,296.0,1635.0,777.0,15.0,14.0,5.0,19.0,5.0,369.0,46.0,4,0,0,15.0,16.0,0.0,21.0,12.0,15.0,0.0,0.0,0,60.0,16.0,14.0,53.3,6.0,1.0,16.7,0.17,1.0,17.0,1.0,0,0,0.7,0.7,0.12,0.3,0.3,2.0,2.0,100.0,1,0.3,0.3,0,0,0,0,3.0,18.0,16.7,24.0,7.0,58.3,41.6,4.0,100.0,58.8,18.0,2.0,11.1,1.0,13.0,335.0,438.0,76.5,5860.0,2115.0,158.0,178.0,88.8,132.0,167.0,79.0,37.0,62.0,59.7,0,0.2,0.7,3.0,24.0,3.0,1.0,25.0,438.0,391.0,46.0,14.0,0.0,6.0,7.0,23.0,4.0,2.0,0.0,0.0,335.0,1.0,12.0,12.0,8.0,2.0,1.0,0.0,1.0,0.0,2.0,1.0,0.0,1.0,0.0,0.0,0.0,18.0,9.0,14.0,4.0,0.0,13.0,22.0,59.1,9.0,17.0,5.0,12.0,8.0,26,29.0,0.0,47.0,577.0,69.0,200.0,267.0,118.0,17.0,577.0,36.0,20.0,55.6,16.0,44.4,239.0,1519.0,747.0,16.0,9.0,4.0,22.0,12.0,331.0,25.0,3,0,0,16.0,14.0,1.0,7.0,8.0,9.0,0.0,0.0,0,58.0,14.0,16.0,46.7
2021-11-27,17:00,Bundesliga,Regular season,Sat,Away,L,1,2,RB Salzburg,SK Austria Klagenfurt,,,70.0,,Rasmus Nissen,4-3-1-2,Gerhard Grobelnik,21.0,5.0,23.8,0.05,0.2,,,0,0,,,,,,3.0,1.0,33.3,0,,,0,0,0,0,,,,,,,,,,,,,,,,,,,,,,,,,,,,,,0,,,,,,,,,,,,,,23.0,,,,,,,,,,,,,,,,,,,,,,,,7.0,,,,,,,,,,,6.0,0,,,70.0,,,,,,,,,,,,,,,,,,,,,,,1,0,0,14.0,14.0,4.0,23.0,6.0,7.0,,,0,,,,,5.0,3.0,60.0,0.4,0.67,,,0,0,,,,,,5.0,4.0,80.0,0,,,0,0,0,0,,,,,,,,,,,,,,,,,,,,,,,,,,,,,,2,,,,,,,,,,,,,,6.0,,,,,,,,,,,,,,,,,,,,,,,,13.0,,,,,,,,,,,23.0,0,,,30.0,,,,,,,,,,,,,,,,,,,,,,,3,0,0,15.0,13.0,0.0,6.0,23.0,13.0,,,0,,,,
2021-12-04,17:00,Bundesliga,Regular season,Sat,Home,W,2,1,RB Salzburg,Hartberg,,,71.0,,Andreas Ulmer,4-4-2◆,Dieter Muckenhammer,17.0,7.0,41.2,0.12,0.29,,,0,0,,,,,,1.0,0.0,0.0,0,,,0,0,0,0,,,,,,,,,,,,,,,,,,,,,,,,,,,,,,1,,,,,,,,,,,,,,27.0,,,,,,,,,,,,,,,,,,,,,,,,7.0,,,,,,,,,,,7.0,0,,,71.0,,,,,,,,,,,,,,,,,,,,,,,1,0,0,7.0,13.0,5.0,27.0,7.0,7.0,,,0,,,,,3.0,1.0,33.3,0.33,1.0,,,0,0,,,,,,7.0,5.0,71.4,0,,,0,0,0,0,,,,,,,,,,,,,,,,,,,,,,,,,,,,,,0,,,,,,,,,,,,,,11.0,,,,,,,,,,,,,,,,,,,,,,,,11.0,,,,,,,,,,,20.0,0,,,29.0,,,,,,,,,,,,,,,,,,,,,,,3,0,0,13.0,7.0,2.0,11.0,20.0,11.0,,,0,,,,
2021-12-08,21:00,Champions Lg,Group stage,Wed,Home,W,1,0,RB Salzburg,es Sevilla,0.6,0.9,35.0,,Andreas Ulmer,4-1-2-1-2◆,Slavko Vinčič,6.0,2.0,33.3,0.17,0.5,23.9,0.0,0,0,0.6,0.6,0.1,0.4,0.4,1.0,1.0,100.0,1,0.2,0.2,0,0,0,0,7.0,26.0,26.9,25.0,2.0,68.0,46.7,11.0,81.8,52.8,16.0,0.0,0.0,0.0,13.5,195.0,321.0,60.7,3632.0,1739.0,86.0,112.0,76.8,81.0,120.0,67.5,22.0,67.0,32.8,1,0.6,0.4,5.0,18.0,4.0,1.0,25.0,321.0,264.0,53.0,11.0,0.0,1.0,8.0,29.0,1.0,0.0,0.0,0.0,195.0,4.0,8.0,9.0,8.0,0.0,1.0,0.0,0.0,0.0,2.0,2.0,0.0,0.0,0.0,0.0,0.0,24.0,14.0,11.0,10.0,3.0,14.0,30.0,46.7,16.0,13.0,2.0,11.0,12.0,36,16.0,0.0,35.0,432.0,55.0,157.0,175.0,106.0,14.0,432.0,7.0,3.0,42.9,4.0,57.1,184.0,791.0,459.0,10.0,9.0,4.0,22.0,3.0,191.0,25.0,2,0,0,23.0,7.0,4.0,8.0,12.0,14.0,0.0,0.0,0,60.0,15.0,23.0,39.5,11.0,1.0,9.1,0.0,0.0,17.9,0.0,0,0,0.9,0.9,0.09,-0.9,-0.9,2.0,1.0,50.0,0,0.8,-0.2,0,0,0,0,7.0,17.0,41.2,36.0,5.0,38.9,36.7,6.0,50.0,34.5,7.0,0.0,0.0,0.0,14.0,453.0,585.0,77.4,9151.0,3044.0,172.0,198.0,86.9,183.0,218.0,83.9,80.0,119.0,67.2,0,0.9,0.3,9.0,27.0,6.0,3.0,45.0,585.0,520.0,61.0,26.0,0.0,17.0,24.0,22.0,5.0,1.0,3.0,0.0,453.0,4.0,13.0,17.0,12.0,1.0,1.0,2.0,1.0,0.0,0.0,0.0,0.0,0.0,0.0,0.0,0.0,7.0,4.0,5.0,2.0,0.0,4.0,7.0,57.1,3.0,10.0,2.0,8.0,18.0,25,5.0,0.0,65.0,683.0,70.0,263.0,295.0,128.0,15.0,683.0,30.0,16.0,53.3,14.0,46.7,373.0,1565.0,723.0,11.0,13.0,2.0,13.0,10.0,449.0,45.0,4,1,1,7.0,23.0,4.0,24.0,18.0,4.0,0.0,0.0,0,73.0,23.0,15.0,60.5
2021-12-11,17:00,Bundesliga,Regular season,Sat,Home,W,5,0,RB Salzburg,WSG Tirol,,,55.0,,Andreas Ulmer,4-4-2◆,Alan Kijas,19.0,10.0,52.6,0.26,0.5,,,0,0,,,,,,2.0,2.0,100.0,1,,,0,0,0,0,,,,,,,,,,,,,,,,,,,,,,,,,,,,,,3,,,,,,,,,,,,,,17.0,,,,,,,,,,,,,,,,,,,,,,,,10.0,,,,,,,,,,,16.0,0,,,55.0,,,,,,,,,,,,,,,,,,,,,,,1,0,0,11.0,8.0,3.0,17.0,16.0,10.0,,,0,,,,,13.0,2.0,15.4,0.0,0.0,,,0,0,,,,,,10.0,5.0,50.0,0,,,0,0,0,0,,,,,,,,,,,,,,,,,,,,,,,,,,,,,,0,,,,,,,,,,,,,,8.0,,,,,,,,,,,,,,,,,,,,,,,,15.0,,,,,,,,,,,21.0,0,,,45.0,,,,,,,,,,,,,,,,,,,,,,,1,0,0,10.0,11.0,0.0,8.0,21.0,15.0,,,0,,,,
2022-02-11,19:30,Bundesliga,Regular season,Fri,Away,W,2,1,RB Salzburg,Rapid Wien,,,70.0,2000.0,Andreas Ulmer,4-3-1-2,Manuel Schüttengruber,10.0,4.0,40.0,0.2,0.5,,,0,0,,,,,,1.0,0.0,0.0,0,,,0,0,0,0,,,,,,,,,,,,,,,,,,,,,,,,,,,,,,2,,,,,,,,,,,,,,27.0,,,,,,,,,,,,,,,,,,,,,,,,2.0,,,,,,,,,,,17.0,0,,,70.0,,,,,,,,,,,,,,,,,,,,,,,3,0,0,17.0,18.0,2.0,27.0,17.0,2.0,,,0,,,,,8.0,1.0,12.5,0.13,1.0,,,0,0,,,,,,4.0,2.0,50.0,0,,,0,0,0,0,,,,,,,,,,,,,,,,,,,,,,,,,,,,,,1,,,,,,,,,,,,,,9.0,,,,,,,,,,,,,,,,,,,,,,,,12.0,,,,,,,,,,,27.0,0,,,30.0,,,,,,,,,,,,,,,,,,,,,,,1,0,0,18.0,17.0,0.0,9.0,27.0,12.0,,,0,,,,
2022-02-16,21:00,Champions Lg,Round of 16,Wed,Home,D,1,1,RB Salzburg,de Bayern Munich,1.1,2.3,29.0,29520.0,Andreas Ulmer,4-3-1-2,Michael Oliver,11.0,5.0,45.5,0.09,0.2,20.4,0.0,0,0,1.1,1.1,0.11,-0.1,-0.1,9.0,8.0,88.9,0,2.0,1.0,0,0,0,0,11.0,31.0,35.5,27.0,3.0,77.8,49.0,11.0,90.9,64.5,18.0,4.0,22.2,1.0,8.8,169.0,289.0,58.5,3112.0,1947.0,91.0,118.0,77.1,48.0,73.0,65.8,24.0,71.0,33.8,1,0.7,0.2,7.0,13.0,3.0,0.0,20.0,289.0,238.0,49.0,13.0,1.0,0.0,9.0,18.0,5.0,5.0,0.0,0.0,169.0,2.0,12.0,16.0,11.0,0.0,3.0,2.0,0.0,0.0,2.0,2.0,0.0,0.0,0.0,0.0,0.0,27.0,11.0,17.0,9.0,1.0,14.0,30.0,46.7,16.0,17.0,6.0,11.0,16.0,43,26.0,0.0,29.0,438.0,74.0,221.0,134.0,89.0,14.0,438.0,23.0,12.0,52.2,11.0,47.8,172.0,854.0,443.0,10.0,4.0,6.0,17.0,6.0,165.0,20.0,1,0,0,14.0,11.0,2.0,9.0,16.0,11.0,0.0,0.0,0,67.0,13.0,24.0,35.1,22.0,9.0,40.9,0.05,0.11,15.9,0.0,0,0,2.3,2.3,0.11,-1.3,-1.3,5.0,4.0,80.0,0,1.2,0.2,0,0,0,0,1.0,2.0,50.0,30.0,7.0,6.7,21.5,2.0,0.0,10.5,7.0,0.0,0.0,3.0,15.6,589.0,713.0,82.6,10313.0,3999.0,287.0,317.0,90.5,239.0,277.0,86.3,57.0,86.0,66.3,1,1.9,1.4,18.0,57.0,14.0,2.0,77.0,713.0,651.0,60.0,16.0,1.0,6.0,24.0,30.0,10.0,2.0,5.0,0.0,589.0,2.0,13.0,36.0,24.0,3.0,5.0,4.0,0.0,0.0,2.0,2.0,0.0,0.0,0.0,0.0,0.0,17.0,12.0,8.0,5.0,4.0,11.0,23.0,47.8,12.0,16.0,5.0,11.0,10.0,27,15.0,0.0,71.0,855.0,59.0,214.0,397.0,249.0,36.0,855.0,30.0,16.0,53.3,14.0,46.7,542.0,2354.0,1397.0,28.0,22.0,7.0,23.0,13.0,586.0,76.0,2,0,0,11.0,14.0,2.0,24.0,10.0,12.0,0.0,0.0,0,67.0,24.0,13.0,64.9
2022-02-20,14:30,Bundesliga,Regular season,Sun,Home,W,2,0,RB Salzburg,Wolfsberger AC,,,67.0,9017.0,Andreas Ulmer,4-4-2◆,Rene Eisner,22.0,6.0,27.3,0.09,0.33,,,0,0,,,,,,0.0,0.0,,1,,,0,0,0,0,,,,,,,,,,,,,,,,,,,,,,,,,,,,,,2,,,,,,,,,,,,,,31.0,,,,,,,,,,,,,,,,,,,,,,,,8.0,,,,,,,,,,,9.0,0,,,67.0,,,,,,,,,,,,,,,,,,,,,,,0,0,0,12.0,12.0,3.0,31.0,9.0,8.0,,,0,,,,,9.0,0.0,0.0,0.0,,,,0,0,,,,,,6.0,4.0,66.7,0,,,0,0,0,0,,,,,,,,,,,,,,,,,,,,,,,,,,,,,,0,,,,,,,,,,,,,,12.0,,,,,,,,,,,,,,,,,,,,,,,,16.0,,,,,,,,,,,11.0,0,,,33.0,,,,,,,,,,,,,,,,,,,,,,,3,0,0,12.0,11.0,1.0,12.0,11.0,16.0,,,0,,,,
2022-03-02,20:30,Bundesliga,Regular season,Wed,Away,D,0,0,RB Salzburg,LASK,,,53.0,4875.0,Rasmus Nissen,4-4-2◆,Josef Spurny,5.0,0.0,0.0,0.0,,,,0,0,,,,,,6.0,6.0,100.0,1,,,0,0,0,0,,,,,,,,,,,,,,,,,,,,,,,,,,,,,,0,,,,,,,,,,,,,,14.0,,,,,,,,,,,,,,,,,,,,,,,,13.0,,,,,,,,,,,20.0,0,,,53.0,,,,,,,,,,,,,,,,,,,,,,,3,0,0,17.0,12.0,3.0,14.0,20.0,13.0,,,0,,,,,12.0,6.0,50.0,0.0,0.0,,,0,0,,,,,,0.0,0.0,,1,,,0,0,0,0,,,,,,,,,,,,,,,,,,,,,,,,,,,,,,0,,,,,,,,,,,,,,17.0,,,,,,,,,,,,,,,,,,,,,,,,21.0,,,,,,,,,,,16.0,0,,,48.0,,,,,,,,,,,,,,,,,,,,,,,3,1,1,12.0,16.0,1.0,17.0,16.0,21.0,,,0,,,,
2022-03-05,17:00,Bundesliga,Regular season,Sat,Home,W,4,0,RB Salzburg,SCR Altach,,,65.0,7005.0,Andreas Ulmer,4-4-2◆,Alan Kijas,10.0,6.0,60.0,0.3,0.5,,,1,2,,,,,,1.0,1.0,100.0,1,,,0,0,0,0,,,,,,,,,,,,,,,,,,,,,,,,,,,,,,1,,,,,,,,,,,,,,14.0,,,,,,,,,,,,,,,,,,,,,,,,12.0,,,,,,,,,,,10.0,0,,,65.0,,,,,,,,,,,,,,,,,,,,,,,0,0,0,16.0,9.0,6.0,14.0,10.0,12.0,,,0,,,,,2.0,1.0,50.0,0.0,0.0,,,0,0,,,,,,3.0,1.0,0.0,0,,,2,1,1,0,,,,,,,,,,,,,,,,,,,,,,,,,,,,,,0,,,,,,,,,,,,,,9.0,,,,,,,,,,,,,,,,,,,,,,,,7.0,,,,,,,,,,,22.0,0,,,35.0,,,,,,,,,,,,,,,,,,,,,,,2,0,0,10.0,16.0,2.0,9.0,22.0,7.0,,,0,,,,
2022-03-08,21:00,Champions Lg,Round of 16,Tue,Away,L,1,7,RB Salzburg,de Bayern Munich,0.7,4.2,28.0,25000.0,Andreas Ulmer,4-3-1-2,Clément Turpin,7.0,4.0,57.1,0.14,0.25,17.4,0.0,0,0,0.7,0.7,0.1,0.3,0.3,9.0,2.0,44.4,0,5.1,-1.9,2,2,0,0,4.0,8.0,50.0,19.0,6.0,31.6,33.7,9.0,33.3,34.6,15.0,0.0,0.0,4.0,26.2,219.0,310.0,70.6,3864.0,1906.0,112.0,140.0,80.0,80.0,104.0,76.9,25.0,49.0,51.0,1,0.4,0.5,6.0,19.0,4.0,0.0,23.0,310.0,272.0,36.0,8.0,0.0,0.0,5.0,9.0,2.0,2.0,0.0,0.0,219.0,2.0,8.0,10.0,7.0,1.0,1.0,1.0,0.0,0.0,2.0,2.0,0.0,0.0,0.0,0.0,0.0,17.0,9.0,10.0,4.0,3.0,9.0,30.0,30.0,21.0,14.0,5.0,9.0,12.0,29,21.0,1.0,28.0,420.0,66.0,208.0,154.0,66.0,11.0,420.0,9.0,5.0,55.6,4.0,44.4,200.0,954.0,517.0,10.0,5.0,3.0,19.0,12.0,215.0,23.0,0,0,0,14.0,6.0,2.0,5.0,12.0,9.0,0.0,2.0,0,57.0,4.0,9.0,30.8,16.0,7.0,43.8,0.31,0.71,18.1,2.0,2,2,4.2,2.6,0.16,2.8,2.4,4.0,3.0,75.0,0,1.3,0.3,0,0,0,0,7.0,8.0,87.5,40.0,7.0,20.0,27.1,3.0,0.0,11.7,5.0,1.0,20.0,3.0,17.8,701.0,797.0,88.0,12122.0,4388.0,333.0,366.0,91.0,296.0,323.0,91.6,60.0,77.0,77.9,4,1.5,1.0,12.0,55.0,12.0,4.0,81.0,797.0,753.0,44.0,12.0,1.0,4.0,17.0,21.0,6.0,3.0,0.0,0.0,701.0,0.0,9.0,32.0,21.0,2.0,4.0,0.0,4.0,1.0,12.0,8.0,0.0,1.0,0.0,2.0,1.0,16.0,6.0,6.0,6.0,4.0,4.0,9.0,44.4,5.0,10.0,1.0,9.0,9.0,25,7.0,1.0,72.0,905.0,66.0,241.0,452.0,220.0,30.0,903.0,30.0,21.0,70.0,9.0,30.0,566.0,2486.0,1147.0,14.0,15.0,5.0,19.0,8.0,693.0,81.0,0,0,0,8.0,14.0,0.0,17.0,9.0,6.0,2.0,0.0,0,70.0,9.0,4.0,69.2
2022-03-13,17:00,Bundesliga,Championship round,Sun,Home,W,1,0,RB Salzburg,Sturm Graz,,,61.0,8945.0,Andreas Ulmer,4-4-2◆,Dieter Muckenhammer,15.0,4.0,26.7,0.07,0.25,,,0,0,,,,,,2.0,2.0,100.0,1,,,0,0,0,0,,,,,,,,,,,,,,,,,,,,,,,,,,,,,,0,,,,,,,,,,,,,,18.0,,,,,,,,,,,,,,,,,,,,,,,,5.0,,,,,,,,,,,7.0,0,,,61.0,,,,,,,,,,,,,,,,,,,,,,,0,0,0,12.0,5.0,3.0,18.0,7.0,5.0,,,0,,,,,14.0,2.0,14.3,0.0,0.0,,,0,0,,,,,,4.0,3.0,75.0,0,,,0,0,0,0,,,,,,,,,,,,,,,,,,,,,,,,,,,,,,0,,,,,,,,,,,,,,23.0,,,,,,,,,,,,,,,,,,,,,,,,11.0,,,,,,,,,,,20.0,0,,,39.0,,,,,,,,,,,,,,,,,,,,,,,1,0,0,6.0,12.0,1.0,23.0,20.0,11.0,,,0,,,,
2022-03-20,14:30,Bundesliga,Championship round,Sun,Away,W,4,1,RB Salzburg,Wolfsberger AC,,,53.0,3626.0,Rasmus Nissen,4-4-2◆,Alan Kijas,17.0,10.0,58.8,0.24,0.4,,,0,0,,,,,,2.0,1.0,50.0,0,,,0,0,0,0,,,,,,,,,,,,,,,,,,,,,,,,,,,,,,4,,,,,,,,,,,,,,10.0,,,,,,,,,,,,,,,,,,,,,,,,14.0,,,,,,,,,,,20.0,0,,,53.0,,,,,,,,,,,,,,,,,,,,,,,1,0,0,12.0,8.0,7.0,10.0,20.0,14.0,,,0,,,,,7.0,2.0,28.6,0.14,0.5,,,0,0,,,,,,10.0,6.0,60.0,0,,,0,0,0,0,,,,,,,,,,,,,,,,,,,,,,,,,,,,,,1,,,,,,,,,,,,,,12.0,,,,,,,,,,,,,,,,,,,,,,,,14.0,,,,,,,,,,,20.0,0,,,47.0,,,,,,,,,,,,,,,,,,,,,,,0,0,0,9.0,11.0,0.0,12.0,20.0,14.0,,,0,,,,
2022-04-03,17:00,Bundesliga,Championship round,Sun,Home,W,2,1,RB Salzburg,Rapid Wien,,,61.0,1390.0,Andreas Ulmer,4-4-2◆,Alexander Harkam,17.0,7.0,41.2,0.12,0.29,,,0,0,,,,,,2.0,1.0,50.0,0,,,0,0,0,0,,,,,,,,,,,,,,,,,,,,,,,,,,,,,,2,,,,,,,,,,,,,,24.0,,,,,,,,,,,,,,,,,,,,,,,,14.0,,,,,,,,,,,12.0,0,,,61.0,,,,,,,,,,,,,,,,,,,,,,,5,0,0,16.0,14.0,2.0,24.0,12.0,14.0,,,0,,,,,6.0,2.0,33.3,0.17,0.5,,,0,0,,,,,,7.0,5.0,71.4,0,,,0,0,0,0,,,,,,,,,,,,,,,,,,,,,,,,,,,,,,0,,,,,,,,,,,,,,5.0,,,,,,,,,,,,,,,,,,,,,,,,16.0,,,,,,,,,,,7.0,0,,,39.0,,,,,,,,,,,,,,,,,,,,,,,2,0,0,14.0,16.0,2.0,5.0,7.0,16.0,,,0,,,,
2022-04-10,14:30,Bundesliga,Championship round,Sun,Away,W,6,0,RB Salzburg,SK Austria Klagenfurt,,,66.0,4463.0,Andreas Ulmer,4-4-2◆,Harald Lechner,23.0,11.0,47.8,0.22,0.45,,,1,1,,,,,,1.0,1.0,100.0,1,,,0,0,0,0,,,,,,,,,,,,,,,,,,,,,,,,,,,,,,3,,,,,,,,,,,,,,20.0,,,,,,,,,,,,,,,,,,,,,,,,10.0,,,,,,,,,,,7.0,0,,,66.0,,,,,,,,,,,,,,,,,,,,,,,1,0,0,12.0,8.0,2.0,20.0,7.0,10.0,,,0,,,,,6.0,1.0,16.7,0.0,0.0,,,0,0,,,,,,10.0,5.0,50.0,0,,,1,1,0,0,,,,,,,,,,,,,,,,,,,,,,,,,,,,,,0,,,,,,,,,,,,,,13.0,,,,,,,,,,,,,,,,,,,,,,,,9.0,,,,,,,,,,,11.0,0,,,34.0,,,,,,,,,,,,,,,,,,,,,,,2,1,0,9.0,11.0,0.0,13.0,11.0,9.0,,,0,,,,
2022-04-17,14:30,Bundesliga,Championship round,Sun,Away,W,2,1,RB Salzburg,Austria Wien,,,50.0,9659.0,Andreas Ulmer,4-4-2◆,Christian-Petru Ciochirca,13.0,3.0,23.1,0.15,0.67,,,0,0,,,,,,1.0,1.0,100.0,0,,,1,1,0,0,,,,,,,,,,,,,,,,,,,,,,,,,,,,,,2,,,,,,,,,,,,,,17.0,,,,,,,,,,,,,,,,,,,,,,,,10.0,,,,,,,,,,,14.0,0,,,50.0,,,,,,,,,,,,,,,,,,,,,,,1,0,0,13.0,7.0,0.0,17.0,14.0,10.0,,,0,,,,,7.0,2.0,28.6,0.0,0.0,,,1,1,,,,,,3.0,1.0,33.3,0,,,0,0,0,0,,,,,,,,,,,,,,,,,,,,,,,,,,,,,,0,,,,,,,,,,,,,,23.0,,,,,,,,,,,,,,,,,,,,,,,,12.0,,,,,,,,,,,11.0,0,,,50.0,,,,,,,,,,,,,,,,,,,,,,,1,0,0,9.0,12.0,1.0,23.0,11.0,12.0,,,0,,,,
2022-04-24,14:30,Bundesliga,Championship round,Sun,Home,W,5,0,RB Salzburg,Austria Wien,,,56.0,15496.0,Andreas Ulmer,4-4-2◆,Walter Altmann,24.0,15.0,62.5,0.13,0.2,,,2,2,,,,,,1.0,1.0,100.0,1,,,0,0,0,0,,,,,,,,,,,,,,,,,,,,,,,,,,,,,,3,,,,,,,,,,,,,,10.0,,,,,,,,,,,,,,,,,,,,,,,,7.0,,,,,,,,,,,16.0,0,,,56.0,,,,,,,,,,,,,,,,,,,,,,,1,0,0,5.0,10.0,1.0,10.0,16.0,7.0,,,0,,,,,3.0,1.0,33.3,0.0,0.0,,,0,0,,,,,,13.0,10.0,76.9,0,,,2,2,0,0,,,,,,,,,,,,,,,,,,,,,,,,,,,,,,0,,,,,,,,,,,,,,9.0,,,,,,,,,,,,,,,,,,,,,,,,10.0,,,,,,,,,,,12.0,0,,,44.0,,,,,,,,,,,,,,,,,,,,,,,3,1,1,10.0,5.0,1.0,9.0,12.0,10.0,,,0,,,,
2022-04-27,18:30,Bundesliga,Championship round,Wed,Away,L,1,2,RB Salzburg,Sturm Graz,,,63.0,10625.0,Maximilian Wöber,4-4-2◆,Manuel Schüttengruber,10.0,4.0,40.0,0.1,0.25,,,0,0,,,,,,4.0,2.0,50.0,0,,,0,0,0,0,,,,,,,,,,,,,,,,,,,,,,,,,,,,,,1,,,,,,,,,,,,,,28.0,,,,,,,,,,,,,,,,,,,,,,,,8.0,,,,,,,,,,,12.0,0,,,63.0,,,,,,,,,,,,,,,,,,,,,,,2,0,0,15.0,5.0,3.0,28.0,12.0,8.0,,,0,,,,,9.0,4.0,44.4,0.22,0.5,,,0,0,,,,,,4.0,3.0,75.0,0,,,0,0,0,0,,,,,,,,,,,,,,,,,,,,,,,,,,,,,,2,,,,,,,,,,,,,,7.0,,,,,,,,,,,,,,,,,,,,,,,,7.0,,,,,,,,,,,16.0,0,,,37.0,,,,,,,,,,,,,,,,,,,,,,,1,0,0,5.0,14.0,1.0,7.0,16.0,7.0,,,0,,,,
2022-05-08,14:30,Bundesliga,Championship round,Sun,Home,W,4,0,RB Salzburg,Wolfsberger AC,,,68.0,8007.0,Maximilian Wöber,4-4-2◆,Daniel Pfister,26.0,13.0,50.0,0.15,0.31,,,0,1,,,,,,1.0,1.0,100.0,1,,,0,0,0,0,,,,,,,,,,,,,,,,,,,,,,,,,,,,,,4,,,,,,,,,,,,,,25.0,,,,,,,,,,,,,,,,,,,,,,,,9.0,,,,,,,,,,,16.0,0,,,68.0,,,,,,,,,,,,,,,,,,,,,,,0,0,0,7.0,7.0,3.0,25.0,16.0,9.0,,,0,,,,,7.0,1.0,14.3,0.0,0.0,,,0,0,,,,,,13.0,9.0,69.2,0,,,1,0,0,1,,,,,,,,,,,,,,,,,,,,,,,,,,,,,,0,,,,,,,,,,,,,,4.0,,,,,,,,,,,,,,,,,,,,,,,,10.0,,,,,,,,,,,4.0,0,,,32.0,,,,,,,,,,,,,,,,,,,,,,,1,1,0,7.0,7.0,0.0,4.0,4.0,10.0,,,0,,,,
2022-05-15,17:00,Bundesliga,Championship round,Sun,Away,W,1,0,RB Salzburg,Rapid Wien,,,61.0,23400.0,Rasmus Nissen,3-4-1-2,Stefan Ebner,14.0,4.0,28.6,0.07,0.25,,,0,0,,,,,,4.0,4.0,100.0,1,,,0,0,0,0,,,,,,,,,,,,,,,,,,,,,,,,,,,,,,1,,,,,,,,,,,,,,22.0,,,,,,,,,,,,,,,,,,,,,,,,7.0,,,,,,,,,,,7.0,0,,,61.0,,,,,,,,,,,,,,,,,,,,,,,2,0,0,11.0,16.0,6.0,22.0,7.0,7.0,,,0,,,,,15.0,4.0,26.7,0.0,0.0,,,0,0,,,,,,4.0,3.0,75.0,0,,,0,0,0,0,,,,,,,,,,,,,,,,,,,,,,,,,,,,,,0,,,,,,,,,,,,,,22.0,,,,,,,,,,,,,,,,,,,,,,,,6.0,,,,,,,,,,,13.0,0,,,39.0,,,,,,,,,,,,,,,,,,,,,,,2,0,0,17.0,10.0,1.0,22.0,13.0,6.0,,,0,,,,
2022-05-21,17:00,Bundesliga,Championship round,Sat,Home,D,1,1,RB Salzburg,SK Austria Klagenfurt,,,69.0,15822.0,Zlatko Junuzović,4-4-2◆,Alexander Harkam,23.0,9.0,39.1,0.04,0.11,,,0,0,,,,,,2.0,1.0,50.0,0,,,0,0,0,0,,,,,,,,,,,,,,,,,,,,,,,,,,,,,,0,,,,,,,,,,,,,,24.0,,,,,,,,,,,,,,,,,,,,,,,,10.0,,,,,,,,,,,14.0,0,,,69.0,,,,,,,,,,,,,,,,,,,,,,,1,0,0,7.0,9.0,1.0,24.0,14.0,10.0,,,0,,,,,7.0,2.0,28.6,0.14,0.5,,,0,0,,,,,,9.0,8.0,88.9,0,,,0,0,0,0,,,,,,,,,,,,,,,,,,,,,,,,,,,,,,1,,,,,,,,,,,,,,11.0,,,,,,,,,,,,,,,,,,,,,,,,15.0,,,,,,,,,,,18.0,0,,,32.0,,,,,,,,,,,,,,,,,,,,,,,1,0,0,9.0,7.0,1.0,11.0,18.0,15.0,,,0,,,,
2021-07-23,20:30,Bundesliga,Regular season,Fri,Home,L,1,3,Sturm Graz,RB Salzburg,,,39.0,13066.0,Stefan Hierländer,4-4-2◆,Walter Altmann,17.0,2.0,11.8,0.0,0.0,,,0,0,,,,,,6.0,3.0,50.0,0,,,0,0,0,0,,,,,,,,,,,,,,,,,,,,,,,,,,,,,,0,,,,,,,,,,,,,,16.0,,,,,,,,,,,,,,,,,,,,,,,,12.0,,,,,,,,,,,19.0,0,,,39.0,,,,,,,,,,,,,,,,,,,,,,,1,0,0,11.0,11.0,1.0,16.0,19.0,12.0,,,0,,,,,23.0,6.0,26.1,0.13,0.5,,,0,0,,,,,,3.0,2.0,66.7,0,,,0,0,0,0,,,,,,,,,,,,,,,,,,,,,,,,,,,,,,2,,,,,,,,,,,,,,34.0,,,,,,,,,,,,,,,,,,,,,,,,9.0,,,,,,,,,,,17.0,0,,,62.0,,,,,,,,,,,,,,,,,,,,,,,2,0,0,11.0,10.0,0.0,34.0,17.0,9.0,,,1,,,,
2021-08-01,17:00,Bundesliga,Regular season,Sun,Away,W,4,1,Sturm Graz,Wolfsberger AC,,,48.0,4655.0,Stefan Hierländer,4-4-2◆,Harald Lechner,17.0,7.0,41.2,0.24,0.57,,,0,0,,,,,,5.0,4.0,80.0,0,,,0,0,0,0,,,,,,,,,,,,,,,,,,,,,,,,,,,,,,4,,,,,,,,,,,,,,25.0,,,,,,,,,,,,,,,,,,,,,,,,10.0,,,,,,,,,,,15.0,0,,,48.0,,,,,,,,,,,,,,,,,,,,,,,1,0,0,21.0,13.0,3.0,25.0,15.0,10.0,,,0,,,,,12.0,5.0,41.7,0.08,0.2,,,0,0,,,,,,7.0,3.0,42.9,0,,,0,0,0,0,,,,,,,,,,,,,,,,,,,,,,,,,,,,,,1,,,,,,,,,,,,,,19.0,,,,,,,,,,,,,,,,,,,,,,,,7.0,,,,,,,,,,,9.0,0,,,52.0,,,,,,,,,,,,,,,,,,,,,,,3,0,0,14.0,21.0,1.0,19.0,9.0,7.0,,,0,,,,
2021-08-07,17:00,Bundesliga,Regular season,Sat,Home,W,3,1,Sturm Graz,SCR Altach,,,49.0,16764.0,Stefan Hierländer,4-4-2◆,Dieter Muckenhammer,26.0,14.0,53.8,0.08,0.14,,,1,1,,,,,,2.0,1.0,50.0,0,,,0,0,0,0,,,,,,,,,,,,,,,,,,,,,,,,,,,,,,2,,,,,,,,,,,,,,17.0,,,,,,,,,,,,,,,,,,,,,,,,9.0,,,,,,,,,,,12.0,0,,,49.0,,,,,,,,,,,,,,,,,,,,,,,0,0,0,9.0,17.0,1.0,17.0,12.0,9.0,,,0,,,,,7.0,2.0,28.6,0.14,0.5,,,0,0,,,,,,12.0,10.0,83.3,0,,,1,1,0,0,,,,,,,,,,,,,,,,,,,,,,,,,,,,,,0,,,,,,,,,,,,,,15.0,,,,,,,,,,,,,,,,,,,,,,,,2.0,,,,,,,,,,,19.0,0,,,51.0,,,,,,,,,,,,,,,,,,,,,,,2,0,0,17.0,9.0,0.0,15.0,19.0,2.0,,,0,,,,
2021-08-15,17:00,Bundesliga,Regular season,Sun,Away,W,3,1,Sturm Graz,LASK,,,48.0,6001.0,Stefan Hierländer,4-4-2◆,Gerhard Grobelnik,10.0,5.0,50.0,0.3,0.6,,,0,0,,,,,,4.0,3.0,75.0,0,,,0,0,0,0,,,,,,,,,,,,,,,,,,,,,,,,,,,,,,2,,,,,,,,,,,,,,9.0,,,,,,,,,,,,,,,,,,,,,,,,13.0,,,,,,,,,,,19.0,0,,,48.0,,,,,,,,,,,,,,,,,,,,,,,3,0,0,17.0,11.0,3.0,9.0,19.0,13.0,,,0,,,,,14.0,4.0,28.6,0.07,0.25,,,0,0,,,,,,5.0,2.0,40.0,0,,,0,0,0,0,,,,,,,,,,,,,,,,,,,,,,,,,,,,,,1,,,,,,,,,,,,,,15.0,,,,,,,,,,,,,,,,,,,,,,,,9.0,,,,,,,,,,,11.0,0,,,52.0,,,,,,,,,,,,,,,,,,,,,,,3,0,0,12.0,16.0,1.0,15.0,11.0,9.0,,,0,,,,
2021-08-19,20:00,Europa Lg,Play-off round,Thu,Away,W,3,1,Sturm Graz,si NŠ Mura,,,51.0,4000.0,Stefan Hierländer,4-1-4-1,Michael Oliver,19.0,8.0,42.1,0.11,0.25,,,1,1,,,,,,5.0,4.0,80.0,0,,,0,0,0,0,,,,,,,,,,,,,,,,,,,,,,,,,,,,,,1,,,,,,,,,,,,,,21.0,,,,,,,,,,,,,,,,,,,,,,,,8.0,,,,,,,,,,,10.0,0,,,51.0,,,,,,,,,,,,,,,,,,,,,,,1,0,0,15.0,10.0,1.0,21.0,10.0,8.0,,,0,,,,,16.0,5.0,31.3,0.06,0.2,,,0,0,,,,,,7.0,5.0,71.4,0,,,1,1,0,0,,,,,,,,,,,,,,,,,,,,,,,,,,,,,,1,,,,,,,,,,,,,,13.0,,,,,,,,,,,,,,,,,,,,,,,,5.0,,,,,,,,,,,19.0,0,,,49.0,,,,,,,,,,,,,,,,,,,,,,,1,0,0,10.0,15.0,3.0,13.0,19.0,5.0,,,0,,,,
2021-08-22,17:00,Bundesliga,Regular season,Sun,Home,D,2,2,Sturm Graz,Austria Wien,,,58.0,12529.0,Stefan Hierländer,4-4-2◆,Sebastian Gishamer,21.0,6.0,28.6,0.1,0.33,,,0,0,,,,,,2.0,1.0,50.0,0,,,1,1,0,0,,,,,,,,,,,,,,,,,,,,,,,,,,,,,,2,,,,,,,,,,,,,,32.0,,,,,,,,,,,,,,,,,,,,,,,,9.0,,,,,,,,,,,6.0,0,,,58.0,,,,,,,,,,,,,,,,,,,,,,,2,0,0,9.0,18.0,2.0,32.0,6.0,9.0,,,0,,,,,12.0,3.0,25.0,0.08,0.33,,,1,1,,,,,,5.0,3.0,60.0,0,,,0,0,0,0,,,,,,,,,,,,,,,,,,,,,,,,,,,,,,0,,,,,,,,,,,,,,11.0,,,,,,,,,,,,,,,,,,,,,,,,15.0,,,,,,,,,,,15.0,0,,,42.0,,,,,,,,,,,,,,,,,,,,,,,3,0,0,18.0,8.0,2.0,11.0,15.0,15.0,,,0,,,,
2021-08-26,21:00,Europa Lg,Play-off round,Thu,Home,W,2,0,Sturm Graz,si NŠ Mura,,,,8237.0,Stefan Hierländer,4-3-1-2,José Sánchez,2.0,2.0,100.0,1.0,1.0,,,0,0,,,,,,0.0,0.0,,1,,,0,0,0,0,,,,,,,,,,,,,,,,,,,,,,,,,,,,,,1,,,,,,,,,,,,,,0.0,,,,,,,,,,,,,,,,,,,,,,,,0.0,,,,,,,,,,,0.0,0,,,,,,,,,,,,,,,,,,,,,,,,,,0,0,0,12.0,9.0,2.0,0.0,0.0,0.0,,,0,,,,,0.0,0.0,,,,,,0,0,,,,,,2.0,0.0,0.0,0,,,0,0,0,0,,,,,,,,,,,,,,,,,,,,,,,,,,,,,,0,,,,,,,,,,,,,,0.0,,,,,,,,,,,,,,,,,,,,,,,,0.0,,,,,,,,,,,0.0,0,,,,,,,,,,,,,,,,,,,,,,,,,,3,1,1,4.0,7.0,0.0,0.0,0.0,0.0,,,0,,,,
2021-08-29,17:00,Bundesliga,Regular season,Sun,Away,D,1,1,Sturm Graz,Admira,,,54.0,2600.0,Stefan Hierländer,4-3-1-2,Dieter Muckenhammer,8.0,5.0,62.5,0.13,0.2,,,0,0,,,,,,3.0,2.0,66.7,0,,,0,0,0,0,,,,,,,,,,,,,,,,,,,,,,,,,,,,,,1,,,,,,,,,,,,,,25.0,,,,,,,,,,,,,,,,,,,,,,,,10.0,,,,,,,,,,,12.0,0,,,54.0,,,,,,,,,,,,,,,,,,,,,,,4,0,0,11.0,20.0,1.0,25.0,12.0,10.0,,,0,,,,,8.0,3.0,37.5,0.13,0.33,,,0,0,,,,,,5.0,4.0,80.0,0,,,0,0,0,0,,,,,,,,,,,,,,,,,,,,,,,,,,,,,,1,,,,,,,,,,,,,,22.0,,,,,,,,,,,,,,,,,,,,,,,,9.0,,,,,,,,,,,19.0,0,,,46.0,,,,,,,,,,,,,,,,,,,,,,,3,0,0,20.0,10.0,1.0,22.0,19.0,9.0,,,0,,,,
2021-09-12,17:00,Bundesliga,Regular season,Sun,Home,W,2,1,Sturm Graz,SK Austria Klagenfurt,,,65.0,8070.0,Stefan Hierländer,4-4-2◆,Walter Altmann,25.0,8.0,32.0,0.04,0.13,,,1,1,,,,,,3.0,2.0,66.7,0,,,0,0,0,0,,,,,,,,,,,,,,,,,,,,,,,,,,,,,,1,,,,,,,,,,,,,,22.0,,,,,,,,,,,,,,,,,,,,,,,,2.0,,,,,,,,,,,9.0,0,,,65.0,,,,,,,,,,,,,,,,,,,,,,,2,0,0,12.0,14.0,2.0,22.0,9.0,2.0,,,0,,,,,9.0,3.0,33.3,0.11,0.33,,,0,0,,,,,,7.0,6.0,85.7,0,,,1,1,0,0,,,,,,,,,,,,,,,,,,,,,,,,,,,,,,1,,,,,,,,,,,,,,26.0,,,,,,,,,,,,,,,,,,,,,,,,8.0,,,,,,,,,,,18.0,0,,,35.0,,,,,,,,,,,,,,,,,,,,,,,3,0,0,16.0,10.0,2.0,26.0,18.0,8.0,,,0,,,,
2021-09-16,21:00,Europa Lg,Group stage,Thu,Away,L,0,1,Sturm Graz,fr Monaco,0.1,1.9,29.0,2941.0,Stefan Hierländer,4-1-2-1-2◆,Donatas Rumšas,3.0,0.0,0.0,0.0,,18.9,0.0,0,0,0.1,0.1,0.03,-0.1,-0.1,3.0,2.0,66.7,0,1.1,0.1,0,0,0,0,7.0,17.0,41.2,26.0,7.0,38.5,33.3,13.0,53.8,43.2,18.0,0.0,0.0,0.0,20.0,218.0,321.0,67.9,3780.0,1670.0,111.0,143.0,77.6,74.0,97.0,76.3,30.0,64.0,46.9,0,0.1,0.2,2.0,7.0,1.0,0.0,14.0,321.0,278.0,42.0,8.0,0.0,2.0,5.0,18.0,1.0,1.0,0.0,0.0,218.0,1.0,11.0,4.0,2.0,1.0,0.0,1.0,0.0,0.0,0.0,0.0,0.0,0.0,0.0,0.0,0.0,20.0,12.0,10.0,7.0,3.0,9.0,24.0,37.5,15.0,15.0,5.0,10.0,12.0,32,23.0,0.0,29.0,440.0,73.0,214.0,178.0,52.0,5.0,440.0,8.0,1.0,12.5,7.0,87.5,179.0,1030.0,472.0,6.0,5.0,0.0,17.0,10.0,218.0,14.0,2,0,0,19.0,7.0,1.0,5.0,12.0,12.0,0.0,0.0,0,55.0,10.0,14.0,41.7,15.0,3.0,20.0,0.07,0.33,14.9,0.0,0,0,1.9,1.9,0.13,-0.9,-0.9,0.0,0.0,,1,0.0,0.0,0,0,0,0,2.0,7.0,28.6,42.0,1.0,11.9,29.5,5.0,40.0,38.0,5.0,0.0,0.0,0.0,11.0,672.0,796.0,84.4,12726.0,3849.0,272.0,302.0,90.1,295.0,332.0,88.9,96.0,137.0,70.1,1,1.9,2.7,15.0,42.0,17.0,3.0,72.0,796.0,727.0,68.0,19.0,1.0,8.0,28.0,36.0,7.0,0.0,5.0,0.0,672.0,1.0,11.0,29.0,21.0,4.0,2.0,0.0,2.0,0.0,2.0,2.0,0.0,0.0,0.0,0.0,0.0,17.0,13.0,4.0,10.0,3.0,7.0,8.0,87.5,1.0,12.0,0.0,12.0,14.0,31,7.0,0.0,71.0,889.0,53.0,227.0,439.0,227.0,38.0,889.0,24.0,15.0,62.5,9.0,37.5,552.0,2515.0,1159.0,25.0,17.0,6.0,22.0,11.0,668.0,72.0,1,0,0,7.0,19.0,1.0,28.0,14.0,13.0,0.0,0.0,0,60.0,14.0,10.0,58.3
2021-09-19,14:30,Bundesliga,Regular season,Sun,Home,W,5,0,Sturm Graz,WSG Tirol,,,47.0,8844.0,Jon Gorenc Stanković,4-4-2◆,Harald Lechner,22.0,9.0,40.9,0.18,0.44,,,1,1,,,,,,5.0,5.0,100.0,1,,,0,0,0,0,,,,,,,,,,,,,,,,,,,,,,,,,,,,,,3,,,,,,,,,,,,,,18.0,,,,,,,,,,,,,,,,,,,,,,,,6.0,,,,,,,,,,,19.0,0,,,47.0,,,,,,,,,,,,,,,,,,,,,,,3,0,0,14.0,5.0,1.0,18.0,19.0,6.0,,,0,,,,,12.0,5.0,41.7,0.0,0.0,,,0,0,,,,,,8.0,4.0,50.0,0,,,1,1,0,0,,,,,,,,,,,,,,,,,,,,,,,,,,,,,,0,,,,,,,,,,,,,,11.0,,,,,,,,,,,,,,,,,,,,,,,,10.0,,,,,,,,,,,12.0,0,,,53.0,,,,,,,,,,,,,,,,,,,,,,,0,0,0,5.0,13.0,1.0,11.0,12.0,10.0,,,0,,,,
2021-09-26,17:00,Bundesliga,Regular season,Sun,Away,W,3,0,Sturm Graz,Rapid Wien,,,44.0,16900.0,Stefan Hierländer,4-3-1-2,Sebastian Gishamer,13.0,5.0,38.5,0.23,0.6,,,0,0,,,,,,5.0,5.0,100.0,1,,,0,0,0,0,,,,,,,,,,,,,,,,,,,,,,,,,,,,,,3,,,,,,,,,,,,,,18.0,,,,,,,,,,,,,,,,,,,,,,,,12.0,,,,,,,,,,,13.0,0,,,44.0,,,,,,,,,,,,,,,,,,,,,,,4,0,0,16.0,12.0,1.0,18.0,13.0,12.0,,,0,,,,,13.0,5.0,38.5,0.0,0.0,,,0,0,,,,,,5.0,2.0,40.0,0,,,0,0,0,0,,,,,,,,,,,,,,,,,,,,,,,,,,,,,,0,,,,,,,,,,,,,,16.0,,,,,,,,,,,,,,,,,,,,,,,,21.0,,,,,,,,,,,13.0,0,,,56.0,,,,,,,,,,,,,,,,,,,,,,,2,0,0,13.0,15.0,1.0,16.0,13.0,21.0,,,0,,,,
2021-09-30,18:45,Europa Lg,Group stage,Thu,Home,L,1,4,Sturm Graz,nl PSV Eindhoven,1.4,1.8,41.0,15026.0,Stefan Hierländer,4-1-2-1-2◆,Anatolii Aranovskii,15.0,5.0,33.3,0.07,0.2,18.7,0.0,0,0,1.4,1.4,0.09,-0.4,-0.4,9.0,5.0,55.6,0,3.5,-0.5,0,0,0,0,4.0,7.0,57.1,16.0,5.0,37.5,35.3,5.0,20.0,32.0,11.0,1.0,9.1,2.0,15.3,305.0,406.0,75.1,5127.0,2068.0,158.0,190.0,83.2,107.0,138.0,77.5,29.0,52.0,55.8,1,1.2,1.1,12.0,25.0,7.0,1.0,28.0,406.0,358.0,46.0,14.0,2.0,4.0,15.0,20.0,2.0,0.0,2.0,0.0,305.0,2.0,8.0,21.0,15.0,3.0,1.0,1.0,0.0,1.0,1.0,0.0,1.0,0.0,0.0,0.0,0.0,18.0,12.0,8.0,7.0,3.0,6.0,20.0,30.0,14.0,14.0,1.0,13.0,15.0,33,16.0,0.0,41.0,516.0,50.0,147.0,252.0,123.0,18.0,516.0,10.0,8.0,80.0,2.0,20.0,252.0,1269.0,600.0,8.0,6.0,0.0,10.0,8.0,304.0,28.0,3,0,0,13.0,12.0,2.0,15.0,15.0,12.0,0.0,0.0,0,52.0,13.0,5.0,72.2,17.0,9.0,52.9,0.24,0.44,16.6,1.0,0,0,1.8,1.8,0.11,2.2,2.2,5.0,4.0,80.0,0,0.9,-0.1,0,0,0,0,2.0,15.0,13.3,27.0,3.0,33.3,35.7,10.0,60.0,44.6,11.0,0.0,0.0,0.0,9.0,485.0,596.0,81.4,8394.0,2779.0,243.0,272.0,89.3,182.0,212.0,85.8,52.0,89.0,58.4,4,1.5,1.3,14.0,31.0,10.0,0.0,37.0,596.0,533.0,63.0,14.0,3.0,7.0,14.0,30.0,7.0,1.0,6.0,0.0,485.0,0.0,13.0,33.0,20.0,4.0,4.0,4.0,1.0,0.0,7.0,4.0,1.0,0.0,2.0,0.0,0.0,10.0,5.0,8.0,2.0,0.0,2.0,10.0,20.0,8.0,10.0,2.0,8.0,10.0,20,13.0,0.0,59.0,689.0,52.0,226.0,312.0,155.0,30.0,689.0,21.0,14.0,66.7,6.0,28.6,443.0,1671.0,843.0,18.0,11.0,6.0,15.0,12.0,482.0,37.0,4,1,1,14.0,12.0,0.0,14.0,10.0,5.0,0.0,0.0,0,51.0,5.0,13.0,27.8
2021-10-03,14:30,Bundesliga,Regular season,Sun,Away,L,2,3,Sturm Graz,Hartberg,,,63.0,4733.0,Stefan Hierländer,4-3-1-2,Manuel Schüttengruber,16.0,7.0,43.8,0.06,0.14,,,1,1,,,,,,4.0,1.0,25.0,0,,,0,0,0,0,,,,,,,,,,,,,,,,,,,,,,,,,,,,,,1,,,,,,,,,,,,,,45.0,,,,,,,,,,,,,,,,,,,,,,,,4.0,,,,,,,,,,,13.0,0,,,63.0,,,,,,,,,,,,,,,,,,,,,,,0,0,0,11.0,19.0,4.0,45.0,13.0,4.0,,,0,,,,,7.0,4.0,57.1,0.43,0.75,,,0,0,,,,,,6.0,5.0,83.3,0,,,1,1,0,0,,,,,,,,,,,,,,,,,,,,,,,,,,,,,,3,,,,,,,,,,,,,,3.0,,,,,,,,,,,,,,,,,,,,,,,,13.0,,,,,,,,,,,16.0,0,,,37.0,,,,,,,,,,,,,,,,,,,,,,,1,0,0,19.0,11.0,2.0,3.0,16.0,13.0,,,0,,,,
2021-10-17,17:00,Bundesliga,Regular season,Sun,Home,W,1,0,Sturm Graz,Ried,,,50.0,8109.0,Stefan Hierländer,4-4-2◆,Andreas Heiß,22.0,3.0,13.6,0.05,0.33,,,0,0,,,,,,1.0,1.0,100.0,1,,,0,0,0,0,,,,,,,,,,,,,,,,,,,,,,,,,,,,,,1,,,,,,,,,,,,,,27.0,,,,,,,,,,,,,,,,,,,,,,,,15.0,,,,,,,,,,,14.0,0,,,50.0,,,,,,,,,,,,,,,,,,,,,,,2,0,0,14.0,15.0,3.0,27.0,14.0,15.0,,,0,,,,,4.0,1.0,25.0,0.0,0.0,,,0,0,,,,,,3.0,2.0,66.7,0,,,0,0,0,0,,,,,,,,,,,,,,,,,,,,,,,,,,,,,,0,,,,,,,,,,,,,,9.0,,,,,,,,,,,,,,,,,,,,,,,,14.0,,,,,,,,,,,13.0,0,,,50.0,,,,,,,,,,,,,,,,,,,,,,,2,0,0,15.0,13.0,1.0,9.0,13.0,14.0,,,0,,,,
2021-10-21,21:00,Europa Lg,Group stage,Thu,Home,L,0,1,Sturm Graz,es Real Sociedad,0.2,1.5,39.0,14809.0,Jon Gorenc Stanković,4-3-1-2,Tobias Stieler,4.0,1.0,25.0,0.0,0.0,22.8,0.0,0,0,0.2,0.2,0.04,-0.2,-0.2,4.0,3.0,75.0,0,0.2,-0.8,0,0,0,0,4.0,15.0,26.7,23.0,2.0,47.8,39.1,11.0,36.4,39.7,16.0,0.0,0.0,0.0,7.0,214.0,335.0,63.9,4060.0,1792.0,94.0,117.0,80.3,74.0,103.0,71.8,37.0,91.0,40.7,0,0.1,0.5,2.0,21.0,5.0,0.0,19.0,335.0,271.0,60.0,16.0,1.0,5.0,15.0,29.0,2.0,2.0,0.0,0.0,214.0,4.0,3.0,8.0,5.0,2.0,0.0,0.0,1.0,0.0,0.0,0.0,0.0,0.0,0.0,0.0,0.0,16.0,11.0,11.0,3.0,2.0,12.0,24.0,50.0,12.0,15.0,5.0,10.0,11.0,27,14.0,1.0,39.0,441.0,56.0,164.0,181.0,101.0,16.0,441.0,9.0,5.0,55.6,4.0,44.4,207.0,1141.0,567.0,8.0,4.0,1.0,19.0,6.0,213.0,19.0,2,1,1,11.0,13.0,4.0,15.0,11.0,11.0,0.0,0.0,0,43.0,11.0,28.0,28.2,15.0,4.0,26.7,0.07,0.25,14.3,0.0,0,0,1.5,1.5,0.1,-0.5,-0.5,1.0,1.0,100.0,1,0.0,0.0,0,0,0,0,8.0,17.0,47.1,27.0,2.0,37.0,37.5,9.0,77.8,51.3,12.0,0.0,0.0,0.0,5.6,414.0,532.0,77.8,7807.0,2864.0,170.0,198.0,85.9,176.0,211.0,83.4,54.0,87.0,62.1,1,1.3,0.7,12.0,23.0,9.0,3.0,48.0,532.0,469.0,62.0,15.0,1.0,3.0,19.0,34.0,3.0,2.0,1.0,0.0,414.0,1.0,10.0,24.0,15.0,4.0,1.0,3.0,1.0,0.0,2.0,2.0,0.0,0.0,0.0,0.0,0.0,10.0,5.0,4.0,4.0,2.0,4.0,9.0,44.4,5.0,2.0,0.0,2.0,7.0,17,21.0,0.0,61.0,630.0,66.0,213.0,259.0,165.0,25.0,630.0,24.0,12.0,50.0,12.0,50.0,356.0,1723.0,902.0,20.0,17.0,4.0,17.0,4.0,410.0,48.0,4,0,0,15.0,10.0,1.0,19.0,7.0,5.0,0.0,0.0,0,53.0,28.0,11.0,71.8
2021-10-24,17:00,Bundesliga,Regular season,Sun,Away,L,1,4,Sturm Graz,RB Salzburg,,,41.0,16512.0,Jon Gorenc Stanković,4-3-1-2,Manuel Schüttengruber,14.0,4.0,28.6,0.07,0.25,,,0,0,,,,,,7.0,3.0,42.9,0,,,0,0,0,0,,,,,,,,,,,,,,,,,,,,,,,,,,,,,,0,,,,,,,,,,,,,,17.0,,,,,,,,,,,,,,,,,,,,,,,,17.0,,,,,,,,,,,16.0,0,,,41.0,,,,,,,,,,,,,,,,,,,,,,,1,0,0,8.0,9.0,0.0,17.0,16.0,17.0,,,1,,,,,15.0,6.0,40.0,0.2,0.5,,,0,0,,,,,,4.0,3.0,75.0,0,,,0,0,0,0,,,,,,,,,,,,,,,,,,,,,,,,,,,,,,2,,,,,,,,,,,,,,32.0,,,,,,,,,,,,,,,,,,,,,,,,19.0,,,,,,,,,,,15.0,0,,,59.0,,,,,,,,,,,,,,,,,,,,,,,2,0,0,10.0,7.0,0.0,32.0,15.0,19.0,,,0,,,,
2021-10-31,14:30,Bundesliga,Regular season,Sun,Home,L,0,3,Sturm Graz,Wolfsberger AC,,,59.0,16764.0,Jon Gorenc Stanković,4-3-1-2,Markus Hameter,19.0,6.0,31.6,0.0,0.0,,,0,0,,,,,,3.0,0.0,0.0,0,,,0,0,0,0,,,,,,,,,,,,,,,,,,,,,,,,,,,,,,0,,,,,,,,,,,,,,30.0,,,,,,,,,,,,,,,,,,,,,,,,19.0,,,,,,,,,,,7.0,0,,,59.0,,,,,,,,,,,,,,,,,,,,,,,0,0,0,14.0,14.0,4.0,30.0,7.0,19.0,,,1,,,,,2.0,2.0,100.0,1.0,1.0,,,0,0,,,,,,5.0,5.0,100.0,1,,,0,0,0,0,,,,,,,,,,,,,,,,,,,,,,,,,,,,,,2,,,,,,,,,,,,,,11.0,,,,,,,,,,,,,,,,,,,,,,,,13.0,,,,,,,,,,,12.0,0,,,41.0,,,,,,,,,,,,,,,,,,,,,,,3,0,0,14.0,14.0,2.0,11.0,12.0,13.0,,,0,,,,
2021-11-04,18:45,Europa Lg,Group stage,Thu,Away,D,1,1,Sturm Graz,es Real Sociedad,1.0,3.7,28.0,25010.0,Jakob Jantscher,3-4-1-2,Andris Treimanis,7.0,3.0,42.9,0.14,0.33,21.2,0.0,0,0,1.0,1.0,0.15,0.0,0.0,7.0,6.0,85.7,0,2.9,1.9,0,0,0,0,3.0,19.0,15.8,17.0,4.0,64.7,46.5,12.0,66.7,50.5,38.0,1.0,2.6,1.0,16.0,180.0,288.0,62.5,2839.0,1338.0,99.0,120.0,82.5,55.0,83.0,66.3,15.0,56.0,26.8,1,1.0,0.8,5.0,20.0,3.0,0.0,18.0,288.0,241.0,41.0,8.0,0.0,2.0,4.0,17.0,2.0,2.0,0.0,0.0,180.0,6.0,7.0,11.0,8.0,0.0,2.0,1.0,0.0,0.0,2.0,1.0,0.0,1.0,0.0,0.0,0.0,15.0,8.0,8.0,6.0,1.0,8.0,25.0,32.0,17.0,24.0,11.0,13.0,13.0,28,45.0,1.0,28.0,446.0,122.0,202.0,164.0,83.0,9.0,446.0,14.0,10.0,71.4,4.0,28.6,168.0,853.0,417.0,9.0,5.0,2.0,11.0,4.0,179.0,18.0,3,0,0,15.0,5.0,6.0,4.0,13.0,8.0,0.0,0.0,0,45.0,12.0,26.0,31.6,30.0,7.0,23.3,0.03,0.14,13.6,1.0,0,0,3.7,3.7,0.13,-2.7,-2.7,3.0,2.0,66.7,0,1.3,0.3,0,0,0,0,6.0,11.0,54.5,46.0,6.0,19.6,31.6,4.0,50.0,37.8,4.0,1.0,25.0,0.0,8.5,603.0,732.0,82.4,11711.0,4064.0,242.0,270.0,89.6,277.0,323.0,85.8,78.0,108.0,72.2,1,2.1,1.8,14.0,47.0,21.0,2.0,84.0,732.0,668.0,62.0,20.0,1.0,8.0,49.0,17.0,19.0,10.0,6.0,0.0,603.0,2.0,16.0,49.0,27.0,9.0,5.0,7.0,1.0,0.0,1.0,0.0,0.0,0.0,1.0,0.0,0.0,8.0,2.0,0.0,7.0,1.0,4.0,14.0,28.6,10.0,8.0,1.0,7.0,7.0,15,9.0,0.0,72.0,844.0,83.0,270.0,313.0,268.0,62.0,844.0,25.0,17.0,68.0,8.0,32.0,437.0,2178.0,969.0,24.0,19.0,7.0,22.0,7.0,590.0,81.0,1,0,0,6.0,14.0,2.0,49.0,7.0,2.0,0.0,0.0,0,52.0,26.0,12.0,68.4
2021-11-21,17:00,Bundesliga,Regular season,Sun,Home,D,3,3,Sturm Graz,LASK,,,57.0,16764.0,Jon Gorenc Stanković,3-4-1-2,Sebastian Gishamer,16.0,5.0,31.3,0.19,0.6,,,0,0,,,,,,3.0,0.0,0.0,0,,,0,0,0,0,,,,,,,,,,,,,,,,,,,,,,,,,,,,,,2,,,,,,,,,,,,,,20.0,,,,,,,,,,,,,,,,,,,,,,,,8.0,,,,,,,,,,,18.0,0,,,57.0,,,,,,,,,,,,,,,,,,,,,,,3,0,0,11.0,14.0,1.0,20.0,18.0,8.0,,,0,,,,,12.0,3.0,25.0,0.25,1.0,,,0,0,,,,,,5.0,2.0,40.0,0,,,0,0,0,0,,,,,,,,,,,,,,,,,,,,,,,,,,,,,,2,,,,,,,,,,,,,,19.0,,,,,,,,,,,,,,,,,,,,,,,,13.0,,,,,,,,,,,20.0,0,,,43.0,,,,,,,,,,,,,,,,,,,,,,,5,1,1,17.0,9.0,2.0,19.0,20.0,13.0,,,0,,,,
2021-11-25,21:00,Europa Lg,Group stage,Thu,Away,L,0,2,Sturm Graz,nl PSV Eindhoven,0.6,2.9,31.0,,Jon Gorenc Stanković,4-3-2-1,Paweł Raczkowski,7.0,2.0,28.6,0.0,0.0,27.3,0.0,0,0,0.6,0.6,0.08,-0.6,-0.6,3.0,1.0,66.7,0,1.9,-0.1,1,1,0,0,3.0,11.0,27.3,24.0,6.0,33.3,31.9,12.0,25.0,22.6,10.0,0.0,0.0,0.0,,225.0,352.0,63.9,3851.0,1813.0,100.0,140.0,71.4,96.0,130.0,73.8,20.0,54.0,37.0,0,0.3,0.1,3.0,13.0,1.0,0.0,29.0,352.0,299.0,52.0,12.0,0.0,4.0,8.0,22.0,3.0,2.0,0.0,0.0,225.0,1.0,10.0,7.0,6.0,1.0,0.0,0.0,0.0,0.0,0.0,0.0,0.0,0.0,0.0,0.0,0.0,14.0,8.0,9.0,4.0,1.0,6.0,19.0,31.6,13.0,9.0,4.0,5.0,11.0,25,17.0,0.0,31.0,450.0,64.0,183.0,209.0,63.0,5.0,450.0,6.0,3.0,50.0,3.0,50.0,187.0,895.0,455.0,7.0,6.0,1.0,15.0,5.0,220.0,27.0,1,0,0,16.0,8.0,1.0,8.0,11.0,8.0,0.0,1.0,0,50.0,11.0,15.0,42.3,16.0,2.0,12.5,0.06,0.5,19.9,0.0,1,1,2.9,2.1,0.13,-0.9,-1.1,2.0,2.0,100.0,1,0.1,0.1,0,0,0,0,3.0,12.0,25.0,33.0,5.0,33.3,36.3,4.0,25.0,31.8,5.0,0.0,0.0,0.0,17.0,646.0,780.0,82.8,11209.0,3265.0,306.0,340.0,90.0,237.0,270.0,87.8,75.0,119.0,63.0,1,2.1,1.7,16.0,53.0,14.0,4.0,49.0,780.0,725.0,53.0,16.0,0.0,11.0,13.0,28.0,4.0,0.0,3.0,0.0,646.0,2.0,5.0,33.0,31.0,1.0,0.0,0.0,1.0,0.0,3.0,2.0,0.0,0.0,0.0,1.0,0.0,8.0,7.0,2.0,6.0,0.0,3.0,6.0,50.0,3.0,9.0,2.0,7.0,8.0,16,8.0,1.0,69.0,862.0,42.0,219.0,440.0,205.0,30.0,861.0,19.0,13.0,68.4,6.0,31.6,478.0,2313.0,1044.0,16.0,17.0,7.0,21.0,8.0,643.0,48.0,1,0,0,10.0,15.0,2.0,13.0,8.0,7.0,1.0,0.0,0,58.0,15.0,11.0,57.7
2021-11-28,14:30,Bundesliga,Regular season,Sun,Away,L,1,2,Sturm Graz,Austria Wien,,,54.0,,Jon Gorenc Stanković,4-4-2◆,Manuel Schüttengruber,10.0,2.0,20.0,0.1,0.5,,,0,0,,,,,,8.0,6.0,75.0,0,,,0,0,0,0,,,,,,,,,,,,,,,,,,,,,,,,,,,,,,1,,,,,,,,,,,,,,13.0,,,,,,,,,,,,,,,,,,,,,,,,15.0,,,,,,,,,,,15.0,0,,,54.0,,,,,,,,,,,,,,,,,,,,,,,0,1,0,9.0,10.0,1.0,13.0,15.0,15.0,,,0,,,,,19.0,8.0,42.1,0.11,0.25,,,0,0,,,,,,2.0,1.0,50.0,0,,,0,0,0,0,,,,,,,,,,,,,,,,,,,,,,,,,,,,,,2,,,,,,,,,,,,,,11.0,,,,,,,,,,,,,,,,,,,,,,,,9.0,,,,,,,,,,,20.0,0,,,46.0,,,,,,,,,,,,,,,,,,,,,,,3,0,0,10.0,9.0,1.0,11.0,20.0,9.0,,,0,,,,
2021-12-01,19:00,Bundesliga,Regular season,Wed,Away,W,1,0,Sturm Graz,SCR Altach,,,56.0,,Jon Gorenc Stanković,4-3-2-1,Alan Kijas,9.0,2.0,22.2,0.11,0.5,,,0,0,,,,,,2.0,2.0,100.0,1,,,0,0,0,0,,,,,,,,,,,,,,,,,,,,,,,,,,,,,,1,,,,,,,,,,,,,,18.0,,,,,,,,,,,,,,,,,,,,,,,,11.0,,,,,,,,,,,12.0,0,,,56.0,,,,,,,,,,,,,,,,,,,,,,,1,0,0,9.0,10.0,1.0,18.0,12.0,11.0,,,0,,,,,10.0,2.0,20.0,0.0,0.0,,,0,0,,,,,,2.0,1.0,50.0,0,,,0,0,0,0,,,,,,,,,,,,,,,,,,,,,,,,,,,,,,0,,,,,,,,,,,,,,19.0,,,,,,,,,,,,,,,,,,,,,,,,8.0,,,,,,,,,,,21.0,0,,,44.0,,,,,,,,,,,,,,,,,,,,,,,0,0,0,10.0,9.0,0.0,19.0,21.0,8.0,,,0,,,,
2021-12-04,17:00,Bundesliga,Regular season,Sat,Home,D,1,1,Sturm Graz,Admira,,,55.0,,Jon Gorenc Stanković,4-4-2◆,Julian Weinberger,21.0,5.0,23.8,0.05,0.2,,,0,0,,,,,,1.0,0.0,0.0,0,,,0,0,0,0,,,,,,,,,,,,,,,,,,,,,,,,,,,,,,1,,,,,,,,,,,,,,22.0,,,,,,,,,,,,,,,,,,,,,,,,11.0,,,,,,,,,,,9.0,0,,,55.0,,,,,,,,,,,,,,,,,,,,,,,2,0,0,16.0,16.0,2.0,22.0,9.0,11.0,,,0,,,,,6.0,1.0,16.7,0.17,1.0,,,0,0,,,,,,5.0,4.0,80.0,0,,,0,0,0,0,,,,,,,,,,,,,,,,,,,,,,,,,,,,,,1,,,,,,,,,,,,,,5.0,,,,,,,,,,,,,,,,,,,,,,,,8.0,,,,,,,,,,,11.0,0,,,45.0,,,,,,,,,,,,,,,,,,,,,,,3,0,0,16.0,16.0,1.0,5.0,11.0,8.0,,,0,,,,
2021-12-09,18:45,Europa Lg,Group stage,Thu,Home,D,1,1,Sturm Graz,fr Monaco,2.5,1.8,44.0,,Jon Gorenc Stanković,4-3-2-1,Mohammed Al Hakim,23.0,3.0,13.0,0.0,0.0,24.5,1.0,1,1,2.5,1.7,0.08,-1.5,-1.7,3.0,2.0,66.7,0,1.0,0.0,0,0,0,0,3.0,14.0,21.4,25.0,2.0,44.0,38.2,6.0,50.0,48.2,11.0,0.0,0.0,4.0,27.3,251.0,399.0,62.9,4365.0,2115.0,122.0,154.0,79.2,97.0,149.0,65.1,24.0,69.0,34.8,0,1.2,0.8,14.0,25.0,6.0,0.0,33.0,399.0,342.0,56.0,12.0,0.0,0.0,13.0,32.0,4.0,3.0,0.0,0.0,251.0,1.0,12.0,35.0,21.0,2.0,3.0,4.0,4.0,1.0,1.0,0.0,0.0,0.0,1.0,0.0,0.0,15.0,12.0,7.0,4.0,4.0,6.0,18.0,33.3,12.0,11.0,3.0,8.0,12.0,27,18.0,0.0,44.0,528.0,48.0,146.0,235.0,160.0,19.0,527.0,20.0,14.0,70.0,6.0,30.0,239.0,1245.0,501.0,12.0,11.0,5.0,26.0,5.0,247.0,31.0,1,0,0,11.0,10.0,1.0,13.0,12.0,12.0,0.0,0.0,0,71.0,9.0,20.0,31.0,10.0,3.0,30.0,0.1,0.33,12.1,0.0,0,0,1.8,1.8,0.21,-0.8,-0.8,4.0,3.0,100.0,0,2.2,1.2,1,1,0,0,8.0,26.0,30.8,42.0,9.0,45.2,38.8,9.0,77.8,54.1,11.0,2.0,18.2,1.0,14.2,366.0,514.0,71.2,6863.0,2633.0,157.0,194.0,80.9,163.0,205.0,79.5,40.0,95.0,42.1,1,1.4,1.1,8.0,27.0,7.0,1.0,35.0,514.0,455.0,56.0,12.0,1.0,8.0,14.0,27.0,6.0,2.0,4.0,0.0,366.0,3.0,8.0,19.0,12.0,3.0,2.0,1.0,1.0,0.0,1.0,0.0,0.0,0.0,1.0,0.0,0.0,11.0,5.0,6.0,4.0,1.0,6.0,20.0,30.0,14.0,18.0,6.0,12.0,10.0,21,28.0,0.0,56.0,645.0,83.0,281.0,253.0,119.0,19.0,645.0,18.0,12.0,66.7,6.0,33.3,336.0,1689.0,651.0,14.0,7.0,2.0,26.0,9.0,357.0,35.0,3,0,0,11.0,11.0,3.0,14.0,10.0,5.0,0.0,1.0,0,60.0,20.0,9.0,69.0
2021-12-12,14:30,Bundesliga,Regular season,Sun,Away,W,3,0,Sturm Graz,SK Austria Klagenfurt,,,52.0,,Jon Gorenc Stanković,4-3-1-2,Josef Spurny,10.0,4.0,40.0,0.3,0.75,,,0,0,,,,,,2.0,2.0,100.0,1,,,0,0,0,0,,,,,,,,,,,,,,,,,,,,,,,,,,,,,,3,,,,,,,,,,,,,,16.0,,,,,,,,,,,,,,,,,,,,,,,,18.0,,,,,,,,,,,8.0,0,,,52.0,,,,,,,,,,,,,,,,,,,,,,,1,0,0,11.0,8.0,2.0,16.0,8.0,18.0,,,0,,,,,11.0,2.0,18.2,0.0,0.0,,,0,0,,,,,,4.0,1.0,25.0,0,,,0,0,0,0,,,,,,,,,,,,,,,,,,,,,,,,,,,,,,0,,,,,,,,,,,,,,17.0,,,,,,,,,,,,,,,,,,,,,,,,11.0,,,,,,,,,,,11.0,0,,,48.0,,,,,,,,,,,,,,,,,,,,,,,0,0,0,8.0,10.0,2.0,17.0,11.0,11.0,,,0,,,,
2022-02-12,17:00,Bundesliga,Regular season,Sat,Away,D,2,2,Sturm Graz,WSG Tirol,,,59.0,600.0,Stefan Hierländer,4-4-2◆,Alan Kijas,19.0,8.0,42.1,0.11,0.25,,,0,0,,,,,,2.0,0.0,0.0,0,,,0,0,0,0,,,,,,,,,,,,,,,,,,,,,,,,,,,,,,1,,,,,,,,,,,,,,15.0,,,,,,,,,,,,,,,,,,,,,,,,11.0,,,,,,,,,,,6.0,0,,,59.0,,,,,,,,,,,,,,,,,,,,,,,1,0,0,10.0,10.0,2.0,15.0,6.0,11.0,,,0,,,,,4.0,2.0,50.0,0.5,1.0,,,0,0,,,,,,7.0,5.0,71.4,0,,,0,0,0,0,,,,,,,,,,,,,,,,,,,,,,,,,,,,,,2,,,,,,,,,,,,,,12.0,,,,,,,,,,,,,,,,,,,,,,,,9.0,,,,,,,,,,,7.0,0,,,41.0,,,,,,,,,,,,,,,,,,,,,,,2,0,0,11.0,9.0,0.0,12.0,7.0,9.0,,,0,,,,
2022-02-20,17:00,Bundesliga,Regular season,Sun,Home,D,2,2,Sturm Graz,Rapid Wien,,,40.0,13205.0,Stefan Hierländer,4-4-2◆,Walter Altmann,10.0,4.0,40.0,0.1,0.25,,,1,1,,,,,,3.0,1.0,33.3,0,,,0,0,0,0,,,,,,,,,,,,,,,,,,,,,,,,,,,,,,1,,,,,,,,,,,,,,14.0,,,,,,,,,,,,,,,,,,,,,,,,10.0,,,,,,,,,,,20.0,0,,,40.0,,,,,,,,,,,,,,,,,,,,,,,0,0,0,16.0,15.0,1.0,14.0,20.0,10.0,,,0,,,,,15.0,4.0,26.7,0.13,0.5,,,0,0,,,,,,3.0,2.0,66.7,0,,,1,1,0,0,,,,,,,,,,,,,,,,,,,,,,,,,,,,,,2,,,,,,,,,,,,,,20.0,,,,,,,,,,,,,,,,,,,,,,,,7.0,,,,,,,,,,,14.0,0,,,60.0,,,,,,,,,,,,,,,,,,,,,,,3,0,0,15.0,13.0,0.0,20.0,14.0,7.0,,,0,,,,
2022-02-27,17:00,Bundesliga,Regular season,Sun,Home,W,3,0,Sturm Graz,Hartberg,,,53.0,10171.0,Stefan Hierländer,4-4-2◆,Manuel Schüttengruber,14.0,6.0,42.9,0.14,0.33,,,1,1,,,,,,1.0,1.0,100.0,1,,,0,0,0,0,,,,,,,,,,,,,,,,,,,,,,,,,,,,,,1,,,,,,,,,,,,,,20.0,,,,,,,,,,,,,,,,,,,,,,,,6.0,,,,,,,,,,,17.0,0,,,53.0,,,,,,,,,,,,,,,,,,,,,,,2,0,0,13.0,14.0,2.0,20.0,17.0,6.0,,,0,,,,,2.0,1.0,50.0,0.0,0.0,,,0,0,,,,,,5.0,3.0,60.0,0,,,1,1,0,0,,,,,,,,,,,,,,,,,,,,,,,,,,,,,,0,,,,,,,,,,,,,,13.0,,,,,,,,,,,,,,,,,,,,,,,,7.0,,,,,,,,,,,17.0,0,,,47.0,,,,,,,,,,,,,,,,,,,,,,,2,0,0,14.0,13.0,1.0,13.0,17.0,7.0,,,0,,,,
2022-03-06,17:00,Bundesliga,Regular season,Sun,Away,D,2,2,Sturm Graz,Ried,,,55.0,5112.0,Stefan Hierländer,4-4-2◆,Julian Weinberger,16.0,5.0,31.3,0.13,0.4,,,0,0,,,,,,3.0,1.0,33.3,0,,,0,0,0,0,,,,,,,,,,,,,,,,,,,,,,,,,,,,,,2,,,,,,,,,,,,,,23.0,,,,,,,,,,,,,,,,,,,,,,,,10.0,,,,,,,,,,,16.0,0,,,55.0,,,,,,,,,,,,,,,,,,,,,,,1,0,0,18.0,12.0,1.0,23.0,16.0,10.0,,,0,,,,,13.0,3.0,23.1,0.15,0.67,,,0,0,,,,,,5.0,3.0,60.0,0,,,0,0,0,0,,,,,,,,,,,,,,,,,,,,,,,,,,,,,,2,,,,,,,,,,,,,,14.0,,,,,,,,,,,,,,,,,,,,,,,,12.0,,,,,,,,,,,16.0,0,,,45.0,,,,,,,,,,,,,,,,,,,,,,,2,1,0,12.0,17.0,3.0,14.0,16.0,12.0,,,0,,,,
2022-03-13,17:00,Bundesliga,Championship round,Sun,Away,L,0,1,Sturm Graz,RB Salzburg,,,39.0,8945.0,Stefan Hierländer,4-4-2◆,Dieter Muckenhammer,14.0,2.0,14.3,0.0,0.0,,,0,0,,,,,,4.0,3.0,75.0,0,,,0,0,0,0,,,,,,,,,,,,,,,,,,,,,,,,,,,,,,0,,,,,,,,,,,,,,23.0,,,,,,,,,,,,,,,,,,,,,,,,11.0,,,,,,,,,,,20.0,0,,,39.0,,,,,,,,,,,,,,,,,,,,,,,1,0,0,6.0,12.0,1.0,23.0,20.0,11.0,,,0,,,,,15.0,4.0,26.7,0.07,0.25,,,0,0,,,,,,2.0,2.0,100.0,1,,,0,0,0,0,,,,,,,,,,,,,,,,,,,,,,,,,,,,,,0,,,,,,,,,,,,,,18.0,,,,,,,,,,,,,,,,,,,,,,,,5.0,,,,,,,,,,,7.0,0,,,61.0,,,,,,,,,,,,,,,,,,,,,,,0,0,0,12.0,5.0,3.0,18.0,7.0,5.0,,,0,,,,
2022-03-20,14:30,Bundesliga,Championship round,Sun,Home,W,3,1,Sturm Graz,SK Austria Klagenfurt,,,56.0,8478.0,Jon Gorenc Stanković,4-4-2◆,Sebastian Gishamer,21.0,8.0,38.1,0.14,0.38,,,0,0,,,,,,3.0,2.0,66.7,0,,,0,0,0,0,,,,,,,,,,,,,,,,,,,,,,,,,,,,,,2,,,,,,,,,,,,,,17.0,,,,,,,,,,,,,,,,,,,,,,,,7.0,,,,,,,,,,,11.0,0,,,56.0,,,,,,,,,,,,,,,,,,,,,,,1,0,0,12.0,9.0,2.0,17.0,11.0,7.0,,,0,,,,,8.0,3.0,37.5,0.13,0.33,,,0,0,,,,,,8.0,5.0,62.5,0,,,0,0,0,0,,,,,,,,,,,,,,,,,,,,,,,,,,,,,,1,,,,,,,,,,,,,,32.0,,,,,,,,,,,,,,,,,,,,,,,,10.0,,,,,,,,,,,15.0,0,,,44.0,,,,,,,,,,,,,,,,,,,,,,,4,0,0,10.0,11.0,3.0,32.0,15.0,10.0,,,0,,,,
2022-04-03,14:30,Bundesliga,Championship round,Sun,Away,W,2,0,Sturm Graz,Wolfsberger AC,,,44.0,4826.0,Stefan Hierländer,4-4-2◆,Harald Lechner,8.0,4.0,50.0,0.25,0.5,,,0,0,,,,,,5.0,5.0,100.0,1,,,0,0,0,0,,,,,,,,,,,,,,,,,,,,,,,,,,,,,,2,,,,,,,,,,,,,,18.0,,,,,,,,,,,,,,,,,,,,,,,,12.0,,,,,,,,,,,12.0,0,,,44.0,,,,,,,,,,,,,,,,,,,,,,,3,0,0,13.0,4.0,1.0,18.0,12.0,12.0,,,0,,,,,14.0,5.0,35.7,0.0,0.0,,,0,0,,,,,,4.0,2.0,50.0,0,,,0,0,0,0,,,,,,,,,,,,,,,,,,,,,,,,,,,,,,0,,,,,,,,,,,,,,21.0,,,,,,,,,,,,,,,,,,,,,,,,10.0,,,,,,,,,,,10.0,0,,,56.0,,,,,,,,,,,,,,,,,,,,,,,2,0,0,5.0,12.0,2.0,21.0,10.0,10.0,,,0,,,,
2022-04-10,17:00,Bundesliga,Championship round,Sun,Home,W,1,0,Sturm Graz,Austria Wien,,,54.0,12500.0,Jon Gorenc Stanković,4-4-2◆,Stefan Ebner,18.0,4.0,22.2,0.06,0.25,,,0,0,,,,,,2.0,2.0,100.0,1,,,0,0,0,0,,,,,,,,,,,,,,,,,,,,,,,,,,,,,,1,,,,,,,,,,,,,,22.0,,,,,,,,,,,,,,,,,,,,,,,,10.0,,,,,,,,,,,19.0,0,,,54.0,,,,,,,,,,,,,,,,,,,,,,,0,0,0,10.0,17.0,2.0,22.0,19.0,10.0,,,0,,,,,4.0,2.0,50.0,0.0,0.0,,,0,0,,,,,,4.0,3.0,75.0,0,,,0,0,0,0,,,,,,,,,,,,,,,,,,,,,,,,,,,,,,0,,,,,,,,,,,,,,10.0,,,,,,,,,,,,,,,,,,,,,,,,15.0,,,,,,,,,,,17.0,0,,,46.0,,,,,,,,,,,,,,,,,,,,,,,4,0,0,17.0,9.0,0.0,10.0,17.0,15.0,,,0,,,,
2022-04-17,14:30,Bundesliga,Championship round,Sun,Home,W,2,1,Sturm Graz,Rapid Wien,,,35.0,15066.0,Stefan Hierländer,4-4-2◆,Alan Kijas,10.0,5.0,50.0,0.2,0.4,,,0,0,,,,,,3.0,2.0,66.7,0,,,0,0,0,0,,,,,,,,,,,,,,,,,,,,,,,,,,,,,,2,,,,,,,,,,,,,,14.0,,,,,,,,,,,,,,,,,,,,,,,,10.0,,,,,,,,,,,11.0,0,,,35.0,,,,,,,,,,,,,,,,,,,,,,,3,0,0,23.0,6.0,2.0,14.0,11.0,10.0,,,0,,,,,10.0,3.0,30.0,0.1,0.33,,,0,0,,,,,,5.0,3.0,60.0,0,,,0,0,0,0,,,,,,,,,,,,,,,,,,,,,,,,,,,,,,1,,,,,,,,,,,,,,26.0,,,,,,,,,,,,,,,,,,,,,,,,13.0,,,,,,,,,,,11.0,0,,,65.0,,,,,,,,,,,,,,,,,,,,,,,2,0,0,6.0,22.0,1.0,26.0,11.0,13.0,,,0,,,,
2022-04-24,17:00,Bundesliga,Championship round,Sun,Away,D,1,1,Sturm Graz,Rapid Wien,,,40.0,20200.0,Stefan Hierländer,4-4-2◆,Sebastian Gishamer,7.0,2.0,28.6,0.0,0.0,,,1,1,,,,,,1.0,0.0,0.0,0,,,0,0,0,0,,,,,,,,,,,,,,,,,,,,,,,,,,,,,,0,,,,,,,,,,,,,,10.0,,,,,,,,,,,,,,,,,,,,,,,,8.0,,,,,,,,,,,15.0,0,,,40.0,,,,,,,,,,,,,,,,,,,,,,,5,1,1,16.0,19.0,2.0,10.0,15.0,8.0,,,0,,,,,6.0,1.0,16.7,0.17,1.0,,,0,0,,,,,,2.0,2.0,100.0,0,,,1,1,0,0,,,,,,,,,,,,,,,,,,,,,,,,,,,,,,1,,,,,,,,,,,,,,19.0,,,,,,,,,,,,,,,,,,,,,,,,9.0,,,,,,,,,,,10.0,0,,,60.0,,,,,,,,,,,,,,,,,,,,,,,4,0,0,20.0,16.0,1.0,19.0,10.0,9.0,,,0,,,,
2022-04-27,18:30,Bundesliga,Championship round,Wed,Home,W,2,1,Sturm Graz,RB Salzburg,,,37.0,10625.0,Stefan Hierländer,4-4-2◆,Manuel Schüttengruber,9.0,4.0,44.4,0.22,0.5,,,0,0,,,,,,4.0,3.0,75.0,0,,,0,0,0,0,,,,,,,,,,,,,,,,,,,,,,,,,,,,,,2,,,,,,,,,,,,,,7.0,,,,,,,,,,,,,,,,,,,,,,,,7.0,,,,,,,,,,,16.0,0,,,37.0,,,,,,,,,,,,,,,,,,,,,,,1,0,0,5.0,14.0,1.0,7.0,16.0,7.0,,,0,,,,,10.0,4.0,40.0,0.1,0.25,,,0,0,,,,,,4.0,2.0,50.0,0,,,0,0,0,0,,,,,,,,,,,,,,,,,,,,,,,,,,,,,,1,,,,,,,,,,,,,,28.0,,,,,,,,,,,,,,,,,,,,,,,,8.0,,,,,,,,,,,12.0,0,,,63.0,,,,,,,,,,,,,,,,,,,,,,,2,0,0,15.0,5.0,3.0,28.0,12.0,8.0,,,0,,,,
2022-05-08,14:30,Bundesliga,Championship round,Sun,Away,W,2,1,Sturm Graz,SK Austria Klagenfurt,,,63.0,6850.0,Jon Gorenc Stanković,4-4-2◆,Gerhard Grobelnik,22.0,10.0,45.5,0.09,0.2,,,0,0,,,,,,2.0,1.0,50.0,0,,,0,0,0,0,,,,,,,,,,,,,,,,,,,,,,,,,,,,,,2,,,,,,,,,,,,,,24.0,,,,,,,,,,,,,,,,,,,,,,,,9.0,,,,,,,,,,,10.0,0,,,63.0,,,,,,,,,,,,,,,,,,,,,,,2,0,0,17.0,7.0,7.0,24.0,10.0,9.0,,,0,,,,,9.0,2.0,22.2,0.11,0.5,,,0,0,,,,,,9.0,7.0,77.8,0,,,0,0,0,0,,,,,,,,,,,,,,,,,,,,,,,,,,,,,,0,,,,,,,,,,,,,,19.0,,,,,,,,,,,,,,,,,,,,,,,,9.0,,,,,,,,,,,10.0,0,,,37.0,,,,,,,,,,,,,,,,,,,,,,,1,1,0,7.0,15.0,1.0,19.0,10.0,9.0,,,0,,,,
2022-05-15,17:00,Bundesliga,Championship round,Sun,Home,L,1,4,Sturm Graz,Wolfsberger AC,,,60.0,15214.0,Jon Gorenc Stanković,4-4-2◆,Alan Kijas,6.0,2.0,33.3,0.17,0.5,,,0,0,,,,,,3.0,0.0,0.0,0,,,1,1,0,0,,,,,,,,,,,,,,,,,,,,,,,,,,,,,,1,,,,,,,,,,,,,,17.0,,,,,,,,,,,,,,,,,,,,,,,,7.0,,,,,,,,,,,15.0,0,,,60.0,,,,,,,,,,,,,,,,,,,,,,,0,0,0,10.0,16.0,5.0,17.0,15.0,7.0,,,0,,,,,11.0,4.0,36.4,0.27,0.75,,,1,1,,,,,,1.0,0.0,0.0,0,,,0,0,0,0,,,,,,,,,,,,,,,,,,,,,,,,,,,,,,3,,,,,,,,,,,,,,13.0,,,,,,,,,,,,,,,,,,,,,,,,13.0,,,,,,,,,,,18.0,0,,,40.0,,,,,,,,,,,,,,,,,,,,,,,3,0,0,16.0,9.0,5.0,13.0,18.0,13.0,,,0,,,,
2022-05-21,17:00,Bundesliga,Championship round,Sat,Away,L,2,4,Sturm Graz,Austria Wien,,,53.0,13982.0,Otar Kiteishvili,4-4-2◆,Markus Hameter,5.0,2.0,40.0,0.4,1.0,,,0,0,,,,,,4.0,0.0,0.0,0,,,0,0,0,0,,,,,,,,,,,,,,,,,,,,,,,,,,,,,,1,,,,,,,,,,,,,,19.0,,,,,,,,,,,,,,,,,,,,,,,,13.0,,,,,,,,,,,16.0,0,,,53.0,,,,,,,,,,,,,,,,,,,,,,,2,0,0,8.0,8.0,4.0,19.0,16.0,13.0,,,0,,,,,11.0,4.0,36.4,0.36,1.0,,,0,0,,,,,,2.0,0.0,0.0,0,,,0,0,0,0,,,,,,,,,,,,,,,,,,,,,,,,,,,,,,4,,,,,,,,,,,,,,18.0,,,,,,,,,,,,,,,,,,,,,,,,8.0,,,,,,,,,,,23.0,0,,,47.0,,,,,,,,,,,,,,,,,,,,,,,1,0,0,8.0,8.0,2.0,18.0,23.0,8.0,,,0,,,,
2021-07-20,20:30,Champions Lg,Second qualifying round,Tue,Home,W,2,1,Rapid Wien,cz Sparta Prague,,,,19500.0,Maximilian Hofmann,4-4-2,Serdar Gözübüyük,,,,,,,,0,0,,,,,,,,,0,,,0,0,0,0,,,,,,,,,,,,,,,,,,,,,,,,,,,,,,2,,,,,,,,,,,,,,,,,,,,,,,,,,,,,,,,,,,,,,,,,,,,,,,,,,0,,,,,,,,,,,,,,,,,,,,,,,,,,4,0,0,,,,,,,,,0,,,,,,,,,,,,0,0,,,,,,,,,0,,,0,0,0,0,,,,,,,,,,,,,,,,,,,,,,,,,,,,,,1,,,,,,,,,,,,,,,,,,,,,,,,,,,,,,,,,,,,,,,,,,,,,,,,,,0,,,,,,,,,,,,,,,,,,,,,,,,,,2,0,0,,,,,,,,,0,,,,
2021-07-24,17:00,Bundesliga,Regular season,Sat,Home,L,0,2,Rapid Wien,Hartberg,,,59.0,12200.0,Maximilian Hofmann,4-2-3-1,Manuel Schüttengruber,19.0,4.0,21.1,0.0,0.0,,,0,0,,,,,,5.0,4.0,80.0,0,,,1,1,0,0,,,,,,,,,,,,,,,,,,,,,,,,,,,,,,0,,,,,,,,,,,,,,38.0,,,,,,,,,,,,,,,,,,,,,,,,11.0,,,,,,,,,,,4.0,0,,,59.0,,,,,,,,,,,,,,,,,,,,,,,0,0,0,10.0,11.0,4.0,38.0,4.0,11.0,,,0,,,,,13.0,6.0,46.2,0.08,0.17,,,1,1,,,,,,5.0,4.0,100.0,1,,,0,0,0,0,,,,,,,,,,,,,,,,,,,,,,,,,,,,,,0,,,,,,,,,,,,,,15.0,,,,,,,,,,,,,,,,,,,,,,,,14.0,,,,,,,,,,,18.0,0,,,41.0,,,,,,,,,,,,,,,,,,,,,,,2,0,0,12.0,9.0,1.0,15.0,18.0,14.0,,,0,,,,
2021-07-28,20:30,Champions Lg,Second qualifying round,Wed,Away,L,0,2,Rapid Wien,cz Sparta Prague,,,,9105.0,Filip Stojković,4-4-2,Bobby Madden,,,,,,,,0,0,,,,,,,,,0,,,1,1,0,0,,,,,,,,,,,,,,,,,,,,,,,,,,,,,,0,,,,,,,,,,,,,,,,,,,,,,,,,,,,,,,,,,,,,,,,,,,,,,,,,,0,,,,,,,,,,,,,,,,,,,,,,,,,,2,0,0,,,,,,,,,0,,,,,,,,,,,,1,1,,,,,,,,,1,,,0,0,0,0,,,,,,,,,,,,,,,,,,,,,,,,,,,,,,1,,,,,,,,,,,,,,,,,,,,,,,,,,,,,,,,,,,,,,,,,,,,,,,,,,0,,,,,,,,,,,,,,,,,,,,,,,,,,2,0,0,,,,,,,,,0,,,,
2021-07-31,17:00,Bundesliga,Regular season,Sat,Away,D,1,1,Rapid Wien,LASK,,,44.0,6090.0,Filip Stojković,3-4-3,Rene Eisner,9.0,3.0,33.3,0.11,0.33,,,0,0,,,,,,5.0,4.0,80.0,0,,,0,0,0,0,,,,,,,,,,,,,,,,,,,,,,,,,,,,,,1,,,,,,,,,,,,,,8.0,,,,,,,,,,,,,,,,,,,,,,,,16.0,,,,,,,,,,,21.0,0,,,44.0,,,,,,,,,,,,,,,,,,,,,,,3,0,0,15.0,7.0,2.0,8.0,21.0,16.0,,,0,,,,,13.0,5.0,38.5,0.08,0.2,,,0,0,,,,,,3.0,2.0,66.7,0,,,0,0,0,0,,,,,,,,,,,,,,,,,,,,,,,,,,,,,,1,,,,,,,,,,,,,,25.0,,,,,,,,,,,,,,,,,,,,,,,,10.0,,,,,,,,,,,6.0,0,,,56.0,,,,,,,,,,,,,,,,,,,,,,,1,0,0,7.0,15.0,2.0,25.0,6.0,10.0,,,0,,,,
2021-08-05,20:30,Europa Lg,Third qualifying round,Thu,Home,W,3,0,Rapid Wien,cy Anorthosis,,,61.0,11400.0,Maximilian Hofmann,4-4-2,Maurizio Mariani,25.0,10.0,40.0,0.12,0.3,,,0,1,,,,,,0.0,0.0,,1,,,0,0,0,0,,,,,,,,,,,,,,,,,,,,,,,,,,,,,,3,,,,,,,,,,,,,,25.0,,,,,,,,,,,,,,,,,,,,,,,,11.0,,,,,,,,,,,16.0,0,,,61.0,,,,,,,,,,,,,,,,,,,,,,,2,0,0,14.0,13.0,3.0,25.0,16.0,11.0,,,0,,,,,6.0,0.0,0.0,0.0,,,,0,0,,,,,,10.0,7.0,70.0,0,,,1,0,0,1,,,,,,,,,,,,,,,,,,,,,,,,,,,,,,0,,,,,,,,,,,,,,11.0,,,,,,,,,,,,,,,,,,,,,,,,10.0,,,,,,,,,,,15.0,0,,,39.0,,,,,,,,,,,,,,,,,,,,,,,3,0,0,14.0,11.0,2.0,11.0,15.0,10.0,,,0,,,,
2021-08-08,17:00,Bundesliga,Regular season,Sun,Home,W,3,0,Rapid Wien,Wolfsberger AC,,,52.0,13100.0,Maximilian Hofmann,4-2-3-1,Alexander Harkam,16.0,9.0,56.3,0.19,0.33,,,0,0,,,,,,3.0,3.0,100.0,1,,,0,0,0,0,,,,,,,,,,,,,,,,,,,,,,,,,,,,,,1,,,,,,,,,,,,,,19.0,,,,,,,,,,,,,,,,,,,,,,,,18.0,,,,,,,,,,,20.0,0,,,52.0,,,,,,,,,,,,,,,,,,,,,,,4,0,0,15.0,14.0,1.0,19.0,20.0,18.0,,,0,,,,,12.0,3.0,25.0,0.0,0.0,,,0,0,,,,,,9.0,6.0,66.7,0,,,0,0,0,0,,,,,,,,,,,,,,,,,,,,,,,,,,,,,,0,,,,,,,,,,,,,,22.0,,,,,,,,,,,,,,,,,,,,,,,,14.0,,,,,,,,,,,12.0,0,,,48.0,,,,,,,,,,,,,,,,,,,,,,,3,0,0,14.0,15.0,2.0,22.0,12.0,14.0,,,0,,,,
2021-08-12,20:00,Europa Lg,Third qualifying round,Thu,Away,L,1,2,Rapid Wien,cy Anorthosis,,,46.0,3574.0,Maximilian Hofmann,4-4-2,Aleksandar Stavrev,15.0,4.0,26.7,0.07,0.25,,,0,0,,,,,,9.0,7.0,77.8,0,,,0,0,0,0,,,,,,,,,,,,,,,,,,,,,,,,,,,,,,1,,,,,,,,,,,,,,7.0,,,,,,,,,,,,,,,,,,,,,,,,5.0,,,,,,,,,,,10.0,0,,,46.0,,,,,,,,,,,,,,,,,,,,,,,5,0,0,23.0,18.0,0.0,7.0,10.0,5.0,,,0,,,,,21.0,9.0,42.9,0.1,0.22,,,0,0,,,,,,4.0,3.0,75.0,0,,,0,0,0,0,,,,,,,,,,,,,,,,,,,,,,,,,,,,,,1,,,,,,,,,,,,,,38.0,,,,,,,,,,,,,,,,,,,,,,,,5.0,,,,,,,,,,,10.0,0,,,54.0,,,,,,,,,,,,,,,,,,,,,,,5,0,0,18.0,20.0,1.0,38.0,10.0,5.0,,,0,,,,
2021-08-15,17:00,Bundesliga,Regular season,Sun,Away,L,1,2,Rapid Wien,SCR Altach,,,58.0,4837.0,Maximilian Hofmann,3-4-1-2,Alan Kijas,13.0,2.0,15.4,0.08,0.5,,,0,0,,,,,,4.0,3.0,75.0,0,,,1,1,0,0,,,,,,,,,,,,,,,,,,,,,,,,,,,,,,0,,,,,,,,,,,,,,14.0,,,,,,,,,,,,,,,,,,,,,,,,9.0,,,,,,,,,,,11.0,0,,,58.0,,,,,,,,,,,,,,,,,,,,,,,1,0,0,12.0,17.0,3.0,14.0,11.0,9.0,,,0,,,,,12.0,5.0,41.7,0.08,0.2,,,1,1,,,,,,2.0,1.0,50.0,0,,,0,0,0,0,,,,,,,,,,,,,,,,,,,,,,,,,,,,,,1,,,,,,,,,,,,,,14.0,,,,,,,,,,,,,,,,,,,,,,,,7.0,,,,,,,,,,,11.0,0,,,42.0,,,,,,,,,,,,,,,,,,,,,,,1,0,0,17.0,11.0,1.0,14.0,11.0,7.0,,,0,,,,
2021-08-19,21:00,Europa Lg,Play-off round,Thu,Home,W,3,0,Rapid Wien,ua Zorya Luhansk,,,45.0,10300.0,Maximilian Hofmann,4-4-2,Sandro Schärer,14.0,7.0,50.0,0.21,0.43,,,0,0,,,,,,5.0,5.0,100.0,1,,,0,0,0,0,,,,,,,,,,,,,,,,,,,,,,,,,,,,,,3,,,,,,,,,,,,,,15.0,,,,,,,,,,,,,,,,,,,,,,,,15.0,,,,,,,,,,,18.0,0,,,45.0,,,,,,,,,,,,,,,,,,,,,,,2,0,0,11.0,13.0,5.0,15.0,18.0,15.0,,,0,,,,,19.0,6.0,31.6,0.0,0.0,,,0,0,,,,,,7.0,4.0,57.1,0,,,0,0,0,0,,,,,,,,,,,,,,,,,,,,,,,,,,,,,,0,,,,,,,,,,,,,,18.0,,,,,,,,,,,,,,,,,,,,,,,,18.0,,,,,,,,,,,17.0,0,,,56.0,,,,,,,,,,,,,,,,,,,,,,,4,0,0,13.0,11.0,1.0,18.0,17.0,18.0,,,0,,,,
2021-08-22,17:00,Bundesliga,Regular season,Sun,Home,W,3,0,Rapid Wien,Ried,,,56.0,14400.0,Maximilian Hofmann,4-2-3-1,Christopher Jäger,20.0,8.0,40.0,0.15,0.38,,,0,0,,,,,,5.0,5.0,100.0,2,,,0,0,0,0,,,,,,,,,,,,,,,,,,,,,,,,,,,,,,3,,,,,,,,,,,,,,24.0,,,,,,,,,,,,,,,,,,,,,,,,8.0,,,,,,,,,,,10.0,0,,,56.0,,,,,,,,,,,,,,,,,,,,,,,0,0,0,6.0,17.0,1.0,24.0,10.0,8.0,,,0,,,,,9.0,5.0,55.6,0.0,0.0,,,0,0,,,,,,8.0,5.0,62.5,0,,,0,0,0,0,,,,,,,,,,,,,,,,,,,,,,,,,,,,,,0,,,,,,,,,,,,,,9.0,,,,,,,,,,,,,,,,,,,,,,,,5.0,,,,,,,,,,,20.0,0,,,44.0,,,,,,,,,,,,,,,,,,,,,,,3,0,0,18.0,5.0,1.0,9.0,20.0,5.0,,,0,,,,
2021-08-26,19:30,Europa Lg,Play-off round,Thu,Away,W,3,2,Rapid Wien,ua Zorya Luhansk,,,40.0,2563.0,Maximilian Hofmann,4-4-2,István Kovács,8.0,6.0,75.0,0.38,0.5,,,0,0,,,,,,8.0,7.0,87.5,0,,,2,1,0,1,,,,,,,,,,,,,,,,,,,,,,,,,,,,,,2,,,,,,,,,,,,,,18.0,,,,,,,,,,,,,,,,,,,,,,,,13.0,,,,,,,,,,,20.0,0,,,40.0,,,,,,,,,,,,,,,,,,,,,,,3,0,0,23.0,13.0,3.0,18.0,20.0,13.0,,,0,,,,,25.0,9.0,36.0,0.04,0.11,,,1,2,,,,,,6.0,3.0,50.0,0,,,0,0,0,0,,,,,,,,,,,,,,,,,,,,,,,,,,,,,,1,,,,,,,,,,,,,,29.0,,,,,,,,,,,,,,,,,,,,,,,,10.0,,,,,,,,,,,14.0,0,,,61.0,,,,,,,,,,,,,,,,,,,,,,,5,0,0,14.0,21.0,2.0,29.0,14.0,10.0,,,0,,,,
2021-08-29,17:00,Bundesliga,Regular season,Sun,Away,D,1,1,Rapid Wien,Austria Wien,,,54.0,11035.0,Maximilian Hofmann,4-2-3-1,Harald Lechner,12.0,3.0,25.0,0.08,0.33,,,0,0,,,,,,5.0,4.0,80.0,0,,,0,0,0,0,,,,,,,,,,,,,,,,,,,,,,,,,,,,,,1,,,,,,,,,,,,,,34.0,,,,,,,,,,,,,,,,,,,,,,,,15.0,,,,,,,,,,,10.0,0,,,54.0,,,,,,,,,,,,,,,,,,,,,,,3,0,0,14.0,21.0,0.0,34.0,10.0,15.0,,,0,,,,,8.0,5.0,62.5,0.13,0.2,,,0,0,,,,,,3.0,2.0,66.7,0,,,0,0,0,0,,,,,,,,,,,,,,,,,,,,,,,,,,,,,,0,,,,,,,,,,,,,,17.0,,,,,,,,,,,,,,,,,,,,,,,,11.0,,,,,,,,,,,14.0,0,,,46.0,,,,,,,,,,,,,,,,,,,,,,,4,0,0,22.0,13.0,0.0,17.0,14.0,11.0,,,0,,,,
2021-09-11,17:00,Bundesliga,Regular season,Sat,Home,L,1,2,Rapid Wien,Admira,,,63.0,16600.0,Maximilian Hofmann,4-2-3-1,Stefan Ebner,22.0,5.0,22.7,0.05,0.2,,,0,0,,,,,,4.0,2.0,50.0,0,,,0,0,0,0,,,,,,,,,,,,,,,,,,,,,,,,,,,,,,0,,,,,,,,,,,,,,20.0,,,,,,,,,,,,,,,,,,,,,,,,6.0,,,,,,,,,,,4.0,0,,,63.0,,,,,,,,,,,,,,,,,,,,,,,3,0,0,15.0,24.0,1.0,20.0,4.0,6.0,,,0,,,,,8.0,4.0,50.0,0.25,0.5,,,0,0,,,,,,5.0,4.0,80.0,0,,,0,0,0,0,,,,,,,,,,,,,,,,,,,,,,,,,,,,,,0,,,,,,,,,,,,,,11.0,,,,,,,,,,,,,,,,,,,,,,,,9.0,,,,,,,,,,,14.0,0,,,37.0,,,,,,,,,,,,,,,,,,,,,,,5,0,0,25.0,13.0,0.0,11.0,14.0,9.0,,,0,,,,
2021-09-16,18:45,Europa Lg,Group stage,Thu,Home,L,0,1,Rapid Wien,be Genk,0.5,1.4,40.0,18400.0,Maximilian Hofmann,4-4-2,Kristo Tohver,11.0,4.0,36.4,0.0,0.0,19.2,0.0,0,0,0.5,0.5,0.05,-0.5,-0.5,2.0,1.0,50.0,0,1.0,0.0,0,0,0,0,9.0,18.0,50.0,23.0,5.0,47.8,38.2,12.0,58.3,46.1,16.0,0.0,0.0,0.0,9.0,263.0,376.0,69.9,5315.0,2748.0,114.0,140.0,81.4,98.0,123.0,79.7,46.0,90.0,51.1,0,0.4,0.6,8.0,29.0,9.0,3.0,32.0,376.0,324.0,51.0,10.0,1.0,5.0,15.0,23.0,4.0,3.0,1.0,0.0,263.0,1.0,13.0,20.0,18.0,0.0,1.0,0.0,0.0,1.0,0.0,0.0,0.0,0.0,0.0,0.0,0.0,26.0,17.0,19.0,6.0,1.0,14.0,40.0,35.0,26.0,22.0,3.0,19.0,9.0,35,17.0,0.0,40.0,511.0,70.0,207.0,173.0,140.0,18.0,511.0,8.0,4.0,50.0,4.0,50.0,229.0,1343.0,631.0,17.0,11.0,4.0,24.0,10.0,257.0,31.0,5,0,0,10.0,8.0,1.0,15.0,9.0,17.0,0.0,0.0,0,62.0,12.0,14.0,46.2,13.0,2.0,15.4,0.08,0.5,13.8,0.0,0,0,1.4,1.4,0.11,-0.4,-0.4,4.0,4.0,100.0,1,0.4,0.4,0,0,0,0,4.0,11.0,36.4,31.0,8.0,12.9,26.4,13.0,53.8,49.0,12.0,1.0,8.3,0.0,13.7,440.0,560.0,78.6,7476.0,3175.0,195.0,219.0,89.0,178.0,203.0,87.7,42.0,73.0,57.5,1,1.4,1.2,12.0,32.0,7.0,2.0,45.0,560.0,504.0,54.0,11.0,1.0,0.0,17.0,21.0,8.0,3.0,5.0,0.0,440.0,2.0,19.0,22.0,14.0,4.0,3.0,1.0,0.0,0.0,2.0,1.0,0.0,1.0,0.0,0.0,0.0,14.0,8.0,9.0,3.0,2.0,4.0,8.0,50.0,4.0,17.0,3.0,14.0,3.0,17,16.0,0.0,60.0,682.0,63.0,183.0,331.0,172.0,24.0,682.0,40.0,26.0,65.0,14.0,35.0,395.0,2463.0,1257.0,32.0,20.0,9.0,17.0,12.0,437.0,45.0,2,0,0,8.0,10.0,2.0,17.0,3.0,8.0,0.0,0.0,0,64.0,14.0,12.0,53.8
2021-09-19,17:00,Bundesliga,Regular season,Sun,Away,L,0,2,Rapid Wien,RB Salzburg,,,26.0,17218.0,Filip Stojković,4-2-3-1,Markus Hameter,8.0,3.0,37.5,0.0,0.0,,,0,0,,,,,,3.0,2.0,66.7,0,,,1,1,0,0,,,,,,,,,,,,,,,,,,,,,,,,,,,,,,0,,,,,,,,,,,,,,7.0,,,,,,,,,,,,,,,,,,,,,,,,8.0,,,,,,,,,,,18.0,0,,,26.0,,,,,,,,,,,,,,,,,,,,,,,3,0,0,12.0,9.0,1.0,7.0,18.0,8.0,,,0,,,,,18.0,4.0,22.2,0.06,0.25,,,1,1,,,,,,3.0,3.0,100.0,1,,,0,0,0,0,,,,,,,,,,,,,,,,,,,,,,,,,,,,,,1,,,,,,,,,,,,,,34.0,,,,,,,,,,,,,,,,,,,,,,,,7.0,,,,,,,,,,,11.0,0,,,74.0,,,,,,,,,,,,,,,,,,,,,,,1,0,0,9.0,12.0,1.0,34.0,11.0,7.0,,,0,,,,
2021-09-26,17:00,Bundesliga,Regular season,Sun,Home,L,0,3,Rapid Wien,Sturm Graz,,,56.0,16900.0,Filip Stojković,4-2-3-1,Sebastian Gishamer,13.0,5.0,38.5,0.0,0.0,,,0,0,,,,,,5.0,2.0,40.0,0,,,0,0,0,0,,,,,,,,,,,,,,,,,,,,,,,,,,,,,,0,,,,,,,,,,,,,,16.0,,,,,,,,,,,,,,,,,,,,,,,,21.0,,,,,,,,,,,13.0,0,,,56.0,,,,,,,,,,,,,,,,,,,,,,,2,0,0,13.0,15.0,1.0,16.0,13.0,21.0,,,0,,,,,13.0,5.0,38.5,0.23,0.6,,,0,0,,,,,,5.0,5.0,100.0,1,,,0,0,0,0,,,,,,,,,,,,,,,,,,,,,,,,,,,,,,3,,,,,,,,,,,,,,18.0,,,,,,,,,,,,,,,,,,,,,,,,12.0,,,,,,,,,,,13.0,0,,,44.0,,,,,,,,,,,,,,,,,,,,,,,4,0,0,16.0,12.0,1.0,18.0,13.0,12.0,,,0,,,,
2021-09-30,20:00,Europa Lg,Group stage,Thu,Away,L,0,2,Rapid Wien,eng West Ham,0.5,2.6,52.0,50004.0,Srđan Grahovac,4-2-3-1,Tobias Stieler,10.0,1.0,10.0,0.0,0.0,24.6,0.0,0,0,0.5,0.5,0.05,-0.5,-0.5,4.0,2.0,50.0,0,1.3,-0.7,0,0,0,0,2.0,11.0,18.2,23.0,4.0,34.8,31.5,7.0,42.9,36.0,11.0,1.0,9.1,2.0,20.0,450.0,556.0,80.9,6944.0,2229.0,245.0,277.0,88.4,130.0,153.0,85.0,46.0,78.0,59.0,0,0.4,0.2,7.0,16.0,3.0,1.0,24.0,556.0,509.0,47.0,10.0,0.0,6.0,8.0,26.0,1.0,1.0,0.0,0.0,450.0,0.0,6.0,15.0,11.0,0.0,2.0,1.0,0.0,1.0,0.0,0.0,0.0,0.0,0.0,0.0,0.0,27.0,15.0,15.0,11.0,1.0,14.0,27.0,51.9,13.0,9.0,1.0,8.0,9.0,36,18.0,0.0,52.0,666.0,51.0,237.0,341.0,95.0,5.0,666.0,18.0,12.0,66.7,6.0,33.3,435.0,2021.0,941.0,16.0,14.0,1.0,14.0,14.0,447.0,24.0,2,0,0,12.0,8.0,0.0,8.0,9.0,15.0,0.0,0.0,0,58.0,7.0,20.0,25.9,14.0,4.0,28.6,0.14,0.5,15.6,0.0,0,0,2.6,2.6,0.19,-0.6,-0.6,1.0,1.0,100.0,1,0.0,0.0,0,0,0,0,5.0,15.0,33.3,23.0,1.0,47.8,41.5,5.0,80.0,51.8,8.0,0.0,0.0,1.0,27.0,414.0,518.0,79.9,7586.0,2793.0,183.0,201.0,91.0,184.0,209.0,88.0,44.0,85.0,51.8,2,1.8,1.9,12.0,34.0,8.0,1.0,37.0,518.0,460.0,56.0,12.0,2.0,3.0,21.0,30.0,8.0,4.0,0.0,0.0,414.0,2.0,14.0,25.0,17.0,5.0,1.0,1.0,1.0,0.0,4.0,4.0,0.0,0.0,0.0,0.0,0.0,20.0,12.0,5.0,12.0,3.0,6.0,18.0,33.3,12.0,12.0,6.0,6.0,9.0,29,11.0,0.0,48.0,642.0,46.0,154.0,324.0,172.0,25.0,642.0,27.0,13.0,48.1,14.0,51.9,397.0,2219.0,802.0,18.0,11.0,4.0,17.0,13.0,408.0,37.0,1,0,0,8.0,11.0,2.0,21.0,9.0,12.0,0.0,0.0,0,57.0,20.0,7.0,74.1
2021-10-03,14:30,Bundesliga,Regular season,Sun,Home,W,5,2,Rapid Wien,WSG Tirol,,,56.0,10200.0,Maximilian Hofmann,4-2-3-1,Christopher Jäger,20.0,10.0,50.0,0.2,0.4,,,1,1,,,,,,6.0,4.0,66.7,0,,,0,0,0,0,,,,,,,,,,,,,,,,,,,,,,,,,,,,,,3,,,,,,,,,,,,,,21.0,,,,,,,,,,,,,,,,,,,,,,,,8.0,,,,,,,,,,,13.0,0,,,56.0,,,,,,,,,,,,,,,,,,,,,,,2,0,0,13.0,18.0,1.0,21.0,13.0,8.0,,,0,,,,,9.0,6.0,66.7,0.22,0.33,,,0,0,,,,,,9.0,5.0,55.6,0,,,1,1,0,0,,,,,,,,,,,,,,,,,,,,,,,,,,,,,,1,,,,,,,,,,,,,,6.0,,,,,,,,,,,,,,,,,,,,,,,,9.0,,,,,,,,,,,13.0,0,,,44.0,,,,,,,,,,,,,,,,,,,,,,,4,1,0,20.0,12.0,2.0,6.0,13.0,9.0,,,0,,,,
2021-10-16,17:00,Bundesliga,Regular season,Sat,Away,D,1,1,Rapid Wien,SK Austria Klagenfurt,,,70.0,7493.0,Maximilian Hofmann,4-2-3-1,Rene Eisner,20.0,7.0,35.0,0.05,0.14,,,0,0,,,,,,3.0,2.0,66.7,0,,,0,0,0,0,,,,,,,,,,,,,,,,,,,,,,,,,,,,,,0,,,,,,,,,,,,,,17.0,,,,,,,,,,,,,,,,,,,,,,,,4.0,,,,,,,,,,,2.0,0,,,70.0,,,,,,,,,,,,,,,,,,,,,,,2,0,0,15.0,9.0,2.0,17.0,2.0,4.0,,,0,,,,,7.0,3.0,42.9,0.14,0.33,,,0,0,,,,,,7.0,6.0,85.7,0,,,0,0,0,0,,,,,,,,,,,,,,,,,,,,,,,,,,,,,,1,,,,,,,,,,,,,,8.0,,,,,,,,,,,,,,,,,,,,,,,,8.0,,,,,,,,,,,14.0,0,,,30.0,,,,,,,,,,,,,,,,,,,,,,,1,1,0,9.0,14.0,2.0,8.0,14.0,8.0,,,0,,,,
2021-10-21,18:45,Europa Lg,Group stage,Thu,Home,W,2,1,Rapid Wien,hr Dinamo Zagreb,1.4,0.5,40.0,22300.0,Maximilian Hofmann,3-4-3,Kateryna Monzul,15.0,6.0,40.0,0.13,0.33,18.8,1.0,0,0,1.4,1.4,0.09,0.6,0.6,2.0,1.0,50.0,0,0.3,-0.7,0,0,0,0,3.0,11.0,27.3,21.0,7.0,38.1,36.1,3.0,100.0,65.0,12.0,3.0,25.0,1.0,9.8,241.0,336.0,71.7,4554.0,1967.0,98.0,120.0,81.7,104.0,125.0,83.2,35.0,72.0,48.6,2,1.1,1.0,9.0,25.0,7.0,1.0,33.0,336.0,290.0,45.0,16.0,1.0,3.0,14.0,19.0,5.0,2.0,2.0,0.0,241.0,1.0,4.0,21.0,13.0,3.0,2.0,1.0,2.0,0.0,4.0,1.0,1.0,1.0,0.0,1.0,0.0,15.0,6.0,8.0,6.0,1.0,9.0,24.0,37.5,15.0,14.0,3.0,11.0,11.0,26,13.0,0.0,40.0,451.0,40.0,126.0,223.0,109.0,22.0,451.0,14.0,4.0,28.6,10.0,71.4,266.0,1538.0,817.0,19.0,15.0,7.0,21.0,3.0,240.0,33.0,4,0,0,16.0,15.0,1.0,14.0,11.0,6.0,0.0,0.0,0,53.0,17.0,12.0,58.6,5.0,2.0,40.0,0.2,0.5,19.4,0.0,0,0,0.5,0.5,0.1,0.5,0.5,6.0,4.0,66.7,0,2.7,0.7,0,0,0,0,4.0,17.0,23.5,18.0,2.0,50.0,36.6,12.0,83.3,55.8,12.0,0.0,0.0,0.0,,400.0,513.0,78.0,6994.0,2416.0,189.0,212.0,89.2,166.0,191.0,86.9,37.0,84.0,44.0,1,0.5,0.5,5.0,21.0,7.0,1.0,32.0,513.0,452.0,59.0,17.0,1.0,2.0,14.0,22.0,5.0,0.0,3.0,0.0,400.0,2.0,10.0,9.0,6.0,0.0,2.0,0.0,1.0,0.0,2.0,1.0,0.0,0.0,0.0,1.0,0.0,13.0,6.0,4.0,7.0,2.0,10.0,14.0,71.4,4.0,8.0,4.0,4.0,12.0,25,12.0,0.0,60.0,616.0,54.0,194.0,293.0,140.0,15.0,616.0,24.0,15.0,62.5,9.0,37.5,382.0,2150.0,968.0,11.0,21.0,2.0,25.0,6.0,398.0,32.0,4,0,0,15.0,15.0,2.0,14.0,12.0,6.0,0.0,0.0,0,57.0,12.0,17.0,41.4
2021-10-24,14:30,Bundesliga,Regular season,Sun,Away,D,1,1,Rapid Wien,Hartberg,,,50.0,4469.0,Srđan Grahovac,4-2-3-1,Sebastian Gishamer,13.0,2.0,15.4,0.08,0.5,,,0,0,,,,,,2.0,1.0,50.0,0,,,0,0,0,0,,,,,,,,,,,,,,,,,,,,,,,,,,,,,,1,,,,,,,,,,,,,,17.0,,,,,,,,,,,,,,,,,,,,,,,,8.0,,,,,,,,,,,15.0,0,,,50.0,,,,,,,,,,,,,,,,,,,,,,,2,0,0,14.0,12.0,0.0,17.0,15.0,8.0,,,0,,,,,12.0,3.0,25.0,0.08,0.33,,,0,0,,,,,,2.0,1.0,50.0,0,,,0,0,0,0,,,,,,,,,,,,,,,,,,,,,,,,,,,,,,0,,,,,,,,,,,,,,17.0,,,,,,,,,,,,,,,,,,,,,,,,9.0,,,,,,,,,,,7.0,0,,,50.0,,,,,,,,,,,,,,,,,,,,,,,2,0,0,12.0,13.0,1.0,17.0,7.0,9.0,,,0,,,,
2021-10-31,17:00,Bundesliga,Regular season,Sun,Home,W,3,2,Rapid Wien,LASK,,,49.0,11900.0,Maximilian Hofmann,3-4-3,Alan Kijas,17.0,7.0,41.2,0.18,0.43,,,0,0,,,,,,9.0,7.0,77.8,0,,,0,0,0,0,,,,,,,,,,,,,,,,,,,,,,,,,,,,,,2,,,,,,,,,,,,,,23.0,,,,,,,,,,,,,,,,,,,,,,,,8.0,,,,,,,,,,,12.0,0,,,49.0,,,,,,,,,,,,,,,,,,,,,,,0,1,0,10.0,20.0,5.0,23.0,12.0,8.0,,,0,,,,,24.0,9.0,37.5,0.08,0.22,,,0,0,,,,,,7.0,4.0,57.1,0,,,0,0,0,0,,,,,,,,,,,,,,,,,,,,,,,,,,,,,,0,,,,,,,,,,,,,,26.0,,,,,,,,,,,,,,,,,,,,,,,,11.0,,,,,,,,,,,13.0,0,,,51.0,,,,,,,,,,,,,,,,,,,,,,,4,0,0,20.0,9.0,0.0,26.0,13.0,11.0,,,0,,,,
2021-11-04,21:00,Europa Lg,Group stage,Thu,Away,L,1,3,Rapid Wien,hr Dinamo Zagreb,0.9,2.9,43.0,7835.0,Maximilian Hofmann,5-4-1,John Beaton,7.0,3.0,42.9,0.14,0.33,18.8,0.0,0,0,0.9,0.9,0.12,0.1,0.1,3.0,0.0,0.0,0,1.7,-1.3,0,0,0,0,3.0,10.0,30.0,24.0,4.0,29.2,28.0,6.0,50.0,37.7,11.0,0.0,0.0,1.0,13.8,337.0,452.0,74.6,6554.0,2458.0,129.0,154.0,83.8,153.0,187.0,81.8,47.0,87.0,54.0,1,0.8,0.8,5.0,21.0,4.0,2.0,28.0,452.0,400.0,52.0,17.0,3.0,7.0,9.0,22.0,3.0,1.0,2.0,0.0,337.0,0.0,9.0,13.0,7.0,2.0,0.0,1.0,3.0,0.0,2.0,2.0,0.0,0.0,0.0,0.0,0.0,11.0,5.0,6.0,4.0,1.0,7.0,18.0,38.9,11.0,10.0,4.0,6.0,6.0,17,11.0,0.0,43.0,542.0,50.0,174.0,305.0,66.0,8.0,542.0,7.0,2.0,28.6,5.0,71.4,293.0,1297.0,686.0,5.0,3.0,1.0,25.0,6.0,335.0,28.0,0,0,0,23.0,15.0,0.0,9.0,6.0,5.0,0.0,0.0,0,59.0,16.0,18.0,47.1,13.0,3.0,23.1,0.23,1.0,13.2,1.0,0,0,2.9,2.9,0.24,0.1,0.1,3.0,2.0,66.7,0,1.3,0.3,0,0,0,0,5.0,23.0,21.7,32.0,3.0,59.4,45.4,4.0,100.0,61.0,9.0,0.0,0.0,1.0,14.0,484.0,603.0,80.3,8028.0,2499.0,262.0,289.0,90.7,162.0,198.0,81.8,49.0,89.0,55.1,3,2.7,1.8,9.0,27.0,6.0,1.0,29.0,603.0,551.0,50.0,22.0,0.0,5.0,16.0,21.0,1.0,1.0,0.0,0.0,484.0,2.0,7.0,23.0,11.0,4.0,2.0,3.0,2.0,1.0,6.0,4.0,1.0,0.0,0.0,1.0,0.0,11.0,8.0,5.0,5.0,1.0,5.0,7.0,71.4,2.0,10.0,1.0,9.0,10.0,21,7.0,0.0,57.0,699.0,43.0,143.0,414.0,152.0,23.0,699.0,18.0,11.0,61.1,7.0,38.9,450.0,2255.0,1039.0,17.0,20.0,2.0,15.0,4.0,480.0,29.0,1,0,0,15.0,23.0,2.0,16.0,10.0,8.0,0.0,0.0,0,63.0,18.0,16.0,52.9
2021-11-07,17:00,Bundesliga,Regular season,Sun,Away,L,1,4,Rapid Wien,Wolfsberger AC,,,48.0,3551.0,Maximilian Hofmann,4-2-3-1,Alexander Harkam,16.0,3.0,18.8,0.06,0.33,,,0,0,,,,,,6.0,2.0,33.3,0,,,0,0,0,0,,,,,,,,,,,,,,,,,,,,,,,,,,,,,,1,,,,,,,,,,,,,,21.0,,,,,,,,,,,,,,,,,,,,,,,,14.0,,,,,,,,,,,24.0,0,,,48.0,,,,,,,,,,,,,,,,,,,,,,,2,0,0,15.0,9.0,4.0,21.0,24.0,14.0,,,0,,,,,14.0,6.0,42.9,0.29,0.67,,,0,0,,,,,,3.0,2.0,66.7,0,,,0,0,0,0,,,,,,,,,,,,,,,,,,,,,,,,,,,,,,4,,,,,,,,,,,,,,13.0,,,,,,,,,,,,,,,,,,,,,,,,11.0,,,,,,,,,,,11.0,0,,,52.0,,,,,,,,,,,,,,,,,,,,,,,0,0,0,12.0,14.0,2.0,13.0,11.0,11.0,,,0,,,,
2021-11-20,17:00,Bundesliga,Regular season,Sat,Home,W,1,0,Rapid Wien,SCR Altach,,,71.0,8900.0,Srđan Grahovac,4-2-3-1,Manuel Schüttengruber,19.0,8.0,42.1,0.05,0.13,,,0,1,,,,,,0.0,0.0,,1,,,0,0,0,0,,,,,,,,,,,,,,,,,,,,,,,,,,,,,,1,,,,,,,,,,,,,,16.0,,,,,,,,,,,,,,,,,,,,,,,,15.0,,,,,,,,,,,21.0,0,,,71.0,,,,,,,,,,,,,,,,,,,,,,,2,0,0,14.0,14.0,1.0,16.0,21.0,15.0,,,0,,,,,9.0,1.0,11.1,0.0,0.0,,,0,0,,,,,,6.0,6.0,83.3,0,,,1,0,1,0,,,,,,,,,,,,,,,,,,,,,,,,,,,,,,0,,,,,,,,,,,,,,11.0,,,,,,,,,,,,,,,,,,,,,,,,9.0,,,,,,,,,,,20.0,0,,,29.0,,,,,,,,,,,,,,,,,,,,,,,3,1,0,15.0,14.0,0.0,11.0,20.0,9.0,,,0,,,,
2021-11-25,18:45,Europa Lg,Group stage,Thu,Home,L,0,2,Rapid Wien,eng West Ham,0.8,3.7,39.0,,Maximilian Hofmann,4-2-3-1,Sergey Ivanov,13.0,3.0,23.1,0.0,0.0,24.4,0.0,0,0,0.8,0.8,0.06,-0.8,-0.8,6.0,4.0,83.3,0,3.1,1.1,1,1,0,0,4.0,9.0,44.4,32.0,3.0,25.0,29.6,7.0,14.3,21.9,14.0,0.0,0.0,2.0,24.0,374.0,462.0,81.0,5942.0,1917.0,195.0,219.0,89.0,132.0,154.0,85.7,32.0,54.0,59.3,0,0.6,0.3,11.0,24.0,6.0,1.0,34.0,462.0,424.0,36.0,13.0,0.0,5.0,9.0,13.0,1.0,0.0,1.0,0.0,374.0,2.0,5.0,22.0,19.0,0.0,1.0,0.0,0.0,2.0,0.0,0.0,0.0,0.0,0.0,0.0,0.0,20.0,8.0,9.0,8.0,3.0,7.0,29.0,24.1,22.0,13.0,2.0,11.0,17.0,37,28.0,0.0,39.0,574.0,86.0,250.0,235.0,94.0,8.0,574.0,11.0,8.0,72.7,3.0,27.3,384.0,2311.0,1231.0,14.0,17.0,3.0,9.0,7.0,372.0,34.0,0,0,0,8.0,6.0,2.0,9.0,17.0,8.0,0.0,1.0,0,50.0,4.0,7.0,36.4,11.0,5.0,45.5,0.09,0.2,11.8,0.0,1,1,3.7,2.9,0.27,-1.7,-1.9,3.0,3.0,100.0,1,0.2,0.2,0,0,0,0,3.0,12.0,25.0,30.0,3.0,26.7,31.8,8.0,50.0,42.9,6.0,0.0,0.0,1.0,21.0,616.0,722.0,85.3,10522.0,3576.0,271.0,297.0,91.2,276.0,303.0,91.1,49.0,78.0,62.8,1,2.3,2.0,10.0,46.0,10.0,3.0,53.0,722.0,671.0,45.0,9.0,1.0,3.0,17.0,23.0,4.0,2.0,0.0,0.0,616.0,6.0,12.0,22.0,17.0,0.0,3.0,1.0,1.0,0.0,4.0,3.0,0.0,0.0,0.0,1.0,0.0,10.0,6.0,3.0,6.0,1.0,3.0,11.0,27.3,8.0,7.0,2.0,5.0,10.0,20,10.0,0.0,61.0,815.0,55.0,233.0,390.0,198.0,31.0,814.0,29.0,22.0,75.9,7.0,24.1,560.0,3170.0,1303.0,32.0,15.0,7.0,15.0,13.0,616.0,53.0,0,0,0,7.0,7.0,6.0,17.0,10.0,6.0,1.0,0.0,0,57.0,7.0,4.0,63.6
2021-11-28,17:00,Bundesliga,Regular season,Sun,Away,D,2,2,Rapid Wien,Ried,,,63.0,,Srđan Grahovac,4-2-3-1,Christopher Jäger,24.0,9.0,37.5,0.08,0.22,,,0,0,,,,,,3.0,1.0,33.3,0,,,0,0,0,0,,,,,,,,,,,,,,,,,,,,,,,,,,,,,,1,,,,,,,,,,,,,,34.0,,,,,,,,,,,,,,,,,,,,,,,,6.0,,,,,,,,,,,21.0,0,,,63.0,,,,,,,,,,,,,,,,,,,,,,,2,0,0,12.0,13.0,2.0,34.0,21.0,6.0,,,1,,,,,7.0,2.0,28.6,0.14,0.5,,,0,0,,,,,,8.0,6.0,75.0,0,,,0,0,0,0,,,,,,,,,,,,,,,,,,,,,,,,,,,,,,0,,,,,,,,,,,,,,4.0,,,,,,,,,,,,,,,,,,,,,,,,8.0,,,,,,,,,,,11.0,0,,,37.0,,,,,,,,,,,,,,,,,,,,,,,1,0,0,13.0,11.0,1.0,4.0,11.0,8.0,,,0,,,,
2021-12-05,17:00,Bundesliga,Regular season,Sun,Home,D,1,1,Rapid Wien,Austria Wien,,,60.0,4112.0,Filip Stojković,4-2-3-1,Walter Altmann,21.0,7.0,33.3,0.0,0.0,,,1,1,,,,,,4.0,3.0,75.0,0,,,0,0,0,0,,,,,,,,,,,,,,,,,,,,,,,,,,,,,,0,,,,,,,,,,,,,,15.0,,,,,,,,,,,,,,,,,,,,,,,,1.0,,,,,,,,,,,9.0,0,,,60.0,,,,,,,,,,,,,,,,,,,,,,,2,0,0,12.0,13.0,3.0,15.0,9.0,1.0,,,0,,,,,11.0,4.0,36.4,0.09,0.25,,,0,0,,,,,,6.0,6.0,100.0,0,,,1,1,0,0,,,,,,,,,,,,,,,,,,,,,,,,,,,,,,0,,,,,,,,,,,,,,11.0,,,,,,,,,,,,,,,,,,,,,,,,10.0,,,,,,,,,,,15.0,0,,,41.0,,,,,,,,,,,,,,,,,,,,,,,5,0,0,14.0,11.0,2.0,11.0,15.0,10.0,,,0,,,,
2021-12-09,21:00,Europa Lg,Group stage,Thu,Away,W,1,0,Rapid Wien,be Genk,0.7,1.0,33.0,10018.0,Filip Stojković,4-2-3-1,Tiago Martins,8.0,4.0,50.0,0.13,0.25,22.4,0.0,0,0,0.7,0.7,0.08,0.3,0.3,3.0,3.0,100.0,1,0.6,0.6,0,0,0,0,6.0,25.0,24.0,39.0,4.0,46.2,38.1,9.0,77.8,48.0,18.0,1.0,5.6,5.0,19.8,197.0,312.0,63.1,3625.0,1830.0,90.0,119.0,75.6,82.0,115.0,71.3,23.0,67.0,34.3,1,0.6,0.4,6.0,18.0,5.0,0.0,19.0,312.0,271.0,38.0,12.0,1.0,1.0,6.0,15.0,1.0,1.0,0.0,0.0,197.0,3.0,3.0,15.0,12.0,1.0,0.0,1.0,0.0,1.0,2.0,2.0,0.0,0.0,0.0,0.0,0.0,25.0,14.0,8.0,13.0,4.0,20.0,40.0,50.0,20.0,19.0,4.0,15.0,15.0,40,33.0,0.0,33.0,451.0,84.0,200.0,180.0,77.0,10.0,451.0,12.0,4.0,33.3,8.0,66.7,208.0,1068.0,618.0,13.0,7.0,2.0,24.0,3.0,192.0,19.0,6,0,0,10.0,13.0,3.0,6.0,15.0,14.0,0.0,0.0,0,58.0,9.0,12.0,42.9,13.0,3.0,23.1,0.0,0.0,16.1,0.0,0,0,1.0,1.0,0.08,-1.0,-1.0,4.0,3.0,75.0,0,0.5,-0.5,0,0,0,0,5.0,13.0,38.5,41.0,6.0,19.5,27.8,7.0,71.4,54.1,4.0,0.0,0.0,11.0,26.4,486.0,622.0,78.1,9064.0,3151.0,172.0,203.0,84.7,250.0,286.0,87.4,51.0,95.0,53.7,0,0.9,1.2,11.0,45.0,13.0,2.0,58.0,622.0,552.0,70.0,13.0,0.0,2.0,25.0,34.0,14.0,11.0,0.0,0.0,486.0,0.0,18.0,23.0,17.0,2.0,1.0,2.0,0.0,1.0,0.0,0.0,0.0,0.0,0.0,0.0,0.0,11.0,9.0,5.0,5.0,1.0,8.0,12.0,66.7,4.0,5.0,1.0,4.0,11.0,22,14.0,0.0,67.0,741.0,48.0,184.0,383.0,181.0,31.0,741.0,40.0,20.0,50.0,20.0,50.0,492.0,2582.0,1359.0,18.0,16.0,6.0,24.0,5.0,480.0,58.0,2,0,0,13.0,9.0,0.0,25.0,11.0,9.0,0.0,0.0,0,59.0,12.0,9.0,57.1
2021-12-12,14:30,Bundesliga,Regular season,Sun,Away,W,2,1,Rapid Wien,Admira,,,52.0,,Srđan Grahovac,4-2-3-1,Sebastian Gishamer,12.0,3.0,25.0,0.17,0.67,,,0,0,,,,,,2.0,1.0,50.0,0,,,0,0,0,0,,,,,,,,,,,,,,,,,,,,,,,,,,,,,,2,,,,,,,,,,,,,,13.0,,,,,,,,,,,,,,,,,,,,,,,,16.0,,,,,,,,,,,9.0,0,,,52.0,,,,,,,,,,,,,,,,,,,,,,,6,0,0,21.0,16.0,3.0,13.0,9.0,16.0,,,0,,,,,19.0,2.0,10.5,0.05,0.5,,,0,0,,,,,,3.0,1.0,33.3,0,,,0,0,0,0,,,,,,,,,,,,,,,,,,,,,,,,,,,,,,1,,,,,,,,,,,,,,23.0,,,,,,,,,,,,,,,,,,,,,,,,11.0,,,,,,,,,,,10.0,0,,,48.0,,,,,,,,,,,,,,,,,,,,,,,1,0,0,16.0,21.0,2.0,23.0,10.0,11.0,,,0,,,,
2022-02-11,19:30,Bundesliga,Regular season,Fri,Home,L,1,2,Rapid Wien,RB Salzburg,,,30.0,2000.0,Srđan Grahovac,4-4-2◆,Manuel Schüttengruber,8.0,1.0,12.5,0.13,1.0,,,0,0,,,,,,4.0,2.0,50.0,0,,,0,0,0,0,,,,,,,,,,,,,,,,,,,,,,,,,,,,,,1,,,,,,,,,,,,,,9.0,,,,,,,,,,,,,,,,,,,,,,,,12.0,,,,,,,,,,,27.0,0,,,30.0,,,,,,,,,,,,,,,,,,,,,,,1,0,0,18.0,17.0,0.0,9.0,27.0,12.0,,,0,,,,,10.0,4.0,40.0,0.2,0.5,,,0,0,,,,,,1.0,0.0,0.0,0,,,0,0,0,0,,,,,,,,,,,,,,,,,,,,,,,,,,,,,,2,,,,,,,,,,,,,,27.0,,,,,,,,,,,,,,,,,,,,,,,,2.0,,,,,,,,,,,17.0,0,,,70.0,,,,,,,,,,,,,,,,,,,,,,,3,0,0,17.0,18.0,2.0,27.0,17.0,2.0,,,0,,,,
2022-02-17,18:45,Conf Lg,Knockout round play-offs,Thu,Home,W,2,1,Rapid Wien,nl Vitesse,1.2,1.8,32.0,10700.0,Srđan Grahovac,4-3-3,Donatas Rumšas,11.0,2.0,18.2,0.18,1.0,19.8,0.0,0,0,1.2,1.2,0.11,0.8,0.8,5.0,4.0,80.0,0,1.1,0.1,0,0,0,0,12.0,26.0,46.2,24.0,3.0,54.2,41.6,13.0,100.0,61.8,24.0,0.0,0.0,0.0,11.0,183.0,304.0,60.2,3128.0,1868.0,94.0,131.0,71.8,51.0,72.0,70.8,25.0,73.0,34.2,1,0.9,0.9,8.0,12.0,4.0,1.0,16.0,304.0,251.0,50.0,17.0,3.0,5.0,4.0,18.0,0.0,0.0,0.0,0.0,183.0,3.0,2.0,19.0,14.0,1.0,1.0,1.0,0.0,2.0,4.0,3.0,0.0,1.0,0.0,0.0,0.0,20.0,17.0,12.0,6.0,2.0,14.0,24.0,58.3,10.0,11.0,2.0,9.0,9.0,29,21.0,0.0,32.0,430.0,64.0,172.0,189.0,78.0,12.0,430.0,15.0,9.0,60.0,6.0,40.0,208.0,1079.0,541.0,18.0,11.0,6.0,27.0,6.0,182.0,16.0,7,1,1,17.0,15.0,3.0,4.0,9.0,17.0,0.0,0.0,0,59.0,14.0,13.0,51.9,17.0,5.0,29.4,0.06,0.2,16.9,0.0,0,0,1.8,1.8,0.11,-0.8,-0.8,2.0,0.0,0.0,0,1.2,-0.8,0,0,0,0,8.0,17.0,47.1,27.0,4.0,44.4,33.6,13.0,38.5,40.1,3.0,1.0,33.3,6.0,24.2,522.0,660.0,79.1,8930.0,2971.0,253.0,282.0,89.7,207.0,252.0,82.1,47.0,86.0,54.7,0,1.6,1.9,14.0,35.0,11.0,5.0,55.0,660.0,593.0,66.0,20.0,1.0,5.0,29.0,27.0,3.0,2.0,0.0,0.0,522.0,1.0,10.0,29.0,25.0,1.0,1.0,2.0,0.0,0.0,1.0,0.0,0.0,1.0,0.0,0.0,0.0,12.0,10.0,5.0,5.0,2.0,6.0,15.0,40.0,9.0,3.0,1.0,2.0,10.0,22,5.0,1.0,68.0,764.0,48.0,176.0,387.0,205.0,24.0,764.0,24.0,10.0,41.7,14.0,58.3,535.0,2398.0,1219.0,19.0,18.0,2.0,19.0,6.0,518.0,55.0,4,0,0,16.0,17.0,1.0,29.0,10.0,10.0,0.0,0.0,0,58.0,13.0,14.0,48.1
2022-02-20,17:00,Bundesliga,Regular season,Sun,Away,D,2,2,Rapid Wien,Sturm Graz,,,60.0,13205.0,Filip Stojković,4-2-3-1,Walter Altmann,15.0,4.0,26.7,0.13,0.5,,,0,0,,,,,,3.0,2.0,66.7,0,,,1,1,0,0,,,,,,,,,,,,,,,,,,,,,,,,,,,,,,2,,,,,,,,,,,,,,20.0,,,,,,,,,,,,,,,,,,,,,,,,7.0,,,,,,,,,,,14.0,0,,,60.0,,,,,,,,,,,,,,,,,,,,,,,3,0,0,15.0,13.0,0.0,20.0,14.0,7.0,,,0,,,,,10.0,4.0,40.0,0.1,0.25,,,1,1,,,,,,3.0,1.0,33.3,0,,,0,0,0,0,,,,,,,,,,,,,,,,,,,,,,,,,,,,,,1,,,,,,,,,,,,,,14.0,,,,,,,,,,,,,,,,,,,,,,,,10.0,,,,,,,,,,,20.0,0,,,40.0,,,,,,,,,,,,,,,,,,,,,,,0,0,0,16.0,15.0,1.0,14.0,20.0,10.0,,,0,,,,
2022-02-24,21:00,Conf Lg,Knockout round play-offs,Thu,Away,L,0,2,Rapid Wien,nl Vitesse,0.3,2.0,58.0,13517.0,Srđan Grahovac,3-4-3,Jakob Kehlet,4.0,2.0,50.0,0.0,0.0,20.4,0.0,0,0,0.3,0.3,0.08,-0.3,-0.3,4.0,2.0,50.0,0,1.6,-0.4,0,0,0,0,5.0,15.0,33.3,30.0,8.0,40.0,33.2,4.0,75.0,53.3,13.0,2.0,15.4,2.0,13.5,381.0,552.0,69.0,7224.0,2883.0,163.0,217.0,75.1,170.0,214.0,79.4,43.0,93.0,46.2,0,0.2,0.3,3.0,32.0,3.0,1.0,29.0,552.0,479.0,70.0,27.0,1.0,5.0,17.0,35.0,1.0,1.0,0.0,0.0,381.0,3.0,16.0,7.0,4.0,2.0,0.0,0.0,1.0,0.0,0.0,0.0,0.0,0.0,0.0,0.0,0.0,14.0,10.0,4.0,7.0,3.0,5.0,16.0,31.3,11.0,10.0,2.0,8.0,7.0,21,11.0,0.0,58.0,649.0,51.0,190.0,337.0,130.0,4.0,649.0,16.0,11.0,68.8,5.0,31.3,302.0,1723.0,786.0,16.0,10.0,0.0,26.0,13.0,379.0,29.0,3,0,0,9.0,18.0,3.0,17.0,7.0,10.0,0.0,0.0,0,68.0,15.0,13.0,53.6,9.0,4.0,44.4,0.22,0.5,14.3,1.0,0,0,2.0,2.0,0.23,0.0,0.0,2.0,2.0,100.0,1,0.5,0.5,0,0,0,0,4.0,26.0,15.4,24.0,1.0,70.8,47.2,9.0,100.0,72.0,12.0,0.0,0.0,2.0,16.8,255.0,405.0,63.0,4160.0,1790.0,147.0,174.0,84.5,69.0,110.0,62.7,27.0,84.0,32.1,2,1.6,1.1,7.0,16.0,5.0,1.0,19.0,405.0,350.0,48.0,11.0,3.0,2.0,14.0,22.0,5.0,2.0,1.0,0.0,255.0,7.0,8.0,15.0,11.0,2.0,1.0,1.0,0.0,0.0,4.0,4.0,0.0,0.0,0.0,0.0,0.0,18.0,11.0,2.0,11.0,5.0,5.0,16.0,31.3,11.0,14.0,0.0,14.0,13.0,31,21.0,0.0,42.0,527.0,56.0,188.0,250.0,99.0,12.0,527.0,16.0,11.0,68.8,5.0,31.3,233.0,1269.0,550.0,11.0,7.0,2.0,22.0,9.0,252.0,17.0,2,0,0,20.0,7.0,7.0,14.0,13.0,11.0,0.0,0.0,0,71.0,13.0,15.0,46.4
2022-02-27,17:00,Bundesliga,Regular season,Sun,Away,W,2,0,Rapid Wien,WSG Tirol,,,45.0,2200.0,Thorsten Schick,4-4-2,Stefan Ebner,11.0,6.0,54.5,0.18,0.33,,,0,0,,,,,,2.0,1.0,100.0,1,,,0,0,0,0,,,,,,,,,,,,,,,,,,,,,,,,,,,,,,1,,,,,,,,,,,,,,12.0,,,,,,,,,,,,,,,,,,,,,,,,8.0,,,,,,,,,,,9.0,0,,,45.0,,,,,,,,,,,,,,,,,,,,,,,1,0,0,15.0,16.0,2.0,12.0,9.0,8.0,,,0,,,,,8.0,1.0,12.5,0.0,0.0,,,0,0,,,,,,6.0,4.0,66.7,0,,,0,0,0,0,,,,,,,,,,,,,,,,,,,,,,,,,,,,,,0,,,,,,,,,,,,,,17.0,,,,,,,,,,,,,,,,,,,,,,,,9.0,,,,,,,,,,,7.0,0,,,55.0,,,,,,,,,,,,,,,,,,,,,,,2,0,0,17.0,14.0,3.0,17.0,7.0,9.0,,,0,,,,
2022-03-06,17:00,Bundesliga,Regular season,Sun,Home,W,3,0,Rapid Wien,SK Austria Klagenfurt,,,56.0,20400.0,Filip Stojković,4-2-3-1,Rene Eisner,22.0,7.0,31.8,0.14,0.43,,,0,0,,,,,,5.0,5.0,100.0,1,,,0,0,0,0,,,,,,,,,,,,,,,,,,,,,,,,,,,,,,3,,,,,,,,,,,,,,15.0,,,,,,,,,,,,,,,,,,,,,,,,6.0,,,,,,,,,,,10.0,0,,,56.0,,,,,,,,,,,,,,,,,,,,,,,2,0,0,13.0,9.0,5.0,15.0,10.0,6.0,,,0,,,,,11.0,5.0,45.5,0.0,0.0,,,0,0,,,,,,7.0,4.0,57.1,0,,,0,0,0,0,,,,,,,,,,,,,,,,,,,,,,,,,,,,,,0,,,,,,,,,,,,,,17.0,,,,,,,,,,,,,,,,,,,,,,,,17.0,,,,,,,,,,,15.0,0,,,44.0,,,,,,,,,,,,,,,,,,,,,,,1,0,0,9.0,13.0,0.0,17.0,15.0,17.0,,,0,,,,
2022-03-13,14:30,Bundesliga,Championship round,Sun,Away,W,3,1,Rapid Wien,SK Austria Klagenfurt,,,66.0,5709.0,Filip Stojković,4-2-3-1,Markus Hameter,16.0,6.0,37.5,0.19,0.5,,,0,0,,,,,,2.0,2.0,100.0,0,,,1,1,0,0,,,,,,,,,,,,,,,,,,,,,,,,,,,,,,3,,,,,,,,,,,,,,21.0,,,,,,,,,,,,,,,,,,,,,,,,10.0,,,,,,,,,,,6.0,0,,,66.0,,,,,,,,,,,,,,,,,,,,,,,2,0,0,15.0,14.0,1.0,21.0,6.0,10.0,,,0,,,,,13.0,3.0,23.1,0.0,0.0,,,1,1,,,,,,6.0,3.0,50.0,0,,,0,0,0,0,,,,,,,,,,,,,,,,,,,,,,,,,,,,,,0,,,,,,,,,,,,,,9.0,,,,,,,,,,,,,,,,,,,,,,,,11.0,,,,,,,,,,,14.0,0,,,34.0,,,,,,,,,,,,,,,,,,,,,,,3,1,1,14.0,13.0,1.0,9.0,14.0,11.0,,,0,,,,
2022-03-20,17:00,Bundesliga,Championship round,Sun,Home,D,1,1,Rapid Wien,Austria Wien,,,50.0,26000.0,Filip Stojković,4-2-3-1,Manuel Schüttengruber,10.0,3.0,30.0,0.1,0.33,,,0,0,,,,,,6.0,5.0,83.3,0,,,0,0,0,0,,,,,,,,,,,,,,,,,,,,,,,,,,,,,,0,,,,,,,,,,,,,,12.0,,,,,,,,,,,,,,,,,,,,,,,,10.0,,,,,,,,,,,13.0,0,,,50.0,,,,,,,,,,,,,,,,,,,,,,,3,0,0,17.0,16.0,1.0,12.0,13.0,10.0,,,0,,,,,14.0,6.0,42.9,0.07,0.17,,,0,0,,,,,,3.0,2.0,66.7,0,,,0,0,0,0,,,,,,,,,,,,,,,,,,,,,,,,,,,,,,0,,,,,,,,,,,,,,20.0,,,,,,,,,,,,,,,,,,,,,,,,14.0,,,,,,,,,,,17.0,0,,,50.0,,,,,,,,,,,,,,,,,,,,,,,5,0,0,16.0,16.0,3.0,20.0,17.0,14.0,,,0,,,,
2022-04-03,17:00,Bundesliga,Championship round,Sun,Away,L,1,2,Rapid Wien,RB Salzburg,,,39.0,1390.0,Srđan Grahovac,4-3-3,Alexander Harkam,6.0,2.0,33.3,0.17,0.5,,,0,0,,,,,,7.0,5.0,71.4,0,,,0,0,0,0,,,,,,,,,,,,,,,,,,,,,,,,,,,,,,0,,,,,,,,,,,,,,5.0,,,,,,,,,,,,,,,,,,,,,,,,16.0,,,,,,,,,,,7.0,0,,,39.0,,,,,,,,,,,,,,,,,,,,,,,2,0,0,14.0,16.0,2.0,5.0,7.0,16.0,,,0,,,,,17.0,7.0,41.2,0.12,0.29,,,0,0,,,,,,2.0,1.0,50.0,0,,,0,0,0,0,,,,,,,,,,,,,,,,,,,,,,,,,,,,,,2,,,,,,,,,,,,,,24.0,,,,,,,,,,,,,,,,,,,,,,,,14.0,,,,,,,,,,,12.0,0,,,61.0,,,,,,,,,,,,,,,,,,,,,,,5,0,0,16.0,14.0,2.0,24.0,12.0,14.0,,,0,,,,
2022-04-10,14:30,Bundesliga,Championship round,Sun,Home,W,2,1,Rapid Wien,Wolfsberger AC,,,47.0,16200.0,Christopher Dibon,4-2-3-1,Walter Altmann,18.0,6.0,33.3,0.11,0.33,,,0,0,,,,,,6.0,5.0,83.3,0,,,0,0,0,0,,,,,,,,,,,,,,,,,,,,,,,,,,,,,,2,,,,,,,,,,,,,,15.0,,,,,,,,,,,,,,,,,,,,,,,,13.0,,,,,,,,,,,12.0,0,,,47.0,,,,,,,,,,,,,,,,,,,,,,,0,0,0,15.0,4.0,0.0,15.0,12.0,13.0,,,0,,,,,20.0,6.0,30.0,0.05,0.17,,,0,0,,,,,,6.0,4.0,66.7,0,,,0,0,0,0,,,,,,,,,,,,,,,,,,,,,,,,,,,,,,1,,,,,,,,,,,,,,26.0,,,,,,,,,,,,,,,,,,,,,,,,10.0,,,,,,,,,,,24.0,0,,,53.0,,,,,,,,,,,,,,,,,,,,,,,1,0,0,4.0,15.0,1.0,26.0,24.0,10.0,,,0,,,,
2022-04-17,14:30,Bundesliga,Championship round,Sun,Away,L,1,2,Rapid Wien,Sturm Graz,,,65.0,15066.0,Srđan Grahovac,4-2-3-1,Alan Kijas,10.0,3.0,30.0,0.1,0.33,,,0,0,,,,,,5.0,3.0,60.0,0,,,0,0,0,0,,,,,,,,,,,,,,,,,,,,,,,,,,,,,,1,,,,,,,,,,,,,,26.0,,,,,,,,,,,,,,,,,,,,,,,,13.0,,,,,,,,,,,11.0,0,,,65.0,,,,,,,,,,,,,,,,,,,,,,,2,0,0,6.0,22.0,1.0,26.0,11.0,13.0,,,0,,,,,10.0,5.0,50.0,0.2,0.4,,,0,0,,,,,,3.0,2.0,66.7,0,,,0,0,0,0,,,,,,,,,,,,,,,,,,,,,,,,,,,,,,2,,,,,,,,,,,,,,14.0,,,,,,,,,,,,,,,,,,,,,,,,10.0,,,,,,,,,,,11.0,0,,,35.0,,,,,,,,,,,,,,,,,,,,,,,3,0,0,23.0,6.0,2.0,14.0,11.0,10.0,,,0,,,,
2022-04-24,17:00,Bundesliga,Championship round,Sun,Home,D,1,1,Rapid Wien,Sturm Graz,,,60.0,20200.0,Christopher Dibon,4-2-3-1,Sebastian Gishamer,6.0,1.0,16.7,0.17,1.0,,,0,0,,,,,,2.0,2.0,100.0,0,,,1,1,0,0,,,,,,,,,,,,,,,,,,,,,,,,,,,,,,1,,,,,,,,,,,,,,19.0,,,,,,,,,,,,,,,,,,,,,,,,9.0,,,,,,,,,,,10.0,0,,,60.0,,,,,,,,,,,,,,,,,,,,,,,4,0,0,20.0,16.0,1.0,19.0,10.0,9.0,,,0,,,,,7.0,2.0,28.6,0.0,0.0,,,1,1,,,,,,1.0,0.0,0.0,0,,,0,0,0,0,,,,,,,,,,,,,,,,,,,,,,,,,,,,,,0,,,,,,,,,,,,,,10.0,,,,,,,,,,,,,,,,,,,,,,,,8.0,,,,,,,,,,,15.0,0,,,40.0,,,,,,,,,,,,,,,,,,,,,,,5,1,1,16.0,19.0,2.0,10.0,15.0,8.0,,,0,,,,
2022-04-27,18:30,Bundesliga,Championship round,Wed,Home,D,2,2,Rapid Wien,SK Austria Klagenfurt,,,68.0,12000.0,Filip Stojković,4-2-3-1,Christian-Petru Ciochirca,17.0,7.0,41.2,0.12,0.29,,,0,0,,,,,,5.0,4.0,80.0,0,,,1,1,0,0,,,,,,,,,,,,,,,,,,,,,,,,,,,,,,2,,,,,,,,,,,,,,17.0,,,,,,,,,,,,,,,,,,,,,,,,10.0,,,,,,,,,,,7.0,0,,,68.0,,,,,,,,,,,,,,,,,,,,,,,2,1,0,16.0,11.0,0.0,17.0,7.0,10.0,,,0,,,,,11.0,6.0,54.5,0.09,0.17,,,1,1,,,,,,6.0,4.0,66.7,0,,,0,0,0,0,,,,,,,,,,,,,,,,,,,,,,,,,,,,,,1,,,,,,,,,,,,,,12.0,,,,,,,,,,,,,,,,,,,,,,,,13.0,,,,,,,,,,,14.0,0,,,32.0,,,,,,,,,,,,,,,,,,,,,,,3,0,0,11.0,15.0,4.0,12.0,14.0,13.0,,,0,,,,
2022-05-08,17:00,Bundesliga,Championship round,Sun,Away,D,1,1,Rapid Wien,Austria Wien,,,42.0,13700.0,Maximilian Hofmann,4-2-3-1,Christopher Jäger,10.0,3.0,30.0,0.1,0.33,,,0,0,,,,,,5.0,4.0,80.0,0,,,0,0,0,0,,,,,,,,,,,,,,,,,,,,,,,,,,,,,,1,,,,,,,,,,,,,,14.0,,,,,,,,,,,,,,,,,,,,,,,,14.0,,,,,,,,,,,12.0,0,,,42.0,,,,,,,,,,,,,,,,,,,,,,,6,1,1,18.0,12.0,0.0,14.0,12.0,14.0,,,0,,,,,18.0,5.0,27.8,0.06,0.2,,,0,0,,,,,,3.0,2.0,66.7,0,,,0,0,0,0,,,,,,,,,,,,,,,,,,,,,,,,,,,,,,1,,,,,,,,,,,,,,34.0,,,,,,,,,,,,,,,,,,,,,,,,6.0,,,,,,,,,,,16.0,0,,,58.0,,,,,,,,,,,,,,,,,,,,,,,1,0,0,13.0,16.0,4.0,34.0,16.0,6.0,,,0,,,,
2022-05-15,17:00,Bundesliga,Championship round,Sun,Home,L,0,1,Rapid Wien,RB Salzburg,,,39.0,23400.0,Paul Gartler,3-4-3,Stefan Ebner,15.0,4.0,26.7,0.0,0.0,,,0,0,,,,,,4.0,3.0,75.0,0,,,0,0,0,0,,,,,,,,,,,,,,,,,,,,,,,,,,,,,,0,,,,,,,,,,,,,,22.0,,,,,,,,,,,,,,,,,,,,,,,,6.0,,,,,,,,,,,13.0,0,,,39.0,,,,,,,,,,,,,,,,,,,,,,,2,0,0,17.0,10.0,1.0,22.0,13.0,6.0,,,0,,,,,14.0,4.0,28.6,0.07,0.25,,,0,0,,,,,,4.0,4.0,100.0,1,,,0,0,0,0,,,,,,,,,,,,,,,,,,,,,,,,,,,,,,1,,,,,,,,,,,,,,22.0,,,,,,,,,,,,,,,,,,,,,,,,7.0,,,,,,,,,,,7.0,0,,,61.0,,,,,,,,,,,,,,,,,,,,,,,2,0,0,11.0,16.0,6.0,22.0,7.0,7.0,,,0,,,,
2022-05-21,17:00,Bundesliga,Championship round,Sat,Away,L,1,2,Rapid Wien,Wolfsberger AC,,,53.0,6100.0,Maximilian Hofmann,4-2-3-1,Manuel Schüttengruber,20.0,7.0,35.0,0.05,0.14,,,0,0,,,,,,5.0,3.0,60.0,0,,,0,0,0,0,,,,,,,,,,,,,,,,,,,,,,,,,,,,,,1,,,,,,,,,,,,,,32.0,,,,,,,,,,,,,,,,,,,,,,,,8.0,,,,,,,,,,,12.0,0,,,53.0,,,,,,,,,,,,,,,,,,,,,,,2,0,0,17.0,11.0,2.0,32.0,12.0,8.0,,,0,,,,,8.0,5.0,62.5,0.25,0.4,,,0,0,,,,,,7.0,6.0,85.7,0,,,0,0,0,0,,,,,,,,,,,,,,,,,,,,,,,,,,,,,,2,,,,,,,,,,,,,,27.0,,,,,,,,,,,,,,,,,,,,,,,,14.0,,,,,,,,,,,7.0,0,,,47.0,,,,,,,,,,,,,,,,,,,,,,,3,0,0,12.0,17.0,2.0,27.0,7.0,14.0,,,0,,,,
2022-05-26,17:00,Bundesliga,Finals,Thu,Away,W,2,1,Rapid Wien,WSG Tirol,,,55.0,5870.0,Maximilian Hofmann,4-2-3-1,Sebastian Gishamer,16.0,6.0,37.5,0.13,0.33,,,0,0,,,,,,2.0,1.0,50.0,0,,,0,0,0,0,,,,,,,,,,,,,,,,,,,,,,,,,,,,,,1,,,,,,,,,,,,,,17.0,,,,,,,,,,,,,,,,,,,,,,,,13.0,,,,,,,,,,,13.0,0,,,55.0,,,,,,,,,,,,,,,,,,,,,,,3,0,0,10.0,14.0,3.0,17.0,13.0,13.0,,,0,,,,,8.0,2.0,25.0,0.13,0.5,,,0,0,,,,,,6.0,4.0,66.7,0,,,0,0,0,0,,,,,,,,,,,,,,,,,,,,,,,,,,,,,,1,,,,,,,,,,,,,,17.0,,,,,,,,,,,,,,,,,,,,,,,,16.0,,,,,,,,,,,12.0,0,,,45.0,,,,,,,,,,,,,,,,,,,,,,,3,1,1,14.0,10.0,3.0,17.0,12.0,16.0,,,0,,,,
2022-05-29,17:00,Bundesliga,Finals,Sun,Home,W,2,0,Rapid Wien,WSG Tirol,,,47.0,10400.0,Paul Gartler,3-4-1-2,Stefan Ebner,15.0,5.0,33.3,0.13,0.4,,,0,0,,,,,,3.0,3.0,100.0,1,,,0,0,0,0,,,,,,,,,,,,,,,,,,,,,,,,,,,,,,2,,,,,,,,,,,,,,15.0,,,,,,,,,,,,,,,,,,,,,,,,10.0,,,,,,,,,,,11.0,0,,,47.0,,,,,,,,,,,,,,,,,,,,,,,2,0,0,16.0,7.0,1.0,15.0,11.0,10.0,,,0,,,,,13.0,3.0,23.1,0.0,0.0,,,0,0,,,,,,5.0,3.0,60.0,0,,,0,0,0,0,,,,,,,,,,,,,,,,,,,,,,,,,,,,,,0,,,,,,,,,,,,,,13.0,,,,,,,,,,,,,,,,,,,,,,,,12.0,,,,,,,,,,,14.0,0,,,53.0,,,,,,,,,,,,,,,,,,,,,,,3,0,0,7.0,16.0,1.0,13.0,14.0,12.0,,,0,,,,
2021-07-24,17:00,Bundesliga,Regular season,Sat,Away,W,1,0,LASK,SCR Altach,,,55.0,,Alexander Schlager,3-4-3,Christian-Petru Ciochirca,23.0,3.0,13.0,0.04,0.33,,,0,0,,,,,,2.0,2.0,100.0,1,,,0,0,0,0,,,,,,,,,,,,,,,,,,,,,,,,,,,,,,0,,,,,,,,,,,,,,15.0,,,,,,,,,,,,,,,,,,,,,,,,11.0,,,,,,,,,,,8.0,0,,,55.0,,,,,,,,,,,,,,,,,,,,,,,1,0,0,22.0,15.0,5.0,15.0,8.0,11.0,,,0,,,,,5.0,2.0,40.0,0.0,0.0,,,0,0,,,,,,3.0,2.0,66.7,0,,,0,0,0,0,,,,,,,,,,,,,,,,,,,,,,,,,,,,,,0,,,,,,,,,,,,,,15.0,,,,,,,,,,,,,,,,,,,,,,,,16.0,,,,,,,,,,,19.0,0,,,45.0,,,,,,,,,,,,,,,,,,,,,,,5,0,0,16.0,22.0,2.0,15.0,19.0,16.0,,,0,,,,
2021-07-31,17:00,Bundesliga,Regular season,Sat,Home,D,1,1,LASK,Rapid Wien,,,56.0,6090.0,Alexander Schlager,3-4-3,Rene Eisner,13.0,5.0,38.5,0.08,0.2,,,0,0,,,,,,3.0,2.0,66.7,0,,,0,0,0,0,,,,,,,,,,,,,,,,,,,,,,,,,,,,,,1,,,,,,,,,,,,,,25.0,,,,,,,,,,,,,,,,,,,,,,,,10.0,,,,,,,,,,,6.0,0,,,56.0,,,,,,,,,,,,,,,,,,,,,,,1,0,0,7.0,15.0,2.0,25.0,6.0,10.0,,,0,,,,,9.0,3.0,33.3,0.11,0.33,,,0,0,,,,,,5.0,4.0,80.0,0,,,0,0,0,0,,,,,,,,,,,,,,,,,,,,,,,,,,,,,,1,,,,,,,,,,,,,,8.0,,,,,,,,,,,,,,,,,,,,,,,,16.0,,,,,,,,,,,21.0,0,,,44.0,,,,,,,,,,,,,,,,,,,,,,,3,0,0,15.0,7.0,2.0,8.0,21.0,16.0,,,0,,,,
2021-08-05,19:00,Conf Lg,Third qualifying round,Thu,Neutral,W,1,0,LASK,rs Vojvodina,,,,2126.0,Alexander Schlager,4-3-3,Michael Fabbri,,,,,,,,0,0,,,,,,,,,1,,,0,0,0,0,,,,,,,,,,,,,,,,,,,,,,,,,,,,,,0,,,,,,,,,,,,,,,,,,,,,,,,,,,,,,,,,,,,,,,,,,,,,,,,,,0,,,,,,,,,,,,,,,,,,,,,,,,,,4,0,0,,,,,,,,,0,,,,,,,,,,,,0,0,,,,,,,,,0,,,0,0,0,0,,,,,,,,,,,,,,,,,,,,,,,,,,,,,,0,,,,,,,,,,,,,,,,,,,,,,,,,,,,,,,,,,,,,,,,,,,,,,,,,,0,,,,,,,,,,,,,,,,,,,,,,,,,,2,1,0,,,,,,,,,0,,,,
2021-08-08,17:00,Bundesliga,Regular season,Sun,Away,D,1,1,LASK,WSG Tirol,,,50.0,2250.0,Alexander Schlager,3-5-2,Josef Spurny,24.0,6.0,25.0,0.04,0.17,,,0,0,,,,,,7.0,6.0,85.7,0,,,0,0,0,0,,,,,,,,,,,,,,,,,,,,,,,,,,,,,,1,,,,,,,,,,,,,,14.0,,,,,,,,,,,,,,,,,,,,,,,,11.0,,,,,,,,,,,16.0,0,,,50.0,,,,,,,,,,,,,,,,,,,,,,,0,0,0,7.0,13.0,2.0,14.0,16.0,11.0,,,0,,,,,12.0,7.0,58.3,0.08,0.14,,,0,0,,,,,,5.0,4.0,80.0,0,,,0,0,0,0,,,,,,,,,,,,,,,,,,,,,,,,,,,,,,1,,,,,,,,,,,,,,5.0,,,,,,,,,,,,,,,,,,,,,,,,16.0,,,,,,,,,,,10.0,0,,,50.0,,,,,,,,,,,,,,,,,,,,,,,2,0,0,13.0,7.0,3.0,5.0,10.0,16.0,,,0,,,,
2021-08-12,21:00,Conf Lg,Third qualifying round,Thu,Neutral,W,6,1,LASK,rs Vojvodina,,,,769.0,Alexander Schlager,3-4-3,Benoît Millot,,,,,,,,1,1,,,,,,,,,0,,,0,0,0,0,,,,,,,,,,,,,,,,,,,,,,,,,,,,,,3,,,,,,,,,,,,,,,,,,,,,,,,,,,,,,,,,,,,,,,,,,,,,,,,,,0,,,,,,,,,,,,,,,,,,,,,,,,,,2,0,0,,,,,,,,,0,,,,,,,,,,,,0,0,,,,,,,,,0,,,1,1,0,0,,,,,,,,,,,,,,,,,,,,,,,,,,,,,,1,,,,,,,,,,,,,,,,,,,,,,,,,,,,,,,,,,,,,,,,,,,,,,,,,,0,,,,,,,,,,,,,,,,,,,,,,,,,,2,0,0,,,,,,,,,0,,,,
2021-08-15,17:00,Bundesliga,Regular season,Sun,Home,L,1,3,LASK,Sturm Graz,,,52.0,6001.0,Alexander Schlager,3-4-3,Gerhard Grobelnik,14.0,4.0,28.6,0.07,0.25,,,0,0,,,,,,5.0,2.0,40.0,0,,,0,0,0,0,,,,,,,,,,,,,,,,,,,,,,,,,,,,,,1,,,,,,,,,,,,,,15.0,,,,,,,,,,,,,,,,,,,,,,,,9.0,,,,,,,,,,,11.0,0,,,52.0,,,,,,,,,,,,,,,,,,,,,,,3,0,0,12.0,16.0,1.0,15.0,11.0,9.0,,,0,,,,,10.0,5.0,50.0,0.3,0.6,,,0,0,,,,,,4.0,3.0,75.0,0,,,0,0,0,0,,,,,,,,,,,,,,,,,,,,,,,,,,,,,,2,,,,,,,,,,,,,,9.0,,,,,,,,,,,,,,,,,,,,,,,,13.0,,,,,,,,,,,19.0,0,,,48.0,,,,,,,,,,,,,,,,,,,,,,,3,0,0,17.0,11.0,3.0,9.0,19.0,13.0,,,0,,,,
2021-08-19,19:00,Conf Lg,Play-off round,Thu,Home,D,1,1,LASK,sct St Johnstone,,,,550.0,Alexander Schlager,3-4-3,Glenn Nyberg,,,,,,,,1,1,,,,,,,,,0,,,0,0,0,0,,,,,,,,,,,,,,,,,,,,,,,,,,,,,,0,,,,,,,,,,,,,,,,,,,,,,,,,,,,,,,,,,,,,,,,,,,,,,,,,,0,,,,,,,,,,,,,,,,,,,,,,,,,,2,0,0,,,,,,,,,0,,,,,,,,,,,,0,0,,,,,,,,,0,,,1,1,0,0,,,,,,,,,,,,,,,,,,,,,,,,,,,,,,1,,,,,,,,,,,,,,,,,,,,,,,,,,,,,,,,,,,,,,,,,,,,,,,,,,0,,,,,,,,,,,,,,,,,,,,,,,,,,1,0,0,,,,,,,,,0,,,,
2021-08-22,17:00,Bundesliga,Regular season,Sun,Home,D,1,1,LASK,Hartberg,,,59.0,6001.0,Alexander Schlager,3-4-3,Walter Altmann,13.0,6.0,46.2,0.08,0.17,,,0,0,,,,,,3.0,2.0,66.7,0,,,0,0,0,0,,,,,,,,,,,,,,,,,,,,,,,,,,,,,,1,,,,,,,,,,,,,,23.0,,,,,,,,,,,,,,,,,,,,,,,,12.0,,,,,,,,,,,13.0,0,,,59.0,,,,,,,,,,,,,,,,,,,,,,,1,0,0,8.0,9.0,6.0,23.0,13.0,12.0,,,0,,,,,4.0,3.0,75.0,0.25,0.33,,,0,0,,,,,,6.0,5.0,83.3,0,,,0,0,0,0,,,,,,,,,,,,,,,,,,,,,,,,,,,,,,0,,,,,,,,,,,,,,9.0,,,,,,,,,,,,,,,,,,,,,,,,10.0,,,,,,,,,,,19.0,0,,,42.0,,,,,,,,,,,,,,,,,,,,,,,1,0,0,9.0,8.0,2.0,9.0,19.0,10.0,,,0,,,,
2021-08-26,19:00,Conf Lg,Play-off round,Thu,Away,W,2,0,LASK,sct St Johnstone,,,,8845.0,Alexander Schlager,3-4-3,Daniel Siebert,,,,,,,,1,1,,,,,,,,,1,,,0,0,0,0,,,,,,,,,,,,,,,,,,,,,,,,,,,,,,1,,,,,,,,,,,,,,,,,,,,,,,,,,,,,,,,,,,,,,,,,,,,,,,,,,0,,,,,,,,,,,,,,,,,,,,,,,,,,1,0,0,,,,,,,,,0,,,,,,,,,,,,0,0,,,,,,,,,0,,,1,1,0,0,,,,,,,,,,,,,,,,,,,,,,,,,,,,,,0,,,,,,,,,,,,,,,,,,,,,,,,,,,,,,,,,,,,,,,,,,,,,,,,,,0,,,,,,,,,,,,,,,,,,,,,,,,,,3,2,0,,,,,,,,,0,,,,
2021-08-29,17:00,Bundesliga,Regular season,Sun,Away,L,0,1,LASK,Ried,,,73.0,7300.0,Alexander Schlager,3-4-3,Christian-Petru Ciochirca,22.0,7.0,31.8,0.0,0.0,,,0,0,,,,,,2.0,1.0,50.0,0,,,0,0,0,0,,,,,,,,,,,,,,,,,,,,,,,,,,,,,,0,,,,,,,,,,,,,,26.0,,,,,,,,,,,,,,,,,,,,,,,,11.0,,,,,,,,,,,5.0,0,,,73.0,,,,,,,,,,,,,,,,,,,,,,,2,0,0,10.0,10.0,0.0,26.0,5.0,11.0,,,0,,,,,7.0,2.0,28.6,0.14,0.5,,,0,0,,,,,,6.0,6.0,100.0,1,,,0,0,0,0,,,,,,,,,,,,,,,,,,,,,,,,,,,,,,1,,,,,,,,,,,,,,10.0,,,,,,,,,,,,,,,,,,,,,,,,23.0,,,,,,,,,,,17.0,0,,,27.0,,,,,,,,,,,,,,,,,,,,,,,2,0,0,11.0,10.0,3.0,10.0,17.0,23.0,,,0,,,,
2021-09-12,14:30,Bundesliga,Regular season,Sun,Home,L,0,2,LASK,Austria Wien,,,64.0,6001.0,Alexander Schlager,3-4-3,Alan Kijas,13.0,2.0,15.4,0.0,0.0,,,0,0,,,,,,7.0,5.0,71.4,0,,,0,0,0,0,,,,,,,,,,,,,,,,,,,,,,,,,,,,,,0,,,,,,,,,,,,,,15.0,,,,,,,,,,,,,,,,,,,,,,,,5.0,,,,,,,,,,,3.0,0,,,64.0,,,,,,,,,,,,,,,,,,,,,,,1,0,0,11.0,7.0,4.0,15.0,3.0,5.0,,,0,,,,,13.0,7.0,53.8,0.15,0.29,,,0,0,,,,,,2.0,2.0,100.0,1,,,0,0,0,0,,,,,,,,,,,,,,,,,,,,,,,,,,,,,,1,,,,,,,,,,,,,,9.0,,,,,,,,,,,,,,,,,,,,,,,,8.0,,,,,,,,,,,10.0,0,,,36.0,,,,,,,,,,,,,,,,,,,,,,,1,0,0,12.0,10.0,5.0,9.0,10.0,8.0,,,0,,,,
2021-09-16,19:45,Conf Lg,Group stage,Thu,Away,W,2,0,LASK,fi HJK,1.6,1.0,36.0,3612.0,Alexander Schlager,3-4-3,Kirill Levnikov,18.0,6.0,33.3,0.11,0.33,19.6,1.0,0,0,1.6,1.6,0.09,0.4,0.4,3.0,3.0,100.0,1,0.3,0.3,0,0,0,0,1.0,12.0,8.3,18.0,5.0,50.0,35.8,5.0,60.0,44.2,9.0,0.0,0.0,1.0,19.0,237.0,371.0,63.9,3996.0,1880.0,115.0,144.0,79.9,88.0,124.0,71.0,26.0,74.0,35.1,2,1.0,0.9,12.0,30.0,10.0,1.0,51.0,371.0,326.0,44.0,14.0,3.0,2.0,12.0,19.0,5.0,0.0,5.0,0.0,237.0,1.0,8.0,30.0,24.0,2.0,1.0,2.0,1.0,0.0,3.0,2.0,0.0,0.0,1.0,0.0,0.0,27.0,18.0,9.0,9.0,9.0,16.0,29.0,55.2,13.0,19.0,4.0,15.0,10.0,37,18.0,0.0,36.0,511.0,51.0,142.0,192.0,189.0,24.0,511.0,12.0,2.0,16.7,10.0,83.3,246.0,1252.0,615.0,14.0,13.0,6.0,24.0,1.0,237.0,51.0,4,0,0,11.0,7.0,1.0,12.0,10.0,18.0,0.0,0.0,0,67.0,17.0,11.0,60.7,10.0,3.0,30.0,0.0,0.0,14.3,0.0,0,0,1.0,1.0,0.11,-1.0,-1.0,6.0,4.0,66.7,0,1.0,-1.0,0,0,0,0,1.0,9.0,11.1,39.0,8.0,23.1,27.5,18.0,0.0,14.5,10.0,0.0,0.0,2.0,20.0,505.0,658.0,76.7,9930.0,3476.0,182.0,226.0,80.5,250.0,287.0,87.1,70.0,114.0,61.4,0,1.0,0.8,10.0,36.0,8.0,0.0,49.0,658.0,579.0,72.0,12.0,2.0,8.0,13.0,33.0,6.0,5.0,1.0,0.0,505.0,7.0,16.0,18.0,13.0,3.0,1.0,1.0,0.0,0.0,0.0,0.0,0.0,0.0,0.0,0.0,0.0,11.0,7.0,6.0,5.0,0.0,10.0,12.0,83.3,2.0,9.0,2.0,7.0,11.0,22,17.0,0.0,64.0,766.0,113.0,356.0,289.0,131.0,21.0,766.0,29.0,13.0,44.8,16.0,55.2,508.0,2311.0,1127.0,14.0,11.0,4.0,16.0,11.0,502.0,49.0,1,0,0,8.0,9.0,7.0,13.0,11.0,7.0,0.0,0.0,0,65.0,11.0,17.0,39.3
2021-09-19,14:30,Bundesliga,Regular season,Sun,Away,D,1,1,LASK,SK Austria Klagenfurt,,,66.0,3389.0,Alexander Schlager,4-3-3,Daniel Pfister,21.0,5.0,23.8,0.05,0.2,,,0,0,,,,,,5.0,4.0,80.0,0,,,0,0,0,0,,,,,,,,,,,,,,,,,,,,,,,,,,,,,,1,,,,,,,,,,,,,,29.0,,,,,,,,,,,,,,,,,,,,,,,,9.0,,,,,,,,,,,20.0,0,,,66.0,,,,,,,,,,,,,,,,,,,,,,,3,0,0,17.0,6.0,2.0,29.0,20.0,9.0,,,0,,,,,11.0,5.0,45.5,0.09,0.2,,,0,0,,,,,,5.0,4.0,80.0,0,,,0,0,0,0,,,,,,,,,,,,,,,,,,,,,,,,,,,,,,1,,,,,,,,,,,,,,13.0,,,,,,,,,,,,,,,,,,,,,,,,12.0,,,,,,,,,,,10.0,0,,,34.0,,,,,,,,,,,,,,,,,,,,,,,0,0,0,6.0,14.0,1.0,13.0,10.0,12.0,,,0,,,,
2021-09-26,14:30,Bundesliga,Regular season,Sun,Home,W,3,1,LASK,Admira,,,50.0,6001.0,Alexander Schlager,3-4-3,Christian-Petru Ciochirca,9.0,5.0,55.6,0.33,0.6,,,0,0,,,,,,5.0,5.0,100.0,0,,,1,1,0,0,,,,,,,,,,,,,,,,,,,,,,,,,,,,,,1,,,,,,,,,,,,,,12.0,,,,,,,,,,,,,,,,,,,,,,,,12.0,,,,,,,,,,,13.0,0,,,50.0,,,,,,,,,,,,,,,,,,,,,,,3,0,0,20.0,14.0,1.0,12.0,13.0,12.0,,,0,,,,,15.0,6.0,40.0,0.0,0.0,,,1,1,,,,,,5.0,2.0,40.0,0,,,0,0,0,0,,,,,,,,,,,,,,,,,,,,,,,,,,,,,,0,,,,,,,,,,,,,,21.0,,,,,,,,,,,,,,,,,,,,,,,,10.0,,,,,,,,,,,16.0,0,,,50.0,,,,,,,,,,,,,,,,,,,,,,,1,0,0,15.0,20.0,4.0,21.0,16.0,10.0,,,0,,,,
2021-09-30,18:45,Conf Lg,Group stage,Thu,Home,D,1,1,LASK,il Maccabi Tel Aviv,1.7,1.2,39.0,1000.0,Alexander Schlager,3-4-3,Mykola Balakin,14.0,6.0,42.9,0.07,0.17,18.4,0.0,0,0,1.7,1.7,0.12,-0.7,-0.7,3.0,2.0,66.7,0,1.1,0.1,0,0,0,0,4.0,14.0,28.6,14.0,4.0,57.1,45.4,8.0,75.0,50.3,11.0,0.0,0.0,1.0,21.7,240.0,401.0,59.9,3723.0,2072.0,128.0,173.0,74.0,80.0,123.0,65.0,19.0,72.0,26.4,1,1.0,0.6,7.0,31.0,4.0,3.0,36.0,401.0,334.0,62.0,8.0,1.0,1.0,11.0,40.0,4.0,4.0,0.0,0.0,240.0,5.0,10.0,23.0,17.0,2.0,2.0,1.0,1.0,0.0,2.0,2.0,0.0,0.0,0.0,0.0,0.0,22.0,12.0,10.0,5.0,7.0,15.0,26.0,57.7,11.0,20.0,1.0,19.0,13.0,35,15.0,0.0,39.0,541.0,39.0,116.0,227.0,203.0,19.0,541.0,13.0,6.0,46.2,7.0,53.8,245.0,1053.0,483.0,14.0,12.0,3.0,22.0,8.0,239.0,35.0,3,0,0,13.0,5.0,5.0,11.0,13.0,12.0,0.0,0.0,0,72.0,22.0,23.0,48.9,9.0,3.0,33.3,0.11,0.33,15.7,0.0,0,0,1.2,1.2,0.13,-0.2,-0.2,6.0,5.0,83.3,0,2.3,1.3,0,0,0,0,4.0,24.0,16.7,46.0,6.0,39.1,35.4,14.0,42.9,42.1,9.0,0.0,0.0,1.0,16.0,471.0,637.0,73.9,9372.0,3581.0,179.0,217.0,82.5,226.0,275.0,82.2,65.0,116.0,56.0,1,1.1,0.8,7.0,30.0,5.0,2.0,38.0,637.0,552.0,81.0,18.0,0.0,11.0,14.0,44.0,3.0,1.0,0.0,0.0,471.0,4.0,20.0,17.0,14.0,2.0,1.0,0.0,0.0,0.0,2.0,2.0,0.0,0.0,0.0,0.0,0.0,15.0,10.0,10.0,4.0,1.0,7.0,13.0,53.8,6.0,12.0,2.0,10.0,12.0,27,18.0,0.0,61.0,772.0,107.0,371.0,280.0,127.0,17.0,772.0,26.0,11.0,42.3,15.0,57.7,494.0,2007.0,916.0,19.0,15.0,5.0,25.0,7.0,463.0,37.0,2,0,0,5.0,13.0,4.0,14.0,12.0,10.0,0.0,0.0,0,72.0,23.0,22.0,51.1
2021-10-03,17:00,Bundesliga,Regular season,Sun,Away,L,1,3,LASK,RB Salzburg,,,44.0,12093.0,Alexander Schlager,3-4-3,Harald Lechner,12.0,4.0,33.3,0.08,0.25,,,0,0,,,,,,11.0,8.0,72.7,0,,,0,0,0,0,,,,,,,,,,,,,,,,,,,,,,,,,,,,,,1,,,,,,,,,,,,,,12.0,,,,,,,,,,,,,,,,,,,,,,,,25.0,,,,,,,,,,,15.0,0,,,44.0,,,,,,,,,,,,,,,,,,,,,,,3,0,0,16.0,7.0,1.0,12.0,15.0,25.0,,,0,,,,,17.0,11.0,64.7,0.18,0.27,,,0,0,,,,,,4.0,3.0,75.0,0,,,0,0,0,0,,,,,,,,,,,,,,,,,,,,,,,,,,,,,,2,,,,,,,,,,,,,,12.0,,,,,,,,,,,,,,,,,,,,,,,,16.0,,,,,,,,,,,15.0,0,,,56.0,,,,,,,,,,,,,,,,,,,,,,,1,0,0,8.0,15.0,10.0,12.0,15.0,16.0,,,0,,,,
2021-10-17,14:30,Bundesliga,Regular season,Sun,Home,L,0,1,LASK,Wolfsberger AC,,,57.0,6001.0,Alexander Schlager,3-4-3,Andreas Heiß,19.0,7.0,36.8,0.0,0.0,,,0,0,,,,,,5.0,4.0,80.0,0,,,0,0,0,0,,,,,,,,,,,,,,,,,,,,,,,,,,,,,,0,,,,,,,,,,,,,,19.0,,,,,,,,,,,,,,,,,,,,,,,,15.0,,,,,,,,,,,9.0,0,,,57.0,,,,,,,,,,,,,,,,,,,,,,,1,0,0,14.0,14.0,5.0,19.0,9.0,15.0,,,0,,,,,11.0,5.0,45.5,0.09,0.2,,,0,0,,,,,,7.0,7.0,100.0,1,,,0,0,0,0,,,,,,,,,,,,,,,,,,,,,,,,,,,,,,1,,,,,,,,,,,,,,15.0,,,,,,,,,,,,,,,,,,,,,,,,9.0,,,,,,,,,,,12.0,0,,,43.0,,,,,,,,,,,,,,,,,,,,,,,3,0,0,15.0,14.0,4.0,15.0,12.0,9.0,,,0,,,,
2021-10-21,20:45,Conf Lg,Group stage,Thu,Away,W,3,0,LASK,am Alashkert,2.7,0.8,51.0,1500.0,Alexander Schlager,3-4-3,Jens Maae,16.0,7.0,43.8,0.19,0.43,19.6,0.0,0,1,2.7,1.9,0.12,0.3,1.1,4.0,4.0,100.0,1,0.3,0.3,0,0,0,0,1.0,10.0,10.0,28.0,5.0,32.1,29.1,3.0,33.3,39.3,11.0,0.0,0.0,3.0,24.2,387.0,524.0,73.9,6369.0,2530.0,188.0,229.0,82.1,157.0,197.0,79.7,32.0,70.0,45.7,2,1.5,1.3,12.0,46.0,12.0,1.0,64.0,524.0,480.0,43.0,10.0,0.0,3.0,15.0,25.0,4.0,3.0,0.0,0.0,387.0,1.0,11.0,30.0,22.0,1.0,5.0,2.0,0.0,0.0,5.0,5.0,0.0,0.0,0.0,0.0,0.0,24.0,17.0,6.0,11.0,7.0,18.0,37.0,48.6,19.0,16.0,3.0,13.0,8.0,32,12.0,0.0,51.0,669.0,44.0,120.0,324.0,230.0,37.0,668.0,22.0,13.0,59.1,9.0,40.9,378.0,1836.0,984.0,21.0,17.0,10.0,31.0,10.0,385.0,63.0,2,0,0,18.0,7.0,1.0,15.0,8.0,17.0,0.0,0.0,0,87.0,15.0,14.0,51.7,11.0,4.0,36.4,0.0,0.0,16.2,0.0,0,0,0.8,0.8,0.08,-0.8,-0.8,7.0,4.0,57.1,0,1.7,-1.3,1,0,0,1,10.0,31.0,32.3,48.0,6.0,47.9,40.5,10.0,80.0,51.6,13.0,0.0,0.0,0.0,10.2,355.0,508.0,69.9,7602.0,2949.0,122.0,161.0,75.8,163.0,207.0,78.7,68.0,125.0,54.4,0,0.4,0.3,5.0,20.0,3.0,2.0,22.0,508.0,438.0,67.0,19.0,0.0,9.0,15.0,29.0,5.0,1.0,3.0,0.0,355.0,3.0,12.0,19.0,9.0,3.0,3.0,3.0,1.0,0.0,0.0,0.0,0.0,0.0,0.0,0.0,0.0,19.0,8.0,13.0,6.0,0.0,9.0,22.0,40.9,13.0,15.0,5.0,10.0,9.0,28,23.0,0.0,49.0,658.0,109.0,345.0,249.0,72.0,16.0,658.0,37.0,19.0,51.4,18.0,48.6,290.0,1417.0,606.0,8.0,5.0,2.0,22.0,6.0,355.0,22.0,0,0,0,9.0,17.0,3.0,15.0,9.0,8.0,0.0,1.0,0,79.0,14.0,15.0,48.3
2021-10-24,14:30,Bundesliga,Regular season,Sun,Home,L,0,1,LASK,SCR Altach,,,59.0,4136.0,Alexander Schlager,4-2-3-1,Alexander Harkam,18.0,3.0,16.7,0.0,0.0,,,0,0,,,,,,2.0,1.0,50.0,0,,,0,0,0,0,,,,,,,,,,,,,,,,,,,,,,,,,,,,,,0,,,,,,,,,,,,,,20.0,,,,,,,,,,,,,,,,,,,,,,,,8.0,,,,,,,,,,,14.0,0,,,59.0,,,,,,,,,,,,,,,,,,,,,,,0,0,0,17.0,12.0,5.0,20.0,14.0,8.0,,,0,,,,,8.0,2.0,25.0,0.13,0.5,,,0,0,,,,,,3.0,3.0,100.0,1,,,0,0,0,0,,,,,,,,,,,,,,,,,,,,,,,,,,,,,,1,,,,,,,,,,,,,,10.0,,,,,,,,,,,,,,,,,,,,,,,,9.0,,,,,,,,,,,15.0,0,,,41.0,,,,,,,,,,,,,,,,,,,,,,,3,0,0,12.0,17.0,3.0,10.0,15.0,9.0,,,0,,,,
2021-10-31,17:00,Bundesliga,Regular season,Sun,Away,L,2,3,LASK,Rapid Wien,,,51.0,11900.0,Alexander Schlager,4-2-3-1,Alan Kijas,24.0,9.0,37.5,0.08,0.22,,,0,0,,,,,,7.0,4.0,57.1,0,,,0,0,0,0,,,,,,,,,,,,,,,,,,,,,,,,,,,,,,0,,,,,,,,,,,,,,26.0,,,,,,,,,,,,,,,,,,,,,,,,11.0,,,,,,,,,,,13.0,0,,,51.0,,,,,,,,,,,,,,,,,,,,,,,4,0,0,20.0,9.0,0.0,26.0,13.0,11.0,,,0,,,,,17.0,7.0,41.2,0.18,0.43,,,0,0,,,,,,9.0,7.0,77.8,0,,,0,0,0,0,,,,,,,,,,,,,,,,,,,,,,,,,,,,,,2,,,,,,,,,,,,,,23.0,,,,,,,,,,,,,,,,,,,,,,,,8.0,,,,,,,,,,,12.0,0,,,49.0,,,,,,,,,,,,,,,,,,,,,,,0,1,0,10.0,20.0,5.0,23.0,12.0,8.0,,,0,,,,
2021-11-04,18:45,Conf Lg,Group stage,Thu,Home,W,2,0,LASK,am Alashkert,3.2,0.2,52.0,400.0,Alexander Schlager,4-4-2,Mohammed Al Hakim,28.0,8.0,28.6,0.07,0.25,19.5,1.0,0,0,3.2,3.2,0.11,-1.2,-1.2,2.0,2.0,100.0,1,0.1,0.1,0,0,0,0,3.0,6.0,50.0,19.0,3.0,31.6,32.9,2.0,0.0,23.0,2.0,0.0,0.0,2.0,27.3,391.0,541.0,72.3,6459.0,2755.0,201.0,244.0,82.4,142.0,183.0,77.6,35.0,78.0,44.9,2,2.8,1.9,22.0,53.0,15.0,2.0,54.0,541.0,490.0,51.0,11.0,3.0,3.0,16.0,32.0,5.0,4.0,0.0,0.0,391.0,0.0,8.0,44.0,34.0,2.0,2.0,3.0,3.0,0.0,4.0,4.0,0.0,0.0,0.0,0.0,0.0,28.0,20.0,5.0,18.0,5.0,13.0,22.0,59.1,9.0,10.0,0.0,10.0,16.0,44,9.0,0.0,52.0,678.0,22.0,124.0,342.0,218.0,36.0,678.0,18.0,8.0,44.4,10.0,55.6,353.0,1930.0,1113.0,31.0,6.0,8.0,28.0,9.0,386.0,53.0,1,0,0,15.0,7.0,0.0,16.0,16.0,20.0,0.0,0.0,0,107.0,11.0,7.0,61.1,2.0,2.0,100.0,0.0,0.0,14.4,0.0,0,0,0.2,0.2,0.08,-0.2,-0.2,8.0,6.0,75.0,0,1.7,-0.3,0,0,0,0,13.0,24.0,54.2,31.0,10.0,32.3,35.3,15.0,93.3,54.7,12.0,1.0,8.3,1.0,11.2,343.0,496.0,69.2,6609.0,3036.0,137.0,179.0,76.5,146.0,195.0,74.9,55.0,99.0,55.6,0,0.1,0.1,1.0,13.0,0.0,0.0,23.0,496.0,428.0,64.0,15.0,0.0,4.0,2.0,31.0,0.0,0.0,0.0,0.0,343.0,4.0,10.0,4.0,2.0,1.0,0.0,0.0,1.0,0.0,0.0,0.0,0.0,0.0,0.0,0.0,0.0,19.0,9.0,10.0,9.0,0.0,10.0,18.0,55.6,8.0,14.0,8.0,6.0,16.0,35,17.0,0.0,48.0,642.0,94.0,338.0,270.0,43.0,6.0,642.0,22.0,9.0,40.9,13.0,59.1,400.0,1608.0,562.0,6.0,2.0,1.0,28.0,15.0,342.0,22.0,2,0,0,8.0,14.0,4.0,2.0,16.0,9.0,0.0,0.0,0,96.0,7.0,11.0,38.9
2021-11-07,14:30,Bundesliga,Regular season,Sun,Home,W,3,0,LASK,WSG Tirol,,,48.0,6001.0,Alexander Schlager,4-2-3-1,Julian Weinberger,13.0,5.0,38.5,0.15,0.4,,,1,1,,,,,,0.0,1.0,,1,,,1,0,1,0,,,,,,,,,,,,,,,,,,,,,,,,,,,,,,2,,,,,,,,,,,,,,9.0,,,,,,,,,,,,,,,,,,,,,,,,11.0,,,,,,,,,,,15.0,0,,,48.0,,,,,,,,,,,,,,,,,,,,,,,3,0,0,11.0,11.0,0.0,9.0,15.0,11.0,,,0,,,,,8.0,2.0,25.0,0.0,0.0,,,0,1,,,,,,4.0,2.0,50.0,0,,,1,1,0,0,,,,,,,,,,,,,,,,,,,,,,,,,,,,,,0,,,,,,,,,,,,,,7.0,,,,,,,,,,,,,,,,,,,,,,,,21.0,,,,,,,,,,,9.0,0,,,52.0,,,,,,,,,,,,,,,,,,,,,,,2,0,0,12.0,11.0,6.0,7.0,9.0,21.0,,,0,,,,
2021-11-21,17:00,Bundesliga,Regular season,Sun,Away,D,3,3,LASK,Sturm Graz,,,43.0,16764.0,Alexander Schlager,4-2-3-1,Sebastian Gishamer,12.0,3.0,25.0,0.25,1.0,,,0,0,,,,,,5.0,2.0,40.0,0,,,0,0,0,0,,,,,,,,,,,,,,,,,,,,,,,,,,,,,,2,,,,,,,,,,,,,,19.0,,,,,,,,,,,,,,,,,,,,,,,,13.0,,,,,,,,,,,20.0,0,,,43.0,,,,,,,,,,,,,,,,,,,,,,,5,1,1,17.0,9.0,2.0,19.0,20.0,13.0,,,0,,,,,16.0,5.0,31.3,0.19,0.6,,,0,0,,,,,,3.0,0.0,0.0,0,,,0,0,0,0,,,,,,,,,,,,,,,,,,,,,,,,,,,,,,2,,,,,,,,,,,,,,20.0,,,,,,,,,,,,,,,,,,,,,,,,8.0,,,,,,,,,,,18.0,0,,,57.0,,,,,,,,,,,,,,,,,,,,,,,3,0,0,11.0,14.0,1.0,20.0,18.0,8.0,,,0,,,,
2021-11-25,22:00,Conf Lg,Group stage,Thu,Away,W,1,0,LASK,il Maccabi Tel Aviv,1.6,1.2,41.0,12203.0,Alexander Schlager,4-2-3-1,Jérôme Brisard,18.0,4.0,22.2,0.06,0.25,24.2,2.0,0,0,1.6,1.6,0.09,-0.6,-0.6,3.0,3.0,100.0,1,1.2,1.2,0,0,0,0,4.0,11.0,36.4,17.0,3.0,52.9,37.5,9.0,22.2,32.3,10.0,1.0,10.0,0.0,6.8,212.0,355.0,59.7,3449.0,1751.0,107.0,152.0,70.4,72.0,118.0,61.0,23.0,56.0,41.1,1,1.2,0.5,13.0,20.0,3.0,1.0,22.0,355.0,296.0,57.0,9.0,3.0,0.0,11.0,32.0,6.0,4.0,1.0,0.0,212.0,2.0,9.0,33.0,22.0,1.0,6.0,1.0,2.0,1.0,2.0,2.0,0.0,0.0,0.0,0.0,0.0,33.0,17.0,14.0,15.0,4.0,16.0,30.0,53.3,14.0,13.0,2.0,11.0,15.0,48,19.0,0.0,41.0,516.0,47.0,153.0,234.0,136.0,17.0,516.0,16.0,9.0,56.3,7.0,43.8,225.0,1289.0,680.0,16.0,13.0,4.0,22.0,9.0,210.0,21.0,3,0,0,14.0,9.0,2.0,11.0,15.0,17.0,0.0,0.0,0,66.0,12.0,10.0,54.5,9.0,3.0,33.3,0.0,0.0,17.8,0.0,0,0,1.2,1.2,0.14,-1.2,-1.2,4.0,3.0,75.0,0,2.0,1.0,0,0,0,0,4.0,23.0,17.4,37.0,7.0,51.4,38.6,8.0,50.0,44.9,9.0,1.0,11.1,0.0,9.0,368.0,517.0,71.2,7377.0,2579.0,135.0,160.0,84.4,177.0,228.0,77.6,49.0,93.0,52.7,0,1.0,0.5,6.0,28.0,5.0,0.0,32.0,517.0,440.0,75.0,16.0,1.0,17.0,12.0,43.0,6.0,2.0,1.0,0.0,368.0,2.0,12.0,17.0,12.0,2.0,1.0,0.0,1.0,1.0,0.0,0.0,0.0,0.0,0.0,0.0,0.0,16.0,7.0,9.0,6.0,1.0,7.0,16.0,43.8,9.0,16.0,7.0,9.0,13.0,29,25.0,1.0,59.0,654.0,86.0,245.0,303.0,117.0,10.0,654.0,30.0,14.0,46.7,16.0,53.3,366.0,1763.0,787.0,16.0,8.0,4.0,22.0,17.0,366.0,32.0,1,0,0,9.0,14.0,2.0,12.0,13.0,7.0,0.0,0.0,0,56.0,10.0,12.0,45.5
2021-11-28,14:30,Bundesliga,Regular season,Sun,Away,L,1,2,LASK,Hartberg,,,61.0,,Alexander Schlager,4-2-3-1,Markus Hameter,23.0,6.0,26.1,0.04,0.17,,,0,0,,,,,,4.0,2.0,50.0,0,,,0,0,0,0,,,,,,,,,,,,,,,,,,,,,,,,,,,,,,0,,,,,,,,,,,,,,32.0,,,,,,,,,,,,,,,,,,,,,,,,13.0,,,,,,,,,,,26.0,0,,,61.0,,,,,,,,,,,,,,,,,,,,,,,1,0,0,15.0,16.0,1.0,32.0,26.0,13.0,,,0,,,,,7.0,4.0,57.1,0.29,0.5,,,0,0,,,,,,5.0,4.0,80.0,0,,,0,0,0,0,,,,,,,,,,,,,,,,,,,,,,,,,,,,,,1,,,,,,,,,,,,,,15.0,,,,,,,,,,,,,,,,,,,,,,,,12.0,,,,,,,,,,,10.0,0,,,39.0,,,,,,,,,,,,,,,,,,,,,,,3,0,0,16.0,13.0,2.0,15.0,10.0,12.0,,,0,,,,
2021-12-05,14:30,Bundesliga,Regular season,Sun,Home,W,1,0,LASK,Ried,,,49.0,,Alexander Schlager,4-2-3-1,Alexander Harkam,17.0,4.0,23.5,0.0,0.0,,,1,1,,,,,,3.0,3.0,100.0,1,,,1,0,0,1,,,,,,,,,,,,,,,,,,,,,,,,,,,,,,0,,,,,,,,,,,,,,20.0,,,,,,,,,,,,,,,,,,,,,,,,12.0,,,,,,,,,,,19.0,0,,,49.0,,,,,,,,,,,,,,,,,,,,,,,8,1,1,16.0,5.0,5.0,20.0,19.0,12.0,,,0,,,,,8.0,3.0,37.5,0.0,0.0,,,0,1,,,,,,3.0,3.0,100.0,0,,,1,1,0,0,,,,,,,,,,,,,,,,,,,,,,,,,,,,,,0,,,,,,,,,,,,,,6.0,,,,,,,,,,,,,,,,,,,,,,,,10.0,,,,,,,,,,,17.0,0,,,51.0,,,,,,,,,,,,,,,,,,,,,,,2,1,0,6.0,16.0,9.0,6.0,17.0,10.0,,,0,,,,
2021-12-09,18:45,Conf Lg,Group stage,Thu,Home,W,3,0,LASK,fi HJK,2.8,1.0,58.0,,Thomas Gebauer,3-4-3,Igor Pajač,20.0,6.0,30.0,0.15,0.5,16.9,1.0,0,0,2.8,2.8,0.14,0.2,0.2,1.0,1.0,100.0,1,0.3,0.3,0,0,0,0,4.0,7.0,57.1,22.0,5.0,27.3,30.5,7.0,14.3,27.7,8.0,1.0,12.5,3.0,21.5,382.0,524.0,72.9,6556.0,2675.0,177.0,217.0,81.6,154.0,204.0,75.5,37.0,72.0,51.4,2,2.1,2.1,15.0,28.0,10.0,0.0,54.0,524.0,471.0,49.0,8.0,1.0,0.0,18.0,27.0,6.0,4.0,0.0,0.0,382.0,4.0,6.0,37.0,27.0,4.0,1.0,2.0,3.0,0.0,6.0,6.0,0.0,0.0,0.0,0.0,0.0,21.0,9.0,10.0,9.0,2.0,13.0,25.0,52.0,12.0,11.0,1.0,10.0,12.0,33,17.0,0.0,58.0,651.0,53.0,167.0,295.0,195.0,36.0,651.0,13.0,5.0,38.5,8.0,61.5,429.0,1582.0,804.0,18.0,13.0,5.0,18.0,10.0,381.0,54.0,2,0,0,13.0,8.0,4.0,18.0,12.0,9.0,0.0,0.0,0,80.0,12.0,7.0,63.2,6.0,1.0,16.7,0.0,0.0,15.3,0.0,0,0,1.0,1.0,0.16,-1.0,-1.0,6.0,3.0,50.0,0,2.9,-0.1,0,0,0,0,4.0,31.0,12.9,27.0,3.0,74.1,48.0,13.0,84.6,51.0,13.0,1.0,7.7,1.0,10.0,235.0,386.0,60.9,4771.0,2006.0,91.0,125.0,72.8,94.0,122.0,77.0,43.0,109.0,39.4,0,0.9,0.3,4.0,18.0,4.0,1.0,24.0,386.0,326.0,59.0,17.0,0.0,5.0,10.0,23.0,2.0,2.0,0.0,0.0,235.0,1.0,10.0,11.0,7.0,1.0,1.0,0.0,1.0,1.0,0.0,0.0,0.0,0.0,0.0,0.0,0.0,18.0,8.0,13.0,3.0,2.0,8.0,13.0,61.5,5.0,10.0,4.0,6.0,15.0,33,22.0,1.0,42.0,506.0,81.0,231.0,203.0,77.0,11.0,506.0,25.0,12.0,48.0,13.0,52.0,286.0,1195.0,448.0,11.0,2.0,3.0,16.0,8.0,229.0,24.0,3,0,0,8.0,10.0,1.0,10.0,15.0,8.0,0.0,0.0,0,68.0,7.0,12.0,36.8
2021-12-12,17:00,Bundesliga,Regular season,Sun,Away,W,3,2,LASK,Austria Wien,,,54.0,3015.0,Alexander Schlager,3-4-3,Rene Eisner,18.0,8.0,44.4,0.11,0.25,,,1,1,,,,,,6.0,4.0,66.7,0,,,0,0,0,0,,,,,,,,,,,,,,,,,,,,,,,,,,,,,,1,,,,,,,,,,,,,,10.0,,,,,,,,,,,,,,,,,,,,,,,,14.0,,,,,,,,,,,15.0,0,,,54.0,,,,,,,,,,,,,,,,,,,,,,,1,0,0,16.0,8.0,3.0,10.0,15.0,14.0,,,0,,,,,11.0,6.0,54.5,0.18,0.33,,,0,0,,,,,,6.0,4.0,66.7,0,,,1,1,0,0,,,,,,,,,,,,,,,,,,,,,,,,,,,,,,1,,,,,,,,,,,,,,14.0,,,,,,,,,,,,,,,,,,,,,,,,7.0,,,,,,,,,,,18.0,0,,,46.0,,,,,,,,,,,,,,,,,,,,,,,3,0,0,9.0,15.0,1.0,14.0,18.0,7.0,,,0,,,,
2022-02-13,17:00,Bundesliga,Regular season,Sun,Home,D,2,2,LASK,SK Austria Klagenfurt,,,52.0,2229.0,Alexander Schlager,4-2-3-1,Markus Hameter,22.0,8.0,36.4,0.09,0.25,,,0,0,,,,,,3.0,2.0,66.7,0,,,1,1,0,0,,,,,,,,,,,,,,,,,,,,,,,,,,,,,,2,,,,,,,,,,,,,,28.0,,,,,,,,,,,,,,,,,,,,,,,,12.0,,,,,,,,,,,18.0,0,,,52.0,,,,,,,,,,,,,,,,,,,,,,,3,1,1,16.0,14.0,2.0,28.0,18.0,12.0,,,0,,,,,7.0,4.0,57.1,0.14,0.25,,,1,1,,,,,,8.0,6.0,75.0,0,,,0,0,0,0,,,,,,,,,,,,,,,,,,,,,,,,,,,,,,1,,,,,,,,,,,,,,14.0,,,,,,,,,,,,,,,,,,,,,,,,9.0,,,,,,,,,,,13.0,0,,,49.0,,,,,,,,,,,,,,,,,,,,,,,1,1,0,15.0,16.0,2.0,14.0,13.0,9.0,,,0,,,,
2022-02-19,17:00,Bundesliga,Regular season,Sat,Away,W,3,0,LASK,Admira,,,52.0,1300.0,Alexander Schlager,4-2-3-1,Alexander Harkam,13.0,7.0,53.8,0.23,0.43,,,0,0,,,,,,5.0,5.0,100.0,1,,,0,0,0,0,,,,,,,,,,,,,,,,,,,,,,,,,,,,,,1,,,,,,,,,,,,,,19.0,,,,,,,,,,,,,,,,,,,,,,,,9.0,,,,,,,,,,,19.0,0,,,52.0,,,,,,,,,,,,,,,,,,,,,,,3,0,0,19.0,8.0,0.0,19.0,19.0,9.0,,,0,,,,,11.0,5.0,45.5,0.0,0.0,,,0,0,,,,,,7.0,4.0,57.1,0,,,0,0,0,0,,,,,,,,,,,,,,,,,,,,,,,,,,,,,,0,,,,,,,,,,,,,,13.0,,,,,,,,,,,,,,,,,,,,,,,,11.0,,,,,,,,,,,12.0,0,,,48.0,,,,,,,,,,,,,,,,,,,,,,,6,0,0,9.0,17.0,1.0,13.0,12.0,11.0,,,0,,,,
2022-03-02,20:30,Bundesliga,Regular season,Wed,Home,D,0,0,LASK,RB Salzburg,,,48.0,4875.0,Alexander Schlager,4-2-3-1,Josef Spurny,12.0,6.0,50.0,0.0,0.0,,,0,0,,,,,,0.0,0.0,,1,,,0,0,0,0,,,,,,,,,,,,,,,,,,,,,,,,,,,,,,0,,,,,,,,,,,,,,17.0,,,,,,,,,,,,,,,,,,,,,,,,21.0,,,,,,,,,,,16.0,0,,,48.0,,,,,,,,,,,,,,,,,,,,,,,3,1,1,12.0,16.0,1.0,17.0,16.0,21.0,,,0,,,,,5.0,0.0,0.0,0.0,,,,0,0,,,,,,6.0,6.0,100.0,1,,,0,0,0,0,,,,,,,,,,,,,,,,,,,,,,,,,,,,,,0,,,,,,,,,,,,,,14.0,,,,,,,,,,,,,,,,,,,,,,,,13.0,,,,,,,,,,,20.0,0,,,53.0,,,,,,,,,,,,,,,,,,,,,,,3,0,0,17.0,12.0,3.0,14.0,20.0,13.0,,,0,,,,
2022-03-06,17:00,Bundesliga,Regular season,Sun,Away,L,0,1,LASK,Wolfsberger AC,,,57.0,3252.0,Alexander Schlager,4-2-3-1,Harald Lechner,21.0,7.0,33.3,0.0,0.0,,,0,0,,,,,,2.0,1.0,50.0,0,,,0,0,0,0,,,,,,,,,,,,,,,,,,,,,,,,,,,,,,0,,,,,,,,,,,,,,22.0,,,,,,,,,,,,,,,,,,,,,,,,10.0,,,,,,,,,,,27.0,0,,,57.0,,,,,,,,,,,,,,,,,,,,,,,1,0,0,13.0,6.0,4.0,22.0,27.0,10.0,,,0,,,,,8.0,2.0,25.0,0.13,0.5,,,0,0,,,,,,7.0,7.0,100.0,1,,,0,0,0,0,,,,,,,,,,,,,,,,,,,,,,,,,,,,,,0,,,,,,,,,,,,,,10.0,,,,,,,,,,,,,,,,,,,,,,,,8.0,,,,,,,,,,,26.0,0,,,44.0,,,,,,,,,,,,,,,,,,,,,,,2,0,0,7.0,13.0,5.0,10.0,26.0,8.0,,,0,,,,
2022-03-10,18:45,Conf Lg,Round of 16,Thu,Away,L,1,4,LASK,cz Slavia Prague,0.5,3.2,47.0,16754.0,Alexander Schlager,5-4-1,Andris Treimanis,8.0,2.0,25.0,0.13,0.5,17.8,1.0,0,0,0.5,0.5,0.06,0.5,0.5,9.0,5.0,55.6,0,3.9,-0.1,0,0,0,0,4.0,23.0,17.4,38.0,9.0,50.0,39.1,9.0,44.4,38.6,9.0,0.0,0.0,5.0,22.1,257.0,450.0,57.1,4120.0,1997.0,118.0,166.0,71.1,100.0,155.0,64.5,21.0,82.0,25.6,0,0.3,0.4,4.0,26.0,4.0,0.0,29.0,450.0,387.0,62.0,11.0,0.0,1.0,11.0,31.0,6.0,6.0,0.0,0.0,257.0,1.0,10.0,10.0,3.0,3.0,0.0,3.0,1.0,0.0,0.0,0.0,0.0,0.0,0.0,0.0,0.0,26.0,14.0,9.0,13.0,4.0,14.0,31.0,45.2,17.0,14.0,1.0,13.0,19.0,45,20.0,0.0,47.0,595.0,60.0,152.0,311.0,135.0,20.0,595.0,9.0,7.0,77.8,2.0,22.2,227.0,1008.0,531.0,6.0,3.0,2.0,34.0,6.0,254.0,29.0,2,0,0,15.0,11.0,1.0,11.0,19.0,14.0,0.0,0.0,0,76.0,16.0,28.0,36.4,17.0,9.0,52.9,0.24,0.44,14.0,0.0,0,0,3.2,3.2,0.19,0.8,0.8,2.0,1.0,50.0,0,0.4,-0.6,0,0,0,0,2.0,9.0,22.2,44.0,7.0,13.6,25.3,3.0,100.0,69.0,9.0,0.0,0.0,5.0,14.3,330.0,511.0,64.6,6039.0,2846.0,134.0,195.0,68.7,135.0,177.0,76.3,47.0,100.0,47.0,2,2.4,0.7,10.0,24.0,11.0,2.0,39.0,511.0,451.0,59.0,16.0,0.0,4.0,11.0,35.0,3.0,0.0,0.0,0.0,330.0,1.0,14.0,28.0,19.0,3.0,3.0,1.0,1.0,1.0,4.0,3.0,0.0,1.0,0.0,0.0,0.0,8.0,6.0,2.0,4.0,2.0,2.0,9.0,22.2,7.0,12.0,4.0,8.0,21.0,29,19.0,0.0,53.0,662.0,79.0,289.0,250.0,128.0,28.0,662.0,31.0,17.0,54.8,14.0,45.2,303.0,1438.0,692.0,16.0,8.0,7.0,26.0,12.0,326.0,39.0,1,0,0,11.0,13.0,1.0,11.0,21.0,6.0,0.0,0.0,0,92.0,28.0,16.0,63.6
2022-03-13,14:30,Bundesliga,Relegation round,Sun,Home,W,6,0,LASK,WSG Tirol,,,58.0,3800.0,Alexander Schlager,4-2-3-1,Rene Eisner,20.0,11.0,55.0,0.3,0.55,,,0,0,,,,,,0.0,0.0,,1,,,0,0,0,0,,,,,,,,,,,,,,,,,,,,,,,,,,,,,,5,,,,,,,,,,,,,,16.0,,,,,,,,,,,,,,,,,,,,,,,,14.0,,,,,,,,,,,18.0,0,,,58.0,,,,,,,,,,,,,,,,,,,,,,,2,0,0,11.0,6.0,1.0,16.0,18.0,14.0,,,0,,,,,3.0,0.0,0.0,0.0,,,,0,0,,,,,,11.0,5.0,45.5,0,,,0,0,0,0,,,,,,,,,,,,,,,,,,,,,,,,,,,,,,0,,,,,,,,,,,,,,8.0,,,,,,,,,,,,,,,,,,,,,,,,10.0,,,,,,,,,,,15.0,0,,,42.0,,,,,,,,,,,,,,,,,,,,,,,1,0,0,6.0,11.0,2.0,8.0,15.0,10.0,,,0,,,,
2022-03-17,21:00,Conf Lg,Round of 16,Thu,Home,W,4,3,LASK,cz Slavia Prague,1.9,0.7,52.0,5403.0,Alexander Schlager,4-2-3-1,Lawrence Visser,17.0,12.0,70.6,0.24,0.33,17.9,2.0,0,0,1.9,1.9,0.15,2.1,2.1,4.0,1.0,25.0,0,2.2,-0.8,0,0,0,0,3.0,7.0,42.9,26.0,3.0,19.2,26.9,6.0,33.3,44.0,6.0,0.0,0.0,0.0,9.0,350.0,464.0,75.4,6924.0,2701.0,122.0,140.0,87.1,168.0,201.0,83.6,53.0,95.0,55.8,3,1.4,1.2,13.0,36.0,12.0,1.0,55.0,464.0,419.0,43.0,9.0,3.0,4.0,20.0,21.0,3.0,3.0,0.0,0.0,350.0,2.0,7.0,29.0,23.0,0.0,0.0,4.0,2.0,0.0,6.0,4.0,0.0,0.0,2.0,0.0,0.0,21.0,12.0,8.0,6.0,7.0,17.0,26.0,65.4,9.0,7.0,0.0,7.0,10.0,31,13.0,0.0,52.0,563.0,41.0,162.0,249.0,158.0,29.0,563.0,9.0,5.0,55.6,4.0,44.4,292.0,1819.0,1133.0,23.0,15.0,6.0,13.0,7.0,346.0,54.0,3,0,0,20.0,9.0,2.0,20.0,10.0,12.0,0.0,0.0,0,53.0,4.0,9.0,30.8,5.0,4.0,80.0,0.6,0.75,14.6,0.0,0,0,0.7,0.7,0.15,2.3,2.3,12.0,8.0,66.7,0,2.5,-1.5,0,0,0,0,9.0,22.0,40.9,52.0,10.0,30.8,34.7,13.0,46.2,37.7,15.0,0.0,0.0,2.0,16.9,309.0,425.0,72.7,5893.0,2466.0,121.0,151.0,80.1,133.0,169.0,78.7,44.0,81.0,54.3,2,0.5,0.7,4.0,21.0,3.0,1.0,30.0,425.0,359.0,64.0,22.0,0.0,2.0,6.0,23.0,1.0,0.0,0.0,0.0,309.0,2.0,6.0,9.0,7.0,0.0,2.0,0.0,0.0,0.0,5.0,3.0,0.0,2.0,0.0,0.0,0.0,11.0,5.0,6.0,2.0,3.0,4.0,9.0,44.4,5.0,7.0,3.0,4.0,13.0,24,18.0,1.0,48.0,535.0,91.0,255.0,178.0,104.0,12.0,535.0,26.0,9.0,34.6,17.0,65.4,283.0,1540.0,833.0,18.0,11.0,5.0,19.0,4.0,305.0,30.0,4,2,1,9.0,17.0,2.0,6.0,13.0,5.0,0.0,0.0,0,47.0,9.0,4.0,69.2
2022-03-20,14:30,Bundesliga,Relegation round,Sun,Away,D,0,0,LASK,Hartberg,,,63.0,1700.0,Alexander Schlager,4-2-3-1,Julian Weinberger,16.0,4.0,25.0,0.0,0.0,,,0,0,,,,,,0.0,0.0,,1,,,0,0,0,0,,,,,,,,,,,,,,,,,,,,,,,,,,,,,,0,,,,,,,,,,,,,,30.0,,,,,,,,,,,,,,,,,,,,,,,,6.0,,,,,,,,,,,24.0,0,,,63.0,,,,,,,,,,,,,,,,,,,,,,,3,0,0,13.0,9.0,1.0,30.0,24.0,6.0,,,0,,,,,2.0,0.0,0.0,0.0,,,,0,0,,,,,,5.0,4.0,100.0,1,,,0,0,0,0,,,,,,,,,,,,,,,,,,,,,,,,,,,,,,0,,,,,,,,,,,,,,15.0,,,,,,,,,,,,,,,,,,,,,,,,18.0,,,,,,,,,,,21.0,0,,,37.0,,,,,,,,,,,,,,,,,,,,,,,1,0,0,9.0,13.0,2.0,15.0,21.0,18.0,,,0,,,,
2022-04-02,17:00,Bundesliga,Relegation round,Sat,Home,L,0,2,LASK,Ried,,,67.0,6000.0,Alexander Schlager,4-2-3-1,Christian-Petru Ciochirca,13.0,4.0,30.8,0.0,0.0,,,0,0,,,,,,3.0,2.0,33.3,0,,,1,0,1,0,,,,,,,,,,,,,,,,,,,,,,,,,,,,,,0,,,,,,,,,,,,,,24.0,,,,,,,,,,,,,,,,,,,,,,,,13.0,,,,,,,,,,,14.0,0,,,67.0,,,,,,,,,,,,,,,,,,,,,,,1,1,0,19.0,9.0,1.0,24.0,14.0,13.0,,,1,,,,,10.0,4.0,40.0,0.1,0.25,,,0,1,,,,,,4.0,4.0,100.0,1,,,0,0,0,0,,,,,,,,,,,,,,,,,,,,,,,,,,,,,,1,,,,,,,,,,,,,,6.0,,,,,,,,,,,,,,,,,,,,,,,,23.0,,,,,,,,,,,16.0,0,,,33.0,,,,,,,,,,,,,,,,,,,,,,,2,0,0,9.0,18.0,5.0,6.0,16.0,23.0,,,0,,,,
2022-04-09,17:00,Bundesliga,Relegation round,Sat,Away,D,1,1,LASK,Admira,,,59.0,1450.0,Alexander Schlager,4-2-3-1,Julian Weinberger,13.0,5.0,38.5,0.08,0.2,,,0,0,,,,,,5.0,4.0,80.0,0,,,0,0,0,0,,,,,,,,,,,,,,,,,,,,,,,,,,,,,,1,,,,,,,,,,,,,,22.0,,,,,,,,,,,,,,,,,,,,,,,,6.0,,,,,,,,,,,10.0,0,,,59.0,,,,,,,,,,,,,,,,,,,,,,,1,0,0,18.0,19.0,0.0,22.0,10.0,6.0,,,0,,,,,9.0,5.0,55.6,0.11,0.2,,,0,0,,,,,,5.0,4.0,80.0,0,,,0,0,0,0,,,,,,,,,,,,,,,,,,,,,,,,,,,,,,1,,,,,,,,,,,,,,6.0,,,,,,,,,,,,,,,,,,,,,,,,13.0,,,,,,,,,,,11.0,0,,,41.0,,,,,,,,,,,,,,,,,,,,,,,1,0,0,20.0,17.0,6.0,6.0,11.0,13.0,,,0,,,,
2022-04-16,17:00,Bundesliga,Relegation round,Sat,Away,D,0,0,LASK,SCR Altach,,,62.0,4032.0,Alexander Schlager,3-4-3,Markus Hameter,20.0,5.0,25.0,0.0,0.0,,,0,0,,,,,,3.0,3.0,100.0,1,,,0,0,0,0,,,,,,,,,,,,,,,,,,,,,,,,,,,,,,0,,,,,,,,,,,,,,28.0,,,,,,,,,,,,,,,,,,,,,,,,11.0,,,,,,,,,,,7.0,0,,,62.0,,,,,,,,,,,,,,,,,,,,,,,4,0,0,14.0,13.0,1.0,28.0,7.0,11.0,,,0,,,,,6.0,3.0,50.0,0.0,0.0,,,0,0,,,,,,5.0,5.0,100.0,1,,,0,0,0,0,,,,,,,,,,,,,,,,,,,,,,,,,,,,,,0,,,,,,,,,,,,,,14.0,,,,,,,,,,,,,,,,,,,,,,,,11.0,,,,,,,,,,,11.0,0,,,38.0,,,,,,,,,,,,,,,,,,,,,,,5,0,0,15.0,14.0,2.0,14.0,11.0,11.0,,,0,,,,
2022-04-23,17:00,Bundesliga,Relegation round,Sat,Home,W,2,1,LASK,SCR Altach,,,61.0,5000.0,Alexander Schlager,3-4-3,Alexander Harkam,12.0,3.0,25.0,0.08,0.33,,,1,1,,,,,,4.0,3.0,75.0,0,,,0,0,0,0,,,,,,,,,,,,,,,,,,,,,,,,,,,,,,1,,,,,,,,,,,,,,18.0,,,,,,,,,,,,,,,,,,,,,,,,10.0,,,,,,,,,,,11.0,0,,,61.0,,,,,,,,,,,,,,,,,,,,,,,0,0,0,18.0,9.0,2.0,18.0,11.0,10.0,,,0,,,,,9.0,4.0,44.4,0.11,0.25,,,0,0,,,,,,2.0,1.0,50.0,0,,,1,1,0,0,,,,,,,,,,,,,,,,,,,,,,,,,,,,,,1,,,,,,,,,,,,,,16.0,,,,,,,,,,,,,,,,,,,,,,,,9.0,,,,,,,,,,,19.0,0,,,39.0,,,,,,,,,,,,,,,,,,,,,,,3,1,0,9.0,17.0,2.0,16.0,19.0,9.0,,,0,,,,
2022-04-26,18:30,Bundesliga,Relegation round,Tue,Away,L,0,4,LASK,WSG Tirol,,,65.0,1200.0,Alexander Schlager,3-4-3,Julian Weinberger,25.0,7.0,28.0,0.0,0.0,,,0,0,,,,,,6.0,2.0,33.3,0,,,0,0,0,0,,,,,,,,,,,,,,,,,,,,,,,,,,,,,,0,,,,,,,,,,,,,,19.0,,,,,,,,,,,,,,,,,,,,,,,,15.0,,,,,,,,,,,11.0,0,,,65.0,,,,,,,,,,,,,,,,,,,,,,,1,0,0,10.0,10.0,3.0,19.0,11.0,15.0,,,0,,,,,13.0,7.0,53.8,0.31,0.57,,,0,0,,,,,,6.0,6.0,100.0,1,,,0,0,0,0,,,,,,,,,,,,,,,,,,,,,,,,,,,,,,2,,,,,,,,,,,,,,11.0,,,,,,,,,,,,,,,,,,,,,,,,13.0,,,,,,,,,,,15.0,0,,,36.0,,,,,,,,,,,,,,,,,,,,,,,1,0,0,11.0,8.0,1.0,11.0,15.0,13.0,,,0,,,,
2022-05-07,17:00,Bundesliga,Relegation round,Sat,Home,D,3,3,LASK,Hartberg,,,60.0,6700.0,Alexander Schlager,4-2-3-1,Alan Kijas,15.0,4.0,26.7,0.2,0.75,,,0,1,,,,,,4.0,1.0,25.0,0,,,0,0,0,0,,,,,,,,,,,,,,,,,,,,,,,,,,,,,,2,,,,,,,,,,,,,,25.0,,,,,,,,,,,,,,,,,,,,,,,,10.0,,,,,,,,,,,16.0,0,,,60.0,,,,,,,,,,,,,,,,,,,,,,,2,0,0,11.0,6.0,1.0,25.0,16.0,10.0,,,0,,,,,8.0,5.0,62.5,0.38,0.6,,,0,0,,,,,,4.0,1.0,25.0,0,,,1,0,0,1,,,,,,,,,,,,,,,,,,,,,,,,,,,,,,2,,,,,,,,,,,,,,8.0,,,,,,,,,,,,,,,,,,,,,,,,6.0,,,,,,,,,,,23.0,0,,,40.0,,,,,,,,,,,,,,,,,,,,,,,0,0,0,8.0,11.0,4.0,8.0,23.0,6.0,,,0,,,,
2022-05-14,17:00,Bundesliga,Relegation round,Sat,Away,D,1,1,LASK,Ried,,,57.0,7300.0,Alexander Schlager,3-4-3,Sebastian Gishamer,10.0,3.0,30.0,0.1,0.33,,,0,0,,,,,,8.0,7.0,87.5,0,,,0,0,0,0,,,,,,,,,,,,,,,,,,,,,,,,,,,,,,1,,,,,,,,,,,,,,17.0,,,,,,,,,,,,,,,,,,,,,,,,3.0,,,,,,,,,,,15.0,0,,,57.0,,,,,,,,,,,,,,,,,,,,,,,3,0,0,13.0,11.0,0.0,17.0,15.0,3.0,,,1,,,,,11.0,7.0,63.6,0.0,0.0,,,0,0,,,,,,3.0,2.0,66.7,0,,,0,0,0,0,,,,,,,,,,,,,,,,,,,,,,,,,,,,,,0,,,,,,,,,,,,,,9.0,,,,,,,,,,,,,,,,,,,,,,,,16.0,,,,,,,,,,,12.0,0,,,43.0,,,,,,,,,,,,,,,,,,,,,,,0,0,0,12.0,12.0,1.0,9.0,12.0,16.0,,,0,,,,
2022-05-20,19:00,Bundesliga,Relegation round,Fri,Home,W,3,1,LASK,Admira,,,68.0,6000.0,Alexander Schlager,4-2-3-1,Harald Lechner,18.0,8.0,44.4,0.17,0.38,,,0,0,,,,,,3.0,2.0,66.7,0,,,0,0,0,0,,,,,,,,,,,,,,,,,,,,,,,,,,,,,,3,,,,,,,,,,,,,,20.0,,,,,,,,,,,,,,,,,,,,,,,,7.0,,,,,,,,,,,15.0,0,,,68.0,,,,,,,,,,,,,,,,,,,,,,,2,0,0,17.0,12.0,2.0,20.0,15.0,7.0,,,0,,,,,9.0,3.0,33.3,0.11,0.33,,,0,0,,,,,,8.0,5.0,62.5,0,,,0,0,0,0,,,,,,,,,,,,,,,,,,,,,,,,,,,,,,1,,,,,,,,,,,,,,9.0,,,,,,,,,,,,,,,,,,,,,,,,18.0,,,,,,,,,,,16.0,0,,,32.0,,,,,,,,,,,,,,,,,,,,,,,4,0,0,12.0,15.0,6.0,9.0,16.0,18.0,,,0,,,,
2022-05-23,19:00,Bundesliga,Semi-final,Mon,Away,L,1,2,LASK,WSG Tirol,,,65.0,2390.0,Alexander Schlager,4-2-3-1,Rene Eisner,17.0,4.0,23.5,0.0,0.0,,,1,1,,,,,,3.0,1.0,33.3,0,,,0,0,0,0,,,,,,,,,,,,,,,,,,,,,,,,,,,,,,0,,,,,,,,,,,,,,23.0,,,,,,,,,,,,,,,,,,,,,,,,8.0,,,,,,,,,,,18.0,0,,,65.0,,,,,,,,,,,,,,,,,,,,,,,2,0,0,10.0,10.0,1.0,23.0,18.0,8.0,,,0,,,,,9.0,3.0,33.3,0.22,0.67,,,0,0,,,,,,3.0,3.0,100.0,0,,,1,1,0,0,,,,,,,,,,,,,,,,,,,,,,,,,,,,,,2,,,,,,,,,,,,,,10.0,,,,,,,,,,,,,,,,,,,,,,,,10.0,,,,,,,,,,,14.0,0,,,35.0,,,,,,,,,,,,,,,,,,,,,,,1,0,0,11.0,10.0,1.0,10.0,14.0,10.0,,,0,,,,
