Date,Time,Comp,Round,Day,Venue,Result,GF,GA,Team,Opponent,xG,xGA,Poss,Attendance,Captain,Formation,Referee,Sh,SoT,SoT%,G/Sh,G/SoT,Dist,FK,PK,PKatt,xG,npxG,npxG/Sh,G-xG,np:G-xG,SoTA,Saves,Save%,CS,PSxG,PSxG+/-,PKatt,PKA,PKsv,PKm,Cmp,Att,Cmp%,Att (GK),Thr,Launch%,AvgLen,Att.1,Launch%.1,AvgLen.1,Opp,Stp,Stp%,#OPA,AvgDist,Cmp,Att,Cmp%,TotDist,PrgDist,Cmp.1,Att.1,Cmp%.1,Cmp.2,Att.2,Cmp%.2,Cmp.3,Att.3,Cmp%.3,Ast,xAG,xA,KP,1/3,PPA,CrsPA,PrgP,Att,Live,Dead,FK,TB,Sw,Crs,TI,CK,In,Out,Str,Cmp,Off,Blocks,SCA,PassLive,PassDead,TO,Sh,Fld,Def,GCA,PassLive.1,PassDead.1,TO.1,Sh.1,Fld.1,Def.1,Tkl,TklW,Def 3rd,Mid 3rd,Att 3rd,Tkl.1,Att,Tkl%,Lost,Blocks,Sh,Pass,Int,Tkl+Int,Clr,Err,Poss,Touches,Def Pen,Def 3rd,Mid 3rd,Att 3rd,Att Pen,Live,Att,Succ,Succ%,Tkld,Tkld%,Carries,TotDist,PrgDist,PrgC,1/3,CPA,Mis,Dis,Rec,PrgR,CrdY,CrdR,2CrdY,Fls,Fld,Off,Crs,Int,TklW,PKwon,PKcon,OG,Recov,Won,Lost,Won%,O_Sh,O_SoT,O_SoT%,O_G/Sh,O_G/SoT,O_Dist,O_FK,O_PK,O_PKatt,O_xG,O_npxG,O_npxG/Sh,O_G-xG,O_np:G-xG,O_SoTA,O_Saves,O_Save%,O_CS,O_PSxG,O_PSxG+/-,O_PKatt,O_PKA,O_PKsv,O_PKm,O_Cmp,O_Att,O_Cmp%,O_Att (GK),O_Thr,O_Launch%,O_AvgLen,O_Att.1,O_Launch%.1,O_AvgLen.1,O_Opp,O_Stp,O_Stp%,O_#OPA,O_AvgDist,O_Cmp,O_Att,O_Cmp%,O_TotDist,O_PrgDist,O_Cmp.1,O_Att.1,O_Cmp%.1,O_Cmp.2,O_Att.2,O_Cmp%.2,O_Cmp.3,O_Att.3,O_Cmp%.3,O_Ast,O_xAG,O_xA,O_KP,O_1/3,O_PPA,O_CrsPA,O_PrgP,O_Att,O_Live,O_Dead,O_FK,O_TB,O_Sw,O_Crs,O_TI,O_CK,O_In,O_Out,O_Str,O_Cmp,O_Off,O_Blocks,O_SCA,O_PassLive,O_PassDead,O_TO,O_Sh,O_Fld,O_Def,O_GCA,O_PassLive.1,O_PassDead.1,O_TO.1,O_Sh.1,O_Fld.1,O_Def.1,O_Tkl,O_TklW,O_Def 3rd,O_Mid 3rd,O_Att 3rd,O_Tkl.1,O_Att,O_Tkl%,O_Lost,O_Blocks,O_Sh,O_Pass,O_Int,O_Tkl+Int,O_Clr,O_Err,O_Poss,O_Touches,O_Def Pen,O_Def 3rd,O_Mid 3rd,O_Att 3rd,O_Att Pen,O_Live,O_Att,O_Succ,O_Succ%,O_Tkld,O_Tkld%,O_Carries,O_TotDist,O_PrgDist,O_PrgC,O_1/3,O_CPA,O_Mis,O_Dis,O_Rec,O_PrgR,O_CrdY,O_CrdR,O_2CrdY,O_Fls,O_Fld,O_Off,O_Crs,O_Int,O_TklW,O_PKwon,O_PKcon,O_OG,O_Recov,O_Won,O_Lost,O_Won%
2022-09-17,12:00,Liga F,Matchweek 2,Sat,Home,W,2,0,Barcelona,UDG Tenerife,1.9,0.4,75.0,,Sandra Paños,4-3-3,María Dolores Martínez Madrona,23.0,6.0,26.1,0.09,0.33,14.7,0.0,0,0,1.9,1.9,0.09,0.1,0.1,1.0,1.0,100.0,1,0.2,0.2,0,0,0,0,0.0,0.0,,14.0,4.0,0.0,19.9,4.0,0.0,22.0,2.0,0.0,0.0,1.0,15.0,582.0,695.0,83.7,10450.0,3635.0,275.0,304.0,90.5,241.0,274.0,88.0,62.0,90.0,68.9,0,1.6,2.1,15.0,56.0,15.0,5.0,66.0,695.0,625.0,61.0,8.0,1.0,2.0,44.0,36.0,12.0,7.0,4.0,1.0,582.0,9.0,11.0,35.0,19.0,8.0,2.0,5.0,1.0,0.0,0.0,0.0,0.0,0.0,0.0,0.0,0.0,13.0,9.0,7.0,3.0,3.0,0.0,0.0,,0.0,6.0,0.0,6.0,5.0,18,8.0,0.0,75.0,797.0,26.0,115.0,415.0,274.0,54.0,797.0,25.0,9.0,36.0,13.0,52.0,431.0,1980.0,1029.0,19.0,22.0,9.0,16.0,13.0,579.0,66.0,1,0,0,9.0,5.0,9.0,44.0,5.0,9.0,0.0,0.0,0,62.0,13.0,4.0,76.5,4.0,1.0,25.0,0.0,0.0,28.4,0.0,0,0,0.4,0.4,0.11,-0.4,-0.4,6.0,4.0,66.7,0,1.0,-1.0,0,0,0,0,2.0,26.0,7.7,31.0,2.0,51.6,44.5,13.0,76.9,40.5,32.0,2.0,6.3,3.0,13.1,110.0,226.0,48.7,2512.0,1026.0,31.0,47.0,66.0,50.0,74.0,67.6,27.0,92.0,29.3,0,0.3,0.2,1.0,4.0,0.0,0.0,4.0,226.0,164.0,59.0,17.0,1.0,4.0,3.0,25.0,1.0,1.0,0.0,0.0,110.0,3.0,6.0,2.0,2.0,0.0,0.0,0.0,0.0,0.0,0.0,0.0,0.0,0.0,0.0,0.0,0.0,26.0,17.0,22.0,3.0,1.0,13.0,22.0,59.1,9.0,16.0,9.0,7.0,15.0,41,28.0,0.0,25.0,345.0,92.0,232.0,81.0,36.0,5.0,345.0,1.0,0.0,0.0,0.0,0.0,156.0,871.0,327.0,4.0,4.0,2.0,15.0,13.0,108.0,4.0,2,0,0,5.0,9.0,3.0,3.0,15.0,17.0,0.0,0.0,0,42.0,4.0,13.0,23.5
2022-09-25,17:00,Liga F,Matchweek 3,Sun,Away,W,4,1,Barcelona,Villarreal,2.9,0.5,67.0,,Marta Torrejón,4-3-3,Elia María Martínez Martínez,15.0,9.0,60.0,0.2,0.33,13.9,2.0,0,0,2.9,2.9,0.19,0.1,0.1,1.0,0.0,0.0,0,0.8,-0.2,0,0,0,0,1.0,2.0,50.0,34.0,8.0,5.9,23.1,7.0,0.0,20.9,9.0,1.0,11.1,0.0,14.3,423.0,529.0,80.0,7791.0,3222.0,157.0,192.0,81.8,218.0,244.0,89.3,44.0,68.0,64.7,2,2.7,2.4,12.0,34.0,13.0,4.0,54.0,529.0,462.0,60.0,14.0,1.0,1.0,30.0,25.0,12.0,9.0,1.0,0.0,423.0,7.0,12.0,28.0,19.0,4.0,1.0,1.0,3.0,0.0,5.0,3.0,0.0,1.0,0.0,1.0,0.0,13.0,5.0,3.0,8.0,2.0,0.0,4.0,0.0,4.0,2.0,0.0,2.0,8.0,21,8.0,1.0,67.0,614.0,59.0,222.0,233.0,163.0,35.0,614.0,13.0,5.0,38.5,8.0,61.5,340.0,1687.0,958.0,18.0,4.0,4.0,16.0,17.0,421.0,53.0,1,0,0,12.0,12.0,7.0,30.0,8.0,5.0,0.0,0.0,0,48.0,3.0,3.0,50.0,4.0,1.0,25.0,0.25,1.0,12.6,0.0,0,0,0.5,0.5,0.12,0.5,0.5,9.0,6.0,55.6,0,2.0,-1.0,0,0,0,0,2.0,10.0,20.0,29.0,3.0,27.6,32.2,8.0,25.0,27.1,25.0,0.0,0.0,0.0,7.7,161.0,262.0,61.5,3050.0,1448.0,69.0,89.0,77.5,67.0,99.0,67.7,24.0,64.0,37.5,1,0.5,0.8,3.0,11.0,1.0,1.0,11.0,262.0,208.0,51.0,19.0,0.0,2.0,10.0,17.0,2.0,0.0,2.0,0.0,161.0,3.0,3.0,5.0,4.0,1.0,0.0,0.0,0.0,0.0,1.0,1.0,0.0,0.0,0.0,0.0,0.0,25.0,13.0,13.0,7.0,5.0,8.0,13.0,61.5,5.0,14.0,3.0,11.0,13.0,38,23.0,0.0,33.0,374.0,78.0,181.0,133.0,65.0,7.0,374.0,4.0,4.0,100.0,0.0,0.0,181.0,778.0,359.0,2.0,4.0,1.0,15.0,13.0,159.0,11.0,1,0,0,13.0,10.0,3.0,10.0,13.0,13.0,0.0,0.0,1,37.0,3.0,3.0,50.0
2022-10-01,18:15,Liga F,Matchweek 4,Sat,Home,W,7,0,Barcelona,Madrid CFF,2.7,0.7,70.0,,Patricia Guijarro,4-3-3,Zulema González González,28.0,11.0,39.3,0.25,0.64,17.7,1.0,0,0,2.7,2.7,0.1,4.3,4.3,5.0,5.0,100.0,1,1.1,1.1,0,0,0,0,1.0,1.0,100.0,23.0,3.0,4.3,23.0,3.0,0.0,25.7,8.0,0.0,0.0,4.0,33.3,587.0,694.0,84.6,9600.0,3536.0,293.0,327.0,89.6,215.0,254.0,84.6,54.0,68.0,79.4,6,2.2,2.0,20.0,66.0,19.0,6.0,72.0,694.0,646.0,42.0,16.0,0.0,1.0,25.0,16.0,6.0,6.0,0.0,0.0,587.0,6.0,6.0,52.0,43.0,0.0,2.0,5.0,1.0,1.0,13.0,11.0,0.0,1.0,1.0,0.0,0.0,16.0,10.0,4.0,6.0,6.0,3.0,8.0,37.5,5.0,13.0,1.0,12.0,13.0,29,8.0,0.0,70.0,808.0,34.0,142.0,418.0,250.0,33.0,808.0,7.0,4.0,57.1,3.0,42.9,408.0,2037.0,1032.0,19.0,12.0,9.0,19.0,18.0,586.0,72.0,2,0,0,10.0,14.0,6.0,25.0,13.0,10.0,0.0,0.0,0,82.0,6.0,6.0,50.0,9.0,5.0,55.6,0.0,0.0,16.2,0.0,0,0,0.7,0.7,0.08,-0.7,-0.7,11.0,4.0,36.4,0,3.6,-3.4,0,0,0,0,3.0,8.0,37.5,11.0,2.0,45.5,34.5,12.0,25.0,27.6,21.0,0.0,0.0,0.0,7.3,190.0,299.0,63.5,3583.0,1704.0,86.0,115.0,74.8,75.0,101.0,74.3,26.0,63.0,41.3,0,0.5,0.3,4.0,12.0,1.0,0.0,14.0,299.0,236.0,60.0,17.0,0.0,4.0,9.0,18.0,5.0,3.0,1.0,0.0,190.0,3.0,13.0,12.0,4.0,2.0,2.0,3.0,0.0,1.0,0.0,0.0,0.0,0.0,0.0,0.0,0.0,21.0,13.0,13.0,7.0,1.0,3.0,7.0,42.9,4.0,16.0,10.0,6.0,19.0,40,17.0,0.0,30.0,425.0,87.0,219.0,158.0,55.0,6.0,425.0,8.0,5.0,62.5,3.0,37.5,164.0,747.0,339.0,4.0,6.0,1.0,19.0,13.0,188.0,13.0,2,0,0,14.0,9.0,3.0,9.0,19.0,13.0,0.0,0.0,0,59.0,6.0,6.0,50.0
2022-10-15,17:45,Liga F,Matchweek 5,Sat,Away,W,3,0,Barcelona,Athletic Club,2.8,0.2,69.0,,Marta Torrejón,4-3-3,Patricia Luna Varo,25.0,7.0,28.0,0.12,0.43,15.6,0.0,0,0,2.8,2.8,0.11,0.2,0.2,1.0,1.0,100.0,1,0.1,0.1,0,0,0,0,5.0,8.0,62.5,33.0,9.0,24.2,27.8,7.0,0.0,10.6,8.0,0.0,0.0,1.0,27.0,550.0,670.0,82.1,10476.0,3928.0,207.0,242.0,85.5,279.0,324.0,86.1,61.0,86.0,70.9,3,2.3,2.9,21.0,55.0,17.0,1.0,71.0,670.0,627.0,40.0,9.0,0.0,5.0,16.0,19.0,4.0,0.0,3.0,0.0,550.0,3.0,7.0,42.0,32.0,4.0,2.0,4.0,0.0,0.0,5.0,4.0,0.0,1.0,0.0,0.0,0.0,11.0,7.0,5.0,4.0,2.0,8.0,10.0,80.0,2.0,5.0,1.0,4.0,6.0,17,9.0,0.0,69.0,769.0,58.0,233.0,303.0,240.0,52.0,769.0,21.0,7.0,33.3,12.0,57.1,380.0,1973.0,1028.0,28.0,15.0,9.0,21.0,6.0,542.0,70.0,1,0,0,14.0,8.0,3.0,16.0,6.0,7.0,0.0,0.0,0,78.0,11.0,9.0,55.0,5.0,1.0,20.0,0.0,0.0,30.9,0.0,0,0,0.2,0.2,0.03,-0.2,-0.2,7.0,4.0,57.1,0,3.3,0.3,0,0,0,0,5.0,14.0,35.7,27.0,3.0,33.3,33.2,16.0,31.3,32.9,11.0,0.0,0.0,2.0,21.0,173.0,307.0,56.4,3301.0,1318.0,71.0,89.0,79.8,62.0,91.0,68.1,30.0,98.0,30.6,0,0.1,0.1,3.0,10.0,1.0,0.0,9.0,307.0,247.0,58.0,16.0,1.0,2.0,11.0,22.0,0.0,0.0,0.0,0.0,173.0,2.0,5.0,6.0,4.0,1.0,0.0,0.0,1.0,0.0,0.0,0.0,0.0,0.0,0.0,0.0,0.0,20.0,11.0,11.0,4.0,5.0,14.0,21.0,66.7,7.0,14.0,6.0,8.0,16.0,36,18.0,1.0,31.0,420.0,72.0,211.0,150.0,64.0,2.0,420.0,10.0,2.0,20.0,8.0,80.0,170.0,733.0,349.0,5.0,5.0,0.0,11.0,3.0,171.0,9.0,0,0,0,8.0,13.0,2.0,11.0,16.0,11.0,0.0,0.0,0,62.0,9.0,11.0,45.0
2022-10-19,21:00,Champions Lg,Group stage,Wed,Home,W,9,0,Barcelona,pt SL Benfica,4.6,0.1,65.0,5004.0,Patricia Guijarro,4-3-3,Alina Peşu,23.0,16.0,69.6,0.39,0.56,14.7,0.0,0,0,4.6,4.6,0.2,4.4,4.4,0.0,0.0,,1,0.0,0.0,0,0,0,0,1.0,1.0,100.0,18.0,2.0,5.6,23.8,4.0,0.0,18.8,5.0,0.0,0.0,4.0,28.8,610.0,716.0,85.2,9105.0,3302.0,338.0,373.0,90.6,231.0,254.0,90.9,23.0,39.0,59.0,8,4.1,2.8,18.0,53.0,20.0,3.0,69.0,716.0,671.0,37.0,8.0,1.0,2.0,18.0,13.0,11.0,4.0,1.0,0.0,610.0,8.0,10.0,41.0,31.0,3.0,4.0,2.0,0.0,1.0,17.0,12.0,2.0,2.0,0.0,0.0,1.0,14.0,10.0,3.0,6.0,5.0,8.0,13.0,61.5,5.0,6.0,1.0,5.0,11.0,25,5.0,0.0,65.0,804.0,34.0,150.0,360.0,299.0,50.0,804.0,14.0,5.0,35.7,9.0,64.3,447.0,1909.0,1185.0,27.0,18.0,11.0,4.0,9.0,606.0,68.0,2,0,0,12.0,6.0,8.0,18.0,11.0,10.0,0.0,0.0,0,75.0,3.0,3.0,50.0,2.0,0.0,0.0,0.0,,21.6,0.0,0,0,0.1,0.1,0.07,-0.1,-0.1,16.0,7.0,43.8,0,5.0,-4.0,0,0,0,0,1.0,3.0,33.3,33.0,8.0,9.1,21.2,7.0,14.3,23.9,15.0,2.0,13.3,3.0,14.5,296.0,386.0,76.7,4976.0,1934.0,119.0,148.0,80.4,139.0,166.0,83.7,26.0,45.0,57.8,0,0.1,0.1,2.0,16.0,3.0,1.0,15.0,386.0,333.0,51.0,20.0,2.0,0.0,5.0,14.0,0.0,0.0,0.0,0.0,296.0,2.0,5.0,4.0,4.0,0.0,0.0,0.0,0.0,0.0,0.0,0.0,0.0,0.0,0.0,0.0,0.0,18.0,11.0,13.0,4.0,1.0,9.0,14.0,64.3,5.0,12.0,2.0,10.0,14.0,32,20.0,0.0,35.0,507.0,80.0,271.0,167.0,75.0,9.0,507.0,13.0,5.0,38.5,7.0,53.8,226.0,1333.0,670.0,8.0,11.0,2.0,24.0,6.0,292.0,14.0,3,0,0,6.0,10.0,2.0,5.0,14.0,11.0,0.0,0.0,0,52.0,3.0,3.0,50.0
2022-10-22,18:15,Liga F,Matchweek 6,Sat,Away,W,3,0,Barcelona,Real Betis,2.8,0.0,70.0,,Marta Torrejón,4-3-3,Beatriz Arregui Gamir,23.0,7.0,30.4,0.09,0.29,13.8,0.0,0,0,2.8,2.8,0.13,-0.8,-0.8,1.0,1.0,100.0,1,0.0,0.0,0,0,0,0,3.0,3.0,100.0,19.0,5.0,15.8,23.0,1.0,0.0,23.0,3.0,1.0,33.3,0.0,9.5,451.0,583.0,77.4,7655.0,3359.0,213.0,255.0,83.5,163.0,197.0,82.7,50.0,73.0,68.5,1,2.1,1.3,18.0,40.0,11.0,4.0,51.0,583.0,513.0,64.0,13.0,0.0,5.0,26.0,37.0,12.0,4.0,6.0,0.0,451.0,6.0,8.0,36.0,16.0,9.0,4.0,6.0,1.0,0.0,3.0,2.0,0.0,0.0,1.0,0.0,0.0,26.0,23.0,7.0,14.0,5.0,3.0,7.0,42.9,4.0,6.0,0.0,6.0,3.0,29,5.0,0.0,70.0,677.0,29.0,163.0,327.0,189.0,39.0,677.0,20.0,12.0,60.0,8.0,40.0,386.0,2265.0,1118.0,25.0,13.0,8.0,16.0,15.0,445.0,50.0,0,0,0,9.0,12.0,6.0,26.0,3.0,23.0,0.0,0.0,0,57.0,13.0,6.0,68.4,1.0,1.0,100.0,0.0,0.0,30.9,0.0,0,0,0.0,0.0,0.02,0.0,0.0,7.0,5.0,57.1,0,1.4,-0.6,0,0,0,0,9.0,32.0,28.1,33.0,1.0,81.8,48.5,12.0,41.7,32.8,23.0,0.0,0.0,2.0,14.2,132.0,247.0,53.4,2712.0,1321.0,50.0,66.0,75.8,55.0,86.0,64.0,22.0,75.0,29.3,0,0.0,0.0,1.0,9.0,0.0,0.0,11.0,247.0,191.0,53.0,15.0,0.0,3.0,3.0,21.0,1.0,1.0,0.0,0.0,132.0,3.0,6.0,1.0,1.0,0.0,0.0,0.0,0.0,0.0,0.0,0.0,0.0,0.0,0.0,0.0,0.0,23.0,16.0,12.0,8.0,3.0,8.0,20.0,40.0,12.0,13.0,6.0,7.0,9.0,32,26.0,0.0,30.0,356.0,83.0,192.0,138.0,27.0,2.0,356.0,7.0,4.0,57.1,3.0,42.9,125.0,547.0,178.0,3.0,1.0,0.0,14.0,23.0,129.0,11.0,0,0,0,12.0,8.0,3.0,3.0,9.0,16.0,0.0,0.0,1,43.0,6.0,13.0,31.6
2022-10-27,18:45,Champions Lg,Group stage,Thu,Away,W,4,1,Barcelona,se Rosengård,5.5,0.1,74.0,4812.0,Marta Torrejón,4-3-3,Lorraine Watson,37.0,12.0,32.4,0.11,0.33,15.1,3.0,0,0,5.5,5.5,0.16,-1.5,-1.5,2.0,1.0,50.0,0,0.1,-0.9,0,0,0,0,2.0,2.0,100.0,15.0,6.0,6.7,21.6,5.0,20.0,26.4,6.0,0.0,0.0,2.0,23.7,612.0,737.0,83.0,10631.0,4003.0,284.0,326.0,87.1,270.0,311.0,86.8,52.0,75.0,69.3,3,3.5,3.1,25.0,61.0,24.0,6.0,89.0,737.0,694.0,39.0,6.0,0.0,1.0,25.0,19.0,7.0,5.0,0.0,0.0,612.0,4.0,9.0,66.0,46.0,5.0,3.0,8.0,3.0,1.0,5.0,4.0,0.0,0.0,1.0,0.0,0.0,21.0,13.0,6.0,7.0,8.0,7.0,12.0,58.3,5.0,6.0,1.0,5.0,16.0,37,5.0,0.0,74.0,847.0,35.0,143.0,335.0,372.0,70.0,847.0,15.0,10.0,66.7,5.0,33.3,557.0,2542.0,1388.0,29.0,17.0,15.0,7.0,5.0,609.0,89.0,1,0,0,8.0,9.0,4.0,25.0,16.0,13.0,0.0,0.0,0,70.0,7.0,3.0,70.0,4.0,2.0,50.0,0.25,0.5,27.8,0.0,0,0,0.1,0.1,0.04,0.9,0.9,12.0,8.0,66.7,0,5.0,1.0,0,0,0,0,7.0,23.0,30.4,15.0,4.0,66.7,40.3,20.0,65.0,42.2,21.0,0.0,0.0,0.0,3.0,155.0,265.0,58.5,3116.0,1587.0,53.0,82.0,64.6,76.0,110.0,69.1,24.0,63.0,38.1,0,0.1,0.1,2.0,12.0,2.0,1.0,17.0,265.0,211.0,54.0,12.0,0.0,0.0,7.0,16.0,1.0,0.0,0.0,0.0,155.0,0.0,5.0,5.0,4.0,0.0,1.0,0.0,0.0,0.0,2.0,2.0,0.0,0.0,0.0,0.0,0.0,10.0,3.0,7.0,1.0,2.0,5.0,15.0,33.3,10.0,16.0,7.0,9.0,17.0,27,26.0,2.0,26.0,386.0,104.0,194.0,135.0,61.0,4.0,386.0,12.0,5.0,41.7,7.0,58.3,159.0,1115.0,479.0,9.0,10.0,3.0,19.0,14.0,155.0,17.0,1,0,0,9.0,7.0,0.0,7.0,17.0,3.0,0.0,0.0,0,53.0,3.0,7.0,30.0
2022-10-30,12:00,Liga F,Matchweek 7,Sun,Home,W,2,1,Barcelona,Levante,2.2,1.2,53.0,,Patricia Guijarro,4-3-3,Olatz Rivera Olmedo,16.0,7.0,43.8,0.13,0.29,15.9,0.0,0,0,2.2,2.2,0.14,-0.2,-0.2,3.0,2.0,66.7,0,0.8,-0.2,0,0,0,0,4.0,7.0,57.1,31.0,4.0,22.6,27.5,5.0,0.0,8.8,8.0,0.0,0.0,1.0,11.0,348.0,444.0,78.4,6568.0,2720.0,150.0,173.0,86.7,125.0,145.0,86.2,57.0,86.0,66.3,2,1.2,1.7,10.0,27.0,12.0,2.0,40.0,444.0,395.0,48.0,12.0,0.0,7.0,15.0,21.0,8.0,6.0,1.0,0.0,348.0,1.0,15.0,23.0,17.0,4.0,0.0,1.0,1.0,0.0,4.0,2.0,2.0,0.0,0.0,0.0,0.0,14.0,10.0,6.0,6.0,2.0,4.0,8.0,50.0,4.0,13.0,4.0,9.0,8.0,22,13.0,0.0,53.0,533.0,69.0,194.0,173.0,172.0,32.0,533.0,11.0,1.0,9.1,10.0,90.9,317.0,1612.0,807.0,20.0,14.0,4.0,11.0,11.0,343.0,38.0,0,0,0,11.0,7.0,1.0,15.0,8.0,10.0,0.0,0.0,0,49.0,1.0,1.0,50.0,13.0,3.0,23.1,0.08,0.33,18.3,0.0,0,0,1.2,1.2,0.1,-0.2,-0.2,7.0,5.0,71.4,0,1.8,-0.2,0,0,0,0,1.0,3.0,33.3,25.0,7.0,4.0,20.0,11.0,18.2,23.7,12.0,2.0,16.7,0.0,7.3,312.0,400.0,78.0,6100.0,2347.0,110.0,131.0,84.0,151.0,165.0,91.5,43.0,77.0,55.8,1,1.0,0.6,8.0,14.0,5.0,2.0,15.0,400.0,351.0,44.0,11.0,0.0,6.0,11.0,17.0,2.0,0.0,0.0,1.0,312.0,5.0,9.0,22.0,21.0,1.0,0.0,0.0,0.0,0.0,2.0,2.0,0.0,0.0,0.0,0.0,0.0,21.0,14.0,14.0,5.0,2.0,10.0,11.0,90.9,1.0,17.0,2.0,15.0,10.0,31,15.0,2.0,47.0,507.0,82.0,221.0,203.0,87.0,17.0,507.0,8.0,4.0,50.0,4.0,50.0,273.0,1235.0,528.0,10.0,6.0,2.0,16.0,10.0,304.0,12.0,1,0,0,7.0,11.0,5.0,11.0,10.0,14.0,0.0,0.0,0,48.0,1.0,1.0,50.0
2022-11-03,21:00,Liga F,Matchweek 1,Thu,Away,W,4,0,Barcelona,Levante Planas,2.0,0.1,82.0,,Marta Torrejón,4-3-3,Beatriz Arregui Gamir,24.0,9.0,37.5,0.17,0.44,15.4,1.0,0,0,2.0,2.0,0.08,2.0,2.0,0.0,0.0,,1,0.0,0.0,0,0,0,0,3.0,3.0,100.0,28.0,6.0,3.6,22.0,7.0,28.6,32.3,4.0,0.0,0.0,1.0,20.4,676.0,780.0,86.7,13665.0,4870.0,220.0,252.0,87.3,363.0,396.0,91.7,93.0,116.0,80.2,3,1.3,2.0,16.0,67.0,17.0,3.0,84.0,780.0,730.0,48.0,7.0,0.0,4.0,28.0,24.0,9.0,1.0,7.0,1.0,676.0,2.0,9.0,40.0,26.0,7.0,1.0,4.0,2.0,0.0,7.0,5.0,1.0,0.0,1.0,0.0,0.0,12.0,8.0,2.0,7.0,3.0,9.0,13.0,69.2,4.0,2.0,0.0,2.0,9.0,21,5.0,0.0,82.0,863.0,49.0,164.0,460.0,239.0,35.0,863.0,5.0,2.0,40.0,3.0,60.0,339.0,1488.0,779.0,16.0,10.0,5.0,20.0,11.0,673.0,84.0,1,0,0,7.0,6.0,2.0,28.0,9.0,8.0,0.0,0.0,0,44.0,6.0,3.0,66.7,4.0,0.0,0.0,0.0,,29.4,0.0,0,0,0.1,0.1,0.01,-0.1,-0.1,9.0,5.0,55.6,0,2.8,-1.2,0,0,0,0,4.0,18.0,22.2,11.0,0.0,100.0,66.5,10.0,70.0,46.5,24.0,2.0,8.3,0.0,8.3,77.0,173.0,44.5,1708.0,1035.0,22.0,34.0,64.7,42.0,76.0,55.3,13.0,60.0,21.7,0,0.0,0.2,1.0,8.0,0.0,0.0,10.0,173.0,127.0,44.0,9.0,1.0,1.0,4.0,20.0,0.0,0.0,0.0,0.0,77.0,2.0,2.0,5.0,1.0,1.0,1.0,0.0,2.0,0.0,0.0,0.0,0.0,0.0,0.0,0.0,0.0,14.0,7.0,7.0,6.0,1.0,3.0,5.0,60.0,2.0,14.0,5.0,9.0,14.0,28,22.0,0.0,18.0,287.0,70.0,160.0,97.0,34.0,2.0,287.0,13.0,4.0,30.8,9.0,69.2,90.0,542.0,228.0,6.0,2.0,0.0,17.0,3.0,75.0,10.0,1,0,0,6.0,7.0,2.0,4.0,14.0,7.0,0.0,0.0,0,37.0,3.0,6.0,33.3
2022-11-06,18:00,Liga F,Matchweek 8,Sun,Away,W,4,0,Barcelona,Real Madrid,3.4,0.4,61.0,,Mapi León,4-3-3,Marta Frías Acedo,21.0,11.0,52.4,0.14,0.27,11.0,0.0,0,0,3.4,3.4,0.18,-0.4,-0.4,1.0,1.0,100.0,1,0.6,0.6,0,0,0,0,0.0,0.0,,40.0,5.0,0.0,20.9,5.0,0.0,10.8,7.0,0.0,0.0,2.0,26.7,505.0,595.0,84.9,8611.0,3121.0,232.0,256.0,90.6,205.0,224.0,91.5,53.0,76.0,69.7,2,2.5,3.0,16.0,28.0,10.0,4.0,32.0,595.0,536.0,52.0,15.0,0.0,5.0,17.0,23.0,8.0,5.0,2.0,0.0,505.0,7.0,10.0,35.0,28.0,2.0,0.0,5.0,0.0,0.0,5.0,3.0,1.0,0.0,1.0,0.0,0.0,15.0,11.0,6.0,4.0,5.0,4.0,10.0,40.0,6.0,7.0,2.0,5.0,9.0,24,10.0,0.0,61.0,689.0,77.0,296.0,275.0,126.0,39.0,689.0,10.0,4.0,40.0,6.0,60.0,429.0,1768.0,871.0,18.0,11.0,6.0,13.0,19.0,497.0,30.0,2,0,0,18.0,14.0,7.0,17.0,9.0,11.0,0.0,0.0,0,60.0,15.0,5.0,75.0,7.0,1.0,14.3,0.0,0.0,24.4,1.0,0,0,0.4,0.4,0.05,-0.4,-0.4,11.0,8.0,63.6,0,4.5,1.5,0,0,0,0,0.0,5.0,0.0,18.0,3.0,16.7,24.6,8.0,25.0,26.8,16.0,0.0,0.0,1.0,15.3,294.0,382.0,77.0,4822.0,1780.0,147.0,172.0,85.5,100.0,116.0,86.2,30.0,58.0,51.7,0,0.2,0.2,3.0,20.0,4.0,1.0,22.0,382.0,325.0,55.0,24.0,0.0,4.0,11.0,16.0,2.0,1.0,0.0,0.0,294.0,2.0,5.0,7.0,4.0,0.0,1.0,1.0,1.0,0.0,0.0,0.0,0.0,0.0,0.0,0.0,0.0,25.0,15.0,17.0,8.0,0.0,6.0,10.0,60.0,4.0,14.0,4.0,10.0,9.0,34,17.0,2.0,39.0,489.0,77.0,212.0,210.0,74.0,11.0,489.0,10.0,6.0,60.0,4.0,40.0,312.0,1213.0,576.0,11.0,4.0,2.0,24.0,11.0,291.0,22.0,0,0,0,14.0,18.0,2.0,11.0,9.0,15.0,0.0,0.0,1,48.0,5.0,15.0,25.0
2022-11-20,12:00,Liga F,Matchweek 9,Sun,Home,W,8,0,Barcelona,Alavés,5.3,0.1,68.0,,Marta Torrejón,4-3-3,Raquel Suárez González,30.0,15.0,50.0,0.23,0.47,14.8,0.0,1,1,5.3,4.6,0.15,2.7,2.4,0.0,0.0,,1,0.0,0.0,0,0,0,0,0.0,1.0,0.0,28.0,3.0,3.6,19.6,3.0,0.0,9.3,5.0,1.0,20.0,3.0,21.4,533.0,622.0,85.7,8653.0,3227.0,281.0,306.0,91.8,202.0,227.0,89.0,36.0,56.0,64.3,7,4.3,3.1,25.0,69.0,15.0,3.0,71.0,622.0,573.0,47.0,11.0,2.0,1.0,36.0,22.0,10.0,1.0,6.0,2.0,533.0,2.0,9.0,55.0,48.0,5.0,0.0,2.0,0.0,0.0,15.0,15.0,0.0,0.0,0.0,0.0,0.0,10.0,6.0,3.0,6.0,1.0,3.0,5.0,60.0,2.0,12.0,3.0,9.0,6.0,16,8.0,0.0,68.0,717.0,43.0,159.0,288.0,274.0,53.0,716.0,13.0,4.0,30.8,9.0,69.2,346.0,1942.0,1022.0,27.0,10.0,12.0,11.0,11.0,525.0,71.0,2,0,0,11.0,10.0,2.0,36.0,6.0,6.0,0.0,0.0,0,66.0,4.0,8.0,33.3,4.0,0.0,0.0,0.0,,29.9,0.0,0,0,0.1,0.1,0.02,-0.1,-0.1,16.0,8.0,56.3,0,7.1,-0.9,1,1,0,0,1.0,16.0,6.3,31.0,3.0,45.2,36.5,8.0,25.0,27.9,24.0,0.0,0.0,2.0,12.7,187.0,288.0,64.9,3338.0,1385.0,73.0,91.0,80.2,90.0,120.0,75.0,16.0,50.0,32.0,0,0.1,0.1,4.0,12.0,0.0,0.0,8.0,288.0,243.0,44.0,13.0,0.0,0.0,7.0,15.0,0.0,0.0,0.0,0.0,187.0,1.0,10.0,6.0,4.0,1.0,0.0,1.0,0.0,0.0,0.0,0.0,0.0,0.0,0.0,0.0,0.0,20.0,10.0,16.0,1.0,3.0,9.0,13.0,69.2,4.0,13.0,6.0,7.0,10.0,30,20.0,3.0,32.0,390.0,82.0,214.0,127.0,53.0,7.0,390.0,5.0,2.0,40.0,3.0,60.0,162.0,948.0,409.0,12.0,2.0,3.0,18.0,6.0,186.0,8.0,2,0,0,11.0,11.0,1.0,7.0,10.0,10.0,0.0,1.0,0,45.0,8.0,4.0,66.7
2022-11-24,18:45,Champions Lg,Group stage,Thu,Home,W,3,0,Barcelona,de Bayern Munich,2.7,0.2,69.0,46967.0,Sandra Paños,4-3-3,Cheryl Foster,27.0,8.0,29.6,0.11,0.38,17.5,0.0,0,0,2.7,2.7,0.1,0.3,0.3,0.0,0.0,,1,0.0,0.0,0,0,0,0,2.0,3.0,66.7,27.0,6.0,7.4,23.4,5.0,20.0,25.8,5.0,1.0,20.0,1.0,13.3,700.0,799.0,87.6,10936.0,3754.0,343.0,373.0,92.0,256.0,281.0,91.1,51.0,75.0,68.0,3,2.4,2.1,20.0,45.0,12.0,5.0,53.0,799.0,751.0,42.0,5.0,0.0,2.0,34.0,22.0,9.0,8.0,1.0,0.0,700.0,6.0,9.0,43.0,36.0,1.0,2.0,4.0,0.0,0.0,6.0,6.0,0.0,0.0,0.0,0.0,0.0,12.0,6.0,6.0,5.0,1.0,6.0,15.0,40.0,9.0,14.0,2.0,12.0,9.0,21,2.0,0.0,69.0,905.0,48.0,193.0,502.0,216.0,38.0,905.0,20.0,6.0,30.0,14.0,70.0,445.0,2003.0,1058.0,18.0,12.0,9.0,15.0,4.0,699.0,53.0,0,0,0,5.0,3.0,6.0,34.0,9.0,6.0,0.0,0.0,0,65.0,6.0,5.0,54.5,5.0,0.0,0.0,0.0,,21.1,0.0,0,0,0.2,0.2,0.04,-0.2,-0.2,8.0,5.0,62.5,0,2.7,-0.3,0,0,0,0,7.0,19.0,36.8,33.0,8.0,27.3,28.5,14.0,71.4,43.9,27.0,3.0,11.1,1.0,12.9,270.0,359.0,75.2,4702.0,1970.0,131.0,151.0,86.8,104.0,130.0,80.0,26.0,55.0,47.3,0,0.2,0.2,3.0,12.0,2.0,1.0,19.0,359.0,319.0,38.0,11.0,0.0,0.0,6.0,8.0,1.0,1.0,0.0,0.0,270.0,2.0,12.0,8.0,6.0,0.0,1.0,0.0,0.0,1.0,0.0,0.0,0.0,0.0,0.0,0.0,0.0,18.0,13.0,10.0,7.0,1.0,14.0,20.0,70.0,6.0,16.0,8.0,8.0,16.0,34,28.0,0.0,31.0,479.0,97.0,245.0,185.0,53.0,6.0,479.0,15.0,9.0,60.0,6.0,40.0,262.0,1292.0,665.0,12.0,8.0,4.0,14.0,6.0,269.0,19.0,0,0,0,3.0,5.0,2.0,6.0,16.0,13.0,0.0,0.0,0,57.0,5.0,6.0,45.5
2022-11-27,16:30,Liga F,Matchweek 10,Sun,Away,W,6,1,Barcelona,Atlético Madrid,3.9,1.0,70.0,,Sandra Paños,4-3-3,Zulema González González,19.0,10.0,52.6,0.32,0.6,16.3,1.0,0,1,3.9,3.2,0.18,2.1,2.8,1.0,0.0,100.0,0,1.0,0.0,1,1,0,0,5.0,14.0,35.7,31.0,3.0,38.7,31.3,8.0,25.0,19.6,4.0,0.0,0.0,0.0,,588.0,680.0,86.5,9543.0,3321.0,297.0,324.0,91.7,241.0,267.0,90.3,36.0,60.0,60.0,3,2.3,1.5,14.0,42.0,9.0,3.0,40.0,680.0,623.0,55.0,11.0,1.0,0.0,22.0,31.0,3.0,0.0,2.0,0.0,588.0,2.0,10.0,34.0,23.0,4.0,2.0,4.0,1.0,0.0,10.0,5.0,1.0,1.0,2.0,1.0,0.0,19.0,11.0,5.0,13.0,1.0,9.0,15.0,60.0,6.0,9.0,0.0,9.0,8.0,27,6.0,0.0,70.0,775.0,61.0,221.0,409.0,149.0,30.0,774.0,9.0,4.0,44.4,5.0,55.6,467.0,2109.0,911.0,19.0,14.0,7.0,22.0,10.0,585.0,40.0,3,0,0,9.0,10.0,2.0,22.0,8.0,11.0,0.0,1.0,0,54.0,6.0,5.0,54.5,5.0,0.0,0.0,0.0,,24.2,0.0,1,1,1.0,0.2,0.04,0.0,-0.2,11.0,4.0,45.5,0,4.0,-2.0,1,0,1,0,4.0,11.0,36.4,18.0,1.0,22.2,31.6,11.0,63.6,44.7,15.0,2.0,13.3,1.0,7.7,214.0,294.0,72.8,4074.0,1604.0,84.0,101.0,83.2,91.0,115.0,79.1,33.0,56.0,58.9,0,0.1,0.1,3.0,15.0,2.0,0.0,20.0,294.0,253.0,40.0,10.0,1.0,3.0,4.0,12.0,0.0,0.0,0.0,0.0,214.0,1.0,9.0,5.0,3.0,0.0,1.0,0.0,1.0,0.0,1.0,0.0,0.0,0.0,0.0,1.0,0.0,15.0,6.0,3.0,8.0,4.0,5.0,9.0,55.6,4.0,11.0,4.0,7.0,18.0,33,20.0,1.0,30.0,406.0,53.0,156.0,198.0,59.0,7.0,405.0,15.0,6.0,40.0,9.0,60.0,194.0,1090.0,508.0,8.0,6.0,3.0,15.0,10.0,211.0,20.0,1,0,0,12.0,9.0,1.0,4.0,18.0,6.0,1.0,1.0,0,49.0,5.0,6.0,45.5
2022-12-03,12:00,Liga F,Matchweek 11,Sat,Home,W,2,1,Barcelona,Real Sociedad,2.6,1.6,62.0,,Marta Torrejón,4-3-3,Elia María Martínez Martínez,20.0,5.0,25.0,0.1,0.4,12.9,0.0,0,0,2.6,2.6,0.14,-0.6,-0.6,4.0,3.0,75.0,0,2.1,1.1,0,0,0,0,3.0,11.0,27.3,39.0,6.0,23.1,29.0,9.0,22.2,14.4,11.0,2.0,18.2,1.0,9.8,496.0,600.0,82.7,8099.0,3340.0,247.0,270.0,91.5,189.0,211.0,89.6,40.0,75.0,53.3,2,2.2,2.0,16.0,47.0,13.0,3.0,45.0,600.0,549.0,50.0,9.0,1.0,2.0,19.0,22.0,8.0,3.0,3.0,0.0,496.0,1.0,12.0,33.0,21.0,4.0,0.0,7.0,1.0,0.0,3.0,0.0,1.0,0.0,2.0,0.0,0.0,16.0,6.0,9.0,5.0,2.0,6.0,7.0,85.7,1.0,16.0,3.0,13.0,10.0,26,11.0,1.0,62.0,717.0,66.0,234.0,263.0,224.0,47.0,717.0,16.0,5.0,31.3,11.0,68.8,413.0,1857.0,847.0,16.0,8.0,12.0,14.0,19.0,491.0,44.0,2,0,0,5.0,9.0,1.0,19.0,10.0,6.0,0.0,0.0,0,70.0,5.0,16.0,23.8,15.0,4.0,26.7,0.07,0.25,17.7,0.0,0,0,1.6,1.6,0.11,-0.6,-0.6,5.0,3.0,60.0,0,1.2,-0.8,0,0,0,0,6.0,10.0,60.0,15.0,1.0,53.3,40.3,5.0,40.0,28.4,17.0,0.0,0.0,0.0,6.0,274.0,373.0,73.5,4957.0,2321.0,121.0,148.0,81.8,115.0,145.0,79.3,30.0,51.0,58.8,1,1.4,1.0,12.0,23.0,1.0,0.0,38.0,373.0,328.0,45.0,6.0,0.0,0.0,15.0,24.0,7.0,3.0,4.0,0.0,274.0,0.0,13.0,24.0,21.0,2.0,0.0,0.0,0.0,1.0,2.0,2.0,0.0,0.0,0.0,0.0,0.0,30.0,19.0,18.0,10.0,2.0,11.0,16.0,68.8,5.0,21.0,9.0,12.0,14.0,44,26.0,0.0,38.0,520.0,75.0,196.0,208.0,120.0,17.0,520.0,7.0,1.0,14.3,6.0,85.7,235.0,1099.0,550.0,11.0,9.0,8.0,14.0,10.0,274.0,38.0,1,0,0,9.0,4.0,0.0,15.0,14.0,19.0,0.0,0.0,0,73.0,16.0,5.0,76.2
2022-12-07,21:00,Champions Lg,Group stage,Wed,Away,L,1,3,Barcelona,de Bayern Munich,2.0,0.6,67.0,24000.0,Sandra Paños,4-3-3,Esther Staubli,21.0,7.0,33.3,0.05,0.14,15.5,0.0,0,0,2.0,2.0,0.1,-1.0,-1.0,5.0,2.0,40.0,0,0.9,-2.1,0,0,0,0,0.0,1.0,0.0,15.0,2.0,6.7,18.5,4.0,0.0,27.0,8.0,0.0,0.0,4.0,32.8,580.0,688.0,84.3,9155.0,3334.0,322.0,362.0,89.0,182.0,212.0,85.8,53.0,78.0,67.9,0,1.3,3.0,17.0,82.0,12.0,7.0,71.0,688.0,638.0,48.0,7.0,0.0,5.0,47.0,17.0,16.0,6.0,7.0,0.0,580.0,2.0,9.0,39.0,28.0,7.0,1.0,2.0,0.0,1.0,1.0,0.0,0.0,0.0,0.0,0.0,1.0,18.0,11.0,5.0,6.0,7.0,9.0,11.0,81.8,2.0,11.0,0.0,11.0,6.0,24,5.0,0.0,67.0,797.0,38.0,144.0,334.0,324.0,54.0,797.0,21.0,12.0,57.1,9.0,42.9,590.0,2835.0,1239.0,27.0,20.0,11.0,18.0,20.0,576.0,71.0,1,0,0,5.0,6.0,2.0,47.0,6.0,11.0,0.0,0.0,0,75.0,11.0,15.0,42.3,8.0,5.0,62.5,0.38,0.6,17.7,1.0,0,0,0.6,0.6,0.08,2.4,2.4,7.0,6.0,85.7,0,1.9,0.9,0,0,0,0,5.0,20.0,25.0,30.0,7.0,46.7,37.3,9.0,66.7,46.0,34.0,2.0,5.9,0.0,6.7,248.0,346.0,71.7,4859.0,2200.0,95.0,117.0,81.2,105.0,126.0,83.3,41.0,81.0,50.6,3,0.5,0.4,7.0,18.0,7.0,2.0,15.0,346.0,314.0,31.0,6.0,0.0,1.0,9.0,10.0,4.0,1.0,0.0,0.0,248.0,1.0,11.0,14.0,11.0,2.0,0.0,0.0,1.0,0.0,6.0,6.0,0.0,0.0,0.0,0.0,0.0,29.0,17.0,21.0,7.0,1.0,9.0,21.0,42.9,12.0,16.0,9.0,7.0,17.0,46,38.0,1.0,33.0,484.0,119.0,281.0,144.0,67.0,17.0,484.0,11.0,2.0,18.2,9.0,81.8,191.0,925.0,451.0,7.0,7.0,3.0,10.0,9.0,247.0,15.0,0,0,0,6.0,4.0,1.0,9.0,17.0,17.0,0.0,0.0,0,63.0,15.0,11.0,57.7
2022-12-10,19:00,Liga F,Matchweek 12,Sat,Home,W,4,0,Barcelona,Alhama,3.4,0.1,80.0,,Marta Torrejón,4-3-3,Patricia Luna Varo,36.0,13.0,36.1,0.11,0.31,19.0,1.0,0,0,3.4,3.4,0.1,0.6,0.6,1.0,1.0,100.0,1,0.1,0.1,0,0,0,0,0.0,0.0,,23.0,4.0,0.0,16.2,4.0,0.0,19.3,1.0,0.0,0.0,5.0,32.2,756.0,886.0,85.3,11668.0,4681.0,399.0,451.0,88.5,314.0,355.0,88.5,31.0,46.0,67.4,3,3.4,2.8,33.0,90.0,23.0,7.0,84.0,886.0,834.0,50.0,13.0,1.0,0.0,26.0,23.0,9.0,0.0,6.0,0.0,756.0,2.0,13.0,69.0,61.0,3.0,4.0,0.0,1.0,0.0,8.0,6.0,0.0,1.0,0.0,1.0,0.0,10.0,3.0,0.0,3.0,7.0,3.0,6.0,50.0,3.0,5.0,0.0,5.0,2.0,12,6.0,0.0,80.0,982.0,25.0,157.0,576.0,255.0,44.0,982.0,19.0,11.0,57.9,8.0,42.1,598.0,2695.0,1382.0,35.0,18.0,11.0,19.0,9.0,751.0,82.0,0,0,0,9.0,13.0,2.0,26.0,2.0,3.0,0.0,0.0,0,85.0,11.0,11.0,50.0,2.0,1.0,50.0,0.0,0.0,20.6,0.0,0,0,0.1,0.1,0.04,-0.1,-0.1,13.0,9.0,69.2,0,3.2,-0.8,0,0,0,0,10.0,26.0,38.5,21.0,0.0,81.0,43.9,17.0,76.5,42.1,23.0,4.0,17.4,0.0,6.0,78.0,221.0,35.3,1644.0,1010.0,31.0,57.0,54.4,24.0,56.0,42.9,19.0,89.0,21.3,0,0.1,0.0,2.0,5.0,1.0,0.0,4.0,221.0,182.0,38.0,11.0,0.0,0.0,3.0,5.0,0.0,0.0,0.0,0.0,78.0,1.0,6.0,3.0,3.0,0.0,0.0,0.0,0.0,0.0,0.0,0.0,0.0,0.0,0.0,0.0,0.0,17.0,8.0,10.0,7.0,0.0,8.0,19.0,42.1,11.0,19.0,7.0,12.0,14.0,31,17.0,0.0,20.0,330.0,83.0,184.0,135.0,16.0,2.0,330.0,6.0,3.0,50.0,3.0,50.0,91.0,572.0,273.0,2.0,0.0,1.0,11.0,7.0,77.0,4.0,4,1,1,13.0,9.0,1.0,3.0,14.0,8.0,0.0,0.0,0,65.0,11.0,11.0,50.0
2022-12-15,20:00,Champions Lg,Group stage,Thu,Away,W,6,2,Barcelona,pt SL Benfica,3.0,2.1,66.0,850.0,Sandra Paños,4-3-3,Jelena Cvetković,27.0,12.0,44.4,0.19,0.42,15.2,0.0,0,0,3.0,3.0,0.11,2.0,2.0,4.0,0.0,50.0,0,2.6,0.6,2,0,2,0,2.0,5.0,40.0,24.0,3.0,16.7,24.2,3.0,33.3,24.0,5.0,0.0,0.0,0.0,,525.0,646.0,81.3,7935.0,2774.0,305.0,345.0,88.4,175.0,200.0,87.5,28.0,53.0,52.8,5,2.0,1.5,20.0,55.0,19.0,5.0,60.0,646.0,584.0,59.0,15.0,0.0,1.0,29.0,26.0,12.0,5.0,3.0,0.0,525.0,3.0,14.0,44.0,32.0,3.0,4.0,4.0,0.0,1.0,8.0,6.0,1.0,0.0,1.0,0.0,0.0,22.0,17.0,7.0,9.0,6.0,15.0,18.0,83.3,3.0,11.0,0.0,11.0,13.0,35,5.0,0.0,66.0,769.0,46.0,161.0,343.0,271.0,52.0,769.0,14.0,9.0,64.3,5.0,35.7,462.0,1899.0,944.0,24.0,18.0,12.0,19.0,17.0,525.0,60.0,0,0,0,14.0,11.0,3.0,29.0,13.0,17.0,0.0,2.0,0,80.0,7.0,7.0,50.0,4.0,2.0,50.0,0.5,1.0,27.5,0.0,0,2,2.1,0.5,0.13,-0.1,1.5,12.0,7.0,50.0,0,3.1,-1.9,0,0,0,0,0.0,0.0,,15.0,6.0,0.0,22.5,11.0,0.0,17.2,22.0,1.0,4.5,1.0,7.7,235.0,328.0,71.6,3892.0,1722.0,110.0,135.0,81.5,89.0,109.0,81.7,23.0,45.0,51.1,2,0.5,0.2,4.0,12.0,4.0,0.0,15.0,328.0,281.0,44.0,15.0,0.0,4.0,9.0,10.0,1.0,0.0,1.0,0.0,235.0,3.0,9.0,9.0,5.0,1.0,0.0,0.0,2.0,1.0,2.0,1.0,0.0,0.0,0.0,0.0,1.0,22.0,10.0,12.0,9.0,1.0,5.0,14.0,35.7,9.0,17.0,6.0,11.0,26.0,48,26.0,0.0,34.0,479.0,94.0,274.0,143.0,66.0,10.0,477.0,18.0,3.0,16.7,10.0,55.6,180.0,868.0,416.0,7.0,4.0,3.0,18.0,7.0,231.0,15.0,2,0,0,12.0,13.0,3.0,9.0,26.0,10.0,1.0,0.0,1,74.0,7.0,7.0,50.0
2022-12-21,21:00,Champions Lg,Group stage,Wed,Home,W,6,0,Barcelona,se Rosengård,4.0,0.0,74.0,28720.0,Marta Torrejón,4-3-3,Désirée Grundbacher,30.0,16.0,53.3,0.2,0.38,15.1,1.0,0,0,4.0,4.0,0.13,2.0,2.0,0.0,0.0,,1,0.0,0.0,0,0,0,0,1.0,1.0,100.0,19.0,3.0,0.0,20.4,3.0,33.3,45.0,3.0,0.0,0.0,0.0,14.0,793.0,894.0,88.7,12505.0,3942.0,405.0,447.0,90.6,312.0,343.0,91.0,44.0,56.0,78.6,5,2.4,2.7,22.0,82.0,20.0,4.0,78.0,894.0,856.0,37.0,7.0,0.0,3.0,24.0,16.0,10.0,0.0,2.0,1.0,793.0,1.0,10.0,54.0,42.0,7.0,2.0,3.0,0.0,0.0,10.0,6.0,1.0,1.0,2.0,0.0,0.0,14.0,11.0,3.0,5.0,6.0,3.0,6.0,50.0,3.0,4.0,0.0,4.0,11.0,25,3.0,0.0,74.0,984.0,28.0,126.0,445.0,420.0,53.0,984.0,19.0,7.0,36.8,11.0,57.9,503.0,2551.0,1261.0,30.0,19.0,15.0,12.0,16.0,783.0,78.0,0,0,0,7.0,5.0,1.0,24.0,11.0,11.0,0.0,0.0,0,71.0,4.0,0.0,100.0,1.0,0.0,0.0,0.0,,24.7,0.0,0,0,0.0,0.0,0.03,0.0,0.0,16.0,10.0,62.5,0,4.3,-1.7,0,0,0,0,4.0,13.0,30.8,20.0,8.0,30.0,24.5,8.0,87.5,51.5,15.0,0.0,0.0,0.0,2.5,223.0,317.0,70.3,4032.0,1668.0,101.0,128.0,78.9,99.0,126.0,78.6,22.0,55.0,40.0,0,0.0,0.0,1.0,9.0,0.0,0.0,12.0,317.0,281.0,34.0,8.0,3.0,0.0,3.0,11.0,1.0,0.0,1.0,0.0,223.0,2.0,4.0,1.0,1.0,0.0,0.0,0.0,0.0,0.0,0.0,0.0,0.0,0.0,0.0,0.0,0.0,28.0,15.0,18.0,9.0,1.0,12.0,19.0,63.2,7.0,11.0,5.0,6.0,19.0,47,28.0,1.0,26.0,441.0,90.0,262.0,154.0,28.0,0.0,441.0,6.0,3.0,50.0,3.0,50.0,240.0,1017.0,409.0,2.0,2.0,0.0,21.0,11.0,222.0,11.0,2,0,0,6.0,6.0,2.0,3.0,19.0,15.0,0.0,0.0,0,63.0,0.0,4.0,0.0
2023-01-07,18:15,Liga F,Matchweek 14,Sat,Home,W,4,0,Barcelona,Sevilla,5.1,0.0,76.0,,Sandra Paños,4-3-3,Elena Peláez Arnillas,27.0,8.0,29.6,0.15,0.5,15.3,0.0,0,1,5.1,4.5,0.17,-1.1,-0.5,0.0,0.0,,1,0.0,0.0,0,0,0,0,0.0,0.0,,12.0,2.0,0.0,19.3,1.0,0.0,16.0,4.0,1.0,25.0,0.0,10.2,700.0,807.0,86.7,10039.0,3747.0,393.0,424.0,92.7,235.0,264.0,89.0,33.0,45.0,73.3,4,4.4,5.1,24.0,79.0,29.0,3.0,98.0,807.0,764.0,35.0,7.0,7.0,0.0,27.0,18.0,8.0,1.0,2.0,4.0,700.0,8.0,13.0,48.0,40.0,5.0,0.0,2.0,1.0,0.0,8.0,8.0,0.0,0.0,0.0,0.0,0.0,23.0,14.0,5.0,13.0,5.0,9.0,13.0,69.2,4.0,10.0,0.0,10.0,9.0,32,5.0,0.0,76.0,911.0,19.0,117.0,423.0,374.0,62.0,910.0,9.0,3.0,33.3,6.0,66.7,619.0,2087.0,1170.0,31.0,17.0,14.0,20.0,6.0,697.0,98.0,0,0,0,13.0,4.0,8.0,27.0,9.0,14.0,0.0,0.0,0,81.0,14.0,11.0,56.0,0.0,0.0,,,,,0.0,0,0,0.0,0.0,,0.0,0.0,8.0,4.0,50.0,0,3.3,-0.7,1,0,0,1,10.0,22.0,45.5,22.0,3.0,50.0,36.5,17.0,64.7,36.8,23.0,0.0,0.0,0.0,13.0,161.0,259.0,62.2,2879.0,1584.0,71.0,96.0,74.0,70.0,89.0,78.7,18.0,53.0,34.0,0,0.0,0.0,0.0,7.0,0.0,0.0,11.0,259.0,196.0,61.0,21.0,0.0,1.0,5.0,18.0,0.0,0.0,0.0,0.0,161.0,2.0,11.0,0.0,0.0,0.0,0.0,0.0,0.0,0.0,0.0,0.0,0.0,0.0,0.0,0.0,0.0,12.0,8.0,8.0,3.0,1.0,6.0,9.0,66.7,3.0,20.0,8.0,12.0,7.0,19,26.0,0.0,24.0,378.0,85.0,197.0,156.0,34.0,1.0,378.0,13.0,4.0,30.8,9.0,69.2,176.0,950.0,461.0,7.0,6.0,0.0,23.0,14.0,155.0,10.0,1,0,0,6.0,12.0,2.0,5.0,7.0,8.0,0.0,1.0,0,48.0,11.0,14.0,44.0
2023-01-14,12:00,Liga F,Matchweek 15,Sat,Away,W,3,0,Barcelona,Sporting Huelva,3.5,0.2,76.0,,Sandra Paños,4-3-3,Elisabeth Calvo Valentín,32.0,14.0,43.8,0.09,0.21,14.4,0.0,0,0,3.5,3.5,0.11,-0.5,-0.5,0.0,0.0,,1,0.0,0.0,0,0,0,0,1.0,1.0,100.0,13.0,3.0,0.0,20.2,2.0,50.0,27.0,4.0,0.0,0.0,0.0,10.8,642.0,771.0,83.3,10384.0,3482.0,333.0,377.0,88.3,256.0,280.0,91.4,44.0,69.0,63.8,2,2.3,2.9,22.0,73.0,20.0,7.0,93.0,771.0,727.0,39.0,4.0,2.0,3.0,34.0,19.0,13.0,7.0,4.0,0.0,642.0,5.0,18.0,52.0,36.0,8.0,0.0,7.0,0.0,1.0,5.0,4.0,0.0,0.0,1.0,0.0,0.0,20.0,12.0,3.0,6.0,11.0,10.0,11.0,90.9,1.0,13.0,1.0,12.0,10.0,30,5.0,0.0,76.0,891.0,26.0,102.0,421.0,369.0,67.0,891.0,12.0,6.0,50.0,6.0,50.0,457.0,2435.0,1478.0,41.0,35.0,13.0,17.0,13.0,637.0,92.0,0,0,0,4.0,3.0,5.0,34.0,10.0,12.0,0.0,0.0,0,84.0,22.0,13.0,62.9,3.0,0.0,0.0,0.0,,10.8,0.0,0,0,0.2,0.2,0.05,-0.2,-0.2,14.0,11.0,78.6,0,2.6,-0.4,0,0,0,0,12.0,33.0,36.4,30.0,3.0,70.0,43.0,14.0,85.7,42.6,29.0,0.0,0.0,0.0,5.4,121.0,241.0,50.2,2295.0,1260.0,58.0,85.0,68.2,37.0,64.0,57.8,21.0,70.0,30.0,0,0.1,0.0,2.0,3.0,0.0,0.0,6.0,241.0,191.0,49.0,8.0,0.0,1.0,5.0,19.0,4.0,3.0,0.0,1.0,121.0,1.0,11.0,1.0,0.0,0.0,0.0,1.0,0.0,0.0,0.0,0.0,0.0,0.0,0.0,0.0,0.0,19.0,9.0,16.0,3.0,0.0,6.0,12.0,50.0,6.0,24.0,8.0,16.0,19.0,38,41.0,1.0,24.0,385.0,98.0,262.0,100.0,26.0,4.0,385.0,11.0,1.0,9.1,10.0,90.9,111.0,770.0,365.0,5.0,0.0,0.0,11.0,10.0,118.0,6.0,0,0,0,3.0,4.0,1.0,5.0,19.0,9.0,0.0,0.0,0,57.0,13.0,22.0,37.1
2023-01-25,18:00,Liga F,Matchweek 16,Wed,Home,W,7,0,Barcelona,Levante Planas,5.1,0.4,74.0,,Marta Torrejón,4-3-3,Patricia Luna Varo,35.0,14.0,40.0,0.2,0.5,13.7,0.0,0,0,5.1,5.1,0.15,1.9,1.9,1.0,1.0,100.0,1,0.0,0.0,0,0,0,0,0.0,0.0,,23.0,7.0,0.0,17.6,3.0,0.0,26.3,3.0,0.0,0.0,1.0,15.8,602.0,707.0,85.1,10017.0,4057.0,299.0,335.0,89.3,237.0,268.0,88.4,48.0,68.0,70.6,3,3.7,3.8,29.0,54.0,33.0,9.0,94.0,707.0,658.0,47.0,16.0,1.0,3.0,37.0,19.0,8.0,4.0,3.0,0.0,602.0,2.0,13.0,64.0,55.0,3.0,2.0,3.0,1.0,0.0,12.0,8.0,0.0,2.0,2.0,0.0,0.0,13.0,10.0,3.0,3.0,7.0,4.0,8.0,50.0,4.0,9.0,1.0,8.0,10.0,23,5.0,0.0,74.0,816.0,30.0,134.0,327.0,356.0,80.0,816.0,14.0,3.0,21.4,11.0,78.6,377.0,1932.0,1045.0,30.0,19.0,18.0,13.0,6.0,600.0,94.0,0,0,0,11.0,14.0,2.0,37.0,10.0,10.0,0.0,0.0,0,67.0,5.0,5.0,50.0,5.0,1.0,20.0,0.0,0.0,18.0,1.0,0,0,0.4,0.4,0.08,-0.4,-0.4,14.0,7.0,50.0,0,3.5,-3.5,0,0,0,0,3.0,7.0,42.9,14.0,1.0,50.0,41.9,15.0,20.0,17.7,24.0,1.0,4.2,0.0,7.5,152.0,253.0,60.1,2640.0,1576.0,77.0,105.0,73.3,48.0,69.0,69.6,22.0,63.0,34.9,0,0.1,0.1,2.0,7.0,1.0,0.0,10.0,253.0,200.0,52.0,12.0,0.0,1.0,5.0,15.0,2.0,1.0,0.0,1.0,152.0,1.0,9.0,7.0,1.0,2.0,1.0,1.0,2.0,0.0,0.0,0.0,0.0,0.0,0.0,0.0,0.0,17.0,6.0,13.0,3.0,1.0,11.0,14.0,78.6,3.0,24.0,12.0,12.0,16.0,33,30.0,0.0,26.0,377.0,102.0,232.0,132.0,19.0,6.0,377.0,8.0,4.0,50.0,4.0,50.0,140.0,732.0,341.0,5.0,5.0,0.0,13.0,9.0,152.0,10.0,3,0,0,16.0,10.0,1.0,5.0,16.0,6.0,0.0,0.0,0,55.0,5.0,5.0,50.0
2023-01-29,17:00,Liga F,Matchweek 17,Sun,Away,W,6,0,Barcelona,UDG Tenerife,4.9,0.0,80.0,,Sandra Paños,4-3-3,Arantza Gallastegui Pérez,27.0,15.0,55.6,0.22,0.4,13.2,0.0,0,0,4.9,4.9,0.19,1.1,1.1,0.0,0.0,,1,0.0,0.0,0,0,0,0,0.0,1.0,0.0,11.0,0.0,9.1,25.8,1.0,0.0,29.0,1.0,0.0,0.0,2.0,32.0,705.0,818.0,86.2,12554.0,4032.0,319.0,348.0,91.7,310.0,352.0,88.1,68.0,97.0,70.1,4,3.0,3.5,21.0,84.0,24.0,6.0,101.0,818.0,774.0,40.0,7.0,6.0,6.0,26.0,25.0,6.0,1.0,3.0,0.0,705.0,4.0,8.0,50.0,38.0,1.0,8.0,2.0,0.0,1.0,10.0,8.0,0.0,1.0,1.0,0.0,0.0,21.0,17.0,6.0,8.0,7.0,8.0,10.0,80.0,2.0,4.0,0.0,4.0,17.0,38,0.0,0.0,80.0,911.0,11.0,101.0,450.0,367.0,56.0,911.0,20.0,17.0,85.0,3.0,15.0,581.0,2724.0,1274.0,27.0,24.0,13.0,11.0,13.0,699.0,101.0,0,0,0,9.0,4.0,4.0,26.0,17.0,17.0,0.0,0.0,0,77.0,19.0,10.0,65.5,0.0,0.0,,,,,0.0,0,0,0.0,0.0,,0.0,0.0,15.0,9.0,60.0,0,3.6,-2.4,0,0,0,0,5.0,29.0,17.2,34.0,6.0,55.9,44.0,17.0,58.8,37.2,21.0,3.0,14.3,2.0,11.4,116.0,207.0,56.0,2492.0,1356.0,33.0,47.0,70.2,59.0,83.0,71.1,22.0,70.0,31.4,0,0.0,0.0,0.0,5.0,0.0,0.0,4.0,207.0,159.0,46.0,12.0,0.0,1.0,1.0,11.0,0.0,0.0,0.0,0.0,116.0,2.0,4.0,0.0,0.0,0.0,0.0,0.0,0.0,0.0,0.0,0.0,0.0,0.0,0.0,0.0,0.0,17.0,8.0,11.0,6.0,0.0,3.0,19.0,15.8,16.0,11.0,3.0,8.0,17.0,34,31.0,1.0,20.0,319.0,97.0,227.0,85.0,11.0,2.0,319.0,10.0,2.0,20.0,8.0,80.0,143.0,765.0,281.0,2.0,3.0,2.0,14.0,13.0,112.0,4.0,0,0,0,5.0,8.0,2.0,1.0,17.0,8.0,0.0,0.0,0,41.0,9.0,18.0,33.3
2023-02-01,19:00,Liga F,Matchweek 13,Wed,Away,W,4,0,Barcelona,Valencia,6.3,0.8,58.0,,Marta Torrejón,4-3-3,María Gloria Planes Terol,26.0,9.0,34.6,0.15,0.44,12.1,0.0,0,0,6.3,6.3,0.25,-2.3,-2.3,3.0,3.0,100.0,1,0.7,0.7,0,0,0,0,1.0,2.0,50.0,21.0,4.0,9.5,22.0,3.0,0.0,14.0,11.0,2.0,18.2,2.0,17.2,566.0,652.0,86.8,8954.0,3415.0,289.0,312.0,92.6,203.0,228.0,89.0,45.0,59.0,76.3,3,4.6,4.6,22.0,51.0,23.0,8.0,75.0,652.0,626.0,23.0,5.0,0.0,2.0,27.0,9.0,5.0,2.0,0.0,0.0,566.0,3.0,7.0,49.0,43.0,0.0,2.0,4.0,0.0,0.0,8.0,8.0,0.0,0.0,0.0,0.0,0.0,22.0,17.0,7.0,7.0,8.0,11.0,14.0,78.6,3.0,13.0,1.0,12.0,8.0,30,8.0,0.0,58.0,757.0,45.0,185.0,274.0,301.0,51.0,757.0,11.0,2.0,18.2,6.0,54.5,370.0,1784.0,887.0,18.0,14.0,8.0,17.0,5.0,559.0,75.0,0,0,0,10.0,2.0,3.0,27.0,8.0,17.0,0.0,0.0,0,74.0,4.0,0.0,100.0,9.0,3.0,33.3,0.0,0.0,16.1,0.0,0,0,0.8,0.8,0.09,-0.8,-0.8,9.0,5.0,55.6,0,5.4,1.4,0,0,0,0,4.0,9.0,44.4,33.0,10.0,18.2,27.2,11.0,27.3,25.3,20.0,1.0,5.0,1.0,9.5,372.0,465.0,80.0,6307.0,2540.0,173.0,190.0,91.1,156.0,180.0,86.7,32.0,64.0,50.0,0,0.7,0.5,7.0,18.0,3.0,2.0,24.0,465.0,409.0,54.0,13.0,0.0,1.0,17.0,20.0,5.0,5.0,0.0,0.0,372.0,2.0,14.0,13.0,9.0,1.0,0.0,2.0,1.0,0.0,0.0,0.0,0.0,0.0,0.0,0.0,0.0,14.0,8.0,10.0,4.0,0.0,9.0,11.0,81.8,2.0,13.0,6.0,7.0,10.0,24,14.0,0.0,42.0,565.0,101.0,261.0,203.0,107.0,6.0,565.0,14.0,3.0,21.4,11.0,78.6,326.0,1466.0,744.0,13.0,10.0,1.0,20.0,10.0,369.0,24.0,0,0,0,3.0,10.0,2.0,17.0,10.0,8.0,0.0,0.0,0,55.0,0.0,4.0,0.0
2023-02-05,16:00,Liga F,Matchweek 18,Sun,Home,W,7,0,Barcelona,Real Betis,4.3,0.1,75.0,,Aitana Bonmatí,4-1-4-1,Xiomara Díaz García,21.0,11.0,52.4,0.33,0.64,15.2,1.0,0,0,4.3,4.3,0.21,2.7,2.7,0.0,0.0,,1,0.0,0.0,0,0,0,0,1.0,1.0,100.0,18.0,5.0,5.6,22.7,3.0,0.0,24.3,5.0,0.0,0.0,1.0,20.0,629.0,734.0,85.7,11150.0,4260.0,281.0,313.0,89.8,305.0,333.0,91.6,40.0,69.0,58.0,4,3.5,2.9,14.0,76.0,20.0,6.0,73.0,734.0,676.0,52.0,13.0,0.0,2.0,21.0,31.0,4.0,2.0,1.0,0.0,629.0,6.0,7.0,40.0,34.0,2.0,2.0,0.0,2.0,0.0,13.0,11.0,1.0,1.0,0.0,0.0,0.0,11.0,8.0,3.0,7.0,1.0,4.0,6.0,66.7,2.0,9.0,0.0,9.0,15.0,26,10.0,0.0,75.0,848.0,30.0,152.0,455.0,244.0,37.0,848.0,22.0,6.0,27.3,16.0,72.7,408.0,2233.0,1290.0,21.0,17.0,3.0,16.0,10.0,624.0,72.0,1,0,0,6.0,13.0,6.0,21.0,15.0,8.0,0.0,0.0,0,55.0,10.0,5.0,66.7,3.0,0.0,0.0,0.0,,25.1,0.0,0,0,0.1,0.1,0.04,-0.1,-0.1,11.0,4.0,36.4,0,6.1,-0.9,0,0,0,0,4.0,22.0,18.2,23.0,2.0,60.9,42.3,11.0,72.7,42.0,17.0,0.0,0.0,1.0,10.0,129.0,240.0,53.8,2737.0,1249.0,39.0,55.0,70.9,66.0,100.0,66.0,21.0,73.0,28.8,0,0.1,0.1,2.0,7.0,1.0,0.0,7.0,240.0,188.0,51.0,11.0,0.0,2.0,5.0,20.0,1.0,0.0,0.0,1.0,129.0,1.0,9.0,3.0,3.0,0.0,0.0,0.0,0.0,0.0,0.0,0.0,0.0,0.0,0.0,0.0,0.0,26.0,14.0,20.0,6.0,0.0,16.0,22.0,72.7,6.0,10.0,4.0,6.0,17.0,43,18.0,1.0,25.0,351.0,65.0,192.0,126.0,37.0,3.0,351.0,6.0,2.0,33.3,4.0,66.7,156.0,677.0,251.0,3.0,3.0,0.0,12.0,7.0,129.0,7.0,2,0,0,13.0,6.0,1.0,5.0,17.0,14.0,0.0,0.0,0,36.0,5.0,10.0,33.3
2023-02-11,18:15,Liga F,Matchweek 19,Sat,Away,W,4,0,Barcelona,Alavés,4.7,0.4,73.0,,Marta Torrejón,4-3-3,Raquel Suárez González,26.0,11.0,42.3,0.12,0.27,14.3,0.0,0,0,4.7,4.7,0.19,-1.7,-1.7,0.0,0.0,,1,0.0,0.0,0,0,0,0,3.0,8.0,37.5,39.0,7.0,15.4,24.5,3.0,66.7,37.0,7.0,2.0,28.6,2.0,16.0,539.0,664.0,81.2,8810.0,3566.0,279.0,324.0,86.1,210.0,240.0,87.5,41.0,60.0,68.3,2,3.4,2.8,19.0,45.0,19.0,4.0,70.0,664.0,614.0,41.0,6.0,3.0,1.0,23.0,24.0,7.0,1.0,5.0,1.0,539.0,9.0,17.0,46.0,35.0,5.0,1.0,4.0,1.0,0.0,5.0,4.0,0.0,0.0,1.0,0.0,0.0,12.0,10.0,4.0,6.0,2.0,6.0,12.0,50.0,6.0,7.0,1.0,6.0,5.0,17,10.0,0.0,73.0,762.0,50.0,202.0,296.0,272.0,49.0,762.0,24.0,18.0,75.0,5.0,20.8,553.0,2758.0,1474.0,38.0,19.0,15.0,10.0,4.0,536.0,70.0,2,0,0,8.0,5.0,9.0,23.0,5.0,10.0,0.0,0.0,0,65.0,14.0,9.0,60.9,4.0,0.0,0.0,0.0,,18.7,0.0,0,0,0.4,0.4,0.09,-0.4,-0.4,11.0,8.0,63.6,0,3.1,0.1,0,0,0,0,11.0,24.0,45.8,32.0,4.0,53.1,38.1,14.0,50.0,36.4,18.0,0.0,0.0,1.0,17.0,139.0,248.0,56.0,3117.0,1873.0,42.0,65.0,64.6,56.0,83.0,67.5,34.0,79.0,43.0,0,0.3,0.4,2.0,11.0,3.0,1.0,12.0,248.0,185.0,62.0,16.0,1.0,0.0,11.0,25.0,2.0,0.0,1.0,1.0,139.0,1.0,10.0,6.0,4.0,1.0,0.0,0.0,1.0,0.0,0.0,0.0,0.0,0.0,0.0,0.0,0.0,9.0,8.0,4.0,4.0,1.0,5.0,23.0,21.7,18.0,19.0,4.0,15.0,19.0,28,23.0,0.0,27.0,368.0,92.0,192.0,119.0,60.0,4.0,368.0,12.0,6.0,50.0,6.0,50.0,139.0,704.0,271.0,6.0,3.0,0.0,12.0,6.0,138.0,12.0,1,0,0,5.0,8.0,1.0,11.0,19.0,8.0,0.0,0.0,1,40.0,9.0,14.0,39.1
2023-03-05,12:00,Liga F,Matchweek 20,Sun,Home,W,5,0,Barcelona,Villarreal,3.9,0.0,80.0,,Sandra Paños,4-5-1,María Eugenia Gil Soriano,21.0,12.0,57.1,0.24,0.42,14.3,0.0,0,0,3.9,3.9,0.19,1.1,1.1,0.0,0.0,,1,0.0,0.0,0,0,0,0,0.0,1.0,0.0,20.0,5.0,5.0,21.4,2.0,0.0,15.5,3.0,0.0,0.0,5.0,25.3,709.0,815.0,87.0,11607.0,3409.0,356.0,381.0,93.4,297.0,334.0,88.9,45.0,69.0,65.2,5,2.9,2.2,17.0,85.0,14.0,1.0,72.0,815.0,765.0,44.0,7.0,1.0,3.0,20.0,28.0,6.0,2.0,4.0,0.0,709.0,6.0,8.0,35.0,23.0,3.0,4.0,3.0,1.0,1.0,8.0,7.0,0.0,1.0,0.0,0.0,0.0,17.0,11.0,11.0,3.0,3.0,5.0,6.0,83.3,1.0,6.0,1.0,5.0,4.0,21,4.0,0.0,80.0,903.0,23.0,135.0,385.0,385.0,40.0,903.0,20.0,9.0,45.0,11.0,55.0,474.0,2043.0,1180.0,21.0,17.0,7.0,11.0,8.0,706.0,71.0,0,0,0,6.0,3.0,6.0,20.0,4.0,11.0,0.0,0.0,0,54.0,7.0,4.0,63.6,1.0,0.0,0.0,0.0,,19.2,0.0,0,0,0.0,0.0,0.03,0.0,0.0,12.0,7.0,58.3,0,3.7,-1.3,0,0,0,0,7.0,22.0,31.8,24.0,1.0,54.2,40.4,9.0,100.0,53.0,17.0,1.0,5.9,1.0,10.7,104.0,207.0,50.2,2199.0,1157.0,42.0,57.0,73.7,45.0,72.0,62.5,17.0,66.0,25.8,0,0.0,0.0,1.0,9.0,0.0,0.0,6.0,207.0,156.0,47.0,11.0,0.0,0.0,3.0,21.0,0.0,0.0,0.0,0.0,104.0,4.0,5.0,2.0,2.0,0.0,0.0,0.0,0.0,0.0,0.0,0.0,0.0,0.0,0.0,0.0,0.0,19.0,11.0,17.0,1.0,1.0,11.0,20.0,55.0,9.0,12.0,4.0,8.0,12.0,31,23.0,0.0,20.0,301.0,60.0,183.0,89.0,30.0,1.0,301.0,6.0,1.0,16.7,5.0,83.3,90.0,612.0,133.0,1.0,3.0,1.0,12.0,12.0,103.0,6.0,0,0,0,3.0,6.0,4.0,3.0,12.0,11.0,0.0,0.0,0,40.0,4.0,7.0,36.4
2023-03-11,18:15,Liga F,Matchweek 21,Sat,Away,W,4,0,Barcelona,Levante,2.1,0.3,49.0,,Sandra Paños,4-1-4-1,Zulema González González,20.0,9.0,45.0,0.2,0.44,17.2,0.0,0,0,2.1,2.1,0.1,1.9,1.9,2.0,2.0,100.0,1,0.2,0.2,0,0,0,0,8.0,17.0,47.1,33.0,2.0,42.4,36.4,9.0,33.3,26.8,5.0,1.0,20.0,1.0,17.5,327.0,451.0,72.5,6571.0,2686.0,120.0,158.0,75.9,144.0,176.0,81.8,55.0,99.0,55.6,2,1.5,0.6,13.0,30.0,8.0,0.0,43.0,451.0,395.0,53.0,9.0,0.0,4.0,19.0,28.0,6.0,5.0,0.0,0.0,327.0,3.0,14.0,30.0,17.0,4.0,6.0,3.0,0.0,0.0,7.0,5.0,0.0,2.0,0.0,0.0,0.0,15.0,13.0,5.0,6.0,4.0,0.0,3.0,0.0,3.0,13.0,0.0,13.0,14.0,29,13.0,0.0,49.0,542.0,66.0,187.0,181.0,185.0,30.0,542.0,24.0,14.0,58.3,10.0,41.7,247.0,1776.0,825.0,29.0,21.0,10.0,10.0,7.0,317.0,42.0,2,0,0,10.0,5.0,3.0,19.0,14.0,13.0,0.0,0.0,0,64.0,7.0,5.0,58.3,6.0,2.0,33.3,0.0,0.0,17.2,0.0,0,0,0.3,0.3,0.05,-0.3,-0.3,9.0,5.0,55.6,0,2.9,-1.1,0,0,0,0,1.0,9.0,11.1,30.0,11.0,30.0,27.3,9.0,0.0,10.2,14.0,1.0,7.1,2.0,17.0,346.0,467.0,74.1,6674.0,2863.0,120.0,149.0,80.5,186.0,213.0,87.3,35.0,85.0,41.2,0,0.3,0.5,5.0,24.0,10.0,0.0,33.0,467.0,410.0,53.0,13.0,0.0,0.0,10.0,23.0,4.0,4.0,0.0,0.0,346.0,4.0,14.0,10.0,9.0,0.0,1.0,0.0,0.0,0.0,0.0,0.0,0.0,0.0,0.0,0.0,0.0,17.0,13.0,11.0,3.0,3.0,10.0,23.0,43.5,13.0,20.0,7.0,13.0,12.0,29,21.0,1.0,51.0,562.0,86.0,245.0,206.0,116.0,15.0,562.0,3.0,2.0,66.7,0.0,0.0,267.0,1465.0,600.0,5.0,5.0,1.0,20.0,15.0,342.0,33.0,0,0,0,5.0,10.0,4.0,10.0,12.0,13.0,0.0,0.0,0,56.0,5.0,6.0,45.5
2023-03-17,19:00,Liga F,Matchweek 22,Fri,Home,W,5,1,Barcelona,Valencia,4.6,0.7,75.0,,Marta Torrejón,4-1-4-1,Paola Cebollada López,30.0,15.0,50.0,0.13,0.27,16.0,0.0,1,1,4.6,3.8,0.13,0.4,0.2,1.0,0.0,0.0,0,0.9,0.0,0,0,0,0,2.0,2.0,100.0,26.0,1.0,7.7,22.0,5.0,0.0,15.4,3.0,0.0,0.0,1.0,23.0,643.0,744.0,86.4,11461.0,3793.0,253.0,274.0,92.3,337.0,370.0,91.1,44.0,67.0,65.7,3,2.9,2.4,23.0,65.0,20.0,6.0,90.0,744.0,702.0,38.0,6.0,1.0,3.0,30.0,16.0,9.0,3.0,0.0,1.0,643.0,4.0,11.0,52.0,41.0,2.0,3.0,5.0,1.0,0.0,10.0,8.0,0.0,1.0,0.0,1.0,0.0,11.0,9.0,3.0,5.0,3.0,2.0,7.0,28.6,5.0,4.0,0.0,4.0,18.0,29,3.0,0.0,75.0,848.0,35.0,179.0,343.0,333.0,53.0,847.0,23.0,9.0,39.1,14.0,60.9,518.0,2614.0,1600.0,33.0,29.0,15.0,12.0,5.0,640.0,90.0,0,0,0,3.0,6.0,4.0,30.0,18.0,9.0,1.0,0.0,0,72.0,6.0,8.0,42.9,4.0,1.0,25.0,0.25,1.0,23.5,0.0,0,0,0.7,0.7,0.19,0.3,0.3,16.0,11.0,75.0,0,5.1,0.1,1,1,0,0,8.0,24.0,33.3,20.0,1.0,60.0,40.7,18.0,66.7,44.7,24.0,1.0,4.2,0.0,4.5,151.0,251.0,60.2,2956.0,1437.0,51.0,74.0,68.9,83.0,107.0,77.6,17.0,63.0,27.0,1,0.7,0.3,3.0,7.0,1.0,0.0,9.0,251.0,199.0,51.0,6.0,0.0,0.0,6.0,21.0,1.0,1.0,0.0,0.0,151.0,1.0,4.0,6.0,3.0,2.0,1.0,0.0,0.0,0.0,2.0,0.0,2.0,0.0,0.0,0.0,0.0,19.0,8.0,14.0,4.0,1.0,14.0,23.0,60.9,9.0,14.0,5.0,9.0,16.0,35,25.0,1.0,25.0,349.0,87.0,186.0,125.0,43.0,5.0,349.0,7.0,5.0,71.4,2.0,28.6,73.0,644.0,224.0,5.0,2.0,2.0,14.0,9.0,151.0,9.0,2,0,0,6.0,3.0,1.0,6.0,16.0,8.0,0.0,1.0,0,41.0,8.0,6.0,57.1
2023-03-21,21:00,Champions Lg,Quarter-finals,Tue,Away,W,1,0,Barcelona,it AS Roma,3.4,0.7,69.0,39454.0,Sandra Paños,4-3-3,Iuliana Demetrescu,33.0,10.0,30.3,0.03,0.1,15.3,1.0,0,0,3.4,3.4,0.11,-2.4,-2.4,4.0,4.0,100.0,1,0.7,0.7,0,0,0,0,0.0,2.0,0.0,18.0,4.0,11.1,26.6,4.0,0.0,20.5,12.0,2.0,16.7,2.0,16.7,560.0,653.0,85.8,9124.0,3282.0,281.0,301.0,93.4,217.0,245.0,88.6,43.0,71.0,60.6,1,2.6,3.4,25.0,63.0,19.0,5.0,62.0,653.0,607.0,43.0,5.0,0.0,1.0,30.0,23.0,10.0,7.0,0.0,0.0,560.0,3.0,10.0,57.0,42.0,6.0,3.0,5.0,1.0,0.0,2.0,2.0,0.0,0.0,0.0,0.0,0.0,15.0,6.0,0.0,8.0,7.0,6.0,14.0,42.9,8.0,15.0,3.0,12.0,4.0,19,12.0,0.0,69.0,780.0,44.0,168.0,327.0,287.0,58.0,780.0,20.0,12.0,60.0,8.0,40.0,410.0,1970.0,1053.0,26.0,13.0,11.0,22.0,8.0,553.0,62.0,2,0,0,11.0,5.0,3.0,30.0,4.0,6.0,0.0,0.0,0,68.0,14.0,7.0,66.7,10.0,4.0,40.0,0.0,0.0,19.4,0.0,0,0,0.7,0.7,0.07,-0.7,-0.7,10.0,9.0,90.0,0,2.8,1.8,0,0,0,0,1.0,2.0,50.0,18.0,5.0,5.6,24.6,18.0,5.6,22.0,22.0,1.0,4.5,0.0,9.3,188.0,296.0,63.5,3292.0,1514.0,84.0,113.0,74.3,88.0,119.0,73.9,13.0,47.0,27.7,0,0.2,0.2,7.0,7.0,3.0,1.0,12.0,296.0,240.0,55.0,13.0,1.0,0.0,13.0,18.0,4.0,2.0,2.0,0.0,188.0,1.0,13.0,18.0,11.0,3.0,0.0,2.0,2.0,0.0,0.0,0.0,0.0,0.0,0.0,0.0,0.0,16.0,10.0,9.0,7.0,0.0,8.0,20.0,40.0,12.0,12.0,7.0,5.0,8.0,24,27.0,0.0,31.0,407.0,94.0,243.0,133.0,39.0,14.0,407.0,14.0,8.0,57.1,6.0,42.9,216.0,1083.0,525.0,9.0,2.0,2.0,15.0,9.0,185.0,11.0,1,0,0,5.0,11.0,1.0,13.0,8.0,10.0,0.0,0.0,0,58.0,7.0,14.0,33.3
2023-03-25,18:15,Liga F,Matchweek 23,Sat,Home,W,1,0,Barcelona,Real Madrid,1.8,0.3,57.0,,Marta Torrejón,4-3-3,Olatz Rivera Olmedo,16.0,5.0,31.3,0.0,0.0,18.7,1.0,1,1,1.8,1.1,0.07,-0.8,-1.1,2.0,2.0,100.0,1,0.1,0.1,0,0,0,0,2.0,2.0,100.0,24.0,6.0,4.2,23.0,4.0,25.0,28.3,4.0,0.0,0.0,1.0,35.0,460.0,568.0,81.0,7759.0,2869.0,202.0,234.0,86.3,202.0,222.0,91.0,36.0,65.0,55.4,0,0.5,0.8,9.0,34.0,9.0,5.0,52.0,568.0,510.0,56.0,13.0,1.0,1.0,36.0,28.0,10.0,4.0,5.0,0.0,460.0,2.0,13.0,27.0,16.0,5.0,1.0,1.0,3.0,1.0,2.0,0.0,1.0,0.0,0.0,1.0,0.0,26.0,18.0,3.0,14.0,9.0,11.0,17.0,64.7,6.0,8.0,1.0,7.0,10.0,36,6.0,0.0,57.0,692.0,37.0,168.0,297.0,230.0,36.0,691.0,32.0,15.0,46.9,17.0,53.1,395.0,2205.0,1093.0,27.0,16.0,12.0,18.0,16.0,458.0,52.0,1,0,0,5.0,11.0,2.0,36.0,10.0,18.0,1.0,0.0,0,60.0,12.0,3.0,80.0,5.0,2.0,40.0,0.0,0.0,23.8,0.0,0,0,0.3,0.3,0.05,-0.3,-0.3,6.0,5.0,100.0,0,1.4,0.4,1,1,0,0,4.0,10.0,40.0,17.0,3.0,35.3,32.6,15.0,26.7,35.5,28.0,3.0,10.7,0.0,6.1,327.0,424.0,77.1,5256.0,2127.0,162.0,180.0,90.0,112.0,138.0,81.2,32.0,67.0,47.8,0,0.1,0.2,3.0,19.0,3.0,0.0,14.0,424.0,375.0,46.0,7.0,1.0,1.0,7.0,20.0,2.0,1.0,1.0,0.0,327.0,3.0,8.0,6.0,5.0,0.0,0.0,0.0,0.0,1.0,0.0,0.0,0.0,0.0,0.0,0.0,0.0,33.0,22.0,18.0,14.0,1.0,17.0,32.0,53.1,15.0,13.0,1.0,12.0,14.0,47,22.0,0.0,43.0,560.0,79.0,235.0,253.0,76.0,4.0,560.0,17.0,6.0,35.3,11.0,64.7,300.0,1588.0,630.0,12.0,5.0,1.0,15.0,15.0,326.0,14.0,2,0,0,12.0,5.0,3.0,7.0,14.0,22.0,0.0,1.0,0,58.0,3.0,12.0,20.0
2023-03-29,18:45,Champions Lg,Quarter-finals,Wed,Home,W,5,1,Barcelona,it AS Roma,3.0,0.6,70.0,54667.0,Sandra Paños,4-3-3,Riem Hussein,22.0,9.0,40.9,0.23,0.56,13.6,0.0,0,0,3.0,3.0,0.14,2.0,2.0,2.0,1.0,50.0,0,0.8,-0.2,0,0,0,0,2.0,2.0,100.0,27.0,1.0,7.4,20.7,4.0,0.0,20.0,2.0,0.0,0.0,3.0,19.9,719.0,803.0,89.5,10986.0,3557.0,385.0,420.0,91.7,264.0,280.0,94.3,44.0,61.0,72.1,5,2.8,3.2,19.0,68.0,18.0,3.0,66.0,803.0,760.0,43.0,5.0,3.0,0.0,25.0,22.0,10.0,8.0,0.0,0.0,719.0,0.0,10.0,40.0,33.0,3.0,2.0,0.0,0.0,2.0,10.0,9.0,1.0,0.0,0.0,0.0,0.0,9.0,7.0,3.0,3.0,3.0,4.0,9.0,44.4,5.0,12.0,1.0,11.0,8.0,17,8.0,0.0,70.0,895.0,47.0,173.0,413.0,317.0,45.0,895.0,28.0,20.0,71.4,8.0,28.6,484.0,2464.0,1292.0,30.0,18.0,13.0,12.0,5.0,714.0,66.0,2,0,0,13.0,4.0,0.0,25.0,8.0,7.0,0.0,0.0,0,62.0,5.0,3.0,62.5,6.0,2.0,33.3,0.17,0.5,19.7,1.0,0,0,0.6,0.6,0.11,0.4,0.4,9.0,4.0,44.4,0,3.5,-1.5,0,0,0,0,1.0,3.0,33.3,28.0,5.0,10.7,25.0,11.0,0.0,15.9,17.0,0.0,0.0,0.0,9.3,252.0,342.0,73.7,4078.0,1522.0,131.0,162.0,80.9,106.0,127.0,83.5,13.0,40.0,32.5,1,0.5,1.1,4.0,8.0,1.0,0.0,9.0,342.0,302.0,39.0,12.0,7.0,2.0,3.0,11.0,0.0,0.0,0.0,0.0,252.0,1.0,12.0,11.0,9.0,0.0,0.0,0.0,2.0,0.0,2.0,2.0,0.0,0.0,0.0,0.0,0.0,13.0,10.0,10.0,2.0,1.0,8.0,28.0,28.6,20.0,16.0,8.0,8.0,15.0,28,21.0,0.0,30.0,434.0,95.0,261.0,135.0,44.0,9.0,434.0,9.0,5.0,55.6,4.0,44.4,235.0,1206.0,569.0,12.0,7.0,4.0,12.0,5.0,251.0,9.0,0,0,0,4.0,13.0,1.0,3.0,15.0,10.0,0.0,0.0,0,60.0,2.0,7.0,22.2
2023-04-02,18:00,Liga F,Matchweek 24,Sun,Away,W,2,0,Barcelona,Alhama,3.2,0.3,76.0,,Marta Torrejón,4-3-3,Raquel Suárez González,26.0,6.0,23.1,0.04,0.17,15.1,0.0,0,0,3.2,3.2,0.12,-2.2,-2.2,1.0,1.0,100.0,1,0.2,0.2,0,0,0,0,4.0,9.0,44.4,39.0,7.0,15.4,30.3,9.0,33.3,34.8,4.0,0.0,0.0,0.0,15.5,589.0,714.0,82.5,10631.0,4238.0,267.0,306.0,87.3,256.0,293.0,87.4,61.0,97.0,62.9,1,2.7,2.2,21.0,36.0,18.0,4.0,61.0,714.0,638.0,75.0,11.0,0.0,4.0,23.0,39.0,15.0,7.0,4.0,1.0,589.0,1.0,14.0,48.0,31.0,7.0,4.0,4.0,1.0,1.0,2.0,2.0,0.0,0.0,0.0,0.0,0.0,16.0,10.0,3.0,8.0,5.0,3.0,4.0,75.0,1.0,4.0,1.0,3.0,11.0,27,2.0,0.0,76.0,818.0,63.0,256.0,364.0,203.0,50.0,818.0,26.0,15.0,57.7,11.0,42.3,458.0,2195.0,942.0,26.0,15.0,15.0,18.0,26.0,582.0,61.0,3,0,0,3.0,10.0,1.0,23.0,11.0,10.0,0.0,0.0,0,61.0,18.0,10.0,64.3,6.0,1.0,16.7,0.0,0.0,18.5,0.0,0,0,0.3,0.3,0.05,-0.3,-0.3,6.0,5.0,66.7,0,1.7,0.7,0,0,0,0,13.0,29.0,44.8,29.0,0.0,89.7,50.2,17.0,17.6,13.0,20.0,0.0,0.0,0.0,5.0,108.0,224.0,48.2,2351.0,1528.0,38.0,57.0,66.7,33.0,65.0,50.8,26.0,79.0,32.9,0,0.1,0.1,3.0,8.0,3.0,2.0,8.0,224.0,178.0,45.0,4.0,0.0,0.0,7.0,21.0,0.0,0.0,0.0,0.0,108.0,1.0,4.0,6.0,3.0,1.0,1.0,0.0,0.0,1.0,0.0,0.0,0.0,0.0,0.0,0.0,0.0,38.0,18.0,24.0,13.0,1.0,11.0,26.0,42.3,15.0,21.0,8.0,13.0,20.0,58,19.0,0.0,24.0,346.0,92.0,174.0,136.0,41.0,4.0,346.0,4.0,1.0,25.0,3.0,75.0,94.0,482.0,177.0,6.0,3.0,1.0,7.0,12.0,108.0,8.0,2,0,0,10.0,3.0,1.0,7.0,20.0,18.0,0.0,0.0,1,51.0,11.0,20.0,35.5
2023-04-15,12:00,Liga F,Matchweek 25,Sat,Home,W,4,0,Barcelona,Atlético Madrid,2.6,0.2,60.0,,Marta Torrejón,4-3-3,Arantza Gallastegui Pérez,27.0,12.0,44.4,0.15,0.33,17.3,1.0,0,0,2.6,2.6,0.1,1.4,1.4,2.0,2.0,100.0,1,0.2,0.2,0,0,0,0,3.0,8.0,37.5,29.0,4.0,27.6,30.4,4.0,0.0,10.8,7.0,2.0,28.6,1.0,11.0,491.0,589.0,83.4,8454.0,3361.0,227.0,265.0,85.7,207.0,225.0,92.0,48.0,76.0,63.2,2,1.1,2.0,19.0,55.0,18.0,2.0,58.0,589.0,539.0,47.0,10.0,0.0,1.0,27.0,19.0,13.0,0.0,0.0,11.0,491.0,3.0,7.0,44.0,32.0,5.0,1.0,5.0,1.0,0.0,5.0,4.0,0.0,1.0,0.0,0.0,0.0,17.0,12.0,3.0,10.0,4.0,7.0,14.0,50.0,7.0,8.0,2.0,6.0,11.0,28,9.0,0.0,60.0,683.0,58.0,180.0,269.0,238.0,51.0,683.0,15.0,10.0,66.7,5.0,33.3,382.0,1854.0,908.0,24.0,12.0,11.0,12.0,5.0,483.0,56.0,0,0,0,5.0,7.0,3.0,27.0,11.0,12.0,0.0,0.0,0,42.0,2.0,1.0,66.7,5.0,2.0,40.0,0.0,0.0,19.6,0.0,0,0,0.2,0.2,0.05,-0.2,-0.2,12.0,8.0,66.7,0,2.9,-1.1,0,0,0,0,7.0,15.0,46.7,39.0,11.0,28.2,30.4,8.0,50.0,35.3,21.0,0.0,0.0,0.0,7.0,307.0,387.0,79.3,6069.0,2266.0,111.0,130.0,85.4,154.0,171.0,90.1,37.0,71.0,52.1,0,0.2,0.2,3.0,12.0,2.0,1.0,15.0,387.0,350.0,35.0,8.0,3.0,3.0,9.0,12.0,3.0,1.0,0.0,1.0,307.0,2.0,6.0,8.0,6.0,1.0,0.0,0.0,1.0,0.0,0.0,0.0,0.0,0.0,0.0,0.0,0.0,11.0,8.0,4.0,4.0,3.0,5.0,15.0,33.3,10.0,9.0,7.0,2.0,14.0,25,23.0,1.0,40.0,491.0,109.0,252.0,176.0,66.0,11.0,491.0,14.0,7.0,50.0,7.0,50.0,187.0,1357.0,713.0,15.0,9.0,5.0,12.0,10.0,304.0,15.0,3,0,0,8.0,5.0,2.0,9.0,14.0,8.0,0.0,0.0,0,38.0,1.0,2.0,33.3
2023-04-22,12:30,Champions Lg,Semi-finals,Sat,Away,W,1,0,Barcelona,eng Chelsea,1.0,0.3,69.0,27697.0,Sandra Paños,4-3-3,Jana Adámková,16.0,6.0,37.5,0.06,0.17,17.7,0.0,0,0,1.0,1.0,0.07,0.0,0.0,3.0,3.0,100.0,1,0.5,0.5,0,0,0,0,6.0,12.0,50.0,32.0,6.0,28.1,29.5,3.0,100.0,56.3,3.0,0.0,0.0,3.0,16.1,524.0,643.0,81.5,8535.0,3372.0,300.0,326.0,92.0,164.0,209.0,78.5,49.0,82.0,59.8,1,0.8,0.8,12.0,57.0,12.0,3.0,48.0,643.0,591.0,50.0,12.0,1.0,5.0,25.0,27.0,7.0,2.0,2.0,0.0,524.0,2.0,11.0,30.0,23.0,2.0,2.0,3.0,0.0,0.0,2.0,1.0,0.0,1.0,0.0,0.0,0.0,11.0,6.0,3.0,2.0,6.0,3.0,8.0,37.5,5.0,6.0,2.0,4.0,8.0,19,4.0,0.0,69.0,750.0,49.0,204.0,300.0,255.0,36.0,750.0,22.0,13.0,59.1,9.0,40.9,385.0,2375.0,1002.0,24.0,18.0,11.0,27.0,20.0,521.0,48.0,3,0,0,4.0,9.0,2.0,25.0,8.0,6.0,0.0,0.0,0,72.0,13.0,12.0,52.0,6.0,3.0,50.0,0.0,0.0,22.5,0.0,0,0,0.3,0.3,0.06,-0.3,-0.3,6.0,5.0,83.3,0,1.1,0.1,0,0,0,0,11.0,25.0,44.0,25.0,1.0,76.0,45.0,6.0,100.0,52.5,18.0,1.0,5.6,0.0,8.7,165.0,286.0,57.7,3496.0,1602.0,60.0,85.0,70.6,73.0,105.0,69.5,28.0,77.0,36.4,0,0.3,0.3,3.0,12.0,3.0,0.0,15.0,286.0,248.0,35.0,6.0,0.0,0.0,7.0,20.0,1.0,1.0,0.0,0.0,165.0,3.0,4.0,7.0,5.0,0.0,1.0,1.0,0.0,0.0,0.0,0.0,0.0,0.0,0.0,0.0,0.0,29.0,11.0,19.0,9.0,1.0,9.0,23.0,39.1,14.0,16.0,6.0,10.0,7.0,36,36.0,0.0,31.0,417.0,67.0,189.0,178.0,55.0,10.0,417.0,8.0,4.0,50.0,3.0,37.5,155.0,930.0,391.0,7.0,3.0,3.0,18.0,7.0,160.0,15.0,2,0,0,9.0,3.0,2.0,7.0,7.0,11.0,0.0,0.0,0,55.0,12.0,13.0,48.0
2023-04-27,18:45,Champions Lg,Semi-finals,Thu,Home,D,1,1,Barcelona,eng Chelsea,1.1,0.6,54.0,72262.0,Marta Torrejón,4-3-3,Esther Staubli,14.0,2.0,14.3,0.07,0.5,16.4,0.0,0,0,1.1,1.1,0.08,-0.1,-0.1,3.0,2.0,66.7,0,0.6,-0.4,0,0,0,0,4.0,11.0,36.4,17.0,5.0,41.2,32.8,5.0,80.0,44.4,4.0,0.0,0.0,0.0,,366.0,488.0,75.0,5692.0,2105.0,209.0,238.0,87.8,116.0,148.0,78.4,30.0,65.0,46.2,1,0.9,0.9,10.0,22.0,9.0,2.0,33.0,488.0,443.0,43.0,9.0,0.0,4.0,14.0,20.0,7.0,3.0,0.0,1.0,366.0,2.0,15.0,26.0,22.0,0.0,2.0,2.0,0.0,0.0,2.0,2.0,0.0,0.0,0.0,0.0,0.0,6.0,6.0,1.0,3.0,2.0,1.0,7.0,14.3,6.0,5.0,1.0,4.0,3.0,9,6.0,0.0,54.0,570.0,37.0,165.0,238.0,173.0,31.0,570.0,37.0,21.0,56.8,12.0,32.4,275.0,1685.0,819.0,25.0,15.0,10.0,16.0,14.0,363.0,32.0,0,0,0,7.0,7.0,2.0,14.0,3.0,6.0,0.0,0.0,0,58.0,14.0,17.0,45.2,5.0,3.0,60.0,0.2,0.33,18.9,0.0,0,0,0.6,0.6,0.14,0.4,0.4,2.0,1.0,50.0,0,0.7,-0.3,0,0,0,0,16.0,26.0,61.5,30.0,1.0,60.0,39.7,8.0,100.0,59.4,11.0,0.0,0.0,1.0,12.7,296.0,411.0,72.0,5973.0,2363.0,111.0,138.0,80.4,142.0,172.0,82.6,42.0,84.0,50.0,1,0.5,0.2,4.0,24.0,3.0,0.0,21.0,411.0,369.0,39.0,9.0,0.0,1.0,8.0,19.0,1.0,1.0,0.0,0.0,296.0,3.0,5.0,9.0,5.0,0.0,1.0,1.0,0.0,2.0,1.0,0.0,0.0,0.0,1.0,0.0,0.0,26.0,15.0,12.0,11.0,3.0,12.0,33.0,36.4,21.0,19.0,5.0,14.0,6.0,32,20.0,0.0,46.0,519.0,68.0,213.0,240.0,74.0,9.0,519.0,7.0,6.0,85.7,1.0,14.3,282.0,1169.0,483.0,11.0,5.0,2.0,14.0,5.0,293.0,19.0,2,0,0,7.0,4.0,3.0,8.0,6.0,15.0,0.0,0.0,0,54.0,17.0,14.0,54.8
2023-04-30,16:00,Liga F,Matchweek 27,Sun,Home,W,3,0,Barcelona,Sporting Huelva,1.8,0.0,84.0,,Claudia Pina,4-3-3,Alicia Espinosa Ríos,22.0,4.0,18.2,0.14,0.75,18.5,1.0,0,0,1.8,1.8,0.08,1.2,1.2,0.0,0.0,,1,0.0,0.0,0,0,0,0,0.0,0.0,,22.0,2.0,0.0,19.2,2.0,0.0,22.5,0.0,0.0,,3.0,38.7,670.0,790.0,84.8,9953.0,3629.0,345.0,399.0,86.5,258.0,289.0,89.3,26.0,42.0,61.9,3,1.5,2.2,16.0,74.0,15.0,4.0,80.0,790.0,726.0,62.0,11.0,1.0,0.0,33.0,39.0,9.0,0.0,0.0,8.0,670.0,2.0,16.0,43.0,30.0,5.0,1.0,2.0,3.0,2.0,6.0,2.0,2.0,0.0,1.0,1.0,0.0,10.0,9.0,2.0,1.0,7.0,2.0,4.0,50.0,2.0,4.0,0.0,4.0,4.0,14,1.0,0.0,84.0,860.0,16.0,83.0,372.0,409.0,29.0,860.0,16.0,11.0,68.8,5.0,31.3,602.0,3099.0,1305.0,26.0,31.0,4.0,16.0,20.0,667.0,79.0,1,0,0,6.0,8.0,2.0,33.0,4.0,9.0,0.0,0.0,0,50.0,12.0,9.0,57.1,0.0,0.0,,,,,0.0,0,0,0.0,0.0,,0.0,0.0,4.0,1.0,25.0,0,1.6,-1.4,0,0,0,0,6.0,25.0,24.0,13.0,0.0,92.3,52.3,14.0,92.9,51.2,26.0,2.0,7.7,0.0,6.2,59.0,151.0,39.1,1332.0,907.0,25.0,43.0,58.1,21.0,44.0,47.7,13.0,56.0,23.2,0,0.0,0.0,0.0,4.0,1.0,0.0,2.0,151.0,114.0,34.0,7.0,2.0,0.0,0.0,9.0,0.0,0.0,0.0,0.0,59.0,3.0,3.0,0.0,0.0,0.0,0.0,0.0,0.0,0.0,0.0,0.0,0.0,0.0,0.0,0.0,0.0,25.0,17.0,21.0,2.0,2.0,5.0,16.0,31.3,11.0,15.0,5.0,10.0,16.0,41,40.0,0.0,16.0,273.0,69.0,199.0,61.0,17.0,2.0,273.0,4.0,2.0,50.0,2.0,50.0,67.0,455.0,201.0,2.0,2.0,0.0,13.0,8.0,59.0,2.0,0,0,0,9.0,5.0,3.0,0.0,16.0,17.0,0.0,0.0,0,48.0,9.0,12.0,42.9
2023-05-06,18:15,Liga F,Matchweek 28,Sat,Away,W,5,2,Barcelona,Real Sociedad,2.6,0.4,61.0,,Marta Torrejón,4-3-3,Xiomara Díaz García,19.0,12.0,63.2,0.26,0.42,15.0,0.0,0,0,2.6,2.6,0.14,2.4,2.4,1.0,0.0,-100.0,0,0.4,-0.6,0,0,0,0,0.0,3.0,0.0,18.0,4.0,16.7,28.3,5.0,0.0,8.4,7.0,1.0,14.3,3.0,18.0,577.0,665.0,86.8,8792.0,2804.0,333.0,355.0,93.8,204.0,228.0,89.5,31.0,60.0,51.7,5,2.3,3.3,17.0,60.0,15.0,5.0,62.0,665.0,634.0,29.0,3.0,2.0,1.0,29.0,11.0,7.0,4.0,0.0,0.0,577.0,2.0,7.0,35.0,27.0,1.0,6.0,1.0,0.0,0.0,10.0,7.0,0.0,3.0,0.0,0.0,0.0,15.0,9.0,4.0,8.0,3.0,2.0,8.0,25.0,6.0,16.0,0.0,16.0,18.0,33,4.0,1.0,61.0,757.0,47.0,171.0,276.0,316.0,43.0,757.0,21.0,15.0,71.4,6.0,28.6,471.0,2250.0,1241.0,25.0,18.0,12.0,12.0,7.0,575.0,61.0,1,0,0,9.0,1.0,2.0,29.0,18.0,9.0,0.0,0.0,1,62.0,4.0,6.0,40.0,5.0,1.0,20.0,0.2,1.0,16.9,0.0,0,0,0.4,0.4,0.08,0.6,0.6,12.0,7.0,58.3,0,4.3,-0.7,0,0,0,0,3.0,7.0,42.9,32.0,6.0,12.5,26.0,11.0,27.3,23.7,21.0,1.0,4.8,1.0,17.0,316.0,420.0,75.2,5664.0,2056.0,140.0,163.0,85.9,148.0,170.0,87.1,25.0,62.0,40.3,1,0.4,0.2,4.0,12.0,3.0,1.0,18.0,420.0,375.0,43.0,10.0,0.0,4.0,8.0,15.0,1.0,0.0,1.0,0.0,316.0,2.0,16.0,6.0,4.0,0.0,1.0,0.0,0.0,1.0,2.0,1.0,0.0,1.0,0.0,0.0,0.0,13.0,12.0,11.0,1.0,1.0,6.0,21.0,28.6,15.0,6.0,2.0,4.0,11.0,24,15.0,0.0,39.0,494.0,91.0,315.0,139.0,43.0,7.0,494.0,8.0,6.0,75.0,2.0,25.0,346.0,1240.0,557.0,12.0,3.0,1.0,11.0,13.0,314.0,17.0,0,0,0,1.0,9.0,2.0,8.0,11.0,12.0,0.0,0.0,0,48.0,6.0,4.0,60.0
2023-05-10,19:00,Liga F,Matchweek 26,Wed,Away,D,1,1,Barcelona,Sevilla,1.5,0.9,83.0,,Sandra Paños,4-3-3,María Gloria Planes Terol,24.0,5.0,20.8,0.04,0.2,14.4,0.0,0,0,1.5,1.5,0.07,-0.5,-0.5,1.0,0.0,0.0,0,0.1,-0.9,0,0,0,0,0.0,0.0,,20.0,4.0,0.0,21.0,5.0,0.0,14.4,7.0,0.0,0.0,2.0,19.8,731.0,839.0,87.1,12239.0,3924.0,357.0,399.0,89.5,321.0,355.0,90.4,48.0,68.0,70.6,1,1.3,3.2,19.0,90.0,24.0,3.0,104.0,839.0,788.0,51.0,4.0,0.0,1.0,29.0,27.0,13.0,4.0,6.0,0.0,731.0,0.0,14.0,46.0,34.0,6.0,1.0,5.0,0.0,0.0,2.0,1.0,0.0,0.0,1.0,0.0,0.0,19.0,15.0,6.0,7.0,6.0,14.0,20.0,70.0,6.0,9.0,3.0,6.0,7.0,26,5.0,0.0,83.0,953.0,39.0,149.0,384.0,426.0,56.0,953.0,35.0,26.0,74.3,9.0,25.7,423.0,2537.0,1609.0,40.0,23.0,8.0,27.0,20.0,725.0,104.0,1,0,0,11.0,4.0,0.0,29.0,7.0,15.0,0.0,0.0,0,71.0,7.0,7.0,50.0,7.0,1.0,14.3,0.14,1.0,12.3,0.0,0,0,0.9,0.9,0.13,0.1,0.1,5.0,4.0,80.0,0,1.2,0.2,0,0,0,0,7.0,19.0,36.8,12.0,2.0,75.0,50.1,13.0,76.9,40.9,22.0,1.0,4.5,0.0,2.0,83.0,174.0,47.7,1727.0,1187.0,30.0,48.0,62.5,27.0,56.0,48.2,21.0,58.0,36.2,1,0.8,0.5,6.0,4.0,2.0,2.0,9.0,174.0,133.0,41.0,11.0,0.0,0.0,8.0,12.0,3.0,0.0,3.0,0.0,83.0,0.0,3.0,10.0,5.0,2.0,1.0,1.0,0.0,1.0,2.0,1.0,0.0,0.0,0.0,0.0,1.0,29.0,14.0,17.0,10.0,2.0,9.0,35.0,25.7,26.0,18.0,8.0,10.0,18.0,47,35.0,0.0,17.0,320.0,80.0,194.0,90.0,43.0,9.0,320.0,20.0,6.0,30.0,14.0,70.0,97.0,792.0,379.0,9.0,8.0,3.0,18.0,5.0,82.0,9.0,2,0,0,4.0,10.0,0.0,8.0,18.0,14.0,0.0,0.0,0,61.0,7.0,7.0,50.0
2023-05-13,12:00,Liga F,Matchweek 29,Sat,Home,W,3,0,Barcelona,Athletic Club,2.7,0.2,75.0,,Marta Torrejón,4-3-3,Raquel Suárez González,28.0,8.0,28.6,0.11,0.38,15.4,0.0,0,0,2.7,2.7,0.1,0.3,0.3,3.0,3.0,100.0,1,0.3,0.3,0,0,0,0,5.0,6.0,83.3,23.0,4.0,8.7,23.8,4.0,100.0,60.8,4.0,0.0,0.0,4.0,24.6,626.0,743.0,84.3,10625.0,3967.0,305.0,348.0,87.6,276.0,310.0,89.0,42.0,70.0,60.0,3,2.3,3.1,23.0,76.0,19.0,5.0,95.0,743.0,693.0,48.0,4.0,0.0,4.0,36.0,26.0,13.0,10.0,0.0,1.0,626.0,2.0,12.0,50.0,41.0,3.0,2.0,3.0,0.0,1.0,5.0,3.0,1.0,1.0,0.0,0.0,0.0,15.0,9.0,0.0,8.0,7.0,4.0,8.0,50.0,4.0,5.0,0.0,5.0,14.0,29,6.0,0.0,75.0,829.0,38.0,116.0,412.0,308.0,53.0,829.0,10.0,8.0,80.0,2.0,20.0,460.0,1929.0,985.0,28.0,14.0,15.0,12.0,13.0,612.0,91.0,0,0,0,6.0,2.0,2.0,36.0,14.0,9.0,0.0,0.0,0,68.0,8.0,3.0,72.7,7.0,3.0,42.9,0.0,0.0,31.8,0.0,0,0,0.2,0.2,0.03,-0.2,-0.2,8.0,5.0,62.5,0,1.0,-2.0,0,0,0,0,6.0,20.0,30.0,15.0,2.0,33.3,36.1,21.0,76.2,42.1,33.0,1.0,3.0,0.0,4.5,154.0,245.0,62.9,3171.0,1501.0,58.0,73.0,79.5,68.0,91.0,74.7,26.0,73.0,35.6,0,0.0,0.0,1.0,4.0,0.0,0.0,13.0,245.0,195.0,49.0,8.0,1.0,1.0,4.0,15.0,2.0,2.0,0.0,0.0,154.0,1.0,4.0,8.0,2.0,1.0,2.0,1.0,2.0,0.0,0.0,0.0,0.0,0.0,0.0,0.0,0.0,15.0,11.0,10.0,4.0,1.0,2.0,10.0,20.0,8.0,18.0,7.0,11.0,17.0,32,37.0,0.0,25.0,368.0,98.0,220.0,121.0,29.0,1.0,368.0,8.0,4.0,50.0,4.0,50.0,122.0,790.0,393.0,5.0,5.0,0.0,12.0,11.0,150.0,13.0,0,0,0,3.0,6.0,1.0,4.0,17.0,11.0,0.0,0.0,0,48.0,3.0,8.0,27.3
2023-05-21,12:00,Liga F,Matchweek 30,Sun,Away,L,1,2,Barcelona,Madrid CFF,1.9,1.9,72.0,,Marta Torrejón,4-3-3,Elena Peláez Arnillas,21.0,5.0,23.8,0.05,0.2,17.9,1.0,0,0,1.9,1.9,0.09,-0.9,-0.9,4.0,2.0,50.0,0,2.4,0.4,0,0,0,0,0.0,2.0,0.0,22.0,1.0,9.1,23.5,3.0,0.0,25.7,1.0,0.0,0.0,6.0,29.2,624.0,731.0,85.4,9189.0,3368.0,355.0,376.0,94.4,210.0,239.0,87.9,37.0,64.0,57.8,1,1.7,2.7,17.0,58.0,24.0,7.0,82.0,731.0,666.0,62.0,14.0,1.0,2.0,45.0,31.0,11.0,6.0,5.0,0.0,624.0,3.0,16.0,37.0,25.0,5.0,2.0,2.0,3.0,0.0,2.0,1.0,1.0,0.0,0.0,0.0,0.0,15.0,6.0,1.0,10.0,4.0,5.0,11.0,45.5,6.0,6.0,0.0,6.0,8.0,23,1.0,0.0,72.0,823.0,23.0,100.0,364.0,365.0,49.0,823.0,20.0,9.0,45.0,11.0,55.0,504.0,2412.0,1278.0,19.0,23.0,7.0,14.0,6.0,621.0,81.0,4,0,0,9.0,12.0,3.0,45.0,8.0,6.0,0.0,0.0,0,59.0,9.0,5.0,64.3,6.0,4.0,66.7,0.33,0.5,12.2,0.0,0,0,1.9,1.9,0.33,0.1,0.1,5.0,4.0,80.0,0,0.4,-0.6,0,0,0,0,0.0,5.0,0.0,12.0,6.0,25.0,27.3,21.0,9.5,17.9,37.0,1.0,2.7,0.0,6.3,195.0,287.0,67.9,3249.0,1645.0,115.0,140.0,82.1,59.0,83.0,71.1,19.0,48.0,39.6,2,2.0,0.5,6.0,11.0,2.0,0.0,9.0,287.0,232.0,52.0,11.0,2.0,3.0,2.0,18.0,0.0,0.0,0.0,0.0,195.0,3.0,6.0,12.0,9.0,0.0,2.0,1.0,0.0,0.0,4.0,3.0,0.0,1.0,0.0,0.0,0.0,17.0,11.0,14.0,2.0,1.0,11.0,20.0,55.0,9.0,18.0,4.0,14.0,14.0,31,32.0,0.0,28.0,411.0,105.0,272.0,117.0,30.0,9.0,411.0,11.0,6.0,54.5,5.0,45.5,161.0,912.0,445.0,6.0,3.0,4.0,12.0,10.0,190.0,9.0,2,0,0,12.0,8.0,3.0,2.0,14.0,11.0,0.0,0.0,0,44.0,5.0,9.0,35.7
2023-06-03,16:00,Champions Lg,Final,Sat,Neutral,W,3,2,Barcelona,de Wolfsburg,4.6,0.7,65.0,33147.0,Sandra Paños,4-3-3,Cheryl Foster,25.0,7.0,28.0,0.12,0.43,15.5,0.0,0,0,4.6,4.6,0.18,-1.6,-1.6,6.0,4.0,66.7,0,1.4,-0.6,0,0,0,0,4.0,7.0,57.1,27.0,4.0,18.5,24.3,4.0,50.0,30.8,8.0,0.0,0.0,2.0,33.7,525.0,643.0,81.6,7914.0,3267.0,286.0,317.0,90.2,179.0,215.0,83.3,32.0,55.0,58.2,3,4.2,3.5,20.0,44.0,9.0,4.0,54.0,643.0,594.0,47.0,14.0,1.0,3.0,25.0,21.0,5.0,4.0,1.0,0.0,525.0,2.0,15.0,45.0,28.0,5.0,6.0,4.0,2.0,0.0,5.0,3.0,0.0,2.0,0.0,0.0,0.0,16.0,6.0,3.0,9.0,4.0,6.0,11.0,54.5,5.0,15.0,1.0,14.0,8.0,24,7.0,1.0,65.0,782.0,54.0,171.0,367.0,255.0,49.0,782.0,42.0,24.0,57.1,16.0,38.1,484.0,2313.0,1249.0,28.0,20.0,15.0,16.0,22.0,520.0,54.0,2,0,0,7.0,12.0,2.0,25.0,8.0,6.0,0.0,0.0,0,77.0,18.0,16.0,52.9,8.0,6.0,75.0,0.25,0.33,16.3,0.0,0,0,0.7,0.7,0.09,1.3,1.3,7.0,4.0,57.1,0,2.8,-0.2,0,0,0,0,2.0,13.0,15.4,38.0,6.0,31.6,31.6,10.0,10.0,20.0,18.0,0.0,0.0,1.0,16.0,228.0,343.0,66.5,4249.0,1980.0,91.0,116.0,78.4,100.0,130.0,76.9,31.0,71.0,43.7,1,0.6,0.3,6.0,14.0,2.0,1.0,16.0,343.0,304.0,38.0,9.0,0.0,2.0,9.0,14.0,1.0,1.0,0.0,0.0,228.0,1.0,15.0,14.0,9.0,3.0,0.0,0.0,0.0,2.0,3.0,2.0,0.0,0.0,0.0,0.0,1.0,38.0,13.0,23.0,11.0,4.0,16.0,40.0,40.0,24.0,22.0,8.0,14.0,6.0,44,27.0,0.0,35.0,503.0,97.0,251.0,190.0,69.0,13.0,503.0,12.0,5.0,41.7,6.0,50.0,240.0,1124.0,588.0,10.0,10.0,2.0,19.0,10.0,225.0,15.0,3,0,0,13.0,7.0,1.0,9.0,6.0,13.0,0.0,0.0,0,68.0,16.0,18.0,47.1
2022-08-18,21:00,Champions Lg,First qualifying round — Semi-finals,Thu,Neutral,W,6,0,Real Madrid,at Sturm Graz,,,,2340.0,Ivana Andrés,4-3-3,Aleksandra Česen,,,,,,,,0,0,,,,,,,,,1,,,0,0,0,0,,,,,,,,,,,,,,,,,,,,,,,,,,,,,,5,,,,,,,,,,,,,,,,,,,,,,,,,,,,,,,,,,,,,,,,,,,,,,,,,,0,,,,,,,,,,,,,,,,,,,,,,,,,,0,0,0,,,,,,,,,0,,,,,,,,,,,,0,0,,,,,,,,,0,,,0,0,0,0,,,,,,,,,,,,,,,,,,,,,,,,,,,,,,0,,,,,,,,,,,,,,,,,,,,,,,,,,,,,,,,,,,,,,,,,,,,,,,,,,0,,,,,,,,,,,,,,,,,,,,,,,,,,0,0,0,,,,,,,,,0,,,,
2022-08-21,21:00,Champions Lg,First qualifying round — Final,Sun,Neutral,W,1,0,Real Madrid,eng Manchester City,,,,2811.0,Ivana Andrés,4-3-3,Shona Shukrula,,,,,,,,0,0,,,,,,,,,1,,,0,0,0,0,,,,,,,,,,,,,,,,,,,,,,,,,,,,,,1,,,,,,,,,,,,,,,,,,,,,,,,,,,,,,,,,,,,,,,,,,,,,,,,,,0,,,,,,,,,,,,,,,,,,,,,,,,,,0,0,0,,,,,,,,,0,,,,,,,,,,,,0,0,,,,,,,,,0,,,0,0,0,0,,,,,,,,,,,,,,,,,,,,,,,,,,,,,,0,,,,,,,,,,,,,,,,,,,,,,,,,,,,,,,,,,,,,,,,,,,,,,,,,,0,,,,,,,,,,,,,,,,,,,,,,,,,,1,0,0,,,,,,,,,0,,,,
2022-09-17,16:00,Liga F,Matchweek 2,Sat,Home,W,2,0,Real Madrid,Valencia,1.6,0.8,64.0,,Ivana Andrés,4-3-3,Marta Huerta de Aza,14.0,6.0,42.9,0.14,0.33,18.6,0.0,0,0,1.6,1.6,0.12,0.4,0.4,2.0,2.0,100.0,1,0.1,0.1,0,0,0,0,4.0,7.0,57.1,27.0,8.0,14.8,26.9,8.0,37.5,32.3,7.0,0.0,0.0,2.0,16.4,454.0,552.0,82.2,8373.0,3162.0,193.0,206.0,93.7,205.0,233.0,88.0,49.0,79.0,62.0,1,1.5,1.0,10.0,49.0,7.0,3.0,42.0,552.0,493.0,51.0,9.0,1.0,2.0,18.0,31.0,2.0,2.0,0.0,0.0,454.0,8.0,16.0,23.0,20.0,0.0,1.0,1.0,0.0,1.0,3.0,1.0,0.0,1.0,1.0,0.0,0.0,15.0,11.0,4.0,5.0,6.0,0.0,7.0,0.0,7.0,12.0,6.0,6.0,13.0,28,10.0,0.0,64.0,652.0,58.0,183.0,326.0,147.0,16.0,652.0,23.0,14.0,60.9,9.0,39.1,340.0,2125.0,1092.0,24.0,13.0,7.0,17.0,4.0,449.0,41.0,0,0,0,6.0,5.0,8.0,18.0,13.0,11.0,0.0,0.0,0,62.0,6.0,3.0,66.7,13.0,2.0,15.4,0.0,0.0,16.6,1.0,0,0,0.8,0.8,0.06,-0.8,-0.8,6.0,4.0,66.7,0,1.4,-0.6,0,0,0,0,5.0,14.0,35.7,45.0,9.0,24.4,32.1,11.0,27.3,27.6,12.0,2.0,16.7,3.0,16.3,213.0,311.0,68.5,4637.0,2195.0,49.0,71.0,69.0,128.0,163.0,78.5,35.0,69.0,50.7,0,0.4,0.3,8.0,13.0,4.0,2.0,27.0,311.0,257.0,50.0,13.0,0.0,1.0,9.0,19.0,4.0,1.0,3.0,0.0,213.0,4.0,7.0,17.0,12.0,2.0,1.0,1.0,1.0,0.0,0.0,0.0,0.0,0.0,0.0,0.0,0.0,13.0,11.0,8.0,4.0,1.0,9.0,23.0,39.1,14.0,16.0,3.0,13.0,3.0,16,12.0,0.0,36.0,389.0,70.0,198.0,120.0,74.0,16.0,389.0,7.0,7.0,100.0,0.0,0.0,212.0,1077.0,530.0,13.0,6.0,5.0,17.0,15.0,209.0,27.0,0,0,0,5.0,6.0,4.0,9.0,3.0,11.0,0.0,0.0,0,48.0,3.0,6.0,33.3
2022-09-21,18:00,Champions Lg,Second qualifying round,Wed,Neutral,W,3,0,Real Madrid,no Rosenborg,,,,6334.0,Kenti Robles,4-3-3,Michèle Schmölzer,0.0,0.0,,,,,,0,0,,,,,,0.0,0.0,,1,,,0,0,0,0,,,,,,,,,,,,,,,,,,,,,,,,,,,,,,2,,,,,,,,,,,,,,0.0,,,,,,,,,,,,,,,,,,,,,,,,0.0,,,,,,,,,,,0.0,0,,,,,,,,,,,,,,,,,,,,,,,,,,0,0,0,0.0,0.0,0.0,0.0,0.0,0.0,,,0,,,,,0.0,0.0,,,,,,0,0,,,,,,0.0,0.0,,0,,,0,0,0,0,,,,,,,,,,,,,,,,,,,,,,,,,,,,,,0,,,,,,,,,,,,,,0.0,,,,,,,,,,,,,,,,,,,,,,,,0.0,,,,,,,,,,,0.0,0,,,,,,,,,,,,,,,,,,,,,,,,,,2,0,0,0.0,0.0,0.0,0.0,0.0,0.0,,,0,,,,
2022-09-28,20:00,Champions Lg,Second qualifying round,Wed,Neutral,W,2,1,Real Madrid,no Rosenborg,,,67.0,1374.0,Maite Oroz,4-3-3,Rebecca Welch,0.0,0.0,,,,,,0,0,,,,,,0.0,0.0,,0,,,0,0,0,0,,,,,,,,,,,,,,,,,,,,,,,,,,,,,,1,,,,,,,,,,,,,,0.0,,,,,,,,,,,,,,,,,,,,,,,,0.0,,,,,,,,,,,0.0,0,,,67.0,,,,,,,,,,,,,,,,,,,,,,,0,0,0,0.0,0.0,0.0,0.0,0.0,0.0,,,0,,,,,0.0,0.0,,,,,,0,0,,,,,,0.0,0.0,,0,,,0,0,0,0,,,,,,,,,,,,,,,,,,,,,,,,,,,,,,1,,,,,,,,,,,,,,0.0,,,,,,,,,,,,,,,,,,,,,,,,0.0,,,,,,,,,,,0.0,0,,,33.0,,,,,,,,,,,,,,,,,,,,,,,0,0,0,0.0,0.0,0.0,0.0,0.0,0.0,,,0,,,,
2022-10-02,18:00,Liga F,Matchweek 4,Sun,Away,W,3,0,Real Madrid,Athletic Club,1.5,0.5,62.0,,Ivana Andrés,4-4-2,Amy Peñalver Pearce,12.0,5.0,41.7,0.25,0.6,17.8,0.0,0,0,1.5,1.5,0.12,1.5,1.5,2.0,2.0,100.0,1,0.0,0.0,0,0,0,0,5.0,7.0,71.4,21.0,3.0,9.5,24.2,10.0,50.0,30.5,8.0,2.0,25.0,2.0,14.3,479.0,598.0,80.1,8835.0,3339.0,200.0,238.0,84.0,209.0,243.0,86.0,59.0,82.0,72.0,3,1.4,1.4,10.0,30.0,10.0,1.0,32.0,598.0,533.0,60.0,21.0,1.0,3.0,12.0,26.0,2.0,1.0,1.0,0.0,479.0,5.0,6.0,19.0,16.0,0.0,1.0,1.0,0.0,1.0,6.0,5.0,0.0,0.0,0.0,0.0,1.0,13.0,9.0,1.0,4.0,8.0,2.0,5.0,40.0,3.0,5.0,2.0,3.0,12.0,25,14.0,0.0,62.0,690.0,54.0,236.0,299.0,160.0,23.0,690.0,17.0,12.0,70.6,5.0,29.4,461.0,2274.0,1119.0,18.0,18.0,7.0,14.0,12.0,474.0,30.0,2,0,0,9.0,16.0,5.0,12.0,12.0,9.0,0.0,0.0,0,69.0,13.0,7.0,65.0,8.0,2.0,25.0,0.0,0.0,19.6,1.0,0,0,0.5,0.5,0.07,-0.5,-0.5,5.0,2.0,40.0,0,1.3,-1.7,0,0,0,0,6.0,9.0,66.7,35.0,2.0,14.3,27.2,13.0,30.8,31.7,8.0,1.0,12.5,0.0,10.5,246.0,360.0,68.3,4541.0,1708.0,92.0,114.0,80.7,104.0,139.0,74.8,36.0,77.0,46.8,0,0.2,0.3,4.0,9.0,5.0,2.0,12.0,360.0,303.0,52.0,12.0,0.0,1.0,9.0,19.0,4.0,3.0,0.0,0.0,246.0,5.0,4.0,11.0,5.0,3.0,0.0,2.0,1.0,0.0,0.0,0.0,0.0,0.0,0.0,0.0,0.0,17.0,10.0,6.0,8.0,3.0,5.0,17.0,29.4,12.0,7.0,2.0,5.0,11.0,28,10.0,1.0,38.0,461.0,68.0,228.0,155.0,85.0,12.0,461.0,5.0,3.0,60.0,2.0,40.0,186.0,1049.0,493.0,9.0,8.0,2.0,27.0,11.0,246.0,12.0,1,0,0,16.0,8.0,5.0,9.0,11.0,10.0,0.0,0.0,0,64.0,7.0,13.0,35.0
2022-10-16,12:00,Liga F,Matchweek 5,Sun,Home,W,7,1,Real Madrid,Alavés,3.0,0.3,67.0,,Ivana Andrés,4-4-2,María Gloria Planes Terol,23.0,12.0,52.2,0.26,0.5,15.7,0.0,0,0,3.0,3.0,0.13,3.0,3.0,2.0,1.0,50.0,0,0.3,-0.7,0,0,0,0,0.0,0.0,,12.0,1.0,0.0,24.0,3.0,0.0,20.0,4.0,0.0,0.0,1.0,14.0,460.0,556.0,82.7,8936.0,2918.0,179.0,193.0,92.7,219.0,253.0,86.6,59.0,90.0,65.6,4,2.6,2.3,19.0,55.0,13.0,3.0,56.0,556.0,498.0,56.0,12.0,0.0,3.0,34.0,29.0,10.0,6.0,0.0,0.0,460.0,2.0,12.0,40.0,32.0,2.0,0.0,2.0,1.0,3.0,8.0,7.0,0.0,0.0,1.0,0.0,0.0,20.0,13.0,2.0,11.0,7.0,6.0,8.0,75.0,2.0,10.0,1.0,9.0,19.0,39,5.0,0.0,67.0,658.0,28.0,120.0,301.0,243.0,45.0,658.0,12.0,6.0,50.0,6.0,50.0,363.0,2093.0,1090.0,30.0,9.0,12.0,16.0,5.0,457.0,56.0,0,0,0,10.0,8.0,2.0,34.0,19.0,13.0,0.0,0.0,0,62.0,5.0,4.0,55.6,6.0,2.0,33.3,0.17,0.5,19.3,0.0,0,0,0.3,0.3,0.05,0.7,0.7,12.0,6.0,41.7,0,3.4,-2.6,0,0,0,0,6.0,21.0,28.6,41.0,6.0,34.1,32.4,18.0,38.9,28.6,27.0,1.0,3.7,0.0,8.5,181.0,277.0,65.3,3427.0,1410.0,69.0,85.0,81.2,89.0,109.0,81.7,20.0,61.0,32.8,1,0.2,0.1,4.0,3.0,0.0,0.0,6.0,277.0,217.0,57.0,12.0,0.0,1.0,4.0,18.0,1.0,1.0,0.0,0.0,181.0,3.0,9.0,6.0,2.0,2.0,0.0,1.0,1.0,0.0,2.0,0.0,1.0,0.0,0.0,1.0,0.0,11.0,8.0,9.0,1.0,1.0,6.0,12.0,50.0,6.0,13.0,5.0,8.0,6.0,17,34.0,2.0,33.0,378.0,107.0,221.0,130.0,29.0,7.0,378.0,8.0,2.0,25.0,6.0,75.0,201.0,979.0,396.0,2.0,2.0,0.0,15.0,14.0,180.0,6.0,3,0,0,8.0,10.0,3.0,4.0,6.0,8.0,0.0,0.0,1,35.0,4.0,5.0,44.4
2022-10-20,18:45,Champions Lg,Group stage,Thu,Away,W,2,0,Real Madrid,al Shkodër,4.2,0.0,76.0,5400.0,Kenti Robles,4-3-3,Catarina Campos,31.0,10.0,32.3,0.03,0.1,15.7,1.0,1,1,4.2,3.4,0.11,-2.2,-2.4,0.0,0.0,,1,0.0,0.0,0,0,0,0,0.0,0.0,,8.0,1.0,0.0,18.5,1.0,0.0,21.0,3.0,0.0,0.0,1.0,16.3,610.0,721.0,84.6,11435.0,3477.0,236.0,264.0,89.4,276.0,311.0,88.7,79.0,110.0,71.8,1,2.2,2.6,18.0,73.0,18.0,9.0,89.0,721.0,666.0,55.0,10.0,4.0,5.0,48.0,24.0,19.0,12.0,2.0,0.0,610.0,0.0,5.0,56.0,42.0,3.0,3.0,6.0,2.0,0.0,4.0,2.0,0.0,1.0,0.0,1.0,0.0,20.0,13.0,4.0,10.0,6.0,12.0,15.0,80.0,3.0,10.0,0.0,10.0,2.0,22,2.0,0.0,76.0,857.0,15.0,90.0,435.0,342.0,53.0,856.0,27.0,11.0,40.7,16.0,59.3,510.0,2597.0,1493.0,33.0,19.0,12.0,24.0,10.0,607.0,88.0,1,0,0,7.0,10.0,0.0,48.0,2.0,13.0,1.0,0.0,0,79.0,14.0,8.0,63.6,0.0,0.0,,,,,0.0,0,0,0.0,0.0,,0.0,0.0,11.0,9.0,90.9,0,4.3,2.3,1,1,0,0,4.0,28.0,14.3,16.0,0.0,81.3,48.6,15.0,100.0,51.1,39.0,1.0,2.6,0.0,4.0,113.0,222.0,50.9,1652.0,873.0,77.0,94.0,81.9,17.0,43.0,39.5,12.0,64.0,18.8,0,0.0,0.0,0.0,1.0,0.0,0.0,3.0,222.0,180.0,41.0,7.0,0.0,1.0,4.0,14.0,2.0,2.0,0.0,0.0,113.0,1.0,9.0,0.0,0.0,0.0,0.0,0.0,0.0,0.0,0.0,0.0,0.0,0.0,0.0,0.0,0.0,26.0,19.0,17.0,9.0,0.0,16.0,27.0,59.3,11.0,10.0,9.0,1.0,14.0,40,46.0,0.0,24.0,367.0,106.0,238.0,120.0,12.0,1.0,367.0,15.0,3.0,20.0,12.0,80.0,100.0,628.0,245.0,0.0,5.0,0.0,18.0,8.0,111.0,3.0,0,0,0,10.0,6.0,1.0,4.0,14.0,19.0,0.0,1.0,0,55.0,8.0,14.0,36.4
2022-10-23,11:00,Liga F,Matchweek 6,Sun,Away,D,2,2,Real Madrid,Levante,0.9,1.3,49.0,,Ivana Andrés,4-4-2,Raquel Suárez González,12.0,5.0,41.7,0.17,0.4,21.0,0.0,0,0,0.9,0.9,0.07,1.1,1.1,5.0,3.0,60.0,0,2.0,0.0,0,0,0,0,9.0,16.0,56.3,30.0,3.0,30.0,33.3,7.0,100.0,44.3,11.0,1.0,9.1,3.0,14.9,291.0,419.0,69.5,5996.0,2663.0,114.0,144.0,79.2,124.0,160.0,77.5,51.0,96.0,53.1,2,0.8,0.6,10.0,29.0,7.0,1.0,35.0,419.0,359.0,58.0,14.0,1.0,8.0,11.0,30.0,4.0,0.0,0.0,3.0,291.0,2.0,15.0,19.0,16.0,1.0,1.0,1.0,0.0,0.0,4.0,4.0,0.0,0.0,0.0,0.0,0.0,21.0,16.0,12.0,8.0,1.0,8.0,17.0,47.1,9.0,14.0,5.0,9.0,15.0,36,13.0,0.0,49.0,529.0,71.0,202.0,243.0,89.0,13.0,529.0,16.0,8.0,50.0,8.0,50.0,257.0,1494.0,618.0,17.0,8.0,6.0,16.0,15.0,285.0,34.0,1,0,0,8.0,12.0,2.0,11.0,15.0,16.0,0.0,0.0,0,62.0,5.0,9.0,35.7,15.0,5.0,33.3,0.13,0.4,17.6,0.0,0,0,1.3,1.3,0.08,0.7,0.7,5.0,3.0,60.0,0,1.1,-0.9,0,0,0,0,2.0,9.0,22.2,23.0,4.0,26.1,32.0,10.0,30.0,30.0,8.0,2.0,25.0,0.0,9.8,311.0,430.0,72.3,5926.0,2541.0,106.0,139.0,76.3,170.0,205.0,82.9,32.0,66.0,48.5,2,1.0,0.7,10.0,29.0,5.0,0.0,30.0,430.0,370.0,55.0,9.0,0.0,2.0,13.0,24.0,9.0,6.0,1.0,0.0,311.0,5.0,9.0,19.0,12.0,3.0,1.0,1.0,1.0,1.0,4.0,1.0,1.0,1.0,0.0,1.0,0.0,23.0,15.0,10.0,10.0,3.0,8.0,16.0,50.0,8.0,17.0,2.0,15.0,19.0,42,5.0,0.0,51.0,549.0,50.0,159.0,280.0,117.0,22.0,549.0,17.0,9.0,52.9,8.0,47.1,294.0,1667.0,735.0,11.0,6.0,6.0,26.0,13.0,311.0,30.0,2,0,0,12.0,8.0,5.0,13.0,19.0,15.0,0.0,0.0,0,62.0,9.0,5.0,64.3
2022-10-26,18:45,Champions Lg,Group stage,Wed,Home,D,0,0,Real Madrid,fr Paris S-G,0.9,0.9,46.0,1544.0,Kenti Robles,4-3-3,Jana Adámková,13.0,4.0,30.8,0.0,0.0,18.0,0.0,0,0,0.9,0.9,0.07,-0.9,-0.9,4.0,4.0,100.0,1,1.6,1.6,0,0,0,0,2.0,4.0,50.0,34.0,9.0,11.8,21.1,8.0,0.0,14.8,24.0,1.0,4.2,0.0,7.0,374.0,462.0,81.0,6308.0,2341.0,152.0,172.0,88.4,163.0,190.0,85.8,34.0,66.0,51.5,0,0.4,0.5,8.0,22.0,6.0,3.0,25.0,462.0,419.0,41.0,11.0,0.0,2.0,9.0,18.0,3.0,0.0,0.0,0.0,374.0,2.0,3.0,24.0,20.0,2.0,0.0,1.0,1.0,0.0,0.0,0.0,0.0,0.0,0.0,0.0,0.0,20.0,11.0,10.0,7.0,3.0,10.0,16.0,62.5,6.0,13.0,5.0,8.0,12.0,32,38.0,0.0,46.0,601.0,114.0,261.0,226.0,119.0,16.0,601.0,7.0,3.0,42.9,4.0,57.1,316.0,1924.0,958.0,16.0,12.0,4.0,16.0,18.0,372.0,25.0,0,0,0,10.0,8.0,2.0,9.0,12.0,11.0,0.0,0.0,0,62.0,12.0,3.0,80.0,14.0,4.0,28.6,0.0,0.0,16.5,0.0,0,0,0.9,0.9,0.07,-0.9,-0.9,4.0,4.0,100.0,1,0.6,0.6,0,0,0,0,3.0,6.0,50.0,36.0,6.0,13.9,25.9,9.0,11.1,25.3,4.0,0.0,0.0,0.0,10.3,415.0,537.0,77.3,7249.0,2804.0,187.0,217.0,86.2,182.0,212.0,85.8,40.0,82.0,48.8,0,0.7,1.2,10.0,30.0,13.0,1.0,50.0,537.0,476.0,57.0,12.0,2.0,0.0,32.0,22.0,13.0,2.0,9.0,0.0,415.0,4.0,10.0,24.0,17.0,1.0,0.0,3.0,2.0,1.0,0.0,0.0,0.0,0.0,0.0,0.0,0.0,22.0,15.0,9.0,11.0,2.0,4.0,7.0,57.1,3.0,7.0,3.0,4.0,7.0,29,11.0,0.0,54.0,631.0,57.0,174.0,286.0,183.0,43.0,631.0,16.0,6.0,37.5,10.0,62.5,388.0,2390.0,1130.0,23.0,14.0,8.0,15.0,10.0,413.0,50.0,1,0,0,8.0,10.0,4.0,32.0,7.0,15.0,0.0,0.0,0,63.0,3.0,12.0,20.0
2022-10-30,19:00,Liga F,Matchweek 7,Sun,Home,W,2,0,Real Madrid,Sevilla,0.9,1.0,67.0,,Maite Oroz,4-2-3-1,Zulema González González,15.0,5.0,33.3,0.13,0.4,23.3,1.0,0,0,0.9,0.9,0.06,1.1,1.1,1.0,1.0,100.0,1,0.1,0.1,0,0,0,0,1.0,4.0,25.0,17.0,5.0,17.6,27.1,7.0,14.3,24.3,14.0,2.0,14.3,1.0,15.0,508.0,614.0,82.7,9371.0,3078.0,227.0,249.0,91.2,213.0,247.0,86.2,60.0,88.0,68.2,2,0.7,0.7,12.0,49.0,8.0,2.0,51.0,614.0,557.0,55.0,10.0,1.0,12.0,27.0,27.0,10.0,4.0,0.0,0.0,508.0,2.0,11.0,26.0,21.0,2.0,0.0,1.0,1.0,1.0,3.0,2.0,1.0,0.0,0.0,0.0,0.0,19.0,11.0,4.0,10.0,5.0,9.0,14.0,64.3,5.0,15.0,1.0,14.0,10.0,29,11.0,0.0,67.0,741.0,54.0,164.0,350.0,234.0,24.0,741.0,32.0,15.0,46.9,17.0,53.1,400.0,2668.0,1388.0,25.0,25.0,4.0,19.0,10.0,505.0,51.0,2,0,0,16.0,9.0,2.0,27.0,10.0,11.0,0.0,0.0,0,68.0,2.0,12.0,14.3,8.0,1.0,12.5,0.0,0.0,10.4,0.0,0,0,1.0,1.0,0.12,-1.0,-1.0,5.0,3.0,60.0,0,1.2,-0.8,0,0,0,0,7.0,13.0,53.8,19.0,5.0,47.4,40.5,13.0,30.8,27.5,19.0,1.0,5.3,0.0,2.5,212.0,309.0,68.6,4366.0,2201.0,68.0,84.0,81.0,106.0,126.0,84.1,33.0,72.0,45.8,0,0.9,1.0,7.0,9.0,7.0,4.0,17.0,309.0,253.0,53.0,16.0,1.0,1.0,16.0,18.0,3.0,1.0,2.0,0.0,212.0,3.0,14.0,14.0,9.0,2.0,0.0,1.0,2.0,0.0,0.0,0.0,0.0,0.0,0.0,0.0,0.0,27.0,12.0,14.0,9.0,4.0,17.0,32.0,53.1,15.0,13.0,3.0,10.0,13.0,40,36.0,1.0,33.0,448.0,81.0,214.0,162.0,81.0,23.0,448.0,14.0,5.0,35.7,8.0,57.1,227.0,1130.0,510.0,11.0,9.0,2.0,19.0,10.0,210.0,17.0,3,0,0,9.0,15.0,3.0,16.0,13.0,12.0,0.0,0.0,0,56.0,12.0,2.0,85.7
2022-11-03,18:45,Liga F,Matchweek 1,Thu,Away,W,4,0,Real Madrid,Villarreal,1.4,0.4,59.0,,Ivana Andrés,4-4-2,Raquel Suárez González,11.0,5.0,45.5,0.36,0.8,13.3,0.0,0,0,1.4,1.4,0.13,2.6,2.6,3.0,3.0,100.0,1,0.7,0.7,0,0,0,0,12.0,16.0,75.0,29.0,9.0,48.3,37.4,8.0,25.0,30.1,6.0,0.0,0.0,4.0,18.0,300.0,420.0,71.4,6976.0,3035.0,82.0,112.0,73.2,150.0,203.0,73.9,67.0,94.0,71.3,4,1.4,1.4,11.0,20.0,10.0,6.0,35.0,420.0,346.0,74.0,31.0,2.0,13.0,18.0,29.0,5.0,0.0,1.0,0.0,300.0,0.0,9.0,20.0,11.0,6.0,0.0,0.0,2.0,1.0,6.0,3.0,2.0,0.0,0.0,0.0,1.0,11.0,10.0,7.0,3.0,1.0,5.0,8.0,62.5,3.0,7.0,3.0,4.0,8.0,19,12.0,0.0,59.0,516.0,53.0,210.0,215.0,96.0,22.0,516.0,17.0,8.0,47.1,9.0,52.9,204.0,1297.0,636.0,12.0,7.0,5.0,23.0,18.0,295.0,35.0,1,0,0,12.0,18.0,0.0,18.0,8.0,10.0,0.0,0.0,0,62.0,14.0,8.0,63.6,12.0,3.0,25.0,0.0,0.0,26.0,1.0,0,0,0.4,0.4,0.03,-0.4,-0.4,5.0,1.0,20.0,0,2.3,-1.7,0,0,0,0,4.0,23.0,17.4,29.0,1.0,62.1,44.4,5.0,100.0,50.4,17.0,1.0,5.9,2.0,13.2,162.0,286.0,56.6,3303.0,1609.0,64.0,84.0,76.2,72.0,105.0,68.6,26.0,77.0,33.8,0,0.1,0.3,7.0,21.0,2.0,0.0,24.0,286.0,230.0,44.0,10.0,0.0,0.0,8.0,20.0,4.0,3.0,0.0,0.0,162.0,12.0,5.0,15.0,7.0,4.0,0.0,0.0,3.0,1.0,0.0,0.0,0.0,0.0,0.0,0.0,0.0,27.0,18.0,8.0,12.0,7.0,9.0,17.0,52.9,8.0,9.0,1.0,8.0,20.0,47,17.0,0.0,41.0,397.0,44.0,132.0,176.0,93.0,6.0,397.0,8.0,3.0,37.5,5.0,62.5,112.0,609.0,264.0,5.0,6.0,0.0,15.0,6.0,160.0,24.0,3,0,0,19.0,11.0,12.0,8.0,20.0,18.0,0.0,0.0,0,65.0,8.0,14.0,36.4
2022-11-06,18:00,Liga F,Matchweek 8,Sun,Home,L,0,4,Real Madrid,Barcelona,0.4,3.4,39.0,,Misa Rodríguez,4-2-3-1,Marta Frías Acedo,7.0,1.0,14.3,0.0,0.0,24.4,1.0,0,0,0.4,0.4,0.05,-0.4,-0.4,11.0,8.0,63.6,0,4.5,1.5,0,0,0,0,0.0,5.0,0.0,18.0,3.0,16.7,24.6,8.0,25.0,26.8,16.0,0.0,0.0,1.0,15.3,294.0,382.0,77.0,4822.0,1780.0,147.0,172.0,85.5,100.0,116.0,86.2,30.0,58.0,51.7,0,0.2,0.2,3.0,20.0,4.0,1.0,22.0,382.0,325.0,55.0,24.0,0.0,4.0,11.0,16.0,2.0,1.0,0.0,0.0,294.0,2.0,5.0,7.0,4.0,0.0,1.0,1.0,1.0,0.0,0.0,0.0,0.0,0.0,0.0,0.0,0.0,25.0,15.0,17.0,8.0,0.0,6.0,10.0,60.0,4.0,14.0,4.0,10.0,9.0,34,17.0,2.0,39.0,489.0,77.0,212.0,210.0,74.0,11.0,489.0,10.0,6.0,60.0,4.0,40.0,312.0,1213.0,576.0,11.0,4.0,2.0,24.0,11.0,291.0,22.0,0,0,0,14.0,18.0,2.0,11.0,9.0,15.0,0.0,0.0,1,48.0,5.0,15.0,25.0,21.0,11.0,52.4,0.14,0.27,11.0,0.0,0,0,3.4,3.4,0.18,-0.4,-0.4,1.0,1.0,100.0,1,0.6,0.6,0,0,0,0,0.0,0.0,,40.0,5.0,0.0,20.9,5.0,0.0,10.8,7.0,0.0,0.0,2.0,26.7,505.0,595.0,84.9,8611.0,3121.0,232.0,256.0,90.6,205.0,224.0,91.5,53.0,76.0,69.7,2,2.5,3.0,16.0,28.0,10.0,4.0,32.0,595.0,536.0,52.0,15.0,0.0,5.0,17.0,23.0,8.0,5.0,2.0,0.0,505.0,7.0,10.0,35.0,28.0,2.0,0.0,5.0,0.0,0.0,5.0,3.0,1.0,0.0,1.0,0.0,0.0,15.0,11.0,6.0,4.0,5.0,4.0,10.0,40.0,6.0,7.0,2.0,5.0,9.0,24,10.0,0.0,61.0,689.0,77.0,296.0,275.0,126.0,39.0,689.0,10.0,4.0,40.0,6.0,60.0,429.0,1768.0,871.0,18.0,11.0,6.0,13.0,19.0,497.0,30.0,2,0,0,18.0,14.0,7.0,17.0,9.0,11.0,0.0,0.0,0,60.0,15.0,5.0,75.0
2022-11-19,16:00,Liga F,Matchweek 9,Sat,Away,W,1,0,Real Madrid,Sporting Huelva,1.6,0.9,71.0,,Ivana Andrés,4-1-4-1,Amy Peñalver Pearce,14.0,7.0,50.0,0.07,0.14,17.9,1.0,0,0,1.6,1.6,0.12,-0.6,-0.6,3.0,3.0,100.0,1,0.9,0.9,0,0,0,0,5.0,8.0,62.5,18.0,6.0,11.1,21.7,15.0,40.0,29.8,4.0,1.0,25.0,1.0,13.7,463.0,576.0,80.4,8737.0,3225.0,178.0,200.0,89.0,230.0,272.0,84.6,52.0,80.0,65.0,1,1.5,1.4,10.0,35.0,9.0,1.0,41.0,576.0,516.0,58.0,13.0,1.0,4.0,27.0,16.0,13.0,6.0,2.0,1.0,463.0,2.0,10.0,25.0,17.0,3.0,1.0,1.0,2.0,1.0,2.0,2.0,0.0,0.0,0.0,0.0,0.0,23.0,16.0,10.0,11.0,2.0,9.0,11.0,81.8,2.0,7.0,1.0,6.0,9.0,32,4.0,0.0,71.0,671.0,52.0,229.0,300.0,151.0,26.0,671.0,16.0,8.0,50.0,8.0,50.0,458.0,2196.0,1046.0,17.0,18.0,4.0,19.0,12.0,457.0,40.0,4,0,0,17.0,13.0,2.0,27.0,9.0,16.0,0.0,0.0,0,62.0,8.0,17.0,32.0,11.0,3.0,27.3,0.0,0.0,24.7,3.0,0,0,0.9,0.9,0.08,-0.9,-0.9,7.0,6.0,85.7,0,1.1,0.1,0,0,0,0,6.0,13.0,46.2,19.0,0.0,42.1,37.9,6.0,83.3,44.2,19.0,3.0,15.8,1.0,9.6,137.0,234.0,58.5,2584.0,1636.0,65.0,84.0,77.4,46.0,74.0,62.2,24.0,62.0,38.7,0,0.6,0.3,6.0,10.0,0.0,0.0,10.0,234.0,185.0,48.0,16.0,2.0,0.0,4.0,23.0,1.0,1.0,0.0,0.0,137.0,1.0,6.0,14.0,6.0,3.0,0.0,1.0,4.0,0.0,0.0,0.0,0.0,0.0,0.0,0.0,0.0,20.0,12.0,9.0,9.0,2.0,8.0,16.0,50.0,8.0,11.0,3.0,8.0,7.0,27,20.0,0.0,29.0,350.0,59.0,155.0,137.0,66.0,4.0,350.0,11.0,2.0,18.2,7.0,63.6,141.0,627.0,278.0,5.0,6.0,1.0,20.0,14.0,137.0,10.0,0,0,0,13.0,16.0,1.0,4.0,7.0,12.0,0.0,0.0,0,56.0,17.0,8.0,68.0
2022-11-23,20:00,Champions Lg,Group stage,Wed,Away,L,0,2,Real Madrid,eng Chelsea,0.5,1.2,51.0,3336.0,Ivana Andrés,4-3-3,Maria Sole Ferrieri Caputi,7.0,2.0,28.6,0.0,0.0,17.3,0.0,0,0,0.5,0.5,0.08,-0.5,-0.5,4.0,2.0,50.0,0,1.4,-0.6,0,0,0,0,0.0,3.0,0.0,22.0,8.0,0.0,18.3,12.0,25.0,28.7,25.0,2.0,8.0,0.0,7.0,384.0,490.0,78.4,6618.0,2101.0,181.0,203.0,89.2,171.0,204.0,83.8,27.0,63.0,42.9,0,0.5,0.5,6.0,19.0,6.0,2.0,25.0,490.0,427.0,62.0,13.0,0.0,4.0,15.0,32.0,2.0,1.0,0.0,1.0,384.0,1.0,8.0,12.0,11.0,0.0,0.0,1.0,0.0,0.0,0.0,0.0,0.0,0.0,0.0,0.0,0.0,22.0,12.0,10.0,9.0,3.0,9.0,12.0,75.0,3.0,11.0,2.0,9.0,6.0,28,18.0,0.0,51.0,598.0,93.0,267.0,229.0,104.0,13.0,598.0,9.0,2.0,22.2,6.0,66.7,295.0,1552.0,758.0,12.0,9.0,3.0,21.0,15.0,381.0,27.0,1,0,0,5.0,12.0,1.0,15.0,6.0,12.0,0.0,0.0,0,32.0,7.0,11.0,38.9,11.0,4.0,36.4,0.18,0.5,13.2,0.0,0,0,1.2,1.2,0.11,0.8,0.8,2.0,2.0,100.0,1,0.0,0.0,0,0,0,0,1.0,2.0,50.0,23.0,5.0,8.7,26.7,1.0,0.0,11.0,14.0,1.0,7.1,1.0,9.8,353.0,475.0,74.3,7180.0,2484.0,123.0,152.0,80.9,172.0,205.0,83.9,56.0,97.0,57.7,2,1.1,0.6,10.0,23.0,8.0,3.0,32.0,475.0,424.0,50.0,6.0,0.0,3.0,27.0,33.0,9.0,5.0,3.0,0.0,353.0,1.0,11.0,20.0,15.0,4.0,0.0,1.0,0.0,0.0,2.0,0.0,1.0,0.0,1.0,0.0,0.0,22.0,15.0,13.0,5.0,4.0,7.0,9.0,77.8,2.0,11.0,4.0,7.0,9.0,31,15.0,0.0,49.0,583.0,48.0,183.0,241.0,162.0,26.0,583.0,12.0,3.0,25.0,9.0,75.0,294.0,1346.0,709.0,15.0,9.0,2.0,12.0,13.0,351.0,31.0,1,0,0,12.0,5.0,1.0,27.0,9.0,15.0,0.0,0.0,0,47.0,11.0,8.0,57.9
2022-11-26,18:15,Liga F,Matchweek 10,Sat,Home,W,5,1,Real Madrid,Alhama,3.1,0.7,68.0,,Ivana Andrés,4-3-3,Ylenia Sánchez Miguel,18.0,8.0,44.4,0.28,0.63,16.6,0.0,0,0,3.1,3.1,0.17,1.9,1.9,2.0,1.0,50.0,0,1.0,0.0,0,0,0,0,3.0,8.0,37.5,20.0,5.0,20.0,32.2,10.0,40.0,29.3,14.0,3.0,21.4,0.0,4.3,421.0,544.0,77.4,7509.0,3137.0,168.0,198.0,84.8,201.0,236.0,85.2,41.0,73.0,56.2,5,2.5,2.1,15.0,38.0,8.0,1.0,54.0,544.0,459.0,80.0,23.0,10.0,2.0,19.0,38.0,7.0,2.0,1.0,2.0,421.0,5.0,9.0,32.0,24.0,1.0,4.0,2.0,0.0,1.0,9.0,7.0,0.0,2.0,0.0,0.0,0.0,15.0,9.0,6.0,4.0,5.0,3.0,7.0,42.9,4.0,17.0,6.0,11.0,12.0,27,12.0,0.0,68.0,677.0,64.0,180.0,319.0,183.0,34.0,677.0,42.0,21.0,50.0,21.0,50.0,357.0,2174.0,1065.0,22.0,13.0,9.0,20.0,11.0,416.0,54.0,1,0,0,5.0,19.0,5.0,19.0,12.0,9.0,0.0,0.0,0,69.0,11.0,14.0,44.0,11.0,2.0,18.2,0.09,0.5,18.4,1.0,0,0,0.7,0.7,0.06,0.3,0.3,8.0,3.0,37.5,0,3.5,-1.5,0,0,0,0,11.0,31.0,35.5,25.0,1.0,92.0,46.5,9.0,88.9,43.6,14.0,2.0,14.3,3.0,14.6,136.0,260.0,52.3,2989.0,1614.0,48.0,71.0,67.6,51.0,85.0,60.0,33.0,83.0,39.8,1,0.5,0.6,7.0,12.0,2.0,1.0,21.0,260.0,211.0,46.0,9.0,0.0,1.0,18.0,16.0,6.0,3.0,3.0,0.0,136.0,3.0,12.0,17.0,9.0,3.0,1.0,3.0,1.0,0.0,2.0,2.0,0.0,0.0,0.0,0.0,0.0,32.0,20.0,19.0,9.0,4.0,21.0,42.0,50.0,21.0,12.0,5.0,7.0,20.0,52,25.0,1.0,32.0,386.0,70.0,170.0,140.0,80.0,14.0,386.0,7.0,4.0,57.1,3.0,42.9,104.0,695.0,345.0,7.0,6.0,4.0,12.0,12.0,136.0,21.0,4,0,0,20.0,5.0,3.0,18.0,20.0,20.0,0.0,0.0,0,64.0,14.0,11.0,56.0
2022-12-03,18:15,Liga F,Matchweek 11,Sat,Away,W,4,1,Real Madrid,Levante Planas,2.2,1.2,63.0,,Olga Carmona,4-3-3,María Gloria Planes Terol,14.0,5.0,35.7,0.29,0.8,15.2,0.0,0,0,2.2,2.2,0.16,1.8,1.8,5.0,4.0,80.0,0,1.2,0.2,0,0,0,0,1.0,4.0,25.0,15.0,4.0,26.7,27.8,3.0,0.0,20.0,8.0,1.0,12.5,2.0,20.8,431.0,542.0,79.5,7753.0,2663.0,181.0,209.0,86.6,205.0,238.0,86.1,35.0,69.0,50.7,4,2.2,1.0,11.0,37.0,9.0,3.0,50.0,542.0,477.0,61.0,16.0,1.0,5.0,15.0,37.0,3.0,1.0,0.0,0.0,431.0,4.0,10.0,26.0,18.0,3.0,0.0,1.0,3.0,1.0,7.0,6.0,0.0,0.0,1.0,0.0,0.0,20.0,15.0,14.0,4.0,2.0,11.0,14.0,78.6,3.0,6.0,1.0,5.0,7.0,27,15.0,0.0,63.0,645.0,56.0,231.0,280.0,135.0,26.0,645.0,15.0,5.0,33.3,10.0,66.7,363.0,2182.0,1106.0,18.0,11.0,6.0,22.0,8.0,428.0,50.0,4,0,0,14.0,11.0,4.0,15.0,7.0,15.0,0.0,0.0,0,54.0,5.0,6.0,45.5,7.0,5.0,71.4,0.14,0.2,19.2,1.0,0,0,1.2,1.2,0.17,-0.2,-0.2,5.0,1.0,20.0,0,2.8,-1.2,0,0,0,0,4.0,11.0,36.4,21.0,5.0,33.3,30.6,11.0,36.4,34.5,11.0,1.0,9.1,0.0,9.0,214.0,318.0,67.3,4178.0,2051.0,77.0,99.0,77.8,108.0,139.0,77.7,28.0,71.0,39.4,1,1.1,0.4,5.0,20.0,1.0,0.0,30.0,318.0,253.0,60.0,16.0,1.0,2.0,11.0,26.0,2.0,1.0,1.0,0.0,214.0,5.0,6.0,12.0,6.0,2.0,1.0,0.0,2.0,1.0,2.0,1.0,0.0,1.0,0.0,0.0,0.0,18.0,13.0,9.0,7.0,2.0,10.0,15.0,66.7,5.0,10.0,2.0,8.0,15.0,33,21.0,0.0,37.0,437.0,53.0,173.0,181.0,91.0,11.0,437.0,14.0,3.0,21.4,11.0,78.6,182.0,996.0,417.0,9.0,11.0,4.0,19.0,9.0,212.0,30.0,2,0,0,11.0,14.0,5.0,11.0,15.0,13.0,0.0,0.0,0,52.0,6.0,5.0,54.5
2022-12-08,21:00,Champions Lg,Group stage,Thu,Home,D,1,1,Real Madrid,eng Chelsea,1.2,2.4,41.0,1883.0,Ivana Andrés,4-2-3-1,Kateryna Monzul,8.0,4.0,50.0,0.13,0.25,23.2,0.0,0,0,1.2,1.2,0.15,-0.2,-0.2,3.0,3.0,66.7,0,1.0,1.0,1,0,0,1,0.0,6.0,0.0,18.0,6.0,11.1,23.7,8.0,50.0,25.8,12.0,0.0,0.0,5.0,14.9,251.0,372.0,67.5,3892.0,1753.0,132.0,158.0,83.5,89.0,116.0,76.7,20.0,65.0,30.8,0,0.2,0.2,6.0,21.0,3.0,0.0,29.0,372.0,307.0,64.0,16.0,0.0,2.0,17.0,34.0,4.0,4.0,0.0,0.0,251.0,1.0,14.0,10.0,7.0,1.0,1.0,0.0,0.0,1.0,1.0,0.0,0.0,0.0,0.0,0.0,1.0,16.0,9.0,7.0,6.0,3.0,8.0,13.0,61.5,5.0,6.0,1.0,5.0,14.0,30,17.0,0.0,41.0,477.0,52.0,176.0,205.0,98.0,10.0,477.0,12.0,3.0,25.0,9.0,75.0,258.0,1439.0,705.0,11.0,8.0,2.0,17.0,6.0,250.0,29.0,1,0,0,13.0,12.0,1.0,17.0,14.0,9.0,0.0,1.0,1,53.0,8.0,15.0,34.8,10.0,3.0,30.0,0.0,0.0,13.4,0.0,0,1,2.4,1.6,0.17,-2.4,-1.6,4.0,3.0,75.0,0,1.1,0.1,0,0,0,0,4.0,9.0,44.4,53.0,10.0,15.1,24.7,4.0,25.0,23.8,12.0,2.0,16.7,0.0,6.0,410.0,528.0,77.7,7607.0,2673.0,158.0,186.0,84.9,206.0,249.0,82.7,42.0,72.0,58.3,0,1.4,1.2,8.0,18.0,13.0,1.0,45.0,528.0,471.0,53.0,13.0,0.0,1.0,17.0,29.0,5.0,4.0,0.0,0.0,410.0,4.0,5.0,17.0,12.0,1.0,0.0,2.0,1.0,1.0,0.0,0.0,0.0,0.0,0.0,0.0,0.0,15.0,11.0,5.0,8.0,2.0,9.0,12.0,75.0,3.0,14.0,2.0,12.0,9.0,24,23.0,2.0,59.0,634.0,88.0,268.0,247.0,127.0,22.0,633.0,13.0,5.0,38.5,8.0,61.5,441.0,2279.0,1231.0,15.0,17.0,0.0,13.0,8.0,407.0,44.0,2,0,0,12.0,13.0,4.0,17.0,9.0,11.0,1.0,0.0,0,56.0,15.0,8.0,65.2
2022-12-11,20:00,Liga F,Matchweek 12,Sun,Home,W,1,0,Real Madrid,Atlético Madrid,1.7,0.4,52.0,,Kenti Robles,4-2-3-1,Arantza Gallastegui Pérez,17.0,5.0,29.4,0.06,0.2,14.6,0.0,0,0,1.7,1.7,0.11,-0.7,-0.7,1.0,1.0,100.0,1,0.0,0.0,0,0,0,0,2.0,3.0,66.7,13.0,4.0,23.1,25.5,9.0,0.0,14.1,11.0,2.0,18.2,0.0,10.5,377.0,499.0,75.6,7033.0,2535.0,137.0,162.0,84.6,189.0,228.0,82.9,39.0,73.0,53.4,1,0.8,1.0,10.0,28.0,4.0,2.0,41.0,499.0,440.0,56.0,13.0,0.0,2.0,25.0,24.0,9.0,6.0,1.0,1.0,377.0,3.0,14.0,25.0,12.0,4.0,2.0,4.0,1.0,2.0,2.0,0.0,1.0,0.0,1.0,0.0,0.0,28.0,22.0,11.0,11.0,6.0,19.0,22.0,86.4,3.0,13.0,2.0,11.0,11.0,39,9.0,0.0,52.0,607.0,62.0,180.0,287.0,147.0,28.0,607.0,9.0,4.0,44.4,5.0,55.6,305.0,1877.0,1048.0,18.0,12.0,6.0,25.0,14.0,376.0,41.0,1,0,0,8.0,6.0,3.0,25.0,11.0,22.0,0.0,0.0,0,67.0,6.0,7.0,46.2,8.0,1.0,12.5,0.0,0.0,21.8,1.0,0,0,0.4,0.4,0.04,-0.4,-0.4,5.0,4.0,80.0,0,0.7,-0.3,0,0,0,0,6.0,10.0,60.0,41.0,12.0,14.6,25.7,11.0,36.4,32.8,16.0,2.0,12.5,0.0,12.5,355.0,453.0,78.4,6325.0,2913.0,152.0,170.0,89.4,158.0,188.0,84.0,35.0,61.0,57.4,0,0.2,0.4,5.0,22.0,7.0,2.0,32.0,453.0,391.0,55.0,10.0,0.0,0.0,12.0,28.0,4.0,1.0,3.0,0.0,355.0,7.0,11.0,12.0,10.0,1.0,0.0,0.0,1.0,0.0,0.0,0.0,0.0,0.0,0.0,0.0,0.0,19.0,6.0,12.0,5.0,2.0,5.0,9.0,55.6,4.0,16.0,8.0,8.0,13.0,32,26.0,0.0,48.0,590.0,83.0,254.0,245.0,98.0,15.0,590.0,22.0,3.0,13.6,19.0,86.4,302.0,1647.0,783.0,15.0,13.0,3.0,24.0,9.0,353.0,32.0,1,0,0,6.0,7.0,7.0,12.0,13.0,6.0,0.0,0.0,0,53.0,7.0,6.0,53.8
2022-12-16,21:00,Champions Lg,Group stage,Fri,Away,L,1,2,Real Madrid,fr Paris S-G,1.0,1.8,40.0,16319.0,Kenti Robles,4-4-2,Lina Lehtovaara,13.0,4.0,30.8,0.08,0.25,20.8,0.0,0,0,1.0,1.0,0.07,0.0,0.0,6.0,4.0,83.3,0,1.8,-0.2,1,1,0,0,3.0,3.0,100.0,22.0,7.0,9.1,20.0,7.0,14.3,19.6,14.0,2.0,14.3,4.0,18.7,346.0,446.0,77.6,6083.0,2340.0,143.0,170.0,84.1,161.0,194.0,83.0,29.0,49.0,59.2,1,0.8,1.6,10.0,31.0,7.0,2.0,38.0,446.0,412.0,33.0,7.0,2.0,1.0,8.0,15.0,1.0,1.0,0.0,0.0,346.0,1.0,10.0,21.0,20.0,0.0,0.0,1.0,0.0,0.0,2.0,2.0,0.0,0.0,0.0,0.0,0.0,25.0,14.0,10.0,10.0,5.0,10.0,19.0,52.6,9.0,10.0,1.0,9.0,21.0,46,16.0,0.0,40.0,571.0,54.0,193.0,266.0,119.0,15.0,571.0,14.0,6.0,42.9,8.0,57.1,307.0,2087.0,1317.0,17.0,14.0,3.0,14.0,4.0,342.0,38.0,2,0,0,10.0,5.0,1.0,8.0,21.0,14.0,0.0,1.0,0,68.0,8.0,10.0,44.4,11.0,5.0,45.5,0.09,0.2,19.7,1.0,1,1,1.8,1.0,0.09,0.2,0.0,4.0,3.0,75.0,0,1.4,0.4,0,0,0,0,2.0,7.0,28.6,36.0,5.0,13.9,26.7,6.0,33.3,27.2,6.0,0.0,0.0,0.0,11.0,535.0,656.0,81.6,8879.0,3153.0,236.0,261.0,90.4,226.0,256.0,88.3,42.0,78.0,53.8,1,0.9,1.0,9.0,30.0,8.0,1.0,40.0,656.0,611.0,43.0,9.0,4.0,0.0,18.0,20.0,6.0,5.0,0.0,1.0,535.0,2.0,11.0,23.0,19.0,2.0,0.0,0.0,2.0,0.0,4.0,1.0,2.0,0.0,0.0,1.0,0.0,12.0,9.0,5.0,7.0,0.0,8.0,14.0,57.1,6.0,13.0,3.0,10.0,15.0,27,5.0,0.0,60.0,753.0,64.0,276.0,342.0,141.0,22.0,752.0,19.0,9.0,47.4,8.0,42.1,408.0,2100.0,1053.0,23.0,11.0,7.0,10.0,15.0,530.0,40.0,1,0,0,5.0,10.0,2.0,18.0,15.0,9.0,1.0,0.0,0,73.0,10.0,8.0,55.6
2022-12-22,21:00,Champions Lg,Group stage,Thu,Home,W,5,1,Real Madrid,al Shkodër,5.3,0.1,77.0,611.0,Ivana Andrés,3-1-4-2,Zuzana Valentová,30.0,12.0,40.0,0.13,0.33,18.9,2.0,1,1,5.3,4.5,0.18,-0.3,-0.5,1.0,0.0,0.0,0,0.4,-0.6,0,0,0,0,0.0,0.0,,8.0,3.0,0.0,18.3,4.0,0.0,21.5,1.0,0.0,0.0,0.0,18.5,592.0,703.0,84.2,10590.0,3670.0,265.0,296.0,89.5,254.0,292.0,87.0,62.0,81.0,76.5,3,3.6,3.0,23.0,103.0,22.0,6.0,97.0,703.0,651.0,47.0,5.0,4.0,6.0,29.0,25.0,11.0,4.0,0.0,0.0,592.0,5.0,8.0,54.0,47.0,0.0,2.0,3.0,2.0,0.0,8.0,6.0,0.0,1.0,1.0,0.0,0.0,14.0,6.0,2.0,7.0,5.0,4.0,5.0,80.0,1.0,10.0,1.0,9.0,3.0,17,1.0,0.0,77.0,819.0,20.0,81.0,384.0,360.0,43.0,818.0,21.0,10.0,47.6,11.0,52.4,455.0,2370.0,1299.0,25.0,30.0,4.0,17.0,8.0,586.0,96.0,1,0,0,13.0,5.0,5.0,29.0,3.0,6.0,0.0,0.0,0,69.0,8.0,13.0,38.1,3.0,1.0,33.3,0.33,1.0,30.3,1.0,0,0,0.1,0.1,0.03,0.9,0.9,13.0,8.0,69.2,0,3.4,-1.6,1,1,0,0,15.0,30.0,50.0,16.0,0.0,68.8,44.4,21.0,90.5,45.5,21.0,0.0,0.0,0.0,1.0,105.0,206.0,51.0,1918.0,1353.0,50.0,75.0,66.7,26.0,46.0,56.5,21.0,59.0,35.6,0,0.0,0.0,2.0,0.0,0.0,0.0,4.0,206.0,147.0,58.0,17.0,0.0,0.0,1.0,14.0,0.0,0.0,0.0,0.0,105.0,1.0,9.0,6.0,4.0,1.0,0.0,0.0,1.0,0.0,2.0,1.0,0.0,0.0,0.0,1.0,0.0,19.0,11.0,13.0,5.0,1.0,11.0,21.0,52.4,10.0,8.0,4.0,4.0,20.0,39,39.0,0.0,23.0,344.0,92.0,204.0,126.0,19.0,0.0,344.0,5.0,1.0,20.0,4.0,80.0,101.0,616.0,268.0,3.0,1.0,0.0,24.0,10.0,104.0,4.0,0,0,0,7.0,13.0,1.0,1.0,20.0,11.0,0.0,1.0,0,48.0,13.0,8.0,61.9
2023-01-08,18:00,Liga F,Matchweek 14,Sun,Away,W,4,0,Real Madrid,Madrid CFF,2.6,1.2,54.0,,Kenti Robles,4-2-3-1,María Eugenia Gil Soriano,15.0,8.0,53.3,0.27,0.5,17.6,0.0,0,0,2.6,2.6,0.19,1.4,1.4,6.0,6.0,100.0,1,1.3,1.3,0,0,0,0,2.0,8.0,25.0,23.0,6.0,26.1,33.7,15.0,13.3,21.3,13.0,0.0,0.0,2.0,15.3,376.0,486.0,77.4,7520.0,2768.0,135.0,164.0,82.3,186.0,218.0,85.3,52.0,91.0,57.1,1,1.3,1.1,9.0,30.0,4.0,0.0,35.0,486.0,426.0,58.0,10.0,1.0,7.0,11.0,29.0,3.0,3.0,0.0,0.0,376.0,2.0,7.0,25.0,16.0,2.0,1.0,4.0,1.0,1.0,6.0,4.0,0.0,0.0,2.0,0.0,0.0,23.0,17.0,12.0,9.0,2.0,11.0,23.0,47.8,12.0,23.0,5.0,18.0,22.0,45,24.0,0.0,54.0,648.0,92.0,299.0,219.0,137.0,28.0,648.0,27.0,11.0,40.7,16.0,59.3,399.0,1861.0,907.0,17.0,15.0,9.0,25.0,14.0,374.0,35.0,1,0,0,9.0,5.0,2.0,11.0,22.0,17.0,0.0,0.0,0,55.0,6.0,3.0,66.7,22.0,6.0,27.3,0.0,0.0,19.8,2.0,0,0,1.2,1.2,0.06,-1.2,-1.2,8.0,4.0,50.0,0,3.2,-0.8,0,0,0,0,0.0,1.0,0.0,10.0,4.0,10.0,23.7,6.0,0.0,19.7,8.0,0.0,0.0,2.0,18.0,281.0,407.0,69.0,5643.0,2397.0,92.0,116.0,79.3,152.0,190.0,80.0,35.0,78.0,44.9,0,0.8,0.8,13.0,36.0,8.0,2.0,36.0,407.0,355.0,48.0,9.0,2.0,4.0,17.0,20.0,8.0,5.0,2.0,0.0,281.0,4.0,19.0,37.0,21.0,4.0,5.0,3.0,4.0,0.0,0.0,0.0,0.0,0.0,0.0,0.0,0.0,30.0,22.0,15.0,9.0,6.0,16.0,27.0,59.3,11.0,11.0,4.0,7.0,18.0,48,9.0,0.0,46.0,534.0,46.0,177.0,224.0,141.0,29.0,534.0,23.0,12.0,52.2,11.0,47.8,270.0,1191.0,574.0,19.0,10.0,9.0,24.0,12.0,279.0,36.0,1,0,0,6.0,9.0,4.0,17.0,18.0,22.0,0.0,0.0,0,69.0,3.0,6.0,33.3
2023-01-15,16:00,Liga F,Matchweek 15,Sun,Home,W,4,0,Real Madrid,Real Betis,3.6,0.6,63.0,,Ivana Andrés,3-1-4-2,María Gloria Planes Terol,15.0,8.0,53.3,0.27,0.5,14.3,1.0,0,0,3.6,3.6,0.27,0.4,0.4,2.0,2.0,100.0,1,0.6,0.6,0,0,0,0,1.0,4.0,25.0,20.0,8.0,15.0,22.8,4.0,25.0,24.8,8.0,1.0,12.5,0.0,8.0,395.0,505.0,78.2,7518.0,2867.0,137.0,163.0,84.0,212.0,241.0,88.0,42.0,72.0,58.3,3,3.0,2.1,11.0,35.0,10.0,1.0,51.0,505.0,441.0,58.0,13.0,5.0,0.0,19.0,32.0,8.0,3.0,2.0,0.0,395.0,6.0,11.0,26.0,18.0,3.0,1.0,2.0,2.0,0.0,7.0,6.0,0.0,0.0,1.0,0.0,0.0,24.0,20.0,12.0,10.0,2.0,8.0,14.0,57.1,6.0,12.0,2.0,10.0,12.0,36,13.0,0.0,63.0,615.0,55.0,195.0,291.0,132.0,32.0,615.0,21.0,10.0,47.6,11.0,52.4,310.0,2024.0,1106.0,29.0,8.0,10.0,20.0,11.0,394.0,51.0,2,0,0,11.0,12.0,6.0,19.0,12.0,20.0,0.0,0.0,0,65.0,10.0,8.0,55.6,5.0,2.0,40.0,0.0,0.0,21.5,1.0,0,0,0.6,0.6,0.13,-0.6,-0.6,8.0,4.0,50.0,0,3.3,-0.7,0,0,0,0,5.0,14.0,35.7,35.0,6.0,37.1,35.1,12.0,16.7,23.9,14.0,0.0,0.0,0.0,13.0,184.0,292.0,63.0,3782.0,1722.0,59.0,78.0,75.6,94.0,125.0,75.2,27.0,72.0,37.5,0,0.6,0.2,4.0,15.0,1.0,0.0,19.0,292.0,214.0,77.0,17.0,0.0,0.0,10.0,37.0,6.0,1.0,2.0,0.0,184.0,1.0,12.0,7.0,4.0,0.0,1.0,0.0,0.0,2.0,0.0,0.0,0.0,0.0,0.0,0.0,0.0,22.0,16.0,12.0,8.0,2.0,11.0,21.0,52.4,10.0,9.0,1.0,8.0,13.0,35,13.0,0.0,37.0,406.0,72.0,163.0,154.0,95.0,7.0,406.0,14.0,6.0,42.9,8.0,57.1,195.0,916.0,414.0,6.0,5.0,1.0,31.0,16.0,181.0,19.0,1,0,0,13.0,10.0,1.0,10.0,13.0,16.0,0.0,0.0,0,43.0,8.0,10.0,44.4
2023-01-25,19:00,Liga F,Matchweek 16,Wed,Away,W,3,1,Real Madrid,Alavés,3.0,2.0,66.0,,Ivana Andrés,3-4-1-2,Elena Peláez Arnillas,24.0,10.0,41.7,0.13,0.3,14.8,1.0,0,0,3.0,3.0,0.12,0.0,0.0,2.0,1.0,50.0,0,1.1,0.1,0,0,0,0,3.0,6.0,50.0,25.0,1.0,16.0,27.8,8.0,25.0,24.9,10.0,0.0,0.0,2.0,13.3,496.0,615.0,80.7,8751.0,3249.0,211.0,245.0,86.1,213.0,237.0,89.9,55.0,96.0,57.3,1,2.1,1.6,17.0,42.0,10.0,2.0,68.0,615.0,558.0,52.0,11.0,0.0,4.0,27.0,21.0,10.0,6.0,0.0,0.0,496.0,5.0,12.0,41.0,31.0,4.0,1.0,2.0,2.0,1.0,6.0,5.0,0.0,0.0,0.0,0.0,1.0,14.0,7.0,10.0,2.0,2.0,0.0,6.0,0.0,6.0,6.0,1.0,5.0,18.0,32,15.0,0.0,66.0,731.0,67.0,204.0,323.0,209.0,39.0,731.0,18.0,6.0,33.3,12.0,66.7,545.0,2915.0,1311.0,27.0,20.0,12.0,19.0,12.0,493.0,65.0,0,0,0,6.0,7.0,5.0,27.0,18.0,7.0,0.0,0.0,0,80.0,14.0,17.0,45.2,7.0,2.0,28.6,0.14,0.5,15.1,0.0,0,0,2.0,2.0,0.29,-1.0,-1.0,10.0,7.0,70.0,0,2.5,-0.5,0,0,0,0,8.0,17.0,47.1,32.0,10.0,37.5,36.6,13.0,38.5,30.0,18.0,1.0,5.6,0.0,9.0,202.0,323.0,62.5,4549.0,2150.0,50.0,73.0,68.5,107.0,147.0,72.8,43.0,89.0,48.3,1,1.4,0.6,6.0,14.0,4.0,1.0,16.0,323.0,263.0,56.0,10.0,0.0,1.0,14.0,24.0,5.0,4.0,1.0,0.0,202.0,4.0,7.0,8.0,4.0,3.0,0.0,1.0,0.0,0.0,1.0,0.0,1.0,0.0,0.0,0.0,0.0,24.0,15.0,9.0,10.0,5.0,12.0,18.0,66.7,6.0,12.0,3.0,9.0,18.0,42,14.0,0.0,34.0,439.0,83.0,208.0,149.0,87.0,9.0,439.0,6.0,6.0,100.0,0.0,0.0,169.0,1032.0,559.0,10.0,6.0,1.0,22.0,14.0,198.0,15.0,0,0,0,9.0,5.0,4.0,14.0,18.0,15.0,0.0,0.0,0,52.0,17.0,14.0,54.8
2023-01-28,18:15,Liga F,Matchweek 17,Sat,Home,W,2,1,Real Madrid,Athletic Club,1.8,0.9,67.0,,Ivana Andrés,4-2-3-1,Patricia Luna Varo,20.0,7.0,35.0,0.1,0.29,17.4,1.0,0,0,1.8,1.8,0.1,0.2,0.2,2.0,1.0,50.0,0,0.3,-0.7,0,0,0,0,5.0,11.0,45.5,19.0,3.0,36.8,31.3,11.0,36.4,28.3,17.0,2.0,11.8,2.0,11.0,473.0,587.0,80.6,9201.0,3356.0,185.0,222.0,83.3,217.0,248.0,87.5,68.0,101.0,67.3,1,0.8,1.1,11.0,51.0,16.0,2.0,59.0,587.0,533.0,53.0,6.0,1.0,2.0,26.0,25.0,9.0,5.0,0.0,0.0,473.0,1.0,9.0,29.0,20.0,2.0,2.0,4.0,1.0,0.0,3.0,2.0,0.0,0.0,1.0,0.0,0.0,19.0,14.0,8.0,5.0,6.0,2.0,8.0,25.0,6.0,7.0,3.0,4.0,7.0,26,15.0,0.0,67.0,690.0,59.0,174.0,303.0,216.0,39.0,690.0,18.0,8.0,44.4,10.0,55.6,421.0,1939.0,923.0,20.0,11.0,8.0,14.0,9.0,469.0,58.0,1,0,0,10.0,6.0,1.0,26.0,7.0,14.0,0.0,0.0,0,57.0,6.0,6.0,50.0,10.0,2.0,20.0,0.1,0.5,16.6,0.0,0,0,0.9,0.9,0.09,0.1,0.1,7.0,5.0,71.4,0,2.3,0.3,0,0,0,0,2.0,5.0,40.0,23.0,7.0,8.7,25.5,11.0,27.3,25.5,19.0,2.0,10.5,0.0,8.5,197.0,295.0,66.8,4134.0,1826.0,57.0,78.0,73.1,106.0,128.0,82.8,31.0,71.0,43.7,1,0.6,0.3,7.0,18.0,4.0,2.0,15.0,295.0,244.0,50.0,12.0,0.0,2.0,22.0,16.0,8.0,7.0,0.0,0.0,197.0,1.0,6.0,15.0,12.0,1.0,0.0,0.0,0.0,2.0,2.0,2.0,0.0,0.0,0.0,0.0,0.0,19.0,15.0,12.0,4.0,3.0,10.0,18.0,55.6,8.0,13.0,7.0,6.0,10.0,29,32.0,0.0,33.0,412.0,81.0,209.0,140.0,66.0,13.0,412.0,8.0,6.0,75.0,2.0,25.0,207.0,930.0,412.0,5.0,5.0,2.0,18.0,17.0,193.0,15.0,3,0,0,6.0,7.0,1.0,22.0,10.0,15.0,0.0,0.0,0,41.0,6.0,5.0,54.5
2023-02-01,21:00,Liga F,Matchweek 13,Wed,Home,W,4,1,Real Madrid,Real Sociedad,2.3,0.6,55.0,,Kenti Robles,4-2-3-1,María Dolores Martínez Madrona,15.0,7.0,46.7,0.27,0.57,15.6,0.0,0,0,2.3,2.3,0.16,1.7,1.7,2.0,1.0,50.0,0,0.5,-0.5,0,0,0,0,1.0,8.0,12.5,28.0,4.0,25.0,31.6,8.0,12.5,21.1,10.0,0.0,0.0,0.0,13.0,484.0,588.0,82.3,8043.0,2907.0,256.0,279.0,91.8,173.0,200.0,86.5,46.0,78.0,59.0,3,1.9,2.3,13.0,29.0,10.0,1.0,50.0,588.0,547.0,41.0,6.0,0.0,4.0,17.0,20.0,5.0,3.0,0.0,0.0,484.0,0.0,11.0,27.0,21.0,4.0,1.0,0.0,1.0,0.0,6.0,4.0,1.0,0.0,0.0,1.0,0.0,18.0,11.0,8.0,8.0,2.0,12.0,14.0,85.7,2.0,8.0,2.0,6.0,12.0,30,11.0,0.0,55.0,683.0,53.0,188.0,339.0,163.0,31.0,683.0,17.0,10.0,58.8,7.0,41.2,497.0,2509.0,1056.0,29.0,19.0,10.0,14.0,11.0,481.0,50.0,0,0,0,9.0,5.0,0.0,17.0,12.0,11.0,0.0,0.0,0,72.0,10.0,7.0,58.8,9.0,2.0,22.2,0.11,0.5,17.8,0.0,0,0,0.6,0.6,0.07,0.4,0.4,7.0,3.0,42.9,0,1.9,-2.1,0,0,0,0,1.0,4.0,25.0,27.0,4.0,11.1,22.6,11.0,9.1,17.2,12.0,0.0,0.0,0.0,3.5,371.0,488.0,76.0,5970.0,2214.0,170.0,201.0,84.6,165.0,200.0,82.5,20.0,49.0,40.8,1,0.5,0.9,8.0,15.0,4.0,2.0,24.0,488.0,438.0,49.0,9.0,0.0,1.0,15.0,18.0,6.0,3.0,3.0,0.0,371.0,1.0,7.0,16.0,13.0,3.0,0.0,0.0,0.0,0.0,1.0,0.0,1.0,0.0,0.0,0.0,0.0,18.0,10.0,4.0,9.0,5.0,7.0,17.0,41.2,10.0,10.0,1.0,9.0,5.0,23,17.0,1.0,45.0,586.0,94.0,259.0,224.0,105.0,14.0,586.0,14.0,2.0,14.3,10.0,71.4,241.0,1076.0,575.0,14.0,6.0,3.0,12.0,6.0,369.0,24.0,1,0,0,5.0,9.0,1.0,15.0,5.0,10.0,0.0,0.0,0,71.0,7.0,10.0,41.2
2023-02-04,18:15,Liga F,Matchweek 18,Sat,Away,W,6,1,Real Madrid,Valencia,2.8,0.5,53.0,,Kenti Robles,4-3-3,Ainara Andrea Acevedo Dudley,17.0,10.0,58.8,0.35,0.6,16.4,0.0,0,0,2.8,2.8,0.17,3.2,3.2,4.0,3.0,75.0,0,0.6,-0.4,0,0,0,0,3.0,7.0,42.9,26.0,8.0,19.2,29.6,5.0,40.0,38.6,8.0,0.0,0.0,0.0,14.5,455.0,559.0,81.4,9476.0,2970.0,137.0,173.0,79.2,233.0,263.0,88.6,80.0,106.0,75.5,3,1.4,0.8,10.0,34.0,9.0,0.0,54.0,559.0,518.0,38.0,8.0,0.0,2.0,15.0,19.0,4.0,3.0,0.0,0.0,455.0,3.0,10.0,29.0,26.0,0.0,0.0,2.0,0.0,1.0,8.0,7.0,0.0,0.0,1.0,0.0,0.0,20.0,9.0,7.0,12.0,1.0,3.0,6.0,50.0,3.0,23.0,4.0,19.0,12.0,32,12.0,0.0,53.0,657.0,63.0,278.0,233.0,147.0,24.0,657.0,6.0,3.0,50.0,3.0,50.0,238.0,1587.0,811.0,22.0,11.0,5.0,9.0,14.0,451.0,54.0,0,0,0,10.0,3.0,3.0,15.0,12.0,9.0,0.0,0.0,0,53.0,6.0,4.0,60.0,11.0,4.0,36.4,0.09,0.25,21.8,0.0,0,0,0.5,0.5,0.05,0.5,0.5,10.0,4.0,40.0,0,3.7,-2.3,0,0,0,0,4.0,7.0,57.1,28.0,4.0,17.9,28.0,7.0,28.6,31.9,14.0,0.0,0.0,4.0,18.0,383.0,489.0,78.3,6807.0,2466.0,178.0,208.0,85.6,165.0,199.0,82.9,38.0,56.0,67.9,0,0.3,0.6,9.0,34.0,7.0,1.0,45.0,489.0,439.0,45.0,12.0,0.0,2.0,11.0,19.0,0.0,0.0,0.0,0.0,383.0,5.0,21.0,18.0,12.0,3.0,0.0,1.0,1.0,1.0,1.0,0.0,0.0,0.0,1.0,0.0,0.0,17.0,15.0,7.0,6.0,4.0,3.0,6.0,50.0,3.0,12.0,2.0,10.0,11.0,28,15.0,1.0,47.0,576.0,55.0,195.0,235.0,148.0,14.0,576.0,6.0,3.0,50.0,3.0,50.0,219.0,1203.0,530.0,10.0,6.0,2.0,15.0,17.0,380.0,45.0,0,0,0,3.0,10.0,5.0,11.0,11.0,15.0,0.0,0.0,0,52.0,4.0,6.0,40.0
2023-02-08,19:00,Liga F,Matchweek 3,Wed,Away,W,3,2,Real Madrid,UDG Tenerife,2.2,1.4,66.0,,Ivana Andrés,5-3-2,Ylenia Sánchez Miguel,8.0,4.0,50.0,0.25,0.5,16.8,0.0,1,1,2.2,1.4,0.18,0.8,0.6,7.0,5.0,71.4,0,2.0,0.0,0,0,0,0,3.0,5.0,60.0,25.0,7.0,12.0,24.0,8.0,25.0,31.3,12.0,1.0,8.3,0.0,9.8,442.0,580.0,76.2,8369.0,2932.0,173.0,210.0,82.4,213.0,253.0,84.2,55.0,98.0,56.1,1,0.9,1.2,5.0,20.0,3.0,0.0,37.0,580.0,517.0,62.0,19.0,2.0,5.0,11.0,29.0,3.0,2.0,1.0,0.0,442.0,1.0,11.0,18.0,15.0,1.0,1.0,0.0,1.0,0.0,6.0,5.0,0.0,0.0,0.0,1.0,0.0,20.0,10.0,8.0,10.0,2.0,12.0,19.0,63.2,7.0,6.0,3.0,3.0,8.0,28,25.0,0.0,66.0,698.0,71.0,289.0,294.0,117.0,10.0,697.0,24.0,6.0,25.0,18.0,75.0,330.0,1777.0,794.0,9.0,13.0,1.0,12.0,7.0,438.0,36.0,2,0,0,12.0,10.0,1.0,11.0,8.0,10.0,1.0,0.0,0,52.0,11.0,10.0,52.4,17.0,7.0,41.2,0.12,0.29,21.5,1.0,0,0,1.4,1.4,0.08,0.6,0.6,5.0,2.0,60.0,0,2.1,-0.9,1,1,0,0,5.0,13.0,38.5,15.0,1.0,60.0,50.9,4.0,100.0,58.3,8.0,1.0,12.5,1.0,12.8,162.0,295.0,54.9,3618.0,1906.0,55.0,71.0,77.5,74.0,126.0,58.7,33.0,78.0,42.3,1,0.5,0.4,11.0,21.0,8.0,3.0,27.0,295.0,228.0,57.0,12.0,0.0,2.0,17.0,32.0,5.0,5.0,0.0,0.0,162.0,10.0,5.0,26.0,21.0,2.0,1.0,1.0,1.0,0.0,2.0,2.0,0.0,0.0,0.0,0.0,0.0,25.0,14.0,13.0,8.0,4.0,18.0,24.0,75.0,6.0,11.0,2.0,9.0,11.0,36,21.0,0.0,34.0,433.0,38.0,138.0,176.0,128.0,21.0,433.0,19.0,7.0,36.8,12.0,63.2,174.0,654.0,275.0,11.0,10.0,4.0,19.0,8.0,157.0,27.0,2,0,0,11.0,11.0,10.0,17.0,11.0,14.0,0.0,1.0,0,62.0,10.0,11.0,47.6
2023-02-12,18:00,Liga F,Matchweek 19,Sun,Home,W,1,0,Real Madrid,Sporting Huelva,2.9,0.2,77.0,,Kenti Robles,4-3-3,Beatriz Cuesta Arribas,23.0,6.0,26.1,0.04,0.17,13.5,0.0,0,0,2.9,2.9,0.13,-1.9,-1.9,1.0,1.0,100.0,1,0.1,0.1,0,0,0,0,2.0,3.0,66.7,14.0,5.0,7.1,20.6,5.0,40.0,38.4,5.0,0.0,0.0,5.0,28.6,602.0,737.0,81.7,11110.0,3429.0,226.0,264.0,85.6,276.0,325.0,84.9,75.0,100.0,75.0,1,2.4,2.2,19.0,74.0,17.0,4.0,99.0,737.0,675.0,59.0,6.0,0.0,3.0,51.0,34.0,13.0,12.0,0.0,0.0,602.0,3.0,9.0,41.0,32.0,4.0,0.0,4.0,0.0,1.0,2.0,1.0,0.0,0.0,0.0,0.0,1.0,16.0,13.0,3.0,10.0,3.0,7.0,16.0,43.8,9.0,3.0,0.0,3.0,11.0,27,10.0,0.0,77.0,851.0,25.0,113.0,449.0,294.0,62.0,851.0,23.0,10.0,43.5,13.0,56.5,474.0,2499.0,1383.0,34.0,19.0,13.0,30.0,8.0,595.0,98.0,1,0,0,4.0,5.0,3.0,51.0,11.0,13.0,0.0,0.0,0,71.0,14.0,8.0,63.6,4.0,1.0,25.0,0.0,0.0,19.6,0.0,0,0,0.2,0.2,0.05,-0.2,-0.2,6.0,5.0,83.3,0,1.4,0.4,0,0,0,0,10.0,23.0,43.5,14.0,1.0,64.3,39.8,14.0,100.0,52.1,35.0,0.0,0.0,0.0,8.0,113.0,221.0,51.1,2023.0,1408.0,59.0,83.0,71.1,35.0,64.0,54.7,16.0,63.0,25.4,0,0.2,0.1,3.0,8.0,0.0,0.0,11.0,221.0,176.0,44.0,6.0,0.0,0.0,6.0,20.0,2.0,2.0,0.0,0.0,113.0,1.0,3.0,4.0,3.0,1.0,0.0,0.0,0.0,0.0,0.0,0.0,0.0,0.0,0.0,0.0,0.0,21.0,14.0,16.0,4.0,1.0,13.0,23.0,56.5,10.0,10.0,5.0,5.0,9.0,30,54.0,0.0,23.0,362.0,92.0,201.0,119.0,45.0,4.0,362.0,16.0,9.0,56.3,7.0,43.8,123.0,561.0,180.0,2.0,3.0,0.0,21.0,9.0,111.0,10.0,1,0,0,5.0,4.0,1.0,6.0,9.0,14.0,0.0,0.0,0,64.0,8.0,14.0,36.4
2023-03-04,18:15,Liga F,Matchweek 20,Sat,Away,W,5,1,Real Madrid,Alhama,1.9,0.9,59.0,,Ivana Andrés,4-2-3-1,Paola Cebollada López,22.0,6.0,27.3,0.18,0.67,17.3,0.0,0,0,1.9,1.9,0.09,2.1,2.1,1.0,0.0,0.0,0,0.6,-0.4,0,0,0,0,8.0,23.0,34.8,22.0,5.0,63.6,38.8,12.0,75.0,39.7,21.0,2.0,9.5,0.0,8.3,340.0,474.0,71.7,5660.0,2693.0,164.0,205.0,80.0,105.0,134.0,78.4,46.0,93.0,49.5,2,1.3,0.9,13.0,30.0,7.0,1.0,31.0,474.0,405.0,69.0,17.0,1.0,5.0,7.0,35.0,3.0,3.0,0.0,0.0,340.0,0.0,11.0,37.0,27.0,3.0,2.0,4.0,0.0,1.0,7.0,5.0,0.0,1.0,1.0,0.0,0.0,22.0,16.0,8.0,12.0,2.0,3.0,6.0,50.0,3.0,10.0,3.0,7.0,13.0,35,24.0,1.0,59.0,591.0,60.0,209.0,272.0,115.0,36.0,591.0,24.0,12.0,50.0,12.0,50.0,315.0,1846.0,785.0,23.0,13.0,12.0,19.0,19.0,335.0,31.0,1,0,0,9.0,11.0,0.0,7.0,13.0,16.0,0.0,0.0,0,64.0,12.0,13.0,48.0,9.0,1.0,11.1,0.11,1.0,20.1,0.0,0,0,0.9,0.9,0.09,0.1,0.1,6.0,2.0,16.7,0,1.6,-2.4,0,0,0,0,9.0,23.0,39.1,14.0,1.0,85.7,50.4,11.0,100.0,51.3,4.0,0.0,0.0,1.0,13.3,178.0,331.0,53.8,3776.0,2032.0,61.0,95.0,64.2,81.0,127.0,63.8,30.0,86.0,34.9,0,0.2,0.5,3.0,30.0,3.0,0.0,34.0,331.0,263.0,62.0,9.0,0.0,1.0,27.0,31.0,6.0,5.0,1.0,0.0,178.0,6.0,10.0,13.0,7.0,2.0,0.0,1.0,1.0,2.0,2.0,2.0,0.0,0.0,0.0,0.0,0.0,30.0,19.0,11.0,14.0,5.0,12.0,24.0,50.0,12.0,16.0,5.0,11.0,13.0,43,11.0,1.0,41.0,430.0,44.0,111.0,186.0,137.0,16.0,430.0,6.0,3.0,50.0,3.0,50.0,145.0,677.0,277.0,4.0,4.0,1.0,16.0,19.0,173.0,33.0,3,0,0,11.0,9.0,6.0,27.0,13.0,19.0,0.0,0.0,1,55.0,13.0,12.0,52.0
2023-03-12,18:00,Liga F,Matchweek 21,Sun,Away,D,0,0,Real Madrid,Atlético Madrid,1.0,0.5,62.0,,Ivana Andrés,4-2-3-1,Ainara Andrea Acevedo Dudley,18.0,4.0,22.2,0.0,0.0,22.9,0.0,0,0,1.0,1.0,0.06,-1.0,-1.0,3.0,3.0,100.0,1,1.2,1.2,0,0,0,0,2.0,5.0,40.0,17.0,3.0,17.6,27.9,7.0,28.6,33.1,10.0,1.0,10.0,1.0,14.4,464.0,587.0,79.0,9074.0,3120.0,169.0,200.0,84.5,230.0,262.0,87.8,64.0,102.0,62.7,0,1.0,1.6,15.0,42.0,9.0,1.0,54.0,587.0,527.0,59.0,18.0,0.0,1.0,27.0,24.0,9.0,4.0,1.0,0.0,464.0,1.0,14.0,33.0,29.0,0.0,1.0,2.0,1.0,0.0,0.0,0.0,0.0,0.0,0.0,0.0,0.0,20.0,9.0,14.0,4.0,2.0,9.0,15.0,60.0,6.0,12.0,2.0,10.0,5.0,25,9.0,0.0,62.0,679.0,51.0,214.0,284.0,188.0,23.0,679.0,16.0,7.0,43.8,9.0,56.3,320.0,1925.0,1157.0,19.0,9.0,5.0,11.0,9.0,460.0,54.0,1,0,0,7.0,15.0,1.0,27.0,5.0,9.0,0.0,0.0,0,69.0,6.0,8.0,42.9,7.0,3.0,42.9,0.0,0.0,18.2,0.0,0,0,0.5,0.5,0.08,-0.5,-0.5,4.0,4.0,100.0,1,0.5,0.5,0,0,0,0,6.0,9.0,66.7,27.0,5.0,22.2,29.3,14.0,21.4,24.1,21.0,1.0,4.8,0.0,4.4,273.0,362.0,75.4,5397.0,2386.0,91.0,108.0,84.3,151.0,171.0,88.3,30.0,66.0,45.5,0,0.5,0.3,6.0,26.0,4.0,0.0,36.0,362.0,313.0,47.0,8.0,1.0,0.0,13.0,20.0,4.0,1.0,1.0,0.0,273.0,2.0,9.0,11.0,8.0,1.0,1.0,0.0,1.0,0.0,0.0,0.0,0.0,0.0,0.0,0.0,0.0,18.0,11.0,9.0,5.0,4.0,9.0,16.0,56.3,7.0,15.0,4.0,11.0,16.0,34,37.0,0.0,38.0,502.0,84.0,211.0,173.0,125.0,19.0,502.0,15.0,6.0,40.0,9.0,60.0,256.0,1685.0,827.0,22.0,8.0,4.0,14.0,11.0,270.0,34.0,1,0,0,16.0,5.0,2.0,13.0,16.0,11.0,0.0,0.0,0,50.0,8.0,6.0,57.1
2023-03-18,12:00,Liga F,Matchweek 22,Sat,Home,L,0,1,Real Madrid,UDG Tenerife,1.6,1.4,71.0,,Ivana Andrés,4-3-3,Elena Peláez Arnillas,16.0,4.0,25.0,0.0,0.0,18.5,2.0,0,0,1.6,1.6,0.1,-1.6,-1.6,2.0,1.0,50.0,0,1.1,0.1,0,0,0,0,1.0,2.0,50.0,26.0,6.0,0.0,24.3,11.0,18.2,26.2,10.0,0.0,0.0,1.0,29.0,506.0,633.0,79.9,9252.0,3642.0,205.0,243.0,84.4,245.0,284.0,86.3,52.0,93.0,55.9,0,1.4,1.6,11.0,45.0,12.0,5.0,39.0,633.0,575.0,57.0,11.0,0.0,1.0,21.0,26.0,7.0,1.0,0.0,3.0,506.0,1.0,6.0,26.0,21.0,1.0,2.0,1.0,1.0,0.0,0.0,0.0,0.0,0.0,0.0,0.0,0.0,13.0,12.0,9.0,3.0,1.0,8.0,16.0,50.0,8.0,2.0,2.0,0.0,7.0,20,7.0,0.0,71.0,707.0,51.0,256.0,290.0,166.0,24.0,707.0,16.0,11.0,68.8,5.0,31.3,424.0,2318.0,935.0,18.0,11.0,2.0,15.0,12.0,497.0,37.0,1,0,0,6.0,10.0,1.0,21.0,7.0,12.0,0.0,0.0,0,47.0,9.0,11.0,45.0,11.0,2.0,18.2,0.09,0.5,18.2,0.0,0,0,1.4,1.4,0.13,-0.4,-0.4,4.0,4.0,100.0,1,0.7,0.7,0,0,0,0,9.0,23.0,39.1,22.0,1.0,72.7,46.3,12.0,58.3,37.8,19.0,1.0,5.3,0.0,8.3,145.0,259.0,56.0,3181.0,1844.0,46.0,71.0,64.8,66.0,88.0,75.0,30.0,84.0,35.7,0,0.6,0.5,8.0,13.0,2.0,0.0,20.0,259.0,211.0,47.0,7.0,0.0,0.0,15.0,22.0,5.0,4.0,1.0,0.0,145.0,1.0,3.0,16.0,9.0,3.0,2.0,0.0,1.0,1.0,2.0,2.0,0.0,0.0,0.0,0.0,0.0,17.0,13.0,5.0,9.0,3.0,5.0,16.0,31.3,11.0,9.0,4.0,5.0,17.0,34,17.0,0.0,29.0,352.0,69.0,157.0,131.0,67.0,16.0,352.0,16.0,8.0,50.0,8.0,50.0,151.0,793.0,318.0,10.0,5.0,4.0,12.0,5.0,145.0,20.0,3,0,0,12.0,6.0,1.0,15.0,17.0,13.0,0.0,0.0,0,47.0,11.0,9.0,55.0
2023-03-25,18:15,Liga F,Matchweek 23,Sat,Away,L,0,1,Real Madrid,Barcelona,0.3,1.8,43.0,,Ivana Andrés,4-4-2,Olatz Rivera Olmedo,5.0,2.0,40.0,0.0,0.0,23.8,0.0,0,0,0.3,0.3,0.05,-0.3,-0.3,6.0,5.0,100.0,0,1.4,0.4,1,1,0,0,4.0,10.0,40.0,17.0,3.0,35.3,32.6,15.0,26.7,35.5,28.0,3.0,10.7,0.0,6.1,327.0,424.0,77.1,5256.0,2127.0,162.0,180.0,90.0,112.0,138.0,81.2,32.0,67.0,47.8,0,0.1,0.2,3.0,19.0,3.0,0.0,14.0,424.0,375.0,46.0,7.0,1.0,1.0,7.0,20.0,2.0,1.0,1.0,0.0,327.0,3.0,8.0,6.0,5.0,0.0,0.0,0.0,0.0,1.0,0.0,0.0,0.0,0.0,0.0,0.0,0.0,33.0,22.0,18.0,14.0,1.0,17.0,32.0,53.1,15.0,13.0,1.0,12.0,14.0,47,22.0,0.0,43.0,560.0,79.0,235.0,253.0,76.0,4.0,560.0,17.0,6.0,35.3,11.0,64.7,300.0,1588.0,630.0,12.0,5.0,1.0,15.0,15.0,326.0,14.0,2,0,0,12.0,5.0,3.0,7.0,14.0,22.0,0.0,1.0,0,58.0,3.0,12.0,20.0,16.0,5.0,31.3,0.0,0.0,18.7,1.0,1,1,1.8,1.1,0.07,-0.8,-1.1,2.0,2.0,100.0,1,0.1,0.1,0,0,0,0,2.0,2.0,100.0,24.0,6.0,4.2,23.0,4.0,25.0,28.3,4.0,0.0,0.0,1.0,35.0,460.0,568.0,81.0,7759.0,2869.0,202.0,234.0,86.3,202.0,222.0,91.0,36.0,65.0,55.4,0,0.5,0.8,9.0,34.0,9.0,5.0,52.0,568.0,510.0,56.0,13.0,1.0,1.0,36.0,28.0,10.0,4.0,5.0,0.0,460.0,2.0,13.0,27.0,16.0,5.0,1.0,1.0,3.0,1.0,2.0,0.0,1.0,0.0,0.0,1.0,0.0,26.0,18.0,3.0,14.0,9.0,11.0,17.0,64.7,6.0,8.0,1.0,7.0,10.0,36,6.0,0.0,57.0,692.0,37.0,168.0,297.0,230.0,36.0,691.0,32.0,15.0,46.9,17.0,53.1,395.0,2205.0,1093.0,27.0,16.0,12.0,18.0,16.0,458.0,52.0,1,0,0,5.0,11.0,2.0,36.0,10.0,18.0,1.0,0.0,0,60.0,12.0,3.0,80.0
2023-03-31,21:00,Liga F,Matchweek 24,Fri,Home,W,3,0,Real Madrid,Levante Planas,3.5,0.2,71.0,,Ivana Andrés,4-2-3-1,Elia María Martínez Martínez,23.0,7.0,30.4,0.13,0.43,17.0,0.0,0,0,3.5,3.5,0.15,-0.5,-0.5,3.0,3.0,100.0,1,0.8,0.8,0,0,0,0,1.0,2.0,50.0,15.0,5.0,13.3,22.7,2.0,0.0,15.5,8.0,1.0,12.5,0.0,10.5,579.0,667.0,86.8,10716.0,3714.0,216.0,239.0,90.4,313.0,348.0,89.9,48.0,67.0,71.6,3,3.4,3.3,20.0,59.0,10.0,1.0,84.0,667.0,622.0,40.0,11.0,2.0,4.0,22.0,22.0,4.0,0.0,2.0,1.0,579.0,5.0,5.0,41.0,32.0,3.0,2.0,1.0,1.0,2.0,5.0,4.0,0.0,0.0,0.0,0.0,1.0,22.0,14.0,7.0,8.0,7.0,9.0,15.0,60.0,6.0,11.0,1.0,10.0,4.0,26,11.0,0.0,71.0,776.0,34.0,190.0,354.0,240.0,42.0,776.0,23.0,11.0,47.8,12.0,52.2,485.0,2588.0,1303.0,23.0,21.0,11.0,21.0,4.0,573.0,83.0,2,0,0,7.0,9.0,5.0,22.0,4.0,14.0,0.0,0.0,0,62.0,11.0,7.0,61.1,5.0,3.0,60.0,0.0,0.0,26.6,1.0,0,0,0.2,0.2,0.04,-0.2,-0.2,7.0,4.0,57.1,0,2.3,-0.7,0,0,0,0,3.0,16.0,18.8,30.0,4.0,43.3,38.2,10.0,30.0,27.2,17.0,1.0,5.9,0.0,9.3,177.0,275.0,64.4,3530.0,1629.0,56.0,72.0,77.8,97.0,121.0,80.2,22.0,68.0,32.4,0,0.2,0.2,3.0,12.0,2.0,0.0,13.0,275.0,227.0,46.0,10.0,0.0,1.0,9.0,17.0,5.0,5.0,0.0,0.0,177.0,2.0,11.0,8.0,4.0,3.0,0.0,0.0,1.0,0.0,0.0,0.0,0.0,0.0,0.0,0.0,0.0,16.0,12.0,9.0,6.0,1.0,12.0,23.0,52.2,11.0,11.0,7.0,4.0,7.0,23,28.0,1.0,29.0,393.0,87.0,217.0,120.0,59.0,4.0,393.0,16.0,7.0,43.8,9.0,56.3,182.0,949.0,461.0,11.0,2.0,2.0,19.0,13.0,172.0,11.0,4,0,0,10.0,7.0,2.0,9.0,7.0,12.0,0.0,0.0,0,54.0,7.0,11.0,38.9
2023-04-16,18:00,Liga F,Matchweek 25,Sun,Away,W,3,1,Real Madrid,Real Betis,2.2,0.6,69.0,,Ivana Andrés,4-3-3,Paola Cebollada López,20.0,6.0,30.0,0.1,0.33,18.2,1.0,1,1,2.2,1.4,0.07,0.8,0.6,3.0,2.0,66.7,0,1.1,0.1,0,0,0,0,2.0,3.0,66.7,20.0,3.0,15.0,25.2,3.0,0.0,18.0,8.0,1.0,12.5,2.0,17.0,511.0,610.0,83.8,10466.0,3844.0,169.0,191.0,88.5,266.0,305.0,87.2,74.0,101.0,73.3,1,0.8,1.1,13.0,77.0,15.0,5.0,80.0,610.0,565.0,44.0,10.0,0.0,1.0,27.0,24.0,5.0,4.0,0.0,0.0,511.0,1.0,10.0,39.0,26.0,1.0,7.0,3.0,2.0,0.0,6.0,2.0,0.0,3.0,0.0,1.0,0.0,18.0,8.0,5.0,11.0,2.0,5.0,11.0,45.5,6.0,9.0,1.0,8.0,19.0,37,11.0,0.0,69.0,728.0,36.0,174.0,320.0,243.0,30.0,727.0,35.0,14.0,40.0,20.0,57.1,393.0,2317.0,1170.0,22.0,12.0,5.0,16.0,11.0,504.0,80.0,1,0,0,11.0,9.0,1.0,27.0,19.0,8.0,1.0,0.0,0,58.0,6.0,3.0,66.7,6.0,3.0,50.0,0.17,0.33,21.8,0.0,0,0,0.6,0.6,0.09,0.4,0.4,7.0,4.0,71.4,0,3.4,0.4,1,1,0,0,4.0,15.0,26.7,17.0,0.0,47.1,35.8,12.0,58.3,37.3,21.0,0.0,0.0,1.0,10.3,167.0,276.0,60.5,3186.0,1544.0,67.0,87.0,77.0,76.0,109.0,69.7,20.0,62.0,32.3,1,0.5,0.3,3.0,13.0,4.0,0.0,12.0,276.0,220.0,54.0,11.0,2.0,1.0,8.0,23.0,4.0,3.0,0.0,0.0,167.0,2.0,8.0,8.0,5.0,1.0,1.0,0.0,0.0,1.0,2.0,1.0,0.0,1.0,0.0,0.0,0.0,32.0,17.0,19.0,13.0,0.0,20.0,33.0,60.6,13.0,14.0,6.0,8.0,12.0,44,22.0,1.0,31.0,397.0,80.0,213.0,129.0,61.0,7.0,397.0,11.0,6.0,54.5,5.0,45.5,113.0,746.0,332.0,11.0,2.0,2.0,17.0,11.0,166.0,12.0,4,1,1,9.0,9.0,2.0,8.0,12.0,17.0,0.0,1.0,0,47.0,5.0,6.0,45.5
2023-04-23,18:00,Liga F,Matchweek 26,Sun,Home,W,2,1,Real Madrid,Villarreal,1.1,0.7,69.0,,Ivana Andrés,3-5-2,María Dolores Martínez Madrona,8.0,2.0,25.0,0.25,1.0,15.3,0.0,0,0,1.1,1.1,0.13,0.9,0.9,1.0,0.0,0.0,0,1.0,0.0,0,0,0,0,1.0,5.0,20.0,15.0,4.0,26.7,30.0,9.0,11.1,23.3,11.0,0.0,0.0,0.0,,474.0,594.0,79.8,7887.0,3148.0,218.0,252.0,86.5,198.0,231.0,85.7,36.0,75.0,48.0,2,0.9,0.7,6.0,39.0,13.0,2.0,54.0,594.0,527.0,66.0,15.0,0.0,2.0,18.0,35.0,5.0,3.0,0.0,0.0,474.0,1.0,9.0,13.0,9.0,1.0,3.0,0.0,0.0,0.0,4.0,2.0,0.0,2.0,0.0,0.0,0.0,13.0,8.0,5.0,6.0,2.0,0.0,9.0,0.0,9.0,9.0,1.0,8.0,14.0,27,2.0,0.0,69.0,684.0,41.0,193.0,320.0,181.0,23.0,684.0,26.0,11.0,42.3,15.0,57.7,481.0,2475.0,1087.0,21.0,12.0,7.0,24.0,11.0,469.0,54.0,1,0,0,9.0,11.0,1.0,18.0,14.0,8.0,0.0,0.0,0,57.0,9.0,8.0,52.9,5.0,1.0,20.0,0.2,1.0,21.0,0.0,0,0,0.7,0.7,0.13,0.3,0.3,2.0,0.0,0.0,0,1.4,-0.6,0,0,0,0,10.0,26.0,38.5,21.0,0.0,90.5,49.7,7.0,100.0,57.7,15.0,0.0,0.0,5.0,18.4,160.0,268.0,59.7,3424.0,1778.0,62.0,81.0,76.5,63.0,88.0,71.6,31.0,74.0,41.9,1,0.7,0.5,5.0,17.0,2.0,2.0,22.0,268.0,218.0,45.0,10.0,0.0,4.0,13.0,24.0,1.0,1.0,0.0,0.0,160.0,5.0,6.0,9.0,6.0,1.0,1.0,0.0,0.0,1.0,2.0,2.0,0.0,0.0,0.0,0.0,0.0,26.0,24.0,17.0,6.0,3.0,15.0,25.0,60.0,10.0,12.0,4.0,8.0,19.0,45,25.0,0.0,31.0,378.0,49.0,144.0,149.0,93.0,5.0,378.0,9.0,9.0,100.0,0.0,0.0,144.0,935.0,435.0,8.0,8.0,2.0,21.0,12.0,158.0,22.0,2,0,0,11.0,9.0,5.0,13.0,19.0,24.0,0.0,0.0,0,60.0,9.0,9.0,50.0
2023-04-30,18:00,Liga F,Matchweek 27,Sun,Home,W,3,2,Real Madrid,Madrid CFF,0.7,1.5,61.0,,Kenti Robles,4-2-3-1,Zulema González González,12.0,3.0,25.0,0.25,1.0,19.2,0.0,0,0,0.7,0.7,0.05,2.3,2.3,5.0,3.0,60.0,0,1.8,-0.2,0,0,0,0,3.0,4.0,75.0,12.0,0.0,25.0,29.8,10.0,10.0,19.4,8.0,0.0,0.0,4.0,18.5,473.0,585.0,80.9,9525.0,3089.0,169.0,202.0,83.7,227.0,254.0,89.4,72.0,106.0,67.9,3,0.4,0.5,7.0,45.0,10.0,1.0,54.0,585.0,519.0,66.0,13.0,0.0,9.0,27.0,32.0,8.0,3.0,0.0,2.0,473.0,0.0,13.0,21.0,20.0,0.0,0.0,1.0,0.0,0.0,6.0,6.0,0.0,0.0,0.0,0.0,0.0,17.0,12.0,5.0,8.0,4.0,8.0,15.0,53.3,7.0,12.0,1.0,11.0,15.0,32,10.0,1.0,61.0,685.0,55.0,180.0,317.0,194.0,19.0,685.0,12.0,2.0,16.7,10.0,83.3,330.0,1594.0,831.0,18.0,13.0,2.0,12.0,10.0,473.0,54.0,1,0,0,6.0,6.0,0.0,27.0,15.0,12.0,0.0,0.0,0,49.0,3.0,7.0,30.0,12.0,5.0,41.7,0.17,0.4,19.6,0.0,0,0,1.5,1.5,0.13,0.5,0.5,3.0,0.0,0.0,0,1.0,-2.0,0,0,0,0,2.0,7.0,28.6,11.0,3.0,27.3,33.4,13.0,30.8,31.2,17.0,1.0,5.9,0.0,4.0,266.0,370.0,71.9,4607.0,2490.0,127.0,151.0,84.1,88.0,114.0,77.2,35.0,66.0,53.0,1,1.3,0.5,11.0,18.0,7.0,0.0,27.0,370.0,314.0,50.0,6.0,1.0,1.0,9.0,25.0,2.0,1.0,1.0,0.0,266.0,6.0,11.0,23.0,16.0,4.0,2.0,0.0,1.0,0.0,4.0,4.0,0.0,0.0,0.0,0.0,0.0,20.0,16.0,14.0,2.0,4.0,10.0,12.0,83.3,2.0,11.0,3.0,8.0,21.0,41,16.0,0.0,39.0,481.0,68.0,225.0,179.0,82.0,18.0,481.0,15.0,7.0,46.7,8.0,53.3,157.0,1066.0,409.0,12.0,4.0,7.0,15.0,9.0,264.0,27.0,2,0,0,7.0,6.0,6.0,9.0,21.0,16.0,0.0,0.0,0,56.0,7.0,3.0,70.0
2023-05-05,20:00,Liga F,Matchweek 28,Fri,Away,W,2,0,Real Madrid,Sevilla,1.4,0.2,69.0,,Ivana Andrés,4-2-3-1,Amy Peñalver Pearce,19.0,5.0,26.3,0.11,0.4,20.0,2.0,0,0,1.4,1.4,0.07,0.6,0.6,1.0,1.0,100.0,1,0.0,0.0,0,0,0,0,2.0,5.0,40.0,20.0,2.0,10.0,26.0,5.0,60.0,34.0,5.0,0.0,0.0,2.0,16.8,512.0,605.0,84.6,9783.0,3415.0,204.0,225.0,90.7,236.0,270.0,87.4,68.0,99.0,68.7,2,1.1,0.9,12.0,58.0,11.0,3.0,64.0,605.0,556.0,47.0,15.0,0.0,4.0,24.0,19.0,7.0,5.0,0.0,0.0,512.0,2.0,5.0,34.0,27.0,3.0,1.0,1.0,2.0,0.0,4.0,4.0,0.0,0.0,0.0,0.0,0.0,20.0,13.0,13.0,6.0,1.0,13.0,19.0,68.4,6.0,10.0,3.0,7.0,9.0,29,10.0,0.0,69.0,708.0,47.0,184.0,319.0,214.0,21.0,708.0,30.0,17.0,56.7,12.0,40.0,317.0,2274.0,1278.0,19.0,14.0,3.0,19.0,5.0,510.0,64.0,0,0,0,9.0,12.0,2.0,24.0,9.0,13.0,0.0,0.0,0,58.0,3.0,10.0,23.1,7.0,1.0,14.3,0.0,0.0,23.2,0.0,0,0,0.2,0.2,0.04,-0.2,-0.2,5.0,3.0,60.0,0,1.8,-0.2,0,0,0,0,4.0,15.0,26.7,12.0,3.0,50.0,36.5,13.0,69.2,48.2,21.0,0.0,0.0,0.0,7.0,178.0,277.0,64.3,3426.0,1710.0,65.0,82.0,79.3,84.0,111.0,75.7,21.0,64.0,32.8,0,0.2,0.2,4.0,20.0,3.0,0.0,21.0,277.0,224.0,50.0,11.0,0.0,1.0,5.0,21.0,2.0,1.0,1.0,0.0,178.0,3.0,7.0,12.0,8.0,3.0,0.0,0.0,1.0,0.0,0.0,0.0,0.0,0.0,0.0,0.0,0.0,18.0,15.0,9.0,8.0,1.0,12.0,29.0,41.4,17.0,7.0,4.0,3.0,17.0,35,19.0,0.0,31.0,377.0,66.0,173.0,124.0,88.0,10.0,377.0,20.0,6.0,30.0,13.0,65.0,164.0,937.0,392.0,11.0,6.0,5.0,9.0,5.0,174.0,19.0,1,0,0,14.0,9.0,3.0,5.0,17.0,15.0,0.0,0.0,0,52.0,10.0,3.0,76.9
2023-05-14,12:00,Liga F,Matchweek 29,Sun,Home,W,3,2,Real Madrid,Levante,2.8,2.5,48.0,,Ivana Andrés,4-2-3-1,Arantza Gallastegui Pérez,11.0,4.0,36.4,0.27,0.75,10.1,0.0,0,0,2.8,2.8,0.27,0.2,0.2,4.0,2.0,50.0,0,2.1,0.1,0,0,0,0,7.0,10.0,70.0,22.0,7.0,22.7,30.8,9.0,55.6,31.7,17.0,1.0,5.9,0.0,7.0,383.0,484.0,79.1,7377.0,2865.0,154.0,186.0,82.8,162.0,192.0,84.4,59.0,85.0,69.4,2,2.1,0.9,9.0,22.0,10.0,0.0,43.0,484.0,423.0,57.0,13.0,0.0,8.0,8.0,30.0,2.0,2.0,0.0,0.0,383.0,4.0,17.0,19.0,12.0,2.0,3.0,2.0,0.0,0.0,5.0,4.0,0.0,0.0,1.0,0.0,0.0,18.0,11.0,4.0,11.0,3.0,5.0,13.0,38.5,8.0,16.0,4.0,12.0,11.0,29,11.0,1.0,48.0,598.0,57.0,208.0,273.0,125.0,26.0,598.0,33.0,21.0,63.6,9.0,27.3,268.0,1572.0,635.0,11.0,11.0,7.0,20.0,18.0,379.0,42.0,1,0,0,7.0,8.0,4.0,8.0,11.0,11.0,0.0,0.0,0,57.0,7.0,12.0,36.8,11.0,4.0,36.4,0.18,0.5,10.4,0.0,0,0,2.5,2.5,0.23,-0.5,-0.5,4.0,1.0,25.0,0,3.0,0.0,0,0,0,0,0.0,3.0,0.0,28.0,7.0,10.7,19.6,7.0,0.0,15.6,6.0,0.0,0.0,1.0,20.0,412.0,532.0,77.4,6350.0,2616.0,219.0,250.0,87.6,147.0,171.0,86.0,27.0,68.0,39.7,0,0.5,0.6,7.0,26.0,2.0,1.0,26.0,532.0,475.0,52.0,11.0,3.0,2.0,19.0,24.0,6.0,0.0,3.0,1.0,412.0,5.0,12.0,18.0,10.0,3.0,1.0,2.0,1.0,1.0,2.0,0.0,0.0,1.0,0.0,0.0,1.0,27.0,13.0,14.0,9.0,4.0,9.0,30.0,30.0,21.0,19.0,2.0,17.0,11.0,38,8.0,1.0,52.0,629.0,75.0,266.0,250.0,116.0,22.0,629.0,13.0,8.0,61.5,5.0,38.5,369.0,1569.0,705.0,12.0,2.0,5.0,13.0,13.0,411.0,25.0,0,0,0,8.0,7.0,5.0,19.0,11.0,13.0,0.0,0.0,0,63.0,12.0,7.0,63.2
2023-05-19,19:00,Liga F,Matchweek 30,Fri,Away,D,1,1,Real Madrid,Real Sociedad,0.7,1.1,51.0,,Olga Carmona,4-2-3-1,Patricia Luna Varo,12.0,4.0,33.3,0.08,0.25,20.3,0.0,0,0,0.7,0.7,0.06,0.3,0.3,3.0,2.0,66.7,0,1.2,0.2,0,0,0,0,5.0,7.0,71.4,24.0,10.0,20.8,28.8,6.0,33.3,28.3,12.0,1.0,8.3,0.0,6.5,436.0,536.0,81.3,8655.0,3237.0,151.0,176.0,85.8,231.0,268.0,86.2,54.0,81.0,66.7,1,0.7,0.8,10.0,41.0,2.0,0.0,46.0,536.0,487.0,49.0,12.0,0.0,6.0,14.0,26.0,3.0,2.0,0.0,0.0,436.0,0.0,18.0,22.0,18.0,2.0,2.0,0.0,0.0,0.0,2.0,1.0,1.0,0.0,0.0,0.0,0.0,12.0,8.0,7.0,5.0,0.0,2.0,8.0,25.0,6.0,11.0,3.0,8.0,20.0,32,19.0,0.0,51.0,642.0,70.0,245.0,266.0,137.0,14.0,642.0,19.0,13.0,68.4,6.0,31.6,472.0,1939.0,794.0,19.0,15.0,9.0,16.0,14.0,432.0,46.0,1,0,0,10.0,8.0,0.0,14.0,20.0,8.0,0.0,0.0,0,59.0,5.0,7.0,41.7,10.0,3.0,30.0,0.1,0.33,14.2,0.0,0,0,1.1,1.1,0.11,-0.1,-0.1,4.0,3.0,75.0,0,1.1,0.1,0,0,0,0,5.0,12.0,41.7,29.0,3.0,24.1,26.7,10.0,50.0,29.4,12.0,1.0,8.3,3.0,18.8,407.0,506.0,80.4,7432.0,2785.0,179.0,197.0,90.9,183.0,215.0,85.1,43.0,77.0,55.8,1,1.0,0.9,9.0,40.0,6.0,0.0,38.0,506.0,457.0,45.0,10.0,2.0,2.0,17.0,15.0,8.0,2.0,5.0,0.0,407.0,4.0,10.0,19.0,15.0,2.0,1.0,1.0,0.0,0.0,2.0,2.0,0.0,0.0,0.0,0.0,0.0,20.0,17.0,11.0,5.0,4.0,6.0,19.0,31.6,13.0,20.0,2.0,18.0,13.0,33,17.0,0.0,49.0,603.0,70.0,231.0,245.0,132.0,14.0,603.0,8.0,6.0,75.0,2.0,25.0,309.0,1743.0,995.0,18.0,4.0,5.0,21.0,10.0,404.0,38.0,0,0,0,8.0,10.0,4.0,17.0,13.0,17.0,0.0,0.0,0,63.0,7.0,5.0,58.3
2022-09-18,12:00,Liga F,Matchweek 2,Sun,Away,W,3,2,Levante,Alhama,2.1,0.7,64.0,,María Méndez,4-3-3,Elena Peláez Arnillas,23.0,11.0,47.8,0.13,0.27,16.5,0.0,0,0,2.1,2.1,0.09,0.9,0.9,5.0,3.0,60.0,0,0.6,-1.4,0,0,0,0,0.0,0.0,,25.0,7.0,0.0,21.8,8.0,0.0,22.9,16.0,2.0,12.5,1.0,8.6,389.0,521.0,74.7,7878.0,3624.0,125.0,170.0,73.5,198.0,234.0,84.6,60.0,100.0,60.0,1,0.9,1.4,15.0,43.0,8.0,1.0,38.0,521.0,456.0,64.0,15.0,1.0,4.0,20.0,34.0,4.0,4.0,0.0,0.0,389.0,1.0,12.0,40.0,26.0,3.0,7.0,3.0,0.0,1.0,5.0,4.0,0.0,0.0,1.0,0.0,0.0,20.0,17.0,5.0,12.0,3.0,4.0,8.0,50.0,4.0,9.0,1.0,8.0,21.0,41,8.0,2.0,64.0,647.0,54.0,204.0,295.0,158.0,35.0,647.0,24.0,16.0,66.7,8.0,33.3,394.0,1999.0,889.0,12.0,13.0,10.0,27.0,20.0,382.0,36.0,1,0,0,8.0,14.0,1.0,20.0,21.0,17.0,0.0,0.0,0,72.0,9.0,10.0,47.4,11.0,5.0,45.5,0.18,0.4,17.7,0.0,0,0,0.7,0.7,0.06,1.3,1.3,11.0,8.0,72.7,0,2.6,-0.4,0,0,0,0,7.0,20.0,35.0,18.0,2.0,72.2,49.3,10.0,70.0,45.8,13.0,0.0,0.0,0.0,8.5,148.0,292.0,50.7,3107.0,1798.0,57.0,92.0,62.0,59.0,97.0,60.8,27.0,88.0,30.7,0,0.3,0.7,5.0,12.0,9.0,3.0,18.0,292.0,225.0,66.0,9.0,0.0,0.0,19.0,40.0,3.0,2.0,1.0,0.0,148.0,1.0,10.0,14.0,8.0,2.0,1.0,1.0,1.0,1.0,1.0,0.0,0.0,0.0,1.0,0.0,0.0,28.0,15.0,12.0,14.0,2.0,8.0,24.0,33.3,16.0,15.0,5.0,10.0,13.0,41,21.0,0.0,36.0,415.0,49.0,163.0,174.0,82.0,16.0,415.0,8.0,4.0,50.0,4.0,50.0,158.0,662.0,215.0,5.0,3.0,1.0,15.0,16.0,147.0,18.0,0,0,0,15.0,8.0,1.0,19.0,13.0,15.0,0.0,0.0,0,52.0,10.0,9.0,52.6
2022-09-25,19:00,Liga F,Matchweek 3,Sun,Home,W,2,0,Levante,Athletic Club,0.4,0.4,50.0,,María Méndez,4-3-3,María Gloria Planes Terol,9.0,4.0,44.4,0.22,0.5,16.1,1.0,0,0,0.4,0.4,0.05,1.6,1.6,2.0,2.0,100.0,1,0.4,0.4,0,0,0,0,5.0,10.0,50.0,18.0,2.0,50.0,41.7,11.0,9.1,18.4,21.0,0.0,0.0,1.0,13.7,306.0,425.0,72.0,5984.0,2787.0,116.0,152.0,76.3,144.0,181.0,79.6,45.0,81.0,55.6,2,0.4,0.5,6.0,28.0,7.0,2.0,30.0,425.0,358.0,64.0,10.0,0.0,2.0,18.0,37.0,5.0,4.0,0.0,1.0,306.0,3.0,12.0,14.0,9.0,2.0,2.0,0.0,1.0,0.0,4.0,3.0,1.0,0.0,0.0,0.0,0.0,16.0,12.0,7.0,5.0,4.0,8.0,17.0,47.1,9.0,11.0,1.0,10.0,13.0,29,28.0,0.0,50.0,545.0,66.0,187.0,202.0,162.0,21.0,545.0,13.0,5.0,38.5,8.0,61.5,302.0,1941.0,870.0,17.0,15.0,4.0,19.0,17.0,303.0,30.0,4,0,0,9.0,8.0,3.0,18.0,13.0,12.0,0.0,0.0,0,44.0,12.0,5.0,70.6,12.0,2.0,16.7,0.0,0.0,22.2,0.0,0,0,0.4,0.4,0.03,-0.4,-0.4,4.0,2.0,50.0,0,0.7,-1.3,0,0,0,0,7.0,10.0,70.0,28.0,6.0,35.7,37.6,11.0,0.0,8.9,15.0,1.0,6.7,1.0,18.0,283.0,426.0,66.4,5578.0,2465.0,114.0,147.0,77.6,111.0,144.0,77.1,52.0,101.0,51.5,0,0.3,0.4,9.0,18.0,4.0,1.0,33.0,426.0,355.0,68.0,12.0,0.0,4.0,28.0,37.0,5.0,2.0,3.0,0.0,283.0,3.0,13.0,19.0,11.0,4.0,0.0,2.0,2.0,0.0,0.0,0.0,0.0,0.0,0.0,0.0,0.0,25.0,15.0,14.0,9.0,2.0,8.0,13.0,61.5,5.0,11.0,1.0,10.0,15.0,40,20.0,0.0,50.0,544.0,78.0,211.0,212.0,124.0,13.0,544.0,17.0,9.0,52.9,8.0,47.1,206.0,1059.0,427.0,5.0,4.0,3.0,22.0,8.0,281.0,32.0,2,0,0,8.0,9.0,3.0,28.0,15.0,15.0,0.0,0.0,0,58.0,5.0,12.0,29.4
2022-10-02,12:00,Liga F,Matchweek 4,Sun,Home,W,2,1,Levante,Atlético Madrid,0.9,1.3,53.0,,María Méndez,4-3-3,María Eugenia Gil Soriano,17.0,7.0,41.2,0.06,0.14,20.7,1.0,0,0,0.9,0.9,0.06,0.1,0.1,4.0,3.0,75.0,0,2.0,1.0,0,0,0,0,5.0,8.0,62.5,14.0,6.0,21.4,27.3,9.0,55.6,39.9,9.0,0.0,0.0,0.0,2.0,352.0,487.0,72.3,6597.0,2875.0,139.0,167.0,83.2,155.0,199.0,77.9,46.0,96.0,47.9,0,0.6,1.1,10.0,34.0,6.0,2.0,36.0,487.0,410.0,74.0,19.0,0.0,2.0,22.0,41.0,3.0,3.0,0.0,0.0,352.0,3.0,4.0,26.0,17.0,5.0,0.0,3.0,1.0,0.0,1.0,0.0,0.0,0.0,1.0,0.0,0.0,30.0,22.0,12.0,15.0,3.0,13.0,17.0,76.5,4.0,3.0,0.0,3.0,28.0,58,4.0,0.0,53.0,600.0,44.0,181.0,277.0,142.0,19.0,600.0,8.0,5.0,62.5,3.0,37.5,200.0,1040.0,486.0,11.0,5.0,2.0,21.0,28.0,350.0,36.0,1,0,0,11.0,16.0,3.0,22.0,28.0,22.0,0.0,0.0,0,50.0,7.0,6.0,53.8,6.0,4.0,66.7,0.17,0.25,8.7,0.0,0,0,1.3,1.3,0.22,-0.3,-0.3,7.0,6.0,71.4,0,1.8,0.8,0,0,0,0,9.0,17.0,52.9,33.0,5.0,42.4,38.5,13.0,23.1,20.9,20.0,0.0,0.0,0.0,8.7,310.0,435.0,71.3,6372.0,3253.0,118.0,154.0,76.6,126.0,167.0,75.4,62.0,101.0,61.4,1,1.3,1.9,6.0,31.0,9.0,3.0,36.0,435.0,367.0,65.0,14.0,0.0,8.0,10.0,34.0,1.0,1.0,0.0,0.0,310.0,3.0,3.0,11.0,10.0,0.0,1.0,0.0,0.0,0.0,2.0,2.0,0.0,0.0,0.0,0.0,0.0,31.0,27.0,17.0,10.0,4.0,3.0,8.0,37.5,5.0,7.0,3.0,4.0,28.0,59,6.0,0.0,47.0,566.0,73.0,194.0,239.0,135.0,23.0,566.0,17.0,4.0,23.5,13.0,76.5,293.0,1381.0,705.0,16.0,7.0,7.0,27.0,17.0,309.0,36.0,2,0,0,17.0,11.0,3.0,10.0,28.0,27.0,0.0,0.0,1,54.0,6.0,7.0,46.2
2022-10-15,12:00,Liga F,Matchweek 5,Sat,Away,D,1,1,Levante,Levante Planas,2.2,0.3,71.0,,María Méndez,4-3-3,Marta Huerta de Aza,20.0,7.0,35.0,0.05,0.14,19.8,1.0,0,1,2.2,1.4,0.07,-1.2,-0.4,3.0,2.0,66.7,0,1.0,0.0,0,0,0,0,0.0,0.0,,15.0,2.0,0.0,20.9,6.0,0.0,14.5,2.0,0.0,0.0,0.0,18.0,445.0,561.0,79.3,9550.0,3464.0,140.0,173.0,80.9,220.0,250.0,88.0,83.0,127.0,65.4,1,1.1,1.3,14.0,40.0,15.0,2.0,57.0,561.0,490.0,70.0,14.0,0.0,4.0,19.0,40.0,8.0,5.0,1.0,0.0,445.0,1.0,6.0,36.0,24.0,4.0,2.0,4.0,1.0,1.0,2.0,2.0,0.0,0.0,0.0,0.0,0.0,23.0,17.0,4.0,10.0,9.0,4.0,6.0,66.7,2.0,9.0,1.0,8.0,12.0,35,8.0,0.0,71.0,661.0,48.0,167.0,301.0,199.0,28.0,660.0,10.0,7.0,70.0,3.0,30.0,353.0,1341.0,650.0,12.0,8.0,5.0,14.0,31.0,440.0,56.0,0,0,0,10.0,13.0,1.0,19.0,12.0,17.0,1.0,0.0,0,54.0,12.0,8.0,60.0,5.0,3.0,60.0,0.2,0.33,21.8,0.0,0,0,0.3,0.3,0.05,0.7,0.7,8.0,6.0,87.5,0,3.0,2.0,1,0,1,0,6.0,17.0,35.3,17.0,2.0,76.5,49.3,12.0,33.3,22.8,14.0,1.0,7.1,0.0,7.0,120.0,230.0,52.2,2323.0,1367.0,56.0,75.0,74.7,38.0,67.0,56.7,21.0,64.0,32.8,1,0.3,0.3,5.0,7.0,2.0,0.0,10.0,230.0,176.0,52.0,10.0,1.0,2.0,5.0,25.0,3.0,1.0,2.0,0.0,120.0,2.0,8.0,9.0,5.0,1.0,1.0,0.0,1.0,1.0,2.0,1.0,0.0,0.0,0.0,1.0,0.0,31.0,18.0,21.0,9.0,1.0,3.0,11.0,27.3,8.0,12.0,6.0,6.0,18.0,49,38.0,0.0,29.0,376.0,86.0,182.0,151.0,45.0,7.0,376.0,6.0,2.0,33.3,4.0,66.7,114.0,769.0,350.0,6.0,2.0,2.0,24.0,15.0,120.0,10.0,1,0,0,14.0,9.0,2.0,5.0,18.0,18.0,0.0,1.0,0,50.0,9.0,12.0,42.9
2022-10-23,11:00,Liga F,Matchweek 6,Sun,Home,D,2,2,Levante,Real Madrid,1.3,0.9,51.0,,María Méndez,4-3-1-2,Raquel Suárez González,15.0,5.0,33.3,0.13,0.4,17.6,0.0,0,0,1.3,1.3,0.08,0.7,0.7,5.0,3.0,60.0,0,1.1,-0.9,0,0,0,0,2.0,9.0,22.2,23.0,4.0,26.1,32.0,10.0,30.0,30.0,8.0,2.0,25.0,0.0,9.8,311.0,430.0,72.3,5926.0,2541.0,106.0,139.0,76.3,170.0,205.0,82.9,32.0,66.0,48.5,2,1.0,0.7,10.0,29.0,5.0,0.0,30.0,430.0,370.0,55.0,9.0,0.0,2.0,13.0,24.0,9.0,6.0,1.0,0.0,311.0,5.0,9.0,19.0,12.0,3.0,1.0,1.0,1.0,1.0,4.0,1.0,1.0,1.0,0.0,1.0,0.0,23.0,15.0,10.0,10.0,3.0,8.0,16.0,50.0,8.0,17.0,2.0,15.0,19.0,42,5.0,0.0,51.0,549.0,50.0,159.0,280.0,117.0,22.0,549.0,17.0,9.0,52.9,8.0,47.1,294.0,1667.0,735.0,11.0,6.0,6.0,26.0,13.0,311.0,30.0,2,0,0,12.0,8.0,5.0,13.0,19.0,15.0,0.0,0.0,0,62.0,9.0,5.0,64.3,12.0,5.0,41.7,0.17,0.4,21.0,0.0,0,0,0.9,0.9,0.07,1.1,1.1,5.0,3.0,60.0,0,2.0,0.0,0,0,0,0,9.0,16.0,56.3,30.0,3.0,30.0,33.3,7.0,100.0,44.3,11.0,1.0,9.1,3.0,14.9,291.0,419.0,69.5,5996.0,2663.0,114.0,144.0,79.2,124.0,160.0,77.5,51.0,96.0,53.1,2,0.8,0.6,10.0,29.0,7.0,1.0,35.0,419.0,359.0,58.0,14.0,1.0,8.0,11.0,30.0,4.0,0.0,0.0,3.0,291.0,2.0,15.0,19.0,16.0,1.0,1.0,1.0,0.0,0.0,4.0,4.0,0.0,0.0,0.0,0.0,0.0,21.0,16.0,12.0,8.0,1.0,8.0,17.0,47.1,9.0,14.0,5.0,9.0,15.0,36,13.0,0.0,49.0,529.0,71.0,202.0,243.0,89.0,13.0,529.0,16.0,8.0,50.0,8.0,50.0,257.0,1494.0,618.0,17.0,8.0,6.0,16.0,15.0,285.0,34.0,1,0,0,8.0,12.0,2.0,11.0,15.0,16.0,0.0,0.0,0,62.0,5.0,9.0,35.7
2022-10-30,12:00,Liga F,Matchweek 7,Sun,Away,L,1,2,Levante,Barcelona,1.2,2.2,47.0,,María Méndez,4-3-3,Olatz Rivera Olmedo,13.0,3.0,23.1,0.08,0.33,18.3,0.0,0,0,1.2,1.2,0.1,-0.2,-0.2,7.0,5.0,71.4,0,1.8,-0.2,0,0,0,0,1.0,3.0,33.3,25.0,7.0,4.0,20.0,11.0,18.2,23.7,12.0,2.0,16.7,0.0,7.3,312.0,400.0,78.0,6100.0,2347.0,110.0,131.0,84.0,151.0,165.0,91.5,43.0,77.0,55.8,1,1.0,0.6,8.0,14.0,5.0,2.0,15.0,400.0,351.0,44.0,11.0,0.0,6.0,11.0,17.0,2.0,0.0,0.0,1.0,312.0,5.0,9.0,22.0,21.0,1.0,0.0,0.0,0.0,0.0,2.0,2.0,0.0,0.0,0.0,0.0,0.0,21.0,14.0,14.0,5.0,2.0,10.0,11.0,90.9,1.0,17.0,2.0,15.0,10.0,31,15.0,2.0,47.0,507.0,82.0,221.0,203.0,87.0,17.0,507.0,8.0,4.0,50.0,4.0,50.0,273.0,1235.0,528.0,10.0,6.0,2.0,16.0,10.0,304.0,12.0,1,0,0,7.0,11.0,5.0,11.0,10.0,14.0,0.0,0.0,0,48.0,1.0,1.0,50.0,16.0,7.0,43.8,0.13,0.29,15.9,0.0,0,0,2.2,2.2,0.14,-0.2,-0.2,3.0,2.0,66.7,0,0.8,-0.2,0,0,0,0,4.0,7.0,57.1,31.0,4.0,22.6,27.5,5.0,0.0,8.8,8.0,0.0,0.0,1.0,11.0,348.0,444.0,78.4,6568.0,2720.0,150.0,173.0,86.7,125.0,145.0,86.2,57.0,86.0,66.3,2,1.2,1.7,10.0,27.0,12.0,2.0,40.0,444.0,395.0,48.0,12.0,0.0,7.0,15.0,21.0,8.0,6.0,1.0,0.0,348.0,1.0,15.0,23.0,17.0,4.0,0.0,1.0,1.0,0.0,4.0,2.0,2.0,0.0,0.0,0.0,0.0,14.0,10.0,6.0,6.0,2.0,4.0,8.0,50.0,4.0,13.0,4.0,9.0,8.0,22,13.0,0.0,53.0,533.0,69.0,194.0,173.0,172.0,32.0,533.0,11.0,1.0,9.1,10.0,90.9,317.0,1612.0,807.0,20.0,14.0,4.0,11.0,11.0,343.0,38.0,0,0,0,11.0,7.0,1.0,15.0,8.0,10.0,0.0,0.0,0,49.0,1.0,1.0,50.0
2022-11-02,19:00,Liga F,Matchweek 1,Wed,Home,W,2,1,Levante,Alavés,1.7,0.3,68.0,,María Méndez,4-3-1-2,Elia María Martínez Martínez,25.0,8.0,32.0,0.08,0.25,16.0,0.0,0,0,1.7,1.7,0.07,0.3,0.3,5.0,4.0,80.0,0,0.6,-0.4,0,0,0,0,0.0,1.0,0.0,22.0,3.0,4.5,20.9,5.0,0.0,18.4,6.0,0.0,0.0,3.0,15.8,490.0,612.0,80.1,9562.0,3305.0,180.0,222.0,81.1,227.0,262.0,86.6,72.0,105.0,68.6,2,1.1,1.8,14.0,50.0,13.0,5.0,75.0,612.0,560.0,50.0,5.0,4.0,11.0,27.0,29.0,9.0,5.0,1.0,0.0,490.0,2.0,4.0,37.0,27.0,2.0,3.0,5.0,0.0,0.0,4.0,4.0,0.0,0.0,0.0,0.0,0.0,15.0,7.0,3.0,7.0,5.0,7.0,11.0,63.6,4.0,8.0,0.0,8.0,4.0,19,8.0,1.0,68.0,716.0,26.0,144.0,351.0,227.0,41.0,716.0,19.0,11.0,57.9,8.0,42.1,421.0,2507.0,1582.0,33.0,10.0,7.0,18.0,13.0,486.0,73.0,2,0,0,12.0,5.0,2.0,27.0,4.0,7.0,0.0,0.0,0,79.0,12.0,13.0,48.0,6.0,5.0,83.3,0.17,0.2,18.6,1.0,0,0,0.3,0.3,0.06,0.7,0.7,8.0,6.0,75.0,0,1.0,-1.0,0,0,0,0,3.0,13.0,23.1,32.0,8.0,31.3,36.0,16.0,18.8,25.6,23.0,1.0,4.3,0.0,6.8,168.0,282.0,59.6,3492.0,1846.0,66.0,83.0,79.5,69.0,108.0,63.9,32.0,84.0,38.1,0,0.2,0.4,2.0,7.0,1.0,0.0,17.0,282.0,232.0,50.0,13.0,0.0,2.0,10.0,18.0,0.0,0.0,0.0,0.0,168.0,0.0,8.0,10.0,7.0,0.0,1.0,0.0,1.0,1.0,2.0,1.0,0.0,1.0,0.0,0.0,0.0,21.0,11.0,15.0,6.0,0.0,8.0,19.0,42.1,11.0,6.0,3.0,3.0,15.0,36,29.0,0.0,32.0,415.0,103.0,249.0,106.0,65.0,7.0,415.0,11.0,4.0,36.4,7.0,63.6,146.0,916.0,435.0,13.0,8.0,2.0,22.0,8.0,166.0,17.0,2,0,0,5.0,11.0,0.0,10.0,15.0,11.0,0.0,0.0,0,53.0,13.0,12.0,52.0
2022-11-05,18:15,Liga F,Matchweek 8,Sat,Home,W,3,0,Levante,Sporting Huelva,3.9,0.4,77.0,,Alba Redondo,4-3-1-2,Arantza Gallastegui Pérez,22.0,6.0,27.3,0.14,0.5,15.5,0.0,0,0,3.9,3.9,0.19,-0.9,-0.9,2.0,2.0,100.0,1,0.1,0.1,0,0,0,0,0.0,2.0,0.0,35.0,6.0,2.9,19.5,5.0,20.0,28.0,6.0,0.0,0.0,1.0,22.0,620.0,742.0,83.6,11815.0,4167.0,207.0,239.0,86.6,340.0,374.0,90.9,61.0,89.0,68.5,3,3.3,2.9,16.0,50.0,11.0,3.0,57.0,742.0,686.0,47.0,9.0,3.0,4.0,18.0,28.0,4.0,3.0,0.0,0.0,620.0,9.0,16.0,37.0,35.0,0.0,0.0,2.0,0.0,0.0,6.0,6.0,0.0,0.0,0.0,0.0,0.0,14.0,4.0,6.0,3.0,5.0,8.0,9.0,88.9,1.0,9.0,1.0,8.0,9.0,23,7.0,0.0,77.0,855.0,63.0,260.0,400.0,196.0,40.0,855.0,21.0,11.0,52.4,10.0,47.6,432.0,2314.0,1168.0,15.0,13.0,9.0,16.0,5.0,615.0,56.0,2,0,0,7.0,6.0,9.0,18.0,9.0,4.0,0.0,0.0,0,65.0,7.0,6.0,53.8,6.0,2.0,33.3,0.0,0.0,22.1,0.0,0,0,0.4,0.4,0.07,-0.4,-0.4,6.0,3.0,50.0,0,3.7,0.7,0,0,0,0,8.0,21.0,38.1,17.0,0.0,76.5,49.2,11.0,72.7,49.2,14.0,0.0,0.0,1.0,11.2,103.0,225.0,45.8,2155.0,1536.0,47.0,80.0,58.8,30.0,64.0,46.9,22.0,64.0,34.4,0,0.4,0.3,5.0,13.0,4.0,0.0,19.0,225.0,173.0,50.0,15.0,0.0,0.0,7.0,19.0,1.0,1.0,0.0,0.0,103.0,2.0,8.0,9.0,9.0,0.0,0.0,0.0,0.0,0.0,0.0,0.0,0.0,0.0,0.0,0.0,0.0,15.0,10.0,9.0,5.0,1.0,10.0,21.0,47.6,11.0,19.0,4.0,15.0,18.0,33,23.0,0.0,23.0,348.0,65.0,162.0,128.0,61.0,7.0,348.0,9.0,1.0,11.1,8.0,88.9,100.0,466.0,191.0,3.0,6.0,1.0,18.0,6.0,101.0,18.0,0,0,0,7.0,6.0,2.0,7.0,18.0,10.0,0.0,0.0,0,51.0,6.0,7.0,46.2
2022-11-19,18:15,Liga F,Matchweek 9,Sat,Away,L,2,4,Levante,Valencia,2.4,1.2,61.0,,María Méndez,4-3-1-2,María Eugenia Gil Soriano,16.0,6.0,37.5,0.13,0.33,15.9,0.0,0,0,2.4,2.4,0.16,-0.4,-0.4,5.0,1.0,20.0,0,1.7,-2.3,0,0,0,0,3.0,7.0,42.9,30.0,6.0,20.0,26.9,6.0,16.7,26.5,11.0,1.0,9.1,0.0,6.7,421.0,526.0,80.0,7737.0,2898.0,157.0,188.0,83.5,210.0,233.0,90.1,40.0,69.0,58.0,1,2.0,1.7,12.0,35.0,8.0,2.0,55.0,526.0,470.0,53.0,13.0,1.0,3.0,12.0,28.0,1.0,1.0,0.0,0.0,421.0,3.0,12.0,26.0,19.0,3.0,0.0,2.0,2.0,0.0,3.0,2.0,0.0,0.0,1.0,0.0,0.0,34.0,24.0,9.0,19.0,6.0,11.0,16.0,68.8,5.0,18.0,2.0,16.0,6.0,40,15.0,2.0,61.0,663.0,63.0,222.0,282.0,168.0,26.0,663.0,15.0,8.0,53.3,8.0,53.3,342.0,2171.0,969.0,16.0,11.0,8.0,17.0,28.0,417.0,53.0,2,0,0,14.0,12.0,3.0,12.0,6.0,24.0,0.0,0.0,0,71.0,12.0,7.0,63.2,9.0,5.0,55.6,0.44,0.8,16.8,0.0,0,0,1.2,1.2,0.14,2.8,2.8,6.0,4.0,66.7,0,2.3,0.3,0,0,0,0,7.0,13.0,53.8,26.0,2.0,34.6,37.2,11.0,36.4,26.5,11.0,2.0,18.2,2.0,15.0,214.0,337.0,63.5,3922.0,2020.0,94.0,119.0,79.0,77.0,119.0,64.7,36.0,65.0,55.4,4,1.2,0.5,9.0,24.0,6.0,0.0,28.0,337.0,279.0,57.0,17.0,2.0,2.0,14.0,23.0,3.0,1.0,1.0,1.0,214.0,1.0,17.0,16.0,12.0,2.0,1.0,0.0,1.0,0.0,7.0,7.0,0.0,0.0,0.0,0.0,0.0,35.0,22.0,20.0,12.0,3.0,8.0,15.0,53.3,7.0,14.0,2.0,12.0,13.0,48,20.0,0.0,39.0,476.0,68.0,179.0,178.0,123.0,13.0,476.0,16.0,5.0,31.3,11.0,68.8,168.0,1179.0,631.0,18.0,3.0,3.0,15.0,23.0,210.0,26.0,2,0,0,12.0,14.0,1.0,14.0,13.0,22.0,0.0,0.0,0,68.0,7.0,12.0,36.8
2022-11-26,12:00,Liga F,Matchweek 10,Sat,Home,W,5,1,Levante,Sevilla,2.2,1.3,59.0,,Estela Carbonell,4-3-3,Raquel Suárez González,16.0,6.0,37.5,0.19,0.5,18.3,0.0,1,1,2.2,1.4,0.09,1.8,1.6,1.0,0.0,0.0,0,0.1,-0.9,0,0,0,0,3.0,5.0,60.0,25.0,8.0,12.0,27.6,11.0,18.2,23.6,16.0,1.0,6.3,4.0,17.9,390.0,490.0,79.6,6901.0,3106.0,176.0,204.0,86.3,172.0,193.0,89.1,36.0,69.0,52.2,3,1.4,1.0,14.0,42.0,9.0,2.0,45.0,490.0,437.0,51.0,12.0,0.0,2.0,17.0,20.0,6.0,5.0,1.0,0.0,390.0,2.0,15.0,29.0,22.0,3.0,2.0,1.0,0.0,1.0,5.0,5.0,0.0,0.0,0.0,0.0,0.0,22.0,14.0,8.0,8.0,6.0,7.0,11.0,63.6,4.0,14.0,4.0,10.0,6.0,28,24.0,0.0,59.0,627.0,65.0,192.0,270.0,173.0,28.0,626.0,24.0,7.0,29.2,17.0,70.8,283.0,1919.0,1050.0,26.0,16.0,10.0,20.0,9.0,386.0,43.0,2,0,0,13.0,8.0,2.0,17.0,6.0,14.0,0.0,0.0,0,62.0,7.0,3.0,70.0,11.0,1.0,9.1,0.09,1.0,14.9,0.0,0,0,1.3,1.3,0.13,-0.3,-0.3,7.0,3.0,42.9,0,2.5,-1.5,1,1,0,0,2.0,15.0,13.3,19.0,7.0,47.4,45.9,9.0,66.7,46.9,12.0,3.0,25.0,0.0,2.6,227.0,346.0,65.6,4169.0,2057.0,90.0,112.0,80.4,85.0,102.0,83.3,37.0,94.0,39.4,0,0.8,0.7,5.0,17.0,7.0,3.0,28.0,346.0,276.0,65.0,15.0,0.0,4.0,21.0,32.0,4.0,2.0,1.0,1.0,227.0,5.0,13.0,18.0,13.0,3.0,0.0,1.0,1.0,0.0,2.0,1.0,1.0,0.0,0.0,0.0,0.0,26.0,17.0,20.0,3.0,3.0,17.0,24.0,70.8,7.0,17.0,4.0,13.0,6.0,32,14.0,0.0,41.0,454.0,59.0,184.0,164.0,110.0,16.0,454.0,11.0,4.0,36.4,7.0,63.6,163.0,1083.0,416.0,9.0,7.0,1.0,14.0,15.0,221.0,27.0,1,0,0,9.0,13.0,5.0,21.0,6.0,17.0,0.0,1.0,1,56.0,3.0,7.0,30.0
2022-12-04,18:00,Liga F,Matchweek 11,Sun,Away,W,7,0,Levante,Real Betis,5.3,0.1,54.0,,María Méndez,4-3-1-2,Elena Peláez Arnillas,21.0,13.0,61.9,0.33,0.54,14.9,0.0,0,0,5.3,5.3,0.26,1.7,1.7,0.0,0.0,,1,0.0,0.0,0,0,0,0,2.0,3.0,66.7,17.0,6.0,11.8,24.6,9.0,11.1,21.9,11.0,0.0,0.0,0.0,,328.0,449.0,73.1,5834.0,2728.0,140.0,169.0,82.8,139.0,175.0,79.4,38.0,69.0,55.1,6,4.9,2.5,18.0,26.0,16.0,1.0,39.0,449.0,386.0,54.0,13.0,7.0,1.0,10.0,27.0,4.0,1.0,1.0,0.0,328.0,9.0,5.0,38.0,31.0,1.0,2.0,2.0,1.0,1.0,11.0,10.0,0.0,0.0,1.0,0.0,0.0,18.0,8.0,5.0,10.0,3.0,8.0,10.0,80.0,2.0,7.0,0.0,7.0,7.0,25,8.0,0.0,54.0,560.0,53.0,158.0,265.0,142.0,40.0,560.0,24.0,10.0,41.7,14.0,58.3,248.0,1499.0,784.0,16.0,7.0,7.0,26.0,8.0,325.0,38.0,1,0,0,10.0,12.0,9.0,10.0,7.0,8.0,0.0,0.0,0,67.0,15.0,10.0,60.0,5.0,0.0,0.0,0.0,,25.2,0.0,0,0,0.1,0.1,0.03,-0.1,-0.1,13.0,6.0,46.2,0,6.0,-1.0,0,0,0,0,9.0,37.0,24.3,59.0,1.0,52.5,38.5,11.0,54.5,31.3,9.0,0.0,0.0,3.0,21.0,256.0,378.0,67.7,4295.0,1859.0,123.0,145.0,84.8,97.0,127.0,76.4,22.0,79.0,27.8,0,0.1,0.4,5.0,19.0,5.0,4.0,21.0,378.0,318.0,59.0,19.0,1.0,0.0,11.0,20.0,1.0,0.0,1.0,0.0,256.0,1.0,8.0,10.0,9.0,1.0,0.0,0.0,0.0,0.0,0.0,0.0,0.0,0.0,0.0,0.0,0.0,22.0,13.0,12.0,10.0,0.0,14.0,24.0,58.3,10.0,7.0,2.0,5.0,9.0,31,16.0,0.0,46.0,491.0,90.0,196.0,225.0,70.0,5.0,491.0,10.0,2.0,20.0,8.0,80.0,240.0,1435.0,560.0,10.0,5.0,0.0,25.0,10.0,250.0,21.0,2,0,0,12.0,10.0,1.0,11.0,9.0,13.0,0.0,0.0,0,56.0,10.0,15.0,40.0
2022-12-11,18:00,Liga F,Matchweek 12,Sun,Away,W,4,3,Levante,Real Sociedad,2.9,2.1,46.0,,María Méndez,4-3-3,Amy Peñalver Pearce,11.0,4.0,36.4,0.27,0.75,16.6,0.0,0,0,2.9,2.9,0.27,0.1,0.1,8.0,5.0,62.5,0,2.7,-0.3,0,0,0,0,5.0,13.0,38.5,21.0,4.0,47.6,34.5,7.0,42.9,34.3,16.0,0.0,0.0,0.0,10.0,260.0,380.0,68.4,5047.0,2409.0,114.0,139.0,82.0,109.0,144.0,75.7,37.0,77.0,48.1,3,2.7,1.9,7.0,27.0,3.0,1.0,38.0,380.0,329.0,48.0,11.0,0.0,2.0,15.0,21.0,5.0,2.0,3.0,0.0,260.0,3.0,10.0,18.0,15.0,0.0,1.0,1.0,0.0,1.0,5.0,3.0,0.0,1.0,0.0,0.0,1.0,22.0,13.0,14.0,6.0,2.0,18.0,26.0,69.2,8.0,9.0,2.0,7.0,12.0,34,18.0,0.0,46.0,516.0,67.0,167.0,234.0,121.0,20.0,516.0,20.0,9.0,45.0,11.0,55.0,217.0,1409.0,656.0,16.0,9.0,9.0,27.0,14.0,257.0,38.0,0,0,0,5.0,8.0,3.0,15.0,12.0,13.0,0.0,0.0,0,61.0,6.0,17.0,26.1,18.0,8.0,44.4,0.17,0.38,17.7,0.0,0,0,2.1,2.1,0.12,0.9,0.9,4.0,1.0,0.0,0,2.5,-0.5,0,0,0,0,6.0,13.0,46.2,32.0,4.0,34.4,33.7,6.0,33.3,30.3,12.0,1.0,8.3,2.0,16.2,342.0,455.0,75.2,6003.0,2696.0,171.0,206.0,83.0,120.0,148.0,81.1,40.0,71.0,56.3,3,1.8,1.1,13.0,29.0,7.0,2.0,45.0,455.0,395.0,57.0,8.0,1.0,5.0,18.0,33.0,5.0,3.0,2.0,0.0,342.0,3.0,7.0,32.0,24.0,3.0,0.0,2.0,1.0,2.0,5.0,2.0,1.0,0.0,0.0,1.0,1.0,25.0,11.0,13.0,10.0,2.0,11.0,20.0,55.0,9.0,14.0,4.0,10.0,15.0,40,20.0,1.0,54.0,612.0,68.0,195.0,256.0,164.0,23.0,612.0,26.0,8.0,30.8,18.0,69.2,300.0,1639.0,795.0,18.0,10.0,2.0,24.0,4.0,334.0,43.0,2,0,0,8.0,4.0,3.0,18.0,15.0,11.0,0.0,0.0,1,57.0,17.0,6.0,73.9
2022-12-17,20:00,Liga F,Matchweek 13,Sat,Home,W,2,1,Levante,Madrid CFF,2.0,1.9,49.0,,María Méndez,4-1-2-1-2◆,Zulema González González,8.0,4.0,50.0,0.13,0.25,22.1,1.0,1,1,2.0,1.3,0.16,0.0,-0.3,4.0,3.0,75.0,0,0.6,-0.4,0,0,0,0,1.0,1.0,100.0,10.0,5.0,10.0,23.2,18.0,27.8,30.3,19.0,1.0,5.3,0.0,8.0,269.0,407.0,66.1,4929.0,2447.0,123.0,165.0,74.5,114.0,151.0,75.5,28.0,76.0,36.8,1,1.1,0.5,4.0,15.0,5.0,1.0,29.0,407.0,339.0,68.0,14.0,0.0,0.0,10.0,32.0,2.0,1.0,1.0,0.0,269.0,0.0,11.0,15.0,8.0,2.0,0.0,0.0,3.0,2.0,4.0,2.0,1.0,0.0,0.0,1.0,0.0,24.0,14.0,14.0,6.0,4.0,12.0,22.0,54.5,10.0,10.0,5.0,5.0,18.0,42,30.0,0.0,49.0,559.0,76.0,236.0,173.0,156.0,9.0,558.0,21.0,1.0,4.8,20.0,95.2,172.0,1064.0,478.0,6.0,7.0,3.0,22.0,6.0,266.0,28.0,2,0,0,6.0,14.0,0.0,10.0,18.0,14.0,1.0,0.0,0,65.0,5.0,4.0,55.6,23.0,4.0,17.4,0.04,0.25,19.5,1.0,0,0,1.9,1.9,0.08,-0.9,-0.9,5.0,3.0,80.0,0,2.4,0.4,1,1,0,0,1.0,6.0,16.7,12.0,3.0,50.0,35.4,8.0,0.0,14.9,10.0,0.0,0.0,0.0,6.0,283.0,420.0,67.4,5289.0,2789.0,116.0,149.0,77.9,121.0,166.0,72.9,41.0,81.0,50.6,0,1.5,1.6,17.0,33.0,8.0,3.0,45.0,420.0,349.0,70.0,5.0,0.0,3.0,30.0,45.0,9.0,6.0,2.0,0.0,283.0,1.0,9.0,42.0,32.0,4.0,2.0,2.0,1.0,1.0,2.0,1.0,0.0,0.0,0.0,1.0,0.0,26.0,17.0,17.0,4.0,5.0,20.0,21.0,95.2,1.0,14.0,3.0,11.0,17.0,43,15.0,0.0,51.0,565.0,45.0,182.0,195.0,197.0,28.0,565.0,22.0,10.0,45.5,12.0,54.5,245.0,1532.0,820.0,22.0,12.0,8.0,22.0,12.0,278.0,44.0,2,0,0,15.0,6.0,1.0,30.0,17.0,17.0,0.0,1.0,0,63.0,4.0,5.0,44.4
2023-01-07,12:00,Liga F,Matchweek 14,Sat,Away,W,6,0,Levante,Villarreal,2.9,0.6,67.0,,María Alharilla Casado,4-3-3,María Dolores Martínez Madrona,14.0,8.0,57.1,0.43,0.75,12.5,1.0,0,0,2.9,2.9,0.21,3.1,3.1,2.0,2.0,100.0,1,0.3,0.3,0,0,0,0,0.0,1.0,0.0,25.0,3.0,4.0,22.1,7.0,0.0,11.9,11.0,0.0,0.0,1.0,15.3,447.0,554.0,80.7,7976.0,2850.0,193.0,225.0,85.8,209.0,231.0,90.5,39.0,71.0,54.9,6,2.7,2.6,11.0,28.0,7.0,3.0,32.0,554.0,503.0,50.0,16.0,1.0,1.0,22.0,20.0,6.0,2.0,3.0,0.0,447.0,1.0,6.0,23.0,16.0,3.0,1.0,1.0,2.0,0.0,12.0,10.0,1.0,1.0,0.0,0.0,0.0,10.0,8.0,3.0,7.0,0.0,3.0,4.0,75.0,1.0,2.0,1.0,1.0,10.0,20,11.0,0.0,67.0,639.0,49.0,244.0,266.0,131.0,29.0,639.0,16.0,5.0,31.3,11.0,68.8,348.0,1745.0,942.0,12.0,3.0,5.0,25.0,5.0,442.0,30.0,0,0,0,9.0,11.0,1.0,22.0,10.0,8.0,0.0,0.0,0,64.0,13.0,7.0,65.0,7.0,2.0,28.6,0.0,0.0,17.0,1.0,0,0,0.6,0.6,0.08,-0.6,-0.6,8.0,2.0,25.0,0,4.1,-1.9,0,0,0,0,8.0,16.0,50.0,19.0,1.0,52.6,38.4,11.0,63.6,35.5,19.0,0.0,0.0,0.0,12.0,159.0,267.0,59.6,3005.0,1602.0,69.0,92.0,75.0,48.0,79.0,60.8,29.0,67.0,43.3,0,0.5,0.6,6.0,15.0,4.0,3.0,11.0,267.0,206.0,55.0,9.0,0.0,1.0,13.0,23.0,5.0,1.0,2.0,0.0,159.0,6.0,2.0,12.0,5.0,3.0,0.0,1.0,2.0,1.0,0.0,0.0,0.0,0.0,0.0,0.0,0.0,16.0,7.0,9.0,6.0,1.0,11.0,16.0,68.8,5.0,7.0,2.0,5.0,16.0,32,18.0,0.0,33.0,368.0,54.0,139.0,157.0,76.0,9.0,368.0,4.0,1.0,25.0,3.0,75.0,129.0,767.0,335.0,7.0,7.0,1.0,16.0,7.0,158.0,11.0,2,0,0,11.0,9.0,6.0,13.0,16.0,7.0,0.0,0.0,0,57.0,7.0,13.0,35.0
2023-01-15,12:00,Liga F,Matchweek 15,Sun,Home,W,2,0,Levante,UDG Tenerife,1.5,0.5,65.0,,María Alharilla Casado,4-1-2-1-2◆,Alicia Espinosa Ríos,9.0,3.0,33.3,0.11,0.33,17.9,0.0,1,1,1.5,0.7,0.08,0.5,0.3,4.0,4.0,100.0,1,0.9,0.9,0,0,0,0,2.0,2.0,100.0,17.0,5.0,5.9,22.8,13.0,7.7,20.4,15.0,0.0,0.0,0.0,,422.0,564.0,74.8,8389.0,3417.0,141.0,174.0,81.0,225.0,265.0,84.9,53.0,87.0,60.9,1,0.5,0.5,7.0,36.0,7.0,1.0,48.0,564.0,502.0,57.0,6.0,2.0,2.0,13.0,33.0,4.0,4.0,0.0,0.0,422.0,5.0,21.0,15.0,10.0,1.0,1.0,0.0,2.0,1.0,4.0,2.0,0.0,0.0,0.0,1.0,1.0,25.0,17.0,15.0,5.0,5.0,12.0,17.0,70.6,5.0,5.0,1.0,4.0,6.0,31,7.0,0.0,65.0,660.0,62.0,265.0,259.0,146.0,24.0,659.0,16.0,9.0,56.3,7.0,43.8,331.0,1655.0,849.0,19.0,12.0,5.0,23.0,16.0,421.0,48.0,0,0,0,14.0,7.0,5.0,13.0,6.0,17.0,1.0,0.0,0,72.0,3.0,6.0,33.3,9.0,4.0,44.4,0.0,0.0,21.4,1.0,0,0,0.5,0.5,0.05,-0.5,-0.5,4.0,2.0,75.0,0,1.5,-0.5,1,1,0,0,5.0,14.0,35.7,15.0,1.0,60.0,49.0,8.0,75.0,48.9,12.0,0.0,0.0,2.0,13.0,197.0,305.0,64.6,3871.0,2100.0,89.0,117.0,76.1,73.0,96.0,76.0,34.0,77.0,44.2,0,0.3,1.0,6.0,17.0,4.0,2.0,16.0,305.0,236.0,69.0,18.0,0.0,0.0,18.0,37.0,3.0,3.0,0.0,0.0,197.0,0.0,6.0,13.0,6.0,4.0,0.0,0.0,3.0,0.0,0.0,0.0,0.0,0.0,0.0,0.0,0.0,23.0,12.0,15.0,3.0,5.0,7.0,16.0,43.8,9.0,24.0,4.0,20.0,13.0,36,25.0,1.0,35.0,450.0,51.0,197.0,122.0,134.0,12.0,450.0,17.0,5.0,29.4,12.0,70.6,144.0,884.0,364.0,10.0,8.0,1.0,22.0,13.0,196.0,15.0,2,0,0,7.0,13.0,0.0,18.0,13.0,12.0,0.0,1.0,0,62.0,6.0,3.0,66.7
2023-01-24,19:00,Liga F,Matchweek 16,Tue,Away,W,3,0,Levante,Athletic Club,2.5,0.5,55.0,,María Alharilla Casado,4-2-3-1,Beatriz Cuesta Arribas,19.0,10.0,52.6,0.16,0.3,16.8,0.0,0,0,2.5,2.5,0.14,0.5,0.5,2.0,2.0,100.0,1,0.1,0.1,0,0,0,0,0.0,4.0,0.0,16.0,8.0,18.8,20.7,5.0,20.0,25.0,22.0,1.0,4.5,0.0,2.0,367.0,473.0,77.6,6209.0,2600.0,181.0,210.0,86.2,148.0,186.0,79.6,33.0,55.0,60.0,3,2.5,1.3,17.0,30.0,8.0,1.0,40.0,473.0,420.0,52.0,7.0,4.0,0.0,15.0,32.0,7.0,5.0,0.0,0.0,367.0,1.0,11.0,35.0,29.0,2.0,2.0,2.0,0.0,0.0,6.0,5.0,1.0,0.0,0.0,0.0,0.0,25.0,17.0,11.0,9.0,5.0,13.0,16.0,81.3,3.0,17.0,0.0,17.0,8.0,33,17.0,0.0,55.0,611.0,58.0,185.0,266.0,167.0,29.0,611.0,24.0,9.0,37.5,15.0,62.5,387.0,2056.0,1098.0,20.0,16.0,12.0,29.0,4.0,362.0,38.0,1,0,0,10.0,6.0,1.0,15.0,8.0,17.0,0.0,0.0,0,64.0,15.0,11.0,57.7,6.0,2.0,33.3,0.0,0.0,22.2,0.0,0,0,0.5,0.5,0.08,-0.5,-0.5,10.0,7.0,70.0,0,3.0,0.0,0,0,0,0,5.0,10.0,50.0,34.0,6.0,23.5,30.4,7.0,28.6,28.3,12.0,0.0,0.0,2.0,27.0,269.0,391.0,68.8,5796.0,2332.0,83.0,108.0,76.9,132.0,169.0,78.1,54.0,95.0,56.8,0,0.4,0.7,4.0,15.0,5.0,3.0,20.0,391.0,323.0,67.0,11.0,0.0,7.0,25.0,39.0,6.0,5.0,1.0,0.0,269.0,1.0,20.0,8.0,4.0,3.0,0.0,0.0,1.0,0.0,0.0,0.0,0.0,0.0,0.0,0.0,0.0,19.0,13.0,11.0,6.0,2.0,15.0,24.0,62.5,9.0,13.0,5.0,8.0,12.0,31,23.0,0.0,45.0,517.0,79.0,217.0,200.0,104.0,13.0,517.0,17.0,4.0,23.5,13.0,76.5,207.0,1334.0,633.0,18.0,9.0,2.0,18.0,12.0,265.0,20.0,1,0,0,6.0,10.0,1.0,25.0,12.0,13.0,0.0,0.0,0,61.0,11.0,15.0,42.3
2023-01-28,16:00,Liga F,Matchweek 17,Sat,Home,W,3,1,Levante,Alhama,2.2,1.5,65.0,,María Méndez,4-2-3-1,María Eugenia Gil Soriano,19.0,7.0,36.8,0.16,0.43,16.2,0.0,0,0,2.2,2.2,0.12,0.8,0.8,4.0,3.0,75.0,0,1.2,0.2,0,0,0,0,2.0,5.0,40.0,27.0,7.0,14.8,25.4,8.0,12.5,24.0,20.0,1.0,5.0,1.0,9.0,367.0,522.0,70.3,7139.0,3444.0,149.0,196.0,76.0,164.0,216.0,75.9,47.0,84.0,56.0,2,1.6,1.7,15.0,21.0,9.0,5.0,33.0,522.0,448.0,72.0,17.0,1.0,2.0,16.0,40.0,5.0,3.0,2.0,0.0,367.0,2.0,20.0,32.0,19.0,7.0,1.0,3.0,2.0,0.0,5.0,2.0,1.0,0.0,1.0,1.0,0.0,12.0,11.0,2.0,7.0,3.0,2.0,4.0,50.0,2.0,8.0,3.0,5.0,6.0,18,12.0,1.0,65.0,607.0,74.0,227.0,237.0,146.0,27.0,607.0,10.0,10.0,100.0,0.0,0.0,186.0,1145.0,411.0,13.0,7.0,4.0,14.0,25.0,355.0,29.0,1,0,0,3.0,16.0,2.0,16.0,6.0,11.0,0.0,0.0,0,17.0,10.0,8.0,55.6,13.0,4.0,30.8,0.08,0.25,24.2,0.0,0,0,1.5,1.5,0.12,-0.5,-0.5,7.0,4.0,57.1,0,2.1,-0.9,0,0,0,0,14.0,30.0,46.7,17.0,0.0,88.2,51.3,16.0,93.8,54.0,14.0,0.0,0.0,0.0,6.3,138.0,287.0,48.1,3221.0,2027.0,40.0,66.0,60.6,61.0,108.0,56.5,34.0,102.0,33.3,0,0.3,0.1,7.0,24.0,1.0,1.0,24.0,287.0,231.0,55.0,4.0,0.0,0.0,23.0,27.0,4.0,4.0,0.0,0.0,138.0,1.0,7.0,16.0,11.0,1.0,1.0,1.0,1.0,1.0,0.0,0.0,0.0,0.0,0.0,0.0,0.0,26.0,21.0,15.0,5.0,6.0,0.0,10.0,0.0,10.0,24.0,5.0,19.0,18.0,44,20.0,0.0,35.0,416.0,61.0,161.0,172.0,88.0,6.0,416.0,5.0,3.0,60.0,2.0,40.0,101.0,1071.0,234.0,5.0,7.0,2.0,14.0,11.0,135.0,24.0,4,0,0,17.0,3.0,1.0,23.0,18.0,21.0,0.0,0.0,0,46.0,10.0,11.0,47.6
2023-02-04,16:00,Liga F,Matchweek 18,Sat,Away,W,2,0,Levante,Alavés,2.8,1.2,66.0,,María Alharilla Casado,4-3-3,Elisabeth Calvo Valentín,27.0,7.0,25.9,0.07,0.29,17.5,1.0,0,0,2.8,2.8,0.1,-0.8,-0.8,4.0,4.0,100.0,1,1.3,1.3,0,0,0,0,2.0,5.0,40.0,20.0,5.0,20.0,23.8,6.0,16.7,26.2,7.0,0.0,0.0,0.0,9.3,407.0,533.0,76.4,7810.0,3105.0,139.0,171.0,81.3,217.0,260.0,83.5,45.0,79.0,57.0,1,2.2,2.8,24.0,42.0,16.0,3.0,66.0,533.0,485.0,46.0,4.0,1.0,1.0,20.0,26.0,9.0,6.0,0.0,0.0,407.0,2.0,11.0,47.0,38.0,4.0,1.0,1.0,1.0,2.0,3.0,1.0,1.0,0.0,0.0,0.0,1.0,11.0,6.0,3.0,3.0,5.0,1.0,2.0,50.0,1.0,9.0,0.0,9.0,5.0,16,9.0,0.0,66.0,629.0,39.0,131.0,282.0,219.0,46.0,629.0,8.0,3.0,37.5,4.0,50.0,248.0,1563.0,835.0,18.0,11.0,8.0,17.0,11.0,401.0,65.0,1,0,0,14.0,4.0,2.0,20.0,5.0,6.0,0.0,0.0,0,69.0,20.0,13.0,60.6,9.0,4.0,44.4,0.0,0.0,17.9,0.0,0,0,1.2,1.2,0.13,-1.2,-1.2,7.0,5.0,71.4,0,2.4,0.4,0,0,0,0,18.0,36.0,50.0,32.0,3.0,62.5,42.3,18.0,88.9,47.3,17.0,1.0,5.9,0.0,7.0,146.0,269.0,54.3,3449.0,2003.0,48.0,70.0,68.6,59.0,102.0,57.8,38.0,85.0,44.7,0,1.2,0.7,9.0,8.0,3.0,0.0,10.0,269.0,204.0,64.0,16.0,0.0,0.0,7.0,23.0,4.0,3.0,1.0,0.0,146.0,1.0,8.0,15.0,8.0,3.0,0.0,1.0,2.0,1.0,0.0,0.0,0.0,0.0,0.0,0.0,0.0,15.0,7.0,11.0,3.0,1.0,4.0,7.0,57.1,3.0,13.0,4.0,9.0,13.0,28,27.0,0.0,34.0,380.0,91.0,221.0,102.0,59.0,11.0,380.0,2.0,1.0,50.0,1.0,50.0,160.0,631.0,287.0,1.0,0.0,1.0,22.0,10.0,145.0,10.0,2,0,0,4.0,14.0,1.0,7.0,13.0,7.0,0.0,0.0,0,38.0,13.0,20.0,39.4
2023-02-11,12:00,Liga F,Matchweek 19,Sat,Home,W,5,0,Levante,Levante Planas,4.4,0.3,73.0,,María Alharilla Casado,4-3-3,Elena Peláez Arnillas,20.0,9.0,45.0,0.2,0.44,17.0,1.0,1,1,4.4,3.6,0.18,0.6,0.4,3.0,3.0,100.0,1,0.1,0.1,0,0,0,0,1.0,2.0,50.0,14.0,3.0,14.3,28.8,2.0,0.0,23.5,1.0,0.0,0.0,0.0,19.0,540.0,653.0,82.7,13259.0,4825.0,91.0,109.0,83.5,316.0,361.0,87.5,131.0,170.0,77.1,3,2.6,1.3,11.0,78.0,12.0,2.0,72.0,653.0,600.0,51.0,8.0,0.0,8.0,43.0,25.0,15.0,7.0,4.0,0.0,540.0,2.0,9.0,33.0,23.0,5.0,1.0,1.0,3.0,0.0,10.0,8.0,0.0,1.0,0.0,1.0,0.0,13.0,11.0,3.0,8.0,2.0,2.0,8.0,25.0,6.0,7.0,0.0,7.0,9.0,22,2.0,0.0,73.0,732.0,31.0,190.0,315.0,231.0,32.0,731.0,5.0,5.0,100.0,0.0,0.0,518.0,2510.0,1033.0,17.0,7.0,12.0,19.0,26.0,538.0,72.0,0,0,0,9.0,11.0,2.0,43.0,9.0,11.0,1.0,0.0,0,70.0,7.0,3.0,70.0,5.0,3.0,60.0,0.0,0.0,26.5,2.0,0,0,0.3,0.3,0.05,-0.3,-0.3,10.0,5.0,60.0,0,4.6,-0.4,1,1,0,0,5.0,17.0,29.4,19.0,4.0,57.9,39.6,10.0,60.0,38.1,32.0,2.0,6.3,1.0,9.4,134.0,242.0,55.4,2763.0,1443.0,52.0,74.0,70.3,56.0,86.0,65.1,24.0,69.0,34.8,0,0.1,0.1,3.0,13.0,1.0,0.0,14.0,242.0,198.0,44.0,9.0,0.0,1.0,1.0,19.0,0.0,0.0,0.0,0.0,134.0,0.0,6.0,8.0,5.0,1.0,0.0,0.0,2.0,0.0,0.0,0.0,0.0,0.0,0.0,0.0,0.0,26.0,20.0,20.0,6.0,0.0,0.0,5.0,0.0,5.0,7.0,4.0,3.0,10.0,36,32.0,1.0,27.0,360.0,91.0,218.0,112.0,34.0,3.0,360.0,8.0,6.0,75.0,2.0,25.0,116.0,928.0,447.0,9.0,5.0,1.0,10.0,12.0,132.0,14.0,1,0,0,11.0,9.0,0.0,1.0,10.0,20.0,0.0,1.0,0,40.0,2.0,7.0,22.2
2023-03-05,16:00,Liga F,Matchweek 20,Sun,Away,W,4,2,Levante,Sevilla,2.0,1.5,64.0,,María Alharilla Casado,4-3-3,María Gloria Planes Terol,15.0,8.0,53.3,0.27,0.5,16.6,1.0,0,0,2.0,2.0,0.14,2.0,2.0,3.0,1.0,33.3,0,1.4,-0.6,0,0,0,0,1.0,1.0,100.0,8.0,0.0,0.0,21.3,8.0,12.5,16.9,7.0,0.0,0.0,0.0,9.0,489.0,612.0,79.9,8746.0,3541.0,214.0,259.0,82.6,225.0,256.0,87.9,49.0,78.0,62.8,3,1.4,1.4,7.0,51.0,7.0,2.0,57.0,612.0,551.0,57.0,10.0,0.0,1.0,22.0,30.0,7.0,5.0,0.0,2.0,489.0,4.0,17.0,24.0,15.0,3.0,2.0,2.0,2.0,0.0,6.0,3.0,1.0,0.0,2.0,0.0,0.0,22.0,7.0,12.0,6.0,4.0,8.0,13.0,61.5,5.0,22.0,2.0,20.0,12.0,34,21.0,0.0,64.0,758.0,47.0,249.0,299.0,219.0,24.0,758.0,28.0,12.0,42.9,16.0,57.1,389.0,2177.0,1108.0,22.0,12.0,4.0,27.0,11.0,485.0,57.0,1,0,0,15.0,11.0,4.0,22.0,12.0,7.0,0.0,0.0,0,70.0,7.0,7.0,50.0,10.0,3.0,30.0,0.2,0.67,15.7,1.0,0,0,1.5,1.5,0.15,0.5,0.5,8.0,4.0,50.0,0,3.7,-0.3,0,0,0,0,4.0,10.0,40.0,14.0,2.0,57.1,42.4,4.0,50.0,48.8,17.0,0.0,0.0,0.0,,223.0,342.0,65.2,4041.0,2053.0,92.0,127.0,72.4,95.0,126.0,75.4,25.0,53.0,47.2,1,1.1,0.7,6.0,24.0,4.0,2.0,27.0,342.0,280.0,62.0,18.0,0.0,1.0,12.0,33.0,2.0,1.0,0.0,0.0,223.0,0.0,22.0,15.0,9.0,2.0,0.0,1.0,2.0,1.0,2.0,2.0,0.0,0.0,0.0,0.0,0.0,27.0,16.0,15.0,8.0,4.0,17.0,29.0,58.6,12.0,18.0,4.0,14.0,23.0,50,27.0,0.0,36.0,493.0,53.0,162.0,203.0,136.0,16.0,493.0,12.0,4.0,33.3,8.0,66.7,203.0,1351.0,538.0,15.0,14.0,6.0,20.0,13.0,217.0,27.0,2,0,0,11.0,15.0,0.0,12.0,23.0,16.0,0.0,0.0,0,60.0,7.0,7.0,50.0
2023-03-11,18:15,Liga F,Matchweek 21,Sat,Home,L,0,4,Levante,Barcelona,0.3,2.1,51.0,,María Méndez,4-3-3,Zulema González González,6.0,2.0,33.3,0.0,0.0,17.2,0.0,0,0,0.3,0.3,0.05,-0.3,-0.3,9.0,5.0,55.6,0,2.9,-1.1,0,0,0,0,1.0,9.0,11.1,30.0,11.0,30.0,27.3,9.0,0.0,10.2,14.0,1.0,7.1,2.0,17.0,346.0,467.0,74.1,6674.0,2863.0,120.0,149.0,80.5,186.0,213.0,87.3,35.0,85.0,41.2,0,0.3,0.5,5.0,24.0,10.0,0.0,33.0,467.0,410.0,53.0,13.0,0.0,0.0,10.0,23.0,4.0,4.0,0.0,0.0,346.0,4.0,14.0,10.0,9.0,0.0,1.0,0.0,0.0,0.0,0.0,0.0,0.0,0.0,0.0,0.0,0.0,17.0,13.0,11.0,3.0,3.0,10.0,23.0,43.5,13.0,20.0,7.0,13.0,12.0,29,21.0,1.0,51.0,562.0,86.0,245.0,206.0,116.0,15.0,562.0,3.0,2.0,66.7,0.0,0.0,267.0,1465.0,600.0,5.0,5.0,1.0,20.0,15.0,342.0,33.0,0,0,0,5.0,10.0,4.0,10.0,12.0,13.0,0.0,0.0,0,56.0,5.0,6.0,45.5,20.0,9.0,45.0,0.2,0.44,17.2,0.0,0,0,2.1,2.1,0.1,1.9,1.9,2.0,2.0,100.0,1,0.2,0.2,0,0,0,0,8.0,17.0,47.1,33.0,2.0,42.4,36.4,9.0,33.3,26.8,5.0,1.0,20.0,1.0,17.5,327.0,451.0,72.5,6571.0,2686.0,120.0,158.0,75.9,144.0,176.0,81.8,55.0,99.0,55.6,2,1.5,0.6,13.0,30.0,8.0,0.0,43.0,451.0,395.0,53.0,9.0,0.0,4.0,19.0,28.0,6.0,5.0,0.0,0.0,327.0,3.0,14.0,30.0,17.0,4.0,6.0,3.0,0.0,0.0,7.0,5.0,0.0,2.0,0.0,0.0,0.0,15.0,13.0,5.0,6.0,4.0,0.0,3.0,0.0,3.0,13.0,0.0,13.0,14.0,29,13.0,0.0,49.0,542.0,66.0,187.0,181.0,185.0,30.0,542.0,24.0,14.0,58.3,10.0,41.7,247.0,1776.0,825.0,29.0,21.0,10.0,10.0,7.0,317.0,42.0,2,0,0,10.0,5.0,3.0,19.0,14.0,13.0,0.0,0.0,0,64.0,7.0,5.0,58.3
2023-03-19,16:00,Liga F,Matchweek 22,Sun,Away,W,3,0,Levante,Sporting Huelva,2.9,0.4,67.0,,María Alharilla Casado,4-3-3,Alicia Espinosa Ríos,15.0,8.0,53.3,0.2,0.38,13.7,0.0,0,0,2.9,2.9,0.2,0.1,0.1,1.0,1.0,100.0,1,0.1,0.1,0,0,0,0,0.0,3.0,0.0,14.0,7.0,7.1,22.1,5.0,40.0,27.4,14.0,1.0,7.1,0.0,9.0,401.0,535.0,75.0,6925.0,2870.0,184.0,224.0,82.1,158.0,181.0,87.3,40.0,84.0,47.6,3,2.9,1.1,14.0,29.0,6.0,3.0,22.0,535.0,459.0,71.0,9.0,1.0,0.0,24.0,46.0,10.0,8.0,2.0,0.0,401.0,5.0,11.0,27.0,20.0,2.0,3.0,1.0,1.0,0.0,5.0,3.0,0.0,1.0,1.0,0.0,0.0,19.0,12.0,6.0,8.0,5.0,5.0,7.0,71.4,2.0,8.0,1.0,7.0,10.0,29,17.0,0.0,67.0,642.0,52.0,217.0,278.0,150.0,31.0,642.0,21.0,11.0,52.4,10.0,47.6,332.0,1760.0,861.0,17.0,5.0,12.0,16.0,18.0,397.0,22.0,0,0,0,6.0,9.0,5.0,24.0,10.0,12.0,0.0,0.0,0,48.0,15.0,11.0,57.7,6.0,1.0,16.7,0.0,0.0,20.6,0.0,0,0,0.4,0.4,0.06,-0.4,-0.4,8.0,5.0,62.5,0,2.8,-0.2,0,0,0,0,10.0,20.0,50.0,20.0,2.0,65.0,43.0,7.0,100.0,54.4,19.0,1.0,5.3,9.0,18.2,134.0,261.0,51.3,2628.0,1606.0,60.0,96.0,62.5,45.0,82.0,54.9,26.0,68.0,38.2,0,0.3,0.5,4.0,12.0,3.0,1.0,14.0,261.0,197.0,64.0,11.0,0.0,1.0,15.0,41.0,1.0,1.0,0.0,0.0,134.0,0.0,7.0,11.0,6.0,3.0,0.0,0.0,1.0,1.0,0.0,0.0,0.0,0.0,0.0,0.0,0.0,28.0,16.0,8.0,17.0,3.0,10.0,21.0,47.6,11.0,12.0,3.0,9.0,23.0,51,27.0,0.0,33.0,388.0,51.0,154.0,147.0,89.0,6.0,388.0,7.0,2.0,28.6,5.0,71.4,143.0,764.0,320.0,8.0,6.0,1.0,16.0,14.0,132.0,14.0,2,0,0,9.0,5.0,0.0,15.0,23.0,16.0,0.0,0.0,0,48.0,11.0,15.0,42.3
2023-03-26,18:00,Liga F,Matchweek 23,Sun,Home,W,4,1,Levante,Real Sociedad,3.4,0.4,56.0,,María Alharilla Casado,4-1-2-1-2◆,Amy Peñalver Pearce,17.0,7.0,41.2,0.18,0.43,19.5,1.0,1,1,3.4,2.6,0.15,0.6,0.4,3.0,2.0,66.7,0,0.4,-0.6,0,0,0,0,4.0,11.0,36.4,28.0,5.0,28.6,30.7,7.0,42.9,26.1,9.0,0.0,0.0,0.0,9.0,350.0,473.0,74.0,5876.0,2637.0,166.0,190.0,87.4,143.0,179.0,79.9,32.0,66.0,48.5,2,2.1,1.1,10.0,27.0,7.0,1.0,28.0,473.0,414.0,57.0,9.0,0.0,0.0,13.0,34.0,5.0,3.0,1.0,0.0,350.0,2.0,22.0,31.0,16.0,5.0,7.0,0.0,3.0,0.0,7.0,3.0,0.0,3.0,0.0,1.0,0.0,14.0,10.0,7.0,5.0,2.0,10.0,24.0,41.7,14.0,18.0,1.0,17.0,8.0,22,21.0,0.0,56.0,588.0,66.0,209.0,247.0,139.0,24.0,587.0,32.0,25.0,78.1,7.0,21.9,245.0,1298.0,638.0,15.0,2.0,10.0,23.0,17.0,347.0,28.0,2,0,0,14.0,9.0,2.0,13.0,8.0,10.0,1.0,0.0,0,71.0,10.0,8.0,55.6,7.0,3.0,42.9,0.14,0.33,19.2,0.0,0,0,0.4,0.4,0.06,0.6,0.6,8.0,4.0,62.5,0,3.9,-0.1,1,1,0,0,7.0,12.0,58.3,24.0,4.0,29.2,33.2,13.0,38.5,29.2,10.0,1.0,10.0,2.0,17.6,237.0,367.0,64.6,4556.0,2132.0,102.0,134.0,76.1,88.0,124.0,71.0,40.0,75.0,53.3,1,0.2,0.3,5.0,12.0,3.0,1.0,21.0,367.0,293.0,72.0,16.0,0.0,5.0,15.0,36.0,2.0,0.0,1.0,0.0,237.0,2.0,19.0,13.0,8.0,3.0,1.0,0.0,1.0,0.0,2.0,2.0,0.0,0.0,0.0,0.0,0.0,25.0,12.0,12.0,9.0,4.0,8.0,33.0,24.2,25.0,24.0,4.0,20.0,11.0,36,18.0,1.0,44.0,494.0,63.0,193.0,179.0,129.0,12.0,494.0,24.0,14.0,58.3,10.0,41.7,201.0,1131.0,481.0,15.0,13.0,3.0,19.0,4.0,234.0,21.0,0,0,0,9.0,14.0,2.0,15.0,11.0,12.0,0.0,1.0,0,59.0,8.0,10.0,44.4
2023-04-01,12:00,Liga F,Matchweek 24,Sat,Away,L,0,1,Levante,Madrid CFF,0.4,0.9,56.0,,María Méndez,4-1-2-1-2◆,Arantza Gallastegui Pérez,10.0,4.0,40.0,0.0,0.0,28.0,2.0,0,0,0.4,0.4,0.04,-0.4,-0.4,7.0,6.0,85.7,0,0.9,-0.1,0,0,0,0,0.0,1.0,0.0,23.0,11.0,0.0,18.2,10.0,10.0,22.0,11.0,0.0,0.0,3.0,14.0,398.0,523.0,76.1,6852.0,3107.0,193.0,236.0,81.8,160.0,184.0,87.0,37.0,73.0,50.7,0,0.2,0.3,6.0,39.0,4.0,1.0,50.0,523.0,472.0,49.0,9.0,0.0,1.0,15.0,24.0,4.0,4.0,0.0,0.0,398.0,2.0,12.0,19.0,13.0,2.0,1.0,0.0,3.0,0.0,0.0,0.0,0.0,0.0,0.0,0.0,0.0,23.0,15.0,8.0,12.0,3.0,8.0,12.0,66.7,4.0,12.0,3.0,9.0,14.0,37,15.0,0.0,56.0,652.0,66.0,202.0,297.0,157.0,13.0,652.0,22.0,4.0,18.2,17.0,77.3,408.0,1649.0,922.0,19.0,12.0,3.0,19.0,6.0,396.0,50.0,2,0,0,9.0,8.0,2.0,15.0,14.0,15.0,0.0,0.0,0,59.0,4.0,3.0,57.1,15.0,7.0,46.7,0.07,0.14,23.3,1.0,0,0,0.9,0.9,0.06,0.1,0.1,4.0,4.0,100.0,1,0.3,0.3,0,0,0,0,1.0,4.0,25.0,16.0,5.0,25.0,29.9,9.0,0.0,12.7,15.0,0.0,0.0,0.0,8.5,297.0,411.0,72.3,4865.0,2531.0,159.0,181.0,87.8,99.0,133.0,74.4,31.0,66.0,47.0,1,0.4,0.8,8.0,23.0,9.0,1.0,36.0,411.0,354.0,55.0,10.0,1.0,3.0,11.0,33.0,2.0,0.0,0.0,2.0,297.0,2.0,9.0,20.0,13.0,3.0,0.0,1.0,1.0,2.0,2.0,1.0,0.0,0.0,0.0,0.0,1.0,23.0,13.0,15.0,8.0,0.0,17.0,21.0,81.0,4.0,15.0,3.0,12.0,8.0,31,14.0,0.0,44.0,520.0,60.0,192.0,208.0,123.0,13.0,520.0,12.0,4.0,33.3,8.0,66.7,219.0,1211.0,457.0,13.0,12.0,1.0,23.0,15.0,290.0,35.0,1,0,0,9.0,9.0,2.0,11.0,8.0,13.0,0.0,0.0,0,51.0,3.0,4.0,42.9
2023-04-15,18:15,Liga F,Matchweek 25,Sat,Home,W,3,1,Levante,Villarreal,1.8,1.2,69.0,,María Alharilla Casado,4-3-1-2,Beatriz Cuesta Arribas,15.0,7.0,46.7,0.2,0.43,14.3,0.0,0,0,1.8,1.8,0.12,1.2,1.2,3.0,2.0,66.7,0,1.1,0.1,0,0,0,0,0.0,2.0,0.0,13.0,5.0,7.7,21.6,5.0,20.0,20.8,7.0,0.0,0.0,0.0,,443.0,569.0,77.9,7846.0,2905.0,182.0,212.0,85.8,206.0,245.0,84.1,43.0,83.0,51.8,2,1.5,1.1,10.0,32.0,9.0,3.0,52.0,569.0,508.0,59.0,10.0,0.0,5.0,24.0,36.0,6.0,6.0,0.0,0.0,443.0,2.0,12.0,23.0,19.0,0.0,2.0,2.0,0.0,0.0,4.0,4.0,0.0,0.0,0.0,0.0,0.0,14.0,10.0,3.0,9.0,2.0,0.0,3.0,0.0,3.0,7.0,0.0,7.0,9.0,23,10.0,0.0,69.0,646.0,37.0,171.0,321.0,158.0,23.0,646.0,14.0,12.0,85.7,2.0,14.3,361.0,1821.0,780.0,19.0,16.0,4.0,14.0,22.0,435.0,51.0,0,0,0,7.0,10.0,2.0,24.0,9.0,10.0,0.0,0.0,0,54.0,4.0,11.0,26.7,4.0,3.0,75.0,0.25,0.33,12.6,1.0,0,0,1.2,1.2,0.29,-0.2,-0.2,7.0,4.0,57.1,0,1.6,-1.4,0,0,0,0,8.0,27.0,29.6,16.0,1.0,75.0,49.4,16.0,93.8,54.8,18.0,0.0,0.0,2.0,11.0,134.0,258.0,51.9,2833.0,1603.0,55.0,81.0,67.9,50.0,74.0,67.6,27.0,83.0,32.5,1,1.1,0.8,3.0,10.0,5.0,3.0,14.0,258.0,199.0,59.0,8.0,0.0,2.0,10.0,28.0,3.0,3.0,0.0,0.0,134.0,0.0,6.0,8.0,6.0,0.0,1.0,0.0,1.0,0.0,2.0,2.0,0.0,0.0,0.0,0.0,0.0,26.0,21.0,17.0,7.0,2.0,2.0,14.0,14.3,12.0,13.0,2.0,11.0,8.0,34,21.0,1.0,31.0,363.0,59.0,155.0,138.0,72.0,10.0,363.0,3.0,3.0,100.0,0.0,0.0,119.0,572.0,200.0,5.0,2.0,0.0,11.0,15.0,129.0,14.0,1,0,0,12.0,6.0,0.0,10.0,8.0,21.0,0.0,0.0,0,40.0,10.0,4.0,71.4
2023-04-23,12:00,Liga F,Matchweek 26,Sun,Away,L,1,2,Levante,Atlético Madrid,1.6,0.7,65.0,,María Alharilla Casado,4-3-1-2,Olatz Rivera Olmedo,18.0,7.0,38.9,0.06,0.14,21.9,0.0,0,0,1.6,1.6,0.11,-0.6,-0.6,3.0,1.0,33.3,0,1.8,-0.2,0,0,0,0,0.0,0.0,,17.0,2.0,0.0,19.9,10.0,10.0,18.1,7.0,0.0,0.0,1.0,15.0,442.0,545.0,81.1,8284.0,3573.0,165.0,187.0,88.2,232.0,265.0,87.5,43.0,77.0,55.8,0,1.1,0.5,13.0,53.0,8.0,2.0,62.0,545.0,479.0,65.0,11.0,0.0,1.0,39.0,32.0,9.0,5.0,2.0,0.0,442.0,1.0,9.0,29.0,23.0,1.0,3.0,1.0,1.0,0.0,1.0,0.0,0.0,0.0,1.0,0.0,0.0,15.0,6.0,5.0,8.0,2.0,1.0,3.0,33.3,2.0,8.0,1.0,7.0,7.0,22,6.0,0.0,65.0,630.0,46.0,176.0,270.0,192.0,20.0,630.0,20.0,10.0,50.0,10.0,50.0,423.0,1639.0,857.0,18.0,11.0,5.0,17.0,11.0,432.0,61.0,1,0,0,10.0,9.0,1.0,39.0,7.0,6.0,0.0,0.0,0,55.0,2.0,2.0,50.0,8.0,3.0,37.5,0.25,0.67,19.5,0.0,0,0,0.7,0.7,0.09,1.3,1.3,7.0,6.0,85.7,0,1.7,0.7,0,0,0,0,13.0,22.0,59.1,36.0,7.0,44.4,40.7,12.0,50.0,40.4,31.0,1.0,3.2,0.0,4.6,200.0,289.0,69.2,4370.0,2361.0,70.0,88.0,79.5,82.0,106.0,77.4,44.0,80.0,55.0,2,0.7,0.7,7.0,19.0,4.0,1.0,22.0,289.0,244.0,43.0,11.0,0.0,2.0,9.0,17.0,1.0,1.0,0.0,0.0,200.0,2.0,8.0,14.0,12.0,0.0,0.0,1.0,0.0,1.0,4.0,3.0,0.0,0.0,1.0,0.0,0.0,21.0,18.0,15.0,4.0,2.0,10.0,20.0,50.0,10.0,17.0,9.0,8.0,20.0,41,22.0,0.0,35.0,406.0,88.0,203.0,115.0,91.0,20.0,406.0,3.0,2.0,66.7,1.0,33.3,153.0,1062.0,505.0,15.0,6.0,6.0,17.0,14.0,194.0,22.0,2,0,0,9.0,9.0,2.0,9.0,20.0,18.0,0.0,0.0,0,43.0,2.0,2.0,50.0
2023-04-29,11:00,Liga F,Matchweek 27,Sat,Away,W,1,0,Levante,UDG Tenerife,0.5,1.6,55.0,,María Méndez,4-3-1-2,Elia María Martínez Martínez,8.0,1.0,12.5,0.13,1.0,16.2,1.0,0,0,0.5,0.5,0.07,0.5,0.5,4.0,4.0,100.0,1,0.6,0.6,0,0,0,0,2.0,4.0,50.0,20.0,9.0,20.0,27.3,10.0,0.0,22.2,13.0,0.0,0.0,1.0,20.0,256.0,385.0,66.5,5707.0,3048.0,75.0,99.0,75.8,124.0,159.0,78.0,53.0,105.0,50.5,1,0.4,0.4,5.0,27.0,4.0,1.0,25.0,385.0,307.0,69.0,21.0,0.0,2.0,12.0,34.0,3.0,1.0,1.0,0.0,256.0,9.0,8.0,16.0,3.0,5.0,1.0,1.0,5.0,1.0,2.0,1.0,1.0,0.0,0.0,0.0,0.0,15.0,10.0,6.0,8.0,1.0,13.0,19.0,68.4,6.0,12.0,7.0,5.0,7.0,22,16.0,0.0,55.0,465.0,68.0,182.0,175.0,115.0,12.0,465.0,18.0,12.0,66.7,5.0,27.8,270.0,1645.0,576.0,8.0,10.0,0.0,12.0,11.0,249.0,24.0,3,0,0,9.0,18.0,9.0,12.0,7.0,10.0,0.0,0.0,0,46.0,9.0,9.0,50.0,19.0,4.0,21.1,0.0,0.0,17.8,0.0,0,0,1.6,1.6,0.08,-1.6,-1.6,1.0,0.0,0.0,0,0.7,-0.3,0,0,0,0,15.0,30.0,50.0,27.0,4.0,74.1,46.2,16.0,68.8,47.4,11.0,0.0,0.0,2.0,18.3,197.0,320.0,61.6,4816.0,2796.0,51.0,77.0,66.2,88.0,116.0,75.9,55.0,115.0,47.8,0,1.2,0.7,12.0,19.0,10.0,4.0,21.0,320.0,260.0,56.0,18.0,1.0,3.0,15.0,17.0,3.0,1.0,1.0,0.0,197.0,4.0,7.0,29.0,20.0,2.0,2.0,4.0,1.0,0.0,0.0,0.0,0.0,0.0,0.0,0.0,0.0,17.0,12.0,10.0,6.0,1.0,6.0,19.0,31.6,13.0,9.0,1.0,8.0,11.0,28,8.0,0.0,45.0,425.0,60.0,168.0,160.0,103.0,21.0,425.0,19.0,6.0,31.6,13.0,68.4,171.0,1049.0,477.0,8.0,6.0,1.0,15.0,2.0,195.0,21.0,4,1,1,20.0,7.0,4.0,15.0,11.0,12.0,0.0,0.0,0,49.0,9.0,9.0,50.0
2023-05-07,18:00,Liga F,Matchweek 28,Sun,Home,D,1,1,Levante,Valencia,2.8,0.7,68.0,,María Méndez,4-1-2-1-2◆,María Gloria Planes Terol,27.0,9.0,33.3,0.04,0.11,14.8,0.0,0,0,2.8,2.8,0.1,-1.8,-1.8,2.0,1.0,50.0,0,1.0,0.0,0,0,0,0,0.0,0.0,,7.0,4.0,0.0,18.6,5.0,0.0,19.4,6.0,0.0,0.0,1.0,31.0,442.0,541.0,81.7,7353.0,2885.0,226.0,250.0,90.4,165.0,189.0,87.3,40.0,67.0,59.7,1,2.7,2.3,24.0,41.0,17.0,5.0,70.0,541.0,497.0,43.0,2.0,0.0,3.0,36.0,24.0,10.0,8.0,2.0,0.0,442.0,1.0,10.0,46.0,31.0,4.0,5.0,5.0,0.0,1.0,2.0,2.0,0.0,0.0,0.0,0.0,0.0,21.0,16.0,5.0,8.0,8.0,11.0,19.0,57.9,8.0,11.0,2.0,9.0,9.0,30,11.0,0.0,68.0,667.0,27.0,101.0,322.0,251.0,51.0,667.0,22.0,13.0,59.1,9.0,40.9,370.0,2366.0,1472.0,33.0,33.0,13.0,25.0,9.0,436.0,67.0,2,0,0,15.0,2.0,1.0,36.0,9.0,16.0,0.0,0.0,0,71.0,16.0,11.0,59.3,6.0,2.0,33.3,0.17,0.5,18.8,0.0,0,0,0.7,0.7,0.11,0.3,0.3,9.0,8.0,88.9,0,1.7,0.7,0,0,0,0,15.0,25.0,60.0,20.0,4.0,65.0,44.1,20.0,60.0,40.7,27.0,1.0,3.7,0.0,4.5,156.0,260.0,60.0,3201.0,1932.0,68.0,89.0,76.4,53.0,83.0,63.9,32.0,74.0,43.2,1,0.7,0.2,5.0,8.0,3.0,1.0,10.0,260.0,195.0,65.0,17.0,0.0,0.0,9.0,23.0,3.0,3.0,0.0,0.0,156.0,0.0,11.0,10.0,4.0,2.0,4.0,0.0,0.0,0.0,2.0,1.0,0.0,1.0,0.0,0.0,0.0,17.0,6.0,13.0,3.0,1.0,9.0,22.0,40.9,13.0,13.0,6.0,7.0,11.0,28,23.0,0.0,32.0,376.0,82.0,175.0,141.0,65.0,6.0,376.0,19.0,8.0,42.1,11.0,57.9,154.0,979.0,456.0,13.0,7.0,1.0,19.0,10.0,155.0,10.0,2,0,0,2.0,14.0,0.0,9.0,11.0,6.0,0.0,0.0,0,51.0,11.0,16.0,40.7
2023-05-14,12:00,Liga F,Matchweek 29,Sun,Away,L,2,3,Levante,Real Madrid,2.5,2.8,52.0,,María Alharilla Casado,4-1-2-1-2◆,Arantza Gallastegui Pérez,11.0,4.0,36.4,0.18,0.5,10.4,0.0,0,0,2.5,2.5,0.23,-0.5,-0.5,4.0,1.0,25.0,0,3.0,0.0,0,0,0,0,0.0,3.0,0.0,28.0,7.0,10.7,19.6,7.0,0.0,15.6,6.0,0.0,0.0,1.0,20.0,412.0,532.0,77.4,6350.0,2616.0,219.0,250.0,87.6,147.0,171.0,86.0,27.0,68.0,39.7,0,0.5,0.6,7.0,26.0,2.0,1.0,26.0,532.0,475.0,52.0,11.0,3.0,2.0,19.0,24.0,6.0,0.0,3.0,1.0,412.0,5.0,12.0,18.0,10.0,3.0,1.0,2.0,1.0,1.0,2.0,0.0,0.0,1.0,0.0,0.0,1.0,27.0,13.0,14.0,9.0,4.0,9.0,30.0,30.0,21.0,19.0,2.0,17.0,11.0,38,8.0,1.0,52.0,629.0,75.0,266.0,250.0,116.0,22.0,629.0,13.0,8.0,61.5,5.0,38.5,369.0,1569.0,705.0,12.0,2.0,5.0,13.0,13.0,411.0,25.0,0,0,0,8.0,7.0,5.0,19.0,11.0,13.0,0.0,0.0,0,63.0,12.0,7.0,63.2,11.0,4.0,36.4,0.27,0.75,10.1,0.0,0,0,2.8,2.8,0.27,0.2,0.2,4.0,2.0,50.0,0,2.1,0.1,0,0,0,0,7.0,10.0,70.0,22.0,7.0,22.7,30.8,9.0,55.6,31.7,17.0,1.0,5.9,0.0,7.0,383.0,484.0,79.1,7377.0,2865.0,154.0,186.0,82.8,162.0,192.0,84.4,59.0,85.0,69.4,2,2.1,0.9,9.0,22.0,10.0,0.0,43.0,484.0,423.0,57.0,13.0,0.0,8.0,8.0,30.0,2.0,2.0,0.0,0.0,383.0,4.0,17.0,19.0,12.0,2.0,3.0,2.0,0.0,0.0,5.0,4.0,0.0,0.0,1.0,0.0,0.0,18.0,11.0,4.0,11.0,3.0,5.0,13.0,38.5,8.0,16.0,4.0,12.0,11.0,29,11.0,1.0,48.0,598.0,57.0,208.0,273.0,125.0,26.0,598.0,33.0,21.0,63.6,9.0,27.3,268.0,1572.0,635.0,11.0,11.0,7.0,20.0,18.0,379.0,42.0,1,0,0,7.0,8.0,4.0,8.0,11.0,11.0,0.0,0.0,0,57.0,7.0,12.0,36.8
2023-05-21,16:00,Liga F,Matchweek 30,Sun,Home,W,4,0,Levante,Real Betis,2.5,0.5,67.0,,María Méndez,3-4-3,Elisabeth Calvo Valentín,13.0,6.0,46.2,0.31,0.67,18.5,0.0,0,1,2.5,1.7,0.14,1.5,2.3,3.0,3.0,100.0,1,0.6,0.6,0,0,0,0,2.0,3.0,66.7,21.0,4.0,9.5,22.2,6.0,16.7,26.7,13.0,1.0,7.7,0.0,10.0,541.0,650.0,83.2,10135.0,3618.0,208.0,240.0,86.7,283.0,320.0,88.4,48.0,75.0,64.0,3,1.0,0.3,10.0,48.0,8.0,2.0,57.0,650.0,600.0,50.0,8.0,0.0,2.0,12.0,32.0,3.0,2.0,0.0,0.0,541.0,0.0,13.0,23.0,16.0,4.0,1.0,1.0,1.0,0.0,7.0,4.0,2.0,0.0,1.0,0.0,0.0,24.0,14.0,10.0,10.0,4.0,7.0,11.0,63.6,4.0,17.0,3.0,14.0,15.0,39,10.0,0.0,67.0,759.0,53.0,238.0,352.0,173.0,16.0,758.0,11.0,7.0,63.6,4.0,36.4,557.0,2139.0,1199.0,14.0,9.0,3.0,17.0,20.0,536.0,57.0,0,0,0,10.0,8.0,0.0,12.0,15.0,14.0,0.0,0.0,0,73.0,5.0,3.0,62.5,7.0,3.0,42.9,0.0,0.0,17.8,0.0,0,0,0.5,0.5,0.08,-0.5,-0.5,7.0,2.0,42.9,0,3.5,-0.5,1,0,1,0,6.0,18.0,33.3,23.0,1.0,56.5,45.0,12.0,41.7,35.7,7.0,0.0,0.0,0.0,6.0,209.0,325.0,64.3,3927.0,1996.0,75.0,96.0,78.1,92.0,121.0,76.0,29.0,69.0,42.0,0,0.3,0.4,5.0,13.0,3.0,1.0,17.0,325.0,270.0,55.0,10.0,1.0,1.0,14.0,26.0,2.0,2.0,0.0,0.0,209.0,0.0,15.0,12.0,6.0,3.0,0.0,2.0,1.0,0.0,0.0,0.0,0.0,0.0,0.0,0.0,0.0,24.0,16.0,11.0,11.0,2.0,4.0,11.0,36.4,7.0,13.0,1.0,12.0,17.0,41,12.0,0.0,33.0,436.0,62.0,190.0,159.0,93.0,11.0,436.0,11.0,4.0,36.4,7.0,63.6,138.0,1017.0,429.0,10.0,7.0,3.0,15.0,17.0,204.0,16.0,0,0,0,9.0,8.0,0.0,14.0,17.0,16.0,0.0,1.0,0,68.0,3.0,5.0,37.5
2022-09-17,18:00,Liga F,Matchweek 2,Sat,Away,W,3,1,Atlético Madrid,Sevilla,1.4,1.1,53.0,,Dolores Gallardo,4-3-3,Zulema González González,14.0,4.0,28.6,0.14,0.5,19.0,1.0,0,0,1.4,1.4,0.1,0.6,0.6,5.0,4.0,80.0,0,0.7,-0.3,0,0,0,0,5.0,10.0,50.0,23.0,5.0,17.4,29.0,13.0,46.2,38.3,19.0,2.0,10.5,0.0,6.3,326.0,426.0,76.5,6485.0,2929.0,120.0,145.0,82.8,157.0,185.0,84.9,48.0,76.0,63.2,2,1.2,0.6,10.0,25.0,3.0,0.0,25.0,426.0,370.0,50.0,9.0,2.0,0.0,12.0,21.0,5.0,1.0,4.0,0.0,326.0,6.0,8.0,20.0,16.0,1.0,2.0,0.0,1.0,0.0,4.0,4.0,0.0,0.0,0.0,0.0,0.0,13.0,6.0,6.0,7.0,0.0,5.0,7.0,71.4,2.0,10.0,1.0,9.0,20.0,33,26.0,0.0,53.0,536.0,66.0,232.0,205.0,104.0,14.0,536.0,12.0,10.0,83.3,2.0,16.7,344.0,1878.0,789.0,8.0,17.0,7.0,19.0,16.0,322.0,25.0,1,0,0,7.0,9.0,6.0,12.0,20.0,6.0,0.0,0.0,0,52.0,8.0,7.0,53.3,12.0,5.0,41.7,0.08,0.2,16.5,0.0,0,0,1.1,1.1,0.09,-0.1,-0.1,4.0,2.0,25.0,0,1.4,-0.6,0,0,0,0,2.0,7.0,28.6,13.0,1.0,30.8,31.2,12.0,25.0,25.0,12.0,1.0,8.3,4.0,28.6,276.0,384.0,71.9,4696.0,2130.0,110.0,136.0,80.9,121.0,144.0,84.0,25.0,63.0,39.7,1,0.5,0.9,6.0,27.0,8.0,3.0,45.0,384.0,326.0,57.0,13.0,2.0,1.0,26.0,25.0,3.0,3.0,0.0,0.0,276.0,1.0,13.0,17.0,14.0,2.0,0.0,0.0,1.0,0.0,2.0,2.0,0.0,0.0,0.0,0.0,0.0,18.0,12.0,11.0,5.0,2.0,2.0,12.0,16.7,10.0,9.0,1.0,8.0,12.0,30,16.0,0.0,47.0,486.0,49.0,159.0,175.0,158.0,20.0,486.0,7.0,2.0,28.6,5.0,71.4,228.0,1363.0,683.0,14.0,12.0,2.0,17.0,8.0,276.0,45.0,2,1,0,10.0,7.0,1.0,26.0,12.0,12.0,0.0,0.0,1,50.0,7.0,8.0,46.7
2022-09-25,12:00,Liga F,Matchweek 3,Sun,Home,W,1,0,Atlético Madrid,Alavés,2.3,0.0,67.0,,Dolores Gallardo,4-1-2-1-2◆,María Dolores Martínez Madrona,23.0,6.0,26.1,0.04,0.17,18.2,0.0,0,0,2.3,2.3,0.1,-1.3,-1.3,0.0,0.0,,1,0.0,0.0,0,0,0,0,4.0,7.0,57.1,17.0,5.0,29.4,30.2,5.0,40.0,33.6,6.0,0.0,0.0,1.0,15.0,455.0,583.0,78.0,8938.0,3356.0,171.0,203.0,84.2,218.0,255.0,85.5,63.0,109.0,57.8,0,1.8,1.6,16.0,70.0,16.0,7.0,75.0,583.0,516.0,64.0,11.0,0.0,5.0,49.0,31.0,16.0,7.0,3.0,1.0,455.0,3.0,8.0,38.0,26.0,4.0,3.0,4.0,1.0,0.0,2.0,2.0,0.0,0.0,0.0,0.0,0.0,11.0,7.0,2.0,6.0,3.0,1.0,5.0,20.0,4.0,6.0,0.0,6.0,13.0,24,5.0,0.0,67.0,688.0,31.0,114.0,317.0,265.0,37.0,688.0,17.0,12.0,70.6,5.0,29.4,441.0,2381.0,1149.0,27.0,18.0,8.0,22.0,7.0,452.0,74.0,0,0,0,8.0,11.0,3.0,49.0,13.0,7.0,0.0,0.0,0,58.0,5.0,6.0,45.5,1.0,0.0,0.0,0.0,,22.4,0.0,0,0,0.0,0.0,0.01,0.0,0.0,6.0,5.0,83.3,0,1.5,0.5,0,0,0,0,5.0,25.0,20.0,29.0,4.0,58.6,40.3,18.0,44.4,32.3,41.0,3.0,7.3,1.0,8.8,160.0,286.0,55.9,2890.0,1426.0,77.0,105.0,73.3,58.0,100.0,58.0,21.0,63.0,33.3,0,0.0,0.1,1.0,6.0,0.0,0.0,7.0,286.0,226.0,60.0,11.0,0.0,0.0,8.0,27.0,2.0,1.0,1.0,0.0,160.0,0.0,8.0,2.0,1.0,1.0,0.0,0.0,0.0,0.0,0.0,0.0,0.0,0.0,0.0,0.0,0.0,12.0,7.0,6.0,5.0,1.0,5.0,17.0,29.4,12.0,11.0,5.0,6.0,15.0,27,33.0,1.0,33.0,391.0,108.0,241.0,112.0,44.0,1.0,391.0,5.0,4.0,80.0,1.0,20.0,196.0,1129.0,569.0,5.0,7.0,0.0,17.0,10.0,155.0,7.0,2,0,0,11.0,8.0,0.0,8.0,15.0,7.0,0.0,0.0,0,38.0,6.0,5.0,54.5
2022-10-02,12:00,Liga F,Matchweek 4,Sun,Away,L,1,2,Atlético Madrid,Levante,1.3,0.9,47.0,,Dolores Gallardo,4-3-3,María Eugenia Gil Soriano,6.0,4.0,66.7,0.17,0.25,8.7,0.0,0,0,1.3,1.3,0.22,-0.3,-0.3,7.0,6.0,71.4,0,1.8,0.8,0,0,0,0,9.0,17.0,52.9,33.0,5.0,42.4,38.5,13.0,23.1,20.9,20.0,0.0,0.0,0.0,8.7,310.0,435.0,71.3,6372.0,3253.0,118.0,154.0,76.6,126.0,167.0,75.4,62.0,101.0,61.4,1,1.3,1.9,6.0,31.0,9.0,3.0,36.0,435.0,367.0,65.0,14.0,0.0,8.0,10.0,34.0,1.0,1.0,0.0,0.0,310.0,3.0,3.0,11.0,10.0,0.0,1.0,0.0,0.0,0.0,2.0,2.0,0.0,0.0,0.0,0.0,0.0,31.0,27.0,17.0,10.0,4.0,3.0,8.0,37.5,5.0,7.0,3.0,4.0,28.0,59,6.0,0.0,47.0,566.0,73.0,194.0,239.0,135.0,23.0,566.0,17.0,4.0,23.5,13.0,76.5,293.0,1381.0,705.0,16.0,7.0,7.0,27.0,17.0,309.0,36.0,2,0,0,17.0,11.0,3.0,10.0,28.0,27.0,0.0,0.0,1,54.0,6.0,7.0,46.2,17.0,7.0,41.2,0.06,0.14,20.7,1.0,0,0,0.9,0.9,0.06,0.1,0.1,4.0,3.0,75.0,0,2.0,1.0,0,0,0,0,5.0,8.0,62.5,14.0,6.0,21.4,27.3,9.0,55.6,39.9,9.0,0.0,0.0,0.0,2.0,352.0,487.0,72.3,6597.0,2875.0,139.0,167.0,83.2,155.0,199.0,77.9,46.0,96.0,47.9,0,0.6,1.1,10.0,34.0,6.0,2.0,36.0,487.0,410.0,74.0,19.0,0.0,2.0,22.0,41.0,3.0,3.0,0.0,0.0,352.0,3.0,4.0,26.0,17.0,5.0,0.0,3.0,1.0,0.0,1.0,0.0,0.0,0.0,1.0,0.0,0.0,30.0,22.0,12.0,15.0,3.0,13.0,17.0,76.5,4.0,3.0,0.0,3.0,28.0,58,4.0,0.0,53.0,600.0,44.0,181.0,277.0,142.0,19.0,600.0,8.0,5.0,62.5,3.0,37.5,200.0,1040.0,486.0,11.0,5.0,2.0,21.0,28.0,350.0,36.0,1,0,0,11.0,16.0,3.0,22.0,28.0,22.0,0.0,0.0,0,50.0,7.0,6.0,53.8
2022-10-15,16:00,Liga F,Matchweek 5,Sat,Home,W,5,0,Atlético Madrid,Sporting Huelva,3.8,0.1,68.0,,Dolores Gallardo,3-5-2,Beatriz Arregui Gamir,14.0,7.0,50.0,0.29,0.57,13.9,0.0,1,1,3.8,3.0,0.22,1.2,1.0,0.0,0.0,,1,0.0,0.0,0,0,0,0,0.0,2.0,0.0,25.0,4.0,8.0,22.6,4.0,0.0,21.5,10.0,1.0,10.0,0.0,13.8,524.0,614.0,85.3,10509.0,3659.0,165.0,190.0,86.8,275.0,309.0,89.0,78.0,92.0,84.8,3,2.3,1.1,10.0,45.0,12.0,1.0,53.0,614.0,573.0,38.0,4.0,3.0,9.0,17.0,24.0,5.0,3.0,1.0,1.0,524.0,3.0,5.0,26.0,22.0,1.0,2.0,0.0,1.0,0.0,9.0,8.0,0.0,0.0,0.0,1.0,0.0,10.0,5.0,3.0,7.0,0.0,2.0,3.0,66.7,1.0,5.0,0.0,5.0,7.0,17,10.0,1.0,68.0,700.0,45.0,230.0,347.0,127.0,34.0,699.0,13.0,9.0,69.2,4.0,30.8,393.0,2068.0,1065.0,25.0,9.0,11.0,15.0,12.0,517.0,53.0,1,0,0,7.0,5.0,3.0,17.0,7.0,5.0,1.0,0.0,0,61.0,6.0,5.0,54.5,2.0,0.0,0.0,0.0,,26.3,0.0,0,0,0.1,0.1,0.05,-0.1,-0.1,8.0,3.0,50.0,0,3.8,-1.2,1,1,0,0,7.0,19.0,36.8,22.0,2.0,68.2,47.6,7.0,57.1,39.9,12.0,0.0,0.0,2.0,30.3,185.0,286.0,64.7,3571.0,1599.0,77.0,101.0,76.2,78.0,107.0,72.9,27.0,74.0,36.5,0,0.0,0.2,1.0,19.0,3.0,1.0,21.0,286.0,243.0,43.0,10.0,0.0,1.0,13.0,19.0,1.0,1.0,0.0,0.0,185.0,0.0,6.0,3.0,1.0,1.0,1.0,0.0,0.0,0.0,0.0,0.0,0.0,0.0,0.0,0.0,0.0,16.0,7.0,9.0,7.0,0.0,4.0,13.0,30.8,9.0,5.0,1.0,4.0,14.0,30,19.0,0.0,32.0,371.0,51.0,145.0,155.0,76.0,5.0,371.0,3.0,1.0,33.3,2.0,66.7,175.0,1303.0,592.0,12.0,10.0,1.0,15.0,8.0,180.0,21.0,0,0,0,5.0,6.0,0.0,13.0,14.0,7.0,0.0,1.0,0,44.0,5.0,6.0,45.5
2022-10-22,12:00,Liga F,Matchweek 6,Sat,Home,D,1,1,Atlético Madrid,Madrid CFF,1.9,0.3,61.0,,Dolores Gallardo,4-4-2,Ylenia Sánchez Miguel,17.0,5.0,29.4,0.06,0.2,18.5,3.0,0,1,1.9,1.1,0.07,-0.9,-0.1,3.0,2.0,66.7,0,0.6,-0.4,0,0,0,0,0.0,0.0,,23.0,7.0,0.0,22.0,4.0,0.0,21.5,9.0,1.0,11.1,1.0,13.6,464.0,558.0,83.2,7765.0,2850.0,224.0,247.0,90.7,173.0,197.0,87.8,52.0,77.0,67.5,1,0.9,0.7,11.0,32.0,6.0,3.0,47.0,558.0,494.0,62.0,13.0,0.0,4.0,30.0,32.0,11.0,6.0,1.0,4.0,464.0,2.0,12.0,32.0,20.0,4.0,0.0,4.0,4.0,0.0,2.0,2.0,0.0,0.0,0.0,0.0,0.0,12.0,3.0,3.0,7.0,2.0,4.0,5.0,80.0,1.0,9.0,0.0,9.0,11.0,23,9.0,0.0,61.0,674.0,36.0,200.0,288.0,193.0,16.0,673.0,16.0,6.0,37.5,10.0,62.5,375.0,1863.0,968.0,19.0,14.0,2.0,18.0,28.0,459.0,47.0,2,0,0,8.0,16.0,2.0,30.0,11.0,3.0,1.0,0.0,0,63.0,5.0,2.0,71.4,6.0,3.0,50.0,0.17,0.33,24.9,0.0,0,0,0.3,0.3,0.04,0.7,0.7,6.0,4.0,83.3,0,2.5,1.5,1,0,1,0,0.0,2.0,0.0,8.0,4.0,12.5,23.3,16.0,37.5,33.7,25.0,2.0,8.0,1.0,7.1,253.0,357.0,70.9,4487.0,1830.0,120.0,143.0,83.9,105.0,139.0,75.5,25.0,61.0,41.0,1,0.2,0.2,5.0,22.0,1.0,0.0,28.0,357.0,306.0,51.0,10.0,0.0,4.0,12.0,21.0,2.0,2.0,0.0,0.0,253.0,0.0,7.0,9.0,8.0,0.0,0.0,0.0,0.0,1.0,2.0,2.0,0.0,0.0,0.0,0.0,0.0,38.0,18.0,22.0,11.0,5.0,10.0,15.0,66.7,5.0,10.0,2.0,8.0,11.0,49,22.0,0.0,39.0,480.0,58.0,197.0,197.0,91.0,5.0,480.0,5.0,1.0,20.0,4.0,80.0,255.0,1100.0,627.0,10.0,11.0,3.0,14.0,7.0,250.0,28.0,4,0,0,17.0,8.0,0.0,12.0,11.0,18.0,0.0,1.0,0,59.0,2.0,5.0,28.6
2022-10-29,11:45,Liga F,Matchweek 7,Sat,Away,W,4,1,Atlético Madrid,Athletic Club,1.9,0.9,48.0,,Dolores Gallardo,4-4-2,Marta Frías Acedo,16.0,8.0,50.0,0.25,0.5,22.0,0.0,0,0,1.9,1.9,0.12,2.1,2.1,3.0,2.0,66.7,0,0.3,-0.7,0,0,0,0,5.0,10.0,50.0,20.0,11.0,25.0,28.8,13.0,38.5,30.3,23.0,3.0,13.0,2.0,8.9,328.0,439.0,74.7,5871.0,2560.0,151.0,181.0,83.4,127.0,166.0,76.5,42.0,70.0,60.0,1,0.7,0.4,12.0,39.0,7.0,1.0,38.0,439.0,391.0,45.0,9.0,0.0,3.0,15.0,19.0,2.0,1.0,1.0,0.0,328.0,3.0,5.0,23.0,17.0,0.0,2.0,3.0,0.0,1.0,6.0,4.0,0.0,1.0,1.0,0.0,0.0,12.0,6.0,5.0,6.0,1.0,5.0,12.0,41.7,7.0,11.0,2.0,9.0,17.0,29,27.0,1.0,48.0,568.0,56.0,170.0,236.0,167.0,26.0,568.0,19.0,11.0,57.9,8.0,42.1,261.0,1667.0,816.0,23.0,16.0,7.0,24.0,9.0,322.0,36.0,0,0,0,7.0,9.0,3.0,15.0,17.0,6.0,0.0,0.0,0,71.0,7.0,5.0,58.3,13.0,3.0,23.1,0.08,0.33,24.0,0.0,0,0,0.9,0.9,0.07,0.1,0.1,8.0,4.0,50.0,0,3.4,-0.6,0,0,0,0,1.0,11.0,9.1,20.0,6.0,40.0,33.7,13.0,23.1,24.3,13.0,1.0,7.7,0.0,10.0,340.0,468.0,72.6,6856.0,2381.0,115.0,146.0,78.8,173.0,209.0,82.8,48.0,93.0,51.6,0,0.8,1.1,10.0,32.0,6.0,4.0,44.0,468.0,406.0,62.0,9.0,2.0,3.0,31.0,30.0,5.0,2.0,1.0,1.0,340.0,0.0,12.0,21.0,20.0,1.0,0.0,0.0,0.0,0.0,2.0,2.0,0.0,0.0,0.0,0.0,0.0,17.0,11.0,13.0,2.0,2.0,8.0,19.0,42.1,11.0,7.0,2.0,5.0,16.0,33,17.0,0.0,52.0,586.0,65.0,203.0,244.0,144.0,14.0,586.0,12.0,7.0,58.3,5.0,41.7,342.0,1584.0,831.0,16.0,13.0,2.0,25.0,7.0,339.0,44.0,0,0,0,9.0,7.0,0.0,31.0,16.0,11.0,0.0,0.0,0,70.0,5.0,7.0,41.7
2022-11-01,16:00,Liga F,Matchweek 1,Tue,Home,D,1,1,Atlético Madrid,Real Sociedad,1.5,1.4,50.0,,Dolores Gallardo,4-4-2,Ylenia Sánchez Miguel,13.0,4.0,30.8,0.08,0.25,13.4,0.0,0,0,1.5,1.5,0.13,-0.5,-0.5,5.0,4.0,100.0,0,1.3,0.3,1,1,0,0,6.0,14.0,42.9,29.0,4.0,37.9,35.7,8.0,37.5,31.6,9.0,1.0,11.1,2.0,13.4,324.0,449.0,72.2,6266.0,2885.0,110.0,135.0,81.5,138.0,175.0,78.9,55.0,94.0,58.5,1,1.5,1.7,12.0,25.0,13.0,5.0,43.0,449.0,382.0,63.0,15.0,0.0,3.0,27.0,33.0,5.0,1.0,4.0,0.0,324.0,4.0,13.0,26.0,20.0,2.0,2.0,2.0,0.0,0.0,2.0,2.0,0.0,0.0,0.0,0.0,0.0,16.0,9.0,5.0,10.0,1.0,3.0,9.0,33.3,6.0,16.0,4.0,12.0,10.0,26,14.0,1.0,50.0,563.0,53.0,183.0,235.0,150.0,20.0,563.0,11.0,5.0,45.5,6.0,54.5,214.0,1636.0,723.0,23.0,13.0,4.0,18.0,14.0,320.0,41.0,3,0,0,15.0,13.0,4.0,27.0,10.0,9.0,0.0,1.0,0,65.0,9.0,8.0,52.9,12.0,4.0,33.3,0.0,0.0,22.8,0.0,1,1,1.4,0.6,0.05,-0.4,-0.6,4.0,3.0,75.0,0,1.7,0.7,0,0,0,0,4.0,15.0,26.7,30.0,4.0,43.3,34.7,6.0,33.3,35.3,25.0,0.0,0.0,0.0,18.0,338.0,448.0,75.4,6077.0,2474.0,120.0,146.0,82.2,164.0,197.0,83.2,33.0,67.0,49.3,0,0.4,0.4,9.0,25.0,2.0,1.0,36.0,448.0,389.0,59.0,18.0,0.0,4.0,13.0,29.0,4.0,2.0,2.0,0.0,338.0,0.0,13.0,22.0,16.0,2.0,2.0,1.0,0.0,1.0,1.0,1.0,0.0,0.0,0.0,0.0,0.0,20.0,11.0,9.0,10.0,1.0,6.0,11.0,54.5,5.0,17.0,5.0,12.0,11.0,31,25.0,0.0,50.0,581.0,81.0,201.0,263.0,121.0,15.0,580.0,9.0,6.0,66.7,3.0,33.3,240.0,1518.0,835.0,16.0,13.0,3.0,24.0,13.0,336.0,36.0,2,0,0,15.0,13.0,0.0,13.0,11.0,11.0,0.0,0.0,0,65.0,8.0,9.0,47.1
2022-11-05,16:00,Liga F,Matchweek 8,Sat,Home,W,1,0,Atlético Madrid,Alhama,1.6,0.3,69.0,,Dolores Gallardo,4-4-2,Beatriz Cuesta Arribas,17.0,6.0,35.3,0.06,0.17,15.1,2.0,0,0,1.6,1.6,0.09,-0.6,-0.6,2.0,2.0,100.0,1,0.2,0.2,0,0,0,0,3.0,6.0,50.0,33.0,13.0,9.1,23.8,7.0,42.9,40.1,10.0,0.0,0.0,5.0,24.0,478.0,601.0,79.5,9241.0,3691.0,164.0,204.0,80.4,243.0,282.0,86.2,66.0,103.0,64.1,1,1.4,2.1,13.0,41.0,10.0,2.0,69.0,601.0,530.0,69.0,13.0,0.0,3.0,27.0,39.0,9.0,5.0,3.0,0.0,478.0,2.0,4.0,28.0,18.0,2.0,2.0,3.0,3.0,0.0,2.0,2.0,0.0,0.0,0.0,0.0,0.0,7.0,6.0,2.0,5.0,0.0,1.0,5.0,20.0,4.0,3.0,0.0,3.0,4.0,11,8.0,0.0,69.0,721.0,47.0,178.0,352.0,197.0,31.0,721.0,34.0,13.0,38.2,21.0,61.8,368.0,2559.0,1487.0,36.0,22.0,7.0,33.0,6.0,471.0,68.0,3,0,0,13.0,14.0,2.0,27.0,4.0,6.0,0.0,0.0,0,61.0,20.0,12.0,62.5,6.0,2.0,33.3,0.0,0.0,22.6,0.0,0,0,0.3,0.3,0.05,-0.3,-0.3,6.0,5.0,83.3,0,1.3,0.3,0,0,0,0,3.0,22.0,13.6,15.0,1.0,80.0,45.5,14.0,71.4,43.9,19.0,1.0,5.3,0.0,5.5,124.0,265.0,46.8,2693.0,1432.0,50.0,77.0,64.9,49.0,88.0,55.7,25.0,86.0,29.1,0,0.3,0.2,4.0,8.0,5.0,1.0,11.0,265.0,208.0,56.0,15.0,0.0,2.0,15.0,25.0,0.0,0.0,0.0,0.0,124.0,1.0,4.0,8.0,6.0,0.0,1.0,0.0,1.0,0.0,0.0,0.0,0.0,0.0,0.0,0.0,0.0,27.0,18.0,17.0,10.0,0.0,21.0,34.0,61.8,13.0,9.0,5.0,4.0,16.0,43,24.0,0.0,31.0,388.0,67.0,189.0,150.0,53.0,5.0,388.0,5.0,4.0,80.0,1.0,20.0,129.0,602.0,237.0,4.0,4.0,1.0,17.0,6.0,121.0,10.0,2,0,0,14.0,13.0,1.0,15.0,16.0,18.0,0.0,0.0,0,61.0,12.0,20.0,37.5
2022-11-20,14:00,Liga F,Matchweek 9,Sun,Away,W,2,1,Atlético Madrid,Levante Planas,1.9,0.6,71.0,,Dolores Gallardo,4-2-3-1,María Dolores Martínez Madrona,11.0,6.0,54.5,0.18,0.33,12.6,1.0,0,0,1.9,1.9,0.17,0.1,0.1,3.0,2.0,66.7,0,0.5,-0.5,0,0,0,0,3.0,8.0,37.5,29.0,4.0,27.6,30.8,5.0,0.0,19.0,10.0,2.0,20.0,3.0,14.0,480.0,613.0,78.3,8987.0,3294.0,190.0,218.0,87.2,215.0,246.0,87.4,61.0,109.0,56.0,2,1.8,0.6,10.0,35.0,10.0,3.0,51.0,613.0,553.0,55.0,13.0,0.0,2.0,21.0,24.0,11.0,6.0,1.0,2.0,480.0,5.0,10.0,20.0,15.0,2.0,2.0,0.0,1.0,0.0,2.0,1.0,0.0,1.0,0.0,0.0,0.0,20.0,13.0,5.0,11.0,4.0,2.0,7.0,28.6,5.0,10.0,3.0,7.0,14.0,34,11.0,0.0,71.0,737.0,55.0,229.0,353.0,166.0,23.0,737.0,33.0,18.0,54.5,15.0,45.5,446.0,2223.0,981.0,12.0,11.0,4.0,22.0,18.0,479.0,51.0,2,0,0,12.0,12.0,5.0,21.0,14.0,13.0,0.0,0.0,0,76.0,12.0,17.0,41.4,12.0,3.0,25.0,0.08,0.33,18.6,0.0,0,0,0.6,0.6,0.05,0.4,0.4,6.0,4.0,66.7,0,1.4,-0.6,0,0,0,0,11.0,22.0,50.0,18.0,2.0,77.8,49.4,11.0,72.7,44.7,21.0,1.0,4.8,2.0,16.3,125.0,250.0,50.0,2760.0,1630.0,31.0,59.0,52.5,63.0,96.0,65.6,25.0,74.0,33.8,0,0.5,0.5,8.0,10.0,4.0,2.0,21.0,250.0,189.0,60.0,16.0,0.0,2.0,12.0,28.0,2.0,1.0,1.0,0.0,125.0,1.0,8.0,19.0,8.0,5.0,1.0,2.0,2.0,1.0,1.0,0.0,0.0,0.0,1.0,0.0,0.0,33.0,20.0,18.0,12.0,3.0,15.0,33.0,45.5,18.0,11.0,1.0,10.0,10.0,43,38.0,0.0,29.0,395.0,75.0,175.0,147.0,79.0,12.0,395.0,7.0,5.0,71.4,2.0,28.6,121.0,742.0,256.0,5.0,6.0,1.0,22.0,18.0,125.0,21.0,3,0,0,13.0,11.0,1.0,12.0,10.0,20.0,0.0,0.0,0,66.0,17.0,12.0,58.6
2022-11-27,16:30,Liga F,Matchweek 10,Sun,Home,L,1,6,Atlético Madrid,Barcelona,1.0,3.9,30.0,,Dolores Gallardo,3-4-3,Zulema González González,5.0,0.0,0.0,0.0,,24.2,0.0,1,1,1.0,0.2,0.04,0.0,-0.2,11.0,4.0,45.5,0,4.0,-2.0,1,0,1,0,4.0,11.0,36.4,18.0,1.0,22.2,31.6,11.0,63.6,44.7,15.0,2.0,13.3,1.0,7.7,214.0,294.0,72.8,4074.0,1604.0,84.0,101.0,83.2,91.0,115.0,79.1,33.0,56.0,58.9,0,0.1,0.1,3.0,15.0,2.0,0.0,20.0,294.0,253.0,40.0,10.0,1.0,3.0,4.0,12.0,0.0,0.0,0.0,0.0,214.0,1.0,9.0,5.0,3.0,0.0,1.0,0.0,1.0,0.0,1.0,0.0,0.0,0.0,0.0,1.0,0.0,15.0,6.0,3.0,8.0,4.0,5.0,9.0,55.6,4.0,11.0,4.0,7.0,18.0,33,20.0,1.0,30.0,406.0,53.0,156.0,198.0,59.0,7.0,405.0,15.0,6.0,40.0,9.0,60.0,194.0,1090.0,508.0,8.0,6.0,3.0,15.0,10.0,211.0,20.0,1,0,0,12.0,9.0,1.0,4.0,18.0,6.0,1.0,1.0,0,49.0,5.0,6.0,45.5,19.0,10.0,52.6,0.32,0.6,16.3,1.0,0,1,3.9,3.2,0.18,2.1,2.8,1.0,0.0,100.0,0,1.0,0.0,1,1,0,0,5.0,14.0,35.7,31.0,3.0,38.7,31.3,8.0,25.0,19.6,4.0,0.0,0.0,0.0,,588.0,680.0,86.5,9543.0,3321.0,297.0,324.0,91.7,241.0,267.0,90.3,36.0,60.0,60.0,3,2.3,1.5,14.0,42.0,9.0,3.0,40.0,680.0,623.0,55.0,11.0,1.0,0.0,22.0,31.0,3.0,0.0,2.0,0.0,588.0,2.0,10.0,34.0,23.0,4.0,2.0,4.0,1.0,0.0,10.0,5.0,1.0,1.0,2.0,1.0,0.0,19.0,11.0,5.0,13.0,1.0,9.0,15.0,60.0,6.0,9.0,0.0,9.0,8.0,27,6.0,0.0,70.0,775.0,61.0,221.0,409.0,149.0,30.0,774.0,9.0,4.0,44.4,5.0,55.6,467.0,2109.0,911.0,19.0,14.0,7.0,22.0,10.0,585.0,40.0,3,0,0,9.0,10.0,2.0,22.0,8.0,11.0,0.0,1.0,0,54.0,6.0,5.0,54.5
2022-12-04,12:00,Liga F,Matchweek 11,Sun,Away,W,1,0,Atlético Madrid,Valencia,1.7,0.4,58.0,,Dolores Gallardo,4-2-3-1,Marta Huerta de Aza,24.0,8.0,33.3,0.04,0.13,18.6,1.0,0,0,1.7,1.7,0.07,-0.7,-0.7,2.0,2.0,100.0,1,0.1,0.1,0,0,0,0,5.0,7.0,71.4,31.0,7.0,19.4,27.5,7.0,14.3,26.9,7.0,2.0,28.6,1.0,15.0,358.0,472.0,75.8,6627.0,2694.0,158.0,191.0,82.7,157.0,187.0,84.0,41.0,75.0,54.7,1,1.1,0.7,15.0,33.0,9.0,4.0,40.0,472.0,417.0,54.0,11.0,0.0,0.0,26.0,28.0,7.0,2.0,1.0,2.0,358.0,1.0,11.0,41.0,31.0,3.0,2.0,2.0,1.0,2.0,2.0,2.0,0.0,0.0,0.0,0.0,0.0,26.0,13.0,13.0,9.0,4.0,11.0,14.0,78.6,3.0,15.0,3.0,12.0,10.0,36,11.0,0.0,58.0,602.0,52.0,225.0,218.0,167.0,39.0,602.0,18.0,11.0,61.1,7.0,38.9,362.0,2263.0,1155.0,29.0,10.0,16.0,16.0,12.0,353.0,40.0,1,0,0,12.0,12.0,1.0,26.0,10.0,13.0,0.0,0.0,0,59.0,8.0,11.0,42.1,10.0,2.0,20.0,0.0,0.0,23.7,1.0,0,0,0.4,0.4,0.04,-0.4,-0.4,8.0,7.0,87.5,0,1.3,0.3,0,0,0,0,4.0,9.0,44.4,34.0,4.0,23.5,28.4,6.0,16.7,16.8,21.0,6.0,28.6,0.0,7.1,239.0,348.0,68.7,4028.0,2060.0,108.0,128.0,84.4,93.0,122.0,76.2,24.0,56.0,42.9,0,0.3,0.4,8.0,20.0,6.0,1.0,26.0,348.0,291.0,57.0,11.0,0.0,1.0,12.0,35.0,3.0,0.0,3.0,0.0,239.0,0.0,12.0,15.0,12.0,2.0,0.0,0.0,1.0,0.0,0.0,0.0,0.0,0.0,0.0,0.0,0.0,19.0,12.0,9.0,8.0,2.0,7.0,18.0,38.9,11.0,22.0,11.0,11.0,12.0,31,19.0,0.0,42.0,491.0,91.0,209.0,173.0,117.0,12.0,491.0,14.0,3.0,21.4,11.0,78.6,255.0,1067.0,524.0,9.0,14.0,3.0,27.0,15.0,234.0,25.0,3,0,0,12.0,11.0,0.0,12.0,12.0,12.0,0.0,0.0,0,60.0,11.0,8.0,57.9
2022-12-11,20:00,Liga F,Matchweek 12,Sun,Away,L,0,1,Atlético Madrid,Real Madrid,0.4,1.7,48.0,,Dolores Gallardo,4-1-4-1,Arantza Gallastegui Pérez,8.0,1.0,12.5,0.0,0.0,21.8,1.0,0,0,0.4,0.4,0.04,-0.4,-0.4,5.0,4.0,80.0,0,0.7,-0.3,0,0,0,0,6.0,10.0,60.0,41.0,12.0,14.6,25.7,11.0,36.4,32.8,16.0,2.0,12.5,0.0,12.5,355.0,453.0,78.4,6325.0,2913.0,152.0,170.0,89.4,158.0,188.0,84.0,35.0,61.0,57.4,0,0.2,0.4,5.0,22.0,7.0,2.0,32.0,453.0,391.0,55.0,10.0,0.0,0.0,12.0,28.0,4.0,1.0,3.0,0.0,355.0,7.0,11.0,12.0,10.0,1.0,0.0,0.0,1.0,0.0,0.0,0.0,0.0,0.0,0.0,0.0,0.0,19.0,6.0,12.0,5.0,2.0,5.0,9.0,55.6,4.0,16.0,8.0,8.0,13.0,32,26.0,0.0,48.0,590.0,83.0,254.0,245.0,98.0,15.0,590.0,22.0,3.0,13.6,19.0,86.4,302.0,1647.0,783.0,15.0,13.0,3.0,24.0,9.0,353.0,32.0,1,0,0,6.0,7.0,7.0,12.0,13.0,6.0,0.0,0.0,0,53.0,7.0,6.0,53.8,17.0,5.0,29.4,0.06,0.2,14.6,0.0,0,0,1.7,1.7,0.11,-0.7,-0.7,1.0,1.0,100.0,1,0.0,0.0,0,0,0,0,2.0,3.0,66.7,13.0,4.0,23.1,25.5,9.0,0.0,14.1,11.0,2.0,18.2,0.0,10.5,377.0,499.0,75.6,7033.0,2535.0,137.0,162.0,84.6,189.0,228.0,82.9,39.0,73.0,53.4,1,0.8,1.0,10.0,28.0,4.0,2.0,41.0,499.0,440.0,56.0,13.0,0.0,2.0,25.0,24.0,9.0,6.0,1.0,1.0,377.0,3.0,14.0,25.0,12.0,4.0,2.0,4.0,1.0,2.0,2.0,0.0,1.0,0.0,1.0,0.0,0.0,28.0,22.0,11.0,11.0,6.0,19.0,22.0,86.4,3.0,13.0,2.0,11.0,11.0,39,9.0,0.0,52.0,607.0,62.0,180.0,287.0,147.0,28.0,607.0,9.0,4.0,44.4,5.0,55.6,305.0,1877.0,1048.0,18.0,12.0,6.0,25.0,14.0,376.0,41.0,1,0,0,8.0,6.0,3.0,25.0,11.0,22.0,0.0,0.0,0,67.0,6.0,7.0,46.2
2022-12-17,12:30,Liga F,Matchweek 13,Sat,Home,W,2,1,Atlético Madrid,Real Betis,2.8,0.5,66.0,,Dolores Gallardo,4-3-3,Elia María Martínez Martínez,15.0,5.0,33.3,0.13,0.4,16.0,0.0,0,0,2.8,2.8,0.19,-0.8,-0.8,2.0,1.0,50.0,0,0.9,-0.1,0,0,0,0,0.0,1.0,0.0,27.0,6.0,0.0,20.9,6.0,16.7,30.8,9.0,0.0,0.0,1.0,13.8,527.0,645.0,81.7,9065.0,3183.0,227.0,254.0,89.4,257.0,293.0,87.7,38.0,68.0,55.9,2,2.6,2.7,13.0,33.0,8.0,4.0,44.0,645.0,581.0,55.0,6.0,2.0,2.0,24.0,32.0,9.0,1.0,6.0,0.0,527.0,9.0,13.0,27.0,21.0,2.0,1.0,1.0,1.0,1.0,4.0,3.0,0.0,1.0,0.0,0.0,0.0,25.0,13.0,8.0,13.0,4.0,8.0,16.0,50.0,8.0,8.0,1.0,7.0,8.0,33,8.0,0.0,66.0,752.0,40.0,202.0,404.0,152.0,26.0,752.0,24.0,13.0,54.2,11.0,45.8,431.0,2453.0,1205.0,27.0,8.0,10.0,19.0,19.0,522.0,44.0,0,0,0,2.0,5.0,9.0,24.0,8.0,13.0,0.0,0.0,0,67.0,10.0,9.0,52.6,6.0,2.0,33.3,0.17,0.5,21.2,0.0,0,0,0.5,0.5,0.08,0.5,0.5,5.0,3.0,60.0,0,2.1,0.1,0,0,0,0,5.0,19.0,26.3,40.0,4.0,37.5,35.1,11.0,36.4,23.7,18.0,1.0,5.6,1.0,16.0,230.0,332.0,69.3,4284.0,2012.0,98.0,123.0,79.7,95.0,121.0,78.5,29.0,66.0,43.9,1,0.5,0.4,6.0,21.0,1.0,1.0,23.0,332.0,283.0,48.0,11.0,0.0,0.0,15.0,18.0,5.0,3.0,0.0,1.0,230.0,1.0,10.0,10.0,6.0,2.0,2.0,0.0,0.0,0.0,2.0,1.0,0.0,1.0,0.0,0.0,0.0,30.0,22.0,13.0,12.0,5.0,11.0,24.0,45.8,13.0,12.0,2.0,10.0,12.0,42,26.0,0.0,34.0,464.0,74.0,188.0,185.0,95.0,8.0,464.0,16.0,8.0,50.0,8.0,50.0,238.0,1403.0,662.0,12.0,9.0,3.0,24.0,17.0,226.0,22.0,3,0,0,5.0,2.0,1.0,15.0,12.0,22.0,0.0,0.0,0,54.0,9.0,10.0,47.4
2023-01-08,11:00,Liga F,Matchweek 14,Sun,Away,D,1,1,Atlético Madrid,UDG Tenerife,0.7,0.8,63.0,,Dolores Gallardo,4-4-2,Patricia Luna Varo,10.0,4.0,40.0,0.1,0.25,18.4,0.0,0,0,0.7,0.7,0.08,0.3,0.3,3.0,2.0,66.7,0,1.3,0.3,0,0,0,0,4.0,10.0,40.0,39.0,11.0,15.4,24.4,11.0,36.4,34.1,19.0,4.0,21.1,0.0,6.0,383.0,500.0,76.6,7314.0,2999.0,148.0,173.0,85.5,196.0,229.0,85.6,39.0,84.0,46.4,0,0.2,0.3,6.0,18.0,4.0,2.0,27.0,500.0,433.0,63.0,16.0,1.0,1.0,13.0,28.0,6.0,3.0,3.0,0.0,383.0,4.0,10.0,15.0,11.0,2.0,0.0,1.0,1.0,0.0,0.0,0.0,0.0,0.0,0.0,0.0,0.0,24.0,14.0,12.0,10.0,2.0,10.0,14.0,71.4,4.0,9.0,4.0,5.0,5.0,29,28.0,0.0,63.0,623.0,95.0,306.0,219.0,101.0,13.0,623.0,14.0,3.0,21.4,11.0,78.6,313.0,1792.0,834.0,12.0,8.0,1.0,22.0,13.0,382.0,27.0,3,0,0,15.0,15.0,4.0,13.0,5.0,14.0,0.0,0.0,0,47.0,9.0,10.0,47.4,15.0,3.0,20.0,0.07,0.33,22.7,2.0,0,0,0.8,0.8,0.05,0.2,0.2,4.0,3.0,75.0,0,1.3,0.3,0,0,0,0,9.0,19.0,47.4,14.0,1.0,85.7,52.8,7.0,100.0,56.1,12.0,1.0,8.3,0.0,6.3,178.0,300.0,59.3,3857.0,2143.0,67.0,92.0,72.8,78.0,118.0,66.1,33.0,81.0,40.7,1,0.6,0.7,10.0,21.0,9.0,2.0,34.0,300.0,233.0,66.0,17.0,3.0,0.0,26.0,38.0,2.0,0.0,0.0,1.0,178.0,1.0,10.0,23.0,17.0,2.0,1.0,1.0,2.0,0.0,2.0,2.0,0.0,0.0,0.0,0.0,0.0,24.0,12.0,9.0,13.0,2.0,11.0,14.0,78.6,3.0,12.0,2.0,10.0,16.0,40,21.0,0.0,38.0,406.0,44.0,118.0,153.0,139.0,21.0,406.0,14.0,4.0,28.6,10.0,71.4,134.0,767.0,386.0,12.0,6.0,5.0,7.0,14.0,176.0,34.0,2,0,0,15.0,14.0,1.0,26.0,16.0,12.0,0.0,0.0,0,47.0,10.0,9.0,52.6
2023-01-14,16:00,Liga F,Matchweek 15,Sat,Home,D,2,2,Atlético Madrid,Villarreal,1.4,1.1,56.0,,Dolores Gallardo,4-3-3,Olatz Rivera Olmedo,12.0,5.0,41.7,0.17,0.4,18.0,2.0,0,0,1.4,1.4,0.12,0.6,0.6,3.0,1.0,66.7,0,2.1,0.1,1,1,0,0,8.0,13.0,61.5,30.0,7.0,33.3,36.9,4.0,75.0,37.5,16.0,2.0,12.5,0.0,9.3,350.0,455.0,76.9,6969.0,2651.0,131.0,155.0,84.5,151.0,189.0,79.9,59.0,84.0,70.2,1,1.2,1.0,8.0,16.0,6.0,2.0,32.0,455.0,403.0,51.0,16.0,0.0,1.0,10.0,27.0,1.0,0.0,0.0,1.0,350.0,1.0,4.0,20.0,14.0,1.0,2.0,1.0,2.0,0.0,4.0,4.0,0.0,0.0,0.0,0.0,0.0,6.0,3.0,3.0,2.0,1.0,1.0,3.0,33.3,2.0,4.0,0.0,4.0,9.0,15,13.0,0.0,56.0,571.0,52.0,203.0,288.0,89.0,15.0,570.0,32.0,8.0,25.0,24.0,75.0,271.0,1612.0,868.0,16.0,12.0,5.0,28.0,4.0,348.0,32.0,1,0,0,9.0,17.0,1.0,10.0,9.0,3.0,0.0,1.0,0,64.0,13.0,4.0,76.5,5.0,2.0,40.0,0.2,0.5,22.1,0.0,1,1,1.1,0.3,0.06,0.9,0.7,5.0,3.0,60.0,0,1.1,-0.9,0,0,0,0,1.0,13.0,7.7,33.0,4.0,30.3,32.8,8.0,37.5,30.4,8.0,0.0,0.0,4.0,21.0,211.0,358.0,58.9,3715.0,1751.0,96.0,127.0,75.6,86.0,129.0,66.7,24.0,76.0,31.6,0,0.2,0.2,3.0,12.0,1.0,1.0,18.0,358.0,300.0,57.0,8.0,0.0,0.0,23.0,34.0,4.0,3.0,0.0,0.0,211.0,1.0,6.0,9.0,5.0,1.0,0.0,1.0,2.0,0.0,2.0,0.0,0.0,0.0,1.0,1.0,0.0,28.0,19.0,12.0,12.0,4.0,24.0,32.0,75.0,8.0,5.0,1.0,4.0,12.0,40,5.0,1.0,44.0,434.0,49.0,153.0,199.0,85.0,9.0,433.0,3.0,2.0,66.7,1.0,33.3,171.0,754.0,403.0,7.0,5.0,0.0,21.0,5.0,210.0,18.0,4,1,1,17.0,9.0,1.0,23.0,12.0,19.0,1.0,0.0,0,56.0,4.0,13.0,23.5
2023-01-25,20:00,Liga F,Matchweek 16,Wed,Away,D,2,2,Atlético Madrid,Madrid CFF,1.1,1.1,53.0,,Dolores Gallardo,4-5-1,Ainara Andrea Acevedo Dudley,12.0,4.0,33.3,0.17,0.5,18.5,1.0,0,0,1.1,1.1,0.09,0.9,0.9,5.0,3.0,60.0,0,2.2,0.2,0,0,0,0,4.0,6.0,66.7,18.0,8.0,16.7,26.3,10.0,30.0,27.4,16.0,0.0,0.0,0.0,,485.0,587.0,82.6,9403.0,2996.0,169.0,193.0,87.6,249.0,283.0,88.0,59.0,86.0,68.6,0,0.7,0.7,6.0,38.0,5.0,1.0,49.0,587.0,538.0,47.0,12.0,0.0,8.0,10.0,21.0,1.0,0.0,0.0,0.0,485.0,2.0,13.0,18.0,14.0,1.0,0.0,2.0,1.0,0.0,3.0,1.0,1.0,0.0,1.0,0.0,0.0,14.0,11.0,6.0,5.0,3.0,6.0,12.0,50.0,6.0,12.0,3.0,9.0,11.0,25,20.0,0.0,53.0,697.0,68.0,212.0,336.0,155.0,21.0,697.0,23.0,12.0,52.2,11.0,47.8,332.0,2009.0,1113.0,17.0,10.0,4.0,24.0,5.0,480.0,47.0,1,0,0,7.0,11.0,2.0,10.0,11.0,11.0,0.0,0.0,0,63.0,6.0,1.0,85.7,16.0,5.0,31.3,0.13,0.4,22.8,0.0,0,0,1.1,1.1,0.07,0.9,0.9,4.0,2.0,50.0,0,1.9,-0.1,0,0,0,0,0.0,0.0,,12.0,4.0,0.0,21.9,6.0,0.0,16.3,7.0,0.0,0.0,2.0,16.7,428.0,522.0,82.0,7724.0,3032.0,185.0,209.0,88.5,193.0,224.0,86.2,47.0,74.0,63.5,2,1.0,1.5,12.0,38.0,12.0,4.0,47.0,522.0,475.0,46.0,9.0,1.0,6.0,20.0,27.0,1.0,1.0,0.0,0.0,428.0,1.0,10.0,21.0,17.0,1.0,1.0,0.0,0.0,2.0,4.0,4.0,0.0,0.0,0.0,0.0,0.0,16.0,12.0,10.0,5.0,1.0,11.0,22.0,50.0,11.0,15.0,2.0,13.0,13.0,29,20.0,0.0,47.0,640.0,54.0,209.0,271.0,164.0,27.0,640.0,12.0,6.0,50.0,6.0,50.0,325.0,1346.0,729.0,18.0,14.0,3.0,24.0,8.0,424.0,45.0,2,0,0,12.0,5.0,1.0,20.0,13.0,12.0,0.0,0.0,0,64.0,1.0,6.0,14.3
2023-01-29,12:00,Liga F,Matchweek 17,Sun,Home,D,1,1,Atlético Madrid,Sevilla,0.5,0.1,61.0,,Dolores Gallardo,4-3-3,Raquel Suárez González,14.0,3.0,21.4,0.07,0.33,22.9,1.0,0,0,0.5,0.5,0.04,0.5,0.5,2.0,1.0,50.0,0,0.8,-0.2,0,0,0,0,3.0,3.0,100.0,25.0,7.0,4.0,21.3,5.0,40.0,39.6,10.0,1.0,10.0,3.0,19.6,428.0,533.0,80.3,7855.0,2821.0,175.0,210.0,83.3,198.0,232.0,85.3,50.0,74.0,67.6,1,0.3,0.4,10.0,51.0,5.0,1.0,44.0,533.0,488.0,43.0,9.0,1.0,1.0,22.0,22.0,5.0,3.0,2.0,0.0,428.0,2.0,7.0,26.0,17.0,3.0,2.0,2.0,2.0,0.0,2.0,1.0,0.0,1.0,0.0,0.0,0.0,29.0,21.0,14.0,8.0,7.0,6.0,9.0,66.7,3.0,6.0,0.0,6.0,7.0,36,22.0,1.0,61.0,662.0,46.0,192.0,288.0,187.0,11.0,662.0,14.0,5.0,35.7,9.0,64.3,362.0,1896.0,1010.0,21.0,15.0,1.0,24.0,10.0,425.0,44.0,3,0,0,12.0,10.0,2.0,22.0,7.0,21.0,0.0,0.0,0,57.0,6.0,4.0,60.0,3.0,2.0,66.7,0.33,0.5,27.9,0.0,0,0,0.1,0.1,0.03,0.9,0.9,3.0,2.0,66.7,0,0.8,-0.2,0,0,0,0,3.0,14.0,21.4,20.0,3.0,30.0,31.4,10.0,80.0,41.7,17.0,4.0,23.5,1.0,7.7,244.0,347.0,70.3,4225.0,1888.0,109.0,128.0,85.2,114.0,143.0,79.7,17.0,57.0,29.8,0,0.0,0.1,1.0,18.0,2.0,0.0,26.0,347.0,284.0,63.0,14.0,1.0,1.0,16.0,34.0,3.0,1.0,0.0,2.0,244.0,0.0,10.0,5.0,5.0,0.0,0.0,0.0,0.0,0.0,2.0,2.0,0.0,0.0,0.0,0.0,0.0,18.0,14.0,12.0,6.0,0.0,9.0,15.0,60.0,6.0,9.0,3.0,6.0,12.0,30,31.0,0.0,39.0,465.0,64.0,214.0,161.0,95.0,4.0,464.0,9.0,3.0,33.3,6.0,66.7,232.0,1706.0,696.0,11.0,12.0,1.0,21.0,23.0,241.0,26.0,4,0,0,10.0,11.0,0.0,16.0,12.0,14.0,0.0,0.0,0,48.0,4.0,7.0,36.4
2023-02-05,12:00,Liga F,Matchweek 18,Sun,Away,W,3,1,Atlético Madrid,Sporting Huelva,2.2,0.2,71.0,,Dolores Gallardo,4-3-3,María Gloria Planes Terol,15.0,9.0,60.0,0.2,0.33,12.8,0.0,0,0,2.2,2.2,0.15,0.8,0.8,2.0,1.0,50.0,0,0.1,-0.9,0,0,0,0,8.0,11.0,72.7,37.0,6.0,21.6,27.6,5.0,60.0,35.2,7.0,1.0,14.3,0.0,8.0,579.0,697.0,83.1,11847.0,3926.0,178.0,214.0,83.2,315.0,351.0,89.7,81.0,117.0,69.2,2,1.9,2.4,13.0,48.0,12.0,3.0,73.0,697.0,640.0,56.0,14.0,2.0,1.0,28.0,30.0,6.0,1.0,0.0,5.0,579.0,1.0,16.0,28.0,18.0,4.0,3.0,3.0,0.0,0.0,5.0,2.0,1.0,1.0,1.0,0.0,0.0,15.0,12.0,2.0,12.0,1.0,2.0,4.0,50.0,2.0,10.0,1.0,9.0,15.0,30,8.0,0.0,71.0,804.0,42.0,254.0,368.0,189.0,32.0,804.0,33.0,13.0,39.4,20.0,60.6,349.0,1971.0,1124.0,21.0,10.0,4.0,17.0,10.0,575.0,72.0,1,0,0,2.0,13.0,1.0,28.0,15.0,12.0,0.0,0.0,0,77.0,3.0,7.0,30.0,4.0,2.0,50.0,0.25,0.5,23.2,1.0,0,0,0.2,0.2,0.04,0.8,0.8,9.0,6.0,66.7,0,4.3,1.3,0,0,0,0,5.0,21.0,23.8,23.0,3.0,60.9,41.8,7.0,100.0,47.7,22.0,2.0,9.1,0.0,7.7,148.0,278.0,53.2,2675.0,1549.0,65.0,97.0,67.0,52.0,89.0,58.4,23.0,65.0,35.4,1,0.1,0.1,3.0,13.0,2.0,0.0,27.0,278.0,237.0,41.0,2.0,0.0,3.0,10.0,25.0,3.0,3.0,0.0,0.0,148.0,0.0,12.0,8.0,3.0,2.0,1.0,0.0,1.0,1.0,2.0,1.0,0.0,1.0,0.0,0.0,0.0,30.0,15.0,13.0,11.0,6.0,20.0,33.0,60.6,13.0,17.0,2.0,15.0,6.0,36,25.0,0.0,29.0,374.0,61.0,173.0,142.0,63.0,2.0,374.0,4.0,2.0,50.0,2.0,50.0,154.0,796.0,333.0,2.0,5.0,0.0,9.0,13.0,148.0,27.0,3,0,0,14.0,2.0,0.0,10.0,6.0,15.0,0.0,0.0,0,59.0,7.0,3.0,70.0
2023-02-12,12:00,Liga F,Matchweek 19,Sun,Home,W,1,0,Atlético Madrid,Athletic Club,1.9,0.3,60.0,,Dolores Gallardo,4-1-3-2,Amy Peñalver Pearce,24.0,8.0,33.3,0.04,0.13,16.5,0.0,0,0,1.9,1.9,0.08,-0.9,-0.9,2.0,2.0,100.0,1,0.4,0.4,0,0,0,0,1.0,1.0,100.0,11.0,2.0,0.0,24.7,4.0,25.0,38.0,7.0,1.0,14.3,0.0,9.0,443.0,560.0,79.1,7823.0,3180.0,190.0,218.0,87.2,201.0,238.0,84.5,40.0,74.0,54.1,1,1.2,1.2,16.0,49.0,14.0,3.0,84.0,560.0,503.0,53.0,8.0,1.0,3.0,35.0,33.0,7.0,2.0,4.0,0.0,443.0,4.0,8.0,41.0,32.0,5.0,2.0,1.0,1.0,0.0,2.0,2.0,0.0,0.0,0.0,0.0,0.0,10.0,8.0,3.0,6.0,1.0,3.0,6.0,50.0,3.0,7.0,1.0,6.0,8.0,18,7.0,0.0,60.0,652.0,23.0,128.0,319.0,217.0,45.0,652.0,25.0,17.0,68.0,8.0,32.0,394.0,2671.0,1357.0,34.0,29.0,9.0,11.0,14.0,438.0,84.0,0,0,0,6.0,8.0,4.0,35.0,8.0,8.0,0.0,0.0,0,69.0,5.0,8.0,38.5,7.0,2.0,28.6,0.0,0.0,21.9,0.0,0,0,0.3,0.3,0.05,-0.3,-0.3,8.0,7.0,87.5,0,1.3,0.3,0,0,0,0,5.0,20.0,25.0,31.0,6.0,35.5,36.6,21.0,42.9,34.5,30.0,0.0,0.0,0.0,5.8,262.0,377.0,69.5,5767.0,2358.0,79.0,102.0,77.5,132.0,165.0,80.0,50.0,101.0,49.5,0,0.3,0.2,6.0,16.0,2.0,1.0,14.0,377.0,322.0,55.0,10.0,0.0,4.0,11.0,20.0,2.0,2.0,0.0,0.0,262.0,0.0,8.0,11.0,8.0,1.0,0.0,0.0,1.0,1.0,0.0,0.0,0.0,0.0,0.0,0.0,0.0,22.0,11.0,11.0,10.0,1.0,8.0,25.0,32.0,17.0,12.0,6.0,6.0,16.0,38,30.0,0.0,40.0,487.0,106.0,250.0,183.0,56.0,6.0,487.0,6.0,3.0,50.0,3.0,50.0,163.0,1012.0,591.0,6.0,5.0,3.0,13.0,7.0,260.0,14.0,1,1,0,8.0,6.0,0.0,11.0,16.0,11.0,0.0,0.0,0,43.0,8.0,5.0,61.5
2023-03-04,12:00,Liga F,Matchweek 20,Sat,Away,W,2,1,Atlético Madrid,Real Sociedad,1.0,1.9,52.0,,Dolores Gallardo,4-2-3-1,Raquel Suárez González,16.0,7.0,43.8,0.13,0.29,18.9,2.0,0,0,1.0,1.0,0.06,1.0,1.0,4.0,3.0,75.0,0,1.5,0.5,0,0,0,0,4.0,8.0,50.0,40.0,6.0,17.5,26.4,4.0,25.0,33.3,11.0,0.0,0.0,0.0,12.0,379.0,485.0,78.1,6984.0,2810.0,153.0,176.0,86.9,179.0,210.0,85.2,39.0,69.0,56.5,2,0.7,1.1,10.0,36.0,5.0,2.0,44.0,485.0,444.0,39.0,8.0,0.0,1.0,16.0,18.0,7.0,0.0,0.0,7.0,379.0,2.0,17.0,24.0,13.0,2.0,6.0,0.0,2.0,1.0,4.0,2.0,0.0,2.0,0.0,0.0,0.0,16.0,12.0,9.0,7.0,0.0,3.0,10.0,30.0,7.0,21.0,5.0,16.0,15.0,31,17.0,0.0,52.0,619.0,67.0,234.0,231.0,165.0,24.0,619.0,39.0,27.0,69.2,12.0,30.8,328.0,2085.0,950.0,24.0,12.0,7.0,13.0,23.0,375.0,44.0,2,0,0,8.0,8.0,2.0,16.0,15.0,12.0,0.0,0.0,0,71.0,8.0,5.0,61.5,17.0,4.0,23.5,0.06,0.25,16.4,0.0,0,0,1.9,1.9,0.11,-0.9,-0.9,7.0,5.0,71.4,0,1.6,-0.4,0,0,0,0,0.0,5.0,0.0,27.0,10.0,11.1,21.7,9.0,22.2,24.3,13.0,0.0,0.0,0.0,3.0,332.0,455.0,73.0,6766.0,2870.0,100.0,140.0,71.4,178.0,205.0,86.8,52.0,98.0,53.1,1,1.7,1.0,11.0,32.0,8.0,3.0,43.0,455.0,396.0,58.0,10.0,1.0,2.0,13.0,32.0,4.0,3.0,1.0,0.0,332.0,1.0,18.0,29.0,18.0,3.0,2.0,2.0,2.0,2.0,2.0,1.0,0.0,0.0,0.0,0.0,1.0,35.0,31.0,15.0,17.0,3.0,12.0,40.0,30.0,28.0,19.0,3.0,16.0,21.0,56,12.0,0.0,48.0,584.0,82.0,245.0,232.0,112.0,20.0,584.0,11.0,8.0,72.7,3.0,27.3,316.0,1488.0,632.0,11.0,9.0,5.0,12.0,12.0,325.0,40.0,1,0,0,9.0,7.0,1.0,13.0,21.0,31.0,0.0,0.0,0,64.0,6.0,8.0,42.9
2023-03-12,18:00,Liga F,Matchweek 21,Sun,Home,D,0,0,Atlético Madrid,Real Madrid,0.5,1.0,38.0,,Dolores Gallardo,4-2-3-1,Ainara Andrea Acevedo Dudley,7.0,3.0,42.9,0.0,0.0,18.2,0.0,0,0,0.5,0.5,0.08,-0.5,-0.5,4.0,4.0,100.0,1,0.5,0.5,0,0,0,0,6.0,9.0,66.7,27.0,5.0,22.2,29.3,14.0,21.4,24.1,21.0,1.0,4.8,0.0,4.4,273.0,362.0,75.4,5397.0,2386.0,91.0,108.0,84.3,151.0,171.0,88.3,30.0,66.0,45.5,0,0.5,0.3,6.0,26.0,4.0,0.0,36.0,362.0,313.0,47.0,8.0,1.0,0.0,13.0,20.0,4.0,1.0,1.0,0.0,273.0,2.0,9.0,11.0,8.0,1.0,1.0,0.0,1.0,0.0,0.0,0.0,0.0,0.0,0.0,0.0,0.0,18.0,11.0,9.0,5.0,4.0,9.0,16.0,56.3,7.0,15.0,4.0,11.0,16.0,34,37.0,0.0,38.0,502.0,84.0,211.0,173.0,125.0,19.0,502.0,15.0,6.0,40.0,9.0,60.0,256.0,1685.0,827.0,22.0,8.0,4.0,14.0,11.0,270.0,34.0,1,0,0,16.0,5.0,2.0,13.0,16.0,11.0,0.0,0.0,0,50.0,8.0,6.0,57.1,18.0,4.0,22.2,0.0,0.0,22.9,0.0,0,0,1.0,1.0,0.06,-1.0,-1.0,3.0,3.0,100.0,1,1.2,1.2,0,0,0,0,2.0,5.0,40.0,17.0,3.0,17.6,27.9,7.0,28.6,33.1,10.0,1.0,10.0,1.0,14.4,464.0,587.0,79.0,9074.0,3120.0,169.0,200.0,84.5,230.0,262.0,87.8,64.0,102.0,62.7,0,1.0,1.6,15.0,42.0,9.0,1.0,54.0,587.0,527.0,59.0,18.0,0.0,1.0,27.0,24.0,9.0,4.0,1.0,0.0,464.0,1.0,14.0,33.0,29.0,0.0,1.0,2.0,1.0,0.0,0.0,0.0,0.0,0.0,0.0,0.0,0.0,20.0,9.0,14.0,4.0,2.0,9.0,15.0,60.0,6.0,12.0,2.0,10.0,5.0,25,9.0,0.0,62.0,679.0,51.0,214.0,284.0,188.0,23.0,679.0,16.0,7.0,43.8,9.0,56.3,320.0,1925.0,1157.0,19.0,9.0,5.0,11.0,9.0,460.0,54.0,1,0,0,7.0,15.0,1.0,27.0,5.0,9.0,0.0,0.0,0,69.0,6.0,8.0,42.9
2023-03-19,18:00,Liga F,Matchweek 22,Sun,Away,W,3,1,Atlético Madrid,Alhama,3.3,1.7,61.0,,Dolores Gallardo,4-3-3,Patricia Luna Varo,18.0,6.0,33.3,0.17,0.5,13.1,0.0,0,0,3.3,3.3,0.19,-0.3,-0.3,3.0,2.0,100.0,0,1.3,0.3,1,1,0,0,11.0,26.0,42.3,28.0,1.0,67.9,44.0,9.0,77.8,43.0,18.0,2.0,11.1,2.0,11.9,297.0,450.0,66.0,5645.0,2643.0,126.0,152.0,82.9,123.0,173.0,71.1,42.0,99.0,42.4,2,2.7,1.2,12.0,21.0,8.0,4.0,32.0,450.0,363.0,83.0,16.0,1.0,3.0,19.0,48.0,8.0,2.0,3.0,1.0,297.0,4.0,11.0,28.0,15.0,2.0,4.0,4.0,1.0,2.0,5.0,3.0,0.0,1.0,1.0,0.0,0.0,15.0,13.0,7.0,6.0,2.0,8.0,14.0,57.1,6.0,9.0,3.0,6.0,11.0,26,28.0,0.0,61.0,578.0,68.0,206.0,229.0,155.0,28.0,578.0,34.0,21.0,61.8,13.0,38.2,255.0,1483.0,648.0,9.0,7.0,3.0,19.0,16.0,295.0,31.0,1,0,0,10.0,13.0,4.0,19.0,11.0,13.0,0.0,1.0,0,63.0,23.0,14.0,62.2,14.0,2.0,14.3,0.0,0.0,19.5,0.0,1,1,1.7,1.0,0.07,-0.7,-1.0,6.0,3.0,50.0,0,2.5,-0.5,0,0,0,0,7.0,18.0,38.9,19.0,1.0,57.9,44.9,8.0,87.5,52.0,16.0,0.0,0.0,1.0,14.8,152.0,291.0,52.2,3464.0,1823.0,49.0,71.0,69.0,70.0,116.0,60.3,32.0,91.0,35.2,0,0.7,0.4,8.0,21.0,5.0,3.0,27.0,291.0,233.0,57.0,13.0,0.0,2.0,21.0,30.0,2.0,2.0,0.0,0.0,152.0,1.0,8.0,18.0,13.0,0.0,1.0,3.0,1.0,0.0,1.0,0.0,0.0,0.0,1.0,0.0,0.0,29.0,18.0,15.0,10.0,4.0,13.0,34.0,38.2,21.0,19.0,8.0,11.0,16.0,45,25.0,0.0,39.0,428.0,62.0,152.0,169.0,109.0,13.0,427.0,14.0,6.0,42.9,8.0,57.1,100.0,564.0,272.0,7.0,3.0,0.0,18.0,7.0,149.0,26.0,2,0,0,14.0,8.0,1.0,21.0,16.0,18.0,0.0,0.0,0,54.0,14.0,23.0,37.8
2023-03-26,12:00,Liga F,Matchweek 23,Sun,Away,W,2,1,Atlético Madrid,Alavés,0.5,0.3,56.0,,Dolores Gallardo,4-3-3,Elia María Martínez Martínez,7.0,4.0,57.1,0.14,0.25,20.5,2.0,0,0,0.5,0.5,0.07,0.5,0.5,2.0,1.0,50.0,0,0.8,-0.2,0,0,0,0,1.0,8.0,12.5,29.0,8.0,17.2,25.9,4.0,75.0,36.5,12.0,2.0,16.7,0.0,12.7,360.0,454.0,79.3,6363.0,2614.0,148.0,170.0,87.1,172.0,196.0,87.8,32.0,67.0,47.8,1,0.3,0.5,4.0,39.0,3.0,0.0,34.0,454.0,409.0,45.0,13.0,0.0,1.0,10.0,24.0,2.0,1.0,0.0,0.0,360.0,0.0,8.0,14.0,10.0,1.0,1.0,0.0,2.0,0.0,2.0,2.0,0.0,0.0,0.0,0.0,0.0,17.0,10.0,8.0,6.0,3.0,7.0,16.0,43.8,9.0,12.0,2.0,10.0,10.0,27,14.0,0.0,56.0,555.0,48.0,161.0,281.0,120.0,9.0,555.0,26.0,19.0,73.1,7.0,26.9,360.0,2018.0,1143.0,18.0,7.0,3.0,28.0,11.0,358.0,34.0,1,0,0,12.0,13.0,0.0,10.0,10.0,10.0,0.0,0.0,0,57.0,7.0,9.0,43.8,5.0,2.0,40.0,0.2,0.5,22.3,1.0,0,0,0.3,0.3,0.05,0.7,0.7,4.0,3.0,50.0,0,0.5,-0.5,0,0,0,0,1.0,5.0,20.0,30.0,4.0,13.3,25.3,11.0,9.1,24.2,8.0,0.0,0.0,2.0,20.0,245.0,360.0,68.1,4747.0,2021.0,88.0,109.0,80.7,110.0,144.0,76.4,38.0,78.0,48.7,1,0.2,0.2,3.0,15.0,3.0,1.0,27.0,360.0,309.0,49.0,11.0,0.0,3.0,15.0,22.0,2.0,1.0,1.0,0.0,245.0,2.0,10.0,8.0,5.0,1.0,0.0,1.0,0.0,1.0,2.0,2.0,0.0,0.0,0.0,0.0,0.0,18.0,11.0,6.0,10.0,2.0,7.0,26.0,26.9,19.0,7.0,0.0,7.0,10.0,28,14.0,0.0,44.0,448.0,51.0,190.0,183.0,79.0,15.0,448.0,16.0,9.0,56.3,7.0,43.8,226.0,1502.0,869.0,20.0,9.0,7.0,16.0,10.0,242.0,27.0,3,0,0,13.0,10.0,2.0,15.0,10.0,11.0,0.0,0.0,1,55.0,9.0,7.0,56.3
2023-04-01,18:15,Liga F,Matchweek 24,Sat,Home,W,6,2,Atlético Madrid,Valencia,3.5,1.3,50.0,,Dolores Gallardo,4-3-3,Amy Peñalver Pearce,12.0,8.0,66.7,0.42,0.63,17.7,0.0,1,1,3.5,2.7,0.23,2.5,2.3,5.0,3.0,60.0,0,0.8,-1.2,0,0,0,0,9.0,13.0,69.2,20.0,2.0,30.0,29.9,8.0,87.5,48.3,13.0,0.0,0.0,0.0,10.0,349.0,443.0,78.8,6648.0,2819.0,129.0,149.0,86.6,160.0,184.0,87.0,46.0,73.0,63.0,3,1.9,1.1,8.0,25.0,8.0,3.0,42.0,443.0,384.0,55.0,12.0,1.0,0.0,18.0,28.0,4.0,1.0,2.0,1.0,349.0,4.0,7.0,20.0,14.0,1.0,1.0,0.0,3.0,1.0,9.0,5.0,1.0,0.0,0.0,2.0,1.0,17.0,12.0,7.0,9.0,1.0,11.0,20.0,55.0,9.0,12.0,3.0,9.0,14.0,31,9.0,0.0,50.0,538.0,48.0,192.0,214.0,134.0,19.0,537.0,12.0,10.0,83.3,2.0,16.7,291.0,1761.0,986.0,20.0,16.0,6.0,15.0,16.0,346.0,41.0,0,0,0,7.0,13.0,4.0,18.0,14.0,12.0,1.0,0.0,0,58.0,3.0,2.0,60.0,13.0,5.0,38.5,0.15,0.4,17.8,0.0,0,0,1.3,1.3,0.1,0.7,0.7,9.0,3.0,44.4,0,4.7,-1.3,1,1,0,0,4.0,8.0,50.0,29.0,7.0,27.6,31.0,7.0,0.0,17.1,16.0,2.0,12.5,1.0,10.7,350.0,438.0,79.9,6353.0,2515.0,132.0,160.0,82.5,187.0,211.0,88.6,25.0,50.0,50.0,1,0.7,0.7,8.0,26.0,6.0,3.0,41.0,438.0,379.0,59.0,11.0,1.0,0.0,14.0,32.0,2.0,2.0,0.0,0.0,350.0,0.0,10.0,22.0,17.0,0.0,2.0,3.0,0.0,0.0,3.0,2.0,0.0,0.0,1.0,0.0,0.0,18.0,11.0,8.0,6.0,4.0,2.0,12.0,16.7,10.0,7.0,1.0,6.0,8.0,26,14.0,1.0,50.0,549.0,65.0,187.0,233.0,131.0,14.0,549.0,20.0,9.0,45.0,11.0,55.0,223.0,1332.0,697.0,14.0,11.0,1.0,28.0,6.0,347.0,40.0,1,0,0,13.0,6.0,0.0,14.0,8.0,11.0,0.0,1.0,0,48.0,2.0,3.0,40.0
2023-04-15,12:00,Liga F,Matchweek 25,Sat,Away,L,0,4,Atlético Madrid,Barcelona,0.2,2.6,40.0,,Dolores Gallardo,5-3-2,Arantza Gallastegui Pérez,5.0,2.0,40.0,0.0,0.0,19.6,0.0,0,0,0.2,0.2,0.05,-0.2,-0.2,12.0,8.0,66.7,0,2.9,-1.1,0,0,0,0,7.0,15.0,46.7,39.0,11.0,28.2,30.4,8.0,50.0,35.3,21.0,0.0,0.0,0.0,7.0,307.0,387.0,79.3,6069.0,2266.0,111.0,130.0,85.4,154.0,171.0,90.1,37.0,71.0,52.1,0,0.2,0.2,3.0,12.0,2.0,1.0,15.0,387.0,350.0,35.0,8.0,3.0,3.0,9.0,12.0,3.0,1.0,0.0,1.0,307.0,2.0,6.0,8.0,6.0,1.0,0.0,0.0,1.0,0.0,0.0,0.0,0.0,0.0,0.0,0.0,0.0,11.0,8.0,4.0,4.0,3.0,5.0,15.0,33.3,10.0,9.0,7.0,2.0,14.0,25,23.0,1.0,40.0,491.0,109.0,252.0,176.0,66.0,11.0,491.0,14.0,7.0,50.0,7.0,50.0,187.0,1357.0,713.0,15.0,9.0,5.0,12.0,10.0,304.0,15.0,3,0,0,8.0,5.0,2.0,9.0,14.0,8.0,0.0,0.0,0,38.0,1.0,2.0,33.3,27.0,12.0,44.4,0.15,0.33,17.3,1.0,0,0,2.6,2.6,0.1,1.4,1.4,2.0,2.0,100.0,1,0.2,0.2,0,0,0,0,3.0,8.0,37.5,29.0,4.0,27.6,30.4,4.0,0.0,10.8,7.0,2.0,28.6,1.0,11.0,491.0,589.0,83.4,8454.0,3361.0,227.0,265.0,85.7,207.0,225.0,92.0,48.0,76.0,63.2,2,1.1,2.0,19.0,55.0,18.0,2.0,58.0,589.0,539.0,47.0,10.0,0.0,1.0,27.0,19.0,13.0,0.0,0.0,11.0,491.0,3.0,7.0,44.0,32.0,5.0,1.0,5.0,1.0,0.0,5.0,4.0,0.0,1.0,0.0,0.0,0.0,17.0,12.0,3.0,10.0,4.0,7.0,14.0,50.0,7.0,8.0,2.0,6.0,11.0,28,9.0,0.0,60.0,683.0,58.0,180.0,269.0,238.0,51.0,683.0,15.0,10.0,66.7,5.0,33.3,382.0,1854.0,908.0,24.0,12.0,11.0,12.0,5.0,483.0,56.0,0,0,0,5.0,7.0,3.0,27.0,11.0,12.0,0.0,0.0,0,42.0,2.0,1.0,66.7
2023-04-23,12:00,Liga F,Matchweek 26,Sun,Home,W,2,1,Atlético Madrid,Levante,0.7,1.6,35.0,,Dolores Gallardo,4-2-3-1,Olatz Rivera Olmedo,8.0,3.0,37.5,0.25,0.67,19.5,0.0,0,0,0.7,0.7,0.09,1.3,1.3,7.0,6.0,85.7,0,1.7,0.7,0,0,0,0,13.0,22.0,59.1,36.0,7.0,44.4,40.7,12.0,50.0,40.4,31.0,1.0,3.2,0.0,4.6,200.0,289.0,69.2,4370.0,2361.0,70.0,88.0,79.5,82.0,106.0,77.4,44.0,80.0,55.0,2,0.7,0.7,7.0,19.0,4.0,1.0,22.0,289.0,244.0,43.0,11.0,0.0,2.0,9.0,17.0,1.0,1.0,0.0,0.0,200.0,2.0,8.0,14.0,12.0,0.0,0.0,1.0,0.0,1.0,4.0,3.0,0.0,0.0,1.0,0.0,0.0,21.0,18.0,15.0,4.0,2.0,10.0,20.0,50.0,10.0,17.0,9.0,8.0,20.0,41,22.0,0.0,35.0,406.0,88.0,203.0,115.0,91.0,20.0,406.0,3.0,2.0,66.7,1.0,33.3,153.0,1062.0,505.0,15.0,6.0,6.0,17.0,14.0,194.0,22.0,2,0,0,9.0,9.0,2.0,9.0,20.0,18.0,0.0,0.0,0,43.0,2.0,2.0,50.0,18.0,7.0,38.9,0.06,0.14,21.9,0.0,0,0,1.6,1.6,0.11,-0.6,-0.6,3.0,1.0,33.3,0,1.8,-0.2,0,0,0,0,0.0,0.0,,17.0,2.0,0.0,19.9,10.0,10.0,18.1,7.0,0.0,0.0,1.0,15.0,442.0,545.0,81.1,8284.0,3573.0,165.0,187.0,88.2,232.0,265.0,87.5,43.0,77.0,55.8,0,1.1,0.5,13.0,53.0,8.0,2.0,62.0,545.0,479.0,65.0,11.0,0.0,1.0,39.0,32.0,9.0,5.0,2.0,0.0,442.0,1.0,9.0,29.0,23.0,1.0,3.0,1.0,1.0,0.0,1.0,0.0,0.0,0.0,1.0,0.0,0.0,15.0,6.0,5.0,8.0,2.0,1.0,3.0,33.3,2.0,8.0,1.0,7.0,7.0,22,6.0,0.0,65.0,630.0,46.0,176.0,270.0,192.0,20.0,630.0,20.0,10.0,50.0,10.0,50.0,423.0,1639.0,857.0,18.0,11.0,5.0,17.0,11.0,432.0,61.0,1,0,0,10.0,9.0,1.0,39.0,7.0,6.0,0.0,0.0,0,55.0,2.0,2.0,50.0
2023-04-30,12:00,Liga F,Matchweek 27,Sun,Away,D,1,1,Atlético Madrid,Real Betis,0.6,1.5,57.0,,Dolores Gallardo,4-2-3-1,Ylenia Sánchez Miguel,8.0,2.0,25.0,0.13,0.5,19.7,0.0,0,0,0.6,0.6,0.08,0.4,0.4,3.0,2.0,100.0,0,1.2,0.2,1,1,0,0,5.0,9.0,55.6,25.0,6.0,24.0,29.2,7.0,42.9,33.0,12.0,0.0,0.0,2.0,27.3,408.0,520.0,78.5,8178.0,2977.0,149.0,180.0,82.8,192.0,220.0,87.3,61.0,93.0,65.6,1,0.4,0.6,5.0,34.0,6.0,2.0,43.0,520.0,468.0,44.0,9.0,0.0,3.0,11.0,26.0,0.0,0.0,0.0,0.0,408.0,8.0,7.0,15.0,8.0,3.0,2.0,0.0,1.0,1.0,2.0,2.0,0.0,0.0,0.0,0.0,0.0,21.0,14.0,11.0,7.0,3.0,10.0,16.0,62.5,6.0,6.0,3.0,3.0,12.0,33,12.0,0.0,57.0,626.0,51.0,215.0,291.0,128.0,18.0,626.0,21.0,10.0,47.6,11.0,52.4,290.0,1407.0,788.0,10.0,11.0,5.0,15.0,8.0,401.0,41.0,3,0,0,8.0,9.0,8.0,11.0,12.0,14.0,0.0,1.0,0,60.0,11.0,5.0,68.8,8.0,2.0,25.0,0.0,0.0,17.1,0.0,1,1,1.5,0.7,0.09,-0.5,-0.7,2.0,1.0,50.0,0,0.2,-0.8,0,0,0,0,5.0,20.0,25.0,24.0,0.0,66.7,43.6,5.0,80.0,55.4,7.0,0.0,0.0,0.0,16.0,280.0,397.0,70.5,4524.0,1753.0,137.0,163.0,84.0,119.0,147.0,81.0,19.0,62.0,30.6,0,0.5,0.4,6.0,18.0,3.0,1.0,19.0,397.0,338.0,59.0,15.0,0.0,0.0,16.0,30.0,7.0,4.0,1.0,1.0,280.0,0.0,6.0,12.0,8.0,1.0,0.0,2.0,1.0,0.0,1.0,0.0,0.0,0.0,0.0,1.0,0.0,19.0,14.0,10.0,8.0,1.0,11.0,21.0,52.4,10.0,8.0,1.0,7.0,16.0,35,17.0,0.0,43.0,499.0,47.0,179.0,205.0,123.0,15.0,498.0,16.0,6.0,37.5,10.0,62.5,263.0,1504.0,595.0,5.0,11.0,2.0,20.0,11.0,280.0,19.0,1,0,0,9.0,7.0,0.0,16.0,16.0,14.0,1.0,0.0,0,57.0,5.0,11.0,31.3
2023-05-06,12:00,Liga F,Matchweek 28,Sat,Home,L,0,1,Atlético Madrid,Levante Planas,0.7,0.2,72.0,,Carmen Menayo,4-3-3,Marta Huerta de Aza,15.0,1.0,6.7,0.0,0.0,21.7,1.0,0,0,0.7,0.7,0.05,-0.7,-0.7,1.0,0.0,0.0,0,0.1,-0.9,0,0,0,0,0.0,0.0,,18.0,4.0,0.0,20.1,4.0,0.0,23.0,5.0,0.0,0.0,1.0,16.7,519.0,635.0,81.7,9927.0,3878.0,184.0,219.0,84.0,274.0,305.0,89.8,56.0,91.0,61.5,0,0.4,0.6,12.0,62.0,13.0,3.0,75.0,635.0,585.0,45.0,9.0,2.0,2.0,25.0,26.0,4.0,1.0,1.0,1.0,519.0,5.0,9.0,28.0,23.0,1.0,2.0,1.0,1.0,0.0,0.0,0.0,0.0,0.0,0.0,0.0,0.0,8.0,6.0,2.0,3.0,3.0,0.0,5.0,0.0,5.0,8.0,2.0,6.0,7.0,15,7.0,1.0,72.0,719.0,32.0,174.0,327.0,227.0,17.0,719.0,14.0,10.0,71.4,4.0,28.6,563.0,3235.0,1516.0,28.0,25.0,3.0,21.0,11.0,515.0,75.0,3,0,0,8.0,9.0,5.0,25.0,7.0,6.0,0.0,0.0,0,71.0,6.0,10.0,37.5,5.0,1.0,20.0,0.2,1.0,25.2,1.0,0,0,0.2,0.2,0.04,0.8,0.8,1.0,1.0,100.0,1,0.2,0.2,0,0,0,0,11.0,31.0,35.5,25.0,2.0,56.0,42.4,19.0,89.5,46.7,23.0,0.0,0.0,1.0,11.7,150.0,248.0,60.5,3181.0,1750.0,50.0,67.0,74.6,65.0,90.0,72.2,30.0,78.0,38.5,1,0.1,0.1,3.0,6.0,2.0,1.0,6.0,248.0,197.0,51.0,12.0,0.0,1.0,5.0,18.0,1.0,0.0,0.0,1.0,150.0,0.0,7.0,8.0,5.0,0.0,2.0,0.0,1.0,0.0,2.0,2.0,0.0,0.0,0.0,0.0,0.0,15.0,13.0,9.0,5.0,1.0,4.0,14.0,28.6,10.0,13.0,4.0,9.0,11.0,26,21.0,0.0,28.0,352.0,66.0,169.0,134.0,54.0,4.0,352.0,5.0,5.0,100.0,0.0,0.0,118.0,683.0,358.0,7.0,8.0,0.0,15.0,8.0,148.0,6.0,3,0,0,10.0,7.0,0.0,5.0,11.0,13.0,0.0,0.0,0,45.0,10.0,6.0,62.5
2023-05-13,12:00,Liga F,Matchweek 29,Sat,Away,D,1,1,Atlético Madrid,Villarreal,1.7,0.5,64.0,,Dolores Gallardo,4-3-3,Elena Peláez Arnillas,11.0,5.0,45.5,0.09,0.2,14.3,0.0,0,0,1.7,1.7,0.16,-0.7,-0.7,3.0,2.0,66.7,0,0.5,-0.5,0,0,0,0,6.0,12.0,50.0,37.0,6.0,29.7,31.8,6.0,16.7,30.2,9.0,0.0,0.0,3.0,21.3,385.0,539.0,71.4,7532.0,3094.0,131.0,171.0,76.6,206.0,260.0,79.2,46.0,97.0,47.4,0,1.1,1.0,6.0,30.0,6.0,5.0,44.0,539.0,476.0,62.0,18.0,1.0,1.0,21.0,32.0,4.0,1.0,2.0,0.0,385.0,1.0,8.0,18.0,14.0,2.0,0.0,2.0,0.0,0.0,1.0,0.0,0.0,0.0,1.0,0.0,0.0,21.0,15.0,13.0,7.0,1.0,10.0,13.0,76.9,3.0,9.0,3.0,6.0,9.0,30,12.0,0.0,64.0,635.0,64.0,288.0,224.0,133.0,21.0,635.0,17.0,7.0,41.2,10.0,58.8,417.0,2530.0,1155.0,23.0,11.0,4.0,18.0,8.0,379.0,44.0,0,0,0,7.0,14.0,1.0,21.0,9.0,15.0,0.0,0.0,0,68.0,10.0,8.0,55.6,9.0,3.0,33.3,0.11,0.33,20.5,1.0,0,0,0.5,0.5,0.06,0.5,0.5,5.0,4.0,80.0,0,1.3,0.3,0,0,0,0,6.0,24.0,25.0,26.0,0.0,76.9,47.5,5.0,80.0,52.0,19.0,1.0,5.3,2.0,21.0,159.0,305.0,52.1,3432.0,1888.0,61.0,96.0,63.5,65.0,106.0,61.3,33.0,91.0,36.3,0,0.3,0.3,6.0,21.0,5.0,2.0,26.0,305.0,259.0,42.0,6.0,0.0,0.0,13.0,28.0,1.0,0.0,1.0,0.0,159.0,4.0,8.0,10.0,8.0,0.0,0.0,2.0,0.0,0.0,1.0,0.0,0.0,0.0,1.0,0.0,0.0,18.0,10.0,8.0,8.0,2.0,10.0,17.0,58.8,7.0,9.0,2.0,7.0,17.0,35,19.0,0.0,36.0,410.0,53.0,137.0,155.0,122.0,14.0,410.0,13.0,3.0,23.1,10.0,76.9,172.0,881.0,374.0,10.0,4.0,3.0,11.0,11.0,157.0,25.0,4,0,0,14.0,5.0,4.0,13.0,17.0,10.0,0.0,0.0,0,61.0,8.0,10.0,44.4
2023-05-19,21:00,Liga F,Matchweek 30,Fri,Home,W,4,0,Atlético Madrid,UDG Tenerife,1.7,0.5,64.0,,Dolores Gallardo,4-2-3-1,María Gloria Planes Terol,10.0,4.0,40.0,0.3,0.75,17.9,0.0,0,0,1.7,1.7,0.17,1.3,1.3,1.0,1.0,100.0,1,0.1,0.1,0,0,0,0,1.0,3.0,33.3,41.0,5.0,7.3,22.8,9.0,0.0,22.0,8.0,0.0,0.0,0.0,13.0,456.0,559.0,81.6,8908.0,3356.0,147.0,172.0,85.5,245.0,282.0,86.9,55.0,89.0,61.8,2,1.6,0.9,8.0,35.0,6.0,2.0,33.0,559.0,501.0,57.0,13.0,1.0,0.0,11.0,32.0,2.0,2.0,0.0,0.0,456.0,1.0,12.0,17.0,11.0,2.0,3.0,0.0,0.0,1.0,4.0,4.0,0.0,0.0,0.0,0.0,0.0,26.0,22.0,13.0,10.0,3.0,6.0,18.0,33.3,12.0,11.0,3.0,8.0,15.0,41,14.0,0.0,64.0,661.0,76.0,293.0,230.0,145.0,18.0,661.0,22.0,16.0,72.7,6.0,27.3,433.0,1923.0,836.0,16.0,11.0,2.0,17.0,21.0,454.0,33.0,2,0,0,12.0,9.0,1.0,11.0,15.0,22.0,0.0,0.0,0,63.0,5.0,10.0,33.3,11.0,1.0,9.1,0.0,0.0,28.1,1.0,0,0,0.5,0.5,0.04,-0.5,-0.5,4.0,1.0,0.0,0,1.2,-1.8,0,0,0,0,10.0,16.0,62.5,26.0,2.0,38.5,31.7,8.0,75.0,44.6,10.0,1.0,10.0,0.0,7.0,212.0,311.0,68.2,4666.0,2077.0,62.0,84.0,73.8,106.0,137.0,77.4,43.0,78.0,55.1,0,0.2,0.1,7.0,21.0,1.0,0.0,25.0,311.0,260.0,48.0,11.0,0.0,3.0,10.0,22.0,3.0,2.0,0.0,0.0,212.0,3.0,9.0,16.0,11.0,0.0,2.0,1.0,1.0,1.0,0.0,0.0,0.0,0.0,0.0,0.0,0.0,27.0,15.0,12.0,12.0,3.0,6.0,22.0,27.3,16.0,12.0,1.0,11.0,10.0,37,19.0,0.0,36.0,415.0,58.0,169.0,168.0,86.0,9.0,415.0,18.0,12.0,66.7,6.0,33.3,247.0,897.0,304.0,8.0,7.0,5.0,14.0,20.0,209.0,25.0,0,0,0,9.0,12.0,3.0,10.0,10.0,15.0,0.0,0.0,1,66.0,10.0,5.0,66.7
2022-09-17,12:00,Liga F,Matchweek 2,Sat,Away,W,2,1,Madrid CFF,Alavés,1.2,1.1,54.0,,Paola Ulloa,3-4-1-2,Patricia Luna Varo,9.0,5.0,55.6,0.22,0.4,14.0,0.0,0,0,1.2,1.2,0.13,0.8,0.8,4.0,3.0,75.0,0,1.0,0.0,0,0,0,0,0.0,4.0,0.0,12.0,4.0,25.0,35.0,9.0,11.1,26.9,15.0,1.0,6.7,0.0,3.3,291.0,431.0,67.5,5980.0,2580.0,101.0,130.0,77.7,146.0,188.0,77.7,43.0,88.0,48.9,1,0.9,0.6,7.0,31.0,4.0,2.0,30.0,431.0,367.0,60.0,11.0,2.0,1.0,13.0,34.0,5.0,3.0,1.0,0.0,291.0,4.0,19.0,17.0,15.0,0.0,1.0,0.0,0.0,1.0,4.0,2.0,0.0,1.0,0.0,0.0,1.0,24.0,18.0,13.0,7.0,4.0,8.0,15.0,53.3,7.0,9.0,2.0,7.0,4.0,28,23.0,0.0,54.0,544.0,53.0,224.0,209.0,122.0,14.0,544.0,10.0,4.0,40.0,6.0,60.0,313.0,1666.0,552.0,11.0,10.0,6.0,19.0,13.0,289.0,30.0,0,0,0,15.0,9.0,4.0,13.0,4.0,18.0,0.0,0.0,0,62.0,14.0,11.0,56.0,8.0,4.0,50.0,0.13,0.25,16.8,0.0,0,0,1.1,1.1,0.19,-0.1,-0.1,5.0,3.0,60.0,0,0.6,-1.4,0,0,0,0,5.0,17.0,29.4,34.0,3.0,41.2,35.0,7.0,42.9,37.6,11.0,0.0,0.0,0.0,5.5,232.0,362.0,64.1,4332.0,1617.0,93.0,120.0,77.5,99.0,128.0,77.3,32.0,92.0,34.8,0,0.1,0.3,2.0,12.0,3.0,1.0,18.0,362.0,293.0,67.0,19.0,0.0,2.0,18.0,30.0,8.0,7.0,1.0,0.0,232.0,2.0,7.0,8.0,2.0,1.0,0.0,3.0,2.0,0.0,1.0,0.0,0.0,0.0,1.0,0.0,0.0,19.0,12.0,8.0,7.0,4.0,6.0,10.0,60.0,4.0,17.0,0.0,17.0,9.0,28,21.0,1.0,46.0,477.0,61.0,187.0,152.0,142.0,16.0,477.0,19.0,7.0,36.8,8.0,42.1,215.0,1352.0,572.0,8.0,10.0,2.0,17.0,16.0,228.0,18.0,3,0,0,9.0,15.0,2.0,18.0,9.0,12.0,0.0,0.0,0,56.0,11.0,14.0,44.0
2022-09-24,12:00,Liga F,Matchweek 3,Sat,Home,W,3,1,Madrid CFF,Levante Planas,3.4,0.5,55.0,,Paola Ulloa,3-5-2,Beatriz Cuesta Arribas,20.0,8.0,40.0,0.1,0.25,15.4,0.0,1,1,3.4,2.6,0.13,-0.4,-0.6,2.0,1.0,50.0,0,0.9,-0.1,0,0,0,0,2.0,2.0,100.0,10.0,5.0,0.0,20.7,9.0,22.2,20.9,6.0,0.0,0.0,2.0,19.3,327.0,427.0,76.6,6231.0,2855.0,131.0,150.0,87.3,150.0,181.0,82.9,42.0,72.0,58.3,2,2.4,2.2,16.0,27.0,8.0,1.0,40.0,427.0,372.0,53.0,12.0,1.0,3.0,16.0,22.0,8.0,3.0,5.0,0.0,327.0,2.0,11.0,34.0,21.0,8.0,2.0,1.0,1.0,1.0,6.0,3.0,1.0,1.0,0.0,1.0,0.0,25.0,22.0,12.0,10.0,3.0,6.0,23.0,26.1,17.0,11.0,2.0,9.0,14.0,39,13.0,0.0,55.0,556.0,55.0,199.0,234.0,132.0,28.0,555.0,24.0,12.0,50.0,12.0,50.0,292.0,1672.0,796.0,14.0,15.0,8.0,27.0,12.0,323.0,39.0,4,0,0,13.0,11.0,2.0,16.0,14.0,22.0,1.0,0.0,0,74.0,8.0,1.0,88.9,9.0,2.0,22.2,0.11,0.5,20.0,2.0,0,0,0.5,0.5,0.05,0.5,0.5,9.0,6.0,77.8,0,4.8,1.8,1,1,0,0,6.0,11.0,54.5,19.0,5.0,36.8,36.5,13.0,30.8,36.0,13.0,1.0,7.7,2.0,23.0,239.0,346.0,69.1,4714.0,2449.0,91.0,115.0,79.1,107.0,135.0,79.3,36.0,74.0,48.6,0,0.2,0.7,4.0,19.0,6.0,2.0,24.0,346.0,282.0,62.0,13.0,1.0,4.0,7.0,31.0,1.0,0.0,0.0,0.0,239.0,2.0,9.0,14.0,4.0,2.0,3.0,1.0,4.0,0.0,1.0,0.0,0.0,0.0,1.0,0.0,0.0,24.0,20.0,13.0,9.0,2.0,12.0,24.0,50.0,12.0,11.0,2.0,9.0,24.0,48,17.0,0.0,45.0,476.0,60.0,173.0,204.0,102.0,11.0,476.0,23.0,17.0,73.9,6.0,26.1,245.0,1361.0,548.0,7.0,8.0,1.0,26.0,19.0,235.0,24.0,1,0,0,11.0,13.0,2.0,7.0,24.0,20.0,0.0,1.0,0,57.0,1.0,8.0,11.1
2022-10-01,18:15,Liga F,Matchweek 4,Sat,Away,L,0,7,Madrid CFF,Barcelona,0.7,2.7,30.0,,Laura Domínguez,3-5-2,Zulema González González,9.0,5.0,55.6,0.0,0.0,16.2,0.0,0,0,0.7,0.7,0.08,-0.7,-0.7,11.0,4.0,36.4,0,3.6,-3.4,0,0,0,0,3.0,8.0,37.5,11.0,2.0,45.5,34.5,12.0,25.0,27.6,21.0,0.0,0.0,0.0,7.3,190.0,299.0,63.5,3583.0,1704.0,86.0,115.0,74.8,75.0,101.0,74.3,26.0,63.0,41.3,0,0.5,0.3,4.0,12.0,1.0,0.0,14.0,299.0,236.0,60.0,17.0,0.0,4.0,9.0,18.0,5.0,3.0,1.0,0.0,190.0,3.0,13.0,12.0,4.0,2.0,2.0,3.0,0.0,1.0,0.0,0.0,0.0,0.0,0.0,0.0,0.0,21.0,13.0,13.0,7.0,1.0,3.0,7.0,42.9,4.0,16.0,10.0,6.0,19.0,40,17.0,0.0,30.0,425.0,87.0,219.0,158.0,55.0,6.0,425.0,8.0,5.0,62.5,3.0,37.5,164.0,747.0,339.0,4.0,6.0,1.0,19.0,13.0,188.0,13.0,2,0,0,14.0,9.0,3.0,9.0,19.0,13.0,0.0,0.0,0,59.0,6.0,6.0,50.0,28.0,11.0,39.3,0.25,0.64,17.7,1.0,0,0,2.7,2.7,0.1,4.3,4.3,5.0,5.0,100.0,1,1.1,1.1,0,0,0,0,1.0,1.0,100.0,23.0,3.0,4.3,23.0,3.0,0.0,25.7,8.0,0.0,0.0,4.0,33.3,587.0,694.0,84.6,9600.0,3536.0,293.0,327.0,89.6,215.0,254.0,84.6,54.0,68.0,79.4,6,2.2,2.0,20.0,66.0,19.0,6.0,72.0,694.0,646.0,42.0,16.0,0.0,1.0,25.0,16.0,6.0,6.0,0.0,0.0,587.0,6.0,6.0,52.0,43.0,0.0,2.0,5.0,1.0,1.0,13.0,11.0,0.0,1.0,1.0,0.0,0.0,16.0,10.0,4.0,6.0,6.0,3.0,8.0,37.5,5.0,13.0,1.0,12.0,13.0,29,8.0,0.0,70.0,808.0,34.0,142.0,418.0,250.0,33.0,808.0,7.0,4.0,57.1,3.0,42.9,408.0,2037.0,1032.0,19.0,12.0,9.0,19.0,18.0,586.0,72.0,2,0,0,10.0,14.0,6.0,25.0,13.0,10.0,0.0,0.0,0,82.0,6.0,6.0,50.0
2022-10-16,18:00,Liga F,Matchweek 5,Sun,Home,W,4,0,Madrid CFF,Real Betis,2.1,0.2,51.0,,Paola Ulloa,3-5-2,Arantza Gallastegui Pérez,13.0,8.0,61.5,0.31,0.5,16.0,1.0,0,0,2.1,2.1,0.16,1.9,1.9,2.0,2.0,100.0,1,0.1,0.1,0,0,0,0,1.0,4.0,25.0,15.0,3.0,6.7,21.3,12.0,25.0,27.7,11.0,0.0,0.0,3.0,20.4,304.0,427.0,71.2,5288.0,2451.0,144.0,174.0,82.8,120.0,157.0,76.4,32.0,64.0,50.0,4,1.8,1.1,10.0,19.0,5.0,1.0,23.0,427.0,362.0,59.0,10.0,0.0,5.0,6.0,34.0,2.0,2.0,0.0,0.0,304.0,6.0,10.0,22.0,17.0,1.0,2.0,0.0,1.0,1.0,8.0,6.0,0.0,1.0,0.0,0.0,1.0,25.0,17.0,14.0,10.0,1.0,9.0,15.0,60.0,6.0,14.0,3.0,11.0,16.0,41,14.0,0.0,51.0,546.0,51.0,270.0,193.0,89.0,16.0,546.0,16.0,8.0,50.0,8.0,50.0,218.0,1123.0,578.0,13.0,6.0,8.0,18.0,16.0,300.0,23.0,1,0,0,12.0,9.0,6.0,6.0,16.0,17.0,0.0,0.0,0,68.0,2.0,7.0,22.2,7.0,2.0,28.6,0.0,0.0,24.4,0.0,0,0,0.2,0.2,0.03,-0.2,-0.2,8.0,4.0,50.0,0,3.2,-0.8,0,0,0,0,8.0,24.0,33.3,49.0,1.0,40.8,35.9,8.0,50.0,34.8,6.0,1.0,16.7,3.0,16.9,289.0,405.0,71.4,5946.0,2302.0,96.0,120.0,80.0,150.0,181.0,82.9,42.0,91.0,46.2,0,0.2,0.3,5.0,19.0,3.0,2.0,31.0,405.0,334.0,69.0,18.0,0.0,3.0,14.0,37.0,1.0,0.0,1.0,0.0,289.0,2.0,12.0,12.0,10.0,1.0,0.0,0.0,0.0,1.0,0.0,0.0,0.0,0.0,0.0,0.0,0.0,24.0,10.0,5.0,12.0,7.0,8.0,16.0,50.0,8.0,11.0,1.0,10.0,17.0,41,9.0,0.0,49.0,530.0,52.0,177.0,233.0,126.0,9.0,530.0,15.0,6.0,40.0,9.0,60.0,297.0,1322.0,506.0,7.0,4.0,3.0,29.0,16.0,285.0,31.0,1,0,0,9.0,12.0,2.0,14.0,17.0,10.0,0.0,0.0,0,61.0,7.0,2.0,77.8
2022-10-22,12:00,Liga F,Matchweek 6,Sat,Away,D,1,1,Madrid CFF,Atlético Madrid,0.3,1.9,39.0,,Paola Ulloa,3-4-1-2,Ylenia Sánchez Miguel,6.0,3.0,50.0,0.17,0.33,24.9,0.0,0,0,0.3,0.3,0.04,0.7,0.7,6.0,4.0,83.3,0,2.5,1.5,1,0,1,0,0.0,2.0,0.0,8.0,4.0,12.5,23.3,16.0,37.5,33.7,25.0,2.0,8.0,1.0,7.1,253.0,357.0,70.9,4487.0,1830.0,120.0,143.0,83.9,105.0,139.0,75.5,25.0,61.0,41.0,1,0.2,0.2,5.0,22.0,1.0,0.0,28.0,357.0,306.0,51.0,10.0,0.0,4.0,12.0,21.0,2.0,2.0,0.0,0.0,253.0,0.0,7.0,9.0,8.0,0.0,0.0,0.0,0.0,1.0,2.0,2.0,0.0,0.0,0.0,0.0,0.0,38.0,18.0,22.0,11.0,5.0,10.0,15.0,66.7,5.0,10.0,2.0,8.0,11.0,49,22.0,0.0,39.0,480.0,58.0,197.0,197.0,91.0,5.0,480.0,5.0,1.0,20.0,4.0,80.0,255.0,1100.0,627.0,10.0,11.0,3.0,14.0,7.0,250.0,28.0,4,0,0,17.0,8.0,0.0,12.0,11.0,18.0,0.0,1.0,0,59.0,2.0,5.0,28.6,17.0,5.0,29.4,0.06,0.2,18.5,3.0,0,1,1.9,1.1,0.07,-0.9,-0.1,3.0,2.0,66.7,0,0.6,-0.4,0,0,0,0,0.0,0.0,,23.0,7.0,0.0,22.0,4.0,0.0,21.5,9.0,1.0,11.1,1.0,13.6,464.0,558.0,83.2,7765.0,2850.0,224.0,247.0,90.7,173.0,197.0,87.8,52.0,77.0,67.5,1,0.9,0.7,11.0,32.0,6.0,3.0,47.0,558.0,494.0,62.0,13.0,0.0,4.0,30.0,32.0,11.0,6.0,1.0,4.0,464.0,2.0,12.0,32.0,20.0,4.0,0.0,4.0,4.0,0.0,2.0,2.0,0.0,0.0,0.0,0.0,0.0,12.0,3.0,3.0,7.0,2.0,4.0,5.0,80.0,1.0,9.0,0.0,9.0,11.0,23,9.0,0.0,61.0,674.0,36.0,200.0,288.0,193.0,16.0,673.0,16.0,6.0,37.5,10.0,62.5,375.0,1863.0,968.0,19.0,14.0,2.0,18.0,28.0,459.0,47.0,2,0,0,8.0,16.0,2.0,30.0,11.0,3.0,1.0,0.0,0,63.0,5.0,2.0,71.4
2022-10-29,12:00,Liga F,Matchweek 7,Sat,Home,W,2,0,Madrid CFF,UDG Tenerife,1.9,0.2,54.0,,Paola Ulloa,3-4-1-2,Amy Peñalver Pearce,18.0,5.0,27.8,0.11,0.4,16.1,0.0,0,0,1.9,1.9,0.11,0.1,0.1,2.0,2.0,100.0,1,0.1,0.1,0,0,0,0,8.0,10.0,80.0,15.0,1.0,46.7,40.4,8.0,37.5,30.6,7.0,0.0,0.0,0.0,8.8,281.0,428.0,65.7,5711.0,2864.0,112.0,158.0,70.9,105.0,151.0,69.5,58.0,99.0,58.6,0,0.8,0.8,8.0,29.0,8.0,3.0,30.0,428.0,375.0,50.0,11.0,0.0,3.0,20.0,26.0,4.0,3.0,1.0,0.0,281.0,3.0,7.0,23.0,13.0,3.0,0.0,6.0,0.0,1.0,2.0,0.0,0.0,0.0,1.0,0.0,1.0,13.0,8.0,5.0,7.0,1.0,1.0,5.0,20.0,4.0,4.0,0.0,4.0,11.0,24,16.0,0.0,54.0,537.0,42.0,161.0,245.0,137.0,26.0,537.0,4.0,2.0,50.0,2.0,50.0,288.0,1546.0,430.0,12.0,11.0,3.0,22.0,11.0,280.0,30.0,2,0,0,12.0,9.0,3.0,20.0,11.0,8.0,0.0,0.0,0,71.0,14.0,6.0,70.0,6.0,2.0,33.3,0.0,0.0,21.1,1.0,0,0,0.2,0.2,0.04,-0.2,-0.2,5.0,3.0,60.0,0,0.5,-1.5,0,0,0,0,8.0,17.0,47.1,33.0,7.0,24.2,28.5,16.0,56.3,37.6,18.0,0.0,0.0,1.0,22.0,226.0,367.0,61.6,4644.0,2062.0,68.0,104.0,65.4,121.0,164.0,73.8,32.0,82.0,39.0,0,0.1,0.7,3.0,16.0,0.0,0.0,15.0,367.0,296.0,70.0,14.0,0.0,2.0,9.0,33.0,4.0,3.0,0.0,0.0,226.0,1.0,4.0,10.0,5.0,3.0,0.0,0.0,1.0,1.0,0.0,0.0,0.0,0.0,0.0,0.0,0.0,13.0,10.0,8.0,4.0,1.0,2.0,4.0,50.0,2.0,9.0,2.0,7.0,15.0,28,18.0,1.0,46.0,478.0,73.0,238.0,163.0,83.0,14.0,478.0,5.0,4.0,80.0,1.0,20.0,252.0,1233.0,515.0,6.0,3.0,5.0,20.0,12.0,222.0,15.0,1,0,0,11.0,12.0,1.0,9.0,15.0,10.0,0.0,0.0,0,51.0,6.0,13.0,31.6
2022-11-01,20:00,Liga F,Matchweek 1,Tue,Away,W,3,0,Madrid CFF,Alhama,1.1,0.5,61.0,,Paola Ulloa,3-4-1-2,María Eugenia Gil Soriano,16.0,7.0,43.8,0.19,0.43,21.7,0.0,0,0,1.1,1.1,0.07,1.9,1.9,3.0,3.0,100.0,1,0.7,0.7,0,0,0,0,5.0,11.0,45.5,22.0,5.0,36.4,34.8,10.0,40.0,33.8,15.0,1.0,6.7,4.0,21.8,382.0,516.0,74.0,7835.0,3400.0,125.0,165.0,75.8,191.0,231.0,82.7,61.0,98.0,62.2,2,0.9,1.0,11.0,41.0,5.0,2.0,54.0,516.0,449.0,66.0,18.0,0.0,5.0,18.0,32.0,5.0,4.0,1.0,0.0,382.0,1.0,15.0,25.0,18.0,3.0,2.0,1.0,1.0,0.0,4.0,2.0,1.0,0.0,1.0,0.0,0.0,13.0,10.0,5.0,4.0,4.0,6.0,11.0,54.5,5.0,13.0,2.0,11.0,11.0,24,32.0,1.0,61.0,669.0,60.0,238.0,308.0,132.0,17.0,669.0,20.0,9.0,45.0,11.0,55.0,313.0,1413.0,628.0,7.0,11.0,3.0,29.0,21.0,377.0,52.0,3,1,1,13.0,14.0,1.0,18.0,11.0,10.0,0.0,0.0,0,63.0,22.0,10.0,68.8,12.0,3.0,25.0,0.0,0.0,22.3,0.0,0,0,0.5,0.5,0.05,-0.5,-0.5,7.0,4.0,57.1,0,1.6,-1.4,0,0,0,0,8.0,21.0,38.1,15.0,2.0,80.0,46.0,10.0,90.0,49.5,16.0,0.0,0.0,0.0,2.0,169.0,324.0,52.2,3761.0,2132.0,50.0,73.0,68.5,78.0,124.0,62.9,40.0,107.0,37.4,0,0.4,0.7,6.0,21.0,5.0,4.0,25.0,324.0,255.0,65.0,14.0,0.0,4.0,20.0,35.0,2.0,1.0,0.0,0.0,169.0,4.0,11.0,18.0,10.0,3.0,1.0,0.0,3.0,1.0,0.0,0.0,0.0,0.0,0.0,0.0,0.0,32.0,20.0,12.0,17.0,3.0,11.0,20.0,55.0,9.0,17.0,2.0,15.0,20.0,52,22.0,0.0,39.0,461.0,53.0,166.0,177.0,122.0,15.0,461.0,11.0,5.0,45.5,6.0,54.5,139.0,827.0,308.0,6.0,7.0,1.0,17.0,7.0,166.0,25.0,1,0,0,14.0,13.0,4.0,20.0,20.0,20.0,0.0,0.0,0,64.0,10.0,22.0,31.3
2022-11-05,12:00,Liga F,Matchweek 8,Sat,Away,W,2,0,Madrid CFF,Real Sociedad,2.1,1.6,34.0,,Paola Ulloa,3-4-3,Patricia Luna Varo,18.0,8.0,44.4,0.11,0.25,19.2,0.0,0,0,2.1,2.1,0.12,-0.1,-0.1,6.0,6.0,100.0,1,1.1,1.1,0,0,0,0,2.0,10.0,20.0,11.0,2.0,72.7,45.9,13.0,30.8,30.0,12.0,0.0,0.0,0.0,5.8,185.0,316.0,58.5,3098.0,1735.0,100.0,128.0,78.1,59.0,98.0,60.2,20.0,63.0,31.7,0,1.1,1.1,9.0,10.0,2.0,1.0,16.0,316.0,268.0,45.0,11.0,1.0,0.0,15.0,14.0,6.0,3.0,3.0,0.0,185.0,3.0,11.0,26.0,17.0,4.0,2.0,1.0,1.0,1.0,2.0,0.0,1.0,0.0,0.0,1.0,0.0,15.0,7.0,7.0,8.0,0.0,5.0,10.0,50.0,5.0,17.0,11.0,6.0,17.0,32,23.0,1.0,34.0,443.0,77.0,199.0,148.0,106.0,22.0,443.0,14.0,6.0,42.9,8.0,57.1,169.0,1137.0,600.0,16.0,10.0,8.0,16.0,4.0,185.0,16.0,2,0,0,12.0,9.0,3.0,15.0,17.0,7.0,0.0,0.0,0,70.0,4.0,14.0,22.2,24.0,6.0,25.0,0.0,0.0,19.9,3.0,0,0,1.6,1.6,0.07,-1.6,-1.6,8.0,6.0,75.0,0,2.0,0.0,0,0,0,0,0.0,0.0,,25.0,7.0,0.0,21.0,9.0,0.0,9.9,12.0,0.0,0.0,2.0,15.3,494.0,618.0,79.9,8427.0,3123.0,213.0,253.0,84.2,222.0,255.0,87.1,41.0,70.0,58.6,0,0.6,1.0,11.0,47.0,10.0,2.0,62.0,618.0,573.0,44.0,11.0,1.0,1.0,17.0,19.0,2.0,1.0,0.0,1.0,494.0,1.0,7.0,35.0,23.0,3.0,0.0,5.0,2.0,2.0,0.0,0.0,0.0,0.0,0.0,0.0,0.0,12.0,7.0,7.0,2.0,3.0,8.0,14.0,57.1,6.0,13.0,2.0,11.0,10.0,22,14.0,0.0,66.0,720.0,72.0,203.0,334.0,187.0,29.0,720.0,10.0,5.0,50.0,5.0,50.0,376.0,2038.0,1220.0,22.0,12.0,6.0,18.0,10.0,492.0,62.0,2,0,0,10.0,9.0,1.0,17.0,10.0,7.0,0.0,0.0,0,61.0,14.0,4.0,77.8
2022-11-19,12:00,Liga F,Matchweek 9,Sat,Home,L,1,2,Madrid CFF,Villarreal,1.1,0.8,63.0,,Paola Ulloa,3-4-1-2,Arantza Gallastegui Pérez,16.0,3.0,18.8,0.06,0.33,19.0,0.0,0,0,1.1,1.1,0.07,-0.1,-0.1,2.0,0.0,0.0,0,0.9,-1.1,0,0,0,0,0.0,2.0,0.0,9.0,4.0,0.0,20.1,9.0,22.2,20.3,13.0,1.0,7.7,1.0,15.8,387.0,549.0,70.5,7408.0,2821.0,141.0,186.0,75.8,166.0,209.0,79.4,58.0,97.0,59.8,1,1.0,1.1,13.0,29.0,7.0,3.0,29.0,549.0,472.0,75.0,12.0,0.0,10.0,26.0,41.0,10.0,7.0,3.0,0.0,387.0,2.0,20.0,28.0,17.0,5.0,2.0,3.0,1.0,0.0,2.0,2.0,0.0,0.0,0.0,0.0,0.0,13.0,11.0,8.0,5.0,0.0,10.0,10.0,100.0,0.0,12.0,2.0,10.0,6.0,19,15.0,1.0,63.0,652.0,43.0,214.0,303.0,137.0,25.0,652.0,11.0,8.0,72.7,3.0,27.3,234.0,1276.0,571.0,13.0,5.0,4.0,29.0,18.0,386.0,29.0,2,0,0,5.0,10.0,2.0,26.0,6.0,11.0,0.0,0.0,0,74.0,10.0,12.0,45.5,5.0,2.0,40.0,0.4,1.0,12.5,0.0,0,0,0.8,0.8,0.16,1.2,1.2,3.0,2.0,66.7,0,0.8,-0.2,0,0,0,0,9.0,25.0,36.0,25.0,2.0,60.0,42.1,11.0,90.9,47.8,20.0,0.0,0.0,7.0,23.6,176.0,327.0,53.8,3573.0,1968.0,70.0,109.0,64.2,71.0,108.0,65.7,31.0,91.0,34.1,1,0.3,0.5,4.0,15.0,4.0,4.0,22.0,327.0,266.0,59.0,7.0,0.0,2.0,14.0,34.0,5.0,2.0,2.0,0.0,176.0,2.0,10.0,5.0,4.0,1.0,0.0,0.0,0.0,0.0,2.0,1.0,1.0,0.0,0.0,0.0,0.0,21.0,15.0,8.0,12.0,1.0,3.0,11.0,27.3,8.0,25.0,6.0,19.0,4.0,25,26.0,0.0,37.0,459.0,53.0,169.0,179.0,113.0,10.0,459.0,10.0,0.0,0.0,10.0,100.0,154.0,555.0,173.0,2.0,2.0,2.0,22.0,3.0,172.0,22.0,3,0,0,10.0,5.0,2.0,14.0,4.0,15.0,0.0,0.0,0,72.0,12.0,10.0,54.5
2022-11-26,12:00,Liga F,Matchweek 10,Sat,Home,L,2,3,Madrid CFF,Sporting Huelva,1.2,0.6,67.0,,Paola Ulloa,3-4-3,Beatriz Cuesta Arribas,17.0,8.0,47.1,0.12,0.25,18.0,1.0,0,0,1.2,1.2,0.07,0.8,0.8,7.0,4.0,57.1,0,1.3,-1.7,0,0,0,0,1.0,1.0,100.0,12.0,4.0,0.0,22.1,6.0,16.7,25.3,2.0,0.0,0.0,1.0,13.8,416.0,550.0,75.6,8434.0,3114.0,142.0,180.0,78.9,216.0,257.0,84.0,57.0,99.0,57.6,1,0.6,0.7,9.0,32.0,10.0,2.0,52.0,550.0,480.0,66.0,17.0,1.0,5.0,27.0,33.0,6.0,4.0,2.0,0.0,416.0,4.0,9.0,27.0,18.0,4.0,1.0,3.0,1.0,0.0,3.0,2.0,0.0,0.0,1.0,0.0,0.0,18.0,13.0,7.0,9.0,2.0,11.0,15.0,73.3,4.0,6.0,1.0,5.0,20.0,38,11.0,1.0,67.0,658.0,38.0,217.0,307.0,144.0,29.0,658.0,9.0,4.0,44.4,5.0,55.6,394.0,1950.0,996.0,21.0,12.0,8.0,21.0,8.0,415.0,52.0,4,0,0,9.0,15.0,4.0,27.0,20.0,13.0,0.0,0.0,0,73.0,6.0,6.0,50.0,9.0,7.0,77.8,0.33,0.43,23.4,0.0,0,0,0.6,0.6,0.07,2.4,2.4,8.0,6.0,75.0,0,1.4,-0.6,0,0,0,0,5.0,18.0,27.8,18.0,2.0,61.1,45.8,12.0,58.3,40.5,24.0,2.0,8.3,2.0,11.7,138.0,269.0,51.3,2736.0,1634.0,57.0,86.0,66.3,58.0,110.0,52.7,23.0,67.0,34.3,3,0.4,0.5,4.0,7.0,2.0,0.0,14.0,269.0,204.0,65.0,13.0,0.0,0.0,2.0,37.0,0.0,0.0,0.0,0.0,138.0,0.0,5.0,9.0,6.0,1.0,0.0,2.0,0.0,0.0,6.0,4.0,1.0,0.0,1.0,0.0,0.0,13.0,8.0,5.0,3.0,5.0,5.0,9.0,55.6,4.0,13.0,4.0,9.0,11.0,24,23.0,0.0,33.0,379.0,62.0,148.0,157.0,81.0,9.0,379.0,15.0,4.0,26.7,11.0,73.3,126.0,596.0,218.0,6.0,7.0,1.0,19.0,7.0,137.0,14.0,1,0,0,18.0,7.0,0.0,2.0,11.0,8.0,0.0,0.0,0,55.0,6.0,6.0,50.0
2022-12-03,16:00,Liga F,Matchweek 11,Sat,Away,W,2,0,Madrid CFF,Athletic Club,1.9,0.8,45.0,,Paola Ulloa,3-1-4-2,Xiomara Díaz García,17.0,9.0,52.9,0.12,0.22,20.9,0.0,0,0,1.9,1.9,0.11,0.1,0.1,3.0,3.0,100.0,1,0.7,0.7,0,0,0,0,1.0,2.0,50.0,13.0,3.0,15.4,27.8,8.0,12.5,15.1,16.0,2.0,12.5,0.0,5.7,256.0,419.0,61.1,4424.0,2389.0,119.0,162.0,73.5,91.0,140.0,65.0,33.0,78.0,42.3,2,1.8,0.7,10.0,30.0,7.0,1.0,32.0,419.0,350.0,65.0,13.0,2.0,2.0,16.0,39.0,4.0,2.0,2.0,0.0,256.0,4.0,12.0,28.0,21.0,3.0,2.0,0.0,2.0,0.0,3.0,2.0,0.0,1.0,0.0,0.0,0.0,26.0,14.0,16.0,8.0,2.0,10.0,16.0,62.5,6.0,11.0,4.0,7.0,12.0,38,20.0,1.0,45.0,571.0,65.0,215.0,246.0,114.0,18.0,571.0,9.0,4.0,44.4,5.0,55.6,184.0,995.0,503.0,14.0,4.0,6.0,28.0,11.0,253.0,31.0,1,0,0,6.0,10.0,4.0,16.0,12.0,14.0,0.0,0.0,0,84.0,13.0,12.0,52.0,12.0,3.0,25.0,0.0,0.0,20.7,0.0,0,0,0.8,0.8,0.07,-0.8,-0.8,9.0,7.0,77.8,0,2.6,0.6,0,0,0,0,2.0,6.0,33.3,29.0,9.0,20.7,28.5,11.0,0.0,17.8,13.0,1.0,7.7,7.0,22.3,366.0,522.0,70.1,6069.0,2535.0,184.0,227.0,81.1,157.0,198.0,79.3,23.0,78.0,29.5,0,0.6,0.6,7.0,24.0,5.0,3.0,35.0,522.0,453.0,66.0,10.0,0.0,2.0,20.0,38.0,4.0,4.0,0.0,0.0,366.0,3.0,9.0,18.0,12.0,1.0,0.0,4.0,0.0,1.0,0.0,0.0,0.0,0.0,0.0,0.0,0.0,16.0,9.0,9.0,6.0,1.0,5.0,9.0,55.6,4.0,11.0,0.0,11.0,18.0,34,24.0,0.0,55.0,669.0,66.0,236.0,278.0,159.0,17.0,669.0,16.0,6.0,37.5,10.0,62.5,406.0,1663.0,748.0,5.0,12.0,1.0,40.0,15.0,365.0,35.0,0,0,0,10.0,6.0,3.0,20.0,18.0,9.0,0.0,0.0,0,73.0,12.0,12.0,50.0
2022-12-10,12:00,Liga F,Matchweek 12,Sat,Home,W,3,1,Madrid CFF,Valencia,0.9,1.4,45.0,,Paola Ulloa,3-1-4-2,Olatz Rivera Olmedo,22.0,8.0,36.4,0.09,0.25,20.2,1.0,0,0,0.9,0.9,0.04,1.1,1.1,3.0,2.0,66.7,0,1.0,0.0,1,0,0,1,1.0,2.0,50.0,7.0,3.0,28.6,26.1,5.0,20.0,26.2,7.0,0.0,0.0,2.0,15.3,254.0,366.0,69.4,4966.0,2081.0,105.0,131.0,80.2,103.0,129.0,79.8,40.0,81.0,49.4,2,0.7,1.0,14.0,34.0,6.0,3.0,34.0,366.0,305.0,60.0,15.0,0.0,2.0,24.0,34.0,4.0,1.0,3.0,0.0,254.0,1.0,4.0,34.0,20.0,6.0,1.0,1.0,4.0,2.0,4.0,1.0,2.0,0.0,0.0,1.0,0.0,17.0,9.0,6.0,9.0,2.0,9.0,14.0,64.3,5.0,14.0,1.0,13.0,13.0,30,13.0,1.0,45.0,488.0,37.0,125.0,187.0,183.0,24.0,488.0,18.0,7.0,38.9,11.0,61.1,190.0,1032.0,472.0,15.0,10.0,5.0,19.0,6.0,254.0,34.0,4,0,0,25.0,10.0,1.0,24.0,13.0,9.0,0.0,1.0,0,68.0,8.0,7.0,53.3,9.0,3.0,33.3,0.11,0.33,20.1,0.0,0,1,1.4,0.6,0.07,-0.4,0.4,8.0,6.0,62.5,0,2.1,0.1,0,0,0,0,2.0,3.0,66.7,38.0,7.0,5.3,23.6,11.0,9.1,23.2,21.0,2.0,9.5,5.0,23.7,329.0,441.0,74.6,5083.0,2022.0,163.0,194.0,84.0,123.0,149.0,82.6,23.0,47.0,48.9,1,0.2,0.5,5.0,17.0,4.0,0.0,19.0,441.0,380.0,58.0,24.0,0.0,0.0,8.0,20.0,0.0,0.0,0.0,0.0,329.0,3.0,13.0,15.0,7.0,4.0,0.0,1.0,3.0,0.0,2.0,2.0,0.0,0.0,0.0,0.0,0.0,17.0,11.0,12.0,4.0,1.0,11.0,18.0,61.1,7.0,11.0,6.0,5.0,16.0,33,19.0,0.0,55.0,567.0,71.0,271.0,215.0,89.0,15.0,566.0,14.0,5.0,35.7,9.0,64.3,287.0,1531.0,807.0,11.0,4.0,1.0,20.0,8.0,325.0,19.0,2,0,0,13.0,22.0,3.0,8.0,16.0,11.0,0.0,0.0,1,68.0,7.0,8.0,46.7
2022-12-17,20:00,Liga F,Matchweek 13,Sat,Away,L,1,2,Madrid CFF,Levante,1.9,2.0,51.0,,Paola Ulloa,3-1-4-2,Zulema González González,23.0,4.0,17.4,0.04,0.25,19.5,1.0,0,0,1.9,1.9,0.08,-0.9,-0.9,5.0,3.0,80.0,0,2.4,0.4,1,1,0,0,1.0,6.0,16.7,12.0,3.0,50.0,35.4,8.0,0.0,14.9,10.0,0.0,0.0,0.0,6.0,283.0,420.0,67.4,5289.0,2789.0,116.0,149.0,77.9,121.0,166.0,72.9,41.0,81.0,50.6,0,1.5,1.6,17.0,33.0,8.0,3.0,45.0,420.0,349.0,70.0,5.0,0.0,3.0,30.0,45.0,9.0,6.0,2.0,0.0,283.0,1.0,9.0,42.0,32.0,4.0,2.0,2.0,1.0,1.0,2.0,1.0,0.0,0.0,0.0,1.0,0.0,26.0,17.0,17.0,4.0,5.0,20.0,21.0,95.2,1.0,14.0,3.0,11.0,17.0,43,15.0,0.0,51.0,565.0,45.0,182.0,195.0,197.0,28.0,565.0,22.0,10.0,45.5,12.0,54.5,245.0,1532.0,820.0,22.0,12.0,8.0,22.0,12.0,278.0,44.0,2,0,0,15.0,6.0,1.0,30.0,17.0,17.0,0.0,1.0,0,63.0,4.0,5.0,44.4,8.0,4.0,50.0,0.13,0.25,22.1,1.0,1,1,2.0,1.3,0.16,0.0,-0.3,4.0,3.0,75.0,0,0.6,-0.4,0,0,0,0,1.0,1.0,100.0,10.0,5.0,10.0,23.2,18.0,27.8,30.3,19.0,1.0,5.3,0.0,8.0,269.0,407.0,66.1,4929.0,2447.0,123.0,165.0,74.5,114.0,151.0,75.5,28.0,76.0,36.8,1,1.1,0.5,4.0,15.0,5.0,1.0,29.0,407.0,339.0,68.0,14.0,0.0,0.0,10.0,32.0,2.0,1.0,1.0,0.0,269.0,0.0,11.0,15.0,8.0,2.0,0.0,0.0,3.0,2.0,4.0,2.0,1.0,0.0,0.0,1.0,0.0,24.0,14.0,14.0,6.0,4.0,12.0,22.0,54.5,10.0,10.0,5.0,5.0,18.0,42,30.0,0.0,49.0,559.0,76.0,236.0,173.0,156.0,9.0,558.0,21.0,1.0,4.8,20.0,95.2,172.0,1064.0,478.0,6.0,7.0,3.0,22.0,6.0,266.0,28.0,2,0,0,6.0,14.0,0.0,10.0,18.0,14.0,1.0,0.0,0,65.0,5.0,4.0,55.6
2023-01-08,18:00,Liga F,Matchweek 14,Sun,Home,L,0,4,Madrid CFF,Real Madrid,1.2,2.6,46.0,,Paola Ulloa,3-1-4-2,María Eugenia Gil Soriano,22.0,6.0,27.3,0.0,0.0,19.8,2.0,0,0,1.2,1.2,0.06,-1.2,-1.2,8.0,4.0,50.0,0,3.2,-0.8,0,0,0,0,0.0,1.0,0.0,10.0,4.0,10.0,23.7,6.0,0.0,19.7,8.0,0.0,0.0,2.0,18.0,281.0,407.0,69.0,5643.0,2397.0,92.0,116.0,79.3,152.0,190.0,80.0,35.0,78.0,44.9,0,0.8,0.8,13.0,36.0,8.0,2.0,36.0,407.0,355.0,48.0,9.0,2.0,4.0,17.0,20.0,8.0,5.0,2.0,0.0,281.0,4.0,19.0,37.0,21.0,4.0,5.0,3.0,4.0,0.0,0.0,0.0,0.0,0.0,0.0,0.0,0.0,30.0,22.0,15.0,9.0,6.0,16.0,27.0,59.3,11.0,11.0,4.0,7.0,18.0,48,9.0,0.0,46.0,534.0,46.0,177.0,224.0,141.0,29.0,534.0,23.0,12.0,52.2,11.0,47.8,270.0,1191.0,574.0,19.0,10.0,9.0,24.0,12.0,279.0,36.0,1,0,0,6.0,9.0,4.0,17.0,18.0,22.0,0.0,0.0,0,69.0,3.0,6.0,33.3,15.0,8.0,53.3,0.27,0.5,17.6,0.0,0,0,2.6,2.6,0.19,1.4,1.4,6.0,6.0,100.0,1,1.3,1.3,0,0,0,0,2.0,8.0,25.0,23.0,6.0,26.1,33.7,15.0,13.3,21.3,13.0,0.0,0.0,2.0,15.3,376.0,486.0,77.4,7520.0,2768.0,135.0,164.0,82.3,186.0,218.0,85.3,52.0,91.0,57.1,1,1.3,1.1,9.0,30.0,4.0,0.0,35.0,486.0,426.0,58.0,10.0,1.0,7.0,11.0,29.0,3.0,3.0,0.0,0.0,376.0,2.0,7.0,25.0,16.0,2.0,1.0,4.0,1.0,1.0,6.0,4.0,0.0,0.0,2.0,0.0,0.0,23.0,17.0,12.0,9.0,2.0,11.0,23.0,47.8,12.0,23.0,5.0,18.0,22.0,45,24.0,0.0,54.0,648.0,92.0,299.0,219.0,137.0,28.0,648.0,27.0,11.0,40.7,16.0,59.3,399.0,1861.0,907.0,17.0,15.0,9.0,25.0,14.0,374.0,35.0,1,0,0,9.0,5.0,2.0,11.0,22.0,17.0,0.0,0.0,0,55.0,6.0,3.0,66.7
2023-01-15,18:00,Liga F,Matchweek 15,Sun,Away,L,2,4,Madrid CFF,Sevilla,2.4,1.4,60.0,,Paola Ulloa,3-4-1-2,Xiomara Díaz García,31.0,12.0,38.7,0.06,0.17,19.9,0.0,0,0,2.4,2.4,0.08,-0.4,-0.4,6.0,2.0,50.0,0,2.9,-1.1,1,1,0,0,1.0,1.0,100.0,6.0,0.0,16.7,25.8,4.0,0.0,16.0,7.0,0.0,0.0,1.0,32.0,352.0,461.0,76.4,6666.0,2803.0,164.0,193.0,85.0,129.0,160.0,80.6,55.0,87.0,63.2,1,1.5,1.3,26.0,50.0,14.0,8.0,66.0,461.0,414.0,45.0,9.0,0.0,3.0,37.0,16.0,11.0,7.0,2.0,0.0,352.0,2.0,9.0,58.0,48.0,3.0,1.0,4.0,1.0,1.0,3.0,2.0,0.0,0.0,1.0,0.0,0.0,21.0,19.0,6.0,13.0,2.0,4.0,9.0,44.4,5.0,7.0,1.0,6.0,3.0,24,9.0,0.0,60.0,583.0,25.0,112.0,270.0,206.0,42.0,583.0,12.0,4.0,33.3,8.0,66.7,295.0,2094.0,1133.0,32.0,19.0,8.0,21.0,2.0,348.0,64.0,2,0,0,16.0,8.0,2.0,37.0,3.0,19.0,0.0,1.0,0,71.0,18.0,14.0,56.3,6.0,5.0,83.3,0.5,0.6,26.3,2.0,1,1,1.4,0.6,0.1,2.6,2.4,12.0,10.0,83.3,0,2.7,0.7,0,0,0,0,13.0,30.0,43.3,22.0,3.0,77.3,48.2,15.0,86.7,47.7,30.0,2.0,6.7,2.0,13.6,202.0,303.0,66.7,4003.0,2091.0,76.0,99.0,76.8,98.0,124.0,79.0,27.0,69.0,39.1,3,0.5,0.5,3.0,17.0,3.0,2.0,23.0,303.0,243.0,60.0,15.0,1.0,2.0,10.0,25.0,2.0,1.0,0.0,0.0,202.0,0.0,9.0,14.0,9.0,1.0,1.0,0.0,3.0,0.0,8.0,7.0,0.0,0.0,0.0,1.0,0.0,10.0,6.0,8.0,2.0,0.0,8.0,12.0,66.7,4.0,17.0,8.0,9.0,11.0,21,34.0,1.0,40.0,436.0,84.0,201.0,180.0,60.0,6.0,435.0,9.0,5.0,55.6,4.0,44.4,228.0,1152.0,394.0,12.0,4.0,4.0,24.0,17.0,200.0,22.0,2,1,1,8.0,15.0,0.0,10.0,11.0,6.0,1.0,0.0,0,42.0,14.0,18.0,43.8
2023-01-25,20:00,Liga F,Matchweek 16,Wed,Home,D,2,2,Madrid CFF,Atlético Madrid,1.1,1.1,47.0,,Paola Ulloa,3-4-1-2,Ainara Andrea Acevedo Dudley,16.0,5.0,31.3,0.13,0.4,22.8,0.0,0,0,1.1,1.1,0.07,0.9,0.9,4.0,2.0,50.0,0,1.9,-0.1,0,0,0,0,0.0,0.0,,12.0,4.0,0.0,21.9,6.0,0.0,16.3,7.0,0.0,0.0,2.0,16.7,428.0,522.0,82.0,7724.0,3032.0,185.0,209.0,88.5,193.0,224.0,86.2,47.0,74.0,63.5,2,1.0,1.5,12.0,38.0,12.0,4.0,47.0,522.0,475.0,46.0,9.0,1.0,6.0,20.0,27.0,1.0,1.0,0.0,0.0,428.0,1.0,10.0,21.0,17.0,1.0,1.0,0.0,0.0,2.0,4.0,4.0,0.0,0.0,0.0,0.0,0.0,16.0,12.0,10.0,5.0,1.0,11.0,22.0,50.0,11.0,15.0,2.0,13.0,13.0,29,20.0,0.0,47.0,640.0,54.0,209.0,271.0,164.0,27.0,640.0,12.0,6.0,50.0,6.0,50.0,325.0,1346.0,729.0,18.0,14.0,3.0,24.0,8.0,424.0,45.0,2,0,0,12.0,5.0,1.0,20.0,13.0,12.0,0.0,0.0,0,64.0,1.0,6.0,14.3,12.0,4.0,33.3,0.17,0.5,18.5,1.0,0,0,1.1,1.1,0.09,0.9,0.9,5.0,3.0,60.0,0,2.2,0.2,0,0,0,0,4.0,6.0,66.7,18.0,8.0,16.7,26.3,10.0,30.0,27.4,16.0,0.0,0.0,0.0,,485.0,587.0,82.6,9403.0,2996.0,169.0,193.0,87.6,249.0,283.0,88.0,59.0,86.0,68.6,0,0.7,0.7,6.0,38.0,5.0,1.0,49.0,587.0,538.0,47.0,12.0,0.0,8.0,10.0,21.0,1.0,0.0,0.0,0.0,485.0,2.0,13.0,18.0,14.0,1.0,0.0,2.0,1.0,0.0,3.0,1.0,1.0,0.0,1.0,0.0,0.0,14.0,11.0,6.0,5.0,3.0,6.0,12.0,50.0,6.0,12.0,3.0,9.0,11.0,25,20.0,0.0,53.0,697.0,68.0,212.0,336.0,155.0,21.0,697.0,23.0,12.0,52.2,11.0,47.8,332.0,2009.0,1113.0,17.0,10.0,4.0,24.0,5.0,480.0,47.0,1,0,0,7.0,11.0,2.0,10.0,11.0,11.0,0.0,0.0,0,63.0,6.0,1.0,85.7
2023-01-28,14:00,Liga F,Matchweek 17,Sat,Away,W,3,1,Madrid CFF,Real Betis,2.6,1.2,57.0,,Paola Ulloa,3-4-1-2,Paola Cebollada López,13.0,6.0,46.2,0.15,0.33,20.0,0.0,1,1,2.6,1.9,0.14,0.4,0.1,2.0,1.0,100.0,0,1.1,0.1,1,1,0,0,3.0,3.0,100.0,7.0,2.0,14.3,16.4,13.0,15.4,18.3,5.0,0.0,0.0,1.0,20.3,312.0,439.0,71.1,5802.0,2415.0,127.0,170.0,74.7,139.0,184.0,75.5,37.0,66.0,56.1,2,1.8,0.9,11.0,24.0,9.0,1.0,36.0,439.0,378.0,58.0,9.0,2.0,5.0,14.0,30.0,4.0,2.0,2.0,0.0,312.0,3.0,5.0,24.0,20.0,1.0,1.0,0.0,2.0,0.0,6.0,5.0,0.0,0.0,0.0,1.0,0.0,23.0,18.0,9.0,10.0,4.0,2.0,6.0,33.3,4.0,4.0,0.0,4.0,2.0,25,12.0,0.0,57.0,542.0,49.0,209.0,231.0,108.0,18.0,541.0,14.0,7.0,50.0,7.0,50.0,300.0,1053.0,493.0,11.0,7.0,3.0,17.0,12.0,307.0,36.0,1,0,0,11.0,8.0,3.0,14.0,2.0,18.0,1.0,1.0,0,55.0,2.0,6.0,25.0,7.0,1.0,14.3,0.0,0.0,28.0,2.0,1,1,1.2,0.4,0.06,-0.2,-0.4,7.0,4.0,71.4,0,4.7,1.7,1,1,0,0,6.0,30.0,20.0,43.0,3.0,44.2,39.7,13.0,84.6,52.2,12.0,1.0,8.3,0.0,11.0,204.0,329.0,62.0,4090.0,1649.0,77.0,109.0,70.6,93.0,129.0,72.1,31.0,80.0,38.8,0,0.3,0.5,3.0,16.0,3.0,1.0,18.0,329.0,266.0,61.0,10.0,0.0,0.0,7.0,31.0,3.0,2.0,0.0,0.0,204.0,2.0,6.0,14.0,6.0,2.0,1.0,0.0,4.0,1.0,2.0,0.0,0.0,1.0,0.0,1.0,0.0,19.0,10.0,9.0,7.0,3.0,7.0,14.0,50.0,7.0,2.0,0.0,2.0,13.0,32,20.0,0.0,43.0,441.0,54.0,180.0,167.0,101.0,14.0,440.0,6.0,4.0,66.7,2.0,33.3,163.0,663.0,247.0,3.0,7.0,1.0,22.0,21.0,201.0,17.0,3,0,0,8.0,11.0,2.0,7.0,13.0,10.0,1.0,1.0,0,45.0,6.0,2.0,75.0
2023-02-05,12:00,Liga F,Matchweek 18,Sun,Home,D,2,2,Madrid CFF,Real Sociedad,1.6,1.5,51.0,,Paola Ulloa,5-3-2,Beatriz Cuesta Arribas,15.0,8.0,53.3,0.13,0.25,18.8,0.0,0,0,1.6,1.6,0.11,0.4,0.4,5.0,3.0,60.0,0,1.5,-0.5,0,0,0,0,1.0,3.0,33.3,18.0,4.0,16.7,25.4,6.0,16.7,19.5,7.0,0.0,0.0,1.0,17.5,342.0,490.0,69.8,5829.0,2385.0,170.0,210.0,81.0,133.0,166.0,80.1,31.0,75.0,41.3,2,1.3,1.0,10.0,24.0,11.0,4.0,47.0,490.0,437.0,48.0,6.0,0.0,5.0,21.0,27.0,6.0,2.0,3.0,0.0,342.0,5.0,12.0,23.0,21.0,0.0,2.0,0.0,0.0,0.0,4.0,3.0,0.0,1.0,0.0,0.0,0.0,19.0,15.0,8.0,7.0,4.0,2.0,7.0,28.6,5.0,11.0,2.0,9.0,10.0,29,7.0,0.0,51.0,594.0,40.0,190.0,252.0,159.0,24.0,594.0,13.0,9.0,69.2,4.0,30.8,271.0,1599.0,723.0,20.0,8.0,8.0,19.0,16.0,338.0,47.0,2,0,0,10.0,5.0,5.0,21.0,10.0,15.0,0.0,0.0,0,82.0,4.0,9.0,30.8,11.0,5.0,45.5,0.18,0.4,17.3,0.0,0,0,1.5,1.5,0.14,0.5,0.5,8.0,6.0,75.0,0,2.0,0.0,0,0,0,0,1.0,8.0,12.5,42.0,7.0,14.3,21.4,13.0,15.4,19.8,19.0,0.0,0.0,2.0,17.5,337.0,469.0,71.9,6076.0,2311.0,124.0,155.0,80.0,171.0,205.0,83.4,30.0,71.0,42.3,2,1.3,0.7,7.0,24.0,4.0,2.0,27.0,469.0,404.0,64.0,14.0,0.0,2.0,10.0,30.0,4.0,2.0,2.0,0.0,337.0,1.0,10.0,16.0,11.0,1.0,2.0,1.0,0.0,1.0,4.0,3.0,0.0,1.0,0.0,0.0,0.0,20.0,10.0,4.0,13.0,3.0,4.0,14.0,28.6,10.0,12.0,2.0,10.0,23.0,43,24.0,0.0,49.0,613.0,118.0,305.0,208.0,105.0,11.0,613.0,7.0,5.0,71.4,2.0,28.6,335.0,1522.0,592.0,8.0,0.0,3.0,22.0,17.0,334.0,27.0,0,0,0,5.0,10.0,1.0,10.0,23.0,10.0,0.0,0.0,0,71.0,8.0,4.0,66.7
2023-02-11,16:00,Liga F,Matchweek 19,Sat,Away,W,3,0,Madrid CFF,Villarreal,1.0,0.8,52.0,,Paola Ulloa,5-3-2,Elia María Martínez Martínez,11.0,4.0,36.4,0.27,0.75,16.5,0.0,0,0,1.0,1.0,0.09,2.0,2.0,1.0,1.0,100.0,1,0.1,0.1,0,0,0,0,0.0,1.0,0.0,15.0,5.0,6.7,21.5,10.0,0.0,20.0,18.0,0.0,0.0,0.0,,317.0,425.0,74.6,5499.0,2374.0,153.0,180.0,85.0,119.0,149.0,79.9,37.0,70.0,52.9,1,0.8,0.8,8.0,16.0,9.0,2.0,28.0,425.0,369.0,54.0,15.0,0.0,4.0,14.0,26.0,2.0,1.0,1.0,0.0,317.0,2.0,9.0,16.0,14.0,1.0,1.0,0.0,0.0,0.0,2.0,1.0,0.0,1.0,0.0,0.0,0.0,25.0,18.0,12.0,11.0,2.0,4.0,7.0,57.1,3.0,10.0,5.0,5.0,12.0,37,15.0,0.0,52.0,545.0,69.0,279.0,168.0,99.0,27.0,544.0,16.0,10.0,62.5,5.0,31.3,330.0,1594.0,732.0,15.0,12.0,7.0,25.0,24.0,312.0,28.0,1,0,0,11.0,13.0,2.0,14.0,12.0,18.0,0.0,0.0,0,60.0,5.0,1.0,83.3,11.0,1.0,9.1,0.0,0.0,19.3,0.0,0,0,0.8,0.8,0.07,-0.8,-0.8,4.0,1.0,25.0,0,1.9,-1.1,0,0,0,0,6.0,11.0,54.5,30.0,1.0,26.7,31.2,8.0,50.0,33.6,9.0,0.0,0.0,1.0,12.7,298.0,396.0,75.3,5845.0,2375.0,106.0,125.0,84.8,137.0,166.0,82.5,47.0,86.0,54.7,0,0.4,0.8,5.0,30.0,5.0,5.0,35.0,396.0,345.0,50.0,13.0,0.0,1.0,21.0,22.0,3.0,2.0,0.0,1.0,298.0,1.0,6.0,17.0,14.0,1.0,0.0,1.0,1.0,0.0,0.0,0.0,0.0,0.0,0.0,0.0,0.0,29.0,21.0,14.0,5.0,10.0,4.0,14.0,28.6,10.0,9.0,1.0,8.0,11.0,40,14.0,0.0,48.0,504.0,45.0,144.0,217.0,146.0,17.0,504.0,7.0,3.0,42.9,4.0,57.1,175.0,1239.0,424.0,11.0,6.0,1.0,23.0,20.0,290.0,32.0,2,0,0,14.0,10.0,1.0,21.0,11.0,21.0,0.0,0.0,0,50.0,1.0,6.0,14.3
2023-03-04,14:00,Liga F,Matchweek 20,Sat,Home,W,5,1,Madrid CFF,Alavés,1.4,0.9,60.0,,Paola Ulloa,5-3-2,Patricia Luna Varo,17.0,7.0,41.2,0.29,0.71,18.9,0.0,0,0,1.4,1.4,0.08,3.6,3.6,3.0,2.0,66.7,0,1.4,0.4,0,0,0,0,3.0,6.0,50.0,15.0,3.0,26.7,31.1,5.0,40.0,35.0,9.0,0.0,0.0,0.0,13.0,381.0,508.0,75.0,7259.0,3351.0,151.0,180.0,83.9,187.0,232.0,80.6,39.0,82.0,47.6,4,1.1,0.8,12.0,32.0,12.0,2.0,43.0,508.0,440.0,66.0,11.0,1.0,3.0,20.0,41.0,7.0,0.0,0.0,7.0,381.0,2.0,15.0,30.0,19.0,6.0,2.0,0.0,2.0,1.0,10.0,6.0,2.0,1.0,0.0,1.0,0.0,11.0,8.0,2.0,8.0,1.0,7.0,10.0,70.0,3.0,6.0,3.0,3.0,9.0,20,6.0,0.0,60.0,601.0,42.0,206.0,246.0,156.0,27.0,601.0,19.0,10.0,52.6,8.0,42.1,326.0,1409.0,565.0,10.0,7.0,5.0,23.0,7.0,378.0,43.0,1,0,0,14.0,10.0,2.0,20.0,9.0,8.0,0.0,0.0,0,58.0,7.0,5.0,58.3,8.0,3.0,37.5,0.13,0.33,16.1,0.0,0,0,0.9,0.9,0.11,0.1,0.1,7.0,2.0,28.6,0,3.0,-2.0,0,0,0,0,6.0,13.0,46.2,23.0,3.0,34.8,33.1,11.0,45.5,30.5,18.0,0.0,0.0,0.0,10.0,224.0,341.0,65.7,4560.0,1983.0,72.0,90.0,80.0,121.0,163.0,74.2,30.0,80.0,37.5,1,0.8,0.7,6.0,24.0,0.0,0.0,21.0,341.0,281.0,58.0,16.0,0.0,1.0,14.0,22.0,3.0,3.0,0.0,0.0,224.0,2.0,3.0,11.0,5.0,3.0,0.0,1.0,2.0,0.0,2.0,1.0,0.0,0.0,0.0,1.0,0.0,15.0,15.0,10.0,5.0,0.0,8.0,18.0,44.4,10.0,17.0,2.0,15.0,12.0,27,25.0,0.0,40.0,462.0,62.0,190.0,197.0,77.0,7.0,462.0,10.0,3.0,30.0,7.0,70.0,172.0,940.0,470.0,8.0,1.0,2.0,18.0,4.0,222.0,21.0,3,0,0,10.0,11.0,2.0,14.0,12.0,15.0,0.0,0.0,0,63.0,6.0,6.0,50.0
2023-03-12,14:00,Liga F,Matchweek 21,Sun,Away,L,2,5,Madrid CFF,UDG Tenerife,1.2,3.8,65.0,,Laura Domínguez,3-1-4-2,Amy Peñalver Pearce,13.0,4.0,30.8,0.15,0.5,22.9,2.0,0,0,1.2,1.2,0.1,0.8,0.8,11.0,6.0,72.7,0,6.0,1.0,2,2,0,0,1.0,3.0,33.3,13.0,7.0,23.1,25.7,10.0,0.0,16.8,12.0,0.0,0.0,1.0,18.0,452.0,579.0,78.1,7788.0,3281.0,221.0,262.0,84.4,180.0,215.0,83.7,44.0,80.0,55.0,2,0.7,0.5,7.0,34.0,5.0,0.0,45.0,579.0,517.0,59.0,11.0,0.0,2.0,11.0,30.0,2.0,2.0,0.0,0.0,452.0,3.0,14.0,21.0,16.0,1.0,1.0,2.0,1.0,0.0,4.0,4.0,0.0,0.0,0.0,0.0,0.0,17.0,11.0,10.0,5.0,2.0,9.0,23.0,39.1,14.0,13.0,0.0,13.0,5.0,22,17.0,0.0,65.0,678.0,61.0,266.0,280.0,138.0,16.0,678.0,16.0,12.0,75.0,3.0,18.8,446.0,1577.0,743.0,16.0,9.0,4.0,20.0,19.0,449.0,44.0,2,0,0,9.0,10.0,3.0,11.0,5.0,11.0,0.0,2.0,0,51.0,12.0,13.0,48.0,13.0,9.0,69.2,0.23,0.33,19.7,0.0,2,2,3.8,2.2,0.17,1.2,0.8,4.0,2.0,50.0,0,1.7,-0.3,0,0,0,0,5.0,18.0,27.8,18.0,2.0,66.7,51.4,7.0,85.7,52.1,10.0,1.0,10.0,0.0,12.0,196.0,312.0,62.8,4337.0,2146.0,61.0,78.0,78.2,92.0,120.0,76.7,40.0,90.0,44.4,2,1.2,1.3,8.0,17.0,14.0,1.0,22.0,312.0,258.0,52.0,9.0,0.0,3.0,17.0,29.0,4.0,2.0,1.0,0.0,196.0,2.0,14.0,25.0,14.0,3.0,2.0,0.0,3.0,3.0,10.0,3.0,1.0,2.0,0.0,3.0,1.0,21.0,16.0,6.0,10.0,5.0,3.0,15.0,20.0,12.0,18.0,4.0,14.0,17.0,38,32.0,1.0,35.0,445.0,52.0,171.0,149.0,134.0,27.0,443.0,23.0,14.0,60.9,9.0,39.1,188.0,1118.0,589.0,16.0,8.0,2.0,19.0,8.0,192.0,21.0,1,0,0,11.0,9.0,2.0,17.0,17.0,16.0,2.0,0.0,0,56.0,13.0,12.0,52.0
2023-03-18,12:00,Liga F,Matchweek 22,Sat,Home,W,3,2,Madrid CFF,Athletic Club,1.3,1.3,68.0,,Paola Ulloa,5-3-2,María Eugenia Gil Soriano,23.0,6.0,26.1,0.13,0.5,22.6,0.0,0,0,1.3,1.3,0.06,1.7,1.7,4.0,2.0,75.0,0,1.6,-0.4,1,1,0,0,1.0,2.0,50.0,17.0,8.0,0.0,22.7,9.0,22.2,22.6,10.0,0.0,0.0,1.0,16.0,543.0,668.0,81.3,9626.0,3684.0,242.0,299.0,80.9,249.0,280.0,88.9,46.0,78.0,59.0,2,0.9,1.1,17.0,50.0,11.0,3.0,59.0,668.0,611.0,56.0,11.0,1.0,3.0,17.0,28.0,5.0,4.0,1.0,0.0,543.0,1.0,13.0,39.0,27.0,4.0,4.0,3.0,0.0,1.0,5.0,4.0,0.0,0.0,1.0,0.0,0.0,9.0,5.0,3.0,5.0,1.0,2.0,14.0,14.3,12.0,12.0,4.0,8.0,10.0,19,14.0,0.0,68.0,789.0,60.0,281.0,322.0,192.0,20.0,789.0,28.0,22.0,78.6,6.0,21.4,532.0,2347.0,916.0,15.0,15.0,4.0,27.0,13.0,537.0,58.0,2,0,0,11.0,10.0,1.0,17.0,10.0,5.0,0.0,1.0,0,80.0,9.0,7.0,56.3,12.0,3.0,25.0,0.08,0.33,26.0,1.0,1,1,1.3,0.6,0.05,0.7,0.4,6.0,3.0,50.0,0,1.7,-1.3,0,0,0,0,2.0,9.0,22.2,19.0,6.0,15.8,30.9,9.0,66.7,39.2,14.0,0.0,0.0,3.0,19.0,165.0,308.0,53.6,3393.0,1867.0,59.0,92.0,64.1,76.0,111.0,68.5,29.0,89.0,32.6,1,0.1,0.1,5.0,14.0,0.0,0.0,19.0,308.0,261.0,45.0,10.0,0.0,0.0,14.0,19.0,2.0,2.0,0.0,0.0,165.0,2.0,10.0,17.0,4.0,4.0,1.0,2.0,3.0,3.0,2.0,0.0,0.0,1.0,0.0,1.0,0.0,18.0,14.0,6.0,6.0,6.0,6.0,28.0,21.4,22.0,20.0,8.0,12.0,19.0,37,24.0,0.0,32.0,429.0,61.0,191.0,144.0,101.0,14.0,428.0,14.0,12.0,85.7,2.0,14.3,136.0,972.0,347.0,7.0,6.0,3.0,17.0,6.0,159.0,18.0,2,0,0,10.0,9.0,2.0,14.0,19.0,14.0,1.0,0.0,0,81.0,7.0,9.0,43.8
2023-03-26,12:00,Liga F,Matchweek 23,Sun,Away,D,2,2,Madrid CFF,Levante Planas,1.8,1.6,52.0,,Paola Ulloa,5-3-2,Xiomara Díaz García,14.0,6.0,42.9,0.14,0.33,17.9,0.0,0,0,1.8,1.8,0.13,0.2,0.2,4.0,2.0,50.0,0,0.9,-1.1,0,0,0,0,2.0,5.0,40.0,12.0,6.0,16.7,23.8,12.0,25.0,23.8,8.0,1.0,12.5,0.0,9.0,297.0,419.0,70.9,6084.0,2614.0,105.0,131.0,80.2,127.0,155.0,81.9,56.0,105.0,53.3,2,1.7,1.8,11.0,25.0,4.0,0.0,30.0,419.0,357.0,58.0,16.0,1.0,4.0,13.0,21.0,6.0,1.0,0.0,5.0,297.0,4.0,10.0,22.0,15.0,2.0,4.0,1.0,0.0,0.0,4.0,2.0,0.0,2.0,0.0,0.0,0.0,24.0,17.0,13.0,7.0,4.0,7.0,18.0,38.9,11.0,10.0,3.0,7.0,10.0,34,11.0,0.0,52.0,531.0,60.0,223.0,202.0,110.0,27.0,531.0,23.0,12.0,52.2,11.0,47.8,205.0,1507.0,573.0,18.0,6.0,9.0,20.0,12.0,291.0,29.0,3,0,0,11.0,14.0,4.0,13.0,10.0,17.0,0.0,0.0,0,65.0,11.0,9.0,55.0,12.0,4.0,33.3,0.17,0.5,23.8,0.0,0,0,1.6,1.6,0.13,0.4,0.4,6.0,4.0,66.7,0,2.1,0.1,0,0,0,0,2.0,8.0,25.0,28.0,8.0,28.6,34.8,7.0,0.0,12.7,10.0,3.0,30.0,4.0,16.4,282.0,390.0,72.3,5606.0,2523.0,105.0,123.0,85.4,126.0,160.0,78.8,46.0,93.0,49.5,1,1.0,0.7,6.0,18.0,7.0,1.0,26.0,390.0,336.0,53.0,14.0,1.0,0.0,9.0,28.0,1.0,0.0,0.0,0.0,282.0,1.0,7.0,17.0,8.0,2.0,1.0,1.0,2.0,3.0,3.0,2.0,0.0,0.0,1.0,0.0,0.0,23.0,16.0,10.0,9.0,4.0,11.0,23.0,47.8,12.0,13.0,4.0,9.0,11.0,34,18.0,0.0,48.0,518.0,64.0,214.0,219.0,93.0,13.0,518.0,18.0,11.0,61.1,7.0,38.9,281.0,1346.0,446.0,7.0,14.0,2.0,30.0,17.0,279.0,25.0,1,0,0,14.0,11.0,1.0,9.0,11.0,16.0,0.0,0.0,0,72.0,9.0,11.0,45.0
2023-04-01,12:00,Liga F,Matchweek 24,Sat,Home,W,1,0,Madrid CFF,Levante,0.9,0.4,44.0,,Paola Ulloa,3-1-4-2,Arantza Gallastegui Pérez,15.0,7.0,46.7,0.07,0.14,23.3,1.0,0,0,0.9,0.9,0.06,0.1,0.1,4.0,4.0,100.0,1,0.3,0.3,0,0,0,0,1.0,4.0,25.0,16.0,5.0,25.0,29.9,9.0,0.0,12.7,15.0,0.0,0.0,0.0,8.5,297.0,411.0,72.3,4865.0,2531.0,159.0,181.0,87.8,99.0,133.0,74.4,31.0,66.0,47.0,1,0.4,0.8,8.0,23.0,9.0,1.0,36.0,411.0,354.0,55.0,10.0,1.0,3.0,11.0,33.0,2.0,0.0,0.0,2.0,297.0,2.0,9.0,20.0,13.0,3.0,0.0,1.0,1.0,2.0,2.0,1.0,0.0,0.0,0.0,0.0,1.0,23.0,13.0,15.0,8.0,0.0,17.0,21.0,81.0,4.0,15.0,3.0,12.0,8.0,31,14.0,0.0,44.0,520.0,60.0,192.0,208.0,123.0,13.0,520.0,12.0,4.0,33.3,8.0,66.7,219.0,1211.0,457.0,13.0,12.0,1.0,23.0,15.0,290.0,35.0,1,0,0,9.0,9.0,2.0,11.0,8.0,13.0,0.0,0.0,0,51.0,3.0,4.0,42.9,10.0,4.0,40.0,0.0,0.0,28.0,2.0,0,0,0.4,0.4,0.04,-0.4,-0.4,7.0,6.0,85.7,0,0.9,-0.1,0,0,0,0,0.0,1.0,0.0,23.0,11.0,0.0,18.2,10.0,10.0,22.0,11.0,0.0,0.0,3.0,14.0,398.0,523.0,76.1,6852.0,3107.0,193.0,236.0,81.8,160.0,184.0,87.0,37.0,73.0,50.7,0,0.2,0.3,6.0,39.0,4.0,1.0,50.0,523.0,472.0,49.0,9.0,0.0,1.0,15.0,24.0,4.0,4.0,0.0,0.0,398.0,2.0,12.0,19.0,13.0,2.0,1.0,0.0,3.0,0.0,0.0,0.0,0.0,0.0,0.0,0.0,0.0,23.0,15.0,8.0,12.0,3.0,8.0,12.0,66.7,4.0,12.0,3.0,9.0,14.0,37,15.0,0.0,56.0,652.0,66.0,202.0,297.0,157.0,13.0,652.0,22.0,4.0,18.2,17.0,77.3,408.0,1649.0,922.0,19.0,12.0,3.0,19.0,6.0,396.0,50.0,2,0,0,9.0,8.0,2.0,15.0,14.0,15.0,0.0,0.0,0,59.0,4.0,3.0,57.1
2023-04-16,16:00,Liga F,Matchweek 25,Sun,Home,D,0,0,Madrid CFF,Sevilla,1.6,1.7,60.0,,Paola Ulloa,5-3-2,Marta Huerta de Aza,17.0,5.0,29.4,0.0,0.0,17.9,0.0,0,0,1.6,1.6,0.09,-1.6,-1.6,2.0,2.0,100.0,1,0.7,0.7,0,0,0,0,2.0,3.0,66.7,13.0,8.0,15.4,19.6,13.0,7.7,14.4,10.0,0.0,0.0,0.0,,430.0,542.0,79.3,7377.0,3097.0,201.0,221.0,91.0,182.0,224.0,81.3,37.0,68.0,54.4,0,1.5,1.5,14.0,41.0,13.0,3.0,56.0,542.0,486.0,55.0,12.0,0.0,7.0,22.0,25.0,4.0,2.0,2.0,0.0,430.0,1.0,16.0,31.0,24.0,2.0,2.0,1.0,1.0,1.0,0.0,0.0,0.0,0.0,0.0,0.0,0.0,17.0,10.0,4.0,10.0,3.0,5.0,10.0,50.0,5.0,8.0,3.0,5.0,11.0,28,14.0,0.0,60.0,661.0,59.0,216.0,273.0,178.0,32.0,661.0,25.0,13.0,52.0,12.0,48.0,375.0,2009.0,1237.0,27.0,9.0,6.0,21.0,8.0,428.0,56.0,2,0,0,12.0,9.0,1.0,22.0,11.0,10.0,0.0,0.0,0,64.0,9.0,9.0,50.0,14.0,2.0,14.3,0.0,0.0,14.7,0.0,0,0,1.7,1.7,0.12,-1.7,-1.7,5.0,5.0,100.0,1,1.2,1.2,0,0,0,0,5.0,19.0,26.3,26.0,9.0,30.8,34.7,16.0,68.8,45.0,19.0,4.0,21.1,0.0,5.2,259.0,361.0,71.7,4943.0,2491.0,113.0,136.0,83.1,98.0,121.0,81.0,42.0,85.0,49.4,0,1.0,0.9,11.0,20.0,7.0,0.0,26.0,361.0,300.0,60.0,12.0,1.0,3.0,15.0,28.0,3.0,2.0,1.0,0.0,259.0,1.0,5.0,24.0,14.0,6.0,1.0,1.0,2.0,0.0,0.0,0.0,0.0,0.0,0.0,0.0,0.0,20.0,12.0,10.0,6.0,4.0,12.0,25.0,48.0,13.0,17.0,3.0,14.0,10.0,30,21.0,0.0,40.0,479.0,74.0,207.0,175.0,101.0,21.0,479.0,10.0,5.0,50.0,5.0,50.0,267.0,1165.0,523.0,11.0,10.0,2.0,18.0,12.0,253.0,26.0,0,0,0,10.0,10.0,1.0,15.0,10.0,12.0,0.0,0.0,0,55.0,9.0,9.0,50.0
2023-04-23,16:00,Liga F,Matchweek 26,Sun,Away,W,2,1,Madrid CFF,Sporting Huelva,1.8,1.3,66.0,,Paola Ulloa,3-1-4-2,Paola Cebollada López,14.0,6.0,42.9,0.14,0.33,18.2,0.0,0,0,1.8,1.8,0.13,0.2,0.2,3.0,2.0,66.7,0,1.1,0.1,0,0,0,0,1.0,1.0,100.0,13.0,6.0,7.7,16.8,12.0,0.0,9.3,12.0,1.0,8.3,1.0,12.5,471.0,629.0,74.9,8016.0,3317.0,218.0,273.0,79.9,190.0,238.0,79.8,45.0,72.0,62.5,2,1.7,0.6,13.0,31.0,9.0,2.0,47.0,629.0,566.0,60.0,12.0,0.0,0.0,7.0,30.0,4.0,3.0,1.0,0.0,471.0,3.0,9.0,23.0,19.0,0.0,1.0,1.0,0.0,2.0,2.0,2.0,0.0,0.0,0.0,0.0,0.0,11.0,8.0,8.0,2.0,1.0,0.0,8.0,0.0,8.0,8.0,1.0,7.0,9.0,20,6.0,0.0,66.0,715.0,63.0,245.0,348.0,130.0,15.0,715.0,9.0,5.0,55.6,4.0,44.4,366.0,1679.0,885.0,17.0,7.0,4.0,27.0,17.0,468.0,47.0,3,0,0,7.0,9.0,3.0,7.0,9.0,8.0,0.0,0.0,0,62.0,7.0,7.0,50.0,8.0,3.0,37.5,0.13,0.33,20.9,0.0,0,0,1.3,1.3,0.17,-0.3,-0.3,6.0,4.0,66.7,0,2.8,0.8,0,0,0,0,6.0,10.0,60.0,18.0,6.0,33.3,33.7,12.0,33.3,30.3,6.0,0.0,0.0,2.0,11.5,182.0,326.0,55.8,3567.0,1891.0,60.0,101.0,59.4,80.0,111.0,72.1,30.0,77.0,39.0,1,1.1,0.5,4.0,20.0,3.0,1.0,17.0,326.0,272.0,51.0,10.0,0.0,1.0,12.0,22.0,3.0,2.0,1.0,0.0,182.0,3.0,7.0,7.0,5.0,0.0,1.0,1.0,0.0,0.0,2.0,2.0,0.0,0.0,0.0,0.0,0.0,21.0,18.0,8.0,11.0,2.0,4.0,9.0,44.4,5.0,11.0,2.0,9.0,17.0,38,15.0,0.0,34.0,435.0,46.0,150.0,193.0,98.0,11.0,435.0,8.0,8.0,100.0,0.0,0.0,139.0,906.0,401.0,9.0,3.0,1.0,15.0,11.0,180.0,16.0,2,0,0,9.0,7.0,3.0,12.0,17.0,18.0,0.0,0.0,0,65.0,7.0,7.0,50.0
2023-04-30,18:00,Liga F,Matchweek 27,Sun,Away,L,2,3,Madrid CFF,Real Madrid,1.5,0.7,39.0,,Paola Ulloa,3-4-1-2,Zulema González González,12.0,5.0,41.7,0.17,0.4,19.6,0.0,0,0,1.5,1.5,0.13,0.5,0.5,3.0,0.0,0.0,0,1.0,-2.0,0,0,0,0,2.0,7.0,28.6,11.0,3.0,27.3,33.4,13.0,30.8,31.2,17.0,1.0,5.9,0.0,4.0,266.0,370.0,71.9,4607.0,2490.0,127.0,151.0,84.1,88.0,114.0,77.2,35.0,66.0,53.0,1,1.3,0.5,11.0,18.0,7.0,0.0,27.0,370.0,314.0,50.0,6.0,1.0,1.0,9.0,25.0,2.0,1.0,1.0,0.0,266.0,6.0,11.0,23.0,16.0,4.0,2.0,0.0,1.0,0.0,4.0,4.0,0.0,0.0,0.0,0.0,0.0,20.0,16.0,14.0,2.0,4.0,10.0,12.0,83.3,2.0,11.0,3.0,8.0,21.0,41,16.0,0.0,39.0,481.0,68.0,225.0,179.0,82.0,18.0,481.0,15.0,7.0,46.7,8.0,53.3,157.0,1066.0,409.0,12.0,4.0,7.0,15.0,9.0,264.0,27.0,2,0,0,7.0,6.0,6.0,9.0,21.0,16.0,0.0,0.0,0,56.0,7.0,3.0,70.0,12.0,3.0,25.0,0.25,1.0,19.2,0.0,0,0,0.7,0.7,0.05,2.3,2.3,5.0,3.0,60.0,0,1.8,-0.2,0,0,0,0,3.0,4.0,75.0,12.0,0.0,25.0,29.8,10.0,10.0,19.4,8.0,0.0,0.0,4.0,18.5,473.0,585.0,80.9,9525.0,3089.0,169.0,202.0,83.7,227.0,254.0,89.4,72.0,106.0,67.9,3,0.4,0.5,7.0,45.0,10.0,1.0,54.0,585.0,519.0,66.0,13.0,0.0,9.0,27.0,32.0,8.0,3.0,0.0,2.0,473.0,0.0,13.0,21.0,20.0,0.0,0.0,1.0,0.0,0.0,6.0,6.0,0.0,0.0,0.0,0.0,0.0,17.0,12.0,5.0,8.0,4.0,8.0,15.0,53.3,7.0,12.0,1.0,11.0,15.0,32,10.0,1.0,61.0,685.0,55.0,180.0,317.0,194.0,19.0,685.0,12.0,2.0,16.7,10.0,83.3,330.0,1594.0,831.0,18.0,13.0,2.0,12.0,10.0,473.0,54.0,1,0,0,6.0,6.0,0.0,27.0,15.0,12.0,0.0,0.0,0,49.0,3.0,7.0,30.0
2023-05-06,16:00,Liga F,Matchweek 28,Sat,Home,W,6,2,Madrid CFF,Alhama,2.8,0.3,67.0,,Paola Ulloa,3-4-1-2,Raquel Suárez González,30.0,11.0,36.7,0.2,0.55,18.8,1.0,0,0,2.8,2.8,0.1,3.2,3.2,3.0,1.0,33.3,0,0.6,-1.4,0,0,0,0,1.0,3.0,33.3,20.0,7.0,15.0,23.6,4.0,0.0,17.0,8.0,0.0,0.0,2.0,21.8,400.0,537.0,74.5,6788.0,3268.0,196.0,229.0,85.6,159.0,204.0,77.9,37.0,76.0,48.7,4,2.1,1.3,23.0,36.0,14.0,3.0,51.0,537.0,473.0,61.0,17.0,1.0,1.0,14.0,32.0,5.0,0.0,0.0,4.0,400.0,3.0,11.0,50.0,35.0,6.0,6.0,2.0,1.0,0.0,10.0,9.0,0.0,1.0,0.0,0.0,0.0,7.0,7.0,3.0,4.0,0.0,1.0,5.0,20.0,4.0,3.0,1.0,2.0,11.0,18,7.0,1.0,67.0,624.0,40.0,202.0,261.0,166.0,32.0,624.0,17.0,11.0,64.7,6.0,35.3,325.0,1720.0,898.0,26.0,17.0,10.0,21.0,6.0,397.0,51.0,1,0,0,10.0,13.0,3.0,14.0,11.0,7.0,0.0,0.0,0,65.0,17.0,5.0,77.3,5.0,3.0,60.0,0.4,0.67,28.5,3.0,0,0,0.3,0.3,0.06,1.7,1.7,11.0,5.0,45.5,0,1.4,-4.6,0,0,0,0,8.0,30.0,26.7,18.0,0.0,77.8,48.7,17.0,94.1,51.7,12.0,1.0,8.3,1.0,12.3,130.0,265.0,49.1,2776.0,1653.0,54.0,85.0,63.5,49.0,73.0,67.1,26.0,96.0,27.1,0,0.0,0.1,1.0,14.0,2.0,1.0,12.0,265.0,203.0,57.0,10.0,0.0,3.0,9.0,23.0,0.0,0.0,0.0,0.0,130.0,5.0,3.0,7.0,3.0,0.0,1.0,1.0,2.0,0.0,3.0,2.0,0.0,0.0,1.0,0.0,0.0,12.0,8.0,9.0,3.0,0.0,6.0,17.0,35.3,11.0,16.0,4.0,12.0,28.0,40,13.0,1.0,33.0,357.0,58.0,165.0,143.0,55.0,3.0,357.0,5.0,4.0,80.0,1.0,20.0,156.0,648.0,198.0,3.0,5.0,1.0,20.0,6.0,127.0,12.0,2,0,0,14.0,8.0,5.0,9.0,28.0,8.0,0.0,0.0,0,58.0,5.0,17.0,22.7
2023-05-14,18:00,Liga F,Matchweek 29,Sun,Away,W,2,0,Madrid CFF,Valencia,2.9,0.2,61.0,,Paola Ulloa,5-3-2,Elia María Martínez Martínez,28.0,13.0,46.4,0.07,0.15,18.6,0.0,0,0,2.9,2.9,0.1,-0.9,-0.9,1.0,1.0,100.0,1,0.3,0.3,0,0,0,0,0.0,0.0,,7.0,2.0,0.0,17.7,7.0,0.0,15.3,9.0,0.0,0.0,0.0,6.0,530.0,623.0,85.1,8836.0,3457.0,252.0,281.0,89.7,235.0,265.0,88.7,34.0,52.0,65.4,2,2.6,2.6,23.0,45.0,17.0,1.0,64.0,623.0,579.0,41.0,6.0,0.0,2.0,17.0,20.0,7.0,0.0,0.0,6.0,530.0,3.0,12.0,49.0,40.0,4.0,1.0,3.0,0.0,1.0,4.0,4.0,0.0,0.0,0.0,0.0,0.0,25.0,15.0,11.0,7.0,7.0,8.0,19.0,42.1,11.0,17.0,2.0,15.0,14.0,39,7.0,0.0,61.0,734.0,40.0,171.0,343.0,227.0,48.0,734.0,15.0,10.0,66.7,5.0,33.3,513.0,2141.0,1067.0,30.0,19.0,11.0,13.0,7.0,526.0,64.0,1,0,0,10.0,5.0,3.0,17.0,14.0,15.0,0.0,0.0,0,58.0,2.0,2.0,50.0,5.0,1.0,20.0,0.0,0.0,28.4,1.0,0,0,0.2,0.2,0.03,-0.2,-0.2,13.0,11.0,84.6,0,3.7,1.7,0,0,0,0,2.0,9.0,22.2,30.0,13.0,20.0,28.9,8.0,37.5,33.4,12.0,3.0,25.0,0.0,5.7,297.0,391.0,76.0,5560.0,2269.0,122.0,143.0,85.3,140.0,165.0,84.8,32.0,60.0,53.3,0,0.0,0.2,1.0,22.0,4.0,1.0,24.0,391.0,341.0,48.0,12.0,0.0,0.0,13.0,23.0,2.0,0.0,0.0,2.0,297.0,2.0,15.0,7.0,6.0,0.0,0.0,0.0,1.0,0.0,0.0,0.0,0.0,0.0,0.0,0.0,0.0,12.0,7.0,6.0,5.0,1.0,5.0,15.0,33.3,10.0,17.0,5.0,12.0,9.0,21,20.0,0.0,39.0,491.0,86.0,233.0,181.0,82.0,10.0,491.0,19.0,11.0,57.9,8.0,42.1,197.0,1334.0,775.0,13.0,8.0,1.0,20.0,17.0,293.0,23.0,1,0,0,6.0,8.0,2.0,13.0,9.0,7.0,0.0,0.0,0,47.0,2.0,2.0,50.0
2023-05-21,12:00,Liga F,Matchweek 30,Sun,Home,W,2,1,Madrid CFF,Barcelona,1.9,1.9,28.0,,Paola Ulloa,5-3-2,Elena Peláez Arnillas,6.0,4.0,66.7,0.33,0.5,12.2,0.0,0,0,1.9,1.9,0.33,0.1,0.1,5.0,4.0,80.0,0,0.4,-0.6,0,0,0,0,0.0,5.0,0.0,12.0,6.0,25.0,27.3,21.0,9.5,17.9,37.0,1.0,2.7,0.0,6.3,195.0,287.0,67.9,3249.0,1645.0,115.0,140.0,82.1,59.0,83.0,71.1,19.0,48.0,39.6,2,2.0,0.5,6.0,11.0,2.0,0.0,9.0,287.0,232.0,52.0,11.0,2.0,3.0,2.0,18.0,0.0,0.0,0.0,0.0,195.0,3.0,6.0,12.0,9.0,0.0,2.0,1.0,0.0,0.0,4.0,3.0,0.0,1.0,0.0,0.0,0.0,17.0,11.0,14.0,2.0,1.0,11.0,20.0,55.0,9.0,18.0,4.0,14.0,14.0,31,32.0,0.0,28.0,411.0,105.0,272.0,117.0,30.0,9.0,411.0,11.0,6.0,54.5,5.0,45.5,161.0,912.0,445.0,6.0,3.0,4.0,12.0,10.0,190.0,9.0,2,0,0,12.0,8.0,3.0,2.0,14.0,11.0,0.0,0.0,0,44.0,5.0,9.0,35.7,21.0,5.0,23.8,0.05,0.2,17.9,1.0,0,0,1.9,1.9,0.09,-0.9,-0.9,4.0,2.0,50.0,0,2.4,0.4,0,0,0,0,0.0,2.0,0.0,22.0,1.0,9.1,23.5,3.0,0.0,25.7,1.0,0.0,0.0,6.0,29.2,624.0,731.0,85.4,9189.0,3368.0,355.0,376.0,94.4,210.0,239.0,87.9,37.0,64.0,57.8,1,1.7,2.7,17.0,58.0,24.0,7.0,82.0,731.0,666.0,62.0,14.0,1.0,2.0,45.0,31.0,11.0,6.0,5.0,0.0,624.0,3.0,16.0,37.0,25.0,5.0,2.0,2.0,3.0,0.0,2.0,1.0,1.0,0.0,0.0,0.0,0.0,15.0,6.0,1.0,10.0,4.0,5.0,11.0,45.5,6.0,6.0,0.0,6.0,8.0,23,1.0,0.0,72.0,823.0,23.0,100.0,364.0,365.0,49.0,823.0,20.0,9.0,45.0,11.0,55.0,504.0,2412.0,1278.0,19.0,23.0,7.0,14.0,6.0,621.0,81.0,4,0,0,9.0,12.0,3.0,45.0,8.0,6.0,0.0,0.0,0,59.0,9.0,5.0,64.3
2022-09-17,18:00,Liga F,Matchweek 2,Sat,Home,L,1,3,Sevilla,Atlético Madrid,1.1,1.4,47.0,,Amanda Sampedro,4-2-3-1,Zulema González González,12.0,5.0,41.7,0.08,0.2,16.5,0.0,0,0,1.1,1.1,0.09,-0.1,-0.1,4.0,2.0,25.0,0,1.4,-0.6,0,0,0,0,2.0,7.0,28.6,13.0,1.0,30.8,31.2,12.0,25.0,25.0,12.0,1.0,8.3,4.0,28.6,276.0,384.0,71.9,4696.0,2130.0,110.0,136.0,80.9,121.0,144.0,84.0,25.0,63.0,39.7,1,0.5,0.9,6.0,27.0,8.0,3.0,45.0,384.0,326.0,57.0,13.0,2.0,1.0,26.0,25.0,3.0,3.0,0.0,0.0,276.0,1.0,13.0,17.0,14.0,2.0,0.0,0.0,1.0,0.0,2.0,2.0,0.0,0.0,0.0,0.0,0.0,18.0,12.0,11.0,5.0,2.0,2.0,12.0,16.7,10.0,9.0,1.0,8.0,12.0,30,16.0,0.0,47.0,486.0,49.0,159.0,175.0,158.0,20.0,486.0,7.0,2.0,28.6,5.0,71.4,228.0,1363.0,683.0,14.0,12.0,2.0,17.0,8.0,276.0,45.0,2,1,0,10.0,7.0,1.0,26.0,12.0,12.0,0.0,0.0,1,50.0,7.0,8.0,46.7,14.0,4.0,28.6,0.14,0.5,19.0,1.0,0,0,1.4,1.4,0.1,0.6,0.6,5.0,4.0,80.0,0,0.7,-0.3,0,0,0,0,5.0,10.0,50.0,23.0,5.0,17.4,29.0,13.0,46.2,38.3,19.0,2.0,10.5,0.0,6.3,326.0,426.0,76.5,6485.0,2929.0,120.0,145.0,82.8,157.0,185.0,84.9,48.0,76.0,63.2,2,1.2,0.6,10.0,25.0,3.0,0.0,25.0,426.0,370.0,50.0,9.0,2.0,0.0,12.0,21.0,5.0,1.0,4.0,0.0,326.0,6.0,8.0,20.0,16.0,1.0,2.0,0.0,1.0,0.0,4.0,4.0,0.0,0.0,0.0,0.0,0.0,13.0,6.0,6.0,7.0,0.0,5.0,7.0,71.4,2.0,10.0,1.0,9.0,20.0,33,26.0,0.0,53.0,536.0,66.0,232.0,205.0,104.0,14.0,536.0,12.0,10.0,83.3,2.0,16.7,344.0,1878.0,789.0,8.0,17.0,7.0,19.0,16.0,322.0,25.0,1,0,0,7.0,9.0,6.0,12.0,20.0,6.0,0.0,0.0,0,52.0,8.0,7.0,53.3
2022-09-24,16:00,Liga F,Matchweek 3,Sat,Away,L,0,2,Sevilla,Valencia,1.3,2.8,56.0,,Amanda Sampedro,4-2-3-1,Paola Cebollada López,11.0,4.0,36.4,0.0,0.0,18.9,0.0,0,0,1.3,1.3,0.12,-1.3,-1.3,7.0,5.0,85.7,0,1.7,-0.3,1,1,0,0,5.0,11.0,45.5,22.0,4.0,40.9,36.3,6.0,33.3,32.5,12.0,1.0,8.3,1.0,11.0,268.0,379.0,70.7,5397.0,2682.0,111.0,143.0,77.6,111.0,137.0,81.0,44.0,76.0,57.9,0,1.2,1.6,7.0,27.0,10.0,4.0,39.0,379.0,312.0,62.0,14.0,0.0,1.0,18.0,31.0,8.0,5.0,1.0,0.0,268.0,5.0,8.0,17.0,16.0,0.0,0.0,0.0,1.0,0.0,0.0,0.0,0.0,0.0,0.0,0.0,0.0,19.0,11.0,7.0,9.0,3.0,11.0,15.0,73.3,4.0,21.0,9.0,12.0,6.0,25,29.0,0.0,56.0,514.0,69.0,174.0,192.0,153.0,19.0,514.0,9.0,1.0,11.1,8.0,88.9,250.0,1349.0,730.0,18.0,6.0,3.0,22.0,9.0,264.0,39.0,2,0,0,12.0,12.0,5.0,18.0,6.0,11.0,0.0,1.0,0,57.0,7.0,4.0,63.6,19.0,6.0,31.6,0.05,0.17,16.7,0.0,1,1,2.8,2.0,0.11,-0.8,-1.0,4.0,4.0,100.0,1,2.6,2.6,0,0,0,0,3.0,7.0,42.9,29.0,6.0,17.2,28.4,8.0,25.0,24.4,14.0,3.0,21.4,1.0,11.0,184.0,299.0,61.5,3350.0,1809.0,74.0,109.0,67.9,67.0,87.0,77.0,28.0,59.0,47.5,1,1.1,0.6,13.0,14.0,6.0,0.0,20.0,299.0,231.0,65.0,16.0,0.0,2.0,14.0,32.0,8.0,3.0,5.0,0.0,184.0,3.0,12.0,29.0,14.0,8.0,1.0,2.0,4.0,0.0,4.0,2.0,0.0,1.0,0.0,1.0,0.0,17.0,10.0,8.0,7.0,2.0,8.0,9.0,88.9,1.0,10.0,1.0,9.0,11.0,28,12.0,0.0,44.0,431.0,59.0,169.0,149.0,120.0,39.0,430.0,15.0,4.0,26.7,11.0,73.3,193.0,1276.0,699.0,15.0,8.0,7.0,17.0,8.0,178.0,20.0,2,0,0,12.0,10.0,3.0,14.0,11.0,10.0,1.0,0.0,0,51.0,4.0,7.0,36.4
2022-10-02,16:00,Liga F,Matchweek 4,Sun,Home,D,2,2,Sevilla,Real Sociedad,1.7,1.3,33.0,,Nagore Calderón,3-4-1-2,Elisabeth Calvo Valentín,7.0,4.0,57.1,0.14,0.25,21.5,0.0,1,1,1.7,0.9,0.13,0.3,0.1,8.0,6.0,75.0,0,1.9,-0.1,0,0,0,0,6.0,14.0,42.9,20.0,7.0,50.0,35.8,6.0,66.7,34.2,19.0,1.0,5.3,1.0,21.3,179.0,275.0,65.1,3460.0,1841.0,66.0,91.0,72.5,85.0,110.0,77.3,22.0,55.0,40.0,1,0.9,0.5,6.0,14.0,1.0,1.0,21.0,275.0,221.0,50.0,11.0,0.0,0.0,9.0,30.0,0.0,0.0,0.0,0.0,179.0,4.0,6.0,14.0,8.0,1.0,2.0,0.0,2.0,1.0,4.0,2.0,0.0,1.0,0.0,1.0,0.0,25.0,21.0,10.0,14.0,1.0,12.0,17.0,70.6,5.0,11.0,7.0,4.0,9.0,34,9.0,0.0,33.0,366.0,44.0,136.0,157.0,81.0,13.0,365.0,15.0,11.0,73.3,4.0,26.7,144.0,998.0,548.0,14.0,12.0,4.0,18.0,7.0,176.0,19.0,2,0,0,10.0,11.0,4.0,9.0,9.0,21.0,1.0,0.0,0,49.0,7.0,8.0,46.7,20.0,8.0,40.0,0.1,0.25,18.3,0.0,0,0,1.3,1.3,0.07,0.7,0.7,5.0,3.0,80.0,0,2.2,0.2,1,1,0,0,1.0,4.0,25.0,22.0,4.0,13.6,26.7,10.0,10.0,19.2,5.0,1.0,20.0,1.0,14.3,470.0,559.0,84.1,8846.0,3240.0,193.0,213.0,90.6,217.0,246.0,88.2,56.0,86.0,65.1,2,1.2,0.7,15.0,44.0,7.0,5.0,57.0,559.0,507.0,51.0,14.0,0.0,7.0,22.0,19.0,5.0,2.0,3.0,0.0,470.0,1.0,5.0,35.0,26.0,3.0,1.0,4.0,1.0,0.0,2.0,1.0,1.0,0.0,0.0,0.0,0.0,11.0,5.0,3.0,6.0,2.0,4.0,15.0,26.7,11.0,7.0,1.0,6.0,13.0,24,11.0,1.0,67.0,654.0,64.0,203.0,312.0,148.0,18.0,654.0,17.0,5.0,29.4,12.0,70.6,452.0,2434.0,1161.0,19.0,15.0,1.0,19.0,13.0,466.0,56.0,2,0,0,11.0,10.0,1.0,22.0,13.0,5.0,0.0,1.0,0,63.0,8.0,7.0,53.3
2022-10-16,12:00,Liga F,Matchweek 5,Sun,Away,W,5,0,Sevilla,Villarreal,2.2,0.4,50.0,,Nagore Calderón,3-4-3,Olatz Rivera Olmedo,10.0,8.0,80.0,0.5,0.63,15.3,1.0,0,0,2.2,2.2,0.22,2.8,2.8,1.0,1.0,100.0,1,0.1,0.1,0,0,0,0,1.0,7.0,14.3,31.0,9.0,12.9,28.0,8.0,37.5,27.0,15.0,2.0,13.3,1.0,10.3,361.0,461.0,78.3,6841.0,2859.0,132.0,157.0,84.1,179.0,213.0,84.0,43.0,72.0,59.7,3,1.1,1.2,6.0,28.0,7.0,3.0,34.0,461.0,415.0,43.0,14.0,3.0,5.0,15.0,19.0,1.0,1.0,0.0,0.0,361.0,3.0,5.0,12.0,8.0,1.0,2.0,0.0,1.0,0.0,7.0,5.0,0.0,2.0,0.0,0.0,0.0,11.0,7.0,5.0,5.0,1.0,7.0,11.0,63.6,4.0,12.0,2.0,10.0,15.0,26,9.0,1.0,50.0,551.0,55.0,242.0,213.0,102.0,17.0,551.0,19.0,11.0,57.9,8.0,42.1,378.0,1732.0,714.0,13.0,6.0,5.0,24.0,20.0,356.0,34.0,0,0,0,5.0,15.0,3.0,15.0,15.0,7.0,0.0,0.0,0,70.0,7.0,4.0,63.6,5.0,1.0,20.0,0.0,0.0,17.9,0.0,0,0,0.4,0.4,0.07,-0.4,-0.4,8.0,3.0,37.5,0,3.2,-1.8,0,0,0,0,1.0,4.0,25.0,30.0,5.0,10.0,23.8,5.0,20.0,14.6,13.0,0.0,0.0,2.0,15.0,350.0,461.0,75.9,6423.0,2529.0,130.0,154.0,84.4,189.0,225.0,84.0,27.0,59.0,45.8,0,0.2,0.2,3.0,20.0,2.0,1.0,30.0,461.0,417.0,44.0,8.0,0.0,2.0,17.0,22.0,3.0,2.0,0.0,0.0,350.0,0.0,11.0,8.0,7.0,0.0,1.0,0.0,0.0,0.0,0.0,0.0,0.0,0.0,0.0,0.0,0.0,28.0,12.0,8.0,12.0,8.0,8.0,19.0,42.1,11.0,5.0,1.0,4.0,16.0,44,8.0,2.0,50.0,562.0,51.0,175.0,264.0,127.0,8.0,562.0,11.0,4.0,36.4,7.0,63.6,274.0,1537.0,861.0,16.0,6.0,2.0,17.0,4.0,341.0,28.0,2,0,0,15.0,5.0,0.0,17.0,16.0,12.0,0.0,0.0,0,65.0,4.0,7.0,36.4
2022-10-23,18:00,Liga F,Matchweek 6,Sun,Home,W,2,0,Sevilla,Alhama,1.5,0.1,64.0,,Nagore Calderón,3-4-3,María Eugenia Gil Soriano,12.0,4.0,33.3,0.17,0.5,18.1,3.0,0,0,1.5,1.5,0.12,0.5,0.5,2.0,2.0,100.0,1,0.3,0.3,0,0,0,0,2.0,4.0,50.0,19.0,6.0,15.8,26.6,5.0,20.0,28.0,10.0,1.0,10.0,4.0,22.0,422.0,547.0,77.1,8406.0,3477.0,138.0,167.0,82.6,216.0,262.0,82.4,61.0,93.0,65.6,2,1.1,0.7,7.0,37.0,8.0,3.0,51.0,547.0,481.0,65.0,13.0,1.0,4.0,19.0,42.0,4.0,1.0,3.0,0.0,422.0,1.0,11.0,19.0,11.0,1.0,3.0,1.0,3.0,0.0,3.0,1.0,1.0,1.0,0.0,0.0,0.0,12.0,7.0,6.0,5.0,1.0,6.0,6.0,100.0,0.0,9.0,1.0,8.0,12.0,24,17.0,0.0,64.0,649.0,34.0,175.0,322.0,157.0,17.0,649.0,19.0,12.0,63.2,7.0,36.8,448.0,2084.0,998.0,17.0,9.0,3.0,25.0,17.0,418.0,49.0,0,0,0,4.0,14.0,1.0,19.0,12.0,7.0,0.0,0.0,0,63.0,12.0,7.0,63.2,6.0,2.0,33.3,0.0,0.0,36.0,0.0,0,0,0.1,0.1,0.01,-0.1,-0.1,4.0,2.0,50.0,0,1.2,-0.8,0,0,0,0,12.0,17.0,70.6,16.0,3.0,75.0,47.6,13.0,38.5,27.3,15.0,0.0,0.0,0.0,,175.0,306.0,57.2,3947.0,2213.0,60.0,82.0,73.2,56.0,100.0,56.0,52.0,106.0,49.1,0,0.0,0.1,3.0,20.0,0.0,0.0,17.0,306.0,263.0,41.0,5.0,0.0,4.0,10.0,18.0,2.0,1.0,1.0,0.0,175.0,2.0,7.0,10.0,9.0,0.0,0.0,0.0,1.0,0.0,0.0,0.0,0.0,0.0,0.0,0.0,0.0,24.0,17.0,14.0,10.0,0.0,7.0,19.0,36.8,12.0,14.0,5.0,9.0,9.0,33,24.0,0.0,36.0,403.0,59.0,169.0,169.0,67.0,5.0,403.0,6.0,0.0,0.0,6.0,100.0,104.0,583.0,312.0,7.0,2.0,2.0,7.0,6.0,173.0,16.0,2,0,0,14.0,4.0,2.0,10.0,9.0,17.0,0.0,0.0,0,54.0,7.0,12.0,36.8
2022-10-30,19:00,Liga F,Matchweek 7,Sun,Away,L,0,2,Sevilla,Real Madrid,1.0,0.9,33.0,,Nagore Calderón,3-4-3,Zulema González González,8.0,1.0,12.5,0.0,0.0,10.4,0.0,0,0,1.0,1.0,0.12,-1.0,-1.0,5.0,3.0,60.0,0,1.2,-0.8,0,0,0,0,7.0,13.0,53.8,19.0,5.0,47.4,40.5,13.0,30.8,27.5,19.0,1.0,5.3,0.0,2.5,212.0,309.0,68.6,4366.0,2201.0,68.0,84.0,81.0,106.0,126.0,84.1,33.0,72.0,45.8,0,0.9,1.0,7.0,9.0,7.0,4.0,17.0,309.0,253.0,53.0,16.0,1.0,1.0,16.0,18.0,3.0,1.0,2.0,0.0,212.0,3.0,14.0,14.0,9.0,2.0,0.0,1.0,2.0,0.0,0.0,0.0,0.0,0.0,0.0,0.0,0.0,27.0,12.0,14.0,9.0,4.0,17.0,32.0,53.1,15.0,13.0,3.0,10.0,13.0,40,36.0,1.0,33.0,448.0,81.0,214.0,162.0,81.0,23.0,448.0,14.0,5.0,35.7,8.0,57.1,227.0,1130.0,510.0,11.0,9.0,2.0,19.0,10.0,210.0,17.0,3,0,0,9.0,15.0,3.0,16.0,13.0,12.0,0.0,0.0,0,56.0,12.0,2.0,85.7,15.0,5.0,33.3,0.13,0.4,23.3,1.0,0,0,0.9,0.9,0.06,1.1,1.1,1.0,1.0,100.0,1,0.1,0.1,0,0,0,0,1.0,4.0,25.0,17.0,5.0,17.6,27.1,7.0,14.3,24.3,14.0,2.0,14.3,1.0,15.0,508.0,614.0,82.7,9371.0,3078.0,227.0,249.0,91.2,213.0,247.0,86.2,60.0,88.0,68.2,2,0.7,0.7,12.0,49.0,8.0,2.0,51.0,614.0,557.0,55.0,10.0,1.0,12.0,27.0,27.0,10.0,4.0,0.0,0.0,508.0,2.0,11.0,26.0,21.0,2.0,0.0,1.0,1.0,1.0,3.0,2.0,1.0,0.0,0.0,0.0,0.0,19.0,11.0,4.0,10.0,5.0,9.0,14.0,64.3,5.0,15.0,1.0,14.0,10.0,29,11.0,0.0,67.0,741.0,54.0,164.0,350.0,234.0,24.0,741.0,32.0,15.0,46.9,17.0,53.1,400.0,2668.0,1388.0,25.0,25.0,4.0,19.0,10.0,505.0,51.0,2,0,0,16.0,9.0,2.0,27.0,10.0,11.0,0.0,0.0,0,68.0,2.0,12.0,14.3
2022-11-02,19:00,Liga F,Matchweek 1,Wed,Away,D,1,1,Sevilla,Sporting Huelva,2.0,0.7,57.0,,Amanda Sampedro,3-4-1-2,Xiomara Díaz García,16.0,7.0,43.8,0.06,0.14,14.6,0.0,0,0,2.0,2.0,0.14,-1.0,-1.0,5.0,4.0,80.0,0,0.4,-0.6,0,0,0,0,6.0,17.0,35.3,30.0,5.0,43.3,37.4,8.0,50.0,38.4,6.0,0.0,0.0,2.0,14.4,342.0,493.0,69.4,7176.0,3180.0,105.0,141.0,74.5,178.0,228.0,78.1,56.0,105.0,53.3,0,1.2,1.1,12.0,31.0,12.0,2.0,42.0,493.0,438.0,53.0,12.0,0.0,5.0,12.0,28.0,4.0,4.0,0.0,0.0,342.0,2.0,10.0,23.0,14.0,3.0,1.0,3.0,1.0,1.0,1.0,0.0,0.0,0.0,1.0,0.0,0.0,21.0,13.0,12.0,6.0,3.0,9.0,17.0,52.9,8.0,14.0,5.0,9.0,17.0,38,12.0,0.0,57.0,633.0,55.0,232.0,267.0,144.0,24.0,633.0,21.0,12.0,57.1,9.0,42.9,350.0,1846.0,763.0,16.0,9.0,4.0,27.0,13.0,340.0,42.0,4,2,1,10.0,10.0,2.0,12.0,17.0,13.0,0.0,0.0,0,78.0,21.0,16.0,56.8,15.0,5.0,33.3,0.07,0.2,21.0,2.0,0,0,0.7,0.7,0.05,0.3,0.3,7.0,6.0,85.7,0,2.2,1.2,0,0,0,0,7.0,22.0,31.8,16.0,5.0,75.0,46.4,12.0,83.3,46.8,11.0,1.0,9.1,1.0,15.3,218.0,372.0,58.6,4032.0,2362.0,86.0,121.0,71.1,101.0,142.0,71.1,23.0,75.0,30.7,1,0.5,0.7,9.0,31.0,4.0,0.0,46.0,372.0,312.0,59.0,10.0,1.0,0.0,11.0,34.0,1.0,0.0,1.0,0.0,218.0,1.0,10.0,23.0,15.0,2.0,1.0,0.0,4.0,1.0,2.0,2.0,0.0,0.0,0.0,0.0,0.0,22.0,15.0,7.0,12.0,3.0,9.0,21.0,42.9,12.0,11.0,2.0,9.0,16.0,38,21.0,2.0,43.0,520.0,56.0,171.0,219.0,135.0,12.0,520.0,17.0,8.0,47.1,9.0,52.9,219.0,1021.0,483.0,9.0,3.0,1.0,27.0,12.0,215.0,45.0,3,0,0,11.0,9.0,1.0,11.0,16.0,15.0,0.0,0.0,0,78.0,16.0,21.0,43.2
2022-11-06,16:00,Liga F,Matchweek 8,Sun,Home,W,5,0,Sevilla,Levante Planas,1.4,0.8,50.0,,Nagore Calderón,3-4-3,Beatriz Arregui Gamir,15.0,5.0,33.3,0.27,0.8,19.3,0.0,0,0,1.4,1.4,0.09,2.6,2.6,4.0,4.0,100.0,1,0.7,0.7,0,0,0,0,2.0,6.0,33.3,22.0,6.0,18.2,29.0,7.0,28.6,35.0,12.0,2.0,16.7,1.0,14.3,302.0,405.0,74.6,6192.0,2645.0,90.0,120.0,75.0,166.0,201.0,82.6,43.0,69.0,62.3,4,1.2,1.3,11.0,27.0,8.0,0.0,37.0,405.0,348.0,49.0,9.0,2.0,3.0,13.0,27.0,5.0,4.0,1.0,0.0,302.0,8.0,9.0,26.0,19.0,2.0,1.0,2.0,0.0,2.0,6.0,5.0,0.0,1.0,0.0,0.0,0.0,25.0,14.0,12.0,10.0,3.0,11.0,28.0,39.3,17.0,16.0,1.0,15.0,19.0,44,9.0,0.0,50.0,525.0,46.0,159.0,241.0,130.0,20.0,525.0,15.0,4.0,26.7,11.0,73.3,232.0,1488.0,827.0,16.0,5.0,5.0,16.0,7.0,300.0,37.0,1,0,0,9.0,8.0,8.0,13.0,19.0,14.0,0.0,0.0,0,61.0,2.0,4.0,33.3,9.0,4.0,44.4,0.0,0.0,16.4,0.0,0,0,0.8,0.8,0.09,-0.8,-0.8,5.0,1.0,0.0,0,1.7,-2.3,0,0,0,0,2.0,4.0,50.0,20.0,6.0,15.0,24.0,11.0,9.1,25.1,12.0,0.0,0.0,0.0,6.0,298.0,406.0,73.4,5412.0,2314.0,126.0,153.0,82.4,135.0,166.0,81.3,32.0,63.0,50.8,0,0.8,0.9,7.0,24.0,6.0,2.0,33.0,406.0,347.0,58.0,17.0,0.0,1.0,12.0,20.0,4.0,1.0,2.0,0.0,298.0,1.0,15.0,15.0,10.0,3.0,2.0,0.0,0.0,0.0,0.0,0.0,0.0,0.0,0.0,0.0,0.0,18.0,11.0,7.0,9.0,2.0,11.0,15.0,73.3,4.0,10.0,2.0,8.0,17.0,35,19.0,0.0,50.0,521.0,62.0,181.0,240.0,113.0,17.0,521.0,28.0,17.0,60.7,11.0,39.3,296.0,1773.0,973.0,18.0,16.0,2.0,16.0,14.0,296.0,33.0,0,0,0,8.0,9.0,1.0,12.0,17.0,11.0,0.0,0.0,1,60.0,4.0,2.0,66.7
2022-11-20,16:00,Liga F,Matchweek 9,Sun,Away,L,0,3,Sevilla,Real Betis,1.9,0.7,51.0,,Nagore Calderón,3-4-3,Olatz Rivera Olmedo,13.0,2.0,15.4,0.0,0.0,12.3,0.0,0,0,1.9,1.9,0.16,-1.9,-1.9,7.0,4.0,57.1,0,1.8,-1.2,0,0,0,0,5.0,7.0,71.4,14.0,0.0,28.6,31.9,7.0,42.9,37.1,12.0,0.0,0.0,0.0,,245.0,374.0,65.5,4895.0,2335.0,98.0,135.0,72.6,109.0,143.0,76.2,37.0,79.0,46.8,0,1.5,1.0,10.0,23.0,6.0,2.0,30.0,374.0,313.0,59.0,13.0,0.0,1.0,14.0,30.0,5.0,0.0,5.0,0.0,245.0,2.0,12.0,24.0,11.0,7.0,0.0,4.0,2.0,0.0,0.0,0.0,0.0,0.0,0.0,0.0,0.0,27.0,13.0,13.0,8.0,6.0,4.0,7.0,57.1,3.0,7.0,1.0,6.0,5.0,32,14.0,0.0,51.0,485.0,46.0,174.0,198.0,117.0,16.0,485.0,15.0,7.0,46.7,8.0,53.3,274.0,1335.0,528.0,9.0,11.0,2.0,21.0,9.0,240.0,29.0,3,0,0,13.0,10.0,2.0,14.0,5.0,13.0,0.0,0.0,0,74.0,21.0,12.0,63.6,12.0,7.0,58.3,0.25,0.43,23.9,0.0,0,0,0.7,0.7,0.06,2.3,2.3,2.0,2.0,100.0,1,0.5,0.5,0,0,0,0,12.0,27.0,44.4,35.0,3.0,62.9,42.7,8.0,62.5,41.8,13.0,1.0,7.7,2.0,18.5,245.0,354.0,69.2,4335.0,2233.0,107.0,137.0,78.1,94.0,122.0,77.0,30.0,68.0,44.1,1,0.3,0.5,6.0,19.0,3.0,2.0,19.0,354.0,304.0,50.0,14.0,0.0,0.0,14.0,24.0,3.0,2.0,1.0,0.0,245.0,0.0,6.0,15.0,11.0,1.0,0.0,2.0,0.0,1.0,4.0,4.0,0.0,0.0,0.0,0.0,0.0,17.0,14.0,8.0,8.0,1.0,8.0,15.0,53.3,7.0,14.0,4.0,10.0,13.0,30,9.0,0.0,49.0,479.0,56.0,177.0,189.0,115.0,10.0,479.0,7.0,3.0,42.9,4.0,57.1,219.0,1200.0,460.0,13.0,7.0,4.0,31.0,23.0,239.0,19.0,6,0,0,13.0,12.0,0.0,14.0,13.0,14.0,0.0,0.0,0,72.0,12.0,21.0,36.4
2022-11-26,12:00,Liga F,Matchweek 10,Sat,Away,L,1,5,Sevilla,Levante,1.3,2.2,41.0,,Nagore Calderón,3-4-3,Raquel Suárez González,11.0,1.0,9.1,0.09,1.0,14.9,0.0,0,0,1.3,1.3,0.13,-0.3,-0.3,7.0,3.0,42.9,0,2.5,-1.5,1,1,0,0,2.0,15.0,13.3,19.0,7.0,47.4,45.9,9.0,66.7,46.9,12.0,3.0,25.0,0.0,2.6,227.0,346.0,65.6,4169.0,2057.0,90.0,112.0,80.4,85.0,102.0,83.3,37.0,94.0,39.4,0,0.8,0.7,5.0,17.0,7.0,3.0,28.0,346.0,276.0,65.0,15.0,0.0,4.0,21.0,32.0,4.0,2.0,1.0,1.0,227.0,5.0,13.0,18.0,13.0,3.0,0.0,1.0,1.0,0.0,2.0,1.0,1.0,0.0,0.0,0.0,0.0,26.0,17.0,20.0,3.0,3.0,17.0,24.0,70.8,7.0,17.0,4.0,13.0,6.0,32,14.0,0.0,41.0,454.0,59.0,184.0,164.0,110.0,16.0,454.0,11.0,4.0,36.4,7.0,63.6,163.0,1083.0,416.0,9.0,7.0,1.0,14.0,15.0,221.0,27.0,1,0,0,9.0,13.0,5.0,21.0,6.0,17.0,0.0,1.0,1,56.0,3.0,7.0,30.0,16.0,6.0,37.5,0.19,0.5,18.3,0.0,1,1,2.2,1.4,0.09,1.8,1.6,1.0,0.0,0.0,0,0.1,-0.9,0,0,0,0,3.0,5.0,60.0,25.0,8.0,12.0,27.6,11.0,18.2,23.6,16.0,1.0,6.3,4.0,17.9,390.0,490.0,79.6,6901.0,3106.0,176.0,204.0,86.3,172.0,193.0,89.1,36.0,69.0,52.2,3,1.4,1.0,14.0,42.0,9.0,2.0,45.0,490.0,437.0,51.0,12.0,0.0,2.0,17.0,20.0,6.0,5.0,1.0,0.0,390.0,2.0,15.0,29.0,22.0,3.0,2.0,1.0,0.0,1.0,5.0,5.0,0.0,0.0,0.0,0.0,0.0,22.0,14.0,8.0,8.0,6.0,7.0,11.0,63.6,4.0,14.0,4.0,10.0,6.0,28,24.0,0.0,59.0,627.0,65.0,192.0,270.0,173.0,28.0,626.0,24.0,7.0,29.2,17.0,70.8,283.0,1919.0,1050.0,26.0,16.0,10.0,20.0,9.0,386.0,43.0,2,0,0,13.0,8.0,2.0,17.0,6.0,14.0,0.0,0.0,0,62.0,7.0,3.0,70.0
2022-12-03,12:00,Liga F,Matchweek 11,Sat,Home,D,2,2,Sevilla,UDG Tenerife,0.7,1.5,57.0,,Esther Sullastres,4-2-3-1,Elisabeth Calvo Valentín,9.0,4.0,44.4,0.22,0.5,17.4,1.0,0,0,0.7,0.7,0.08,1.3,1.3,5.0,2.0,60.0,0,2.1,0.1,1,0,1,0,4.0,5.0,80.0,28.0,5.0,10.7,26.9,9.0,22.2,25.9,14.0,0.0,0.0,2.0,17.2,289.0,415.0,69.6,5706.0,2650.0,97.0,132.0,73.5,145.0,186.0,78.0,41.0,77.0,53.2,1,0.6,0.4,7.0,25.0,3.0,2.0,32.0,415.0,363.0,51.0,10.0,0.0,0.0,15.0,27.0,2.0,2.0,0.0,0.0,289.0,1.0,9.0,16.0,10.0,3.0,0.0,1.0,2.0,0.0,3.0,3.0,0.0,0.0,0.0,0.0,0.0,21.0,10.0,12.0,6.0,3.0,10.0,19.0,52.6,9.0,7.0,2.0,5.0,12.0,33,15.0,0.0,57.0,533.0,62.0,203.0,225.0,110.0,15.0,533.0,11.0,3.0,27.3,8.0,72.7,256.0,1182.0,554.0,12.0,10.0,6.0,23.0,12.0,286.0,31.0,6,2,1,19.0,9.0,1.0,15.0,12.0,10.0,0.0,1.0,0,66.0,9.0,6.0,60.0,9.0,4.0,44.4,0.22,0.5,25.2,3.0,0,1,1.5,0.7,0.08,0.5,1.3,4.0,2.0,50.0,0,0.6,-1.4,0,0,0,0,4.0,19.0,21.1,14.0,0.0,85.7,51.9,11.0,63.6,44.0,12.0,1.0,8.3,0.0,5.0,183.0,314.0,58.3,3692.0,1840.0,67.0,99.0,67.7,79.0,116.0,68.1,32.0,85.0,37.6,1,0.3,0.5,3.0,21.0,4.0,2.0,24.0,314.0,254.0,59.0,15.0,0.0,1.0,17.0,25.0,5.0,5.0,0.0,0.0,183.0,1.0,7.0,16.0,8.0,2.0,0.0,1.0,5.0,0.0,2.0,0.0,1.0,0.0,0.0,1.0,0.0,20.0,11.0,7.0,10.0,3.0,8.0,11.0,72.7,3.0,9.0,3.0,6.0,15.0,35,24.0,1.0,43.0,435.0,53.0,145.0,194.0,101.0,10.0,434.0,19.0,9.0,47.4,10.0,52.6,157.0,701.0,354.0,6.0,8.0,1.0,15.0,11.0,180.0,23.0,1,0,0,10.0,18.0,1.0,17.0,15.0,11.0,1.0,0.0,0,68.0,6.0,9.0,40.0
2022-12-11,12:00,Liga F,Matchweek 12,Sun,Away,L,0,2,Sevilla,Alavés,1.0,2.9,50.0,,Nagore Calderón,3-4-3,Zulema González González,17.0,7.0,41.2,0.0,0.0,21.9,1.0,0,0,1.0,1.0,0.06,-1.0,-1.0,11.0,9.0,90.9,0,3.1,1.1,1,1,0,0,4.0,12.0,33.3,24.0,6.0,45.8,41.5,4.0,25.0,26.8,16.0,0.0,0.0,1.0,12.7,229.0,376.0,60.9,4511.0,2247.0,92.0,127.0,72.4,95.0,141.0,67.4,38.0,87.0,43.7,0,0.6,0.5,12.0,26.0,7.0,3.0,34.0,376.0,305.0,65.0,16.0,0.0,0.0,23.0,35.0,7.0,1.0,6.0,0.0,229.0,6.0,10.0,23.0,14.0,2.0,0.0,2.0,4.0,1.0,0.0,0.0,0.0,0.0,0.0,0.0,0.0,24.0,16.0,12.0,8.0,4.0,6.0,11.0,54.5,5.0,9.0,5.0,4.0,15.0,39,20.0,1.0,50.0,516.0,55.0,176.0,200.0,147.0,21.0,516.0,16.0,1.0,6.3,15.0,93.8,227.0,1515.0,719.0,21.0,9.0,5.0,16.0,3.0,226.0,34.0,1,0,0,6.0,15.0,6.0,23.0,15.0,16.0,0.0,1.0,0,61.0,12.0,13.0,48.0,21.0,10.0,47.6,0.05,0.1,15.7,0.0,1,1,2.9,2.1,0.11,-0.9,-1.1,7.0,7.0,100.0,1,1.1,1.1,0,0,0,0,9.0,22.0,40.9,27.0,6.0,51.9,37.3,11.0,72.7,40.7,18.0,1.0,5.6,0.0,4.0,231.0,378.0,61.1,4722.0,2409.0,80.0,111.0,72.1,102.0,145.0,70.3,40.0,92.0,43.5,1,1.7,1.2,14.0,27.0,3.0,2.0,21.0,378.0,317.0,59.0,11.0,0.0,0.0,20.0,26.0,10.0,7.0,1.0,0.0,231.0,2.0,8.0,31.0,19.0,4.0,0.0,6.0,2.0,0.0,3.0,2.0,0.0,0.0,1.0,0.0,0.0,18.0,11.0,10.0,5.0,3.0,15.0,16.0,93.8,1.0,11.0,2.0,9.0,11.0,29,15.0,0.0,50.0,510.0,70.0,195.0,198.0,119.0,26.0,509.0,11.0,5.0,45.5,6.0,54.5,197.0,1294.0,506.0,6.0,8.0,4.0,21.0,18.0,228.0,20.0,3,0,0,16.0,5.0,2.0,20.0,11.0,11.0,0.0,0.0,0,64.0,13.0,12.0,52.0
2022-12-17,16:00,Liga F,Matchweek 13,Sat,Home,D,1,1,Sevilla,Athletic Club,2.3,0.4,48.0,,Amanda Sampedro,3-4-3,Alicia Espinosa Ríos,19.0,5.0,26.3,0.05,0.2,16.6,0.0,0,1,2.3,1.5,0.08,-1.3,-0.5,1.0,0.0,0.0,0,0.7,-0.3,0,0,0,0,8.0,15.0,53.3,21.0,5.0,33.3,33.2,9.0,88.9,45.1,18.0,2.0,11.1,0.0,4.8,299.0,414.0,72.2,5428.0,2731.0,128.0,151.0,84.8,137.0,179.0,76.5,31.0,68.0,45.6,0,1.2,2.1,14.0,30.0,7.0,3.0,41.0,414.0,357.0,55.0,14.0,2.0,0.0,18.0,24.0,6.0,3.0,2.0,0.0,299.0,2.0,7.0,32.0,20.0,4.0,2.0,3.0,2.0,1.0,0.0,0.0,0.0,0.0,0.0,0.0,0.0,20.0,15.0,9.0,11.0,0.0,12.0,20.0,60.0,8.0,6.0,0.0,6.0,10.0,30,18.0,0.0,48.0,550.0,46.0,191.0,246.0,120.0,28.0,549.0,12.0,6.0,50.0,6.0,50.0,220.0,1463.0,561.0,14.0,11.0,5.0,33.0,13.0,297.0,41.0,0,0,0,6.0,12.0,2.0,18.0,10.0,15.0,1.0,0.0,0,72.0,15.0,12.0,55.6,9.0,1.0,11.1,0.11,1.0,27.5,0.0,0,0,0.4,0.4,0.05,0.6,0.6,6.0,4.0,83.3,0,1.7,0.7,1,0,1,0,5.0,10.0,50.0,29.0,6.0,20.7,27.7,9.0,44.4,35.0,16.0,1.0,6.3,1.0,12.0,329.0,451.0,72.9,6282.0,2985.0,121.0,151.0,80.1,164.0,194.0,84.5,37.0,78.0,47.4,1,0.3,0.5,6.0,43.0,7.0,5.0,51.0,451.0,400.0,49.0,7.0,0.0,1.0,21.0,27.0,4.0,4.0,0.0,0.0,329.0,2.0,6.0,13.0,11.0,1.0,0.0,0.0,1.0,0.0,2.0,1.0,1.0,0.0,0.0,0.0,0.0,19.0,15.0,3.0,8.0,8.0,6.0,12.0,50.0,6.0,12.0,5.0,7.0,8.0,27,20.0,1.0,52.0,572.0,70.0,168.0,259.0,153.0,8.0,572.0,20.0,8.0,40.0,12.0,60.0,332.0,1674.0,748.0,14.0,7.0,0.0,29.0,8.0,320.0,48.0,2,0,0,13.0,6.0,2.0,21.0,8.0,15.0,0.0,1.0,0,72.0,12.0,15.0,44.4
2023-01-07,18:15,Liga F,Matchweek 14,Sat,Away,L,0,4,Sevilla,Barcelona,0.0,5.1,24.0,,Amanda Sampedro,5-4-1,Elena Peláez Arnillas,0.0,0.0,,,,,0.0,0,0,0.0,0.0,,0.0,0.0,8.0,4.0,50.0,0,3.3,-0.7,1,0,0,1,10.0,22.0,45.5,22.0,3.0,50.0,36.5,17.0,64.7,36.8,23.0,0.0,0.0,0.0,13.0,161.0,259.0,62.2,2879.0,1584.0,71.0,96.0,74.0,70.0,89.0,78.7,18.0,53.0,34.0,0,0.0,0.0,0.0,7.0,0.0,0.0,11.0,259.0,196.0,61.0,21.0,0.0,1.0,5.0,18.0,0.0,0.0,0.0,0.0,161.0,2.0,11.0,0.0,0.0,0.0,0.0,0.0,0.0,0.0,0.0,0.0,0.0,0.0,0.0,0.0,0.0,12.0,8.0,8.0,3.0,1.0,6.0,9.0,66.7,3.0,20.0,8.0,12.0,7.0,19,26.0,0.0,24.0,378.0,85.0,197.0,156.0,34.0,1.0,378.0,13.0,4.0,30.8,9.0,69.2,176.0,950.0,461.0,7.0,6.0,0.0,23.0,14.0,155.0,10.0,1,0,0,6.0,12.0,2.0,5.0,7.0,8.0,0.0,1.0,0,48.0,11.0,14.0,44.0,27.0,8.0,29.6,0.15,0.5,15.3,0.0,0,1,5.1,4.5,0.17,-1.1,-0.5,0.0,0.0,,1,0.0,0.0,0,0,0,0,0.0,0.0,,12.0,2.0,0.0,19.3,1.0,0.0,16.0,4.0,1.0,25.0,0.0,10.2,700.0,807.0,86.7,10039.0,3747.0,393.0,424.0,92.7,235.0,264.0,89.0,33.0,45.0,73.3,4,4.4,5.1,24.0,79.0,29.0,3.0,98.0,807.0,764.0,35.0,7.0,7.0,0.0,27.0,18.0,8.0,1.0,2.0,4.0,700.0,8.0,13.0,48.0,40.0,5.0,0.0,2.0,1.0,0.0,8.0,8.0,0.0,0.0,0.0,0.0,0.0,23.0,14.0,5.0,13.0,5.0,9.0,13.0,69.2,4.0,10.0,0.0,10.0,9.0,32,5.0,0.0,76.0,911.0,19.0,117.0,423.0,374.0,62.0,910.0,9.0,3.0,33.3,6.0,66.7,619.0,2087.0,1170.0,31.0,17.0,14.0,20.0,6.0,697.0,98.0,0,0,0,13.0,4.0,8.0,27.0,9.0,14.0,0.0,0.0,0,81.0,14.0,11.0,56.0
2023-01-15,18:00,Liga F,Matchweek 15,Sun,Home,W,4,2,Sevilla,Madrid CFF,1.4,2.4,40.0,,Amanda Sampedro,5-4-1,Xiomara Díaz García,6.0,5.0,83.3,0.5,0.6,26.3,2.0,1,1,1.4,0.6,0.1,2.6,2.4,12.0,10.0,83.3,0,2.7,0.7,0,0,0,0,13.0,30.0,43.3,22.0,3.0,77.3,48.2,15.0,86.7,47.7,30.0,2.0,6.7,2.0,13.6,202.0,303.0,66.7,4003.0,2091.0,76.0,99.0,76.8,98.0,124.0,79.0,27.0,69.0,39.1,3,0.5,0.5,3.0,17.0,3.0,2.0,23.0,303.0,243.0,60.0,15.0,1.0,2.0,10.0,25.0,2.0,1.0,0.0,0.0,202.0,0.0,9.0,14.0,9.0,1.0,1.0,0.0,3.0,0.0,8.0,7.0,0.0,0.0,0.0,1.0,0.0,10.0,6.0,8.0,2.0,0.0,8.0,12.0,66.7,4.0,17.0,8.0,9.0,11.0,21,34.0,1.0,40.0,436.0,84.0,201.0,180.0,60.0,6.0,435.0,9.0,5.0,55.6,4.0,44.4,228.0,1152.0,394.0,12.0,4.0,4.0,24.0,17.0,200.0,22.0,2,1,1,8.0,15.0,0.0,10.0,11.0,6.0,1.0,0.0,0,42.0,14.0,18.0,43.8,31.0,12.0,38.7,0.06,0.17,19.9,0.0,0,0,2.4,2.4,0.08,-0.4,-0.4,6.0,2.0,50.0,0,2.9,-1.1,1,1,0,0,1.0,1.0,100.0,6.0,0.0,16.7,25.8,4.0,0.0,16.0,7.0,0.0,0.0,1.0,32.0,352.0,461.0,76.4,6666.0,2803.0,164.0,193.0,85.0,129.0,160.0,80.6,55.0,87.0,63.2,1,1.5,1.3,26.0,50.0,14.0,8.0,66.0,461.0,414.0,45.0,9.0,0.0,3.0,37.0,16.0,11.0,7.0,2.0,0.0,352.0,2.0,9.0,58.0,48.0,3.0,1.0,4.0,1.0,1.0,3.0,2.0,0.0,0.0,1.0,0.0,0.0,21.0,19.0,6.0,13.0,2.0,4.0,9.0,44.4,5.0,7.0,1.0,6.0,3.0,24,9.0,0.0,60.0,583.0,25.0,112.0,270.0,206.0,42.0,583.0,12.0,4.0,33.3,8.0,66.7,295.0,2094.0,1133.0,32.0,19.0,8.0,21.0,2.0,348.0,64.0,2,0,0,16.0,8.0,2.0,37.0,3.0,19.0,0.0,1.0,0,71.0,18.0,14.0,56.3
2023-01-29,12:00,Liga F,Matchweek 17,Sun,Away,D,1,1,Sevilla,Atlético Madrid,0.1,0.5,39.0,,Amanda Sampedro,3-4-3,Raquel Suárez González,3.0,2.0,66.7,0.33,0.5,27.9,0.0,0,0,0.1,0.1,0.03,0.9,0.9,3.0,2.0,66.7,0,0.8,-0.2,0,0,0,0,3.0,14.0,21.4,20.0,3.0,30.0,31.4,10.0,80.0,41.7,17.0,4.0,23.5,1.0,7.7,244.0,347.0,70.3,4225.0,1888.0,109.0,128.0,85.2,114.0,143.0,79.7,17.0,57.0,29.8,0,0.0,0.1,1.0,18.0,2.0,0.0,26.0,347.0,284.0,63.0,14.0,1.0,1.0,16.0,34.0,3.0,1.0,0.0,2.0,244.0,0.0,10.0,5.0,5.0,0.0,0.0,0.0,0.0,0.0,2.0,2.0,0.0,0.0,0.0,0.0,0.0,18.0,14.0,12.0,6.0,0.0,9.0,15.0,60.0,6.0,9.0,3.0,6.0,12.0,30,31.0,0.0,39.0,465.0,64.0,214.0,161.0,95.0,4.0,464.0,9.0,3.0,33.3,6.0,66.7,232.0,1706.0,696.0,11.0,12.0,1.0,21.0,23.0,241.0,26.0,4,0,0,10.0,11.0,0.0,16.0,12.0,14.0,0.0,0.0,0,48.0,4.0,7.0,36.4,14.0,3.0,21.4,0.07,0.33,22.9,1.0,0,0,0.5,0.5,0.04,0.5,0.5,2.0,1.0,50.0,0,0.8,-0.2,0,0,0,0,3.0,3.0,100.0,25.0,7.0,4.0,21.3,5.0,40.0,39.6,10.0,1.0,10.0,3.0,19.6,428.0,533.0,80.3,7855.0,2821.0,175.0,210.0,83.3,198.0,232.0,85.3,50.0,74.0,67.6,1,0.3,0.4,10.0,51.0,5.0,1.0,44.0,533.0,488.0,43.0,9.0,1.0,1.0,22.0,22.0,5.0,3.0,2.0,0.0,428.0,2.0,7.0,26.0,17.0,3.0,2.0,2.0,2.0,0.0,2.0,1.0,0.0,1.0,0.0,0.0,0.0,29.0,21.0,14.0,8.0,7.0,6.0,9.0,66.7,3.0,6.0,0.0,6.0,7.0,36,22.0,1.0,61.0,662.0,46.0,192.0,288.0,187.0,11.0,662.0,14.0,5.0,35.7,9.0,64.3,362.0,1896.0,1010.0,21.0,15.0,1.0,24.0,10.0,425.0,44.0,3,0,0,12.0,10.0,2.0,22.0,7.0,21.0,0.0,0.0,0,57.0,6.0,4.0,60.0
2023-02-01,18:00,Liga F,Matchweek 16,Wed,Home,W,1,0,Sevilla,Sporting Huelva,1.8,0.2,59.0,,Nagore Calderón,4-2-3-1,Olatz Rivera Olmedo,12.0,3.0,25.0,0.08,0.33,20.2,1.0,0,0,1.8,1.8,0.15,-0.8,-0.8,0.0,0.0,,1,0.0,0.0,0,0,0,0,0.0,3.0,0.0,17.0,3.0,5.9,24.6,7.0,28.6,29.3,11.0,0.0,0.0,0.0,,403.0,534.0,75.5,7651.0,3022.0,142.0,179.0,79.3,215.0,254.0,84.6,42.0,82.0,51.2,1,1.7,1.3,9.0,39.0,9.0,1.0,34.0,534.0,470.0,59.0,13.0,1.0,0.0,19.0,31.0,7.0,7.0,0.0,0.0,403.0,5.0,6.0,21.0,16.0,4.0,0.0,0.0,1.0,0.0,2.0,2.0,0.0,0.0,0.0,0.0,0.0,12.0,8.0,6.0,5.0,1.0,6.0,16.0,37.5,10.0,8.0,1.0,7.0,12.0,24,24.0,0.0,59.0,648.0,42.0,241.0,304.0,110.0,20.0,648.0,29.0,17.0,58.6,12.0,41.4,328.0,1861.0,847.0,15.0,8.0,5.0,17.0,7.0,398.0,33.0,1,0,0,4.0,14.0,5.0,19.0,12.0,8.0,0.0,0.0,0,80.0,14.0,6.0,70.0,4.0,0.0,0.0,0.0,,26.6,0.0,0,0,0.2,0.2,0.04,-0.2,-0.2,3.0,2.0,66.7,0,1.1,0.1,0,0,0,0,12.0,24.0,50.0,23.0,2.0,60.9,42.0,13.0,76.9,43.2,14.0,1.0,7.1,2.0,13.8,236.0,376.0,62.8,4345.0,2450.0,113.0,173.0,65.3,96.0,131.0,73.3,26.0,68.0,38.2,0,0.1,0.3,1.0,27.0,5.0,2.0,28.0,376.0,317.0,59.0,8.0,1.0,1.0,16.0,32.0,4.0,4.0,0.0,0.0,236.0,0.0,10.0,5.0,4.0,0.0,0.0,0.0,0.0,1.0,0.0,0.0,0.0,0.0,0.0,0.0,0.0,19.0,14.0,10.0,9.0,0.0,12.0,29.0,41.4,17.0,9.0,3.0,6.0,15.0,34,22.0,0.0,41.0,483.0,59.0,166.0,226.0,98.0,11.0,483.0,16.0,10.0,62.5,6.0,37.5,284.0,1281.0,637.0,15.0,6.0,1.0,18.0,6.0,234.0,28.0,3,1,1,15.0,4.0,0.0,16.0,15.0,14.0,0.0,0.0,0,71.0,6.0,14.0,30.0
2023-02-05,12:00,Liga F,Matchweek 18,Sun,Home,W,1,0,Sevilla,Villarreal,3.0,0.2,47.0,,Nagore Calderón,4-2-3-1,María Dolores Martínez Madrona,16.0,5.0,31.3,0.06,0.2,18.0,1.0,0,1,3.0,2.2,0.14,-2.0,-1.2,2.0,2.0,100.0,1,0.2,0.2,0,0,0,0,6.0,16.0,37.5,17.0,4.0,52.9,38.9,7.0,100.0,47.7,20.0,1.0,5.0,0.0,4.0,239.0,338.0,70.7,4290.0,2063.0,102.0,117.0,87.2,98.0,139.0,70.5,29.0,58.0,50.0,1,1.7,1.5,10.0,16.0,6.0,2.0,24.0,338.0,273.0,63.0,18.0,0.0,1.0,15.0,34.0,3.0,1.0,1.0,0.0,239.0,2.0,10.0,29.0,15.0,6.0,1.0,2.0,3.0,2.0,2.0,1.0,0.0,1.0,0.0,0.0,0.0,20.0,10.0,10.0,10.0,0.0,4.0,13.0,30.8,9.0,11.0,3.0,8.0,12.0,32,24.0,0.0,47.0,459.0,54.0,182.0,172.0,109.0,27.0,458.0,13.0,8.0,61.5,4.0,30.8,216.0,1324.0,451.0,13.0,9.0,5.0,21.0,15.0,235.0,23.0,0,0,0,13.0,13.0,2.0,15.0,12.0,10.0,0.0,0.0,0,41.0,14.0,8.0,63.6,8.0,2.0,25.0,0.0,0.0,29.1,0.0,0,0,0.2,0.2,0.03,-0.2,-0.2,6.0,4.0,83.3,0,3.1,2.1,1,0,1,0,4.0,10.0,40.0,19.0,3.0,42.1,33.6,9.0,22.2,30.7,11.0,1.0,9.1,3.0,26.4,265.0,374.0,70.9,5089.0,2241.0,108.0,134.0,80.6,120.0,156.0,76.9,34.0,65.0,52.3,0,0.2,0.4,5.0,26.0,4.0,1.0,38.0,374.0,318.0,49.0,13.0,0.0,0.0,27.0,20.0,5.0,3.0,0.0,0.0,265.0,7.0,12.0,11.0,11.0,0.0,0.0,0.0,0.0,0.0,0.0,0.0,0.0,0.0,0.0,0.0,0.0,20.0,17.0,8.0,7.0,5.0,5.0,13.0,38.5,8.0,11.0,2.0,9.0,8.0,28,18.0,1.0,53.0,475.0,47.0,133.0,225.0,125.0,12.0,475.0,13.0,9.0,69.2,4.0,30.8,257.0,1216.0,511.0,8.0,5.0,0.0,15.0,15.0,256.0,36.0,3,0,0,14.0,12.0,7.0,27.0,8.0,17.0,0.0,1.0,0,40.0,8.0,11.0,42.1
2023-02-12,15:30,Liga F,Matchweek 19,Sun,Away,W,3,0,Sevilla,Real Sociedad,1.9,1.9,37.0,,Nagore Calderón,3-4-3,Alicia Espinosa Ríos,13.0,8.0,61.5,0.23,0.38,16.6,0.0,0,0,1.9,1.9,0.15,1.1,1.1,3.0,3.0,100.0,1,0.3,0.3,0,0,0,0,4.0,12.0,33.3,12.0,2.0,58.3,44.5,9.0,55.6,45.0,18.0,1.0,5.6,3.0,14.5,199.0,315.0,63.2,3590.0,2012.0,86.0,121.0,71.1,82.0,111.0,73.9,24.0,64.0,37.5,2,1.6,1.6,9.0,22.0,9.0,2.0,29.0,315.0,269.0,45.0,7.0,3.0,1.0,17.0,21.0,7.0,5.0,0.0,1.0,199.0,1.0,6.0,23.0,14.0,2.0,3.0,0.0,3.0,1.0,5.0,2.0,1.0,1.0,0.0,1.0,0.0,20.0,14.0,12.0,7.0,1.0,7.0,14.0,50.0,7.0,17.0,5.0,12.0,10.0,30,18.0,0.0,37.0,422.0,43.0,163.0,138.0,126.0,24.0,422.0,12.0,10.0,83.3,2.0,16.7,170.0,1003.0,533.0,13.0,6.0,5.0,23.0,15.0,194.0,28.0,0,0,0,9.0,4.0,1.0,17.0,10.0,14.0,0.0,0.0,0,57.0,11.0,8.0,57.9,16.0,3.0,18.8,0.0,0.0,15.5,0.0,0,0,1.9,1.9,0.12,-1.9,-1.9,8.0,5.0,62.5,0,3.3,0.3,0,0,0,0,5.0,12.0,41.7,33.0,8.0,33.3,29.6,8.0,12.5,23.9,15.0,1.0,6.7,4.0,19.7,418.0,540.0,77.4,7793.0,3014.0,173.0,198.0,87.4,191.0,226.0,84.5,52.0,92.0,56.5,0,1.7,1.4,13.0,44.0,10.0,5.0,62.0,540.0,482.0,55.0,10.0,0.0,1.0,20.0,28.0,5.0,3.0,0.0,2.0,418.0,3.0,16.0,28.0,19.0,4.0,2.0,2.0,1.0,0.0,0.0,0.0,0.0,0.0,0.0,0.0,0.0,17.0,10.0,10.0,5.0,2.0,2.0,12.0,16.7,10.0,7.0,3.0,4.0,8.0,25,13.0,0.0,63.0,635.0,68.0,195.0,288.0,160.0,20.0,635.0,14.0,7.0,50.0,7.0,50.0,414.0,1981.0,1047.0,17.0,9.0,5.0,13.0,13.0,412.0,60.0,2,0,0,5.0,9.0,3.0,20.0,8.0,10.0,0.0,0.0,0,54.0,8.0,11.0,42.1
2023-03-05,16:00,Liga F,Matchweek 20,Sun,Home,L,2,4,Sevilla,Levante,1.5,2.0,36.0,,Nagore Calderón,3-4-3,María Gloria Planes Terol,10.0,3.0,30.0,0.2,0.67,15.7,1.0,0,0,1.5,1.5,0.15,0.5,0.5,8.0,4.0,50.0,0,3.7,-0.3,0,0,0,0,4.0,10.0,40.0,14.0,2.0,57.1,42.4,4.0,50.0,48.8,17.0,0.0,0.0,0.0,,223.0,342.0,65.2,4041.0,2053.0,92.0,127.0,72.4,95.0,126.0,75.4,25.0,53.0,47.2,1,1.1,0.7,6.0,24.0,4.0,2.0,27.0,342.0,280.0,62.0,18.0,0.0,1.0,12.0,33.0,2.0,1.0,0.0,0.0,223.0,0.0,22.0,15.0,9.0,2.0,0.0,1.0,2.0,1.0,2.0,2.0,0.0,0.0,0.0,0.0,0.0,27.0,16.0,15.0,8.0,4.0,17.0,29.0,58.6,12.0,18.0,4.0,14.0,23.0,50,27.0,0.0,36.0,493.0,53.0,162.0,203.0,136.0,16.0,493.0,12.0,4.0,33.3,8.0,66.7,203.0,1351.0,538.0,15.0,14.0,6.0,20.0,13.0,217.0,27.0,2,0,0,11.0,15.0,0.0,12.0,23.0,16.0,0.0,0.0,0,60.0,7.0,7.0,50.0,15.0,8.0,53.3,0.27,0.5,16.6,1.0,0,0,2.0,2.0,0.14,2.0,2.0,3.0,1.0,33.3,0,1.4,-0.6,0,0,0,0,1.0,1.0,100.0,8.0,0.0,0.0,21.3,8.0,12.5,16.9,7.0,0.0,0.0,0.0,9.0,489.0,612.0,79.9,8746.0,3541.0,214.0,259.0,82.6,225.0,256.0,87.9,49.0,78.0,62.8,3,1.4,1.4,7.0,51.0,7.0,2.0,57.0,612.0,551.0,57.0,10.0,0.0,1.0,22.0,30.0,7.0,5.0,0.0,2.0,489.0,4.0,17.0,24.0,15.0,3.0,2.0,2.0,2.0,0.0,6.0,3.0,1.0,0.0,2.0,0.0,0.0,22.0,7.0,12.0,6.0,4.0,8.0,13.0,61.5,5.0,22.0,2.0,20.0,12.0,34,21.0,0.0,64.0,758.0,47.0,249.0,299.0,219.0,24.0,758.0,28.0,12.0,42.9,16.0,57.1,389.0,2177.0,1108.0,22.0,12.0,4.0,27.0,11.0,485.0,57.0,1,0,0,15.0,11.0,4.0,22.0,12.0,7.0,0.0,0.0,0,70.0,7.0,7.0,50.0
2023-03-11,12:00,Liga F,Matchweek 21,Sat,Away,D,1,1,Sevilla,Levante Planas,1.4,1.3,53.0,,Silvia Meseguer,4-3-3,Olatz Rivera Olmedo,17.0,5.0,29.4,0.06,0.2,16.7,1.0,0,0,1.4,1.4,0.09,-0.4,-0.4,4.0,3.0,75.0,0,0.4,-0.6,0,0,0,0,7.0,15.0,46.7,17.0,5.0,47.1,35.8,13.0,53.8,38.8,6.0,1.0,16.7,3.0,26.6,228.0,356.0,64.0,4925.0,2497.0,75.0,103.0,72.8,105.0,140.0,75.0,46.0,94.0,48.9,1,0.7,0.5,9.0,21.0,6.0,4.0,26.0,356.0,284.0,69.0,18.0,0.0,2.0,16.0,33.0,3.0,0.0,2.0,0.0,228.0,3.0,12.0,27.0,17.0,5.0,0.0,1.0,4.0,0.0,2.0,2.0,0.0,0.0,0.0,0.0,0.0,16.0,12.0,11.0,5.0,0.0,1.0,5.0,20.0,4.0,9.0,4.0,5.0,8.0,24,9.0,0.0,53.0,451.0,45.0,163.0,186.0,110.0,22.0,451.0,5.0,3.0,60.0,2.0,40.0,141.0,912.0,403.0,6.0,9.0,3.0,24.0,15.0,223.0,25.0,1,0,0,14.0,18.0,3.0,16.0,8.0,12.0,0.0,0.0,0,37.0,6.0,9.0,40.0,15.0,4.0,26.7,0.07,0.25,19.9,2.0,0,0,1.3,1.3,0.09,-0.3,-0.3,5.0,4.0,80.0,0,1.8,0.8,0,0,0,0,10.0,23.0,43.5,24.0,3.0,66.7,47.5,9.0,77.8,42.9,12.0,0.0,0.0,1.0,17.3,186.0,313.0,59.4,4358.0,2154.0,55.0,77.0,71.4,84.0,116.0,72.4,46.0,115.0,40.0,0,0.5,0.3,6.0,22.0,4.0,1.0,28.0,313.0,262.0,51.0,15.0,0.0,1.0,10.0,23.0,2.0,0.0,1.0,0.0,186.0,0.0,6.0,21.0,8.0,4.0,1.0,3.0,3.0,2.0,1.0,0.0,0.0,0.0,1.0,0.0,0.0,17.0,15.0,6.0,9.0,2.0,2.0,5.0,40.0,3.0,16.0,5.0,11.0,13.0,30,20.0,0.0,47.0,417.0,65.0,149.0,173.0,100.0,14.0,417.0,5.0,4.0,80.0,1.0,20.0,223.0,918.0,417.0,6.0,9.0,1.0,22.0,15.0,186.0,28.0,4,0,0,19.0,11.0,0.0,10.0,13.0,15.0,0.0,0.0,0,60.0,9.0,6.0,60.0
2023-03-18,18:15,Liga F,Matchweek 22,Sat,Home,W,3,0,Sevilla,Real Betis,2.4,0.2,48.0,,Nagore Calderón,4-3-3,Beatriz Cuesta Arribas,17.0,5.0,29.4,0.12,0.4,17.5,0.0,1,1,2.4,1.6,0.1,0.6,0.4,4.0,4.0,100.0,1,0.5,0.5,0,0,0,0,0.0,2.0,0.0,18.0,5.0,0.0,22.6,2.0,100.0,69.0,7.0,1.0,14.3,2.0,14.7,334.0,428.0,78.0,6119.0,2547.0,142.0,161.0,88.2,157.0,185.0,84.9,33.0,65.0,50.8,2,1.0,1.2,12.0,21.0,8.0,3.0,30.0,428.0,385.0,39.0,6.0,0.0,1.0,20.0,23.0,7.0,6.0,0.0,0.0,334.0,4.0,8.0,31.0,21.0,3.0,3.0,2.0,1.0,1.0,5.0,3.0,1.0,0.0,0.0,1.0,0.0,26.0,15.0,12.0,13.0,1.0,11.0,22.0,50.0,11.0,8.0,2.0,6.0,13.0,39,12.0,0.0,48.0,547.0,49.0,217.0,229.0,103.0,30.0,546.0,24.0,11.0,45.8,13.0,54.2,250.0,1330.0,574.0,7.0,7.0,4.0,18.0,9.0,330.0,29.0,1,0,0,8.0,7.0,4.0,20.0,13.0,15.0,1.0,0.0,0,72.0,5.0,2.0,71.4,8.0,4.0,50.0,0.0,0.0,29.9,1.0,0,0,0.2,0.2,0.03,-0.2,-0.2,6.0,3.0,66.7,0,2.6,-0.4,1,1,0,0,2.0,6.0,33.3,29.0,4.0,13.8,30.6,9.0,22.2,27.9,15.0,2.0,13.3,1.0,11.0,359.0,459.0,78.2,6379.0,2478.0,141.0,169.0,83.4,166.0,191.0,86.9,35.0,68.0,51.5,0,0.2,0.2,7.0,26.0,2.0,0.0,32.0,459.0,405.0,54.0,12.0,0.0,4.0,11.0,27.0,2.0,0.0,0.0,2.0,359.0,0.0,6.0,14.0,11.0,1.0,0.0,0.0,1.0,1.0,0.0,0.0,0.0,0.0,0.0,0.0,0.0,22.0,14.0,9.0,10.0,3.0,13.0,24.0,54.2,11.0,12.0,5.0,7.0,8.0,30,17.0,0.0,52.0,581.0,71.0,209.0,268.0,108.0,8.0,581.0,22.0,11.0,50.0,11.0,50.0,375.0,1813.0,751.0,16.0,17.0,3.0,19.0,15.0,354.0,31.0,0,0,0,7.0,8.0,0.0,11.0,8.0,14.0,0.0,1.0,0,66.0,2.0,5.0,28.6
2023-03-24,20:00,Liga F,Matchweek 23,Fri,Away,D,1,1,Sevilla,Athletic Club,2.1,2.6,50.0,,Nagore Calderón,4-2-3-1,Elisabeth Calvo Valentín,13.0,5.0,38.5,0.08,0.2,12.7,0.0,0,1,2.1,1.3,0.1,-1.1,-0.3,4.0,3.0,100.0,0,1.4,0.4,2,1,0,1,7.0,19.0,36.8,20.0,5.0,60.0,38.2,10.0,70.0,45.8,23.0,4.0,17.4,2.0,11.1,290.0,418.0,69.4,4870.0,2443.0,150.0,186.0,80.6,108.0,150.0,72.0,27.0,60.0,45.0,1,1.1,1.3,10.0,22.0,5.0,4.0,29.0,418.0,368.0,50.0,13.0,0.0,1.0,23.0,23.0,2.0,2.0,0.0,0.0,290.0,0.0,9.0,26.0,16.0,3.0,1.0,3.0,3.0,0.0,2.0,0.0,1.0,0.0,0.0,1.0,0.0,17.0,10.0,11.0,6.0,0.0,6.0,14.0,42.9,8.0,14.0,7.0,7.0,6.0,23,32.0,0.0,50.0,553.0,80.0,214.0,226.0,121.0,23.0,552.0,16.0,10.0,62.5,6.0,37.5,264.0,1504.0,797.0,18.0,16.0,3.0,19.0,9.0,288.0,29.0,2,0,0,11.0,10.0,0.0,23.0,6.0,10.0,1.0,2.0,0,70.0,22.0,14.0,61.1,18.0,3.0,16.7,0.0,0.0,21.6,0.0,1,2,2.6,1.0,0.06,-1.6,-1.0,6.0,4.0,83.3,0,1.7,0.7,0,0,0,0,2.0,10.0,20.0,18.0,5.0,27.8,30.4,11.0,45.5,44.5,17.0,1.0,5.9,1.0,11.4,287.0,417.0,68.8,5485.0,2383.0,109.0,135.0,80.7,138.0,183.0,75.4,37.0,81.0,45.7,0,0.6,2.0,7.0,28.0,11.0,6.0,43.0,417.0,360.0,54.0,9.0,0.0,0.0,26.0,28.0,4.0,4.0,0.0,0.0,287.0,3.0,9.0,35.0,24.0,3.0,2.0,1.0,5.0,0.0,1.0,0.0,0.0,0.0,1.0,0.0,0.0,15.0,11.0,6.0,4.0,5.0,6.0,16.0,37.5,10.0,9.0,1.0,8.0,13.0,28,13.0,1.0,50.0,533.0,56.0,141.0,226.0,169.0,22.0,531.0,14.0,8.0,57.1,6.0,42.9,256.0,1609.0,916.0,20.0,14.0,3.0,21.0,11.0,281.0,43.0,1,0,0,11.0,10.0,3.0,26.0,13.0,11.0,1.0,1.0,0,77.0,14.0,22.0,38.9
2023-04-01,16:00,Liga F,Matchweek 24,Sat,Home,W,4,2,Sevilla,Alavés,1.5,0.7,49.0,,Amanda Sampedro,4-3-3,Ylenia Sánchez Miguel,16.0,10.0,62.5,0.25,0.4,19.9,0.0,0,0,1.5,1.5,0.09,2.5,2.5,4.0,2.0,50.0,0,0.6,-1.4,0,0,0,0,5.0,10.0,50.0,13.0,2.0,38.5,32.8,8.0,62.5,40.5,7.0,2.0,28.6,0.0,9.0,263.0,368.0,71.5,5061.0,2227.0,100.0,120.0,83.3,129.0,163.0,79.1,31.0,65.0,47.7,3,0.9,0.4,10.0,24.0,2.0,0.0,35.0,368.0,313.0,50.0,8.0,0.0,2.0,14.0,23.0,8.0,1.0,0.0,5.0,263.0,5.0,11.0,27.0,20.0,5.0,1.0,0.0,1.0,0.0,8.0,6.0,1.0,0.0,0.0,1.0,0.0,14.0,7.0,8.0,6.0,0.0,4.0,10.0,40.0,6.0,5.0,0.0,5.0,5.0,19,7.0,0.0,49.0,448.0,31.0,138.0,214.0,109.0,20.0,448.0,8.0,7.0,87.5,1.0,12.5,257.0,1241.0,617.0,19.0,11.0,8.0,15.0,12.0,258.0,34.0,2,0,0,10.0,7.0,4.0,14.0,5.0,7.0,0.0,0.0,0,58.0,6.0,7.0,46.2,9.0,4.0,44.4,0.22,0.5,16.5,2.0,0,0,0.7,0.7,0.08,1.3,1.3,10.0,6.0,60.0,0,2.4,-1.6,0,0,0,0,5.0,13.0,38.5,28.0,4.0,32.1,33.2,6.0,66.7,38.7,11.0,2.0,18.2,0.0,10.0,292.0,381.0,76.6,5579.0,2478.0,116.0,131.0,88.5,125.0,156.0,80.1,44.0,77.0,57.1,1,0.5,0.5,6.0,23.0,2.0,0.0,27.0,381.0,332.0,49.0,13.0,0.0,5.0,7.0,23.0,2.0,1.0,0.0,1.0,292.0,0.0,5.0,14.0,4.0,5.0,0.0,1.0,4.0,0.0,4.0,1.0,1.0,0.0,0.0,2.0,0.0,13.0,6.0,8.0,3.0,2.0,1.0,8.0,12.5,7.0,12.0,3.0,9.0,5.0,18,15.0,2.0,51.0,484.0,59.0,178.0,239.0,71.0,10.0,484.0,10.0,6.0,60.0,4.0,40.0,286.0,1325.0,632.0,5.0,7.0,0.0,26.0,10.0,288.0,27.0,0,0,0,8.0,10.0,0.0,7.0,5.0,6.0,0.0,0.0,0,50.0,7.0,6.0,53.8
2023-04-16,16:00,Liga F,Matchweek 25,Sun,Away,D,0,0,Sevilla,Madrid CFF,1.7,1.6,40.0,,Amanda Sampedro,4-2-3-1,Marta Huerta de Aza,14.0,2.0,14.3,0.0,0.0,14.7,0.0,0,0,1.7,1.7,0.12,-1.7,-1.7,5.0,5.0,100.0,1,1.2,1.2,0,0,0,0,5.0,19.0,26.3,26.0,9.0,30.8,34.7,16.0,68.8,45.0,19.0,4.0,21.1,0.0,5.2,259.0,361.0,71.7,4943.0,2491.0,113.0,136.0,83.1,98.0,121.0,81.0,42.0,85.0,49.4,0,1.0,0.9,11.0,20.0,7.0,0.0,26.0,361.0,300.0,60.0,12.0,1.0,3.0,15.0,28.0,3.0,2.0,1.0,0.0,259.0,1.0,5.0,24.0,14.0,6.0,1.0,1.0,2.0,0.0,0.0,0.0,0.0,0.0,0.0,0.0,0.0,20.0,12.0,10.0,6.0,4.0,12.0,25.0,48.0,13.0,17.0,3.0,14.0,10.0,30,21.0,0.0,40.0,479.0,74.0,207.0,175.0,101.0,21.0,479.0,10.0,5.0,50.0,5.0,50.0,267.0,1165.0,523.0,11.0,10.0,2.0,18.0,12.0,253.0,26.0,0,0,0,10.0,10.0,1.0,15.0,10.0,12.0,0.0,0.0,0,55.0,9.0,9.0,50.0,17.0,5.0,29.4,0.0,0.0,17.9,0.0,0,0,1.6,1.6,0.09,-1.6,-1.6,2.0,2.0,100.0,1,0.7,0.7,0,0,0,0,2.0,3.0,66.7,13.0,8.0,15.4,19.6,13.0,7.7,14.4,10.0,0.0,0.0,0.0,,430.0,542.0,79.3,7377.0,3097.0,201.0,221.0,91.0,182.0,224.0,81.3,37.0,68.0,54.4,0,1.5,1.5,14.0,41.0,13.0,3.0,56.0,542.0,486.0,55.0,12.0,0.0,7.0,22.0,25.0,4.0,2.0,2.0,0.0,430.0,1.0,16.0,31.0,24.0,2.0,2.0,1.0,1.0,1.0,0.0,0.0,0.0,0.0,0.0,0.0,0.0,17.0,10.0,4.0,10.0,3.0,5.0,10.0,50.0,5.0,8.0,3.0,5.0,11.0,28,14.0,0.0,60.0,661.0,59.0,216.0,273.0,178.0,32.0,661.0,25.0,13.0,52.0,12.0,48.0,375.0,2009.0,1237.0,27.0,9.0,6.0,21.0,8.0,428.0,56.0,2,0,0,12.0,9.0,1.0,22.0,11.0,10.0,0.0,0.0,0,64.0,9.0,9.0,50.0
2023-04-28,20:00,Liga F,Matchweek 27,Fri,Away,D,0,0,Sevilla,Alhama,1.2,0.4,53.0,,Nagore Calderón,4-2-3-1,Arantza Gallastegui Pérez,20.0,9.0,45.0,0.0,0.0,18.5,0.0,0,0,1.2,1.2,0.06,-1.2,-1.2,2.0,2.0,100.0,1,0.1,0.1,0,0,0,0,7.0,19.0,36.8,20.0,4.0,55.0,41.1,8.0,100.0,59.0,13.0,1.0,7.7,4.0,22.3,263.0,424.0,62.0,5090.0,2763.0,121.0,148.0,81.8,102.0,155.0,65.8,38.0,105.0,36.2,0,0.8,0.9,15.0,27.0,7.0,5.0,40.0,424.0,350.0,69.0,15.0,1.0,3.0,27.0,41.0,4.0,4.0,0.0,0.0,263.0,5.0,6.0,34.0,19.0,5.0,1.0,2.0,3.0,4.0,0.0,0.0,0.0,0.0,0.0,0.0,0.0,23.0,17.0,10.0,12.0,1.0,1.0,4.0,25.0,3.0,6.0,1.0,5.0,8.0,31,9.0,0.0,53.0,535.0,35.0,155.0,227.0,162.0,22.0,535.0,17.0,7.0,41.2,10.0,58.8,242.0,1527.0,760.0,23.0,17.0,5.0,23.0,12.0,262.0,40.0,0,0,0,8.0,12.0,5.0,27.0,8.0,17.0,0.0,0.0,0,64.0,13.0,7.0,65.0,9.0,2.0,22.2,0.0,0.0,25.9,0.0,0,0,0.4,0.4,0.05,-0.4,-0.4,9.0,9.0,100.0,1,1.0,1.0,0,0,0,0,15.0,36.0,41.7,34.0,1.0,79.4,55.6,13.0,69.2,45.8,22.0,0.0,0.0,0.0,1.0,212.0,376.0,56.4,4801.0,2901.0,83.0,118.0,70.3,54.0,104.0,51.9,64.0,128.0,50.0,0,0.4,0.5,8.0,32.0,6.0,3.0,31.0,376.0,321.0,53.0,13.0,0.0,2.0,18.0,25.0,1.0,0.0,0.0,1.0,212.0,2.0,6.0,17.0,15.0,0.0,1.0,0.0,1.0,0.0,0.0,0.0,0.0,0.0,0.0,0.0,0.0,22.0,19.0,11.0,10.0,1.0,10.0,17.0,58.8,7.0,8.0,4.0,4.0,12.0,34,17.0,0.0,47.0,480.0,71.0,185.0,209.0,92.0,9.0,480.0,4.0,3.0,75.0,1.0,25.0,116.0,509.0,101.0,4.0,3.0,0.0,30.0,22.0,211.0,31.0,2,0,0,14.0,7.0,2.0,18.0,12.0,19.0,0.0,0.0,0,45.0,7.0,13.0,35.0
2023-05-05,20:00,Liga F,Matchweek 28,Fri,Home,L,0,2,Sevilla,Real Madrid,0.2,1.4,31.0,,Amanda Sampedro,4-4-2,Amy Peñalver Pearce,7.0,1.0,14.3,0.0,0.0,23.2,0.0,0,0,0.2,0.2,0.04,-0.2,-0.2,5.0,3.0,60.0,0,1.8,-0.2,0,0,0,0,4.0,15.0,26.7,12.0,3.0,50.0,36.5,13.0,69.2,48.2,21.0,0.0,0.0,0.0,7.0,178.0,277.0,64.3,3426.0,1710.0,65.0,82.0,79.3,84.0,111.0,75.7,21.0,64.0,32.8,0,0.2,0.2,4.0,20.0,3.0,0.0,21.0,277.0,224.0,50.0,11.0,0.0,1.0,5.0,21.0,2.0,1.0,1.0,0.0,178.0,3.0,7.0,12.0,8.0,3.0,0.0,0.0,1.0,0.0,0.0,0.0,0.0,0.0,0.0,0.0,0.0,18.0,15.0,9.0,8.0,1.0,12.0,29.0,41.4,17.0,7.0,4.0,3.0,17.0,35,19.0,0.0,31.0,377.0,66.0,173.0,124.0,88.0,10.0,377.0,20.0,6.0,30.0,13.0,65.0,164.0,937.0,392.0,11.0,6.0,5.0,9.0,5.0,174.0,19.0,1,0,0,14.0,9.0,3.0,5.0,17.0,15.0,0.0,0.0,0,52.0,10.0,3.0,76.9,19.0,5.0,26.3,0.11,0.4,20.0,2.0,0,0,1.4,1.4,0.07,0.6,0.6,1.0,1.0,100.0,1,0.0,0.0,0,0,0,0,2.0,5.0,40.0,20.0,2.0,10.0,26.0,5.0,60.0,34.0,5.0,0.0,0.0,2.0,16.8,512.0,605.0,84.6,9783.0,3415.0,204.0,225.0,90.7,236.0,270.0,87.4,68.0,99.0,68.7,2,1.1,0.9,12.0,58.0,11.0,3.0,64.0,605.0,556.0,47.0,15.0,0.0,4.0,24.0,19.0,7.0,5.0,0.0,0.0,512.0,2.0,5.0,34.0,27.0,3.0,1.0,1.0,2.0,0.0,4.0,4.0,0.0,0.0,0.0,0.0,0.0,20.0,13.0,13.0,6.0,1.0,13.0,19.0,68.4,6.0,10.0,3.0,7.0,9.0,29,10.0,0.0,69.0,708.0,47.0,184.0,319.0,214.0,21.0,708.0,30.0,17.0,56.7,12.0,40.0,317.0,2274.0,1278.0,19.0,14.0,3.0,19.0,5.0,510.0,64.0,0,0,0,9.0,12.0,2.0,24.0,9.0,13.0,0.0,0.0,0,58.0,3.0,10.0,23.1
2023-05-10,19:00,Liga F,Matchweek 26,Wed,Home,D,1,1,Sevilla,Barcelona,0.9,1.5,17.0,,Nagore Calderón,5-4-1,María Gloria Planes Terol,7.0,1.0,14.3,0.14,1.0,12.3,0.0,0,0,0.9,0.9,0.13,0.1,0.1,5.0,4.0,80.0,0,1.2,0.2,0,0,0,0,7.0,19.0,36.8,12.0,2.0,75.0,50.1,13.0,76.9,40.9,22.0,1.0,4.5,0.0,2.0,83.0,174.0,47.7,1727.0,1187.0,30.0,48.0,62.5,27.0,56.0,48.2,21.0,58.0,36.2,1,0.8,0.5,6.0,4.0,2.0,2.0,9.0,174.0,133.0,41.0,11.0,0.0,0.0,8.0,12.0,3.0,0.0,3.0,0.0,83.0,0.0,3.0,10.0,5.0,2.0,1.0,1.0,0.0,1.0,2.0,1.0,0.0,0.0,0.0,0.0,1.0,29.0,14.0,17.0,10.0,2.0,9.0,35.0,25.7,26.0,18.0,8.0,10.0,18.0,47,35.0,0.0,17.0,320.0,80.0,194.0,90.0,43.0,9.0,320.0,20.0,6.0,30.0,14.0,70.0,97.0,792.0,379.0,9.0,8.0,3.0,18.0,5.0,82.0,9.0,2,0,0,4.0,10.0,0.0,8.0,18.0,14.0,0.0,0.0,0,61.0,7.0,7.0,50.0,24.0,5.0,20.8,0.04,0.2,14.4,0.0,0,0,1.5,1.5,0.07,-0.5,-0.5,1.0,0.0,0.0,0,0.1,-0.9,0,0,0,0,0.0,0.0,,20.0,4.0,0.0,21.0,5.0,0.0,14.4,7.0,0.0,0.0,2.0,19.8,731.0,839.0,87.1,12239.0,3924.0,357.0,399.0,89.5,321.0,355.0,90.4,48.0,68.0,70.6,1,1.3,3.2,19.0,90.0,24.0,3.0,104.0,839.0,788.0,51.0,4.0,0.0,1.0,29.0,27.0,13.0,4.0,6.0,0.0,731.0,0.0,14.0,46.0,34.0,6.0,1.0,5.0,0.0,0.0,2.0,1.0,0.0,0.0,1.0,0.0,0.0,19.0,15.0,6.0,7.0,6.0,14.0,20.0,70.0,6.0,9.0,3.0,6.0,7.0,26,5.0,0.0,83.0,953.0,39.0,149.0,384.0,426.0,56.0,953.0,35.0,26.0,74.3,9.0,25.7,423.0,2537.0,1609.0,40.0,23.0,8.0,27.0,20.0,725.0,104.0,1,0,0,11.0,4.0,0.0,29.0,7.0,15.0,0.0,0.0,0,71.0,7.0,7.0,50.0
2023-05-14,11:00,Liga F,Matchweek 29,Sun,Away,L,1,3,Sevilla,UDG Tenerife,1.3,1.7,47.0,,Amanda Sampedro,4-2-3-1,Ylenia Sánchez Miguel,11.0,6.0,54.5,0.09,0.17,14.1,0.0,0,0,1.3,1.3,0.12,-0.3,-0.3,7.0,4.0,57.1,0,1.5,-1.5,0,0,0,0,15.0,26.0,57.7,20.0,1.0,85.0,58.7,9.0,100.0,66.8,13.0,3.0,23.1,2.0,13.2,154.0,318.0,48.4,3837.0,2846.0,49.0,100.0,49.0,62.0,125.0,49.6,40.0,80.0,50.0,0,0.7,0.4,8.0,19.0,4.0,1.0,18.0,318.0,252.0,63.0,11.0,1.0,0.0,15.0,37.0,2.0,1.0,1.0,0.0,154.0,3.0,10.0,15.0,6.0,4.0,1.0,1.0,2.0,1.0,0.0,0.0,0.0,0.0,0.0,0.0,0.0,28.0,23.0,16.0,9.0,3.0,4.0,17.0,23.5,13.0,6.0,3.0,3.0,10.0,38,18.0,1.0,47.0,411.0,45.0,155.0,170.0,92.0,16.0,411.0,11.0,9.0,81.8,2.0,18.2,140.0,848.0,381.0,14.0,8.0,4.0,11.0,7.0,152.0,18.0,2,0,0,20.0,9.0,3.0,15.0,10.0,23.0,0.0,0.0,0,53.0,5.0,12.0,29.4,16.0,7.0,43.8,0.19,0.43,19.2,1.0,0,0,1.7,1.7,0.11,1.3,1.3,6.0,5.0,83.3,0,1.5,0.5,0,0,0,0,13.0,27.0,48.1,32.0,3.0,71.9,49.3,8.0,50.0,42.9,13.0,0.0,0.0,0.0,8.0,209.0,360.0,58.1,4350.0,2457.0,80.0,117.0,68.4,84.0,130.0,64.6,39.0,98.0,39.8,3,1.2,0.8,10.0,19.0,8.0,2.0,24.0,360.0,288.0,70.0,22.0,0.0,2.0,17.0,33.0,6.0,1.0,2.0,0.0,209.0,2.0,7.0,23.0,16.0,0.0,5.0,0.0,1.0,1.0,6.0,4.0,0.0,2.0,0.0,0.0,0.0,9.0,5.0,4.0,5.0,0.0,2.0,11.0,18.2,9.0,11.0,2.0,9.0,10.0,19,11.0,1.0,53.0,463.0,55.0,159.0,207.0,100.0,22.0,463.0,17.0,13.0,76.5,4.0,23.5,229.0,1119.0,470.0,13.0,10.0,5.0,17.0,24.0,206.0,23.0,2,0,0,9.0,19.0,2.0,17.0,10.0,5.0,0.0,0.0,0,47.0,12.0,5.0,70.6
2023-05-19,20:00,Liga F,Matchweek 30,Fri,Home,W,2,0,Sevilla,Valencia,2.1,0.4,48.0,,Amanda Sampedro,4-2-3-1,Xiomara Díaz García,19.0,5.0,26.3,0.11,0.4,18.0,0.0,0,0,2.1,2.1,0.11,-0.1,-0.1,3.0,3.0,100.0,1,0.1,0.1,0,0,0,0,5.0,12.0,41.7,16.0,5.0,50.0,40.8,4.0,100.0,63.3,15.0,3.0,20.0,0.0,10.4,329.0,444.0,74.1,6319.0,3037.0,128.0,159.0,80.5,148.0,180.0,82.2,43.0,81.0,53.1,2,1.9,2.0,15.0,47.0,11.0,3.0,55.0,444.0,400.0,40.0,5.0,8.0,2.0,27.0,25.0,5.0,3.0,1.0,0.0,329.0,4.0,9.0,30.0,23.0,2.0,0.0,2.0,1.0,2.0,4.0,2.0,1.0,0.0,0.0,1.0,0.0,22.0,16.0,7.0,10.0,5.0,11.0,17.0,64.7,6.0,15.0,1.0,14.0,10.0,32,14.0,0.0,48.0,540.0,38.0,126.0,246.0,170.0,24.0,540.0,15.0,12.0,80.0,3.0,20.0,258.0,1691.0,802.0,19.0,10.0,4.0,13.0,4.0,325.0,55.0,0,0,0,10.0,5.0,4.0,27.0,10.0,16.0,0.0,0.0,0,72.0,7.0,4.0,63.6,9.0,3.0,33.3,0.0,0.0,25.3,0.0,0,0,0.4,0.4,0.04,-0.4,-0.4,5.0,3.0,60.0,0,0.2,-1.8,0,0,0,0,6.0,9.0,66.7,28.0,7.0,17.9,27.4,10.0,40.0,29.6,25.0,2.0,8.0,1.0,12.2,365.0,477.0,76.5,6654.0,2802.0,137.0,170.0,80.6,189.0,224.0,84.4,33.0,65.0,50.8,0,0.2,0.4,6.0,31.0,5.0,1.0,41.0,477.0,428.0,48.0,13.0,1.0,2.0,19.0,18.0,4.0,1.0,1.0,1.0,365.0,1.0,15.0,15.0,13.0,0.0,2.0,0.0,0.0,0.0,0.0,0.0,0.0,0.0,0.0,0.0,0.0,7.0,5.0,4.0,3.0,0.0,3.0,15.0,20.0,12.0,13.0,6.0,7.0,8.0,15,25.0,0.0,52.0,570.0,68.0,222.0,253.0,98.0,8.0,570.0,17.0,6.0,35.3,11.0,64.7,274.0,1898.0,1050.0,19.0,13.0,2.0,13.0,9.0,360.0,41.0,1,0,0,5.0,9.0,1.0,19.0,8.0,5.0,0.0,0.0,0,64.0,5.0,6.0,45.5
2022-09-17,12:00,Liga F,Matchweek 2,Sat,Away,L,0,2,UDG Tenerife,Barcelona,0.4,1.9,25.0,,Raquel Peña,4-3-3,María Dolores Martínez Madrona,4.0,1.0,25.0,0.0,0.0,28.4,0.0,0,0,0.4,0.4,0.11,-0.4,-0.4,6.0,4.0,66.7,0,1.0,-1.0,0,0,0,0,2.0,26.0,7.7,31.0,2.0,51.6,44.5,13.0,76.9,40.5,32.0,2.0,6.3,3.0,13.1,110.0,226.0,48.7,2512.0,1026.0,31.0,47.0,66.0,50.0,74.0,67.6,27.0,92.0,29.3,0,0.3,0.2,1.0,4.0,0.0,0.0,4.0,226.0,164.0,59.0,17.0,1.0,4.0,3.0,25.0,1.0,1.0,0.0,0.0,110.0,3.0,6.0,2.0,2.0,0.0,0.0,0.0,0.0,0.0,0.0,0.0,0.0,0.0,0.0,0.0,0.0,26.0,17.0,22.0,3.0,1.0,13.0,22.0,59.1,9.0,16.0,9.0,7.0,15.0,41,28.0,0.0,25.0,345.0,92.0,232.0,81.0,36.0,5.0,345.0,1.0,0.0,0.0,0.0,0.0,156.0,871.0,327.0,4.0,4.0,2.0,15.0,13.0,108.0,4.0,2,0,0,5.0,9.0,3.0,3.0,15.0,17.0,0.0,0.0,0,42.0,4.0,13.0,23.5,23.0,6.0,26.1,0.09,0.33,14.7,0.0,0,0,1.9,1.9,0.09,0.1,0.1,1.0,1.0,100.0,1,0.2,0.2,0,0,0,0,0.0,0.0,,14.0,4.0,0.0,19.9,4.0,0.0,22.0,2.0,0.0,0.0,1.0,15.0,582.0,695.0,83.7,10450.0,3635.0,275.0,304.0,90.5,241.0,274.0,88.0,62.0,90.0,68.9,0,1.6,2.1,15.0,56.0,15.0,5.0,66.0,695.0,625.0,61.0,8.0,1.0,2.0,44.0,36.0,12.0,7.0,4.0,1.0,582.0,9.0,11.0,35.0,19.0,8.0,2.0,5.0,1.0,0.0,0.0,0.0,0.0,0.0,0.0,0.0,0.0,13.0,9.0,7.0,3.0,3.0,0.0,0.0,,0.0,6.0,0.0,6.0,5.0,18,8.0,0.0,75.0,797.0,26.0,115.0,415.0,274.0,54.0,797.0,25.0,9.0,36.0,13.0,52.0,431.0,1980.0,1029.0,19.0,22.0,9.0,16.0,13.0,579.0,66.0,1,0,0,9.0,5.0,9.0,44.0,5.0,9.0,0.0,0.0,0,62.0,13.0,4.0,76.5
2022-10-01,12:00,Liga F,Matchweek 4,Sat,Away,W,2,1,UDG Tenerife,Real Betis,1.5,0.4,34.0,,Raquel Peña,4-4-2,Elena Peláez Arnillas,13.0,7.0,53.8,0.08,0.14,22.5,1.0,1,1,1.5,0.7,0.06,0.5,0.3,2.0,1.0,50.0,0,0.2,-0.8,0,0,0,0,5.0,11.0,45.5,29.0,4.0,27.6,30.1,4.0,75.0,37.3,14.0,2.0,14.3,4.0,17.6,182.0,291.0,62.5,3478.0,1703.0,69.0,94.0,73.4,83.0,117.0,70.9,26.0,63.0,41.3,1,0.5,0.3,9.0,15.0,2.0,1.0,18.0,291.0,241.0,46.0,12.0,0.0,0.0,7.0,24.0,4.0,1.0,2.0,0.0,182.0,4.0,3.0,20.0,14.0,2.0,1.0,2.0,1.0,0.0,4.0,3.0,0.0,0.0,0.0,1.0,0.0,20.0,16.0,13.0,7.0,0.0,9.0,12.0,75.0,3.0,9.0,0.0,9.0,16.0,36,21.0,0.0,34.0,400.0,51.0,170.0,179.0,62.0,9.0,399.0,18.0,8.0,44.4,10.0,55.6,194.0,1141.0,577.0,12.0,11.0,4.0,13.0,4.0,180.0,18.0,0,0,0,9.0,8.0,4.0,7.0,16.0,16.0,1.0,0.0,0,64.0,9.0,8.0,52.9,5.0,2.0,40.0,0.2,0.5,12.7,0.0,0,0,0.4,0.4,0.08,0.6,0.6,8.0,6.0,87.5,0,2.3,0.3,1,1,0,0,7.0,18.0,38.9,78.0,3.0,23.1,30.0,4.0,0.0,10.8,5.0,1.0,20.0,2.0,19.9,440.0,571.0,77.1,7904.0,2838.0,203.0,225.0,90.2,181.0,221.0,81.9,46.0,91.0,50.5,1,0.4,0.7,5.0,24.0,4.0,1.0,24.0,571.0,512.0,55.0,12.0,1.0,1.0,16.0,32.0,4.0,4.0,0.0,0.0,440.0,4.0,9.0,9.0,5.0,1.0,0.0,1.0,1.0,1.0,2.0,2.0,0.0,0.0,0.0,0.0,0.0,14.0,12.0,6.0,6.0,2.0,10.0,18.0,55.6,8.0,5.0,3.0,2.0,7.0,21,10.0,0.0,66.0,641.0,60.0,241.0,261.0,141.0,11.0,641.0,12.0,3.0,25.0,9.0,75.0,356.0,1854.0,825.0,10.0,10.0,3.0,10.0,11.0,436.0,24.0,4,0,0,10.0,9.0,4.0,16.0,7.0,12.0,0.0,1.0,0,60.0,8.0,9.0,47.1
2022-10-15,12:00,Liga F,Matchweek 5,Sat,Away,D,1,1,UDG Tenerife,Real Sociedad,0.8,2.0,26.0,,Raquel Peña,4-3-3,Paola Cebollada López,5.0,2.0,40.0,0.2,0.5,18.6,1.0,0,0,0.8,0.8,0.16,0.2,0.2,6.0,5.0,83.3,0,0.6,-0.4,0,0,0,0,3.0,24.0,12.5,35.0,1.0,51.4,41.7,8.0,75.0,45.8,21.0,0.0,0.0,2.0,13.4,127.0,237.0,53.6,2359.0,957.0,44.0,70.0,62.9,61.0,87.0,70.1,15.0,61.0,24.6,0,0.3,0.1,4.0,6.0,1.0,0.0,6.0,237.0,196.0,40.0,11.0,0.0,0.0,3.0,17.0,2.0,1.0,1.0,0.0,127.0,1.0,4.0,7.0,4.0,1.0,1.0,0.0,1.0,0.0,0.0,0.0,0.0,0.0,0.0,0.0,0.0,16.0,9.0,9.0,6.0,1.0,3.0,7.0,42.9,4.0,16.0,8.0,8.0,18.0,34,29.0,0.0,26.0,358.0,88.0,191.0,133.0,36.0,7.0,358.0,12.0,6.0,50.0,6.0,50.0,113.0,686.0,263.0,5.0,4.0,2.0,16.0,8.0,126.0,6.0,6,1,1,14.0,8.0,1.0,3.0,18.0,9.0,0.0,0.0,0,46.0,11.0,14.0,44.0,21.0,6.0,28.6,0.05,0.17,17.0,0.0,0,0,2.0,2.0,0.1,-1.0,-1.0,2.0,1.0,50.0,0,0.1,-0.9,0,0,0,0,0.0,3.0,0.0,42.0,0.0,7.1,21.7,5.0,0.0,21.6,2.0,0.0,0.0,4.0,22.8,535.0,662.0,80.8,11051.0,3586.0,149.0,185.0,80.5,304.0,341.0,89.1,77.0,118.0,65.3,1,1.6,1.0,15.0,34.0,12.0,2.0,53.0,662.0,607.0,51.0,15.0,1.0,0.0,22.0,20.0,9.0,1.0,8.0,0.0,535.0,4.0,8.0,33.0,22.0,4.0,1.0,3.0,2.0,1.0,2.0,0.0,1.0,0.0,0.0,1.0,0.0,14.0,6.0,3.0,10.0,1.0,6.0,11.0,54.5,5.0,5.0,1.0,4.0,12.0,26,7.0,1.0,74.0,739.0,61.0,268.0,327.0,150.0,26.0,739.0,7.0,4.0,57.1,3.0,42.9,544.0,2194.0,832.0,12.0,8.0,5.0,11.0,12.0,525.0,52.0,3,0,0,8.0,13.0,4.0,22.0,12.0,6.0,0.0,0.0,0,63.0,14.0,8.0,63.6
2022-10-23,11:00,Liga F,Matchweek 6,Sun,Home,W,2,0,UDG Tenerife,Villarreal,1.3,0.6,64.0,,Raquel Peña,4-3-3,Beatriz Cuesta Arribas,16.0,8.0,50.0,0.13,0.25,17.8,1.0,0,0,1.3,1.3,0.08,0.7,0.7,2.0,2.0,100.0,1,0.4,0.4,0,0,0,0,7.0,19.0,36.8,44.0,9.0,34.1,34.6,4.0,100.0,61.8,12.0,1.0,8.3,3.0,18.6,324.0,462.0,70.1,7100.0,2471.0,84.0,109.0,77.1,181.0,223.0,81.2,58.0,111.0,52.3,1,0.7,0.6,11.0,19.0,6.0,4.0,24.0,462.0,389.0,71.0,20.0,1.0,7.0,14.0,40.0,6.0,0.0,0.0,4.0,324.0,2.0,10.0,28.0,21.0,3.0,1.0,1.0,2.0,0.0,4.0,2.0,0.0,1.0,0.0,1.0,0.0,10.0,9.0,4.0,4.0,2.0,0.0,2.0,0.0,2.0,7.0,4.0,3.0,14.0,24,22.0,0.0,64.0,573.0,70.0,271.0,210.0,98.0,17.0,573.0,10.0,8.0,80.0,2.0,20.0,252.0,1302.0,557.0,9.0,2.0,7.0,24.0,16.0,321.0,24.0,1,0,0,6.0,16.0,2.0,14.0,14.0,9.0,0.0,0.0,0,42.0,15.0,7.0,68.2,8.0,2.0,25.0,0.0,0.0,12.8,0.0,0,0,0.6,0.6,0.08,-0.6,-0.6,8.0,6.0,75.0,0,0.9,0.1,0,0,0,0,4.0,21.0,19.0,14.0,0.0,85.7,54.4,10.0,90.0,56.4,14.0,0.0,0.0,1.0,26.0,120.0,265.0,45.3,2460.0,1333.0,45.0,73.0,61.6,41.0,81.0,50.6,26.0,84.0,31.0,0,0.5,0.7,6.0,12.0,7.0,2.0,12.0,265.0,201.0,59.0,8.0,0.0,0.0,16.0,31.0,7.0,3.0,3.0,0.0,120.0,5.0,6.0,13.0,6.0,4.0,0.0,2.0,0.0,1.0,0.0,0.0,0.0,0.0,0.0,0.0,0.0,18.0,12.0,6.0,11.0,1.0,2.0,10.0,20.0,8.0,11.0,1.0,10.0,23.0,41,9.0,0.0,36.0,363.0,35.0,117.0,157.0,91.0,17.0,363.0,2.0,2.0,100.0,0.0,0.0,132.0,523.0,221.0,4.0,2.0,1.0,17.0,10.0,117.0,12.0,3,0,0,16.0,6.0,5.0,16.0,23.0,12.0,0.0,0.0,0,39.0,7.0,15.0,31.8
2022-10-29,12:00,Liga F,Matchweek 7,Sat,Away,L,0,2,UDG Tenerife,Madrid CFF,0.2,1.9,46.0,,Raquel Peña,4-3-3,Amy Peñalver Pearce,6.0,2.0,33.3,0.0,0.0,21.1,1.0,0,0,0.2,0.2,0.04,-0.2,-0.2,5.0,3.0,60.0,0,0.5,-1.5,0,0,0,0,8.0,17.0,47.1,33.0,7.0,24.2,28.5,16.0,56.3,37.6,18.0,0.0,0.0,1.0,22.0,226.0,367.0,61.6,4644.0,2062.0,68.0,104.0,65.4,121.0,164.0,73.8,32.0,82.0,39.0,0,0.1,0.7,3.0,16.0,0.0,0.0,15.0,367.0,296.0,70.0,14.0,0.0,2.0,9.0,33.0,4.0,3.0,0.0,0.0,226.0,1.0,4.0,10.0,5.0,3.0,0.0,0.0,1.0,1.0,0.0,0.0,0.0,0.0,0.0,0.0,0.0,13.0,10.0,8.0,4.0,1.0,2.0,4.0,50.0,2.0,9.0,2.0,7.0,15.0,28,18.0,1.0,46.0,478.0,73.0,238.0,163.0,83.0,14.0,478.0,5.0,4.0,80.0,1.0,20.0,252.0,1233.0,515.0,6.0,3.0,5.0,20.0,12.0,222.0,15.0,1,0,0,11.0,12.0,1.0,9.0,15.0,10.0,0.0,0.0,0,51.0,6.0,13.0,31.6,18.0,5.0,27.8,0.11,0.4,16.1,0.0,0,0,1.9,1.9,0.11,0.1,0.1,2.0,2.0,100.0,1,0.1,0.1,0,0,0,0,8.0,10.0,80.0,15.0,1.0,46.7,40.4,8.0,37.5,30.6,7.0,0.0,0.0,0.0,8.8,281.0,428.0,65.7,5711.0,2864.0,112.0,158.0,70.9,105.0,151.0,69.5,58.0,99.0,58.6,0,0.8,0.8,8.0,29.0,8.0,3.0,30.0,428.0,375.0,50.0,11.0,0.0,3.0,20.0,26.0,4.0,3.0,1.0,0.0,281.0,3.0,7.0,23.0,13.0,3.0,0.0,6.0,0.0,1.0,2.0,0.0,0.0,0.0,1.0,0.0,1.0,13.0,8.0,5.0,7.0,1.0,1.0,5.0,20.0,4.0,4.0,0.0,4.0,11.0,24,16.0,0.0,54.0,537.0,42.0,161.0,245.0,137.0,26.0,537.0,4.0,2.0,50.0,2.0,50.0,288.0,1546.0,430.0,12.0,11.0,3.0,22.0,11.0,280.0,30.0,2,0,0,12.0,9.0,3.0,20.0,11.0,8.0,0.0,0.0,0,71.0,14.0,6.0,70.0
2022-11-01,17:00,Liga F,Matchweek 1,Tue,Home,L,0,2,UDG Tenerife,Athletic Club,0.7,0.4,59.0,,Raquel Peña,4-3-3,Paola Cebollada López,13.0,4.0,30.8,0.0,0.0,18.3,1.0,0,0,0.7,0.7,0.05,-0.7,-0.7,3.0,2.0,33.3,0,0.2,-0.8,0,0,0,0,5.0,23.0,21.7,31.0,5.0,48.4,41.6,14.0,57.1,44.1,13.0,0.0,0.0,1.0,15.0,285.0,453.0,62.9,6592.0,3091.0,81.0,115.0,70.4,135.0,183.0,73.8,68.0,143.0,47.6,0,0.4,0.8,10.0,25.0,12.0,3.0,34.0,453.0,363.0,89.0,13.0,1.0,0.0,31.0,50.0,9.0,3.0,5.0,0.0,285.0,1.0,11.0,23.0,12.0,6.0,1.0,2.0,2.0,0.0,0.0,0.0,0.0,0.0,0.0,0.0,0.0,10.0,8.0,9.0,0.0,1.0,6.0,8.0,75.0,2.0,11.0,1.0,10.0,9.0,19,23.0,0.0,59.0,561.0,74.0,237.0,174.0,153.0,18.0,561.0,17.0,8.0,47.1,9.0,52.9,201.0,1136.0,502.0,10.0,5.0,1.0,14.0,11.0,279.0,34.0,2,0,0,7.0,13.0,1.0,31.0,9.0,8.0,0.0,0.0,1,54.0,13.0,19.0,40.6,8.0,3.0,37.5,0.13,0.33,19.8,0.0,0,0,0.4,0.4,0.05,0.6,0.6,4.0,4.0,100.0,1,0.5,0.5,0,0,0,0,12.0,24.0,50.0,25.0,2.0,76.0,52.7,5.0,100.0,61.0,25.0,3.0,12.0,0.0,9.0,161.0,313.0,51.4,3726.0,2624.0,57.0,80.0,71.3,68.0,113.0,60.2,34.0,99.0,34.3,1,0.4,0.3,6.0,25.0,3.0,1.0,25.0,313.0,259.0,52.0,8.0,0.0,1.0,16.0,35.0,3.0,3.0,0.0,0.0,161.0,2.0,10.0,12.0,10.0,2.0,0.0,0.0,0.0,0.0,2.0,1.0,1.0,0.0,0.0,0.0,0.0,20.0,12.0,13.0,5.0,2.0,9.0,17.0,52.9,8.0,11.0,3.0,8.0,13.0,33,31.0,0.0,41.0,448.0,62.0,183.0,145.0,123.0,11.0,448.0,8.0,2.0,25.0,6.0,75.0,129.0,664.0,252.0,5.0,2.0,4.0,25.0,4.0,158.0,25.0,2,0,0,13.0,7.0,2.0,16.0,13.0,12.0,0.0,0.0,0,72.0,19.0,13.0,59.4
2022-11-06,11:00,Liga F,Matchweek 8,Sun,Home,D,1,1,UDG Tenerife,Alavés,1.0,1.1,57.0,,Raquel Peña,3-5-2,Elena Peláez Arnillas,9.0,4.0,44.4,0.11,0.25,16.2,0.0,0,0,1.0,1.0,0.11,0.0,0.0,3.0,2.0,66.7,0,1.1,0.1,0,0,0,0,1.0,7.0,14.3,24.0,5.0,25.0,33.4,3.0,33.3,48.0,5.0,1.0,20.0,2.0,21.7,314.0,446.0,70.4,6517.0,2689.0,97.0,124.0,78.2,160.0,202.0,79.2,54.0,102.0,52.9,1,0.9,0.9,7.0,29.0,5.0,2.0,32.0,446.0,383.0,60.0,20.0,0.0,9.0,17.0,32.0,3.0,1.0,2.0,0.0,314.0,3.0,2.0,15.0,12.0,3.0,0.0,0.0,0.0,0.0,2.0,2.0,0.0,0.0,0.0,0.0,0.0,18.0,16.0,7.0,9.0,2.0,7.0,9.0,77.8,2.0,9.0,2.0,7.0,7.0,25,7.0,0.0,57.0,534.0,33.0,173.0,247.0,115.0,16.0,534.0,7.0,2.0,28.6,5.0,71.4,299.0,1517.0,638.0,7.0,6.0,5.0,26.0,17.0,308.0,32.0,4,0,0,10.0,10.0,3.0,17.0,7.0,16.0,0.0,0.0,0,61.0,5.0,7.0,41.7,6.0,3.0,50.0,0.17,0.33,16.6,1.0,0,0,1.1,1.1,0.19,-0.1,-0.1,4.0,3.0,75.0,0,0.5,-0.5,0,0,0,0,1.0,6.0,16.7,25.0,5.0,16.0,28.8,12.0,50.0,33.9,13.0,0.0,0.0,0.0,14.0,207.0,332.0,62.3,4194.0,2397.0,84.0,113.0,74.3,82.0,121.0,67.8,40.0,73.0,54.8,1,1.0,0.5,5.0,17.0,4.0,1.0,21.0,332.0,258.0,67.0,10.0,0.0,1.0,11.0,42.0,1.0,0.0,0.0,1.0,207.0,7.0,8.0,11.0,8.0,2.0,0.0,0.0,1.0,0.0,2.0,2.0,0.0,0.0,0.0,0.0,0.0,22.0,13.0,12.0,7.0,3.0,5.0,7.0,71.4,2.0,2.0,0.0,2.0,14.0,36,19.0,0.0,43.0,441.0,65.0,180.0,189.0,76.0,9.0,441.0,9.0,2.0,22.2,7.0,77.8,199.0,829.0,328.0,3.0,8.0,3.0,27.0,11.0,205.0,21.0,2,0,0,13.0,9.0,7.0,11.0,14.0,13.0,0.0,0.0,0,47.0,7.0,5.0,58.3
2022-11-19,12:00,Liga F,Matchweek 9,Sat,Away,L,0,1,UDG Tenerife,Alhama,0.5,0.5,60.0,,Raquel Peña,4-2-3-1,Alicia Espinosa Ríos,13.0,5.0,38.5,0.0,0.0,26.3,1.0,0,0,0.5,0.5,0.04,-0.5,-0.5,2.0,1.0,50.0,0,0.7,-0.3,0,0,0,0,3.0,7.0,42.9,35.0,9.0,11.4,27.1,6.0,50.0,37.0,13.0,0.0,0.0,3.0,21.5,286.0,417.0,68.6,5287.0,2417.0,108.0,135.0,80.0,145.0,189.0,76.7,27.0,73.0,37.0,0,0.3,0.4,6.0,19.0,5.0,0.0,35.0,417.0,346.0,70.0,14.0,0.0,1.0,10.0,43.0,5.0,5.0,0.0,0.0,286.0,1.0,10.0,18.0,9.0,2.0,2.0,1.0,2.0,2.0,0.0,0.0,0.0,0.0,0.0,0.0,0.0,14.0,9.0,6.0,6.0,2.0,9.0,11.0,81.8,2.0,8.0,1.0,7.0,7.0,21,15.0,0.0,60.0,545.0,57.0,191.0,262.0,99.0,13.0,545.0,22.0,12.0,54.5,10.0,45.5,249.0,1520.0,667.0,10.0,6.0,3.0,25.0,14.0,280.0,35.0,2,0,0,13.0,13.0,1.0,10.0,7.0,9.0,0.0,0.0,0,68.0,9.0,5.0,64.3,7.0,2.0,28.6,0.14,0.5,19.0,1.0,0,0,0.5,0.5,0.07,0.5,0.5,5.0,5.0,100.0,1,1.4,1.4,0,0,0,0,6.0,15.0,40.0,17.0,0.0,58.8,52.2,11.0,45.5,38.6,7.0,0.0,0.0,6.0,25.8,137.0,283.0,48.4,2865.0,1685.0,58.0,101.0,57.4,47.0,89.0,52.8,30.0,80.0,37.5,1,0.3,0.3,3.0,15.0,1.0,1.0,13.0,283.0,230.0,51.0,13.0,0.0,3.0,17.0,22.0,4.0,2.0,1.0,0.0,137.0,2.0,8.0,9.0,3.0,2.0,0.0,0.0,2.0,2.0,2.0,1.0,1.0,0.0,0.0,0.0,0.0,25.0,19.0,9.0,11.0,5.0,10.0,22.0,45.5,12.0,13.0,4.0,9.0,16.0,41,22.0,0.0,40.0,406.0,49.0,156.0,161.0,98.0,7.0,406.0,10.0,2.0,20.0,8.0,80.0,166.0,750.0,217.0,5.0,8.0,3.0,25.0,5.0,135.0,13.0,3,0,0,13.0,12.0,2.0,17.0,16.0,19.0,0.0,0.0,0,71.0,5.0,9.0,35.7
2022-11-27,11:00,Liga F,Matchweek 10,Sun,Home,W,1,0,UDG Tenerife,Valencia,1.6,0.9,49.0,,Raquel Peña,4-3-3,Arantza Gallastegui Pérez,19.0,7.0,36.8,0.05,0.14,18.8,2.0,0,0,1.6,1.6,0.09,-0.6,-0.6,2.0,1.0,100.0,1,1.2,1.2,1,0,1,0,6.0,24.0,25.0,23.0,3.0,78.3,51.5,7.0,85.7,63.4,7.0,0.0,0.0,1.0,16.0,220.0,380.0,57.9,4565.0,2162.0,73.0,105.0,69.5,112.0,156.0,71.8,34.0,91.0,37.4,0,1.1,1.0,11.0,23.0,9.0,4.0,38.0,380.0,310.0,64.0,13.0,0.0,1.0,23.0,35.0,8.0,5.0,0.0,0.0,220.0,6.0,7.0,29.0,18.0,5.0,2.0,1.0,3.0,0.0,1.0,0.0,0.0,0.0,1.0,0.0,0.0,21.0,13.0,6.0,11.0,4.0,14.0,19.0,73.7,5.0,14.0,0.0,14.0,15.0,36,16.0,0.0,49.0,514.0,52.0,161.0,200.0,159.0,28.0,514.0,15.0,8.0,53.3,7.0,46.7,177.0,1047.0,424.0,13.0,4.0,6.0,15.0,11.0,219.0,38.0,4,0,0,8.0,12.0,6.0,23.0,15.0,13.0,0.0,1.0,0,77.0,16.0,14.0,53.3,2.0,1.0,50.0,0.0,0.0,34.6,1.0,0,1,0.9,0.1,0.05,-0.9,-0.1,7.0,6.0,85.7,0,1.6,0.6,0,0,0,0,2.0,7.0,28.6,23.0,10.0,21.7,33.0,12.0,16.7,26.8,16.0,1.0,6.3,0.0,4.0,241.0,390.0,61.8,4797.0,2438.0,97.0,117.0,82.9,99.0,148.0,66.9,43.0,101.0,42.6,0,0.0,0.1,0.0,23.0,3.0,0.0,25.0,390.0,315.0,72.0,10.0,0.0,1.0,8.0,46.0,2.0,2.0,0.0,0.0,241.0,3.0,14.0,3.0,2.0,0.0,0.0,0.0,1.0,0.0,0.0,0.0,0.0,0.0,0.0,0.0,0.0,18.0,10.0,4.0,11.0,3.0,7.0,15.0,46.7,8.0,9.0,3.0,6.0,15.0,33,22.0,0.0,51.0,530.0,79.0,241.0,215.0,79.0,7.0,529.0,19.0,5.0,26.3,14.0,73.7,136.0,633.0,250.0,5.0,3.0,1.0,27.0,7.0,238.0,25.0,2,0,0,12.0,6.0,3.0,8.0,15.0,10.0,1.0,0.0,0,63.0,14.0,16.0,46.7
2022-12-03,12:00,Liga F,Matchweek 11,Sat,Away,D,2,2,UDG Tenerife,Sevilla,1.5,0.7,43.0,,Raquel Peña,4-5-1,Elisabeth Calvo Valentín,9.0,4.0,44.4,0.22,0.5,25.2,3.0,0,1,1.5,0.7,0.08,0.5,1.3,4.0,2.0,50.0,0,0.6,-1.4,0,0,0,0,4.0,19.0,21.1,14.0,0.0,85.7,51.9,11.0,63.6,44.0,12.0,1.0,8.3,0.0,5.0,183.0,314.0,58.3,3692.0,1840.0,67.0,99.0,67.7,79.0,116.0,68.1,32.0,85.0,37.6,1,0.3,0.5,3.0,21.0,4.0,2.0,24.0,314.0,254.0,59.0,15.0,0.0,1.0,17.0,25.0,5.0,5.0,0.0,0.0,183.0,1.0,7.0,16.0,8.0,2.0,0.0,1.0,5.0,0.0,2.0,0.0,1.0,0.0,0.0,1.0,0.0,20.0,11.0,7.0,10.0,3.0,8.0,11.0,72.7,3.0,9.0,3.0,6.0,15.0,35,24.0,1.0,43.0,435.0,53.0,145.0,194.0,101.0,10.0,434.0,19.0,9.0,47.4,10.0,52.6,157.0,701.0,354.0,6.0,8.0,1.0,15.0,11.0,180.0,23.0,1,0,0,10.0,18.0,1.0,17.0,15.0,11.0,1.0,0.0,0,68.0,6.0,9.0,40.0,9.0,4.0,44.4,0.22,0.5,17.4,1.0,0,0,0.7,0.7,0.08,1.3,1.3,5.0,2.0,60.0,0,2.1,0.1,1,0,1,0,4.0,5.0,80.0,28.0,5.0,10.7,26.9,9.0,22.2,25.9,14.0,0.0,0.0,2.0,17.2,289.0,415.0,69.6,5706.0,2650.0,97.0,132.0,73.5,145.0,186.0,78.0,41.0,77.0,53.2,1,0.6,0.4,7.0,25.0,3.0,2.0,32.0,415.0,363.0,51.0,10.0,0.0,0.0,15.0,27.0,2.0,2.0,0.0,0.0,289.0,1.0,9.0,16.0,10.0,3.0,0.0,1.0,2.0,0.0,3.0,3.0,0.0,0.0,0.0,0.0,0.0,21.0,10.0,12.0,6.0,3.0,10.0,19.0,52.6,9.0,7.0,2.0,5.0,12.0,33,15.0,0.0,57.0,533.0,62.0,203.0,225.0,110.0,15.0,533.0,11.0,3.0,27.3,8.0,72.7,256.0,1182.0,554.0,12.0,10.0,6.0,23.0,12.0,286.0,31.0,6,2,1,19.0,9.0,1.0,15.0,12.0,10.0,0.0,1.0,0,66.0,9.0,6.0,60.0
2022-12-11,13:00,Liga F,Matchweek 12,Sun,Home,L,0,1,UDG Tenerife,Levante Planas,0.5,0.6,59.0,,Raquel Peña,4-3-3,Marta Frías Acedo,10.0,3.0,30.0,0.0,0.0,19.5,2.0,0,0,0.5,0.5,0.05,-0.5,-0.5,4.0,3.0,75.0,0,0.9,-0.1,0,0,0,0,4.0,12.0,33.3,22.0,0.0,40.9,33.6,11.0,27.3,30.5,7.0,0.0,0.0,1.0,27.0,274.0,411.0,66.7,5374.0,2484.0,94.0,124.0,75.8,140.0,176.0,79.5,35.0,87.0,40.2,0,0.3,0.5,6.0,31.0,11.0,2.0,37.0,411.0,335.0,71.0,17.0,1.0,0.0,30.0,35.0,6.0,5.0,0.0,0.0,274.0,5.0,5.0,19.0,10.0,4.0,1.0,0.0,3.0,1.0,0.0,0.0,0.0,0.0,0.0,0.0,0.0,20.0,12.0,6.0,8.0,6.0,10.0,14.0,71.4,4.0,6.0,0.0,6.0,6.0,26,14.0,0.0,59.0,515.0,47.0,131.0,215.0,177.0,31.0,515.0,20.0,7.0,35.0,13.0,65.0,227.0,1257.0,600.0,15.0,6.0,8.0,25.0,10.0,271.0,36.0,1,0,0,12.0,15.0,5.0,30.0,6.0,12.0,0.0,0.0,0,60.0,7.0,18.0,28.0,10.0,4.0,40.0,0.1,0.25,23.9,2.0,0,0,0.6,0.6,0.06,0.4,0.4,3.0,3.0,100.0,1,0.3,0.3,0,0,0,0,9.0,21.0,42.9,20.0,4.0,65.0,45.2,14.0,64.3,42.0,25.0,3.0,12.0,0.0,8.3,164.0,283.0,58.0,3729.0,2290.0,52.0,79.0,65.8,69.0,97.0,71.1,40.0,88.0,45.5,1,0.5,0.4,8.0,17.0,4.0,1.0,20.0,283.0,214.0,64.0,14.0,0.0,0.0,8.0,34.0,1.0,0.0,1.0,0.0,164.0,5.0,8.0,16.0,10.0,2.0,0.0,0.0,3.0,1.0,2.0,2.0,0.0,0.0,0.0,0.0,0.0,23.0,14.0,13.0,8.0,2.0,13.0,20.0,65.0,7.0,6.0,3.0,3.0,9.0,32,40.0,0.0,41.0,427.0,86.0,214.0,146.0,68.0,10.0,427.0,14.0,4.0,28.6,10.0,71.4,158.0,688.0,230.0,3.0,1.0,2.0,19.0,10.0,160.0,19.0,4,0,0,15.0,12.0,5.0,8.0,9.0,14.0,0.0,0.0,0,50.0,18.0,7.0,72.0
2022-12-18,12:00,Liga F,Matchweek 13,Sun,Away,D,2,2,UDG Tenerife,Sporting Huelva,1.6,1.3,57.0,,Patricia Gavira,4-3-3,María Eugenia Gil Soriano,16.0,4.0,25.0,0.13,0.5,20.4,2.0,0,0,1.6,1.6,0.1,0.4,0.4,5.0,3.0,60.0,0,0.8,-1.2,0,0,0,0,13.0,21.0,61.9,26.0,1.0,61.5,43.0,8.0,62.5,36.6,9.0,1.0,11.1,0.0,5.7,278.0,443.0,62.8,5991.0,2776.0,85.0,120.0,70.8,140.0,198.0,70.7,52.0,109.0,47.7,2,1.2,1.2,8.0,25.0,5.0,4.0,35.0,443.0,375.0,63.0,12.0,1.0,1.0,18.0,35.0,5.0,1.0,1.0,0.0,278.0,5.0,13.0,25.0,19.0,1.0,1.0,2.0,2.0,0.0,4.0,3.0,0.0,1.0,0.0,0.0,0.0,22.0,18.0,9.0,11.0,2.0,9.0,13.0,69.2,4.0,14.0,1.0,13.0,12.0,34,12.0,1.0,57.0,562.0,48.0,198.0,234.0,134.0,20.0,562.0,11.0,7.0,63.6,4.0,36.4,302.0,1267.0,519.0,14.0,7.0,6.0,19.0,23.0,276.0,35.0,0,0,0,6.0,13.0,5.0,18.0,12.0,18.0,0.0,0.0,0,72.0,23.0,16.0,59.0,12.0,5.0,41.7,0.17,0.4,24.1,0.0,0,0,1.3,1.3,0.11,0.7,0.7,4.0,2.0,50.0,0,1.7,-0.3,0,0,0,0,3.0,16.0,18.8,21.0,3.0,57.1,43.1,13.0,30.8,31.7,15.0,1.0,6.7,1.0,15.3,180.0,337.0,53.4,3702.0,1982.0,68.0,94.0,72.3,81.0,132.0,61.4,30.0,92.0,32.6,1,0.6,1.2,5.0,15.0,2.0,0.0,15.0,337.0,265.0,71.0,11.0,1.0,0.0,13.0,41.0,3.0,3.0,0.0,0.0,180.0,1.0,15.0,10.0,7.0,2.0,0.0,0.0,1.0,0.0,2.0,0.0,1.0,0.0,0.0,1.0,0.0,27.0,13.0,11.0,12.0,4.0,4.0,11.0,36.4,7.0,15.0,3.0,12.0,9.0,36,20.0,0.0,43.0,467.0,66.0,182.0,179.0,109.0,12.0,467.0,13.0,4.0,30.8,9.0,69.2,214.0,723.0,220.0,3.0,0.0,1.0,23.0,13.0,176.0,15.0,3,0,0,13.0,6.0,1.0,13.0,9.0,13.0,0.0,0.0,0,63.0,16.0,23.0,41.0
2023-01-08,11:00,Liga F,Matchweek 14,Sun,Home,D,1,1,UDG Tenerife,Atlético Madrid,0.8,0.7,38.0,,Patricia Gavira,4-3-3,Patricia Luna Varo,15.0,3.0,20.0,0.07,0.33,22.7,2.0,0,0,0.8,0.8,0.05,0.2,0.2,4.0,3.0,75.0,0,1.3,0.3,0,0,0,0,9.0,19.0,47.4,14.0,1.0,85.7,52.8,7.0,100.0,56.1,12.0,1.0,8.3,0.0,6.3,178.0,300.0,59.3,3857.0,2143.0,67.0,92.0,72.8,78.0,118.0,66.1,33.0,81.0,40.7,1,0.6,0.7,10.0,21.0,9.0,2.0,34.0,300.0,233.0,66.0,17.0,3.0,0.0,26.0,38.0,2.0,0.0,0.0,1.0,178.0,1.0,10.0,23.0,17.0,2.0,1.0,1.0,2.0,0.0,2.0,2.0,0.0,0.0,0.0,0.0,0.0,24.0,12.0,9.0,13.0,2.0,11.0,14.0,78.6,3.0,12.0,2.0,10.0,16.0,40,21.0,0.0,38.0,406.0,44.0,118.0,153.0,139.0,21.0,406.0,14.0,4.0,28.6,10.0,71.4,134.0,767.0,386.0,12.0,6.0,5.0,7.0,14.0,176.0,34.0,2,0,0,15.0,14.0,1.0,26.0,16.0,12.0,0.0,0.0,0,47.0,10.0,9.0,52.6,10.0,4.0,40.0,0.1,0.25,18.4,0.0,0,0,0.7,0.7,0.08,0.3,0.3,3.0,2.0,66.7,0,1.3,0.3,0,0,0,0,4.0,10.0,40.0,39.0,11.0,15.4,24.4,11.0,36.4,34.1,19.0,4.0,21.1,0.0,6.0,383.0,500.0,76.6,7314.0,2999.0,148.0,173.0,85.5,196.0,229.0,85.6,39.0,84.0,46.4,0,0.2,0.3,6.0,18.0,4.0,2.0,27.0,500.0,433.0,63.0,16.0,1.0,1.0,13.0,28.0,6.0,3.0,3.0,0.0,383.0,4.0,10.0,15.0,11.0,2.0,0.0,1.0,1.0,0.0,0.0,0.0,0.0,0.0,0.0,0.0,0.0,24.0,14.0,12.0,10.0,2.0,10.0,14.0,71.4,4.0,9.0,4.0,5.0,5.0,29,28.0,0.0,63.0,623.0,95.0,306.0,219.0,101.0,13.0,623.0,14.0,3.0,21.4,11.0,78.6,313.0,1792.0,834.0,12.0,8.0,1.0,22.0,13.0,382.0,27.0,3,0,0,15.0,15.0,4.0,13.0,5.0,14.0,0.0,0.0,0,47.0,9.0,10.0,47.4
2023-01-15,12:00,Liga F,Matchweek 15,Sun,Away,L,0,2,UDG Tenerife,Levante,0.5,1.5,35.0,,María José Pérez,4-5-1,Alicia Espinosa Ríos,9.0,4.0,44.4,0.0,0.0,21.4,1.0,0,0,0.5,0.5,0.05,-0.5,-0.5,4.0,2.0,75.0,0,1.5,-0.5,1,1,0,0,5.0,14.0,35.7,15.0,1.0,60.0,49.0,8.0,75.0,48.9,12.0,0.0,0.0,2.0,13.0,197.0,305.0,64.6,3871.0,2100.0,89.0,117.0,76.1,73.0,96.0,76.0,34.0,77.0,44.2,0,0.3,1.0,6.0,17.0,4.0,2.0,16.0,305.0,236.0,69.0,18.0,0.0,0.0,18.0,37.0,3.0,3.0,0.0,0.0,197.0,0.0,6.0,13.0,6.0,4.0,0.0,0.0,3.0,0.0,0.0,0.0,0.0,0.0,0.0,0.0,0.0,23.0,12.0,15.0,3.0,5.0,7.0,16.0,43.8,9.0,24.0,4.0,20.0,13.0,36,25.0,1.0,35.0,450.0,51.0,197.0,122.0,134.0,12.0,450.0,17.0,5.0,29.4,12.0,70.6,144.0,884.0,364.0,10.0,8.0,1.0,22.0,13.0,196.0,15.0,2,0,0,7.0,13.0,0.0,18.0,13.0,12.0,0.0,1.0,0,62.0,6.0,3.0,66.7,9.0,3.0,33.3,0.11,0.33,17.9,0.0,1,1,1.5,0.7,0.08,0.5,0.3,4.0,4.0,100.0,1,0.9,0.9,0,0,0,0,2.0,2.0,100.0,17.0,5.0,5.9,22.8,13.0,7.7,20.4,15.0,0.0,0.0,0.0,,422.0,564.0,74.8,8389.0,3417.0,141.0,174.0,81.0,225.0,265.0,84.9,53.0,87.0,60.9,1,0.5,0.5,7.0,36.0,7.0,1.0,48.0,564.0,502.0,57.0,6.0,2.0,2.0,13.0,33.0,4.0,4.0,0.0,0.0,422.0,5.0,21.0,15.0,10.0,1.0,1.0,0.0,2.0,1.0,4.0,2.0,0.0,0.0,0.0,1.0,1.0,25.0,17.0,15.0,5.0,5.0,12.0,17.0,70.6,5.0,5.0,1.0,4.0,6.0,31,7.0,0.0,65.0,660.0,62.0,265.0,259.0,146.0,24.0,659.0,16.0,9.0,56.3,7.0,43.8,331.0,1655.0,849.0,19.0,12.0,5.0,23.0,16.0,421.0,48.0,0,0,0,14.0,7.0,5.0,13.0,6.0,17.0,1.0,0.0,0,72.0,3.0,6.0,33.3
2023-01-26,20:00,Liga F,Matchweek 16,Thu,Home,W,2,1,UDG Tenerife,Real Sociedad,2.2,0.6,38.0,,Patricia Gavira,4-5-1,Elia María Martínez Martínez,12.0,2.0,16.7,0.08,0.5,17.9,1.0,1,1,2.2,2.1,0.19,-0.2,-1.1,2.0,1.0,50.0,0,0.3,-0.7,0,0,0,0,11.0,20.0,55.0,16.0,2.0,68.8,47.3,11.0,81.8,43.8,16.0,1.0,6.3,1.0,8.0,185.0,302.0,61.3,4161.0,2360.0,62.0,84.0,73.8,76.0,113.0,67.3,44.0,85.0,51.8,1,1.2,0.4,7.0,25.0,6.0,0.0,27.0,302.0,241.0,54.0,15.0,0.0,1.0,6.0,26.0,0.0,0.0,0.0,0.0,185.0,7.0,7.0,20.0,11.0,1.0,1.0,4.0,2.0,1.0,2.0,0.0,0.0,0.0,2.0,0.0,0.0,23.0,19.0,12.0,8.0,3.0,9.0,15.0,60.0,6.0,16.0,3.0,13.0,9.0,32,24.0,0.0,38.0,423.0,49.0,159.0,158.0,111.0,17.0,422.0,7.0,5.0,71.4,2.0,28.6,156.0,762.0,301.0,7.0,4.0,0.0,17.0,19.0,181.0,26.0,0,0,0,10.0,12.0,7.0,6.0,9.0,19.0,0.0,0.0,0,52.0,7.0,8.0,46.7,9.0,2.0,22.2,0.11,0.5,22.3,2.0,0,0,0.6,0.6,0.06,0.4,0.4,3.0,1.0,66.7,0,1.8,-0.2,1,1,0,0,1.0,3.0,33.3,13.0,2.0,15.4,20.7,10.0,10.0,22.0,6.0,2.0,33.3,1.0,11.0,355.0,498.0,71.3,6108.0,2972.0,162.0,201.0,80.6,150.0,195.0,76.9,32.0,72.0,44.4,0,0.4,0.4,4.0,33.0,8.0,2.0,45.0,498.0,420.0,74.0,15.0,0.0,0.0,18.0,42.0,4.0,2.0,2.0,0.0,355.0,4.0,15.0,16.0,12.0,1.0,0.0,0.0,2.0,1.0,2.0,1.0,0.0,0.0,0.0,1.0,0.0,21.0,12.0,4.0,12.0,5.0,2.0,7.0,28.6,5.0,8.0,1.0,7.0,9.0,30,13.0,0.0,62.0,595.0,65.0,234.0,226.0,137.0,16.0,595.0,15.0,6.0,40.0,9.0,60.0,274.0,1216.0,486.0,9.0,9.0,4.0,19.0,14.0,354.0,45.0,2,1,0,13.0,8.0,4.0,18.0,9.0,12.0,0.0,1.0,0,56.0,8.0,7.0,53.3
2023-01-29,17:00,Liga F,Matchweek 17,Sun,Home,L,0,6,UDG Tenerife,Barcelona,0.0,4.9,20.0,,Patricia Gavira,5-4-1,Arantza Gallastegui Pérez,0.0,0.0,,,,,0.0,0,0,0.0,0.0,,0.0,0.0,15.0,9.0,60.0,0,3.6,-2.4,0,0,0,0,5.0,29.0,17.2,34.0,6.0,55.9,44.0,17.0,58.8,37.2,21.0,3.0,14.3,2.0,11.4,116.0,207.0,56.0,2492.0,1356.0,33.0,47.0,70.2,59.0,83.0,71.1,22.0,70.0,31.4,0,0.0,0.0,0.0,5.0,0.0,0.0,4.0,207.0,159.0,46.0,12.0,0.0,1.0,1.0,11.0,0.0,0.0,0.0,0.0,116.0,2.0,4.0,0.0,0.0,0.0,0.0,0.0,0.0,0.0,0.0,0.0,0.0,0.0,0.0,0.0,0.0,17.0,8.0,11.0,6.0,0.0,3.0,19.0,15.8,16.0,11.0,3.0,8.0,17.0,34,31.0,1.0,20.0,319.0,97.0,227.0,85.0,11.0,2.0,319.0,10.0,2.0,20.0,8.0,80.0,143.0,765.0,281.0,2.0,3.0,2.0,14.0,13.0,112.0,4.0,0,0,0,5.0,8.0,2.0,1.0,17.0,8.0,0.0,0.0,0,41.0,9.0,18.0,33.3,27.0,15.0,55.6,0.22,0.4,13.2,0.0,0,0,4.9,4.9,0.19,1.1,1.1,0.0,0.0,,1,0.0,0.0,0,0,0,0,0.0,1.0,0.0,11.0,0.0,9.1,25.8,1.0,0.0,29.0,1.0,0.0,0.0,2.0,32.0,705.0,818.0,86.2,12554.0,4032.0,319.0,348.0,91.7,310.0,352.0,88.1,68.0,97.0,70.1,4,3.0,3.5,21.0,84.0,24.0,6.0,101.0,818.0,774.0,40.0,7.0,6.0,6.0,26.0,25.0,6.0,1.0,3.0,0.0,705.0,4.0,8.0,50.0,38.0,1.0,8.0,2.0,0.0,1.0,10.0,8.0,0.0,1.0,1.0,0.0,0.0,21.0,17.0,6.0,8.0,7.0,8.0,10.0,80.0,2.0,4.0,0.0,4.0,17.0,38,0.0,0.0,80.0,911.0,11.0,101.0,450.0,367.0,56.0,911.0,20.0,17.0,85.0,3.0,15.0,581.0,2724.0,1274.0,27.0,24.0,13.0,11.0,13.0,699.0,101.0,0,0,0,9.0,4.0,4.0,26.0,17.0,17.0,0.0,0.0,0,77.0,19.0,10.0,65.5
2023-02-04,12:00,Liga F,Matchweek 18,Sat,Away,W,1,0,UDG Tenerife,Athletic Club,1.5,1.5,41.0,,Patricia Gavira,4-5-1,Marta Frías Acedo,14.0,4.0,28.6,0.07,0.25,21.6,0.0,0,0,1.5,1.5,0.11,-0.5,-0.5,4.0,4.0,100.0,1,1.4,1.4,0,0,0,0,8.0,26.0,30.8,27.0,3.0,66.7,41.7,12.0,75.0,42.9,17.0,2.0,11.8,0.0,6.5,233.0,380.0,61.3,4844.0,2107.0,73.0,105.0,69.5,110.0,167.0,65.9,45.0,91.0,49.5,1,1.4,1.2,10.0,28.0,4.0,1.0,44.0,380.0,325.0,55.0,11.0,1.0,0.0,9.0,30.0,1.0,0.0,0.0,0.0,233.0,0.0,17.0,22.0,15.0,2.0,3.0,1.0,0.0,1.0,2.0,2.0,0.0,0.0,0.0,0.0,0.0,24.0,16.0,13.0,6.0,5.0,11.0,18.0,61.1,7.0,18.0,3.0,15.0,19.0,43,35.0,0.0,41.0,540.0,67.0,188.0,249.0,114.0,17.0,540.0,13.0,8.0,61.5,5.0,38.5,232.0,1579.0,706.0,16.0,6.0,5.0,30.0,17.0,227.0,40.0,5,0,0,12.0,7.0,0.0,9.0,19.0,16.0,0.0,0.0,0,69.0,21.0,13.0,61.8,13.0,4.0,30.8,0.0,0.0,18.6,0.0,0,0,1.5,1.5,0.12,-1.5,-1.5,4.0,3.0,75.0,0,0.8,-0.2,0,0,0,0,3.0,7.0,42.9,23.0,2.0,21.7,29.7,11.0,18.2,24.5,6.0,0.0,0.0,1.0,49.0,370.0,544.0,68.0,7693.0,2753.0,120.0,161.0,74.5,187.0,234.0,79.9,61.0,125.0,48.8,0,1.2,1.1,7.0,34.0,8.0,4.0,37.0,544.0,470.0,70.0,12.0,1.0,4.0,23.0,39.0,6.0,4.0,0.0,0.0,370.0,4.0,16.0,20.0,12.0,3.0,1.0,2.0,1.0,1.0,0.0,0.0,0.0,0.0,0.0,0.0,0.0,23.0,12.0,12.0,10.0,1.0,5.0,13.0,38.5,8.0,17.0,3.0,14.0,8.0,31,14.0,0.0,59.0,674.0,63.0,273.0,260.0,149.0,20.0,674.0,17.0,6.0,35.3,11.0,64.7,341.0,1421.0,782.0,15.0,6.0,4.0,17.0,13.0,364.0,37.0,0,0,0,7.0,12.0,4.0,23.0,8.0,12.0,0.0,0.0,0,77.0,13.0,21.0,38.2
2023-02-08,19:00,Liga F,Matchweek 3,Wed,Home,L,2,3,UDG Tenerife,Real Madrid,1.4,2.2,34.0,,Patricia Gavira,4-5-1,Ylenia Sánchez Miguel,17.0,7.0,41.2,0.12,0.29,21.5,1.0,0,0,1.4,1.4,0.08,0.6,0.6,5.0,2.0,60.0,0,2.1,-0.9,1,1,0,0,5.0,13.0,38.5,15.0,1.0,60.0,50.9,4.0,100.0,58.3,8.0,1.0,12.5,1.0,12.8,162.0,295.0,54.9,3618.0,1906.0,55.0,71.0,77.5,74.0,126.0,58.7,33.0,78.0,42.3,1,0.5,0.4,11.0,21.0,8.0,3.0,27.0,295.0,228.0,57.0,12.0,0.0,2.0,17.0,32.0,5.0,5.0,0.0,0.0,162.0,10.0,5.0,26.0,21.0,2.0,1.0,1.0,1.0,0.0,2.0,2.0,0.0,0.0,0.0,0.0,0.0,25.0,14.0,13.0,8.0,4.0,18.0,24.0,75.0,6.0,11.0,2.0,9.0,11.0,36,21.0,0.0,34.0,433.0,38.0,138.0,176.0,128.0,21.0,433.0,19.0,7.0,36.8,12.0,63.2,174.0,654.0,275.0,11.0,10.0,4.0,19.0,8.0,157.0,27.0,2,0,0,11.0,11.0,10.0,17.0,11.0,14.0,0.0,1.0,0,62.0,10.0,11.0,47.6,8.0,4.0,50.0,0.25,0.5,16.8,0.0,1,1,2.2,1.4,0.18,0.8,0.6,7.0,5.0,71.4,0,2.0,0.0,0,0,0,0,3.0,5.0,60.0,25.0,7.0,12.0,24.0,8.0,25.0,31.3,12.0,1.0,8.3,0.0,9.8,442.0,580.0,76.2,8369.0,2932.0,173.0,210.0,82.4,213.0,253.0,84.2,55.0,98.0,56.1,1,0.9,1.2,5.0,20.0,3.0,0.0,37.0,580.0,517.0,62.0,19.0,2.0,5.0,11.0,29.0,3.0,2.0,1.0,0.0,442.0,1.0,11.0,18.0,15.0,1.0,1.0,0.0,1.0,0.0,6.0,5.0,0.0,0.0,0.0,1.0,0.0,20.0,10.0,8.0,10.0,2.0,12.0,19.0,63.2,7.0,6.0,3.0,3.0,8.0,28,25.0,0.0,66.0,698.0,71.0,289.0,294.0,117.0,10.0,697.0,24.0,6.0,25.0,18.0,75.0,330.0,1777.0,794.0,9.0,13.0,1.0,12.0,7.0,438.0,36.0,2,0,0,12.0,10.0,1.0,11.0,8.0,10.0,1.0,0.0,0,52.0,11.0,10.0,52.4
2023-02-12,11:00,Liga F,Matchweek 19,Sun,Home,D,0,0,UDG Tenerife,Alhama,0.7,0.4,62.0,,Patricia Gavira,4-3-3,Olatz Rivera Olmedo,15.0,3.0,20.0,0.0,0.0,20.1,1.0,0,0,0.7,0.7,0.05,-0.7,-0.7,1.0,1.0,100.0,1,0.1,0.1,0,0,0,0,8.0,20.0,40.0,23.0,2.0,56.5,40.7,12.0,58.3,33.5,8.0,1.0,12.5,6.0,20.6,262.0,404.0,64.9,5626.0,2617.0,87.0,120.0,72.5,117.0,157.0,74.5,55.0,107.0,51.4,0,0.3,0.4,7.0,28.0,5.0,1.0,40.0,404.0,328.0,73.0,11.0,0.0,1.0,24.0,35.0,14.0,0.0,0.0,11.0,262.0,3.0,13.0,17.0,8.0,4.0,2.0,1.0,2.0,0.0,0.0,0.0,0.0,0.0,0.0,0.0,0.0,7.0,7.0,3.0,4.0,0.0,3.0,7.0,42.9,4.0,8.0,0.0,8.0,5.0,12,8.0,0.0,62.0,502.0,39.0,116.0,258.0,132.0,22.0,502.0,23.0,7.0,30.4,16.0,69.6,209.0,1202.0,445.0,10.0,10.0,3.0,19.0,18.0,257.0,38.0,1,0,0,8.0,10.0,3.0,24.0,5.0,7.0,0.0,0.0,0,57.0,19.0,15.0,55.9,5.0,1.0,20.0,0.0,0.0,21.9,1.0,0,0,0.4,0.4,0.09,-0.4,-0.4,3.0,3.0,100.0,1,0.4,0.4,0,0,0,0,11.0,30.0,36.7,19.0,0.0,68.4,45.9,17.0,100.0,48.8,21.0,0.0,0.0,2.0,12.4,119.0,250.0,47.6,2499.0,1628.0,48.0,78.0,61.5,41.0,75.0,54.7,25.0,78.0,32.1,0,0.4,0.2,4.0,10.0,3.0,1.0,17.0,250.0,198.0,50.0,10.0,1.0,2.0,11.0,20.0,2.0,1.0,1.0,0.0,119.0,2.0,10.0,9.0,4.0,3.0,0.0,0.0,2.0,0.0,0.0,0.0,0.0,0.0,0.0,0.0,0.0,34.0,26.0,21.0,10.0,3.0,16.0,23.0,69.6,7.0,14.0,4.0,10.0,18.0,52,18.0,0.0,38.0,389.0,62.0,170.0,173.0,51.0,8.0,389.0,7.0,4.0,57.1,3.0,42.9,112.0,616.0,266.0,4.0,5.0,1.0,24.0,4.0,117.0,17.0,2,0,0,10.0,8.0,2.0,11.0,18.0,26.0,0.0,0.0,0,51.0,15.0,19.0,44.1
2023-03-04,16:00,Liga F,Matchweek 20,Sat,Away,L,1,2,UDG Tenerife,Valencia,0.5,0.9,42.0,,María José Pérez,4-5-1,Elisabeth Calvo Valentín,9.0,3.0,33.3,0.0,0.0,19.7,0.0,0,0,0.5,0.5,0.06,-0.5,-0.5,7.0,5.0,71.4,0,1.0,-1.0,0,0,0,0,9.0,15.0,60.0,39.0,10.0,25.6,30.7,8.0,62.5,42.4,11.0,2.0,18.2,2.0,16.8,250.0,359.0,69.6,5084.0,2241.0,86.0,107.0,80.4,126.0,161.0,78.3,36.0,72.0,50.0,0,0.5,0.5,7.0,18.0,7.0,1.0,31.0,359.0,309.0,45.0,10.0,4.0,0.0,10.0,21.0,3.0,3.0,0.0,0.0,250.0,5.0,0.0,16.0,12.0,2.0,0.0,0.0,0.0,2.0,0.0,0.0,0.0,0.0,0.0,0.0,0.0,34.0,21.0,17.0,10.0,7.0,17.0,33.0,51.5,16.0,11.0,0.0,11.0,19.0,53,9.0,0.0,42.0,478.0,52.0,236.0,164.0,88.0,16.0,478.0,23.0,8.0,34.8,14.0,60.9,272.0,1351.0,740.0,10.0,8.0,5.0,17.0,8.0,248.0,31.0,3,1,0,14.0,8.0,5.0,10.0,19.0,21.0,0.0,0.0,0,74.0,6.0,16.0,27.3,13.0,7.0,53.8,0.15,0.29,22.1,2.0,0,0,0.9,0.9,0.07,1.1,1.1,3.0,3.0,66.7,0,0.2,0.2,0,0,0,0,8.0,11.0,72.7,37.0,6.0,24.3,26.8,6.0,33.3,24.3,8.0,2.0,25.0,2.0,15.9,394.0,502.0,78.5,6357.0,2662.0,202.0,248.0,81.5,147.0,167.0,88.0,33.0,53.0,62.3,1,0.6,0.6,8.0,26.0,4.0,2.0,33.0,502.0,448.0,52.0,16.0,3.0,0.0,14.0,26.0,2.0,2.0,0.0,0.0,394.0,2.0,11.0,21.0,13.0,2.0,2.0,1.0,3.0,0.0,3.0,0.0,1.0,0.0,1.0,1.0,0.0,22.0,15.0,9.0,9.0,4.0,14.0,22.0,63.6,8.0,3.0,3.0,0.0,11.0,33,14.0,0.0,58.0,616.0,64.0,209.0,270.0,146.0,17.0,616.0,33.0,16.0,48.5,17.0,51.5,384.0,2149.0,1125.0,19.0,18.0,5.0,18.0,17.0,390.0,32.0,1,0,0,8.0,13.0,2.0,14.0,11.0,15.0,0.0,0.0,1,72.0,16.0,6.0,72.7
2023-03-12,14:00,Liga F,Matchweek 21,Sun,Home,W,5,2,UDG Tenerife,Madrid CFF,3.8,1.2,35.0,,Patricia Gavira,4-2-3-1,Amy Peñalver Pearce,13.0,9.0,69.2,0.23,0.33,19.7,0.0,2,2,3.8,2.2,0.17,1.2,0.8,4.0,2.0,50.0,0,1.7,-0.3,0,0,0,0,5.0,18.0,27.8,18.0,2.0,66.7,51.4,7.0,85.7,52.1,10.0,1.0,10.0,0.0,12.0,196.0,312.0,62.8,4337.0,2146.0,61.0,78.0,78.2,92.0,120.0,76.7,40.0,90.0,44.4,2,1.2,1.3,8.0,17.0,14.0,1.0,22.0,312.0,258.0,52.0,9.0,0.0,3.0,17.0,29.0,4.0,2.0,1.0,0.0,196.0,2.0,14.0,25.0,14.0,3.0,2.0,0.0,3.0,3.0,10.0,3.0,1.0,2.0,0.0,3.0,1.0,21.0,16.0,6.0,10.0,5.0,3.0,15.0,20.0,12.0,18.0,4.0,14.0,17.0,38,32.0,1.0,35.0,445.0,52.0,171.0,149.0,134.0,27.0,443.0,23.0,14.0,60.9,9.0,39.1,188.0,1118.0,589.0,16.0,8.0,2.0,19.0,8.0,192.0,21.0,1,0,0,11.0,9.0,2.0,17.0,17.0,16.0,2.0,0.0,0,56.0,13.0,12.0,52.0,13.0,4.0,30.8,0.15,0.5,22.9,2.0,0,0,1.2,1.2,0.1,0.8,0.8,11.0,6.0,72.7,0,6.0,1.0,2,2,0,0,1.0,3.0,33.3,13.0,7.0,23.1,25.7,10.0,0.0,16.8,12.0,0.0,0.0,1.0,18.0,452.0,579.0,78.1,7788.0,3281.0,221.0,262.0,84.4,180.0,215.0,83.7,44.0,80.0,55.0,2,0.7,0.5,7.0,34.0,5.0,0.0,45.0,579.0,517.0,59.0,11.0,0.0,2.0,11.0,30.0,2.0,2.0,0.0,0.0,452.0,3.0,14.0,21.0,16.0,1.0,1.0,2.0,1.0,0.0,4.0,4.0,0.0,0.0,0.0,0.0,0.0,17.0,11.0,10.0,5.0,2.0,9.0,23.0,39.1,14.0,13.0,0.0,13.0,5.0,22,17.0,0.0,65.0,678.0,61.0,266.0,280.0,138.0,16.0,678.0,16.0,12.0,75.0,3.0,18.8,446.0,1577.0,743.0,16.0,9.0,4.0,20.0,19.0,449.0,44.0,2,0,0,9.0,10.0,3.0,11.0,5.0,11.0,0.0,2.0,0,51.0,12.0,13.0,48.0
2023-03-18,12:00,Liga F,Matchweek 22,Sat,Away,W,1,0,UDG Tenerife,Real Madrid,1.4,1.6,29.0,,Patricia Gavira,4-3-3,Elena Peláez Arnillas,11.0,2.0,18.2,0.09,0.5,18.2,0.0,0,0,1.4,1.4,0.13,-0.4,-0.4,4.0,4.0,100.0,1,0.7,0.7,0,0,0,0,9.0,23.0,39.1,22.0,1.0,72.7,46.3,12.0,58.3,37.8,19.0,1.0,5.3,0.0,8.3,145.0,259.0,56.0,3181.0,1844.0,46.0,71.0,64.8,66.0,88.0,75.0,30.0,84.0,35.7,0,0.6,0.5,8.0,13.0,2.0,0.0,20.0,259.0,211.0,47.0,7.0,0.0,0.0,15.0,22.0,5.0,4.0,1.0,0.0,145.0,1.0,3.0,16.0,9.0,3.0,2.0,0.0,1.0,1.0,2.0,2.0,0.0,0.0,0.0,0.0,0.0,17.0,13.0,5.0,9.0,3.0,5.0,16.0,31.3,11.0,9.0,4.0,5.0,17.0,34,17.0,0.0,29.0,352.0,69.0,157.0,131.0,67.0,16.0,352.0,16.0,8.0,50.0,8.0,50.0,151.0,793.0,318.0,10.0,5.0,4.0,12.0,5.0,145.0,20.0,3,0,0,12.0,6.0,1.0,15.0,17.0,13.0,0.0,0.0,0,47.0,11.0,9.0,55.0,16.0,4.0,25.0,0.0,0.0,18.5,2.0,0,0,1.6,1.6,0.1,-1.6,-1.6,2.0,1.0,50.0,0,1.1,0.1,0,0,0,0,1.0,2.0,50.0,26.0,6.0,0.0,24.3,11.0,18.2,26.2,10.0,0.0,0.0,1.0,29.0,506.0,633.0,79.9,9252.0,3642.0,205.0,243.0,84.4,245.0,284.0,86.3,52.0,93.0,55.9,0,1.4,1.6,11.0,45.0,12.0,5.0,39.0,633.0,575.0,57.0,11.0,0.0,1.0,21.0,26.0,7.0,1.0,0.0,3.0,506.0,1.0,6.0,26.0,21.0,1.0,2.0,1.0,1.0,0.0,0.0,0.0,0.0,0.0,0.0,0.0,0.0,13.0,12.0,9.0,3.0,1.0,8.0,16.0,50.0,8.0,2.0,2.0,0.0,7.0,20,7.0,0.0,71.0,707.0,51.0,256.0,290.0,166.0,24.0,707.0,16.0,11.0,68.8,5.0,31.3,424.0,2318.0,935.0,18.0,11.0,2.0,15.0,12.0,497.0,37.0,1,0,0,6.0,10.0,1.0,21.0,7.0,12.0,0.0,0.0,0,47.0,9.0,11.0,45.0
2023-03-25,11:00,Liga F,Matchweek 23,Sat,Home,W,2,0,UDG Tenerife,Sporting Huelva,1.8,0.2,50.0,,Patricia Gavira,4-3-3,María Gloria Planes Terol,15.0,5.0,33.3,0.13,0.4,17.0,1.0,0,0,1.8,1.8,0.14,0.2,0.2,0.0,0.0,,1,0.0,0.0,0,0,0,0,10.0,22.0,45.5,22.0,4.0,72.7,48.7,10.0,60.0,37.9,6.0,0.0,0.0,0.0,6.5,193.0,358.0,53.9,4173.0,2278.0,69.0,108.0,63.9,85.0,141.0,60.3,36.0,95.0,37.9,1,0.5,0.8,7.0,24.0,7.0,1.0,23.0,358.0,279.0,75.0,17.0,0.0,1.0,26.0,39.0,8.0,6.0,1.0,0.0,193.0,4.0,7.0,22.0,13.0,2.0,2.0,1.0,3.0,1.0,3.0,2.0,0.0,0.0,1.0,0.0,0.0,21.0,15.0,6.0,12.0,3.0,1.0,5.0,20.0,4.0,11.0,1.0,10.0,11.0,32,14.0,0.0,50.0,458.0,46.0,157.0,188.0,120.0,20.0,458.0,16.0,14.0,87.5,2.0,12.5,183.0,953.0,307.0,5.0,6.0,3.0,23.0,6.0,188.0,22.0,0,0,0,12.0,15.0,4.0,26.0,11.0,15.0,0.0,0.0,0,62.0,17.0,16.0,51.5,3.0,0.0,0.0,0.0,,17.1,0.0,0,0,0.2,0.2,0.08,-0.2,-0.2,5.0,3.0,60.0,0,1.9,-0.1,0,0,0,0,2.0,16.0,12.5,17.0,5.0,35.3,34.6,12.0,83.3,49.3,23.0,0.0,0.0,1.0,12.7,189.0,354.0,53.4,3698.0,1842.0,67.0,114.0,58.8,86.0,121.0,71.1,29.0,97.0,29.9,0,0.1,0.2,1.0,10.0,2.0,1.0,20.0,354.0,286.0,66.0,15.0,0.0,2.0,9.0,32.0,3.0,2.0,1.0,0.0,189.0,2.0,12.0,5.0,4.0,0.0,0.0,0.0,1.0,0.0,0.0,0.0,0.0,0.0,0.0,0.0,0.0,8.0,8.0,3.0,5.0,0.0,2.0,16.0,12.5,14.0,10.0,5.0,5.0,5.0,13,25.0,0.0,50.0,444.0,63.0,168.0,204.0,79.0,4.0,444.0,5.0,4.0,80.0,1.0,20.0,106.0,875.0,285.0,5.0,8.0,1.0,16.0,20.0,185.0,20.0,2,0,0,16.0,8.0,2.0,9.0,5.0,8.0,0.0,0.0,0,53.0,14.0,18.0,43.8
2023-04-01,12:00,Liga F,Matchweek 24,Sat,Away,W,2,1,UDG Tenerife,Villarreal,1.3,1.1,48.0,,Patricia Gavira,4-3-3,María Eugenia Gil Soriano,10.0,5.0,50.0,0.2,0.4,14.2,0.0,0,0,1.3,1.3,0.13,0.7,0.7,4.0,3.0,75.0,0,0.6,-0.4,0,0,0,0,8.0,27.0,29.6,36.0,4.0,63.9,45.8,7.0,57.1,44.4,17.0,3.0,17.6,1.0,9.2,230.0,362.0,63.5,5416.0,2448.0,57.0,83.0,68.7,110.0,144.0,76.4,58.0,119.0,48.7,2,1.3,1.5,9.0,20.0,11.0,7.0,23.0,362.0,313.0,47.0,11.0,0.0,0.0,17.0,23.0,4.0,0.0,0.0,3.0,230.0,2.0,2.0,17.0,12.0,2.0,1.0,1.0,0.0,1.0,4.0,3.0,1.0,0.0,0.0,0.0,0.0,12.0,11.0,7.0,5.0,0.0,4.0,10.0,40.0,6.0,6.0,3.0,3.0,3.0,15,12.0,0.0,48.0,441.0,53.0,180.0,187.0,81.0,20.0,441.0,22.0,10.0,45.5,12.0,54.5,287.0,1553.0,600.0,14.0,5.0,4.0,20.0,5.0,229.0,23.0,2,0,0,14.0,9.0,2.0,17.0,3.0,11.0,0.0,0.0,0,65.0,10.0,9.0,52.6,10.0,4.0,40.0,0.1,0.25,18.6,0.0,0,0,1.1,1.1,0.11,-0.1,-0.1,5.0,3.0,60.0,0,1.3,-0.7,0,0,0,0,3.0,15.0,20.0,40.0,6.0,32.5,32.7,7.0,28.6,28.7,13.0,0.0,0.0,1.0,12.3,259.0,398.0,65.1,5679.0,2628.0,73.0,106.0,68.9,138.0,181.0,76.2,46.0,99.0,46.5,1,1.0,0.5,7.0,33.0,7.0,3.0,35.0,398.0,342.0,53.0,16.0,0.0,3.0,20.0,24.0,3.0,1.0,1.0,0.0,259.0,3.0,5.0,18.0,13.0,2.0,1.0,2.0,0.0,0.0,2.0,2.0,0.0,0.0,0.0,0.0,0.0,17.0,12.0,9.0,7.0,1.0,12.0,22.0,54.5,10.0,2.0,0.0,2.0,9.0,26,12.0,0.0,52.0,473.0,47.0,193.0,174.0,115.0,15.0,473.0,10.0,6.0,60.0,4.0,40.0,155.0,678.0,315.0,5.0,5.0,1.0,20.0,8.0,253.0,35.0,3,0,0,9.0,11.0,3.0,20.0,9.0,12.0,0.0,0.0,0,58.0,9.0,10.0,47.4
2023-04-15,16:00,Liga F,Matchweek 25,Sat,Away,W,3,2,UDG Tenerife,Levante Planas,1.6,0.8,48.0,,Patricia Gavira,5-4-1,Patricia Luna Varo,12.0,5.0,41.7,0.17,0.4,18.0,1.0,1,1,1.6,0.8,0.07,1.4,1.2,5.0,4.0,60.0,0,0.8,-0.2,0,0,0,0,9.0,16.0,56.3,34.0,7.0,41.2,35.1,5.0,40.0,28.8,8.0,0.0,0.0,0.0,18.0,238.0,369.0,64.5,5202.0,2515.0,78.0,109.0,71.6,107.0,143.0,74.8,50.0,103.0,48.5,2,0.6,0.4,8.0,24.0,5.0,1.0,29.0,369.0,306.0,62.0,19.0,0.0,3.0,19.0,29.0,6.0,3.0,3.0,0.0,238.0,1.0,7.0,20.0,12.0,3.0,1.0,0.0,3.0,1.0,6.0,4.0,1.0,0.0,0.0,1.0,0.0,18.0,12.0,4.0,12.0,2.0,5.0,12.0,41.7,7.0,7.0,1.0,6.0,9.0,27,7.0,0.0,48.0,464.0,54.0,135.0,222.0,117.0,24.0,463.0,15.0,9.0,60.0,6.0,40.0,198.0,1263.0,701.0,18.0,11.0,7.0,26.0,18.0,230.0,27.0,2,0,0,10.0,16.0,1.0,19.0,9.0,12.0,1.0,0.0,1,65.0,7.0,6.0,53.8,8.0,5.0,62.5,0.13,0.2,15.8,1.0,0,0,0.8,0.8,0.11,0.2,0.2,6.0,3.0,66.7,0,2.1,-0.9,1,1,0,0,0.0,3.0,0.0,20.0,11.0,10.0,22.5,13.0,7.7,20.4,14.0,1.0,7.1,2.0,15.7,287.0,403.0,71.2,5810.0,2429.0,87.0,104.0,83.7,150.0,191.0,78.5,45.0,89.0,50.6,0,0.7,0.6,6.0,17.0,4.0,1.0,24.0,403.0,348.0,53.0,10.0,0.0,3.0,9.0,23.0,3.0,0.0,0.0,3.0,287.0,2.0,6.0,15.0,6.0,5.0,2.0,1.0,1.0,0.0,2.0,0.0,1.0,0.0,0.0,1.0,0.0,24.0,18.0,13.0,11.0,0.0,6.0,15.0,40.0,9.0,7.0,3.0,4.0,17.0,41,24.0,0.0,52.0,520.0,88.0,266.0,195.0,62.0,12.0,520.0,12.0,7.0,58.3,5.0,41.7,239.0,1259.0,650.0,8.0,5.0,2.0,18.0,13.0,285.0,24.0,4,0,0,19.0,9.0,2.0,9.0,17.0,18.0,0.0,1.0,0,56.0,6.0,7.0,46.2
2023-04-22,11:00,Liga F,Matchweek 26,Sat,Home,L,0,2,UDG Tenerife,Real Betis,0.8,0.7,55.0,,Patricia Gavira,4-4-2,Elena Peláez Arnillas,9.0,3.0,33.3,0.0,0.0,17.7,0.0,0,0,0.8,0.8,0.08,-0.8,-0.8,4.0,2.0,50.0,0,1.9,-0.1,0,0,0,0,10.0,17.0,58.8,33.0,4.0,45.5,40.8,5.0,40.0,35.8,11.0,0.0,0.0,3.0,16.4,302.0,428.0,70.6,7707.0,3382.0,41.0,63.0,65.1,172.0,204.0,84.3,87.0,143.0,60.8,0,0.7,1.0,8.0,38.0,8.0,3.0,34.0,428.0,366.0,58.0,15.0,1.0,5.0,20.0,32.0,3.0,2.0,1.0,0.0,302.0,4.0,10.0,16.0,13.0,1.0,2.0,0.0,0.0,0.0,0.0,0.0,0.0,0.0,0.0,0.0,0.0,20.0,15.0,6.0,12.0,2.0,6.0,13.0,46.2,7.0,18.0,2.0,16.0,4.0,24,7.0,0.0,55.0,525.0,51.0,155.0,253.0,128.0,18.0,525.0,15.0,11.0,73.3,4.0,26.7,251.0,1352.0,619.0,13.0,13.0,5.0,25.0,15.0,300.0,34.0,1,0,0,13.0,13.0,4.0,20.0,4.0,15.0,0.0,0.0,0,70.0,5.0,7.0,41.7,7.0,4.0,57.1,0.29,0.5,12.4,0.0,0,0,0.7,0.7,0.11,1.3,1.3,3.0,3.0,100.0,1,1.1,1.1,0,0,0,0,4.0,18.0,22.2,26.0,4.0,53.8,43.3,7.0,57.1,47.7,17.0,1.0,5.9,0.0,9.5,227.0,349.0,65.0,4507.0,2466.0,91.0,124.0,73.4,97.0,132.0,73.5,36.0,83.0,43.4,2,0.7,0.6,7.0,21.0,2.0,2.0,21.0,349.0,294.0,55.0,17.0,0.0,2.0,11.0,27.0,3.0,1.0,2.0,0.0,227.0,0.0,16.0,13.0,6.0,3.0,2.0,1.0,1.0,0.0,4.0,2.0,0.0,1.0,1.0,0.0,0.0,19.0,10.0,15.0,3.0,1.0,4.0,15.0,26.7,11.0,13.0,4.0,9.0,7.0,26,21.0,0.0,45.0,472.0,68.0,216.0,193.0,66.0,14.0,472.0,13.0,7.0,53.8,6.0,46.2,138.0,964.0,422.0,9.0,1.0,5.0,33.0,14.0,225.0,20.0,3,0,0,15.0,10.0,0.0,11.0,7.0,10.0,0.0,0.0,0,74.0,7.0,5.0,58.3
2023-04-29,11:00,Liga F,Matchweek 27,Sat,Home,L,0,1,UDG Tenerife,Levante,1.6,0.5,45.0,,Patricia Gavira,4-4-2,Elia María Martínez Martínez,19.0,4.0,21.1,0.0,0.0,17.8,0.0,0,0,1.6,1.6,0.08,-1.6,-1.6,1.0,0.0,0.0,0,0.7,-0.3,0,0,0,0,15.0,30.0,50.0,27.0,4.0,74.1,46.2,16.0,68.8,47.4,11.0,0.0,0.0,2.0,18.3,197.0,320.0,61.6,4816.0,2796.0,51.0,77.0,66.2,88.0,116.0,75.9,55.0,115.0,47.8,0,1.2,0.7,12.0,19.0,10.0,4.0,21.0,320.0,260.0,56.0,18.0,1.0,3.0,15.0,17.0,3.0,1.0,1.0,0.0,197.0,4.0,7.0,29.0,20.0,2.0,2.0,4.0,1.0,0.0,0.0,0.0,0.0,0.0,0.0,0.0,0.0,17.0,12.0,10.0,6.0,1.0,6.0,19.0,31.6,13.0,9.0,1.0,8.0,11.0,28,8.0,0.0,45.0,425.0,60.0,168.0,160.0,103.0,21.0,425.0,19.0,6.0,31.6,13.0,68.4,171.0,1049.0,477.0,8.0,6.0,1.0,15.0,2.0,195.0,21.0,4,1,1,20.0,7.0,4.0,15.0,11.0,12.0,0.0,0.0,0,49.0,9.0,9.0,50.0,8.0,1.0,12.5,0.13,1.0,16.2,1.0,0,0,0.5,0.5,0.07,0.5,0.5,4.0,4.0,100.0,1,0.6,0.6,0,0,0,0,2.0,4.0,50.0,20.0,9.0,20.0,27.3,10.0,0.0,22.2,13.0,0.0,0.0,1.0,20.0,256.0,385.0,66.5,5707.0,3048.0,75.0,99.0,75.8,124.0,159.0,78.0,53.0,105.0,50.5,1,0.4,0.4,5.0,27.0,4.0,1.0,25.0,385.0,307.0,69.0,21.0,0.0,2.0,12.0,34.0,3.0,1.0,1.0,0.0,256.0,9.0,8.0,16.0,3.0,5.0,1.0,1.0,5.0,1.0,2.0,1.0,1.0,0.0,0.0,0.0,0.0,15.0,10.0,6.0,8.0,1.0,13.0,19.0,68.4,6.0,12.0,7.0,5.0,7.0,22,16.0,0.0,55.0,465.0,68.0,182.0,175.0,115.0,12.0,465.0,18.0,12.0,66.7,5.0,27.8,270.0,1645.0,576.0,8.0,10.0,0.0,12.0,11.0,249.0,24.0,3,0,0,9.0,18.0,9.0,12.0,7.0,10.0,0.0,0.0,0,46.0,9.0,9.0,50.0
2023-05-06,12:00,Liga F,Matchweek 28,Sat,Away,D,1,1,UDG Tenerife,Alavés,1.0,0.7,56.0,,Patricia Gavira,5-4-1,Elisabeth Calvo Valentín,14.0,3.0,21.4,0.07,0.33,16.3,0.0,0,0,1.0,1.0,0.07,0.0,0.0,1.0,0.0,0.0,0,0.8,-0.2,0,0,0,0,6.0,13.0,46.2,35.0,4.0,37.1,35.7,6.0,0.0,20.0,12.0,0.0,0.0,4.0,24.0,305.0,451.0,67.6,6466.0,2725.0,86.0,110.0,78.2,169.0,207.0,81.6,48.0,114.0,42.1,1,0.8,1.5,9.0,24.0,5.0,1.0,35.0,451.0,390.0,57.0,17.0,2.0,1.0,32.0,24.0,8.0,4.0,0.0,0.0,305.0,4.0,12.0,21.0,15.0,2.0,1.0,2.0,0.0,1.0,2.0,1.0,0.0,1.0,0.0,0.0,0.0,10.0,7.0,3.0,5.0,2.0,1.0,4.0,25.0,3.0,13.0,2.0,11.0,9.0,19,12.0,0.0,56.0,540.0,54.0,197.0,219.0,130.0,18.0,540.0,13.0,6.0,46.2,7.0,53.8,174.0,1071.0,566.0,11.0,8.0,5.0,19.0,14.0,301.0,35.0,1,0,0,7.0,11.0,4.0,32.0,9.0,7.0,0.0,0.0,0,65.0,13.0,12.0,52.0,6.0,1.0,16.7,0.17,1.0,15.2,0.0,0,0,0.7,0.7,0.11,0.3,0.3,3.0,2.0,66.7,0,0.8,-0.2,0,0,0,0,8.0,21.0,38.1,39.0,6.0,33.3,34.3,14.0,57.1,41.1,23.0,5.0,21.7,0.0,6.2,223.0,360.0,61.9,4987.0,2257.0,63.0,88.0,71.6,117.0,146.0,80.1,42.0,103.0,40.8,1,0.7,0.4,5.0,12.0,4.0,3.0,18.0,360.0,297.0,56.0,10.0,0.0,3.0,13.0,28.0,2.0,1.0,1.0,0.0,223.0,7.0,11.0,10.0,9.0,0.0,0.0,0.0,0.0,1.0,2.0,2.0,0.0,0.0,0.0,0.0,0.0,21.0,16.0,14.0,5.0,2.0,7.0,13.0,53.8,6.0,14.0,4.0,10.0,18.0,39,27.0,0.0,44.0,459.0,81.0,235.0,175.0,55.0,8.0,459.0,4.0,3.0,75.0,1.0,25.0,262.0,1001.0,537.0,10.0,3.0,2.0,13.0,9.0,222.0,18.0,2,0,0,11.0,6.0,7.0,13.0,18.0,16.0,0.0,0.0,0,56.0,12.0,13.0,48.0
2023-05-14,11:00,Liga F,Matchweek 29,Sun,Home,W,3,1,UDG Tenerife,Sevilla,1.7,1.3,53.0,,Patricia Gavira,4-3-3,Ylenia Sánchez Miguel,16.0,7.0,43.8,0.19,0.43,19.2,1.0,0,0,1.7,1.7,0.11,1.3,1.3,6.0,5.0,83.3,0,1.5,0.5,0,0,0,0,13.0,27.0,48.1,32.0,3.0,71.9,49.3,8.0,50.0,42.9,13.0,0.0,0.0,0.0,8.0,209.0,360.0,58.1,4350.0,2457.0,80.0,117.0,68.4,84.0,130.0,64.6,39.0,98.0,39.8,3,1.2,0.8,10.0,19.0,8.0,2.0,24.0,360.0,288.0,70.0,22.0,0.0,2.0,17.0,33.0,6.0,1.0,2.0,0.0,209.0,2.0,7.0,23.0,16.0,0.0,5.0,0.0,1.0,1.0,6.0,4.0,0.0,2.0,0.0,0.0,0.0,9.0,5.0,4.0,5.0,0.0,2.0,11.0,18.2,9.0,11.0,2.0,9.0,10.0,19,11.0,1.0,53.0,463.0,55.0,159.0,207.0,100.0,22.0,463.0,17.0,13.0,76.5,4.0,23.5,229.0,1119.0,470.0,13.0,10.0,5.0,17.0,24.0,206.0,23.0,2,0,0,9.0,19.0,2.0,17.0,10.0,5.0,0.0,0.0,0,47.0,12.0,5.0,70.6,11.0,6.0,54.5,0.09,0.17,14.1,0.0,0,0,1.3,1.3,0.12,-0.3,-0.3,7.0,4.0,57.1,0,1.5,-1.5,0,0,0,0,15.0,26.0,57.7,20.0,1.0,85.0,58.7,9.0,100.0,66.8,13.0,3.0,23.1,2.0,13.2,154.0,318.0,48.4,3837.0,2846.0,49.0,100.0,49.0,62.0,125.0,49.6,40.0,80.0,50.0,0,0.7,0.4,8.0,19.0,4.0,1.0,18.0,318.0,252.0,63.0,11.0,1.0,0.0,15.0,37.0,2.0,1.0,1.0,0.0,154.0,3.0,10.0,15.0,6.0,4.0,1.0,1.0,2.0,1.0,0.0,0.0,0.0,0.0,0.0,0.0,0.0,28.0,23.0,16.0,9.0,3.0,4.0,17.0,23.5,13.0,6.0,3.0,3.0,10.0,38,18.0,1.0,47.0,411.0,45.0,155.0,170.0,92.0,16.0,411.0,11.0,9.0,81.8,2.0,18.2,140.0,848.0,381.0,14.0,8.0,4.0,11.0,7.0,152.0,18.0,2,0,0,20.0,9.0,3.0,15.0,10.0,23.0,0.0,0.0,0,53.0,5.0,12.0,29.4
2023-05-19,21:00,Liga F,Matchweek 30,Fri,Away,L,0,4,UDG Tenerife,Atlético Madrid,0.5,1.7,36.0,,Raquel Peña,4-4-2,María Gloria Planes Terol,11.0,1.0,9.1,0.0,0.0,28.1,1.0,0,0,0.5,0.5,0.04,-0.5,-0.5,4.0,1.0,0.0,0,1.2,-1.8,0,0,0,0,10.0,16.0,62.5,26.0,2.0,38.5,31.7,8.0,75.0,44.6,10.0,1.0,10.0,0.0,7.0,212.0,311.0,68.2,4666.0,2077.0,62.0,84.0,73.8,106.0,137.0,77.4,43.0,78.0,55.1,0,0.2,0.1,7.0,21.0,1.0,0.0,25.0,311.0,260.0,48.0,11.0,0.0,3.0,10.0,22.0,3.0,2.0,0.0,0.0,212.0,3.0,9.0,16.0,11.0,0.0,2.0,1.0,1.0,1.0,0.0,0.0,0.0,0.0,0.0,0.0,0.0,27.0,15.0,12.0,12.0,3.0,6.0,22.0,27.3,16.0,12.0,1.0,11.0,10.0,37,19.0,0.0,36.0,415.0,58.0,169.0,168.0,86.0,9.0,415.0,18.0,12.0,66.7,6.0,33.3,247.0,897.0,304.0,8.0,7.0,5.0,14.0,20.0,209.0,25.0,0,0,0,9.0,12.0,3.0,10.0,10.0,15.0,0.0,0.0,1,66.0,10.0,5.0,66.7,10.0,4.0,40.0,0.3,0.75,17.9,0.0,0,0,1.7,1.7,0.17,1.3,1.3,1.0,1.0,100.0,1,0.1,0.1,0,0,0,0,1.0,3.0,33.3,41.0,5.0,7.3,22.8,9.0,0.0,22.0,8.0,0.0,0.0,0.0,13.0,456.0,559.0,81.6,8908.0,3356.0,147.0,172.0,85.5,245.0,282.0,86.9,55.0,89.0,61.8,2,1.6,0.9,8.0,35.0,6.0,2.0,33.0,559.0,501.0,57.0,13.0,1.0,0.0,11.0,32.0,2.0,2.0,0.0,0.0,456.0,1.0,12.0,17.0,11.0,2.0,3.0,0.0,0.0,1.0,4.0,4.0,0.0,0.0,0.0,0.0,0.0,26.0,22.0,13.0,10.0,3.0,6.0,18.0,33.3,12.0,11.0,3.0,8.0,15.0,41,14.0,0.0,64.0,661.0,76.0,293.0,230.0,145.0,18.0,661.0,22.0,16.0,72.7,6.0,27.3,433.0,1923.0,836.0,16.0,11.0,2.0,17.0,21.0,454.0,33.0,2,0,0,12.0,9.0,1.0,11.0,15.0,22.0,0.0,0.0,0,63.0,5.0,10.0,33.3
2022-09-17,16:00,Liga F,Matchweek 2,Sat,Home,W,2,0,Real Sociedad,Villarreal,0.7,0.3,62.0,,Nerea Eizaguirre,4-3-3,Alicia Espinosa Ríos,12.0,3.0,25.0,0.08,0.33,20.7,0.0,0,0,0.7,0.7,0.06,0.3,0.3,2.0,2.0,100.0,1,0.1,0.1,0,0,0,0,1.0,6.0,16.7,43.0,7.0,14.0,26.4,6.0,0.0,14.2,16.0,0.0,0.0,0.0,10.0,446.0,568.0,78.5,7937.0,2917.0,199.0,224.0,88.8,191.0,227.0,84.1,47.0,88.0,53.4,1,0.7,1.1,12.0,27.0,5.0,2.0,34.0,568.0,509.0,57.0,13.0,0.0,4.0,10.0,33.0,4.0,3.0,0.0,0.0,446.0,2.0,11.0,23.0,20.0,2.0,1.0,0.0,0.0,0.0,2.0,2.0,0.0,0.0,0.0,0.0,0.0,15.0,12.0,3.0,9.0,3.0,11.0,13.0,84.6,2.0,5.0,0.0,5.0,11.0,26,8.0,0.0,62.0,658.0,94.0,294.0,237.0,130.0,19.0,658.0,19.0,8.0,42.1,11.0,57.9,391.0,1743.0,793.0,19.0,6.0,4.0,17.0,9.0,440.0,34.0,1,0,0,8.0,5.0,2.0,10.0,11.0,12.0,0.0,0.0,0,68.0,9.0,2.0,81.8,4.0,2.0,50.0,0.0,0.0,15.7,0.0,0,0,0.3,0.3,0.06,-0.3,-0.3,3.0,2.0,33.3,0,0.2,-0.8,0,0,0,0,3.0,6.0,50.0,21.0,1.0,14.3,26.2,7.0,42.9,32.6,9.0,0.0,0.0,8.0,28.5,221.0,342.0,64.6,3832.0,1798.0,106.0,128.0,82.8,80.0,117.0,68.4,27.0,66.0,40.9,0,0.1,0.3,2.0,21.0,6.0,4.0,27.0,342.0,292.0,43.0,10.0,0.0,4.0,17.0,22.0,1.0,1.0,0.0,0.0,221.0,7.0,7.0,5.0,4.0,0.0,0.0,1.0,0.0,0.0,0.0,0.0,0.0,0.0,0.0,0.0,0.0,20.0,12.0,12.0,5.0,3.0,11.0,19.0,57.9,8.0,15.0,4.0,11.0,12.0,32,15.0,0.0,38.0,440.0,47.0,144.0,195.0,103.0,11.0,440.0,13.0,2.0,15.4,11.0,84.6,179.0,913.0,486.0,14.0,7.0,2.0,15.0,4.0,218.0,27.0,1,0,0,7.0,8.0,7.0,17.0,12.0,12.0,0.0,0.0,1,70.0,2.0,9.0,18.2
2022-09-20,19:00,Champions Lg,Second qualifying round,Tue,Neutral,L,0,1,Real Sociedad,de Bayern Munich,,,,11443.0,Nerea Eizaguirre,4-3-3,Maria Sole Ferrieri Caputi,0.0,0.0,,,,,,0,0,,,,,,0.0,0.0,,0,,,0,0,0,0,,,,,,,,,,,,,,,,,,,,,,,,,,,,,,0,,,,,,,,,,,,,,0.0,,,,,,,,,,,,,,,,,,,,,,,,0.0,,,,,,,,,,,0.0,0,,,,,,,,,,,,,,,,,,,,,,,,,,2,0,0,0.0,0.0,0.0,0.0,0.0,0.0,,,0,,,,,0.0,0.0,,,,,,0,0,,,,,,0.0,0.0,,1,,,0,0,0,0,,,,,,,,,,,,,,,,,,,,,,,,,,,,,,1,,,,,,,,,,,,,,0.0,,,,,,,,,,,,,,,,,,,,,,,,0.0,,,,,,,,,,,0.0,0,,,,,,,,,,,,,,,,,,,,,,,,,,2,0,0,0.0,0.0,0.0,0.0,0.0,0.0,,,0,,,,
2022-09-24,18:00,Liga F,Matchweek 3,Sat,Home,D,2,2,Real Sociedad,Real Betis,2.8,0.6,66.0,,Maddi Torre,4-3-3,Xiomara Díaz García,15.0,6.0,40.0,0.13,0.33,16.8,0.0,0,0,2.8,2.8,0.19,-0.8,-0.8,6.0,4.0,66.7,0,1.5,-0.5,0,0,0,0,1.0,4.0,25.0,30.0,8.0,10.0,22.3,6.0,16.7,29.2,7.0,0.0,0.0,4.0,22.2,563.0,674.0,83.5,10653.0,3992.0,197.0,221.0,89.1,318.0,357.0,89.1,45.0,75.0,60.0,2,2.3,1.9,12.0,42.0,7.0,2.0,48.0,674.0,616.0,48.0,6.0,2.0,1.0,13.0,29.0,4.0,2.0,1.0,1.0,563.0,10.0,5.0,29.0,22.0,4.0,1.0,2.0,0.0,0.0,4.0,4.0,0.0,0.0,0.0,0.0,0.0,13.0,5.0,4.0,7.0,2.0,7.0,14.0,50.0,7.0,10.0,0.0,10.0,18.0,31,10.0,0.0,66.0,773.0,46.0,243.0,395.0,139.0,20.0,773.0,15.0,6.0,40.0,9.0,60.0,478.0,2355.0,1174.0,14.0,9.0,3.0,24.0,4.0,554.0,48.0,1,0,0,4.0,6.0,10.0,13.0,18.0,5.0,0.0,0.0,0,63.0,8.0,5.0,61.5,7.0,6.0,85.7,0.29,0.33,18.6,0.0,0,0,0.6,0.6,0.09,1.4,1.4,6.0,4.0,66.7,0,2.1,0.1,0,0,0,0,10.0,32.0,31.3,43.0,1.0,58.1,40.7,10.0,70.0,44.4,11.0,0.0,0.0,5.0,18.3,236.0,353.0,66.9,4121.0,1784.0,87.0,107.0,81.3,109.0,141.0,77.3,21.0,71.0,29.6,1,0.4,0.4,4.0,8.0,3.0,0.0,17.0,353.0,309.0,44.0,14.0,1.0,0.0,9.0,15.0,2.0,2.0,0.0,0.0,236.0,0.0,11.0,11.0,11.0,0.0,0.0,0.0,0.0,0.0,4.0,4.0,0.0,0.0,0.0,0.0,0.0,13.0,11.0,3.0,10.0,0.0,9.0,15.0,60.0,6.0,7.0,3.0,4.0,18.0,31,18.0,1.0,34.0,455.0,55.0,206.0,192.0,63.0,12.0,455.0,14.0,7.0,50.0,7.0,50.0,214.0,1121.0,443.0,10.0,7.0,6.0,19.0,6.0,234.0,16.0,1,0,0,6.0,4.0,0.0,9.0,18.0,11.0,0.0,0.0,0,66.0,5.0,8.0,38.5
2022-09-29,19:00,Champions Lg,Second qualifying round,Thu,Neutral,L,1,3,Real Sociedad,de Bayern Munich,,,,1652.0,Nerea Eizaguirre,4-3-3,Tess Olofsson,0.0,0.0,,,,,,0,0,,,,,,0.0,0.0,,0,,,0,0,0,0,,,,,,,,,,,,,,,,,,,,,,,,,,,,,,1,,,,,,,,,,,,,,0.0,,,,,,,,,,,,,,,,,,,,,,,,0.0,,,,,,,,,,,0.0,0,,,,,,,,,,,,,,,,,,,,,,,,,,2,0,0,0.0,0.0,0.0,0.0,0.0,0.0,,,0,,,,,0.0,0.0,,,,,,0,0,,,,,,0.0,0.0,,0,,,0,0,0,0,,,,,,,,,,,,,,,,,,,,,,,,,,,,,,3,,,,,,,,,,,,,,0.0,,,,,,,,,,,,,,,,,,,,,,,,0.0,,,,,,,,,,,0.0,0,,,,,,,,,,,,,,,,,,,,,,,,,,0,0,0,0.0,0.0,0.0,0.0,0.0,0.0,,,0,,,,
2022-10-02,16:00,Liga F,Matchweek 4,Sun,Away,D,2,2,Real Sociedad,Sevilla,1.3,1.7,67.0,,Nerea Eizaguirre,4-3-3,Elisabeth Calvo Valentín,20.0,8.0,40.0,0.1,0.25,18.3,0.0,0,0,1.3,1.3,0.07,0.7,0.7,5.0,3.0,80.0,0,2.2,0.2,1,1,0,0,1.0,4.0,25.0,22.0,4.0,13.6,26.7,10.0,10.0,19.2,5.0,1.0,20.0,1.0,14.3,470.0,559.0,84.1,8846.0,3240.0,193.0,213.0,90.6,217.0,246.0,88.2,56.0,86.0,65.1,2,1.2,0.7,15.0,44.0,7.0,5.0,57.0,559.0,507.0,51.0,14.0,0.0,7.0,22.0,19.0,5.0,2.0,3.0,0.0,470.0,1.0,5.0,35.0,26.0,3.0,1.0,4.0,1.0,0.0,2.0,1.0,1.0,0.0,0.0,0.0,0.0,11.0,5.0,3.0,6.0,2.0,4.0,15.0,26.7,11.0,7.0,1.0,6.0,13.0,24,11.0,1.0,67.0,654.0,64.0,203.0,312.0,148.0,18.0,654.0,17.0,5.0,29.4,12.0,70.6,452.0,2434.0,1161.0,19.0,15.0,1.0,19.0,13.0,466.0,56.0,2,0,0,11.0,10.0,1.0,22.0,13.0,5.0,0.0,1.0,0,63.0,8.0,7.0,53.3,7.0,4.0,57.1,0.14,0.25,21.5,0.0,1,1,1.7,0.9,0.13,0.3,0.1,8.0,6.0,75.0,0,1.9,-0.1,0,0,0,0,6.0,14.0,42.9,20.0,7.0,50.0,35.8,6.0,66.7,34.2,19.0,1.0,5.3,1.0,21.3,179.0,275.0,65.1,3460.0,1841.0,66.0,91.0,72.5,85.0,110.0,77.3,22.0,55.0,40.0,1,0.9,0.5,6.0,14.0,1.0,1.0,21.0,275.0,221.0,50.0,11.0,0.0,0.0,9.0,30.0,0.0,0.0,0.0,0.0,179.0,4.0,6.0,14.0,8.0,1.0,2.0,0.0,2.0,1.0,4.0,2.0,0.0,1.0,0.0,1.0,0.0,25.0,21.0,10.0,14.0,1.0,12.0,17.0,70.6,5.0,11.0,7.0,4.0,9.0,34,9.0,0.0,33.0,366.0,44.0,136.0,157.0,81.0,13.0,365.0,15.0,11.0,73.3,4.0,26.7,144.0,998.0,548.0,14.0,12.0,4.0,18.0,7.0,176.0,19.0,2,0,0,10.0,11.0,4.0,9.0,9.0,21.0,1.0,0.0,0,49.0,7.0,8.0,46.7
2022-10-15,12:00,Liga F,Matchweek 5,Sat,Home,D,1,1,Real Sociedad,UDG Tenerife,2.0,0.8,74.0,,Nerea Eizaguirre,4-3-3,Paola Cebollada López,21.0,6.0,28.6,0.05,0.17,17.0,0.0,0,0,2.0,2.0,0.1,-1.0,-1.0,2.0,1.0,50.0,0,0.1,-0.9,0,0,0,0,0.0,3.0,0.0,42.0,0.0,7.1,21.7,5.0,0.0,21.6,2.0,0.0,0.0,4.0,22.8,535.0,662.0,80.8,11051.0,3586.0,149.0,185.0,80.5,304.0,341.0,89.1,77.0,118.0,65.3,1,1.6,1.0,15.0,34.0,12.0,2.0,53.0,662.0,607.0,51.0,15.0,1.0,0.0,22.0,20.0,9.0,1.0,8.0,0.0,535.0,4.0,8.0,33.0,22.0,4.0,1.0,3.0,2.0,1.0,2.0,0.0,1.0,0.0,0.0,1.0,0.0,14.0,6.0,3.0,10.0,1.0,6.0,11.0,54.5,5.0,5.0,1.0,4.0,12.0,26,7.0,1.0,74.0,739.0,61.0,268.0,327.0,150.0,26.0,739.0,7.0,4.0,57.1,3.0,42.9,544.0,2194.0,832.0,12.0,8.0,5.0,11.0,12.0,525.0,52.0,3,0,0,8.0,13.0,4.0,22.0,12.0,6.0,0.0,0.0,0,63.0,14.0,8.0,63.6,5.0,2.0,40.0,0.2,0.5,18.6,1.0,0,0,0.8,0.8,0.16,0.2,0.2,6.0,5.0,83.3,0,0.6,-0.4,0,0,0,0,3.0,24.0,12.5,35.0,1.0,51.4,41.7,8.0,75.0,45.8,21.0,0.0,0.0,2.0,13.4,127.0,237.0,53.6,2359.0,957.0,44.0,70.0,62.9,61.0,87.0,70.1,15.0,61.0,24.6,0,0.3,0.1,4.0,6.0,1.0,0.0,6.0,237.0,196.0,40.0,11.0,0.0,0.0,3.0,17.0,2.0,1.0,1.0,0.0,127.0,1.0,4.0,7.0,4.0,1.0,1.0,0.0,1.0,0.0,0.0,0.0,0.0,0.0,0.0,0.0,0.0,16.0,9.0,9.0,6.0,1.0,3.0,7.0,42.9,4.0,16.0,8.0,8.0,18.0,34,29.0,0.0,26.0,358.0,88.0,191.0,133.0,36.0,7.0,358.0,12.0,6.0,50.0,6.0,50.0,113.0,686.0,263.0,5.0,4.0,2.0,16.0,8.0,126.0,6.0,6,1,1,14.0,8.0,1.0,3.0,18.0,9.0,0.0,0.0,0,46.0,11.0,14.0,44.0
2022-10-22,16:00,Liga F,Matchweek 6,Sat,Away,W,2,0,Real Sociedad,Sporting Huelva,1.7,1.3,68.0,,Nerea Eizaguirre,4-3-3,María Dolores Martínez Madrona,18.0,5.0,27.8,0.11,0.4,16.2,0.0,0,0,1.7,1.7,0.1,0.3,0.3,1.0,1.0,100.0,1,0.8,0.8,0,0,0,0,4.0,6.0,66.7,29.0,5.0,13.8,24.0,11.0,18.2,20.5,9.0,0.0,0.0,1.0,26.0,509.0,656.0,77.6,9831.0,3694.0,183.0,230.0,79.6,257.0,308.0,83.4,61.0,92.0,66.3,2,1.6,1.3,16.0,44.0,9.0,3.0,45.0,656.0,582.0,73.0,17.0,1.0,2.0,11.0,41.0,3.0,1.0,0.0,2.0,509.0,1.0,9.0,31.0,23.0,3.0,3.0,1.0,1.0,0.0,4.0,1.0,1.0,1.0,0.0,1.0,0.0,10.0,7.0,6.0,4.0,0.0,2.0,7.0,28.6,5.0,0.0,0.0,0.0,6.0,16,16.0,0.0,68.0,750.0,78.0,278.0,314.0,168.0,25.0,750.0,31.0,14.0,45.2,17.0,54.8,312.0,2278.0,1236.0,25.0,13.0,5.0,20.0,10.0,501.0,44.0,0,0,0,7.0,16.0,1.0,11.0,6.0,7.0,0.0,0.0,0,54.0,17.0,4.0,81.0,8.0,1.0,12.5,0.0,0.0,16.0,0.0,0,0,1.3,1.3,0.16,-1.3,-1.3,5.0,3.0,60.0,0,2.7,0.7,0,0,0,0,7.0,19.0,36.8,18.0,3.0,72.2,50.6,11.0,54.5,35.1,9.0,0.0,0.0,0.0,11.6,164.0,305.0,53.8,3544.0,2116.0,51.0,72.0,70.8,72.0,126.0,57.1,35.0,85.0,41.2,0,1.0,0.8,6.0,13.0,7.0,1.0,27.0,305.0,265.0,40.0,8.0,0.0,1.0,16.0,15.0,3.0,3.0,0.0,0.0,164.0,0.0,2.0,12.0,7.0,3.0,0.0,1.0,1.0,0.0,0.0,0.0,0.0,0.0,0.0,0.0,0.0,27.0,18.0,12.0,11.0,4.0,17.0,31.0,54.8,14.0,13.0,5.0,8.0,20.0,47,14.0,0.0,32.0,412.0,52.0,173.0,163.0,86.0,15.0,412.0,7.0,5.0,71.4,2.0,28.6,187.0,1308.0,495.0,12.0,13.0,6.0,22.0,8.0,156.0,26.0,2,0,0,16.0,7.0,0.0,16.0,20.0,18.0,0.0,0.0,0,68.0,4.0,15.0,21.1
2022-10-29,16:00,Liga F,Matchweek 7,Sat,Away,W,5,1,Real Sociedad,Alavés,2.2,0.4,62.0,,Amaiur Sarriegi,4-3-3,Alicia Espinosa Ríos,18.0,12.0,66.7,0.28,0.42,17.0,1.0,0,0,2.2,2.2,0.13,2.8,2.8,2.0,1.0,50.0,0,1.2,0.2,0,0,0,0,2.0,4.0,50.0,27.0,2.0,7.4,23.4,3.0,66.7,40.0,10.0,1.0,10.0,1.0,12.8,409.0,510.0,80.2,7492.0,2530.0,177.0,197.0,89.8,181.0,215.0,84.2,48.0,80.0,60.0,4,2.0,2.3,14.0,33.0,11.0,1.0,61.0,510.0,455.0,52.0,11.0,7.0,3.0,15.0,30.0,6.0,4.0,2.0,0.0,409.0,3.0,5.0,33.0,28.0,2.0,2.0,0.0,1.0,0.0,9.0,9.0,0.0,0.0,0.0,0.0,0.0,14.0,10.0,3.0,9.0,2.0,2.0,8.0,25.0,6.0,4.0,2.0,2.0,11.0,25,12.0,0.0,62.0,614.0,54.0,187.0,273.0,157.0,28.0,614.0,19.0,6.0,31.6,13.0,68.4,329.0,1678.0,954.0,18.0,13.0,3.0,15.0,7.0,406.0,61.0,0,0,0,7.0,10.0,3.0,15.0,11.0,10.0,0.0,0.0,0,63.0,10.0,8.0,55.6,5.0,2.0,40.0,0.2,0.5,15.3,0.0,0,0,0.4,0.4,0.09,0.6,0.6,12.0,7.0,58.3,0,4.2,-0.8,0,0,0,0,3.0,13.0,23.1,47.0,11.0,23.4,33.1,10.0,20.0,24.6,14.0,0.0,0.0,1.0,15.5,208.0,313.0,66.5,4536.0,1876.0,52.0,75.0,69.3,124.0,162.0,76.5,32.0,74.0,43.2,1,0.4,0.3,4.0,16.0,3.0,1.0,14.0,313.0,261.0,52.0,9.0,0.0,2.0,11.0,25.0,2.0,2.0,0.0,0.0,208.0,0.0,3.0,7.0,4.0,1.0,0.0,0.0,1.0,1.0,2.0,1.0,0.0,0.0,0.0,0.0,1.0,20.0,16.0,9.0,9.0,2.0,13.0,19.0,68.4,6.0,6.0,1.0,5.0,11.0,31,18.0,1.0,38.0,401.0,99.0,226.0,126.0,52.0,9.0,401.0,8.0,6.0,75.0,2.0,25.0,153.0,830.0,345.0,9.0,2.0,3.0,13.0,12.0,201.0,13.0,2,0,0,12.0,6.0,0.0,11.0,11.0,16.0,0.0,0.0,0,32.0,8.0,10.0,44.4
2022-11-01,16:00,Liga F,Matchweek 1,Tue,Away,D,1,1,Real Sociedad,Atlético Madrid,1.4,1.5,50.0,,Nerea Eizaguirre,4-3-3,Ylenia Sánchez Miguel,12.0,4.0,33.3,0.0,0.0,22.8,0.0,1,1,1.4,0.6,0.05,-0.4,-0.6,4.0,3.0,75.0,0,1.7,0.7,0,0,0,0,4.0,15.0,26.7,30.0,4.0,43.3,34.7,6.0,33.3,35.3,25.0,0.0,0.0,0.0,18.0,338.0,448.0,75.4,6077.0,2474.0,120.0,146.0,82.2,164.0,197.0,83.2,33.0,67.0,49.3,0,0.4,0.4,9.0,25.0,2.0,1.0,36.0,448.0,389.0,59.0,18.0,0.0,4.0,13.0,29.0,4.0,2.0,2.0,0.0,338.0,0.0,13.0,22.0,16.0,2.0,2.0,1.0,0.0,1.0,1.0,1.0,0.0,0.0,0.0,0.0,0.0,20.0,11.0,9.0,10.0,1.0,6.0,11.0,54.5,5.0,17.0,5.0,12.0,11.0,31,25.0,0.0,50.0,581.0,81.0,201.0,263.0,121.0,15.0,580.0,9.0,6.0,66.7,3.0,33.3,240.0,1518.0,835.0,16.0,13.0,3.0,24.0,13.0,336.0,36.0,2,0,0,15.0,13.0,0.0,13.0,11.0,11.0,0.0,0.0,0,65.0,8.0,9.0,47.1,13.0,4.0,30.8,0.08,0.25,13.4,0.0,0,0,1.5,1.5,0.13,-0.5,-0.5,5.0,4.0,100.0,0,1.3,0.3,1,1,0,0,6.0,14.0,42.9,29.0,4.0,37.9,35.7,8.0,37.5,31.6,9.0,1.0,11.1,2.0,13.4,324.0,449.0,72.2,6266.0,2885.0,110.0,135.0,81.5,138.0,175.0,78.9,55.0,94.0,58.5,1,1.5,1.7,12.0,25.0,13.0,5.0,43.0,449.0,382.0,63.0,15.0,0.0,3.0,27.0,33.0,5.0,1.0,4.0,0.0,324.0,4.0,13.0,26.0,20.0,2.0,2.0,2.0,0.0,0.0,2.0,2.0,0.0,0.0,0.0,0.0,0.0,16.0,9.0,5.0,10.0,1.0,3.0,9.0,33.3,6.0,16.0,4.0,12.0,10.0,26,14.0,1.0,50.0,563.0,53.0,183.0,235.0,150.0,20.0,563.0,11.0,5.0,45.5,6.0,54.5,214.0,1636.0,723.0,23.0,13.0,4.0,18.0,14.0,320.0,41.0,3,0,0,15.0,13.0,4.0,27.0,10.0,9.0,0.0,1.0,0,65.0,9.0,8.0,52.9
2022-11-05,12:00,Liga F,Matchweek 8,Sat,Home,L,0,2,Real Sociedad,Madrid CFF,1.6,2.1,66.0,,Nerea Eizaguirre,3-4-1-2,Patricia Luna Varo,24.0,6.0,25.0,0.0,0.0,19.9,3.0,0,0,1.6,1.6,0.07,-1.6,-1.6,8.0,6.0,75.0,0,2.0,0.0,0,0,0,0,0.0,0.0,,25.0,7.0,0.0,21.0,9.0,0.0,9.9,12.0,0.0,0.0,2.0,15.3,494.0,618.0,79.9,8427.0,3123.0,213.0,253.0,84.2,222.0,255.0,87.1,41.0,70.0,58.6,0,0.6,1.0,11.0,47.0,10.0,2.0,62.0,618.0,573.0,44.0,11.0,1.0,1.0,17.0,19.0,2.0,1.0,0.0,1.0,494.0,1.0,7.0,35.0,23.0,3.0,0.0,5.0,2.0,2.0,0.0,0.0,0.0,0.0,0.0,0.0,0.0,12.0,7.0,7.0,2.0,3.0,8.0,14.0,57.1,6.0,13.0,2.0,11.0,10.0,22,14.0,0.0,66.0,720.0,72.0,203.0,334.0,187.0,29.0,720.0,10.0,5.0,50.0,5.0,50.0,376.0,2038.0,1220.0,22.0,12.0,6.0,18.0,10.0,492.0,62.0,2,0,0,10.0,9.0,1.0,17.0,10.0,7.0,0.0,0.0,0,61.0,14.0,4.0,77.8,18.0,8.0,44.4,0.11,0.25,19.2,0.0,0,0,2.1,2.1,0.12,-0.1,-0.1,6.0,6.0,100.0,1,1.1,1.1,0,0,0,0,2.0,10.0,20.0,11.0,2.0,72.7,45.9,13.0,30.8,30.0,12.0,0.0,0.0,0.0,5.8,185.0,316.0,58.5,3098.0,1735.0,100.0,128.0,78.1,59.0,98.0,60.2,20.0,63.0,31.7,0,1.1,1.1,9.0,10.0,2.0,1.0,16.0,316.0,268.0,45.0,11.0,1.0,0.0,15.0,14.0,6.0,3.0,3.0,0.0,185.0,3.0,11.0,26.0,17.0,4.0,2.0,1.0,1.0,1.0,2.0,0.0,1.0,0.0,0.0,1.0,0.0,15.0,7.0,7.0,8.0,0.0,5.0,10.0,50.0,5.0,17.0,11.0,6.0,17.0,32,23.0,1.0,34.0,443.0,77.0,199.0,148.0,106.0,22.0,443.0,14.0,6.0,42.9,8.0,57.1,169.0,1137.0,600.0,16.0,10.0,8.0,16.0,4.0,185.0,16.0,2,0,0,12.0,9.0,3.0,15.0,17.0,7.0,0.0,0.0,0,70.0,4.0,14.0,22.2
2022-11-19,20:00,Liga F,Matchweek 9,Sat,Away,W,3,1,Real Sociedad,Athletic Club,1.3,0.6,60.0,,Nerea Eizaguirre,4-1-4-1,Marta Huerta de Aza,15.0,7.0,46.7,0.2,0.43,18.0,0.0,0,0,1.3,1.3,0.09,1.7,1.7,2.0,1.0,50.0,0,0.6,-0.4,0,0,0,0,2.0,2.0,100.0,13.0,2.0,15.4,28.8,7.0,0.0,21.1,16.0,0.0,0.0,1.0,10.6,469.0,586.0,80.0,8697.0,3025.0,191.0,223.0,85.7,217.0,268.0,81.0,53.0,76.0,69.7,2,1.0,0.7,10.0,46.0,7.0,1.0,53.0,586.0,536.0,46.0,7.0,2.0,8.0,13.0,26.0,4.0,1.0,3.0,0.0,469.0,4.0,9.0,24.0,18.0,2.0,1.0,2.0,0.0,1.0,5.0,2.0,1.0,0.0,2.0,0.0,0.0,23.0,17.0,11.0,7.0,5.0,5.0,19.0,26.3,14.0,8.0,3.0,5.0,12.0,35,30.0,0.0,60.0,721.0,58.0,216.0,318.0,193.0,25.0,721.0,22.0,13.0,59.1,9.0,40.9,376.0,2015.0,935.0,20.0,16.0,8.0,18.0,20.0,461.0,52.0,2,0,0,9.0,6.0,4.0,13.0,12.0,17.0,0.0,0.0,0,82.0,13.0,8.0,61.9,9.0,2.0,22.2,0.11,0.5,19.7,0.0,0,0,0.6,0.6,0.06,0.4,0.4,7.0,4.0,57.1,0,2.1,-0.9,0,0,0,0,1.0,4.0,25.0,17.0,6.0,11.8,27.3,8.0,25.0,33.8,12.0,0.0,0.0,0.0,20.0,282.0,394.0,71.6,5481.0,2127.0,110.0,140.0,78.6,122.0,156.0,78.2,43.0,75.0,57.3,1,0.5,0.3,6.0,18.0,4.0,2.0,26.0,394.0,337.0,56.0,12.0,0.0,3.0,22.0,25.0,7.0,5.0,0.0,0.0,282.0,1.0,7.0,15.0,11.0,2.0,1.0,1.0,0.0,0.0,2.0,2.0,0.0,0.0,0.0,0.0,0.0,29.0,12.0,13.0,4.0,12.0,9.0,22.0,40.9,13.0,11.0,2.0,9.0,16.0,45,19.0,0.0,40.0,533.0,61.0,197.0,221.0,121.0,13.0,533.0,19.0,14.0,73.7,5.0,26.3,282.0,1750.0,802.0,19.0,12.0,4.0,28.0,18.0,282.0,26.0,0,0,0,6.0,8.0,1.0,22.0,16.0,12.0,0.0,0.0,0,73.0,8.0,13.0,38.1
2022-11-27,14:00,Liga F,Matchweek 10,Sun,Home,W,3,0,Real Sociedad,Levante Planas,3.5,0.5,67.0,,Amaiur Sarriegi,4-3-3,Paola Cebollada López,18.0,6.0,33.3,0.11,0.33,16.4,2.0,1,1,3.5,2.7,0.16,-0.5,-0.7,4.0,4.0,100.0,1,0.7,0.7,0,0,0,0,0.0,0.0,,17.0,4.0,0.0,19.7,5.0,0.0,21.0,5.0,0.0,0.0,2.0,20.0,514.0,626.0,82.1,9140.0,3145.0,198.0,234.0,84.6,285.0,323.0,88.2,22.0,39.0,56.4,2,1.9,1.5,10.0,60.0,15.0,2.0,73.0,626.0,582.0,41.0,7.0,3.0,3.0,15.0,26.0,2.0,1.0,0.0,1.0,514.0,3.0,13.0,31.0,21.0,2.0,2.0,2.0,3.0,1.0,5.0,3.0,0.0,0.0,1.0,1.0,0.0,24.0,12.0,6.0,13.0,5.0,5.0,13.0,38.5,8.0,14.0,2.0,12.0,9.0,33,7.0,0.0,67.0,742.0,37.0,173.0,342.0,229.0,34.0,741.0,16.0,7.0,43.8,9.0,56.3,356.0,2111.0,1252.0,26.0,11.0,5.0,14.0,13.0,510.0,72.0,1,0,0,5.0,10.0,3.0,15.0,9.0,12.0,1.0,0.0,0,83.0,5.0,5.0,50.0,11.0,4.0,36.4,0.0,0.0,21.8,0.0,0,0,0.5,0.5,0.05,-0.5,-0.5,7.0,4.0,71.4,0,3.1,0.1,1,1,0,0,1.0,8.0,12.5,20.0,5.0,30.0,34.1,11.0,18.2,18.4,10.0,0.0,0.0,0.0,8.7,187.0,303.0,61.7,3260.0,1676.0,90.0,114.0,78.9,71.0,111.0,64.0,22.0,58.0,37.9,0,0.4,0.6,7.0,13.0,3.0,1.0,18.0,303.0,256.0,47.0,8.0,1.0,0.0,6.0,21.0,3.0,0.0,3.0,0.0,187.0,0.0,13.0,18.0,11.0,4.0,1.0,2.0,0.0,0.0,0.0,0.0,0.0,0.0,0.0,0.0,0.0,22.0,13.0,12.0,8.0,2.0,9.0,16.0,56.3,7.0,18.0,5.0,13.0,9.0,31,15.0,0.0,33.0,414.0,75.0,221.0,150.0,52.0,8.0,414.0,13.0,8.0,61.5,5.0,38.5,221.0,1199.0,447.0,8.0,9.0,2.0,14.0,19.0,182.0,17.0,4,1,1,10.0,5.0,0.0,6.0,9.0,13.0,0.0,1.0,0,64.0,5.0,6.0,45.5
2022-12-03,12:00,Liga F,Matchweek 11,Sat,Away,L,1,2,Real Sociedad,Barcelona,1.6,2.6,38.0,,Nerea Eizaguirre,4-2-2-2,Elia María Martínez Martínez,15.0,4.0,26.7,0.07,0.25,17.7,0.0,0,0,1.6,1.6,0.11,-0.6,-0.6,5.0,3.0,60.0,0,1.2,-0.8,0,0,0,0,6.0,10.0,60.0,15.0,1.0,53.3,40.3,5.0,40.0,28.4,17.0,0.0,0.0,0.0,6.0,274.0,373.0,73.5,4957.0,2321.0,121.0,148.0,81.8,115.0,145.0,79.3,30.0,51.0,58.8,1,1.4,1.0,12.0,23.0,1.0,0.0,38.0,373.0,328.0,45.0,6.0,0.0,0.0,15.0,24.0,7.0,3.0,4.0,0.0,274.0,0.0,13.0,24.0,21.0,2.0,0.0,0.0,0.0,1.0,2.0,2.0,0.0,0.0,0.0,0.0,0.0,30.0,19.0,18.0,10.0,2.0,11.0,16.0,68.8,5.0,21.0,9.0,12.0,14.0,44,26.0,0.0,38.0,520.0,75.0,196.0,208.0,120.0,17.0,520.0,7.0,1.0,14.3,6.0,85.7,235.0,1099.0,550.0,11.0,9.0,8.0,14.0,10.0,274.0,38.0,1,0,0,9.0,4.0,0.0,15.0,14.0,19.0,0.0,0.0,0,73.0,16.0,5.0,76.2,20.0,5.0,25.0,0.1,0.4,12.9,0.0,0,0,2.6,2.6,0.14,-0.6,-0.6,4.0,3.0,75.0,0,2.1,1.1,0,0,0,0,3.0,11.0,27.3,39.0,6.0,23.1,29.0,9.0,22.2,14.4,11.0,2.0,18.2,1.0,9.8,496.0,600.0,82.7,8099.0,3340.0,247.0,270.0,91.5,189.0,211.0,89.6,40.0,75.0,53.3,2,2.2,2.0,16.0,47.0,13.0,3.0,45.0,600.0,549.0,50.0,9.0,1.0,2.0,19.0,22.0,8.0,3.0,3.0,0.0,496.0,1.0,12.0,33.0,21.0,4.0,0.0,7.0,1.0,0.0,3.0,0.0,1.0,0.0,2.0,0.0,0.0,16.0,6.0,9.0,5.0,2.0,6.0,7.0,85.7,1.0,16.0,3.0,13.0,10.0,26,11.0,1.0,62.0,717.0,66.0,234.0,263.0,224.0,47.0,717.0,16.0,5.0,31.3,11.0,68.8,413.0,1857.0,847.0,16.0,8.0,12.0,14.0,19.0,491.0,44.0,2,0,0,5.0,9.0,1.0,19.0,10.0,6.0,0.0,0.0,0,70.0,5.0,16.0,23.8
2022-12-11,18:00,Liga F,Matchweek 12,Sun,Home,L,3,4,Real Sociedad,Levante,2.1,2.9,54.0,,Nerea Eizaguirre,4-2-2-2,Amy Peñalver Pearce,18.0,8.0,44.4,0.17,0.38,17.7,0.0,0,0,2.1,2.1,0.12,0.9,0.9,4.0,1.0,0.0,0,2.5,-0.5,0,0,0,0,6.0,13.0,46.2,32.0,4.0,34.4,33.7,6.0,33.3,30.3,12.0,1.0,8.3,2.0,16.2,342.0,455.0,75.2,6003.0,2696.0,171.0,206.0,83.0,120.0,148.0,81.1,40.0,71.0,56.3,3,1.8,1.1,13.0,29.0,7.0,2.0,45.0,455.0,395.0,57.0,8.0,1.0,5.0,18.0,33.0,5.0,3.0,2.0,0.0,342.0,3.0,7.0,32.0,24.0,3.0,0.0,2.0,1.0,2.0,5.0,2.0,1.0,0.0,0.0,1.0,1.0,25.0,11.0,13.0,10.0,2.0,11.0,20.0,55.0,9.0,14.0,4.0,10.0,15.0,40,20.0,1.0,54.0,612.0,68.0,195.0,256.0,164.0,23.0,612.0,26.0,8.0,30.8,18.0,69.2,300.0,1639.0,795.0,18.0,10.0,2.0,24.0,4.0,334.0,43.0,2,0,0,8.0,4.0,3.0,18.0,15.0,11.0,0.0,0.0,1,57.0,17.0,6.0,73.9,11.0,4.0,36.4,0.27,0.75,16.6,0.0,0,0,2.9,2.9,0.27,0.1,0.1,8.0,5.0,62.5,0,2.7,-0.3,0,0,0,0,5.0,13.0,38.5,21.0,4.0,47.6,34.5,7.0,42.9,34.3,16.0,0.0,0.0,0.0,10.0,260.0,380.0,68.4,5047.0,2409.0,114.0,139.0,82.0,109.0,144.0,75.7,37.0,77.0,48.1,3,2.7,1.9,7.0,27.0,3.0,1.0,38.0,380.0,329.0,48.0,11.0,0.0,2.0,15.0,21.0,5.0,2.0,3.0,0.0,260.0,3.0,10.0,18.0,15.0,0.0,1.0,1.0,0.0,1.0,5.0,3.0,0.0,1.0,0.0,0.0,1.0,22.0,13.0,14.0,6.0,2.0,18.0,26.0,69.2,8.0,9.0,2.0,7.0,12.0,34,18.0,0.0,46.0,516.0,67.0,167.0,234.0,121.0,20.0,516.0,20.0,9.0,45.0,11.0,55.0,217.0,1409.0,656.0,16.0,9.0,9.0,27.0,14.0,257.0,38.0,0,0,0,5.0,8.0,3.0,15.0,12.0,13.0,0.0,0.0,0,61.0,6.0,17.0,26.1
2023-01-07,16:00,Liga F,Matchweek 14,Sat,Home,W,2,1,Real Sociedad,Alhama,0.8,0.8,67.0,,Nerea Eizaguirre,4-3-3,Xiomara Díaz García,21.0,8.0,38.1,0.05,0.13,20.3,0.0,0,0,0.8,0.8,0.04,0.2,0.2,3.0,2.0,66.7,0,1.1,0.1,0,0,0,0,4.0,10.0,40.0,22.0,4.0,13.6,26.5,15.0,46.7,34.7,19.0,0.0,0.0,1.0,31.0,416.0,577.0,72.1,7197.0,3203.0,201.0,246.0,81.7,175.0,224.0,78.1,37.0,74.0,50.0,1,0.8,0.8,19.0,42.0,8.0,3.0,56.0,577.0,514.0,60.0,12.0,0.0,0.0,25.0,22.0,9.0,3.0,6.0,0.0,416.0,3.0,16.0,38.0,31.0,4.0,1.0,2.0,0.0,0.0,2.0,1.0,1.0,0.0,0.0,0.0,0.0,16.0,7.0,10.0,6.0,0.0,7.0,9.0,77.8,2.0,4.0,0.0,4.0,6.0,22,19.0,0.0,67.0,688.0,66.0,222.0,298.0,172.0,28.0,688.0,24.0,15.0,62.5,9.0,37.5,310.0,1338.0,671.0,19.0,10.0,6.0,20.0,12.0,413.0,55.0,1,0,0,5.0,9.0,3.0,25.0,6.0,7.0,0.0,0.0,0,80.0,14.0,8.0,63.6,11.0,3.0,27.3,0.09,0.33,24.5,1.0,0,0,0.8,0.8,0.08,0.2,0.2,8.0,7.0,75.0,0,1.8,0.8,0,0,0,0,3.0,16.0,18.8,18.0,0.0,72.2,48.5,9.0,33.3,41.9,20.0,0.0,0.0,1.0,13.5,133.0,287.0,46.3,2536.0,1321.0,58.0,91.0,63.7,46.0,89.0,51.7,22.0,84.0,26.2,1,0.7,0.9,5.0,16.0,5.0,5.0,21.0,287.0,232.0,53.0,6.0,0.0,1.0,24.0,31.0,4.0,4.0,0.0,0.0,133.0,2.0,7.0,11.0,8.0,1.0,0.0,0.0,1.0,1.0,1.0,1.0,0.0,0.0,0.0,0.0,0.0,22.0,13.0,14.0,6.0,2.0,9.0,24.0,37.5,15.0,23.0,7.0,16.0,14.0,36,32.0,1.0,33.0,424.0,65.0,179.0,164.0,89.0,17.0,424.0,9.0,2.0,22.2,7.0,77.8,135.0,795.0,331.0,9.0,8.0,3.0,16.0,9.0,131.0,20.0,2,0,0,10.0,5.0,2.0,24.0,14.0,13.0,0.0,0.0,1,73.0,8.0,14.0,36.4
2023-01-15,12:00,Liga F,Matchweek 15,Sun,Away,L,1,2,Real Sociedad,Valencia,0.6,1.9,52.0,,Nerea Eizaguirre,4-3-3,Raquel Suárez González,9.0,2.0,22.2,0.11,0.5,20.6,0.0,0,0,0.6,0.6,0.06,0.4,0.4,4.0,2.0,50.0,0,1.6,-0.4,0,0,0,0,1.0,3.0,33.3,12.0,2.0,8.3,22.0,13.0,15.4,19.8,23.0,1.0,4.3,0.0,4.8,317.0,423.0,74.9,5873.0,2147.0,122.0,154.0,79.2,149.0,178.0,83.7,38.0,58.0,65.5,1,0.4,0.5,7.0,26.0,7.0,0.0,32.0,423.0,368.0,53.0,9.0,1.0,2.0,14.0,24.0,4.0,2.0,1.0,0.0,317.0,2.0,15.0,16.0,14.0,0.0,0.0,0.0,0.0,2.0,2.0,2.0,0.0,0.0,0.0,0.0,0.0,21.0,15.0,10.0,10.0,1.0,13.0,19.0,68.4,6.0,6.0,2.0,4.0,6.0,27,35.0,0.0,52.0,530.0,94.0,221.0,178.0,135.0,16.0,530.0,10.0,3.0,30.0,7.0,70.0,323.0,1470.0,765.0,14.0,10.0,3.0,16.0,10.0,314.0,32.0,2,0,0,11.0,8.0,2.0,14.0,6.0,15.0,0.0,0.0,0,56.0,10.0,7.0,58.8,15.0,4.0,26.7,0.13,0.5,16.3,0.0,0,0,1.9,1.9,0.13,0.1,0.1,2.0,1.0,50.0,0,0.3,-0.7,0,0,0,0,1.0,7.0,14.3,21.0,2.0,19.0,28.0,9.0,33.3,23.0,9.0,2.0,22.2,0.0,4.3,290.0,393.0,73.8,4500.0,1923.0,161.0,193.0,83.4,96.0,120.0,80.0,21.0,53.0,39.6,1,1.4,1.3,11.0,29.0,7.0,4.0,30.0,393.0,338.0,54.0,13.0,0.0,2.0,29.0,19.0,11.0,11.0,0.0,0.0,290.0,1.0,6.0,26.0,20.0,4.0,2.0,0.0,0.0,0.0,4.0,2.0,0.0,2.0,0.0,0.0,0.0,17.0,14.0,7.0,7.0,3.0,7.0,10.0,70.0,3.0,13.0,1.0,12.0,9.0,26,17.0,2.0,48.0,503.0,52.0,156.0,173.0,181.0,29.0,503.0,19.0,6.0,31.6,13.0,68.4,229.0,1498.0,781.0,14.0,7.0,7.0,13.0,8.0,290.0,30.0,1,0,0,8.0,10.0,1.0,29.0,9.0,14.0,0.0,0.0,0,56.0,7.0,10.0,41.2
2023-01-26,20:00,Liga F,Matchweek 16,Thu,Away,L,1,2,Real Sociedad,UDG Tenerife,0.6,2.2,62.0,,Nerea Eizaguirre,4-3-3,Elia María Martínez Martínez,9.0,2.0,22.2,0.11,0.5,22.3,2.0,0,0,0.6,0.6,0.06,0.4,0.4,3.0,1.0,66.7,0,1.8,-0.2,1,1,0,0,1.0,3.0,33.3,13.0,2.0,15.4,20.7,10.0,10.0,22.0,6.0,2.0,33.3,1.0,11.0,355.0,498.0,71.3,6108.0,2972.0,162.0,201.0,80.6,150.0,195.0,76.9,32.0,72.0,44.4,0,0.4,0.4,4.0,33.0,8.0,2.0,45.0,498.0,420.0,74.0,15.0,0.0,0.0,18.0,42.0,4.0,2.0,2.0,0.0,355.0,4.0,15.0,16.0,12.0,1.0,0.0,0.0,2.0,1.0,2.0,1.0,0.0,0.0,0.0,1.0,0.0,21.0,12.0,4.0,12.0,5.0,2.0,7.0,28.6,5.0,8.0,1.0,7.0,9.0,30,13.0,0.0,62.0,595.0,65.0,234.0,226.0,137.0,16.0,595.0,15.0,6.0,40.0,9.0,60.0,274.0,1216.0,486.0,9.0,9.0,4.0,19.0,14.0,354.0,45.0,2,1,0,13.0,8.0,4.0,18.0,9.0,12.0,0.0,1.0,0,56.0,8.0,7.0,53.3,12.0,2.0,16.7,0.08,0.5,17.9,1.0,1,1,2.2,2.1,0.19,-0.2,-1.1,2.0,1.0,50.0,0,0.3,-0.7,0,0,0,0,11.0,20.0,55.0,16.0,2.0,68.8,47.3,11.0,81.8,43.8,16.0,1.0,6.3,1.0,8.0,185.0,302.0,61.3,4161.0,2360.0,62.0,84.0,73.8,76.0,113.0,67.3,44.0,85.0,51.8,1,1.2,0.4,7.0,25.0,6.0,0.0,27.0,302.0,241.0,54.0,15.0,0.0,1.0,6.0,26.0,0.0,0.0,0.0,0.0,185.0,7.0,7.0,20.0,11.0,1.0,1.0,4.0,2.0,1.0,2.0,0.0,0.0,0.0,2.0,0.0,0.0,23.0,19.0,12.0,8.0,3.0,9.0,15.0,60.0,6.0,16.0,3.0,13.0,9.0,32,24.0,0.0,38.0,423.0,49.0,159.0,158.0,111.0,17.0,422.0,7.0,5.0,71.4,2.0,28.6,156.0,762.0,301.0,7.0,4.0,0.0,17.0,19.0,181.0,26.0,0,0,0,10.0,12.0,7.0,6.0,9.0,19.0,0.0,0.0,0,52.0,7.0,8.0,46.7
2023-01-29,12:00,Liga F,Matchweek 17,Sun,Home,W,4,0,Real Sociedad,Sporting Huelva,3.6,0.7,64.0,,Nerea Eizaguirre,4-3-3,Zulema González González,21.0,9.0,42.9,0.19,0.44,13.8,1.0,0,0,3.6,3.6,0.19,0.4,0.4,5.0,5.0,100.0,1,0.5,0.5,0,0,0,0,1.0,1.0,100.0,42.0,9.0,2.4,18.0,7.0,0.0,17.9,18.0,0.0,0.0,0.0,10.5,482.0,609.0,79.1,8256.0,3293.0,224.0,260.0,86.2,221.0,251.0,88.0,34.0,68.0,50.0,3,3.2,1.8,17.0,26.0,10.0,1.0,39.0,609.0,552.0,53.0,11.0,3.0,1.0,10.0,29.0,5.0,2.0,3.0,0.0,482.0,4.0,14.0,34.0,20.0,3.0,2.0,6.0,2.0,1.0,6.0,3.0,0.0,1.0,2.0,0.0,0.0,14.0,10.0,9.0,4.0,1.0,3.0,9.0,33.3,6.0,17.0,4.0,13.0,22.0,36,21.0,0.0,64.0,738.0,107.0,358.0,261.0,120.0,33.0,738.0,21.0,12.0,57.1,8.0,38.1,371.0,1677.0,937.0,17.0,7.0,7.0,12.0,9.0,475.0,38.0,0,0,0,7.0,9.0,4.0,10.0,22.0,10.0,0.0,0.0,0,58.0,13.0,11.0,54.2,14.0,5.0,35.7,0.0,0.0,20.0,0.0,0,0,0.7,0.7,0.05,-0.7,-0.7,9.0,5.0,55.6,0,3.6,-0.4,0,0,0,0,8.0,20.0,40.0,24.0,4.0,66.7,44.0,4.0,100.0,49.5,9.0,1.0,11.1,4.0,20.6,209.0,342.0,61.1,4120.0,2204.0,94.0,129.0,72.9,77.0,112.0,68.8,37.0,82.0,45.1,0,0.7,0.8,12.0,24.0,5.0,4.0,25.0,342.0,286.0,54.0,10.0,0.0,1.0,22.0,30.0,5.0,5.0,0.0,0.0,209.0,2.0,17.0,24.0,20.0,1.0,0.0,2.0,0.0,1.0,0.0,0.0,0.0,0.0,0.0,0.0,0.0,17.0,15.0,7.0,6.0,4.0,8.0,20.0,40.0,12.0,20.0,6.0,14.0,25.0,42,20.0,0.0,36.0,459.0,47.0,160.0,158.0,146.0,15.0,459.0,9.0,6.0,66.7,3.0,33.3,215.0,1188.0,449.0,11.0,10.0,3.0,15.0,11.0,205.0,25.0,1,0,0,9.0,6.0,2.0,22.0,25.0,15.0,0.0,0.0,0,58.0,11.0,13.0,45.8
2023-02-01,21:00,Liga F,Matchweek 13,Wed,Away,L,1,4,Real Sociedad,Real Madrid,0.6,2.3,45.0,,Nerea Eizaguirre,4-3-3,María Dolores Martínez Madrona,9.0,2.0,22.2,0.11,0.5,17.8,0.0,0,0,0.6,0.6,0.07,0.4,0.4,7.0,3.0,42.9,0,1.9,-2.1,0,0,0,0,1.0,4.0,25.0,27.0,4.0,11.1,22.6,11.0,9.1,17.2,12.0,0.0,0.0,0.0,3.5,371.0,488.0,76.0,5970.0,2214.0,170.0,201.0,84.6,165.0,200.0,82.5,20.0,49.0,40.8,1,0.5,0.9,8.0,15.0,4.0,2.0,24.0,488.0,438.0,49.0,9.0,0.0,1.0,15.0,18.0,6.0,3.0,3.0,0.0,371.0,1.0,7.0,16.0,13.0,3.0,0.0,0.0,0.0,0.0,1.0,0.0,1.0,0.0,0.0,0.0,0.0,18.0,10.0,4.0,9.0,5.0,7.0,17.0,41.2,10.0,10.0,1.0,9.0,5.0,23,17.0,1.0,45.0,586.0,94.0,259.0,224.0,105.0,14.0,586.0,14.0,2.0,14.3,10.0,71.4,241.0,1076.0,575.0,14.0,6.0,3.0,12.0,6.0,369.0,24.0,1,0,0,5.0,9.0,1.0,15.0,5.0,10.0,0.0,0.0,0,71.0,7.0,10.0,41.2,15.0,7.0,46.7,0.27,0.57,15.6,0.0,0,0,2.3,2.3,0.16,1.7,1.7,2.0,1.0,50.0,0,0.5,-0.5,0,0,0,0,1.0,8.0,12.5,28.0,4.0,25.0,31.6,8.0,12.5,21.1,10.0,0.0,0.0,0.0,13.0,484.0,588.0,82.3,8043.0,2907.0,256.0,279.0,91.8,173.0,200.0,86.5,46.0,78.0,59.0,3,1.9,2.3,13.0,29.0,10.0,1.0,50.0,588.0,547.0,41.0,6.0,0.0,4.0,17.0,20.0,5.0,3.0,0.0,0.0,484.0,0.0,11.0,27.0,21.0,4.0,1.0,0.0,1.0,0.0,6.0,4.0,1.0,0.0,0.0,1.0,0.0,18.0,11.0,8.0,8.0,2.0,12.0,14.0,85.7,2.0,8.0,2.0,6.0,12.0,30,11.0,0.0,55.0,683.0,53.0,188.0,339.0,163.0,31.0,683.0,17.0,10.0,58.8,7.0,41.2,497.0,2509.0,1056.0,29.0,19.0,10.0,14.0,11.0,481.0,50.0,0,0,0,9.0,5.0,0.0,17.0,12.0,11.0,0.0,0.0,0,72.0,10.0,7.0,58.8
2023-02-05,12:00,Liga F,Matchweek 18,Sun,Away,D,2,2,Real Sociedad,Madrid CFF,1.5,1.6,49.0,,Nerea Eizaguirre,4-3-3,Beatriz Cuesta Arribas,11.0,5.0,45.5,0.18,0.4,17.3,0.0,0,0,1.5,1.5,0.14,0.5,0.5,8.0,6.0,75.0,0,2.0,0.0,0,0,0,0,1.0,8.0,12.5,42.0,7.0,14.3,21.4,13.0,15.4,19.8,19.0,0.0,0.0,2.0,17.5,337.0,469.0,71.9,6076.0,2311.0,124.0,155.0,80.0,171.0,205.0,83.4,30.0,71.0,42.3,2,1.3,0.7,7.0,24.0,4.0,2.0,27.0,469.0,404.0,64.0,14.0,0.0,2.0,10.0,30.0,4.0,2.0,2.0,0.0,337.0,1.0,10.0,16.0,11.0,1.0,2.0,1.0,0.0,1.0,4.0,3.0,0.0,1.0,0.0,0.0,0.0,20.0,10.0,4.0,13.0,3.0,4.0,14.0,28.6,10.0,12.0,2.0,10.0,23.0,43,24.0,0.0,49.0,613.0,118.0,305.0,208.0,105.0,11.0,613.0,7.0,5.0,71.4,2.0,28.6,335.0,1522.0,592.0,8.0,0.0,3.0,22.0,17.0,334.0,27.0,0,0,0,5.0,10.0,1.0,10.0,23.0,10.0,0.0,0.0,0,71.0,8.0,4.0,66.7,15.0,8.0,53.3,0.13,0.25,18.8,0.0,0,0,1.6,1.6,0.11,0.4,0.4,5.0,3.0,60.0,0,1.5,-0.5,0,0,0,0,1.0,3.0,33.3,18.0,4.0,16.7,25.4,6.0,16.7,19.5,7.0,0.0,0.0,1.0,17.5,342.0,490.0,69.8,5829.0,2385.0,170.0,210.0,81.0,133.0,166.0,80.1,31.0,75.0,41.3,2,1.3,1.0,10.0,24.0,11.0,4.0,47.0,490.0,437.0,48.0,6.0,0.0,5.0,21.0,27.0,6.0,2.0,3.0,0.0,342.0,5.0,12.0,23.0,21.0,0.0,2.0,0.0,0.0,0.0,4.0,3.0,0.0,1.0,0.0,0.0,0.0,19.0,15.0,8.0,7.0,4.0,2.0,7.0,28.6,5.0,11.0,2.0,9.0,10.0,29,7.0,0.0,51.0,594.0,40.0,190.0,252.0,159.0,24.0,594.0,13.0,9.0,69.2,4.0,30.8,271.0,1599.0,723.0,20.0,8.0,8.0,19.0,16.0,338.0,47.0,2,0,0,10.0,5.0,5.0,21.0,10.0,15.0,0.0,0.0,0,82.0,4.0,9.0,30.8
2023-02-12,15:30,Liga F,Matchweek 19,Sun,Home,L,0,3,Real Sociedad,Sevilla,1.9,1.9,63.0,,Nerea Eizaguirre,4-3-3,Alicia Espinosa Ríos,16.0,3.0,18.8,0.0,0.0,15.5,0.0,0,0,1.9,1.9,0.12,-1.9,-1.9,8.0,5.0,62.5,0,3.3,0.3,0,0,0,0,5.0,12.0,41.7,33.0,8.0,33.3,29.6,8.0,12.5,23.9,15.0,1.0,6.7,4.0,19.7,418.0,540.0,77.4,7793.0,3014.0,173.0,198.0,87.4,191.0,226.0,84.5,52.0,92.0,56.5,0,1.7,1.4,13.0,44.0,10.0,5.0,62.0,540.0,482.0,55.0,10.0,0.0,1.0,20.0,28.0,5.0,3.0,0.0,2.0,418.0,3.0,16.0,28.0,19.0,4.0,2.0,2.0,1.0,0.0,0.0,0.0,0.0,0.0,0.0,0.0,0.0,17.0,10.0,10.0,5.0,2.0,2.0,12.0,16.7,10.0,7.0,3.0,4.0,8.0,25,13.0,0.0,63.0,635.0,68.0,195.0,288.0,160.0,20.0,635.0,14.0,7.0,50.0,7.0,50.0,414.0,1981.0,1047.0,17.0,9.0,5.0,13.0,13.0,412.0,60.0,2,0,0,5.0,9.0,3.0,20.0,8.0,10.0,0.0,0.0,0,54.0,8.0,11.0,42.1,13.0,8.0,61.5,0.23,0.38,16.6,0.0,0,0,1.9,1.9,0.15,1.1,1.1,3.0,3.0,100.0,1,0.3,0.3,0,0,0,0,4.0,12.0,33.3,12.0,2.0,58.3,44.5,9.0,55.6,45.0,18.0,1.0,5.6,3.0,14.5,199.0,315.0,63.2,3590.0,2012.0,86.0,121.0,71.1,82.0,111.0,73.9,24.0,64.0,37.5,2,1.6,1.6,9.0,22.0,9.0,2.0,29.0,315.0,269.0,45.0,7.0,3.0,1.0,17.0,21.0,7.0,5.0,0.0,1.0,199.0,1.0,6.0,23.0,14.0,2.0,3.0,0.0,3.0,1.0,5.0,2.0,1.0,1.0,0.0,1.0,0.0,20.0,14.0,12.0,7.0,1.0,7.0,14.0,50.0,7.0,17.0,5.0,12.0,10.0,30,18.0,0.0,37.0,422.0,43.0,163.0,138.0,126.0,24.0,422.0,12.0,10.0,83.3,2.0,16.7,170.0,1003.0,533.0,13.0,6.0,5.0,23.0,15.0,194.0,28.0,0,0,0,9.0,4.0,1.0,17.0,10.0,14.0,0.0,0.0,0,57.0,11.0,8.0,57.9
2023-03-04,12:00,Liga F,Matchweek 20,Sat,Home,L,1,2,Real Sociedad,Atlético Madrid,1.9,1.0,48.0,,Nerea Eizaguirre,4-3-3,Raquel Suárez González,17.0,4.0,23.5,0.06,0.25,16.4,0.0,0,0,1.9,1.9,0.11,-0.9,-0.9,7.0,5.0,71.4,0,1.6,-0.4,0,0,0,0,0.0,5.0,0.0,27.0,10.0,11.1,21.7,9.0,22.2,24.3,13.0,0.0,0.0,0.0,3.0,332.0,455.0,73.0,6766.0,2870.0,100.0,140.0,71.4,178.0,205.0,86.8,52.0,98.0,53.1,1,1.7,1.0,11.0,32.0,8.0,3.0,43.0,455.0,396.0,58.0,10.0,1.0,2.0,13.0,32.0,4.0,3.0,1.0,0.0,332.0,1.0,18.0,29.0,18.0,3.0,2.0,2.0,2.0,2.0,2.0,1.0,0.0,0.0,0.0,0.0,1.0,35.0,31.0,15.0,17.0,3.0,12.0,40.0,30.0,28.0,19.0,3.0,16.0,21.0,56,12.0,0.0,48.0,584.0,82.0,245.0,232.0,112.0,20.0,584.0,11.0,8.0,72.7,3.0,27.3,316.0,1488.0,632.0,11.0,9.0,5.0,12.0,12.0,325.0,40.0,1,0,0,9.0,7.0,1.0,13.0,21.0,31.0,0.0,0.0,0,64.0,6.0,8.0,42.9,16.0,7.0,43.8,0.13,0.29,18.9,2.0,0,0,1.0,1.0,0.06,1.0,1.0,4.0,3.0,75.0,0,1.5,0.5,0,0,0,0,4.0,8.0,50.0,40.0,6.0,17.5,26.4,4.0,25.0,33.3,11.0,0.0,0.0,0.0,12.0,379.0,485.0,78.1,6984.0,2810.0,153.0,176.0,86.9,179.0,210.0,85.2,39.0,69.0,56.5,2,0.7,1.1,10.0,36.0,5.0,2.0,44.0,485.0,444.0,39.0,8.0,0.0,1.0,16.0,18.0,7.0,0.0,0.0,7.0,379.0,2.0,17.0,24.0,13.0,2.0,6.0,0.0,2.0,1.0,4.0,2.0,0.0,2.0,0.0,0.0,0.0,16.0,12.0,9.0,7.0,0.0,3.0,10.0,30.0,7.0,21.0,5.0,16.0,15.0,31,17.0,0.0,52.0,619.0,67.0,234.0,231.0,165.0,24.0,619.0,39.0,27.0,69.2,12.0,30.8,328.0,2085.0,950.0,24.0,12.0,7.0,13.0,23.0,375.0,44.0,2,0,0,8.0,8.0,2.0,16.0,15.0,12.0,0.0,0.0,0,71.0,8.0,5.0,61.5
2023-03-11,16:00,Liga F,Matchweek 21,Sat,Away,D,0,0,Real Sociedad,Real Betis,1.5,0.7,65.0,,Amaiur Sarriegi,4-3-3,Elia María Martínez Martínez,19.0,4.0,21.1,0.0,0.0,16.9,0.0,0,0,1.5,1.5,0.08,-1.5,-1.5,1.0,1.0,100.0,1,0.3,0.3,0,0,0,0,1.0,2.0,50.0,18.0,5.0,11.1,23.8,6.0,0.0,22.7,12.0,0.0,0.0,3.0,18.4,443.0,566.0,78.3,9889.0,3707.0,110.0,140.0,78.6,244.0,283.0,86.2,85.0,120.0,70.8,0,1.3,0.9,15.0,46.0,12.0,4.0,54.0,566.0,515.0,48.0,6.0,0.0,5.0,21.0,29.0,6.0,2.0,4.0,0.0,443.0,3.0,10.0,32.0,24.0,3.0,2.0,3.0,0.0,0.0,0.0,0.0,0.0,0.0,0.0,0.0,0.0,12.0,8.0,3.0,9.0,0.0,2.0,9.0,22.2,7.0,5.0,2.0,3.0,3.0,15,9.0,0.0,65.0,654.0,32.0,188.0,347.0,122.0,27.0,654.0,14.0,7.0,50.0,7.0,50.0,203.0,1170.0,637.0,14.0,11.0,6.0,18.0,16.0,439.0,53.0,2,0,0,4.0,6.0,3.0,21.0,3.0,8.0,0.0,0.0,0,61.0,11.0,7.0,61.1,9.0,1.0,11.1,0.0,0.0,22.1,0.0,0,0,0.7,0.7,0.08,-0.7,-0.7,4.0,4.0,100.0,1,0.6,0.6,0,0,0,0,5.0,24.0,20.8,23.0,2.0,60.9,43.6,16.0,62.5,42.1,17.0,1.0,5.9,0.0,8.3,183.0,301.0,60.8,3786.0,1761.0,64.0,92.0,69.6,81.0,117.0,69.2,31.0,78.0,39.7,0,0.6,0.3,6.0,11.0,5.0,3.0,12.0,301.0,248.0,53.0,7.0,0.0,0.0,15.0,28.0,1.0,1.0,0.0,0.0,183.0,0.0,5.0,13.0,10.0,1.0,2.0,0.0,0.0,0.0,0.0,0.0,0.0,0.0,0.0,0.0,0.0,23.0,17.0,12.0,8.0,3.0,7.0,14.0,50.0,7.0,13.0,5.0,8.0,3.0,26,26.0,0.0,35.0,408.0,75.0,209.0,126.0,86.0,7.0,408.0,9.0,7.0,77.8,2.0,22.2,152.0,943.0,445.0,12.0,13.0,2.0,17.0,10.0,182.0,12.0,1,0,0,6.0,3.0,0.0,15.0,3.0,17.0,0.0,0.0,0,55.0,7.0,11.0,38.9
2023-03-19,12:00,Liga F,Matchweek 22,Sun,Home,W,6,5,Real Sociedad,Alavés,3.8,1.4,64.0,,Nerea Eizaguirre,4-2-2-2,María Gloria Planes Terol,13.0,9.0,69.2,0.46,0.67,11.7,0.0,0,0,3.8,3.8,0.32,2.2,2.2,8.0,3.0,37.5,0,1.3,-3.7,0,0,0,0,3.0,4.0,75.0,45.0,7.0,8.9,23.3,5.0,0.0,11.0,12.0,1.0,8.3,1.0,13.0,503.0,608.0,82.7,9160.0,3529.0,203.0,230.0,88.3,245.0,280.0,87.5,50.0,80.0,62.5,3,1.9,2.1,7.0,33.0,13.0,2.0,43.0,608.0,561.0,46.0,14.0,2.0,0.0,9.0,20.0,1.0,0.0,0.0,0.0,503.0,1.0,10.0,23.0,17.0,1.0,3.0,2.0,0.0,0.0,11.0,9.0,0.0,2.0,0.0,0.0,0.0,7.0,7.0,6.0,1.0,0.0,2.0,7.0,28.6,5.0,9.0,4.0,5.0,12.0,19,18.0,2.0,64.0,691.0,85.0,300.0,284.0,108.0,21.0,691.0,7.0,6.0,85.7,1.0,14.3,437.0,2233.0,939.0,14.0,9.0,5.0,12.0,13.0,498.0,43.0,1,0,0,7.0,11.0,1.0,9.0,12.0,7.0,0.0,0.0,0,50.0,7.0,14.0,33.3,15.0,8.0,53.3,0.33,0.63,19.0,0.0,0,0,1.4,1.4,0.11,3.6,3.6,9.0,3.0,33.3,0,4.3,-1.7,0,0,0,0,4.0,10.0,40.0,44.0,5.0,22.7,27.0,5.0,0.0,23.6,7.0,0.0,0.0,1.0,15.0,232.0,342.0,67.8,4350.0,2079.0,81.0,110.0,73.6,127.0,158.0,80.4,22.0,62.0,35.5,3,0.5,0.4,9.0,18.0,3.0,1.0,26.0,342.0,304.0,35.0,8.0,0.0,0.0,12.0,12.0,3.0,1.0,2.0,0.0,232.0,3.0,5.0,18.0,11.0,3.0,0.0,3.0,1.0,0.0,3.0,1.0,2.0,0.0,0.0,0.0,0.0,14.0,10.0,4.0,7.0,3.0,1.0,7.0,14.3,6.0,14.0,3.0,11.0,16.0,30,14.0,2.0,36.0,428.0,59.0,184.0,152.0,101.0,13.0,428.0,7.0,5.0,71.4,2.0,28.6,255.0,1429.0,728.0,17.0,12.0,3.0,9.0,5.0,227.0,25.0,1,0,0,11.0,7.0,3.0,12.0,16.0,10.0,0.0,0.0,0,59.0,14.0,7.0,66.7
2023-03-26,18:00,Liga F,Matchweek 23,Sun,Away,L,1,4,Real Sociedad,Levante,0.4,3.4,44.0,,Nerea Eizaguirre,4-3-3,Amy Peñalver Pearce,7.0,3.0,42.9,0.14,0.33,19.2,0.0,0,0,0.4,0.4,0.06,0.6,0.6,8.0,4.0,62.5,0,3.9,-0.1,1,1,0,0,7.0,12.0,58.3,24.0,4.0,29.2,33.2,13.0,38.5,29.2,10.0,1.0,10.0,2.0,17.6,237.0,367.0,64.6,4556.0,2132.0,102.0,134.0,76.1,88.0,124.0,71.0,40.0,75.0,53.3,1,0.2,0.3,5.0,12.0,3.0,1.0,21.0,367.0,293.0,72.0,16.0,0.0,5.0,15.0,36.0,2.0,0.0,1.0,0.0,237.0,2.0,19.0,13.0,8.0,3.0,1.0,0.0,1.0,0.0,2.0,2.0,0.0,0.0,0.0,0.0,0.0,25.0,12.0,12.0,9.0,4.0,8.0,33.0,24.2,25.0,24.0,4.0,20.0,11.0,36,18.0,1.0,44.0,494.0,63.0,193.0,179.0,129.0,12.0,494.0,24.0,14.0,58.3,10.0,41.7,201.0,1131.0,481.0,15.0,13.0,3.0,19.0,4.0,234.0,21.0,0,0,0,9.0,14.0,2.0,15.0,11.0,12.0,0.0,1.0,0,59.0,8.0,10.0,44.4,17.0,7.0,41.2,0.18,0.43,19.5,1.0,1,1,3.4,2.6,0.15,0.6,0.4,3.0,2.0,66.7,0,0.4,-0.6,0,0,0,0,4.0,11.0,36.4,28.0,5.0,28.6,30.7,7.0,42.9,26.1,9.0,0.0,0.0,0.0,9.0,350.0,473.0,74.0,5876.0,2637.0,166.0,190.0,87.4,143.0,179.0,79.9,32.0,66.0,48.5,2,2.1,1.1,10.0,27.0,7.0,1.0,28.0,473.0,414.0,57.0,9.0,0.0,0.0,13.0,34.0,5.0,3.0,1.0,0.0,350.0,2.0,22.0,31.0,16.0,5.0,7.0,0.0,3.0,0.0,7.0,3.0,0.0,3.0,0.0,1.0,0.0,14.0,10.0,7.0,5.0,2.0,10.0,24.0,41.7,14.0,18.0,1.0,17.0,8.0,22,21.0,0.0,56.0,588.0,66.0,209.0,247.0,139.0,24.0,587.0,32.0,25.0,78.1,7.0,21.9,245.0,1298.0,638.0,15.0,2.0,10.0,23.0,17.0,347.0,28.0,2,0,0,14.0,9.0,2.0,13.0,8.0,10.0,1.0,0.0,0,71.0,10.0,8.0,55.6
2023-04-02,12:00,Liga F,Matchweek 24,Sun,Home,D,1,1,Real Sociedad,Athletic Club,1.1,1.3,63.0,,Nerea Eizaguirre,4-3-3,Alicia Espinosa Ríos,7.0,0.0,0.0,0.0,,25.2,0.0,1,1,1.1,0.3,0.04,-0.1,-0.3,2.0,1.0,50.0,0,0.5,-0.5,0,0,0,0,1.0,10.0,10.0,39.0,10.0,12.8,22.5,5.0,100.0,55.6,25.0,2.0,8.0,4.0,12.5,472.0,601.0,78.5,8497.0,3008.0,195.0,228.0,85.5,238.0,272.0,87.5,35.0,83.0,42.2,0,0.2,0.4,5.0,35.0,4.0,1.0,37.0,601.0,555.0,42.0,9.0,1.0,1.0,17.0,23.0,3.0,2.0,1.0,0.0,472.0,4.0,6.0,14.0,11.0,0.0,2.0,0.0,1.0,0.0,2.0,1.0,0.0,0.0,0.0,1.0,0.0,14.0,8.0,5.0,9.0,0.0,5.0,21.0,23.8,16.0,13.0,4.0,9.0,8.0,22,20.0,0.0,63.0,701.0,81.0,290.0,301.0,115.0,8.0,700.0,23.0,12.0,52.2,11.0,47.8,368.0,1581.0,820.0,16.0,14.0,2.0,13.0,12.0,467.0,36.0,1,0,0,5.0,7.0,4.0,17.0,8.0,8.0,1.0,0.0,0,67.0,13.0,10.0,56.5,10.0,2.0,20.0,0.1,0.5,23.2,0.0,0,0,1.3,1.3,0.13,-0.3,-0.3,1.0,0.0,100.0,0,1.0,0.0,1,1,0,0,2.0,7.0,28.6,14.0,1.0,28.6,33.2,10.0,30.0,34.6,12.0,0.0,0.0,2.0,21.7,212.0,353.0,60.1,4442.0,2063.0,73.0,99.0,73.7,94.0,125.0,75.2,40.0,100.0,40.0,1,1.2,0.5,8.0,24.0,4.0,3.0,27.0,353.0,297.0,53.0,9.0,0.0,2.0,32.0,22.0,10.0,8.0,1.0,0.0,212.0,3.0,14.0,16.0,13.0,0.0,2.0,1.0,0.0,0.0,1.0,1.0,0.0,0.0,0.0,0.0,0.0,23.0,19.0,10.0,12.0,1.0,11.0,23.0,47.8,12.0,6.0,1.0,5.0,15.0,38,12.0,0.0,37.0,456.0,47.0,148.0,214.0,100.0,13.0,456.0,21.0,16.0,76.2,5.0,23.8,185.0,1217.0,604.0,14.0,5.0,5.0,12.0,9.0,210.0,27.0,1,0,0,7.0,5.0,3.0,32.0,15.0,19.0,0.0,1.0,0,78.0,10.0,13.0,43.5
2023-04-15,12:00,Liga F,Matchweek 25,Sat,Away,D,1,1,Real Sociedad,Alhama,1.2,1.2,69.0,,Nerea Eizaguirre,4-3-3,Elena Peláez Arnillas,16.0,6.0,37.5,0.06,0.17,19.4,0.0,0,0,1.2,1.2,0.07,-0.2,-0.2,7.0,6.0,85.7,0,1.8,0.8,0,0,0,0,9.0,12.0,75.0,32.0,9.0,34.4,31.1,5.0,20.0,21.4,9.0,0.0,0.0,3.0,15.8,405.0,557.0,72.7,8124.0,3259.0,149.0,185.0,80.5,179.0,230.0,77.8,69.0,117.0,59.0,1,1.0,1.0,12.0,34.0,8.0,2.0,42.0,557.0,481.0,73.0,15.0,0.0,9.0,31.0,42.0,9.0,2.0,7.0,0.0,405.0,3.0,10.0,28.0,19.0,3.0,2.0,2.0,0.0,2.0,2.0,2.0,0.0,0.0,0.0,0.0,0.0,8.0,4.0,2.0,6.0,0.0,1.0,5.0,20.0,4.0,6.0,1.0,5.0,7.0,15,13.0,0.0,69.0,645.0,61.0,200.0,270.0,177.0,21.0,645.0,11.0,7.0,63.6,3.0,27.3,286.0,1807.0,887.0,23.0,8.0,3.0,14.0,9.0,398.0,40.0,0,0,0,9.0,12.0,3.0,31.0,7.0,4.0,0.0,0.0,0,59.0,14.0,5.0,73.7,10.0,7.0,70.0,0.1,0.14,16.6,0.0,0,0,1.2,1.2,0.13,-0.2,-0.2,6.0,5.0,83.3,0,1.3,0.3,0,0,0,0,8.0,32.0,25.0,31.0,1.0,90.3,54.1,9.0,44.4,31.0,27.0,0.0,0.0,0.0,,131.0,249.0,52.6,2802.0,1349.0,42.0,59.0,71.2,66.0,89.0,74.2,22.0,89.0,24.7,1,1.0,0.6,7.0,17.0,3.0,3.0,15.0,249.0,200.0,46.0,11.0,0.0,1.0,12.0,21.0,4.0,4.0,0.0,0.0,131.0,3.0,6.0,15.0,10.0,1.0,1.0,1.0,1.0,1.0,2.0,2.0,0.0,0.0,0.0,0.0,0.0,13.0,7.0,9.0,3.0,1.0,3.0,11.0,27.3,8.0,11.0,4.0,7.0,22.0,35,44.0,0.0,31.0,381.0,85.0,180.0,120.0,85.0,13.0,381.0,5.0,4.0,80.0,1.0,20.0,162.0,735.0,341.0,4.0,3.0,0.0,21.0,7.0,130.0,14.0,2,1,1,12.0,9.0,3.0,12.0,22.0,7.0,0.0,0.0,0,64.0,5.0,14.0,26.3
2023-04-22,11:30,Liga F,Matchweek 26,Sat,Home,W,4,0,Real Sociedad,Valencia,2.8,1.2,53.0,,Nerea Eizaguirre,4-3-3,Elisabeth Calvo Valentín,22.0,12.0,54.5,0.14,0.25,14.0,0.0,0,0,2.8,2.8,0.14,0.2,0.2,5.0,5.0,100.0,1,1.5,1.5,0,0,0,0,1.0,2.0,50.0,33.0,11.0,3.0,20.7,8.0,12.5,16.8,22.0,0.0,0.0,0.0,7.0,367.0,456.0,80.5,6917.0,2967.0,139.0,156.0,89.1,169.0,194.0,87.1,52.0,75.0,69.3,2,2.1,1.7,18.0,27.0,9.0,2.0,39.0,456.0,414.0,35.0,8.0,1.0,1.0,17.0,13.0,5.0,0.0,0.0,3.0,367.0,7.0,13.0,37.0,27.0,3.0,1.0,4.0,0.0,2.0,5.0,4.0,0.0,0.0,0.0,0.0,1.0,17.0,10.0,7.0,7.0,3.0,9.0,18.0,50.0,9.0,9.0,3.0,6.0,16.0,33,21.0,0.0,53.0,568.0,97.0,257.0,190.0,129.0,35.0,568.0,12.0,5.0,41.7,7.0,58.3,276.0,1811.0,914.0,24.0,10.0,11.0,11.0,8.0,364.0,39.0,2,0,0,11.0,7.0,7.0,17.0,16.0,10.0,0.0,0.0,0,61.0,7.0,2.0,77.8,11.0,5.0,45.5,0.0,0.0,21.4,0.0,0,0,1.2,1.2,0.11,-1.2,-1.2,12.0,9.0,66.7,0,2.5,-0.5,0,0,0,0,2.0,5.0,40.0,33.0,8.0,15.2,26.9,3.0,0.0,26.3,13.0,1.0,7.7,2.0,15.8,296.0,399.0,74.2,5926.0,2691.0,94.0,114.0,82.5,162.0,192.0,84.4,38.0,79.0,48.1,0,0.7,0.3,9.0,37.0,3.0,1.0,38.0,399.0,345.0,53.0,19.0,0.0,1.0,28.0,21.0,5.0,4.0,1.0,0.0,296.0,1.0,6.0,20.0,16.0,0.0,1.0,1.0,1.0,1.0,0.0,0.0,0.0,0.0,0.0,0.0,0.0,15.0,11.0,9.0,2.0,4.0,7.0,12.0,58.3,5.0,19.0,8.0,11.0,12.0,27,10.0,0.0,47.0,494.0,64.0,202.0,162.0,136.0,15.0,494.0,18.0,9.0,50.0,9.0,50.0,229.0,1431.0,738.0,15.0,6.0,3.0,18.0,8.0,291.0,36.0,2,0,0,7.0,11.0,1.0,28.0,12.0,11.0,0.0,0.0,1,51.0,2.0,7.0,22.2
2023-04-30,12:00,Liga F,Matchweek 27,Sun,Away,W,1,0,Real Sociedad,Villarreal,1.6,1.0,59.0,,Nerea Eizaguirre,4-3-3,Raquel Suárez González,11.0,4.0,36.4,0.09,0.25,15.3,1.0,0,0,1.6,1.6,0.17,-0.6,-0.6,5.0,5.0,100.0,1,0.3,0.3,0,0,0,0,4.0,13.0,30.8,34.0,12.0,23.5,28.4,12.0,41.7,28.9,22.0,2.0,9.1,0.0,7.3,336.0,455.0,73.8,5829.0,2262.0,153.0,183.0,83.6,144.0,165.0,87.3,27.0,74.0,36.5,0,0.7,0.4,7.0,12.0,4.0,1.0,24.0,455.0,405.0,47.0,5.0,1.0,4.0,15.0,23.0,6.0,0.0,0.0,6.0,336.0,3.0,7.0,18.0,7.0,2.0,3.0,5.0,1.0,0.0,1.0,0.0,0.0,0.0,1.0,0.0,0.0,14.0,8.0,5.0,5.0,4.0,5.0,15.0,33.3,10.0,10.0,4.0,6.0,5.0,19,23.0,0.0,59.0,553.0,109.0,270.0,214.0,72.0,15.0,553.0,11.0,8.0,72.7,3.0,27.3,326.0,1491.0,796.0,12.0,6.0,3.0,14.0,24.0,332.0,22.0,3,0,0,11.0,6.0,3.0,15.0,5.0,8.0,0.0,0.0,0,49.0,8.0,8.0,50.0,16.0,5.0,31.3,0.0,0.0,20.0,3.0,0,0,1.0,1.0,0.06,-1.0,-1.0,4.0,3.0,75.0,0,1.6,0.6,0,0,0,0,8.0,23.0,34.8,30.0,2.0,73.3,45.7,1.0,100.0,62.0,9.0,0.0,0.0,2.0,22.2,191.0,312.0,61.2,4053.0,2046.0,70.0,97.0,72.2,80.0,112.0,71.4,37.0,82.0,45.1,0,0.4,0.6,6.0,32.0,9.0,2.0,30.0,312.0,262.0,49.0,11.0,0.0,2.0,29.0,27.0,8.0,0.0,0.0,6.0,191.0,1.0,12.0,28.0,19.0,2.0,2.0,1.0,3.0,1.0,0.0,0.0,0.0,0.0,0.0,0.0,0.0,27.0,20.0,7.0,15.0,5.0,3.0,11.0,27.3,8.0,9.0,3.0,6.0,18.0,45,12.0,0.0,41.0,424.0,38.0,114.0,162.0,151.0,27.0,424.0,15.0,10.0,66.7,5.0,33.3,186.0,1097.0,441.0,12.0,12.0,2.0,17.0,8.0,186.0,28.0,0,0,0,6.0,10.0,1.0,29.0,18.0,20.0,0.0,0.0,0,54.0,8.0,8.0,50.0
2023-05-06,18:15,Liga F,Matchweek 28,Sat,Home,L,2,5,Real Sociedad,Barcelona,0.4,2.6,39.0,,Nerea Eizaguirre,4-3-3,Xiomara Díaz García,5.0,1.0,20.0,0.2,1.0,16.9,0.0,0,0,0.4,0.4,0.08,0.6,0.6,12.0,7.0,58.3,0,4.3,-0.7,0,0,0,0,3.0,7.0,42.9,32.0,6.0,12.5,26.0,11.0,27.3,23.7,21.0,1.0,4.8,1.0,17.0,316.0,420.0,75.2,5664.0,2056.0,140.0,163.0,85.9,148.0,170.0,87.1,25.0,62.0,40.3,1,0.4,0.2,4.0,12.0,3.0,1.0,18.0,420.0,375.0,43.0,10.0,0.0,4.0,8.0,15.0,1.0,0.0,1.0,0.0,316.0,2.0,16.0,6.0,4.0,0.0,1.0,0.0,0.0,1.0,2.0,1.0,0.0,1.0,0.0,0.0,0.0,13.0,12.0,11.0,1.0,1.0,6.0,21.0,28.6,15.0,6.0,2.0,4.0,11.0,24,15.0,0.0,39.0,494.0,91.0,315.0,139.0,43.0,7.0,494.0,8.0,6.0,75.0,2.0,25.0,346.0,1240.0,557.0,12.0,3.0,1.0,11.0,13.0,314.0,17.0,0,0,0,1.0,9.0,2.0,8.0,11.0,12.0,0.0,0.0,0,48.0,6.0,4.0,60.0,19.0,12.0,63.2,0.26,0.42,15.0,0.0,0,0,2.6,2.6,0.14,2.4,2.4,1.0,0.0,-100.0,0,0.4,-0.6,0,0,0,0,0.0,3.0,0.0,18.0,4.0,16.7,28.3,5.0,0.0,8.4,7.0,1.0,14.3,3.0,18.0,577.0,665.0,86.8,8792.0,2804.0,333.0,355.0,93.8,204.0,228.0,89.5,31.0,60.0,51.7,5,2.3,3.3,17.0,60.0,15.0,5.0,62.0,665.0,634.0,29.0,3.0,2.0,1.0,29.0,11.0,7.0,4.0,0.0,0.0,577.0,2.0,7.0,35.0,27.0,1.0,6.0,1.0,0.0,0.0,10.0,7.0,0.0,3.0,0.0,0.0,0.0,15.0,9.0,4.0,8.0,3.0,2.0,8.0,25.0,6.0,16.0,0.0,16.0,18.0,33,4.0,1.0,61.0,757.0,47.0,171.0,276.0,316.0,43.0,757.0,21.0,15.0,71.4,6.0,28.6,471.0,2250.0,1241.0,25.0,18.0,12.0,12.0,7.0,575.0,61.0,1,0,0,9.0,1.0,2.0,29.0,18.0,9.0,0.0,0.0,1,62.0,4.0,6.0,40.0
2023-05-13,12:00,Liga F,Matchweek 29,Sat,Away,L,0,1,Real Sociedad,Levante Planas,1.3,0.5,62.0,,Nerea Eizaguirre,4-3-3,Alicia Espinosa Ríos,16.0,9.0,56.3,0.0,0.0,18.2,2.0,0,0,1.3,1.3,0.09,-1.3,-1.3,5.0,4.0,80.0,0,0.7,-0.3,0,0,0,0,4.0,4.0,100.0,22.0,3.0,9.1,20.4,5.0,40.0,46.0,9.0,0.0,0.0,4.0,17.2,425.0,534.0,79.6,8089.0,3321.0,158.0,191.0,82.7,208.0,233.0,89.3,50.0,85.0,58.8,0,1.0,1.1,11.0,30.0,11.0,0.0,49.0,534.0,468.0,61.0,13.0,2.0,3.0,9.0,36.0,5.0,0.0,0.0,5.0,425.0,5.0,6.0,24.0,14.0,5.0,0.0,2.0,3.0,0.0,0.0,0.0,0.0,0.0,0.0,0.0,0.0,14.0,10.0,7.0,5.0,2.0,8.0,15.0,53.3,7.0,5.0,0.0,5.0,6.0,20,10.0,0.0,62.0,636.0,48.0,216.0,282.0,139.0,30.0,636.0,12.0,6.0,50.0,6.0,50.0,372.0,1484.0,854.0,16.0,5.0,5.0,26.0,9.0,421.0,47.0,1,0,0,8.0,10.0,5.0,9.0,6.0,10.0,0.0,0.0,0,51.0,5.0,5.0,50.0,11.0,5.0,45.5,0.09,0.2,21.4,0.0,0,0,0.5,0.5,0.05,0.5,0.5,9.0,9.0,100.0,1,1.6,1.6,0,0,0,0,9.0,21.0,42.9,28.0,2.0,42.9,36.6,9.0,100.0,53.6,6.0,0.0,0.0,0.0,,208.0,324.0,64.2,4516.0,2380.0,83.0,111.0,74.8,82.0,115.0,71.3,42.0,87.0,48.3,1,0.4,0.4,7.0,15.0,3.0,1.0,18.0,324.0,267.0,54.0,13.0,0.0,0.0,12.0,26.0,5.0,4.0,0.0,1.0,208.0,3.0,5.0,15.0,5.0,6.0,0.0,2.0,2.0,0.0,2.0,0.0,1.0,0.0,0.0,1.0,0.0,15.0,11.0,6.0,9.0,0.0,6.0,12.0,50.0,6.0,7.0,2.0,5.0,14.0,29,15.0,0.0,38.0,418.0,64.0,187.0,160.0,76.0,12.0,418.0,15.0,7.0,46.7,8.0,53.3,167.0,953.0,444.0,9.0,5.0,2.0,18.0,6.0,208.0,18.0,2,0,0,11.0,8.0,3.0,12.0,14.0,11.0,0.0,0.0,0,60.0,5.0,5.0,50.0
2023-05-19,19:00,Liga F,Matchweek 30,Fri,Home,D,1,1,Real Sociedad,Real Madrid,1.1,0.7,49.0,,Nerea Eizaguirre,4-3-3,Patricia Luna Varo,10.0,3.0,30.0,0.1,0.33,14.2,0.0,0,0,1.1,1.1,0.11,-0.1,-0.1,4.0,3.0,75.0,0,1.1,0.1,0,0,0,0,5.0,12.0,41.7,29.0,3.0,24.1,26.7,10.0,50.0,29.4,12.0,1.0,8.3,3.0,18.8,407.0,506.0,80.4,7432.0,2785.0,179.0,197.0,90.9,183.0,215.0,85.1,43.0,77.0,55.8,1,1.0,0.9,9.0,40.0,6.0,0.0,38.0,506.0,457.0,45.0,10.0,2.0,2.0,17.0,15.0,8.0,2.0,5.0,0.0,407.0,4.0,10.0,19.0,15.0,2.0,1.0,1.0,0.0,0.0,2.0,2.0,0.0,0.0,0.0,0.0,0.0,20.0,17.0,11.0,5.0,4.0,6.0,19.0,31.6,13.0,20.0,2.0,18.0,13.0,33,17.0,0.0,49.0,603.0,70.0,231.0,245.0,132.0,14.0,603.0,8.0,6.0,75.0,2.0,25.0,309.0,1743.0,995.0,18.0,4.0,5.0,21.0,10.0,404.0,38.0,0,0,0,8.0,10.0,4.0,17.0,13.0,17.0,0.0,0.0,0,63.0,7.0,5.0,58.3,12.0,4.0,33.3,0.08,0.25,20.3,0.0,0,0,0.7,0.7,0.06,0.3,0.3,3.0,2.0,66.7,0,1.2,0.2,0,0,0,0,5.0,7.0,71.4,24.0,10.0,20.8,28.8,6.0,33.3,28.3,12.0,1.0,8.3,0.0,6.5,436.0,536.0,81.3,8655.0,3237.0,151.0,176.0,85.8,231.0,268.0,86.2,54.0,81.0,66.7,1,0.7,0.8,10.0,41.0,2.0,0.0,46.0,536.0,487.0,49.0,12.0,0.0,6.0,14.0,26.0,3.0,2.0,0.0,0.0,436.0,0.0,18.0,22.0,18.0,2.0,2.0,0.0,0.0,0.0,2.0,1.0,1.0,0.0,0.0,0.0,0.0,12.0,8.0,7.0,5.0,0.0,2.0,8.0,25.0,6.0,11.0,3.0,8.0,20.0,32,19.0,0.0,51.0,642.0,70.0,245.0,266.0,137.0,14.0,642.0,19.0,13.0,68.4,6.0,31.6,472.0,1939.0,794.0,19.0,15.0,9.0,16.0,14.0,432.0,46.0,1,0,0,10.0,8.0,0.0,14.0,20.0,8.0,0.0,0.0,0,59.0,5.0,7.0,41.7
2022-09-17,16:00,Liga F,Matchweek 2,Sat,Away,L,0,2,Valencia,Real Madrid,0.8,1.6,36.0,,Berta Pujadas,4-2-3-1,Marta Huerta de Aza,13.0,2.0,15.4,0.0,0.0,16.6,1.0,0,0,0.8,0.8,0.06,-0.8,-0.8,6.0,4.0,66.7,0,1.4,-0.6,0,0,0,0,5.0,14.0,35.7,45.0,9.0,24.4,32.1,11.0,27.3,27.6,12.0,2.0,16.7,3.0,16.3,213.0,311.0,68.5,4637.0,2195.0,49.0,71.0,69.0,128.0,163.0,78.5,35.0,69.0,50.7,0,0.4,0.3,8.0,13.0,4.0,2.0,27.0,311.0,257.0,50.0,13.0,0.0,1.0,9.0,19.0,4.0,1.0,3.0,0.0,213.0,4.0,7.0,17.0,12.0,2.0,1.0,1.0,1.0,0.0,0.0,0.0,0.0,0.0,0.0,0.0,0.0,13.0,11.0,8.0,4.0,1.0,9.0,23.0,39.1,14.0,16.0,3.0,13.0,3.0,16,12.0,0.0,36.0,389.0,70.0,198.0,120.0,74.0,16.0,389.0,7.0,7.0,100.0,0.0,0.0,212.0,1077.0,530.0,13.0,6.0,5.0,17.0,15.0,209.0,27.0,0,0,0,5.0,6.0,4.0,9.0,3.0,11.0,0.0,0.0,0,48.0,3.0,6.0,33.3,14.0,6.0,42.9,0.14,0.33,18.6,0.0,0,0,1.6,1.6,0.12,0.4,0.4,2.0,2.0,100.0,1,0.1,0.1,0,0,0,0,4.0,7.0,57.1,27.0,8.0,14.8,26.9,8.0,37.5,32.3,7.0,0.0,0.0,2.0,16.4,454.0,552.0,82.2,8373.0,3162.0,193.0,206.0,93.7,205.0,233.0,88.0,49.0,79.0,62.0,1,1.5,1.0,10.0,49.0,7.0,3.0,42.0,552.0,493.0,51.0,9.0,1.0,2.0,18.0,31.0,2.0,2.0,0.0,0.0,454.0,8.0,16.0,23.0,20.0,0.0,1.0,1.0,0.0,1.0,3.0,1.0,0.0,1.0,1.0,0.0,0.0,15.0,11.0,4.0,5.0,6.0,0.0,7.0,0.0,7.0,12.0,6.0,6.0,13.0,28,10.0,0.0,64.0,652.0,58.0,183.0,326.0,147.0,16.0,652.0,23.0,14.0,60.9,9.0,39.1,340.0,2125.0,1092.0,24.0,13.0,7.0,17.0,4.0,449.0,41.0,0,0,0,6.0,5.0,8.0,18.0,13.0,11.0,0.0,0.0,0,62.0,6.0,3.0,66.7
2022-09-24,16:00,Liga F,Matchweek 3,Sat,Home,W,2,0,Valencia,Sevilla,2.8,1.3,44.0,,Berta Pujadas,4-2-3-1,Paola Cebollada López,19.0,6.0,31.6,0.05,0.17,16.7,0.0,1,1,2.8,2.0,0.11,-0.8,-1.0,4.0,4.0,100.0,1,2.6,2.6,0,0,0,0,3.0,7.0,42.9,29.0,6.0,17.2,28.4,8.0,25.0,24.4,14.0,3.0,21.4,1.0,11.0,184.0,299.0,61.5,3350.0,1809.0,74.0,109.0,67.9,67.0,87.0,77.0,28.0,59.0,47.5,1,1.1,0.6,13.0,14.0,6.0,0.0,20.0,299.0,231.0,65.0,16.0,0.0,2.0,14.0,32.0,8.0,3.0,5.0,0.0,184.0,3.0,12.0,29.0,14.0,8.0,1.0,2.0,4.0,0.0,4.0,2.0,0.0,1.0,0.0,1.0,0.0,17.0,10.0,8.0,7.0,2.0,8.0,9.0,88.9,1.0,10.0,1.0,9.0,11.0,28,12.0,0.0,44.0,431.0,59.0,169.0,149.0,120.0,39.0,430.0,15.0,4.0,26.7,11.0,73.3,193.0,1276.0,699.0,15.0,8.0,7.0,17.0,8.0,178.0,20.0,2,0,0,12.0,10.0,3.0,14.0,11.0,10.0,1.0,0.0,0,51.0,4.0,7.0,36.4,11.0,4.0,36.4,0.0,0.0,18.9,0.0,0,0,1.3,1.3,0.12,-1.3,-1.3,7.0,5.0,85.7,0,1.7,-0.3,1,1,0,0,5.0,11.0,45.5,22.0,4.0,40.9,36.3,6.0,33.3,32.5,12.0,1.0,8.3,1.0,11.0,268.0,379.0,70.7,5397.0,2682.0,111.0,143.0,77.6,111.0,137.0,81.0,44.0,76.0,57.9,0,1.2,1.6,7.0,27.0,10.0,4.0,39.0,379.0,312.0,62.0,14.0,0.0,1.0,18.0,31.0,8.0,5.0,1.0,0.0,268.0,5.0,8.0,17.0,16.0,0.0,0.0,0.0,1.0,0.0,0.0,0.0,0.0,0.0,0.0,0.0,0.0,19.0,11.0,7.0,9.0,3.0,11.0,15.0,73.3,4.0,21.0,9.0,12.0,6.0,25,29.0,0.0,56.0,514.0,69.0,174.0,192.0,153.0,19.0,514.0,9.0,1.0,11.1,8.0,88.9,250.0,1349.0,730.0,18.0,6.0,3.0,22.0,9.0,264.0,39.0,2,0,0,12.0,12.0,5.0,18.0,6.0,11.0,0.0,1.0,0,57.0,7.0,4.0,63.6
2022-10-01,16:00,Liga F,Matchweek 4,Sat,Away,D,0,0,Valencia,Sporting Huelva,0.5,0.3,64.0,,Berta Pujadas,4-4-2,Raquel Suárez González,14.0,4.0,28.6,0.0,0.0,24.4,1.0,0,0,0.5,0.5,0.04,-0.5,-0.5,4.0,4.0,100.0,1,0.4,0.4,0,0,0,0,3.0,8.0,37.5,48.0,6.0,16.7,25.4,8.0,0.0,17.5,9.0,1.0,11.1,0.0,8.0,314.0,452.0,69.5,5821.0,2309.0,114.0,144.0,79.2,154.0,195.0,79.0,34.0,80.0,42.5,0,0.4,0.5,11.0,23.0,7.0,0.0,36.0,452.0,379.0,72.0,21.0,0.0,3.0,12.0,39.0,3.0,0.0,3.0,0.0,314.0,1.0,6.0,25.0,19.0,2.0,3.0,0.0,1.0,0.0,0.0,0.0,0.0,0.0,0.0,0.0,0.0,10.0,5.0,5.0,2.0,3.0,0.0,1.0,0.0,1.0,9.0,2.0,7.0,5.0,15,7.0,0.0,64.0,538.0,56.0,200.0,214.0,129.0,24.0,538.0,16.0,9.0,56.3,7.0,43.8,264.0,1406.0,889.0,16.0,7.0,5.0,25.0,15.0,313.0,35.0,2,0,0,12.0,18.0,1.0,12.0,5.0,5.0,0.0,0.0,0,46.0,8.0,9.0,47.1,10.0,4.0,40.0,0.0,0.0,28.4,0.0,0,0,0.3,0.3,0.03,-0.3,-0.3,4.0,4.0,100.0,1,1.6,1.6,0,0,0,0,9.0,21.0,42.9,15.0,0.0,93.3,54.1,11.0,63.6,42.3,9.0,0.0,0.0,0.0,4.0,130.0,259.0,50.2,3042.0,1783.0,41.0,73.0,56.2,55.0,95.0,57.9,34.0,84.0,40.5,0,0.2,0.2,7.0,14.0,2.0,1.0,21.0,259.0,207.0,49.0,13.0,0.0,3.0,14.0,22.0,2.0,1.0,1.0,0.0,130.0,3.0,9.0,14.0,10.0,1.0,0.0,1.0,1.0,1.0,0.0,0.0,0.0,0.0,0.0,0.0,0.0,22.0,13.0,10.0,10.0,2.0,7.0,16.0,43.8,9.0,12.0,8.0,4.0,8.0,30,30.0,0.0,36.0,358.0,52.0,176.0,125.0,59.0,8.0,358.0,1.0,1.0,100.0,0.0,0.0,111.0,733.0,235.0,5.0,9.0,5.0,13.0,10.0,128.0,21.0,2,0,0,19.0,12.0,2.0,14.0,8.0,13.0,0.0,0.0,0,51.0,9.0,8.0,52.9
2022-10-16,16:00,Liga F,Matchweek 5,Sun,Away,W,1,0,Valencia,Alhama,0.9,0.9,52.0,,Marta Carro,4-3-3,Xiomara Díaz García,17.0,7.0,41.2,0.06,0.14,21.2,2.0,0,0,0.9,0.9,0.06,0.1,0.1,2.0,2.0,100.0,1,0.2,0.2,0,0,0,0,5.0,16.0,31.3,23.0,6.0,39.1,32.7,14.0,50.0,34.7,15.0,1.0,6.7,0.0,12.7,216.0,362.0,59.7,4057.0,2307.0,75.0,108.0,69.4,95.0,139.0,68.3,30.0,76.0,39.5,1,0.4,0.4,10.0,16.0,1.0,0.0,24.0,362.0,279.0,80.0,20.0,0.0,2.0,8.0,39.0,6.0,1.0,5.0,0.0,216.0,3.0,8.0,25.0,9.0,4.0,4.0,5.0,2.0,1.0,2.0,2.0,0.0,0.0,0.0,0.0,0.0,18.0,12.0,7.0,8.0,3.0,6.0,9.0,66.7,3.0,6.0,0.0,6.0,12.0,30,13.0,0.0,52.0,464.0,59.0,166.0,207.0,101.0,20.0,464.0,23.0,12.0,52.2,11.0,47.8,208.0,1354.0,762.0,13.0,7.0,3.0,15.0,20.0,214.0,24.0,1,0,0,6.0,18.0,3.0,8.0,12.0,12.0,0.0,0.0,0,47.0,12.0,21.0,36.4,11.0,2.0,18.2,0.0,0.0,18.4,1.0,0,0,0.9,0.9,0.09,-0.9,-0.9,7.0,6.0,85.7,0,0.8,-0.2,0,0,0,0,7.0,27.0,25.9,24.0,0.0,91.7,51.6,8.0,62.5,45.8,7.0,0.0,0.0,0.0,5.5,168.0,328.0,51.2,4010.0,2026.0,40.0,69.0,58.0,85.0,131.0,64.9,41.0,111.0,36.9,0,0.7,0.6,7.0,18.0,8.0,3.0,26.0,328.0,269.0,56.0,8.0,0.0,0.0,18.0,36.0,2.0,0.0,2.0,0.0,168.0,3.0,7.0,14.0,12.0,1.0,0.0,0.0,1.0,0.0,0.0,0.0,0.0,0.0,0.0,0.0,0.0,31.0,13.0,10.0,18.0,3.0,11.0,23.0,47.8,12.0,11.0,3.0,8.0,20.0,51,18.0,1.0,48.0,442.0,59.0,171.0,184.0,93.0,14.0,442.0,9.0,3.0,33.3,6.0,66.7,183.0,932.0,394.0,10.0,7.0,3.0,4.0,12.0,167.0,26.0,3,0,0,19.0,6.0,3.0,18.0,20.0,13.0,0.0,0.0,0,54.0,21.0,12.0,63.6
2022-10-23,16:00,Liga F,Matchweek 6,Sun,Home,D,1,1,Valencia,Levante Planas,1.5,0.6,54.0,,Marta Carro,4-3-3,Elia María Martínez Martínez,12.0,8.0,66.7,0.08,0.13,23.1,1.0,0,1,1.5,0.7,0.06,-0.5,0.3,3.0,2.0,66.7,0,0.7,-0.3,0,0,0,0,0.0,3.0,0.0,25.0,5.0,12.0,29.0,5.0,0.0,16.8,5.0,1.0,20.0,1.0,14.4,344.0,465.0,74.0,6455.0,2893.0,143.0,180.0,79.4,145.0,178.0,81.5,50.0,83.0,60.2,1,0.7,0.8,10.0,39.0,13.0,6.0,44.0,465.0,412.0,48.0,11.0,1.0,1.0,25.0,25.0,5.0,0.0,5.0,0.0,344.0,5.0,12.0,22.0,16.0,2.0,0.0,0.0,3.0,1.0,2.0,2.0,0.0,0.0,0.0,0.0,0.0,18.0,13.0,7.0,10.0,1.0,14.0,21.0,66.7,7.0,19.0,3.0,16.0,18.0,36,8.0,0.0,54.0,591.0,43.0,163.0,269.0,167.0,32.0,590.0,26.0,11.0,42.3,15.0,57.7,305.0,1643.0,730.0,17.0,6.0,7.0,29.0,11.0,342.0,44.0,1,0,0,13.0,8.0,5.0,25.0,18.0,13.0,1.0,0.0,0,82.0,10.0,8.0,55.6,9.0,3.0,33.3,0.11,0.33,23.6,0.0,0,0,0.6,0.6,0.06,0.4,0.4,9.0,7.0,88.9,0,3.4,2.4,1,0,1,0,10.0,19.0,52.6,42.0,3.0,35.7,34.2,13.0,30.8,26.4,24.0,0.0,0.0,0.0,4.0,260.0,394.0,66.0,5054.0,2407.0,109.0,150.0,72.7,114.0,141.0,80.9,36.0,84.0,42.9,1,0.4,0.4,6.0,14.0,7.0,3.0,19.0,394.0,334.0,55.0,18.0,0.0,2.0,5.0,22.0,0.0,0.0,0.0,0.0,260.0,5.0,15.0,15.0,10.0,1.0,0.0,0.0,3.0,1.0,1.0,1.0,0.0,0.0,0.0,0.0,0.0,26.0,17.0,11.0,13.0,2.0,15.0,26.0,57.7,11.0,13.0,0.0,13.0,13.0,39,21.0,0.0,46.0,524.0,100.0,248.0,213.0,69.0,11.0,524.0,21.0,7.0,33.3,14.0,66.7,199.0,1235.0,545.0,4.0,8.0,1.0,12.0,4.0,256.0,19.0,2,0,0,8.0,12.0,5.0,5.0,13.0,17.0,0.0,1.0,0,66.0,8.0,10.0,44.4
2022-10-30,16:00,Liga F,Matchweek 7,Sun,Away,D,1,1,Valencia,Villarreal,1.0,0.8,53.0,,Marta Carro,4-3-3,María Gloria Planes Terol,9.0,4.0,44.4,0.11,0.25,13.8,0.0,0,0,1.0,1.0,0.11,0.0,0.0,4.0,3.0,75.0,0,0.9,-0.1,0,0,0,0,4.0,7.0,57.1,23.0,4.0,17.4,29.3,11.0,27.3,25.5,17.0,0.0,0.0,5.0,27.2,258.0,389.0,66.3,4843.0,2349.0,113.0,149.0,75.8,95.0,127.0,74.8,40.0,85.0,47.1,0,0.7,0.8,6.0,13.0,1.0,1.0,25.0,389.0,318.0,71.0,19.0,1.0,3.0,13.0,35.0,4.0,0.0,4.0,0.0,258.0,0.0,14.0,14.0,7.0,2.0,2.0,2.0,0.0,1.0,0.0,0.0,0.0,0.0,0.0,0.0,0.0,18.0,16.0,9.0,7.0,2.0,2.0,5.0,40.0,3.0,13.0,4.0,9.0,8.0,26,12.0,0.0,53.0,516.0,58.0,198.0,196.0,128.0,21.0,516.0,27.0,16.0,59.3,11.0,40.7,183.0,1033.0,579.0,20.0,7.0,10.0,34.0,30.0,256.0,24.0,1,0,0,7.0,16.0,0.0,13.0,8.0,16.0,0.0,0.0,0,63.0,12.0,7.0,63.2,13.0,4.0,30.8,0.08,0.25,23.3,1.0,0,0,0.8,0.8,0.06,0.2,0.2,4.0,3.0,75.0,0,1.4,0.4,0,0,0,0,2.0,13.0,15.4,20.0,3.0,40.0,34.6,7.0,71.4,41.7,11.0,0.0,0.0,2.0,16.0,200.0,349.0,57.3,3733.0,1893.0,77.0,116.0,66.4,94.0,129.0,72.9,22.0,82.0,26.8,1,0.6,0.5,8.0,27.0,5.0,1.0,32.0,349.0,296.0,50.0,6.0,1.0,1.0,19.0,28.0,7.0,2.0,3.0,0.0,200.0,3.0,9.0,21.0,13.0,3.0,0.0,1.0,2.0,2.0,2.0,1.0,0.0,0.0,0.0,0.0,1.0,41.0,23.0,13.0,22.0,6.0,11.0,27.0,40.7,16.0,15.0,2.0,13.0,15.0,56,12.0,0.0,47.0,466.0,42.0,158.0,194.0,117.0,13.0,466.0,5.0,3.0,60.0,2.0,40.0,130.0,830.0,404.0,11.0,4.0,4.0,8.0,16.0,198.0,31.0,3,0,0,16.0,7.0,3.0,19.0,15.0,23.0,0.0,0.0,0,63.0,7.0,12.0,36.8
2022-11-02,21:00,Liga F,Matchweek 1,Wed,Home,W,3,0,Valencia,Real Betis,2.2,0.3,54.0,,Marta Carro,4-3-3,Beatriz Cuesta Arribas,18.0,8.0,44.4,0.17,0.38,18.3,2.0,0,0,2.2,2.2,0.13,0.8,0.8,4.0,4.0,100.0,1,0.4,0.4,0,0,0,0,0.0,3.0,0.0,33.0,2.0,9.1,26.5,11.0,0.0,21.3,11.0,0.0,0.0,0.0,4.5,317.0,443.0,71.6,5603.0,2511.0,129.0,163.0,79.1,141.0,176.0,80.1,33.0,69.0,47.8,0,1.6,0.7,10.0,23.0,2.0,1.0,23.0,443.0,386.0,54.0,15.0,0.0,1.0,11.0,23.0,4.0,1.0,2.0,0.0,317.0,3.0,9.0,26.0,14.0,4.0,2.0,4.0,2.0,0.0,2.0,0.0,0.0,0.0,2.0,0.0,0.0,27.0,19.0,11.0,13.0,3.0,21.0,29.0,72.4,8.0,5.0,1.0,4.0,12.0,39,14.0,0.0,54.0,564.0,62.0,223.0,243.0,104.0,18.0,564.0,17.0,4.0,23.5,13.0,76.5,276.0,1127.0,602.0,9.0,6.0,7.0,14.0,10.0,313.0,22.0,1,0,0,8.0,16.0,3.0,11.0,12.0,19.0,0.0,0.0,0,70.0,7.0,4.0,63.6,10.0,4.0,40.0,0.0,0.0,26.1,1.0,0,0,0.3,0.3,0.03,-0.3,-0.3,8.0,5.0,62.5,0,1.9,-1.1,0,0,0,0,6.0,19.0,31.6,36.0,4.0,36.1,34.8,9.0,66.7,41.1,7.0,0.0,0.0,5.0,31.4,259.0,385.0,67.3,5270.0,2201.0,88.0,112.0,78.6,131.0,175.0,74.9,37.0,73.0,50.7,0,0.2,0.2,7.0,21.0,3.0,1.0,34.0,385.0,331.0,53.0,10.0,0.0,0.0,15.0,26.0,4.0,2.0,1.0,0.0,259.0,1.0,8.0,17.0,13.0,1.0,1.0,0.0,1.0,1.0,0.0,0.0,0.0,0.0,0.0,0.0,0.0,23.0,19.0,10.0,10.0,3.0,13.0,17.0,76.5,4.0,13.0,6.0,7.0,13.0,36,11.0,0.0,46.0,503.0,50.0,177.0,219.0,117.0,9.0,503.0,29.0,8.0,27.6,21.0,72.4,217.0,1226.0,520.0,11.0,7.0,1.0,23.0,6.0,255.0,33.0,2,1,0,16.0,8.0,1.0,15.0,13.0,19.0,0.0,0.0,0,68.0,4.0,7.0,36.4
2022-11-05,12:00,Liga F,Matchweek 8,Sat,Home,L,1,2,Valencia,Athletic Club,2.0,0.7,54.0,,Marta Carro,4-3-3,Zulema González González,21.0,6.0,28.6,0.05,0.17,17.0,1.0,0,0,2.0,2.0,0.1,-1.0,-1.0,5.0,3.0,60.0,0,1.6,-0.4,0,0,0,0,1.0,5.0,20.0,30.0,4.0,6.7,25.6,8.0,37.5,28.6,12.0,1.0,8.3,1.0,13.2,324.0,445.0,72.8,5477.0,2285.0,143.0,170.0,84.1,139.0,178.0,78.1,26.0,57.0,45.6,0,1.8,1.7,14.0,26.0,4.0,1.0,37.0,445.0,376.0,68.0,14.0,0.0,2.0,20.0,36.0,7.0,0.0,3.0,3.0,324.0,1.0,13.0,37.0,20.0,7.0,1.0,5.0,3.0,1.0,2.0,2.0,0.0,0.0,0.0,0.0,0.0,15.0,9.0,10.0,2.0,3.0,6.0,8.0,75.0,2.0,7.0,1.0,6.0,8.0,23,12.0,0.0,54.0,546.0,54.0,192.0,221.0,140.0,30.0,546.0,12.0,7.0,58.3,5.0,41.7,239.0,1504.0,944.0,14.0,10.0,4.0,19.0,13.0,321.0,37.0,2,0,0,7.0,12.0,1.0,20.0,8.0,9.0,0.0,0.0,0,60.0,6.0,8.0,42.9,11.0,5.0,45.5,0.18,0.4,19.8,0.0,0,0,0.7,0.7,0.07,1.3,1.3,6.0,5.0,83.3,0,2.2,1.2,0,0,0,0,7.0,19.0,36.8,21.0,3.0,57.1,38.0,12.0,58.3,41.2,14.0,1.0,7.1,1.0,15.0,267.0,376.0,71.0,5275.0,2118.0,96.0,116.0,82.8,126.0,155.0,81.3,39.0,85.0,45.9,2,0.6,0.4,9.0,22.0,6.0,1.0,24.0,376.0,328.0,46.0,10.0,0.0,4.0,15.0,19.0,3.0,2.0,0.0,0.0,267.0,2.0,7.0,21.0,15.0,3.0,0.0,1.0,1.0,1.0,4.0,4.0,0.0,0.0,0.0,0.0,0.0,18.0,14.0,7.0,6.0,5.0,5.0,12.0,41.7,7.0,16.0,5.0,11.0,8.0,26,28.0,0.0,46.0,484.0,70.0,196.0,193.0,100.0,11.0,484.0,8.0,2.0,25.0,6.0,75.0,268.0,1272.0,608.0,11.0,8.0,4.0,18.0,9.0,266.0,23.0,1,0,0,13.0,6.0,1.0,15.0,8.0,14.0,0.0,0.0,0,61.0,8.0,6.0,57.1
2022-11-19,18:15,Liga F,Matchweek 9,Sat,Home,W,4,2,Valencia,Levante,1.2,2.4,39.0,,Marta Carro,4-4-2,María Eugenia Gil Soriano,9.0,5.0,55.6,0.44,0.8,16.8,0.0,0,0,1.2,1.2,0.14,2.8,2.8,6.0,4.0,66.7,0,2.3,0.3,0,0,0,0,7.0,13.0,53.8,26.0,2.0,34.6,37.2,11.0,36.4,26.5,11.0,2.0,18.2,2.0,15.0,214.0,337.0,63.5,3922.0,2020.0,94.0,119.0,79.0,77.0,119.0,64.7,36.0,65.0,55.4,4,1.2,0.5,9.0,24.0,6.0,0.0,28.0,337.0,279.0,57.0,17.0,2.0,2.0,14.0,23.0,3.0,1.0,1.0,1.0,214.0,1.0,17.0,16.0,12.0,2.0,1.0,0.0,1.0,0.0,7.0,7.0,0.0,0.0,0.0,0.0,0.0,35.0,22.0,20.0,12.0,3.0,8.0,15.0,53.3,7.0,14.0,2.0,12.0,13.0,48,20.0,0.0,39.0,476.0,68.0,179.0,178.0,123.0,13.0,476.0,16.0,5.0,31.3,11.0,68.8,168.0,1179.0,631.0,18.0,3.0,3.0,15.0,23.0,210.0,26.0,2,0,0,12.0,14.0,1.0,14.0,13.0,22.0,0.0,0.0,0,68.0,7.0,12.0,36.8,16.0,6.0,37.5,0.13,0.33,15.9,0.0,0,0,2.4,2.4,0.16,-0.4,-0.4,5.0,1.0,20.0,0,1.7,-2.3,0,0,0,0,3.0,7.0,42.9,30.0,6.0,20.0,26.9,6.0,16.7,26.5,11.0,1.0,9.1,0.0,6.7,421.0,526.0,80.0,7737.0,2898.0,157.0,188.0,83.5,210.0,233.0,90.1,40.0,69.0,58.0,1,2.0,1.7,12.0,35.0,8.0,2.0,55.0,526.0,470.0,53.0,13.0,1.0,3.0,12.0,28.0,1.0,1.0,0.0,0.0,421.0,3.0,12.0,26.0,19.0,3.0,0.0,2.0,2.0,0.0,3.0,2.0,0.0,0.0,1.0,0.0,0.0,34.0,24.0,9.0,19.0,6.0,11.0,16.0,68.8,5.0,18.0,2.0,16.0,6.0,40,15.0,2.0,61.0,663.0,63.0,222.0,282.0,168.0,26.0,663.0,15.0,8.0,53.3,8.0,53.3,342.0,2171.0,969.0,16.0,11.0,8.0,17.0,28.0,417.0,53.0,2,0,0,14.0,12.0,3.0,12.0,6.0,24.0,0.0,0.0,0,71.0,12.0,7.0,63.2
2022-11-27,11:00,Liga F,Matchweek 10,Sun,Away,L,0,1,Valencia,UDG Tenerife,0.9,1.6,51.0,,Marta Carro,4-3-3,Arantza Gallastegui Pérez,2.0,1.0,50.0,0.0,0.0,34.6,1.0,0,1,0.9,0.1,0.05,-0.9,-0.1,7.0,6.0,85.7,0,1.6,0.6,0,0,0,0,2.0,7.0,28.6,23.0,10.0,21.7,33.0,12.0,16.7,26.8,16.0,1.0,6.3,0.0,4.0,241.0,390.0,61.8,4797.0,2438.0,97.0,117.0,82.9,99.0,148.0,66.9,43.0,101.0,42.6,0,0.0,0.1,0.0,23.0,3.0,0.0,25.0,390.0,315.0,72.0,10.0,0.0,1.0,8.0,46.0,2.0,2.0,0.0,0.0,241.0,3.0,14.0,3.0,2.0,0.0,0.0,0.0,1.0,0.0,0.0,0.0,0.0,0.0,0.0,0.0,0.0,18.0,10.0,4.0,11.0,3.0,7.0,15.0,46.7,8.0,9.0,3.0,6.0,15.0,33,22.0,0.0,51.0,530.0,79.0,241.0,215.0,79.0,7.0,529.0,19.0,5.0,26.3,14.0,73.7,136.0,633.0,250.0,5.0,3.0,1.0,27.0,7.0,238.0,25.0,2,0,0,12.0,6.0,3.0,8.0,15.0,10.0,1.0,0.0,0,63.0,14.0,16.0,46.7,19.0,7.0,36.8,0.05,0.14,18.8,2.0,0,0,1.6,1.6,0.09,-0.6,-0.6,2.0,1.0,100.0,1,1.2,1.2,1,0,1,0,6.0,24.0,25.0,23.0,3.0,78.3,51.5,7.0,85.7,63.4,7.0,0.0,0.0,1.0,16.0,220.0,380.0,57.9,4565.0,2162.0,73.0,105.0,69.5,112.0,156.0,71.8,34.0,91.0,37.4,0,1.1,1.0,11.0,23.0,9.0,4.0,38.0,380.0,310.0,64.0,13.0,0.0,1.0,23.0,35.0,8.0,5.0,0.0,0.0,220.0,6.0,7.0,29.0,18.0,5.0,2.0,1.0,3.0,0.0,1.0,0.0,0.0,0.0,1.0,0.0,0.0,21.0,13.0,6.0,11.0,4.0,14.0,19.0,73.7,5.0,14.0,0.0,14.0,15.0,36,16.0,0.0,49.0,514.0,52.0,161.0,200.0,159.0,28.0,514.0,15.0,8.0,53.3,7.0,46.7,177.0,1047.0,424.0,13.0,4.0,6.0,15.0,11.0,219.0,38.0,4,0,0,8.0,12.0,6.0,23.0,15.0,13.0,0.0,1.0,0,77.0,16.0,14.0,53.3
2022-12-04,12:00,Liga F,Matchweek 11,Sun,Home,L,0,1,Valencia,Atlético Madrid,0.4,1.7,42.0,,Marta Carro,4-1-4-1,Marta Huerta de Aza,10.0,2.0,20.0,0.0,0.0,23.7,1.0,0,0,0.4,0.4,0.04,-0.4,-0.4,8.0,7.0,87.5,0,1.3,0.3,0,0,0,0,4.0,9.0,44.4,34.0,4.0,23.5,28.4,6.0,16.7,16.8,21.0,6.0,28.6,0.0,7.1,239.0,348.0,68.7,4028.0,2060.0,108.0,128.0,84.4,93.0,122.0,76.2,24.0,56.0,42.9,0,0.3,0.4,8.0,20.0,6.0,1.0,26.0,348.0,291.0,57.0,11.0,0.0,1.0,12.0,35.0,3.0,0.0,3.0,0.0,239.0,0.0,12.0,15.0,12.0,2.0,0.0,0.0,1.0,0.0,0.0,0.0,0.0,0.0,0.0,0.0,0.0,19.0,12.0,9.0,8.0,2.0,7.0,18.0,38.9,11.0,22.0,11.0,11.0,12.0,31,19.0,0.0,42.0,491.0,91.0,209.0,173.0,117.0,12.0,491.0,14.0,3.0,21.4,11.0,78.6,255.0,1067.0,524.0,9.0,14.0,3.0,27.0,15.0,234.0,25.0,3,0,0,12.0,11.0,0.0,12.0,12.0,12.0,0.0,0.0,0,60.0,11.0,8.0,57.9,24.0,8.0,33.3,0.04,0.13,18.6,1.0,0,0,1.7,1.7,0.07,-0.7,-0.7,2.0,2.0,100.0,1,0.1,0.1,0,0,0,0,5.0,7.0,71.4,31.0,7.0,19.4,27.5,7.0,14.3,26.9,7.0,2.0,28.6,1.0,15.0,358.0,472.0,75.8,6627.0,2694.0,158.0,191.0,82.7,157.0,187.0,84.0,41.0,75.0,54.7,1,1.1,0.7,15.0,33.0,9.0,4.0,40.0,472.0,417.0,54.0,11.0,0.0,0.0,26.0,28.0,7.0,2.0,1.0,2.0,358.0,1.0,11.0,41.0,31.0,3.0,2.0,2.0,1.0,2.0,2.0,2.0,0.0,0.0,0.0,0.0,0.0,26.0,13.0,13.0,9.0,4.0,11.0,14.0,78.6,3.0,15.0,3.0,12.0,10.0,36,11.0,0.0,58.0,602.0,52.0,225.0,218.0,167.0,39.0,602.0,18.0,11.0,61.1,7.0,38.9,362.0,2263.0,1155.0,29.0,10.0,16.0,16.0,12.0,353.0,40.0,1,0,0,12.0,12.0,1.0,26.0,10.0,13.0,0.0,0.0,0,59.0,8.0,11.0,42.1
2022-12-10,12:00,Liga F,Matchweek 12,Sat,Away,L,1,3,Valencia,Madrid CFF,1.4,0.9,55.0,,Marta Carro,4-3-3,Olatz Rivera Olmedo,9.0,3.0,33.3,0.11,0.33,20.1,0.0,0,1,1.4,0.6,0.07,-0.4,0.4,8.0,6.0,62.5,0,2.1,0.1,0,0,0,0,2.0,3.0,66.7,38.0,7.0,5.3,23.6,11.0,9.1,23.2,21.0,2.0,9.5,5.0,23.7,329.0,441.0,74.6,5083.0,2022.0,163.0,194.0,84.0,123.0,149.0,82.6,23.0,47.0,48.9,1,0.2,0.5,5.0,17.0,4.0,0.0,19.0,441.0,380.0,58.0,24.0,0.0,0.0,8.0,20.0,0.0,0.0,0.0,0.0,329.0,3.0,13.0,15.0,7.0,4.0,0.0,1.0,3.0,0.0,2.0,2.0,0.0,0.0,0.0,0.0,0.0,17.0,11.0,12.0,4.0,1.0,11.0,18.0,61.1,7.0,11.0,6.0,5.0,16.0,33,19.0,0.0,55.0,567.0,71.0,271.0,215.0,89.0,15.0,566.0,14.0,5.0,35.7,9.0,64.3,287.0,1531.0,807.0,11.0,4.0,1.0,20.0,8.0,325.0,19.0,2,0,0,13.0,22.0,3.0,8.0,16.0,11.0,0.0,0.0,1,68.0,7.0,8.0,46.7,22.0,8.0,36.4,0.09,0.25,20.2,1.0,0,0,0.9,0.9,0.04,1.1,1.1,3.0,2.0,66.7,0,1.0,0.0,1,0,0,1,1.0,2.0,50.0,7.0,3.0,28.6,26.1,5.0,20.0,26.2,7.0,0.0,0.0,2.0,15.3,254.0,366.0,69.4,4966.0,2081.0,105.0,131.0,80.2,103.0,129.0,79.8,40.0,81.0,49.4,2,0.7,1.0,14.0,34.0,6.0,3.0,34.0,366.0,305.0,60.0,15.0,0.0,2.0,24.0,34.0,4.0,1.0,3.0,0.0,254.0,1.0,4.0,34.0,20.0,6.0,1.0,1.0,4.0,2.0,4.0,1.0,2.0,0.0,0.0,1.0,0.0,17.0,9.0,6.0,9.0,2.0,9.0,14.0,64.3,5.0,14.0,1.0,13.0,13.0,30,13.0,1.0,45.0,488.0,37.0,125.0,187.0,183.0,24.0,488.0,18.0,7.0,38.9,11.0,61.1,190.0,1032.0,472.0,15.0,10.0,5.0,19.0,6.0,254.0,34.0,4,0,0,25.0,10.0,1.0,24.0,13.0,9.0,0.0,1.0,0,68.0,8.0,7.0,53.3
2023-01-07,12:00,Liga F,Matchweek 14,Sat,Away,L,1,4,Valencia,Alavés,1.0,2.5,53.0,,Marta Carro,4-3-3,Paola Cebollada López,17.0,5.0,29.4,0.06,0.2,17.1,1.0,0,0,1.0,1.0,0.06,0.0,0.0,8.0,4.0,50.0,0,3.9,-0.1,0,0,0,0,6.0,12.0,50.0,31.0,5.0,35.5,31.6,5.0,20.0,21.6,11.0,0.0,0.0,0.0,3.0,337.0,453.0,74.4,5428.0,2417.0,163.0,195.0,83.6,129.0,159.0,81.1,30.0,64.0,46.9,1,0.6,0.9,12.0,25.0,4.0,1.0,51.0,453.0,395.0,54.0,18.0,0.0,0.0,23.0,23.0,3.0,0.0,1.0,2.0,337.0,4.0,10.0,29.0,23.0,2.0,1.0,2.0,1.0,0.0,2.0,2.0,0.0,0.0,0.0,0.0,0.0,17.0,12.0,9.0,5.0,3.0,9.0,14.0,64.3,5.0,9.0,3.0,6.0,2.0,19,11.0,1.0,53.0,549.0,59.0,172.0,224.0,159.0,26.0,549.0,16.0,7.0,43.8,9.0,56.3,344.0,2160.0,1050.0,23.0,18.0,7.0,20.0,8.0,335.0,51.0,3,0,0,12.0,19.0,4.0,23.0,2.0,12.0,0.0,0.0,0,61.0,12.0,10.0,54.5,18.0,8.0,44.4,0.22,0.5,18.7,1.0,0,0,2.5,2.5,0.14,1.5,1.5,5.0,4.0,80.0,0,0.7,-0.3,0,0,0,0,12.0,26.0,46.2,34.0,5.0,55.9,36.6,12.0,58.3,34.9,15.0,0.0,0.0,0.0,,289.0,395.0,73.2,5744.0,2724.0,97.0,116.0,83.6,133.0,158.0,84.2,47.0,98.0,48.0,2,1.7,1.4,13.0,22.0,5.0,3.0,24.0,395.0,350.0,44.0,15.0,1.0,0.0,16.0,12.0,3.0,1.0,1.0,0.0,289.0,1.0,7.0,32.0,24.0,1.0,2.0,2.0,2.0,1.0,8.0,8.0,0.0,0.0,0.0,0.0,0.0,17.0,11.0,3.0,11.0,3.0,9.0,16.0,56.3,7.0,11.0,3.0,8.0,7.0,24,19.0,0.0,47.0,516.0,75.0,205.0,222.0,92.0,21.0,516.0,14.0,5.0,35.7,9.0,64.3,182.0,1270.0,653.0,26.0,6.0,10.0,13.0,8.0,286.0,24.0,2,0,0,19.0,12.0,1.0,16.0,7.0,11.0,0.0,0.0,0,56.0,10.0,12.0,45.5
2023-01-15,12:00,Liga F,Matchweek 15,Sun,Home,W,2,1,Valencia,Real Sociedad,1.9,0.6,48.0,,Marta Carro,4-3-3,Raquel Suárez González,15.0,4.0,26.7,0.13,0.5,16.3,0.0,0,0,1.9,1.9,0.13,0.1,0.1,2.0,1.0,50.0,0,0.3,-0.7,0,0,0,0,1.0,7.0,14.3,21.0,2.0,19.0,28.0,9.0,33.3,23.0,9.0,2.0,22.2,0.0,4.3,290.0,393.0,73.8,4500.0,1923.0,161.0,193.0,83.4,96.0,120.0,80.0,21.0,53.0,39.6,1,1.4,1.3,11.0,29.0,7.0,4.0,30.0,393.0,338.0,54.0,13.0,0.0,2.0,29.0,19.0,11.0,11.0,0.0,0.0,290.0,1.0,6.0,26.0,20.0,4.0,2.0,0.0,0.0,0.0,4.0,2.0,0.0,2.0,0.0,0.0,0.0,17.0,14.0,7.0,7.0,3.0,7.0,10.0,70.0,3.0,13.0,1.0,12.0,9.0,26,17.0,2.0,48.0,503.0,52.0,156.0,173.0,181.0,29.0,503.0,19.0,6.0,31.6,13.0,68.4,229.0,1498.0,781.0,14.0,7.0,7.0,13.0,8.0,290.0,30.0,1,0,0,8.0,10.0,1.0,29.0,9.0,14.0,0.0,0.0,0,56.0,7.0,10.0,41.2,9.0,2.0,22.2,0.11,0.5,20.6,0.0,0,0,0.6,0.6,0.06,0.4,0.4,4.0,2.0,50.0,0,1.6,-0.4,0,0,0,0,1.0,3.0,33.3,12.0,2.0,8.3,22.0,13.0,15.4,19.8,23.0,1.0,4.3,0.0,4.8,317.0,423.0,74.9,5873.0,2147.0,122.0,154.0,79.2,149.0,178.0,83.7,38.0,58.0,65.5,1,0.4,0.5,7.0,26.0,7.0,0.0,32.0,423.0,368.0,53.0,9.0,1.0,2.0,14.0,24.0,4.0,2.0,1.0,0.0,317.0,2.0,15.0,16.0,14.0,0.0,0.0,0.0,0.0,2.0,2.0,2.0,0.0,0.0,0.0,0.0,0.0,21.0,15.0,10.0,10.0,1.0,13.0,19.0,68.4,6.0,6.0,2.0,4.0,6.0,27,35.0,0.0,52.0,530.0,94.0,221.0,178.0,135.0,16.0,530.0,10.0,3.0,30.0,7.0,70.0,323.0,1470.0,765.0,14.0,10.0,3.0,16.0,10.0,314.0,32.0,2,0,0,11.0,8.0,2.0,14.0,6.0,15.0,0.0,0.0,0,56.0,10.0,7.0,58.8
2023-01-24,21:00,Liga F,Matchweek 16,Tue,Home,W,2,0,Valencia,Villarreal,1.4,1.3,51.0,,Marta Carro,4-2-3-1,Zulema González González,14.0,3.0,21.4,0.14,0.67,13.3,0.0,0,0,1.4,1.4,0.1,0.6,0.6,3.0,3.0,100.0,1,1.1,1.1,0,0,0,0,6.0,16.0,37.5,27.0,5.0,37.0,34.9,10.0,60.0,41.5,17.0,1.0,5.9,0.0,9.0,250.0,389.0,64.3,4761.0,2188.0,92.0,121.0,76.0,124.0,167.0,74.3,31.0,77.0,40.3,1,1.0,1.2,10.0,18.0,5.0,1.0,31.0,389.0,312.0,76.0,25.0,0.0,0.0,16.0,32.0,8.0,8.0,0.0,0.0,250.0,1.0,10.0,23.0,16.0,2.0,1.0,2.0,2.0,0.0,3.0,2.0,0.0,0.0,1.0,0.0,0.0,18.0,14.0,8.0,8.0,2.0,6.0,9.0,66.7,3.0,10.0,1.0,9.0,15.0,33,18.0,0.0,51.0,526.0,69.0,186.0,223.0,123.0,22.0,526.0,14.0,4.0,28.6,10.0,71.4,167.0,889.0,283.0,10.0,8.0,6.0,27.0,11.0,248.0,31.0,1,0,0,8.0,19.0,1.0,16.0,15.0,14.0,0.0,0.0,0,57.0,13.0,19.0,40.6,12.0,3.0,25.0,0.0,0.0,20.7,1.0,0,0,1.3,1.3,0.11,-1.3,-1.3,3.0,1.0,33.3,0,1.6,-0.4,0,0,0,0,4.0,8.0,50.0,20.0,1.0,30.0,32.8,5.0,40.0,32.4,11.0,2.0,18.2,1.0,9.7,251.0,379.0,66.2,4489.0,2199.0,108.0,133.0,81.2,106.0,150.0,70.7,31.0,63.0,49.2,0,0.9,1.0,6.0,25.0,10.0,4.0,44.0,379.0,334.0,39.0,8.0,0.0,0.0,20.0,18.0,5.0,3.0,1.0,0.0,251.0,6.0,9.0,17.0,13.0,2.0,1.0,0.0,1.0,0.0,0.0,0.0,0.0,0.0,0.0,0.0,0.0,21.0,16.0,11.0,8.0,2.0,10.0,14.0,71.4,4.0,17.0,7.0,10.0,21.0,42,14.0,0.0,49.0,530.0,48.0,180.0,234.0,119.0,22.0,530.0,9.0,3.0,33.3,6.0,66.7,184.0,877.0,344.0,8.0,5.0,3.0,25.0,12.0,248.0,44.0,2,0,0,19.0,7.0,6.0,20.0,21.0,16.0,0.0,0.0,0,80.0,19.0,13.0,59.4
2023-01-29,16:00,Liga F,Matchweek 17,Sun,Away,W,3,0,Valencia,Levante Planas,1.4,0.4,48.0,,Marta Carro,4-3-3,Beatriz Cuesta Arribas,14.0,6.0,42.9,0.21,0.5,20.7,0.0,0,0,1.4,1.4,0.1,1.6,1.6,5.0,5.0,100.0,1,0.6,0.6,0,0,0,0,3.0,15.0,20.0,37.0,9.0,32.4,33.8,4.0,75.0,39.8,17.0,1.0,5.9,0.0,4.3,264.0,411.0,64.2,4672.0,2070.0,111.0,148.0,75.0,117.0,152.0,77.0,31.0,78.0,39.7,3,1.2,0.8,10.0,14.0,3.0,1.0,26.0,411.0,348.0,58.0,16.0,0.0,0.0,5.0,34.0,3.0,2.0,1.0,0.0,264.0,5.0,8.0,19.0,14.0,3.0,1.0,1.0,0.0,0.0,6.0,5.0,0.0,1.0,0.0,0.0,0.0,20.0,14.0,6.0,10.0,4.0,11.0,19.0,57.9,8.0,9.0,3.0,6.0,12.0,32,16.0,0.0,48.0,528.0,69.0,213.0,207.0,116.0,17.0,528.0,8.0,4.0,50.0,4.0,50.0,235.0,1224.0,517.0,11.0,13.0,5.0,29.0,16.0,263.0,26.0,0,0,0,8.0,13.0,5.0,5.0,12.0,14.0,0.0,0.0,0,73.0,8.0,5.0,61.5,9.0,5.0,55.6,0.0,0.0,20.6,0.0,0,0,0.4,0.4,0.04,-0.4,-0.4,6.0,3.0,50.0,0,1.7,-1.3,0,0,0,0,1.0,4.0,25.0,17.0,8.0,17.6,24.9,8.0,12.5,21.9,5.0,1.0,20.0,3.0,14.9,303.0,453.0,66.9,6415.0,2639.0,89.0,120.0,74.2,154.0,208.0,74.0,57.0,111.0,51.4,0,0.3,0.8,7.0,24.0,6.0,1.0,39.0,453.0,387.0,62.0,13.0,0.0,7.0,21.0,28.0,8.0,3.0,2.0,0.0,303.0,4.0,6.0,16.0,10.0,3.0,0.0,1.0,2.0,0.0,0.0,0.0,0.0,0.0,0.0,0.0,0.0,20.0,13.0,11.0,7.0,2.0,4.0,8.0,50.0,4.0,9.0,1.0,8.0,16.0,36,15.0,0.0,52.0,566.0,59.0,222.0,249.0,109.0,21.0,566.0,19.0,8.0,42.1,11.0,57.9,269.0,1698.0,774.0,20.0,15.0,9.0,19.0,9.0,299.0,39.0,2,0,0,13.0,8.0,4.0,21.0,16.0,13.0,0.0,0.0,0,64.0,5.0,8.0,38.5
2023-02-01,19:00,Liga F,Matchweek 13,Wed,Home,L,0,4,Valencia,Barcelona,0.8,6.3,42.0,,Marta Carro,4-3-3,María Gloria Planes Terol,9.0,3.0,33.3,0.0,0.0,16.1,0.0,0,0,0.8,0.8,0.09,-0.8,-0.8,9.0,5.0,55.6,0,5.4,1.4,0,0,0,0,4.0,9.0,44.4,33.0,10.0,18.2,27.2,11.0,27.3,25.3,20.0,1.0,5.0,1.0,9.5,372.0,465.0,80.0,6307.0,2540.0,173.0,190.0,91.1,156.0,180.0,86.7,32.0,64.0,50.0,0,0.7,0.5,7.0,18.0,3.0,2.0,24.0,465.0,409.0,54.0,13.0,0.0,1.0,17.0,20.0,5.0,5.0,0.0,0.0,372.0,2.0,14.0,13.0,9.0,1.0,0.0,2.0,1.0,0.0,0.0,0.0,0.0,0.0,0.0,0.0,0.0,14.0,8.0,10.0,4.0,0.0,9.0,11.0,81.8,2.0,13.0,6.0,7.0,10.0,24,14.0,0.0,42.0,565.0,101.0,261.0,203.0,107.0,6.0,565.0,14.0,3.0,21.4,11.0,78.6,326.0,1466.0,744.0,13.0,10.0,1.0,20.0,10.0,369.0,24.0,0,0,0,3.0,10.0,2.0,17.0,10.0,8.0,0.0,0.0,0,55.0,0.0,4.0,0.0,26.0,9.0,34.6,0.15,0.44,12.1,0.0,0,0,6.3,6.3,0.25,-2.3,-2.3,3.0,3.0,100.0,1,0.7,0.7,0,0,0,0,1.0,2.0,50.0,21.0,4.0,9.5,22.0,3.0,0.0,14.0,11.0,2.0,18.2,2.0,17.2,566.0,652.0,86.8,8954.0,3415.0,289.0,312.0,92.6,203.0,228.0,89.0,45.0,59.0,76.3,3,4.6,4.6,22.0,51.0,23.0,8.0,75.0,652.0,626.0,23.0,5.0,0.0,2.0,27.0,9.0,5.0,2.0,0.0,0.0,566.0,3.0,7.0,49.0,43.0,0.0,2.0,4.0,0.0,0.0,8.0,8.0,0.0,0.0,0.0,0.0,0.0,22.0,17.0,7.0,7.0,8.0,11.0,14.0,78.6,3.0,13.0,1.0,12.0,8.0,30,8.0,0.0,58.0,757.0,45.0,185.0,274.0,301.0,51.0,757.0,11.0,2.0,18.2,6.0,54.5,370.0,1784.0,887.0,18.0,14.0,8.0,17.0,5.0,559.0,75.0,0,0,0,10.0,2.0,3.0,27.0,8.0,17.0,0.0,0.0,0,74.0,4.0,0.0,100.0
2023-02-04,18:15,Liga F,Matchweek 18,Sat,Home,L,1,6,Valencia,Real Madrid,0.5,2.8,47.0,,Marta Carro,4-2-3-1,Ainara Andrea Acevedo Dudley,11.0,4.0,36.4,0.09,0.25,21.8,0.0,0,0,0.5,0.5,0.05,0.5,0.5,10.0,4.0,40.0,0,3.7,-2.3,0,0,0,0,4.0,7.0,57.1,28.0,4.0,17.9,28.0,7.0,28.6,31.9,14.0,0.0,0.0,4.0,18.0,383.0,489.0,78.3,6807.0,2466.0,178.0,208.0,85.6,165.0,199.0,82.9,38.0,56.0,67.9,0,0.3,0.6,9.0,34.0,7.0,1.0,45.0,489.0,439.0,45.0,12.0,0.0,2.0,11.0,19.0,0.0,0.0,0.0,0.0,383.0,5.0,21.0,18.0,12.0,3.0,0.0,1.0,1.0,1.0,1.0,0.0,0.0,0.0,1.0,0.0,0.0,17.0,15.0,7.0,6.0,4.0,3.0,6.0,50.0,3.0,12.0,2.0,10.0,11.0,28,15.0,1.0,47.0,576.0,55.0,195.0,235.0,148.0,14.0,576.0,6.0,3.0,50.0,3.0,50.0,219.0,1203.0,530.0,10.0,6.0,2.0,15.0,17.0,380.0,45.0,0,0,0,3.0,10.0,5.0,11.0,11.0,15.0,0.0,0.0,0,52.0,4.0,6.0,40.0,17.0,10.0,58.8,0.35,0.6,16.4,0.0,0,0,2.8,2.8,0.17,3.2,3.2,4.0,3.0,75.0,0,0.6,-0.4,0,0,0,0,3.0,7.0,42.9,26.0,8.0,19.2,29.6,5.0,40.0,38.6,8.0,0.0,0.0,0.0,14.5,455.0,559.0,81.4,9476.0,2970.0,137.0,173.0,79.2,233.0,263.0,88.6,80.0,106.0,75.5,3,1.4,0.8,10.0,34.0,9.0,0.0,54.0,559.0,518.0,38.0,8.0,0.0,2.0,15.0,19.0,4.0,3.0,0.0,0.0,455.0,3.0,10.0,29.0,26.0,0.0,0.0,2.0,0.0,1.0,8.0,7.0,0.0,0.0,1.0,0.0,0.0,20.0,9.0,7.0,12.0,1.0,3.0,6.0,50.0,3.0,23.0,4.0,19.0,12.0,32,12.0,0.0,53.0,657.0,63.0,278.0,233.0,147.0,24.0,657.0,6.0,3.0,50.0,3.0,50.0,238.0,1587.0,811.0,22.0,11.0,5.0,9.0,14.0,451.0,54.0,0,0,0,10.0,3.0,3.0,15.0,12.0,9.0,0.0,0.0,0,53.0,6.0,4.0,60.0
2023-02-11,14:00,Liga F,Matchweek 19,Sat,Away,W,1,0,Valencia,Real Betis,1.9,1.1,52.0,,Marta Carro,4-3-3,Ylenia Sánchez Miguel,5.0,1.0,20.0,0.2,1.0,25.4,2.0,0,1,1.9,1.1,0.21,-0.9,-0.1,2.0,2.0,100.0,1,0.1,0.1,0,0,0,0,3.0,16.0,18.8,24.0,5.0,25.0,33.7,14.0,71.4,43.1,22.0,1.0,4.5,1.0,8.6,244.0,383.0,63.7,3993.0,1934.0,122.0,159.0,76.7,91.0,133.0,68.4,19.0,59.0,32.2,1,0.9,0.8,1.0,17.0,0.0,0.0,17.0,383.0,321.0,57.0,17.0,1.0,0.0,9.0,24.0,1.0,1.0,0.0,0.0,244.0,5.0,6.0,9.0,2.0,1.0,0.0,1.0,4.0,1.0,2.0,2.0,0.0,0.0,0.0,0.0,0.0,24.0,17.0,16.0,5.0,3.0,11.0,15.0,73.3,4.0,12.0,5.0,7.0,3.0,27,20.0,0.0,52.0,476.0,63.0,199.0,221.0,62.0,7.0,475.0,14.0,5.0,35.7,9.0,64.3,154.0,922.0,400.0,9.0,5.0,3.0,13.0,12.0,242.0,17.0,1,0,0,12.0,19.0,5.0,9.0,3.0,17.0,1.0,0.0,0,49.0,8.0,7.0,53.3,14.0,2.0,14.3,0.0,0.0,18.6,2.0,0,0,1.1,1.1,0.08,-1.1,-1.1,2.0,0.0,50.0,0,1.9,0.9,1,0,1,0,3.0,24.0,12.5,36.0,2.0,52.8,37.1,5.0,100.0,54.6,6.0,2.0,33.3,3.0,36.7,222.0,353.0,62.9,4141.0,1848.0,91.0,118.0,77.1,103.0,145.0,71.0,25.0,75.0,33.3,0,0.8,0.7,10.0,20.0,5.0,3.0,35.0,353.0,284.0,68.0,15.0,2.0,0.0,26.0,36.0,10.0,2.0,4.0,0.0,222.0,1.0,7.0,20.0,7.0,7.0,1.0,1.0,4.0,0.0,0.0,0.0,0.0,0.0,0.0,0.0,0.0,21.0,15.0,11.0,5.0,5.0,9.0,14.0,64.3,5.0,5.0,1.0,4.0,5.0,26,9.0,0.0,48.0,446.0,38.0,133.0,182.0,138.0,17.0,446.0,16.0,5.0,31.3,11.0,68.8,206.0,1353.0,586.0,17.0,7.0,8.0,9.0,14.0,217.0,33.0,4,0,0,21.0,12.0,1.0,26.0,5.0,15.0,0.0,1.0,0,48.0,7.0,7.0,50.0
2023-03-04,16:00,Liga F,Matchweek 20,Sat,Home,W,2,1,Valencia,UDG Tenerife,0.9,0.5,58.0,,Marta Carro,4-3-3,Elisabeth Calvo Valentín,13.0,7.0,53.8,0.15,0.29,22.1,2.0,0,0,0.9,0.9,0.07,1.1,1.1,3.0,3.0,66.7,0,0.2,0.2,0,0,0,0,8.0,11.0,72.7,37.0,6.0,24.3,26.8,6.0,33.3,24.3,8.0,2.0,25.0,2.0,15.9,394.0,502.0,78.5,6357.0,2662.0,202.0,248.0,81.5,147.0,167.0,88.0,33.0,53.0,62.3,1,0.6,0.6,8.0,26.0,4.0,2.0,33.0,502.0,448.0,52.0,16.0,3.0,0.0,14.0,26.0,2.0,2.0,0.0,0.0,394.0,2.0,11.0,21.0,13.0,2.0,2.0,1.0,3.0,0.0,3.0,0.0,1.0,0.0,1.0,1.0,0.0,22.0,15.0,9.0,9.0,4.0,14.0,22.0,63.6,8.0,3.0,3.0,0.0,11.0,33,14.0,0.0,58.0,616.0,64.0,209.0,270.0,146.0,17.0,616.0,33.0,16.0,48.5,17.0,51.5,384.0,2149.0,1125.0,19.0,18.0,5.0,18.0,17.0,390.0,32.0,1,0,0,8.0,13.0,2.0,14.0,11.0,15.0,0.0,0.0,1,72.0,16.0,6.0,72.7,9.0,3.0,33.3,0.0,0.0,19.7,0.0,0,0,0.5,0.5,0.06,-0.5,-0.5,7.0,5.0,71.4,0,1.0,-1.0,0,0,0,0,9.0,15.0,60.0,39.0,10.0,25.6,30.7,8.0,62.5,42.4,11.0,2.0,18.2,2.0,16.8,250.0,359.0,69.6,5084.0,2241.0,86.0,107.0,80.4,126.0,161.0,78.3,36.0,72.0,50.0,0,0.5,0.5,7.0,18.0,7.0,1.0,31.0,359.0,309.0,45.0,10.0,4.0,0.0,10.0,21.0,3.0,3.0,0.0,0.0,250.0,5.0,0.0,16.0,12.0,2.0,0.0,0.0,0.0,2.0,0.0,0.0,0.0,0.0,0.0,0.0,0.0,34.0,21.0,17.0,10.0,7.0,17.0,33.0,51.5,16.0,11.0,0.0,11.0,19.0,53,9.0,0.0,42.0,478.0,52.0,236.0,164.0,88.0,16.0,478.0,23.0,8.0,34.8,14.0,60.9,272.0,1351.0,740.0,10.0,8.0,5.0,17.0,8.0,248.0,31.0,3,1,0,14.0,8.0,5.0,10.0,19.0,21.0,0.0,0.0,0,74.0,6.0,16.0,27.3
2023-03-12,12:00,Liga F,Matchweek 21,Sun,Away,W,2,0,Valencia,Athletic Club,2.0,0.2,53.0,,Marta Carro,4-3-3,Elena Peláez Arnillas,11.0,4.0,36.4,0.18,0.5,17.6,1.0,0,1,2.0,1.2,0.13,0.0,0.8,0.0,0.0,,1,0.0,0.0,0,0,0,0,3.0,10.0,30.0,14.0,4.0,35.7,32.6,12.0,41.7,38.2,18.0,2.0,11.1,0.0,10.6,271.0,414.0,65.5,5100.0,2660.0,106.0,135.0,78.5,127.0,182.0,69.8,37.0,82.0,45.1,0,0.5,0.7,5.0,28.0,4.0,3.0,34.0,414.0,331.0,83.0,16.0,0.0,2.0,18.0,48.0,6.0,0.0,0.0,6.0,271.0,0.0,14.0,18.0,8.0,2.0,0.0,5.0,2.0,1.0,2.0,0.0,0.0,0.0,2.0,0.0,0.0,12.0,7.0,6.0,5.0,1.0,8.0,13.0,61.5,5.0,6.0,0.0,6.0,4.0,16,14.0,0.0,53.0,505.0,49.0,167.0,178.0,163.0,13.0,504.0,16.0,8.0,50.0,8.0,50.0,276.0,1250.0,510.0,11.0,11.0,1.0,33.0,12.0,270.0,34.0,2,0,0,7.0,12.0,0.0,18.0,4.0,7.0,1.0,0.0,0,48.0,4.0,13.0,23.5,6.0,0.0,0.0,0.0,,24.0,0.0,0,0,0.2,0.2,0.03,-0.2,-0.2,5.0,2.0,60.0,0,2.2,0.2,1,0,1,0,8.0,15.0,53.3,18.0,5.0,38.9,34.2,14.0,57.1,39.0,16.0,0.0,0.0,2.0,16.0,246.0,368.0,66.8,5447.0,2510.0,67.0,96.0,69.8,129.0,162.0,79.6,50.0,99.0,50.5,0,0.1,0.2,3.0,27.0,3.0,0.0,35.0,368.0,316.0,50.0,7.0,0.0,1.0,20.0,25.0,1.0,0.0,1.0,0.0,246.0,2.0,7.0,9.0,5.0,3.0,0.0,0.0,1.0,0.0,0.0,0.0,0.0,0.0,0.0,0.0,0.0,20.0,13.0,13.0,4.0,3.0,8.0,16.0,50.0,8.0,14.0,1.0,13.0,10.0,30,22.0,1.0,47.0,471.0,53.0,194.0,176.0,104.0,11.0,471.0,13.0,5.0,38.5,8.0,61.5,185.0,1063.0,486.0,10.0,8.0,5.0,16.0,4.0,244.0,35.0,0,0,0,15.0,7.0,2.0,20.0,10.0,13.0,0.0,1.0,0,52.0,13.0,4.0,76.5
2023-03-17,19:00,Liga F,Matchweek 22,Fri,Away,L,1,5,Valencia,Barcelona,0.7,4.6,25.0,,Marta Carro,4-3-3,Paola Cebollada López,4.0,1.0,25.0,0.25,1.0,23.5,0.0,0,0,0.7,0.7,0.19,0.3,0.3,16.0,11.0,75.0,0,5.1,0.1,1,1,0,0,8.0,24.0,33.3,20.0,1.0,60.0,40.7,18.0,66.7,44.7,24.0,1.0,4.2,0.0,4.5,151.0,251.0,60.2,2956.0,1437.0,51.0,74.0,68.9,83.0,107.0,77.6,17.0,63.0,27.0,1,0.7,0.3,3.0,7.0,1.0,0.0,9.0,251.0,199.0,51.0,6.0,0.0,0.0,6.0,21.0,1.0,1.0,0.0,0.0,151.0,1.0,4.0,6.0,3.0,2.0,1.0,0.0,0.0,0.0,2.0,0.0,2.0,0.0,0.0,0.0,0.0,19.0,8.0,14.0,4.0,1.0,14.0,23.0,60.9,9.0,14.0,5.0,9.0,16.0,35,25.0,1.0,25.0,349.0,87.0,186.0,125.0,43.0,5.0,349.0,7.0,5.0,71.4,2.0,28.6,73.0,644.0,224.0,5.0,2.0,2.0,14.0,9.0,151.0,9.0,2,0,0,6.0,3.0,1.0,6.0,16.0,8.0,0.0,1.0,0,41.0,8.0,6.0,57.1,30.0,15.0,50.0,0.13,0.27,16.0,0.0,1,1,4.6,3.8,0.13,0.4,0.2,1.0,0.0,0.0,0,0.9,0.0,0,0,0,0,2.0,2.0,100.0,26.0,1.0,7.7,22.0,5.0,0.0,15.4,3.0,0.0,0.0,1.0,23.0,643.0,744.0,86.4,11461.0,3793.0,253.0,274.0,92.3,337.0,370.0,91.1,44.0,67.0,65.7,3,2.9,2.4,23.0,65.0,20.0,6.0,90.0,744.0,702.0,38.0,6.0,1.0,3.0,30.0,16.0,9.0,3.0,0.0,1.0,643.0,4.0,11.0,52.0,41.0,2.0,3.0,5.0,1.0,0.0,10.0,8.0,0.0,1.0,0.0,1.0,0.0,11.0,9.0,3.0,5.0,3.0,2.0,7.0,28.6,5.0,4.0,0.0,4.0,18.0,29,3.0,0.0,75.0,848.0,35.0,179.0,343.0,333.0,53.0,847.0,23.0,9.0,39.1,14.0,60.9,518.0,2614.0,1600.0,33.0,29.0,15.0,12.0,5.0,640.0,90.0,0,0,0,3.0,6.0,4.0,30.0,18.0,9.0,1.0,0.0,0,72.0,6.0,8.0,42.9
2023-03-26,16:00,Liga F,Matchweek 23,Sun,Home,L,1,3,Valencia,Alhama,0.8,1.6,60.0,,Marta Carro,4-3-3,Zulema González González,10.0,2.0,20.0,0.1,0.5,19.3,0.0,0,0,0.8,0.8,0.08,0.2,0.2,6.0,3.0,50.0,0,2.4,-0.6,0,0,0,0,7.0,12.0,58.3,23.0,3.0,34.8,32.4,11.0,36.4,29.6,20.0,0.0,0.0,2.0,13.8,318.0,429.0,74.1,5528.0,2555.0,153.0,177.0,86.4,127.0,171.0,74.3,29.0,57.0,50.9,1,0.6,0.6,7.0,27.0,6.0,2.0,34.0,429.0,346.0,81.0,20.0,0.0,3.0,18.0,44.0,2.0,2.0,0.0,0.0,318.0,2.0,9.0,17.0,13.0,1.0,2.0,0.0,1.0,0.0,2.0,2.0,0.0,0.0,0.0,0.0,0.0,17.0,10.0,9.0,4.0,4.0,8.0,15.0,53.3,7.0,5.0,1.0,4.0,10.0,27,18.0,0.0,60.0,540.0,62.0,195.0,209.0,144.0,22.0,540.0,33.0,20.0,60.6,13.0,39.4,264.0,1442.0,727.0,21.0,12.0,4.0,23.0,10.0,312.0,34.0,0,0,0,6.0,14.0,2.0,18.0,10.0,10.0,0.0,0.0,0,56.0,12.0,10.0,54.5,8.0,6.0,75.0,0.38,0.5,17.5,0.0,0,0,1.6,1.6,0.2,1.4,1.4,2.0,1.0,50.0,0,0.8,-0.2,0,0,0,0,6.0,11.0,54.5,12.0,1.0,50.0,42.3,7.0,71.4,46.4,15.0,1.0,6.7,1.0,13.3,171.0,284.0,60.2,3186.0,1807.0,76.0,95.0,80.0,67.0,96.0,69.8,22.0,75.0,29.3,3,1.5,1.0,7.0,22.0,5.0,1.0,27.0,284.0,233.0,46.0,8.0,0.0,1.0,26.0,22.0,7.0,3.0,3.0,0.0,171.0,5.0,4.0,14.0,10.0,3.0,1.0,0.0,0.0,0.0,6.0,5.0,0.0,1.0,0.0,0.0,0.0,23.0,14.0,8.0,10.0,5.0,13.0,33.0,39.4,20.0,12.0,4.0,8.0,21.0,44,28.0,0.0,40.0,408.0,48.0,131.0,159.0,124.0,16.0,408.0,15.0,7.0,46.7,8.0,53.3,181.0,854.0,325.0,8.0,10.0,3.0,11.0,9.0,170.0,27.0,3,0,0,15.0,5.0,5.0,26.0,21.0,14.0,0.0,0.0,0,65.0,10.0,12.0,45.5
2023-04-01,18:15,Liga F,Matchweek 24,Sat,Away,L,2,6,Valencia,Atlético Madrid,1.3,3.5,50.0,,Marta Carro,4-3-3,Amy Peñalver Pearce,13.0,5.0,38.5,0.15,0.4,17.8,0.0,0,0,1.3,1.3,0.1,0.7,0.7,9.0,3.0,44.4,0,4.7,-1.3,1,1,0,0,4.0,8.0,50.0,29.0,7.0,27.6,31.0,7.0,0.0,17.1,16.0,2.0,12.5,1.0,10.7,350.0,438.0,79.9,6353.0,2515.0,132.0,160.0,82.5,187.0,211.0,88.6,25.0,50.0,50.0,1,0.7,0.7,8.0,26.0,6.0,3.0,41.0,438.0,379.0,59.0,11.0,1.0,0.0,14.0,32.0,2.0,2.0,0.0,0.0,350.0,0.0,10.0,22.0,17.0,0.0,2.0,3.0,0.0,0.0,3.0,2.0,0.0,0.0,1.0,0.0,0.0,18.0,11.0,8.0,6.0,4.0,2.0,12.0,16.7,10.0,7.0,1.0,6.0,8.0,26,14.0,1.0,50.0,549.0,65.0,187.0,233.0,131.0,14.0,549.0,20.0,9.0,45.0,11.0,55.0,223.0,1332.0,697.0,14.0,11.0,1.0,28.0,6.0,347.0,40.0,1,0,0,13.0,6.0,0.0,14.0,8.0,11.0,0.0,1.0,0,48.0,2.0,3.0,40.0,12.0,8.0,66.7,0.42,0.63,17.7,0.0,1,1,3.5,2.7,0.23,2.5,2.3,5.0,3.0,60.0,0,0.8,-1.2,0,0,0,0,9.0,13.0,69.2,20.0,2.0,30.0,29.9,8.0,87.5,48.3,13.0,0.0,0.0,0.0,10.0,349.0,443.0,78.8,6648.0,2819.0,129.0,149.0,86.6,160.0,184.0,87.0,46.0,73.0,63.0,3,1.9,1.1,8.0,25.0,8.0,3.0,42.0,443.0,384.0,55.0,12.0,1.0,0.0,18.0,28.0,4.0,1.0,2.0,1.0,349.0,4.0,7.0,20.0,14.0,1.0,1.0,0.0,3.0,1.0,9.0,5.0,1.0,0.0,0.0,2.0,1.0,17.0,12.0,7.0,9.0,1.0,11.0,20.0,55.0,9.0,12.0,3.0,9.0,14.0,31,9.0,0.0,50.0,538.0,48.0,192.0,214.0,134.0,19.0,537.0,12.0,10.0,83.3,2.0,16.7,291.0,1761.0,986.0,20.0,16.0,6.0,15.0,16.0,346.0,41.0,0,0,0,7.0,13.0,4.0,18.0,14.0,12.0,1.0,0.0,0,58.0,3.0,2.0,60.0
2023-04-16,12:00,Liga F,Matchweek 25,Sun,Home,L,1,2,Valencia,Sporting Huelva,2.0,2.1,63.0,,Marta Carro,4-3-3,Ainara Andrea Acevedo Dudley,10.0,3.0,30.0,0.1,0.33,18.5,0.0,0,0,2.0,2.0,0.2,-1.0,-1.0,4.0,2.0,100.0,0,2.2,0.2,2,2,0,0,0.0,5.0,0.0,38.0,5.0,10.5,26.8,2.0,50.0,40.0,18.0,2.0,11.1,1.0,8.2,334.0,482.0,69.3,6480.0,2730.0,124.0,165.0,75.2,165.0,210.0,78.6,42.0,85.0,49.4,1,1.2,1.0,8.0,36.0,10.0,3.0,45.0,482.0,417.0,59.0,16.0,0.0,3.0,29.0,31.0,7.0,7.0,0.0,0.0,334.0,6.0,15.0,18.0,15.0,0.0,2.0,1.0,0.0,0.0,2.0,2.0,0.0,0.0,0.0,0.0,0.0,14.0,10.0,4.0,7.0,3.0,2.0,4.0,50.0,2.0,6.0,0.0,6.0,14.0,28,24.0,0.0,63.0,584.0,59.0,211.0,220.0,156.0,24.0,584.0,12.0,10.0,83.3,2.0,16.7,343.0,1541.0,624.0,15.0,4.0,7.0,12.0,20.0,329.0,44.0,4,0,0,8.0,9.0,6.0,29.0,14.0,10.0,0.0,2.0,0,62.0,12.0,9.0,57.1,4.0,2.0,50.0,0.0,0.0,23.0,0.0,2,2,2.1,0.5,0.14,-0.1,-0.5,3.0,2.0,66.7,0,1.5,0.5,0,0,0,0,8.0,23.0,34.8,22.0,2.0,68.2,42.3,9.0,88.9,42.1,23.0,3.0,13.0,1.0,12.3,140.0,281.0,49.8,2948.0,1791.0,52.0,77.0,67.5,55.0,100.0,55.0,29.0,85.0,34.1,0,0.1,0.3,2.0,20.0,6.0,5.0,20.0,281.0,218.0,55.0,12.0,0.0,0.0,21.0,25.0,7.0,7.0,0.0,0.0,140.0,8.0,8.0,11.0,6.0,1.0,0.0,1.0,2.0,1.0,4.0,2.0,0.0,0.0,0.0,2.0,0.0,22.0,12.0,13.0,8.0,1.0,2.0,12.0,16.7,10.0,15.0,3.0,12.0,15.0,37,28.0,0.0,37.0,394.0,62.0,164.0,164.0,69.0,9.0,392.0,4.0,2.0,50.0,2.0,50.0,158.0,572.0,261.0,4.0,2.0,1.0,12.0,12.0,136.0,19.0,4,0,0,9.0,8.0,8.0,21.0,15.0,12.0,2.0,0.0,0,57.0,9.0,12.0,42.9
2023-04-22,11:30,Liga F,Matchweek 26,Sat,Away,L,0,4,Valencia,Real Sociedad,1.2,2.8,47.0,,Marta Carro,4-3-3,Elisabeth Calvo Valentín,11.0,5.0,45.5,0.0,0.0,21.4,0.0,0,0,1.2,1.2,0.11,-1.2,-1.2,12.0,9.0,66.7,0,2.5,-0.5,0,0,0,0,2.0,5.0,40.0,33.0,8.0,15.2,26.9,3.0,0.0,26.3,13.0,1.0,7.7,2.0,15.8,296.0,399.0,74.2,5926.0,2691.0,94.0,114.0,82.5,162.0,192.0,84.4,38.0,79.0,48.1,0,0.7,0.3,9.0,37.0,3.0,1.0,38.0,399.0,345.0,53.0,19.0,0.0,1.0,28.0,21.0,5.0,4.0,1.0,0.0,296.0,1.0,6.0,20.0,16.0,0.0,1.0,1.0,1.0,1.0,0.0,0.0,0.0,0.0,0.0,0.0,0.0,15.0,11.0,9.0,2.0,4.0,7.0,12.0,58.3,5.0,19.0,8.0,11.0,12.0,27,10.0,0.0,47.0,494.0,64.0,202.0,162.0,136.0,15.0,494.0,18.0,9.0,50.0,9.0,50.0,229.0,1431.0,738.0,15.0,6.0,3.0,18.0,8.0,291.0,36.0,2,0,0,7.0,11.0,1.0,28.0,12.0,11.0,0.0,0.0,1,51.0,2.0,7.0,22.2,22.0,12.0,54.5,0.14,0.25,14.0,0.0,0,0,2.8,2.8,0.14,0.2,0.2,5.0,5.0,100.0,1,1.5,1.5,0,0,0,0,1.0,2.0,50.0,33.0,11.0,3.0,20.7,8.0,12.5,16.8,22.0,0.0,0.0,0.0,7.0,367.0,456.0,80.5,6917.0,2967.0,139.0,156.0,89.1,169.0,194.0,87.1,52.0,75.0,69.3,2,2.1,1.7,18.0,27.0,9.0,2.0,39.0,456.0,414.0,35.0,8.0,1.0,1.0,17.0,13.0,5.0,0.0,0.0,3.0,367.0,7.0,13.0,37.0,27.0,3.0,1.0,4.0,0.0,2.0,5.0,4.0,0.0,0.0,0.0,0.0,1.0,17.0,10.0,7.0,7.0,3.0,9.0,18.0,50.0,9.0,9.0,3.0,6.0,16.0,33,21.0,0.0,53.0,568.0,97.0,257.0,190.0,129.0,35.0,568.0,12.0,5.0,41.7,7.0,58.3,276.0,1811.0,914.0,24.0,10.0,11.0,11.0,8.0,364.0,39.0,2,0,0,11.0,7.0,7.0,17.0,16.0,10.0,0.0,0.0,0,61.0,7.0,2.0,77.8
2023-04-29,14:00,Liga F,Matchweek 27,Sat,Home,W,2,1,Valencia,Alavés,1.0,0.6,45.0,,Marta Carro,4-2-3-1,Patricia Luna Varo,9.0,6.0,66.7,0.22,0.33,17.6,0.0,0,0,1.0,1.0,0.11,1.0,1.0,3.0,2.0,66.7,0,0.1,-0.9,0,0,0,0,3.0,6.0,50.0,17.0,8.0,29.4,34.5,9.0,11.1,24.1,19.0,1.0,5.3,0.0,8.3,244.0,351.0,69.5,4872.0,2074.0,72.0,88.0,81.8,138.0,167.0,82.6,31.0,74.0,41.9,2,0.9,0.7,8.0,14.0,5.0,2.0,30.0,351.0,292.0,57.0,12.0,1.0,6.0,11.0,34.0,0.0,0.0,0.0,0.0,244.0,2.0,9.0,17.0,14.0,1.0,2.0,0.0,0.0,0.0,4.0,3.0,1.0,0.0,0.0,0.0,0.0,15.0,13.0,8.0,6.0,1.0,2.0,13.0,15.4,11.0,9.0,3.0,6.0,7.0,22,18.0,1.0,45.0,438.0,57.0,182.0,179.0,83.0,12.0,438.0,8.0,6.0,75.0,2.0,25.0,207.0,1209.0,561.0,11.0,10.0,4.0,17.0,9.0,237.0,29.0,2,0,0,8.0,10.0,2.0,11.0,7.0,13.0,0.0,0.0,0,47.0,8.0,9.0,47.1,12.0,3.0,25.0,0.08,0.33,21.8,0.0,0,0,0.6,0.6,0.05,0.4,0.4,6.0,4.0,66.7,0,2.5,0.5,0,0,0,0,6.0,12.0,50.0,29.0,7.0,27.6,32.6,6.0,66.7,40.7,9.0,2.0,22.2,0.0,8.8,320.0,421.0,76.0,6207.0,2610.0,119.0,134.0,88.8,135.0,157.0,86.0,52.0,99.0,52.5,0,0.4,0.3,7.0,24.0,3.0,1.0,37.0,421.0,369.0,51.0,10.0,0.0,1.0,28.0,26.0,6.0,0.0,0.0,5.0,320.0,1.0,9.0,18.0,15.0,2.0,0.0,0.0,0.0,1.0,2.0,2.0,0.0,0.0,0.0,0.0,0.0,11.0,8.0,4.0,5.0,2.0,2.0,8.0,25.0,6.0,10.0,1.0,9.0,9.0,20,10.0,0.0,55.0,503.0,47.0,158.0,222.0,128.0,13.0,502.0,13.0,11.0,84.6,2.0,15.4,324.0,1566.0,694.0,12.0,10.0,2.0,18.0,13.0,311.0,37.0,3,0,0,11.0,8.0,1.0,28.0,9.0,8.0,0.0,0.0,0,53.0,9.0,8.0,52.9
2023-05-07,18:00,Liga F,Matchweek 28,Sun,Away,D,1,1,Valencia,Levante,0.7,2.8,32.0,,Marta Carro,4-3-3,María Gloria Planes Terol,6.0,2.0,33.3,0.17,0.5,18.8,0.0,0,0,0.7,0.7,0.11,0.3,0.3,9.0,8.0,88.9,0,1.7,0.7,0,0,0,0,15.0,25.0,60.0,20.0,4.0,65.0,44.1,20.0,60.0,40.7,27.0,1.0,3.7,0.0,4.5,156.0,260.0,60.0,3201.0,1932.0,68.0,89.0,76.4,53.0,83.0,63.9,32.0,74.0,43.2,1,0.7,0.2,5.0,8.0,3.0,1.0,10.0,260.0,195.0,65.0,17.0,0.0,0.0,9.0,23.0,3.0,3.0,0.0,0.0,156.0,0.0,11.0,10.0,4.0,2.0,4.0,0.0,0.0,0.0,2.0,1.0,0.0,1.0,0.0,0.0,0.0,17.0,6.0,13.0,3.0,1.0,9.0,22.0,40.9,13.0,13.0,6.0,7.0,11.0,28,23.0,0.0,32.0,376.0,82.0,175.0,141.0,65.0,6.0,376.0,19.0,8.0,42.1,11.0,57.9,154.0,979.0,456.0,13.0,7.0,1.0,19.0,10.0,155.0,10.0,2,0,0,2.0,14.0,0.0,9.0,11.0,6.0,0.0,0.0,0,51.0,11.0,16.0,40.7,27.0,9.0,33.3,0.04,0.11,14.8,0.0,0,0,2.8,2.8,0.1,-1.8,-1.8,2.0,1.0,50.0,0,1.0,0.0,0,0,0,0,0.0,0.0,,7.0,4.0,0.0,18.6,5.0,0.0,19.4,6.0,0.0,0.0,1.0,31.0,442.0,541.0,81.7,7353.0,2885.0,226.0,250.0,90.4,165.0,189.0,87.3,40.0,67.0,59.7,1,2.7,2.3,24.0,41.0,17.0,5.0,70.0,541.0,497.0,43.0,2.0,0.0,3.0,36.0,24.0,10.0,8.0,2.0,0.0,442.0,1.0,10.0,46.0,31.0,4.0,5.0,5.0,0.0,1.0,2.0,2.0,0.0,0.0,0.0,0.0,0.0,21.0,16.0,5.0,8.0,8.0,11.0,19.0,57.9,8.0,11.0,2.0,9.0,9.0,30,11.0,0.0,68.0,667.0,27.0,101.0,322.0,251.0,51.0,667.0,22.0,13.0,59.1,9.0,40.9,370.0,2366.0,1472.0,33.0,33.0,13.0,25.0,9.0,436.0,67.0,2,0,0,15.0,2.0,1.0,36.0,9.0,16.0,0.0,0.0,0,71.0,16.0,11.0,59.3
2023-05-14,18:00,Liga F,Matchweek 29,Sun,Home,L,0,2,Valencia,Madrid CFF,0.2,2.9,39.0,,Marta Carro,4-2-3-1,Elia María Martínez Martínez,5.0,1.0,20.0,0.0,0.0,28.4,1.0,0,0,0.2,0.2,0.03,-0.2,-0.2,13.0,11.0,84.6,0,3.7,1.7,0,0,0,0,2.0,9.0,22.2,30.0,13.0,20.0,28.9,8.0,37.5,33.4,12.0,3.0,25.0,0.0,5.7,297.0,391.0,76.0,5560.0,2269.0,122.0,143.0,85.3,140.0,165.0,84.8,32.0,60.0,53.3,0,0.0,0.2,1.0,22.0,4.0,1.0,24.0,391.0,341.0,48.0,12.0,0.0,0.0,13.0,23.0,2.0,0.0,0.0,2.0,297.0,2.0,15.0,7.0,6.0,0.0,0.0,0.0,1.0,0.0,0.0,0.0,0.0,0.0,0.0,0.0,0.0,12.0,7.0,6.0,5.0,1.0,5.0,15.0,33.3,10.0,17.0,5.0,12.0,9.0,21,20.0,0.0,39.0,491.0,86.0,233.0,181.0,82.0,10.0,491.0,19.0,11.0,57.9,8.0,42.1,197.0,1334.0,775.0,13.0,8.0,1.0,20.0,17.0,293.0,23.0,1,0,0,6.0,8.0,2.0,13.0,9.0,7.0,0.0,0.0,0,47.0,2.0,2.0,50.0,28.0,13.0,46.4,0.07,0.15,18.6,0.0,0,0,2.9,2.9,0.1,-0.9,-0.9,1.0,1.0,100.0,1,0.3,0.3,0,0,0,0,0.0,0.0,,7.0,2.0,0.0,17.7,7.0,0.0,15.3,9.0,0.0,0.0,0.0,6.0,530.0,623.0,85.1,8836.0,3457.0,252.0,281.0,89.7,235.0,265.0,88.7,34.0,52.0,65.4,2,2.6,2.6,23.0,45.0,17.0,1.0,64.0,623.0,579.0,41.0,6.0,0.0,2.0,17.0,20.0,7.0,0.0,0.0,6.0,530.0,3.0,12.0,49.0,40.0,4.0,1.0,3.0,0.0,1.0,4.0,4.0,0.0,0.0,0.0,0.0,0.0,25.0,15.0,11.0,7.0,7.0,8.0,19.0,42.1,11.0,17.0,2.0,15.0,14.0,39,7.0,0.0,61.0,734.0,40.0,171.0,343.0,227.0,48.0,734.0,15.0,10.0,66.7,5.0,33.3,513.0,2141.0,1067.0,30.0,19.0,11.0,13.0,7.0,526.0,64.0,1,0,0,10.0,5.0,3.0,17.0,14.0,15.0,0.0,0.0,0,58.0,2.0,2.0,50.0
2023-05-19,20:00,Liga F,Matchweek 30,Fri,Away,L,0,2,Valencia,Sevilla,0.4,2.1,52.0,,Marta Carro,4-2-3-1,Xiomara Díaz García,9.0,3.0,33.3,0.0,0.0,25.3,0.0,0,0,0.4,0.4,0.04,-0.4,-0.4,5.0,3.0,60.0,0,0.2,-1.8,0,0,0,0,6.0,9.0,66.7,28.0,7.0,17.9,27.4,10.0,40.0,29.6,25.0,2.0,8.0,1.0,12.2,365.0,477.0,76.5,6654.0,2802.0,137.0,170.0,80.6,189.0,224.0,84.4,33.0,65.0,50.8,0,0.2,0.4,6.0,31.0,5.0,1.0,41.0,477.0,428.0,48.0,13.0,1.0,2.0,19.0,18.0,4.0,1.0,1.0,1.0,365.0,1.0,15.0,15.0,13.0,0.0,2.0,0.0,0.0,0.0,0.0,0.0,0.0,0.0,0.0,0.0,0.0,7.0,5.0,4.0,3.0,0.0,3.0,15.0,20.0,12.0,13.0,6.0,7.0,8.0,15,25.0,0.0,52.0,570.0,68.0,222.0,253.0,98.0,8.0,570.0,17.0,6.0,35.3,11.0,64.7,274.0,1898.0,1050.0,19.0,13.0,2.0,13.0,9.0,360.0,41.0,1,0,0,5.0,9.0,1.0,19.0,8.0,5.0,0.0,0.0,0,64.0,5.0,6.0,45.5,19.0,5.0,26.3,0.11,0.4,18.0,0.0,0,0,2.1,2.1,0.11,-0.1,-0.1,3.0,3.0,100.0,1,0.1,0.1,0,0,0,0,5.0,12.0,41.7,16.0,5.0,50.0,40.8,4.0,100.0,63.3,15.0,3.0,20.0,0.0,10.4,329.0,444.0,74.1,6319.0,3037.0,128.0,159.0,80.5,148.0,180.0,82.2,43.0,81.0,53.1,2,1.9,2.0,15.0,47.0,11.0,3.0,55.0,444.0,400.0,40.0,5.0,8.0,2.0,27.0,25.0,5.0,3.0,1.0,0.0,329.0,4.0,9.0,30.0,23.0,2.0,0.0,2.0,1.0,2.0,4.0,2.0,1.0,0.0,0.0,1.0,0.0,22.0,16.0,7.0,10.0,5.0,11.0,17.0,64.7,6.0,15.0,1.0,14.0,10.0,32,14.0,0.0,48.0,540.0,38.0,126.0,246.0,170.0,24.0,540.0,15.0,12.0,80.0,3.0,20.0,258.0,1691.0,802.0,19.0,10.0,4.0,13.0,4.0,325.0,55.0,0,0,0,10.0,5.0,4.0,27.0,10.0,16.0,0.0,0.0,0,72.0,7.0,4.0,63.6
2022-09-18,12:00,Liga F,Matchweek 2,Sun,Home,W,3,0,Athletic Club,Sporting Huelva,3.1,0.2,69.0,,Ane Azkona,4-2-3-1,Elisabeth Calvo Valentín,14.0,7.0,50.0,0.21,0.43,11.8,0.0,0,0,3.1,3.1,0.25,-0.1,-0.1,3.0,3.0,100.0,1,0.3,0.3,0,0,0,0,1.0,4.0,25.0,39.0,6.0,7.7,21.2,6.0,16.7,28.7,3.0,0.0,0.0,1.0,13.5,478.0,608.0,78.6,9745.0,3263.0,162.0,199.0,81.4,251.0,285.0,88.1,61.0,96.0,63.5,2,2.5,1.1,12.0,33.0,5.0,2.0,34.0,608.0,546.0,59.0,9.0,0.0,2.0,16.0,37.0,6.0,5.0,0.0,0.0,478.0,3.0,11.0,23.0,16.0,2.0,2.0,2.0,0.0,1.0,4.0,2.0,0.0,0.0,2.0,0.0,0.0,13.0,7.0,7.0,4.0,2.0,4.0,9.0,44.4,5.0,6.0,0.0,6.0,17.0,30,7.0,0.0,69.0,720.0,66.0,316.0,274.0,135.0,17.0,720.0,25.0,11.0,44.0,14.0,56.0,439.0,1879.0,1003.0,18.0,6.0,6.0,31.0,3.0,473.0,33.0,0,0,0,9.0,8.0,3.0,16.0,17.0,7.0,0.0,0.0,0,68.0,9.0,2.0,81.8,5.0,3.0,60.0,0.0,0.0,18.6,0.0,0,0,0.2,0.2,0.04,-0.2,-0.2,7.0,4.0,57.1,0,3.0,0.0,0,0,0,0,4.0,15.0,26.7,18.0,4.0,38.9,36.7,12.0,66.7,48.2,13.0,1.0,7.7,0.0,4.0,147.0,274.0,53.6,2589.0,1396.0,75.0,105.0,71.4,47.0,83.0,56.6,22.0,64.0,34.4,0,0.2,0.2,4.0,11.0,2.0,0.0,18.0,274.0,218.0,53.0,12.0,0.0,0.0,5.0,25.0,0.0,0.0,0.0,0.0,147.0,3.0,6.0,8.0,6.0,1.0,1.0,0.0,0.0,0.0,0.0,0.0,0.0,0.0,0.0,0.0,0.0,17.0,10.0,5.0,10.0,2.0,14.0,25.0,56.0,11.0,9.0,0.0,9.0,18.0,35,17.0,0.0,31.0,371.0,42.0,130.0,176.0,67.0,8.0,371.0,9.0,5.0,55.6,4.0,44.4,110.0,646.0,252.0,6.0,6.0,2.0,24.0,9.0,145.0,18.0,2,0,0,8.0,7.0,3.0,5.0,18.0,10.0,0.0,0.0,0,63.0,2.0,9.0,18.2
2022-09-25,19:00,Liga F,Matchweek 3,Sun,Away,L,0,2,Athletic Club,Levante,0.4,0.4,50.0,,Ane Azkona,4-3-3,María Gloria Planes Terol,12.0,2.0,16.7,0.0,0.0,22.2,0.0,0,0,0.4,0.4,0.03,-0.4,-0.4,4.0,2.0,50.0,0,0.7,-1.3,0,0,0,0,7.0,10.0,70.0,28.0,6.0,35.7,37.6,11.0,0.0,8.9,15.0,1.0,6.7,1.0,18.0,283.0,426.0,66.4,5578.0,2465.0,114.0,147.0,77.6,111.0,144.0,77.1,52.0,101.0,51.5,0,0.3,0.4,9.0,18.0,4.0,1.0,33.0,426.0,355.0,68.0,12.0,0.0,4.0,28.0,37.0,5.0,2.0,3.0,0.0,283.0,3.0,13.0,19.0,11.0,4.0,0.0,2.0,2.0,0.0,0.0,0.0,0.0,0.0,0.0,0.0,0.0,25.0,15.0,14.0,9.0,2.0,8.0,13.0,61.5,5.0,11.0,1.0,10.0,15.0,40,20.0,0.0,50.0,544.0,78.0,211.0,212.0,124.0,13.0,544.0,17.0,9.0,52.9,8.0,47.1,206.0,1059.0,427.0,5.0,4.0,3.0,22.0,8.0,281.0,32.0,2,0,0,8.0,9.0,3.0,28.0,15.0,15.0,0.0,0.0,0,58.0,5.0,12.0,29.4,9.0,4.0,44.4,0.22,0.5,16.1,1.0,0,0,0.4,0.4,0.05,1.6,1.6,2.0,2.0,100.0,1,0.4,0.4,0,0,0,0,5.0,10.0,50.0,18.0,2.0,50.0,41.7,11.0,9.1,18.4,21.0,0.0,0.0,1.0,13.7,306.0,425.0,72.0,5984.0,2787.0,116.0,152.0,76.3,144.0,181.0,79.6,45.0,81.0,55.6,2,0.4,0.5,6.0,28.0,7.0,2.0,30.0,425.0,358.0,64.0,10.0,0.0,2.0,18.0,37.0,5.0,4.0,0.0,1.0,306.0,3.0,12.0,14.0,9.0,2.0,2.0,0.0,1.0,0.0,4.0,3.0,1.0,0.0,0.0,0.0,0.0,16.0,12.0,7.0,5.0,4.0,8.0,17.0,47.1,9.0,11.0,1.0,10.0,13.0,29,28.0,0.0,50.0,545.0,66.0,187.0,202.0,162.0,21.0,545.0,13.0,5.0,38.5,8.0,61.5,302.0,1941.0,870.0,17.0,15.0,4.0,19.0,17.0,303.0,30.0,4,0,0,9.0,8.0,3.0,18.0,13.0,12.0,0.0,0.0,0,44.0,12.0,5.0,70.6
2022-10-02,18:00,Liga F,Matchweek 4,Sun,Home,L,0,3,Athletic Club,Real Madrid,0.5,1.5,38.0,,Marta Unzué,4-2-3-1,Amy Peñalver Pearce,8.0,2.0,25.0,0.0,0.0,19.6,1.0,0,0,0.5,0.5,0.07,-0.5,-0.5,5.0,2.0,40.0,0,1.3,-1.7,0,0,0,0,6.0,9.0,66.7,35.0,2.0,14.3,27.2,13.0,30.8,31.7,8.0,1.0,12.5,0.0,10.5,246.0,360.0,68.3,4541.0,1708.0,92.0,114.0,80.7,104.0,139.0,74.8,36.0,77.0,46.8,0,0.2,0.3,4.0,9.0,5.0,2.0,12.0,360.0,303.0,52.0,12.0,0.0,1.0,9.0,19.0,4.0,3.0,0.0,0.0,246.0,5.0,4.0,11.0,5.0,3.0,0.0,2.0,1.0,0.0,0.0,0.0,0.0,0.0,0.0,0.0,0.0,17.0,10.0,6.0,8.0,3.0,5.0,17.0,29.4,12.0,7.0,2.0,5.0,11.0,28,10.0,1.0,38.0,461.0,68.0,228.0,155.0,85.0,12.0,461.0,5.0,3.0,60.0,2.0,40.0,186.0,1049.0,493.0,9.0,8.0,2.0,27.0,11.0,246.0,12.0,1,0,0,16.0,8.0,5.0,9.0,11.0,10.0,0.0,0.0,0,64.0,7.0,13.0,35.0,12.0,5.0,41.7,0.25,0.6,17.8,0.0,0,0,1.5,1.5,0.12,1.5,1.5,2.0,2.0,100.0,1,0.0,0.0,0,0,0,0,5.0,7.0,71.4,21.0,3.0,9.5,24.2,10.0,50.0,30.5,8.0,2.0,25.0,2.0,14.3,479.0,598.0,80.1,8835.0,3339.0,200.0,238.0,84.0,209.0,243.0,86.0,59.0,82.0,72.0,3,1.4,1.4,10.0,30.0,10.0,1.0,32.0,598.0,533.0,60.0,21.0,1.0,3.0,12.0,26.0,2.0,1.0,1.0,0.0,479.0,5.0,6.0,19.0,16.0,0.0,1.0,1.0,0.0,1.0,6.0,5.0,0.0,0.0,0.0,0.0,1.0,13.0,9.0,1.0,4.0,8.0,2.0,5.0,40.0,3.0,5.0,2.0,3.0,12.0,25,14.0,0.0,62.0,690.0,54.0,236.0,299.0,160.0,23.0,690.0,17.0,12.0,70.6,5.0,29.4,461.0,2274.0,1119.0,18.0,18.0,7.0,14.0,12.0,474.0,30.0,2,0,0,9.0,16.0,5.0,12.0,12.0,9.0,0.0,0.0,0,69.0,13.0,7.0,65.0
2022-10-15,17:45,Liga F,Matchweek 5,Sat,Home,L,0,3,Athletic Club,Barcelona,0.2,2.8,31.0,,Marta Unzué,4-2-3-1,Patricia Luna Varo,5.0,1.0,20.0,0.0,0.0,30.9,0.0,0,0,0.2,0.2,0.03,-0.2,-0.2,7.0,4.0,57.1,0,3.3,0.3,0,0,0,0,5.0,14.0,35.7,27.0,3.0,33.3,33.2,16.0,31.3,32.9,11.0,0.0,0.0,2.0,21.0,173.0,307.0,56.4,3301.0,1318.0,71.0,89.0,79.8,62.0,91.0,68.1,30.0,98.0,30.6,0,0.1,0.1,3.0,10.0,1.0,0.0,9.0,307.0,247.0,58.0,16.0,1.0,2.0,11.0,22.0,0.0,0.0,0.0,0.0,173.0,2.0,5.0,6.0,4.0,1.0,0.0,0.0,1.0,0.0,0.0,0.0,0.0,0.0,0.0,0.0,0.0,20.0,11.0,11.0,4.0,5.0,14.0,21.0,66.7,7.0,14.0,6.0,8.0,16.0,36,18.0,1.0,31.0,420.0,72.0,211.0,150.0,64.0,2.0,420.0,10.0,2.0,20.0,8.0,80.0,170.0,733.0,349.0,5.0,5.0,0.0,11.0,3.0,171.0,9.0,0,0,0,8.0,13.0,2.0,11.0,16.0,11.0,0.0,0.0,0,62.0,9.0,11.0,45.0,25.0,7.0,28.0,0.12,0.43,15.6,0.0,0,0,2.8,2.8,0.11,0.2,0.2,1.0,1.0,100.0,1,0.1,0.1,0,0,0,0,5.0,8.0,62.5,33.0,9.0,24.2,27.8,7.0,0.0,10.6,8.0,0.0,0.0,1.0,27.0,550.0,670.0,82.1,10476.0,3928.0,207.0,242.0,85.5,279.0,324.0,86.1,61.0,86.0,70.9,3,2.3,2.9,21.0,55.0,17.0,1.0,71.0,670.0,627.0,40.0,9.0,0.0,5.0,16.0,19.0,4.0,0.0,3.0,0.0,550.0,3.0,7.0,42.0,32.0,4.0,2.0,4.0,0.0,0.0,5.0,4.0,0.0,1.0,0.0,0.0,0.0,11.0,7.0,5.0,4.0,2.0,8.0,10.0,80.0,2.0,5.0,1.0,4.0,6.0,17,9.0,0.0,69.0,769.0,58.0,233.0,303.0,240.0,52.0,769.0,21.0,7.0,33.3,12.0,57.1,380.0,1973.0,1028.0,28.0,15.0,9.0,21.0,6.0,542.0,70.0,1,0,0,14.0,8.0,3.0,16.0,6.0,7.0,0.0,0.0,0,78.0,11.0,9.0,55.0
2022-10-22,12:00,Liga F,Matchweek 6,Sat,Away,D,1,1,Athletic Club,Alavés,1.1,0.6,53.0,,Nekane Díez,4-2-3-1,Elisabeth Calvo Valentín,17.0,6.0,35.3,0.06,0.17,18.1,1.0,0,0,1.1,1.1,0.07,-0.1,-0.1,5.0,4.0,80.0,0,1.2,0.2,0,0,0,0,5.0,14.0,35.7,22.0,1.0,59.1,44.2,2.0,50.0,37.0,16.0,4.0,25.0,0.0,5.6,244.0,366.0,66.7,5834.0,2437.0,71.0,97.0,73.2,102.0,132.0,77.3,71.0,129.0,55.0,1,0.9,1.0,12.0,28.0,5.0,2.0,27.0,366.0,302.0,62.0,19.0,0.0,5.0,19.0,33.0,6.0,4.0,1.0,0.0,244.0,2.0,5.0,27.0,17.0,4.0,1.0,4.0,1.0,0.0,1.0,0.0,0.0,0.0,1.0,0.0,0.0,12.0,9.0,5.0,7.0,0.0,5.0,8.0,62.5,3.0,11.0,3.0,8.0,4.0,16,21.0,0.0,53.0,465.0,66.0,206.0,165.0,98.0,15.0,465.0,4.0,4.0,100.0,0.0,0.0,222.0,1051.0,463.0,7.0,2.0,2.0,15.0,14.0,238.0,27.0,2,0,0,11.0,12.0,2.0,19.0,4.0,9.0,0.0,0.0,0,50.0,10.0,11.0,47.6,10.0,5.0,50.0,0.1,0.2,13.0,0.0,0,0,0.6,0.6,0.06,0.4,0.4,6.0,5.0,83.3,0,2.2,1.2,0,0,0,0,10.0,27.0,37.0,33.0,0.0,60.6,41.3,8.0,87.5,52.8,16.0,1.0,6.3,0.0,13.5,186.0,320.0,58.1,4061.0,2113.0,57.0,77.0,74.0,85.0,123.0,69.1,41.0,95.0,43.2,1,0.3,0.5,7.0,21.0,5.0,1.0,22.0,320.0,249.0,66.0,13.0,0.0,1.0,17.0,35.0,8.0,7.0,0.0,0.0,186.0,5.0,9.0,16.0,10.0,1.0,1.0,2.0,1.0,1.0,2.0,1.0,0.0,1.0,0.0,0.0,0.0,14.0,11.0,6.0,7.0,1.0,0.0,4.0,0.0,4.0,9.0,4.0,5.0,5.0,19,20.0,0.0,47.0,416.0,70.0,167.0,157.0,100.0,24.0,416.0,8.0,3.0,37.5,5.0,62.5,180.0,1090.0,512.0,16.0,6.0,9.0,14.0,7.0,182.0,21.0,4,0,0,15.0,11.0,5.0,17.0,5.0,11.0,0.0,0.0,0,48.0,11.0,10.0,52.4
2022-10-29,11:45,Liga F,Matchweek 7,Sat,Home,L,1,4,Athletic Club,Atlético Madrid,0.9,1.9,52.0,,Marta Unzué,4-2-3-1,Marta Frías Acedo,13.0,3.0,23.1,0.08,0.33,24.0,0.0,0,0,0.9,0.9,0.07,0.1,0.1,8.0,4.0,50.0,0,3.4,-0.6,0,0,0,0,1.0,11.0,9.1,20.0,6.0,40.0,33.7,13.0,23.1,24.3,13.0,1.0,7.7,0.0,10.0,340.0,468.0,72.6,6856.0,2381.0,115.0,146.0,78.8,173.0,209.0,82.8,48.0,93.0,51.6,0,0.8,1.1,10.0,32.0,6.0,4.0,44.0,468.0,406.0,62.0,9.0,2.0,3.0,31.0,30.0,5.0,2.0,1.0,1.0,340.0,0.0,12.0,21.0,20.0,1.0,0.0,0.0,0.0,0.0,2.0,2.0,0.0,0.0,0.0,0.0,0.0,17.0,11.0,13.0,2.0,2.0,8.0,19.0,42.1,11.0,7.0,2.0,5.0,16.0,33,17.0,0.0,52.0,586.0,65.0,203.0,244.0,144.0,14.0,586.0,12.0,7.0,58.3,5.0,41.7,342.0,1584.0,831.0,16.0,13.0,2.0,25.0,7.0,339.0,44.0,0,0,0,9.0,7.0,0.0,31.0,16.0,11.0,0.0,0.0,0,70.0,5.0,7.0,41.7,16.0,8.0,50.0,0.25,0.5,22.0,0.0,0,0,1.9,1.9,0.12,2.1,2.1,3.0,2.0,66.7,0,0.3,-0.7,0,0,0,0,5.0,10.0,50.0,20.0,11.0,25.0,28.8,13.0,38.5,30.3,23.0,3.0,13.0,2.0,8.9,328.0,439.0,74.7,5871.0,2560.0,151.0,181.0,83.4,127.0,166.0,76.5,42.0,70.0,60.0,1,0.7,0.4,12.0,39.0,7.0,1.0,38.0,439.0,391.0,45.0,9.0,0.0,3.0,15.0,19.0,2.0,1.0,1.0,0.0,328.0,3.0,5.0,23.0,17.0,0.0,2.0,3.0,0.0,1.0,6.0,4.0,0.0,1.0,1.0,0.0,0.0,12.0,6.0,5.0,6.0,1.0,5.0,12.0,41.7,7.0,11.0,2.0,9.0,17.0,29,27.0,1.0,48.0,568.0,56.0,170.0,236.0,167.0,26.0,568.0,19.0,11.0,57.9,8.0,42.1,261.0,1667.0,816.0,23.0,16.0,7.0,24.0,9.0,322.0,36.0,0,0,0,7.0,9.0,3.0,15.0,17.0,6.0,0.0,0.0,0,71.0,7.0,5.0,58.3
2022-11-01,17:00,Liga F,Matchweek 1,Tue,Away,W,2,0,Athletic Club,UDG Tenerife,0.4,0.7,41.0,,Marta Unzué,4-2-3-1,Paola Cebollada López,8.0,3.0,37.5,0.13,0.33,19.8,0.0,0,0,0.4,0.4,0.05,0.6,0.6,4.0,4.0,100.0,1,0.5,0.5,0,0,0,0,12.0,24.0,50.0,25.0,2.0,76.0,52.7,5.0,100.0,61.0,25.0,3.0,12.0,0.0,9.0,161.0,313.0,51.4,3726.0,2624.0,57.0,80.0,71.3,68.0,113.0,60.2,34.0,99.0,34.3,1,0.4,0.3,6.0,25.0,3.0,1.0,25.0,313.0,259.0,52.0,8.0,0.0,1.0,16.0,35.0,3.0,3.0,0.0,0.0,161.0,2.0,10.0,12.0,10.0,2.0,0.0,0.0,0.0,0.0,2.0,1.0,1.0,0.0,0.0,0.0,0.0,20.0,12.0,13.0,5.0,2.0,9.0,17.0,52.9,8.0,11.0,3.0,8.0,13.0,33,31.0,0.0,41.0,448.0,62.0,183.0,145.0,123.0,11.0,448.0,8.0,2.0,25.0,6.0,75.0,129.0,664.0,252.0,5.0,2.0,4.0,25.0,4.0,158.0,25.0,2,0,0,13.0,7.0,2.0,16.0,13.0,12.0,0.0,0.0,0,72.0,19.0,13.0,59.4,13.0,4.0,30.8,0.0,0.0,18.3,1.0,0,0,0.7,0.7,0.05,-0.7,-0.7,3.0,2.0,33.3,0,0.2,-0.8,0,0,0,0,5.0,23.0,21.7,31.0,5.0,48.4,41.6,14.0,57.1,44.1,13.0,0.0,0.0,1.0,15.0,285.0,453.0,62.9,6592.0,3091.0,81.0,115.0,70.4,135.0,183.0,73.8,68.0,143.0,47.6,0,0.4,0.8,10.0,25.0,12.0,3.0,34.0,453.0,363.0,89.0,13.0,1.0,0.0,31.0,50.0,9.0,3.0,5.0,0.0,285.0,1.0,11.0,23.0,12.0,6.0,1.0,2.0,2.0,0.0,0.0,0.0,0.0,0.0,0.0,0.0,0.0,10.0,8.0,9.0,0.0,1.0,6.0,8.0,75.0,2.0,11.0,1.0,10.0,9.0,19,23.0,0.0,59.0,561.0,74.0,237.0,174.0,153.0,18.0,561.0,17.0,8.0,47.1,9.0,52.9,201.0,1136.0,502.0,10.0,5.0,1.0,14.0,11.0,279.0,34.0,2,0,0,7.0,13.0,1.0,31.0,9.0,8.0,0.0,0.0,1,54.0,13.0,19.0,40.6
2022-11-05,12:00,Liga F,Matchweek 8,Sat,Away,W,2,1,Athletic Club,Valencia,0.7,2.0,46.0,,Oihane Hernández,4-2-3-1,Zulema González González,11.0,5.0,45.5,0.18,0.4,19.8,0.0,0,0,0.7,0.7,0.07,1.3,1.3,6.0,5.0,83.3,0,2.2,1.2,0,0,0,0,7.0,19.0,36.8,21.0,3.0,57.1,38.0,12.0,58.3,41.2,14.0,1.0,7.1,1.0,15.0,267.0,376.0,71.0,5275.0,2118.0,96.0,116.0,82.8,126.0,155.0,81.3,39.0,85.0,45.9,2,0.6,0.4,9.0,22.0,6.0,1.0,24.0,376.0,328.0,46.0,10.0,0.0,4.0,15.0,19.0,3.0,2.0,0.0,0.0,267.0,2.0,7.0,21.0,15.0,3.0,0.0,1.0,1.0,1.0,4.0,4.0,0.0,0.0,0.0,0.0,0.0,18.0,14.0,7.0,6.0,5.0,5.0,12.0,41.7,7.0,16.0,5.0,11.0,8.0,26,28.0,0.0,46.0,484.0,70.0,196.0,193.0,100.0,11.0,484.0,8.0,2.0,25.0,6.0,75.0,268.0,1272.0,608.0,11.0,8.0,4.0,18.0,9.0,266.0,23.0,1,0,0,13.0,6.0,1.0,15.0,8.0,14.0,0.0,0.0,0,61.0,8.0,6.0,57.1,21.0,6.0,28.6,0.05,0.17,17.0,1.0,0,0,2.0,2.0,0.1,-1.0,-1.0,5.0,3.0,60.0,0,1.6,-0.4,0,0,0,0,1.0,5.0,20.0,30.0,4.0,6.7,25.6,8.0,37.5,28.6,12.0,1.0,8.3,1.0,13.2,324.0,445.0,72.8,5477.0,2285.0,143.0,170.0,84.1,139.0,178.0,78.1,26.0,57.0,45.6,0,1.8,1.7,14.0,26.0,4.0,1.0,37.0,445.0,376.0,68.0,14.0,0.0,2.0,20.0,36.0,7.0,0.0,3.0,3.0,324.0,1.0,13.0,37.0,20.0,7.0,1.0,5.0,3.0,1.0,2.0,2.0,0.0,0.0,0.0,0.0,0.0,15.0,9.0,10.0,2.0,3.0,6.0,8.0,75.0,2.0,7.0,1.0,6.0,8.0,23,12.0,0.0,54.0,546.0,54.0,192.0,221.0,140.0,30.0,546.0,12.0,7.0,58.3,5.0,41.7,239.0,1504.0,944.0,14.0,10.0,4.0,19.0,13.0,321.0,37.0,2,0,0,7.0,12.0,1.0,20.0,8.0,9.0,0.0,0.0,0,60.0,6.0,8.0,42.9
2022-11-19,20:00,Liga F,Matchweek 9,Sat,Home,L,1,3,Athletic Club,Real Sociedad,0.6,1.3,40.0,,Marta Unzué,4-2-3-1,Marta Huerta de Aza,9.0,2.0,22.2,0.11,0.5,19.7,0.0,0,0,0.6,0.6,0.06,0.4,0.4,7.0,4.0,57.1,0,2.1,-0.9,0,0,0,0,1.0,4.0,25.0,17.0,6.0,11.8,27.3,8.0,25.0,33.8,12.0,0.0,0.0,0.0,20.0,282.0,394.0,71.6,5481.0,2127.0,110.0,140.0,78.6,122.0,156.0,78.2,43.0,75.0,57.3,1,0.5,0.3,6.0,18.0,4.0,2.0,26.0,394.0,337.0,56.0,12.0,0.0,3.0,22.0,25.0,7.0,5.0,0.0,0.0,282.0,1.0,7.0,15.0,11.0,2.0,1.0,1.0,0.0,0.0,2.0,2.0,0.0,0.0,0.0,0.0,0.0,29.0,12.0,13.0,4.0,12.0,9.0,22.0,40.9,13.0,11.0,2.0,9.0,16.0,45,19.0,0.0,40.0,533.0,61.0,197.0,221.0,121.0,13.0,533.0,19.0,14.0,73.7,5.0,26.3,282.0,1750.0,802.0,19.0,12.0,4.0,28.0,18.0,282.0,26.0,0,0,0,6.0,8.0,1.0,22.0,16.0,12.0,0.0,0.0,0,73.0,8.0,13.0,38.1,15.0,7.0,46.7,0.2,0.43,18.0,0.0,0,0,1.3,1.3,0.09,1.7,1.7,2.0,1.0,50.0,0,0.6,-0.4,0,0,0,0,2.0,2.0,100.0,13.0,2.0,15.4,28.8,7.0,0.0,21.1,16.0,0.0,0.0,1.0,10.6,469.0,586.0,80.0,8697.0,3025.0,191.0,223.0,85.7,217.0,268.0,81.0,53.0,76.0,69.7,2,1.0,0.7,10.0,46.0,7.0,1.0,53.0,586.0,536.0,46.0,7.0,2.0,8.0,13.0,26.0,4.0,1.0,3.0,0.0,469.0,4.0,9.0,24.0,18.0,2.0,1.0,2.0,0.0,1.0,5.0,2.0,1.0,0.0,2.0,0.0,0.0,23.0,17.0,11.0,7.0,5.0,5.0,19.0,26.3,14.0,8.0,3.0,5.0,12.0,35,30.0,0.0,60.0,721.0,58.0,216.0,318.0,193.0,25.0,721.0,22.0,13.0,59.1,9.0,40.9,376.0,2015.0,935.0,20.0,16.0,8.0,18.0,20.0,461.0,52.0,2,0,0,9.0,6.0,4.0,13.0,12.0,17.0,0.0,0.0,0,82.0,13.0,8.0,61.9
2022-11-26,16:00,Liga F,Matchweek 10,Sat,Away,W,6,1,Athletic Club,Villarreal,2.4,1.3,57.0,,Marta Unzué,4-3-3,Patricia Luna Varo,14.0,8.0,57.1,0.36,0.63,16.7,0.0,0,0,2.4,2.4,0.17,2.6,2.6,4.0,3.0,75.0,0,1.5,0.5,0,0,0,0,1.0,2.0,50.0,31.0,10.0,3.2,24.8,9.0,11.1,23.3,8.0,1.0,12.5,3.0,21.7,305.0,426.0,71.6,6419.0,2480.0,99.0,131.0,75.6,163.0,199.0,81.9,41.0,85.0,48.2,4,1.5,0.3,10.0,27.0,2.0,1.0,20.0,426.0,366.0,58.0,13.0,0.0,1.0,23.0,29.0,5.0,3.0,1.0,0.0,305.0,2.0,9.0,22.0,16.0,2.0,0.0,1.0,3.0,0.0,7.0,7.0,0.0,0.0,0.0,0.0,0.0,12.0,10.0,6.0,6.0,0.0,8.0,10.0,80.0,2.0,7.0,4.0,3.0,11.0,23,19.0,0.0,57.0,556.0,69.0,217.0,216.0,126.0,16.0,556.0,21.0,9.0,42.9,12.0,57.1,253.0,1300.0,679.0,15.0,9.0,5.0,19.0,12.0,300.0,20.0,4,0,0,8.0,12.0,2.0,23.0,11.0,10.0,0.0,0.0,0,60.0,6.0,10.0,37.5,14.0,4.0,28.6,0.07,0.25,20.5,1.0,0,0,1.3,1.3,0.09,-0.3,-0.3,8.0,3.0,25.0,0,3.5,-1.5,0,0,0,0,9.0,25.0,36.0,23.0,2.0,65.2,42.8,10.0,100.0,49.5,18.0,1.0,5.6,4.0,18.9,190.0,325.0,58.5,3349.0,1761.0,97.0,140.0,69.3,63.0,98.0,64.3,24.0,70.0,34.3,0,0.4,0.6,7.0,11.0,3.0,2.0,21.0,325.0,270.0,54.0,9.0,0.0,1.0,17.0,23.0,5.0,4.0,1.0,0.0,190.0,1.0,3.0,23.0,8.0,7.0,2.0,2.0,2.0,2.0,1.0,0.0,1.0,0.0,0.0,0.0,0.0,24.0,14.0,11.0,11.0,2.0,12.0,21.0,57.1,9.0,10.0,2.0,8.0,13.0,37,20.0,1.0,43.0,441.0,41.0,152.0,202.0,91.0,13.0,441.0,10.0,2.0,20.0,8.0,80.0,200.0,938.0,324.0,4.0,6.0,1.0,23.0,4.0,187.0,21.0,2,1,1,12.0,8.0,1.0,17.0,13.0,14.0,0.0,0.0,1,55.0,10.0,6.0,62.5
2022-12-03,16:00,Liga F,Matchweek 11,Sat,Home,L,0,2,Athletic Club,Madrid CFF,0.8,1.9,55.0,,Marta Unzué,3-4-1-2,Xiomara Díaz García,12.0,3.0,25.0,0.0,0.0,20.7,0.0,0,0,0.8,0.8,0.07,-0.8,-0.8,9.0,7.0,77.8,0,2.6,0.6,0,0,0,0,2.0,6.0,33.3,29.0,9.0,20.7,28.5,11.0,0.0,17.8,13.0,1.0,7.7,7.0,22.3,366.0,522.0,70.1,6069.0,2535.0,184.0,227.0,81.1,157.0,198.0,79.3,23.0,78.0,29.5,0,0.6,0.6,7.0,24.0,5.0,3.0,35.0,522.0,453.0,66.0,10.0,0.0,2.0,20.0,38.0,4.0,4.0,0.0,0.0,366.0,3.0,9.0,18.0,12.0,1.0,0.0,4.0,0.0,1.0,0.0,0.0,0.0,0.0,0.0,0.0,0.0,16.0,9.0,9.0,6.0,1.0,5.0,9.0,55.6,4.0,11.0,0.0,11.0,18.0,34,24.0,0.0,55.0,669.0,66.0,236.0,278.0,159.0,17.0,669.0,16.0,6.0,37.5,10.0,62.5,406.0,1663.0,748.0,5.0,12.0,1.0,40.0,15.0,365.0,35.0,0,0,0,10.0,6.0,3.0,20.0,18.0,9.0,0.0,0.0,0,73.0,12.0,12.0,50.0,17.0,9.0,52.9,0.12,0.22,20.9,0.0,0,0,1.9,1.9,0.11,0.1,0.1,3.0,3.0,100.0,1,0.7,0.7,0,0,0,0,1.0,2.0,50.0,13.0,3.0,15.4,27.8,8.0,12.5,15.1,16.0,2.0,12.5,0.0,5.7,256.0,419.0,61.1,4424.0,2389.0,119.0,162.0,73.5,91.0,140.0,65.0,33.0,78.0,42.3,2,1.8,0.7,10.0,30.0,7.0,1.0,32.0,419.0,350.0,65.0,13.0,2.0,2.0,16.0,39.0,4.0,2.0,2.0,0.0,256.0,4.0,12.0,28.0,21.0,3.0,2.0,0.0,2.0,0.0,3.0,2.0,0.0,1.0,0.0,0.0,0.0,26.0,14.0,16.0,8.0,2.0,10.0,16.0,62.5,6.0,11.0,4.0,7.0,12.0,38,20.0,1.0,45.0,571.0,65.0,215.0,246.0,114.0,18.0,571.0,9.0,4.0,44.4,5.0,55.6,184.0,995.0,503.0,14.0,4.0,6.0,28.0,11.0,253.0,31.0,1,0,0,6.0,10.0,4.0,16.0,12.0,14.0,0.0,0.0,0,84.0,13.0,12.0,52.0
2022-12-11,16:00,Liga F,Matchweek 12,Sun,Away,L,0,1,Athletic Club,Real Betis,0.6,2.0,56.0,,Nekane Díez,4-2-3-1,María Eugenia Gil Soriano,6.0,2.0,33.3,0.0,0.0,18.3,0.0,0,0,0.6,0.6,0.09,-0.6,-0.6,8.0,7.0,87.5,0,1.4,0.4,0,0,0,0,5.0,16.0,31.3,38.0,5.0,39.5,34.6,8.0,12.5,24.5,10.0,2.0,20.0,2.0,11.8,279.0,441.0,63.3,5285.0,2018.0,111.0,137.0,81.0,115.0,166.0,69.3,46.0,102.0,45.1,0,0.5,0.4,3.0,14.0,3.0,3.0,18.0,441.0,374.0,62.0,11.0,1.0,1.0,13.0,37.0,4.0,3.0,0.0,1.0,279.0,5.0,11.0,11.0,7.0,2.0,0.0,1.0,1.0,0.0,0.0,0.0,0.0,0.0,0.0,0.0,0.0,25.0,14.0,12.0,13.0,0.0,7.0,22.0,31.8,15.0,7.0,2.0,5.0,5.0,30,18.0,0.0,56.0,543.0,70.0,218.0,248.0,83.0,7.0,543.0,10.0,6.0,60.0,4.0,40.0,226.0,1052.0,537.0,7.0,7.0,1.0,25.0,12.0,274.0,18.0,4,0,0,11.0,10.0,5.0,13.0,5.0,14.0,0.0,0.0,0,79.0,13.0,10.0,56.5,16.0,8.0,50.0,0.06,0.13,18.2,0.0,0,0,2.0,2.0,0.13,-1.0,-1.0,2.0,2.0,100.0,1,0.4,0.4,0,0,0,0,14.0,27.0,51.9,35.0,1.0,68.6,42.3,4.0,75.0,34.5,10.0,3.0,30.0,5.0,17.7,234.0,353.0,66.3,4513.0,2250.0,96.0,126.0,76.2,102.0,138.0,73.9,28.0,67.0,41.8,0,1.1,0.8,9.0,22.0,3.0,0.0,38.0,353.0,292.0,60.0,16.0,0.0,0.0,16.0,34.0,5.0,3.0,1.0,0.0,234.0,1.0,8.0,24.0,17.0,2.0,4.0,1.0,0.0,0.0,0.0,0.0,0.0,0.0,0.0,0.0,0.0,16.0,9.0,5.0,8.0,3.0,4.0,10.0,40.0,6.0,12.0,1.0,11.0,15.0,31,25.0,0.0,44.0,505.0,48.0,147.0,236.0,130.0,18.0,505.0,22.0,15.0,68.2,7.0,31.8,249.0,1525.0,630.0,14.0,9.0,4.0,33.0,18.0,229.0,38.0,2,0,0,10.0,10.0,1.0,16.0,15.0,9.0,0.0,0.0,0,72.0,10.0,13.0,43.5
2022-12-17,16:00,Liga F,Matchweek 13,Sat,Away,D,1,1,Athletic Club,Sevilla,0.4,2.3,52.0,,Marta Unzué,4-2-3-1,Alicia Espinosa Ríos,9.0,1.0,11.1,0.11,1.0,27.5,0.0,0,0,0.4,0.4,0.05,0.6,0.6,6.0,4.0,83.3,0,1.7,0.7,1,0,1,0,5.0,10.0,50.0,29.0,6.0,20.7,27.7,9.0,44.4,35.0,16.0,1.0,6.3,1.0,12.0,329.0,451.0,72.9,6282.0,2985.0,121.0,151.0,80.1,164.0,194.0,84.5,37.0,78.0,47.4,1,0.3,0.5,6.0,43.0,7.0,5.0,51.0,451.0,400.0,49.0,7.0,0.0,1.0,21.0,27.0,4.0,4.0,0.0,0.0,329.0,2.0,6.0,13.0,11.0,1.0,0.0,0.0,1.0,0.0,2.0,1.0,1.0,0.0,0.0,0.0,0.0,19.0,15.0,3.0,8.0,8.0,6.0,12.0,50.0,6.0,12.0,5.0,7.0,8.0,27,20.0,1.0,52.0,572.0,70.0,168.0,259.0,153.0,8.0,572.0,20.0,8.0,40.0,12.0,60.0,332.0,1674.0,748.0,14.0,7.0,0.0,29.0,8.0,320.0,48.0,2,0,0,13.0,6.0,2.0,21.0,8.0,15.0,0.0,1.0,0,72.0,12.0,15.0,44.4,19.0,5.0,26.3,0.05,0.2,16.6,0.0,0,1,2.3,1.5,0.08,-1.3,-0.5,1.0,0.0,0.0,0,0.7,-0.3,0,0,0,0,8.0,15.0,53.3,21.0,5.0,33.3,33.2,9.0,88.9,45.1,18.0,2.0,11.1,0.0,4.8,299.0,414.0,72.2,5428.0,2731.0,128.0,151.0,84.8,137.0,179.0,76.5,31.0,68.0,45.6,0,1.2,2.1,14.0,30.0,7.0,3.0,41.0,414.0,357.0,55.0,14.0,2.0,0.0,18.0,24.0,6.0,3.0,2.0,0.0,299.0,2.0,7.0,32.0,20.0,4.0,2.0,3.0,2.0,1.0,0.0,0.0,0.0,0.0,0.0,0.0,0.0,20.0,15.0,9.0,11.0,0.0,12.0,20.0,60.0,8.0,6.0,0.0,6.0,10.0,30,18.0,0.0,48.0,550.0,46.0,191.0,246.0,120.0,28.0,549.0,12.0,6.0,50.0,6.0,50.0,220.0,1463.0,561.0,14.0,11.0,5.0,33.0,13.0,297.0,41.0,0,0,0,6.0,12.0,2.0,18.0,10.0,15.0,1.0,0.0,0,72.0,15.0,12.0,55.6
2023-01-08,12:00,Liga F,Matchweek 14,Sun,Home,W,2,0,Athletic Club,Levante Planas,2.6,0.8,65.0,,Oihane Hernández,4-2-3-1,Elia María Martínez Martínez,19.0,7.0,36.8,0.11,0.29,16.1,0.0,0,0,2.6,2.6,0.14,-0.6,-0.6,6.0,6.0,100.0,1,0.7,0.7,0,0,0,0,1.0,2.0,50.0,25.0,6.0,8.0,23.5,4.0,0.0,15.8,6.0,0.0,0.0,3.0,17.6,426.0,546.0,78.0,7712.0,2763.0,154.0,184.0,83.7,200.0,224.0,89.3,50.0,93.0,53.8,1,1.1,0.8,8.0,28.0,12.0,7.0,31.0,546.0,489.0,50.0,14.0,0.0,2.0,24.0,26.0,5.0,2.0,1.0,0.0,426.0,7.0,4.0,31.0,21.0,3.0,0.0,5.0,1.0,1.0,3.0,2.0,0.0,0.0,1.0,0.0,0.0,23.0,19.0,5.0,16.0,2.0,15.0,19.0,78.9,4.0,7.0,2.0,5.0,14.0,37,2.0,1.0,65.0,657.0,39.0,178.0,350.0,136.0,28.0,657.0,12.0,6.0,50.0,6.0,50.0,389.0,1791.0,1002.0,13.0,12.0,1.0,26.0,18.0,421.0,31.0,2,0,0,13.0,13.0,7.0,24.0,14.0,19.0,0.0,0.0,0,76.0,3.0,11.0,21.4,11.0,6.0,54.5,0.0,0.0,18.6,0.0,0,0,0.8,0.8,0.08,-0.8,-0.8,7.0,5.0,71.4,0,2.5,0.5,0,0,0,0,0.0,2.0,0.0,24.0,9.0,8.3,25.5,7.0,0.0,18.0,21.0,1.0,4.8,0.0,9.0,188.0,297.0,63.3,3324.0,1801.0,87.0,114.0,76.3,79.0,108.0,73.1,19.0,60.0,31.7,0,0.8,0.2,9.0,9.0,3.0,1.0,15.0,297.0,239.0,58.0,20.0,0.0,3.0,8.0,27.0,2.0,1.0,0.0,1.0,188.0,0.0,6.0,15.0,7.0,3.0,2.0,1.0,2.0,0.0,0.0,0.0,0.0,0.0,0.0,0.0,0.0,24.0,15.0,11.0,12.0,1.0,6.0,12.0,50.0,6.0,10.0,7.0,3.0,10.0,34,21.0,0.0,35.0,429.0,66.0,205.0,178.0,51.0,13.0,429.0,19.0,4.0,21.1,15.0,78.9,173.0,1212.0,588.0,9.0,8.0,1.0,23.0,8.0,188.0,15.0,5,1,1,14.0,13.0,0.0,8.0,10.0,15.0,0.0,0.0,0,58.0,11.0,3.0,78.6
2023-01-15,12:00,Liga F,Matchweek 15,Sun,Away,L,1,2,Athletic Club,Alhama,0.4,1.8,58.0,,Nekane Díez,4-2-3-1,Zulema González González,10.0,2.0,20.0,0.1,0.5,27.2,1.0,0,0,0.4,0.4,0.04,0.6,0.6,6.0,4.0,66.7,0,2.1,0.1,0,0,0,0,7.0,14.0,50.0,37.0,8.0,21.6,31.8,11.0,54.5,33.7,19.0,0.0,0.0,0.0,12.0,345.0,524.0,65.8,6697.0,3274.0,139.0,184.0,75.5,147.0,196.0,75.0,55.0,117.0,47.0,1,0.2,0.8,3.0,28.0,4.0,4.0,32.0,524.0,453.0,69.0,8.0,0.0,1.0,20.0,43.0,4.0,3.0,0.0,0.0,345.0,2.0,15.0,13.0,9.0,1.0,1.0,0.0,2.0,0.0,2.0,2.0,0.0,0.0,0.0,0.0,0.0,17.0,9.0,6.0,10.0,1.0,8.0,15.0,53.3,7.0,11.0,2.0,9.0,14.0,31,27.0,0.0,58.0,651.0,79.0,249.0,268.0,137.0,7.0,651.0,14.0,6.0,42.9,8.0,57.1,283.0,1427.0,594.0,8.0,6.0,1.0,20.0,18.0,342.0,32.0,1,0,0,5.0,8.0,2.0,20.0,14.0,9.0,0.0,0.0,0,65.0,24.0,28.0,46.2,20.0,6.0,30.0,0.1,0.33,20.3,0.0,0,0,1.8,1.8,0.09,0.2,0.2,2.0,1.0,50.0,0,0.4,-0.6,0,0,0,0,14.0,20.0,70.0,14.0,0.0,71.4,44.3,10.0,100.0,49.7,17.0,1.0,5.9,0.0,5.5,215.0,376.0,57.2,4516.0,2775.0,91.0,131.0,69.5,82.0,141.0,58.2,41.0,84.0,48.8,2,1.6,1.1,14.0,26.0,6.0,5.0,41.0,376.0,326.0,48.0,7.0,3.0,0.0,26.0,27.0,2.0,0.0,1.0,0.0,215.0,2.0,10.0,32.0,23.0,4.0,1.0,1.0,2.0,1.0,4.0,4.0,0.0,0.0,0.0,0.0,0.0,26.0,13.0,9.0,15.0,2.0,8.0,14.0,57.1,6.0,15.0,2.0,13.0,17.0,43,33.0,0.0,42.0,542.0,57.0,174.0,246.0,129.0,17.0,542.0,15.0,7.0,46.7,8.0,53.3,194.0,952.0,451.0,15.0,12.0,1.0,28.0,9.0,212.0,40.0,0,0,0,8.0,4.0,2.0,26.0,17.0,13.0,0.0,0.0,0,74.0,28.0,24.0,53.8
2023-01-24,19:00,Liga F,Matchweek 16,Tue,Home,L,0,3,Athletic Club,Levante,0.5,2.5,45.0,,Oihane Hernández,4-2-3-1,Beatriz Cuesta Arribas,6.0,2.0,33.3,0.0,0.0,22.2,0.0,0,0,0.5,0.5,0.08,-0.5,-0.5,10.0,7.0,70.0,0,3.0,0.0,0,0,0,0,5.0,10.0,50.0,34.0,6.0,23.5,30.4,7.0,28.6,28.3,12.0,0.0,0.0,2.0,27.0,269.0,391.0,68.8,5796.0,2332.0,83.0,108.0,76.9,132.0,169.0,78.1,54.0,95.0,56.8,0,0.4,0.7,4.0,15.0,5.0,3.0,20.0,391.0,323.0,67.0,11.0,0.0,7.0,25.0,39.0,6.0,5.0,1.0,0.0,269.0,1.0,20.0,8.0,4.0,3.0,0.0,0.0,1.0,0.0,0.0,0.0,0.0,0.0,0.0,0.0,0.0,19.0,13.0,11.0,6.0,2.0,15.0,24.0,62.5,9.0,13.0,5.0,8.0,12.0,31,23.0,0.0,45.0,517.0,79.0,217.0,200.0,104.0,13.0,517.0,17.0,4.0,23.5,13.0,76.5,207.0,1334.0,633.0,18.0,9.0,2.0,18.0,12.0,265.0,20.0,1,0,0,6.0,10.0,1.0,25.0,12.0,13.0,0.0,0.0,0,61.0,11.0,15.0,42.3,19.0,10.0,52.6,0.16,0.3,16.8,0.0,0,0,2.5,2.5,0.14,0.5,0.5,2.0,2.0,100.0,1,0.1,0.1,0,0,0,0,0.0,4.0,0.0,16.0,8.0,18.8,20.7,5.0,20.0,25.0,22.0,1.0,4.5,0.0,2.0,367.0,473.0,77.6,6209.0,2600.0,181.0,210.0,86.2,148.0,186.0,79.6,33.0,55.0,60.0,3,2.5,1.3,17.0,30.0,8.0,1.0,40.0,473.0,420.0,52.0,7.0,4.0,0.0,15.0,32.0,7.0,5.0,0.0,0.0,367.0,1.0,11.0,35.0,29.0,2.0,2.0,2.0,0.0,0.0,6.0,5.0,1.0,0.0,0.0,0.0,0.0,25.0,17.0,11.0,9.0,5.0,13.0,16.0,81.3,3.0,17.0,0.0,17.0,8.0,33,17.0,0.0,55.0,611.0,58.0,185.0,266.0,167.0,29.0,611.0,24.0,9.0,37.5,15.0,62.5,387.0,2056.0,1098.0,20.0,16.0,12.0,29.0,4.0,362.0,38.0,1,0,0,10.0,6.0,1.0,15.0,8.0,17.0,0.0,0.0,0,64.0,15.0,11.0,57.7
2023-01-28,18:15,Liga F,Matchweek 17,Sat,Away,L,1,2,Athletic Club,Real Madrid,0.9,1.8,33.0,,Yulema Corres,4-2-3-1,Patricia Luna Varo,10.0,2.0,20.0,0.1,0.5,16.6,0.0,0,0,0.9,0.9,0.09,0.1,0.1,7.0,5.0,71.4,0,2.3,0.3,0,0,0,0,2.0,5.0,40.0,23.0,7.0,8.7,25.5,11.0,27.3,25.5,19.0,2.0,10.5,0.0,8.5,197.0,295.0,66.8,4134.0,1826.0,57.0,78.0,73.1,106.0,128.0,82.8,31.0,71.0,43.7,1,0.6,0.3,7.0,18.0,4.0,2.0,15.0,295.0,244.0,50.0,12.0,0.0,2.0,22.0,16.0,8.0,7.0,0.0,0.0,197.0,1.0,6.0,15.0,12.0,1.0,0.0,0.0,0.0,2.0,2.0,2.0,0.0,0.0,0.0,0.0,0.0,19.0,15.0,12.0,4.0,3.0,10.0,18.0,55.6,8.0,13.0,7.0,6.0,10.0,29,32.0,0.0,33.0,412.0,81.0,209.0,140.0,66.0,13.0,412.0,8.0,6.0,75.0,2.0,25.0,207.0,930.0,412.0,5.0,5.0,2.0,18.0,17.0,193.0,15.0,3,0,0,6.0,7.0,1.0,22.0,10.0,15.0,0.0,0.0,0,41.0,6.0,5.0,54.5,20.0,7.0,35.0,0.1,0.29,17.4,1.0,0,0,1.8,1.8,0.1,0.2,0.2,2.0,1.0,50.0,0,0.3,-0.7,0,0,0,0,5.0,11.0,45.5,19.0,3.0,36.8,31.3,11.0,36.4,28.3,17.0,2.0,11.8,2.0,11.0,473.0,587.0,80.6,9201.0,3356.0,185.0,222.0,83.3,217.0,248.0,87.5,68.0,101.0,67.3,1,0.8,1.1,11.0,51.0,16.0,2.0,59.0,587.0,533.0,53.0,6.0,1.0,2.0,26.0,25.0,9.0,5.0,0.0,0.0,473.0,1.0,9.0,29.0,20.0,2.0,2.0,4.0,1.0,0.0,3.0,2.0,0.0,0.0,1.0,0.0,0.0,19.0,14.0,8.0,5.0,6.0,2.0,8.0,25.0,6.0,7.0,3.0,4.0,7.0,26,15.0,0.0,67.0,690.0,59.0,174.0,303.0,216.0,39.0,690.0,18.0,8.0,44.4,10.0,55.6,421.0,1939.0,923.0,20.0,11.0,8.0,14.0,9.0,469.0,58.0,1,0,0,10.0,6.0,1.0,26.0,7.0,14.0,0.0,0.0,0,57.0,6.0,6.0,50.0
2023-02-04,12:00,Liga F,Matchweek 18,Sat,Home,L,0,1,Athletic Club,UDG Tenerife,1.5,1.5,59.0,,Yulema Corres,4-2-3-1,Marta Frías Acedo,13.0,4.0,30.8,0.0,0.0,18.6,0.0,0,0,1.5,1.5,0.12,-1.5,-1.5,4.0,3.0,75.0,0,0.8,-0.2,0,0,0,0,3.0,7.0,42.9,23.0,2.0,21.7,29.7,11.0,18.2,24.5,6.0,0.0,0.0,1.0,49.0,370.0,544.0,68.0,7693.0,2753.0,120.0,161.0,74.5,187.0,234.0,79.9,61.0,125.0,48.8,0,1.2,1.1,7.0,34.0,8.0,4.0,37.0,544.0,470.0,70.0,12.0,1.0,4.0,23.0,39.0,6.0,4.0,0.0,0.0,370.0,4.0,16.0,20.0,12.0,3.0,1.0,2.0,1.0,1.0,0.0,0.0,0.0,0.0,0.0,0.0,0.0,23.0,12.0,12.0,10.0,1.0,5.0,13.0,38.5,8.0,17.0,3.0,14.0,8.0,31,14.0,0.0,59.0,674.0,63.0,273.0,260.0,149.0,20.0,674.0,17.0,6.0,35.3,11.0,64.7,341.0,1421.0,782.0,15.0,6.0,4.0,17.0,13.0,364.0,37.0,0,0,0,7.0,12.0,4.0,23.0,8.0,12.0,0.0,0.0,0,77.0,13.0,21.0,38.2,14.0,4.0,28.6,0.07,0.25,21.6,0.0,0,0,1.5,1.5,0.11,-0.5,-0.5,4.0,4.0,100.0,1,1.4,1.4,0,0,0,0,8.0,26.0,30.8,27.0,3.0,66.7,41.7,12.0,75.0,42.9,17.0,2.0,11.8,0.0,6.5,233.0,380.0,61.3,4844.0,2107.0,73.0,105.0,69.5,110.0,167.0,65.9,45.0,91.0,49.5,1,1.4,1.2,10.0,28.0,4.0,1.0,44.0,380.0,325.0,55.0,11.0,1.0,0.0,9.0,30.0,1.0,0.0,0.0,0.0,233.0,0.0,17.0,22.0,15.0,2.0,3.0,1.0,0.0,1.0,2.0,2.0,0.0,0.0,0.0,0.0,0.0,24.0,16.0,13.0,6.0,5.0,11.0,18.0,61.1,7.0,18.0,3.0,15.0,19.0,43,35.0,0.0,41.0,540.0,67.0,188.0,249.0,114.0,17.0,540.0,13.0,8.0,61.5,5.0,38.5,232.0,1579.0,706.0,16.0,6.0,5.0,30.0,17.0,227.0,40.0,5,0,0,12.0,7.0,0.0,9.0,19.0,16.0,0.0,0.0,0,69.0,21.0,13.0,61.8
2023-02-12,12:00,Liga F,Matchweek 19,Sun,Away,L,0,1,Athletic Club,Atlético Madrid,0.3,1.9,40.0,,Oihane Hernández,4-2-3-1,Amy Peñalver Pearce,7.0,2.0,28.6,0.0,0.0,21.9,0.0,0,0,0.3,0.3,0.05,-0.3,-0.3,8.0,7.0,87.5,0,1.3,0.3,0,0,0,0,5.0,20.0,25.0,31.0,6.0,35.5,36.6,21.0,42.9,34.5,30.0,0.0,0.0,0.0,5.8,262.0,377.0,69.5,5767.0,2358.0,79.0,102.0,77.5,132.0,165.0,80.0,50.0,101.0,49.5,0,0.3,0.2,6.0,16.0,2.0,1.0,14.0,377.0,322.0,55.0,10.0,0.0,4.0,11.0,20.0,2.0,2.0,0.0,0.0,262.0,0.0,8.0,11.0,8.0,1.0,0.0,0.0,1.0,1.0,0.0,0.0,0.0,0.0,0.0,0.0,0.0,22.0,11.0,11.0,10.0,1.0,8.0,25.0,32.0,17.0,12.0,6.0,6.0,16.0,38,30.0,0.0,40.0,487.0,106.0,250.0,183.0,56.0,6.0,487.0,6.0,3.0,50.0,3.0,50.0,163.0,1012.0,591.0,6.0,5.0,3.0,13.0,7.0,260.0,14.0,1,1,0,8.0,6.0,0.0,11.0,16.0,11.0,0.0,0.0,0,43.0,8.0,5.0,61.5,24.0,8.0,33.3,0.04,0.13,16.5,0.0,0,0,1.9,1.9,0.08,-0.9,-0.9,2.0,2.0,100.0,1,0.4,0.4,0,0,0,0,1.0,1.0,100.0,11.0,2.0,0.0,24.7,4.0,25.0,38.0,7.0,1.0,14.3,0.0,9.0,443.0,560.0,79.1,7823.0,3180.0,190.0,218.0,87.2,201.0,238.0,84.5,40.0,74.0,54.1,1,1.2,1.2,16.0,49.0,14.0,3.0,84.0,560.0,503.0,53.0,8.0,1.0,3.0,35.0,33.0,7.0,2.0,4.0,0.0,443.0,4.0,8.0,41.0,32.0,5.0,2.0,1.0,1.0,0.0,2.0,2.0,0.0,0.0,0.0,0.0,0.0,10.0,8.0,3.0,6.0,1.0,3.0,6.0,50.0,3.0,7.0,1.0,6.0,8.0,18,7.0,0.0,60.0,652.0,23.0,128.0,319.0,217.0,45.0,652.0,25.0,17.0,68.0,8.0,32.0,394.0,2671.0,1357.0,34.0,29.0,9.0,11.0,14.0,438.0,84.0,0,0,0,6.0,8.0,4.0,35.0,8.0,8.0,0.0,0.0,0,69.0,5.0,8.0,38.5
2023-03-04,12:00,Liga F,Matchweek 20,Sat,Away,W,3,2,Athletic Club,Sporting Huelva,1.5,1.3,52.0,,Marta Unzué,4-2-3-1,Ainara Andrea Acevedo Dudley,12.0,6.0,50.0,0.25,0.5,13.9,0.0,0,0,1.5,1.5,0.13,1.5,1.5,4.0,2.0,50.0,0,1.9,-0.1,0,0,0,0,8.0,14.0,57.1,22.0,2.0,45.5,36.3,6.0,66.7,37.0,11.0,2.0,18.2,0.0,8.7,272.0,458.0,59.4,6288.0,3090.0,79.0,116.0,68.1,133.0,186.0,71.5,60.0,140.0,42.9,2,1.2,1.2,8.0,27.0,9.0,4.0,36.0,458.0,384.0,72.0,14.0,0.0,4.0,27.0,44.0,5.0,4.0,0.0,0.0,272.0,2.0,10.0,18.0,13.0,1.0,1.0,2.0,1.0,0.0,6.0,6.0,0.0,0.0,0.0,0.0,0.0,16.0,11.0,6.0,10.0,0.0,4.0,15.0,26.7,11.0,15.0,1.0,14.0,8.0,24,23.0,0.0,52.0,583.0,59.0,241.0,216.0,131.0,19.0,583.0,14.0,9.0,64.3,5.0,35.7,160.0,808.0,302.0,3.0,7.0,1.0,24.0,8.0,270.0,36.0,1,0,0,6.0,12.0,2.0,27.0,8.0,11.0,0.0,0.0,0,66.0,23.0,21.0,52.3,8.0,4.0,50.0,0.25,0.5,16.9,0.0,0,0,1.3,1.3,0.16,0.7,0.7,6.0,3.0,50.0,0,1.0,-2.0,0,0,0,0,7.0,22.0,31.8,22.0,2.0,68.2,46.2,10.0,70.0,45.7,25.0,0.0,0.0,0.0,3.8,239.0,426.0,56.1,4217.0,2358.0,114.0,148.0,77.0,72.0,138.0,52.2,37.0,93.0,39.8,2,1.3,0.6,8.0,16.0,5.0,2.0,24.0,426.0,359.0,66.0,9.0,0.0,0.0,18.0,40.0,3.0,2.0,1.0,0.0,239.0,1.0,18.0,15.0,12.0,1.0,2.0,0.0,0.0,0.0,4.0,3.0,0.0,1.0,0.0,0.0,0.0,13.0,11.0,7.0,4.0,2.0,5.0,14.0,35.7,9.0,13.0,3.0,10.0,12.0,25,20.0,0.0,48.0,539.0,68.0,209.0,215.0,121.0,13.0,539.0,15.0,11.0,73.3,4.0,26.7,250.0,1383.0,666.0,17.0,18.0,3.0,26.0,11.0,233.0,24.0,1,0,0,13.0,5.0,1.0,18.0,12.0,11.0,0.0,0.0,0,73.0,21.0,23.0,47.7
2023-03-12,12:00,Liga F,Matchweek 21,Sun,Home,L,0,2,Athletic Club,Valencia,0.2,2.0,47.0,,Nekane Díez,4-2-3-1,Elena Peláez Arnillas,6.0,0.0,0.0,0.0,,24.0,0.0,0,0,0.2,0.2,0.03,-0.2,-0.2,5.0,2.0,60.0,0,2.2,0.2,1,0,1,0,8.0,15.0,53.3,18.0,5.0,38.9,34.2,14.0,57.1,39.0,16.0,0.0,0.0,2.0,16.0,246.0,368.0,66.8,5447.0,2510.0,67.0,96.0,69.8,129.0,162.0,79.6,50.0,99.0,50.5,0,0.1,0.2,3.0,27.0,3.0,0.0,35.0,368.0,316.0,50.0,7.0,0.0,1.0,20.0,25.0,1.0,0.0,1.0,0.0,246.0,2.0,7.0,9.0,5.0,3.0,0.0,0.0,1.0,0.0,0.0,0.0,0.0,0.0,0.0,0.0,0.0,20.0,13.0,13.0,4.0,3.0,8.0,16.0,50.0,8.0,14.0,1.0,13.0,10.0,30,22.0,1.0,47.0,471.0,53.0,194.0,176.0,104.0,11.0,471.0,13.0,5.0,38.5,8.0,61.5,185.0,1063.0,486.0,10.0,8.0,5.0,16.0,4.0,244.0,35.0,0,0,0,15.0,7.0,2.0,20.0,10.0,13.0,0.0,1.0,0,52.0,13.0,4.0,76.5,11.0,4.0,36.4,0.18,0.5,17.6,1.0,0,1,2.0,1.2,0.13,0.0,0.8,0.0,0.0,,1,0.0,0.0,0,0,0,0,3.0,10.0,30.0,14.0,4.0,35.7,32.6,12.0,41.7,38.2,18.0,2.0,11.1,0.0,10.6,271.0,414.0,65.5,5100.0,2660.0,106.0,135.0,78.5,127.0,182.0,69.8,37.0,82.0,45.1,0,0.5,0.7,5.0,28.0,4.0,3.0,34.0,414.0,331.0,83.0,16.0,0.0,2.0,18.0,48.0,6.0,0.0,0.0,6.0,271.0,0.0,14.0,18.0,8.0,2.0,0.0,5.0,2.0,1.0,2.0,0.0,0.0,0.0,2.0,0.0,0.0,12.0,7.0,6.0,5.0,1.0,8.0,13.0,61.5,5.0,6.0,0.0,6.0,4.0,16,14.0,0.0,53.0,505.0,49.0,167.0,178.0,163.0,13.0,504.0,16.0,8.0,50.0,8.0,50.0,276.0,1250.0,510.0,11.0,11.0,1.0,33.0,12.0,270.0,34.0,2,0,0,7.0,12.0,0.0,18.0,4.0,7.0,1.0,0.0,0,48.0,4.0,13.0,23.5
2023-03-18,12:00,Liga F,Matchweek 22,Sat,Away,L,2,3,Athletic Club,Madrid CFF,1.3,1.3,32.0,,Marta Unzué,4-2-3-1,María Eugenia Gil Soriano,12.0,3.0,25.0,0.08,0.33,26.0,1.0,1,1,1.3,0.6,0.05,0.7,0.4,6.0,3.0,50.0,0,1.7,-1.3,0,0,0,0,2.0,9.0,22.2,19.0,6.0,15.8,30.9,9.0,66.7,39.2,14.0,0.0,0.0,3.0,19.0,165.0,308.0,53.6,3393.0,1867.0,59.0,92.0,64.1,76.0,111.0,68.5,29.0,89.0,32.6,1,0.1,0.1,5.0,14.0,0.0,0.0,19.0,308.0,261.0,45.0,10.0,0.0,0.0,14.0,19.0,2.0,2.0,0.0,0.0,165.0,2.0,10.0,17.0,4.0,4.0,1.0,2.0,3.0,3.0,2.0,0.0,0.0,1.0,0.0,1.0,0.0,18.0,14.0,6.0,6.0,6.0,6.0,28.0,21.4,22.0,20.0,8.0,12.0,19.0,37,24.0,0.0,32.0,429.0,61.0,191.0,144.0,101.0,14.0,428.0,14.0,12.0,85.7,2.0,14.3,136.0,972.0,347.0,7.0,6.0,3.0,17.0,6.0,159.0,18.0,2,0,0,10.0,9.0,2.0,14.0,19.0,14.0,1.0,0.0,0,81.0,7.0,9.0,43.8,23.0,6.0,26.1,0.13,0.5,22.6,0.0,0,0,1.3,1.3,0.06,1.7,1.7,4.0,2.0,75.0,0,1.6,-0.4,1,1,0,0,1.0,2.0,50.0,17.0,8.0,0.0,22.7,9.0,22.2,22.6,10.0,0.0,0.0,1.0,16.0,543.0,668.0,81.3,9626.0,3684.0,242.0,299.0,80.9,249.0,280.0,88.9,46.0,78.0,59.0,2,0.9,1.1,17.0,50.0,11.0,3.0,59.0,668.0,611.0,56.0,11.0,1.0,3.0,17.0,28.0,5.0,4.0,1.0,0.0,543.0,1.0,13.0,39.0,27.0,4.0,4.0,3.0,0.0,1.0,5.0,4.0,0.0,0.0,1.0,0.0,0.0,9.0,5.0,3.0,5.0,1.0,2.0,14.0,14.3,12.0,12.0,4.0,8.0,10.0,19,14.0,0.0,68.0,789.0,60.0,281.0,322.0,192.0,20.0,789.0,28.0,22.0,78.6,6.0,21.4,532.0,2347.0,916.0,15.0,15.0,4.0,27.0,13.0,537.0,58.0,2,0,0,11.0,10.0,1.0,17.0,10.0,5.0,0.0,1.0,0,80.0,9.0,7.0,56.3
2023-03-24,20:00,Liga F,Matchweek 23,Fri,Home,D,1,1,Athletic Club,Sevilla,2.6,2.1,50.0,,Marta Unzué,4-2-3-1,Elisabeth Calvo Valentín,18.0,3.0,16.7,0.0,0.0,21.6,0.0,1,2,2.6,1.0,0.06,-1.6,-1.0,6.0,4.0,83.3,0,1.7,0.7,0,0,0,0,2.0,10.0,20.0,18.0,5.0,27.8,30.4,11.0,45.5,44.5,17.0,1.0,5.9,1.0,11.4,287.0,417.0,68.8,5485.0,2383.0,109.0,135.0,80.7,138.0,183.0,75.4,37.0,81.0,45.7,0,0.6,2.0,7.0,28.0,11.0,6.0,43.0,417.0,360.0,54.0,9.0,0.0,0.0,26.0,28.0,4.0,4.0,0.0,0.0,287.0,3.0,9.0,35.0,24.0,3.0,2.0,1.0,5.0,0.0,1.0,0.0,0.0,0.0,1.0,0.0,0.0,15.0,11.0,6.0,4.0,5.0,6.0,16.0,37.5,10.0,9.0,1.0,8.0,13.0,28,13.0,1.0,50.0,533.0,56.0,141.0,226.0,169.0,22.0,531.0,14.0,8.0,57.1,6.0,42.9,256.0,1609.0,916.0,20.0,14.0,3.0,21.0,11.0,281.0,43.0,1,0,0,11.0,10.0,3.0,26.0,13.0,11.0,1.0,1.0,0,77.0,14.0,22.0,38.9,13.0,5.0,38.5,0.08,0.2,12.7,0.0,0,1,2.1,1.3,0.1,-1.1,-0.3,4.0,3.0,100.0,0,1.4,0.4,2,1,0,1,7.0,19.0,36.8,20.0,5.0,60.0,38.2,10.0,70.0,45.8,23.0,4.0,17.4,2.0,11.1,290.0,418.0,69.4,4870.0,2443.0,150.0,186.0,80.6,108.0,150.0,72.0,27.0,60.0,45.0,1,1.1,1.3,10.0,22.0,5.0,4.0,29.0,418.0,368.0,50.0,13.0,0.0,1.0,23.0,23.0,2.0,2.0,0.0,0.0,290.0,0.0,9.0,26.0,16.0,3.0,1.0,3.0,3.0,0.0,2.0,0.0,1.0,0.0,0.0,1.0,0.0,17.0,10.0,11.0,6.0,0.0,6.0,14.0,42.9,8.0,14.0,7.0,7.0,6.0,23,32.0,0.0,50.0,553.0,80.0,214.0,226.0,121.0,23.0,552.0,16.0,10.0,62.5,6.0,37.5,264.0,1504.0,797.0,18.0,16.0,3.0,19.0,9.0,288.0,29.0,2,0,0,11.0,10.0,0.0,23.0,6.0,10.0,1.0,2.0,0,70.0,22.0,14.0,61.1
2023-04-02,12:00,Liga F,Matchweek 24,Sun,Away,D,1,1,Athletic Club,Real Sociedad,1.3,1.1,37.0,,Marta Unzué,4-2-3-1,Alicia Espinosa Ríos,10.0,2.0,20.0,0.1,0.5,23.2,0.0,0,0,1.3,1.3,0.13,-0.3,-0.3,1.0,0.0,100.0,0,1.0,0.0,1,1,0,0,2.0,7.0,28.6,14.0,1.0,28.6,33.2,10.0,30.0,34.6,12.0,0.0,0.0,2.0,21.7,212.0,353.0,60.1,4442.0,2063.0,73.0,99.0,73.7,94.0,125.0,75.2,40.0,100.0,40.0,1,1.2,0.5,8.0,24.0,4.0,3.0,27.0,353.0,297.0,53.0,9.0,0.0,2.0,32.0,22.0,10.0,8.0,1.0,0.0,212.0,3.0,14.0,16.0,13.0,0.0,2.0,1.0,0.0,0.0,1.0,1.0,0.0,0.0,0.0,0.0,0.0,23.0,19.0,10.0,12.0,1.0,11.0,23.0,47.8,12.0,6.0,1.0,5.0,15.0,38,12.0,0.0,37.0,456.0,47.0,148.0,214.0,100.0,13.0,456.0,21.0,16.0,76.2,5.0,23.8,185.0,1217.0,604.0,14.0,5.0,5.0,12.0,9.0,210.0,27.0,1,0,0,7.0,5.0,3.0,32.0,15.0,19.0,0.0,1.0,0,78.0,10.0,13.0,43.5,7.0,0.0,0.0,0.0,,25.2,0.0,1,1,1.1,0.3,0.04,-0.1,-0.3,2.0,1.0,50.0,0,0.5,-0.5,0,0,0,0,1.0,10.0,10.0,39.0,10.0,12.8,22.5,5.0,100.0,55.6,25.0,2.0,8.0,4.0,12.5,472.0,601.0,78.5,8497.0,3008.0,195.0,228.0,85.5,238.0,272.0,87.5,35.0,83.0,42.2,0,0.2,0.4,5.0,35.0,4.0,1.0,37.0,601.0,555.0,42.0,9.0,1.0,1.0,17.0,23.0,3.0,2.0,1.0,0.0,472.0,4.0,6.0,14.0,11.0,0.0,2.0,0.0,1.0,0.0,2.0,1.0,0.0,0.0,0.0,1.0,0.0,14.0,8.0,5.0,9.0,0.0,5.0,21.0,23.8,16.0,13.0,4.0,9.0,8.0,22,20.0,0.0,63.0,701.0,81.0,290.0,301.0,115.0,8.0,700.0,23.0,12.0,52.2,11.0,47.8,368.0,1581.0,820.0,16.0,14.0,2.0,13.0,12.0,467.0,36.0,1,0,0,5.0,7.0,4.0,17.0,8.0,8.0,1.0,0.0,0,67.0,13.0,10.0,56.5
2023-04-15,12:00,Liga F,Matchweek 25,Sat,Home,W,1,0,Athletic Club,Alavés,0.9,0.3,51.0,,Marta Unzué,4-2-3-1,María Dolores Martínez Madrona,12.0,4.0,33.3,0.08,0.25,19.2,0.0,0,0,0.9,0.9,0.08,0.1,0.1,1.0,1.0,100.0,1,0.0,0.0,0,0,0,0,7.0,9.0,77.8,22.0,8.0,31.8,33.7,8.0,25.0,32.6,7.0,0.0,0.0,0.0,,297.0,441.0,67.3,6662.0,2911.0,76.0,93.0,81.7,160.0,208.0,76.9,59.0,117.0,50.4,1,0.7,0.9,8.0,32.0,6.0,4.0,40.0,441.0,387.0,52.0,10.0,0.0,5.0,33.0,29.0,4.0,4.0,0.0,0.0,297.0,2.0,11.0,22.0,15.0,3.0,1.0,1.0,2.0,0.0,2.0,1.0,1.0,0.0,0.0,0.0,0.0,13.0,8.0,3.0,8.0,2.0,3.0,7.0,42.9,4.0,14.0,0.0,14.0,9.0,22,12.0,0.0,51.0,531.0,50.0,177.0,218.0,143.0,17.0,531.0,9.0,3.0,33.3,6.0,66.7,288.0,1613.0,772.0,17.0,13.0,2.0,20.0,6.0,293.0,40.0,1,0,0,6.0,6.0,2.0,33.0,9.0,8.0,0.0,0.0,0,61.0,14.0,14.0,50.0,6.0,1.0,16.7,0.0,0.0,24.5,0.0,0,0,0.3,0.3,0.04,-0.3,-0.3,4.0,3.0,75.0,0,0.9,-0.1,0,0,0,0,7.0,19.0,36.8,34.0,5.0,38.2,33.8,9.0,66.7,41.4,24.0,3.0,12.5,0.0,7.5,293.0,426.0,68.8,6055.0,2643.0,106.0,129.0,82.2,139.0,171.0,81.3,45.0,103.0,43.7,0,0.2,0.5,4.0,25.0,8.0,2.0,34.0,426.0,373.0,50.0,8.0,0.0,1.0,8.0,31.0,0.0,0.0,0.0,0.0,293.0,3.0,14.0,9.0,7.0,0.0,1.0,0.0,1.0,0.0,0.0,0.0,0.0,0.0,0.0,0.0,0.0,12.0,10.0,6.0,3.0,3.0,6.0,9.0,66.7,3.0,9.0,2.0,7.0,9.0,21,31.0,0.0,49.0,515.0,77.0,224.0,218.0,80.0,11.0,515.0,7.0,4.0,57.1,3.0,42.9,272.0,1617.0,675.0,8.0,9.0,2.0,20.0,10.0,286.0,32.0,1,0,0,7.0,6.0,3.0,8.0,9.0,10.0,0.0,0.0,0,55.0,14.0,14.0,50.0
2023-04-21,20:30,Liga F,Matchweek 26,Fri,Home,W,1,0,Athletic Club,Alhama,1.1,0.4,53.0,,Marta Unzué,4-2-3-1,Ainara Andrea Acevedo Dudley,11.0,5.0,45.5,0.09,0.2,18.4,0.0,0,0,1.1,1.1,0.1,-0.1,-0.1,0.0,0.0,,1,0.0,0.0,0,0,0,0,4.0,14.0,28.6,17.0,3.0,23.5,34.3,18.0,94.4,49.2,11.0,0.0,0.0,0.0,,242.0,420.0,57.6,4797.0,2320.0,101.0,155.0,65.2,97.0,143.0,67.8,41.0,104.0,39.4,0,1.0,0.4,8.0,19.0,3.0,2.0,25.0,420.0,332.0,84.0,9.0,0.0,3.0,16.0,50.0,6.0,3.0,0.0,0.0,242.0,4.0,17.0,17.0,9.0,4.0,2.0,1.0,0.0,1.0,0.0,0.0,0.0,0.0,0.0,0.0,0.0,26.0,22.0,11.0,9.0,6.0,14.0,24.0,58.3,10.0,9.0,3.0,6.0,11.0,37,18.0,0.0,53.0,539.0,54.0,216.0,208.0,119.0,12.0,539.0,20.0,10.0,50.0,10.0,50.0,145.0,1171.0,539.0,11.0,5.0,2.0,17.0,10.0,239.0,25.0,2,0,0,8.0,7.0,4.0,16.0,11.0,22.0,0.0,0.0,0,54.0,14.0,18.0,43.8,10.0,0.0,0.0,0.0,,28.2,2.0,0,0,0.4,0.4,0.04,-0.4,-0.4,5.0,4.0,80.0,0,1.5,0.5,0,0,0,0,9.0,19.0,47.4,23.0,2.0,65.2,40.6,11.0,36.4,31.5,13.0,1.0,7.7,8.0,19.7,235.0,374.0,62.8,4535.0,2330.0,99.0,125.0,79.2,97.0,157.0,61.8,35.0,80.0,43.8,0,0.3,0.3,7.0,24.0,4.0,2.0,35.0,374.0,317.0,56.0,10.0,0.0,3.0,14.0,33.0,0.0,0.0,0.0,0.0,235.0,1.0,8.0,19.0,12.0,2.0,2.0,0.0,3.0,0.0,0.0,0.0,0.0,0.0,0.0,0.0,0.0,20.0,11.0,9.0,8.0,3.0,10.0,20.0,50.0,10.0,18.0,1.0,17.0,25.0,45,26.0,0.0,47.0,521.0,55.0,180.0,202.0,144.0,6.0,521.0,24.0,10.0,41.7,14.0,58.3,207.0,1129.0,470.0,8.0,10.0,2.0,23.0,12.0,232.0,34.0,1,0,0,8.0,8.0,1.0,14.0,25.0,11.0,0.0,0.0,0,61.0,18.0,14.0,56.3
2023-04-29,16:00,Liga F,Matchweek 27,Sat,Away,W,1,0,Athletic Club,Levante Planas,1.0,1.2,37.0,,Nekane Díez,4-1-2-1-2◆,Amy Peñalver Pearce,16.0,6.0,37.5,0.06,0.17,20.2,1.0,0,0,1.0,1.0,0.06,0.0,0.0,5.0,5.0,100.0,1,0.7,0.7,0,0,0,0,11.0,29.0,37.9,27.0,3.0,63.0,40.5,15.0,80.0,44.9,15.0,1.0,6.7,0.0,9.5,156.0,312.0,50.0,3323.0,2050.0,62.0,92.0,67.4,52.0,95.0,54.7,36.0,100.0,36.0,1,0.7,0.4,9.0,12.0,6.0,2.0,18.0,312.0,249.0,58.0,13.0,0.0,3.0,20.0,25.0,4.0,4.0,0.0,0.0,156.0,5.0,5.0,22.0,9.0,3.0,1.0,2.0,2.0,5.0,2.0,1.0,0.0,0.0,0.0,0.0,1.0,27.0,15.0,6.0,18.0,3.0,5.0,22.0,22.7,17.0,4.0,2.0,2.0,14.0,41,14.0,0.0,37.0,410.0,66.0,173.0,143.0,97.0,18.0,410.0,6.0,2.0,33.3,4.0,66.7,64.0,492.0,229.0,6.0,1.0,3.0,14.0,6.0,152.0,18.0,1,0,0,15.0,10.0,5.0,20.0,14.0,15.0,0.0,0.0,0,66.0,15.0,21.0,41.7,20.0,5.0,25.0,0.0,0.0,19.9,1.0,0,0,1.2,1.2,0.06,-1.2,-1.2,6.0,5.0,83.3,0,1.7,0.7,0,0,0,0,5.0,12.0,41.7,31.0,12.0,29.0,30.6,9.0,33.3,23.8,15.0,1.0,6.7,1.0,15.7,390.0,535.0,72.9,7858.0,3660.0,130.0,173.0,75.1,199.0,253.0,78.7,57.0,97.0,58.8,0,0.9,1.2,15.0,39.0,12.0,1.0,57.0,535.0,464.0,68.0,19.0,2.0,6.0,17.0,32.0,6.0,4.0,2.0,0.0,390.0,3.0,2.0,32.0,19.0,4.0,4.0,3.0,2.0,0.0,0.0,0.0,0.0,0.0,0.0,0.0,0.0,10.0,8.0,9.0,1.0,0.0,4.0,6.0,66.7,2.0,7.0,3.0,4.0,7.0,17,8.0,0.0,63.0,632.0,72.0,236.0,267.0,137.0,27.0,632.0,22.0,17.0,77.3,5.0,22.7,300.0,1837.0,834.0,24.0,15.0,3.0,27.0,21.0,387.0,56.0,1,0,0,11.0,14.0,3.0,17.0,7.0,8.0,0.0,0.0,0,73.0,21.0,15.0,58.3
2023-05-07,12:00,Liga F,Matchweek 28,Sun,Home,W,2,0,Athletic Club,Real Betis,0.6,1.0,42.0,,Marta Unzué,4-2-3-1,Alicia Espinosa Ríos,8.0,4.0,50.0,0.25,0.5,19.1,0.0,0,0,0.6,0.6,0.07,1.4,1.4,2.0,2.0,100.0,1,0.1,0.1,0,0,0,0,2.0,10.0,20.0,16.0,7.0,18.8,27.7,12.0,66.7,36.9,11.0,0.0,0.0,0.0,13.5,284.0,403.0,70.5,5491.0,2334.0,103.0,130.0,79.2,148.0,182.0,81.3,31.0,77.0,40.3,1,0.4,0.2,5.0,21.0,1.0,1.0,22.0,403.0,355.0,45.0,6.0,0.0,3.0,7.0,25.0,1.0,0.0,1.0,0.0,284.0,3.0,5.0,12.0,8.0,2.0,1.0,1.0,0.0,0.0,2.0,2.0,0.0,0.0,0.0,0.0,0.0,21.0,16.0,11.0,9.0,1.0,6.0,15.0,40.0,9.0,9.0,1.0,8.0,11.0,32,11.0,0.0,42.0,489.0,47.0,180.0,251.0,61.0,11.0,489.0,9.0,7.0,77.8,2.0,22.2,218.0,1099.0,594.0,7.0,3.0,1.0,15.0,4.0,282.0,22.0,0,0,0,9.0,6.0,3.0,7.0,11.0,16.0,0.0,0.0,0,52.0,7.0,8.0,46.7,9.0,2.0,22.2,0.0,0.0,18.7,0.0,0,0,1.0,1.0,0.11,-1.0,-1.0,4.0,2.0,50.0,0,1.1,-0.9,0,0,0,0,7.0,13.0,53.8,35.0,4.0,25.7,30.1,7.0,57.1,40.3,7.0,0.0,0.0,0.0,12.8,438.0,547.0,80.1,7439.0,3122.0,175.0,197.0,88.8,167.0,193.0,86.5,48.0,87.0,55.2,0,0.9,0.8,7.0,28.0,5.0,2.0,34.0,547.0,489.0,58.0,12.0,0.0,0.0,16.0,34.0,2.0,0.0,0.0,2.0,438.0,0.0,8.0,15.0,12.0,2.0,1.0,0.0,0.0,0.0,0.0,0.0,0.0,0.0,0.0,0.0,0.0,5.0,3.0,1.0,4.0,0.0,2.0,9.0,22.2,7.0,6.0,1.0,5.0,4.0,9,5.0,1.0,58.0,623.0,51.0,227.0,269.0,131.0,14.0,623.0,15.0,9.0,60.0,6.0,40.0,436.0,1597.0,754.0,20.0,10.0,5.0,32.0,15.0,436.0,33.0,1,0,0,6.0,8.0,0.0,16.0,4.0,3.0,0.0,0.0,0,53.0,8.0,7.0,53.3
2023-05-13,12:00,Liga F,Matchweek 29,Sat,Away,L,0,3,Athletic Club,Barcelona,0.2,2.7,25.0,,Marta Unzué,4-2-3-1,Raquel Suárez González,7.0,3.0,42.9,0.0,0.0,31.8,0.0,0,0,0.2,0.2,0.03,-0.2,-0.2,8.0,5.0,62.5,0,1.0,-2.0,0,0,0,0,6.0,20.0,30.0,15.0,2.0,33.3,36.1,21.0,76.2,42.1,33.0,1.0,3.0,0.0,4.5,154.0,245.0,62.9,3171.0,1501.0,58.0,73.0,79.5,68.0,91.0,74.7,26.0,73.0,35.6,0,0.0,0.0,1.0,4.0,0.0,0.0,13.0,245.0,195.0,49.0,8.0,1.0,1.0,4.0,15.0,2.0,2.0,0.0,0.0,154.0,1.0,4.0,8.0,2.0,1.0,2.0,1.0,2.0,0.0,0.0,0.0,0.0,0.0,0.0,0.0,0.0,15.0,11.0,10.0,4.0,1.0,2.0,10.0,20.0,8.0,18.0,7.0,11.0,17.0,32,37.0,0.0,25.0,368.0,98.0,220.0,121.0,29.0,1.0,368.0,8.0,4.0,50.0,4.0,50.0,122.0,790.0,393.0,5.0,5.0,0.0,12.0,11.0,150.0,13.0,0,0,0,3.0,6.0,1.0,4.0,17.0,11.0,0.0,0.0,0,48.0,3.0,8.0,27.3,28.0,8.0,28.6,0.11,0.38,15.4,0.0,0,0,2.7,2.7,0.1,0.3,0.3,3.0,3.0,100.0,1,0.3,0.3,0,0,0,0,5.0,6.0,83.3,23.0,4.0,8.7,23.8,4.0,100.0,60.8,4.0,0.0,0.0,4.0,24.6,626.0,743.0,84.3,10625.0,3967.0,305.0,348.0,87.6,276.0,310.0,89.0,42.0,70.0,60.0,3,2.3,3.1,23.0,76.0,19.0,5.0,95.0,743.0,693.0,48.0,4.0,0.0,4.0,36.0,26.0,13.0,10.0,0.0,1.0,626.0,2.0,12.0,50.0,41.0,3.0,2.0,3.0,0.0,1.0,5.0,3.0,1.0,1.0,0.0,0.0,0.0,15.0,9.0,0.0,8.0,7.0,4.0,8.0,50.0,4.0,5.0,0.0,5.0,14.0,29,6.0,0.0,75.0,829.0,38.0,116.0,412.0,308.0,53.0,829.0,10.0,8.0,80.0,2.0,20.0,460.0,1929.0,985.0,28.0,14.0,15.0,12.0,13.0,612.0,91.0,0,0,0,6.0,2.0,2.0,36.0,14.0,9.0,0.0,0.0,0,68.0,8.0,3.0,72.7
2023-05-20,12:00,Liga F,Matchweek 30,Sat,Home,D,1,1,Athletic Club,Villarreal,0.5,1.1,57.0,,Nekane Díez,4-2-3-1,Paola Cebollada López,10.0,3.0,30.0,0.1,0.33,22.7,0.0,0,0,0.5,0.5,0.05,0.5,0.5,5.0,4.0,80.0,0,1.1,0.1,0,0,0,0,3.0,9.0,33.3,28.0,7.0,25.0,30.9,9.0,22.2,27.2,12.0,0.0,0.0,1.0,11.0,308.0,457.0,67.4,6808.0,2870.0,73.0,104.0,70.2,181.0,233.0,77.7,51.0,104.0,49.0,1,0.3,0.3,7.0,22.0,3.0,2.0,24.0,457.0,390.0,62.0,13.0,1.0,1.0,12.0,35.0,3.0,0.0,0.0,3.0,308.0,5.0,15.0,14.0,12.0,2.0,0.0,0.0,0.0,0.0,2.0,2.0,0.0,0.0,0.0,0.0,0.0,13.0,6.0,9.0,4.0,0.0,6.0,19.0,31.6,13.0,8.0,4.0,4.0,16.0,29,9.0,0.0,57.0,554.0,77.0,255.0,227.0,76.0,7.0,554.0,21.0,9.0,42.9,12.0,57.1,285.0,1510.0,559.0,9.0,6.0,0.0,8.0,6.0,303.0,23.0,2,0,0,9.0,13.0,5.0,12.0,16.0,6.0,0.0,0.0,0,48.0,13.0,14.0,48.1,13.0,5.0,38.5,0.08,0.2,14.0,0.0,0,0,1.1,1.1,0.09,-0.1,-0.1,3.0,2.0,66.7,0,0.7,-0.3,0,0,0,0,9.0,19.0,47.4,34.0,4.0,44.1,35.4,4.0,100.0,51.8,12.0,1.0,8.3,2.0,12.3,218.0,343.0,63.6,4447.0,2036.0,86.0,118.0,72.9,95.0,130.0,73.1,36.0,82.0,43.9,0,1.0,0.6,9.0,29.0,3.0,0.0,28.0,343.0,300.0,43.0,14.0,0.0,2.0,14.0,17.0,6.0,0.0,2.0,1.0,218.0,0.0,4.0,19.0,11.0,2.0,4.0,2.0,0.0,0.0,1.0,0.0,0.0,0.0,1.0,0.0,0.0,18.0,12.0,9.0,7.0,2.0,12.0,21.0,57.1,9.0,16.0,2.0,14.0,18.0,36,25.0,0.0,43.0,468.0,36.0,144.0,214.0,115.0,26.0,468.0,19.0,13.0,68.4,6.0,31.6,234.0,1101.0,491.0,17.0,10.0,7.0,19.0,7.0,216.0,27.0,1,0,0,13.0,8.0,0.0,14.0,18.0,12.0,0.0,0.0,0,60.0,14.0,13.0,51.9
2022-09-18,18:00,Liga F,Matchweek 2,Sun,Away,W,2,1,Levante Planas,Real Betis,1.3,0.3,38.0,,Mari Paz Vilas,4-3-3,Amy Peñalver Pearce,5.0,1.0,20.0,0.2,1.0,23.5,1.0,1,1,1.3,0.5,0.11,0.7,0.5,4.0,3.0,75.0,0,0.8,-0.2,0,0,0,0,4.0,13.0,30.8,14.0,5.0,35.7,36.0,9.0,88.9,47.2,17.0,1.0,5.9,2.0,18.0,141.0,258.0,54.7,2965.0,1709.0,53.0,81.0,65.4,57.0,96.0,59.4,31.0,70.0,44.3,1,0.5,0.4,4.0,17.0,3.0,1.0,19.0,258.0,206.0,45.0,9.0,0.0,0.0,7.0,24.0,1.0,1.0,0.0,0.0,141.0,7.0,9.0,11.0,4.0,3.0,0.0,0.0,3.0,1.0,4.0,3.0,0.0,0.0,0.0,1.0,0.0,23.0,13.0,13.0,4.0,6.0,14.0,20.0,70.0,6.0,5.0,3.0,2.0,10.0,33,13.0,0.0,38.0,337.0,39.0,140.0,140.0,64.0,5.0,336.0,14.0,8.0,57.1,6.0,42.9,173.0,817.0,365.0,7.0,3.0,1.0,14.0,6.0,140.0,19.0,2,0,0,22.0,9.0,7.0,7.0,10.0,13.0,1.0,0.0,0,38.0,9.0,3.0,75.0,8.0,4.0,50.0,0.13,0.25,20.0,0.0,0,0,0.3,0.3,0.04,0.7,0.7,2.0,0.0,50.0,0,1.5,-0.5,1,1,0,0,4.0,21.0,19.0,44.0,2.0,47.7,36.1,6.0,0.0,14.8,7.0,0.0,0.0,1.0,15.0,316.0,430.0,73.5,6248.0,2503.0,109.0,138.0,79.0,164.0,195.0,84.1,39.0,89.0,43.8,1,0.3,0.6,6.0,28.0,4.0,1.0,34.0,430.0,361.0,68.0,29.0,0.0,2.0,19.0,22.0,8.0,4.0,3.0,0.0,316.0,1.0,2.0,15.0,9.0,4.0,0.0,0.0,2.0,0.0,2.0,2.0,0.0,0.0,0.0,0.0,0.0,12.0,7.0,6.0,4.0,2.0,6.0,14.0,42.9,8.0,9.0,0.0,9.0,8.0,20,5.0,0.0,63.0,519.0,43.0,201.0,188.0,140.0,15.0,519.0,20.0,6.0,30.0,14.0,70.0,320.0,1667.0,743.0,12.0,14.0,4.0,23.0,9.0,313.0,33.0,1,0,0,11.0,20.0,1.0,19.0,8.0,7.0,0.0,1.0,0,57.0,3.0,9.0,25.0
2022-09-24,12:00,Liga F,Matchweek 3,Sat,Away,L,1,3,Levante Planas,Madrid CFF,0.5,3.4,45.0,,Mari Paz Vilas,4-4-2,Beatriz Cuesta Arribas,9.0,2.0,22.2,0.11,0.5,20.0,2.0,0,0,0.5,0.5,0.05,0.5,0.5,9.0,6.0,77.8,0,4.8,1.8,1,1,0,0,6.0,11.0,54.5,19.0,5.0,36.8,36.5,13.0,30.8,36.0,13.0,1.0,7.7,2.0,23.0,239.0,346.0,69.1,4714.0,2449.0,91.0,115.0,79.1,107.0,135.0,79.3,36.0,74.0,48.6,0,0.2,0.7,4.0,19.0,6.0,2.0,24.0,346.0,282.0,62.0,13.0,1.0,4.0,7.0,31.0,1.0,0.0,0.0,0.0,239.0,2.0,9.0,14.0,4.0,2.0,3.0,1.0,4.0,0.0,1.0,0.0,0.0,0.0,1.0,0.0,0.0,24.0,20.0,13.0,9.0,2.0,12.0,24.0,50.0,12.0,11.0,2.0,9.0,24.0,48,17.0,0.0,45.0,476.0,60.0,173.0,204.0,102.0,11.0,476.0,23.0,17.0,73.9,6.0,26.1,245.0,1361.0,548.0,7.0,8.0,1.0,26.0,19.0,235.0,24.0,1,0,0,11.0,13.0,2.0,7.0,24.0,20.0,0.0,1.0,0,57.0,1.0,8.0,11.1,20.0,8.0,40.0,0.1,0.25,15.4,0.0,1,1,3.4,2.6,0.13,-0.4,-0.6,2.0,1.0,50.0,0,0.9,-0.1,0,0,0,0,2.0,2.0,100.0,10.0,5.0,0.0,20.7,9.0,22.2,20.9,6.0,0.0,0.0,2.0,19.3,327.0,427.0,76.6,6231.0,2855.0,131.0,150.0,87.3,150.0,181.0,82.9,42.0,72.0,58.3,2,2.4,2.2,16.0,27.0,8.0,1.0,40.0,427.0,372.0,53.0,12.0,1.0,3.0,16.0,22.0,8.0,3.0,5.0,0.0,327.0,2.0,11.0,34.0,21.0,8.0,2.0,1.0,1.0,1.0,6.0,3.0,1.0,1.0,0.0,1.0,0.0,25.0,22.0,12.0,10.0,3.0,6.0,23.0,26.1,17.0,11.0,2.0,9.0,14.0,39,13.0,0.0,55.0,556.0,55.0,199.0,234.0,132.0,28.0,555.0,24.0,12.0,50.0,12.0,50.0,292.0,1672.0,796.0,14.0,15.0,8.0,27.0,12.0,323.0,39.0,4,0,0,13.0,11.0,2.0,16.0,14.0,22.0,1.0,0.0,0,74.0,8.0,1.0,88.9
2022-10-02,12:00,Liga F,Matchweek 4,Sun,Home,W,3,1,Levante Planas,Alhama,2.7,1.6,55.0,,Mari Paz Vilas,4-2-3-1,Alicia Espinosa Ríos,16.0,8.0,50.0,0.19,0.38,20.6,0.0,0,0,2.7,2.7,0.19,0.3,0.3,5.0,4.0,80.0,0,1.9,0.9,0,0,0,0,2.0,5.0,40.0,23.0,5.0,21.7,28.0,8.0,0.0,13.9,17.0,0.0,0.0,1.0,19.5,233.0,361.0,64.5,4492.0,2231.0,89.0,126.0,70.6,96.0,132.0,72.7,39.0,83.0,47.0,1,1.5,1.2,7.0,21.0,3.0,1.0,22.0,361.0,301.0,59.0,16.0,0.0,4.0,13.0,31.0,2.0,1.0,0.0,0.0,233.0,1.0,4.0,22.0,11.0,4.0,1.0,5.0,1.0,0.0,3.0,2.0,0.0,0.0,1.0,0.0,0.0,7.0,5.0,3.0,3.0,1.0,0.0,4.0,0.0,4.0,11.0,5.0,6.0,15.0,22,16.0,0.0,55.0,480.0,73.0,199.0,181.0,112.0,24.0,480.0,19.0,3.0,15.8,16.0,84.2,240.0,1622.0,714.0,15.0,14.0,7.0,22.0,5.0,230.0,22.0,1,0,0,8.0,10.0,1.0,13.0,15.0,5.0,0.0,0.0,0,54.0,8.0,11.0,42.1,14.0,5.0,35.7,0.07,0.2,14.5,0.0,0,0,1.6,1.6,0.12,-0.6,-0.6,8.0,5.0,62.5,0,2.4,-0.6,0,0,0,0,7.0,22.0,31.8,27.0,1.0,63.0,44.0,7.0,71.4,45.9,11.0,0.0,0.0,0.0,8.0,143.0,293.0,48.8,3442.0,1945.0,38.0,69.0,55.1,69.0,115.0,60.0,34.0,93.0,36.6,1,0.9,0.5,8.0,19.0,3.0,1.0,16.0,293.0,229.0,59.0,9.0,1.0,3.0,21.0,33.0,6.0,6.0,0.0,0.0,143.0,5.0,9.0,19.0,11.0,4.0,1.0,3.0,0.0,0.0,1.0,1.0,0.0,0.0,0.0,0.0,0.0,21.0,13.0,12.0,6.0,3.0,16.0,19.0,84.2,3.0,9.0,5.0,4.0,16.0,37,16.0,0.0,45.0,395.0,57.0,156.0,144.0,96.0,18.0,395.0,4.0,4.0,100.0,0.0,0.0,168.0,829.0,369.0,7.0,3.0,2.0,17.0,7.0,143.0,16.0,3,0,0,11.0,8.0,5.0,21.0,16.0,13.0,0.0,0.0,0,40.0,11.0,8.0,57.9
2022-10-15,12:00,Liga F,Matchweek 5,Sat,Home,D,1,1,Levante Planas,Levante,0.3,2.2,29.0,,Mari Paz Vilas,4-2-3-1,Marta Huerta de Aza,5.0,3.0,60.0,0.2,0.33,21.8,0.0,0,0,0.3,0.3,0.05,0.7,0.7,8.0,6.0,87.5,0,3.0,2.0,1,0,1,0,6.0,17.0,35.3,17.0,2.0,76.5,49.3,12.0,33.3,22.8,14.0,1.0,7.1,0.0,7.0,120.0,230.0,52.2,2323.0,1367.0,56.0,75.0,74.7,38.0,67.0,56.7,21.0,64.0,32.8,1,0.3,0.3,5.0,7.0,2.0,0.0,10.0,230.0,176.0,52.0,10.0,1.0,2.0,5.0,25.0,3.0,1.0,2.0,0.0,120.0,2.0,8.0,9.0,5.0,1.0,1.0,0.0,1.0,1.0,2.0,1.0,0.0,0.0,0.0,1.0,0.0,31.0,18.0,21.0,9.0,1.0,3.0,11.0,27.3,8.0,12.0,6.0,6.0,18.0,49,38.0,0.0,29.0,376.0,86.0,182.0,151.0,45.0,7.0,376.0,6.0,2.0,33.3,4.0,66.7,114.0,769.0,350.0,6.0,2.0,2.0,24.0,15.0,120.0,10.0,1,0,0,14.0,9.0,2.0,5.0,18.0,18.0,0.0,1.0,0,50.0,9.0,12.0,42.9,20.0,7.0,35.0,0.05,0.14,19.8,1.0,0,1,2.2,1.4,0.07,-1.2,-0.4,3.0,2.0,66.7,0,1.0,0.0,0,0,0,0,0.0,0.0,,15.0,2.0,0.0,20.9,6.0,0.0,14.5,2.0,0.0,0.0,0.0,18.0,445.0,561.0,79.3,9550.0,3464.0,140.0,173.0,80.9,220.0,250.0,88.0,83.0,127.0,65.4,1,1.1,1.3,14.0,40.0,15.0,2.0,57.0,561.0,490.0,70.0,14.0,0.0,4.0,19.0,40.0,8.0,5.0,1.0,0.0,445.0,1.0,6.0,36.0,24.0,4.0,2.0,4.0,1.0,1.0,2.0,2.0,0.0,0.0,0.0,0.0,0.0,23.0,17.0,4.0,10.0,9.0,4.0,6.0,66.7,2.0,9.0,1.0,8.0,12.0,35,8.0,0.0,71.0,661.0,48.0,167.0,301.0,199.0,28.0,660.0,10.0,7.0,70.0,3.0,30.0,353.0,1341.0,650.0,12.0,8.0,5.0,14.0,31.0,440.0,56.0,0,0,0,10.0,13.0,1.0,19.0,12.0,17.0,1.0,0.0,0,54.0,12.0,8.0,60.0
2022-10-23,16:00,Liga F,Matchweek 6,Sun,Away,D,1,1,Levante Planas,Valencia,0.6,1.5,46.0,,Mari Paz Vilas,4-2-3-1,Elia María Martínez Martínez,9.0,3.0,33.3,0.11,0.33,23.6,0.0,0,0,0.6,0.6,0.06,0.4,0.4,9.0,7.0,88.9,0,3.4,2.4,1,0,1,0,10.0,19.0,52.6,42.0,3.0,35.7,34.2,13.0,30.8,26.4,24.0,0.0,0.0,0.0,4.0,260.0,394.0,66.0,5054.0,2407.0,109.0,150.0,72.7,114.0,141.0,80.9,36.0,84.0,42.9,1,0.4,0.4,6.0,14.0,7.0,3.0,19.0,394.0,334.0,55.0,18.0,0.0,2.0,5.0,22.0,0.0,0.0,0.0,0.0,260.0,5.0,15.0,15.0,10.0,1.0,0.0,0.0,3.0,1.0,1.0,1.0,0.0,0.0,0.0,0.0,0.0,26.0,17.0,11.0,13.0,2.0,15.0,26.0,57.7,11.0,13.0,0.0,13.0,13.0,39,21.0,0.0,46.0,524.0,100.0,248.0,213.0,69.0,11.0,524.0,21.0,7.0,33.3,14.0,66.7,199.0,1235.0,545.0,4.0,8.0,1.0,12.0,4.0,256.0,19.0,2,0,0,8.0,12.0,5.0,5.0,13.0,17.0,0.0,1.0,0,66.0,8.0,10.0,44.4,12.0,8.0,66.7,0.08,0.13,23.1,1.0,0,1,1.5,0.7,0.06,-0.5,0.3,3.0,2.0,66.7,0,0.7,-0.3,0,0,0,0,0.0,3.0,0.0,25.0,5.0,12.0,29.0,5.0,0.0,16.8,5.0,1.0,20.0,1.0,14.4,344.0,465.0,74.0,6455.0,2893.0,143.0,180.0,79.4,145.0,178.0,81.5,50.0,83.0,60.2,1,0.7,0.8,10.0,39.0,13.0,6.0,44.0,465.0,412.0,48.0,11.0,1.0,1.0,25.0,25.0,5.0,0.0,5.0,0.0,344.0,5.0,12.0,22.0,16.0,2.0,0.0,0.0,3.0,1.0,2.0,2.0,0.0,0.0,0.0,0.0,0.0,18.0,13.0,7.0,10.0,1.0,14.0,21.0,66.7,7.0,19.0,3.0,16.0,18.0,36,8.0,0.0,54.0,591.0,43.0,163.0,269.0,167.0,32.0,590.0,26.0,11.0,42.3,15.0,57.7,305.0,1643.0,730.0,17.0,6.0,7.0,29.0,11.0,342.0,44.0,1,0,0,13.0,8.0,5.0,25.0,18.0,13.0,1.0,0.0,0,82.0,10.0,8.0,55.6
2022-10-30,12:00,Liga F,Matchweek 7,Sun,Home,L,1,2,Levante Planas,Sporting Huelva,1.5,1.6,64.0,,Mari Paz Vilas,4-2-3-1,Elena Peláez Arnillas,23.0,6.0,26.1,0.04,0.17,23.1,3.0,0,0,1.5,1.5,0.07,-0.5,-0.5,7.0,5.0,71.4,0,2.2,0.2,0,0,0,0,3.0,8.0,37.5,37.0,10.0,18.9,26.8,10.0,10.0,23.8,8.0,1.0,12.5,0.0,8.7,413.0,578.0,71.5,8390.0,3064.0,131.0,178.0,73.6,218.0,262.0,83.2,59.0,115.0,51.3,1,1.0,1.8,12.0,29.0,11.0,5.0,44.0,578.0,502.0,73.0,16.0,1.0,8.0,23.0,35.0,9.0,8.0,0.0,0.0,413.0,3.0,11.0,40.0,28.0,4.0,2.0,3.0,3.0,0.0,2.0,2.0,0.0,0.0,0.0,0.0,0.0,12.0,10.0,8.0,3.0,1.0,5.0,6.0,83.3,1.0,4.0,1.0,3.0,8.0,20,10.0,0.0,64.0,704.0,88.0,263.0,304.0,141.0,22.0,704.0,27.0,11.0,40.7,15.0,55.6,403.0,1952.0,1026.0,16.0,7.0,3.0,27.0,6.0,410.0,42.0,1,0,0,10.0,11.0,3.0,23.0,8.0,10.0,0.0,0.0,0,69.0,13.0,16.0,44.8,12.0,7.0,58.3,0.17,0.29,15.4,1.0,0,0,1.6,1.6,0.14,0.4,0.4,6.0,5.0,83.3,0,1.0,0.0,0,0,0,0,7.0,18.0,38.9,8.0,1.0,87.5,47.3,12.0,91.7,57.7,22.0,2.0,9.1,0.0,3.8,154.0,319.0,48.3,3528.0,2146.0,52.0,88.0,59.1,63.0,113.0,55.8,36.0,96.0,37.5,1,0.8,0.4,10.0,30.0,6.0,1.0,32.0,319.0,264.0,49.0,11.0,0.0,1.0,11.0,22.0,2.0,2.0,0.0,0.0,154.0,6.0,4.0,20.0,17.0,0.0,1.0,1.0,1.0,0.0,2.0,1.0,0.0,0.0,1.0,0.0,0.0,22.0,14.0,5.0,13.0,4.0,16.0,27.0,59.3,11.0,16.0,5.0,11.0,21.0,43,22.0,0.0,36.0,453.0,53.0,153.0,193.0,109.0,16.0,453.0,6.0,1.0,16.7,5.0,83.3,187.0,784.0,238.0,5.0,2.0,5.0,25.0,7.0,150.0,30.0,1,0,0,13.0,9.0,6.0,11.0,21.0,14.0,0.0,0.0,0,78.0,16.0,13.0,55.2
2022-11-03,21:00,Liga F,Matchweek 1,Thu,Home,L,0,4,Levante Planas,Barcelona,0.1,2.0,18.0,,Yasmin Mrabet,5-4-1,Beatriz Arregui Gamir,4.0,0.0,0.0,0.0,,29.4,0.0,0,0,0.1,0.1,0.01,-0.1,-0.1,9.0,5.0,55.6,0,2.8,-1.2,0,0,0,0,4.0,18.0,22.2,11.0,0.0,100.0,66.5,10.0,70.0,46.5,24.0,2.0,8.3,0.0,8.3,77.0,173.0,44.5,1708.0,1035.0,22.0,34.0,64.7,42.0,76.0,55.3,13.0,60.0,21.7,0,0.0,0.2,1.0,8.0,0.0,0.0,10.0,173.0,127.0,44.0,9.0,1.0,1.0,4.0,20.0,0.0,0.0,0.0,0.0,77.0,2.0,2.0,5.0,1.0,1.0,1.0,0.0,2.0,0.0,0.0,0.0,0.0,0.0,0.0,0.0,0.0,14.0,7.0,7.0,6.0,1.0,3.0,5.0,60.0,2.0,14.0,5.0,9.0,14.0,28,22.0,0.0,18.0,287.0,70.0,160.0,97.0,34.0,2.0,287.0,13.0,4.0,30.8,9.0,69.2,90.0,542.0,228.0,6.0,2.0,0.0,17.0,3.0,75.0,10.0,1,0,0,6.0,7.0,2.0,4.0,14.0,7.0,0.0,0.0,0,37.0,3.0,6.0,33.3,24.0,9.0,37.5,0.17,0.44,15.4,1.0,0,0,2.0,2.0,0.08,2.0,2.0,0.0,0.0,,1,0.0,0.0,0,0,0,0,3.0,3.0,100.0,28.0,6.0,3.6,22.0,7.0,28.6,32.3,4.0,0.0,0.0,1.0,20.4,676.0,780.0,86.7,13665.0,4870.0,220.0,252.0,87.3,363.0,396.0,91.7,93.0,116.0,80.2,3,1.3,2.0,16.0,67.0,17.0,3.0,84.0,780.0,730.0,48.0,7.0,0.0,4.0,28.0,24.0,9.0,1.0,7.0,1.0,676.0,2.0,9.0,40.0,26.0,7.0,1.0,4.0,2.0,0.0,7.0,5.0,1.0,0.0,1.0,0.0,0.0,12.0,8.0,2.0,7.0,3.0,9.0,13.0,69.2,4.0,2.0,0.0,2.0,9.0,21,5.0,0.0,82.0,863.0,49.0,164.0,460.0,239.0,35.0,863.0,5.0,2.0,40.0,3.0,60.0,339.0,1488.0,779.0,16.0,10.0,5.0,20.0,11.0,673.0,84.0,1,0,0,7.0,6.0,2.0,28.0,9.0,8.0,0.0,0.0,0,44.0,6.0,3.0,66.7
2022-11-06,16:00,Liga F,Matchweek 8,Sun,Away,L,0,5,Levante Planas,Sevilla,0.8,1.4,50.0,,Mari Paz Vilas,4-4-2,Beatriz Arregui Gamir,9.0,4.0,44.4,0.0,0.0,16.4,0.0,0,0,0.8,0.8,0.09,-0.8,-0.8,5.0,1.0,0.0,0,1.7,-2.3,0,0,0,0,2.0,4.0,50.0,20.0,6.0,15.0,24.0,11.0,9.1,25.1,12.0,0.0,0.0,0.0,6.0,298.0,406.0,73.4,5412.0,2314.0,126.0,153.0,82.4,135.0,166.0,81.3,32.0,63.0,50.8,0,0.8,0.9,7.0,24.0,6.0,2.0,33.0,406.0,347.0,58.0,17.0,0.0,1.0,12.0,20.0,4.0,1.0,2.0,0.0,298.0,1.0,15.0,15.0,10.0,3.0,2.0,0.0,0.0,0.0,0.0,0.0,0.0,0.0,0.0,0.0,0.0,18.0,11.0,7.0,9.0,2.0,11.0,15.0,73.3,4.0,10.0,2.0,8.0,17.0,35,19.0,0.0,50.0,521.0,62.0,181.0,240.0,113.0,17.0,521.0,28.0,17.0,60.7,11.0,39.3,296.0,1773.0,973.0,18.0,16.0,2.0,16.0,14.0,296.0,33.0,0,0,0,8.0,9.0,1.0,12.0,17.0,11.0,0.0,0.0,1,60.0,4.0,2.0,66.7,15.0,5.0,33.3,0.27,0.8,19.3,0.0,0,0,1.4,1.4,0.09,2.6,2.6,4.0,4.0,100.0,1,0.7,0.7,0,0,0,0,2.0,6.0,33.3,22.0,6.0,18.2,29.0,7.0,28.6,35.0,12.0,2.0,16.7,1.0,14.3,302.0,405.0,74.6,6192.0,2645.0,90.0,120.0,75.0,166.0,201.0,82.6,43.0,69.0,62.3,4,1.2,1.3,11.0,27.0,8.0,0.0,37.0,405.0,348.0,49.0,9.0,2.0,3.0,13.0,27.0,5.0,4.0,1.0,0.0,302.0,8.0,9.0,26.0,19.0,2.0,1.0,2.0,0.0,2.0,6.0,5.0,0.0,1.0,0.0,0.0,0.0,25.0,14.0,12.0,10.0,3.0,11.0,28.0,39.3,17.0,16.0,1.0,15.0,19.0,44,9.0,0.0,50.0,525.0,46.0,159.0,241.0,130.0,20.0,525.0,15.0,4.0,26.7,11.0,73.3,232.0,1488.0,827.0,16.0,5.0,5.0,16.0,7.0,300.0,37.0,1,0,0,9.0,8.0,8.0,13.0,19.0,14.0,0.0,0.0,0,61.0,2.0,4.0,33.3
2022-11-20,14:00,Liga F,Matchweek 9,Sun,Home,L,1,2,Levante Planas,Atlético Madrid,0.6,1.9,29.0,,Mari Paz Vilas,5-4-1,María Dolores Martínez Madrona,12.0,3.0,25.0,0.08,0.33,18.6,0.0,0,0,0.6,0.6,0.05,0.4,0.4,6.0,4.0,66.7,0,1.4,-0.6,0,0,0,0,11.0,22.0,50.0,18.0,2.0,77.8,49.4,11.0,72.7,44.7,21.0,1.0,4.8,2.0,16.3,125.0,250.0,50.0,2760.0,1630.0,31.0,59.0,52.5,63.0,96.0,65.6,25.0,74.0,33.8,0,0.5,0.5,8.0,10.0,4.0,2.0,21.0,250.0,189.0,60.0,16.0,0.0,2.0,12.0,28.0,2.0,1.0,1.0,0.0,125.0,1.0,8.0,19.0,8.0,5.0,1.0,2.0,2.0,1.0,1.0,0.0,0.0,0.0,1.0,0.0,0.0,33.0,20.0,18.0,12.0,3.0,15.0,33.0,45.5,18.0,11.0,1.0,10.0,10.0,43,38.0,0.0,29.0,395.0,75.0,175.0,147.0,79.0,12.0,395.0,7.0,5.0,71.4,2.0,28.6,121.0,742.0,256.0,5.0,6.0,1.0,22.0,18.0,125.0,21.0,3,0,0,13.0,11.0,1.0,12.0,10.0,20.0,0.0,0.0,0,66.0,17.0,12.0,58.6,11.0,6.0,54.5,0.18,0.33,12.6,1.0,0,0,1.9,1.9,0.17,0.1,0.1,3.0,2.0,66.7,0,0.5,-0.5,0,0,0,0,3.0,8.0,37.5,29.0,4.0,27.6,30.8,5.0,0.0,19.0,10.0,2.0,20.0,3.0,14.0,480.0,613.0,78.3,8987.0,3294.0,190.0,218.0,87.2,215.0,246.0,87.4,61.0,109.0,56.0,2,1.8,0.6,10.0,35.0,10.0,3.0,51.0,613.0,553.0,55.0,13.0,0.0,2.0,21.0,24.0,11.0,6.0,1.0,2.0,480.0,5.0,10.0,20.0,15.0,2.0,2.0,0.0,1.0,0.0,2.0,1.0,0.0,1.0,0.0,0.0,0.0,20.0,13.0,5.0,11.0,4.0,2.0,7.0,28.6,5.0,10.0,3.0,7.0,14.0,34,11.0,0.0,71.0,737.0,55.0,229.0,353.0,166.0,23.0,737.0,33.0,18.0,54.5,15.0,45.5,446.0,2223.0,981.0,12.0,11.0,4.0,22.0,18.0,479.0,51.0,2,0,0,12.0,12.0,5.0,21.0,14.0,13.0,0.0,0.0,0,76.0,12.0,17.0,41.4
2022-11-27,14:00,Liga F,Matchweek 10,Sun,Away,L,0,3,Levante Planas,Real Sociedad,0.5,3.5,33.0,,Mari Paz Vilas,4-2-3-1,Paola Cebollada López,11.0,4.0,36.4,0.0,0.0,21.8,0.0,0,0,0.5,0.5,0.05,-0.5,-0.5,7.0,4.0,71.4,0,3.1,0.1,1,1,0,0,1.0,8.0,12.5,20.0,5.0,30.0,34.1,11.0,18.2,18.4,10.0,0.0,0.0,0.0,8.7,187.0,303.0,61.7,3260.0,1676.0,90.0,114.0,78.9,71.0,111.0,64.0,22.0,58.0,37.9,0,0.4,0.6,7.0,13.0,3.0,1.0,18.0,303.0,256.0,47.0,8.0,1.0,0.0,6.0,21.0,3.0,0.0,3.0,0.0,187.0,0.0,13.0,18.0,11.0,4.0,1.0,2.0,0.0,0.0,0.0,0.0,0.0,0.0,0.0,0.0,0.0,22.0,13.0,12.0,8.0,2.0,9.0,16.0,56.3,7.0,18.0,5.0,13.0,9.0,31,15.0,0.0,33.0,414.0,75.0,221.0,150.0,52.0,8.0,414.0,13.0,8.0,61.5,5.0,38.5,221.0,1199.0,447.0,8.0,9.0,2.0,14.0,19.0,182.0,17.0,4,1,1,10.0,5.0,0.0,6.0,9.0,13.0,0.0,1.0,0,64.0,5.0,6.0,45.5,18.0,6.0,33.3,0.11,0.33,16.4,2.0,1,1,3.5,2.7,0.16,-0.5,-0.7,4.0,4.0,100.0,1,0.7,0.7,0,0,0,0,0.0,0.0,,17.0,4.0,0.0,19.7,5.0,0.0,21.0,5.0,0.0,0.0,2.0,20.0,514.0,626.0,82.1,9140.0,3145.0,198.0,234.0,84.6,285.0,323.0,88.2,22.0,39.0,56.4,2,1.9,1.5,10.0,60.0,15.0,2.0,73.0,626.0,582.0,41.0,7.0,3.0,3.0,15.0,26.0,2.0,1.0,0.0,1.0,514.0,3.0,13.0,31.0,21.0,2.0,2.0,2.0,3.0,1.0,5.0,3.0,0.0,0.0,1.0,1.0,0.0,24.0,12.0,6.0,13.0,5.0,5.0,13.0,38.5,8.0,14.0,2.0,12.0,9.0,33,7.0,0.0,67.0,742.0,37.0,173.0,342.0,229.0,34.0,741.0,16.0,7.0,43.8,9.0,56.3,356.0,2111.0,1252.0,26.0,11.0,5.0,14.0,13.0,510.0,72.0,1,0,0,5.0,10.0,3.0,15.0,9.0,12.0,1.0,0.0,0,83.0,5.0,5.0,50.0
2022-12-03,18:15,Liga F,Matchweek 11,Sat,Home,L,1,4,Levante Planas,Real Madrid,1.2,2.2,37.0,,Yasmin Mrabet,5-4-1,María Gloria Planes Terol,7.0,5.0,71.4,0.14,0.2,19.2,1.0,0,0,1.2,1.2,0.17,-0.2,-0.2,5.0,1.0,20.0,0,2.8,-1.2,0,0,0,0,4.0,11.0,36.4,21.0,5.0,33.3,30.6,11.0,36.4,34.5,11.0,1.0,9.1,0.0,9.0,214.0,318.0,67.3,4178.0,2051.0,77.0,99.0,77.8,108.0,139.0,77.7,28.0,71.0,39.4,1,1.1,0.4,5.0,20.0,1.0,0.0,30.0,318.0,253.0,60.0,16.0,1.0,2.0,11.0,26.0,2.0,1.0,1.0,0.0,214.0,5.0,6.0,12.0,6.0,2.0,1.0,0.0,2.0,1.0,2.0,1.0,0.0,1.0,0.0,0.0,0.0,18.0,13.0,9.0,7.0,2.0,10.0,15.0,66.7,5.0,10.0,2.0,8.0,15.0,33,21.0,0.0,37.0,437.0,53.0,173.0,181.0,91.0,11.0,437.0,14.0,3.0,21.4,11.0,78.6,182.0,996.0,417.0,9.0,11.0,4.0,19.0,9.0,212.0,30.0,2,0,0,11.0,14.0,5.0,11.0,15.0,13.0,0.0,0.0,0,52.0,6.0,5.0,54.5,14.0,5.0,35.7,0.29,0.8,15.2,0.0,0,0,2.2,2.2,0.16,1.8,1.8,5.0,4.0,80.0,0,1.2,0.2,0,0,0,0,1.0,4.0,25.0,15.0,4.0,26.7,27.8,3.0,0.0,20.0,8.0,1.0,12.5,2.0,20.8,431.0,542.0,79.5,7753.0,2663.0,181.0,209.0,86.6,205.0,238.0,86.1,35.0,69.0,50.7,4,2.2,1.0,11.0,37.0,9.0,3.0,50.0,542.0,477.0,61.0,16.0,1.0,5.0,15.0,37.0,3.0,1.0,0.0,0.0,431.0,4.0,10.0,26.0,18.0,3.0,0.0,1.0,3.0,1.0,7.0,6.0,0.0,0.0,1.0,0.0,0.0,20.0,15.0,14.0,4.0,2.0,11.0,14.0,78.6,3.0,6.0,1.0,5.0,7.0,27,15.0,0.0,63.0,645.0,56.0,231.0,280.0,135.0,26.0,645.0,15.0,5.0,33.3,10.0,66.7,363.0,2182.0,1106.0,18.0,11.0,6.0,22.0,8.0,428.0,50.0,4,0,0,14.0,11.0,4.0,15.0,7.0,15.0,0.0,0.0,0,54.0,5.0,6.0,45.5
2022-12-11,13:00,Liga F,Matchweek 12,Sun,Away,W,1,0,Levante Planas,UDG Tenerife,0.6,0.5,41.0,,Yasmin Mrabet,4-2-3-1,Marta Frías Acedo,10.0,4.0,40.0,0.1,0.25,23.9,2.0,0,0,0.6,0.6,0.06,0.4,0.4,3.0,3.0,100.0,1,0.3,0.3,0,0,0,0,9.0,21.0,42.9,20.0,4.0,65.0,45.2,14.0,64.3,42.0,25.0,3.0,12.0,0.0,8.3,164.0,283.0,58.0,3729.0,2290.0,52.0,79.0,65.8,69.0,97.0,71.1,40.0,88.0,45.5,1,0.5,0.4,8.0,17.0,4.0,1.0,20.0,283.0,214.0,64.0,14.0,0.0,0.0,8.0,34.0,1.0,0.0,1.0,0.0,164.0,5.0,8.0,16.0,10.0,2.0,0.0,0.0,3.0,1.0,2.0,2.0,0.0,0.0,0.0,0.0,0.0,23.0,14.0,13.0,8.0,2.0,13.0,20.0,65.0,7.0,6.0,3.0,3.0,9.0,32,40.0,0.0,41.0,427.0,86.0,214.0,146.0,68.0,10.0,427.0,14.0,4.0,28.6,10.0,71.4,158.0,688.0,230.0,3.0,1.0,2.0,19.0,10.0,160.0,19.0,4,0,0,15.0,12.0,5.0,8.0,9.0,14.0,0.0,0.0,0,50.0,18.0,7.0,72.0,10.0,3.0,30.0,0.0,0.0,19.5,2.0,0,0,0.5,0.5,0.05,-0.5,-0.5,4.0,3.0,75.0,0,0.9,-0.1,0,0,0,0,4.0,12.0,33.3,22.0,0.0,40.9,33.6,11.0,27.3,30.5,7.0,0.0,0.0,1.0,27.0,274.0,411.0,66.7,5374.0,2484.0,94.0,124.0,75.8,140.0,176.0,79.5,35.0,87.0,40.2,0,0.3,0.5,6.0,31.0,11.0,2.0,37.0,411.0,335.0,71.0,17.0,1.0,0.0,30.0,35.0,6.0,5.0,0.0,0.0,274.0,5.0,5.0,19.0,10.0,4.0,1.0,0.0,3.0,1.0,0.0,0.0,0.0,0.0,0.0,0.0,0.0,20.0,12.0,6.0,8.0,6.0,10.0,14.0,71.4,4.0,6.0,0.0,6.0,6.0,26,14.0,0.0,59.0,515.0,47.0,131.0,215.0,177.0,31.0,515.0,20.0,7.0,35.0,13.0,65.0,227.0,1257.0,600.0,15.0,6.0,8.0,25.0,10.0,271.0,36.0,1,0,0,12.0,15.0,5.0,30.0,6.0,12.0,0.0,0.0,0,60.0,7.0,18.0,28.0
2022-12-17,12:00,Liga F,Matchweek 13,Sat,Home,D,2,2,Levante Planas,Villarreal,1.5,1.4,53.0,,Yasmin Mrabet,4-2-3-1,Elisabeth Calvo Valentín,19.0,6.0,31.6,0.11,0.33,23.2,2.0,0,0,1.5,1.5,0.08,0.5,0.5,4.0,2.0,75.0,0,2.0,0.0,0,1,0,0,1.0,4.0,25.0,16.0,7.0,18.8,30.3,6.0,16.7,26.8,9.0,0.0,0.0,3.0,24.5,242.0,372.0,65.1,4735.0,1977.0,90.0,125.0,72.0,101.0,131.0,77.1,39.0,93.0,41.9,1,1.2,0.4,10.0,18.0,1.0,0.0,24.0,372.0,301.0,68.0,13.0,0.0,4.0,7.0,40.0,6.0,3.0,2.0,0.0,242.0,3.0,1.0,30.0,14.0,7.0,2.0,4.0,3.0,0.0,3.0,0.0,0.0,1.0,1.0,1.0,0.0,7.0,4.0,4.0,3.0,0.0,4.0,7.0,57.1,3.0,10.0,2.0,8.0,7.0,14,18.0,1.0,53.0,515.0,45.0,188.0,205.0,132.0,27.0,515.0,29.0,10.0,34.5,19.0,65.5,214.0,1333.0,748.0,15.0,11.0,9.0,29.0,11.0,238.0,23.0,2,0,0,9.0,12.0,3.0,7.0,7.0,4.0,0.0,1.0,0,55.0,19.0,21.0,47.5,7.0,3.0,42.9,0.14,0.33,25.3,1.0,1,1,1.4,0.6,0.08,0.6,0.4,6.0,4.0,66.7,0,2.2,0.2,0,0,0,0,8.0,22.0,36.4,22.0,2.0,63.6,42.0,9.0,88.9,52.3,4.0,1.0,25.0,5.0,25.0,184.0,328.0,56.1,3943.0,2210.0,68.0,99.0,68.7,78.0,121.0,64.5,35.0,87.0,40.2,1,0.4,0.9,3.0,20.0,7.0,1.0,20.0,328.0,278.0,47.0,10.0,1.0,1.0,12.0,23.0,2.0,2.0,0.0,0.0,184.0,3.0,8.0,13.0,11.0,0.0,0.0,0.0,2.0,0.0,4.0,3.0,0.0,0.0,0.0,1.0,0.0,30.0,15.0,15.0,11.0,4.0,19.0,29.0,65.5,10.0,7.0,6.0,1.0,14.0,44,24.0,0.0,47.0,464.0,48.0,184.0,186.0,97.0,14.0,463.0,7.0,3.0,42.9,4.0,57.1,149.0,790.0,308.0,6.0,5.0,3.0,27.0,3.0,181.0,19.0,5,1,1,12.0,7.0,3.0,12.0,14.0,15.0,1.0,0.0,0,62.0,21.0,19.0,52.5
2023-01-08,12:00,Liga F,Matchweek 14,Sun,Away,L,0,2,Levante Planas,Athletic Club,0.8,2.6,35.0,,Yasmin Mrabet,4-1-4-1,Elia María Martínez Martínez,11.0,6.0,54.5,0.0,0.0,18.6,0.0,0,0,0.8,0.8,0.08,-0.8,-0.8,7.0,5.0,71.4,0,2.5,0.5,0,0,0,0,0.0,2.0,0.0,24.0,9.0,8.3,25.5,7.0,0.0,18.0,21.0,1.0,4.8,0.0,9.0,188.0,297.0,63.3,3324.0,1801.0,87.0,114.0,76.3,79.0,108.0,73.1,19.0,60.0,31.7,0,0.8,0.2,9.0,9.0,3.0,1.0,15.0,297.0,239.0,58.0,20.0,0.0,3.0,8.0,27.0,2.0,1.0,0.0,1.0,188.0,0.0,6.0,15.0,7.0,3.0,2.0,1.0,2.0,0.0,0.0,0.0,0.0,0.0,0.0,0.0,0.0,24.0,15.0,11.0,12.0,1.0,6.0,12.0,50.0,6.0,10.0,7.0,3.0,10.0,34,21.0,0.0,35.0,429.0,66.0,205.0,178.0,51.0,13.0,429.0,19.0,4.0,21.1,15.0,78.9,173.0,1212.0,588.0,9.0,8.0,1.0,23.0,8.0,188.0,15.0,5,1,1,14.0,13.0,0.0,8.0,10.0,15.0,0.0,0.0,0,58.0,11.0,3.0,78.6,19.0,7.0,36.8,0.11,0.29,16.1,0.0,0,0,2.6,2.6,0.14,-0.6,-0.6,6.0,6.0,100.0,1,0.7,0.7,0,0,0,0,1.0,2.0,50.0,25.0,6.0,8.0,23.5,4.0,0.0,15.8,6.0,0.0,0.0,3.0,17.6,426.0,546.0,78.0,7712.0,2763.0,154.0,184.0,83.7,200.0,224.0,89.3,50.0,93.0,53.8,1,1.1,0.8,8.0,28.0,12.0,7.0,31.0,546.0,489.0,50.0,14.0,0.0,2.0,24.0,26.0,5.0,2.0,1.0,0.0,426.0,7.0,4.0,31.0,21.0,3.0,0.0,5.0,1.0,1.0,3.0,2.0,0.0,0.0,1.0,0.0,0.0,23.0,19.0,5.0,16.0,2.0,15.0,19.0,78.9,4.0,7.0,2.0,5.0,14.0,37,2.0,1.0,65.0,657.0,39.0,178.0,350.0,136.0,28.0,657.0,12.0,6.0,50.0,6.0,50.0,389.0,1791.0,1002.0,13.0,12.0,1.0,26.0,18.0,421.0,31.0,2,0,0,13.0,13.0,7.0,24.0,14.0,19.0,0.0,0.0,0,76.0,3.0,11.0,21.4
2023-01-14,12:00,Liga F,Matchweek 15,Sat,Home,W,1,0,Levante Planas,Alavés,1.7,0.3,49.0,,Yasmin Mrabet,4-1-4-1,María Dolores Martínez Madrona,17.0,7.0,41.2,0.06,0.14,21.1,1.0,0,0,1.7,1.7,0.1,-0.7,-0.7,1.0,1.0,100.0,1,0.0,0.0,0,0,0,0,3.0,7.0,42.9,14.0,6.0,35.7,31.0,7.0,28.6,20.7,10.0,1.0,10.0,0.0,8.0,228.0,352.0,64.8,4808.0,2293.0,76.0,101.0,75.2,101.0,139.0,72.7,47.0,94.0,50.0,1,1.3,1.7,12.0,28.0,7.0,3.0,44.0,352.0,293.0,54.0,17.0,4.0,3.0,21.0,19.0,10.0,1.0,6.0,0.0,228.0,5.0,4.0,27.0,21.0,1.0,0.0,1.0,1.0,3.0,2.0,1.0,0.0,0.0,0.0,0.0,1.0,10.0,9.0,3.0,3.0,4.0,1.0,2.0,50.0,1.0,5.0,1.0,4.0,16.0,26,19.0,0.0,49.0,479.0,45.0,156.0,212.0,124.0,26.0,479.0,20.0,7.0,35.0,13.0,65.0,198.0,1419.0,794.0,20.0,10.0,7.0,29.0,5.0,224.0,43.0,1,0,0,8.0,16.0,5.0,21.0,16.0,9.0,0.0,0.0,0,51.0,17.0,12.0,58.6,6.0,1.0,16.7,0.0,0.0,14.6,0.0,0,0,0.3,0.3,0.06,-0.3,-0.3,7.0,6.0,85.7,0,1.1,0.1,0,0,0,0,7.0,25.0,28.0,36.0,6.0,47.2,34.7,12.0,66.7,38.6,16.0,2.0,12.5,0.0,13.0,224.0,371.0,60.4,4441.0,1988.0,86.0,120.0,71.7,105.0,135.0,77.8,29.0,92.0,31.5,0,0.2,0.3,4.0,11.0,6.0,1.0,16.0,371.0,314.0,54.0,13.0,0.0,0.0,15.0,21.0,6.0,1.0,5.0,0.0,224.0,3.0,7.0,12.0,9.0,3.0,0.0,0.0,0.0,0.0,0.0,0.0,0.0,0.0,0.0,0.0,0.0,18.0,7.0,9.0,8.0,1.0,13.0,20.0,65.0,7.0,7.0,4.0,3.0,9.0,27,18.0,0.0,51.0,473.0,78.0,207.0,194.0,76.0,17.0,473.0,2.0,1.0,50.0,1.0,50.0,224.0,1033.0,389.0,5.0,4.0,1.0,16.0,9.0,219.0,16.0,2,0,0,17.0,8.0,3.0,15.0,9.0,7.0,0.0,0.0,0,44.0,12.0,17.0,41.4
2023-01-25,18:00,Liga F,Matchweek 16,Wed,Away,L,0,7,Levante Planas,Barcelona,0.4,5.1,26.0,,Mari Paz Vilas,4-1-4-1,Patricia Luna Varo,5.0,1.0,20.0,0.0,0.0,18.0,1.0,0,0,0.4,0.4,0.08,-0.4,-0.4,14.0,7.0,50.0,0,3.5,-3.5,0,0,0,0,3.0,7.0,42.9,14.0,1.0,50.0,41.9,15.0,20.0,17.7,24.0,1.0,4.2,0.0,7.5,152.0,253.0,60.1,2640.0,1576.0,77.0,105.0,73.3,48.0,69.0,69.6,22.0,63.0,34.9,0,0.1,0.1,2.0,7.0,1.0,0.0,10.0,253.0,200.0,52.0,12.0,0.0,1.0,5.0,15.0,2.0,1.0,0.0,1.0,152.0,1.0,9.0,7.0,1.0,2.0,1.0,1.0,2.0,0.0,0.0,0.0,0.0,0.0,0.0,0.0,0.0,17.0,6.0,13.0,3.0,1.0,11.0,14.0,78.6,3.0,24.0,12.0,12.0,16.0,33,30.0,0.0,26.0,377.0,102.0,232.0,132.0,19.0,6.0,377.0,8.0,4.0,50.0,4.0,50.0,140.0,732.0,341.0,5.0,5.0,0.0,13.0,9.0,152.0,10.0,3,0,0,16.0,10.0,1.0,5.0,16.0,6.0,0.0,0.0,0,55.0,5.0,5.0,50.0,35.0,14.0,40.0,0.2,0.5,13.7,0.0,0,0,5.1,5.1,0.15,1.9,1.9,1.0,1.0,100.0,1,0.0,0.0,0,0,0,0,0.0,0.0,,23.0,7.0,0.0,17.6,3.0,0.0,26.3,3.0,0.0,0.0,1.0,15.8,602.0,707.0,85.1,10017.0,4057.0,299.0,335.0,89.3,237.0,268.0,88.4,48.0,68.0,70.6,3,3.7,3.8,29.0,54.0,33.0,9.0,94.0,707.0,658.0,47.0,16.0,1.0,3.0,37.0,19.0,8.0,4.0,3.0,0.0,602.0,2.0,13.0,64.0,55.0,3.0,2.0,3.0,1.0,0.0,12.0,8.0,0.0,2.0,2.0,0.0,0.0,13.0,10.0,3.0,3.0,7.0,4.0,8.0,50.0,4.0,9.0,1.0,8.0,10.0,23,5.0,0.0,74.0,816.0,30.0,134.0,327.0,356.0,80.0,816.0,14.0,3.0,21.4,11.0,78.6,377.0,1932.0,1045.0,30.0,19.0,18.0,13.0,6.0,600.0,94.0,0,0,0,11.0,14.0,2.0,37.0,10.0,10.0,0.0,0.0,0,67.0,5.0,5.0,50.0
2023-01-29,16:00,Liga F,Matchweek 17,Sun,Home,L,0,3,Levante Planas,Valencia,0.4,1.4,52.0,,Mari Paz Vilas,4-1-4-1,Beatriz Cuesta Arribas,9.0,5.0,55.6,0.0,0.0,20.6,0.0,0,0,0.4,0.4,0.04,-0.4,-0.4,6.0,3.0,50.0,0,1.7,-1.3,0,0,0,0,1.0,4.0,25.0,17.0,8.0,17.6,24.9,8.0,12.5,21.9,5.0,1.0,20.0,3.0,14.9,303.0,453.0,66.9,6415.0,2639.0,89.0,120.0,74.2,154.0,208.0,74.0,57.0,111.0,51.4,0,0.3,0.8,7.0,24.0,6.0,1.0,39.0,453.0,387.0,62.0,13.0,0.0,7.0,21.0,28.0,8.0,3.0,2.0,0.0,303.0,4.0,6.0,16.0,10.0,3.0,0.0,1.0,2.0,0.0,0.0,0.0,0.0,0.0,0.0,0.0,0.0,20.0,13.0,11.0,7.0,2.0,4.0,8.0,50.0,4.0,9.0,1.0,8.0,16.0,36,15.0,0.0,52.0,566.0,59.0,222.0,249.0,109.0,21.0,566.0,19.0,8.0,42.1,11.0,57.9,269.0,1698.0,774.0,20.0,15.0,9.0,19.0,9.0,299.0,39.0,2,0,0,13.0,8.0,4.0,21.0,16.0,13.0,0.0,0.0,0,64.0,5.0,8.0,38.5,14.0,6.0,42.9,0.21,0.5,20.7,0.0,0,0,1.4,1.4,0.1,1.6,1.6,5.0,5.0,100.0,1,0.6,0.6,0,0,0,0,3.0,15.0,20.0,37.0,9.0,32.4,33.8,4.0,75.0,39.8,17.0,1.0,5.9,0.0,4.3,264.0,411.0,64.2,4672.0,2070.0,111.0,148.0,75.0,117.0,152.0,77.0,31.0,78.0,39.7,3,1.2,0.8,10.0,14.0,3.0,1.0,26.0,411.0,348.0,58.0,16.0,0.0,0.0,5.0,34.0,3.0,2.0,1.0,0.0,264.0,5.0,8.0,19.0,14.0,3.0,1.0,1.0,0.0,0.0,6.0,5.0,0.0,1.0,0.0,0.0,0.0,20.0,14.0,6.0,10.0,4.0,11.0,19.0,57.9,8.0,9.0,3.0,6.0,12.0,32,16.0,0.0,48.0,528.0,69.0,213.0,207.0,116.0,17.0,528.0,8.0,4.0,50.0,4.0,50.0,235.0,1224.0,517.0,11.0,13.0,5.0,29.0,16.0,263.0,26.0,0,0,0,8.0,13.0,5.0,5.0,12.0,14.0,0.0,0.0,0,73.0,8.0,5.0,61.5
2023-02-04,12:00,Liga F,Matchweek 18,Sat,Away,D,0,0,Levante Planas,Alhama,0.3,1.2,56.0,,Mari Paz Vilas,4-1-4-1,Amy Peñalver Pearce,3.0,1.0,33.3,0.0,0.0,16.1,1.0,0,0,0.3,0.3,0.09,-0.3,-0.3,5.0,5.0,100.0,1,1.0,1.0,0,0,0,0,4.0,22.0,18.2,34.0,8.0,41.2,37.7,8.0,100.0,65.0,24.0,2.0,8.3,1.0,9.1,219.0,372.0,58.9,4432.0,2370.0,70.0,109.0,64.2,114.0,158.0,72.2,31.0,88.0,35.2,0,0.2,0.5,2.0,21.0,1.0,0.0,26.0,372.0,307.0,65.0,19.0,0.0,1.0,7.0,33.0,4.0,2.0,2.0,0.0,219.0,0.0,4.0,5.0,0.0,2.0,1.0,1.0,1.0,0.0,0.0,0.0,0.0,0.0,0.0,0.0,0.0,7.0,6.0,5.0,2.0,0.0,1.0,8.0,12.5,7.0,9.0,5.0,4.0,7.0,14,30.0,0.0,56.0,483.0,85.0,206.0,210.0,72.0,6.0,483.0,13.0,7.0,53.8,6.0,46.2,180.0,1170.0,407.0,9.0,7.0,1.0,23.0,22.0,218.0,26.0,2,0,0,19.0,9.0,0.0,7.0,7.0,6.0,0.0,0.0,0,55.0,19.0,13.0,59.4,16.0,5.0,31.3,0.0,0.0,18.8,0.0,0,0,1.2,1.2,0.08,-1.2,-1.2,1.0,1.0,100.0,1,0.2,0.2,0,0,0,0,3.0,22.0,13.6,20.0,0.0,80.0,46.1,7.0,85.7,47.4,6.0,0.0,0.0,4.0,26.5,134.0,297.0,45.1,2890.0,1354.0,45.0,77.0,58.4,56.0,94.0,59.6,29.0,96.0,30.2,0,0.9,0.9,9.0,22.0,11.0,6.0,27.0,297.0,231.0,57.0,19.0,0.0,2.0,30.0,26.0,4.0,3.0,0.0,0.0,134.0,9.0,9.0,23.0,17.0,3.0,0.0,1.0,2.0,0.0,0.0,0.0,0.0,0.0,0.0,0.0,0.0,28.0,17.0,12.0,12.0,4.0,6.0,13.0,46.2,7.0,5.0,1.0,4.0,15.0,43,13.0,0.0,44.0,403.0,34.0,124.0,171.0,113.0,22.0,403.0,8.0,7.0,87.5,1.0,12.5,134.0,794.0,359.0,12.0,5.0,2.0,15.0,6.0,131.0,26.0,1,0,0,11.0,17.0,9.0,30.0,15.0,17.0,0.0,0.0,0,77.0,13.0,19.0,40.6
2023-02-11,12:00,Liga F,Matchweek 19,Sat,Away,L,0,5,Levante Planas,Levante,0.3,4.4,27.0,,Mari Paz Vilas,4-1-4-1,Elena Peláez Arnillas,5.0,3.0,60.0,0.0,0.0,26.5,2.0,0,0,0.3,0.3,0.05,-0.3,-0.3,10.0,5.0,60.0,0,4.6,-0.4,1,1,0,0,5.0,17.0,29.4,19.0,4.0,57.9,39.6,10.0,60.0,38.1,32.0,2.0,6.3,1.0,9.4,134.0,242.0,55.4,2763.0,1443.0,52.0,74.0,70.3,56.0,86.0,65.1,24.0,69.0,34.8,0,0.1,0.1,3.0,13.0,1.0,0.0,14.0,242.0,198.0,44.0,9.0,0.0,1.0,1.0,19.0,0.0,0.0,0.0,0.0,134.0,0.0,6.0,8.0,5.0,1.0,0.0,0.0,2.0,0.0,0.0,0.0,0.0,0.0,0.0,0.0,0.0,26.0,20.0,20.0,6.0,0.0,0.0,5.0,0.0,5.0,7.0,4.0,3.0,10.0,36,32.0,1.0,27.0,360.0,91.0,218.0,112.0,34.0,3.0,360.0,8.0,6.0,75.0,2.0,25.0,116.0,928.0,447.0,9.0,5.0,1.0,10.0,12.0,132.0,14.0,1,0,0,11.0,9.0,0.0,1.0,10.0,20.0,0.0,1.0,0,40.0,2.0,7.0,22.2,20.0,9.0,45.0,0.2,0.44,17.0,1.0,1,1,4.4,3.6,0.18,0.6,0.4,3.0,3.0,100.0,1,0.1,0.1,0,0,0,0,1.0,2.0,50.0,14.0,3.0,14.3,28.8,2.0,0.0,23.5,1.0,0.0,0.0,0.0,19.0,540.0,653.0,82.7,13259.0,4825.0,91.0,109.0,83.5,316.0,361.0,87.5,131.0,170.0,77.1,3,2.6,1.3,11.0,78.0,12.0,2.0,72.0,653.0,600.0,51.0,8.0,0.0,8.0,43.0,25.0,15.0,7.0,4.0,0.0,540.0,2.0,9.0,33.0,23.0,5.0,1.0,1.0,3.0,0.0,10.0,8.0,0.0,1.0,0.0,1.0,0.0,13.0,11.0,3.0,8.0,2.0,2.0,8.0,25.0,6.0,7.0,0.0,7.0,9.0,22,2.0,0.0,73.0,732.0,31.0,190.0,315.0,231.0,32.0,731.0,5.0,5.0,100.0,0.0,0.0,518.0,2510.0,1033.0,17.0,7.0,12.0,19.0,26.0,538.0,72.0,0,0,0,9.0,11.0,2.0,43.0,9.0,11.0,1.0,0.0,0,70.0,7.0,3.0,70.0
2023-03-05,18:00,Liga F,Matchweek 20,Sun,Home,D,2,2,Levante Planas,Real Betis,0.5,1.7,62.0,,Mari Paz Vilas,4-1-4-1,Arantza Gallastegui Pérez,7.0,5.0,71.4,0.29,0.4,23.1,0.0,0,0,0.5,0.5,0.07,1.5,1.5,4.0,2.0,50.0,0,2.2,0.2,0,0,0,0,4.0,11.0,36.4,22.0,5.0,36.4,34.5,13.0,23.1,28.0,10.0,0.0,0.0,0.0,8.3,308.0,450.0,68.4,6527.0,2380.0,94.0,125.0,75.2,152.0,200.0,76.0,57.0,111.0,51.4,2,0.5,0.3,6.0,25.0,4.0,1.0,34.0,450.0,385.0,60.0,11.0,0.0,2.0,12.0,30.0,3.0,1.0,1.0,0.0,308.0,5.0,4.0,12.0,12.0,0.0,0.0,0.0,0.0,0.0,4.0,4.0,0.0,0.0,0.0,0.0,0.0,32.0,26.0,13.0,17.0,2.0,4.0,16.0,25.0,12.0,6.0,1.0,5.0,12.0,44,8.0,0.0,62.0,551.0,57.0,196.0,276.0,86.0,4.0,551.0,35.0,18.0,51.4,17.0,48.6,213.0,1345.0,666.0,12.0,6.0,2.0,15.0,20.0,304.0,34.0,1,0,0,12.0,11.0,5.0,12.0,12.0,26.0,0.0,0.0,0,43.0,16.0,16.0,50.0,12.0,4.0,33.3,0.17,0.5,14.5,0.0,0,0,1.7,1.7,0.15,0.3,0.3,5.0,3.0,60.0,0,1.0,-1.0,0,0,0,0,6.0,26.0,23.1,28.0,1.0,78.6,48.6,4.0,100.0,49.5,11.0,2.0,18.2,2.0,16.0,152.0,279.0,54.5,2664.0,1355.0,62.0,89.0,69.7,57.0,95.0,60.0,18.0,67.0,26.9,2,1.6,0.8,9.0,8.0,3.0,2.0,9.0,279.0,219.0,60.0,17.0,1.0,2.0,11.0,33.0,3.0,2.0,1.0,0.0,152.0,0.0,5.0,17.0,4.0,3.0,6.0,2.0,1.0,1.0,4.0,2.0,0.0,2.0,0.0,0.0,0.0,37.0,21.0,19.0,17.0,1.0,17.0,34.0,50.0,17.0,4.0,0.0,4.0,15.0,52,10.0,0.0,38.0,410.0,39.0,154.0,170.0,90.0,16.0,410.0,16.0,12.0,75.0,4.0,25.0,170.0,956.0,320.0,9.0,7.0,5.0,18.0,27.0,151.0,9.0,2,0,0,11.0,10.0,0.0,11.0,15.0,21.0,0.0,0.0,0,57.0,16.0,16.0,50.0
2023-03-11,12:00,Liga F,Matchweek 21,Sat,Home,D,1,1,Levante Planas,Sevilla,1.3,1.4,47.0,,Yasmin Mrabet,4-5-1,Olatz Rivera Olmedo,15.0,4.0,26.7,0.07,0.25,19.9,2.0,0,0,1.3,1.3,0.09,-0.3,-0.3,5.0,4.0,80.0,0,1.8,0.8,0,0,0,0,10.0,23.0,43.5,24.0,3.0,66.7,47.5,9.0,77.8,42.9,12.0,0.0,0.0,1.0,17.3,186.0,313.0,59.4,4358.0,2154.0,55.0,77.0,71.4,84.0,116.0,72.4,46.0,115.0,40.0,0,0.5,0.3,6.0,22.0,4.0,1.0,28.0,313.0,262.0,51.0,15.0,0.0,1.0,10.0,23.0,2.0,0.0,1.0,0.0,186.0,0.0,6.0,21.0,8.0,4.0,1.0,3.0,3.0,2.0,1.0,0.0,0.0,0.0,1.0,0.0,0.0,17.0,15.0,6.0,9.0,2.0,2.0,5.0,40.0,3.0,16.0,5.0,11.0,13.0,30,20.0,0.0,47.0,417.0,65.0,149.0,173.0,100.0,14.0,417.0,5.0,4.0,80.0,1.0,20.0,223.0,918.0,417.0,6.0,9.0,1.0,22.0,15.0,186.0,28.0,4,0,0,19.0,11.0,0.0,10.0,13.0,15.0,0.0,0.0,0,60.0,9.0,6.0,60.0,17.0,5.0,29.4,0.06,0.2,16.7,1.0,0,0,1.4,1.4,0.09,-0.4,-0.4,4.0,3.0,75.0,0,0.4,-0.6,0,0,0,0,7.0,15.0,46.7,17.0,5.0,47.1,35.8,13.0,53.8,38.8,6.0,1.0,16.7,3.0,26.6,228.0,356.0,64.0,4925.0,2497.0,75.0,103.0,72.8,105.0,140.0,75.0,46.0,94.0,48.9,1,0.7,0.5,9.0,21.0,6.0,4.0,26.0,356.0,284.0,69.0,18.0,0.0,2.0,16.0,33.0,3.0,0.0,2.0,0.0,228.0,3.0,12.0,27.0,17.0,5.0,0.0,1.0,4.0,0.0,2.0,2.0,0.0,0.0,0.0,0.0,0.0,16.0,12.0,11.0,5.0,0.0,1.0,5.0,20.0,4.0,9.0,4.0,5.0,8.0,24,9.0,0.0,53.0,451.0,45.0,163.0,186.0,110.0,22.0,451.0,5.0,3.0,60.0,2.0,40.0,141.0,912.0,403.0,6.0,9.0,3.0,24.0,15.0,223.0,25.0,1,0,0,14.0,18.0,3.0,16.0,8.0,12.0,0.0,0.0,0,37.0,6.0,9.0,40.0
2023-03-19,12:00,Liga F,Matchweek 22,Sun,Away,D,0,0,Levante Planas,Villarreal,0.5,0.6,56.0,,Mari Paz Vilas,4-2-3-1,Marta Huerta de Aza,6.0,2.0,33.3,0.0,0.0,23.3,0.0,0,0,0.5,0.5,0.08,-0.5,-0.5,1.0,1.0,100.0,1,0.1,0.1,0,0,0,0,3.0,13.0,23.1,32.0,9.0,28.1,30.6,10.0,40.0,32.0,10.0,1.0,10.0,2.0,17.0,302.0,425.0,71.1,6388.0,2804.0,89.0,113.0,78.8,171.0,200.0,85.5,37.0,94.0,39.4,0,0.5,0.3,6.0,18.0,3.0,0.0,21.0,425.0,360.0,62.0,21.0,0.0,3.0,5.0,29.0,1.0,1.0,0.0,0.0,302.0,3.0,6.0,11.0,5.0,3.0,0.0,0.0,3.0,0.0,0.0,0.0,0.0,0.0,0.0,0.0,0.0,23.0,16.0,11.0,10.0,2.0,15.0,26.0,57.7,11.0,8.0,2.0,6.0,8.0,31,7.0,0.0,56.0,530.0,56.0,232.0,208.0,97.0,11.0,530.0,31.0,16.0,51.6,15.0,48.4,263.0,1400.0,819.0,11.0,6.0,4.0,23.0,4.0,295.0,20.0,1,0,0,10.0,15.0,3.0,5.0,8.0,16.0,0.0,0.0,0,53.0,7.0,11.0,38.9,8.0,1.0,12.5,0.0,0.0,17.3,0.0,0,0,0.6,0.6,0.08,-0.6,-0.6,2.0,2.0,100.0,1,0.1,0.1,0,0,0,0,11.0,23.0,47.8,29.0,1.0,69.0,41.4,3.0,100.0,56.0,5.0,0.0,0.0,3.0,17.0,200.0,329.0,60.8,4479.0,2433.0,71.0,97.0,73.2,90.0,129.0,69.8,38.0,89.0,42.7,0,0.6,0.5,7.0,25.0,5.0,1.0,30.0,329.0,282.0,43.0,12.0,0.0,0.0,14.0,24.0,3.0,2.0,1.0,0.0,200.0,4.0,8.0,14.0,10.0,2.0,1.0,0.0,1.0,0.0,0.0,0.0,0.0,0.0,0.0,0.0,0.0,19.0,11.0,10.0,7.0,2.0,15.0,31.0,48.4,16.0,9.0,3.0,6.0,15.0,34,13.0,0.0,44.0,432.0,32.0,174.0,171.0,93.0,16.0,432.0,26.0,11.0,42.3,15.0,57.7,175.0,1005.0,412.0,10.0,3.0,5.0,17.0,8.0,196.0,29.0,2,0,0,18.0,9.0,4.0,14.0,15.0,11.0,0.0,0.0,0,72.0,11.0,7.0,61.1
2023-03-26,12:00,Liga F,Matchweek 23,Sun,Home,D,2,2,Levante Planas,Madrid CFF,1.6,1.8,48.0,,Mari Paz Vilas,3-4-1-2,Xiomara Díaz García,12.0,4.0,33.3,0.17,0.5,23.8,0.0,0,0,1.6,1.6,0.13,0.4,0.4,6.0,4.0,66.7,0,2.1,0.1,0,0,0,0,2.0,8.0,25.0,28.0,8.0,28.6,34.8,7.0,0.0,12.7,10.0,3.0,30.0,4.0,16.4,282.0,390.0,72.3,5606.0,2523.0,105.0,123.0,85.4,126.0,160.0,78.8,46.0,93.0,49.5,1,1.0,0.7,6.0,18.0,7.0,1.0,26.0,390.0,336.0,53.0,14.0,1.0,0.0,9.0,28.0,1.0,0.0,0.0,0.0,282.0,1.0,7.0,17.0,8.0,2.0,1.0,1.0,2.0,3.0,3.0,2.0,0.0,0.0,1.0,0.0,0.0,23.0,16.0,10.0,9.0,4.0,11.0,23.0,47.8,12.0,13.0,4.0,9.0,11.0,34,18.0,0.0,48.0,518.0,64.0,214.0,219.0,93.0,13.0,518.0,18.0,11.0,61.1,7.0,38.9,281.0,1346.0,446.0,7.0,14.0,2.0,30.0,17.0,279.0,25.0,1,0,0,14.0,11.0,1.0,9.0,11.0,16.0,0.0,0.0,0,72.0,9.0,11.0,45.0,14.0,6.0,42.9,0.14,0.33,17.9,0.0,0,0,1.8,1.8,0.13,0.2,0.2,4.0,2.0,50.0,0,0.9,-1.1,0,0,0,0,2.0,5.0,40.0,12.0,6.0,16.7,23.8,12.0,25.0,23.8,8.0,1.0,12.5,0.0,9.0,297.0,419.0,70.9,6084.0,2614.0,105.0,131.0,80.2,127.0,155.0,81.9,56.0,105.0,53.3,2,1.7,1.8,11.0,25.0,4.0,0.0,30.0,419.0,357.0,58.0,16.0,1.0,4.0,13.0,21.0,6.0,1.0,0.0,5.0,297.0,4.0,10.0,22.0,15.0,2.0,4.0,1.0,0.0,0.0,4.0,2.0,0.0,2.0,0.0,0.0,0.0,24.0,17.0,13.0,7.0,4.0,7.0,18.0,38.9,11.0,10.0,3.0,7.0,10.0,34,11.0,0.0,52.0,531.0,60.0,223.0,202.0,110.0,27.0,531.0,23.0,12.0,52.2,11.0,47.8,205.0,1507.0,573.0,18.0,6.0,9.0,20.0,12.0,291.0,29.0,3,0,0,11.0,14.0,4.0,13.0,10.0,17.0,0.0,0.0,0,65.0,11.0,9.0,55.0
2023-03-31,21:00,Liga F,Matchweek 24,Fri,Away,L,0,3,Levante Planas,Real Madrid,0.2,3.5,29.0,,Yasmin Mrabet,3-4-3,Elia María Martínez Martínez,5.0,3.0,60.0,0.0,0.0,26.6,1.0,0,0,0.2,0.2,0.04,-0.2,-0.2,7.0,4.0,57.1,0,2.3,-0.7,0,0,0,0,3.0,16.0,18.8,30.0,4.0,43.3,38.2,10.0,30.0,27.2,17.0,1.0,5.9,0.0,9.3,177.0,275.0,64.4,3530.0,1629.0,56.0,72.0,77.8,97.0,121.0,80.2,22.0,68.0,32.4,0,0.2,0.2,3.0,12.0,2.0,0.0,13.0,275.0,227.0,46.0,10.0,0.0,1.0,9.0,17.0,5.0,5.0,0.0,0.0,177.0,2.0,11.0,8.0,4.0,3.0,0.0,0.0,1.0,0.0,0.0,0.0,0.0,0.0,0.0,0.0,0.0,16.0,12.0,9.0,6.0,1.0,12.0,23.0,52.2,11.0,11.0,7.0,4.0,7.0,23,28.0,1.0,29.0,393.0,87.0,217.0,120.0,59.0,4.0,393.0,16.0,7.0,43.8,9.0,56.3,182.0,949.0,461.0,11.0,2.0,2.0,19.0,13.0,172.0,11.0,4,0,0,10.0,7.0,2.0,9.0,7.0,12.0,0.0,0.0,0,54.0,7.0,11.0,38.9,23.0,7.0,30.4,0.13,0.43,17.0,0.0,0,0,3.5,3.5,0.15,-0.5,-0.5,3.0,3.0,100.0,1,0.8,0.8,0,0,0,0,1.0,2.0,50.0,15.0,5.0,13.3,22.7,2.0,0.0,15.5,8.0,1.0,12.5,0.0,10.5,579.0,667.0,86.8,10716.0,3714.0,216.0,239.0,90.4,313.0,348.0,89.9,48.0,67.0,71.6,3,3.4,3.3,20.0,59.0,10.0,1.0,84.0,667.0,622.0,40.0,11.0,2.0,4.0,22.0,22.0,4.0,0.0,2.0,1.0,579.0,5.0,5.0,41.0,32.0,3.0,2.0,1.0,1.0,2.0,5.0,4.0,0.0,0.0,0.0,0.0,1.0,22.0,14.0,7.0,8.0,7.0,9.0,15.0,60.0,6.0,11.0,1.0,10.0,4.0,26,11.0,0.0,71.0,776.0,34.0,190.0,354.0,240.0,42.0,776.0,23.0,11.0,47.8,12.0,52.2,485.0,2588.0,1303.0,23.0,21.0,11.0,21.0,4.0,573.0,83.0,2,0,0,7.0,9.0,5.0,22.0,4.0,14.0,0.0,0.0,0,62.0,11.0,7.0,61.1
2023-04-15,16:00,Liga F,Matchweek 25,Sat,Home,L,2,3,Levante Planas,UDG Tenerife,0.8,1.6,52.0,,Mari Paz Vilas,4-2-3-1,Patricia Luna Varo,8.0,5.0,62.5,0.13,0.2,15.8,1.0,0,0,0.8,0.8,0.11,0.2,0.2,6.0,3.0,66.7,0,2.1,-0.9,1,1,0,0,0.0,3.0,0.0,20.0,11.0,10.0,22.5,13.0,7.7,20.4,14.0,1.0,7.1,2.0,15.7,287.0,403.0,71.2,5810.0,2429.0,87.0,104.0,83.7,150.0,191.0,78.5,45.0,89.0,50.6,0,0.7,0.6,6.0,17.0,4.0,1.0,24.0,403.0,348.0,53.0,10.0,0.0,3.0,9.0,23.0,3.0,0.0,0.0,3.0,287.0,2.0,6.0,15.0,6.0,5.0,2.0,1.0,1.0,0.0,2.0,0.0,1.0,0.0,0.0,1.0,0.0,24.0,18.0,13.0,11.0,0.0,6.0,15.0,40.0,9.0,7.0,3.0,4.0,17.0,41,24.0,0.0,52.0,520.0,88.0,266.0,195.0,62.0,12.0,520.0,12.0,7.0,58.3,5.0,41.7,239.0,1259.0,650.0,8.0,5.0,2.0,18.0,13.0,285.0,24.0,4,0,0,19.0,9.0,2.0,9.0,17.0,18.0,0.0,1.0,0,56.0,6.0,7.0,46.2,12.0,5.0,41.7,0.17,0.4,18.0,1.0,1,1,1.6,0.8,0.07,1.4,1.2,5.0,4.0,60.0,0,0.8,-0.2,0,0,0,0,9.0,16.0,56.3,34.0,7.0,41.2,35.1,5.0,40.0,28.8,8.0,0.0,0.0,0.0,18.0,238.0,369.0,64.5,5202.0,2515.0,78.0,109.0,71.6,107.0,143.0,74.8,50.0,103.0,48.5,2,0.6,0.4,8.0,24.0,5.0,1.0,29.0,369.0,306.0,62.0,19.0,0.0,3.0,19.0,29.0,6.0,3.0,3.0,0.0,238.0,1.0,7.0,20.0,12.0,3.0,1.0,0.0,3.0,1.0,6.0,4.0,1.0,0.0,0.0,1.0,0.0,18.0,12.0,4.0,12.0,2.0,5.0,12.0,41.7,7.0,7.0,1.0,6.0,9.0,27,7.0,0.0,48.0,464.0,54.0,135.0,222.0,117.0,24.0,463.0,15.0,9.0,60.0,6.0,40.0,198.0,1263.0,701.0,18.0,11.0,7.0,26.0,18.0,230.0,27.0,2,0,0,10.0,16.0,1.0,19.0,9.0,12.0,1.0,0.0,1,65.0,7.0,6.0,53.8
2023-04-22,18:15,Liga F,Matchweek 26,Sat,Away,L,0,1,Levante Planas,Alavés,1.0,1.5,56.0,,Mari Paz Vilas,3-4-3,María Eugenia Gil Soriano,13.0,2.0,15.4,0.0,0.0,21.3,0.0,0,0,1.0,1.0,0.07,-1.0,-1.0,6.0,5.0,83.3,0,1.5,0.5,0,0,0,0,1.0,3.0,33.3,26.0,13.0,11.5,25.5,4.0,0.0,15.5,7.0,0.0,0.0,1.0,19.0,337.0,471.0,71.5,6297.0,2773.0,132.0,160.0,82.5,166.0,213.0,77.9,33.0,73.0,45.2,0,0.8,0.5,9.0,30.0,4.0,0.0,37.0,471.0,419.0,49.0,10.0,1.0,0.0,15.0,28.0,5.0,3.0,0.0,0.0,337.0,3.0,12.0,18.0,9.0,6.0,0.0,1.0,1.0,1.0,0.0,0.0,0.0,0.0,0.0,0.0,0.0,27.0,19.0,8.0,18.0,1.0,6.0,12.0,50.0,6.0,10.0,3.0,7.0,9.0,36,8.0,0.0,56.0,586.0,58.0,197.0,277.0,121.0,23.0,586.0,19.0,7.0,36.8,12.0,63.2,355.0,2047.0,964.0,19.0,10.0,6.0,18.0,4.0,332.0,36.0,4,0,0,10.0,11.0,3.0,15.0,9.0,19.0,0.0,0.0,0,79.0,14.0,7.0,66.7,11.0,6.0,54.5,0.09,0.17,14.6,0.0,0,0,1.5,1.5,0.14,-0.5,-0.5,2.0,2.0,100.0,1,0.2,0.2,0,0,0,0,9.0,25.0,36.0,38.0,3.0,47.4,35.9,10.0,70.0,40.7,14.0,0.0,0.0,1.0,13.0,240.0,367.0,65.4,5284.0,2445.0,86.0,108.0,79.6,99.0,136.0,72.8,53.0,108.0,49.1,1,1.3,0.9,8.0,15.0,3.0,0.0,11.0,367.0,313.0,53.0,11.0,0.0,3.0,9.0,29.0,2.0,0.0,0.0,2.0,240.0,1.0,7.0,19.0,13.0,2.0,0.0,2.0,2.0,0.0,2.0,2.0,0.0,0.0,0.0,0.0,0.0,16.0,9.0,6.0,10.0,0.0,12.0,19.0,63.2,7.0,15.0,3.0,12.0,12.0,28,18.0,0.0,44.0,486.0,91.0,252.0,152.0,87.0,16.0,486.0,12.0,6.0,50.0,6.0,50.0,197.0,1118.0,567.0,13.0,6.0,6.0,14.0,21.0,237.0,11.0,1,0,0,11.0,10.0,1.0,9.0,12.0,9.0,0.0,0.0,0,76.0,7.0,14.0,33.3
2023-04-29,16:00,Liga F,Matchweek 27,Sat,Home,L,0,1,Levante Planas,Athletic Club,1.2,1.0,63.0,,Mari Paz Vilas,4-2-3-1,Amy Peñalver Pearce,20.0,5.0,25.0,0.0,0.0,19.9,1.0,0,0,1.2,1.2,0.06,-1.2,-1.2,6.0,5.0,83.3,0,1.7,0.7,0,0,0,0,5.0,12.0,41.7,31.0,12.0,29.0,30.6,9.0,33.3,23.8,15.0,1.0,6.7,1.0,15.7,390.0,535.0,72.9,7858.0,3660.0,130.0,173.0,75.1,199.0,253.0,78.7,57.0,97.0,58.8,0,0.9,1.2,15.0,39.0,12.0,1.0,57.0,535.0,464.0,68.0,19.0,2.0,6.0,17.0,32.0,6.0,4.0,2.0,0.0,390.0,3.0,2.0,32.0,19.0,4.0,4.0,3.0,2.0,0.0,0.0,0.0,0.0,0.0,0.0,0.0,0.0,10.0,8.0,9.0,1.0,0.0,4.0,6.0,66.7,2.0,7.0,3.0,4.0,7.0,17,8.0,0.0,63.0,632.0,72.0,236.0,267.0,137.0,27.0,632.0,22.0,17.0,77.3,5.0,22.7,300.0,1837.0,834.0,24.0,15.0,3.0,27.0,21.0,387.0,56.0,1,0,0,11.0,14.0,3.0,17.0,7.0,8.0,0.0,0.0,0,73.0,21.0,15.0,58.3,16.0,6.0,37.5,0.06,0.17,20.2,1.0,0,0,1.0,1.0,0.06,0.0,0.0,5.0,5.0,100.0,1,0.7,0.7,0,0,0,0,11.0,29.0,37.9,27.0,3.0,63.0,40.5,15.0,80.0,44.9,15.0,1.0,6.7,0.0,9.5,156.0,312.0,50.0,3323.0,2050.0,62.0,92.0,67.4,52.0,95.0,54.7,36.0,100.0,36.0,1,0.7,0.4,9.0,12.0,6.0,2.0,18.0,312.0,249.0,58.0,13.0,0.0,3.0,20.0,25.0,4.0,4.0,0.0,0.0,156.0,5.0,5.0,22.0,9.0,3.0,1.0,2.0,2.0,5.0,2.0,1.0,0.0,0.0,0.0,0.0,1.0,27.0,15.0,6.0,18.0,3.0,5.0,22.0,22.7,17.0,4.0,2.0,2.0,14.0,41,14.0,0.0,37.0,410.0,66.0,173.0,143.0,97.0,18.0,410.0,6.0,2.0,33.3,4.0,66.7,64.0,492.0,229.0,6.0,1.0,3.0,14.0,6.0,152.0,18.0,1,0,0,15.0,10.0,5.0,20.0,14.0,15.0,0.0,0.0,0,66.0,15.0,21.0,41.7
2023-05-06,12:00,Liga F,Matchweek 28,Sat,Away,W,1,0,Levante Planas,Atlético Madrid,0.2,0.7,28.0,,Mari Paz Vilas,5-4-1,Marta Huerta de Aza,5.0,1.0,20.0,0.2,1.0,25.2,1.0,0,0,0.2,0.2,0.04,0.8,0.8,1.0,1.0,100.0,1,0.2,0.2,0,0,0,0,11.0,31.0,35.5,25.0,2.0,56.0,42.4,19.0,89.5,46.7,23.0,0.0,0.0,1.0,11.7,150.0,248.0,60.5,3181.0,1750.0,50.0,67.0,74.6,65.0,90.0,72.2,30.0,78.0,38.5,1,0.1,0.1,3.0,6.0,2.0,1.0,6.0,248.0,197.0,51.0,12.0,0.0,1.0,5.0,18.0,1.0,0.0,0.0,1.0,150.0,0.0,7.0,8.0,5.0,0.0,2.0,0.0,1.0,0.0,2.0,2.0,0.0,0.0,0.0,0.0,0.0,15.0,13.0,9.0,5.0,1.0,4.0,14.0,28.6,10.0,13.0,4.0,9.0,11.0,26,21.0,0.0,28.0,352.0,66.0,169.0,134.0,54.0,4.0,352.0,5.0,5.0,100.0,0.0,0.0,118.0,683.0,358.0,7.0,8.0,0.0,15.0,8.0,148.0,6.0,3,0,0,10.0,7.0,0.0,5.0,11.0,13.0,0.0,0.0,0,45.0,10.0,6.0,62.5,15.0,1.0,6.7,0.0,0.0,21.7,1.0,0,0,0.7,0.7,0.05,-0.7,-0.7,1.0,0.0,0.0,0,0.1,-0.9,0,0,0,0,0.0,0.0,,18.0,4.0,0.0,20.1,4.0,0.0,23.0,5.0,0.0,0.0,1.0,16.7,519.0,635.0,81.7,9927.0,3878.0,184.0,219.0,84.0,274.0,305.0,89.8,56.0,91.0,61.5,0,0.4,0.6,12.0,62.0,13.0,3.0,75.0,635.0,585.0,45.0,9.0,2.0,2.0,25.0,26.0,4.0,1.0,1.0,1.0,519.0,5.0,9.0,28.0,23.0,1.0,2.0,1.0,1.0,0.0,0.0,0.0,0.0,0.0,0.0,0.0,0.0,8.0,6.0,2.0,3.0,3.0,0.0,5.0,0.0,5.0,8.0,2.0,6.0,7.0,15,7.0,1.0,72.0,719.0,32.0,174.0,327.0,227.0,17.0,719.0,14.0,10.0,71.4,4.0,28.6,563.0,3235.0,1516.0,28.0,25.0,3.0,21.0,11.0,515.0,75.0,3,0,0,8.0,9.0,5.0,25.0,7.0,6.0,0.0,0.0,0,71.0,6.0,10.0,37.5
2023-05-13,12:00,Liga F,Matchweek 29,Sat,Home,W,1,0,Levante Planas,Real Sociedad,0.5,1.3,38.0,,Mari Paz Vilas,4-2-3-1,Alicia Espinosa Ríos,11.0,5.0,45.5,0.09,0.2,21.4,0.0,0,0,0.5,0.5,0.05,0.5,0.5,9.0,9.0,100.0,1,1.6,1.6,0,0,0,0,9.0,21.0,42.9,28.0,2.0,42.9,36.6,9.0,100.0,53.6,6.0,0.0,0.0,0.0,,208.0,324.0,64.2,4516.0,2380.0,83.0,111.0,74.8,82.0,115.0,71.3,42.0,87.0,48.3,1,0.4,0.4,7.0,15.0,3.0,1.0,18.0,324.0,267.0,54.0,13.0,0.0,0.0,12.0,26.0,5.0,4.0,0.0,1.0,208.0,3.0,5.0,15.0,5.0,6.0,0.0,2.0,2.0,0.0,2.0,0.0,1.0,0.0,0.0,1.0,0.0,15.0,11.0,6.0,9.0,0.0,6.0,12.0,50.0,6.0,7.0,2.0,5.0,14.0,29,15.0,0.0,38.0,418.0,64.0,187.0,160.0,76.0,12.0,418.0,15.0,7.0,46.7,8.0,53.3,167.0,953.0,444.0,9.0,5.0,2.0,18.0,6.0,208.0,18.0,2,0,0,11.0,8.0,3.0,12.0,14.0,11.0,0.0,0.0,0,60.0,5.0,5.0,50.0,16.0,9.0,56.3,0.0,0.0,18.2,2.0,0,0,1.3,1.3,0.09,-1.3,-1.3,5.0,4.0,80.0,0,0.7,-0.3,0,0,0,0,4.0,4.0,100.0,22.0,3.0,9.1,20.4,5.0,40.0,46.0,9.0,0.0,0.0,4.0,17.2,425.0,534.0,79.6,8089.0,3321.0,158.0,191.0,82.7,208.0,233.0,89.3,50.0,85.0,58.8,0,1.0,1.1,11.0,30.0,11.0,0.0,49.0,534.0,468.0,61.0,13.0,2.0,3.0,9.0,36.0,5.0,0.0,0.0,5.0,425.0,5.0,6.0,24.0,14.0,5.0,0.0,2.0,3.0,0.0,0.0,0.0,0.0,0.0,0.0,0.0,0.0,14.0,10.0,7.0,5.0,2.0,8.0,15.0,53.3,7.0,5.0,0.0,5.0,6.0,20,10.0,0.0,62.0,636.0,48.0,216.0,282.0,139.0,30.0,636.0,12.0,6.0,50.0,6.0,50.0,372.0,1484.0,854.0,16.0,5.0,5.0,26.0,9.0,421.0,47.0,1,0,0,8.0,10.0,5.0,9.0,6.0,10.0,0.0,0.0,0,51.0,5.0,5.0,50.0
2023-05-20,12:00,Liga F,Matchweek 30,Sat,Away,L,0,2,Levante Planas,Sporting Huelva,0.5,2.6,60.0,,Mari Paz Vilas,4-2-3-1,María Dolores Martínez Madrona,10.0,2.0,20.0,0.0,0.0,24.3,0.0,0,0,0.5,0.5,0.05,-0.5,-0.5,7.0,5.0,85.7,0,2.7,0.3,0,1,0,0,4.0,4.0,100.0,26.0,4.0,7.7,26.3,15.0,13.3,19.0,16.0,1.0,6.3,0.0,5.3,384.0,536.0,71.6,7632.0,3191.0,124.0,161.0,77.0,180.0,233.0,77.3,64.0,107.0,59.8,0,0.3,0.3,7.0,29.0,4.0,1.0,35.0,536.0,467.0,68.0,19.0,0.0,7.0,3.0,31.0,1.0,1.0,0.0,0.0,384.0,1.0,12.0,14.0,10.0,1.0,0.0,1.0,1.0,1.0,0.0,0.0,0.0,0.0,0.0,0.0,0.0,15.0,11.0,8.0,5.0,2.0,4.0,8.0,50.0,4.0,11.0,2.0,9.0,5.0,20,14.0,1.0,60.0,627.0,97.0,278.0,269.0,86.0,10.0,627.0,14.0,10.0,71.4,4.0,28.6,254.0,1209.0,557.0,8.0,7.0,2.0,13.0,17.0,379.0,34.0,1,0,0,9.0,16.0,1.0,3.0,5.0,11.0,0.0,1.0,0,71.0,6.0,12.0,33.3,16.0,6.0,37.5,0.06,0.17,17.7,0.0,1,1,2.6,1.8,0.12,-0.6,-0.8,2.0,2.0,100.0,1,0.0,0.0,0,0,0,0,6.0,14.0,42.9,20.0,3.0,45.0,40.1,8.0,62.5,37.3,3.0,0.0,0.0,0.0,,211.0,363.0,58.1,4077.0,2296.0,85.0,115.0,73.9,85.0,131.0,64.9,31.0,85.0,36.5,0,1.3,0.8,10.0,21.0,8.0,2.0,33.0,363.0,306.0,53.0,9.0,0.0,2.0,19.0,30.0,5.0,3.0,2.0,0.0,211.0,4.0,11.0,26.0,16.0,4.0,1.0,2.0,2.0,1.0,3.0,1.0,1.0,0.0,0.0,1.0,0.0,21.0,16.0,3.0,15.0,3.0,4.0,15.0,26.7,11.0,14.0,2.0,12.0,22.0,43,11.0,0.0,40.0,474.0,42.0,157.0,179.0,144.0,26.0,473.0,8.0,4.0,50.0,4.0,50.0,229.0,1033.0,432.0,7.0,6.0,3.0,16.0,11.0,205.0,32.0,2,0,0,16.0,8.0,4.0,19.0,22.0,16.0,1.0,0.0,0,85.0,12.0,6.0,66.7
2022-09-18,12:00,Liga F,Matchweek 2,Sun,Away,L,0,3,Sporting Huelva,Athletic Club,0.2,3.1,31.0,,Sandra Castelló,4-2-3-1,Elisabeth Calvo Valentín,5.0,3.0,60.0,0.0,0.0,18.6,0.0,0,0,0.2,0.2,0.04,-0.2,-0.2,7.0,4.0,57.1,0,3.0,0.0,0,0,0,0,4.0,15.0,26.7,18.0,4.0,38.9,36.7,12.0,66.7,48.2,13.0,1.0,7.7,0.0,4.0,147.0,274.0,53.6,2589.0,1396.0,75.0,105.0,71.4,47.0,83.0,56.6,22.0,64.0,34.4,0,0.2,0.2,4.0,11.0,2.0,0.0,18.0,274.0,218.0,53.0,12.0,0.0,0.0,5.0,25.0,0.0,0.0,0.0,0.0,147.0,3.0,6.0,8.0,6.0,1.0,1.0,0.0,0.0,0.0,0.0,0.0,0.0,0.0,0.0,0.0,0.0,17.0,10.0,5.0,10.0,2.0,14.0,25.0,56.0,11.0,9.0,0.0,9.0,18.0,35,17.0,0.0,31.0,371.0,42.0,130.0,176.0,67.0,8.0,371.0,9.0,5.0,55.6,4.0,44.4,110.0,646.0,252.0,6.0,6.0,2.0,24.0,9.0,145.0,18.0,2,0,0,8.0,7.0,3.0,5.0,18.0,10.0,0.0,0.0,0,63.0,2.0,9.0,18.2,14.0,7.0,50.0,0.21,0.43,11.8,0.0,0,0,3.1,3.1,0.25,-0.1,-0.1,3.0,3.0,100.0,1,0.3,0.3,0,0,0,0,1.0,4.0,25.0,39.0,6.0,7.7,21.2,6.0,16.7,28.7,3.0,0.0,0.0,1.0,13.5,478.0,608.0,78.6,9745.0,3263.0,162.0,199.0,81.4,251.0,285.0,88.1,61.0,96.0,63.5,2,2.5,1.1,12.0,33.0,5.0,2.0,34.0,608.0,546.0,59.0,9.0,0.0,2.0,16.0,37.0,6.0,5.0,0.0,0.0,478.0,3.0,11.0,23.0,16.0,2.0,2.0,2.0,0.0,1.0,4.0,2.0,0.0,0.0,2.0,0.0,0.0,13.0,7.0,7.0,4.0,2.0,4.0,9.0,44.4,5.0,6.0,0.0,6.0,17.0,30,7.0,0.0,69.0,720.0,66.0,316.0,274.0,135.0,17.0,720.0,25.0,11.0,44.0,14.0,56.0,439.0,1879.0,1003.0,18.0,6.0,6.0,31.0,3.0,473.0,33.0,0,0,0,9.0,8.0,3.0,16.0,17.0,7.0,0.0,0.0,0,68.0,9.0,2.0,81.8
2022-09-24,12:00,Liga F,Matchweek 3,Sat,Home,W,1,0,Sporting Huelva,Alhama,0.5,0.8,46.0,,Sandra Castelló,4-5-1,Olatz Rivera Olmedo,7.0,1.0,14.3,0.14,1.0,18.7,0.0,0,0,0.5,0.5,0.07,0.5,0.5,3.0,3.0,100.0,1,1.2,1.2,0,0,0,0,7.0,27.0,25.9,19.0,1.0,78.9,54.7,14.0,85.7,44.0,21.0,0.0,0.0,0.0,6.7,165.0,351.0,47.0,3504.0,1980.0,52.0,93.0,55.9,77.0,131.0,58.8,34.0,110.0,30.9,1,0.4,0.2,5.0,22.0,2.0,2.0,22.0,351.0,277.0,72.0,13.0,0.0,1.0,10.0,42.0,2.0,1.0,1.0,0.0,165.0,2.0,6.0,11.0,9.0,1.0,0.0,1.0,0.0,0.0,2.0,2.0,0.0,0.0,0.0,0.0,0.0,11.0,8.0,6.0,4.0,1.0,2.0,4.0,50.0,2.0,4.0,4.0,0.0,3.0,14,30.0,0.0,46.0,441.0,84.0,198.0,181.0,65.0,4.0,441.0,4.0,1.0,25.0,3.0,75.0,110.0,774.0,123.0,2.0,2.0,2.0,17.0,10.0,159.0,19.0,1,0,0,12.0,7.0,2.0,10.0,3.0,8.0,0.0,0.0,0,36.0,15.0,9.0,62.5,16.0,3.0,18.8,0.0,0.0,19.7,0.0,0,0,0.8,0.8,0.05,-0.8,-0.8,1.0,0.0,0.0,0,0.9,-0.1,0,0,0,0,3.0,12.0,25.0,31.0,5.0,32.3,31.7,6.0,33.3,30.3,6.0,0.0,0.0,1.0,12.5,215.0,411.0,52.3,4887.0,2259.0,50.0,87.0,57.5,118.0,194.0,60.8,46.0,116.0,39.7,0,0.5,0.8,8.0,18.0,7.0,5.0,24.0,411.0,333.0,71.0,13.0,0.0,1.0,22.0,43.0,7.0,2.0,5.0,0.0,215.0,7.0,1.0,23.0,12.0,5.0,0.0,3.0,2.0,1.0,0.0,0.0,0.0,0.0,0.0,0.0,0.0,13.0,10.0,3.0,7.0,3.0,3.0,4.0,75.0,1.0,7.0,2.0,5.0,4.0,17,5.0,0.0,54.0,506.0,45.0,195.0,168.0,147.0,29.0,506.0,4.0,2.0,50.0,2.0,50.0,138.0,705.0,435.0,7.0,5.0,0.0,25.0,9.0,211.0,24.0,1,0,0,7.0,10.0,7.0,22.0,4.0,10.0,0.0,0.0,0,31.0,9.0,15.0,37.5
2022-10-01,16:00,Liga F,Matchweek 4,Sat,Home,D,0,0,Sporting Huelva,Valencia,0.3,0.5,36.0,,Sandra Castelló,4-5-1,Raquel Suárez González,10.0,4.0,40.0,0.0,0.0,28.4,0.0,0,0,0.3,0.3,0.03,-0.3,-0.3,4.0,4.0,100.0,1,1.6,1.6,0,0,0,0,9.0,21.0,42.9,15.0,0.0,93.3,54.1,11.0,63.6,42.3,9.0,0.0,0.0,0.0,4.0,130.0,259.0,50.2,3042.0,1783.0,41.0,73.0,56.2,55.0,95.0,57.9,34.0,84.0,40.5,0,0.2,0.2,7.0,14.0,2.0,1.0,21.0,259.0,207.0,49.0,13.0,0.0,3.0,14.0,22.0,2.0,1.0,1.0,0.0,130.0,3.0,9.0,14.0,10.0,1.0,0.0,1.0,1.0,1.0,0.0,0.0,0.0,0.0,0.0,0.0,0.0,22.0,13.0,10.0,10.0,2.0,7.0,16.0,43.8,9.0,12.0,8.0,4.0,8.0,30,30.0,0.0,36.0,358.0,52.0,176.0,125.0,59.0,8.0,358.0,1.0,1.0,100.0,0.0,0.0,111.0,733.0,235.0,5.0,9.0,5.0,13.0,10.0,128.0,21.0,2,0,0,19.0,12.0,2.0,14.0,8.0,13.0,0.0,0.0,0,51.0,9.0,8.0,52.9,14.0,4.0,28.6,0.0,0.0,24.4,1.0,0,0,0.5,0.5,0.04,-0.5,-0.5,4.0,4.0,100.0,1,0.4,0.4,0,0,0,0,3.0,8.0,37.5,48.0,6.0,16.7,25.4,8.0,0.0,17.5,9.0,1.0,11.1,0.0,8.0,314.0,452.0,69.5,5821.0,2309.0,114.0,144.0,79.2,154.0,195.0,79.0,34.0,80.0,42.5,0,0.4,0.5,11.0,23.0,7.0,0.0,36.0,452.0,379.0,72.0,21.0,0.0,3.0,12.0,39.0,3.0,0.0,3.0,0.0,314.0,1.0,6.0,25.0,19.0,2.0,3.0,0.0,1.0,0.0,0.0,0.0,0.0,0.0,0.0,0.0,0.0,10.0,5.0,5.0,2.0,3.0,0.0,1.0,0.0,1.0,9.0,2.0,7.0,5.0,15,7.0,0.0,64.0,538.0,56.0,200.0,214.0,129.0,24.0,538.0,16.0,9.0,56.3,7.0,43.8,264.0,1406.0,889.0,16.0,7.0,5.0,25.0,15.0,313.0,35.0,2,0,0,12.0,18.0,1.0,12.0,5.0,5.0,0.0,0.0,0,46.0,8.0,9.0,47.1
2022-10-15,16:00,Liga F,Matchweek 5,Sat,Away,L,0,5,Sporting Huelva,Atlético Madrid,0.1,3.8,32.0,,Sandra Castelló,4-5-1,Beatriz Arregui Gamir,2.0,0.0,0.0,0.0,,26.3,0.0,0,0,0.1,0.1,0.05,-0.1,-0.1,8.0,3.0,50.0,0,3.8,-1.2,1,1,0,0,7.0,19.0,36.8,22.0,2.0,68.2,47.6,7.0,57.1,39.9,12.0,0.0,0.0,2.0,30.3,185.0,286.0,64.7,3571.0,1599.0,77.0,101.0,76.2,78.0,107.0,72.9,27.0,74.0,36.5,0,0.0,0.2,1.0,19.0,3.0,1.0,21.0,286.0,243.0,43.0,10.0,0.0,1.0,13.0,19.0,1.0,1.0,0.0,0.0,185.0,0.0,6.0,3.0,1.0,1.0,1.0,0.0,0.0,0.0,0.0,0.0,0.0,0.0,0.0,0.0,0.0,16.0,7.0,9.0,7.0,0.0,4.0,13.0,30.8,9.0,5.0,1.0,4.0,14.0,30,19.0,0.0,32.0,371.0,51.0,145.0,155.0,76.0,5.0,371.0,3.0,1.0,33.3,2.0,66.7,175.0,1303.0,592.0,12.0,10.0,1.0,15.0,8.0,180.0,21.0,0,0,0,5.0,6.0,0.0,13.0,14.0,7.0,0.0,1.0,0,44.0,5.0,6.0,45.5,14.0,7.0,50.0,0.29,0.57,13.9,0.0,1,1,3.8,3.0,0.22,1.2,1.0,0.0,0.0,,1,0.0,0.0,0,0,0,0,0.0,2.0,0.0,25.0,4.0,8.0,22.6,4.0,0.0,21.5,10.0,1.0,10.0,0.0,13.8,524.0,614.0,85.3,10509.0,3659.0,165.0,190.0,86.8,275.0,309.0,89.0,78.0,92.0,84.8,3,2.3,1.1,10.0,45.0,12.0,1.0,53.0,614.0,573.0,38.0,4.0,3.0,9.0,17.0,24.0,5.0,3.0,1.0,1.0,524.0,3.0,5.0,26.0,22.0,1.0,2.0,0.0,1.0,0.0,9.0,8.0,0.0,0.0,0.0,1.0,0.0,10.0,5.0,3.0,7.0,0.0,2.0,3.0,66.7,1.0,5.0,0.0,5.0,7.0,17,10.0,1.0,68.0,700.0,45.0,230.0,347.0,127.0,34.0,699.0,13.0,9.0,69.2,4.0,30.8,393.0,2068.0,1065.0,25.0,9.0,11.0,15.0,12.0,517.0,53.0,1,0,0,7.0,5.0,3.0,17.0,7.0,5.0,1.0,0.0,0,61.0,6.0,5.0,54.5
2022-10-22,16:00,Liga F,Matchweek 6,Sat,Home,L,0,2,Sporting Huelva,Real Sociedad,1.3,1.7,32.0,,Sandra Castelló,4-4-2,María Dolores Martínez Madrona,8.0,1.0,12.5,0.0,0.0,16.0,0.0,0,0,1.3,1.3,0.16,-1.3,-1.3,5.0,3.0,60.0,0,2.7,0.7,0,0,0,0,7.0,19.0,36.8,18.0,3.0,72.2,50.6,11.0,54.5,35.1,9.0,0.0,0.0,0.0,11.6,164.0,305.0,53.8,3544.0,2116.0,51.0,72.0,70.8,72.0,126.0,57.1,35.0,85.0,41.2,0,1.0,0.8,6.0,13.0,7.0,1.0,27.0,305.0,265.0,40.0,8.0,0.0,1.0,16.0,15.0,3.0,3.0,0.0,0.0,164.0,0.0,2.0,12.0,7.0,3.0,0.0,1.0,1.0,0.0,0.0,0.0,0.0,0.0,0.0,0.0,0.0,27.0,18.0,12.0,11.0,4.0,17.0,31.0,54.8,14.0,13.0,5.0,8.0,20.0,47,14.0,0.0,32.0,412.0,52.0,173.0,163.0,86.0,15.0,412.0,7.0,5.0,71.4,2.0,28.6,187.0,1308.0,495.0,12.0,13.0,6.0,22.0,8.0,156.0,26.0,2,0,0,16.0,7.0,0.0,16.0,20.0,18.0,0.0,0.0,0,68.0,4.0,15.0,21.1,18.0,5.0,27.8,0.11,0.4,16.2,0.0,0,0,1.7,1.7,0.1,0.3,0.3,1.0,1.0,100.0,1,0.8,0.8,0,0,0,0,4.0,6.0,66.7,29.0,5.0,13.8,24.0,11.0,18.2,20.5,9.0,0.0,0.0,1.0,26.0,509.0,656.0,77.6,9831.0,3694.0,183.0,230.0,79.6,257.0,308.0,83.4,61.0,92.0,66.3,2,1.6,1.3,16.0,44.0,9.0,3.0,45.0,656.0,582.0,73.0,17.0,1.0,2.0,11.0,41.0,3.0,1.0,0.0,2.0,509.0,1.0,9.0,31.0,23.0,3.0,3.0,1.0,1.0,0.0,4.0,1.0,1.0,1.0,0.0,1.0,0.0,10.0,7.0,6.0,4.0,0.0,2.0,7.0,28.6,5.0,0.0,0.0,0.0,6.0,16,16.0,0.0,68.0,750.0,78.0,278.0,314.0,168.0,25.0,750.0,31.0,14.0,45.2,17.0,54.8,312.0,2278.0,1236.0,25.0,13.0,5.0,20.0,10.0,501.0,44.0,0,0,0,7.0,16.0,1.0,11.0,6.0,7.0,0.0,0.0,0,54.0,17.0,4.0,81.0
2022-10-30,12:00,Liga F,Matchweek 7,Sun,Away,W,2,1,Sporting Huelva,Levante Planas,1.6,1.5,36.0,,Sandra Castelló,4-4-2,Elena Peláez Arnillas,12.0,7.0,58.3,0.17,0.29,15.4,1.0,0,0,1.6,1.6,0.14,0.4,0.4,6.0,5.0,83.3,0,1.0,0.0,0,0,0,0,7.0,18.0,38.9,8.0,1.0,87.5,47.3,12.0,91.7,57.7,22.0,2.0,9.1,0.0,3.8,154.0,319.0,48.3,3528.0,2146.0,52.0,88.0,59.1,63.0,113.0,55.8,36.0,96.0,37.5,1,0.8,0.4,10.0,30.0,6.0,1.0,32.0,319.0,264.0,49.0,11.0,0.0,1.0,11.0,22.0,2.0,2.0,0.0,0.0,154.0,6.0,4.0,20.0,17.0,0.0,1.0,1.0,1.0,0.0,2.0,1.0,0.0,0.0,1.0,0.0,0.0,22.0,14.0,5.0,13.0,4.0,16.0,27.0,59.3,11.0,16.0,5.0,11.0,21.0,43,22.0,0.0,36.0,453.0,53.0,153.0,193.0,109.0,16.0,453.0,6.0,1.0,16.7,5.0,83.3,187.0,784.0,238.0,5.0,2.0,5.0,25.0,7.0,150.0,30.0,1,0,0,13.0,9.0,6.0,11.0,21.0,14.0,0.0,0.0,0,78.0,16.0,13.0,55.2,23.0,6.0,26.1,0.04,0.17,23.1,3.0,0,0,1.5,1.5,0.07,-0.5,-0.5,7.0,5.0,71.4,0,2.2,0.2,0,0,0,0,3.0,8.0,37.5,37.0,10.0,18.9,26.8,10.0,10.0,23.8,8.0,1.0,12.5,0.0,8.7,413.0,578.0,71.5,8390.0,3064.0,131.0,178.0,73.6,218.0,262.0,83.2,59.0,115.0,51.3,1,1.0,1.8,12.0,29.0,11.0,5.0,44.0,578.0,502.0,73.0,16.0,1.0,8.0,23.0,35.0,9.0,8.0,0.0,0.0,413.0,3.0,11.0,40.0,28.0,4.0,2.0,3.0,3.0,0.0,2.0,2.0,0.0,0.0,0.0,0.0,0.0,12.0,10.0,8.0,3.0,1.0,5.0,6.0,83.3,1.0,4.0,1.0,3.0,8.0,20,10.0,0.0,64.0,704.0,88.0,263.0,304.0,141.0,22.0,704.0,27.0,11.0,40.7,15.0,55.6,403.0,1952.0,1026.0,16.0,7.0,3.0,27.0,6.0,410.0,42.0,1,0,0,10.0,11.0,3.0,23.0,8.0,10.0,0.0,0.0,0,69.0,13.0,16.0,44.8
2022-11-02,19:00,Liga F,Matchweek 1,Wed,Home,D,1,1,Sporting Huelva,Sevilla,0.7,2.0,43.0,,Sandra Castelló,4-4-2,Xiomara Díaz García,15.0,5.0,33.3,0.07,0.2,21.0,2.0,0,0,0.7,0.7,0.05,0.3,0.3,7.0,6.0,85.7,0,2.2,1.2,0,0,0,0,7.0,22.0,31.8,16.0,5.0,75.0,46.4,12.0,83.3,46.8,11.0,1.0,9.1,1.0,15.3,218.0,372.0,58.6,4032.0,2362.0,86.0,121.0,71.1,101.0,142.0,71.1,23.0,75.0,30.7,1,0.5,0.7,9.0,31.0,4.0,0.0,46.0,372.0,312.0,59.0,10.0,1.0,0.0,11.0,34.0,1.0,0.0,1.0,0.0,218.0,1.0,10.0,23.0,15.0,2.0,1.0,0.0,4.0,1.0,2.0,2.0,0.0,0.0,0.0,0.0,0.0,22.0,15.0,7.0,12.0,3.0,9.0,21.0,42.9,12.0,11.0,2.0,9.0,16.0,38,21.0,2.0,43.0,520.0,56.0,171.0,219.0,135.0,12.0,520.0,17.0,8.0,47.1,9.0,52.9,219.0,1021.0,483.0,9.0,3.0,1.0,27.0,12.0,215.0,45.0,3,0,0,11.0,9.0,1.0,11.0,16.0,15.0,0.0,0.0,0,78.0,16.0,21.0,43.2,16.0,7.0,43.8,0.06,0.14,14.6,0.0,0,0,2.0,2.0,0.14,-1.0,-1.0,5.0,4.0,80.0,0,0.4,-0.6,0,0,0,0,6.0,17.0,35.3,30.0,5.0,43.3,37.4,8.0,50.0,38.4,6.0,0.0,0.0,2.0,14.4,342.0,493.0,69.4,7176.0,3180.0,105.0,141.0,74.5,178.0,228.0,78.1,56.0,105.0,53.3,0,1.2,1.1,12.0,31.0,12.0,2.0,42.0,493.0,438.0,53.0,12.0,0.0,5.0,12.0,28.0,4.0,4.0,0.0,0.0,342.0,2.0,10.0,23.0,14.0,3.0,1.0,3.0,1.0,1.0,1.0,0.0,0.0,0.0,1.0,0.0,0.0,21.0,13.0,12.0,6.0,3.0,9.0,17.0,52.9,8.0,14.0,5.0,9.0,17.0,38,12.0,0.0,57.0,633.0,55.0,232.0,267.0,144.0,24.0,633.0,21.0,12.0,57.1,9.0,42.9,350.0,1846.0,763.0,16.0,9.0,4.0,27.0,13.0,340.0,42.0,4,2,1,10.0,10.0,2.0,12.0,17.0,13.0,0.0,0.0,0,78.0,21.0,16.0,56.8
2022-11-05,18:15,Liga F,Matchweek 8,Sat,Away,L,0,3,Sporting Huelva,Levante,0.4,3.9,23.0,,Sandra Castelló,4-4-2,Arantza Gallastegui Pérez,6.0,2.0,33.3,0.0,0.0,22.1,0.0,0,0,0.4,0.4,0.07,-0.4,-0.4,6.0,3.0,50.0,0,3.7,0.7,0,0,0,0,8.0,21.0,38.1,17.0,0.0,76.5,49.2,11.0,72.7,49.2,14.0,0.0,0.0,1.0,11.2,103.0,225.0,45.8,2155.0,1536.0,47.0,80.0,58.8,30.0,64.0,46.9,22.0,64.0,34.4,0,0.4,0.3,5.0,13.0,4.0,0.0,19.0,225.0,173.0,50.0,15.0,0.0,0.0,7.0,19.0,1.0,1.0,0.0,0.0,103.0,2.0,8.0,9.0,9.0,0.0,0.0,0.0,0.0,0.0,0.0,0.0,0.0,0.0,0.0,0.0,0.0,15.0,10.0,9.0,5.0,1.0,10.0,21.0,47.6,11.0,19.0,4.0,15.0,18.0,33,23.0,0.0,23.0,348.0,65.0,162.0,128.0,61.0,7.0,348.0,9.0,1.0,11.1,8.0,88.9,100.0,466.0,191.0,3.0,6.0,1.0,18.0,6.0,101.0,18.0,0,0,0,7.0,6.0,2.0,7.0,18.0,10.0,0.0,0.0,0,51.0,6.0,7.0,46.2,22.0,6.0,27.3,0.14,0.5,15.5,0.0,0,0,3.9,3.9,0.19,-0.9,-0.9,2.0,2.0,100.0,1,0.1,0.1,0,0,0,0,0.0,2.0,0.0,35.0,6.0,2.9,19.5,5.0,20.0,28.0,6.0,0.0,0.0,1.0,22.0,620.0,742.0,83.6,11815.0,4167.0,207.0,239.0,86.6,340.0,374.0,90.9,61.0,89.0,68.5,3,3.3,2.9,16.0,50.0,11.0,3.0,57.0,742.0,686.0,47.0,9.0,3.0,4.0,18.0,28.0,4.0,3.0,0.0,0.0,620.0,9.0,16.0,37.0,35.0,0.0,0.0,2.0,0.0,0.0,6.0,6.0,0.0,0.0,0.0,0.0,0.0,14.0,4.0,6.0,3.0,5.0,8.0,9.0,88.9,1.0,9.0,1.0,8.0,9.0,23,7.0,0.0,77.0,855.0,63.0,260.0,400.0,196.0,40.0,855.0,21.0,11.0,52.4,10.0,47.6,432.0,2314.0,1168.0,15.0,13.0,9.0,16.0,5.0,615.0,56.0,2,0,0,7.0,6.0,9.0,18.0,9.0,4.0,0.0,0.0,0,65.0,7.0,6.0,53.8
2022-11-19,16:00,Liga F,Matchweek 9,Sat,Home,L,0,1,Sporting Huelva,Real Madrid,0.9,1.6,29.0,,Sandra Castelló,4-4-2,Amy Peñalver Pearce,11.0,3.0,27.3,0.0,0.0,24.7,3.0,0,0,0.9,0.9,0.08,-0.9,-0.9,7.0,6.0,85.7,0,1.1,0.1,0,0,0,0,6.0,13.0,46.2,19.0,0.0,42.1,37.9,6.0,83.3,44.2,19.0,3.0,15.8,1.0,9.6,137.0,234.0,58.5,2584.0,1636.0,65.0,84.0,77.4,46.0,74.0,62.2,24.0,62.0,38.7,0,0.6,0.3,6.0,10.0,0.0,0.0,10.0,234.0,185.0,48.0,16.0,2.0,0.0,4.0,23.0,1.0,1.0,0.0,0.0,137.0,1.0,6.0,14.0,6.0,3.0,0.0,1.0,4.0,0.0,0.0,0.0,0.0,0.0,0.0,0.0,0.0,20.0,12.0,9.0,9.0,2.0,8.0,16.0,50.0,8.0,11.0,3.0,8.0,7.0,27,20.0,0.0,29.0,350.0,59.0,155.0,137.0,66.0,4.0,350.0,11.0,2.0,18.2,7.0,63.6,141.0,627.0,278.0,5.0,6.0,1.0,20.0,14.0,137.0,10.0,0,0,0,13.0,16.0,1.0,4.0,7.0,12.0,0.0,0.0,0,56.0,17.0,8.0,68.0,14.0,7.0,50.0,0.07,0.14,17.9,1.0,0,0,1.6,1.6,0.12,-0.6,-0.6,3.0,3.0,100.0,1,0.9,0.9,0,0,0,0,5.0,8.0,62.5,18.0,6.0,11.1,21.7,15.0,40.0,29.8,4.0,1.0,25.0,1.0,13.7,463.0,576.0,80.4,8737.0,3225.0,178.0,200.0,89.0,230.0,272.0,84.6,52.0,80.0,65.0,1,1.5,1.4,10.0,35.0,9.0,1.0,41.0,576.0,516.0,58.0,13.0,1.0,4.0,27.0,16.0,13.0,6.0,2.0,1.0,463.0,2.0,10.0,25.0,17.0,3.0,1.0,1.0,2.0,1.0,2.0,2.0,0.0,0.0,0.0,0.0,0.0,23.0,16.0,10.0,11.0,2.0,9.0,11.0,81.8,2.0,7.0,1.0,6.0,9.0,32,4.0,0.0,71.0,671.0,52.0,229.0,300.0,151.0,26.0,671.0,16.0,8.0,50.0,8.0,50.0,458.0,2196.0,1046.0,17.0,18.0,4.0,19.0,12.0,457.0,40.0,4,0,0,17.0,13.0,2.0,27.0,9.0,16.0,0.0,0.0,0,62.0,8.0,17.0,32.0
2022-11-26,12:00,Liga F,Matchweek 10,Sat,Away,W,3,2,Sporting Huelva,Madrid CFF,0.6,1.2,33.0,,Sandra Castelló,4-2-3-1,Beatriz Cuesta Arribas,9.0,7.0,77.8,0.33,0.43,23.4,0.0,0,0,0.6,0.6,0.07,2.4,2.4,8.0,6.0,75.0,0,1.4,-0.6,0,0,0,0,5.0,18.0,27.8,18.0,2.0,61.1,45.8,12.0,58.3,40.5,24.0,2.0,8.3,2.0,11.7,138.0,269.0,51.3,2736.0,1634.0,57.0,86.0,66.3,58.0,110.0,52.7,23.0,67.0,34.3,3,0.4,0.5,4.0,7.0,2.0,0.0,14.0,269.0,204.0,65.0,13.0,0.0,0.0,2.0,37.0,0.0,0.0,0.0,0.0,138.0,0.0,5.0,9.0,6.0,1.0,0.0,2.0,0.0,0.0,6.0,4.0,1.0,0.0,1.0,0.0,0.0,13.0,8.0,5.0,3.0,5.0,5.0,9.0,55.6,4.0,13.0,4.0,9.0,11.0,24,23.0,0.0,33.0,379.0,62.0,148.0,157.0,81.0,9.0,379.0,15.0,4.0,26.7,11.0,73.3,126.0,596.0,218.0,6.0,7.0,1.0,19.0,7.0,137.0,14.0,1,0,0,18.0,7.0,0.0,2.0,11.0,8.0,0.0,0.0,0,55.0,6.0,6.0,50.0,17.0,8.0,47.1,0.12,0.25,18.0,1.0,0,0,1.2,1.2,0.07,0.8,0.8,7.0,4.0,57.1,0,1.3,-1.7,0,0,0,0,1.0,1.0,100.0,12.0,4.0,0.0,22.1,6.0,16.7,25.3,2.0,0.0,0.0,1.0,13.8,416.0,550.0,75.6,8434.0,3114.0,142.0,180.0,78.9,216.0,257.0,84.0,57.0,99.0,57.6,1,0.6,0.7,9.0,32.0,10.0,2.0,52.0,550.0,480.0,66.0,17.0,1.0,5.0,27.0,33.0,6.0,4.0,2.0,0.0,416.0,4.0,9.0,27.0,18.0,4.0,1.0,3.0,1.0,0.0,3.0,2.0,0.0,0.0,1.0,0.0,0.0,18.0,13.0,7.0,9.0,2.0,11.0,15.0,73.3,4.0,6.0,1.0,5.0,20.0,38,11.0,1.0,67.0,658.0,38.0,217.0,307.0,144.0,29.0,658.0,9.0,4.0,44.4,5.0,55.6,394.0,1950.0,996.0,21.0,12.0,8.0,21.0,8.0,415.0,52.0,4,0,0,9.0,15.0,4.0,27.0,20.0,13.0,0.0,0.0,0,73.0,6.0,6.0,50.0
2022-12-04,12:00,Liga F,Matchweek 11,Sun,Home,D,2,2,Sporting Huelva,Alavés,1.7,0.4,53.0,,Sandra Castelló,4-2-3-1,Ylenia Sánchez Miguel,11.0,6.0,54.5,0.09,0.17,18.9,0.0,1,1,1.7,0.9,0.08,0.3,0.1,1.0,0.0,-100.0,0,0.4,-0.6,0,0,0,0,2.0,8.0,25.0,13.0,1.0,30.8,32.3,7.0,57.1,41.0,10.0,1.0,10.0,2.0,18.6,258.0,423.0,61.0,4891.0,2503.0,104.0,155.0,67.1,114.0,157.0,72.6,34.0,84.0,40.5,1,0.9,0.7,9.0,27.0,7.0,3.0,42.0,423.0,354.0,65.0,13.0,0.0,1.0,17.0,39.0,3.0,2.0,1.0,0.0,258.0,4.0,10.0,21.0,17.0,3.0,0.0,0.0,1.0,0.0,3.0,1.0,1.0,0.0,0.0,1.0,0.0,12.0,5.0,5.0,6.0,1.0,5.0,10.0,50.0,5.0,11.0,2.0,9.0,6.0,18,12.0,0.0,53.0,530.0,42.0,127.0,245.0,160.0,21.0,529.0,10.0,4.0,40.0,6.0,60.0,231.0,1052.0,537.0,11.0,8.0,7.0,20.0,12.0,254.0,41.0,2,0,0,15.0,10.0,4.0,17.0,6.0,5.0,1.0,0.0,1,76.0,21.0,16.0,56.8,8.0,1.0,12.5,0.13,1.0,23.1,0.0,0,0,0.4,0.4,0.05,0.6,0.6,7.0,5.0,85.7,0,2.3,0.3,1,1,0,0,8.0,31.0,25.8,43.0,6.0,55.8,40.1,8.0,87.5,44.9,15.0,1.0,6.7,0.0,8.3,224.0,381.0,58.8,4309.0,2234.0,90.0,124.0,72.6,94.0,129.0,72.9,35.0,94.0,37.2,0,0.2,0.2,3.0,19.0,6.0,2.0,19.0,381.0,325.0,53.0,18.0,0.0,2.0,19.0,22.0,2.0,2.0,0.0,0.0,224.0,3.0,15.0,9.0,5.0,1.0,1.0,0.0,1.0,1.0,0.0,0.0,0.0,0.0,0.0,0.0,0.0,18.0,11.0,7.0,5.0,6.0,6.0,10.0,60.0,4.0,12.0,2.0,10.0,8.0,26,24.0,0.0,47.0,504.0,79.0,208.0,197.0,104.0,13.0,504.0,10.0,5.0,50.0,5.0,50.0,249.0,1265.0,567.0,7.0,8.0,2.0,31.0,7.0,223.0,19.0,0,0,0,11.0,15.0,3.0,19.0,8.0,11.0,0.0,1.0,0,67.0,16.0,21.0,43.2
2022-12-11,12:00,Liga F,Matchweek 12,Sun,Away,W,3,2,Sporting Huelva,Villarreal,0.9,2.6,47.0,,Sandra Castelló,4-3-3,Paola Cebollada López,8.0,5.0,62.5,0.38,0.6,19.5,1.0,0,0,0.9,0.9,0.11,2.1,2.1,7.0,5.0,85.7,0,2.4,0.4,1,1,0,0,5.0,20.0,25.0,26.0,2.0,61.5,41.1,6.0,66.7,49.3,15.0,0.0,0.0,0.0,6.0,173.0,354.0,48.9,3530.0,1826.0,56.0,98.0,57.1,81.0,135.0,60.0,30.0,95.0,31.6,2,0.6,0.4,5.0,20.0,3.0,2.0,19.0,354.0,287.0,65.0,17.0,0.0,0.0,10.0,38.0,1.0,1.0,0.0,0.0,173.0,2.0,14.0,13.0,8.0,1.0,2.0,0.0,2.0,0.0,5.0,3.0,0.0,2.0,0.0,0.0,0.0,18.0,13.0,10.0,6.0,2.0,11.0,12.0,91.7,1.0,7.0,3.0,4.0,21.0,39,13.0,0.0,47.0,472.0,57.0,206.0,183.0,86.0,6.0,472.0,18.0,13.0,72.2,5.0,27.8,157.0,774.0,339.0,5.0,5.0,0.0,21.0,18.0,169.0,18.0,0,1,0,13.0,15.0,2.0,10.0,21.0,13.0,0.0,1.0,0,61.0,17.0,22.0,43.6,15.0,6.0,40.0,0.07,0.17,16.0,0.0,1,1,2.6,2.2,0.15,-0.6,-1.2,5.0,2.0,40.0,0,1.8,-1.2,0,0,0,0,12.0,20.0,60.0,21.0,0.0,61.9,42.4,7.0,100.0,50.4,9.0,0.0,0.0,1.0,10.5,227.0,402.0,56.5,4798.0,2882.0,76.0,119.0,63.9,95.0,160.0,59.4,50.0,102.0,49.0,1,1.6,2.0,11.0,34.0,10.0,3.0,45.0,402.0,333.0,67.0,13.0,0.0,1.0,22.0,39.0,4.0,2.0,1.0,0.0,227.0,2.0,6.0,25.0,21.0,2.0,0.0,1.0,1.0,0.0,3.0,3.0,0.0,0.0,0.0,0.0,0.0,23.0,16.0,7.0,10.0,6.0,5.0,18.0,27.8,13.0,14.0,0.0,14.0,13.0,36,11.0,0.0,53.0,530.0,35.0,143.0,249.0,143.0,30.0,529.0,12.0,1.0,8.3,11.0,91.7,188.0,811.0,234.0,4.0,3.0,1.0,19.0,7.0,220.0,42.0,0,0,0,16.0,12.0,2.0,22.0,13.0,16.0,0.0,0.0,0,69.0,22.0,17.0,56.4
2022-12-18,12:00,Liga F,Matchweek 13,Sun,Home,D,2,2,Sporting Huelva,UDG Tenerife,1.3,1.6,43.0,,Patricia Ojeda,4-3-3,María Eugenia Gil Soriano,12.0,5.0,41.7,0.17,0.4,24.1,0.0,0,0,1.3,1.3,0.11,0.7,0.7,4.0,2.0,50.0,0,1.7,-0.3,0,0,0,0,3.0,16.0,18.8,21.0,3.0,57.1,43.1,13.0,30.8,31.7,15.0,1.0,6.7,1.0,15.3,180.0,337.0,53.4,3702.0,1982.0,68.0,94.0,72.3,81.0,132.0,61.4,30.0,92.0,32.6,1,0.6,1.2,5.0,15.0,2.0,0.0,15.0,337.0,265.0,71.0,11.0,1.0,0.0,13.0,41.0,3.0,3.0,0.0,0.0,180.0,1.0,15.0,10.0,7.0,2.0,0.0,0.0,1.0,0.0,2.0,0.0,1.0,0.0,0.0,1.0,0.0,27.0,13.0,11.0,12.0,4.0,4.0,11.0,36.4,7.0,15.0,3.0,12.0,9.0,36,20.0,0.0,43.0,467.0,66.0,182.0,179.0,109.0,12.0,467.0,13.0,4.0,30.8,9.0,69.2,214.0,723.0,220.0,3.0,0.0,1.0,23.0,13.0,176.0,15.0,3,0,0,13.0,6.0,1.0,13.0,9.0,13.0,0.0,0.0,0,63.0,16.0,23.0,41.0,16.0,4.0,25.0,0.13,0.5,20.4,2.0,0,0,1.6,1.6,0.1,0.4,0.4,5.0,3.0,60.0,0,0.8,-1.2,0,0,0,0,13.0,21.0,61.9,26.0,1.0,61.5,43.0,8.0,62.5,36.6,9.0,1.0,11.1,0.0,5.7,278.0,443.0,62.8,5991.0,2776.0,85.0,120.0,70.8,140.0,198.0,70.7,52.0,109.0,47.7,2,1.2,1.2,8.0,25.0,5.0,4.0,35.0,443.0,375.0,63.0,12.0,1.0,1.0,18.0,35.0,5.0,1.0,1.0,0.0,278.0,5.0,13.0,25.0,19.0,1.0,1.0,2.0,2.0,0.0,4.0,3.0,0.0,1.0,0.0,0.0,0.0,22.0,18.0,9.0,11.0,2.0,9.0,13.0,69.2,4.0,14.0,1.0,13.0,12.0,34,12.0,1.0,57.0,562.0,48.0,198.0,234.0,134.0,20.0,562.0,11.0,7.0,63.6,4.0,36.4,302.0,1267.0,519.0,14.0,7.0,6.0,19.0,23.0,276.0,35.0,0,0,0,6.0,13.0,5.0,18.0,12.0,18.0,0.0,0.0,0,72.0,23.0,16.0,59.0
2023-01-08,12:30,Liga F,Matchweek 14,Sun,Away,D,0,0,Sporting Huelva,Real Betis,0.4,1.4,38.0,,Sandra Castelló,4-4-2,Marta Frías Acedo,1.0,1.0,100.0,0.0,0.0,10.1,0.0,0,0,0.4,0.4,0.41,-0.4,-0.4,4.0,4.0,100.0,1,0.5,0.5,0,0,0,0,7.0,24.0,29.2,23.0,2.0,56.5,39.7,15.0,73.3,39.8,20.0,0.0,0.0,1.0,15.0,182.0,341.0,53.4,3409.0,1721.0,79.0,113.0,69.9,74.0,109.0,67.9,25.0,85.0,29.4,0,0.0,0.1,0.0,9.0,1.0,1.0,10.0,341.0,282.0,51.0,8.0,0.0,1.0,3.0,27.0,0.0,0.0,0.0,0.0,182.0,8.0,7.0,1.0,0.0,1.0,0.0,0.0,0.0,0.0,0.0,0.0,0.0,0.0,0.0,0.0,0.0,25.0,17.0,15.0,9.0,1.0,16.0,28.0,57.1,12.0,25.0,3.0,22.0,20.0,45,21.0,0.0,38.0,471.0,65.0,209.0,219.0,44.0,5.0,471.0,15.0,3.0,20.0,12.0,80.0,129.0,693.0,298.0,1.0,0.0,1.0,13.0,2.0,178.0,10.0,2,0,0,9.0,6.0,8.0,3.0,20.0,17.0,0.0,0.0,0,70.0,29.0,14.0,67.4,17.0,4.0,23.5,0.0,0.0,17.0,0.0,0,0,1.4,1.4,0.09,-1.4,-1.4,1.0,1.0,100.0,1,0.3,0.3,0,0,0,0,7.0,16.0,43.8,64.0,1.0,25.0,28.4,3.0,0.0,17.0,2.0,0.0,0.0,6.0,21.8,395.0,550.0,71.8,6640.0,2697.0,185.0,223.0,83.0,155.0,193.0,80.3,36.0,82.0,43.9,0,0.9,0.9,9.0,24.0,6.0,2.0,37.0,550.0,472.0,76.0,17.0,0.0,0.0,33.0,48.0,7.0,6.0,1.0,0.0,395.0,2.0,29.0,26.0,14.0,6.0,2.0,2.0,2.0,0.0,0.0,0.0,0.0,0.0,0.0,0.0,0.0,14.0,10.0,6.0,6.0,2.0,12.0,15.0,80.0,3.0,7.0,0.0,7.0,5.0,19,5.0,1.0,62.0,668.0,37.0,205.0,288.0,190.0,25.0,668.0,28.0,12.0,42.9,16.0,57.1,383.0,2048.0,1024.0,14.0,12.0,1.0,28.0,9.0,385.0,37.0,1,0,0,6.0,9.0,2.0,33.0,5.0,10.0,0.0,0.0,0,82.0,14.0,29.0,32.6
2023-01-14,12:00,Liga F,Matchweek 15,Sat,Home,L,0,3,Sporting Huelva,Barcelona,0.2,3.5,24.0,,Sandra Castelló,5-3-2,Elisabeth Calvo Valentín,3.0,0.0,0.0,0.0,,10.8,0.0,0,0,0.2,0.2,0.05,-0.2,-0.2,14.0,11.0,78.6,0,2.6,-0.4,0,0,0,0,12.0,33.0,36.4,30.0,3.0,70.0,43.0,14.0,85.7,42.6,29.0,0.0,0.0,0.0,5.4,121.0,241.0,50.2,2295.0,1260.0,58.0,85.0,68.2,37.0,64.0,57.8,21.0,70.0,30.0,0,0.1,0.0,2.0,3.0,0.0,0.0,6.0,241.0,191.0,49.0,8.0,0.0,1.0,5.0,19.0,4.0,3.0,0.0,1.0,121.0,1.0,11.0,1.0,0.0,0.0,0.0,1.0,0.0,0.0,0.0,0.0,0.0,0.0,0.0,0.0,0.0,19.0,9.0,16.0,3.0,0.0,6.0,12.0,50.0,6.0,24.0,8.0,16.0,19.0,38,41.0,1.0,24.0,385.0,98.0,262.0,100.0,26.0,4.0,385.0,11.0,1.0,9.1,10.0,90.9,111.0,770.0,365.0,5.0,0.0,0.0,11.0,10.0,118.0,6.0,0,0,0,3.0,4.0,1.0,5.0,19.0,9.0,0.0,0.0,0,57.0,13.0,22.0,37.1,32.0,14.0,43.8,0.09,0.21,14.4,0.0,0,0,3.5,3.5,0.11,-0.5,-0.5,0.0,0.0,,1,0.0,0.0,0,0,0,0,1.0,1.0,100.0,13.0,3.0,0.0,20.2,2.0,50.0,27.0,4.0,0.0,0.0,0.0,10.8,642.0,771.0,83.3,10384.0,3482.0,333.0,377.0,88.3,256.0,280.0,91.4,44.0,69.0,63.8,2,2.3,2.9,22.0,73.0,20.0,7.0,93.0,771.0,727.0,39.0,4.0,2.0,3.0,34.0,19.0,13.0,7.0,4.0,0.0,642.0,5.0,18.0,52.0,36.0,8.0,0.0,7.0,0.0,1.0,5.0,4.0,0.0,0.0,1.0,0.0,0.0,20.0,12.0,3.0,6.0,11.0,10.0,11.0,90.9,1.0,13.0,1.0,12.0,10.0,30,5.0,0.0,76.0,891.0,26.0,102.0,421.0,369.0,67.0,891.0,12.0,6.0,50.0,6.0,50.0,457.0,2435.0,1478.0,41.0,35.0,13.0,17.0,13.0,637.0,92.0,0,0,0,4.0,3.0,5.0,34.0,10.0,12.0,0.0,0.0,0,84.0,22.0,13.0,62.9
2023-01-29,12:00,Liga F,Matchweek 17,Sun,Away,L,0,4,Sporting Huelva,Real Sociedad,0.7,3.6,36.0,,Sandra Castelló,4-2-3-1,Zulema González González,14.0,5.0,35.7,0.0,0.0,20.0,0.0,0,0,0.7,0.7,0.05,-0.7,-0.7,9.0,5.0,55.6,0,3.6,-0.4,0,0,0,0,8.0,20.0,40.0,24.0,4.0,66.7,44.0,4.0,100.0,49.5,9.0,1.0,11.1,4.0,20.6,209.0,342.0,61.1,4120.0,2204.0,94.0,129.0,72.9,77.0,112.0,68.8,37.0,82.0,45.1,0,0.7,0.8,12.0,24.0,5.0,4.0,25.0,342.0,286.0,54.0,10.0,0.0,1.0,22.0,30.0,5.0,5.0,0.0,0.0,209.0,2.0,17.0,24.0,20.0,1.0,0.0,2.0,0.0,1.0,0.0,0.0,0.0,0.0,0.0,0.0,0.0,17.0,15.0,7.0,6.0,4.0,8.0,20.0,40.0,12.0,20.0,6.0,14.0,25.0,42,20.0,0.0,36.0,459.0,47.0,160.0,158.0,146.0,15.0,459.0,9.0,6.0,66.7,3.0,33.3,215.0,1188.0,449.0,11.0,10.0,3.0,15.0,11.0,205.0,25.0,1,0,0,9.0,6.0,2.0,22.0,25.0,15.0,0.0,0.0,0,58.0,11.0,13.0,45.8,21.0,9.0,42.9,0.19,0.44,13.8,1.0,0,0,3.6,3.6,0.19,0.4,0.4,5.0,5.0,100.0,1,0.5,0.5,0,0,0,0,1.0,1.0,100.0,42.0,9.0,2.4,18.0,7.0,0.0,17.9,18.0,0.0,0.0,0.0,10.5,482.0,609.0,79.1,8256.0,3293.0,224.0,260.0,86.2,221.0,251.0,88.0,34.0,68.0,50.0,3,3.2,1.8,17.0,26.0,10.0,1.0,39.0,609.0,552.0,53.0,11.0,3.0,1.0,10.0,29.0,5.0,2.0,3.0,0.0,482.0,4.0,14.0,34.0,20.0,3.0,2.0,6.0,2.0,1.0,6.0,3.0,0.0,1.0,2.0,0.0,0.0,14.0,10.0,9.0,4.0,1.0,3.0,9.0,33.3,6.0,17.0,4.0,13.0,22.0,36,21.0,0.0,64.0,738.0,107.0,358.0,261.0,120.0,33.0,738.0,21.0,12.0,57.1,8.0,38.1,371.0,1677.0,937.0,17.0,7.0,7.0,12.0,9.0,475.0,38.0,0,0,0,7.0,9.0,4.0,10.0,22.0,10.0,0.0,0.0,0,58.0,13.0,11.0,54.2
2023-02-01,18:00,Liga F,Matchweek 16,Wed,Away,L,0,1,Sporting Huelva,Sevilla,0.2,1.8,41.0,,Sandra Castelló,4-2-3-1,Olatz Rivera Olmedo,4.0,0.0,0.0,0.0,,26.6,0.0,0,0,0.2,0.2,0.04,-0.2,-0.2,3.0,2.0,66.7,0,1.1,0.1,0,0,0,0,12.0,24.0,50.0,23.0,2.0,60.9,42.0,13.0,76.9,43.2,14.0,1.0,7.1,2.0,13.8,236.0,376.0,62.8,4345.0,2450.0,113.0,173.0,65.3,96.0,131.0,73.3,26.0,68.0,38.2,0,0.1,0.3,1.0,27.0,5.0,2.0,28.0,376.0,317.0,59.0,8.0,1.0,1.0,16.0,32.0,4.0,4.0,0.0,0.0,236.0,0.0,10.0,5.0,4.0,0.0,0.0,0.0,0.0,1.0,0.0,0.0,0.0,0.0,0.0,0.0,0.0,19.0,14.0,10.0,9.0,0.0,12.0,29.0,41.4,17.0,9.0,3.0,6.0,15.0,34,22.0,0.0,41.0,483.0,59.0,166.0,226.0,98.0,11.0,483.0,16.0,10.0,62.5,6.0,37.5,284.0,1281.0,637.0,15.0,6.0,1.0,18.0,6.0,234.0,28.0,3,1,1,15.0,4.0,0.0,16.0,15.0,14.0,0.0,0.0,0,71.0,6.0,14.0,30.0,12.0,3.0,25.0,0.08,0.33,20.2,1.0,0,0,1.8,1.8,0.15,-0.8,-0.8,0.0,0.0,,1,0.0,0.0,0,0,0,0,0.0,3.0,0.0,17.0,3.0,5.9,24.6,7.0,28.6,29.3,11.0,0.0,0.0,0.0,,403.0,534.0,75.5,7651.0,3022.0,142.0,179.0,79.3,215.0,254.0,84.6,42.0,82.0,51.2,1,1.7,1.3,9.0,39.0,9.0,1.0,34.0,534.0,470.0,59.0,13.0,1.0,0.0,19.0,31.0,7.0,7.0,0.0,0.0,403.0,5.0,6.0,21.0,16.0,4.0,0.0,0.0,1.0,0.0,2.0,2.0,0.0,0.0,0.0,0.0,0.0,12.0,8.0,6.0,5.0,1.0,6.0,16.0,37.5,10.0,8.0,1.0,7.0,12.0,24,24.0,0.0,59.0,648.0,42.0,241.0,304.0,110.0,20.0,648.0,29.0,17.0,58.6,12.0,41.4,328.0,1861.0,847.0,15.0,8.0,5.0,17.0,7.0,398.0,33.0,1,0,0,4.0,14.0,5.0,19.0,12.0,8.0,0.0,0.0,0,80.0,14.0,6.0,70.0
2023-02-05,12:00,Liga F,Matchweek 18,Sun,Home,L,1,3,Sporting Huelva,Atlético Madrid,0.2,2.2,29.0,,Sandra Castelló,4-2-3-1,María Gloria Planes Terol,4.0,2.0,50.0,0.25,0.5,23.2,1.0,0,0,0.2,0.2,0.04,0.8,0.8,9.0,6.0,66.7,0,4.3,1.3,0,0,0,0,5.0,21.0,23.8,23.0,3.0,60.9,41.8,7.0,100.0,47.7,22.0,2.0,9.1,0.0,7.7,148.0,278.0,53.2,2675.0,1549.0,65.0,97.0,67.0,52.0,89.0,58.4,23.0,65.0,35.4,1,0.1,0.1,3.0,13.0,2.0,0.0,27.0,278.0,237.0,41.0,2.0,0.0,3.0,10.0,25.0,3.0,3.0,0.0,0.0,148.0,0.0,12.0,8.0,3.0,2.0,1.0,0.0,1.0,1.0,2.0,1.0,0.0,1.0,0.0,0.0,0.0,30.0,15.0,13.0,11.0,6.0,20.0,33.0,60.6,13.0,17.0,2.0,15.0,6.0,36,25.0,0.0,29.0,374.0,61.0,173.0,142.0,63.0,2.0,374.0,4.0,2.0,50.0,2.0,50.0,154.0,796.0,333.0,2.0,5.0,0.0,9.0,13.0,148.0,27.0,3,0,0,14.0,2.0,0.0,10.0,6.0,15.0,0.0,0.0,0,59.0,7.0,3.0,70.0,15.0,9.0,60.0,0.2,0.33,12.8,0.0,0,0,2.2,2.2,0.15,0.8,0.8,2.0,1.0,50.0,0,0.1,-0.9,0,0,0,0,8.0,11.0,72.7,37.0,6.0,21.6,27.6,5.0,60.0,35.2,7.0,1.0,14.3,0.0,8.0,579.0,697.0,83.1,11847.0,3926.0,178.0,214.0,83.2,315.0,351.0,89.7,81.0,117.0,69.2,2,1.9,2.4,13.0,48.0,12.0,3.0,73.0,697.0,640.0,56.0,14.0,2.0,1.0,28.0,30.0,6.0,1.0,0.0,5.0,579.0,1.0,16.0,28.0,18.0,4.0,3.0,3.0,0.0,0.0,5.0,2.0,1.0,1.0,1.0,0.0,0.0,15.0,12.0,2.0,12.0,1.0,2.0,4.0,50.0,2.0,10.0,1.0,9.0,15.0,30,8.0,0.0,71.0,804.0,42.0,254.0,368.0,189.0,32.0,804.0,33.0,13.0,39.4,20.0,60.6,349.0,1971.0,1124.0,21.0,10.0,4.0,17.0,10.0,575.0,72.0,1,0,0,2.0,13.0,1.0,28.0,15.0,12.0,0.0,0.0,0,77.0,3.0,7.0,30.0
2023-02-12,18:00,Liga F,Matchweek 19,Sun,Away,L,0,1,Sporting Huelva,Real Madrid,0.2,2.9,23.0,,Sandra Castelló,4-4-2,Beatriz Cuesta Arribas,4.0,1.0,25.0,0.0,0.0,19.6,0.0,0,0,0.2,0.2,0.05,-0.2,-0.2,6.0,5.0,83.3,0,1.4,0.4,0,0,0,0,10.0,23.0,43.5,14.0,1.0,64.3,39.8,14.0,100.0,52.1,35.0,0.0,0.0,0.0,8.0,113.0,221.0,51.1,2023.0,1408.0,59.0,83.0,71.1,35.0,64.0,54.7,16.0,63.0,25.4,0,0.2,0.1,3.0,8.0,0.0,0.0,11.0,221.0,176.0,44.0,6.0,0.0,0.0,6.0,20.0,2.0,2.0,0.0,0.0,113.0,1.0,3.0,4.0,3.0,1.0,0.0,0.0,0.0,0.0,0.0,0.0,0.0,0.0,0.0,0.0,0.0,21.0,14.0,16.0,4.0,1.0,13.0,23.0,56.5,10.0,10.0,5.0,5.0,9.0,30,54.0,0.0,23.0,362.0,92.0,201.0,119.0,45.0,4.0,362.0,16.0,9.0,56.3,7.0,43.8,123.0,561.0,180.0,2.0,3.0,0.0,21.0,9.0,111.0,10.0,1,0,0,5.0,4.0,1.0,6.0,9.0,14.0,0.0,0.0,0,64.0,8.0,14.0,36.4,23.0,6.0,26.1,0.04,0.17,13.5,0.0,0,0,2.9,2.9,0.13,-1.9,-1.9,1.0,1.0,100.0,1,0.1,0.1,0,0,0,0,2.0,3.0,66.7,14.0,5.0,7.1,20.6,5.0,40.0,38.4,5.0,0.0,0.0,5.0,28.6,602.0,737.0,81.7,11110.0,3429.0,226.0,264.0,85.6,276.0,325.0,84.9,75.0,100.0,75.0,1,2.4,2.2,19.0,74.0,17.0,4.0,99.0,737.0,675.0,59.0,6.0,0.0,3.0,51.0,34.0,13.0,12.0,0.0,0.0,602.0,3.0,9.0,41.0,32.0,4.0,0.0,4.0,0.0,1.0,2.0,1.0,0.0,0.0,0.0,0.0,1.0,16.0,13.0,3.0,10.0,3.0,7.0,16.0,43.8,9.0,3.0,0.0,3.0,11.0,27,10.0,0.0,77.0,851.0,25.0,113.0,449.0,294.0,62.0,851.0,23.0,10.0,43.5,13.0,56.5,474.0,2499.0,1383.0,34.0,19.0,13.0,30.0,8.0,595.0,98.0,1,0,0,4.0,5.0,3.0,51.0,11.0,13.0,0.0,0.0,0,71.0,14.0,8.0,63.6
2023-03-04,12:00,Liga F,Matchweek 20,Sat,Home,L,2,3,Sporting Huelva,Athletic Club,1.3,1.5,48.0,,Sandra Castelló,4-2-3-1,Ainara Andrea Acevedo Dudley,8.0,4.0,50.0,0.25,0.5,16.9,0.0,0,0,1.3,1.3,0.16,0.7,0.7,6.0,3.0,50.0,0,1.0,-2.0,0,0,0,0,7.0,22.0,31.8,22.0,2.0,68.2,46.2,10.0,70.0,45.7,25.0,0.0,0.0,0.0,3.8,239.0,426.0,56.1,4217.0,2358.0,114.0,148.0,77.0,72.0,138.0,52.2,37.0,93.0,39.8,2,1.3,0.6,8.0,16.0,5.0,2.0,24.0,426.0,359.0,66.0,9.0,0.0,0.0,18.0,40.0,3.0,2.0,1.0,0.0,239.0,1.0,18.0,15.0,12.0,1.0,2.0,0.0,0.0,0.0,4.0,3.0,0.0,1.0,0.0,0.0,0.0,13.0,11.0,7.0,4.0,2.0,5.0,14.0,35.7,9.0,13.0,3.0,10.0,12.0,25,20.0,0.0,48.0,539.0,68.0,209.0,215.0,121.0,13.0,539.0,15.0,11.0,73.3,4.0,26.7,250.0,1383.0,666.0,17.0,18.0,3.0,26.0,11.0,233.0,24.0,1,0,0,13.0,5.0,1.0,18.0,12.0,11.0,0.0,0.0,0,73.0,21.0,23.0,47.7,12.0,6.0,50.0,0.25,0.5,13.9,0.0,0,0,1.5,1.5,0.13,1.5,1.5,4.0,2.0,50.0,0,1.9,-0.1,0,0,0,0,8.0,14.0,57.1,22.0,2.0,45.5,36.3,6.0,66.7,37.0,11.0,2.0,18.2,0.0,8.7,272.0,458.0,59.4,6288.0,3090.0,79.0,116.0,68.1,133.0,186.0,71.5,60.0,140.0,42.9,2,1.2,1.2,8.0,27.0,9.0,4.0,36.0,458.0,384.0,72.0,14.0,0.0,4.0,27.0,44.0,5.0,4.0,0.0,0.0,272.0,2.0,10.0,18.0,13.0,1.0,1.0,2.0,1.0,0.0,6.0,6.0,0.0,0.0,0.0,0.0,0.0,16.0,11.0,6.0,10.0,0.0,4.0,15.0,26.7,11.0,15.0,1.0,14.0,8.0,24,23.0,0.0,52.0,583.0,59.0,241.0,216.0,131.0,19.0,583.0,14.0,9.0,64.3,5.0,35.7,160.0,808.0,302.0,3.0,7.0,1.0,24.0,8.0,270.0,36.0,1,0,0,6.0,12.0,2.0,27.0,8.0,11.0,0.0,0.0,0,66.0,23.0,21.0,52.3
2023-03-11,12:00,Liga F,Matchweek 21,Sat,Away,L,1,2,Sporting Huelva,Alavés,0.2,1.8,40.0,,Sandra Castelló,4-2-3-1,Xiomara Díaz García,4.0,2.0,50.0,0.25,0.5,22.9,0.0,0,0,0.2,0.2,0.06,0.8,0.8,7.0,5.0,71.4,0,1.9,-0.1,0,0,0,0,8.0,23.0,34.8,20.0,1.0,70.0,46.1,12.0,75.0,46.2,26.0,1.0,3.8,0.0,5.5,145.0,278.0,52.2,2809.0,1682.0,77.0,111.0,69.4,40.0,72.0,55.6,27.0,85.0,31.8,1,0.2,0.2,3.0,14.0,3.0,1.0,12.0,278.0,217.0,60.0,5.0,1.0,1.0,15.0,35.0,5.0,3.0,2.0,0.0,145.0,1.0,9.0,7.0,5.0,1.0,1.0,0.0,0.0,0.0,2.0,2.0,0.0,0.0,0.0,0.0,0.0,17.0,13.0,9.0,5.0,3.0,10.0,19.0,52.6,9.0,11.0,3.0,8.0,19.0,36,37.0,0.0,40.0,404.0,65.0,162.0,174.0,72.0,7.0,404.0,9.0,3.0,33.3,6.0,66.7,152.0,805.0,278.0,5.0,8.0,0.0,20.0,12.0,141.0,12.0,4,1,1,10.0,5.0,1.0,15.0,19.0,13.0,0.0,0.0,0,46.0,15.0,14.0,51.7,18.0,7.0,38.9,0.11,0.29,15.0,1.0,0,0,1.8,1.8,0.11,0.2,0.2,2.0,1.0,50.0,0,0.3,-0.7,0,0,0,0,3.0,12.0,25.0,32.0,5.0,21.9,29.9,11.0,45.5,35.3,11.0,1.0,9.1,3.0,17.2,275.0,410.0,67.1,6038.0,2645.0,62.0,89.0,69.7,161.0,201.0,80.1,49.0,107.0,45.8,0,1.0,1.1,13.0,24.0,6.0,3.0,30.0,410.0,345.0,65.0,10.0,0.0,4.0,30.0,34.0,8.0,0.0,0.0,8.0,275.0,0.0,11.0,29.0,13.0,5.0,2.0,4.0,3.0,2.0,3.0,1.0,0.0,0.0,1.0,1.0,0.0,16.0,12.0,6.0,8.0,2.0,6.0,8.0,75.0,2.0,7.0,0.0,7.0,11.0,27,13.0,0.0,60.0,530.0,48.0,207.0,189.0,137.0,23.0,530.0,18.0,9.0,50.0,10.0,55.6,182.0,1012.0,615.0,12.0,5.0,1.0,15.0,6.0,275.0,30.0,3,0,0,5.0,10.0,0.0,30.0,11.0,12.0,0.0,0.0,0,41.0,14.0,15.0,48.3
2023-03-19,16:00,Liga F,Matchweek 22,Sun,Home,L,0,3,Sporting Huelva,Levante,0.4,2.9,33.0,,Sandra Castelló,4-2-3-1,Alicia Espinosa Ríos,6.0,1.0,16.7,0.0,0.0,20.6,0.0,0,0,0.4,0.4,0.06,-0.4,-0.4,8.0,5.0,62.5,0,2.8,-0.2,0,0,0,0,10.0,20.0,50.0,20.0,2.0,65.0,43.0,7.0,100.0,54.4,19.0,1.0,5.3,9.0,18.2,134.0,261.0,51.3,2628.0,1606.0,60.0,96.0,62.5,45.0,82.0,54.9,26.0,68.0,38.2,0,0.3,0.5,4.0,12.0,3.0,1.0,14.0,261.0,197.0,64.0,11.0,0.0,1.0,15.0,41.0,1.0,1.0,0.0,0.0,134.0,0.0,7.0,11.0,6.0,3.0,0.0,0.0,1.0,1.0,0.0,0.0,0.0,0.0,0.0,0.0,0.0,28.0,16.0,8.0,17.0,3.0,10.0,21.0,47.6,11.0,12.0,3.0,9.0,23.0,51,27.0,0.0,33.0,388.0,51.0,154.0,147.0,89.0,6.0,388.0,7.0,2.0,28.6,5.0,71.4,143.0,764.0,320.0,8.0,6.0,1.0,16.0,14.0,132.0,14.0,2,0,0,9.0,5.0,0.0,15.0,23.0,16.0,0.0,0.0,0,48.0,11.0,15.0,42.3,15.0,8.0,53.3,0.2,0.38,13.7,0.0,0,0,2.9,2.9,0.2,0.1,0.1,1.0,1.0,100.0,1,0.1,0.1,0,0,0,0,0.0,3.0,0.0,14.0,7.0,7.1,22.1,5.0,40.0,27.4,14.0,1.0,7.1,0.0,9.0,401.0,535.0,75.0,6925.0,2870.0,184.0,224.0,82.1,158.0,181.0,87.3,40.0,84.0,47.6,3,2.9,1.1,14.0,29.0,6.0,3.0,22.0,535.0,459.0,71.0,9.0,1.0,0.0,24.0,46.0,10.0,8.0,2.0,0.0,401.0,5.0,11.0,27.0,20.0,2.0,3.0,1.0,1.0,0.0,5.0,3.0,0.0,1.0,1.0,0.0,0.0,19.0,12.0,6.0,8.0,5.0,5.0,7.0,71.4,2.0,8.0,1.0,7.0,10.0,29,17.0,0.0,67.0,642.0,52.0,217.0,278.0,150.0,31.0,642.0,21.0,11.0,52.4,10.0,47.6,332.0,1760.0,861.0,17.0,5.0,12.0,16.0,18.0,397.0,22.0,0,0,0,6.0,9.0,5.0,24.0,10.0,12.0,0.0,0.0,0,48.0,15.0,11.0,57.7
2023-03-25,11:00,Liga F,Matchweek 23,Sat,Away,L,0,2,Sporting Huelva,UDG Tenerife,0.2,1.8,50.0,,Sandra Castelló,3-4-1-2,María Gloria Planes Terol,3.0,0.0,0.0,0.0,,17.1,0.0,0,0,0.2,0.2,0.08,-0.2,-0.2,5.0,3.0,60.0,0,1.9,-0.1,0,0,0,0,2.0,16.0,12.5,17.0,5.0,35.3,34.6,12.0,83.3,49.3,23.0,0.0,0.0,1.0,12.7,189.0,354.0,53.4,3698.0,1842.0,67.0,114.0,58.8,86.0,121.0,71.1,29.0,97.0,29.9,0,0.1,0.2,1.0,10.0,2.0,1.0,20.0,354.0,286.0,66.0,15.0,0.0,2.0,9.0,32.0,3.0,2.0,1.0,0.0,189.0,2.0,12.0,5.0,4.0,0.0,0.0,0.0,1.0,0.0,0.0,0.0,0.0,0.0,0.0,0.0,0.0,8.0,8.0,3.0,5.0,0.0,2.0,16.0,12.5,14.0,10.0,5.0,5.0,5.0,13,25.0,0.0,50.0,444.0,63.0,168.0,204.0,79.0,4.0,444.0,5.0,4.0,80.0,1.0,20.0,106.0,875.0,285.0,5.0,8.0,1.0,16.0,20.0,185.0,20.0,2,0,0,16.0,8.0,2.0,9.0,5.0,8.0,0.0,0.0,0,53.0,14.0,18.0,43.8,15.0,5.0,33.3,0.13,0.4,17.0,1.0,0,0,1.8,1.8,0.14,0.2,0.2,0.0,0.0,,1,0.0,0.0,0,0,0,0,10.0,22.0,45.5,22.0,4.0,72.7,48.7,10.0,60.0,37.9,6.0,0.0,0.0,0.0,6.5,193.0,358.0,53.9,4173.0,2278.0,69.0,108.0,63.9,85.0,141.0,60.3,36.0,95.0,37.9,1,0.5,0.8,7.0,24.0,7.0,1.0,23.0,358.0,279.0,75.0,17.0,0.0,1.0,26.0,39.0,8.0,6.0,1.0,0.0,193.0,4.0,7.0,22.0,13.0,2.0,2.0,1.0,3.0,1.0,3.0,2.0,0.0,0.0,1.0,0.0,0.0,21.0,15.0,6.0,12.0,3.0,1.0,5.0,20.0,4.0,11.0,1.0,10.0,11.0,32,14.0,0.0,50.0,458.0,46.0,157.0,188.0,120.0,20.0,458.0,16.0,14.0,87.5,2.0,12.5,183.0,953.0,307.0,5.0,6.0,3.0,23.0,6.0,188.0,22.0,0,0,0,12.0,15.0,4.0,26.0,11.0,15.0,0.0,0.0,0,62.0,17.0,16.0,51.5
2023-04-02,12:00,Liga F,Matchweek 24,Sun,Home,L,0,1,Sporting Huelva,Real Betis,1.0,1.3,44.0,,Sandra Castelló,4-2-3-1,Olatz Rivera Olmedo,11.0,3.0,27.3,0.0,0.0,17.3,0.0,0,0,1.0,1.0,0.09,-1.0,-1.0,3.0,2.0,66.7,0,1.4,0.4,0,0,0,0,6.0,17.0,35.3,16.0,3.0,56.3,46.6,8.0,100.0,60.8,9.0,1.0,11.1,0.0,9.3,178.0,334.0,53.3,3974.0,2377.0,59.0,99.0,59.6,72.0,109.0,66.1,44.0,101.0,43.6,0,0.6,0.6,9.0,24.0,8.0,2.0,31.0,334.0,264.0,67.0,13.0,0.0,1.0,12.0,41.0,3.0,3.0,0.0,0.0,178.0,3.0,11.0,19.0,11.0,3.0,1.0,1.0,1.0,2.0,0.0,0.0,0.0,0.0,0.0,0.0,0.0,21.0,18.0,15.0,5.0,1.0,14.0,20.0,70.0,6.0,15.0,2.0,13.0,9.0,30,13.0,0.0,44.0,459.0,46.0,139.0,194.0,131.0,15.0,459.0,17.0,2.0,11.8,15.0,88.2,194.0,1001.0,348.0,7.0,5.0,1.0,17.0,3.0,175.0,31.0,1,0,0,13.0,10.0,3.0,12.0,9.0,18.0,0.0,0.0,0,54.0,9.0,14.0,39.1,9.0,3.0,33.3,0.11,0.33,17.6,0.0,0,0,1.3,1.3,0.14,-0.3,-0.3,3.0,3.0,100.0,1,0.3,0.3,0,0,0,0,4.0,20.0,20.0,29.0,3.0,44.8,36.9,13.0,53.8,35.5,10.0,0.0,0.0,1.0,12.2,280.0,422.0,66.4,5460.0,2866.0,116.0,151.0,76.8,121.0,160.0,75.6,36.0,85.0,42.4,1,1.1,0.4,7.0,21.0,5.0,0.0,23.0,422.0,354.0,66.0,16.0,0.0,0.0,10.0,33.0,3.0,2.0,0.0,0.0,280.0,2.0,15.0,14.0,9.0,1.0,1.0,1.0,1.0,1.0,1.0,0.0,0.0,0.0,1.0,0.0,0.0,18.0,10.0,10.0,6.0,2.0,15.0,17.0,88.2,2.0,13.0,3.0,10.0,18.0,36,21.0,0.0,56.0,560.0,65.0,238.0,206.0,121.0,20.0,560.0,20.0,6.0,30.0,14.0,70.0,233.0,1161.0,578.0,12.0,10.0,8.0,25.0,7.0,276.0,22.0,1,0,0,11.0,12.0,2.0,10.0,18.0,10.0,0.0,0.0,0,63.0,14.0,9.0,60.9
2023-04-16,12:00,Liga F,Matchweek 25,Sun,Away,W,2,1,Sporting Huelva,Valencia,2.1,2.0,37.0,,Sandra Castelló,4-2-3-1,Ainara Andrea Acevedo Dudley,4.0,2.0,50.0,0.0,0.0,23.0,0.0,2,2,2.1,0.5,0.14,-0.1,-0.5,3.0,2.0,66.7,0,1.5,0.5,0,0,0,0,8.0,23.0,34.8,22.0,2.0,68.2,42.3,9.0,88.9,42.1,23.0,3.0,13.0,1.0,12.3,140.0,281.0,49.8,2948.0,1791.0,52.0,77.0,67.5,55.0,100.0,55.0,29.0,85.0,34.1,0,0.1,0.3,2.0,20.0,6.0,5.0,20.0,281.0,218.0,55.0,12.0,0.0,0.0,21.0,25.0,7.0,7.0,0.0,0.0,140.0,8.0,8.0,11.0,6.0,1.0,0.0,1.0,2.0,1.0,4.0,2.0,0.0,0.0,0.0,2.0,0.0,22.0,12.0,13.0,8.0,1.0,2.0,12.0,16.7,10.0,15.0,3.0,12.0,15.0,37,28.0,0.0,37.0,394.0,62.0,164.0,164.0,69.0,9.0,392.0,4.0,2.0,50.0,2.0,50.0,158.0,572.0,261.0,4.0,2.0,1.0,12.0,12.0,136.0,19.0,4,0,0,9.0,8.0,8.0,21.0,15.0,12.0,2.0,0.0,0,57.0,9.0,12.0,42.9,10.0,3.0,30.0,0.1,0.33,18.5,0.0,0,0,2.0,2.0,0.2,-1.0,-1.0,4.0,2.0,100.0,0,2.2,0.2,2,2,0,0,0.0,5.0,0.0,38.0,5.0,10.5,26.8,2.0,50.0,40.0,18.0,2.0,11.1,1.0,8.2,334.0,482.0,69.3,6480.0,2730.0,124.0,165.0,75.2,165.0,210.0,78.6,42.0,85.0,49.4,1,1.2,1.0,8.0,36.0,10.0,3.0,45.0,482.0,417.0,59.0,16.0,0.0,3.0,29.0,31.0,7.0,7.0,0.0,0.0,334.0,6.0,15.0,18.0,15.0,0.0,2.0,1.0,0.0,0.0,2.0,2.0,0.0,0.0,0.0,0.0,0.0,14.0,10.0,4.0,7.0,3.0,2.0,4.0,50.0,2.0,6.0,0.0,6.0,14.0,28,24.0,0.0,63.0,584.0,59.0,211.0,220.0,156.0,24.0,584.0,12.0,10.0,83.3,2.0,16.7,343.0,1541.0,624.0,15.0,4.0,7.0,12.0,20.0,329.0,44.0,4,0,0,8.0,9.0,6.0,29.0,14.0,10.0,0.0,2.0,0,62.0,12.0,9.0,57.1
2023-04-23,16:00,Liga F,Matchweek 26,Sun,Home,L,1,2,Sporting Huelva,Madrid CFF,1.3,1.8,34.0,,Sandra Castelló,5-4-1,Paola Cebollada López,8.0,3.0,37.5,0.13,0.33,20.9,0.0,0,0,1.3,1.3,0.17,-0.3,-0.3,6.0,4.0,66.7,0,2.8,0.8,0,0,0,0,6.0,10.0,60.0,18.0,6.0,33.3,33.7,12.0,33.3,30.3,6.0,0.0,0.0,2.0,11.5,182.0,326.0,55.8,3567.0,1891.0,60.0,101.0,59.4,80.0,111.0,72.1,30.0,77.0,39.0,1,1.1,0.5,4.0,20.0,3.0,1.0,17.0,326.0,272.0,51.0,10.0,0.0,1.0,12.0,22.0,3.0,2.0,1.0,0.0,182.0,3.0,7.0,7.0,5.0,0.0,1.0,1.0,0.0,0.0,2.0,2.0,0.0,0.0,0.0,0.0,0.0,21.0,18.0,8.0,11.0,2.0,4.0,9.0,44.4,5.0,11.0,2.0,9.0,17.0,38,15.0,0.0,34.0,435.0,46.0,150.0,193.0,98.0,11.0,435.0,8.0,8.0,100.0,0.0,0.0,139.0,906.0,401.0,9.0,3.0,1.0,15.0,11.0,180.0,16.0,2,0,0,9.0,7.0,3.0,12.0,17.0,18.0,0.0,0.0,0,65.0,7.0,7.0,50.0,14.0,6.0,42.9,0.14,0.33,18.2,0.0,0,0,1.8,1.8,0.13,0.2,0.2,3.0,2.0,66.7,0,1.1,0.1,0,0,0,0,1.0,1.0,100.0,13.0,6.0,7.7,16.8,12.0,0.0,9.3,12.0,1.0,8.3,1.0,12.5,471.0,629.0,74.9,8016.0,3317.0,218.0,273.0,79.9,190.0,238.0,79.8,45.0,72.0,62.5,2,1.7,0.6,13.0,31.0,9.0,2.0,47.0,629.0,566.0,60.0,12.0,0.0,0.0,7.0,30.0,4.0,3.0,1.0,0.0,471.0,3.0,9.0,23.0,19.0,0.0,1.0,1.0,0.0,2.0,2.0,2.0,0.0,0.0,0.0,0.0,0.0,11.0,8.0,8.0,2.0,1.0,0.0,8.0,0.0,8.0,8.0,1.0,7.0,9.0,20,6.0,0.0,66.0,715.0,63.0,245.0,348.0,130.0,15.0,715.0,9.0,5.0,55.6,4.0,44.4,366.0,1679.0,885.0,17.0,7.0,4.0,27.0,17.0,468.0,47.0,3,0,0,7.0,9.0,3.0,7.0,9.0,8.0,0.0,0.0,0,62.0,7.0,7.0,50.0
2023-04-30,16:00,Liga F,Matchweek 27,Sun,Away,L,0,3,Sporting Huelva,Barcelona,0.0,1.8,16.0,,Sandra Castelló,5-4-1,Alicia Espinosa Ríos,0.0,0.0,,,,,0.0,0,0,0.0,0.0,,0.0,0.0,4.0,1.0,25.0,0,1.6,-1.4,0,0,0,0,6.0,25.0,24.0,13.0,0.0,92.3,52.3,14.0,92.9,51.2,26.0,2.0,7.7,0.0,6.2,59.0,151.0,39.1,1332.0,907.0,25.0,43.0,58.1,21.0,44.0,47.7,13.0,56.0,23.2,0,0.0,0.0,0.0,4.0,1.0,0.0,2.0,151.0,114.0,34.0,7.0,2.0,0.0,0.0,9.0,0.0,0.0,0.0,0.0,59.0,3.0,3.0,0.0,0.0,0.0,0.0,0.0,0.0,0.0,0.0,0.0,0.0,0.0,0.0,0.0,0.0,25.0,17.0,21.0,2.0,2.0,5.0,16.0,31.3,11.0,15.0,5.0,10.0,16.0,41,40.0,0.0,16.0,273.0,69.0,199.0,61.0,17.0,2.0,273.0,4.0,2.0,50.0,2.0,50.0,67.0,455.0,201.0,2.0,2.0,0.0,13.0,8.0,59.0,2.0,0,0,0,9.0,5.0,3.0,0.0,16.0,17.0,0.0,0.0,0,48.0,9.0,12.0,42.9,22.0,4.0,18.2,0.14,0.75,18.5,1.0,0,0,1.8,1.8,0.08,1.2,1.2,0.0,0.0,,1,0.0,0.0,0,0,0,0,0.0,0.0,,22.0,2.0,0.0,19.2,2.0,0.0,22.5,0.0,0.0,,3.0,38.7,670.0,790.0,84.8,9953.0,3629.0,345.0,399.0,86.5,258.0,289.0,89.3,26.0,42.0,61.9,3,1.5,2.2,16.0,74.0,15.0,4.0,80.0,790.0,726.0,62.0,11.0,1.0,0.0,33.0,39.0,9.0,0.0,0.0,8.0,670.0,2.0,16.0,43.0,30.0,5.0,1.0,2.0,3.0,2.0,6.0,2.0,2.0,0.0,1.0,1.0,0.0,10.0,9.0,2.0,1.0,7.0,2.0,4.0,50.0,2.0,4.0,0.0,4.0,4.0,14,1.0,0.0,84.0,860.0,16.0,83.0,372.0,409.0,29.0,860.0,16.0,11.0,68.8,5.0,31.3,602.0,3099.0,1305.0,26.0,31.0,4.0,16.0,20.0,667.0,79.0,1,0,0,6.0,8.0,2.0,33.0,4.0,9.0,0.0,0.0,0,50.0,12.0,9.0,57.1
2023-05-07,12:00,Liga F,Matchweek 28,Sun,Home,D,1,1,Sporting Huelva,Villarreal,1.0,1.0,45.0,,Sandra Castelló,5-4-1,Arantza Gallastegui Pérez,12.0,2.0,16.7,0.08,0.5,15.2,0.0,0,0,1.0,1.0,0.09,0.0,0.0,2.0,1.0,50.0,0,0.8,-0.2,0,0,0,0,10.0,20.0,50.0,13.0,1.0,76.9,46.6,11.0,90.9,48.7,12.0,0.0,0.0,0.0,11.0,131.0,298.0,44.0,2938.0,1880.0,44.0,92.0,47.8,54.0,107.0,50.5,31.0,86.0,36.0,0,0.6,0.4,4.0,15.0,5.0,3.0,21.0,298.0,225.0,70.0,10.0,0.0,0.0,19.0,37.0,10.0,4.0,1.0,4.0,131.0,3.0,6.0,16.0,11.0,3.0,0.0,0.0,2.0,0.0,2.0,2.0,0.0,0.0,0.0,0.0,0.0,20.0,16.0,11.0,6.0,3.0,9.0,15.0,60.0,6.0,6.0,1.0,5.0,10.0,30,23.0,0.0,45.0,404.0,40.0,126.0,164.0,123.0,17.0,404.0,15.0,5.0,33.3,10.0,66.7,102.0,1010.0,342.0,9.0,6.0,2.0,20.0,3.0,125.0,20.0,0,0,0,11.0,7.0,3.0,19.0,10.0,16.0,0.0,0.0,0,59.0,22.0,9.0,71.0,8.0,2.0,25.0,0.13,0.5,13.9,0.0,0,0,1.0,1.0,0.13,0.0,0.0,2.0,1.0,50.0,0,1.0,0.0,0,0,0,0,12.0,24.0,50.0,25.0,6.0,76.0,48.7,7.0,71.4,48.3,17.0,0.0,0.0,1.0,7.7,182.0,363.0,50.1,4254.0,2495.0,63.0,93.0,67.7,67.0,134.0,50.0,47.0,117.0,40.2,0,0.7,0.3,5.0,24.0,6.0,1.0,29.0,363.0,304.0,58.0,14.0,0.0,4.0,15.0,33.0,2.0,2.0,0.0,0.0,182.0,1.0,8.0,15.0,9.0,2.0,2.0,1.0,1.0,0.0,1.0,0.0,0.0,0.0,1.0,0.0,0.0,14.0,8.0,10.0,3.0,1.0,10.0,14.0,71.4,4.0,7.0,1.0,6.0,10.0,24,17.0,0.0,55.0,465.0,62.0,197.0,178.0,93.0,11.0,465.0,14.0,5.0,35.7,9.0,64.3,130.0,651.0,198.0,4.0,4.0,2.0,15.0,13.0,177.0,27.0,0,0,0,9.0,10.0,1.0,15.0,10.0,8.0,0.0,0.0,0,50.0,11.0,23.0,32.4
2023-05-13,12:00,Liga F,Matchweek 29,Sat,Away,D,0,0,Sporting Huelva,Alhama,0.5,1.1,53.0,,Sandra Castelló,5-3-2,Beatriz Cuesta Arribas,10.0,3.0,30.0,0.0,0.0,20.2,0.0,0,0,0.5,0.5,0.05,-0.5,-0.5,1.0,1.0,100.0,1,0.1,0.1,0,0,0,0,9.0,27.0,33.3,22.0,2.0,90.9,51.7,8.0,100.0,50.3,18.0,2.0,11.1,0.0,7.5,211.0,394.0,53.6,3680.0,2385.0,116.0,166.0,69.9,66.0,106.0,62.3,26.0,92.0,28.3,0,0.3,0.8,7.0,32.0,5.0,0.0,44.0,394.0,325.0,66.0,14.0,1.0,2.0,21.0,37.0,6.0,5.0,0.0,1.0,211.0,3.0,12.0,15.0,10.0,2.0,2.0,0.0,1.0,0.0,0.0,0.0,0.0,0.0,0.0,0.0,0.0,21.0,14.0,7.0,11.0,3.0,12.0,16.0,75.0,4.0,7.0,1.0,6.0,10.0,31,26.0,0.0,53.0,524.0,53.0,130.0,257.0,147.0,16.0,524.0,23.0,15.0,65.2,8.0,34.8,196.0,1088.0,534.0,10.0,7.0,4.0,24.0,6.0,206.0,44.0,0,0,0,10.0,10.0,3.0,21.0,10.0,14.0,0.0,0.0,0,66.0,23.0,24.0,48.9,7.0,1.0,14.3,0.0,0.0,15.3,0.0,0,0,1.1,1.1,0.16,-1.1,-1.1,3.0,3.0,100.0,1,0.1,0.1,0,0,0,0,12.0,28.0,42.9,21.0,0.0,100.0,57.0,7.0,100.0,54.0,18.0,1.0,5.6,2.0,14.1,158.0,343.0,46.1,3991.0,2734.0,50.0,86.0,58.1,62.0,118.0,52.5,45.0,123.0,36.6,0,1.1,0.8,7.0,30.0,6.0,3.0,28.0,343.0,277.0,63.0,12.0,1.0,3.0,22.0,38.0,5.0,0.0,5.0,0.0,158.0,3.0,8.0,11.0,10.0,1.0,0.0,0.0,0.0,0.0,0.0,0.0,0.0,0.0,0.0,0.0,0.0,14.0,11.0,10.0,3.0,1.0,8.0,23.0,34.8,15.0,15.0,5.0,10.0,14.0,28,26.0,0.0,47.0,461.0,62.0,198.0,172.0,91.0,17.0,461.0,16.0,4.0,25.0,12.0,75.0,148.0,784.0,345.0,7.0,2.0,5.0,15.0,9.0,154.0,27.0,1,0,0,12.0,8.0,3.0,22.0,14.0,11.0,0.0,0.0,0,64.0,24.0,23.0,51.1
2023-05-20,12:00,Liga F,Matchweek 30,Sat,Home,W,2,0,Sporting Huelva,Levante Planas,2.6,0.5,40.0,,Sandra Castelló,5-3-2,María Dolores Martínez Madrona,16.0,6.0,37.5,0.06,0.17,17.7,0.0,1,1,2.6,1.8,0.12,-0.6,-0.8,2.0,2.0,100.0,1,0.0,0.0,0,0,0,0,6.0,14.0,42.9,20.0,3.0,45.0,40.1,8.0,62.5,37.3,3.0,0.0,0.0,0.0,,211.0,363.0,58.1,4077.0,2296.0,85.0,115.0,73.9,85.0,131.0,64.9,31.0,85.0,36.5,0,1.3,0.8,10.0,21.0,8.0,2.0,33.0,363.0,306.0,53.0,9.0,0.0,2.0,19.0,30.0,5.0,3.0,2.0,0.0,211.0,4.0,11.0,26.0,16.0,4.0,1.0,2.0,2.0,1.0,3.0,1.0,1.0,0.0,0.0,1.0,0.0,21.0,16.0,3.0,15.0,3.0,4.0,15.0,26.7,11.0,14.0,2.0,12.0,22.0,43,11.0,0.0,40.0,474.0,42.0,157.0,179.0,144.0,26.0,473.0,8.0,4.0,50.0,4.0,50.0,229.0,1033.0,432.0,7.0,6.0,3.0,16.0,11.0,205.0,32.0,2,0,0,16.0,8.0,4.0,19.0,22.0,16.0,1.0,0.0,0,85.0,12.0,6.0,66.7,10.0,2.0,20.0,0.0,0.0,24.3,0.0,0,0,0.5,0.5,0.05,-0.5,-0.5,7.0,5.0,85.7,0,2.7,0.3,0,1,0,0,4.0,4.0,100.0,26.0,4.0,7.7,26.3,15.0,13.3,19.0,16.0,1.0,6.3,0.0,5.3,384.0,536.0,71.6,7632.0,3191.0,124.0,161.0,77.0,180.0,233.0,77.3,64.0,107.0,59.8,0,0.3,0.3,7.0,29.0,4.0,1.0,35.0,536.0,467.0,68.0,19.0,0.0,7.0,3.0,31.0,1.0,1.0,0.0,0.0,384.0,1.0,12.0,14.0,10.0,1.0,0.0,1.0,1.0,1.0,0.0,0.0,0.0,0.0,0.0,0.0,0.0,15.0,11.0,8.0,5.0,2.0,4.0,8.0,50.0,4.0,11.0,2.0,9.0,5.0,20,14.0,1.0,60.0,627.0,97.0,278.0,269.0,86.0,10.0,627.0,14.0,10.0,71.4,4.0,28.6,254.0,1209.0,557.0,8.0,7.0,2.0,13.0,17.0,379.0,34.0,1,0,0,9.0,16.0,1.0,3.0,5.0,11.0,0.0,1.0,0,71.0,6.0,12.0,33.3
2022-09-18,18:00,Liga F,Matchweek 2,Sun,Home,L,1,2,Real Betis,Levante Planas,0.3,1.3,63.0,,Ángela Sosa,4-1-2-1-2◆,Amy Peñalver Pearce,8.0,4.0,50.0,0.13,0.25,20.0,0.0,0,0,0.3,0.3,0.04,0.7,0.7,2.0,0.0,50.0,0,1.5,-0.5,1,1,0,0,4.0,21.0,19.0,44.0,2.0,47.7,36.1,6.0,0.0,14.8,7.0,0.0,0.0,1.0,15.0,316.0,430.0,73.5,6248.0,2503.0,109.0,138.0,79.0,164.0,195.0,84.1,39.0,89.0,43.8,1,0.3,0.6,6.0,28.0,4.0,1.0,34.0,430.0,361.0,68.0,29.0,0.0,2.0,19.0,22.0,8.0,4.0,3.0,0.0,316.0,1.0,2.0,15.0,9.0,4.0,0.0,0.0,2.0,0.0,2.0,2.0,0.0,0.0,0.0,0.0,0.0,12.0,7.0,6.0,4.0,2.0,6.0,14.0,42.9,8.0,9.0,0.0,9.0,8.0,20,5.0,0.0,63.0,519.0,43.0,201.0,188.0,140.0,15.0,519.0,20.0,6.0,30.0,14.0,70.0,320.0,1667.0,743.0,12.0,14.0,4.0,23.0,9.0,313.0,33.0,1,0,0,11.0,20.0,1.0,19.0,8.0,7.0,0.0,1.0,0,57.0,3.0,9.0,25.0,5.0,1.0,20.0,0.2,1.0,23.5,1.0,1,1,1.3,0.5,0.11,0.7,0.5,4.0,3.0,75.0,0,0.8,-0.2,0,0,0,0,4.0,13.0,30.8,14.0,5.0,35.7,36.0,9.0,88.9,47.2,17.0,1.0,5.9,2.0,18.0,141.0,258.0,54.7,2965.0,1709.0,53.0,81.0,65.4,57.0,96.0,59.4,31.0,70.0,44.3,1,0.5,0.4,4.0,17.0,3.0,1.0,19.0,258.0,206.0,45.0,9.0,0.0,0.0,7.0,24.0,1.0,1.0,0.0,0.0,141.0,7.0,9.0,11.0,4.0,3.0,0.0,0.0,3.0,1.0,4.0,3.0,0.0,0.0,0.0,1.0,0.0,23.0,13.0,13.0,4.0,6.0,14.0,20.0,70.0,6.0,5.0,3.0,2.0,10.0,33,13.0,0.0,38.0,337.0,39.0,140.0,140.0,64.0,5.0,336.0,14.0,8.0,57.1,6.0,42.9,173.0,817.0,365.0,7.0,3.0,1.0,14.0,6.0,140.0,19.0,2,0,0,22.0,9.0,7.0,7.0,10.0,13.0,1.0,0.0,0,38.0,9.0,3.0,75.0
2022-09-24,18:00,Liga F,Matchweek 3,Sat,Away,D,2,2,Real Betis,Real Sociedad,0.6,2.8,34.0,,Ángela Sosa,4-1-2-1-2◆,Xiomara Díaz García,7.0,6.0,85.7,0.29,0.33,18.6,0.0,0,0,0.6,0.6,0.09,1.4,1.4,6.0,4.0,66.7,0,2.1,0.1,0,0,0,0,10.0,32.0,31.3,43.0,1.0,58.1,40.7,10.0,70.0,44.4,11.0,0.0,0.0,5.0,18.3,236.0,353.0,66.9,4121.0,1784.0,87.0,107.0,81.3,109.0,141.0,77.3,21.0,71.0,29.6,1,0.4,0.4,4.0,8.0,3.0,0.0,17.0,353.0,309.0,44.0,14.0,1.0,0.0,9.0,15.0,2.0,2.0,0.0,0.0,236.0,0.0,11.0,11.0,11.0,0.0,0.0,0.0,0.0,0.0,4.0,4.0,0.0,0.0,0.0,0.0,0.0,13.0,11.0,3.0,10.0,0.0,9.0,15.0,60.0,6.0,7.0,3.0,4.0,18.0,31,18.0,1.0,34.0,455.0,55.0,206.0,192.0,63.0,12.0,455.0,14.0,7.0,50.0,7.0,50.0,214.0,1121.0,443.0,10.0,7.0,6.0,19.0,6.0,234.0,16.0,1,0,0,6.0,4.0,0.0,9.0,18.0,11.0,0.0,0.0,0,66.0,5.0,8.0,38.5,15.0,6.0,40.0,0.13,0.33,16.8,0.0,0,0,2.8,2.8,0.19,-0.8,-0.8,6.0,4.0,66.7,0,1.5,-0.5,0,0,0,0,1.0,4.0,25.0,30.0,8.0,10.0,22.3,6.0,16.7,29.2,7.0,0.0,0.0,4.0,22.2,563.0,674.0,83.5,10653.0,3992.0,197.0,221.0,89.1,318.0,357.0,89.1,45.0,75.0,60.0,2,2.3,1.9,12.0,42.0,7.0,2.0,48.0,674.0,616.0,48.0,6.0,2.0,1.0,13.0,29.0,4.0,2.0,1.0,1.0,563.0,10.0,5.0,29.0,22.0,4.0,1.0,2.0,0.0,0.0,4.0,4.0,0.0,0.0,0.0,0.0,0.0,13.0,5.0,4.0,7.0,2.0,7.0,14.0,50.0,7.0,10.0,0.0,10.0,18.0,31,10.0,0.0,66.0,773.0,46.0,243.0,395.0,139.0,20.0,773.0,15.0,6.0,40.0,9.0,60.0,478.0,2355.0,1174.0,14.0,9.0,3.0,24.0,4.0,554.0,48.0,1,0,0,4.0,6.0,10.0,13.0,18.0,5.0,0.0,0.0,0,63.0,8.0,5.0,61.5
2022-10-01,12:00,Liga F,Matchweek 4,Sat,Home,L,1,2,Real Betis,UDG Tenerife,0.4,1.5,66.0,,Nuria Ligero,4-3-3,Elena Peláez Arnillas,5.0,2.0,40.0,0.2,0.5,12.7,0.0,0,0,0.4,0.4,0.08,0.6,0.6,8.0,6.0,87.5,0,2.3,0.3,1,1,0,0,7.0,18.0,38.9,78.0,3.0,23.1,30.0,4.0,0.0,10.8,5.0,1.0,20.0,2.0,19.9,440.0,571.0,77.1,7904.0,2838.0,203.0,225.0,90.2,181.0,221.0,81.9,46.0,91.0,50.5,1,0.4,0.7,5.0,24.0,4.0,1.0,24.0,571.0,512.0,55.0,12.0,1.0,1.0,16.0,32.0,4.0,4.0,0.0,0.0,440.0,4.0,9.0,9.0,5.0,1.0,0.0,1.0,1.0,1.0,2.0,2.0,0.0,0.0,0.0,0.0,0.0,14.0,12.0,6.0,6.0,2.0,10.0,18.0,55.6,8.0,5.0,3.0,2.0,7.0,21,10.0,0.0,66.0,641.0,60.0,241.0,261.0,141.0,11.0,641.0,12.0,3.0,25.0,9.0,75.0,356.0,1854.0,825.0,10.0,10.0,3.0,10.0,11.0,436.0,24.0,4,0,0,10.0,9.0,4.0,16.0,7.0,12.0,0.0,1.0,0,60.0,8.0,9.0,47.1,13.0,7.0,53.8,0.08,0.14,22.5,1.0,1,1,1.5,0.7,0.06,0.5,0.3,2.0,1.0,50.0,0,0.2,-0.8,0,0,0,0,5.0,11.0,45.5,29.0,4.0,27.6,30.1,4.0,75.0,37.3,14.0,2.0,14.3,4.0,17.6,182.0,291.0,62.5,3478.0,1703.0,69.0,94.0,73.4,83.0,117.0,70.9,26.0,63.0,41.3,1,0.5,0.3,9.0,15.0,2.0,1.0,18.0,291.0,241.0,46.0,12.0,0.0,0.0,7.0,24.0,4.0,1.0,2.0,0.0,182.0,4.0,3.0,20.0,14.0,2.0,1.0,2.0,1.0,0.0,4.0,3.0,0.0,0.0,0.0,1.0,0.0,20.0,16.0,13.0,7.0,0.0,9.0,12.0,75.0,3.0,9.0,0.0,9.0,16.0,36,21.0,0.0,34.0,400.0,51.0,170.0,179.0,62.0,9.0,399.0,18.0,8.0,44.4,10.0,55.6,194.0,1141.0,577.0,12.0,11.0,4.0,13.0,4.0,180.0,18.0,0,0,0,9.0,8.0,4.0,7.0,16.0,16.0,1.0,0.0,0,64.0,9.0,8.0,52.9
2022-10-16,18:00,Liga F,Matchweek 5,Sun,Away,L,0,4,Real Betis,Madrid CFF,0.2,2.1,49.0,,Ángela Sosa,4-1-4-1,Arantza Gallastegui Pérez,7.0,2.0,28.6,0.0,0.0,24.4,0.0,0,0,0.2,0.2,0.03,-0.2,-0.2,8.0,4.0,50.0,0,3.2,-0.8,0,0,0,0,8.0,24.0,33.3,49.0,1.0,40.8,35.9,8.0,50.0,34.8,6.0,1.0,16.7,3.0,16.9,289.0,405.0,71.4,5946.0,2302.0,96.0,120.0,80.0,150.0,181.0,82.9,42.0,91.0,46.2,0,0.2,0.3,5.0,19.0,3.0,2.0,31.0,405.0,334.0,69.0,18.0,0.0,3.0,14.0,37.0,1.0,0.0,1.0,0.0,289.0,2.0,12.0,12.0,10.0,1.0,0.0,0.0,0.0,1.0,0.0,0.0,0.0,0.0,0.0,0.0,0.0,24.0,10.0,5.0,12.0,7.0,8.0,16.0,50.0,8.0,11.0,1.0,10.0,17.0,41,9.0,0.0,49.0,530.0,52.0,177.0,233.0,126.0,9.0,530.0,15.0,6.0,40.0,9.0,60.0,297.0,1322.0,506.0,7.0,4.0,3.0,29.0,16.0,285.0,31.0,1,0,0,9.0,12.0,2.0,14.0,17.0,10.0,0.0,0.0,0,61.0,7.0,2.0,77.8,13.0,8.0,61.5,0.31,0.5,16.0,1.0,0,0,2.1,2.1,0.16,1.9,1.9,2.0,2.0,100.0,1,0.1,0.1,0,0,0,0,1.0,4.0,25.0,15.0,3.0,6.7,21.3,12.0,25.0,27.7,11.0,0.0,0.0,3.0,20.4,304.0,427.0,71.2,5288.0,2451.0,144.0,174.0,82.8,120.0,157.0,76.4,32.0,64.0,50.0,4,1.8,1.1,10.0,19.0,5.0,1.0,23.0,427.0,362.0,59.0,10.0,0.0,5.0,6.0,34.0,2.0,2.0,0.0,0.0,304.0,6.0,10.0,22.0,17.0,1.0,2.0,0.0,1.0,1.0,8.0,6.0,0.0,1.0,0.0,0.0,1.0,25.0,17.0,14.0,10.0,1.0,9.0,15.0,60.0,6.0,14.0,3.0,11.0,16.0,41,14.0,0.0,51.0,546.0,51.0,270.0,193.0,89.0,16.0,546.0,16.0,8.0,50.0,8.0,50.0,218.0,1123.0,578.0,13.0,6.0,8.0,18.0,16.0,300.0,23.0,1,0,0,12.0,9.0,6.0,6.0,16.0,17.0,0.0,0.0,0,68.0,2.0,7.0,22.2
2022-10-22,18:15,Liga F,Matchweek 6,Sat,Home,L,0,3,Real Betis,Barcelona,0.0,2.8,30.0,,Ángela Sosa,4-3-1-2,Beatriz Arregui Gamir,1.0,1.0,100.0,0.0,0.0,30.9,0.0,0,0,0.0,0.0,0.02,0.0,0.0,7.0,5.0,57.1,0,1.4,-0.6,0,0,0,0,9.0,32.0,28.1,33.0,1.0,81.8,48.5,12.0,41.7,32.8,23.0,0.0,0.0,2.0,14.2,132.0,247.0,53.4,2712.0,1321.0,50.0,66.0,75.8,55.0,86.0,64.0,22.0,75.0,29.3,0,0.0,0.0,1.0,9.0,0.0,0.0,11.0,247.0,191.0,53.0,15.0,0.0,3.0,3.0,21.0,1.0,1.0,0.0,0.0,132.0,3.0,6.0,1.0,1.0,0.0,0.0,0.0,0.0,0.0,0.0,0.0,0.0,0.0,0.0,0.0,0.0,23.0,16.0,12.0,8.0,3.0,8.0,20.0,40.0,12.0,13.0,6.0,7.0,9.0,32,26.0,0.0,30.0,356.0,83.0,192.0,138.0,27.0,2.0,356.0,7.0,4.0,57.1,3.0,42.9,125.0,547.0,178.0,3.0,1.0,0.0,14.0,23.0,129.0,11.0,0,0,0,12.0,8.0,3.0,3.0,9.0,16.0,0.0,0.0,1,43.0,6.0,13.0,31.6,23.0,7.0,30.4,0.09,0.29,13.8,0.0,0,0,2.8,2.8,0.13,-0.8,-0.8,1.0,1.0,100.0,1,0.0,0.0,0,0,0,0,3.0,3.0,100.0,19.0,5.0,15.8,23.0,1.0,0.0,23.0,3.0,1.0,33.3,0.0,9.5,451.0,583.0,77.4,7655.0,3359.0,213.0,255.0,83.5,163.0,197.0,82.7,50.0,73.0,68.5,1,2.1,1.3,18.0,40.0,11.0,4.0,51.0,583.0,513.0,64.0,13.0,0.0,5.0,26.0,37.0,12.0,4.0,6.0,0.0,451.0,6.0,8.0,36.0,16.0,9.0,4.0,6.0,1.0,0.0,3.0,2.0,0.0,0.0,1.0,0.0,0.0,26.0,23.0,7.0,14.0,5.0,3.0,7.0,42.9,4.0,6.0,0.0,6.0,3.0,29,5.0,0.0,70.0,677.0,29.0,163.0,327.0,189.0,39.0,677.0,20.0,12.0,60.0,8.0,40.0,386.0,2265.0,1118.0,25.0,13.0,8.0,16.0,15.0,445.0,50.0,0,0,0,9.0,12.0,6.0,26.0,3.0,23.0,0.0,0.0,0,57.0,13.0,6.0,68.4
2022-10-29,18:15,Liga F,Matchweek 7,Sat,Away,W,2,0,Real Betis,Alhama,1.3,1.0,53.0,,Nuria Ligero,4-3-1-2,Paola Cebollada López,14.0,3.0,21.4,0.07,0.33,23.8,1.0,1,1,1.3,0.5,0.03,0.7,0.5,2.0,2.0,100.0,1,0.4,0.4,0,0,0,0,9.0,32.0,28.1,36.0,5.0,66.7,44.2,11.0,72.7,43.5,18.0,3.0,16.7,3.0,15.7,234.0,387.0,60.5,3859.0,1984.0,111.0,154.0,72.1,87.0,127.0,68.5,21.0,70.0,30.0,0,0.2,0.2,7.0,20.0,0.0,0.0,25.0,387.0,301.0,86.0,12.0,0.0,0.0,6.0,60.0,2.0,2.0,0.0,0.0,234.0,0.0,17.0,21.0,13.0,2.0,1.0,2.0,1.0,2.0,3.0,2.0,0.0,0.0,0.0,1.0,0.0,17.0,14.0,7.0,8.0,2.0,9.0,12.0,75.0,3.0,12.0,4.0,8.0,11.0,28,24.0,0.0,53.0,524.0,76.0,163.0,232.0,134.0,19.0,523.0,11.0,2.0,18.2,9.0,81.8,237.0,1207.0,467.0,7.0,6.0,6.0,26.0,12.0,232.0,25.0,2,0,0,15.0,9.0,0.0,6.0,11.0,14.0,0.0,0.0,0,50.0,15.0,20.0,42.9,15.0,2.0,13.3,0.0,0.0,17.4,0.0,0,0,1.0,1.0,0.07,-1.0,-1.0,4.0,2.0,75.0,0,1.4,-0.6,1,1,0,0,7.0,19.0,36.8,22.0,1.0,68.2,45.3,7.0,57.1,33.4,4.0,0.0,0.0,2.0,15.8,184.0,349.0,52.7,4024.0,2313.0,69.0,112.0,61.6,67.0,117.0,57.3,46.0,104.0,44.2,0,0.7,0.9,10.0,29.0,11.0,5.0,29.0,349.0,285.0,60.0,15.0,0.0,4.0,20.0,31.0,4.0,3.0,0.0,1.0,184.0,4.0,8.0,23.0,19.0,2.0,0.0,2.0,0.0,0.0,0.0,0.0,0.0,0.0,0.0,0.0,0.0,21.0,13.0,11.0,8.0,2.0,9.0,11.0,81.8,2.0,20.0,4.0,16.0,4.0,25,24.0,0.0,47.0,473.0,55.0,168.0,205.0,106.0,29.0,473.0,12.0,3.0,25.0,9.0,75.0,141.0,610.0,292.0,8.0,3.0,2.0,17.0,8.0,177.0,29.0,1,0,0,10.0,15.0,4.0,20.0,4.0,13.0,0.0,1.0,0,74.0,20.0,15.0,57.1
2022-11-02,21:00,Liga F,Matchweek 1,Wed,Away,L,0,3,Real Betis,Valencia,0.3,2.2,46.0,,Ángela Sosa,4-3-1-2,Beatriz Cuesta Arribas,10.0,4.0,40.0,0.0,0.0,26.1,1.0,0,0,0.3,0.3,0.03,-0.3,-0.3,8.0,5.0,62.5,0,1.9,-1.1,0,0,0,0,6.0,19.0,31.6,36.0,4.0,36.1,34.8,9.0,66.7,41.1,7.0,0.0,0.0,5.0,31.4,259.0,385.0,67.3,5270.0,2201.0,88.0,112.0,78.6,131.0,175.0,74.9,37.0,73.0,50.7,0,0.2,0.2,7.0,21.0,3.0,1.0,34.0,385.0,331.0,53.0,10.0,0.0,0.0,15.0,26.0,4.0,2.0,1.0,0.0,259.0,1.0,8.0,17.0,13.0,1.0,1.0,0.0,1.0,1.0,0.0,0.0,0.0,0.0,0.0,0.0,0.0,23.0,19.0,10.0,10.0,3.0,13.0,17.0,76.5,4.0,13.0,6.0,7.0,13.0,36,11.0,0.0,46.0,503.0,50.0,177.0,219.0,117.0,9.0,503.0,29.0,8.0,27.6,21.0,72.4,217.0,1226.0,520.0,11.0,7.0,1.0,23.0,6.0,255.0,33.0,2,1,0,16.0,8.0,1.0,15.0,13.0,19.0,0.0,0.0,0,68.0,4.0,7.0,36.4,18.0,8.0,44.4,0.17,0.38,18.3,2.0,0,0,2.2,2.2,0.13,0.8,0.8,4.0,4.0,100.0,1,0.4,0.4,0,0,0,0,0.0,3.0,0.0,33.0,2.0,9.1,26.5,11.0,0.0,21.3,11.0,0.0,0.0,0.0,4.5,317.0,443.0,71.6,5603.0,2511.0,129.0,163.0,79.1,141.0,176.0,80.1,33.0,69.0,47.8,0,1.6,0.7,10.0,23.0,2.0,1.0,23.0,443.0,386.0,54.0,15.0,0.0,1.0,11.0,23.0,4.0,1.0,2.0,0.0,317.0,3.0,9.0,26.0,14.0,4.0,2.0,4.0,2.0,0.0,2.0,0.0,0.0,0.0,2.0,0.0,0.0,27.0,19.0,11.0,13.0,3.0,21.0,29.0,72.4,8.0,5.0,1.0,4.0,12.0,39,14.0,0.0,54.0,564.0,62.0,223.0,243.0,104.0,18.0,564.0,17.0,4.0,23.5,13.0,76.5,276.0,1127.0,602.0,9.0,6.0,7.0,14.0,10.0,313.0,22.0,1,0,0,8.0,16.0,3.0,11.0,12.0,19.0,0.0,0.0,0,70.0,7.0,4.0,63.6
2022-11-06,12:00,Liga F,Matchweek 8,Sun,Away,W,3,0,Real Betis,Villarreal,1.7,1.4,46.0,,Nuria Ligero,4-4-1-1,Marta Huerta de Aza,21.0,8.0,38.1,0.14,0.38,17.7,0.0,0,0,1.7,1.7,0.08,1.3,1.3,3.0,3.0,100.0,1,0.2,0.2,0,0,0,0,10.0,29.0,34.5,28.0,5.0,75.0,48.6,10.0,80.0,47.1,7.0,1.0,14.3,1.0,9.0,204.0,340.0,60.0,3985.0,2073.0,89.0,113.0,78.8,81.0,123.0,65.9,31.0,85.0,36.5,3,1.5,1.2,17.0,15.0,10.0,5.0,29.0,340.0,284.0,55.0,7.0,0.0,2.0,22.0,30.0,7.0,3.0,2.0,0.0,204.0,1.0,11.0,39.0,31.0,5.0,3.0,0.0,0.0,0.0,5.0,3.0,1.0,1.0,0.0,0.0,0.0,12.0,8.0,8.0,4.0,0.0,11.0,17.0,64.7,6.0,11.0,3.0,8.0,16.0,28,14.0,0.0,46.0,465.0,53.0,161.0,196.0,114.0,24.0,465.0,15.0,9.0,60.0,6.0,40.0,241.0,1267.0,498.0,16.0,13.0,3.0,16.0,9.0,199.0,29.0,0,0,0,9.0,4.0,1.0,22.0,16.0,8.0,0.0,0.0,0,65.0,11.0,16.0,40.7,15.0,3.0,20.0,0.0,0.0,20.5,1.0,0,0,1.4,1.4,0.1,-1.4,-1.4,8.0,5.0,62.5,0,1.9,-1.1,0,0,0,0,10.0,24.0,41.7,32.0,1.0,46.9,40.9,10.0,90.0,54.6,16.0,0.0,0.0,0.0,8.5,249.0,400.0,62.3,5392.0,2746.0,79.0,123.0,64.2,114.0,162.0,70.4,50.0,97.0,51.5,0,1.2,1.0,10.0,32.0,6.0,1.0,46.0,400.0,337.0,60.0,9.0,1.0,1.0,11.0,32.0,5.0,3.0,2.0,0.0,249.0,3.0,8.0,23.0,17.0,1.0,1.0,1.0,3.0,0.0,0.0,0.0,0.0,0.0,0.0,0.0,0.0,15.0,8.0,6.0,8.0,1.0,6.0,15.0,40.0,9.0,15.0,5.0,10.0,8.0,23,14.0,0.0,54.0,506.0,55.0,171.0,224.0,117.0,17.0,506.0,17.0,6.0,35.3,11.0,64.7,149.0,932.0,508.0,14.0,2.0,3.0,13.0,1.0,246.0,46.0,0,0,0,4.0,9.0,3.0,11.0,8.0,8.0,0.0,0.0,0,52.0,16.0,11.0,59.3
2022-11-20,16:00,Liga F,Matchweek 9,Sun,Home,W,3,0,Real Betis,Sevilla,0.7,1.9,49.0,,Nuria Ligero,4-3-1-2,Olatz Rivera Olmedo,12.0,7.0,58.3,0.25,0.43,23.9,0.0,0,0,0.7,0.7,0.06,2.3,2.3,2.0,2.0,100.0,1,0.5,0.5,0,0,0,0,12.0,27.0,44.4,35.0,3.0,62.9,42.7,8.0,62.5,41.8,13.0,1.0,7.7,2.0,18.5,245.0,354.0,69.2,4335.0,2233.0,107.0,137.0,78.1,94.0,122.0,77.0,30.0,68.0,44.1,1,0.3,0.5,6.0,19.0,3.0,2.0,19.0,354.0,304.0,50.0,14.0,0.0,0.0,14.0,24.0,3.0,2.0,1.0,0.0,245.0,0.0,6.0,15.0,11.0,1.0,0.0,2.0,0.0,1.0,4.0,4.0,0.0,0.0,0.0,0.0,0.0,17.0,14.0,8.0,8.0,1.0,8.0,15.0,53.3,7.0,14.0,4.0,10.0,13.0,30,9.0,0.0,49.0,479.0,56.0,177.0,189.0,115.0,10.0,479.0,7.0,3.0,42.9,4.0,57.1,219.0,1200.0,460.0,13.0,7.0,4.0,31.0,23.0,239.0,19.0,6,0,0,13.0,12.0,0.0,14.0,13.0,14.0,0.0,0.0,0,72.0,12.0,21.0,36.4,13.0,2.0,15.4,0.0,0.0,12.3,0.0,0,0,1.9,1.9,0.16,-1.9,-1.9,7.0,4.0,57.1,0,1.8,-1.2,0,0,0,0,5.0,7.0,71.4,14.0,0.0,28.6,31.9,7.0,42.9,37.1,12.0,0.0,0.0,0.0,,245.0,374.0,65.5,4895.0,2335.0,98.0,135.0,72.6,109.0,143.0,76.2,37.0,79.0,46.8,0,1.5,1.0,10.0,23.0,6.0,2.0,30.0,374.0,313.0,59.0,13.0,0.0,1.0,14.0,30.0,5.0,0.0,5.0,0.0,245.0,2.0,12.0,24.0,11.0,7.0,0.0,4.0,2.0,0.0,0.0,0.0,0.0,0.0,0.0,0.0,0.0,27.0,13.0,13.0,8.0,6.0,4.0,7.0,57.1,3.0,7.0,1.0,6.0,5.0,32,14.0,0.0,51.0,485.0,46.0,174.0,198.0,117.0,16.0,485.0,15.0,7.0,46.7,8.0,53.3,274.0,1335.0,528.0,9.0,11.0,2.0,21.0,9.0,240.0,29.0,3,0,0,13.0,10.0,2.0,14.0,5.0,13.0,0.0,0.0,0,74.0,21.0,12.0,63.6
2022-11-27,12:00,Liga F,Matchweek 10,Sun,Away,L,1,3,Real Betis,Alavés,1.3,2.6,60.0,,Nuria Ligero,4-3-3,Alicia Espinosa Ríos,18.0,3.0,16.7,0.06,0.33,19.7,1.0,0,0,1.3,1.3,0.07,-0.3,-0.3,4.0,1.0,25.0,0,2.5,-0.5,0,0,0,0,16.0,43.0,37.2,64.0,1.0,59.4,39.8,5.0,100.0,65.4,5.0,1.0,20.0,4.0,19.5,335.0,484.0,69.2,6740.0,2859.0,123.0,161.0,76.4,154.0,188.0,81.9,49.0,105.0,46.7,1,1.0,0.5,12.0,22.0,9.0,5.0,32.0,484.0,420.0,60.0,17.0,0.0,1.0,26.0,27.0,7.0,5.0,1.0,0.0,335.0,4.0,5.0,28.0,13.0,6.0,1.0,4.0,3.0,1.0,2.0,1.0,1.0,0.0,0.0,0.0,0.0,14.0,12.0,6.0,5.0,3.0,7.0,10.0,70.0,3.0,9.0,3.0,6.0,9.0,23,6.0,1.0,60.0,580.0,49.0,215.0,224.0,145.0,24.0,580.0,12.0,3.0,25.0,9.0,75.0,270.0,1544.0,665.0,14.0,14.0,5.0,17.0,16.0,330.0,31.0,0,0,0,5.0,11.0,4.0,26.0,9.0,12.0,0.0,0.0,0,67.0,18.0,22.0,45.0,12.0,4.0,33.3,0.25,0.75,19.8,0.0,0,0,2.6,2.6,0.21,0.4,0.4,3.0,2.0,66.7,0,0.9,-0.1,0,0,0,0,10.0,29.0,34.5,22.0,2.0,72.7,46.9,17.0,76.5,44.4,23.0,2.0,8.7,0.0,3.5,181.0,318.0,56.9,3573.0,2113.0,84.0,117.0,71.8,60.0,92.0,65.2,33.0,85.0,38.8,3,2.2,1.6,6.0,26.0,1.0,0.0,22.0,318.0,262.0,49.0,9.0,0.0,1.0,8.0,20.0,1.0,1.0,0.0,0.0,181.0,7.0,8.0,15.0,12.0,1.0,1.0,0.0,0.0,1.0,5.0,5.0,0.0,0.0,0.0,0.0,0.0,25.0,17.0,12.0,8.0,5.0,9.0,12.0,75.0,3.0,8.0,3.0,5.0,7.0,32,20.0,0.0,40.0,432.0,68.0,212.0,147.0,76.0,14.0,432.0,10.0,3.0,30.0,7.0,70.0,187.0,812.0,408.0,10.0,2.0,4.0,19.0,7.0,180.0,22.0,2,0,0,11.0,4.0,7.0,8.0,7.0,17.0,0.0,0.0,0,55.0,22.0,18.0,55.0
2022-12-04,18:00,Liga F,Matchweek 11,Sun,Home,L,0,7,Real Betis,Levante,0.1,5.3,46.0,,Nuria Ligero,4-1-4-1,Elena Peláez Arnillas,5.0,0.0,0.0,0.0,,25.2,0.0,0,0,0.1,0.1,0.03,-0.1,-0.1,13.0,6.0,46.2,0,6.0,-1.0,0,0,0,0,9.0,37.0,24.3,59.0,1.0,52.5,38.5,11.0,54.5,31.3,9.0,0.0,0.0,3.0,21.0,256.0,378.0,67.7,4295.0,1859.0,123.0,145.0,84.8,97.0,127.0,76.4,22.0,79.0,27.8,0,0.1,0.4,5.0,19.0,5.0,4.0,21.0,378.0,318.0,59.0,19.0,1.0,0.0,11.0,20.0,1.0,0.0,1.0,0.0,256.0,1.0,8.0,10.0,9.0,1.0,0.0,0.0,0.0,0.0,0.0,0.0,0.0,0.0,0.0,0.0,0.0,22.0,13.0,12.0,10.0,0.0,14.0,24.0,58.3,10.0,7.0,2.0,5.0,9.0,31,16.0,0.0,46.0,491.0,90.0,196.0,225.0,70.0,5.0,491.0,10.0,2.0,20.0,8.0,80.0,240.0,1435.0,560.0,10.0,5.0,0.0,25.0,10.0,250.0,21.0,2,0,0,12.0,10.0,1.0,11.0,9.0,13.0,0.0,0.0,0,56.0,10.0,15.0,40.0,21.0,13.0,61.9,0.33,0.54,14.9,0.0,0,0,5.3,5.3,0.26,1.7,1.7,0.0,0.0,,1,0.0,0.0,0,0,0,0,2.0,3.0,66.7,17.0,6.0,11.8,24.6,9.0,11.1,21.9,11.0,0.0,0.0,0.0,,328.0,449.0,73.1,5834.0,2728.0,140.0,169.0,82.8,139.0,175.0,79.4,38.0,69.0,55.1,6,4.9,2.5,18.0,26.0,16.0,1.0,39.0,449.0,386.0,54.0,13.0,7.0,1.0,10.0,27.0,4.0,1.0,1.0,0.0,328.0,9.0,5.0,38.0,31.0,1.0,2.0,2.0,1.0,1.0,11.0,10.0,0.0,0.0,1.0,0.0,0.0,18.0,8.0,5.0,10.0,3.0,8.0,10.0,80.0,2.0,7.0,0.0,7.0,7.0,25,8.0,0.0,54.0,560.0,53.0,158.0,265.0,142.0,40.0,560.0,24.0,10.0,41.7,14.0,58.3,248.0,1499.0,784.0,16.0,7.0,7.0,26.0,8.0,325.0,38.0,1,0,0,10.0,12.0,9.0,10.0,7.0,8.0,0.0,0.0,0,67.0,15.0,10.0,60.0
2022-12-11,16:00,Liga F,Matchweek 12,Sun,Home,W,1,0,Real Betis,Athletic Club,2.0,0.6,44.0,,Ángela Sosa,4-1-4-1,María Eugenia Gil Soriano,16.0,8.0,50.0,0.06,0.13,18.2,0.0,0,0,2.0,2.0,0.13,-1.0,-1.0,2.0,2.0,100.0,1,0.4,0.4,0,0,0,0,14.0,27.0,51.9,35.0,1.0,68.6,42.3,4.0,75.0,34.5,10.0,3.0,30.0,5.0,17.7,234.0,353.0,66.3,4513.0,2250.0,96.0,126.0,76.2,102.0,138.0,73.9,28.0,67.0,41.8,0,1.1,0.8,9.0,22.0,3.0,0.0,38.0,353.0,292.0,60.0,16.0,0.0,0.0,16.0,34.0,5.0,3.0,1.0,0.0,234.0,1.0,8.0,24.0,17.0,2.0,4.0,1.0,0.0,0.0,0.0,0.0,0.0,0.0,0.0,0.0,0.0,16.0,9.0,5.0,8.0,3.0,4.0,10.0,40.0,6.0,12.0,1.0,11.0,15.0,31,25.0,0.0,44.0,505.0,48.0,147.0,236.0,130.0,18.0,505.0,22.0,15.0,68.2,7.0,31.8,249.0,1525.0,630.0,14.0,9.0,4.0,33.0,18.0,229.0,38.0,2,0,0,10.0,10.0,1.0,16.0,15.0,9.0,0.0,0.0,0,72.0,10.0,13.0,43.5,6.0,2.0,33.3,0.0,0.0,18.3,0.0,0,0,0.6,0.6,0.09,-0.6,-0.6,8.0,7.0,87.5,0,1.4,0.4,0,0,0,0,5.0,16.0,31.3,38.0,5.0,39.5,34.6,8.0,12.5,24.5,10.0,2.0,20.0,2.0,11.8,279.0,441.0,63.3,5285.0,2018.0,111.0,137.0,81.0,115.0,166.0,69.3,46.0,102.0,45.1,0,0.5,0.4,3.0,14.0,3.0,3.0,18.0,441.0,374.0,62.0,11.0,1.0,1.0,13.0,37.0,4.0,3.0,0.0,1.0,279.0,5.0,11.0,11.0,7.0,2.0,0.0,1.0,1.0,0.0,0.0,0.0,0.0,0.0,0.0,0.0,0.0,25.0,14.0,12.0,13.0,0.0,7.0,22.0,31.8,15.0,7.0,2.0,5.0,5.0,30,18.0,0.0,56.0,543.0,70.0,218.0,248.0,83.0,7.0,543.0,10.0,6.0,60.0,4.0,40.0,226.0,1052.0,537.0,7.0,7.0,1.0,25.0,12.0,274.0,18.0,4,0,0,11.0,10.0,5.0,13.0,5.0,14.0,0.0,0.0,0,79.0,13.0,10.0,56.5
2022-12-17,12:30,Liga F,Matchweek 13,Sat,Away,L,1,2,Real Betis,Atlético Madrid,0.5,2.8,34.0,,Ángela Sosa,4-4-2,Elia María Martínez Martínez,6.0,2.0,33.3,0.17,0.5,21.2,0.0,0,0,0.5,0.5,0.08,0.5,0.5,5.0,3.0,60.0,0,2.1,0.1,0,0,0,0,5.0,19.0,26.3,40.0,4.0,37.5,35.1,11.0,36.4,23.7,18.0,1.0,5.6,1.0,16.0,230.0,332.0,69.3,4284.0,2012.0,98.0,123.0,79.7,95.0,121.0,78.5,29.0,66.0,43.9,1,0.5,0.4,6.0,21.0,1.0,1.0,23.0,332.0,283.0,48.0,11.0,0.0,0.0,15.0,18.0,5.0,3.0,0.0,1.0,230.0,1.0,10.0,10.0,6.0,2.0,2.0,0.0,0.0,0.0,2.0,1.0,0.0,1.0,0.0,0.0,0.0,30.0,22.0,13.0,12.0,5.0,11.0,24.0,45.8,13.0,12.0,2.0,10.0,12.0,42,26.0,0.0,34.0,464.0,74.0,188.0,185.0,95.0,8.0,464.0,16.0,8.0,50.0,8.0,50.0,238.0,1403.0,662.0,12.0,9.0,3.0,24.0,17.0,226.0,22.0,3,0,0,5.0,2.0,1.0,15.0,12.0,22.0,0.0,0.0,0,54.0,9.0,10.0,47.4,15.0,5.0,33.3,0.13,0.4,16.0,0.0,0,0,2.8,2.8,0.19,-0.8,-0.8,2.0,1.0,50.0,0,0.9,-0.1,0,0,0,0,0.0,1.0,0.0,27.0,6.0,0.0,20.9,6.0,16.7,30.8,9.0,0.0,0.0,1.0,13.8,527.0,645.0,81.7,9065.0,3183.0,227.0,254.0,89.4,257.0,293.0,87.7,38.0,68.0,55.9,2,2.6,2.7,13.0,33.0,8.0,4.0,44.0,645.0,581.0,55.0,6.0,2.0,2.0,24.0,32.0,9.0,1.0,6.0,0.0,527.0,9.0,13.0,27.0,21.0,2.0,1.0,1.0,1.0,1.0,4.0,3.0,0.0,1.0,0.0,0.0,0.0,25.0,13.0,8.0,13.0,4.0,8.0,16.0,50.0,8.0,8.0,1.0,7.0,8.0,33,8.0,0.0,66.0,752.0,40.0,202.0,404.0,152.0,26.0,752.0,24.0,13.0,54.2,11.0,45.8,431.0,2453.0,1205.0,27.0,8.0,10.0,19.0,19.0,522.0,44.0,0,0,0,2.0,5.0,9.0,24.0,8.0,13.0,0.0,0.0,0,67.0,10.0,9.0,52.6
2023-01-08,12:30,Liga F,Matchweek 14,Sun,Home,D,0,0,Real Betis,Sporting Huelva,1.4,0.4,62.0,,Ángela Sosa,4-4-2,Marta Frías Acedo,17.0,4.0,23.5,0.0,0.0,17.0,0.0,0,0,1.4,1.4,0.09,-1.4,-1.4,1.0,1.0,100.0,1,0.3,0.3,0,0,0,0,7.0,16.0,43.8,64.0,1.0,25.0,28.4,3.0,0.0,17.0,2.0,0.0,0.0,6.0,21.8,395.0,550.0,71.8,6640.0,2697.0,185.0,223.0,83.0,155.0,193.0,80.3,36.0,82.0,43.9,0,0.9,0.9,9.0,24.0,6.0,2.0,37.0,550.0,472.0,76.0,17.0,0.0,0.0,33.0,48.0,7.0,6.0,1.0,0.0,395.0,2.0,29.0,26.0,14.0,6.0,2.0,2.0,2.0,0.0,0.0,0.0,0.0,0.0,0.0,0.0,0.0,14.0,10.0,6.0,6.0,2.0,12.0,15.0,80.0,3.0,7.0,0.0,7.0,5.0,19,5.0,1.0,62.0,668.0,37.0,205.0,288.0,190.0,25.0,668.0,28.0,12.0,42.9,16.0,57.1,383.0,2048.0,1024.0,14.0,12.0,1.0,28.0,9.0,385.0,37.0,1,0,0,6.0,9.0,2.0,33.0,5.0,10.0,0.0,0.0,0,82.0,14.0,29.0,32.6,1.0,1.0,100.0,0.0,0.0,10.1,0.0,0,0,0.4,0.4,0.41,-0.4,-0.4,4.0,4.0,100.0,1,0.5,0.5,0,0,0,0,7.0,24.0,29.2,23.0,2.0,56.5,39.7,15.0,73.3,39.8,20.0,0.0,0.0,1.0,15.0,182.0,341.0,53.4,3409.0,1721.0,79.0,113.0,69.9,74.0,109.0,67.9,25.0,85.0,29.4,0,0.0,0.1,0.0,9.0,1.0,1.0,10.0,341.0,282.0,51.0,8.0,0.0,1.0,3.0,27.0,0.0,0.0,0.0,0.0,182.0,8.0,7.0,1.0,0.0,1.0,0.0,0.0,0.0,0.0,0.0,0.0,0.0,0.0,0.0,0.0,0.0,25.0,17.0,15.0,9.0,1.0,16.0,28.0,57.1,12.0,25.0,3.0,22.0,20.0,45,21.0,0.0,38.0,471.0,65.0,209.0,219.0,44.0,5.0,471.0,15.0,3.0,20.0,12.0,80.0,129.0,693.0,298.0,1.0,0.0,1.0,13.0,2.0,178.0,10.0,2,0,0,9.0,6.0,8.0,3.0,20.0,17.0,0.0,0.0,0,70.0,29.0,14.0,67.4
2023-01-15,16:00,Liga F,Matchweek 15,Sun,Away,L,0,4,Real Betis,Real Madrid,0.6,3.6,37.0,,Ángela Sosa,4-3-3,María Gloria Planes Terol,5.0,2.0,40.0,0.0,0.0,21.5,1.0,0,0,0.6,0.6,0.13,-0.6,-0.6,8.0,4.0,50.0,0,3.3,-0.7,0,0,0,0,5.0,14.0,35.7,35.0,6.0,37.1,35.1,12.0,16.7,23.9,14.0,0.0,0.0,0.0,13.0,184.0,292.0,63.0,3782.0,1722.0,59.0,78.0,75.6,94.0,125.0,75.2,27.0,72.0,37.5,0,0.6,0.2,4.0,15.0,1.0,0.0,19.0,292.0,214.0,77.0,17.0,0.0,0.0,10.0,37.0,6.0,1.0,2.0,0.0,184.0,1.0,12.0,7.0,4.0,0.0,1.0,0.0,0.0,2.0,0.0,0.0,0.0,0.0,0.0,0.0,0.0,22.0,16.0,12.0,8.0,2.0,11.0,21.0,52.4,10.0,9.0,1.0,8.0,13.0,35,13.0,0.0,37.0,406.0,72.0,163.0,154.0,95.0,7.0,406.0,14.0,6.0,42.9,8.0,57.1,195.0,916.0,414.0,6.0,5.0,1.0,31.0,16.0,181.0,19.0,1,0,0,13.0,10.0,1.0,10.0,13.0,16.0,0.0,0.0,0,43.0,8.0,10.0,44.4,15.0,8.0,53.3,0.27,0.5,14.3,1.0,0,0,3.6,3.6,0.27,0.4,0.4,2.0,2.0,100.0,1,0.6,0.6,0,0,0,0,1.0,4.0,25.0,20.0,8.0,15.0,22.8,4.0,25.0,24.8,8.0,1.0,12.5,0.0,8.0,395.0,505.0,78.2,7518.0,2867.0,137.0,163.0,84.0,212.0,241.0,88.0,42.0,72.0,58.3,3,3.0,2.1,11.0,35.0,10.0,1.0,51.0,505.0,441.0,58.0,13.0,5.0,0.0,19.0,32.0,8.0,3.0,2.0,0.0,395.0,6.0,11.0,26.0,18.0,3.0,1.0,2.0,2.0,0.0,7.0,6.0,0.0,0.0,1.0,0.0,0.0,24.0,20.0,12.0,10.0,2.0,8.0,14.0,57.1,6.0,12.0,2.0,10.0,12.0,36,13.0,0.0,63.0,615.0,55.0,195.0,291.0,132.0,32.0,615.0,21.0,10.0,47.6,11.0,52.4,310.0,2024.0,1106.0,29.0,8.0,10.0,20.0,11.0,394.0,51.0,2,0,0,11.0,12.0,6.0,19.0,12.0,20.0,0.0,0.0,0,65.0,10.0,8.0,55.6
2023-01-24,20:00,Liga F,Matchweek 16,Tue,Home,L,1,2,Real Betis,Alhama,0.5,0.5,59.0,,Nuria Ligero,4-4-2,Arantza Gallastegui Pérez,11.0,2.0,18.2,0.09,0.5,18.9,0.0,0,0,0.5,0.5,0.05,0.5,0.5,4.0,2.0,50.0,0,0.7,-1.3,0,0,0,0,8.0,21.0,38.1,50.0,2.0,40.0,34.9,6.0,16.7,15.3,14.0,1.0,7.1,4.0,15.4,290.0,447.0,64.9,5482.0,2416.0,115.0,158.0,72.8,121.0,159.0,76.1,40.0,90.0,44.4,1,0.4,0.8,8.0,15.0,5.0,4.0,22.0,447.0,366.0,80.0,20.0,0.0,1.0,19.0,44.0,7.0,2.0,3.0,1.0,290.0,1.0,16.0,19.0,14.0,3.0,0.0,2.0,0.0,0.0,1.0,0.0,1.0,0.0,0.0,0.0,0.0,14.0,10.0,5.0,9.0,0.0,10.0,18.0,55.6,8.0,9.0,2.0,7.0,15.0,29,20.0,1.0,59.0,588.0,55.0,202.0,265.0,133.0,14.0,588.0,29.0,12.0,41.4,16.0,55.2,268.0,1577.0,630.0,18.0,12.0,3.0,34.0,18.0,280.0,22.0,2,0,0,9.0,12.0,1.0,19.0,15.0,10.0,0.0,0.0,0,72.0,24.0,23.0,51.1,9.0,4.0,44.4,0.22,0.5,20.4,0.0,0,0,0.5,0.5,0.05,1.5,1.5,2.0,1.0,50.0,0,0.4,-0.6,0,0,0,0,6.0,17.0,35.3,15.0,0.0,80.0,48.2,5.0,100.0,43.8,15.0,0.0,0.0,0.0,,133.0,307.0,43.3,2670.0,1516.0,58.0,94.0,61.7,49.0,111.0,44.1,23.0,73.0,31.5,0,0.3,0.4,5.0,11.0,5.0,3.0,18.0,307.0,245.0,53.0,10.0,1.0,4.0,20.0,32.0,4.0,4.0,0.0,0.0,133.0,9.0,9.0,11.0,7.0,2.0,2.0,0.0,0.0,0.0,2.0,2.0,0.0,0.0,0.0,0.0,0.0,35.0,21.0,17.0,16.0,2.0,17.0,29.0,58.6,12.0,18.0,5.0,13.0,19.0,54,22.0,0.0,41.0,446.0,43.0,154.0,209.0,91.0,11.0,446.0,18.0,8.0,44.4,10.0,55.6,169.0,712.0,295.0,7.0,7.0,3.0,16.0,4.0,130.0,18.0,1,0,0,12.0,7.0,9.0,20.0,19.0,21.0,0.0,0.0,0,84.0,23.0,24.0,48.9
2023-01-28,14:00,Liga F,Matchweek 17,Sat,Home,L,1,3,Real Betis,Madrid CFF,1.2,2.6,43.0,,Nuria Ligero,4-3-3,Paola Cebollada López,7.0,1.0,14.3,0.0,0.0,28.0,2.0,1,1,1.2,0.4,0.06,-0.2,-0.4,7.0,4.0,71.4,0,4.7,1.7,1,1,0,0,6.0,30.0,20.0,43.0,3.0,44.2,39.7,13.0,84.6,52.2,12.0,1.0,8.3,0.0,11.0,204.0,329.0,62.0,4090.0,1649.0,77.0,109.0,70.6,93.0,129.0,72.1,31.0,80.0,38.8,0,0.3,0.5,3.0,16.0,3.0,1.0,18.0,329.0,266.0,61.0,10.0,0.0,0.0,7.0,31.0,3.0,2.0,0.0,0.0,204.0,2.0,6.0,14.0,6.0,2.0,1.0,0.0,4.0,1.0,2.0,0.0,0.0,1.0,0.0,1.0,0.0,19.0,10.0,9.0,7.0,3.0,7.0,14.0,50.0,7.0,2.0,0.0,2.0,13.0,32,20.0,0.0,43.0,441.0,54.0,180.0,167.0,101.0,14.0,440.0,6.0,4.0,66.7,2.0,33.3,163.0,663.0,247.0,3.0,7.0,1.0,22.0,21.0,201.0,17.0,3,0,0,8.0,11.0,2.0,7.0,13.0,10.0,1.0,1.0,0,45.0,6.0,2.0,75.0,13.0,6.0,46.2,0.15,0.33,20.0,0.0,1,1,2.6,1.9,0.14,0.4,0.1,2.0,1.0,100.0,0,1.1,0.1,1,1,0,0,3.0,3.0,100.0,7.0,2.0,14.3,16.4,13.0,15.4,18.3,5.0,0.0,0.0,1.0,20.3,312.0,439.0,71.1,5802.0,2415.0,127.0,170.0,74.7,139.0,184.0,75.5,37.0,66.0,56.1,2,1.8,0.9,11.0,24.0,9.0,1.0,36.0,439.0,378.0,58.0,9.0,2.0,5.0,14.0,30.0,4.0,2.0,2.0,0.0,312.0,3.0,5.0,24.0,20.0,1.0,1.0,0.0,2.0,0.0,6.0,5.0,0.0,0.0,0.0,1.0,0.0,23.0,18.0,9.0,10.0,4.0,2.0,6.0,33.3,4.0,4.0,0.0,4.0,2.0,25,12.0,0.0,57.0,542.0,49.0,209.0,231.0,108.0,18.0,541.0,14.0,7.0,50.0,7.0,50.0,300.0,1053.0,493.0,11.0,7.0,3.0,17.0,12.0,307.0,36.0,1,0,0,11.0,8.0,3.0,14.0,2.0,18.0,1.0,1.0,0,55.0,2.0,6.0,25.0
2023-02-05,16:00,Liga F,Matchweek 18,Sun,Away,L,0,7,Real Betis,Barcelona,0.1,4.3,25.0,,Ángela Sosa,4-2-3-1,Xiomara Díaz García,3.0,0.0,0.0,0.0,,25.1,0.0,0,0,0.1,0.1,0.04,-0.1,-0.1,11.0,4.0,36.4,0,6.1,-0.9,0,0,0,0,4.0,22.0,18.2,23.0,2.0,60.9,42.3,11.0,72.7,42.0,17.0,0.0,0.0,1.0,10.0,129.0,240.0,53.8,2737.0,1249.0,39.0,55.0,70.9,66.0,100.0,66.0,21.0,73.0,28.8,0,0.1,0.1,2.0,7.0,1.0,0.0,7.0,240.0,188.0,51.0,11.0,0.0,2.0,5.0,20.0,1.0,0.0,0.0,1.0,129.0,1.0,9.0,3.0,3.0,0.0,0.0,0.0,0.0,0.0,0.0,0.0,0.0,0.0,0.0,0.0,0.0,26.0,14.0,20.0,6.0,0.0,16.0,22.0,72.7,6.0,10.0,4.0,6.0,17.0,43,18.0,1.0,25.0,351.0,65.0,192.0,126.0,37.0,3.0,351.0,6.0,2.0,33.3,4.0,66.7,156.0,677.0,251.0,3.0,3.0,0.0,12.0,7.0,129.0,7.0,2,0,0,13.0,6.0,1.0,5.0,17.0,14.0,0.0,0.0,0,36.0,5.0,10.0,33.3,21.0,11.0,52.4,0.33,0.64,15.2,1.0,0,0,4.3,4.3,0.21,2.7,2.7,0.0,0.0,,1,0.0,0.0,0,0,0,0,1.0,1.0,100.0,18.0,5.0,5.6,22.7,3.0,0.0,24.3,5.0,0.0,0.0,1.0,20.0,629.0,734.0,85.7,11150.0,4260.0,281.0,313.0,89.8,305.0,333.0,91.6,40.0,69.0,58.0,4,3.5,2.9,14.0,76.0,20.0,6.0,73.0,734.0,676.0,52.0,13.0,0.0,2.0,21.0,31.0,4.0,2.0,1.0,0.0,629.0,6.0,7.0,40.0,34.0,2.0,2.0,0.0,2.0,0.0,13.0,11.0,1.0,1.0,0.0,0.0,0.0,11.0,8.0,3.0,7.0,1.0,4.0,6.0,66.7,2.0,9.0,0.0,9.0,15.0,26,10.0,0.0,75.0,848.0,30.0,152.0,455.0,244.0,37.0,848.0,22.0,6.0,27.3,16.0,72.7,408.0,2233.0,1290.0,21.0,17.0,3.0,16.0,10.0,624.0,72.0,1,0,0,6.0,13.0,6.0,21.0,15.0,8.0,0.0,0.0,0,55.0,10.0,5.0,66.7
2023-02-11,14:00,Liga F,Matchweek 19,Sat,Home,L,0,1,Real Betis,Valencia,1.1,1.9,48.0,,Nuria Ligero,4-3-3,Ylenia Sánchez Miguel,14.0,2.0,14.3,0.0,0.0,18.6,2.0,0,0,1.1,1.1,0.08,-1.1,-1.1,2.0,0.0,50.0,0,1.9,0.9,1,0,1,0,3.0,24.0,12.5,36.0,2.0,52.8,37.1,5.0,100.0,54.6,6.0,2.0,33.3,3.0,36.7,222.0,353.0,62.9,4141.0,1848.0,91.0,118.0,77.1,103.0,145.0,71.0,25.0,75.0,33.3,0,0.8,0.7,10.0,20.0,5.0,3.0,35.0,353.0,284.0,68.0,15.0,2.0,0.0,26.0,36.0,10.0,2.0,4.0,0.0,222.0,1.0,7.0,20.0,7.0,7.0,1.0,1.0,4.0,0.0,0.0,0.0,0.0,0.0,0.0,0.0,0.0,21.0,15.0,11.0,5.0,5.0,9.0,14.0,64.3,5.0,5.0,1.0,4.0,5.0,26,9.0,0.0,48.0,446.0,38.0,133.0,182.0,138.0,17.0,446.0,16.0,5.0,31.3,11.0,68.8,206.0,1353.0,586.0,17.0,7.0,8.0,9.0,14.0,217.0,33.0,4,0,0,21.0,12.0,1.0,26.0,5.0,15.0,0.0,1.0,0,48.0,7.0,7.0,50.0,5.0,1.0,20.0,0.2,1.0,25.4,2.0,0,1,1.9,1.1,0.21,-0.9,-0.1,2.0,2.0,100.0,1,0.1,0.1,0,0,0,0,3.0,16.0,18.8,24.0,5.0,25.0,33.7,14.0,71.4,43.1,22.0,1.0,4.5,1.0,8.6,244.0,383.0,63.7,3993.0,1934.0,122.0,159.0,76.7,91.0,133.0,68.4,19.0,59.0,32.2,1,0.9,0.8,1.0,17.0,0.0,0.0,17.0,383.0,321.0,57.0,17.0,1.0,0.0,9.0,24.0,1.0,1.0,0.0,0.0,244.0,5.0,6.0,9.0,2.0,1.0,0.0,1.0,4.0,1.0,2.0,2.0,0.0,0.0,0.0,0.0,0.0,24.0,17.0,16.0,5.0,3.0,11.0,15.0,73.3,4.0,12.0,5.0,7.0,3.0,27,20.0,0.0,52.0,476.0,63.0,199.0,221.0,62.0,7.0,475.0,14.0,5.0,35.7,9.0,64.3,154.0,922.0,400.0,9.0,5.0,3.0,13.0,12.0,242.0,17.0,1,0,0,12.0,19.0,5.0,9.0,3.0,17.0,1.0,0.0,0,49.0,8.0,7.0,53.3
2023-03-05,18:00,Liga F,Matchweek 20,Sun,Away,D,2,2,Real Betis,Levante Planas,1.7,0.5,38.0,,Nuria Ligero,4-3-3,Arantza Gallastegui Pérez,12.0,4.0,33.3,0.17,0.5,14.5,0.0,0,0,1.7,1.7,0.15,0.3,0.3,5.0,3.0,60.0,0,1.0,-1.0,0,0,0,0,6.0,26.0,23.1,28.0,1.0,78.6,48.6,4.0,100.0,49.5,11.0,2.0,18.2,2.0,16.0,152.0,279.0,54.5,2664.0,1355.0,62.0,89.0,69.7,57.0,95.0,60.0,18.0,67.0,26.9,2,1.6,0.8,9.0,8.0,3.0,2.0,9.0,279.0,219.0,60.0,17.0,1.0,2.0,11.0,33.0,3.0,2.0,1.0,0.0,152.0,0.0,5.0,17.0,4.0,3.0,6.0,2.0,1.0,1.0,4.0,2.0,0.0,2.0,0.0,0.0,0.0,37.0,21.0,19.0,17.0,1.0,17.0,34.0,50.0,17.0,4.0,0.0,4.0,15.0,52,10.0,0.0,38.0,410.0,39.0,154.0,170.0,90.0,16.0,410.0,16.0,12.0,75.0,4.0,25.0,170.0,956.0,320.0,9.0,7.0,5.0,18.0,27.0,151.0,9.0,2,0,0,11.0,10.0,0.0,11.0,15.0,21.0,0.0,0.0,0,57.0,16.0,16.0,50.0,7.0,5.0,71.4,0.29,0.4,23.1,0.0,0,0,0.5,0.5,0.07,1.5,1.5,4.0,2.0,50.0,0,2.2,0.2,0,0,0,0,4.0,11.0,36.4,22.0,5.0,36.4,34.5,13.0,23.1,28.0,10.0,0.0,0.0,0.0,8.3,308.0,450.0,68.4,6527.0,2380.0,94.0,125.0,75.2,152.0,200.0,76.0,57.0,111.0,51.4,2,0.5,0.3,6.0,25.0,4.0,1.0,34.0,450.0,385.0,60.0,11.0,0.0,2.0,12.0,30.0,3.0,1.0,1.0,0.0,308.0,5.0,4.0,12.0,12.0,0.0,0.0,0.0,0.0,0.0,4.0,4.0,0.0,0.0,0.0,0.0,0.0,32.0,26.0,13.0,17.0,2.0,4.0,16.0,25.0,12.0,6.0,1.0,5.0,12.0,44,8.0,0.0,62.0,551.0,57.0,196.0,276.0,86.0,4.0,551.0,35.0,18.0,51.4,17.0,48.6,213.0,1345.0,666.0,12.0,6.0,2.0,15.0,20.0,304.0,34.0,1,0,0,12.0,11.0,5.0,12.0,12.0,26.0,0.0,0.0,0,43.0,16.0,16.0,50.0
2023-03-11,16:00,Liga F,Matchweek 21,Sat,Home,D,0,0,Real Betis,Real Sociedad,0.7,1.5,35.0,,Nuria Ligero,4-3-3,Elia María Martínez Martínez,9.0,1.0,11.1,0.0,0.0,22.1,0.0,0,0,0.7,0.7,0.08,-0.7,-0.7,4.0,4.0,100.0,1,0.6,0.6,0,0,0,0,5.0,24.0,20.8,23.0,2.0,60.9,43.6,16.0,62.5,42.1,17.0,1.0,5.9,0.0,8.3,183.0,301.0,60.8,3786.0,1761.0,64.0,92.0,69.6,81.0,117.0,69.2,31.0,78.0,39.7,0,0.6,0.3,6.0,11.0,5.0,3.0,12.0,301.0,248.0,53.0,7.0,0.0,0.0,15.0,28.0,1.0,1.0,0.0,0.0,183.0,0.0,5.0,13.0,10.0,1.0,2.0,0.0,0.0,0.0,0.0,0.0,0.0,0.0,0.0,0.0,0.0,23.0,17.0,12.0,8.0,3.0,7.0,14.0,50.0,7.0,13.0,5.0,8.0,3.0,26,26.0,0.0,35.0,408.0,75.0,209.0,126.0,86.0,7.0,408.0,9.0,7.0,77.8,2.0,22.2,152.0,943.0,445.0,12.0,13.0,2.0,17.0,10.0,182.0,12.0,1,0,0,6.0,3.0,0.0,15.0,3.0,17.0,0.0,0.0,0,55.0,7.0,11.0,38.9,19.0,4.0,21.1,0.0,0.0,16.9,0.0,0,0,1.5,1.5,0.08,-1.5,-1.5,1.0,1.0,100.0,1,0.3,0.3,0,0,0,0,1.0,2.0,50.0,18.0,5.0,11.1,23.8,6.0,0.0,22.7,12.0,0.0,0.0,3.0,18.4,443.0,566.0,78.3,9889.0,3707.0,110.0,140.0,78.6,244.0,283.0,86.2,85.0,120.0,70.8,0,1.3,0.9,15.0,46.0,12.0,4.0,54.0,566.0,515.0,48.0,6.0,0.0,5.0,21.0,29.0,6.0,2.0,4.0,0.0,443.0,3.0,10.0,32.0,24.0,3.0,2.0,3.0,0.0,0.0,0.0,0.0,0.0,0.0,0.0,0.0,0.0,12.0,8.0,3.0,9.0,0.0,2.0,9.0,22.2,7.0,5.0,2.0,3.0,3.0,15,9.0,0.0,65.0,654.0,32.0,188.0,347.0,122.0,27.0,654.0,14.0,7.0,50.0,7.0,50.0,203.0,1170.0,637.0,14.0,11.0,6.0,18.0,16.0,439.0,53.0,2,0,0,4.0,6.0,3.0,21.0,3.0,8.0,0.0,0.0,0,61.0,11.0,7.0,61.1
2023-03-18,18:15,Liga F,Matchweek 22,Sat,Away,L,0,3,Real Betis,Sevilla,0.2,2.4,52.0,,Nuria Ligero,4-3-3,Beatriz Cuesta Arribas,8.0,4.0,50.0,0.0,0.0,29.9,1.0,0,0,0.2,0.2,0.03,-0.2,-0.2,6.0,3.0,66.7,0,2.6,-0.4,1,1,0,0,2.0,6.0,33.3,29.0,4.0,13.8,30.6,9.0,22.2,27.9,15.0,2.0,13.3,1.0,11.0,359.0,459.0,78.2,6379.0,2478.0,141.0,169.0,83.4,166.0,191.0,86.9,35.0,68.0,51.5,0,0.2,0.2,7.0,26.0,2.0,0.0,32.0,459.0,405.0,54.0,12.0,0.0,4.0,11.0,27.0,2.0,0.0,0.0,2.0,359.0,0.0,6.0,14.0,11.0,1.0,0.0,0.0,1.0,1.0,0.0,0.0,0.0,0.0,0.0,0.0,0.0,22.0,14.0,9.0,10.0,3.0,13.0,24.0,54.2,11.0,12.0,5.0,7.0,8.0,30,17.0,0.0,52.0,581.0,71.0,209.0,268.0,108.0,8.0,581.0,22.0,11.0,50.0,11.0,50.0,375.0,1813.0,751.0,16.0,17.0,3.0,19.0,15.0,354.0,31.0,0,0,0,7.0,8.0,0.0,11.0,8.0,14.0,0.0,1.0,0,66.0,2.0,5.0,28.6,17.0,5.0,29.4,0.12,0.4,17.5,0.0,1,1,2.4,1.6,0.1,0.6,0.4,4.0,4.0,100.0,1,0.5,0.5,0,0,0,0,0.0,2.0,0.0,18.0,5.0,0.0,22.6,2.0,100.0,69.0,7.0,1.0,14.3,2.0,14.7,334.0,428.0,78.0,6119.0,2547.0,142.0,161.0,88.2,157.0,185.0,84.9,33.0,65.0,50.8,2,1.0,1.2,12.0,21.0,8.0,3.0,30.0,428.0,385.0,39.0,6.0,0.0,1.0,20.0,23.0,7.0,6.0,0.0,0.0,334.0,4.0,8.0,31.0,21.0,3.0,3.0,2.0,1.0,1.0,5.0,3.0,1.0,0.0,0.0,1.0,0.0,26.0,15.0,12.0,13.0,1.0,11.0,22.0,50.0,11.0,8.0,2.0,6.0,13.0,39,12.0,0.0,48.0,547.0,49.0,217.0,229.0,103.0,30.0,546.0,24.0,11.0,45.8,13.0,54.2,250.0,1330.0,574.0,7.0,7.0,4.0,18.0,9.0,330.0,29.0,1,0,0,8.0,7.0,4.0,20.0,13.0,15.0,1.0,0.0,0,72.0,5.0,2.0,71.4
2023-03-25,16:00,Liga F,Matchweek 23,Sat,Home,D,1,1,Real Betis,Villarreal,1.5,1.2,54.0,,Nuria Ligero,4-3-3,Ainara Andrea Acevedo Dudley,14.0,5.0,35.7,0.07,0.2,22.7,0.0,0,0,1.5,1.5,0.11,-0.5,-0.5,3.0,2.0,66.7,0,1.1,0.1,0,0,0,0,7.0,16.0,43.8,21.0,2.0,52.4,38.9,10.0,50.0,36.1,14.0,0.0,0.0,1.0,18.5,311.0,429.0,72.5,5914.0,2647.0,125.0,147.0,85.0,136.0,164.0,82.9,43.0,83.0,51.8,1,1.2,0.8,8.0,21.0,2.0,1.0,26.0,429.0,370.0,58.0,12.0,2.0,1.0,12.0,28.0,6.0,2.0,4.0,0.0,311.0,1.0,14.0,22.0,14.0,2.0,3.0,2.0,1.0,0.0,2.0,1.0,1.0,0.0,0.0,0.0,0.0,18.0,16.0,7.0,6.0,5.0,6.0,11.0,54.5,5.0,8.0,1.0,7.0,13.0,31,15.0,0.0,54.0,549.0,61.0,217.0,239.0,95.0,12.0,549.0,23.0,13.0,56.5,10.0,43.5,198.0,1285.0,606.0,5.0,9.0,0.0,28.0,18.0,306.0,25.0,0,0,0,8.0,12.0,1.0,12.0,13.0,16.0,0.0,0.0,0,67.0,13.0,14.0,48.1,7.0,3.0,42.9,0.14,0.33,13.4,0.0,0,0,1.2,1.2,0.17,-0.2,-0.2,5.0,4.0,80.0,0,1.8,0.8,0,0,0,0,7.0,14.0,50.0,30.0,4.0,20.0,29.5,9.0,88.9,58.6,11.0,0.0,0.0,2.0,17.6,227.0,360.0,63.1,4692.0,2168.0,76.0,108.0,70.4,111.0,144.0,77.1,33.0,82.0,40.2,1,0.7,0.6,5.0,26.0,4.0,2.0,34.0,360.0,307.0,53.0,9.0,1.0,2.0,18.0,29.0,4.0,3.0,0.0,0.0,227.0,0.0,8.0,13.0,12.0,1.0,0.0,0.0,0.0,0.0,2.0,2.0,0.0,0.0,0.0,0.0,0.0,28.0,15.0,12.0,14.0,2.0,10.0,23.0,43.5,13.0,15.0,1.0,14.0,10.0,38,13.0,0.0,46.0,467.0,44.0,150.0,242.0,84.0,11.0,467.0,11.0,5.0,45.5,5.0,45.5,179.0,1141.0,571.0,13.0,5.0,5.0,15.0,12.0,222.0,33.0,1,0,0,12.0,8.0,0.0,18.0,10.0,15.0,0.0,0.0,0,66.0,14.0,13.0,51.9
2023-04-02,12:00,Liga F,Matchweek 24,Sun,Away,W,1,0,Real Betis,Sporting Huelva,1.3,1.0,56.0,,Nuria Ligero,4-1-4-1,Olatz Rivera Olmedo,9.0,3.0,33.3,0.11,0.33,17.6,0.0,0,0,1.3,1.3,0.14,-0.3,-0.3,3.0,3.0,100.0,1,0.3,0.3,0,0,0,0,4.0,20.0,20.0,29.0,3.0,44.8,36.9,13.0,53.8,35.5,10.0,0.0,0.0,1.0,12.2,280.0,422.0,66.4,5460.0,2866.0,116.0,151.0,76.8,121.0,160.0,75.6,36.0,85.0,42.4,1,1.1,0.4,7.0,21.0,5.0,0.0,23.0,422.0,354.0,66.0,16.0,0.0,0.0,10.0,33.0,3.0,2.0,0.0,0.0,280.0,2.0,15.0,14.0,9.0,1.0,1.0,1.0,1.0,1.0,1.0,0.0,0.0,0.0,1.0,0.0,0.0,18.0,10.0,10.0,6.0,2.0,15.0,17.0,88.2,2.0,13.0,3.0,10.0,18.0,36,21.0,0.0,56.0,560.0,65.0,238.0,206.0,121.0,20.0,560.0,20.0,6.0,30.0,14.0,70.0,233.0,1161.0,578.0,12.0,10.0,8.0,25.0,7.0,276.0,22.0,1,0,0,11.0,12.0,2.0,10.0,18.0,10.0,0.0,0.0,0,63.0,14.0,9.0,60.9,11.0,3.0,27.3,0.0,0.0,17.3,0.0,0,0,1.0,1.0,0.09,-1.0,-1.0,3.0,2.0,66.7,0,1.4,0.4,0,0,0,0,6.0,17.0,35.3,16.0,3.0,56.3,46.6,8.0,100.0,60.8,9.0,1.0,11.1,0.0,9.3,178.0,334.0,53.3,3974.0,2377.0,59.0,99.0,59.6,72.0,109.0,66.1,44.0,101.0,43.6,0,0.6,0.6,9.0,24.0,8.0,2.0,31.0,334.0,264.0,67.0,13.0,0.0,1.0,12.0,41.0,3.0,3.0,0.0,0.0,178.0,3.0,11.0,19.0,11.0,3.0,1.0,1.0,1.0,2.0,0.0,0.0,0.0,0.0,0.0,0.0,0.0,21.0,18.0,15.0,5.0,1.0,14.0,20.0,70.0,6.0,15.0,2.0,13.0,9.0,30,13.0,0.0,44.0,459.0,46.0,139.0,194.0,131.0,15.0,459.0,17.0,2.0,11.8,15.0,88.2,194.0,1001.0,348.0,7.0,5.0,1.0,17.0,3.0,175.0,31.0,1,0,0,13.0,10.0,3.0,12.0,9.0,18.0,0.0,0.0,0,54.0,9.0,14.0,39.1
2023-04-16,18:00,Liga F,Matchweek 25,Sun,Home,L,1,3,Real Betis,Real Madrid,0.6,2.2,31.0,,Nuria Ligero,4-4-2,Paola Cebollada López,6.0,3.0,50.0,0.17,0.33,21.8,0.0,0,0,0.6,0.6,0.09,0.4,0.4,7.0,4.0,71.4,0,3.4,0.4,1,1,0,0,4.0,15.0,26.7,17.0,0.0,47.1,35.8,12.0,58.3,37.3,21.0,0.0,0.0,1.0,10.3,167.0,276.0,60.5,3186.0,1544.0,67.0,87.0,77.0,76.0,109.0,69.7,20.0,62.0,32.3,1,0.5,0.3,3.0,13.0,4.0,0.0,12.0,276.0,220.0,54.0,11.0,2.0,1.0,8.0,23.0,4.0,3.0,0.0,0.0,167.0,2.0,8.0,8.0,5.0,1.0,1.0,0.0,0.0,1.0,2.0,1.0,0.0,1.0,0.0,0.0,0.0,32.0,17.0,19.0,13.0,0.0,20.0,33.0,60.6,13.0,14.0,6.0,8.0,12.0,44,22.0,1.0,31.0,397.0,80.0,213.0,129.0,61.0,7.0,397.0,11.0,6.0,54.5,5.0,45.5,113.0,746.0,332.0,11.0,2.0,2.0,17.0,11.0,166.0,12.0,4,1,1,9.0,9.0,2.0,8.0,12.0,17.0,0.0,1.0,0,47.0,5.0,6.0,45.5,20.0,6.0,30.0,0.1,0.33,18.2,1.0,1,1,2.2,1.4,0.07,0.8,0.6,3.0,2.0,66.7,0,1.1,0.1,0,0,0,0,2.0,3.0,66.7,20.0,3.0,15.0,25.2,3.0,0.0,18.0,8.0,1.0,12.5,2.0,17.0,511.0,610.0,83.8,10466.0,3844.0,169.0,191.0,88.5,266.0,305.0,87.2,74.0,101.0,73.3,1,0.8,1.1,13.0,77.0,15.0,5.0,80.0,610.0,565.0,44.0,10.0,0.0,1.0,27.0,24.0,5.0,4.0,0.0,0.0,511.0,1.0,10.0,39.0,26.0,1.0,7.0,3.0,2.0,0.0,6.0,2.0,0.0,3.0,0.0,1.0,0.0,18.0,8.0,5.0,11.0,2.0,5.0,11.0,45.5,6.0,9.0,1.0,8.0,19.0,37,11.0,0.0,69.0,728.0,36.0,174.0,320.0,243.0,30.0,727.0,35.0,14.0,40.0,20.0,57.1,393.0,2317.0,1170.0,22.0,12.0,5.0,16.0,11.0,504.0,80.0,1,0,0,11.0,9.0,1.0,27.0,19.0,8.0,1.0,0.0,0,58.0,6.0,3.0,66.7
2023-04-22,11:00,Liga F,Matchweek 26,Sat,Away,W,2,0,Real Betis,UDG Tenerife,0.7,0.8,45.0,,Nuria Ligero,4-3-1-2,Elena Peláez Arnillas,7.0,4.0,57.1,0.29,0.5,12.4,0.0,0,0,0.7,0.7,0.11,1.3,1.3,3.0,3.0,100.0,1,1.1,1.1,0,0,0,0,4.0,18.0,22.2,26.0,4.0,53.8,43.3,7.0,57.1,47.7,17.0,1.0,5.9,0.0,9.5,227.0,349.0,65.0,4507.0,2466.0,91.0,124.0,73.4,97.0,132.0,73.5,36.0,83.0,43.4,2,0.7,0.6,7.0,21.0,2.0,2.0,21.0,349.0,294.0,55.0,17.0,0.0,2.0,11.0,27.0,3.0,1.0,2.0,0.0,227.0,0.0,16.0,13.0,6.0,3.0,2.0,1.0,1.0,0.0,4.0,2.0,0.0,1.0,1.0,0.0,0.0,19.0,10.0,15.0,3.0,1.0,4.0,15.0,26.7,11.0,13.0,4.0,9.0,7.0,26,21.0,0.0,45.0,472.0,68.0,216.0,193.0,66.0,14.0,472.0,13.0,7.0,53.8,6.0,46.2,138.0,964.0,422.0,9.0,1.0,5.0,33.0,14.0,225.0,20.0,3,0,0,15.0,10.0,0.0,11.0,7.0,10.0,0.0,0.0,0,74.0,7.0,5.0,58.3,9.0,3.0,33.3,0.0,0.0,17.7,0.0,0,0,0.8,0.8,0.08,-0.8,-0.8,4.0,2.0,50.0,0,1.9,-0.1,0,0,0,0,10.0,17.0,58.8,33.0,4.0,45.5,40.8,5.0,40.0,35.8,11.0,0.0,0.0,3.0,16.4,302.0,428.0,70.6,7707.0,3382.0,41.0,63.0,65.1,172.0,204.0,84.3,87.0,143.0,60.8,0,0.7,1.0,8.0,38.0,8.0,3.0,34.0,428.0,366.0,58.0,15.0,1.0,5.0,20.0,32.0,3.0,2.0,1.0,0.0,302.0,4.0,10.0,16.0,13.0,1.0,2.0,0.0,0.0,0.0,0.0,0.0,0.0,0.0,0.0,0.0,0.0,20.0,15.0,6.0,12.0,2.0,6.0,13.0,46.2,7.0,18.0,2.0,16.0,4.0,24,7.0,0.0,55.0,525.0,51.0,155.0,253.0,128.0,18.0,525.0,15.0,11.0,73.3,4.0,26.7,251.0,1352.0,619.0,13.0,13.0,5.0,25.0,15.0,300.0,34.0,1,0,0,13.0,13.0,4.0,20.0,4.0,15.0,0.0,0.0,0,70.0,5.0,7.0,41.7
2023-04-30,12:00,Liga F,Matchweek 27,Sun,Home,D,1,1,Real Betis,Atlético Madrid,1.5,0.6,43.0,,Nuria Ligero,4-3-2-1,Ylenia Sánchez Miguel,8.0,2.0,25.0,0.0,0.0,17.1,0.0,1,1,1.5,0.7,0.09,-0.5,-0.7,2.0,1.0,50.0,0,0.2,-0.8,0,0,0,0,5.0,20.0,25.0,24.0,0.0,66.7,43.6,5.0,80.0,55.4,7.0,0.0,0.0,0.0,16.0,280.0,397.0,70.5,4524.0,1753.0,137.0,163.0,84.0,119.0,147.0,81.0,19.0,62.0,30.6,0,0.5,0.4,6.0,18.0,3.0,1.0,19.0,397.0,338.0,59.0,15.0,0.0,0.0,16.0,30.0,7.0,4.0,1.0,1.0,280.0,0.0,6.0,12.0,8.0,1.0,0.0,2.0,1.0,0.0,1.0,0.0,0.0,0.0,0.0,1.0,0.0,19.0,14.0,10.0,8.0,1.0,11.0,21.0,52.4,10.0,8.0,1.0,7.0,16.0,35,17.0,0.0,43.0,499.0,47.0,179.0,205.0,123.0,15.0,498.0,16.0,6.0,37.5,10.0,62.5,263.0,1504.0,595.0,5.0,11.0,2.0,20.0,11.0,280.0,19.0,1,0,0,9.0,7.0,0.0,16.0,16.0,14.0,1.0,0.0,0,57.0,5.0,11.0,31.3,8.0,2.0,25.0,0.13,0.5,19.7,0.0,0,0,0.6,0.6,0.08,0.4,0.4,3.0,2.0,100.0,0,1.2,0.2,1,1,0,0,5.0,9.0,55.6,25.0,6.0,24.0,29.2,7.0,42.9,33.0,12.0,0.0,0.0,2.0,27.3,408.0,520.0,78.5,8178.0,2977.0,149.0,180.0,82.8,192.0,220.0,87.3,61.0,93.0,65.6,1,0.4,0.6,5.0,34.0,6.0,2.0,43.0,520.0,468.0,44.0,9.0,0.0,3.0,11.0,26.0,0.0,0.0,0.0,0.0,408.0,8.0,7.0,15.0,8.0,3.0,2.0,0.0,1.0,1.0,2.0,2.0,0.0,0.0,0.0,0.0,0.0,21.0,14.0,11.0,7.0,3.0,10.0,16.0,62.5,6.0,6.0,3.0,3.0,12.0,33,12.0,0.0,57.0,626.0,51.0,215.0,291.0,128.0,18.0,626.0,21.0,10.0,47.6,11.0,52.4,290.0,1407.0,788.0,10.0,11.0,5.0,15.0,8.0,401.0,41.0,3,0,0,8.0,9.0,8.0,11.0,12.0,14.0,0.0,1.0,0,60.0,11.0,5.0,68.8
2023-05-07,12:00,Liga F,Matchweek 28,Sun,Away,L,0,2,Real Betis,Athletic Club,1.0,0.6,58.0,,Nuria Ligero,4-2-3-1,Alicia Espinosa Ríos,9.0,2.0,22.2,0.0,0.0,18.7,0.0,0,0,1.0,1.0,0.11,-1.0,-1.0,4.0,2.0,50.0,0,1.1,-0.9,0,0,0,0,7.0,13.0,53.8,35.0,4.0,25.7,30.1,7.0,57.1,40.3,7.0,0.0,0.0,0.0,12.8,438.0,547.0,80.1,7439.0,3122.0,175.0,197.0,88.8,167.0,193.0,86.5,48.0,87.0,55.2,0,0.9,0.8,7.0,28.0,5.0,2.0,34.0,547.0,489.0,58.0,12.0,0.0,0.0,16.0,34.0,2.0,0.0,0.0,2.0,438.0,0.0,8.0,15.0,12.0,2.0,1.0,0.0,0.0,0.0,0.0,0.0,0.0,0.0,0.0,0.0,0.0,5.0,3.0,1.0,4.0,0.0,2.0,9.0,22.2,7.0,6.0,1.0,5.0,4.0,9,5.0,1.0,58.0,623.0,51.0,227.0,269.0,131.0,14.0,623.0,15.0,9.0,60.0,6.0,40.0,436.0,1597.0,754.0,20.0,10.0,5.0,32.0,15.0,436.0,33.0,1,0,0,6.0,8.0,0.0,16.0,4.0,3.0,0.0,0.0,0,53.0,8.0,7.0,53.3,8.0,4.0,50.0,0.25,0.5,19.1,0.0,0,0,0.6,0.6,0.07,1.4,1.4,2.0,2.0,100.0,1,0.1,0.1,0,0,0,0,2.0,10.0,20.0,16.0,7.0,18.8,27.7,12.0,66.7,36.9,11.0,0.0,0.0,0.0,13.5,284.0,403.0,70.5,5491.0,2334.0,103.0,130.0,79.2,148.0,182.0,81.3,31.0,77.0,40.3,1,0.4,0.2,5.0,21.0,1.0,1.0,22.0,403.0,355.0,45.0,6.0,0.0,3.0,7.0,25.0,1.0,0.0,1.0,0.0,284.0,3.0,5.0,12.0,8.0,2.0,1.0,1.0,0.0,0.0,2.0,2.0,0.0,0.0,0.0,0.0,0.0,21.0,16.0,11.0,9.0,1.0,6.0,15.0,40.0,9.0,9.0,1.0,8.0,11.0,32,11.0,0.0,42.0,489.0,47.0,180.0,251.0,61.0,11.0,489.0,9.0,7.0,77.8,2.0,22.2,218.0,1099.0,594.0,7.0,3.0,1.0,15.0,4.0,282.0,22.0,0,0,0,9.0,6.0,3.0,7.0,11.0,16.0,0.0,0.0,0,52.0,7.0,8.0,46.7
2023-05-13,12:00,Liga F,Matchweek 29,Sat,Home,D,1,1,Real Betis,Alavés,2.1,1.5,49.0,,Nuria Ligero,4-2-3-1,Zulema González González,12.0,4.0,33.3,0.0,0.0,21.1,0.0,1,1,2.1,1.3,0.11,-1.1,-1.3,3.0,2.0,66.7,0,1.4,0.4,0,0,0,0,6.0,20.0,30.0,19.0,1.0,68.4,53.1,9.0,77.8,44.7,8.0,0.0,0.0,0.0,14.0,229.0,369.0,62.1,4878.0,2137.0,81.0,107.0,75.7,100.0,139.0,71.9,45.0,107.0,42.1,0,1.1,1.0,9.0,20.0,5.0,3.0,30.0,369.0,318.0,51.0,8.0,0.0,5.0,13.0,30.0,2.0,1.0,0.0,1.0,229.0,0.0,15.0,21.0,12.0,5.0,0.0,1.0,2.0,1.0,2.0,0.0,1.0,0.0,0.0,1.0,0.0,16.0,10.0,9.0,6.0,1.0,1.0,12.0,8.3,11.0,14.0,6.0,8.0,21.0,37,26.0,0.0,49.0,487.0,55.0,191.0,188.0,112.0,19.0,486.0,13.0,6.0,46.2,7.0,53.8,207.0,1306.0,649.0,18.0,7.0,7.0,13.0,20.0,226.0,29.0,1,0,0,12.0,9.0,0.0,13.0,21.0,10.0,1.0,0.0,0,68.0,14.0,16.0,46.7,13.0,3.0,23.1,0.08,0.33,21.3,1.0,0,0,1.5,1.5,0.12,-0.5,-0.5,5.0,4.0,100.0,0,1.2,0.2,1,1,0,0,8.0,23.0,34.8,25.0,5.0,52.0,40.2,11.0,90.9,52.2,9.0,1.0,11.1,1.0,8.0,228.0,389.0,58.6,4755.0,2375.0,76.0,106.0,71.7,103.0,147.0,70.1,40.0,110.0,36.4,1,1.1,0.8,6.0,17.0,2.0,0.0,25.0,389.0,331.0,57.0,11.0,0.0,1.0,14.0,33.0,0.0,0.0,0.0,0.0,228.0,1.0,10.0,18.0,11.0,2.0,2.0,1.0,1.0,1.0,2.0,1.0,1.0,0.0,0.0,0.0,0.0,27.0,17.0,10.0,11.0,6.0,7.0,13.0,53.8,6.0,14.0,1.0,13.0,12.0,39,10.0,0.0,51.0,477.0,50.0,167.0,209.0,109.0,14.0,477.0,12.0,11.0,91.7,1.0,8.3,216.0,1297.0,671.0,12.0,7.0,4.0,9.0,15.0,225.0,24.0,1,0,0,9.0,10.0,1.0,14.0,12.0,17.0,0.0,1.0,0,52.0,16.0,14.0,53.3
2023-05-21,16:00,Liga F,Matchweek 30,Sun,Away,L,0,4,Real Betis,Levante,0.5,2.5,33.0,,Nuria Ligero,4-2-3-1,Elisabeth Calvo Valentín,7.0,3.0,42.9,0.0,0.0,17.8,0.0,0,0,0.5,0.5,0.08,-0.5,-0.5,7.0,2.0,42.9,0,3.5,-0.5,1,0,1,0,6.0,18.0,33.3,23.0,1.0,56.5,45.0,12.0,41.7,35.7,7.0,0.0,0.0,0.0,6.0,209.0,325.0,64.3,3927.0,1996.0,75.0,96.0,78.1,92.0,121.0,76.0,29.0,69.0,42.0,0,0.3,0.4,5.0,13.0,3.0,1.0,17.0,325.0,270.0,55.0,10.0,1.0,1.0,14.0,26.0,2.0,2.0,0.0,0.0,209.0,0.0,15.0,12.0,6.0,3.0,0.0,2.0,1.0,0.0,0.0,0.0,0.0,0.0,0.0,0.0,0.0,24.0,16.0,11.0,11.0,2.0,4.0,11.0,36.4,7.0,13.0,1.0,12.0,17.0,41,12.0,0.0,33.0,436.0,62.0,190.0,159.0,93.0,11.0,436.0,11.0,4.0,36.4,7.0,63.6,138.0,1017.0,429.0,10.0,7.0,3.0,15.0,17.0,204.0,16.0,0,0,0,9.0,8.0,0.0,14.0,17.0,16.0,0.0,1.0,0,68.0,3.0,5.0,37.5,13.0,6.0,46.2,0.31,0.67,18.5,0.0,0,1,2.5,1.7,0.14,1.5,2.3,3.0,3.0,100.0,1,0.6,0.6,0,0,0,0,2.0,3.0,66.7,21.0,4.0,9.5,22.2,6.0,16.7,26.7,13.0,1.0,7.7,0.0,10.0,541.0,650.0,83.2,10135.0,3618.0,208.0,240.0,86.7,283.0,320.0,88.4,48.0,75.0,64.0,3,1.0,0.3,10.0,48.0,8.0,2.0,57.0,650.0,600.0,50.0,8.0,0.0,2.0,12.0,32.0,3.0,2.0,0.0,0.0,541.0,0.0,13.0,23.0,16.0,4.0,1.0,1.0,1.0,0.0,7.0,4.0,2.0,0.0,1.0,0.0,0.0,24.0,14.0,10.0,10.0,4.0,7.0,11.0,63.6,4.0,17.0,3.0,14.0,15.0,39,10.0,0.0,67.0,759.0,53.0,238.0,352.0,173.0,16.0,758.0,11.0,7.0,63.6,4.0,36.4,557.0,2139.0,1199.0,14.0,9.0,3.0,17.0,20.0,536.0,57.0,0,0,0,10.0,8.0,0.0,12.0,15.0,14.0,0.0,0.0,0,73.0,5.0,3.0,62.5
2022-09-17,16:00,Liga F,Matchweek 2,Sat,Away,L,0,2,Villarreal,Real Sociedad,0.3,0.7,38.0,,Lara Mata,4-3-3,Alicia Espinosa Ríos,4.0,2.0,50.0,0.0,0.0,15.7,0.0,0,0,0.3,0.3,0.06,-0.3,-0.3,3.0,2.0,33.3,0,0.2,-0.8,0,0,0,0,3.0,6.0,50.0,21.0,1.0,14.3,26.2,7.0,42.9,32.6,9.0,0.0,0.0,8.0,28.5,221.0,342.0,64.6,3832.0,1798.0,106.0,128.0,82.8,80.0,117.0,68.4,27.0,66.0,40.9,0,0.1,0.3,2.0,21.0,6.0,4.0,27.0,342.0,292.0,43.0,10.0,0.0,4.0,17.0,22.0,1.0,1.0,0.0,0.0,221.0,7.0,7.0,5.0,4.0,0.0,0.0,1.0,0.0,0.0,0.0,0.0,0.0,0.0,0.0,0.0,0.0,20.0,12.0,12.0,5.0,3.0,11.0,19.0,57.9,8.0,15.0,4.0,11.0,12.0,32,15.0,0.0,38.0,440.0,47.0,144.0,195.0,103.0,11.0,440.0,13.0,2.0,15.4,11.0,84.6,179.0,913.0,486.0,14.0,7.0,2.0,15.0,4.0,218.0,27.0,1,0,0,7.0,8.0,7.0,17.0,12.0,12.0,0.0,0.0,1,70.0,2.0,9.0,18.2,12.0,3.0,25.0,0.08,0.33,20.7,0.0,0,0,0.7,0.7,0.06,0.3,0.3,2.0,2.0,100.0,1,0.1,0.1,0,0,0,0,1.0,6.0,16.7,43.0,7.0,14.0,26.4,6.0,0.0,14.2,16.0,0.0,0.0,0.0,10.0,446.0,568.0,78.5,7937.0,2917.0,199.0,224.0,88.8,191.0,227.0,84.1,47.0,88.0,53.4,1,0.7,1.1,12.0,27.0,5.0,2.0,34.0,568.0,509.0,57.0,13.0,0.0,4.0,10.0,33.0,4.0,3.0,0.0,0.0,446.0,2.0,11.0,23.0,20.0,2.0,1.0,0.0,0.0,0.0,2.0,2.0,0.0,0.0,0.0,0.0,0.0,15.0,12.0,3.0,9.0,3.0,11.0,13.0,84.6,2.0,5.0,0.0,5.0,11.0,26,8.0,0.0,62.0,658.0,94.0,294.0,237.0,130.0,19.0,658.0,19.0,8.0,42.1,11.0,57.9,391.0,1743.0,793.0,19.0,6.0,4.0,17.0,9.0,440.0,34.0,1,0,0,8.0,5.0,2.0,10.0,11.0,12.0,0.0,0.0,0,68.0,9.0,2.0,81.8
2022-09-25,17:00,Liga F,Matchweek 3,Sun,Home,L,1,4,Villarreal,Barcelona,0.5,2.9,33.0,,Lara Mata,4-2-3-1,Elia María Martínez Martínez,4.0,1.0,25.0,0.25,1.0,12.6,0.0,0,0,0.5,0.5,0.12,0.5,0.5,9.0,6.0,55.6,0,2.0,-1.0,0,0,0,0,2.0,10.0,20.0,29.0,3.0,27.6,32.2,8.0,25.0,27.1,25.0,0.0,0.0,0.0,7.7,161.0,262.0,61.5,3050.0,1448.0,69.0,89.0,77.5,67.0,99.0,67.7,24.0,64.0,37.5,1,0.5,0.8,3.0,11.0,1.0,1.0,11.0,262.0,208.0,51.0,19.0,0.0,2.0,10.0,17.0,2.0,0.0,2.0,0.0,161.0,3.0,3.0,5.0,4.0,1.0,0.0,0.0,0.0,0.0,1.0,1.0,0.0,0.0,0.0,0.0,0.0,25.0,13.0,13.0,7.0,5.0,8.0,13.0,61.5,5.0,14.0,3.0,11.0,13.0,38,23.0,0.0,33.0,374.0,78.0,181.0,133.0,65.0,7.0,374.0,4.0,4.0,100.0,0.0,0.0,181.0,778.0,359.0,2.0,4.0,1.0,15.0,13.0,159.0,11.0,1,0,0,13.0,10.0,3.0,10.0,13.0,13.0,0.0,0.0,1,37.0,3.0,3.0,50.0,15.0,9.0,60.0,0.2,0.33,13.9,2.0,0,0,2.9,2.9,0.19,0.1,0.1,1.0,0.0,0.0,0,0.8,-0.2,0,0,0,0,1.0,2.0,50.0,34.0,8.0,5.9,23.1,7.0,0.0,20.9,9.0,1.0,11.1,0.0,14.3,423.0,529.0,80.0,7791.0,3222.0,157.0,192.0,81.8,218.0,244.0,89.3,44.0,68.0,64.7,2,2.7,2.4,12.0,34.0,13.0,4.0,54.0,529.0,462.0,60.0,14.0,1.0,1.0,30.0,25.0,12.0,9.0,1.0,0.0,423.0,7.0,12.0,28.0,19.0,4.0,1.0,1.0,3.0,0.0,5.0,3.0,0.0,1.0,0.0,1.0,0.0,13.0,5.0,3.0,8.0,2.0,0.0,4.0,0.0,4.0,2.0,0.0,2.0,8.0,21,8.0,1.0,67.0,614.0,59.0,222.0,233.0,163.0,35.0,614.0,13.0,5.0,38.5,8.0,61.5,340.0,1687.0,958.0,18.0,4.0,4.0,16.0,17.0,421.0,53.0,1,0,0,12.0,12.0,7.0,30.0,8.0,5.0,0.0,0.0,0,48.0,3.0,3.0,50.0
2022-10-01,12:00,Liga F,Matchweek 4,Sat,Away,W,4,0,Villarreal,Alavés,2.4,1.7,46.0,,Lara Mata,4-4-2,Ainara Andrea Acevedo Dudley,15.0,9.0,60.0,0.27,0.44,14.1,0.0,0,0,2.4,2.4,0.16,1.6,1.6,3.0,3.0,100.0,1,0.5,0.5,0,0,0,0,6.0,14.0,42.9,23.0,3.0,43.5,36.7,10.0,40.0,28.2,14.0,0.0,0.0,1.0,17.3,264.0,378.0,69.8,4401.0,2083.0,129.0,154.0,83.8,88.0,111.0,79.3,28.0,74.0,37.8,4,2.1,1.3,12.0,26.0,9.0,4.0,33.0,378.0,330.0,44.0,10.0,1.0,3.0,15.0,22.0,1.0,0.0,1.0,0.0,264.0,4.0,8.0,24.0,17.0,1.0,2.0,1.0,2.0,1.0,7.0,6.0,0.0,1.0,0.0,0.0,0.0,22.0,10.0,12.0,6.0,4.0,11.0,12.0,91.7,1.0,19.0,2.0,17.0,12.0,34,31.0,0.0,46.0,517.0,63.0,164.0,223.0,134.0,20.0,517.0,15.0,5.0,33.3,10.0,66.7,272.0,1206.0,481.0,12.0,6.0,4.0,21.0,6.0,259.0,33.0,3,0,0,18.0,9.0,4.0,15.0,12.0,10.0,0.0,0.0,0,73.0,13.0,12.0,52.0,12.0,3.0,25.0,0.0,0.0,17.2,1.0,0,0,1.7,1.7,0.14,-1.7,-1.7,9.0,5.0,55.6,0,2.9,-1.1,0,0,0,0,1.0,5.0,20.0,28.0,6.0,14.3,28.9,8.0,12.5,28.4,10.0,1.0,10.0,0.0,8.0,313.0,442.0,70.8,6433.0,2645.0,100.0,126.0,79.4,158.0,195.0,81.0,47.0,88.0,53.4,0,1.5,1.5,8.0,20.0,8.0,4.0,24.0,442.0,375.0,66.0,21.0,0.0,2.0,14.0,29.0,3.0,1.0,1.0,1.0,313.0,1.0,17.0,15.0,9.0,1.0,0.0,3.0,1.0,1.0,0.0,0.0,0.0,0.0,0.0,0.0,0.0,16.0,6.0,7.0,7.0,2.0,10.0,15.0,66.7,5.0,9.0,2.0,7.0,7.0,23,8.0,0.0,54.0,534.0,54.0,217.0,218.0,105.0,30.0,534.0,12.0,1.0,8.3,11.0,91.7,263.0,1437.0,741.0,14.0,6.0,4.0,17.0,11.0,309.0,24.0,2,0,0,11.0,17.0,1.0,14.0,7.0,6.0,0.0,0.0,0,64.0,12.0,13.0,48.0
2022-10-16,12:00,Liga F,Matchweek 5,Sun,Home,L,0,5,Villarreal,Sevilla,0.4,2.2,50.0,,Lara Mata,4-4-2,Olatz Rivera Olmedo,5.0,1.0,20.0,0.0,0.0,17.9,0.0,0,0,0.4,0.4,0.07,-0.4,-0.4,8.0,3.0,37.5,0,3.2,-1.8,0,0,0,0,1.0,4.0,25.0,30.0,5.0,10.0,23.8,5.0,20.0,14.6,13.0,0.0,0.0,2.0,15.0,350.0,461.0,75.9,6423.0,2529.0,130.0,154.0,84.4,189.0,225.0,84.0,27.0,59.0,45.8,0,0.2,0.2,3.0,20.0,2.0,1.0,30.0,461.0,417.0,44.0,8.0,0.0,2.0,17.0,22.0,3.0,2.0,0.0,0.0,350.0,0.0,11.0,8.0,7.0,0.0,1.0,0.0,0.0,0.0,0.0,0.0,0.0,0.0,0.0,0.0,0.0,28.0,12.0,8.0,12.0,8.0,8.0,19.0,42.1,11.0,5.0,1.0,4.0,16.0,44,8.0,2.0,50.0,562.0,51.0,175.0,264.0,127.0,8.0,562.0,11.0,4.0,36.4,7.0,63.6,274.0,1537.0,861.0,16.0,6.0,2.0,17.0,4.0,341.0,28.0,2,0,0,15.0,5.0,0.0,17.0,16.0,12.0,0.0,0.0,0,65.0,4.0,7.0,36.4,10.0,8.0,80.0,0.5,0.63,15.3,1.0,0,0,2.2,2.2,0.22,2.8,2.8,1.0,1.0,100.0,1,0.1,0.1,0,0,0,0,1.0,7.0,14.3,31.0,9.0,12.9,28.0,8.0,37.5,27.0,15.0,2.0,13.3,1.0,10.3,361.0,461.0,78.3,6841.0,2859.0,132.0,157.0,84.1,179.0,213.0,84.0,43.0,72.0,59.7,3,1.1,1.2,6.0,28.0,7.0,3.0,34.0,461.0,415.0,43.0,14.0,3.0,5.0,15.0,19.0,1.0,1.0,0.0,0.0,361.0,3.0,5.0,12.0,8.0,1.0,2.0,0.0,1.0,0.0,7.0,5.0,0.0,2.0,0.0,0.0,0.0,11.0,7.0,5.0,5.0,1.0,7.0,11.0,63.6,4.0,12.0,2.0,10.0,15.0,26,9.0,1.0,50.0,551.0,55.0,242.0,213.0,102.0,17.0,551.0,19.0,11.0,57.9,8.0,42.1,378.0,1732.0,714.0,13.0,6.0,5.0,24.0,20.0,356.0,34.0,0,0,0,5.0,15.0,3.0,15.0,15.0,7.0,0.0,0.0,0,70.0,7.0,4.0,63.6
2022-10-23,11:00,Liga F,Matchweek 6,Sun,Away,L,0,2,Villarreal,UDG Tenerife,0.6,1.3,36.0,,Lara Mata,4-4-2,Beatriz Cuesta Arribas,8.0,2.0,25.0,0.0,0.0,12.8,0.0,0,0,0.6,0.6,0.08,-0.6,-0.6,8.0,6.0,75.0,0,0.9,0.1,0,0,0,0,4.0,21.0,19.0,14.0,0.0,85.7,54.4,10.0,90.0,56.4,14.0,0.0,0.0,1.0,26.0,120.0,265.0,45.3,2460.0,1333.0,45.0,73.0,61.6,41.0,81.0,50.6,26.0,84.0,31.0,0,0.5,0.7,6.0,12.0,7.0,2.0,12.0,265.0,201.0,59.0,8.0,0.0,0.0,16.0,31.0,7.0,3.0,3.0,0.0,120.0,5.0,6.0,13.0,6.0,4.0,0.0,2.0,0.0,1.0,0.0,0.0,0.0,0.0,0.0,0.0,0.0,18.0,12.0,6.0,11.0,1.0,2.0,10.0,20.0,8.0,11.0,1.0,10.0,23.0,41,9.0,0.0,36.0,363.0,35.0,117.0,157.0,91.0,17.0,363.0,2.0,2.0,100.0,0.0,0.0,132.0,523.0,221.0,4.0,2.0,1.0,17.0,10.0,117.0,12.0,3,0,0,16.0,6.0,5.0,16.0,23.0,12.0,0.0,0.0,0,39.0,7.0,15.0,31.8,16.0,8.0,50.0,0.13,0.25,17.8,1.0,0,0,1.3,1.3,0.08,0.7,0.7,2.0,2.0,100.0,1,0.4,0.4,0,0,0,0,7.0,19.0,36.8,44.0,9.0,34.1,34.6,4.0,100.0,61.8,12.0,1.0,8.3,3.0,18.6,324.0,462.0,70.1,7100.0,2471.0,84.0,109.0,77.1,181.0,223.0,81.2,58.0,111.0,52.3,1,0.7,0.6,11.0,19.0,6.0,4.0,24.0,462.0,389.0,71.0,20.0,1.0,7.0,14.0,40.0,6.0,0.0,0.0,4.0,324.0,2.0,10.0,28.0,21.0,3.0,1.0,1.0,2.0,0.0,4.0,2.0,0.0,1.0,0.0,1.0,0.0,10.0,9.0,4.0,4.0,2.0,0.0,2.0,0.0,2.0,7.0,4.0,3.0,14.0,24,22.0,0.0,64.0,573.0,70.0,271.0,210.0,98.0,17.0,573.0,10.0,8.0,80.0,2.0,20.0,252.0,1302.0,557.0,9.0,2.0,7.0,24.0,16.0,321.0,24.0,1,0,0,6.0,16.0,2.0,14.0,14.0,9.0,0.0,0.0,0,42.0,15.0,7.0,68.2
2022-10-30,16:00,Liga F,Matchweek 7,Sun,Home,D,1,1,Villarreal,Valencia,0.8,1.0,47.0,,Lara Mata,4-4-2,María Gloria Planes Terol,13.0,4.0,30.8,0.08,0.25,23.3,1.0,0,0,0.8,0.8,0.06,0.2,0.2,4.0,3.0,75.0,0,1.4,0.4,0,0,0,0,2.0,13.0,15.4,20.0,3.0,40.0,34.6,7.0,71.4,41.7,11.0,0.0,0.0,2.0,16.0,200.0,349.0,57.3,3733.0,1893.0,77.0,116.0,66.4,94.0,129.0,72.9,22.0,82.0,26.8,1,0.6,0.5,8.0,27.0,5.0,1.0,32.0,349.0,296.0,50.0,6.0,1.0,1.0,19.0,28.0,7.0,2.0,3.0,0.0,200.0,3.0,9.0,21.0,13.0,3.0,0.0,1.0,2.0,2.0,2.0,1.0,0.0,0.0,0.0,0.0,1.0,41.0,23.0,13.0,22.0,6.0,11.0,27.0,40.7,16.0,15.0,2.0,13.0,15.0,56,12.0,0.0,47.0,466.0,42.0,158.0,194.0,117.0,13.0,466.0,5.0,3.0,60.0,2.0,40.0,130.0,830.0,404.0,11.0,4.0,4.0,8.0,16.0,198.0,31.0,3,0,0,16.0,7.0,3.0,19.0,15.0,23.0,0.0,0.0,0,63.0,7.0,12.0,36.8,9.0,4.0,44.4,0.11,0.25,13.8,0.0,0,0,1.0,1.0,0.11,0.0,0.0,4.0,3.0,75.0,0,0.9,-0.1,0,0,0,0,4.0,7.0,57.1,23.0,4.0,17.4,29.3,11.0,27.3,25.5,17.0,0.0,0.0,5.0,27.2,258.0,389.0,66.3,4843.0,2349.0,113.0,149.0,75.8,95.0,127.0,74.8,40.0,85.0,47.1,0,0.7,0.8,6.0,13.0,1.0,1.0,25.0,389.0,318.0,71.0,19.0,1.0,3.0,13.0,35.0,4.0,0.0,4.0,0.0,258.0,0.0,14.0,14.0,7.0,2.0,2.0,2.0,0.0,1.0,0.0,0.0,0.0,0.0,0.0,0.0,0.0,18.0,16.0,9.0,7.0,2.0,2.0,5.0,40.0,3.0,13.0,4.0,9.0,8.0,26,12.0,0.0,53.0,516.0,58.0,198.0,196.0,128.0,21.0,516.0,27.0,16.0,59.3,11.0,40.7,183.0,1033.0,579.0,20.0,7.0,10.0,34.0,30.0,256.0,24.0,1,0,0,7.0,16.0,0.0,13.0,8.0,16.0,0.0,0.0,0,63.0,12.0,7.0,63.2
2022-11-03,18:45,Liga F,Matchweek 1,Thu,Home,L,0,4,Villarreal,Real Madrid,0.4,1.4,41.0,,Lara Mata,4-4-2,Raquel Suárez González,12.0,3.0,25.0,0.0,0.0,26.0,1.0,0,0,0.4,0.4,0.03,-0.4,-0.4,5.0,1.0,20.0,0,2.3,-1.7,0,0,0,0,4.0,23.0,17.4,29.0,1.0,62.1,44.4,5.0,100.0,50.4,17.0,1.0,5.9,2.0,13.2,162.0,286.0,56.6,3303.0,1609.0,64.0,84.0,76.2,72.0,105.0,68.6,26.0,77.0,33.8,0,0.1,0.3,7.0,21.0,2.0,0.0,24.0,286.0,230.0,44.0,10.0,0.0,0.0,8.0,20.0,4.0,3.0,0.0,0.0,162.0,12.0,5.0,15.0,7.0,4.0,0.0,0.0,3.0,1.0,0.0,0.0,0.0,0.0,0.0,0.0,0.0,27.0,18.0,8.0,12.0,7.0,9.0,17.0,52.9,8.0,9.0,1.0,8.0,20.0,47,17.0,0.0,41.0,397.0,44.0,132.0,176.0,93.0,6.0,397.0,8.0,3.0,37.5,5.0,62.5,112.0,609.0,264.0,5.0,6.0,0.0,15.0,6.0,160.0,24.0,3,0,0,19.0,11.0,12.0,8.0,20.0,18.0,0.0,0.0,0,65.0,8.0,14.0,36.4,11.0,5.0,45.5,0.36,0.8,13.3,0.0,0,0,1.4,1.4,0.13,2.6,2.6,3.0,3.0,100.0,1,0.7,0.7,0,0,0,0,12.0,16.0,75.0,29.0,9.0,48.3,37.4,8.0,25.0,30.1,6.0,0.0,0.0,4.0,18.0,300.0,420.0,71.4,6976.0,3035.0,82.0,112.0,73.2,150.0,203.0,73.9,67.0,94.0,71.3,4,1.4,1.4,11.0,20.0,10.0,6.0,35.0,420.0,346.0,74.0,31.0,2.0,13.0,18.0,29.0,5.0,0.0,1.0,0.0,300.0,0.0,9.0,20.0,11.0,6.0,0.0,0.0,2.0,1.0,6.0,3.0,2.0,0.0,0.0,0.0,1.0,11.0,10.0,7.0,3.0,1.0,5.0,8.0,62.5,3.0,7.0,3.0,4.0,8.0,19,12.0,0.0,59.0,516.0,53.0,210.0,215.0,96.0,22.0,516.0,17.0,8.0,47.1,9.0,52.9,204.0,1297.0,636.0,12.0,7.0,5.0,23.0,18.0,295.0,35.0,1,0,0,12.0,18.0,0.0,18.0,8.0,10.0,0.0,0.0,0,62.0,14.0,8.0,63.6
2022-11-06,12:00,Liga F,Matchweek 8,Sun,Home,L,0,3,Villarreal,Real Betis,1.4,1.7,54.0,,Ainoa Campo,4-4-2,Marta Huerta de Aza,15.0,3.0,20.0,0.0,0.0,20.5,1.0,0,0,1.4,1.4,0.1,-1.4,-1.4,8.0,5.0,62.5,0,1.9,-1.1,0,0,0,0,10.0,24.0,41.7,32.0,1.0,46.9,40.9,10.0,90.0,54.6,16.0,0.0,0.0,0.0,8.5,249.0,400.0,62.3,5392.0,2746.0,79.0,123.0,64.2,114.0,162.0,70.4,50.0,97.0,51.5,0,1.2,1.0,10.0,32.0,6.0,1.0,46.0,400.0,337.0,60.0,9.0,1.0,1.0,11.0,32.0,5.0,3.0,2.0,0.0,249.0,3.0,8.0,23.0,17.0,1.0,1.0,1.0,3.0,0.0,0.0,0.0,0.0,0.0,0.0,0.0,0.0,15.0,8.0,6.0,8.0,1.0,6.0,15.0,40.0,9.0,15.0,5.0,10.0,8.0,23,14.0,0.0,54.0,506.0,55.0,171.0,224.0,117.0,17.0,506.0,17.0,6.0,35.3,11.0,64.7,149.0,932.0,508.0,14.0,2.0,3.0,13.0,1.0,246.0,46.0,0,0,0,4.0,9.0,3.0,11.0,8.0,8.0,0.0,0.0,0,52.0,16.0,11.0,59.3,21.0,8.0,38.1,0.14,0.38,17.7,0.0,0,0,1.7,1.7,0.08,1.3,1.3,3.0,3.0,100.0,1,0.2,0.2,0,0,0,0,10.0,29.0,34.5,28.0,5.0,75.0,48.6,10.0,80.0,47.1,7.0,1.0,14.3,1.0,9.0,204.0,340.0,60.0,3985.0,2073.0,89.0,113.0,78.8,81.0,123.0,65.9,31.0,85.0,36.5,3,1.5,1.2,17.0,15.0,10.0,5.0,29.0,340.0,284.0,55.0,7.0,0.0,2.0,22.0,30.0,7.0,3.0,2.0,0.0,204.0,1.0,11.0,39.0,31.0,5.0,3.0,0.0,0.0,0.0,5.0,3.0,1.0,1.0,0.0,0.0,0.0,12.0,8.0,8.0,4.0,0.0,11.0,17.0,64.7,6.0,11.0,3.0,8.0,16.0,28,14.0,0.0,46.0,465.0,53.0,161.0,196.0,114.0,24.0,465.0,15.0,9.0,60.0,6.0,40.0,241.0,1267.0,498.0,16.0,13.0,3.0,16.0,9.0,199.0,29.0,0,0,0,9.0,4.0,1.0,22.0,16.0,8.0,0.0,0.0,0,65.0,11.0,16.0,40.7
2022-11-19,12:00,Liga F,Matchweek 9,Sat,Away,W,2,1,Villarreal,Madrid CFF,0.8,1.1,37.0,,Lara Mata,4-4-2,Arantza Gallastegui Pérez,5.0,2.0,40.0,0.4,1.0,12.5,0.0,0,0,0.8,0.8,0.16,1.2,1.2,3.0,2.0,66.7,0,0.8,-0.2,0,0,0,0,9.0,25.0,36.0,25.0,2.0,60.0,42.1,11.0,90.9,47.8,20.0,0.0,0.0,7.0,23.6,176.0,327.0,53.8,3573.0,1968.0,70.0,109.0,64.2,71.0,108.0,65.7,31.0,91.0,34.1,1,0.3,0.5,4.0,15.0,4.0,4.0,22.0,327.0,266.0,59.0,7.0,0.0,2.0,14.0,34.0,5.0,2.0,2.0,0.0,176.0,2.0,10.0,5.0,4.0,1.0,0.0,0.0,0.0,0.0,2.0,1.0,1.0,0.0,0.0,0.0,0.0,21.0,15.0,8.0,12.0,1.0,3.0,11.0,27.3,8.0,25.0,6.0,19.0,4.0,25,26.0,0.0,37.0,459.0,53.0,169.0,179.0,113.0,10.0,459.0,10.0,0.0,0.0,10.0,100.0,154.0,555.0,173.0,2.0,2.0,2.0,22.0,3.0,172.0,22.0,3,0,0,10.0,5.0,2.0,14.0,4.0,15.0,0.0,0.0,0,72.0,12.0,10.0,54.5,16.0,3.0,18.8,0.06,0.33,19.0,0.0,0,0,1.1,1.1,0.07,-0.1,-0.1,2.0,0.0,0.0,0,0.9,-1.1,0,0,0,0,0.0,2.0,0.0,9.0,4.0,0.0,20.1,9.0,22.2,20.3,13.0,1.0,7.7,1.0,15.8,387.0,549.0,70.5,7408.0,2821.0,141.0,186.0,75.8,166.0,209.0,79.4,58.0,97.0,59.8,1,1.0,1.1,13.0,29.0,7.0,3.0,29.0,549.0,472.0,75.0,12.0,0.0,10.0,26.0,41.0,10.0,7.0,3.0,0.0,387.0,2.0,20.0,28.0,17.0,5.0,2.0,3.0,1.0,0.0,2.0,2.0,0.0,0.0,0.0,0.0,0.0,13.0,11.0,8.0,5.0,0.0,10.0,10.0,100.0,0.0,12.0,2.0,10.0,6.0,19,15.0,1.0,63.0,652.0,43.0,214.0,303.0,137.0,25.0,652.0,11.0,8.0,72.7,3.0,27.3,234.0,1276.0,571.0,13.0,5.0,4.0,29.0,18.0,386.0,29.0,2,0,0,5.0,10.0,2.0,26.0,6.0,11.0,0.0,0.0,0,74.0,10.0,12.0,45.5
2022-11-26,16:00,Liga F,Matchweek 10,Sat,Home,L,1,6,Villarreal,Athletic Club,1.3,2.4,43.0,,Lara Mata,4-4-2,Patricia Luna Varo,14.0,4.0,28.6,0.07,0.25,20.5,1.0,0,0,1.3,1.3,0.09,-0.3,-0.3,8.0,3.0,25.0,0,3.5,-1.5,0,0,0,0,9.0,25.0,36.0,23.0,2.0,65.2,42.8,10.0,100.0,49.5,18.0,1.0,5.6,4.0,18.9,190.0,325.0,58.5,3349.0,1761.0,97.0,140.0,69.3,63.0,98.0,64.3,24.0,70.0,34.3,0,0.4,0.6,7.0,11.0,3.0,2.0,21.0,325.0,270.0,54.0,9.0,0.0,1.0,17.0,23.0,5.0,4.0,1.0,0.0,190.0,1.0,3.0,23.0,8.0,7.0,2.0,2.0,2.0,2.0,1.0,0.0,1.0,0.0,0.0,0.0,0.0,24.0,14.0,11.0,11.0,2.0,12.0,21.0,57.1,9.0,10.0,2.0,8.0,13.0,37,20.0,1.0,43.0,441.0,41.0,152.0,202.0,91.0,13.0,441.0,10.0,2.0,20.0,8.0,80.0,200.0,938.0,324.0,4.0,6.0,1.0,23.0,4.0,187.0,21.0,2,1,1,12.0,8.0,1.0,17.0,13.0,14.0,0.0,0.0,1,55.0,10.0,6.0,62.5,14.0,8.0,57.1,0.36,0.63,16.7,0.0,0,0,2.4,2.4,0.17,2.6,2.6,4.0,3.0,75.0,0,1.5,0.5,0,0,0,0,1.0,2.0,50.0,31.0,10.0,3.2,24.8,9.0,11.1,23.3,8.0,1.0,12.5,3.0,21.7,305.0,426.0,71.6,6419.0,2480.0,99.0,131.0,75.6,163.0,199.0,81.9,41.0,85.0,48.2,4,1.5,0.3,10.0,27.0,2.0,1.0,20.0,426.0,366.0,58.0,13.0,0.0,1.0,23.0,29.0,5.0,3.0,1.0,0.0,305.0,2.0,9.0,22.0,16.0,2.0,0.0,1.0,3.0,0.0,7.0,7.0,0.0,0.0,0.0,0.0,0.0,12.0,10.0,6.0,6.0,0.0,8.0,10.0,80.0,2.0,7.0,4.0,3.0,11.0,23,19.0,0.0,57.0,556.0,69.0,217.0,216.0,126.0,16.0,556.0,21.0,9.0,42.9,12.0,57.1,253.0,1300.0,679.0,15.0,9.0,5.0,19.0,12.0,300.0,20.0,4,0,0,8.0,12.0,2.0,23.0,11.0,10.0,0.0,0.0,0,60.0,6.0,10.0,37.5
2022-12-04,16:00,Liga F,Matchweek 11,Sun,Away,W,1,0,Villarreal,Alhama,1.1,0.6,48.0,,Lara Mata,4-4-2,Marta Frías Acedo,20.0,6.0,30.0,0.05,0.17,20.6,3.0,0,0,1.1,1.1,0.06,-0.1,-0.1,1.0,1.0,100.0,1,0.2,0.2,0,0,0,0,9.0,21.0,42.9,18.0,0.0,66.7,41.4,9.0,100.0,54.0,15.0,2.0,13.3,2.0,14.4,166.0,326.0,50.9,3570.0,2030.0,62.0,92.0,67.4,54.0,111.0,48.6,42.0,93.0,45.2,0,0.9,0.3,12.0,14.0,5.0,4.0,21.0,326.0,253.0,72.0,10.0,0.0,2.0,21.0,45.0,7.0,5.0,0.0,0.0,166.0,1.0,7.0,36.0,21.0,5.0,2.0,4.0,4.0,0.0,0.0,0.0,0.0,0.0,0.0,0.0,0.0,16.0,5.0,2.0,11.0,3.0,7.0,10.0,70.0,3.0,13.0,4.0,9.0,2.0,18,21.0,1.0,48.0,455.0,51.0,117.0,195.0,146.0,20.0,455.0,20.0,6.0,30.0,14.0,70.0,139.0,904.0,355.0,11.0,6.0,5.0,20.0,20.0,164.0,21.0,1,0,0,16.0,12.0,1.0,21.0,2.0,5.0,0.0,0.0,0,56.0,30.0,16.0,65.2,9.0,1.0,11.1,0.0,0.0,21.8,1.0,0,0,0.6,0.6,0.07,-0.6,-0.6,6.0,5.0,83.3,0,0.6,-0.4,0,0,0,0,6.0,20.0,30.0,25.0,5.0,44.0,36.9,14.0,64.3,36.6,16.0,2.0,12.5,2.0,15.8,185.0,347.0,53.3,3880.0,2044.0,56.0,93.0,60.2,93.0,145.0,64.1,31.0,92.0,33.7,0,0.2,0.2,4.0,9.0,3.0,3.0,19.0,347.0,280.0,66.0,16.0,3.0,1.0,19.0,31.0,3.0,3.0,0.0,0.0,185.0,1.0,10.0,10.0,6.0,1.0,0.0,2.0,0.0,1.0,0.0,0.0,0.0,0.0,0.0,0.0,0.0,34.0,19.0,23.0,11.0,0.0,14.0,20.0,70.0,6.0,10.0,5.0,5.0,6.0,40,34.0,1.0,52.0,501.0,81.0,237.0,181.0,85.0,14.0,501.0,10.0,3.0,30.0,7.0,70.0,151.0,726.0,361.0,9.0,0.0,2.0,23.0,9.0,180.0,19.0,3,1,1,13.0,15.0,1.0,19.0,6.0,19.0,0.0,0.0,0,60.0,16.0,30.0,34.8
2022-12-11,12:00,Liga F,Matchweek 12,Sun,Home,L,2,3,Villarreal,Sporting Huelva,2.6,0.9,53.0,,Lara Mata,4-4-2,Paola Cebollada López,15.0,6.0,40.0,0.07,0.17,16.0,0.0,1,1,2.6,2.2,0.15,-0.6,-1.2,5.0,2.0,40.0,0,1.8,-1.2,0,0,0,0,12.0,20.0,60.0,21.0,0.0,61.9,42.4,7.0,100.0,50.4,9.0,0.0,0.0,1.0,10.5,227.0,402.0,56.5,4798.0,2882.0,76.0,119.0,63.9,95.0,160.0,59.4,50.0,102.0,49.0,1,1.6,2.0,11.0,34.0,10.0,3.0,45.0,402.0,333.0,67.0,13.0,0.0,1.0,22.0,39.0,4.0,2.0,1.0,0.0,227.0,2.0,6.0,25.0,21.0,2.0,0.0,1.0,1.0,0.0,3.0,3.0,0.0,0.0,0.0,0.0,0.0,23.0,16.0,7.0,10.0,6.0,5.0,18.0,27.8,13.0,14.0,0.0,14.0,13.0,36,11.0,0.0,53.0,530.0,35.0,143.0,249.0,143.0,30.0,529.0,12.0,1.0,8.3,11.0,91.7,188.0,811.0,234.0,4.0,3.0,1.0,19.0,7.0,220.0,42.0,0,0,0,16.0,12.0,2.0,22.0,13.0,16.0,0.0,0.0,0,69.0,22.0,17.0,56.4,8.0,5.0,62.5,0.38,0.6,19.5,1.0,0,0,0.9,0.9,0.11,2.1,2.1,7.0,5.0,85.7,0,2.4,0.4,1,1,0,0,5.0,20.0,25.0,26.0,2.0,61.5,41.1,6.0,66.7,49.3,15.0,0.0,0.0,0.0,6.0,173.0,354.0,48.9,3530.0,1826.0,56.0,98.0,57.1,81.0,135.0,60.0,30.0,95.0,31.6,2,0.6,0.4,5.0,20.0,3.0,2.0,19.0,354.0,287.0,65.0,17.0,0.0,0.0,10.0,38.0,1.0,1.0,0.0,0.0,173.0,2.0,14.0,13.0,8.0,1.0,2.0,0.0,2.0,0.0,5.0,3.0,0.0,2.0,0.0,0.0,0.0,18.0,13.0,10.0,6.0,2.0,11.0,12.0,91.7,1.0,7.0,3.0,4.0,21.0,39,13.0,0.0,47.0,472.0,57.0,206.0,183.0,86.0,6.0,472.0,18.0,13.0,72.2,5.0,27.8,157.0,774.0,339.0,5.0,5.0,0.0,21.0,18.0,169.0,18.0,0,1,0,13.0,15.0,2.0,10.0,21.0,13.0,0.0,1.0,0,61.0,17.0,22.0,43.6
2022-12-17,12:00,Liga F,Matchweek 13,Sat,Away,D,2,2,Villarreal,Levante Planas,1.4,1.5,47.0,,Lara Mata,4-4-2,Elisabeth Calvo Valentín,7.0,3.0,42.9,0.14,0.33,25.3,1.0,1,1,1.4,0.6,0.08,0.6,0.4,6.0,4.0,66.7,0,2.2,0.2,0,0,0,0,8.0,22.0,36.4,22.0,2.0,63.6,42.0,9.0,88.9,52.3,4.0,1.0,25.0,5.0,25.0,184.0,328.0,56.1,3943.0,2210.0,68.0,99.0,68.7,78.0,121.0,64.5,35.0,87.0,40.2,1,0.4,0.9,3.0,20.0,7.0,1.0,20.0,328.0,278.0,47.0,10.0,1.0,1.0,12.0,23.0,2.0,2.0,0.0,0.0,184.0,3.0,8.0,13.0,11.0,0.0,0.0,0.0,2.0,0.0,4.0,3.0,0.0,0.0,0.0,1.0,0.0,30.0,15.0,15.0,11.0,4.0,19.0,29.0,65.5,10.0,7.0,6.0,1.0,14.0,44,24.0,0.0,47.0,464.0,48.0,184.0,186.0,97.0,14.0,463.0,7.0,3.0,42.9,4.0,57.1,149.0,790.0,308.0,6.0,5.0,3.0,27.0,3.0,181.0,19.0,5,1,1,12.0,7.0,3.0,12.0,14.0,15.0,1.0,0.0,0,62.0,21.0,19.0,52.5,19.0,6.0,31.6,0.11,0.33,23.2,2.0,0,0,1.5,1.5,0.08,0.5,0.5,4.0,2.0,75.0,0,2.0,0.0,0,1,0,0,1.0,4.0,25.0,16.0,7.0,18.8,30.3,6.0,16.7,26.8,9.0,0.0,0.0,3.0,24.5,242.0,372.0,65.1,4735.0,1977.0,90.0,125.0,72.0,101.0,131.0,77.1,39.0,93.0,41.9,1,1.2,0.4,10.0,18.0,1.0,0.0,24.0,372.0,301.0,68.0,13.0,0.0,4.0,7.0,40.0,6.0,3.0,2.0,0.0,242.0,3.0,1.0,30.0,14.0,7.0,2.0,4.0,3.0,0.0,3.0,0.0,0.0,1.0,1.0,1.0,0.0,7.0,4.0,4.0,3.0,0.0,4.0,7.0,57.1,3.0,10.0,2.0,8.0,7.0,14,18.0,1.0,53.0,515.0,45.0,188.0,205.0,132.0,27.0,515.0,29.0,10.0,34.5,19.0,65.5,214.0,1333.0,748.0,15.0,11.0,9.0,29.0,11.0,238.0,23.0,2,0,0,9.0,12.0,3.0,7.0,7.0,4.0,0.0,1.0,0,55.0,19.0,21.0,47.5
2023-01-07,12:00,Liga F,Matchweek 14,Sat,Home,L,0,6,Villarreal,Levante,0.6,2.9,33.0,,Lara Mata,4-4-2,María Dolores Martínez Madrona,7.0,2.0,28.6,0.0,0.0,17.0,1.0,0,0,0.6,0.6,0.08,-0.6,-0.6,8.0,2.0,25.0,0,4.1,-1.9,0,0,0,0,8.0,16.0,50.0,19.0,1.0,52.6,38.4,11.0,63.6,35.5,19.0,0.0,0.0,0.0,12.0,159.0,267.0,59.6,3005.0,1602.0,69.0,92.0,75.0,48.0,79.0,60.8,29.0,67.0,43.3,0,0.5,0.6,6.0,15.0,4.0,3.0,11.0,267.0,206.0,55.0,9.0,0.0,1.0,13.0,23.0,5.0,1.0,2.0,0.0,159.0,6.0,2.0,12.0,5.0,3.0,0.0,1.0,2.0,1.0,0.0,0.0,0.0,0.0,0.0,0.0,0.0,16.0,7.0,9.0,6.0,1.0,11.0,16.0,68.8,5.0,7.0,2.0,5.0,16.0,32,18.0,0.0,33.0,368.0,54.0,139.0,157.0,76.0,9.0,368.0,4.0,1.0,25.0,3.0,75.0,129.0,767.0,335.0,7.0,7.0,1.0,16.0,7.0,158.0,11.0,2,0,0,11.0,9.0,6.0,13.0,16.0,7.0,0.0,0.0,0,57.0,7.0,13.0,35.0,14.0,8.0,57.1,0.43,0.75,12.5,1.0,0,0,2.9,2.9,0.21,3.1,3.1,2.0,2.0,100.0,1,0.3,0.3,0,0,0,0,0.0,1.0,0.0,25.0,3.0,4.0,22.1,7.0,0.0,11.9,11.0,0.0,0.0,1.0,15.3,447.0,554.0,80.7,7976.0,2850.0,193.0,225.0,85.8,209.0,231.0,90.5,39.0,71.0,54.9,6,2.7,2.6,11.0,28.0,7.0,3.0,32.0,554.0,503.0,50.0,16.0,1.0,1.0,22.0,20.0,6.0,2.0,3.0,0.0,447.0,1.0,6.0,23.0,16.0,3.0,1.0,1.0,2.0,0.0,12.0,10.0,1.0,1.0,0.0,0.0,0.0,10.0,8.0,3.0,7.0,0.0,3.0,4.0,75.0,1.0,2.0,1.0,1.0,10.0,20,11.0,0.0,67.0,639.0,49.0,244.0,266.0,131.0,29.0,639.0,16.0,5.0,31.3,11.0,68.8,348.0,1745.0,942.0,12.0,3.0,5.0,25.0,5.0,442.0,30.0,0,0,0,9.0,11.0,1.0,22.0,10.0,8.0,0.0,0.0,0,64.0,13.0,7.0,65.0
2023-01-14,16:00,Liga F,Matchweek 15,Sat,Away,D,2,2,Villarreal,Atlético Madrid,1.1,1.4,44.0,,Ainoa Campo,5-3-2,Olatz Rivera Olmedo,5.0,2.0,40.0,0.2,0.5,22.1,0.0,1,1,1.1,0.3,0.06,0.9,0.7,5.0,3.0,60.0,0,1.1,-0.9,0,0,0,0,1.0,13.0,7.7,33.0,4.0,30.3,32.8,8.0,37.5,30.4,8.0,0.0,0.0,4.0,21.0,211.0,358.0,58.9,3715.0,1751.0,96.0,127.0,75.6,86.0,129.0,66.7,24.0,76.0,31.6,0,0.2,0.2,3.0,12.0,1.0,1.0,18.0,358.0,300.0,57.0,8.0,0.0,0.0,23.0,34.0,4.0,3.0,0.0,0.0,211.0,1.0,6.0,9.0,5.0,1.0,0.0,1.0,2.0,0.0,2.0,0.0,0.0,0.0,1.0,1.0,0.0,28.0,19.0,12.0,12.0,4.0,24.0,32.0,75.0,8.0,5.0,1.0,4.0,12.0,40,5.0,1.0,44.0,434.0,49.0,153.0,199.0,85.0,9.0,433.0,3.0,2.0,66.7,1.0,33.3,171.0,754.0,403.0,7.0,5.0,0.0,21.0,5.0,210.0,18.0,4,1,1,17.0,9.0,1.0,23.0,12.0,19.0,1.0,0.0,0,56.0,4.0,13.0,23.5,12.0,5.0,41.7,0.17,0.4,18.0,2.0,0,0,1.4,1.4,0.12,0.6,0.6,3.0,1.0,66.7,0,2.1,0.1,1,1,0,0,8.0,13.0,61.5,30.0,7.0,33.3,36.9,4.0,75.0,37.5,16.0,2.0,12.5,0.0,9.3,350.0,455.0,76.9,6969.0,2651.0,131.0,155.0,84.5,151.0,189.0,79.9,59.0,84.0,70.2,1,1.2,1.0,8.0,16.0,6.0,2.0,32.0,455.0,403.0,51.0,16.0,0.0,1.0,10.0,27.0,1.0,0.0,0.0,1.0,350.0,1.0,4.0,20.0,14.0,1.0,2.0,1.0,2.0,0.0,4.0,4.0,0.0,0.0,0.0,0.0,0.0,6.0,3.0,3.0,2.0,1.0,1.0,3.0,33.3,2.0,4.0,0.0,4.0,9.0,15,13.0,0.0,56.0,571.0,52.0,203.0,288.0,89.0,15.0,570.0,32.0,8.0,25.0,24.0,75.0,271.0,1612.0,868.0,16.0,12.0,5.0,28.0,4.0,348.0,32.0,1,0,0,9.0,17.0,1.0,10.0,9.0,3.0,0.0,1.0,0,64.0,13.0,4.0,76.5
2023-01-24,21:00,Liga F,Matchweek 16,Tue,Away,L,0,2,Villarreal,Valencia,1.3,1.4,49.0,,Ainoa Campo,3-1-4-2,Zulema González González,12.0,3.0,25.0,0.0,0.0,20.7,1.0,0,0,1.3,1.3,0.11,-1.3,-1.3,3.0,1.0,33.3,0,1.6,-0.4,0,0,0,0,4.0,8.0,50.0,20.0,1.0,30.0,32.8,5.0,40.0,32.4,11.0,2.0,18.2,1.0,9.7,251.0,379.0,66.2,4489.0,2199.0,108.0,133.0,81.2,106.0,150.0,70.7,31.0,63.0,49.2,0,0.9,1.0,6.0,25.0,10.0,4.0,44.0,379.0,334.0,39.0,8.0,0.0,0.0,20.0,18.0,5.0,3.0,1.0,0.0,251.0,6.0,9.0,17.0,13.0,2.0,1.0,0.0,1.0,0.0,0.0,0.0,0.0,0.0,0.0,0.0,0.0,21.0,16.0,11.0,8.0,2.0,10.0,14.0,71.4,4.0,17.0,7.0,10.0,21.0,42,14.0,0.0,49.0,530.0,48.0,180.0,234.0,119.0,22.0,530.0,9.0,3.0,33.3,6.0,66.7,184.0,877.0,344.0,8.0,5.0,3.0,25.0,12.0,248.0,44.0,2,0,0,19.0,7.0,6.0,20.0,21.0,16.0,0.0,0.0,0,80.0,19.0,13.0,59.4,14.0,3.0,21.4,0.14,0.67,13.3,0.0,0,0,1.4,1.4,0.1,0.6,0.6,3.0,3.0,100.0,1,1.1,1.1,0,0,0,0,6.0,16.0,37.5,27.0,5.0,37.0,34.9,10.0,60.0,41.5,17.0,1.0,5.9,0.0,9.0,250.0,389.0,64.3,4761.0,2188.0,92.0,121.0,76.0,124.0,167.0,74.3,31.0,77.0,40.3,1,1.0,1.2,10.0,18.0,5.0,1.0,31.0,389.0,312.0,76.0,25.0,0.0,0.0,16.0,32.0,8.0,8.0,0.0,0.0,250.0,1.0,10.0,23.0,16.0,2.0,1.0,2.0,2.0,0.0,3.0,2.0,0.0,0.0,1.0,0.0,0.0,18.0,14.0,8.0,8.0,2.0,6.0,9.0,66.7,3.0,10.0,1.0,9.0,15.0,33,18.0,0.0,51.0,526.0,69.0,186.0,223.0,123.0,22.0,526.0,14.0,4.0,28.6,10.0,71.4,167.0,889.0,283.0,10.0,8.0,6.0,27.0,11.0,248.0,31.0,1,0,0,8.0,19.0,1.0,16.0,15.0,14.0,0.0,0.0,0,57.0,13.0,19.0,40.6
2023-01-28,12:00,Liga F,Matchweek 17,Sat,Home,W,1,0,Villarreal,Alavés,1.1,0.9,40.0,,Ainoa Campo,5-3-2,Ainara Andrea Acevedo Dudley,12.0,2.0,16.7,0.08,0.5,18.6,1.0,0,0,1.1,1.1,0.09,-0.1,-0.1,4.0,4.0,100.0,1,0.5,0.5,0,0,0,0,5.0,16.0,31.3,22.0,1.0,40.9,37.5,11.0,63.6,37.8,16.0,1.0,6.3,0.0,14.6,161.0,293.0,54.9,3201.0,1704.0,64.0,89.0,71.9,68.0,98.0,69.4,26.0,75.0,34.7,1,1.0,0.9,9.0,18.0,6.0,1.0,25.0,293.0,234.0,53.0,14.0,1.0,2.0,13.0,23.0,4.0,0.0,4.0,0.0,161.0,6.0,4.0,18.0,12.0,2.0,0.0,2.0,2.0,0.0,2.0,2.0,0.0,0.0,0.0,0.0,0.0,13.0,9.0,5.0,7.0,1.0,1.0,4.0,25.0,3.0,8.0,4.0,4.0,7.0,20,22.0,0.0,40.0,390.0,52.0,149.0,164.0,81.0,13.0,390.0,2.0,0.0,0.0,2.0,100.0,141.0,830.0,293.0,4.0,3.0,1.0,18.0,11.0,161.0,25.0,2,0,0,17.0,13.0,6.0,13.0,7.0,9.0,0.0,0.0,0,44.0,8.0,14.0,36.4,13.0,4.0,30.8,0.0,0.0,17.8,1.0,0,0,0.9,0.9,0.08,-0.9,-0.9,2.0,1.0,50.0,0,0.7,-0.3,0,0,0,0,0.0,8.0,0.0,36.0,5.0,22.2,28.2,9.0,0.0,24.6,9.0,3.0,33.3,1.0,8.5,289.0,431.0,67.1,6298.0,2207.0,75.0,108.0,69.4,165.0,211.0,78.2,48.0,99.0,48.5,0,0.6,0.5,9.0,28.0,9.0,6.0,30.0,431.0,370.0,60.0,23.0,0.0,5.0,20.0,22.0,4.0,4.0,0.0,0.0,289.0,1.0,4.0,19.0,13.0,1.0,1.0,3.0,1.0,0.0,0.0,0.0,0.0,0.0,0.0,0.0,0.0,13.0,8.0,6.0,6.0,1.0,2.0,2.0,100.0,0.0,7.0,4.0,3.0,6.0,19,17.0,0.0,60.0,528.0,62.0,233.0,201.0,99.0,19.0,528.0,4.0,3.0,75.0,1.0,25.0,274.0,1176.0,469.0,4.0,6.0,1.0,19.0,12.0,284.0,30.0,4,1,1,14.0,16.0,1.0,20.0,6.0,8.0,0.0,0.0,0,57.0,14.0,8.0,63.6
2023-02-05,12:00,Liga F,Matchweek 18,Sun,Away,L,0,1,Villarreal,Sevilla,0.2,3.0,53.0,,Ainoa Campo,4-4-2,María Dolores Martínez Madrona,8.0,2.0,25.0,0.0,0.0,29.1,0.0,0,0,0.2,0.2,0.03,-0.2,-0.2,6.0,4.0,83.3,0,3.1,2.1,1,0,1,0,4.0,10.0,40.0,19.0,3.0,42.1,33.6,9.0,22.2,30.7,11.0,1.0,9.1,3.0,26.4,265.0,374.0,70.9,5089.0,2241.0,108.0,134.0,80.6,120.0,156.0,76.9,34.0,65.0,52.3,0,0.2,0.4,5.0,26.0,4.0,1.0,38.0,374.0,318.0,49.0,13.0,0.0,0.0,27.0,20.0,5.0,3.0,0.0,0.0,265.0,7.0,12.0,11.0,11.0,0.0,0.0,0.0,0.0,0.0,0.0,0.0,0.0,0.0,0.0,0.0,0.0,20.0,17.0,8.0,7.0,5.0,5.0,13.0,38.5,8.0,11.0,2.0,9.0,8.0,28,18.0,1.0,53.0,475.0,47.0,133.0,225.0,125.0,12.0,475.0,13.0,9.0,69.2,4.0,30.8,257.0,1216.0,511.0,8.0,5.0,0.0,15.0,15.0,256.0,36.0,3,0,0,14.0,12.0,7.0,27.0,8.0,17.0,0.0,1.0,0,40.0,8.0,11.0,42.1,16.0,5.0,31.3,0.06,0.2,18.0,1.0,0,1,3.0,2.2,0.14,-2.0,-1.2,2.0,2.0,100.0,1,0.2,0.2,0,0,0,0,6.0,16.0,37.5,17.0,4.0,52.9,38.9,7.0,100.0,47.7,20.0,1.0,5.0,0.0,4.0,239.0,338.0,70.7,4290.0,2063.0,102.0,117.0,87.2,98.0,139.0,70.5,29.0,58.0,50.0,1,1.7,1.5,10.0,16.0,6.0,2.0,24.0,338.0,273.0,63.0,18.0,0.0,1.0,15.0,34.0,3.0,1.0,1.0,0.0,239.0,2.0,10.0,29.0,15.0,6.0,1.0,2.0,3.0,2.0,2.0,1.0,0.0,1.0,0.0,0.0,0.0,20.0,10.0,10.0,10.0,0.0,4.0,13.0,30.8,9.0,11.0,3.0,8.0,12.0,32,24.0,0.0,47.0,459.0,54.0,182.0,172.0,109.0,27.0,458.0,13.0,8.0,61.5,4.0,30.8,216.0,1324.0,451.0,13.0,9.0,5.0,21.0,15.0,235.0,23.0,0,0,0,13.0,13.0,2.0,15.0,12.0,10.0,0.0,0.0,0,41.0,14.0,8.0,63.6
2023-02-11,16:00,Liga F,Matchweek 19,Sat,Home,L,0,3,Villarreal,Madrid CFF,0.8,1.0,48.0,,Paola Soldevila,4-4-2,Elia María Martínez Martínez,11.0,1.0,9.1,0.0,0.0,19.3,0.0,0,0,0.8,0.8,0.07,-0.8,-0.8,4.0,1.0,25.0,0,1.9,-1.1,0,0,0,0,6.0,11.0,54.5,30.0,1.0,26.7,31.2,8.0,50.0,33.6,9.0,0.0,0.0,1.0,12.7,298.0,396.0,75.3,5845.0,2375.0,106.0,125.0,84.8,137.0,166.0,82.5,47.0,86.0,54.7,0,0.4,0.8,5.0,30.0,5.0,5.0,35.0,396.0,345.0,50.0,13.0,0.0,1.0,21.0,22.0,3.0,2.0,0.0,1.0,298.0,1.0,6.0,17.0,14.0,1.0,0.0,1.0,1.0,0.0,0.0,0.0,0.0,0.0,0.0,0.0,0.0,29.0,21.0,14.0,5.0,10.0,4.0,14.0,28.6,10.0,9.0,1.0,8.0,11.0,40,14.0,0.0,48.0,504.0,45.0,144.0,217.0,146.0,17.0,504.0,7.0,3.0,42.9,4.0,57.1,175.0,1239.0,424.0,11.0,6.0,1.0,23.0,20.0,290.0,32.0,2,0,0,14.0,10.0,1.0,21.0,11.0,21.0,0.0,0.0,0,50.0,1.0,6.0,14.3,11.0,4.0,36.4,0.27,0.75,16.5,0.0,0,0,1.0,1.0,0.09,2.0,2.0,1.0,1.0,100.0,1,0.1,0.1,0,0,0,0,0.0,1.0,0.0,15.0,5.0,6.7,21.5,10.0,0.0,20.0,18.0,0.0,0.0,0.0,,317.0,425.0,74.6,5499.0,2374.0,153.0,180.0,85.0,119.0,149.0,79.9,37.0,70.0,52.9,1,0.8,0.8,8.0,16.0,9.0,2.0,28.0,425.0,369.0,54.0,15.0,0.0,4.0,14.0,26.0,2.0,1.0,1.0,0.0,317.0,2.0,9.0,16.0,14.0,1.0,1.0,0.0,0.0,0.0,2.0,1.0,0.0,1.0,0.0,0.0,0.0,25.0,18.0,12.0,11.0,2.0,4.0,7.0,57.1,3.0,10.0,5.0,5.0,12.0,37,15.0,0.0,52.0,545.0,69.0,279.0,168.0,99.0,27.0,544.0,16.0,10.0,62.5,5.0,31.3,330.0,1594.0,732.0,15.0,12.0,7.0,25.0,24.0,312.0,28.0,1,0,0,11.0,13.0,2.0,14.0,12.0,18.0,0.0,0.0,0,60.0,5.0,1.0,83.3
2023-03-05,12:00,Liga F,Matchweek 20,Sun,Away,L,0,5,Villarreal,Barcelona,0.0,3.9,20.0,,Lara Mata,5-4-1,María Eugenia Gil Soriano,1.0,0.0,0.0,0.0,,19.2,0.0,0,0,0.0,0.0,0.03,0.0,0.0,12.0,7.0,58.3,0,3.7,-1.3,0,0,0,0,7.0,22.0,31.8,24.0,1.0,54.2,40.4,9.0,100.0,53.0,17.0,1.0,5.9,1.0,10.7,104.0,207.0,50.2,2199.0,1157.0,42.0,57.0,73.7,45.0,72.0,62.5,17.0,66.0,25.8,0,0.0,0.0,1.0,9.0,0.0,0.0,6.0,207.0,156.0,47.0,11.0,0.0,0.0,3.0,21.0,0.0,0.0,0.0,0.0,104.0,4.0,5.0,2.0,2.0,0.0,0.0,0.0,0.0,0.0,0.0,0.0,0.0,0.0,0.0,0.0,0.0,19.0,11.0,17.0,1.0,1.0,11.0,20.0,55.0,9.0,12.0,4.0,8.0,12.0,31,23.0,0.0,20.0,301.0,60.0,183.0,89.0,30.0,1.0,301.0,6.0,1.0,16.7,5.0,83.3,90.0,612.0,133.0,1.0,3.0,1.0,12.0,12.0,103.0,6.0,0,0,0,3.0,6.0,4.0,3.0,12.0,11.0,0.0,0.0,0,40.0,4.0,7.0,36.4,21.0,12.0,57.1,0.24,0.42,14.3,0.0,0,0,3.9,3.9,0.19,1.1,1.1,0.0,0.0,,1,0.0,0.0,0,0,0,0,0.0,1.0,0.0,20.0,5.0,5.0,21.4,2.0,0.0,15.5,3.0,0.0,0.0,5.0,25.3,709.0,815.0,87.0,11607.0,3409.0,356.0,381.0,93.4,297.0,334.0,88.9,45.0,69.0,65.2,5,2.9,2.2,17.0,85.0,14.0,1.0,72.0,815.0,765.0,44.0,7.0,1.0,3.0,20.0,28.0,6.0,2.0,4.0,0.0,709.0,6.0,8.0,35.0,23.0,3.0,4.0,3.0,1.0,1.0,8.0,7.0,0.0,1.0,0.0,0.0,0.0,17.0,11.0,11.0,3.0,3.0,5.0,6.0,83.3,1.0,6.0,1.0,5.0,4.0,21,4.0,0.0,80.0,903.0,23.0,135.0,385.0,385.0,40.0,903.0,20.0,9.0,45.0,11.0,55.0,474.0,2043.0,1180.0,21.0,17.0,7.0,11.0,8.0,706.0,71.0,0,0,0,6.0,3.0,6.0,20.0,4.0,11.0,0.0,0.0,0,54.0,7.0,4.0,63.6
2023-03-12,12:00,Liga F,Matchweek 21,Sun,Home,W,3,1,Villarreal,Alhama,2.5,0.6,57.0,,Lara Mata,4-3-3,Ylenia Sánchez Miguel,8.0,4.0,50.0,0.13,0.25,21.8,0.0,2,2,2.5,0.9,0.12,0.5,0.1,4.0,3.0,75.0,0,0.3,-0.7,0,0,0,0,11.0,27.0,40.7,25.0,2.0,76.0,43.1,8.0,100.0,55.3,9.0,0.0,0.0,2.0,15.0,187.0,320.0,58.4,4274.0,2457.0,67.0,90.0,74.4,69.0,107.0,64.5,47.0,105.0,44.8,1,0.8,0.7,5.0,25.0,3.0,2.0,28.0,320.0,250.0,66.0,17.0,1.0,0.0,23.0,32.0,7.0,2.0,3.0,0.0,187.0,4.0,7.0,19.0,8.0,4.0,2.0,1.0,3.0,1.0,6.0,3.0,0.0,0.0,0.0,2.0,1.0,9.0,7.0,1.0,6.0,2.0,3.0,4.0,75.0,1.0,2.0,1.0,1.0,6.0,15,13.0,0.0,57.0,397.0,37.0,120.0,162.0,124.0,15.0,395.0,10.0,5.0,50.0,5.0,50.0,161.0,858.0,339.0,13.0,7.0,6.0,16.0,6.0,178.0,26.0,4,0,0,22.0,16.0,4.0,23.0,6.0,7.0,2.0,0.0,0,33.0,13.0,14.0,48.1,10.0,4.0,40.0,0.1,0.25,24.6,3.0,0,0,0.6,0.6,0.06,0.4,0.4,6.0,3.0,83.3,0,3.0,0.0,2,2,0,0,7.0,23.0,30.4,21.0,0.0,95.2,50.9,5.0,60.0,44.4,20.0,0.0,0.0,1.0,18.0,101.0,237.0,42.6,2095.0,1515.0,37.0,70.0,52.9,46.0,83.0,55.4,17.0,75.0,22.7,0,0.3,0.2,3.0,6.0,3.0,1.0,11.0,237.0,168.0,67.0,23.0,0.0,0.0,9.0,33.0,2.0,2.0,0.0,0.0,101.0,2.0,1.0,13.0,5.0,2.0,1.0,1.0,3.0,1.0,2.0,0.0,0.0,1.0,0.0,0.0,1.0,11.0,8.0,8.0,3.0,0.0,5.0,10.0,50.0,5.0,9.0,3.0,6.0,6.0,17,14.0,0.0,43.0,310.0,42.0,139.0,119.0,54.0,6.0,310.0,4.0,1.0,25.0,3.0,75.0,83.0,381.0,182.0,1.0,1.0,1.0,15.0,6.0,100.0,11.0,3,1,0,17.0,21.0,2.0,9.0,6.0,8.0,0.0,2.0,0,28.0,14.0,13.0,51.9
2023-03-19,12:00,Liga F,Matchweek 22,Sun,Home,D,0,0,Villarreal,Levante Planas,0.6,0.5,44.0,,Lara Mata,5-4-1,Marta Huerta de Aza,8.0,1.0,12.5,0.0,0.0,17.3,0.0,0,0,0.6,0.6,0.08,-0.6,-0.6,2.0,2.0,100.0,1,0.1,0.1,0,0,0,0,11.0,23.0,47.8,29.0,1.0,69.0,41.4,3.0,100.0,56.0,5.0,0.0,0.0,3.0,17.0,200.0,329.0,60.8,4479.0,2433.0,71.0,97.0,73.2,90.0,129.0,69.8,38.0,89.0,42.7,0,0.6,0.5,7.0,25.0,5.0,1.0,30.0,329.0,282.0,43.0,12.0,0.0,0.0,14.0,24.0,3.0,2.0,1.0,0.0,200.0,4.0,8.0,14.0,10.0,2.0,1.0,0.0,1.0,0.0,0.0,0.0,0.0,0.0,0.0,0.0,0.0,19.0,11.0,10.0,7.0,2.0,15.0,31.0,48.4,16.0,9.0,3.0,6.0,15.0,34,13.0,0.0,44.0,432.0,32.0,174.0,171.0,93.0,16.0,432.0,26.0,11.0,42.3,15.0,57.7,175.0,1005.0,412.0,10.0,3.0,5.0,17.0,8.0,196.0,29.0,2,0,0,18.0,9.0,4.0,14.0,15.0,11.0,0.0,0.0,0,72.0,11.0,7.0,61.1,6.0,2.0,33.3,0.0,0.0,23.3,0.0,0,0,0.5,0.5,0.08,-0.5,-0.5,1.0,1.0,100.0,1,0.1,0.1,0,0,0,0,3.0,13.0,23.1,32.0,9.0,28.1,30.6,10.0,40.0,32.0,10.0,1.0,10.0,2.0,17.0,302.0,425.0,71.1,6388.0,2804.0,89.0,113.0,78.8,171.0,200.0,85.5,37.0,94.0,39.4,0,0.5,0.3,6.0,18.0,3.0,0.0,21.0,425.0,360.0,62.0,21.0,0.0,3.0,5.0,29.0,1.0,1.0,0.0,0.0,302.0,3.0,6.0,11.0,5.0,3.0,0.0,0.0,3.0,0.0,0.0,0.0,0.0,0.0,0.0,0.0,0.0,23.0,16.0,11.0,10.0,2.0,15.0,26.0,57.7,11.0,8.0,2.0,6.0,8.0,31,7.0,0.0,56.0,530.0,56.0,232.0,208.0,97.0,11.0,530.0,31.0,16.0,51.6,15.0,48.4,263.0,1400.0,819.0,11.0,6.0,4.0,23.0,4.0,295.0,20.0,1,0,0,10.0,15.0,3.0,5.0,8.0,16.0,0.0,0.0,0,53.0,7.0,11.0,38.9
2023-03-25,16:00,Liga F,Matchweek 23,Sat,Away,D,1,1,Villarreal,Real Betis,1.2,1.5,46.0,,Lara Mata,5-4-1,Ainara Andrea Acevedo Dudley,7.0,3.0,42.9,0.14,0.33,13.4,0.0,0,0,1.2,1.2,0.17,-0.2,-0.2,5.0,4.0,80.0,0,1.8,0.8,0,0,0,0,7.0,14.0,50.0,30.0,4.0,20.0,29.5,9.0,88.9,58.6,11.0,0.0,0.0,2.0,17.6,227.0,360.0,63.1,4692.0,2168.0,76.0,108.0,70.4,111.0,144.0,77.1,33.0,82.0,40.2,1,0.7,0.6,5.0,26.0,4.0,2.0,34.0,360.0,307.0,53.0,9.0,1.0,2.0,18.0,29.0,4.0,3.0,0.0,0.0,227.0,0.0,8.0,13.0,12.0,1.0,0.0,0.0,0.0,0.0,2.0,2.0,0.0,0.0,0.0,0.0,0.0,28.0,15.0,12.0,14.0,2.0,10.0,23.0,43.5,13.0,15.0,1.0,14.0,10.0,38,13.0,0.0,46.0,467.0,44.0,150.0,242.0,84.0,11.0,467.0,11.0,5.0,45.5,5.0,45.5,179.0,1141.0,571.0,13.0,5.0,5.0,15.0,12.0,222.0,33.0,1,0,0,12.0,8.0,0.0,18.0,10.0,15.0,0.0,0.0,0,66.0,14.0,13.0,51.9,14.0,5.0,35.7,0.07,0.2,22.7,0.0,0,0,1.5,1.5,0.11,-0.5,-0.5,3.0,2.0,66.7,0,1.1,0.1,0,0,0,0,7.0,16.0,43.8,21.0,2.0,52.4,38.9,10.0,50.0,36.1,14.0,0.0,0.0,1.0,18.5,311.0,429.0,72.5,5914.0,2647.0,125.0,147.0,85.0,136.0,164.0,82.9,43.0,83.0,51.8,1,1.2,0.8,8.0,21.0,2.0,1.0,26.0,429.0,370.0,58.0,12.0,2.0,1.0,12.0,28.0,6.0,2.0,4.0,0.0,311.0,1.0,14.0,22.0,14.0,2.0,3.0,2.0,1.0,0.0,2.0,1.0,1.0,0.0,0.0,0.0,0.0,18.0,16.0,7.0,6.0,5.0,6.0,11.0,54.5,5.0,8.0,1.0,7.0,13.0,31,15.0,0.0,54.0,549.0,61.0,217.0,239.0,95.0,12.0,549.0,23.0,13.0,56.5,10.0,43.5,198.0,1285.0,606.0,5.0,9.0,0.0,28.0,18.0,306.0,25.0,0,0,0,8.0,12.0,1.0,12.0,13.0,16.0,0.0,0.0,0,67.0,13.0,14.0,48.1
2023-04-01,12:00,Liga F,Matchweek 24,Sat,Home,L,1,2,Villarreal,UDG Tenerife,1.1,1.3,52.0,,Lara Mata,4-4-2,María Eugenia Gil Soriano,10.0,4.0,40.0,0.1,0.25,18.6,0.0,0,0,1.1,1.1,0.11,-0.1,-0.1,5.0,3.0,60.0,0,1.3,-0.7,0,0,0,0,3.0,15.0,20.0,40.0,6.0,32.5,32.7,7.0,28.6,28.7,13.0,0.0,0.0,1.0,12.3,259.0,398.0,65.1,5679.0,2628.0,73.0,106.0,68.9,138.0,181.0,76.2,46.0,99.0,46.5,1,1.0,0.5,7.0,33.0,7.0,3.0,35.0,398.0,342.0,53.0,16.0,0.0,3.0,20.0,24.0,3.0,1.0,1.0,0.0,259.0,3.0,5.0,18.0,13.0,2.0,1.0,2.0,0.0,0.0,2.0,2.0,0.0,0.0,0.0,0.0,0.0,17.0,12.0,9.0,7.0,1.0,12.0,22.0,54.5,10.0,2.0,0.0,2.0,9.0,26,12.0,0.0,52.0,473.0,47.0,193.0,174.0,115.0,15.0,473.0,10.0,6.0,60.0,4.0,40.0,155.0,678.0,315.0,5.0,5.0,1.0,20.0,8.0,253.0,35.0,3,0,0,9.0,11.0,3.0,20.0,9.0,12.0,0.0,0.0,0,58.0,9.0,10.0,47.4,10.0,5.0,50.0,0.2,0.4,14.2,0.0,0,0,1.3,1.3,0.13,0.7,0.7,4.0,3.0,75.0,0,0.6,-0.4,0,0,0,0,8.0,27.0,29.6,36.0,4.0,63.9,45.8,7.0,57.1,44.4,17.0,3.0,17.6,1.0,9.2,230.0,362.0,63.5,5416.0,2448.0,57.0,83.0,68.7,110.0,144.0,76.4,58.0,119.0,48.7,2,1.3,1.5,9.0,20.0,11.0,7.0,23.0,362.0,313.0,47.0,11.0,0.0,0.0,17.0,23.0,4.0,0.0,0.0,3.0,230.0,2.0,2.0,17.0,12.0,2.0,1.0,1.0,0.0,1.0,4.0,3.0,1.0,0.0,0.0,0.0,0.0,12.0,11.0,7.0,5.0,0.0,4.0,10.0,40.0,6.0,6.0,3.0,3.0,3.0,15,12.0,0.0,48.0,441.0,53.0,180.0,187.0,81.0,20.0,441.0,22.0,10.0,45.5,12.0,54.5,287.0,1553.0,600.0,14.0,5.0,4.0,20.0,5.0,229.0,23.0,2,0,0,14.0,9.0,2.0,17.0,3.0,11.0,0.0,0.0,0,65.0,10.0,9.0,52.6
2023-04-15,18:15,Liga F,Matchweek 25,Sat,Away,L,1,3,Villarreal,Levante,1.2,1.8,31.0,,Paola Soldevila,5-3-2,Beatriz Cuesta Arribas,4.0,3.0,75.0,0.25,0.33,12.6,1.0,0,0,1.2,1.2,0.29,-0.2,-0.2,7.0,4.0,57.1,0,1.6,-1.4,0,0,0,0,8.0,27.0,29.6,16.0,1.0,75.0,49.4,16.0,93.8,54.8,18.0,0.0,0.0,2.0,11.0,134.0,258.0,51.9,2833.0,1603.0,55.0,81.0,67.9,50.0,74.0,67.6,27.0,83.0,32.5,1,1.1,0.8,3.0,10.0,5.0,3.0,14.0,258.0,199.0,59.0,8.0,0.0,2.0,10.0,28.0,3.0,3.0,0.0,0.0,134.0,0.0,6.0,8.0,6.0,0.0,1.0,0.0,1.0,0.0,2.0,2.0,0.0,0.0,0.0,0.0,0.0,26.0,21.0,17.0,7.0,2.0,2.0,14.0,14.3,12.0,13.0,2.0,11.0,8.0,34,21.0,1.0,31.0,363.0,59.0,155.0,138.0,72.0,10.0,363.0,3.0,3.0,100.0,0.0,0.0,119.0,572.0,200.0,5.0,2.0,0.0,11.0,15.0,129.0,14.0,1,0,0,12.0,6.0,0.0,10.0,8.0,21.0,0.0,0.0,0,40.0,10.0,4.0,71.4,15.0,7.0,46.7,0.2,0.43,14.3,0.0,0,0,1.8,1.8,0.12,1.2,1.2,3.0,2.0,66.7,0,1.1,0.1,0,0,0,0,0.0,2.0,0.0,13.0,5.0,7.7,21.6,5.0,20.0,20.8,7.0,0.0,0.0,0.0,,443.0,569.0,77.9,7846.0,2905.0,182.0,212.0,85.8,206.0,245.0,84.1,43.0,83.0,51.8,2,1.5,1.1,10.0,32.0,9.0,3.0,52.0,569.0,508.0,59.0,10.0,0.0,5.0,24.0,36.0,6.0,6.0,0.0,0.0,443.0,2.0,12.0,23.0,19.0,0.0,2.0,2.0,0.0,0.0,4.0,4.0,0.0,0.0,0.0,0.0,0.0,14.0,10.0,3.0,9.0,2.0,0.0,3.0,0.0,3.0,7.0,0.0,7.0,9.0,23,10.0,0.0,69.0,646.0,37.0,171.0,321.0,158.0,23.0,646.0,14.0,12.0,85.7,2.0,14.3,361.0,1821.0,780.0,19.0,16.0,4.0,14.0,22.0,435.0,51.0,0,0,0,7.0,10.0,2.0,24.0,9.0,10.0,0.0,0.0,0,54.0,4.0,11.0,26.7
2023-04-23,18:00,Liga F,Matchweek 26,Sun,Away,L,1,2,Villarreal,Real Madrid,0.7,1.1,31.0,,Lara Mata,5-3-2,María Dolores Martínez Madrona,5.0,1.0,20.0,0.2,1.0,21.0,0.0,0,0,0.7,0.7,0.13,0.3,0.3,2.0,0.0,0.0,0,1.4,-0.6,0,0,0,0,10.0,26.0,38.5,21.0,0.0,90.5,49.7,7.0,100.0,57.7,15.0,0.0,0.0,5.0,18.4,160.0,268.0,59.7,3424.0,1778.0,62.0,81.0,76.5,63.0,88.0,71.6,31.0,74.0,41.9,1,0.7,0.5,5.0,17.0,2.0,2.0,22.0,268.0,218.0,45.0,10.0,0.0,4.0,13.0,24.0,1.0,1.0,0.0,0.0,160.0,5.0,6.0,9.0,6.0,1.0,1.0,0.0,0.0,1.0,2.0,2.0,0.0,0.0,0.0,0.0,0.0,26.0,24.0,17.0,6.0,3.0,15.0,25.0,60.0,10.0,12.0,4.0,8.0,19.0,45,25.0,0.0,31.0,378.0,49.0,144.0,149.0,93.0,5.0,378.0,9.0,9.0,100.0,0.0,0.0,144.0,935.0,435.0,8.0,8.0,2.0,21.0,12.0,158.0,22.0,2,0,0,11.0,9.0,5.0,13.0,19.0,24.0,0.0,0.0,0,60.0,9.0,9.0,50.0,8.0,2.0,25.0,0.25,1.0,15.3,0.0,0,0,1.1,1.1,0.13,0.9,0.9,1.0,0.0,0.0,0,1.0,0.0,0,0,0,0,1.0,5.0,20.0,15.0,4.0,26.7,30.0,9.0,11.1,23.3,11.0,0.0,0.0,0.0,,474.0,594.0,79.8,7887.0,3148.0,218.0,252.0,86.5,198.0,231.0,85.7,36.0,75.0,48.0,2,0.9,0.7,6.0,39.0,13.0,2.0,54.0,594.0,527.0,66.0,15.0,0.0,2.0,18.0,35.0,5.0,3.0,0.0,0.0,474.0,1.0,9.0,13.0,9.0,1.0,3.0,0.0,0.0,0.0,4.0,2.0,0.0,2.0,0.0,0.0,0.0,13.0,8.0,5.0,6.0,2.0,0.0,9.0,0.0,9.0,9.0,1.0,8.0,14.0,27,2.0,0.0,69.0,684.0,41.0,193.0,320.0,181.0,23.0,684.0,26.0,11.0,42.3,15.0,57.7,481.0,2475.0,1087.0,21.0,12.0,7.0,24.0,11.0,469.0,54.0,1,0,0,9.0,11.0,1.0,18.0,14.0,8.0,0.0,0.0,0,57.0,9.0,8.0,52.9
2023-04-30,12:00,Liga F,Matchweek 27,Sun,Home,L,0,1,Villarreal,Real Sociedad,1.0,1.6,41.0,,Lara Mata,4-4-2,Raquel Suárez González,16.0,5.0,31.3,0.0,0.0,20.0,3.0,0,0,1.0,1.0,0.06,-1.0,-1.0,4.0,3.0,75.0,0,1.6,0.6,0,0,0,0,8.0,23.0,34.8,30.0,2.0,73.3,45.7,1.0,100.0,62.0,9.0,0.0,0.0,2.0,22.2,191.0,312.0,61.2,4053.0,2046.0,70.0,97.0,72.2,80.0,112.0,71.4,37.0,82.0,45.1,0,0.4,0.6,6.0,32.0,9.0,2.0,30.0,312.0,262.0,49.0,11.0,0.0,2.0,29.0,27.0,8.0,0.0,0.0,6.0,191.0,1.0,12.0,28.0,19.0,2.0,2.0,1.0,3.0,1.0,0.0,0.0,0.0,0.0,0.0,0.0,0.0,27.0,20.0,7.0,15.0,5.0,3.0,11.0,27.3,8.0,9.0,3.0,6.0,18.0,45,12.0,0.0,41.0,424.0,38.0,114.0,162.0,151.0,27.0,424.0,15.0,10.0,66.7,5.0,33.3,186.0,1097.0,441.0,12.0,12.0,2.0,17.0,8.0,186.0,28.0,0,0,0,6.0,10.0,1.0,29.0,18.0,20.0,0.0,0.0,0,54.0,8.0,8.0,50.0,11.0,4.0,36.4,0.09,0.25,15.3,1.0,0,0,1.6,1.6,0.17,-0.6,-0.6,5.0,5.0,100.0,1,0.3,0.3,0,0,0,0,4.0,13.0,30.8,34.0,12.0,23.5,28.4,12.0,41.7,28.9,22.0,2.0,9.1,0.0,7.3,336.0,455.0,73.8,5829.0,2262.0,153.0,183.0,83.6,144.0,165.0,87.3,27.0,74.0,36.5,0,0.7,0.4,7.0,12.0,4.0,1.0,24.0,455.0,405.0,47.0,5.0,1.0,4.0,15.0,23.0,6.0,0.0,0.0,6.0,336.0,3.0,7.0,18.0,7.0,2.0,3.0,5.0,1.0,0.0,1.0,0.0,0.0,0.0,1.0,0.0,0.0,14.0,8.0,5.0,5.0,4.0,5.0,15.0,33.3,10.0,10.0,4.0,6.0,5.0,19,23.0,0.0,59.0,553.0,109.0,270.0,214.0,72.0,15.0,553.0,11.0,8.0,72.7,3.0,27.3,326.0,1491.0,796.0,12.0,6.0,3.0,14.0,24.0,332.0,22.0,3,0,0,11.0,6.0,3.0,15.0,5.0,8.0,0.0,0.0,0,49.0,8.0,8.0,50.0
2023-05-07,12:00,Liga F,Matchweek 28,Sun,Away,D,1,1,Villarreal,Sporting Huelva,1.0,1.0,55.0,,Lara Mata,5-3-2,Arantza Gallastegui Pérez,8.0,2.0,25.0,0.13,0.5,13.9,0.0,0,0,1.0,1.0,0.13,0.0,0.0,2.0,1.0,50.0,0,1.0,0.0,0,0,0,0,12.0,24.0,50.0,25.0,6.0,76.0,48.7,7.0,71.4,48.3,17.0,0.0,0.0,1.0,7.7,182.0,363.0,50.1,4254.0,2495.0,63.0,93.0,67.7,67.0,134.0,50.0,47.0,117.0,40.2,0,0.7,0.3,5.0,24.0,6.0,1.0,29.0,363.0,304.0,58.0,14.0,0.0,4.0,15.0,33.0,2.0,2.0,0.0,0.0,182.0,1.0,8.0,15.0,9.0,2.0,2.0,1.0,1.0,0.0,1.0,0.0,0.0,0.0,1.0,0.0,0.0,14.0,8.0,10.0,3.0,1.0,10.0,14.0,71.4,4.0,7.0,1.0,6.0,10.0,24,17.0,0.0,55.0,465.0,62.0,197.0,178.0,93.0,11.0,465.0,14.0,5.0,35.7,9.0,64.3,130.0,651.0,198.0,4.0,4.0,2.0,15.0,13.0,177.0,27.0,0,0,0,9.0,10.0,1.0,15.0,10.0,8.0,0.0,0.0,0,50.0,11.0,23.0,32.4,12.0,2.0,16.7,0.08,0.5,15.2,0.0,0,0,1.0,1.0,0.09,0.0,0.0,2.0,1.0,50.0,0,0.8,-0.2,0,0,0,0,10.0,20.0,50.0,13.0,1.0,76.9,46.6,11.0,90.9,48.7,12.0,0.0,0.0,0.0,11.0,131.0,298.0,44.0,2938.0,1880.0,44.0,92.0,47.8,54.0,107.0,50.5,31.0,86.0,36.0,0,0.6,0.4,4.0,15.0,5.0,3.0,21.0,298.0,225.0,70.0,10.0,0.0,0.0,19.0,37.0,10.0,4.0,1.0,4.0,131.0,3.0,6.0,16.0,11.0,3.0,0.0,0.0,2.0,0.0,2.0,2.0,0.0,0.0,0.0,0.0,0.0,20.0,16.0,11.0,6.0,3.0,9.0,15.0,60.0,6.0,6.0,1.0,5.0,10.0,30,23.0,0.0,45.0,404.0,40.0,126.0,164.0,123.0,17.0,404.0,15.0,5.0,33.3,10.0,66.7,102.0,1010.0,342.0,9.0,6.0,2.0,20.0,3.0,125.0,20.0,0,0,0,11.0,7.0,3.0,19.0,10.0,16.0,0.0,0.0,0,59.0,22.0,9.0,71.0
2023-05-13,12:00,Liga F,Matchweek 29,Sat,Home,D,1,1,Villarreal,Atlético Madrid,0.5,1.7,36.0,,Lara Mata,4-4-2,Elena Peláez Arnillas,9.0,3.0,33.3,0.11,0.33,20.5,1.0,0,0,0.5,0.5,0.06,0.5,0.5,5.0,4.0,80.0,0,1.3,0.3,0,0,0,0,6.0,24.0,25.0,26.0,0.0,76.9,47.5,5.0,80.0,52.0,19.0,1.0,5.3,2.0,21.0,159.0,305.0,52.1,3432.0,1888.0,61.0,96.0,63.5,65.0,106.0,61.3,33.0,91.0,36.3,0,0.3,0.3,6.0,21.0,5.0,2.0,26.0,305.0,259.0,42.0,6.0,0.0,0.0,13.0,28.0,1.0,0.0,1.0,0.0,159.0,4.0,8.0,10.0,8.0,0.0,0.0,2.0,0.0,0.0,1.0,0.0,0.0,0.0,1.0,0.0,0.0,18.0,10.0,8.0,8.0,2.0,10.0,17.0,58.8,7.0,9.0,2.0,7.0,17.0,35,19.0,0.0,36.0,410.0,53.0,137.0,155.0,122.0,14.0,410.0,13.0,3.0,23.1,10.0,76.9,172.0,881.0,374.0,10.0,4.0,3.0,11.0,11.0,157.0,25.0,4,0,0,14.0,5.0,4.0,13.0,17.0,10.0,0.0,0.0,0,61.0,8.0,10.0,44.4,11.0,5.0,45.5,0.09,0.2,14.3,0.0,0,0,1.7,1.7,0.16,-0.7,-0.7,3.0,2.0,66.7,0,0.5,-0.5,0,0,0,0,6.0,12.0,50.0,37.0,6.0,29.7,31.8,6.0,16.7,30.2,9.0,0.0,0.0,3.0,21.3,385.0,539.0,71.4,7532.0,3094.0,131.0,171.0,76.6,206.0,260.0,79.2,46.0,97.0,47.4,0,1.1,1.0,6.0,30.0,6.0,5.0,44.0,539.0,476.0,62.0,18.0,1.0,1.0,21.0,32.0,4.0,1.0,2.0,0.0,385.0,1.0,8.0,18.0,14.0,2.0,0.0,2.0,0.0,0.0,1.0,0.0,0.0,0.0,1.0,0.0,0.0,21.0,15.0,13.0,7.0,1.0,10.0,13.0,76.9,3.0,9.0,3.0,6.0,9.0,30,12.0,0.0,64.0,635.0,64.0,288.0,224.0,133.0,21.0,635.0,17.0,7.0,41.2,10.0,58.8,417.0,2530.0,1155.0,23.0,11.0,4.0,18.0,8.0,379.0,44.0,0,0,0,7.0,14.0,1.0,21.0,9.0,15.0,0.0,0.0,0,68.0,10.0,8.0,55.6
2023-05-20,12:00,Liga F,Matchweek 30,Sat,Away,D,1,1,Villarreal,Athletic Club,1.1,0.5,43.0,,Lara Mata,3-4-3,Paola Cebollada López,13.0,5.0,38.5,0.08,0.2,14.0,0.0,0,0,1.1,1.1,0.09,-0.1,-0.1,3.0,2.0,66.7,0,0.7,-0.3,0,0,0,0,9.0,19.0,47.4,34.0,4.0,44.1,35.4,4.0,100.0,51.8,12.0,1.0,8.3,2.0,12.3,218.0,343.0,63.6,4447.0,2036.0,86.0,118.0,72.9,95.0,130.0,73.1,36.0,82.0,43.9,0,1.0,0.6,9.0,29.0,3.0,0.0,28.0,343.0,300.0,43.0,14.0,0.0,2.0,14.0,17.0,6.0,0.0,2.0,1.0,218.0,0.0,4.0,19.0,11.0,2.0,4.0,2.0,0.0,0.0,1.0,0.0,0.0,0.0,1.0,0.0,0.0,18.0,12.0,9.0,7.0,2.0,12.0,21.0,57.1,9.0,16.0,2.0,14.0,18.0,36,25.0,0.0,43.0,468.0,36.0,144.0,214.0,115.0,26.0,468.0,19.0,13.0,68.4,6.0,31.6,234.0,1101.0,491.0,17.0,10.0,7.0,19.0,7.0,216.0,27.0,1,0,0,13.0,8.0,0.0,14.0,18.0,12.0,0.0,0.0,0,60.0,14.0,13.0,51.9,10.0,3.0,30.0,0.1,0.33,22.7,0.0,0,0,0.5,0.5,0.05,0.5,0.5,5.0,4.0,80.0,0,1.1,0.1,0,0,0,0,3.0,9.0,33.3,28.0,7.0,25.0,30.9,9.0,22.2,27.2,12.0,0.0,0.0,1.0,11.0,308.0,457.0,67.4,6808.0,2870.0,73.0,104.0,70.2,181.0,233.0,77.7,51.0,104.0,49.0,1,0.3,0.3,7.0,22.0,3.0,2.0,24.0,457.0,390.0,62.0,13.0,1.0,1.0,12.0,35.0,3.0,0.0,0.0,3.0,308.0,5.0,15.0,14.0,12.0,2.0,0.0,0.0,0.0,0.0,2.0,2.0,0.0,0.0,0.0,0.0,0.0,13.0,6.0,9.0,4.0,0.0,6.0,19.0,31.6,13.0,8.0,4.0,4.0,16.0,29,9.0,0.0,57.0,554.0,77.0,255.0,227.0,76.0,7.0,554.0,21.0,9.0,42.9,12.0,57.1,285.0,1510.0,559.0,9.0,6.0,0.0,8.0,6.0,303.0,23.0,2,0,0,9.0,13.0,5.0,12.0,16.0,6.0,0.0,0.0,0,48.0,13.0,14.0,48.1
2022-09-18,12:00,Liga F,Matchweek 2,Sun,Home,L,2,3,Alhama,Levante,0.7,2.1,36.0,,Judith Caravaca,4-3-3,Elena Peláez Arnillas,11.0,5.0,45.5,0.18,0.4,17.7,0.0,0,0,0.7,0.7,0.06,1.3,1.3,11.0,8.0,72.7,0,2.6,-0.4,0,0,0,0,7.0,20.0,35.0,18.0,2.0,72.2,49.3,10.0,70.0,45.8,13.0,0.0,0.0,0.0,8.5,148.0,292.0,50.7,3107.0,1798.0,57.0,92.0,62.0,59.0,97.0,60.8,27.0,88.0,30.7,0,0.3,0.7,5.0,12.0,9.0,3.0,18.0,292.0,225.0,66.0,9.0,0.0,0.0,19.0,40.0,3.0,2.0,1.0,0.0,148.0,1.0,10.0,14.0,8.0,2.0,1.0,1.0,1.0,1.0,1.0,0.0,0.0,0.0,1.0,0.0,0.0,28.0,15.0,12.0,14.0,2.0,8.0,24.0,33.3,16.0,15.0,5.0,10.0,13.0,41,21.0,0.0,36.0,415.0,49.0,163.0,174.0,82.0,16.0,415.0,8.0,4.0,50.0,4.0,50.0,158.0,662.0,215.0,5.0,3.0,1.0,15.0,16.0,147.0,18.0,0,0,0,15.0,8.0,1.0,19.0,13.0,15.0,0.0,0.0,0,52.0,10.0,9.0,52.6,23.0,11.0,47.8,0.13,0.27,16.5,0.0,0,0,2.1,2.1,0.09,0.9,0.9,5.0,3.0,60.0,0,0.6,-1.4,0,0,0,0,0.0,0.0,,25.0,7.0,0.0,21.8,8.0,0.0,22.9,16.0,2.0,12.5,1.0,8.6,389.0,521.0,74.7,7878.0,3624.0,125.0,170.0,73.5,198.0,234.0,84.6,60.0,100.0,60.0,1,0.9,1.4,15.0,43.0,8.0,1.0,38.0,521.0,456.0,64.0,15.0,1.0,4.0,20.0,34.0,4.0,4.0,0.0,0.0,389.0,1.0,12.0,40.0,26.0,3.0,7.0,3.0,0.0,1.0,5.0,4.0,0.0,0.0,1.0,0.0,0.0,20.0,17.0,5.0,12.0,3.0,4.0,8.0,50.0,4.0,9.0,1.0,8.0,21.0,41,8.0,2.0,64.0,647.0,54.0,204.0,295.0,158.0,35.0,647.0,24.0,16.0,66.7,8.0,33.3,394.0,1999.0,889.0,12.0,13.0,10.0,27.0,20.0,382.0,36.0,1,0,0,8.0,14.0,1.0,20.0,21.0,17.0,0.0,0.0,0,72.0,9.0,10.0,47.4
2022-09-24,12:00,Liga F,Matchweek 3,Sat,Away,L,0,1,Alhama,Sporting Huelva,0.8,0.5,54.0,,Judith Caravaca,4-3-3,Olatz Rivera Olmedo,16.0,3.0,18.8,0.0,0.0,19.7,0.0,0,0,0.8,0.8,0.05,-0.8,-0.8,1.0,0.0,0.0,0,0.9,-0.1,0,0,0,0,3.0,12.0,25.0,31.0,5.0,32.3,31.7,6.0,33.3,30.3,6.0,0.0,0.0,1.0,12.5,215.0,411.0,52.3,4887.0,2259.0,50.0,87.0,57.5,118.0,194.0,60.8,46.0,116.0,39.7,0,0.5,0.8,8.0,18.0,7.0,5.0,24.0,411.0,333.0,71.0,13.0,0.0,1.0,22.0,43.0,7.0,2.0,5.0,0.0,215.0,7.0,1.0,23.0,12.0,5.0,0.0,3.0,2.0,1.0,0.0,0.0,0.0,0.0,0.0,0.0,0.0,13.0,10.0,3.0,7.0,3.0,3.0,4.0,75.0,1.0,7.0,2.0,5.0,4.0,17,5.0,0.0,54.0,506.0,45.0,195.0,168.0,147.0,29.0,506.0,4.0,2.0,50.0,2.0,50.0,138.0,705.0,435.0,7.0,5.0,0.0,25.0,9.0,211.0,24.0,1,0,0,7.0,10.0,7.0,22.0,4.0,10.0,0.0,0.0,0,31.0,9.0,15.0,37.5,7.0,1.0,14.3,0.14,1.0,18.7,0.0,0,0,0.5,0.5,0.07,0.5,0.5,3.0,3.0,100.0,1,1.2,1.2,0,0,0,0,7.0,27.0,25.9,19.0,1.0,78.9,54.7,14.0,85.7,44.0,21.0,0.0,0.0,0.0,6.7,165.0,351.0,47.0,3504.0,1980.0,52.0,93.0,55.9,77.0,131.0,58.8,34.0,110.0,30.9,1,0.4,0.2,5.0,22.0,2.0,2.0,22.0,351.0,277.0,72.0,13.0,0.0,1.0,10.0,42.0,2.0,1.0,1.0,0.0,165.0,2.0,6.0,11.0,9.0,1.0,0.0,1.0,0.0,0.0,2.0,2.0,0.0,0.0,0.0,0.0,0.0,11.0,8.0,6.0,4.0,1.0,2.0,4.0,50.0,2.0,4.0,4.0,0.0,3.0,14,30.0,0.0,46.0,441.0,84.0,198.0,181.0,65.0,4.0,441.0,4.0,1.0,25.0,3.0,75.0,110.0,774.0,123.0,2.0,2.0,2.0,17.0,10.0,159.0,19.0,1,0,0,12.0,7.0,2.0,10.0,3.0,8.0,0.0,0.0,0,36.0,15.0,9.0,62.5
2022-10-02,12:00,Liga F,Matchweek 4,Sun,Away,L,1,3,Alhama,Levante Planas,1.6,2.7,45.0,,Judith Caravaca,4-3-3,Alicia Espinosa Ríos,14.0,5.0,35.7,0.07,0.2,14.5,0.0,0,0,1.6,1.6,0.12,-0.6,-0.6,8.0,5.0,62.5,0,2.4,-0.6,0,0,0,0,7.0,22.0,31.8,27.0,1.0,63.0,44.0,7.0,71.4,45.9,11.0,0.0,0.0,0.0,8.0,143.0,293.0,48.8,3442.0,1945.0,38.0,69.0,55.1,69.0,115.0,60.0,34.0,93.0,36.6,1,0.9,0.5,8.0,19.0,3.0,1.0,16.0,293.0,229.0,59.0,9.0,1.0,3.0,21.0,33.0,6.0,6.0,0.0,0.0,143.0,5.0,9.0,19.0,11.0,4.0,1.0,3.0,0.0,0.0,1.0,1.0,0.0,0.0,0.0,0.0,0.0,21.0,13.0,12.0,6.0,3.0,16.0,19.0,84.2,3.0,9.0,5.0,4.0,16.0,37,16.0,0.0,45.0,395.0,57.0,156.0,144.0,96.0,18.0,395.0,4.0,4.0,100.0,0.0,0.0,168.0,829.0,369.0,7.0,3.0,2.0,17.0,7.0,143.0,16.0,3,0,0,11.0,8.0,5.0,21.0,16.0,13.0,0.0,0.0,0,40.0,11.0,8.0,57.9,16.0,8.0,50.0,0.19,0.38,20.6,0.0,0,0,2.7,2.7,0.19,0.3,0.3,5.0,4.0,80.0,0,1.9,0.9,0,0,0,0,2.0,5.0,40.0,23.0,5.0,21.7,28.0,8.0,0.0,13.9,17.0,0.0,0.0,1.0,19.5,233.0,361.0,64.5,4492.0,2231.0,89.0,126.0,70.6,96.0,132.0,72.7,39.0,83.0,47.0,1,1.5,1.2,7.0,21.0,3.0,1.0,22.0,361.0,301.0,59.0,16.0,0.0,4.0,13.0,31.0,2.0,1.0,0.0,0.0,233.0,1.0,4.0,22.0,11.0,4.0,1.0,5.0,1.0,0.0,3.0,2.0,0.0,0.0,1.0,0.0,0.0,7.0,5.0,3.0,3.0,1.0,0.0,4.0,0.0,4.0,11.0,5.0,6.0,15.0,22,16.0,0.0,55.0,480.0,73.0,199.0,181.0,112.0,24.0,480.0,19.0,3.0,15.8,16.0,84.2,240.0,1622.0,714.0,15.0,14.0,7.0,22.0,5.0,230.0,22.0,1,0,0,8.0,10.0,1.0,13.0,15.0,5.0,0.0,0.0,0,54.0,8.0,11.0,42.1
2022-10-16,16:00,Liga F,Matchweek 5,Sun,Home,L,0,1,Alhama,Valencia,0.9,0.9,48.0,,Judith Caravaca,4-3-3,Xiomara Díaz García,11.0,2.0,18.2,0.0,0.0,18.4,1.0,0,0,0.9,0.9,0.09,-0.9,-0.9,7.0,6.0,85.7,0,0.8,-0.2,0,0,0,0,7.0,27.0,25.9,24.0,0.0,91.7,51.6,8.0,62.5,45.8,7.0,0.0,0.0,0.0,5.5,168.0,328.0,51.2,4010.0,2026.0,40.0,69.0,58.0,85.0,131.0,64.9,41.0,111.0,36.9,0,0.7,0.6,7.0,18.0,8.0,3.0,26.0,328.0,269.0,56.0,8.0,0.0,0.0,18.0,36.0,2.0,0.0,2.0,0.0,168.0,3.0,7.0,14.0,12.0,1.0,0.0,0.0,1.0,0.0,0.0,0.0,0.0,0.0,0.0,0.0,0.0,31.0,13.0,10.0,18.0,3.0,11.0,23.0,47.8,12.0,11.0,3.0,8.0,20.0,51,18.0,1.0,48.0,442.0,59.0,171.0,184.0,93.0,14.0,442.0,9.0,3.0,33.3,6.0,66.7,183.0,932.0,394.0,10.0,7.0,3.0,4.0,12.0,167.0,26.0,3,0,0,19.0,6.0,3.0,18.0,20.0,13.0,0.0,0.0,0,54.0,21.0,12.0,63.6,17.0,7.0,41.2,0.06,0.14,21.2,2.0,0,0,0.9,0.9,0.06,0.1,0.1,2.0,2.0,100.0,1,0.2,0.2,0,0,0,0,5.0,16.0,31.3,23.0,6.0,39.1,32.7,14.0,50.0,34.7,15.0,1.0,6.7,0.0,12.7,216.0,362.0,59.7,4057.0,2307.0,75.0,108.0,69.4,95.0,139.0,68.3,30.0,76.0,39.5,1,0.4,0.4,10.0,16.0,1.0,0.0,24.0,362.0,279.0,80.0,20.0,0.0,2.0,8.0,39.0,6.0,1.0,5.0,0.0,216.0,3.0,8.0,25.0,9.0,4.0,4.0,5.0,2.0,1.0,2.0,2.0,0.0,0.0,0.0,0.0,0.0,18.0,12.0,7.0,8.0,3.0,6.0,9.0,66.7,3.0,6.0,0.0,6.0,12.0,30,13.0,0.0,52.0,464.0,59.0,166.0,207.0,101.0,20.0,464.0,23.0,12.0,52.2,11.0,47.8,208.0,1354.0,762.0,13.0,7.0,3.0,15.0,20.0,214.0,24.0,1,0,0,6.0,18.0,3.0,8.0,12.0,12.0,0.0,0.0,0,47.0,12.0,21.0,36.4
2022-10-23,18:00,Liga F,Matchweek 6,Sun,Away,L,0,2,Alhama,Sevilla,0.1,1.5,36.0,,Judith Caravaca,4-3-3,María Eugenia Gil Soriano,6.0,2.0,33.3,0.0,0.0,36.0,0.0,0,0,0.1,0.1,0.01,-0.1,-0.1,4.0,2.0,50.0,0,1.2,-0.8,0,0,0,0,12.0,17.0,70.6,16.0,3.0,75.0,47.6,13.0,38.5,27.3,15.0,0.0,0.0,0.0,,175.0,306.0,57.2,3947.0,2213.0,60.0,82.0,73.2,56.0,100.0,56.0,52.0,106.0,49.1,0,0.0,0.1,3.0,20.0,0.0,0.0,17.0,306.0,263.0,41.0,5.0,0.0,4.0,10.0,18.0,2.0,1.0,1.0,0.0,175.0,2.0,7.0,10.0,9.0,0.0,0.0,0.0,1.0,0.0,0.0,0.0,0.0,0.0,0.0,0.0,0.0,24.0,17.0,14.0,10.0,0.0,7.0,19.0,36.8,12.0,14.0,5.0,9.0,9.0,33,24.0,0.0,36.0,403.0,59.0,169.0,169.0,67.0,5.0,403.0,6.0,0.0,0.0,6.0,100.0,104.0,583.0,312.0,7.0,2.0,2.0,7.0,6.0,173.0,16.0,2,0,0,14.0,4.0,2.0,10.0,9.0,17.0,0.0,0.0,0,54.0,7.0,12.0,36.8,12.0,4.0,33.3,0.17,0.5,18.1,3.0,0,0,1.5,1.5,0.12,0.5,0.5,2.0,2.0,100.0,1,0.3,0.3,0,0,0,0,2.0,4.0,50.0,19.0,6.0,15.8,26.6,5.0,20.0,28.0,10.0,1.0,10.0,4.0,22.0,422.0,547.0,77.1,8406.0,3477.0,138.0,167.0,82.6,216.0,262.0,82.4,61.0,93.0,65.6,2,1.1,0.7,7.0,37.0,8.0,3.0,51.0,547.0,481.0,65.0,13.0,1.0,4.0,19.0,42.0,4.0,1.0,3.0,0.0,422.0,1.0,11.0,19.0,11.0,1.0,3.0,1.0,3.0,0.0,3.0,1.0,1.0,1.0,0.0,0.0,0.0,12.0,7.0,6.0,5.0,1.0,6.0,6.0,100.0,0.0,9.0,1.0,8.0,12.0,24,17.0,0.0,64.0,649.0,34.0,175.0,322.0,157.0,17.0,649.0,19.0,12.0,63.2,7.0,36.8,448.0,2084.0,998.0,17.0,9.0,3.0,25.0,17.0,418.0,49.0,0,0,0,4.0,14.0,1.0,19.0,12.0,7.0,0.0,0.0,0,63.0,12.0,7.0,63.2
2022-10-29,18:15,Liga F,Matchweek 7,Sat,Home,L,0,2,Alhama,Real Betis,1.0,1.3,47.0,,Judith Caravaca,4-3-3,Paola Cebollada López,15.0,2.0,13.3,0.0,0.0,17.4,0.0,0,0,1.0,1.0,0.07,-1.0,-1.0,4.0,2.0,75.0,0,1.4,-0.6,1,1,0,0,7.0,19.0,36.8,22.0,1.0,68.2,45.3,7.0,57.1,33.4,4.0,0.0,0.0,2.0,15.8,184.0,349.0,52.7,4024.0,2313.0,69.0,112.0,61.6,67.0,117.0,57.3,46.0,104.0,44.2,0,0.7,0.9,10.0,29.0,11.0,5.0,29.0,349.0,285.0,60.0,15.0,0.0,4.0,20.0,31.0,4.0,3.0,0.0,1.0,184.0,4.0,8.0,23.0,19.0,2.0,0.0,2.0,0.0,0.0,0.0,0.0,0.0,0.0,0.0,0.0,0.0,21.0,13.0,11.0,8.0,2.0,9.0,11.0,81.8,2.0,20.0,4.0,16.0,4.0,25,24.0,0.0,47.0,473.0,55.0,168.0,205.0,106.0,29.0,473.0,12.0,3.0,25.0,9.0,75.0,141.0,610.0,292.0,8.0,3.0,2.0,17.0,8.0,177.0,29.0,1,0,0,10.0,15.0,4.0,20.0,4.0,13.0,0.0,1.0,0,74.0,20.0,15.0,57.1,14.0,3.0,21.4,0.07,0.33,23.8,1.0,1,1,1.3,0.5,0.03,0.7,0.5,2.0,2.0,100.0,1,0.4,0.4,0,0,0,0,9.0,32.0,28.1,36.0,5.0,66.7,44.2,11.0,72.7,43.5,18.0,3.0,16.7,3.0,15.7,234.0,387.0,60.5,3859.0,1984.0,111.0,154.0,72.1,87.0,127.0,68.5,21.0,70.0,30.0,0,0.2,0.2,7.0,20.0,0.0,0.0,25.0,387.0,301.0,86.0,12.0,0.0,0.0,6.0,60.0,2.0,2.0,0.0,0.0,234.0,0.0,17.0,21.0,13.0,2.0,1.0,2.0,1.0,2.0,3.0,2.0,0.0,0.0,0.0,1.0,0.0,17.0,14.0,7.0,8.0,2.0,9.0,12.0,75.0,3.0,12.0,4.0,8.0,11.0,28,24.0,0.0,53.0,524.0,76.0,163.0,232.0,134.0,19.0,523.0,11.0,2.0,18.2,9.0,81.8,237.0,1207.0,467.0,7.0,6.0,6.0,26.0,12.0,232.0,25.0,2,0,0,15.0,9.0,0.0,6.0,11.0,14.0,0.0,0.0,0,50.0,15.0,20.0,42.9
2022-11-01,20:00,Liga F,Matchweek 1,Tue,Home,L,0,3,Alhama,Madrid CFF,0.5,1.1,39.0,,Judith Caravaca,4-3-1-2,María Eugenia Gil Soriano,12.0,3.0,25.0,0.0,0.0,22.3,0.0,0,0,0.5,0.5,0.05,-0.5,-0.5,7.0,4.0,57.1,0,1.6,-1.4,0,0,0,0,8.0,21.0,38.1,15.0,2.0,80.0,46.0,10.0,90.0,49.5,16.0,0.0,0.0,0.0,2.0,169.0,324.0,52.2,3761.0,2132.0,50.0,73.0,68.5,78.0,124.0,62.9,40.0,107.0,37.4,0,0.4,0.7,6.0,21.0,5.0,4.0,25.0,324.0,255.0,65.0,14.0,0.0,4.0,20.0,35.0,2.0,1.0,0.0,0.0,169.0,4.0,11.0,18.0,10.0,3.0,1.0,0.0,3.0,1.0,0.0,0.0,0.0,0.0,0.0,0.0,0.0,32.0,20.0,12.0,17.0,3.0,11.0,20.0,55.0,9.0,17.0,2.0,15.0,20.0,52,22.0,0.0,39.0,461.0,53.0,166.0,177.0,122.0,15.0,461.0,11.0,5.0,45.5,6.0,54.5,139.0,827.0,308.0,6.0,7.0,1.0,17.0,7.0,166.0,25.0,1,0,0,14.0,13.0,4.0,20.0,20.0,20.0,0.0,0.0,0,64.0,10.0,22.0,31.3,16.0,7.0,43.8,0.19,0.43,21.7,0.0,0,0,1.1,1.1,0.07,1.9,1.9,3.0,3.0,100.0,1,0.7,0.7,0,0,0,0,5.0,11.0,45.5,22.0,5.0,36.4,34.8,10.0,40.0,33.8,15.0,1.0,6.7,4.0,21.8,382.0,516.0,74.0,7835.0,3400.0,125.0,165.0,75.8,191.0,231.0,82.7,61.0,98.0,62.2,2,0.9,1.0,11.0,41.0,5.0,2.0,54.0,516.0,449.0,66.0,18.0,0.0,5.0,18.0,32.0,5.0,4.0,1.0,0.0,382.0,1.0,15.0,25.0,18.0,3.0,2.0,1.0,1.0,0.0,4.0,2.0,1.0,0.0,1.0,0.0,0.0,13.0,10.0,5.0,4.0,4.0,6.0,11.0,54.5,5.0,13.0,2.0,11.0,11.0,24,32.0,1.0,61.0,669.0,60.0,238.0,308.0,132.0,17.0,669.0,20.0,9.0,45.0,11.0,55.0,313.0,1413.0,628.0,7.0,11.0,3.0,29.0,21.0,377.0,52.0,3,1,1,13.0,14.0,1.0,18.0,11.0,10.0,0.0,0.0,0,63.0,22.0,10.0,68.8
2022-11-05,16:00,Liga F,Matchweek 8,Sat,Away,L,0,1,Alhama,Atlético Madrid,0.3,1.6,31.0,,Judith Caravaca,4-1-4-1,Beatriz Cuesta Arribas,6.0,2.0,33.3,0.0,0.0,22.6,0.0,0,0,0.3,0.3,0.05,-0.3,-0.3,6.0,5.0,83.3,0,1.3,0.3,0,0,0,0,3.0,22.0,13.6,15.0,1.0,80.0,45.5,14.0,71.4,43.9,19.0,1.0,5.3,0.0,5.5,124.0,265.0,46.8,2693.0,1432.0,50.0,77.0,64.9,49.0,88.0,55.7,25.0,86.0,29.1,0,0.3,0.2,4.0,8.0,5.0,1.0,11.0,265.0,208.0,56.0,15.0,0.0,2.0,15.0,25.0,0.0,0.0,0.0,0.0,124.0,1.0,4.0,8.0,6.0,0.0,1.0,0.0,1.0,0.0,0.0,0.0,0.0,0.0,0.0,0.0,0.0,27.0,18.0,17.0,10.0,0.0,21.0,34.0,61.8,13.0,9.0,5.0,4.0,16.0,43,24.0,0.0,31.0,388.0,67.0,189.0,150.0,53.0,5.0,388.0,5.0,4.0,80.0,1.0,20.0,129.0,602.0,237.0,4.0,4.0,1.0,17.0,6.0,121.0,10.0,2,0,0,14.0,13.0,1.0,15.0,16.0,18.0,0.0,0.0,0,61.0,12.0,20.0,37.5,17.0,6.0,35.3,0.06,0.17,15.1,2.0,0,0,1.6,1.6,0.09,-0.6,-0.6,2.0,2.0,100.0,1,0.2,0.2,0,0,0,0,3.0,6.0,50.0,33.0,13.0,9.1,23.8,7.0,42.9,40.1,10.0,0.0,0.0,5.0,24.0,478.0,601.0,79.5,9241.0,3691.0,164.0,204.0,80.4,243.0,282.0,86.2,66.0,103.0,64.1,1,1.4,2.1,13.0,41.0,10.0,2.0,69.0,601.0,530.0,69.0,13.0,0.0,3.0,27.0,39.0,9.0,5.0,3.0,0.0,478.0,2.0,4.0,28.0,18.0,2.0,2.0,3.0,3.0,0.0,2.0,2.0,0.0,0.0,0.0,0.0,0.0,7.0,6.0,2.0,5.0,0.0,1.0,5.0,20.0,4.0,3.0,0.0,3.0,4.0,11,8.0,0.0,69.0,721.0,47.0,178.0,352.0,197.0,31.0,721.0,34.0,13.0,38.2,21.0,61.8,368.0,2559.0,1487.0,36.0,22.0,7.0,33.0,6.0,471.0,68.0,3,0,0,13.0,14.0,2.0,27.0,4.0,6.0,0.0,0.0,0,61.0,20.0,12.0,62.5
2022-11-19,12:00,Liga F,Matchweek 9,Sat,Home,W,1,0,Alhama,UDG Tenerife,0.5,0.5,40.0,,Judith Caravaca,4-2-3-1,Alicia Espinosa Ríos,7.0,2.0,28.6,0.14,0.5,19.0,1.0,0,0,0.5,0.5,0.07,0.5,0.5,5.0,5.0,100.0,1,1.4,1.4,0,0,0,0,6.0,15.0,40.0,17.0,0.0,58.8,52.2,11.0,45.5,38.6,7.0,0.0,0.0,6.0,25.8,137.0,283.0,48.4,2865.0,1685.0,58.0,101.0,57.4,47.0,89.0,52.8,30.0,80.0,37.5,1,0.3,0.3,3.0,15.0,1.0,1.0,13.0,283.0,230.0,51.0,13.0,0.0,3.0,17.0,22.0,4.0,2.0,1.0,0.0,137.0,2.0,8.0,9.0,3.0,2.0,0.0,0.0,2.0,2.0,2.0,1.0,1.0,0.0,0.0,0.0,0.0,25.0,19.0,9.0,11.0,5.0,10.0,22.0,45.5,12.0,13.0,4.0,9.0,16.0,41,22.0,0.0,40.0,406.0,49.0,156.0,161.0,98.0,7.0,406.0,10.0,2.0,20.0,8.0,80.0,166.0,750.0,217.0,5.0,8.0,3.0,25.0,5.0,135.0,13.0,3,0,0,13.0,12.0,2.0,17.0,16.0,19.0,0.0,0.0,0,71.0,5.0,9.0,35.7,13.0,5.0,38.5,0.0,0.0,26.3,1.0,0,0,0.5,0.5,0.04,-0.5,-0.5,2.0,1.0,50.0,0,0.7,-0.3,0,0,0,0,3.0,7.0,42.9,35.0,9.0,11.4,27.1,6.0,50.0,37.0,13.0,0.0,0.0,3.0,21.5,286.0,417.0,68.6,5287.0,2417.0,108.0,135.0,80.0,145.0,189.0,76.7,27.0,73.0,37.0,0,0.3,0.4,6.0,19.0,5.0,0.0,35.0,417.0,346.0,70.0,14.0,0.0,1.0,10.0,43.0,5.0,5.0,0.0,0.0,286.0,1.0,10.0,18.0,9.0,2.0,2.0,1.0,2.0,2.0,0.0,0.0,0.0,0.0,0.0,0.0,0.0,14.0,9.0,6.0,6.0,2.0,9.0,11.0,81.8,2.0,8.0,1.0,7.0,7.0,21,15.0,0.0,60.0,545.0,57.0,191.0,262.0,99.0,13.0,545.0,22.0,12.0,54.5,10.0,45.5,249.0,1520.0,667.0,10.0,6.0,3.0,25.0,14.0,280.0,35.0,2,0,0,13.0,13.0,1.0,10.0,7.0,9.0,0.0,0.0,0,68.0,9.0,5.0,64.3
2022-11-26,18:15,Liga F,Matchweek 10,Sat,Away,L,1,5,Alhama,Real Madrid,0.7,3.1,32.0,,Marina Martí,4-3-3,Ylenia Sánchez Miguel,11.0,2.0,18.2,0.09,0.5,18.4,1.0,0,0,0.7,0.7,0.06,0.3,0.3,8.0,3.0,37.5,0,3.5,-1.5,0,0,0,0,11.0,31.0,35.5,25.0,1.0,92.0,46.5,9.0,88.9,43.6,14.0,2.0,14.3,3.0,14.6,136.0,260.0,52.3,2989.0,1614.0,48.0,71.0,67.6,51.0,85.0,60.0,33.0,83.0,39.8,1,0.5,0.6,7.0,12.0,2.0,1.0,21.0,260.0,211.0,46.0,9.0,0.0,1.0,18.0,16.0,6.0,3.0,3.0,0.0,136.0,3.0,12.0,17.0,9.0,3.0,1.0,3.0,1.0,0.0,2.0,2.0,0.0,0.0,0.0,0.0,0.0,32.0,20.0,19.0,9.0,4.0,21.0,42.0,50.0,21.0,12.0,5.0,7.0,20.0,52,25.0,1.0,32.0,386.0,70.0,170.0,140.0,80.0,14.0,386.0,7.0,4.0,57.1,3.0,42.9,104.0,695.0,345.0,7.0,6.0,4.0,12.0,12.0,136.0,21.0,4,0,0,20.0,5.0,3.0,18.0,20.0,20.0,0.0,0.0,0,64.0,14.0,11.0,56.0,18.0,8.0,44.4,0.28,0.63,16.6,0.0,0,0,3.1,3.1,0.17,1.9,1.9,2.0,1.0,50.0,0,1.0,0.0,0,0,0,0,3.0,8.0,37.5,20.0,5.0,20.0,32.2,10.0,40.0,29.3,14.0,3.0,21.4,0.0,4.3,421.0,544.0,77.4,7509.0,3137.0,168.0,198.0,84.8,201.0,236.0,85.2,41.0,73.0,56.2,5,2.5,2.1,15.0,38.0,8.0,1.0,54.0,544.0,459.0,80.0,23.0,10.0,2.0,19.0,38.0,7.0,2.0,1.0,2.0,421.0,5.0,9.0,32.0,24.0,1.0,4.0,2.0,0.0,1.0,9.0,7.0,0.0,2.0,0.0,0.0,0.0,15.0,9.0,6.0,4.0,5.0,3.0,7.0,42.9,4.0,17.0,6.0,11.0,12.0,27,12.0,0.0,68.0,677.0,64.0,180.0,319.0,183.0,34.0,677.0,42.0,21.0,50.0,21.0,50.0,357.0,2174.0,1065.0,22.0,13.0,9.0,20.0,11.0,416.0,54.0,1,0,0,5.0,19.0,5.0,19.0,12.0,9.0,0.0,0.0,0,69.0,11.0,14.0,44.0
2022-12-04,16:00,Liga F,Matchweek 11,Sun,Home,L,0,1,Alhama,Villarreal,0.6,1.1,52.0,,Judith Caravaca,4-1-2-1-2◆,Marta Frías Acedo,9.0,1.0,11.1,0.0,0.0,21.8,1.0,0,0,0.6,0.6,0.07,-0.6,-0.6,6.0,5.0,83.3,0,0.6,-0.4,0,0,0,0,6.0,20.0,30.0,25.0,5.0,44.0,36.9,14.0,64.3,36.6,16.0,2.0,12.5,2.0,15.8,185.0,347.0,53.3,3880.0,2044.0,56.0,93.0,60.2,93.0,145.0,64.1,31.0,92.0,33.7,0,0.2,0.2,4.0,9.0,3.0,3.0,19.0,347.0,280.0,66.0,16.0,3.0,1.0,19.0,31.0,3.0,3.0,0.0,0.0,185.0,1.0,10.0,10.0,6.0,1.0,0.0,2.0,0.0,1.0,0.0,0.0,0.0,0.0,0.0,0.0,0.0,34.0,19.0,23.0,11.0,0.0,14.0,20.0,70.0,6.0,10.0,5.0,5.0,6.0,40,34.0,1.0,52.0,501.0,81.0,237.0,181.0,85.0,14.0,501.0,10.0,3.0,30.0,7.0,70.0,151.0,726.0,361.0,9.0,0.0,2.0,23.0,9.0,180.0,19.0,3,1,1,13.0,15.0,1.0,19.0,6.0,19.0,0.0,0.0,0,60.0,16.0,30.0,34.8,20.0,6.0,30.0,0.05,0.17,20.6,3.0,0,0,1.1,1.1,0.06,-0.1,-0.1,1.0,1.0,100.0,1,0.2,0.2,0,0,0,0,9.0,21.0,42.9,18.0,0.0,66.7,41.4,9.0,100.0,54.0,15.0,2.0,13.3,2.0,14.4,166.0,326.0,50.9,3570.0,2030.0,62.0,92.0,67.4,54.0,111.0,48.6,42.0,93.0,45.2,0,0.9,0.3,12.0,14.0,5.0,4.0,21.0,326.0,253.0,72.0,10.0,0.0,2.0,21.0,45.0,7.0,5.0,0.0,0.0,166.0,1.0,7.0,36.0,21.0,5.0,2.0,4.0,4.0,0.0,0.0,0.0,0.0,0.0,0.0,0.0,0.0,16.0,5.0,2.0,11.0,3.0,7.0,10.0,70.0,3.0,13.0,4.0,9.0,2.0,18,21.0,1.0,48.0,455.0,51.0,117.0,195.0,146.0,20.0,455.0,20.0,6.0,30.0,14.0,70.0,139.0,904.0,355.0,11.0,6.0,5.0,20.0,20.0,164.0,21.0,1,0,0,16.0,12.0,1.0,21.0,2.0,5.0,0.0,0.0,0,56.0,30.0,16.0,65.2
2022-12-10,19:00,Liga F,Matchweek 12,Sat,Away,L,0,4,Alhama,Barcelona,0.1,3.4,20.0,,Judith Caravaca,4-3-3,Patricia Luna Varo,2.0,1.0,50.0,0.0,0.0,20.6,0.0,0,0,0.1,0.1,0.04,-0.1,-0.1,13.0,9.0,69.2,0,3.2,-0.8,0,0,0,0,10.0,26.0,38.5,21.0,0.0,81.0,43.9,17.0,76.5,42.1,23.0,4.0,17.4,0.0,6.0,78.0,221.0,35.3,1644.0,1010.0,31.0,57.0,54.4,24.0,56.0,42.9,19.0,89.0,21.3,0,0.1,0.0,2.0,5.0,1.0,0.0,4.0,221.0,182.0,38.0,11.0,0.0,0.0,3.0,5.0,0.0,0.0,0.0,0.0,78.0,1.0,6.0,3.0,3.0,0.0,0.0,0.0,0.0,0.0,0.0,0.0,0.0,0.0,0.0,0.0,0.0,17.0,8.0,10.0,7.0,0.0,8.0,19.0,42.1,11.0,19.0,7.0,12.0,14.0,31,17.0,0.0,20.0,330.0,83.0,184.0,135.0,16.0,2.0,330.0,6.0,3.0,50.0,3.0,50.0,91.0,572.0,273.0,2.0,0.0,1.0,11.0,7.0,77.0,4.0,4,1,1,13.0,9.0,1.0,3.0,14.0,8.0,0.0,0.0,0,65.0,11.0,11.0,50.0,36.0,13.0,36.1,0.11,0.31,19.0,1.0,0,0,3.4,3.4,0.1,0.6,0.6,1.0,1.0,100.0,1,0.1,0.1,0,0,0,0,0.0,0.0,,23.0,4.0,0.0,16.2,4.0,0.0,19.3,1.0,0.0,0.0,5.0,32.2,756.0,886.0,85.3,11668.0,4681.0,399.0,451.0,88.5,314.0,355.0,88.5,31.0,46.0,67.4,3,3.4,2.8,33.0,90.0,23.0,7.0,84.0,886.0,834.0,50.0,13.0,1.0,0.0,26.0,23.0,9.0,0.0,6.0,0.0,756.0,2.0,13.0,69.0,61.0,3.0,4.0,0.0,1.0,0.0,8.0,6.0,0.0,1.0,0.0,1.0,0.0,10.0,3.0,0.0,3.0,7.0,3.0,6.0,50.0,3.0,5.0,0.0,5.0,2.0,12,6.0,0.0,80.0,982.0,25.0,157.0,576.0,255.0,44.0,982.0,19.0,11.0,57.9,8.0,42.1,598.0,2695.0,1382.0,35.0,18.0,11.0,19.0,9.0,751.0,82.0,0,0,0,9.0,13.0,2.0,26.0,2.0,3.0,0.0,0.0,0,85.0,11.0,11.0,50.0
2022-12-17,18:15,Liga F,Matchweek 13,Sat,Home,W,3,1,Alhama,Alavés,0.6,2.0,40.0,,Judith Caravaca,4-2-3-1,Beatriz Cuesta Arribas,15.0,4.0,26.7,0.13,0.5,26.7,0.0,0,0,0.6,0.6,0.04,1.4,1.4,5.0,4.0,80.0,0,1.3,0.3,0,0,0,0,7.0,22.0,31.8,19.0,1.0,89.5,52.4,5.0,100.0,50.0,23.0,0.0,0.0,0.0,,165.0,308.0,53.6,3341.0,1911.0,64.0,86.0,74.4,67.0,101.0,66.3,30.0,105.0,28.6,2,0.5,0.6,13.0,16.0,4.0,2.0,19.0,308.0,255.0,49.0,13.0,1.0,3.0,11.0,29.0,0.0,0.0,0.0,0.0,165.0,4.0,3.0,23.0,18.0,2.0,0.0,0.0,1.0,2.0,3.0,3.0,0.0,0.0,0.0,0.0,0.0,32.0,14.0,14.0,17.0,1.0,18.0,24.0,75.0,6.0,13.0,4.0,9.0,14.0,46,35.0,0.0,40.0,453.0,60.0,182.0,195.0,82.0,13.0,453.0,6.0,4.0,66.7,2.0,33.3,146.0,925.0,384.0,7.0,12.0,1.0,15.0,3.0,160.0,18.0,2,0,0,14.0,10.0,4.0,11.0,14.0,14.0,0.0,0.0,0,74.0,18.0,23.0,43.9,14.0,5.0,35.7,0.07,0.2,20.8,0.0,0,0,2.0,2.0,0.14,-1.0,-1.0,4.0,2.0,25.0,0,1.0,-1.0,0,0,0,0,13.0,20.0,65.0,33.0,10.0,30.3,32.7,10.0,100.0,50.6,10.0,0.0,0.0,2.0,20.7,315.0,470.0,67.0,6272.0,3464.0,130.0,168.0,77.4,134.0,183.0,73.2,49.0,101.0,48.5,0,1.0,1.0,10.0,24.0,8.0,5.0,31.0,470.0,379.0,88.0,17.0,0.0,0.0,29.0,51.0,7.0,7.0,0.0,0.0,315.0,3.0,11.0,20.0,10.0,6.0,0.0,3.0,1.0,0.0,1.0,0.0,0.0,0.0,1.0,0.0,0.0,5.0,2.0,1.0,4.0,0.0,2.0,6.0,33.3,4.0,7.0,4.0,3.0,5.0,10,17.0,0.0,60.0,591.0,60.0,172.0,263.0,158.0,27.0,591.0,24.0,6.0,25.0,18.0,75.0,240.0,1152.0,613.0,10.0,8.0,1.0,20.0,14.0,313.0,31.0,2,0,0,10.0,13.0,3.0,29.0,5.0,2.0,0.0,0.0,1,62.0,23.0,18.0,56.1
2023-01-07,16:00,Liga F,Matchweek 14,Sat,Away,L,1,2,Alhama,Real Sociedad,0.8,0.8,33.0,,Judith Caravaca,4-2-3-1,Xiomara Díaz García,11.0,3.0,27.3,0.09,0.33,24.5,1.0,0,0,0.8,0.8,0.08,0.2,0.2,8.0,7.0,75.0,0,1.8,0.8,0,0,0,0,3.0,16.0,18.8,18.0,0.0,72.2,48.5,9.0,33.3,41.9,20.0,0.0,0.0,1.0,13.5,133.0,287.0,46.3,2536.0,1321.0,58.0,91.0,63.7,46.0,89.0,51.7,22.0,84.0,26.2,1,0.7,0.9,5.0,16.0,5.0,5.0,21.0,287.0,232.0,53.0,6.0,0.0,1.0,24.0,31.0,4.0,4.0,0.0,0.0,133.0,2.0,7.0,11.0,8.0,1.0,0.0,0.0,1.0,1.0,1.0,1.0,0.0,0.0,0.0,0.0,0.0,22.0,13.0,14.0,6.0,2.0,9.0,24.0,37.5,15.0,23.0,7.0,16.0,14.0,36,32.0,1.0,33.0,424.0,65.0,179.0,164.0,89.0,17.0,424.0,9.0,2.0,22.2,7.0,77.8,135.0,795.0,331.0,9.0,8.0,3.0,16.0,9.0,131.0,20.0,2,0,0,10.0,5.0,2.0,24.0,14.0,13.0,0.0,0.0,1,73.0,8.0,14.0,36.4,21.0,8.0,38.1,0.05,0.13,20.3,0.0,0,0,0.8,0.8,0.04,0.2,0.2,3.0,2.0,66.7,0,1.1,0.1,0,0,0,0,4.0,10.0,40.0,22.0,4.0,13.6,26.5,15.0,46.7,34.7,19.0,0.0,0.0,1.0,31.0,416.0,577.0,72.1,7197.0,3203.0,201.0,246.0,81.7,175.0,224.0,78.1,37.0,74.0,50.0,1,0.8,0.8,19.0,42.0,8.0,3.0,56.0,577.0,514.0,60.0,12.0,0.0,0.0,25.0,22.0,9.0,3.0,6.0,0.0,416.0,3.0,16.0,38.0,31.0,4.0,1.0,2.0,0.0,0.0,2.0,1.0,1.0,0.0,0.0,0.0,0.0,16.0,7.0,10.0,6.0,0.0,7.0,9.0,77.8,2.0,4.0,0.0,4.0,6.0,22,19.0,0.0,67.0,688.0,66.0,222.0,298.0,172.0,28.0,688.0,24.0,15.0,62.5,9.0,37.5,310.0,1338.0,671.0,19.0,10.0,6.0,20.0,12.0,413.0,55.0,1,0,0,5.0,9.0,3.0,25.0,6.0,7.0,0.0,0.0,0,80.0,14.0,8.0,63.6
2023-01-15,12:00,Liga F,Matchweek 15,Sun,Home,W,2,1,Alhama,Athletic Club,1.8,0.4,42.0,,Judith Caravaca,4-2-3-1,Zulema González González,20.0,6.0,30.0,0.1,0.33,20.3,0.0,0,0,1.8,1.8,0.09,0.2,0.2,2.0,1.0,50.0,0,0.4,-0.6,0,0,0,0,14.0,20.0,70.0,14.0,0.0,71.4,44.3,10.0,100.0,49.7,17.0,1.0,5.9,0.0,5.5,215.0,376.0,57.2,4516.0,2775.0,91.0,131.0,69.5,82.0,141.0,58.2,41.0,84.0,48.8,2,1.6,1.1,14.0,26.0,6.0,5.0,41.0,376.0,326.0,48.0,7.0,3.0,0.0,26.0,27.0,2.0,0.0,1.0,0.0,215.0,2.0,10.0,32.0,23.0,4.0,1.0,1.0,2.0,1.0,4.0,4.0,0.0,0.0,0.0,0.0,0.0,26.0,13.0,9.0,15.0,2.0,8.0,14.0,57.1,6.0,15.0,2.0,13.0,17.0,43,33.0,0.0,42.0,542.0,57.0,174.0,246.0,129.0,17.0,542.0,15.0,7.0,46.7,8.0,53.3,194.0,952.0,451.0,15.0,12.0,1.0,28.0,9.0,212.0,40.0,0,0,0,8.0,4.0,2.0,26.0,17.0,13.0,0.0,0.0,0,74.0,28.0,24.0,53.8,10.0,2.0,20.0,0.1,0.5,27.2,1.0,0,0,0.4,0.4,0.04,0.6,0.6,6.0,4.0,66.7,0,2.1,0.1,0,0,0,0,7.0,14.0,50.0,37.0,8.0,21.6,31.8,11.0,54.5,33.7,19.0,0.0,0.0,0.0,12.0,345.0,524.0,65.8,6697.0,3274.0,139.0,184.0,75.5,147.0,196.0,75.0,55.0,117.0,47.0,1,0.2,0.8,3.0,28.0,4.0,4.0,32.0,524.0,453.0,69.0,8.0,0.0,1.0,20.0,43.0,4.0,3.0,0.0,0.0,345.0,2.0,15.0,13.0,9.0,1.0,1.0,0.0,2.0,0.0,2.0,2.0,0.0,0.0,0.0,0.0,0.0,17.0,9.0,6.0,10.0,1.0,8.0,15.0,53.3,7.0,11.0,2.0,9.0,14.0,31,27.0,0.0,58.0,651.0,79.0,249.0,268.0,137.0,7.0,651.0,14.0,6.0,42.9,8.0,57.1,283.0,1427.0,594.0,8.0,6.0,1.0,20.0,18.0,342.0,32.0,1,0,0,5.0,8.0,2.0,20.0,14.0,9.0,0.0,0.0,0,65.0,24.0,28.0,46.2
2023-01-24,20:00,Liga F,Matchweek 16,Tue,Away,W,2,1,Alhama,Real Betis,0.5,0.5,41.0,,Judith Caravaca,4-3-3,Arantza Gallastegui Pérez,9.0,4.0,44.4,0.22,0.5,20.4,0.0,0,0,0.5,0.5,0.05,1.5,1.5,2.0,1.0,50.0,0,0.4,-0.6,0,0,0,0,6.0,17.0,35.3,15.0,0.0,80.0,48.2,5.0,100.0,43.8,15.0,0.0,0.0,0.0,,133.0,307.0,43.3,2670.0,1516.0,58.0,94.0,61.7,49.0,111.0,44.1,23.0,73.0,31.5,0,0.3,0.4,5.0,11.0,5.0,3.0,18.0,307.0,245.0,53.0,10.0,1.0,4.0,20.0,32.0,4.0,4.0,0.0,0.0,133.0,9.0,9.0,11.0,7.0,2.0,2.0,0.0,0.0,0.0,2.0,2.0,0.0,0.0,0.0,0.0,0.0,35.0,21.0,17.0,16.0,2.0,17.0,29.0,58.6,12.0,18.0,5.0,13.0,19.0,54,22.0,0.0,41.0,446.0,43.0,154.0,209.0,91.0,11.0,446.0,18.0,8.0,44.4,10.0,55.6,169.0,712.0,295.0,7.0,7.0,3.0,16.0,4.0,130.0,18.0,1,0,0,12.0,7.0,9.0,20.0,19.0,21.0,0.0,0.0,0,84.0,23.0,24.0,48.9,11.0,2.0,18.2,0.09,0.5,18.9,0.0,0,0,0.5,0.5,0.05,0.5,0.5,4.0,2.0,50.0,0,0.7,-1.3,0,0,0,0,8.0,21.0,38.1,50.0,2.0,40.0,34.9,6.0,16.7,15.3,14.0,1.0,7.1,4.0,15.4,290.0,447.0,64.9,5482.0,2416.0,115.0,158.0,72.8,121.0,159.0,76.1,40.0,90.0,44.4,1,0.4,0.8,8.0,15.0,5.0,4.0,22.0,447.0,366.0,80.0,20.0,0.0,1.0,19.0,44.0,7.0,2.0,3.0,1.0,290.0,1.0,16.0,19.0,14.0,3.0,0.0,2.0,0.0,0.0,1.0,0.0,1.0,0.0,0.0,0.0,0.0,14.0,10.0,5.0,9.0,0.0,10.0,18.0,55.6,8.0,9.0,2.0,7.0,15.0,29,20.0,1.0,59.0,588.0,55.0,202.0,265.0,133.0,14.0,588.0,29.0,12.0,41.4,16.0,55.2,268.0,1577.0,630.0,18.0,12.0,3.0,34.0,18.0,280.0,22.0,2,0,0,9.0,12.0,1.0,19.0,15.0,10.0,0.0,0.0,0,72.0,24.0,23.0,51.1
2023-01-28,16:00,Liga F,Matchweek 17,Sat,Away,L,1,3,Alhama,Levante,1.5,2.2,35.0,,Judith Caravaca,4-3-3,María Eugenia Gil Soriano,13.0,4.0,30.8,0.08,0.25,24.2,0.0,0,0,1.5,1.5,0.12,-0.5,-0.5,7.0,4.0,57.1,0,2.1,-0.9,0,0,0,0,14.0,30.0,46.7,17.0,0.0,88.2,51.3,16.0,93.8,54.0,14.0,0.0,0.0,0.0,6.3,138.0,287.0,48.1,3221.0,2027.0,40.0,66.0,60.6,61.0,108.0,56.5,34.0,102.0,33.3,0,0.3,0.1,7.0,24.0,1.0,1.0,24.0,287.0,231.0,55.0,4.0,0.0,0.0,23.0,27.0,4.0,4.0,0.0,0.0,138.0,1.0,7.0,16.0,11.0,1.0,1.0,1.0,1.0,1.0,0.0,0.0,0.0,0.0,0.0,0.0,0.0,26.0,21.0,15.0,5.0,6.0,0.0,10.0,0.0,10.0,24.0,5.0,19.0,18.0,44,20.0,0.0,35.0,416.0,61.0,161.0,172.0,88.0,6.0,416.0,5.0,3.0,60.0,2.0,40.0,101.0,1071.0,234.0,5.0,7.0,2.0,14.0,11.0,135.0,24.0,4,0,0,17.0,3.0,1.0,23.0,18.0,21.0,0.0,0.0,0,46.0,10.0,11.0,47.6,19.0,7.0,36.8,0.16,0.43,16.2,0.0,0,0,2.2,2.2,0.12,0.8,0.8,4.0,3.0,75.0,0,1.2,0.2,0,0,0,0,2.0,5.0,40.0,27.0,7.0,14.8,25.4,8.0,12.5,24.0,20.0,1.0,5.0,1.0,9.0,367.0,522.0,70.3,7139.0,3444.0,149.0,196.0,76.0,164.0,216.0,75.9,47.0,84.0,56.0,2,1.6,1.7,15.0,21.0,9.0,5.0,33.0,522.0,448.0,72.0,17.0,1.0,2.0,16.0,40.0,5.0,3.0,2.0,0.0,367.0,2.0,20.0,32.0,19.0,7.0,1.0,3.0,2.0,0.0,5.0,2.0,1.0,0.0,1.0,1.0,0.0,12.0,11.0,2.0,7.0,3.0,2.0,4.0,50.0,2.0,8.0,3.0,5.0,6.0,18,12.0,1.0,65.0,607.0,74.0,227.0,237.0,146.0,27.0,607.0,10.0,10.0,100.0,0.0,0.0,186.0,1145.0,411.0,13.0,7.0,4.0,14.0,25.0,355.0,29.0,1,0,0,3.0,16.0,2.0,16.0,6.0,11.0,0.0,0.0,0,17.0,10.0,8.0,55.6
2023-02-04,12:00,Liga F,Matchweek 18,Sat,Home,D,0,0,Alhama,Levante Planas,1.2,0.3,44.0,,Judith Caravaca,4-2-3-1,Amy Peñalver Pearce,16.0,5.0,31.3,0.0,0.0,18.8,0.0,0,0,1.2,1.2,0.08,-1.2,-1.2,1.0,1.0,100.0,1,0.2,0.2,0,0,0,0,3.0,22.0,13.6,20.0,0.0,80.0,46.1,7.0,85.7,47.4,6.0,0.0,0.0,4.0,26.5,134.0,297.0,45.1,2890.0,1354.0,45.0,77.0,58.4,56.0,94.0,59.6,29.0,96.0,30.2,0,0.9,0.9,9.0,22.0,11.0,6.0,27.0,297.0,231.0,57.0,19.0,0.0,2.0,30.0,26.0,4.0,3.0,0.0,0.0,134.0,9.0,9.0,23.0,17.0,3.0,0.0,1.0,2.0,0.0,0.0,0.0,0.0,0.0,0.0,0.0,0.0,28.0,17.0,12.0,12.0,4.0,6.0,13.0,46.2,7.0,5.0,1.0,4.0,15.0,43,13.0,0.0,44.0,403.0,34.0,124.0,171.0,113.0,22.0,403.0,8.0,7.0,87.5,1.0,12.5,134.0,794.0,359.0,12.0,5.0,2.0,15.0,6.0,131.0,26.0,1,0,0,11.0,17.0,9.0,30.0,15.0,17.0,0.0,0.0,0,77.0,13.0,19.0,40.6,3.0,1.0,33.3,0.0,0.0,16.1,1.0,0,0,0.3,0.3,0.09,-0.3,-0.3,5.0,5.0,100.0,1,1.0,1.0,0,0,0,0,4.0,22.0,18.2,34.0,8.0,41.2,37.7,8.0,100.0,65.0,24.0,2.0,8.3,1.0,9.1,219.0,372.0,58.9,4432.0,2370.0,70.0,109.0,64.2,114.0,158.0,72.2,31.0,88.0,35.2,0,0.2,0.5,2.0,21.0,1.0,0.0,26.0,372.0,307.0,65.0,19.0,0.0,1.0,7.0,33.0,4.0,2.0,2.0,0.0,219.0,0.0,4.0,5.0,0.0,2.0,1.0,1.0,1.0,0.0,0.0,0.0,0.0,0.0,0.0,0.0,0.0,7.0,6.0,5.0,2.0,0.0,1.0,8.0,12.5,7.0,9.0,5.0,4.0,7.0,14,30.0,0.0,56.0,483.0,85.0,206.0,210.0,72.0,6.0,483.0,13.0,7.0,53.8,6.0,46.2,180.0,1170.0,407.0,9.0,7.0,1.0,23.0,22.0,218.0,26.0,2,0,0,19.0,9.0,0.0,7.0,7.0,6.0,0.0,0.0,0,55.0,19.0,13.0,59.4
2023-02-12,11:00,Liga F,Matchweek 19,Sun,Away,D,0,0,Alhama,UDG Tenerife,0.4,0.7,38.0,,Judith Caravaca,4-2-3-1,Olatz Rivera Olmedo,5.0,1.0,20.0,0.0,0.0,21.9,1.0,0,0,0.4,0.4,0.09,-0.4,-0.4,3.0,3.0,100.0,1,0.4,0.4,0,0,0,0,11.0,30.0,36.7,19.0,0.0,68.4,45.9,17.0,100.0,48.8,21.0,0.0,0.0,2.0,12.4,119.0,250.0,47.6,2499.0,1628.0,48.0,78.0,61.5,41.0,75.0,54.7,25.0,78.0,32.1,0,0.4,0.2,4.0,10.0,3.0,1.0,17.0,250.0,198.0,50.0,10.0,1.0,2.0,11.0,20.0,2.0,1.0,1.0,0.0,119.0,2.0,10.0,9.0,4.0,3.0,0.0,0.0,2.0,0.0,0.0,0.0,0.0,0.0,0.0,0.0,0.0,34.0,26.0,21.0,10.0,3.0,16.0,23.0,69.6,7.0,14.0,4.0,10.0,18.0,52,18.0,0.0,38.0,389.0,62.0,170.0,173.0,51.0,8.0,389.0,7.0,4.0,57.1,3.0,42.9,112.0,616.0,266.0,4.0,5.0,1.0,24.0,4.0,117.0,17.0,2,0,0,10.0,8.0,2.0,11.0,18.0,26.0,0.0,0.0,0,51.0,15.0,19.0,44.1,15.0,3.0,20.0,0.0,0.0,20.1,1.0,0,0,0.7,0.7,0.05,-0.7,-0.7,1.0,1.0,100.0,1,0.1,0.1,0,0,0,0,8.0,20.0,40.0,23.0,2.0,56.5,40.7,12.0,58.3,33.5,8.0,1.0,12.5,6.0,20.6,262.0,404.0,64.9,5626.0,2617.0,87.0,120.0,72.5,117.0,157.0,74.5,55.0,107.0,51.4,0,0.3,0.4,7.0,28.0,5.0,1.0,40.0,404.0,328.0,73.0,11.0,0.0,1.0,24.0,35.0,14.0,0.0,0.0,11.0,262.0,3.0,13.0,17.0,8.0,4.0,2.0,1.0,2.0,0.0,0.0,0.0,0.0,0.0,0.0,0.0,0.0,7.0,7.0,3.0,4.0,0.0,3.0,7.0,42.9,4.0,8.0,0.0,8.0,5.0,12,8.0,0.0,62.0,502.0,39.0,116.0,258.0,132.0,22.0,502.0,23.0,7.0,30.4,16.0,69.6,209.0,1202.0,445.0,10.0,10.0,3.0,19.0,18.0,257.0,38.0,1,0,0,8.0,10.0,3.0,24.0,5.0,7.0,0.0,0.0,0,57.0,19.0,15.0,55.9
2023-03-04,18:15,Liga F,Matchweek 20,Sat,Home,L,1,5,Alhama,Real Madrid,0.9,1.9,41.0,,Judith Caravaca,4-2-3-1,Paola Cebollada López,9.0,1.0,11.1,0.11,1.0,20.1,0.0,0,0,0.9,0.9,0.09,0.1,0.1,6.0,2.0,16.7,0,1.6,-2.4,0,0,0,0,9.0,23.0,39.1,14.0,1.0,85.7,50.4,11.0,100.0,51.3,4.0,0.0,0.0,1.0,13.3,178.0,331.0,53.8,3776.0,2032.0,61.0,95.0,64.2,81.0,127.0,63.8,30.0,86.0,34.9,0,0.2,0.5,3.0,30.0,3.0,0.0,34.0,331.0,263.0,62.0,9.0,0.0,1.0,27.0,31.0,6.0,5.0,1.0,0.0,178.0,6.0,10.0,13.0,7.0,2.0,0.0,1.0,1.0,2.0,2.0,2.0,0.0,0.0,0.0,0.0,0.0,30.0,19.0,11.0,14.0,5.0,12.0,24.0,50.0,12.0,16.0,5.0,11.0,13.0,43,11.0,1.0,41.0,430.0,44.0,111.0,186.0,137.0,16.0,430.0,6.0,3.0,50.0,3.0,50.0,145.0,677.0,277.0,4.0,4.0,1.0,16.0,19.0,173.0,33.0,3,0,0,11.0,9.0,6.0,27.0,13.0,19.0,0.0,0.0,1,55.0,13.0,12.0,52.0,22.0,6.0,27.3,0.18,0.67,17.3,0.0,0,0,1.9,1.9,0.09,2.1,2.1,1.0,0.0,0.0,0,0.6,-0.4,0,0,0,0,8.0,23.0,34.8,22.0,5.0,63.6,38.8,12.0,75.0,39.7,21.0,2.0,9.5,0.0,8.3,340.0,474.0,71.7,5660.0,2693.0,164.0,205.0,80.0,105.0,134.0,78.4,46.0,93.0,49.5,2,1.3,0.9,13.0,30.0,7.0,1.0,31.0,474.0,405.0,69.0,17.0,1.0,5.0,7.0,35.0,3.0,3.0,0.0,0.0,340.0,0.0,11.0,37.0,27.0,3.0,2.0,4.0,0.0,1.0,7.0,5.0,0.0,1.0,1.0,0.0,0.0,22.0,16.0,8.0,12.0,2.0,3.0,6.0,50.0,3.0,10.0,3.0,7.0,13.0,35,24.0,1.0,59.0,591.0,60.0,209.0,272.0,115.0,36.0,591.0,24.0,12.0,50.0,12.0,50.0,315.0,1846.0,785.0,23.0,13.0,12.0,19.0,19.0,335.0,31.0,1,0,0,9.0,11.0,0.0,7.0,13.0,16.0,0.0,0.0,0,64.0,12.0,13.0,48.0
2023-03-12,12:00,Liga F,Matchweek 21,Sun,Away,L,1,3,Alhama,Villarreal,0.6,2.5,43.0,,Judith Caravaca,4-2-3-1,Ylenia Sánchez Miguel,10.0,4.0,40.0,0.1,0.25,24.6,3.0,0,0,0.6,0.6,0.06,0.4,0.4,6.0,3.0,83.3,0,3.0,0.0,2,2,0,0,7.0,23.0,30.4,21.0,0.0,95.2,50.9,5.0,60.0,44.4,20.0,0.0,0.0,1.0,18.0,101.0,237.0,42.6,2095.0,1515.0,37.0,70.0,52.9,46.0,83.0,55.4,17.0,75.0,22.7,0,0.3,0.2,3.0,6.0,3.0,1.0,11.0,237.0,168.0,67.0,23.0,0.0,0.0,9.0,33.0,2.0,2.0,0.0,0.0,101.0,2.0,1.0,13.0,5.0,2.0,1.0,1.0,3.0,1.0,2.0,0.0,0.0,1.0,0.0,0.0,1.0,11.0,8.0,8.0,3.0,0.0,5.0,10.0,50.0,5.0,9.0,3.0,6.0,6.0,17,14.0,0.0,43.0,310.0,42.0,139.0,119.0,54.0,6.0,310.0,4.0,1.0,25.0,3.0,75.0,83.0,381.0,182.0,1.0,1.0,1.0,15.0,6.0,100.0,11.0,3,1,0,17.0,21.0,2.0,9.0,6.0,8.0,0.0,2.0,0,28.0,14.0,13.0,51.9,8.0,4.0,50.0,0.13,0.25,21.8,0.0,2,2,2.5,0.9,0.12,0.5,0.1,4.0,3.0,75.0,0,0.3,-0.7,0,0,0,0,11.0,27.0,40.7,25.0,2.0,76.0,43.1,8.0,100.0,55.3,9.0,0.0,0.0,2.0,15.0,187.0,320.0,58.4,4274.0,2457.0,67.0,90.0,74.4,69.0,107.0,64.5,47.0,105.0,44.8,1,0.8,0.7,5.0,25.0,3.0,2.0,28.0,320.0,250.0,66.0,17.0,1.0,0.0,23.0,32.0,7.0,2.0,3.0,0.0,187.0,4.0,7.0,19.0,8.0,4.0,2.0,1.0,3.0,1.0,6.0,3.0,0.0,0.0,0.0,2.0,1.0,9.0,7.0,1.0,6.0,2.0,3.0,4.0,75.0,1.0,2.0,1.0,1.0,6.0,15,13.0,0.0,57.0,397.0,37.0,120.0,162.0,124.0,15.0,395.0,10.0,5.0,50.0,5.0,50.0,161.0,858.0,339.0,13.0,7.0,6.0,16.0,6.0,178.0,26.0,4,0,0,22.0,16.0,4.0,23.0,6.0,7.0,2.0,0.0,0,33.0,13.0,14.0,48.1
2023-03-19,18:00,Liga F,Matchweek 22,Sun,Home,L,1,3,Alhama,Atlético Madrid,1.7,3.3,39.0,,Judith Caravaca,4-3-3,Patricia Luna Varo,14.0,2.0,14.3,0.0,0.0,19.5,0.0,1,1,1.7,1.0,0.07,-0.7,-1.0,6.0,3.0,50.0,0,2.5,-0.5,0,0,0,0,7.0,18.0,38.9,19.0,1.0,57.9,44.9,8.0,87.5,52.0,16.0,0.0,0.0,1.0,14.8,152.0,291.0,52.2,3464.0,1823.0,49.0,71.0,69.0,70.0,116.0,60.3,32.0,91.0,35.2,0,0.7,0.4,8.0,21.0,5.0,3.0,27.0,291.0,233.0,57.0,13.0,0.0,2.0,21.0,30.0,2.0,2.0,0.0,0.0,152.0,1.0,8.0,18.0,13.0,0.0,1.0,3.0,1.0,0.0,1.0,0.0,0.0,0.0,1.0,0.0,0.0,29.0,18.0,15.0,10.0,4.0,13.0,34.0,38.2,21.0,19.0,8.0,11.0,16.0,45,25.0,0.0,39.0,428.0,62.0,152.0,169.0,109.0,13.0,427.0,14.0,6.0,42.9,8.0,57.1,100.0,564.0,272.0,7.0,3.0,0.0,18.0,7.0,149.0,26.0,2,0,0,14.0,8.0,1.0,21.0,16.0,18.0,0.0,0.0,0,54.0,14.0,23.0,37.8,18.0,6.0,33.3,0.17,0.5,13.1,0.0,0,0,3.3,3.3,0.19,-0.3,-0.3,3.0,2.0,100.0,0,1.3,0.3,1,1,0,0,11.0,26.0,42.3,28.0,1.0,67.9,44.0,9.0,77.8,43.0,18.0,2.0,11.1,2.0,11.9,297.0,450.0,66.0,5645.0,2643.0,126.0,152.0,82.9,123.0,173.0,71.1,42.0,99.0,42.4,2,2.7,1.2,12.0,21.0,8.0,4.0,32.0,450.0,363.0,83.0,16.0,1.0,3.0,19.0,48.0,8.0,2.0,3.0,1.0,297.0,4.0,11.0,28.0,15.0,2.0,4.0,4.0,1.0,2.0,5.0,3.0,0.0,1.0,1.0,0.0,0.0,15.0,13.0,7.0,6.0,2.0,8.0,14.0,57.1,6.0,9.0,3.0,6.0,11.0,26,28.0,0.0,61.0,578.0,68.0,206.0,229.0,155.0,28.0,578.0,34.0,21.0,61.8,13.0,38.2,255.0,1483.0,648.0,9.0,7.0,3.0,19.0,16.0,295.0,31.0,1,0,0,10.0,13.0,4.0,19.0,11.0,13.0,0.0,1.0,0,63.0,23.0,14.0,62.2
2023-03-26,16:00,Liga F,Matchweek 23,Sun,Away,W,3,1,Alhama,Valencia,1.6,0.8,40.0,,Judith Caravaca,3-4-1-2,Zulema González González,8.0,6.0,75.0,0.38,0.5,17.5,0.0,0,0,1.6,1.6,0.2,1.4,1.4,2.0,1.0,50.0,0,0.8,-0.2,0,0,0,0,6.0,11.0,54.5,12.0,1.0,50.0,42.3,7.0,71.4,46.4,15.0,1.0,6.7,1.0,13.3,171.0,284.0,60.2,3186.0,1807.0,76.0,95.0,80.0,67.0,96.0,69.8,22.0,75.0,29.3,3,1.5,1.0,7.0,22.0,5.0,1.0,27.0,284.0,233.0,46.0,8.0,0.0,1.0,26.0,22.0,7.0,3.0,3.0,0.0,171.0,5.0,4.0,14.0,10.0,3.0,1.0,0.0,0.0,0.0,6.0,5.0,0.0,1.0,0.0,0.0,0.0,23.0,14.0,8.0,10.0,5.0,13.0,33.0,39.4,20.0,12.0,4.0,8.0,21.0,44,28.0,0.0,40.0,408.0,48.0,131.0,159.0,124.0,16.0,408.0,15.0,7.0,46.7,8.0,53.3,181.0,854.0,325.0,8.0,10.0,3.0,11.0,9.0,170.0,27.0,3,0,0,15.0,5.0,5.0,26.0,21.0,14.0,0.0,0.0,0,65.0,10.0,12.0,45.5,10.0,2.0,20.0,0.1,0.5,19.3,0.0,0,0,0.8,0.8,0.08,0.2,0.2,6.0,3.0,50.0,0,2.4,-0.6,0,0,0,0,7.0,12.0,58.3,23.0,3.0,34.8,32.4,11.0,36.4,29.6,20.0,0.0,0.0,2.0,13.8,318.0,429.0,74.1,5528.0,2555.0,153.0,177.0,86.4,127.0,171.0,74.3,29.0,57.0,50.9,1,0.6,0.6,7.0,27.0,6.0,2.0,34.0,429.0,346.0,81.0,20.0,0.0,3.0,18.0,44.0,2.0,2.0,0.0,0.0,318.0,2.0,9.0,17.0,13.0,1.0,2.0,0.0,1.0,0.0,2.0,2.0,0.0,0.0,0.0,0.0,0.0,17.0,10.0,9.0,4.0,4.0,8.0,15.0,53.3,7.0,5.0,1.0,4.0,10.0,27,18.0,0.0,60.0,540.0,62.0,195.0,209.0,144.0,22.0,540.0,33.0,20.0,60.6,13.0,39.4,264.0,1442.0,727.0,21.0,12.0,4.0,23.0,10.0,312.0,34.0,0,0,0,6.0,14.0,2.0,18.0,10.0,10.0,0.0,0.0,0,56.0,12.0,10.0,54.5
2023-04-02,18:00,Liga F,Matchweek 24,Sun,Home,L,0,2,Alhama,Barcelona,0.3,3.2,24.0,,Judith Caravaca,3-4-1-2,Raquel Suárez González,6.0,1.0,16.7,0.0,0.0,18.5,0.0,0,0,0.3,0.3,0.05,-0.3,-0.3,6.0,5.0,66.7,0,1.7,0.7,0,0,0,0,13.0,29.0,44.8,29.0,0.0,89.7,50.2,17.0,17.6,13.0,20.0,0.0,0.0,0.0,5.0,108.0,224.0,48.2,2351.0,1528.0,38.0,57.0,66.7,33.0,65.0,50.8,26.0,79.0,32.9,0,0.1,0.1,3.0,8.0,3.0,2.0,8.0,224.0,178.0,45.0,4.0,0.0,0.0,7.0,21.0,0.0,0.0,0.0,0.0,108.0,1.0,4.0,6.0,3.0,1.0,1.0,0.0,0.0,1.0,0.0,0.0,0.0,0.0,0.0,0.0,0.0,38.0,18.0,24.0,13.0,1.0,11.0,26.0,42.3,15.0,21.0,8.0,13.0,20.0,58,19.0,0.0,24.0,346.0,92.0,174.0,136.0,41.0,4.0,346.0,4.0,1.0,25.0,3.0,75.0,94.0,482.0,177.0,6.0,3.0,1.0,7.0,12.0,108.0,8.0,2,0,0,10.0,3.0,1.0,7.0,20.0,18.0,0.0,0.0,1,51.0,11.0,20.0,35.5,26.0,6.0,23.1,0.04,0.17,15.1,0.0,0,0,3.2,3.2,0.12,-2.2,-2.2,1.0,1.0,100.0,1,0.2,0.2,0,0,0,0,4.0,9.0,44.4,39.0,7.0,15.4,30.3,9.0,33.3,34.8,4.0,0.0,0.0,0.0,15.5,589.0,714.0,82.5,10631.0,4238.0,267.0,306.0,87.3,256.0,293.0,87.4,61.0,97.0,62.9,1,2.7,2.2,21.0,36.0,18.0,4.0,61.0,714.0,638.0,75.0,11.0,0.0,4.0,23.0,39.0,15.0,7.0,4.0,1.0,589.0,1.0,14.0,48.0,31.0,7.0,4.0,4.0,1.0,1.0,2.0,2.0,0.0,0.0,0.0,0.0,0.0,16.0,10.0,3.0,8.0,5.0,3.0,4.0,75.0,1.0,4.0,1.0,3.0,11.0,27,2.0,0.0,76.0,818.0,63.0,256.0,364.0,203.0,50.0,818.0,26.0,15.0,57.7,11.0,42.3,458.0,2195.0,942.0,26.0,15.0,15.0,18.0,26.0,582.0,61.0,3,0,0,3.0,10.0,1.0,23.0,11.0,10.0,0.0,0.0,0,61.0,18.0,10.0,64.3
2023-04-15,12:00,Liga F,Matchweek 25,Sat,Home,D,1,1,Alhama,Real Sociedad,1.2,1.2,31.0,,Judith Caravaca,3-4-1-2,Elena Peláez Arnillas,10.0,7.0,70.0,0.1,0.14,16.6,0.0,0,0,1.2,1.2,0.13,-0.2,-0.2,6.0,5.0,83.3,0,1.3,0.3,0,0,0,0,8.0,32.0,25.0,31.0,1.0,90.3,54.1,9.0,44.4,31.0,27.0,0.0,0.0,0.0,,131.0,249.0,52.6,2802.0,1349.0,42.0,59.0,71.2,66.0,89.0,74.2,22.0,89.0,24.7,1,1.0,0.6,7.0,17.0,3.0,3.0,15.0,249.0,200.0,46.0,11.0,0.0,1.0,12.0,21.0,4.0,4.0,0.0,0.0,131.0,3.0,6.0,15.0,10.0,1.0,1.0,1.0,1.0,1.0,2.0,2.0,0.0,0.0,0.0,0.0,0.0,13.0,7.0,9.0,3.0,1.0,3.0,11.0,27.3,8.0,11.0,4.0,7.0,22.0,35,44.0,0.0,31.0,381.0,85.0,180.0,120.0,85.0,13.0,381.0,5.0,4.0,80.0,1.0,20.0,162.0,735.0,341.0,4.0,3.0,0.0,21.0,7.0,130.0,14.0,2,1,1,12.0,9.0,3.0,12.0,22.0,7.0,0.0,0.0,0,64.0,5.0,14.0,26.3,16.0,6.0,37.5,0.06,0.17,19.4,0.0,0,0,1.2,1.2,0.07,-0.2,-0.2,7.0,6.0,85.7,0,1.8,0.8,0,0,0,0,9.0,12.0,75.0,32.0,9.0,34.4,31.1,5.0,20.0,21.4,9.0,0.0,0.0,3.0,15.8,405.0,557.0,72.7,8124.0,3259.0,149.0,185.0,80.5,179.0,230.0,77.8,69.0,117.0,59.0,1,1.0,1.0,12.0,34.0,8.0,2.0,42.0,557.0,481.0,73.0,15.0,0.0,9.0,31.0,42.0,9.0,2.0,7.0,0.0,405.0,3.0,10.0,28.0,19.0,3.0,2.0,2.0,0.0,2.0,2.0,2.0,0.0,0.0,0.0,0.0,0.0,8.0,4.0,2.0,6.0,0.0,1.0,5.0,20.0,4.0,6.0,1.0,5.0,7.0,15,13.0,0.0,69.0,645.0,61.0,200.0,270.0,177.0,21.0,645.0,11.0,7.0,63.6,3.0,27.3,286.0,1807.0,887.0,23.0,8.0,3.0,14.0,9.0,398.0,40.0,0,0,0,9.0,12.0,3.0,31.0,7.0,4.0,0.0,0.0,0,59.0,14.0,5.0,73.7
2023-04-21,20:30,Liga F,Matchweek 26,Fri,Away,L,0,1,Alhama,Athletic Club,0.4,1.1,47.0,,Judith Caravaca,3-4-1-2,Ainara Andrea Acevedo Dudley,10.0,0.0,0.0,0.0,,28.2,2.0,0,0,0.4,0.4,0.04,-0.4,-0.4,5.0,4.0,80.0,0,1.5,0.5,0,0,0,0,9.0,19.0,47.4,23.0,2.0,65.2,40.6,11.0,36.4,31.5,13.0,1.0,7.7,8.0,19.7,235.0,374.0,62.8,4535.0,2330.0,99.0,125.0,79.2,97.0,157.0,61.8,35.0,80.0,43.8,0,0.3,0.3,7.0,24.0,4.0,2.0,35.0,374.0,317.0,56.0,10.0,0.0,3.0,14.0,33.0,0.0,0.0,0.0,0.0,235.0,1.0,8.0,19.0,12.0,2.0,2.0,0.0,3.0,0.0,0.0,0.0,0.0,0.0,0.0,0.0,0.0,20.0,11.0,9.0,8.0,3.0,10.0,20.0,50.0,10.0,18.0,1.0,17.0,25.0,45,26.0,0.0,47.0,521.0,55.0,180.0,202.0,144.0,6.0,521.0,24.0,10.0,41.7,14.0,58.3,207.0,1129.0,470.0,8.0,10.0,2.0,23.0,12.0,232.0,34.0,1,0,0,8.0,8.0,1.0,14.0,25.0,11.0,0.0,0.0,0,61.0,18.0,14.0,56.3,11.0,5.0,45.5,0.09,0.2,18.4,0.0,0,0,1.1,1.1,0.1,-0.1,-0.1,0.0,0.0,,1,0.0,0.0,0,0,0,0,4.0,14.0,28.6,17.0,3.0,23.5,34.3,18.0,94.4,49.2,11.0,0.0,0.0,0.0,,242.0,420.0,57.6,4797.0,2320.0,101.0,155.0,65.2,97.0,143.0,67.8,41.0,104.0,39.4,0,1.0,0.4,8.0,19.0,3.0,2.0,25.0,420.0,332.0,84.0,9.0,0.0,3.0,16.0,50.0,6.0,3.0,0.0,0.0,242.0,4.0,17.0,17.0,9.0,4.0,2.0,1.0,0.0,1.0,0.0,0.0,0.0,0.0,0.0,0.0,0.0,26.0,22.0,11.0,9.0,6.0,14.0,24.0,58.3,10.0,9.0,3.0,6.0,11.0,37,18.0,0.0,53.0,539.0,54.0,216.0,208.0,119.0,12.0,539.0,20.0,10.0,50.0,10.0,50.0,145.0,1171.0,539.0,11.0,5.0,2.0,17.0,10.0,239.0,25.0,2,0,0,8.0,7.0,4.0,16.0,11.0,22.0,0.0,0.0,0,54.0,14.0,18.0,43.8
2023-04-28,20:00,Liga F,Matchweek 27,Fri,Home,D,0,0,Alhama,Sevilla,0.4,1.2,47.0,,Judith Caravaca,3-4-1-2,Arantza Gallastegui Pérez,9.0,2.0,22.2,0.0,0.0,25.9,0.0,0,0,0.4,0.4,0.05,-0.4,-0.4,9.0,9.0,100.0,1,1.0,1.0,0,0,0,0,15.0,36.0,41.7,34.0,1.0,79.4,55.6,13.0,69.2,45.8,22.0,0.0,0.0,0.0,1.0,212.0,376.0,56.4,4801.0,2901.0,83.0,118.0,70.3,54.0,104.0,51.9,64.0,128.0,50.0,0,0.4,0.5,8.0,32.0,6.0,3.0,31.0,376.0,321.0,53.0,13.0,0.0,2.0,18.0,25.0,1.0,0.0,0.0,1.0,212.0,2.0,6.0,17.0,15.0,0.0,1.0,0.0,1.0,0.0,0.0,0.0,0.0,0.0,0.0,0.0,0.0,22.0,19.0,11.0,10.0,1.0,10.0,17.0,58.8,7.0,8.0,4.0,4.0,12.0,34,17.0,0.0,47.0,480.0,71.0,185.0,209.0,92.0,9.0,480.0,4.0,3.0,75.0,1.0,25.0,116.0,509.0,101.0,4.0,3.0,0.0,30.0,22.0,211.0,31.0,2,0,0,14.0,7.0,2.0,18.0,12.0,19.0,0.0,0.0,0,45.0,7.0,13.0,35.0,20.0,9.0,45.0,0.0,0.0,18.5,0.0,0,0,1.2,1.2,0.06,-1.2,-1.2,2.0,2.0,100.0,1,0.1,0.1,0,0,0,0,7.0,19.0,36.8,20.0,4.0,55.0,41.1,8.0,100.0,59.0,13.0,1.0,7.7,4.0,22.3,263.0,424.0,62.0,5090.0,2763.0,121.0,148.0,81.8,102.0,155.0,65.8,38.0,105.0,36.2,0,0.8,0.9,15.0,27.0,7.0,5.0,40.0,424.0,350.0,69.0,15.0,1.0,3.0,27.0,41.0,4.0,4.0,0.0,0.0,263.0,5.0,6.0,34.0,19.0,5.0,1.0,2.0,3.0,4.0,0.0,0.0,0.0,0.0,0.0,0.0,0.0,23.0,17.0,10.0,12.0,1.0,1.0,4.0,25.0,3.0,6.0,1.0,5.0,8.0,31,9.0,0.0,53.0,535.0,35.0,155.0,227.0,162.0,22.0,535.0,17.0,7.0,41.2,10.0,58.8,242.0,1527.0,760.0,23.0,17.0,5.0,23.0,12.0,262.0,40.0,0,0,0,8.0,12.0,5.0,27.0,8.0,17.0,0.0,0.0,0,64.0,13.0,7.0,65.0
2023-05-06,16:00,Liga F,Matchweek 28,Sat,Away,L,2,6,Alhama,Madrid CFF,0.3,2.8,33.0,,Marina Martí,4-2-3-1,Raquel Suárez González,5.0,3.0,60.0,0.4,0.67,28.5,3.0,0,0,0.3,0.3,0.06,1.7,1.7,11.0,5.0,45.5,0,1.4,-4.6,0,0,0,0,8.0,30.0,26.7,18.0,0.0,77.8,48.7,17.0,94.1,51.7,12.0,1.0,8.3,1.0,12.3,130.0,265.0,49.1,2776.0,1653.0,54.0,85.0,63.5,49.0,73.0,67.1,26.0,96.0,27.1,0,0.0,0.1,1.0,14.0,2.0,1.0,12.0,265.0,203.0,57.0,10.0,0.0,3.0,9.0,23.0,0.0,0.0,0.0,0.0,130.0,5.0,3.0,7.0,3.0,0.0,1.0,1.0,2.0,0.0,3.0,2.0,0.0,0.0,1.0,0.0,0.0,12.0,8.0,9.0,3.0,0.0,6.0,17.0,35.3,11.0,16.0,4.0,12.0,28.0,40,13.0,1.0,33.0,357.0,58.0,165.0,143.0,55.0,3.0,357.0,5.0,4.0,80.0,1.0,20.0,156.0,648.0,198.0,3.0,5.0,1.0,20.0,6.0,127.0,12.0,2,0,0,14.0,8.0,5.0,9.0,28.0,8.0,0.0,0.0,0,58.0,5.0,17.0,22.7,30.0,11.0,36.7,0.2,0.55,18.8,1.0,0,0,2.8,2.8,0.1,3.2,3.2,3.0,1.0,33.3,0,0.6,-1.4,0,0,0,0,1.0,3.0,33.3,20.0,7.0,15.0,23.6,4.0,0.0,17.0,8.0,0.0,0.0,2.0,21.8,400.0,537.0,74.5,6788.0,3268.0,196.0,229.0,85.6,159.0,204.0,77.9,37.0,76.0,48.7,4,2.1,1.3,23.0,36.0,14.0,3.0,51.0,537.0,473.0,61.0,17.0,1.0,1.0,14.0,32.0,5.0,0.0,0.0,4.0,400.0,3.0,11.0,50.0,35.0,6.0,6.0,2.0,1.0,0.0,10.0,9.0,0.0,1.0,0.0,0.0,0.0,7.0,7.0,3.0,4.0,0.0,1.0,5.0,20.0,4.0,3.0,1.0,2.0,11.0,18,7.0,1.0,67.0,624.0,40.0,202.0,261.0,166.0,32.0,624.0,17.0,11.0,64.7,6.0,35.3,325.0,1720.0,898.0,26.0,17.0,10.0,21.0,6.0,397.0,51.0,1,0,0,10.0,13.0,3.0,14.0,11.0,7.0,0.0,0.0,0,65.0,17.0,5.0,77.3
2023-05-13,12:00,Liga F,Matchweek 29,Sat,Home,D,0,0,Alhama,Sporting Huelva,1.1,0.5,47.0,,Judith Caravaca,5-3-2,Beatriz Cuesta Arribas,7.0,1.0,14.3,0.0,0.0,15.3,0.0,0,0,1.1,1.1,0.16,-1.1,-1.1,3.0,3.0,100.0,1,0.1,0.1,0,0,0,0,12.0,28.0,42.9,21.0,0.0,100.0,57.0,7.0,100.0,54.0,18.0,1.0,5.6,2.0,14.1,158.0,343.0,46.1,3991.0,2734.0,50.0,86.0,58.1,62.0,118.0,52.5,45.0,123.0,36.6,0,1.1,0.8,7.0,30.0,6.0,3.0,28.0,343.0,277.0,63.0,12.0,1.0,3.0,22.0,38.0,5.0,0.0,5.0,0.0,158.0,3.0,8.0,11.0,10.0,1.0,0.0,0.0,0.0,0.0,0.0,0.0,0.0,0.0,0.0,0.0,0.0,14.0,11.0,10.0,3.0,1.0,8.0,23.0,34.8,15.0,15.0,5.0,10.0,14.0,28,26.0,0.0,47.0,461.0,62.0,198.0,172.0,91.0,17.0,461.0,16.0,4.0,25.0,12.0,75.0,148.0,784.0,345.0,7.0,2.0,5.0,15.0,9.0,154.0,27.0,1,0,0,12.0,8.0,3.0,22.0,14.0,11.0,0.0,0.0,0,64.0,24.0,23.0,51.1,10.0,3.0,30.0,0.0,0.0,20.2,0.0,0,0,0.5,0.5,0.05,-0.5,-0.5,1.0,1.0,100.0,1,0.1,0.1,0,0,0,0,9.0,27.0,33.3,22.0,2.0,90.9,51.7,8.0,100.0,50.3,18.0,2.0,11.1,0.0,7.5,211.0,394.0,53.6,3680.0,2385.0,116.0,166.0,69.9,66.0,106.0,62.3,26.0,92.0,28.3,0,0.3,0.8,7.0,32.0,5.0,0.0,44.0,394.0,325.0,66.0,14.0,1.0,2.0,21.0,37.0,6.0,5.0,0.0,1.0,211.0,3.0,12.0,15.0,10.0,2.0,2.0,0.0,1.0,0.0,0.0,0.0,0.0,0.0,0.0,0.0,0.0,21.0,14.0,7.0,11.0,3.0,12.0,16.0,75.0,4.0,7.0,1.0,6.0,10.0,31,26.0,0.0,53.0,524.0,53.0,130.0,257.0,147.0,16.0,524.0,23.0,15.0,65.2,8.0,34.8,196.0,1088.0,534.0,10.0,7.0,4.0,24.0,6.0,206.0,44.0,0,0,0,10.0,10.0,3.0,21.0,10.0,14.0,0.0,0.0,0,66.0,23.0,24.0,48.9
2023-05-20,12:00,Liga F,Matchweek 30,Sat,Away,D,1,1,Alhama,Alavés,0.7,0.6,43.0,,Judith Caravaca,4-2-3-1,Alicia Espinosa Ríos,7.0,3.0,42.9,0.14,0.33,12.8,0.0,0,0,0.7,0.7,0.09,0.3,0.3,6.0,5.0,83.3,0,0.7,-0.3,0,0,0,0,9.0,30.0,30.0,24.0,0.0,87.5,49.0,9.0,100.0,53.3,29.0,2.0,6.9,0.0,4.5,158.0,310.0,51.0,3294.0,1806.0,59.0,85.0,69.4,66.0,110.0,60.0,29.0,96.0,30.2,0,0.5,0.4,5.0,18.0,5.0,0.0,32.0,310.0,259.0,49.0,6.0,0.0,5.0,22.0,28.0,5.0,2.0,2.0,1.0,158.0,2.0,13.0,10.0,7.0,2.0,0.0,0.0,0.0,1.0,0.0,0.0,0.0,0.0,0.0,0.0,0.0,26.0,19.0,15.0,7.0,4.0,8.0,20.0,40.0,12.0,7.0,3.0,4.0,11.0,37,41.0,0.0,43.0,430.0,77.0,159.0,175.0,100.0,13.0,430.0,5.0,3.0,60.0,2.0,40.0,132.0,787.0,364.0,4.0,4.0,1.0,16.0,8.0,154.0,30.0,1,0,0,11.0,4.0,2.0,22.0,11.0,19.0,0.0,0.0,0,68.0,10.0,16.0,38.5,13.0,6.0,46.2,0.08,0.17,23.1,0.0,0,0,0.6,0.6,0.04,0.4,0.4,3.0,2.0,66.7,0,0.5,-0.5,0,0,0,0,3.0,8.0,37.5,28.0,5.0,25.0,27.9,9.0,11.1,22.9,17.0,0.0,0.0,0.0,,264.0,411.0,64.2,5205.0,2612.0,89.0,129.0,69.0,131.0,178.0,73.6,40.0,93.0,43.0,0,0.1,0.4,6.0,25.0,5.0,1.0,35.0,411.0,331.0,76.0,13.0,0.0,0.0,34.0,42.0,9.0,7.0,2.0,0.0,264.0,4.0,7.0,21.0,13.0,4.0,2.0,1.0,1.0,0.0,2.0,1.0,1.0,0.0,0.0,0.0,0.0,10.0,9.0,5.0,4.0,1.0,2.0,5.0,40.0,3.0,9.0,0.0,9.0,19.0,29,19.0,0.0,57.0,522.0,64.0,188.0,214.0,130.0,17.0,522.0,20.0,12.0,60.0,8.0,40.0,257.0,1621.0,791.0,16.0,8.0,3.0,15.0,18.0,263.0,35.0,1,0,0,4.0,11.0,4.0,34.0,19.0,9.0,0.0,0.0,0,62.0,17.0,10.0,63.0
2022-09-17,12:00,Liga F,Matchweek 2,Sat,Home,L,1,2,Alavés,Madrid CFF,1.1,1.2,46.0,,Miriam Diéguez,4-3-3,Patricia Luna Varo,8.0,4.0,50.0,0.13,0.25,16.8,0.0,0,0,1.1,1.1,0.19,-0.1,-0.1,5.0,3.0,60.0,0,0.6,-1.4,0,0,0,0,5.0,17.0,29.4,34.0,3.0,41.2,35.0,7.0,42.9,37.6,11.0,0.0,0.0,0.0,5.5,232.0,362.0,64.1,4332.0,1617.0,93.0,120.0,77.5,99.0,128.0,77.3,32.0,92.0,34.8,0,0.1,0.3,2.0,12.0,3.0,1.0,18.0,362.0,293.0,67.0,19.0,0.0,2.0,18.0,30.0,8.0,7.0,1.0,0.0,232.0,2.0,7.0,8.0,2.0,1.0,0.0,3.0,2.0,0.0,1.0,0.0,0.0,0.0,1.0,0.0,0.0,19.0,12.0,8.0,7.0,4.0,6.0,10.0,60.0,4.0,17.0,0.0,17.0,9.0,28,21.0,1.0,46.0,477.0,61.0,187.0,152.0,142.0,16.0,477.0,19.0,7.0,36.8,8.0,42.1,215.0,1352.0,572.0,8.0,10.0,2.0,17.0,16.0,228.0,18.0,3,0,0,9.0,15.0,2.0,18.0,9.0,12.0,0.0,0.0,0,56.0,11.0,14.0,44.0,9.0,5.0,55.6,0.22,0.4,14.0,0.0,0,0,1.2,1.2,0.13,0.8,0.8,4.0,3.0,75.0,0,1.0,0.0,0,0,0,0,0.0,4.0,0.0,12.0,4.0,25.0,35.0,9.0,11.1,26.9,15.0,1.0,6.7,0.0,3.3,291.0,431.0,67.5,5980.0,2580.0,101.0,130.0,77.7,146.0,188.0,77.7,43.0,88.0,48.9,1,0.9,0.6,7.0,31.0,4.0,2.0,30.0,431.0,367.0,60.0,11.0,2.0,1.0,13.0,34.0,5.0,3.0,1.0,0.0,291.0,4.0,19.0,17.0,15.0,0.0,1.0,0.0,0.0,1.0,4.0,2.0,0.0,1.0,0.0,0.0,1.0,24.0,18.0,13.0,7.0,4.0,8.0,15.0,53.3,7.0,9.0,2.0,7.0,4.0,28,23.0,0.0,54.0,544.0,53.0,224.0,209.0,122.0,14.0,544.0,10.0,4.0,40.0,6.0,60.0,313.0,1666.0,552.0,11.0,10.0,6.0,19.0,13.0,289.0,30.0,0,0,0,15.0,9.0,4.0,13.0,4.0,18.0,0.0,0.0,0,62.0,14.0,11.0,56.0
2022-09-25,12:00,Liga F,Matchweek 3,Sun,Away,L,0,1,Alavés,Atlético Madrid,0.0,2.3,33.0,,Miriam Diéguez,4-3-3,María Dolores Martínez Madrona,1.0,0.0,0.0,0.0,,22.4,0.0,0,0,0.0,0.0,0.01,0.0,0.0,6.0,5.0,83.3,0,1.5,0.5,0,0,0,0,5.0,25.0,20.0,29.0,4.0,58.6,40.3,18.0,44.4,32.3,41.0,3.0,7.3,1.0,8.8,160.0,286.0,55.9,2890.0,1426.0,77.0,105.0,73.3,58.0,100.0,58.0,21.0,63.0,33.3,0,0.0,0.1,1.0,6.0,0.0,0.0,7.0,286.0,226.0,60.0,11.0,0.0,0.0,8.0,27.0,2.0,1.0,1.0,0.0,160.0,0.0,8.0,2.0,1.0,1.0,0.0,0.0,0.0,0.0,0.0,0.0,0.0,0.0,0.0,0.0,0.0,12.0,7.0,6.0,5.0,1.0,5.0,17.0,29.4,12.0,11.0,5.0,6.0,15.0,27,33.0,1.0,33.0,391.0,108.0,241.0,112.0,44.0,1.0,391.0,5.0,4.0,80.0,1.0,20.0,196.0,1129.0,569.0,5.0,7.0,0.0,17.0,10.0,155.0,7.0,2,0,0,11.0,8.0,0.0,8.0,15.0,7.0,0.0,0.0,0,38.0,6.0,5.0,54.5,23.0,6.0,26.1,0.04,0.17,18.2,0.0,0,0,2.3,2.3,0.1,-1.3,-1.3,0.0,0.0,,1,0.0,0.0,0,0,0,0,4.0,7.0,57.1,17.0,5.0,29.4,30.2,5.0,40.0,33.6,6.0,0.0,0.0,1.0,15.0,455.0,583.0,78.0,8938.0,3356.0,171.0,203.0,84.2,218.0,255.0,85.5,63.0,109.0,57.8,0,1.8,1.6,16.0,70.0,16.0,7.0,75.0,583.0,516.0,64.0,11.0,0.0,5.0,49.0,31.0,16.0,7.0,3.0,1.0,455.0,3.0,8.0,38.0,26.0,4.0,3.0,4.0,1.0,0.0,2.0,2.0,0.0,0.0,0.0,0.0,0.0,11.0,7.0,2.0,6.0,3.0,1.0,5.0,20.0,4.0,6.0,0.0,6.0,13.0,24,5.0,0.0,67.0,688.0,31.0,114.0,317.0,265.0,37.0,688.0,17.0,12.0,70.6,5.0,29.4,441.0,2381.0,1149.0,27.0,18.0,8.0,22.0,7.0,452.0,74.0,0,0,0,8.0,11.0,3.0,49.0,13.0,7.0,0.0,0.0,0,58.0,5.0,6.0,45.5
2022-10-01,12:00,Liga F,Matchweek 4,Sat,Home,L,0,4,Alavés,Villarreal,1.7,2.4,54.0,,Miriam Diéguez,4-3-3,Ainara Andrea Acevedo Dudley,12.0,3.0,25.0,0.0,0.0,17.2,1.0,0,0,1.7,1.7,0.14,-1.7,-1.7,9.0,5.0,55.6,0,2.9,-1.1,0,0,0,0,1.0,5.0,20.0,28.0,6.0,14.3,28.9,8.0,12.5,28.4,10.0,1.0,10.0,0.0,8.0,313.0,442.0,70.8,6433.0,2645.0,100.0,126.0,79.4,158.0,195.0,81.0,47.0,88.0,53.4,0,1.5,1.5,8.0,20.0,8.0,4.0,24.0,442.0,375.0,66.0,21.0,0.0,2.0,14.0,29.0,3.0,1.0,1.0,1.0,313.0,1.0,17.0,15.0,9.0,1.0,0.0,3.0,1.0,1.0,0.0,0.0,0.0,0.0,0.0,0.0,0.0,16.0,6.0,7.0,7.0,2.0,10.0,15.0,66.7,5.0,9.0,2.0,7.0,7.0,23,8.0,0.0,54.0,534.0,54.0,217.0,218.0,105.0,30.0,534.0,12.0,1.0,8.3,11.0,91.7,263.0,1437.0,741.0,14.0,6.0,4.0,17.0,11.0,309.0,24.0,2,0,0,11.0,17.0,1.0,14.0,7.0,6.0,0.0,0.0,0,64.0,12.0,13.0,48.0,15.0,9.0,60.0,0.27,0.44,14.1,0.0,0,0,2.4,2.4,0.16,1.6,1.6,3.0,3.0,100.0,1,0.5,0.5,0,0,0,0,6.0,14.0,42.9,23.0,3.0,43.5,36.7,10.0,40.0,28.2,14.0,0.0,0.0,1.0,17.3,264.0,378.0,69.8,4401.0,2083.0,129.0,154.0,83.8,88.0,111.0,79.3,28.0,74.0,37.8,4,2.1,1.3,12.0,26.0,9.0,4.0,33.0,378.0,330.0,44.0,10.0,1.0,3.0,15.0,22.0,1.0,0.0,1.0,0.0,264.0,4.0,8.0,24.0,17.0,1.0,2.0,1.0,2.0,1.0,7.0,6.0,0.0,1.0,0.0,0.0,0.0,22.0,10.0,12.0,6.0,4.0,11.0,12.0,91.7,1.0,19.0,2.0,17.0,12.0,34,31.0,0.0,46.0,517.0,63.0,164.0,223.0,134.0,20.0,517.0,15.0,5.0,33.3,10.0,66.7,272.0,1206.0,481.0,12.0,6.0,4.0,21.0,6.0,259.0,33.0,3,0,0,18.0,9.0,4.0,15.0,12.0,10.0,0.0,0.0,0,73.0,13.0,12.0,52.0
2022-10-16,12:00,Liga F,Matchweek 5,Sun,Away,L,1,7,Alavés,Real Madrid,0.3,3.0,33.0,,Miriam Diéguez,4-4-2,María Gloria Planes Terol,6.0,2.0,33.3,0.17,0.5,19.3,0.0,0,0,0.3,0.3,0.05,0.7,0.7,12.0,6.0,41.7,0,3.4,-2.6,0,0,0,0,6.0,21.0,28.6,41.0,6.0,34.1,32.4,18.0,38.9,28.6,27.0,1.0,3.7,0.0,8.5,181.0,277.0,65.3,3427.0,1410.0,69.0,85.0,81.2,89.0,109.0,81.7,20.0,61.0,32.8,1,0.2,0.1,4.0,3.0,0.0,0.0,6.0,277.0,217.0,57.0,12.0,0.0,1.0,4.0,18.0,1.0,1.0,0.0,0.0,181.0,3.0,9.0,6.0,2.0,2.0,0.0,1.0,1.0,0.0,2.0,0.0,1.0,0.0,0.0,1.0,0.0,11.0,8.0,9.0,1.0,1.0,6.0,12.0,50.0,6.0,13.0,5.0,8.0,6.0,17,34.0,2.0,33.0,378.0,107.0,221.0,130.0,29.0,7.0,378.0,8.0,2.0,25.0,6.0,75.0,201.0,979.0,396.0,2.0,2.0,0.0,15.0,14.0,180.0,6.0,3,0,0,8.0,10.0,3.0,4.0,6.0,8.0,0.0,0.0,1,35.0,4.0,5.0,44.4,23.0,12.0,52.2,0.26,0.5,15.7,0.0,0,0,3.0,3.0,0.13,3.0,3.0,2.0,1.0,50.0,0,0.3,-0.7,0,0,0,0,0.0,0.0,,12.0,1.0,0.0,24.0,3.0,0.0,20.0,4.0,0.0,0.0,1.0,14.0,460.0,556.0,82.7,8936.0,2918.0,179.0,193.0,92.7,219.0,253.0,86.6,59.0,90.0,65.6,4,2.6,2.3,19.0,55.0,13.0,3.0,56.0,556.0,498.0,56.0,12.0,0.0,3.0,34.0,29.0,10.0,6.0,0.0,0.0,460.0,2.0,12.0,40.0,32.0,2.0,0.0,2.0,1.0,3.0,8.0,7.0,0.0,0.0,1.0,0.0,0.0,20.0,13.0,2.0,11.0,7.0,6.0,8.0,75.0,2.0,10.0,1.0,9.0,19.0,39,5.0,0.0,67.0,658.0,28.0,120.0,301.0,243.0,45.0,658.0,12.0,6.0,50.0,6.0,50.0,363.0,2093.0,1090.0,30.0,9.0,12.0,16.0,5.0,457.0,56.0,0,0,0,10.0,8.0,2.0,34.0,19.0,13.0,0.0,0.0,0,62.0,5.0,4.0,55.6
2022-10-22,12:00,Liga F,Matchweek 6,Sat,Home,D,1,1,Alavés,Athletic Club,0.6,1.1,47.0,,Miriam Diéguez,4-4-2,Elisabeth Calvo Valentín,10.0,5.0,50.0,0.1,0.2,13.0,0.0,0,0,0.6,0.6,0.06,0.4,0.4,6.0,5.0,83.3,0,2.2,1.2,0,0,0,0,10.0,27.0,37.0,33.0,0.0,60.6,41.3,8.0,87.5,52.8,16.0,1.0,6.3,0.0,13.5,186.0,320.0,58.1,4061.0,2113.0,57.0,77.0,74.0,85.0,123.0,69.1,41.0,95.0,43.2,1,0.3,0.5,7.0,21.0,5.0,1.0,22.0,320.0,249.0,66.0,13.0,0.0,1.0,17.0,35.0,8.0,7.0,0.0,0.0,186.0,5.0,9.0,16.0,10.0,1.0,1.0,2.0,1.0,1.0,2.0,1.0,0.0,1.0,0.0,0.0,0.0,14.0,11.0,6.0,7.0,1.0,0.0,4.0,0.0,4.0,9.0,4.0,5.0,5.0,19,20.0,0.0,47.0,416.0,70.0,167.0,157.0,100.0,24.0,416.0,8.0,3.0,37.5,5.0,62.5,180.0,1090.0,512.0,16.0,6.0,9.0,14.0,7.0,182.0,21.0,4,0,0,15.0,11.0,5.0,17.0,5.0,11.0,0.0,0.0,0,48.0,11.0,10.0,52.4,17.0,6.0,35.3,0.06,0.17,18.1,1.0,0,0,1.1,1.1,0.07,-0.1,-0.1,5.0,4.0,80.0,0,1.2,0.2,0,0,0,0,5.0,14.0,35.7,22.0,1.0,59.1,44.2,2.0,50.0,37.0,16.0,4.0,25.0,0.0,5.6,244.0,366.0,66.7,5834.0,2437.0,71.0,97.0,73.2,102.0,132.0,77.3,71.0,129.0,55.0,1,0.9,1.0,12.0,28.0,5.0,2.0,27.0,366.0,302.0,62.0,19.0,0.0,5.0,19.0,33.0,6.0,4.0,1.0,0.0,244.0,2.0,5.0,27.0,17.0,4.0,1.0,4.0,1.0,0.0,1.0,0.0,0.0,0.0,1.0,0.0,0.0,12.0,9.0,5.0,7.0,0.0,5.0,8.0,62.5,3.0,11.0,3.0,8.0,4.0,16,21.0,0.0,53.0,465.0,66.0,206.0,165.0,98.0,15.0,465.0,4.0,4.0,100.0,0.0,0.0,222.0,1051.0,463.0,7.0,2.0,2.0,15.0,14.0,238.0,27.0,2,0,0,11.0,12.0,2.0,19.0,4.0,9.0,0.0,0.0,0,50.0,10.0,11.0,47.6
2022-10-29,16:00,Liga F,Matchweek 7,Sat,Home,L,1,5,Alavés,Real Sociedad,0.4,2.2,38.0,,Miriam Diéguez,4-4-2,Alicia Espinosa Ríos,5.0,2.0,40.0,0.2,0.5,15.3,0.0,0,0,0.4,0.4,0.09,0.6,0.6,12.0,7.0,58.3,0,4.2,-0.8,0,0,0,0,3.0,13.0,23.1,47.0,11.0,23.4,33.1,10.0,20.0,24.6,14.0,0.0,0.0,1.0,15.5,208.0,313.0,66.5,4536.0,1876.0,52.0,75.0,69.3,124.0,162.0,76.5,32.0,74.0,43.2,1,0.4,0.3,4.0,16.0,3.0,1.0,14.0,313.0,261.0,52.0,9.0,0.0,2.0,11.0,25.0,2.0,2.0,0.0,0.0,208.0,0.0,3.0,7.0,4.0,1.0,0.0,0.0,1.0,1.0,2.0,1.0,0.0,0.0,0.0,0.0,1.0,20.0,16.0,9.0,9.0,2.0,13.0,19.0,68.4,6.0,6.0,1.0,5.0,11.0,31,18.0,1.0,38.0,401.0,99.0,226.0,126.0,52.0,9.0,401.0,8.0,6.0,75.0,2.0,25.0,153.0,830.0,345.0,9.0,2.0,3.0,13.0,12.0,201.0,13.0,2,0,0,12.0,6.0,0.0,11.0,11.0,16.0,0.0,0.0,0,32.0,8.0,10.0,44.4,18.0,12.0,66.7,0.28,0.42,17.0,1.0,0,0,2.2,2.2,0.13,2.8,2.8,2.0,1.0,50.0,0,1.2,0.2,0,0,0,0,2.0,4.0,50.0,27.0,2.0,7.4,23.4,3.0,66.7,40.0,10.0,1.0,10.0,1.0,12.8,409.0,510.0,80.2,7492.0,2530.0,177.0,197.0,89.8,181.0,215.0,84.2,48.0,80.0,60.0,4,2.0,2.3,14.0,33.0,11.0,1.0,61.0,510.0,455.0,52.0,11.0,7.0,3.0,15.0,30.0,6.0,4.0,2.0,0.0,409.0,3.0,5.0,33.0,28.0,2.0,2.0,0.0,1.0,0.0,9.0,9.0,0.0,0.0,0.0,0.0,0.0,14.0,10.0,3.0,9.0,2.0,2.0,8.0,25.0,6.0,4.0,2.0,2.0,11.0,25,12.0,0.0,62.0,614.0,54.0,187.0,273.0,157.0,28.0,614.0,19.0,6.0,31.6,13.0,68.4,329.0,1678.0,954.0,18.0,13.0,3.0,15.0,7.0,406.0,61.0,0,0,0,7.0,10.0,3.0,15.0,11.0,10.0,0.0,0.0,0,63.0,10.0,8.0,55.6
2022-11-02,19:00,Liga F,Matchweek 1,Wed,Away,L,1,2,Alavés,Levante,0.3,1.7,32.0,,Miriam Diéguez,4-4-2,Elia María Martínez Martínez,6.0,5.0,83.3,0.17,0.2,18.6,1.0,0,0,0.3,0.3,0.06,0.7,0.7,8.0,6.0,75.0,0,1.0,-1.0,0,0,0,0,3.0,13.0,23.1,32.0,8.0,31.3,36.0,16.0,18.8,25.6,23.0,1.0,4.3,0.0,6.8,168.0,282.0,59.6,3492.0,1846.0,66.0,83.0,79.5,69.0,108.0,63.9,32.0,84.0,38.1,0,0.2,0.4,2.0,7.0,1.0,0.0,17.0,282.0,232.0,50.0,13.0,0.0,2.0,10.0,18.0,0.0,0.0,0.0,0.0,168.0,0.0,8.0,10.0,7.0,0.0,1.0,0.0,1.0,1.0,2.0,1.0,0.0,1.0,0.0,0.0,0.0,21.0,11.0,15.0,6.0,0.0,8.0,19.0,42.1,11.0,6.0,3.0,3.0,15.0,36,29.0,0.0,32.0,415.0,103.0,249.0,106.0,65.0,7.0,415.0,11.0,4.0,36.4,7.0,63.6,146.0,916.0,435.0,13.0,8.0,2.0,22.0,8.0,166.0,17.0,2,0,0,5.0,11.0,0.0,10.0,15.0,11.0,0.0,0.0,0,53.0,13.0,12.0,52.0,25.0,8.0,32.0,0.08,0.25,16.0,0.0,0,0,1.7,1.7,0.07,0.3,0.3,5.0,4.0,80.0,0,0.6,-0.4,0,0,0,0,0.0,1.0,0.0,22.0,3.0,4.5,20.9,5.0,0.0,18.4,6.0,0.0,0.0,3.0,15.8,490.0,612.0,80.1,9562.0,3305.0,180.0,222.0,81.1,227.0,262.0,86.6,72.0,105.0,68.6,2,1.1,1.8,14.0,50.0,13.0,5.0,75.0,612.0,560.0,50.0,5.0,4.0,11.0,27.0,29.0,9.0,5.0,1.0,0.0,490.0,2.0,4.0,37.0,27.0,2.0,3.0,5.0,0.0,0.0,4.0,4.0,0.0,0.0,0.0,0.0,0.0,15.0,7.0,3.0,7.0,5.0,7.0,11.0,63.6,4.0,8.0,0.0,8.0,4.0,19,8.0,1.0,68.0,716.0,26.0,144.0,351.0,227.0,41.0,716.0,19.0,11.0,57.9,8.0,42.1,421.0,2507.0,1582.0,33.0,10.0,7.0,18.0,13.0,486.0,73.0,2,0,0,12.0,5.0,2.0,27.0,4.0,7.0,0.0,0.0,0,79.0,12.0,13.0,48.0
2022-11-06,11:00,Liga F,Matchweek 8,Sun,Away,D,1,1,Alavés,UDG Tenerife,1.1,1.0,43.0,,Miriam Diéguez,4-4-1-1,Elena Peláez Arnillas,6.0,3.0,50.0,0.17,0.33,16.6,1.0,0,0,1.1,1.1,0.19,-0.1,-0.1,4.0,3.0,75.0,0,0.5,-0.5,0,0,0,0,1.0,6.0,16.7,25.0,5.0,16.0,28.8,12.0,50.0,33.9,13.0,0.0,0.0,0.0,14.0,207.0,332.0,62.3,4194.0,2397.0,84.0,113.0,74.3,82.0,121.0,67.8,40.0,73.0,54.8,1,1.0,0.5,5.0,17.0,4.0,1.0,21.0,332.0,258.0,67.0,10.0,0.0,1.0,11.0,42.0,1.0,0.0,0.0,1.0,207.0,7.0,8.0,11.0,8.0,2.0,0.0,0.0,1.0,0.0,2.0,2.0,0.0,0.0,0.0,0.0,0.0,22.0,13.0,12.0,7.0,3.0,5.0,7.0,71.4,2.0,2.0,0.0,2.0,14.0,36,19.0,0.0,43.0,441.0,65.0,180.0,189.0,76.0,9.0,441.0,9.0,2.0,22.2,7.0,77.8,199.0,829.0,328.0,3.0,8.0,3.0,27.0,11.0,205.0,21.0,2,0,0,13.0,9.0,7.0,11.0,14.0,13.0,0.0,0.0,0,47.0,7.0,5.0,58.3,9.0,4.0,44.4,0.11,0.25,16.2,0.0,0,0,1.0,1.0,0.11,0.0,0.0,3.0,2.0,66.7,0,1.1,0.1,0,0,0,0,1.0,7.0,14.3,24.0,5.0,25.0,33.4,3.0,33.3,48.0,5.0,1.0,20.0,2.0,21.7,314.0,446.0,70.4,6517.0,2689.0,97.0,124.0,78.2,160.0,202.0,79.2,54.0,102.0,52.9,1,0.9,0.9,7.0,29.0,5.0,2.0,32.0,446.0,383.0,60.0,20.0,0.0,9.0,17.0,32.0,3.0,1.0,2.0,0.0,314.0,3.0,2.0,15.0,12.0,3.0,0.0,0.0,0.0,0.0,2.0,2.0,0.0,0.0,0.0,0.0,0.0,18.0,16.0,7.0,9.0,2.0,7.0,9.0,77.8,2.0,9.0,2.0,7.0,7.0,25,7.0,0.0,57.0,534.0,33.0,173.0,247.0,115.0,16.0,534.0,7.0,2.0,28.6,5.0,71.4,299.0,1517.0,638.0,7.0,6.0,5.0,26.0,17.0,308.0,32.0,4,0,0,10.0,10.0,3.0,17.0,7.0,16.0,0.0,0.0,0,61.0,5.0,7.0,41.7
2022-11-20,12:00,Liga F,Matchweek 9,Sun,Away,L,0,8,Alavés,Barcelona,0.1,5.3,32.0,,Ane Miren Martínez,4-1-4-1,Raquel Suárez González,4.0,0.0,0.0,0.0,,29.9,0.0,0,0,0.1,0.1,0.02,-0.1,-0.1,16.0,8.0,56.3,0,7.1,-0.9,1,1,0,0,1.0,16.0,6.3,31.0,3.0,45.2,36.5,8.0,25.0,27.9,24.0,0.0,0.0,2.0,12.7,187.0,288.0,64.9,3338.0,1385.0,73.0,91.0,80.2,90.0,120.0,75.0,16.0,50.0,32.0,0,0.1,0.1,4.0,12.0,0.0,0.0,8.0,288.0,243.0,44.0,13.0,0.0,0.0,7.0,15.0,0.0,0.0,0.0,0.0,187.0,1.0,10.0,6.0,4.0,1.0,0.0,1.0,0.0,0.0,0.0,0.0,0.0,0.0,0.0,0.0,0.0,20.0,10.0,16.0,1.0,3.0,9.0,13.0,69.2,4.0,13.0,6.0,7.0,10.0,30,20.0,3.0,32.0,390.0,82.0,214.0,127.0,53.0,7.0,390.0,5.0,2.0,40.0,3.0,60.0,162.0,948.0,409.0,12.0,2.0,3.0,18.0,6.0,186.0,8.0,2,0,0,11.0,11.0,1.0,7.0,10.0,10.0,0.0,1.0,0,45.0,8.0,4.0,66.7,30.0,15.0,50.0,0.23,0.47,14.8,0.0,1,1,5.3,4.6,0.15,2.7,2.4,0.0,0.0,,1,0.0,0.0,0,0,0,0,0.0,1.0,0.0,28.0,3.0,3.6,19.6,3.0,0.0,9.3,5.0,1.0,20.0,3.0,21.4,533.0,622.0,85.7,8653.0,3227.0,281.0,306.0,91.8,202.0,227.0,89.0,36.0,56.0,64.3,7,4.3,3.1,25.0,69.0,15.0,3.0,71.0,622.0,573.0,47.0,11.0,2.0,1.0,36.0,22.0,10.0,1.0,6.0,2.0,533.0,2.0,9.0,55.0,48.0,5.0,0.0,2.0,0.0,0.0,15.0,15.0,0.0,0.0,0.0,0.0,0.0,10.0,6.0,3.0,6.0,1.0,3.0,5.0,60.0,2.0,12.0,3.0,9.0,6.0,16,8.0,0.0,68.0,717.0,43.0,159.0,288.0,274.0,53.0,716.0,13.0,4.0,30.8,9.0,69.2,346.0,1942.0,1022.0,27.0,10.0,12.0,11.0,11.0,525.0,71.0,2,0,0,11.0,10.0,2.0,36.0,6.0,6.0,0.0,0.0,0,66.0,4.0,8.0,33.3
2022-11-27,12:00,Liga F,Matchweek 10,Sun,Home,W,3,1,Alavés,Real Betis,2.6,1.3,40.0,,Miriam Diéguez,3-4-1-2,Alicia Espinosa Ríos,12.0,4.0,33.3,0.25,0.75,19.8,0.0,0,0,2.6,2.6,0.21,0.4,0.4,3.0,2.0,66.7,0,0.9,-0.1,0,0,0,0,10.0,29.0,34.5,22.0,2.0,72.7,46.9,17.0,76.5,44.4,23.0,2.0,8.7,0.0,3.5,181.0,318.0,56.9,3573.0,2113.0,84.0,117.0,71.8,60.0,92.0,65.2,33.0,85.0,38.8,3,2.2,1.6,6.0,26.0,1.0,0.0,22.0,318.0,262.0,49.0,9.0,0.0,1.0,8.0,20.0,1.0,1.0,0.0,0.0,181.0,7.0,8.0,15.0,12.0,1.0,1.0,0.0,0.0,1.0,5.0,5.0,0.0,0.0,0.0,0.0,0.0,25.0,17.0,12.0,8.0,5.0,9.0,12.0,75.0,3.0,8.0,3.0,5.0,7.0,32,20.0,0.0,40.0,432.0,68.0,212.0,147.0,76.0,14.0,432.0,10.0,3.0,30.0,7.0,70.0,187.0,812.0,408.0,10.0,2.0,4.0,19.0,7.0,180.0,22.0,2,0,0,11.0,4.0,7.0,8.0,7.0,17.0,0.0,0.0,0,55.0,22.0,18.0,55.0,18.0,3.0,16.7,0.06,0.33,19.7,1.0,0,0,1.3,1.3,0.07,-0.3,-0.3,4.0,1.0,25.0,0,2.5,-0.5,0,0,0,0,16.0,43.0,37.2,64.0,1.0,59.4,39.8,5.0,100.0,65.4,5.0,1.0,20.0,4.0,19.5,335.0,484.0,69.2,6740.0,2859.0,123.0,161.0,76.4,154.0,188.0,81.9,49.0,105.0,46.7,1,1.0,0.5,12.0,22.0,9.0,5.0,32.0,484.0,420.0,60.0,17.0,0.0,1.0,26.0,27.0,7.0,5.0,1.0,0.0,335.0,4.0,5.0,28.0,13.0,6.0,1.0,4.0,3.0,1.0,2.0,1.0,1.0,0.0,0.0,0.0,0.0,14.0,12.0,6.0,5.0,3.0,7.0,10.0,70.0,3.0,9.0,3.0,6.0,9.0,23,6.0,1.0,60.0,580.0,49.0,215.0,224.0,145.0,24.0,580.0,12.0,3.0,25.0,9.0,75.0,270.0,1544.0,665.0,14.0,14.0,5.0,17.0,16.0,330.0,31.0,0,0,0,5.0,11.0,4.0,26.0,9.0,12.0,0.0,0.0,0,67.0,18.0,22.0,45.0
2022-12-04,12:00,Liga F,Matchweek 11,Sun,Away,D,2,2,Alavés,Sporting Huelva,0.4,1.7,47.0,,Miriam Diéguez,4-3-3,Ylenia Sánchez Miguel,8.0,1.0,12.5,0.13,1.0,23.1,0.0,0,0,0.4,0.4,0.05,0.6,0.6,7.0,5.0,85.7,0,2.3,0.3,1,1,0,0,8.0,31.0,25.8,43.0,6.0,55.8,40.1,8.0,87.5,44.9,15.0,1.0,6.7,0.0,8.3,224.0,381.0,58.8,4309.0,2234.0,90.0,124.0,72.6,94.0,129.0,72.9,35.0,94.0,37.2,0,0.2,0.2,3.0,19.0,6.0,2.0,19.0,381.0,325.0,53.0,18.0,0.0,2.0,19.0,22.0,2.0,2.0,0.0,0.0,224.0,3.0,15.0,9.0,5.0,1.0,1.0,0.0,1.0,1.0,0.0,0.0,0.0,0.0,0.0,0.0,0.0,18.0,11.0,7.0,5.0,6.0,6.0,10.0,60.0,4.0,12.0,2.0,10.0,8.0,26,24.0,0.0,47.0,504.0,79.0,208.0,197.0,104.0,13.0,504.0,10.0,5.0,50.0,5.0,50.0,249.0,1265.0,567.0,7.0,8.0,2.0,31.0,7.0,223.0,19.0,0,0,0,11.0,15.0,3.0,19.0,8.0,11.0,0.0,1.0,0,67.0,16.0,21.0,43.2,11.0,6.0,54.5,0.09,0.17,18.9,0.0,1,1,1.7,0.9,0.08,0.3,0.1,1.0,0.0,-100.0,0,0.4,-0.6,0,0,0,0,2.0,8.0,25.0,13.0,1.0,30.8,32.3,7.0,57.1,41.0,10.0,1.0,10.0,2.0,18.6,258.0,423.0,61.0,4891.0,2503.0,104.0,155.0,67.1,114.0,157.0,72.6,34.0,84.0,40.5,1,0.9,0.7,9.0,27.0,7.0,3.0,42.0,423.0,354.0,65.0,13.0,0.0,1.0,17.0,39.0,3.0,2.0,1.0,0.0,258.0,4.0,10.0,21.0,17.0,3.0,0.0,0.0,1.0,0.0,3.0,1.0,1.0,0.0,0.0,1.0,0.0,12.0,5.0,5.0,6.0,1.0,5.0,10.0,50.0,5.0,11.0,2.0,9.0,6.0,18,12.0,0.0,53.0,530.0,42.0,127.0,245.0,160.0,21.0,529.0,10.0,4.0,40.0,6.0,60.0,231.0,1052.0,537.0,11.0,8.0,7.0,20.0,12.0,254.0,41.0,2,0,0,15.0,10.0,4.0,17.0,6.0,5.0,1.0,0.0,1,76.0,21.0,16.0,56.8
2022-12-11,12:00,Liga F,Matchweek 12,Sun,Home,W,2,0,Alavés,Sevilla,2.9,1.0,50.0,,Miriam Diéguez,3-4-1-2,Zulema González González,21.0,10.0,47.6,0.05,0.1,15.7,0.0,1,1,2.9,2.1,0.11,-0.9,-1.1,7.0,7.0,100.0,1,1.1,1.1,0,0,0,0,9.0,22.0,40.9,27.0,6.0,51.9,37.3,11.0,72.7,40.7,18.0,1.0,5.6,0.0,4.0,231.0,378.0,61.1,4722.0,2409.0,80.0,111.0,72.1,102.0,145.0,70.3,40.0,92.0,43.5,1,1.7,1.2,14.0,27.0,3.0,2.0,21.0,378.0,317.0,59.0,11.0,0.0,0.0,20.0,26.0,10.0,7.0,1.0,0.0,231.0,2.0,8.0,31.0,19.0,4.0,0.0,6.0,2.0,0.0,3.0,2.0,0.0,0.0,1.0,0.0,0.0,18.0,11.0,10.0,5.0,3.0,15.0,16.0,93.8,1.0,11.0,2.0,9.0,11.0,29,15.0,0.0,50.0,510.0,70.0,195.0,198.0,119.0,26.0,509.0,11.0,5.0,45.5,6.0,54.5,197.0,1294.0,506.0,6.0,8.0,4.0,21.0,18.0,228.0,20.0,3,0,0,16.0,5.0,2.0,20.0,11.0,11.0,0.0,0.0,0,64.0,13.0,12.0,52.0,17.0,7.0,41.2,0.0,0.0,21.9,1.0,0,0,1.0,1.0,0.06,-1.0,-1.0,11.0,9.0,90.9,0,3.1,1.1,1,1,0,0,4.0,12.0,33.3,24.0,6.0,45.8,41.5,4.0,25.0,26.8,16.0,0.0,0.0,1.0,12.7,229.0,376.0,60.9,4511.0,2247.0,92.0,127.0,72.4,95.0,141.0,67.4,38.0,87.0,43.7,0,0.6,0.5,12.0,26.0,7.0,3.0,34.0,376.0,305.0,65.0,16.0,0.0,0.0,23.0,35.0,7.0,1.0,6.0,0.0,229.0,6.0,10.0,23.0,14.0,2.0,0.0,2.0,4.0,1.0,0.0,0.0,0.0,0.0,0.0,0.0,0.0,24.0,16.0,12.0,8.0,4.0,6.0,11.0,54.5,5.0,9.0,5.0,4.0,15.0,39,20.0,1.0,50.0,516.0,55.0,176.0,200.0,147.0,21.0,516.0,16.0,1.0,6.3,15.0,93.8,227.0,1515.0,719.0,21.0,9.0,5.0,16.0,3.0,226.0,34.0,1,0,0,6.0,15.0,6.0,23.0,15.0,16.0,0.0,1.0,0,61.0,12.0,13.0,48.0
2022-12-17,18:15,Liga F,Matchweek 13,Sat,Away,L,1,3,Alavés,Alhama,2.0,0.6,60.0,,Miriam Diéguez,3-4-1-2,Beatriz Cuesta Arribas,14.0,5.0,35.7,0.07,0.2,20.8,0.0,0,0,2.0,2.0,0.14,-1.0,-1.0,4.0,2.0,25.0,0,1.0,-1.0,0,0,0,0,13.0,20.0,65.0,33.0,10.0,30.3,32.7,10.0,100.0,50.6,10.0,0.0,0.0,2.0,20.7,315.0,470.0,67.0,6272.0,3464.0,130.0,168.0,77.4,134.0,183.0,73.2,49.0,101.0,48.5,0,1.0,1.0,10.0,24.0,8.0,5.0,31.0,470.0,379.0,88.0,17.0,0.0,0.0,29.0,51.0,7.0,7.0,0.0,0.0,315.0,3.0,11.0,20.0,10.0,6.0,0.0,3.0,1.0,0.0,1.0,0.0,0.0,0.0,1.0,0.0,0.0,5.0,2.0,1.0,4.0,0.0,2.0,6.0,33.3,4.0,7.0,4.0,3.0,5.0,10,17.0,0.0,60.0,591.0,60.0,172.0,263.0,158.0,27.0,591.0,24.0,6.0,25.0,18.0,75.0,240.0,1152.0,613.0,10.0,8.0,1.0,20.0,14.0,313.0,31.0,2,0,0,10.0,13.0,3.0,29.0,5.0,2.0,0.0,0.0,1,62.0,23.0,18.0,56.1,15.0,4.0,26.7,0.13,0.5,26.7,0.0,0,0,0.6,0.6,0.04,1.4,1.4,5.0,4.0,80.0,0,1.3,0.3,0,0,0,0,7.0,22.0,31.8,19.0,1.0,89.5,52.4,5.0,100.0,50.0,23.0,0.0,0.0,0.0,,165.0,308.0,53.6,3341.0,1911.0,64.0,86.0,74.4,67.0,101.0,66.3,30.0,105.0,28.6,2,0.5,0.6,13.0,16.0,4.0,2.0,19.0,308.0,255.0,49.0,13.0,1.0,3.0,11.0,29.0,0.0,0.0,0.0,0.0,165.0,4.0,3.0,23.0,18.0,2.0,0.0,0.0,1.0,2.0,3.0,3.0,0.0,0.0,0.0,0.0,0.0,32.0,14.0,14.0,17.0,1.0,18.0,24.0,75.0,6.0,13.0,4.0,9.0,14.0,46,35.0,0.0,40.0,453.0,60.0,182.0,195.0,82.0,13.0,453.0,6.0,4.0,66.7,2.0,33.3,146.0,925.0,384.0,7.0,12.0,1.0,15.0,3.0,160.0,18.0,2,0,0,14.0,10.0,4.0,11.0,14.0,14.0,0.0,0.0,0,74.0,18.0,23.0,43.9
2023-01-07,12:00,Liga F,Matchweek 14,Sat,Home,W,4,1,Alavés,Valencia,2.5,1.0,47.0,,Alba Aznar,4-3-1-2,Paola Cebollada López,18.0,8.0,44.4,0.22,0.5,18.7,1.0,0,0,2.5,2.5,0.14,1.5,1.5,5.0,4.0,80.0,0,0.7,-0.3,0,0,0,0,12.0,26.0,46.2,34.0,5.0,55.9,36.6,12.0,58.3,34.9,15.0,0.0,0.0,0.0,,289.0,395.0,73.2,5744.0,2724.0,97.0,116.0,83.6,133.0,158.0,84.2,47.0,98.0,48.0,2,1.7,1.4,13.0,22.0,5.0,3.0,24.0,395.0,350.0,44.0,15.0,1.0,0.0,16.0,12.0,3.0,1.0,1.0,0.0,289.0,1.0,7.0,32.0,24.0,1.0,2.0,2.0,2.0,1.0,8.0,8.0,0.0,0.0,0.0,0.0,0.0,17.0,11.0,3.0,11.0,3.0,9.0,16.0,56.3,7.0,11.0,3.0,8.0,7.0,24,19.0,0.0,47.0,516.0,75.0,205.0,222.0,92.0,21.0,516.0,14.0,5.0,35.7,9.0,64.3,182.0,1270.0,653.0,26.0,6.0,10.0,13.0,8.0,286.0,24.0,2,0,0,19.0,12.0,1.0,16.0,7.0,11.0,0.0,0.0,0,56.0,10.0,12.0,45.5,17.0,5.0,29.4,0.06,0.2,17.1,1.0,0,0,1.0,1.0,0.06,0.0,0.0,8.0,4.0,50.0,0,3.9,-0.1,0,0,0,0,6.0,12.0,50.0,31.0,5.0,35.5,31.6,5.0,20.0,21.6,11.0,0.0,0.0,0.0,3.0,337.0,453.0,74.4,5428.0,2417.0,163.0,195.0,83.6,129.0,159.0,81.1,30.0,64.0,46.9,1,0.6,0.9,12.0,25.0,4.0,1.0,51.0,453.0,395.0,54.0,18.0,0.0,0.0,23.0,23.0,3.0,0.0,1.0,2.0,337.0,4.0,10.0,29.0,23.0,2.0,1.0,2.0,1.0,0.0,2.0,2.0,0.0,0.0,0.0,0.0,0.0,17.0,12.0,9.0,5.0,3.0,9.0,14.0,64.3,5.0,9.0,3.0,6.0,2.0,19,11.0,1.0,53.0,549.0,59.0,172.0,224.0,159.0,26.0,549.0,16.0,7.0,43.8,9.0,56.3,344.0,2160.0,1050.0,23.0,18.0,7.0,20.0,8.0,335.0,51.0,3,0,0,12.0,19.0,4.0,23.0,2.0,12.0,0.0,0.0,0,61.0,12.0,10.0,54.5
2023-01-14,12:00,Liga F,Matchweek 15,Sat,Away,L,0,1,Alavés,Levante Planas,0.3,1.7,51.0,,Miriam Diéguez,4-3-1-2,María Dolores Martínez Madrona,6.0,1.0,16.7,0.0,0.0,14.6,0.0,0,0,0.3,0.3,0.06,-0.3,-0.3,7.0,6.0,85.7,0,1.1,0.1,0,0,0,0,7.0,25.0,28.0,36.0,6.0,47.2,34.7,12.0,66.7,38.6,16.0,2.0,12.5,0.0,13.0,224.0,371.0,60.4,4441.0,1988.0,86.0,120.0,71.7,105.0,135.0,77.8,29.0,92.0,31.5,0,0.2,0.3,4.0,11.0,6.0,1.0,16.0,371.0,314.0,54.0,13.0,0.0,0.0,15.0,21.0,6.0,1.0,5.0,0.0,224.0,3.0,7.0,12.0,9.0,3.0,0.0,0.0,0.0,0.0,0.0,0.0,0.0,0.0,0.0,0.0,0.0,18.0,7.0,9.0,8.0,1.0,13.0,20.0,65.0,7.0,7.0,4.0,3.0,9.0,27,18.0,0.0,51.0,473.0,78.0,207.0,194.0,76.0,17.0,473.0,2.0,1.0,50.0,1.0,50.0,224.0,1033.0,389.0,5.0,4.0,1.0,16.0,9.0,219.0,16.0,2,0,0,17.0,8.0,3.0,15.0,9.0,7.0,0.0,0.0,0,44.0,12.0,17.0,41.4,17.0,7.0,41.2,0.06,0.14,21.1,1.0,0,0,1.7,1.7,0.1,-0.7,-0.7,1.0,1.0,100.0,1,0.0,0.0,0,0,0,0,3.0,7.0,42.9,14.0,6.0,35.7,31.0,7.0,28.6,20.7,10.0,1.0,10.0,0.0,8.0,228.0,352.0,64.8,4808.0,2293.0,76.0,101.0,75.2,101.0,139.0,72.7,47.0,94.0,50.0,1,1.3,1.7,12.0,28.0,7.0,3.0,44.0,352.0,293.0,54.0,17.0,4.0,3.0,21.0,19.0,10.0,1.0,6.0,0.0,228.0,5.0,4.0,27.0,21.0,1.0,0.0,1.0,1.0,3.0,2.0,1.0,0.0,0.0,0.0,0.0,1.0,10.0,9.0,3.0,3.0,4.0,1.0,2.0,50.0,1.0,5.0,1.0,4.0,16.0,26,19.0,0.0,49.0,479.0,45.0,156.0,212.0,124.0,26.0,479.0,20.0,7.0,35.0,13.0,65.0,198.0,1419.0,794.0,20.0,10.0,7.0,29.0,5.0,224.0,43.0,1,0,0,8.0,16.0,5.0,21.0,16.0,9.0,0.0,0.0,0,51.0,17.0,12.0,58.6
2023-01-25,19:00,Liga F,Matchweek 16,Wed,Home,L,1,3,Alavés,Real Madrid,2.0,3.0,34.0,,Alba Aznar,4-3-1-2,Elena Peláez Arnillas,7.0,2.0,28.6,0.14,0.5,15.1,0.0,0,0,2.0,2.0,0.29,-1.0,-1.0,10.0,7.0,70.0,0,2.5,-0.5,0,0,0,0,8.0,17.0,47.1,32.0,10.0,37.5,36.6,13.0,38.5,30.0,18.0,1.0,5.6,0.0,9.0,202.0,323.0,62.5,4549.0,2150.0,50.0,73.0,68.5,107.0,147.0,72.8,43.0,89.0,48.3,1,1.4,0.6,6.0,14.0,4.0,1.0,16.0,323.0,263.0,56.0,10.0,0.0,1.0,14.0,24.0,5.0,4.0,1.0,0.0,202.0,4.0,7.0,8.0,4.0,3.0,0.0,1.0,0.0,0.0,1.0,0.0,1.0,0.0,0.0,0.0,0.0,24.0,15.0,9.0,10.0,5.0,12.0,18.0,66.7,6.0,12.0,3.0,9.0,18.0,42,14.0,0.0,34.0,439.0,83.0,208.0,149.0,87.0,9.0,439.0,6.0,6.0,100.0,0.0,0.0,169.0,1032.0,559.0,10.0,6.0,1.0,22.0,14.0,198.0,15.0,0,0,0,9.0,5.0,4.0,14.0,18.0,15.0,0.0,0.0,0,52.0,17.0,14.0,54.8,24.0,10.0,41.7,0.13,0.3,14.8,1.0,0,0,3.0,3.0,0.12,0.0,0.0,2.0,1.0,50.0,0,1.1,0.1,0,0,0,0,3.0,6.0,50.0,25.0,1.0,16.0,27.8,8.0,25.0,24.9,10.0,0.0,0.0,2.0,13.3,496.0,615.0,80.7,8751.0,3249.0,211.0,245.0,86.1,213.0,237.0,89.9,55.0,96.0,57.3,1,2.1,1.6,17.0,42.0,10.0,2.0,68.0,615.0,558.0,52.0,11.0,0.0,4.0,27.0,21.0,10.0,6.0,0.0,0.0,496.0,5.0,12.0,41.0,31.0,4.0,1.0,2.0,2.0,1.0,6.0,5.0,0.0,0.0,0.0,0.0,1.0,14.0,7.0,10.0,2.0,2.0,0.0,6.0,0.0,6.0,6.0,1.0,5.0,18.0,32,15.0,0.0,66.0,731.0,67.0,204.0,323.0,209.0,39.0,731.0,18.0,6.0,33.3,12.0,66.7,545.0,2915.0,1311.0,27.0,20.0,12.0,19.0,12.0,493.0,65.0,0,0,0,6.0,7.0,5.0,27.0,18.0,7.0,0.0,0.0,0,80.0,14.0,17.0,45.2
2023-01-28,12:00,Liga F,Matchweek 17,Sat,Away,L,0,1,Alavés,Villarreal,0.9,1.1,60.0,,Ane Miren Martínez,4-3-1-2,Ainara Andrea Acevedo Dudley,13.0,4.0,30.8,0.0,0.0,17.8,1.0,0,0,0.9,0.9,0.08,-0.9,-0.9,2.0,1.0,50.0,0,0.7,-0.3,0,0,0,0,0.0,8.0,0.0,36.0,5.0,22.2,28.2,9.0,0.0,24.6,9.0,3.0,33.3,1.0,8.5,289.0,431.0,67.1,6298.0,2207.0,75.0,108.0,69.4,165.0,211.0,78.2,48.0,99.0,48.5,0,0.6,0.5,9.0,28.0,9.0,6.0,30.0,431.0,370.0,60.0,23.0,0.0,5.0,20.0,22.0,4.0,4.0,0.0,0.0,289.0,1.0,4.0,19.0,13.0,1.0,1.0,3.0,1.0,0.0,0.0,0.0,0.0,0.0,0.0,0.0,0.0,13.0,8.0,6.0,6.0,1.0,2.0,2.0,100.0,0.0,7.0,4.0,3.0,6.0,19,17.0,0.0,60.0,528.0,62.0,233.0,201.0,99.0,19.0,528.0,4.0,3.0,75.0,1.0,25.0,274.0,1176.0,469.0,4.0,6.0,1.0,19.0,12.0,284.0,30.0,4,1,1,14.0,16.0,1.0,20.0,6.0,8.0,0.0,0.0,0,57.0,14.0,8.0,63.6,12.0,2.0,16.7,0.08,0.5,18.6,1.0,0,0,1.1,1.1,0.09,-0.1,-0.1,4.0,4.0,100.0,1,0.5,0.5,0,0,0,0,5.0,16.0,31.3,22.0,1.0,40.9,37.5,11.0,63.6,37.8,16.0,1.0,6.3,0.0,14.6,161.0,293.0,54.9,3201.0,1704.0,64.0,89.0,71.9,68.0,98.0,69.4,26.0,75.0,34.7,1,1.0,0.9,9.0,18.0,6.0,1.0,25.0,293.0,234.0,53.0,14.0,1.0,2.0,13.0,23.0,4.0,0.0,4.0,0.0,161.0,6.0,4.0,18.0,12.0,2.0,0.0,2.0,2.0,0.0,2.0,2.0,0.0,0.0,0.0,0.0,0.0,13.0,9.0,5.0,7.0,1.0,1.0,4.0,25.0,3.0,8.0,4.0,4.0,7.0,20,22.0,0.0,40.0,390.0,52.0,149.0,164.0,81.0,13.0,390.0,2.0,0.0,0.0,2.0,100.0,141.0,830.0,293.0,4.0,3.0,1.0,18.0,11.0,161.0,25.0,2,0,0,17.0,13.0,6.0,13.0,7.0,9.0,0.0,0.0,0,44.0,8.0,14.0,36.4
2023-02-04,16:00,Liga F,Matchweek 18,Sat,Home,L,0,2,Alavés,Levante,1.2,2.8,34.0,,Miriam Diéguez,3-4-1-2,Elisabeth Calvo Valentín,9.0,4.0,44.4,0.0,0.0,17.9,0.0,0,0,1.2,1.2,0.13,-1.2,-1.2,7.0,5.0,71.4,0,2.4,0.4,0,0,0,0,18.0,36.0,50.0,32.0,3.0,62.5,42.3,18.0,88.9,47.3,17.0,1.0,5.9,0.0,7.0,146.0,269.0,54.3,3449.0,2003.0,48.0,70.0,68.6,59.0,102.0,57.8,38.0,85.0,44.7,0,1.2,0.7,9.0,8.0,3.0,0.0,10.0,269.0,204.0,64.0,16.0,0.0,0.0,7.0,23.0,4.0,3.0,1.0,0.0,146.0,1.0,8.0,15.0,8.0,3.0,0.0,1.0,2.0,1.0,0.0,0.0,0.0,0.0,0.0,0.0,0.0,15.0,7.0,11.0,3.0,1.0,4.0,7.0,57.1,3.0,13.0,4.0,9.0,13.0,28,27.0,0.0,34.0,380.0,91.0,221.0,102.0,59.0,11.0,380.0,2.0,1.0,50.0,1.0,50.0,160.0,631.0,287.0,1.0,0.0,1.0,22.0,10.0,145.0,10.0,2,0,0,4.0,14.0,1.0,7.0,13.0,7.0,0.0,0.0,0,38.0,13.0,20.0,39.4,27.0,7.0,25.9,0.07,0.29,17.5,1.0,0,0,2.8,2.8,0.1,-0.8,-0.8,4.0,4.0,100.0,1,1.3,1.3,0,0,0,0,2.0,5.0,40.0,20.0,5.0,20.0,23.8,6.0,16.7,26.2,7.0,0.0,0.0,0.0,9.3,407.0,533.0,76.4,7810.0,3105.0,139.0,171.0,81.3,217.0,260.0,83.5,45.0,79.0,57.0,1,2.2,2.8,24.0,42.0,16.0,3.0,66.0,533.0,485.0,46.0,4.0,1.0,1.0,20.0,26.0,9.0,6.0,0.0,0.0,407.0,2.0,11.0,47.0,38.0,4.0,1.0,1.0,1.0,2.0,3.0,1.0,1.0,0.0,0.0,0.0,1.0,11.0,6.0,3.0,3.0,5.0,1.0,2.0,50.0,1.0,9.0,0.0,9.0,5.0,16,9.0,0.0,66.0,629.0,39.0,131.0,282.0,219.0,46.0,629.0,8.0,3.0,37.5,4.0,50.0,248.0,1563.0,835.0,18.0,11.0,8.0,17.0,11.0,401.0,65.0,1,0,0,14.0,4.0,2.0,20.0,5.0,6.0,0.0,0.0,0,69.0,20.0,13.0,60.6
2023-02-11,18:15,Liga F,Matchweek 19,Sat,Home,L,0,4,Alavés,Barcelona,0.4,4.7,27.0,,Cristina Auñón,5-4-1,Raquel Suárez González,4.0,0.0,0.0,0.0,,18.7,0.0,0,0,0.4,0.4,0.09,-0.4,-0.4,11.0,8.0,63.6,0,3.1,0.1,0,0,0,0,11.0,24.0,45.8,32.0,4.0,53.1,38.1,14.0,50.0,36.4,18.0,0.0,0.0,1.0,17.0,139.0,248.0,56.0,3117.0,1873.0,42.0,65.0,64.6,56.0,83.0,67.5,34.0,79.0,43.0,0,0.3,0.4,2.0,11.0,3.0,1.0,12.0,248.0,185.0,62.0,16.0,1.0,0.0,11.0,25.0,2.0,0.0,1.0,1.0,139.0,1.0,10.0,6.0,4.0,1.0,0.0,0.0,1.0,0.0,0.0,0.0,0.0,0.0,0.0,0.0,0.0,9.0,8.0,4.0,4.0,1.0,5.0,23.0,21.7,18.0,19.0,4.0,15.0,19.0,28,23.0,0.0,27.0,368.0,92.0,192.0,119.0,60.0,4.0,368.0,12.0,6.0,50.0,6.0,50.0,139.0,704.0,271.0,6.0,3.0,0.0,12.0,6.0,138.0,12.0,1,0,0,5.0,8.0,1.0,11.0,19.0,8.0,0.0,0.0,1,40.0,9.0,14.0,39.1,26.0,11.0,42.3,0.12,0.27,14.3,0.0,0,0,4.7,4.7,0.19,-1.7,-1.7,0.0,0.0,,1,0.0,0.0,0,0,0,0,3.0,8.0,37.5,39.0,7.0,15.4,24.5,3.0,66.7,37.0,7.0,2.0,28.6,2.0,16.0,539.0,664.0,81.2,8810.0,3566.0,279.0,324.0,86.1,210.0,240.0,87.5,41.0,60.0,68.3,2,3.4,2.8,19.0,45.0,19.0,4.0,70.0,664.0,614.0,41.0,6.0,3.0,1.0,23.0,24.0,7.0,1.0,5.0,1.0,539.0,9.0,17.0,46.0,35.0,5.0,1.0,4.0,1.0,0.0,5.0,4.0,0.0,0.0,1.0,0.0,0.0,12.0,10.0,4.0,6.0,2.0,6.0,12.0,50.0,6.0,7.0,1.0,6.0,5.0,17,10.0,0.0,73.0,762.0,50.0,202.0,296.0,272.0,49.0,762.0,24.0,18.0,75.0,5.0,20.8,553.0,2758.0,1474.0,38.0,19.0,15.0,10.0,4.0,536.0,70.0,2,0,0,8.0,5.0,9.0,23.0,5.0,10.0,0.0,0.0,0,65.0,14.0,9.0,60.9
2023-03-04,14:00,Liga F,Matchweek 20,Sat,Away,L,1,5,Alavés,Madrid CFF,0.9,1.4,40.0,,Miriam Diéguez,5-3-2,Patricia Luna Varo,8.0,3.0,37.5,0.13,0.33,16.1,0.0,0,0,0.9,0.9,0.11,0.1,0.1,7.0,2.0,28.6,0,3.0,-2.0,0,0,0,0,6.0,13.0,46.2,23.0,3.0,34.8,33.1,11.0,45.5,30.5,18.0,0.0,0.0,0.0,10.0,224.0,341.0,65.7,4560.0,1983.0,72.0,90.0,80.0,121.0,163.0,74.2,30.0,80.0,37.5,1,0.8,0.7,6.0,24.0,0.0,0.0,21.0,341.0,281.0,58.0,16.0,0.0,1.0,14.0,22.0,3.0,3.0,0.0,0.0,224.0,2.0,3.0,11.0,5.0,3.0,0.0,1.0,2.0,0.0,2.0,1.0,0.0,0.0,0.0,1.0,0.0,15.0,15.0,10.0,5.0,0.0,8.0,18.0,44.4,10.0,17.0,2.0,15.0,12.0,27,25.0,0.0,40.0,462.0,62.0,190.0,197.0,77.0,7.0,462.0,10.0,3.0,30.0,7.0,70.0,172.0,940.0,470.0,8.0,1.0,2.0,18.0,4.0,222.0,21.0,3,0,0,10.0,11.0,2.0,14.0,12.0,15.0,0.0,0.0,0,63.0,6.0,6.0,50.0,17.0,7.0,41.2,0.29,0.71,18.9,0.0,0,0,1.4,1.4,0.08,3.6,3.6,3.0,2.0,66.7,0,1.4,0.4,0,0,0,0,3.0,6.0,50.0,15.0,3.0,26.7,31.1,5.0,40.0,35.0,9.0,0.0,0.0,0.0,13.0,381.0,508.0,75.0,7259.0,3351.0,151.0,180.0,83.9,187.0,232.0,80.6,39.0,82.0,47.6,4,1.1,0.8,12.0,32.0,12.0,2.0,43.0,508.0,440.0,66.0,11.0,1.0,3.0,20.0,41.0,7.0,0.0,0.0,7.0,381.0,2.0,15.0,30.0,19.0,6.0,2.0,0.0,2.0,1.0,10.0,6.0,2.0,1.0,0.0,1.0,0.0,11.0,8.0,2.0,8.0,1.0,7.0,10.0,70.0,3.0,6.0,3.0,3.0,9.0,20,6.0,0.0,60.0,601.0,42.0,206.0,246.0,156.0,27.0,601.0,19.0,10.0,52.6,8.0,42.1,326.0,1409.0,565.0,10.0,7.0,5.0,23.0,7.0,378.0,43.0,1,0,0,14.0,10.0,2.0,20.0,9.0,8.0,0.0,0.0,0,58.0,7.0,5.0,58.3
2023-03-11,12:00,Liga F,Matchweek 21,Sat,Home,W,2,1,Alavés,Sporting Huelva,1.8,0.2,60.0,,Cristina Auñón,5-3-2,Xiomara Díaz García,18.0,7.0,38.9,0.11,0.29,15.0,1.0,0,0,1.8,1.8,0.11,0.2,0.2,2.0,1.0,50.0,0,0.3,-0.7,0,0,0,0,3.0,12.0,25.0,32.0,5.0,21.9,29.9,11.0,45.5,35.3,11.0,1.0,9.1,3.0,17.2,275.0,410.0,67.1,6038.0,2645.0,62.0,89.0,69.7,161.0,201.0,80.1,49.0,107.0,45.8,0,1.0,1.1,13.0,24.0,6.0,3.0,30.0,410.0,345.0,65.0,10.0,0.0,4.0,30.0,34.0,8.0,0.0,0.0,8.0,275.0,0.0,11.0,29.0,13.0,5.0,2.0,4.0,3.0,2.0,3.0,1.0,0.0,0.0,1.0,1.0,0.0,16.0,12.0,6.0,8.0,2.0,6.0,8.0,75.0,2.0,7.0,0.0,7.0,11.0,27,13.0,0.0,60.0,530.0,48.0,207.0,189.0,137.0,23.0,530.0,18.0,9.0,50.0,10.0,55.6,182.0,1012.0,615.0,12.0,5.0,1.0,15.0,6.0,275.0,30.0,3,0,0,5.0,10.0,0.0,30.0,11.0,12.0,0.0,0.0,0,41.0,14.0,15.0,48.3,4.0,2.0,50.0,0.25,0.5,22.9,0.0,0,0,0.2,0.2,0.06,0.8,0.8,7.0,5.0,71.4,0,1.9,-0.1,0,0,0,0,8.0,23.0,34.8,20.0,1.0,70.0,46.1,12.0,75.0,46.2,26.0,1.0,3.8,0.0,5.5,145.0,278.0,52.2,2809.0,1682.0,77.0,111.0,69.4,40.0,72.0,55.6,27.0,85.0,31.8,1,0.2,0.2,3.0,14.0,3.0,1.0,12.0,278.0,217.0,60.0,5.0,1.0,1.0,15.0,35.0,5.0,3.0,2.0,0.0,145.0,1.0,9.0,7.0,5.0,1.0,1.0,0.0,0.0,0.0,2.0,2.0,0.0,0.0,0.0,0.0,0.0,17.0,13.0,9.0,5.0,3.0,10.0,19.0,52.6,9.0,11.0,3.0,8.0,19.0,36,37.0,0.0,40.0,404.0,65.0,162.0,174.0,72.0,7.0,404.0,9.0,3.0,33.3,6.0,66.7,152.0,805.0,278.0,5.0,8.0,0.0,20.0,12.0,141.0,12.0,4,1,1,10.0,5.0,1.0,15.0,19.0,13.0,0.0,0.0,0,46.0,15.0,14.0,51.7
2023-03-19,12:00,Liga F,Matchweek 22,Sun,Away,L,5,6,Alavés,Real Sociedad,1.4,3.8,36.0,,Sanadri,4-2-3-1,María Gloria Planes Terol,15.0,8.0,53.3,0.33,0.63,19.0,0.0,0,0,1.4,1.4,0.11,3.6,3.6,9.0,3.0,33.3,0,4.3,-1.7,0,0,0,0,4.0,10.0,40.0,44.0,5.0,22.7,27.0,5.0,0.0,23.6,7.0,0.0,0.0,1.0,15.0,232.0,342.0,67.8,4350.0,2079.0,81.0,110.0,73.6,127.0,158.0,80.4,22.0,62.0,35.5,3,0.5,0.4,9.0,18.0,3.0,1.0,26.0,342.0,304.0,35.0,8.0,0.0,0.0,12.0,12.0,3.0,1.0,2.0,0.0,232.0,3.0,5.0,18.0,11.0,3.0,0.0,3.0,1.0,0.0,3.0,1.0,2.0,0.0,0.0,0.0,0.0,14.0,10.0,4.0,7.0,3.0,1.0,7.0,14.3,6.0,14.0,3.0,11.0,16.0,30,14.0,2.0,36.0,428.0,59.0,184.0,152.0,101.0,13.0,428.0,7.0,5.0,71.4,2.0,28.6,255.0,1429.0,728.0,17.0,12.0,3.0,9.0,5.0,227.0,25.0,1,0,0,11.0,7.0,3.0,12.0,16.0,10.0,0.0,0.0,0,59.0,14.0,7.0,66.7,13.0,9.0,69.2,0.46,0.67,11.7,0.0,0,0,3.8,3.8,0.32,2.2,2.2,8.0,3.0,37.5,0,1.3,-3.7,0,0,0,0,3.0,4.0,75.0,45.0,7.0,8.9,23.3,5.0,0.0,11.0,12.0,1.0,8.3,1.0,13.0,503.0,608.0,82.7,9160.0,3529.0,203.0,230.0,88.3,245.0,280.0,87.5,50.0,80.0,62.5,3,1.9,2.1,7.0,33.0,13.0,2.0,43.0,608.0,561.0,46.0,14.0,2.0,0.0,9.0,20.0,1.0,0.0,0.0,0.0,503.0,1.0,10.0,23.0,17.0,1.0,3.0,2.0,0.0,0.0,11.0,9.0,0.0,2.0,0.0,0.0,0.0,7.0,7.0,6.0,1.0,0.0,2.0,7.0,28.6,5.0,9.0,4.0,5.0,12.0,19,18.0,2.0,64.0,691.0,85.0,300.0,284.0,108.0,21.0,691.0,7.0,6.0,85.7,1.0,14.3,437.0,2233.0,939.0,14.0,9.0,5.0,12.0,13.0,498.0,43.0,1,0,0,7.0,11.0,1.0,9.0,12.0,7.0,0.0,0.0,0,50.0,7.0,14.0,33.3
2023-03-26,12:00,Liga F,Matchweek 23,Sun,Home,L,1,2,Alavés,Atlético Madrid,0.3,0.5,44.0,,Lice Chamorro,4-4-2,Elia María Martínez Martínez,5.0,2.0,40.0,0.2,0.5,22.3,1.0,0,0,0.3,0.3,0.05,0.7,0.7,4.0,3.0,50.0,0,0.5,-0.5,0,0,0,0,1.0,5.0,20.0,30.0,4.0,13.3,25.3,11.0,9.1,24.2,8.0,0.0,0.0,2.0,20.0,245.0,360.0,68.1,4747.0,2021.0,88.0,109.0,80.7,110.0,144.0,76.4,38.0,78.0,48.7,1,0.2,0.2,3.0,15.0,3.0,1.0,27.0,360.0,309.0,49.0,11.0,0.0,3.0,15.0,22.0,2.0,1.0,1.0,0.0,245.0,2.0,10.0,8.0,5.0,1.0,0.0,1.0,0.0,1.0,2.0,2.0,0.0,0.0,0.0,0.0,0.0,18.0,11.0,6.0,10.0,2.0,7.0,26.0,26.9,19.0,7.0,0.0,7.0,10.0,28,14.0,0.0,44.0,448.0,51.0,190.0,183.0,79.0,15.0,448.0,16.0,9.0,56.3,7.0,43.8,226.0,1502.0,869.0,20.0,9.0,7.0,16.0,10.0,242.0,27.0,3,0,0,13.0,10.0,2.0,15.0,10.0,11.0,0.0,0.0,1,55.0,9.0,7.0,56.3,7.0,4.0,57.1,0.14,0.25,20.5,2.0,0,0,0.5,0.5,0.07,0.5,0.5,2.0,1.0,50.0,0,0.8,-0.2,0,0,0,0,1.0,8.0,12.5,29.0,8.0,17.2,25.9,4.0,75.0,36.5,12.0,2.0,16.7,0.0,12.7,360.0,454.0,79.3,6363.0,2614.0,148.0,170.0,87.1,172.0,196.0,87.8,32.0,67.0,47.8,1,0.3,0.5,4.0,39.0,3.0,0.0,34.0,454.0,409.0,45.0,13.0,0.0,1.0,10.0,24.0,2.0,1.0,0.0,0.0,360.0,0.0,8.0,14.0,10.0,1.0,1.0,0.0,2.0,0.0,2.0,2.0,0.0,0.0,0.0,0.0,0.0,17.0,10.0,8.0,6.0,3.0,7.0,16.0,43.8,9.0,12.0,2.0,10.0,10.0,27,14.0,0.0,56.0,555.0,48.0,161.0,281.0,120.0,9.0,555.0,26.0,19.0,73.1,7.0,26.9,360.0,2018.0,1143.0,18.0,7.0,3.0,28.0,11.0,358.0,34.0,1,0,0,12.0,13.0,0.0,10.0,10.0,10.0,0.0,0.0,0,57.0,7.0,9.0,43.8
2023-04-01,16:00,Liga F,Matchweek 24,Sat,Away,L,2,4,Alavés,Sevilla,0.7,1.5,51.0,,Sanadri,4-4-2,Ylenia Sánchez Miguel,9.0,4.0,44.4,0.22,0.5,16.5,2.0,0,0,0.7,0.7,0.08,1.3,1.3,10.0,6.0,60.0,0,2.4,-1.6,0,0,0,0,5.0,13.0,38.5,28.0,4.0,32.1,33.2,6.0,66.7,38.7,11.0,2.0,18.2,0.0,10.0,292.0,381.0,76.6,5579.0,2478.0,116.0,131.0,88.5,125.0,156.0,80.1,44.0,77.0,57.1,1,0.5,0.5,6.0,23.0,2.0,0.0,27.0,381.0,332.0,49.0,13.0,0.0,5.0,7.0,23.0,2.0,1.0,0.0,1.0,292.0,0.0,5.0,14.0,4.0,5.0,0.0,1.0,4.0,0.0,4.0,1.0,1.0,0.0,0.0,2.0,0.0,13.0,6.0,8.0,3.0,2.0,1.0,8.0,12.5,7.0,12.0,3.0,9.0,5.0,18,15.0,2.0,51.0,484.0,59.0,178.0,239.0,71.0,10.0,484.0,10.0,6.0,60.0,4.0,40.0,286.0,1325.0,632.0,5.0,7.0,0.0,26.0,10.0,288.0,27.0,0,0,0,8.0,10.0,0.0,7.0,5.0,6.0,0.0,0.0,0,50.0,7.0,6.0,53.8,16.0,10.0,62.5,0.25,0.4,19.9,0.0,0,0,1.5,1.5,0.09,2.5,2.5,4.0,2.0,50.0,0,0.6,-1.4,0,0,0,0,5.0,10.0,50.0,13.0,2.0,38.5,32.8,8.0,62.5,40.5,7.0,2.0,28.6,0.0,9.0,263.0,368.0,71.5,5061.0,2227.0,100.0,120.0,83.3,129.0,163.0,79.1,31.0,65.0,47.7,3,0.9,0.4,10.0,24.0,2.0,0.0,35.0,368.0,313.0,50.0,8.0,0.0,2.0,14.0,23.0,8.0,1.0,0.0,5.0,263.0,5.0,11.0,27.0,20.0,5.0,1.0,0.0,1.0,0.0,8.0,6.0,1.0,0.0,0.0,1.0,0.0,14.0,7.0,8.0,6.0,0.0,4.0,10.0,40.0,6.0,5.0,0.0,5.0,5.0,19,7.0,0.0,49.0,448.0,31.0,138.0,214.0,109.0,20.0,448.0,8.0,7.0,87.5,1.0,12.5,257.0,1241.0,617.0,19.0,11.0,8.0,15.0,12.0,258.0,34.0,2,0,0,10.0,7.0,4.0,14.0,5.0,7.0,0.0,0.0,0,58.0,6.0,7.0,46.2
2023-04-15,12:00,Liga F,Matchweek 25,Sat,Away,L,0,1,Alavés,Athletic Club,0.3,0.9,49.0,,Alba Aznar,4-4-2,María Dolores Martínez Madrona,6.0,1.0,16.7,0.0,0.0,24.5,0.0,0,0,0.3,0.3,0.04,-0.3,-0.3,4.0,3.0,75.0,0,0.9,-0.1,0,0,0,0,7.0,19.0,36.8,34.0,5.0,38.2,33.8,9.0,66.7,41.4,24.0,3.0,12.5,0.0,7.5,293.0,426.0,68.8,6055.0,2643.0,106.0,129.0,82.2,139.0,171.0,81.3,45.0,103.0,43.7,0,0.2,0.5,4.0,25.0,8.0,2.0,34.0,426.0,373.0,50.0,8.0,0.0,1.0,8.0,31.0,0.0,0.0,0.0,0.0,293.0,3.0,14.0,9.0,7.0,0.0,1.0,0.0,1.0,0.0,0.0,0.0,0.0,0.0,0.0,0.0,0.0,12.0,10.0,6.0,3.0,3.0,6.0,9.0,66.7,3.0,9.0,2.0,7.0,9.0,21,31.0,0.0,49.0,515.0,77.0,224.0,218.0,80.0,11.0,515.0,7.0,4.0,57.1,3.0,42.9,272.0,1617.0,675.0,8.0,9.0,2.0,20.0,10.0,286.0,32.0,1,0,0,7.0,6.0,3.0,8.0,9.0,10.0,0.0,0.0,0,55.0,14.0,14.0,50.0,12.0,4.0,33.3,0.08,0.25,19.2,0.0,0,0,0.9,0.9,0.08,0.1,0.1,1.0,1.0,100.0,1,0.0,0.0,0,0,0,0,7.0,9.0,77.8,22.0,8.0,31.8,33.7,8.0,25.0,32.6,7.0,0.0,0.0,0.0,,297.0,441.0,67.3,6662.0,2911.0,76.0,93.0,81.7,160.0,208.0,76.9,59.0,117.0,50.4,1,0.7,0.9,8.0,32.0,6.0,4.0,40.0,441.0,387.0,52.0,10.0,0.0,5.0,33.0,29.0,4.0,4.0,0.0,0.0,297.0,2.0,11.0,22.0,15.0,3.0,1.0,1.0,2.0,0.0,2.0,1.0,1.0,0.0,0.0,0.0,0.0,13.0,8.0,3.0,8.0,2.0,3.0,7.0,42.9,4.0,14.0,0.0,14.0,9.0,22,12.0,0.0,51.0,531.0,50.0,177.0,218.0,143.0,17.0,531.0,9.0,3.0,33.3,6.0,66.7,288.0,1613.0,772.0,17.0,13.0,2.0,20.0,6.0,293.0,40.0,1,0,0,6.0,6.0,2.0,33.0,9.0,8.0,0.0,0.0,0,61.0,14.0,14.0,50.0
2023-04-22,18:15,Liga F,Matchweek 26,Sat,Home,W,1,0,Alavés,Levante Planas,1.5,1.0,44.0,,Ane Miren Martínez,4-4-2,María Eugenia Gil Soriano,11.0,6.0,54.5,0.09,0.17,14.6,0.0,0,0,1.5,1.5,0.14,-0.5,-0.5,2.0,2.0,100.0,1,0.2,0.2,0,0,0,0,9.0,25.0,36.0,38.0,3.0,47.4,35.9,10.0,70.0,40.7,14.0,0.0,0.0,1.0,13.0,240.0,367.0,65.4,5284.0,2445.0,86.0,108.0,79.6,99.0,136.0,72.8,53.0,108.0,49.1,1,1.3,0.9,8.0,15.0,3.0,0.0,11.0,367.0,313.0,53.0,11.0,0.0,3.0,9.0,29.0,2.0,0.0,0.0,2.0,240.0,1.0,7.0,19.0,13.0,2.0,0.0,2.0,2.0,0.0,2.0,2.0,0.0,0.0,0.0,0.0,0.0,16.0,9.0,6.0,10.0,0.0,12.0,19.0,63.2,7.0,15.0,3.0,12.0,12.0,28,18.0,0.0,44.0,486.0,91.0,252.0,152.0,87.0,16.0,486.0,12.0,6.0,50.0,6.0,50.0,197.0,1118.0,567.0,13.0,6.0,6.0,14.0,21.0,237.0,11.0,1,0,0,11.0,10.0,1.0,9.0,12.0,9.0,0.0,0.0,0,76.0,7.0,14.0,33.3,13.0,2.0,15.4,0.0,0.0,21.3,0.0,0,0,1.0,1.0,0.07,-1.0,-1.0,6.0,5.0,83.3,0,1.5,0.5,0,0,0,0,1.0,3.0,33.3,26.0,13.0,11.5,25.5,4.0,0.0,15.5,7.0,0.0,0.0,1.0,19.0,337.0,471.0,71.5,6297.0,2773.0,132.0,160.0,82.5,166.0,213.0,77.9,33.0,73.0,45.2,0,0.8,0.5,9.0,30.0,4.0,0.0,37.0,471.0,419.0,49.0,10.0,1.0,0.0,15.0,28.0,5.0,3.0,0.0,0.0,337.0,3.0,12.0,18.0,9.0,6.0,0.0,1.0,1.0,1.0,0.0,0.0,0.0,0.0,0.0,0.0,0.0,27.0,19.0,8.0,18.0,1.0,6.0,12.0,50.0,6.0,10.0,3.0,7.0,9.0,36,8.0,0.0,56.0,586.0,58.0,197.0,277.0,121.0,23.0,586.0,19.0,7.0,36.8,12.0,63.2,355.0,2047.0,964.0,19.0,10.0,6.0,18.0,4.0,332.0,36.0,4,0,0,10.0,11.0,3.0,15.0,9.0,19.0,0.0,0.0,0,79.0,14.0,7.0,66.7
2023-04-29,14:00,Liga F,Matchweek 27,Sat,Away,L,1,2,Alavés,Valencia,0.6,1.0,55.0,,Ane Miren Martínez,4-4-2,Patricia Luna Varo,12.0,3.0,25.0,0.08,0.33,21.8,0.0,0,0,0.6,0.6,0.05,0.4,0.4,6.0,4.0,66.7,0,2.5,0.5,0,0,0,0,6.0,12.0,50.0,29.0,7.0,27.6,32.6,6.0,66.7,40.7,9.0,2.0,22.2,0.0,8.8,320.0,421.0,76.0,6207.0,2610.0,119.0,134.0,88.8,135.0,157.0,86.0,52.0,99.0,52.5,0,0.4,0.3,7.0,24.0,3.0,1.0,37.0,421.0,369.0,51.0,10.0,0.0,1.0,28.0,26.0,6.0,0.0,0.0,5.0,320.0,1.0,9.0,18.0,15.0,2.0,0.0,0.0,0.0,1.0,2.0,2.0,0.0,0.0,0.0,0.0,0.0,11.0,8.0,4.0,5.0,2.0,2.0,8.0,25.0,6.0,10.0,1.0,9.0,9.0,20,10.0,0.0,55.0,503.0,47.0,158.0,222.0,128.0,13.0,502.0,13.0,11.0,84.6,2.0,15.4,324.0,1566.0,694.0,12.0,10.0,2.0,18.0,13.0,311.0,37.0,3,0,0,11.0,8.0,1.0,28.0,9.0,8.0,0.0,0.0,0,53.0,9.0,8.0,52.9,9.0,6.0,66.7,0.22,0.33,17.6,0.0,0,0,1.0,1.0,0.11,1.0,1.0,3.0,2.0,66.7,0,0.1,-0.9,0,0,0,0,3.0,6.0,50.0,17.0,8.0,29.4,34.5,9.0,11.1,24.1,19.0,1.0,5.3,0.0,8.3,244.0,351.0,69.5,4872.0,2074.0,72.0,88.0,81.8,138.0,167.0,82.6,31.0,74.0,41.9,2,0.9,0.7,8.0,14.0,5.0,2.0,30.0,351.0,292.0,57.0,12.0,1.0,6.0,11.0,34.0,0.0,0.0,0.0,0.0,244.0,2.0,9.0,17.0,14.0,1.0,2.0,0.0,0.0,0.0,4.0,3.0,1.0,0.0,0.0,0.0,0.0,15.0,13.0,8.0,6.0,1.0,2.0,13.0,15.4,11.0,9.0,3.0,6.0,7.0,22,18.0,1.0,45.0,438.0,57.0,182.0,179.0,83.0,12.0,438.0,8.0,6.0,75.0,2.0,25.0,207.0,1209.0,561.0,11.0,10.0,4.0,17.0,9.0,237.0,29.0,2,0,0,8.0,10.0,2.0,11.0,7.0,13.0,0.0,0.0,0,47.0,8.0,9.0,47.1
2023-05-06,12:00,Liga F,Matchweek 28,Sat,Home,D,1,1,Alavés,UDG Tenerife,0.7,1.0,44.0,,Ane Miren Martínez,4-4-2,Elisabeth Calvo Valentín,6.0,1.0,16.7,0.17,1.0,15.2,0.0,0,0,0.7,0.7,0.11,0.3,0.3,3.0,2.0,66.7,0,0.8,-0.2,0,0,0,0,8.0,21.0,38.1,39.0,6.0,33.3,34.3,14.0,57.1,41.1,23.0,5.0,21.7,0.0,6.2,223.0,360.0,61.9,4987.0,2257.0,63.0,88.0,71.6,117.0,146.0,80.1,42.0,103.0,40.8,1,0.7,0.4,5.0,12.0,4.0,3.0,18.0,360.0,297.0,56.0,10.0,0.0,3.0,13.0,28.0,2.0,1.0,1.0,0.0,223.0,7.0,11.0,10.0,9.0,0.0,0.0,0.0,0.0,1.0,2.0,2.0,0.0,0.0,0.0,0.0,0.0,21.0,16.0,14.0,5.0,2.0,7.0,13.0,53.8,6.0,14.0,4.0,10.0,18.0,39,27.0,0.0,44.0,459.0,81.0,235.0,175.0,55.0,8.0,459.0,4.0,3.0,75.0,1.0,25.0,262.0,1001.0,537.0,10.0,3.0,2.0,13.0,9.0,222.0,18.0,2,0,0,11.0,6.0,7.0,13.0,18.0,16.0,0.0,0.0,0,56.0,12.0,13.0,48.0,14.0,3.0,21.4,0.07,0.33,16.3,0.0,0,0,1.0,1.0,0.07,0.0,0.0,1.0,0.0,0.0,0,0.8,-0.2,0,0,0,0,6.0,13.0,46.2,35.0,4.0,37.1,35.7,6.0,0.0,20.0,12.0,0.0,0.0,4.0,24.0,305.0,451.0,67.6,6466.0,2725.0,86.0,110.0,78.2,169.0,207.0,81.6,48.0,114.0,42.1,1,0.8,1.5,9.0,24.0,5.0,1.0,35.0,451.0,390.0,57.0,17.0,2.0,1.0,32.0,24.0,8.0,4.0,0.0,0.0,305.0,4.0,12.0,21.0,15.0,2.0,1.0,2.0,0.0,1.0,2.0,1.0,0.0,1.0,0.0,0.0,0.0,10.0,7.0,3.0,5.0,2.0,1.0,4.0,25.0,3.0,13.0,2.0,11.0,9.0,19,12.0,0.0,56.0,540.0,54.0,197.0,219.0,130.0,18.0,540.0,13.0,6.0,46.2,7.0,53.8,174.0,1071.0,566.0,11.0,8.0,5.0,19.0,14.0,301.0,35.0,1,0,0,7.0,11.0,4.0,32.0,9.0,7.0,0.0,0.0,0,65.0,13.0,12.0,52.0
2023-05-13,12:00,Liga F,Matchweek 29,Sat,Away,D,1,1,Alavés,Real Betis,1.5,2.1,51.0,,Ane Miren Martínez,4-4-2,Zulema González González,13.0,3.0,23.1,0.08,0.33,21.3,1.0,0,0,1.5,1.5,0.12,-0.5,-0.5,5.0,4.0,100.0,0,1.2,0.2,1,1,0,0,8.0,23.0,34.8,25.0,5.0,52.0,40.2,11.0,90.9,52.2,9.0,1.0,11.1,1.0,8.0,228.0,389.0,58.6,4755.0,2375.0,76.0,106.0,71.7,103.0,147.0,70.1,40.0,110.0,36.4,1,1.1,0.8,6.0,17.0,2.0,0.0,25.0,389.0,331.0,57.0,11.0,0.0,1.0,14.0,33.0,0.0,0.0,0.0,0.0,228.0,1.0,10.0,18.0,11.0,2.0,2.0,1.0,1.0,1.0,2.0,1.0,1.0,0.0,0.0,0.0,0.0,27.0,17.0,10.0,11.0,6.0,7.0,13.0,53.8,6.0,14.0,1.0,13.0,12.0,39,10.0,0.0,51.0,477.0,50.0,167.0,209.0,109.0,14.0,477.0,12.0,11.0,91.7,1.0,8.3,216.0,1297.0,671.0,12.0,7.0,4.0,9.0,15.0,225.0,24.0,1,0,0,9.0,10.0,1.0,14.0,12.0,17.0,0.0,1.0,0,52.0,16.0,14.0,53.3,12.0,4.0,33.3,0.0,0.0,21.1,0.0,1,1,2.1,1.3,0.11,-1.1,-1.3,3.0,2.0,66.7,0,1.4,0.4,0,0,0,0,6.0,20.0,30.0,19.0,1.0,68.4,53.1,9.0,77.8,44.7,8.0,0.0,0.0,0.0,14.0,229.0,369.0,62.1,4878.0,2137.0,81.0,107.0,75.7,100.0,139.0,71.9,45.0,107.0,42.1,0,1.1,1.0,9.0,20.0,5.0,3.0,30.0,369.0,318.0,51.0,8.0,0.0,5.0,13.0,30.0,2.0,1.0,0.0,1.0,229.0,0.0,15.0,21.0,12.0,5.0,0.0,1.0,2.0,1.0,2.0,0.0,1.0,0.0,0.0,1.0,0.0,16.0,10.0,9.0,6.0,1.0,1.0,12.0,8.3,11.0,14.0,6.0,8.0,21.0,37,26.0,0.0,49.0,487.0,55.0,191.0,188.0,112.0,19.0,486.0,13.0,6.0,46.2,7.0,53.8,207.0,1306.0,649.0,18.0,7.0,7.0,13.0,20.0,226.0,29.0,1,0,0,12.0,9.0,0.0,13.0,21.0,10.0,1.0,0.0,0,68.0,14.0,16.0,46.7
2023-05-20,12:00,Liga F,Matchweek 30,Sat,Home,D,1,1,Alavés,Alhama,0.6,0.7,57.0,,Ane Miren Martínez,3-4-1-2,Alicia Espinosa Ríos,13.0,6.0,46.2,0.08,0.17,23.1,0.0,0,0,0.6,0.6,0.04,0.4,0.4,3.0,2.0,66.7,0,0.5,-0.5,0,0,0,0,3.0,8.0,37.5,28.0,5.0,25.0,27.9,9.0,11.1,22.9,17.0,0.0,0.0,0.0,,264.0,411.0,64.2,5205.0,2612.0,89.0,129.0,69.0,131.0,178.0,73.6,40.0,93.0,43.0,0,0.1,0.4,6.0,25.0,5.0,1.0,35.0,411.0,331.0,76.0,13.0,0.0,0.0,34.0,42.0,9.0,7.0,2.0,0.0,264.0,4.0,7.0,21.0,13.0,4.0,2.0,1.0,1.0,0.0,2.0,1.0,1.0,0.0,0.0,0.0,0.0,10.0,9.0,5.0,4.0,1.0,2.0,5.0,40.0,3.0,9.0,0.0,9.0,19.0,29,19.0,0.0,57.0,522.0,64.0,188.0,214.0,130.0,17.0,522.0,20.0,12.0,60.0,8.0,40.0,257.0,1621.0,791.0,16.0,8.0,3.0,15.0,18.0,263.0,35.0,1,0,0,4.0,11.0,4.0,34.0,19.0,9.0,0.0,0.0,0,62.0,17.0,10.0,63.0,7.0,3.0,42.9,0.14,0.33,12.8,0.0,0,0,0.7,0.7,0.09,0.3,0.3,6.0,5.0,83.3,0,0.7,-0.3,0,0,0,0,9.0,30.0,30.0,24.0,0.0,87.5,49.0,9.0,100.0,53.3,29.0,2.0,6.9,0.0,4.5,158.0,310.0,51.0,3294.0,1806.0,59.0,85.0,69.4,66.0,110.0,60.0,29.0,96.0,30.2,0,0.5,0.4,5.0,18.0,5.0,0.0,32.0,310.0,259.0,49.0,6.0,0.0,5.0,22.0,28.0,5.0,2.0,2.0,1.0,158.0,2.0,13.0,10.0,7.0,2.0,0.0,0.0,0.0,1.0,0.0,0.0,0.0,0.0,0.0,0.0,0.0,26.0,19.0,15.0,7.0,4.0,8.0,20.0,40.0,12.0,7.0,3.0,4.0,11.0,37,41.0,0.0,43.0,430.0,77.0,159.0,175.0,100.0,13.0,430.0,5.0,3.0,60.0,2.0,40.0,132.0,787.0,364.0,4.0,4.0,1.0,16.0,8.0,154.0,30.0,1,0,0,11.0,4.0,2.0,22.0,11.0,19.0,0.0,0.0,0,68.0,10.0,16.0,38.5
