Date,Time,Comp,Round,Day,Venue,Result,GF,GA,Team,Opponent,xG,xGA,Poss,Attendance,Captain,Formation,Referee,Sh,SoT,SoT%,G/Sh,G/SoT,Dist,FK,PK,PKatt,xG,npxG,npxG/Sh,G-xG,np:G-xG,SoTA,Saves,Save%,CS,PSxG,PSxG+/-,PKatt,PKA,PKsv,PKm,Cmp,Att,Cmp%,Att (GK),Thr,Launch%,AvgLen,Att.1,Launch%.1,AvgLen.1,Opp,Stp,Stp%,#OPA,AvgDist,Cmp,Att,Cmp%,TotDist,PrgDist,Cmp.1,Att.1,Cmp%.1,Cmp.2,Att.2,Cmp%.2,Cmp.3,Att.3,Cmp%.3,Ast,xAG,xA,KP,1/3,PPA,CrsPA,PrgP,Att,Live,Dead,FK,TB,Sw,Crs,TI,CK,In,Out,Str,Cmp,Off,Blocks,SCA,PassLive,PassDead,TO,Sh,Fld,Def,GCA,PassLive.1,PassDead.1,TO.1,Sh.1,Fld.1,Def.1,Tkl,TklW,Def 3rd,Mid 3rd,Att 3rd,Tkl.1,Att,Tkl%,Lost,Blocks,Sh,Pass,Int,Tkl+Int,Clr,Err,Poss,Touches,Def Pen,Def 3rd,Mid 3rd,Att 3rd,Att Pen,Live,Att,Succ,Succ%,Tkld,Tkld%,Carries,TotDist,PrgDist,PrgC,1/3,CPA,Mis,Dis,Rec,PrgR,CrdY,CrdR,2CrdY,Fls,Fld,Off,Crs,Int,TklW,PKwon,PKcon,OG,Recov,Won,Lost,Won%,O_Sh,O_SoT,O_SoT%,O_G/Sh,O_G/SoT,O_Dist,O_FK,O_PK,O_PKatt,O_xG,O_npxG,O_npxG/Sh,O_G-xG,O_np:G-xG,O_SoTA,O_Saves,O_Save%,O_CS,O_PSxG,O_PSxG+/-,O_PKatt,O_PKA,O_PKsv,O_PKm,O_Cmp,O_Att,O_Cmp%,O_Att (GK),O_Thr,O_Launch%,O_AvgLen,O_Att.1,O_Launch%.1,O_AvgLen.1,O_Opp,O_Stp,O_Stp%,O_#OPA,O_AvgDist,O_Cmp,O_Att,O_Cmp%,O_TotDist,O_PrgDist,O_Cmp.1,O_Att.1,O_Cmp%.1,O_Cmp.2,O_Att.2,O_Cmp%.2,O_Cmp.3,O_Att.3,O_Cmp%.3,O_Ast,O_xAG,O_xA,O_KP,O_1/3,O_PPA,O_CrsPA,O_PrgP,O_Att,O_Live,O_Dead,O_FK,O_TB,O_Sw,O_Crs,O_TI,O_CK,O_In,O_Out,O_Str,O_Cmp,O_Off,O_Blocks,O_SCA,O_PassLive,O_PassDead,O_TO,O_Sh,O_Fld,O_Def,O_GCA,O_PassLive.1,O_PassDead.1,O_TO.1,O_Sh.1,O_Fld.1,O_Def.1,O_Tkl,O_TklW,O_Def 3rd,O_Mid 3rd,O_Att 3rd,O_Tkl.1,O_Att,O_Tkl%,O_Lost,O_Blocks,O_Sh,O_Pass,O_Int,O_Tkl+Int,O_Clr,O_Err,O_Poss,O_Touches,O_Def Pen,O_Def 3rd,O_Mid 3rd,O_Att 3rd,O_Att Pen,O_Live,O_Att,O_Succ,O_Succ%,O_Tkld,O_Tkld%,O_Carries,O_TotDist,O_PrgDist,O_PrgC,O_1/3,O_CPA,O_Mis,O_Dis,O_Rec,O_PrgR,O_CrdY,O_CrdR,O_2CrdY,O_Fls,O_Fld,O_Off,O_Crs,O_Int,O_TklW,O_PKwon,O_PKcon,O_OG,O_Recov,O_Won,O_Lost,O_Won%
2023-09-15,21:00,D1 Fém,Matchweek 1,Fri,Away,W,4.0,0.0,Lyon,Le Havre,3.7,0.3,69.0,4676.0,Wendie Renard,4-3-3,Audrey Gerbel,30.0,12.0,40.0,0.13,0.33,12.8,0.0,0.0,0.0,3.7,3.7,0.13,0.3,0.3,0.0,0.0,,1.0,0.0,0.0,0.0,0.0,0.0,0.0,3.0,3.0,100.0,23.0,4.0,4.3,21.3,5.0,40.0,41.4,2.0,0.0,0.0,3.0,25.0,539.0,636.0,84.7,9568.0,3626.0,201.0,237.0,84.8,261.0,279.0,93.5,52.0,76.0,68.4,2.0,2.7,3.6,21.0,52.0,15.0,5.0,81.0,636.0,575.0,59.0,12.0,1.0,4.0,36.0,29.0,12.0,6.0,6.0,0.0,539.0,2.0,11.0,50.0,29.0,9.0,3.0,6.0,3.0,0.0,6.0,3.0,0.0,1.0,1.0,1.0,0.0,8.0,5.0,2.0,3.0,3.0,5.0,11.0,45.5,6.0,5.0,1.0,4.0,9.0,17.0,3.0,0.0,69.0,745.0,17.0,81.0,384.0,285.0,57.0,745.0,28.0,12.0,42.9,16.0,57.1,380.0,1922.0,877.0,18.0,12.0,7.0,21.0,9.0,532.0,80.0,0.0,0.0,0.0,5.0,11.0,2.0,36.0,9.0,5.0,0.0,0.0,0.0,65.0,18.0,5.0,78.3,4.0,0.0,0.0,0.0,,25.7,0.0,0.0,0.0,0.3,0.3,0.05,-0.3,-0.3,12.0,8.0,66.7,0.0,3.1,-0.9,0.0,0.0,0.0,0.0,0.0,11.0,0.0,23.0,4.0,17.4,28.2,18.0,38.9,30.1,29.0,0.0,0.0,0.0,5.4,188.0,282.0,66.7,3376.0,1368.0,78.0,102.0,76.5,84.0,111.0,75.7,22.0,59.0,37.3,0.0,0.2,0.1,4.0,10.0,0.0,0.0,13.0,282.0,240.0,42.0,7.0,0.0,1.0,2.0,11.0,1.0,1.0,0.0,0.0,188.0,0.0,4.0,8.0,5.0,1.0,1.0,0.0,0.0,1.0,0.0,0.0,0.0,0.0,0.0,0.0,0.0,24.0,16.0,21.0,3.0,0.0,15.0,27.0,55.6,12.0,12.0,5.0,7.0,17.0,41.0,16.0,0.0,31.0,384.0,99.0,262.0,99.0,27.0,1.0,384.0,10.0,5.0,50.0,5.0,50.0,195.0,822.0,380.0,5.0,6.0,0.0,11.0,2.0,186.0,10.0,1.0,0.0,0.0,12.0,5.0,0.0,2.0,17.0,16.0,0.0,0.0,0.0,48.0,4.0,17.0,19.0
2023-10-01,21:00,D1 Fém,Matchweek 2,Sun,Away,W,1.0,0.0,Lyon,Paris S-G,0.9,0.7,51.0,15899.0,Wendie Renard,4-3-3,Émeline Rochebilière,14.0,8.0,57.1,0.07,0.13,21.6,0.0,0.0,0.0,0.9,0.9,0.06,0.1,0.1,6.0,6.0,100.0,1.0,1.0,1.0,0.0,0.0,0.0,0.0,6.0,12.0,50.0,32.0,6.0,31.3,32.0,5.0,40.0,25.0,15.0,2.0,13.3,0.0,7.0,343.0,443.0,77.4,6665.0,2815.0,124.0,150.0,82.7,155.0,183.0,84.7,51.0,83.0,61.4,1.0,0.9,0.7,13.0,24.0,2.0,0.0,36.0,443.0,396.0,46.0,9.0,0.0,1.0,17.0,22.0,9.0,5.0,2.0,0.0,343.0,1.0,9.0,23.0,15.0,5.0,0.0,1.0,2.0,0.0,2.0,1.0,1.0,0.0,0.0,0.0,0.0,20.0,10.0,4.0,13.0,3.0,5.0,14.0,35.7,9.0,9.0,2.0,7.0,11.0,31.0,21.0,0.0,51.0,568.0,62.0,166.0,272.0,132.0,22.0,568.0,11.0,4.0,36.4,7.0,63.6,388.0,2603.0,1018.0,18.0,14.0,7.0,21.0,7.0,340.0,34.0,3.0,0.0,0.0,13.0,8.0,1.0,17.0,11.0,10.0,0.0,0.0,0.0,55.0,19.0,6.0,76.0,10.0,6.0,60.0,0.0,0.0,16.6,0.0,0.0,0.0,0.7,0.7,0.07,-0.7,-0.7,8.0,7.0,87.5,0.0,1.5,0.5,0.0,0.0,0.0,0.0,1.0,6.0,16.7,27.0,9.0,14.8,26.5,6.0,33.3,28.2,12.0,0.0,0.0,1.0,15.0,320.0,427.0,74.9,5553.0,2211.0,150.0,180.0,83.3,130.0,157.0,82.8,31.0,71.0,43.7,0.0,0.5,0.4,7.0,21.0,8.0,0.0,35.0,427.0,375.0,51.0,14.0,0.0,1.0,17.0,20.0,9.0,1.0,7.0,0.0,320.0,1.0,8.0,18.0,11.0,2.0,2.0,2.0,1.0,0.0,0.0,0.0,0.0,0.0,0.0,0.0,0.0,14.0,10.0,9.0,3.0,2.0,7.0,11.0,63.6,4.0,10.0,2.0,8.0,8.0,22.0,25.0,0.0,49.0,536.0,65.0,206.0,233.0,104.0,23.0,536.0,17.0,9.0,52.9,5.0,29.4,367.0,2487.0,1082.0,18.0,12.0,7.0,19.0,15.0,319.0,35.0,1.0,0.0,0.0,8.0,13.0,1.0,17.0,8.0,10.0,0.0,0.0,0.0,52.0,6.0,19.0,24.0
2023-10-08,21:00,D1 Fém,Matchweek 3,Sun,Home,W,4.0,0.0,Lyon,Bordeaux,3.0,0.1,70.0,750.0,Wendie Renard,4-3-3,Alexandra Collin,20.0,5.0,25.0,0.15,0.6,13.3,1.0,1.0,1.0,3.0,2.2,0.11,1.0,0.8,0.0,0.0,,1.0,0.0,0.0,0.0,0.0,0.0,0.0,1.0,1.0,100.0,29.0,2.0,3.4,21.8,2.0,0.0,31.5,5.0,0.0,0.0,4.0,24.2,530.0,658.0,80.5,10114.0,4010.0,168.0,206.0,81.6,308.0,353.0,87.3,51.0,76.0,67.1,2.0,1.6,2.9,15.0,76.0,17.0,6.0,89.0,658.0,619.0,35.0,7.0,2.0,0.0,32.0,19.0,6.0,5.0,1.0,0.0,530.0,4.0,10.0,38.0,29.0,3.0,0.0,3.0,3.0,0.0,7.0,4.0,1.0,0.0,1.0,1.0,0.0,14.0,8.0,2.0,6.0,6.0,6.0,9.0,66.7,3.0,11.0,0.0,11.0,16.0,30.0,3.0,0.0,70.0,758.0,25.0,127.0,357.0,278.0,35.0,757.0,16.0,5.0,31.3,11.0,68.8,433.0,1693.0,802.0,15.0,11.0,3.0,17.0,4.0,522.0,89.0,1.0,0.0,0.0,4.0,9.0,4.0,32.0,16.0,8.0,1.0,0.0,0.0,73.0,16.0,6.0,72.7,1.0,0.0,0.0,0.0,,7.2,0.0,0.0,0.0,0.1,0.1,0.08,-0.1,-0.1,6.0,2.0,50.0,0.0,3.6,-0.4,1.0,1.0,0.0,0.0,9.0,41.0,22.0,42.0,1.0,61.9,42.3,16.0,93.8,46.1,26.0,2.0,7.7,0.0,6.0,161.0,284.0,56.7,3245.0,1490.0,58.0,89.0,65.2,79.0,105.0,75.2,23.0,75.0,30.7,0.0,0.1,0.0,1.0,6.0,1.0,1.0,11.0,284.0,235.0,49.0,8.0,0.0,0.0,8.0,20.0,0.0,0.0,0.0,0.0,161.0,0.0,12.0,2.0,1.0,0.0,1.0,0.0,0.0,0.0,0.0,0.0,0.0,0.0,0.0,0.0,0.0,15.0,8.0,12.0,1.0,2.0,11.0,16.0,68.8,5.0,9.0,2.0,7.0,18.0,33.0,35.0,0.0,30.0,396.0,90.0,252.0,119.0,28.0,2.0,396.0,9.0,3.0,33.3,6.0,66.7,140.0,630.0,328.0,4.0,0.0,0.0,16.0,8.0,158.0,10.0,0.0,0.0,0.0,9.0,4.0,0.0,8.0,18.0,8.0,0.0,1.0,0.0,52.0,6.0,16.0,27.3
2023-10-14,21:00,D1 Fém,Matchweek 4,Sat,Home,W,6.0,0.0,Lyon,Saint-Étienne,3.5,0.1,71.0,1186.0,Wendie Renard,4-3-3,Maika Vanderstichel,19.0,9.0,47.4,0.32,0.67,13.9,1.0,0.0,0.0,3.5,3.5,0.2,2.5,2.5,2.0,2.0,100.0,1.0,0.5,0.5,0.0,0.0,0.0,0.0,0.0,0.0,,27.0,2.0,0.0,18.3,1.0,0.0,21.0,5.0,0.0,0.0,5.0,20.4,522.0,629.0,83.0,8799.0,3586.0,237.0,274.0,86.5,228.0,256.0,89.1,41.0,60.0,68.3,5.0,3.5,2.9,14.0,50.0,16.0,7.0,69.0,629.0,576.0,48.0,17.0,2.0,2.0,29.0,21.0,8.0,6.0,1.0,0.0,522.0,5.0,7.0,29.0,18.0,4.0,1.0,3.0,3.0,0.0,10.0,6.0,1.0,1.0,1.0,1.0,0.0,17.0,12.0,2.0,11.0,4.0,9.0,10.0,90.0,1.0,4.0,0.0,4.0,8.0,25.0,8.0,0.0,71.0,729.0,21.0,122.0,364.0,246.0,41.0,729.0,18.0,4.0,22.2,14.0,77.8,424.0,2109.0,1104.0,24.0,19.0,8.0,20.0,8.0,518.0,69.0,3.0,0.0,0.0,7.0,17.0,5.0,29.0,8.0,12.0,0.0,0.0,0.0,80.0,14.0,3.0,82.4,2.0,2.0,100.0,0.0,0.0,17.7,0.0,0.0,0.0,0.1,0.1,0.04,-0.1,-0.1,9.0,3.0,33.3,0.0,3.7,-2.3,0.0,0.0,0.0,0.0,4.0,12.0,33.3,28.0,6.0,21.4,32.1,11.0,54.5,41.8,23.0,0.0,0.0,3.0,12.9,154.0,252.0,61.1,2932.0,1478.0,56.0,76.0,73.7,78.0,107.0,72.9,19.0,62.0,30.6,0.0,0.1,0.0,2.0,6.0,0.0,0.0,9.0,252.0,200.0,51.0,12.0,0.0,0.0,6.0,19.0,2.0,2.0,0.0,0.0,154.0,1.0,5.0,2.0,1.0,1.0,0.0,0.0,0.0,0.0,0.0,0.0,0.0,0.0,0.0,0.0,0.0,21.0,11.0,17.0,4.0,0.0,13.0,17.0,76.5,4.0,6.0,3.0,3.0,11.0,32.0,33.0,0.0,29.0,356.0,85.0,226.0,108.0,25.0,3.0,356.0,10.0,1.0,10.0,9.0,90.0,144.0,709.0,395.0,6.0,3.0,3.0,15.0,7.0,152.0,11.0,3.0,1.0,1.0,14.0,7.0,1.0,6.0,11.0,11.0,0.0,0.0,0.0,49.0,3.0,14.0,17.6
2023-10-22,21:00,D1 Fém,Matchweek 5,Sun,Away,W,5.0,1.0,Lyon,Stade de Reims,3.5,1.0,68.0,1831.0,Griedge Mbock Bathy,4-3-3,Clémence Goncalves,26.0,11.0,42.3,0.19,0.45,15.8,1.0,0.0,0.0,3.5,3.5,0.14,1.5,1.5,2.0,1.0,50.0,0.0,0.8,-0.2,0.0,0.0,0.0,0.0,0.0,0.0,,10.0,1.0,0.0,18.1,6.0,0.0,25.8,4.0,1.0,25.0,2.0,19.5,491.0,578.0,84.9,8631.0,3276.0,210.0,246.0,85.4,238.0,260.0,91.5,36.0,55.0,65.5,5.0,3.2,3.4,22.0,70.0,28.0,12.0,76.0,578.0,538.0,40.0,11.0,2.0,2.0,39.0,15.0,6.0,5.0,0.0,0.0,491.0,0.0,5.0,47.0,40.0,2.0,3.0,1.0,1.0,0.0,10.0,8.0,0.0,2.0,0.0,0.0,0.0,23.0,13.0,8.0,10.0,5.0,10.0,19.0,52.6,9.0,11.0,1.0,10.0,10.0,33.0,8.0,0.0,68.0,687.0,22.0,94.0,333.0,264.0,36.0,687.0,16.0,6.0,37.5,10.0,62.5,414.0,2701.0,1207.0,27.0,15.0,2.0,9.0,8.0,484.0,74.0,0.0,0.0,0.0,13.0,12.0,0.0,39.0,10.0,13.0,0.0,0.0,0.0,70.0,10.0,2.0,83.3,5.0,2.0,40.0,0.2,0.5,16.3,0.0,0.0,0.0,1.0,1.0,0.23,0.0,0.0,11.0,6.0,54.5,0.0,3.4,-1.6,0.0,0.0,0.0,0.0,3.0,6.0,50.0,12.0,7.0,8.3,20.6,21.0,23.8,27.8,34.0,0.0,0.0,0.0,,157.0,244.0,64.3,3019.0,1365.0,55.0,75.0,73.3,77.0,105.0,73.3,19.0,51.0,37.3,0.0,0.2,0.3,2.0,7.0,4.0,0.0,15.0,244.0,185.0,58.0,13.0,1.0,1.0,5.0,15.0,3.0,0.0,0.0,3.0,157.0,1.0,9.0,8.0,6.0,0.0,1.0,1.0,0.0,0.0,2.0,0.0,0.0,1.0,1.0,0.0,0.0,16.0,10.0,9.0,6.0,1.0,8.0,14.0,57.1,6.0,7.0,4.0,3.0,13.0,29.0,18.0,0.0,32.0,346.0,82.0,205.0,101.0,44.0,9.0,346.0,19.0,9.0,47.4,10.0,52.6,156.0,782.0,347.0,6.0,4.0,0.0,17.0,12.0,154.0,16.0,0.0,0.0,0.0,12.0,12.0,1.0,5.0,13.0,10.0,0.0,0.0,0.0,41.0,2.0,10.0,16.7
2023-11-05,21:00,D1 Fém,Matchweek 6,Sun,Away,W,6.0,1.0,Lyon,Paris FC,3.4,1.3,50.0,2418.0,Wendie Renard,4-3-3,Victoria Beyer,19.0,7.0,36.8,0.32,0.86,12.6,0.0,0.0,0.0,3.4,3.4,0.18,2.6,2.6,7.0,6.0,85.7,0.0,0.8,-0.2,0.0,0.0,0.0,0.0,4.0,8.0,50.0,35.0,7.0,8.6,24.3,8.0,62.5,42.0,7.0,0.0,0.0,2.0,17.4,395.0,500.0,79.0,7364.0,3209.0,131.0,151.0,86.8,227.0,266.0,85.3,33.0,56.0,58.9,5.0,2.8,2.6,14.0,37.0,11.0,1.0,54.0,500.0,451.0,45.0,10.0,2.0,0.0,12.0,21.0,4.0,3.0,1.0,0.0,395.0,4.0,16.0,29.0,21.0,2.0,3.0,2.0,0.0,1.0,10.0,6.0,1.0,3.0,0.0,0.0,0.0,8.0,5.0,4.0,4.0,0.0,4.0,5.0,80.0,1.0,20.0,5.0,15.0,19.0,27.0,10.0,0.0,50.0,608.0,65.0,197.0,278.0,139.0,37.0,608.0,13.0,7.0,53.8,6.0,46.2,294.0,1529.0,700.0,15.0,5.0,5.0,13.0,8.0,391.0,52.0,1.0,0.0,0.0,7.0,8.0,4.0,12.0,19.0,5.0,0.0,0.0,0.0,57.0,2.0,4.0,33.3,17.0,7.0,41.2,0.06,0.14,17.0,2.0,0.0,0.0,1.3,1.3,0.08,-0.3,-0.3,7.0,1.0,14.3,0.0,4.2,-1.8,0.0,0.0,0.0,0.0,1.0,2.0,50.0,28.0,3.0,0.0,24.7,12.0,16.7,30.5,10.0,0.0,0.0,3.0,16.6,390.0,510.0,76.5,7221.0,2876.0,143.0,176.0,81.3,203.0,244.0,83.2,42.0,78.0,53.8,0.0,0.9,1.1,10.0,21.0,10.0,0.0,38.0,510.0,453.0,55.0,9.0,1.0,0.0,8.0,19.0,8.0,0.0,0.0,4.0,390.0,2.0,14.0,23.0,14.0,3.0,0.0,3.0,2.0,1.0,1.0,0.0,0.0,0.0,1.0,0.0,0.0,14.0,10.0,4.0,5.0,5.0,6.0,13.0,46.2,7.0,17.0,2.0,15.0,13.0,27.0,8.0,1.0,50.0,596.0,64.0,237.0,241.0,119.0,26.0,596.0,5.0,1.0,20.0,4.0,80.0,343.0,1615.0,760.0,17.0,9.0,5.0,16.0,4.0,389.0,38.0,0.0,0.0,0.0,8.0,6.0,2.0,8.0,13.0,10.0,0.0,0.0,0.0,59.0,4.0,2.0,66.7
2023-11-10,21:00,D1 Fém,Matchweek 7,Fri,Home,W,5.0,0.0,Lyon,Montpellier,3.8,0.6,62.0,800.0,Wendie Renard,4-3-3,Elisa Daupeux,28.0,12.0,42.9,0.07,0.17,14.6,2.0,0.0,0.0,3.8,3.8,0.14,-1.8,-1.8,4.0,4.0,100.0,1.0,0.6,0.6,0.0,0.0,0.0,0.0,5.0,7.0,71.4,40.0,5.0,17.5,25.6,3.0,0.0,12.3,4.0,0.0,0.0,0.0,9.0,452.0,565.0,80.0,7986.0,3399.0,193.0,223.0,86.5,204.0,242.0,84.3,45.0,71.0,63.4,1.0,2.4,2.4,18.0,36.0,17.0,2.0,66.0,565.0,517.0,48.0,10.0,3.0,0.0,33.0,25.0,9.0,6.0,0.0,0.0,452.0,0.0,7.0,47.0,38.0,3.0,1.0,3.0,2.0,0.0,3.0,0.0,1.0,1.0,1.0,0.0,0.0,11.0,9.0,6.0,5.0,0.0,3.0,8.0,37.5,5.0,17.0,1.0,16.0,23.0,34.0,4.0,0.0,62.0,687.0,38.0,233.0,217.0,242.0,48.0,687.0,17.0,5.0,29.4,12.0,70.6,451.0,1960.0,852.0,21.0,11.0,8.0,22.0,3.0,451.0,66.0,0.0,0.0,0.0,11.0,11.0,0.0,33.0,23.0,9.0,0.0,0.0,0.0,66.0,7.0,8.0,46.7,7.0,4.0,57.1,0.0,0.0,18.2,0.0,0.0,0.0,0.6,0.6,0.09,-0.6,-0.6,12.0,10.0,58.3,0.0,3.0,1.0,0.0,0.0,0.0,0.0,3.0,14.0,21.4,15.0,4.0,40.0,32.9,14.0,57.1,39.0,24.0,1.0,4.2,0.0,4.8,219.0,341.0,64.2,3779.0,2012.0,110.0,155.0,71.0,90.0,124.0,72.6,16.0,41.0,39.0,0.0,0.3,0.8,5.0,15.0,0.0,0.0,21.0,341.0,286.0,54.0,11.0,0.0,0.0,6.0,22.0,2.0,1.0,1.0,0.0,219.0,1.0,14.0,10.0,6.0,2.0,0.0,1.0,1.0,0.0,0.0,0.0,0.0,0.0,0.0,0.0,0.0,15.0,10.0,9.0,4.0,2.0,12.0,17.0,70.6,5.0,10.0,4.0,6.0,17.0,32.0,32.0,1.0,38.0,452.0,75.0,207.0,184.0,63.0,9.0,452.0,8.0,5.0,62.5,3.0,37.5,180.0,810.0,345.0,4.0,4.0,3.0,16.0,8.0,215.0,20.0,2.0,0.0,0.0,11.0,11.0,1.0,6.0,17.0,10.0,0.0,0.0,3.0,58.0,8.0,7.0,53.3
2023-11-14,21:00,Champions Lg,Group stage,Tue,Away,W,9.0,0.0,Lyon,cz Slavia Prague,5.1,0.2,76.0,2728.0,Wendie Renard,4-3-3,Eleni Antoniou,27.0,14.0,51.9,0.3,0.57,13.8,0.0,1.0,1.0,5.1,4.3,0.17,3.9,3.7,4.0,4.0,100.0,1.0,0.8,0.8,0.0,0.0,0.0,0.0,0.0,1.0,0.0,25.0,5.0,4.0,21.7,3.0,0.0,15.0,7.0,0.0,0.0,2.0,26.5,609.0,721.0,84.5,10206.0,3768.0,306.0,347.0,88.2,242.0,267.0,90.6,54.0,80.0,67.5,7.0,3.2,4.2,19.0,67.0,20.0,7.0,89.0,721.0,676.0,42.0,6.0,2.0,0.0,33.0,22.0,10.0,8.0,1.0,0.0,609.0,3.0,12.0,49.0,36.0,5.0,1.0,5.0,1.0,1.0,16.0,10.0,2.0,0.0,3.0,1.0,0.0,29.0,13.0,4.0,17.0,8.0,18.0,25.0,72.0,7.0,8.0,0.0,8.0,10.0,39.0,13.0,0.0,76.0,870.0,33.0,137.0,442.0,296.0,61.0,869.0,30.0,15.0,50.0,14.0,46.7,428.0,2558.0,1432.0,32.0,16.0,15.0,22.0,16.0,607.0,89.0,1.0,0.0,0.0,7.0,6.0,3.0,33.0,10.0,13.0,1.0,0.0,0.0,83.0,13.0,3.0,81.3,6.0,4.0,66.7,0.0,0.0,20.3,0.0,0.0,0.0,0.2,0.2,0.04,-0.2,-0.2,15.0,6.0,46.7,0.0,6.4,-2.6,1.0,1.0,0.0,0.0,2.0,14.0,14.3,24.0,0.0,37.5,31.9,9.0,55.6,37.6,25.0,0.0,0.0,0.0,9.3,147.0,210.0,70.0,2321.0,1053.0,75.0,87.0,86.2,60.0,78.0,76.9,8.0,34.0,23.5,0.0,0.0,0.1,0.0,7.0,2.0,1.0,9.0,210.0,180.0,30.0,6.0,0.0,1.0,9.0,5.0,0.0,0.0,0.0,0.0,147.0,0.0,3.0,6.0,4.0,0.0,1.0,0.0,1.0,0.0,0.0,0.0,0.0,0.0,0.0,0.0,0.0,20.0,17.0,11.0,7.0,2.0,8.0,19.0,42.1,11.0,13.0,5.0,8.0,17.0,31.0,32.0,0.0,24.0,346.0,84.0,196.0,110.0,44.0,8.0,346.0,21.0,7.0,33.3,14.0,66.7,150.0,924.0,374.0,6.0,9.0,0.0,16.0,8.0,142.0,9.0,1.0,0.0,0.0,7.0,7.0,0.0,9.0,17.0,17.0,0.0,1.0,0.0,49.0,0.0,10.0,0.0
2023-11-17,21:00,D1 Fém,Matchweek 8,Fri,Home,W,4.0,1.0,Lyon,Dijon,4.0,0.1,75.0,622.0,Griedge Mbock Bathy,4-3-3,Charlène Laur,26.0,11.0,42.3,0.15,0.36,17.4,0.0,0.0,0.0,4.0,4.0,0.15,0.0,0.0,1.0,0.0,0.0,0.0,0.3,-0.7,0.0,0.0,0.0,0.0,0.0,0.0,,13.0,1.0,0.0,15.9,1.0,0.0,27.0,1.0,0.0,0.0,1.0,24.0,633.0,756.0,83.7,10210.0,3329.0,288.0,328.0,87.8,262.0,301.0,87.0,45.0,66.0,68.2,1.0,2.2,3.6,19.0,75.0,18.0,6.0,92.0,756.0,707.0,48.0,6.0,2.0,0.0,41.0,27.0,12.0,7.0,1.0,1.0,633.0,1.0,9.0,44.0,39.0,4.0,0.0,1.0,0.0,0.0,6.0,5.0,1.0,0.0,0.0,0.0,0.0,5.0,4.0,1.0,2.0,2.0,2.0,3.0,66.7,1.0,9.0,1.0,8.0,8.0,13.0,3.0,0.0,75.0,856.0,15.0,87.0,427.0,348.0,38.0,856.0,14.0,7.0,50.0,7.0,50.0,495.0,2861.0,1454.0,28.0,24.0,2.0,22.0,14.0,629.0,92.0,1.0,0.0,0.0,8.0,6.0,1.0,41.0,8.0,4.0,0.0,0.0,0.0,78.0,8.0,10.0,44.4,2.0,1.0,50.0,0.5,1.0,32.8,0.0,0.0,0.0,0.1,0.1,0.04,0.9,0.9,11.0,7.0,63.6,0.0,3.6,-0.4,0.0,0.0,0.0,0.0,7.0,30.0,23.3,24.0,0.0,100.0,55.5,6.0,100.0,54.5,32.0,2.0,6.3,0.0,4.6,131.0,251.0,52.2,2327.0,1266.0,69.0,97.0,71.1,42.0,77.0,54.5,18.0,60.0,30.0,0.0,0.0,0.0,0.0,7.0,0.0,0.0,10.0,251.0,211.0,40.0,9.0,0.0,0.0,4.0,19.0,0.0,0.0,0.0,0.0,131.0,0.0,10.0,1.0,1.0,0.0,0.0,0.0,0.0,0.0,1.0,1.0,0.0,0.0,0.0,0.0,0.0,21.0,14.0,16.0,4.0,1.0,7.0,14.0,50.0,7.0,18.0,11.0,7.0,17.0,38.0,32.0,2.0,25.0,368.0,87.0,237.0,109.0,28.0,0.0,368.0,3.0,1.0,33.3,2.0,66.7,164.0,847.0,451.0,6.0,3.0,0.0,12.0,3.0,128.0,9.0,1.0,0.0,0.0,6.0,8.0,0.0,4.0,17.0,14.0,0.0,0.0,0.0,52.0,10.0,8.0,55.6
2023-11-22,18:45,Champions Lg,Group stage,Wed,Home,W,2.0,0.0,Lyon,at St. Pölten,4.8,0.2,74.0,6076.0,Wendie Renard,4-3-3,Sandra Bastos,35.0,12.0,34.3,0.03,0.08,15.3,1.0,0.0,0.0,4.8,4.8,0.14,-3.8,-3.8,0.0,0.0,,1.0,0.0,0.0,0.0,0.0,0.0,0.0,0.0,0.0,,15.0,2.0,0.0,21.0,5.0,0.0,20.2,2.0,1.0,50.0,2.0,22.0,599.0,714.0,83.9,10926.0,3538.0,259.0,283.0,91.5,265.0,301.0,88.0,67.0,90.0,74.4,1.0,2.8,3.9,24.0,66.0,30.0,17.0,113.0,714.0,660.0,52.0,9.0,1.0,6.0,50.0,28.0,9.0,4.0,0.0,4.0,599.0,2.0,21.0,62.0,50.0,4.0,4.0,3.0,1.0,0.0,2.0,1.0,0.0,1.0,0.0,0.0,0.0,21.0,16.0,5.0,8.0,8.0,12.0,17.0,70.6,5.0,5.0,1.0,4.0,9.0,30.0,5.0,0.0,74.0,827.0,34.0,111.0,367.0,356.0,65.0,827.0,24.0,18.0,75.0,6.0,25.0,487.0,2823.0,1687.0,36.0,22.0,9.0,23.0,8.0,592.0,111.0,0.0,0.0,0.0,11.0,8.0,2.0,50.0,9.0,16.0,0.0,0.0,0.0,75.0,25.0,9.0,73.5,4.0,0.0,0.0,0.0,,24.9,0.0,0.0,0.0,0.2,0.2,0.04,-0.2,-0.2,12.0,11.0,83.3,0.0,2.8,1.8,0.0,0.0,0.0,0.0,1.0,27.0,3.7,30.0,5.0,50.0,40.9,17.0,70.6,46.5,38.0,3.0,7.9,0.0,5.0,150.0,245.0,61.2,2541.0,1393.0,72.0,94.0,76.6,59.0,79.0,74.7,14.0,60.0,23.3,0.0,0.2,0.1,4.0,4.0,3.0,0.0,6.0,245.0,181.0,62.0,13.0,0.0,1.0,3.0,28.0,1.0,1.0,0.0,0.0,150.0,2.0,4.0,7.0,7.0,0.0,0.0,0.0,0.0,0.0,0.0,0.0,0.0,0.0,0.0,0.0,0.0,14.0,10.0,10.0,2.0,2.0,6.0,24.0,25.0,18.0,23.0,8.0,15.0,10.0,24.0,42.0,0.0,26.0,395.0,105.0,219.0,137.0,44.0,5.0,395.0,17.0,5.0,29.4,12.0,70.6,159.0,948.0,497.0,6.0,5.0,2.0,21.0,9.0,148.0,6.0,1.0,0.0,0.0,8.0,10.0,2.0,3.0,10.0,10.0,0.0,0.0,1.0,47.0,9.0,25.0,26.5
2023-11-26,21:00,D1 Fém,Matchweek 9,Sun,Away,W,5.0,1.0,Lyon,Guingamp,4.0,0.1,66.0,2230.0,Wendie Renard,4-3-3,Émeline Rochebilière,31.0,17.0,54.8,0.13,0.24,14.8,1.0,0.0,0.0,4.0,4.0,0.14,0.0,0.0,1.0,0.0,0.0,0.0,0.4,-0.6,0.0,0.0,0.0,0.0,1.0,1.0,100.0,7.0,0.0,0.0,18.0,1.0,100.0,41.0,1.0,0.0,0.0,1.0,68.0,534.0,661.0,80.8,9172.0,3001.0,269.0,314.0,85.7,203.0,248.0,81.9,52.0,75.0,69.3,2.0,3.1,3.5,21.0,66.0,28.0,8.0,98.0,661.0,605.0,54.0,7.0,1.0,3.0,51.0,27.0,17.0,15.0,0.0,0.0,534.0,2.0,9.0,51.0,35.0,7.0,1.0,6.0,2.0,0.0,6.0,4.0,0.0,0.0,2.0,0.0,0.0,13.0,3.0,1.0,2.0,10.0,6.0,8.0,75.0,2.0,11.0,0.0,11.0,15.0,28.0,3.0,0.0,66.0,778.0,5.0,36.0,326.0,420.0,61.0,778.0,13.0,8.0,61.5,5.0,38.5,489.0,2062.0,1142.0,28.0,28.0,4.0,28.0,7.0,530.0,97.0,1.0,0.0,0.0,12.0,7.0,2.0,51.0,15.0,3.0,0.0,0.0,0.0,67.0,20.0,11.0,64.5,1.0,1.0,100.0,1.0,1.0,24.6,1.0,0.0,0.0,0.1,0.1,0.14,0.9,0.9,17.0,13.0,70.6,0.0,4.1,0.1,0.0,0.0,0.0,0.0,2.0,11.0,18.2,27.0,6.0,25.9,29.1,12.0,41.7,31.0,41.0,5.0,12.2,0.0,8.4,241.0,342.0,70.5,3729.0,1660.0,110.0,140.0,78.6,86.0,110.0,78.2,22.0,48.0,45.8,0.0,0.0,0.1,0.0,6.0,1.0,0.0,7.0,342.0,286.0,55.0,14.0,0.0,1.0,3.0,24.0,0.0,0.0,0.0,0.0,241.0,1.0,11.0,1.0,1.0,0.0,0.0,0.0,0.0,0.0,1.0,1.0,0.0,0.0,0.0,0.0,0.0,12.0,5.0,11.0,1.0,0.0,5.0,13.0,38.5,8.0,13.0,5.0,8.0,14.0,26.0,50.0,2.0,34.0,510.0,143.0,352.0,136.0,23.0,1.0,510.0,8.0,2.0,25.0,6.0,75.0,186.0,825.0,361.0,5.0,4.0,0.0,35.0,7.0,240.0,7.0,1.0,0.0,0.0,7.0,9.0,1.0,3.0,14.0,5.0,0.0,0.0,1.0,43.0,11.0,20.0,35.5
2023-12-08,21:00,D1 Fém,Matchweek 10,Fri,Home,W,5.0,0.0,Lyon,Lille,4.0,0.0,64.0,578.0,Wendie Renard,4-3-3,Céline Jeannot,27.0,13.0,48.1,0.15,0.31,14.0,0.0,1.0,1.0,4.0,3.2,0.12,1.0,0.8,0.0,0.0,,1.0,0.0,0.0,0.0,0.0,0.0,0.0,0.0,1.0,0.0,16.0,1.0,0.0,20.7,2.0,50.0,55.5,2.0,0.0,0.0,2.0,34.5,575.0,673.0,85.4,10278.0,3683.0,260.0,298.0,87.2,246.0,277.0,88.8,62.0,76.0,81.6,2.0,2.3,3.7,21.0,77.0,24.0,10.0,96.0,673.0,626.0,42.0,8.0,0.0,2.0,39.0,22.0,9.0,6.0,2.0,0.0,575.0,5.0,7.0,50.0,33.0,7.0,1.0,6.0,2.0,1.0,8.0,4.0,1.0,0.0,2.0,1.0,0.0,22.0,17.0,1.0,10.0,11.0,8.0,15.0,53.3,7.0,9.0,0.0,9.0,12.0,34.0,0.0,0.0,64.0,768.0,14.0,58.0,337.0,378.0,56.0,767.0,20.0,11.0,55.0,9.0,45.0,543.0,2149.0,1187.0,23.0,28.0,11.0,10.0,15.0,568.0,95.0,1.0,0.0,0.0,8.0,10.0,5.0,39.0,12.0,17.0,1.0,0.0,0.0,81.0,9.0,3.0,75.0,1.0,0.0,0.0,0.0,,33.9,0.0,0.0,0.0,0.0,0.0,0.04,0.0,0.0,14.0,9.0,71.4,0.0,5.8,0.8,1.0,1.0,0.0,0.0,4.0,14.0,28.6,48.0,10.0,20.8,31.0,9.0,44.4,33.6,33.0,2.0,6.1,0.0,4.7,282.0,386.0,73.1,4918.0,2146.0,126.0,149.0,84.6,113.0,143.0,79.0,34.0,69.0,49.3,0.0,0.0,0.0,1.0,5.0,0.0,0.0,4.0,386.0,336.0,50.0,13.0,0.0,0.0,2.0,22.0,0.0,0.0,0.0,0.0,282.0,0.0,9.0,1.0,1.0,0.0,0.0,0.0,0.0,0.0,0.0,0.0,0.0,0.0,0.0,0.0,0.0,24.0,18.0,23.0,1.0,0.0,9.0,20.0,45.0,11.0,11.0,4.0,7.0,9.0,33.0,25.0,1.0,36.0,492.0,127.0,394.0,91.0,11.0,0.0,492.0,15.0,7.0,46.7,8.0,53.3,170.0,716.0,371.0,2.0,2.0,0.0,25.0,14.0,281.0,4.0,0.0,0.0,0.0,10.0,7.0,0.0,2.0,9.0,18.0,0.0,1.0,0.0,58.0,3.0,9.0,25.0
2023-12-13,21:00,Champions Lg,Group stage,Wed,Home,W,3.0,1.0,Lyon,no Brann,2.6,0.4,58.0,6581.0,Wendie Renard,4-3-3,Marta Huerta,24.0,9.0,37.5,0.13,0.33,19.9,0.0,0.0,0.0,2.6,2.6,0.11,0.4,0.4,3.0,2.0,66.7,0.0,0.7,-0.3,0.0,0.0,0.0,0.0,4.0,9.0,44.4,37.0,3.0,18.9,26.2,3.0,66.7,37.0,11.0,1.0,9.1,1.0,14.0,518.0,636.0,81.4,8525.0,2827.0,248.0,280.0,88.6,200.0,233.0,85.8,43.0,73.0,58.9,1.0,2.2,1.5,17.0,27.0,13.0,3.0,46.0,636.0,591.0,42.0,9.0,4.0,4.0,26.0,23.0,5.0,3.0,1.0,0.0,518.0,3.0,13.0,34.0,21.0,4.0,2.0,4.0,1.0,2.0,3.0,2.0,0.0,0.0,0.0,0.0,1.0,19.0,15.0,5.0,11.0,3.0,11.0,19.0,57.9,8.0,11.0,2.0,9.0,7.0,26.0,14.0,0.0,58.0,759.0,46.0,164.0,368.0,239.0,33.0,759.0,15.0,5.0,33.3,8.0,53.3,562.0,3076.0,1422.0,21.0,33.0,8.0,16.0,15.0,514.0,46.0,2.0,0.0,0.0,9.0,8.0,3.0,26.0,7.0,15.0,0.0,0.0,0.0,73.0,13.0,5.0,72.2,7.0,3.0,42.9,0.14,0.33,25.2,1.0,0.0,0.0,0.4,0.4,0.06,0.6,0.6,9.0,6.0,66.7,0.0,3.7,0.7,0.0,0.0,0.0,0.0,4.0,9.0,44.4,44.0,1.0,20.5,28.1,11.0,0.0,10.4,22.0,3.0,13.6,1.0,8.5,369.0,469.0,78.7,6003.0,2525.0,186.0,215.0,86.5,152.0,186.0,81.7,22.0,50.0,44.0,1.0,0.4,0.6,4.0,10.0,6.0,1.0,29.0,469.0,419.0,49.0,10.0,4.0,0.0,11.0,21.0,3.0,2.0,1.0,0.0,369.0,1.0,6.0,10.0,6.0,0.0,1.0,0.0,1.0,2.0,2.0,2.0,0.0,0.0,0.0,0.0,0.0,18.0,9.0,7.0,9.0,2.0,6.0,11.0,54.5,5.0,14.0,5.0,9.0,8.0,26.0,21.0,1.0,42.0,582.0,101.0,280.0,223.0,84.0,9.0,582.0,19.0,8.0,42.1,10.0,52.6,405.0,1706.0,680.0,13.0,15.0,4.0,19.0,7.0,363.0,28.0,1.0,0.0,0.0,7.0,6.0,1.0,11.0,8.0,9.0,0.0,0.0,0.0,54.0,5.0,11.0,31.3
2023-12-16,13:30,D1 Fém,Matchweek 11,Sat,Away,W,3.0,1.0,Lyon,Fleury,2.7,0.2,72.0,1652.0,Wendie Renard,4-3-3,Émeline Rochebilière,21.0,10.0,47.6,0.14,0.3,12.9,0.0,0.0,0.0,2.7,2.7,0.13,0.3,0.3,2.0,1.0,50.0,0.0,0.9,-0.1,0.0,0.0,0.0,0.0,1.0,1.0,100.0,27.0,4.0,3.7,23.0,3.0,0.0,22.3,2.0,0.0,0.0,0.0,10.5,638.0,760.0,83.9,12080.0,4474.0,231.0,267.0,86.5,340.0,378.0,89.9,66.0,100.0,66.0,3.0,2.5,2.2,15.0,86.0,20.0,8.0,101.0,760.0,703.0,57.0,8.0,1.0,5.0,40.0,33.0,11.0,8.0,3.0,0.0,638.0,0.0,8.0,35.0,25.0,5.0,1.0,3.0,0.0,1.0,3.0,1.0,1.0,0.0,1.0,0.0,0.0,12.0,11.0,5.0,6.0,1.0,7.0,13.0,53.8,6.0,9.0,0.0,9.0,7.0,19.0,4.0,0.0,72.0,868.0,32.0,172.0,430.0,273.0,46.0,868.0,21.0,10.0,47.6,11.0,52.4,466.0,2369.0,1102.0,16.0,11.0,3.0,22.0,13.0,634.0,99.0,0.0,0.0,0.0,5.0,7.0,0.0,40.0,7.0,11.0,0.0,0.0,0.0,69.0,13.0,5.0,72.2,3.0,2.0,66.7,0.33,0.5,22.0,0.0,0.0,0.0,0.2,0.2,0.06,0.8,0.8,10.0,7.0,70.0,0.0,3.6,0.6,0.0,0.0,0.0,0.0,2.0,10.0,20.0,27.0,7.0,22.2,30.4,13.0,30.8,33.4,37.0,2.0,5.4,0.0,3.6,197.0,301.0,65.4,3265.0,1575.0,100.0,118.0,84.7,71.0,106.0,67.0,20.0,56.0,35.7,1.0,0.2,0.2,3.0,10.0,2.0,0.0,16.0,301.0,258.0,42.0,5.0,1.0,2.0,3.0,19.0,1.0,1.0,0.0,0.0,197.0,1.0,10.0,6.0,6.0,0.0,0.0,0.0,0.0,0.0,2.0,2.0,0.0,0.0,0.0,0.0,0.0,24.0,13.0,20.0,4.0,0.0,11.0,21.0,52.4,10.0,8.0,2.0,6.0,17.0,41.0,33.0,0.0,28.0,446.0,94.0,246.0,154.0,52.0,8.0,446.0,13.0,6.0,46.2,7.0,53.8,236.0,1436.0,770.0,13.0,13.0,5.0,22.0,5.0,197.0,16.0,1.0,0.0,0.0,7.0,5.0,1.0,3.0,17.0,13.0,0.0,0.0,0.0,57.0,5.0,13.0,27.8
2023-12-21,18:45,Champions Lg,Group stage,Thu,Away,D,2.0,2.0,Lyon,no Brann,1.2,1.0,37.0,3700.0,Griedge Mbock Bathy,4-3-3,Olga Blotskaya,8.0,1.0,12.5,0.13,1.0,26.2,1.0,1.0,1.0,1.2,0.4,0.06,0.8,0.6,6.0,4.0,66.7,0.0,1.9,-0.1,0.0,0.0,0.0,0.0,7.0,15.0,46.7,24.0,3.0,41.7,35.2,8.0,62.5,32.9,22.0,3.0,13.6,0.0,2.4,270.0,360.0,75.0,5058.0,2038.0,104.0,134.0,77.6,113.0,131.0,86.3,41.0,74.0,55.4,1.0,0.3,0.5,5.0,26.0,4.0,2.0,34.0,360.0,322.0,36.0,12.0,1.0,0.0,7.0,12.0,1.0,1.0,0.0,0.0,270.0,2.0,6.0,16.0,12.0,0.0,2.0,0.0,2.0,0.0,4.0,3.0,0.0,0.0,0.0,1.0,0.0,19.0,11.0,7.0,12.0,0.0,2.0,12.0,16.7,10.0,23.0,5.0,18.0,19.0,38.0,19.0,1.0,37.0,482.0,59.0,153.0,242.0,95.0,13.0,481.0,16.0,9.0,56.3,4.0,25.0,312.0,2027.0,962.0,8.0,8.0,5.0,26.0,6.0,264.0,32.0,1.0,1.0,0.0,11.0,13.0,2.0,7.0,19.0,11.0,1.0,0.0,0.0,61.0,9.0,11.0,45.0,13.0,6.0,46.2,0.15,0.33,19.3,0.0,0.0,0.0,1.0,1.0,0.08,1.0,1.0,2.0,0.0,50.0,0.0,1.3,-0.7,1.0,1.0,0.0,0.0,1.0,5.0,20.0,34.0,3.0,14.7,26.3,6.0,0.0,18.7,7.0,2.0,28.6,2.0,12.6,504.0,621.0,81.2,9033.0,2918.0,192.0,225.0,85.3,243.0,278.0,87.4,49.0,83.0,59.0,0.0,0.3,0.5,6.0,38.0,9.0,3.0,55.0,621.0,559.0,61.0,12.0,0.0,0.0,23.0,32.0,8.0,4.0,4.0,0.0,504.0,1.0,17.0,19.0,15.0,2.0,0.0,2.0,0.0,0.0,3.0,2.0,0.0,0.0,1.0,0.0,0.0,10.0,7.0,2.0,5.0,3.0,4.0,13.0,30.8,9.0,5.0,2.0,3.0,7.0,17.0,7.0,0.0,63.0,687.0,62.0,216.0,329.0,147.0,17.0,687.0,12.0,9.0,75.0,2.0,16.7,524.0,2809.0,1353.0,5.0,8.0,3.0,10.0,16.0,497.0,56.0,1.0,0.0,0.0,11.0,10.0,1.0,23.0,7.0,7.0,0.0,1.0,0.0,47.0,10.0,7.0,58.8
2024-01-10,21:00,D1 Fém,Matchweek 12,Wed,Home,W,1.0,0.0,Lyon,Paris FC,0.8,0.2,57.0,625.0,Griedge Mbock Bathy,4-3-3,Alexandra Collin,15.0,5.0,33.3,0.07,0.2,19.2,0.0,0.0,0.0,0.8,0.8,0.05,0.2,0.2,1.0,1.0,100.0,1.0,0.1,0.1,0.0,0.0,0.0,0.0,2.0,2.0,100.0,36.0,3.0,0.0,18.4,3.0,66.7,37.0,8.0,0.0,0.0,0.0,,501.0,610.0,82.1,9031.0,3415.0,197.0,233.0,84.5,261.0,297.0,87.9,39.0,62.0,62.9,1.0,0.6,1.1,11.0,57.0,10.0,3.0,61.0,610.0,573.0,35.0,6.0,1.0,0.0,17.0,20.0,5.0,1.0,3.0,0.0,501.0,2.0,7.0,21.0,19.0,2.0,0.0,0.0,0.0,0.0,1.0,1.0,0.0,0.0,0.0,0.0,0.0,19.0,17.0,7.0,9.0,3.0,5.0,10.0,50.0,5.0,14.0,3.0,11.0,20.0,39.0,7.0,0.0,57.0,716.0,44.0,205.0,298.0,221.0,25.0,716.0,19.0,10.0,52.6,9.0,47.4,405.0,2460.0,1253.0,23.0,13.0,6.0,22.0,9.0,496.0,60.0,1.0,0.0,0.0,7.0,5.0,2.0,17.0,20.0,17.0,0.0,0.0,0.0,68.0,13.0,7.0,65.0,5.0,1.0,20.0,0.0,0.0,24.6,0.0,0.0,0.0,0.2,0.2,0.04,-0.2,-0.2,5.0,4.0,80.0,0.0,1.0,0.0,0.0,0.0,0.0,0.0,1.0,6.0,16.7,46.0,9.0,10.9,26.8,8.0,12.5,29.4,14.0,0.0,0.0,0.0,14.5,369.0,468.0,78.8,5954.0,2315.0,171.0,191.0,89.5,147.0,181.0,81.2,31.0,60.0,51.7,0.0,0.1,0.5,4.0,17.0,2.0,0.0,30.0,468.0,431.0,36.0,9.0,0.0,1.0,10.0,15.0,2.0,1.0,1.0,0.0,369.0,1.0,11.0,8.0,8.0,0.0,0.0,0.0,0.0,0.0,0.0,0.0,0.0,0.0,0.0,0.0,0.0,18.0,13.0,12.0,6.0,0.0,9.0,19.0,47.4,10.0,11.0,4.0,7.0,21.0,39.0,19.0,0.0,43.0,586.0,94.0,329.0,191.0,73.0,6.0,586.0,10.0,5.0,50.0,5.0,50.0,397.0,1958.0,1039.0,11.0,12.0,1.0,24.0,14.0,363.0,30.0,0.0,0.0,0.0,5.0,7.0,1.0,10.0,21.0,13.0,0.0,0.0,0.0,55.0,7.0,13.0,35.0
2024-01-21,21:00,D1 Fém,Matchweek 13,Sun,Away,W,2.0,1.0,Lyon,Montpellier,2.7,1.2,63.0,713.0,Griedge Mbock Bathy,4-3-3,Maika Vanderstichel,16.0,7.0,43.8,0.13,0.29,13.8,0.0,0.0,0.0,2.7,2.7,0.2,-0.7,-0.7,6.0,5.0,83.3,0.0,1.6,0.6,0.0,0.0,0.0,0.0,2.0,4.0,50.0,32.0,5.0,12.5,24.8,0.0,,,6.0,0.0,0.0,0.0,10.3,503.0,615.0,81.8,8948.0,3588.0,215.0,249.0,86.3,240.0,277.0,86.6,41.0,72.0,56.9,2.0,2.6,1.7,11.0,67.0,15.0,5.0,82.0,615.0,571.0,44.0,9.0,5.0,0.0,29.0,27.0,6.0,2.0,4.0,0.0,503.0,0.0,9.0,27.0,20.0,3.0,0.0,1.0,2.0,1.0,4.0,4.0,0.0,0.0,0.0,0.0,0.0,20.0,14.0,8.0,6.0,6.0,13.0,29.0,44.8,16.0,14.0,1.0,13.0,18.0,38.0,9.0,0.0,63.0,743.0,37.0,172.0,320.0,256.0,26.0,743.0,13.0,6.0,46.2,7.0,53.8,380.0,2014.0,923.0,12.0,10.0,1.0,23.0,19.0,496.0,80.0,1.0,0.0,0.0,15.0,7.0,0.0,29.0,18.0,14.0,0.0,0.0,0.0,61.0,13.0,7.0,65.0,7.0,6.0,85.7,0.14,0.17,19.8,0.0,0.0,0.0,1.2,1.2,0.18,-0.2,-0.2,7.0,5.0,71.4,0.0,2.0,0.0,0.0,0.0,0.0,0.0,1.0,10.0,10.0,21.0,4.0,23.8,33.2,7.0,71.4,43.6,25.0,1.0,4.0,1.0,9.7,245.0,364.0,67.3,4287.0,1871.0,116.0,146.0,79.5,94.0,134.0,70.1,31.0,65.0,47.7,0.0,0.1,0.1,3.0,15.0,1.0,1.0,14.0,364.0,302.0,61.0,15.0,0.0,1.0,9.0,35.0,1.0,1.0,0.0,0.0,245.0,1.0,14.0,6.0,3.0,1.0,1.0,1.0,0.0,0.0,1.0,0.0,0.0,0.0,1.0,0.0,0.0,26.0,18.0,18.0,6.0,2.0,7.0,13.0,53.8,6.0,12.0,3.0,9.0,16.0,42.0,34.0,1.0,37.0,514.0,73.0,287.0,168.0,67.0,6.0,514.0,29.0,16.0,55.2,13.0,44.8,263.0,1242.0,570.0,8.0,6.0,1.0,20.0,7.0,240.0,13.0,2.0,0.0,0.0,8.0,14.0,1.0,9.0,16.0,18.0,0.0,0.0,0.0,42.0,7.0,13.0,35.0
2024-01-25,21:00,Champions Lg,Group stage,Thu,Away,W,7.0,0.0,Lyon,at St. Pölten,5.6,0.0,77.0,1098.0,Griedge Mbock Bathy,4-3-3,Silvia Gasperotti,47.0,19.0,40.4,0.15,0.37,15.0,0.0,0.0,0.0,5.6,5.6,0.13,1.4,1.4,0.0,0.0,,1.0,0.0,0.0,0.0,0.0,0.0,0.0,1.0,2.0,50.0,21.0,1.0,4.8,21.7,1.0,100.0,53.0,1.0,0.0,0.0,0.0,15.5,651.0,760.0,85.7,11640.0,3863.0,279.0,317.0,88.0,263.0,297.0,88.6,83.0,109.0,76.1,6.0,3.9,5.0,35.0,97.0,28.0,7.0,100.0,760.0,715.0,45.0,6.0,0.0,3.0,47.0,24.0,13.0,10.0,1.0,1.0,651.0,0.0,4.0,78.0,54.0,9.0,4.0,8.0,1.0,2.0,9.0,3.0,1.0,1.0,3.0,0.0,1.0,28.0,15.0,4.0,10.0,14.0,10.0,13.0,76.9,3.0,6.0,0.0,6.0,9.0,37.0,2.0,0.0,77.0,917.0,16.0,87.0,398.0,442.0,76.0,917.0,28.0,17.0,60.7,10.0,35.7,683.0,4250.0,1960.0,41.0,35.0,11.0,28.0,16.0,646.0,100.0,0.0,0.0,0.0,5.0,6.0,0.0,47.0,9.0,15.0,0.0,0.0,0.0,80.0,26.0,6.0,81.3,0.0,0.0,,,,,0.0,0.0,0.0,0.0,0.0,,0.0,0.0,19.0,12.0,63.2,0.0,4.9,-2.1,0.0,0.0,0.0,0.0,2.0,25.0,8.0,22.0,4.0,50.0,43.1,15.0,93.3,60.5,40.0,1.0,2.5,0.0,3.0,123.0,229.0,53.7,2260.0,1013.0,46.0,69.0,66.7,62.0,100.0,62.0,11.0,49.0,22.4,0.0,0.0,0.0,0.0,1.0,0.0,0.0,2.0,229.0,170.0,59.0,5.0,0.0,1.0,1.0,31.0,0.0,0.0,0.0,0.0,123.0,0.0,6.0,0.0,0.0,0.0,0.0,0.0,0.0,0.0,0.0,0.0,0.0,0.0,0.0,0.0,0.0,26.0,14.0,21.0,4.0,1.0,10.0,27.0,37.0,17.0,14.0,12.0,2.0,8.0,34.0,51.0,0.0,23.0,395.0,124.0,285.0,106.0,10.0,2.0,395.0,13.0,3.0,23.1,10.0,76.9,191.0,1197.0,426.0,2.0,1.0,0.0,26.0,18.0,122.0,2.0,1.0,0.0,0.0,6.0,5.0,0.0,1.0,8.0,14.0,0.0,0.0,0.0,52.0,6.0,26.0,18.8
2024-01-31,18:45,Champions Lg,Group stage,Wed,Home,D,2.0,2.0,Lyon,cz Slavia Prague,4.5,0.2,77.0,10734.0,Ada Hegerberg,4-3-3,Kirsty Dowle,34.0,12.0,35.3,0.06,0.17,14.6,0.0,0.0,0.0,4.5,4.5,0.15,-2.5,-2.5,1.0,0.0,-100.0,0.0,0.7,-0.3,0.0,0.0,0.0,0.0,0.0,1.0,0.0,13.0,0.0,0.0,20.5,1.0,100.0,40.0,3.0,0.0,0.0,1.0,24.0,625.0,749.0,83.4,10997.0,3698.0,274.0,306.0,89.5,275.0,320.0,85.9,59.0,88.0,67.0,1.0,2.6,3.3,24.0,73.0,28.0,15.0,90.0,749.0,702.0,38.0,8.0,2.0,3.0,41.0,16.0,10.0,3.0,2.0,1.0,625.0,9.0,5.0,60.0,44.0,3.0,4.0,7.0,1.0,1.0,3.0,2.0,0.0,0.0,1.0,0.0,0.0,17.0,11.0,5.0,7.0,5.0,11.0,15.0,73.3,4.0,6.0,0.0,6.0,6.0,23.0,7.0,0.0,77.0,875.0,16.0,99.0,424.0,364.0,61.0,875.0,19.0,7.0,36.8,10.0,52.6,669.0,3898.0,1563.0,39.0,29.0,10.0,20.0,5.0,618.0,89.0,0.0,0.0,0.0,3.0,6.0,9.0,41.0,6.0,11.0,0.0,0.0,1.0,85.0,29.0,9.0,76.3,2.0,1.0,50.0,0.5,1.0,5.9,0.0,0.0,0.0,0.2,0.2,0.13,0.8,0.8,12.0,10.0,83.3,0.0,4.0,2.0,0.0,0.0,0.0,0.0,5.0,33.0,15.2,30.0,3.0,70.0,43.1,18.0,66.7,40.6,32.0,1.0,3.1,0.0,3.5,118.0,214.0,55.1,2190.0,1059.0,41.0,55.0,74.5,52.0,82.0,63.4,15.0,58.0,25.9,1.0,0.1,0.3,1.0,9.0,1.0,0.0,8.0,214.0,161.0,52.0,11.0,1.0,1.0,5.0,18.0,2.0,2.0,0.0,0.0,118.0,1.0,5.0,2.0,1.0,1.0,0.0,0.0,0.0,0.0,1.0,0.0,1.0,0.0,0.0,0.0,0.0,10.0,8.0,8.0,1.0,1.0,7.0,12.0,58.3,5.0,10.0,7.0,3.0,7.0,16.0,22.0,0.0,23.0,320.0,103.0,191.0,103.0,32.0,2.0,320.0,13.0,4.0,30.8,9.0,69.2,157.0,970.0,461.0,3.0,2.0,0.0,19.0,5.0,118.0,8.0,2.0,0.0,0.0,7.0,3.0,1.0,5.0,7.0,8.0,0.0,0.0,0.0,36.0,5.0,20.0,20.0
2024-02-03,14:30,D1 Fém,Matchweek 14,Sat,Home,W,4.0,1.0,Lyon,Stade de Reims,3.1,0.5,74.0,738.0,Griedge Mbock Bathy,4-3-3,Elisa Daupeux,27.0,12.0,44.4,0.15,0.33,15.3,2.0,0.0,0.0,3.1,3.1,0.12,0.9,0.9,2.0,1.0,50.0,0.0,1.0,0.0,0.0,0.0,0.0,0.0,0.0,0.0,,27.0,4.0,0.0,17.7,2.0,0.0,14.0,6.0,2.0,33.3,0.0,7.6,595.0,700.0,85.0,11081.0,3960.0,228.0,259.0,88.0,308.0,349.0,88.3,57.0,75.0,76.0,2.0,2.5,3.3,20.0,72.0,17.0,2.0,92.0,700.0,647.0,51.0,8.0,2.0,1.0,30.0,32.0,7.0,7.0,0.0,0.0,595.0,2.0,7.0,49.0,31.0,8.0,0.0,3.0,6.0,1.0,6.0,5.0,0.0,0.0,1.0,0.0,0.0,21.0,12.0,4.0,8.0,9.0,7.0,10.0,70.0,3.0,18.0,0.0,18.0,9.0,30.0,7.0,1.0,74.0,828.0,36.0,179.0,308.0,345.0,57.0,828.0,21.0,9.0,42.9,10.0,47.6,492.0,2787.0,1250.0,18.0,18.0,14.0,20.0,13.0,585.0,89.0,0.0,0.0,0.0,10.0,9.0,2.0,30.0,9.0,12.0,0.0,0.0,0.0,65.0,3.0,4.0,42.9,2.0,2.0,100.0,0.5,0.5,15.2,0.0,0.0,0.0,0.5,0.5,0.25,0.5,0.5,12.0,8.0,66.7,0.0,4.4,0.4,0.0,0.0,0.0,0.0,1.0,3.0,33.3,16.0,9.0,18.8,22.9,15.0,0.0,16.3,26.0,2.0,7.7,0.0,6.0,127.0,210.0,60.5,2622.0,1362.0,42.0,69.0,60.9,61.0,79.0,77.2,23.0,49.0,46.9,1.0,0.5,0.1,2.0,8.0,2.0,1.0,9.0,210.0,168.0,42.0,11.0,0.0,1.0,6.0,8.0,3.0,1.0,1.0,1.0,127.0,0.0,16.0,4.0,2.0,0.0,1.0,0.0,0.0,1.0,2.0,1.0,0.0,0.0,0.0,0.0,1.0,20.0,12.0,17.0,2.0,1.0,9.0,15.0,60.0,6.0,11.0,6.0,5.0,12.0,32.0,27.0,0.0,26.0,332.0,109.0,216.0,78.0,43.0,4.0,332.0,9.0,4.0,44.4,5.0,55.6,127.0,765.0,369.0,7.0,7.0,3.0,30.0,8.0,125.0,8.0,1.0,0.0,0.0,7.0,10.0,0.0,6.0,12.0,12.0,0.0,0.0,0.0,38.0,3.0,3.0,50.0
2024-02-11,21:00,D1 Fém,Matchweek 15,Sun,Home,D,1.0,1.0,Lyon,Paris S-G,1.2,0.8,45.0,21764.0,Griedge Mbock Bathy,4-2-3-1,Clémence Goncalves,12.0,6.0,50.0,0.0,0.0,14.6,0.0,0.0,0.0,1.2,1.2,0.1,-1.2,-1.2,2.0,1.0,50.0,0.0,1.0,0.0,0.0,0.0,0.0,0.0,2.0,6.0,33.3,14.0,3.0,28.6,28.2,3.0,66.7,34.0,5.0,0.0,0.0,3.0,23.0,302.0,413.0,73.1,5577.0,2553.0,121.0,154.0,78.6,141.0,179.0,78.8,35.0,65.0,53.8,0.0,1.2,1.6,11.0,34.0,9.0,2.0,57.0,413.0,365.0,48.0,14.0,0.0,1.0,24.0,24.0,5.0,4.0,1.0,0.0,302.0,0.0,12.0,22.0,11.0,6.0,2.0,1.0,2.0,0.0,0.0,0.0,0.0,0.0,0.0,0.0,0.0,28.0,19.0,10.0,13.0,5.0,12.0,18.0,66.7,6.0,14.0,1.0,13.0,9.0,37.0,11.0,0.0,45.0,535.0,23.0,112.0,253.0,178.0,28.0,535.0,22.0,11.0,50.0,10.0,45.5,338.0,2279.0,842.0,7.0,21.0,3.0,26.0,19.0,301.0,56.0,2.0,0.0,0.0,16.0,13.0,0.0,24.0,9.0,19.0,0.0,0.0,0.0,61.0,18.0,10.0,64.3,4.0,2.0,50.0,0.25,0.5,19.9,0.0,0.0,0.0,0.8,0.8,0.2,0.2,0.2,6.0,6.0,83.3,0.0,0.7,0.7,0.0,0.0,0.0,0.0,4.0,17.0,23.5,26.0,1.0,57.7,39.8,4.0,100.0,46.5,18.0,2.0,11.1,2.0,10.2,385.0,496.0,77.6,6699.0,2368.0,165.0,185.0,89.2,175.0,203.0,86.2,32.0,80.0,40.0,1.0,0.8,0.4,3.0,21.0,2.0,0.0,33.0,496.0,451.0,44.0,15.0,1.0,3.0,8.0,23.0,0.0,0.0,0.0,0.0,385.0,1.0,12.0,6.0,5.0,0.0,0.0,0.0,0.0,1.0,1.0,1.0,0.0,0.0,0.0,0.0,0.0,29.0,20.0,18.0,8.0,3.0,10.0,21.0,47.6,11.0,15.0,4.0,11.0,14.0,43.0,21.0,0.0,55.0,623.0,67.0,225.0,334.0,72.0,7.0,623.0,19.0,6.0,31.6,12.0,63.2,437.0,2610.0,1059.0,12.0,16.0,3.0,22.0,16.0,383.0,33.0,3.0,0.0,0.0,13.0,15.0,1.0,8.0,14.0,20.0,0.0,0.0,1.0,64.0,10.0,18.0,35.7
2024-03-03,21:00,D1 Fém,Matchweek 16,Sun,Away,W,3.0,1.0,Lyon,Dijon,3.2,0.3,75.0,1746.0,Griedge Mbock Bathy,4-3-3,Audrey Gerbel,25.0,6.0,24.0,0.12,0.5,14.7,0.0,0.0,0.0,3.2,3.2,0.13,-0.2,-0.2,3.0,2.0,66.7,0.0,0.8,-0.2,0.0,0.0,0.0,0.0,0.0,0.0,,22.0,3.0,0.0,17.7,2.0,0.0,24.0,5.0,0.0,0.0,4.0,24.2,646.0,774.0,83.5,10459.0,3077.0,301.0,344.0,87.5,285.0,311.0,91.6,38.0,62.0,61.3,2.0,3.2,2.2,23.0,62.0,14.0,1.0,79.0,774.0,725.0,44.0,5.0,0.0,2.0,26.0,28.0,7.0,5.0,2.0,0.0,646.0,5.0,15.0,43.0,31.0,4.0,0.0,7.0,1.0,0.0,4.0,1.0,0.0,0.0,3.0,0.0,0.0,16.0,12.0,6.0,8.0,2.0,6.0,11.0,54.5,5.0,11.0,1.0,10.0,10.0,26.0,6.0,1.0,75.0,892.0,22.0,134.0,490.0,277.0,42.0,892.0,25.0,12.0,48.0,13.0,52.0,641.0,3179.0,1667.0,29.0,17.0,8.0,25.0,6.0,641.0,77.0,1.0,0.0,0.0,7.0,4.0,5.0,26.0,10.0,12.0,0.0,0.0,0.0,69.0,16.0,7.0,69.6,5.0,3.0,60.0,0.2,0.33,18.2,0.0,0.0,0.0,0.3,0.3,0.06,0.7,0.7,6.0,3.0,50.0,0.0,1.5,-1.5,0.0,0.0,0.0,0.0,3.0,20.0,15.0,24.0,3.0,50.0,39.5,16.0,50.0,41.9,18.0,4.0,22.2,0.0,9.2,130.0,255.0,51.0,2431.0,1453.0,62.0,91.0,68.1,43.0,77.0,55.8,23.0,73.0,31.5,1.0,0.3,0.3,5.0,7.0,1.0,1.0,5.0,255.0,206.0,49.0,12.0,0.0,0.0,5.0,15.0,2.0,2.0,0.0,0.0,130.0,0.0,10.0,8.0,6.0,1.0,0.0,0.0,1.0,0.0,2.0,0.0,1.0,0.0,0.0,1.0,0.0,19.0,14.0,16.0,2.0,1.0,13.0,25.0,52.0,12.0,18.0,5.0,13.0,12.0,31.0,25.0,0.0,25.0,368.0,73.0,230.0,106.0,38.0,3.0,368.0,11.0,5.0,45.5,6.0,54.5,132.0,697.0,225.0,4.0,4.0,1.0,17.0,10.0,127.0,5.0,0.0,0.0,0.0,5.0,6.0,0.0,5.0,12.0,14.0,0.0,0.0,0.0,44.0,7.0,16.0,30.4
2024-03-15,21:00,D1 Fém,Matchweek 17,Fri,Home,W,4.0,0.0,Lyon,Fleury,1.4,0.1,66.0,,,4-3-3,,,,,,,,,,,,,,,,,,,,,,,,,,,,,,,,,,,,,,,,,,,,,,,,,,,,,,,,,,,,,,,,,,,,,,,,,,,,,,,,,,,,,,,,,,,,,,,,,,,,,,,,,,,,,,,,,,,,,,,,,,,,,,,,,,,,,,,,,,,,,,,,,,,,,,,,,,,,,,,,,,,,,,,,,,,,,,,,,,,,,,,,,,,,,,,,,,,,,,,,,,,,,,,,,,,,,,,,,,,,,,,,,,,,,,,,,,,,,,,,,,,,,,,,,,,,,,,,,,,,,,,,,,,,,,,,,,,,,,,,,,,,,,,,,,,
2024-03-19,20:00,Champions Lg,Quarter-finals,Tue,Away,,,,Lyon,pt SL Benfica,,,,,,,,,,,,,,,,,,,,,,,,,,,,,,,,,,,,,,,,,,,,,,,,,,,,,,,,,,,,,,,,,,,,,,,,,,,,,,,,,,,,,,,,,,,,,,,,,,,,,,,,,,,,,,,,,,,,,,,,,,,,,,,,,,,,,,,,,,,,,,,,,,,,,,,,,,,,,,,,,,,,,,,,,,,,,,,,,,,,,,,,,,,,,,,,,,,,,,,,,,,,,,,,,,,,,,,,,,,,,,,,,,,,,,,,,,,,,,,,,,,,,,,,,,,,,,,,,,,,,,,,,,,,,,,,,,,,,,,,,,,,,,,,,,,,,,,,,
2024-03-23,13:30,D1 Fém,Matchweek 18,Sat,Away,,,,Lyon,Lille,,,,,,,,,,,,,,,,,,,,,,,,,,,,,,,,,,,,,,,,,,,,,,,,,,,,,,,,,,,,,,,,,,,,,,,,,,,,,,,,,,,,,,,,,,,,,,,,,,,,,,,,,,,,,,,,,,,,,,,,,,,,,,,,,,,,,,,,,,,,,,,,,,,,,,,,,,,,,,,,,,,,,,,,,,,,,,,,,,,,,,,,,,,,,,,,,,,,,,,,,,,,,,,,,,,,,,,,,,,,,,,,,,,,,,,,,,,,,,,,,,,,,,,,,,,,,,,,,,,,,,,,,,,,,,,,,,,,,,,,,,,,,,,,,,,,,,,,,
2024-03-27,18:45,Champions Lg,Quarter-finals,Wed,Home,,,,Lyon,pt SL Benfica,,,,,,,,,,,,,,,,,,,,,,,,,,,,,,,,,,,,,,,,,,,,,,,,,,,,,,,,,,,,,,,,,,,,,,,,,,,,,,,,,,,,,,,,,,,,,,,,,,,,,,,,,,,,,,,,,,,,,,,,,,,,,,,,,,,,,,,,,,,,,,,,,,,,,,,,,,,,,,,,,,,,,,,,,,,,,,,,,,,,,,,,,,,,,,,,,,,,,,,,,,,,,,,,,,,,,,,,,,,,,,,,,,,,,,,,,,,,,,,,,,,,,,,,,,,,,,,,,,,,,,,,,,,,,,,,,,,,,,,,,,,,,,,,,,,,,,,,,
2024-03-31,21:00,D1 Fém,Matchweek 19,Sun,Home,,,,Lyon,Le Havre,,,,,,,,,,,,,,,,,,,,,,,,,,,,,,,,,,,,,,,,,,,,,,,,,,,,,,,,,,,,,,,,,,,,,,,,,,,,,,,,,,,,,,,,,,,,,,,,,,,,,,,,,,,,,,,,,,,,,,,,,,,,,,,,,,,,,,,,,,,,,,,,,,,,,,,,,,,,,,,,,,,,,,,,,,,,,,,,,,,,,,,,,,,,,,,,,,,,,,,,,,,,,,,,,,,,,,,,,,,,,,,,,,,,,,,,,,,,,,,,,,,,,,,,,,,,,,,,,,,,,,,,,,,,,,,,,,,,,,,,,,,,,,,,,,,,,,,,,
2024-04-13,15:00,D1 Fém,Matchweek 20,Sat,Away,,,,Lyon,Saint-Étienne,,,,,,,,,,,,,,,,,,,,,,,,,,,,,,,,,,,,,,,,,,,,,,,,,,,,,,,,,,,,,,,,,,,,,,,,,,,,,,,,,,,,,,,,,,,,,,,,,,,,,,,,,,,,,,,,,,,,,,,,,,,,,,,,,,,,,,,,,,,,,,,,,,,,,,,,,,,,,,,,,,,,,,,,,,,,,,,,,,,,,,,,,,,,,,,,,,,,,,,,,,,,,,,,,,,,,,,,,,,,,,,,,,,,,,,,,,,,,,,,,,,,,,,,,,,,,,,,,,,,,,,,,,,,,,,,,,,,,,,,,,,,,,,,,,,,,,,,,
2024-04-24,14:30,D1 Fém,Matchweek 21,Wed,Home,,,,Lyon,Guingamp,,,,,,,,,,,,,,,,,,,,,,,,,,,,,,,,,,,,,,,,,,,,,,,,,,,,,,,,,,,,,,,,,,,,,,,,,,,,,,,,,,,,,,,,,,,,,,,,,,,,,,,,,,,,,,,,,,,,,,,,,,,,,,,,,,,,,,,,,,,,,,,,,,,,,,,,,,,,,,,,,,,,,,,,,,,,,,,,,,,,,,,,,,,,,,,,,,,,,,,,,,,,,,,,,,,,,,,,,,,,,,,,,,,,,,,,,,,,,,,,,,,,,,,,,,,,,,,,,,,,,,,,,,,,,,,,,,,,,,,,,,,,,,,,,,,,,,,,,
2024-05-08,14:30,D1 Fém,Matchweek 22,Wed,Away,,,,Lyon,Bordeaux,,,,,,,,,,,,,,,,,,,,,,,,,,,,,,,,,,,,,,,,,,,,,,,,,,,,,,,,,,,,,,,,,,,,,,,,,,,,,,,,,,,,,,,,,,,,,,,,,,,,,,,,,,,,,,,,,,,,,,,,,,,,,,,,,,,,,,,,,,,,,,,,,,,,,,,,,,,,,,,,,,,,,,,,,,,,,,,,,,,,,,,,,,,,,,,,,,,,,,,,,,,,,,,,,,,,,,,,,,,,,,,,,,,,,,,,,,,,,,,,,,,,,,,,,,,,,,,,,,,,,,,,,,,,,,,,,,,,,,,,,,,,,,,,,,,,,,,,,
2023-09-17,21:00,D1 Fém,Matchweek 1,Sun,Away,W,3.0,0.0,Paris S-G,Bordeaux,2.2,0.2,74.0,2453.0,Grace Geyoro,4-3-3,Clémence Goncalves,10.0,7.0,70.0,0.2,0.29,20.1,0.0,1.0,1.0,2.2,1.4,0.15,0.8,0.6,0.0,0.0,,1.0,0.0,0.0,0.0,0.0,0.0,0.0,1.0,3.0,33.3,27.0,4.0,11.1,22.3,3.0,0.0,14.7,6.0,1.0,16.7,0.0,13.5,615.0,723.0,85.1,10742.0,3702.0,261.0,288.0,90.6,275.0,303.0,90.8,60.0,89.0,67.4,2.0,1.3,0.7,8.0,40.0,5.0,0.0,50.0,723.0,668.0,51.0,13.0,1.0,2.0,14.0,30.0,4.0,2.0,0.0,0.0,615.0,4.0,21.0,22.0,14.0,1.0,3.0,1.0,2.0,1.0,6.0,5.0,0.0,0.0,0.0,1.0,0.0,10.0,6.0,4.0,5.0,1.0,5.0,9.0,55.6,4.0,5.0,2.0,3.0,10.0,20.0,9.0,0.0,74.0,793.0,40.0,243.0,417.0,136.0,15.0,792.0,20.0,8.0,40.0,12.0,60.0,391.0,2202.0,1125.0,16.0,12.0,3.0,10.0,5.0,608.0,48.0,1.0,0.0,0.0,7.0,8.0,4.0,14.0,10.0,6.0,1.0,0.0,0.0,56.0,6.0,2.0,75.0,4.0,0.0,0.0,0.0,,23.0,0.0,0.0,0.0,0.2,0.2,0.04,-0.2,-0.2,8.0,5.0,75.0,0.0,2.6,-0.4,1.0,1.0,0.0,0.0,5.0,16.0,31.3,34.0,2.0,35.3,35.3,7.0,57.1,38.9,12.0,0.0,0.0,0.0,6.7,160.0,257.0,62.3,3431.0,1644.0,40.0,56.0,71.4,93.0,119.0,78.2,26.0,70.0,37.1,0.0,0.2,0.2,4.0,17.0,0.0,0.0,18.0,257.0,211.0,41.0,11.0,0.0,0.0,7.0,16.0,3.0,3.0,0.0,0.0,160.0,5.0,4.0,7.0,6.0,0.0,1.0,0.0,0.0,0.0,0.0,0.0,0.0,0.0,0.0,0.0,0.0,17.0,10.0,7.0,10.0,0.0,12.0,20.0,60.0,8.0,22.0,1.0,21.0,17.0,34.0,14.0,0.0,26.0,354.0,55.0,160.0,141.0,59.0,4.0,354.0,9.0,4.0,44.4,5.0,55.6,118.0,921.0,373.0,8.0,3.0,3.0,15.0,5.0,158.0,18.0,0.0,0.0,0.0,9.0,7.0,5.0,7.0,17.0,10.0,0.0,1.0,0.0,53.0,2.0,6.0,25.0
2023-10-01,21:00,D1 Fém,Matchweek 2,Sun,Home,L,0.0,1.0,Paris S-G,Lyon,0.7,0.9,49.0,15899.0,Grace Geyoro,3-5-2,Émeline Rochebilière,10.0,6.0,60.0,0.0,0.0,16.6,0.0,0.0,0.0,0.7,0.7,0.07,-0.7,-0.7,8.0,7.0,87.5,0.0,1.5,0.5,0.0,0.0,0.0,0.0,1.0,6.0,16.7,27.0,9.0,14.8,26.5,6.0,33.3,28.2,12.0,0.0,0.0,1.0,15.0,320.0,427.0,74.9,5553.0,2211.0,150.0,180.0,83.3,130.0,157.0,82.8,31.0,71.0,43.7,0.0,0.5,0.4,7.0,21.0,8.0,0.0,35.0,427.0,375.0,51.0,14.0,0.0,1.0,17.0,20.0,9.0,1.0,7.0,0.0,320.0,1.0,8.0,18.0,11.0,2.0,2.0,2.0,1.0,0.0,0.0,0.0,0.0,0.0,0.0,0.0,0.0,14.0,10.0,9.0,3.0,2.0,7.0,11.0,63.6,4.0,10.0,2.0,8.0,8.0,22.0,25.0,0.0,49.0,536.0,65.0,206.0,233.0,104.0,23.0,536.0,17.0,9.0,52.9,5.0,29.4,367.0,2487.0,1082.0,18.0,12.0,7.0,19.0,15.0,319.0,35.0,1.0,0.0,0.0,8.0,13.0,1.0,17.0,8.0,10.0,0.0,0.0,0.0,52.0,6.0,19.0,24.0,14.0,8.0,57.1,0.07,0.13,21.6,0.0,0.0,0.0,0.9,0.9,0.06,0.1,0.1,6.0,6.0,100.0,1.0,1.0,1.0,0.0,0.0,0.0,0.0,6.0,12.0,50.0,32.0,6.0,31.3,32.0,5.0,40.0,25.0,15.0,2.0,13.3,0.0,7.0,343.0,443.0,77.4,6665.0,2815.0,124.0,150.0,82.7,155.0,183.0,84.7,51.0,83.0,61.4,1.0,0.9,0.7,13.0,24.0,2.0,0.0,36.0,443.0,396.0,46.0,9.0,0.0,1.0,17.0,22.0,9.0,5.0,2.0,0.0,343.0,1.0,9.0,23.0,15.0,5.0,0.0,1.0,2.0,0.0,2.0,1.0,1.0,0.0,0.0,0.0,0.0,20.0,10.0,4.0,13.0,3.0,5.0,14.0,35.7,9.0,9.0,2.0,7.0,11.0,31.0,21.0,0.0,51.0,568.0,62.0,166.0,272.0,132.0,22.0,568.0,11.0,4.0,36.4,7.0,63.6,388.0,2603.0,1018.0,18.0,14.0,7.0,21.0,7.0,340.0,34.0,3.0,0.0,0.0,13.0,8.0,1.0,17.0,11.0,10.0,0.0,0.0,0.0,55.0,19.0,6.0,76.0
2023-10-06,18:00,D1 Fém,Matchweek 3,Fri,Away,W,1.0,0.0,Paris S-G,Saint-Étienne,1.3,0.3,70.0,500.0,Grace Geyoro,4-3-3,Charlène Laur,10.0,3.0,30.0,0.1,0.33,14.4,0.0,0.0,0.0,1.3,1.3,0.13,-0.3,-0.3,3.0,3.0,100.0,1.0,0.1,0.1,0.0,0.0,0.0,0.0,0.0,2.0,0.0,23.0,6.0,8.7,28.1,5.0,0.0,22.8,10.0,1.0,10.0,1.0,14.3,550.0,644.0,85.4,10204.0,3700.0,210.0,230.0,91.3,291.0,328.0,88.7,47.0,69.0,68.1,1.0,1.3,1.1,9.0,32.0,3.0,2.0,43.0,644.0,595.0,45.0,17.0,1.0,4.0,19.0,15.0,7.0,4.0,3.0,0.0,550.0,4.0,8.0,18.0,12.0,3.0,1.0,1.0,1.0,0.0,2.0,2.0,0.0,0.0,0.0,0.0,0.0,17.0,13.0,5.0,12.0,0.0,9.0,12.0,75.0,3.0,8.0,2.0,6.0,13.0,30.0,12.0,0.0,70.0,732.0,42.0,220.0,411.0,104.0,12.0,732.0,27.0,17.0,63.0,10.0,37.0,503.0,2501.0,1229.0,11.0,8.0,4.0,12.0,7.0,546.0,43.0,1.0,0.0,0.0,11.0,17.0,4.0,19.0,13.0,13.0,0.0,0.0,0.0,58.0,4.0,2.0,66.7,7.0,3.0,42.9,0.0,0.0,22.3,0.0,0.0,0.0,0.3,0.3,0.05,-0.3,-0.3,3.0,2.0,66.7,0.0,1.2,0.2,0.0,0.0,0.0,0.0,6.0,10.0,60.0,23.0,1.0,39.1,31.8,8.0,12.5,25.3,15.0,0.0,0.0,1.0,13.9,190.0,280.0,67.9,4123.0,2193.0,64.0,85.0,75.3,83.0,115.0,72.2,42.0,71.0,59.2,0.0,0.3,0.2,6.0,20.0,1.0,1.0,27.0,280.0,235.0,45.0,15.0,0.0,3.0,12.0,18.0,2.0,1.0,0.0,0.0,190.0,0.0,7.0,12.0,7.0,1.0,0.0,1.0,1.0,2.0,0.0,0.0,0.0,0.0,0.0,0.0,0.0,17.0,12.0,11.0,6.0,0.0,10.0,27.0,37.0,17.0,10.0,3.0,7.0,16.0,33.0,10.0,0.0,30.0,363.0,46.0,150.0,151.0,65.0,6.0,363.0,12.0,3.0,25.0,9.0,75.0,212.0,1210.0,453.0,7.0,4.0,3.0,24.0,8.0,190.0,27.0,4.0,0.0,0.0,17.0,11.0,0.0,12.0,16.0,12.0,0.0,0.0,0.0,53.0,2.0,4.0,33.3
2023-10-10,20:00,Champions Lg,Second qualifying round,Tue,Away,D,1.0,1.0,Paris S-G,eng Manchester Utd,,,50.0,4827.0,Grace Geyoro,4-3-3,Frida Mia Klarlund,1.0,1.0,100.0,1.0,1.0,,,0.0,0.0,,,,,,1.0,0.0,0.0,0.0,,,0.0,0.0,0.0,0.0,,,,,,,,,,,,,,,,,,,,,,,,,,,,,,0.0,,,,,,,,,,,,,,0.0,,,,,,,,,,,,,,,,,,,,,,,,0.0,,,,,,,,,,,0.0,0.0,,,50.0,,,,,,,,,,,,,,,,,,,,,,,1.0,0.0,0.0,0.0,0.0,0.0,0.0,0.0,0.0,,,0.0,,,,,1.0,1.0,100.0,1.0,1.0,,,0.0,0.0,,,,,,1.0,0.0,0.0,0.0,,,0.0,0.0,0.0,0.0,,,,,,,,,,,,,,,,,,,,,,,,,,,,,,0.0,,,,,,,,,,,,,,0.0,,,,,,,,,,,,,,,,,,,,,,,,0.0,,,,,,,,,,,0.0,0.0,,,50.0,,,,,,,,,,,,,,,,,,,,,,,0.0,0.0,0.0,0.0,0.0,0.0,0.0,0.0,0.0,,,0.0,,,,
2023-10-18,20:00,Champions Lg,Second qualifying round,Wed,Home,W,3.0,1.0,Paris S-G,eng Manchester Utd,,,67.0,10358.0,Grace Geyoro,3-5-2,Ivana Projkovska,3.0,3.0,100.0,1.0,1.0,,,0.0,0.0,,,,,,1.0,0.0,0.0,0.0,,,0.0,0.0,0.0,0.0,,,,,,,,,,,,,,,,,,,,,,,,,,,,,,2.0,,,,,,,,,,,,,,0.0,,,,,,,,,,,,,,,,,,,,,,,,0.0,,,,,,,,,,,0.0,0.0,,,67.0,,,,,,,,,,,,,,,,,,,,,,,0.0,0.0,0.0,0.0,0.0,0.0,0.0,0.0,0.0,,,0.0,,,,,1.0,1.0,100.0,1.0,1.0,,,0.0,0.0,,,,,,3.0,0.0,0.0,0.0,,,0.0,0.0,0.0,0.0,,,,,,,,,,,,,,,,,,,,,,,,,,,,,,1.0,,,,,,,,,,,,,,0.0,,,,,,,,,,,,,,,,,,,,,,,,0.0,,,,,,,,,,,0.0,0.0,,,33.0,,,,,,,,,,,,,,,,,,,,,,,0.0,0.0,0.0,0.0,0.0,0.0,0.0,0.0,0.0,,,0.0,,,,
2023-10-21,15:00,D1 Fém,Matchweek 5,Sat,Away,W,4.0,0.0,Paris S-G,Lille,0.8,0.2,69.0,1148.0,Grace Geyoro,4-3-3,Elisa Daupeux,13.0,6.0,46.2,0.31,0.67,18.1,1.0,0.0,0.0,0.8,0.8,0.06,3.2,3.2,3.0,3.0,100.0,1.0,0.1,0.1,0.0,0.0,0.0,0.0,4.0,7.0,57.1,55.0,8.0,10.9,26.8,2.0,50.0,50.5,6.0,2.0,33.3,1.0,15.0,535.0,627.0,85.3,11299.0,4102.0,132.0,158.0,83.5,329.0,366.0,89.9,74.0,99.0,74.7,4.0,0.7,0.7,11.0,32.0,5.0,3.0,40.0,627.0,579.0,46.0,11.0,1.0,3.0,9.0,28.0,4.0,0.0,0.0,3.0,535.0,2.0,3.0,25.0,17.0,3.0,3.0,0.0,2.0,0.0,8.0,7.0,1.0,0.0,0.0,0.0,0.0,17.0,14.0,8.0,8.0,1.0,4.0,6.0,66.7,2.0,7.0,1.0,6.0,7.0,24.0,5.0,0.0,69.0,695.0,73.0,322.0,261.0,121.0,18.0,695.0,28.0,17.0,60.7,11.0,39.3,488.0,2149.0,805.0,19.0,7.0,5.0,10.0,15.0,527.0,40.0,2.0,0.0,0.0,11.0,10.0,2.0,9.0,7.0,14.0,0.0,0.0,0.0,59.0,1.0,0.0,100.0,6.0,3.0,50.0,0.0,0.0,27.3,2.0,0.0,0.0,0.2,0.2,0.03,-0.2,-0.2,6.0,2.0,33.3,0.0,1.5,-2.5,0.0,0.0,0.0,0.0,4.0,4.0,100.0,20.0,2.0,5.0,26.6,8.0,37.5,33.3,9.0,0.0,0.0,3.0,23.0,186.0,283.0,65.7,3629.0,1920.0,62.0,96.0,64.6,99.0,130.0,76.2,24.0,51.0,47.1,0.0,0.1,0.2,4.0,14.0,3.0,0.0,15.0,283.0,234.0,47.0,11.0,0.0,0.0,7.0,20.0,3.0,2.0,0.0,0.0,186.0,2.0,6.0,10.0,6.0,1.0,0.0,0.0,3.0,0.0,0.0,0.0,0.0,0.0,0.0,0.0,0.0,26.0,18.0,13.0,11.0,2.0,11.0,28.0,39.3,17.0,4.0,1.0,3.0,11.0,37.0,12.0,0.0,31.0,356.0,38.0,182.0,130.0,46.0,6.0,356.0,6.0,2.0,33.3,4.0,66.7,157.0,522.0,177.0,2.0,3.0,0.0,12.0,13.0,185.0,14.0,1.0,0.0,0.0,10.0,11.0,2.0,7.0,11.0,18.0,0.0,0.0,0.0,52.0,0.0,1.0,0.0
2023-11-12,21:00,D1 Fém,Matchweek 7,Sun,Away,W,5.0,2.0,Paris S-G,Dijon,3.4,0.6,74.0,1244.0,Grace Geyoro,4-2-3-1,Émeline Rochebilière,18.0,8.0,44.4,0.28,0.63,13.7,0.0,0.0,0.0,3.4,3.4,0.19,1.6,1.6,5.0,3.0,60.0,0.0,1.3,-0.7,0.0,0.0,0.0,0.0,0.0,2.0,0.0,46.0,8.0,4.3,20.3,4.0,0.0,22.0,5.0,0.0,0.0,2.0,20.4,688.0,769.0,89.5,12465.0,4628.0,269.0,293.0,91.8,366.0,393.0,93.1,48.0,60.0,80.0,4.0,2.0,2.7,12.0,59.0,13.0,3.0,73.0,769.0,732.0,37.0,5.0,1.0,0.0,14.0,23.0,2.0,1.0,1.0,0.0,688.0,0.0,10.0,31.0,23.0,2.0,4.0,2.0,0.0,0.0,9.0,7.0,1.0,1.0,0.0,0.0,0.0,17.0,14.0,6.0,10.0,1.0,7.0,15.0,46.7,8.0,4.0,0.0,4.0,10.0,27.0,2.0,0.0,74.0,876.0,59.0,309.0,383.0,191.0,32.0,876.0,44.0,20.0,45.5,24.0,54.5,676.0,2952.0,1278.0,23.0,16.0,8.0,23.0,12.0,679.0,72.0,0.0,0.0,0.0,6.0,5.0,0.0,14.0,10.0,14.0,0.0,0.0,0.0,79.0,4.0,4.0,50.0,7.0,5.0,71.4,0.29,0.4,20.5,0.0,0.0,0.0,0.6,0.6,0.08,1.4,1.4,8.0,3.0,37.5,0.0,3.6,-1.4,0.0,0.0,0.0,0.0,7.0,13.0,53.8,11.0,2.0,63.6,42.6,6.0,100.0,44.7,10.0,0.0,0.0,3.0,28.0,178.0,265.0,67.2,3304.0,1681.0,71.0,81.0,87.7,81.0,110.0,73.6,21.0,60.0,35.0,1.0,0.4,0.6,5.0,18.0,4.0,1.0,26.0,265.0,229.0,36.0,6.0,0.0,0.0,5.0,18.0,0.0,0.0,0.0,0.0,178.0,0.0,4.0,10.0,7.0,1.0,0.0,0.0,1.0,1.0,2.0,1.0,0.0,0.0,0.0,0.0,1.0,36.0,26.0,15.0,17.0,4.0,24.0,44.0,54.5,20.0,13.0,3.0,10.0,12.0,48.0,9.0,2.0,26.0,391.0,45.0,127.0,190.0,82.0,9.0,391.0,15.0,8.0,53.3,7.0,46.7,145.0,1052.0,506.0,9.0,4.0,1.0,27.0,10.0,178.0,26.0,1.0,0.0,0.0,5.0,6.0,0.0,5.0,12.0,26.0,0.0,0.0,0.0,69.0,4.0,4.0,50.0
2023-11-15,21:00,Champions Lg,Group stage,Wed,Away,L,0.0,2.0,Paris S-G,nl Ajax,0.9,1.8,56.0,13106.0,Grace Geyoro,4-2-3-1,Tess Olofsson,22.0,5.0,22.7,0.0,0.0,20.7,1.0,0.0,0.0,0.9,0.9,0.04,-0.9,-0.9,2.0,0.0,50.0,0.0,1.5,-0.5,1.0,1.0,0.0,0.0,5.0,10.0,50.0,34.0,6.0,20.6,28.4,4.0,75.0,45.0,7.0,4.0,57.1,1.0,12.4,414.0,513.0,80.7,7211.0,3091.0,201.0,222.0,90.5,150.0,177.0,84.7,54.0,86.0,62.8,0.0,0.6,0.6,15.0,37.0,6.0,3.0,42.0,513.0,464.0,47.0,18.0,0.0,0.0,36.0,15.0,7.0,0.0,5.0,0.0,414.0,2.0,8.0,39.0,23.0,6.0,5.0,2.0,2.0,1.0,0.0,0.0,0.0,0.0,0.0,0.0,0.0,15.0,11.0,7.0,6.0,2.0,1.0,4.0,25.0,3.0,7.0,3.0,4.0,10.0,25.0,11.0,0.0,56.0,617.0,47.0,179.0,291.0,150.0,31.0,617.0,30.0,21.0,70.0,9.0,30.0,280.0,1544.0,771.0,20.0,10.0,7.0,21.0,14.0,410.0,42.0,0.0,0.0,0.0,7.0,19.0,2.0,36.0,10.0,11.0,0.0,1.0,0.0,54.0,11.0,8.0,57.9,7.0,1.0,14.3,0.14,1.0,16.4,0.0,1.0,1.0,1.8,1.0,0.14,0.2,0.0,5.0,5.0,100.0,1.0,0.2,0.2,0.0,0.0,0.0,0.0,8.0,12.0,66.7,41.0,12.0,19.5,27.8,8.0,50.0,36.1,21.0,2.0,9.5,1.0,10.8,302.0,397.0,76.1,6180.0,2761.0,105.0,126.0,83.3,152.0,178.0,85.4,42.0,81.0,51.9,0.0,0.9,1.1,6.0,25.0,2.0,0.0,20.0,397.0,358.0,39.0,7.0,1.0,3.0,10.0,18.0,5.0,0.0,0.0,0.0,302.0,0.0,6.0,15.0,9.0,3.0,1.0,1.0,1.0,0.0,3.0,1.0,0.0,0.0,1.0,1.0,0.0,23.0,12.0,11.0,10.0,2.0,9.0,30.0,30.0,21.0,13.0,7.0,6.0,6.0,29.0,32.0,0.0,44.0,525.0,109.0,225.0,207.0,94.0,17.0,524.0,4.0,3.0,75.0,1.0,25.0,220.0,1305.0,736.0,13.0,6.0,5.0,20.0,14.0,298.0,19.0,3.0,0.0,0.0,19.0,7.0,0.0,10.0,6.0,12.0,1.0,0.0,0.0,43.0,8.0,11.0,42.1
2023-11-19,15:00,D1 Fém,Matchweek 8,Sun,Home,W,2.0,1.0,Paris S-G,Fleury,1.7,1.2,72.0,499.0,Grace Geyoro,4-2-3-1,Audrey Gerbel,19.0,9.0,47.4,0.11,0.22,20.9,1.0,0.0,0.0,1.7,1.7,0.09,0.3,0.3,4.0,3.0,75.0,0.0,0.5,-0.5,0.0,0.0,0.0,0.0,2.0,2.0,100.0,28.0,5.0,0.0,21.5,6.0,33.3,29.5,9.0,0.0,0.0,0.0,,589.0,696.0,84.6,10039.0,3779.0,285.0,314.0,90.8,262.0,297.0,88.2,39.0,62.0,62.9,2.0,1.3,1.0,12.0,41.0,10.0,4.0,55.0,696.0,625.0,71.0,12.0,0.0,1.0,25.0,45.0,6.0,4.0,2.0,0.0,589.0,0.0,17.0,32.0,25.0,2.0,2.0,1.0,1.0,1.0,4.0,3.0,0.0,1.0,0.0,0.0,0.0,13.0,6.0,3.0,6.0,4.0,4.0,9.0,44.4,5.0,16.0,4.0,12.0,13.0,26.0,13.0,2.0,72.0,830.0,58.0,237.0,381.0,218.0,25.0,830.0,39.0,19.0,48.7,20.0,51.3,416.0,2846.0,1278.0,26.0,18.0,4.0,23.0,26.0,586.0,55.0,3.0,0.0,0.0,17.0,13.0,0.0,25.0,13.0,6.0,0.0,0.0,0.0,60.0,7.0,6.0,53.8,15.0,4.0,26.7,0.07,0.25,17.0,0.0,0.0,0.0,1.2,1.2,0.08,-0.2,-0.2,9.0,7.0,77.8,0.0,2.0,0.0,0.0,0.0,0.0,0.0,1.0,6.0,16.7,23.0,7.0,21.7,29.9,11.0,9.1,27.5,18.0,2.0,11.1,3.0,12.6,161.0,266.0,60.5,2770.0,1569.0,72.0,97.0,74.2,68.0,96.0,70.8,17.0,58.0,29.3,1.0,0.8,0.6,8.0,6.0,5.0,1.0,14.0,266.0,218.0,48.0,17.0,0.0,2.0,10.0,16.0,2.0,2.0,0.0,0.0,161.0,0.0,10.0,17.0,10.0,1.0,1.0,4.0,1.0,0.0,2.0,2.0,0.0,0.0,0.0,0.0,0.0,46.0,21.0,22.0,13.0,11.0,20.0,39.0,51.3,19.0,21.0,5.0,16.0,12.0,58.0,26.0,0.0,28.0,420.0,66.0,197.0,140.0,92.0,20.0,420.0,9.0,5.0,55.6,4.0,44.4,124.0,940.0,549.0,10.0,7.0,3.0,20.0,9.0,158.0,13.0,1.0,0.0,0.0,13.0,16.0,0.0,10.0,12.0,21.0,0.0,0.0,0.0,57.0,6.0,7.0,46.2
2023-11-23,18:45,Champions Lg,Group stage,Thu,Home,L,0.0,1.0,Paris S-G,de Bayern Munich,1.0,1.4,49.0,3669.0,Grace Geyoro,4-2-3-1,Marta Huerta,14.0,5.0,35.7,0.0,0.0,16.4,0.0,0.0,0.0,1.0,1.0,0.07,-1.0,-1.0,2.0,1.0,50.0,0.0,1.0,0.0,0.0,0.0,0.0,0.0,1.0,3.0,33.3,24.0,3.0,4.2,24.4,7.0,28.6,34.6,10.0,1.0,10.0,0.0,10.0,417.0,510.0,81.8,7333.0,2834.0,186.0,217.0,85.7,194.0,217.0,89.4,37.0,62.0,59.7,0.0,0.9,0.9,13.0,29.0,9.0,2.0,29.0,510.0,455.0,53.0,12.0,1.0,1.0,17.0,24.0,8.0,1.0,5.0,0.0,417.0,2.0,11.0,24.0,19.0,4.0,0.0,0.0,1.0,0.0,0.0,0.0,0.0,0.0,0.0,0.0,0.0,12.0,9.0,6.0,6.0,0.0,7.0,14.0,50.0,7.0,10.0,5.0,5.0,6.0,18.0,6.0,0.0,49.0,605.0,56.0,181.0,291.0,141.0,22.0,605.0,14.0,10.0,71.4,4.0,28.6,295.0,1709.0,921.0,17.0,11.0,5.0,18.0,13.0,412.0,29.0,1.0,0.0,0.0,15.0,6.0,2.0,17.0,6.0,9.0,0.0,0.0,0.0,52.0,16.0,11.0,59.3,10.0,2.0,20.0,0.1,0.5,12.3,0.0,0.0,0.0,1.4,1.4,0.14,-0.4,-0.4,5.0,5.0,100.0,1.0,0.4,0.4,0.0,0.0,0.0,0.0,3.0,12.0,25.0,41.0,3.0,14.6,25.7,12.0,50.0,31.8,12.0,1.0,8.3,2.0,24.7,432.0,531.0,81.4,7177.0,2710.0,222.0,239.0,92.9,161.0,196.0,82.1,42.0,73.0,57.5,1.0,1.4,1.1,10.0,28.0,7.0,2.0,25.0,531.0,477.0,50.0,17.0,1.0,1.0,12.0,16.0,4.0,2.0,0.0,0.0,432.0,4.0,5.0,20.0,14.0,4.0,1.0,1.0,0.0,0.0,2.0,1.0,1.0,0.0,0.0,0.0,0.0,17.0,10.0,6.0,9.0,2.0,4.0,14.0,28.6,10.0,9.0,1.0,8.0,7.0,24.0,17.0,1.0,51.0,635.0,79.0,255.0,271.0,115.0,22.0,635.0,14.0,7.0,50.0,7.0,50.0,379.0,2116.0,1160.0,20.0,10.0,7.0,21.0,5.0,429.0,24.0,2.0,0.0,0.0,8.0,15.0,4.0,12.0,7.0,10.0,0.0,0.0,0.0,50.0,11.0,16.0,40.7
2023-11-26,14:30,D1 Fém,Matchweek 9,Sun,Home,W,4.0,1.0,Paris S-G,Montpellier,4.1,2.4,59.0,326.0,Grace Geyoro,4-2-3-1,Alexandra Collin,20.0,7.0,35.0,0.2,0.57,13.3,0.0,0.0,1.0,4.1,3.3,0.18,-0.1,0.7,7.0,6.0,100.0,0.0,3.4,2.4,1.0,1.0,0.0,0.0,3.0,4.0,75.0,24.0,3.0,8.3,23.6,7.0,28.6,32.3,12.0,0.0,0.0,0.0,11.5,491.0,582.0,84.4,9837.0,4160.0,167.0,197.0,84.8,268.0,294.0,91.2,54.0,73.0,74.0,3.0,2.6,3.7,15.0,57.0,17.0,4.0,67.0,582.0,526.0,53.0,12.0,1.0,1.0,20.0,27.0,5.0,1.0,3.0,0.0,491.0,3.0,10.0,33.0,26.0,0.0,3.0,3.0,1.0,0.0,6.0,4.0,0.0,0.0,2.0,0.0,0.0,11.0,7.0,8.0,2.0,1.0,5.0,10.0,50.0,5.0,13.0,2.0,11.0,12.0,23.0,14.0,0.0,59.0,694.0,68.0,239.0,260.0,199.0,47.0,693.0,22.0,13.0,59.1,9.0,40.9,488.0,2510.0,1189.0,19.0,12.0,11.0,17.0,13.0,486.0,65.0,1.0,0.0,0.0,9.0,12.0,3.0,20.0,12.0,7.0,1.0,1.0,0.0,58.0,4.0,4.0,50.0,12.0,6.0,50.0,0.0,0.0,15.3,0.0,1.0,1.0,2.4,1.7,0.14,-1.4,-1.7,7.0,3.0,42.9,0.0,3.3,-0.7,1.0,0.0,0.0,1.0,3.0,9.0,33.3,16.0,0.0,25.0,32.1,9.0,55.6,38.9,14.0,0.0,0.0,1.0,23.0,307.0,409.0,75.1,5350.0,2719.0,145.0,175.0,82.9,121.0,149.0,81.2,33.0,58.0,56.9,0.0,1.5,1.4,10.0,26.0,13.0,2.0,45.0,409.0,362.0,46.0,11.0,1.0,2.0,17.0,16.0,5.0,3.0,2.0,0.0,307.0,1.0,11.0,21.0,19.0,1.0,0.0,1.0,0.0,0.0,0.0,0.0,0.0,0.0,0.0,0.0,0.0,22.0,17.0,12.0,7.0,3.0,9.0,22.0,40.9,13.0,16.0,7.0,9.0,16.0,38.0,9.0,0.0,41.0,525.0,72.0,186.0,204.0,142.0,27.0,524.0,10.0,5.0,50.0,5.0,50.0,324.0,1770.0,893.0,16.0,13.0,6.0,20.0,6.0,306.0,45.0,0.0,0.0,0.0,12.0,8.0,1.0,17.0,16.0,17.0,0.0,1.0,0.0,69.0,4.0,4.0,50.0
2023-12-10,21:00,D1 Fém,Matchweek 10,Sun,Away,D,1.0,1.0,Paris S-G,Le Havre,1.4,0.5,69.0,2384.0,Grace Geyoro,4-2-3-1,Elisa Daupeux,18.0,4.0,22.2,0.06,0.25,16.2,0.0,0.0,0.0,1.4,1.4,0.08,-0.4,-0.4,2.0,1.0,50.0,0.0,0.6,-0.4,0.0,0.0,0.0,0.0,0.0,1.0,0.0,13.0,2.0,0.0,20.8,2.0,50.0,55.5,3.0,0.0,0.0,0.0,5.0,575.0,686.0,83.8,10634.0,3575.0,215.0,246.0,87.4,294.0,329.0,89.4,57.0,84.0,67.9,1.0,1.4,1.8,17.0,83.0,12.0,7.0,74.0,686.0,631.0,54.0,12.0,2.0,1.0,30.0,31.0,7.0,1.0,2.0,1.0,575.0,1.0,9.0,33.0,18.0,7.0,1.0,2.0,4.0,1.0,2.0,0.0,1.0,0.0,0.0,1.0,0.0,14.0,10.0,1.0,9.0,4.0,8.0,16.0,50.0,8.0,3.0,0.0,3.0,14.0,28.0,4.0,1.0,69.0,783.0,16.0,89.0,412.0,285.0,31.0,783.0,33.0,17.0,51.5,16.0,48.5,570.0,2599.0,1337.0,25.0,15.0,7.0,22.0,6.0,571.0,73.0,1.0,0.0,0.0,14.0,11.0,1.0,30.0,14.0,10.0,0.0,0.0,0.0,66.0,17.0,16.0,51.5,3.0,2.0,66.7,0.33,0.5,18.7,0.0,0.0,0.0,0.5,0.5,0.17,0.5,0.5,4.0,3.0,75.0,0.0,1.3,0.3,0.0,0.0,0.0,0.0,10.0,25.0,40.0,27.0,2.0,55.6,39.2,16.0,62.5,39.2,23.0,0.0,0.0,1.0,13.5,201.0,310.0,64.8,3614.0,1873.0,99.0,133.0,74.4,68.0,92.0,73.9,28.0,66.0,42.4,0.0,0.1,0.1,1.0,4.0,1.0,0.0,10.0,310.0,259.0,50.0,15.0,0.0,1.0,4.0,17.0,1.0,0.0,0.0,1.0,201.0,1.0,3.0,3.0,0.0,2.0,0.0,0.0,0.0,1.0,0.0,0.0,0.0,0.0,0.0,0.0,0.0,22.0,15.0,18.0,4.0,0.0,16.0,33.0,48.5,17.0,13.0,6.0,7.0,22.0,44.0,15.0,0.0,31.0,424.0,69.0,255.0,151.0,22.0,3.0,424.0,16.0,8.0,50.0,8.0,50.0,127.0,835.0,352.0,6.0,5.0,1.0,17.0,6.0,199.0,10.0,2.0,0.0,0.0,11.0,13.0,1.0,4.0,22.0,15.0,0.0,0.0,0.0,55.0,16.0,17.0,48.5
2023-12-14,21:00,Champions Lg,Group stage,Thu,Home,W,2.0,1.0,Paris S-G,it AS Roma,2.1,2.0,52.0,4072.0,Grace Geyoro,3-4-1-2,Iuliana Demetrescu,13.0,5.0,38.5,0.08,0.2,17.5,0.0,1.0,1.0,2.1,1.4,0.11,-0.1,-0.4,4.0,2.0,75.0,0.0,2.0,1.0,1.0,0.0,1.0,0.0,5.0,13.0,38.5,24.0,6.0,33.3,32.0,9.0,55.6,35.3,12.0,1.0,8.3,0.0,6.3,340.0,448.0,75.9,5755.0,2444.0,164.0,191.0,85.9,130.0,147.0,88.4,32.0,77.0,41.6,1.0,1.4,1.0,12.0,29.0,5.0,2.0,27.0,448.0,398.0,49.0,7.0,0.0,0.0,15.0,27.0,4.0,0.0,2.0,0.0,340.0,1.0,8.0,24.0,20.0,1.0,1.0,1.0,1.0,0.0,4.0,3.0,0.0,0.0,0.0,1.0,0.0,10.0,6.0,8.0,1.0,1.0,3.0,6.0,50.0,3.0,11.0,5.0,6.0,11.0,21.0,19.0,0.0,52.0,551.0,75.0,223.0,191.0,141.0,18.0,550.0,14.0,11.0,78.6,3.0,21.4,304.0,1600.0,706.0,15.0,9.0,7.0,15.0,14.0,336.0,27.0,5.0,0.0,0.0,21.0,7.0,1.0,15.0,11.0,6.0,1.0,1.0,0.0,46.0,9.0,9.0,50.0,15.0,3.0,20.0,0.07,0.33,18.6,2.0,0.0,1.0,2.0,1.3,0.09,-1.0,-0.3,6.0,4.0,83.3,0.0,2.3,0.3,1.0,1.0,0.0,0.0,3.0,7.0,42.9,28.0,4.0,21.4,26.3,5.0,40.0,30.4,11.0,0.0,0.0,0.0,11.0,309.0,417.0,74.1,6180.0,2586.0,109.0,132.0,82.6,154.0,188.0,81.9,45.0,79.0,57.0,1.0,0.8,0.9,9.0,30.0,12.0,2.0,37.0,417.0,354.0,62.0,19.0,3.0,1.0,15.0,28.0,7.0,4.0,1.0,0.0,309.0,1.0,7.0,28.0,20.0,3.0,1.0,2.0,1.0,1.0,2.0,2.0,0.0,0.0,0.0,0.0,0.0,17.0,11.0,2.0,11.0,4.0,3.0,14.0,21.4,11.0,12.0,6.0,6.0,14.0,31.0,19.0,0.0,48.0,533.0,61.0,166.0,232.0,140.0,30.0,532.0,6.0,3.0,50.0,3.0,50.0,198.0,1221.0,672.0,10.0,7.0,4.0,21.0,7.0,298.0,36.0,1.0,0.0,0.0,7.0,16.0,1.0,15.0,14.0,11.0,0.0,1.0,0.0,40.0,9.0,9.0,50.0
2023-12-17,21:00,D1 Fém,Matchweek 11,Sun,Away,W,2.0,1.0,Paris S-G,Paris FC,1.8,1.7,49.0,4002.0,Jackie Groenen,4-2-3-1,Maika Vanderstichel,10.0,3.0,30.0,0.1,0.33,17.4,0.0,1.0,1.0,1.8,1.1,0.11,0.2,-0.1,5.0,4.0,100.0,0.0,1.8,0.8,1.0,1.0,0.0,0.0,7.0,19.0,36.8,33.0,6.0,42.4,32.3,5.0,100.0,46.8,12.0,1.0,8.3,0.0,7.6,311.0,422.0,73.7,5479.0,2295.0,146.0,172.0,84.9,130.0,166.0,78.3,31.0,63.0,49.2,1.0,0.9,0.9,7.0,17.0,7.0,1.0,24.0,422.0,377.0,43.0,8.0,2.0,2.0,12.0,25.0,3.0,3.0,0.0,0.0,311.0,2.0,9.0,17.0,11.0,1.0,2.0,0.0,2.0,1.0,4.0,3.0,0.0,0.0,0.0,1.0,0.0,17.0,12.0,11.0,5.0,1.0,7.0,13.0,53.8,6.0,18.0,7.0,11.0,21.0,38.0,18.0,1.0,49.0,554.0,64.0,253.0,204.0,106.0,22.0,553.0,22.0,14.0,63.6,8.0,36.4,341.0,2031.0,819.0,15.0,11.0,8.0,25.0,12.0,309.0,24.0,1.0,0.0,0.0,8.0,9.0,2.0,12.0,21.0,12.0,1.0,1.0,0.0,61.0,2.0,3.0,40.0,16.0,4.0,25.0,0.0,0.0,18.2,1.0,1.0,1.0,1.7,1.0,0.06,-0.7,-1.0,4.0,2.0,75.0,0.0,2.0,0.0,1.0,1.0,0.0,0.0,4.0,6.0,66.7,29.0,5.0,13.8,27.6,7.0,28.6,23.4,10.0,2.0,20.0,0.0,10.8,322.0,436.0,73.9,5543.0,2452.0,165.0,199.0,82.9,126.0,159.0,79.2,26.0,57.0,45.6,0.0,0.8,0.8,12.0,34.0,6.0,1.0,35.0,436.0,381.0,55.0,8.0,0.0,0.0,14.0,31.0,6.0,3.0,1.0,0.0,322.0,0.0,10.0,27.0,18.0,1.0,3.0,3.0,1.0,1.0,1.0,0.0,0.0,0.0,1.0,0.0,0.0,20.0,13.0,7.0,12.0,1.0,8.0,22.0,36.4,14.0,8.0,0.0,8.0,18.0,38.0,11.0,0.0,51.0,553.0,65.0,191.0,192.0,173.0,24.0,552.0,14.0,6.0,42.9,7.0,50.0,243.0,1050.0,467.0,12.0,7.0,2.0,24.0,10.0,317.0,35.0,1.0,0.0,0.0,9.0,7.0,0.0,14.0,18.0,13.0,0.0,1.0,0.0,58.0,3.0,2.0,60.0
2023-12-20,18:45,Champions Lg,Group stage,Wed,Away,W,3.0,1.0,Paris S-G,it AS Roma,1.6,1.6,41.0,2626.0,Grace Geyoro,4-3-3,Ivana Martinčić,9.0,4.0,44.4,0.33,0.75,12.3,0.0,0.0,0.0,1.6,1.6,0.17,1.4,1.4,6.0,5.0,83.3,0.0,1.4,0.4,0.0,0.0,0.0,0.0,7.0,10.0,70.0,8.0,0.0,37.5,35.5,10.0,70.0,48.3,19.0,1.0,5.3,0.0,8.0,286.0,391.0,73.1,5427.0,2432.0,124.0,153.0,81.0,114.0,144.0,79.2,42.0,76.0,55.3,3.0,1.5,0.8,8.0,22.0,6.0,5.0,21.0,391.0,336.0,52.0,11.0,0.0,3.0,13.0,26.0,3.0,0.0,3.0,0.0,286.0,3.0,13.0,15.0,11.0,2.0,2.0,0.0,0.0,0.0,5.0,4.0,0.0,1.0,0.0,0.0,0.0,9.0,8.0,5.0,4.0,0.0,6.0,15.0,40.0,9.0,12.0,4.0,8.0,10.0,19.0,33.0,0.0,41.0,503.0,61.0,201.0,225.0,89.0,20.0,503.0,19.0,12.0,63.2,7.0,36.8,264.0,1357.0,660.0,19.0,10.0,10.0,20.0,10.0,282.0,21.0,3.0,0.0,0.0,12.0,9.0,3.0,13.0,10.0,8.0,0.0,0.0,0.0,55.0,14.0,6.0,70.0,19.0,6.0,31.6,0.05,0.17,18.3,2.0,0.0,0.0,1.6,1.6,0.08,-0.6,-0.6,4.0,1.0,25.0,0.0,2.2,-0.8,0.0,0.0,0.0,0.0,2.0,7.0,28.6,36.0,3.0,19.4,25.1,5.0,0.0,11.4,10.0,0.0,0.0,0.0,,430.0,554.0,77.6,7900.0,3050.0,173.0,212.0,81.6,203.0,235.0,86.4,49.0,80.0,61.3,0.0,1.1,1.4,14.0,42.0,10.0,5.0,52.0,554.0,490.0,63.0,13.0,3.0,1.0,24.0,36.0,5.0,3.0,0.0,0.0,430.0,1.0,11.0,36.0,30.0,2.0,1.0,1.0,2.0,0.0,2.0,1.0,0.0,0.0,0.0,1.0,0.0,17.0,15.0,11.0,5.0,1.0,7.0,18.0,38.9,11.0,11.0,0.0,11.0,10.0,27.0,8.0,0.0,59.0,650.0,58.0,192.0,272.0,190.0,26.0,650.0,15.0,9.0,60.0,6.0,40.0,299.0,1699.0,972.0,11.0,9.0,3.0,22.0,3.0,424.0,51.0,1.0,0.0,0.0,10.0,12.0,1.0,24.0,10.0,15.0,0.0,0.0,0.0,53.0,7.0,14.0,33.3
2024-01-09,21:00,D1 Fém,Matchweek 12,Tue,Home,W,6.0,0.0,Paris S-G,Lille,2.9,1.1,65.0,900.0,Grace Geyoro,4-3-3,Charlène Laur,18.0,8.0,44.4,0.33,0.75,15.5,0.0,0.0,0.0,2.9,2.9,0.16,3.1,3.1,5.0,5.0,100.0,1.0,1.6,1.6,0.0,0.0,0.0,0.0,0.0,1.0,0.0,23.0,5.0,4.3,18.7,2.0,0.0,13.5,12.0,0.0,0.0,0.0,6.0,588.0,663.0,88.7,10791.0,3706.0,230.0,245.0,93.9,306.0,326.0,93.9,49.0,72.0,68.1,6.0,2.5,1.8,12.0,55.0,9.0,3.0,47.0,663.0,625.0,33.0,10.0,2.0,0.0,13.0,17.0,3.0,1.0,2.0,0.0,588.0,5.0,6.0,30.0,23.0,2.0,3.0,0.0,2.0,0.0,11.0,10.0,0.0,1.0,0.0,0.0,0.0,27.0,13.0,14.0,7.0,6.0,10.0,17.0,58.8,7.0,14.0,4.0,10.0,8.0,35.0,10.0,1.0,65.0,782.0,49.0,262.0,328.0,200.0,26.0,782.0,35.0,23.0,65.7,12.0,34.3,609.0,2687.0,1301.0,24.0,13.0,9.0,17.0,12.0,582.0,46.0,1.0,0.0,0.0,6.0,10.0,5.0,13.0,8.0,13.0,0.0,0.0,0.0,55.0,10.0,5.0,66.7,13.0,5.0,38.5,0.0,0.0,17.2,0.0,0.0,0.0,1.1,1.1,0.1,-1.1,-1.1,8.0,2.0,25.0,0.0,3.7,-2.3,0.0,0.0,0.0,0.0,0.0,0.0,,39.0,5.0,0.0,23.9,7.0,0.0,8.6,12.0,1.0,8.3,0.0,5.3,277.0,360.0,76.9,4760.0,2211.0,132.0,154.0,85.7,116.0,142.0,81.7,24.0,43.0,55.8,0.0,1.2,1.0,10.0,18.0,3.0,1.0,25.0,360.0,319.0,41.0,11.0,0.0,1.0,12.0,13.0,3.0,3.0,0.0,0.0,277.0,0.0,10.0,17.0,7.0,2.0,2.0,3.0,1.0,2.0,0.0,0.0,0.0,0.0,0.0,0.0,0.0,24.0,12.0,11.0,8.0,5.0,12.0,35.0,34.3,23.0,10.0,4.0,6.0,10.0,34.0,15.0,1.0,35.0,480.0,69.0,224.0,163.0,104.0,19.0,480.0,17.0,7.0,41.2,10.0,58.8,253.0,1371.0,767.0,13.0,13.0,4.0,15.0,17.0,274.0,24.0,2.0,0.0,0.0,10.0,6.0,0.0,12.0,10.0,12.0,0.0,0.0,0.0,47.0,5.0,10.0,33.3
2024-01-17,21:00,D1 Fém,Matchweek 4,Wed,Home,W,4.0,0.0,Paris S-G,Stade de Reims,4.8,0.1,74.0,328.0,Grace Geyoro,4-1-4-1,Victoria Beyer,25.0,11.0,44.0,0.16,0.36,12.7,0.0,0.0,0.0,4.8,4.8,0.2,-0.8,-0.8,0.0,0.0,,1.0,0.0,0.0,0.0,0.0,0.0,0.0,0.0,0.0,,10.0,1.0,0.0,15.1,5.0,0.0,18.0,0.0,0.0,,0.0,,728.0,821.0,88.7,12376.0,3723.0,350.0,378.0,92.6,328.0,355.0,92.4,48.0,70.0,68.6,3.0,3.3,3.4,19.0,69.0,20.0,5.0,81.0,821.0,779.0,42.0,5.0,1.0,1.0,27.0,22.0,9.0,0.0,0.0,7.0,728.0,0.0,8.0,47.0,38.0,3.0,2.0,4.0,0.0,0.0,7.0,5.0,1.0,0.0,1.0,0.0,0.0,22.0,16.0,2.0,15.0,5.0,10.0,14.0,71.4,4.0,9.0,0.0,9.0,4.0,26.0,2.0,0.0,74.0,907.0,21.0,110.0,486.0,314.0,48.0,907.0,11.0,9.0,81.8,2.0,18.2,528.0,2964.0,1469.0,28.0,20.0,6.0,18.0,19.0,721.0,80.0,1.0,0.0,0.0,3.0,5.0,0.0,27.0,4.0,16.0,0.0,0.0,0.0,68.0,2.0,2.0,50.0,3.0,0.0,0.0,0.0,,31.5,0.0,0.0,0.0,0.1,0.1,0.04,-0.1,-0.1,11.0,7.0,63.6,0.0,4.5,0.5,0.0,0.0,0.0,0.0,0.0,2.0,0.0,15.0,7.0,13.3,20.7,19.0,0.0,13.8,20.0,0.0,0.0,1.0,55.0,185.0,255.0,72.5,3215.0,1244.0,76.0,97.0,78.4,95.0,113.0,84.1,12.0,34.0,35.3,0.0,0.0,0.0,1.0,7.0,1.0,0.0,10.0,255.0,223.0,32.0,3.0,0.0,0.0,1.0,5.0,0.0,0.0,0.0,0.0,185.0,0.0,8.0,2.0,2.0,0.0,0.0,0.0,0.0,0.0,0.0,0.0,0.0,0.0,0.0,0.0,0.0,19.0,13.0,12.0,7.0,0.0,2.0,11.0,18.2,9.0,11.0,6.0,5.0,10.0,29.0,30.0,1.0,26.0,360.0,101.0,239.0,102.0,23.0,4.0,360.0,11.0,4.0,36.4,7.0,63.6,180.0,1278.0,612.0,5.0,5.0,2.0,22.0,12.0,187.0,11.0,1.0,0.0,0.0,5.0,3.0,0.0,1.0,10.0,13.0,0.0,0.0,0.0,38.0,2.0,2.0,50.0
2024-01-20,16:00,D1 Fém,Matchweek 13,Sat,Home,W,8.0,1.0,Paris S-G,Bordeaux,7.0,0.9,69.0,516.0,Grace Geyoro,4-3-3,Romy Fournier,32.0,20.0,62.5,0.22,0.35,13.7,0.0,1.0,1.0,7.0,6.2,0.2,1.0,0.8,1.0,0.0,0.0,0.0,0.4,-0.6,0.0,0.0,0.0,0.0,0.0,0.0,,18.0,2.0,0.0,19.3,5.0,0.0,22.6,5.0,1.0,20.0,0.0,10.7,679.0,784.0,86.6,12195.0,4411.0,275.0,300.0,91.7,353.0,390.0,90.5,48.0,72.0,66.7,4.0,4.2,3.5,22.0,67.0,23.0,6.0,76.0,784.0,740.0,39.0,5.0,8.0,1.0,23.0,20.0,7.0,2.0,2.0,0.0,679.0,5.0,10.0,55.0,42.0,3.0,3.0,5.0,1.0,1.0,13.0,9.0,0.0,1.0,2.0,1.0,0.0,11.0,7.0,3.0,5.0,3.0,4.0,10.0,40.0,6.0,7.0,0.0,7.0,10.0,21.0,5.0,0.0,69.0,870.0,36.0,195.0,415.0,268.0,50.0,869.0,21.0,11.0,52.4,10.0,47.6,476.0,3089.0,1467.0,18.0,20.0,7.0,10.0,6.0,672.0,75.0,0.0,0.0,0.0,8.0,5.0,5.0,23.0,10.0,7.0,1.0,0.0,0.0,74.0,9.0,2.0,81.8,4.0,1.0,25.0,0.25,1.0,17.0,1.0,0.0,0.0,0.9,0.9,0.23,0.1,0.1,21.0,13.0,66.7,0.0,9.3,1.3,1.0,1.0,0.0,0.0,2.0,6.0,33.3,34.0,9.0,17.6,28.4,7.0,0.0,23.1,16.0,0.0,0.0,0.0,8.0,265.0,351.0,75.5,5046.0,2436.0,109.0,124.0,87.9,114.0,147.0,77.6,38.0,66.0,57.6,1.0,0.8,0.9,3.0,19.0,2.0,0.0,12.0,351.0,314.0,37.0,12.0,1.0,0.0,8.0,9.0,0.0,0.0,0.0,0.0,265.0,0.0,6.0,8.0,7.0,0.0,0.0,0.0,1.0,0.0,2.0,2.0,0.0,0.0,0.0,0.0,0.0,16.0,10.0,11.0,5.0,0.0,10.0,21.0,47.6,11.0,15.0,6.0,9.0,13.0,29.0,39.0,1.0,31.0,485.0,104.0,302.0,131.0,59.0,7.0,485.0,10.0,6.0,60.0,4.0,40.0,218.0,1256.0,619.0,10.0,7.0,2.0,24.0,7.0,260.0,11.0,0.0,0.0,0.0,6.0,8.0,0.0,8.0,13.0,10.0,0.0,1.0,0.0,56.0,2.0,9.0,18.2
2024-01-24,21:00,Champions Lg,Group stage,Wed,Home,W,3.0,1.0,Paris S-G,nl Ajax,1.9,0.5,46.0,6888.0,Grace Geyoro,3-5-2,Rebecca Welch,11.0,5.0,45.5,0.27,0.6,14.7,0.0,0.0,0.0,1.9,1.9,0.17,1.1,1.1,2.0,1.0,50.0,0.0,0.6,-0.4,0.0,0.0,0.0,0.0,11.0,17.0,64.7,30.0,1.0,20.0,26.2,13.0,84.6,42.7,13.0,1.0,7.7,1.0,9.7,302.0,394.0,76.6,5548.0,2398.0,122.0,140.0,87.1,146.0,176.0,83.0,29.0,58.0,50.0,2.0,1.2,0.8,8.0,24.0,5.0,0.0,28.0,394.0,343.0,50.0,13.0,2.0,0.0,12.0,19.0,3.0,0.0,0.0,2.0,302.0,1.0,6.0,18.0,12.0,2.0,2.0,0.0,1.0,1.0,6.0,4.0,0.0,1.0,0.0,0.0,1.0,25.0,15.0,8.0,15.0,2.0,8.0,13.0,61.5,5.0,11.0,3.0,8.0,10.0,35.0,22.0,1.0,46.0,503.0,79.0,202.0,220.0,90.0,24.0,503.0,20.0,11.0,55.0,8.0,40.0,219.0,1563.0,768.0,17.0,6.0,9.0,15.0,21.0,296.0,28.0,2.0,0.0,0.0,8.0,11.0,1.0,12.0,10.0,15.0,0.0,0.0,0.0,54.0,12.0,8.0,60.0,12.0,2.0,16.7,0.08,0.5,22.1,1.0,0.0,0.0,0.5,0.5,0.05,0.5,0.5,5.0,2.0,40.0,0.0,2.8,-0.2,0.0,0.0,0.0,0.0,0.0,1.0,0.0,31.0,8.0,3.2,22.9,8.0,0.0,20.1,8.0,2.0,25.0,2.0,12.4,362.0,455.0,79.6,6918.0,2892.0,133.0,150.0,88.7,181.0,210.0,86.2,44.0,77.0,57.1,0.0,0.4,0.5,8.0,26.0,6.0,2.0,37.0,455.0,405.0,49.0,7.0,0.0,2.0,15.0,23.0,7.0,3.0,0.0,0.0,362.0,1.0,8.0,22.0,14.0,3.0,2.0,0.0,1.0,2.0,1.0,0.0,0.0,0.0,0.0,0.0,1.0,29.0,20.0,16.0,13.0,0.0,8.0,19.0,42.1,11.0,6.0,0.0,6.0,13.0,42.0,13.0,0.0,54.0,570.0,54.0,184.0,282.0,110.0,19.0,570.0,14.0,5.0,35.7,8.0,57.1,259.0,1311.0,707.0,12.0,9.0,3.0,23.0,16.0,356.0,35.0,3.0,0.0,0.0,11.0,6.0,1.0,15.0,13.0,20.0,0.0,0.0,0.0,49.0,8.0,12.0,40.0
2024-01-30,21:00,Champions Lg,Group stage,Tue,Away,D,2.0,2.0,Paris S-G,de Bayern Munich,1.3,1.1,53.0,4000.0,Grace Geyoro,3-5-2,Ewa Augustyn,12.0,4.0,33.3,0.08,0.25,15.3,0.0,0.0,0.0,1.3,1.3,0.11,-0.3,-0.3,5.0,3.0,60.0,0.0,1.0,-1.0,0.0,0.0,0.0,0.0,2.0,10.0,20.0,18.0,4.0,38.9,37.5,11.0,45.5,37.3,20.0,0.0,0.0,0.0,12.2,369.0,470.0,78.5,6354.0,2485.0,179.0,201.0,89.1,143.0,160.0,89.4,37.0,78.0,47.4,0.0,0.9,0.9,10.0,30.0,7.0,1.0,35.0,470.0,410.0,58.0,10.0,0.0,4.0,14.0,29.0,5.0,2.0,3.0,0.0,369.0,2.0,14.0,22.0,14.0,2.0,4.0,1.0,1.0,0.0,0.0,0.0,0.0,0.0,0.0,0.0,0.0,13.0,10.0,10.0,3.0,0.0,3.0,7.0,42.9,4.0,13.0,6.0,7.0,10.0,23.0,30.0,0.0,53.0,593.0,72.0,206.0,258.0,135.0,22.0,593.0,11.0,8.0,72.7,3.0,27.3,335.0,1604.0,809.0,18.0,11.0,6.0,34.0,11.0,363.0,35.0,0.0,0.0,0.0,2.0,8.0,2.0,14.0,10.0,10.0,0.0,0.0,0.0,49.0,11.0,12.0,47.8,16.0,5.0,31.3,0.13,0.4,14.9,0.0,0.0,0.0,1.1,1.1,0.07,0.9,0.9,4.0,3.0,50.0,0.0,1.5,0.5,0.0,0.0,0.0,0.0,5.0,16.0,31.3,38.0,1.0,34.2,29.3,6.0,50.0,39.2,10.0,0.0,0.0,2.0,15.5,313.0,417.0,75.1,5524.0,2414.0,149.0,175.0,85.1,123.0,148.0,83.1,34.0,71.0,47.9,2.0,1.0,0.8,14.0,23.0,7.0,1.0,35.0,417.0,373.0,43.0,4.0,0.0,0.0,26.0,20.0,9.0,8.0,0.0,1.0,313.0,1.0,9.0,26.0,13.0,6.0,2.0,4.0,1.0,0.0,3.0,1.0,0.0,1.0,1.0,0.0,0.0,14.0,10.0,5.0,5.0,4.0,3.0,11.0,27.3,8.0,19.0,4.0,15.0,8.0,22.0,24.0,1.0,47.0,539.0,69.0,166.0,208.0,173.0,28.0,539.0,7.0,4.0,57.1,3.0,42.9,288.0,1884.0,945.0,14.0,15.0,6.0,21.0,10.0,311.0,35.0,3.0,0.0,0.0,9.0,2.0,1.0,26.0,8.0,10.0,0.0,0.0,1.0,54.0,12.0,11.0,52.2
2024-02-02,21:00,D1 Fém,Matchweek 14,Fri,Away,D,1.0,1.0,Paris S-G,Fleury,2.6,0.4,67.0,3218.0,Grace Geyoro,4-5-1,Victoria Beyer,24.0,12.0,50.0,0.04,0.08,14.0,0.0,0.0,0.0,2.6,2.6,0.12,-1.6,-1.6,3.0,2.0,66.7,0.0,0.6,-0.4,0.0,0.0,0.0,0.0,0.0,1.0,0.0,28.0,4.0,3.6,21.5,2.0,0.0,15.0,4.0,0.0,0.0,1.0,12.0,506.0,608.0,83.2,9029.0,3359.0,216.0,241.0,89.6,239.0,268.0,89.2,47.0,70.0,67.1,1.0,1.8,2.7,18.0,69.0,13.0,4.0,69.0,608.0,565.0,42.0,9.0,1.0,0.0,29.0,24.0,5.0,0.0,4.0,1.0,506.0,1.0,15.0,41.0,23.0,7.0,4.0,3.0,3.0,1.0,2.0,1.0,0.0,1.0,0.0,0.0,0.0,21.0,10.0,5.0,10.0,6.0,11.0,18.0,61.1,7.0,8.0,2.0,6.0,9.0,30.0,6.0,0.0,67.0,725.0,34.0,145.0,321.0,267.0,41.0,725.0,28.0,15.0,53.6,13.0,46.4,517.0,2654.0,1414.0,28.0,25.0,4.0,22.0,7.0,503.0,68.0,1.0,0.0,0.0,12.0,9.0,1.0,29.0,9.0,10.0,0.0,0.0,0.0,63.0,11.0,11.0,50.0,6.0,3.0,50.0,0.17,0.33,16.4,0.0,0.0,0.0,0.4,0.4,0.06,0.6,0.6,12.0,11.0,91.7,0.0,2.0,1.0,0.0,0.0,0.0,0.0,1.0,5.0,20.0,24.0,8.0,12.5,25.0,12.0,16.7,30.2,21.0,3.0,14.3,0.0,6.7,209.0,300.0,69.7,3284.0,1630.0,117.0,135.0,86.7,65.0,91.0,71.4,19.0,50.0,38.0,1.0,0.3,0.4,5.0,4.0,4.0,1.0,13.0,300.0,248.0,52.0,13.0,0.0,1.0,5.0,24.0,1.0,1.0,0.0,0.0,209.0,0.0,4.0,10.0,8.0,1.0,1.0,0.0,0.0,0.0,2.0,2.0,0.0,0.0,0.0,0.0,0.0,20.0,8.0,13.0,4.0,3.0,13.0,28.0,46.4,15.0,15.0,4.0,11.0,14.0,34.0,33.0,1.0,33.0,460.0,100.0,243.0,173.0,54.0,9.0,460.0,18.0,7.0,38.9,11.0,61.1,194.0,1010.0,502.0,6.0,7.0,3.0,26.0,10.0,204.0,12.0,3.0,0.0,0.0,10.0,11.0,0.0,5.0,14.0,8.0,0.0,0.0,0.0,47.0,11.0,11.0,50.0
2024-02-11,21:00,D1 Fém,Matchweek 15,Sun,Away,D,1.0,1.0,Paris S-G,Lyon,0.8,1.2,55.0,21764.0,Grace Geyoro,3-4-1-2,Clémence Goncalves,4.0,2.0,50.0,0.25,0.5,19.9,0.0,0.0,0.0,0.8,0.8,0.2,0.2,0.2,6.0,6.0,83.3,0.0,0.7,0.7,0.0,0.0,0.0,0.0,4.0,17.0,23.5,26.0,1.0,57.7,39.8,4.0,100.0,46.5,18.0,2.0,11.1,2.0,10.2,385.0,496.0,77.6,6699.0,2368.0,165.0,185.0,89.2,175.0,203.0,86.2,32.0,80.0,40.0,1.0,0.8,0.4,3.0,21.0,2.0,0.0,33.0,496.0,451.0,44.0,15.0,1.0,3.0,8.0,23.0,0.0,0.0,0.0,0.0,385.0,1.0,12.0,6.0,5.0,0.0,0.0,0.0,0.0,1.0,1.0,1.0,0.0,0.0,0.0,0.0,0.0,29.0,20.0,18.0,8.0,3.0,10.0,21.0,47.6,11.0,15.0,4.0,11.0,14.0,43.0,21.0,0.0,55.0,623.0,67.0,225.0,334.0,72.0,7.0,623.0,19.0,6.0,31.6,12.0,63.2,437.0,2610.0,1059.0,12.0,16.0,3.0,22.0,16.0,383.0,33.0,3.0,0.0,0.0,13.0,15.0,1.0,8.0,14.0,20.0,0.0,0.0,1.0,64.0,10.0,18.0,35.7,12.0,6.0,50.0,0.0,0.0,14.6,0.0,0.0,0.0,1.2,1.2,0.1,-1.2,-1.2,2.0,1.0,50.0,0.0,1.0,0.0,0.0,0.0,0.0,0.0,2.0,6.0,33.3,14.0,3.0,28.6,28.2,3.0,66.7,34.0,5.0,0.0,0.0,3.0,23.0,302.0,413.0,73.1,5577.0,2553.0,121.0,154.0,78.6,141.0,179.0,78.8,35.0,65.0,53.8,0.0,1.2,1.6,11.0,34.0,9.0,2.0,57.0,413.0,365.0,48.0,14.0,0.0,1.0,24.0,24.0,5.0,4.0,1.0,0.0,302.0,0.0,12.0,22.0,11.0,6.0,2.0,1.0,2.0,0.0,0.0,0.0,0.0,0.0,0.0,0.0,0.0,28.0,19.0,10.0,13.0,5.0,12.0,18.0,66.7,6.0,14.0,1.0,13.0,9.0,37.0,11.0,0.0,45.0,535.0,23.0,112.0,253.0,178.0,28.0,535.0,22.0,11.0,50.0,10.0,45.5,338.0,2279.0,842.0,7.0,21.0,3.0,26.0,19.0,301.0,56.0,2.0,0.0,0.0,16.0,13.0,0.0,24.0,9.0,19.0,0.0,0.0,0.0,61.0,18.0,10.0,64.3
2024-02-17,14:30,D1 Fém,Matchweek 6,Sat,Home,W,5.0,0.0,Paris S-G,Guingamp,3.0,0.2,72.0,712.0,Grace Geyoro,3-5-2,Aurélie Efe,23.0,9.0,39.1,0.17,0.44,15.4,0.0,0.0,0.0,3.0,3.0,0.13,1.0,1.0,1.0,1.0,100.0,1.0,0.1,0.1,0.0,0.0,0.0,0.0,3.0,5.0,60.0,25.0,4.0,20.0,26.8,4.0,0.0,18.0,10.0,2.0,20.0,1.0,13.0,552.0,636.0,86.8,10036.0,3459.0,235.0,252.0,93.3,265.0,298.0,88.9,49.0,71.0,69.0,4.0,2.3,1.4,16.0,49.0,16.0,5.0,58.0,636.0,588.0,45.0,7.0,2.0,2.0,28.0,27.0,6.0,0.0,5.0,0.0,552.0,3.0,8.0,41.0,31.0,3.0,4.0,3.0,0.0,0.0,8.0,7.0,1.0,0.0,0.0,0.0,0.0,12.0,10.0,2.0,7.0,3.0,3.0,3.0,100.0,0.0,7.0,2.0,5.0,10.0,22.0,6.0,0.0,72.0,726.0,43.0,199.0,325.0,210.0,40.0,726.0,23.0,13.0,56.5,10.0,43.5,523.0,2835.0,1427.0,29.0,17.0,8.0,20.0,5.0,546.0,55.0,1.0,0.0,0.0,10.0,7.0,3.0,28.0,10.0,10.0,0.0,0.0,0.0,56.0,9.0,7.0,56.3,3.0,1.0,33.3,0.0,0.0,11.4,0.0,0.0,0.0,0.2,0.2,0.05,-0.2,-0.2,9.0,5.0,44.4,0.0,2.1,-1.9,0.0,0.0,0.0,0.0,6.0,24.0,25.0,28.0,3.0,53.6,42.4,11.0,81.8,41.7,21.0,0.0,0.0,0.0,6.0,162.0,250.0,64.8,3331.0,1554.0,56.0,75.0,74.7,74.0,94.0,78.7,30.0,76.0,39.5,0.0,0.2,0.2,3.0,10.0,2.0,1.0,11.0,250.0,204.0,46.0,13.0,0.0,1.0,10.0,17.0,2.0,0.0,2.0,0.0,162.0,0.0,4.0,5.0,1.0,2.0,0.0,1.0,1.0,0.0,0.0,0.0,0.0,0.0,0.0,0.0,0.0,15.0,11.0,6.0,7.0,2.0,10.0,23.0,43.5,13.0,11.0,5.0,6.0,6.0,21.0,26.0,0.0,28.0,342.0,79.0,167.0,111.0,65.0,7.0,342.0,3.0,0.0,0.0,3.0,100.0,124.0,764.0,273.0,2.0,4.0,1.0,18.0,9.0,156.0,11.0,0.0,0.0,0.0,7.0,10.0,0.0,10.0,6.0,11.0,0.0,0.0,1.0,46.0,7.0,7.0,50.0
2024-03-02,14:30,D1 Fém,Matchweek 16,Sat,Home,W,4.0,0.0,Paris S-G,Le Havre,2.3,0.1,70.0,556.0,Grace Geyoro,3-4-3,Charlène Laur,21.0,11.0,52.4,0.19,0.36,16.7,0.0,0.0,0.0,2.3,2.3,0.11,1.7,1.7,2.0,2.0,100.0,1.0,0.2,0.2,0.0,0.0,0.0,0.0,0.0,0.0,,21.0,4.0,0.0,20.8,4.0,0.0,15.3,3.0,0.0,0.0,0.0,17.0,589.0,671.0,87.8,10471.0,3187.0,225.0,249.0,90.4,312.0,330.0,94.5,45.0,65.0,69.2,4.0,1.9,1.7,19.0,57.0,13.0,5.0,56.0,671.0,629.0,41.0,11.0,0.0,1.0,20.0,20.0,5.0,1.0,1.0,0.0,589.0,1.0,9.0,38.0,31.0,2.0,3.0,1.0,1.0,0.0,5.0,4.0,1.0,0.0,0.0,0.0,0.0,12.0,7.0,3.0,7.0,2.0,3.0,6.0,50.0,3.0,6.0,0.0,6.0,13.0,25.0,9.0,0.0,70.0,772.0,43.0,217.0,341.0,220.0,34.0,772.0,28.0,16.0,57.1,12.0,42.9,541.0,2234.0,1163.0,17.0,9.0,10.0,18.0,11.0,586.0,56.0,3.0,0.0,0.0,10.0,8.0,1.0,20.0,13.0,7.0,0.0,0.0,0.0,63.0,10.0,4.0,71.4,4.0,2.0,50.0,0.0,0.0,33.1,1.0,0.0,0.0,0.1,0.1,0.02,-0.1,-0.1,11.0,7.0,63.6,0.0,2.8,-1.2,0.0,0.0,0.0,0.0,1.0,14.0,7.1,13.0,3.0,46.2,43.0,10.0,80.0,45.9,16.0,1.0,6.3,0.0,10.5,189.0,288.0,65.6,3180.0,1426.0,88.0,112.0,78.6,81.0,118.0,68.6,17.0,45.0,37.8,0.0,0.0,0.3,2.0,16.0,3.0,0.0,18.0,288.0,241.0,47.0,10.0,1.0,1.0,6.0,20.0,3.0,0.0,3.0,0.0,189.0,0.0,6.0,6.0,4.0,0.0,0.0,0.0,1.0,1.0,0.0,0.0,0.0,0.0,0.0,0.0,0.0,23.0,17.0,14.0,9.0,0.0,12.0,28.0,42.9,16.0,10.0,3.0,7.0,11.0,34.0,17.0,0.0,30.0,372.0,62.0,183.0,133.0,64.0,7.0,372.0,6.0,3.0,50.0,3.0,50.0,135.0,794.0,389.0,7.0,5.0,2.0,8.0,9.0,189.0,18.0,0.0,0.0,0.0,9.0,9.0,0.0,6.0,11.0,17.0,0.0,0.0,0.0,50.0,4.0,10.0,28.6
2024-03-16,14:30,D1 Fém,Matchweek 17,Sat,Home,,,,Paris S-G,Saint-Étienne,,,,,,,,,,,,,,,,,,,,,,,,,,,,,,,,,,,,,,,,,,,,,,,,,,,,,,,,,,,,,,,,,,,,,,,,,,,,,,,,,,,,,,,,,,,,,,,,,,,,,,,,,,,,,,,,,,,,,,,,,,,,,,,,,,,,,,,,,,,,,,,,,,,,,,,,,,,,,,,,,,,,,,,,,,,,,,,,,,,,,,,,,,,,,,,,,,,,,,,,,,,,,,,,,,,,,,,,,,,,,,,,,,,,,,,,,,,,,,,,,,,,,,,,,,,,,,,,,,,,,,,,,,,,,,,,,,,,,,,,,,,,,,,,,,,,,,,,,
2024-03-20,18:45,Champions Lg,Quarter-finals,Wed,Away,,,,Paris S-G,se Göteborg,,,,,,,,,,,,,,,,,,,,,,,,,,,,,,,,,,,,,,,,,,,,,,,,,,,,,,,,,,,,,,,,,,,,,,,,,,,,,,,,,,,,,,,,,,,,,,,,,,,,,,,,,,,,,,,,,,,,,,,,,,,,,,,,,,,,,,,,,,,,,,,,,,,,,,,,,,,,,,,,,,,,,,,,,,,,,,,,,,,,,,,,,,,,,,,,,,,,,,,,,,,,,,,,,,,,,,,,,,,,,,,,,,,,,,,,,,,,,,,,,,,,,,,,,,,,,,,,,,,,,,,,,,,,,,,,,,,,,,,,,,,,,,,,,,,,,,,,,
2024-03-24,21:00,D1 Fém,Matchweek 18,Sun,Away,,,,Paris S-G,Montpellier,,,,,,,,,,,,,,,,,,,,,,,,,,,,,,,,,,,,,,,,,,,,,,,,,,,,,,,,,,,,,,,,,,,,,,,,,,,,,,,,,,,,,,,,,,,,,,,,,,,,,,,,,,,,,,,,,,,,,,,,,,,,,,,,,,,,,,,,,,,,,,,,,,,,,,,,,,,,,,,,,,,,,,,,,,,,,,,,,,,,,,,,,,,,,,,,,,,,,,,,,,,,,,,,,,,,,,,,,,,,,,,,,,,,,,,,,,,,,,,,,,,,,,,,,,,,,,,,,,,,,,,,,,,,,,,,,,,,,,,,,,,,,,,,,,,,,,,,,
2024-03-28,21:00,Champions Lg,Quarter-finals,Thu,Home,,,,Paris S-G,se Göteborg,,,,,,,,,,,,,,,,,,,,,,,,,,,,,,,,,,,,,,,,,,,,,,,,,,,,,,,,,,,,,,,,,,,,,,,,,,,,,,,,,,,,,,,,,,,,,,,,,,,,,,,,,,,,,,,,,,,,,,,,,,,,,,,,,,,,,,,,,,,,,,,,,,,,,,,,,,,,,,,,,,,,,,,,,,,,,,,,,,,,,,,,,,,,,,,,,,,,,,,,,,,,,,,,,,,,,,,,,,,,,,,,,,,,,,,,,,,,,,,,,,,,,,,,,,,,,,,,,,,,,,,,,,,,,,,,,,,,,,,,,,,,,,,,,,,,,,,,,
2024-03-31,14:30,D1 Fém,Matchweek 19,Sun,Home,,,,Paris S-G,Dijon,,,,,,,,,,,,,,,,,,,,,,,,,,,,,,,,,,,,,,,,,,,,,,,,,,,,,,,,,,,,,,,,,,,,,,,,,,,,,,,,,,,,,,,,,,,,,,,,,,,,,,,,,,,,,,,,,,,,,,,,,,,,,,,,,,,,,,,,,,,,,,,,,,,,,,,,,,,,,,,,,,,,,,,,,,,,,,,,,,,,,,,,,,,,,,,,,,,,,,,,,,,,,,,,,,,,,,,,,,,,,,,,,,,,,,,,,,,,,,,,,,,,,,,,,,,,,,,,,,,,,,,,,,,,,,,,,,,,,,,,,,,,,,,,,,,,,,,,,
2024-04-13,15:00,D1 Fém,Matchweek 20,Sat,Away,,,,Paris S-G,Guingamp,,,,,,,,,,,,,,,,,,,,,,,,,,,,,,,,,,,,,,,,,,,,,,,,,,,,,,,,,,,,,,,,,,,,,,,,,,,,,,,,,,,,,,,,,,,,,,,,,,,,,,,,,,,,,,,,,,,,,,,,,,,,,,,,,,,,,,,,,,,,,,,,,,,,,,,,,,,,,,,,,,,,,,,,,,,,,,,,,,,,,,,,,,,,,,,,,,,,,,,,,,,,,,,,,,,,,,,,,,,,,,,,,,,,,,,,,,,,,,,,,,,,,,,,,,,,,,,,,,,,,,,,,,,,,,,,,,,,,,,,,,,,,,,,,,,,,,,,,
2024-04-24,14:30,D1 Fém,Matchweek 21,Wed,Home,,,,Paris S-G,Paris FC,,,,,,,,,,,,,,,,,,,,,,,,,,,,,,,,,,,,,,,,,,,,,,,,,,,,,,,,,,,,,,,,,,,,,,,,,,,,,,,,,,,,,,,,,,,,,,,,,,,,,,,,,,,,,,,,,,,,,,,,,,,,,,,,,,,,,,,,,,,,,,,,,,,,,,,,,,,,,,,,,,,,,,,,,,,,,,,,,,,,,,,,,,,,,,,,,,,,,,,,,,,,,,,,,,,,,,,,,,,,,,,,,,,,,,,,,,,,,,,,,,,,,,,,,,,,,,,,,,,,,,,,,,,,,,,,,,,,,,,,,,,,,,,,,,,,,,,,,
2024-05-08,14:30,D1 Fém,Matchweek 22,Wed,Away,,,,Paris S-G,Stade de Reims,,,,,,,,,,,,,,,,,,,,,,,,,,,,,,,,,,,,,,,,,,,,,,,,,,,,,,,,,,,,,,,,,,,,,,,,,,,,,,,,,,,,,,,,,,,,,,,,,,,,,,,,,,,,,,,,,,,,,,,,,,,,,,,,,,,,,,,,,,,,,,,,,,,,,,,,,,,,,,,,,,,,,,,,,,,,,,,,,,,,,,,,,,,,,,,,,,,,,,,,,,,,,,,,,,,,,,,,,,,,,,,,,,,,,,,,,,,,,,,,,,,,,,,,,,,,,,,,,,,,,,,,,,,,,,,,,,,,,,,,,,,,,,,,,,,,,,,,,
2023-09-06,21:00,Champions Lg,First qualifying round — Semi-finals,Wed,Neutral,W,4,0,Paris FC,ua ZHFK Kryvbas Kryvyi Rih,,,,255.0,Gaëtane Thiney,4-3-3,Merima Čelik,,,,,,,,0.0,0.0,,,,,,,,,1.0,,,0.0,0.0,0.0,0.0,,,,,,,,,,,,,,,,,,,,,,,,,,,,,,3.0,,,,,,,,,,,,,,,,,,,,,,,,,,,,,,,,,,,,,,,,,,,,,,,,,,0.0,,,,,,,,,,,,,,,,,,,,,,,,,,0.0,0.0,0.0,,,,,,,,,0.0,,,,,,,,,,,,0.0,0.0,,,,,,,,,0.0,,,0.0,0.0,0.0,0.0,,,,,,,,,,,,,,,,,,,,,,,,,,,,,,0.0,,,,,,,,,,,,,,,,,,,,,,,,,,,,,,,,,,,,,,,,,,,,,,,,,,0.0,,,,,,,,,,,,,,,,,,,,,,,,,,2.0,0.0,0.0,,,,,,,,,0.0,,,,
2023-09-09,15:00,Champions Lg,First qualifying round — Final,Sat,Neutral,D,3 (4),3 (2),Paris FC,eng Arsenal,,,,1411.0,Gaëtane Thiney,4-3-3,Kristina Georgieva,,,,,,,,0.0,0.0,,,,,,,,,0.0,,,0.0,0.0,0.0,0.0,,,,,,,,,,,,,,,,,,,,,,,,,,,,,,1.0,,,,,,,,,,,,,,,,,,,,,,,,,,,,,,,,,,,,,,,,,,,,,,,,,,0.0,,,,,,,,,,,,,,,,,,,,,,,,,,4.0,0.0,0.0,,,,,,,,,0.0,,,,,,,,,,,,0.0,0.0,,,,,,,,,0.0,,,0.0,0.0,0.0,0.0,,,,,,,,,,,,,,,,,,,,,,,,,,,,,,1.0,,,,,,,,,,,,,,,,,,,,,,,,,,,,,,,,,,,,,,,,,,,,,,,,,,0.0,,,,,,,,,,,,,,,,,,,,,,,,,,3.0,0.0,0.0,,,,,,,,,0.0,,,,
2023-09-16,15:00,D1 Fém,Matchweek 1,Sat,Away,W,4,0,Paris FC,Lille,3.3,0.3,59.0,371.0,Gaëtane Thiney,4-2-3-1,Elisa Daupeux,27.0,14.0,51.9,0.15,0.29,16.5,0.0,0.0,0.0,3.3,3.3,0.12,0.7,0.7,1.0,1.0,100.0,1.0,0.2,0.2,0.0,0.0,0.0,0.0,0.0,1.0,0.0,28.0,5.0,0.0,19.5,4.0,25.0,29.0,6.0,0.0,0.0,0.0,10.5,493.0,607.0,81.2,9659.0,3275.0,174.0,198.0,87.9,252.0,287.0,87.8,64.0,101.0,63.4,3.0,2.3,2.0,18.0,39.0,12.0,4.0,47.0,607.0,559.0,44.0,8.0,0.0,1.0,17.0,25.0,6.0,2.0,4.0,0.0,493.0,4.0,8.0,40.0,28.0,3.0,2.0,3.0,0.0,4.0,7.0,6.0,0.0,1.0,0.0,0.0,0.0,17.0,12.0,3.0,11.0,3.0,9.0,14.0,64.3,5.0,4.0,1.0,3.0,23.0,40.0,5.0,0.0,59.0,699.0,39.0,230.0,317.0,154.0,37.0,699.0,12.0,5.0,41.7,7.0,58.3,421.0,1785.0,991.0,14.0,7.0,10.0,10.0,5.0,490.0,47.0,1.0,0.0,0.0,13.0,6.0,4.0,17.0,23.0,12.0,0.0,0.0,0.0,78.0,7.0,5.0,58.3,6.0,1.0,16.7,0.0,0.0,24.4,1.0,0.0,0.0,0.3,0.3,0.05,-0.3,-0.3,14.0,10.0,71.4,0.0,3.2,-0.8,0.0,0.0,0.0,0.0,3.0,10.0,30.0,61.0,15.0,9.8,23.9,9.0,44.4,31.7,16.0,2.0,12.5,0.0,9.9,306.0,426.0,71.8,5763.0,2419.0,102.0,132.0,77.3,169.0,214.0,79.0,31.0,67.0,46.3,0.0,0.1,0.1,3.0,14.0,1.0,1.0,19.0,426.0,375.0,50.0,16.0,0.0,4.0,6.0,20.0,0.0,0.0,0.0,0.0,306.0,1.0,3.0,8.0,6.0,0.0,0.0,1.0,1.0,0.0,0.0,0.0,0.0,0.0,0.0,0.0,0.0,12.0,8.0,5.0,7.0,0.0,7.0,12.0,58.3,5.0,11.0,3.0,8.0,32.0,44.0,14.0,1.0,41.0,518.0,87.0,280.0,198.0,46.0,4.0,518.0,14.0,5.0,35.7,9.0,64.3,246.0,1315.0,594.0,7.0,3.0,1.0,10.0,8.0,303.0,17.0,1.0,0.0,0.0,7.0,12.0,1.0,6.0,32.0,8.0,0.0,0.0,0.0,54.0,5.0,7.0,41.7
2023-09-29,21:00,D1 Fém,Matchweek 2,Fri,Home,W,3,1,Paris FC,Fleury,2.1,0.4,65.0,479.0,Gaëtane Thiney,4-2-3-1,Audrey Gerbel,19.0,6.0,31.6,0.16,0.5,17.0,1.0,0.0,0.0,2.1,2.1,0.11,0.9,0.9,3.0,2.0,66.7,0.0,0.3,-0.7,0.0,0.0,0.0,0.0,0.0,7.0,0.0,38.0,6.0,15.8,26.7,6.0,16.7,26.2,12.0,1.0,8.3,2.0,13.3,476.0,592.0,80.4,8461.0,3263.0,203.0,229.0,88.6,217.0,240.0,90.4,45.0,87.0,51.7,2.0,1.8,1.2,15.0,53.0,10.0,1.0,52.0,592.0,545.0,47.0,6.0,0.0,3.0,15.0,23.0,10.0,4.0,4.0,0.0,476.0,0.0,16.0,31.0,22.0,4.0,3.0,2.0,0.0,0.0,6.0,3.0,0.0,3.0,0.0,0.0,0.0,16.0,10.0,4.0,10.0,2.0,4.0,12.0,33.3,8.0,7.0,0.0,7.0,13.0,29.0,10.0,0.0,65.0,700.0,53.0,229.0,308.0,168.0,26.0,700.0,14.0,5.0,35.7,9.0,64.3,455.0,2208.0,997.0,16.0,9.0,7.0,17.0,10.0,473.0,52.0,1.0,0.0,0.0,10.0,4.0,0.0,15.0,13.0,10.0,0.0,0.0,0.0,72.0,13.0,10.0,56.5,7.0,3.0,42.9,0.14,0.33,21.1,0.0,0.0,0.0,0.4,0.4,0.06,0.6,0.6,6.0,3.0,50.0,0.0,2.1,-0.9,0.0,0.0,0.0,0.0,4.0,15.0,26.7,26.0,2.0,34.6,31.6,10.0,60.0,45.4,14.0,0.0,0.0,0.0,10.5,213.0,321.0,66.4,3843.0,1715.0,93.0,122.0,76.2,91.0,121.0,75.2,25.0,63.0,39.7,1.0,0.4,0.4,6.0,12.0,2.0,1.0,22.0,321.0,270.0,50.0,10.0,2.0,0.0,14.0,20.0,6.0,3.0,2.0,0.0,213.0,1.0,8.0,11.0,9.0,1.0,1.0,0.0,0.0,0.0,2.0,1.0,1.0,0.0,0.0,0.0,0.0,19.0,14.0,13.0,6.0,0.0,9.0,14.0,64.3,5.0,21.0,5.0,16.0,21.0,40.0,10.0,0.0,35.0,422.0,66.0,176.0,194.0,55.0,8.0,422.0,12.0,8.0,66.7,4.0,33.3,216.0,1034.0,475.0,12.0,9.0,4.0,14.0,12.0,212.0,22.0,1.0,0.0,0.0,6.0,10.0,1.0,14.0,21.0,14.0,0.0,0.0,0.0,74.0,10.0,13.0,43.5
2023-10-06,21:00,D1 Fém,Matchweek 3,Fri,Away,W,4,1,Paris FC,Le Havre,2.7,0.8,48.0,1034.0,Gaëtane Thiney,4-2-3-1,Clémence Goncalves,14.0,7.0,50.0,0.29,0.57,15.7,0.0,0.0,0.0,2.7,2.7,0.19,1.3,1.3,7.0,6.0,85.7,0.0,1.1,0.1,0.0,0.0,0.0,0.0,5.0,6.0,83.3,27.0,5.0,14.8,26.5,8.0,25.0,25.0,13.0,1.0,7.7,3.0,20.2,348.0,443.0,78.6,6514.0,2800.0,144.0,174.0,82.8,164.0,194.0,84.5,39.0,65.0,60.0,4.0,2.6,1.2,12.0,23.0,6.0,1.0,32.0,443.0,392.0,51.0,14.0,2.0,3.0,11.0,23.0,4.0,0.0,3.0,0.0,348.0,0.0,9.0,23.0,21.0,1.0,1.0,0.0,0.0,0.0,7.0,7.0,0.0,0.0,0.0,0.0,0.0,11.0,11.0,6.0,5.0,0.0,3.0,9.0,33.3,6.0,8.0,2.0,6.0,19.0,30.0,11.0,0.0,48.0,545.0,55.0,217.0,240.0,96.0,23.0,545.0,15.0,7.0,46.7,8.0,53.3,320.0,1756.0,807.0,18.0,11.0,11.0,23.0,10.0,343.0,31.0,1.0,0.0,0.0,14.0,12.0,0.0,11.0,19.0,11.0,0.0,0.0,0.0,65.0,2.0,5.0,28.6,10.0,7.0,70.0,0.1,0.14,18.3,0.0,0.0,0.0,0.8,0.8,0.09,0.2,0.2,7.0,3.0,42.9,0.0,3.1,-0.9,0.0,0.0,0.0,0.0,5.0,6.0,83.3,27.0,2.0,7.4,22.4,7.0,57.1,37.9,10.0,0.0,0.0,2.0,28.5,380.0,483.0,78.7,6928.0,2785.0,157.0,188.0,83.5,173.0,207.0,83.6,42.0,65.0,64.6,1.0,0.7,0.7,7.0,27.0,6.0,0.0,38.0,483.0,430.0,53.0,14.0,0.0,3.0,17.0,26.0,1.0,0.0,1.0,0.0,380.0,0.0,6.0,13.0,7.0,2.0,1.0,1.0,2.0,0.0,1.0,1.0,0.0,0.0,0.0,0.0,0.0,18.0,14.0,5.0,11.0,2.0,8.0,15.0,53.3,7.0,10.0,2.0,8.0,7.0,25.0,12.0,0.0,52.0,576.0,45.0,186.0,285.0,114.0,13.0,576.0,9.0,6.0,66.7,3.0,33.3,299.0,1364.0,634.0,7.0,7.0,1.0,30.0,8.0,379.0,38.0,2.0,0.0,0.0,13.0,13.0,0.0,17.0,7.0,14.0,0.0,0.0,0.0,72.0,5.0,2.0,71.4
2023-10-10,19:00,Champions Lg,Second qualifying round,Tue,Home,D,3,3,Paris FC,de Wolfsburg,,,33.0,3257.0,Gaëtane Thiney,4-3-3,Minka Vekkeli,3.0,3.0,100.0,1.0,1.0,,,0.0,0.0,,,,,,3.0,0.0,0.0,0.0,,,0.0,0.0,0.0,0.0,,,,,,,,,,,,,,,,,,,,,,,,,,,,,,3.0,,,,,,,,,,,,,,0.0,,,,,,,,,,,,,,,,,,,,,,,,0.0,,,,,,,,,,,0.0,0.0,,,33.0,,,,,,,,,,,,,,,,,,,,,,,2.0,0.0,0.0,0.0,0.0,0.0,0.0,0.0,0.0,,,0.0,,,,,3.0,3.0,100.0,1.0,1.0,,,0.0,0.0,,,,,,3.0,0.0,0.0,0.0,,,0.0,0.0,0.0,0.0,,,,,,,,,,,,,,,,,,,,,,,,,,,,,,2.0,,,,,,,,,,,,,,0.0,,,,,,,,,,,,,,,,,,,,,,,,0.0,,,,,,,,,,,0.0,0.0,,,67.0,,,,,,,,,,,,,,,,,,,,,,,2.0,0.0,0.0,0.0,0.0,0.0,0.0,0.0,0.0,,,0.0,,,,
2023-10-14,15:00,D1 Fém,Matchweek 4,Sat,Home,W,2,0,Paris FC,Guingamp,2.0,0.1,62.0,652.0,Clara Matéo,4-2-3-1,Émeline Rochebilière,22.0,12.0,54.5,0.05,0.08,21.0,2.0,1.0,1.0,2.0,1.2,0.05,0.0,-0.2,1.0,1.0,100.0,1.0,0.0,0.0,0.0,0.0,0.0,0.0,1.0,4.0,25.0,28.0,4.0,14.3,29.2,0.0,,,4.0,0.0,0.0,0.0,12.0,389.0,503.0,77.3,7621.0,3164.0,126.0,161.0,78.3,206.0,240.0,85.8,48.0,79.0,60.8,0.0,0.8,1.0,14.0,35.0,12.0,4.0,43.0,503.0,444.0,58.0,10.0,1.0,0.0,30.0,40.0,8.0,8.0,0.0,0.0,389.0,1.0,7.0,35.0,27.0,2.0,1.0,1.0,3.0,1.0,4.0,1.0,0.0,0.0,0.0,2.0,1.0,30.0,24.0,9.0,17.0,4.0,11.0,17.0,64.7,6.0,10.0,2.0,8.0,10.0,40.0,3.0,0.0,62.0,606.0,33.0,177.0,269.0,167.0,24.0,605.0,16.0,7.0,43.8,9.0,56.3,312.0,1615.0,752.0,18.0,9.0,4.0,18.0,12.0,381.0,43.0,0.0,0.0,0.0,9.0,11.0,1.0,30.0,10.0,24.0,1.0,0.0,0.0,68.0,15.0,5.0,75.0,3.0,1.0,33.3,0.0,0.0,23.5,0.0,0.0,0.0,0.1,0.1,0.03,-0.1,-0.1,13.0,11.0,92.3,0.0,2.7,0.7,1.0,1.0,0.0,0.0,5.0,11.0,45.5,30.0,11.0,23.3,30.2,15.0,26.7,31.8,27.0,3.0,11.1,1.0,12.6,204.0,305.0,66.9,3701.0,1774.0,81.0,112.0,72.3,87.0,114.0,76.3,24.0,55.0,43.6,0.0,0.0,0.1,1.0,12.0,2.0,1.0,13.0,305.0,246.0,57.0,10.0,0.0,2.0,4.0,29.0,0.0,0.0,0.0,0.0,204.0,2.0,8.0,6.0,3.0,1.0,0.0,0.0,1.0,1.0,0.0,0.0,0.0,0.0,0.0,0.0,0.0,21.0,16.0,10.0,9.0,2.0,9.0,16.0,56.3,7.0,7.0,1.0,6.0,22.0,43.0,16.0,0.0,38.0,432.0,82.0,212.0,171.0,56.0,5.0,432.0,17.0,6.0,35.3,11.0,64.7,173.0,1004.0,373.0,0.0,2.0,1.0,20.0,19.0,203.0,13.0,2.0,0.0,0.0,11.0,9.0,2.0,4.0,22.0,16.0,0.0,1.0,0.0,52.0,5.0,15.0,25.0
2023-10-18,18:45,Champions Lg,Second qualifying round,Wed,Away,W,2,0,Paris FC,de Wolfsburg,,,48.0,3747.0,Gaëtane Thiney,4-3-3,Tess Olofsson,18.0,6.0,33.3,0.11,0.33,,,0.0,1.0,,,,,,4.0,4.0,100.0,1.0,,,1.0,0.0,0.0,1.0,,,,,,,,,,,,,,,,,,,,,,,,,,,,,,1.0,,,,,,,,,,,,,,14.0,,,,,,,,,,,,,,,,,,,,,,,,13.0,,,,,,,,,,,8.0,0.0,,,48.0,,,,,,,,,,,,,,,,,,,,,,,2.0,0.0,0.0,13.0,11.0,4.0,14.0,8.0,13.0,,,0.0,,,,,11.0,4.0,36.4,0.0,0.0,,,0.0,1.0,,,,,,6.0,4.0,66.7,0.0,,,1.0,0.0,0.0,1.0,,,,,,,,,,,,,,,,,,,,,,,,,,,,,,0.0,,,,,,,,,,,,,,11.0,,,,,,,,,,,,,,,,,,,,,,,,11.0,,,,,,,,,,,14.0,0.0,,,52.0,,,,,,,,,,,,,,,,,,,,,,,1.0,0.0,0.0,13.0,12.0,3.0,11.0,14.0,11.0,,,0.0,,,,
2023-10-22,17:30,D1 Fém,Matchweek 5,Sun,Away,W,6,0,Paris FC,Dijon,1.8,0.4,58.0,639.0,Gaëtane Thiney,4-3-3,Aurélie Efe,13.0,9.0,69.2,0.46,0.67,16.0,0.0,0.0,0.0,1.8,1.8,0.14,4.2,4.2,4.0,4.0,100.0,1.0,0.6,0.6,0.0,0.0,0.0,0.0,7.0,9.0,77.8,55.0,11.0,14.5,28.1,4.0,25.0,26.3,9.0,1.0,11.1,0.0,6.5,397.0,524.0,75.8,8156.0,3595.0,110.0,147.0,74.8,227.0,270.0,84.1,58.0,97.0,59.8,5.0,1.5,1.3,9.0,35.0,10.0,3.0,49.0,524.0,479.0,43.0,11.0,1.0,0.0,22.0,20.0,7.0,2.0,4.0,0.0,397.0,2.0,8.0,21.0,18.0,0.0,0.0,2.0,0.0,1.0,11.0,9.0,0.0,0.0,2.0,0.0,0.0,7.0,7.0,3.0,3.0,1.0,3.0,10.0,30.0,7.0,12.0,3.0,9.0,24.0,31.0,14.0,0.0,58.0,634.0,80.0,273.0,206.0,159.0,24.0,634.0,17.0,6.0,35.3,11.0,64.7,272.0,1740.0,793.0,8.0,8.0,5.0,19.0,8.0,389.0,47.0,0.0,0.0,0.0,8.0,9.0,2.0,22.0,24.0,7.0,0.0,0.0,0.0,73.0,8.0,3.0,72.7,10.0,4.0,40.0,0.0,0.0,22.3,0.0,0.0,0.0,0.4,0.4,0.04,-0.4,-0.4,9.0,3.0,33.3,0.0,4.6,-1.4,0.0,0.0,0.0,0.0,1.0,12.0,8.3,31.0,1.0,22.6,30.3,8.0,62.5,38.8,18.0,1.0,5.6,0.0,4.8,255.0,386.0,66.1,4783.0,2181.0,112.0,144.0,77.8,108.0,142.0,76.1,32.0,81.0,39.5,0.0,0.3,0.2,8.0,21.0,3.0,0.0,28.0,386.0,328.0,56.0,10.0,0.0,0.0,10.0,29.0,2.0,2.0,0.0,0.0,255.0,2.0,9.0,16.0,14.0,0.0,1.0,0.0,0.0,1.0,0.0,0.0,0.0,0.0,0.0,0.0,0.0,19.0,13.0,8.0,8.0,3.0,11.0,17.0,64.7,6.0,9.0,0.0,9.0,14.0,33.0,16.0,1.0,42.0,485.0,64.0,177.0,220.0,93.0,14.0,485.0,10.0,7.0,70.0,3.0,30.0,203.0,1071.0,452.0,10.0,8.0,4.0,24.0,4.0,252.0,28.0,0.0,0.0,0.0,9.0,8.0,2.0,10.0,14.0,13.0,0.0,0.0,0.0,66.0,3.0,8.0,27.3
2023-11-05,21:00,D1 Fém,Matchweek 6,Sun,Home,L,1,6,Paris FC,Lyon,1.3,3.4,50.0,2418.0,Gaëtane Thiney,4-2-3-1,Victoria Beyer,17.0,7.0,41.2,0.06,0.14,17.0,2.0,0.0,0.0,1.3,1.3,0.08,-0.3,-0.3,7.0,1.0,14.3,0.0,4.2,-1.8,0.0,0.0,0.0,0.0,1.0,2.0,50.0,28.0,3.0,0.0,24.7,12.0,16.7,30.5,10.0,0.0,0.0,3.0,16.6,390.0,510.0,76.5,7221.0,2876.0,143.0,176.0,81.3,203.0,244.0,83.2,42.0,78.0,53.8,0.0,0.9,1.1,10.0,21.0,10.0,0.0,38.0,510.0,453.0,55.0,9.0,1.0,0.0,8.0,19.0,8.0,0.0,0.0,4.0,390.0,2.0,14.0,23.0,14.0,3.0,0.0,3.0,2.0,1.0,1.0,0.0,0.0,0.0,1.0,0.0,0.0,14.0,10.0,4.0,5.0,5.0,6.0,13.0,46.2,7.0,17.0,2.0,15.0,13.0,27.0,8.0,1.0,50.0,596.0,64.0,237.0,241.0,119.0,26.0,596.0,5.0,1.0,20.0,4.0,80.0,343.0,1615.0,760.0,17.0,9.0,5.0,16.0,4.0,389.0,38.0,0.0,0.0,0.0,8.0,6.0,2.0,8.0,13.0,10.0,0.0,0.0,0.0,59.0,4.0,2.0,66.7,19.0,7.0,36.8,0.32,0.86,12.6,0.0,0.0,0.0,3.4,3.4,0.18,2.6,2.6,7.0,6.0,85.7,0.0,0.8,-0.2,0.0,0.0,0.0,0.0,4.0,8.0,50.0,35.0,7.0,8.6,24.3,8.0,62.5,42.0,7.0,0.0,0.0,2.0,17.4,395.0,500.0,79.0,7364.0,3209.0,131.0,151.0,86.8,227.0,266.0,85.3,33.0,56.0,58.9,5.0,2.8,2.6,14.0,37.0,11.0,1.0,54.0,500.0,451.0,45.0,10.0,2.0,0.0,12.0,21.0,4.0,3.0,1.0,0.0,395.0,4.0,16.0,29.0,21.0,2.0,3.0,2.0,0.0,1.0,10.0,6.0,1.0,3.0,0.0,0.0,0.0,8.0,5.0,4.0,4.0,0.0,4.0,5.0,80.0,1.0,20.0,5.0,15.0,19.0,27.0,10.0,0.0,50.0,608.0,65.0,197.0,278.0,139.0,37.0,608.0,13.0,7.0,53.8,6.0,46.2,294.0,1529.0,700.0,15.0,5.0,5.0,13.0,8.0,391.0,52.0,1.0,0.0,0.0,7.0,8.0,4.0,12.0,19.0,5.0,0.0,0.0,0.0,57.0,2.0,4.0,33.3
2023-11-11,15:00,D1 Fém,Matchweek 7,Sat,Away,W,6,1,Paris FC,Saint-Étienne,3.0,0.6,60.0,455.0,Gaëtane Thiney,4-3-3,Céline Jeannot,10.0,8.0,80.0,0.6,0.75,12.1,0.0,0.0,0.0,3.0,3.0,0.3,3.0,3.0,2.0,1.0,50.0,0.0,0.9,-0.1,0.0,0.0,0.0,0.0,2.0,5.0,40.0,33.0,5.0,12.1,24.5,4.0,25.0,33.0,13.0,2.0,15.4,5.0,14.9,282.0,417.0,67.6,5463.0,2589.0,97.0,133.0,72.9,147.0,198.0,74.2,32.0,62.0,51.6,6.0,3.0,2.3,10.0,22.0,13.0,2.0,31.0,417.0,362.0,51.0,15.0,4.0,0.0,21.0,27.0,3.0,3.0,0.0,0.0,282.0,4.0,10.0,20.0,17.0,2.0,1.0,0.0,0.0,0.0,12.0,12.0,0.0,0.0,0.0,0.0,0.0,14.0,11.0,8.0,4.0,2.0,6.0,12.0,50.0,6.0,11.0,1.0,10.0,10.0,24.0,8.0,0.0,60.0,480.0,45.0,200.0,154.0,133.0,18.0,480.0,13.0,6.0,46.2,7.0,53.8,219.0,1173.0,676.0,17.0,6.0,6.0,2.0,6.0,276.0,31.0,3.0,0.0,0.0,17.0,14.0,4.0,21.0,10.0,11.0,0.0,0.0,0.0,71.0,9.0,5.0,64.3,8.0,2.0,25.0,0.13,0.5,16.0,1.0,0.0,0.0,0.6,0.6,0.07,0.4,0.4,8.0,2.0,25.0,0.0,4.6,-1.4,0.0,0.0,0.0,0.0,6.0,17.0,35.3,27.0,4.0,48.1,41.7,4.0,100.0,49.3,14.0,0.0,0.0,2.0,15.2,177.0,280.0,63.2,4018.0,2104.0,50.0,68.0,73.5,86.0,114.0,75.4,40.0,86.0,46.5,1.0,0.5,0.2,6.0,14.0,1.0,1.0,17.0,280.0,228.0,51.0,20.0,0.0,0.0,16.0,15.0,5.0,0.0,1.0,3.0,177.0,1.0,13.0,16.0,6.0,3.0,1.0,1.0,4.0,1.0,2.0,2.0,0.0,0.0,0.0,0.0,0.0,13.0,7.0,6.0,6.0,1.0,7.0,13.0,53.8,6.0,8.0,0.0,8.0,20.0,33.0,19.0,1.0,40.0,366.0,44.0,143.0,159.0,66.0,12.0,366.0,13.0,6.0,46.2,6.0,46.2,203.0,836.0,320.0,8.0,8.0,5.0,9.0,8.0,174.0,17.0,3.0,0.0,0.0,14.0,17.0,1.0,16.0,20.0,7.0,0.0,0.0,0.0,55.0,5.0,9.0,35.7
2023-11-15,18:45,Champions Lg,Group stage,Wed,Home,L,1,2,Paris FC,se Göteborg,2.8,1.2,62.0,1746.0,Gaëtane Thiney,4-2-3-1,Catarina Campos,20.0,6.0,30.0,0.0,0.0,18.3,1.0,1.0,1.0,2.8,2.0,0.1,-1.8,-2.0,6.0,4.0,66.7,0.0,2.1,0.1,0.0,0.0,0.0,0.0,1.0,5.0,20.0,42.0,10.0,11.9,22.8,4.0,0.0,24.3,3.0,0.0,0.0,3.0,17.3,418.0,584.0,71.6,6788.0,2786.0,202.0,247.0,81.8,161.0,213.0,75.6,38.0,71.0,53.5,0.0,1.4,1.3,16.0,36.0,15.0,3.0,61.0,584.0,536.0,48.0,6.0,7.0,5.0,30.0,28.0,7.0,4.0,0.0,2.0,418.0,0.0,19.0,36.0,31.0,2.0,0.0,0.0,2.0,1.0,2.0,1.0,0.0,0.0,0.0,1.0,0.0,18.0,11.0,2.0,12.0,4.0,9.0,21.0,42.9,12.0,9.0,1.0,8.0,6.0,24.0,9.0,0.0,62.0,705.0,48.0,169.0,307.0,234.0,38.0,704.0,13.0,8.0,61.5,5.0,38.5,366.0,1968.0,1154.0,23.0,18.0,11.0,31.0,10.0,409.0,57.0,1.0,0.0,0.0,9.0,6.0,0.0,30.0,6.0,11.0,1.0,0.0,0.0,78.0,14.0,12.0,53.8,7.0,6.0,85.7,0.29,0.33,13.7,0.0,0.0,0.0,1.2,1.2,0.12,0.8,0.8,7.0,6.0,100.0,0.0,2.4,1.4,1.0,1.0,0.0,0.0,2.0,19.0,10.5,35.0,7.0,31.4,30.2,13.0,61.5,40.0,19.0,1.0,5.3,1.0,12.5,231.0,354.0,65.3,4014.0,1864.0,101.0,136.0,74.3,98.0,129.0,76.0,23.0,65.0,35.4,2.0,1.1,0.2,6.0,6.0,3.0,2.0,13.0,354.0,304.0,49.0,9.0,1.0,2.0,4.0,27.0,0.0,0.0,0.0,0.0,231.0,1.0,7.0,7.0,5.0,0.0,1.0,1.0,0.0,0.0,2.0,2.0,0.0,0.0,0.0,0.0,0.0,14.0,8.0,7.0,7.0,0.0,5.0,12.0,41.7,7.0,21.0,6.0,15.0,17.0,29.0,48.0,1.0,38.0,490.0,97.0,264.0,190.0,41.0,8.0,490.0,10.0,6.0,60.0,3.0,30.0,217.0,1058.0,471.0,3.0,7.0,0.0,14.0,7.0,215.0,16.0,2.0,0.0,0.0,7.0,9.0,1.0,4.0,17.0,8.0,0.0,1.0,0.0,52.0,6.0,11.0,35.3
2023-11-19,21:00,D1 Fém,Matchweek 8,Sun,Home,W,1,0,Paris FC,Bordeaux,1.9,0.1,71.0,1621.0,Gaëtane Thiney,4-4-1-1,Clémence Goncalves,18.0,7.0,38.9,0.06,0.14,14.7,0.0,0.0,0.0,1.9,1.9,0.13,-0.9,-0.9,2.0,2.0,100.0,1.0,0.2,0.2,0.0,0.0,0.0,0.0,2.0,9.0,22.2,50.0,6.0,18.0,26.4,1.0,0.0,16.0,3.0,1.0,33.3,0.0,13.0,523.0,669.0,78.2,9455.0,3770.0,209.0,251.0,83.3,258.0,309.0,83.5,47.0,79.0,59.5,1.0,1.2,1.9,10.0,45.0,10.0,1.0,64.0,669.0,611.0,56.0,11.0,4.0,0.0,18.0,37.0,6.0,0.0,0.0,6.0,523.0,2.0,13.0,25.0,14.0,3.0,3.0,4.0,1.0,0.0,2.0,1.0,0.0,1.0,0.0,0.0,0.0,25.0,18.0,4.0,18.0,3.0,14.0,18.0,77.8,4.0,7.0,0.0,7.0,12.0,37.0,4.0,0.0,71.0,802.0,44.0,211.0,386.0,215.0,31.0,802.0,27.0,13.0,48.1,14.0,51.9,369.0,2280.0,1035.0,16.0,9.0,6.0,39.0,11.0,516.0,64.0,0.0,0.0,0.0,7.0,9.0,2.0,18.0,12.0,18.0,0.0,0.0,0.0,88.0,10.0,9.0,52.6,3.0,2.0,66.7,0.0,0.0,25.5,0.0,0.0,0.0,0.1,0.1,0.03,-0.1,-0.1,7.0,6.0,85.7,0.0,1.1,0.1,0.0,0.0,0.0,0.0,6.0,25.0,24.0,29.0,2.0,69.0,42.8,6.0,83.3,45.7,15.0,0.0,0.0,0.0,9.5,145.0,276.0,52.5,2617.0,1437.0,69.0,98.0,70.4,48.0,90.0,53.3,23.0,69.0,33.3,0.0,0.0,0.0,2.0,11.0,0.0,0.0,16.0,276.0,232.0,42.0,9.0,0.0,0.0,4.0,23.0,2.0,1.0,1.0,0.0,145.0,2.0,6.0,5.0,3.0,0.0,0.0,0.0,1.0,1.0,0.0,0.0,0.0,0.0,0.0,0.0,0.0,25.0,19.0,16.0,8.0,1.0,14.0,27.0,51.9,13.0,18.0,6.0,12.0,33.0,58.0,28.0,2.0,29.0,442.0,77.0,218.0,200.0,31.0,2.0,442.0,18.0,4.0,22.2,14.0,77.8,137.0,869.0,380.0,8.0,3.0,1.0,32.0,11.0,144.0,16.0,0.0,0.0,0.0,9.0,7.0,2.0,4.0,33.0,19.0,0.0,0.0,0.0,71.0,9.0,10.0,47.4
2023-11-23,20:00,Champions Lg,Group stage,Thu,Away,L,1,4,Paris FC,eng Chelsea,0.7,2.6,40.0,3450.0,Gaëtane Thiney,4-2-3-1,Ivana Martinčić,9.0,5.0,55.6,0.11,0.2,18.3,0.0,0.0,0.0,0.7,0.7,0.08,0.3,0.3,6.0,2.0,33.3,0.0,2.4,-1.6,0.0,0.0,0.0,0.0,5.0,9.0,55.6,21.0,2.0,28.6,29.3,5.0,60.0,31.2,9.0,0.0,0.0,0.0,14.7,306.0,427.0,71.7,4782.0,2308.0,160.0,198.0,80.8,123.0,163.0,75.5,16.0,38.0,42.1,1.0,0.7,0.5,8.0,19.0,7.0,0.0,35.0,427.0,382.0,41.0,10.0,3.0,1.0,12.0,19.0,2.0,0.0,2.0,0.0,306.0,4.0,10.0,14.0,11.0,1.0,1.0,0.0,0.0,1.0,2.0,1.0,1.0,0.0,0.0,0.0,0.0,28.0,20.0,12.0,12.0,4.0,12.0,28.0,42.9,16.0,14.0,1.0,13.0,16.0,44.0,18.0,1.0,40.0,566.0,46.0,186.0,281.0,103.0,16.0,566.0,20.0,7.0,35.0,13.0,65.0,224.0,1070.0,433.0,10.0,6.0,2.0,22.0,13.0,303.0,35.0,0.0,0.0,0.0,11.0,9.0,4.0,12.0,16.0,20.0,0.0,0.0,0.0,76.0,10.0,9.0,52.6,10.0,6.0,60.0,0.4,0.67,15.7,0.0,0.0,0.0,2.6,2.6,0.26,1.4,1.4,5.0,4.0,80.0,0.0,1.1,0.1,0.0,0.0,0.0,0.0,4.0,15.0,26.7,42.0,4.0,35.7,31.3,3.0,0.0,10.7,8.0,1.0,12.5,0.0,8.0,530.0,647.0,81.9,9076.0,3187.0,245.0,285.0,86.0,229.0,256.0,89.5,45.0,80.0,56.3,4.0,2.6,1.7,9.0,40.0,11.0,1.0,46.0,647.0,605.0,42.0,15.0,6.0,2.0,10.0,19.0,3.0,1.0,2.0,0.0,530.0,0.0,13.0,18.0,15.0,2.0,1.0,0.0,0.0,0.0,7.0,6.0,1.0,0.0,0.0,0.0,0.0,26.0,15.0,10.0,14.0,2.0,13.0,20.0,65.0,7.0,11.0,2.0,9.0,10.0,36.0,10.0,0.0,60.0,768.0,55.0,256.0,362.0,158.0,21.0,768.0,28.0,16.0,57.1,12.0,42.9,482.0,2279.0,1014.0,11.0,9.0,6.0,18.0,16.0,523.0,44.0,1.0,0.0,0.0,10.0,11.0,0.0,10.0,10.0,15.0,0.0,0.0,0.0,73.0,9.0,10.0,47.4
2023-11-26,14:30,D1 Fém,Matchweek 9,Sun,Away,D,1,1,Paris FC,Stade de Reims,2.3,0.8,69.0,246.0,Gaëtane Thiney,4-2-3-1,Romy Fournier,27.0,5.0,18.5,0.04,0.2,16.5,3.0,0.0,0.0,2.3,2.3,0.08,-1.3,-1.3,1.0,0.0,100.0,0.0,1.0,0.0,1.0,1.0,0.0,0.0,0.0,1.0,0.0,16.0,1.0,6.3,23.1,4.0,0.0,17.8,3.0,0.0,0.0,1.0,17.0,457.0,616.0,74.2,7706.0,3217.0,226.0,283.0,79.9,195.0,245.0,79.6,31.0,61.0,50.8,1.0,1.1,1.3,16.0,45.0,20.0,4.0,82.0,616.0,544.0,71.0,11.0,0.0,1.0,40.0,44.0,10.0,3.0,7.0,0.0,457.0,1.0,18.0,39.0,29.0,4.0,0.0,3.0,3.0,0.0,2.0,2.0,0.0,0.0,0.0,0.0,0.0,19.0,15.0,10.0,6.0,3.0,5.0,9.0,55.6,4.0,12.0,0.0,12.0,12.0,31.0,5.0,0.0,69.0,727.0,23.0,159.0,281.0,292.0,45.0,727.0,18.0,8.0,44.4,10.0,55.6,415.0,2125.0,1246.0,24.0,17.0,4.0,22.0,11.0,444.0,78.0,2.0,0.0,0.0,15.0,12.0,1.0,40.0,12.0,15.0,0.0,1.0,0.0,84.0,5.0,5.0,50.0,1.0,0.0,0.0,0.0,,34.2,0.0,1.0,1.0,0.8,0.0,,0.2,0.0,5.0,4.0,80.0,0.0,1.2,0.2,0.0,0.0,0.0,0.0,9.0,20.0,45.0,24.0,3.0,58.3,38.6,13.0,46.2,35.2,30.0,0.0,0.0,0.0,9.0,119.0,237.0,50.2,2320.0,1515.0,49.0,73.0,67.1,37.0,68.0,54.4,26.0,69.0,37.7,0.0,0.0,0.0,1.0,8.0,1.0,0.0,13.0,237.0,192.0,44.0,15.0,0.0,1.0,5.0,12.0,2.0,2.0,0.0,0.0,119.0,1.0,11.0,4.0,2.0,1.0,0.0,0.0,1.0,0.0,2.0,1.0,0.0,0.0,0.0,1.0,0.0,16.0,12.0,12.0,2.0,2.0,7.0,14.0,50.0,7.0,20.0,8.0,12.0,22.0,38.0,39.0,0.0,31.0,393.0,91.0,226.0,120.0,51.0,6.0,392.0,9.0,4.0,44.4,5.0,55.6,123.0,794.0,397.0,11.0,5.0,4.0,18.0,14.0,131.0,12.0,2.0,0.0,0.0,12.0,14.0,1.0,5.0,22.0,12.0,1.0,0.0,0.0,58.0,5.0,5.0,50.0
2023-12-09,14:30,D1 Fém,Matchweek 10,Sat,Away,W,4,1,Paris FC,Montpellier,3.5,0.9,57.0,393.0,Gaëtane Thiney,4-2-3-1,Émeline Rochebilière,19.0,12.0,63.2,0.21,0.33,14.1,0.0,0.0,0.0,3.5,3.5,0.18,0.5,0.5,5.0,4.0,80.0,0.0,0.9,-0.1,0.0,0.0,0.0,0.0,2.0,5.0,40.0,28.0,7.0,17.9,29.2,5.0,0.0,24.2,19.0,4.0,21.1,0.0,4.5,397.0,512.0,77.5,7627.0,2957.0,153.0,186.0,82.3,193.0,226.0,85.4,47.0,79.0,59.5,3.0,2.7,2.6,14.0,27.0,17.0,3.0,48.0,512.0,459.0,49.0,15.0,1.0,5.0,10.0,21.0,6.0,1.0,1.0,0.0,397.0,4.0,9.0,33.0,25.0,3.0,3.0,1.0,1.0,0.0,6.0,5.0,0.0,1.0,0.0,0.0,0.0,17.0,14.0,9.0,3.0,5.0,6.0,15.0,40.0,9.0,18.0,1.0,17.0,10.0,27.0,13.0,0.0,57.0,618.0,54.0,232.0,224.0,166.0,45.0,618.0,11.0,9.0,81.8,2.0,18.2,274.0,1665.0,1002.0,19.0,10.0,8.0,18.0,11.0,391.0,48.0,1.0,0.0,0.0,8.0,14.0,3.0,10.0,10.0,14.0,0.0,0.0,0.0,54.0,1.0,5.0,16.7,9.0,5.0,55.6,0.11,0.2,14.5,0.0,0.0,0.0,0.9,0.9,0.1,0.1,0.1,12.0,8.0,66.7,0.0,4.7,0.7,0.0,0.0,0.0,0.0,4.0,8.0,50.0,28.0,2.0,21.4,30.8,5.0,40.0,30.2,6.0,0.0,0.0,0.0,12.0,243.0,379.0,64.1,5032.0,2553.0,81.0,119.0,68.1,121.0,157.0,77.1,40.0,87.0,46.0,0.0,0.3,0.5,5.0,20.0,7.0,2.0,29.0,379.0,323.0,55.0,12.0,0.0,1.0,24.0,25.0,8.0,8.0,0.0,0.0,243.0,1.0,19.0,13.0,12.0,1.0,0.0,0.0,0.0,0.0,1.0,1.0,0.0,0.0,0.0,0.0,0.0,13.0,12.0,6.0,5.0,2.0,2.0,11.0,18.2,9.0,12.0,3.0,9.0,15.0,28.0,11.0,0.0,43.0,462.0,66.0,217.0,147.0,104.0,21.0,462.0,15.0,9.0,60.0,6.0,40.0,279.0,1462.0,502.0,11.0,11.0,6.0,16.0,11.0,237.0,27.0,3.0,0.0,0.0,14.0,6.0,1.0,24.0,15.0,12.0,0.0,0.0,0.0,58.0,5.0,1.0,83.3
2023-12-14,18:45,Champions Lg,Group stage,Thu,Home,W,2,1,Paris FC,es Real Madrid,1.5,2.4,42.0,10693.0,Gaëtane Thiney,4-3-3,Maria Sole Ferrieri Caputi,11.0,5.0,45.5,0.18,0.4,15.0,0.0,0.0,0.0,1.5,1.5,0.14,0.5,0.5,4.0,2.0,75.0,0.0,2.1,1.1,1.0,0.0,1.0,0.0,5.0,13.0,38.5,32.0,7.0,40.6,37.5,4.0,0.0,24.0,9.0,1.0,11.1,1.0,22.3,308.0,421.0,73.2,5154.0,2469.0,136.0,168.0,81.0,113.0,147.0,76.9,35.0,64.0,54.7,1.0,1.2,0.8,9.0,32.0,8.0,2.0,35.0,421.0,381.0,40.0,15.0,1.0,0.0,9.0,16.0,3.0,0.0,2.0,0.0,308.0,0.0,10.0,19.0,17.0,1.0,1.0,0.0,0.0,0.0,4.0,4.0,0.0,0.0,0.0,0.0,0.0,23.0,19.0,7.0,13.0,3.0,16.0,24.0,66.7,8.0,14.0,4.0,10.0,20.0,43.0,8.0,0.0,42.0,539.0,53.0,145.0,285.0,114.0,20.0,539.0,14.0,5.0,35.7,9.0,64.3,308.0,1430.0,619.0,16.0,10.0,7.0,33.0,13.0,303.0,34.0,0.0,0.0,0.0,10.0,11.0,0.0,9.0,20.0,19.0,0.0,1.0,0.0,71.0,12.0,6.0,66.7,11.0,3.0,27.3,0.09,0.33,19.1,2.0,0.0,1.0,2.4,1.6,0.15,-1.4,-0.6,5.0,3.0,60.0,0.0,1.9,-0.1,0.0,0.0,0.0,0.0,3.0,4.0,75.0,34.0,4.0,8.8,22.3,8.0,12.5,18.9,7.0,0.0,0.0,1.0,23.0,452.0,583.0,77.5,8165.0,2684.0,186.0,229.0,81.2,220.0,262.0,84.0,40.0,67.0,59.7,1.0,1.0,1.1,5.0,27.0,4.0,2.0,36.0,583.0,531.0,49.0,7.0,0.0,1.0,10.0,29.0,2.0,1.0,0.0,0.0,452.0,3.0,10.0,22.0,18.0,0.0,1.0,0.0,2.0,1.0,2.0,2.0,0.0,0.0,0.0,0.0,0.0,22.0,16.0,8.0,12.0,2.0,9.0,14.0,64.3,5.0,12.0,2.0,10.0,10.0,32.0,15.0,1.0,58.0,697.0,66.0,220.0,372.0,109.0,15.0,696.0,23.0,8.0,34.8,15.0,65.2,423.0,2259.0,1024.0,10.0,11.0,3.0,19.0,7.0,447.0,35.0,2.0,0.0,0.0,12.0,9.0,3.0,10.0,10.0,16.0,0.0,0.0,0.0,84.0,6.0,11.0,35.3
2023-12-17,21:00,D1 Fém,Matchweek 11,Sun,Home,L,1,2,Paris FC,Paris S-G,1.7,1.8,51.0,4002.0,Gaëtane Thiney,4-3-3,Maika Vanderstichel,16.0,4.0,25.0,0.0,0.0,18.2,1.0,1.0,1.0,1.7,1.0,0.06,-0.7,-1.0,4.0,2.0,75.0,0.0,2.0,0.0,1.0,1.0,0.0,0.0,4.0,6.0,66.7,29.0,5.0,13.8,27.6,7.0,28.6,23.4,10.0,2.0,20.0,0.0,10.8,322.0,436.0,73.9,5543.0,2452.0,165.0,199.0,82.9,126.0,159.0,79.2,26.0,57.0,45.6,0.0,0.8,0.8,12.0,34.0,6.0,1.0,35.0,436.0,381.0,55.0,8.0,0.0,0.0,14.0,31.0,6.0,3.0,1.0,0.0,322.0,0.0,10.0,27.0,18.0,1.0,3.0,3.0,1.0,1.0,1.0,0.0,0.0,0.0,1.0,0.0,0.0,20.0,13.0,7.0,12.0,1.0,8.0,22.0,36.4,14.0,8.0,0.0,8.0,18.0,38.0,11.0,0.0,51.0,553.0,65.0,191.0,192.0,173.0,24.0,552.0,14.0,6.0,42.9,7.0,50.0,243.0,1050.0,467.0,12.0,7.0,2.0,24.0,10.0,317.0,35.0,1.0,0.0,0.0,9.0,7.0,0.0,14.0,18.0,13.0,0.0,1.0,0.0,58.0,3.0,2.0,60.0,10.0,3.0,30.0,0.1,0.33,17.4,0.0,1.0,1.0,1.8,1.1,0.11,0.2,-0.1,5.0,4.0,100.0,0.0,1.8,0.8,1.0,1.0,0.0,0.0,7.0,19.0,36.8,33.0,6.0,42.4,32.3,5.0,100.0,46.8,12.0,1.0,8.3,0.0,7.6,311.0,422.0,73.7,5479.0,2295.0,146.0,172.0,84.9,130.0,166.0,78.3,31.0,63.0,49.2,1.0,0.9,0.9,7.0,17.0,7.0,1.0,24.0,422.0,377.0,43.0,8.0,2.0,2.0,12.0,25.0,3.0,3.0,0.0,0.0,311.0,2.0,9.0,17.0,11.0,1.0,2.0,0.0,2.0,1.0,4.0,3.0,0.0,0.0,0.0,1.0,0.0,17.0,12.0,11.0,5.0,1.0,7.0,13.0,53.8,6.0,18.0,7.0,11.0,21.0,38.0,18.0,1.0,49.0,554.0,64.0,253.0,204.0,106.0,22.0,553.0,22.0,14.0,63.6,8.0,36.4,341.0,2031.0,819.0,15.0,11.0,8.0,25.0,12.0,309.0,24.0,1.0,0.0,0.0,8.0,9.0,2.0,12.0,21.0,12.0,1.0,1.0,0.0,61.0,2.0,3.0,40.0
2023-12-20,21:00,Champions Lg,Group stage,Wed,Away,W,1,0,Paris FC,es Real Madrid,1.7,0.5,46.0,1596.0,Gaëtane Thiney,4-2-3-1,Alina Peşu,11.0,4.0,36.4,0.0,0.0,16.3,0.0,1.0,1.0,1.7,1.0,0.09,-0.7,-1.0,3.0,3.0,100.0,1.0,0.4,0.4,0.0,0.0,0.0,0.0,3.0,11.0,27.3,32.0,5.0,31.3,31.3,7.0,14.3,17.7,12.0,1.0,8.3,0.0,12.3,298.0,416.0,71.6,5226.0,2215.0,132.0,161.0,82.0,135.0,176.0,76.7,26.0,53.0,49.1,0.0,0.9,0.6,9.0,25.0,8.0,1.0,39.0,416.0,363.0,49.0,10.0,0.0,0.0,13.0,29.0,2.0,1.0,1.0,0.0,298.0,4.0,10.0,22.0,17.0,1.0,0.0,2.0,2.0,0.0,2.0,0.0,0.0,0.0,1.0,1.0,0.0,24.0,13.0,6.0,17.0,1.0,9.0,20.0,45.0,11.0,11.0,2.0,9.0,16.0,40.0,8.0,0.0,46.0,536.0,56.0,177.0,237.0,129.0,25.0,535.0,14.0,8.0,57.1,6.0,42.9,249.0,1644.0,798.0,14.0,11.0,4.0,27.0,10.0,295.0,38.0,4.0,0.0,0.0,12.0,9.0,4.0,13.0,16.0,13.0,1.0,0.0,0.0,59.0,9.0,8.0,52.9,9.0,3.0,33.3,0.0,0.0,19.7,1.0,0.0,0.0,0.5,0.5,0.05,-0.5,-0.5,5.0,4.0,100.0,0.0,1.2,0.2,1.0,1.0,0.0,0.0,2.0,6.0,33.3,22.0,4.0,9.1,23.5,9.0,44.4,34.1,12.0,1.0,8.3,5.0,21.3,370.0,488.0,75.8,7392.0,2711.0,128.0,152.0,84.2,193.0,234.0,82.5,47.0,83.0,56.6,0.0,0.2,0.3,5.0,32.0,4.0,0.0,28.0,488.0,421.0,65.0,15.0,0.0,2.0,12.0,37.0,2.0,1.0,0.0,0.0,370.0,2.0,9.0,18.0,12.0,1.0,3.0,0.0,2.0,0.0,0.0,0.0,0.0,0.0,0.0,0.0,0.0,16.0,9.0,9.0,6.0,1.0,6.0,14.0,42.9,8.0,10.0,0.0,10.0,12.0,28.0,18.0,0.0,54.0,606.0,64.0,252.0,264.0,94.0,16.0,606.0,20.0,11.0,55.0,9.0,45.0,366.0,1553.0,727.0,13.0,10.0,2.0,20.0,15.0,369.0,28.0,0.0,0.0,0.0,9.0,10.0,2.0,12.0,12.0,9.0,0.0,1.0,0.0,50.0,8.0,9.0,47.1
2024-01-10,21:00,D1 Fém,Matchweek 12,Wed,Away,L,0,1,Paris FC,Lyon,0.2,0.8,43.0,625.0,Gaëtane Thiney,4-2-3-1,Alexandra Collin,5.0,1.0,20.0,0.0,0.0,24.6,0.0,0.0,0.0,0.2,0.2,0.04,-0.2,-0.2,5.0,4.0,80.0,0.0,1.0,0.0,0.0,0.0,0.0,0.0,1.0,6.0,16.7,46.0,9.0,10.9,26.8,8.0,12.5,29.4,14.0,0.0,0.0,0.0,14.5,369.0,468.0,78.8,5954.0,2315.0,171.0,191.0,89.5,147.0,181.0,81.2,31.0,60.0,51.7,0.0,0.1,0.5,4.0,17.0,2.0,0.0,30.0,468.0,431.0,36.0,9.0,0.0,1.0,10.0,15.0,2.0,1.0,1.0,0.0,369.0,1.0,11.0,8.0,8.0,0.0,0.0,0.0,0.0,0.0,0.0,0.0,0.0,0.0,0.0,0.0,0.0,18.0,13.0,12.0,6.0,0.0,9.0,19.0,47.4,10.0,11.0,4.0,7.0,21.0,39.0,19.0,0.0,43.0,586.0,94.0,329.0,191.0,73.0,6.0,586.0,10.0,5.0,50.0,5.0,50.0,397.0,1958.0,1039.0,11.0,12.0,1.0,24.0,14.0,363.0,30.0,0.0,0.0,0.0,5.0,7.0,1.0,10.0,21.0,13.0,0.0,0.0,0.0,55.0,7.0,13.0,35.0,15.0,5.0,33.3,0.07,0.2,19.2,0.0,0.0,0.0,0.8,0.8,0.05,0.2,0.2,1.0,1.0,100.0,1.0,0.1,0.1,0.0,0.0,0.0,0.0,2.0,2.0,100.0,36.0,3.0,0.0,18.4,3.0,66.7,37.0,8.0,0.0,0.0,0.0,,501.0,610.0,82.1,9031.0,3415.0,197.0,233.0,84.5,261.0,297.0,87.9,39.0,62.0,62.9,1.0,0.6,1.1,11.0,57.0,10.0,3.0,61.0,610.0,573.0,35.0,6.0,1.0,0.0,17.0,20.0,5.0,1.0,3.0,0.0,501.0,2.0,7.0,21.0,19.0,2.0,0.0,0.0,0.0,0.0,1.0,1.0,0.0,0.0,0.0,0.0,0.0,19.0,17.0,7.0,9.0,3.0,5.0,10.0,50.0,5.0,14.0,3.0,11.0,20.0,39.0,7.0,0.0,57.0,716.0,44.0,205.0,298.0,221.0,25.0,716.0,19.0,10.0,52.6,9.0,47.4,405.0,2460.0,1253.0,23.0,13.0,6.0,22.0,9.0,496.0,60.0,1.0,0.0,0.0,7.0,5.0,2.0,17.0,20.0,17.0,0.0,0.0,0.0,68.0,13.0,7.0,65.0
2024-01-24,18:45,Champions Lg,Group stage,Wed,Away,D,0,0,Paris FC,se Göteborg,1.6,1.8,53.0,3064.0,Gaëtane Thiney,4-2-3-1,Iuliana Demetrescu,18.0,4.0,22.2,0.0,0.0,17.5,1.0,0.0,0.0,1.6,1.6,0.1,-1.6,-1.6,6.0,5.0,100.0,1.0,1.3,1.3,1.0,0.0,1.0,0.0,2.0,14.0,14.3,25.0,8.0,44.0,35.7,11.0,27.3,29.0,9.0,1.0,11.1,4.0,25.0,297.0,437.0,68.0,5014.0,2389.0,140.0,182.0,76.9,116.0,149.0,77.9,30.0,77.0,39.0,0.0,1.0,1.3,15.0,23.0,13.0,3.0,33.0,437.0,391.0,45.0,8.0,1.0,0.0,18.0,21.0,4.0,2.0,1.0,0.0,297.0,1.0,7.0,35.0,30.0,1.0,0.0,2.0,1.0,1.0,0.0,0.0,0.0,0.0,0.0,0.0,0.0,25.0,15.0,6.0,12.0,7.0,17.0,23.0,73.9,6.0,11.0,2.0,9.0,12.0,37.0,14.0,0.0,53.0,547.0,66.0,177.0,244.0,139.0,27.0,547.0,12.0,3.0,25.0,9.0,75.0,347.0,1522.0,780.0,13.0,16.0,3.0,21.0,16.0,293.0,33.0,1.0,0.0,0.0,11.0,8.0,1.0,18.0,12.0,15.0,0.0,1.0,0.0,76.0,15.0,5.0,75.0,10.0,6.0,60.0,0.0,0.0,15.6,0.0,0.0,1.0,1.8,1.0,0.06,-1.8,-1.0,4.0,4.0,100.0,1.0,0.6,0.6,0.0,0.0,0.0,0.0,1.0,12.0,8.3,35.0,7.0,14.3,25.6,12.0,58.3,34.8,14.0,0.0,0.0,0.0,11.3,282.0,386.0,73.1,5207.0,2375.0,117.0,146.0,80.1,127.0,149.0,85.2,34.0,74.0,45.9,0.0,0.6,0.4,4.0,17.0,3.0,0.0,21.0,386.0,341.0,44.0,8.0,2.0,1.0,9.0,21.0,2.0,1.0,1.0,0.0,282.0,1.0,7.0,8.0,7.0,1.0,0.0,0.0,0.0,0.0,0.0,0.0,0.0,0.0,0.0,0.0,0.0,21.0,20.0,9.0,10.0,2.0,9.0,10.0,90.0,1.0,10.0,4.0,6.0,20.0,37.0,10.0,0.0,47.0,479.0,91.0,227.0,200.0,53.0,10.0,479.0,10.0,1.0,10.0,9.0,90.0,244.0,1549.0,744.0,9.0,4.0,0.0,13.0,4.0,254.0,17.0,3.0,0.0,0.0,8.0,9.0,1.0,9.0,20.0,20.0,0.0,0.0,0.0,61.0,2.0,10.0,16.7
2024-01-30,18:45,Champions Lg,Group stage,Tue,Home,L,0,4,Paris FC,eng Chelsea,1.0,1.1,43.0,13274.0,Gaëtane Thiney,4-2-3-1,Ivana Projkovska,14.0,1.0,7.1,0.0,0.0,20.1,0.0,0.0,0.0,1.0,1.0,0.07,-1.0,-1.0,4.0,0.0,0.0,0.0,1.4,-2.6,0.0,0.0,0.0,0.0,1.0,2.0,50.0,19.0,1.0,5.3,24.8,5.0,20.0,28.0,4.0,0.0,0.0,1.0,14.4,320.0,448.0,71.4,5391.0,2522.0,165.0,202.0,81.7,121.0,156.0,77.6,30.0,58.0,51.7,0.0,0.9,1.2,10.0,39.0,6.0,2.0,50.0,448.0,386.0,55.0,11.0,0.0,0.0,16.0,29.0,5.0,2.0,2.0,0.0,320.0,7.0,11.0,21.0,15.0,1.0,3.0,1.0,0.0,1.0,0.0,0.0,0.0,0.0,0.0,0.0,0.0,14.0,9.0,6.0,5.0,3.0,5.0,10.0,50.0,5.0,13.0,1.0,12.0,11.0,25.0,7.0,0.0,43.0,561.0,29.0,146.0,272.0,150.0,31.0,561.0,29.0,12.0,41.4,17.0,58.6,240.0,1212.0,528.0,15.0,8.0,11.0,30.0,14.0,315.0,48.0,1.0,0.0,0.0,12.0,8.0,7.0,16.0,11.0,9.0,0.0,0.0,0.0,76.0,18.0,14.0,56.3,6.0,4.0,66.7,0.67,1.0,11.5,0.0,0.0,0.0,1.1,1.1,0.18,2.9,2.9,1.0,1.0,100.0,1.0,0.0,0.0,0.0,0.0,0.0,0.0,9.0,22.0,40.9,42.0,5.0,28.6,31.9,13.0,76.9,42.0,10.0,2.0,20.0,1.0,9.2,447.0,582.0,76.8,8348.0,3402.0,181.0,218.0,83.0,211.0,250.0,84.4,50.0,88.0,56.8,4.0,1.1,2.1,6.0,40.0,9.0,2.0,41.0,582.0,524.0,55.0,19.0,0.0,0.0,7.0,20.0,2.0,2.0,0.0,0.0,447.0,3.0,13.0,11.0,9.0,1.0,0.0,1.0,0.0,0.0,7.0,5.0,1.0,0.0,1.0,0.0,0.0,30.0,23.0,15.0,12.0,3.0,17.0,29.0,58.6,12.0,13.0,4.0,9.0,14.0,44.0,18.0,0.0,57.0,695.0,84.0,281.0,323.0,99.0,15.0,695.0,11.0,6.0,54.5,5.0,45.5,402.0,1719.0,750.0,11.0,9.0,1.0,24.0,9.0,442.0,39.0,1.0,0.0,0.0,9.0,10.0,3.0,7.0,14.0,23.0,0.0,0.0,0.0,58.0,14.0,18.0,43.8
2024-02-04,21:00,D1 Fém,Matchweek 14,Sun,Home,W,3,2,Paris FC,Lille,3.4,0.8,66.0,717.0,Gaëtane Thiney,4-2-3-1,Émeline Rochebilière,21.0,10.0,47.6,0.14,0.3,13.0,1.0,0.0,0.0,3.4,3.4,0.17,-0.4,-0.4,3.0,1.0,33.3,0.0,1.8,-0.2,0.0,0.0,0.0,0.0,1.0,2.0,50.0,20.0,5.0,0.0,21.0,4.0,50.0,31.8,10.0,2.0,20.0,1.0,10.7,436.0,589.0,74.0,7781.0,3267.0,195.0,248.0,78.6,192.0,236.0,81.4,46.0,78.0,59.0,3.0,3.0,2.8,18.0,61.0,14.0,3.0,79.0,589.0,520.0,67.0,15.0,0.0,3.0,29.0,30.0,15.0,6.0,5.0,0.0,436.0,2.0,21.0,37.0,28.0,4.0,0.0,2.0,2.0,1.0,5.0,4.0,1.0,0.0,0.0,0.0,0.0,23.0,18.0,4.0,16.0,3.0,12.0,16.0,75.0,4.0,11.0,1.0,10.0,10.0,33.0,8.0,0.0,66.0,693.0,31.0,143.0,320.0,236.0,36.0,693.0,28.0,10.0,35.7,18.0,64.3,339.0,1845.0,886.0,13.0,8.0,4.0,15.0,15.0,428.0,77.0,3.0,0.0,0.0,9.0,14.0,2.0,29.0,10.0,18.0,0.0,0.0,0.0,68.0,16.0,8.0,66.7,7.0,3.0,42.9,0.29,0.67,18.6,0.0,0.0,0.0,0.8,0.8,0.12,1.2,1.2,10.0,7.0,70.0,0.0,3.3,0.3,0.0,0.0,0.0,0.0,5.0,12.0,41.7,26.0,5.0,42.3,40.1,10.0,10.0,29.4,27.0,5.0,18.5,0.0,7.5,169.0,302.0,56.0,3020.0,1887.0,76.0,101.0,75.2,61.0,108.0,56.5,26.0,71.0,36.6,2.0,0.8,0.3,6.0,11.0,3.0,2.0,16.0,302.0,256.0,45.0,11.0,0.0,0.0,14.0,18.0,3.0,3.0,0.0,0.0,169.0,1.0,10.0,13.0,11.0,0.0,1.0,0.0,0.0,1.0,3.0,3.0,0.0,0.0,0.0,0.0,0.0,33.0,24.0,24.0,9.0,0.0,18.0,28.0,64.3,10.0,23.0,3.0,20.0,22.0,55.0,26.0,0.0,34.0,448.0,77.0,247.0,160.0,53.0,6.0,448.0,16.0,4.0,25.0,12.0,75.0,216.0,1040.0,460.0,8.0,7.0,0.0,17.0,11.0,167.0,15.0,1.0,0.0,0.0,15.0,9.0,1.0,14.0,22.0,24.0,0.0,0.0,0.0,64.0,8.0,16.0,33.3
2024-02-10,13:30,D1 Fém,Matchweek 15,Sat,Away,W,6,2,Paris FC,Bordeaux,3.2,1.8,61.0,504.0,Gaëtane Thiney,4-2-3-1,Céline Jeannot,18.0,9.0,50.0,0.33,0.67,16.5,0.0,0.0,0.0,3.2,3.2,0.18,2.8,2.8,3.0,1.0,33.3,0.0,2.1,0.1,0.0,0.0,0.0,0.0,3.0,9.0,33.3,39.0,9.0,17.9,29.9,5.0,40.0,31.4,15.0,3.0,20.0,1.0,13.0,380.0,495.0,76.8,8916.0,3802.0,76.0,102.0,74.5,214.0,244.0,87.7,87.0,140.0,62.1,4.0,2.7,2.4,11.0,52.0,15.0,2.0,60.0,495.0,445.0,50.0,11.0,4.0,3.0,14.0,26.0,4.0,2.0,1.0,1.0,380.0,0.0,5.0,28.0,22.0,1.0,3.0,1.0,1.0,0.0,10.0,8.0,0.0,1.0,1.0,0.0,0.0,12.0,9.0,2.0,7.0,3.0,6.0,12.0,50.0,6.0,5.0,1.0,4.0,7.0,19.0,12.0,1.0,61.0,591.0,51.0,190.0,254.0,154.0,37.0,591.0,15.0,6.0,40.0,9.0,60.0,335.0,1836.0,803.0,17.0,5.0,8.0,23.0,6.0,375.0,60.0,1.0,0.0,0.0,12.0,10.0,0.0,14.0,7.0,9.0,0.0,0.0,0.0,46.0,6.0,6.0,50.0,7.0,3.0,42.9,0.29,0.67,13.8,0.0,0.0,0.0,1.8,1.8,0.26,0.2,0.2,9.0,3.0,33.3,0.0,3.3,-2.7,0.0,0.0,0.0,0.0,7.0,23.0,30.4,33.0,6.0,48.5,37.8,8.0,87.5,45.9,13.0,2.0,15.4,2.0,22.0,203.0,320.0,63.4,3793.0,1807.0,93.0,116.0,80.2,79.0,114.0,69.3,28.0,78.0,35.9,0.0,0.5,0.2,4.0,8.0,2.0,1.0,19.0,320.0,275.0,44.0,12.0,0.0,0.0,17.0,10.0,7.0,3.0,3.0,0.0,203.0,1.0,7.0,14.0,10.0,2.0,0.0,1.0,1.0,0.0,4.0,2.0,1.0,0.0,0.0,1.0,0.0,15.0,12.0,12.0,2.0,1.0,9.0,15.0,60.0,6.0,11.0,6.0,5.0,12.0,27.0,28.0,2.0,39.0,426.0,79.0,203.0,172.0,56.0,11.0,426.0,12.0,6.0,50.0,6.0,50.0,154.0,1168.0,503.0,13.0,5.0,4.0,15.0,6.0,196.0,18.0,1.0,0.0,0.0,10.0,12.0,1.0,17.0,12.0,12.0,0.0,0.0,0.0,46.0,6.0,6.0,50.0
2024-03-02,19:30,D1 Fém,Matchweek 16,Sat,Home,,,,Paris FC,Saint-Étienne,,,,,,,,10.0,6.0,60.0,0.3,0.5,13.9,0.0,0.0,0.0,1.8,1.8,0.19,1.2,1.2,7.0,4.0,71.4,0.0,2.7,0.7,1.0,0.0,1.0,0.0,7.0,10.0,70.0,28.0,6.0,25.0,26.4,8.0,37.5,28.6,8.0,0.0,0.0,3.0,19.8,367.0,504.0,72.8,5901.0,2482.0,191.0,235.0,81.3,141.0,181.0,77.9,28.0,63.0,44.4,3.0,1.9,0.6,9.0,29.0,6.0,1.0,60.0,504.0,451.0,52.0,6.0,3.0,3.0,12.0,29.0,6.0,3.0,1.0,0.0,367.0,1.0,10.0,17.0,13.0,1.0,1.0,2.0,0.0,0.0,5.0,2.0,1.0,1.0,1.0,0.0,0.0,18.0,13.0,6.0,9.0,3.0,4.0,11.0,36.4,7.0,18.0,5.0,13.0,4.0,22.0,12.0,1.0,51.0,591.0,56.0,180.0,286.0,131.0,16.0,591.0,11.0,10.0,90.9,1.0,9.1,328.0,2215.0,1252.0,21.0,11.0,7.0,14.0,13.0,358.0,58.0,1.0,0.0,0.0,11.0,5.0,1.0,12.0,4.0,13.0,0.0,1.0,0.0,62.0,14.0,7.0,66.7,16.0,6.0,37.5,0.13,0.33,18.3,1.0,0.0,1.0,2.2,1.4,0.09,-0.2,0.6,6.0,3.0,50.0,0.0,2.2,-0.8,0.0,0.0,0.0,0.0,5.0,19.0,26.3,31.0,4.0,38.7,35.6,7.0,100.0,50.9,11.0,1.0,9.1,0.0,11.0,346.0,477.0,72.5,5859.0,2834.0,163.0,194.0,84.0,147.0,177.0,83.1,28.0,71.0,39.4,1.0,1.0,0.8,9.0,23.0,7.0,2.0,31.0,477.0,433.0,43.0,9.0,0.0,0.0,10.0,21.0,2.0,2.0,0.0,0.0,346.0,1.0,13.0,26.0,19.0,1.0,1.0,2.0,2.0,1.0,2.0,1.0,0.0,0.0,1.0,0.0,0.0,14.0,11.0,7.0,5.0,2.0,1.0,11.0,9.1,10.0,10.0,1.0,9.0,13.0,27.0,15.0,0.0,49.0,582.0,60.0,239.0,250.0,104.0,18.0,581.0,11.0,7.0,63.6,4.0,36.4,375.0,2009.0,1060.0,22.0,16.0,9.0,16.0,14.0,344.0,30.0,1.0,0.0,0.0,5.0,11.0,1.0,10.0,13.0,11.0,1.0,0.0,0.0,69.0,7.0,14.0,33.3
2024-03-06,18:30,D1 Fém,Matchweek 13,Wed,Home,W,3,2,Paris FC,Le Havre,1.8,2.2,51.0,111.0,Gaëtane Thiney,4-2-3-1,Elisa Daupeux,,,,,,,,,,,,,,,,,,,,,,,,,,,,,,,,,,,,,,,,,,,,,,,,,,,,,,,,,,,,,,,,,,,,,,,,,,,,,,,,,,,,,,,,,,,,,,,,,,,,,,,,,,,,,,,,,,,,,,,,,,,,,,,,,,,,,,,,,,,,,,,,,,,,,,,,,,,,,,,,,,,,,,,,,,,,,,,,,,,,,,,,,,,,,,,,,,,,,,,,,,,,,,,,,,,,,,,,,,,,,,,,,,,,,,,,,,,,,,,,,,,,,,,,,,,,,,,,,,,,,,,,,,,,,,,,,,,,,,,,,,,,,,,,,,
2024-03-16,14:00,D1 Fém,Matchweek 17,Sat,Away,,,,Paris FC,Guingamp,,,,,,,,,,,,,,,,,,,,,,,,,,,,,,,,,,,,,,,,,,,,,,,,,,,,,,,,,,,,,,,,,,,,,,,,,,,,,,,,,,,,,,,,,,,,,,,,,,,,,,,,,,,,,,,,,,,,,,,,,,,,,,,,,,,,,,,,,,,,,,,,,,,,,,,,,,,,,,,,,,,,,,,,,,,,,,,,,,,,,,,,,,,,,,,,,,,,,,,,,,,,,,,,,,,,,,,,,,,,,,,,,,,,,,,,,,,,,,,,,,,,,,,,,,,,,,,,,,,,,,,,,,,,,,,,,,,,,,,,,,,,,,,,,,,,,,,,,
2024-03-22,21:00,D1 Fém,Matchweek 18,Fri,Away,,,,Paris FC,Fleury,,,,,,,,,,,,,,,,,,,,,,,,,,,,,,,,,,,,,,,,,,,,,,,,,,,,,,,,,,,,,,,,,,,,,,,,,,,,,,,,,,,,,,,,,,,,,,,,,,,,,,,,,,,,,,,,,,,,,,,,,,,,,,,,,,,,,,,,,,,,,,,,,,,,,,,,,,,,,,,,,,,,,,,,,,,,,,,,,,,,,,,,,,,,,,,,,,,,,,,,,,,,,,,,,,,,,,,,,,,,,,,,,,,,,,,,,,,,,,,,,,,,,,,,,,,,,,,,,,,,,,,,,,,,,,,,,,,,,,,,,,,,,,,,,,,,,,,,,
2024-03-29,21:00,D1 Fém,Matchweek 19,Fri,Home,,,,Paris FC,Montpellier,,,,,,,,,,,,,,,,,,,,,,,,,,,,,,,,,,,,,,,,,,,,,,,,,,,,,,,,,,,,,,,,,,,,,,,,,,,,,,,,,,,,,,,,,,,,,,,,,,,,,,,,,,,,,,,,,,,,,,,,,,,,,,,,,,,,,,,,,,,,,,,,,,,,,,,,,,,,,,,,,,,,,,,,,,,,,,,,,,,,,,,,,,,,,,,,,,,,,,,,,,,,,,,,,,,,,,,,,,,,,,,,,,,,,,,,,,,,,,,,,,,,,,,,,,,,,,,,,,,,,,,,,,,,,,,,,,,,,,,,,,,,,,,,,,,,,,,,,
2024-04-13,15:00,D1 Fém,Matchweek 20,Sat,Home,,,,Paris FC,Stade de Reims,,,,,,,,,,,,,,,,,,,,,,,,,,,,,,,,,,,,,,,,,,,,,,,,,,,,,,,,,,,,,,,,,,,,,,,,,,,,,,,,,,,,,,,,,,,,,,,,,,,,,,,,,,,,,,,,,,,,,,,,,,,,,,,,,,,,,,,,,,,,,,,,,,,,,,,,,,,,,,,,,,,,,,,,,,,,,,,,,,,,,,,,,,,,,,,,,,,,,,,,,,,,,,,,,,,,,,,,,,,,,,,,,,,,,,,,,,,,,,,,,,,,,,,,,,,,,,,,,,,,,,,,,,,,,,,,,,,,,,,,,,,,,,,,,,,,,,,,,
2024-04-24,14:30,D1 Fém,Matchweek 21,Wed,Away,,,,Paris FC,Paris S-G,,,,,,,,,,,,,,,,,,,,,,,,,,,,,,,,,,,,,,,,,,,,,,,,,,,,,,,,,,,,,,,,,,,,,,,,,,,,,,,,,,,,,,,,,,,,,,,,,,,,,,,,,,,,,,,,,,,,,,,,,,,,,,,,,,,,,,,,,,,,,,,,,,,,,,,,,,,,,,,,,,,,,,,,,,,,,,,,,,,,,,,,,,,,,,,,,,,,,,,,,,,,,,,,,,,,,,,,,,,,,,,,,,,,,,,,,,,,,,,,,,,,,,,,,,,,,,,,,,,,,,,,,,,,,,,,,,,,,,,,,,,,,,,,,,,,,,,,,
2024-05-08,14:30,D1 Fém,Matchweek 22,Wed,Home,,,,Paris FC,Dijon,,,,,,,,,,,,,,,,,,,,,,,,,,,,,,,,,,,,,,,,,,,,,,,,,,,,,,,,,,,,,,,,,,,,,,,,,,,,,,,,,,,,,,,,,,,,,,,,,,,,,,,,,,,,,,,,,,,,,,,,,,,,,,,,,,,,,,,,,,,,,,,,,,,,,,,,,,,,,,,,,,,,,,,,,,,,,,,,,,,,,,,,,,,,,,,,,,,,,,,,,,,,,,,,,,,,,,,,,,,,,,,,,,,,,,,,,,,,,,,,,,,,,,,,,,,,,,,,,,,,,,,,,,,,,,,,,,,,,,,,,,,,,,,,,,,,,,,,,
2023-09-16,15:00,D1 Fém,Matchweek 1,Sat,Home,W,2.0,0.0,Montpellier,Dijon,2.2,0.2,60.0,296.0,Marion Torrent,4-3-3,Émeline Rochebilière,18.0,5.0,27.8,0.11,0.4,17.2,1.0,0.0,0.0,2.2,2.2,0.14,-0.2,-0.2,2.0,2.0,100.0,1.0,0.2,0.2,0.0,0.0,0.0,0.0,0.0,0.0,,24.0,7.0,0.0,20.3,6.0,0.0,20.5,10.0,3.0,30.0,0.0,8.5,350.0,437.0,80.1,7243.0,2755.0,100.0,120.0,83.3,200.0,232.0,86.2,50.0,77.0,64.9,0.0,1.3,0.9,10.0,21.0,8.0,1.0,29.0,437.0,390.0,47.0,8.0,0.0,0.0,19.0,26.0,6.0,4.0,1.0,0.0,350.0,0.0,7.0,24.0,13.0,3.0,2.0,5.0,1.0,0.0,2.0,0.0,0.0,0.0,2.0,0.0,0.0,16.0,14.0,7.0,6.0,3.0,6.0,10.0,60.0,4.0,11.0,3.0,8.0,11.0,27.0,9.0,0.0,60.0,543.0,51.0,246.0,171.0,131.0,27.0,543.0,21.0,5.0,23.8,16.0,76.2,268.0,1292.0,637.0,13.0,6.0,5.0,16.0,7.0,347.0,28.0,1.0,0.0,0.0,10.0,9.0,0.0,19.0,11.0,14.0,0.0,0.0,0.0,51.0,2.0,4.0,33.3,7.0,2.0,28.6,0.0,0.0,28.1,0.0,0.0,0.0,0.2,0.2,0.04,-0.2,-0.2,5.0,3.0,60.0,0.0,1.9,-0.1,0.0,0.0,0.0,0.0,2.0,5.0,40.0,12.0,3.0,25.0,27.5,13.0,15.4,26.4,16.0,2.0,12.5,2.0,14.7,186.0,289.0,64.4,3319.0,1719.0,77.0,104.0,74.0,89.0,121.0,73.6,17.0,52.0,32.7,0.0,0.2,0.2,5.0,13.0,1.0,1.0,19.0,289.0,225.0,64.0,10.0,0.0,0.0,12.0,35.0,3.0,2.0,1.0,0.0,186.0,0.0,10.0,8.0,6.0,1.0,0.0,0.0,1.0,0.0,0.0,0.0,0.0,0.0,0.0,0.0,0.0,23.0,15.0,10.0,9.0,4.0,16.0,21.0,76.2,5.0,13.0,6.0,7.0,16.0,39.0,13.0,1.0,40.0,386.0,60.0,176.0,133.0,86.0,2.0,386.0,10.0,4.0,40.0,6.0,60.0,182.0,1311.0,497.0,12.0,6.0,0.0,10.0,10.0,184.0,18.0,2.0,0.0,0.0,9.0,9.0,0.0,12.0,16.0,15.0,0.0,0.0,0.0,46.0,4.0,2.0,66.7
2023-09-30,15:00,D1 Fém,Matchweek 2,Sat,Away,D,1.0,1.0,Montpellier,Saint-Étienne,0.4,0.2,62.0,227.0,Marion Torrent,4-3-1-2,Aurélie Efe,5.0,1.0,20.0,0.2,1.0,11.8,0.0,0.0,0.0,0.4,0.4,0.08,0.6,0.6,2.0,1.0,50.0,0.0,0.6,-0.4,0.0,0.0,0.0,0.0,4.0,8.0,50.0,14.0,4.0,21.4,26.3,8.0,62.5,44.8,10.0,1.0,10.0,0.0,9.7,280.0,409.0,68.5,6041.0,2740.0,74.0,99.0,74.7,163.0,214.0,76.2,41.0,80.0,51.3,1.0,0.4,0.7,4.0,28.0,0.0,0.0,37.0,409.0,337.0,68.0,26.0,0.0,1.0,27.0,27.0,5.0,3.0,1.0,1.0,280.0,4.0,6.0,9.0,5.0,2.0,1.0,0.0,1.0,0.0,2.0,2.0,0.0,0.0,0.0,0.0,0.0,9.0,7.0,5.0,2.0,2.0,4.0,9.0,44.4,5.0,4.0,0.0,4.0,7.0,16.0,6.0,0.0,62.0,476.0,32.0,140.0,253.0,87.0,10.0,476.0,11.0,5.0,45.5,6.0,54.5,278.0,1555.0,752.0,9.0,4.0,4.0,20.0,4.0,271.0,33.0,2.0,0.0,0.0,14.0,24.0,4.0,27.0,7.0,7.0,0.0,0.0,0.0,45.0,4.0,6.0,40.0,6.0,2.0,33.3,0.17,0.5,22.9,0.0,0.0,0.0,0.2,0.2,0.04,0.8,0.8,1.0,0.0,0.0,0.0,0.7,-0.3,0.0,0.0,0.0,0.0,8.0,19.0,42.1,17.0,1.0,70.6,48.2,8.0,87.5,51.1,19.0,1.0,5.3,2.0,21.2,127.0,247.0,51.4,2940.0,1829.0,38.0,63.0,60.3,51.0,87.0,58.6,35.0,85.0,41.2,1.0,0.0,0.1,2.0,12.0,1.0,1.0,10.0,247.0,179.0,67.0,18.0,0.0,1.0,11.0,38.0,1.0,1.0,0.0,0.0,127.0,1.0,5.0,4.0,2.0,1.0,0.0,0.0,1.0,0.0,2.0,2.0,0.0,0.0,0.0,0.0,0.0,10.0,6.0,8.0,2.0,0.0,6.0,11.0,54.5,5.0,6.0,3.0,3.0,10.0,20.0,12.0,0.0,38.0,322.0,37.0,135.0,140.0,50.0,5.0,322.0,9.0,5.0,55.6,4.0,44.4,101.0,728.0,291.0,7.0,3.0,1.0,21.0,5.0,123.0,10.0,3.0,0.0,0.0,24.0,14.0,1.0,11.0,10.0,6.0,0.0,0.0,0.0,39.0,6.0,4.0,60.0
2023-10-07,15:00,D1 Fém,Matchweek 3,Sat,Home,W,3.0,1.0,Montpellier,Guingamp,1.4,0.5,51.0,135.0,Marion Torrent,4-4-2,Victoria Beyer,17.0,5.0,29.4,0.18,0.6,19.1,0.0,0.0,0.0,1.4,1.4,0.08,1.6,1.6,3.0,2.0,66.7,0.0,0.8,-0.2,0.0,0.0,0.0,0.0,2.0,3.0,66.7,17.0,4.0,11.8,24.9,6.0,16.7,36.2,12.0,0.0,0.0,0.0,11.5,267.0,371.0,72.0,5367.0,2449.0,87.0,108.0,80.6,137.0,181.0,75.7,40.0,65.0,61.5,2.0,1.1,1.2,11.0,24.0,9.0,3.0,37.0,371.0,318.0,50.0,15.0,0.0,1.0,29.0,19.0,8.0,5.0,2.0,0.0,267.0,3.0,9.0,25.0,18.0,0.0,2.0,3.0,1.0,1.0,3.0,2.0,0.0,0.0,0.0,0.0,1.0,25.0,19.0,9.0,11.0,5.0,13.0,17.0,76.5,4.0,11.0,2.0,9.0,7.0,32.0,11.0,1.0,51.0,481.0,37.0,170.0,170.0,144.0,27.0,480.0,19.0,11.0,57.9,8.0,42.1,244.0,1146.0,607.0,17.0,13.0,5.0,25.0,9.0,261.0,37.0,2.0,0.0,0.0,17.0,13.0,3.0,29.0,7.0,19.0,0.0,0.0,0.0,61.0,10.0,5.0,66.7,7.0,3.0,42.9,0.14,0.33,23.4,0.0,0.0,0.0,0.5,0.5,0.07,0.5,0.5,5.0,2.0,40.0,0.0,0.9,-2.1,0.0,0.0,0.0,0.0,2.0,7.0,28.6,30.0,6.0,10.0,24.4,12.0,33.3,26.2,22.0,2.0,9.1,0.0,3.8,262.0,354.0,74.0,4385.0,2033.0,113.0,141.0,80.1,114.0,140.0,81.4,25.0,48.0,52.1,0.0,0.2,0.3,6.0,13.0,2.0,2.0,19.0,354.0,290.0,63.0,20.0,0.0,1.0,14.0,25.0,2.0,0.0,2.0,0.0,262.0,1.0,10.0,11.0,8.0,3.0,0.0,0.0,0.0,0.0,0.0,0.0,0.0,0.0,0.0,0.0,0.0,17.0,11.0,12.0,3.0,2.0,8.0,19.0,42.1,11.0,12.0,4.0,8.0,6.0,23.0,23.0,1.0,49.0,459.0,81.0,228.0,150.0,85.0,6.0,459.0,17.0,4.0,23.5,13.0,76.5,282.0,1300.0,660.0,7.0,12.0,1.0,19.0,12.0,259.0,18.0,5.0,0.0,0.0,15.0,17.0,1.0,14.0,6.0,11.0,0.0,0.0,0.0,48.0,5.0,10.0,33.3
2023-10-13,18:30,D1 Fém,Matchweek 4,Fri,Away,D,1.0,1.0,Montpellier,Bordeaux,1.2,1.2,60.0,467.0,Marion Torrent,4-2-3-1,Elisa Daupeux,15.0,4.0,26.7,0.07,0.25,19.2,0.0,0.0,0.0,1.2,1.2,0.08,-0.2,-0.2,5.0,4.0,100.0,0.0,1.4,0.4,1.0,1.0,0.0,0.0,2.0,3.0,66.7,15.0,5.0,6.7,22.9,9.0,22.2,31.3,8.0,1.0,12.5,0.0,3.0,331.0,479.0,69.1,5895.0,2741.0,140.0,179.0,78.2,162.0,210.0,77.1,26.0,70.0,37.1,1.0,1.1,0.9,14.0,28.0,6.0,3.0,43.0,479.0,418.0,58.0,13.0,0.0,2.0,25.0,28.0,6.0,4.0,2.0,0.0,331.0,3.0,15.0,27.0,21.0,2.0,2.0,1.0,1.0,0.0,2.0,2.0,0.0,0.0,0.0,0.0,0.0,17.0,13.0,8.0,7.0,2.0,12.0,21.0,57.1,9.0,11.0,2.0,9.0,15.0,32.0,16.0,0.0,60.0,572.0,44.0,182.0,265.0,130.0,20.0,572.0,13.0,9.0,69.2,4.0,30.8,306.0,1915.0,1019.0,14.0,12.0,4.0,21.0,7.0,327.0,42.0,1.0,0.0,0.0,13.0,9.0,3.0,25.0,15.0,13.0,0.0,1.0,0.0,70.0,17.0,12.0,58.6,10.0,4.0,40.0,0.0,0.0,21.7,0.0,1.0,1.0,1.2,0.4,0.04,-0.2,-0.4,4.0,3.0,75.0,0.0,0.5,-0.5,0.0,0.0,0.0,0.0,7.0,19.0,36.8,21.0,5.0,61.9,41.8,11.0,54.5,38.9,20.0,0.0,0.0,0.0,5.8,184.0,325.0,56.6,3619.0,2140.0,77.0,120.0,64.2,72.0,116.0,62.1,34.0,74.0,45.9,0.0,0.4,0.4,9.0,20.0,5.0,3.0,30.0,325.0,266.0,57.0,14.0,0.0,2.0,12.0,27.0,3.0,3.0,0.0,0.0,184.0,2.0,9.0,20.0,15.0,1.0,3.0,0.0,0.0,1.0,1.0,1.0,0.0,0.0,0.0,0.0,0.0,11.0,6.0,5.0,4.0,2.0,4.0,13.0,30.8,9.0,11.0,1.0,10.0,19.0,30.0,27.0,0.0,40.0,446.0,56.0,184.0,169.0,105.0,17.0,445.0,21.0,9.0,42.9,12.0,57.1,218.0,1351.0,702.0,19.0,9.0,8.0,21.0,5.0,179.0,27.0,3.0,0.0,0.0,11.0,9.0,2.0,12.0,19.0,6.0,0.0,0.0,0.0,81.0,12.0,17.0,41.4
2023-10-20,21:00,D1 Fém,Matchweek 5,Fri,Home,D,1.0,1.0,Montpellier,Fleury,0.8,1.3,50.0,492.0,Marion Torrent,4-2-3-1,Maika Vanderstichel,16.0,4.0,25.0,0.06,0.25,19.4,0.0,0.0,0.0,0.8,0.8,0.05,0.2,0.2,4.0,3.0,100.0,0.0,1.8,0.8,1.0,1.0,0.0,0.0,3.0,8.0,37.5,19.0,5.0,15.8,28.2,8.0,75.0,45.9,13.0,0.0,0.0,0.0,17.0,296.0,438.0,67.6,5597.0,2624.0,132.0,151.0,87.4,123.0,186.0,66.1,40.0,79.0,50.6,1.0,0.5,0.3,10.0,22.0,3.0,1.0,27.0,438.0,374.0,64.0,8.0,0.0,4.0,26.0,37.0,9.0,5.0,4.0,0.0,296.0,0.0,16.0,24.0,16.0,4.0,1.0,2.0,0.0,1.0,2.0,2.0,0.0,0.0,0.0,0.0,0.0,21.0,13.0,9.0,11.0,1.0,7.0,13.0,53.8,6.0,14.0,0.0,14.0,8.0,29.0,13.0,0.0,50.0,549.0,42.0,184.0,236.0,132.0,13.0,549.0,6.0,5.0,83.3,1.0,16.7,289.0,1174.0,477.0,10.0,12.0,2.0,24.0,13.0,295.0,27.0,3.0,0.0,0.0,15.0,8.0,0.0,26.0,8.0,13.0,0.0,1.0,0.0,71.0,6.0,5.0,54.5,7.0,3.0,42.9,0.0,0.0,21.9,1.0,1.0,1.0,1.3,0.5,0.07,-0.3,-0.5,4.0,3.0,75.0,0.0,0.5,-0.5,0.0,0.0,0.0,0.0,3.0,4.0,75.0,31.0,8.0,9.7,23.6,9.0,11.1,23.1,20.0,1.0,5.0,3.0,14.8,308.0,441.0,69.8,5846.0,2900.0,118.0,160.0,73.8,153.0,186.0,82.3,34.0,77.0,44.2,0.0,0.3,0.2,3.0,21.0,2.0,0.0,34.0,441.0,382.0,59.0,15.0,0.0,0.0,18.0,32.0,1.0,1.0,0.0,0.0,308.0,0.0,15.0,13.0,5.0,2.0,0.0,0.0,5.0,1.0,2.0,1.0,0.0,0.0,0.0,1.0,0.0,14.0,9.0,5.0,8.0,1.0,1.0,6.0,16.7,5.0,16.0,6.0,10.0,3.0,17.0,34.0,0.0,50.0,569.0,69.0,272.0,208.0,96.0,8.0,568.0,13.0,6.0,46.2,7.0,53.8,274.0,1474.0,708.0,12.0,3.0,2.0,21.0,14.0,307.0,34.0,1.0,0.0,0.0,8.0,14.0,0.0,18.0,3.0,9.0,1.0,0.0,0.0,66.0,5.0,6.0,45.5
2023-11-03,21:00,D1 Fém,Matchweek 6,Fri,Away,D,0.0,0.0,Montpellier,Lille,1.0,0.6,55.0,1633.0,Marion Torrent,4-2-3-1,Émeline Rochebilière,13.0,1.0,7.7,0.0,0.0,17.0,0.0,0.0,0.0,1.0,1.0,0.08,-1.0,-1.0,1.0,1.0,100.0,1.0,0.0,0.0,0.0,0.0,0.0,0.0,3.0,6.0,50.0,19.0,5.0,10.5,25.8,11.0,36.4,39.9,10.0,1.0,10.0,2.0,21.3,339.0,464.0,73.1,6645.0,3100.0,111.0,145.0,76.6,194.0,228.0,85.1,32.0,63.0,50.8,0.0,0.9,0.7,10.0,35.0,7.0,2.0,47.0,464.0,401.0,59.0,11.0,1.0,0.0,17.0,34.0,2.0,2.0,0.0,0.0,339.0,4.0,8.0,21.0,16.0,2.0,2.0,1.0,0.0,0.0,0.0,0.0,0.0,0.0,0.0,0.0,0.0,28.0,17.0,12.0,10.0,6.0,12.0,23.0,52.2,11.0,14.0,2.0,12.0,10.0,38.0,11.0,0.0,55.0,583.0,45.0,204.0,264.0,123.0,25.0,583.0,16.0,10.0,62.5,6.0,37.5,336.0,1478.0,685.0,17.0,5.0,8.0,25.0,11.0,337.0,46.0,3.0,0.0,0.0,12.0,9.0,4.0,17.0,10.0,17.0,0.0,0.0,0.0,73.0,15.0,2.0,88.2,10.0,1.0,10.0,0.0,0.0,20.5,2.0,0.0,0.0,0.6,0.6,0.06,-0.6,-0.6,1.0,1.0,100.0,1.0,0.2,0.2,0.0,0.0,0.0,0.0,1.0,8.0,12.5,25.0,5.0,12.0,28.2,14.0,35.7,34.3,13.0,1.0,7.7,0.0,9.0,244.0,375.0,65.1,4603.0,2262.0,92.0,125.0,73.6,108.0,145.0,74.5,34.0,70.0,48.6,0.0,0.4,0.6,6.0,27.0,2.0,1.0,30.0,375.0,314.0,60.0,14.0,1.0,2.0,14.0,28.0,3.0,0.0,0.0,2.0,244.0,1.0,12.0,15.0,8.0,2.0,1.0,0.0,4.0,0.0,0.0,0.0,0.0,0.0,0.0,0.0,0.0,17.0,12.0,12.0,4.0,1.0,6.0,16.0,37.5,10.0,11.0,3.0,8.0,11.0,28.0,7.0,0.0,45.0,494.0,54.0,200.0,186.0,114.0,16.0,494.0,23.0,11.0,47.8,12.0,52.2,171.0,1144.0,616.0,13.0,8.0,4.0,23.0,16.0,240.0,30.0,1.0,0.0,0.0,9.0,12.0,1.0,14.0,11.0,12.0,0.0,0.0,0.0,76.0,2.0,15.0,11.8
2023-11-10,21:00,D1 Fém,Matchweek 7,Fri,Away,L,0.0,5.0,Montpellier,Lyon,0.6,3.8,38.0,800.0,Marion Torrent,3-4-3,Elisa Daupeux,7.0,4.0,57.1,0.0,0.0,18.2,0.0,0.0,0.0,0.6,0.6,0.09,-0.6,-0.6,12.0,10.0,58.3,0.0,3.0,1.0,0.0,0.0,0.0,0.0,3.0,14.0,21.4,15.0,4.0,40.0,32.9,14.0,57.1,39.0,24.0,1.0,4.2,0.0,4.8,219.0,341.0,64.2,3779.0,2012.0,110.0,155.0,71.0,90.0,124.0,72.6,16.0,41.0,39.0,0.0,0.3,0.8,5.0,15.0,0.0,0.0,21.0,341.0,286.0,54.0,11.0,0.0,0.0,6.0,22.0,2.0,1.0,1.0,0.0,219.0,1.0,14.0,10.0,6.0,2.0,0.0,1.0,1.0,0.0,0.0,0.0,0.0,0.0,0.0,0.0,0.0,15.0,10.0,9.0,4.0,2.0,12.0,17.0,70.6,5.0,10.0,4.0,6.0,17.0,32.0,32.0,1.0,38.0,452.0,75.0,207.0,184.0,63.0,9.0,452.0,8.0,5.0,62.5,3.0,37.5,180.0,810.0,345.0,4.0,4.0,3.0,16.0,8.0,215.0,20.0,2.0,0.0,0.0,11.0,11.0,1.0,6.0,17.0,10.0,0.0,0.0,3.0,58.0,8.0,7.0,53.3,28.0,12.0,42.9,0.07,0.17,14.6,2.0,0.0,0.0,3.8,3.8,0.14,-1.8,-1.8,4.0,4.0,100.0,1.0,0.6,0.6,0.0,0.0,0.0,0.0,5.0,7.0,71.4,40.0,5.0,17.5,25.6,3.0,0.0,12.3,4.0,0.0,0.0,0.0,9.0,452.0,565.0,80.0,7986.0,3399.0,193.0,223.0,86.5,204.0,242.0,84.3,45.0,71.0,63.4,1.0,2.4,2.4,18.0,36.0,17.0,2.0,66.0,565.0,517.0,48.0,10.0,3.0,0.0,33.0,25.0,9.0,6.0,0.0,0.0,452.0,0.0,7.0,47.0,38.0,3.0,1.0,3.0,2.0,0.0,3.0,0.0,1.0,1.0,1.0,0.0,0.0,11.0,9.0,6.0,5.0,0.0,3.0,8.0,37.5,5.0,17.0,1.0,16.0,23.0,34.0,4.0,0.0,62.0,687.0,38.0,233.0,217.0,242.0,48.0,687.0,17.0,5.0,29.4,12.0,70.6,451.0,1960.0,852.0,21.0,11.0,8.0,22.0,3.0,451.0,66.0,0.0,0.0,0.0,11.0,11.0,0.0,33.0,23.0,9.0,0.0,0.0,0.0,66.0,7.0,8.0,46.7
2023-11-18,14:30,D1 Fém,Matchweek 8,Sat,Home,W,2.0,1.0,Montpellier,Stade de Reims,2.0,1.2,66.0,271.0,Marion Torrent,3-4-3,Aurélie Efe,13.0,6.0,46.2,0.15,0.33,12.9,1.0,0.0,0.0,2.0,2.0,0.17,0.0,0.0,3.0,2.0,66.7,0.0,1.4,0.4,0.0,0.0,0.0,0.0,4.0,4.0,100.0,27.0,8.0,11.1,25.4,3.0,33.3,25.7,12.0,3.0,25.0,0.0,5.0,366.0,480.0,76.3,6817.0,2950.0,132.0,158.0,83.5,195.0,229.0,85.2,33.0,66.0,50.0,0.0,1.2,0.8,8.0,31.0,9.0,3.0,55.0,480.0,430.0,47.0,19.0,0.0,1.0,27.0,16.0,7.0,1.0,0.0,5.0,366.0,3.0,6.0,22.0,16.0,2.0,1.0,2.0,1.0,0.0,3.0,2.0,0.0,0.0,1.0,0.0,0.0,17.0,15.0,3.0,8.0,6.0,4.0,14.0,28.6,10.0,4.0,1.0,3.0,10.0,27.0,14.0,1.0,66.0,576.0,53.0,206.0,231.0,141.0,19.0,576.0,21.0,12.0,57.1,9.0,42.9,239.0,1404.0,644.0,13.0,11.0,3.0,21.0,13.0,357.0,54.0,3.0,0.0,0.0,19.0,17.0,3.0,27.0,10.0,15.0,0.0,0.0,0.0,72.0,16.0,9.0,64.0,6.0,3.0,50.0,0.17,0.33,15.4,0.0,0.0,0.0,1.2,1.2,0.2,-0.2,-0.2,6.0,4.0,66.7,0.0,2.5,0.5,0.0,0.0,0.0,0.0,1.0,4.0,25.0,11.0,3.0,18.2,25.4,10.0,20.0,22.9,23.0,0.0,0.0,0.0,,125.0,220.0,56.8,2863.0,1553.0,34.0,56.0,60.7,67.0,96.0,69.8,24.0,60.0,40.0,0.0,0.4,0.2,2.0,14.0,0.0,0.0,14.0,220.0,170.0,49.0,20.0,0.0,0.0,13.0,11.0,5.0,2.0,3.0,0.0,125.0,1.0,3.0,10.0,3.0,2.0,3.0,0.0,0.0,2.0,2.0,0.0,0.0,1.0,0.0,0.0,1.0,21.0,17.0,12.0,4.0,5.0,8.0,17.0,47.1,9.0,6.0,1.0,5.0,14.0,35.0,17.0,0.0,34.0,308.0,61.0,153.0,99.0,61.0,9.0,308.0,14.0,10.0,71.4,4.0,28.6,132.0,815.0,314.0,9.0,4.0,1.0,11.0,13.0,127.0,13.0,2.0,0.0,0.0,17.0,18.0,1.0,13.0,14.0,17.0,0.0,0.0,0.0,47.0,8.0,16.0,33.3
2023-11-26,14:30,D1 Fém,Matchweek 9,Sun,Away,L,1.0,4.0,Montpellier,Paris S-G,2.4,4.1,41.0,326.0,Marion Torrent,4-2-3-1,Alexandra Collin,12.0,6.0,50.0,0.0,0.0,15.3,0.0,1.0,1.0,2.4,1.7,0.14,-1.4,-1.7,7.0,3.0,42.9,0.0,3.3,-0.7,1.0,0.0,0.0,1.0,3.0,9.0,33.3,16.0,0.0,25.0,32.1,9.0,55.6,38.9,14.0,0.0,0.0,1.0,23.0,307.0,409.0,75.1,5350.0,2719.0,145.0,175.0,82.9,121.0,149.0,81.2,33.0,58.0,56.9,0.0,1.5,1.4,10.0,26.0,13.0,2.0,45.0,409.0,362.0,46.0,11.0,1.0,2.0,17.0,16.0,5.0,3.0,2.0,0.0,307.0,1.0,11.0,21.0,19.0,1.0,0.0,1.0,0.0,0.0,0.0,0.0,0.0,0.0,0.0,0.0,0.0,22.0,17.0,12.0,7.0,3.0,9.0,22.0,40.9,13.0,16.0,7.0,9.0,16.0,38.0,9.0,0.0,41.0,525.0,72.0,186.0,204.0,142.0,27.0,524.0,10.0,5.0,50.0,5.0,50.0,324.0,1770.0,893.0,16.0,13.0,6.0,20.0,6.0,306.0,45.0,0.0,0.0,0.0,12.0,8.0,1.0,17.0,16.0,17.0,0.0,1.0,0.0,69.0,4.0,4.0,50.0,20.0,7.0,35.0,0.2,0.57,13.3,0.0,0.0,1.0,4.1,3.3,0.18,-0.1,0.7,7.0,6.0,100.0,0.0,3.4,2.4,1.0,1.0,0.0,0.0,3.0,4.0,75.0,24.0,3.0,8.3,23.6,7.0,28.6,32.3,12.0,0.0,0.0,0.0,11.5,491.0,582.0,84.4,9837.0,4160.0,167.0,197.0,84.8,268.0,294.0,91.2,54.0,73.0,74.0,3.0,2.6,3.7,15.0,57.0,17.0,4.0,67.0,582.0,526.0,53.0,12.0,1.0,1.0,20.0,27.0,5.0,1.0,3.0,0.0,491.0,3.0,10.0,33.0,26.0,0.0,3.0,3.0,1.0,0.0,6.0,4.0,0.0,0.0,2.0,0.0,0.0,11.0,7.0,8.0,2.0,1.0,5.0,10.0,50.0,5.0,13.0,2.0,11.0,12.0,23.0,14.0,0.0,59.0,694.0,68.0,239.0,260.0,199.0,47.0,693.0,22.0,13.0,59.1,9.0,40.9,488.0,2510.0,1189.0,19.0,12.0,11.0,17.0,13.0,486.0,65.0,1.0,0.0,0.0,9.0,12.0,3.0,20.0,12.0,7.0,1.0,1.0,0.0,58.0,4.0,4.0,50.0
2023-12-09,14:30,D1 Fém,Matchweek 10,Sat,Home,L,1.0,4.0,Montpellier,Paris FC,0.9,3.5,43.0,393.0,Marion Torrent,4-2-3-1,Émeline Rochebilière,9.0,5.0,55.6,0.11,0.2,14.5,0.0,0.0,0.0,0.9,0.9,0.1,0.1,0.1,12.0,8.0,66.7,0.0,4.7,0.7,0.0,0.0,0.0,0.0,4.0,8.0,50.0,28.0,2.0,21.4,30.8,5.0,40.0,30.2,6.0,0.0,0.0,0.0,12.0,243.0,379.0,64.1,5032.0,2553.0,81.0,119.0,68.1,121.0,157.0,77.1,40.0,87.0,46.0,0.0,0.3,0.5,5.0,20.0,7.0,2.0,29.0,379.0,323.0,55.0,12.0,0.0,1.0,24.0,25.0,8.0,8.0,0.0,0.0,243.0,1.0,19.0,13.0,12.0,1.0,0.0,0.0,0.0,0.0,1.0,1.0,0.0,0.0,0.0,0.0,0.0,13.0,12.0,6.0,5.0,2.0,2.0,11.0,18.2,9.0,12.0,3.0,9.0,15.0,28.0,11.0,0.0,43.0,462.0,66.0,217.0,147.0,104.0,21.0,462.0,15.0,9.0,60.0,6.0,40.0,279.0,1462.0,502.0,11.0,11.0,6.0,16.0,11.0,237.0,27.0,3.0,0.0,0.0,14.0,6.0,1.0,24.0,15.0,12.0,0.0,0.0,0.0,58.0,5.0,1.0,83.3,19.0,12.0,63.2,0.21,0.33,14.1,0.0,0.0,0.0,3.5,3.5,0.18,0.5,0.5,5.0,4.0,80.0,0.0,0.9,-0.1,0.0,0.0,0.0,0.0,2.0,5.0,40.0,28.0,7.0,17.9,29.2,5.0,0.0,24.2,19.0,4.0,21.1,0.0,4.5,397.0,512.0,77.5,7627.0,2957.0,153.0,186.0,82.3,193.0,226.0,85.4,47.0,79.0,59.5,3.0,2.7,2.6,14.0,27.0,17.0,3.0,48.0,512.0,459.0,49.0,15.0,1.0,5.0,10.0,21.0,6.0,1.0,1.0,0.0,397.0,4.0,9.0,33.0,25.0,3.0,3.0,1.0,1.0,0.0,6.0,5.0,0.0,1.0,0.0,0.0,0.0,17.0,14.0,9.0,3.0,5.0,6.0,15.0,40.0,9.0,18.0,1.0,17.0,10.0,27.0,13.0,0.0,57.0,618.0,54.0,232.0,224.0,166.0,45.0,618.0,11.0,9.0,81.8,2.0,18.2,274.0,1665.0,1002.0,19.0,10.0,8.0,18.0,11.0,391.0,48.0,1.0,0.0,0.0,8.0,14.0,3.0,10.0,10.0,14.0,0.0,0.0,0.0,54.0,1.0,5.0,16.7
2023-12-15,21:00,D1 Fém,Matchweek 11,Fri,Home,W,2.0,1.0,Montpellier,Le Havre,2.1,2.0,52.0,391.0,Marion Torrent,4-2-3-1,Audrey Gerbel,10.0,5.0,50.0,0.2,0.4,9.5,0.0,0.0,0.0,2.1,2.1,0.22,-0.1,-0.1,6.0,5.0,83.3,0.0,1.5,0.5,0.0,0.0,0.0,0.0,0.0,2.0,0.0,20.0,6.0,10.0,24.0,6.0,0.0,26.2,10.0,0.0,0.0,2.0,22.5,388.0,498.0,77.9,6673.0,2831.0,183.0,216.0,84.7,165.0,201.0,82.1,34.0,63.0,54.0,1.0,2.1,0.7,9.0,25.0,9.0,1.0,39.0,498.0,454.0,42.0,12.0,0.0,1.0,14.0,20.0,2.0,2.0,0.0,0.0,388.0,2.0,8.0,15.0,10.0,1.0,2.0,1.0,0.0,1.0,2.0,2.0,0.0,0.0,0.0,0.0,0.0,19.0,17.0,10.0,7.0,2.0,5.0,11.0,45.5,6.0,8.0,1.0,7.0,17.0,36.0,19.0,1.0,52.0,609.0,50.0,235.0,270.0,108.0,16.0,609.0,19.0,11.0,57.9,8.0,42.1,264.0,1820.0,834.0,15.0,14.0,3.0,25.0,8.0,381.0,39.0,2.0,0.0,0.0,17.0,11.0,2.0,14.0,17.0,17.0,0.0,0.0,0.0,73.0,10.0,3.0,76.9,10.0,6.0,60.0,0.1,0.17,12.1,0.0,0.0,0.0,2.0,2.0,0.2,-1.0,-1.0,5.0,3.0,60.0,0.0,1.9,-0.1,0.0,0.0,0.0,0.0,0.0,6.0,0.0,37.0,4.0,8.1,25.9,7.0,42.9,29.7,10.0,0.0,0.0,2.0,16.5,323.0,458.0,70.5,5301.0,2559.0,156.0,204.0,76.5,140.0,180.0,77.8,23.0,60.0,38.3,1.0,1.9,1.4,9.0,22.0,3.0,1.0,22.0,458.0,389.0,69.0,19.0,0.0,0.0,13.0,39.0,1.0,0.0,1.0,0.0,323.0,0.0,9.0,16.0,12.0,3.0,0.0,1.0,0.0,0.0,1.0,0.0,1.0,0.0,0.0,0.0,0.0,16.0,13.0,7.0,6.0,3.0,8.0,19.0,42.1,11.0,8.0,2.0,6.0,7.0,23.0,14.0,0.0,48.0,536.0,63.0,266.0,161.0,115.0,23.0,536.0,11.0,6.0,54.5,5.0,45.5,236.0,1147.0,503.0,13.0,5.0,5.0,22.0,14.0,316.0,21.0,0.0,0.0,0.0,11.0,13.0,0.0,13.0,7.0,13.0,0.0,0.0,0.0,63.0,3.0,10.0,23.1
2024-01-10,18:30,D1 Fém,Matchweek 12,Wed,Away,W,1.0,0.0,Montpellier,Guingamp,0.9,0.7,60.0,285.0,Marion Torrent,4-2-3-1,Céline Jeannot,11.0,5.0,45.5,0.09,0.2,21.8,3.0,0.0,0.0,0.9,0.9,0.08,0.1,0.1,5.0,5.0,100.0,1.0,0.5,0.5,0.0,0.0,0.0,0.0,2.0,4.0,50.0,26.0,8.0,15.4,27.0,2.0,0.0,15.5,12.0,3.0,25.0,1.0,11.3,429.0,544.0,78.9,7490.0,2891.0,186.0,225.0,82.7,188.0,220.0,85.5,39.0,62.0,62.9,0.0,0.7,0.6,8.0,47.0,10.0,1.0,49.0,544.0,485.0,56.0,9.0,0.0,2.0,27.0,35.0,9.0,6.0,0.0,1.0,429.0,3.0,16.0,22.0,16.0,2.0,0.0,0.0,4.0,0.0,2.0,1.0,0.0,0.0,0.0,1.0,0.0,12.0,9.0,1.0,6.0,5.0,4.0,13.0,30.8,9.0,10.0,2.0,8.0,9.0,21.0,20.0,0.0,60.0,653.0,44.0,194.0,294.0,170.0,19.0,653.0,14.0,10.0,71.4,4.0,28.6,371.0,1900.0,905.0,16.0,15.0,3.0,25.0,6.0,423.0,47.0,4.0,1.0,1.0,14.0,10.0,3.0,27.0,9.0,9.0,0.0,0.0,0.0,58.0,4.0,4.0,50.0,9.0,5.0,55.6,0.0,0.0,21.5,1.0,0.0,0.0,0.7,0.7,0.08,-0.7,-0.7,5.0,4.0,80.0,0.0,1.7,0.7,0.0,0.0,0.0,0.0,0.0,1.0,0.0,28.0,5.0,0.0,21.3,5.0,20.0,20.8,20.0,1.0,5.0,0.0,13.8,260.0,366.0,71.0,4559.0,1992.0,114.0,142.0,80.3,116.0,144.0,80.6,25.0,59.0,42.4,0.0,0.6,0.4,7.0,24.0,5.0,1.0,26.0,366.0,315.0,50.0,16.0,0.0,0.0,18.0,25.0,2.0,0.0,1.0,1.0,260.0,1.0,11.0,16.0,12.0,2.0,1.0,0.0,1.0,0.0,0.0,0.0,0.0,0.0,0.0,0.0,0.0,10.0,8.0,5.0,4.0,1.0,4.0,14.0,28.6,10.0,10.0,2.0,8.0,13.0,23.0,28.0,0.0,40.0,482.0,78.0,243.0,155.0,95.0,8.0,482.0,13.0,9.0,69.2,4.0,30.8,222.0,1647.0,859.0,16.0,7.0,2.0,25.0,8.0,257.0,25.0,3.0,1.0,1.0,11.0,12.0,1.0,18.0,13.0,8.0,0.0,0.0,0.0,62.0,4.0,4.0,50.0
2024-01-21,21:00,D1 Fém,Matchweek 13,Sun,Home,L,1.0,2.0,Montpellier,Lyon,1.2,2.7,37.0,713.0,Marion Torrent,4-2-3-1,Maika Vanderstichel,7.0,6.0,85.7,0.14,0.17,19.8,0.0,0.0,0.0,1.2,1.2,0.18,-0.2,-0.2,7.0,5.0,71.4,0.0,2.0,0.0,0.0,0.0,0.0,0.0,1.0,10.0,10.0,21.0,4.0,23.8,33.2,7.0,71.4,43.6,25.0,1.0,4.0,1.0,9.7,245.0,364.0,67.3,4287.0,1871.0,116.0,146.0,79.5,94.0,134.0,70.1,31.0,65.0,47.7,0.0,0.1,0.1,3.0,15.0,1.0,1.0,14.0,364.0,302.0,61.0,15.0,0.0,1.0,9.0,35.0,1.0,1.0,0.0,0.0,245.0,1.0,14.0,6.0,3.0,1.0,1.0,1.0,0.0,0.0,1.0,0.0,0.0,0.0,1.0,0.0,0.0,26.0,18.0,18.0,6.0,2.0,7.0,13.0,53.8,6.0,12.0,3.0,9.0,16.0,42.0,34.0,1.0,37.0,514.0,73.0,287.0,168.0,67.0,6.0,514.0,29.0,16.0,55.2,13.0,44.8,263.0,1242.0,570.0,8.0,6.0,1.0,20.0,7.0,240.0,13.0,2.0,0.0,0.0,8.0,14.0,1.0,9.0,16.0,18.0,0.0,0.0,0.0,42.0,7.0,13.0,35.0,16.0,7.0,43.8,0.13,0.29,13.8,0.0,0.0,0.0,2.7,2.7,0.2,-0.7,-0.7,6.0,5.0,83.3,0.0,1.6,0.6,0.0,0.0,0.0,0.0,2.0,4.0,50.0,32.0,5.0,12.5,24.8,0.0,,,6.0,0.0,0.0,0.0,10.3,503.0,615.0,81.8,8948.0,3588.0,215.0,249.0,86.3,240.0,277.0,86.6,41.0,72.0,56.9,2.0,2.6,1.7,11.0,67.0,15.0,5.0,82.0,615.0,571.0,44.0,9.0,5.0,0.0,29.0,27.0,6.0,2.0,4.0,0.0,503.0,0.0,9.0,27.0,20.0,3.0,0.0,1.0,2.0,1.0,4.0,4.0,0.0,0.0,0.0,0.0,0.0,20.0,14.0,8.0,6.0,6.0,13.0,29.0,44.8,16.0,14.0,1.0,13.0,18.0,38.0,9.0,0.0,63.0,743.0,37.0,172.0,320.0,256.0,26.0,743.0,13.0,6.0,46.2,7.0,53.8,380.0,2014.0,923.0,12.0,10.0,1.0,23.0,19.0,496.0,80.0,1.0,0.0,0.0,15.0,7.0,0.0,29.0,18.0,14.0,0.0,0.0,0.0,61.0,13.0,7.0,65.0
2024-02-03,14:30,D1 Fém,Matchweek 14,Sat,Away,L,0.0,1.0,Montpellier,Dijon,0.6,1.0,57.0,434.0,Marion Torrent,4-1-4-1,Audrey Gerbel,8.0,0.0,0.0,0.0,,15.6,0.0,0.0,0.0,0.6,0.6,0.08,-0.6,-0.6,5.0,4.0,80.0,0.0,0.9,-0.1,0.0,0.0,0.0,0.0,0.0,1.0,0.0,30.0,12.0,3.3,25.5,4.0,0.0,15.3,17.0,1.0,5.9,0.0,9.5,382.0,512.0,74.6,7995.0,3532.0,106.0,135.0,78.5,215.0,274.0,78.5,60.0,94.0,63.8,0.0,0.6,0.8,7.0,31.0,9.0,2.0,48.0,512.0,446.0,63.0,12.0,0.0,1.0,23.0,36.0,9.0,7.0,1.0,0.0,382.0,3.0,8.0,15.0,12.0,2.0,1.0,0.0,0.0,0.0,0.0,0.0,0.0,0.0,0.0,0.0,0.0,22.0,15.0,5.0,10.0,7.0,16.0,25.0,64.0,9.0,19.0,2.0,17.0,20.0,42.0,12.0,0.0,57.0,642.0,73.0,245.0,251.0,154.0,21.0,642.0,30.0,16.0,53.3,14.0,46.7,165.0,1065.0,459.0,10.0,4.0,3.0,20.0,15.0,379.0,47.0,0.0,0.0,0.0,9.0,8.0,3.0,23.0,20.0,15.0,0.0,0.0,0.0,53.0,9.0,12.0,42.9,11.0,5.0,45.5,0.09,0.2,19.4,0.0,0.0,0.0,1.0,1.0,0.09,0.0,0.0,0.0,0.0,,1.0,0.0,0.0,0.0,0.0,0.0,0.0,2.0,9.0,22.2,24.0,2.0,29.2,32.0,7.0,28.6,30.3,19.0,2.0,10.5,0.0,4.3,252.0,383.0,65.8,4697.0,2225.0,100.0,138.0,72.5,118.0,158.0,74.7,31.0,64.0,48.4,1.0,0.9,0.7,9.0,27.0,5.0,2.0,36.0,383.0,328.0,53.0,12.0,2.0,1.0,17.0,30.0,3.0,3.0,0.0,0.0,252.0,2.0,16.0,17.0,14.0,1.0,1.0,0.0,1.0,0.0,2.0,2.0,0.0,0.0,0.0,0.0,0.0,29.0,22.0,15.0,12.0,2.0,14.0,30.0,46.7,16.0,10.0,2.0,8.0,26.0,55.0,26.0,0.0,43.0,521.0,61.0,196.0,221.0,110.0,17.0,521.0,25.0,9.0,36.0,16.0,64.0,269.0,1626.0,785.0,16.0,12.0,4.0,12.0,6.0,249.0,36.0,0.0,0.0,0.0,10.0,8.0,2.0,17.0,26.0,22.0,0.0,0.0,0.0,65.0,12.0,9.0,57.1
2024-02-09,21:00,D1 Fém,Matchweek 15,Fri,Away,W,3.0,0.0,Montpellier,Stade de Reims,3.3,0.3,55.0,477.0,Marion Torrent,4-5-1,Alexandra Collin,20.0,6.0,30.0,0.15,0.5,15.4,1.0,0.0,0.0,3.3,3.3,0.2,-0.3,-0.3,2.0,2.0,100.0,1.0,0.5,0.5,0.0,0.0,0.0,0.0,3.0,7.0,42.9,21.0,4.0,28.6,30.1,6.0,16.7,23.2,14.0,2.0,14.3,0.0,8.3,327.0,461.0,70.9,5033.0,2366.0,165.0,202.0,81.7,101.0,142.0,71.1,31.0,58.0,53.4,1.0,2.4,1.3,16.0,21.0,8.0,1.0,31.0,461.0,404.0,56.0,9.0,3.0,1.0,18.0,35.0,5.0,5.0,0.0,0.0,327.0,1.0,10.0,35.0,23.0,3.0,2.0,5.0,2.0,0.0,3.0,0.0,0.0,0.0,2.0,1.0,0.0,32.0,19.0,17.0,11.0,4.0,17.0,30.0,56.7,13.0,10.0,1.0,9.0,20.0,52.0,10.0,0.0,55.0,589.0,43.0,186.0,272.0,136.0,27.0,589.0,23.0,13.0,56.5,10.0,43.5,275.0,1563.0,704.0,9.0,9.0,3.0,16.0,15.0,329.0,33.0,1.0,0.0,0.0,11.0,10.0,1.0,18.0,20.0,19.0,0.0,0.0,0.0,58.0,7.0,6.0,53.8,5.0,2.0,40.0,0.0,0.0,11.4,0.0,0.0,0.0,0.3,0.3,0.07,-0.3,-0.3,6.0,3.0,50.0,0.0,3.2,0.2,0.0,0.0,0.0,0.0,2.0,4.0,50.0,12.0,2.0,25.0,30.8,8.0,12.5,17.1,15.0,2.0,13.3,0.0,6.9,251.0,374.0,67.1,4670.0,1962.0,99.0,136.0,72.8,111.0,142.0,78.2,34.0,67.0,50.7,0.0,0.3,0.5,5.0,16.0,9.0,3.0,33.0,374.0,315.0,59.0,13.0,0.0,2.0,16.0,30.0,4.0,2.0,2.0,0.0,251.0,0.0,8.0,9.0,5.0,3.0,0.0,1.0,0.0,0.0,0.0,0.0,0.0,0.0,0.0,0.0,0.0,27.0,16.0,8.0,13.0,6.0,11.0,24.0,45.8,13.0,15.0,5.0,10.0,16.0,43.0,29.0,0.0,45.0,552.0,72.0,207.0,238.0,117.0,16.0,552.0,32.0,13.0,40.6,19.0,59.4,226.0,1454.0,749.0,13.0,11.0,2.0,26.0,15.0,247.0,33.0,2.0,0.0,0.0,11.0,12.0,0.0,16.0,16.0,16.0,0.0,0.0,0.0,62.0,6.0,9.0,40.0
2024-03-02,14:30,D1 Fém,Matchweek 16,Sat,Home,W,2.0,1.0,Montpellier,Bordeaux,2.4,0.4,63.0,261.0,Marion Torrent,4-1-4-1,Aurélie Efe,14.0,4.0,28.6,0.14,0.5,17.2,0.0,0.0,0.0,2.4,2.4,0.17,-0.4,-0.4,1.0,0.0,0.0,0.0,0.4,-0.6,0.0,0.0,0.0,0.0,0.0,2.0,0.0,19.0,5.0,10.5,23.6,5.0,0.0,17.2,12.0,1.0,8.3,4.0,20.3,511.0,637.0,80.2,9932.0,4168.0,171.0,203.0,84.2,280.0,321.0,87.2,59.0,103.0,57.3,1.0,2.4,1.8,13.0,57.0,8.0,1.0,40.0,637.0,590.0,47.0,11.0,2.0,0.0,24.0,24.0,5.0,3.0,0.0,0.0,511.0,0.0,12.0,21.0,13.0,4.0,2.0,1.0,1.0,0.0,3.0,1.0,1.0,0.0,0.0,1.0,0.0,23.0,13.0,10.0,8.0,5.0,10.0,18.0,55.6,8.0,10.0,4.0,6.0,15.0,38.0,10.0,0.0,63.0,745.0,39.0,263.0,288.0,198.0,30.0,745.0,22.0,10.0,45.5,12.0,54.5,477.0,2770.0,1034.0,14.0,11.0,8.0,22.0,10.0,507.0,40.0,1.0,0.0,0.0,8.0,10.0,0.0,24.0,15.0,13.0,0.0,0.0,0.0,64.0,7.0,7.0,50.0,8.0,1.0,12.5,0.13,1.0,24.0,0.0,0.0,0.0,0.4,0.4,0.05,0.6,0.6,4.0,2.0,50.0,0.0,1.5,-0.5,0.0,0.0,0.0,0.0,2.0,15.0,13.3,32.0,7.0,34.4,31.2,10.0,40.0,28.1,18.0,1.0,5.6,2.0,14.4,243.0,369.0,65.9,4073.0,1820.0,112.0,138.0,81.2,107.0,160.0,66.9,18.0,54.0,33.3,1.0,0.4,0.3,6.0,17.0,2.0,2.0,27.0,369.0,319.0,49.0,8.0,0.0,1.0,14.0,27.0,1.0,0.0,1.0,0.0,243.0,1.0,6.0,11.0,8.0,2.0,0.0,1.0,0.0,0.0,2.0,2.0,0.0,0.0,0.0,0.0,0.0,22.0,11.0,16.0,4.0,2.0,12.0,22.0,54.5,10.0,12.0,2.0,10.0,12.0,34.0,24.0,0.0,37.0,481.0,67.0,241.0,155.0,91.0,10.0,481.0,18.0,8.0,44.4,10.0,55.6,268.0,1415.0,810.0,16.0,9.0,4.0,12.0,13.0,240.0,26.0,0.0,0.0,0.0,10.0,8.0,1.0,14.0,12.0,11.0,0.0,0.0,0.0,58.0,7.0,7.0,50.0
2024-03-17,21:00,D1 Fém,Matchweek 17,Sun,Away,,,,Montpellier,Le Havre,,,,,,,,,,,,,,,,,,,,,,,,,,,,,,,,,,,,,,,,,,,,,,,,,,,,,,,,,,,,,,,,,,,,,,,,,,,,,,,,,,,,,,,,,,,,,,,,,,,,,,,,,,,,,,,,,,,,,,,,,,,,,,,,,,,,,,,,,,,,,,,,,,,,,,,,,,,,,,,,,,,,,,,,,,,,,,,,,,,,,,,,,,,,,,,,,,,,,,,,,,,,,,,,,,,,,,,,,,,,,,,,,,,,,,,,,,,,,,,,,,,,,,,,,,,,,,,,,,,,,,,,,,,,,,,,,,,,,,,,,,,,,,,,,,,,,,,,,
2024-03-24,21:00,D1 Fém,Matchweek 18,Sun,Home,,,,Montpellier,Paris S-G,,,,,,,,,,,,,,,,,,,,,,,,,,,,,,,,,,,,,,,,,,,,,,,,,,,,,,,,,,,,,,,,,,,,,,,,,,,,,,,,,,,,,,,,,,,,,,,,,,,,,,,,,,,,,,,,,,,,,,,,,,,,,,,,,,,,,,,,,,,,,,,,,,,,,,,,,,,,,,,,,,,,,,,,,,,,,,,,,,,,,,,,,,,,,,,,,,,,,,,,,,,,,,,,,,,,,,,,,,,,,,,,,,,,,,,,,,,,,,,,,,,,,,,,,,,,,,,,,,,,,,,,,,,,,,,,,,,,,,,,,,,,,,,,,,,,,,,,,
2024-03-29,21:00,D1 Fém,Matchweek 19,Fri,Away,,,,Montpellier,Paris FC,,,,,,,,,,,,,,,,,,,,,,,,,,,,,,,,,,,,,,,,,,,,,,,,,,,,,,,,,,,,,,,,,,,,,,,,,,,,,,,,,,,,,,,,,,,,,,,,,,,,,,,,,,,,,,,,,,,,,,,,,,,,,,,,,,,,,,,,,,,,,,,,,,,,,,,,,,,,,,,,,,,,,,,,,,,,,,,,,,,,,,,,,,,,,,,,,,,,,,,,,,,,,,,,,,,,,,,,,,,,,,,,,,,,,,,,,,,,,,,,,,,,,,,,,,,,,,,,,,,,,,,,,,,,,,,,,,,,,,,,,,,,,,,,,,,,,,,,,
2024-04-13,15:00,D1 Fém,Matchweek 20,Sat,Home,,,,Montpellier,Lille,,,,,,,,,,,,,,,,,,,,,,,,,,,,,,,,,,,,,,,,,,,,,,,,,,,,,,,,,,,,,,,,,,,,,,,,,,,,,,,,,,,,,,,,,,,,,,,,,,,,,,,,,,,,,,,,,,,,,,,,,,,,,,,,,,,,,,,,,,,,,,,,,,,,,,,,,,,,,,,,,,,,,,,,,,,,,,,,,,,,,,,,,,,,,,,,,,,,,,,,,,,,,,,,,,,,,,,,,,,,,,,,,,,,,,,,,,,,,,,,,,,,,,,,,,,,,,,,,,,,,,,,,,,,,,,,,,,,,,,,,,,,,,,,,,,,,,,,,
2024-04-24,14:30,D1 Fém,Matchweek 21,Wed,Home,,,,Montpellier,Saint-Étienne,,,,,,,,,,,,,,,,,,,,,,,,,,,,,,,,,,,,,,,,,,,,,,,,,,,,,,,,,,,,,,,,,,,,,,,,,,,,,,,,,,,,,,,,,,,,,,,,,,,,,,,,,,,,,,,,,,,,,,,,,,,,,,,,,,,,,,,,,,,,,,,,,,,,,,,,,,,,,,,,,,,,,,,,,,,,,,,,,,,,,,,,,,,,,,,,,,,,,,,,,,,,,,,,,,,,,,,,,,,,,,,,,,,,,,,,,,,,,,,,,,,,,,,,,,,,,,,,,,,,,,,,,,,,,,,,,,,,,,,,,,,,,,,,,,,,,,,,,
2024-05-08,14:30,D1 Fém,Matchweek 22,Wed,Away,,,,Montpellier,Fleury,,,,,,,,,,,,,,,,,,,,,,,,,,,,,,,,,,,,,,,,,,,,,,,,,,,,,,,,,,,,,,,,,,,,,,,,,,,,,,,,,,,,,,,,,,,,,,,,,,,,,,,,,,,,,,,,,,,,,,,,,,,,,,,,,,,,,,,,,,,,,,,,,,,,,,,,,,,,,,,,,,,,,,,,,,,,,,,,,,,,,,,,,,,,,,,,,,,,,,,,,,,,,,,,,,,,,,,,,,,,,,,,,,,,,,,,,,,,,,,,,,,,,,,,,,,,,,,,,,,,,,,,,,,,,,,,,,,,,,,,,,,,,,,,,,,,,,,,,
2023-09-16,15:00,D1 Fém,Matchweek 1,Sat,Home,W,3.0,1.0,Fleury,Guingamp,1.6,0.5,47.0,274.0,Léa Le Garrec,4-2-3-1,Maika Vanderstichel,19.0,7.0,36.8,0.16,0.43,23.3,1.0,0.0,0.0,1.6,1.6,0.08,1.4,1.4,1.0,0.0,0.0,0.0,0.7,-0.3,0.0,0.0,0.0,0.0,2.0,8.0,25.0,24.0,1.0,29.2,32.6,4.0,25.0,26.0,7.0,0.0,0.0,2.0,29.0,339.0,441.0,76.9,6053.0,2143.0,146.0,178.0,82.0,157.0,179.0,87.7,34.0,71.0,47.9,2.0,1.2,0.9,13.0,37.0,6.0,2.0,50.0,441.0,393.0,46.0,9.0,0.0,2.0,20.0,27.0,4.0,3.0,1.0,0.0,339.0,2.0,7.0,34.0,24.0,2.0,4.0,1.0,2.0,1.0,5.0,3.0,0.0,1.0,1.0,0.0,0.0,25.0,16.0,4.0,18.0,3.0,7.0,7.0,100.0,0.0,12.0,3.0,9.0,22.0,47.0,2.0,0.0,47.0,541.0,29.0,128.0,272.0,149.0,27.0,541.0,20.0,11.0,55.0,9.0,45.0,298.0,1651.0,897.0,24.0,10.0,7.0,13.0,8.0,338.0,49.0,0.0,0.0,0.0,10.0,9.0,2.0,20.0,22.0,16.0,0.0,0.0,0.0,76.0,3.0,9.0,25.0,5.0,1.0,20.0,0.2,1.0,14.2,0.0,0.0,0.0,0.5,0.5,0.1,0.5,0.5,7.0,4.0,57.1,0.0,1.5,-1.5,0.0,0.0,0.0,0.0,4.0,8.0,50.0,48.0,9.0,12.5,25.0,10.0,20.0,20.4,19.0,2.0,10.5,2.0,12.6,400.0,499.0,80.2,7489.0,2718.0,158.0,181.0,87.3,200.0,227.0,88.1,40.0,74.0,54.1,0.0,0.1,0.2,3.0,16.0,1.0,1.0,20.0,499.0,454.0,44.0,12.0,0.0,2.0,9.0,16.0,2.0,1.0,0.0,0.0,400.0,1.0,8.0,7.0,4.0,1.0,0.0,1.0,1.0,0.0,1.0,0.0,0.0,0.0,1.0,0.0,0.0,17.0,15.0,8.0,8.0,1.0,9.0,20.0,45.0,11.0,8.0,1.0,7.0,11.0,28.0,16.0,1.0,53.0,582.0,103.0,338.0,201.0,44.0,9.0,582.0,7.0,0.0,0.0,7.0,100.0,336.0,1673.0,740.0,7.0,6.0,3.0,13.0,18.0,400.0,20.0,3.0,0.0,0.0,9.0,10.0,1.0,9.0,11.0,15.0,0.0,0.0,0.0,63.0,9.0,3.0,75.0
2023-09-29,21:00,D1 Fém,Matchweek 2,Fri,Away,L,1.0,3.0,Fleury,Paris FC,0.4,2.1,35.0,479.0,Léa Le Garrec,4-3-3,Audrey Gerbel,7.0,3.0,42.9,0.14,0.33,21.1,0.0,0.0,0.0,0.4,0.4,0.06,0.6,0.6,6.0,3.0,50.0,0.0,2.1,-0.9,0.0,0.0,0.0,0.0,4.0,15.0,26.7,26.0,2.0,34.6,31.6,10.0,60.0,45.4,14.0,0.0,0.0,0.0,10.5,213.0,321.0,66.4,3843.0,1715.0,93.0,122.0,76.2,91.0,121.0,75.2,25.0,63.0,39.7,1.0,0.4,0.4,6.0,12.0,2.0,1.0,22.0,321.0,270.0,50.0,10.0,2.0,0.0,14.0,20.0,6.0,3.0,2.0,0.0,213.0,1.0,8.0,11.0,9.0,1.0,1.0,0.0,0.0,0.0,2.0,1.0,1.0,0.0,0.0,0.0,0.0,19.0,14.0,13.0,6.0,0.0,9.0,14.0,64.3,5.0,21.0,5.0,16.0,21.0,40.0,10.0,0.0,35.0,422.0,66.0,176.0,194.0,55.0,8.0,422.0,12.0,8.0,66.7,4.0,33.3,216.0,1034.0,475.0,12.0,9.0,4.0,14.0,12.0,212.0,22.0,1.0,0.0,0.0,6.0,10.0,1.0,14.0,21.0,14.0,0.0,0.0,0.0,74.0,10.0,13.0,43.5,19.0,6.0,31.6,0.16,0.5,17.0,1.0,0.0,0.0,2.1,2.1,0.11,0.9,0.9,3.0,2.0,66.7,0.0,0.3,-0.7,0.0,0.0,0.0,0.0,0.0,7.0,0.0,38.0,6.0,15.8,26.7,6.0,16.7,26.2,12.0,1.0,8.3,2.0,13.3,476.0,592.0,80.4,8461.0,3263.0,203.0,229.0,88.6,217.0,240.0,90.4,45.0,87.0,51.7,2.0,1.8,1.2,15.0,53.0,10.0,1.0,52.0,592.0,545.0,47.0,6.0,0.0,3.0,15.0,23.0,10.0,4.0,4.0,0.0,476.0,0.0,16.0,31.0,22.0,4.0,3.0,2.0,0.0,0.0,6.0,3.0,0.0,3.0,0.0,0.0,0.0,16.0,10.0,4.0,10.0,2.0,4.0,12.0,33.3,8.0,7.0,0.0,7.0,13.0,29.0,10.0,0.0,65.0,700.0,53.0,229.0,308.0,168.0,26.0,700.0,14.0,5.0,35.7,9.0,64.3,455.0,2208.0,997.0,16.0,9.0,7.0,17.0,10.0,473.0,52.0,1.0,0.0,0.0,10.0,4.0,0.0,15.0,13.0,10.0,0.0,0.0,0.0,72.0,13.0,10.0,56.5
2023-10-07,15:00,D1 Fém,Matchweek 3,Sat,Away,L,1.0,2.0,Fleury,Lille,0.2,1.5,42.0,496.0,Léa Le Garrec,4-2-3-1,Aurélie Efe,5.0,2.0,40.0,0.2,0.5,25.4,1.0,0.0,0.0,0.2,0.2,0.04,0.8,0.8,3.0,1.0,66.7,0.0,1.9,-0.1,1.0,1.0,0.0,0.0,1.0,8.0,12.5,14.0,1.0,28.6,33.6,8.0,50.0,29.6,8.0,0.0,0.0,0.0,11.5,149.0,265.0,56.2,2913.0,1640.0,54.0,78.0,69.2,74.0,112.0,66.1,18.0,62.0,29.0,1.0,0.1,0.1,2.0,15.0,2.0,0.0,16.0,265.0,207.0,57.0,21.0,0.0,0.0,10.0,24.0,1.0,1.0,0.0,0.0,149.0,1.0,9.0,8.0,6.0,1.0,0.0,0.0,1.0,0.0,2.0,2.0,0.0,0.0,0.0,0.0,0.0,20.0,17.0,12.0,6.0,2.0,6.0,13.0,46.2,7.0,8.0,2.0,6.0,17.0,37.0,11.0,0.0,42.0,358.0,41.0,162.0,112.0,86.0,8.0,358.0,16.0,7.0,43.8,9.0,56.3,159.0,803.0,293.0,6.0,3.0,1.0,20.0,8.0,145.0,16.0,5.0,1.0,1.0,22.0,21.0,1.0,10.0,17.0,17.0,0.0,1.0,0.0,59.0,3.0,11.0,21.4,7.0,2.0,28.6,0.14,0.5,17.5,1.0,1.0,1.0,1.5,0.7,0.1,0.5,0.3,2.0,1.0,50.0,0.0,0.5,-0.5,0.0,0.0,0.0,0.0,5.0,13.0,38.5,28.0,6.0,28.6,31.6,9.0,55.6,35.1,10.0,0.0,0.0,0.0,3.0,254.0,367.0,69.2,4802.0,2176.0,102.0,132.0,77.3,108.0,138.0,78.3,38.0,79.0,48.1,1.0,0.6,0.9,6.0,24.0,3.0,1.0,28.0,367.0,303.0,63.0,20.0,0.0,2.0,12.0,28.0,3.0,1.0,1.0,0.0,254.0,1.0,6.0,14.0,10.0,1.0,0.0,1.0,2.0,0.0,4.0,2.0,0.0,0.0,1.0,1.0,0.0,17.0,10.0,5.0,9.0,3.0,9.0,16.0,56.3,7.0,10.0,1.0,9.0,16.0,33.0,18.0,1.0,58.0,469.0,50.0,160.0,213.0,102.0,10.0,468.0,13.0,7.0,53.8,6.0,46.2,222.0,1108.0,474.0,5.0,6.0,1.0,23.0,14.0,252.0,28.0,1.0,0.0,0.0,21.0,22.0,1.0,12.0,16.0,10.0,1.0,0.0,0.0,58.0,11.0,3.0,78.6
2023-10-14,18:00,D1 Fém,Matchweek 4,Sat,Home,W,2.0,1.0,Fleury,Dijon,1.4,1.3,53.0,390.0,Léa Le Garrec,4-2-3-1,Charlène Laur,14.0,6.0,42.9,0.14,0.33,20.2,1.0,0.0,0.0,1.4,1.4,0.1,0.6,0.6,6.0,5.0,83.3,0.0,1.8,0.8,0.0,0.0,0.0,0.0,0.0,4.0,0.0,36.0,5.0,11.1,21.1,2.0,0.0,16.0,15.0,0.0,0.0,4.0,18.9,334.0,467.0,71.5,5734.0,2413.0,154.0,196.0,78.6,143.0,188.0,76.1,32.0,60.0,53.3,1.0,0.9,0.6,9.0,25.0,4.0,3.0,41.0,467.0,413.0,53.0,15.0,0.0,0.0,18.0,32.0,2.0,1.0,0.0,0.0,334.0,1.0,12.0,19.0,15.0,1.0,0.0,2.0,1.0,0.0,3.0,3.0,0.0,0.0,0.0,0.0,0.0,21.0,16.0,12.0,8.0,1.0,13.0,19.0,68.4,6.0,18.0,6.0,12.0,23.0,44.0,15.0,1.0,53.0,590.0,73.0,221.0,240.0,136.0,12.0,590.0,16.0,7.0,43.8,9.0,56.3,281.0,1285.0,662.0,11.0,10.0,3.0,19.0,7.0,330.0,41.0,1.0,0.0,0.0,9.0,15.0,1.0,18.0,23.0,16.0,0.0,0.0,0.0,76.0,13.0,7.0,65.0,13.0,6.0,46.2,0.08,0.17,15.3,1.0,0.0,0.0,1.3,1.3,0.11,-0.3,-0.3,6.0,4.0,66.7,0.0,1.3,-0.7,0.0,0.0,0.0,0.0,4.0,12.0,33.3,24.0,6.0,25.0,27.6,12.0,50.0,36.0,14.0,1.0,7.1,3.0,17.9,282.0,420.0,67.1,5462.0,2674.0,106.0,141.0,75.2,134.0,178.0,75.3,38.0,81.0,46.9,0.0,0.5,0.6,7.0,29.0,4.0,0.0,42.0,420.0,363.0,57.0,9.0,0.0,0.0,17.0,25.0,8.0,8.0,0.0,0.0,282.0,0.0,13.0,17.0,12.0,1.0,0.0,3.0,1.0,0.0,1.0,0.0,0.0,0.0,1.0,0.0,0.0,16.0,15.0,8.0,7.0,1.0,9.0,16.0,56.3,7.0,14.0,3.0,11.0,19.0,35.0,13.0,1.0,47.0,534.0,62.0,201.0,217.0,122.0,20.0,534.0,19.0,6.0,31.6,13.0,68.4,266.0,1411.0,677.0,15.0,13.0,7.0,24.0,8.0,279.0,41.0,2.0,0.0,0.0,16.0,9.0,0.0,17.0,19.0,15.0,0.0,0.0,0.0,74.0,7.0,13.0,35.0
2023-10-20,21:00,D1 Fém,Matchweek 5,Fri,Away,D,1.0,1.0,Fleury,Montpellier,1.3,0.8,50.0,492.0,Léa Le Garrec,4-2-3-1,Maika Vanderstichel,7.0,3.0,42.9,0.0,0.0,21.9,1.0,1.0,1.0,1.3,0.5,0.07,-0.3,-0.5,4.0,3.0,75.0,0.0,0.5,-0.5,0.0,0.0,0.0,0.0,3.0,4.0,75.0,31.0,8.0,9.7,23.6,9.0,11.1,23.1,20.0,1.0,5.0,3.0,14.8,308.0,441.0,69.8,5846.0,2900.0,118.0,160.0,73.8,153.0,186.0,82.3,34.0,77.0,44.2,0.0,0.3,0.2,3.0,21.0,2.0,0.0,34.0,441.0,382.0,59.0,15.0,0.0,0.0,18.0,32.0,1.0,1.0,0.0,0.0,308.0,0.0,15.0,13.0,5.0,2.0,0.0,0.0,5.0,1.0,2.0,1.0,0.0,0.0,0.0,1.0,0.0,14.0,9.0,5.0,8.0,1.0,1.0,6.0,16.7,5.0,16.0,6.0,10.0,3.0,17.0,34.0,0.0,50.0,569.0,69.0,272.0,208.0,96.0,8.0,568.0,13.0,6.0,46.2,7.0,53.8,274.0,1474.0,708.0,12.0,3.0,2.0,21.0,14.0,307.0,34.0,1.0,0.0,0.0,8.0,14.0,0.0,18.0,3.0,9.0,1.0,0.0,0.0,66.0,5.0,6.0,45.5,16.0,4.0,25.0,0.06,0.25,19.4,0.0,0.0,0.0,0.8,0.8,0.05,0.2,0.2,4.0,3.0,100.0,0.0,1.8,0.8,1.0,1.0,0.0,0.0,3.0,8.0,37.5,19.0,5.0,15.8,28.2,8.0,75.0,45.9,13.0,0.0,0.0,0.0,17.0,296.0,438.0,67.6,5597.0,2624.0,132.0,151.0,87.4,123.0,186.0,66.1,40.0,79.0,50.6,1.0,0.5,0.3,10.0,22.0,3.0,1.0,27.0,438.0,374.0,64.0,8.0,0.0,4.0,26.0,37.0,9.0,5.0,4.0,0.0,296.0,0.0,16.0,24.0,16.0,4.0,1.0,2.0,0.0,1.0,2.0,2.0,0.0,0.0,0.0,0.0,0.0,21.0,13.0,9.0,11.0,1.0,7.0,13.0,53.8,6.0,14.0,0.0,14.0,8.0,29.0,13.0,0.0,50.0,549.0,42.0,184.0,236.0,132.0,13.0,549.0,6.0,5.0,83.3,1.0,16.7,289.0,1174.0,477.0,10.0,12.0,2.0,24.0,13.0,295.0,27.0,3.0,0.0,0.0,15.0,8.0,0.0,26.0,8.0,13.0,0.0,1.0,0.0,71.0,6.0,5.0,54.5
2023-11-04,15:00,D1 Fém,Matchweek 6,Sat,Home,W,2.0,1.0,Fleury,Saint-Étienne,2.5,0.7,47.0,158.0,Léa Le Garrec,4-2-3-1,Clémence Goncalves,13.0,5.0,38.5,0.15,0.4,17.4,1.0,0.0,0.0,2.5,2.5,0.19,-0.5,-0.5,3.0,2.0,66.7,0.0,0.4,-0.6,0.0,0.0,0.0,0.0,1.0,5.0,20.0,29.0,6.0,13.8,25.7,5.0,20.0,27.0,10.0,0.0,0.0,0.0,6.0,230.0,385.0,59.7,4423.0,2256.0,80.0,125.0,64.0,117.0,162.0,72.2,30.0,78.0,38.5,2.0,1.9,0.6,6.0,21.0,3.0,2.0,28.0,385.0,335.0,45.0,15.0,0.0,2.0,14.0,18.0,5.0,1.0,1.0,0.0,230.0,5.0,9.0,20.0,11.0,5.0,1.0,1.0,2.0,0.0,4.0,2.0,1.0,0.0,0.0,1.0,0.0,15.0,13.0,8.0,7.0,0.0,4.0,9.0,44.4,5.0,14.0,2.0,12.0,17.0,32.0,12.0,0.0,47.0,493.0,40.0,189.0,191.0,115.0,22.0,493.0,15.0,5.0,33.3,10.0,66.7,198.0,1001.0,451.0,13.0,7.0,9.0,18.0,6.0,228.0,28.0,3.0,0.0,0.0,15.0,15.0,5.0,14.0,17.0,13.0,0.0,0.0,0.0,75.0,2.0,6.0,25.0,8.0,3.0,37.5,0.13,0.33,16.8,0.0,0.0,0.0,0.7,0.7,0.08,0.3,0.3,5.0,3.0,60.0,0.0,1.5,-0.5,0.0,0.0,0.0,0.0,8.0,14.0,57.1,35.0,3.0,37.1,32.2,5.0,20.0,25.8,8.0,1.0,12.5,3.0,19.6,289.0,436.0,66.3,6192.0,3097.0,90.0,130.0,69.2,146.0,199.0,73.4,52.0,93.0,55.9,1.0,0.4,0.4,7.0,27.0,3.0,2.0,27.0,436.0,369.0,67.0,20.0,0.0,5.0,13.0,36.0,3.0,0.0,0.0,3.0,289.0,0.0,12.0,14.0,8.0,3.0,0.0,1.0,1.0,1.0,1.0,1.0,0.0,0.0,0.0,0.0,0.0,16.0,11.0,10.0,4.0,2.0,10.0,15.0,66.7,5.0,13.0,5.0,8.0,26.0,42.0,8.0,1.0,53.0,526.0,54.0,192.0,251.0,90.0,9.0,526.0,9.0,5.0,55.6,4.0,44.4,262.0,1074.0,441.0,8.0,9.0,4.0,17.0,11.0,286.0,28.0,0.0,0.0,0.0,15.0,15.0,0.0,13.0,26.0,11.0,0.0,0.0,0.0,62.0,6.0,1.0,85.7
2023-11-11,14:00,D1 Fém,Matchweek 7,Sat,Home,W,2.0,1.0,Fleury,Bordeaux,1.4,1.2,59.0,153.0,Léa Le Garrec,4-3-3,Victoria Beyer,17.0,7.0,41.2,0.12,0.29,20.0,1.0,0.0,0.0,1.4,1.4,0.09,0.6,0.6,6.0,5.0,83.3,0.0,1.9,0.9,0.0,0.0,0.0,0.0,0.0,2.0,0.0,22.0,5.0,4.5,22.9,4.0,25.0,29.5,11.0,0.0,0.0,1.0,30.0,394.0,524.0,75.2,6769.0,2638.0,167.0,216.0,77.3,187.0,219.0,85.4,33.0,67.0,49.3,1.0,1.0,0.7,9.0,35.0,13.0,3.0,53.0,524.0,469.0,53.0,10.0,1.0,0.0,23.0,29.0,8.0,5.0,1.0,0.0,394.0,2.0,16.0,32.0,24.0,3.0,1.0,2.0,1.0,1.0,4.0,2.0,0.0,0.0,1.0,1.0,0.0,16.0,16.0,5.0,8.0,3.0,8.0,11.0,72.7,3.0,5.0,1.0,4.0,10.0,26.0,10.0,0.0,59.0,614.0,37.0,149.0,334.0,139.0,24.0,614.0,15.0,5.0,33.3,10.0,66.7,384.0,2091.0,1198.0,23.0,13.0,9.0,16.0,10.0,387.0,51.0,2.0,0.0,0.0,10.0,11.0,2.0,23.0,10.0,16.0,0.0,0.0,0.0,59.0,5.0,4.0,55.6,10.0,6.0,60.0,0.1,0.17,19.7,1.0,0.0,0.0,1.2,1.2,0.12,-0.2,-0.2,7.0,5.0,71.4,0.0,2.0,0.0,0.0,0.0,0.0,0.0,6.0,18.0,33.3,26.0,3.0,34.6,33.5,13.0,69.2,41.5,17.0,0.0,0.0,0.0,6.6,256.0,362.0,70.7,5016.0,2531.0,98.0,121.0,81.0,124.0,161.0,77.0,34.0,74.0,45.9,1.0,1.1,0.8,8.0,20.0,7.0,4.0,28.0,362.0,308.0,54.0,11.0,1.0,1.0,13.0,25.0,2.0,2.0,0.0,0.0,256.0,0.0,6.0,19.0,13.0,2.0,2.0,1.0,1.0,0.0,2.0,2.0,0.0,0.0,0.0,0.0,0.0,20.0,15.0,11.0,9.0,0.0,10.0,15.0,66.7,5.0,19.0,4.0,15.0,18.0,38.0,29.0,0.0,41.0,490.0,75.0,189.0,244.0,62.0,9.0,490.0,11.0,3.0,27.3,8.0,72.7,279.0,1207.0,524.0,5.0,5.0,1.0,24.0,8.0,251.0,26.0,1.0,0.0,0.0,11.0,10.0,0.0,13.0,18.0,15.0,0.0,0.0,0.0,42.0,4.0,5.0,44.4
2023-11-19,15:00,D1 Fém,Matchweek 8,Sun,Away,L,1.0,2.0,Fleury,Paris S-G,1.2,1.7,28.0,499.0,Léa Le Garrec,4-2-3-1,Audrey Gerbel,15.0,4.0,26.7,0.07,0.25,17.0,0.0,0.0,0.0,1.2,1.2,0.08,-0.2,-0.2,9.0,7.0,77.8,0.0,2.0,0.0,0.0,0.0,0.0,0.0,1.0,6.0,16.7,23.0,7.0,21.7,29.9,11.0,9.1,27.5,18.0,2.0,11.1,3.0,12.6,161.0,266.0,60.5,2770.0,1569.0,72.0,97.0,74.2,68.0,96.0,70.8,17.0,58.0,29.3,1.0,0.8,0.6,8.0,6.0,5.0,1.0,14.0,266.0,218.0,48.0,17.0,0.0,2.0,10.0,16.0,2.0,2.0,0.0,0.0,161.0,0.0,10.0,17.0,10.0,1.0,1.0,4.0,1.0,0.0,2.0,2.0,0.0,0.0,0.0,0.0,0.0,46.0,21.0,22.0,13.0,11.0,20.0,39.0,51.3,19.0,21.0,5.0,16.0,12.0,58.0,26.0,0.0,28.0,420.0,66.0,197.0,140.0,92.0,20.0,420.0,9.0,5.0,55.6,4.0,44.4,124.0,940.0,549.0,10.0,7.0,3.0,20.0,9.0,158.0,13.0,1.0,0.0,0.0,13.0,16.0,0.0,10.0,12.0,21.0,0.0,0.0,0.0,57.0,6.0,7.0,46.2,19.0,9.0,47.4,0.11,0.22,20.9,1.0,0.0,0.0,1.7,1.7,0.09,0.3,0.3,4.0,3.0,75.0,0.0,0.5,-0.5,0.0,0.0,0.0,0.0,2.0,2.0,100.0,28.0,5.0,0.0,21.5,6.0,33.3,29.5,9.0,0.0,0.0,0.0,,589.0,696.0,84.6,10039.0,3779.0,285.0,314.0,90.8,262.0,297.0,88.2,39.0,62.0,62.9,2.0,1.3,1.0,12.0,41.0,10.0,4.0,55.0,696.0,625.0,71.0,12.0,0.0,1.0,25.0,45.0,6.0,4.0,2.0,0.0,589.0,0.0,17.0,32.0,25.0,2.0,2.0,1.0,1.0,1.0,4.0,3.0,0.0,1.0,0.0,0.0,0.0,13.0,6.0,3.0,6.0,4.0,4.0,9.0,44.4,5.0,16.0,4.0,12.0,13.0,26.0,13.0,2.0,72.0,830.0,58.0,237.0,381.0,218.0,25.0,830.0,39.0,19.0,48.7,20.0,51.3,416.0,2846.0,1278.0,26.0,18.0,4.0,23.0,26.0,586.0,55.0,3.0,0.0,0.0,17.0,13.0,0.0,25.0,13.0,6.0,0.0,0.0,0.0,60.0,7.0,6.0,53.8
2023-11-24,21:00,D1 Fém,Matchweek 9,Fri,Home,,3.0,0.0,Fleury,Le Havre,0.0,0.0,,394.0,Léa Le Garrec,4-2-3-1,Maika Vanderstichel,0.0,0.0,,,,,0.0,0.0,0.0,0.0,0.0,,0.0,0.0,0.0,0.0,,1.0,0.0,0.0,0.0,0.0,0.0,0.0,0.0,0.0,,0.0,0.0,,,0.0,,,0.0,0.0,,0.0,,0.0,0.0,,0.0,0.0,0.0,0.0,,0.0,0.0,,0.0,0.0,,2.0,0.0,0.0,0.0,0.0,0.0,0.0,0.0,0.0,0.0,0.0,0.0,0.0,0.0,0.0,0.0,0.0,0.0,0.0,0.0,0.0,0.0,0.0,0.0,0.0,0.0,0.0,0.0,0.0,0.0,0.0,0.0,0.0,0.0,0.0,0.0,0.0,0.0,0.0,0.0,0.0,0.0,0.0,0.0,,0.0,0.0,0.0,0.0,0.0,0.0,0.0,0.0,,0.0,0.0,0.0,0.0,0.0,0.0,0.0,0.0,0.0,,0.0,,0.0,0.0,0.0,0.0,0.0,0.0,0.0,0.0,0.0,0.0,2.0,0.0,0.0,0.0,0.0,0.0,0.0,0.0,0.0,0.0,0.0,0.0,0.0,0.0,0.0,,0.0,0.0,,,,,0.0,0.0,0.0,0.0,0.0,,0.0,0.0,0.0,0.0,,1.0,0.0,0.0,0.0,0.0,0.0,0.0,0.0,0.0,,0.0,0.0,,,0.0,,,0.0,0.0,,0.0,,0.0,0.0,,0.0,0.0,0.0,0.0,,0.0,0.0,,0.0,0.0,,1.0,0.0,0.0,0.0,0.0,0.0,0.0,0.0,0.0,0.0,0.0,0.0,0.0,0.0,0.0,0.0,0.0,0.0,0.0,0.0,0.0,0.0,0.0,0.0,0.0,0.0,0.0,0.0,0.0,0.0,0.0,0.0,0.0,0.0,0.0,0.0,0.0,0.0,0.0,0.0,0.0,0.0,0.0,0.0,,0.0,0.0,0.0,0.0,0.0,0.0,0.0,0.0,,0.0,0.0,0.0,0.0,0.0,0.0,0.0,0.0,0.0,,0.0,,0.0,0.0,0.0,0.0,0.0,0.0,0.0,0.0,0.0,0.0,2.0,0.0,0.0,0.0,0.0,0.0,0.0,0.0,0.0,0.0,0.0,0.0,0.0,0.0,0.0,
2023-12-09,14:30,D1 Fém,Matchweek 10,Sat,Away,L,0.0,2.0,Fleury,Stade de Reims,1.6,2.4,61.0,101.0,Claudine Meffometou,3-4-1-2,Victoria Beyer,21.0,4.0,19.0,0.0,0.0,17.4,2.0,0.0,0.0,1.6,1.6,0.08,-1.6,-1.6,2.0,0.0,50.0,0.0,1.9,-0.1,1.0,1.0,0.0,0.0,0.0,1.0,0.0,16.0,3.0,6.3,23.3,5.0,0.0,15.0,12.0,2.0,16.7,0.0,6.0,398.0,510.0,78.0,7962.0,3038.0,123.0,162.0,75.9,223.0,256.0,87.1,48.0,78.0,61.5,0.0,1.3,1.9,15.0,43.0,13.0,7.0,51.0,510.0,457.0,52.0,7.0,0.0,0.0,26.0,30.0,7.0,3.0,0.0,2.0,398.0,1.0,14.0,34.0,18.0,8.0,1.0,1.0,4.0,2.0,0.0,0.0,0.0,0.0,0.0,0.0,0.0,25.0,24.0,12.0,8.0,5.0,15.0,24.0,62.5,9.0,22.0,8.0,14.0,7.0,32.0,7.0,0.0,61.0,638.0,46.0,203.0,246.0,198.0,31.0,638.0,14.0,7.0,50.0,7.0,50.0,356.0,1928.0,941.0,17.0,10.0,3.0,29.0,10.0,395.0,50.0,3.0,0.0,0.0,13.0,7.0,1.0,26.0,7.0,24.0,0.0,1.0,0.0,65.0,4.0,5.0,44.4,13.0,1.0,7.7,0.08,1.0,17.3,0.0,1.0,1.0,2.4,1.7,0.13,-0.4,-0.7,4.0,4.0,100.0,1.0,0.5,0.5,0.0,0.0,0.0,0.0,2.0,3.0,66.7,17.0,8.0,17.6,28.1,16.0,0.0,15.1,24.0,1.0,4.2,0.0,2.0,196.0,272.0,72.1,4068.0,1925.0,64.0,78.0,82.1,92.0,107.0,86.0,38.0,71.0,53.5,0.0,0.9,0.7,8.0,20.0,4.0,1.0,17.0,272.0,229.0,42.0,10.0,0.0,2.0,9.0,10.0,5.0,0.0,5.0,0.0,196.0,1.0,14.0,21.0,10.0,4.0,1.0,4.0,2.0,0.0,4.0,1.0,0.0,1.0,1.0,1.0,0.0,14.0,10.0,9.0,3.0,2.0,6.0,11.0,54.5,5.0,14.0,4.0,10.0,16.0,30.0,24.0,0.0,39.0,404.0,93.0,193.0,120.0,97.0,21.0,403.0,24.0,9.0,37.5,15.0,62.5,170.0,1203.0,531.0,13.0,9.0,5.0,23.0,10.0,208.0,23.0,0.0,0.0,0.0,6.0,13.0,2.0,9.0,16.0,10.0,1.0,0.0,0.0,35.0,5.0,4.0,55.6
2023-12-16,13:30,D1 Fém,Matchweek 11,Sat,Home,L,1.0,3.0,Fleury,Lyon,0.2,2.7,28.0,1652.0,Léa Le Garrec,5-3-2,Émeline Rochebilière,3.0,2.0,66.7,0.33,0.5,22.0,0.0,0.0,0.0,0.2,0.2,0.06,0.8,0.8,10.0,7.0,70.0,0.0,3.6,0.6,0.0,0.0,0.0,0.0,2.0,10.0,20.0,27.0,7.0,22.2,30.4,13.0,30.8,33.4,37.0,2.0,5.4,0.0,3.6,197.0,301.0,65.4,3265.0,1575.0,100.0,118.0,84.7,71.0,106.0,67.0,20.0,56.0,35.7,1.0,0.2,0.2,3.0,10.0,2.0,0.0,16.0,301.0,258.0,42.0,5.0,1.0,2.0,3.0,19.0,1.0,1.0,0.0,0.0,197.0,1.0,10.0,6.0,6.0,0.0,0.0,0.0,0.0,0.0,2.0,2.0,0.0,0.0,0.0,0.0,0.0,24.0,13.0,20.0,4.0,0.0,11.0,21.0,52.4,10.0,8.0,2.0,6.0,17.0,41.0,33.0,0.0,28.0,446.0,94.0,246.0,154.0,52.0,8.0,446.0,13.0,6.0,46.2,7.0,53.8,236.0,1436.0,770.0,13.0,13.0,5.0,22.0,5.0,197.0,16.0,1.0,0.0,0.0,7.0,5.0,1.0,3.0,17.0,13.0,0.0,0.0,0.0,57.0,5.0,13.0,27.8,21.0,10.0,47.6,0.14,0.3,12.9,0.0,0.0,0.0,2.7,2.7,0.13,0.3,0.3,2.0,1.0,50.0,0.0,0.9,-0.1,0.0,0.0,0.0,0.0,1.0,1.0,100.0,27.0,4.0,3.7,23.0,3.0,0.0,22.3,2.0,0.0,0.0,0.0,10.5,638.0,760.0,83.9,12080.0,4474.0,231.0,267.0,86.5,340.0,378.0,89.9,66.0,100.0,66.0,3.0,2.5,2.2,15.0,86.0,20.0,8.0,101.0,760.0,703.0,57.0,8.0,1.0,5.0,40.0,33.0,11.0,8.0,3.0,0.0,638.0,0.0,8.0,35.0,25.0,5.0,1.0,3.0,0.0,1.0,3.0,1.0,1.0,0.0,1.0,0.0,0.0,12.0,11.0,5.0,6.0,1.0,7.0,13.0,53.8,6.0,9.0,0.0,9.0,7.0,19.0,4.0,0.0,72.0,868.0,32.0,172.0,430.0,273.0,46.0,868.0,21.0,10.0,47.6,11.0,52.4,466.0,2369.0,1102.0,16.0,11.0,3.0,22.0,13.0,634.0,99.0,0.0,0.0,0.0,5.0,7.0,0.0,40.0,7.0,11.0,0.0,0.0,0.0,69.0,13.0,5.0,72.2
2024-01-10,18:30,D1 Fém,Matchweek 12,Wed,Away,W,5.0,0.0,Fleury,Dijon,3.0,1.2,61.0,492.0,Léa Le Garrec,4-3-3,Clémence Goncalves,21.0,10.0,47.6,0.19,0.4,17.3,0.0,0.0,0.0,3.0,3.0,0.14,1.0,1.0,4.0,4.0,100.0,1.0,0.3,0.3,0.0,0.0,0.0,0.0,0.0,0.0,,28.0,2.0,0.0,18.6,4.0,0.0,14.8,10.0,0.0,0.0,0.0,8.9,451.0,568.0,79.4,8008.0,3316.0,185.0,227.0,81.5,231.0,264.0,87.5,32.0,59.0,54.2,4.0,2.9,1.7,17.0,33.0,10.0,1.0,50.0,568.0,513.0,54.0,6.0,1.0,0.0,25.0,33.0,11.0,6.0,0.0,0.0,451.0,1.0,11.0,32.0,24.0,2.0,4.0,0.0,0.0,2.0,8.0,7.0,0.0,1.0,0.0,0.0,0.0,21.0,18.0,4.0,8.0,9.0,9.0,11.0,81.8,2.0,10.0,1.0,9.0,11.0,32.0,13.0,0.0,61.0,691.0,73.0,301.0,209.0,190.0,32.0,691.0,24.0,9.0,37.5,15.0,62.5,272.0,1369.0,670.0,23.0,12.0,8.0,20.0,4.0,446.0,49.0,0.0,0.0,0.0,8.0,5.0,1.0,25.0,11.0,18.0,0.0,0.0,0.0,77.0,12.0,2.0,85.7,9.0,4.0,44.4,0.0,0.0,20.3,0.0,0.0,0.0,1.2,1.2,0.13,-1.2,-1.2,10.0,6.0,50.0,0.0,4.1,0.1,0.0,0.0,0.0,0.0,2.0,8.0,25.0,21.0,5.0,28.6,33.0,12.0,16.7,28.2,22.0,1.0,4.5,0.0,5.0,239.0,356.0,67.1,3780.0,1991.0,114.0,144.0,79.2,92.0,131.0,70.2,15.0,49.0,30.6,0.0,1.1,0.6,6.0,19.0,4.0,0.0,32.0,356.0,300.0,56.0,9.0,0.0,0.0,12.0,26.0,3.0,2.0,0.0,0.0,239.0,0.0,8.0,13.0,11.0,0.0,0.0,0.0,1.0,1.0,0.0,0.0,0.0,0.0,0.0,0.0,0.0,19.0,16.0,11.0,3.0,5.0,15.0,24.0,62.5,9.0,11.0,3.0,8.0,14.0,33.0,28.0,1.0,39.0,488.0,70.0,186.0,205.0,103.0,16.0,488.0,11.0,2.0,18.2,9.0,81.8,207.0,1232.0,684.0,9.0,7.0,5.0,17.0,12.0,236.0,31.0,1.0,0.0,0.0,6.0,8.0,0.0,12.0,14.0,16.0,0.0,0.0,1.0,58.0,2.0,12.0,14.3
2024-01-21,14:30,D1 Fém,Matchweek 13,Sun,Away,L,0.0,1.0,Fleury,Saint-Étienne,0.7,1.2,61.0,165.0,Léa Le Garrec,4-3-3,Émeline Rochebilière,8.0,0.0,0.0,0.0,,15.9,0.0,0.0,0.0,0.7,0.7,0.08,-0.7,-0.7,4.0,3.0,75.0,0.0,1.2,0.2,0.0,0.0,0.0,0.0,4.0,6.0,66.7,26.0,4.0,19.2,26.3,6.0,16.7,25.8,8.0,0.0,0.0,1.0,11.4,366.0,503.0,72.8,6919.0,3028.0,144.0,192.0,75.0,173.0,208.0,83.2,43.0,79.0,54.4,0.0,0.4,0.7,4.0,40.0,5.0,1.0,51.0,503.0,444.0,53.0,16.0,0.0,3.0,19.0,23.0,6.0,4.0,1.0,0.0,366.0,6.0,13.0,11.0,7.0,0.0,0.0,3.0,0.0,1.0,0.0,0.0,0.0,0.0,0.0,0.0,0.0,10.0,7.0,1.0,4.0,5.0,6.0,16.0,37.5,10.0,6.0,0.0,6.0,10.0,20.0,10.0,0.0,61.0,587.0,39.0,180.0,274.0,139.0,20.0,587.0,15.0,9.0,60.0,6.0,40.0,243.0,1755.0,1085.0,20.0,8.0,6.0,22.0,14.0,361.0,51.0,0.0,0.0,0.0,7.0,13.0,6.0,19.0,10.0,7.0,0.0,0.0,0.0,61.0,7.0,4.0,63.6,10.0,4.0,40.0,0.1,0.25,18.2,0.0,0.0,0.0,1.2,1.2,0.12,-0.2,-0.2,0.0,0.0,,1.0,0.0,0.0,0.0,0.0,0.0,0.0,2.0,14.0,14.3,18.0,0.0,55.6,39.8,10.0,40.0,47.5,17.0,2.0,11.8,0.0,7.4,193.0,320.0,60.3,3469.0,1883.0,92.0,120.0,76.7,74.0,114.0,64.9,22.0,65.0,33.8,0.0,1.1,0.6,8.0,15.0,5.0,2.0,17.0,320.0,269.0,50.0,13.0,1.0,0.0,12.0,22.0,4.0,2.0,0.0,0.0,193.0,1.0,8.0,15.0,11.0,1.0,1.0,1.0,0.0,1.0,1.0,0.0,0.0,1.0,0.0,0.0,0.0,20.0,14.0,16.0,3.0,1.0,6.0,15.0,40.0,9.0,16.0,3.0,13.0,8.0,28.0,29.0,0.0,39.0,445.0,68.0,222.0,164.0,70.0,14.0,445.0,16.0,10.0,62.5,6.0,37.5,171.0,1033.0,516.0,16.0,5.0,5.0,21.0,4.0,191.0,18.0,2.0,0.0,0.0,15.0,7.0,1.0,12.0,8.0,14.0,0.0,0.0,0.0,66.0,4.0,7.0,36.4
2024-02-02,21:00,D1 Fém,Matchweek 14,Fri,Home,D,1.0,1.0,Fleury,Paris S-G,0.4,2.6,33.0,3218.0,Léa Le Garrec,4-2-3-1,Victoria Beyer,6.0,3.0,50.0,0.17,0.33,16.4,0.0,0.0,0.0,0.4,0.4,0.06,0.6,0.6,12.0,11.0,91.7,0.0,2.0,1.0,0.0,0.0,0.0,0.0,1.0,5.0,20.0,24.0,8.0,12.5,25.0,12.0,16.7,30.2,21.0,3.0,14.3,0.0,6.7,209.0,300.0,69.7,3284.0,1630.0,117.0,135.0,86.7,65.0,91.0,71.4,19.0,50.0,38.0,1.0,0.3,0.4,5.0,4.0,4.0,1.0,13.0,300.0,248.0,52.0,13.0,0.0,1.0,5.0,24.0,1.0,1.0,0.0,0.0,209.0,0.0,4.0,10.0,8.0,1.0,1.0,0.0,0.0,0.0,2.0,2.0,0.0,0.0,0.0,0.0,0.0,20.0,8.0,13.0,4.0,3.0,13.0,28.0,46.4,15.0,15.0,4.0,11.0,14.0,34.0,33.0,1.0,33.0,460.0,100.0,243.0,173.0,54.0,9.0,460.0,18.0,7.0,38.9,11.0,61.1,194.0,1010.0,502.0,6.0,7.0,3.0,26.0,10.0,204.0,12.0,3.0,0.0,0.0,10.0,11.0,0.0,5.0,14.0,8.0,0.0,0.0,0.0,47.0,11.0,11.0,50.0,24.0,12.0,50.0,0.04,0.08,14.0,0.0,0.0,0.0,2.6,2.6,0.12,-1.6,-1.6,3.0,2.0,66.7,0.0,0.6,-0.4,0.0,0.0,0.0,0.0,0.0,1.0,0.0,28.0,4.0,3.6,21.5,2.0,0.0,15.0,4.0,0.0,0.0,1.0,12.0,506.0,608.0,83.2,9029.0,3359.0,216.0,241.0,89.6,239.0,268.0,89.2,47.0,70.0,67.1,1.0,1.8,2.7,18.0,69.0,13.0,4.0,69.0,608.0,565.0,42.0,9.0,1.0,0.0,29.0,24.0,5.0,0.0,4.0,1.0,506.0,1.0,15.0,41.0,23.0,7.0,4.0,3.0,3.0,1.0,2.0,1.0,0.0,1.0,0.0,0.0,0.0,21.0,10.0,5.0,10.0,6.0,11.0,18.0,61.1,7.0,8.0,2.0,6.0,9.0,30.0,6.0,0.0,67.0,725.0,34.0,145.0,321.0,267.0,41.0,725.0,28.0,15.0,53.6,13.0,46.4,517.0,2654.0,1414.0,28.0,25.0,4.0,22.0,7.0,503.0,68.0,1.0,0.0,0.0,12.0,9.0,1.0,29.0,9.0,10.0,0.0,0.0,0.0,63.0,11.0,11.0,50.0
2024-02-10,14:30,D1 Fém,Matchweek 15,Sat,Away,L,1.0,3.0,Fleury,Guingamp,1.6,1.8,65.0,344.0,Léa Le Garrec,4-2-3-1,Romy Fournier,23.0,5.0,21.7,0.04,0.2,17.3,2.0,0.0,0.0,1.6,1.6,0.07,-0.6,-0.6,6.0,3.0,66.7,0.0,2.3,-0.7,1.0,1.0,0.0,0.0,0.0,1.0,0.0,19.0,5.0,5.3,24.1,4.0,0.0,19.0,6.0,0.0,0.0,0.0,,385.0,512.0,75.2,7338.0,2786.0,154.0,182.0,84.6,183.0,220.0,83.2,45.0,94.0,47.9,1.0,1.0,1.1,15.0,41.0,7.0,4.0,52.0,512.0,440.0,66.0,17.0,0.0,4.0,25.0,34.0,7.0,6.0,0.0,0.0,385.0,6.0,8.0,41.0,32.0,1.0,2.0,4.0,2.0,0.0,2.0,2.0,0.0,0.0,0.0,0.0,0.0,7.0,6.0,3.0,4.0,0.0,1.0,2.0,50.0,1.0,8.0,3.0,5.0,5.0,12.0,3.0,0.0,65.0,593.0,37.0,180.0,215.0,201.0,34.0,593.0,11.0,9.0,81.8,2.0,18.2,314.0,1699.0,892.0,15.0,2.0,9.0,17.0,5.0,379.0,51.0,3.0,0.0,0.0,10.0,16.0,6.0,25.0,5.0,6.0,0.0,1.0,0.0,35.0,6.0,8.0,42.9,10.0,5.0,50.0,0.2,0.4,20.1,1.0,1.0,1.0,1.8,1.1,0.11,1.2,0.9,5.0,4.0,80.0,0.0,2.2,1.2,0.0,0.0,0.0,0.0,9.0,23.0,39.1,17.0,4.0,64.7,41.4,13.0,92.3,46.5,23.0,1.0,4.3,0.0,7.0,155.0,270.0,57.4,3205.0,1805.0,47.0,66.0,71.2,86.0,125.0,68.8,21.0,70.0,30.0,1.0,0.9,1.1,5.0,14.0,2.0,0.0,22.0,270.0,208.0,61.0,15.0,0.0,2.0,8.0,30.0,2.0,2.0,0.0,0.0,155.0,1.0,6.0,17.0,12.0,1.0,0.0,2.0,2.0,0.0,5.0,3.0,0.0,0.0,1.0,1.0,0.0,7.0,5.0,6.0,1.0,0.0,2.0,10.0,20.0,8.0,14.0,8.0,6.0,4.0,11.0,31.0,0.0,35.0,372.0,79.0,175.0,124.0,76.0,13.0,371.0,2.0,1.0,50.0,1.0,50.0,112.0,643.0,338.0,7.0,9.0,3.0,22.0,6.0,150.0,21.0,5.0,0.0,0.0,18.0,9.0,0.0,8.0,4.0,5.0,0.0,0.0,0.0,39.0,8.0,6.0,57.1
2024-03-02,13:30,D1 Fém,Matchweek 16,Sat,Home,W,1.0,0.0,Fleury,Stade de Reims,3.5,0.3,52.0,65.0,Léa Le Garrec,4-2-3-1,Clémence Goncalves,25.0,10.0,40.0,0.04,0.1,16.5,0.0,0.0,0.0,3.5,3.5,0.15,-2.5,-2.5,1.0,1.0,100.0,1.0,0.0,0.0,0.0,0.0,0.0,0.0,6.0,6.0,100.0,27.0,4.0,18.5,25.0,1.0,100.0,54.0,7.0,1.0,14.3,1.0,15.0,330.0,445.0,74.2,5458.0,2719.0,162.0,191.0,84.8,122.0,152.0,80.3,30.0,64.0,46.9,1.0,3.3,2.3,19.0,33.0,13.0,2.0,47.0,445.0,395.0,48.0,10.0,1.0,4.0,17.0,27.0,9.0,7.0,0.0,0.0,330.0,2.0,11.0,43.0,31.0,2.0,3.0,3.0,1.0,3.0,2.0,2.0,0.0,0.0,0.0,0.0,0.0,26.0,21.0,10.0,10.0,6.0,13.0,23.0,56.5,10.0,16.0,1.0,15.0,9.0,35.0,7.0,1.0,52.0,582.0,40.0,163.0,252.0,176.0,32.0,582.0,28.0,14.0,50.0,14.0,50.0,335.0,1856.0,886.0,17.0,7.0,9.0,19.0,10.0,327.0,47.0,2.0,0.0,0.0,10.0,8.0,2.0,17.0,9.0,21.0,0.0,0.0,0.0,75.0,8.0,4.0,66.7,3.0,1.0,33.3,0.0,0.0,17.1,0.0,0.0,0.0,0.3,0.3,0.11,-0.3,-0.3,10.0,9.0,90.0,0.0,2.4,1.4,0.0,0.0,0.0,0.0,1.0,4.0,25.0,18.0,5.0,16.7,28.4,11.0,18.2,24.4,15.0,1.0,6.7,2.0,14.3,244.0,349.0,69.9,4037.0,1770.0,121.0,155.0,78.1,99.0,129.0,76.7,19.0,43.0,44.2,0.0,0.3,0.2,2.0,19.0,1.0,0.0,19.0,349.0,306.0,42.0,9.0,0.0,0.0,8.0,18.0,2.0,2.0,0.0,0.0,244.0,1.0,13.0,5.0,5.0,0.0,0.0,0.0,0.0,0.0,0.0,0.0,0.0,0.0,0.0,0.0,0.0,24.0,19.0,12.0,10.0,2.0,14.0,25.0,56.0,11.0,13.0,3.0,10.0,15.0,39.0,23.0,1.0,48.0,478.0,79.0,205.0,213.0,69.0,8.0,478.0,22.0,9.0,40.9,13.0,59.1,216.0,1254.0,535.0,8.0,5.0,5.0,22.0,12.0,260.0,25.0,1.0,0.0,0.0,7.0,10.0,2.0,8.0,15.0,19.0,0.0,0.0,0.0,50.0,4.0,7.0,36.4
2024-03-15,21:00,D1 Fém,Matchweek 17,Fri,Away,L,0.0,4.0,Fleury,Lyon,0.1,1.4,34.0,,,4-3-3,,,,,,,,,,,,,,,,,,,,,,,,,,,,,,,,,,,,,,,,,,,,,,,,,,,,,,,,,,,,,,,,,,,,,,,,,,,,,,,,,,,,,,,,,,,,,,,,,,,,,,,,,,,,,,,,,,,,,,,,,,,,,,,,,,,,,,,,,,,,,,,,,,,,,,,,,,,,,,,,,,,,,,,,,,,,,,,,,,,,,,,,,,,,,,,,,,,,,,,,,,,,,,,,,,,,,,,,,,,,,,,,,,,,,,,,,,,,,,,,,,,,,,,,,,,,,,,,,,,,,,,,,,,,,,,,,,,,,,,,,,,,,,,,,,,
2024-03-22,21:00,D1 Fém,Matchweek 18,Fri,Home,,,,Fleury,Paris FC,,,,,,,,,,,,,,,,,,,,,,,,,,,,,,,,,,,,,,,,,,,,,,,,,,,,,,,,,,,,,,,,,,,,,,,,,,,,,,,,,,,,,,,,,,,,,,,,,,,,,,,,,,,,,,,,,,,,,,,,,,,,,,,,,,,,,,,,,,,,,,,,,,,,,,,,,,,,,,,,,,,,,,,,,,,,,,,,,,,,,,,,,,,,,,,,,,,,,,,,,,,,,,,,,,,,,,,,,,,,,,,,,,,,,,,,,,,,,,,,,,,,,,,,,,,,,,,,,,,,,,,,,,,,,,,,,,,,,,,,,,,,,,,,,,,,,,,,,
2024-03-30,14:30,D1 Fém,Matchweek 19,Sat,Home,,,,Fleury,Lille,,,,,,,,,,,,,,,,,,,,,,,,,,,,,,,,,,,,,,,,,,,,,,,,,,,,,,,,,,,,,,,,,,,,,,,,,,,,,,,,,,,,,,,,,,,,,,,,,,,,,,,,,,,,,,,,,,,,,,,,,,,,,,,,,,,,,,,,,,,,,,,,,,,,,,,,,,,,,,,,,,,,,,,,,,,,,,,,,,,,,,,,,,,,,,,,,,,,,,,,,,,,,,,,,,,,,,,,,,,,,,,,,,,,,,,,,,,,,,,,,,,,,,,,,,,,,,,,,,,,,,,,,,,,,,,,,,,,,,,,,,,,,,,,,,,,,,,,,
2024-04-13,15:00,D1 Fém,Matchweek 20,Sat,Away,,,,Fleury,Bordeaux,,,,,,,,,,,,,,,,,,,,,,,,,,,,,,,,,,,,,,,,,,,,,,,,,,,,,,,,,,,,,,,,,,,,,,,,,,,,,,,,,,,,,,,,,,,,,,,,,,,,,,,,,,,,,,,,,,,,,,,,,,,,,,,,,,,,,,,,,,,,,,,,,,,,,,,,,,,,,,,,,,,,,,,,,,,,,,,,,,,,,,,,,,,,,,,,,,,,,,,,,,,,,,,,,,,,,,,,,,,,,,,,,,,,,,,,,,,,,,,,,,,,,,,,,,,,,,,,,,,,,,,,,,,,,,,,,,,,,,,,,,,,,,,,,,,,,,,,,
2024-04-24,14:30,D1 Fém,Matchweek 21,Wed,Away,,,,Fleury,Le Havre,,,,,,,,,,,,,,,,,,,,,,,,,,,,,,,,,,,,,,,,,,,,,,,,,,,,,,,,,,,,,,,,,,,,,,,,,,,,,,,,,,,,,,,,,,,,,,,,,,,,,,,,,,,,,,,,,,,,,,,,,,,,,,,,,,,,,,,,,,,,,,,,,,,,,,,,,,,,,,,,,,,,,,,,,,,,,,,,,,,,,,,,,,,,,,,,,,,,,,,,,,,,,,,,,,,,,,,,,,,,,,,,,,,,,,,,,,,,,,,,,,,,,,,,,,,,,,,,,,,,,,,,,,,,,,,,,,,,,,,,,,,,,,,,,,,,,,,,,
2024-05-08,14:30,D1 Fém,Matchweek 22,Wed,Home,,,,Fleury,Montpellier,,,,,,,,,,,,,,,,,,,,,,,,,,,,,,,,,,,,,,,,,,,,,,,,,,,,,,,,,,,,,,,,,,,,,,,,,,,,,,,,,,,,,,,,,,,,,,,,,,,,,,,,,,,,,,,,,,,,,,,,,,,,,,,,,,,,,,,,,,,,,,,,,,,,,,,,,,,,,,,,,,,,,,,,,,,,,,,,,,,,,,,,,,,,,,,,,,,,,,,,,,,,,,,,,,,,,,,,,,,,,,,,,,,,,,,,,,,,,,,,,,,,,,,,,,,,,,,,,,,,,,,,,,,,,,,,,,,,,,,,,,,,,,,,,,,,,,,,,
2023-09-16,15:00,D1 Fém,Matchweek 1,Sat,Home,W,2.0,0.0,Stade de Reims,Saint-Étienne,1.2,0.9,47.0,266.0,Rachel Corboz,4-4-2,Alexandra Collin,7.0,2.0,28.6,0.29,1.0,17.7,2.0,0.0,0.0,1.2,1.2,0.17,0.8,0.8,5.0,5.0,100.0,1.0,0.9,0.9,0.0,0.0,0.0,0.0,0.0,2.0,0.0,20.0,5.0,10.0,25.1,8.0,0.0,17.8,13.0,0.0,0.0,0.0,14.0,263.0,379.0,69.4,5374.0,2491.0,76.0,109.0,69.7,162.0,190.0,85.3,25.0,61.0,41.0,2.0,1.0,0.8,4.0,29.0,3.0,0.0,36.0,379.0,326.0,50.0,16.0,0.0,1.0,9.0,22.0,3.0,1.0,2.0,0.0,263.0,3.0,11.0,13.0,8.0,1.0,1.0,0.0,3.0,0.0,4.0,4.0,0.0,0.0,0.0,0.0,0.0,17.0,15.0,12.0,3.0,2.0,10.0,15.0,66.7,5.0,13.0,1.0,12.0,14.0,31.0,20.0,0.0,47.0,486.0,54.0,197.0,190.0,105.0,14.0,486.0,22.0,11.0,50.0,11.0,50.0,214.0,1300.0,824.0,15.0,5.0,4.0,14.0,4.0,257.0,33.0,1.0,0.0,0.0,10.0,16.0,3.0,9.0,14.0,15.0,0.0,0.0,0.0,60.0,8.0,7.0,53.3,10.0,5.0,50.0,0.0,0.0,18.9,1.0,0.0,0.0,0.9,0.9,0.09,-0.9,-0.9,2.0,0.0,0.0,0.0,1.0,-1.0,0.0,0.0,0.0,0.0,2.0,3.0,66.7,23.0,1.0,8.7,23.0,6.0,16.7,22.5,7.0,0.0,0.0,0.0,8.0,322.0,434.0,74.2,6371.0,2828.0,90.0,115.0,78.3,194.0,236.0,82.2,36.0,70.0,51.4,0.0,0.8,0.5,8.0,39.0,2.0,1.0,41.0,434.0,380.0,52.0,12.0,1.0,0.0,13.0,26.0,5.0,5.0,0.0,0.0,322.0,2.0,12.0,18.0,10.0,3.0,1.0,1.0,3.0,0.0,0.0,0.0,0.0,0.0,0.0,0.0,0.0,14.0,4.0,9.0,3.0,2.0,10.0,21.0,47.6,11.0,11.0,2.0,9.0,19.0,33.0,9.0,0.0,53.0,537.0,47.0,200.0,213.0,124.0,15.0,537.0,15.0,5.0,33.3,10.0,66.7,275.0,1616.0,769.0,14.0,7.0,5.0,23.0,7.0,319.0,42.0,1.0,0.0,0.0,15.0,9.0,2.0,13.0,19.0,4.0,0.0,0.0,0.0,65.0,7.0,8.0,46.7
2023-09-30,13:30,D1 Fém,Matchweek 2,Sat,Away,D,0.0,0.0,Stade de Reims,Guingamp,0.4,0.6,43.0,332.0,Rachel Corboz,4-1-4-1,Clémence Goncalves,3.0,2.0,66.7,0.0,0.0,16.4,0.0,0.0,0.0,0.4,0.4,0.13,-0.4,-0.4,1.0,1.0,100.0,1.0,0.0,0.0,0.0,0.0,0.0,0.0,0.0,2.0,0.0,18.0,4.0,5.6,24.1,8.0,12.5,19.1,12.0,0.0,0.0,0.0,7.0,247.0,348.0,71.0,4679.0,1944.0,91.0,119.0,76.5,132.0,170.0,77.6,21.0,49.0,42.9,0.0,0.4,0.2,3.0,20.0,2.0,0.0,26.0,348.0,310.0,36.0,9.0,1.0,1.0,13.0,14.0,4.0,4.0,0.0,0.0,247.0,2.0,3.0,6.0,5.0,0.0,1.0,0.0,0.0,0.0,0.0,0.0,0.0,0.0,0.0,0.0,0.0,22.0,16.0,12.0,9.0,1.0,11.0,18.0,61.1,7.0,16.0,3.0,13.0,17.0,39.0,17.0,0.0,43.0,469.0,56.0,224.0,168.0,84.0,12.0,469.0,20.0,7.0,35.0,13.0,65.0,240.0,1221.0,588.0,11.0,4.0,7.0,18.0,4.0,244.0,26.0,4.0,0.0,0.0,16.0,7.0,2.0,13.0,17.0,16.0,0.0,0.0,0.0,69.0,6.0,4.0,60.0,9.0,1.0,11.1,0.0,0.0,22.5,1.0,0.0,0.0,0.6,0.6,0.06,-0.6,-0.6,2.0,2.0,100.0,1.0,0.4,0.4,0.0,0.0,0.0,0.0,0.0,0.0,,29.0,4.0,0.0,19.1,2.0,0.0,16.5,6.0,0.0,0.0,1.0,17.0,362.0,464.0,78.0,7364.0,2873.0,94.0,118.0,79.7,226.0,266.0,85.0,41.0,65.0,63.1,0.0,0.3,0.7,4.0,25.0,4.0,2.0,31.0,464.0,406.0,57.0,17.0,1.0,0.0,17.0,32.0,5.0,0.0,3.0,0.0,362.0,1.0,16.0,14.0,12.0,0.0,0.0,0.0,1.0,1.0,0.0,0.0,0.0,0.0,0.0,0.0,0.0,17.0,12.0,4.0,9.0,4.0,13.0,20.0,65.0,7.0,2.0,0.0,2.0,10.0,27.0,18.0,0.0,57.0,566.0,57.0,219.0,227.0,120.0,11.0,566.0,18.0,7.0,38.9,11.0,61.1,293.0,1814.0,844.0,8.0,8.0,2.0,27.0,11.0,354.0,31.0,1.0,0.0,0.0,8.0,15.0,1.0,17.0,10.0,12.0,0.0,0.0,0.0,65.0,4.0,6.0,40.0
2023-10-07,15:00,D1 Fém,Matchweek 3,Sat,Home,W,1.0,0.0,Stade de Reims,Dijon,0.5,0.7,43.0,295.0,Lou-Ann Joly,4-2-3-1,Elisa Daupeux,14.0,6.0,42.9,0.07,0.17,21.9,1.0,0.0,0.0,0.5,0.5,0.04,0.5,0.5,4.0,4.0,100.0,1.0,0.3,0.3,0.0,0.0,0.0,0.0,1.0,10.0,10.0,29.0,5.0,27.6,28.9,10.0,20.0,26.4,15.0,0.0,0.0,0.0,7.5,167.0,283.0,59.0,3663.0,1800.0,32.0,64.0,50.0,108.0,149.0,72.5,26.0,64.0,40.6,0.0,0.4,0.3,11.0,19.0,5.0,1.0,23.0,283.0,231.0,51.0,9.0,0.0,0.0,7.0,26.0,5.0,0.0,0.0,4.0,167.0,1.0,6.0,22.0,15.0,5.0,1.0,0.0,1.0,0.0,2.0,2.0,0.0,0.0,0.0,0.0,0.0,10.0,6.0,7.0,2.0,1.0,6.0,10.0,60.0,4.0,9.0,0.0,9.0,15.0,25.0,14.0,0.0,43.0,378.0,68.0,189.0,113.0,82.0,13.0,378.0,17.0,5.0,29.4,12.0,70.6,180.0,953.0,344.0,7.0,3.0,2.0,16.0,4.0,164.0,21.0,0.0,0.0,0.0,8.0,12.0,1.0,7.0,15.0,6.0,0.0,0.0,0.0,66.0,0.0,3.0,0.0,10.0,4.0,40.0,0.0,0.0,16.6,0.0,0.0,0.0,0.7,0.7,0.07,-0.7,-0.7,6.0,5.0,83.3,0.0,0.5,-0.5,0.0,0.0,0.0,0.0,1.0,5.0,20.0,27.0,2.0,18.5,23.4,7.0,0.0,19.4,7.0,0.0,0.0,2.0,24.3,283.0,428.0,66.1,5404.0,2594.0,110.0,147.0,74.8,127.0,173.0,73.4,37.0,80.0,46.3,0.0,0.6,0.9,8.0,31.0,7.0,0.0,38.0,428.0,360.0,68.0,10.0,0.0,2.0,20.0,42.0,7.0,0.0,0.0,5.0,283.0,0.0,13.0,20.0,17.0,2.0,1.0,0.0,0.0,0.0,0.0,0.0,0.0,0.0,0.0,0.0,0.0,17.0,14.0,11.0,2.0,4.0,13.0,20.0,65.0,7.0,12.0,2.0,10.0,16.0,33.0,9.0,0.0,57.0,532.0,45.0,182.0,203.0,152.0,17.0,532.0,14.0,5.0,35.7,9.0,64.3,265.0,1359.0,735.0,10.0,12.0,5.0,19.0,4.0,281.0,38.0,2.0,0.0,0.0,12.0,9.0,0.0,20.0,16.0,14.0,0.0,0.0,0.0,73.0,3.0,0.0,100.0
2023-10-22,21:00,D1 Fém,Matchweek 5,Sun,Home,L,1.0,5.0,Stade de Reims,Lyon,1.0,3.5,32.0,1831.0,Lou-Ann Joly,5-4-1,Clémence Goncalves,5.0,2.0,40.0,0.2,0.5,16.3,0.0,0.0,0.0,1.0,1.0,0.23,0.0,0.0,11.0,6.0,54.5,0.0,3.4,-1.6,0.0,0.0,0.0,0.0,3.0,6.0,50.0,12.0,7.0,8.3,20.6,21.0,23.8,27.8,34.0,0.0,0.0,0.0,,157.0,244.0,64.3,3019.0,1365.0,55.0,75.0,73.3,77.0,105.0,73.3,19.0,51.0,37.3,0.0,0.2,0.3,2.0,7.0,4.0,0.0,15.0,244.0,185.0,58.0,13.0,1.0,1.0,5.0,15.0,3.0,0.0,0.0,3.0,157.0,1.0,9.0,8.0,6.0,0.0,1.0,1.0,0.0,0.0,2.0,0.0,0.0,1.0,1.0,0.0,0.0,16.0,10.0,9.0,6.0,1.0,8.0,14.0,57.1,6.0,7.0,4.0,3.0,13.0,29.0,18.0,0.0,32.0,346.0,82.0,205.0,101.0,44.0,9.0,346.0,19.0,9.0,47.4,10.0,52.6,156.0,782.0,347.0,6.0,4.0,0.0,17.0,12.0,154.0,16.0,0.0,0.0,0.0,12.0,12.0,1.0,5.0,13.0,10.0,0.0,0.0,0.0,41.0,2.0,10.0,16.7,26.0,11.0,42.3,0.19,0.45,15.8,1.0,0.0,0.0,3.5,3.5,0.14,1.5,1.5,2.0,1.0,50.0,0.0,0.8,-0.2,0.0,0.0,0.0,0.0,0.0,0.0,,10.0,1.0,0.0,18.1,6.0,0.0,25.8,4.0,1.0,25.0,2.0,19.5,491.0,578.0,84.9,8631.0,3276.0,210.0,246.0,85.4,238.0,260.0,91.5,36.0,55.0,65.5,5.0,3.2,3.4,22.0,70.0,28.0,12.0,76.0,578.0,538.0,40.0,11.0,2.0,2.0,39.0,15.0,6.0,5.0,0.0,0.0,491.0,0.0,5.0,47.0,40.0,2.0,3.0,1.0,1.0,0.0,10.0,8.0,0.0,2.0,0.0,0.0,0.0,23.0,13.0,8.0,10.0,5.0,10.0,19.0,52.6,9.0,11.0,1.0,10.0,10.0,33.0,8.0,0.0,68.0,687.0,22.0,94.0,333.0,264.0,36.0,687.0,16.0,6.0,37.5,10.0,62.5,414.0,2701.0,1207.0,27.0,15.0,2.0,9.0,8.0,484.0,74.0,0.0,0.0,0.0,13.0,12.0,0.0,39.0,10.0,13.0,0.0,0.0,0.0,70.0,10.0,2.0,83.3
2023-11-04,14:30,D1 Fém,Matchweek 6,Sat,Away,W,2.0,0.0,Stade de Reims,Bordeaux,1.5,1.1,45.0,826.0,Rachel Corboz,4-3-3,Alexandra Collin,13.0,5.0,38.5,0.15,0.4,17.3,1.0,0.0,0.0,1.5,1.5,0.12,0.5,0.5,0.0,0.0,,1.0,0.0,0.0,0.0,0.0,0.0,0.0,2.0,5.0,40.0,6.0,2.0,16.7,29.2,12.0,33.3,27.0,17.0,1.0,5.9,0.0,7.0,148.0,266.0,55.6,2539.0,1511.0,71.0,96.0,74.0,54.0,88.0,61.4,16.0,61.0,26.2,1.0,1.2,0.6,9.0,13.0,7.0,0.0,21.0,266.0,202.0,63.0,15.0,0.0,0.0,8.0,30.0,5.0,3.0,2.0,0.0,148.0,1.0,4.0,22.0,13.0,3.0,1.0,1.0,3.0,1.0,4.0,2.0,0.0,0.0,0.0,2.0,0.0,10.0,8.0,6.0,2.0,2.0,4.0,9.0,44.4,5.0,12.0,4.0,8.0,5.0,15.0,26.0,0.0,45.0,386.0,51.0,142.0,141.0,105.0,17.0,386.0,14.0,2.0,14.3,12.0,85.7,126.0,655.0,204.0,6.0,6.0,1.0,22.0,3.0,164.0,22.0,1.0,0.0,0.0,8.0,14.0,1.0,8.0,5.0,8.0,0.0,0.0,0.0,54.0,4.0,1.0,80.0,11.0,0.0,0.0,0.0,,17.4,0.0,0.0,0.0,1.1,1.1,0.1,-1.1,-1.1,5.0,3.0,60.0,0.0,0.9,-1.1,0.0,0.0,0.0,0.0,3.0,9.0,33.3,13.0,3.0,38.5,33.6,13.0,30.8,33.7,9.0,0.0,0.0,1.0,18.5,229.0,381.0,60.1,4471.0,2384.0,88.0,140.0,62.9,105.0,145.0,72.4,33.0,69.0,47.8,0.0,0.9,1.0,7.0,32.0,9.0,2.0,38.0,381.0,310.0,70.0,11.0,1.0,0.0,19.0,37.0,6.0,5.0,1.0,0.0,229.0,1.0,9.0,19.0,13.0,5.0,0.0,0.0,1.0,0.0,0.0,0.0,0.0,0.0,0.0,0.0,0.0,15.0,13.0,6.0,8.0,1.0,12.0,14.0,85.7,2.0,5.0,1.0,4.0,9.0,24.0,26.0,0.0,55.0,487.0,47.0,154.0,203.0,142.0,20.0,487.0,10.0,6.0,60.0,4.0,40.0,178.0,1152.0,618.0,14.0,7.0,2.0,28.0,7.0,227.0,38.0,2.0,0.0,0.0,15.0,10.0,1.0,19.0,9.0,13.0,0.0,0.0,0.0,61.0,1.0,4.0,20.0
2023-11-11,15:00,D1 Fém,Matchweek 7,Sat,Home,D,0.0,0.0,Stade de Reims,Le Havre,0.3,0.4,41.0,103.0,Rachel Corboz,4-3-3,Charlène Laur,6.0,1.0,16.7,0.0,0.0,25.6,0.0,0.0,0.0,0.3,0.3,0.05,-0.3,-0.3,7.0,7.0,100.0,1.0,0.4,0.4,0.0,0.0,0.0,0.0,1.0,1.0,100.0,19.0,8.0,5.3,20.9,3.0,0.0,27.7,5.0,0.0,0.0,0.0,10.0,241.0,329.0,73.3,4630.0,1949.0,85.0,112.0,75.9,119.0,141.0,84.4,31.0,56.0,55.4,0.0,0.2,0.2,5.0,16.0,5.0,0.0,23.0,329.0,300.0,27.0,11.0,1.0,0.0,4.0,10.0,2.0,2.0,0.0,0.0,241.0,2.0,8.0,9.0,6.0,0.0,2.0,1.0,0.0,0.0,0.0,0.0,0.0,0.0,0.0,0.0,0.0,19.0,15.0,7.0,11.0,1.0,7.0,14.0,50.0,7.0,9.0,0.0,9.0,15.0,34.0,10.0,2.0,41.0,445.0,37.0,191.0,192.0,66.0,7.0,445.0,29.0,15.0,51.7,13.0,44.8,249.0,1494.0,744.0,12.0,8.0,1.0,28.0,12.0,252.0,29.0,2.0,0.0,0.0,6.0,11.0,2.0,4.0,15.0,15.0,0.0,0.0,0.0,66.0,2.0,2.0,50.0,9.0,7.0,77.8,0.0,0.0,26.4,0.0,0.0,0.0,0.4,0.4,0.05,-0.4,-0.4,2.0,2.0,100.0,1.0,0.1,0.1,0.0,0.0,0.0,0.0,4.0,10.0,40.0,42.0,3.0,19.0,27.1,7.0,28.6,25.7,4.0,0.0,0.0,1.0,14.5,463.0,579.0,80.0,9212.0,3350.0,159.0,193.0,82.4,239.0,274.0,87.2,62.0,99.0,62.6,0.0,0.2,0.2,6.0,29.0,4.0,1.0,27.0,579.0,518.0,60.0,9.0,0.0,1.0,7.0,41.0,2.0,1.0,0.0,0.0,463.0,1.0,10.0,11.0,9.0,1.0,1.0,0.0,0.0,0.0,0.0,0.0,0.0,0.0,0.0,0.0,0.0,25.0,17.0,6.0,16.0,3.0,13.0,29.0,44.8,16.0,11.0,1.0,10.0,6.0,31.0,7.0,0.0,59.0,695.0,55.0,329.0,250.0,126.0,7.0,695.0,19.0,10.0,52.6,8.0,42.1,449.0,2190.0,865.0,7.0,6.0,1.0,30.0,15.0,455.0,26.0,1.0,1.0,0.0,12.0,7.0,1.0,7.0,6.0,17.0,0.0,0.0,0.0,72.0,2.0,3.0,40.0
2023-11-18,14:30,D1 Fém,Matchweek 8,Sat,Away,L,1.0,2.0,Stade de Reims,Montpellier,1.2,2.0,34.0,271.0,Lou-Ann Joly,4-3-3,Aurélie Efe,6.0,3.0,50.0,0.17,0.33,15.4,0.0,0.0,0.0,1.2,1.2,0.2,-0.2,-0.2,6.0,4.0,66.7,0.0,2.5,0.5,0.0,0.0,0.0,0.0,1.0,4.0,25.0,11.0,3.0,18.2,25.4,10.0,20.0,22.9,23.0,0.0,0.0,0.0,,125.0,220.0,56.8,2863.0,1553.0,34.0,56.0,60.7,67.0,96.0,69.8,24.0,60.0,40.0,0.0,0.4,0.2,2.0,14.0,0.0,0.0,14.0,220.0,170.0,49.0,20.0,0.0,0.0,13.0,11.0,5.0,2.0,3.0,0.0,125.0,1.0,3.0,10.0,3.0,2.0,3.0,0.0,0.0,2.0,2.0,0.0,0.0,1.0,0.0,0.0,1.0,21.0,17.0,12.0,4.0,5.0,8.0,17.0,47.1,9.0,6.0,1.0,5.0,14.0,35.0,17.0,0.0,34.0,308.0,61.0,153.0,99.0,61.0,9.0,308.0,14.0,10.0,71.4,4.0,28.6,132.0,815.0,314.0,9.0,4.0,1.0,11.0,13.0,127.0,13.0,2.0,0.0,0.0,17.0,18.0,1.0,13.0,14.0,17.0,0.0,0.0,0.0,47.0,8.0,16.0,33.3,13.0,6.0,46.2,0.15,0.33,12.9,1.0,0.0,0.0,2.0,2.0,0.17,0.0,0.0,3.0,2.0,66.7,0.0,1.4,0.4,0.0,0.0,0.0,0.0,4.0,4.0,100.0,27.0,8.0,11.1,25.4,3.0,33.3,25.7,12.0,3.0,25.0,0.0,5.0,366.0,480.0,76.3,6817.0,2950.0,132.0,158.0,83.5,195.0,229.0,85.2,33.0,66.0,50.0,0.0,1.2,0.8,8.0,31.0,9.0,3.0,55.0,480.0,430.0,47.0,19.0,0.0,1.0,27.0,16.0,7.0,1.0,0.0,5.0,366.0,3.0,6.0,22.0,16.0,2.0,1.0,2.0,1.0,0.0,3.0,2.0,0.0,0.0,1.0,0.0,0.0,17.0,15.0,3.0,8.0,6.0,4.0,14.0,28.6,10.0,4.0,1.0,3.0,10.0,27.0,14.0,1.0,66.0,576.0,53.0,206.0,231.0,141.0,19.0,576.0,21.0,12.0,57.1,9.0,42.9,239.0,1404.0,644.0,13.0,11.0,3.0,21.0,13.0,357.0,54.0,3.0,0.0,0.0,19.0,17.0,3.0,27.0,10.0,15.0,0.0,0.0,0.0,72.0,16.0,9.0,64.0
2023-11-26,14:30,D1 Fém,Matchweek 9,Sun,Home,D,1.0,1.0,Stade de Reims,Paris FC,0.8,2.3,31.0,246.0,Rachel Corboz,4-2-3-1,Romy Fournier,1.0,0.0,0.0,0.0,,34.2,0.0,1.0,1.0,0.8,0.0,,0.2,0.0,5.0,4.0,80.0,0.0,1.2,0.2,0.0,0.0,0.0,0.0,9.0,20.0,45.0,24.0,3.0,58.3,38.6,13.0,46.2,35.2,30.0,0.0,0.0,0.0,9.0,119.0,237.0,50.2,2320.0,1515.0,49.0,73.0,67.1,37.0,68.0,54.4,26.0,69.0,37.7,0.0,0.0,0.0,1.0,8.0,1.0,0.0,13.0,237.0,192.0,44.0,15.0,0.0,1.0,5.0,12.0,2.0,2.0,0.0,0.0,119.0,1.0,11.0,4.0,2.0,1.0,0.0,0.0,1.0,0.0,2.0,1.0,0.0,0.0,0.0,1.0,0.0,16.0,12.0,12.0,2.0,2.0,7.0,14.0,50.0,7.0,20.0,8.0,12.0,22.0,38.0,39.0,0.0,31.0,393.0,91.0,226.0,120.0,51.0,6.0,392.0,9.0,4.0,44.4,5.0,55.6,123.0,794.0,397.0,11.0,5.0,4.0,18.0,14.0,131.0,12.0,2.0,0.0,0.0,12.0,14.0,1.0,5.0,22.0,12.0,1.0,0.0,0.0,58.0,5.0,5.0,50.0,27.0,5.0,18.5,0.04,0.2,16.5,3.0,0.0,0.0,2.3,2.3,0.08,-1.3,-1.3,1.0,0.0,100.0,0.0,1.0,0.0,1.0,1.0,0.0,0.0,0.0,1.0,0.0,16.0,1.0,6.3,23.1,4.0,0.0,17.8,3.0,0.0,0.0,1.0,17.0,457.0,616.0,74.2,7706.0,3217.0,226.0,283.0,79.9,195.0,245.0,79.6,31.0,61.0,50.8,1.0,1.1,1.3,16.0,45.0,20.0,4.0,82.0,616.0,544.0,71.0,11.0,0.0,1.0,40.0,44.0,10.0,3.0,7.0,0.0,457.0,1.0,18.0,39.0,29.0,4.0,0.0,3.0,3.0,0.0,2.0,2.0,0.0,0.0,0.0,0.0,0.0,19.0,15.0,10.0,6.0,3.0,5.0,9.0,55.6,4.0,12.0,0.0,12.0,12.0,31.0,5.0,0.0,69.0,727.0,23.0,159.0,281.0,292.0,45.0,727.0,18.0,8.0,44.4,10.0,55.6,415.0,2125.0,1246.0,24.0,17.0,4.0,22.0,11.0,444.0,78.0,2.0,0.0,0.0,15.0,12.0,1.0,40.0,12.0,15.0,0.0,1.0,0.0,84.0,5.0,5.0,50.0
2023-12-09,14:30,D1 Fém,Matchweek 10,Sat,Home,W,2.0,0.0,Stade de Reims,Fleury,2.4,1.6,39.0,101.0,Lou-Ann Joly,4-2-3-1,Victoria Beyer,13.0,1.0,7.7,0.08,1.0,17.3,0.0,1.0,1.0,2.4,1.7,0.13,-0.4,-0.7,4.0,4.0,100.0,1.0,0.5,0.5,0.0,0.0,0.0,0.0,2.0,3.0,66.7,17.0,8.0,17.6,28.1,16.0,0.0,15.1,24.0,1.0,4.2,0.0,2.0,196.0,272.0,72.1,4068.0,1925.0,64.0,78.0,82.1,92.0,107.0,86.0,38.0,71.0,53.5,0.0,0.9,0.7,8.0,20.0,4.0,1.0,17.0,272.0,229.0,42.0,10.0,0.0,2.0,9.0,10.0,5.0,0.0,5.0,0.0,196.0,1.0,14.0,21.0,10.0,4.0,1.0,4.0,2.0,0.0,4.0,1.0,0.0,1.0,1.0,1.0,0.0,14.0,10.0,9.0,3.0,2.0,6.0,11.0,54.5,5.0,14.0,4.0,10.0,16.0,30.0,24.0,0.0,39.0,404.0,93.0,193.0,120.0,97.0,21.0,403.0,24.0,9.0,37.5,15.0,62.5,170.0,1203.0,531.0,13.0,9.0,5.0,23.0,10.0,208.0,23.0,0.0,0.0,0.0,6.0,13.0,2.0,9.0,16.0,10.0,1.0,0.0,0.0,35.0,5.0,4.0,55.6,21.0,4.0,19.0,0.0,0.0,17.4,2.0,0.0,0.0,1.6,1.6,0.08,-1.6,-1.6,2.0,0.0,50.0,0.0,1.9,-0.1,1.0,1.0,0.0,0.0,0.0,1.0,0.0,16.0,3.0,6.3,23.3,5.0,0.0,15.0,12.0,2.0,16.7,0.0,6.0,398.0,510.0,78.0,7962.0,3038.0,123.0,162.0,75.9,223.0,256.0,87.1,48.0,78.0,61.5,0.0,1.3,1.9,15.0,43.0,13.0,7.0,51.0,510.0,457.0,52.0,7.0,0.0,0.0,26.0,30.0,7.0,3.0,0.0,2.0,398.0,1.0,14.0,34.0,18.0,8.0,1.0,1.0,4.0,2.0,0.0,0.0,0.0,0.0,0.0,0.0,0.0,25.0,24.0,12.0,8.0,5.0,15.0,24.0,62.5,9.0,22.0,8.0,14.0,7.0,32.0,7.0,0.0,61.0,638.0,46.0,203.0,246.0,198.0,31.0,638.0,14.0,7.0,50.0,7.0,50.0,356.0,1928.0,941.0,17.0,10.0,3.0,29.0,10.0,395.0,50.0,3.0,0.0,0.0,13.0,7.0,1.0,26.0,7.0,24.0,0.0,1.0,0.0,65.0,4.0,5.0,44.4
2023-12-16,14:30,D1 Fém,Matchweek 11,Sat,Away,W,5.0,2.0,Stade de Reims,Lille,4.6,1.3,40.0,472.0,Rachel Corboz,4-2-3-1,Elisa Daupeux,16.0,8.0,50.0,0.31,0.63,15.3,0.0,0.0,1.0,4.6,3.8,0.27,0.4,1.2,7.0,5.0,85.7,0.0,2.1,0.1,1.0,1.0,0.0,0.0,1.0,4.0,25.0,15.0,3.0,26.7,34.3,3.0,0.0,18.0,14.0,0.0,0.0,0.0,9.3,242.0,338.0,71.6,5332.0,2167.0,45.0,63.0,71.4,157.0,196.0,80.1,39.0,72.0,54.2,4.0,2.8,0.9,13.0,21.0,7.0,1.0,32.0,338.0,287.0,50.0,15.0,1.0,0.0,16.0,23.0,6.0,3.0,3.0,0.0,242.0,1.0,7.0,26.0,13.0,6.0,1.0,3.0,2.0,1.0,6.0,1.0,2.0,1.0,2.0,0.0,0.0,14.0,14.0,3.0,9.0,2.0,8.0,11.0,72.7,3.0,8.0,1.0,7.0,11.0,25.0,18.0,1.0,40.0,454.0,44.0,163.0,171.0,125.0,25.0,453.0,9.0,6.0,66.7,3.0,33.3,225.0,1336.0,570.0,14.0,15.0,4.0,27.0,6.0,238.0,32.0,1.0,0.0,0.0,12.0,13.0,1.0,16.0,11.0,14.0,1.0,1.0,0.0,47.0,4.0,0.0,100.0,8.0,6.0,75.0,0.13,0.17,18.9,0.0,1.0,1.0,1.3,0.5,0.07,0.7,0.5,9.0,3.0,44.4,0.0,4.9,-0.1,1.0,0.0,1.0,0.0,1.0,5.0,20.0,36.0,7.0,11.1,26.4,7.0,14.3,22.3,14.0,1.0,7.1,0.0,14.9,385.0,500.0,77.0,7105.0,3040.0,154.0,187.0,82.4,179.0,213.0,84.0,45.0,74.0,60.8,0.0,0.4,0.3,6.0,30.0,6.0,2.0,38.0,500.0,439.0,60.0,12.0,0.0,1.0,16.0,34.0,1.0,1.0,0.0,0.0,385.0,1.0,8.0,18.0,11.0,2.0,2.0,0.0,3.0,0.0,4.0,2.0,1.0,0.0,0.0,1.0,0.0,9.0,8.0,6.0,3.0,0.0,3.0,9.0,33.3,6.0,8.0,2.0,6.0,14.0,23.0,15.0,0.0,60.0,592.0,71.0,240.0,233.0,122.0,10.0,591.0,11.0,3.0,27.3,8.0,72.7,296.0,1379.0,571.0,3.0,8.0,2.0,20.0,6.0,379.0,38.0,3.0,0.0,0.0,14.0,11.0,1.0,16.0,14.0,8.0,1.0,1.0,0.0,50.0,0.0,4.0,0.0
2024-01-17,21:00,D1 Fém,Matchweek 4,Wed,Away,L,0.0,4.0,Stade de Reims,Paris S-G,0.1,4.8,26.0,328.0,Mélissa Gomes,5-4-1,Victoria Beyer,3.0,0.0,0.0,0.0,,31.5,0.0,0.0,0.0,0.1,0.1,0.04,-0.1,-0.1,11.0,7.0,63.6,0.0,4.5,0.5,0.0,0.0,0.0,0.0,0.0,2.0,0.0,15.0,7.0,13.3,20.7,19.0,0.0,13.8,20.0,0.0,0.0,1.0,55.0,185.0,255.0,72.5,3215.0,1244.0,76.0,97.0,78.4,95.0,113.0,84.1,12.0,34.0,35.3,0.0,0.0,0.0,1.0,7.0,1.0,0.0,10.0,255.0,223.0,32.0,3.0,0.0,0.0,1.0,5.0,0.0,0.0,0.0,0.0,185.0,0.0,8.0,2.0,2.0,0.0,0.0,0.0,0.0,0.0,0.0,0.0,0.0,0.0,0.0,0.0,0.0,19.0,13.0,12.0,7.0,0.0,2.0,11.0,18.2,9.0,11.0,6.0,5.0,10.0,29.0,30.0,1.0,26.0,360.0,101.0,239.0,102.0,23.0,4.0,360.0,11.0,4.0,36.4,7.0,63.6,180.0,1278.0,612.0,5.0,5.0,2.0,22.0,12.0,187.0,11.0,1.0,0.0,0.0,5.0,3.0,0.0,1.0,10.0,13.0,0.0,0.0,0.0,38.0,2.0,2.0,50.0,25.0,11.0,44.0,0.16,0.36,12.7,0.0,0.0,0.0,4.8,4.8,0.2,-0.8,-0.8,0.0,0.0,,1.0,0.0,0.0,0.0,0.0,0.0,0.0,0.0,0.0,,10.0,1.0,0.0,15.1,5.0,0.0,18.0,0.0,0.0,,0.0,,728.0,821.0,88.7,12376.0,3723.0,350.0,378.0,92.6,328.0,355.0,92.4,48.0,70.0,68.6,3.0,3.3,3.4,19.0,69.0,20.0,5.0,81.0,821.0,779.0,42.0,5.0,1.0,1.0,27.0,22.0,9.0,0.0,0.0,7.0,728.0,0.0,8.0,47.0,38.0,3.0,2.0,4.0,0.0,0.0,7.0,5.0,1.0,0.0,1.0,0.0,0.0,22.0,16.0,2.0,15.0,5.0,10.0,14.0,71.4,4.0,9.0,0.0,9.0,4.0,26.0,2.0,0.0,74.0,907.0,21.0,110.0,486.0,314.0,48.0,907.0,11.0,9.0,81.8,2.0,18.2,528.0,2964.0,1469.0,28.0,20.0,6.0,18.0,19.0,721.0,80.0,1.0,0.0,0.0,3.0,5.0,0.0,27.0,4.0,16.0,0.0,0.0,0.0,68.0,2.0,2.0,50.0
2024-01-20,14:30,D1 Fém,Matchweek 13,Sat,Home,W,1.0,0.0,Stade de Reims,Guingamp,2.1,1.0,47.0,50.0,Rachel Corboz,4-2-3-1,Aurélie Efe,17.0,6.0,35.3,0.0,0.0,16.5,0.0,1.0,1.0,2.1,1.3,0.08,-1.1,-1.3,2.0,2.0,100.0,1.0,0.6,0.6,0.0,0.0,0.0,0.0,1.0,1.0,100.0,9.0,4.0,11.1,25.1,8.0,0.0,13.5,20.0,1.0,5.0,1.0,11.3,215.0,325.0,66.2,3786.0,1950.0,97.0,128.0,75.8,90.0,120.0,75.0,22.0,50.0,44.0,0.0,1.2,1.9,13.0,20.0,9.0,4.0,27.0,325.0,265.0,59.0,15.0,1.0,0.0,28.0,26.0,9.0,3.0,5.0,0.0,215.0,1.0,10.0,28.0,19.0,2.0,1.0,3.0,2.0,1.0,2.0,1.0,0.0,0.0,0.0,1.0,0.0,22.0,16.0,9.0,6.0,7.0,8.0,15.0,53.3,7.0,22.0,4.0,18.0,12.0,34.0,17.0,1.0,47.0,493.0,46.0,160.0,146.0,194.0,38.0,492.0,30.0,13.0,43.3,17.0,56.7,207.0,1150.0,568.0,15.0,8.0,7.0,31.0,15.0,211.0,27.0,1.0,0.0,0.0,11.0,15.0,1.0,28.0,12.0,16.0,1.0,0.0,0.0,55.0,14.0,18.0,43.8,12.0,2.0,16.7,0.0,0.0,18.9,0.0,0.0,0.0,1.0,1.0,0.09,-1.0,-1.0,7.0,6.0,100.0,0.0,1.7,0.7,1.0,1.0,0.0,0.0,0.0,1.0,0.0,19.0,3.0,5.3,21.6,12.0,0.0,21.3,25.0,2.0,8.0,0.0,7.3,247.0,373.0,66.2,4209.0,1961.0,111.0,142.0,78.2,110.0,143.0,76.9,21.0,49.0,42.9,0.0,0.8,0.7,9.0,22.0,4.0,4.0,27.0,373.0,307.0,65.0,13.0,0.0,0.0,25.0,30.0,8.0,4.0,4.0,0.0,247.0,1.0,24.0,17.0,12.0,2.0,0.0,2.0,0.0,1.0,0.0,0.0,0.0,0.0,0.0,0.0,0.0,32.0,16.0,17.0,8.0,7.0,17.0,30.0,56.7,13.0,13.0,4.0,9.0,14.0,46.0,24.0,1.0,53.0,531.0,86.0,230.0,170.0,134.0,11.0,531.0,15.0,7.0,46.7,8.0,53.3,239.0,1371.0,678.0,6.0,8.0,0.0,24.0,14.0,244.0,27.0,3.0,0.0,0.0,16.0,11.0,1.0,25.0,14.0,16.0,0.0,1.0,0.0,50.0,18.0,14.0,56.3
2024-02-03,14:30,D1 Fém,Matchweek 14,Sat,Away,L,1.0,4.0,Stade de Reims,Lyon,0.5,3.1,26.0,738.0,Lou-Ann Joly,4-4-1-1,Elisa Daupeux,2.0,2.0,100.0,0.5,0.5,15.2,0.0,0.0,0.0,0.5,0.5,0.25,0.5,0.5,12.0,8.0,66.7,0.0,4.4,0.4,0.0,0.0,0.0,0.0,1.0,3.0,33.3,16.0,9.0,18.8,22.9,15.0,0.0,16.3,26.0,2.0,7.7,0.0,6.0,127.0,210.0,60.5,2622.0,1362.0,42.0,69.0,60.9,61.0,79.0,77.2,23.0,49.0,46.9,1.0,0.5,0.1,2.0,8.0,2.0,1.0,9.0,210.0,168.0,42.0,11.0,0.0,1.0,6.0,8.0,3.0,1.0,1.0,1.0,127.0,0.0,16.0,4.0,2.0,0.0,1.0,0.0,0.0,1.0,2.0,1.0,0.0,0.0,0.0,0.0,1.0,20.0,12.0,17.0,2.0,1.0,9.0,15.0,60.0,6.0,11.0,6.0,5.0,12.0,32.0,27.0,0.0,26.0,332.0,109.0,216.0,78.0,43.0,4.0,332.0,9.0,4.0,44.4,5.0,55.6,127.0,765.0,369.0,7.0,7.0,3.0,30.0,8.0,125.0,8.0,1.0,0.0,0.0,7.0,10.0,0.0,6.0,12.0,12.0,0.0,0.0,0.0,38.0,3.0,3.0,50.0,27.0,12.0,44.4,0.15,0.33,15.3,2.0,0.0,0.0,3.1,3.1,0.12,0.9,0.9,2.0,1.0,50.0,0.0,1.0,0.0,0.0,0.0,0.0,0.0,0.0,0.0,,27.0,4.0,0.0,17.7,2.0,0.0,14.0,6.0,2.0,33.3,0.0,7.6,595.0,700.0,85.0,11081.0,3960.0,228.0,259.0,88.0,308.0,349.0,88.3,57.0,75.0,76.0,2.0,2.5,3.3,20.0,72.0,17.0,2.0,92.0,700.0,647.0,51.0,8.0,2.0,1.0,30.0,32.0,7.0,7.0,0.0,0.0,595.0,2.0,7.0,49.0,31.0,8.0,0.0,3.0,6.0,1.0,6.0,5.0,0.0,0.0,1.0,0.0,0.0,21.0,12.0,4.0,8.0,9.0,7.0,10.0,70.0,3.0,18.0,0.0,18.0,9.0,30.0,7.0,1.0,74.0,828.0,36.0,179.0,308.0,345.0,57.0,828.0,21.0,9.0,42.9,10.0,47.6,492.0,2787.0,1250.0,18.0,18.0,14.0,20.0,13.0,585.0,89.0,0.0,0.0,0.0,10.0,9.0,2.0,30.0,9.0,12.0,0.0,0.0,0.0,65.0,3.0,4.0,42.9
2024-02-09,21:00,D1 Fém,Matchweek 15,Fri,Home,L,0.0,3.0,Stade de Reims,Montpellier,0.3,3.3,45.0,477.0,Rachel Corboz,4-2-3-1,Alexandra Collin,5.0,2.0,40.0,0.0,0.0,11.4,0.0,0.0,0.0,0.3,0.3,0.07,-0.3,-0.3,6.0,3.0,50.0,0.0,3.2,0.2,0.0,0.0,0.0,0.0,2.0,4.0,50.0,12.0,2.0,25.0,30.8,8.0,12.5,17.1,15.0,2.0,13.3,0.0,6.9,251.0,374.0,67.1,4670.0,1962.0,99.0,136.0,72.8,111.0,142.0,78.2,34.0,67.0,50.7,0.0,0.3,0.5,5.0,16.0,9.0,3.0,33.0,374.0,315.0,59.0,13.0,0.0,2.0,16.0,30.0,4.0,2.0,2.0,0.0,251.0,0.0,8.0,9.0,5.0,3.0,0.0,1.0,0.0,0.0,0.0,0.0,0.0,0.0,0.0,0.0,0.0,27.0,16.0,8.0,13.0,6.0,11.0,24.0,45.8,13.0,15.0,5.0,10.0,16.0,43.0,29.0,0.0,45.0,552.0,72.0,207.0,238.0,117.0,16.0,552.0,32.0,13.0,40.6,19.0,59.4,226.0,1454.0,749.0,13.0,11.0,2.0,26.0,15.0,247.0,33.0,2.0,0.0,0.0,11.0,12.0,0.0,16.0,16.0,16.0,0.0,0.0,0.0,62.0,6.0,9.0,40.0,20.0,6.0,30.0,0.15,0.5,15.4,1.0,0.0,0.0,3.3,3.3,0.2,-0.3,-0.3,2.0,2.0,100.0,1.0,0.5,0.5,0.0,0.0,0.0,0.0,3.0,7.0,42.9,21.0,4.0,28.6,30.1,6.0,16.7,23.2,14.0,2.0,14.3,0.0,8.3,327.0,461.0,70.9,5033.0,2366.0,165.0,202.0,81.7,101.0,142.0,71.1,31.0,58.0,53.4,1.0,2.4,1.3,16.0,21.0,8.0,1.0,31.0,461.0,404.0,56.0,9.0,3.0,1.0,18.0,35.0,5.0,5.0,0.0,0.0,327.0,1.0,10.0,35.0,23.0,3.0,2.0,5.0,2.0,0.0,3.0,0.0,0.0,0.0,2.0,1.0,0.0,32.0,19.0,17.0,11.0,4.0,17.0,30.0,56.7,13.0,10.0,1.0,9.0,20.0,52.0,10.0,0.0,55.0,589.0,43.0,186.0,272.0,136.0,27.0,589.0,23.0,13.0,56.5,10.0,43.5,275.0,1563.0,704.0,9.0,9.0,3.0,16.0,15.0,329.0,33.0,1.0,0.0,0.0,11.0,10.0,1.0,18.0,20.0,19.0,0.0,0.0,0.0,58.0,7.0,6.0,53.8
2024-02-17,14:30,D1 Fém,Matchweek 12,Sat,Away,L,3.0,4.0,Stade de Reims,Saint-Étienne,2.5,3.3,45.0,173.0,Rachel Corboz,4-2-3-1,Maika Vanderstichel,10.0,5.0,50.0,0.3,0.6,14.6,0.0,0.0,0.0,2.5,2.5,0.25,0.5,0.5,6.0,2.0,33.3,0.0,3.5,0.5,1.0,0.0,1.0,0.0,3.0,4.0,75.0,11.0,4.0,27.3,25.7,10.0,10.0,20.8,17.0,1.0,5.9,0.0,2.0,239.0,342.0,69.9,5120.0,2238.0,66.0,90.0,73.3,129.0,157.0,82.2,43.0,79.0,54.4,3.0,2.3,1.0,7.0,15.0,2.0,0.0,18.0,342.0,274.0,63.0,15.0,3.0,3.0,9.0,30.0,3.0,1.0,2.0,0.0,239.0,5.0,12.0,15.0,5.0,4.0,3.0,1.0,2.0,0.0,4.0,2.0,0.0,2.0,0.0,0.0,0.0,25.0,16.0,16.0,8.0,1.0,14.0,27.0,51.9,13.0,7.0,1.0,6.0,14.0,39.0,26.0,1.0,45.0,479.0,50.0,227.0,191.0,67.0,18.0,479.0,17.0,8.0,47.1,9.0,52.9,255.0,1364.0,798.0,14.0,5.0,7.0,25.0,5.0,233.0,18.0,1.0,0.0,0.0,8.0,15.0,5.0,9.0,14.0,16.0,0.0,1.0,1.0,47.0,4.0,4.0,50.0,11.0,4.0,36.4,0.18,0.5,18.6,0.0,0.0,1.0,3.3,2.4,0.2,-0.3,0.6,5.0,2.0,40.0,0.0,3.6,0.6,0.0,0.0,0.0,0.0,1.0,4.0,25.0,33.0,2.0,12.1,21.8,5.0,0.0,18.2,6.0,1.0,16.7,3.0,15.8,312.0,419.0,74.5,5527.0,2522.0,123.0,159.0,77.4,147.0,178.0,82.6,30.0,59.0,50.8,1.0,1.4,0.3,9.0,27.0,7.0,2.0,35.0,419.0,364.0,55.0,12.0,0.0,0.0,19.0,33.0,1.0,0.0,1.0,0.0,312.0,0.0,6.0,16.0,10.0,1.0,2.0,3.0,0.0,0.0,3.0,1.0,0.0,0.0,2.0,0.0,0.0,13.0,9.0,4.0,7.0,2.0,9.0,17.0,52.9,8.0,13.0,2.0,11.0,11.0,24.0,11.0,2.0,55.0,526.0,57.0,195.0,206.0,130.0,17.0,526.0,25.0,12.0,48.0,13.0,52.0,347.0,1781.0,878.0,15.0,10.0,6.0,20.0,10.0,313.0,34.0,2.0,0.0,0.0,13.0,7.0,0.0,19.0,11.0,9.0,0.0,0.0,0.0,52.0,4.0,4.0,50.0
2024-03-02,13:30,D1 Fém,Matchweek 16,Sat,Away,L,0.0,1.0,Stade de Reims,Fleury,0.3,3.5,48.0,65.0,Rachel Corboz,4-1-4-1,Clémence Goncalves,3.0,1.0,33.3,0.0,0.0,17.1,0.0,0.0,0.0,0.3,0.3,0.11,-0.3,-0.3,10.0,9.0,90.0,0.0,2.4,1.4,0.0,0.0,0.0,0.0,1.0,4.0,25.0,18.0,5.0,16.7,28.4,11.0,18.2,24.4,15.0,1.0,6.7,2.0,14.3,244.0,349.0,69.9,4037.0,1770.0,121.0,155.0,78.1,99.0,129.0,76.7,19.0,43.0,44.2,0.0,0.3,0.2,2.0,19.0,1.0,0.0,19.0,349.0,306.0,42.0,9.0,0.0,0.0,8.0,18.0,2.0,2.0,0.0,0.0,244.0,1.0,13.0,5.0,5.0,0.0,0.0,0.0,0.0,0.0,0.0,0.0,0.0,0.0,0.0,0.0,0.0,24.0,19.0,12.0,10.0,2.0,14.0,25.0,56.0,11.0,13.0,3.0,10.0,15.0,39.0,23.0,1.0,48.0,478.0,79.0,205.0,213.0,69.0,8.0,478.0,22.0,9.0,40.9,13.0,59.1,216.0,1254.0,535.0,8.0,5.0,5.0,22.0,12.0,260.0,25.0,1.0,0.0,0.0,7.0,10.0,2.0,8.0,15.0,19.0,0.0,0.0,0.0,50.0,4.0,7.0,36.4,25.0,10.0,40.0,0.04,0.1,16.5,0.0,0.0,0.0,3.5,3.5,0.15,-2.5,-2.5,1.0,1.0,100.0,1.0,0.0,0.0,0.0,0.0,0.0,0.0,6.0,6.0,100.0,27.0,4.0,18.5,25.0,1.0,100.0,54.0,7.0,1.0,14.3,1.0,15.0,330.0,445.0,74.2,5458.0,2719.0,162.0,191.0,84.8,122.0,152.0,80.3,30.0,64.0,46.9,1.0,3.3,2.3,19.0,33.0,13.0,2.0,47.0,445.0,395.0,48.0,10.0,1.0,4.0,17.0,27.0,9.0,7.0,0.0,0.0,330.0,2.0,11.0,43.0,31.0,2.0,3.0,3.0,1.0,3.0,2.0,2.0,0.0,0.0,0.0,0.0,0.0,26.0,21.0,10.0,10.0,6.0,13.0,23.0,56.5,10.0,16.0,1.0,15.0,9.0,35.0,7.0,1.0,52.0,582.0,40.0,163.0,252.0,176.0,32.0,582.0,28.0,14.0,50.0,14.0,50.0,335.0,1856.0,886.0,17.0,7.0,9.0,19.0,10.0,327.0,47.0,2.0,0.0,0.0,10.0,8.0,2.0,17.0,9.0,21.0,0.0,0.0,0.0,75.0,8.0,4.0,66.7
2024-03-16,14:30,D1 Fém,Matchweek 17,Sat,Home,,,,Stade de Reims,Lille,,,,,,,,,,,,,,,,,,,,,,,,,,,,,,,,,,,,,,,,,,,,,,,,,,,,,,,,,,,,,,,,,,,,,,,,,,,,,,,,,,,,,,,,,,,,,,,,,,,,,,,,,,,,,,,,,,,,,,,,,,,,,,,,,,,,,,,,,,,,,,,,,,,,,,,,,,,,,,,,,,,,,,,,,,,,,,,,,,,,,,,,,,,,,,,,,,,,,,,,,,,,,,,,,,,,,,,,,,,,,,,,,,,,,,,,,,,,,,,,,,,,,,,,,,,,,,,,,,,,,,,,,,,,,,,,,,,,,,,,,,,,,,,,,,,,,,,,,
2024-03-23,14:30,D1 Fém,Matchweek 18,Sat,Away,,,,Stade de Reims,Le Havre,,,,,,,,,,,,,,,,,,,,,,,,,,,,,,,,,,,,,,,,,,,,,,,,,,,,,,,,,,,,,,,,,,,,,,,,,,,,,,,,,,,,,,,,,,,,,,,,,,,,,,,,,,,,,,,,,,,,,,,,,,,,,,,,,,,,,,,,,,,,,,,,,,,,,,,,,,,,,,,,,,,,,,,,,,,,,,,,,,,,,,,,,,,,,,,,,,,,,,,,,,,,,,,,,,,,,,,,,,,,,,,,,,,,,,,,,,,,,,,,,,,,,,,,,,,,,,,,,,,,,,,,,,,,,,,,,,,,,,,,,,,,,,,,,,,,,,,,,
2024-03-30,14:30,D1 Fém,Matchweek 19,Sat,Home,,,,Stade de Reims,Bordeaux,,,,,,,,,,,,,,,,,,,,,,,,,,,,,,,,,,,,,,,,,,,,,,,,,,,,,,,,,,,,,,,,,,,,,,,,,,,,,,,,,,,,,,,,,,,,,,,,,,,,,,,,,,,,,,,,,,,,,,,,,,,,,,,,,,,,,,,,,,,,,,,,,,,,,,,,,,,,,,,,,,,,,,,,,,,,,,,,,,,,,,,,,,,,,,,,,,,,,,,,,,,,,,,,,,,,,,,,,,,,,,,,,,,,,,,,,,,,,,,,,,,,,,,,,,,,,,,,,,,,,,,,,,,,,,,,,,,,,,,,,,,,,,,,,,,,,,,,,
2024-04-13,15:00,D1 Fém,Matchweek 20,Sat,Away,,,,Stade de Reims,Paris FC,,,,,,,,,,,,,,,,,,,,,,,,,,,,,,,,,,,,,,,,,,,,,,,,,,,,,,,,,,,,,,,,,,,,,,,,,,,,,,,,,,,,,,,,,,,,,,,,,,,,,,,,,,,,,,,,,,,,,,,,,,,,,,,,,,,,,,,,,,,,,,,,,,,,,,,,,,,,,,,,,,,,,,,,,,,,,,,,,,,,,,,,,,,,,,,,,,,,,,,,,,,,,,,,,,,,,,,,,,,,,,,,,,,,,,,,,,,,,,,,,,,,,,,,,,,,,,,,,,,,,,,,,,,,,,,,,,,,,,,,,,,,,,,,,,,,,,,,,
2024-04-24,14:30,D1 Fém,Matchweek 21,Wed,Away,,,,Stade de Reims,Dijon,,,,,,,,,,,,,,,,,,,,,,,,,,,,,,,,,,,,,,,,,,,,,,,,,,,,,,,,,,,,,,,,,,,,,,,,,,,,,,,,,,,,,,,,,,,,,,,,,,,,,,,,,,,,,,,,,,,,,,,,,,,,,,,,,,,,,,,,,,,,,,,,,,,,,,,,,,,,,,,,,,,,,,,,,,,,,,,,,,,,,,,,,,,,,,,,,,,,,,,,,,,,,,,,,,,,,,,,,,,,,,,,,,,,,,,,,,,,,,,,,,,,,,,,,,,,,,,,,,,,,,,,,,,,,,,,,,,,,,,,,,,,,,,,,,,,,,,,,
2024-05-08,14:30,D1 Fém,Matchweek 22,Wed,Home,,,,Stade de Reims,Paris S-G,,,,,,,,,,,,,,,,,,,,,,,,,,,,,,,,,,,,,,,,,,,,,,,,,,,,,,,,,,,,,,,,,,,,,,,,,,,,,,,,,,,,,,,,,,,,,,,,,,,,,,,,,,,,,,,,,,,,,,,,,,,,,,,,,,,,,,,,,,,,,,,,,,,,,,,,,,,,,,,,,,,,,,,,,,,,,,,,,,,,,,,,,,,,,,,,,,,,,,,,,,,,,,,,,,,,,,,,,,,,,,,,,,,,,,,,,,,,,,,,,,,,,,,,,,,,,,,,,,,,,,,,,,,,,,,,,,,,,,,,,,,,,,,,,,,,,,,,,
2023-09-16,15:00,D1 Fém,Matchweek 1,Sat,Away,L,0.0,2.0,Saint-Étienne,Stade de Reims,0.9,1.2,53.0,266.0,Élise Legrout,4-2-3-1,Alexandra Collin,10.0,5.0,50.0,0.0,0.0,18.9,1.0,0.0,0.0,0.9,0.9,0.09,-0.9,-0.9,2.0,0.0,0.0,0.0,1.0,-1.0,0.0,0.0,0.0,0.0,2.0,3.0,66.7,23.0,1.0,8.7,23.0,6.0,16.7,22.5,7.0,0.0,0.0,0.0,8.0,322.0,434.0,74.2,6371.0,2828.0,90.0,115.0,78.3,194.0,236.0,82.2,36.0,70.0,51.4,0.0,0.8,0.5,8.0,39.0,2.0,1.0,41.0,434.0,380.0,52.0,12.0,1.0,0.0,13.0,26.0,5.0,5.0,0.0,0.0,322.0,2.0,12.0,18.0,10.0,3.0,1.0,1.0,3.0,0.0,0.0,0.0,0.0,0.0,0.0,0.0,0.0,14.0,4.0,9.0,3.0,2.0,10.0,21.0,47.6,11.0,11.0,2.0,9.0,19.0,33.0,9.0,0.0,53.0,537.0,47.0,200.0,213.0,124.0,15.0,537.0,15.0,5.0,33.3,10.0,66.7,275.0,1616.0,769.0,14.0,7.0,5.0,23.0,7.0,319.0,42.0,1.0,0.0,0.0,15.0,9.0,2.0,13.0,19.0,4.0,0.0,0.0,0.0,65.0,7.0,8.0,46.7,7.0,2.0,28.6,0.29,1.0,17.7,2.0,0.0,0.0,1.2,1.2,0.17,0.8,0.8,5.0,5.0,100.0,1.0,0.9,0.9,0.0,0.0,0.0,0.0,0.0,2.0,0.0,20.0,5.0,10.0,25.1,8.0,0.0,17.8,13.0,0.0,0.0,0.0,14.0,263.0,379.0,69.4,5374.0,2491.0,76.0,109.0,69.7,162.0,190.0,85.3,25.0,61.0,41.0,2.0,1.0,0.8,4.0,29.0,3.0,0.0,36.0,379.0,326.0,50.0,16.0,0.0,1.0,9.0,22.0,3.0,1.0,2.0,0.0,263.0,3.0,11.0,13.0,8.0,1.0,1.0,0.0,3.0,0.0,4.0,4.0,0.0,0.0,0.0,0.0,0.0,17.0,15.0,12.0,3.0,2.0,10.0,15.0,66.7,5.0,13.0,1.0,12.0,14.0,31.0,20.0,0.0,47.0,486.0,54.0,197.0,190.0,105.0,14.0,486.0,22.0,11.0,50.0,11.0,50.0,214.0,1300.0,824.0,15.0,5.0,4.0,14.0,4.0,257.0,33.0,1.0,0.0,0.0,10.0,16.0,3.0,9.0,14.0,15.0,0.0,0.0,0.0,60.0,8.0,7.0,53.3
2023-09-30,15:00,D1 Fém,Matchweek 2,Sat,Home,D,1.0,1.0,Saint-Étienne,Montpellier,0.2,0.4,38.0,227.0,Élise Legrout,4-3-3,Aurélie Efe,6.0,2.0,33.3,0.17,0.5,22.9,0.0,0.0,0.0,0.2,0.2,0.04,0.8,0.8,1.0,0.0,0.0,0.0,0.7,-0.3,0.0,0.0,0.0,0.0,8.0,19.0,42.1,17.0,1.0,70.6,48.2,8.0,87.5,51.1,19.0,1.0,5.3,2.0,21.2,127.0,247.0,51.4,2940.0,1829.0,38.0,63.0,60.3,51.0,87.0,58.6,35.0,85.0,41.2,1.0,0.0,0.1,2.0,12.0,1.0,1.0,10.0,247.0,179.0,67.0,18.0,0.0,1.0,11.0,38.0,1.0,1.0,0.0,0.0,127.0,1.0,5.0,4.0,2.0,1.0,0.0,0.0,1.0,0.0,2.0,2.0,0.0,0.0,0.0,0.0,0.0,10.0,6.0,8.0,2.0,0.0,6.0,11.0,54.5,5.0,6.0,3.0,3.0,10.0,20.0,12.0,0.0,38.0,322.0,37.0,135.0,140.0,50.0,5.0,322.0,9.0,5.0,55.6,4.0,44.4,101.0,728.0,291.0,7.0,3.0,1.0,21.0,5.0,123.0,10.0,3.0,0.0,0.0,24.0,14.0,1.0,11.0,10.0,6.0,0.0,0.0,0.0,39.0,6.0,4.0,60.0,5.0,1.0,20.0,0.2,1.0,11.8,0.0,0.0,0.0,0.4,0.4,0.08,0.6,0.6,2.0,1.0,50.0,0.0,0.6,-0.4,0.0,0.0,0.0,0.0,4.0,8.0,50.0,14.0,4.0,21.4,26.3,8.0,62.5,44.8,10.0,1.0,10.0,0.0,9.7,280.0,409.0,68.5,6041.0,2740.0,74.0,99.0,74.7,163.0,214.0,76.2,41.0,80.0,51.3,1.0,0.4,0.7,4.0,28.0,0.0,0.0,37.0,409.0,337.0,68.0,26.0,0.0,1.0,27.0,27.0,5.0,3.0,1.0,1.0,280.0,4.0,6.0,9.0,5.0,2.0,1.0,0.0,1.0,0.0,2.0,2.0,0.0,0.0,0.0,0.0,0.0,9.0,7.0,5.0,2.0,2.0,4.0,9.0,44.4,5.0,4.0,0.0,4.0,7.0,16.0,6.0,0.0,62.0,476.0,32.0,140.0,253.0,87.0,10.0,476.0,11.0,5.0,45.5,6.0,54.5,278.0,1555.0,752.0,9.0,4.0,4.0,20.0,4.0,271.0,33.0,2.0,0.0,0.0,14.0,24.0,4.0,27.0,7.0,7.0,0.0,0.0,0.0,45.0,4.0,6.0,40.0
2023-10-06,18:00,D1 Fém,Matchweek 3,Fri,Home,L,0.0,1.0,Saint-Étienne,Paris S-G,0.3,1.3,30.0,500.0,Élise Legrout,4-2-3-1,Charlène Laur,7.0,3.0,42.9,0.0,0.0,22.3,0.0,0.0,0.0,0.3,0.3,0.05,-0.3,-0.3,3.0,2.0,66.7,0.0,1.2,0.2,0.0,0.0,0.0,0.0,6.0,10.0,60.0,23.0,1.0,39.1,31.8,8.0,12.5,25.3,15.0,0.0,0.0,1.0,13.9,190.0,280.0,67.9,4123.0,2193.0,64.0,85.0,75.3,83.0,115.0,72.2,42.0,71.0,59.2,0.0,0.3,0.2,6.0,20.0,1.0,1.0,27.0,280.0,235.0,45.0,15.0,0.0,3.0,12.0,18.0,2.0,1.0,0.0,0.0,190.0,0.0,7.0,12.0,7.0,1.0,0.0,1.0,1.0,2.0,0.0,0.0,0.0,0.0,0.0,0.0,0.0,17.0,12.0,11.0,6.0,0.0,10.0,27.0,37.0,17.0,10.0,3.0,7.0,16.0,33.0,10.0,0.0,30.0,363.0,46.0,150.0,151.0,65.0,6.0,363.0,12.0,3.0,25.0,9.0,75.0,212.0,1210.0,453.0,7.0,4.0,3.0,24.0,8.0,190.0,27.0,4.0,0.0,0.0,17.0,11.0,0.0,12.0,16.0,12.0,0.0,0.0,0.0,53.0,2.0,4.0,33.3,10.0,3.0,30.0,0.1,0.33,14.4,0.0,0.0,0.0,1.3,1.3,0.13,-0.3,-0.3,3.0,3.0,100.0,1.0,0.1,0.1,0.0,0.0,0.0,0.0,0.0,2.0,0.0,23.0,6.0,8.7,28.1,5.0,0.0,22.8,10.0,1.0,10.0,1.0,14.3,550.0,644.0,85.4,10204.0,3700.0,210.0,230.0,91.3,291.0,328.0,88.7,47.0,69.0,68.1,1.0,1.3,1.1,9.0,32.0,3.0,2.0,43.0,644.0,595.0,45.0,17.0,1.0,4.0,19.0,15.0,7.0,4.0,3.0,0.0,550.0,4.0,8.0,18.0,12.0,3.0,1.0,1.0,1.0,0.0,2.0,2.0,0.0,0.0,0.0,0.0,0.0,17.0,13.0,5.0,12.0,0.0,9.0,12.0,75.0,3.0,8.0,2.0,6.0,13.0,30.0,12.0,0.0,70.0,732.0,42.0,220.0,411.0,104.0,12.0,732.0,27.0,17.0,63.0,10.0,37.0,503.0,2501.0,1229.0,11.0,8.0,4.0,12.0,7.0,546.0,43.0,1.0,0.0,0.0,11.0,17.0,4.0,19.0,13.0,13.0,0.0,0.0,0.0,58.0,4.0,2.0,66.7
2023-10-14,21:00,D1 Fém,Matchweek 4,Sat,Away,L,0.0,6.0,Saint-Étienne,Lyon,0.1,3.5,29.0,1186.0,Élise Legrout,4-2-3-1,Maika Vanderstichel,2.0,2.0,100.0,0.0,0.0,17.7,0.0,0.0,0.0,0.1,0.1,0.04,-0.1,-0.1,9.0,3.0,33.3,0.0,3.7,-2.3,0.0,0.0,0.0,0.0,4.0,12.0,33.3,28.0,6.0,21.4,32.1,11.0,54.5,41.8,23.0,0.0,0.0,3.0,12.9,154.0,252.0,61.1,2932.0,1478.0,56.0,76.0,73.7,78.0,107.0,72.9,19.0,62.0,30.6,0.0,0.1,0.0,2.0,6.0,0.0,0.0,9.0,252.0,200.0,51.0,12.0,0.0,0.0,6.0,19.0,2.0,2.0,0.0,0.0,154.0,1.0,5.0,2.0,1.0,1.0,0.0,0.0,0.0,0.0,0.0,0.0,0.0,0.0,0.0,0.0,0.0,21.0,11.0,17.0,4.0,0.0,13.0,17.0,76.5,4.0,6.0,3.0,3.0,11.0,32.0,33.0,0.0,29.0,356.0,85.0,226.0,108.0,25.0,3.0,356.0,10.0,1.0,10.0,9.0,90.0,144.0,709.0,395.0,6.0,3.0,3.0,15.0,7.0,152.0,11.0,3.0,1.0,1.0,14.0,7.0,1.0,6.0,11.0,11.0,0.0,0.0,0.0,49.0,3.0,14.0,17.6,19.0,9.0,47.4,0.32,0.67,13.9,1.0,0.0,0.0,3.5,3.5,0.2,2.5,2.5,2.0,2.0,100.0,1.0,0.5,0.5,0.0,0.0,0.0,0.0,0.0,0.0,,27.0,2.0,0.0,18.3,1.0,0.0,21.0,5.0,0.0,0.0,5.0,20.4,522.0,629.0,83.0,8799.0,3586.0,237.0,274.0,86.5,228.0,256.0,89.1,41.0,60.0,68.3,5.0,3.5,2.9,14.0,50.0,16.0,7.0,69.0,629.0,576.0,48.0,17.0,2.0,2.0,29.0,21.0,8.0,6.0,1.0,0.0,522.0,5.0,7.0,29.0,18.0,4.0,1.0,3.0,3.0,0.0,10.0,6.0,1.0,1.0,1.0,1.0,0.0,17.0,12.0,2.0,11.0,4.0,9.0,10.0,90.0,1.0,4.0,0.0,4.0,8.0,25.0,8.0,0.0,71.0,729.0,21.0,122.0,364.0,246.0,41.0,729.0,18.0,4.0,22.2,14.0,77.8,424.0,2109.0,1104.0,24.0,19.0,8.0,20.0,8.0,518.0,69.0,3.0,0.0,0.0,7.0,17.0,5.0,29.0,8.0,12.0,0.0,0.0,0.0,80.0,14.0,3.0,82.4
2023-10-21,15:00,D1 Fém,Matchweek 5,Sat,Home,L,1.0,2.0,Saint-Étienne,Le Havre,1.1,1.5,39.0,397.0,Solene Champagnac,4-3-3,Alexandra Collin,5.0,4.0,80.0,0.2,0.25,18.2,0.0,0.0,0.0,1.1,1.1,0.2,-0.1,-0.1,6.0,4.0,66.7,0.0,2.4,0.4,0.0,0.0,0.0,0.0,6.0,13.0,46.2,29.0,5.0,31.0,31.0,12.0,33.3,32.8,11.0,0.0,0.0,0.0,15.0,200.0,312.0,64.1,4451.0,2134.0,45.0,65.0,69.2,118.0,157.0,75.2,37.0,84.0,44.0,1.0,0.8,0.4,2.0,10.0,5.0,0.0,19.0,312.0,259.0,50.0,13.0,0.0,2.0,10.0,18.0,4.0,0.0,0.0,4.0,200.0,3.0,5.0,7.0,6.0,0.0,1.0,0.0,0.0,0.0,1.0,1.0,0.0,0.0,0.0,0.0,0.0,9.0,7.0,5.0,4.0,0.0,3.0,4.0,75.0,1.0,4.0,0.0,4.0,4.0,13.0,6.0,0.0,39.0,372.0,55.0,184.0,120.0,72.0,7.0,372.0,10.0,1.0,10.0,9.0,90.0,180.0,998.0,392.0,8.0,1.0,0.0,13.0,6.0,198.0,23.0,1.0,0.0,0.0,21.0,6.0,3.0,10.0,4.0,7.0,0.0,0.0,0.0,45.0,3.0,1.0,75.0,7.0,6.0,85.7,0.29,0.33,15.1,0.0,0.0,0.0,1.5,1.5,0.22,0.5,0.5,4.0,3.0,75.0,0.0,1.2,0.2,0.0,0.0,0.0,0.0,1.0,7.0,14.3,27.0,0.0,25.9,31.1,0.0,,,8.0,0.0,0.0,2.0,25.0,360.0,481.0,74.8,7414.0,2956.0,92.0,119.0,77.3,223.0,259.0,86.1,41.0,88.0,46.6,2.0,0.8,0.5,6.0,26.0,9.0,2.0,36.0,481.0,425.0,52.0,29.0,1.0,6.0,11.0,18.0,5.0,1.0,0.0,1.0,360.0,4.0,4.0,13.0,12.0,1.0,0.0,0.0,0.0,0.0,3.0,3.0,0.0,0.0,0.0,0.0,0.0,16.0,15.0,11.0,3.0,2.0,10.0,11.0,90.9,1.0,6.0,1.0,5.0,4.0,20.0,7.0,0.0,61.0,550.0,34.0,241.0,226.0,85.0,12.0,550.0,6.0,2.0,33.3,4.0,66.7,256.0,1629.0,877.0,11.0,2.0,1.0,14.0,8.0,357.0,31.0,0.0,0.0,0.0,10.0,21.0,3.0,11.0,4.0,15.0,0.0,0.0,0.0,62.0,2.0,3.0,40.0
2023-11-04,15:00,D1 Fém,Matchweek 6,Sat,Away,L,1.0,2.0,Saint-Étienne,Fleury,0.7,2.5,53.0,158.0,Solene Champagnac,4-3-3,Clémence Goncalves,8.0,3.0,37.5,0.13,0.33,16.8,0.0,0.0,0.0,0.7,0.7,0.08,0.3,0.3,5.0,3.0,60.0,0.0,1.5,-0.5,0.0,0.0,0.0,0.0,8.0,14.0,57.1,35.0,3.0,37.1,32.2,5.0,20.0,25.8,8.0,1.0,12.5,3.0,19.6,289.0,436.0,66.3,6192.0,3097.0,90.0,130.0,69.2,146.0,199.0,73.4,52.0,93.0,55.9,1.0,0.4,0.4,7.0,27.0,3.0,2.0,27.0,436.0,369.0,67.0,20.0,0.0,5.0,13.0,36.0,3.0,0.0,0.0,3.0,289.0,0.0,12.0,14.0,8.0,3.0,0.0,1.0,1.0,1.0,1.0,1.0,0.0,0.0,0.0,0.0,0.0,16.0,11.0,10.0,4.0,2.0,10.0,15.0,66.7,5.0,13.0,5.0,8.0,26.0,42.0,8.0,1.0,53.0,526.0,54.0,192.0,251.0,90.0,9.0,526.0,9.0,5.0,55.6,4.0,44.4,262.0,1074.0,441.0,8.0,9.0,4.0,17.0,11.0,286.0,28.0,0.0,0.0,0.0,15.0,15.0,0.0,13.0,26.0,11.0,0.0,0.0,0.0,62.0,6.0,1.0,85.7,13.0,5.0,38.5,0.15,0.4,17.4,1.0,0.0,0.0,2.5,2.5,0.19,-0.5,-0.5,3.0,2.0,66.7,0.0,0.4,-0.6,0.0,0.0,0.0,0.0,1.0,5.0,20.0,29.0,6.0,13.8,25.7,5.0,20.0,27.0,10.0,0.0,0.0,0.0,6.0,230.0,385.0,59.7,4423.0,2256.0,80.0,125.0,64.0,117.0,162.0,72.2,30.0,78.0,38.5,2.0,1.9,0.6,6.0,21.0,3.0,2.0,28.0,385.0,335.0,45.0,15.0,0.0,2.0,14.0,18.0,5.0,1.0,1.0,0.0,230.0,5.0,9.0,20.0,11.0,5.0,1.0,1.0,2.0,0.0,4.0,2.0,1.0,0.0,0.0,1.0,0.0,15.0,13.0,8.0,7.0,0.0,4.0,9.0,44.4,5.0,14.0,2.0,12.0,17.0,32.0,12.0,0.0,47.0,493.0,40.0,189.0,191.0,115.0,22.0,493.0,15.0,5.0,33.3,10.0,66.7,198.0,1001.0,451.0,13.0,7.0,9.0,18.0,6.0,228.0,28.0,3.0,0.0,0.0,15.0,15.0,5.0,14.0,17.0,13.0,0.0,0.0,0.0,75.0,2.0,6.0,25.0
2023-11-11,15:00,D1 Fém,Matchweek 7,Sat,Home,L,1.0,6.0,Saint-Étienne,Paris FC,0.6,3.0,40.0,455.0,Solene Champagnac,4-2-2-2,Céline Jeannot,8.0,2.0,25.0,0.13,0.5,16.0,1.0,0.0,0.0,0.6,0.6,0.07,0.4,0.4,8.0,2.0,25.0,0.0,4.6,-1.4,0.0,0.0,0.0,0.0,6.0,17.0,35.3,27.0,4.0,48.1,41.7,4.0,100.0,49.3,14.0,0.0,0.0,2.0,15.2,177.0,280.0,63.2,4018.0,2104.0,50.0,68.0,73.5,86.0,114.0,75.4,40.0,86.0,46.5,1.0,0.5,0.2,6.0,14.0,1.0,1.0,17.0,280.0,228.0,51.0,20.0,0.0,0.0,16.0,15.0,5.0,0.0,1.0,3.0,177.0,1.0,13.0,16.0,6.0,3.0,1.0,1.0,4.0,1.0,2.0,2.0,0.0,0.0,0.0,0.0,0.0,13.0,7.0,6.0,6.0,1.0,7.0,13.0,53.8,6.0,8.0,0.0,8.0,20.0,33.0,19.0,1.0,40.0,366.0,44.0,143.0,159.0,66.0,12.0,366.0,13.0,6.0,46.2,6.0,46.2,203.0,836.0,320.0,8.0,8.0,5.0,9.0,8.0,174.0,17.0,3.0,0.0,0.0,14.0,17.0,1.0,16.0,20.0,7.0,0.0,0.0,0.0,55.0,5.0,9.0,35.7,10.0,8.0,80.0,0.6,0.75,12.1,0.0,0.0,0.0,3.0,3.0,0.3,3.0,3.0,2.0,1.0,50.0,0.0,0.9,-0.1,0.0,0.0,0.0,0.0,2.0,5.0,40.0,33.0,5.0,12.1,24.5,4.0,25.0,33.0,13.0,2.0,15.4,5.0,14.9,282.0,417.0,67.6,5463.0,2589.0,97.0,133.0,72.9,147.0,198.0,74.2,32.0,62.0,51.6,6.0,3.0,2.3,10.0,22.0,13.0,2.0,31.0,417.0,362.0,51.0,15.0,4.0,0.0,21.0,27.0,3.0,3.0,0.0,0.0,282.0,4.0,10.0,20.0,17.0,2.0,1.0,0.0,0.0,0.0,12.0,12.0,0.0,0.0,0.0,0.0,0.0,14.0,11.0,8.0,4.0,2.0,6.0,12.0,50.0,6.0,11.0,1.0,10.0,10.0,24.0,8.0,0.0,60.0,480.0,45.0,200.0,154.0,133.0,18.0,480.0,13.0,6.0,46.2,7.0,53.8,219.0,1173.0,676.0,17.0,6.0,6.0,2.0,6.0,276.0,31.0,3.0,0.0,0.0,17.0,14.0,4.0,21.0,10.0,11.0,0.0,0.0,0.0,71.0,9.0,5.0,64.3
2023-11-18,14:30,D1 Fém,Matchweek 8,Sat,Away,W,2.0,1.0,Saint-Étienne,Lille,1.8,0.7,44.0,479.0,Solene Champagnac,4-4-2,Alexandra Collin,11.0,6.0,54.5,0.09,0.17,21.3,0.0,1.0,1.0,1.8,1.0,0.09,0.2,0.0,3.0,2.0,66.7,0.0,0.3,-0.7,0.0,0.0,0.0,0.0,1.0,4.0,25.0,26.0,7.0,11.5,26.6,6.0,16.7,21.7,7.0,0.0,0.0,0.0,7.3,279.0,392.0,71.2,5375.0,2682.0,89.0,117.0,76.1,159.0,198.0,80.3,27.0,62.0,43.5,1.0,0.7,0.5,7.0,23.0,3.0,0.0,21.0,392.0,346.0,43.0,9.0,2.0,0.0,15.0,21.0,5.0,3.0,0.0,0.0,279.0,3.0,5.0,20.0,14.0,1.0,2.0,1.0,1.0,1.0,3.0,2.0,0.0,0.0,0.0,1.0,0.0,23.0,16.0,12.0,10.0,1.0,10.0,20.0,50.0,10.0,12.0,3.0,9.0,17.0,40.0,17.0,0.0,44.0,510.0,51.0,230.0,212.0,78.0,14.0,509.0,15.0,8.0,53.3,7.0,46.7,264.0,1834.0,743.0,17.0,10.0,3.0,14.0,8.0,274.0,21.0,0.0,0.0,0.0,8.0,8.0,3.0,15.0,17.0,16.0,1.0,0.0,0.0,61.0,5.0,3.0,62.5,11.0,3.0,27.3,0.09,0.33,25.6,1.0,0.0,0.0,0.7,0.7,0.06,0.3,0.3,7.0,5.0,85.7,0.0,2.5,0.5,1.0,1.0,0.0,0.0,1.0,4.0,25.0,31.0,5.0,9.7,24.2,8.0,12.5,24.1,15.0,1.0,6.7,0.0,12.0,379.0,496.0,76.4,6953.0,2940.0,133.0,159.0,83.6,205.0,243.0,84.4,30.0,64.0,46.9,1.0,0.5,0.2,7.0,24.0,2.0,2.0,28.0,496.0,441.0,53.0,10.0,3.0,1.0,7.0,30.0,2.0,0.0,0.0,2.0,379.0,2.0,9.0,16.0,10.0,1.0,1.0,2.0,2.0,0.0,2.0,0.0,1.0,0.0,0.0,1.0,0.0,15.0,8.0,6.0,8.0,1.0,7.0,15.0,46.7,8.0,6.0,1.0,5.0,18.0,33.0,14.0,0.0,56.0,609.0,60.0,216.0,282.0,119.0,6.0,609.0,20.0,10.0,50.0,10.0,50.0,323.0,1676.0,869.0,15.0,9.0,5.0,25.0,13.0,372.0,27.0,0.0,0.0,0.0,8.0,7.0,2.0,7.0,18.0,8.0,0.0,1.0,0.0,64.0,3.0,5.0,37.5
2023-11-25,14:30,D1 Fém,Matchweek 9,Sat,Away,L,2.0,3.0,Saint-Étienne,Dijon,1.2,2.8,51.0,659.0,Solene Champagnac,4-1-3-2,Victoria Beyer,9.0,6.0,66.7,0.22,0.33,18.5,0.0,0.0,0.0,1.2,1.2,0.14,0.8,0.8,7.0,4.0,71.4,0.0,2.3,-0.7,1.0,1.0,0.0,0.0,3.0,5.0,60.0,48.0,11.0,8.3,24.0,12.0,8.3,22.8,17.0,2.0,11.8,1.0,11.8,302.0,417.0,72.4,6657.0,3491.0,68.0,88.0,77.3,180.0,223.0,80.7,52.0,96.0,54.2,1.0,0.3,0.3,7.0,28.0,6.0,1.0,22.0,417.0,359.0,57.0,12.0,1.0,1.0,18.0,26.0,3.0,0.0,0.0,3.0,302.0,1.0,7.0,17.0,15.0,0.0,1.0,1.0,0.0,0.0,3.0,1.0,0.0,1.0,1.0,0.0,0.0,13.0,13.0,7.0,6.0,0.0,6.0,12.0,50.0,6.0,7.0,4.0,3.0,20.0,33.0,18.0,0.0,51.0,515.0,76.0,271.0,183.0,69.0,16.0,515.0,13.0,6.0,46.2,7.0,53.8,290.0,1525.0,726.0,20.0,5.0,7.0,19.0,3.0,300.0,22.0,3.0,0.0,0.0,11.0,8.0,1.0,18.0,20.0,13.0,0.0,1.0,0.0,56.0,10.0,4.0,71.4,16.0,6.0,37.5,0.13,0.33,20.9,1.0,1.0,1.0,2.8,2.1,0.13,0.2,-0.1,6.0,4.0,66.7,0.0,1.3,-0.7,0.0,0.0,0.0,0.0,4.0,8.0,50.0,14.0,5.0,21.4,30.1,8.0,62.5,34.0,14.0,1.0,7.1,1.0,12.3,270.0,394.0,68.5,5679.0,2711.0,66.0,77.0,85.7,156.0,198.0,78.8,47.0,105.0,44.8,2.0,1.4,1.5,11.0,35.0,7.0,3.0,39.0,394.0,337.0,53.0,10.0,2.0,0.0,19.0,25.0,7.0,6.0,1.0,0.0,270.0,4.0,6.0,29.0,21.0,4.0,0.0,1.0,2.0,1.0,6.0,4.0,1.0,0.0,0.0,1.0,0.0,10.0,8.0,5.0,3.0,2.0,7.0,13.0,53.8,6.0,7.0,0.0,7.0,18.0,28.0,15.0,1.0,49.0,490.0,43.0,146.0,229.0,116.0,15.0,489.0,12.0,6.0,50.0,6.0,50.0,277.0,1756.0,856.0,15.0,3.0,4.0,13.0,7.0,267.0,39.0,3.0,0.0,0.0,8.0,11.0,4.0,19.0,18.0,8.0,1.0,0.0,0.0,65.0,4.0,10.0,28.6
2023-12-09,13:00,D1 Fém,Matchweek 10,Sat,Home,W,2.0,1.0,Saint-Étienne,Guingamp,1.4,0.7,45.0,117.0,Solene Champagnac,3-4-3,Audrey Gerbel,7.0,4.0,57.1,0.29,0.5,21.5,0.0,0.0,0.0,1.4,1.4,0.2,0.6,0.6,5.0,4.0,80.0,0.0,1.3,0.3,0.0,0.0,0.0,0.0,4.0,16.0,25.0,30.0,5.0,36.7,32.6,7.0,71.4,44.1,17.0,3.0,17.6,0.0,8.4,273.0,390.0,70.0,4997.0,2677.0,102.0,118.0,86.4,134.0,167.0,80.2,28.0,82.0,34.1,2.0,1.4,1.4,5.0,22.0,7.0,1.0,32.0,390.0,339.0,50.0,16.0,2.0,0.0,17.0,21.0,4.0,0.0,0.0,4.0,273.0,1.0,10.0,11.0,9.0,0.0,2.0,0.0,0.0,0.0,4.0,4.0,0.0,0.0,0.0,0.0,0.0,14.0,11.0,7.0,7.0,0.0,8.0,16.0,50.0,8.0,8.0,1.0,7.0,9.0,23.0,12.0,0.0,45.0,474.0,62.0,206.0,188.0,88.0,15.0,474.0,14.0,8.0,57.1,6.0,42.9,239.0,1312.0,556.0,13.0,7.0,4.0,16.0,10.0,269.0,32.0,1.0,0.0,0.0,9.0,12.0,1.0,17.0,9.0,11.0,0.0,0.0,0.0,58.0,5.0,1.0,83.3,8.0,5.0,62.5,0.13,0.2,19.4,0.0,0.0,0.0,0.7,0.7,0.09,0.3,0.3,4.0,2.0,50.0,0.0,1.1,-0.9,0.0,0.0,0.0,0.0,1.0,1.0,100.0,27.0,15.0,3.7,22.3,5.0,0.0,21.0,11.0,1.0,9.1,0.0,6.0,364.0,484.0,75.2,7622.0,3313.0,96.0,128.0,75.0,213.0,249.0,85.5,54.0,95.0,56.8,1.0,0.7,0.8,8.0,34.0,9.0,2.0,41.0,484.0,431.0,50.0,9.0,3.0,0.0,21.0,27.0,6.0,0.0,0.0,5.0,364.0,3.0,9.0,16.0,12.0,2.0,1.0,1.0,0.0,0.0,2.0,2.0,0.0,0.0,0.0,0.0,0.0,16.0,9.0,6.0,7.0,3.0,6.0,14.0,42.9,8.0,9.0,1.0,8.0,8.0,24.0,14.0,0.0,55.0,567.0,50.0,200.0,258.0,112.0,13.0,567.0,16.0,8.0,50.0,8.0,50.0,326.0,1780.0,1018.0,15.0,9.0,1.0,18.0,6.0,357.0,41.0,2.0,0.0,0.0,13.0,8.0,3.0,21.0,8.0,9.0,0.0,0.0,0.0,55.0,1.0,5.0,16.7
2023-12-16,17:45,D1 Fém,Matchweek 11,Sat,Away,W,4.0,1.0,Saint-Étienne,Bordeaux,2.8,1.5,46.0,1000.0,Solene Champagnac,4-2-3-1,Romy Fournier,14.0,10.0,71.4,0.29,0.4,15.6,3.0,0.0,0.0,2.8,2.8,0.21,1.2,1.2,3.0,2.0,66.7,0.0,1.6,0.6,0.0,0.0,0.0,0.0,7.0,19.0,36.8,38.0,6.0,36.8,30.8,8.0,62.5,41.4,11.0,3.0,27.3,3.0,15.5,215.0,337.0,63.8,4197.0,2298.0,73.0,98.0,74.5,106.0,141.0,75.2,27.0,74.0,36.5,2.0,1.0,0.5,7.0,15.0,2.0,0.0,21.0,337.0,279.0,56.0,18.0,0.0,0.0,7.0,25.0,3.0,1.0,1.0,1.0,215.0,2.0,10.0,25.0,15.0,5.0,0.0,2.0,3.0,0.0,6.0,3.0,2.0,0.0,1.0,0.0,0.0,21.0,14.0,8.0,11.0,2.0,12.0,18.0,66.7,6.0,11.0,4.0,7.0,8.0,29.0,18.0,1.0,46.0,442.0,60.0,187.0,189.0,75.0,18.0,442.0,11.0,5.0,45.5,6.0,54.5,197.0,1155.0,566.0,12.0,10.0,5.0,13.0,9.0,213.0,21.0,5.0,0.0,0.0,10.0,11.0,2.0,7.0,8.0,14.0,0.0,0.0,0.0,38.0,7.0,8.0,46.7,11.0,3.0,27.3,0.09,0.33,14.3,0.0,0.0,0.0,1.5,1.5,0.14,-0.5,-0.5,10.0,6.0,60.0,0.0,3.7,-0.3,0.0,0.0,0.0,0.0,0.0,2.0,0.0,21.0,2.0,9.5,25.0,1.0,0.0,20.0,4.0,0.0,0.0,1.0,15.4,277.0,389.0,71.2,5825.0,2639.0,82.0,110.0,74.5,151.0,183.0,82.5,41.0,70.0,58.6,0.0,1.2,0.7,9.0,34.0,4.0,1.0,36.0,389.0,323.0,58.0,12.0,0.0,0.0,17.0,34.0,6.0,1.0,5.0,0.0,277.0,8.0,11.0,16.0,9.0,3.0,1.0,1.0,2.0,0.0,1.0,0.0,0.0,1.0,0.0,0.0,0.0,15.0,10.0,5.0,7.0,3.0,6.0,11.0,54.5,5.0,11.0,2.0,9.0,11.0,26.0,11.0,2.0,54.0,499.0,33.0,143.0,230.0,131.0,22.0,499.0,18.0,6.0,33.3,12.0,66.7,226.0,1626.0,922.0,13.0,6.0,5.0,25.0,9.0,273.0,34.0,2.0,0.0,0.0,13.0,10.0,8.0,17.0,11.0,10.0,0.0,0.0,0.0,48.0,8.0,7.0,53.3
2024-01-21,14:30,D1 Fém,Matchweek 13,Sun,Home,W,1.0,0.0,Saint-Étienne,Fleury,1.2,0.7,39.0,165.0,Solene Champagnac,4-1-4-1,Émeline Rochebilière,10.0,4.0,40.0,0.1,0.25,18.2,0.0,0.0,0.0,1.2,1.2,0.12,-0.2,-0.2,0.0,0.0,,1.0,0.0,0.0,0.0,0.0,0.0,0.0,2.0,14.0,14.3,18.0,0.0,55.6,39.8,10.0,40.0,47.5,17.0,2.0,11.8,0.0,7.4,193.0,320.0,60.3,3469.0,1883.0,92.0,120.0,76.7,74.0,114.0,64.9,22.0,65.0,33.8,0.0,1.1,0.6,8.0,15.0,5.0,2.0,17.0,320.0,269.0,50.0,13.0,1.0,0.0,12.0,22.0,4.0,2.0,0.0,0.0,193.0,1.0,8.0,15.0,11.0,1.0,1.0,1.0,0.0,1.0,1.0,0.0,0.0,1.0,0.0,0.0,0.0,20.0,14.0,16.0,3.0,1.0,6.0,15.0,40.0,9.0,16.0,3.0,13.0,8.0,28.0,29.0,0.0,39.0,445.0,68.0,222.0,164.0,70.0,14.0,445.0,16.0,10.0,62.5,6.0,37.5,171.0,1033.0,516.0,16.0,5.0,5.0,21.0,4.0,191.0,18.0,2.0,0.0,0.0,15.0,7.0,1.0,12.0,8.0,14.0,0.0,0.0,0.0,66.0,4.0,7.0,36.4,8.0,0.0,0.0,0.0,,15.9,0.0,0.0,0.0,0.7,0.7,0.08,-0.7,-0.7,4.0,3.0,75.0,0.0,1.2,0.2,0.0,0.0,0.0,0.0,4.0,6.0,66.7,26.0,4.0,19.2,26.3,6.0,16.7,25.8,8.0,0.0,0.0,1.0,11.4,366.0,503.0,72.8,6919.0,3028.0,144.0,192.0,75.0,173.0,208.0,83.2,43.0,79.0,54.4,0.0,0.4,0.7,4.0,40.0,5.0,1.0,51.0,503.0,444.0,53.0,16.0,0.0,3.0,19.0,23.0,6.0,4.0,1.0,0.0,366.0,6.0,13.0,11.0,7.0,0.0,0.0,3.0,0.0,1.0,0.0,0.0,0.0,0.0,0.0,0.0,0.0,10.0,7.0,1.0,4.0,5.0,6.0,16.0,37.5,10.0,6.0,0.0,6.0,10.0,20.0,10.0,0.0,61.0,587.0,39.0,180.0,274.0,139.0,20.0,587.0,15.0,9.0,60.0,6.0,40.0,243.0,1755.0,1085.0,20.0,8.0,6.0,22.0,14.0,361.0,51.0,0.0,0.0,0.0,7.0,13.0,6.0,19.0,10.0,7.0,0.0,0.0,0.0,61.0,7.0,4.0,63.6
2024-02-03,13:00,D1 Fém,Matchweek 14,Sat,Away,L,2.0,4.0,Saint-Étienne,Le Havre,0.5,1.9,48.0,742.0,Solene Champagnac,4-2-3-1,Clémence Goncalves,6.0,5.0,83.3,0.33,0.4,18.4,1.0,0.0,0.0,0.5,0.5,0.09,1.5,1.5,6.0,2.0,33.3,0.0,2.5,-1.5,0.0,0.0,0.0,0.0,1.0,1.0,100.0,38.0,5.0,2.6,18.8,7.0,0.0,17.0,2.0,0.0,0.0,7.0,20.4,396.0,509.0,77.8,6742.0,2856.0,169.0,202.0,83.7,195.0,228.0,85.5,25.0,53.0,47.2,1.0,0.3,0.5,3.0,26.0,3.0,0.0,28.0,509.0,453.0,55.0,18.0,2.0,1.0,12.0,22.0,3.0,3.0,0.0,0.0,396.0,1.0,11.0,9.0,7.0,0.0,0.0,1.0,1.0,0.0,4.0,3.0,0.0,0.0,0.0,1.0,0.0,11.0,6.0,3.0,6.0,2.0,7.0,13.0,53.8,6.0,7.0,0.0,7.0,7.0,18.0,6.0,0.0,48.0,586.0,43.0,188.0,309.0,95.0,8.0,586.0,14.0,8.0,57.1,6.0,42.9,273.0,1463.0,797.0,11.0,9.0,1.0,19.0,12.0,396.0,28.0,1.0,0.0,0.0,15.0,13.0,1.0,12.0,7.0,6.0,0.0,0.0,0.0,49.0,3.0,10.0,23.1,9.0,6.0,66.7,0.44,0.67,16.9,0.0,0.0,0.0,1.9,1.9,0.21,2.1,2.1,5.0,3.0,60.0,0.0,1.0,-1.0,0.0,0.0,0.0,0.0,3.0,6.0,50.0,33.0,6.0,18.2,28.1,3.0,0.0,30.7,10.0,1.0,10.0,0.0,8.8,447.0,546.0,81.9,7351.0,2608.0,190.0,209.0,90.9,207.0,229.0,90.4,28.0,63.0,44.4,4.0,1.9,0.7,8.0,9.0,4.0,1.0,29.0,546.0,506.0,35.0,16.0,4.0,0.0,2.0,13.0,0.0,0.0,0.0,0.0,447.0,5.0,8.0,16.0,13.0,1.0,1.0,0.0,1.0,0.0,8.0,7.0,0.0,1.0,0.0,0.0,0.0,18.0,17.0,9.0,8.0,1.0,6.0,14.0,42.9,8.0,13.0,1.0,12.0,11.0,29.0,17.0,0.0,52.0,664.0,58.0,289.0,329.0,51.0,10.0,664.0,13.0,6.0,46.2,7.0,53.8,471.0,2133.0,1146.0,10.0,7.0,4.0,28.0,4.0,444.0,29.0,1.0,0.0,0.0,14.0,14.0,5.0,2.0,11.0,17.0,0.0,0.0,0.0,64.0,10.0,3.0,76.9
2024-02-10,14:30,D1 Fém,Matchweek 15,Sat,Home,W,2.0,0.0,Saint-Étienne,Dijon,3.8,0.2,48.0,148.0,Solene Champagnac,4-2-3-1,Elisa Daupeux,15.0,6.0,40.0,0.13,0.33,14.1,1.0,0.0,0.0,3.8,3.8,0.26,-1.8,-1.8,2.0,2.0,100.0,1.0,0.4,0.4,0.0,0.0,0.0,0.0,0.0,8.0,0.0,38.0,3.0,15.8,25.1,7.0,28.6,29.9,8.0,0.0,0.0,3.0,14.8,272.0,388.0,70.1,4445.0,2072.0,129.0,154.0,83.8,111.0,141.0,78.7,21.0,64.0,32.8,1.0,3.3,1.9,11.0,16.0,4.0,3.0,25.0,388.0,332.0,55.0,21.0,4.0,2.0,17.0,20.0,6.0,2.0,1.0,1.0,272.0,1.0,3.0,28.0,18.0,2.0,4.0,1.0,3.0,0.0,4.0,3.0,0.0,1.0,0.0,0.0,0.0,15.0,8.0,5.0,9.0,1.0,8.0,17.0,47.1,9.0,8.0,1.0,7.0,17.0,32.0,17.0,0.0,48.0,515.0,49.0,235.0,220.0,71.0,17.0,515.0,24.0,10.0,41.7,14.0,58.3,310.0,1573.0,718.0,16.0,8.0,6.0,23.0,6.0,268.0,24.0,3.0,0.0,0.0,11.0,13.0,1.0,17.0,17.0,8.0,0.0,0.0,0.0,62.0,6.0,10.0,37.5,5.0,2.0,40.0,0.0,0.0,22.6,1.0,0.0,0.0,0.2,0.2,0.04,-0.2,-0.2,6.0,4.0,66.7,0.0,3.4,1.4,0.0,0.0,0.0,0.0,2.0,4.0,50.0,26.0,7.0,11.5,28.9,5.0,20.0,33.2,14.0,1.0,7.1,1.0,8.5,296.0,428.0,69.2,6720.0,3120.0,67.0,99.0,67.7,164.0,192.0,85.4,60.0,112.0,53.6,0.0,0.1,0.2,2.0,33.0,2.0,1.0,36.0,428.0,362.0,57.0,12.0,0.0,4.0,10.0,36.0,1.0,0.0,0.0,0.0,296.0,9.0,7.0,9.0,8.0,0.0,0.0,0.0,1.0,0.0,0.0,0.0,0.0,0.0,0.0,0.0,0.0,20.0,18.0,5.0,10.0,5.0,14.0,24.0,58.3,10.0,6.0,3.0,3.0,7.0,27.0,14.0,0.0,52.0,528.0,48.0,182.0,246.0,107.0,8.0,528.0,17.0,9.0,52.9,8.0,47.1,158.0,1053.0,534.0,12.0,4.0,1.0,17.0,7.0,290.0,36.0,2.0,0.0,0.0,13.0,11.0,9.0,10.0,7.0,18.0,0.0,0.0,0.0,54.0,10.0,6.0,62.5
2024-02-17,14:30,D1 Fém,Matchweek 12,Sat,Home,W,4.0,3.0,Saint-Étienne,Stade de Reims,3.3,2.5,55.0,173.0,Solene Champagnac,4-2-3-1,Maika Vanderstichel,11.0,4.0,36.4,0.18,0.5,18.6,0.0,0.0,1.0,3.3,2.4,0.2,-0.3,0.6,5.0,2.0,40.0,0.0,3.6,0.6,0.0,0.0,0.0,0.0,1.0,4.0,25.0,33.0,2.0,12.1,21.8,5.0,0.0,18.2,6.0,1.0,16.7,3.0,15.8,312.0,419.0,74.5,5527.0,2522.0,123.0,159.0,77.4,147.0,178.0,82.6,30.0,59.0,50.8,1.0,1.4,0.3,9.0,27.0,7.0,2.0,35.0,419.0,364.0,55.0,12.0,0.0,0.0,19.0,33.0,1.0,0.0,1.0,0.0,312.0,0.0,6.0,16.0,10.0,1.0,2.0,3.0,0.0,0.0,3.0,1.0,0.0,0.0,2.0,0.0,0.0,13.0,9.0,4.0,7.0,2.0,9.0,17.0,52.9,8.0,13.0,2.0,11.0,11.0,24.0,11.0,2.0,55.0,526.0,57.0,195.0,206.0,130.0,17.0,526.0,25.0,12.0,48.0,13.0,52.0,347.0,1781.0,878.0,15.0,10.0,6.0,20.0,10.0,313.0,34.0,2.0,0.0,0.0,13.0,7.0,0.0,19.0,11.0,9.0,0.0,0.0,0.0,52.0,4.0,4.0,50.0,10.0,5.0,50.0,0.3,0.6,14.6,0.0,0.0,0.0,2.5,2.5,0.25,0.5,0.5,6.0,2.0,33.3,0.0,3.5,0.5,1.0,0.0,1.0,0.0,3.0,4.0,75.0,11.0,4.0,27.3,25.7,10.0,10.0,20.8,17.0,1.0,5.9,0.0,2.0,239.0,342.0,69.9,5120.0,2238.0,66.0,90.0,73.3,129.0,157.0,82.2,43.0,79.0,54.4,3.0,2.3,1.0,7.0,15.0,2.0,0.0,18.0,342.0,274.0,63.0,15.0,3.0,3.0,9.0,30.0,3.0,1.0,2.0,0.0,239.0,5.0,12.0,15.0,5.0,4.0,3.0,1.0,2.0,0.0,4.0,2.0,0.0,2.0,0.0,0.0,0.0,25.0,16.0,16.0,8.0,1.0,14.0,27.0,51.9,13.0,7.0,1.0,6.0,14.0,39.0,26.0,1.0,45.0,479.0,50.0,227.0,191.0,67.0,18.0,479.0,17.0,8.0,47.1,9.0,52.9,255.0,1364.0,798.0,14.0,5.0,7.0,25.0,5.0,233.0,18.0,1.0,0.0,0.0,8.0,15.0,5.0,9.0,14.0,16.0,0.0,1.0,1.0,47.0,4.0,4.0,50.0
2024-03-02,19:30,D1 Fém,Matchweek 16,Sat,Away,,,,Saint-Étienne,Paris FC,,,,,,,,,,,,,,,,,,,,,,,,,,,,,,,,,,,,,,,,,,,,,,,,,,,,,,,,,,,,,,,,,,,,,,,,,,,,,,,,,,,,,,,,,,,,,,,,,,,,,,,,,,,,,,,,,,,,,,,,,,,,,,,,,,,,,,,,,,,,,,,,,,,,,,,,,,,,,,,,,,,,,,,,,,,,,,,,,,,,,,,,,,,,,,,,,,,,,,,,,,,,,,,,,,,,,,,,,,,,,,,,,,,,,,,,,,,,,,,,,,,,,,,,,,,,,,,,,,,,,,,,,,,,,,,,,,,,,,,,,,,,,,,,,,,,,,,,,
2024-03-16,14:30,D1 Fém,Matchweek 17,Sat,Away,,,,Saint-Étienne,Paris S-G,,,,,,,,,,,,,,,,,,,,,,,,,,,,,,,,,,,,,,,,,,,,,,,,,,,,,,,,,,,,,,,,,,,,,,,,,,,,,,,,,,,,,,,,,,,,,,,,,,,,,,,,,,,,,,,,,,,,,,,,,,,,,,,,,,,,,,,,,,,,,,,,,,,,,,,,,,,,,,,,,,,,,,,,,,,,,,,,,,,,,,,,,,,,,,,,,,,,,,,,,,,,,,,,,,,,,,,,,,,,,,,,,,,,,,,,,,,,,,,,,,,,,,,,,,,,,,,,,,,,,,,,,,,,,,,,,,,,,,,,,,,,,,,,,,,,,,,,,
2024-03-23,14:30,D1 Fém,Matchweek 18,Sat,Home,,,,Saint-Étienne,Bordeaux,,,,,,,,,,,,,,,,,,,,,,,,,,,,,,,,,,,,,,,,,,,,,,,,,,,,,,,,,,,,,,,,,,,,,,,,,,,,,,,,,,,,,,,,,,,,,,,,,,,,,,,,,,,,,,,,,,,,,,,,,,,,,,,,,,,,,,,,,,,,,,,,,,,,,,,,,,,,,,,,,,,,,,,,,,,,,,,,,,,,,,,,,,,,,,,,,,,,,,,,,,,,,,,,,,,,,,,,,,,,,,,,,,,,,,,,,,,,,,,,,,,,,,,,,,,,,,,,,,,,,,,,,,,,,,,,,,,,,,,,,,,,,,,,,,,,,,,,,
2024-03-30,13:00,D1 Fém,Matchweek 19,Sat,Away,,,,Saint-Étienne,Guingamp,,,,,,,,,,,,,,,,,,,,,,,,,,,,,,,,,,,,,,,,,,,,,,,,,,,,,,,,,,,,,,,,,,,,,,,,,,,,,,,,,,,,,,,,,,,,,,,,,,,,,,,,,,,,,,,,,,,,,,,,,,,,,,,,,,,,,,,,,,,,,,,,,,,,,,,,,,,,,,,,,,,,,,,,,,,,,,,,,,,,,,,,,,,,,,,,,,,,,,,,,,,,,,,,,,,,,,,,,,,,,,,,,,,,,,,,,,,,,,,,,,,,,,,,,,,,,,,,,,,,,,,,,,,,,,,,,,,,,,,,,,,,,,,,,,,,,,,,,
2024-04-13,15:00,D1 Fém,Matchweek 20,Sat,Home,,,,Saint-Étienne,Lyon,,,,,,,,,,,,,,,,,,,,,,,,,,,,,,,,,,,,,,,,,,,,,,,,,,,,,,,,,,,,,,,,,,,,,,,,,,,,,,,,,,,,,,,,,,,,,,,,,,,,,,,,,,,,,,,,,,,,,,,,,,,,,,,,,,,,,,,,,,,,,,,,,,,,,,,,,,,,,,,,,,,,,,,,,,,,,,,,,,,,,,,,,,,,,,,,,,,,,,,,,,,,,,,,,,,,,,,,,,,,,,,,,,,,,,,,,,,,,,,,,,,,,,,,,,,,,,,,,,,,,,,,,,,,,,,,,,,,,,,,,,,,,,,,,,,,,,,,,
2024-04-24,14:30,D1 Fém,Matchweek 21,Wed,Away,,,,Saint-Étienne,Montpellier,,,,,,,,,,,,,,,,,,,,,,,,,,,,,,,,,,,,,,,,,,,,,,,,,,,,,,,,,,,,,,,,,,,,,,,,,,,,,,,,,,,,,,,,,,,,,,,,,,,,,,,,,,,,,,,,,,,,,,,,,,,,,,,,,,,,,,,,,,,,,,,,,,,,,,,,,,,,,,,,,,,,,,,,,,,,,,,,,,,,,,,,,,,,,,,,,,,,,,,,,,,,,,,,,,,,,,,,,,,,,,,,,,,,,,,,,,,,,,,,,,,,,,,,,,,,,,,,,,,,,,,,,,,,,,,,,,,,,,,,,,,,,,,,,,,,,,,,,
2024-05-08,14:30,D1 Fém,Matchweek 22,Wed,Home,,,,Saint-Étienne,Lille,,,,,,,,,,,,,,,,,,,,,,,,,,,,,,,,,,,,,,,,,,,,,,,,,,,,,,,,,,,,,,,,,,,,,,,,,,,,,,,,,,,,,,,,,,,,,,,,,,,,,,,,,,,,,,,,,,,,,,,,,,,,,,,,,,,,,,,,,,,,,,,,,,,,,,,,,,,,,,,,,,,,,,,,,,,,,,,,,,,,,,,,,,,,,,,,,,,,,,,,,,,,,,,,,,,,,,,,,,,,,,,,,,,,,,,,,,,,,,,,,,,,,,,,,,,,,,,,,,,,,,,,,,,,,,,,,,,,,,,,,,,,,,,,,,,,,,,,,
2023-09-15,21:00,D1 Fém,Matchweek 1,Fri,Home,L,0.0,4.0,Le Havre,Lyon,0.3,3.7,31.0,4676.0,Laëtitia Philippe,4-3-3,Audrey Gerbel,4.0,0.0,0.0,0.0,,25.7,0.0,0.0,0.0,0.3,0.3,0.05,-0.3,-0.3,12.0,8.0,66.7,0.0,3.1,-0.9,0.0,0.0,0.0,0.0,0.0,11.0,0.0,23.0,4.0,17.4,28.2,18.0,38.9,30.1,29.0,0.0,0.0,0.0,5.4,188.0,282.0,66.7,3376.0,1368.0,78.0,102.0,76.5,84.0,111.0,75.7,22.0,59.0,37.3,0.0,0.2,0.1,4.0,10.0,0.0,0.0,13.0,282.0,240.0,42.0,7.0,0.0,1.0,2.0,11.0,1.0,1.0,0.0,0.0,188.0,0.0,4.0,8.0,5.0,1.0,1.0,0.0,0.0,1.0,0.0,0.0,0.0,0.0,0.0,0.0,0.0,24.0,16.0,21.0,3.0,0.0,15.0,27.0,55.6,12.0,12.0,5.0,7.0,17.0,41.0,16.0,0.0,31.0,384.0,99.0,262.0,99.0,27.0,1.0,384.0,10.0,5.0,50.0,5.0,50.0,195.0,822.0,380.0,5.0,6.0,0.0,11.0,2.0,186.0,10.0,1.0,0.0,0.0,12.0,5.0,0.0,2.0,17.0,16.0,0.0,0.0,0.0,48.0,4.0,17.0,19.0,30.0,12.0,40.0,0.13,0.33,12.8,0.0,0.0,0.0,3.7,3.7,0.13,0.3,0.3,0.0,0.0,,1.0,0.0,0.0,0.0,0.0,0.0,0.0,3.0,3.0,100.0,23.0,4.0,4.3,21.3,5.0,40.0,41.4,2.0,0.0,0.0,3.0,25.0,539.0,636.0,84.7,9568.0,3626.0,201.0,237.0,84.8,261.0,279.0,93.5,52.0,76.0,68.4,2.0,2.7,3.6,21.0,52.0,15.0,5.0,81.0,636.0,575.0,59.0,12.0,1.0,4.0,36.0,29.0,12.0,6.0,6.0,0.0,539.0,2.0,11.0,50.0,29.0,9.0,3.0,6.0,3.0,0.0,6.0,3.0,0.0,1.0,1.0,1.0,0.0,8.0,5.0,2.0,3.0,3.0,5.0,11.0,45.5,6.0,5.0,1.0,4.0,9.0,17.0,3.0,0.0,69.0,745.0,17.0,81.0,384.0,285.0,57.0,745.0,28.0,12.0,42.9,16.0,57.1,380.0,1922.0,877.0,18.0,12.0,7.0,21.0,9.0,532.0,80.0,0.0,0.0,0.0,5.0,11.0,2.0,36.0,9.0,5.0,0.0,0.0,0.0,65.0,18.0,5.0,78.3
2023-09-30,15:00,D1 Fém,Matchweek 2,Sat,Away,D,1.0,1.0,Le Havre,Bordeaux,1.6,0.9,69.0,852.0,Deja Davis,4-2-3-1,Victoria Beyer,16.0,6.0,37.5,0.06,0.17,16.9,1.0,0.0,0.0,1.6,1.6,0.1,-0.6,-0.6,2.0,1.0,100.0,0.0,1.0,0.0,1.0,1.0,0.0,0.0,5.0,7.0,71.4,39.0,4.0,17.9,24.2,4.0,0.0,16.8,8.0,0.0,0.0,1.0,13.0,402.0,538.0,74.7,8450.0,3035.0,106.0,141.0,75.2,237.0,268.0,88.4,57.0,114.0,50.0,1.0,1.2,1.0,10.0,38.0,7.0,1.0,43.0,538.0,472.0,62.0,18.0,0.0,0.0,30.0,28.0,10.0,9.0,0.0,0.0,402.0,4.0,10.0,26.0,15.0,2.0,3.0,3.0,3.0,0.0,2.0,2.0,0.0,0.0,0.0,0.0,0.0,13.0,11.0,2.0,10.0,1.0,8.0,17.0,47.1,9.0,4.0,2.0,2.0,14.0,27.0,8.0,0.0,69.0,614.0,38.0,171.0,277.0,172.0,25.0,614.0,16.0,9.0,56.3,7.0,43.8,408.0,2464.0,1148.0,12.0,13.0,4.0,16.0,6.0,390.0,41.0,2.0,0.0,0.0,7.0,14.0,4.0,30.0,14.0,11.0,0.0,1.0,0.0,61.0,11.0,2.0,84.6,5.0,1.0,20.0,0.0,0.0,27.7,0.0,1.0,1.0,0.9,0.1,0.02,0.1,-0.1,6.0,5.0,83.3,0.0,1.7,0.7,0.0,0.0,0.0,0.0,6.0,18.0,33.3,29.0,8.0,41.4,32.6,10.0,60.0,38.7,25.0,2.0,8.0,0.0,6.8,146.0,246.0,59.3,3196.0,1644.0,47.0,60.0,78.3,70.0,109.0,64.2,28.0,68.0,41.2,0.0,0.1,0.1,5.0,10.0,2.0,0.0,14.0,246.0,198.0,44.0,10.0,0.0,0.0,8.0,19.0,3.0,3.0,0.0,0.0,146.0,4.0,4.0,10.0,5.0,1.0,2.0,0.0,1.0,1.0,1.0,1.0,0.0,0.0,0.0,0.0,0.0,13.0,7.0,8.0,3.0,2.0,7.0,16.0,43.8,9.0,12.0,4.0,8.0,18.0,31.0,25.0,0.0,31.0,360.0,90.0,218.0,106.0,44.0,6.0,359.0,17.0,9.0,52.9,8.0,47.1,160.0,832.0,311.0,7.0,4.0,0.0,20.0,5.0,142.0,13.0,1.0,0.0,0.0,15.0,6.0,4.0,8.0,18.0,7.0,0.0,0.0,0.0,63.0,2.0,11.0,15.4
2023-10-06,21:00,D1 Fém,Matchweek 3,Fri,Home,L,1.0,4.0,Le Havre,Paris FC,0.8,2.7,52.0,1034.0,Deja Davis,4-3-3,Clémence Goncalves,10.0,7.0,70.0,0.1,0.14,18.3,0.0,0.0,0.0,0.8,0.8,0.09,0.2,0.2,7.0,3.0,42.9,0.0,3.1,-0.9,0.0,0.0,0.0,0.0,5.0,6.0,83.3,27.0,2.0,7.4,22.4,7.0,57.1,37.9,10.0,0.0,0.0,2.0,28.5,380.0,483.0,78.7,6928.0,2785.0,157.0,188.0,83.5,173.0,207.0,83.6,42.0,65.0,64.6,1.0,0.7,0.7,7.0,27.0,6.0,0.0,38.0,483.0,430.0,53.0,14.0,0.0,3.0,17.0,26.0,1.0,0.0,1.0,0.0,380.0,0.0,6.0,13.0,7.0,2.0,1.0,1.0,2.0,0.0,1.0,1.0,0.0,0.0,0.0,0.0,0.0,18.0,14.0,5.0,11.0,2.0,8.0,15.0,53.3,7.0,10.0,2.0,8.0,7.0,25.0,12.0,0.0,52.0,576.0,45.0,186.0,285.0,114.0,13.0,576.0,9.0,6.0,66.7,3.0,33.3,299.0,1364.0,634.0,7.0,7.0,1.0,30.0,8.0,379.0,38.0,2.0,0.0,0.0,13.0,13.0,0.0,17.0,7.0,14.0,0.0,0.0,0.0,72.0,5.0,2.0,71.4,14.0,7.0,50.0,0.29,0.57,15.7,0.0,0.0,0.0,2.7,2.7,0.19,1.3,1.3,7.0,6.0,85.7,0.0,1.1,0.1,0.0,0.0,0.0,0.0,5.0,6.0,83.3,27.0,5.0,14.8,26.5,8.0,25.0,25.0,13.0,1.0,7.7,3.0,20.2,348.0,443.0,78.6,6514.0,2800.0,144.0,174.0,82.8,164.0,194.0,84.5,39.0,65.0,60.0,4.0,2.6,1.2,12.0,23.0,6.0,1.0,32.0,443.0,392.0,51.0,14.0,2.0,3.0,11.0,23.0,4.0,0.0,3.0,0.0,348.0,0.0,9.0,23.0,21.0,1.0,1.0,0.0,0.0,0.0,7.0,7.0,0.0,0.0,0.0,0.0,0.0,11.0,11.0,6.0,5.0,0.0,3.0,9.0,33.3,6.0,8.0,2.0,6.0,19.0,30.0,11.0,0.0,48.0,545.0,55.0,217.0,240.0,96.0,23.0,545.0,15.0,7.0,46.7,8.0,53.3,320.0,1756.0,807.0,18.0,11.0,11.0,23.0,10.0,343.0,31.0,1.0,0.0,0.0,14.0,12.0,0.0,11.0,19.0,11.0,0.0,0.0,0.0,65.0,2.0,5.0,28.6
2023-10-14,15:00,D1 Fém,Matchweek 4,Sat,Home,D,2.0,2.0,Le Havre,Lille,3.1,0.9,58.0,825.0,Deja Davis,4-2-3-1,Audrey Gerbel,22.0,8.0,36.4,0.05,0.13,17.1,1.0,0.0,0.0,3.1,3.1,0.11,-1.1,-1.1,4.0,2.0,50.0,0.0,1.0,-1.0,0.0,0.0,0.0,0.0,5.0,8.0,62.5,21.0,4.0,23.8,32.4,3.0,100.0,45.7,8.0,0.0,0.0,4.0,20.4,358.0,497.0,72.0,7343.0,3323.0,121.0,150.0,80.7,174.0,220.0,79.1,61.0,112.0,54.5,0.0,2.0,2.1,19.0,47.0,19.0,12.0,68.0,497.0,448.0,48.0,7.0,1.0,0.0,39.0,32.0,4.0,2.0,2.0,0.0,358.0,1.0,6.0,43.0,28.0,5.0,1.0,7.0,1.0,1.0,3.0,2.0,0.0,0.0,1.0,0.0,0.0,21.0,15.0,6.0,8.0,7.0,11.0,15.0,73.3,4.0,17.0,2.0,15.0,11.0,32.0,9.0,0.0,58.0,607.0,33.0,172.0,252.0,187.0,31.0,607.0,12.0,5.0,41.7,7.0,58.3,350.0,1349.0,596.0,14.0,13.0,5.0,13.0,11.0,349.0,60.0,3.0,0.0,0.0,12.0,7.0,1.0,39.0,11.0,15.0,0.0,0.0,0.0,72.0,7.0,4.0,63.6,8.0,4.0,50.0,0.25,0.5,19.6,0.0,0.0,0.0,0.9,0.9,0.12,1.1,1.1,11.0,9.0,81.8,0.0,2.0,0.0,0.0,0.0,0.0,0.0,10.0,24.0,41.7,38.0,8.0,34.2,32.2,13.0,84.6,50.5,34.0,0.0,0.0,1.0,21.0,223.0,366.0,60.9,4858.0,2773.0,60.0,94.0,63.8,128.0,176.0,72.7,35.0,89.0,39.3,2.0,0.8,0.5,6.0,12.0,2.0,2.0,18.0,366.0,305.0,60.0,15.0,1.0,0.0,11.0,26.0,3.0,0.0,0.0,3.0,223.0,1.0,14.0,13.0,6.0,3.0,0.0,2.0,1.0,1.0,4.0,2.0,1.0,0.0,0.0,1.0,0.0,20.0,11.0,11.0,6.0,3.0,9.0,14.0,64.3,5.0,13.0,7.0,6.0,8.0,28.0,21.0,0.0,42.0,487.0,96.0,242.0,168.0,80.0,8.0,487.0,15.0,4.0,26.7,11.0,73.3,205.0,1032.0,454.0,6.0,6.0,1.0,23.0,10.0,221.0,18.0,2.0,1.0,1.0,8.0,13.0,1.0,11.0,8.0,11.0,0.0,0.0,0.0,71.0,6.0,9.0,40.0
2023-10-21,15:00,D1 Fém,Matchweek 5,Sat,Away,W,2.0,1.0,Le Havre,Saint-Étienne,1.5,1.1,61.0,397.0,Deja Davis,4-3-3,Alexandra Collin,7.0,6.0,85.7,0.29,0.33,15.1,0.0,0.0,0.0,1.5,1.5,0.22,0.5,0.5,4.0,3.0,75.0,0.0,1.2,0.2,0.0,0.0,0.0,0.0,1.0,7.0,14.3,27.0,0.0,25.9,31.1,0.0,,,8.0,0.0,0.0,2.0,25.0,360.0,481.0,74.8,7414.0,2956.0,92.0,119.0,77.3,223.0,259.0,86.1,41.0,88.0,46.6,2.0,0.8,0.5,6.0,26.0,9.0,2.0,36.0,481.0,425.0,52.0,29.0,1.0,6.0,11.0,18.0,5.0,1.0,0.0,1.0,360.0,4.0,4.0,13.0,12.0,1.0,0.0,0.0,0.0,0.0,3.0,3.0,0.0,0.0,0.0,0.0,0.0,16.0,15.0,11.0,3.0,2.0,10.0,11.0,90.9,1.0,6.0,1.0,5.0,4.0,20.0,7.0,0.0,61.0,550.0,34.0,241.0,226.0,85.0,12.0,550.0,6.0,2.0,33.3,4.0,66.7,256.0,1629.0,877.0,11.0,2.0,1.0,14.0,8.0,357.0,31.0,0.0,0.0,0.0,10.0,21.0,3.0,11.0,4.0,15.0,0.0,0.0,0.0,62.0,2.0,3.0,40.0,5.0,4.0,80.0,0.2,0.25,18.2,0.0,0.0,0.0,1.1,1.1,0.2,-0.1,-0.1,6.0,4.0,66.7,0.0,2.4,0.4,0.0,0.0,0.0,0.0,6.0,13.0,46.2,29.0,5.0,31.0,31.0,12.0,33.3,32.8,11.0,0.0,0.0,0.0,15.0,200.0,312.0,64.1,4451.0,2134.0,45.0,65.0,69.2,118.0,157.0,75.2,37.0,84.0,44.0,1.0,0.8,0.4,2.0,10.0,5.0,0.0,19.0,312.0,259.0,50.0,13.0,0.0,2.0,10.0,18.0,4.0,0.0,0.0,4.0,200.0,3.0,5.0,7.0,6.0,0.0,1.0,0.0,0.0,0.0,1.0,1.0,0.0,0.0,0.0,0.0,0.0,9.0,7.0,5.0,4.0,0.0,3.0,4.0,75.0,1.0,4.0,0.0,4.0,4.0,13.0,6.0,0.0,39.0,372.0,55.0,184.0,120.0,72.0,7.0,372.0,10.0,1.0,10.0,9.0,90.0,180.0,998.0,392.0,8.0,1.0,0.0,13.0,6.0,198.0,23.0,1.0,0.0,0.0,21.0,6.0,3.0,10.0,4.0,7.0,0.0,0.0,0.0,45.0,3.0,1.0,75.0
2023-11-04,15:00,D1 Fém,Matchweek 6,Sat,Home,D,3.0,3.0,Le Havre,Dijon,1.8,2.2,66.0,1024.0,Deja Davis,4-3-3,Maika Vanderstichel,10.0,6.0,60.0,0.3,0.5,12.3,0.0,0.0,0.0,1.8,1.8,0.18,1.2,1.2,5.0,2.0,60.0,0.0,3.2,0.2,1.0,1.0,0.0,0.0,3.0,12.0,25.0,41.0,5.0,24.4,28.9,4.0,50.0,34.0,4.0,2.0,50.0,2.0,12.6,504.0,622.0,81.0,10773.0,3474.0,136.0,163.0,83.4,276.0,307.0,89.9,88.0,133.0,66.2,2.0,1.4,1.1,7.0,31.0,5.0,1.0,44.0,622.0,576.0,46.0,9.0,0.0,9.0,18.0,25.0,5.0,3.0,2.0,0.0,504.0,0.0,11.0,16.0,9.0,3.0,2.0,1.0,1.0,0.0,5.0,2.0,1.0,0.0,1.0,1.0,0.0,22.0,17.0,11.0,9.0,2.0,9.0,10.0,90.0,1.0,6.0,2.0,4.0,22.0,44.0,6.0,0.0,66.0,726.0,50.0,287.0,319.0,124.0,14.0,726.0,17.0,8.0,47.1,9.0,52.9,209.0,1330.0,596.0,7.0,5.0,2.0,21.0,11.0,497.0,42.0,0.0,0.0,0.0,12.0,6.0,0.0,18.0,22.0,17.0,0.0,1.0,0.0,62.0,2.0,3.0,40.0,6.0,4.0,66.7,0.33,0.5,16.8,0.0,1.0,1.0,2.2,1.4,0.24,0.8,0.6,6.0,3.0,50.0,0.0,2.8,-0.2,0.0,0.0,0.0,0.0,2.0,4.0,50.0,26.0,7.0,15.4,24.1,4.0,0.0,13.5,14.0,3.0,21.4,3.0,15.2,227.0,323.0,70.3,4391.0,2051.0,81.0,110.0,73.6,128.0,163.0,78.5,18.0,47.0,38.3,2.0,1.0,0.4,4.0,20.0,4.0,0.0,24.0,323.0,279.0,42.0,11.0,1.0,0.0,7.0,22.0,1.0,1.0,0.0,0.0,227.0,2.0,6.0,10.0,7.0,0.0,1.0,0.0,1.0,1.0,5.0,3.0,0.0,1.0,0.0,1.0,0.0,20.0,15.0,11.0,6.0,3.0,9.0,17.0,52.9,8.0,12.0,3.0,9.0,14.0,34.0,13.0,1.0,34.0,425.0,38.0,150.0,206.0,70.0,10.0,424.0,10.0,1.0,10.0,9.0,90.0,209.0,882.0,433.0,6.0,3.0,1.0,19.0,13.0,224.0,24.0,0.0,0.0,0.0,7.0,10.0,2.0,7.0,14.0,15.0,1.0,0.0,0.0,53.0,3.0,2.0,60.0
2023-11-11,15:00,D1 Fém,Matchweek 7,Sat,Away,D,0.0,0.0,Le Havre,Stade de Reims,0.4,0.3,59.0,103.0,Deja Davis,4-2-3-1,Charlène Laur,9.0,7.0,77.8,0.0,0.0,26.4,0.0,0.0,0.0,0.4,0.4,0.05,-0.4,-0.4,2.0,2.0,100.0,1.0,0.1,0.1,0.0,0.0,0.0,0.0,4.0,10.0,40.0,42.0,3.0,19.0,27.1,7.0,28.6,25.7,4.0,0.0,0.0,1.0,14.5,463.0,579.0,80.0,9212.0,3350.0,159.0,193.0,82.4,239.0,274.0,87.2,62.0,99.0,62.6,0.0,0.2,0.2,6.0,29.0,4.0,1.0,27.0,579.0,518.0,60.0,9.0,0.0,1.0,7.0,41.0,2.0,1.0,0.0,0.0,463.0,1.0,10.0,11.0,9.0,1.0,1.0,0.0,0.0,0.0,0.0,0.0,0.0,0.0,0.0,0.0,0.0,25.0,17.0,6.0,16.0,3.0,13.0,29.0,44.8,16.0,11.0,1.0,10.0,6.0,31.0,7.0,0.0,59.0,695.0,55.0,329.0,250.0,126.0,7.0,695.0,19.0,10.0,52.6,8.0,42.1,449.0,2190.0,865.0,7.0,6.0,1.0,30.0,15.0,455.0,26.0,1.0,1.0,0.0,12.0,7.0,1.0,7.0,6.0,17.0,0.0,0.0,0.0,72.0,2.0,3.0,40.0,6.0,1.0,16.7,0.0,0.0,25.6,0.0,0.0,0.0,0.3,0.3,0.05,-0.3,-0.3,7.0,7.0,100.0,1.0,0.4,0.4,0.0,0.0,0.0,0.0,1.0,1.0,100.0,19.0,8.0,5.3,20.9,3.0,0.0,27.7,5.0,0.0,0.0,0.0,10.0,241.0,329.0,73.3,4630.0,1949.0,85.0,112.0,75.9,119.0,141.0,84.4,31.0,56.0,55.4,0.0,0.2,0.2,5.0,16.0,5.0,0.0,23.0,329.0,300.0,27.0,11.0,1.0,0.0,4.0,10.0,2.0,2.0,0.0,0.0,241.0,2.0,8.0,9.0,6.0,0.0,2.0,1.0,0.0,0.0,0.0,0.0,0.0,0.0,0.0,0.0,0.0,19.0,15.0,7.0,11.0,1.0,7.0,14.0,50.0,7.0,9.0,0.0,9.0,15.0,34.0,10.0,2.0,41.0,445.0,37.0,191.0,192.0,66.0,7.0,445.0,29.0,15.0,51.7,13.0,44.8,249.0,1494.0,744.0,12.0,8.0,1.0,28.0,12.0,252.0,29.0,2.0,0.0,0.0,6.0,11.0,2.0,4.0,15.0,15.0,0.0,0.0,0.0,66.0,2.0,2.0,50.0
2023-11-18,14:30,D1 Fém,Matchweek 8,Sat,Home,W,2.0,0.0,Le Havre,Guingamp,2.3,0.2,53.0,744.0,Laëtitia Philippe,4-2-3-1,Céline Jeannot,21.0,8.0,38.1,0.05,0.13,16.2,0.0,1.0,1.0,2.3,1.5,0.07,-0.3,-0.5,4.0,4.0,100.0,1.0,0.3,0.3,0.0,0.0,0.0,0.0,7.0,24.0,29.2,37.0,3.0,56.8,38.3,5.0,60.0,40.4,6.0,0.0,0.0,4.0,29.4,340.0,461.0,73.8,6429.0,2780.0,130.0,159.0,81.8,170.0,201.0,84.6,38.0,85.0,44.7,0.0,1.2,1.4,17.0,32.0,10.0,3.0,47.0,461.0,399.0,59.0,9.0,1.0,1.0,21.0,35.0,9.0,2.0,6.0,0.0,340.0,3.0,11.0,34.0,23.0,6.0,0.0,3.0,2.0,0.0,3.0,1.0,0.0,0.0,1.0,1.0,0.0,20.0,13.0,4.0,13.0,3.0,8.0,11.0,72.7,3.0,13.0,0.0,13.0,20.0,40.0,7.0,0.0,53.0,567.0,38.0,165.0,259.0,150.0,34.0,566.0,15.0,6.0,40.0,9.0,60.0,259.0,1396.0,552.0,15.0,10.0,7.0,18.0,10.0,333.0,43.0,2.0,0.0,0.0,11.0,8.0,3.0,21.0,20.0,13.0,1.0,0.0,0.0,68.0,9.0,12.0,42.9,4.0,4.0,100.0,0.0,0.0,19.1,0.0,0.0,0.0,0.2,0.2,0.04,-0.2,-0.2,9.0,7.0,88.9,0.0,2.2,0.2,1.0,1.0,0.0,0.0,0.0,1.0,0.0,38.0,8.0,2.6,22.1,11.0,0.0,17.8,20.0,0.0,0.0,0.0,12.0,272.0,408.0,66.7,5401.0,2314.0,75.0,112.0,67.0,165.0,214.0,77.1,30.0,67.0,44.8,0.0,0.2,0.1,4.0,13.0,2.0,1.0,15.0,408.0,353.0,54.0,15.0,0.0,0.0,8.0,24.0,1.0,0.0,1.0,0.0,272.0,1.0,12.0,7.0,5.0,2.0,0.0,0.0,0.0,0.0,0.0,0.0,0.0,0.0,0.0,0.0,0.0,19.0,13.0,13.0,4.0,2.0,9.0,15.0,60.0,6.0,16.0,3.0,13.0,14.0,33.0,18.0,0.0,47.0,501.0,100.0,267.0,169.0,67.0,4.0,501.0,11.0,3.0,27.3,8.0,72.7,226.0,1003.0,421.0,6.0,4.0,0.0,6.0,12.0,268.0,15.0,2.0,0.0,0.0,9.0,11.0,1.0,8.0,14.0,13.0,0.0,1.0,0.0,55.0,13.0,9.0,59.1
2023-11-24,21:00,D1 Fém,Matchweek 9,Fri,Away,,0.0,3.0,Le Havre,Fleury,0.0,0.0,,394.0,Laëtitia Philippe,4-2-3-1,Maika Vanderstichel,0.0,0.0,,,,,0.0,0.0,0.0,0.0,0.0,,0.0,0.0,0.0,0.0,,1.0,0.0,0.0,0.0,0.0,0.0,0.0,0.0,0.0,,0.0,0.0,,,0.0,,,0.0,0.0,,0.0,,0.0,0.0,,0.0,0.0,0.0,0.0,,0.0,0.0,,0.0,0.0,,1.0,0.0,0.0,0.0,0.0,0.0,0.0,0.0,0.0,0.0,0.0,0.0,0.0,0.0,0.0,0.0,0.0,0.0,0.0,0.0,0.0,0.0,0.0,0.0,0.0,0.0,0.0,0.0,0.0,0.0,0.0,0.0,0.0,0.0,0.0,0.0,0.0,0.0,0.0,0.0,0.0,0.0,0.0,0.0,,0.0,0.0,0.0,0.0,0.0,0.0,0.0,0.0,,0.0,0.0,0.0,0.0,0.0,0.0,0.0,0.0,0.0,,0.0,,0.0,0.0,0.0,0.0,0.0,0.0,0.0,0.0,0.0,0.0,2.0,0.0,0.0,0.0,0.0,0.0,0.0,0.0,0.0,0.0,0.0,0.0,0.0,0.0,0.0,,0.0,0.0,,,,,0.0,0.0,0.0,0.0,0.0,,0.0,0.0,0.0,0.0,,1.0,0.0,0.0,0.0,0.0,0.0,0.0,0.0,0.0,,0.0,0.0,,,0.0,,,0.0,0.0,,0.0,,0.0,0.0,,0.0,0.0,0.0,0.0,,0.0,0.0,,0.0,0.0,,2.0,0.0,0.0,0.0,0.0,0.0,0.0,0.0,0.0,0.0,0.0,0.0,0.0,0.0,0.0,0.0,0.0,0.0,0.0,0.0,0.0,0.0,0.0,0.0,0.0,0.0,0.0,0.0,0.0,0.0,0.0,0.0,0.0,0.0,0.0,0.0,0.0,0.0,0.0,0.0,0.0,0.0,0.0,0.0,,0.0,0.0,0.0,0.0,0.0,0.0,0.0,0.0,,0.0,0.0,0.0,0.0,0.0,0.0,0.0,0.0,0.0,,0.0,,0.0,0.0,0.0,0.0,0.0,0.0,0.0,0.0,0.0,0.0,2.0,0.0,0.0,0.0,0.0,0.0,0.0,0.0,0.0,0.0,0.0,0.0,0.0,0.0,0.0,
2023-12-10,21:00,D1 Fém,Matchweek 10,Sun,Home,D,1.0,1.0,Le Havre,Paris S-G,0.5,1.4,31.0,2384.0,Laëtitia Philippe,4-4-1-1,Elisa Daupeux,3.0,2.0,66.7,0.33,0.5,18.7,0.0,0.0,0.0,0.5,0.5,0.17,0.5,0.5,4.0,3.0,75.0,0.0,1.3,0.3,0.0,0.0,0.0,0.0,10.0,25.0,40.0,27.0,2.0,55.6,39.2,16.0,62.5,39.2,23.0,0.0,0.0,1.0,13.5,201.0,310.0,64.8,3614.0,1873.0,99.0,133.0,74.4,68.0,92.0,73.9,28.0,66.0,42.4,0.0,0.1,0.1,1.0,4.0,1.0,0.0,10.0,310.0,259.0,50.0,15.0,0.0,1.0,4.0,17.0,1.0,0.0,0.0,1.0,201.0,1.0,3.0,3.0,0.0,2.0,0.0,0.0,0.0,1.0,0.0,0.0,0.0,0.0,0.0,0.0,0.0,22.0,15.0,18.0,4.0,0.0,16.0,33.0,48.5,17.0,13.0,6.0,7.0,22.0,44.0,15.0,0.0,31.0,424.0,69.0,255.0,151.0,22.0,3.0,424.0,16.0,8.0,50.0,8.0,50.0,127.0,835.0,352.0,6.0,5.0,1.0,17.0,6.0,199.0,10.0,2.0,0.0,0.0,11.0,13.0,1.0,4.0,22.0,15.0,0.0,0.0,0.0,55.0,16.0,17.0,48.5,18.0,4.0,22.2,0.06,0.25,16.2,0.0,0.0,0.0,1.4,1.4,0.08,-0.4,-0.4,2.0,1.0,50.0,0.0,0.6,-0.4,0.0,0.0,0.0,0.0,0.0,1.0,0.0,13.0,2.0,0.0,20.8,2.0,50.0,55.5,3.0,0.0,0.0,0.0,5.0,575.0,686.0,83.8,10634.0,3575.0,215.0,246.0,87.4,294.0,329.0,89.4,57.0,84.0,67.9,1.0,1.4,1.8,17.0,83.0,12.0,7.0,74.0,686.0,631.0,54.0,12.0,2.0,1.0,30.0,31.0,7.0,1.0,2.0,1.0,575.0,1.0,9.0,33.0,18.0,7.0,1.0,2.0,4.0,1.0,2.0,0.0,1.0,0.0,0.0,1.0,0.0,14.0,10.0,1.0,9.0,4.0,8.0,16.0,50.0,8.0,3.0,0.0,3.0,14.0,28.0,4.0,1.0,69.0,783.0,16.0,89.0,412.0,285.0,31.0,783.0,33.0,17.0,51.5,16.0,48.5,570.0,2599.0,1337.0,25.0,15.0,7.0,22.0,6.0,571.0,73.0,1.0,0.0,0.0,14.0,11.0,1.0,30.0,14.0,10.0,0.0,0.0,0.0,66.0,17.0,16.0,51.5
2023-12-15,21:00,D1 Fém,Matchweek 11,Fri,Away,L,1.0,2.0,Le Havre,Montpellier,2.0,2.1,48.0,391.0,Salomé Elisor,4-1-4-1,Audrey Gerbel,10.0,6.0,60.0,0.1,0.17,12.1,0.0,0.0,0.0,2.0,2.0,0.2,-1.0,-1.0,5.0,3.0,60.0,0.0,1.9,-0.1,0.0,0.0,0.0,0.0,0.0,6.0,0.0,37.0,4.0,8.1,25.9,7.0,42.9,29.7,10.0,0.0,0.0,2.0,16.5,323.0,458.0,70.5,5301.0,2559.0,156.0,204.0,76.5,140.0,180.0,77.8,23.0,60.0,38.3,1.0,1.9,1.4,9.0,22.0,3.0,1.0,22.0,458.0,389.0,69.0,19.0,0.0,0.0,13.0,39.0,1.0,0.0,1.0,0.0,323.0,0.0,9.0,16.0,12.0,3.0,0.0,1.0,0.0,0.0,1.0,0.0,1.0,0.0,0.0,0.0,0.0,16.0,13.0,7.0,6.0,3.0,8.0,19.0,42.1,11.0,8.0,2.0,6.0,7.0,23.0,14.0,0.0,48.0,536.0,63.0,266.0,161.0,115.0,23.0,536.0,11.0,6.0,54.5,5.0,45.5,236.0,1147.0,503.0,13.0,5.0,5.0,22.0,14.0,316.0,21.0,0.0,0.0,0.0,11.0,13.0,0.0,13.0,7.0,13.0,0.0,0.0,0.0,63.0,3.0,10.0,23.1,10.0,5.0,50.0,0.2,0.4,9.5,0.0,0.0,0.0,2.1,2.1,0.22,-0.1,-0.1,6.0,5.0,83.3,0.0,1.5,0.5,0.0,0.0,0.0,0.0,0.0,2.0,0.0,20.0,6.0,10.0,24.0,6.0,0.0,26.2,10.0,0.0,0.0,2.0,22.5,388.0,498.0,77.9,6673.0,2831.0,183.0,216.0,84.7,165.0,201.0,82.1,34.0,63.0,54.0,1.0,2.1,0.7,9.0,25.0,9.0,1.0,39.0,498.0,454.0,42.0,12.0,0.0,1.0,14.0,20.0,2.0,2.0,0.0,0.0,388.0,2.0,8.0,15.0,10.0,1.0,2.0,1.0,0.0,1.0,2.0,2.0,0.0,0.0,0.0,0.0,0.0,19.0,17.0,10.0,7.0,2.0,5.0,11.0,45.5,6.0,8.0,1.0,7.0,17.0,36.0,19.0,1.0,52.0,609.0,50.0,235.0,270.0,108.0,16.0,609.0,19.0,11.0,57.9,8.0,42.1,264.0,1820.0,834.0,15.0,14.0,3.0,25.0,8.0,381.0,39.0,2.0,0.0,0.0,17.0,11.0,2.0,14.0,17.0,17.0,0.0,0.0,0.0,73.0,10.0,3.0,76.9
2024-02-03,13:00,D1 Fém,Matchweek 14,Sat,Home,W,4.0,2.0,Le Havre,Saint-Étienne,1.9,0.5,52.0,742.0,Silke Demeyere,4-1-4-1,Clémence Goncalves,9.0,6.0,66.7,0.44,0.67,16.9,0.0,0.0,0.0,1.9,1.9,0.21,2.1,2.1,5.0,3.0,60.0,0.0,1.0,-1.0,0.0,0.0,0.0,0.0,3.0,6.0,50.0,33.0,6.0,18.2,28.1,3.0,0.0,30.7,10.0,1.0,10.0,0.0,8.8,447.0,546.0,81.9,7351.0,2608.0,190.0,209.0,90.9,207.0,229.0,90.4,28.0,63.0,44.4,4.0,1.9,0.7,8.0,9.0,4.0,1.0,29.0,546.0,506.0,35.0,16.0,4.0,0.0,2.0,13.0,0.0,0.0,0.0,0.0,447.0,5.0,8.0,16.0,13.0,1.0,1.0,0.0,1.0,0.0,8.0,7.0,0.0,1.0,0.0,0.0,0.0,18.0,17.0,9.0,8.0,1.0,6.0,14.0,42.9,8.0,13.0,1.0,12.0,11.0,29.0,17.0,0.0,52.0,664.0,58.0,289.0,329.0,51.0,10.0,664.0,13.0,6.0,46.2,7.0,53.8,471.0,2133.0,1146.0,10.0,7.0,4.0,28.0,4.0,444.0,29.0,1.0,0.0,0.0,14.0,14.0,5.0,2.0,11.0,17.0,0.0,0.0,0.0,64.0,10.0,3.0,76.9,6.0,5.0,83.3,0.33,0.4,18.4,1.0,0.0,0.0,0.5,0.5,0.09,1.5,1.5,6.0,2.0,33.3,0.0,2.5,-1.5,0.0,0.0,0.0,0.0,1.0,1.0,100.0,38.0,5.0,2.6,18.8,7.0,0.0,17.0,2.0,0.0,0.0,7.0,20.4,396.0,509.0,77.8,6742.0,2856.0,169.0,202.0,83.7,195.0,228.0,85.5,25.0,53.0,47.2,1.0,0.3,0.5,3.0,26.0,3.0,0.0,28.0,509.0,453.0,55.0,18.0,2.0,1.0,12.0,22.0,3.0,3.0,0.0,0.0,396.0,1.0,11.0,9.0,7.0,0.0,0.0,1.0,1.0,0.0,4.0,3.0,0.0,0.0,0.0,1.0,0.0,11.0,6.0,3.0,6.0,2.0,7.0,13.0,53.8,6.0,7.0,0.0,7.0,7.0,18.0,6.0,0.0,48.0,586.0,43.0,188.0,309.0,95.0,8.0,586.0,14.0,8.0,57.1,6.0,42.9,273.0,1463.0,797.0,11.0,9.0,1.0,19.0,12.0,396.0,28.0,1.0,0.0,0.0,15.0,13.0,1.0,12.0,7.0,6.0,0.0,0.0,0.0,49.0,3.0,10.0,23.1
2024-02-10,14:30,D1 Fém,Matchweek 15,Sat,Away,D,3.0,3.0,Le Havre,Lille,2.1,1.5,55.0,595.0,Silke Demeyere,4-1-4-1,Maika Vanderstichel,13.0,9.0,69.2,0.15,0.22,17.2,1.0,1.0,1.0,2.1,1.3,0.1,0.9,0.7,5.0,2.0,40.0,0.0,1.1,-1.9,0.0,0.0,0.0,0.0,2.0,11.0,18.2,27.0,4.0,29.6,33.4,3.0,100.0,46.0,6.0,1.0,16.7,0.0,7.7,252.0,384.0,65.6,4883.0,2425.0,99.0,123.0,80.5,110.0,151.0,72.8,38.0,93.0,40.9,1.0,0.8,1.2,8.0,23.0,6.0,0.0,32.0,384.0,338.0,44.0,13.0,3.0,0.0,16.0,22.0,2.0,0.0,2.0,0.0,252.0,2.0,4.0,23.0,14.0,4.0,0.0,2.0,3.0,0.0,5.0,1.0,2.0,0.0,1.0,1.0,0.0,19.0,15.0,9.0,9.0,1.0,2.0,9.0,22.2,7.0,6.0,1.0,5.0,14.0,33.0,11.0,1.0,55.0,481.0,41.0,183.0,206.0,100.0,16.0,480.0,20.0,11.0,55.0,9.0,45.0,273.0,1378.0,522.0,10.0,7.0,0.0,25.0,5.0,248.0,31.0,1.0,0.0,0.0,5.0,15.0,2.0,16.0,14.0,15.0,1.0,0.0,0.0,40.0,13.0,5.0,72.2,7.0,5.0,71.4,0.43,0.6,23.8,0.0,0.0,0.0,1.5,1.5,0.21,1.5,1.5,10.0,7.0,80.0,0.0,2.9,-0.1,1.0,1.0,0.0,0.0,4.0,13.0,30.8,32.0,6.0,28.1,31.7,7.0,57.1,38.3,11.0,3.0,27.3,1.0,13.3,188.0,318.0,59.1,3821.0,1729.0,63.0,94.0,67.0,90.0,130.0,69.2,29.0,77.0,37.7,0.0,0.1,0.1,2.0,10.0,4.0,1.0,13.0,318.0,269.0,49.0,7.0,0.0,2.0,11.0,30.0,2.0,1.0,1.0,0.0,188.0,0.0,6.0,7.0,6.0,0.0,0.0,0.0,0.0,1.0,3.0,3.0,0.0,0.0,0.0,0.0,0.0,14.0,10.0,7.0,7.0,0.0,9.0,20.0,45.0,11.0,5.0,1.0,4.0,16.0,30.0,7.0,0.0,45.0,397.0,45.0,177.0,142.0,81.0,9.0,397.0,9.0,7.0,77.8,2.0,22.2,148.0,1105.0,648.0,11.0,6.0,2.0,14.0,17.0,186.0,12.0,3.0,0.0,0.0,15.0,5.0,0.0,11.0,16.0,10.0,0.0,1.0,0.0,28.0,5.0,13.0,27.8
2024-02-17,14:30,D1 Fém,Matchweek 12,Sat,Home,D,1.0,1.0,Le Havre,Bordeaux,1.5,1.4,58.0,866.0,Deja Davis,4-1-4-1,Audrey Gerbel,19.0,9.0,47.4,0.05,0.11,18.8,1.0,0.0,0.0,1.5,1.5,0.08,-0.5,-0.5,4.0,3.0,100.0,0.0,1.3,0.3,1.0,1.0,0.0,0.0,2.0,9.0,22.2,23.0,6.0,17.4,25.0,7.0,71.4,37.4,13.0,0.0,0.0,2.0,22.0,443.0,565.0,78.4,7735.0,3270.0,193.0,220.0,87.7,197.0,233.0,84.5,45.0,93.0,48.4,1.0,1.1,1.6,13.0,36.0,10.0,2.0,50.0,565.0,514.0,50.0,6.0,2.0,0.0,29.0,28.0,7.0,5.0,2.0,0.0,443.0,1.0,5.0,32.0,23.0,5.0,0.0,2.0,1.0,1.0,2.0,2.0,0.0,0.0,0.0,0.0,0.0,13.0,9.0,5.0,4.0,4.0,7.0,15.0,46.7,8.0,10.0,2.0,8.0,16.0,29.0,9.0,0.0,58.0,661.0,52.0,212.0,282.0,175.0,28.0,661.0,11.0,8.0,72.7,3.0,27.3,469.0,2412.0,969.0,11.0,9.0,5.0,26.0,3.0,440.0,50.0,1.0,0.0,0.0,11.0,7.0,1.0,29.0,16.0,9.0,0.0,1.0,0.0,55.0,7.0,8.0,46.7,9.0,3.0,33.3,0.0,0.0,22.0,1.0,1.0,1.0,1.4,0.6,0.07,-0.4,-0.6,9.0,8.0,88.9,0.0,1.6,0.6,0.0,0.0,0.0,0.0,6.0,13.0,46.2,45.0,6.0,22.2,27.8,5.0,60.0,33.6,24.0,0.0,0.0,0.0,11.5,292.0,401.0,72.8,6014.0,2711.0,79.0,96.0,82.3,172.0,208.0,82.7,40.0,87.0,46.0,0.0,0.4,0.3,5.0,16.0,2.0,1.0,19.0,401.0,359.0,42.0,10.0,0.0,2.0,16.0,23.0,2.0,1.0,1.0,0.0,292.0,0.0,8.0,18.0,11.0,2.0,1.0,0.0,3.0,1.0,2.0,1.0,0.0,0.0,0.0,1.0,0.0,6.0,2.0,3.0,3.0,0.0,3.0,11.0,27.3,8.0,11.0,6.0,5.0,24.0,30.0,34.0,1.0,42.0,524.0,79.0,267.0,191.0,70.0,11.0,523.0,15.0,8.0,53.3,7.0,46.7,231.0,1555.0,687.0,13.0,6.0,4.0,26.0,6.0,288.0,19.0,1.0,0.0,0.0,7.0,11.0,0.0,16.0,24.0,2.0,1.0,0.0,0.0,53.0,8.0,7.0,53.3
2024-03-02,14:30,D1 Fém,Matchweek 16,Sat,Away,L,0.0,4.0,Le Havre,Paris S-G,0.1,2.3,30.0,556.0,Deja Davis,4-1-4-1,Charlène Laur,4.0,2.0,50.0,0.0,0.0,33.1,1.0,0.0,0.0,0.1,0.1,0.02,-0.1,-0.1,11.0,7.0,63.6,0.0,2.8,-1.2,0.0,0.0,0.0,0.0,1.0,14.0,7.1,13.0,3.0,46.2,43.0,10.0,80.0,45.9,16.0,1.0,6.3,0.0,10.5,189.0,288.0,65.6,3180.0,1426.0,88.0,112.0,78.6,81.0,118.0,68.6,17.0,45.0,37.8,0.0,0.0,0.3,2.0,16.0,3.0,0.0,18.0,288.0,241.0,47.0,10.0,1.0,1.0,6.0,20.0,3.0,0.0,3.0,0.0,189.0,0.0,6.0,6.0,4.0,0.0,0.0,0.0,1.0,1.0,0.0,0.0,0.0,0.0,0.0,0.0,0.0,23.0,17.0,14.0,9.0,0.0,12.0,28.0,42.9,16.0,10.0,3.0,7.0,11.0,34.0,17.0,0.0,30.0,372.0,62.0,183.0,133.0,64.0,7.0,372.0,6.0,3.0,50.0,3.0,50.0,135.0,794.0,389.0,7.0,5.0,2.0,8.0,9.0,189.0,18.0,0.0,0.0,0.0,9.0,9.0,0.0,6.0,11.0,17.0,0.0,0.0,0.0,50.0,4.0,10.0,28.6,21.0,11.0,52.4,0.19,0.36,16.7,0.0,0.0,0.0,2.3,2.3,0.11,1.7,1.7,2.0,2.0,100.0,1.0,0.2,0.2,0.0,0.0,0.0,0.0,0.0,0.0,,21.0,4.0,0.0,20.8,4.0,0.0,15.3,3.0,0.0,0.0,0.0,17.0,589.0,671.0,87.8,10471.0,3187.0,225.0,249.0,90.4,312.0,330.0,94.5,45.0,65.0,69.2,4.0,1.9,1.7,19.0,57.0,13.0,5.0,56.0,671.0,629.0,41.0,11.0,0.0,1.0,20.0,20.0,5.0,1.0,1.0,0.0,589.0,1.0,9.0,38.0,31.0,2.0,3.0,1.0,1.0,0.0,5.0,4.0,1.0,0.0,0.0,0.0,0.0,12.0,7.0,3.0,7.0,2.0,3.0,6.0,50.0,3.0,6.0,0.0,6.0,13.0,25.0,9.0,0.0,70.0,772.0,43.0,217.0,341.0,220.0,34.0,772.0,28.0,16.0,57.1,12.0,42.9,541.0,2234.0,1163.0,17.0,9.0,10.0,18.0,11.0,586.0,56.0,3.0,0.0,0.0,10.0,8.0,1.0,20.0,13.0,7.0,0.0,0.0,0.0,63.0,10.0,4.0,71.4
2024-03-06,18:30,D1 Fém,Matchweek 13,Wed,Away,L,2.0,3.0,Le Havre,Paris FC,2.2,1.8,49.0,111.0,Deja Davis,4-4-2,Elisa Daupeux,16.0,6.0,37.5,0.13,0.33,18.3,1.0,0.0,1.0,2.2,1.4,0.09,-0.2,0.6,6.0,3.0,50.0,0.0,2.2,-0.8,0.0,0.0,0.0,0.0,5.0,19.0,26.3,31.0,4.0,38.7,35.6,7.0,100.0,50.9,11.0,1.0,9.1,0.0,11.0,346.0,477.0,72.5,5859.0,2834.0,163.0,194.0,84.0,147.0,177.0,83.1,28.0,71.0,39.4,1.0,1.0,0.8,9.0,23.0,7.0,2.0,31.0,477.0,433.0,43.0,9.0,0.0,0.0,10.0,21.0,2.0,2.0,0.0,0.0,346.0,1.0,13.0,26.0,19.0,1.0,1.0,2.0,2.0,1.0,2.0,1.0,0.0,0.0,1.0,0.0,0.0,14.0,11.0,7.0,5.0,2.0,1.0,11.0,9.1,10.0,10.0,1.0,9.0,13.0,27.0,15.0,0.0,49.0,582.0,60.0,239.0,250.0,104.0,18.0,581.0,11.0,7.0,63.6,4.0,36.4,375.0,2009.0,1060.0,22.0,16.0,9.0,16.0,14.0,344.0,30.0,1.0,0.0,0.0,5.0,11.0,1.0,10.0,13.0,11.0,1.0,0.0,0.0,69.0,7.0,14.0,33.3,10.0,6.0,60.0,0.3,0.5,13.9,0.0,0.0,0.0,1.8,1.8,0.19,1.2,1.2,7.0,4.0,71.4,0.0,2.7,0.7,1.0,0.0,1.0,0.0,7.0,10.0,70.0,28.0,6.0,25.0,26.4,8.0,37.5,28.6,8.0,0.0,0.0,3.0,19.8,367.0,504.0,72.8,5901.0,2482.0,191.0,235.0,81.3,141.0,181.0,77.9,28.0,63.0,44.4,3.0,1.9,0.6,9.0,29.0,6.0,1.0,60.0,504.0,451.0,52.0,6.0,3.0,3.0,12.0,29.0,6.0,3.0,1.0,0.0,367.0,1.0,10.0,17.0,13.0,1.0,1.0,2.0,0.0,0.0,5.0,2.0,1.0,1.0,1.0,0.0,0.0,18.0,13.0,6.0,9.0,3.0,4.0,11.0,36.4,7.0,18.0,5.0,13.0,4.0,22.0,12.0,1.0,51.0,591.0,56.0,180.0,286.0,131.0,16.0,591.0,11.0,10.0,90.9,1.0,9.1,328.0,2215.0,1252.0,21.0,11.0,7.0,14.0,13.0,358.0,58.0,1.0,0.0,0.0,11.0,5.0,1.0,12.0,4.0,13.0,0.0,1.0,0.0,62.0,14.0,7.0,66.7
2024-03-17,21:00,D1 Fém,Matchweek 17,Sun,Home,,,,Le Havre,Montpellier,,,,,,,,,,,,,,,,,,,,,,,,,,,,,,,,,,,,,,,,,,,,,,,,,,,,,,,,,,,,,,,,,,,,,,,,,,,,,,,,,,,,,,,,,,,,,,,,,,,,,,,,,,,,,,,,,,,,,,,,,,,,,,,,,,,,,,,,,,,,,,,,,,,,,,,,,,,,,,,,,,,,,,,,,,,,,,,,,,,,,,,,,,,,,,,,,,,,,,,,,,,,,,,,,,,,,,,,,,,,,,,,,,,,,,,,,,,,,,,,,,,,,,,,,,,,,,,,,,,,,,,,,,,,,,,,,,,,,,,,,,,,,,,,,,,,,,,,,
2024-03-23,14:30,D1 Fém,Matchweek 18,Sat,Home,,,,Le Havre,Stade de Reims,,,,,,,,,,,,,,,,,,,,,,,,,,,,,,,,,,,,,,,,,,,,,,,,,,,,,,,,,,,,,,,,,,,,,,,,,,,,,,,,,,,,,,,,,,,,,,,,,,,,,,,,,,,,,,,,,,,,,,,,,,,,,,,,,,,,,,,,,,,,,,,,,,,,,,,,,,,,,,,,,,,,,,,,,,,,,,,,,,,,,,,,,,,,,,,,,,,,,,,,,,,,,,,,,,,,,,,,,,,,,,,,,,,,,,,,,,,,,,,,,,,,,,,,,,,,,,,,,,,,,,,,,,,,,,,,,,,,,,,,,,,,,,,,,,,,,,,,,
2024-03-31,21:00,D1 Fém,Matchweek 19,Sun,Away,,,,Le Havre,Lyon,,,,,,,,,,,,,,,,,,,,,,,,,,,,,,,,,,,,,,,,,,,,,,,,,,,,,,,,,,,,,,,,,,,,,,,,,,,,,,,,,,,,,,,,,,,,,,,,,,,,,,,,,,,,,,,,,,,,,,,,,,,,,,,,,,,,,,,,,,,,,,,,,,,,,,,,,,,,,,,,,,,,,,,,,,,,,,,,,,,,,,,,,,,,,,,,,,,,,,,,,,,,,,,,,,,,,,,,,,,,,,,,,,,,,,,,,,,,,,,,,,,,,,,,,,,,,,,,,,,,,,,,,,,,,,,,,,,,,,,,,,,,,,,,,,,,,,,,,
2024-04-13,15:00,D1 Fém,Matchweek 20,Sat,Away,,,,Le Havre,Dijon,,,,,,,,,,,,,,,,,,,,,,,,,,,,,,,,,,,,,,,,,,,,,,,,,,,,,,,,,,,,,,,,,,,,,,,,,,,,,,,,,,,,,,,,,,,,,,,,,,,,,,,,,,,,,,,,,,,,,,,,,,,,,,,,,,,,,,,,,,,,,,,,,,,,,,,,,,,,,,,,,,,,,,,,,,,,,,,,,,,,,,,,,,,,,,,,,,,,,,,,,,,,,,,,,,,,,,,,,,,,,,,,,,,,,,,,,,,,,,,,,,,,,,,,,,,,,,,,,,,,,,,,,,,,,,,,,,,,,,,,,,,,,,,,,,,,,,,,,
2024-04-24,14:30,D1 Fém,Matchweek 21,Wed,Home,,,,Le Havre,Fleury,,,,,,,,,,,,,,,,,,,,,,,,,,,,,,,,,,,,,,,,,,,,,,,,,,,,,,,,,,,,,,,,,,,,,,,,,,,,,,,,,,,,,,,,,,,,,,,,,,,,,,,,,,,,,,,,,,,,,,,,,,,,,,,,,,,,,,,,,,,,,,,,,,,,,,,,,,,,,,,,,,,,,,,,,,,,,,,,,,,,,,,,,,,,,,,,,,,,,,,,,,,,,,,,,,,,,,,,,,,,,,,,,,,,,,,,,,,,,,,,,,,,,,,,,,,,,,,,,,,,,,,,,,,,,,,,,,,,,,,,,,,,,,,,,,,,,,,,,
2024-05-08,14:30,D1 Fém,Matchweek 22,Wed,Away,,,,Le Havre,Guingamp,,,,,,,,,,,,,,,,,,,,,,,,,,,,,,,,,,,,,,,,,,,,,,,,,,,,,,,,,,,,,,,,,,,,,,,,,,,,,,,,,,,,,,,,,,,,,,,,,,,,,,,,,,,,,,,,,,,,,,,,,,,,,,,,,,,,,,,,,,,,,,,,,,,,,,,,,,,,,,,,,,,,,,,,,,,,,,,,,,,,,,,,,,,,,,,,,,,,,,,,,,,,,,,,,,,,,,,,,,,,,,,,,,,,,,,,,,,,,,,,,,,,,,,,,,,,,,,,,,,,,,,,,,,,,,,,,,,,,,,,,,,,,,,,,,,,,,,,,
2023-09-16,15:00,D1 Fém,Matchweek 1,Sat,Away,L,1.0,3.0,Guingamp,Fleury,0.5,1.6,53.0,274.0,Sarah Cambot,4-1-3-2,Maika Vanderstichel,5.0,1.0,20.0,0.2,1.0,14.2,0.0,0.0,0.0,0.5,0.5,0.1,0.5,0.5,7.0,4.0,57.1,0.0,1.5,-1.5,0.0,0.0,0.0,0.0,4.0,8.0,50.0,48.0,9.0,12.5,25.0,10.0,20.0,20.4,19.0,2.0,10.5,2.0,12.6,400.0,499.0,80.2,7489.0,2718.0,158.0,181.0,87.3,200.0,227.0,88.1,40.0,74.0,54.1,0.0,0.1,0.2,3.0,16.0,1.0,1.0,20.0,499.0,454.0,44.0,12.0,0.0,2.0,9.0,16.0,2.0,1.0,0.0,0.0,400.0,1.0,8.0,7.0,4.0,1.0,0.0,1.0,1.0,0.0,1.0,0.0,0.0,0.0,1.0,0.0,0.0,17.0,15.0,8.0,8.0,1.0,9.0,20.0,45.0,11.0,8.0,1.0,7.0,11.0,28.0,16.0,1.0,53.0,582.0,103.0,338.0,201.0,44.0,9.0,582.0,7.0,0.0,0.0,7.0,100.0,336.0,1673.0,740.0,7.0,6.0,3.0,13.0,18.0,400.0,20.0,3.0,0.0,0.0,9.0,10.0,1.0,9.0,11.0,15.0,0.0,0.0,0.0,63.0,9.0,3.0,75.0,19.0,7.0,36.8,0.16,0.43,23.3,1.0,0.0,0.0,1.6,1.6,0.08,1.4,1.4,1.0,0.0,0.0,0.0,0.7,-0.3,0.0,0.0,0.0,0.0,2.0,8.0,25.0,24.0,1.0,29.2,32.6,4.0,25.0,26.0,7.0,0.0,0.0,2.0,29.0,339.0,441.0,76.9,6053.0,2143.0,146.0,178.0,82.0,157.0,179.0,87.7,34.0,71.0,47.9,2.0,1.2,0.9,13.0,37.0,6.0,2.0,50.0,441.0,393.0,46.0,9.0,0.0,2.0,20.0,27.0,4.0,3.0,1.0,0.0,339.0,2.0,7.0,34.0,24.0,2.0,4.0,1.0,2.0,1.0,5.0,3.0,0.0,1.0,1.0,0.0,0.0,25.0,16.0,4.0,18.0,3.0,7.0,7.0,100.0,0.0,12.0,3.0,9.0,22.0,47.0,2.0,0.0,47.0,541.0,29.0,128.0,272.0,149.0,27.0,541.0,20.0,11.0,55.0,9.0,45.0,298.0,1651.0,897.0,24.0,10.0,7.0,13.0,8.0,338.0,49.0,0.0,0.0,0.0,10.0,9.0,2.0,20.0,22.0,16.0,0.0,0.0,0.0,76.0,3.0,9.0,25.0
2023-09-30,13:30,D1 Fém,Matchweek 2,Sat,Home,D,0.0,0.0,Guingamp,Stade de Reims,0.6,0.4,57.0,332.0,Sarah Cambot,4-4-2,Clémence Goncalves,9.0,1.0,11.1,0.0,0.0,22.5,1.0,0.0,0.0,0.6,0.6,0.06,-0.6,-0.6,2.0,2.0,100.0,1.0,0.4,0.4,0.0,0.0,0.0,0.0,0.0,0.0,,29.0,4.0,0.0,19.1,2.0,0.0,16.5,6.0,0.0,0.0,1.0,17.0,362.0,464.0,78.0,7364.0,2873.0,94.0,118.0,79.7,226.0,266.0,85.0,41.0,65.0,63.1,0.0,0.3,0.7,4.0,25.0,4.0,2.0,31.0,464.0,406.0,57.0,17.0,1.0,0.0,17.0,32.0,5.0,0.0,3.0,0.0,362.0,1.0,16.0,14.0,12.0,0.0,0.0,0.0,1.0,1.0,0.0,0.0,0.0,0.0,0.0,0.0,0.0,17.0,12.0,4.0,9.0,4.0,13.0,20.0,65.0,7.0,2.0,0.0,2.0,10.0,27.0,18.0,0.0,57.0,566.0,57.0,219.0,227.0,120.0,11.0,566.0,18.0,7.0,38.9,11.0,61.1,293.0,1814.0,844.0,8.0,8.0,2.0,27.0,11.0,354.0,31.0,1.0,0.0,0.0,8.0,15.0,1.0,17.0,10.0,12.0,0.0,0.0,0.0,65.0,4.0,6.0,40.0,3.0,2.0,66.7,0.0,0.0,16.4,0.0,0.0,0.0,0.4,0.4,0.13,-0.4,-0.4,1.0,1.0,100.0,1.0,0.0,0.0,0.0,0.0,0.0,0.0,0.0,2.0,0.0,18.0,4.0,5.6,24.1,8.0,12.5,19.1,12.0,0.0,0.0,0.0,7.0,247.0,348.0,71.0,4679.0,1944.0,91.0,119.0,76.5,132.0,170.0,77.6,21.0,49.0,42.9,0.0,0.4,0.2,3.0,20.0,2.0,0.0,26.0,348.0,310.0,36.0,9.0,1.0,1.0,13.0,14.0,4.0,4.0,0.0,0.0,247.0,2.0,3.0,6.0,5.0,0.0,1.0,0.0,0.0,0.0,0.0,0.0,0.0,0.0,0.0,0.0,0.0,22.0,16.0,12.0,9.0,1.0,11.0,18.0,61.1,7.0,16.0,3.0,13.0,17.0,39.0,17.0,0.0,43.0,469.0,56.0,224.0,168.0,84.0,12.0,469.0,20.0,7.0,35.0,13.0,65.0,240.0,1221.0,588.0,11.0,4.0,7.0,18.0,4.0,244.0,26.0,4.0,0.0,0.0,16.0,7.0,2.0,13.0,17.0,16.0,0.0,0.0,0.0,69.0,6.0,4.0,60.0
2023-10-07,15:00,D1 Fém,Matchweek 3,Sat,Away,L,1.0,3.0,Guingamp,Montpellier,0.5,1.4,49.0,135.0,Sarah Cambot,4-4-2,Victoria Beyer,7.0,3.0,42.9,0.14,0.33,23.4,0.0,0.0,0.0,0.5,0.5,0.07,0.5,0.5,5.0,2.0,40.0,0.0,0.9,-2.1,0.0,0.0,0.0,0.0,2.0,7.0,28.6,30.0,6.0,10.0,24.4,12.0,33.3,26.2,22.0,2.0,9.1,0.0,3.8,262.0,354.0,74.0,4385.0,2033.0,113.0,141.0,80.1,114.0,140.0,81.4,25.0,48.0,52.1,0.0,0.2,0.3,6.0,13.0,2.0,2.0,19.0,354.0,290.0,63.0,20.0,0.0,1.0,14.0,25.0,2.0,0.0,2.0,0.0,262.0,1.0,10.0,11.0,8.0,3.0,0.0,0.0,0.0,0.0,0.0,0.0,0.0,0.0,0.0,0.0,0.0,17.0,11.0,12.0,3.0,2.0,8.0,19.0,42.1,11.0,12.0,4.0,8.0,6.0,23.0,23.0,1.0,49.0,459.0,81.0,228.0,150.0,85.0,6.0,459.0,17.0,4.0,23.5,13.0,76.5,282.0,1300.0,660.0,7.0,12.0,1.0,19.0,12.0,259.0,18.0,5.0,0.0,0.0,15.0,17.0,1.0,14.0,6.0,11.0,0.0,0.0,0.0,48.0,5.0,10.0,33.3,17.0,5.0,29.4,0.18,0.6,19.1,0.0,0.0,0.0,1.4,1.4,0.08,1.6,1.6,3.0,2.0,66.7,0.0,0.8,-0.2,0.0,0.0,0.0,0.0,2.0,3.0,66.7,17.0,4.0,11.8,24.9,6.0,16.7,36.2,12.0,0.0,0.0,0.0,11.5,267.0,371.0,72.0,5367.0,2449.0,87.0,108.0,80.6,137.0,181.0,75.7,40.0,65.0,61.5,2.0,1.1,1.2,11.0,24.0,9.0,3.0,37.0,371.0,318.0,50.0,15.0,0.0,1.0,29.0,19.0,8.0,5.0,2.0,0.0,267.0,3.0,9.0,25.0,18.0,0.0,2.0,3.0,1.0,1.0,3.0,2.0,0.0,0.0,0.0,0.0,1.0,25.0,19.0,9.0,11.0,5.0,13.0,17.0,76.5,4.0,11.0,2.0,9.0,7.0,32.0,11.0,1.0,51.0,481.0,37.0,170.0,170.0,144.0,27.0,480.0,19.0,11.0,57.9,8.0,42.1,244.0,1146.0,607.0,17.0,13.0,5.0,25.0,9.0,261.0,37.0,2.0,0.0,0.0,17.0,13.0,3.0,29.0,7.0,19.0,0.0,0.0,0.0,61.0,10.0,5.0,66.7
2023-10-14,15:00,D1 Fém,Matchweek 4,Sat,Away,L,0.0,2.0,Guingamp,Paris FC,0.1,2.0,38.0,652.0,Sarah Cambot,4-4-2,Émeline Rochebilière,3.0,1.0,33.3,0.0,0.0,23.5,0.0,0.0,0.0,0.1,0.1,0.03,-0.1,-0.1,13.0,11.0,92.3,0.0,2.7,0.7,1.0,1.0,0.0,0.0,5.0,11.0,45.5,30.0,11.0,23.3,30.2,15.0,26.7,31.8,27.0,3.0,11.1,1.0,12.6,204.0,305.0,66.9,3701.0,1774.0,81.0,112.0,72.3,87.0,114.0,76.3,24.0,55.0,43.6,0.0,0.0,0.1,1.0,12.0,2.0,1.0,13.0,305.0,246.0,57.0,10.0,0.0,2.0,4.0,29.0,0.0,0.0,0.0,0.0,204.0,2.0,8.0,6.0,3.0,1.0,0.0,0.0,1.0,1.0,0.0,0.0,0.0,0.0,0.0,0.0,0.0,21.0,16.0,10.0,9.0,2.0,9.0,16.0,56.3,7.0,7.0,1.0,6.0,22.0,43.0,16.0,0.0,38.0,432.0,82.0,212.0,171.0,56.0,5.0,432.0,17.0,6.0,35.3,11.0,64.7,173.0,1004.0,373.0,0.0,2.0,1.0,20.0,19.0,203.0,13.0,2.0,0.0,0.0,11.0,9.0,2.0,4.0,22.0,16.0,0.0,1.0,0.0,52.0,5.0,15.0,25.0,22.0,12.0,54.5,0.05,0.08,21.0,2.0,1.0,1.0,2.0,1.2,0.05,0.0,-0.2,1.0,1.0,100.0,1.0,0.0,0.0,0.0,0.0,0.0,0.0,1.0,4.0,25.0,28.0,4.0,14.3,29.2,0.0,,,4.0,0.0,0.0,0.0,12.0,389.0,503.0,77.3,7621.0,3164.0,126.0,161.0,78.3,206.0,240.0,85.8,48.0,79.0,60.8,0.0,0.8,1.0,14.0,35.0,12.0,4.0,43.0,503.0,444.0,58.0,10.0,1.0,0.0,30.0,40.0,8.0,8.0,0.0,0.0,389.0,1.0,7.0,35.0,27.0,2.0,1.0,1.0,3.0,1.0,4.0,1.0,0.0,0.0,0.0,2.0,1.0,30.0,24.0,9.0,17.0,4.0,11.0,17.0,64.7,6.0,10.0,2.0,8.0,10.0,40.0,3.0,0.0,62.0,606.0,33.0,177.0,269.0,167.0,24.0,605.0,16.0,7.0,43.8,9.0,56.3,312.0,1615.0,752.0,18.0,9.0,4.0,18.0,12.0,381.0,43.0,0.0,0.0,0.0,9.0,11.0,1.0,30.0,10.0,24.0,1.0,0.0,0.0,68.0,15.0,5.0,75.0
2023-10-21,15:00,D1 Fém,Matchweek 5,Sat,Home,W,1.0,0.0,Guingamp,Bordeaux,0.9,0.7,51.0,420.0,Sarah Cambot,4-4-2,Charlène Laur,13.0,3.0,23.1,0.08,0.33,22.4,2.0,0.0,0.0,0.9,0.9,0.07,0.1,0.1,3.0,2.0,100.0,1.0,0.4,0.4,0.0,0.0,0.0,0.0,4.0,10.0,40.0,35.0,2.0,20.0,27.3,7.0,42.9,38.0,14.0,4.0,28.6,0.0,3.4,272.0,405.0,67.2,5257.0,2328.0,100.0,135.0,74.1,132.0,176.0,75.0,37.0,78.0,47.4,1.0,0.7,0.4,10.0,20.0,4.0,2.0,23.0,405.0,339.0,64.0,9.0,0.0,1.0,13.0,44.0,3.0,1.0,1.0,0.0,272.0,2.0,4.0,24.0,13.0,5.0,1.0,1.0,4.0,0.0,2.0,1.0,0.0,1.0,0.0,0.0,0.0,10.0,8.0,5.0,4.0,1.0,2.0,8.0,25.0,6.0,6.0,3.0,3.0,14.0,24.0,24.0,0.0,51.0,504.0,70.0,234.0,180.0,96.0,10.0,504.0,12.0,8.0,66.7,4.0,33.3,234.0,1281.0,661.0,8.0,6.0,1.0,14.0,9.0,266.0,23.0,3.0,1.0,1.0,14.0,11.0,2.0,13.0,14.0,8.0,0.0,0.0,0.0,51.0,5.0,11.0,31.3,14.0,3.0,21.4,0.0,0.0,19.3,0.0,0.0,0.0,0.7,0.7,0.05,-0.7,-0.7,3.0,2.0,66.7,0.0,0.6,-0.4,0.0,0.0,0.0,0.0,1.0,18.0,5.6,32.0,5.0,37.5,35.3,7.0,85.7,47.6,11.0,2.0,18.2,0.0,7.4,242.0,386.0,62.7,5622.0,2327.0,35.0,72.0,48.6,161.0,203.0,79.3,45.0,107.0,42.1,0.0,0.5,0.4,8.0,23.0,1.0,0.0,22.0,386.0,325.0,61.0,16.0,0.0,2.0,15.0,29.0,7.0,4.0,2.0,0.0,242.0,0.0,4.0,21.0,11.0,5.0,4.0,0.0,1.0,0.0,0.0,0.0,0.0,0.0,0.0,0.0,0.0,13.0,11.0,7.0,4.0,2.0,4.0,12.0,33.3,8.0,7.0,2.0,5.0,10.0,23.0,16.0,0.0,49.0,473.0,47.0,205.0,169.0,101.0,14.0,473.0,8.0,6.0,75.0,2.0,25.0,171.0,904.0,323.0,7.0,2.0,3.0,6.0,8.0,238.0,22.0,3.0,0.0,0.0,11.0,14.0,0.0,15.0,10.0,11.0,0.0,0.0,0.0,63.0,11.0,5.0,68.8
2023-11-11,15:00,D1 Fém,Matchweek 7,Sat,Home,W,4.0,3.0,Guingamp,Lille,2.7,2.4,42.0,514.0,Sarah Cambot,4-4-2,Audrey Gerbel,15.0,6.0,40.0,0.27,0.67,14.2,0.0,0.0,0.0,2.7,2.7,0.19,1.3,1.3,5.0,2.0,80.0,0.0,2.9,-0.1,2.0,2.0,0.0,0.0,5.0,12.0,41.7,24.0,2.0,29.2,32.6,7.0,71.4,43.7,14.0,1.0,7.1,0.0,9.5,249.0,371.0,67.1,5600.0,2338.0,58.0,85.0,68.2,147.0,173.0,85.0,44.0,96.0,45.8,3.0,2.2,1.7,11.0,20.0,5.0,3.0,18.0,371.0,313.0,56.0,10.0,3.0,1.0,16.0,31.0,4.0,2.0,2.0,0.0,249.0,2.0,9.0,25.0,16.0,4.0,1.0,4.0,0.0,0.0,6.0,4.0,1.0,0.0,1.0,0.0,0.0,17.0,13.0,8.0,6.0,3.0,6.0,14.0,42.9,8.0,13.0,3.0,10.0,25.0,42.0,8.0,1.0,42.0,488.0,55.0,248.0,146.0,102.0,17.0,488.0,8.0,5.0,62.5,3.0,37.5,266.0,1208.0,507.0,6.0,3.0,0.0,19.0,6.0,240.0,18.0,1.0,0.0,0.0,7.0,9.0,2.0,16.0,25.0,13.0,0.0,2.0,0.0,63.0,5.0,5.0,50.0,10.0,3.0,30.0,0.1,0.33,24.5,1.0,2.0,2.0,2.4,0.8,0.08,0.6,0.2,6.0,2.0,33.3,0.0,2.9,-1.1,0.0,0.0,0.0,0.0,1.0,3.0,33.3,17.0,2.0,0.0,23.2,6.0,50.0,35.3,14.0,0.0,0.0,1.0,13.5,372.0,506.0,73.5,6658.0,2801.0,154.0,193.0,79.8,173.0,215.0,80.5,36.0,74.0,48.6,1.0,0.6,1.2,6.0,28.0,9.0,1.0,35.0,506.0,447.0,59.0,6.0,0.0,0.0,18.0,39.0,3.0,0.0,0.0,3.0,372.0,0.0,10.0,17.0,10.0,1.0,1.0,1.0,3.0,1.0,6.0,3.0,0.0,0.0,1.0,2.0,0.0,9.0,6.0,5.0,4.0,0.0,3.0,8.0,37.5,5.0,14.0,5.0,9.0,16.0,25.0,10.0,1.0,58.0,598.0,39.0,212.0,247.0,146.0,15.0,596.0,14.0,8.0,57.1,6.0,42.9,268.0,1039.0,452.0,7.0,7.0,3.0,12.0,11.0,370.0,35.0,1.0,0.0,0.0,10.0,7.0,0.0,18.0,16.0,6.0,2.0,0.0,0.0,71.0,5.0,5.0,50.0
2023-11-18,14:30,D1 Fém,Matchweek 8,Sat,Away,L,0.0,2.0,Guingamp,Le Havre,0.2,2.3,47.0,744.0,Sarah Cambot,4-4-2,Céline Jeannot,4.0,4.0,100.0,0.0,0.0,19.1,0.0,0.0,0.0,0.2,0.2,0.04,-0.2,-0.2,9.0,7.0,88.9,0.0,2.2,0.2,1.0,1.0,0.0,0.0,0.0,1.0,0.0,38.0,8.0,2.6,22.1,11.0,0.0,17.8,20.0,0.0,0.0,0.0,12.0,272.0,408.0,66.7,5401.0,2314.0,75.0,112.0,67.0,165.0,214.0,77.1,30.0,67.0,44.8,0.0,0.2,0.1,4.0,13.0,2.0,1.0,15.0,408.0,353.0,54.0,15.0,0.0,0.0,8.0,24.0,1.0,0.0,1.0,0.0,272.0,1.0,12.0,7.0,5.0,2.0,0.0,0.0,0.0,0.0,0.0,0.0,0.0,0.0,0.0,0.0,0.0,19.0,13.0,13.0,4.0,2.0,9.0,15.0,60.0,6.0,16.0,3.0,13.0,14.0,33.0,18.0,0.0,47.0,501.0,100.0,267.0,169.0,67.0,4.0,501.0,11.0,3.0,27.3,8.0,72.7,226.0,1003.0,421.0,6.0,4.0,0.0,6.0,12.0,268.0,15.0,2.0,0.0,0.0,9.0,11.0,1.0,8.0,14.0,13.0,0.0,1.0,0.0,55.0,13.0,9.0,59.1,21.0,8.0,38.1,0.05,0.13,16.2,0.0,1.0,1.0,2.3,1.5,0.07,-0.3,-0.5,4.0,4.0,100.0,1.0,0.3,0.3,0.0,0.0,0.0,0.0,7.0,24.0,29.2,37.0,3.0,56.8,38.3,5.0,60.0,40.4,6.0,0.0,0.0,4.0,29.4,340.0,461.0,73.8,6429.0,2780.0,130.0,159.0,81.8,170.0,201.0,84.6,38.0,85.0,44.7,0.0,1.2,1.4,17.0,32.0,10.0,3.0,47.0,461.0,399.0,59.0,9.0,1.0,1.0,21.0,35.0,9.0,2.0,6.0,0.0,340.0,3.0,11.0,34.0,23.0,6.0,0.0,3.0,2.0,0.0,3.0,1.0,0.0,0.0,1.0,1.0,0.0,20.0,13.0,4.0,13.0,3.0,8.0,11.0,72.7,3.0,13.0,0.0,13.0,20.0,40.0,7.0,0.0,53.0,567.0,38.0,165.0,259.0,150.0,34.0,566.0,15.0,6.0,40.0,9.0,60.0,259.0,1396.0,552.0,15.0,10.0,7.0,18.0,10.0,333.0,43.0,2.0,0.0,0.0,11.0,8.0,3.0,21.0,20.0,13.0,1.0,0.0,0.0,68.0,9.0,12.0,42.9
2023-11-26,21:00,D1 Fém,Matchweek 9,Sun,Home,L,1.0,5.0,Guingamp,Lyon,0.1,4.0,34.0,2230.0,Sarah Cambot,5-4-1,Émeline Rochebilière,1.0,1.0,100.0,1.0,1.0,24.6,1.0,0.0,0.0,0.1,0.1,0.14,0.9,0.9,17.0,13.0,70.6,0.0,4.1,0.1,0.0,0.0,0.0,0.0,2.0,11.0,18.2,27.0,6.0,25.9,29.1,12.0,41.7,31.0,41.0,5.0,12.2,0.0,8.4,241.0,342.0,70.5,3729.0,1660.0,110.0,140.0,78.6,86.0,110.0,78.2,22.0,48.0,45.8,0.0,0.0,0.1,0.0,6.0,1.0,0.0,7.0,342.0,286.0,55.0,14.0,0.0,1.0,3.0,24.0,0.0,0.0,0.0,0.0,241.0,1.0,11.0,1.0,1.0,0.0,0.0,0.0,0.0,0.0,1.0,1.0,0.0,0.0,0.0,0.0,0.0,12.0,5.0,11.0,1.0,0.0,5.0,13.0,38.5,8.0,13.0,5.0,8.0,14.0,26.0,50.0,2.0,34.0,510.0,143.0,352.0,136.0,23.0,1.0,510.0,8.0,2.0,25.0,6.0,75.0,186.0,825.0,361.0,5.0,4.0,0.0,35.0,7.0,240.0,7.0,1.0,0.0,0.0,7.0,9.0,1.0,3.0,14.0,5.0,0.0,0.0,1.0,43.0,11.0,20.0,35.5,31.0,17.0,54.8,0.13,0.24,14.8,1.0,0.0,0.0,4.0,4.0,0.14,0.0,0.0,1.0,0.0,0.0,0.0,0.4,-0.6,0.0,0.0,0.0,0.0,1.0,1.0,100.0,7.0,0.0,0.0,18.0,1.0,100.0,41.0,1.0,0.0,0.0,1.0,68.0,534.0,661.0,80.8,9172.0,3001.0,269.0,314.0,85.7,203.0,248.0,81.9,52.0,75.0,69.3,2.0,3.1,3.5,21.0,66.0,28.0,8.0,98.0,661.0,605.0,54.0,7.0,1.0,3.0,51.0,27.0,17.0,15.0,0.0,0.0,534.0,2.0,9.0,51.0,35.0,7.0,1.0,6.0,2.0,0.0,6.0,4.0,0.0,0.0,2.0,0.0,0.0,13.0,3.0,1.0,2.0,10.0,6.0,8.0,75.0,2.0,11.0,0.0,11.0,15.0,28.0,3.0,0.0,66.0,778.0,5.0,36.0,326.0,420.0,61.0,778.0,13.0,8.0,61.5,5.0,38.5,489.0,2062.0,1142.0,28.0,28.0,4.0,28.0,7.0,530.0,97.0,1.0,0.0,0.0,12.0,7.0,2.0,51.0,15.0,3.0,0.0,0.0,0.0,67.0,20.0,11.0,64.5
2023-12-09,13:00,D1 Fém,Matchweek 10,Sat,Away,L,1.0,2.0,Guingamp,Saint-Étienne,0.7,1.4,55.0,117.0,Sarah Cambot,4-4-2,Audrey Gerbel,8.0,5.0,62.5,0.13,0.2,19.4,0.0,0.0,0.0,0.7,0.7,0.09,0.3,0.3,4.0,2.0,50.0,0.0,1.1,-0.9,0.0,0.0,0.0,0.0,1.0,1.0,100.0,27.0,15.0,3.7,22.3,5.0,0.0,21.0,11.0,1.0,9.1,0.0,6.0,364.0,484.0,75.2,7622.0,3313.0,96.0,128.0,75.0,213.0,249.0,85.5,54.0,95.0,56.8,1.0,0.7,0.8,8.0,34.0,9.0,2.0,41.0,484.0,431.0,50.0,9.0,3.0,0.0,21.0,27.0,6.0,0.0,0.0,5.0,364.0,3.0,9.0,16.0,12.0,2.0,1.0,1.0,0.0,0.0,2.0,2.0,0.0,0.0,0.0,0.0,0.0,16.0,9.0,6.0,7.0,3.0,6.0,14.0,42.9,8.0,9.0,1.0,8.0,8.0,24.0,14.0,0.0,55.0,567.0,50.0,200.0,258.0,112.0,13.0,567.0,16.0,8.0,50.0,8.0,50.0,326.0,1780.0,1018.0,15.0,9.0,1.0,18.0,6.0,357.0,41.0,2.0,0.0,0.0,13.0,8.0,3.0,21.0,8.0,9.0,0.0,0.0,0.0,55.0,1.0,5.0,16.7,7.0,4.0,57.1,0.29,0.5,21.5,0.0,0.0,0.0,1.4,1.4,0.2,0.6,0.6,5.0,4.0,80.0,0.0,1.3,0.3,0.0,0.0,0.0,0.0,4.0,16.0,25.0,30.0,5.0,36.7,32.6,7.0,71.4,44.1,17.0,3.0,17.6,0.0,8.4,273.0,390.0,70.0,4997.0,2677.0,102.0,118.0,86.4,134.0,167.0,80.2,28.0,82.0,34.1,2.0,1.4,1.4,5.0,22.0,7.0,1.0,32.0,390.0,339.0,50.0,16.0,2.0,0.0,17.0,21.0,4.0,0.0,0.0,4.0,273.0,1.0,10.0,11.0,9.0,0.0,2.0,0.0,0.0,0.0,4.0,4.0,0.0,0.0,0.0,0.0,0.0,14.0,11.0,7.0,7.0,0.0,8.0,16.0,50.0,8.0,8.0,1.0,7.0,9.0,23.0,12.0,0.0,45.0,474.0,62.0,206.0,188.0,88.0,15.0,474.0,14.0,8.0,57.1,6.0,42.9,239.0,1312.0,556.0,13.0,7.0,4.0,16.0,10.0,269.0,32.0,1.0,0.0,0.0,9.0,12.0,1.0,17.0,9.0,11.0,0.0,0.0,0.0,58.0,5.0,1.0,83.3
2023-12-16,14:00,D1 Fém,Matchweek 11,Sat,Home,D,1.0,1.0,Guingamp,Dijon,1.0,0.5,50.0,456.0,Sarah Cambot,4-4-2,Aurélie Efe,11.0,2.0,18.2,0.09,0.5,18.3,0.0,0.0,0.0,1.0,1.0,0.1,0.0,0.0,2.0,2.0,50.0,0.0,0.1,0.1,0.0,0.0,0.0,0.0,0.0,4.0,0.0,37.0,8.0,8.1,26.5,5.0,20.0,26.8,19.0,3.0,15.8,0.0,9.4,261.0,389.0,67.1,5315.0,2289.0,80.0,106.0,75.5,129.0,173.0,74.6,45.0,89.0,50.6,1.0,0.7,0.5,6.0,12.0,4.0,2.0,20.0,389.0,316.0,71.0,17.0,0.0,1.0,15.0,41.0,6.0,5.0,1.0,0.0,261.0,2.0,12.0,16.0,8.0,2.0,1.0,2.0,2.0,1.0,2.0,1.0,0.0,0.0,0.0,0.0,1.0,16.0,9.0,8.0,1.0,7.0,9.0,14.0,64.3,5.0,10.0,1.0,9.0,8.0,24.0,21.0,1.0,50.0,495.0,66.0,211.0,172.0,118.0,18.0,495.0,17.0,12.0,70.6,5.0,29.4,244.0,1258.0,608.0,11.0,7.0,4.0,20.0,7.0,258.0,18.0,2.0,0.0,0.0,12.0,12.0,2.0,15.0,8.0,9.0,0.0,0.0,1.0,50.0,5.0,6.0,45.5,8.0,2.0,25.0,0.0,0.0,16.4,0.0,0.0,0.0,0.5,0.5,0.07,-0.5,-0.5,2.0,1.0,50.0,0.0,0.5,-0.5,0.0,0.0,0.0,0.0,9.0,13.0,69.2,21.0,0.0,47.6,40.7,7.0,42.9,35.3,13.0,1.0,7.7,0.0,10.0,266.0,392.0,67.9,5469.0,2685.0,103.0,130.0,79.2,112.0,148.0,75.7,46.0,95.0,48.4,0.0,0.4,1.0,5.0,38.0,5.0,0.0,34.0,392.0,332.0,56.0,14.0,0.0,1.0,20.0,25.0,8.0,5.0,2.0,0.0,266.0,4.0,9.0,13.0,6.0,3.0,1.0,1.0,2.0,0.0,0.0,0.0,0.0,0.0,0.0,0.0,0.0,12.0,8.0,5.0,5.0,2.0,5.0,17.0,29.4,12.0,11.0,1.0,10.0,16.0,28.0,19.0,1.0,50.0,510.0,52.0,185.0,194.0,137.0,13.0,510.0,14.0,5.0,35.7,9.0,64.3,293.0,1623.0,493.0,5.0,8.0,0.0,23.0,7.0,265.0,33.0,2.0,0.0,0.0,13.0,12.0,4.0,20.0,16.0,8.0,0.0,0.0,0.0,52.0,6.0,5.0,54.5
2024-01-10,18:30,D1 Fém,Matchweek 12,Wed,Home,L,0.0,1.0,Guingamp,Montpellier,0.7,0.9,40.0,285.0,Sarah Cambot,3-4-1-2,Céline Jeannot,9.0,5.0,55.6,0.0,0.0,21.5,1.0,0.0,0.0,0.7,0.7,0.08,-0.7,-0.7,5.0,4.0,80.0,0.0,1.7,0.7,0.0,0.0,0.0,0.0,0.0,1.0,0.0,28.0,5.0,0.0,21.3,5.0,20.0,20.8,20.0,1.0,5.0,0.0,13.8,260.0,366.0,71.0,4559.0,1992.0,114.0,142.0,80.3,116.0,144.0,80.6,25.0,59.0,42.4,0.0,0.6,0.4,7.0,24.0,5.0,1.0,26.0,366.0,315.0,50.0,16.0,0.0,0.0,18.0,25.0,2.0,0.0,1.0,1.0,260.0,1.0,11.0,16.0,12.0,2.0,1.0,0.0,1.0,0.0,0.0,0.0,0.0,0.0,0.0,0.0,0.0,10.0,8.0,5.0,4.0,1.0,4.0,14.0,28.6,10.0,10.0,2.0,8.0,13.0,23.0,28.0,0.0,40.0,482.0,78.0,243.0,155.0,95.0,8.0,482.0,13.0,9.0,69.2,4.0,30.8,222.0,1647.0,859.0,16.0,7.0,2.0,25.0,8.0,257.0,25.0,3.0,1.0,1.0,11.0,12.0,1.0,18.0,13.0,8.0,0.0,0.0,0.0,62.0,4.0,4.0,50.0,11.0,5.0,45.5,0.09,0.2,21.8,3.0,0.0,0.0,0.9,0.9,0.08,0.1,0.1,5.0,5.0,100.0,1.0,0.5,0.5,0.0,0.0,0.0,0.0,2.0,4.0,50.0,26.0,8.0,15.4,27.0,2.0,0.0,15.5,12.0,3.0,25.0,1.0,11.3,429.0,544.0,78.9,7490.0,2891.0,186.0,225.0,82.7,188.0,220.0,85.5,39.0,62.0,62.9,0.0,0.7,0.6,8.0,47.0,10.0,1.0,49.0,544.0,485.0,56.0,9.0,0.0,2.0,27.0,35.0,9.0,6.0,0.0,1.0,429.0,3.0,16.0,22.0,16.0,2.0,0.0,0.0,4.0,0.0,2.0,1.0,0.0,0.0,0.0,1.0,0.0,12.0,9.0,1.0,6.0,5.0,4.0,13.0,30.8,9.0,10.0,2.0,8.0,9.0,21.0,20.0,0.0,60.0,653.0,44.0,194.0,294.0,170.0,19.0,653.0,14.0,10.0,71.4,4.0,28.6,371.0,1900.0,905.0,16.0,15.0,3.0,25.0,6.0,423.0,47.0,4.0,1.0,1.0,14.0,10.0,3.0,27.0,9.0,9.0,0.0,0.0,0.0,58.0,4.0,4.0,50.0
2024-01-20,14:30,D1 Fém,Matchweek 13,Sat,Away,L,0.0,1.0,Guingamp,Stade de Reims,1.0,2.1,53.0,50.0,Sarah Cambot,4-2-3-1,Aurélie Efe,12.0,2.0,16.7,0.0,0.0,18.9,0.0,0.0,0.0,1.0,1.0,0.09,-1.0,-1.0,7.0,6.0,100.0,0.0,1.7,0.7,1.0,1.0,0.0,0.0,0.0,1.0,0.0,19.0,3.0,5.3,21.6,12.0,0.0,21.3,25.0,2.0,8.0,0.0,7.3,247.0,373.0,66.2,4209.0,1961.0,111.0,142.0,78.2,110.0,143.0,76.9,21.0,49.0,42.9,0.0,0.8,0.7,9.0,22.0,4.0,4.0,27.0,373.0,307.0,65.0,13.0,0.0,0.0,25.0,30.0,8.0,4.0,4.0,0.0,247.0,1.0,24.0,17.0,12.0,2.0,0.0,2.0,0.0,1.0,0.0,0.0,0.0,0.0,0.0,0.0,0.0,32.0,16.0,17.0,8.0,7.0,17.0,30.0,56.7,13.0,13.0,4.0,9.0,14.0,46.0,24.0,1.0,53.0,531.0,86.0,230.0,170.0,134.0,11.0,531.0,15.0,7.0,46.7,8.0,53.3,239.0,1371.0,678.0,6.0,8.0,0.0,24.0,14.0,244.0,27.0,3.0,0.0,0.0,16.0,11.0,1.0,25.0,14.0,16.0,0.0,1.0,0.0,50.0,18.0,14.0,56.3,17.0,6.0,35.3,0.0,0.0,16.5,0.0,1.0,1.0,2.1,1.3,0.08,-1.1,-1.3,2.0,2.0,100.0,1.0,0.6,0.6,0.0,0.0,0.0,0.0,1.0,1.0,100.0,9.0,4.0,11.1,25.1,8.0,0.0,13.5,20.0,1.0,5.0,1.0,11.3,215.0,325.0,66.2,3786.0,1950.0,97.0,128.0,75.8,90.0,120.0,75.0,22.0,50.0,44.0,0.0,1.2,1.9,13.0,20.0,9.0,4.0,27.0,325.0,265.0,59.0,15.0,1.0,0.0,28.0,26.0,9.0,3.0,5.0,0.0,215.0,1.0,10.0,28.0,19.0,2.0,1.0,3.0,2.0,1.0,2.0,1.0,0.0,0.0,0.0,1.0,0.0,22.0,16.0,9.0,6.0,7.0,8.0,15.0,53.3,7.0,22.0,4.0,18.0,12.0,34.0,17.0,1.0,47.0,493.0,46.0,160.0,146.0,194.0,38.0,492.0,30.0,13.0,43.3,17.0,56.7,207.0,1150.0,568.0,15.0,8.0,7.0,31.0,15.0,211.0,27.0,1.0,0.0,0.0,11.0,15.0,1.0,28.0,12.0,16.0,1.0,0.0,0.0,55.0,14.0,18.0,43.8
2024-02-03,14:30,D1 Fém,Matchweek 14,Sat,Away,D,1.0,1.0,Guingamp,Bordeaux,0.4,2.2,38.0,748.0,Sarah Cambot,5-4-1,Charlène Laur,4.0,1.0,25.0,0.25,1.0,13.8,0.0,0.0,0.0,0.4,0.4,0.11,0.6,0.6,5.0,4.0,80.0,0.0,2.3,1.3,0.0,0.0,0.0,0.0,5.0,16.0,31.3,20.0,2.0,40.0,35.2,10.0,80.0,42.6,15.0,2.0,13.3,1.0,13.2,156.0,294.0,53.1,3514.0,1868.0,38.0,65.0,58.5,87.0,131.0,66.4,31.0,84.0,36.9,1.0,0.4,0.4,3.0,15.0,2.0,0.0,19.0,294.0,236.0,54.0,12.0,0.0,1.0,10.0,27.0,3.0,2.0,1.0,0.0,156.0,4.0,13.0,7.0,2.0,2.0,0.0,1.0,2.0,0.0,2.0,0.0,1.0,0.0,0.0,1.0,0.0,21.0,11.0,11.0,10.0,0.0,13.0,22.0,59.1,9.0,14.0,3.0,11.0,11.0,32.0,11.0,0.0,38.0,399.0,48.0,166.0,178.0,63.0,11.0,399.0,18.0,7.0,38.9,11.0,61.1,122.0,817.0,371.0,9.0,3.0,4.0,15.0,16.0,148.0,17.0,2.0,0.0,0.0,10.0,10.0,4.0,10.0,11.0,11.0,0.0,0.0,0.0,48.0,9.0,13.0,40.9,15.0,5.0,33.3,0.07,0.2,17.0,0.0,0.0,0.0,2.2,2.2,0.15,-1.2,-1.2,1.0,0.0,0.0,0.0,0.8,-0.2,0.0,0.0,0.0,0.0,3.0,6.0,50.0,32.0,4.0,6.3,22.3,6.0,66.7,39.2,11.0,3.0,27.3,3.0,13.8,337.0,473.0,71.2,6391.0,2759.0,116.0,161.0,72.0,188.0,235.0,80.0,32.0,72.0,44.4,1.0,2.2,1.3,12.0,28.0,7.0,1.0,41.0,473.0,413.0,59.0,14.0,0.0,0.0,16.0,32.0,5.0,2.0,2.0,0.0,337.0,1.0,12.0,25.0,19.0,1.0,2.0,2.0,1.0,0.0,1.0,0.0,0.0,0.0,1.0,0.0,0.0,29.0,18.0,6.0,19.0,4.0,13.0,20.0,65.0,7.0,14.0,1.0,13.0,12.0,41.0,13.0,0.0,62.0,603.0,41.0,200.0,274.0,141.0,18.0,603.0,22.0,9.0,40.9,13.0,59.1,297.0,1761.0,788.0,15.0,18.0,4.0,27.0,8.0,334.0,39.0,1.0,0.0,0.0,11.0,10.0,1.0,16.0,12.0,18.0,0.0,0.0,0.0,63.0,13.0,9.0,59.1
2024-02-10,14:30,D1 Fém,Matchweek 15,Sat,Home,W,3.0,1.0,Guingamp,Fleury,1.8,1.6,35.0,344.0,Sarah Cambot,4-4-2,Romy Fournier,10.0,5.0,50.0,0.2,0.4,20.1,1.0,1.0,1.0,1.8,1.1,0.11,1.2,0.9,5.0,4.0,80.0,0.0,2.2,1.2,0.0,0.0,0.0,0.0,9.0,23.0,39.1,17.0,4.0,64.7,41.4,13.0,92.3,46.5,23.0,1.0,4.3,0.0,7.0,155.0,270.0,57.4,3205.0,1805.0,47.0,66.0,71.2,86.0,125.0,68.8,21.0,70.0,30.0,1.0,0.9,1.1,5.0,14.0,2.0,0.0,22.0,270.0,208.0,61.0,15.0,0.0,2.0,8.0,30.0,2.0,2.0,0.0,0.0,155.0,1.0,6.0,17.0,12.0,1.0,0.0,2.0,2.0,0.0,5.0,3.0,0.0,0.0,1.0,1.0,0.0,7.0,5.0,6.0,1.0,0.0,2.0,10.0,20.0,8.0,14.0,8.0,6.0,4.0,11.0,31.0,0.0,35.0,372.0,79.0,175.0,124.0,76.0,13.0,371.0,2.0,1.0,50.0,1.0,50.0,112.0,643.0,338.0,7.0,9.0,3.0,22.0,6.0,150.0,21.0,5.0,0.0,0.0,18.0,9.0,0.0,8.0,4.0,5.0,0.0,0.0,0.0,39.0,8.0,6.0,57.1,23.0,5.0,21.7,0.04,0.2,17.3,2.0,0.0,0.0,1.6,1.6,0.07,-0.6,-0.6,6.0,3.0,66.7,0.0,2.3,-0.7,1.0,1.0,0.0,0.0,0.0,1.0,0.0,19.0,5.0,5.3,24.1,4.0,0.0,19.0,6.0,0.0,0.0,0.0,,385.0,512.0,75.2,7338.0,2786.0,154.0,182.0,84.6,183.0,220.0,83.2,45.0,94.0,47.9,1.0,1.0,1.1,15.0,41.0,7.0,4.0,52.0,512.0,440.0,66.0,17.0,0.0,4.0,25.0,34.0,7.0,6.0,0.0,0.0,385.0,6.0,8.0,41.0,32.0,1.0,2.0,4.0,2.0,0.0,2.0,2.0,0.0,0.0,0.0,0.0,0.0,7.0,6.0,3.0,4.0,0.0,1.0,2.0,50.0,1.0,8.0,3.0,5.0,5.0,12.0,3.0,0.0,65.0,593.0,37.0,180.0,215.0,201.0,34.0,593.0,11.0,9.0,81.8,2.0,18.2,314.0,1699.0,892.0,15.0,2.0,9.0,17.0,5.0,379.0,51.0,3.0,0.0,0.0,10.0,16.0,6.0,25.0,5.0,6.0,0.0,1.0,0.0,35.0,6.0,8.0,42.9
2024-02-17,14:30,D1 Fém,Matchweek 6,Sat,Away,L,0.0,5.0,Guingamp,Paris S-G,0.2,3.0,28.0,712.0,Sarah Cambot,3-5-2,Aurélie Efe,3.0,1.0,33.3,0.0,0.0,11.4,0.0,0.0,0.0,0.2,0.2,0.05,-0.2,-0.2,9.0,5.0,44.4,0.0,2.1,-1.9,0.0,0.0,0.0,0.0,6.0,24.0,25.0,28.0,3.0,53.6,42.4,11.0,81.8,41.7,21.0,0.0,0.0,0.0,6.0,162.0,250.0,64.8,3331.0,1554.0,56.0,75.0,74.7,74.0,94.0,78.7,30.0,76.0,39.5,0.0,0.2,0.2,3.0,10.0,2.0,1.0,11.0,250.0,204.0,46.0,13.0,0.0,1.0,10.0,17.0,2.0,0.0,2.0,0.0,162.0,0.0,4.0,5.0,1.0,2.0,0.0,1.0,1.0,0.0,0.0,0.0,0.0,0.0,0.0,0.0,0.0,15.0,11.0,6.0,7.0,2.0,10.0,23.0,43.5,13.0,11.0,5.0,6.0,6.0,21.0,26.0,0.0,28.0,342.0,79.0,167.0,111.0,65.0,7.0,342.0,3.0,0.0,0.0,3.0,100.0,124.0,764.0,273.0,2.0,4.0,1.0,18.0,9.0,156.0,11.0,0.0,0.0,0.0,7.0,10.0,0.0,10.0,6.0,11.0,0.0,0.0,1.0,46.0,7.0,7.0,50.0,23.0,9.0,39.1,0.17,0.44,15.4,0.0,0.0,0.0,3.0,3.0,0.13,1.0,1.0,1.0,1.0,100.0,1.0,0.1,0.1,0.0,0.0,0.0,0.0,3.0,5.0,60.0,25.0,4.0,20.0,26.8,4.0,0.0,18.0,10.0,2.0,20.0,1.0,13.0,552.0,636.0,86.8,10036.0,3459.0,235.0,252.0,93.3,265.0,298.0,88.9,49.0,71.0,69.0,4.0,2.3,1.4,16.0,49.0,16.0,5.0,58.0,636.0,588.0,45.0,7.0,2.0,2.0,28.0,27.0,6.0,0.0,5.0,0.0,552.0,3.0,8.0,41.0,31.0,3.0,4.0,3.0,0.0,0.0,8.0,7.0,1.0,0.0,0.0,0.0,0.0,12.0,10.0,2.0,7.0,3.0,3.0,3.0,100.0,0.0,7.0,2.0,5.0,10.0,22.0,6.0,0.0,72.0,726.0,43.0,199.0,325.0,210.0,40.0,726.0,23.0,13.0,56.5,10.0,43.5,523.0,2835.0,1427.0,29.0,17.0,8.0,20.0,5.0,546.0,55.0,1.0,0.0,0.0,10.0,7.0,3.0,28.0,10.0,10.0,0.0,0.0,0.0,56.0,9.0,7.0,56.3
2024-03-02,14:30,D1 Fém,Matchweek 16,Sat,Away,W,2.0,0.0,Guingamp,Lille,1.9,0.6,44.0,563.0,Sarah Cambot,4-4-2,Alexandra Collin,10.0,3.0,30.0,0.0,0.0,21.8,1.0,1.0,1.0,1.9,1.1,0.05,0.1,-0.1,7.0,7.0,100.0,1.0,0.6,0.6,0.0,0.0,0.0,0.0,4.0,19.0,21.1,28.0,2.0,46.4,31.6,7.0,85.7,45.1,16.0,0.0,0.0,0.0,9.0,197.0,327.0,60.2,3124.0,1521.0,103.0,146.0,70.5,71.0,105.0,67.6,14.0,53.0,26.4,1.0,0.8,0.2,6.0,13.0,2.0,0.0,20.0,327.0,270.0,57.0,12.0,1.0,0.0,9.0,34.0,3.0,1.0,1.0,1.0,197.0,0.0,9.0,17.0,10.0,2.0,0.0,1.0,3.0,1.0,4.0,2.0,0.0,0.0,0.0,1.0,1.0,24.0,15.0,11.0,7.0,6.0,7.0,17.0,41.2,10.0,14.0,3.0,11.0,22.0,46.0,28.0,0.0,44.0,461.0,64.0,189.0,163.0,111.0,8.0,460.0,12.0,2.0,16.7,10.0,83.3,223.0,1129.0,561.0,10.0,4.0,0.0,16.0,6.0,189.0,18.0,1.0,0.0,0.0,8.0,11.0,0.0,9.0,22.0,15.0,1.0,0.0,0.0,60.0,10.0,9.0,52.6,17.0,7.0,41.2,0.0,0.0,20.9,0.0,0.0,0.0,0.6,0.6,0.03,-0.6,-0.6,5.0,3.0,80.0,0.0,2.0,0.0,1.0,1.0,0.0,0.0,3.0,7.0,42.9,33.0,8.0,18.2,30.8,10.0,20.0,22.3,8.0,1.0,12.5,2.0,17.3,288.0,412.0,69.9,6447.0,2933.0,65.0,99.0,65.7,162.0,205.0,79.0,58.0,91.0,63.7,0.0,0.5,0.7,12.0,28.0,7.0,2.0,39.0,412.0,341.0,69.0,8.0,0.0,2.0,19.0,41.0,7.0,4.0,2.0,0.0,288.0,2.0,12.0,27.0,19.0,3.0,0.0,4.0,0.0,1.0,0.0,0.0,0.0,0.0,0.0,0.0,0.0,20.0,12.0,14.0,4.0,2.0,12.0,14.0,85.7,2.0,13.0,3.0,10.0,12.0,32.0,21.0,1.0,56.0,541.0,64.0,229.0,170.0,145.0,24.0,541.0,17.0,10.0,58.8,7.0,41.2,151.0,947.0,433.0,13.0,8.0,4.0,26.0,17.0,288.0,39.0,2.0,0.0,0.0,12.0,7.0,2.0,19.0,12.0,12.0,0.0,1.0,0.0,47.0,9.0,10.0,47.4
2024-03-16,14:00,D1 Fém,Matchweek 17,Sat,Home,,,,Guingamp,Paris FC,,,,,,,,,,,,,,,,,,,,,,,,,,,,,,,,,,,,,,,,,,,,,,,,,,,,,,,,,,,,,,,,,,,,,,,,,,,,,,,,,,,,,,,,,,,,,,,,,,,,,,,,,,,,,,,,,,,,,,,,,,,,,,,,,,,,,,,,,,,,,,,,,,,,,,,,,,,,,,,,,,,,,,,,,,,,,,,,,,,,,,,,,,,,,,,,,,,,,,,,,,,,,,,,,,,,,,,,,,,,,,,,,,,,,,,,,,,,,,,,,,,,,,,,,,,,,,,,,,,,,,,,,,,,,,,,,,,,,,,,,,,,,,,,,,,,,,,,,
2024-03-23,14:00,D1 Fém,Matchweek 18,Sat,Away,,,,Guingamp,Dijon,,,,,,,,,,,,,,,,,,,,,,,,,,,,,,,,,,,,,,,,,,,,,,,,,,,,,,,,,,,,,,,,,,,,,,,,,,,,,,,,,,,,,,,,,,,,,,,,,,,,,,,,,,,,,,,,,,,,,,,,,,,,,,,,,,,,,,,,,,,,,,,,,,,,,,,,,,,,,,,,,,,,,,,,,,,,,,,,,,,,,,,,,,,,,,,,,,,,,,,,,,,,,,,,,,,,,,,,,,,,,,,,,,,,,,,,,,,,,,,,,,,,,,,,,,,,,,,,,,,,,,,,,,,,,,,,,,,,,,,,,,,,,,,,,,,,,,,,,
2024-03-30,13:00,D1 Fém,Matchweek 19,Sat,Home,,,,Guingamp,Saint-Étienne,,,,,,,,,,,,,,,,,,,,,,,,,,,,,,,,,,,,,,,,,,,,,,,,,,,,,,,,,,,,,,,,,,,,,,,,,,,,,,,,,,,,,,,,,,,,,,,,,,,,,,,,,,,,,,,,,,,,,,,,,,,,,,,,,,,,,,,,,,,,,,,,,,,,,,,,,,,,,,,,,,,,,,,,,,,,,,,,,,,,,,,,,,,,,,,,,,,,,,,,,,,,,,,,,,,,,,,,,,,,,,,,,,,,,,,,,,,,,,,,,,,,,,,,,,,,,,,,,,,,,,,,,,,,,,,,,,,,,,,,,,,,,,,,,,,,,,,,,
2024-04-13,15:00,D1 Fém,Matchweek 20,Sat,Home,,,,Guingamp,Paris S-G,,,,,,,,,,,,,,,,,,,,,,,,,,,,,,,,,,,,,,,,,,,,,,,,,,,,,,,,,,,,,,,,,,,,,,,,,,,,,,,,,,,,,,,,,,,,,,,,,,,,,,,,,,,,,,,,,,,,,,,,,,,,,,,,,,,,,,,,,,,,,,,,,,,,,,,,,,,,,,,,,,,,,,,,,,,,,,,,,,,,,,,,,,,,,,,,,,,,,,,,,,,,,,,,,,,,,,,,,,,,,,,,,,,,,,,,,,,,,,,,,,,,,,,,,,,,,,,,,,,,,,,,,,,,,,,,,,,,,,,,,,,,,,,,,,,,,,,,,
2024-04-24,14:30,D1 Fém,Matchweek 21,Wed,Away,,,,Guingamp,Lyon,,,,,,,,,,,,,,,,,,,,,,,,,,,,,,,,,,,,,,,,,,,,,,,,,,,,,,,,,,,,,,,,,,,,,,,,,,,,,,,,,,,,,,,,,,,,,,,,,,,,,,,,,,,,,,,,,,,,,,,,,,,,,,,,,,,,,,,,,,,,,,,,,,,,,,,,,,,,,,,,,,,,,,,,,,,,,,,,,,,,,,,,,,,,,,,,,,,,,,,,,,,,,,,,,,,,,,,,,,,,,,,,,,,,,,,,,,,,,,,,,,,,,,,,,,,,,,,,,,,,,,,,,,,,,,,,,,,,,,,,,,,,,,,,,,,,,,,,,
2024-05-08,14:30,D1 Fém,Matchweek 22,Wed,Home,,,,Guingamp,Le Havre,,,,,,,,,,,,,,,,,,,,,,,,,,,,,,,,,,,,,,,,,,,,,,,,,,,,,,,,,,,,,,,,,,,,,,,,,,,,,,,,,,,,,,,,,,,,,,,,,,,,,,,,,,,,,,,,,,,,,,,,,,,,,,,,,,,,,,,,,,,,,,,,,,,,,,,,,,,,,,,,,,,,,,,,,,,,,,,,,,,,,,,,,,,,,,,,,,,,,,,,,,,,,,,,,,,,,,,,,,,,,,,,,,,,,,,,,,,,,,,,,,,,,,,,,,,,,,,,,,,,,,,,,,,,,,,,,,,,,,,,,,,,,,,,,,,,,,,,,
2023-09-16,15:00,D1 Fém,Matchweek 1,Sat,Away,L,0.0,2.0,Dijon,Montpellier,0.2,2.2,40.0,296.0,Lena Goetsch,4-2-3-1,Émeline Rochebilière,7.0,2.0,28.6,0.0,0.0,28.1,0.0,0.0,0.0,0.2,0.2,0.04,-0.2,-0.2,5.0,3.0,60.0,0.0,1.9,-0.1,0.0,0.0,0.0,0.0,2.0,5.0,40.0,12.0,3.0,25.0,27.5,13.0,15.4,26.4,16.0,2.0,12.5,2.0,14.7,186.0,289.0,64.4,3319.0,1719.0,77.0,104.0,74.0,89.0,121.0,73.6,17.0,52.0,32.7,0.0,0.2,0.2,5.0,13.0,1.0,1.0,19.0,289.0,225.0,64.0,10.0,0.0,0.0,12.0,35.0,3.0,2.0,1.0,0.0,186.0,0.0,10.0,8.0,6.0,1.0,0.0,0.0,1.0,0.0,0.0,0.0,0.0,0.0,0.0,0.0,0.0,23.0,15.0,10.0,9.0,4.0,16.0,21.0,76.2,5.0,13.0,6.0,7.0,16.0,39.0,13.0,1.0,40.0,386.0,60.0,176.0,133.0,86.0,2.0,386.0,10.0,4.0,40.0,6.0,60.0,182.0,1311.0,497.0,12.0,6.0,0.0,10.0,10.0,184.0,18.0,2.0,0.0,0.0,9.0,9.0,0.0,12.0,16.0,15.0,0.0,0.0,0.0,46.0,4.0,2.0,66.7,18.0,5.0,27.8,0.11,0.4,17.2,1.0,0.0,0.0,2.2,2.2,0.14,-0.2,-0.2,2.0,2.0,100.0,1.0,0.2,0.2,0.0,0.0,0.0,0.0,0.0,0.0,,24.0,7.0,0.0,20.3,6.0,0.0,20.5,10.0,3.0,30.0,0.0,8.5,350.0,437.0,80.1,7243.0,2755.0,100.0,120.0,83.3,200.0,232.0,86.2,50.0,77.0,64.9,0.0,1.3,0.9,10.0,21.0,8.0,1.0,29.0,437.0,390.0,47.0,8.0,0.0,0.0,19.0,26.0,6.0,4.0,1.0,0.0,350.0,0.0,7.0,24.0,13.0,3.0,2.0,5.0,1.0,0.0,2.0,0.0,0.0,0.0,2.0,0.0,0.0,16.0,14.0,7.0,6.0,3.0,6.0,10.0,60.0,4.0,11.0,3.0,8.0,11.0,27.0,9.0,0.0,60.0,543.0,51.0,246.0,171.0,131.0,27.0,543.0,21.0,5.0,23.8,16.0,76.2,268.0,1292.0,637.0,13.0,6.0,5.0,16.0,7.0,347.0,28.0,1.0,0.0,0.0,10.0,9.0,0.0,19.0,11.0,14.0,0.0,0.0,0.0,51.0,2.0,4.0,33.3
2023-09-30,15:00,D1 Fém,Matchweek 2,Sat,Home,D,3.0,3.0,Dijon,Lille,0.7,1.9,48.0,535.0,Lena Goetsch,4-2-3-1,Savina Elbour,10.0,3.0,30.0,0.3,1.0,19.3,0.0,0.0,0.0,0.7,0.7,0.07,2.3,2.3,6.0,3.0,66.7,0.0,2.7,-0.3,1.0,1.0,0.0,0.0,3.0,11.0,27.3,32.0,5.0,18.8,28.2,9.0,55.6,40.0,14.0,5.0,35.7,0.0,8.0,263.0,396.0,66.4,5113.0,2186.0,78.0,111.0,70.3,153.0,199.0,76.9,26.0,73.0,35.6,3.0,0.6,0.9,7.0,18.0,7.0,2.0,24.0,396.0,346.0,49.0,8.0,0.0,0.0,10.0,27.0,1.0,1.0,0.0,0.0,263.0,1.0,4.0,13.0,12.0,0.0,0.0,0.0,0.0,1.0,5.0,5.0,0.0,0.0,0.0,0.0,0.0,17.0,14.0,8.0,7.0,2.0,11.0,18.0,61.1,7.0,17.0,3.0,14.0,21.0,38.0,14.0,0.0,48.0,514.0,64.0,189.0,252.0,84.0,12.0,514.0,24.0,11.0,45.8,13.0,54.2,244.0,1361.0,566.0,10.0,9.0,2.0,17.0,5.0,260.0,22.0,2.0,0.0,0.0,12.0,6.0,1.0,10.0,21.0,14.0,0.0,1.0,0.0,61.0,3.0,4.0,42.9,14.0,5.0,35.7,0.14,0.4,20.0,0.0,1.0,1.0,1.9,1.1,0.08,1.1,0.9,3.0,0.0,0.0,0.0,0.9,-2.1,0.0,0.0,0.0,0.0,1.0,8.0,12.5,42.0,5.0,14.3,26.2,7.0,28.6,34.4,9.0,2.0,22.2,3.0,20.6,298.0,435.0,68.5,5829.0,2246.0,95.0,125.0,76.0,171.0,225.0,76.0,30.0,69.0,43.5,1.0,1.0,0.9,12.0,13.0,9.0,3.0,25.0,435.0,359.0,74.0,12.0,0.0,1.0,15.0,46.0,5.0,3.0,0.0,0.0,298.0,2.0,15.0,24.0,13.0,7.0,1.0,1.0,2.0,0.0,5.0,3.0,1.0,0.0,0.0,1.0,0.0,18.0,13.0,9.0,7.0,2.0,13.0,24.0,54.2,11.0,7.0,3.0,4.0,15.0,33.0,15.0,0.0,52.0,538.0,50.0,235.0,197.0,115.0,27.0,537.0,18.0,7.0,38.9,11.0,61.1,251.0,1212.0,515.0,7.0,4.0,2.0,22.0,6.0,293.0,25.0,2.0,0.0,0.0,6.0,12.0,2.0,15.0,15.0,13.0,1.0,0.0,0.0,58.0,4.0,3.0,57.1
2023-10-07,15:00,D1 Fém,Matchweek 3,Sat,Away,L,0.0,1.0,Dijon,Stade de Reims,0.7,0.5,57.0,295.0,Lena Goetsch,4-3-3,Elisa Daupeux,10.0,4.0,40.0,0.0,0.0,16.6,0.0,0.0,0.0,0.7,0.7,0.07,-0.7,-0.7,6.0,5.0,83.3,0.0,0.5,-0.5,0.0,0.0,0.0,0.0,1.0,5.0,20.0,27.0,2.0,18.5,23.4,7.0,0.0,19.4,7.0,0.0,0.0,2.0,24.3,283.0,428.0,66.1,5404.0,2594.0,110.0,147.0,74.8,127.0,173.0,73.4,37.0,80.0,46.3,0.0,0.6,0.9,8.0,31.0,7.0,0.0,38.0,428.0,360.0,68.0,10.0,0.0,2.0,20.0,42.0,7.0,0.0,0.0,5.0,283.0,0.0,13.0,20.0,17.0,2.0,1.0,0.0,0.0,0.0,0.0,0.0,0.0,0.0,0.0,0.0,0.0,17.0,14.0,11.0,2.0,4.0,13.0,20.0,65.0,7.0,12.0,2.0,10.0,16.0,33.0,9.0,0.0,57.0,532.0,45.0,182.0,203.0,152.0,17.0,532.0,14.0,5.0,35.7,9.0,64.3,265.0,1359.0,735.0,10.0,12.0,5.0,19.0,4.0,281.0,38.0,2.0,0.0,0.0,12.0,9.0,0.0,20.0,16.0,14.0,0.0,0.0,0.0,73.0,3.0,0.0,100.0,14.0,6.0,42.9,0.07,0.17,21.9,1.0,0.0,0.0,0.5,0.5,0.04,0.5,0.5,4.0,4.0,100.0,1.0,0.3,0.3,0.0,0.0,0.0,0.0,1.0,10.0,10.0,29.0,5.0,27.6,28.9,10.0,20.0,26.4,15.0,0.0,0.0,0.0,7.5,167.0,283.0,59.0,3663.0,1800.0,32.0,64.0,50.0,108.0,149.0,72.5,26.0,64.0,40.6,0.0,0.4,0.3,11.0,19.0,5.0,1.0,23.0,283.0,231.0,51.0,9.0,0.0,0.0,7.0,26.0,5.0,0.0,0.0,4.0,167.0,1.0,6.0,22.0,15.0,5.0,1.0,0.0,1.0,0.0,2.0,2.0,0.0,0.0,0.0,0.0,0.0,10.0,6.0,7.0,2.0,1.0,6.0,10.0,60.0,4.0,9.0,0.0,9.0,15.0,25.0,14.0,0.0,43.0,378.0,68.0,189.0,113.0,82.0,13.0,378.0,17.0,5.0,29.4,12.0,70.6,180.0,953.0,344.0,7.0,3.0,2.0,16.0,4.0,164.0,21.0,0.0,0.0,0.0,8.0,12.0,1.0,7.0,15.0,6.0,0.0,0.0,0.0,66.0,0.0,3.0,0.0
2023-10-14,18:00,D1 Fém,Matchweek 4,Sat,Away,L,1.0,2.0,Dijon,Fleury,1.3,1.4,47.0,390.0,Lena Goetsch,4-2-3-1,Charlène Laur,13.0,6.0,46.2,0.08,0.17,15.3,1.0,0.0,0.0,1.3,1.3,0.11,-0.3,-0.3,6.0,4.0,66.7,0.0,1.3,-0.7,0.0,0.0,0.0,0.0,4.0,12.0,33.3,24.0,6.0,25.0,27.6,12.0,50.0,36.0,14.0,1.0,7.1,3.0,17.9,282.0,420.0,67.1,5462.0,2674.0,106.0,141.0,75.2,134.0,178.0,75.3,38.0,81.0,46.9,0.0,0.5,0.6,7.0,29.0,4.0,0.0,42.0,420.0,363.0,57.0,9.0,0.0,0.0,17.0,25.0,8.0,8.0,0.0,0.0,282.0,0.0,13.0,17.0,12.0,1.0,0.0,3.0,1.0,0.0,1.0,0.0,0.0,0.0,1.0,0.0,0.0,16.0,15.0,8.0,7.0,1.0,9.0,16.0,56.3,7.0,14.0,3.0,11.0,19.0,35.0,13.0,1.0,47.0,534.0,62.0,201.0,217.0,122.0,20.0,534.0,19.0,6.0,31.6,13.0,68.4,266.0,1411.0,677.0,15.0,13.0,7.0,24.0,8.0,279.0,41.0,2.0,0.0,0.0,16.0,9.0,0.0,17.0,19.0,15.0,0.0,0.0,0.0,74.0,7.0,13.0,35.0,14.0,6.0,42.9,0.14,0.33,20.2,1.0,0.0,0.0,1.4,1.4,0.1,0.6,0.6,6.0,5.0,83.3,0.0,1.8,0.8,0.0,0.0,0.0,0.0,0.0,4.0,0.0,36.0,5.0,11.1,21.1,2.0,0.0,16.0,15.0,0.0,0.0,4.0,18.9,334.0,467.0,71.5,5734.0,2413.0,154.0,196.0,78.6,143.0,188.0,76.1,32.0,60.0,53.3,1.0,0.9,0.6,9.0,25.0,4.0,3.0,41.0,467.0,413.0,53.0,15.0,0.0,0.0,18.0,32.0,2.0,1.0,0.0,0.0,334.0,1.0,12.0,19.0,15.0,1.0,0.0,2.0,1.0,0.0,3.0,3.0,0.0,0.0,0.0,0.0,0.0,21.0,16.0,12.0,8.0,1.0,13.0,19.0,68.4,6.0,18.0,6.0,12.0,23.0,44.0,15.0,1.0,53.0,590.0,73.0,221.0,240.0,136.0,12.0,590.0,16.0,7.0,43.8,9.0,56.3,281.0,1285.0,662.0,11.0,10.0,3.0,19.0,7.0,330.0,41.0,1.0,0.0,0.0,9.0,15.0,1.0,18.0,23.0,16.0,0.0,0.0,0.0,76.0,13.0,7.0,65.0
2023-10-22,17:30,D1 Fém,Matchweek 5,Sun,Home,L,0.0,6.0,Dijon,Paris FC,0.4,1.8,42.0,639.0,Lena Goetsch,4-3-3,Aurélie Efe,10.0,4.0,40.0,0.0,0.0,22.3,0.0,0.0,0.0,0.4,0.4,0.04,-0.4,-0.4,9.0,3.0,33.3,0.0,4.6,-1.4,0.0,0.0,0.0,0.0,1.0,12.0,8.3,31.0,1.0,22.6,30.3,8.0,62.5,38.8,18.0,1.0,5.6,0.0,4.8,255.0,386.0,66.1,4783.0,2181.0,112.0,144.0,77.8,108.0,142.0,76.1,32.0,81.0,39.5,0.0,0.3,0.2,8.0,21.0,3.0,0.0,28.0,386.0,328.0,56.0,10.0,0.0,0.0,10.0,29.0,2.0,2.0,0.0,0.0,255.0,2.0,9.0,16.0,14.0,0.0,1.0,0.0,0.0,1.0,0.0,0.0,0.0,0.0,0.0,0.0,0.0,19.0,13.0,8.0,8.0,3.0,11.0,17.0,64.7,6.0,9.0,0.0,9.0,14.0,33.0,16.0,1.0,42.0,485.0,64.0,177.0,220.0,93.0,14.0,485.0,10.0,7.0,70.0,3.0,30.0,203.0,1071.0,452.0,10.0,8.0,4.0,24.0,4.0,252.0,28.0,0.0,0.0,0.0,9.0,8.0,2.0,10.0,14.0,13.0,0.0,0.0,0.0,66.0,3.0,8.0,27.3,13.0,9.0,69.2,0.46,0.67,16.0,0.0,0.0,0.0,1.8,1.8,0.14,4.2,4.2,4.0,4.0,100.0,1.0,0.6,0.6,0.0,0.0,0.0,0.0,7.0,9.0,77.8,55.0,11.0,14.5,28.1,4.0,25.0,26.3,9.0,1.0,11.1,0.0,6.5,397.0,524.0,75.8,8156.0,3595.0,110.0,147.0,74.8,227.0,270.0,84.1,58.0,97.0,59.8,5.0,1.5,1.3,9.0,35.0,10.0,3.0,49.0,524.0,479.0,43.0,11.0,1.0,0.0,22.0,20.0,7.0,2.0,4.0,0.0,397.0,2.0,8.0,21.0,18.0,0.0,0.0,2.0,0.0,1.0,11.0,9.0,0.0,0.0,2.0,0.0,0.0,7.0,7.0,3.0,3.0,1.0,3.0,10.0,30.0,7.0,12.0,3.0,9.0,24.0,31.0,14.0,0.0,58.0,634.0,80.0,273.0,206.0,159.0,24.0,634.0,17.0,6.0,35.3,11.0,64.7,272.0,1740.0,793.0,8.0,8.0,5.0,19.0,8.0,389.0,47.0,0.0,0.0,0.0,8.0,9.0,2.0,22.0,24.0,7.0,0.0,0.0,0.0,73.0,8.0,3.0,72.7
2023-11-04,15:00,D1 Fém,Matchweek 6,Sat,Away,D,3.0,3.0,Dijon,Le Havre,2.2,1.8,34.0,1024.0,Lena Goetsch,4-3-3,Maika Vanderstichel,6.0,4.0,66.7,0.33,0.5,16.8,0.0,1.0,1.0,2.2,1.4,0.24,0.8,0.6,6.0,3.0,50.0,0.0,2.8,-0.2,0.0,0.0,0.0,0.0,2.0,4.0,50.0,26.0,7.0,15.4,24.1,4.0,0.0,13.5,14.0,3.0,21.4,3.0,15.2,227.0,323.0,70.3,4391.0,2051.0,81.0,110.0,73.6,128.0,163.0,78.5,18.0,47.0,38.3,2.0,1.0,0.4,4.0,20.0,4.0,0.0,24.0,323.0,279.0,42.0,11.0,1.0,0.0,7.0,22.0,1.0,1.0,0.0,0.0,227.0,2.0,6.0,10.0,7.0,0.0,1.0,0.0,1.0,1.0,5.0,3.0,0.0,1.0,0.0,1.0,0.0,20.0,15.0,11.0,6.0,3.0,9.0,17.0,52.9,8.0,12.0,3.0,9.0,14.0,34.0,13.0,1.0,34.0,425.0,38.0,150.0,206.0,70.0,10.0,424.0,10.0,1.0,10.0,9.0,90.0,209.0,882.0,433.0,6.0,3.0,1.0,19.0,13.0,224.0,24.0,0.0,0.0,0.0,7.0,10.0,2.0,7.0,14.0,15.0,1.0,0.0,0.0,53.0,3.0,2.0,60.0,10.0,6.0,60.0,0.3,0.5,12.3,0.0,0.0,0.0,1.8,1.8,0.18,1.2,1.2,5.0,2.0,60.0,0.0,3.2,0.2,1.0,1.0,0.0,0.0,3.0,12.0,25.0,41.0,5.0,24.4,28.9,4.0,50.0,34.0,4.0,2.0,50.0,2.0,12.6,504.0,622.0,81.0,10773.0,3474.0,136.0,163.0,83.4,276.0,307.0,89.9,88.0,133.0,66.2,2.0,1.4,1.1,7.0,31.0,5.0,1.0,44.0,622.0,576.0,46.0,9.0,0.0,9.0,18.0,25.0,5.0,3.0,2.0,0.0,504.0,0.0,11.0,16.0,9.0,3.0,2.0,1.0,1.0,0.0,5.0,2.0,1.0,0.0,1.0,1.0,0.0,22.0,17.0,11.0,9.0,2.0,9.0,10.0,90.0,1.0,6.0,2.0,4.0,22.0,44.0,6.0,0.0,66.0,726.0,50.0,287.0,319.0,124.0,14.0,726.0,17.0,8.0,47.1,9.0,52.9,209.0,1330.0,596.0,7.0,5.0,2.0,21.0,11.0,497.0,42.0,0.0,0.0,0.0,12.0,6.0,0.0,18.0,22.0,17.0,0.0,1.0,0.0,62.0,2.0,3.0,40.0
2023-11-12,21:00,D1 Fém,Matchweek 7,Sun,Home,L,2.0,5.0,Dijon,Paris S-G,0.6,3.4,26.0,1244.0,Lena Goetsch,4-2-3-1,Émeline Rochebilière,7.0,5.0,71.4,0.29,0.4,20.5,0.0,0.0,0.0,0.6,0.6,0.08,1.4,1.4,8.0,3.0,37.5,0.0,3.6,-1.4,0.0,0.0,0.0,0.0,7.0,13.0,53.8,11.0,2.0,63.6,42.6,6.0,100.0,44.7,10.0,0.0,0.0,3.0,28.0,178.0,265.0,67.2,3304.0,1681.0,71.0,81.0,87.7,81.0,110.0,73.6,21.0,60.0,35.0,1.0,0.4,0.6,5.0,18.0,4.0,1.0,26.0,265.0,229.0,36.0,6.0,0.0,0.0,5.0,18.0,0.0,0.0,0.0,0.0,178.0,0.0,4.0,10.0,7.0,1.0,0.0,0.0,1.0,1.0,2.0,1.0,0.0,0.0,0.0,0.0,1.0,36.0,26.0,15.0,17.0,4.0,24.0,44.0,54.5,20.0,13.0,3.0,10.0,12.0,48.0,9.0,2.0,26.0,391.0,45.0,127.0,190.0,82.0,9.0,391.0,15.0,8.0,53.3,7.0,46.7,145.0,1052.0,506.0,9.0,4.0,1.0,27.0,10.0,178.0,26.0,1.0,0.0,0.0,5.0,6.0,0.0,5.0,12.0,26.0,0.0,0.0,0.0,69.0,4.0,4.0,50.0,18.0,8.0,44.4,0.28,0.63,13.7,0.0,0.0,0.0,3.4,3.4,0.19,1.6,1.6,5.0,3.0,60.0,0.0,1.3,-0.7,0.0,0.0,0.0,0.0,0.0,2.0,0.0,46.0,8.0,4.3,20.3,4.0,0.0,22.0,5.0,0.0,0.0,2.0,20.4,688.0,769.0,89.5,12465.0,4628.0,269.0,293.0,91.8,366.0,393.0,93.1,48.0,60.0,80.0,4.0,2.0,2.7,12.0,59.0,13.0,3.0,73.0,769.0,732.0,37.0,5.0,1.0,0.0,14.0,23.0,2.0,1.0,1.0,0.0,688.0,0.0,10.0,31.0,23.0,2.0,4.0,2.0,0.0,0.0,9.0,7.0,1.0,1.0,0.0,0.0,0.0,17.0,14.0,6.0,10.0,1.0,7.0,15.0,46.7,8.0,4.0,0.0,4.0,10.0,27.0,2.0,0.0,74.0,876.0,59.0,309.0,383.0,191.0,32.0,876.0,44.0,20.0,45.5,24.0,54.5,676.0,2952.0,1278.0,23.0,16.0,8.0,23.0,12.0,679.0,72.0,0.0,0.0,0.0,6.0,5.0,0.0,14.0,10.0,14.0,0.0,0.0,0.0,79.0,4.0,4.0,50.0
2023-11-17,21:00,D1 Fém,Matchweek 8,Fri,Away,L,1.0,4.0,Dijon,Lyon,0.1,4.0,25.0,622.0,Lena Goetsch,5-4-1,Charlène Laur,2.0,1.0,50.0,0.5,1.0,32.8,0.0,0.0,0.0,0.1,0.1,0.04,0.9,0.9,11.0,7.0,63.6,0.0,3.6,-0.4,0.0,0.0,0.0,0.0,7.0,30.0,23.3,24.0,0.0,100.0,55.5,6.0,100.0,54.5,32.0,2.0,6.3,0.0,4.6,131.0,251.0,52.2,2327.0,1266.0,69.0,97.0,71.1,42.0,77.0,54.5,18.0,60.0,30.0,0.0,0.0,0.0,0.0,7.0,0.0,0.0,10.0,251.0,211.0,40.0,9.0,0.0,0.0,4.0,19.0,0.0,0.0,0.0,0.0,131.0,0.0,10.0,1.0,1.0,0.0,0.0,0.0,0.0,0.0,1.0,1.0,0.0,0.0,0.0,0.0,0.0,21.0,14.0,16.0,4.0,1.0,7.0,14.0,50.0,7.0,18.0,11.0,7.0,17.0,38.0,32.0,2.0,25.0,368.0,87.0,237.0,109.0,28.0,0.0,368.0,3.0,1.0,33.3,2.0,66.7,164.0,847.0,451.0,6.0,3.0,0.0,12.0,3.0,128.0,9.0,1.0,0.0,0.0,6.0,8.0,0.0,4.0,17.0,14.0,0.0,0.0,0.0,52.0,10.0,8.0,55.6,26.0,11.0,42.3,0.15,0.36,17.4,0.0,0.0,0.0,4.0,4.0,0.15,0.0,0.0,1.0,0.0,0.0,0.0,0.3,-0.7,0.0,0.0,0.0,0.0,0.0,0.0,,13.0,1.0,0.0,15.9,1.0,0.0,27.0,1.0,0.0,0.0,1.0,24.0,633.0,756.0,83.7,10210.0,3329.0,288.0,328.0,87.8,262.0,301.0,87.0,45.0,66.0,68.2,1.0,2.2,3.6,19.0,75.0,18.0,6.0,92.0,756.0,707.0,48.0,6.0,2.0,0.0,41.0,27.0,12.0,7.0,1.0,1.0,633.0,1.0,9.0,44.0,39.0,4.0,0.0,1.0,0.0,0.0,6.0,5.0,1.0,0.0,0.0,0.0,0.0,5.0,4.0,1.0,2.0,2.0,2.0,3.0,66.7,1.0,9.0,1.0,8.0,8.0,13.0,3.0,0.0,75.0,856.0,15.0,87.0,427.0,348.0,38.0,856.0,14.0,7.0,50.0,7.0,50.0,495.0,2861.0,1454.0,28.0,24.0,2.0,22.0,14.0,629.0,92.0,1.0,0.0,0.0,8.0,6.0,1.0,41.0,8.0,4.0,0.0,0.0,0.0,78.0,8.0,10.0,44.4
2023-11-25,14:30,D1 Fém,Matchweek 9,Sat,Home,W,3.0,2.0,Dijon,Saint-Étienne,2.8,1.2,49.0,659.0,Lena Goetsch,4-3-3,Victoria Beyer,16.0,6.0,37.5,0.13,0.33,20.9,1.0,1.0,1.0,2.8,2.1,0.13,0.2,-0.1,6.0,4.0,66.7,0.0,1.3,-0.7,0.0,0.0,0.0,0.0,4.0,8.0,50.0,14.0,5.0,21.4,30.1,8.0,62.5,34.0,14.0,1.0,7.1,1.0,12.3,270.0,394.0,68.5,5679.0,2711.0,66.0,77.0,85.7,156.0,198.0,78.8,47.0,105.0,44.8,2.0,1.4,1.5,11.0,35.0,7.0,3.0,39.0,394.0,337.0,53.0,10.0,2.0,0.0,19.0,25.0,7.0,6.0,1.0,0.0,270.0,4.0,6.0,29.0,21.0,4.0,0.0,1.0,2.0,1.0,6.0,4.0,1.0,0.0,0.0,1.0,0.0,10.0,8.0,5.0,3.0,2.0,7.0,13.0,53.8,6.0,7.0,0.0,7.0,18.0,28.0,15.0,1.0,49.0,490.0,43.0,146.0,229.0,116.0,15.0,489.0,12.0,6.0,50.0,6.0,50.0,277.0,1756.0,856.0,15.0,3.0,4.0,13.0,7.0,267.0,39.0,3.0,0.0,0.0,8.0,11.0,4.0,19.0,18.0,8.0,1.0,0.0,0.0,65.0,4.0,10.0,28.6,9.0,6.0,66.7,0.22,0.33,18.5,0.0,0.0,0.0,1.2,1.2,0.14,0.8,0.8,7.0,4.0,71.4,0.0,2.3,-0.7,1.0,1.0,0.0,0.0,3.0,5.0,60.0,48.0,11.0,8.3,24.0,12.0,8.3,22.8,17.0,2.0,11.8,1.0,11.8,302.0,417.0,72.4,6657.0,3491.0,68.0,88.0,77.3,180.0,223.0,80.7,52.0,96.0,54.2,1.0,0.3,0.3,7.0,28.0,6.0,1.0,22.0,417.0,359.0,57.0,12.0,1.0,1.0,18.0,26.0,3.0,0.0,0.0,3.0,302.0,1.0,7.0,17.0,15.0,0.0,1.0,1.0,0.0,0.0,3.0,1.0,0.0,1.0,1.0,0.0,0.0,13.0,13.0,7.0,6.0,0.0,6.0,12.0,50.0,6.0,7.0,4.0,3.0,20.0,33.0,18.0,0.0,51.0,515.0,76.0,271.0,183.0,69.0,16.0,515.0,13.0,6.0,46.2,7.0,53.8,290.0,1525.0,726.0,20.0,5.0,7.0,19.0,3.0,300.0,22.0,3.0,0.0,0.0,11.0,8.0,1.0,18.0,20.0,13.0,0.0,1.0,0.0,56.0,10.0,4.0,71.4
2023-12-09,14:30,D1 Fém,Matchweek 10,Sat,Home,W,1.0,0.0,Dijon,Bordeaux,1.7,0.7,55.0,498.0,Lena Goetsch,4-3-3,Charlène Laur,18.0,5.0,27.8,0.06,0.2,17.6,0.0,0.0,0.0,1.7,1.7,0.1,-0.7,-0.7,3.0,3.0,100.0,1.0,0.5,0.5,0.0,0.0,0.0,0.0,2.0,5.0,40.0,32.0,4.0,9.4,24.3,5.0,40.0,30.8,9.0,0.0,0.0,2.0,18.5,331.0,493.0,67.1,5875.0,2909.0,139.0,177.0,78.5,155.0,196.0,79.1,27.0,83.0,32.5,1.0,1.1,0.9,10.0,36.0,7.0,0.0,48.0,493.0,435.0,54.0,9.0,1.0,3.0,26.0,27.0,12.0,12.0,0.0,0.0,331.0,4.0,15.0,27.0,19.0,4.0,1.0,3.0,0.0,0.0,2.0,2.0,0.0,0.0,0.0,0.0,0.0,16.0,13.0,7.0,8.0,1.0,8.0,10.0,80.0,2.0,11.0,1.0,10.0,10.0,26.0,16.0,0.0,55.0,605.0,53.0,189.0,284.0,144.0,22.0,605.0,20.0,11.0,55.0,9.0,45.0,290.0,1812.0,864.0,15.0,10.0,5.0,17.0,11.0,326.0,46.0,1.0,0.0,0.0,7.0,7.0,4.0,26.0,10.0,13.0,0.0,0.0,0.0,82.0,9.0,14.0,39.1,7.0,3.0,42.9,0.0,0.0,24.3,1.0,0.0,0.0,0.7,0.7,0.11,-0.7,-0.7,5.0,4.0,80.0,0.0,1.4,0.4,0.0,0.0,0.0,0.0,4.0,14.0,28.6,43.0,6.0,27.9,31.3,14.0,14.3,21.5,22.0,1.0,4.5,1.0,9.7,254.0,403.0,63.0,5479.0,2833.0,62.0,93.0,66.7,148.0,201.0,73.6,43.0,99.0,43.4,0.0,0.6,0.7,4.0,25.0,2.0,1.0,22.0,403.0,354.0,48.0,10.0,0.0,1.0,11.0,20.0,2.0,2.0,0.0,0.0,254.0,1.0,12.0,9.0,7.0,0.0,0.0,0.0,1.0,1.0,0.0,0.0,0.0,0.0,0.0,0.0,0.0,20.0,15.0,7.0,9.0,4.0,9.0,20.0,45.0,11.0,18.0,6.0,12.0,8.0,28.0,24.0,0.0,45.0,511.0,79.0,248.0,204.0,64.0,7.0,511.0,10.0,2.0,20.0,8.0,80.0,173.0,1057.0,521.0,13.0,3.0,1.0,15.0,8.0,253.0,21.0,0.0,1.0,0.0,8.0,7.0,1.0,11.0,8.0,15.0,0.0,0.0,0.0,70.0,14.0,9.0,60.9
2023-12-16,14:00,D1 Fém,Matchweek 11,Sat,Away,D,1.0,1.0,Dijon,Guingamp,0.5,1.0,50.0,456.0,Lena Goetsch,4-2-3-1,Aurélie Efe,8.0,2.0,25.0,0.0,0.0,16.4,0.0,0.0,0.0,0.5,0.5,0.07,-0.5,-0.5,2.0,1.0,50.0,0.0,0.5,-0.5,0.0,0.0,0.0,0.0,9.0,13.0,69.2,21.0,0.0,47.6,40.7,7.0,42.9,35.3,13.0,1.0,7.7,0.0,10.0,266.0,392.0,67.9,5469.0,2685.0,103.0,130.0,79.2,112.0,148.0,75.7,46.0,95.0,48.4,0.0,0.4,1.0,5.0,38.0,5.0,0.0,34.0,392.0,332.0,56.0,14.0,0.0,1.0,20.0,25.0,8.0,5.0,2.0,0.0,266.0,4.0,9.0,13.0,6.0,3.0,1.0,1.0,2.0,0.0,0.0,0.0,0.0,0.0,0.0,0.0,0.0,12.0,8.0,5.0,5.0,2.0,5.0,17.0,29.4,12.0,11.0,1.0,10.0,16.0,28.0,19.0,1.0,50.0,510.0,52.0,185.0,194.0,137.0,13.0,510.0,14.0,5.0,35.7,9.0,64.3,293.0,1623.0,493.0,5.0,8.0,0.0,23.0,7.0,265.0,33.0,2.0,0.0,0.0,13.0,12.0,4.0,20.0,16.0,8.0,0.0,0.0,0.0,52.0,6.0,5.0,54.5,11.0,2.0,18.2,0.09,0.5,18.3,0.0,0.0,0.0,1.0,1.0,0.1,0.0,0.0,2.0,2.0,50.0,0.0,0.1,0.1,0.0,0.0,0.0,0.0,0.0,4.0,0.0,37.0,8.0,8.1,26.5,5.0,20.0,26.8,19.0,3.0,15.8,0.0,9.4,261.0,389.0,67.1,5315.0,2289.0,80.0,106.0,75.5,129.0,173.0,74.6,45.0,89.0,50.6,1.0,0.7,0.5,6.0,12.0,4.0,2.0,20.0,389.0,316.0,71.0,17.0,0.0,1.0,15.0,41.0,6.0,5.0,1.0,0.0,261.0,2.0,12.0,16.0,8.0,2.0,1.0,2.0,2.0,1.0,2.0,1.0,0.0,0.0,0.0,0.0,1.0,16.0,9.0,8.0,1.0,7.0,9.0,14.0,64.3,5.0,10.0,1.0,9.0,8.0,24.0,21.0,1.0,50.0,495.0,66.0,211.0,172.0,118.0,18.0,495.0,17.0,12.0,70.6,5.0,29.4,244.0,1258.0,608.0,11.0,7.0,4.0,20.0,7.0,258.0,18.0,2.0,0.0,0.0,12.0,12.0,2.0,15.0,8.0,9.0,0.0,0.0,1.0,50.0,5.0,6.0,45.5
2024-01-10,18:30,D1 Fém,Matchweek 12,Wed,Home,L,0.0,5.0,Dijon,Fleury,1.2,3.0,39.0,492.0,Lena Goetsch,4-3-3,Clémence Goncalves,9.0,4.0,44.4,0.0,0.0,20.3,0.0,0.0,0.0,1.2,1.2,0.13,-1.2,-1.2,10.0,6.0,50.0,0.0,4.1,0.1,0.0,0.0,0.0,0.0,2.0,8.0,25.0,21.0,5.0,28.6,33.0,12.0,16.7,28.2,22.0,1.0,4.5,0.0,5.0,239.0,356.0,67.1,3780.0,1991.0,114.0,144.0,79.2,92.0,131.0,70.2,15.0,49.0,30.6,0.0,1.1,0.6,6.0,19.0,4.0,0.0,32.0,356.0,300.0,56.0,9.0,0.0,0.0,12.0,26.0,3.0,2.0,0.0,0.0,239.0,0.0,8.0,13.0,11.0,0.0,0.0,0.0,1.0,1.0,0.0,0.0,0.0,0.0,0.0,0.0,0.0,19.0,16.0,11.0,3.0,5.0,15.0,24.0,62.5,9.0,11.0,3.0,8.0,14.0,33.0,28.0,1.0,39.0,488.0,70.0,186.0,205.0,103.0,16.0,488.0,11.0,2.0,18.2,9.0,81.8,207.0,1232.0,684.0,9.0,7.0,5.0,17.0,12.0,236.0,31.0,1.0,0.0,0.0,6.0,8.0,0.0,12.0,14.0,16.0,0.0,0.0,1.0,58.0,2.0,12.0,14.3,21.0,10.0,47.6,0.19,0.4,17.3,0.0,0.0,0.0,3.0,3.0,0.14,1.0,1.0,4.0,4.0,100.0,1.0,0.3,0.3,0.0,0.0,0.0,0.0,0.0,0.0,,28.0,2.0,0.0,18.6,4.0,0.0,14.8,10.0,0.0,0.0,0.0,8.9,451.0,568.0,79.4,8008.0,3316.0,185.0,227.0,81.5,231.0,264.0,87.5,32.0,59.0,54.2,4.0,2.9,1.7,17.0,33.0,10.0,1.0,50.0,568.0,513.0,54.0,6.0,1.0,0.0,25.0,33.0,11.0,6.0,0.0,0.0,451.0,1.0,11.0,32.0,24.0,2.0,4.0,0.0,0.0,2.0,8.0,7.0,0.0,1.0,0.0,0.0,0.0,21.0,18.0,4.0,8.0,9.0,9.0,11.0,81.8,2.0,10.0,1.0,9.0,11.0,32.0,13.0,0.0,61.0,691.0,73.0,301.0,209.0,190.0,32.0,691.0,24.0,9.0,37.5,15.0,62.5,272.0,1369.0,670.0,23.0,12.0,8.0,20.0,4.0,446.0,49.0,0.0,0.0,0.0,8.0,5.0,1.0,25.0,11.0,18.0,0.0,0.0,0.0,77.0,12.0,2.0,85.7
2024-01-20,14:30,D1 Fém,Matchweek 13,Sat,Away,D,2.0,2.0,Dijon,Lille,1.4,1.5,43.0,1020.0,Lena Goetsch,4-2-3-1,Victoria Beyer,13.0,8.0,61.5,0.15,0.25,15.5,0.0,0.0,0.0,1.4,1.4,0.11,0.6,0.6,5.0,3.0,60.0,0.0,2.4,0.4,0.0,0.0,0.0,0.0,2.0,6.0,33.3,19.0,7.0,10.5,25.5,12.0,33.3,36.8,20.0,2.0,10.0,0.0,5.8,224.0,356.0,62.9,4378.0,2467.0,81.0,106.0,76.4,103.0,151.0,68.2,35.0,73.0,47.9,0.0,1.3,0.7,10.0,20.0,6.0,2.0,27.0,356.0,297.0,56.0,14.0,0.0,0.0,18.0,22.0,5.0,5.0,0.0,0.0,224.0,3.0,6.0,23.0,12.0,3.0,3.0,3.0,1.0,1.0,3.0,2.0,0.0,0.0,1.0,0.0,0.0,25.0,21.0,13.0,10.0,2.0,10.0,21.0,47.6,11.0,6.0,1.0,5.0,17.0,42.0,19.0,0.0,43.0,482.0,56.0,204.0,209.0,77.0,24.0,482.0,21.0,12.0,57.1,9.0,42.9,191.0,973.0,426.0,10.0,8.0,7.0,24.0,8.0,219.0,27.0,3.0,0.0,0.0,13.0,11.0,3.0,18.0,17.0,21.0,0.0,0.0,0.0,48.0,14.0,11.0,56.0,9.0,5.0,55.6,0.22,0.4,10.8,0.0,0.0,0.0,1.5,1.5,0.18,0.5,0.5,8.0,6.0,75.0,0.0,1.5,-0.5,0.0,0.0,0.0,0.0,7.0,10.0,70.0,39.0,8.0,20.5,30.6,9.0,22.2,26.8,17.0,1.0,5.9,1.0,23.6,334.0,465.0,71.8,7516.0,3393.0,57.0,88.0,64.8,215.0,267.0,80.5,62.0,98.0,63.3,2.0,0.8,0.7,6.0,28.0,5.0,2.0,40.0,465.0,394.0,69.0,16.0,0.0,1.0,26.0,38.0,3.0,3.0,0.0,0.0,334.0,2.0,7.0,16.0,8.0,4.0,1.0,2.0,1.0,0.0,3.0,1.0,1.0,0.0,1.0,0.0,0.0,17.0,10.0,7.0,8.0,2.0,9.0,21.0,42.9,12.0,9.0,3.0,6.0,5.0,22.0,11.0,1.0,57.0,555.0,65.0,198.0,232.0,129.0,14.0,555.0,21.0,11.0,52.4,10.0,47.6,267.0,1214.0,396.0,6.0,5.0,0.0,19.0,15.0,333.0,40.0,0.0,1.0,0.0,12.0,13.0,2.0,26.0,5.0,10.0,0.0,0.0,0.0,46.0,11.0,14.0,44.0
2024-02-03,14:30,D1 Fém,Matchweek 14,Sat,Home,W,1.0,0.0,Dijon,Montpellier,1.0,0.6,43.0,434.0,Lena Goetsch,4-2-3-1,Audrey Gerbel,11.0,5.0,45.5,0.09,0.2,19.4,0.0,0.0,0.0,1.0,1.0,0.09,0.0,0.0,0.0,0.0,,1.0,0.0,0.0,0.0,0.0,0.0,0.0,2.0,9.0,22.2,24.0,2.0,29.2,32.0,7.0,28.6,30.3,19.0,2.0,10.5,0.0,4.3,252.0,383.0,65.8,4697.0,2225.0,100.0,138.0,72.5,118.0,158.0,74.7,31.0,64.0,48.4,1.0,0.9,0.7,9.0,27.0,5.0,2.0,36.0,383.0,328.0,53.0,12.0,2.0,1.0,17.0,30.0,3.0,3.0,0.0,0.0,252.0,2.0,16.0,17.0,14.0,1.0,1.0,0.0,1.0,0.0,2.0,2.0,0.0,0.0,0.0,0.0,0.0,29.0,22.0,15.0,12.0,2.0,14.0,30.0,46.7,16.0,10.0,2.0,8.0,26.0,55.0,26.0,0.0,43.0,521.0,61.0,196.0,221.0,110.0,17.0,521.0,25.0,9.0,36.0,16.0,64.0,269.0,1626.0,785.0,16.0,12.0,4.0,12.0,6.0,249.0,36.0,0.0,0.0,0.0,10.0,8.0,2.0,17.0,26.0,22.0,0.0,0.0,0.0,65.0,12.0,9.0,57.1,8.0,0.0,0.0,0.0,,15.6,0.0,0.0,0.0,0.6,0.6,0.08,-0.6,-0.6,5.0,4.0,80.0,0.0,0.9,-0.1,0.0,0.0,0.0,0.0,0.0,1.0,0.0,30.0,12.0,3.3,25.5,4.0,0.0,15.3,17.0,1.0,5.9,0.0,9.5,382.0,512.0,74.6,7995.0,3532.0,106.0,135.0,78.5,215.0,274.0,78.5,60.0,94.0,63.8,0.0,0.6,0.8,7.0,31.0,9.0,2.0,48.0,512.0,446.0,63.0,12.0,0.0,1.0,23.0,36.0,9.0,7.0,1.0,0.0,382.0,3.0,8.0,15.0,12.0,2.0,1.0,0.0,0.0,0.0,0.0,0.0,0.0,0.0,0.0,0.0,0.0,22.0,15.0,5.0,10.0,7.0,16.0,25.0,64.0,9.0,19.0,2.0,17.0,20.0,42.0,12.0,0.0,57.0,642.0,73.0,245.0,251.0,154.0,21.0,642.0,30.0,16.0,53.3,14.0,46.7,165.0,1065.0,459.0,10.0,4.0,3.0,20.0,15.0,379.0,47.0,0.0,0.0,0.0,9.0,8.0,3.0,23.0,20.0,15.0,0.0,0.0,0.0,53.0,9.0,12.0,42.9
2024-02-10,14:30,D1 Fém,Matchweek 15,Sat,Away,L,0.0,2.0,Dijon,Saint-Étienne,0.2,3.8,52.0,148.0,Lena Goetsch,4-2-3-1,Elisa Daupeux,5.0,2.0,40.0,0.0,0.0,22.6,1.0,0.0,0.0,0.2,0.2,0.04,-0.2,-0.2,6.0,4.0,66.7,0.0,3.4,1.4,0.0,0.0,0.0,0.0,2.0,4.0,50.0,26.0,7.0,11.5,28.9,5.0,20.0,33.2,14.0,1.0,7.1,1.0,8.5,296.0,428.0,69.2,6720.0,3120.0,67.0,99.0,67.7,164.0,192.0,85.4,60.0,112.0,53.6,0.0,0.1,0.2,2.0,33.0,2.0,1.0,36.0,428.0,362.0,57.0,12.0,0.0,4.0,10.0,36.0,1.0,0.0,0.0,0.0,296.0,9.0,7.0,9.0,8.0,0.0,0.0,0.0,1.0,0.0,0.0,0.0,0.0,0.0,0.0,0.0,0.0,20.0,18.0,5.0,10.0,5.0,14.0,24.0,58.3,10.0,6.0,3.0,3.0,7.0,27.0,14.0,0.0,52.0,528.0,48.0,182.0,246.0,107.0,8.0,528.0,17.0,9.0,52.9,8.0,47.1,158.0,1053.0,534.0,12.0,4.0,1.0,17.0,7.0,290.0,36.0,2.0,0.0,0.0,13.0,11.0,9.0,10.0,7.0,18.0,0.0,0.0,0.0,54.0,10.0,6.0,62.5,15.0,6.0,40.0,0.13,0.33,14.1,1.0,0.0,0.0,3.8,3.8,0.26,-1.8,-1.8,2.0,2.0,100.0,1.0,0.4,0.4,0.0,0.0,0.0,0.0,0.0,8.0,0.0,38.0,3.0,15.8,25.1,7.0,28.6,29.9,8.0,0.0,0.0,3.0,14.8,272.0,388.0,70.1,4445.0,2072.0,129.0,154.0,83.8,111.0,141.0,78.7,21.0,64.0,32.8,1.0,3.3,1.9,11.0,16.0,4.0,3.0,25.0,388.0,332.0,55.0,21.0,4.0,2.0,17.0,20.0,6.0,2.0,1.0,1.0,272.0,1.0,3.0,28.0,18.0,2.0,4.0,1.0,3.0,0.0,4.0,3.0,0.0,1.0,0.0,0.0,0.0,15.0,8.0,5.0,9.0,1.0,8.0,17.0,47.1,9.0,8.0,1.0,7.0,17.0,32.0,17.0,0.0,48.0,515.0,49.0,235.0,220.0,71.0,17.0,515.0,24.0,10.0,41.7,14.0,58.3,310.0,1573.0,718.0,16.0,8.0,6.0,23.0,6.0,268.0,24.0,3.0,0.0,0.0,11.0,13.0,1.0,17.0,17.0,8.0,0.0,0.0,0.0,62.0,6.0,10.0,37.5
2024-03-03,21:00,D1 Fém,Matchweek 16,Sun,Home,L,1.0,3.0,Dijon,Lyon,0.3,3.2,25.0,1746.0,Lena Goetsch,5-4-1,Audrey Gerbel,5.0,3.0,60.0,0.2,0.33,18.2,0.0,0.0,0.0,0.3,0.3,0.06,0.7,0.7,6.0,3.0,50.0,0.0,1.5,-1.5,0.0,0.0,0.0,0.0,3.0,20.0,15.0,24.0,3.0,50.0,39.5,16.0,50.0,41.9,18.0,4.0,22.2,0.0,9.2,130.0,255.0,51.0,2431.0,1453.0,62.0,91.0,68.1,43.0,77.0,55.8,23.0,73.0,31.5,1.0,0.3,0.3,5.0,7.0,1.0,1.0,5.0,255.0,206.0,49.0,12.0,0.0,0.0,5.0,15.0,2.0,2.0,0.0,0.0,130.0,0.0,10.0,8.0,6.0,1.0,0.0,0.0,1.0,0.0,2.0,0.0,1.0,0.0,0.0,1.0,0.0,19.0,14.0,16.0,2.0,1.0,13.0,25.0,52.0,12.0,18.0,5.0,13.0,12.0,31.0,25.0,0.0,25.0,368.0,73.0,230.0,106.0,38.0,3.0,368.0,11.0,5.0,45.5,6.0,54.5,132.0,697.0,225.0,4.0,4.0,1.0,17.0,10.0,127.0,5.0,0.0,0.0,0.0,5.0,6.0,0.0,5.0,12.0,14.0,0.0,0.0,0.0,44.0,7.0,16.0,30.4,25.0,6.0,24.0,0.12,0.5,14.7,0.0,0.0,0.0,3.2,3.2,0.13,-0.2,-0.2,3.0,2.0,66.7,0.0,0.8,-0.2,0.0,0.0,0.0,0.0,0.0,0.0,,22.0,3.0,0.0,17.7,2.0,0.0,24.0,5.0,0.0,0.0,4.0,24.2,646.0,774.0,83.5,10459.0,3077.0,301.0,344.0,87.5,285.0,311.0,91.6,38.0,62.0,61.3,2.0,3.2,2.2,23.0,62.0,14.0,1.0,79.0,774.0,725.0,44.0,5.0,0.0,2.0,26.0,28.0,7.0,5.0,2.0,0.0,646.0,5.0,15.0,43.0,31.0,4.0,0.0,7.0,1.0,0.0,4.0,1.0,0.0,0.0,3.0,0.0,0.0,16.0,12.0,6.0,8.0,2.0,6.0,11.0,54.5,5.0,11.0,1.0,10.0,10.0,26.0,6.0,1.0,75.0,892.0,22.0,134.0,490.0,277.0,42.0,892.0,25.0,12.0,48.0,13.0,52.0,641.0,3179.0,1667.0,29.0,17.0,8.0,25.0,6.0,641.0,77.0,1.0,0.0,0.0,7.0,4.0,5.0,26.0,10.0,12.0,0.0,0.0,0.0,69.0,16.0,7.0,69.6
2024-03-16,14:30,D1 Fém,Matchweek 17,Sat,Away,,,,Dijon,Bordeaux,,,,,,,,,,,,,,,,,,,,,,,,,,,,,,,,,,,,,,,,,,,,,,,,,,,,,,,,,,,,,,,,,,,,,,,,,,,,,,,,,,,,,,,,,,,,,,,,,,,,,,,,,,,,,,,,,,,,,,,,,,,,,,,,,,,,,,,,,,,,,,,,,,,,,,,,,,,,,,,,,,,,,,,,,,,,,,,,,,,,,,,,,,,,,,,,,,,,,,,,,,,,,,,,,,,,,,,,,,,,,,,,,,,,,,,,,,,,,,,,,,,,,,,,,,,,,,,,,,,,,,,,,,,,,,,,,,,,,,,,,,,,,,,,,,,,,,,,,
2024-03-23,14:00,D1 Fém,Matchweek 18,Sat,Home,,,,Dijon,Guingamp,,,,,,,,,,,,,,,,,,,,,,,,,,,,,,,,,,,,,,,,,,,,,,,,,,,,,,,,,,,,,,,,,,,,,,,,,,,,,,,,,,,,,,,,,,,,,,,,,,,,,,,,,,,,,,,,,,,,,,,,,,,,,,,,,,,,,,,,,,,,,,,,,,,,,,,,,,,,,,,,,,,,,,,,,,,,,,,,,,,,,,,,,,,,,,,,,,,,,,,,,,,,,,,,,,,,,,,,,,,,,,,,,,,,,,,,,,,,,,,,,,,,,,,,,,,,,,,,,,,,,,,,,,,,,,,,,,,,,,,,,,,,,,,,,,,,,,,,,
2024-03-31,14:30,D1 Fém,Matchweek 19,Sun,Away,,,,Dijon,Paris S-G,,,,,,,,,,,,,,,,,,,,,,,,,,,,,,,,,,,,,,,,,,,,,,,,,,,,,,,,,,,,,,,,,,,,,,,,,,,,,,,,,,,,,,,,,,,,,,,,,,,,,,,,,,,,,,,,,,,,,,,,,,,,,,,,,,,,,,,,,,,,,,,,,,,,,,,,,,,,,,,,,,,,,,,,,,,,,,,,,,,,,,,,,,,,,,,,,,,,,,,,,,,,,,,,,,,,,,,,,,,,,,,,,,,,,,,,,,,,,,,,,,,,,,,,,,,,,,,,,,,,,,,,,,,,,,,,,,,,,,,,,,,,,,,,,,,,,,,,,
2024-04-13,15:00,D1 Fém,Matchweek 20,Sat,Home,,,,Dijon,Le Havre,,,,,,,,,,,,,,,,,,,,,,,,,,,,,,,,,,,,,,,,,,,,,,,,,,,,,,,,,,,,,,,,,,,,,,,,,,,,,,,,,,,,,,,,,,,,,,,,,,,,,,,,,,,,,,,,,,,,,,,,,,,,,,,,,,,,,,,,,,,,,,,,,,,,,,,,,,,,,,,,,,,,,,,,,,,,,,,,,,,,,,,,,,,,,,,,,,,,,,,,,,,,,,,,,,,,,,,,,,,,,,,,,,,,,,,,,,,,,,,,,,,,,,,,,,,,,,,,,,,,,,,,,,,,,,,,,,,,,,,,,,,,,,,,,,,,,,,,,
2024-04-24,14:30,D1 Fém,Matchweek 21,Wed,Home,,,,Dijon,Stade de Reims,,,,,,,,,,,,,,,,,,,,,,,,,,,,,,,,,,,,,,,,,,,,,,,,,,,,,,,,,,,,,,,,,,,,,,,,,,,,,,,,,,,,,,,,,,,,,,,,,,,,,,,,,,,,,,,,,,,,,,,,,,,,,,,,,,,,,,,,,,,,,,,,,,,,,,,,,,,,,,,,,,,,,,,,,,,,,,,,,,,,,,,,,,,,,,,,,,,,,,,,,,,,,,,,,,,,,,,,,,,,,,,,,,,,,,,,,,,,,,,,,,,,,,,,,,,,,,,,,,,,,,,,,,,,,,,,,,,,,,,,,,,,,,,,,,,,,,,,,
2024-05-08,14:30,D1 Fém,Matchweek 22,Wed,Away,,,,Dijon,Paris FC,,,,,,,,,,,,,,,,,,,,,,,,,,,,,,,,,,,,,,,,,,,,,,,,,,,,,,,,,,,,,,,,,,,,,,,,,,,,,,,,,,,,,,,,,,,,,,,,,,,,,,,,,,,,,,,,,,,,,,,,,,,,,,,,,,,,,,,,,,,,,,,,,,,,,,,,,,,,,,,,,,,,,,,,,,,,,,,,,,,,,,,,,,,,,,,,,,,,,,,,,,,,,,,,,,,,,,,,,,,,,,,,,,,,,,,,,,,,,,,,,,,,,,,,,,,,,,,,,,,,,,,,,,,,,,,,,,,,,,,,,,,,,,,,,,,,,,,,,
2023-09-16,15:00,D1 Fém,Matchweek 1,Sat,Home,L,0.0,4.0,Lille,Paris FC,0.3,3.3,41.0,371.0,Julie Machart,4-1-3-2,Elisa Daupeux,6.0,1.0,16.7,0.0,0.0,24.4,1.0,0.0,0.0,0.3,0.3,0.05,-0.3,-0.3,14.0,10.0,71.4,0.0,3.2,-0.8,0.0,0.0,0.0,0.0,3.0,10.0,30.0,61.0,15.0,9.8,23.9,9.0,44.4,31.7,16.0,2.0,12.5,0.0,9.9,306.0,426.0,71.8,5763.0,2419.0,102.0,132.0,77.3,169.0,214.0,79.0,31.0,67.0,46.3,0.0,0.1,0.1,3.0,14.0,1.0,1.0,19.0,426.0,375.0,50.0,16.0,0.0,4.0,6.0,20.0,0.0,0.0,0.0,0.0,306.0,1.0,3.0,8.0,6.0,0.0,0.0,1.0,1.0,0.0,0.0,0.0,0.0,0.0,0.0,0.0,0.0,12.0,8.0,5.0,7.0,0.0,7.0,12.0,58.3,5.0,11.0,3.0,8.0,32.0,44.0,14.0,1.0,41.0,518.0,87.0,280.0,198.0,46.0,4.0,518.0,14.0,5.0,35.7,9.0,64.3,246.0,1315.0,594.0,7.0,3.0,1.0,10.0,8.0,303.0,17.0,1.0,0.0,0.0,7.0,12.0,1.0,6.0,32.0,8.0,0.0,0.0,0.0,54.0,5.0,7.0,41.7,27.0,14.0,51.9,0.15,0.29,16.5,0.0,0.0,0.0,3.3,3.3,0.12,0.7,0.7,1.0,1.0,100.0,1.0,0.2,0.2,0.0,0.0,0.0,0.0,0.0,1.0,0.0,28.0,5.0,0.0,19.5,4.0,25.0,29.0,6.0,0.0,0.0,0.0,10.5,493.0,607.0,81.2,9659.0,3275.0,174.0,198.0,87.9,252.0,287.0,87.8,64.0,101.0,63.4,3.0,2.3,2.0,18.0,39.0,12.0,4.0,47.0,607.0,559.0,44.0,8.0,0.0,1.0,17.0,25.0,6.0,2.0,4.0,0.0,493.0,4.0,8.0,40.0,28.0,3.0,2.0,3.0,0.0,4.0,7.0,6.0,0.0,1.0,0.0,0.0,0.0,17.0,12.0,3.0,11.0,3.0,9.0,14.0,64.3,5.0,4.0,1.0,3.0,23.0,40.0,5.0,0.0,59.0,699.0,39.0,230.0,317.0,154.0,37.0,699.0,12.0,5.0,41.7,7.0,58.3,421.0,1785.0,991.0,14.0,7.0,10.0,10.0,5.0,490.0,47.0,1.0,0.0,0.0,13.0,6.0,4.0,17.0,23.0,12.0,0.0,0.0,0.0,78.0,7.0,5.0,58.3
2023-09-30,15:00,D1 Fém,Matchweek 2,Sat,Away,D,3.0,3.0,Lille,Dijon,1.9,0.7,52.0,535.0,Julie Machart,4-4-2,Savina Elbour,14.0,5.0,35.7,0.14,0.4,20.0,0.0,1.0,1.0,1.9,1.1,0.08,1.1,0.9,3.0,0.0,0.0,0.0,0.9,-2.1,0.0,0.0,0.0,0.0,1.0,8.0,12.5,42.0,5.0,14.3,26.2,7.0,28.6,34.4,9.0,2.0,22.2,3.0,20.6,298.0,435.0,68.5,5829.0,2246.0,95.0,125.0,76.0,171.0,225.0,76.0,30.0,69.0,43.5,1.0,1.0,0.9,12.0,13.0,9.0,3.0,25.0,435.0,359.0,74.0,12.0,0.0,1.0,15.0,46.0,5.0,3.0,0.0,0.0,298.0,2.0,15.0,24.0,13.0,7.0,1.0,1.0,2.0,0.0,5.0,3.0,1.0,0.0,0.0,1.0,0.0,18.0,13.0,9.0,7.0,2.0,13.0,24.0,54.2,11.0,7.0,3.0,4.0,15.0,33.0,15.0,0.0,52.0,538.0,50.0,235.0,197.0,115.0,27.0,537.0,18.0,7.0,38.9,11.0,61.1,251.0,1212.0,515.0,7.0,4.0,2.0,22.0,6.0,293.0,25.0,2.0,0.0,0.0,6.0,12.0,2.0,15.0,15.0,13.0,1.0,0.0,0.0,58.0,4.0,3.0,57.1,10.0,3.0,30.0,0.3,1.0,19.3,0.0,0.0,0.0,0.7,0.7,0.07,2.3,2.3,6.0,3.0,66.7,0.0,2.7,-0.3,1.0,1.0,0.0,0.0,3.0,11.0,27.3,32.0,5.0,18.8,28.2,9.0,55.6,40.0,14.0,5.0,35.7,0.0,8.0,263.0,396.0,66.4,5113.0,2186.0,78.0,111.0,70.3,153.0,199.0,76.9,26.0,73.0,35.6,3.0,0.6,0.9,7.0,18.0,7.0,2.0,24.0,396.0,346.0,49.0,8.0,0.0,0.0,10.0,27.0,1.0,1.0,0.0,0.0,263.0,1.0,4.0,13.0,12.0,0.0,0.0,0.0,0.0,1.0,5.0,5.0,0.0,0.0,0.0,0.0,0.0,17.0,14.0,8.0,7.0,2.0,11.0,18.0,61.1,7.0,17.0,3.0,14.0,21.0,38.0,14.0,0.0,48.0,514.0,64.0,189.0,252.0,84.0,12.0,514.0,24.0,11.0,45.8,13.0,54.2,244.0,1361.0,566.0,10.0,9.0,2.0,17.0,5.0,260.0,22.0,2.0,0.0,0.0,12.0,6.0,1.0,10.0,21.0,14.0,0.0,1.0,0.0,61.0,3.0,4.0,42.9
2023-10-07,15:00,D1 Fém,Matchweek 3,Sat,Home,W,2.0,1.0,Lille,Fleury,1.5,0.2,58.0,496.0,Julie Machart,4-3-3,Aurélie Efe,7.0,2.0,28.6,0.14,0.5,17.5,1.0,1.0,1.0,1.5,0.7,0.1,0.5,0.3,2.0,1.0,50.0,0.0,0.5,-0.5,0.0,0.0,0.0,0.0,5.0,13.0,38.5,28.0,6.0,28.6,31.6,9.0,55.6,35.1,10.0,0.0,0.0,0.0,3.0,254.0,367.0,69.2,4802.0,2176.0,102.0,132.0,77.3,108.0,138.0,78.3,38.0,79.0,48.1,1.0,0.6,0.9,6.0,24.0,3.0,1.0,28.0,367.0,303.0,63.0,20.0,0.0,2.0,12.0,28.0,3.0,1.0,1.0,0.0,254.0,1.0,6.0,14.0,10.0,1.0,0.0,1.0,2.0,0.0,4.0,2.0,0.0,0.0,1.0,1.0,0.0,17.0,10.0,5.0,9.0,3.0,9.0,16.0,56.3,7.0,10.0,1.0,9.0,16.0,33.0,18.0,1.0,58.0,469.0,50.0,160.0,213.0,102.0,10.0,468.0,13.0,7.0,53.8,6.0,46.2,222.0,1108.0,474.0,5.0,6.0,1.0,23.0,14.0,252.0,28.0,1.0,0.0,0.0,21.0,22.0,1.0,12.0,16.0,10.0,1.0,0.0,0.0,58.0,11.0,3.0,78.6,5.0,2.0,40.0,0.2,0.5,25.4,1.0,0.0,0.0,0.2,0.2,0.04,0.8,0.8,3.0,1.0,66.7,0.0,1.9,-0.1,1.0,1.0,0.0,0.0,1.0,8.0,12.5,14.0,1.0,28.6,33.6,8.0,50.0,29.6,8.0,0.0,0.0,0.0,11.5,149.0,265.0,56.2,2913.0,1640.0,54.0,78.0,69.2,74.0,112.0,66.1,18.0,62.0,29.0,1.0,0.1,0.1,2.0,15.0,2.0,0.0,16.0,265.0,207.0,57.0,21.0,0.0,0.0,10.0,24.0,1.0,1.0,0.0,0.0,149.0,1.0,9.0,8.0,6.0,1.0,0.0,0.0,1.0,0.0,2.0,2.0,0.0,0.0,0.0,0.0,0.0,20.0,17.0,12.0,6.0,2.0,6.0,13.0,46.2,7.0,8.0,2.0,6.0,17.0,37.0,11.0,0.0,42.0,358.0,41.0,162.0,112.0,86.0,8.0,358.0,16.0,7.0,43.8,9.0,56.3,159.0,803.0,293.0,6.0,3.0,1.0,20.0,8.0,145.0,16.0,5.0,1.0,1.0,22.0,21.0,1.0,10.0,17.0,17.0,0.0,1.0,0.0,59.0,3.0,11.0,21.4
2023-10-14,15:00,D1 Fém,Matchweek 4,Sat,Away,D,2.0,2.0,Lille,Le Havre,0.9,3.1,42.0,825.0,Julie Machart,4-2-3-1,Audrey Gerbel,8.0,4.0,50.0,0.25,0.5,19.6,0.0,0.0,0.0,0.9,0.9,0.12,1.1,1.1,11.0,9.0,81.8,0.0,2.0,0.0,0.0,0.0,0.0,0.0,10.0,24.0,41.7,38.0,8.0,34.2,32.2,13.0,84.6,50.5,34.0,0.0,0.0,1.0,21.0,223.0,366.0,60.9,4858.0,2773.0,60.0,94.0,63.8,128.0,176.0,72.7,35.0,89.0,39.3,2.0,0.8,0.5,6.0,12.0,2.0,2.0,18.0,366.0,305.0,60.0,15.0,1.0,0.0,11.0,26.0,3.0,0.0,0.0,3.0,223.0,1.0,14.0,13.0,6.0,3.0,0.0,2.0,1.0,1.0,4.0,2.0,1.0,0.0,0.0,1.0,0.0,20.0,11.0,11.0,6.0,3.0,9.0,14.0,64.3,5.0,13.0,7.0,6.0,8.0,28.0,21.0,0.0,42.0,487.0,96.0,242.0,168.0,80.0,8.0,487.0,15.0,4.0,26.7,11.0,73.3,205.0,1032.0,454.0,6.0,6.0,1.0,23.0,10.0,221.0,18.0,2.0,1.0,1.0,8.0,13.0,1.0,11.0,8.0,11.0,0.0,0.0,0.0,71.0,6.0,9.0,40.0,22.0,8.0,36.4,0.05,0.13,17.1,1.0,0.0,0.0,3.1,3.1,0.11,-1.1,-1.1,4.0,2.0,50.0,0.0,1.0,-1.0,0.0,0.0,0.0,0.0,5.0,8.0,62.5,21.0,4.0,23.8,32.4,3.0,100.0,45.7,8.0,0.0,0.0,4.0,20.4,358.0,497.0,72.0,7343.0,3323.0,121.0,150.0,80.7,174.0,220.0,79.1,61.0,112.0,54.5,0.0,2.0,2.1,19.0,47.0,19.0,12.0,68.0,497.0,448.0,48.0,7.0,1.0,0.0,39.0,32.0,4.0,2.0,2.0,0.0,358.0,1.0,6.0,43.0,28.0,5.0,1.0,7.0,1.0,1.0,3.0,2.0,0.0,0.0,1.0,0.0,0.0,21.0,15.0,6.0,8.0,7.0,11.0,15.0,73.3,4.0,17.0,2.0,15.0,11.0,32.0,9.0,0.0,58.0,607.0,33.0,172.0,252.0,187.0,31.0,607.0,12.0,5.0,41.7,7.0,58.3,350.0,1349.0,596.0,14.0,13.0,5.0,13.0,11.0,349.0,60.0,3.0,0.0,0.0,12.0,7.0,1.0,39.0,11.0,15.0,0.0,0.0,0.0,72.0,7.0,4.0,63.6
2023-10-21,15:00,D1 Fém,Matchweek 5,Sat,Home,L,0.0,4.0,Lille,Paris S-G,0.2,0.8,31.0,1148.0,Julie Machart,4-2-3-1,Elisa Daupeux,6.0,3.0,50.0,0.0,0.0,27.3,2.0,0.0,0.0,0.2,0.2,0.03,-0.2,-0.2,6.0,2.0,33.3,0.0,1.5,-2.5,0.0,0.0,0.0,0.0,4.0,4.0,100.0,20.0,2.0,5.0,26.6,8.0,37.5,33.3,9.0,0.0,0.0,3.0,23.0,186.0,283.0,65.7,3629.0,1920.0,62.0,96.0,64.6,99.0,130.0,76.2,24.0,51.0,47.1,0.0,0.1,0.2,4.0,14.0,3.0,0.0,15.0,283.0,234.0,47.0,11.0,0.0,0.0,7.0,20.0,3.0,2.0,0.0,0.0,186.0,2.0,6.0,10.0,6.0,1.0,0.0,0.0,3.0,0.0,0.0,0.0,0.0,0.0,0.0,0.0,0.0,26.0,18.0,13.0,11.0,2.0,11.0,28.0,39.3,17.0,4.0,1.0,3.0,11.0,37.0,12.0,0.0,31.0,356.0,38.0,182.0,130.0,46.0,6.0,356.0,6.0,2.0,33.3,4.0,66.7,157.0,522.0,177.0,2.0,3.0,0.0,12.0,13.0,185.0,14.0,1.0,0.0,0.0,10.0,11.0,2.0,7.0,11.0,18.0,0.0,0.0,0.0,52.0,0.0,1.0,0.0,13.0,6.0,46.2,0.31,0.67,18.1,1.0,0.0,0.0,0.8,0.8,0.06,3.2,3.2,3.0,3.0,100.0,1.0,0.1,0.1,0.0,0.0,0.0,0.0,4.0,7.0,57.1,55.0,8.0,10.9,26.8,2.0,50.0,50.5,6.0,2.0,33.3,1.0,15.0,535.0,627.0,85.3,11299.0,4102.0,132.0,158.0,83.5,329.0,366.0,89.9,74.0,99.0,74.7,4.0,0.7,0.7,11.0,32.0,5.0,3.0,40.0,627.0,579.0,46.0,11.0,1.0,3.0,9.0,28.0,4.0,0.0,0.0,3.0,535.0,2.0,3.0,25.0,17.0,3.0,3.0,0.0,2.0,0.0,8.0,7.0,1.0,0.0,0.0,0.0,0.0,17.0,14.0,8.0,8.0,1.0,4.0,6.0,66.7,2.0,7.0,1.0,6.0,7.0,24.0,5.0,0.0,69.0,695.0,73.0,322.0,261.0,121.0,18.0,695.0,28.0,17.0,60.7,11.0,39.3,488.0,2149.0,805.0,19.0,7.0,5.0,10.0,15.0,527.0,40.0,2.0,0.0,0.0,11.0,10.0,2.0,9.0,7.0,14.0,0.0,0.0,0.0,59.0,1.0,0.0,100.0
2023-11-03,21:00,D1 Fém,Matchweek 6,Fri,Home,D,0.0,0.0,Lille,Montpellier,0.6,1.0,45.0,1633.0,Julie Machart,4-2-3-1,Émeline Rochebilière,10.0,1.0,10.0,0.0,0.0,20.5,2.0,0.0,0.0,0.6,0.6,0.06,-0.6,-0.6,1.0,1.0,100.0,1.0,0.2,0.2,0.0,0.0,0.0,0.0,1.0,8.0,12.5,25.0,5.0,12.0,28.2,14.0,35.7,34.3,13.0,1.0,7.7,0.0,9.0,244.0,375.0,65.1,4603.0,2262.0,92.0,125.0,73.6,108.0,145.0,74.5,34.0,70.0,48.6,0.0,0.4,0.6,6.0,27.0,2.0,1.0,30.0,375.0,314.0,60.0,14.0,1.0,2.0,14.0,28.0,3.0,0.0,0.0,2.0,244.0,1.0,12.0,15.0,8.0,2.0,1.0,0.0,4.0,0.0,0.0,0.0,0.0,0.0,0.0,0.0,0.0,17.0,12.0,12.0,4.0,1.0,6.0,16.0,37.5,10.0,11.0,3.0,8.0,11.0,28.0,7.0,0.0,45.0,494.0,54.0,200.0,186.0,114.0,16.0,494.0,23.0,11.0,47.8,12.0,52.2,171.0,1144.0,616.0,13.0,8.0,4.0,23.0,16.0,240.0,30.0,1.0,0.0,0.0,9.0,12.0,1.0,14.0,11.0,12.0,0.0,0.0,0.0,76.0,2.0,15.0,11.8,13.0,1.0,7.7,0.0,0.0,17.0,0.0,0.0,0.0,1.0,1.0,0.08,-1.0,-1.0,1.0,1.0,100.0,1.0,0.0,0.0,0.0,0.0,0.0,0.0,3.0,6.0,50.0,19.0,5.0,10.5,25.8,11.0,36.4,39.9,10.0,1.0,10.0,2.0,21.3,339.0,464.0,73.1,6645.0,3100.0,111.0,145.0,76.6,194.0,228.0,85.1,32.0,63.0,50.8,0.0,0.9,0.7,10.0,35.0,7.0,2.0,47.0,464.0,401.0,59.0,11.0,1.0,0.0,17.0,34.0,2.0,2.0,0.0,0.0,339.0,4.0,8.0,21.0,16.0,2.0,2.0,1.0,0.0,0.0,0.0,0.0,0.0,0.0,0.0,0.0,0.0,28.0,17.0,12.0,10.0,6.0,12.0,23.0,52.2,11.0,14.0,2.0,12.0,10.0,38.0,11.0,0.0,55.0,583.0,45.0,204.0,264.0,123.0,25.0,583.0,16.0,10.0,62.5,6.0,37.5,336.0,1478.0,685.0,17.0,5.0,8.0,25.0,11.0,337.0,46.0,3.0,0.0,0.0,12.0,9.0,4.0,17.0,10.0,17.0,0.0,0.0,0.0,73.0,15.0,2.0,88.2
2023-11-11,15:00,D1 Fém,Matchweek 7,Sat,Away,L,3.0,4.0,Lille,Guingamp,2.4,2.7,58.0,514.0,Julie Machart,4-2-3-1,Audrey Gerbel,10.0,3.0,30.0,0.1,0.33,24.5,1.0,2.0,2.0,2.4,0.8,0.08,0.6,0.2,6.0,2.0,33.3,0.0,2.9,-1.1,0.0,0.0,0.0,0.0,1.0,3.0,33.3,17.0,2.0,0.0,23.2,6.0,50.0,35.3,14.0,0.0,0.0,1.0,13.5,372.0,506.0,73.5,6658.0,2801.0,154.0,193.0,79.8,173.0,215.0,80.5,36.0,74.0,48.6,1.0,0.6,1.2,6.0,28.0,9.0,1.0,35.0,506.0,447.0,59.0,6.0,0.0,0.0,18.0,39.0,3.0,0.0,0.0,3.0,372.0,0.0,10.0,17.0,10.0,1.0,1.0,1.0,3.0,1.0,6.0,3.0,0.0,0.0,1.0,2.0,0.0,9.0,6.0,5.0,4.0,0.0,3.0,8.0,37.5,5.0,14.0,5.0,9.0,16.0,25.0,10.0,1.0,58.0,598.0,39.0,212.0,247.0,146.0,15.0,596.0,14.0,8.0,57.1,6.0,42.9,268.0,1039.0,452.0,7.0,7.0,3.0,12.0,11.0,370.0,35.0,1.0,0.0,0.0,10.0,7.0,0.0,18.0,16.0,6.0,2.0,0.0,0.0,71.0,5.0,5.0,50.0,15.0,6.0,40.0,0.27,0.67,14.2,0.0,0.0,0.0,2.7,2.7,0.19,1.3,1.3,5.0,2.0,80.0,0.0,2.9,-0.1,2.0,2.0,0.0,0.0,5.0,12.0,41.7,24.0,2.0,29.2,32.6,7.0,71.4,43.7,14.0,1.0,7.1,0.0,9.5,249.0,371.0,67.1,5600.0,2338.0,58.0,85.0,68.2,147.0,173.0,85.0,44.0,96.0,45.8,3.0,2.2,1.7,11.0,20.0,5.0,3.0,18.0,371.0,313.0,56.0,10.0,3.0,1.0,16.0,31.0,4.0,2.0,2.0,0.0,249.0,2.0,9.0,25.0,16.0,4.0,1.0,4.0,0.0,0.0,6.0,4.0,1.0,0.0,1.0,0.0,0.0,17.0,13.0,8.0,6.0,3.0,6.0,14.0,42.9,8.0,13.0,3.0,10.0,25.0,42.0,8.0,1.0,42.0,488.0,55.0,248.0,146.0,102.0,17.0,488.0,8.0,5.0,62.5,3.0,37.5,266.0,1208.0,507.0,6.0,3.0,0.0,19.0,6.0,240.0,18.0,1.0,0.0,0.0,7.0,9.0,2.0,16.0,25.0,13.0,0.0,2.0,0.0,63.0,5.0,5.0,50.0
2023-11-18,14:30,D1 Fém,Matchweek 8,Sat,Home,L,1.0,2.0,Lille,Saint-Étienne,0.7,1.8,56.0,479.0,Gwenaëlle Devleesschauwer,4-2-3-1,Alexandra Collin,11.0,3.0,27.3,0.09,0.33,25.6,1.0,0.0,0.0,0.7,0.7,0.06,0.3,0.3,7.0,5.0,85.7,0.0,2.5,0.5,1.0,1.0,0.0,0.0,1.0,4.0,25.0,31.0,5.0,9.7,24.2,8.0,12.5,24.1,15.0,1.0,6.7,0.0,12.0,379.0,496.0,76.4,6953.0,2940.0,133.0,159.0,83.6,205.0,243.0,84.4,30.0,64.0,46.9,1.0,0.5,0.2,7.0,24.0,2.0,2.0,28.0,496.0,441.0,53.0,10.0,3.0,1.0,7.0,30.0,2.0,0.0,0.0,2.0,379.0,2.0,9.0,16.0,10.0,1.0,1.0,2.0,2.0,0.0,2.0,0.0,1.0,0.0,0.0,1.0,0.0,15.0,8.0,6.0,8.0,1.0,7.0,15.0,46.7,8.0,6.0,1.0,5.0,18.0,33.0,14.0,0.0,56.0,609.0,60.0,216.0,282.0,119.0,6.0,609.0,20.0,10.0,50.0,10.0,50.0,323.0,1676.0,869.0,15.0,9.0,5.0,25.0,13.0,372.0,27.0,0.0,0.0,0.0,8.0,7.0,2.0,7.0,18.0,8.0,0.0,1.0,0.0,64.0,3.0,5.0,37.5,11.0,6.0,54.5,0.09,0.17,21.3,0.0,1.0,1.0,1.8,1.0,0.09,0.2,0.0,3.0,2.0,66.7,0.0,0.3,-0.7,0.0,0.0,0.0,0.0,1.0,4.0,25.0,26.0,7.0,11.5,26.6,6.0,16.7,21.7,7.0,0.0,0.0,0.0,7.3,279.0,392.0,71.2,5375.0,2682.0,89.0,117.0,76.1,159.0,198.0,80.3,27.0,62.0,43.5,1.0,0.7,0.5,7.0,23.0,3.0,0.0,21.0,392.0,346.0,43.0,9.0,2.0,0.0,15.0,21.0,5.0,3.0,0.0,0.0,279.0,3.0,5.0,20.0,14.0,1.0,2.0,1.0,1.0,1.0,3.0,2.0,0.0,0.0,0.0,1.0,0.0,23.0,16.0,12.0,10.0,1.0,10.0,20.0,50.0,10.0,12.0,3.0,9.0,17.0,40.0,17.0,0.0,44.0,510.0,51.0,230.0,212.0,78.0,14.0,509.0,15.0,8.0,53.3,7.0,46.7,264.0,1834.0,743.0,17.0,10.0,3.0,14.0,8.0,274.0,21.0,0.0,0.0,0.0,8.0,8.0,3.0,15.0,17.0,16.0,1.0,0.0,0.0,61.0,5.0,3.0,62.5
2023-11-25,14:30,D1 Fém,Matchweek 9,Sat,Away,L,0.0,3.0,Lille,Bordeaux,0.6,1.3,56.0,836.0,Julie Machart,4-2-3-1,Aurélie Efe,8.0,4.0,50.0,0.0,0.0,18.1,0.0,0.0,0.0,0.6,0.6,0.08,-0.6,-0.6,7.0,4.0,57.1,0.0,2.6,-0.4,0.0,0.0,0.0,0.0,4.0,9.0,44.4,20.0,5.0,35.0,28.7,9.0,22.2,23.1,13.0,0.0,0.0,1.0,17.7,253.0,394.0,64.2,4711.0,2572.0,92.0,127.0,72.4,119.0,164.0,72.6,34.0,79.0,43.0,0.0,0.6,0.6,7.0,24.0,3.0,2.0,23.0,394.0,318.0,76.0,19.0,0.0,1.0,14.0,40.0,4.0,0.0,0.0,3.0,253.0,0.0,11.0,14.0,7.0,3.0,0.0,1.0,2.0,1.0,0.0,0.0,0.0,0.0,0.0,0.0,0.0,12.0,11.0,3.0,8.0,1.0,4.0,8.0,50.0,4.0,10.0,2.0,8.0,12.0,24.0,13.0,0.0,56.0,482.0,54.0,165.0,208.0,114.0,13.0,482.0,20.0,11.0,55.0,9.0,45.0,224.0,1238.0,591.0,8.0,5.0,1.0,17.0,11.0,251.0,22.0,1.0,0.0,0.0,15.0,18.0,0.0,14.0,12.0,11.0,0.0,0.0,0.0,61.0,8.0,7.0,53.3,10.0,7.0,70.0,0.3,0.43,15.0,0.0,0.0,0.0,1.3,1.3,0.15,1.7,1.7,4.0,4.0,100.0,1.0,0.7,0.7,0.0,0.0,0.0,0.0,9.0,20.0,45.0,26.0,5.0,57.7,41.3,7.0,71.4,44.1,14.0,1.0,7.1,0.0,10.0,183.0,305.0,60.0,4301.0,2647.0,57.0,81.0,70.4,78.0,117.0,66.7,47.0,94.0,50.0,2.0,1.0,0.4,5.0,23.0,11.0,1.0,31.0,305.0,257.0,47.0,14.0,0.0,0.0,16.0,22.0,3.0,1.0,2.0,0.0,183.0,1.0,9.0,17.0,12.0,2.0,0.0,2.0,0.0,1.0,5.0,4.0,0.0,0.0,1.0,0.0,0.0,20.0,14.0,8.0,9.0,3.0,9.0,20.0,45.0,11.0,14.0,3.0,11.0,11.0,31.0,17.0,0.0,44.0,407.0,55.0,174.0,160.0,85.0,12.0,407.0,8.0,4.0,50.0,4.0,50.0,203.0,1187.0,446.0,10.0,6.0,2.0,15.0,8.0,181.0,31.0,3.0,0.0,0.0,18.0,14.0,1.0,16.0,11.0,14.0,0.0,0.0,0.0,51.0,7.0,8.0,46.7
2023-12-08,21:00,D1 Fém,Matchweek 10,Fri,Away,L,0.0,5.0,Lille,Lyon,0.0,4.0,36.0,578.0,Gwenaëlle Devleesschauwer,3-4-3,Céline Jeannot,1.0,0.0,0.0,0.0,,33.9,0.0,0.0,0.0,0.0,0.0,0.04,0.0,0.0,14.0,9.0,71.4,0.0,5.8,0.8,1.0,1.0,0.0,0.0,4.0,14.0,28.6,48.0,10.0,20.8,31.0,9.0,44.4,33.6,33.0,2.0,6.1,0.0,4.7,282.0,386.0,73.1,4918.0,2146.0,126.0,149.0,84.6,113.0,143.0,79.0,34.0,69.0,49.3,0.0,0.0,0.0,1.0,5.0,0.0,0.0,4.0,386.0,336.0,50.0,13.0,0.0,0.0,2.0,22.0,0.0,0.0,0.0,0.0,282.0,0.0,9.0,1.0,1.0,0.0,0.0,0.0,0.0,0.0,0.0,0.0,0.0,0.0,0.0,0.0,0.0,24.0,18.0,23.0,1.0,0.0,9.0,20.0,45.0,11.0,11.0,4.0,7.0,9.0,33.0,25.0,1.0,36.0,492.0,127.0,394.0,91.0,11.0,0.0,492.0,15.0,7.0,46.7,8.0,53.3,170.0,716.0,371.0,2.0,2.0,0.0,25.0,14.0,281.0,4.0,0.0,0.0,0.0,10.0,7.0,0.0,2.0,9.0,18.0,0.0,1.0,0.0,58.0,3.0,9.0,25.0,27.0,13.0,48.1,0.15,0.31,14.0,0.0,1.0,1.0,4.0,3.2,0.12,1.0,0.8,0.0,0.0,,1.0,0.0,0.0,0.0,0.0,0.0,0.0,0.0,1.0,0.0,16.0,1.0,0.0,20.7,2.0,50.0,55.5,2.0,0.0,0.0,2.0,34.5,575.0,673.0,85.4,10278.0,3683.0,260.0,298.0,87.2,246.0,277.0,88.8,62.0,76.0,81.6,2.0,2.3,3.7,21.0,77.0,24.0,10.0,96.0,673.0,626.0,42.0,8.0,0.0,2.0,39.0,22.0,9.0,6.0,2.0,0.0,575.0,5.0,7.0,50.0,33.0,7.0,1.0,6.0,2.0,1.0,8.0,4.0,1.0,0.0,2.0,1.0,0.0,22.0,17.0,1.0,10.0,11.0,8.0,15.0,53.3,7.0,9.0,0.0,9.0,12.0,34.0,0.0,0.0,64.0,768.0,14.0,58.0,337.0,378.0,56.0,767.0,20.0,11.0,55.0,9.0,45.0,543.0,2149.0,1187.0,23.0,28.0,11.0,10.0,15.0,568.0,95.0,1.0,0.0,0.0,8.0,10.0,5.0,39.0,12.0,17.0,1.0,0.0,0.0,81.0,9.0,3.0,75.0
2023-12-16,14:30,D1 Fém,Matchweek 11,Sat,Home,L,2.0,5.0,Lille,Stade de Reims,1.3,4.6,60.0,472.0,Gwenaëlle Devleesschauwer,3-4-3,Elisa Daupeux,8.0,6.0,75.0,0.13,0.17,18.9,0.0,1.0,1.0,1.3,0.5,0.07,0.7,0.5,9.0,3.0,44.4,0.0,4.9,-0.1,1.0,0.0,1.0,0.0,1.0,5.0,20.0,36.0,7.0,11.1,26.4,7.0,14.3,22.3,14.0,1.0,7.1,0.0,14.9,385.0,500.0,77.0,7105.0,3040.0,154.0,187.0,82.4,179.0,213.0,84.0,45.0,74.0,60.8,0.0,0.4,0.3,6.0,30.0,6.0,2.0,38.0,500.0,439.0,60.0,12.0,0.0,1.0,16.0,34.0,1.0,1.0,0.0,0.0,385.0,1.0,8.0,18.0,11.0,2.0,2.0,0.0,3.0,0.0,4.0,2.0,1.0,0.0,0.0,1.0,0.0,9.0,8.0,6.0,3.0,0.0,3.0,9.0,33.3,6.0,8.0,2.0,6.0,14.0,23.0,15.0,0.0,60.0,592.0,71.0,240.0,233.0,122.0,10.0,591.0,11.0,3.0,27.3,8.0,72.7,296.0,1379.0,571.0,3.0,8.0,2.0,20.0,6.0,379.0,38.0,3.0,0.0,0.0,14.0,11.0,1.0,16.0,14.0,8.0,1.0,1.0,0.0,50.0,0.0,4.0,0.0,16.0,8.0,50.0,0.31,0.63,15.3,0.0,0.0,1.0,4.6,3.8,0.27,0.4,1.2,7.0,5.0,85.7,0.0,2.1,0.1,1.0,1.0,0.0,0.0,1.0,4.0,25.0,15.0,3.0,26.7,34.3,3.0,0.0,18.0,14.0,0.0,0.0,0.0,9.3,242.0,338.0,71.6,5332.0,2167.0,45.0,63.0,71.4,157.0,196.0,80.1,39.0,72.0,54.2,4.0,2.8,0.9,13.0,21.0,7.0,1.0,32.0,338.0,287.0,50.0,15.0,1.0,0.0,16.0,23.0,6.0,3.0,3.0,0.0,242.0,1.0,7.0,26.0,13.0,6.0,1.0,3.0,2.0,1.0,6.0,1.0,2.0,1.0,2.0,0.0,0.0,14.0,14.0,3.0,9.0,2.0,8.0,11.0,72.7,3.0,8.0,1.0,7.0,11.0,25.0,18.0,1.0,40.0,454.0,44.0,163.0,171.0,125.0,25.0,453.0,9.0,6.0,66.7,3.0,33.3,225.0,1336.0,570.0,14.0,15.0,4.0,27.0,6.0,238.0,32.0,1.0,0.0,0.0,12.0,13.0,1.0,16.0,11.0,14.0,1.0,1.0,0.0,47.0,4.0,0.0,100.0
2024-01-09,21:00,D1 Fém,Matchweek 12,Tue,Away,L,0.0,6.0,Lille,Paris S-G,1.1,2.9,35.0,900.0,Julie Machart,4-1-4-1,Charlène Laur,13.0,5.0,38.5,0.0,0.0,17.2,0.0,0.0,0.0,1.1,1.1,0.1,-1.1,-1.1,8.0,2.0,25.0,0.0,3.7,-2.3,0.0,0.0,0.0,0.0,0.0,0.0,,39.0,5.0,0.0,23.9,7.0,0.0,8.6,12.0,1.0,8.3,0.0,5.3,277.0,360.0,76.9,4760.0,2211.0,132.0,154.0,85.7,116.0,142.0,81.7,24.0,43.0,55.8,0.0,1.2,1.0,10.0,18.0,3.0,1.0,25.0,360.0,319.0,41.0,11.0,0.0,1.0,12.0,13.0,3.0,3.0,0.0,0.0,277.0,0.0,10.0,17.0,7.0,2.0,2.0,3.0,1.0,2.0,0.0,0.0,0.0,0.0,0.0,0.0,0.0,24.0,12.0,11.0,8.0,5.0,12.0,35.0,34.3,23.0,10.0,4.0,6.0,10.0,34.0,15.0,1.0,35.0,480.0,69.0,224.0,163.0,104.0,19.0,480.0,17.0,7.0,41.2,10.0,58.8,253.0,1371.0,767.0,13.0,13.0,4.0,15.0,17.0,274.0,24.0,2.0,0.0,0.0,10.0,6.0,0.0,12.0,10.0,12.0,0.0,0.0,0.0,47.0,5.0,10.0,33.3,18.0,8.0,44.4,0.33,0.75,15.5,0.0,0.0,0.0,2.9,2.9,0.16,3.1,3.1,5.0,5.0,100.0,1.0,1.6,1.6,0.0,0.0,0.0,0.0,0.0,1.0,0.0,23.0,5.0,4.3,18.7,2.0,0.0,13.5,12.0,0.0,0.0,0.0,6.0,588.0,663.0,88.7,10791.0,3706.0,230.0,245.0,93.9,306.0,326.0,93.9,49.0,72.0,68.1,6.0,2.5,1.8,12.0,55.0,9.0,3.0,47.0,663.0,625.0,33.0,10.0,2.0,0.0,13.0,17.0,3.0,1.0,2.0,0.0,588.0,5.0,6.0,30.0,23.0,2.0,3.0,0.0,2.0,0.0,11.0,10.0,0.0,1.0,0.0,0.0,0.0,27.0,13.0,14.0,7.0,6.0,10.0,17.0,58.8,7.0,14.0,4.0,10.0,8.0,35.0,10.0,1.0,65.0,782.0,49.0,262.0,328.0,200.0,26.0,782.0,35.0,23.0,65.7,12.0,34.3,609.0,2687.0,1301.0,24.0,13.0,9.0,17.0,12.0,582.0,46.0,1.0,0.0,0.0,6.0,10.0,5.0,13.0,8.0,13.0,0.0,0.0,0.0,55.0,10.0,5.0,66.7
2024-01-20,14:30,D1 Fém,Matchweek 13,Sat,Home,D,2.0,2.0,Lille,Dijon,1.5,1.4,57.0,1020.0,Julie Machart,4-2-3-1,Victoria Beyer,9.0,5.0,55.6,0.22,0.4,10.8,0.0,0.0,0.0,1.5,1.5,0.18,0.5,0.5,8.0,6.0,75.0,0.0,1.5,-0.5,0.0,0.0,0.0,0.0,7.0,10.0,70.0,39.0,8.0,20.5,30.6,9.0,22.2,26.8,17.0,1.0,5.9,1.0,23.6,334.0,465.0,71.8,7516.0,3393.0,57.0,88.0,64.8,215.0,267.0,80.5,62.0,98.0,63.3,2.0,0.8,0.7,6.0,28.0,5.0,2.0,40.0,465.0,394.0,69.0,16.0,0.0,1.0,26.0,38.0,3.0,3.0,0.0,0.0,334.0,2.0,7.0,16.0,8.0,4.0,1.0,2.0,1.0,0.0,3.0,1.0,1.0,0.0,1.0,0.0,0.0,17.0,10.0,7.0,8.0,2.0,9.0,21.0,42.9,12.0,9.0,3.0,6.0,5.0,22.0,11.0,1.0,57.0,555.0,65.0,198.0,232.0,129.0,14.0,555.0,21.0,11.0,52.4,10.0,47.6,267.0,1214.0,396.0,6.0,5.0,0.0,19.0,15.0,333.0,40.0,0.0,1.0,0.0,12.0,13.0,2.0,26.0,5.0,10.0,0.0,0.0,0.0,46.0,11.0,14.0,44.0,13.0,8.0,61.5,0.15,0.25,15.5,0.0,0.0,0.0,1.4,1.4,0.11,0.6,0.6,5.0,3.0,60.0,0.0,2.4,0.4,0.0,0.0,0.0,0.0,2.0,6.0,33.3,19.0,7.0,10.5,25.5,12.0,33.3,36.8,20.0,2.0,10.0,0.0,5.8,224.0,356.0,62.9,4378.0,2467.0,81.0,106.0,76.4,103.0,151.0,68.2,35.0,73.0,47.9,0.0,1.3,0.7,10.0,20.0,6.0,2.0,27.0,356.0,297.0,56.0,14.0,0.0,0.0,18.0,22.0,5.0,5.0,0.0,0.0,224.0,3.0,6.0,23.0,12.0,3.0,3.0,3.0,1.0,1.0,3.0,2.0,0.0,0.0,1.0,0.0,0.0,25.0,21.0,13.0,10.0,2.0,10.0,21.0,47.6,11.0,6.0,1.0,5.0,17.0,42.0,19.0,0.0,43.0,482.0,56.0,204.0,209.0,77.0,24.0,482.0,21.0,12.0,57.1,9.0,42.9,191.0,973.0,426.0,10.0,8.0,7.0,24.0,8.0,219.0,27.0,3.0,0.0,0.0,13.0,11.0,3.0,18.0,17.0,21.0,0.0,0.0,0.0,48.0,14.0,11.0,56.0
2024-02-04,21:00,D1 Fém,Matchweek 14,Sun,Away,L,2.0,3.0,Lille,Paris FC,0.8,3.4,34.0,717.0,Julie Machart,4-4-2,Émeline Rochebilière,7.0,3.0,42.9,0.29,0.67,18.6,0.0,0.0,0.0,0.8,0.8,0.12,1.2,1.2,10.0,7.0,70.0,0.0,3.3,0.3,0.0,0.0,0.0,0.0,5.0,12.0,41.7,26.0,5.0,42.3,40.1,10.0,10.0,29.4,27.0,5.0,18.5,0.0,7.5,169.0,302.0,56.0,3020.0,1887.0,76.0,101.0,75.2,61.0,108.0,56.5,26.0,71.0,36.6,2.0,0.8,0.3,6.0,11.0,3.0,2.0,16.0,302.0,256.0,45.0,11.0,0.0,0.0,14.0,18.0,3.0,3.0,0.0,0.0,169.0,1.0,10.0,13.0,11.0,0.0,1.0,0.0,0.0,1.0,3.0,3.0,0.0,0.0,0.0,0.0,0.0,33.0,24.0,24.0,9.0,0.0,18.0,28.0,64.3,10.0,23.0,3.0,20.0,22.0,55.0,26.0,0.0,34.0,448.0,77.0,247.0,160.0,53.0,6.0,448.0,16.0,4.0,25.0,12.0,75.0,216.0,1040.0,460.0,8.0,7.0,0.0,17.0,11.0,167.0,15.0,1.0,0.0,0.0,15.0,9.0,1.0,14.0,22.0,24.0,0.0,0.0,0.0,64.0,8.0,16.0,33.3,21.0,10.0,47.6,0.14,0.3,13.0,1.0,0.0,0.0,3.4,3.4,0.17,-0.4,-0.4,3.0,1.0,33.3,0.0,1.8,-0.2,0.0,0.0,0.0,0.0,1.0,2.0,50.0,20.0,5.0,0.0,21.0,4.0,50.0,31.8,10.0,2.0,20.0,1.0,10.7,436.0,589.0,74.0,7781.0,3267.0,195.0,248.0,78.6,192.0,236.0,81.4,46.0,78.0,59.0,3.0,3.0,2.8,18.0,61.0,14.0,3.0,79.0,589.0,520.0,67.0,15.0,0.0,3.0,29.0,30.0,15.0,6.0,5.0,0.0,436.0,2.0,21.0,37.0,28.0,4.0,0.0,2.0,2.0,1.0,5.0,4.0,1.0,0.0,0.0,0.0,0.0,23.0,18.0,4.0,16.0,3.0,12.0,16.0,75.0,4.0,11.0,1.0,10.0,10.0,33.0,8.0,0.0,66.0,693.0,31.0,143.0,320.0,236.0,36.0,693.0,28.0,10.0,35.7,18.0,64.3,339.0,1845.0,886.0,13.0,8.0,4.0,15.0,15.0,428.0,77.0,3.0,0.0,0.0,9.0,14.0,2.0,29.0,10.0,18.0,0.0,0.0,0.0,68.0,16.0,8.0,66.7
2024-02-10,14:30,D1 Fém,Matchweek 15,Sat,Home,D,3.0,3.0,Lille,Le Havre,1.5,2.1,45.0,595.0,Julie Machart,4-2-3-1,Maika Vanderstichel,7.0,5.0,71.4,0.43,0.6,23.8,0.0,0.0,0.0,1.5,1.5,0.21,1.5,1.5,10.0,7.0,80.0,0.0,2.9,-0.1,1.0,1.0,0.0,0.0,4.0,13.0,30.8,32.0,6.0,28.1,31.7,7.0,57.1,38.3,11.0,3.0,27.3,1.0,13.3,188.0,318.0,59.1,3821.0,1729.0,63.0,94.0,67.0,90.0,130.0,69.2,29.0,77.0,37.7,0.0,0.1,0.1,2.0,10.0,4.0,1.0,13.0,318.0,269.0,49.0,7.0,0.0,2.0,11.0,30.0,2.0,1.0,1.0,0.0,188.0,0.0,6.0,7.0,6.0,0.0,0.0,0.0,0.0,1.0,3.0,3.0,0.0,0.0,0.0,0.0,0.0,14.0,10.0,7.0,7.0,0.0,9.0,20.0,45.0,11.0,5.0,1.0,4.0,16.0,30.0,7.0,0.0,45.0,397.0,45.0,177.0,142.0,81.0,9.0,397.0,9.0,7.0,77.8,2.0,22.2,148.0,1105.0,648.0,11.0,6.0,2.0,14.0,17.0,186.0,12.0,3.0,0.0,0.0,15.0,5.0,0.0,11.0,16.0,10.0,0.0,1.0,0.0,28.0,5.0,13.0,27.8,13.0,9.0,69.2,0.15,0.22,17.2,1.0,1.0,1.0,2.1,1.3,0.1,0.9,0.7,5.0,2.0,40.0,0.0,1.1,-1.9,0.0,0.0,0.0,0.0,2.0,11.0,18.2,27.0,4.0,29.6,33.4,3.0,100.0,46.0,6.0,1.0,16.7,0.0,7.7,252.0,384.0,65.6,4883.0,2425.0,99.0,123.0,80.5,110.0,151.0,72.8,38.0,93.0,40.9,1.0,0.8,1.2,8.0,23.0,6.0,0.0,32.0,384.0,338.0,44.0,13.0,3.0,0.0,16.0,22.0,2.0,0.0,2.0,0.0,252.0,2.0,4.0,23.0,14.0,4.0,0.0,2.0,3.0,0.0,5.0,1.0,2.0,0.0,1.0,1.0,0.0,19.0,15.0,9.0,9.0,1.0,2.0,9.0,22.2,7.0,6.0,1.0,5.0,14.0,33.0,11.0,1.0,55.0,481.0,41.0,183.0,206.0,100.0,16.0,480.0,20.0,11.0,55.0,9.0,45.0,273.0,1378.0,522.0,10.0,7.0,0.0,25.0,5.0,248.0,31.0,1.0,0.0,0.0,5.0,15.0,2.0,16.0,14.0,15.0,1.0,0.0,0.0,40.0,13.0,5.0,72.2
2024-03-02,14:30,D1 Fém,Matchweek 16,Sat,Home,L,0.0,2.0,Lille,Guingamp,0.6,1.9,56.0,563.0,Gwenaëlle Devleesschauwer,4-2-3-1,Alexandra Collin,17.0,7.0,41.2,0.0,0.0,20.9,0.0,0.0,0.0,0.6,0.6,0.03,-0.6,-0.6,5.0,3.0,80.0,0.0,2.0,0.0,1.0,1.0,0.0,0.0,3.0,7.0,42.9,33.0,8.0,18.2,30.8,10.0,20.0,22.3,8.0,1.0,12.5,2.0,17.3,288.0,412.0,69.9,6447.0,2933.0,65.0,99.0,65.7,162.0,205.0,79.0,58.0,91.0,63.7,0.0,0.5,0.7,12.0,28.0,7.0,2.0,39.0,412.0,341.0,69.0,8.0,0.0,2.0,19.0,41.0,7.0,4.0,2.0,0.0,288.0,2.0,12.0,27.0,19.0,3.0,0.0,4.0,0.0,1.0,0.0,0.0,0.0,0.0,0.0,0.0,0.0,20.0,12.0,14.0,4.0,2.0,12.0,14.0,85.7,2.0,13.0,3.0,10.0,12.0,32.0,21.0,1.0,56.0,541.0,64.0,229.0,170.0,145.0,24.0,541.0,17.0,10.0,58.8,7.0,41.2,151.0,947.0,433.0,13.0,8.0,4.0,26.0,17.0,288.0,39.0,2.0,0.0,0.0,12.0,7.0,2.0,19.0,12.0,12.0,0.0,1.0,0.0,47.0,9.0,10.0,47.4,10.0,3.0,30.0,0.0,0.0,21.8,1.0,1.0,1.0,1.9,1.1,0.05,0.1,-0.1,7.0,7.0,100.0,1.0,0.6,0.6,0.0,0.0,0.0,0.0,4.0,19.0,21.1,28.0,2.0,46.4,31.6,7.0,85.7,45.1,16.0,0.0,0.0,0.0,9.0,197.0,327.0,60.2,3124.0,1521.0,103.0,146.0,70.5,71.0,105.0,67.6,14.0,53.0,26.4,1.0,0.8,0.2,6.0,13.0,2.0,0.0,20.0,327.0,270.0,57.0,12.0,1.0,0.0,9.0,34.0,3.0,1.0,1.0,1.0,197.0,0.0,9.0,17.0,10.0,2.0,0.0,1.0,3.0,1.0,4.0,2.0,0.0,0.0,0.0,1.0,1.0,24.0,15.0,11.0,7.0,6.0,7.0,17.0,41.2,10.0,14.0,3.0,11.0,22.0,46.0,28.0,0.0,44.0,461.0,64.0,189.0,163.0,111.0,8.0,460.0,12.0,2.0,16.7,10.0,83.3,223.0,1129.0,561.0,10.0,4.0,0.0,16.0,6.0,189.0,18.0,1.0,0.0,0.0,8.0,11.0,0.0,9.0,22.0,15.0,1.0,0.0,0.0,60.0,10.0,9.0,52.6
2024-03-16,14:30,D1 Fém,Matchweek 17,Sat,Away,,,,Lille,Stade de Reims,,,,,,,,,,,,,,,,,,,,,,,,,,,,,,,,,,,,,,,,,,,,,,,,,,,,,,,,,,,,,,,,,,,,,,,,,,,,,,,,,,,,,,,,,,,,,,,,,,,,,,,,,,,,,,,,,,,,,,,,,,,,,,,,,,,,,,,,,,,,,,,,,,,,,,,,,,,,,,,,,,,,,,,,,,,,,,,,,,,,,,,,,,,,,,,,,,,,,,,,,,,,,,,,,,,,,,,,,,,,,,,,,,,,,,,,,,,,,,,,,,,,,,,,,,,,,,,,,,,,,,,,,,,,,,,,,,,,,,,,,,,,,,,,,,,,,,,,,
2024-03-23,13:30,D1 Fém,Matchweek 18,Sat,Home,,,,Lille,Lyon,,,,,,,,,,,,,,,,,,,,,,,,,,,,,,,,,,,,,,,,,,,,,,,,,,,,,,,,,,,,,,,,,,,,,,,,,,,,,,,,,,,,,,,,,,,,,,,,,,,,,,,,,,,,,,,,,,,,,,,,,,,,,,,,,,,,,,,,,,,,,,,,,,,,,,,,,,,,,,,,,,,,,,,,,,,,,,,,,,,,,,,,,,,,,,,,,,,,,,,,,,,,,,,,,,,,,,,,,,,,,,,,,,,,,,,,,,,,,,,,,,,,,,,,,,,,,,,,,,,,,,,,,,,,,,,,,,,,,,,,,,,,,,,,,,,,,,,,,
2024-03-30,14:30,D1 Fém,Matchweek 19,Sat,Away,,,,Lille,Fleury,,,,,,,,,,,,,,,,,,,,,,,,,,,,,,,,,,,,,,,,,,,,,,,,,,,,,,,,,,,,,,,,,,,,,,,,,,,,,,,,,,,,,,,,,,,,,,,,,,,,,,,,,,,,,,,,,,,,,,,,,,,,,,,,,,,,,,,,,,,,,,,,,,,,,,,,,,,,,,,,,,,,,,,,,,,,,,,,,,,,,,,,,,,,,,,,,,,,,,,,,,,,,,,,,,,,,,,,,,,,,,,,,,,,,,,,,,,,,,,,,,,,,,,,,,,,,,,,,,,,,,,,,,,,,,,,,,,,,,,,,,,,,,,,,,,,,,,,,
2024-04-13,15:00,D1 Fém,Matchweek 20,Sat,Away,,,,Lille,Montpellier,,,,,,,,,,,,,,,,,,,,,,,,,,,,,,,,,,,,,,,,,,,,,,,,,,,,,,,,,,,,,,,,,,,,,,,,,,,,,,,,,,,,,,,,,,,,,,,,,,,,,,,,,,,,,,,,,,,,,,,,,,,,,,,,,,,,,,,,,,,,,,,,,,,,,,,,,,,,,,,,,,,,,,,,,,,,,,,,,,,,,,,,,,,,,,,,,,,,,,,,,,,,,,,,,,,,,,,,,,,,,,,,,,,,,,,,,,,,,,,,,,,,,,,,,,,,,,,,,,,,,,,,,,,,,,,,,,,,,,,,,,,,,,,,,,,,,,,,,
2024-04-24,14:30,D1 Fém,Matchweek 21,Wed,Home,,,,Lille,Bordeaux,,,,,,,,,,,,,,,,,,,,,,,,,,,,,,,,,,,,,,,,,,,,,,,,,,,,,,,,,,,,,,,,,,,,,,,,,,,,,,,,,,,,,,,,,,,,,,,,,,,,,,,,,,,,,,,,,,,,,,,,,,,,,,,,,,,,,,,,,,,,,,,,,,,,,,,,,,,,,,,,,,,,,,,,,,,,,,,,,,,,,,,,,,,,,,,,,,,,,,,,,,,,,,,,,,,,,,,,,,,,,,,,,,,,,,,,,,,,,,,,,,,,,,,,,,,,,,,,,,,,,,,,,,,,,,,,,,,,,,,,,,,,,,,,,,,,,,,,,
2024-05-08,14:30,D1 Fém,Matchweek 22,Wed,Away,,,,Lille,Saint-Étienne,,,,,,,,,,,,,,,,,,,,,,,,,,,,,,,,,,,,,,,,,,,,,,,,,,,,,,,,,,,,,,,,,,,,,,,,,,,,,,,,,,,,,,,,,,,,,,,,,,,,,,,,,,,,,,,,,,,,,,,,,,,,,,,,,,,,,,,,,,,,,,,,,,,,,,,,,,,,,,,,,,,,,,,,,,,,,,,,,,,,,,,,,,,,,,,,,,,,,,,,,,,,,,,,,,,,,,,,,,,,,,,,,,,,,,,,,,,,,,,,,,,,,,,,,,,,,,,,,,,,,,,,,,,,,,,,,,,,,,,,,,,,,,,,,,,,,,,,,
2023-09-17,21:00,D1 Fém,Matchweek 1,Sun,Home,L,0.0,3.0,Bordeaux,Paris S-G,0.2,2.2,26.0,2453.0,Andréa Lardez,4-1-4-1,Clémence Goncalves,4.0,0.0,0.0,0.0,,23.0,0.0,0.0,0.0,0.2,0.2,0.04,-0.2,-0.2,8.0,5.0,75.0,0.0,2.6,-0.4,1.0,1.0,0.0,0.0,5.0,16.0,31.3,34.0,2.0,35.3,35.3,7.0,57.1,38.9,12.0,0.0,0.0,0.0,6.7,160.0,257.0,62.3,3431.0,1644.0,40.0,56.0,71.4,93.0,119.0,78.2,26.0,70.0,37.1,0.0,0.2,0.2,4.0,17.0,0.0,0.0,18.0,257.0,211.0,41.0,11.0,0.0,0.0,7.0,16.0,3.0,3.0,0.0,0.0,160.0,5.0,4.0,7.0,6.0,0.0,1.0,0.0,0.0,0.0,0.0,0.0,0.0,0.0,0.0,0.0,0.0,17.0,10.0,7.0,10.0,0.0,12.0,20.0,60.0,8.0,22.0,1.0,21.0,17.0,34.0,14.0,0.0,26.0,354.0,55.0,160.0,141.0,59.0,4.0,354.0,9.0,4.0,44.4,5.0,55.6,118.0,921.0,373.0,8.0,3.0,3.0,15.0,5.0,158.0,18.0,0.0,0.0,0.0,9.0,7.0,5.0,7.0,17.0,10.0,0.0,1.0,0.0,53.0,2.0,6.0,25.0,10.0,7.0,70.0,0.2,0.29,20.1,0.0,1.0,1.0,2.2,1.4,0.15,0.8,0.6,0.0,0.0,,1.0,0.0,0.0,0.0,0.0,0.0,0.0,1.0,3.0,33.3,27.0,4.0,11.1,22.3,3.0,0.0,14.7,6.0,1.0,16.7,0.0,13.5,615.0,723.0,85.1,10742.0,3702.0,261.0,288.0,90.6,275.0,303.0,90.8,60.0,89.0,67.4,2.0,1.3,0.7,8.0,40.0,5.0,0.0,50.0,723.0,668.0,51.0,13.0,1.0,2.0,14.0,30.0,4.0,2.0,0.0,0.0,615.0,4.0,21.0,22.0,14.0,1.0,3.0,1.0,2.0,1.0,6.0,5.0,0.0,0.0,0.0,1.0,0.0,10.0,6.0,4.0,5.0,1.0,5.0,9.0,55.6,4.0,5.0,2.0,3.0,10.0,20.0,9.0,0.0,74.0,793.0,40.0,243.0,417.0,136.0,15.0,792.0,20.0,8.0,40.0,12.0,60.0,391.0,2202.0,1125.0,16.0,12.0,3.0,10.0,5.0,608.0,48.0,1.0,0.0,0.0,7.0,8.0,4.0,14.0,10.0,6.0,1.0,0.0,0.0,56.0,6.0,2.0,75.0
2023-09-30,15:00,D1 Fém,Matchweek 2,Sat,Home,D,1.0,1.0,Bordeaux,Le Havre,0.9,1.6,31.0,852.0,Andréa Lardez,4-3-3,Victoria Beyer,5.0,1.0,20.0,0.0,0.0,27.7,0.0,1.0,1.0,0.9,0.1,0.02,0.1,-0.1,6.0,5.0,83.3,0.0,1.7,0.7,0.0,0.0,0.0,0.0,6.0,18.0,33.3,29.0,8.0,41.4,32.6,10.0,60.0,38.7,25.0,2.0,8.0,0.0,6.8,146.0,246.0,59.3,3196.0,1644.0,47.0,60.0,78.3,70.0,109.0,64.2,28.0,68.0,41.2,0.0,0.1,0.1,5.0,10.0,2.0,0.0,14.0,246.0,198.0,44.0,10.0,0.0,0.0,8.0,19.0,3.0,3.0,0.0,0.0,146.0,4.0,4.0,10.0,5.0,1.0,2.0,0.0,1.0,1.0,1.0,1.0,0.0,0.0,0.0,0.0,0.0,13.0,7.0,8.0,3.0,2.0,7.0,16.0,43.8,9.0,12.0,4.0,8.0,18.0,31.0,25.0,0.0,31.0,360.0,90.0,218.0,106.0,44.0,6.0,359.0,17.0,9.0,52.9,8.0,47.1,160.0,832.0,311.0,7.0,4.0,0.0,20.0,5.0,142.0,13.0,1.0,0.0,0.0,15.0,6.0,4.0,8.0,18.0,7.0,0.0,0.0,0.0,63.0,2.0,11.0,15.4,16.0,6.0,37.5,0.06,0.17,16.9,1.0,0.0,0.0,1.6,1.6,0.1,-0.6,-0.6,2.0,1.0,100.0,0.0,1.0,0.0,1.0,1.0,0.0,0.0,5.0,7.0,71.4,39.0,4.0,17.9,24.2,4.0,0.0,16.8,8.0,0.0,0.0,1.0,13.0,402.0,538.0,74.7,8450.0,3035.0,106.0,141.0,75.2,237.0,268.0,88.4,57.0,114.0,50.0,1.0,1.2,1.0,10.0,38.0,7.0,1.0,43.0,538.0,472.0,62.0,18.0,0.0,0.0,30.0,28.0,10.0,9.0,0.0,0.0,402.0,4.0,10.0,26.0,15.0,2.0,3.0,3.0,3.0,0.0,2.0,2.0,0.0,0.0,0.0,0.0,0.0,13.0,11.0,2.0,10.0,1.0,8.0,17.0,47.1,9.0,4.0,2.0,2.0,14.0,27.0,8.0,0.0,69.0,614.0,38.0,171.0,277.0,172.0,25.0,614.0,16.0,9.0,56.3,7.0,43.8,408.0,2464.0,1148.0,12.0,13.0,4.0,16.0,6.0,390.0,41.0,2.0,0.0,0.0,7.0,14.0,4.0,30.0,14.0,11.0,0.0,1.0,0.0,61.0,11.0,2.0,84.6
2023-10-08,21:00,D1 Fém,Matchweek 3,Sun,Away,L,0.0,4.0,Bordeaux,Lyon,0.1,3.0,30.0,750.0,Andréa Lardez,4-3-3,Alexandra Collin,1.0,0.0,0.0,0.0,,7.2,0.0,0.0,0.0,0.1,0.1,0.08,-0.1,-0.1,6.0,2.0,50.0,0.0,3.6,-0.4,1.0,1.0,0.0,0.0,9.0,41.0,22.0,42.0,1.0,61.9,42.3,16.0,93.8,46.1,26.0,2.0,7.7,0.0,6.0,161.0,284.0,56.7,3245.0,1490.0,58.0,89.0,65.2,79.0,105.0,75.2,23.0,75.0,30.7,0.0,0.1,0.0,1.0,6.0,1.0,1.0,11.0,284.0,235.0,49.0,8.0,0.0,0.0,8.0,20.0,0.0,0.0,0.0,0.0,161.0,0.0,12.0,2.0,1.0,0.0,1.0,0.0,0.0,0.0,0.0,0.0,0.0,0.0,0.0,0.0,0.0,15.0,8.0,12.0,1.0,2.0,11.0,16.0,68.8,5.0,9.0,2.0,7.0,18.0,33.0,35.0,0.0,30.0,396.0,90.0,252.0,119.0,28.0,2.0,396.0,9.0,3.0,33.3,6.0,66.7,140.0,630.0,328.0,4.0,0.0,0.0,16.0,8.0,158.0,10.0,0.0,0.0,0.0,9.0,4.0,0.0,8.0,18.0,8.0,0.0,1.0,0.0,52.0,6.0,16.0,27.3,20.0,5.0,25.0,0.15,0.6,13.3,1.0,1.0,1.0,3.0,2.2,0.11,1.0,0.8,0.0,0.0,,1.0,0.0,0.0,0.0,0.0,0.0,0.0,1.0,1.0,100.0,29.0,2.0,3.4,21.8,2.0,0.0,31.5,5.0,0.0,0.0,4.0,24.2,530.0,658.0,80.5,10114.0,4010.0,168.0,206.0,81.6,308.0,353.0,87.3,51.0,76.0,67.1,2.0,1.6,2.9,15.0,76.0,17.0,6.0,89.0,658.0,619.0,35.0,7.0,2.0,0.0,32.0,19.0,6.0,5.0,1.0,0.0,530.0,4.0,10.0,38.0,29.0,3.0,0.0,3.0,3.0,0.0,7.0,4.0,1.0,0.0,1.0,1.0,0.0,14.0,8.0,2.0,6.0,6.0,6.0,9.0,66.7,3.0,11.0,0.0,11.0,16.0,30.0,3.0,0.0,70.0,758.0,25.0,127.0,357.0,278.0,35.0,757.0,16.0,5.0,31.3,11.0,68.8,433.0,1693.0,802.0,15.0,11.0,3.0,17.0,4.0,522.0,89.0,1.0,0.0,0.0,4.0,9.0,4.0,32.0,16.0,8.0,1.0,0.0,0.0,73.0,16.0,6.0,72.7
2023-10-13,18:30,D1 Fém,Matchweek 4,Fri,Home,D,1.0,1.0,Bordeaux,Montpellier,1.2,1.2,40.0,467.0,Andréa Lardez,4-3-3,Elisa Daupeux,10.0,4.0,40.0,0.0,0.0,21.7,0.0,1.0,1.0,1.2,0.4,0.04,-0.2,-0.4,4.0,3.0,75.0,0.0,0.5,-0.5,0.0,0.0,0.0,0.0,7.0,19.0,36.8,21.0,5.0,61.9,41.8,11.0,54.5,38.9,20.0,0.0,0.0,0.0,5.8,184.0,325.0,56.6,3619.0,2140.0,77.0,120.0,64.2,72.0,116.0,62.1,34.0,74.0,45.9,0.0,0.4,0.4,9.0,20.0,5.0,3.0,30.0,325.0,266.0,57.0,14.0,0.0,2.0,12.0,27.0,3.0,3.0,0.0,0.0,184.0,2.0,9.0,20.0,15.0,1.0,3.0,0.0,0.0,1.0,1.0,1.0,0.0,0.0,0.0,0.0,0.0,11.0,6.0,5.0,4.0,2.0,4.0,13.0,30.8,9.0,11.0,1.0,10.0,19.0,30.0,27.0,0.0,40.0,446.0,56.0,184.0,169.0,105.0,17.0,445.0,21.0,9.0,42.9,12.0,57.1,218.0,1351.0,702.0,19.0,9.0,8.0,21.0,5.0,179.0,27.0,3.0,0.0,0.0,11.0,9.0,2.0,12.0,19.0,6.0,0.0,0.0,0.0,81.0,12.0,17.0,41.4,15.0,4.0,26.7,0.07,0.25,19.2,0.0,0.0,0.0,1.2,1.2,0.08,-0.2,-0.2,5.0,4.0,100.0,0.0,1.4,0.4,1.0,1.0,0.0,0.0,2.0,3.0,66.7,15.0,5.0,6.7,22.9,9.0,22.2,31.3,8.0,1.0,12.5,0.0,3.0,331.0,479.0,69.1,5895.0,2741.0,140.0,179.0,78.2,162.0,210.0,77.1,26.0,70.0,37.1,1.0,1.1,0.9,14.0,28.0,6.0,3.0,43.0,479.0,418.0,58.0,13.0,0.0,2.0,25.0,28.0,6.0,4.0,2.0,0.0,331.0,3.0,15.0,27.0,21.0,2.0,2.0,1.0,1.0,0.0,2.0,2.0,0.0,0.0,0.0,0.0,0.0,17.0,13.0,8.0,7.0,2.0,12.0,21.0,57.1,9.0,11.0,2.0,9.0,15.0,32.0,16.0,0.0,60.0,572.0,44.0,182.0,265.0,130.0,20.0,572.0,13.0,9.0,69.2,4.0,30.8,306.0,1915.0,1019.0,14.0,12.0,4.0,21.0,7.0,327.0,42.0,1.0,0.0,0.0,13.0,9.0,3.0,25.0,15.0,13.0,0.0,1.0,0.0,70.0,17.0,12.0,58.6
2023-10-21,15:00,D1 Fém,Matchweek 5,Sat,Away,L,0.0,1.0,Bordeaux,Guingamp,0.7,0.9,49.0,420.0,Andréa Lardez,4-3-3,Charlène Laur,14.0,3.0,21.4,0.0,0.0,19.3,0.0,0.0,0.0,0.7,0.7,0.05,-0.7,-0.7,3.0,2.0,66.7,0.0,0.6,-0.4,0.0,0.0,0.0,0.0,1.0,18.0,5.6,32.0,5.0,37.5,35.3,7.0,85.7,47.6,11.0,2.0,18.2,0.0,7.4,242.0,386.0,62.7,5622.0,2327.0,35.0,72.0,48.6,161.0,203.0,79.3,45.0,107.0,42.1,0.0,0.5,0.4,8.0,23.0,1.0,0.0,22.0,386.0,325.0,61.0,16.0,0.0,2.0,15.0,29.0,7.0,4.0,2.0,0.0,242.0,0.0,4.0,21.0,11.0,5.0,4.0,0.0,1.0,0.0,0.0,0.0,0.0,0.0,0.0,0.0,0.0,13.0,11.0,7.0,4.0,2.0,4.0,12.0,33.3,8.0,7.0,2.0,5.0,10.0,23.0,16.0,0.0,49.0,473.0,47.0,205.0,169.0,101.0,14.0,473.0,8.0,6.0,75.0,2.0,25.0,171.0,904.0,323.0,7.0,2.0,3.0,6.0,8.0,238.0,22.0,3.0,0.0,0.0,11.0,14.0,0.0,15.0,10.0,11.0,0.0,0.0,0.0,63.0,11.0,5.0,68.8,13.0,3.0,23.1,0.08,0.33,22.4,2.0,0.0,0.0,0.9,0.9,0.07,0.1,0.1,3.0,2.0,100.0,1.0,0.4,0.4,0.0,0.0,0.0,0.0,4.0,10.0,40.0,35.0,2.0,20.0,27.3,7.0,42.9,38.0,14.0,4.0,28.6,0.0,3.4,272.0,405.0,67.2,5257.0,2328.0,100.0,135.0,74.1,132.0,176.0,75.0,37.0,78.0,47.4,1.0,0.7,0.4,10.0,20.0,4.0,2.0,23.0,405.0,339.0,64.0,9.0,0.0,1.0,13.0,44.0,3.0,1.0,1.0,0.0,272.0,2.0,4.0,24.0,13.0,5.0,1.0,1.0,4.0,0.0,2.0,1.0,0.0,1.0,0.0,0.0,0.0,10.0,8.0,5.0,4.0,1.0,2.0,8.0,25.0,6.0,6.0,3.0,3.0,14.0,24.0,24.0,0.0,51.0,504.0,70.0,234.0,180.0,96.0,10.0,504.0,12.0,8.0,66.7,4.0,33.3,234.0,1281.0,661.0,8.0,6.0,1.0,14.0,9.0,266.0,23.0,3.0,1.0,1.0,14.0,11.0,2.0,13.0,14.0,8.0,0.0,0.0,0.0,51.0,5.0,11.0,31.3
2023-11-04,14:30,D1 Fém,Matchweek 6,Sat,Home,L,0.0,2.0,Bordeaux,Stade de Reims,1.1,1.5,55.0,826.0,Hillary Diaz,4-3-3,Alexandra Collin,11.0,0.0,0.0,0.0,,17.4,0.0,0.0,0.0,1.1,1.1,0.1,-1.1,-1.1,5.0,3.0,60.0,0.0,0.9,-1.1,0.0,0.0,0.0,0.0,3.0,9.0,33.3,13.0,3.0,38.5,33.6,13.0,30.8,33.7,9.0,0.0,0.0,1.0,18.5,229.0,381.0,60.1,4471.0,2384.0,88.0,140.0,62.9,105.0,145.0,72.4,33.0,69.0,47.8,0.0,0.9,1.0,7.0,32.0,9.0,2.0,38.0,381.0,310.0,70.0,11.0,1.0,0.0,19.0,37.0,6.0,5.0,1.0,0.0,229.0,1.0,9.0,19.0,13.0,5.0,0.0,0.0,1.0,0.0,0.0,0.0,0.0,0.0,0.0,0.0,0.0,15.0,13.0,6.0,8.0,1.0,12.0,14.0,85.7,2.0,5.0,1.0,4.0,9.0,24.0,26.0,0.0,55.0,487.0,47.0,154.0,203.0,142.0,20.0,487.0,10.0,6.0,60.0,4.0,40.0,178.0,1152.0,618.0,14.0,7.0,2.0,28.0,7.0,227.0,38.0,2.0,0.0,0.0,15.0,10.0,1.0,19.0,9.0,13.0,0.0,0.0,0.0,61.0,1.0,4.0,20.0,13.0,5.0,38.5,0.15,0.4,17.3,1.0,0.0,0.0,1.5,1.5,0.12,0.5,0.5,0.0,0.0,,1.0,0.0,0.0,0.0,0.0,0.0,0.0,2.0,5.0,40.0,6.0,2.0,16.7,29.2,12.0,33.3,27.0,17.0,1.0,5.9,0.0,7.0,148.0,266.0,55.6,2539.0,1511.0,71.0,96.0,74.0,54.0,88.0,61.4,16.0,61.0,26.2,1.0,1.2,0.6,9.0,13.0,7.0,0.0,21.0,266.0,202.0,63.0,15.0,0.0,0.0,8.0,30.0,5.0,3.0,2.0,0.0,148.0,1.0,4.0,22.0,13.0,3.0,1.0,1.0,3.0,1.0,4.0,2.0,0.0,0.0,0.0,2.0,0.0,10.0,8.0,6.0,2.0,2.0,4.0,9.0,44.4,5.0,12.0,4.0,8.0,5.0,15.0,26.0,0.0,45.0,386.0,51.0,142.0,141.0,105.0,17.0,386.0,14.0,2.0,14.3,12.0,85.7,126.0,655.0,204.0,6.0,6.0,1.0,22.0,3.0,164.0,22.0,1.0,0.0,0.0,8.0,14.0,1.0,8.0,5.0,8.0,0.0,0.0,0.0,54.0,4.0,1.0,80.0
2023-11-11,14:00,D1 Fém,Matchweek 7,Sat,Away,L,1.0,2.0,Bordeaux,Fleury,1.2,1.4,41.0,153.0,Hillary Diaz,4-3-3,Victoria Beyer,10.0,6.0,60.0,0.1,0.17,19.7,1.0,0.0,0.0,1.2,1.2,0.12,-0.2,-0.2,7.0,5.0,71.4,0.0,2.0,0.0,0.0,0.0,0.0,0.0,6.0,18.0,33.3,26.0,3.0,34.6,33.5,13.0,69.2,41.5,17.0,0.0,0.0,0.0,6.6,256.0,362.0,70.7,5016.0,2531.0,98.0,121.0,81.0,124.0,161.0,77.0,34.0,74.0,45.9,1.0,1.1,0.8,8.0,20.0,7.0,4.0,28.0,362.0,308.0,54.0,11.0,1.0,1.0,13.0,25.0,2.0,2.0,0.0,0.0,256.0,0.0,6.0,19.0,13.0,2.0,2.0,1.0,1.0,0.0,2.0,2.0,0.0,0.0,0.0,0.0,0.0,20.0,15.0,11.0,9.0,0.0,10.0,15.0,66.7,5.0,19.0,4.0,15.0,18.0,38.0,29.0,0.0,41.0,490.0,75.0,189.0,244.0,62.0,9.0,490.0,11.0,3.0,27.3,8.0,72.7,279.0,1207.0,524.0,5.0,5.0,1.0,24.0,8.0,251.0,26.0,1.0,0.0,0.0,11.0,10.0,0.0,13.0,18.0,15.0,0.0,0.0,0.0,42.0,4.0,5.0,44.4,17.0,7.0,41.2,0.12,0.29,20.0,1.0,0.0,0.0,1.4,1.4,0.09,0.6,0.6,6.0,5.0,83.3,0.0,1.9,0.9,0.0,0.0,0.0,0.0,0.0,2.0,0.0,22.0,5.0,4.5,22.9,4.0,25.0,29.5,11.0,0.0,0.0,1.0,30.0,394.0,524.0,75.2,6769.0,2638.0,167.0,216.0,77.3,187.0,219.0,85.4,33.0,67.0,49.3,1.0,1.0,0.7,9.0,35.0,13.0,3.0,53.0,524.0,469.0,53.0,10.0,1.0,0.0,23.0,29.0,8.0,5.0,1.0,0.0,394.0,2.0,16.0,32.0,24.0,3.0,1.0,2.0,1.0,1.0,4.0,2.0,0.0,0.0,1.0,1.0,0.0,16.0,16.0,5.0,8.0,3.0,8.0,11.0,72.7,3.0,5.0,1.0,4.0,10.0,26.0,10.0,0.0,59.0,614.0,37.0,149.0,334.0,139.0,24.0,614.0,15.0,5.0,33.3,10.0,66.7,384.0,2091.0,1198.0,23.0,13.0,9.0,16.0,10.0,387.0,51.0,2.0,0.0,0.0,10.0,11.0,2.0,23.0,10.0,16.0,0.0,0.0,0.0,59.0,5.0,4.0,55.6
2023-11-19,21:00,D1 Fém,Matchweek 8,Sun,Away,L,0.0,1.0,Bordeaux,Paris FC,0.1,1.9,29.0,1621.0,Hillary Diaz,4-3-3,Clémence Goncalves,3.0,2.0,66.7,0.0,0.0,25.5,0.0,0.0,0.0,0.1,0.1,0.03,-0.1,-0.1,7.0,6.0,85.7,0.0,1.1,0.1,0.0,0.0,0.0,0.0,6.0,25.0,24.0,29.0,2.0,69.0,42.8,6.0,83.3,45.7,15.0,0.0,0.0,0.0,9.5,145.0,276.0,52.5,2617.0,1437.0,69.0,98.0,70.4,48.0,90.0,53.3,23.0,69.0,33.3,0.0,0.0,0.0,2.0,11.0,0.0,0.0,16.0,276.0,232.0,42.0,9.0,0.0,0.0,4.0,23.0,2.0,1.0,1.0,0.0,145.0,2.0,6.0,5.0,3.0,0.0,0.0,0.0,1.0,1.0,0.0,0.0,0.0,0.0,0.0,0.0,0.0,25.0,19.0,16.0,8.0,1.0,14.0,27.0,51.9,13.0,18.0,6.0,12.0,33.0,58.0,28.0,2.0,29.0,442.0,77.0,218.0,200.0,31.0,2.0,442.0,18.0,4.0,22.2,14.0,77.8,137.0,869.0,380.0,8.0,3.0,1.0,32.0,11.0,144.0,16.0,0.0,0.0,0.0,9.0,7.0,2.0,4.0,33.0,19.0,0.0,0.0,0.0,71.0,9.0,10.0,47.4,18.0,7.0,38.9,0.06,0.14,14.7,0.0,0.0,0.0,1.9,1.9,0.13,-0.9,-0.9,2.0,2.0,100.0,1.0,0.2,0.2,0.0,0.0,0.0,0.0,2.0,9.0,22.2,50.0,6.0,18.0,26.4,1.0,0.0,16.0,3.0,1.0,33.3,0.0,13.0,523.0,669.0,78.2,9455.0,3770.0,209.0,251.0,83.3,258.0,309.0,83.5,47.0,79.0,59.5,1.0,1.2,1.9,10.0,45.0,10.0,1.0,64.0,669.0,611.0,56.0,11.0,4.0,0.0,18.0,37.0,6.0,0.0,0.0,6.0,523.0,2.0,13.0,25.0,14.0,3.0,3.0,4.0,1.0,0.0,2.0,1.0,0.0,1.0,0.0,0.0,0.0,25.0,18.0,4.0,18.0,3.0,14.0,18.0,77.8,4.0,7.0,0.0,7.0,12.0,37.0,4.0,0.0,71.0,802.0,44.0,211.0,386.0,215.0,31.0,802.0,27.0,13.0,48.1,14.0,51.9,369.0,2280.0,1035.0,16.0,9.0,6.0,39.0,11.0,516.0,64.0,0.0,0.0,0.0,7.0,9.0,2.0,18.0,12.0,18.0,0.0,0.0,0.0,88.0,10.0,9.0,52.6
2023-11-25,14:30,D1 Fém,Matchweek 9,Sat,Home,W,3.0,0.0,Bordeaux,Lille,1.3,0.6,44.0,836.0,Hillary Diaz,4-3-3,Aurélie Efe,10.0,7.0,70.0,0.3,0.43,15.0,0.0,0.0,0.0,1.3,1.3,0.15,1.7,1.7,4.0,4.0,100.0,1.0,0.7,0.7,0.0,0.0,0.0,0.0,9.0,20.0,45.0,26.0,5.0,57.7,41.3,7.0,71.4,44.1,14.0,1.0,7.1,0.0,10.0,183.0,305.0,60.0,4301.0,2647.0,57.0,81.0,70.4,78.0,117.0,66.7,47.0,94.0,50.0,2.0,1.0,0.4,5.0,23.0,11.0,1.0,31.0,305.0,257.0,47.0,14.0,0.0,0.0,16.0,22.0,3.0,1.0,2.0,0.0,183.0,1.0,9.0,17.0,12.0,2.0,0.0,2.0,0.0,1.0,5.0,4.0,0.0,0.0,1.0,0.0,0.0,20.0,14.0,8.0,9.0,3.0,9.0,20.0,45.0,11.0,14.0,3.0,11.0,11.0,31.0,17.0,0.0,44.0,407.0,55.0,174.0,160.0,85.0,12.0,407.0,8.0,4.0,50.0,4.0,50.0,203.0,1187.0,446.0,10.0,6.0,2.0,15.0,8.0,181.0,31.0,3.0,0.0,0.0,18.0,14.0,1.0,16.0,11.0,14.0,0.0,0.0,0.0,51.0,7.0,8.0,46.7,8.0,4.0,50.0,0.0,0.0,18.1,0.0,0.0,0.0,0.6,0.6,0.08,-0.6,-0.6,7.0,4.0,57.1,0.0,2.6,-0.4,0.0,0.0,0.0,0.0,4.0,9.0,44.4,20.0,5.0,35.0,28.7,9.0,22.2,23.1,13.0,0.0,0.0,1.0,17.7,253.0,394.0,64.2,4711.0,2572.0,92.0,127.0,72.4,119.0,164.0,72.6,34.0,79.0,43.0,0.0,0.6,0.6,7.0,24.0,3.0,2.0,23.0,394.0,318.0,76.0,19.0,0.0,1.0,14.0,40.0,4.0,0.0,0.0,3.0,253.0,0.0,11.0,14.0,7.0,3.0,0.0,1.0,2.0,1.0,0.0,0.0,0.0,0.0,0.0,0.0,0.0,12.0,11.0,3.0,8.0,1.0,4.0,8.0,50.0,4.0,10.0,2.0,8.0,12.0,24.0,13.0,0.0,56.0,482.0,54.0,165.0,208.0,114.0,13.0,482.0,20.0,11.0,55.0,9.0,45.0,224.0,1238.0,591.0,8.0,5.0,1.0,17.0,11.0,251.0,22.0,1.0,0.0,0.0,15.0,18.0,0.0,14.0,12.0,11.0,0.0,0.0,0.0,61.0,8.0,7.0,53.3
2023-12-09,14:30,D1 Fém,Matchweek 10,Sat,Away,L,0.0,1.0,Bordeaux,Dijon,0.7,1.7,45.0,498.0,Hillary Diaz,4-3-3,Charlène Laur,7.0,3.0,42.9,0.0,0.0,24.3,1.0,0.0,0.0,0.7,0.7,0.11,-0.7,-0.7,5.0,4.0,80.0,0.0,1.4,0.4,0.0,0.0,0.0,0.0,4.0,14.0,28.6,43.0,6.0,27.9,31.3,14.0,14.3,21.5,22.0,1.0,4.5,1.0,9.7,254.0,403.0,63.0,5479.0,2833.0,62.0,93.0,66.7,148.0,201.0,73.6,43.0,99.0,43.4,0.0,0.6,0.7,4.0,25.0,2.0,1.0,22.0,403.0,354.0,48.0,10.0,0.0,1.0,11.0,20.0,2.0,2.0,0.0,0.0,254.0,1.0,12.0,9.0,7.0,0.0,0.0,0.0,1.0,1.0,0.0,0.0,0.0,0.0,0.0,0.0,0.0,20.0,15.0,7.0,9.0,4.0,9.0,20.0,45.0,11.0,18.0,6.0,12.0,8.0,28.0,24.0,0.0,45.0,511.0,79.0,248.0,204.0,64.0,7.0,511.0,10.0,2.0,20.0,8.0,80.0,173.0,1057.0,521.0,13.0,3.0,1.0,15.0,8.0,253.0,21.0,0.0,1.0,0.0,8.0,7.0,1.0,11.0,8.0,15.0,0.0,0.0,0.0,70.0,14.0,9.0,60.9,18.0,5.0,27.8,0.06,0.2,17.6,0.0,0.0,0.0,1.7,1.7,0.1,-0.7,-0.7,3.0,3.0,100.0,1.0,0.5,0.5,0.0,0.0,0.0,0.0,2.0,5.0,40.0,32.0,4.0,9.4,24.3,5.0,40.0,30.8,9.0,0.0,0.0,2.0,18.5,331.0,493.0,67.1,5875.0,2909.0,139.0,177.0,78.5,155.0,196.0,79.1,27.0,83.0,32.5,1.0,1.1,0.9,10.0,36.0,7.0,0.0,48.0,493.0,435.0,54.0,9.0,1.0,3.0,26.0,27.0,12.0,12.0,0.0,0.0,331.0,4.0,15.0,27.0,19.0,4.0,1.0,3.0,0.0,0.0,2.0,2.0,0.0,0.0,0.0,0.0,0.0,16.0,13.0,7.0,8.0,1.0,8.0,10.0,80.0,2.0,11.0,1.0,10.0,10.0,26.0,16.0,0.0,55.0,605.0,53.0,189.0,284.0,144.0,22.0,605.0,20.0,11.0,55.0,9.0,45.0,290.0,1812.0,864.0,15.0,10.0,5.0,17.0,11.0,326.0,46.0,1.0,0.0,0.0,7.0,7.0,4.0,26.0,10.0,13.0,0.0,0.0,0.0,82.0,9.0,14.0,39.1
2023-12-16,17:45,D1 Fém,Matchweek 11,Sat,Home,L,1.0,4.0,Bordeaux,Saint-Étienne,1.5,2.8,54.0,1000.0,Hillary Diaz,4-3-3,Romy Fournier,11.0,3.0,27.3,0.09,0.33,14.3,0.0,0.0,0.0,1.5,1.5,0.14,-0.5,-0.5,10.0,6.0,60.0,0.0,3.7,-0.3,0.0,0.0,0.0,0.0,0.0,2.0,0.0,21.0,2.0,9.5,25.0,1.0,0.0,20.0,4.0,0.0,0.0,1.0,15.4,277.0,389.0,71.2,5825.0,2639.0,82.0,110.0,74.5,151.0,183.0,82.5,41.0,70.0,58.6,0.0,1.2,0.7,9.0,34.0,4.0,1.0,36.0,389.0,323.0,58.0,12.0,0.0,0.0,17.0,34.0,6.0,1.0,5.0,0.0,277.0,8.0,11.0,16.0,9.0,3.0,1.0,1.0,2.0,0.0,1.0,0.0,0.0,1.0,0.0,0.0,0.0,15.0,10.0,5.0,7.0,3.0,6.0,11.0,54.5,5.0,11.0,2.0,9.0,11.0,26.0,11.0,2.0,54.0,499.0,33.0,143.0,230.0,131.0,22.0,499.0,18.0,6.0,33.3,12.0,66.7,226.0,1626.0,922.0,13.0,6.0,5.0,25.0,9.0,273.0,34.0,2.0,0.0,0.0,13.0,10.0,8.0,17.0,11.0,10.0,0.0,0.0,0.0,48.0,8.0,7.0,53.3,14.0,10.0,71.4,0.29,0.4,15.6,3.0,0.0,0.0,2.8,2.8,0.21,1.2,1.2,3.0,2.0,66.7,0.0,1.6,0.6,0.0,0.0,0.0,0.0,7.0,19.0,36.8,38.0,6.0,36.8,30.8,8.0,62.5,41.4,11.0,3.0,27.3,3.0,15.5,215.0,337.0,63.8,4197.0,2298.0,73.0,98.0,74.5,106.0,141.0,75.2,27.0,74.0,36.5,2.0,1.0,0.5,7.0,15.0,2.0,0.0,21.0,337.0,279.0,56.0,18.0,0.0,0.0,7.0,25.0,3.0,1.0,1.0,1.0,215.0,2.0,10.0,25.0,15.0,5.0,0.0,2.0,3.0,0.0,6.0,3.0,2.0,0.0,1.0,0.0,0.0,21.0,14.0,8.0,11.0,2.0,12.0,18.0,66.7,6.0,11.0,4.0,7.0,8.0,29.0,18.0,1.0,46.0,442.0,60.0,187.0,189.0,75.0,18.0,442.0,11.0,5.0,45.5,6.0,54.5,197.0,1155.0,566.0,12.0,10.0,5.0,13.0,9.0,213.0,21.0,5.0,0.0,0.0,10.0,11.0,2.0,7.0,8.0,14.0,0.0,0.0,0.0,38.0,7.0,8.0,46.7
2024-01-20,16:00,D1 Fém,Matchweek 13,Sat,Away,L,1.0,8.0,Bordeaux,Paris S-G,0.9,7.0,31.0,516.0,Hillary Diaz,4-3-3,Romy Fournier,4.0,1.0,25.0,0.25,1.0,17.0,1.0,0.0,0.0,0.9,0.9,0.23,0.1,0.1,21.0,13.0,66.7,0.0,9.3,1.3,1.0,1.0,0.0,0.0,2.0,6.0,33.3,34.0,9.0,17.6,28.4,7.0,0.0,23.1,16.0,0.0,0.0,0.0,8.0,265.0,351.0,75.5,5046.0,2436.0,109.0,124.0,87.9,114.0,147.0,77.6,38.0,66.0,57.6,1.0,0.8,0.9,3.0,19.0,2.0,0.0,12.0,351.0,314.0,37.0,12.0,1.0,0.0,8.0,9.0,0.0,0.0,0.0,0.0,265.0,0.0,6.0,8.0,7.0,0.0,0.0,0.0,1.0,0.0,2.0,2.0,0.0,0.0,0.0,0.0,0.0,16.0,10.0,11.0,5.0,0.0,10.0,21.0,47.6,11.0,15.0,6.0,9.0,13.0,29.0,39.0,1.0,31.0,485.0,104.0,302.0,131.0,59.0,7.0,485.0,10.0,6.0,60.0,4.0,40.0,218.0,1256.0,619.0,10.0,7.0,2.0,24.0,7.0,260.0,11.0,0.0,0.0,0.0,6.0,8.0,0.0,8.0,13.0,10.0,0.0,1.0,0.0,56.0,2.0,9.0,18.2,32.0,20.0,62.5,0.22,0.35,13.7,0.0,1.0,1.0,7.0,6.2,0.2,1.0,0.8,1.0,0.0,0.0,0.0,0.4,-0.6,0.0,0.0,0.0,0.0,0.0,0.0,,18.0,2.0,0.0,19.3,5.0,0.0,22.6,5.0,1.0,20.0,0.0,10.7,679.0,784.0,86.6,12195.0,4411.0,275.0,300.0,91.7,353.0,390.0,90.5,48.0,72.0,66.7,4.0,4.2,3.5,22.0,67.0,23.0,6.0,76.0,784.0,740.0,39.0,5.0,8.0,1.0,23.0,20.0,7.0,2.0,2.0,0.0,679.0,5.0,10.0,55.0,42.0,3.0,3.0,5.0,1.0,1.0,13.0,9.0,0.0,1.0,2.0,1.0,0.0,11.0,7.0,3.0,5.0,3.0,4.0,10.0,40.0,6.0,7.0,0.0,7.0,10.0,21.0,5.0,0.0,69.0,870.0,36.0,195.0,415.0,268.0,50.0,869.0,21.0,11.0,52.4,10.0,47.6,476.0,3089.0,1467.0,18.0,20.0,7.0,10.0,6.0,672.0,75.0,0.0,0.0,0.0,8.0,5.0,5.0,23.0,10.0,7.0,1.0,0.0,0.0,74.0,9.0,2.0,81.8
2024-02-03,14:30,D1 Fém,Matchweek 14,Sat,Home,D,1.0,1.0,Bordeaux,Guingamp,2.2,0.4,62.0,748.0,Fiona Liaigre,4-3-3,Charlène Laur,15.0,5.0,33.3,0.07,0.2,17.0,0.0,0.0,0.0,2.2,2.2,0.15,-1.2,-1.2,1.0,0.0,0.0,0.0,0.8,-0.2,0.0,0.0,0.0,0.0,3.0,6.0,50.0,32.0,4.0,6.3,22.3,6.0,66.7,39.2,11.0,3.0,27.3,3.0,13.8,337.0,473.0,71.2,6391.0,2759.0,116.0,161.0,72.0,188.0,235.0,80.0,32.0,72.0,44.4,1.0,2.2,1.3,12.0,28.0,7.0,1.0,41.0,473.0,413.0,59.0,14.0,0.0,0.0,16.0,32.0,5.0,2.0,2.0,0.0,337.0,1.0,12.0,25.0,19.0,1.0,2.0,2.0,1.0,0.0,1.0,0.0,0.0,0.0,1.0,0.0,0.0,29.0,18.0,6.0,19.0,4.0,13.0,20.0,65.0,7.0,14.0,1.0,13.0,12.0,41.0,13.0,0.0,62.0,603.0,41.0,200.0,274.0,141.0,18.0,603.0,22.0,9.0,40.9,13.0,59.1,297.0,1761.0,788.0,15.0,18.0,4.0,27.0,8.0,334.0,39.0,1.0,0.0,0.0,11.0,10.0,1.0,16.0,12.0,18.0,0.0,0.0,0.0,63.0,13.0,9.0,59.1,4.0,1.0,25.0,0.25,1.0,13.8,0.0,0.0,0.0,0.4,0.4,0.11,0.6,0.6,5.0,4.0,80.0,0.0,2.3,1.3,0.0,0.0,0.0,0.0,5.0,16.0,31.3,20.0,2.0,40.0,35.2,10.0,80.0,42.6,15.0,2.0,13.3,1.0,13.2,156.0,294.0,53.1,3514.0,1868.0,38.0,65.0,58.5,87.0,131.0,66.4,31.0,84.0,36.9,1.0,0.4,0.4,3.0,15.0,2.0,0.0,19.0,294.0,236.0,54.0,12.0,0.0,1.0,10.0,27.0,3.0,2.0,1.0,0.0,156.0,4.0,13.0,7.0,2.0,2.0,0.0,1.0,2.0,0.0,2.0,0.0,1.0,0.0,0.0,1.0,0.0,21.0,11.0,11.0,10.0,0.0,13.0,22.0,59.1,9.0,14.0,3.0,11.0,11.0,32.0,11.0,0.0,38.0,399.0,48.0,166.0,178.0,63.0,11.0,399.0,18.0,7.0,38.9,11.0,61.1,122.0,817.0,371.0,9.0,3.0,4.0,15.0,16.0,148.0,17.0,2.0,0.0,0.0,10.0,10.0,4.0,10.0,11.0,11.0,0.0,0.0,0.0,48.0,9.0,13.0,40.9
2024-02-10,13:30,D1 Fém,Matchweek 15,Sat,Home,L,2.0,6.0,Bordeaux,Paris FC,1.8,3.2,39.0,504.0,Fiona Liaigre,4-3-3,Céline Jeannot,7.0,3.0,42.9,0.29,0.67,13.8,0.0,0.0,0.0,1.8,1.8,0.26,0.2,0.2,9.0,3.0,33.3,0.0,3.3,-2.7,0.0,0.0,0.0,0.0,7.0,23.0,30.4,33.0,6.0,48.5,37.8,8.0,87.5,45.9,13.0,2.0,15.4,2.0,22.0,203.0,320.0,63.4,3793.0,1807.0,93.0,116.0,80.2,79.0,114.0,69.3,28.0,78.0,35.9,0.0,0.5,0.2,4.0,8.0,2.0,1.0,19.0,320.0,275.0,44.0,12.0,0.0,0.0,17.0,10.0,7.0,3.0,3.0,0.0,203.0,1.0,7.0,14.0,10.0,2.0,0.0,1.0,1.0,0.0,4.0,2.0,1.0,0.0,0.0,1.0,0.0,15.0,12.0,12.0,2.0,1.0,9.0,15.0,60.0,6.0,11.0,6.0,5.0,12.0,27.0,28.0,2.0,39.0,426.0,79.0,203.0,172.0,56.0,11.0,426.0,12.0,6.0,50.0,6.0,50.0,154.0,1168.0,503.0,13.0,5.0,4.0,15.0,6.0,196.0,18.0,1.0,0.0,0.0,10.0,12.0,1.0,17.0,12.0,12.0,0.0,0.0,0.0,46.0,6.0,6.0,50.0,18.0,9.0,50.0,0.33,0.67,16.5,0.0,0.0,0.0,3.2,3.2,0.18,2.8,2.8,3.0,1.0,33.3,0.0,2.1,0.1,0.0,0.0,0.0,0.0,3.0,9.0,33.3,39.0,9.0,17.9,29.9,5.0,40.0,31.4,15.0,3.0,20.0,1.0,13.0,380.0,495.0,76.8,8916.0,3802.0,76.0,102.0,74.5,214.0,244.0,87.7,87.0,140.0,62.1,4.0,2.7,2.4,11.0,52.0,15.0,2.0,60.0,495.0,445.0,50.0,11.0,4.0,3.0,14.0,26.0,4.0,2.0,1.0,1.0,380.0,0.0,5.0,28.0,22.0,1.0,3.0,1.0,1.0,0.0,10.0,8.0,0.0,1.0,1.0,0.0,0.0,12.0,9.0,2.0,7.0,3.0,6.0,12.0,50.0,6.0,5.0,1.0,4.0,7.0,19.0,12.0,1.0,61.0,591.0,51.0,190.0,254.0,154.0,37.0,591.0,15.0,6.0,40.0,9.0,60.0,335.0,1836.0,803.0,17.0,5.0,8.0,23.0,6.0,375.0,60.0,1.0,0.0,0.0,12.0,10.0,0.0,14.0,7.0,9.0,0.0,0.0,0.0,46.0,6.0,6.0,50.0
2024-02-17,14:30,D1 Fém,Matchweek 12,Sat,Away,D,1.0,1.0,Bordeaux,Le Havre,1.4,1.5,42.0,866.0,Laura Bourgouin,4-3-3,Audrey Gerbel,9.0,3.0,33.3,0.0,0.0,22.0,1.0,1.0,1.0,1.4,0.6,0.07,-0.4,-0.6,9.0,8.0,88.9,0.0,1.6,0.6,0.0,0.0,0.0,0.0,6.0,13.0,46.2,45.0,6.0,22.2,27.8,5.0,60.0,33.6,24.0,0.0,0.0,0.0,11.5,292.0,401.0,72.8,6014.0,2711.0,79.0,96.0,82.3,172.0,208.0,82.7,40.0,87.0,46.0,0.0,0.4,0.3,5.0,16.0,2.0,1.0,19.0,401.0,359.0,42.0,10.0,0.0,2.0,16.0,23.0,2.0,1.0,1.0,0.0,292.0,0.0,8.0,18.0,11.0,2.0,1.0,0.0,3.0,1.0,2.0,1.0,0.0,0.0,0.0,1.0,0.0,6.0,2.0,3.0,3.0,0.0,3.0,11.0,27.3,8.0,11.0,6.0,5.0,24.0,30.0,34.0,1.0,42.0,524.0,79.0,267.0,191.0,70.0,11.0,523.0,15.0,8.0,53.3,7.0,46.7,231.0,1555.0,687.0,13.0,6.0,4.0,26.0,6.0,288.0,19.0,1.0,0.0,0.0,7.0,11.0,0.0,16.0,24.0,2.0,1.0,0.0,0.0,53.0,8.0,7.0,53.3,19.0,9.0,47.4,0.05,0.11,18.8,1.0,0.0,0.0,1.5,1.5,0.08,-0.5,-0.5,4.0,3.0,100.0,0.0,1.3,0.3,1.0,1.0,0.0,0.0,2.0,9.0,22.2,23.0,6.0,17.4,25.0,7.0,71.4,37.4,13.0,0.0,0.0,2.0,22.0,443.0,565.0,78.4,7735.0,3270.0,193.0,220.0,87.7,197.0,233.0,84.5,45.0,93.0,48.4,1.0,1.1,1.6,13.0,36.0,10.0,2.0,50.0,565.0,514.0,50.0,6.0,2.0,0.0,29.0,28.0,7.0,5.0,2.0,0.0,443.0,1.0,5.0,32.0,23.0,5.0,0.0,2.0,1.0,1.0,2.0,2.0,0.0,0.0,0.0,0.0,0.0,13.0,9.0,5.0,4.0,4.0,7.0,15.0,46.7,8.0,10.0,2.0,8.0,16.0,29.0,9.0,0.0,58.0,661.0,52.0,212.0,282.0,175.0,28.0,661.0,11.0,8.0,72.7,3.0,27.3,469.0,2412.0,969.0,11.0,9.0,5.0,26.0,3.0,440.0,50.0,1.0,0.0,0.0,11.0,7.0,1.0,29.0,16.0,9.0,0.0,1.0,0.0,55.0,7.0,8.0,46.7
2024-03-02,14:30,D1 Fém,Matchweek 16,Sat,Away,L,1.0,2.0,Bordeaux,Montpellier,0.4,2.4,37.0,261.0,Laura Bourgouin,5-3-2,Aurélie Efe,8.0,1.0,12.5,0.13,1.0,24.0,0.0,0.0,0.0,0.4,0.4,0.05,0.6,0.6,4.0,2.0,50.0,0.0,1.5,-0.5,0.0,0.0,0.0,0.0,2.0,15.0,13.3,32.0,7.0,34.4,31.2,10.0,40.0,28.1,18.0,1.0,5.6,2.0,14.4,243.0,369.0,65.9,4073.0,1820.0,112.0,138.0,81.2,107.0,160.0,66.9,18.0,54.0,33.3,1.0,0.4,0.3,6.0,17.0,2.0,2.0,27.0,369.0,319.0,49.0,8.0,0.0,1.0,14.0,27.0,1.0,0.0,1.0,0.0,243.0,1.0,6.0,11.0,8.0,2.0,0.0,1.0,0.0,0.0,2.0,2.0,0.0,0.0,0.0,0.0,0.0,22.0,11.0,16.0,4.0,2.0,12.0,22.0,54.5,10.0,12.0,2.0,10.0,12.0,34.0,24.0,0.0,37.0,481.0,67.0,241.0,155.0,91.0,10.0,481.0,18.0,8.0,44.4,10.0,55.6,268.0,1415.0,810.0,16.0,9.0,4.0,12.0,13.0,240.0,26.0,0.0,0.0,0.0,10.0,8.0,1.0,14.0,12.0,11.0,0.0,0.0,0.0,58.0,7.0,7.0,50.0,14.0,4.0,28.6,0.14,0.5,17.2,0.0,0.0,0.0,2.4,2.4,0.17,-0.4,-0.4,1.0,0.0,0.0,0.0,0.4,-0.6,0.0,0.0,0.0,0.0,0.0,2.0,0.0,19.0,5.0,10.5,23.6,5.0,0.0,17.2,12.0,1.0,8.3,4.0,20.3,511.0,637.0,80.2,9932.0,4168.0,171.0,203.0,84.2,280.0,321.0,87.2,59.0,103.0,57.3,1.0,2.4,1.8,13.0,57.0,8.0,1.0,40.0,637.0,590.0,47.0,11.0,2.0,0.0,24.0,24.0,5.0,3.0,0.0,0.0,511.0,0.0,12.0,21.0,13.0,4.0,2.0,1.0,1.0,0.0,3.0,1.0,1.0,0.0,0.0,1.0,0.0,23.0,13.0,10.0,8.0,5.0,10.0,18.0,55.6,8.0,10.0,4.0,6.0,15.0,38.0,10.0,0.0,63.0,745.0,39.0,263.0,288.0,198.0,30.0,745.0,22.0,10.0,45.5,12.0,54.5,477.0,2770.0,1034.0,14.0,11.0,8.0,22.0,10.0,507.0,40.0,1.0,0.0,0.0,8.0,10.0,0.0,24.0,15.0,13.0,0.0,0.0,0.0,64.0,7.0,7.0,50.0
2024-03-16,14:30,D1 Fém,Matchweek 17,Sat,Home,,,,Bordeaux,Dijon,,,,,,,,,,,,,,,,,,,,,,,,,,,,,,,,,,,,,,,,,,,,,,,,,,,,,,,,,,,,,,,,,,,,,,,,,,,,,,,,,,,,,,,,,,,,,,,,,,,,,,,,,,,,,,,,,,,,,,,,,,,,,,,,,,,,,,,,,,,,,,,,,,,,,,,,,,,,,,,,,,,,,,,,,,,,,,,,,,,,,,,,,,,,,,,,,,,,,,,,,,,,,,,,,,,,,,,,,,,,,,,,,,,,,,,,,,,,,,,,,,,,,,,,,,,,,,,,,,,,,,,,,,,,,,,,,,,,,,,,,,,,,,,,,,,,,,,,,
2024-03-23,14:30,D1 Fém,Matchweek 18,Sat,Away,,,,Bordeaux,Saint-Étienne,,,,,,,,,,,,,,,,,,,,,,,,,,,,,,,,,,,,,,,,,,,,,,,,,,,,,,,,,,,,,,,,,,,,,,,,,,,,,,,,,,,,,,,,,,,,,,,,,,,,,,,,,,,,,,,,,,,,,,,,,,,,,,,,,,,,,,,,,,,,,,,,,,,,,,,,,,,,,,,,,,,,,,,,,,,,,,,,,,,,,,,,,,,,,,,,,,,,,,,,,,,,,,,,,,,,,,,,,,,,,,,,,,,,,,,,,,,,,,,,,,,,,,,,,,,,,,,,,,,,,,,,,,,,,,,,,,,,,,,,,,,,,,,,,,,,,,,,,
2024-03-30,14:30,D1 Fém,Matchweek 19,Sat,Away,,,,Bordeaux,Stade de Reims,,,,,,,,,,,,,,,,,,,,,,,,,,,,,,,,,,,,,,,,,,,,,,,,,,,,,,,,,,,,,,,,,,,,,,,,,,,,,,,,,,,,,,,,,,,,,,,,,,,,,,,,,,,,,,,,,,,,,,,,,,,,,,,,,,,,,,,,,,,,,,,,,,,,,,,,,,,,,,,,,,,,,,,,,,,,,,,,,,,,,,,,,,,,,,,,,,,,,,,,,,,,,,,,,,,,,,,,,,,,,,,,,,,,,,,,,,,,,,,,,,,,,,,,,,,,,,,,,,,,,,,,,,,,,,,,,,,,,,,,,,,,,,,,,,,,,,,,,
2024-04-13,15:00,D1 Fém,Matchweek 20,Sat,Home,,,,Bordeaux,Fleury,,,,,,,,,,,,,,,,,,,,,,,,,,,,,,,,,,,,,,,,,,,,,,,,,,,,,,,,,,,,,,,,,,,,,,,,,,,,,,,,,,,,,,,,,,,,,,,,,,,,,,,,,,,,,,,,,,,,,,,,,,,,,,,,,,,,,,,,,,,,,,,,,,,,,,,,,,,,,,,,,,,,,,,,,,,,,,,,,,,,,,,,,,,,,,,,,,,,,,,,,,,,,,,,,,,,,,,,,,,,,,,,,,,,,,,,,,,,,,,,,,,,,,,,,,,,,,,,,,,,,,,,,,,,,,,,,,,,,,,,,,,,,,,,,,,,,,,,,
2024-04-24,14:30,D1 Fém,Matchweek 21,Wed,Away,,,,Bordeaux,Lille,,,,,,,,,,,,,,,,,,,,,,,,,,,,,,,,,,,,,,,,,,,,,,,,,,,,,,,,,,,,,,,,,,,,,,,,,,,,,,,,,,,,,,,,,,,,,,,,,,,,,,,,,,,,,,,,,,,,,,,,,,,,,,,,,,,,,,,,,,,,,,,,,,,,,,,,,,,,,,,,,,,,,,,,,,,,,,,,,,,,,,,,,,,,,,,,,,,,,,,,,,,,,,,,,,,,,,,,,,,,,,,,,,,,,,,,,,,,,,,,,,,,,,,,,,,,,,,,,,,,,,,,,,,,,,,,,,,,,,,,,,,,,,,,,,,,,,,,,
2024-05-08,14:30,D1 Fém,Matchweek 22,Wed,Home,,,,Bordeaux,Lyon,,,,,,,,,,,,,,,,,,,,,,,,,,,,,,,,,,,,,,,,,,,,,,,,,,,,,,,,,,,,,,,,,,,,,,,,,,,,,,,,,,,,,,,,,,,,,,,,,,,,,,,,,,,,,,,,,,,,,,,,,,,,,,,,,,,,,,,,,,,,,,,,,,,,,,,,,,,,,,,,,,,,,,,,,,,,,,,,,,,,,,,,,,,,,,,,,,,,,,,,,,,,,,,,,,,,,,,,,,,,,,,,,,,,,,,,,,,,,,,,,,,,,,,,,,,,,,,,,,,,,,,,,,,,,,,,,,,,,,,,,,,,,,,,,,,,,,,,,
