Date,Time,Comp,Round,Day,Venue,Result,GF,GA,Team,Opponent,xG,xGA,Poss,Attendance,Captain,Formation,Referee,Sh,SoT,SoT%,G/Sh,G/SoT,Dist,FK,PK,PKatt,xG,npxG,npxG/Sh,G-xG,np:G-xG,SoTA,Saves,Save%,CS,PSxG,PSxG+/-,PKatt,PKA,PKsv,PKm,Cmp,Att,Cmp%,Att (GK),Thr,Launch%,AvgLen,Att.1,Launch%.1,AvgLen.1,Opp,Stp,Stp%,#OPA,AvgDist,Cmp,Att,Cmp%,TotDist,PrgDist,Cmp.1,Att.1,Cmp%.1,Cmp.2,Att.2,Cmp%.2,Cmp.3,Att.3,Cmp%.3,Ast,xAG,xA,KP,1/3,PPA,CrsPA,PrgP,Att,Live,Dead,FK,TB,Sw,Crs,TI,CK,In,Out,Str,Cmp,Off,Blocks,SCA,PassLive,PassDead,TO,Sh,Fld,Def,GCA,PassLive.1,PassDead.1,TO.1,Sh.1,Fld.1,Def.1,Tkl,TklW,Def 3rd,Mid 3rd,Att 3rd,Tkl.1,Att,Tkl%,Lost,Blocks,Sh,Pass,Int,Tkl+Int,Clr,Err,Poss,Touches,Def Pen,Def 3rd,Mid 3rd,Att 3rd,Att Pen,Live,Att,Succ,Succ%,Tkld,Tkld%,Carries,TotDist,PrgDist,PrgC,1/3,CPA,Mis,Dis,Rec,PrgR,CrdY,CrdR,2CrdY,Fls,Fld,Off,Crs,Int,TklW,PKwon,PKcon,OG,Recov,Won,Lost,Won%,O_Sh,O_SoT,O_SoT%,O_G/Sh,O_G/SoT,O_Dist,O_FK,O_PK,O_PKatt,O_xG,O_npxG,O_npxG/Sh,O_G-xG,O_np:G-xG,O_SoTA,O_Saves,O_Save%,O_CS,O_PSxG,O_PSxG+/-,O_PKatt,O_PKA,O_PKsv,O_PKm,O_Cmp,O_Att,O_Cmp%,O_Att (GK),O_Thr,O_Launch%,O_AvgLen,O_Att.1,O_Launch%.1,O_AvgLen.1,O_Opp,O_Stp,O_Stp%,O_#OPA,O_AvgDist,O_Cmp,O_Att,O_Cmp%,O_TotDist,O_PrgDist,O_Cmp.1,O_Att.1,O_Cmp%.1,O_Cmp.2,O_Att.2,O_Cmp%.2,O_Cmp.3,O_Att.3,O_Cmp%.3,O_Ast,O_xAG,O_xA,O_KP,O_1/3,O_PPA,O_CrsPA,O_PrgP,O_Att,O_Live,O_Dead,O_FK,O_TB,O_Sw,O_Crs,O_TI,O_CK,O_In,O_Out,O_Str,O_Cmp,O_Off,O_Blocks,O_SCA,O_PassLive,O_PassDead,O_TO,O_Sh,O_Fld,O_Def,O_GCA,O_PassLive.1,O_PassDead.1,O_TO.1,O_Sh.1,O_Fld.1,O_Def.1,O_Tkl,O_TklW,O_Def 3rd,O_Mid 3rd,O_Att 3rd,O_Tkl.1,O_Att,O_Tkl%,O_Lost,O_Blocks,O_Sh,O_Pass,O_Int,O_Tkl+Int,O_Clr,O_Err,O_Poss,O_Touches,O_Def Pen,O_Def 3rd,O_Mid 3rd,O_Att 3rd,O_Att Pen,O_Live,O_Att,O_Succ,O_Succ%,O_Tkld,O_Tkld%,O_Carries,O_TotDist,O_PrgDist,O_PrgC,O_1/3,O_CPA,O_Mis,O_Dis,O_Rec,O_PrgR,O_CrdY,O_CrdR,O_2CrdY,O_Fls,O_Fld,O_Off,O_Crs,O_Int,O_TklW,O_PKwon,O_PKcon,O_OG,O_Recov,O_Won,O_Lost,O_Won%
2022-07-03,19:05,Liga MX,Apertura 2022 Regular Season,Sun,Away,L,3,4,Monterrey,Santos,2.3,3.9,51,13218.0,Celso Ortiz,4-2-3-1,Jorge Pérez,16,7,43.8,0.13,0.29,19.0,1,1,1,2.3,1.5,0.09,0.7,0.5,5,1,60.0,0.0,3.1,-0.9,2.0,2.0,0.0,0.0,10,22,45.5,23,2,65.2,43.2,12,58.3,44.6,16,1,6.3,0,2.0,219,326,67.2,4615,2430,91,115,79.1,88,121,72.7,39,75,52.0,1,1.3,1.2,13,12,10,4,31,326,284,40,4,3,0,16,13,6,2,4,0,219,2,1,29,22,2,0,2,2,1,5,3,0,0,1,1,0,11,10,6,5,0,2,8,25.0,6,9,6,3,10,21,15,0,51.0,424,61,147,194,92,18,423,14,7,50.0,7,50.0,173,873,414,8,13,0,10,13,214,29,4,0,0,19,6,2,16,10,10,1,2,0,53,26,22,54.2,17,3,17.6,0.12,0.67,18.0,3,2,2,3.9,2.4,0.14,0.1,-0.4,8,5,75.0,0.0,3.4,0.4,1.0,1.0,0.0,0.0,7,16,43.8,14,2,78.6,49.9,6,83.3,60.7,14,0,0.0,0,10.0,208,314,66.2,4223,2217,96,119,80.7,71,103,68.9,40,85,47.1,2,2.1,1.2,10,25,8,2,32,314,265,49,16,0,6,19,16,7,3,3,0,208,0,4,30,12,7,1,5,5,0,7,3,2,0,0,2,0,20,14,12,4,4,7,14,50.0,7,3,2,1,12,32,10,1,49.0,412,44,121,188,110,23,410,8,6,75.0,2,25.0,149,939,447,13,9,2,15,9,205,32,2,0,0,6,18,0,19,12,14,2,1,0,53,22,26,45.8
2022-07-09,21:05,Liga MX,Apertura 2022 Regular Season,Sat,Home,W,3,2,Monterrey,América,1.2,1.4,37,41342.0,Celso Ortiz,4-2-3-1,Marco Ortíz,19,8,42.1,0.16,0.38,20.7,0,0,0,1.2,1.2,0.07,1.8,1.8,3,1,33.3,0.0,1.4,-0.6,0.0,0.0,0.0,0.0,12,23,52.2,22,2,63.6,43.9,11,81.8,57.1,22,0,0.0,0,7.7,204,292,69.9,4188,2180,79,95,83.2,85,106,80.2,35,72,48.6,3,1.1,1.3,16,17,7,3,21,292,243,48,9,0,0,17,21,4,1,2,0,204,1,8,33,20,6,2,1,3,1,6,4,1,0,0,0,1,12,5,5,5,2,8,18,44.4,10,11,3,8,7,19,25,0,37.0,413,61,152,166,99,16,413,12,5,41.7,7,58.3,174,747,355,6,5,3,22,13,193,21,2,0,0,14,9,1,17,7,5,0,0,0,50,11,17,39.3,13,3,23.1,0.15,0.67,16.3,0,0,0,1.4,1.4,0.11,0.6,0.6,8,5,62.5,0.0,2.8,-0.2,0.0,0.0,0.0,0.0,13,19,68.4,24,5,62.5,39.8,5,80.0,50.4,13,0,0.0,0,5.0,390,498,78.3,7468,2602,182,206,88.3,145,171,84.8,59,99,59.6,2,1.3,0.8,10,36,8,2,37,498,452,46,15,0,8,27,14,8,4,4,0,390,0,8,21,16,1,0,4,0,0,4,4,0,0,0,0,0,20,10,4,14,2,7,12,58.3,5,13,7,6,6,26,14,1,63.0,612,49,147,319,151,15,612,18,10,55.6,8,44.4,330,1802,886,20,10,4,20,4,386,35,2,0,0,9,14,0,27,6,10,0,0,0,51,17,11,60.7
2022-07-17,17:00,Liga MX,Apertura 2022 Regular Season,Sun,Away,W,1,0,Monterrey,Atlético,1.7,0.8,63,14842.0,Celso Ortiz,4-2-3-1,Fernando Guerrero,18,4,22.2,0.0,0.0,24.1,0,1,1,1.7,1.0,0.06,-0.7,-1.0,1,1,100.0,1.0,0.0,0.0,0.0,0.0,0.0,0.0,6,11,54.5,19,1,47.4,39.5,6,33.3,34.3,13,1,7.7,1,14.2,431,517,83.4,8128,2733,185,202,91.6,187,205,91.2,52,82,63.4,0,0.7,0.4,15,42,2,0,58,517,478,38,8,2,5,17,19,4,1,2,0,431,1,16,33,26,4,0,2,0,1,1,0,0,0,1,0,0,16,10,8,6,2,12,19,63.2,7,8,3,5,8,24,17,0,63.0,623,40,148,309,171,10,622,9,2,22.2,6,66.7,321,1849,969,17,23,1,18,6,425,56,4,0,0,15,6,1,17,8,10,0,0,0,52,20,11,64.5,12,1,8.3,0.0,0.0,24.1,1,0,0,0.8,0.8,0.07,-0.8,-0.8,5,4,100.0,0.0,1.5,0.5,1.0,1.0,0.0,0.0,2,9,22.2,11,3,18.2,30.1,14,50.0,47.4,10,0,0.0,0,,212,305,69.5,4119,1752,77,96,80.2,97,121,80.2,30,69,43.5,0,0.6,0.6,8,15,4,1,22,305,250,54,15,1,6,13,19,4,2,2,0,212,1,5,20,15,1,2,1,1,0,0,0,0,0,0,0,0,12,5,10,1,1,6,8,75.0,2,13,3,10,9,21,17,0,37.0,407,46,141,198,74,6,407,21,7,33.3,12,57.1,199,1275,700,13,9,0,10,4,210,22,4,0,0,8,15,1,13,9,5,0,1,0,42,11,20,35.5
2022-07-21,21:00,Liga MX,Apertura 2022 Regular Season,Thu,Away,W,3,0,Monterrey,Querétaro,1.7,0.6,47,,Celso Ortiz,4-2-3-1,Luis Santander,15,6,40.0,0.2,0.5,16.8,1,0,0,1.7,1.7,0.12,1.3,1.3,5,5,100.0,1.0,0.4,0.4,0.0,0.0,0.0,0.0,6,14,42.9,33,5,36.4,36.5,6,33.3,25.8,9,0,0.0,0,,352,436,80.7,6566,2634,168,189,88.9,134,158,84.8,45,73,61.6,2,1.1,0.8,10,34,8,1,33,436,396,40,12,0,4,9,18,3,0,3,0,352,0,10,24,17,2,0,2,2,1,5,4,0,0,1,0,0,13,9,5,7,1,8,13,61.5,5,14,1,13,5,18,13,1,47.0,531,50,125,282,127,18,531,13,7,53.8,6,46.2,301,1525,905,18,9,6,15,4,351,33,1,0,0,14,9,0,9,5,9,0,0,0,43,11,14,44.0,10,5,50.0,0.0,0.0,20.7,1,0,0,0.6,0.6,0.06,-0.6,-0.6,6,3,50.0,0.0,1.3,-1.7,0.0,0.0,0.0,0.0,6,12,50.0,22,4,45.5,38.4,9,22.2,27.2,7,1,14.3,0,8.0,382,482,79.3,7837,2778,154,170,90.6,159,180,88.3,63,96,65.6,0,0.3,0.7,6,22,4,1,24,482,427,51,13,0,15,14,22,3,0,2,1,382,4,15,15,9,4,0,1,1,0,0,0,0,0,0,0,0,10,8,7,3,0,6,13,46.2,7,9,1,8,11,21,10,1,53.0,549,55,228,257,70,15,549,13,5,38.5,8,61.5,338,1894,865,11,12,1,6,5,379,24,1,0,0,9,12,4,14,11,8,0,0,0,46,14,11,56.0
2022-07-26,19:00,Liga MX,Apertura 2022 Regular Season,Tue,Home,W,1,0,Monterrey,Puebla,3.2,0.1,44,35893.0,Celso Ortiz,4-4-2,Óscar Macias,22,7,31.8,0.05,0.14,17.7,0,0,0,3.2,3.2,0.15,-2.2,-2.2,1,1,100.0,1.0,0.4,0.4,0.0,0.0,0.0,0.0,3,12,25.0,28,2,21.4,32.5,12,50.0,39.8,21,1,4.8,0,11.0,286,374,76.5,5372,2343,115,133,86.5,121,140,86.4,40,76,52.6,0,1.8,0.6,15,22,8,1,33,374,334,39,9,0,3,11,13,4,2,2,0,286,1,10,33,23,3,1,2,2,2,1,0,0,0,1,0,0,24,16,14,7,3,12,22,54.5,10,4,0,4,10,34,26,0,44.0,505,75,192,191,131,26,505,24,11,45.8,9,37.5,249,1493,742,14,9,3,11,13,283,32,2,0,0,12,9,1,11,10,16,0,0,0,51,20,10,66.7,4,1,25.0,0.0,0.0,27.9,0,0,0,0.1,0.1,0.03,-0.1,-0.1,7,6,85.7,0.0,2.2,1.2,0.0,0.0,0.0,0.0,3,10,30.0,19,5,47.4,40.8,9,11.1,27.8,10,1,10.0,0,14.2,362,473,76.5,7517,2529,133,153,86.9,166,196,84.7,61,111,55.0,0,0.0,0.6,1,32,4,3,31,473,425,48,13,0,15,25,18,6,2,3,0,362,0,6,3,2,0,0,0,0,1,0,0,0,0,0,0,0,22,8,13,9,0,9,20,45.0,11,13,3,10,7,29,11,1,56.0,576,58,182,256,144,17,576,23,10,43.5,12,52.2,278,1818,970,15,13,2,15,12,357,30,4,0,0,9,10,0,25,7,8,0,0,0,42,10,20,33.3
2022-07-31,12:00,Liga MX,Apertura 2022 Regular Season,Sun,Away,D,1,1,Monterrey,UNAM,0.4,0.6,43,26590.0,Héctor Moreno,4-2-3-1,Diego Montaño,7,2,28.6,0.0,0.0,18.6,0,0,0,0.4,0.4,0.05,-0.4,-0.4,7,6,85.7,0.0,1.1,0.1,0.0,0.0,0.0,0.0,10,15,66.7,38,6,21.1,30.1,14,50.0,42.6,21,1,4.8,0,9.0,305,393,77.6,5965,2578,124,145,85.5,134,155,86.5,38,65,58.5,0,0.4,0.6,6,17,7,4,27,393,341,50,11,0,6,14,22,1,0,0,0,305,2,10,14,13,1,0,0,0,0,0,0,0,0,0,0,0,16,10,8,8,0,10,21,47.6,11,10,1,9,12,28,29,0,43.0,496,85,212,203,83,12,496,12,5,41.7,6,50.0,301,1475,787,14,7,1,16,9,299,27,6,0,0,11,10,2,14,12,10,0,0,0,38,17,14,54.8,15,7,46.7,0.07,0.14,22.0,1,0,0,0.6,0.6,0.04,0.4,0.4,2,2,50.0,0.0,1.1,1.1,0.0,0.0,0.0,0.0,2,2,100.0,20,7,10.0,23.2,5,0.0,28.4,11,1,9.1,2,14.2,423,522,81.0,7671,3023,196,218,89.9,168,191,88.0,47,81,58.0,1,0.4,0.4,11,41,4,1,52,522,479,42,12,0,7,29,18,6,2,3,1,423,1,12,28,14,6,2,0,3,3,2,2,0,0,0,0,0,15,9,5,7,3,6,11,54.5,5,11,2,9,9,24,12,0,57.0,627,40,148,348,135,20,627,24,11,45.8,10,41.7,322,1840,897,23,15,5,12,6,420,52,1,0,0,10,10,1,29,9,9,0,0,1,54,14,17,45.2
2022-08-06,19:05,Liga MX,Apertura 2022 Regular Season,Sat,Home,W,5,1,Monterrey,León,4.0,1.2,29,37154.0,Celso Ortiz,3-5-2,Marco Ortíz,15,9,60.0,0.33,0.56,12.4,0,0,1,4.0,3.2,0.22,1.0,1.8,6,5,83.3,0.0,1.3,0.3,0.0,0.0,0.0,0.0,5,11,45.5,15,1,40.0,35.9,11,45.5,31.6,21,0,0.0,0,4.0,174,239,72.8,3658,1997,70,79,88.6,62,86,72.1,38,60,63.3,5,3.6,2.8,15,21,12,5,25,239,201,33,6,1,4,14,12,2,1,1,0,174,5,4,31,24,3,0,2,2,0,9,8,0,0,1,0,0,18,12,11,6,1,12,17,70.6,5,9,2,7,16,34,26,0,29.0,356,68,145,136,82,24,355,9,4,44.4,5,55.6,205,1066,524,11,11,1,12,5,171,25,0,0,0,10,9,5,14,16,12,1,0,0,42,10,10,50.0,13,6,46.2,0.08,0.17,13.6,0,0,0,1.2,1.2,0.1,-0.2,-0.2,10,4,50.0,0.0,5.0,0.0,1.0,0.0,1.0,0.0,4,6,66.7,28,5,14.3,29.6,6,33.3,31.5,14,1,7.1,1,16.0,501,594,84.3,9596,3196,203,222,91.4,216,247,87.4,73,102,71.6,0,1.2,1.5,10,34,10,2,40,594,535,59,15,0,8,26,24,8,3,4,0,501,0,9,22,14,5,1,1,1,0,1,0,1,0,0,0,0,10,6,2,5,3,5,9,55.6,4,5,1,4,6,16,9,0,71.0,665,51,173,315,180,25,665,17,5,29.4,12,70.6,396,2003,968,17,17,4,7,6,498,40,2,0,0,9,9,0,26,6,6,0,1,0,28,10,10,50.0
2022-08-12,21:00,Liga MX,Apertura 2022 Regular Season,Fri,Away,W,2,1,Monterrey,Necaxa,0.8,0.6,48,10704.0,Celso Ortiz,4-4-2,Guillermo Pacheco,17,6,35.3,0.12,0.33,20.1,1,0,0,0.8,0.8,0.05,1.2,1.2,4,3,75.0,0.0,0.6,-0.4,0.0,0.0,0.0,0.0,10,19,52.6,33,7,42.4,37.3,10,50.0,42.8,12,0,0.0,1,18.3,253,365,69.3,5541,2664,70,99,70.7,120,141,85.1,56,108,51.9,2,0.8,0.7,15,18,7,4,16,365,303,61,15,0,6,15,28,6,1,4,0,253,1,7,32,21,5,2,1,2,1,4,3,1,0,0,0,0,14,10,5,8,1,4,10,40.0,6,4,1,3,5,19,18,0,48.0,470,61,171,201,101,14,470,18,4,22.2,14,77.8,189,1091,595,11,7,1,14,8,251,16,2,0,0,9,12,1,15,5,10,0,0,0,49,25,18,58.1,14,4,28.6,0.07,0.25,24.6,0,0,0,0.6,0.6,0.04,0.4,0.4,6,4,66.7,0.0,1.2,-0.8,0.0,0.0,0.0,0.0,5,14,35.7,27,2,29.6,34.8,15,40.0,39.5,13,0,0.0,1,14.0,286,395,72.4,6322,2623,83,101,82.2,146,176,83.0,56,102,54.9,0,0.5,0.5,11,24,4,2,28,395,339,53,10,0,4,17,23,2,1,1,0,286,3,8,21,14,4,1,1,1,0,0,0,0,0,0,0,0,22,12,9,9,4,14,18,77.8,4,11,4,7,11,33,9,0,52.0,492,64,205,192,101,13,492,14,6,42.9,4,28.6,231,1319,718,14,12,0,14,10,285,28,2,0,0,13,8,3,17,11,12,0,0,0,51,18,25,41.9
2022-08-17,19:00,Liga MX,Apertura 2022 Regular Season,Wed,Away,D,1,1,Monterrey,Toluca,1.3,0.6,37,26509.0,Celso Ortiz,4-2-3-1,Daniel Quintero,15,4,26.7,0.07,0.25,20.1,0,0,0,1.3,1.3,0.09,-0.3,-0.3,2,1,50.0,0.0,0.1,-0.9,0.0,0.0,0.0,0.0,4,9,44.4,22,8,27.3,33.1,5,60.0,48.8,16,1,6.3,0,5.3,228,299,76.3,4544,1932,84,96,87.5,113,129,87.6,30,61,49.2,1,1.1,1.3,11,20,4,3,29,299,262,35,11,4,2,13,15,2,1,1,0,228,2,5,25,19,3,1,0,2,0,2,2,0,0,0,0,0,24,17,10,10,4,8,15,53.3,7,8,0,8,8,32,19,0,37.0,420,51,147,178,105,19,420,18,7,38.9,10,55.6,238,1501,793,17,14,7,17,12,225,29,3,0,0,17,8,2,13,8,17,0,0,0,53,15,10,60.0,5,2,40.0,0.2,0.5,13.2,0,0,0,0.6,0.6,0.13,0.4,0.4,4,3,75.0,0.0,1.0,0.0,0.0,0.0,0.0,0.0,7,13,53.8,25,3,36.0,33.4,15,26.7,33.0,11,0,0.0,2,20.0,425,516,82.4,7870,2928,172,194,88.7,185,208,88.9,53,84,63.1,1,0.6,0.9,4,30,5,1,41,516,455,59,18,0,3,20,14,10,3,7,0,425,2,7,7,2,2,0,1,2,0,1,0,0,0,1,0,0,22,10,13,8,1,10,17,58.8,7,9,4,5,9,31,11,0,63.0,614,59,218,287,115,16,614,18,7,38.9,8,44.4,449,2132,1102,20,13,3,11,16,423,41,2,0,0,9,16,2,20,9,10,0,0,0,51,10,15,40.0
2022-08-20,19:05,Liga MX,Apertura 2022 Regular Season,Sat,Home,D,0,0,Monterrey,UANL,0.7,0.6,48,52810.0,Celso Ortiz,4-2-3-1,Fernando Guerrero,13,1,7.7,0.0,0.0,20.6,0,0,0,0.7,0.7,0.06,-0.7,-0.7,3,3,100.0,1.0,0.6,0.6,0.0,0.0,0.0,0.0,4,7,57.1,16,0,25.0,30.3,4,75.0,59.3,14,1,7.1,0,8.5,235,317,74.1,4485,2163,91,102,89.2,112,135,83.0,28,65,43.1,0,0.7,0.4,10,23,4,0,24,317,270,46,15,1,4,16,19,7,5,2,0,235,1,6,20,12,4,2,1,1,0,0,0,0,0,0,0,0,22,16,13,9,0,8,15,53.3,7,4,3,1,15,37,15,0,48.0,413,39,124,200,99,10,413,18,12,66.7,5,27.8,237,1204,599,15,11,2,12,11,233,24,3,0,0,17,13,1,16,15,16,0,0,0,40,19,14,57.6,11,3,27.3,0.0,0.0,22.1,2,0,0,0.6,0.6,0.06,-0.6,-0.6,1,1,100.0,1.0,0.0,0.0,0.0,0.0,0.0,0.0,3,11,27.3,20,3,45.0,38.8,8,25.0,21.8,15,0,0.0,2,19.7,264,349,75.6,4434,1602,133,148,89.9,105,138,76.1,21,54,38.9,0,0.3,0.5,5,15,2,1,30,349,303,44,16,0,3,16,15,4,3,0,0,264,2,1,15,7,2,1,1,3,1,0,0,0,0,0,0,0,16,10,8,8,0,5,17,29.4,12,10,5,5,9,25,17,0,52.0,439,51,143,213,89,12,439,18,7,38.9,8,44.4,248,1419,754,12,12,0,10,14,262,30,2,0,0,13,17,2,16,9,10,0,0,0,37,14,19,42.4
2022-08-23,19:05,Liga MX,Apertura 2022 Regular Season,Tue,Away,L,0,1,Monterrey,Guadalajara,1.1,1.3,53,34279.0,Héctor Moreno,4-2-3-1,Luis Santander,14,7,50.0,0.0,0.0,16.8,0,0,0,1.1,1.1,0.08,-1.1,-1.1,3,2,66.7,0.0,1.1,0.1,0.0,0.0,0.0,0.0,1,11,9.1,35,2,28.6,31.6,10,10.0,22.1,13,0,0.0,0,7.3,360,468,76.9,6462,2740,177,201,88.1,137,163,84.0,43,80,53.8,0,1.1,1.2,13,29,11,4,39,468,408,58,12,0,4,30,25,9,2,6,0,360,2,13,25,19,3,2,1,0,0,0,0,0,0,0,0,0,13,8,7,6,0,9,13,69.2,4,5,3,2,8,21,10,0,53.0,569,53,159,254,164,26,569,22,10,45.5,10,45.5,305,1891,911,24,25,2,14,8,353,38,2,0,0,9,9,2,30,8,8,0,0,0,42,15,16,48.4,11,3,27.3,0.09,0.33,16.7,0,0,0,1.3,1.3,0.12,-0.3,-0.3,7,7,100.0,1.0,1.2,1.2,0.0,0.0,0.0,0.0,3,16,18.8,21,4,57.1,45.1,5,80.0,62.2,23,1,4.3,0,5.5,329,421,78.1,6550,2240,114,133,85.7,168,196,85.7,43,78,55.1,1,1.3,1.0,10,35,7,1,48,421,383,35,11,1,7,15,13,5,1,3,0,329,3,3,21,14,3,0,1,2,1,2,2,0,0,0,0,0,18,10,8,10,0,10,20,50.0,10,10,2,8,7,25,31,0,47.0,544,64,171,267,116,21,544,16,4,25.0,9,56.3,276,1821,964,14,14,4,16,4,324,47,1,0,0,9,7,3,15,7,10,0,0,0,54,16,15,51.6
2022-08-28,19:05,Liga MX,Apertura 2022 Regular Season,Sun,Away,W,3,0,Monterrey,Tijuana,1.7,0.8,64,24433.0,Héctor Moreno,4-2-3-1,Brian Gonzalez,18,5,27.8,0.11,0.4,19.6,0,1,1,1.7,1.0,0.06,1.3,1.0,5,5,100.0,1.0,0.6,0.6,0.0,0.0,0.0,0.0,3,7,42.9,24,6,16.7,27.5,5,60.0,51.8,18,0,0.0,0,,393,501,78.4,7080,2478,162,189,85.7,194,232,83.6,31,65,47.7,1,0.6,0.7,13,39,12,4,51,501,447,52,8,1,3,33,23,15,10,4,0,393,2,5,28,21,2,0,4,0,1,3,3,0,0,0,0,0,14,8,5,8,1,4,11,36.4,7,15,5,10,9,23,14,0,64.0,620,46,140,283,205,32,619,17,6,35.3,6,35.3,335,1662,1105,16,13,2,18,5,392,50,1,0,0,10,5,2,33,9,8,0,0,0,43,17,24,41.5,13,5,38.5,0.0,0.0,17.3,0,0,0,0.8,0.8,0.06,-0.8,-0.8,6,3,66.7,0.0,1.9,-1.1,1.0,1.0,0.0,0.0,6,17,35.3,21,4,42.9,40.0,11,72.7,50.9,30,2,6.7,0,9.3,188,286,65.7,3527,1948,94,119,79.0,62,89,69.7,29,56,51.8,0,0.6,0.4,10,18,6,2,28,286,232,51,11,0,0,21,19,7,1,6,0,188,3,10,22,16,2,1,3,0,0,0,0,0,0,0,0,0,11,7,5,5,1,6,12,50.0,6,8,4,4,12,23,41,0,36.0,408,82,169,145,99,16,408,11,7,63.6,4,36.4,132,741,316,4,10,2,18,10,186,28,1,1,0,6,10,3,21,12,7,0,1,0,40,24,17,58.5
2022-09-03,19:05,Liga MX,Apertura 2022 Regular Season,Sat,Home,D,0,0,Monterrey,Mazatlán,1.7,0.3,56,33135.0,Héctor Moreno,4-2-3-1,Victor Caceres,19,3,15.8,0.0,0.0,19.3,0,0,0,1.7,1.7,0.09,-1.7,-1.7,0,0,,1.0,0.0,0.0,0.0,0.0,0.0,0.0,6,9,66.7,24,3,20.8,26.8,12,33.3,29.3,12,2,16.7,0,8.5,368,486,75.7,6739,2809,159,185,85.9,163,198,82.3,41,76,53.9,0,0.9,0.8,15,35,13,6,50,486,430,52,12,1,3,25,21,6,2,4,0,368,4,7,34,26,4,0,2,0,2,0,0,0,0,0,0,0,15,9,6,8,1,5,11,45.5,6,9,3,6,8,23,16,0,56.0,588,57,170,277,147,21,588,7,0,0.0,5,71.4,287,1474,781,13,12,1,10,10,362,50,1,0,0,12,10,4,25,8,9,0,0,0,48,25,17,59.5,9,0,0.0,0.0,,21.8,0,0,0,0.3,0.3,0.03,-0.3,-0.3,3,3,100.0,1.0,0.5,0.5,0.0,0.0,0.0,0.0,14,29,48.3,32,8,65.6,44.8,10,80.0,51.2,21,0,0.0,0,8.0,267,383,69.7,5291,2634,119,158,75.3,100,128,78.1,44,79,55.7,0,0.2,0.3,7,30,4,1,36,383,330,50,16,0,2,16,19,4,3,1,0,267,3,7,16,14,0,1,0,1,0,0,0,0,0,0,0,0,15,12,4,8,3,5,5,100.0,0,9,4,5,12,27,20,0,44.0,486,61,165,206,121,8,486,15,6,40.0,5,33.3,194,1374,691,16,8,2,15,10,265,36,3,0,0,10,11,3,16,12,12,0,0,0,42,17,25,40.5
2022-09-06,21:05,Liga MX,Apertura 2022 Regular Season,Tue,Home,W,3,2,Monterrey,Cruz Azul,1.7,0.3,51,28371.0,Celso Ortiz,4-2-3-1,Oscar Mejia,17,11,64.7,0.18,0.27,18.8,0,0,0,1.7,1.7,0.1,1.3,1.3,2,0,0.0,0.0,0.8,-1.2,0.0,0.0,0.0,0.0,7,13,53.8,35,3,37.1,32.2,2,0.0,15.0,10,1,10.0,2,17.5,355,462,76.8,6613,2510,149,179,83.2,161,195,82.6,39,67,58.2,3,1.7,0.9,16,31,8,2,34,462,420,41,12,0,3,11,21,3,1,1,0,355,1,10,31,23,2,3,2,0,1,5,4,0,1,0,0,0,18,14,10,6,2,10,15,66.7,5,9,0,9,21,39,15,0,51.0,576,42,193,251,135,25,576,15,6,40.0,5,33.3,342,1331,535,10,11,5,14,8,349,33,5,0,0,17,9,1,11,21,14,0,0,0,55,21,9,70.0,3,2,66.7,0.67,1.0,17.4,0,0,0,0.3,0.3,0.1,1.7,1.7,11,8,72.7,0.0,1.8,-1.2,0.0,0.0,0.0,0.0,1,5,20.0,19,5,21.1,32.5,4,25.0,33.0,9,0,0.0,0,3.0,329,444,74.1,6174,2297,118,143,82.5,160,193,82.9,38,77,49.4,2,0.3,0.2,3,20,3,2,26,444,398,45,18,1,3,15,19,0,0,0,0,329,1,10,6,5,1,0,0,0,0,4,4,0,0,0,0,0,13,9,5,8,0,5,11,45.5,6,13,3,10,15,28,16,1,49.0,535,52,186,272,79,6,535,15,5,33.3,10,66.7,360,1686,749,8,12,0,14,8,323,25,1,0,0,11,15,1,15,15,9,0,0,0,51,9,21,30.0
2022-09-09,20:05,Liga MX,Apertura 2022 Regular Season,Fri,Away,W,1,0,Monterrey,FC Juárez,0.9,0.5,51,10947.0,César Montes,4-4-2,Diego Montaño,14,5,35.7,0.07,0.2,17.9,1,0,0,0.9,0.9,0.07,0.1,0.1,2,2,100.0,1.0,0.2,0.2,0.0,0.0,0.0,0.0,5,11,45.5,24,4,33.3,36.3,9,33.3,29.8,14,0,0.0,1,15.0,279,373,74.8,4900,2160,148,169,87.6,98,125,78.4,30,58,51.7,1,0.7,1.2,11,21,5,0,27,373,322,51,8,0,4,20,25,8,4,3,0,279,0,11,26,14,7,2,1,2,0,2,1,0,1,0,0,0,20,12,10,9,1,11,16,68.8,5,6,2,4,13,33,21,0,51.0,487,52,149,203,137,22,487,20,11,55.0,7,35.0,236,1397,732,18,6,6,14,11,275,26,3,0,0,19,7,0,20,13,12,0,0,0,46,16,7,69.6,11,2,18.2,0.0,0.0,20.5,1,0,0,0.5,0.5,0.05,-0.5,-0.5,5,4,80.0,0.0,0.8,-0.2,0.0,0.0,0.0,0.0,5,13,38.5,24,7,41.7,41.8,5,60.0,50.8,14,2,14.3,0,9.6,266,362,73.5,5414,2323,109,129,84.5,108,135,80.0,46,83,55.4,0,0.4,0.4,7,28,5,0,32,362,307,55,18,0,5,22,24,6,3,2,0,266,0,8,18,12,1,0,2,3,0,0,0,0,0,0,0,0,18,13,10,5,3,7,18,38.9,11,12,4,8,9,27,17,0,49.0,477,62,156,199,127,22,477,19,5,26.3,11,57.9,245,1164,516,13,8,5,14,9,263,32,0,0,0,8,18,0,22,9,13,0,0,0,42,7,16,30.4
2022-09-17,19:05,Liga MX,Apertura 2022 Regular Season,Sat,Home,W,2,0,Monterrey,Atlas,0.9,0.9,53,36124.0,Celso Ortiz,4-4-2,Marco Ortíz,16,4,25.0,0.13,0.5,22.2,0,0,0,0.9,0.9,0.06,1.1,1.1,5,5,100.0,1.0,0.8,0.8,0.0,0.0,0.0,0.0,4,11,36.4,42,7,19.0,27.0,7,42.9,35.6,10,1,10.0,1,14.2,389,502,77.5,7499,2917,135,155,87.1,201,237,84.8,48,90,53.3,2,0.9,0.7,14,32,7,2,37,502,458,43,8,0,3,16,21,6,4,2,0,389,1,9,28,20,4,2,2,0,0,4,1,2,1,0,0,0,16,10,9,6,1,8,14,57.1,6,7,0,7,16,32,9,0,53.0,589,54,174,309,109,18,589,10,5,50.0,3,30.0,251,1490,688,14,8,2,12,10,380,36,2,0,0,12,7,1,16,16,10,0,0,0,47,16,17,48.5,8,5,62.5,0.0,0.0,17.9,0,0,0,0.9,0.9,0.12,-0.9,-0.9,4,2,50.0,0.0,0.4,-1.6,0.0,0.0,0.0,0.0,6,17,35.3,27,3,40.7,36.9,9,66.7,46.9,12,0,0.0,0,,342,446,76.7,6863,2767,124,149,83.2,160,186,86.0,54,95,56.8,0,0.5,0.7,6,26,3,2,33,446,395,50,13,1,7,10,24,1,0,1,0,342,1,7,16,14,1,1,0,0,0,0,0,0,0,0,0,0,13,10,4,7,2,3,8,37.5,5,12,4,8,7,20,19,0,47.0,555,65,184,299,79,11,555,16,6,37.5,8,50.0,254,1200,538,14,7,5,20,8,340,33,2,0,0,7,12,1,10,7,10,0,0,0,47,17,16,51.5
2022-10-01,17:05,Liga MX,Apertura 2022 Regular Season,Sat,Home,D,0,0,Monterrey,Pachuca,0.5,1.0,43,36382.0,Celso Ortiz,4-4-2,Fernando Hernández,12,4,33.3,0.0,0.0,22.2,1,0,0,0.5,0.5,0.04,-0.5,-0.5,5,5,100.0,1.0,0.7,0.7,0.0,0.0,0.0,0.0,13,26,50.0,35,10,48.6,36.4,10,90.0,58.3,4,3,75.0,0,12.0,253,375,67.5,5379,2593,88,110,80.0,117,147,79.6,45,90,50.0,0,0.5,0.8,11,30,4,3,32,375,320,54,11,1,3,14,29,3,0,3,0,253,1,13,21,14,4,1,0,1,1,0,0,0,0,0,0,0,13,10,6,6,1,9,17,52.9,8,15,2,13,13,26,11,0,43.0,494,58,140,223,136,12,494,22,8,36.4,11,50.0,238,1325,556,16,16,1,18,11,248,32,2,0,0,11,6,1,14,13,10,0,0,0,60,24,21,53.3,12,5,41.7,0.0,0.0,21.6,0,0,0,1.0,1.0,0.08,-1.0,-1.0,4,4,100.0,1.0,0.5,0.5,0.0,0.0,0.0,0.0,6,14,42.9,22,8,40.9,37.2,7,71.4,46.9,11,1,9.1,1,14.0,370,493,75.1,7603,2937,120,149,80.5,187,227,82.4,60,95,63.2,0,0.8,0.3,9,30,5,0,42,493,443,45,12,1,6,8,24,1,1,0,0,370,5,13,20,15,2,0,2,0,1,0,0,0,0,0,0,0,22,13,12,8,2,11,19,57.9,8,13,2,11,5,27,12,0,57.0,600,46,202,295,109,13,600,20,8,40.0,9,45.0,263,1315,594,12,15,3,20,4,364,39,3,0,0,7,10,5,8,5,13,0,0,0,68,21,24,46.7
2022-10-12,21:06,Liga MX,Quarter-finals,Wed,Away,D,0,0,Monterrey,Cruz Azul,0.6,0.4,46,24571.0,Celso Ortiz,4-4-2,Victor Caceres,9,1,11.1,0.0,0.0,19.4,0,0,0,0.6,0.6,0.07,-0.6,-0.6,1,1,100.0,1.0,0.0,0.0,0.0,0.0,0.0,0.0,5,13,38.5,29,5,34.5,34.2,8,37.5,35.4,21,2,9.5,0,8.7,300,393,76.3,5992,2298,96,113,85.0,155,178,87.1,42,81,51.9,0,0.6,0.5,9,21,7,2,32,393,355,37,8,0,7,18,19,1,0,0,0,300,1,10,18,17,0,1,0,0,0,0,0,0,0,0,0,0,15,6,8,7,0,8,15,53.3,7,13,2,11,8,23,22,0,46.0,504,55,155,233,118,13,504,12,5,41.7,7,58.3,228,1495,662,12,13,1,17,4,297,31,1,0,0,19,7,1,18,8,6,0,0,0,48,11,13,45.8,9,1,11.1,0.0,0.0,20.5,1,0,0,0.4,0.4,0.04,-0.4,-0.4,1,1,100.0,1.0,0.2,0.2,0.0,0.0,0.0,0.0,4,8,50.0,20,4,30.0,30.8,9,22.2,25.4,13,0,0.0,1,15.7,352,465,75.7,6526,2681,155,180,86.1,146,173,84.4,46,91,50.5,0,0.3,0.6,6,28,6,4,33,465,403,61,19,2,8,25,24,8,5,3,0,352,1,13,13,8,2,0,1,2,0,0,0,0,0,0,0,0,11,5,6,4,1,7,12,58.3,5,12,3,9,9,20,13,0,54.0,552,50,193,239,124,13,552,16,7,43.8,8,50.0,266,1514,809,21,7,0,13,7,345,33,0,0,0,7,18,1,25,9,5,0,0,0,41,13,11,54.2
2022-10-15,18:06,Liga MX,Quarter-finals,Sat,Home,W,3,0,Monterrey,Cruz Azul,2.0,2.9,43,39578.0,Celso Ortiz,4-4-2,Adonai Escobedo,15,5,33.3,0.2,0.6,15.4,0,0,0,2.0,2.0,0.13,1.0,1.0,7,7,100.0,1.0,2.0,2.0,0.0,0.0,0.0,0.0,9,18,50.0,26,4,38.5,39.8,11,72.7,52.8,27,0,0.0,1,10.5,263,348,75.6,5799,2559,80,105,76.2,125,145,86.2,54,80,67.5,3,1.9,1.8,13,27,12,3,33,348,308,39,10,0,4,14,10,7,3,2,0,263,1,7,24,15,4,0,4,1,0,6,3,1,0,2,0,0,12,6,7,4,1,7,14,50.0,7,6,4,2,7,19,31,0,43.0,461,73,168,178,122,24,461,9,4,44.4,1,11.1,254,1278,626,11,13,4,17,8,261,33,5,0,0,14,9,1,14,7,6,0,0,0,38,22,15,59.5,20,7,35.0,0.0,0.0,15.2,1,0,0,2.9,2.9,0.15,-2.9,-2.9,5,2,40.0,0.0,1.9,-1.1,0.0,0.0,0.0,0.0,3,4,75.0,13,5,23.1,26.9,7,14.3,20.0,10,0,0.0,0,9.0,371,463,80.1,7306,2729,131,154,85.1,177,203,87.2,53,85,62.4,0,1.5,1.9,12,43,11,4,57,463,416,46,14,0,4,35,13,8,4,4,0,371,1,6,34,21,3,1,4,4,1,0,0,0,0,0,0,0,9,7,5,3,1,1,5,20.0,4,8,3,5,8,17,14,0,57.0,559,51,143,268,153,24,559,16,7,43.8,7,43.8,265,1716,974,21,12,1,13,5,368,56,1,0,0,9,14,1,35,8,7,0,0,0,38,15,22,40.5
2022-10-20,21:06,Liga MX,Semi-finals,Thu,Away,L,2,5,Monterrey,Pachuca,1.7,3.2,51,13235.0,Celso Ortiz,4-3-3,César Arturo Ramos,14,4,28.6,0.14,0.5,20.2,1,0,1,1.7,0.9,0.07,0.3,1.1,8,3,50.0,0.0,3.8,-1.2,1.0,1.0,0.0,0.0,6,16,37.5,19,2,42.1,38.3,12,75.0,53.8,17,1,5.9,0,4.5,343,456,75.2,6811,2822,133,162,82.1,152,182,83.5,54,93,58.1,0,0.4,1.1,10,37,11,5,41,456,403,51,8,1,5,15,24,1,1,0,0,343,2,13,25,20,1,0,1,3,0,1,0,0,0,1,0,0,21,15,11,9,1,7,9,77.8,2,11,3,8,11,32,10,0,51.0,574,54,157,259,166,22,573,14,5,35.7,8,57.1,311,1509,616,18,12,1,17,6,341,41,3,1,0,4,7,2,15,11,15,1,1,0,44,22,17,56.4,18,7,38.9,0.22,0.57,22.0,0,1,1,3.2,2.4,0.14,1.8,1.6,5,2,60.0,0.0,2.0,0.0,1.0,0.0,1.0,0.0,8,16,50.0,16,1,56.3,45.4,12,58.3,48.6,12,0,0.0,0,16.5,334,431,77.5,6211,2510,148,173,85.5,140,167,83.8,39,69,56.5,3,1.5,1.0,13,29,9,4,39,431,380,50,5,0,3,24,24,6,4,1,0,334,1,9,29,21,4,0,2,2,0,7,4,1,0,1,1,0,14,9,8,6,0,8,13,61.5,5,17,4,13,16,30,10,0,49.0,551,52,161,271,123,18,550,11,2,18.2,7,63.6,290,1653,720,11,17,4,12,14,333,38,1,0,0,9,4,1,24,16,9,1,1,0,53,17,22,43.6
2022-10-23,20:06,Liga MX,Semi-finals,Sun,Home,L,0,1,Monterrey,Pachuca,1.9,1.0,66,51348.0,César Montes,4-4-2,Luis Santander,24,11,45.8,0.0,0.0,18.0,0,0,0,1.9,1.9,0.08,-1.9,-1.9,2,1,100.0,0.0,1.1,0.1,1.0,1.0,0.0,0.0,9,15,60.0,41,5,31.7,29.0,3,66.7,56.7,2,0,0.0,10,27.5,471,611,77.1,9183,3313,173,205,84.4,234,281,83.3,59,108,54.6,0,1.5,2.0,21,48,11,5,66,611,550,59,14,0,9,36,33,8,1,7,0,471,2,4,42,33,5,1,2,1,0,0,0,0,0,0,0,0,8,7,2,6,0,2,7,28.6,5,7,0,7,11,19,10,0,66.0,710,33,130,385,198,28,710,10,2,20.0,6,60.0,363,1696,833,26,13,3,19,11,470,66,2,0,0,10,11,2,36,11,7,0,1,0,52,29,29,50.0,3,1,33.3,0.0,0.0,26.9,0,1,1,1.0,0.2,0.08,0.0,-0.2,11,11,100.0,1.0,2.6,2.6,0.0,0.0,0.0,0.0,10,31,32.3,28,6,75.0,51.3,11,90.9,57.7,33,3,9.1,1,8.9,193,320,60.3,3588,1847,93,125,74.4,65,90,72.2,28,84,33.3,0,0.2,0.3,3,16,3,0,24,320,277,41,11,0,3,2,16,2,1,0,0,193,2,7,8,7,0,0,0,1,0,2,1,0,0,0,1,0,17,11,9,8,0,6,8,75.0,2,5,2,3,16,33,53,0,34.0,458,93,202,208,50,10,457,9,5,55.6,2,22.2,158,822,374,9,5,3,13,6,191,23,2,0,0,12,8,2,2,16,11,1,0,0,55,29,29,50.0
2023-01-07,21:10,Liga MX,Clausura 2023 Regular Season,Sat,Home,L,0,1,Monterrey,Guadalajara,2.2,0.4,63,44498.0,Celso Ortiz,4-4-2,Adonai Escobedo,23,8,34.8,0.0,0.0,18.9,2,0,1,2.2,1.4,0.06,-2.2,-1.4,2,1,50.0,0.0,0.3,-0.7,0.0,0.0,0.0,0.0,4,8,50.0,21,5,28.6,32.9,8,25.0,25.1,5,1,20.0,3,17.6,373,479,77.9,7117,2649,159,185,85.9,159,192,82.8,49,78,62.8,0,1.1,1.2,16,43,9,4,52,479,418,55,10,3,4,22,26,9,2,6,0,373,6,8,40,27,6,1,2,3,1,0,0,0,0,0,0,0,14,8,9,5,0,9,18,50.0,9,7,1,6,9,23,8,0,63.0,580,39,107,287,190,31,579,15,9,60.0,5,33.3,304,1702,924,20,11,5,17,12,365,50,2,0,0,15,10,6,22,9,8,1,0,0,54,22,10,68.8,6,2,33.3,0.17,0.5,17.4,0,0,0,0.4,0.4,0.07,0.6,0.6,8,8,100.0,1.0,1.1,1.1,1.0,0.0,0.0,1.0,11,28,39.3,25,3,56.0,42.7,16,87.5,60.4,18,0,0.0,2,15.3,188,280,67.1,3951,1844,74,85,87.1,74,109,67.9,35,75,46.7,1,0.3,0.6,3,18,4,0,21,280,226,54,21,3,3,6,15,1,1,0,0,188,0,6,11,7,1,1,1,1,0,2,2,0,0,0,0,0,17,12,13,4,0,5,14,35.7,9,10,4,6,10,27,29,0,37.0,410,78,198,158,57,11,410,21,9,42.9,9,42.9,204,1056,501,10,6,1,19,5,185,21,3,1,1,13,14,0,6,10,12,0,1,0,49,10,22,31.3
2023-01-14,17:00,Liga MX,Clausura 2023 Regular Season,Sat,Away,W,3,2,Monterrey,Cruz Azul,1.3,0.9,57,16873.0,Celso Ortiz,4-4-2,César Arturo Ramos,17,8,47.1,0.18,0.38,21.7,1,0,0,1.3,1.3,0.08,1.7,1.7,5,4,60.0,0.0,1.2,0.2,0.0,0.0,0.0,0.0,3,16,18.8,43,7,30.2,31.7,7,42.9,41.1,18,2,11.1,0,12.0,412,520,79.2,7215,2380,183,203,90.1,194,221,87.8,32,75,42.7,2,1.1,1.1,13,29,9,3,45,520,464,55,10,2,1,28,26,9,4,4,0,412,1,12,29,23,0,2,1,1,2,6,6,0,0,0,0,0,14,8,8,4,2,7,11,63.6,4,15,3,12,7,21,16,1,57.0,628,59,211,266,161,23,628,12,6,50.0,5,41.7,406,1882,989,10,11,3,12,7,409,45,2,0,0,17,10,1,28,7,8,0,0,1,44,16,18,47.1,13,5,38.5,0.08,0.2,20.9,1,0,0,0.9,0.9,0.07,0.1,0.1,8,5,62.5,0.0,2.7,-0.3,0.0,0.0,0.0,0.0,2,8,25.0,14,5,28.6,34.5,11,36.4,35.0,21,0,0.0,0,2.0,296,400,74.0,5553,2010,113,131,86.3,144,177,81.4,32,65,49.2,1,0.8,0.9,11,21,8,2,34,400,341,58,17,1,5,20,20,6,3,3,0,296,1,12,24,16,3,0,0,3,2,2,2,0,0,0,0,0,12,9,4,7,1,5,11,45.5,6,11,2,9,12,24,30,0,43.0,512,65,181,231,105,16,512,13,4,30.8,7,53.8,249,1572,1007,23,15,2,13,7,296,34,4,1,1,10,16,1,20,12,9,0,0,0,48,18,16,52.9
2023-01-21,17:06,Liga MX,Clausura 2023 Regular Season,Sat,Home,W,3,1,Monterrey,Atlético,2.4,1.3,46,40162.0,Celso Ortiz,4-4-2,Fernando Guerrero,15,3,20.0,0.2,1.0,16.8,1,0,0,2.4,2.4,0.18,0.6,0.6,3,2,66.7,0.0,1.1,0.1,0.0,0.0,0.0,0.0,12,28,42.9,43,2,51.2,37.7,11,54.5,42.3,20,0,0.0,0,,349,461,75.7,6240,2454,155,177,87.6,147,184,79.9,37,72,51.4,2,2.2,1.5,12,17,7,1,27,461,404,52,15,4,3,13,21,3,1,0,0,349,5,10,28,21,2,0,1,2,2,5,3,0,0,1,0,1,22,9,7,14,1,8,14,57.1,6,4,1,3,16,38,21,0,46.0,569,65,207,257,109,22,569,17,8,47.1,9,52.9,321,1482,711,11,10,4,9,9,347,26,1,0,0,9,15,5,13,16,9,0,0,0,48,15,11,57.7,9,3,33.3,0.11,0.33,17.7,0,0,0,1.3,1.3,0.14,-0.3,-0.3,3,0,0.0,0.0,1.6,-1.4,0.0,0.0,0.0,0.0,2,9,22.2,16,3,37.5,33.1,8,37.5,29.0,9,1,11.1,3,15.7,433,544,79.6,7732,2560,206,235,87.7,173,211,82.0,49,85,57.6,1,1.3,0.8,9,41,6,5,48,544,490,54,14,1,7,24,25,3,2,1,0,433,0,4,18,16,1,1,0,0,0,2,1,0,1,0,0,0,18,7,4,14,0,9,17,52.9,8,13,3,10,9,27,11,2,54.0,658,47,153,375,138,10,658,15,6,40.0,8,53.3,383,1986,997,20,12,0,14,14,427,48,1,0,0,16,8,0,24,9,7,0,0,0,47,11,15,42.3
2023-01-27,19:05,Liga MX,Clausura 2023 Regular Season,Fri,Away,W,2,1,Monterrey,Puebla,1.1,1.1,47,14276.0,Celso Ortiz,4-4-2,Jesus Lopez,19,3,15.8,0.11,0.67,23.8,1,0,0,1.1,1.1,0.06,0.9,0.9,8,7,87.5,0.0,1.4,0.4,0.0,0.0,0.0,0.0,4,16,25.0,27,7,40.7,37.7,8,62.5,44.4,19,1,5.3,1,18.5,270,382,70.7,5062,2374,129,156,82.7,109,142,76.8,30,66,45.5,1,1.1,1.4,16,28,9,3,31,382,328,52,13,2,0,14,23,6,3,2,0,270,2,2,36,30,1,1,1,2,1,4,3,0,0,0,1,0,18,12,9,9,0,11,20,55.0,9,7,2,5,16,34,21,1,47.0,507,51,150,271,93,18,507,12,4,33.3,5,41.7,323,1527,788,12,14,4,23,8,265,31,2,0,0,11,13,2,14,16,12,0,0,0,61,28,25,52.8,16,8,50.0,0.06,0.13,20.8,0,0,0,1.1,1.1,0.07,-0.1,-0.1,3,1,33.3,0.0,1.2,-0.8,0.0,0.0,0.0,0.0,5,20,25.0,17,4,52.9,43.6,16,68.8,50.6,13,0,0.0,0,5.0,320,437,73.2,5866,2150,137,167,82.0,139,165,84.2,36,87,41.4,0,0.9,0.8,12,23,7,3,32,437,374,63,13,0,4,21,25,6,3,2,0,320,0,5,27,15,5,1,1,3,2,1,0,0,1,0,0,0,13,5,5,7,1,5,9,55.6,4,7,5,2,8,21,19,0,53.0,555,57,152,286,125,16,555,24,9,37.5,11,45.8,254,1587,751,15,18,2,16,7,315,32,2,0,0,14,11,0,21,8,5,0,0,0,59,25,28,47.2
2023-02-05,19:10,Liga MX,Clausura 2023 Regular Season,Sun,Home,W,2,1,Monterrey,Toluca,1.7,0.9,35,48788.0,Celso Ortiz,4-4-2,Victor Caceres,12,5,41.7,0.17,0.4,18.2,0,0,0,1.7,1.7,0.14,0.3,0.3,7,6,85.7,0.0,1.3,0.3,0.0,0.0,0.0,0.0,7,16,43.8,27,6,51.9,40.5,5,40.0,38.4,17,2,11.8,2,13.1,269,358,75.1,4704,2143,133,149,89.3,103,121,85.1,28,67,41.8,2,1.3,0.7,9,30,7,2,35,358,318,34,7,3,1,9,17,3,1,2,0,269,6,8,20,18,0,1,1,0,0,3,3,0,0,0,0,0,13,10,7,6,0,5,12,41.7,7,7,3,4,22,35,19,0,35.0,482,66,187,193,111,12,482,17,7,41.2,8,47.1,266,1243,640,11,15,2,16,13,266,35,3,0,0,10,5,6,9,22,10,0,0,0,62,16,17,48.5,13,7,53.8,0.08,0.14,20.8,3,0,0,0.9,0.9,0.07,0.1,0.1,5,3,60.0,0.0,1.8,-0.2,0.0,0.0,0.0,0.0,8,11,72.7,30,6,30.0,35.9,8,25.0,24.1,6,2,33.3,1,12.9,569,677,84.0,10745,3594,213,249,85.5,277,310,89.4,67,93,72.0,1,0.7,1.0,8,42,11,1,61,677,622,54,13,9,6,22,20,10,2,6,1,569,1,6,24,15,2,1,1,4,1,2,2,0,0,0,0,0,21,12,7,7,7,8,15,53.3,7,9,2,7,7,28,6,1,65.0,766,51,164,393,214,22,766,14,7,50.0,5,35.7,498,2639,1491,23,28,5,15,8,563,61,1,0,0,6,9,1,22,7,12,0,0,0,50,17,16,51.5
2023-02-09,21:05,Liga MX,Clausura 2023 Regular Season,Thu,Away,W,2,0,Monterrey,Atlas,1.5,0.7,44,12465.0,Celso Ortiz,4-4-2,Oscar Mejia,16,6,37.5,0.13,0.33,19.0,1,0,0,1.5,1.5,0.1,0.5,0.5,4,4,100.0,1.0,0.3,0.3,0.0,0.0,0.0,0.0,11,21,52.4,35,3,42.9,37.2,12,50.0,41.1,20,1,5.0,0,11.8,354,456,77.6,6772,2818,164,187,87.7,135,164,82.3,51,95,53.7,2,1.4,1.1,13,26,3,1,29,456,408,46,17,1,2,13,12,4,1,2,0,354,2,4,28,17,4,1,3,2,1,4,3,0,0,1,0,0,16,8,4,11,1,7,12,58.3,5,11,4,7,10,26,24,1,44.0,577,72,189,274,118,17,577,20,9,45.0,7,35.0,275,1427,748,14,10,3,17,7,347,29,3,0,0,7,13,2,13,10,8,0,0,0,53,16,20,44.4,16,4,25.0,0.0,0.0,21.7,1,0,0,0.7,0.7,0.04,-0.7,-0.7,6,4,66.7,0.0,1.8,-0.2,0.0,0.0,0.0,0.0,7,15,46.7,23,4,52.2,38.7,8,37.5,40.8,11,0,0.0,1,16.5,466,582,80.1,9182,3399,192,211,91.0,186,223,83.4,72,112,64.3,0,0.4,0.6,11,44,8,3,45,582,533,44,8,2,15,26,20,5,2,2,0,466,5,8,28,21,2,2,1,1,1,0,0,0,0,0,0,0,14,8,9,1,4,7,16,43.8,9,7,2,5,8,22,17,0,56.0,681,44,171,361,151,19,681,12,5,41.7,7,58.3,342,1611,864,15,13,2,13,9,461,45,1,0,0,14,5,5,26,8,8,0,0,0,62,20,16,55.6
2023-02-15,19:05,Liga MX,Clausura 2023 Regular Season,Wed,Home,W,2,0,Monterrey,Querétaro,1.6,0.8,52,41660.0,Celso Ortiz,4-4-2,Brian Gonzalez,15,5,33.3,0.13,0.4,16.9,0,0,0,1.6,1.6,0.13,0.4,0.4,0,0,,1.0,0.0,0.0,0.0,0.0,0.0,0.0,6,16,37.5,33,7,36.4,34.6,8,50.0,43.1,22,1,4.5,0,12.5,463,568,81.5,8298,3026,191,212,90.1,209,247,84.6,46,73,63.0,1,0.6,1.0,9,38,14,3,47,568,523,44,17,2,6,13,18,0,0,0,0,463,1,5,25,21,0,0,3,0,1,3,2,0,0,1,0,0,14,8,6,4,4,8,18,44.4,10,10,3,7,9,23,22,0,52.0,681,59,189,338,162,26,681,17,8,47.1,7,41.2,312,1599,859,22,13,3,12,8,457,47,2,0,0,15,15,1,13,9,8,0,0,0,51,11,13,45.8,9,0,0.0,0.0,,23.2,1,0,0,0.8,0.8,0.09,-0.8,-0.8,5,3,60.0,0.0,1.9,-0.1,0.0,0.0,0.0,0.0,8,14,57.1,22,7,36.4,32.5,10,60.0,48.0,12,0,0.0,0,6.0,416,524,79.4,8228,3252,162,187,86.6,201,235,85.5,52,81,64.2,0,0.3,0.3,6,37,4,3,31,524,477,46,15,2,4,27,17,1,0,1,0,416,1,11,15,12,0,1,1,1,0,0,0,0,0,0,0,0,15,8,9,5,1,7,15,46.7,8,8,3,5,18,33,14,0,48.0,634,63,211,309,117,7,634,19,10,52.6,8,42.1,436,2077,985,13,19,0,20,6,411,31,2,0,0,17,15,1,27,18,8,0,0,0,56,13,11,54.2
2023-02-18,17:06,Liga MX,Clausura 2023 Regular Season,Sat,Home,W,2,1,Monterrey,Necaxa,2.7,0.9,58,44132.0,Celso Ortiz,4-3-3,Guillermo Pacheco,15,9,60.0,0.13,0.22,17.1,0,0,1,2.7,1.9,0.13,-0.7,0.1,2,1,100.0,0.0,1.0,0.0,1.0,1.0,0.0,0.0,4,13,30.8,40,6,27.5,28.0,7,28.6,27.6,13,2,15.4,2,14.5,442,565,78.2,7808,3013,186,217,85.7,210,239,87.9,37,75,49.3,2,1.6,0.7,13,31,11,2,47,565,514,49,11,0,3,14,25,4,2,2,0,442,2,8,28,18,4,2,1,1,2,4,3,1,0,0,0,0,23,13,7,14,2,10,17,58.8,7,13,0,13,6,29,13,0,58.0,690,53,226,360,111,27,689,20,8,40.0,7,35.0,367,1539,741,13,13,4,25,11,434,45,4,0,0,10,9,2,14,6,13,1,1,0,60,24,27,47.1,3,1,33.3,0.0,0.0,22.7,0,1,1,0.9,0.2,0.05,0.1,-0.2,9,7,77.8,0.0,2.7,0.7,1.0,0.0,0.0,1.0,9,18,50.0,22,3,68.2,47.0,9,33.3,32.3,11,0,0.0,0,5.0,283,406,69.7,5957,2644,101,122,82.8,133,165,80.6,45,84,53.6,0,0.2,0.1,3,35,5,2,34,406,355,48,10,0,7,19,22,4,3,1,0,283,3,16,7,5,0,1,1,0,0,1,0,0,0,1,0,0,18,11,6,12,0,7,15,46.7,8,9,1,8,7,25,20,0,42.0,532,60,167,260,113,10,531,19,7,36.8,10,52.6,231,1371,580,8,6,3,25,13,279,33,1,0,0,9,9,3,19,7,11,0,1,0,58,27,24,52.9
2023-02-27,21:10,Liga MX,Clausura 2023 Regular Season,Mon,Away,D,1,1,Monterrey,León,1.4,0.6,55,20134.0,Celso Ortiz,4-2-3-1,César Arturo Ramos,11,4,36.4,0.0,0.0,24.1,0,1,1,1.4,0.6,0.05,-0.4,-0.6,3,2,66.7,0.0,0.4,-0.6,0.0,0.0,0.0,0.0,4,13,30.8,42,2,23.8,29.7,6,50.0,42.3,14,1,7.1,3,13.7,420,531,79.1,7502,2991,180,202,89.1,188,222,84.7,41,73,56.2,0,0.5,0.3,8,26,6,1,39,531,474,54,11,2,4,14,33,2,0,1,0,420,3,12,19,12,3,3,0,1,0,2,1,0,0,0,1,0,21,11,11,9,1,8,12,66.7,4,10,1,9,6,27,20,0,55.0,644,68,226,327,102,15,643,22,13,59.1,9,40.9,365,1979,964,17,13,1,14,12,418,39,2,0,0,10,8,3,14,6,11,1,0,0,53,19,24,44.2,8,3,37.5,0.13,0.33,17.9,0,0,0,0.6,0.6,0.08,0.4,0.4,5,4,100.0,0.0,1.3,0.3,1.0,1.0,0.0,0.0,3,13,23.1,21,3,38.1,40.1,9,55.6,45.2,8,0,0.0,0,8.0,324,430,75.3,6064,2807,132,155,85.2,141,157,89.8,39,85,45.9,1,0.6,0.5,8,26,7,1,37,430,374,52,12,1,4,20,24,5,0,4,0,324,4,9,14,11,2,0,0,0,1,2,2,0,0,0,0,0,21,15,11,7,3,9,22,40.9,13,11,1,10,9,30,23,0,45.0,547,53,161,254,143,19,547,13,4,30.8,8,61.5,317,1572,659,15,16,4,23,13,322,37,2,1,1,9,9,4,20,9,15,0,1,0,59,24,19,55.8
2023-03-04,19:10,Liga MX,Clausura 2023 Regular Season,Sat,Home,W,3,0,Monterrey,FC Juárez,1.2,0.7,48,41871.0,Celso Ortiz,4-2-3-1,Luis Santander,17,7,41.2,0.18,0.43,18.4,0,0,0,1.2,1.2,0.07,1.8,1.8,2,2,100.0,1.0,0.2,0.2,0.0,0.0,0.0,0.0,7,17,41.2,34,5,41.2,36.7,9,33.3,31.0,14,2,14.3,2,15.3,397,491,80.9,7602,3299,152,170,89.4,184,210,87.6,53,90,58.9,3,1.2,0.8,16,42,7,1,50,491,448,40,9,2,0,26,12,9,4,4,0,397,3,9,31,21,5,2,1,2,0,5,4,0,0,1,0,0,17,11,9,7,1,2,6,33.3,4,14,1,13,10,27,15,0,48.0,589,51,160,292,142,26,589,24,12,50.0,12,50.0,307,1515,791,17,14,4,14,2,391,50,1,0,0,12,8,3,26,10,11,0,0,0,53,13,6,68.4,8,2,25.0,0.0,0.0,19.3,0,0,0,0.7,0.7,0.09,-0.7,-0.7,7,4,57.1,0.0,0.9,-2.1,0.0,0.0,0.0,0.0,6,12,50.0,29,8,37.9,32.6,5,20.0,39.4,23,0,0.0,0,8.3,435,534,81.5,9004,2902,134,156,85.9,222,247,89.9,73,110,66.4,0,0.7,0.5,7,32,3,2,47,534,486,47,15,0,7,19,19,4,1,3,0,435,1,14,12,8,1,2,0,1,0,0,0,0,0,0,0,0,14,12,6,7,1,12,24,50.0,12,13,5,8,8,22,20,0,52.0,625,78,211,303,119,9,625,6,4,66.7,2,33.3,300,1802,986,14,12,2,9,15,433,47,1,0,0,8,12,1,19,8,12,0,0,0,49,6,13,31.6
2023-03-12,19:05,Liga MX,Clausura 2023 Regular Season,Sun,Away,W,2,1,Monterrey,Pachuca,0.7,0.7,43,13393.0,Celso Ortiz,4-2-3-1,Fernando Guerrero,13,5,38.5,0.15,0.4,21.3,1,0,0,0.7,0.7,0.06,1.3,1.3,4,3,75.0,0.0,0.7,-0.3,0.0,0.0,0.0,0.0,11,27,40.7,30,1,60.0,43.9,12,75.0,59.6,19,2,10.5,0,9.0,326,445,73.3,5858,2404,153,185,82.7,127,151,84.1,36,84,42.9,2,0.7,0.7,12,30,9,4,30,445,391,54,6,0,3,13,33,1,1,0,0,326,0,8,26,20,1,2,2,1,0,4,4,0,0,0,0,0,24,13,11,11,2,12,33,36.4,21,15,6,9,6,30,21,0,43.0,568,62,172,288,116,12,568,11,8,72.7,1,9.1,304,1421,711,13,11,0,17,8,324,30,0,0,0,12,6,0,13,6,13,0,0,0,61,20,18,52.6,16,4,25.0,0.06,0.25,22.9,3,0,0,0.7,0.7,0.05,0.3,0.3,5,3,60.0,0.0,1.0,-1.0,0.0,0.0,0.0,0.0,6,12,50.0,29,11,24.1,32.0,11,45.5,32.5,8,1,12.5,3,19.8,482,592,81.4,9495,3214,181,202,89.6,234,270,86.7,63,99,63.6,1,0.5,0.8,11,44,4,3,48,592,542,49,9,0,9,21,22,4,2,1,0,482,1,10,27,18,2,2,1,3,1,2,2,0,0,0,0,0,9,5,2,5,2,1,9,11.1,8,8,1,7,11,20,6,0,57.0,718,50,193,372,164,23,718,35,21,60.0,12,34.3,482,2753,1395,29,26,5,23,12,477,48,0,0,0,6,12,1,21,11,5,0,0,0,62,18,20,47.4
2023-03-18,19:05,Liga MX,Clausura 2023 Regular Season,Sat,Away,W,1,0,Monterrey,UANL,1.1,1.3,40,41615.0,Celso Ortiz,4-4-2,César Arturo Ramos,13,2,15.4,0.08,0.5,21.2,1,0,0,1.1,1.1,0.08,-0.1,-0.1,8,8,100.0,1.0,1.6,1.6,0.0,0.0,0.0,0.0,11,26,42.3,31,3,67.7,49.5,6,83.3,61.5,17,0,0.0,3,18.6,225,357,63.0,4733,2424,83,114,72.8,102,142,71.8,39,85,45.9,1,0.8,0.6,8,28,7,4,33,357,297,60,20,1,2,19,29,4,1,2,0,225,0,12,20,14,1,1,3,1,0,1,1,0,0,0,0,0,17,7,5,9,3,10,20,50.0,10,8,0,8,12,29,25,0,40.0,487,49,172,203,116,17,487,21,8,38.1,8,38.1,217,996,416,6,3,2,18,14,225,33,3,0,0,17,13,0,19,12,7,0,0,0,59,20,25,44.4,15,8,53.3,0.0,0.0,17.0,1,0,0,1.3,1.3,0.09,-1.3,-1.3,2,1,50.0,0.0,0.5,-0.5,0.0,0.0,0.0,0.0,8,24,33.3,45,3,44.4,38.5,9,44.4,37.4,17,1,5.9,5,24.3,412,545,75.6,8000,3185,153,176,86.9,193,228,84.6,58,101,57.4,0,1.2,1.1,12,38,10,4,44,545,479,58,16,1,6,24,26,5,3,1,0,412,8,11,29,20,3,2,2,1,1,0,0,0,0,0,0,0,22,16,10,10,2,8,16,50.0,8,16,5,11,9,31,19,0,60.0,676,63,204,323,156,19,676,22,10,45.5,10,45.5,339,1746,891,20,12,0,23,7,403,43,3,0,0,13,17,8,24,9,16,0,0,0,75,25,20,55.6
2023-04-01,19:15,Liga MX,Clausura 2023 Regular Season,Sat,Home,W,4,0,Monterrey,Tijuana,3.4,0.2,43,40103.0,Celso Ortiz,4-4-2,Óscar Macias,20,10,50.0,0.2,0.4,17.4,1,0,0,3.4,3.4,0.18,0.6,0.6,1,1,100.0,1.0,0.1,0.1,0.0,0.0,0.0,0.0,7,18,38.9,28,9,50.0,40.8,12,33.3,28.9,20,3,15.0,0,8.7,270,359,75.2,4911,2497,128,147,87.1,100,124,80.6,34,70,48.6,4,3.2,1.6,16,23,13,7,24,359,309,49,10,3,1,17,24,2,2,0,0,270,1,4,35,25,1,4,3,1,1,8,6,0,2,0,0,0,17,6,7,9,1,6,16,37.5,10,5,1,4,8,25,17,0,43.0,465,66,175,180,112,27,465,20,11,55.0,8,40.0,219,1159,622,14,7,6,12,12,267,24,2,0,0,10,9,1,17,8,6,0,0,0,51,9,15,37.5,5,1,20.0,0.0,0.0,18.5,0,0,0,0.2,0.2,0.05,-0.2,-0.2,10,6,60.0,0.0,4.1,0.1,0.0,0.0,0.0,0.0,4,8,50.0,22,8,18.2,26.5,8,50.0,42.6,16,0,0.0,6,20.2,375,468,80.1,6856,2761,160,179,89.4,160,188,85.1,45,74,60.8,0,0.2,0.3,5,39,5,2,50,468,415,51,11,0,6,29,21,6,0,2,0,375,2,5,8,4,2,0,1,1,0,0,0,0,0,0,0,0,20,8,7,13,0,8,19,42.1,11,7,3,4,6,26,19,0,57.0,571,53,146,311,120,15,571,18,10,55.6,6,33.3,285,1539,861,17,13,2,18,11,372,50,3,0,0,9,10,2,29,6,8,0,0,0,48,15,9,62.5
2023-04-08,22:10,Liga MX,Clausura 2023 Regular Season,Sat,Away,L,1,2,Monterrey,América,1.5,1.9,38,49974.0,Celso Ortiz,4-1-4-1,Victor Caceres,8,3,37.5,0.13,0.33,23.3,0,0,1,1.5,0.7,0.1,-0.5,0.3,5,3,60.0,0.0,2.1,0.0,0.0,0.0,0.0,0.0,5,22,22.7,33,5,48.5,38.8,6,100.0,81.7,19,2,10.5,0,9.1,269,361,74.5,5240,2078,107,125,85.6,128,153,83.7,31,75,41.3,0,0.7,0.5,7,21,4,2,19,361,324,36,9,4,2,17,14,4,2,2,0,269,1,4,15,8,3,1,1,2,0,1,0,0,0,1,0,0,14,10,12,2,0,6,17,35.3,11,7,0,7,10,24,28,2,38.0,469,72,211,164,101,10,468,20,12,60.0,5,25.0,230,1383,836,17,16,2,19,5,264,19,2,1,0,9,8,1,17,10,10,1,0,0,50,17,13,56.7,8,5,62.5,0.25,0.4,21.0,0,0,0,1.9,1.9,0.24,0.1,0.1,4,2,75.0,0.0,2.3,1.3,1.0,0.0,1.0,0.0,6,17,35.3,24,1,54.2,42.5,8,50.0,41.6,13,0,0.0,0,11.3,478,580,82.4,8730,3057,232,256,90.6,178,202,88.1,62,103,60.2,1,0.9,1.0,6,59,12,0,55,580,529,49,10,2,15,24,23,6,1,4,0,478,2,8,12,11,1,0,0,0,0,1,1,0,0,0,0,0,10,7,4,5,1,5,17,29.4,12,3,1,2,11,21,18,0,62.0,672,53,168,308,200,27,672,17,11,64.7,6,35.3,428,2338,1100,22,17,7,13,8,472,55,3,0,0,9,8,2,24,11,7,0,1,0,48,13,17,43.3
2023-04-16,20:10,Liga MX,Clausura 2023 Regular Season,Sun,Home,L,1,2,Monterrey,Santos,1.2,2.0,61,45166.0,Celso Ortiz,4-1-4-1,Marco Ortíz,21,7,33.3,0.05,0.14,21.4,1,0,0,1.2,1.2,0.06,-0.2,-0.2,4,2,75.0,0.0,2.4,0.7,1.0,1.0,0.0,0.0,3,7,42.9,21,2,23.8,27.6,7,28.6,30.0,4,0,0.0,1,14.0,488,582,83.8,9565,3471,187,207,90.3,229,254,90.2,63,100,63.0,1,1.0,1.1,16,52,11,2,54,582,529,52,15,1,7,23,18,9,2,5,0,488,1,6,41,31,5,0,2,3,0,2,2,0,0,0,0,0,16,11,8,6,2,10,24,41.7,14,5,0,5,8,24,11,0,61.0,688,41,197,306,188,24,688,18,12,66.7,5,27.8,359,2271,1095,19,24,7,21,1,477,54,5,1,1,9,12,1,23,8,11,0,1,0,49,14,17,45.2,9,3,33.3,0.11,0.33,18.4,0,1,1,2.0,1.2,0.14,0.0,-0.2,7,6,85.7,0.0,1.9,0.9,0.0,0.0,0.0,0.0,9,21,42.9,29,7,37.9,35.0,11,90.9,65.3,16,1,6.3,0,12.0,289,375,77.1,5721,2524,115,131,87.8,121,145,83.4,45,78,57.7,1,1.2,1.0,8,25,2,1,35,375,334,37,8,0,5,6,14,2,1,0,0,289,4,5,18,12,1,3,1,1,0,4,3,0,0,0,1,0,6,4,3,3,0,5,17,29.4,12,7,3,4,8,14,24,0,39.0,479,70,177,228,80,19,478,25,14,56.0,10,40.0,209,1453,965,21,9,10,12,6,287,35,3,1,0,12,9,4,6,8,4,1,0,0,50,17,14,54.8
2023-04-21,19:00,Liga MX,Clausura 2023 Regular Season,Fri,Away,W,2,0,Monterrey,Mazatlán,2.9,1.3,47,11440.0,Luis Romo,4-4-2,Luis Santander,18,8,44.4,0.11,0.25,16.7,1,0,0,2.9,2.9,0.16,-0.9,-0.9,2,2,100.0,1.0,0.2,0.2,1.0,0.0,0.0,1.0,5,15,33.3,28,6,39.3,36.1,6,66.7,48.8,19,2,10.5,0,8.0,369,470,78.5,6275,2621,174,203,85.7,156,177,88.1,31,66,47.0,2,2.5,1.7,10,33,12,3,43,470,427,42,16,5,0,10,17,2,1,0,0,369,1,9,28,19,0,5,3,1,0,4,3,0,1,0,0,0,21,12,7,13,1,10,18,55.6,8,10,5,5,13,34,26,0,47.0,596,56,170,322,114,23,596,22,13,59.1,5,22.7,334,1637,762,17,15,5,10,16,363,42,0,0,0,11,16,1,10,13,12,0,1,0,59,13,20,39.4,9,2,22.2,0.0,0.0,23.8,0,0,1,1.3,0.6,0.06,-1.3,-0.6,8,6,75.0,0.0,3.3,1.3,0.0,0.0,0.0,0.0,1,5,20.0,24,7,12.5,28.0,10,20.0,30.3,7,0,0.0,2,19.3,417,532,78.4,7533,2738,164,196,83.7,182,221,82.4,55,81,67.9,0,0.2,0.7,8,39,7,2,40,532,475,57,11,1,2,28,28,5,1,2,0,417,0,9,19,14,3,0,0,2,0,0,0,0,0,0,0,0,21,13,9,9,3,5,18,27.8,13,14,4,10,11,32,10,0,53.0,638,65,172,319,147,18,637,20,8,40.0,10,50.0,328,1662,931,15,9,3,14,11,411,40,5,0,0,17,9,0,28,11,13,1,0,0,55,20,13,60.6
2023-04-29,20:05,Liga MX,Clausura 2023 Regular Season,Sat,Home,W,4,1,Monterrey,UNAM,3.1,1.0,51,45915.0,Celso Ortiz,4-1-4-1,Óscar Macias,16,8,50.0,0.19,0.38,19.7,1,1,1,3.1,2.3,0.15,0.9,0.7,4,3,75.0,0.0,1.3,0.3,0.0,0.0,0.0,0.0,15,18,83.3,37,5,45.9,36.7,6,16.7,24.0,11,3,27.3,0,9.7,423,511,82.8,8515,3380,166,187,88.8,197,227,86.8,59,89,66.3,2,1.9,1.5,12,38,7,1,40,511,475,36,9,3,4,16,14,5,2,1,0,423,0,12,34,26,3,1,1,3,0,8,7,0,0,0,1,0,16,9,9,7,0,12,30,40.0,18,14,5,9,16,32,21,0,51.0,627,80,223,275,134,18,626,20,12,60.0,6,30.0,273,1262,622,16,3,2,12,11,421,40,3,0,0,10,11,0,16,16,9,1,0,0,57,13,11,54.2,14,4,28.6,0.07,0.25,22.4,1,0,0,1.0,1.0,0.08,0.0,0.0,9,5,66.7,0.0,3.3,-0.7,1.0,1.0,0.0,0.0,3,6,50.0,17,5,29.4,29.8,8,25.0,30.9,14,1,7.1,3,13.3,391,484,80.8,7338,2536,146,168,86.9,189,214,88.3,44,72,61.1,1,0.8,0.4,8,42,2,0,38,484,444,39,9,2,5,17,11,6,3,3,0,391,1,13,23,15,0,5,2,1,0,2,2,0,0,0,0,0,17,11,6,10,1,6,18,33.3,12,13,2,11,8,25,16,1,49.0,600,48,162,316,126,10,600,31,18,58.1,12,38.7,302,1795,940,19,11,4,11,4,390,38,3,0,0,11,10,1,17,8,11,0,1,0,52,11,13,45.8
2023-05-10,20:00,Liga MX,Quarter-finals,Wed,Away,D,0,0,Monterrey,Santos,0.7,0.9,47,17818.0,Celso Ortiz,4-4-2,Luis Santander,13,3,23.1,0.15,0.67,22.5,1,0,0,0.7,0.7,0.07,1.3,1.3,3,3,100.0,1.0,0.5,0.5,0.0,0.0,0.0,0.0,12,26,46.2,32,4,53.1,43.1,13,69.2,50.8,12,0,0.0,0,5.0,298,396,75.3,6240,2784,109,128,85.2,142,174,81.6,46,83,55.4,0,0.5,0.6,7,31,5,1,36,396,344,50,15,2,2,20,21,0,0,0,0,298,2,7,18,15,1,0,0,1,1,2,2,0,0,0,0,0,19,11,7,11,1,11,31,35.5,20,15,3,12,12,31,14,0,47.0,507,63,171,228,118,8,507,15,7,46.7,7,46.7,230,1449,568,12,17,3,14,5,294,36,4,0,0,20,13,3,20,12,11,0,0,0,54,9,11,45.0,12,3,25.0,0.0,0.0,17.7,0,0,0,0.9,0.9,0.07,-0.9,-0.9,3,1,33.3,0.0,0.9,-1.1,0.0,0.0,0.0,0.0,3,13,23.1,22,8,27.3,35.1,11,63.6,45.5,12,0,0.0,2,20.3,357,462,77.3,7246,2734,142,159,89.3,155,181,85.6,56,95,58.9,0,0.8,0.8,11,37,8,3,44,462,395,63,19,0,11,15,24,6,4,2,0,357,4,13,24,18,2,3,0,1,0,0,0,0,0,0,0,0,12,8,8,4,0,7,15,46.7,8,6,1,5,6,18,15,0,53.0,566,51,150,299,124,20,566,32,21,65.6,11,34.4,354,1846,871,17,13,6,19,8,350,43,1,0,0,12,16,4,15,6,8,0,0,0,54,11,8,57.9
2023-05-13,20:06,Liga MX,Quarter-finals,Sat,Home,W,2,0,Monterrey,Santos,0.7,0.2,51,45322.0,Celso Ortiz,4-4-2,Óscar Macias,10,2,20.0,0.0,0.0,20.6,0,0,0,0.7,0.7,0.05,-0.7,-0.7,1,1,100.0,1.0,0.1,0.1,0.0,0.0,0.0,0.0,9,22,40.9,36,3,50.0,43.4,6,66.7,53.5,13,1,7.7,1,14.3,348,435,80.0,7148,2842,116,135,85.9,182,209,87.1,48,84,57.1,1,0.3,0.4,5,46,5,1,48,435,400,34,8,4,5,16,18,1,0,1,0,348,1,7,13,9,1,2,1,0,0,0,0,0,0,0,0,0,17,11,7,8,2,15,28,53.6,13,7,3,4,11,27,15,0,51.0,524,52,161,268,100,10,524,16,12,75.0,4,25.0,350,2214,1027,14,12,2,12,9,336,44,1,0,0,12,5,1,16,11,11,0,0,0,50,20,14,58.8,7,1,14.3,0.0,0.0,24.3,1,0,0,0.2,0.2,0.03,-0.2,-0.2,2,2,100.0,1.0,0.1,0.1,0.0,0.0,0.0,0.0,7,14,50.0,20,6,35.0,35.8,9,77.8,54.1,17,2,11.8,0,6.0,343,446,76.9,6696,2603,131,155,84.5,161,194,83.0,44,81,54.3,0,0.1,0.2,4,33,3,0,30,446,398,46,14,3,6,22,17,5,2,2,0,343,2,5,12,9,0,2,0,1,0,0,0,0,0,0,0,0,16,13,10,4,2,6,20,30.0,14,10,3,7,6,22,21,0,49.0,550,47,180,240,139,14,550,32,14,43.8,15,46.9,350,2151,1071,25,19,6,13,3,339,29,1,0,0,8,12,2,22,6,13,0,0,0,53,15,20,42.9
2023-05-17,22:00,Liga MX,Semi-finals,Wed,Away,D,1,1,Monterrey,UANL,0.8,0.4,39,41615.0,Celso Ortiz,4-2-3-1,Fernando Guerrero,10,4,40.0,0.1,0.25,17.9,2,0,0,0.8,0.8,0.08,0.2,0.2,2,1,50.0,0.0,1.0,0.0,0.0,0.0,0.0,0.0,9,14,64.3,23,5,43.5,34.7,8,50.0,38.9,21,2,9.5,0,6.0,248,349,71.1,4810,2442,108,132,81.8,90,118,76.3,39,75,52.0,0,0.5,0.8,6,27,8,4,30,349,295,53,17,0,2,14,21,5,2,2,0,248,1,4,17,10,2,1,1,2,1,2,1,0,0,0,1,0,17,12,9,8,0,7,18,38.9,11,8,0,8,14,31,23,0,39.0,467,56,139,209,126,18,467,23,8,34.8,13,56.5,200,1153,423,10,8,1,11,13,242,29,4,0,0,14,15,1,14,14,12,0,0,0,51,12,9,57.1,5,2,40.0,0.2,0.5,21.5,0,0,0,0.4,0.4,0.07,0.6,0.6,4,3,75.0,0.0,0.4,-0.6,0.0,0.0,0.0,0.0,3,9,33.3,42,7,21.4,28.5,9,0.0,17.3,12,0,0.0,1,14.0,433,540,80.2,7940,2829,185,216,85.6,203,230,88.3,42,72,58.3,1,0.4,0.3,5,32,6,5,31,540,480,57,15,0,4,31,27,4,0,3,0,433,3,11,10,9,1,0,0,0,0,2,2,0,0,0,0,0,26,18,12,11,3,13,21,61.9,8,6,1,5,10,36,21,0,61.0,644,62,229,283,138,10,644,19,11,57.9,7,36.8,342,2083,1106,31,15,2,16,10,427,30,3,0,0,16,12,3,31,10,18,0,0,0,50,9,12,42.9
2023-05-20,20:06,Liga MX,Semi-finals,Sat,Home,L,0,1,Monterrey,UANL,0.6,0.6,40,52839.0,Celso Ortiz,4-2-3-1,Luis Santander,11,1,9.1,0.0,0.0,20.4,1,0,0,0.6,0.6,0.06,-0.6,-0.6,2,1,50.0,0.0,0.5,-0.5,0.0,0.0,0.0,0.0,3,11,27.3,26,6,34.6,33.0,6,33.3,34.3,13,1,7.7,2,21.0,250,355,70.4,4876,2060,99,122,81.1,113,142,79.6,35,72,48.6,0,0.3,0.6,7,22,10,4,27,355,300,52,18,3,3,19,22,4,2,2,0,250,3,11,17,9,1,2,3,2,0,0,0,0,0,0,0,0,16,10,8,7,1,6,14,42.9,8,7,1,6,11,27,14,0,40.0,454,44,137,216,105,20,454,17,9,52.9,5,29.4,203,1186,568,9,12,0,20,6,247,27,1,0,0,22,14,3,19,11,10,0,0,0,48,20,15,57.1,6,2,33.3,0.17,0.5,21.0,0,0,0,0.6,0.6,0.1,0.4,0.4,1,1,100.0,1.0,0.0,0.0,0.0,0.0,0.0,0.0,2,9,22.2,28,7,21.4,31.1,7,42.9,39.1,18,2,11.1,0,7.5,436,542,80.4,7692,2631,181,201,90.0,217,245,88.6,34,73,46.6,1,0.5,0.6,4,21,5,3,35,542,479,60,25,1,3,15,23,4,1,1,0,436,3,8,12,10,1,1,0,0,0,2,2,0,0,0,0,0,11,9,5,5,1,5,14,35.7,9,16,5,11,14,25,15,0,60.0,639,53,197,325,118,12,639,17,8,47.1,6,35.3,422,2072,1112,18,16,4,13,10,431,35,2,0,0,16,21,3,15,14,9,0,0,0,42,15,20,42.9
2022-07-02,21:05,Liga MX,Apertura 2022 Regular Season,Sat,Home,D,0,0,América,Atlas,0.8,0.9,54,27577.0,Guillermo Ochoa,4-2-3-1,Fernando Guerrero,16,3,18.8,0.0,0.0,22.7,0,0,0,0.8,0.8,0.05,-0.8,-0.8,1,1,100.0,1.0,0.1,0.1,0.0,0.0,0.0,0.0,7,17,41.2,41,3,29.3,33.7,10,50.0,48.6,12,1,8.3,3,18.1,385,487,79.1,7048,2677,166,187,88.8,162,184,88.0,44,89,49.4,0,0.7,0.7,14,28,11,2,38,487,437,48,11,1,1,21,22,4,1,1,0,385,2,4,29,25,3,1,0,0,0,0,0,0,0,0,0,0,19,11,13,5,1,9,20,45.0,11,10,2,8,5,24,17,0,54.0,606,62,214,243,155,21,606,19,8,42.1,11,57.9,310,1948,1161,26,21,7,18,7,379,38,1,0,0,6,11,2,21,5,11,0,0,0,59,24,10,70.6,8,1,12.5,0.0,0.0,18.9,0,0,0,0.9,0.9,0.11,-0.9,-0.9,3,3,100.0,1.0,0.8,0.8,0.0,0.0,0.0,0.0,5,27,18.5,24,1,62.5,50.3,15,80.0,54.8,12,1,8.3,2,14.8,294,411,71.5,5286,2079,146,163,89.6,99,128,77.3,43,99,43.4,0,0.5,0.3,5,25,5,0,27,411,361,50,8,0,7,17,22,4,1,2,0,294,0,10,11,6,1,2,0,1,1,0,0,0,0,0,0,0,18,10,9,9,0,11,19,57.9,8,5,2,3,13,31,12,0,46.0,511,56,151,254,113,16,511,20,11,55.0,9,45.0,227,946,400,8,11,3,20,10,289,27,1,0,0,11,5,0,17,13,10,0,0,0,53,10,24,29.4
2022-07-09,21:05,Liga MX,Apertura 2022 Regular Season,Sat,Away,L,2,3,América,Monterrey,1.4,1.2,63,41342.0,Guillermo Ochoa,4-2-2-2,Marco Ortíz,13,3,23.1,0.15,0.67,16.3,0,0,0,1.4,1.4,0.11,0.6,0.6,8,5,62.5,0.0,2.8,-0.2,0.0,0.0,0.0,0.0,13,19,68.4,24,5,62.5,39.8,5,80.0,50.4,13,0,0.0,0,5.0,390,498,78.3,7468,2602,182,206,88.3,145,171,84.8,59,99,59.6,2,1.3,0.8,10,36,8,2,37,498,452,46,15,0,8,27,14,8,4,4,0,390,0,8,21,16,1,0,4,0,0,4,4,0,0,0,0,0,20,10,4,14,2,7,12,58.3,5,13,7,6,6,26,14,1,63.0,612,49,147,319,151,15,612,18,10,55.6,8,44.4,330,1802,886,20,10,4,20,4,386,35,2,0,0,9,14,0,27,6,10,0,0,0,51,17,11,60.7,19,8,42.1,0.16,0.38,20.7,0,0,0,1.2,1.2,0.07,1.8,1.8,3,1,33.3,0.0,1.4,-0.6,0.0,0.0,0.0,0.0,12,23,52.2,22,2,63.6,43.9,11,81.8,57.1,22,0,0.0,0,7.7,204,292,69.9,4188,2180,79,95,83.2,85,106,80.2,35,72,48.6,3,1.1,1.3,16,17,7,3,21,292,243,48,9,0,0,17,21,4,1,2,0,204,1,8,33,20,6,2,1,3,1,6,4,1,0,0,0,1,12,5,5,5,2,8,18,44.4,10,11,3,8,7,19,25,0,37.0,413,61,152,166,99,16,413,12,5,41.7,7,58.3,174,747,355,6,5,3,22,13,193,21,2,0,0,14,9,1,17,7,5,0,0,0,50,11,17,39.3
2022-07-13,21:00,Liga MX,Apertura 2022 Regular Season,Wed,Home,W,1,0,América,Toluca,1.6,0.6,61,36090.0,Guillermo Ochoa,4-2-3-1,Adonai Escobedo,26,2,7.7,0.04,0.5,20.2,0,0,0,1.6,1.6,0.06,-0.6,-0.6,2,2,100.0,1.0,0.7,0.7,0.0,0.0,0.0,0.0,2,7,28.6,14,4,35.7,29.5,5,40.0,39.4,5,0,0.0,1,11.0,430,521,82.5,7909,2727,197,216,91.2,166,193,86.0,60,86,69.8,1,1.4,1.9,23,46,19,6,81,521,477,40,11,1,13,36,16,7,4,2,0,430,4,9,51,38,7,1,3,1,1,2,2,0,0,0,0,0,19,10,8,10,1,7,16,43.8,9,11,4,7,8,27,10,0,61.0,620,34,134,246,246,41,620,23,12,52.2,9,39.1,377,2494,1377,34,26,5,6,8,424,81,1,0,0,10,10,4,36,8,10,0,0,0,48,17,22,43.6,10,2,20.0,0.0,0.0,28.5,0,0,0,0.6,0.6,0.06,-0.6,-0.6,2,1,50.0,0.0,0.6,-0.4,0.0,0.0,0.0,0.0,19,36,52.8,31,0,58.1,47.9,23,78.3,60.4,30,1,3.3,3,23.3,228,297,76.8,5130,2314,83,94,88.3,83,100,83.0,54,85,63.5,0,0.3,0.1,9,12,4,0,11,297,247,49,13,0,5,6,8,3,1,1,0,228,1,7,19,14,0,3,0,1,1,0,0,0,0,0,0,0,12,8,8,2,2,6,17,35.3,11,12,5,7,6,18,28,1,39.0,403,88,195,134,80,8,403,17,8,47.1,7,41.2,162,735,377,8,10,1,12,12,231,12,1,1,0,8,8,1,6,6,8,0,0,0,22,22,16,57.9
2022-07-23,18:05,Liga MX,Apertura 2022 Regular Season,Sat,Away,L,0,2,América,Tijuana,0.1,1.5,63,29333.0,Guillermo Ochoa,4-2-3-1,Fernando Hernández,3,1,33.3,0.0,0.0,30.8,1,0,0,0.1,0.1,0.02,-0.1,-0.1,4,2,75.0,0.0,1.5,-0.5,1.0,1.0,0.0,0.0,8,11,72.7,19,5,36.8,34.3,8,50.0,40.3,11,1,9.1,1,15.7,445,557,79.9,8150,3140,181,206,87.9,204,252,81.0,50,80,62.5,0,0.0,0.5,1,44,5,0,52,557,500,56,18,2,1,17,25,2,1,1,0,445,1,7,5,4,0,1,0,0,0,0,0,0,0,0,0,0,17,6,10,5,2,6,12,50.0,6,13,7,6,11,28,13,0,63.0,655,52,157,336,169,10,655,14,3,21.4,8,57.1,375,2356,1102,20,22,2,17,17,439,52,3,0,0,7,16,1,17,11,6,0,1,0,45,20,17,54.1,13,3,23.1,0.08,0.33,23.7,1,1,1,1.5,0.7,0.06,0.5,0.3,1,1,100.0,1.0,0.1,0.1,0.0,0.0,0.0,0.0,8,20,40.0,31,2,54.8,39.0,8,37.5,26.1,15,0,0.0,0,15.0,210,328,64.0,3982,1757,84,116,72.4,88,114,77.2,29,75,38.7,0,0.6,0.7,9,14,2,1,22,328,295,31,5,0,1,13,10,7,0,6,0,210,2,7,22,10,2,2,6,2,0,3,0,0,0,2,1,0,25,13,15,10,0,8,11,72.7,3,8,1,7,7,32,20,0,37.0,435,59,195,164,83,12,434,16,6,37.5,6,37.5,189,1280,595,11,16,0,8,11,204,22,3,0,0,17,7,2,13,7,13,1,0,0,56,17,20,45.9
2022-07-31,21:05,Liga MX,Apertura 2022 Regular Season,Sun,Away,L,2,3,América,León,1.0,1.4,56,20964.0,Guillermo Ochoa,4-4-2,Óscar Macias,11,3,27.3,0.18,0.67,12.1,0,0,0,1.0,1.0,0.09,1.0,1.0,7,4,71.4,0.0,2.2,-0.8,1.0,1.0,0.0,0.0,7,16,43.8,27,2,44.4,41.3,6,66.7,40.7,13,0,0.0,1,22.5,347,443,78.3,6634,2695,142,156,91.0,138,168,82.1,54,89,60.7,1,0.7,1.1,9,35,12,7,45,443,390,49,15,3,5,22,21,4,4,0,0,347,4,9,19,15,1,0,1,2,0,3,2,0,0,1,0,0,12,5,4,5,3,6,12,50.0,6,10,2,8,11,23,16,1,56.0,536,42,149,237,156,22,536,21,11,52.4,8,38.1,252,1678,873,20,18,4,10,11,344,44,3,0,0,11,13,4,22,11,5,0,1,0,56,12,11,52.2,12,6,50.0,0.17,0.33,22.0,0,1,1,1.4,0.7,0.05,1.6,1.3,3,1,33.3,0.0,1.2,-0.8,0.0,0.0,0.0,0.0,9,18,50.0,22,8,45.5,41.9,15,53.3,39.9,21,1,4.8,0,5.0,243,348,69.8,4570,2194,109,128,85.2,96,123,78.0,30,74,40.5,2,0.6,0.4,10,19,4,2,22,348,298,47,14,0,5,16,11,5,2,1,0,243,3,8,22,16,2,1,0,1,2,5,4,0,0,0,1,0,19,14,10,8,1,8,19,42.1,11,11,2,9,13,32,13,0,44.0,440,63,159,190,99,10,439,13,6,46.2,6,46.2,224,1422,665,17,17,3,12,6,242,22,2,1,0,13,11,3,16,13,14,1,0,0,45,11,12,47.8
2022-08-07,20:05,Liga MX,Apertura 2022 Regular Season,Sun,Home,W,2,1,América,FC Juárez,1.1,2.1,48,21957.0,Guillermo Ochoa,4-4-2,Luis Santander,16,6,37.5,0.13,0.33,18.9,0,0,0,1.1,1.1,0.07,0.9,0.9,4,3,75.0,0.0,1.4,0.4,1.0,0.0,0.0,1.0,2,8,25.0,19,3,21.1,27.9,11,36.4,35.7,13,0,0.0,1,23.0,341,423,80.6,6264,2371,145,159,91.2,156,184,84.8,36,57,63.2,2,1.1,1.0,14,30,9,4,40,423,379,40,6,2,4,13,18,3,0,2,1,341,4,10,30,23,2,5,0,0,0,4,4,0,0,0,0,0,9,5,3,6,0,3,11,27.3,8,8,4,4,10,19,12,0,48.0,519,48,165,271,89,23,519,24,9,37.5,14,58.3,323,1963,1122,21,6,7,12,5,340,40,2,0,0,18,7,4,13,10,5,0,1,0,47,16,15,51.6,13,4,30.8,0.08,0.25,17.3,0,0,1,2.1,1.3,0.1,-1.1,-0.3,6,4,66.7,0.0,0.9,-1.1,0.0,0.0,0.0,0.0,5,17,29.4,28,4,39.3,36.5,11,54.5,47.1,12,0,0.0,0,,371,459,80.8,7516,2726,136,156,87.2,170,185,91.9,60,102,58.8,0,0.9,1.5,11,32,6,4,36,459,410,49,21,0,9,20,12,2,1,0,0,371,0,5,26,13,6,2,0,3,2,2,2,0,0,0,0,0,19,14,7,11,1,14,23,60.9,9,12,2,10,7,26,8,0,52.0,548,59,201,246,112,15,547,11,8,72.7,3,27.3,306,1558,773,20,15,3,12,6,367,36,1,0,0,7,18,0,20,7,14,1,0,0,46,15,16,48.4
2022-08-13,19:05,Liga MX,Apertura 2022 Regular Season,Sat,Away,W,3,0,América,UNAM,2.6,0.5,53,45893.0,Guillermo Ochoa,4-2-3-1,Adonai Escobedo,19,9,47.4,0.16,0.33,19.2,0,0,0,2.6,2.6,0.15,0.4,0.4,2,2,100.0,1.0,0.2,0.2,0.0,0.0,0.0,0.0,7,16,43.8,21,2,47.6,40.0,12,50.0,44.3,7,0,0.0,1,14.5,364,450,80.9,6755,2969,163,183,89.1,125,144,86.8,58,91,63.7,1,2.0,0.9,15,32,8,3,47,450,392,57,11,2,8,14,28,5,3,1,1,364,1,8,35,25,4,3,2,0,1,4,1,0,2,1,0,0,21,15,5,12,4,9,20,45.0,11,14,3,11,12,33,10,0,53.0,565,50,138,305,130,26,565,24,9,37.5,12,50.0,281,1432,677,14,15,9,21,8,363,47,0,0,0,6,11,1,14,12,15,0,0,0,53,15,13,53.6,10,2,20.0,0.0,0.0,21.7,0,0,0,0.5,0.5,0.05,-0.5,-0.5,9,6,66.7,0.0,2.7,-0.3,0.0,0.0,0.0,0.0,3,9,33.3,25,9,20.0,29.9,10,40.0,37.2,13,0,0.0,0,,307,399,76.9,6203,2396,96,109,88.1,152,179,84.9,55,94,58.5,0,0.4,0.5,9,20,6,1,28,399,350,49,7,0,6,13,24,4,2,2,0,307,0,12,19,15,2,2,0,0,0,0,0,0,0,0,0,0,20,15,10,9,1,12,21,57.1,9,12,4,8,9,29,17,0,47.0,516,54,180,263,85,13,516,20,11,55.0,9,45.0,293,1649,945,15,11,4,20,12,303,28,2,0,0,11,6,0,13,9,15,0,0,0,43,13,15,46.4
2022-08-17,21:05,Liga MX,Apertura 2022 Regular Season,Wed,Away,W,3,0,América,Pachuca,1.1,0.4,49,10938.0,Guillermo Ochoa,4-2-3-1,César Arturo Ramos,14,6,42.9,0.21,0.5,19.9,1,0,0,1.1,1.1,0.08,1.9,1.9,4,4,100.0,1.0,0.9,0.9,0.0,0.0,0.0,0.0,4,15,26.7,17,3,52.9,45.0,8,75.0,51.5,15,1,6.7,0,1.0,390,478,81.6,7155,2464,171,186,91.9,166,194,85.6,42,73,57.5,3,1.0,0.9,11,33,7,0,33,478,434,44,13,1,6,15,17,5,2,2,0,390,0,10,25,20,2,1,1,1,0,6,6,0,0,0,0,0,29,17,17,10,2,22,40,55.0,18,8,2,6,15,44,19,0,49.0,610,53,211,258,144,14,610,18,8,44.4,8,44.4,256,1248,649,9,13,1,19,13,389,33,2,0,0,14,11,0,15,15,17,0,0,0,54,16,16,50.0,10,4,40.0,0.0,0.0,27.2,0,0,0,0.4,0.4,0.04,-0.4,-0.4,6,3,50.0,0.0,2.2,-0.8,0.0,0.0,0.0,0.0,6,12,50.0,18,4,44.4,35.5,8,50.0,36.3,8,0,0.0,2,21.5,396,489,81.0,7792,2697,152,169,89.9,193,222,86.9,49,81,60.5,0,0.3,0.5,7,43,6,3,42,489,432,57,14,0,5,23,26,5,2,1,0,396,0,8,17,12,2,2,1,0,0,0,0,0,0,0,0,0,21,8,9,9,3,8,16,50.0,8,9,3,6,10,31,11,0,51.0,609,43,154,320,147,15,609,42,18,42.9,22,52.4,412,2389,1203,23,19,5,17,7,392,41,3,1,0,14,13,0,23,10,8,0,0,0,57,16,16,50.0
2022-08-20,21:05,Liga MX,Apertura 2022 Regular Season,Sat,Home,W,7,0,América,Cruz Azul,2.4,0.4,59,45693.0,Guillermo Ochoa,4-2-3-1,Luis Santander,18,7,38.9,0.39,1.0,19.0,2,0,0,2.4,2.4,0.13,4.6,4.6,1,1,100.0,1.0,0.6,0.6,0.0,0.0,0.0,0.0,4,9,44.4,24,3,29.2,32.4,3,66.7,48.0,9,0,0.0,0,14.0,503,568,88.6,9415,2944,226,242,93.4,210,229,91.7,62,87,71.3,6,2.2,1.9,13,55,12,5,43,568,535,33,14,3,13,17,13,2,1,0,0,503,0,7,32,27,0,2,1,2,0,14,11,0,2,0,1,0,5,5,1,4,0,1,10,10.0,9,13,4,9,5,10,11,0,59.0,651,45,194,276,189,23,651,14,6,42.9,7,50.0,409,2306,1159,24,18,6,10,8,500,43,1,0,0,12,15,0,17,5,5,0,0,0,50,11,8,57.9,9,1,11.1,0.0,0.0,21.3,1,0,0,0.4,0.4,0.04,-0.4,-0.4,7,0,0.0,0.0,2.8,-4.2,0.0,0.0,0.0,0.0,7,18,38.9,20,1,55.0,38.8,13,53.8,49.0,13,0,0.0,0,,319,397,80.4,6017,2382,134,148,90.5,140,162,86.4,40,71,56.3,0,0.3,0.5,7,27,5,1,31,397,342,54,11,3,1,12,20,2,0,2,0,319,1,10,17,13,0,2,1,1,0,0,0,0,0,0,0,0,15,7,8,7,0,7,13,53.8,6,9,2,7,5,20,12,0,41.0,478,53,162,232,89,10,478,13,9,69.2,1,7.7,314,1763,878,16,12,4,14,4,318,31,1,1,0,15,12,1,12,5,7,0,0,0,34,8,11,42.1
2022-08-23,21:05,Liga MX,Apertura 2022 Regular Season,Tue,Away,W,1,0,América,Querétaro,1.0,1.0,57,,Guillermo Ochoa,4-2-2-2,Victor Caceres,15,4,26.7,0.07,0.25,17.4,1,0,0,1.0,1.0,0.07,0.0,0.0,2,2,100.0,1.0,0.2,0.2,0.0,0.0,0.0,0.0,9,20,45.0,27,2,33.3,34.3,13,84.6,60.8,19,0,0.0,0,,434,529,82.0,8038,3081,195,211,92.4,184,218,84.4,45,80,56.3,1,0.9,1.5,12,37,16,3,45,529,477,51,11,3,6,16,17,9,5,3,0,434,1,1,30,25,3,0,1,1,0,2,2,0,0,0,0,0,15,10,7,6,2,4,10,40.0,6,11,4,7,5,20,19,0,57.0,640,53,187,306,152,28,640,19,4,21.1,12,63.2,366,2050,946,15,15,2,11,7,433,45,2,0,0,8,11,1,16,5,10,0,0,0,47,17,24,41.5,13,2,15.4,0.0,0.0,17.4,0,0,0,1.0,1.0,0.08,-1.0,-1.0,4,3,75.0,0.0,0.7,-0.3,0.0,0.0,0.0,0.0,7,11,63.6,26,3,26.9,30.5,6,66.7,54.2,15,0,0.0,0,7.7,303,399,75.9,6661,2898,95,111,85.6,150,179,83.8,56,86,65.1,0,0.9,0.8,9,27,6,2,37,399,352,46,9,1,6,24,25,4,3,1,0,303,1,9,22,13,5,1,2,1,0,0,0,0,0,0,0,0,19,15,13,5,1,12,16,75.0,4,7,7,0,5,24,18,0,43.0,500,68,191,198,117,18,500,11,6,54.5,4,36.4,247,1633,683,11,8,2,15,11,300,36,0,0,0,11,8,1,24,5,15,0,0,0,56,24,17,58.5
2022-08-26,20:05,Liga MX,Apertura 2022 Regular Season,Fri,Away,W,3,1,América,Mazatlán,1.9,0.2,57,18365.0,Guillermo Ochoa,4-2-3-1,Erick Miranda,17,4,23.5,0.18,0.75,17.2,1,0,0,1.9,1.9,0.11,1.1,1.1,2,2,50.0,0.0,0.1,0.1,0.0,0.0,0.0,0.0,3,9,33.3,19,4,36.8,37.4,5,40.0,44.4,5,1,20.0,0,6.0,377,464,81.3,7298,2420,157,180,87.2,164,194,84.5,48,73,65.8,3,1.8,1.7,14,32,10,2,49,464,410,53,21,0,5,24,20,5,1,2,0,377,1,2,33,24,4,0,2,3,0,6,4,1,0,1,0,0,12,5,8,3,1,5,10,50.0,5,8,2,6,7,19,7,0,57.0,557,33,143,250,170,24,557,20,9,45.0,6,30.0,289,1654,931,19,14,8,14,9,371,49,2,0,0,9,19,1,24,7,5,0,0,1,37,16,11,59.3,7,2,28.6,0.0,0.0,25.3,1,0,0,0.2,0.2,0.03,-0.2,-0.2,4,1,25.0,0.0,2.2,-0.8,0.0,0.0,0.0,0.0,7,16,43.8,22,4,36.4,36.9,11,72.7,51.5,21,1,4.8,2,17.8,270,349,77.4,5316,2175,112,129,86.8,110,134,82.1,44,70,62.9,0,0.0,0.4,2,23,3,1,27,349,311,37,9,0,1,7,10,3,2,0,0,270,1,7,10,6,2,0,0,1,1,0,0,0,0,0,0,0,15,10,11,4,0,6,15,40.0,9,7,5,2,10,25,26,0,43.0,454,75,188,189,82,6,454,13,5,38.5,5,38.5,260,1530,737,11,9,3,14,7,267,26,4,1,1,21,9,1,7,10,10,0,0,0,38,11,16,40.7
2022-09-03,21:05,Liga MX,Apertura 2022 Regular Season,Sat,Home,W,2,1,América,UANL,1.6,1.0,52,45384.0,Guillermo Ochoa,4-2-3-1,Diego Montaño,17,9,52.9,0.12,0.22,20.5,0,0,0,1.6,1.6,0.1,0.4,0.4,4,3,75.0,0.0,1.1,0.1,0.0,0.0,0.0,0.0,5,16,31.3,21,2,52.4,48.2,10,50.0,48.6,20,0,0.0,0,13.3,417,485,86.0,7797,2893,168,178,94.4,190,210,90.5,48,78,61.5,1,1.6,1.6,15,38,10,0,51,485,437,47,16,3,7,13,15,4,0,2,0,417,1,3,32,26,2,2,1,1,0,4,3,0,1,0,0,0,6,4,4,2,0,1,11,9.1,10,15,6,9,13,19,21,0,52.0,597,56,185,279,137,22,597,16,8,50.0,6,37.5,316,1740,923,11,13,5,14,11,414,51,5,0,0,11,15,1,13,13,4,0,0,0,45,12,15,44.4,16,4,25.0,0.06,0.25,19.3,0,0,0,1.0,1.0,0.06,0.0,0.0,9,7,77.8,0.0,2.5,0.5,0.0,0.0,0.0,0.0,2,11,18.2,36,6,22.2,28.2,12,25.0,32.4,9,1,11.1,2,26.0,350,441,79.4,6125,2435,178,193,92.2,127,154,82.5,40,73,54.8,1,1.0,0.7,15,30,11,4,44,441,382,58,12,0,5,27,22,9,3,4,0,350,1,11,25,20,2,1,1,0,1,2,2,0,0,0,0,0,17,9,10,5,2,6,14,42.9,8,5,2,3,5,22,14,0,48.0,528,67,162,229,145,17,528,12,10,83.3,1,8.3,304,1752,1034,15,9,4,13,5,345,44,4,0,0,15,9,1,27,5,9,0,0,0,35,15,12,55.6
2022-09-06,21:05,Liga MX,Apertura 2022 Regular Season,Tue,Home,W,3,0,América,Atlético,2.4,0.6,60,20410.0,Guillermo Ochoa,4-2-3-1,Victor Caceres,19,6,31.6,0.16,0.5,16.6,2,0,1,2.4,1.6,0.08,0.6,1.4,3,3,100.0,1.0,0.4,0.4,0.0,0.0,0.0,0.0,2,5,40.0,19,3,15.8,30.3,8,25.0,30.1,7,0,0.0,0,14.0,416,496,83.9,8304,3030,148,163,90.8,197,222,88.7,64,96,66.7,2,1.2,1.2,11,31,16,3,45,496,445,49,11,2,3,23,21,8,3,4,0,416,2,5,34,22,4,1,2,5,0,5,4,0,0,1,0,0,12,7,4,5,3,3,9,33.3,6,9,2,7,7,19,11,0,60.0,595,48,162,302,134,30,594,12,1,8.3,7,58.3,297,1572,803,18,14,5,15,9,414,45,2,0,0,11,14,2,23,7,7,1,0,0,41,16,11,59.3,9,3,33.3,0.0,0.0,24.6,0,0,0,0.6,0.6,0.06,-0.6,-0.6,7,3,57.1,0.0,3.5,0.5,1.0,0.0,1.0,0.0,7,17,41.2,15,3,40.0,40.7,12,91.7,60.2,20,2,10.0,0,10.5,253,331,76.4,4793,2077,111,129,86.0,104,124,83.9,30,56,53.6,0,0.5,0.6,8,19,7,3,27,331,288,43,13,1,1,13,11,3,0,2,0,253,0,9,17,15,0,1,1,0,0,0,0,0,0,0,0,0,16,10,5,8,3,7,8,87.5,1,13,9,4,8,24,21,0,40.0,431,73,134,191,108,11,431,12,6,50.0,3,25.0,189,1025,590,14,11,0,10,9,251,27,4,0,0,14,11,0,13,8,10,0,1,0,35,11,16,40.7
2022-09-10,19:00,Liga MX,Apertura 2022 Regular Season,Sat,Away,W,2,1,América,Necaxa,1.0,1.1,62,20193.0,Henry Martín,3-4-3,Fernando Guerrero,12,7,58.3,0.17,0.29,15.3,0,0,0,1.0,1.0,0.08,1.0,1.0,6,5,83.3,0.0,1.2,0.2,0.0,0.0,0.0,0.0,5,8,62.5,16,8,18.8,28.8,6,83.3,64.8,8,0,0.0,1,30.0,423,541,78.2,8524,3397,160,188,85.1,191,227,84.1,69,110,62.7,2,1.0,1.2,12,57,14,5,64,541,485,52,12,0,10,34,23,9,4,4,0,423,4,11,24,19,2,1,1,1,0,4,4,0,0,0,0,0,13,8,6,7,0,4,8,50.0,4,9,5,4,9,22,5,0,62.0,619,37,162,252,210,25,619,18,8,44.4,5,27.8,305,1847,846,17,13,6,14,9,415,62,0,0,0,7,12,4,34,9,8,0,0,0,41,17,10,63.0,14,6,42.9,0.07,0.17,19.9,0,0,0,1.1,1.1,0.08,-0.1,-0.1,7,5,71.4,0.0,1.5,-0.5,0.0,0.0,0.0,0.0,5,16,31.3,28,6,32.1,35.9,9,77.8,51.1,23,1,4.3,0,10.0,243,338,71.9,4953,2247,88,103,85.4,99,128,77.3,44,90,48.9,1,0.7,0.5,9,19,7,2,24,338,293,45,11,0,2,11,19,3,0,2,0,243,0,4,24,19,2,0,3,0,0,2,2,0,0,0,0,0,14,7,10,3,1,5,13,38.5,8,8,1,7,5,19,30,0,38.0,444,70,209,163,77,14,444,10,4,40.0,4,40.0,241,1453,600,10,9,0,15,9,235,24,2,0,0,12,5,0,11,5,7,0,0,0,30,10,17,37.0
2022-09-14,21:05,Liga MX,Apertura 2022 Regular Season,Wed,Home,D,3,3,América,Santos,2.0,0.7,71,2781.0,Guillermo Ochoa,4-2-3-1,Fernando Hernández,29,8,27.6,0.07,0.25,17.4,3,0,0,2.0,2.0,0.07,0.0,0.0,8,5,62.5,0.0,2.1,-0.9,0.0,0.0,0.0,0.0,1,3,33.3,17,8,5.9,26.7,2,100.0,60.5,6,0,0.0,2,24.3,503,607,82.9,9307,3371,225,252,89.3,219,251,87.3,59,89,66.3,1,1.0,1.7,16,59,21,7,73,607,554,53,12,2,3,39,24,11,6,3,0,503,0,11,52,45,0,1,3,3,0,3,2,0,0,1,0,0,11,7,3,7,1,6,12,50.0,6,7,2,5,5,16,9,0,71.0,700,29,119,336,250,41,700,13,6,46.2,4,30.8,472,2268,1116,18,20,3,12,12,502,73,0,0,0,4,15,0,39,5,7,0,0,0,44,18,12,60.0,13,8,61.5,0.23,0.38,22.9,0,0,0,0.7,0.7,0.05,2.3,2.3,8,6,62.5,0.0,2.3,0.3,0.0,0.0,0.0,0.0,9,18,50.0,13,3,76.9,56.4,14,57.1,51.4,29,0,0.0,0,5.0,182,252,72.2,4215,2189,60,80,75.0,84,101,83.2,37,65,56.9,2,0.3,0.2,8,18,4,1,19,252,217,35,4,0,2,6,11,2,1,1,0,182,0,5,18,14,1,2,1,0,0,5,3,0,1,1,0,0,16,12,12,4,0,4,10,40.0,6,21,13,8,16,32,41,0,29.0,414,92,206,152,60,14,414,14,6,42.9,6,42.9,137,780,408,12,6,6,20,5,180,19,6,0,0,15,4,0,6,16,12,0,0,1,44,12,18,40.0
2022-09-17,20:00,Liga MX,Apertura 2022 Regular Season,Sat,Home,W,2,1,América,Guadalajara,2.1,1.3,46,65461.0,Guillermo Ochoa,4-2-3-1,Adonai Escobedo,10,4,40.0,0.1,0.25,17.3,0,1,1,2.1,1.3,0.14,-0.1,-0.3,3,2,66.7,0.0,1.0,0.0,0.0,0.0,0.0,0.0,9,16,56.3,16,2,43.8,39.5,12,75.0,54.8,14,0,0.0,0,13.0,287,376,76.3,5622,2387,111,137,81.0,137,158,86.7,37,69,53.6,1,1.3,0.9,8,32,7,1,35,376,327,48,10,2,2,13,21,3,2,1,0,287,1,9,18,15,1,0,1,1,0,4,2,1,0,0,1,0,22,15,9,10,3,7,18,38.9,11,7,3,4,8,30,22,0,46.0,479,54,154,218,112,15,478,15,7,46.7,8,53.3,191,1355,846,15,12,2,14,5,284,35,1,0,0,12,10,1,13,8,15,1,0,0,45,17,14,54.8,17,3,17.6,0.06,0.33,18.3,1,0,0,1.3,1.3,0.08,-0.3,-0.3,5,3,80.0,0.0,1.9,-0.1,1.0,1.0,0.0,0.0,3,6,50.0,16,3,12.5,25.2,5,80.0,61.2,9,1,11.1,1,18.0,369,433,85.2,6785,2776,167,183,91.3,142,161,88.2,51,74,68.9,0,0.7,0.9,11,33,7,3,41,433,384,49,11,1,5,21,24,6,4,1,0,369,0,5,28,14,4,4,3,3,0,1,0,0,0,0,1,0,13,6,6,5,2,8,15,53.3,7,11,2,9,16,29,15,0,54.0,559,44,157,287,121,23,559,21,11,52.4,7,33.3,308,2046,966,18,12,8,24,15,365,40,2,1,0,11,12,0,21,16,6,0,1,0,54,14,17,45.2
2022-09-30,19:00,Liga MX,Apertura 2022 Regular Season,Fri,Away,W,2,1,América,Puebla,0.7,0.8,45,43362.0,Guillermo Ochoa,4-2-3-1,Marco Ortíz,9,3,33.3,0.22,0.67,17.5,1,0,0,0.7,0.7,0.08,1.3,1.3,3,2,66.7,0.0,1.1,0.1,0.0,0.0,0.0,0.0,5,13,38.5,25,4,32.0,36.5,9,55.6,50.1,12,1,8.3,0,7.5,330,408,80.9,6265,2485,138,154,89.6,136,150,90.7,47,81,58.0,1,0.5,0.7,5,29,9,1,39,408,367,39,9,0,5,13,15,4,1,1,0,330,2,9,16,7,2,3,1,2,1,4,0,1,2,1,0,0,14,7,6,7,1,8,15,53.3,7,9,2,7,7,21,15,0,45.0,527,59,167,247,118,28,527,25,11,44.0,11,44.0,315,1632,876,16,11,4,21,11,326,39,1,0,0,12,9,2,13,7,7,0,0,0,52,6,14,30.0,11,3,27.3,0.09,0.33,15.5,0,0,0,0.8,0.8,0.07,0.2,0.2,3,1,33.3,0.0,1.3,-0.7,0.0,0.0,0.0,0.0,3,6,50.0,9,2,44.4,33.9,12,16.7,28.3,8,0,0.0,0,6.0,414,496,83.5,7177,2800,215,244,88.1,148,171,86.5,46,65,70.8,1,0.8,1.2,11,29,16,6,47,496,443,53,13,2,9,19,22,3,2,0,0,414,0,8,20,20,0,0,0,0,0,2,2,0,0,0,0,0,22,7,13,8,1,11,22,50.0,11,9,2,7,4,26,14,0,55.0,602,55,185,270,152,26,602,18,7,38.9,8,44.4,408,2282,1296,27,24,5,15,6,410,47,1,0,0,10,12,0,19,4,7,0,0,0,47,14,6,70.0
2022-10-12,19:06,Liga MX,Quarter-finals,Wed,Away,W,6,1,América,Puebla,2.8,0.8,59,44471.0,Guillermo Ochoa,4-2-3-1,Marco Ortíz,20,11,55.0,0.3,0.55,17.0,0,0,0,2.8,2.8,0.14,3.2,3.2,1,0,0.0,0.0,0.2,-0.8,0.0,0.0,0.0,0.0,9,12,75.0,29,5,27.6,31.7,6,66.7,49.2,8,1,12.5,0,4.7,430,521,82.5,7518,3019,198,222,89.2,163,189,86.2,47,73,64.4,5,2.3,2.1,17,31,20,1,53,521,473,45,18,4,1,12,17,2,0,1,0,430,3,9,37,28,3,3,1,2,0,11,8,1,0,1,1,0,14,12,6,6,2,4,15,26.7,11,2,0,2,16,30,10,0,59.0,606,47,150,299,168,31,606,21,14,66.7,3,14.3,370,2235,1273,25,20,3,10,7,426,52,2,0,0,13,16,3,12,16,12,0,0,0,60,9,7,56.3,6,1,16.7,0.17,1.0,16.8,0,0,0,0.8,0.8,0.13,0.2,0.2,11,5,45.5,0.0,5.4,-0.6,0.0,0.0,0.0,0.0,5,10,50.0,20,2,40.0,36.7,10,20.0,26.5,8,0,0.0,1,10.0,284,366,77.6,5037,2093,129,148,87.2,117,141,83.0,30,63,47.6,1,0.6,0.3,4,16,5,0,27,366,320,45,16,0,2,9,11,1,0,1,0,284,1,3,11,8,1,0,1,1,0,1,0,0,0,1,0,0,10,8,4,6,0,3,17,17.6,14,8,1,7,16,26,17,1,41.0,461,66,165,241,67,12,461,19,11,57.9,4,21.1,252,1752,878,14,13,1,22,10,280,27,1,0,0,17,13,1,9,16,8,0,0,0,55,7,10,41.2
2022-10-15,20:06,Liga MX,Quarter-finals,Sat,Home,W,5,1,América,Puebla,2.2,0.4,53,44298.0,Guillermo Ochoa,4-2-3-1,Daniel Quintero,15,6,40.0,0.27,0.67,20.2,1,1,1,2.2,1.4,0.09,2.8,2.6,6,5,83.3,0.0,1.8,0.8,0.0,0.0,0.0,0.0,4,6,66.7,26,4,15.4,25.1,6,33.3,37.5,9,0,0.0,0,9.0,413,472,87.5,7426,2333,183,193,94.8,175,192,91.1,44,69,63.8,3,1.2,0.6,12,35,10,2,31,472,441,30,11,0,2,12,8,3,2,0,0,413,1,4,28,23,0,2,1,2,0,9,7,0,1,0,1,0,12,9,3,7,2,4,5,80.0,1,4,0,4,5,17,9,3,53.0,548,46,145,291,120,21,547,14,9,64.3,3,21.4,335,2590,1237,22,14,6,11,9,407,30,2,0,0,10,11,1,12,5,9,1,0,0,40,7,3,70.0,9,6,66.7,0.11,0.17,21.1,0,0,0,0.4,0.4,0.04,0.6,0.6,7,2,42.9,0.0,3.1,-1.9,1.0,1.0,0.0,0.0,2,5,40.0,18,4,16.7,30.4,10,20.0,27.0,10,0,0.0,1,13.5,360,416,86.5,6767,2157,139,149,93.3,179,195,91.8,40,63,63.5,0,0.2,0.2,6,17,2,1,16,416,372,42,11,1,5,11,13,2,0,2,0,360,2,3,11,9,1,0,1,0,0,0,0,0,0,0,0,0,12,5,5,7,0,3,12,25.0,9,8,4,4,7,19,10,1,47.0,488,55,178,255,56,6,488,6,1,16.7,4,66.7,317,1553,832,8,5,1,9,8,353,16,1,0,0,11,10,2,11,7,5,0,1,0,32,3,7,30.0
2022-10-19,21:06,Liga MX,Semi-finals,Wed,Away,L,1,2,América,Toluca,1.5,2.0,62,27273.0,Guillermo Ochoa,4-2-3-1,Marco Ortíz,16,5,31.3,0.06,0.2,15.3,2,0,0,1.5,1.5,0.1,-0.5,-0.5,4,2,75.0,0.0,2.2,0.2,1.0,1.0,0.0,0.0,1,6,16.7,19,6,21.1,31.3,6,33.3,38.3,5,0,0.0,1,12.6,507,604,83.9,8685,3079,258,290,89.0,179,202,88.6,57,85,67.1,1,1.5,2.5,14,54,12,4,64,604,558,46,11,1,7,18,22,4,1,3,0,507,0,10,31,25,2,1,0,2,1,2,2,0,0,0,0,0,19,9,8,11,0,8,13,61.5,5,5,3,2,9,28,3,1,62.0,706,37,147,356,207,33,706,12,7,58.3,4,33.3,372,2344,1281,24,21,6,22,12,502,63,2,0,0,17,12,0,18,9,9,0,1,0,54,15,7,68.2,10,3,30.0,0.1,0.33,20.1,0,1,1,2.0,1.2,0.12,0.0,-0.2,5,4,80.0,0.0,1.4,0.4,0.0,0.0,0.0,0.0,6,24,25.0,25,2,60.0,47.2,11,81.8,63.5,12,0,0.0,0,10.0,283,377,75.1,5031,2149,120,143,83.9,115,133,86.5,30,75,40.0,1,1.2,0.4,8,15,2,0,19,377,332,44,16,0,3,6,14,1,0,1,0,283,1,2,19,8,4,2,1,3,1,3,1,0,0,0,2,0,16,11,8,6,2,4,11,36.4,7,14,4,10,13,29,18,0,38.0,487,74,194,221,82,11,486,16,5,31.3,8,50.0,251,1063,502,13,9,2,10,11,277,19,2,0,0,12,15,1,6,13,11,1,0,0,48,7,15,31.8
2022-10-22,20:06,Liga MX,Semi-finals,Sat,Home,D,1,1,América,Toluca,1.4,1.1,65,62945.0,Guillermo Ochoa,4-2-3-1,Adonai Escobedo,19,4,21.1,0.05,0.25,19.1,1,0,0,1.4,1.4,0.07,-0.4,-0.4,2,1,50.0,0.0,1.1,0.1,0.0,0.0,0.0,0.0,4,11,36.4,21,4,23.8,32.5,7,85.7,60.1,7,0,0.0,3,27.3,459,572,80.2,8567,3125,173,201,86.1,198,227,87.2,66,99,66.7,0,0.7,1.8,11,52,16,5,68,572,512,56,10,0,8,30,30,7,4,2,0,459,4,9,33,25,2,2,3,1,0,2,2,0,0,0,0,0,23,12,11,12,0,4,9,44.4,5,5,2,3,2,25,4,0,65.0,665,40,139,331,197,36,665,27,12,44.4,14,51.9,315,1956,1057,30,10,6,14,10,456,67,3,0,0,13,10,4,30,2,12,0,0,0,57,16,17,48.5,9,2,22.2,0.11,0.5,20.0,0,0,0,1.1,1.1,0.13,-0.1,-0.1,4,3,75.0,0.0,1.3,0.3,0.0,0.0,0.0,0.0,10,32,31.3,23,0,95.7,67.7,11,90.9,66.1,23,0,0.0,0,5.0,231,310,74.5,4619,2163,109,128,85.2,85,98,86.7,32,71,45.1,1,1.0,1.0,7,19,5,0,21,310,261,48,17,0,2,10,16,2,1,1,0,231,1,3,14,9,2,1,1,1,0,2,1,1,0,0,0,0,24,16,13,11,0,14,26,53.8,12,14,7,7,13,37,40,0,35.0,449,77,188,181,86,12,449,12,5,41.7,4,33.3,241,1149,436,9,10,1,13,19,226,21,5,0,0,10,12,1,10,13,16,0,0,0,46,17,16,51.5
2023-01-07,17:00,Liga MX,Clausura 2023 Regular Season,Sat,Home,D,0,0,América,Querétaro,1.7,0.4,66,25856.0,Miguel Layún,4-4-1-1,Victor Caceres,26,6,23.1,0.0,0.0,17.0,0,0,0,1.7,1.7,0.07,-1.7,-1.7,2,2,100.0,1.0,0.5,0.5,0.0,0.0,0.0,0.0,3,5,60.0,19,9,10.5,22.2,5,60.0,51.0,12,0,0.0,2,15.7,494,615,80.3,9204,3286,222,247,89.9,185,222,83.3,72,106,67.9,0,1.3,1.5,21,52,18,11,66,615,554,60,14,0,6,48,25,15,13,1,0,494,1,11,47,37,5,0,4,1,0,0,0,0,0,0,0,0,21,12,8,9,4,11,19,57.9,8,10,1,9,11,32,13,0,66.0,733,46,166,317,255,42,733,18,9,50.0,6,33.3,404,2453,1284,28,13,7,13,12,490,66,0,0,0,8,13,1,48,11,12,0,0,0,62,20,21,48.8,7,2,28.6,0.0,0.0,19.9,0,0,0,0.4,0.4,0.05,-0.4,-0.4,6,6,100.0,1.0,1.2,1.2,0.0,0.0,0.0,0.0,8,18,44.4,16,4,50.0,44.4,10,100.0,75.1,43,1,2.3,0,5.5,190,278,68.3,3923,1933,70,81,86.4,81,100,81.0,36,80,45.0,0,0.2,0.2,4,15,4,3,17,278,237,40,7,0,3,17,19,3,0,3,0,190,1,10,13,10,2,1,0,0,0,0,0,0,0,0,0,0,16,14,13,2,1,6,14,42.9,8,22,13,9,21,36,42,0,34.0,422,97,197,151,83,14,422,18,7,38.9,10,55.6,193,1078,598,15,11,5,12,9,188,20,3,0,0,13,7,1,17,21,14,0,0,0,53,21,19,52.5
2023-01-14,19:05,Liga MX,Clausura 2023 Regular Season,Sat,Away,D,2,2,América,Toluca,2.2,1.3,51,27273.0,Henry Martín,4-2-3-1,Fernando Guerrero,17,3,17.6,0.06,0.33,19.9,1,1,1,2.2,1.4,0.09,-0.2,-0.4,12,10,83.3,0.0,3.1,1.1,0.0,0.0,0.0,0.0,8,11,72.7,28,8,28.6,28.5,3,100.0,68.7,18,1,5.6,2,13.3,375,458,81.9,6864,2835,180,199,90.5,141,167,84.4,48,68,70.6,1,1.1,1.2,14,26,12,6,45,458,415,40,10,0,4,25,21,3,2,0,0,375,3,11,35,29,2,0,1,2,1,4,2,1,0,0,1,0,18,9,11,6,1,8,14,57.1,6,8,1,7,9,27,16,0,51.0,582,63,191,236,160,22,581,21,4,19.0,11,52.4,362,2085,1083,23,15,4,14,12,369,45,2,0,0,9,11,3,25,9,9,1,0,0,56,11,14,44.0,18,12,66.7,0.11,0.17,17.6,0,0,0,1.3,1.3,0.08,0.7,0.7,4,2,75.0,0.0,1.8,-0.2,1.0,1.0,0.0,0.0,10,17,58.8,35,2,37.1,39.6,11,36.4,40.5,20,0,0.0,0,,363,439,82.7,7912,3173,118,137,86.1,171,189,90.5,72,105,68.6,1,0.7,0.7,14,33,7,3,37,439,389,48,12,0,7,23,14,8,5,3,0,363,2,9,34,22,5,1,1,3,2,3,2,0,0,1,0,0,23,11,7,11,5,11,15,73.3,4,17,8,9,12,35,19,0,49.0,564,73,234,210,126,19,564,14,6,42.9,8,57.1,279,1610,896,19,10,6,13,10,357,37,2,0,0,11,8,2,23,12,11,0,1,0,48,14,11,56.0
2023-01-21,19:10,Liga MX,Clausura 2023 Regular Season,Sat,Home,D,2,2,América,Puebla,1.8,0.7,65,26382.0,Henry Martín,4-2-3-1,Oscar Mejia,19,6,31.6,0.11,0.33,23.1,4,0,0,1.8,1.8,0.09,0.2,0.2,5,3,60.0,0.0,1.0,-1.0,0.0,0.0,0.0,0.0,0,2,0.0,21,6,9.5,22.2,5,0.0,19.0,10,0,0.0,3,18.8,524,624,84.0,8058,2938,283,303,93.4,191,217,88.0,33,67,49.3,2,1.5,1.5,12,66,13,3,58,624,568,55,10,3,1,38,22,15,6,4,0,524,1,11,31,24,2,0,0,5,0,4,4,0,0,0,0,0,17,11,4,9,4,12,16,75.0,4,18,2,16,11,28,12,0,65.0,746,40,138,366,248,27,746,21,5,23.8,11,52.4,519,2776,1476,31,29,4,21,10,521,58,1,0,0,8,13,1,38,11,11,0,0,0,51,14,17,45.2,8,5,62.5,0.25,0.4,20.1,0,0,0,0.7,0.7,0.08,1.3,1.3,6,4,66.7,0.0,1.7,-0.3,0.0,0.0,0.0,0.0,9,18,50.0,15,2,66.7,48.5,10,80.0,60.6,31,0,0.0,0,4.0,238,334,71.3,4260,1830,123,141,87.2,77,99,77.8,31,66,47.0,2,0.6,0.3,6,20,2,1,20,334,294,40,9,0,3,13,16,2,1,1,0,238,0,16,13,7,2,0,2,2,0,4,0,2,0,1,1,0,21,12,11,9,1,11,16,68.8,5,18,8,10,9,30,36,0,35.0,467,84,201,202,69,9,467,17,4,23.5,12,70.6,226,1055,458,8,7,0,9,5,238,20,6,0,0,14,8,0,13,9,12,0,0,0,46,17,14,54.8
2023-01-28,21:05,Liga MX,Clausura 2023 Regular Season,Sat,Home,W,6,0,América,Mazatlán,3.1,0.5,61,22588.0,Henry Martín,4-2-3-1,Luis Santander,16,8,50.0,0.38,0.75,16.5,4,0,0,3.1,3.1,0.19,2.9,2.9,2,2,100.0,1.0,0.3,0.3,0.0,0.0,0.0,0.0,3,9,33.3,23,5,26.1,31.3,8,37.5,31.0,17,1,5.9,1,12.0,503,572,87.9,8536,2893,257,269,95.5,189,206,91.7,48,75,64.0,5,2.9,2.7,12,40,9,2,38,572,519,49,14,2,3,18,21,5,1,2,0,503,4,6,31,21,4,1,0,4,1,12,9,1,1,0,1,0,17,10,6,10,1,10,17,58.8,7,10,4,6,4,21,17,0,61.0,660,63,151,349,168,22,660,12,4,33.3,5,41.7,425,2114,1177,20,13,4,14,4,495,38,2,0,0,11,17,4,18,4,10,0,0,0,43,15,12,55.6,10,2,20.0,0.0,0.0,18.1,0,0,0,0.5,0.5,0.05,-0.5,-0.5,8,2,25.0,0.0,4.1,-1.9,0.0,0.0,0.0,0.0,3,11,27.3,23,5,34.8,33.7,5,60.0,49.6,14,0,0.0,0,12.0,290,366,79.2,4972,1762,138,151,91.4,115,137,83.9,30,65,46.2,0,0.4,1.1,8,27,4,1,32,366,314,52,15,2,3,19,21,4,2,1,0,290,0,5,17,11,2,0,3,0,1,0,0,0,0,0,0,0,9,7,2,7,0,5,9,55.6,4,10,5,5,6,15,22,2,39.0,461,50,122,226,121,17,461,19,7,36.8,10,52.6,310,1823,967,20,21,4,10,7,284,30,2,1,0,18,10,0,19,6,7,0,0,0,37,12,15,44.4
2023-02-04,21:05,Liga MX,Clausura 2023 Regular Season,Sat,Away,D,2,2,América,Santos,2.6,0.9,63,25746.0,Henry Martín,4-2-3-1,Diego Montaño,24,7,29.2,0.04,0.14,19.8,2,1,1,2.6,1.8,0.08,-0.6,-0.8,6,4,66.7,0.0,0.6,-1.4,0.0,0.0,0.0,0.0,6,8,75.0,15,7,33.3,33.7,4,75.0,46.5,11,0,0.0,0,4.3,458,566,80.9,8659,3286,191,215,88.8,209,251,83.3,56,83,67.5,0,1.4,1.5,17,72,11,2,80,566,519,46,8,6,3,31,24,7,1,6,0,458,1,12,47,31,4,5,3,3,1,4,1,0,0,0,2,1,13,9,4,5,4,8,19,42.1,11,9,4,5,12,25,15,0,63.0,686,39,137,290,271,26,685,35,16,45.7,15,42.9,451,2355,1179,25,24,6,13,8,457,80,2,0,0,10,10,1,31,12,9,1,0,0,59,16,17,48.5,14,6,42.9,0.14,0.33,20.9,0,0,0,0.9,0.9,0.06,1.1,1.1,8,6,87.5,0.0,3.0,1.0,1.0,1.0,0.0,0.0,11,21,52.4,17,0,70.6,50.6,12,75.0,53.0,27,0,0.0,1,13.5,255,339,75.2,5188,2553,106,126,84.1,105,131,80.2,41,74,55.4,2,0.8,0.8,12,25,6,1,27,339,297,41,11,2,4,12,10,5,2,3,0,255,1,5,21,18,1,1,0,1,0,3,3,0,0,0,0,0,23,11,15,5,3,15,31,48.4,16,18,7,11,10,33,45,0,37.0,503,78,226,179,110,15,503,20,11,55.0,8,40.0,233,1538,750,20,14,8,19,5,247,27,1,1,0,10,10,1,12,10,11,0,1,0,62,17,16,51.5
2023-02-11,17:00,Liga MX,Clausura 2023 Regular Season,Sat,Home,W,2,1,América,Necaxa,3.2,0.7,54,40125.0,Henry Martín,4-2-3-1,Ismael Lopez,12,4,33.3,0.08,0.25,15.6,0,1,1,3.2,2.4,0.21,-1.2,-1.4,1,0,0.0,0.0,0.8,-0.2,0.0,0.0,0.0,0.0,6,17,35.3,23,2,43.5,38.0,12,58.3,51.4,12,1,8.3,1,13.6,383,475,80.6,6747,2535,201,225,89.3,129,157,82.2,49,81,60.5,1,2.5,1.3,11,22,9,1,40,475,422,52,15,0,3,20,19,4,4,0,0,383,1,3,21,11,4,2,1,3,0,3,1,0,0,1,1,0,18,14,4,10,4,8,19,42.1,11,9,0,9,3,21,19,0,54.0,584,56,164,291,135,25,583,19,9,47.4,9,47.4,352,2158,1208,23,18,6,17,12,381,40,4,0,0,14,13,1,20,3,14,1,0,0,51,17,15,53.1,5,1,20.0,0.2,1.0,21.2,0,0,0,0.7,0.7,0.14,0.3,0.3,5,3,80.0,0.0,3.0,1.0,1.0,1.0,0.0,0.0,4,7,57.1,25,5,16.0,31.8,12,25.0,30.5,14,1,7.1,0,10.3,301,405,74.3,6302,2465,107,122,87.7,135,164,82.3,56,94,59.6,1,0.7,0.8,4,29,6,2,28,405,343,60,14,1,6,16,26,5,1,3,0,301,2,11,9,7,0,2,0,0,0,2,1,0,1,0,0,0,21,9,14,6,1,9,18,50.0,9,4,1,3,4,25,17,0,46.0,500,60,205,203,95,14,500,21,11,52.4,8,38.1,231,1308,658,15,4,4,19,10,299,28,6,0,0,14,13,2,16,4,9,0,1,0,47,15,17,46.9
2023-02-14,21:05,Liga MX,Clausura 2023 Regular Season,Tue,Away,W,3,1,América,Atlético,1.9,0.7,52,22240.0,Henry Martín,4-2-3-1,Fernando Hernández,19,9,47.4,0.16,0.33,21.3,0,0,0,1.9,1.9,0.1,1.1,1.1,4,3,75.0,0.0,0.6,-0.4,0.0,0.0,0.0,0.0,6,15,40.0,28,4,39.3,33.6,7,57.1,42.9,18,1,5.6,2,20.6,468,564,83.0,8538,2826,203,226,89.8,210,239,87.9,48,86,55.8,2,1.8,2.3,14,40,9,2,45,564,527,37,9,3,6,20,13,6,2,4,0,468,0,5,29,21,1,2,4,0,1,4,4,0,0,0,0,0,12,9,4,5,3,7,12,58.3,5,13,2,11,12,24,22,0,52.0,675,59,188,326,167,22,675,24,13,54.2,10,41.7,397,2099,1011,15,17,6,16,3,465,45,2,0,0,8,8,0,20,12,9,0,0,0,59,19,18,51.4,13,4,30.8,0.08,0.25,21.3,0,0,0,0.7,0.7,0.06,0.3,0.3,9,6,66.7,0.0,3.9,0.9,0.0,0.0,0.0,0.0,2,5,40.0,18,4,27.8,29.2,8,0.0,12.8,16,0,0.0,0,17.0,427,520,82.1,7558,2739,181,205,88.3,188,214,87.9,45,73,61.6,1,0.7,1.2,10,29,8,4,42,520,480,39,8,0,3,22,15,4,1,2,0,427,1,14,22,17,1,1,0,2,1,1,1,0,0,0,0,0,13,8,10,1,2,10,23,43.5,13,8,5,3,15,28,24,0,48.0,632,72,230,264,142,20,632,12,5,41.7,7,58.3,360,2207,1097,18,13,6,16,5,423,41,1,0,0,9,7,1,22,15,8,0,0,0,56,18,19,48.6
2023-02-19,19:05,Liga MX,Clausura 2023 Regular Season,Sun,Home,W,2,1,América,Tijuana,1.7,1.1,59,31012.0,Henry Martín,4-2-3-1,Fernando Guerrero,18,7,38.9,0.11,0.29,23.1,1,0,0,1.7,1.7,0.09,0.3,0.3,4,3,75.0,0.0,0.9,-0.1,0.0,0.0,0.0,0.0,2,9,22.2,17,5,29.4,31.4,13,30.8,36.2,12,1,8.3,0,4.0,467,557,83.8,9069,2983,172,196,87.8,239,260,91.9,55,94,58.5,1,1.2,1.3,13,51,7,3,40,557,504,52,15,1,4,21,15,7,1,5,0,467,1,3,32,22,2,4,1,2,1,4,3,0,0,0,1,0,8,5,1,7,0,4,20,20.0,16,5,4,1,13,21,13,0,59.0,659,62,169,346,147,19,659,28,12,42.9,14,50.0,386,2075,1238,17,11,5,8,8,465,39,3,0,0,17,16,1,21,13,5,0,0,0,47,11,16,40.7,14,4,28.6,0.07,0.25,19.2,1,0,0,1.1,1.1,0.08,-0.1,-0.1,7,5,71.4,0.0,2.3,0.3,0.0,0.0,0.0,0.0,1,11,9.1,18,4,44.4,37.7,9,33.3,29.3,18,0,0.0,1,16.3,299,387,77.3,5223,1952,150,181,82.9,111,129,86.0,31,61,50.8,1,0.7,0.8,8,25,3,2,25,387,342,45,17,1,2,18,13,3,0,2,0,299,0,4,25,12,3,4,1,3,2,2,2,0,0,0,0,0,22,16,15,6,1,14,26,53.8,12,6,4,2,11,33,21,0,41.0,505,67,180,232,100,15,505,23,16,69.6,4,17.4,270,1531,885,23,11,5,16,4,297,25,2,1,0,16,17,0,18,11,16,0,0,0,50,16,11,59.3
2023-02-25,21:05,Liga MX,Clausura 2023 Regular Season,Sat,Away,D,2,2,América,Atlas,1.3,0.4,54,29814.0,Henry Martín,4-4-2,Luis Santander,18,5,27.8,0.11,0.4,19.4,1,0,0,1.3,1.3,0.07,0.7,0.7,4,2,50.0,0.0,1.1,-0.9,0.0,0.0,0.0,0.0,8,21,38.1,23,2,60.9,45.5,7,100.0,57.7,11,0,0.0,0,11.7,382,506,75.5,7388,2562,161,187,86.1,160,197,81.2,57,105,54.3,2,1.0,1.0,13,38,5,0,43,506,456,50,14,4,4,26,19,7,0,6,0,382,0,6,35,21,5,4,3,2,0,4,4,0,0,0,0,0,23,13,14,8,1,17,30,56.7,13,8,0,8,17,40,21,0,54.0,631,54,193,287,160,23,631,23,14,60.9,6,26.1,312,1953,1078,25,14,6,13,8,377,43,0,0,0,9,13,0,26,17,13,0,0,0,55,21,28,42.9,9,4,44.4,0.22,0.5,22.6,1,0,0,0.4,0.4,0.05,1.6,1.6,5,3,60.0,0.0,1.2,-0.8,0.0,0.0,0.0,0.0,9,26,34.6,30,2,60.0,46.4,10,80.0,62.9,22,0,0.0,3,21.1,299,428,69.9,5917,2448,122,153,79.7,134,161,83.2,39,89,43.8,1,0.2,0.7,5,29,6,3,24,428,384,42,8,2,4,16,20,1,0,1,0,299,2,11,14,12,1,0,0,1,0,4,3,0,0,0,1,0,14,8,12,2,0,6,20,30.0,14,13,7,6,8,22,31,1,46.0,562,83,206,245,116,18,562,34,13,38.2,17,50.0,273,1240,570,11,4,2,12,6,295,22,3,0,0,13,8,2,16,8,8,0,0,0,53,28,21,57.1
2023-03-04,19:05,Liga MX,Clausura 2023 Regular Season,Sat,Home,L,0,3,América,Pachuca,1.2,1.2,62,46273.0,Henry Martín,4-4-2,Adonai Escobedo,21,5,23.8,0.0,0.0,21.5,1,0,0,1.2,1.2,0.06,-1.2,-1.2,6,3,50.0,0.0,2.6,-0.4,0.0,0.0,0.0,0.0,5,9,55.6,19,4,26.3,31.9,5,80.0,58.4,9,0,0.0,0,,547,668,81.9,11055,3523,214,234,91.5,244,278,87.8,85,131,64.9,0,0.8,1.0,15,66,14,3,73,668,604,60,6,0,11,39,36,9,6,2,0,547,4,9,39,35,1,0,2,1,0,0,0,0,0,0,0,0,13,7,2,10,1,8,16,50.0,8,12,4,8,6,19,14,0,62.0,787,47,161,377,258,21,787,20,9,45.0,11,55.0,560,2675,1290,29,28,3,13,14,545,73,1,0,0,7,6,4,39,6,7,0,0,0,57,19,19,50.0,13,6,46.2,0.23,0.5,18.8,0,0,0,1.2,1.2,0.09,1.8,1.8,5,5,100.0,1.0,0.3,0.3,0.0,0.0,0.0,0.0,12,25,48.0,26,6,61.5,43.1,10,100.0,60.2,31,4,12.9,0,10.3,303,414,73.2,5643,2492,126,145,86.9,127,157,80.9,40,87,46.0,2,0.8,0.7,8,18,4,1,27,414,369,44,11,0,3,11,18,4,2,0,0,303,1,8,21,17,0,0,3,0,1,5,4,0,0,1,0,0,25,20,13,11,1,11,20,55.0,9,15,9,6,18,43,27,0,38.0,560,74,201,280,85,13,560,17,8,47.1,8,47.1,228,1222,558,11,11,4,16,5,299,26,0,0,0,6,7,1,11,18,20,0,0,0,56,19,19,50.0
2023-03-11,21:10,Liga MX,Clausura 2023 Regular Season,Sat,Away,W,2,0,América,UANL,1.4,0.7,44,41615.0,Henry Martín,4-2-3-1,Victor Caceres,13,5,38.5,0.15,0.4,26.6,0,0,0,1.4,1.4,0.11,0.6,0.6,2,2,100.0,1.0,0.3,0.3,0.0,0.0,0.0,0.0,6,20,30.0,28,4,50.0,38.9,7,85.7,60.0,16,0,0.0,0,8.3,355,454,78.2,6524,2797,159,177,89.8,150,180,83.3,41,78,52.6,2,1.3,1.1,11,34,4,0,38,454,406,47,16,1,4,9,20,3,1,2,0,355,1,7,21,15,3,2,0,1,0,4,3,0,1,0,0,0,23,19,14,9,0,15,25,60.0,10,11,2,9,10,33,17,0,44.0,569,65,178,290,107,11,569,11,6,54.5,5,45.5,284,1257,603,9,6,2,21,14,348,36,3,0,0,13,14,1,9,10,19,0,0,0,62,22,19,53.7,9,2,22.2,0.0,0.0,16.0,0,0,0,0.7,0.7,0.08,-0.7,-0.7,5,3,60.0,0.0,1.6,-0.4,0.0,0.0,0.0,0.0,0,3,0.0,31,11,9.7,25.7,7,0.0,16.4,8,1,12.5,0,13.0,462,583,79.2,8459,3068,193,223,86.5,214,250,85.6,47,82,57.3,0,0.4,0.7,5,39,8,2,42,583,522,58,15,0,6,23,30,3,1,2,0,462,3,10,15,13,0,1,1,0,0,0,0,0,0,0,0,0,19,10,8,9,2,5,11,45.5,6,8,2,6,5,24,10,0,56.0,674,63,214,348,116,13,674,25,10,40.0,15,60.0,367,2095,1000,14,11,2,10,8,454,41,2,0,0,14,13,3,23,5,10,0,0,0,51,19,21,47.5
2023-03-18,21:10,Liga MX,Clausura 2023 Regular Season,Sat,Away,W,4,2,América,Guadalajara,1.4,1.6,52,38834.0,Henry Martín,4-4-2,Marco Ortíz,18,7,38.9,0.22,0.57,18.5,0,0,0,1.4,1.4,0.08,2.6,2.6,3,2,33.3,0.0,0.9,-0.1,0.0,0.0,0.0,0.0,8,27,29.6,24,2,50.0,43.2,16,93.8,62.3,28,2,7.1,0,9.3,376,478,78.7,7035,2801,160,187,85.6,172,196,87.8,42,81,51.9,3,1.3,1.1,15,37,10,2,46,478,420,56,12,3,5,14,22,3,1,2,0,376,2,8,32,25,2,3,2,0,0,7,5,0,1,1,0,0,23,15,9,14,0,14,28,50.0,14,19,9,10,15,38,25,1,52.0,614,81,203,284,133,28,614,25,15,60.0,7,28.0,324,1647,724,16,11,6,15,9,373,45,3,0,0,4,10,2,14,15,15,0,0,1,46,23,22,51.1,21,3,14.3,0.05,0.33,15.3,0,0,0,1.6,1.6,0.08,-0.6,-0.6,7,3,42.9,0.0,3.0,-1.0,0.0,0.0,0.0,0.0,1,7,14.3,24,6,25.0,36.4,8,25.0,40.6,10,0,0.0,0,15.0,320,436,73.4,6030,2448,135,152,88.8,130,163,79.8,45,88,51.1,1,1.5,2.1,16,30,16,9,32,436,379,55,6,3,5,33,27,9,3,5,0,320,2,11,37,30,2,1,3,1,0,2,2,0,0,0,0,0,16,12,5,9,2,7,22,31.8,15,13,5,8,9,25,5,0,48.0,546,42,154,228,170,32,546,29,14,48.3,14,48.3,261,1489,779,14,12,1,11,9,316,32,2,1,0,10,4,2,33,9,12,0,0,0,54,22,23,48.9
2023-04-01,19:05,Liga MX,Clausura 2023 Regular Season,Sat,Home,D,2,2,América,León,1.2,2.0,56,37384.0,Henry Martín,4-4-2,Fernando Hernández,11,5,45.5,0.18,0.4,16.9,1,0,0,1.2,1.2,0.11,0.8,0.8,3,1,33.3,0.0,0.8,-1.2,0.0,0.0,0.0,0.0,4,18,22.2,23,3,47.8,46.5,12,58.3,50.5,11,0,0.0,1,17.3,387,487,79.5,7647,2821,155,175,88.6,167,197,84.8,60,95,63.2,2,1.0,2.0,7,31,11,0,39,487,431,52,11,0,8,9,23,3,2,1,0,387,4,4,18,14,0,1,1,2,0,2,2,0,0,0,0,0,16,9,5,11,0,3,9,33.3,6,14,9,5,11,27,10,0,56.0,597,60,183,256,164,27,597,27,14,51.9,8,29.6,295,1896,718,13,10,3,17,10,387,39,3,1,0,8,11,4,9,11,9,0,0,0,52,7,13,35.0,21,3,14.3,0.1,0.67,16.3,1,0,0,2.0,2.0,0.09,0.0,0.0,5,3,60.0,0.0,2.1,0.1,0.0,0.0,0.0,0.0,3,6,50.0,21,4,28.6,30.3,2,0.0,8.5,9,0,0.0,1,18.0,303,386,78.5,6225,2726,104,121,86.0,148,169,87.6,49,82,59.8,2,1.5,1.2,15,40,10,3,45,386,343,42,11,1,6,14,21,5,3,2,0,303,1,5,33,21,2,3,5,1,1,4,4,0,0,0,0,0,18,8,11,6,1,8,22,36.4,14,9,5,4,11,29,19,0,44.0,511,62,156,245,114,25,511,12,6,50.0,3,25.0,299,1500,740,21,10,6,22,13,301,45,3,1,0,11,7,1,14,11,8,0,0,0,51,13,7,65.0
2023-04-08,22:10,Liga MX,Clausura 2023 Regular Season,Sat,Home,W,2,1,América,Monterrey,1.9,1.5,62,49974.0,Henry Martín,4-4-2,Victor Caceres,8,5,62.5,0.25,0.4,21.0,0,0,0,1.9,1.9,0.24,0.1,0.1,4,2,75.0,0.0,2.3,1.3,1.0,0.0,1.0,0.0,6,17,35.3,24,1,54.2,42.5,8,50.0,41.6,13,0,0.0,0,11.3,478,580,82.4,8730,3057,232,256,90.6,178,202,88.1,62,103,60.2,1,0.9,1.0,6,59,12,0,55,580,529,49,10,2,15,24,23,6,1,4,0,478,2,8,12,11,1,0,0,0,0,1,1,0,0,0,0,0,10,7,4,5,1,5,17,29.4,12,3,1,2,11,21,18,0,62.0,672,53,168,308,200,27,672,17,11,64.7,6,35.3,428,2338,1100,22,17,7,13,8,472,55,3,0,0,9,8,2,24,11,7,0,1,0,48,13,17,43.3,8,3,37.5,0.13,0.33,23.3,0,0,1,1.5,0.7,0.1,-0.5,0.3,5,3,60.0,0.0,2.1,0.0,0.0,0.0,0.0,0.0,5,22,22.7,33,5,48.5,38.8,6,100.0,81.7,19,2,10.5,0,9.1,269,361,74.5,5240,2078,107,125,85.6,128,153,83.7,31,75,41.3,0,0.7,0.5,7,21,4,2,19,361,324,36,9,4,2,17,14,4,2,2,0,269,1,4,15,8,3,1,1,2,0,1,0,0,0,1,0,0,14,10,12,2,0,6,17,35.3,11,7,0,7,10,24,28,2,38.0,469,72,211,164,101,10,468,20,12,60.0,5,25.0,230,1383,836,17,16,2,19,5,264,19,2,1,0,9,8,1,17,10,10,1,0,0,50,17,13,56.7
2023-04-15,22:10,Liga MX,Clausura 2023 Regular Season,Sat,Away,W,3,1,América,Cruz Azul,1.5,0.9,61,66364.0,Henry Martín,4-4-2,Fernando Guerrero,16,8,50.0,0.19,0.38,20.5,0,0,0,1.5,1.5,0.09,1.5,1.5,2,1,50.0,0.0,1.2,0.2,0.0,0.0,0.0,0.0,3,5,60.0,11,3,27.3,29.6,7,28.6,31.6,4,0,0.0,0,13.0,630,699,90.1,11270,3328,289,303,95.4,257,274,93.8,74,98,75.5,3,1.1,1.6,13,81,14,2,61,699,660,34,6,4,5,23,15,4,2,2,0,630,5,5,31,26,2,3,0,0,0,5,5,0,0,0,0,0,12,7,7,4,1,5,14,35.7,9,8,3,5,4,16,17,1,61.0,794,38,142,412,242,24,794,14,8,57.1,4,28.6,460,1856,1009,19,11,4,18,5,626,60,2,0,0,17,4,5,23,4,7,0,0,0,43,13,13,50.0,7,2,28.6,0.14,0.5,16.0,1,0,0,0.9,0.9,0.13,0.1,0.1,8,5,62.5,0.0,3.4,0.4,0.0,0.0,0.0,0.0,9,25,36.0,40,5,50.0,43.3,8,62.5,52.0,17,3,17.6,2,12.6,373,455,82.0,7271,2622,165,175,94.3,167,183,91.3,40,82,48.8,0,0.6,0.3,4,26,6,1,28,455,402,53,21,1,7,8,19,1,1,0,0,373,0,6,11,8,0,1,1,1,0,2,2,0,0,0,0,0,9,6,7,2,0,4,12,33.3,8,7,2,5,4,13,19,1,39.0,537,83,215,247,80,15,537,16,9,56.3,5,31.3,280,1494,727,9,5,0,12,7,365,27,3,1,0,6,16,0,8,4,6,0,0,0,38,13,13,50.0
2023-04-22,22:10,Liga MX,Clausura 2023 Regular Season,Sat,Home,D,1,1,América,UNAM,1.4,1.0,63,60332.0,Henry Martín,4-3-3,César Arturo Ramos,13,0,0.0,0.0,,22.1,3,1,1,1.4,0.7,0.05,-0.4,-0.7,4,4,75.0,0.0,0.8,0.8,0.0,0.0,0.0,0.0,6,12,50.0,22,2,22.7,33.3,8,87.5,60.4,12,0,0.0,1,16.3,453,566,80.0,8799,3283,177,207,85.5,217,249,87.1,57,93,61.3,0,0.6,1.2,10,48,13,1,67,566,529,37,5,0,7,21,13,9,2,5,0,453,0,9,24,16,3,0,1,4,0,1,0,0,0,0,1,0,29,13,13,13,3,18,35,51.4,17,13,3,10,15,44,11,1,63.0,674,47,151,335,197,27,673,15,8,53.3,7,46.7,311,1551,779,16,14,3,7,14,450,67,2,0,0,14,9,0,21,15,13,1,0,1,68,19,16,54.3,11,4,36.4,0.0,0.0,16.9,1,0,0,1.0,1.0,0.09,-1.0,-1.0,1,0,100.0,0.0,1.0,0.0,1.0,1.0,0.0,0.0,8,22,36.4,20,5,60.0,45.3,12,91.7,57.1,16,0,0.0,0,7.8,228,329,69.3,5101,2510,59,88,67.0,121,147,82.3,46,84,54.8,0,0.6,0.4,6,14,4,0,21,329,282,47,13,0,4,13,16,4,1,2,0,228,0,12,19,10,5,1,2,1,0,0,0,0,0,0,0,0,21,9,12,8,1,7,15,46.7,8,12,4,8,10,31,19,0,37.0,468,57,193,215,74,13,468,36,17,47.2,18,50.0,197,1377,532,8,12,3,12,11,224,19,4,0,0,9,14,0,13,10,9,0,1,0,59,16,19,45.7
2023-04-28,21:05,Liga MX,Clausura 2023 Regular Season,Fri,Away,W,1,0,América,FC Juárez,1.5,1.7,45,19314.0,Henry Martín,4-3-3,Daniel Quintero,15,5,33.3,0.07,0.2,17.3,1,0,0,1.5,1.5,0.1,-0.5,-0.5,6,6,100.0,1.0,2.0,2.0,0.0,0.0,0.0,0.0,2,19,10.5,23,3,52.2,39.8,11,63.6,47.2,24,0,0.0,1,11.7,343,434,79.0,5852,2283,174,191,91.1,120,134,89.6,39,80,48.8,0,1.1,1.2,12,34,7,1,46,434,386,46,17,3,5,11,14,3,3,0,0,343,2,12,26,18,2,1,3,1,1,1,0,0,0,1,0,0,18,12,9,8,1,9,25,36.0,16,14,3,11,12,30,32,0,45.0,597,72,197,270,140,20,597,30,13,43.3,16,53.3,262,1254,568,6,12,1,19,8,340,46,2,0,0,14,16,2,11,12,12,0,0,0,67,14,12,53.8,18,6,33.3,0.0,0.0,16.7,0,0,0,1.7,1.7,0.1,-1.7,-1.7,5,4,80.0,0.0,1.1,0.1,0.0,0.0,0.0,0.0,3,3,100.0,22,8,4.5,24.5,6,33.3,35.5,9,2,22.2,0,11.3,419,528,79.4,8173,2947,157,171,91.8,200,232,86.2,58,98,59.2,0,1.4,1.9,11,38,9,5,42,528,472,55,16,1,1,33,22,9,4,5,0,419,1,14,30,21,3,2,3,0,1,0,0,0,0,0,0,0,24,14,13,8,3,16,29,55.2,13,15,5,10,6,30,12,0,55.0,674,51,197,310,173,22,674,27,16,59.3,9,33.3,351,1675,827,17,14,1,24,9,418,42,3,0,0,18,14,1,33,6,14,0,0,0,61,12,14,46.2
2023-05-10,22:10,Liga MX,Quarter-finals,Wed,Away,W,3,1,América,Atlético,2.6,0.7,50,21823.0,Henry Martín,4-4-2,Fernando Guerrero,22,9,40.9,0.0,0.0,21.1,1,0,0,2.6,2.6,0.09,-2.6,-2.6,4,2,50.0,0.0,1.3,-0.7,0.0,0.0,0.0,0.0,6,13,46.2,23,2,34.8,35.7,6,83.3,66.7,8,1,12.5,0,11.5,391,459,85.2,6981,2833,183,198,92.4,154,168,91.7,46,75,61.3,3,1.2,0.7,18,34,11,2,44,459,416,42,11,0,2,21,14,8,3,3,0,391,1,7,40,30,4,1,4,1,0,1,0,0,0,1,0,0,10,9,2,6,2,4,12,33.3,8,8,3,5,8,17,11,0,50.0,536,42,142,270,130,22,536,11,8,72.7,2,18.2,365,1761,959,21,17,6,9,8,383,36,2,1,0,11,11,1,21,8,9,0,0,0,45,10,10,50.0,10,4,40.0,0.2,0.5,19.3,0,0,0,0.7,0.7,0.07,1.3,1.3,11,10,90.9,0.0,1.4,0.4,0.0,0.0,0.0,0.0,2,8,25.0,19,9,26.3,30.9,10,30.0,29.4,21,1,4.8,2,17.5,422,496,85.1,7489,2573,191,207,92.3,174,194,89.7,46,74,62.2,1,0.7,1.1,10,41,8,1,46,496,453,43,9,1,7,10,18,4,0,2,0,422,0,5,19,17,1,1,0,0,0,4,3,1,0,0,0,0,11,7,10,1,0,2,11,18.2,9,12,5,7,5,16,23,0,50.0,601,74,159,322,129,22,601,16,9,56.3,5,31.3,360,1715,1028,19,15,6,20,7,418,46,2,0,0,12,9,0,10,5,7,0,0,0,41,12,10,54.5
2023-05-13,22:16,Liga MX,Quarter-finals,Sat,Home,L,1,2,América,Atlético,1.6,1.4,48,47686.0,Miguel Layún,4-2-3-1,Daniel Quintero,25,14,56.0,0.16,0.29,21.1,1,0,0,1.6,1.6,0.08,2.4,2.4,2,1,50.0,0.0,1.0,0.0,0.0,0.0,0.0,0.0,11,27,40.7,30,2,50.0,43.4,15,80.0,56.3,17,0,0.0,0,8.0,312,393,79.4,6212,2410,135,150,90.0,128,147,87.1,48,84,57.1,0,1.5,1.2,17,33,8,3,39,393,334,56,10,1,6,18,24,5,2,3,0,312,3,5,36,28,1,2,1,2,2,5,4,0,0,1,0,0,15,13,10,5,0,8,20,40.0,12,9,1,8,7,20,21,0,48.0,489,65,157,190,148,19,489,13,8,61.5,3,23.1,206,1285,672,15,13,7,6,13,306,40,3,0,0,8,14,3,18,7,13,0,0,0,40,14,23,37.8,13,2,15.4,0.08,0.5,18.0,1,0,0,1.4,1.4,0.1,-0.4,-0.4,12,9,75.0,0.0,1.4,-1.6,0.0,0.0,0.0,0.0,2,6,33.3,22,12,22.7,30.0,6,16.7,26.0,11,0,0.0,0,9.0,366,470,77.9,7090,2720,135,154,87.7,184,229,80.3,45,72,62.5,2,1.2,1.5,11,35,9,4,49,470,426,44,12,1,4,22,20,2,0,2,0,366,0,10,26,18,4,1,0,3,0,2,2,0,0,0,0,0,17,10,8,7,2,3,11,27.3,8,8,2,6,5,22,13,0,52.0,563,64,172,247,147,16,563,23,12,52.2,8,34.8,337,1919,1199,17,21,0,10,8,359,48,2,0,0,12,10,0,22,5,10,0,0,0,42,24,16,60.0
2023-05-18,21:10,Liga MX,Semi-finals,Thu,Away,W,1,0,América,Guadalajara,1.0,1.2,52,42195.0,Henry Martín,4-4-2,César Arturo Ramos,18,6,33.3,0.06,0.17,24.1,1,0,0,1.0,1.0,0.05,0.0,0.0,5,5,100.0,1.0,1.0,1.0,0.0,0.0,0.0,0.0,4,14,28.6,13,0,61.5,45.0,9,66.7,48.3,11,0,0.0,0,8.8,354,456,77.6,6437,2268,160,186,86.0,155,182,85.2,35,69,50.7,1,0.9,1.5,14,29,7,3,33,456,398,54,10,6,4,20,27,7,6,0,0,354,4,8,34,25,3,1,2,2,1,2,2,0,0,0,0,0,32,24,11,17,4,17,24,70.8,7,16,3,13,16,48,14,1,52.0,594,57,156,290,152,16,594,19,9,47.4,10,52.6,342,1846,903,17,18,3,15,13,345,32,1,0,0,12,11,4,20,16,24,0,0,0,62,12,13,48.0,17,5,29.4,0.0,0.0,20.3,0,0,0,1.2,1.2,0.07,-1.2,-1.2,6,5,83.3,0.0,0.9,-0.1,0.0,0.0,0.0,0.0,2,13,15.4,18,1,33.3,36.8,10,70.0,55.5,15,0,0.0,2,23.8,313,425,73.6,5823,2053,138,170,81.2,126,155,81.3,41,77,53.2,0,0.9,0.9,10,32,7,0,37,425,352,73,16,0,6,14,37,8,3,1,0,313,0,13,27,17,4,1,3,1,1,0,0,0,0,0,0,0,23,15,11,7,5,10,19,52.6,9,10,3,7,11,34,15,0,48.0,553,49,166,252,143,20,553,24,7,29.2,17,70.8,239,1184,590,12,13,4,15,15,306,37,3,0,0,11,11,0,14,11,15,0,0,0,51,13,12,52.0
2023-05-21,21:00,Liga MX,Semi-finals,Sun,Home,L,1,3,América,Guadalajara,0.5,1.6,58,67501.0,Henry Martín,4-2-3-1,Victor Caceres,10,2,20.0,0.1,0.5,25.1,0,0,0,0.5,0.5,0.05,0.5,0.5,6,3,50.0,0.0,2.3,-0.7,0.0,0.0,0.0,0.0,10,27,37.0,29,4,75.9,50.8,5,100.0,63.2,14,1,7.1,0,3.0,373,483,77.2,7076,2470,169,193,87.6,150,177,84.7,48,92,52.2,1,0.5,0.7,9,46,3,1,40,483,433,50,13,0,6,20,24,4,3,1,0,373,0,3,19,16,2,0,0,1,0,2,2,0,0,0,0,0,18,10,11,4,3,12,25,48.0,13,4,1,3,8,26,21,0,58.0,581,50,163,261,158,8,581,9,6,66.7,2,22.2,291,902,458,10,5,1,18,8,369,39,4,1,0,7,12,0,20,8,10,0,0,0,52,22,34,39.3,11,6,54.5,0.27,0.5,15.1,1,0,0,1.6,1.6,0.14,1.4,1.4,2,1,50.0,0.0,0.6,-0.4,0.0,0.0,0.0,0.0,2,19,10.5,15,1,53.3,49.2,15,73.3,58.9,18,0,0.0,4,18.3,258,355,72.7,5414,2021,100,111,90.1,107,142,75.4,48,88,54.5,3,1.6,1.0,10,38,12,7,46,355,311,43,6,1,7,15,18,2,1,0,0,258,1,3,21,14,1,5,0,1,0,5,3,1,1,0,0,0,10,9,7,3,0,2,8,25.0,6,2,0,2,13,23,29,0,42.0,469,49,151,196,131,15,469,26,13,50.0,12,46.2,219,1439,807,19,15,4,18,6,255,45,4,0,0,12,5,1,15,13,9,0,0,0,56,34,22,60.7
2022-07-04,21:00,Liga MX,Apertura 2022 Regular Season,Mon,Home,W,2,0,Pachuca,Querétaro,1.2,0.8,53,6167.0,Óscar Ustari,4-3-1-2,César Arturo Ramos,17,5,29.4,0.12,0.4,19.5,1,0,0,1.2,1.2,0.07,0.8,0.8,1,1,,1.0,0.1,0.0,0.0,0.0,0.0,0.0,2,12,16.7,22,5,40.9,35.0,11,27.3,32.0,8,0,0.0,2,20.0,392,479,81.8,7604,2986,155,172,90.1,174,197,88.3,58,94,61.7,2,0.9,0.6,13,32,8,2,42,479,431,47,11,1,6,10,21,3,2,0,0,392,1,4,31,23,2,3,2,1,0,4,4,0,0,0,0,0,15,10,9,3,3,10,16,62.5,6,6,0,6,12,27,16,0,53.0,597,51,192,286,127,20,597,21,13,61.9,8,38.1,266,1490,806,22,15,4,20,10,390,42,0,0,0,15,10,1,10,12,10,0,0,0,64,19,19,50.0,9,1,11.1,0.0,0.0,14.7,0,0,0,0.8,0.8,0.08,-0.8,-0.8,5,3,60.0,0.0,2.2,0.2,0.0,0.0,0.0,0.0,4,17,23.5,16,3,43.8,40.8,15,66.7,50.7,7,0,0.0,2,23.3,315,418,75.4,6584,2550,107,127,84.3,160,192,83.3,48,85,56.5,0,0.7,0.4,8,25,7,4,41,418,352,64,16,1,7,11,30,0,0,0,0,315,2,7,14,11,3,0,0,0,0,0,0,0,0,0,0,0,18,9,8,9,1,8,21,38.1,13,8,4,4,9,27,10,1,47.0,513,48,163,250,105,17,513,16,6,37.5,10,62.5,253,1124,455,11,13,5,17,5,312,41,4,0,0,10,15,2,11,9,9,0,0,0,53,19,19,50.0
2022-07-09,21:05,Liga MX,Apertura 2022 Regular Season,Sat,Away,W,2,1,Pachuca,Cruz Azul,2.2,1.3,57,17148.0,Gustavo Cabral,4-2-3-1,Victor Caceres,18,6,33.3,0.11,0.33,20.7,1,0,0,2.2,2.2,0.12,-0.2,-0.2,2,1,100.0,0.0,1.0,0.0,1.0,1.0,0.0,0.0,3,12,25.0,15,4,40.0,38.7,8,75.0,56.3,11,0,0.0,0,7.5,365,465,78.5,6570,2458,155,178,87.1,178,202,88.1,30,64,46.9,1,2.0,1.7,13,34,12,4,45,465,419,45,8,2,5,25,20,8,5,0,0,365,1,11,29,22,1,2,1,3,0,2,2,0,0,0,0,0,23,12,12,7,4,13,24,54.2,11,12,2,10,14,37,16,0,57.0,603,40,143,296,174,29,603,25,7,28.0,18,72.0,348,1906,1032,23,16,6,10,7,364,45,1,0,0,9,9,1,25,14,12,0,1,0,57,14,11,56.0,7,1,14.3,0.0,0.0,20.7,0,1,1,1.3,0.5,0.07,-0.3,-0.5,6,4,66.7,0.0,1.4,-0.6,0.0,0.0,0.0,0.0,6,24,25.0,20,0,80.0,52.8,9,88.9,68.9,17,0,0.0,0,6.7,240,355,67.6,4596,1978,107,122,87.7,91,125,72.8,31,72,43.1,0,0.4,0.4,6,21,7,2,25,355,308,47,9,0,7,15,23,3,2,1,0,240,0,11,14,11,2,1,0,0,0,1,0,1,0,0,0,0,25,16,11,13,1,18,25,72.0,7,14,5,9,4,29,19,0,43.0,479,63,174,210,101,13,478,24,11,45.8,13,54.2,211,1134,430,9,17,0,15,10,237,25,2,0,0,9,7,0,15,4,16,0,0,0,60,11,14,44.0
2022-07-18,19:00,Liga MX,Apertura 2022 Regular Season,Mon,Home,D,1,1,Pachuca,Mazatlán,1.4,0.8,66,7482.0,Óscar Ustari,4-2-3-1,Jorge Camacho,23,4,17.4,0.04,0.25,22.3,4,0,0,1.4,1.4,0.06,-0.4,-0.4,6,5,83.3,0.0,0.5,-0.5,0.0,0.0,0.0,0.0,4,9,44.4,21,4,38.1,37.1,3,33.3,46.3,4,1,25.0,2,17.2,409,520,78.7,8540,3158,155,175,88.6,172,206,83.5,77,110,70.0,1,1.1,1.4,14,60,13,4,61,520,457,59,13,0,10,28,32,9,3,3,0,409,4,14,39,26,4,2,1,4,2,2,2,0,0,0,0,0,17,12,12,3,2,9,16,56.3,7,8,1,7,12,29,12,0,66.0,654,34,173,280,211,34,654,28,19,67.9,9,32.1,363,2018,1077,24,19,5,22,14,405,61,2,0,0,11,15,4,28,12,12,0,0,0,57,27,18,60.0,8,6,75.0,0.13,0.17,23.3,1,0,0,0.8,0.8,0.1,0.2,0.2,4,3,75.0,0.0,1.5,0.5,0.0,0.0,0.0,0.0,13,34,38.2,23,2,82.6,55.0,15,100.0,69.1,21,1,4.8,1,21.0,152,262,58.0,3269,1988,66,90,73.3,54,76,71.1,28,74,37.8,1,0.8,0.3,7,14,4,0,20,262,206,54,13,0,1,7,22,2,0,0,0,152,2,6,15,12,1,1,0,1,0,2,2,0,0,0,0,0,23,11,15,8,0,9,28,32.1,19,23,10,13,12,35,28,0,34.0,401,75,174,136,95,10,401,17,7,41.2,9,52.9,145,809,341,8,5,4,14,8,152,20,3,0,0,15,10,2,7,12,11,0,0,0,53,18,27,40.0
2022-07-24,19:00,Liga MX,Apertura 2022 Regular Season,Sun,Home,D,0,0,Pachuca,UNAM,1.2,0.9,63,8305.0,Óscar Ustari,4-2-3-1,Brian Gonzalez,19,4,21.1,0.0,0.0,18.7,0,0,0,1.2,1.2,0.06,-1.2,-1.2,3,3,100.0,1.0,0.5,0.5,0.0,0.0,0.0,0.0,0,6,0.0,15,3,26.7,31.9,6,33.3,40.5,11,0,0.0,0,9.5,359,472,76.1,6291,2503,155,177,87.6,138,171,80.7,41,73,56.2,0,1.0,1.3,17,40,7,4,47,472,419,48,10,1,7,30,18,13,6,1,0,359,5,14,27,20,5,1,0,0,1,0,0,0,0,0,0,0,18,12,10,5,3,10,18,55.6,8,10,1,9,6,24,14,0,63.0,586,34,126,293,171,30,586,22,9,40.9,13,59.1,326,1941,1164,36,14,7,20,7,357,47,2,1,0,13,10,5,30,6,12,0,0,0,67,18,18,50.0,8,3,37.5,0.0,0.0,23.2,2,0,0,0.9,0.9,0.11,-0.9,-0.9,4,4,100.0,1.0,1.0,1.0,0.0,0.0,0.0,0.0,12,30,40.0,17,0,94.1,59.8,16,87.5,57.8,25,0,0.0,0,,169,274,61.7,3531,2034,69,92,75.0,63,83,75.9,33,83,39.8,0,0.2,0.2,4,11,3,1,16,274,217,56,16,0,4,12,19,4,1,3,0,169,1,9,14,7,1,0,0,4,2,0,0,0,0,0,0,0,20,13,8,10,2,13,22,59.1,9,19,6,13,10,30,20,0,37.0,391,70,156,169,74,7,391,18,8,44.4,10,55.6,157,804,379,10,13,1,17,8,168,15,3,1,0,10,11,1,12,10,13,0,0,0,56,18,18,50.0
2022-07-27,19:00,Liga MX,Apertura 2022 Regular Season,Wed,Away,L,0,2,Pachuca,Necaxa,1.1,0.7,59,11828.0,Óscar Ustari,4-4-2,Jorge Pérez,15,3,20.0,0.0,0.0,21.0,1,0,0,1.1,1.1,0.07,-1.1,-1.1,3,1,33.3,0.0,1.6,-0.4,0.0,0.0,0.0,0.0,3,11,27.3,17,2,47.1,39.8,8,37.5,35.0,9,0,0.0,0,15.0,339,463,73.2,6271,2533,128,159,80.5,152,177,85.9,41,81,50.6,0,0.7,0.4,10,18,5,3,38,463,386,75,22,0,6,33,33,9,5,2,0,339,2,12,21,16,1,1,1,2,0,0,0,0,0,0,0,0,17,10,11,5,1,7,22,31.8,15,9,0,9,7,24,14,0,59.0,585,35,170,278,142,18,585,16,5,31.3,11,68.8,265,1448,666,13,13,4,21,10,338,38,3,0,0,7,19,2,33,7,10,0,0,0,52,18,30,37.5,9,3,33.3,0.22,0.67,18.0,0,0,0,0.7,0.7,0.08,1.3,1.3,3,3,100.0,1.0,0.4,0.4,0.0,0.0,0.0,0.0,11,27,40.7,21,0,90.5,57.2,8,100.0,74.3,24,1,4.2,1,15.3,207,323,64.1,4227,2086,90,110,81.8,78,106,73.6,37,78,47.4,2,0.6,1.0,7,25,4,2,24,323,268,53,9,0,3,15,32,3,1,2,0,207,2,14,16,10,2,1,1,1,1,4,3,0,0,1,0,0,21,13,11,7,3,11,16,68.8,5,17,6,11,7,28,29,0,41.0,451,66,159,186,111,13,451,22,15,68.2,7,31.8,176,938,385,10,12,2,10,10,205,24,5,0,0,22,6,2,15,7,13,0,0,0,46,30,18,62.5
2022-07-30,21:05,Liga MX,Apertura 2022 Regular Season,Sat,Away,D,0,0,Pachuca,Guadalajara,0.6,1.2,45,20551.0,Óscar Ustari,4-3-3,Adonai Escobedo,10,4,40.0,0.0,0.0,21.6,1,0,0,0.6,0.6,0.06,-0.6,-0.6,4,4,100.0,1.0,0.5,0.5,1.0,0.0,0.0,1.0,6,19,31.6,21,2,76.2,51.0,8,37.5,34.3,15,1,6.7,0,9.3,265,370,71.6,5191,2296,106,124,85.5,99,136,72.8,49,85,57.6,0,0.3,0.2,7,27,4,2,29,370,314,53,18,0,9,13,22,4,1,1,0,265,3,8,16,10,1,1,1,2,1,0,0,0,0,0,0,0,14,7,9,3,2,4,16,25.0,12,7,2,5,13,27,17,0,45.0,492,62,161,244,94,11,492,14,10,71.4,4,28.6,216,1211,533,12,11,0,25,11,263,29,5,1,0,13,16,3,13,13,7,0,1,0,63,20,20,50.0,12,4,33.3,0.0,0.0,23.0,1,0,1,1.2,0.4,0.04,-1.2,-0.4,4,4,100.0,1.0,0.4,0.4,0.0,0.0,0.0,0.0,4,12,33.3,17,4,47.1,44.8,7,57.1,47.9,11,0,0.0,0,9.5,345,457,75.5,6954,2663,128,156,82.1,154,191,80.6,58,90,64.4,0,0.3,0.4,8,45,6,1,39,457,404,50,14,1,6,21,21,7,4,1,0,345,3,5,23,13,4,3,2,1,0,0,0,0,0,0,0,0,15,8,10,4,1,4,14,28.6,10,10,3,7,10,25,12,0,55.0,559,50,155,269,142,17,558,16,12,75.0,4,25.0,320,1835,796,16,10,1,20,10,342,39,5,0,0,16,12,3,21,10,8,0,0,0,58,20,20,50.0
2022-08-07,18:05,Liga MX,Apertura 2022 Regular Season,Sun,Home,W,2,0,Pachuca,UANL,1.5,0.3,58,9516.0,Óscar Ustari,4-3-3,Daniel Quintero,19,6,31.6,0.11,0.33,24.1,1,0,0,1.5,1.5,0.08,0.5,0.5,3,3,100.0,1.0,0.5,0.5,0.0,0.0,0.0,0.0,5,8,62.5,14,5,28.6,31.3,8,50.0,31.0,5,1,20.0,2,16.3,452,537,84.2,7887,2763,203,213,95.3,192,216,88.9,43,75,57.3,1,0.7,0.4,16,36,7,2,49,537,487,49,11,2,3,13,24,5,2,1,0,452,1,10,35,29,2,2,1,1,0,3,2,0,0,1,0,0,22,11,5,15,2,7,25,28.0,18,15,2,13,9,31,8,1,58.0,680,32,110,397,182,20,680,27,11,40.7,11,40.7,390,2255,1042,24,25,3,23,9,449,49,3,0,0,14,10,1,13,9,11,0,0,0,60,10,12,45.5,9,3,33.3,0.0,0.0,27.1,1,0,0,0.3,0.3,0.04,-0.3,-0.3,6,4,66.7,0.0,2.2,0.2,0.0,0.0,0.0,0.0,11,27,40.7,29,5,51.7,43.0,16,75.0,50.1,10,1,10.0,2,15.0,292,384,76.0,5774,2322,124,138,89.9,115,143,80.4,47,80,58.8,0,0.2,0.2,6,20,4,1,21,384,330,54,14,1,7,7,17,4,1,1,0,292,0,15,16,12,1,1,0,1,1,0,0,0,0,0,0,0,20,8,15,5,0,11,22,50.0,11,13,3,10,7,27,13,0,42.0,500,61,208,225,74,9,500,27,18,66.7,7,25.9,230,1403,675,10,8,2,21,15,289,21,2,1,0,11,11,0,7,7,8,0,0,0,51,12,10,54.5
2022-08-17,21:05,Liga MX,Apertura 2022 Regular Season,Wed,Home,L,0,3,Pachuca,América,0.4,1.1,51,10938.0,Óscar Ustari,4-3-3,César Arturo Ramos,10,4,40.0,0.0,0.0,27.2,0,0,0,0.4,0.4,0.04,-0.4,-0.4,6,3,50.0,0.0,2.2,-0.8,0.0,0.0,0.0,0.0,6,12,50.0,18,4,44.4,35.5,8,50.0,36.3,8,0,0.0,2,21.5,396,489,81.0,7792,2697,152,169,89.9,193,222,86.9,49,81,60.5,0,0.3,0.5,7,43,6,3,42,489,432,57,14,0,5,23,26,5,2,1,0,396,0,8,17,12,2,2,1,0,0,0,0,0,0,0,0,0,21,8,9,9,3,8,16,50.0,8,9,3,6,10,31,11,0,51.0,609,43,154,320,147,15,609,42,18,42.9,22,52.4,412,2389,1203,23,19,5,17,7,392,41,3,1,0,14,13,0,23,10,8,0,0,0,57,16,16,50.0,14,6,42.9,0.21,0.5,19.9,1,0,0,1.1,1.1,0.08,1.9,1.9,4,4,100.0,1.0,0.9,0.9,0.0,0.0,0.0,0.0,4,15,26.7,17,3,52.9,45.0,8,75.0,51.5,15,1,6.7,0,1.0,390,478,81.6,7155,2464,171,186,91.9,166,194,85.6,42,73,57.5,3,1.0,0.9,11,33,7,0,33,478,434,44,13,1,6,15,17,5,2,2,0,390,0,10,25,20,2,1,1,1,0,6,6,0,0,0,0,0,29,17,17,10,2,22,40,55.0,18,8,2,6,15,44,19,0,49.0,610,53,211,258,144,14,610,18,8,44.4,8,44.4,256,1248,649,9,13,1,19,13,389,33,2,0,0,14,11,0,15,15,17,0,0,0,54,16,16,50.0
2022-08-21,19:05,Liga MX,Apertura 2022 Regular Season,Sun,Home,W,1,0,Pachuca,León,1.7,0.3,57,5801.0,Óscar Ustari,4-4-2,Ismael Lopez,17,6,35.3,0.06,0.17,18.0,2,0,0,1.7,1.7,0.1,-0.7,-0.7,3,3,100.0,1.0,0.2,0.2,0.0,0.0,0.0,0.0,4,13,30.8,16,2,50.0,44.4,9,55.6,42.9,7,0,0.0,0,11.0,356,459,77.6,6905,2464,132,159,83.0,171,187,91.4,45,87,51.7,1,1.4,1.1,12,37,6,4,32,459,396,56,9,1,7,27,29,8,4,1,0,356,7,10,30,20,3,1,2,3,1,2,2,0,0,0,0,0,25,13,10,14,1,9,13,69.2,4,5,0,5,7,32,8,0,57.0,554,33,147,259,151,14,554,22,9,40.9,12,54.5,341,1914,990,24,22,4,8,8,352,31,3,0,0,19,14,7,27,7,13,0,0,0,50,11,11,50.0,5,3,60.0,0.0,0.0,17.6,1,0,0,0.3,0.3,0.05,-0.3,-0.3,6,5,83.3,0.0,2.0,1.0,0.0,0.0,0.0,0.0,10,22,45.5,27,4,48.1,42.7,12,75.0,59.4,24,2,8.3,3,15.0,262,342,76.6,5534,2219,94,109,86.2,116,131,88.5,46,86,53.5,0,0.2,0.3,3,16,3,0,27,342,284,58,25,0,4,12,15,4,3,1,0,262,0,7,10,3,3,0,0,4,0,0,0,0,0,0,0,0,20,14,11,8,1,12,21,57.1,9,12,2,10,10,30,24,0,43.0,454,67,170,218,74,8,454,15,4,26.7,9,60.0,201,1287,512,8,12,0,19,16,261,27,6,1,1,14,18,0,12,10,14,0,0,0,37,11,11,50.0
2022-08-25,19:05,Liga MX,Apertura 2022 Regular Season,Thu,Home,W,3,1,Pachuca,Atlas,2.1,0.2,57,5668.0,Óscar Ustari,4-4-2,Fernando Guerrero,18,8,44.4,0.11,0.25,21.7,2,1,1,2.1,1.3,0.07,0.9,0.7,2,1,50.0,0.0,0.5,-0.5,0.0,0.0,0.0,0.0,3,15,20.0,26,12,42.3,39.7,10,40.0,42.5,10,1,10.0,1,19.5,335,453,74.0,6381,2603,143,165,86.7,144,184,78.3,45,86,52.3,2,0.6,1.1,12,33,5,1,40,453,406,46,14,1,3,15,17,3,1,2,0,335,1,7,34,27,1,1,1,3,1,5,3,0,1,0,1,0,9,7,3,5,1,4,7,57.1,3,9,1,8,8,17,17,0,57.0,571,62,175,269,140,23,570,18,8,44.4,6,33.3,320,1976,1025,27,22,7,21,4,332,39,0,0,0,9,16,1,15,8,7,1,0,0,51,15,18,45.5,3,2,66.7,0.33,0.5,20.5,0,0,0,0.2,0.2,0.05,0.8,0.8,9,6,77.8,0.0,2.5,-0.5,1.0,1.0,0.0,0.0,10,31,32.3,24,0,87.5,62.4,10,100.0,77.3,10,1,10.0,1,17.5,204,339,60.2,4207,2128,87,106,82.1,72,97,74.2,37,105,35.2,1,0.2,0.4,3,24,5,1,23,339,285,53,10,2,2,13,26,3,1,1,0,204,1,9,6,4,2,0,0,0,0,2,1,1,0,0,0,0,10,5,5,5,0,6,14,42.9,8,10,4,6,16,26,20,0,43.0,443,63,139,202,106,13,443,8,3,37.5,4,50.0,185,955,418,7,7,1,18,5,200,22,0,1,0,16,9,1,13,16,5,0,1,0,53,18,15,54.5
2022-08-28,12:00,Liga MX,Apertura 2022 Regular Season,Sun,Away,W,4,1,Pachuca,Toluca,1.7,0.7,43,18796.0,Óscar Ustari,4-2-3-1,Guillermo Pacheco,23,12,52.2,0.17,0.33,21.5,1,0,0,1.7,1.7,0.08,2.3,2.3,4,3,75.0,0.0,1.1,0.1,0.0,0.0,0.0,0.0,8,22,36.4,25,1,76.0,49.6,7,42.9,35.1,15,2,13.3,0,12.5,306,389,78.7,5921,2535,119,136,87.5,139,161,86.3,43,74,58.1,3,1.1,1.2,18,25,6,1,26,389,345,41,8,4,5,10,19,5,5,0,0,306,3,6,38,23,6,3,1,3,2,6,4,0,1,1,0,0,20,11,7,11,2,6,18,33.3,12,8,2,6,14,34,15,0,43.0,515,59,172,238,114,25,515,22,13,59.1,3,13.6,225,1745,931,25,18,7,22,19,302,26,4,0,0,10,9,3,10,14,11,0,0,0,67,16,18,47.1,11,4,36.4,0.09,0.25,16.4,0,0,0,0.7,0.7,0.07,0.3,0.3,12,8,66.7,0.0,4.5,0.5,0.0,0.0,0.0,0.0,5,17,29.4,36,2,30.6,38.3,12,50.0,42.1,9,0,0.0,4,19.3,408,518,78.8,8041,2863,154,176,87.5,193,235,82.1,57,95,60.0,1,0.7,1.0,9,45,6,4,35,518,463,55,13,1,3,16,22,3,0,2,0,408,0,6,22,16,2,2,1,1,0,2,2,0,0,0,0,0,22,15,11,10,1,3,16,18.8,13,9,3,6,6,28,7,1,57.0,612,59,179,282,158,15,612,19,12,63.2,6,31.6,319,1402,693,12,13,1,9,14,406,35,6,1,1,9,10,0,16,6,15,0,0,0,54,18,16,52.9
2022-09-03,17:05,Liga MX,Apertura 2022 Regular Season,Sat,Home,W,2,0,Pachuca,Santos,1.4,0.4,49,6592.0,Óscar Ustari,4-4-2,Fernando Hernández,24,6,25.0,0.08,0.33,19.6,0,0,0,1.4,1.4,0.06,0.6,0.6,1,1,100.0,1.0,0.1,0.1,0.0,0.0,0.0,0.0,13,25,52.0,20,5,70.0,53.2,12,91.7,55.3,8,2,25.0,0,12.3,267,369,72.4,5234,2496,113,140,80.7,108,135,80.0,40,71,56.3,2,1.1,0.8,19,31,7,3,39,369,313,55,15,0,4,29,18,9,6,1,0,267,1,5,40,26,7,1,3,2,1,4,3,1,0,0,0,0,23,12,14,7,2,7,19,36.8,12,8,1,7,24,47,7,0,49.0,491,35,149,192,157,22,491,19,9,47.4,8,42.1,258,1568,784,22,16,5,11,6,264,39,4,0,0,13,13,1,29,24,12,0,0,0,54,17,13,56.7,6,1,16.7,0.0,0.0,23.4,3,0,0,0.4,0.4,0.06,-0.4,-0.4,6,4,66.7,0.0,1.4,-0.6,0.0,0.0,0.0,0.0,4,20,20.0,19,2,36.8,38.8,17,76.5,50.2,27,0,0.0,0,9.0,274,387,70.8,5748,2323,108,138,78.3,110,137,80.3,50,95,52.6,0,0.1,0.2,2,18,3,2,23,387,327,60,11,0,8,13,22,7,2,4,0,274,0,9,9,1,4,1,1,2,0,0,0,0,0,0,0,0,14,9,5,8,1,8,17,47.1,9,11,7,4,14,28,16,0,51.0,488,72,173,222,96,7,488,21,12,57.1,7,33.3,217,1107,446,9,6,2,13,16,270,21,3,1,1,15,11,0,13,14,9,0,0,0,56,13,17,43.3
2022-09-07,19:00,Liga MX,Apertura 2022 Regular Season,Wed,Away,D,2,2,Pachuca,Puebla,1.1,0.7,61,11078.0,Óscar Ustari,4-2-3-1,Adonai Escobedo,24,11,45.8,0.08,0.18,23.1,3,0,0,1.1,1.1,0.05,0.9,0.9,3,1,33.3,0.0,1.5,-0.5,0.0,0.0,0.0,0.0,8,19,42.1,15,3,73.3,50.2,9,88.9,60.4,8,0,0.0,2,18.7,311,437,71.2,6325,2970,122,151,80.8,137,170,80.6,50,102,49.0,2,1.0,0.8,18,40,9,1,45,437,367,70,19,0,4,17,35,4,0,1,0,311,0,11,43,26,5,6,1,4,1,4,3,1,0,0,0,0,14,11,6,6,2,7,16,43.8,9,7,2,5,6,20,10,0,61.0,552,35,155,239,167,29,552,33,14,42.4,14,42.4,233,1515,748,18,13,4,13,14,302,44,4,0,0,13,19,0,17,6,11,0,0,0,70,21,21,50.0,8,3,37.5,0.25,0.67,15.2,0,0,0,0.7,0.7,0.09,1.3,1.3,11,9,81.8,0.0,2.1,0.1,0.0,0.0,0.0,0.0,5,14,35.7,12,1,91.7,60.4,15,53.3,50.6,13,1,7.7,1,8.8,169,274,61.7,3680,2015,63,87,72.4,76,96,79.2,29,82,35.4,2,0.7,0.7,7,21,6,2,29,274,219,54,13,0,5,10,20,3,0,3,0,169,1,5,15,8,2,2,2,1,0,4,2,0,1,0,1,0,28,13,16,10,2,14,28,50.0,14,10,3,7,12,40,31,0,39.0,422,69,160,172,96,14,422,19,9,47.4,7,36.8,147,788,329,5,8,1,22,7,165,27,5,0,0,21,13,1,10,12,13,0,0,0,57,21,21,50.0
2022-09-11,20:05,Liga MX,Apertura 2022 Regular Season,Sun,Home,W,6,1,Pachuca,Tijuana,2.1,1.6,56,9511.0,Óscar Ustari,4-4-2,Óscar Macias,19,7,36.8,0.32,0.86,18.2,1,0,0,2.1,2.1,0.11,3.9,3.9,4,2,75.0,0.0,1.8,0.8,1.0,0.0,1.0,0.0,5,13,38.5,22,4,40.9,39.6,6,66.7,47.3,11,0,0.0,2,14.8,400,496,80.6,7845,2975,156,179,87.2,182,209,87.1,56,89,62.9,3,1.3,1.1,16,36,6,2,37,496,448,45,10,0,4,20,21,6,0,4,0,400,3,10,34,25,2,4,2,1,0,9,7,0,1,1,0,0,15,10,1,11,3,7,11,63.6,4,19,7,12,9,24,12,0,56.0,613,45,174,298,154,27,613,27,14,51.9,9,33.3,380,2190,1170,31,28,9,11,13,398,36,1,0,0,10,12,3,20,9,10,0,1,0,68,15,17,46.9,12,3,25.0,0.08,0.33,23.9,1,0,1,1.6,0.9,0.07,-0.6,0.1,7,1,14.3,0.0,3.0,-3.0,0.0,0.0,0.0,0.0,5,10,50.0,24,7,37.5,34.4,11,9.1,17.5,15,1,6.7,0,8.5,288,395,72.9,5548,2644,122,137,89.1,116,145,80.0,44,89,49.4,1,0.8,0.6,10,19,5,2,33,395,341,54,11,0,3,13,18,7,4,3,0,288,0,13,24,16,3,2,2,1,0,2,2,0,0,0,0,0,22,11,11,8,3,9,23,39.1,14,10,1,9,12,34,17,0,44.0,505,76,192,236,81,12,504,13,4,30.8,7,53.8,305,1249,589,15,10,2,18,8,287,33,1,0,0,12,9,0,13,12,11,0,0,0,49,17,15,53.1
2022-09-14,20:05,Liga MX,Apertura 2022 Regular Season,Wed,Away,L,1,2,Pachuca,FC Juárez,0.9,1.2,65,9733.0,Óscar Murillo,4-2-3-1,Victor Caceres,22,10,45.5,0.05,0.1,21.3,0,0,0,0.9,0.9,0.04,0.1,0.1,3,1,33.3,0.0,1.2,-0.8,0.0,0.0,0.0,0.0,3,5,60.0,13,4,15.4,22.3,5,60.0,42.0,10,1,10.0,1,19.5,383,484,79.1,7168,2822,146,174,83.9,178,208,85.6,49,73,67.1,0,0.7,0.9,19,35,10,2,52,484,433,48,10,3,7,22,26,4,2,0,0,383,3,10,37,33,0,1,2,0,1,1,0,0,0,1,0,0,11,7,9,1,1,5,11,45.5,6,9,1,8,4,15,14,0,65.0,590,37,147,288,164,29,590,20,7,35.0,12,60.0,413,2053,993,27,20,6,11,12,378,51,2,0,0,13,10,3,22,4,7,0,0,0,67,9,19,32.1,7,3,42.9,0.29,0.67,13.4,1,0,0,1.2,1.2,0.17,0.8,0.8,10,9,90.0,0.0,0.9,-0.1,0.0,0.0,0.0,0.0,5,14,35.7,19,8,42.1,39.3,11,72.7,48.2,17,2,11.8,0,9.8,161,257,62.6,3640,1863,46,64,71.9,77,104,74.0,35,73,47.9,0,0.5,0.5,4,20,4,2,33,257,208,49,15,0,6,14,17,4,0,4,0,161,0,10,12,7,1,0,1,1,2,3,2,0,0,1,0,0,24,12,13,9,2,12,19,63.2,7,12,3,9,12,36,18,0,35.0,382,56,167,138,85,9,382,14,6,42.9,5,35.7,162,1099,527,10,7,1,25,6,159,33,3,0,0,10,12,0,14,12,12,0,0,0,56,19,9,67.9
2022-09-18,21:00,Liga MX,Apertura 2022 Regular Season,Sun,Away,W,2,1,Pachuca,Atlético,1.5,0.9,61,9094.0,Óscar Ustari,4-4-2,Luis Santander,23,10,43.5,0.09,0.2,23.2,0,0,0,1.5,1.5,0.07,0.5,0.5,1,0,0.0,0.0,0.7,-0.3,0.0,0.0,0.0,0.0,5,10,50.0,8,3,25.0,35.8,9,88.9,61.0,11,2,18.2,0,13.7,444,551,80.6,8653,3063,150,179,83.8,239,262,91.2,44,76,57.9,1,1.0,0.6,16,35,10,2,49,551,491,59,13,0,10,14,30,5,1,1,0,444,1,15,35,24,3,3,4,0,1,2,1,0,1,0,0,0,22,14,6,15,1,9,11,81.8,2,9,2,7,16,38,21,0,61.0,692,34,127,424,148,20,692,22,7,31.8,13,59.1,309,1655,773,17,16,2,17,8,436,49,3,0,0,17,10,1,14,16,14,0,0,0,57,22,14,61.1,8,1,12.5,0.13,1.0,13.0,0,0,0,0.9,0.9,0.12,0.1,0.1,10,8,80.0,0.0,1.7,-0.3,0.0,0.0,0.0,0.0,4,23,17.4,14,1,85.7,57.9,14,85.7,61.4,6,0,0.0,0,6.0,238,349,68.2,4788,1884,93,112,83.0,104,135,77.0,39,88,44.3,1,0.9,1.1,5,27,6,1,25,349,288,59,18,1,2,15,22,2,2,0,0,238,2,8,14,11,1,0,0,2,0,2,2,0,0,0,0,0,21,14,10,11,0,13,20,65.0,7,15,4,11,13,34,15,0,39.0,477,46,164,240,80,15,477,12,2,16.7,9,75.0,230,1094,491,10,3,2,19,13,235,25,1,0,0,11,16,2,15,13,14,0,0,0,52,14,22,38.9
2022-10-01,17:05,Liga MX,Apertura 2022 Regular Season,Sat,Away,D,0,0,Pachuca,Monterrey,1.0,0.5,57,36382.0,Óscar Ustari,4-4-2,Fernando Hernández,12,5,41.7,0.0,0.0,21.6,0,0,0,1.0,1.0,0.08,-1.0,-1.0,4,4,100.0,1.0,0.5,0.5,0.0,0.0,0.0,0.0,6,14,42.9,22,8,40.9,37.2,7,71.4,46.9,11,1,9.1,1,14.0,370,493,75.1,7603,2937,120,149,80.5,187,227,82.4,60,95,63.2,0,0.8,0.3,9,30,5,0,42,493,443,45,12,1,6,8,24,1,1,0,0,370,5,13,20,15,2,0,2,0,1,0,0,0,0,0,0,0,22,13,12,8,2,11,19,57.9,8,13,2,11,5,27,12,0,57.0,600,46,202,295,109,13,600,20,8,40.0,9,45.0,263,1315,594,12,15,3,20,4,364,39,3,0,0,7,10,5,8,5,13,0,0,0,68,21,24,46.7,12,4,33.3,0.0,0.0,22.2,1,0,0,0.5,0.5,0.04,-0.5,-0.5,5,5,100.0,1.0,0.7,0.7,0.0,0.0,0.0,0.0,13,26,50.0,35,10,48.6,36.4,10,90.0,58.3,4,3,75.0,0,12.0,253,375,67.5,5379,2593,88,110,80.0,117,147,79.6,45,90,50.0,0,0.5,0.8,11,30,4,3,32,375,320,54,11,1,3,14,29,3,0,3,0,253,1,13,21,14,4,1,0,1,1,0,0,0,0,0,0,0,13,10,6,6,1,9,17,52.9,8,15,2,13,13,26,11,0,43.0,494,58,140,223,136,12,494,22,8,36.4,11,50.0,238,1325,556,16,16,1,18,11,248,32,2,0,0,11,6,1,14,13,10,0,0,0,60,24,21,53.3
2022-10-13,21:06,Liga MX,Quarter-finals,Thu,Away,L,0,1,Pachuca,UANL,0.6,1.3,51,40487.0,Óscar Ustari,4-2-3-1,Fernando Hernández,10,3,30.0,0.0,0.0,19.9,0,0,0,0.6,0.6,0.06,-0.6,-0.6,3,2,100.0,0.0,1.2,0.2,1.0,1.0,0.0,0.0,9,21,42.9,23,6,73.9,50.8,5,80.0,52.6,13,2,15.4,0,10.7,279,384,72.7,5029,2181,129,148,87.2,114,142,80.3,27,72,37.5,0,0.5,0.5,8,22,1,0,32,384,330,54,10,1,1,16,32,5,3,1,0,279,0,7,17,12,2,0,2,0,1,0,0,0,0,0,0,0,22,13,15,5,2,17,29,58.6,12,11,3,8,16,38,15,0,51.0,513,52,143,249,133,13,513,11,2,18.2,9,81.8,215,1229,626,18,15,5,26,21,275,32,3,0,0,12,8,0,16,16,13,0,1,0,60,16,21,43.2,8,2,25.0,0.0,0.0,17.7,0,1,1,1.3,0.5,0.06,-0.3,-0.5,3,3,100.0,1.0,0.4,0.4,0.0,0.0,0.0,0.0,11,20,55.0,20,1,75.0,46.2,11,45.5,43.7,11,2,18.2,0,12.8,245,366,66.9,4916,2150,98,129,76.0,88,116,75.9,49,97,50.5,0,0.4,0.7,7,24,6,3,25,366,310,54,10,0,10,17,26,6,1,3,0,245,2,8,14,9,2,0,0,3,0,1,0,0,0,0,1,0,30,15,14,16,0,9,11,81.8,2,10,5,5,12,42,16,0,49.0,497,48,151,233,120,22,496,32,12,37.5,17,53.1,245,1547,642,20,21,3,18,5,238,25,3,0,0,8,12,2,17,12,15,1,0,0,58,21,16,56.8
2022-10-16,21:06,Liga MX,Quarter-finals,Sun,Home,W,2,1,Pachuca,UANL,0.9,0.9,44,15565.0,Óscar Ustari,4-2-3-1,Fernando Guerrero,12,8,66.7,0.17,0.25,22.6,1,0,0,0.9,0.9,0.07,1.1,1.1,1,0,0.0,0.0,0.7,-0.3,0.0,0.0,0.0,0.0,10,32,31.3,25,1,88.0,60.2,12,83.3,60.1,18,3,16.7,1,13.0,257,379,67.8,5412,2412,96,132,72.7,113,134,84.3,43,90,47.8,2,0.7,1.0,7,26,8,3,30,379,325,53,12,0,4,7,25,2,1,0,0,257,1,7,22,18,1,1,0,1,1,4,4,0,0,0,0,0,27,15,12,14,1,11,15,73.3,4,11,3,8,15,42,13,0,44.0,506,63,167,236,110,16,506,20,8,40.0,10,50.0,217,1502,675,17,14,2,21,6,253,30,3,1,1,12,12,1,7,15,15,0,0,0,56,26,22,54.2,14,1,7.1,0.07,1.0,18.8,0,0,0,0.9,0.9,0.06,0.1,0.1,8,6,75.0,0.0,2.5,0.5,0.0,0.0,0.0,0.0,10,21,47.6,29,4,44.8,38.2,11,72.7,52.5,5,0,0.0,0,22.0,372,489,76.1,7916,2952,131,154,85.1,160,199,80.4,71,110,64.5,1,0.7,0.6,10,48,8,5,44,489,424,64,13,1,15,22,34,3,1,1,0,372,1,9,26,21,2,1,1,1,0,2,2,0,0,0,0,0,16,8,9,6,1,10,18,55.6,8,7,1,6,8,24,9,0,56.0,604,53,153,305,153,18,604,17,4,23.5,11,64.7,291,1891,884,20,11,4,17,16,370,43,4,1,1,12,11,1,22,8,8,0,0,0,49,22,26,45.8
2022-10-20,21:06,Liga MX,Semi-finals,Thu,Home,W,5,2,Pachuca,Monterrey,3.2,1.7,49,13235.0,Óscar Ustari,4-2-3-1,César Arturo Ramos,18,7,38.9,0.22,0.57,22.0,0,1,1,3.2,2.4,0.14,1.8,1.6,5,2,60.0,0.0,2.0,0.0,1.0,0.0,1.0,0.0,8,16,50.0,16,1,56.3,45.4,12,58.3,48.6,12,0,0.0,0,16.5,334,431,77.5,6211,2510,148,173,85.5,140,167,83.8,39,69,56.5,3,1.5,1.0,13,29,9,4,39,431,380,50,5,0,3,24,24,6,4,1,0,334,1,9,29,21,4,0,2,2,0,7,4,1,0,1,1,0,14,9,8,6,0,8,13,61.5,5,17,4,13,16,30,10,0,49.0,551,52,161,271,123,18,550,11,2,18.2,7,63.6,290,1653,720,11,17,4,12,14,333,38,1,0,0,9,4,1,24,16,9,1,1,0,53,17,22,43.6,14,4,28.6,0.14,0.5,20.2,1,0,1,1.7,0.9,0.07,0.3,1.1,8,3,50.0,0.0,3.8,-1.2,1.0,1.0,0.0,0.0,6,16,37.5,19,2,42.1,38.3,12,75.0,53.8,17,1,5.9,0,4.5,343,456,75.2,6811,2822,133,162,82.1,152,182,83.5,54,93,58.1,0,0.4,1.1,10,37,11,5,41,456,403,51,8,1,5,15,24,1,1,0,0,343,2,13,25,20,1,0,1,3,0,1,0,0,0,1,0,0,21,15,11,9,1,7,9,77.8,2,11,3,8,11,32,10,0,51.0,574,54,157,259,166,22,573,14,5,35.7,8,57.1,311,1509,616,18,12,1,17,6,341,41,3,1,0,4,7,2,15,11,15,1,1,0,44,22,17,56.4
2022-10-23,20:06,Liga MX,Semi-finals,Sun,Away,W,1,0,Pachuca,Monterrey,1.0,1.9,34,51348.0,Óscar Ustari,4-2-3-1,Luis Santander,3,1,33.3,0.0,0.0,26.9,0,1,1,1.0,0.2,0.08,0.0,-0.2,11,11,100.0,1.0,2.6,2.6,0.0,0.0,0.0,0.0,10,31,32.3,28,6,75.0,51.3,11,90.9,57.7,33,3,9.1,1,8.9,193,320,60.3,3588,1847,93,125,74.4,65,90,72.2,28,84,33.3,0,0.2,0.3,3,16,3,0,24,320,277,41,11,0,3,2,16,2,1,0,0,193,2,7,8,7,0,0,0,1,0,2,1,0,0,0,1,0,17,11,9,8,0,6,8,75.0,2,5,2,3,16,33,53,0,34.0,458,93,202,208,50,10,457,9,5,55.6,2,22.2,158,822,374,9,5,3,13,6,191,23,2,0,0,12,8,2,2,16,11,1,0,0,55,29,29,50.0,24,11,45.8,0.0,0.0,18.0,0,0,0,1.9,1.9,0.08,-1.9,-1.9,2,1,100.0,0.0,1.1,0.1,1.0,1.0,0.0,0.0,9,15,60.0,41,5,31.7,29.0,3,66.7,56.7,2,0,0.0,10,27.5,471,611,77.1,9183,3313,173,205,84.4,234,281,83.3,59,108,54.6,0,1.5,2.0,21,48,11,5,66,611,550,59,14,0,9,36,33,8,1,7,0,471,2,4,42,33,5,1,2,1,0,0,0,0,0,0,0,0,8,7,2,6,0,2,7,28.6,5,7,0,7,11,19,10,0,66.0,710,33,130,385,198,28,710,10,2,20.0,6,60.0,363,1696,833,26,13,3,19,11,470,66,2,0,0,10,11,2,36,11,7,0,1,0,52,29,29,50.0
2022-10-27,20:06,Liga MX,Finals,Thu,Away,W,5,1,Pachuca,Toluca,1.2,2.6,38,27232.0,Óscar Ustari,4-2-3-1,Marco Ortíz,14,6,42.9,0.36,0.83,19.0,0,0,0,1.2,1.2,0.09,3.8,3.8,5,3,80.0,0.0,2.4,1.4,1.0,0.0,1.0,0.0,12,24,50.0,16,3,87.5,52.4,12,83.3,56.7,21,4,19.0,3,13.6,249,343,72.6,4750,2251,112,132,84.8,101,119,84.9,34,75,45.3,4,0.8,0.4,9,19,1,0,24,343,285,56,16,1,3,15,22,4,1,2,0,249,2,7,22,16,3,1,1,1,0,7,4,2,0,0,1,0,11,5,5,6,0,7,13,53.8,6,13,8,5,11,22,14,0,38.0,454,55,145,234,83,14,454,24,12,50.0,10,41.7,187,1154,540,15,15,2,16,9,246,24,1,0,0,16,13,2,15,11,5,0,1,0,49,12,16,42.9,20,4,20.0,0.05,0.25,19.3,1,0,1,2.6,2.0,0.1,-1.6,-1.0,6,1,16.7,0.0,2.2,-2.8,0.0,0.0,0.0,0.0,4,12,33.3,23,0,39.1,36.1,7,42.9,32.7,9,0,0.0,1,15.0,466,555,84.0,8785,3002,192,211,91.0,185,210,88.1,76,108,70.4,1,1.9,1.6,18,38,12,6,46,555,493,61,16,0,5,26,22,10,5,4,0,466,1,5,39,28,4,1,1,4,1,2,2,0,0,0,0,0,19,8,9,10,0,10,22,45.5,12,9,3,6,5,24,12,1,62.0,680,49,181,343,159,30,679,16,6,37.5,7,43.8,355,1813,928,20,14,4,24,4,460,45,3,0,0,15,15,1,26,5,8,1,0,0,55,16,12,57.1
2022-10-30,19:36,Liga MX,Finals,Sun,Home,W,3,1,Pachuca,Toluca,2.7,0.3,40,21080.0,Óscar Ustari,4-2-3-1,Adonai Escobedo,20,6,30.0,0.1,0.33,18.5,1,1,2,2.7,1.1,0.06,0.3,0.9,2,1,50.0,0.0,0.3,-0.7,0.0,0.0,0.0,0.0,2,10,20.0,9,2,66.7,51.8,5,80.0,53.6,7,0,0.0,1,15.0,183,262,69.8,3290,1501,86,99,86.9,67,93,72.0,24,54,44.4,1,1.0,0.9,15,20,10,3,28,262,220,41,11,0,5,22,16,7,3,3,0,183,1,6,39,22,5,2,6,4,0,5,1,1,0,2,1,0,17,10,5,10,2,10,16,62.5,6,9,3,6,8,25,10,1,40.0,369,27,76,163,138,26,367,19,9,47.4,6,31.6,160,1105,549,19,15,2,15,10,179,28,3,0,0,15,10,1,22,8,10,0,0,0,43,17,16,51.5,8,2,25.0,0.13,0.5,23.7,1,0,0,0.3,0.3,0.04,0.7,0.7,8,4,75.0,0.0,3.2,0.2,2.0,1.0,1.0,0.0,9,16,56.3,25,4,44.0,41.3,10,50.0,50.2,17,0,0.0,0,6.0,318,394,80.7,6371,2341,115,131,87.8,151,174,86.8,44,73,60.3,1,0.2,0.2,6,20,2,0,23,394,339,54,14,0,5,8,23,3,2,1,0,318,1,6,13,6,3,1,2,1,0,2,2,0,0,0,0,0,16,8,8,7,1,6,15,40.0,9,13,8,5,7,23,21,0,60.0,507,69,197,239,74,6,507,19,6,31.6,10,52.6,251,1170,487,8,12,2,16,7,316,23,4,0,0,13,13,1,8,7,8,0,2,0,35,16,17,48.5
2023-01-09,21:10,Liga MX,Clausura 2023 Regular Season,Mon,Home,W,5,1,Pachuca,Puebla,2.7,1.0,62,20777.0,Óscar Ustari,4-2-3-1,Diego Montaño,21,9,42.9,0.24,0.56,17.6,2,0,1,2.7,2.0,0.09,2.3,3.0,3,2,100.0,0.0,1.0,0.0,1.0,1.0,0.0,0.0,4,17,23.5,25,2,52.0,42.0,7,57.1,51.6,3,1,33.3,0,8.0,367,459,80.0,6980,2441,161,183,88.0,147,165,89.1,52,88,59.1,3,1.8,1.2,17,28,10,4,33,459,398,61,13,0,4,27,27,12,3,0,0,367,0,13,41,33,3,1,1,3,0,10,9,0,0,0,1,0,11,9,7,3,1,5,6,83.3,1,7,1,6,6,17,10,0,62.0,566,36,159,191,221,42,565,13,6,46.2,4,30.8,300,1997,971,30,25,12,12,10,362,33,0,0,0,10,13,0,27,6,9,1,1,0,44,16,10,61.5,7,2,28.6,0.0,0.0,27.6,1,1,1,1.0,0.3,0.04,0.0,-0.3,10,4,50.0,0.0,4.3,-0.7,1.0,0.0,1.0,0.0,5,11,45.5,11,3,27.3,36.9,10,80.0,57.7,16,1,6.3,0,3.0,202,282,71.6,3852,1677,78,98,79.6,92,116,79.3,26,50,52.0,0,0.2,0.1,4,12,1,1,9,282,229,51,7,0,0,4,28,0,0,0,0,202,2,5,13,8,0,0,3,2,0,2,0,0,0,1,1,0,14,4,7,4,3,4,10,40.0,6,16,8,8,4,18,30,0,38.0,399,68,156,185,62,8,398,6,1,16.7,5,83.3,172,961,389,4,10,1,14,6,200,7,1,0,0,14,10,2,4,4,4,1,1,0,33,10,16,38.5
2023-01-15,19:05,Liga MX,Clausura 2023 Regular Season,Sun,Away,L,1,4,Pachuca,UANL,2.3,2.7,51,41615.0,Óscar Ustari,4-2-3-1,Marco Ortíz,13,3,23.1,0.08,0.33,16.0,0,0,0,2.3,2.3,0.2,-1.3,-1.3,7,3,42.9,0.0,3.5,-0.5,0.0,0.0,0.0,0.0,7,14,50.0,21,6,28.6,29.9,11,72.7,48.7,13,0,0.0,1,23.0,386,478,80.8,6012,2530,203,225,90.2,128,152,84.2,33,56,58.9,0,1.7,1.3,11,24,5,0,35,478,403,75,22,1,3,16,34,3,2,1,0,386,0,17,25,16,2,3,1,2,1,1,0,0,0,1,0,0,17,9,5,10,2,12,22,54.5,10,10,3,7,12,29,14,1,51.0,628,48,162,348,125,21,628,35,8,22.9,22,62.9,373,1511,628,10,14,3,22,15,380,35,2,0,0,15,18,0,16,12,9,0,0,0,51,6,19,24.0,17,7,41.2,0.24,0.57,16.4,2,0,0,2.7,2.7,0.16,1.3,1.3,3,2,66.7,0.0,1.5,0.5,0.0,0.0,0.0,0.0,8,15,53.3,27,2,48.1,42.5,6,33.3,34.7,10,1,10.0,0,8.8,354,452,78.3,6199,2715,182,216,84.3,113,134,84.3,47,68,69.1,4,2.5,1.8,12,26,8,6,23,452,400,49,13,2,3,17,23,5,1,1,0,354,3,9,28,18,4,1,2,2,1,7,6,0,0,0,0,1,37,20,13,17,7,22,30,73.3,8,19,4,15,8,45,18,0,49.0,610,54,173,300,145,25,610,23,10,43.5,12,52.2,335,1525,627,11,14,2,21,5,350,23,2,0,0,19,14,3,17,8,20,0,0,0,68,19,6,76.0
2023-01-22,19:10,Liga MX,Clausura 2023 Regular Season,Sun,Home,W,4,1,Pachuca,FC Juárez,1.5,0.7,47,14474.0,Óscar Ustari,4-2-3-1,Ismael Lopez,12,4,33.3,0.17,0.5,24.4,3,1,1,1.5,0.8,0.07,1.5,1.2,4,3,75.0,0.0,0.8,-0.2,0.0,0.0,0.0,0.0,4,11,36.4,18,3,38.9,37.7,7,57.1,41.3,13,1,7.7,0,6.8,314,402,78.1,5720,2250,140,161,87.0,139,166,83.7,30,56,53.6,2,0.6,0.6,7,34,3,0,46,402,356,46,7,1,3,11,25,5,1,3,0,314,0,7,22,14,2,0,1,4,1,5,2,1,0,1,1,0,16,11,6,7,3,6,14,42.9,8,13,2,11,12,28,11,0,47.0,528,33,124,273,145,16,527,26,7,26.9,14,53.8,316,1818,869,17,17,2,12,11,312,46,2,0,0,15,10,0,11,12,11,1,0,0,55,10,15,40.0,12,4,33.3,0.08,0.25,17.6,0,0,0,0.7,0.7,0.06,0.3,0.3,5,2,40.0,0.0,1.2,-1.8,1.0,1.0,0.0,0.0,7,17,41.2,29,3,41.4,34.9,13,38.5,36.7,10,0,0.0,2,27.5,363,461,78.7,7230,2727,136,160,85.0,170,193,88.1,53,85,62.4,1,0.6,0.5,10,23,4,0,23,461,408,52,14,0,3,15,14,6,2,3,0,363,1,11,20,12,4,2,1,1,0,2,1,1,0,0,0,0,25,17,17,6,2,14,21,66.7,7,10,3,7,10,35,11,0,53.0,572,53,220,259,102,9,572,17,8,47.1,6,35.3,332,1560,658,13,11,1,13,10,358,22,2,0,0,10,15,1,15,10,17,0,1,1,53,15,10,60.0
2023-01-29,19:00,Liga MX,Clausura 2023 Regular Season,Sun,Home,W,2,1,Pachuca,Necaxa,2.6,1.4,58,18103.0,Óscar Ustari,4-2-3-1,Victor Caceres,24,11,45.8,0.04,0.09,20.9,0,1,1,2.6,1.8,0.08,-0.6,-0.8,3,2,100.0,0.0,1.3,0.3,1.0,1.0,0.0,0.0,4,10,40.0,23,7,26.1,30.0,7,57.1,47.0,14,0,0.0,2,18.3,358,480,74.6,6548,2876,163,195,83.6,137,169,81.1,52,85,61.2,1,1.1,1.0,15,29,12,6,36,480,413,64,9,2,9,33,37,9,5,1,0,358,3,19,42,35,2,2,1,1,1,4,2,0,1,0,1,0,13,8,7,5,1,5,17,29.4,12,10,1,9,4,17,18,1,58.0,601,49,156,270,185,29,600,23,14,60.9,4,17.4,370,2201,1036,22,21,4,23,7,354,34,2,0,0,12,8,3,33,4,8,1,1,0,53,22,23,48.9,8,2,25.0,0.0,0.0,22.3,1,1,1,1.4,0.7,0.08,-0.4,-0.7,12,10,91.7,0.0,3.4,1.4,1.0,1.0,0.0,0.0,8,28,28.6,26,4,69.2,47.5,11,90.9,65.0,26,1,3.8,2,10.6,227,346,65.6,4750,2273,95,118,80.5,79,108,73.1,45,93,48.4,0,0.6,0.5,7,23,7,4,29,346,286,59,13,3,5,17,28,4,1,2,0,227,1,10,13,7,3,0,1,2,0,1,0,0,0,1,0,0,11,9,8,1,2,4,18,22.2,14,19,6,13,12,23,28,1,42.0,482,80,199,183,109,20,481,21,12,57.1,5,23.8,240,1228,606,13,11,2,20,8,226,29,3,0,0,9,11,1,17,12,9,0,1,0,50,23,22,51.1
2023-02-04,17:00,Liga MX,Clausura 2023 Regular Season,Sat,Away,W,1,0,Pachuca,León,0.7,1.1,46,22643.0,Óscar Ustari,4-2-3-1,Guillermo Pacheco,12,2,16.7,0.08,0.5,20.8,2,0,0,0.7,0.7,0.06,0.3,0.3,4,4,100.0,1.0,0.4,0.4,0.0,0.0,0.0,0.0,12,26,46.2,25,5,68.0,47.7,13,69.2,50.2,17,2,11.8,0,6.7,310,416,74.5,5706,2605,149,180,82.8,122,150,81.3,35,67,52.2,1,0.5,0.7,8,22,3,0,33,416,364,51,10,2,4,5,23,4,1,0,0,310,1,11,21,13,2,2,1,3,0,2,2,0,0,0,0,0,23,17,12,10,1,11,28,39.3,17,14,2,12,16,39,27,0,46.0,563,73,182,274,116,19,563,27,15,55.6,7,25.9,287,1686,935,23,11,5,24,12,308,33,3,1,0,9,10,1,5,16,17,0,0,0,56,15,16,48.4,16,4,25.0,0.0,0.0,18.1,1,0,0,1.1,1.1,0.07,-1.1,-1.1,2,1,50.0,0.0,0.5,-0.5,0.0,0.0,0.0,0.0,7,18,38.9,21,3,61.9,46.0,7,71.4,51.1,4,1,25.0,2,13.7,367,492,74.6,6605,2809,179,209,85.6,136,176,77.3,45,78,57.7,0,1.0,1.1,13,34,14,1,51,492,435,55,9,1,4,25,27,10,0,4,0,367,2,14,29,17,9,0,1,1,1,0,0,0,0,0,0,0,19,9,6,11,2,7,22,31.8,15,18,8,10,12,31,11,1,54.0,619,47,151,273,206,39,619,31,17,54.8,11,35.5,285,1832,960,28,19,7,20,12,365,51,1,1,0,10,8,2,25,12,9,0,0,0,67,16,15,51.6
2023-02-11,21:05,Liga MX,Clausura 2023 Regular Season,Sat,Home,D,1,1,Pachuca,Guadalajara,1.1,1.3,52,13681.0,Óscar Ustari,4-2-3-1,Adonai Escobedo,14,4,28.6,0.07,0.25,19.6,0,0,0,1.1,1.1,0.08,-0.1,-0.1,9,8,88.9,0.0,2.3,1.3,0.0,0.0,0.0,0.0,16,24,66.7,31,8,54.8,42.4,12,58.3,47.9,18,2,11.1,3,16.9,340,460,73.9,7234,3435,120,156,76.9,150,178,84.3,60,102,58.8,1,0.9,0.6,10,36,5,4,31,460,395,63,12,2,6,19,34,3,1,0,0,340,2,11,22,12,4,5,0,1,0,2,1,0,1,0,0,0,18,12,8,9,1,8,16,50.0,8,12,2,10,23,41,22,0,52.0,635,66,193,306,143,18,635,42,19,45.2,19,45.2,370,2524,1004,18,16,4,31,12,338,31,3,0,0,12,10,2,19,23,12,0,0,0,66,16,17,48.5,17,9,52.9,0.06,0.11,20.9,0,0,0,1.3,1.3,0.08,-0.3,-0.3,4,3,75.0,0.0,0.5,-0.5,0.0,0.0,0.0,0.0,7,19,36.8,20,2,40.0,39.6,13,84.6,55.8,15,1,6.7,0,10.0,293,418,70.1,5459,2351,125,144,86.8,122,159,76.7,37,89,41.6,1,0.8,0.9,14,32,5,2,31,418,353,64,14,1,3,28,30,5,1,4,0,293,1,13,28,24,1,1,2,0,0,2,2,0,0,0,0,0,31,17,15,15,1,19,38,50.0,19,13,2,11,8,39,28,0,48.0,593,60,171,270,161,21,593,18,8,44.4,8,44.4,270,1595,768,24,20,6,31,10,286,31,0,0,0,10,12,1,28,8,17,0,0,0,73,17,16,51.5
2023-02-16,20:00,Liga MX,Clausura 2023 Regular Season,Thu,Away,W,3,2,Pachuca,Mazatlán,1.3,1.4,53,8819.0,Óscar Ustari,4-2-3-1,Erick Miranda,17,5,29.4,0.18,0.6,20.0,1,0,0,1.3,1.3,0.08,1.7,1.7,5,3,60.0,0.0,0.7,-1.3,0.0,0.0,0.0,0.0,7,10,70.0,17,6,23.5,29.3,9,66.7,42.4,9,0,0.0,3,28.5,409,527,77.6,7054,2680,181,207,87.4,171,206,83.0,39,69,56.5,2,1.1,0.8,12,24,7,2,31,527,471,52,13,4,3,9,24,3,1,1,0,409,4,12,28,18,1,5,3,1,0,5,4,0,0,1,0,0,15,7,6,8,1,4,20,20.0,16,24,3,21,13,28,23,1,53.0,672,43,171,392,119,22,672,32,22,68.8,7,21.9,379,1997,962,19,17,5,19,12,408,31,2,0,0,14,14,4,9,13,7,0,0,0,66,17,16,51.5,14,5,35.7,0.14,0.4,20.4,0,0,0,1.4,1.4,0.1,0.6,0.6,5,2,40.0,0.0,1.3,-1.7,0.0,0.0,0.0,0.0,3,11,27.3,16,3,43.8,41.5,10,40.0,38.1,7,1,14.3,0,16.0,326,460,70.9,6542,2530,120,144,83.3,146,182,80.2,52,92,56.5,0,1.2,0.3,11,26,5,1,29,460,389,70,18,1,9,16,34,4,0,2,0,326,1,22,25,13,2,3,5,0,2,3,1,0,1,1,0,0,19,11,6,8,5,7,29,24.1,22,18,6,12,14,33,19,0,47.0,590,57,167,316,116,13,590,23,16,69.6,4,17.4,240,1010,430,7,7,2,18,11,324,29,2,0,0,14,13,1,16,14,11,0,0,0,69,16,17,48.5
2023-02-19,21:05,Liga MX,Clausura 2023 Regular Season,Sun,Home,L,1,2,Pachuca,Toluca,1.7,2.0,50,10281.0,Gustavo Cabral,4-4-2,Luis Santander,19,7,36.8,0.05,0.14,22.0,0,0,0,1.7,1.7,0.09,-0.7,-0.7,6,4,66.7,0.0,2.5,0.5,0.0,0.0,0.0,0.0,4,8,50.0,21,3,28.6,31.4,11,18.2,28.3,9,0,0.0,3,27.3,385,501,76.8,7566,3070,139,162,85.8,187,227,82.4,53,91,58.2,1,1.7,0.9,19,31,9,7,41,501,442,59,12,3,4,26,26,7,4,1,0,385,0,13,35,26,3,2,1,2,1,2,1,0,1,0,0,0,21,11,7,9,5,8,26,30.8,18,9,2,7,13,34,17,0,50.0,638,55,199,307,142,22,638,22,11,50.0,7,31.8,336,2117,1091,31,20,6,15,14,382,41,0,0,0,10,12,0,26,13,11,0,0,0,60,18,22,45.0,12,6,50.0,0.17,0.33,13.4,0,0,0,2.0,2.0,0.17,0.0,0.0,7,6,85.7,0.0,0.5,-0.5,0.0,0.0,0.0,0.0,8,29,27.6,30,1,73.3,55.6,11,63.6,51.3,22,2,9.1,3,12.7,392,508,77.2,6779,2412,188,208,90.4,158,191,82.7,32,77,41.6,1,1.2,0.8,10,27,9,1,37,508,445,63,10,2,1,12,35,5,0,4,1,392,0,8,24,13,4,3,2,2,0,4,1,1,1,0,1,0,21,11,9,10,2,7,18,38.9,11,13,3,10,11,32,27,0,50.0,645,66,187,337,128,20,645,27,18,66.7,8,29.6,335,1586,657,12,8,2,20,13,390,36,2,0,0,12,10,0,12,11,11,0,0,0,51,22,18,55.0
2023-02-26,19:05,Liga MX,Clausura 2023 Regular Season,Sun,Away,L,0,2,Pachuca,Tijuana,1.2,1.6,58,22333.0,Óscar Ustari,4-2-3-1,Fernando Hernández,20,5,25.0,0.0,0.0,25.4,1,0,0,1.2,1.2,0.06,-1.2,-1.2,5,3,60.0,0.0,1.9,-0.1,0.0,0.0,0.0,0.0,6,12,50.0,25,7,48.0,36.3,3,0.0,18.3,11,1,9.1,1,7.8,424,552,76.8,7155,2701,174,202,86.1,203,247,82.2,26,62,41.9,0,1.1,0.7,16,39,5,2,61,552,503,49,14,0,1,25,24,5,1,2,0,424,0,15,34,26,2,2,2,2,0,0,0,0,0,0,0,0,28,17,10,17,1,10,17,58.8,7,14,2,12,17,45,12,1,58.0,703,42,165,390,157,21,703,29,14,48.3,13,44.8,369,2559,1187,26,13,6,29,18,420,60,3,0,0,13,16,0,25,17,17,0,0,0,82,16,20,44.4,9,5,55.6,0.22,0.4,19.1,0,0,0,1.6,1.6,0.17,0.4,0.4,5,5,100.0,1.0,0.9,0.9,0.0,0.0,0.0,0.0,7,21,33.3,18,0,77.8,49.6,10,70.0,49.1,20,1,5.0,0,5.0,263,403,65.3,5281,2526,110,146,75.3,96,141,68.1,50,91,54.9,0,0.4,0.5,4,20,5,2,38,403,347,56,13,0,6,18,26,6,0,0,0,263,0,16,14,11,2,0,0,0,1,4,3,1,0,0,0,0,31,16,14,17,0,13,27,48.1,14,19,5,14,10,41,30,0,42.0,566,65,193,260,117,12,566,19,7,36.8,10,52.6,184,1249,536,12,12,3,28,18,261,38,3,0,0,16,12,0,18,10,16,0,0,0,74,20,16,55.6
2023-03-04,19:05,Liga MX,Clausura 2023 Regular Season,Sat,Away,W,3,0,Pachuca,América,1.2,1.2,38,46273.0,Óscar Ustari,4-4-2,Adonai Escobedo,13,6,46.2,0.23,0.5,18.8,0,0,0,1.2,1.2,0.09,1.8,1.8,5,5,100.0,1.0,0.3,0.3,0.0,0.0,0.0,0.0,12,25,48.0,26,6,61.5,43.1,10,100.0,60.2,31,4,12.9,0,10.3,303,414,73.2,5643,2492,126,145,86.9,127,157,80.9,40,87,46.0,2,0.8,0.7,8,18,4,1,27,414,369,44,11,0,3,11,18,4,2,0,0,303,1,8,21,17,0,0,3,0,1,5,4,0,0,1,0,0,25,20,13,11,1,11,20,55.0,9,15,9,6,18,43,27,0,38.0,560,74,201,280,85,13,560,17,8,47.1,8,47.1,228,1222,558,11,11,4,16,5,299,26,0,0,0,6,7,1,11,18,20,0,0,0,56,19,19,50.0,21,5,23.8,0.0,0.0,21.5,1,0,0,1.2,1.2,0.06,-1.2,-1.2,6,3,50.0,0.0,2.6,-0.4,0.0,0.0,0.0,0.0,5,9,55.6,19,4,26.3,31.9,5,80.0,58.4,9,0,0.0,0,,547,668,81.9,11055,3523,214,234,91.5,244,278,87.8,85,131,64.9,0,0.8,1.0,15,66,14,3,73,668,604,60,6,0,11,39,36,9,6,2,0,547,4,9,39,35,1,0,2,1,0,0,0,0,0,0,0,0,13,7,2,10,1,8,16,50.0,8,12,4,8,6,19,14,0,62.0,787,47,161,377,258,21,787,20,9,45.0,11,55.0,560,2675,1290,29,28,3,13,14,545,73,1,0,0,7,6,4,39,6,7,0,0,0,57,19,19,50.0
2023-03-12,19:05,Liga MX,Clausura 2023 Regular Season,Sun,Home,L,1,2,Pachuca,Monterrey,0.7,0.7,57,13393.0,Óscar Ustari,4-4-1-1,Fernando Guerrero,16,4,25.0,0.06,0.25,22.9,3,0,0,0.7,0.7,0.05,0.3,0.3,5,3,60.0,0.0,1.0,-1.0,0.0,0.0,0.0,0.0,6,12,50.0,29,11,24.1,32.0,11,45.5,32.5,8,1,12.5,3,19.8,482,592,81.4,9495,3214,181,202,89.6,234,270,86.7,63,99,63.6,1,0.5,0.8,11,44,4,3,48,592,542,49,9,0,9,21,22,4,2,1,0,482,1,10,27,18,2,2,1,3,1,2,2,0,0,0,0,0,9,5,2,5,2,1,9,11.1,8,8,1,7,11,20,6,0,57.0,718,50,193,372,164,23,718,35,21,60.0,12,34.3,482,2753,1395,29,26,5,23,12,477,48,0,0,0,6,12,1,21,11,5,0,0,0,62,18,20,47.4,13,5,38.5,0.15,0.4,21.3,1,0,0,0.7,0.7,0.06,1.3,1.3,4,3,75.0,0.0,0.7,-0.3,0.0,0.0,0.0,0.0,11,27,40.7,30,1,60.0,43.9,12,75.0,59.6,19,2,10.5,0,9.0,326,445,73.3,5858,2404,153,185,82.7,127,151,84.1,36,84,42.9,2,0.7,0.7,12,30,9,4,30,445,391,54,6,0,3,13,33,1,1,0,0,326,0,8,26,20,1,2,2,1,0,4,4,0,0,0,0,0,24,13,11,11,2,12,33,36.4,21,15,6,9,6,30,21,0,43.0,568,62,172,288,116,12,568,11,8,72.7,1,9.1,304,1421,711,13,11,0,17,8,324,30,0,0,0,12,6,0,13,6,13,0,0,0,61,20,18,52.6
2023-03-19,12:00,Liga MX,Clausura 2023 Regular Season,Sun,Away,W,2,0,Pachuca,UNAM,2.7,0.6,67,12478.0,Óscar Ustari,4-2-3-1,Victor Caceres,18,8,44.4,0.11,0.25,16.7,1,0,0,2.7,2.7,0.15,-0.7,-0.7,2,2,100.0,1.0,0.8,0.8,0.0,0.0,0.0,0.0,4,12,33.3,26,9,30.8,32.8,8,50.0,38.3,7,0,0.0,4,35.5,496,604,82.1,9028,3025,233,251,92.8,204,230,88.7,55,99,55.6,2,2.4,2.0,13,39,9,4,47,604,552,47,11,1,3,19,20,7,5,1,0,496,5,8,33,21,5,2,2,2,1,4,2,2,0,0,0,0,26,22,11,14,1,18,29,62.1,11,9,2,7,5,31,13,0,67.0,736,48,215,384,141,28,736,30,12,40.0,14,46.7,492,2485,1213,20,16,9,21,7,494,47,1,0,0,11,11,5,19,5,22,0,0,0,65,18,23,43.9,8,2,25.0,0.0,0.0,22.7,1,0,0,0.6,0.6,0.08,-0.6,-0.6,8,6,75.0,0.0,2.4,0.4,0.0,0.0,0.0,0.0,12,32,37.5,28,2,82.1,52.3,10,90.0,69.6,15,0,0.0,3,18.5,179,301,59.5,3735,1845,73,96,76.0,69,93,74.2,33,93,35.5,0,0.2,0.6,5,15,4,0,21,301,247,54,15,0,4,7,26,0,0,0,0,179,0,7,14,10,0,1,1,1,1,0,0,0,0,0,0,0,21,12,10,10,1,14,26,53.8,12,13,4,9,12,33,13,0,33.0,412,54,133,208,84,11,412,30,11,36.7,18,60.0,163,1154,442,8,6,0,17,8,174,21,2,1,0,12,10,0,7,12,12,0,0,0,55,23,18,56.1
2023-04-01,17:00,Liga MX,Clausura 2023 Regular Season,Sat,Home,L,0,2,Pachuca,Cruz Azul,1.1,1.1,60,18024.0,Óscar Ustari,4-2-3-1,Luis Santander,22,5,22.7,0.0,0.0,19.5,4,0,0,1.1,1.1,0.05,-1.1,-1.1,5,3,60.0,0.0,1.3,-0.7,0.0,0.0,0.0,0.0,5,7,71.4,19,8,26.3,31.2,5,40.0,37.2,3,0,0.0,3,23.0,480,581,82.6,8976,3014,197,211,93.4,228,258,88.4,50,83,60.2,0,0.6,0.7,13,50,10,6,55,581,515,63,10,0,8,39,35,10,2,4,0,480,3,15,38,24,2,3,5,4,0,0,0,0,0,0,0,0,24,15,10,8,6,11,17,64.7,6,10,1,9,10,34,5,1,60.0,715,30,120,359,239,28,715,39,21,53.8,14,35.9,428,2319,1087,25,29,4,25,9,476,55,2,0,0,11,13,3,39,10,15,0,0,0,62,11,15,42.3,10,5,50.0,0.2,0.4,22.2,0,0,0,1.1,1.1,0.11,0.9,0.9,5,5,100.0,1.0,0.5,0.5,0.0,0.0,0.0,0.0,6,13,46.2,26,4,38.5,39.5,13,23.1,31.8,30,2,6.7,0,3.0,298,386,77.2,5670,2583,130,149,87.2,117,138,84.8,42,76,55.3,1,1.0,0.6,7,18,4,0,21,386,331,54,14,0,4,3,23,3,1,2,0,298,1,9,14,6,3,0,2,0,3,2,1,0,0,0,0,1,23,12,18,4,1,14,35,40.0,21,24,10,14,7,30,29,0,40.0,538,103,283,182,80,15,538,19,6,31.6,11,57.9,247,1170,534,6,8,3,22,13,297,21,5,0,0,13,11,1,3,7,12,0,0,0,57,15,11,57.7
2023-04-09,19:05,Liga MX,Clausura 2023 Regular Season,Sun,Away,W,4,1,Pachuca,Santos,1.2,2.1,54,17253.0,Óscar Ustari,4-2-3-1,Óscar Macias,15,6,40.0,0.2,0.5,21.2,0,0,0,1.2,1.2,0.08,1.8,1.8,6,5,83.3,0.0,2.1,1.1,0.0,0.0,0.0,0.0,9,22,40.9,29,9,55.2,42.1,9,66.7,55.9,13,2,15.4,0,9.3,385,480,80.2,7012,2742,171,185,92.4,159,185,85.9,47,93,50.5,3,1.1,1.2,13,31,8,1,39,480,424,55,19,3,6,17,21,4,0,2,0,385,1,7,29,21,1,6,0,1,0,6,4,0,2,0,0,0,13,6,4,8,1,8,20,40.0,12,11,2,9,12,25,19,0,54.0,605,55,148,336,126,16,605,26,13,50.0,8,30.8,320,1886,1085,24,15,5,18,15,381,39,3,0,0,12,17,1,17,12,6,0,0,0,58,12,24,33.3,12,6,50.0,0.08,0.17,16.9,0,0,0,2.1,2.1,0.17,-1.1,-1.1,6,3,33.3,0.0,1.3,-1.7,0.0,0.0,0.0,0.0,11,22,50.0,22,3,59.1,45.6,11,81.8,57.0,12,0,0.0,2,21.0,292,409,71.4,6515,2751,103,130,79.2,125,151,82.8,58,101,57.4,1,1.9,0.7,7,20,6,3,25,409,353,56,13,1,10,20,24,3,1,1,0,292,0,12,21,11,3,6,0,1,0,2,1,0,1,0,0,0,23,14,11,10,2,8,21,38.1,13,7,2,5,9,32,19,0,46.0,519,64,181,250,99,17,519,22,12,54.5,8,36.4,242,1319,682,15,10,5,16,5,291,25,6,0,0,18,12,0,20,9,14,0,0,1,61,24,12,66.7
2023-04-15,18:00,Liga MX,Clausura 2023 Regular Season,Sat,Away,L,1,4,Pachuca,Atlas,2.1,2.5,55,16307.0,Óscar Ustari,4-4-2,Edgar Morales,16,5,31.3,0.06,0.2,17.8,3,0,0,2.1,2.1,0.13,-1.1,-1.1,5,1,40.0,0.0,3.5,-0.5,1.0,1.0,0.0,0.0,1,7,14.3,17,2,41.2,35.2,8,0.0,18.4,5,1,20.0,1,13.6,366,460,79.6,6479,2343,147,161,91.3,162,194,83.5,39,71,54.9,1,1.1,0.7,12,25,11,4,45,460,403,57,17,0,3,26,18,9,3,2,0,366,0,8,27,20,1,2,1,3,0,2,2,0,0,0,0,0,13,8,5,7,1,2,11,18.2,9,5,0,5,7,20,7,0,55.0,563,39,140,289,138,26,563,25,10,40.0,10,40.0,349,2081,1193,30,16,7,17,7,361,45,2,0,0,15,17,0,26,7,8,0,1,0,48,18,16,52.9,10,4,40.0,0.3,0.75,21.2,1,1,1,2.5,1.7,0.18,1.5,1.3,5,4,80.0,0.0,1.2,0.2,0.0,0.0,0.0,0.0,7,26,26.9,28,3,57.1,46.5,11,90.9,65.8,22,1,4.5,3,17.0,279,375,74.4,5881,2467,101,116,87.1,125,149,83.9,47,86,54.7,3,1.7,0.8,8,32,5,0,35,375,331,42,13,1,5,5,16,0,0,0,0,279,2,5,18,10,2,2,1,3,0,7,4,0,1,1,1,0,17,9,6,9,2,10,20,50.0,10,13,6,7,7,24,16,0,45.0,478,68,147,246,92,12,477,14,9,64.3,2,14.3,243,1082,494,8,8,2,12,11,277,34,0,0,0,18,13,2,5,7,9,1,0,0,48,16,18,47.1
2023-04-22,18:00,Liga MX,Clausura 2023 Regular Season,Sat,Home,W,2,1,Pachuca,Atlético,2.5,0.7,54,12929.0,Óscar Ustari,4-2-3-1,Daniel Quintero,19,7,36.8,0.05,0.14,20.6,1,1,1,2.5,1.7,0.09,-0.5,-0.7,5,4,80.0,0.0,1.3,0.3,0.0,0.0,0.0,0.0,10,24,41.7,27,4,74.1,49.7,7,57.1,44.7,7,0,0.0,4,26.3,328,449,73.1,6452,2826,123,149,82.6,163,195,83.6,41,85,48.2,0,1.4,1.0,14,38,7,1,52,449,385,59,13,1,5,21,27,10,2,1,0,328,5,12,34,22,3,4,1,3,1,3,1,0,0,1,1,0,15,10,7,7,1,8,25,32.0,17,11,1,10,11,26,10,0,54.0,557,48,148,230,188,33,556,35,22,62.9,9,25.7,308,1938,967,28,20,13,15,12,326,52,4,0,0,15,15,5,21,11,10,1,0,0,59,12,16,42.9,10,5,50.0,0.1,0.2,19.2,0,0,0,0.7,0.7,0.07,0.3,0.3,8,6,87.5,0.0,3.6,1.6,1.0,1.0,0.0,0.0,3,15,20.0,15,2,60.0,42.8,14,42.9,34.9,17,1,5.9,2,21.0,274,380,72.1,5007,2344,109,132,82.6,114,142,80.3,38,75,50.7,1,0.5,0.6,6,31,3,0,26,380,313,66,20,2,2,10,26,3,0,2,0,274,1,10,16,8,3,3,1,1,0,2,1,1,0,0,0,0,21,14,10,8,3,9,31,29.0,22,16,4,12,11,32,23,0,46.0,520,74,189,224,109,13,520,26,17,65.4,8,30.8,246,1450,618,17,12,4,26,7,274,26,3,0,0,15,14,1,10,11,14,0,1,0,51,16,12,57.1
2023-04-30,18:00,Liga MX,Clausura 2023 Regular Season,Sun,Away,W,1,0,Pachuca,Querétaro,2.1,0.4,55,17590.0,Óscar Ustari,4-4-2,Victor Caceres,19,6,31.6,0.0,0.0,22.6,0,1,1,2.1,1.3,0.07,-1.1,-1.3,6,6,100.0,1.0,0.7,0.7,0.0,0.0,0.0,0.0,6,18,33.3,22,5,45.5,40.3,9,88.9,57.4,15,1,6.7,0,12.5,428,545,78.5,7479,2981,206,237,86.9,188,223,84.3,34,70,48.6,0,1.2,1.0,17,36,7,1,51,545,498,47,17,5,3,10,17,3,1,2,0,428,0,12,36,26,3,3,3,1,0,2,1,0,0,0,1,0,25,17,9,12,4,17,28,60.7,11,8,1,7,15,40,14,0,55.0,671,51,165,371,148,24,670,23,13,56.5,8,34.8,453,2182,1108,22,20,9,12,12,425,51,0,0,0,9,14,0,10,15,17,1,0,0,90,23,18,56.1,11,6,54.5,0.0,0.0,21.1,0,0,0,0.4,0.4,0.04,-0.4,-0.4,7,6,100.0,0.0,1.7,0.7,1.0,1.0,0.0,0.0,8,27,29.6,30,2,60.0,42.2,12,83.3,64.8,7,1,14.3,0,10.0,302,441,68.5,6457,2665,107,134,79.9,141,172,82.0,51,119,42.9,0,0.4,0.4,10,30,5,1,23,441,385,53,9,0,3,19,24,6,0,6,0,302,3,8,20,10,4,1,1,1,3,0,0,0,0,0,0,0,20,17,10,9,1,8,21,38.1,13,15,4,11,14,34,9,0,45.0,565,68,209,257,115,13,565,29,11,37.9,17,58.6,258,1437,498,11,11,1,14,8,295,23,0,0,0,15,9,3,19,14,17,0,1,0,89,18,23,43.9
2023-05-06,20:10,Liga MX,Reclassification,Sat,Home,D,4 (2),4 (4),Pachuca,Santos,3.8,2.1,55,12142.0,Óscar Ustari,4-4-2,Adonai Escobedo,26,9,34.6,0.12,0.33,22.6,0,1,1,3.8,3.0,0.12,0.2,0.0,7,3,42.9,0.0,3.3,-0.7,0.0,0.0,0.0,0.0,9,21,42.9,22,7,68.2,47.3,7,85.7,57.4,12,4,33.3,2,10.1,343,452,75.9,6653,2938,124,150,82.7,163,195,83.6,46,85,54.1,2,2.0,1.7,21,40,5,1,44,452,406,46,7,1,6,22,20,7,2,5,0,343,0,14,49,38,4,2,3,1,1,7,4,1,0,1,1,0,23,16,13,7,3,20,40,50.0,20,10,1,9,9,32,14,1,55.0,572,42,139,278,165,31,571,22,13,59.1,9,40.9,318,1959,1004,24,25,6,15,7,338,43,2,0,0,10,3,0,22,9,16,1,0,0,55,18,16,52.9,8,7,87.5,0.5,0.57,16.7,1,0,0,2.1,2.1,0.26,1.9,1.9,10,6,70.0,0.0,4.1,0.1,1.0,1.0,0.0,0.0,5,23,21.7,15,2,86.7,58.7,10,100.0,66.3,18,0,0.0,0,4.0,250,363,68.9,5161,2259,98,120,81.7,99,128,77.3,47,97,48.5,3,1.2,0.9,6,35,5,1,27,363,303,55,10,0,4,15,28,2,1,1,0,250,5,11,14,10,2,0,1,1,0,7,5,1,0,1,0,0,16,10,8,8,0,9,22,40.9,13,20,8,12,12,28,20,0,45.0,491,57,154,239,109,14,491,42,20,47.6,20,47.6,210,1113,513,11,9,3,15,3,250,27,5,0,0,3,9,5,15,12,10,0,1,0,63,16,18,47.1
2022-07-02,17:00,Liga MX,Apertura 2022 Regular Season,Sat,Away,W,3,1,Toluca,Necaxa,1.0,1.5,49,10669.0,Claudio Baeza,4-2-3-1,Luis Santander,5,2,40.0,0.4,1.0,25.9,1,1,1,1.0,0.3,0.05,2.0,1.7,4,2,75.0,0.0,1.3,0.3,1.0,0.0,1.0,0.0,8,26,30.8,39,5,51.3,43.9,15,40.0,36.5,30,1,3.3,0,6.5,301,392,76.8,5977,2274,112,130,86.2,143,163,87.7,41,84,48.8,1,0.2,0.2,4,12,3,1,13,392,347,45,16,0,5,8,11,1,0,1,0,301,0,10,10,7,1,0,0,2,0,6,3,1,0,0,2,0,11,6,9,2,0,5,11,45.5,6,5,2,3,12,23,37,0,49.0,496,97,255,192,52,8,495,13,7,53.8,6,46.2,205,946,356,8,5,3,13,6,297,13,3,0,0,14,16,0,8,12,6,1,1,0,33,11,22,33.3,11,3,27.3,0.09,0.33,19.8,0,0,1,1.5,0.7,0.06,-0.5,0.3,3,0,33.3,0.0,1.9,-1.1,1.0,1.0,0.0,0.0,4,7,57.1,25,5,20.0,33.0,3,66.7,61.0,6,1,16.7,0,10.5,316,427,74.0,7434,2769,72,91,79.1,171,206,83.0,69,117,59.0,1,0.6,1.2,8,35,10,6,34,427,361,65,13,0,5,38,31,14,5,7,0,316,1,7,20,11,5,1,2,1,0,2,0,2,0,0,0,0,12,4,3,4,5,6,14,42.9,8,10,1,9,5,17,6,0,51.0,511,32,121,247,152,21,510,11,6,54.5,5,45.5,281,1723,721,13,11,2,15,6,314,33,3,0,0,17,14,1,38,5,4,1,1,0,44,24,12,66.7
2022-07-10,12:00,Liga MX,Apertura 2022 Regular Season,Sun,Home,W,3,2,Toluca,Atlas,1.5,4.7,49,22249.0,Claudio Baeza,4-3-2-1,Fernando Hernández,14,9,64.3,0.21,0.33,22.9,3,0,0,1.5,1.5,0.11,1.5,1.5,7,5,71.4,0.0,2.4,0.4,0.0,0.0,0.0,0.0,7,18,38.9,30,4,33.3,34.1,11,72.7,57.5,27,2,7.4,1,10.5,301,372,80.9,5403,1923,129,147,87.8,117,136,86.0,39,68,57.4,3,1.3,1.5,9,16,4,0,20,372,335,37,12,4,1,7,7,4,1,2,0,301,0,4,21,14,1,2,0,4,0,6,3,1,1,0,1,0,8,5,5,1,2,2,7,28.6,5,7,5,2,3,11,28,0,49.0,460,78,176,220,72,11,460,17,12,70.6,5,29.4,256,1106,540,6,7,2,5,7,299,21,1,1,0,8,15,0,7,3,5,0,0,0,28,14,23,37.8,25,7,28.0,0.08,0.29,17.0,0,0,0,4.7,4.7,0.2,-2.7,-2.7,9,6,66.7,0.0,3.3,0.3,0.0,0.0,0.0,0.0,2,5,40.0,27,7,18.5,24.5,6,0.0,14.8,7,0,0.0,6,25.3,342,423,80.9,6376,2306,134,142,94.4,152,179,84.9,46,86,53.5,2,4.0,2.0,19,28,12,5,34,423,379,44,8,6,2,28,18,8,1,6,0,342,0,2,43,29,6,1,6,0,1,2,1,0,0,1,0,0,12,8,4,8,0,5,17,29.4,12,7,3,4,8,20,10,0,51.0,514,42,158,221,139,23,514,7,5,71.4,2,28.6,344,1664,991,14,10,1,17,6,341,34,4,0,0,15,8,0,28,8,8,0,0,0,38,24,15,61.5
2022-07-13,21:00,Liga MX,Apertura 2022 Regular Season,Wed,Away,L,0,1,Toluca,América,0.6,1.6,39,36090.0,Claudio Baeza,4-1-4-1,Adonai Escobedo,10,2,20.0,0.0,0.0,28.5,0,0,0,0.6,0.6,0.06,-0.6,-0.6,2,1,50.0,0.0,0.6,-0.4,0.0,0.0,0.0,0.0,19,36,52.8,31,0,58.1,47.9,23,78.3,60.4,30,1,3.3,3,23.3,228,297,76.8,5130,2314,83,94,88.3,83,100,83.0,54,85,63.5,0,0.3,0.1,9,12,4,0,11,297,247,49,13,0,5,6,8,3,1,1,0,228,1,7,19,14,0,3,0,1,1,0,0,0,0,0,0,0,12,8,8,2,2,6,17,35.3,11,12,5,7,6,18,28,1,39.0,403,88,195,134,80,8,403,17,8,47.1,7,41.2,162,735,377,8,10,1,12,12,231,12,1,1,0,8,8,1,6,6,8,0,0,0,22,22,16,57.9,26,2,7.7,0.04,0.5,20.2,0,0,0,1.6,1.6,0.06,-0.6,-0.6,2,2,100.0,1.0,0.7,0.7,0.0,0.0,0.0,0.0,2,7,28.6,14,4,35.7,29.5,5,40.0,39.4,5,0,0.0,1,11.0,430,521,82.5,7909,2727,197,216,91.2,166,193,86.0,60,86,69.8,1,1.4,1.9,23,46,19,6,81,521,477,40,11,1,13,36,16,7,4,2,0,430,4,9,51,38,7,1,3,1,1,2,2,0,0,0,0,0,19,10,8,10,1,7,16,43.8,9,11,4,7,8,27,10,0,61.0,620,34,134,246,246,41,620,23,12,52.2,9,39.1,377,2494,1377,34,26,5,6,8,424,81,1,0,0,10,10,4,36,8,10,0,0,0,48,17,22,43.6
2022-07-23,17:00,Liga MX,Apertura 2022 Regular Season,Sat,Home,W,2,1,Toluca,Santos,3.3,0.7,66,18503.0,Leonardo Fernández,4-1-4-1,Diego Montaño,19,8,42.1,0.05,0.13,17.7,2,1,1,3.3,2.8,0.15,-1.3,-1.8,5,4,80.0,0.0,0.7,-0.3,0.0,0.0,0.0,0.0,9,17,52.9,39,3,35.9,37.4,10,30.0,34.2,11,0,0.0,0,12.0,484,555,87.2,9676,3131,190,201,94.5,204,225,90.7,80,110,72.7,1,1.7,1.2,11,34,7,1,26,555,505,47,12,1,13,13,14,9,5,3,0,484,3,1,35,24,1,1,6,3,0,4,2,0,0,1,1,0,16,10,10,5,1,11,20,55.0,9,10,2,8,5,21,7,0,66.0,639,59,205,311,127,24,638,14,8,57.1,5,35.7,349,1592,773,15,11,5,9,12,481,25,2,0,0,12,16,3,13,5,10,1,0,0,37,10,11,47.6,14,5,35.7,0.07,0.2,19.6,1,0,0,0.7,0.7,0.05,0.3,0.3,9,7,88.9,0.0,3.6,1.6,1.0,1.0,0.0,0.0,4,12,33.3,15,2,46.7,35.5,9,55.6,45.7,11,0,0.0,0,15.0,220,285,77.2,4010,1650,98,113,86.7,92,105,87.6,25,53,47.2,1,0.7,0.9,12,20,9,3,29,285,248,37,14,1,5,14,9,2,0,1,0,220,0,9,28,24,2,0,0,1,1,2,1,1,0,0,0,0,17,10,5,11,1,5,13,38.5,8,5,4,1,12,29,14,0,34.0,388,53,110,168,115,19,388,21,9,42.9,11,52.4,200,1213,549,13,14,5,10,5,217,28,3,0,0,16,12,0,14,12,10,0,1,0,44,11,10,52.4
2022-07-26,21:05,Liga MX,Apertura 2022 Regular Season,Tue,Away,W,1,0,Toluca,León,1.5,1.6,60,21012.0,Leonardo Fernández,4-1-4-1,Guillermo Pacheco,16,6,37.5,0.06,0.17,19.3,0,0,0,1.5,1.5,0.1,-0.5,-0.5,2,2,100.0,1.0,0.2,0.2,0.0,0.0,0.0,0.0,5,9,55.6,23,4,21.7,31.0,12,33.3,30.5,15,1,6.7,2,16.2,477,552,86.4,9242,2919,193,207,93.2,210,227,92.5,67,89,75.3,1,1.6,1.6,13,37,10,4,49,552,499,51,14,2,5,20,19,5,0,4,0,477,2,12,29,23,1,0,3,1,1,2,2,0,0,0,0,0,15,10,12,2,1,3,14,21.4,11,6,4,2,9,24,16,0,60.0,652,69,240,231,189,20,652,14,9,64.3,5,35.7,378,1811,932,17,14,4,10,10,475,49,2,0,0,15,13,2,20,9,10,0,0,0,40,9,10,47.4,13,2,15.4,0.0,0.0,17.3,0,0,0,1.6,1.6,0.13,-1.6,-1.6,6,5,83.3,0.0,1.4,0.4,0.0,0.0,0.0,0.0,8,14,57.1,26,3,34.6,33.4,8,62.5,48.0,13,0,0.0,2,23.3,294,364,80.8,5728,2356,121,138,87.7,116,138,84.1,48,72,66.7,0,1.6,1.1,12,23,15,8,47,364,318,46,17,0,4,20,15,4,0,1,0,294,0,3,25,24,0,0,0,0,1,0,0,0,0,0,0,0,15,7,9,4,2,5,14,35.7,9,14,5,9,14,29,14,0,40.0,465,58,148,177,147,20,465,14,11,78.6,3,21.4,229,1390,794,24,18,3,15,12,289,46,6,1,0,15,14,0,20,14,7,0,0,0,40,10,9,52.6
2022-07-29,20:05,Liga MX,Apertura 2022 Regular Season,Fri,Away,D,1,1,Toluca,FC Juárez,0.4,0.6,56,12854.0,Claudio Baeza,4-2-3-1,Fernando Guerrero,7,3,42.9,0.14,0.33,23.5,0,0,0,0.4,0.4,0.06,0.6,0.6,2,1,50.0,0.0,0.6,-0.4,0.0,0.0,0.0,0.0,4,14,28.6,32,3,28.1,32.0,12,41.7,38.1,16,0,0.0,0,13.5,483,579,83.4,8680,2829,199,216,92.1,236,267,88.4,43,74,58.1,1,0.3,0.4,4,23,3,0,27,579,539,38,8,1,3,5,15,1,0,1,0,483,2,8,14,13,0,1,0,0,0,2,2,0,0,0,0,0,20,6,11,9,0,6,17,35.3,11,14,3,11,6,26,27,0,56.0,701,84,309,316,81,5,701,16,7,43.8,8,50.0,375,1568,689,4,8,0,16,6,479,27,3,1,0,10,8,2,5,6,6,0,0,0,55,12,15,44.4,12,2,16.7,0.08,0.5,19.1,1,0,0,0.6,0.6,0.05,0.4,0.4,3,2,66.7,0.0,0.6,-0.4,0.0,0.0,0.0,0.0,3,5,60.0,15,3,26.7,29.3,5,20.0,36.8,3,1,33.3,2,20.0,348,449,77.5,6943,2648,138,158,87.3,156,193,80.8,50,75,66.7,0,0.4,0.5,7,36,7,2,42,449,395,53,11,0,6,21,28,7,5,1,0,348,1,14,20,12,5,0,1,2,0,2,1,0,0,0,1,0,14,5,3,8,3,8,15,53.3,7,7,0,7,10,24,6,0,44.0,544,29,141,272,139,20,544,20,11,55.0,6,30.0,325,1756,812,15,13,1,18,14,346,42,3,0,0,8,10,1,21,10,5,0,0,0,57,15,12,55.6
2022-08-02,20:00,Liga MX,Apertura 2022 Regular Season,Tue,Home,D,1,1,Toluca,Puebla,1.3,1.0,62,17402.0,Claudio Baeza,4-5-1,Victor Caceres,20,7,35.0,0.05,0.14,18.0,1,0,0,1.3,1.3,0.07,-0.3,-0.3,5,4,80.0,0.0,1.3,0.3,0.0,0.0,0.0,0.0,7,13,53.8,36,6,36.1,37.7,7,0.0,16.3,13,1,7.7,4,17.2,467,571,81.8,8933,3158,186,212,87.7,214,240,89.2,58,90,64.4,1,0.6,1.4,12,40,8,0,48,571,511,59,16,1,7,19,26,8,2,5,0,467,1,14,30,17,4,0,7,2,0,2,0,1,0,0,1,0,11,7,5,6,0,9,12,75.0,3,12,4,8,5,16,17,1,62.0,676,65,209,307,164,28,676,12,4,33.3,7,58.3,335,1945,1045,17,10,3,21,5,461,46,2,1,0,15,15,1,19,5,7,0,0,0,50,14,8,63.6,17,5,29.4,0.06,0.2,23.8,2,0,0,1.0,1.0,0.06,0.0,0.0,7,6,85.7,0.0,1.0,0.0,0.0,0.0,0.0,0.0,5,9,55.6,16,6,37.5,38.6,9,33.3,37.7,17,0,0.0,0,9.0,262,345,75.9,4905,2093,116,132,87.9,101,122,82.8,34,68,50.0,1,0.6,0.8,10,23,4,1,33,345,298,46,14,1,8,19,15,6,5,1,0,262,1,10,30,15,5,1,3,4,2,2,1,0,0,0,0,1,12,6,6,4,2,7,11,63.6,4,21,7,14,14,26,19,0,38.0,468,57,158,188,126,18,468,12,3,25.0,9,75.0,298,1394,679,17,14,3,14,2,259,33,5,0,0,16,15,1,19,14,6,0,0,0,48,8,14,36.4
2022-08-07,12:00,Liga MX,Apertura 2022 Regular Season,Sun,Home,W,3,1,Toluca,Tijuana,3.1,0.9,62,17435.0,Claudio Baeza,4-2-3-1,César Arturo Ramos,27,10,37.0,0.07,0.2,17.5,2,1,1,3.1,2.3,0.09,-0.1,-0.3,6,5,83.3,0.0,1.1,0.1,0.0,0.0,0.0,0.0,13,16,81.3,33,5,42.4,35.1,6,33.3,41.7,16,2,12.5,4,17.7,505,575,87.8,9974,3780,194,212,91.5,223,241,92.5,78,103,75.7,2,2.1,2.8,20,43,13,1,53,575,524,48,9,1,4,23,19,12,2,7,0,505,3,2,47,29,6,2,4,5,1,6,5,0,0,0,1,0,15,6,7,6,2,3,5,60.0,2,10,1,9,4,19,19,0,62.0,701,58,202,312,190,44,700,27,9,33.3,17,63.0,409,1789,891,15,6,8,14,12,502,53,1,0,0,8,11,3,23,4,6,1,0,0,46,12,10,54.5,13,6,46.2,0.08,0.17,21.8,1,0,0,0.9,0.9,0.08,0.1,0.1,11,8,81.8,0.0,3.6,0.6,1.0,1.0,0.0,0.0,6,16,37.5,28,3,35.7,33.3,14,42.9,42.4,18,1,5.6,2,20.8,256,352,72.7,5309,2247,100,115,87.0,104,126,82.5,46,86,53.5,0,0.6,0.7,7,26,4,0,30,352,306,45,10,3,6,21,14,4,1,3,0,256,1,9,23,19,1,0,1,2,0,1,0,0,0,1,0,0,29,19,19,8,2,17,26,65.4,9,9,7,2,10,39,19,1,38.0,465,91,193,177,98,12,465,6,2,33.3,3,50.0,204,1237,679,17,4,3,10,12,253,28,4,1,1,11,7,1,21,10,19,0,1,0,44,10,12,45.5
2022-08-14,17:00,Liga MX,Apertura 2022 Regular Season,Sun,Away,W,3,2,Toluca,Cruz Azul,2.3,1.2,64,21945.0,Claudio Baeza,4-2-3-1,Fernando Hernández,15,7,46.7,0.13,0.29,20.2,1,1,1,2.3,1.5,0.11,0.7,0.5,5,3,60.0,0.0,1.4,-0.6,0.0,0.0,0.0,0.0,1,7,14.3,31,4,9.7,26.5,6,66.7,57.7,23,1,4.3,5,18.2,559,626,89.3,9613,2944,255,270,94.4,229,242,94.6,54,80,67.5,2,1.0,1.0,11,34,10,2,52,626,586,36,14,0,8,14,9,4,1,2,0,559,4,8,29,21,1,1,4,2,0,6,4,0,0,1,1,0,12,8,3,8,1,6,11,54.5,5,9,4,5,10,22,23,0,64.0,724,60,202,386,142,19,723,28,14,50.0,5,17.9,473,2429,1266,18,17,4,14,9,554,52,2,0,0,6,13,4,14,10,8,1,0,0,45,7,9,43.8,14,5,35.7,0.14,0.4,16.5,1,0,0,1.2,1.2,0.09,0.8,0.8,8,5,75.0,0.0,3.7,0.0,1.0,1.0,0.0,0.0,3,6,50.0,12,4,33.3,37.3,7,28.6,32.6,11,0,0.0,0,,256,348,73.6,5040,2199,104,119,87.4,100,129,77.5,43,79,54.4,1,1.0,1.4,10,32,8,3,37,348,303,42,9,0,1,26,15,7,5,2,0,256,3,5,25,17,2,1,2,2,1,4,4,0,0,0,0,0,14,5,5,5,4,5,19,26.3,14,11,5,6,6,20,13,0,36.0,426,47,134,185,112,19,426,12,5,41.7,6,50.0,187,1113,722,11,7,3,5,6,255,37,4,1,0,13,5,3,26,6,5,0,1,0,39,9,7,56.3
2022-08-17,19:00,Liga MX,Apertura 2022 Regular Season,Wed,Home,D,1,1,Toluca,Monterrey,0.6,1.3,63,26509.0,Claudio Baeza,4-2-3-1,Daniel Quintero,5,2,40.0,0.2,0.5,13.2,0,0,0,0.6,0.6,0.13,0.4,0.4,4,3,75.0,0.0,1.0,0.0,0.0,0.0,0.0,0.0,7,13,53.8,25,3,36.0,33.4,15,26.7,33.0,11,0,0.0,2,20.0,425,516,82.4,7870,2928,172,194,88.7,185,208,88.9,53,84,63.1,1,0.6,0.9,4,30,5,1,41,516,455,59,18,0,3,20,14,10,3,7,0,425,2,7,7,2,2,0,1,2,0,1,0,0,0,1,0,0,22,10,13,8,1,10,17,58.8,7,9,4,5,9,31,11,0,63.0,614,59,218,287,115,16,614,18,7,38.9,8,44.4,449,2132,1102,20,13,3,11,16,423,41,2,0,0,9,16,2,20,9,10,0,0,0,51,10,15,40.0,15,4,26.7,0.07,0.25,20.1,0,0,0,1.3,1.3,0.09,-0.3,-0.3,2,1,50.0,0.0,0.1,-0.9,0.0,0.0,0.0,0.0,4,9,44.4,22,8,27.3,33.1,5,60.0,48.8,16,1,6.3,0,5.3,228,299,76.3,4544,1932,84,96,87.5,113,129,87.6,30,61,49.2,1,1.1,1.3,11,20,4,3,29,299,262,35,11,4,2,13,15,2,1,1,0,228,2,5,25,19,3,1,0,2,0,2,2,0,0,0,0,0,24,17,10,10,4,8,15,53.3,7,8,0,8,8,32,19,0,37.0,420,51,147,178,105,19,420,18,7,38.9,10,55.6,238,1501,793,17,14,7,17,12,225,29,3,0,0,17,8,2,13,8,17,0,0,0,53,15,10,60.0
2022-08-21,17:00,Liga MX,Apertura 2022 Regular Season,Sun,Away,L,0,1,Toluca,Atlético,1.2,0.9,63,10808.0,Claudio Baeza,4-2-3-1,Diego Montaño,14,4,28.6,0.0,0.0,16.6,1,0,0,1.2,1.2,0.08,-1.2,-1.2,4,3,75.0,0.0,1.3,0.3,0.0,0.0,0.0,0.0,4,11,36.4,23,1,39.1,34.8,8,25.0,29.8,17,0,0.0,2,15.5,434,519,83.6,8435,2767,172,195,88.2,201,217,92.6,55,89,61.8,0,1.1,1.1,12,38,13,5,50,519,463,54,18,0,8,20,21,5,1,3,0,434,2,6,28,21,5,0,1,1,0,0,0,0,0,0,0,0,12,9,8,4,0,9,16,56.3,7,8,5,3,5,17,18,0,63.0,611,57,173,300,146,27,611,24,13,54.2,7,29.2,385,1797,906,16,18,4,13,10,426,49,1,0,0,9,14,2,20,5,9,0,0,0,50,18,11,62.1,15,4,26.7,0.07,0.25,20.7,1,0,0,0.9,0.9,0.06,0.1,0.1,4,4,100.0,1.0,0.9,0.9,0.0,0.0,0.0,0.0,11,21,52.4,17,7,47.1,43.6,13,100.0,66.2,16,1,6.3,1,13.0,217,301,72.1,4897,2116,91,108,84.3,75,97,77.3,48,83,57.8,1,0.8,0.7,9,25,7,2,27,301,247,51,10,0,10,20,19,8,0,7,0,217,3,5,22,10,3,2,4,2,1,1,0,0,0,1,0,0,17,10,10,6,1,7,20,35.0,13,7,2,5,10,27,18,0,37.0,401,56,129,165,112,20,401,18,7,38.9,9,50.0,182,1008,561,16,10,2,13,3,215,27,3,0,0,16,9,3,20,10,10,0,0,0,38,11,18,37.9
2022-08-28,12:00,Liga MX,Apertura 2022 Regular Season,Sun,Home,L,1,4,Toluca,Pachuca,0.7,1.7,57,18796.0,Claudio Baeza,4-3-3,Guillermo Pacheco,11,4,36.4,0.09,0.25,16.4,0,0,0,0.7,0.7,0.07,0.3,0.3,12,8,66.7,0.0,4.5,0.5,0.0,0.0,0.0,0.0,5,17,29.4,36,2,30.6,38.3,12,50.0,42.1,9,0,0.0,4,19.3,408,518,78.8,8041,2863,154,176,87.5,193,235,82.1,57,95,60.0,1,0.7,1.0,9,45,6,4,35,518,463,55,13,1,3,16,22,3,0,2,0,408,0,6,22,16,2,2,1,1,0,2,2,0,0,0,0,0,22,15,11,10,1,3,16,18.8,13,9,3,6,6,28,7,1,57.0,612,59,179,282,158,15,612,19,12,63.2,6,31.6,319,1402,693,12,13,1,9,14,406,35,6,1,1,9,10,0,16,6,15,0,0,0,54,18,16,52.9,23,12,52.2,0.17,0.33,21.5,1,0,0,1.7,1.7,0.08,2.3,2.3,4,3,75.0,0.0,1.1,0.1,0.0,0.0,0.0,0.0,8,22,36.4,25,1,76.0,49.6,7,42.9,35.1,15,2,13.3,0,12.5,306,389,78.7,5921,2535,119,136,87.5,139,161,86.3,43,74,58.1,3,1.1,1.2,18,25,6,1,26,389,345,41,8,4,5,10,19,5,5,0,0,306,3,6,38,23,6,3,1,3,2,6,4,0,1,1,0,0,20,11,7,11,2,6,18,33.3,12,8,2,6,14,34,15,0,43.0,515,59,172,238,114,25,515,22,13,59.1,3,13.6,225,1745,931,25,18,7,22,19,302,26,4,0,0,10,9,3,10,14,11,0,0,0,67,16,18,47.1
2022-09-04,17:30,Liga MX,Apertura 2022 Regular Season,Sun,Home,D,0,0,Toluca,Guadalajara,0.7,0.8,65,27273.0,Claudio Baeza,4-3-3,César Arturo Ramos,10,3,30.0,0.0,0.0,20.8,2,0,0,0.7,0.7,0.07,-0.7,-0.7,5,5,100.0,1.0,0.9,0.9,0.0,0.0,0.0,0.0,8,15,53.3,29,4,48.3,43.2,11,9.1,28.8,12,0,0.0,0,11.5,572,672,85.1,11463,3777,212,238,89.1,269,295,91.2,86,128,67.2,0,0.3,0.6,7,56,7,0,39,672,634,37,8,0,9,19,10,7,2,3,0,572,1,6,20,16,2,0,0,2,0,0,0,0,0,0,0,0,17,12,5,10,2,9,13,69.2,4,3,1,2,9,26,9,0,65.0,756,56,210,407,146,13,756,13,7,53.8,4,30.8,410,1705,902,16,13,3,8,15,567,38,2,0,0,10,8,1,19,9,12,0,0,0,50,9,5,64.3,11,5,45.5,0.0,0.0,19.9,0,0,0,0.8,0.8,0.07,-0.8,-0.8,3,3,100.0,1.0,0.4,0.4,0.0,0.0,0.0,0.0,1,12,8.3,15,5,46.7,43.3,8,62.5,50.4,16,1,6.3,0,3.0,270,357,75.6,4892,2010,113,134,84.3,115,134,85.8,31,62,50.0,0,0.8,0.7,10,16,7,3,23,357,312,43,11,0,4,15,18,5,0,5,0,270,2,2,20,16,2,1,1,0,0,0,0,0,0,0,0,0,19,14,10,7,2,4,11,36.4,7,9,3,6,12,31,15,0,35.0,464,54,151,225,95,13,464,15,4,26.7,9,60.0,241,1501,747,18,12,1,12,8,266,23,5,0,0,8,10,2,15,12,14,0,0,0,48,5,9,35.7
2022-09-07,19:00,Liga MX,Apertura 2022 Regular Season,Wed,Away,L,1,3,Toluca,UANL,1.2,2.6,56,37638.0,Claudio Baeza,4-2-3-1,Marco Ortíz,8,2,25.0,0.13,0.5,22.9,1,0,0,1.2,1.2,0.14,-0.2,-0.2,7,4,57.1,0.0,1.9,-1.1,0.0,0.0,0.0,0.0,7,14,50.0,26,2,38.5,35.8,9,44.4,43.3,14,0,0.0,0,3.0,560,635,88.2,9535,3137,267,288,92.7,236,256,92.2,47,68,69.1,1,1.1,1.2,7,38,5,0,40,635,593,41,12,0,2,8,13,3,1,1,0,560,1,8,16,13,1,0,0,2,0,2,2,0,0,0,0,0,26,17,13,11,2,5,15,33.3,10,4,2,2,9,35,20,1,56.0,739,65,200,397,145,14,739,19,10,52.6,8,42.1,510,1821,831,8,18,4,13,8,556,39,3,1,0,12,12,1,8,9,17,0,0,0,44,5,4,55.6,20,7,35.0,0.15,0.43,17.9,1,0,0,2.6,2.6,0.13,0.4,0.4,2,1,50.0,0.0,1.0,0.0,0.0,0.0,0.0,0.0,4,9,44.4,24,3,33.3,31.3,4,25.0,25.8,7,0,0.0,0,12.0,425,502,84.7,7357,2715,205,224,91.5,173,200,86.5,42,62,67.7,2,2.2,1.4,15,28,5,2,42,502,462,39,12,0,5,23,15,6,3,2,0,425,1,7,36,29,3,2,0,1,1,6,4,1,0,0,1,0,16,11,7,9,0,8,18,44.4,10,10,2,8,10,26,9,0,44.0,591,44,152,295,151,31,591,19,10,52.6,5,26.3,356,2119,1114,26,23,9,7,21,421,42,2,0,0,12,11,1,23,10,11,0,0,0,49,4,5,44.4
2022-09-10,21:05,Liga MX,Apertura 2022 Regular Season,Sat,Home,D,2,2,Toluca,UNAM,1.2,1.5,61,27273.0,Claudio Baeza,4-2-3-1,Fernando Hernández,13,5,38.5,0.15,0.4,18.9,1,0,0,1.2,1.2,0.09,0.8,0.8,8,6,75.0,0.0,1.9,-0.1,0.0,0.0,0.0,0.0,1,9,11.1,21,5,38.1,39.8,5,20.0,26.8,12,0,0.0,0,4.0,440,524,84.0,8598,3055,169,183,92.3,207,228,90.8,58,90,64.4,1,0.8,0.8,10,45,4,1,37,524,482,34,12,2,10,12,11,3,1,2,0,440,8,6,24,18,2,0,1,3,0,4,3,0,0,0,1,0,14,9,6,6,2,10,18,55.6,8,13,6,7,9,23,18,0,61.0,631,59,208,315,113,20,631,18,4,22.2,9,50.0,284,1434,652,11,6,6,14,8,435,36,2,0,0,4,14,8,12,9,9,0,0,0,55,18,7,72.0,19,8,42.1,0.11,0.25,22.6,0,0,0,1.5,1.5,0.08,0.5,0.5,5,3,60.0,0.0,1.1,-0.9,0.0,0.0,0.0,0.0,10,17,58.8,27,8,40.7,36.0,9,66.7,49.4,9,2,22.2,1,8.7,248,332,74.7,4960,2516,113,134,84.3,86,107,80.4,45,76,59.2,2,1.3,1.3,13,22,3,1,23,332,283,49,12,1,4,14,18,7,2,4,1,248,0,8,33,21,5,4,3,0,0,4,2,1,0,1,0,0,17,14,10,5,2,9,13,69.2,4,7,2,5,11,28,7,1,39.0,433,55,145,183,113,20,433,19,8,42.1,10,52.6,177,1217,692,19,12,5,16,4,245,23,4,0,0,14,4,0,14,11,14,0,0,0,43,7,18,28.0
2022-09-16,20:00,Liga MX,Apertura 2022 Regular Season,Fri,Away,D,1,1,Toluca,Mazatlán,0.9,2.2,60,11779.0,Claudio Baeza,4-1-2-1-2◆,Daniel Quintero,17,9,52.9,0.06,0.11,20.3,2,0,0,0.9,0.9,0.06,0.1,0.1,6,5,83.3,0.0,2.8,1.8,0.0,0.0,0.0,0.0,10,20,50.0,31,3,51.6,40.7,8,50.0,42.9,19,0,0.0,5,24.8,416,510,81.6,7653,2875,183,199,92.0,173,209,82.8,50,76,65.8,1,0.7,0.7,11,29,6,0,35,510,458,46,16,3,4,12,16,4,2,2,0,416,6,6,32,22,4,2,2,2,0,2,1,1,0,0,0,0,20,10,9,10,1,10,19,52.6,9,8,5,3,10,30,31,1,60.0,636,76,223,297,123,18,636,11,4,36.4,5,45.5,375,1720,851,16,12,5,14,5,411,35,3,0,0,11,13,6,12,10,10,0,0,0,51,14,20,41.2,19,6,31.6,0.05,0.17,13.8,0,0,0,2.2,2.2,0.13,-1.2,-1.2,9,8,88.9,0.0,1.2,0.2,0.0,0.0,0.0,0.0,11,20,55.0,38,10,47.4,40.4,8,25.0,25.1,9,0,0.0,4,20.3,239,342,69.9,5031,2705,85,112,75.9,113,142,79.6,40,69,58.0,0,1.6,2.1,13,19,11,7,29,342,296,42,17,1,2,23,11,4,1,2,0,239,4,6,33,20,4,3,4,2,0,1,0,0,0,1,0,0,10,5,5,4,1,5,9,55.6,4,6,1,5,19,29,12,0,40.0,444,63,158,158,133,35,444,19,9,47.4,10,52.6,228,1241,705,13,6,2,13,10,236,29,3,0,0,15,11,4,23,19,5,0,0,0,53,20,14,58.8
2022-10-02,12:00,Liga MX,Apertura 2022 Regular Season,Sun,Home,W,4,1,Toluca,Querétaro,2.4,1.8,53,17402.0,Claudio Baeza,4-4-2,Edgar Morales,11,4,36.4,0.18,0.5,22.2,0,2,2,2.4,0.8,0.07,1.6,1.2,3,1,66.7,0.0,1.5,0.5,1.0,0.0,1.0,0.0,9,16,56.3,25,4,32.0,35.1,13,61.5,49.4,19,1,5.3,1,11.0,365,449,81.3,6490,2627,159,184,86.4,133,154,86.4,45,69,65.2,2,0.7,0.9,7,32,5,1,24,449,404,45,10,0,6,17,13,7,3,4,0,365,0,4,17,8,4,0,4,1,0,6,4,1,0,1,0,0,8,6,2,6,0,4,9,44.4,5,8,2,6,11,19,21,0,53.0,548,62,162,273,118,24,546,12,3,25.0,5,41.7,202,1095,632,12,14,4,9,6,359,24,2,1,1,9,8,0,17,11,6,0,1,0,43,9,18,33.3,14,2,14.3,0.07,0.5,16.6,0,0,1,1.8,1.1,0.08,-0.8,-0.1,6,2,66.7,0.0,2.7,-1.3,2.0,2.0,0.0,0.0,4,6,66.7,12,1,16.7,27.2,8,50.0,48.6,13,0,0.0,0,5.0,311,405,76.8,6335,2480,110,133,82.7,151,169,89.3,45,76,59.2,1,1.0,1.1,10,36,11,5,36,405,363,40,8,0,5,30,14,5,0,4,0,311,2,10,25,18,2,1,4,0,0,2,2,0,0,0,0,0,11,6,7,3,1,5,8,62.5,3,5,2,3,15,26,10,2,47.0,500,42,168,213,125,24,499,10,5,50.0,4,40.0,284,1507,804,18,9,3,10,4,310,35,3,0,0,10,8,2,30,15,6,0,2,0,49,18,9,66.7
2022-10-09,12:00,Liga MX,Reclassification,Sun,Home,W,3,0,Toluca,FC Juárez,0.8,1.0,44,25069.0,Claudio Baeza,4-4-2,Marco Ortíz,9,5,55.6,0.33,0.6,27.9,1,0,0,0.8,0.8,0.09,2.2,2.2,5,5,100.0,1.0,1.0,1.0,0.0,0.0,0.0,0.0,7,20,35.0,24,2,41.7,42.5,15,66.7,54.3,29,1,3.4,0,9.0,316,384,82.3,6341,2450,133,144,92.4,120,136,88.2,54,89,60.7,3,0.8,0.9,8,18,2,1,20,384,340,42,13,0,8,4,12,1,1,0,0,316,2,2,16,15,0,0,0,1,0,6,6,0,0,0,0,0,25,17,16,8,1,11,23,47.8,12,10,4,6,8,33,24,0,44.0,488,77,207,225,60,14,488,13,6,46.2,4,30.8,194,989,476,8,4,6,15,5,313,20,4,0,0,13,14,2,4,8,17,0,0,0,43,4,13,23.5,18,5,27.8,0.0,0.0,20.7,2,0,0,1.0,1.0,0.05,-1.0,-1.0,5,2,40.0,0.0,2.0,-1.0,0.0,0.0,0.0,0.0,2,2,100.0,14,6,14.3,27.5,6,0.0,29.7,4,0,0.0,0,14.0,406,481,84.4,7793,2765,159,180,88.3,172,196,87.8,63,83,75.9,0,0.8,1.1,14,39,10,6,64,481,428,53,13,0,7,37,25,5,1,3,0,406,0,9,33,20,6,0,4,3,0,0,0,0,0,0,0,0,9,6,1,7,1,4,10,40.0,6,2,0,2,4,13,4,0,56.0,556,22,89,299,176,24,556,23,12,52.2,11,47.8,343,1901,1103,20,18,2,12,14,401,64,3,0,0,14,13,0,37,4,6,0,0,0,38,13,4,76.5
2022-10-13,19:06,Liga MX,Quarter-finals,Thu,Home,W,4,3,Toluca,Santos,2.7,1.8,64,24161.0,Claudio Baeza,4-4-2,Diego Montaño,18,6,33.3,0.17,0.5,21.0,4,1,1,2.7,2.0,0.11,1.3,1.0,4,1,50.0,0.0,2.0,-1.0,1.0,1.0,0.0,0.0,9,17,52.9,18,2,44.4,41.9,12,75.0,58.8,9,0,0.0,2,14.2,376,459,81.9,7854,2940,133,150,88.7,169,197,85.8,65,95,68.4,3,1.6,1.4,12,32,7,2,47,459,407,51,18,0,6,21,14,3,2,0,1,376,1,4,33,17,5,0,4,6,1,7,5,1,0,1,0,0,11,7,5,5,1,4,9,44.4,5,6,2,4,7,18,7,1,64.0,541,44,128,265,152,24,540,14,7,50.0,3,21.4,277,1499,765,14,16,5,12,15,369,45,5,0,0,14,21,1,21,7,7,0,1,0,38,20,16,55.6,11,3,27.3,0.18,0.67,18.2,1,1,1,1.8,1.1,0.1,1.2,0.9,7,3,57.1,0.0,3.6,-0.4,1.0,1.0,0.0,0.0,2,10,20.0,13,2,53.8,39.2,7,42.9,40.9,15,0,0.0,0,8.5,188,259,72.6,3836,1883,76,92,82.6,77,94,81.9,34,65,52.3,2,1.1,1.0,9,18,10,1,27,259,216,42,13,1,4,10,13,4,2,2,0,188,1,4,23,17,1,2,1,2,0,6,3,0,1,1,1,0,18,11,9,8,1,3,10,30.0,7,10,7,3,13,31,20,0,36.0,371,44,123,182,72,19,370,10,5,50.0,4,40.0,159,953,432,11,10,3,13,7,183,27,4,1,1,22,13,1,10,13,11,1,1,0,42,16,20,44.4
2022-10-16,19:06,Liga MX,Quarter-finals,Sun,Away,W,2,1,Toluca,Santos,0.6,1.7,44,23851.0,Claudio Baeza,4-4-2,Luis Santander,7,3,42.9,0.29,0.67,25.0,1,0,0,0.6,0.6,0.09,1.4,1.4,6,5,83.3,0.0,1.7,0.7,0.0,0.0,0.0,0.0,18,39,46.2,23,3,73.9,62.8,22,100.0,74.5,27,0,0.0,3,14.9,233,348,67.0,5394,2760,91,127,71.7,92,110,83.6,47,95,49.5,2,0.6,0.6,5,22,4,0,17,348,294,54,13,1,5,6,14,3,2,1,0,233,0,8,11,8,1,1,0,1,0,3,1,1,1,0,0,0,16,9,10,5,1,7,13,53.8,6,10,3,7,25,41,19,0,44.0,478,87,179,204,101,10,478,19,8,42.1,7,36.8,195,1092,386,6,7,3,18,6,232,17,1,0,0,13,13,0,6,25,9,0,0,0,50,23,28,45.1,23,6,26.1,0.04,0.17,14.7,0,0,0,1.7,1.7,0.08,-0.7,-0.7,3,1,33.3,0.0,1.5,-0.5,0.0,0.0,0.0,0.0,1,3,33.3,10,2,20.0,23.7,5,20.0,17.2,4,0,0.0,2,27.3,321,438,73.3,6076,2645,144,170,84.7,125,156,80.1,45,89,50.6,1,1.6,1.4,18,34,16,8,52,438,374,64,13,0,5,30,32,11,4,7,0,321,0,7,37,27,6,1,1,2,0,2,2,0,0,0,0,0,13,7,8,4,1,7,15,46.7,8,10,3,7,7,20,10,0,56.0,554,31,147,242,177,35,554,14,6,42.9,7,50.0,286,2091,1049,23,18,7,26,9,318,51,1,1,0,14,13,0,30,7,7,0,0,0,58,28,23,54.9
2022-10-19,21:06,Liga MX,Semi-finals,Wed,Home,W,2,1,Toluca,América,2.0,1.5,38,27273.0,Claudio Baeza,4-4-2,Marco Ortíz,10,3,30.0,0.1,0.33,20.1,0,1,1,2.0,1.2,0.12,0.0,-0.2,5,4,80.0,0.0,1.4,0.4,0.0,0.0,0.0,0.0,6,24,25.0,25,2,60.0,47.2,11,81.8,63.5,12,0,0.0,0,10.0,283,377,75.1,5031,2149,120,143,83.9,115,133,86.5,30,75,40.0,1,1.2,0.4,8,15,2,0,19,377,332,44,16,0,3,6,14,1,0,1,0,283,1,2,19,8,4,2,1,3,1,3,1,0,0,0,2,0,16,11,8,6,2,4,11,36.4,7,14,4,10,13,29,18,0,38.0,487,74,194,221,82,11,486,16,5,31.3,8,50.0,251,1063,502,13,9,2,10,11,277,19,2,0,0,12,15,1,6,13,11,1,0,0,48,7,15,31.8,16,5,31.3,0.06,0.2,15.3,2,0,0,1.5,1.5,0.1,-0.5,-0.5,4,2,75.0,0.0,2.2,0.2,1.0,1.0,0.0,0.0,1,6,16.7,19,6,21.1,31.3,6,33.3,38.3,5,0,0.0,1,12.6,507,604,83.9,8685,3079,258,290,89.0,179,202,88.6,57,85,67.1,1,1.5,2.5,14,54,12,4,64,604,558,46,11,1,7,18,22,4,1,3,0,507,0,10,31,25,2,1,0,2,1,2,2,0,0,0,0,0,19,9,8,11,0,8,13,61.5,5,5,3,2,9,28,3,1,62.0,706,37,147,356,207,33,706,12,7,58.3,4,33.3,372,2344,1281,24,21,6,22,12,502,63,2,0,0,17,12,0,18,9,9,0,1,0,54,15,7,68.2
2022-10-22,20:06,Liga MX,Semi-finals,Sat,Away,D,1,1,Toluca,América,1.1,1.4,35,62945.0,Claudio Baeza,4-3-3,Adonai Escobedo,9,2,22.2,0.11,0.5,20.0,0,0,0,1.1,1.1,0.13,-0.1,-0.1,4,3,75.0,0.0,1.3,0.3,0.0,0.0,0.0,0.0,10,32,31.3,23,0,95.7,67.7,11,90.9,66.1,23,0,0.0,0,5.0,231,310,74.5,4619,2163,109,128,85.2,85,98,86.7,32,71,45.1,1,1.0,1.0,7,19,5,0,21,310,261,48,17,0,2,10,16,2,1,1,0,231,1,3,14,9,2,1,1,1,0,2,1,1,0,0,0,0,24,16,13,11,0,14,26,53.8,12,14,7,7,13,37,40,0,35.0,449,77,188,181,86,12,449,12,5,41.7,4,33.3,241,1149,436,9,10,1,13,19,226,21,5,0,0,10,12,1,10,13,16,0,0,0,46,17,16,51.5,19,4,21.1,0.05,0.25,19.1,1,0,0,1.4,1.4,0.07,-0.4,-0.4,2,1,50.0,0.0,1.1,0.1,0.0,0.0,0.0,0.0,4,11,36.4,21,4,23.8,32.5,7,85.7,60.1,7,0,0.0,3,27.3,459,572,80.2,8567,3125,173,201,86.1,198,227,87.2,66,99,66.7,0,0.7,1.8,11,52,16,5,68,572,512,56,10,0,8,30,30,7,4,2,0,459,4,9,33,25,2,2,3,1,0,2,2,0,0,0,0,0,23,12,11,12,0,4,9,44.4,5,5,2,3,2,25,4,0,65.0,665,40,139,331,197,36,665,27,12,44.4,14,51.9,315,1956,1057,30,10,6,14,10,456,67,3,0,0,13,10,4,30,2,12,0,0,0,57,16,17,48.5
2022-10-27,20:06,Liga MX,Finals,Thu,Home,L,1,5,Toluca,Pachuca,2.6,1.2,62,27232.0,Claudio Baeza,4-4-2,Marco Ortíz,20,4,20.0,0.05,0.25,19.3,1,0,1,2.6,2.0,0.1,-1.6,-1.0,6,1,16.7,0.0,2.2,-2.8,0.0,0.0,0.0,0.0,4,12,33.3,23,0,39.1,36.1,7,42.9,32.7,9,0,0.0,1,15.0,466,555,84.0,8785,3002,192,211,91.0,185,210,88.1,76,108,70.4,1,1.9,1.6,18,38,12,6,46,555,493,61,16,0,5,26,22,10,5,4,0,466,1,5,39,28,4,1,1,4,1,2,2,0,0,0,0,0,19,8,9,10,0,10,22,45.5,12,9,3,6,5,24,12,1,62.0,680,49,181,343,159,30,679,16,6,37.5,7,43.8,355,1813,928,20,14,4,24,4,460,45,3,0,0,15,15,1,26,5,8,1,0,0,55,16,12,57.1,14,6,42.9,0.36,0.83,19.0,0,0,0,1.2,1.2,0.09,3.8,3.8,5,3,80.0,0.0,2.4,1.4,1.0,0.0,1.0,0.0,12,24,50.0,16,3,87.5,52.4,12,83.3,56.7,21,4,19.0,3,13.6,249,343,72.6,4750,2251,112,132,84.8,101,119,84.9,34,75,45.3,4,0.8,0.4,9,19,1,0,24,343,285,56,16,1,3,15,22,4,1,2,0,249,2,7,22,16,3,1,1,1,0,7,4,2,0,0,1,0,11,5,5,6,0,7,13,53.8,6,13,8,5,11,22,14,0,38.0,454,55,145,234,83,14,454,24,12,50.0,10,41.7,187,1154,540,15,15,2,16,9,246,24,1,0,0,16,13,2,15,11,5,0,1,0,49,12,16,42.9
2022-10-30,19:36,Liga MX,Finals,Sun,Away,L,1,3,Toluca,Pachuca,0.3,2.7,60,21080.0,Claudio Baeza,4-2-3-1,Adonai Escobedo,8,2,25.0,0.13,0.5,23.7,1,0,0,0.3,0.3,0.04,0.7,0.7,8,4,75.0,0.0,3.2,0.2,2.0,1.0,1.0,0.0,9,16,56.3,25,4,44.0,41.3,10,50.0,50.2,17,0,0.0,0,6.0,318,394,80.7,6371,2341,115,131,87.8,151,174,86.8,44,73,60.3,1,0.2,0.2,6,20,2,0,23,394,339,54,14,0,5,8,23,3,2,1,0,318,1,6,13,6,3,1,2,1,0,2,2,0,0,0,0,0,16,8,8,7,1,6,15,40.0,9,13,8,5,7,23,21,0,60.0,507,69,197,239,74,6,507,19,6,31.6,10,52.6,251,1170,487,8,12,2,16,7,316,23,4,0,0,13,13,1,8,7,8,0,2,0,35,16,17,48.5,20,6,30.0,0.1,0.33,18.5,1,1,2,2.7,1.1,0.06,0.3,0.9,2,1,50.0,0.0,0.3,-0.7,0.0,0.0,0.0,0.0,2,10,20.0,9,2,66.7,51.8,5,80.0,53.6,7,0,0.0,1,15.0,183,262,69.8,3290,1501,86,99,86.9,67,93,72.0,24,54,44.4,1,1.0,0.9,15,20,10,3,28,262,220,41,11,0,5,22,16,7,3,3,0,183,1,6,39,22,5,2,6,4,0,5,1,1,0,2,1,0,17,10,5,10,2,10,16,62.5,6,9,3,6,8,25,10,1,40.0,369,27,76,163,138,26,367,19,9,47.4,6,31.6,160,1105,549,19,15,2,15,10,179,28,3,0,0,15,10,1,22,8,10,0,0,0,43,17,16,51.5
2023-01-14,19:05,Liga MX,Clausura 2023 Regular Season,Sat,Home,D,2,2,Toluca,América,1.3,2.2,49,27273.0,Claudio Baeza,4-2-3-1,Fernando Guerrero,18,12,66.7,0.11,0.17,17.6,0,0,0,1.3,1.3,0.08,0.7,0.7,4,2,75.0,0.0,1.8,-0.2,1.0,1.0,0.0,0.0,10,17,58.8,35,2,37.1,39.6,11,36.4,40.5,20,0,0.0,0,,363,439,82.7,7912,3173,118,137,86.1,171,189,90.5,72,105,68.6,1,0.7,0.7,14,33,7,3,37,439,389,48,12,0,7,23,14,8,5,3,0,363,2,9,34,22,5,1,1,3,2,3,2,0,0,1,0,0,23,11,7,11,5,11,15,73.3,4,17,8,9,12,35,19,0,49.0,564,73,234,210,126,19,564,14,6,42.9,8,57.1,279,1610,896,19,10,6,13,10,357,37,2,0,0,11,8,2,23,12,11,0,1,0,48,14,11,56.0,17,3,17.6,0.06,0.33,19.9,1,1,1,2.2,1.4,0.09,-0.2,-0.4,12,10,83.3,0.0,3.1,1.1,0.0,0.0,0.0,0.0,8,11,72.7,28,8,28.6,28.5,3,100.0,68.7,18,1,5.6,2,13.3,375,458,81.9,6864,2835,180,199,90.5,141,167,84.4,48,68,70.6,1,1.1,1.2,14,26,12,6,45,458,415,40,10,0,4,25,21,3,2,0,0,375,3,11,35,29,2,0,1,2,1,4,2,1,0,0,1,0,18,9,11,6,1,8,14,57.1,6,8,1,7,9,27,16,0,51.0,582,63,191,236,160,22,581,21,4,19.0,11,52.4,362,2085,1083,23,15,4,14,12,369,45,2,0,0,9,11,3,25,9,9,1,0,0,56,11,14,44.0
2023-01-21,21:10,Liga MX,Clausura 2023 Regular Season,Sat,Away,W,2,1,Toluca,Guadalajara,1.5,1.1,54,31398.0,Claudio Baeza,4-2-3-1,Marco Ortíz,13,4,30.8,0.15,0.5,18.2,0,0,0,1.5,1.5,0.11,0.5,0.5,2,2,50.0,0.0,0.5,0.5,0.0,0.0,0.0,0.0,9,24,37.5,31,0,48.4,40.3,18,50.0,42.5,19,0,0.0,0,8.0,452,570,79.3,8907,3215,179,202,88.6,212,236,89.8,59,106,55.7,2,1.4,1.7,10,34,8,4,35,570,499,69,11,2,5,13,34,4,3,0,0,452,2,15,25,19,2,1,2,1,0,4,4,0,0,0,0,0,10,4,5,3,2,5,15,33.3,10,9,2,7,14,24,22,0,54.0,683,75,246,313,133,17,683,19,9,47.4,8,42.1,394,1695,807,19,13,4,19,14,450,34,1,0,0,12,11,2,13,14,4,0,0,1,45,18,15,54.5,13,2,15.4,0.0,0.0,16.6,0,0,0,1.1,1.1,0.09,-1.1,-1.1,4,2,50.0,0.0,2.6,0.6,0.0,0.0,0.0,0.0,7,17,41.2,19,3,42.1,39.5,11,81.8,62.9,11,0,0.0,1,14.5,357,477,74.8,6309,2580,165,189,87.3,139,176,79.0,40,81,49.4,0,0.9,1.3,10,36,10,4,46,477,418,58,14,2,4,23,24,6,4,0,0,357,1,8,24,17,4,1,2,0,0,0,0,0,0,0,0,0,22,11,12,8,2,8,17,47.1,9,18,3,15,14,36,9,0,46.0,602,50,141,312,155,21,602,16,10,62.5,5,31.3,360,2060,1099,23,16,4,17,5,355,45,0,0,0,11,11,1,23,14,11,0,0,0,58,15,18,45.5
2023-01-29,12:00,Liga MX,Clausura 2023 Regular Season,Sun,Home,D,0,0,Toluca,León,2.4,1.0,74,20887.0,Claudio Baeza,4-4-2,Adonai Escobedo,31,9,29.0,0.0,0.0,17.3,1,0,0,2.4,2.4,0.08,-2.4,-2.4,1,1,100.0,1.0,0.0,0.0,0.0,0.0,0.0,0.0,5,6,83.3,21,7,14.3,26.8,9,33.3,32.4,5,0,0.0,0,5.0,568,658,86.3,11252,3514,206,227,90.7,272,301,90.4,83,108,76.9,0,2.1,2.5,24,55,26,9,74,658,599,57,9,3,6,38,26,12,4,1,0,568,2,8,53,36,7,2,7,1,0,0,0,0,0,0,0,0,8,5,1,7,0,1,4,25.0,3,5,0,5,2,10,3,0,74.0,747,35,136,330,286,54,747,29,14,48.3,14,48.3,536,2831,1553,32,21,8,10,5,562,72,1,0,0,12,9,2,38,2,5,0,0,0,43,9,9,50.0,7,1,14.3,0.0,0.0,24.3,0,0,0,1.0,1.0,0.14,-1.0,-1.0,9,9,100.0,1.0,1.2,1.2,0.0,0.0,0.0,0.0,14,30,46.7,32,3,56.3,42.3,15,80.0,58.6,31,0,0.0,0,7.5,162,227,71.4,3630,1852,56,68,82.4,73,84,86.9,30,63,47.6,0,0.7,0.3,5,6,2,1,18,227,182,43,14,1,2,5,12,1,0,0,0,162,2,4,13,11,0,1,0,0,1,0,0,0,0,0,0,0,19,10,13,6,0,14,28,50.0,14,17,10,7,15,34,39,0,26.0,355,106,190,132,40,5,355,7,3,42.9,1,14.3,188,984,507,7,11,1,10,7,159,18,3,2,0,9,12,2,5,15,10,0,0,0,35,9,9,50.0
2023-02-01,20:05,Liga MX,Clausura 2023 Regular Season,Wed,Away,D,0,0,Toluca,Atlas,0.9,0.5,59,14786.0,Claudio Baeza,4-4-1-1,Luis Santander,15,4,26.7,0.0,0.0,22.3,3,0,0,0.9,0.9,0.06,-0.9,-0.9,2,2,100.0,1.0,0.2,0.2,0.0,0.0,0.0,0.0,6,17,35.3,29,3,44.8,40.4,7,57.1,44.9,16,2,12.5,2,14.4,458,557,82.2,9734,3525,157,173,90.8,230,262,87.8,69,101,68.3,0,0.8,0.9,12,44,12,1,51,557,500,55,12,1,8,18,28,7,2,3,1,458,2,12,29,19,3,2,1,3,1,0,0,0,0,0,0,0,18,8,7,8,3,9,18,50.0,9,14,5,9,7,25,17,1,59.0,678,62,202,328,159,22,678,26,13,50.0,10,38.5,323,1939,905,12,18,1,24,13,453,50,2,0,0,18,13,2,18,7,8,0,0,0,51,17,21,44.7,11,2,18.2,0.0,0.0,21.4,2,0,0,0.5,0.5,0.04,-0.5,-0.5,4,4,100.0,1.0,0.2,0.2,0.0,0.0,0.0,0.0,14,22,63.6,29,3,69.0,50.7,5,40.0,40.4,15,0,0.0,4,19.0,276,385,71.7,6522,2988,92,120,76.7,112,143,78.3,67,106,63.2,0,0.2,0.4,5,29,7,3,22,385,330,53,18,0,9,18,24,5,1,2,0,276,2,9,18,10,3,0,2,2,1,0,0,0,0,0,0,0,23,14,11,9,3,10,23,43.5,13,16,5,11,10,33,15,0,41.0,512,52,158,223,136,15,512,21,9,42.9,9,42.9,253,1240,523,6,7,4,22,9,276,22,1,0,0,13,15,2,18,10,14,0,0,0,60,21,17,55.3
2023-02-05,19:10,Liga MX,Clausura 2023 Regular Season,Sun,Away,L,1,2,Toluca,Monterrey,0.9,1.7,65,48788.0,Claudio Baeza,4-2-3-1,Victor Caceres,13,7,53.8,0.08,0.14,20.8,3,0,0,0.9,0.9,0.07,0.1,0.1,5,3,60.0,0.0,1.8,-0.2,0.0,0.0,0.0,0.0,8,11,72.7,30,6,30.0,35.9,8,25.0,24.1,6,2,33.3,1,12.9,569,677,84.0,10745,3594,213,249,85.5,277,310,89.4,67,93,72.0,1,0.7,1.0,8,42,11,1,61,677,622,54,13,9,6,22,20,10,2,6,1,569,1,6,24,15,2,1,1,4,1,2,2,0,0,0,0,0,21,12,7,7,7,8,15,53.3,7,9,2,7,7,28,6,1,65.0,766,51,164,393,214,22,766,14,7,50.0,5,35.7,498,2639,1491,23,28,5,15,8,563,61,1,0,0,6,9,1,22,7,12,0,0,0,50,17,16,51.5,12,5,41.7,0.17,0.4,18.2,0,0,0,1.7,1.7,0.14,0.3,0.3,7,6,85.7,0.0,1.3,0.3,0.0,0.0,0.0,0.0,7,16,43.8,27,6,51.9,40.5,5,40.0,38.4,17,2,11.8,2,13.1,269,358,75.1,4704,2143,133,149,89.3,103,121,85.1,28,67,41.8,2,1.3,0.7,9,30,7,2,35,358,318,34,7,3,1,9,17,3,1,2,0,269,6,8,20,18,0,1,1,0,0,3,3,0,0,0,0,0,13,10,7,6,0,5,12,41.7,7,7,3,4,22,35,19,0,35.0,482,66,187,193,111,12,482,17,7,41.2,8,47.1,266,1243,640,11,15,2,16,13,266,35,3,0,0,10,5,6,9,22,10,0,0,0,62,16,17,48.5
2023-02-12,12:00,Liga MX,Clausura 2023 Regular Season,Sun,Home,W,3,1,Toluca,Cruz Azul,1.4,2.0,51,27273.0,Leonardo Fernández,4-4-1-1,Marco Ortíz,11,6,54.5,0.27,0.5,16.4,0,0,0,1.4,1.4,0.13,1.6,1.6,5,4,80.0,0.0,1.3,0.3,0.0,0.0,0.0,0.0,8,18,44.4,27,2,37.0,39.0,13,61.5,46.3,18,1,5.6,3,16.2,458,548,83.6,8465,2885,194,213,91.1,210,230,91.3,46,83,55.4,3,1.3,1.1,9,30,9,2,37,548,494,51,13,3,3,14,18,5,0,4,0,458,3,8,17,12,2,2,0,0,1,6,6,0,0,0,0,0,15,8,9,5,1,5,12,41.7,7,8,1,7,12,27,22,1,51.0,647,59,188,354,108,21,647,16,8,50.0,6,37.5,394,2030,952,15,11,1,13,5,456,37,2,0,0,9,11,3,14,12,8,0,0,0,53,6,16,27.3,14,5,35.7,0.07,0.2,15.3,0,0,0,2.0,2.0,0.14,-1.0,-1.0,6,3,50.0,,1.5,,,,,,2,4,50.0,22,11,4.5,25.2,9,33.3,33.3,10,1,10.0,1,15.3,439,536,81.9,7594,3002,189,205,92.2,188,218,86.2,44,77,57.1,1,1.8,1.5,12,51,8,3,39,536,474,59,12,3,6,22,26,8,1,2,0,439,3,8,26,20,3,1,2,0,0,2,2,0,0,0,0,0,11,8,5,5,1,6,14,42.9,8,8,1,7,5,16,17,2,49.0,631,55,220,268,148,18,631,15,7,46.7,5,33.3,361,1822,816,12,8,3,15,10,437,38,4,1,0,11,9,3,22,5,8,0,0,0,43,16,6,72.7
2023-02-19,21:05,Liga MX,Clausura 2023 Regular Season,Sun,Away,W,2,1,Toluca,Pachuca,2.0,1.7,50,10281.0,Claudio Baeza,4-4-2,Luis Santander,12,6,50.0,0.17,0.33,13.4,0,0,0,2.0,2.0,0.17,0.0,0.0,7,6,85.7,0.0,0.5,-0.5,0.0,0.0,0.0,0.0,8,29,27.6,30,1,73.3,55.6,11,63.6,51.3,22,2,9.1,3,12.7,392,508,77.2,6779,2412,188,208,90.4,158,191,82.7,32,77,41.6,1,1.2,0.8,10,27,9,1,37,508,445,63,10,2,1,12,35,5,0,4,1,392,0,8,24,13,4,3,2,2,0,4,1,1,1,0,1,0,21,11,9,10,2,7,18,38.9,11,13,3,10,11,32,27,0,50.0,645,66,187,337,128,20,645,27,18,66.7,8,29.6,335,1586,657,12,8,2,20,13,390,36,2,0,0,12,10,0,12,11,11,0,0,0,51,22,18,55.0,19,7,36.8,0.05,0.14,22.0,0,0,0,1.7,1.7,0.09,-0.7,-0.7,6,4,66.7,0.0,2.5,0.5,0.0,0.0,0.0,0.0,4,8,50.0,21,3,28.6,31.4,11,18.2,28.3,9,0,0.0,3,27.3,385,501,76.8,7566,3070,139,162,85.8,187,227,82.4,53,91,58.2,1,1.7,0.9,19,31,9,7,41,501,442,59,12,3,4,26,26,7,4,1,0,385,0,13,35,26,3,2,1,2,1,2,1,0,1,0,0,0,21,11,7,9,5,8,26,30.8,18,9,2,7,13,34,17,0,50.0,638,55,199,307,142,22,638,22,11,50.0,7,31.8,336,2117,1091,31,20,6,15,14,382,41,0,0,0,10,12,0,26,13,11,0,0,0,60,18,22,45.0
2023-02-23,20:05,Liga MX,Clausura 2023 Regular Season,Thu,Away,W,5,0,Toluca,Santos,2.1,1.3,55,16470.0,Claudio Baeza,4-4-2,Fernando Guerrero,14,8,57.1,0.36,0.63,13.7,0,0,0,2.1,2.1,0.15,2.9,2.9,4,4,100.0,1.0,0.3,0.3,0.0,0.0,0.0,0.0,12,27,44.4,28,2,75.0,47.3,12,50.0,35.9,13,0,0.0,0,3.0,476,574,82.9,8848,3013,228,254,89.8,177,199,88.9,64,101,63.4,5,1.8,1.7,11,27,14,1,40,574,520,53,11,5,7,7,28,1,0,1,0,476,1,9,26,21,1,1,2,1,0,10,10,0,0,0,0,0,25,11,14,11,0,8,23,34.8,15,19,5,14,9,34,21,0,55.0,709,72,234,332,149,34,709,20,11,55.0,5,25.0,419,2068,956,19,13,4,10,9,475,40,0,0,0,3,10,1,7,9,11,0,0,0,50,14,18,43.8,18,4,22.2,0.0,0.0,14.7,0,0,0,1.3,1.3,0.08,-1.3,-1.3,8,3,37.5,0.0,2.5,-2.5,0.0,0.0,0.0,0.0,2,5,40.0,17,4,23.5,33.9,4,25.0,28.0,5,1,20.0,0,3.0,386,479,80.6,6992,2731,182,199,91.5,153,178,86.0,45,71,63.4,0,1.1,1.6,13,30,9,3,41,479,430,48,4,4,4,20,26,8,4,3,0,386,1,15,30,13,8,5,4,0,0,0,0,0,0,0,0,0,14,7,7,3,4,5,16,31.3,11,13,5,8,14,28,12,0,45.0,605,43,149,307,159,28,605,27,15,55.6,8,29.6,365,2042,1039,25,24,5,20,17,385,41,1,0,0,10,3,1,20,14,7,0,0,0,53,18,14,56.3
2023-02-26,12:00,Liga MX,Clausura 2023 Regular Season,Sun,Home,W,2,0,Toluca,Atlético,1.2,1.3,57,19610.0,Claudio Baeza,4-4-2,Jorge Camacho,15,4,26.7,0.13,0.5,18.2,0,0,0,1.2,1.2,0.08,0.8,0.8,6,6,100.0,1.0,1.6,1.6,0.0,0.0,0.0,0.0,3,5,60.0,33,8,12.1,26.6,7,14.3,19.4,15,1,6.7,1,14.5,571,633,90.2,9353,2975,277,290,95.5,246,265,92.8,36,57,63.2,2,1.2,1.2,14,33,8,1,44,633,600,33,8,4,4,7,13,4,2,1,0,571,0,4,26,19,3,1,2,1,0,3,3,0,0,0,0,0,19,6,10,9,0,7,12,58.3,5,15,5,10,11,30,21,1,57.0,757,59,224,386,154,25,757,20,10,50.0,7,35.0,446,2717,1473,28,22,7,17,6,566,44,2,0,0,8,7,0,7,11,6,0,0,0,45,9,7,56.3,17,6,35.3,0.0,0.0,24.5,1,0,0,1.3,1.3,0.08,-1.3,-1.3,4,2,50.0,0.0,0.8,-1.2,0.0,0.0,0.0,0.0,4,9,44.4,17,7,41.2,40.8,9,22.2,30.9,7,0,0.0,0,12.3,407,485,83.9,6643,2432,208,225,92.4,154,170,90.6,33,64,51.6,0,1.2,0.6,12,30,5,0,37,485,447,37,7,2,5,22,14,4,0,3,0,407,1,11,25,17,1,1,4,2,0,0,0,0,0,0,0,0,13,8,10,2,1,7,17,41.2,10,8,4,4,6,19,12,0,43.0,581,60,176,263,152,13,581,15,5,33.3,7,46.7,429,2544,1279,26,23,5,9,12,403,37,1,0,0,7,7,1,22,6,8,0,0,0,50,7,9,43.8
2023-03-05,19:05,Liga MX,Clausura 2023 Regular Season,Sun,Away,L,0,1,Toluca,Querétaro,1.3,0.3,75,,Leonardo Fernández,4-3-3,Óscar Macias,21,7,33.3,0.0,0.0,17.5,0,0,0,1.3,1.3,0.07,-1.3,-1.3,5,4,80.0,0.0,1.0,0.0,0.0,0.0,0.0,0.0,4,6,66.7,34,6,14.7,29.0,2,50.0,33.5,7,1,14.3,1,20.3,624,730,85.5,12441,3861,204,228,89.5,307,344,89.2,96,121,79.3,0,0.8,1.6,15,54,18,2,73,730,679,48,14,2,10,25,22,8,1,5,0,624,3,8,33,22,3,3,4,0,1,0,0,0,0,0,0,0,17,6,6,5,6,6,13,46.2,7,8,2,6,11,28,3,0,75.0,829,45,185,405,247,40,829,26,14,53.8,9,34.6,417,2773,1576,32,25,7,13,7,611,72,1,0,0,5,13,3,25,11,6,0,0,0,50,15,11,57.7,7,5,71.4,0.14,0.2,23.2,0,0,0,0.3,0.3,0.04,0.7,0.7,7,7,100.0,1.0,1.1,1.1,0.0,0.0,0.0,0.0,10,25,40.0,22,5,63.6,46.5,11,100.0,63.1,21,1,4.8,0,6.3,165,245,67.3,3720,2038,62,76,81.6,54,70,77.1,41,82,50.0,1,0.3,0.2,7,10,2,0,16,245,203,41,8,1,3,7,18,3,0,3,0,165,1,6,10,7,2,0,1,0,0,1,0,1,0,0,0,0,16,10,11,4,1,9,23,39.1,14,10,4,6,11,27,34,0,25.0,369,86,182,142,51,5,369,14,7,50.0,6,42.9,130,672,352,6,8,0,16,11,158,16,3,0,0,13,4,1,7,11,10,0,0,0,46,11,15,42.3
2023-03-12,12:00,Liga MX,Clausura 2023 Regular Season,Sun,Home,W,4,1,Toluca,Mazatlán,3.0,0.2,69,23633.0,Marcel Ruiz,4-4-2,Luis Santander,25,11,44.0,0.16,0.36,16.7,1,0,0,3.0,3.0,0.14,1.0,1.0,1,0,0.0,0.0,0.2,-0.8,0.0,0.0,0.0,0.0,4,7,57.1,18,3,27.8,32.3,5,40.0,34.8,4,0,0.0,3,20.2,626,698,89.7,10622,3196,316,331,95.5,245,272,90.1,53,72,73.6,3,2.3,2.1,18,53,14,2,68,698,660,35,4,8,7,18,18,6,4,2,0,626,3,1,41,30,1,2,6,1,1,6,3,1,1,1,0,0,11,8,2,8,1,6,11,54.5,5,6,1,5,8,19,6,0,69.0,787,31,107,402,283,41,787,22,9,40.9,13,59.1,587,2939,1492,27,31,12,15,3,620,67,1,0,0,8,5,3,18,8,8,0,0,0,47,10,11,47.6,6,1,16.7,0.17,1.0,21.9,0,0,0,0.2,0.2,0.04,0.8,0.8,11,7,63.6,0.0,2.8,-1.2,0.0,0.0,0.0,0.0,6,19,31.6,28,7,39.3,39.5,9,88.9,57.8,13,0,0.0,2,14.0,248,315,78.7,4734,2133,106,118,89.8,101,117,86.3,36,67,53.7,1,0.2,0.4,6,19,2,1,12,315,275,40,10,0,3,6,16,0,0,0,0,248,0,6,12,10,1,1,0,0,0,2,1,0,1,0,0,0,16,9,12,4,0,13,22,59.1,9,6,5,1,15,31,21,0,31.0,416,80,205,161,51,5,416,12,5,41.7,6,50.0,196,1094,531,8,4,2,16,5,245,12,1,1,0,5,7,0,6,15,9,0,0,0,37,11,10,52.4
2023-03-17,20:05,Liga MX,Clausura 2023 Regular Season,Fri,Away,D,3,3,Toluca,Tijuana,0.6,1.7,52,24833.0,Claudio Baeza,4-4-2,Edgar Morales,10,5,50.0,0.3,0.6,18.4,1,0,0,0.6,0.6,0.06,2.4,2.4,9,6,66.7,0.0,2.2,-0.8,0.0,0.0,0.0,0.0,10,20,50.0,27,3,44.4,40.4,13,61.5,43.0,23,0,0.0,0,6.0,371,501,74.1,6189,2471,183,219,83.6,133,166,80.1,33,71,46.5,3,0.5,0.7,9,20,9,2,34,501,445,53,13,0,2,12,18,5,2,3,0,371,3,11,17,13,1,1,0,1,1,5,5,0,0,0,0,0,25,11,19,4,2,13,21,61.9,8,11,1,10,10,35,20,1,52.0,634,72,219,296,122,26,634,26,18,69.2,4,15.4,333,1864,914,22,16,3,20,20,369,34,2,0,0,20,12,3,12,10,11,0,0,0,83,17,17,50.0,18,9,50.0,0.17,0.33,17.6,0,0,0,1.7,1.7,0.1,1.3,1.3,5,2,40.0,0.0,1.3,-1.7,0.0,0.0,0.0,0.0,3,7,42.9,23,2,26.1,34.3,4,25.0,37.3,10,1,10.0,0,15.5,353,468,75.4,6895,2722,135,160,84.4,143,176,81.3,62,93,66.7,0,1.1,0.8,13,35,7,4,44,468,413,55,23,3,6,29,20,4,1,3,0,353,0,12,28,17,4,1,3,1,2,3,0,0,0,2,0,1,24,15,8,15,1,4,22,18.2,18,15,4,11,20,44,20,0,48.0,615,50,177,286,162,19,615,23,8,34.8,13,56.5,264,1511,871,23,16,4,32,12,352,44,6,0,0,14,19,0,29,20,15,0,0,0,87,17,17,50.0
2023-04-02,13:00,Liga MX,Clausura 2023 Regular Season,Sun,Home,W,3,2,Toluca,UANL,0.9,2.0,61,27073.0,Claudio Baeza,4-4-2,Marco Ortíz,10,5,50.0,0.2,0.4,18.1,1,0,0,0.9,0.9,0.1,1.1,1.1,2,0,50.0,0.0,1.7,-0.3,1.0,1.0,0.0,0.0,4,9,44.4,16,0,37.5,37.9,13,23.1,26.2,13,0,0.0,0,,563,634,88.8,9513,2826,281,296,94.9,235,257,91.4,45,69,65.2,1,0.5,0.5,6,31,7,1,39,634,580,54,14,0,4,10,22,2,1,1,0,563,0,5,14,8,3,1,0,2,0,2,1,1,0,0,0,0,22,16,12,9,1,6,16,37.5,10,17,2,15,6,28,13,0,61.0,746,53,219,403,126,17,746,12,5,41.7,3,25.0,435,2288,1104,22,16,5,25,9,562,39,1,0,0,17,13,0,10,6,16,0,1,0,35,6,13,31.6,12,1,8.3,0.08,1.0,19.7,2,1,1,2.0,1.4,0.12,0.0,-0.4,5,3,40.0,0.0,0.6,-1.4,0.0,0.0,0.0,0.0,7,12,58.3,29,5,31.0,31.1,10,30.0,30.8,8,1,12.5,2,19.5,336,413,81.4,6237,2491,143,158,90.5,141,154,91.6,40,67,59.7,1,1.3,0.8,8,29,4,1,30,413,355,57,14,1,8,16,26,3,1,2,0,336,1,16,21,10,2,4,3,2,0,2,0,0,0,2,0,0,12,2,7,4,1,3,8,37.5,5,7,2,5,5,17,9,1,39.0,499,49,182,199,120,11,498,18,10,55.6,6,33.3,277,1393,735,12,9,2,14,16,330,30,5,1,1,14,16,1,16,5,2,0,0,1,40,13,6,68.4
2023-04-07,20:05,Liga MX,Clausura 2023 Regular Season,Fri,Away,W,2,1,Toluca,Puebla,1.9,1.1,54,21500.0,Claudio Baeza,4-4-2,Ismael Lopez,9,3,33.3,0.11,0.33,17.5,0,1,1,1.9,1.2,0.13,0.1,-0.2,9,8,88.9,0.0,2.4,1.4,0.0,0.0,0.0,0.0,10,21,47.6,31,3,48.4,44.6,8,75.0,57.5,21,0,0.0,0,8.5,520,595,87.4,9262,3334,275,292,94.2,190,209,90.9,52,82,63.4,0,1.0,0.8,7,28,7,1,28,595,556,37,11,2,5,6,12,4,0,1,0,520,2,6,17,12,1,2,1,1,0,4,3,0,0,0,1,0,14,7,4,7,3,8,14,57.1,6,6,2,4,11,25,21,0,54.0,699,65,213,373,119,21,698,24,12,50.0,9,37.5,382,1934,794,14,16,4,14,7,514,25,5,0,0,10,10,2,6,11,7,1,0,0,47,5,11,31.3,21,9,42.9,0.05,0.11,21.5,0,0,0,1.1,1.1,0.05,-0.1,-0.1,4,2,75.0,0.0,2.2,0.2,1.0,1.0,0.0,0.0,1,5,20.0,13,4,38.5,33.6,8,0.0,16.8,5,0,0.0,1,10.0,436,515,84.7,8176,2794,192,206,93.2,181,206,87.9,56,84,66.7,1,0.9,0.8,14,46,9,6,44,515,466,47,12,0,9,28,21,3,3,0,0,436,2,7,36,28,3,0,4,0,1,2,2,0,0,0,0,0,16,8,11,4,1,9,21,42.9,12,7,1,6,12,28,9,0,46.0,621,50,163,300,161,17,621,14,6,42.9,8,57.1,348,1772,964,17,14,0,17,6,434,44,4,0,0,11,9,2,28,12,8,0,1,0,46,11,5,68.8
2023-04-16,13:00,Liga MX,Clausura 2023 Regular Season,Sun,Away,L,1,3,Toluca,UNAM,1.4,1.7,64,20899.0,Marcel Ruiz,4-4-2,Diego Montaño,12,2,16.7,0.0,0.0,22.1,2,1,1,1.4,0.6,0.05,-0.4,-0.6,5,2,60.0,0.0,3.2,0.2,1.0,1.0,0.0,0.0,3,12,25.0,19,3,36.8,34.2,11,45.5,43.7,8,0,0.0,4,26.4,480,567,84.7,9002,2856,193,219,88.1,229,254,90.2,53,75,70.7,0,0.5,0.5,10,32,8,2,45,567,510,56,13,1,6,17,21,7,4,2,0,480,1,8,24,16,2,0,2,4,0,1,0,0,0,1,0,0,20,10,7,11,2,7,12,58.3,5,7,2,5,9,29,14,1,64.0,675,39,148,409,119,23,674,22,10,45.5,11,50.0,438,2059,896,12,8,6,20,9,478,45,5,1,0,18,14,1,17,9,10,0,1,0,48,11,14,44.0,12,4,33.3,0.17,0.5,20.0,2,1,1,1.7,0.9,0.08,1.3,1.1,3,2,100.0,0.0,1.1,0.1,1.0,1.0,0.0,0.0,7,13,53.8,15,3,53.3,41.6,6,83.3,56.5,12,3,25.0,0,9.2,235,318,73.9,4159,1951,111,129,86.0,84,100,84.0,29,61,47.5,2,0.8,0.7,8,15,7,1,27,318,268,50,15,2,5,14,23,4,0,2,0,235,0,7,21,14,2,1,0,4,0,6,3,1,1,0,1,0,20,12,7,12,1,11,21,52.4,10,10,5,5,8,28,25,0,36.0,440,48,139,211,96,16,439,17,5,29.4,7,41.2,234,1164,578,15,8,5,19,13,232,27,3,0,0,16,18,0,14,8,12,1,1,0,52,14,11,56.0
2023-04-23,13:00,Liga MX,Clausura 2023 Regular Season,Sun,Home,D,1,1,Toluca,FC Juárez,3.0,1.3,56,27011.0,Claudio Baeza,4-4-2,Fernando Guerrero,18,5,27.8,0.0,0.0,17.9,0,1,1,3.0,2.2,0.13,-2.0,-2.2,2,1,50.0,0.0,0.8,-0.2,0.0,0.0,0.0,0.0,5,14,35.7,31,4,35.5,40.0,9,33.3,38.9,13,0,0.0,0,17.0,418,514,81.3,8053,3007,164,188,87.2,183,210,87.1,57,83,68.7,0,2.1,1.8,13,32,13,6,35,514,460,54,13,0,0,20,26,4,0,4,0,418,0,14,34,24,3,4,2,1,0,2,1,0,0,0,1,0,17,9,10,5,2,8,14,57.1,6,9,1,8,9,26,25,0,56.0,625,63,209,285,139,27,624,22,14,63.6,6,27.3,389,1977,1112,22,15,7,10,7,409,35,6,1,1,14,11,0,20,9,9,1,0,0,48,12,13,48.0,12,2,16.7,0.08,0.5,22.3,2,0,0,1.3,1.3,0.11,-0.3,-0.3,6,5,100.0,0.0,2.6,1.6,1.0,1.0,0.0,0.0,5,12,41.7,27,12,22.2,34.3,11,54.5,43.8,18,1,5.6,0,7.0,310,412,75.2,6130,2666,127,144,88.2,125,153,81.7,50,87,57.5,1,1.1,0.8,7,24,3,1,24,412,360,49,12,2,4,16,20,4,2,2,0,310,3,12,20,11,4,1,2,2,0,2,2,0,0,0,0,0,13,11,10,1,2,6,20,30.0,14,15,1,14,9,22,20,0,44.0,528,74,187,218,129,13,528,18,6,33.3,8,44.4,224,1103,477,4,7,0,18,9,303,24,2,0,0,11,13,3,16,9,11,0,1,0,48,13,12,52.0
2023-04-30,13:00,Liga MX,Clausura 2023 Regular Season,Sun,Home,W,3,0,Toluca,Necaxa,3.4,0.7,61,27273.0,Claudio Baeza,4-2-3-1,César Arturo Ramos,11,2,18.2,0.09,0.5,20.3,1,2,2,3.4,1.8,0.17,-0.4,-0.8,3,3,100.0,1.0,0.7,0.7,0.0,0.0,0.0,0.0,4,10,40.0,30,1,30.0,34.3,8,12.5,16.1,13,1,7.7,0,8.7,518,611,84.8,9504,3033,211,237,89.0,238,258,92.2,55,83,66.3,1,1.4,1.4,7,37,8,1,30,611,557,49,15,3,8,14,23,2,2,0,0,518,5,5,22,10,3,1,1,5,2,6,2,1,0,0,3,0,22,13,10,11,1,6,20,30.0,14,6,1,5,10,32,15,0,61.0,719,54,241,349,133,22,717,20,11,55.0,5,25.0,413,1714,860,15,6,6,14,5,515,30,2,0,0,13,17,5,14,10,13,2,0,0,55,18,14,56.3,7,3,42.9,0.0,0.0,16.7,0,0,0,0.7,0.7,0.1,-0.7,-0.7,4,1,75.0,0.0,2.7,-0.3,2.0,2.0,0.0,0.0,5,11,45.5,17,2,52.9,42.7,7,28.6,33.4,11,0,0.0,3,24.3,308,388,79.4,5387,1976,138,150,92.0,133,160,83.1,30,55,54.5,0,0.6,0.7,5,25,3,3,28,388,334,53,17,1,3,17,22,3,2,1,0,308,1,8,10,8,2,0,0,0,0,0,0,0,0,0,0,0,10,6,3,5,2,5,16,31.3,11,11,6,5,12,22,23,0,39.0,500,54,168,234,104,13,500,24,14,58.3,6,25.0,325,1816,897,17,10,3,16,16,306,28,3,0,0,17,13,1,17,12,6,0,2,0,50,14,18,43.8
2023-05-11,22:10,Liga MX,Quarter-finals,Thu,Away,L,1,4,Toluca,UANL,0.8,1.0,51,34490.0,Claudio Baeza,4-4-2,Adonai Escobedo,12,4,33.3,0.25,0.75,21.0,0,0,0,0.8,0.8,0.06,2.2,2.2,4,3,75.0,0.0,0.8,-0.2,0.0,0.0,0.0,0.0,5,12,41.7,22,6,22.7,29.0,11,63.6,54.4,16,1,6.3,5,32.3,405,489,82.8,8755,3453,112,123,91.1,221,248,89.1,69,102,67.6,0,0.7,1.2,10,47,15,3,57,489,440,48,12,1,7,9,21,2,0,2,0,405,1,7,21,17,1,3,0,0,0,6,5,1,0,0,0,0,21,14,10,9,2,13,22,59.1,9,3,2,1,8,29,13,0,51.0,601,45,180,280,149,28,601,15,6,40.0,8,53.3,281,1462,732,15,8,8,26,3,401,55,1,0,0,16,9,1,9,8,14,0,0,0,51,14,9,60.9,11,4,36.4,0.09,0.25,17.0,0,0,0,1.0,1.0,0.09,0.0,0.0,4,1,25.0,0.0,1.3,-1.7,0.0,0.0,0.0,0.0,9,18,50.0,26,3,38.5,38.4,13,61.5,46.1,10,3,30.0,1,10.8,386,474,81.4,6631,2535,198,209,94.7,127,157,80.9,46,86,53.5,1,0.8,0.7,6,39,5,1,32,474,413,60,17,1,3,18,24,2,0,2,0,386,1,1,18,12,2,0,1,1,2,2,2,0,0,0,0,0,12,9,5,6,1,8,15,53.3,7,10,2,8,6,18,22,0,49.0,580,67,165,283,141,16,580,24,9,37.5,12,50.0,338,1790,783,14,20,2,11,9,381,30,1,0,0,12,15,2,18,6,9,0,0,0,53,10,15,40.0
2023-05-14,13:00,Liga MX,Quarter-finals,Sun,Home,W,3,1,Toluca,UANL,1.0,2.3,52,27253.0,Claudio Baeza,4-2-3-1,César Arturo Ramos,8,2,25.0,0.13,0.5,18.2,1,0,0,1.0,1.0,0.14,0.0,0.0,6,2,50.0,0.0,3.8,-0.2,1.0,1.0,0.0,0.0,4,9,44.4,22,4,31.8,35.4,7,28.6,44.1,10,1,10.0,0,3.5,387,481,80.5,7704,2524,146,168,86.9,187,217,86.2,51,88,58.0,3,0.5,0.7,5,24,3,0,26,481,426,55,18,2,6,17,20,5,3,2,0,387,0,5,11,5,2,3,0,1,0,2,1,0,0,0,1,0,19,17,13,5,1,8,19,42.1,11,6,0,6,14,33,13,0,52.0,580,51,216,292,75,6,580,16,9,56.3,5,31.3,297,1469,724,9,8,0,20,5,381,23,3,0,0,12,12,0,17,14,17,0,1,0,46,11,14,44.0,11,5,45.5,0.27,0.6,21.3,0,1,1,2.3,1.5,0.13,1.7,1.5,2,1,50.0,0.0,0.2,-0.8,0.0,0.0,0.0,0.0,14,30,46.7,43,5,65.1,44.9,6,33.3,35.7,13,2,15.4,1,16.3,352,446,78.9,6527,2506,164,186,88.2,132,152,86.8,48,84,57.1,1,1.0,0.6,8,32,8,3,40,446,406,36,10,0,3,12,17,1,0,0,0,352,4,6,21,15,2,2,0,2,0,8,5,1,0,0,2,0,9,8,3,5,1,4,14,28.6,10,8,2,6,11,19,7,1,48.0,522,46,150,251,124,18,521,21,10,47.6,9,42.9,295,1739,829,18,15,4,12,10,348,41,6,0,0,15,12,4,12,11,8,1,0,0,57,14,10,58.3
2022-07-02,17:00,Liga MX,Apertura 2022 Regular Season,Sat,Home,D,0,0,Guadalajara,FC Juárez,1.5,0.4,48,17424.0,Hiram Mier,3-1-4-2,Ismael Lopez,14,5,35.7,0.0,0.0,16.8,1,0,0,1.5,1.5,0.12,-1.5,-1.5,1,1,100.0,1.0,0.0,0.0,0.0,0.0,0.0,0.0,5,7,71.4,13,4,23.1,27.9,11,36.4,35.5,14,2,14.3,1,11.5,299,393,76.1,5833,2089,123,141,87.2,130,156,83.3,41,75,54.7,0,0.5,0.9,9,26,5,3,37,393,345,45,9,1,9,27,15,9,1,7,0,299,3,5,24,14,4,1,3,2,0,0,0,0,0,0,0,0,24,15,9,15,0,7,18,38.9,11,7,0,7,10,34,17,0,48.0,503,40,140,238,132,27,503,17,8,47.1,9,52.9,254,1528,825,13,13,4,13,7,297,36,3,0,0,19,10,3,27,10,15,0,0,0,46,15,13,53.6,11,1,9.1,0.0,0.0,24.7,0,0,0,0.4,0.4,0.04,-0.4,-0.4,5,5,100.0,1.0,1.0,1.0,0.0,0.0,0.0,0.0,2,8,25.0,28,8,10.7,26.8,6,83.3,58.8,21,1,4.8,0,14.3,343,433,79.2,5725,2304,157,173,90.8,116,140,82.9,45,74,60.8,0,0.4,0.3,7,21,1,0,28,433,380,53,22,0,4,18,21,3,1,2,0,343,0,9,15,12,2,0,0,1,0,0,0,0,0,0,0,0,16,9,7,8,1,9,17,52.9,8,10,6,4,9,25,18,0,52.0,542,62,192,259,96,7,542,18,11,61.1,7,38.9,274,1487,549,17,9,2,17,17,339,26,1,0,0,10,17,0,18,9,9,0,0,0,44,13,15,46.4
2022-07-09,19:05,Liga MX,Apertura 2022 Regular Season,Sat,Home,L,0,1,Guadalajara,Atlético,1.1,0.5,64,18363.0,Hiram Mier,3-5-2,Oscar Mejia,19,4,21.1,0.0,0.0,20.7,1,0,0,1.1,1.1,0.06,-1.1,-1.1,1,0,0.0,0.0,0.8,-0.2,0.0,0.0,0.0,0.0,3,5,60.0,16,5,25.0,32.1,6,16.7,29.7,8,1,12.5,0,16.0,413,512,80.7,7498,2570,187,216,86.6,186,217,85.7,38,69,55.1,0,0.9,0.6,12,36,6,3,56,512,477,34,7,0,6,22,17,3,1,2,0,413,1,4,29,25,0,1,2,1,0,0,0,0,0,0,0,0,18,10,4,11,3,12,22,54.5,10,7,1,6,6,24,11,0,64.0,619,35,140,309,174,20,619,14,4,28.6,10,71.4,408,2116,1280,30,23,4,14,3,405,55,2,0,0,15,7,1,22,6,10,0,0,0,50,17,21,44.7,4,1,25.0,0.25,1.0,15.8,0,0,0,0.5,0.5,0.14,0.5,0.5,4,4,100.0,1.0,0.3,0.3,0.0,0.0,0.0,0.0,4,20,20.0,14,7,35.7,38.8,16,93.8,57.4,19,1,5.3,0,9.0,182,291,62.5,3637,1634,73,88,83.0,66,93,71.0,37,92,40.2,1,0.5,0.4,4,15,5,0,19,291,240,51,16,0,3,10,14,4,0,3,0,182,0,6,8,6,0,2,0,0,0,2,1,0,1,0,0,0,13,8,8,2,3,10,14,71.4,4,10,7,3,9,22,26,0,36.0,397,65,149,177,76,7,397,22,10,45.5,12,54.5,157,994,525,6,11,3,14,6,176,18,1,0,0,8,15,0,10,9,8,0,0,0,43,21,17,55.3
2022-07-16,19:05,Liga MX,Apertura 2022 Regular Season,Sat,Away,D,1,1,Guadalajara,Santos,1.9,0.7,53,15611.0,Fernando Beltrán,3-1-4-2,Marco Ortíz,18,6,33.3,0.06,0.17,23.4,3,0,0,1.9,1.9,0.1,-0.9,-0.9,5,4,80.0,0.0,0.9,-0.1,0.0,0.0,0.0,0.0,3,16,18.8,20,10,45.0,42.1,8,87.5,67.8,21,3,14.3,0,8.9,337,436,77.3,6158,2457,139,157,88.5,145,174,83.3,40,81,49.4,1,1.6,1.2,11,31,9,0,30,436,397,39,11,1,3,10,15,3,2,0,0,337,0,5,29,22,0,3,1,3,0,2,1,0,1,0,0,0,7,6,3,4,0,4,14,28.6,10,11,2,9,7,14,23,0,53.0,537,61,152,271,120,19,537,21,13,61.9,6,28.6,266,1386,652,16,8,5,13,9,328,30,8,1,1,9,14,0,10,7,6,0,0,0,51,13,15,46.4,10,5,50.0,0.1,0.2,23.1,1,0,0,0.7,0.7,0.07,0.3,0.3,6,5,83.3,0.0,1.7,0.7,0.0,0.0,0.0,0.0,10,19,52.6,22,7,50.0,36.0,11,72.7,53.1,6,0,0.0,0,14.3,268,380,70.5,5169,2340,107,126,84.9,115,143,80.4,39,93,41.9,1,0.7,0.5,8,23,8,3,27,380,332,48,8,1,4,22,22,5,1,2,1,268,0,10,20,17,0,2,0,1,0,2,0,0,2,0,0,0,15,8,5,8,2,6,19,31.6,13,9,6,3,13,28,20,1,47.0,481,56,146,244,98,17,481,14,10,71.4,4,28.6,204,1155,603,15,5,2,21,3,262,27,3,0,0,14,7,0,22,13,8,0,0,0,52,15,13,53.6
2022-07-20,21:05,Liga MX,Apertura 2022 Regular Season,Wed,Home,D,0,0,Guadalajara,León,1.5,0.8,37,23305.0,Fernando Beltrán,3-1-4-2,Jorge Pérez,12,2,16.7,0.0,0.0,19.6,1,0,1,1.5,0.7,0.06,-1.5,-0.7,4,4,100.0,1.0,0.9,0.9,0.0,0.0,0.0,0.0,4,16,25.0,11,2,54.5,46.3,12,83.3,62.8,14,0,0.0,0,11.0,233,308,75.6,4073,1758,117,128,91.4,82,105,78.1,25,58,43.1,0,0.5,0.6,8,21,5,3,32,308,259,47,12,0,2,17,17,5,1,4,0,233,2,6,23,15,2,1,1,4,0,0,0,0,0,0,0,0,17,8,7,9,1,6,14,42.9,8,7,2,5,9,26,24,0,37.0,417,55,131,184,105,16,416,25,7,28.0,14,56.0,208,1115,582,9,11,2,9,4,232,32,3,1,0,7,11,2,17,9,8,1,0,0,40,13,14,48.1,12,4,33.3,0.0,0.0,19.2,0,0,0,0.8,0.8,0.07,-0.8,-0.8,3,2,100.0,1.0,1.5,1.5,1.0,0.0,1.0,0.0,3,4,75.0,24,5,12.5,25.6,9,11.1,32.3,16,1,6.3,1,11.3,453,526,86.1,7963,2992,215,236,91.1,193,214,90.2,39,60,65.0,0,0.7,0.9,9,31,7,4,38,526,485,40,9,1,6,17,18,3,0,3,0,453,1,7,24,19,2,2,0,1,0,0,0,0,0,0,0,0,18,7,12,5,1,14,21,66.7,7,6,1,5,8,26,8,0,63.0,625,46,150,321,156,17,625,15,8,53.3,6,40.0,438,2261,1262,29,18,2,17,11,449,37,3,0,0,13,7,1,17,8,7,0,1,0,48,14,13,51.9
2022-07-27,19:00,Liga MX,Apertura 2022 Regular Season,Wed,Away,D,2,2,Guadalajara,Querétaro,2.6,1.7,49,,Hiram Mier,3-4-3,César Arturo Ramos,12,3,25.0,0.08,0.33,20.3,3,1,1,2.6,1.8,0.15,-0.6,-0.8,8,6,87.5,0.0,1.8,-0.2,1.0,1.0,0.0,0.0,1,10,10.0,17,6,35.3,39.5,4,100.0,75.3,28,0,0.0,0,8.3,299,388,77.1,4763,1700,153,170,90.0,110,136,80.9,27,58,46.6,1,1.4,0.6,6,21,3,1,25,388,340,47,17,0,1,14,20,4,1,3,0,299,1,3,22,13,1,1,1,5,1,4,2,0,1,0,1,0,16,13,8,6,2,6,10,60.0,4,9,2,7,5,21,36,0,49.0,518,57,165,250,108,14,517,13,7,53.8,6,46.2,317,1688,787,12,10,2,16,9,294,25,2,0,0,12,21,1,14,5,13,1,1,0,57,12,15,44.4,14,7,50.0,0.07,0.14,20.7,0,1,1,1.7,0.9,0.06,0.3,0.1,4,2,75.0,0.0,2.0,0.0,1.0,1.0,0.0,0.0,9,12,75.0,19,3,36.8,32.1,7,71.4,48.3,11,0,0.0,1,12.3,299,397,75.3,6105,2587,114,137,83.2,139,165,84.2,44,86,51.2,1,0.8,1.0,12,29,11,5,40,397,345,52,12,0,5,33,21,9,2,6,0,299,0,7,28,24,3,0,0,1,0,4,3,0,0,0,1,0,15,10,8,6,1,6,13,46.2,7,6,4,2,10,25,14,0,51.0,503,44,148,237,121,19,502,11,4,36.4,6,54.5,281,1474,802,18,16,2,19,10,298,40,2,0,0,21,11,0,33,10,10,1,1,0,55,15,12,55.6
2022-07-30,21:05,Liga MX,Apertura 2022 Regular Season,Sat,Home,D,0,0,Guadalajara,Pachuca,1.2,0.6,55,20551.0,Fernando Beltrán,5-3-2,Adonai Escobedo,12,4,33.3,0.0,0.0,23.0,1,0,1,1.2,0.4,0.04,-1.2,-0.4,4,4,100.0,1.0,0.4,0.4,0.0,0.0,0.0,0.0,4,12,33.3,17,4,47.1,44.8,7,57.1,47.9,11,0,0.0,0,9.5,345,457,75.5,6954,2663,128,156,82.1,154,191,80.6,58,90,64.4,0,0.3,0.4,8,45,6,1,39,457,404,50,14,1,6,21,21,7,4,1,0,345,3,5,23,13,4,3,2,1,0,0,0,0,0,0,0,0,15,8,10,4,1,4,14,28.6,10,10,3,7,10,25,12,0,55.0,559,50,155,269,142,17,558,16,12,75.0,4,25.0,320,1835,796,16,10,1,20,10,342,39,5,0,0,16,12,3,21,10,8,0,0,0,58,20,20,50.0,10,4,40.0,0.0,0.0,21.6,1,0,0,0.6,0.6,0.06,-0.6,-0.6,4,4,100.0,1.0,0.5,0.5,1.0,0.0,0.0,1.0,6,19,31.6,21,2,76.2,51.0,8,37.5,34.3,15,1,6.7,0,9.3,265,370,71.6,5191,2296,106,124,85.5,99,136,72.8,49,85,57.6,0,0.3,0.2,7,27,4,2,29,370,314,53,18,0,9,13,22,4,1,1,0,265,3,8,16,10,1,1,1,2,1,0,0,0,0,0,0,0,14,7,9,3,2,4,16,25.0,12,7,2,5,13,27,17,0,45.0,492,62,161,244,94,11,492,14,10,71.4,4,28.6,216,1211,533,12,11,0,25,11,263,29,5,1,0,13,16,3,13,13,7,0,1,0,63,20,20,50.0
2022-08-05,20:05,Liga MX,Apertura 2022 Regular Season,Fri,Away,L,1,2,Guadalajara,Mazatlán,1.9,0.9,50,14250.0,Fernando Beltrán,5-3-2,Jorge Camacho,12,4,33.3,0.08,0.25,19.3,1,0,1,1.9,0.9,0.07,-0.9,0.1,4,2,50.0,0.0,0.5,-1.5,0.0,0.0,0.0,0.0,4,15,26.7,16,4,25.0,36.6,11,100.0,70.7,11,0,0.0,1,18.4,256,355,72.1,4892,1911,113,143,79.0,110,140,78.6,31,59,52.5,0,0.6,0.7,6,22,4,2,26,355,300,53,18,1,4,19,17,4,2,2,0,256,2,6,23,15,1,3,1,3,0,1,0,0,0,1,0,0,14,9,8,5,1,10,18,55.6,8,11,5,6,10,24,11,0,50.0,461,40,145,221,101,19,461,26,11,42.3,12,46.2,296,1448,699,12,6,5,17,12,248,26,4,1,1,9,18,2,19,10,9,1,0,0,58,10,21,32.3,16,4,25.0,0.13,0.5,23.2,2,0,0,0.9,0.9,0.05,1.1,1.1,5,3,80.0,0.0,1.2,0.2,1.0,0.0,1.0,0.0,3,11,27.3,19,3,36.8,34.8,6,66.7,45.0,13,0,0.0,0,9.5,269,360,74.7,4837,1998,111,132,84.1,121,150,80.7,29,59,49.2,2,0.8,1.0,13,29,4,1,31,360,314,44,10,1,1,15,22,4,0,3,0,269,2,8,29,20,4,1,1,3,0,4,2,1,0,0,1,0,24,13,9,10,5,12,23,52.2,11,10,4,6,15,39,17,0,50.0,488,49,148,222,124,16,488,20,8,40.0,10,50.0,289,1427,754,17,9,4,14,4,268,31,5,0,0,18,8,2,15,15,13,0,1,0,58,21,10,67.7
2022-08-13,21:05,Liga MX,Apertura 2022 Regular Season,Sat,Home,D,1,1,Guadalajara,Atlas,1.3,0.3,57,34233.0,Jesús Sánchez García,5-3-2,Marco Ortíz,23,6,26.1,0.04,0.17,23.4,3,0,0,1.3,1.3,0.06,-0.3,-0.3,4,3,75.0,0.0,1.4,0.4,0.0,0.0,0.0,0.0,2,2,100.0,15,6,6.7,25.3,8,12.5,28.0,8,1,12.5,2,15.0,383,464,82.5,7172,2819,168,190,88.4,165,191,86.4,47,74,63.5,1,1.1,1.0,17,33,8,3,37,464,414,47,6,1,6,19,26,5,1,2,0,383,3,4,40,30,4,0,2,3,1,2,1,1,0,0,0,0,9,8,2,5,2,2,7,28.6,5,7,2,5,8,17,12,0,57.0,567,37,139,289,143,19,567,11,4,36.4,6,54.5,326,1903,995,21,15,5,20,10,376,37,1,1,0,11,9,3,19,8,8,0,0,0,49,13,9,59.1,8,4,50.0,0.13,0.25,17.6,1,0,0,0.3,0.3,0.04,0.7,0.7,6,5,83.3,0.0,1.2,0.2,0.0,0.0,0.0,0.0,8,31,25.8,36,2,47.2,39.3,14,100.0,70.5,17,0,0.0,1,19.0,260,352,73.9,5271,1968,94,102,92.2,130,149,87.2,32,85,37.6,0,0.3,0.5,6,18,6,1,26,352,305,47,13,0,2,11,15,3,1,2,0,260,0,7,15,7,5,0,1,2,0,2,1,0,0,0,1,0,16,7,7,4,5,6,10,60.0,4,9,6,3,6,22,19,0,43.0,443,63,172,194,81,12,443,9,5,55.6,2,22.2,216,1088,518,10,4,0,13,7,259,26,4,1,0,9,11,0,11,6,7,0,0,0,43,9,13,40.9
2022-08-19,19:00,Liga MX,Apertura 2022 Regular Season,Fri,Away,W,4,0,Guadalajara,Necaxa,2.5,1.2,43,14349.0,Jesús Sánchez García,4-2-3-1,Oscar Mejia,13,6,46.2,0.23,0.5,17.3,0,1,1,2.5,1.8,0.14,1.5,1.2,1,1,100.0,1.0,0.0,0.0,0.0,0.0,0.0,0.0,2,17,11.8,15,4,40.0,38.4,13,84.6,71.7,15,2,13.3,0,6.7,256,348,73.6,4508,1577,116,130,89.2,107,133,80.5,23,59,39.0,2,1.5,1.0,11,21,7,2,22,348,301,44,13,0,2,12,13,4,2,2,0,256,3,11,24,21,1,1,1,0,0,5,4,0,0,1,0,0,12,6,4,4,4,7,11,63.6,4,9,3,6,14,26,15,1,43.0,442,48,141,180,126,15,441,17,12,70.6,5,29.4,275,1522,796,16,13,4,11,10,251,22,0,0,0,12,11,3,12,14,6,0,0,0,46,12,16,42.9,15,1,6.7,0.0,0.0,16.4,1,0,0,1.2,1.2,0.08,-1.2,-1.2,7,3,57.1,0.0,3.0,-1.0,1.0,1.0,0.0,0.0,4,7,57.1,29,6,24.1,30.4,6,0.0,24.8,8,0,0.0,0,,374,459,81.5,7682,2739,119,137,86.9,195,218,89.4,53,84,63.1,0,0.7,0.7,10,27,12,5,33,459,415,43,14,0,6,18,14,4,2,1,0,374,1,8,26,18,2,1,3,2,0,0,0,0,0,0,0,0,15,7,10,5,0,5,17,29.4,12,13,2,11,8,23,6,0,57.0,568,52,187,287,95,21,568,14,4,28.6,7,50.0,276,1485,894,8,7,0,19,5,373,33,2,0,0,13,11,1,18,8,7,0,1,0,44,16,12,57.1
2022-08-23,19:05,Liga MX,Apertura 2022 Regular Season,Tue,Home,W,1,0,Guadalajara,Monterrey,1.3,1.1,47,34279.0,Jesús Sánchez García,4-2-3-1,Luis Santander,11,3,27.3,0.09,0.33,16.7,0,0,0,1.3,1.3,0.12,-0.3,-0.3,7,7,100.0,1.0,1.2,1.2,0.0,0.0,0.0,0.0,3,16,18.8,21,4,57.1,45.1,5,80.0,62.2,23,1,4.3,0,5.5,329,421,78.1,6550,2240,114,133,85.7,168,196,85.7,43,78,55.1,1,1.3,1.0,10,35,7,1,48,421,383,35,11,1,7,15,13,5,1,3,0,329,3,3,21,14,3,0,1,2,1,2,2,0,0,0,0,0,18,10,8,10,0,10,20,50.0,10,10,2,8,7,25,31,0,47.0,544,64,171,267,116,21,544,16,4,25.0,9,56.3,276,1821,964,14,14,4,16,4,324,47,1,0,0,9,7,3,15,7,10,0,0,0,54,16,15,51.6,14,7,50.0,0.0,0.0,16.8,0,0,0,1.1,1.1,0.08,-1.1,-1.1,3,2,66.7,0.0,1.1,0.1,0.0,0.0,0.0,0.0,1,11,9.1,35,2,28.6,31.6,10,10.0,22.1,13,0,0.0,0,7.3,360,468,76.9,6462,2740,177,201,88.1,137,163,84.0,43,80,53.8,0,1.1,1.2,13,29,11,4,39,468,408,58,12,0,4,30,25,9,2,6,0,360,2,13,25,19,3,2,1,0,0,0,0,0,0,0,0,0,13,8,7,6,0,9,13,69.2,4,5,3,2,8,21,10,0,53.0,569,53,159,254,164,26,569,22,10,45.5,10,45.5,305,1891,911,24,25,2,14,8,353,38,2,0,0,9,9,2,30,8,8,0,0,0,42,15,16,48.4
2022-08-27,21:05,Liga MX,Apertura 2022 Regular Season,Sat,Home,W,3,1,Guadalajara,UNAM,1.3,0.8,50,35828.0,Jesús Sánchez García,4-2-3-1,Diego Montaño,12,6,50.0,0.17,0.33,20.2,1,0,0,1.3,1.3,0.11,0.7,0.7,4,3,75.0,0.0,0.6,-0.4,0.0,0.0,0.0,0.0,5,21,23.8,25,6,60.0,46.3,8,75.0,65.3,10,0,0.0,0,12.0,364,464,78.4,6777,2467,153,178,86.0,155,170,91.2,44,82,53.7,1,0.9,0.8,7,29,5,1,35,464,426,35,8,1,8,9,12,5,4,0,0,364,3,8,20,12,1,3,2,2,0,4,1,1,0,0,2,0,25,13,13,12,0,14,19,73.7,5,8,3,5,6,31,18,0,50.0,604,64,190,323,94,18,604,25,12,48.0,10,40.0,302,1529,753,13,6,6,18,11,362,34,2,0,0,14,9,3,9,6,13,0,0,0,65,15,20,42.9,13,4,30.8,0.08,0.25,23.5,2,0,0,0.8,0.8,0.06,0.2,0.2,6,4,50.0,0.0,2.1,0.1,0.0,0.0,0.0,0.0,5,11,45.5,15,5,33.3,32.5,7,85.7,61.9,6,0,0.0,0,3.0,353,469,75.3,6922,2686,139,160,86.9,164,206,79.6,47,86,54.7,1,0.5,0.7,7,28,6,1,43,469,418,51,15,2,6,15,25,0,0,0,0,353,0,6,20,11,2,2,2,3,0,2,2,0,0,0,0,0,21,10,7,12,2,10,22,45.5,12,9,2,7,14,35,4,0,50.0,591,35,134,355,106,26,591,21,5,23.8,14,66.7,317,1642,827,15,12,7,14,11,350,43,2,0,0,9,13,0,15,14,10,0,0,1,62,20,15,57.1
2022-09-04,17:30,Liga MX,Apertura 2022 Regular Season,Sun,Away,D,0,0,Guadalajara,Toluca,0.8,0.7,35,27273.0,Jesús Sánchez García,4-2-3-1,César Arturo Ramos,11,5,45.5,0.0,0.0,19.9,0,0,0,0.8,0.8,0.07,-0.8,-0.8,3,3,100.0,1.0,0.4,0.4,0.0,0.0,0.0,0.0,1,12,8.3,15,5,46.7,43.3,8,62.5,50.4,16,1,6.3,0,3.0,270,357,75.6,4892,2010,113,134,84.3,115,134,85.8,31,62,50.0,0,0.8,0.7,10,16,7,3,23,357,312,43,11,0,4,15,18,5,0,5,0,270,2,2,20,16,2,1,1,0,0,0,0,0,0,0,0,0,19,14,10,7,2,4,11,36.4,7,9,3,6,12,31,15,0,35.0,464,54,151,225,95,13,464,15,4,26.7,9,60.0,241,1501,747,18,12,1,12,8,266,23,5,0,0,8,10,2,15,12,14,0,0,0,48,5,9,35.7,10,3,30.0,0.0,0.0,20.8,2,0,0,0.7,0.7,0.07,-0.7,-0.7,5,5,100.0,1.0,0.9,0.9,0.0,0.0,0.0,0.0,8,15,53.3,29,4,48.3,43.2,11,9.1,28.8,12,0,0.0,0,11.5,572,672,85.1,11463,3777,212,238,89.1,269,295,91.2,86,128,67.2,0,0.3,0.6,7,56,7,0,39,672,634,37,8,0,9,19,10,7,2,3,0,572,1,6,20,16,2,0,0,2,0,0,0,0,0,0,0,0,17,12,5,10,2,9,13,69.2,4,3,1,2,9,26,9,0,65.0,756,56,210,407,146,13,756,13,7,53.8,4,30.8,410,1705,902,16,13,3,8,15,567,38,2,0,0,10,8,1,19,9,12,0,0,0,50,9,5,64.3
2022-09-07,19:05,Liga MX,Apertura 2022 Regular Season,Wed,Away,W,2,1,Guadalajara,Tijuana,0.6,1.5,48,28333.0,Fernando Beltrán,4-2-3-1,Guillermo Pacheco,10,4,40.0,0.2,0.5,18.9,0,0,0,0.6,0.6,0.06,1.4,1.4,3,2,66.7,0.0,0.4,-0.6,0.0,0.0,0.0,0.0,3,13,23.1,14,5,42.9,39.3,11,63.6,53.5,16,1,6.3,0,7.0,287,387,74.2,5541,2506,126,149,84.6,111,139,79.9,48,90,53.3,2,0.6,1.1,8,37,10,0,34,387,346,40,9,0,2,13,15,3,0,3,0,287,1,2,15,13,1,0,0,1,0,4,3,0,0,0,1,0,19,14,12,5,2,3,8,37.5,5,10,5,5,9,28,19,0,48.0,514,61,198,195,128,21,514,19,8,42.1,10,52.6,226,1450,643,9,12,4,24,14,279,33,4,0,0,13,6,1,13,9,14,0,0,0,56,19,19,50.0,14,3,21.4,0.07,0.33,15.6,0,0,0,1.5,1.5,0.11,-0.5,-0.5,4,2,50.0,0.0,1.4,-0.6,0.0,0.0,0.0,0.0,3,4,75.0,17,3,23.5,27.9,8,0.0,17.1,10,0,0.0,0,,293,416,70.4,5598,2404,111,145,76.6,137,169,81.1,39,80,48.8,1,1.4,1.8,9,30,14,3,50,416,362,53,14,0,2,19,22,6,2,3,0,293,1,6,19,10,3,2,4,0,0,1,1,0,0,0,0,0,24,12,10,7,7,10,18,55.6,8,3,1,2,7,31,13,0,52.0,515,40,144,239,136,21,515,10,5,50.0,3,30.0,239,1363,767,13,8,1,13,16,287,49,3,0,0,8,10,1,19,7,12,0,0,0,47,19,19,50.0
2022-09-10,21:05,Liga MX,Apertura 2022 Regular Season,Sat,Home,W,1,0,Guadalajara,Puebla,0.8,0.4,53,24633.0,Jesús Sánchez García,4-4-2,Daniel Quintero,15,4,26.7,0.07,0.25,19.5,1,0,0,0.8,0.8,0.06,0.2,0.2,2,2,100.0,1.0,0.1,0.1,0.0,0.0,0.0,0.0,6,11,54.5,13,3,30.8,34.5,15,46.7,44.2,13,1,7.7,0,12.0,378,467,80.9,7823,2828,142,163,87.1,166,194,85.6,68,98,69.4,1,0.7,0.7,12,35,7,0,35,467,422,45,11,0,3,9,16,2,0,1,0,378,0,5,27,20,1,2,1,2,1,2,1,0,1,0,0,0,16,9,5,8,3,5,12,41.7,7,3,2,1,7,23,19,0,53.0,568,59,163,288,120,17,568,17,5,29.4,9,52.9,254,1544,873,19,11,5,19,3,373,35,0,0,0,11,10,0,9,7,9,0,0,0,49,10,11,47.6,8,2,25.0,0.0,0.0,19.3,0,0,0,0.4,0.4,0.06,-0.4,-0.4,4,3,75.0,0.0,0.8,-0.2,0.0,0.0,0.0,0.0,4,6,66.7,7,2,28.6,29.1,9,44.4,34.8,8,0,0.0,0,,326,413,78.9,5956,2325,130,154,84.4,143,169,84.6,40,65,61.5,0,0.4,0.7,7,19,6,3,21,413,369,43,10,1,2,16,16,6,4,2,0,326,1,2,14,12,1,1,0,0,0,0,0,0,0,0,0,0,12,6,6,6,0,9,14,64.3,5,12,7,5,14,26,9,0,47.0,509,44,152,255,109,11,509,17,7,41.2,5,29.4,247,1607,852,19,15,2,15,11,319,21,4,0,0,11,9,1,16,14,6,0,0,0,53,11,10,52.4
2022-09-13,21:05,Liga MX,Apertura 2022 Regular Season,Tue,Home,L,1,4,Guadalajara,UANL,1.6,1.8,58,30064.0,Fernando Beltrán,4-2-3-1,Fernando Guerrero,23,8,34.8,0.04,0.13,20.2,3,0,0,1.6,1.6,0.07,-0.6,-0.6,11,7,63.6,0.0,3.2,-0.8,0.0,0.0,0.0,0.0,3,7,42.9,10,3,50.0,39.3,4,50.0,39.5,13,0,0.0,0,6.8,443,528,83.9,8670,3064,170,192,88.5,203,228,89.0,63,89,70.8,1,1.4,1.1,16,56,11,3,56,528,479,49,8,0,9,30,22,10,7,3,0,443,0,9,43,28,4,2,5,4,0,2,2,0,0,0,0,0,14,10,7,7,0,7,11,63.6,4,11,2,9,11,25,18,2,58.0,650,53,146,308,209,26,650,34,20,58.8,8,23.5,382,2323,1185,29,19,6,16,12,440,55,0,0,0,6,9,0,30,11,10,0,0,0,52,7,6,53.8,16,11,68.8,0.25,0.36,13.6,0,0,0,1.8,1.8,0.15,2.2,2.2,8,7,87.5,0.0,1.8,0.8,0.0,0.0,0.0,0.0,3,7,42.9,25,5,24.0,31.5,12,8.3,26.3,25,1,4.0,0,7.0,309,386,80.1,5812,2435,121,136,89.0,139,159,87.4,41,67,61.2,2,0.7,2.1,10,16,8,2,27,386,349,36,6,1,4,14,8,8,5,0,0,309,1,10,28,19,4,0,5,0,0,7,6,0,0,1,0,0,20,13,10,10,0,8,28,28.6,20,14,6,8,18,38,23,0,42.0,522,79,218,222,87,27,522,13,4,30.8,7,53.8,254,1449,835,20,6,5,14,7,307,26,3,0,0,10,5,1,14,18,13,0,0,0,53,6,7,46.2
2022-09-17,20:00,Liga MX,Apertura 2022 Regular Season,Sat,Away,L,1,2,Guadalajara,América,1.3,2.1,54,65461.0,Jesús Sánchez García,4-2-3-1,Adonai Escobedo,17,3,17.6,0.06,0.33,18.3,1,0,0,1.3,1.3,0.08,-0.3,-0.3,5,3,80.0,0.0,1.9,-0.1,1.0,1.0,0.0,0.0,3,6,50.0,16,3,12.5,25.2,5,80.0,61.2,9,1,11.1,1,18.0,369,433,85.2,6785,2776,167,183,91.3,142,161,88.2,51,74,68.9,0,0.7,0.9,11,33,7,3,41,433,384,49,11,1,5,21,24,6,4,1,0,369,0,5,28,14,4,4,3,3,0,1,0,0,0,0,1,0,13,6,6,5,2,8,15,53.3,7,11,2,9,16,29,15,0,54.0,559,44,157,287,121,23,559,21,11,52.4,7,33.3,308,2046,966,18,12,8,24,15,365,40,2,1,0,11,12,0,21,16,6,0,1,0,54,14,17,45.2,10,4,40.0,0.1,0.25,17.3,0,1,1,2.1,1.3,0.14,-0.1,-0.3,3,2,66.7,0.0,1.0,0.0,0.0,0.0,0.0,0.0,9,16,56.3,16,2,43.8,39.5,12,75.0,54.8,14,0,0.0,0,13.0,287,376,76.3,5622,2387,111,137,81.0,137,158,86.7,37,69,53.6,1,1.3,0.9,8,32,7,1,35,376,327,48,10,2,2,13,21,3,2,1,0,287,1,9,18,15,1,0,1,1,0,4,2,1,0,0,1,0,22,15,9,10,3,7,18,38.9,11,7,3,4,8,30,22,0,46.0,479,54,154,218,112,15,478,15,7,46.7,8,53.3,191,1355,846,15,12,2,14,5,284,35,1,0,0,12,10,1,13,8,15,1,0,0,45,17,14,54.8
2022-10-01,21:05,Liga MX,Apertura 2022 Regular Season,Sat,Away,L,1,2,Guadalajara,Cruz Azul,0.6,0.9,48,35378.0,Jesús Sánchez García,4-3-3,César Arturo Ramos,14,3,21.4,0.07,0.33,20.3,1,0,0,0.6,0.6,0.04,0.4,0.4,4,2,50.0,0.0,1.3,-0.7,0.0,0.0,0.0,0.0,1,8,12.5,17,6,29.4,30.5,7,42.9,44.6,15,1,6.7,0,8.5,389,482,80.7,7324,2442,149,174,85.6,198,224,88.4,37,66,56.1,1,0.4,0.6,8,33,8,2,40,482,435,46,11,1,7,20,20,5,2,3,0,389,1,6,23,17,1,0,2,2,1,2,1,0,0,1,0,0,8,5,4,3,1,6,9,66.7,3,6,1,5,9,17,7,0,48.0,568,44,156,278,146,17,568,17,9,52.9,6,35.3,255,1852,1059,17,23,2,16,10,382,39,1,0,0,9,11,1,20,9,5,0,0,0,58,8,15,34.8,12,4,33.3,0.17,0.5,20.6,1,0,0,0.9,0.9,0.08,1.1,1.1,3,2,66.7,0.0,0.7,-0.3,0.0,0.0,0.0,0.0,3,4,75.0,15,4,20.0,26.9,7,14.3,24.3,13,0,0.0,0,12.8,442,515,85.8,8244,2824,193,212,91.0,193,214,90.2,50,74,67.6,2,0.8,0.9,9,33,12,5,49,515,481,34,9,0,11,20,14,2,1,1,0,442,0,5,21,18,1,0,0,2,0,4,4,0,0,0,0,0,16,12,10,4,2,6,15,40.0,9,9,5,4,10,26,20,0,52.0,623,53,232,283,114,20,623,13,3,23.1,6,46.2,343,2130,1186,15,17,3,14,2,437,49,2,0,0,12,9,0,20,10,12,0,0,0,61,15,8,65.2
2022-10-09,16:30,Liga MX,Reclassification,Sun,Away,D,1 (4),1 (5),Guadalajara,Puebla,1.5,0.9,49,43135.0,Jesús Sánchez García,4-4-2,Luis Santander,22,7,31.8,0.05,0.14,19.8,0,0,0,1.5,1.5,0.07,-0.5,-0.5,2,1,50.0,0.0,0.2,-0.8,0.0,0.0,0.0,0.0,3,8,37.5,19,4,21.1,30.1,10,40.0,42.4,11,0,0.0,0,9.0,334,409,81.7,6074,2534,150,170,88.2,141,167,84.4,34,54,63.0,1,1.1,1.0,18,28,9,3,46,409,371,37,10,1,1,13,13,2,1,0,0,334,1,3,35,30,1,0,4,0,0,2,2,0,0,0,0,0,15,11,9,5,1,8,16,50.0,8,10,4,6,13,28,19,0,49.0,532,59,144,241,156,26,532,25,13,52.0,12,48.0,319,1825,958,19,19,4,22,7,330,46,2,0,0,15,7,1,13,13,11,0,0,0,49,15,14,51.7,14,2,14.3,0.07,0.5,18.5,2,0,0,0.9,0.9,0.06,0.1,0.1,7,6,85.7,0.0,1.3,0.3,0.0,0.0,0.0,0.0,8,15,53.3,19,3,42.1,38.0,10,70.0,51.9,9,0,0.0,0,2.0,341,427,79.9,6801,2648,120,141,85.1,168,189,88.9,45,74,60.8,1,0.8,1.1,11,34,6,1,40,427,376,48,13,1,3,14,19,4,3,1,0,341,3,5,26,12,6,2,1,4,1,2,1,0,0,0,1,0,19,9,11,8,0,12,25,48.0,13,9,8,1,8,27,26,0,51.0,553,68,169,280,106,18,553,19,8,42.1,8,42.1,295,1402,733,9,6,3,14,7,334,40,1,0,0,7,14,3,14,8,9,0,0,0,50,14,15,48.3
2023-01-07,21:10,Liga MX,Clausura 2023 Regular Season,Sat,Away,W,1,0,Guadalajara,Monterrey,0.4,2.2,37,44498.0,Jesús Sánchez García,4-3-3,Adonai Escobedo,6,2,33.3,0.17,0.5,17.4,0,0,0,0.4,0.4,0.07,0.6,0.6,8,8,100.0,1.0,1.1,1.1,1.0,0.0,0.0,1.0,11,28,39.3,25,3,56.0,42.7,16,87.5,60.4,18,0,0.0,2,15.3,188,280,67.1,3951,1844,74,85,87.1,74,109,67.9,35,75,46.7,1,0.3,0.6,3,18,4,0,21,280,226,54,21,3,3,6,15,1,1,0,0,188,0,6,11,7,1,1,1,1,0,2,2,0,0,0,0,0,17,12,13,4,0,5,14,35.7,9,10,4,6,10,27,29,0,37.0,410,78,198,158,57,11,410,21,9,42.9,9,42.9,204,1056,501,10,6,1,19,5,185,21,3,1,1,13,14,0,6,10,12,0,1,0,49,10,22,31.3,23,8,34.8,0.0,0.0,18.9,2,0,1,2.2,1.4,0.06,-2.2,-1.4,2,1,50.0,0.0,0.3,-0.7,0.0,0.0,0.0,0.0,4,8,50.0,21,5,28.6,32.9,8,25.0,25.1,5,1,20.0,3,17.6,373,479,77.9,7117,2649,159,185,85.9,159,192,82.8,49,78,62.8,0,1.1,1.2,16,43,9,4,52,479,418,55,10,3,4,22,26,9,2,6,0,373,6,8,40,27,6,1,2,3,1,0,0,0,0,0,0,0,14,8,9,5,0,9,18,50.0,9,7,1,6,9,23,8,0,63.0,580,39,107,287,190,31,579,15,9,60.0,5,33.3,304,1702,924,20,11,5,17,12,365,50,2,0,0,15,10,6,22,9,8,1,0,0,54,22,10,68.8
2023-01-13,19:05,Liga MX,Clausura 2023 Regular Season,Fri,Away,D,0,0,Guadalajara,Atlético,0.5,0.5,69,22117.0,Jesús Sánchez García,4-3-3,Daniel Quintero,13,5,38.5,0.0,0.0,22.5,1,0,0,0.5,0.5,0.04,-0.5,-0.5,1,1,100.0,1.0,0.0,0.0,0.0,0.0,0.0,0.0,2,5,40.0,19,2,26.3,33.9,4,0.0,20.8,7,0,0.0,2,20.0,498,606,82.2,9747,3028,175,198,88.4,255,287,88.9,63,94,67.0,0,0.5,1.0,11,55,12,3,73,606,550,52,13,3,4,38,25,9,4,3,0,498,4,15,26,21,3,0,0,2,0,0,0,0,0,0,0,0,16,10,5,9,2,5,6,83.3,1,12,0,12,8,24,12,0,69.0,724,32,148,334,249,28,724,32,8,25.0,17,53.1,342,2102,1140,27,17,6,11,12,491,71,1,0,0,9,12,4,38,8,10,0,0,0,53,13,12,52.0,4,1,25.0,0.0,0.0,13.7,0,0,0,0.5,0.5,0.14,-0.5,-0.5,5,5,100.0,1.0,0.6,0.6,0.0,0.0,0.0,0.0,7,20,35.0,11,0,90.9,50.7,12,83.3,54.8,30,0,0.0,0,,177,276,64.1,3434,1677,81,101,80.2,69,94,73.4,25,66,37.9,0,0.5,0.3,3,16,1,1,16,276,225,51,13,0,6,11,23,2,0,2,0,177,0,11,5,4,1,0,0,0,0,0,0,0,0,0,0,0,29,13,18,8,3,17,25,68.0,8,14,4,10,11,40,37,0,31.0,406,70,183,159,69,5,406,8,1,12.5,5,62.5,173,844,305,1,4,0,14,11,174,16,3,1,1,14,8,0,11,11,13,0,0,0,43,12,13,48.0
2023-01-21,21:10,Liga MX,Clausura 2023 Regular Season,Sat,Home,L,1,2,Guadalajara,Toluca,1.1,1.5,46,31398.0,Víctor Guzmán,4-3-3,Marco Ortíz,13,2,15.4,0.0,0.0,16.6,0,0,0,1.1,1.1,0.09,-1.1,-1.1,4,2,50.0,0.0,2.6,0.6,0.0,0.0,0.0,0.0,7,17,41.2,19,3,42.1,39.5,11,81.8,62.9,11,0,0.0,1,14.5,357,477,74.8,6309,2580,165,189,87.3,139,176,79.0,40,81,49.4,0,0.9,1.3,10,36,10,4,46,477,418,58,14,2,4,23,24,6,4,0,0,357,1,8,24,17,4,1,2,0,0,0,0,0,0,0,0,0,22,11,12,8,2,8,17,47.1,9,18,3,15,14,36,9,0,46.0,602,50,141,312,155,21,602,16,10,62.5,5,31.3,360,2060,1099,23,16,4,17,5,355,45,0,0,0,11,11,1,23,14,11,0,0,0,58,15,18,45.5,13,4,30.8,0.15,0.5,18.2,0,0,0,1.5,1.5,0.11,0.5,0.5,2,2,50.0,0.0,0.5,0.5,0.0,0.0,0.0,0.0,9,24,37.5,31,0,48.4,40.3,18,50.0,42.5,19,0,0.0,0,8.0,452,570,79.3,8907,3215,179,202,88.6,212,236,89.8,59,106,55.7,2,1.4,1.7,10,34,8,4,35,570,499,69,11,2,5,13,34,4,3,0,0,452,2,15,25,19,2,1,2,1,0,4,4,0,0,0,0,0,10,4,5,3,2,5,15,33.3,10,9,2,7,14,24,22,0,54.0,683,75,246,313,133,17,683,19,9,47.4,8,42.1,394,1695,807,19,13,4,19,14,450,34,1,0,0,12,11,2,13,14,4,0,0,1,45,18,15,54.5
2023-01-28,20:05,Liga MX,Clausura 2023 Regular Season,Sat,Away,W,2,1,Guadalajara,FC Juárez,1.9,1.6,35,17009.0,Víctor Guzmán,4-3-3,César Arturo Ramos,6,1,16.7,0.17,1.0,17.8,0,1,1,1.9,1.1,0.19,0.1,-0.1,5,4,80.0,0.0,1.9,0.9,0.0,0.0,0.0,0.0,5,15,33.3,6,1,33.3,36.8,15,86.7,57.4,31,1,3.2,2,11.3,231,332,69.6,4054,1738,116,137,84.7,82,105,78.1,26,62,41.9,0,0.2,0.2,4,25,7,1,28,332,282,49,5,0,2,7,25,2,0,1,0,231,1,12,11,7,1,1,1,0,1,2,1,0,0,1,0,0,20,14,6,12,2,9,15,60.0,6,18,9,9,7,27,38,1,35.0,472,67,168,215,91,12,471,11,7,63.6,3,27.3,163,963,455,12,9,1,19,11,229,28,0,0,0,10,4,1,7,7,14,0,0,0,59,12,10,54.5,27,5,18.5,0.04,0.2,21.2,2,0,0,1.6,1.6,0.06,-0.6,-0.6,2,0,50.0,0.0,2.0,0.0,1.0,1.0,0.0,0.0,2,7,28.6,29,4,20.7,26.7,8,12.5,31.6,6,0,0.0,0,14.0,510,624,81.7,10380,3189,180,199,90.5,232,262,88.5,90,136,66.2,1,1.2,1.2,14,39,9,5,49,624,571,52,9,0,14,38,23,9,4,5,0,510,1,13,46,32,4,2,5,3,0,2,1,1,0,0,0,0,14,10,7,6,1,3,10,30.0,7,10,0,10,7,21,10,0,65.0,741,45,197,358,192,24,741,17,6,35.3,9,52.9,389,2279,1057,15,15,2,21,11,502,48,0,0,0,5,10,1,38,7,10,0,1,0,69,10,12,45.5
2023-02-05,17:05,Liga MX,Clausura 2023 Regular Season,Sun,Home,D,1,1,Guadalajara,Querétaro,1.2,0.7,58,26686.0,Víctor Guzmán,4-3-3,Edgar Morales,18,4,22.2,0.06,0.25,20.6,1,0,0,1.2,1.2,0.07,-0.2,-0.2,1,0,0.0,0.0,0.3,-0.7,0.0,0.0,0.0,0.0,1,9,11.1,18,3,38.9,35.4,9,22.2,33.8,11,0,0.0,0,3.5,402,508,79.1,6877,2738,198,229,86.5,159,186,85.5,36,78,46.2,1,1.0,0.6,12,28,8,1,51,508,451,57,20,1,6,30,19,7,3,3,0,402,0,6,30,17,6,2,2,3,0,2,1,1,0,0,0,0,13,9,7,6,0,11,13,84.6,2,8,1,7,6,19,10,1,58.0,616,41,178,304,141,19,616,33,15,45.5,15,45.5,372,2218,1044,24,18,3,20,6,401,51,1,0,0,14,19,0,30,6,9,0,0,0,61,13,32,28.9,8,1,12.5,0.13,1.0,19.5,1,0,0,0.7,0.7,0.09,0.3,0.3,4,3,75.0,0.0,1.3,0.3,0.0,0.0,0.0,0.0,12,25,48.0,22,5,63.6,47.7,14,78.6,58.7,21,3,14.3,0,5.5,257,366,70.2,5783,2784,84,103,81.6,117,154,76.0,55,94,58.5,0,0.6,0.2,5,20,3,2,23,366,309,55,12,0,6,15,24,3,2,1,0,257,2,8,13,9,1,0,0,1,2,2,1,0,0,0,1,0,21,12,10,9,2,15,30,50.0,15,8,4,4,8,29,28,0,42.0,489,66,170,246,77,9,489,18,2,11.1,11,61.1,203,1137,484,6,9,2,16,2,256,22,2,0,0,19,14,2,15,8,12,0,0,0,53,32,13,71.1
2023-02-11,21:05,Liga MX,Clausura 2023 Regular Season,Sat,Away,D,1,1,Guadalajara,Pachuca,1.3,1.1,48,13681.0,Víctor Guzmán,4-2-3-1,Adonai Escobedo,17,9,52.9,0.06,0.11,20.9,0,0,0,1.3,1.3,0.08,-0.3,-0.3,4,3,75.0,0.0,0.5,-0.5,0.0,0.0,0.0,0.0,7,19,36.8,20,2,40.0,39.6,13,84.6,55.8,15,1,6.7,0,10.0,293,418,70.1,5459,2351,125,144,86.8,122,159,76.7,37,89,41.6,1,0.8,0.9,14,32,5,2,31,418,353,64,14,1,3,28,30,5,1,4,0,293,1,13,28,24,1,1,2,0,0,2,2,0,0,0,0,0,31,17,15,15,1,19,38,50.0,19,13,2,11,8,39,28,0,48.0,593,60,171,270,161,21,593,18,8,44.4,8,44.4,270,1595,768,24,20,6,31,10,286,31,0,0,0,10,12,1,28,8,17,0,0,0,73,17,16,51.5,14,4,28.6,0.07,0.25,19.6,0,0,0,1.1,1.1,0.08,-0.1,-0.1,9,8,88.9,0.0,2.3,1.3,0.0,0.0,0.0,0.0,16,24,66.7,31,8,54.8,42.4,12,58.3,47.9,18,2,11.1,3,16.9,340,460,73.9,7234,3435,120,156,76.9,150,178,84.3,60,102,58.8,1,0.9,0.6,10,36,5,4,31,460,395,63,12,2,6,19,34,3,1,0,0,340,2,11,22,12,4,5,0,1,0,2,1,0,1,0,0,0,18,12,8,9,1,8,16,50.0,8,12,2,10,23,41,22,0,52.0,635,66,193,306,143,18,635,42,19,45.2,19,45.2,370,2524,1004,18,16,4,31,12,338,31,3,0,0,12,10,2,19,23,12,0,0,0,66,16,17,48.5
2023-02-15,19:05,Liga MX,Clausura 2023 Regular Season,Wed,Home,W,2,1,Guadalajara,Tijuana,2.2,1.0,57,19078.0,Jesús Sánchez García,4-1-4-1,Diego Montaño,11,0,0.0,0.0,,25.1,0,2,2,2.2,0.7,0.07,-0.2,-0.7,3,2,66.7,0.0,0.3,-0.7,0.0,0.0,0.0,0.0,4,10,40.0,16,5,25.0,30.3,10,60.0,51.9,12,0,0.0,2,15.0,441,569,77.5,8599,2665,167,198,84.3,218,263,82.9,50,84,59.5,0,0.5,0.6,8,41,6,1,49,569,516,53,5,1,11,29,26,10,2,8,0,441,0,12,22,17,1,1,1,2,0,2,0,0,0,1,1,0,6,4,2,4,0,4,16,25.0,12,9,2,7,10,16,21,0,57.0,676,47,161,376,149,18,674,21,15,71.4,5,23.8,490,2690,1441,26,24,3,16,10,432,48,0,0,0,10,6,0,29,10,4,1,0,0,63,15,26,36.6,13,3,23.1,0.08,0.33,21.4,1,0,0,1.0,1.0,0.08,0.0,0.0,2,0,100.0,0.0,1.9,-0.1,2.0,2.0,0.0,0.0,7,20,35.0,29,5,48.3,35.4,8,75.0,54.1,23,0,0.0,1,22.0,323,437,73.9,5611,1989,140,165,84.8,143,175,81.7,28,71,39.4,0,0.7,0.6,8,21,6,3,22,437,390,46,9,0,2,16,23,3,0,1,0,323,1,8,21,16,0,0,2,2,1,1,0,0,0,1,0,0,15,10,6,7,2,5,20,25.0,15,15,4,11,11,26,31,0,43.0,569,75,228,258,98,12,569,19,12,63.2,4,21.1,332,1879,987,19,18,2,22,2,320,22,2,0,0,7,9,1,16,11,10,0,2,0,63,26,15,63.4
2023-02-18,21:05,Liga MX,Clausura 2023 Regular Season,Sat,Away,W,2,1,Guadalajara,UNAM,0.8,2.7,41,42823.0,Víctor Guzmán,4-3-3,Marco Ortíz,10,3,30.0,0.2,0.67,20.9,0,0,0,0.8,0.8,0.08,1.2,1.2,5,4,80.0,0.0,1.9,0.9,0.0,0.0,0.0,0.0,6,20,30.0,26,6,23.1,30.5,19,73.7,59.1,32,4,12.5,0,8.8,282,401,70.3,5377,2512,128,149,85.9,112,137,81.8,39,94,41.5,2,0.8,0.8,10,20,2,1,18,401,334,66,18,0,5,18,20,7,4,2,0,282,1,14,19,14,4,1,0,0,0,3,2,1,0,0,0,0,27,19,15,11,1,17,27,63.0,10,10,5,5,7,34,35,0,41.0,542,91,213,253,87,11,542,17,9,52.9,5,29.4,229,1680,822,20,14,4,25,5,279,18,4,0,0,6,16,1,18,7,19,0,0,0,64,13,27,32.5,25,5,20.0,0.04,0.2,19.1,0,0,0,2.7,2.7,0.11,-1.7,-1.7,3,1,33.3,0.0,1.6,-0.4,0.0,0.0,0.0,0.0,5,10,50.0,31,11,25.8,30.9,9,22.2,24.0,15,0,0.0,2,17.3,460,574,80.1,9611,3703,158,177,89.3,214,244,87.7,87,143,60.8,1,2.1,1.3,20,53,14,7,42,574,514,59,7,2,3,37,35,5,1,3,0,460,1,7,39,28,6,3,1,1,0,2,2,0,0,0,0,0,10,5,3,5,2,5,14,35.7,9,16,1,15,7,17,10,0,59.0,698,59,186,357,158,31,698,27,10,37.0,17,63.0,397,2251,1258,24,16,1,18,10,456,42,3,1,0,17,6,1,37,7,5,0,0,0,61,27,13,67.5
2023-02-25,19:05,Liga MX,Clausura 2023 Regular Season,Sat,Away,W,2,1,Guadalajara,UANL,0.9,1.8,34,41615.0,Víctor Guzmán,4-3-3,Daniel Quintero,7,4,57.1,0.29,0.5,15.9,0,0,0,0.9,0.9,0.15,1.1,1.1,3,2,100.0,0.0,0.9,-0.1,1.0,1.0,0.0,0.0,7,20,35.0,17,4,52.9,42.8,16,68.8,55.5,29,1,3.4,0,3.0,210,314,66.9,4235,2018,85,100,85.0,88,117,75.2,34,80,42.5,2,0.8,0.5,6,20,2,0,22,314,254,60,14,0,5,8,25,3,2,1,0,210,0,10,10,6,2,0,1,1,0,4,3,1,0,0,0,0,27,12,19,8,0,17,28,60.7,11,9,3,6,12,39,22,0,34.0,463,81,204,192,70,6,463,13,4,30.8,6,46.2,188,967,384,4,4,1,32,13,210,22,6,0,0,18,11,0,8,12,12,0,1,0,56,14,21,40.0,19,2,10.5,0.0,0.0,18.5,1,1,1,1.8,1.1,0.06,-0.8,-1.1,4,2,50.0,0.0,2.6,0.6,0.0,0.0,0.0,0.0,4,9,44.4,25,0,32.0,30.4,6,16.7,27.5,7,1,14.3,0,12.0,510,618,82.5,10128,3562,177,208,85.1,252,288,87.5,73,100,73.0,0,0.9,1.2,14,57,15,8,63,618,551,63,16,1,2,39,29,9,2,4,0,510,4,8,35,23,6,2,2,2,0,1,0,0,0,1,0,0,19,9,5,9,5,6,10,60.0,4,10,1,9,7,26,7,0,66.0,749,36,147,381,227,27,748,31,11,35.5,17,54.8,420,2149,1074,21,17,2,27,10,507,61,2,0,0,11,14,4,39,7,9,0,0,0,66,21,14,60.0
2023-03-04,21:05,Liga MX,Clausura 2023 Regular Season,Sat,Home,W,2,0,Guadalajara,Santos,1.1,0.8,42,35004.0,Víctor Guzmán,4-1-4-1,Victor Caceres,17,7,41.2,0.12,0.29,21.9,1,0,0,1.1,1.1,0.07,0.9,0.9,2,2,100.0,1.0,0.2,0.2,0.0,0.0,0.0,0.0,7,18,38.9,18,1,72.2,48.6,8,62.5,51.5,16,1,6.3,1,11.0,290,384,75.5,5264,2165,138,161,85.7,110,133,82.7,39,75,52.0,1,0.6,0.8,10,30,4,3,30,384,324,60,7,1,2,20,36,8,5,2,0,290,0,11,25,16,4,1,2,1,1,4,4,0,0,0,0,0,19,15,8,10,1,8,20,40.0,12,18,3,15,11,30,18,0,42.0,517,51,161,224,142,19,517,15,7,46.7,7,46.7,278,1632,751,23,14,6,24,8,288,30,2,0,0,13,7,0,20,11,15,0,0,0,56,12,12,50.0,12,2,16.7,0.0,0.0,15.9,0,0,0,0.8,0.8,0.07,-0.8,-0.8,7,5,71.4,0.0,2.0,0.0,0.0,0.0,0.0,0.0,4,7,57.1,20,5,25.0,33.5,8,25.0,34.4,14,0,0.0,0,10.3,438,538,81.4,8983,3077,158,179,88.3,200,223,89.7,74,107,69.2,0,0.6,0.9,8,39,10,3,61,538,476,61,13,0,13,18,30,7,5,1,0,438,1,17,19,14,2,0,3,0,0,0,0,0,0,0,0,0,15,13,6,6,3,7,14,50.0,7,9,1,8,17,32,19,1,58.0,651,56,180,329,147,20,651,20,12,60.0,8,40.0,311,1369,698,12,15,1,20,11,435,61,1,0,0,7,12,1,18,17,13,0,0,0,54,12,12,50.0
2023-03-10,21:05,Liga MX,Clausura 2023 Regular Season,Fri,Away,L,0,1,Guadalajara,Puebla,1.7,1.1,60,30132.0,Víctor Guzmán,4-3-3,Oscar Mejia,19,2,10.5,0.0,0.0,18.5,1,0,0,1.7,1.7,0.09,-1.7,-1.7,2,1,50.0,0.0,0.2,-0.8,0.0,0.0,0.0,0.0,2,6,33.3,29,8,13.8,30.4,8,25.0,34.5,6,0,0.0,4,23.6,451,570,79.1,8459,2909,169,185,91.4,199,234,85.0,64,111,57.7,0,1.6,1.5,17,43,15,7,59,570,501,68,10,0,4,42,41,7,3,1,0,451,1,14,37,28,3,3,0,2,1,0,0,0,0,0,0,0,11,4,2,8,1,4,10,40.0,6,9,0,9,5,16,8,0,60.0,677,43,144,313,227,31,677,29,18,62.1,11,37.9,337,2254,1306,29,21,2,18,7,447,59,1,0,0,8,10,1,42,5,4,0,0,0,57,16,15,51.6,8,2,25.0,0.13,0.5,25.0,1,0,0,1.1,1.1,0.14,-0.1,-0.1,2,2,100.0,1.0,0.2,0.2,0.0,0.0,0.0,0.0,6,16,37.5,21,3,47.6,42.1,17,35.3,27.9,34,1,2.9,0,5.5,266,376,70.7,5347,2499,106,124,85.5,110,137,80.3,42,91,46.2,1,0.3,0.1,5,13,2,1,19,376,329,47,7,0,7,9,20,2,1,0,0,266,0,10,13,10,0,1,1,1,0,1,1,0,0,0,0,0,18,10,13,5,0,11,28,39.3,17,21,9,12,12,30,37,0,40.0,511,93,274,184,60,4,511,10,6,60.0,4,40.0,234,1217,565,8,12,1,16,7,262,19,4,0,0,10,8,0,9,12,10,0,0,0,57,15,16,48.4
2023-03-18,21:10,Liga MX,Clausura 2023 Regular Season,Sat,Home,L,2,4,Guadalajara,América,1.6,1.4,48,38834.0,Víctor Guzmán,4-3-3,Marco Ortíz,21,3,14.3,0.05,0.33,15.3,0,0,0,1.6,1.6,0.08,-0.6,-0.6,7,3,42.9,0.0,3.0,-1.0,0.0,0.0,0.0,0.0,1,7,14.3,24,6,25.0,36.4,8,25.0,40.6,10,0,0.0,0,15.0,320,436,73.4,6030,2448,135,152,88.8,130,163,79.8,45,88,51.1,1,1.5,2.1,16,30,16,9,32,436,379,55,6,3,5,33,27,9,3,5,0,320,2,11,37,30,2,1,3,1,0,2,2,0,0,0,0,0,16,12,5,9,2,7,22,31.8,15,13,5,8,9,25,5,0,48.0,546,42,154,228,170,32,546,29,14,48.3,14,48.3,261,1489,779,14,12,1,11,9,316,32,2,1,0,10,4,2,33,9,12,0,0,0,54,22,23,48.9,18,7,38.9,0.22,0.57,18.5,0,0,0,1.4,1.4,0.08,2.6,2.6,3,2,33.3,0.0,0.9,-0.1,0.0,0.0,0.0,0.0,8,27,29.6,24,2,50.0,43.2,16,93.8,62.3,28,2,7.1,0,9.3,376,478,78.7,7035,2801,160,187,85.6,172,196,87.8,42,81,51.9,3,1.3,1.1,15,37,10,2,46,478,420,56,12,3,5,14,22,3,1,2,0,376,2,8,32,25,2,3,2,0,0,7,5,0,1,1,0,0,23,15,9,14,0,14,28,50.0,14,19,9,10,15,38,25,1,52.0,614,81,203,284,133,28,614,25,15,60.0,7,28.0,324,1647,724,16,11,6,15,9,373,45,3,0,0,4,10,2,14,15,15,0,0,1,46,23,22,51.1
2023-04-01,21:10,Liga MX,Clausura 2023 Regular Season,Sat,Away,D,3,3,Guadalajara,Atlas,1.6,2.2,43,27955.0,Alexis Vega,4-3-3,César Arturo Ramos,19,11,57.9,0.16,0.27,20.2,3,0,0,1.6,1.6,0.09,1.4,1.4,11,8,72.7,0.0,3.5,0.5,0.0,0.0,0.0,0.0,3,10,30.0,15,4,33.3,39.5,10,50.0,47.1,18,0,0.0,1,13.3,275,355,77.5,5578,2155,101,115,87.8,121,140,86.4,48,85,56.5,2,0.9,0.7,11,34,2,0,28,355,308,47,8,1,7,12,23,2,0,2,0,275,0,7,33,19,5,4,2,3,0,4,4,0,0,0,0,0,23,11,12,9,2,16,29,55.2,13,8,4,4,5,28,30,0,43.0,480,65,180,199,108,16,480,24,14,58.3,10,41.7,222,1470,752,18,11,6,15,9,271,27,5,0,0,10,9,0,12,5,11,0,0,0,50,16,21,43.2,22,11,50.0,0.14,0.27,16.2,0,0,0,2.2,2.2,0.11,0.8,0.8,11,8,72.7,0.0,2.8,-0.2,0.0,0.0,0.0,0.0,4,9,44.4,15,4,33.3,36.4,12,33.3,36.6,8,1,12.5,0,9.0,377,468,80.6,7765,3048,135,158,85.4,173,196,88.3,66,106,62.3,2,2.0,1.7,19,40,15,3,47,468,414,53,10,4,6,23,19,8,2,5,0,377,1,5,40,30,4,2,4,0,0,4,1,1,0,2,0,0,19,13,13,3,3,10,24,41.7,14,6,1,5,13,32,13,0,57.0,601,54,178,283,147,39,601,30,13,43.3,16,53.3,381,1637,873,17,10,5,20,7,372,46,7,0,0,10,9,1,23,13,13,0,0,0,46,21,16,56.8
2023-04-08,18:00,Liga MX,Clausura 2023 Regular Season,Sat,Home,W,1,0,Guadalajara,Necaxa,1.6,0.9,57,35000.0,Víctor Guzmán,4-2-3-1,Brian Gonzalez,17,5,29.4,0.06,0.2,21.0,0,0,0,1.6,1.6,0.09,-0.6,-0.6,3,3,100.0,1.0,0.5,0.5,0.0,0.0,0.0,0.0,3,11,27.3,16,4,37.5,37.3,11,45.5,42.9,12,0,0.0,0,12.0,378,489,77.3,6706,2556,181,209,86.6,150,171,87.7,40,80,50.0,1,1.5,1.2,14,30,10,2,45,489,423,56,9,4,4,18,29,6,5,0,1,378,10,9,26,19,3,3,1,0,0,2,1,0,1,0,0,0,26,18,9,15,2,6,16,37.5,10,9,4,5,11,37,22,1,57.0,614,59,186,274,160,22,614,27,17,63.0,8,29.6,366,2180,1004,23,25,5,17,11,372,45,0,0,0,8,7,10,18,11,18,0,0,0,59,22,17,56.4,16,3,18.8,0.0,0.0,22.2,1,0,0,0.9,0.9,0.06,-0.9,-0.9,5,4,80.0,0.0,1.7,0.7,0.0,0.0,0.0,0.0,6,15,40.0,30,8,30.0,36.0,13,46.2,43.2,16,2,12.5,1,18.0,255,362,70.4,5651,2651,91,105,86.7,111,147,75.5,52,93,55.9,0,0.6,0.5,7,22,2,1,25,362,299,62,17,0,13,17,24,6,3,3,0,255,1,6,22,11,3,5,2,1,0,0,0,0,0,0,0,0,19,9,11,7,1,8,25,32.0,17,11,3,8,10,29,24,0,43.0,480,69,193,189,101,21,480,16,10,62.5,6,37.5,245,1132,529,10,4,4,18,20,253,24,0,0,0,9,6,1,17,10,9,0,0,0,52,17,22,43.6
2023-04-15,20:05,Liga MX,Clausura 2023 Regular Season,Sat,Away,W,2,0,Guadalajara,León,1.7,1.5,45,24737.0,Víctor Guzmán,4-1-3-2,Victor Caceres,14,4,28.6,0.14,0.5,21.8,0,0,0,1.7,1.7,0.12,0.3,0.3,5,5,100.0,1.0,1.0,1.0,0.0,0.0,0.0,0.0,9,21,42.9,23,3,56.5,45.9,9,88.9,63.8,15,0,0.0,0,9.0,268,362,74.0,5138,2362,128,150,85.3,96,119,80.7,41,81,50.6,2,1.6,1.0,12,24,6,1,27,362,307,54,15,3,5,17,24,5,1,1,0,268,1,6,23,20,1,1,1,0,0,3,3,0,0,0,0,0,21,14,13,7,1,13,24,54.2,11,9,3,6,12,33,14,0,45.0,495,52,179,191,134,18,495,25,15,60.0,8,32.0,252,1699,676,17,15,4,24,19,266,27,4,0,0,18,10,1,17,12,14,0,0,0,58,11,15,42.3,12,5,41.7,0.0,0.0,21.5,1,0,0,1.5,1.5,0.12,-1.5,-1.5,4,2,50.0,0.0,1.4,-0.6,0.0,0.0,0.0,0.0,2,11,18.2,21,4,23.8,32.0,17,35.3,32.4,16,0,0.0,0,10.5,341,449,75.9,6168,2652,149,177,84.2,151,174,86.8,39,78,50.0,0,1.4,1.2,10,25,11,3,43,449,376,68,18,1,5,16,28,2,1,0,0,341,5,6,22,10,5,2,1,3,1,0,0,0,0,0,0,0,27,15,12,12,3,8,23,34.8,15,8,1,7,9,36,12,0,55.0,556,64,196,229,139,17,556,28,11,39.3,13,46.4,328,1684,892,14,8,2,16,8,336,43,2,0,0,10,17,5,16,9,15,0,0,0,51,15,11,57.7
2023-04-22,20:05,Liga MX,Clausura 2023 Regular Season,Sat,Home,W,2,1,Guadalajara,Cruz Azul,1.0,0.7,48,33456.0,Víctor Guzmán,4-1-4-1,Adonai Escobedo,14,6,42.9,0.14,0.33,20.8,0,0,0,1.0,1.0,0.07,1.0,1.0,6,5,83.3,0.0,1.1,0.1,0.0,0.0,0.0,0.0,3,14,21.4,18,2,33.3,32.5,11,72.7,58.5,14,1,7.1,3,21.6,366,474,77.2,7164,2657,139,162,85.8,170,206,82.5,52,84,61.9,1,0.5,0.5,10,37,6,2,61,474,417,54,7,3,8,10,33,1,0,0,0,366,3,11,22,19,1,1,1,0,0,3,2,0,0,1,0,0,13,8,5,5,3,3,11,27.3,8,12,2,10,10,23,16,0,48.0,573,49,152,295,132,22,573,16,9,56.3,4,25.0,315,1632,872,21,11,6,19,10,364,61,4,0,0,11,5,3,10,10,8,0,0,0,46,10,16,38.5,15,6,40.0,0.07,0.17,17.5,1,0,0,0.7,0.7,0.05,0.3,0.3,6,4,66.7,0.0,1.6,-0.4,0.0,0.0,0.0,0.0,4,18,22.2,29,10,27.6,33.8,15,66.7,50.2,5,1,20.0,0,5.0,406,512,79.3,8648,3224,98,122,80.3,252,272,92.6,55,106,51.9,1,0.7,0.8,13,37,9,1,43,512,458,52,13,3,2,17,14,7,2,4,0,406,2,13,27,16,6,1,2,2,0,2,1,0,1,0,0,0,14,9,9,5,0,4,13,30.8,9,16,4,12,12,26,10,2,52.0,607,69,232,262,120,23,607,12,8,66.7,3,25.0,396,2554,1260,24,17,3,14,10,406,43,2,1,1,5,11,2,17,12,9,0,0,0,45,16,10,61.5
2023-04-29,20:05,Liga MX,Clausura 2023 Regular Season,Sat,Home,W,4,1,Guadalajara,Mazatlán,0.9,0.8,54,34823.0,Víctor Guzmán,4-1-4-1,Oscar Mejia,15,7,46.7,0.27,0.57,20.0,0,0,0,0.9,0.9,0.06,3.1,3.1,5,4,80.0,0.0,0.7,-0.3,0.0,0.0,0.0,0.0,2,7,28.6,19,4,36.8,41.0,2,0.0,30.5,13,0,0.0,1,15.5,405,488,83.0,6847,2522,204,222,91.9,156,178,87.6,36,63,57.1,4,0.9,1.0,14,43,9,3,51,488,436,48,12,2,7,23,23,9,4,3,0,405,4,10,29,26,2,0,0,1,0,8,8,0,0,0,0,0,14,9,4,8,2,11,23,47.8,12,11,3,8,6,20,19,0,54.0,580,31,132,242,213,25,580,13,4,30.8,9,69.2,362,1925,1001,22,16,5,12,5,399,51,2,0,0,8,10,4,23,6,9,0,0,0,41,6,12,33.3,10,5,50.0,0.1,0.2,22.6,0,0,0,0.8,0.8,0.08,0.2,0.2,7,3,42.9,0.0,1.5,-2.5,0.0,0.0,0.0,0.0,2,9,22.2,20,5,30.0,31.2,10,30.0,27.4,19,1,5.3,2,11.5,346,421,82.2,6751,2185,127,143,88.8,171,184,92.9,43,75,57.3,1,0.8,0.4,10,25,7,5,17,421,368,52,12,1,7,18,17,8,3,3,0,346,1,10,18,14,2,2,0,0,0,2,2,0,0,0,0,0,14,9,9,4,1,9,13,69.2,4,10,3,7,9,23,25,1,46.0,527,64,199,232,103,10,527,23,12,52.2,11,47.8,326,1330,690,17,15,2,15,3,343,17,6,0,0,11,7,1,18,9,9,0,0,0,37,12,6,66.7
2023-05-11,20:00,Liga MX,Quarter-finals,Thu,Away,L,0,1,Guadalajara,Atlas,1.4,1.4,60,25592.0,Víctor Guzmán,4-1-4-1,Marco Ortíz,13,5,38.5,0.0,0.0,24.7,2,0,1,1.4,0.6,0.05,-1.4,-0.6,3,2,66.7,0.0,1.0,0.0,0.0,0.0,0.0,0.0,6,12,50.0,19,6,31.6,33.9,11,54.5,47.9,6,1,16.7,1,11.8,369,485,76.1,6795,2356,158,181,87.3,157,187,84.0,45,85,52.9,0,0.5,0.4,8,32,6,2,39,485,418,64,12,1,1,29,30,9,1,7,0,369,3,14,21,13,3,1,2,2,0,0,0,0,0,0,0,0,17,12,8,9,0,11,21,52.4,10,11,4,7,3,20,13,0,60.0,593,45,178,276,149,9,592,24,11,45.8,10,41.7,341,2333,1272,36,22,2,17,14,363,39,2,0,0,13,12,3,29,3,12,0,0,0,48,17,11,60.7,20,3,15.0,0.05,0.33,23.8,2,0,0,1.4,1.4,0.07,-0.4,-0.4,6,5,100.0,1.0,1.5,1.5,1.0,0.0,1.0,0.0,10,28,35.7,26,4,73.1,55.2,10,90.0,70.3,20,0,0.0,1,14.0,226,317,71.3,5213,2632,83,100,83.0,97,122,79.5,44,87,50.6,1,1.3,0.5,16,28,7,1,23,317,272,44,14,0,2,9,15,4,1,3,0,226,1,7,35,23,4,2,2,3,1,2,1,1,0,0,0,0,24,15,12,11,1,10,21,47.6,11,13,3,10,12,36,27,0,40.0,469,63,169,178,127,18,469,23,10,43.5,11,47.8,221,1145,605,12,9,5,17,6,224,22,2,0,0,14,12,1,9,12,15,0,1,0,46,11,17,39.3
2023-05-14,20:05,Liga MX,Quarter-finals,Sun,Home,W,1,0,Guadalajara,Atlas,1.7,0.7,51,40956.0,Víctor Guzmán,4-1-4-1,Victor Caceres,13,3,23.1,0.08,0.33,22.0,1,0,0,1.7,1.7,0.13,-0.7,-0.7,1,1,100.0,1.0,0.2,0.2,0.0,0.0,0.0,0.0,1,8,12.5,15,1,40.0,42.4,7,28.6,36.0,14,1,7.1,1,9.6,302,413,73.1,6209,2287,109,132,82.6,138,173,79.8,54,95,56.8,1,1.5,1.3,8,26,6,1,41,413,361,50,7,2,8,17,32,3,1,2,0,302,2,9,23,15,2,3,0,1,2,1,0,1,0,0,0,0,29,15,19,7,3,9,16,56.3,7,6,4,2,11,40,29,0,51.0,552,60,212,234,118,15,552,35,21,60.0,14,40.0,285,1914,1009,28,18,4,24,8,298,39,2,0,0,17,8,2,17,11,15,0,0,0,61,28,27,50.9,11,1,9.1,0.0,0.0,26.1,1,0,0,0.7,0.7,0.06,-0.7,-0.7,3,2,66.7,0.0,1.5,0.5,0.0,0.0,0.0,0.0,9,30,30.0,26,3,76.9,54.0,12,83.3,62.3,13,1,7.7,3,23.3,276,400,69.0,5627,2575,105,131,80.2,126,159,79.2,41,93,44.1,0,0.6,1.0,6,34,9,2,37,400,334,65,18,2,4,19,29,4,0,3,0,276,1,4,15,10,2,1,0,1,1,0,0,0,0,0,0,0,22,13,13,6,3,14,35,40.0,21,10,2,8,11,33,18,0,49.0,519,44,153,239,131,15,519,20,7,35.0,9,45.0,253,1055,465,9,7,1,25,20,274,35,2,0,0,8,16,1,19,11,13,0,0,0,47,27,28,49.1
2023-05-18,21:10,Liga MX,Semi-finals,Thu,Home,L,0,1,Guadalajara,América,1.2,1.0,48,42195.0,Víctor Guzmán,4-1-4-1,César Arturo Ramos,17,5,29.4,0.0,0.0,20.3,0,0,0,1.2,1.2,0.07,-1.2,-1.2,6,5,83.3,0.0,0.9,-0.1,0.0,0.0,0.0,0.0,2,13,15.4,18,1,33.3,36.8,10,70.0,55.5,15,0,0.0,2,23.8,313,425,73.6,5823,2053,138,170,81.2,126,155,81.3,41,77,53.2,0,0.9,0.9,10,32,7,0,37,425,352,73,16,0,6,14,37,8,3,1,0,313,0,13,27,17,4,1,3,1,1,0,0,0,0,0,0,0,23,15,11,7,5,10,19,52.6,9,10,3,7,11,34,15,0,48.0,553,49,166,252,143,20,553,24,7,29.2,17,70.8,239,1184,590,12,13,4,15,15,306,37,3,0,0,11,11,0,14,11,15,0,0,0,51,13,12,52.0,18,6,33.3,0.06,0.17,24.1,1,0,0,1.0,1.0,0.05,0.0,0.0,5,5,100.0,1.0,1.0,1.0,0.0,0.0,0.0,0.0,4,14,28.6,13,0,61.5,45.0,9,66.7,48.3,11,0,0.0,0,8.8,354,456,77.6,6437,2268,160,186,86.0,155,182,85.2,35,69,50.7,1,0.9,1.5,14,29,7,3,33,456,398,54,10,6,4,20,27,7,6,0,0,354,4,8,34,25,3,1,2,2,1,2,2,0,0,0,0,0,32,24,11,17,4,17,24,70.8,7,16,3,13,16,48,14,1,52.0,594,57,156,290,152,16,594,19,9,47.4,10,52.6,342,1846,903,17,18,3,15,13,345,32,1,0,0,12,11,4,20,16,24,0,0,0,62,12,13,48.0
2023-05-21,21:00,Liga MX,Semi-finals,Sun,Away,W,3,1,Guadalajara,América,1.6,0.5,42,67501.0,Víctor Guzmán,3-1-4-2,Victor Caceres,11,6,54.5,0.27,0.5,15.1,1,0,0,1.6,1.6,0.14,1.4,1.4,2,1,50.0,0.0,0.6,-0.4,0.0,0.0,0.0,0.0,2,19,10.5,15,1,53.3,49.2,15,73.3,58.9,18,0,0.0,4,18.3,258,355,72.7,5414,2021,100,111,90.1,107,142,75.4,48,88,54.5,3,1.6,1.0,10,38,12,7,46,355,311,43,6,1,7,15,18,2,1,0,0,258,1,3,21,14,1,5,0,1,0,5,3,1,1,0,0,0,10,9,7,3,0,2,8,25.0,6,2,0,2,13,23,29,0,42.0,469,49,151,196,131,15,469,26,13,50.0,12,46.2,219,1439,807,19,15,4,18,6,255,45,4,0,0,12,5,1,15,13,9,0,0,0,56,34,22,60.7,10,2,20.0,0.1,0.5,25.1,0,0,0,0.5,0.5,0.05,0.5,0.5,6,3,50.0,0.0,2.3,-0.7,0.0,0.0,0.0,0.0,10,27,37.0,29,4,75.9,50.8,5,100.0,63.2,14,1,7.1,0,3.0,373,483,77.2,7076,2470,169,193,87.6,150,177,84.7,48,92,52.2,1,0.5,0.7,9,46,3,1,40,483,433,50,13,0,6,20,24,4,3,1,0,373,0,3,19,16,2,0,0,1,0,2,2,0,0,0,0,0,18,10,11,4,3,12,25,48.0,13,4,1,3,8,26,21,0,58.0,581,50,163,261,158,8,581,9,6,66.7,2,22.2,291,902,458,10,5,1,18,8,369,39,4,1,0,7,12,0,20,8,10,0,0,0,52,22,34,39.3
2023-05-25,21:00,Liga MX,Finals,Thu,Away,D,0,0,Guadalajara,UANL,0.4,0.8,33,41615.0,Víctor Guzmán,4-5-1,Fernando Guerrero,8,1,12.5,0.0,0.0,20.9,1,0,0,0.4,0.4,0.05,-0.4,-0.4,1,1,100.0,1.0,0.1,0.1,0.0,0.0,0.0,0.0,7,21,33.3,4,0,100.0,64.0,17,100.0,69.5,18,0,0.0,0,2.0,183,297,61.6,3133,1817,92,116,79.3,55,90,61.1,22,53,41.5,0,0.3,0.3,5,16,1,0,20,297,235,61,12,1,5,10,29,2,0,1,1,183,1,11,12,6,2,2,0,2,0,0,0,0,0,0,0,0,29,16,12,14,3,10,20,50.0,10,16,3,13,1,30,31,0,33.0,438,55,147,235,62,6,438,19,11,57.9,8,42.1,146,998,431,9,9,1,22,8,182,20,4,0,0,12,10,1,10,1,16,0,0,0,59,20,19,51.3,14,1,7.1,0.0,0.0,21.9,2,0,0,0.8,0.8,0.06,-0.8,-0.8,1,1,100.0,1.0,0.1,0.1,0.0,0.0,0.0,0.0,8,13,61.5,39,6,28.2,30.2,7,28.6,27.3,6,0,0.0,1,17.3,484,601,80.5,9492,3667,185,204,90.7,232,279,83.2,59,89,66.3,0,0.3,0.3,5,52,5,3,50,601,538,63,11,0,7,25,42,2,0,0,0,484,0,14,24,17,3,0,2,2,0,0,0,0,0,0,0,0,16,12,6,9,1,8,19,42.1,11,14,2,12,9,25,3,1,67.0,730,54,237,345,153,19,730,24,10,41.7,10,41.7,447,2206,1059,19,12,3,29,19,479,50,3,0,0,13,12,0,25,9,12,0,0,0,59,19,20,48.7
2023-05-28,20:35,Liga MX,Finals,Sun,Home,L,2,3,Guadalajara,UANL,1.2,3.0,38,42182.0,Víctor Guzmán,4-2-3-1,César Arturo Ramos,11,7,63.6,0.18,0.29,15.4,0,0,0,1.2,1.2,0.11,0.8,0.8,8,5,75.0,0.0,2.5,-0.5,1.0,1.0,0.0,0.0,3,23,13.0,17,4,76.5,55.9,12,83.3,63.6,33,2,6.1,1,11.2,265,412,64.3,4950,2375,116,136,85.3,97,140,69.3,42,105,40.0,2,1.1,0.7,9,33,8,4,38,412,334,77,12,0,8,19,43,5,2,3,0,265,1,6,21,11,5,2,2,1,0,4,1,1,1,1,0,0,31,18,15,12,4,15,31,48.4,16,12,6,6,13,44,45,0,38.0,638,79,211,260,175,16,638,54,28,51.9,26,48.1,269,1511,643,13,15,3,31,11,258,36,6,1,1,22,7,1,19,13,18,0,1,0,79,27,29,48.2,23,7,30.4,0.09,0.29,17.6,1,1,1,3.0,2.3,0.11,0.0,-0.3,7,5,71.4,0.0,1.8,-0.2,0.0,0.0,0.0,0.0,7,16,43.8,46,7,30.4,34.2,7,28.6,26.7,19,3,15.8,7,18.4,518,681,76.1,9297,3827,226,266,85.0,216,256,84.4,55,103,53.4,1,1.7,2.3,16,47,14,7,63,681,596,83,20,0,3,47,40,12,3,3,0,518,2,14,43,29,4,2,5,3,0,4,2,0,0,2,0,0,37,25,20,14,3,26,54,48.1,28,7,0,7,13,50,24,0,62.0,854,86,273,347,245,33,853,31,16,51.6,15,48.4,541,2640,1364,28,22,1,25,16,515,63,4,1,1,10,19,2,47,13,25,0,0,0,83,29,27,51.8
2022-07-02,19:05,Liga MX,Apertura 2022 Regular Season,Sat,Home,L,2,3,UANL,Cruz Azul,2.0,1.3,66,41273.0,Guido Pizarro,4-4-2,Oscar Mejia,21,6,28.6,0.1,0.33,16.5,1,0,0,2.0,2.0,0.1,0.0,0.0,4,1,50.0,0.0,2.6,-0.4,1.0,1.0,0.0,0.0,2,10,20.0,24,2,37.5,35.7,4,25.0,34.5,4,0,0.0,0,15.0,457,568,80.5,8908,2785,162,180,90.0,227,271,83.8,58,94,61.7,2,1.6,1.9,15,46,15,4,68,568,519,49,19,2,7,26,18,4,2,2,0,457,0,9,40,34,1,1,3,1,0,4,3,0,1,0,0,0,19,15,5,9,5,8,12,66.7,4,5,0,5,6,25,5,0,66.0,660,34,124,365,178,39,660,20,8,40.0,12,60.0,403,2293,1267,26,10,10,12,7,447,68,1,0,0,7,17,0,26,6,15,0,1,0,59,18,22,45.0,6,3,50.0,0.33,0.67,13.3,0,1,1,1.3,0.6,0.09,1.7,1.4,6,4,66.7,0.0,1.8,-0.2,0.0,0.0,0.0,0.0,11,31,35.5,18,2,72.2,50.5,19,94.7,64.2,17,0,0.0,0,7.3,196,288,68.1,3995,1986,81,98,82.7,72,97,74.2,34,72,47.2,2,0.6,0.7,6,13,5,3,15,288,244,42,6,0,1,6,14,0,0,0,0,196,2,5,14,10,1,1,0,2,0,6,5,0,0,0,1,0,19,9,9,9,1,12,20,60.0,8,11,3,8,4,23,21,2,34.0,395,74,163,180,58,14,394,12,4,33.3,8,66.7,198,1265,604,15,9,4,15,11,194,15,0,0,0,18,7,2,6,4,9,1,0,0,44,22,18,55.0
2022-07-08,18:00,Liga MX,Apertura 2022 Regular Season,Fri,Away,W,1,0,UANL,Mazatlán,1.4,0.7,42,12112.0,Guido Pizarro,4-4-2,Adonai Escobedo,17,6,35.3,0.06,0.17,19.6,0,0,0,1.4,1.4,0.08,-0.4,-0.4,2,2,100.0,1.0,0.5,0.5,0.0,0.0,0.0,0.0,8,19,42.1,27,6,59.3,43.0,6,50.0,39.0,23,1,4.3,0,8.0,279,351,79.5,5118,2065,131,140,93.6,93,117,79.5,44,70,62.9,1,1.4,1.0,15,18,5,2,29,351,302,46,19,1,3,16,11,9,2,2,0,279,3,6,30,23,2,4,0,0,1,2,1,1,0,0,0,0,14,10,5,6,3,9,16,56.3,7,12,5,7,9,23,16,0,42.0,460,55,142,190,140,20,460,10,6,60.0,4,40.0,243,1887,959,20,14,9,22,7,274,28,3,1,0,19,17,3,16,9,10,0,0,0,44,11,13,45.8,13,2,15.4,0.0,0.0,21.7,1,0,0,0.7,0.7,0.06,-0.7,-0.7,6,5,83.3,0.0,2.6,1.6,0.0,0.0,0.0,0.0,7,14,50.0,22,4,50.0,36.5,9,33.3,33.1,9,1,11.1,0,4.5,409,490,83.5,7480,2627,180,194,92.8,190,218,87.2,37,64,57.8,0,0.5,1.0,8,32,5,3,44,490,441,48,22,0,0,24,13,2,1,1,0,409,1,9,18,11,2,2,1,2,0,0,0,0,0,0,0,0,11,4,7,4,0,4,10,40.0,6,10,5,5,6,17,14,0,58.0,582,59,161,281,151,15,582,16,7,43.8,9,56.3,351,2002,1196,23,30,2,11,5,404,43,3,0,0,17,18,1,24,6,4,0,0,0,43,13,11,54.2
2022-07-17,19:00,Liga MX,Apertura 2022 Regular Season,Sun,Home,W,1,0,UANL,Tijuana,1.4,0.3,56,40583.0,Guido Pizarro,4-4-2,Victor Caceres,17,3,17.6,0.06,0.33,19.1,3,0,0,1.4,1.4,0.08,-0.4,-0.4,2,2,100.0,1.0,0.3,0.3,0.0,0.0,0.0,0.0,2,6,33.3,26,5,19.2,31.6,4,25.0,26.0,12,0,0.0,2,22.3,388,483,80.3,6858,2360,179,198,90.4,152,180,84.4,47,78,60.3,0,1.2,1.5,12,37,5,1,48,483,433,45,19,0,4,22,17,4,0,2,0,388,5,7,32,24,3,0,1,3,1,2,2,0,0,0,0,0,15,8,4,10,1,10,20,50.0,10,8,1,7,9,24,17,0,56.0,585,39,125,283,185,21,585,25,10,40.0,12,48.0,322,2196,1317,19,20,5,10,8,382,47,2,0,0,13,22,5,22,9,8,0,0,0,52,12,11,52.2,6,2,33.3,0.0,0.0,22.2,0,0,0,0.3,0.3,0.05,-0.3,-0.3,3,2,66.7,0.0,1.2,0.2,0.0,0.0,0.0,0.0,5,17,29.4,27,3,48.1,38.4,11,36.4,26.9,18,2,11.1,0,6.3,270,373,72.4,4487,2156,121,147,82.3,107,126,84.9,25,66,37.9,0,0.3,0.6,5,23,6,2,25,373,325,48,18,0,3,18,12,5,3,2,0,270,0,11,12,10,1,0,0,1,0,0,0,0,0,0,0,0,20,12,9,10,1,12,22,54.5,10,9,5,4,14,34,16,0,44.0,469,66,174,226,73,9,469,22,10,45.5,10,45.5,167,1073,463,12,6,0,12,5,266,25,2,0,0,22,11,0,18,14,12,0,0,0,48,11,12,47.8
2022-07-23,21:05,Liga MX,Apertura 2022 Regular Season,Sat,Home,W,2,0,UANL,Atlas,1.9,0.4,73,42615.0,Guido Pizarro,4-3-3,Marco Ortíz,33,13,39.4,0.06,0.15,20.2,2,0,0,1.9,1.9,0.06,0.1,0.1,0,0,,1.0,0.0,0.0,0.0,0.0,0.0,0.0,1,4,25.0,22,3,18.2,26.8,3,0.0,27.0,6,3,50.0,6,22.8,543,632,85.9,9109,2351,242,263,92.0,222,241,92.1,49,78,62.8,1,1.3,1.2,23,55,15,5,60,632,587,43,10,1,4,35,21,8,1,4,0,543,2,11,57,43,2,4,5,2,1,3,3,0,0,0,0,0,15,12,8,5,2,6,14,42.9,8,10,2,8,11,26,12,0,73.0,754,37,131,355,275,33,754,23,13,56.5,10,43.5,468,3293,2046,45,25,4,15,7,532,59,4,0,0,6,11,2,35,11,12,0,0,0,60,7,10,41.2,7,0,0.0,0.0,,21.7,0,0,0,0.4,0.4,0.06,-0.4,-0.4,13,11,83.3,0.0,2.0,0.0,0.0,0.0,0.0,0.0,11,31,35.5,20,2,85.0,53.7,14,100.0,71.9,27,0,0.0,0,9.6,148,237,62.4,3248,1632,59,71,83.1,60,80,75.0,28,73,38.4,0,0.3,0.4,4,15,3,0,14,237,194,43,8,1,0,8,17,1,0,1,0,148,0,8,9,6,1,1,0,0,1,0,0,0,0,0,0,0,17,7,10,5,2,10,23,43.5,13,17,8,9,13,30,27,2,27.0,368,80,167,124,78,15,368,15,8,53.3,6,40.0,153,807,324,3,6,4,16,9,147,14,2,1,0,12,6,0,8,13,7,0,0,0,43,10,7,58.8
2022-07-26,18:00,Liga MX,Apertura 2022 Regular Season,Tue,Away,W,1,0,UANL,FC Juárez,0.7,0.8,41,13336.0,Guido Pizarro,4-3-3,Fernando Hernández,12,3,25.0,0.08,0.33,20.2,0,0,0,0.7,0.7,0.06,0.3,0.3,2,2,100.0,1.0,0.2,0.2,0.0,0.0,0.0,0.0,5,17,29.4,20,2,60.0,46.0,8,62.5,46.4,22,2,9.1,2,19.3,225,317,71.0,4535,2233,94,112,83.9,87,110,79.1,39,77,50.6,1,0.7,0.4,11,27,4,1,27,317,262,55,19,0,3,12,24,3,2,0,0,225,0,6,23,17,3,1,1,1,0,2,2,0,0,0,0,0,16,6,7,5,4,9,12,75.0,3,11,3,8,8,24,15,0,41.0,422,47,146,181,99,14,422,13,5,38.5,8,61.5,190,903,428,9,5,3,14,10,222,25,6,1,1,17,17,0,12,8,6,0,0,0,45,17,21,44.7,7,2,28.6,0.0,0.0,17.1,0,0,0,0.8,0.8,0.11,-0.8,-0.8,3,2,66.7,0.0,0.1,-0.9,0.0,0.0,0.0,0.0,10,17,58.8,20,5,45.0,35.1,14,57.1,52.1,9,0,0.0,0,7.0,359,462,77.7,7039,2809,124,143,86.7,178,207,86.0,44,79,55.7,0,0.7,0.7,6,33,9,5,41,462,400,61,17,0,3,25,24,4,3,1,0,359,1,9,13,11,1,0,0,1,0,0,0,0,0,0,0,0,18,9,11,6,1,8,13,61.5,5,6,2,4,7,25,10,0,59.0,554,49,140,285,132,15,554,12,3,25.0,9,75.0,277,1690,851,20,16,1,18,7,357,41,4,0,0,18,15,1,25,7,9,0,0,0,45,21,17,55.3
2022-07-30,19:05,Liga MX,Apertura 2022 Regular Season,Sat,Home,W,2,1,UANL,Querétaro,0.9,1.3,63,41432.0,Guido Pizarro,4-3-3,Ismael Lopez,14,3,21.4,0.14,0.67,21.2,2,0,0,0.9,0.9,0.07,1.1,1.1,4,3,100.0,0.0,1.1,0.1,1.0,1.0,0.0,0.0,6,13,46.2,22,4,45.5,41.2,9,33.3,27.4,15,3,20.0,0,9.3,422,511,82.6,8210,3034,153,176,86.9,212,236,89.8,51,88,58.0,2,0.9,2.3,11,51,7,2,56,511,462,49,17,2,4,16,17,4,1,2,0,422,0,4,25,18,2,3,0,2,0,4,4,0,0,0,0,0,10,4,6,3,1,0,2,0.0,2,8,2,6,8,18,9,0,63.0,592,47,147,297,159,16,592,19,11,57.9,8,42.1,372,2463,1216,22,17,4,11,16,421,56,3,2,0,8,17,0,16,8,4,0,1,0,55,5,10,33.3,11,3,27.3,0.0,0.0,24.4,1,1,1,1.3,0.6,0.05,-0.3,-0.6,3,1,33.3,0.0,1.2,-0.8,0.0,0.0,0.0,0.0,8,15,53.3,8,2,50.0,39.4,12,91.7,61.8,12,0,0.0,1,18.0,216,306,70.6,4588,2168,73,94,77.7,105,133,78.9,35,64,54.7,0,0.5,0.5,8,22,7,4,34,306,271,35,6,0,1,19,11,3,1,2,0,216,0,6,18,14,1,0,0,2,1,2,1,0,0,0,1,0,24,13,19,5,0,8,19,42.1,11,10,6,4,10,34,19,0,37.0,405,48,146,182,83,13,404,2,2,100.0,0,0.0,204,1247,534,15,15,1,12,10,215,34,3,1,0,18,8,0,19,10,13,1,0,0,58,10,5,66.7
2022-08-07,18:05,Liga MX,Apertura 2022 Regular Season,Sun,Away,L,0,2,UANL,Pachuca,0.3,1.5,42,9516.0,Guido Pizarro,5-4-1,Daniel Quintero,9,3,33.3,0.0,0.0,27.1,1,0,0,0.3,0.3,0.04,-0.3,-0.3,6,4,66.7,0.0,2.2,0.2,0.0,0.0,0.0,0.0,11,27,40.7,29,5,51.7,43.0,16,75.0,50.1,10,1,10.0,2,15.0,292,384,76.0,5774,2322,124,138,89.9,115,143,80.4,47,80,58.8,0,0.2,0.2,6,20,4,1,21,384,330,54,14,1,7,7,17,4,1,1,0,292,0,15,16,12,1,1,0,1,1,0,0,0,0,0,0,0,20,8,15,5,0,11,22,50.0,11,13,3,10,7,27,13,0,42.0,500,61,208,225,74,9,500,27,18,66.7,7,25.9,230,1403,675,10,8,2,21,15,289,21,2,1,0,11,11,0,7,7,8,0,0,0,51,12,10,54.5,19,6,31.6,0.11,0.33,24.1,1,0,0,1.5,1.5,0.08,0.5,0.5,3,3,100.0,1.0,0.5,0.5,0.0,0.0,0.0,0.0,5,8,62.5,14,5,28.6,31.3,8,50.0,31.0,5,1,20.0,2,16.3,452,537,84.2,7887,2763,203,213,95.3,192,216,88.9,43,75,57.3,1,0.7,0.4,16,36,7,2,49,537,487,49,11,2,3,13,24,5,2,1,0,452,1,10,35,29,2,2,1,1,0,3,2,0,0,1,0,0,22,11,5,15,2,7,25,28.0,18,15,2,13,9,31,8,1,58.0,680,32,110,397,182,20,680,27,11,40.7,11,40.7,390,2255,1042,24,25,3,23,9,449,49,3,0,0,14,10,1,13,9,11,0,0,0,60,10,12,45.5
2022-08-14,19:05,Liga MX,Apertura 2022 Regular Season,Sun,Home,W,2,0,UANL,Santos,1.6,1.6,51,41385.0,Guido Pizarro,3-4-3,Diego Montaño,19,7,36.8,0.11,0.29,19.9,1,0,0,1.6,1.6,0.08,0.4,0.4,6,6,100.0,1.0,1.0,1.0,0.0,0.0,0.0,0.0,7,13,53.8,19,2,42.1,38.6,10,50.0,42.8,12,0,0.0,0,5.0,371,454,81.7,6340,2540,179,201,89.1,129,151,85.4,42,70,60.0,1,1.5,1.3,17,28,11,3,38,454,406,48,16,1,5,17,16,5,2,2,0,371,0,8,31,23,2,2,1,2,1,3,2,0,1,0,0,0,29,21,13,9,7,12,20,60.0,8,16,10,6,12,41,16,0,51.0,569,65,161,232,182,23,569,20,8,40.0,9,45.0,307,1753,899,20,17,5,13,10,365,38,3,1,1,15,16,0,17,12,21,0,0,0,50,8,8,50.0,21,6,28.6,0.0,0.0,19.8,3,0,0,1.6,1.6,0.08,-1.6,-1.6,7,5,71.4,0.0,2.2,0.2,0.0,0.0,0.0,0.0,4,9,44.4,17,5,29.4,28.1,11,36.4,32.3,14,0,0.0,1,14.6,345,429,80.4,6059,2724,164,183,89.6,142,168,84.5,32,55,58.2,0,1.0,0.7,10,33,8,0,48,429,379,49,12,0,6,19,20,3,2,1,0,345,1,6,32,15,4,3,6,4,0,0,0,0,0,0,0,0,19,12,8,7,4,9,17,52.9,8,12,4,8,6,25,9,1,49.0,539,56,162,244,139,34,539,22,8,36.4,12,54.5,303,1846,1005,29,20,9,18,17,343,48,6,0,0,16,15,1,19,6,12,0,0,0,49,8,8,50.0
2022-08-20,19:05,Liga MX,Apertura 2022 Regular Season,Sat,Away,D,0,0,UANL,Monterrey,0.6,0.7,52,52810.0,Guido Pizarro,3-4-3,Fernando Guerrero,11,3,27.3,0.0,0.0,22.1,2,0,0,0.6,0.6,0.06,-0.6,-0.6,1,1,100.0,1.0,0.0,0.0,0.0,0.0,0.0,0.0,3,11,27.3,20,3,45.0,38.8,8,25.0,21.8,15,0,0.0,2,19.7,264,349,75.6,4434,1602,133,148,89.9,105,138,76.1,21,54,38.9,0,0.3,0.5,5,15,2,1,30,349,303,44,16,0,3,16,15,4,3,0,0,264,2,1,15,7,2,1,1,3,1,0,0,0,0,0,0,0,16,10,8,8,0,5,17,29.4,12,10,5,5,9,25,17,0,52.0,439,51,143,213,89,12,439,18,7,38.9,8,44.4,248,1419,754,12,12,0,10,14,262,30,2,0,0,13,17,2,16,9,10,0,0,0,37,14,19,42.4,13,1,7.7,0.0,0.0,20.6,0,0,0,0.7,0.7,0.06,-0.7,-0.7,3,3,100.0,1.0,0.6,0.6,0.0,0.0,0.0,0.0,4,7,57.1,16,0,25.0,30.3,4,75.0,59.3,14,1,7.1,0,8.5,235,317,74.1,4485,2163,91,102,89.2,112,135,83.0,28,65,43.1,0,0.7,0.4,10,23,4,0,24,317,270,46,15,1,4,16,19,7,5,2,0,235,1,6,20,12,4,2,1,1,0,0,0,0,0,0,0,0,22,16,13,9,0,8,15,53.3,7,4,3,1,15,37,15,0,48.0,413,39,124,200,99,10,413,18,12,66.7,5,27.8,237,1204,599,15,11,2,12,11,233,24,3,0,0,17,13,1,16,15,16,0,0,0,40,19,14,57.6
2022-08-24,21:05,Liga MX,Apertura 2022 Regular Season,Wed,Away,D,1,1,UANL,UNAM,0.8,0.3,68,13463.0,Guido Pizarro,3-4-3,Oscar Mejia,12,3,25.0,0.08,0.33,19.1,1,0,0,0.8,0.8,0.07,0.2,0.2,3,2,66.7,0.0,0.9,-0.1,0.0,0.0,0.0,0.0,7,15,46.7,38,5,36.8,34.6,6,16.7,26.0,3,1,33.3,3,25.7,464,561,82.7,8678,3245,193,212,91.0,206,231,89.2,57,95,60.0,1,0.6,0.6,8,45,9,6,55,561,500,60,20,0,0,33,22,10,2,4,0,464,1,5,23,18,2,1,0,2,0,2,2,0,0,0,0,0,16,10,6,8,2,2,9,22.2,7,5,1,4,8,24,12,0,68.0,660,43,133,365,163,23,660,32,12,37.5,16,50.0,334,2139,971,24,15,5,16,7,461,55,1,0,0,7,20,1,33,8,10,0,0,0,48,9,11,45.0,7,3,42.9,0.14,0.33,23.4,0,0,0,0.3,0.3,0.05,0.7,0.7,3,2,66.7,0.0,1.1,0.1,0.0,0.0,0.0,0.0,9,20,45.0,14,5,42.9,35.4,14,100.0,67.4,27,2,7.4,3,11.9,189,269,70.3,3561,1857,87,105,82.9,71,90,78.9,26,59,44.1,1,0.3,0.4,7,13,7,0,25,269,228,40,8,2,3,4,16,0,0,0,0,189,1,5,14,11,0,3,0,0,0,2,2,0,0,0,0,0,23,18,12,11,0,16,28,57.1,12,7,2,5,8,31,29,0,32.0,377,59,137,184,60,6,377,10,7,70.0,2,20.0,152,897,500,8,12,0,15,14,186,25,4,0,0,20,6,1,4,8,18,0,0,0,41,11,9,55.0
2022-08-27,19:05,Liga MX,Apertura 2022 Regular Season,Sat,Home,D,0,0,UANL,Necaxa,1.3,0.6,60,40103.0,Guido Pizarro,4-2-3-1,Fernando Hernández,17,2,11.8,0.0,0.0,19.9,1,0,0,1.3,1.3,0.07,-1.3,-1.3,1,1,100.0,1.0,0.1,0.1,0.0,0.0,0.0,0.0,7,11,63.6,32,4,31.3,32.4,5,20.0,25.0,6,1,16.7,2,23.7,425,545,78.0,8150,3025,148,180,82.2,222,261,85.1,50,86,58.1,0,0.9,1.3,10,48,7,2,63,545,498,47,15,0,4,32,19,7,3,1,0,425,0,12,30,26,2,0,1,1,0,0,0,0,0,0,0,0,13,10,4,7,2,5,15,33.3,10,11,3,8,8,21,7,0,60.0,649,47,160,312,188,22,649,21,7,33.3,12,57.1,430,2423,1257,29,17,10,18,12,420,62,1,0,0,12,15,0,32,8,10,0,0,0,62,23,15,60.5,9,1,11.1,0.0,0.0,26.0,0,0,0,0.6,0.6,0.07,-0.6,-0.6,2,2,100.0,1.0,0.3,0.3,0.0,0.0,0.0,0.0,11,24,45.8,29,2,58.6,42.7,8,87.5,61.4,24,2,8.3,0,5.4,257,360,71.4,5244,2486,111,138,80.4,103,127,81.1,39,81,48.1,0,0.6,0.2,7,27,1,0,19,360,323,37,12,0,3,6,14,2,2,0,0,257,0,8,14,11,0,3,0,0,0,0,0,0,0,0,0,0,24,12,13,9,2,12,19,63.2,7,17,9,8,15,39,30,0,40.0,491,84,215,214,66,9,491,16,10,62.5,5,31.3,207,1104,533,4,7,3,21,8,254,19,3,0,0,16,12,0,6,15,12,0,0,0,62,15,23,39.5
2022-09-03,21:05,Liga MX,Apertura 2022 Regular Season,Sat,Away,L,1,2,UANL,América,1.0,1.6,48,45384.0,Guido Pizarro,4-2-3-1,Diego Montaño,16,4,25.0,0.06,0.25,19.3,0,0,0,1.0,1.0,0.06,0.0,0.0,9,7,77.8,0.0,2.5,0.5,0.0,0.0,0.0,0.0,2,11,18.2,36,6,22.2,28.2,12,25.0,32.4,9,1,11.1,2,26.0,350,441,79.4,6125,2435,178,193,92.2,127,154,82.5,40,73,54.8,1,1.0,0.7,15,30,11,4,44,441,382,58,12,0,5,27,22,9,3,4,0,350,1,11,25,20,2,1,1,0,1,2,2,0,0,0,0,0,17,9,10,5,2,6,14,42.9,8,5,2,3,5,22,14,0,48.0,528,67,162,229,145,17,528,12,10,83.3,1,8.3,304,1752,1034,15,9,4,13,5,345,44,4,0,0,15,9,1,27,5,9,0,0,0,35,15,12,55.6,17,9,52.9,0.12,0.22,20.5,0,0,0,1.6,1.6,0.1,0.4,0.4,4,3,75.0,0.0,1.1,0.1,0.0,0.0,0.0,0.0,5,16,31.3,21,2,52.4,48.2,10,50.0,48.6,20,0,0.0,0,13.3,417,485,86.0,7797,2893,168,178,94.4,190,210,90.5,48,78,61.5,1,1.6,1.6,15,38,10,0,51,485,437,47,16,3,7,13,15,4,0,2,0,417,1,3,32,26,2,2,1,1,0,4,3,0,1,0,0,0,6,4,4,2,0,1,11,9.1,10,15,6,9,13,19,21,0,52.0,597,56,185,279,137,22,597,16,8,50.0,6,37.5,316,1740,923,11,13,5,14,11,414,51,5,0,0,11,15,1,13,13,4,0,0,0,45,12,15,44.4
2022-09-07,19:00,Liga MX,Apertura 2022 Regular Season,Wed,Home,W,3,1,UANL,Toluca,2.6,1.2,44,37638.0,Guido Pizarro,5-3-2,Marco Ortíz,20,7,35.0,0.15,0.43,17.9,1,0,0,2.6,2.6,0.13,0.4,0.4,2,1,50.0,0.0,1.0,0.0,0.0,0.0,0.0,0.0,4,9,44.4,24,3,33.3,31.3,4,25.0,25.8,7,0,0.0,0,12.0,425,502,84.7,7357,2715,205,224,91.5,173,200,86.5,42,62,67.7,2,2.2,1.4,15,28,5,2,42,502,462,39,12,0,5,23,15,6,3,2,0,425,1,7,36,29,3,2,0,1,1,6,4,1,0,0,1,0,16,11,7,9,0,8,18,44.4,10,10,2,8,10,26,9,0,44.0,591,44,152,295,151,31,591,19,10,52.6,5,26.3,356,2119,1114,26,23,9,7,21,421,42,2,0,0,12,11,1,23,10,11,0,0,0,49,4,5,44.4,8,2,25.0,0.13,0.5,22.9,1,0,0,1.2,1.2,0.14,-0.2,-0.2,7,4,57.1,0.0,1.9,-1.1,0.0,0.0,0.0,0.0,7,14,50.0,26,2,38.5,35.8,9,44.4,43.3,14,0,0.0,0,3.0,560,635,88.2,9535,3137,267,288,92.7,236,256,92.2,47,68,69.1,1,1.1,1.2,7,38,5,0,40,635,593,41,12,0,2,8,13,3,1,1,0,560,1,8,16,13,1,0,0,2,0,2,2,0,0,0,0,0,26,17,13,11,2,5,15,33.3,10,4,2,2,9,35,20,1,56.0,739,65,200,397,145,14,739,19,10,52.6,8,42.1,510,1821,831,8,18,4,13,8,556,39,3,1,0,12,12,1,8,9,17,0,0,0,44,5,4,55.6
2022-09-10,19:05,Liga MX,Apertura 2022 Regular Season,Sat,Home,L,0,1,UANL,León,1.1,1.0,55,41615.0,Guido Pizarro,5-3-2,Adonai Escobedo,14,3,21.4,0.0,0.0,17.6,2,0,0,1.1,1.1,0.08,-1.1,-1.1,3,3,66.7,0.0,0.6,0.6,0.0,0.0,0.0,0.0,2,4,50.0,17,3,17.6,23.7,8,12.5,20.9,9,0,0.0,2,23.5,342,445,76.9,6894,2946,117,137,85.4,176,210,83.8,46,78,59.0,0,0.8,1.1,10,42,10,5,68,445,376,63,19,0,3,40,25,9,4,5,0,342,6,11,25,19,2,1,0,3,0,0,0,0,0,0,0,0,19,14,8,9,2,12,24,50.0,12,7,4,3,5,24,13,0,55.0,533,43,138,241,164,26,533,12,9,75.0,3,25.0,240,1784,1142,21,15,5,11,7,337,66,0,0,0,9,21,6,40,5,14,0,0,1,43,12,11,52.2,11,3,27.3,0.0,0.0,20.1,0,0,0,1.0,1.0,0.1,-1.0,-1.0,3,3,100.0,1.0,1.0,1.0,0.0,0.0,0.0,0.0,10,23,43.5,19,7,63.2,42.9,15,73.3,57.5,32,1,3.1,0,7.0,290,368,78.8,5618,2261,135,153,88.2,104,122,85.2,43,77,55.8,0,1.1,0.7,11,23,8,2,33,368,323,45,15,0,5,11,9,5,3,1,0,290,0,4,19,16,2,0,1,0,0,0,0,0,0,0,0,0,10,5,6,3,1,3,12,25.0,9,13,6,7,14,24,40,0,45.0,492,78,166,233,104,16,492,24,12,50.0,12,50.0,187,1138,644,10,16,1,9,7,284,31,6,0,0,21,9,0,11,14,5,0,0,0,40,11,12,47.8
2022-09-13,21:05,Liga MX,Apertura 2022 Regular Season,Tue,Away,W,4,1,UANL,Guadalajara,1.8,1.6,42,30064.0,Guido Pizarro,4-1-4-1,Fernando Guerrero,16,11,68.8,0.25,0.36,13.6,0,0,0,1.8,1.8,0.15,2.2,2.2,8,7,87.5,0.0,1.8,0.8,0.0,0.0,0.0,0.0,3,7,42.9,25,5,24.0,31.5,12,8.3,26.3,25,1,4.0,0,7.0,309,386,80.1,5812,2435,121,136,89.0,139,159,87.4,41,67,61.2,2,0.7,2.1,10,16,8,2,27,386,349,36,6,1,4,14,8,8,5,0,0,309,1,10,28,19,4,0,5,0,0,7,6,0,0,1,0,0,20,13,10,10,0,8,28,28.6,20,14,6,8,18,38,23,0,42.0,522,79,218,222,87,27,522,13,4,30.8,7,53.8,254,1449,835,20,6,5,14,7,307,26,3,0,0,10,5,1,14,18,13,0,0,0,53,6,7,46.2,23,8,34.8,0.04,0.13,20.2,3,0,0,1.6,1.6,0.07,-0.6,-0.6,11,7,63.6,0.0,3.2,-0.8,0.0,0.0,0.0,0.0,3,7,42.9,10,3,50.0,39.3,4,50.0,39.5,13,0,0.0,0,6.8,443,528,83.9,8670,3064,170,192,88.5,203,228,89.0,63,89,70.8,1,1.4,1.1,16,56,11,3,56,528,479,49,8,0,9,30,22,10,7,3,0,443,0,9,43,28,4,2,5,4,0,2,2,0,0,0,0,0,14,10,7,7,0,7,11,63.6,4,11,2,9,11,25,18,2,58.0,650,53,146,308,209,26,650,34,20,58.8,8,23.5,382,2323,1185,29,19,6,16,12,440,55,0,0,0,6,9,0,30,11,10,0,0,0,52,7,6,53.8
2022-09-16,19:00,Liga MX,Apertura 2022 Regular Season,Fri,Away,L,1,2,UANL,Puebla,0.6,0.8,63,20194.0,André-Pierre Gignac,4-1-4-1,César Arturo Ramos,13,4,30.8,0.08,0.25,22.7,0,0,0,0.6,0.6,0.05,0.4,0.4,6,4,66.7,0.0,1.6,-0.4,0.0,0.0,0.0,0.0,3,6,50.0,25,2,16.0,26.9,5,40.0,39.4,11,1,9.1,3,18.5,396,489,81.0,6829,2577,166,182,91.2,177,203,87.2,33,66,50.0,1,0.5,0.6,12,42,5,1,49,489,434,55,12,0,8,25,29,6,2,1,0,396,0,8,23,18,3,2,0,0,0,2,1,1,0,0,0,0,21,15,3,13,5,9,13,69.2,4,1,0,1,5,26,12,0,63.0,591,45,113,314,166,17,591,23,9,39.1,13,56.5,329,2028,1049,20,13,7,18,7,394,49,5,2,1,17,11,0,25,5,15,0,0,0,47,7,8,46.7,11,6,54.5,0.18,0.33,22.0,1,0,0,0.8,0.8,0.08,1.2,1.2,4,3,75.0,0.0,1.1,0.1,0.0,0.0,0.0,0.0,3,9,33.3,9,3,55.6,45.8,7,57.1,52.3,16,0,0.0,0,,211,290,72.8,3674,1770,110,130,84.6,79,102,77.5,19,47,40.4,1,0.5,0.7,8,14,7,1,26,290,242,47,16,1,2,13,17,5,4,0,0,211,1,2,20,15,0,1,1,1,2,4,2,0,1,0,0,1,20,16,12,8,0,13,22,59.1,9,12,5,7,11,31,33,0,37.0,413,57,151,178,92,19,413,14,4,28.6,9,64.3,212,1122,547,10,10,2,15,12,204,24,5,0,0,11,15,1,13,11,16,0,0,0,47,8,7,53.3
2022-10-01,17:00,Liga MX,Apertura 2022 Regular Season,Sat,Away,W,3,0,UANL,Atlético,0.8,0.3,59,20860.0,Guido Pizarro,4-4-2,Oscar Mejia,17,11,64.7,0.18,0.27,22.3,1,0,0,0.8,0.8,0.04,2.2,2.2,4,4,100.0,1.0,0.6,0.6,0.0,0.0,0.0,0.0,2,10,20.0,26,1,26.9,31.6,11,27.3,29.5,8,0,0.0,0,16.0,350,444,78.8,7076,2717,127,147,86.4,172,201,85.6,49,79,62.0,2,0.5,0.4,14,28,10,4,37,444,385,58,11,0,8,23,30,5,3,1,0,350,1,10,30,24,1,1,1,1,2,5,4,0,0,1,0,0,12,8,4,7,1,4,8,50.0,4,5,1,4,2,14,12,0,59.0,537,46,145,279,116,15,537,15,6,40.0,8,53.3,251,1240,683,16,9,1,17,17,346,37,5,0,0,11,11,1,23,2,8,0,0,0,52,13,12,52.0,9,4,44.4,0.0,0.0,25.1,2,0,0,0.3,0.3,0.04,-0.3,-0.3,11,8,72.7,0.0,1.8,-1.2,0.0,0.0,0.0,0.0,4,10,40.0,17,3,41.2,35.5,5,60.0,38.2,11,0,0.0,0,9.8,227,312,72.8,4207,1943,85,111,76.6,101,117,86.3,31,65,47.7,0,0.2,0.3,6,18,4,1,24,312,269,42,9,0,1,11,23,1,0,1,0,227,1,5,17,10,1,1,0,2,3,0,0,0,0,0,0,0,25,16,9,14,2,8,14,57.1,6,10,1,9,9,34,12,0,41.0,418,43,141,207,74,8,418,9,4,44.4,4,44.4,176,1134,514,11,9,2,14,8,221,24,3,0,0,11,10,1,11,9,16,0,0,0,47,12,13,48.0
2022-10-08,19:00,Liga MX,Reclassification,Sat,Home,W,2,0,UANL,Necaxa,0.8,0.5,51,36585.0,Guido Pizarro,4-4-1-1,César Arturo Ramos,12,5,41.7,0.17,0.4,17.0,1,0,0,0.8,0.8,0.07,1.2,1.2,2,2,100.0,1.0,0.1,0.1,0.0,0.0,0.0,0.0,6,19,31.6,39,7,41.0,38.1,3,100.0,66.0,10,2,20.0,0,11.3,403,492,81.9,8337,3047,142,158,89.9,182,202,90.1,74,122,60.7,1,0.7,0.9,8,40,13,7,42,492,454,36,14,0,11,23,12,6,1,1,0,403,2,2,22,21,0,0,0,1,0,4,3,0,0,0,1,0,15,10,7,7,1,8,11,72.7,3,9,8,1,11,26,18,0,51.0,609,66,223,236,161,23,609,29,15,51.7,9,31.0,306,2032,848,18,10,3,23,9,397,42,2,1,0,8,14,2,23,11,10,0,0,0,62,13,13,50.0,11,2,18.2,0.0,0.0,24.9,1,0,0,0.5,0.5,0.05,-0.5,-0.5,5,3,60.0,0.0,1.3,-0.7,0.0,0.0,0.0,0.0,3,9,33.3,26,7,23.1,29.1,6,50.0,42.5,18,1,5.6,0,10.0,374,473,79.1,7225,2715,142,167,85.0,179,208,86.1,49,76,64.5,0,0.3,0.6,7,36,7,2,33,473,434,39,9,0,2,15,18,3,0,3,0,374,0,3,21,17,1,1,1,1,0,0,0,0,0,0,0,0,18,10,5,9,4,9,24,37.5,15,1,0,1,8,26,13,0,49.0,560,56,162,283,124,15,560,12,3,25.0,8,66.7,338,1609,935,14,19,4,13,7,368,33,5,1,0,15,8,0,15,8,10,0,0,0,50,13,13,50.0
2022-10-13,21:06,Liga MX,Quarter-finals,Thu,Home,W,1,0,UANL,Pachuca,1.3,0.6,49,40487.0,Guido Pizarro,4-2-3-1,Fernando Hernández,8,2,25.0,0.0,0.0,17.7,0,1,1,1.3,0.5,0.06,-0.3,-0.5,3,3,100.0,1.0,0.4,0.4,0.0,0.0,0.0,0.0,11,20,55.0,20,1,75.0,46.2,11,45.5,43.7,11,2,18.2,0,12.8,245,366,66.9,4916,2150,98,129,76.0,88,116,75.9,49,97,50.5,0,0.4,0.7,7,24,6,3,25,366,310,54,10,0,10,17,26,6,1,3,0,245,2,8,14,9,2,0,0,3,0,1,0,0,0,0,1,0,30,15,14,16,0,9,11,81.8,2,10,5,5,12,42,16,0,49.0,497,48,151,233,120,22,496,32,12,37.5,17,53.1,245,1547,642,20,21,3,18,5,238,25,3,0,0,8,12,2,17,12,15,1,0,0,58,21,16,56.8,10,3,30.0,0.0,0.0,19.9,0,0,0,0.6,0.6,0.06,-0.6,-0.6,3,2,100.0,0.0,1.2,0.2,1.0,1.0,0.0,0.0,9,21,42.9,23,6,73.9,50.8,5,80.0,52.6,13,2,15.4,0,10.7,279,384,72.7,5029,2181,129,148,87.2,114,142,80.3,27,72,37.5,0,0.5,0.5,8,22,1,0,32,384,330,54,10,1,1,16,32,5,3,1,0,279,0,7,17,12,2,0,2,0,1,0,0,0,0,0,0,0,22,13,15,5,2,17,29,58.6,12,11,3,8,16,38,15,0,51.0,513,52,143,249,133,13,513,11,2,18.2,9,81.8,215,1229,626,18,15,5,26,21,275,32,3,0,0,12,8,0,16,16,13,0,1,0,60,16,21,43.2
2022-10-16,21:06,Liga MX,Quarter-finals,Sun,Away,L,1,2,UANL,Pachuca,0.9,0.9,56,15565.0,Guido Pizarro,4-2-3-1,Fernando Guerrero,14,1,7.1,0.07,1.0,18.8,0,0,0,0.9,0.9,0.06,0.1,0.1,8,6,75.0,0.0,2.5,0.5,0.0,0.0,0.0,0.0,10,21,47.6,29,4,44.8,38.2,11,72.7,52.5,5,0,0.0,0,22.0,372,489,76.1,7916,2952,131,154,85.1,160,199,80.4,71,110,64.5,1,0.7,0.6,10,48,8,5,44,489,424,64,13,1,15,22,34,3,1,1,0,372,1,9,26,21,2,1,1,1,0,2,2,0,0,0,0,0,16,8,9,6,1,10,18,55.6,8,7,1,6,8,24,9,0,56.0,604,53,153,305,153,18,604,17,4,23.5,11,64.7,291,1891,884,20,11,4,17,16,370,43,4,1,1,12,11,1,22,8,8,0,0,0,49,22,26,45.8,12,8,66.7,0.17,0.25,22.6,1,0,0,0.9,0.9,0.07,1.1,1.1,1,0,0.0,0.0,0.7,-0.3,0.0,0.0,0.0,0.0,10,32,31.3,25,1,88.0,60.2,12,83.3,60.1,18,3,16.7,1,13.0,257,379,67.8,5412,2412,96,132,72.7,113,134,84.3,43,90,47.8,2,0.7,1.0,7,26,8,3,30,379,325,53,12,0,4,7,25,2,1,0,0,257,1,7,22,18,1,1,0,1,1,4,4,0,0,0,0,0,27,15,12,14,1,11,15,73.3,4,11,3,8,15,42,13,0,44.0,506,63,167,236,110,16,506,20,8,40.0,10,50.0,217,1502,675,17,14,2,21,6,253,30,3,1,1,12,12,1,7,15,15,0,0,0,56,26,22,54.2
2023-01-08,19:00,Liga MX,Clausura 2023 Regular Season,Sun,Away,W,3,0,UANL,Santos,1.6,1.5,43,17017.0,Guido Pizarro,4-3-3,Oscar Mejia,17,6,35.3,0.18,0.5,17.8,1,0,0,1.6,1.6,0.1,1.4,1.4,7,7,100.0,1.0,1.3,1.3,0.0,0.0,0.0,0.0,4,15,26.7,15,1,66.7,47.5,8,62.5,43.3,17,1,5.9,0,7.0,320,405,79.0,5555,2007,136,156,87.2,118,140,84.3,40,72,55.6,3,1.0,1.4,12,16,4,1,27,405,363,42,9,0,2,14,18,6,1,4,0,320,0,6,29,21,3,0,4,1,0,6,6,0,0,0,0,0,31,18,15,12,4,12,18,66.7,6,21,5,16,16,47,25,0,43.0,555,64,189,246,125,21,555,8,6,75.0,1,12.5,234,1262,600,11,12,5,8,11,316,27,2,0,0,11,9,0,14,16,18,0,0,0,53,13,11,54.2,16,7,43.8,0.0,0.0,17.1,1,0,0,1.5,1.5,0.1,-1.5,-1.5,6,3,50.0,0.0,2.2,-0.8,0.0,0.0,0.0,0.0,1,5,20.0,22,4,18.2,26.2,7,14.3,29.3,12,0,0.0,3,13.9,448,540,83.0,7500,2619,243,258,94.2,148,169,87.6,50,76,65.8,0,1.0,0.7,11,45,6,1,44,540,479,61,10,0,6,22,30,10,5,3,1,448,0,17,24,14,5,0,4,1,0,0,0,0,0,0,0,0,12,4,6,4,2,1,7,14.3,6,12,6,6,6,18,16,1,57.0,662,49,165,327,177,22,662,20,6,30.0,12,60.0,436,2155,946,13,20,3,20,19,445,44,2,1,0,10,11,0,22,6,4,0,0,0,52,11,13,45.8
2023-01-15,19:05,Liga MX,Clausura 2023 Regular Season,Sun,Home,W,4,1,UANL,Pachuca,2.7,2.3,49,41615.0,Guido Pizarro,4-3-3,Marco Ortíz,17,7,41.2,0.24,0.57,16.4,2,0,0,2.7,2.7,0.16,1.3,1.3,3,2,66.7,0.0,1.5,0.5,0.0,0.0,0.0,0.0,8,15,53.3,27,2,48.1,42.5,6,33.3,34.7,10,1,10.0,0,8.8,354,452,78.3,6199,2715,182,216,84.3,113,134,84.3,47,68,69.1,4,2.5,1.8,12,26,8,6,23,452,400,49,13,2,3,17,23,5,1,1,0,354,3,9,28,18,4,1,2,2,1,7,6,0,0,0,0,1,37,20,13,17,7,22,30,73.3,8,19,4,15,8,45,18,0,49.0,610,54,173,300,145,25,610,23,10,43.5,12,52.2,335,1525,627,11,14,2,21,5,350,23,2,0,0,19,14,3,17,8,20,0,0,0,68,19,6,76.0,13,3,23.1,0.08,0.33,16.0,0,0,0,2.3,2.3,0.2,-1.3,-1.3,7,3,42.9,0.0,3.5,-0.5,0.0,0.0,0.0,0.0,7,14,50.0,21,6,28.6,29.9,11,72.7,48.7,13,0,0.0,1,23.0,386,478,80.8,6012,2530,203,225,90.2,128,152,84.2,33,56,58.9,0,1.7,1.3,11,24,5,0,35,478,403,75,22,1,3,16,34,3,2,1,0,386,0,17,25,16,2,3,1,2,1,1,0,0,0,1,0,0,17,9,5,10,2,12,22,54.5,10,10,3,7,12,29,14,1,51.0,628,48,162,348,125,21,628,35,8,22.9,22,62.9,373,1511,628,10,14,3,22,15,380,35,2,0,0,15,18,0,16,12,9,0,0,0,51,6,19,24.0
2023-01-20,19:10,Liga MX,Clausura 2023 Regular Season,Fri,Away,D,1,1,UANL,Tijuana,0.5,0.6,61,23333.0,Guido Pizarro,4-3-3,Adonai Escobedo,11,5,45.5,0.09,0.2,22.5,1,0,0,0.5,0.5,0.05,0.5,0.5,2,1,50.0,0.0,1.1,0.1,0.0,0.0,0.0,0.0,8,23,34.8,38,5,50.0,37.5,9,44.4,38.0,11,0,0.0,0,15.0,474,640,74.1,8719,3289,208,247,84.2,204,262,77.9,57,102,55.9,1,0.5,0.6,10,42,6,1,57,640,561,76,25,1,5,11,36,4,0,3,0,474,3,12,21,17,1,1,1,1,0,2,2,0,0,0,0,0,24,14,7,11,6,11,20,55.0,9,13,1,12,21,45,10,0,61.0,771,64,217,399,159,10,771,19,7,36.8,9,47.4,290,1400,682,13,9,1,24,15,471,57,3,0,0,8,23,3,11,21,14,0,0,0,71,16,20,44.4,8,2,25.0,0.13,0.5,16.7,0,0,0,0.6,0.6,0.08,0.4,0.4,5,4,80.0,0.0,0.5,-0.5,0.0,0.0,0.0,0.0,6,17,35.3,21,4,61.9,41.4,6,66.7,46.2,11,1,9.1,0,10.0,251,411,61.1,4357,1889,114,148,77.0,100,148,67.6,27,78,34.6,1,0.6,0.7,7,18,3,2,25,411,357,51,11,1,5,15,28,4,0,4,0,251,3,15,16,10,1,2,0,1,2,2,1,0,1,0,0,0,24,15,9,14,1,9,16,56.3,7,13,1,12,16,40,20,0,39.0,552,52,198,266,99,9,552,23,9,39.1,11,47.8,263,1564,711,19,13,4,27,13,245,24,3,0,0,23,7,3,15,16,15,0,0,0,89,20,16,55.6
2023-01-28,19:05,Liga MX,Clausura 2023 Regular Season,Sat,Home,D,0,0,UANL,Atlético,1.5,0.1,71,41615.0,Guido Pizarro,5-3-2,Diego Montaño,18,3,16.7,0.0,0.0,13.0,0,0,0,1.5,1.5,0.09,-1.5,-1.5,0,0,,1.0,0.0,0.0,0.0,0.0,0.0,0.0,1,3,33.3,18,2,5.6,20.2,8,25.0,30.8,3,0,0.0,4,29.2,726,830,87.5,12452,3635,342,366,93.4,319,352,90.6,57,87,65.5,0,1.6,1.6,18,66,15,12,73,830,781,46,12,2,3,53,15,10,0,7,0,726,3,9,35,26,4,3,2,0,0,0,0,0,0,0,0,0,12,6,2,8,2,4,13,30.8,9,6,0,6,9,21,6,0,71.0,924,23,109,570,250,39,924,29,8,27.6,15,51.7,521,2488,1386,25,18,6,10,4,723,73,1,0,0,11,11,3,53,9,6,0,0,0,52,20,10,66.7,2,0,0.0,0.0,,59.9,0,0,0,0.1,0.1,0.03,-0.1,-0.1,3,3,100.0,1.0,1.1,1.1,0.0,0.0,0.0,0.0,8,20,40.0,19,2,73.7,45.5,10,60.0,44.6,43,1,2.3,0,3.5,263,346,76.0,4355,1923,144,161,89.4,82,103,79.6,29,64,45.3,0,0.0,0.1,0,9,1,0,19,346,313,32,14,0,1,6,7,0,0,0,0,263,1,7,1,0,0,0,0,0,1,0,0,0,0,0,0,0,19,9,12,6,1,15,23,65.2,8,9,4,5,9,28,56,0,29.0,474,103,228,204,47,2,474,14,9,64.3,4,28.6,225,1022,394,3,5,0,20,8,260,19,2,0,0,11,10,1,6,9,9,0,0,0,50,10,20,33.3
2023-02-04,19:05,Liga MX,Clausura 2023 Regular Season,Sat,Away,W,1,0,UANL,Cruz Azul,1.2,1.2,51,20164.0,Guido Pizarro,4-4-2,Luis Santander,11,3,27.3,0.09,0.33,20.8,0,0,0,1.2,1.2,0.11,-0.2,-0.2,3,3,100.0,1.0,0.5,0.5,0.0,0.0,0.0,0.0,10,24,41.7,35,3,42.9,36.7,12,75.0,53.3,20,1,5.0,3,18.8,463,578,80.1,8214,3077,225,241,93.4,180,213,84.5,51,98,52.0,1,1.1,1.0,8,22,5,3,35,578,515,63,13,2,7,12,33,4,0,1,0,463,0,14,20,16,2,1,0,1,0,2,2,0,0,0,0,0,13,8,5,6,2,6,18,33.3,12,13,3,10,20,33,13,0,51.0,694,60,231,334,136,12,694,21,9,42.9,7,33.3,431,1868,892,15,15,3,16,9,463,35,1,0,0,8,13,0,12,20,8,0,0,0,65,12,18,40.0,16,3,18.8,0.0,0.0,18.2,0,0,0,1.2,1.2,0.08,-1.2,-1.2,3,2,66.7,0.0,0.5,-0.5,0.0,0.0,0.0,0.0,2,7,28.6,22,3,13.6,25.2,13,30.8,37.3,8,0,0.0,4,20.6,443,566,78.3,7560,2861,202,234,86.3,204,242,84.3,27,59,45.8,0,0.9,1.0,12,34,10,8,45,566,516,49,8,1,5,26,21,5,0,0,0,443,1,12,30,21,3,4,1,0,1,0,0,0,0,0,0,0,16,9,7,7,2,7,16,43.8,9,16,4,12,13,29,10,0,49.0,679,52,184,326,173,20,679,19,12,63.2,6,31.6,449,2232,1191,25,21,5,13,7,440,45,1,0,0,13,7,1,26,13,9,0,0,0,68,18,12,60.0
2023-02-11,19:05,Liga MX,Clausura 2023 Regular Season,Sat,Home,W,4,2,UANL,UNAM,2.8,1.0,58,41615.0,Guido Pizarro,4-4-2,Fernando Hernández,18,4,22.2,0.11,0.5,16.6,1,1,1,2.8,2.0,0.12,0.2,0.0,7,5,71.4,0.0,1.8,-0.2,0.0,0.0,0.0,0.0,10,15,66.7,23,1,47.8,38.4,6,66.7,41.0,15,1,6.7,0,11.5,434,553,78.5,8259,3025,181,215,84.2,194,230,84.3,53,90,58.9,2,1.5,1.5,12,35,14,5,60,553,495,56,13,2,5,18,26,8,4,2,0,434,2,10,33,23,1,3,4,1,1,5,2,0,2,1,0,0,17,13,4,9,4,5,10,50.0,5,11,3,8,10,27,15,1,58.0,667,55,146,344,180,34,666,19,6,31.6,11,57.9,293,1586,690,17,9,6,12,10,430,60,3,0,0,8,11,2,18,10,13,0,0,0,64,8,16,33.3,13,7,53.8,0.15,0.29,17.7,1,0,0,1.0,1.0,0.08,1.0,1.0,5,2,40.0,0.0,2.0,-1.0,1.0,1.0,0.0,0.0,6,11,54.5,21,3,23.8,24.5,8,75.0,45.0,16,0,0.0,1,17.0,297,393,75.6,5684,2240,120,140,85.7,136,167,81.4,37,71,52.1,1,0.5,0.5,9,18,6,2,23,393,348,42,9,0,2,16,13,7,4,3,0,297,3,9,24,12,2,3,3,1,3,3,1,0,1,0,0,1,21,14,10,9,2,11,17,64.7,6,13,3,10,15,36,28,2,42.0,539,74,197,262,89,15,539,11,5,45.5,5,45.5,239,1386,678,9,6,2,28,12,291,23,3,0,0,13,8,3,16,15,14,0,1,1,68,16,8,66.7
2023-02-14,19:05,Liga MX,Clausura 2023 Regular Season,Tue,Home,D,0,0,UANL,FC Juárez,1.3,0.4,56,39246.0,Guido Pizarro,4-4-2,César Arturo Ramos,14,3,21.4,0.0,0.0,16.8,0,0,0,1.3,1.3,0.09,-1.3,-1.3,4,4,100.0,1.0,0.5,0.5,0.0,0.0,0.0,0.0,1,6,16.7,27,5,22.2,27.8,6,0.0,20.7,17,1,5.9,0,12.0,476,579,82.2,7773,2758,235,262,89.7,195,226,86.3,31,65,47.7,0,1.2,1.6,12,35,15,7,54,579,533,44,12,2,4,20,22,3,0,0,0,476,2,8,24,19,1,3,0,0,1,0,0,0,0,0,0,0,25,13,13,10,2,13,24,54.2,11,14,2,12,9,34,22,0,56.0,713,58,189,357,174,29,713,26,14,53.8,9,34.6,378,2206,1125,24,16,2,24,8,470,53,2,0,0,11,11,2,20,9,13,0,0,0,66,15,12,55.6,12,4,33.3,0.0,0.0,26.8,2,0,0,0.4,0.4,0.03,-0.4,-0.4,3,3,100.0,1.0,0.2,0.2,0.0,0.0,0.0,0.0,2,13,15.4,21,5,33.3,37.3,14,42.9,44.6,16,1,6.3,1,13.8,338,449,75.3,5962,2412,158,176,89.8,139,180,77.2,32,66,48.5,0,0.3,0.3,10,15,2,2,33,449,383,66,11,0,4,23,33,7,1,6,0,338,0,14,21,16,1,0,0,2,2,0,0,0,0,0,0,0,17,7,8,7,2,9,23,39.1,14,8,2,6,13,30,23,1,44.0,584,74,206,267,118,7,584,26,11,42.3,13,50.0,340,1866,926,17,16,3,19,12,334,33,3,1,0,12,10,0,23,13,7,0,0,0,59,12,15,44.4
2023-02-18,19:05,Liga MX,Clausura 2023 Regular Season,Sat,Away,W,1,0,UANL,Atlas,1.3,0.7,56,17315.0,Guido Pizarro,4-2-3-1,Adonai Escobedo,9,3,33.3,0.11,0.33,23.4,1,0,1,1.3,0.5,0.06,-0.3,0.5,2,2,100.0,1.0,0.6,0.6,0.0,0.0,0.0,0.0,10,29,34.5,37,1,67.6,46.5,6,66.7,46.7,14,2,14.3,0,9.4,387,494,78.3,7206,2701,175,193,90.7,162,191,84.8,49,94,52.1,1,0.5,0.6,7,38,4,3,31,494,445,45,15,0,1,11,18,5,2,2,0,387,4,7,18,13,1,2,0,2,0,2,2,0,0,0,0,0,19,9,12,7,0,10,17,58.8,7,6,1,5,11,30,19,0,56.0,603,56,204,294,114,9,602,20,6,30.0,10,50.0,275,1446,635,11,9,3,14,7,382,31,5,1,0,14,14,4,11,11,9,1,0,0,53,32,26,55.2,10,2,20.0,0.0,0.0,21.3,3,0,0,0.7,0.7,0.08,-0.7,-0.7,4,2,75.0,0.0,1.5,0.5,1.0,0.0,1.0,0.0,7,18,38.9,25,0,48.0,39.2,7,85.7,68.3,10,0,0.0,2,22.0,280,396,70.7,5710,2460,89,111,80.2,156,200,78.0,35,76,46.1,0,0.4,0.4,6,24,5,2,37,396,340,54,13,1,2,16,30,2,0,2,0,280,2,6,17,9,4,1,0,3,0,0,0,0,0,0,0,0,17,10,10,6,1,10,16,62.5,6,7,1,6,11,28,12,0,44.0,499,40,166,234,107,20,499,20,7,35.0,10,50.0,234,950,401,9,14,2,15,9,273,37,5,0,0,15,14,2,16,11,10,0,1,0,46,26,32,44.8
2023-02-25,19:05,Liga MX,Clausura 2023 Regular Season,Sat,Home,L,1,2,UANL,Guadalajara,1.8,0.9,66,41615.0,Guido Pizarro,4-2-3-1,Daniel Quintero,19,2,10.5,0.0,0.0,18.5,1,1,1,1.8,1.1,0.06,-0.8,-1.1,4,2,50.0,0.0,2.6,0.6,0.0,0.0,0.0,0.0,4,9,44.4,25,0,32.0,30.4,6,16.7,27.5,7,1,14.3,0,12.0,510,618,82.5,10128,3562,177,208,85.1,252,288,87.5,73,100,73.0,0,0.9,1.2,14,57,15,8,63,618,551,63,16,1,2,39,29,9,2,4,0,510,4,8,35,23,6,2,2,2,0,1,0,0,0,1,0,0,19,9,5,9,5,6,10,60.0,4,10,1,9,7,26,7,0,66.0,749,36,147,381,227,27,748,31,11,35.5,17,54.8,420,2149,1074,21,17,2,27,10,507,61,2,0,0,11,14,4,39,7,9,0,0,0,66,21,14,60.0,7,4,57.1,0.29,0.5,15.9,0,0,0,0.9,0.9,0.15,1.1,1.1,3,2,100.0,0.0,0.9,-0.1,1.0,1.0,0.0,0.0,7,20,35.0,17,4,52.9,42.8,16,68.8,55.5,29,1,3.4,0,3.0,210,314,66.9,4235,2018,85,100,85.0,88,117,75.2,34,80,42.5,2,0.8,0.5,6,20,2,0,22,314,254,60,14,0,5,8,25,3,2,1,0,210,0,10,10,6,2,0,1,1,0,4,3,1,0,0,0,0,27,12,19,8,0,17,28,60.7,11,9,3,6,12,39,22,0,34.0,463,81,204,192,70,6,463,13,4,30.8,6,46.2,188,967,384,4,4,1,32,13,210,22,6,0,0,18,11,0,8,12,12,0,1,0,56,14,21,40.0
2023-03-03,19:05,Liga MX,Clausura 2023 Regular Season,Fri,Away,W,1,0,UANL,Necaxa,0.6,0.9,52,14822.0,Guido Pizarro,4-2-3-1,Fernando Hernández,9,4,44.4,0.11,0.25,21.9,0,0,0,0.6,0.6,0.06,0.4,0.4,2,2,100.0,1.0,0.2,0.2,0.0,0.0,0.0,0.0,7,22,31.8,38,4,47.4,37.7,10,40.0,42.0,11,1,9.1,2,18.8,409,517,79.1,7311,2791,199,211,94.3,164,196,83.7,38,84,45.2,1,0.5,0.6,8,25,4,2,30,517,453,61,25,1,6,15,24,1,0,0,0,409,3,4,17,16,0,1,0,0,0,2,2,0,0,0,0,0,18,12,11,6,1,11,21,52.4,10,16,6,10,9,27,16,0,52.0,644,61,196,324,134,15,644,19,9,47.4,7,36.8,323,2075,893,21,14,4,21,6,407,30,5,0,0,11,21,3,15,9,12,0,0,0,55,16,19,45.7,18,2,11.1,0.0,0.0,19.8,1,0,0,0.9,0.9,0.05,-0.9,-0.9,4,3,75.0,0.0,0.4,-0.6,0.0,0.0,0.0,0.0,2,10,20.0,27,5,29.6,30.2,9,22.2,36.0,11,0,0.0,3,32.3,370,484,76.4,7332,2788,135,158,85.4,179,217,82.5,54,88,61.4,0,0.7,0.7,15,32,10,4,37,484,429,52,13,0,1,14,26,2,1,1,0,370,3,13,30,23,1,0,4,2,0,0,0,0,0,0,0,0,13,6,5,5,3,7,16,43.8,9,6,3,3,10,23,10,0,48.0,589,45,179,284,131,24,589,21,10,47.6,11,52.4,289,1737,784,11,7,1,12,7,368,37,4,0,0,21,11,3,14,10,6,0,0,0,58,19,16,54.3
2023-03-11,21:10,Liga MX,Clausura 2023 Regular Season,Sat,Home,L,0,2,UANL,América,0.7,1.4,56,41615.0,Guido Pizarro,4-2-3-1,Victor Caceres,9,2,22.2,0.0,0.0,16.0,0,0,0,0.7,0.7,0.08,-0.7,-0.7,5,3,60.0,0.0,1.6,-0.4,0.0,0.0,0.0,0.0,0,3,0.0,31,11,9.7,25.7,7,0.0,16.4,8,1,12.5,0,13.0,462,583,79.2,8459,3068,193,223,86.5,214,250,85.6,47,82,57.3,0,0.4,0.7,5,39,8,2,42,583,522,58,15,0,6,23,30,3,1,2,0,462,3,10,15,13,0,1,1,0,0,0,0,0,0,0,0,0,19,10,8,9,2,5,11,45.5,6,8,2,6,5,24,10,0,56.0,674,63,214,348,116,13,674,25,10,40.0,15,60.0,367,2095,1000,14,11,2,10,8,454,41,2,0,0,14,13,3,23,5,10,0,0,0,51,19,21,47.5,13,5,38.5,0.15,0.4,26.6,0,0,0,1.4,1.4,0.11,0.6,0.6,2,2,100.0,1.0,0.3,0.3,0.0,0.0,0.0,0.0,6,20,30.0,28,4,50.0,38.9,7,85.7,60.0,16,0,0.0,0,8.3,355,454,78.2,6524,2797,159,177,89.8,150,180,83.3,41,78,52.6,2,1.3,1.1,11,34,4,0,38,454,406,47,16,1,4,9,20,3,1,2,0,355,1,7,21,15,3,2,0,1,0,4,3,0,1,0,0,0,23,19,14,9,0,15,25,60.0,10,11,2,9,10,33,17,0,44.0,569,65,178,290,107,11,569,11,6,54.5,5,45.5,284,1257,603,9,6,2,21,14,348,36,3,0,0,13,14,1,9,10,19,0,0,0,62,22,19,53.7
2023-03-18,19:05,Liga MX,Clausura 2023 Regular Season,Sat,Home,L,0,1,UANL,Monterrey,1.3,1.1,60,41615.0,Guido Pizarro,4-4-2,César Arturo Ramos,15,8,53.3,0.0,0.0,17.0,1,0,0,1.3,1.3,0.09,-1.3,-1.3,2,1,50.0,0.0,0.5,-0.5,0.0,0.0,0.0,0.0,8,24,33.3,45,3,44.4,38.5,9,44.4,37.4,17,1,5.9,5,24.3,412,545,75.6,8000,3185,153,176,86.9,193,228,84.6,58,101,57.4,0,1.2,1.1,12,38,10,4,44,545,479,58,16,1,6,24,26,5,3,1,0,412,8,11,29,20,3,2,2,1,1,0,0,0,0,0,0,0,22,16,10,10,2,8,16,50.0,8,16,5,11,9,31,19,0,60.0,676,63,204,323,156,19,676,22,10,45.5,10,45.5,339,1746,891,20,12,0,23,7,403,43,3,0,0,13,17,8,24,9,16,0,0,0,75,25,20,55.6,13,2,15.4,0.08,0.5,21.2,1,0,0,1.1,1.1,0.08,-0.1,-0.1,8,8,100.0,1.0,1.6,1.6,0.0,0.0,0.0,0.0,11,26,42.3,31,3,67.7,49.5,6,83.3,61.5,17,0,0.0,3,18.6,225,357,63.0,4733,2424,83,114,72.8,102,142,71.8,39,85,45.9,1,0.8,0.6,8,28,7,4,33,357,297,60,20,1,2,19,29,4,1,2,0,225,0,12,20,14,1,1,3,1,0,1,1,0,0,0,0,0,17,7,5,9,3,10,20,50.0,10,8,0,8,12,29,25,0,40.0,487,49,172,203,116,17,487,21,8,38.1,8,38.1,217,996,416,6,3,2,18,14,225,33,3,0,0,17,13,0,19,12,7,0,0,0,59,20,25,44.4
2023-04-02,13:00,Liga MX,Clausura 2023 Regular Season,Sun,Away,L,2,3,UANL,Toluca,2.0,0.9,39,27073.0,Guido Pizarro,4-4-2,Marco Ortíz,12,1,8.3,0.08,1.0,19.7,2,1,1,2.0,1.4,0.12,0.0,-0.4,5,3,40.0,0.0,0.6,-1.4,0.0,0.0,0.0,0.0,7,12,58.3,29,5,31.0,31.1,10,30.0,30.8,8,1,12.5,2,19.5,336,413,81.4,6237,2491,143,158,90.5,141,154,91.6,40,67,59.7,1,1.3,0.8,8,29,4,1,30,413,355,57,14,1,8,16,26,3,1,2,0,336,1,16,21,10,2,4,3,2,0,2,0,0,0,2,0,0,12,2,7,4,1,3,8,37.5,5,7,2,5,5,17,9,1,39.0,499,49,182,199,120,11,498,18,10,55.6,6,33.3,277,1393,735,12,9,2,14,16,330,30,5,1,1,14,16,1,16,5,2,0,0,1,40,13,6,68.4,10,5,50.0,0.2,0.4,18.1,1,0,0,0.9,0.9,0.1,1.1,1.1,2,0,50.0,0.0,1.7,-0.3,1.0,1.0,0.0,0.0,4,9,44.4,16,0,37.5,37.9,13,23.1,26.2,13,0,0.0,0,,563,634,88.8,9513,2826,281,296,94.9,235,257,91.4,45,69,65.2,1,0.5,0.5,6,31,7,1,39,634,580,54,14,0,4,10,22,2,1,1,0,563,0,5,14,8,3,1,0,2,0,2,1,1,0,0,0,0,22,16,12,9,1,6,16,37.5,10,17,2,15,6,28,13,0,61.0,746,53,219,403,126,17,746,12,5,41.7,3,25.0,435,2288,1104,22,16,5,25,9,562,39,1,0,0,17,13,0,10,6,16,0,1,0,35,6,13,31.6
2023-04-08,20:05,Liga MX,Clausura 2023 Regular Season,Sat,Home,L,1,2,UANL,Mazatlán,2.9,1.2,70,28879.0,Guido Pizarro,4-2-3-1,Fernando Guerrero,33,12,36.4,0.03,0.08,18.4,0,0,0,2.9,2.9,0.09,-1.9,-1.9,6,4,66.7,0.0,1.8,-0.2,0.0,0.0,0.0,0.0,2,4,50.0,30,10,13.3,24.0,2,0.0,20.0,9,2,22.2,3,17.0,596,708,84.2,11355,4041,208,229,90.8,307,342,89.8,69,113,61.1,1,2.5,1.8,24,78,18,5,96,708,661,47,11,4,3,37,22,9,7,2,0,596,0,11,56,40,4,1,8,1,2,2,2,0,0,0,0,0,19,11,7,10,2,9,22,40.9,13,11,2,9,6,25,10,1,70.0,831,38,162,439,237,40,831,22,10,45.5,9,40.9,538,2648,1347,24,20,2,24,5,589,95,0,0,0,11,10,0,37,6,11,0,0,0,60,17,16,51.5,10,6,60.0,0.2,0.33,18.7,0,0,0,1.2,1.2,0.12,0.8,0.8,12,11,91.7,0.0,2.4,1.4,0.0,0.0,0.0,0.0,5,23,21.7,23,9,30.4,34.1,18,88.9,58.6,31,2,6.5,0,8.6,212,308,68.8,4387,1966,71,90,78.9,105,125,84.0,35,81,43.2,1,0.7,0.4,7,18,6,4,20,308,261,46,11,0,3,12,14,1,1,0,0,212,1,12,16,12,0,1,2,0,1,3,2,0,0,1,0,0,14,11,10,4,0,9,19,47.4,10,14,7,7,9,23,51,2,30.0,449,105,233,174,53,10,449,23,13,56.5,9,39.1,180,1185,693,14,15,3,14,10,211,20,2,0,0,10,10,1,12,9,11,0,0,0,47,16,17,48.5
2023-04-16,18:00,Liga MX,Clausura 2023 Regular Season,Sun,Away,D,0,0,UANL,Querétaro,0.5,1.1,57,17988.0,Guido Pizarro,4-2-3-1,Óscar Macias,9,2,22.2,0.0,0.0,25.8,1,0,0,0.5,0.5,0.06,-0.5,-0.5,0,0,,1.0,0.0,0.0,0.0,0.0,0.0,0.0,7,12,58.3,29,3,31.0,30.8,10,30.0,36.5,12,0,0.0,3,25.7,453,572,79.2,8210,3107,187,208,89.9,196,233,84.1,52,88,59.1,0,0.3,0.4,6,29,5,1,38,572,507,63,17,0,7,16,32,3,2,1,0,453,2,11,16,11,2,1,1,1,0,0,0,0,0,0,0,0,25,14,11,10,4,18,28,64.3,10,10,2,8,8,33,17,0,57.0,687,58,208,364,118,11,687,19,10,52.6,7,36.8,318,1678,851,11,8,0,18,14,447,38,3,0,0,11,16,2,16,8,14,0,0,0,62,12,16,42.9,8,0,0.0,0.0,,17.4,0,0,0,1.1,1.1,0.14,-1.1,-1.1,2,2,100.0,1.0,0.3,0.3,0.0,0.0,0.0,0.0,6,16,37.5,23,4,43.5,40.2,7,85.7,62.6,11,0,0.0,0,,306,426,71.8,6721,2776,100,124,80.6,136,157,86.6,64,122,52.5,0,1.1,1.1,8,33,6,3,27,426,371,55,13,0,8,15,26,8,0,8,0,306,0,10,15,11,3,0,1,0,0,0,0,0,0,0,0,0,21,13,9,9,3,7,17,41.2,10,9,0,9,11,32,16,0,43.0,553,44,177,273,109,13,553,29,10,34.5,18,62.1,253,1470,622,9,9,2,18,7,304,27,2,0,0,18,11,0,15,11,13,0,0,0,69,16,12,57.1
2023-04-20,21:05,Liga MX,Clausura 2023 Regular Season,Thu,Home,W,1,0,UANL,Puebla,3.0,0.4,55,32737.0,Nahuel Guzmán,4-4-2,Erick Miranda,20,5,25.0,0.0,0.0,18.2,0,1,1,3.0,2.2,0.13,-2.0,-2.2,2,2,100.0,1.0,0.1,0.1,0.0,0.0,0.0,0.0,3,9,33.3,34,8,17.6,28.2,8,37.5,39.5,16,2,12.5,3,18.6,455,548,83.0,8109,3083,208,226,92.0,192,220,87.3,46,81,56.8,0,1.7,1.2,14,47,12,1,52,548,501,45,15,0,2,18,14,7,1,5,0,455,2,5,37,28,2,2,2,2,1,2,1,0,0,0,1,0,16,10,9,5,2,8,13,61.5,5,5,2,3,9,25,22,1,55.0,644,56,183,317,148,24,643,12,6,50.0,5,41.7,378,2138,1246,27,8,2,13,8,451,52,2,0,0,11,14,2,18,9,10,1,0,0,53,8,11,42.1,11,2,18.2,0.0,0.0,24.1,0,0,0,0.4,0.4,0.04,-0.4,-0.4,6,5,100.0,0.0,2.8,1.8,1.0,1.0,0.0,0.0,5,14,35.7,21,8,33.3,31.7,15,46.7,39.4,16,1,6.3,0,4.5,348,446,78.0,6563,2532,154,169,91.1,124,145,85.5,58,105,55.2,0,0.4,0.4,9,24,6,1,36,446,391,53,13,0,9,21,20,3,1,2,0,348,2,7,18,14,3,1,0,0,0,0,0,0,0,0,0,0,13,8,7,6,0,5,11,45.5,6,7,4,3,10,23,20,0,45.0,549,70,195,267,94,14,549,14,5,35.7,8,57.1,258,1676,913,23,12,1,13,8,344,36,4,0,0,14,10,2,21,10,8,0,1,0,46,11,8,57.9
2023-04-30,20:05,Liga MX,Clausura 2023 Regular Season,Sun,Away,L,0,3,UANL,León,0.5,0.8,47,24163.0,Nahuel Guzmán,4-4-2,Fernando Guerrero,16,2,12.5,0.0,0.0,25.8,1,0,0,0.5,0.5,0.03,-0.5,-0.5,7,4,57.1,0.0,1.5,-0.7,0.0,0.0,0.0,0.0,5,13,38.5,31,8,32.3,36.9,6,50.0,42.2,13,2,15.4,1,12.2,353,434,81.3,6479,2493,151,163,92.6,146,166,88.0,43,79,54.4,0,0.3,0.4,11,25,4,2,28,434,375,57,20,1,3,20,21,6,1,4,0,353,2,8,28,22,1,3,1,1,0,0,0,0,0,0,0,0,15,12,9,3,3,7,19,36.8,12,12,2,10,13,28,14,0,47.0,545,58,200,218,134,10,545,25,9,36.0,14,56.0,295,1850,879,18,11,5,15,10,352,28,2,0,0,16,19,2,20,13,12,0,0,0,48,8,11,42.1,13,7,53.8,0.23,0.43,17.1,0,0,0,0.8,0.8,0.06,2.2,2.2,2,2,100.0,1.0,0.4,0.4,0.0,0.0,0.0,0.0,2,5,40.0,26,7,19.2,31.2,15,0.0,16.9,13,2,15.4,1,13.4,413,496,83.3,7955,3093,173,192,90.1,179,197,90.9,54,85,63.5,3,0.7,0.6,11,31,8,4,33,496,433,61,18,3,9,14,23,4,2,2,0,413,2,11,22,16,4,2,0,0,0,6,4,1,1,0,0,0,24,14,13,5,6,14,23,60.9,9,5,1,4,2,26,16,1,53.0,602,63,203,266,143,25,602,20,12,60.0,7,35.0,400,2100,1130,26,20,9,19,8,405,31,2,0,0,19,16,2,14,2,14,0,0,0,47,11,8,57.9
2023-05-07,22:10,Liga MX,Reclassification,Sun,Home,W,1,0,UANL,Puebla,1.6,1.1,54,31233.0,Guido Pizarro,4-2-3-1,Marco Ortíz,23,9,39.1,0.04,0.11,18.4,1,0,0,1.6,1.6,0.08,-0.6,-0.6,2,2,100.0,1.0,0.1,0.1,1.0,0.0,0.0,1.0,3,17,17.6,38,1,28.9,31.5,9,66.7,45.7,14,0,0.0,0,11.0,443,530,83.6,7247,2758,229,248,92.3,168,182,92.3,33,72,45.8,1,1.3,1.2,19,38,12,4,41,530,484,45,15,5,0,16,17,3,1,2,0,443,1,7,43,33,2,3,3,1,1,2,2,0,0,0,0,0,16,8,2,13,1,4,20,20.0,16,14,3,11,14,30,18,0,54.0,654,64,180,329,152,31,654,19,8,42.1,8,42.1,420,2387,1240,25,17,9,11,7,441,41,3,0,0,9,16,1,16,14,8,0,1,0,60,14,17,45.2,12,2,16.7,0.0,0.0,23.8,0,0,1,1.1,0.5,0.04,-1.1,-0.5,9,8,88.9,0.0,2.0,1.0,0.0,0.0,0.0,0.0,5,13,38.5,24,7,41.7,37.0,11,27.3,29.9,13,1,7.7,1,11.8,349,459,76.0,6548,2543,154,172,89.5,130,157,82.8,54,93,58.1,0,0.4,0.3,10,29,5,1,24,459,409,49,9,0,5,18,21,6,1,5,0,349,1,14,22,15,2,4,1,0,0,0,0,0,0,0,0,0,15,9,5,9,1,8,16,50.0,8,11,6,5,4,19,17,0,46.0,559,69,190,270,107,13,558,20,16,80.0,4,20.0,298,1600,833,13,10,1,16,12,346,24,4,0,0,16,7,1,18,4,9,0,0,0,54,17,14,54.8
2023-05-11,22:10,Liga MX,Quarter-finals,Thu,Home,W,4,1,UANL,Toluca,1.0,0.8,49,34490.0,Guido Pizarro,4-2-3-1,Adonai Escobedo,11,4,36.4,0.09,0.25,17.0,0,0,0,1.0,1.0,0.09,0.0,0.0,4,1,25.0,0.0,1.3,-1.7,0.0,0.0,0.0,0.0,9,18,50.0,26,3,38.5,38.4,13,61.5,46.1,10,3,30.0,1,10.8,386,474,81.4,6631,2535,198,209,94.7,127,157,80.9,46,86,53.5,1,0.8,0.7,6,39,5,1,32,474,413,60,17,1,3,18,24,2,0,2,0,386,1,1,18,12,2,0,1,1,2,2,2,0,0,0,0,0,12,9,5,6,1,8,15,53.3,7,10,2,8,6,18,22,0,49.0,580,67,165,283,141,16,580,24,9,37.5,12,50.0,338,1790,783,14,20,2,11,9,381,30,1,0,0,12,15,2,18,6,9,0,0,0,53,10,15,40.0,12,4,33.3,0.25,0.75,21.0,0,0,0,0.8,0.8,0.06,2.2,2.2,4,3,75.0,0.0,0.8,-0.2,0.0,0.0,0.0,0.0,5,12,41.7,22,6,22.7,29.0,11,63.6,54.4,16,1,6.3,5,32.3,405,489,82.8,8755,3453,112,123,91.1,221,248,89.1,69,102,67.6,0,0.7,1.2,10,47,15,3,57,489,440,48,12,1,7,9,21,2,0,2,0,405,1,7,21,17,1,3,0,0,0,6,5,1,0,0,0,0,21,14,10,9,2,13,22,59.1,9,3,2,1,8,29,13,0,51.0,601,45,180,280,149,28,601,15,6,40.0,8,53.3,281,1462,732,15,8,8,26,3,401,55,1,0,0,16,9,1,9,8,14,0,0,0,51,14,9,60.9
2023-05-14,13:00,Liga MX,Quarter-finals,Sun,Away,L,1,3,UANL,Toluca,2.3,1.0,48,27253.0,Guido Pizarro,4-2-3-1,César Arturo Ramos,11,5,45.5,0.27,0.6,21.3,0,1,1,2.3,1.5,0.13,1.7,1.5,2,1,50.0,0.0,0.2,-0.8,0.0,0.0,0.0,0.0,14,30,46.7,43,5,65.1,44.9,6,33.3,35.7,13,2,15.4,1,16.3,352,446,78.9,6527,2506,164,186,88.2,132,152,86.8,48,84,57.1,1,1.0,0.6,8,32,8,3,40,446,406,36,10,0,3,12,17,1,0,0,0,352,4,6,21,15,2,2,0,2,0,8,5,1,0,0,2,0,9,8,3,5,1,4,14,28.6,10,8,2,6,11,19,7,1,48.0,522,46,150,251,124,18,521,21,10,47.6,9,42.9,295,1739,829,18,15,4,12,10,348,41,6,0,0,15,12,4,12,11,8,1,0,0,57,14,10,58.3,8,2,25.0,0.13,0.5,18.2,1,0,0,1.0,1.0,0.14,0.0,0.0,6,2,50.0,0.0,3.8,-0.2,1.0,1.0,0.0,0.0,4,9,44.4,22,4,31.8,35.4,7,28.6,44.1,10,1,10.0,0,3.5,387,481,80.5,7704,2524,146,168,86.9,187,217,86.2,51,88,58.0,3,0.5,0.7,5,24,3,0,26,481,426,55,18,2,6,17,20,5,3,2,0,387,0,5,11,5,2,3,0,1,0,2,1,0,0,0,1,0,19,17,13,5,1,8,19,42.1,11,6,0,6,14,33,13,0,52.0,580,51,216,292,75,6,580,16,9,56.3,5,31.3,297,1469,724,9,8,0,20,5,381,23,3,0,0,12,12,0,17,14,17,0,1,0,46,11,14,44.0
2023-05-17,22:00,Liga MX,Semi-finals,Wed,Home,D,1,1,UANL,Monterrey,0.4,0.8,61,41615.0,Guido Pizarro,4-2-3-1,Fernando Guerrero,5,2,40.0,0.2,0.5,21.5,0,0,0,0.4,0.4,0.07,0.6,0.6,4,3,75.0,0.0,0.4,-0.6,0.0,0.0,0.0,0.0,3,9,33.3,42,7,21.4,28.5,9,0.0,17.3,12,0,0.0,1,14.0,433,540,80.2,7940,2829,185,216,85.6,203,230,88.3,42,72,58.3,1,0.4,0.3,5,32,6,5,31,540,480,57,15,0,4,31,27,4,0,3,0,433,3,11,10,9,1,0,0,0,0,2,2,0,0,0,0,0,26,18,12,11,3,13,21,61.9,8,6,1,5,10,36,21,0,61.0,644,62,229,283,138,10,644,19,11,57.9,7,36.8,342,2083,1106,31,15,2,16,10,427,30,3,0,0,16,12,3,31,10,18,0,0,0,50,9,12,42.9,10,4,40.0,0.1,0.25,17.9,2,0,0,0.8,0.8,0.08,0.2,0.2,2,1,50.0,0.0,1.0,0.0,0.0,0.0,0.0,0.0,9,14,64.3,23,5,43.5,34.7,8,50.0,38.9,21,2,9.5,0,6.0,248,349,71.1,4810,2442,108,132,81.8,90,118,76.3,39,75,52.0,0,0.5,0.8,6,27,8,4,30,349,295,53,17,0,2,14,21,5,2,2,0,248,1,4,17,10,2,1,1,2,1,2,1,0,0,0,1,0,17,12,9,8,0,7,18,38.9,11,8,0,8,14,31,23,0,39.0,467,56,139,209,126,18,467,23,8,34.8,13,56.5,200,1153,423,10,8,1,11,13,242,29,4,0,0,14,15,1,14,14,12,0,0,0,51,12,9,57.1
2023-05-20,20:06,Liga MX,Semi-finals,Sat,Away,W,1,0,UANL,Monterrey,0.6,0.6,60,52839.0,Guido Pizarro,5-3-2,Luis Santander,6,2,33.3,0.17,0.5,21.0,0,0,0,0.6,0.6,0.1,0.4,0.4,1,1,100.0,1.0,0.0,0.0,0.0,0.0,0.0,0.0,2,9,22.2,28,7,21.4,31.1,7,42.9,39.1,18,2,11.1,0,7.5,436,542,80.4,7692,2631,181,201,90.0,217,245,88.6,34,73,46.6,1,0.5,0.6,4,21,5,3,35,542,479,60,25,1,3,15,23,4,1,1,0,436,3,8,12,10,1,1,0,0,0,2,2,0,0,0,0,0,11,9,5,5,1,5,14,35.7,9,16,5,11,14,25,15,0,60.0,639,53,197,325,118,12,639,17,8,47.1,6,35.3,422,2072,1112,18,16,4,13,10,431,35,2,0,0,16,21,3,15,14,9,0,0,0,42,15,20,42.9,11,1,9.1,0.0,0.0,20.4,1,0,0,0.6,0.6,0.06,-0.6,-0.6,2,1,50.0,0.0,0.5,-0.5,0.0,0.0,0.0,0.0,3,11,27.3,26,6,34.6,33.0,6,33.3,34.3,13,1,7.7,2,21.0,250,355,70.4,4876,2060,99,122,81.1,113,142,79.6,35,72,48.6,0,0.3,0.6,7,22,10,4,27,355,300,52,18,3,3,19,22,4,2,2,0,250,3,11,17,9,1,2,3,2,0,0,0,0,0,0,0,0,16,10,8,7,1,6,14,42.9,8,7,1,6,11,27,14,0,40.0,454,44,137,216,105,20,454,17,9,52.9,5,29.4,203,1186,568,9,12,0,20,6,247,27,1,0,0,22,14,3,19,11,10,0,0,0,48,20,15,57.1
2023-05-25,21:00,Liga MX,Finals,Thu,Home,D,0,0,UANL,Guadalajara,0.8,0.4,67,41615.0,Guido Pizarro,4-2-3-1,Fernando Guerrero,14,1,7.1,0.0,0.0,21.9,2,0,0,0.8,0.8,0.06,-0.8,-0.8,1,1,100.0,1.0,0.1,0.1,0.0,0.0,0.0,0.0,8,13,61.5,39,6,28.2,30.2,7,28.6,27.3,6,0,0.0,1,17.3,484,601,80.5,9492,3667,185,204,90.7,232,279,83.2,59,89,66.3,0,0.3,0.3,5,52,5,3,50,601,538,63,11,0,7,25,42,2,0,0,0,484,0,14,24,17,3,0,2,2,0,0,0,0,0,0,0,0,16,12,6,9,1,8,19,42.1,11,14,2,12,9,25,3,1,67.0,730,54,237,345,153,19,730,24,10,41.7,10,41.7,447,2206,1059,19,12,3,29,19,479,50,3,0,0,13,12,0,25,9,12,0,0,0,59,19,20,48.7,8,1,12.5,0.0,0.0,20.9,1,0,0,0.4,0.4,0.05,-0.4,-0.4,1,1,100.0,1.0,0.1,0.1,0.0,0.0,0.0,0.0,7,21,33.3,4,0,100.0,64.0,17,100.0,69.5,18,0,0.0,0,2.0,183,297,61.6,3133,1817,92,116,79.3,55,90,61.1,22,53,41.5,0,0.3,0.3,5,16,1,0,20,297,235,61,12,1,5,10,29,2,0,1,1,183,1,11,12,6,2,2,0,2,0,0,0,0,0,0,0,0,29,16,12,14,3,10,20,50.0,10,16,3,13,1,30,31,0,33.0,438,55,147,235,62,6,438,19,11,57.9,8,42.1,146,998,431,9,9,1,22,8,182,20,4,0,0,12,10,1,10,1,16,0,0,0,59,20,19,51.3
2023-05-28,20:35,Liga MX,Finals,Sun,Away,W,3,2,UANL,Guadalajara,3.0,1.2,62,42182.0,Guido Pizarro,4-2-3-1,César Arturo Ramos,23,7,30.4,0.09,0.29,17.6,1,1,1,3.0,2.3,0.11,0.0,-0.3,7,5,71.4,0.0,1.8,-0.2,0.0,0.0,0.0,0.0,7,16,43.8,46,7,30.4,34.2,7,28.6,26.7,19,3,15.8,7,18.4,518,681,76.1,9297,3827,226,266,85.0,216,256,84.4,55,103,53.4,1,1.7,2.3,16,47,14,7,63,681,596,83,20,0,3,47,40,12,3,3,0,518,2,14,43,29,4,2,5,3,0,4,2,0,0,2,0,0,37,25,20,14,3,26,54,48.1,28,7,0,7,13,50,24,0,62.0,854,86,273,347,245,33,853,31,16,51.6,15,48.4,541,2640,1364,28,22,1,25,16,515,63,4,1,1,10,19,2,47,13,25,0,0,0,83,29,27,51.8,11,7,63.6,0.18,0.29,15.4,0,0,0,1.2,1.2,0.11,0.8,0.8,8,5,75.0,0.0,2.5,-0.5,1.0,1.0,0.0,0.0,3,23,13.0,17,4,76.5,55.9,12,83.3,63.6,33,2,6.1,1,11.2,265,412,64.3,4950,2375,116,136,85.3,97,140,69.3,42,105,40.0,2,1.1,0.7,9,33,8,4,38,412,334,77,12,0,8,19,43,5,2,3,0,265,1,6,21,11,5,2,2,1,0,4,1,1,1,1,0,0,31,18,15,12,4,15,31,48.4,16,12,6,6,13,44,45,0,38.0,638,79,211,260,175,16,638,54,28,51.9,26,48.1,269,1511,643,13,15,3,31,11,258,36,6,1,1,22,7,1,19,13,18,0,1,0,79,27,29,48.2
2022-07-03,17:00,Liga MX,Apertura 2022 Regular Season,Sun,Away,W,2,1,León,Atlético,2.6,1.1,44,10218.0,Rodolfo Cota,4-4-2,Fernando Hernández,15,8,53.3,0.13,0.25,16.2,1,0,0,2.6,2.6,0.19,-0.6,-0.6,2,2,50.0,0.0,0.5,0.5,0.0,0.0,0.0,0.0,10,22,45.5,36,7,36.1,35.1,10,90.0,58.4,26,4,15.4,0,6.5,323,387,83.5,6527,2907,130,142,91.5,130,143,90.9,53,87,60.9,1,2.0,1.3,12,25,13,4,29,387,341,46,19,0,3,9,13,2,0,1,0,323,0,2,27,21,2,2,1,1,0,4,2,1,0,0,1,0,16,11,10,5,1,11,18,61.1,7,7,1,6,11,27,29,0,44.0,503,81,205,210,96,23,503,11,6,54.5,5,45.5,214,1173,594,7,8,2,16,3,317,29,1,0,0,12,17,0,9,11,11,0,0,1,41,11,17,39.3,10,2,20.0,0.0,0.0,15.7,0,0,0,1.1,1.1,0.11,-1.1,-1.1,8,6,75.0,0.0,2.3,0.3,0.0,0.0,0.0,0.0,2,3,66.7,9,2,11.1,24.9,8,25.0,27.1,7,0,0.0,0,4.5,378,486,77.8,7745,2790,152,169,89.9,161,200,80.5,62,98,63.3,0,0.8,0.8,7,37,7,2,47,486,421,62,12,0,12,32,32,7,2,3,0,378,3,7,17,11,2,2,0,2,0,0,0,0,0,0,0,0,8,4,5,1,2,5,11,45.5,6,4,2,2,8,16,11,0,56.0,553,39,134,260,164,25,553,18,7,38.9,11,61.1,292,1606,829,17,13,7,13,5,372,46,0,0,0,17,12,3,32,8,4,0,0,0,46,17,11,60.7
2022-07-09,19:00,Liga MX,Apertura 2022 Regular Season,Sat,Home,D,3,3,León,UNAM,0.8,2.2,45,6924.0,Rodolfo Cota,4-4-2,Jesus Lopez,8,4,50.0,0.38,0.75,15.6,0,0,0,0.8,0.8,0.1,2.2,2.2,7,4,71.4,0.0,2.5,-0.5,1.0,1.0,0.0,0.0,2,8,25.0,28,6,21.4,29.3,3,66.7,44.7,10,2,20.0,1,13.2,298,383,77.8,5761,2380,113,134,84.3,151,174,86.8,33,65,50.8,2,0.6,0.7,6,31,11,3,32,383,342,41,16,1,3,23,13,6,2,3,0,298,0,10,13,8,1,2,1,1,0,4,4,0,0,0,0,0,20,12,12,6,2,9,18,50.0,9,13,7,6,15,35,6,0,45.0,481,49,167,206,120,16,481,17,10,58.8,7,41.2,280,1388,750,14,9,3,18,5,294,32,2,1,0,17,14,0,23,15,12,0,1,0,58,10,9,52.6,16,6,37.5,0.13,0.33,21.7,4,1,1,2.2,1.5,0.09,0.8,0.5,4,1,25.0,0.0,1.6,-1.4,0.0,0.0,0.0,0.0,1,4,25.0,10,4,20.0,26.0,11,18.2,28.5,16,0,0.0,0,,379,464,81.7,7735,2695,127,150,84.7,190,213,89.2,59,89,66.3,2,1.1,0.5,10,46,7,2,47,464,415,47,12,1,5,13,18,1,1,0,0,379,2,6,30,19,1,3,2,5,0,5,4,0,0,1,0,0,12,6,5,5,2,7,17,41.2,10,8,1,7,9,21,18,1,55.0,550,49,172,285,102,15,549,18,9,50.0,9,50.0,365,1666,852,15,14,2,7,11,379,47,4,0,0,14,16,2,13,9,6,0,0,0,43,9,10,47.4
2022-07-15,19:00,Liga MX,Apertura 2022 Regular Season,Fri,Away,D,1,1,León,Puebla,0.8,1.1,55,15850.0,Luis Montes,4-2-3-1,Erick Miranda,9,3,33.3,0.11,0.33,13.9,0,0,0,0.8,0.8,0.09,0.2,0.2,5,4,80.0,0.0,1.1,0.1,0.0,0.0,0.0,0.0,1,5,20.0,30,8,13.3,30.3,8,12.5,23.3,11,2,18.2,1,11.2,362,458,79.0,6663,2598,146,166,88.0,163,185,88.1,39,73,53.4,1,0.7,0.6,7,23,4,2,21,458,399,57,16,2,3,18,24,7,5,1,0,362,2,14,17,9,3,2,2,1,0,2,1,1,0,0,0,0,12,6,9,2,1,4,12,33.3,8,12,1,11,8,20,18,1,55.0,549,64,200,251,105,16,549,20,10,50.0,10,50.0,256,1554,817,23,9,3,14,10,357,21,3,1,1,9,17,2,18,8,6,0,0,0,45,6,15,28.6,11,5,45.5,0.09,0.2,13.3,0,0,0,1.1,1.1,0.11,-0.1,-0.1,3,2,66.7,0.0,0.7,-0.3,0.0,0.0,0.0,0.0,3,5,60.0,17,4,29.4,30.4,3,0.0,22.0,12,0,0.0,3,20.6,290,378,76.7,5230,2171,126,146,86.3,126,145,86.9,31,56,55.4,1,0.9,0.9,8,27,7,2,27,378,339,39,10,2,1,21,17,7,3,2,0,290,0,15,20,11,5,0,1,2,1,2,2,0,0,0,0,0,20,13,8,11,1,10,20,50.0,10,11,1,10,10,30,20,0,45.0,478,47,164,193,126,22,478,14,8,57.1,4,28.6,257,1160,512,8,9,3,13,8,287,27,4,1,1,17,9,0,21,10,13,0,0,0,55,15,6,71.4
2022-07-20,21:05,Liga MX,Apertura 2022 Regular Season,Wed,Away,D,0,0,León,Guadalajara,0.8,1.5,63,23305.0,Luis Montes,4-4-2,Jorge Pérez,12,4,33.3,0.0,0.0,19.2,0,0,0,0.8,0.8,0.07,-0.8,-0.8,3,2,100.0,1.0,1.5,1.5,1.0,0.0,1.0,0.0,3,4,75.0,24,5,12.5,25.6,9,11.1,32.3,16,1,6.3,1,11.3,453,526,86.1,7963,2992,215,236,91.1,193,214,90.2,39,60,65.0,0,0.7,0.9,9,31,7,4,38,526,485,40,9,1,6,17,18,3,0,3,0,453,1,7,24,19,2,2,0,1,0,0,0,0,0,0,0,0,18,7,12,5,1,14,21,66.7,7,6,1,5,8,26,8,0,63.0,625,46,150,321,156,17,625,15,8,53.3,6,40.0,438,2261,1262,29,18,2,17,11,449,37,3,0,0,13,7,1,17,8,7,0,1,0,48,14,13,51.9,12,2,16.7,0.0,0.0,19.6,1,0,1,1.5,0.7,0.06,-1.5,-0.7,4,4,100.0,1.0,0.9,0.9,0.0,0.0,0.0,0.0,4,16,25.0,11,2,54.5,46.3,12,83.3,62.8,14,0,0.0,0,11.0,233,308,75.6,4073,1758,117,128,91.4,82,105,78.1,25,58,43.1,0,0.5,0.6,8,21,5,3,32,308,259,47,12,0,2,17,17,5,1,4,0,233,2,6,23,15,2,1,1,4,0,0,0,0,0,0,0,0,17,8,7,9,1,6,14,42.9,8,7,2,5,9,26,24,0,37.0,417,55,131,184,105,16,416,25,7,28.0,14,56.0,208,1115,582,9,11,2,9,4,232,32,3,1,0,7,11,2,17,9,8,1,0,0,40,13,14,48.1
2022-07-26,21:05,Liga MX,Apertura 2022 Regular Season,Tue,Home,L,0,1,León,Toluca,1.6,1.5,40,21012.0,Luis Montes,4-4-2,Guillermo Pacheco,13,2,15.4,0.0,0.0,17.3,0,0,0,1.6,1.6,0.13,-1.6,-1.6,6,5,83.3,0.0,1.4,0.4,0.0,0.0,0.0,0.0,8,14,57.1,26,3,34.6,33.4,8,62.5,48.0,13,0,0.0,2,23.3,294,364,80.8,5728,2356,121,138,87.7,116,138,84.1,48,72,66.7,0,1.6,1.1,12,23,15,8,47,364,318,46,17,0,4,20,15,4,0,1,0,294,0,3,25,24,0,0,0,0,1,0,0,0,0,0,0,0,15,7,9,4,2,5,14,35.7,9,14,5,9,14,29,14,0,40.0,465,58,148,177,147,20,465,14,11,78.6,3,21.4,229,1390,794,24,18,3,15,12,289,46,6,1,0,15,14,0,20,14,7,0,0,0,40,10,9,52.6,16,6,37.5,0.06,0.17,19.3,0,0,0,1.5,1.5,0.1,-0.5,-0.5,2,2,100.0,1.0,0.2,0.2,0.0,0.0,0.0,0.0,5,9,55.6,23,4,21.7,31.0,12,33.3,30.5,15,1,6.7,2,16.2,477,552,86.4,9242,2919,193,207,93.2,210,227,92.5,67,89,75.3,1,1.6,1.6,13,37,10,4,49,552,499,51,14,2,5,20,19,5,0,4,0,477,2,12,29,23,1,0,3,1,1,2,2,0,0,0,0,0,15,10,12,2,1,3,14,21.4,11,6,4,2,9,24,16,0,60.0,652,69,240,231,189,20,652,14,9,64.3,5,35.7,378,1811,932,17,14,4,10,10,475,49,2,0,0,15,13,2,20,9,10,0,0,0,40,9,10,47.4
2022-07-31,21:05,Liga MX,Apertura 2022 Regular Season,Sun,Home,W,3,2,León,América,1.4,1.0,44,20964.0,Luis Montes,4-4-2,Óscar Macias,12,6,50.0,0.17,0.33,22.0,0,1,1,1.4,0.7,0.05,1.6,1.3,3,1,33.3,0.0,1.2,-0.8,0.0,0.0,0.0,0.0,9,18,50.0,22,8,45.5,41.9,15,53.3,39.9,21,1,4.8,0,5.0,243,348,69.8,4570,2194,109,128,85.2,96,123,78.0,30,74,40.5,2,0.6,0.4,10,19,4,2,22,348,298,47,14,0,5,16,11,5,2,1,0,243,3,8,22,16,2,1,0,1,2,5,4,0,0,0,1,0,19,14,10,8,1,8,19,42.1,11,11,2,9,13,32,13,0,44.0,440,63,159,190,99,10,439,13,6,46.2,6,46.2,224,1422,665,17,17,3,12,6,242,22,2,1,0,13,11,3,16,13,14,1,0,0,45,11,12,47.8,11,3,27.3,0.18,0.67,12.1,0,0,0,1.0,1.0,0.09,1.0,1.0,7,4,71.4,0.0,2.2,-0.8,1.0,1.0,0.0,0.0,7,16,43.8,27,2,44.4,41.3,6,66.7,40.7,13,0,0.0,1,22.5,347,443,78.3,6634,2695,142,156,91.0,138,168,82.1,54,89,60.7,1,0.7,1.1,9,35,12,7,45,443,390,49,15,3,5,22,21,4,4,0,0,347,4,9,19,15,1,0,1,2,0,3,2,0,0,1,0,0,12,5,4,5,3,6,12,50.0,6,10,2,8,11,23,16,1,56.0,536,42,149,237,156,22,536,21,11,52.4,8,38.1,252,1678,873,20,18,4,10,11,344,44,3,0,0,11,13,4,22,11,5,0,1,0,56,12,11,52.2
2022-08-06,19:05,Liga MX,Apertura 2022 Regular Season,Sat,Away,L,1,5,León,Monterrey,1.2,4.0,71,37154.0,Luis Montes,4-4-2,Marco Ortíz,13,6,46.2,0.08,0.17,13.6,0,0,0,1.2,1.2,0.1,-0.2,-0.2,10,4,50.0,0.0,5.0,0.0,1.0,0.0,1.0,0.0,4,6,66.7,28,5,14.3,29.6,6,33.3,31.5,14,1,7.1,1,16.0,501,594,84.3,9596,3196,203,222,91.4,216,247,87.4,73,102,71.6,0,1.2,1.5,10,34,10,2,40,594,535,59,15,0,8,26,24,8,3,4,0,501,0,9,22,14,5,1,1,1,0,1,0,1,0,0,0,0,10,6,2,5,3,5,9,55.6,4,5,1,4,6,16,9,0,71.0,665,51,173,315,180,25,665,17,5,29.4,12,70.6,396,2003,968,17,17,4,7,6,498,40,2,0,0,9,9,0,26,6,6,0,1,0,28,10,10,50.0,15,9,60.0,0.33,0.56,12.4,0,0,1,4.0,3.2,0.22,1.0,1.8,6,5,83.3,0.0,1.3,0.3,0.0,0.0,0.0,0.0,5,11,45.5,15,1,40.0,35.9,11,45.5,31.6,21,0,0.0,0,4.0,174,239,72.8,3658,1997,70,79,88.6,62,86,72.1,38,60,63.3,5,3.6,2.8,15,21,12,5,25,239,201,33,6,1,4,14,12,2,1,1,0,174,5,4,31,24,3,0,2,2,0,9,8,0,0,1,0,0,18,12,11,6,1,12,17,70.6,5,9,2,7,16,34,26,0,29.0,356,68,145,136,82,24,355,9,4,44.4,5,55.6,205,1066,524,11,11,1,12,5,171,25,0,0,0,10,9,5,14,16,12,1,0,0,42,10,10,50.0
2022-08-13,17:00,Liga MX,Apertura 2022 Regular Season,Sat,Home,L,0,3,León,Mazatlán,0.9,1.2,70,23512.0,Luis Montes,4-4-2,Eduardo Galván,12,1,8.3,0.0,0.0,16.7,1,0,0,0.9,0.9,0.07,-0.9,-0.9,5,3,40.0,0.0,1.6,-0.4,0.0,0.0,0.0,0.0,6,8,75.0,29,9,24.1,28.8,3,33.3,29.3,5,0,0.0,3,27.0,512,602,85.0,9929,3038,195,216,90.3,231,259,89.2,78,107,72.9,0,0.8,1.4,10,59,13,4,56,602,548,52,14,1,6,39,22,9,4,5,0,512,2,6,20,14,3,0,1,1,1,0,0,0,0,0,0,0,17,10,9,5,3,7,16,43.8,9,8,1,7,3,20,6,0,70.0,684,31,128,340,222,29,684,29,16,55.2,6,20.7,430,2389,1370,25,25,1,14,6,503,56,1,0,0,9,13,2,39,3,10,0,0,1,38,10,13,43.5,8,5,62.5,0.25,0.4,16.4,0,0,0,1.2,1.2,0.17,0.8,0.8,1,1,100.0,1.0,0.1,0.1,0.0,0.0,0.0,0.0,8,23,34.8,13,0,84.6,62.8,13,92.3,62.8,25,1,4.0,0,11.3,184,254,72.4,3593,1727,84,98,85.7,78,95,82.1,21,51,41.2,1,0.5,0.4,5,18,7,3,17,254,213,39,9,0,0,6,15,1,0,0,0,184,2,6,14,9,1,2,2,0,0,4,3,0,1,0,0,0,12,8,8,3,1,6,22,27.3,16,10,7,3,11,23,29,0,30.0,367,75,174,135,65,7,367,19,9,47.4,7,36.8,197,1191,617,13,9,2,14,10,182,17,4,0,0,13,8,2,6,11,8,0,0,0,44,13,10,56.5
2022-08-18,19:05,Liga MX,Apertura 2022 Regular Season,Thu,Away,L,1,2,León,Santos,0.3,1.4,42,10164.0,Rodolfo Cota,3-4-3,Victor Caceres,5,1,20.0,0.2,1.0,16.8,0,0,0,0.3,0.3,0.06,0.7,0.7,6,4,66.7,0.0,1.9,-0.1,0.0,0.0,0.0,0.0,9,20,45.0,29,11,34.5,34.8,13,76.9,55.2,15,0,0.0,1,23.0,289,376,76.9,5537,2311,123,144,85.4,130,155,83.9,33,67,49.3,1,0.3,0.4,4,14,6,0,30,376,328,47,12,0,4,9,16,3,1,0,0,289,1,4,10,9,1,0,0,0,0,2,2,0,0,0,0,0,16,6,10,6,0,11,23,47.8,12,11,4,7,9,25,18,0,42.0,460,71,192,195,77,14,460,10,6,60.0,0,0.0,265,1290,727,16,12,4,13,10,284,28,4,0,0,14,11,1,9,9,6,0,0,0,40,20,8,71.4,19,6,31.6,0.11,0.33,17.9,1,0,0,1.4,1.4,0.07,0.6,0.6,1,0,0.0,0.0,0.3,-0.7,0.0,0.0,0.0,0.0,0,5,0.0,14,3,14.3,25.5,8,37.5,40.5,5,0,0.0,0,12.5,425,515,82.5,7713,2599,203,215,94.4,139,167,83.2,69,103,67.0,1,0.8,0.6,14,43,6,1,46,515,459,55,14,1,11,17,25,6,1,4,0,425,1,7,33,19,7,1,2,4,0,4,2,1,0,0,1,0,10,6,2,6,2,0,6,0.0,6,5,1,4,4,14,7,0,58.0,607,34,111,327,173,24,607,25,12,48.0,11,44.0,309,1727,949,26,20,5,15,5,421,46,1,0,0,11,14,1,17,4,6,0,0,0,50,8,20,28.6
2022-08-21,19:05,Liga MX,Apertura 2022 Regular Season,Sun,Away,L,0,1,León,Pachuca,0.3,1.7,43,5801.0,Luis Montes,3-5-2,Ismael Lopez,5,3,60.0,0.0,0.0,17.6,1,0,0,0.3,0.3,0.05,-0.3,-0.3,6,5,83.3,0.0,2.0,1.0,0.0,0.0,0.0,0.0,10,22,45.5,27,4,48.1,42.7,12,75.0,59.4,24,2,8.3,3,15.0,262,342,76.6,5534,2219,94,109,86.2,116,131,88.5,46,86,53.5,0,0.2,0.3,3,16,3,0,27,342,284,58,25,0,4,12,15,4,3,1,0,262,0,7,10,3,3,0,0,4,0,0,0,0,0,0,0,0,20,14,11,8,1,12,21,57.1,9,12,2,10,10,30,24,0,43.0,454,67,170,218,74,8,454,15,4,26.7,9,60.0,201,1287,512,8,12,0,19,16,261,27,6,1,1,14,18,0,12,10,14,0,0,0,37,11,11,50.0,17,6,35.3,0.06,0.17,18.0,2,0,0,1.7,1.7,0.1,-0.7,-0.7,3,3,100.0,1.0,0.2,0.2,0.0,0.0,0.0,0.0,4,13,30.8,16,2,50.0,44.4,9,55.6,42.9,7,0,0.0,0,11.0,356,459,77.6,6905,2464,132,159,83.0,171,187,91.4,45,87,51.7,1,1.4,1.1,12,37,6,4,32,459,396,56,9,1,7,27,29,8,4,1,0,356,7,10,30,20,3,1,2,3,1,2,2,0,0,0,0,0,25,13,10,14,1,9,13,69.2,4,5,0,5,7,32,8,0,57.0,554,33,147,259,151,14,554,22,9,40.9,12,54.5,341,1914,990,24,22,4,8,8,352,31,3,0,0,19,14,7,27,7,13,0,0,0,50,11,11,50.0
2022-08-28,19:00,Liga MX,Apertura 2022 Regular Season,Sun,Home,W,4,2,León,Atlas,2.1,1.9,47,19481.0,Luis Montes,4-2-2-2,Óscar Macias,15,5,33.3,0.27,0.8,13.7,0,0,0,2.1,2.1,0.15,1.9,1.9,3,0,66.7,0.0,1.8,-0.2,2.0,1.0,1.0,0.0,4,19,21.1,30,5,43.3,42.3,7,85.7,59.1,15,1,6.7,1,16.0,317,405,78.3,6121,2560,128,142,90.1,139,166,83.7,43,81,53.1,3,1.6,1.1,9,25,8,1,33,405,353,52,27,2,4,9,11,5,1,0,0,317,0,7,24,17,2,1,4,0,0,5,3,0,0,2,0,0,18,11,12,5,1,7,12,58.3,5,8,0,8,4,22,21,0,47.0,491,59,180,220,95,20,491,11,7,63.6,3,27.3,327,1379,628,15,6,4,12,10,313,33,1,0,0,16,17,0,9,4,11,0,2,0,34,8,19,29.6,5,1,20.0,0.2,1.0,21.6,0,1,2,1.9,0.2,0.05,0.1,0.8,5,1,20.0,0.0,2.7,-1.3,0.0,0.0,0.0,0.0,7,17,41.2,32,3,50.0,38.3,3,33.3,38.0,8,1,12.5,0,8.0,371,461,80.5,7141,2715,164,175,93.7,147,169,87.0,58,98,59.2,0,0.2,0.7,3,37,6,2,39,461,403,48,14,1,4,17,21,5,1,4,0,371,10,7,11,9,0,0,1,1,0,3,1,0,0,1,1,0,13,7,5,6,2,3,10,30.0,7,12,5,7,5,18,14,0,53.0,559,49,161,271,131,18,557,14,5,35.7,7,50.0,297,1505,737,17,9,5,13,11,364,38,1,0,0,17,14,10,17,5,7,1,0,0,39,19,8,70.4
2022-09-02,19:00,Liga MX,Apertura 2022 Regular Season,Fri,Away,L,2,3,León,Necaxa,3.0,1.0,58,13799.0,Luis Montes,4-4-2,Marco Ortíz,26,8,30.8,0.08,0.25,14.8,0,0,0,3.0,3.0,0.12,-1.0,-1.0,3,1,0.0,0.0,1.1,-0.9,0.0,0.0,0.0,0.0,5,8,62.5,23,5,26.1,33.8,6,33.3,41.0,10,0,0.0,1,17.0,394,499,79.0,7087,2491,192,214,89.7,149,186,80.1,47,82,57.3,1,2.2,2.4,21,36,14,5,52,499,448,50,15,4,7,37,15,10,5,3,0,394,1,4,46,32,5,4,2,1,2,4,3,0,0,0,0,1,21,16,8,9,4,10,15,66.7,5,4,1,3,9,30,14,0,58.0,600,40,137,228,242,37,600,23,18,78.3,5,21.7,400,2245,1255,33,20,9,8,14,389,50,1,0,0,5,12,1,37,9,16,0,0,1,50,15,14,51.7,9,3,33.3,0.22,0.67,19.9,0,0,0,1.0,1.0,0.12,1.0,1.0,8,6,75.0,0.0,3.2,1.2,0.0,0.0,0.0,0.0,6,18,33.3,28,4,21.4,31.5,18,66.7,53.5,27,1,3.7,0,12.0,271,357,75.9,5641,2422,89,106,84.0,126,147,85.7,47,83,56.6,2,0.5,0.4,7,20,6,3,22,357,311,44,5,0,4,11,17,1,0,0,0,271,2,4,16,10,2,1,1,1,1,4,3,1,0,0,0,0,19,8,10,7,2,5,23,21.7,18,11,9,2,11,30,34,0,42.0,484,94,227,185,82,11,484,15,5,33.3,10,66.7,196,1193,679,10,8,0,14,11,267,22,1,0,0,13,5,2,11,11,8,0,0,0,41,14,15,48.3
2022-09-06,19:00,Liga MX,Apertura 2022 Regular Season,Tue,Home,W,1,0,León,FC Juárez,1.2,0.3,53,16690.0,Luis Montes,4-4-2,Jorge Camacho,16,5,31.3,0.06,0.2,16.9,2,0,0,1.2,1.2,0.08,-0.2,-0.2,2,2,100.0,1.0,0.1,0.1,0.0,0.0,0.0,0.0,3,8,37.5,19,4,36.8,31.5,4,25.0,32.5,9,0,0.0,3,25.5,324,393,82.4,6458,2082,121,136,89.0,135,154,87.7,58,82,70.7,0,1.0,1.5,11,29,13,5,45,393,356,37,13,0,9,13,16,3,2,0,0,324,0,2,26,21,1,1,1,2,0,0,0,0,0,0,0,0,19,8,6,10,3,11,27,40.7,16,12,3,9,8,27,11,0,53.0,497,35,147,229,127,26,497,18,10,55.6,6,33.3,262,1512,967,24,11,3,13,8,321,45,3,1,0,15,11,0,13,8,8,0,0,0,45,6,6,50.0,8,2,25.0,0.0,0.0,22.7,2,0,0,0.3,0.3,0.04,-0.3,-0.3,5,4,80.0,0.0,1.4,0.4,0.0,0.0,0.0,0.0,8,13,61.5,17,3,29.4,33.9,10,80.0,59.0,10,1,10.0,0,12.3,274,347,79.0,5306,2144,115,125,92.0,105,123,85.4,45,73,61.6,0,0.1,0.4,4,25,5,2,27,347,300,44,13,0,8,13,19,0,0,0,0,274,3,11,14,10,1,0,1,2,0,0,0,0,0,0,0,0,14,9,7,6,1,6,16,37.5,10,4,2,2,15,29,5,1,47.0,442,47,149,212,84,10,442,29,16,55.2,11,37.9,200,1160,592,10,9,2,18,8,272,27,6,1,1,12,15,3,13,15,9,0,0,0,46,6,6,50.0
2022-09-10,19:05,Liga MX,Apertura 2022 Regular Season,Sat,Away,W,1,0,León,UANL,1.0,1.1,45,41615.0,Rodolfo Cota,4-4-2,Adonai Escobedo,11,3,27.3,0.0,0.0,20.1,0,0,0,1.0,1.0,0.1,-1.0,-1.0,3,3,100.0,1.0,1.0,1.0,0.0,0.0,0.0,0.0,10,23,43.5,19,7,63.2,42.9,15,73.3,57.5,32,1,3.1,0,7.0,290,368,78.8,5618,2261,135,153,88.2,104,122,85.2,43,77,55.8,0,1.1,0.7,11,23,8,2,33,368,323,45,15,0,5,11,9,5,3,1,0,290,0,4,19,16,2,0,1,0,0,0,0,0,0,0,0,0,10,5,6,3,1,3,12,25.0,9,13,6,7,14,24,40,0,45.0,492,78,166,233,104,16,492,24,12,50.0,12,50.0,187,1138,644,10,16,1,9,7,284,31,6,0,0,21,9,0,11,14,5,0,0,0,40,11,12,47.8,14,3,21.4,0.0,0.0,17.6,2,0,0,1.1,1.1,0.08,-1.1,-1.1,3,3,66.7,0.0,0.6,0.6,0.0,0.0,0.0,0.0,2,4,50.0,17,3,17.6,23.7,8,12.5,20.9,9,0,0.0,2,23.5,342,445,76.9,6894,2946,117,137,85.4,176,210,83.8,46,78,59.0,0,0.8,1.1,10,42,10,5,68,445,376,63,19,0,3,40,25,9,4,5,0,342,6,11,25,19,2,1,0,3,0,0,0,0,0,0,0,0,19,14,8,9,2,12,24,50.0,12,7,4,3,5,24,13,0,55.0,533,43,138,241,164,26,533,12,9,75.0,3,25.0,240,1784,1142,21,15,5,11,7,337,66,0,0,0,9,21,6,40,5,14,0,0,1,43,12,11,52.2
2022-09-15,19:00,Liga MX,Apertura 2022 Regular Season,Thu,Away,L,1,2,León,Cruz Azul,0.4,1.2,44,10255.0,Luis Montes,4-4-2,Marco Ortíz,7,1,14.3,0.0,0.0,23.1,1,0,0,0.4,0.4,0.06,-0.4,-0.4,5,3,60.0,0.0,0.9,-1.1,0.0,0.0,0.0,0.0,5,21,23.8,25,2,40.0,40.1,15,73.3,56.9,36,0,0.0,0,5.5,298,388,76.8,6163,2117,101,113,89.4,147,176,83.5,45,83,54.2,0,0.4,0.3,5,16,1,0,22,388,329,59,15,0,3,7,24,2,0,1,0,298,0,7,11,4,3,0,0,4,0,0,0,0,0,0,0,0,13,6,6,7,0,8,14,57.1,6,10,0,10,9,22,26,0,44.0,484,71,174,250,62,4,484,16,8,50.0,8,50.0,217,935,417,7,3,0,12,4,294,21,2,0,0,13,8,0,7,9,6,0,0,0,34,9,12,42.9,16,5,31.3,0.13,0.4,17.0,1,0,0,1.2,1.2,0.07,0.8,0.8,1,1,0.0,0.0,0.0,0.0,0.0,0.0,0.0,0.0,1,1,100.0,13,3,7.7,27.1,3,0.0,13.0,5,0,0.0,1,17.7,382,488,78.3,7734,2838,154,174,88.5,163,191,85.3,63,99,63.6,2,1.0,1.0,14,25,10,9,49,488,424,56,12,1,15,45,21,18,6,11,0,382,8,15,28,18,7,1,0,2,0,4,2,1,0,0,1,0,12,9,3,9,0,8,16,50.0,8,10,3,7,10,22,8,0,56.0,570,27,147,286,140,29,570,15,6,40.0,8,53.3,313,1685,839,21,20,4,11,5,380,49,2,0,0,8,12,8,45,10,9,0,0,1,51,12,9,57.1
2022-09-18,19:05,Liga MX,Apertura 2022 Regular Season,Sun,Home,W,3,1,León,Querétaro,0.8,1.2,58,20164.0,Rodolfo Cota,4-3-3,Oscar Mejia,12,4,33.3,0.25,0.75,22.7,2,0,0,0.8,0.8,0.06,2.2,2.2,4,3,75.0,0.0,1.2,0.2,0.0,0.0,0.0,0.0,2,10,20.0,19,5,21.1,32.8,7,85.7,57.3,20,1,5.0,1,12.8,337,429,78.6,7233,2825,103,127,81.1,164,195,84.1,67,96,69.8,3,0.7,0.6,9,33,5,0,41,429,380,48,16,0,3,13,19,4,3,0,0,337,1,4,19,12,3,0,0,3,1,5,5,0,0,0,0,0,14,9,5,8,1,7,15,46.7,8,6,2,4,9,23,15,0,58.0,525,45,155,249,128,20,525,16,8,50.0,7,43.8,251,1556,737,16,12,3,19,14,330,39,0,0,0,11,11,1,13,9,9,0,0,0,42,15,17,46.9,13,4,30.8,0.08,0.25,15.4,1,0,0,1.2,1.2,0.1,-0.2,-0.2,4,1,25.0,0.0,1.6,-1.4,0.0,0.0,0.0,0.0,9,17,52.9,14,5,57.1,40.4,10,90.0,63.8,10,1,10.0,0,4.0,207,309,67.0,4930,2057,65,89,73.0,87,119,73.1,51,79,64.6,0,0.9,1.2,10,22,6,5,28,309,251,51,10,0,8,26,23,4,0,3,1,207,7,5,24,13,3,3,3,2,0,1,0,0,0,1,0,0,21,11,13,7,1,7,15,46.7,8,6,2,4,11,32,12,2,42.0,402,48,127,189,90,15,402,17,8,47.1,7,41.2,188,1205,618,12,11,4,12,7,203,25,5,0,0,12,11,7,26,11,11,0,0,0,38,17,15,53.1
2022-10-02,20:00,Liga MX,Apertura 2022 Regular Season,Sun,Home,D,2,2,León,Tijuana,1.8,0.7,57,24024.0,Luis Montes,4-4-2,Luis Santander,17,6,35.3,0.12,0.33,19.0,1,0,0,1.8,1.8,0.11,0.2,0.2,2,0,0.0,0.0,1.4,-0.6,0.0,0.0,0.0,0.0,2,8,25.0,30,6,26.7,28.2,8,0.0,20.4,5,1,20.0,0,14.0,361,452,79.9,6747,2664,152,166,91.6,156,177,88.1,45,78,57.7,2,1.3,1.0,11,35,8,2,41,452,383,65,20,1,5,21,28,6,4,2,0,361,4,12,26,17,2,1,3,2,1,3,2,1,0,0,0,0,5,4,1,3,1,3,10,30.0,7,8,0,8,7,12,11,1,57.0,540,55,136,252,153,24,540,22,10,45.5,9,40.9,313,1655,884,21,11,6,18,14,354,40,1,0,0,11,17,4,21,7,4,0,0,0,45,12,9,57.1,6,2,33.3,0.33,1.0,13.8,0,0,0,0.7,0.7,0.11,1.3,1.3,6,4,66.7,0.0,2.1,0.1,0.0,0.0,0.0,0.0,8,17,47.1,32,5,43.8,36.1,15,26.7,23.1,13,1,7.7,0,8.0,243,335,72.5,4972,2305,96,113,85.0,108,134,80.6,38,73,52.1,2,0.7,0.8,6,19,8,0,26,335,287,44,14,1,4,8,11,1,0,0,0,243,4,9,12,10,0,1,0,0,1,4,3,0,1,0,0,0,23,13,10,9,4,9,19,47.4,10,13,3,10,15,38,16,2,43.0,425,86,213,157,63,13,425,12,7,58.3,3,25.0,174,1064,541,14,4,3,9,2,240,26,3,0,0,17,10,4,8,15,13,0,0,0,50,9,12,42.9
2022-10-08,21:15,Liga MX,Reclassification,Sat,Away,L,0,1,León,Cruz Azul,0.7,2.2,58,22291.0,Rodolfo Cota,4-4-2,Fernando Guerrero,13,1,7.7,0.0,0.0,20.2,1,0,0,0.7,0.7,0.06,-0.7,-0.7,8,7,87.5,0.0,2.9,1.9,0.0,0.0,0.0,0.0,9,18,50.0,28,6,35.7,33.4,14,57.1,46.8,11,0,0.0,2,12.9,315,435,72.4,6328,2821,126,148,85.1,133,179,74.3,51,88,58.0,0,0.5,1.1,8,25,7,3,38,435,376,59,14,0,10,22,22,7,4,2,0,315,0,10,23,18,2,1,1,1,0,0,0,0,0,0,0,0,14,8,6,5,3,8,14,57.1,6,10,1,9,13,27,14,1,58.0,541,68,180,234,131,21,541,21,9,42.9,7,33.3,297,1401,546,13,14,2,16,12,313,38,1,0,0,12,10,0,22,13,8,0,0,0,47,16,16,50.0,19,8,42.1,0.05,0.13,15.4,1,0,0,2.2,2.2,0.13,-1.2,-1.2,1,1,100.0,1.0,0.0,0.0,0.0,0.0,0.0,0.0,3,12,25.0,16,3,56.3,45.3,8,37.5,34.9,18,0,0.0,0,13.0,202,317,63.7,4302,2152,68,89,76.4,85,118,72.0,45,93,48.4,0,0.9,2.1,10,22,6,2,24,317,257,55,11,1,7,14,31,4,4,0,0,202,5,9,27,16,3,2,4,1,1,2,1,0,1,0,0,0,19,11,8,9,2,7,16,43.8,9,11,3,8,7,26,15,0,42.0,435,55,183,157,103,27,435,14,6,42.9,8,57.1,153,983,503,14,6,5,20,6,202,24,3,0,0,10,10,5,14,7,11,0,0,0,50,16,16,50.0
2023-01-16,21:05,Liga MX,Clausura 2023 Regular Season,Mon,Home,W,2,1,León,Necaxa,0.9,1.0,59,24722.0,William Tesillo,5-4-1,Brian Gonzalez,15,2,13.3,0.13,1.0,20.5,2,0,0,0.9,0.9,0.06,1.1,1.1,3,2,100.0,0.0,1.5,0.5,1.0,1.0,0.0,0.0,4,6,66.7,22,7,22.7,27.0,3,33.3,34.3,8,0,0.0,0,7.0,392,487,80.5,7411,2702,153,173,88.4,194,226,85.8,44,73,60.3,2,0.6,0.9,9,25,7,2,32,487,423,63,22,0,2,26,32,4,2,2,0,392,1,8,25,19,3,1,0,2,0,4,4,0,0,0,0,0,14,10,6,7,1,8,13,61.5,5,7,2,5,8,22,7,0,59.0,591,30,141,326,130,30,591,22,7,31.8,13,59.1,424,2190,1043,22,17,8,17,7,388,31,1,0,0,20,21,1,26,8,10,0,1,0,45,19,12,61.3,4,2,50.0,0.0,0.0,24.8,1,1,1,1.0,0.2,0.04,0.0,-0.2,2,0,0.0,0.0,0.9,-1.1,0.0,0.0,0.0,0.0,5,22,22.7,22,3,50.0,37.5,14,78.6,53.6,15,1,6.7,2,15.3,246,336,73.2,4752,1801,93,106,87.7,107,134,79.9,37,78,47.4,0,0.1,0.3,3,10,3,1,20,336,273,61,19,0,7,11,24,1,0,1,0,246,2,6,9,4,1,1,0,3,0,2,1,0,0,0,1,0,20,14,7,11,2,13,20,65.0,7,8,3,5,12,32,23,0,41.0,451,62,178,215,63,6,450,14,5,35.7,8,57.1,207,906,416,6,7,1,14,6,245,20,1,0,0,22,20,2,11,12,14,1,0,0,39,12,19,38.7
2023-01-22,12:00,Liga MX,Clausura 2023 Regular Season,Sun,Away,L,1,4,León,UNAM,1.5,1.8,52,17621.0,William Tesillo,5-4-1,Edgar Morales,12,2,16.7,0.08,0.5,17.9,2,0,0,1.5,1.5,0.13,-0.5,-0.5,5,1,20.0,0.0,2.1,-1.9,0.0,0.0,0.0,0.0,3,6,50.0,13,5,30.8,32.9,7,28.6,31.1,6,1,16.7,3,21.2,301,422,71.3,5448,2106,129,146,88.4,118,155,76.1,37,79,46.8,1,1.3,1.6,8,30,5,0,38,422,348,74,16,1,7,28,40,6,3,3,0,301,0,13,22,12,4,0,1,5,0,2,2,0,0,0,0,0,36,19,15,16,5,21,31,67.7,10,7,0,7,12,48,14,0,52.0,549,25,107,289,157,26,549,19,5,26.3,8,42.1,303,1336,664,12,9,5,25,15,298,37,2,0,0,11,17,0,28,12,19,0,0,0,56,14,12,53.8,9,5,55.6,0.44,0.8,19.3,0,0,0,1.8,1.8,0.23,2.2,2.2,2,1,50.0,0.0,1.1,0.1,0.0,0.0,0.0,0.0,7,13,53.8,14,2,35.7,34.1,13,76.9,59.0,18,1,5.6,0,9.0,293,391,74.9,5863,2331,118,142,83.1,136,163,83.4,37,68,54.4,3,0.7,0.4,6,19,4,2,23,391,336,55,10,4,8,10,28,2,1,0,0,293,0,9,16,11,0,3,1,0,1,6,4,0,1,1,0,0,23,13,11,11,1,8,13,61.5,5,10,2,8,14,37,28,0,48.0,536,52,179,269,94,12,536,35,10,28.6,21,60.0,287,1662,853,19,18,4,18,15,290,23,3,0,0,18,11,0,10,14,13,0,0,0,58,12,14,46.2
2023-01-29,12:00,Liga MX,Clausura 2023 Regular Season,Sun,Away,D,0,0,León,Toluca,1.0,2.4,26,20887.0,Rodolfo Cota,4-4-2,Adonai Escobedo,7,1,14.3,0.0,0.0,24.3,0,0,0,1.0,1.0,0.14,-1.0,-1.0,9,9,100.0,1.0,1.2,1.2,0.0,0.0,0.0,0.0,14,30,46.7,32,3,56.3,42.3,15,80.0,58.6,31,0,0.0,0,7.5,162,227,71.4,3630,1852,56,68,82.4,73,84,86.9,30,63,47.6,0,0.7,0.3,5,6,2,1,18,227,182,43,14,1,2,5,12,1,0,0,0,162,2,4,13,11,0,1,0,0,1,0,0,0,0,0,0,0,19,10,13,6,0,14,28,50.0,14,17,10,7,15,34,39,0,26.0,355,106,190,132,40,5,355,7,3,42.9,1,14.3,188,984,507,7,11,1,10,7,159,18,3,2,0,9,12,2,5,15,10,0,0,0,35,9,9,50.0,31,9,29.0,0.0,0.0,17.3,1,0,0,2.4,2.4,0.08,-2.4,-2.4,1,1,100.0,1.0,0.0,0.0,0.0,0.0,0.0,0.0,5,6,83.3,21,7,14.3,26.8,9,33.3,32.4,5,0,0.0,0,5.0,568,658,86.3,11252,3514,206,227,90.7,272,301,90.4,83,108,76.9,0,2.1,2.5,24,55,26,9,74,658,599,57,9,3,6,38,26,12,4,1,0,568,2,8,53,36,7,2,7,1,0,0,0,0,0,0,0,0,8,5,1,7,0,1,4,25.0,3,5,0,5,2,10,3,0,74.0,747,35,136,330,286,54,747,29,14,48.3,14,48.3,536,2831,1553,32,21,8,10,5,562,72,1,0,0,12,9,2,38,2,5,0,0,0,43,9,9,50.0
2023-02-04,17:00,Liga MX,Clausura 2023 Regular Season,Sat,Home,L,0,1,León,Pachuca,1.1,0.7,54,22643.0,Rodolfo Cota,4-4-2,Guillermo Pacheco,16,4,25.0,0.0,0.0,18.1,1,0,0,1.1,1.1,0.07,-1.1,-1.1,2,1,50.0,0.0,0.5,-0.5,0.0,0.0,0.0,0.0,7,18,38.9,21,3,61.9,46.0,7,71.4,51.1,4,1,25.0,2,13.7,367,492,74.6,6605,2809,179,209,85.6,136,176,77.3,45,78,57.7,0,1.0,1.1,13,34,14,1,51,492,435,55,9,1,4,25,27,10,0,4,0,367,2,14,29,17,9,0,1,1,1,0,0,0,0,0,0,0,19,9,6,11,2,7,22,31.8,15,18,8,10,12,31,11,1,54.0,619,47,151,273,206,39,619,31,17,54.8,11,35.5,285,1832,960,28,19,7,20,12,365,51,1,1,0,10,8,2,25,12,9,0,0,0,67,16,15,51.6,12,2,16.7,0.08,0.5,20.8,2,0,0,0.7,0.7,0.06,0.3,0.3,4,4,100.0,1.0,0.4,0.4,0.0,0.0,0.0,0.0,12,26,46.2,25,5,68.0,47.7,13,69.2,50.2,17,2,11.8,0,6.7,310,416,74.5,5706,2605,149,180,82.8,122,150,81.3,35,67,52.2,1,0.5,0.7,8,22,3,0,33,416,364,51,10,2,4,5,23,4,1,0,0,310,1,11,21,13,2,2,1,3,0,2,2,0,0,0,0,0,23,17,12,10,1,11,28,39.3,17,14,2,12,16,39,27,0,46.0,563,73,182,274,116,19,563,27,15,55.6,7,25.9,287,1686,935,23,11,5,24,12,308,33,3,1,0,9,10,1,5,16,17,0,0,0,56,15,16,48.4
2023-02-09,19:05,Liga MX,Clausura 2023 Regular Season,Thu,Away,W,3,0,León,Querétaro,1.9,0.7,46,,Rodolfo Cota,3-5-2,Jesus Lopez,15,5,33.3,0.13,0.4,18.3,0,1,1,1.9,1.1,0.07,1.1,0.9,3,3,100.0,1.0,0.1,0.1,0.0,0.0,0.0,0.0,8,16,50.0,34,10,35.3,34.2,9,44.4,45.8,16,4,25.0,0,7.1,320,414,77.3,6247,2691,137,156,87.8,138,172,80.2,41,72,56.9,1,0.8,0.7,11,14,8,3,30,414,368,45,10,0,7,19,17,8,4,4,0,320,1,6,28,18,3,4,2,1,0,5,5,0,0,0,0,0,23,16,9,11,3,11,25,44.0,14,15,2,13,12,35,24,0,46.0,552,65,189,256,111,19,551,15,10,66.7,4,26.7,313,1521,873,11,12,2,19,13,315,28,3,0,0,19,9,1,19,12,16,0,0,0,53,23,7,76.7,12,3,25.0,0.0,0.0,19.8,2,0,0,0.7,0.7,0.06,-0.7,-0.7,6,3,66.7,0.0,1.9,-1.1,1.0,1.0,0.0,0.0,8,15,53.3,22,1,40.9,39.2,12,50.0,45.9,14,0,0.0,0,3.0,375,490,76.5,7803,3178,143,160,89.4,169,203,83.3,62,99,62.6,0,0.3,0.4,8,23,3,2,32,490,415,75,18,1,10,24,36,5,0,4,0,375,0,18,21,12,5,0,1,2,1,0,0,0,0,0,0,0,17,9,8,8,1,4,14,28.6,10,9,4,5,8,25,15,0,54.0,595,53,182,291,126,9,595,26,14,53.8,11,42.3,266,1689,748,13,13,1,15,12,371,31,3,0,0,11,19,0,24,8,9,0,1,0,50,7,23,23.3
2023-02-14,19:05,Liga MX,Clausura 2023 Regular Season,Tue,Home,W,2,0,León,Puebla,3.2,0.2,61,24518.0,Rodolfo Cota,3-5-2,Óscar Macias,34,12,35.3,0.06,0.17,16.7,2,0,0,3.2,3.2,0.1,-1.2,-1.2,0,0,,1.0,0.0,0.0,0.0,0.0,0.0,0.0,0,3,0.0,11,2,27.3,32.3,3,0.0,28.0,9,0,0.0,1,11.5,432,529,81.7,7705,2925,193,214,90.2,182,218,83.5,45,70,64.3,2,2.7,2.2,26,40,19,8,52,529,470,56,9,1,6,28,33,10,0,0,0,432,3,6,64,51,4,1,5,3,0,4,4,0,0,0,0,0,17,10,9,8,0,10,16,62.5,6,13,1,12,6,23,12,0,61.0,667,31,136,331,208,47,667,13,5,38.5,8,61.5,384,2293,1352,36,17,13,20,8,427,52,0,0,0,9,9,3,28,6,10,0,0,0,46,14,15,48.3,3,0,0.0,0.0,,21.3,0,0,0,0.2,0.2,0.07,-0.2,-0.2,12,10,83.3,0.0,3.3,1.3,0.0,0.0,0.0,0.0,7,26,26.9,23,1,60.9,46.0,17,70.6,56.3,21,0,0.0,0,3.5,226,337,67.1,4444,2046,100,126,79.4,88,109,80.7,33,80,41.3,0,0.2,0.3,3,18,2,1,18,337,266,70,11,0,4,14,36,3,1,0,0,226,1,15,6,5,1,0,0,0,0,0,0,0,0,0,0,0,16,5,10,6,0,8,13,61.5,5,13,8,5,7,23,37,0,39.0,466,92,215,166,87,11,466,17,6,35.3,10,58.8,214,1121,446,6,8,4,12,7,224,18,3,1,0,10,7,1,14,7,5,0,0,0,35,15,14,51.7
2023-02-17,18:06,Liga MX,Clausura 2023 Regular Season,Fri,Away,D,0,0,León,FC Juárez,0.3,0.2,48,10229.0,Rodolfo Cota,3-5-2,Ismael Lopez,6,1,16.7,0.0,0.0,26.2,2,0,0,0.3,0.3,0.05,-0.3,-0.3,0,0,,1.0,0.0,0.0,0.0,0.0,0.0,0.0,2,3,66.7,19,2,10.5,29.9,5,20.0,33.8,15,0,0.0,0,8.0,332,444,74.8,6462,2588,117,147,79.6,177,212,83.5,37,70,52.9,0,0.2,0.6,3,34,6,2,45,444,388,51,17,2,3,19,25,3,1,1,0,332,5,13,9,5,1,1,0,2,0,0,0,0,0,0,0,0,26,16,13,10,3,14,28,50.0,14,10,3,7,17,43,19,0,48.0,583,43,172,279,148,14,583,24,9,37.5,12,50.0,317,2282,992,16,16,4,24,11,330,45,4,2,0,15,12,5,19,17,16,0,0,0,72,14,12,53.8,5,0,0.0,0.0,,17.2,1,0,0,0.2,0.2,0.05,-0.2,-0.2,1,1,100.0,1.0,0.0,0.0,0.0,0.0,0.0,0.0,5,9,55.6,37,6,18.9,31.2,5,40.0,40.4,15,2,13.3,2,13.8,390,486,80.2,7869,2870,136,157,86.6,183,213,85.9,62,93,66.7,0,0.2,0.2,3,30,2,2,31,486,426,56,19,0,5,17,30,1,0,1,0,390,4,7,9,3,2,1,1,2,0,0,0,0,0,0,0,0,23,11,12,9,2,12,21,57.1,9,14,1,13,8,31,31,0,52.0,627,69,243,289,101,5,627,31,14,45.2,14,45.2,320,1860,722,16,12,1,19,12,383,30,4,1,0,15,14,4,17,8,11,0,0,0,64,12,14,46.2
2023-02-27,21:10,Liga MX,Clausura 2023 Regular Season,Mon,Home,D,1,1,León,Monterrey,0.6,1.4,45,20134.0,Rodolfo Cota,4-2-3-1,César Arturo Ramos,8,3,37.5,0.13,0.33,17.9,0,0,0,0.6,0.6,0.08,0.4,0.4,5,4,100.0,0.0,1.3,0.3,1.0,1.0,0.0,0.0,3,13,23.1,21,3,38.1,40.1,9,55.6,45.2,8,0,0.0,0,8.0,324,430,75.3,6064,2807,132,155,85.2,141,157,89.8,39,85,45.9,1,0.6,0.5,8,26,7,1,37,430,374,52,12,1,4,20,24,5,0,4,0,324,4,9,14,11,2,0,0,0,1,2,2,0,0,0,0,0,21,15,11,7,3,9,22,40.9,13,11,1,10,9,30,23,0,45.0,547,53,161,254,143,19,547,13,4,30.8,8,61.5,317,1572,659,15,16,4,23,13,322,37,2,1,1,9,9,4,20,9,15,0,1,0,59,24,19,55.8,11,4,36.4,0.0,0.0,24.1,0,1,1,1.4,0.6,0.05,-0.4,-0.6,3,2,66.7,0.0,0.4,-0.6,0.0,0.0,0.0,0.0,4,13,30.8,42,2,23.8,29.7,6,50.0,42.3,14,1,7.1,3,13.7,420,531,79.1,7502,2991,180,202,89.1,188,222,84.7,41,73,56.2,0,0.5,0.3,8,26,6,1,39,531,474,54,11,2,4,14,33,2,0,1,0,420,3,12,19,12,3,3,0,1,0,2,1,0,0,0,1,0,21,11,11,9,1,8,12,66.7,4,10,1,9,6,27,20,0,55.0,644,68,226,327,102,15,643,22,13,59.1,9,40.9,365,1979,964,17,13,1,14,12,418,39,2,0,0,10,8,3,14,6,11,1,0,0,53,19,24,44.2
2023-03-04,17:00,Liga MX,Clausura 2023 Regular Season,Sat,Home,W,2,0,León,Atlético,2.1,0.8,60,20777.0,Rodolfo Cota,3-4-3,Fernando Guerrero,20,10,50.0,0.1,0.2,18.5,0,0,0,2.1,2.1,0.1,-0.1,-0.1,2,2,100.0,1.0,0.2,0.2,0.0,0.0,0.0,0.0,3,9,33.3,15,1,33.3,33.5,9,44.4,40.6,6,1,16.7,1,11.7,447,544,82.2,7524,2544,209,229,91.3,181,207,87.4,43,76,56.6,1,1.6,0.9,18,39,8,2,46,544,478,61,19,0,6,23,22,10,1,4,0,447,5,9,37,28,5,1,3,0,0,3,1,1,0,1,0,0,17,12,8,9,0,8,20,40.0,12,5,2,3,12,29,10,1,60.0,658,42,168,325,170,31,658,24,11,45.8,9,37.5,434,2082,1175,27,19,9,12,10,444,46,1,0,0,16,17,5,23,12,12,0,0,0,61,8,14,36.4,10,2,20.0,0.0,0.0,18.1,0,0,0,0.8,0.8,0.08,-0.8,-0.8,10,8,80.0,0.0,1.9,-0.1,0.0,0.0,0.0,0.0,8,17,47.1,24,9,45.8,38.3,11,54.5,38.6,18,0,0.0,2,15.2,284,369,77.0,5417,2596,120,136,88.2,113,145,77.9,46,72,63.9,0,0.6,0.6,8,24,6,2,34,369,309,58,21,1,2,9,21,2,0,1,0,284,2,3,17,10,2,2,2,1,0,0,0,0,0,0,0,0,19,10,8,11,0,9,20,45.0,11,10,3,7,10,29,21,1,40.0,487,69,151,228,112,16,487,23,12,52.2,8,34.8,285,1403,730,12,11,7,20,9,282,34,2,0,0,17,16,2,9,10,10,0,0,0,43,14,8,63.6
2023-03-11,17:00,Liga MX,Clausura 2023 Regular Season,Sat,Away,W,1,0,León,Atlas,1.0,1.1,44,11555.0,Rodolfo Cota,3-4-3,Marco Ortíz,19,5,26.3,0.05,0.2,20.7,0,0,0,1.0,1.0,0.06,0.0,0.0,4,4,100.0,1.0,0.4,0.4,0.0,0.0,0.0,0.0,5,18,27.8,24,4,45.8,41.5,15,46.7,37.5,20,0,0.0,0,7.7,331,428,77.3,6216,2465,146,159,91.8,132,162,81.5,45,91,49.5,1,0.4,0.5,10,25,7,3,22,428,381,46,6,0,3,11,21,3,1,1,0,331,1,6,26,17,3,1,4,0,1,1,1,0,0,0,0,0,20,13,14,5,1,7,22,31.8,15,18,6,12,8,28,27,0,44.0,563,84,193,229,149,24,563,27,12,44.4,14,51.9,273,1703,899,20,20,6,14,13,328,21,2,0,0,13,5,1,11,8,13,0,0,0,63,6,12,33.3,21,4,19.0,0.0,0.0,19.4,1,0,0,1.1,1.1,0.05,-1.1,-1.1,5,4,80.0,0.0,0.8,-0.2,0.0,0.0,0.0,0.0,9,14,64.3,21,3,42.9,38.1,14,35.7,35.0,8,1,12.5,2,15.4,436,536,81.3,7992,3364,223,242,92.1,145,178,81.5,58,87,66.7,0,0.9,0.7,16,40,11,2,51,536,475,61,13,0,7,31,25,7,3,4,0,436,0,14,39,27,4,2,2,3,1,0,0,0,0,0,0,0,27,15,12,9,6,14,26,53.8,12,11,5,6,18,45,13,0,56.0,681,62,182,333,172,25,681,24,15,62.5,7,29.2,397,2288,1225,31,21,7,21,13,432,51,2,0,0,6,12,0,31,18,15,0,0,0,56,12,6,66.7
2023-03-19,21:05,Liga MX,Clausura 2023 Regular Season,Sun,Home,W,4,1,León,Santos,1.9,1.2,72,20113.0,Rodolfo Cota,4-3-3,Adonai Escobedo,25,9,36.0,0.16,0.44,21.5,1,0,0,1.9,1.9,0.08,2.1,2.1,7,6,85.7,0.0,2.1,1.1,0.0,0.0,0.0,0.0,3,4,75.0,21,5,19.0,27.6,3,0.0,10.0,4,0,0.0,0,4.0,568,664,85.5,9123,2976,312,341,91.5,212,238,89.1,35,54,64.8,2,1.3,0.8,18,37,12,5,44,664,621,41,10,1,2,22,21,5,1,2,0,568,2,12,44,33,1,2,3,2,3,7,4,0,1,1,0,1,17,14,8,5,4,8,18,44.4,10,13,2,11,9,26,8,0,72.0,773,36,143,412,224,32,773,19,12,63.2,6,31.6,531,3241,1591,31,38,5,15,4,568,44,2,0,0,10,9,2,22,9,14,0,0,0,57,12,13,48.0,12,7,58.3,0.08,0.14,23.5,2,0,0,1.2,1.2,0.1,-0.2,-0.2,9,5,55.6,0.0,2.2,-1.8,0.0,0.0,0.0,0.0,6,19,31.6,13,2,61.5,38.7,15,73.3,55.3,15,0,0.0,0,,179,263,68.1,3676,1760,68,84,81.0,79,95,83.2,28,63,44.4,1,0.9,0.4,9,19,2,0,18,263,202,58,10,2,1,5,25,3,0,3,0,179,3,9,21,12,3,3,1,2,0,2,1,1,0,0,0,0,10,6,7,3,0,6,18,33.3,12,14,5,9,15,25,24,0,28.0,384,77,169,157,69,10,384,21,10,47.6,8,38.1,195,1183,492,12,8,3,18,9,179,18,2,1,0,9,10,3,5,15,6,0,0,0,47,13,12,52.0
2023-03-24,20:05,Liga MX,Clausura 2023 Regular Season,Fri,Away,W,2,1,León,Mazatlán,1.5,1.2,54,10005.0,Rodolfo Cota,5-3-2,Marco Ortíz,12,6,50.0,0.17,0.33,18.0,0,0,0,1.5,1.5,0.12,0.5,0.5,3,2,66.7,0.0,1.0,0.0,0.0,0.0,0.0,0.0,10,21,47.6,33,2,45.5,37.9,14,42.9,32.7,7,1,14.3,3,20.2,327,465,70.3,5958,2847,159,194,82.0,118,161,73.3,42,72,58.3,1,0.4,0.7,7,27,4,1,35,465,398,60,18,3,2,13,24,2,2,0,0,327,7,12,20,17,0,2,0,0,1,3,1,0,1,0,0,1,14,6,10,4,0,8,21,38.1,13,15,2,13,16,30,8,0,54.0,582,62,198,277,114,18,582,22,12,54.5,8,36.4,332,1653,763,13,12,6,20,12,325,35,1,0,0,13,12,7,13,16,6,0,0,0,74,23,31,42.6,14,3,21.4,0.07,0.33,21.2,1,0,0,1.2,1.2,0.09,-0.2,-0.2,6,4,66.7,0.0,1.7,-0.3,0.0,0.0,0.0,0.0,10,18,55.6,31,8,48.4,38.1,8,37.5,38.5,8,3,37.5,0,8.0,264,394,67.0,5509,2451,88,112,78.6,125,160,78.1,43,87,49.4,0,0.5,0.5,11,25,5,2,28,394,338,53,18,2,2,12,22,2,0,0,0,264,3,14,24,15,3,3,2,0,1,1,0,0,0,1,0,0,20,10,9,10,1,8,20,40.0,12,12,1,11,14,34,16,2,46.0,536,58,163,269,109,16,536,22,13,59.1,8,36.4,208,1045,448,11,16,4,26,6,262,28,1,0,0,15,10,3,12,14,10,0,0,0,63,31,23,57.4
2023-04-01,19:05,Liga MX,Clausura 2023 Regular Season,Sat,Away,D,2,2,León,América,2.0,1.2,44,37384.0,Rodolfo Cota,4-4-2,Fernando Hernández,21,3,14.3,0.1,0.67,16.3,1,0,0,2.0,2.0,0.09,0.0,0.0,5,3,60.0,0.0,2.1,0.1,0.0,0.0,0.0,0.0,3,6,50.0,21,4,28.6,30.3,2,0.0,8.5,9,0,0.0,1,18.0,303,386,78.5,6225,2726,104,121,86.0,148,169,87.6,49,82,59.8,2,1.5,1.2,15,40,10,3,45,386,343,42,11,1,6,14,21,5,3,2,0,303,1,5,33,21,2,3,5,1,1,4,4,0,0,0,0,0,18,8,11,6,1,8,22,36.4,14,9,5,4,11,29,19,0,44.0,511,62,156,245,114,25,511,12,6,50.0,3,25.0,299,1500,740,21,10,6,22,13,301,45,3,1,0,11,7,1,14,11,8,0,0,0,51,13,7,65.0,11,5,45.5,0.18,0.4,16.9,1,0,0,1.2,1.2,0.11,0.8,0.8,3,1,33.3,0.0,0.8,-1.2,0.0,0.0,0.0,0.0,4,18,22.2,23,3,47.8,46.5,12,58.3,50.5,11,0,0.0,1,17.3,387,487,79.5,7647,2821,155,175,88.6,167,197,84.8,60,95,63.2,2,1.0,2.0,7,31,11,0,39,487,431,52,11,0,8,9,23,3,2,1,0,387,4,4,18,14,0,1,1,2,0,2,2,0,0,0,0,0,16,9,5,11,0,3,9,33.3,6,14,9,5,11,27,10,0,56.0,597,60,183,256,164,27,597,27,14,51.9,8,29.6,295,1896,718,13,10,3,17,10,387,39,3,1,0,8,11,4,9,11,9,0,0,0,52,7,13,35.0
2023-04-08,20:05,Liga MX,Clausura 2023 Regular Season,Sat,Home,D,0,0,León,Cruz Azul,1.4,1.0,62,24711.0,Rodolfo Cota,4-4-2,Diego Montaño,17,3,17.6,0.0,0.0,15.4,0,0,0,1.4,1.4,0.08,-1.4,-1.4,2,2,100.0,1.0,0.4,0.4,0.0,0.0,0.0,0.0,1,2,50.0,19,4,5.3,19.3,7,14.3,26.6,11,0,0.0,0,9.0,450,534,84.3,8802,3239,167,180,92.8,220,255,86.3,62,88,70.5,0,1.2,1.3,14,41,13,5,51,534,483,49,18,0,8,25,14,9,6,1,0,450,2,6,28,19,4,1,3,1,0,0,0,0,0,0,0,0,15,9,11,3,1,6,11,54.5,5,6,2,4,13,28,21,1,62.0,652,44,203,289,167,25,652,22,11,50.0,9,40.9,355,2010,1040,20,14,3,18,8,444,51,2,0,0,21,14,2,25,13,9,0,0,0,47,14,10,58.3,9,2,22.2,0.0,0.0,16.6,1,0,0,1.0,1.0,0.11,-1.0,-1.0,3,3,100.0,1.0,0.1,0.1,0.0,0.0,0.0,0.0,5,13,38.5,24,4,41.7,35.7,12,25.0,32.1,22,2,9.1,0,9.0,244,334,73.1,4619,2043,95,114,83.3,113,136,83.1,29,64,45.3,0,0.9,1.1,6,16,4,0,21,334,264,66,22,2,3,15,26,5,2,2,0,244,4,6,17,8,3,2,1,3,0,0,0,0,0,0,0,0,17,10,7,8,2,9,20,45.0,11,9,4,5,10,27,16,0,38.0,433,64,176,169,96,17,433,14,5,35.7,6,42.9,231,973,459,8,6,4,13,9,238,21,1,0,0,14,21,4,15,10,10,0,0,0,38,10,14,41.7
2023-04-15,20:05,Liga MX,Clausura 2023 Regular Season,Sat,Home,L,0,2,León,Guadalajara,1.5,1.7,55,24737.0,Rodolfo Cota,4-4-2,Victor Caceres,12,5,41.7,0.0,0.0,21.5,1,0,0,1.5,1.5,0.12,-1.5,-1.5,4,2,50.0,0.0,1.4,-0.6,0.0,0.0,0.0,0.0,2,11,18.2,21,4,23.8,32.0,17,35.3,32.4,16,0,0.0,0,10.5,341,449,75.9,6168,2652,149,177,84.2,151,174,86.8,39,78,50.0,0,1.4,1.2,10,25,11,3,43,449,376,68,18,1,5,16,28,2,1,0,0,341,5,6,22,10,5,2,1,3,1,0,0,0,0,0,0,0,27,15,12,12,3,8,23,34.8,15,8,1,7,9,36,12,0,55.0,556,64,196,229,139,17,556,28,11,39.3,13,46.4,328,1684,892,14,8,2,16,8,336,43,2,0,0,10,17,5,16,9,15,0,0,0,51,15,11,57.7,14,4,28.6,0.14,0.5,21.8,0,0,0,1.7,1.7,0.12,0.3,0.3,5,5,100.0,1.0,1.0,1.0,0.0,0.0,0.0,0.0,9,21,42.9,23,3,56.5,45.9,9,88.9,63.8,15,0,0.0,0,9.0,268,362,74.0,5138,2362,128,150,85.3,96,119,80.7,41,81,50.6,2,1.6,1.0,12,24,6,1,27,362,307,54,15,3,5,17,24,5,1,1,0,268,1,6,23,20,1,1,1,0,0,3,3,0,0,0,0,0,21,14,13,7,1,13,24,54.2,11,9,3,6,12,33,14,0,45.0,495,52,179,191,134,18,495,25,15,60.0,8,32.0,252,1699,676,17,15,4,24,19,266,27,4,0,0,18,10,1,17,12,14,0,0,0,58,11,15,42.3
2023-04-21,20:15,Liga MX,Clausura 2023 Regular Season,Fri,Away,D,0,0,León,Tijuana,1.0,1.1,38,25333.0,Rodolfo Cota,4-4-2,Edgar Morales,18,8,44.4,0.0,0.0,20.2,1,0,0,1.0,1.0,0.06,-1.0,-1.0,3,3,100.0,1.0,0.5,0.5,0.0,0.0,0.0,0.0,4,22,18.2,17,3,70.6,45.4,13,76.9,52.9,19,0,0.0,0,4.0,201,325,61.8,3447,2061,102,129,79.1,62,88,70.5,25,70,35.7,0,1.0,0.4,15,19,5,0,23,325,265,59,22,1,2,10,18,5,3,2,0,201,1,12,29,14,4,2,4,3,2,0,0,0,0,0,0,0,23,16,14,7,2,11,16,68.8,5,14,6,8,13,36,31,0,38.0,465,57,182,188,105,22,465,13,5,38.5,6,46.2,204,1270,613,20,13,7,20,16,200,23,2,1,0,15,15,1,10,13,16,0,0,0,76,19,19,50.0,15,3,20.0,0.0,0.0,18.1,0,0,0,1.1,1.1,0.08,-1.1,-1.1,8,8,100.0,1.0,0.8,0.8,0.0,0.0,0.0,0.0,5,6,83.3,18,7,16.7,26.8,9,33.3,33.6,10,1,10.0,0,14.0,395,527,75.0,7407,3384,164,201,81.6,150,187,80.2,65,99,65.7,0,0.9,1.0,11,48,11,4,53,527,459,61,15,1,0,31,28,8,2,6,0,395,7,11,26,21,2,0,3,0,0,0,0,0,0,0,0,0,22,15,7,14,1,6,11,54.5,5,15,3,12,17,39,8,0,62.0,657,49,160,344,157,25,657,17,5,29.4,11,64.7,299,1462,692,17,8,3,21,12,385,52,2,0,0,15,14,7,31,17,15,0,0,0,77,19,19,50.0
2023-04-30,20:05,Liga MX,Clausura 2023 Regular Season,Sun,Home,W,3,0,León,UANL,0.8,0.5,53,24163.0,William Tesillo,5-3-2,Fernando Guerrero,13,7,53.8,0.23,0.43,17.1,0,0,0,0.8,0.8,0.06,2.2,2.2,2,2,100.0,1.0,0.4,0.4,0.0,0.0,0.0,0.0,2,5,40.0,26,7,19.2,31.2,15,0.0,16.9,13,2,15.4,1,13.4,413,496,83.3,7955,3093,173,192,90.1,179,197,90.9,54,85,63.5,3,0.7,0.6,11,31,8,4,33,496,433,61,18,3,9,14,23,4,2,2,0,413,2,11,22,16,4,2,0,0,0,6,4,1,1,0,0,0,24,14,13,5,6,14,23,60.9,9,5,1,4,2,26,16,1,53.0,602,63,203,266,143,25,602,20,12,60.0,7,35.0,400,2100,1130,26,20,9,19,8,405,31,2,0,0,19,16,2,14,2,14,0,0,0,47,11,8,57.9,16,2,12.5,0.0,0.0,25.8,1,0,0,0.5,0.5,0.03,-0.5,-0.5,7,4,57.1,0.0,1.5,-0.7,0.0,0.0,0.0,0.0,5,13,38.5,31,8,32.3,36.9,6,50.0,42.2,13,2,15.4,1,12.2,353,434,81.3,6479,2493,151,163,92.6,146,166,88.0,43,79,54.4,0,0.3,0.4,11,25,4,2,28,434,375,57,20,1,3,20,21,6,1,4,0,353,2,8,28,22,1,3,1,1,0,0,0,0,0,0,0,0,15,12,9,3,3,7,19,36.8,12,12,2,10,13,28,14,0,47.0,545,58,200,218,134,10,545,25,9,36.0,14,56.0,295,1850,879,18,11,5,15,10,352,28,2,0,0,16,19,2,20,13,12,0,0,0,48,8,11,42.1
2023-05-07,20:06,Liga MX,Reclassification,Sun,Home,L,1,3,León,Atlético,1.8,1.4,72,22335.0,Rodolfo Cota,4-4-2,Victor Caceres,22,8,36.4,0.05,0.13,17.0,0,0,0,1.8,1.8,0.08,-0.8,-0.8,4,1,25.0,0.0,1.0,-2.0,0.0,0.0,0.0,0.0,0,1,0.0,31,8,3.2,19.7,5,0.0,15.4,4,0,0.0,6,22.7,471,601,78.4,8362,3077,214,237,90.3,195,233,83.7,47,91,51.6,1,1.7,2.0,18,47,19,3,65,601,523,73,17,2,7,38,35,12,5,5,0,471,5,12,40,35,2,2,1,0,0,2,1,0,1,0,0,0,18,12,6,12,0,7,19,36.8,12,12,4,8,5,23,10,1,72.0,709,59,173,285,258,47,709,24,12,50.0,9,37.5,437,3020,1873,51,33,10,16,7,467,64,1,0,0,3,15,5,38,5,12,0,0,0,76,16,18,47.1,10,4,40.0,0.3,0.75,21.8,0,0,0,1.4,1.4,0.15,1.6,1.6,8,7,87.5,0.0,2.1,1.1,0.0,0.0,0.0,0.0,5,24,20.8,21,1,81.0,62.8,13,53.8,43.8,27,2,7.4,3,12.8,137,238,57.6,2901,1493,47,61,77.0,58,77,75.3,25,77,32.5,2,0.6,0.3,5,13,5,1,16,238,194,43,7,1,5,9,17,4,0,3,0,137,1,8,14,6,1,4,2,0,1,4,1,0,1,1,0,1,16,14,8,8,0,9,21,42.9,12,21,10,11,9,25,54,0,28.0,385,115,207,117,68,18,385,20,12,60.0,7,35.0,145,1022,590,15,11,6,14,11,136,16,2,0,0,16,3,1,9,9,14,0,0,0,54,18,16,52.9
2022-07-03,19:05,Liga MX,Apertura 2022 Regular Season,Sun,Home,W,4,3,Santos,Monterrey,3.9,2.3,49,13218.0,Dória,3-5-2,Jorge Pérez,17,3,17.6,0.12,0.67,18.0,3,2,2,3.9,2.4,0.14,0.1,-0.4,8,5,75.0,0.0,3.4,0.4,1.0,1.0,0.0,0.0,7,16,43.8,14,2,78.6,49.9,6,83.3,60.7,14,0,0.0,0,10.0,208,314,66.2,4223,2217,96,119,80.7,71,103,68.9,40,85,47.1,2,2.1,1.2,10,25,8,2,32,314,265,49,16,0,6,19,16,7,3,3,0,208,0,4,30,12,7,1,5,5,0,7,3,2,0,0,2,0,20,14,12,4,4,7,14,50.0,7,3,2,1,12,32,10,1,49.0,412,44,121,188,110,23,410,8,6,75.0,2,25.0,149,939,447,13,9,2,15,9,205,32,2,0,0,6,18,0,19,12,14,2,1,0,53,22,26,45.8,16,7,43.8,0.13,0.29,19.0,1,1,1,2.3,1.5,0.09,0.7,0.5,5,1,60.0,0.0,3.1,-0.9,2.0,2.0,0.0,0.0,10,22,45.5,23,2,65.2,43.2,12,58.3,44.6,16,1,6.3,0,2.0,219,326,67.2,4615,2430,91,115,79.1,88,121,72.7,39,75,52.0,1,1.3,1.2,13,12,10,4,31,326,284,40,4,3,0,16,13,6,2,4,0,219,2,1,29,22,2,0,2,2,1,5,3,0,0,1,1,0,11,10,6,5,0,2,8,25.0,6,9,6,3,10,21,15,0,51.0,424,61,147,194,92,18,423,14,7,50.0,7,50.0,173,873,414,8,13,0,10,13,214,29,4,0,0,19,6,2,16,10,10,1,2,0,53,26,22,54.2
2022-07-08,21:05,Liga MX,Apertura 2022 Regular Season,Fri,Away,L,0,1,Santos,Puebla,0.7,1.1,46,14303.0,Dória,4-1-3-2,César Arturo Ramos,10,1,10.0,0.0,0.0,22.5,1,0,0,0.7,0.7,0.07,-0.7,-0.7,7,6,85.7,0.0,1.4,0.4,0.0,0.0,0.0,0.0,8,11,72.7,20,7,40.0,38.4,10,30.0,31.1,23,0,0.0,0,2.0,269,382,70.4,5009,2556,125,147,85.0,107,143,74.8,33,76,43.4,0,0.7,0.4,7,23,5,0,34,382,328,51,9,2,4,11,28,2,2,0,0,269,3,5,20,12,2,3,0,1,2,0,0,0,0,0,0,0,13,7,1,8,4,8,12,66.7,4,9,3,6,16,29,18,0,46.0,509,69,171,230,117,10,509,18,5,27.8,13,72.2,254,1466,697,19,13,4,21,12,268,34,2,0,0,9,10,3,11,16,7,0,0,0,64,13,23,36.1,17,7,41.2,0.06,0.14,21.9,0,0,0,1.1,1.1,0.06,-0.1,-0.1,1,1,100.0,1.0,0.1,0.1,0.0,0.0,0.0,0.0,9,28,32.1,34,4,61.8,47.1,9,88.9,67.9,6,0,0.0,1,8.5,317,448,70.8,6662,2870,116,148,78.4,138,168,82.1,55,108,50.9,1,1.0,0.8,15,31,9,4,25,448,391,57,12,1,4,29,25,10,4,5,0,317,0,7,32,25,4,0,1,2,0,2,2,0,0,0,0,0,25,11,10,12,3,13,18,72.2,5,8,3,5,13,38,20,0,54.0,575,67,213,234,134,18,575,12,4,33.3,8,66.7,284,1308,693,17,12,2,22,5,314,22,3,0,0,10,9,0,29,13,11,0,0,0,66,23,13,63.9
2022-07-16,19:05,Liga MX,Apertura 2022 Regular Season,Sat,Home,D,1,1,Santos,Guadalajara,0.7,1.9,47,15611.0,Dória,4-1-3-2,Marco Ortíz,10,5,50.0,0.1,0.2,23.1,1,0,0,0.7,0.7,0.07,0.3,0.3,6,5,83.3,0.0,1.7,0.7,0.0,0.0,0.0,0.0,10,19,52.6,22,7,50.0,36.0,11,72.7,53.1,6,0,0.0,0,14.3,268,380,70.5,5169,2340,107,126,84.9,115,143,80.4,39,93,41.9,1,0.7,0.5,8,23,8,3,27,380,332,48,8,1,4,22,22,5,1,2,1,268,0,10,20,17,0,2,0,1,0,2,0,0,2,0,0,0,15,8,5,8,2,6,19,31.6,13,9,6,3,13,28,20,1,47.0,481,56,146,244,98,17,481,14,10,71.4,4,28.6,204,1155,603,15,5,2,21,3,262,27,3,0,0,14,7,0,22,13,8,0,0,0,52,15,13,53.6,18,6,33.3,0.06,0.17,23.4,3,0,0,1.9,1.9,0.1,-0.9,-0.9,5,4,80.0,0.0,0.9,-0.1,0.0,0.0,0.0,0.0,3,16,18.8,20,10,45.0,42.1,8,87.5,67.8,21,3,14.3,0,8.9,337,436,77.3,6158,2457,139,157,88.5,145,174,83.3,40,81,49.4,1,1.6,1.2,11,31,9,0,30,436,397,39,11,1,3,10,15,3,2,0,0,337,0,5,29,22,0,3,1,3,0,2,1,0,1,0,0,0,7,6,3,4,0,4,14,28.6,10,11,2,9,7,14,23,0,53.0,537,61,152,271,120,19,537,21,13,61.9,6,28.6,266,1386,652,16,8,5,13,9,328,30,8,1,1,9,14,0,10,7,6,0,0,0,51,13,15,46.4
2022-07-23,17:00,Liga MX,Apertura 2022 Regular Season,Sat,Away,L,1,2,Santos,Toluca,0.7,3.3,34,18503.0,Dória,3-5-2,Diego Montaño,14,5,35.7,0.07,0.2,19.6,1,0,0,0.7,0.7,0.05,0.3,0.3,9,7,88.9,0.0,3.6,1.6,1.0,1.0,0.0,0.0,4,12,33.3,15,2,46.7,35.5,9,55.6,45.7,11,0,0.0,0,15.0,220,285,77.2,4010,1650,98,113,86.7,92,105,87.6,25,53,47.2,1,0.7,0.9,12,20,9,3,29,285,248,37,14,1,5,14,9,2,0,1,0,220,0,9,28,24,2,0,0,1,1,2,1,1,0,0,0,0,17,10,5,11,1,5,13,38.5,8,5,4,1,12,29,14,0,34.0,388,53,110,168,115,19,388,21,9,42.9,11,52.4,200,1213,549,13,14,5,10,5,217,28,3,0,0,16,12,0,14,12,10,0,1,0,44,11,10,52.4,19,8,42.1,0.05,0.13,17.7,2,1,1,3.3,2.8,0.15,-1.3,-1.8,5,4,80.0,0.0,0.7,-0.3,0.0,0.0,0.0,0.0,9,17,52.9,39,3,35.9,37.4,10,30.0,34.2,11,0,0.0,0,12.0,484,555,87.2,9676,3131,190,201,94.5,204,225,90.7,80,110,72.7,1,1.7,1.2,11,34,7,1,26,555,505,47,12,1,13,13,14,9,5,3,0,484,3,1,35,24,1,1,6,3,0,4,2,0,0,1,1,0,16,10,10,5,1,11,20,55.0,9,10,2,8,5,21,7,0,66.0,639,59,205,311,127,24,638,14,8,57.1,5,35.7,349,1592,773,15,11,5,9,12,481,25,2,0,0,12,16,3,13,5,10,1,0,0,37,10,11,47.6
2022-07-31,19:05,Liga MX,Apertura 2022 Regular Season,Sun,Home,W,1,0,Santos,Atlas,0.6,0.7,46,13671.0,Carlos Acevedo,4-1-3-2,César Arturo Ramos,10,2,20.0,0.1,0.5,21.9,1,0,0,0.6,0.6,0.06,0.4,0.4,2,2,100.0,1.0,0.1,0.1,0.0,0.0,0.0,0.0,10,21,47.6,22,5,50.0,40.6,13,76.9,56.2,15,1,6.7,0,5.0,296,415,71.3,5585,2609,125,146,85.6,104,135,77.0,52,94,55.3,0,0.3,0.3,7,27,5,2,36,415,368,45,12,1,5,19,16,3,0,3,0,296,2,11,16,9,3,1,1,2,0,0,0,0,0,0,0,0,17,9,9,7,1,11,22,50.0,11,11,5,6,13,30,18,0,46.0,534,65,172,243,125,14,534,16,7,43.8,7,43.8,243,1519,761,17,20,6,22,9,293,36,2,0,0,15,11,2,19,13,9,0,0,0,60,31,34,47.7,17,2,11.8,0.0,0.0,22.3,1,0,0,0.7,0.7,0.04,-0.7,-0.7,2,1,50.0,0.0,0.6,-0.4,0.0,0.0,0.0,0.0,11,25,44.0,35,2,51.4,43.5,9,88.9,61.2,12,1,8.3,2,20.0,368,482,76.3,7757,2985,148,176,84.1,142,172,82.6,74,121,61.2,0,0.6,1.3,15,39,6,3,38,482,430,51,16,0,10,18,20,4,2,1,0,368,1,6,32,21,5,2,0,4,0,0,0,0,0,0,0,0,16,9,9,5,2,7,14,50.0,7,9,2,7,7,23,18,1,54.0,597,61,175,298,131,16,597,23,11,47.8,11,47.8,282,1300,677,11,12,1,13,6,363,38,2,0,0,12,15,1,18,7,9,0,0,0,53,34,31,52.3
2022-08-06,21:05,Liga MX,Apertura 2022 Regular Season,Sat,Home,W,4,0,Santos,Cruz Azul,1.5,1.4,51,15530.0,Carlos Acevedo,4-1-3-2,Óscar Macias,17,9,52.9,0.24,0.44,16.3,1,0,0,1.5,1.5,0.09,2.5,2.5,1,1,100.0,1.0,0.3,0.3,1.0,0.0,0.0,1.0,5,16,31.3,16,3,62.5,45.3,12,50.0,37.8,10,1,10.0,0,7.0,340,441,77.1,6342,2498,163,186,87.6,124,145,85.5,48,90,53.3,4,1.2,0.8,11,21,8,2,34,441,391,48,13,1,11,19,16,6,2,4,0,340,2,5,31,22,4,1,3,1,0,8,4,2,1,1,0,0,10,7,6,2,2,6,12,50.0,6,11,1,10,15,25,12,0,51.0,541,51,181,258,104,21,541,16,12,75.0,3,18.8,254,1177,577,12,10,3,13,7,338,34,0,0,0,12,12,2,19,15,7,0,1,0,53,18,16,52.9,11,1,9.1,0.0,0.0,23.4,1,0,1,1.4,0.6,0.05,-1.4,-0.6,9,5,55.6,0.0,3.1,-0.9,0.0,0.0,0.0,0.0,6,23,26.1,24,3,62.5,44.5,9,88.9,63.4,14,0,0.0,1,15.0,309,421,73.4,5999,2167,128,153,83.7,130,153,85.0,45,88,51.1,0,0.4,0.5,6,19,5,1,35,421,364,55,12,1,6,10,23,6,2,4,0,309,2,9,15,10,2,0,0,3,0,0,0,0,0,0,0,0,10,7,4,4,2,3,15,20.0,12,8,5,3,14,24,12,0,49.0,511,59,174,245,95,13,510,13,6,46.2,6,46.2,262,1294,636,16,12,3,12,4,306,35,0,0,0,12,12,2,10,14,7,1,0,0,50,16,18,47.1
2022-08-14,19:05,Liga MX,Apertura 2022 Regular Season,Sun,Away,L,0,2,Santos,UANL,1.6,1.6,49,41385.0,Carlos Acevedo,4-4-2,Diego Montaño,21,6,28.6,0.0,0.0,19.8,3,0,0,1.6,1.6,0.08,-1.6,-1.6,7,5,71.4,0.0,2.2,0.2,0.0,0.0,0.0,0.0,4,9,44.4,17,5,29.4,28.1,11,36.4,32.3,14,0,0.0,1,14.6,345,429,80.4,6059,2724,164,183,89.6,142,168,84.5,32,55,58.2,0,1.0,0.7,10,33,8,0,48,429,379,49,12,0,6,19,20,3,2,1,0,345,1,6,32,15,4,3,6,4,0,0,0,0,0,0,0,0,19,12,8,7,4,9,17,52.9,8,12,4,8,6,25,9,1,49.0,539,56,162,244,139,34,539,22,8,36.4,12,54.5,303,1846,1005,29,20,9,18,17,343,48,6,0,0,16,15,1,19,6,12,0,0,0,49,8,8,50.0,19,7,36.8,0.11,0.29,19.9,1,0,0,1.6,1.6,0.08,0.4,0.4,6,6,100.0,1.0,1.0,1.0,0.0,0.0,0.0,0.0,7,13,53.8,19,2,42.1,38.6,10,50.0,42.8,12,0,0.0,0,5.0,371,454,81.7,6340,2540,179,201,89.1,129,151,85.4,42,70,60.0,1,1.5,1.3,17,28,11,3,38,454,406,48,16,1,5,17,16,5,2,2,0,371,0,8,31,23,2,2,1,2,1,3,2,0,1,0,0,0,29,21,13,9,7,12,20,60.0,8,16,10,6,12,41,16,0,51.0,569,65,161,232,182,23,569,20,8,40.0,9,45.0,307,1753,899,20,17,5,13,10,365,38,3,1,1,15,16,0,17,12,21,0,0,0,50,8,8,50.0
2022-08-18,19:05,Liga MX,Apertura 2022 Regular Season,Thu,Home,W,2,1,Santos,León,1.4,0.3,58,10164.0,Carlos Acevedo,4-1-3-2,Victor Caceres,19,6,31.6,0.11,0.33,17.9,1,0,0,1.4,1.4,0.07,0.6,0.6,1,0,0.0,0.0,0.3,-0.7,0.0,0.0,0.0,0.0,0,5,0.0,14,3,14.3,25.5,8,37.5,40.5,5,0,0.0,0,12.5,425,515,82.5,7713,2599,203,215,94.4,139,167,83.2,69,103,67.0,1,0.8,0.6,14,43,6,1,46,515,459,55,14,1,11,17,25,6,1,4,0,425,1,7,33,19,7,1,2,4,0,4,2,1,0,0,1,0,10,6,2,6,2,0,6,0.0,6,5,1,4,4,14,7,0,58.0,607,34,111,327,173,24,607,25,12,48.0,11,44.0,309,1727,949,26,20,5,15,5,421,46,1,0,0,11,14,1,17,4,6,0,0,0,50,8,20,28.6,5,1,20.0,0.2,1.0,16.8,0,0,0,0.3,0.3,0.06,0.7,0.7,6,4,66.7,0.0,1.9,-0.1,0.0,0.0,0.0,0.0,9,20,45.0,29,11,34.5,34.8,13,76.9,55.2,15,0,0.0,1,23.0,289,376,76.9,5537,2311,123,144,85.4,130,155,83.9,33,67,49.3,1,0.3,0.4,4,14,6,0,30,376,328,47,12,0,4,9,16,3,1,0,0,289,1,4,10,9,1,0,0,0,0,2,2,0,0,0,0,0,16,6,10,6,0,11,23,47.8,12,11,4,7,9,25,18,0,42.0,460,71,192,195,77,14,460,10,6,60.0,0,0.0,265,1290,727,16,12,4,13,10,284,28,4,0,0,14,11,1,9,9,6,0,0,0,40,20,8,71.4
2022-08-21,12:00,Liga MX,Apertura 2022 Regular Season,Sun,Away,W,5,1,Santos,UNAM,3.0,1.3,44,12530.0,Carlos Acevedo,4-1-3-2,Marco Ortíz,15,9,60.0,0.27,0.44,17.4,1,1,1,3.0,2.2,0.15,2.0,1.8,5,4,80.0,0.0,0.5,-0.5,0.0,0.0,0.0,0.0,10,12,83.3,12,5,50.0,41.8,17,35.3,35.0,24,3,12.5,0,8.3,284,367,77.4,5358,2643,141,160,88.1,92,110,83.6,42,65,64.6,3,1.3,1.2,10,27,6,2,30,367,314,50,10,2,4,10,17,4,2,2,0,284,3,12,29,22,0,2,2,3,0,9,6,0,1,1,1,0,18,12,8,9,1,6,18,33.3,12,8,3,5,8,26,29,0,44.0,481,67,191,216,82,19,480,20,11,55.0,6,30.0,310,1509,716,17,8,5,12,13,283,30,0,0,0,11,13,3,10,8,12,1,0,0,51,11,16,40.7,19,5,26.3,0.05,0.2,14.7,0,0,0,1.3,1.3,0.07,-0.3,-0.3,10,5,60.0,0.0,4.5,-0.5,1.0,1.0,0.0,0.0,6,11,54.5,17,4,29.4,32.5,8,75.0,53.5,8,0,0.0,0,22.0,389,473,82.2,7936,3024,138,155,89.0,185,213,86.9,62,88,70.5,1,1.0,1.3,14,50,10,4,46,473,416,57,14,3,5,31,21,8,3,4,0,389,0,7,33,18,7,1,5,1,1,2,0,1,0,1,0,0,19,11,8,8,3,6,17,35.3,11,13,3,10,13,32,9,0,56.0,593,38,124,325,150,24,593,21,12,57.1,6,28.6,334,2002,903,17,14,5,19,12,381,45,0,0,0,13,10,0,31,13,11,0,1,0,50,16,11,59.3
2022-08-25,19:05,Liga MX,Apertura 2022 Regular Season,Thu,Away,W,2,0,Santos,Tijuana,0.9,1.3,46,24333.0,Carlos Acevedo,4-1-3-2,Adonai Escobedo,21,7,33.3,0.1,0.29,23.3,2,0,0,0.9,0.9,0.04,1.1,1.1,4,4,100.0,1.0,1.0,1.0,0.0,0.0,0.0,0.0,3,8,37.5,17,6,23.5,34.5,12,33.3,32.6,24,1,4.2,0,9.8,320,421,76.0,5559,2885,152,180,84.4,129,159,81.1,29,56,51.8,2,0.6,0.7,15,43,5,0,48,421,381,40,9,0,3,9,16,2,0,1,0,320,0,10,34,29,0,1,1,2,1,2,2,0,0,0,0,0,16,8,8,6,2,7,14,50.0,7,17,10,7,10,26,24,0,46.0,569,75,192,233,149,19,569,11,6,54.5,3,27.3,286,1612,782,19,13,4,28,9,318,48,3,0,0,13,10,0,9,10,8,0,0,0,70,20,16,55.6,24,4,16.7,0.0,0.0,19.6,0,0,0,1.3,1.3,0.05,-1.3,-1.3,7,5,71.4,0.0,1.3,-0.7,0.0,0.0,0.0,0.0,6,14,42.9,30,3,43.3,37.8,13,7.7,23.7,8,0,0.0,0,5.5,379,503,75.3,6977,3006,172,193,89.1,138,186,74.2,56,93,60.2,0,1.0,1.2,16,30,5,2,41,503,444,59,13,0,3,29,23,7,0,7,0,379,0,9,36,22,6,2,6,0,0,0,0,0,0,0,0,0,12,6,4,7,1,3,9,33.3,6,13,4,9,17,29,12,1,54.0,623,65,200,264,170,29,623,15,7,46.7,7,46.7,325,1368,688,18,14,2,16,9,372,40,2,1,0,10,11,0,29,17,6,0,0,0,54,16,20,44.4
2022-08-28,19:05,Liga MX,Apertura 2022 Regular Season,Sun,Home,W,4,1,Santos,Atlético,2.9,0.2,48,12053.0,Carlos Acevedo,4-1-3-2,Fernando Guerrero,22,7,31.8,0.14,0.43,20.5,2,1,1,2.9,2.2,0.1,1.1,0.8,4,3,75.0,0.0,0.7,-0.3,0.0,0.0,0.0,0.0,3,10,30.0,22,4,31.8,36.0,5,60.0,39.8,12,0,0.0,0,11.0,320,396,80.8,6256,2813,143,157,91.1,125,143,87.4,47,77,61.0,2,1.4,0.8,14,36,9,1,45,396,355,38,8,2,5,16,18,5,1,4,0,320,3,6,39,25,2,5,3,3,1,7,3,1,0,2,1,0,14,10,4,7,3,8,15,53.3,7,8,1,7,17,31,23,0,48.0,523,63,155,245,131,28,522,21,11,52.4,6,28.6,276,1507,814,19,9,6,14,9,318,45,1,0,0,7,10,3,16,17,10,1,0,0,54,13,12,52.0,7,4,57.1,0.14,0.25,25.7,1,0,0,0.2,0.2,0.03,0.8,0.8,8,4,62.5,0.0,3.0,-1.0,1.0,1.0,0.0,0.0,6,15,40.0,13,2,53.8,40.7,13,61.5,46.4,13,0,0.0,1,27.0,330,426,77.5,6760,2330,122,140,87.1,146,167,87.4,57,94,60.6,1,0.2,0.7,5,31,4,2,30,426,379,46,9,0,9,16,14,5,3,1,0,330,1,10,11,9,0,0,0,1,1,2,2,0,0,0,0,0,15,8,7,7,1,6,17,35.3,11,9,3,6,9,24,19,0,52.0,530,59,167,226,141,13,530,16,7,43.8,8,50.0,246,1270,662,15,13,3,9,6,328,30,2,0,0,10,7,1,16,9,8,0,1,0,48,12,13,48.0
2022-09-03,17:05,Liga MX,Apertura 2022 Regular Season,Sat,Away,L,0,2,Santos,Pachuca,0.4,1.4,51,6592.0,Carlos Acevedo,4-1-3-2,Fernando Hernández,6,1,16.7,0.0,0.0,23.4,3,0,0,0.4,0.4,0.06,-0.4,-0.4,6,4,66.7,0.0,1.4,-0.6,0.0,0.0,0.0,0.0,4,20,20.0,19,2,36.8,38.8,17,76.5,50.2,27,0,0.0,0,9.0,274,387,70.8,5748,2323,108,138,78.3,110,137,80.3,50,95,52.6,0,0.1,0.2,2,18,3,2,23,387,327,60,11,0,8,13,22,7,2,4,0,274,0,9,9,1,4,1,1,2,0,0,0,0,0,0,0,0,14,9,5,8,1,8,17,47.1,9,11,7,4,14,28,16,0,51.0,488,72,173,222,96,7,488,21,12,57.1,7,33.3,217,1107,446,9,6,2,13,16,270,21,3,1,1,15,11,0,13,14,9,0,0,0,56,13,17,43.3,24,6,25.0,0.08,0.33,19.6,0,0,0,1.4,1.4,0.06,0.6,0.6,1,1,100.0,1.0,0.1,0.1,0.0,0.0,0.0,0.0,13,25,52.0,20,5,70.0,53.2,12,91.7,55.3,8,2,25.0,0,12.3,267,369,72.4,5234,2496,113,140,80.7,108,135,80.0,40,71,56.3,2,1.1,0.8,19,31,7,3,39,369,313,55,15,0,4,29,18,9,6,1,0,267,1,5,40,26,7,1,3,2,1,4,3,1,0,0,0,0,23,12,14,7,2,7,19,36.8,12,8,1,7,24,47,7,0,49.0,491,35,149,192,157,22,491,19,9,47.4,8,42.1,258,1568,784,22,16,5,11,6,264,39,4,0,0,13,13,1,29,24,12,0,0,0,54,17,13,56.7
2022-09-06,19:05,Liga MX,Apertura 2022 Regular Season,Tue,Home,W,3,1,Santos,Necaxa,1.0,1.7,49,7979.0,Carlos Acevedo,4-4-2,Daniel Quintero,20,6,30.0,0.15,0.5,22.3,3,0,0,1.0,1.0,0.05,2.0,2.0,7,6,85.7,0.0,1.6,0.6,0.0,0.0,0.0,0.0,6,14,42.9,24,6,41.7,36.9,10,40.0,39.9,13,1,7.7,1,13.0,354,460,77.0,6558,2392,157,187,84.0,153,172,89.0,39,77,50.6,3,0.8,0.8,16,33,12,5,40,460,403,56,11,1,5,18,32,1,0,1,0,354,1,9,34,26,3,1,0,3,1,5,5,0,0,0,0,0,6,3,2,3,1,1,4,25.0,3,10,5,5,15,21,22,1,49.0,594,59,173,278,150,25,594,19,8,42.1,9,47.4,355,1642,815,16,13,7,20,15,352,40,1,0,0,4,12,1,18,15,3,0,0,0,63,21,16,56.8,22,7,31.8,0.05,0.14,17.6,0,0,0,1.7,1.7,0.08,-0.7,-0.7,6,3,50.0,0.0,1.9,-1.1,0.0,0.0,0.0,0.0,7,17,41.2,33,3,36.4,36.1,14,35.7,35.1,13,0,0.0,0,17.0,376,480,78.3,7565,2918,134,156,85.9,179,211,84.8,57,93,61.3,0,0.9,1.0,15,30,9,4,39,480,437,43,5,0,7,15,18,2,1,1,0,376,0,5,35,24,2,0,6,0,3,1,0,0,0,1,0,0,24,17,13,10,1,9,17,52.9,8,12,4,8,15,39,20,0,51.0,607,66,217,267,132,29,607,5,3,60.0,1,20.0,414,1827,885,12,19,4,17,5,371,39,2,0,0,14,4,0,15,15,17,0,0,0,64,16,21,43.2
2022-09-10,17:00,Liga MX,Apertura 2022 Regular Season,Sat,Away,D,3,3,Santos,Querétaro,0.4,2.3,53,,Carlos Acevedo,4-1-3-2,Luis Santander,11,3,27.3,0.27,1.0,22.9,1,0,0,0.4,0.4,0.04,2.6,2.6,9,6,66.7,0.0,2.6,-0.4,0.0,0.0,0.0,0.0,6,14,42.9,19,4,47.4,38.0,13,38.5,35.4,20,1,5.0,0,8.7,362,477,75.9,6876,2659,162,183,88.5,148,176,84.1,50,101,49.5,3,0.2,0.7,7,40,4,0,46,477,418,59,15,0,8,26,23,4,1,3,0,362,0,6,17,12,2,1,0,2,0,6,5,1,0,0,0,0,12,7,5,4,3,5,16,31.3,11,9,3,6,7,19,19,0,53.0,566,56,163,289,117,17,566,14,7,50.0,5,35.7,254,1482,820,12,6,3,13,3,360,46,2,0,0,8,14,0,26,7,7,0,0,0,41,10,13,43.5,21,9,42.9,0.14,0.33,17.8,0,0,0,2.3,2.3,0.12,0.7,0.7,3,0,0.0,0.0,1.1,-1.9,0.0,0.0,0.0,0.0,6,16,37.5,16,6,50.0,39.0,8,100.0,70.5,20,2,10.0,2,13.5,329,424,77.6,7006,2882,106,119,89.1,163,193,84.5,54,95,56.8,2,1.8,1.4,17,29,11,7,33,424,369,54,8,0,6,22,27,7,1,3,0,329,1,7,36,30,2,1,3,0,0,5,4,0,0,1,0,0,8,3,2,6,0,5,12,41.7,7,7,3,4,11,19,27,0,47.0,544,57,174,239,138,22,544,17,11,64.7,5,29.4,282,1614,810,20,12,4,18,7,326,33,2,0,0,15,8,1,22,11,3,0,0,0,50,13,10,56.5
2022-09-14,21:05,Liga MX,Apertura 2022 Regular Season,Wed,Away,D,3,3,Santos,América,0.7,2.0,29,2781.0,Carlos Acevedo,4-4-2,Fernando Hernández,13,8,61.5,0.23,0.38,22.9,0,0,0,0.7,0.7,0.05,2.3,2.3,8,6,62.5,0.0,2.3,0.3,0.0,0.0,0.0,0.0,9,18,50.0,13,3,76.9,56.4,14,57.1,51.4,29,0,0.0,0,5.0,182,252,72.2,4215,2189,60,80,75.0,84,101,83.2,37,65,56.9,2,0.3,0.2,8,18,4,1,19,252,217,35,4,0,2,6,11,2,1,1,0,182,0,5,18,14,1,2,1,0,0,5,3,0,1,1,0,0,16,12,12,4,0,4,10,40.0,6,21,13,8,16,32,41,0,29.0,414,92,206,152,60,14,414,14,6,42.9,6,42.9,137,780,408,12,6,6,20,5,180,19,6,0,0,15,4,0,6,16,12,0,0,1,44,12,18,40.0,29,8,27.6,0.07,0.25,17.4,3,0,0,2.0,2.0,0.07,0.0,0.0,8,5,62.5,0.0,2.1,-0.9,0.0,0.0,0.0,0.0,1,3,33.3,17,8,5.9,26.7,2,100.0,60.5,6,0,0.0,2,24.3,503,607,82.9,9307,3371,225,252,89.3,219,251,87.3,59,89,66.3,1,1.0,1.7,16,59,21,7,73,607,554,53,12,2,3,39,24,11,6,3,0,503,0,11,52,45,0,1,3,3,0,3,2,0,0,1,0,0,11,7,3,7,1,6,12,50.0,6,7,2,5,5,16,9,0,71.0,700,29,119,336,250,41,700,13,6,46.2,4,30.8,472,2268,1116,18,20,3,12,12,502,73,0,0,0,4,15,0,39,5,7,0,0,0,44,18,12,60.0
2022-09-18,19:05,Liga MX,Apertura 2022 Regular Season,Sun,Home,W,2,0,Santos,FC Juárez,2.4,0.8,46,18721.0,Carlos Acevedo,4-4-2,Óscar Macias,18,4,22.2,0.06,0.25,20.2,2,1,1,2.4,1.6,0.1,-0.4,-0.6,1,1,100.0,1.0,0.0,0.0,0.0,0.0,0.0,0.0,4,11,36.4,11,4,54.5,45.0,13,38.5,29.6,18,2,11.1,0,6.5,261,347,75.2,4720,1941,112,132,84.8,98,115,85.2,33,69,47.8,0,0.7,0.5,8,22,4,2,34,347,295,52,12,1,4,21,19,7,3,4,0,261,0,7,28,18,0,0,6,3,1,2,0,0,0,2,0,0,10,7,6,3,1,5,14,35.7,9,7,0,7,11,21,28,0,46.0,463,56,153,206,115,19,462,23,9,39.1,13,56.5,210,1430,770,16,10,3,12,4,260,34,1,0,0,9,12,0,21,11,7,0,0,0,47,9,11,45.0,12,1,8.3,0.0,0.0,20.4,0,0,0,0.8,0.8,0.07,-0.8,-0.8,5,3,80.0,0.0,1.9,-0.1,1.0,1.0,0.0,0.0,3,9,33.3,19,5,21.1,29.5,13,46.2,45.4,17,0,0.0,1,12.3,317,413,76.8,6248,2590,124,145,85.5,135,157,86.0,52,94,55.3,0,0.6,0.7,7,25,5,2,47,413,357,56,9,0,7,24,25,7,3,2,0,317,0,12,18,14,2,1,1,0,0,0,0,0,0,0,0,0,17,13,13,3,1,13,22,59.1,9,12,5,7,17,34,13,0,54.0,513,61,188,208,122,13,513,14,9,64.3,5,35.7,303,1667,787,16,14,3,18,5,308,47,3,0,0,15,9,0,24,17,13,0,1,0,48,11,9,55.0
2022-10-02,18:05,Liga MX,Apertura 2022 Regular Season,Sun,Home,W,3,0,Santos,Mazatlán,2.0,1.4,55,14461.0,Carlos Acevedo,4-4-2,Adonai Escobedo,12,5,41.7,0.17,0.4,17.5,0,1,1,2.0,1.2,0.1,1.0,0.8,2,2,100.0,1.0,0.3,0.3,1.0,0.0,0.0,1.0,6,15,40.0,15,0,73.3,50.1,12,41.7,32.1,10,0,0.0,0,14.0,318,417,76.3,5869,2439,144,164,87.8,130,161,80.7,39,73,53.4,1,1.0,0.6,9,26,9,2,35,417,371,46,15,4,3,13,13,5,3,2,0,318,0,10,22,16,2,2,1,1,0,5,2,0,2,0,1,0,11,6,4,6,1,8,20,40.0,12,8,3,5,12,23,17,0,55.0,524,62,166,275,91,22,523,14,10,71.4,4,28.6,319,1635,873,22,16,7,13,3,315,35,2,0,0,15,14,0,13,12,6,1,1,0,59,12,17,41.4,12,2,16.7,0.0,0.0,20.6,1,0,1,1.4,0.6,0.05,-1.4,-0.6,6,3,66.7,0.0,2.3,-0.7,1.0,1.0,0.0,0.0,15,20,75.0,22,7,59.1,38.3,12,58.3,46.3,10,0,0.0,0,9.8,237,340,69.7,4449,2519,104,137,75.9,88,121,72.7,35,60,58.3,0,0.4,0.6,8,20,6,1,32,340,293,47,13,0,2,12,16,2,1,1,0,237,0,6,19,13,0,0,4,2,0,0,0,0,0,0,0,0,7,4,5,2,0,4,14,28.6,10,11,0,11,13,20,5,1,45.0,438,55,125,196,120,16,437,24,12,50.0,8,33.3,252,1171,547,6,12,3,21,3,235,32,3,0,0,16,14,0,12,13,4,0,1,0,43,17,12,58.6
2022-10-13,19:06,Liga MX,Quarter-finals,Thu,Away,L,3,4,Santos,Toluca,1.8,2.7,36,24161.0,Carlos Acevedo,4-4-2,Diego Montaño,11,3,27.3,0.18,0.67,18.2,1,1,1,1.8,1.1,0.1,1.2,0.9,7,3,57.1,0.0,3.6,-0.4,1.0,1.0,0.0,0.0,2,10,20.0,13,2,53.8,39.2,7,42.9,40.9,15,0,0.0,0,8.5,188,259,72.6,3836,1883,76,92,82.6,77,94,81.9,34,65,52.3,2,1.1,1.0,9,18,10,1,27,259,216,42,13,1,4,10,13,4,2,2,0,188,1,4,23,17,1,2,1,2,0,6,3,0,1,1,1,0,18,11,9,8,1,3,10,30.0,7,10,7,3,13,31,20,0,36.0,371,44,123,182,72,19,370,10,5,50.0,4,40.0,159,953,432,11,10,3,13,7,183,27,4,1,1,22,13,1,10,13,11,1,1,0,42,16,20,44.4,18,6,33.3,0.17,0.5,21.0,4,1,1,2.7,2.0,0.11,1.3,1.0,4,1,50.0,0.0,2.0,-1.0,1.0,1.0,0.0,0.0,9,17,52.9,18,2,44.4,41.9,12,75.0,58.8,9,0,0.0,2,14.2,376,459,81.9,7854,2940,133,150,88.7,169,197,85.8,65,95,68.4,3,1.6,1.4,12,32,7,2,47,459,407,51,18,0,6,21,14,3,2,0,1,376,1,4,33,17,5,0,4,6,1,7,5,1,0,1,0,0,11,7,5,5,1,4,9,44.4,5,6,2,4,7,18,7,1,64.0,541,44,128,265,152,24,540,14,7,50.0,3,21.4,277,1499,765,14,16,5,12,15,369,45,5,0,0,14,21,1,21,7,7,0,1,0,38,20,16,55.6
2022-10-16,19:06,Liga MX,Quarter-finals,Sun,Home,L,1,2,Santos,Toluca,1.7,0.6,56,23851.0,Carlos Acevedo,4-4-2,Luis Santander,23,6,26.1,0.04,0.17,14.7,0,0,0,1.7,1.7,0.08,-0.7,-0.7,3,1,33.3,0.0,1.5,-0.5,0.0,0.0,0.0,0.0,1,3,33.3,10,2,20.0,23.7,5,20.0,17.2,4,0,0.0,2,27.3,321,438,73.3,6076,2645,144,170,84.7,125,156,80.1,45,89,50.6,1,1.6,1.4,18,34,16,8,52,438,374,64,13,0,5,30,32,11,4,7,0,321,0,7,37,27,6,1,1,2,0,2,2,0,0,0,0,0,13,7,8,4,1,7,15,46.7,8,10,3,7,7,20,10,0,56.0,554,31,147,242,177,35,554,14,6,42.9,7,50.0,286,2091,1049,23,18,7,26,9,318,51,1,1,0,14,13,0,30,7,7,0,0,0,58,28,23,54.9,7,3,42.9,0.29,0.67,25.0,1,0,0,0.6,0.6,0.09,1.4,1.4,6,5,83.3,0.0,1.7,0.7,0.0,0.0,0.0,0.0,18,39,46.2,23,3,73.9,62.8,22,100.0,74.5,27,0,0.0,3,14.9,233,348,67.0,5394,2760,91,127,71.7,92,110,83.6,47,95,49.5,2,0.6,0.6,5,22,4,0,17,348,294,54,13,1,5,6,14,3,2,1,0,233,0,8,11,8,1,1,0,1,0,3,1,1,1,0,0,0,16,9,10,5,1,7,13,53.8,6,10,3,7,25,41,19,0,44.0,478,87,179,204,101,10,478,19,8,42.1,7,36.8,195,1092,386,6,7,3,18,6,232,17,1,0,0,13,13,0,6,25,9,0,0,0,50,23,28,45.1
2023-01-08,19:00,Liga MX,Clausura 2023 Regular Season,Sun,Home,L,0,3,Santos,UANL,1.5,1.6,57,17017.0,Carlos Acevedo,4-2-3-1,Oscar Mejia,16,7,43.8,0.0,0.0,17.1,1,0,0,1.5,1.5,0.1,-1.5,-1.5,6,3,50.0,0.0,2.2,-0.8,0.0,0.0,0.0,0.0,1,5,20.0,22,4,18.2,26.2,7,14.3,29.3,12,0,0.0,3,13.9,448,540,83.0,7500,2619,243,258,94.2,148,169,87.6,50,76,65.8,0,1.0,0.7,11,45,6,1,44,540,479,61,10,0,6,22,30,10,5,3,1,448,0,17,24,14,5,0,4,1,0,0,0,0,0,0,0,0,12,4,6,4,2,1,7,14.3,6,12,6,6,6,18,16,1,57.0,662,49,165,327,177,22,662,20,6,30.0,12,60.0,436,2155,946,13,20,3,20,19,445,44,2,1,0,10,11,0,22,6,4,0,0,0,52,11,13,45.8,17,6,35.3,0.18,0.5,17.8,1,0,0,1.6,1.6,0.1,1.4,1.4,7,7,100.0,1.0,1.3,1.3,0.0,0.0,0.0,0.0,4,15,26.7,15,1,66.7,47.5,8,62.5,43.3,17,1,5.9,0,7.0,320,405,79.0,5555,2007,136,156,87.2,118,140,84.3,40,72,55.6,3,1.0,1.4,12,16,4,1,27,405,363,42,9,0,2,14,18,6,1,4,0,320,0,6,29,21,3,0,4,1,0,6,6,0,0,0,0,0,31,18,15,12,4,12,18,66.7,6,21,5,16,16,47,25,0,43.0,555,64,189,246,125,21,555,8,6,75.0,1,12.5,234,1262,600,11,12,5,8,11,316,27,2,0,0,11,9,0,14,16,18,0,0,0,53,13,11,54.2
2023-01-14,21:05,Liga MX,Clausura 2023 Regular Season,Sat,Home,W,3,0,Santos,UNAM,3.3,1.7,39,16144.0,Carlos Acevedo,4-2-3-1,Luis Santander,26,18,69.2,0.08,0.11,15.8,1,1,1,3.3,2.6,0.11,-0.3,-0.6,8,8,100.0,1.0,1.6,1.6,0.0,0.0,0.0,0.0,7,24,29.2,20,4,50.0,40.7,15,93.3,63.1,22,2,9.1,1,10.2,210,305,68.9,4426,2072,85,96,88.5,84,104,80.8,40,85,47.1,0,1.0,0.8,15,21,13,3,35,305,255,46,7,1,4,20,16,7,2,4,1,210,4,11,42,25,2,3,10,2,0,4,0,0,0,3,1,0,15,5,6,9,0,7,12,58.3,5,13,3,10,4,19,31,0,39.0,471,77,173,163,141,41,470,29,10,34.5,16,55.2,173,944,552,17,15,6,14,2,210,35,1,0,0,6,7,4,20,4,5,1,0,0,48,14,18,43.8,23,8,34.8,0.0,0.0,21.7,2,0,0,1.7,1.7,0.08,-1.7,-1.7,19,16,89.5,0.0,5.8,2.8,1.0,1.0,0.0,0.0,4,10,40.0,19,6,36.8,33.3,5,60.0,44.4,15,2,13.3,0,7.0,373,470,79.4,7302,2755,146,170,85.9,180,216,83.3,47,71,66.2,0,1.0,1.0,15,40,8,5,47,470,421,48,8,0,7,26,21,10,3,6,0,373,1,11,39,30,3,0,3,3,0,0,0,0,0,0,0,0,18,8,6,11,1,16,26,61.5,10,15,6,9,7,25,21,0,61.0,615,67,177,283,166,22,615,14,5,35.7,7,50.0,300,1710,903,17,14,2,14,8,371,47,1,0,0,9,6,1,26,7,8,0,1,0,45,18,14,56.3
2023-01-20,20:00,Liga MX,Clausura 2023 Regular Season,Fri,Away,W,2,1,Santos,Mazatlán,1.9,1.5,47,9854.0,Carlos Acevedo,4-4-2,César Arturo Ramos,23,12,52.2,0.09,0.17,17.3,0,0,0,1.9,1.9,0.08,0.1,0.1,5,4,80.0,0.0,2.1,1.1,0.0,0.0,0.0,0.0,5,17,29.4,13,4,53.8,42.3,14,78.6,52.0,27,0,0.0,0,7.0,339,438,77.4,5643,2288,190,208,91.3,99,124,79.8,37,80,46.3,2,1.6,1.4,18,29,11,3,39,438,383,52,11,1,9,21,16,9,4,4,1,339,3,5,39,29,4,2,3,1,0,4,3,1,0,0,0,0,7,3,2,4,1,2,8,25.0,6,10,3,7,9,16,37,0,47.0,588,69,181,289,129,31,588,27,15,55.6,10,37.0,298,1547,747,16,10,6,13,8,335,39,3,0,0,9,11,3,21,9,3,0,0,0,58,15,22,40.5,16,5,31.3,0.06,0.2,17.8,0,0,0,1.5,1.5,0.11,-0.5,-0.5,12,10,83.3,0.0,2.5,0.5,0.0,0.0,0.0,0.0,7,17,41.2,30,4,43.3,37.2,9,44.4,39.4,19,0,0.0,0,11.0,369,485,76.1,7516,2694,138,157,87.9,167,210,79.5,59,95,62.1,1,1.0,1.3,12,32,12,4,58,485,434,51,12,1,7,33,20,7,2,3,0,369,0,9,30,21,2,3,2,2,0,2,2,0,0,0,0,0,18,10,7,9,2,10,25,40.0,15,9,4,5,14,32,18,0,53.0,606,72,161,288,164,19,606,12,6,50.0,2,16.7,348,1879,1056,15,11,1,20,5,365,57,2,0,0,11,9,0,33,14,10,0,0,0,56,22,15,59.5
2023-01-26,21:05,Liga MX,Clausura 2023 Regular Season,Thu,Away,D,2,2,Santos,Atlas,0.5,1.0,28,14073.0,Carlos Acevedo,4-4-2,Marco Ortíz,11,2,18.2,0.18,1.0,21.4,0,0,0,0.5,0.5,0.05,1.5,1.5,4,2,50.0,0.0,1.1,-0.9,0.0,0.0,0.0,0.0,7,14,50.0,12,3,58.3,46.6,11,63.6,46.9,19,2,10.5,1,14.0,193,277,69.7,3720,1920,83,105,79.0,77,98,78.6,29,58,50.0,2,0.5,0.4,9,11,2,1,17,277,226,49,13,0,5,8,21,1,1,0,0,193,2,7,19,14,1,1,1,0,2,3,3,0,0,0,0,0,20,7,13,6,1,7,15,46.7,8,12,2,10,23,43,34,0,28.0,440,64,197,183,65,16,440,14,5,35.7,6,42.9,183,1335,535,14,6,7,30,10,191,16,1,0,0,11,11,2,8,23,7,0,0,0,59,21,13,61.8,13,4,30.8,0.15,0.5,18.6,0,0,0,1.0,1.0,0.08,1.0,1.0,2,0,0.0,0.0,1.0,-1.0,0.0,0.0,0.0,0.0,4,14,28.6,38,5,34.2,34.8,8,12.5,32.1,4,0,0.0,2,15.6,584,708,82.5,10624,3344,248,278,89.2,264,288,91.7,60,105,57.1,2,0.8,1.4,10,51,8,3,53,708,646,60,13,2,6,30,27,9,1,7,1,584,2,15,19,15,3,1,0,0,0,4,4,0,0,0,0,0,16,9,6,8,2,6,11,54.5,5,8,4,4,11,27,8,0,72.0,811,35,150,451,216,27,811,15,8,53.3,7,46.7,496,2522,1190,19,16,3,23,13,574,52,3,0,0,11,10,2,30,11,9,0,0,0,60,13,21,38.2
2023-02-04,21:05,Liga MX,Clausura 2023 Regular Season,Sat,Home,D,2,2,Santos,América,0.9,2.6,37,25746.0,Carlos Acevedo,4-1-3-2,Diego Montaño,14,6,42.9,0.14,0.33,20.9,0,0,0,0.9,0.9,0.06,1.1,1.1,8,6,87.5,0.0,3.0,1.0,1.0,1.0,0.0,0.0,11,21,52.4,17,0,70.6,50.6,12,75.0,53.0,27,0,0.0,1,13.5,255,339,75.2,5188,2553,106,126,84.1,105,131,80.2,41,74,55.4,2,0.8,0.8,12,25,6,1,27,339,297,41,11,2,4,12,10,5,2,3,0,255,1,5,21,18,1,1,0,1,0,3,3,0,0,0,0,0,23,11,15,5,3,15,31,48.4,16,18,7,11,10,33,45,0,37.0,503,78,226,179,110,15,503,20,11,55.0,8,40.0,233,1538,750,20,14,8,19,5,247,27,1,1,0,10,10,1,12,10,11,0,1,0,62,17,16,51.5,24,7,29.2,0.04,0.14,19.8,2,1,1,2.6,1.8,0.08,-0.6,-0.8,6,4,66.7,0.0,0.6,-1.4,0.0,0.0,0.0,0.0,6,8,75.0,15,7,33.3,33.7,4,75.0,46.5,11,0,0.0,0,4.3,458,566,80.9,8659,3286,191,215,88.8,209,251,83.3,56,83,67.5,0,1.4,1.5,17,72,11,2,80,566,519,46,8,6,3,31,24,7,1,6,0,458,1,12,47,31,4,5,3,3,1,4,1,0,0,0,2,1,13,9,4,5,4,8,19,42.1,11,9,4,5,12,25,15,0,63.0,686,39,137,290,271,26,685,35,16,45.7,15,42.9,451,2355,1179,25,24,6,13,8,457,80,2,0,0,10,10,1,31,12,9,1,0,0,59,16,17,48.5
2023-02-11,18:05,Liga MX,Clausura 2023 Regular Season,Sat,Away,L,1,3,Santos,FC Juárez,1.3,1.7,53,13356.0,Carlos Acevedo,4-1-3-2,Guillermo Pacheco,13,3,23.1,0.08,0.33,18.4,0,0,0,1.3,1.3,0.13,-0.3,-0.3,8,5,62.5,0.0,1.8,-1.2,0.0,0.0,0.0,0.0,5,16,31.3,18,2,55.6,43.1,13,46.2,39.5,25,4,16.0,0,6.2,362,471,76.9,6770,2711,157,183,85.8,156,184,84.8,43,88,48.9,0,0.5,0.7,11,40,6,0,45,471,414,56,4,4,5,12,29,6,2,4,0,362,1,10,23,20,1,1,1,0,0,1,0,0,0,1,0,0,19,13,10,8,1,10,18,55.6,8,13,2,11,8,27,29,0,53.0,604,70,197,246,170,17,604,29,13,44.8,14,48.3,323,1964,849,16,13,8,11,4,355,44,1,1,0,5,4,1,12,8,13,0,0,0,50,22,15,59.5,21,8,38.1,0.14,0.38,17.3,0,0,0,1.7,1.7,0.08,1.3,1.3,3,2,66.7,0.0,1.3,0.3,0.0,0.0,0.0,0.0,13,20,65.0,22,3,68.2,46.4,6,83.3,58.0,9,1,11.1,0,7.0,322,420,76.7,6636,2781,111,133,83.5,154,187,82.4,54,85,63.5,3,1.2,1.1,17,41,5,3,36,420,379,41,7,2,3,31,17,9,2,7,0,322,0,13,33,22,6,0,4,1,0,5,2,2,0,1,0,0,18,13,8,6,4,14,27,51.9,13,14,3,11,15,33,29,1,47.0,567,50,148,261,169,22,567,19,8,42.1,10,52.6,281,1985,759,16,17,4,17,9,316,36,0,0,0,4,4,0,31,15,13,0,0,0,67,15,22,40.5
2023-02-18,17:00,Liga MX,Clausura 2023 Regular Season,Sat,Away,D,1,1,Santos,Atlético,1.9,0.9,62,15518.0,Carlos Acevedo,4-4-2,Oscar Mejia,26,5,19.2,0.04,0.2,20.2,1,0,0,1.9,1.9,0.08,-0.9,-0.9,4,3,75.0,0.0,0.4,-0.6,0.0,0.0,0.0,0.0,2,13,15.4,22,5,45.5,37.6,4,75.0,54.0,14,0,0.0,0,,443,560,79.1,8082,2865,203,216,94.0,186,214,86.9,50,101,49.5,1,1.5,1.2,17,42,11,2,63,560,504,53,10,1,7,30,25,12,8,4,0,443,3,12,43,31,5,1,5,1,0,1,0,0,0,1,0,0,17,11,8,6,3,8,11,72.7,3,13,5,8,9,26,14,0,62.0,690,52,163,325,215,34,690,34,18,52.9,16,47.1,420,1867,992,25,26,8,13,18,439,63,3,0,0,8,10,3,30,9,11,0,0,0,63,12,18,40.0,15,4,26.7,0.07,0.25,17.9,0,0,0,0.9,0.9,0.06,0.1,0.1,5,4,80.0,0.0,2.1,1.1,0.0,0.0,0.0,0.0,9,21,42.9,17,3,70.6,46.6,15,73.3,46.1,25,0,0.0,1,7.5,251,347,72.3,5093,2332,99,118,83.9,104,132,78.8,45,82,54.9,1,0.9,0.8,15,29,11,6,30,347,295,51,11,0,2,21,20,3,0,0,0,251,1,11,30,23,5,1,0,0,1,2,1,0,1,0,0,0,34,16,23,10,1,16,34,47.1,18,19,9,10,13,47,24,0,38.0,500,81,207,179,122,23,500,11,3,27.3,8,72.7,238,1331,685,18,11,6,14,9,248,30,2,1,0,10,7,1,21,13,16,0,0,0,52,18,12,60.0
2023-02-23,20:05,Liga MX,Clausura 2023 Regular Season,Thu,Home,L,0,5,Santos,Toluca,1.3,2.1,45,16470.0,Carlos Acevedo,4-3-1-2,Fernando Guerrero,18,4,22.2,0.0,0.0,14.7,0,0,0,1.3,1.3,0.08,-1.3,-1.3,8,3,37.5,0.0,2.5,-2.5,0.0,0.0,0.0,0.0,2,5,40.0,17,4,23.5,33.9,4,25.0,28.0,5,1,20.0,0,3.0,386,479,80.6,6992,2731,182,199,91.5,153,178,86.0,45,71,63.4,0,1.1,1.6,13,30,9,3,41,479,430,48,4,4,4,20,26,8,4,3,0,386,1,15,30,13,8,5,4,0,0,0,0,0,0,0,0,0,14,7,7,3,4,5,16,31.3,11,13,5,8,14,28,12,0,45.0,605,43,149,307,159,28,605,27,15,55.6,8,29.6,365,2042,1039,25,24,5,20,17,385,41,1,0,0,10,3,1,20,14,7,0,0,0,53,18,14,56.3,14,8,57.1,0.36,0.63,13.7,0,0,0,2.1,2.1,0.15,2.9,2.9,4,4,100.0,1.0,0.3,0.3,0.0,0.0,0.0,0.0,12,27,44.4,28,2,75.0,47.3,12,50.0,35.9,13,0,0.0,0,3.0,476,574,82.9,8848,3013,228,254,89.8,177,199,88.9,64,101,63.4,5,1.8,1.7,11,27,14,1,40,574,520,53,11,5,7,7,28,1,0,1,0,476,1,9,26,21,1,1,2,1,0,10,10,0,0,0,0,0,25,11,14,11,0,8,23,34.8,15,19,5,14,9,34,21,0,55.0,709,72,234,332,149,34,709,20,11,55.0,5,25.0,419,2068,956,19,13,4,10,9,475,40,0,0,0,3,10,1,7,9,11,0,0,0,50,14,18,43.8
2023-02-26,19:05,Liga MX,Clausura 2023 Regular Season,Sun,Home,W,3,2,Santos,Puebla,3.1,1.7,43,14662.0,Carlos Acevedo,4-1-3-2,Brian Gonzalez,18,7,38.9,0.11,0.29,17.5,0,1,1,3.1,2.3,0.13,-0.1,-0.3,3,1,66.7,0.0,1.3,-0.7,1.0,1.0,0.0,0.0,3,10,30.0,21,5,38.1,35.7,4,50.0,39.8,17,1,5.9,2,16.0,305,391,78.0,5698,2148,132,146,90.4,131,156,84.0,40,72,55.6,1,1.1,0.8,14,17,12,0,35,391,343,46,11,4,1,17,23,5,3,2,0,305,2,10,33,24,1,4,2,2,0,5,3,0,0,1,1,0,14,6,4,7,3,8,16,50.0,8,10,3,7,8,22,20,0,43.0,499,44,144,238,125,28,498,26,16,61.5,7,26.9,306,1721,897,20,17,5,16,2,303,35,1,0,0,11,11,2,17,8,6,1,1,0,48,6,13,31.6,10,2,20.0,0.1,0.5,17.8,0,1,1,1.7,1.0,0.1,0.3,0.0,8,5,75.0,0.0,3.0,0.0,1.0,1.0,0.0,0.0,3,12,25.0,20,5,40.0,34.8,14,28.6,29.7,12,0,0.0,0,5.3,432,516,83.7,7369,2598,209,228,91.7,169,193,87.6,40,71,56.3,1,1.0,1.3,10,31,7,4,43,516,469,47,12,0,7,22,15,2,2,0,0,432,0,7,21,16,2,1,1,1,0,4,2,0,0,1,1,0,9,7,4,4,1,7,23,30.4,16,13,3,10,11,20,14,1,57.0,625,69,190,306,134,18,624,16,8,50.0,8,50.0,369,2098,969,24,10,6,14,6,428,43,4,1,0,12,11,0,22,11,7,1,1,0,42,13,6,68.4
2023-03-04,21:05,Liga MX,Clausura 2023 Regular Season,Sat,Away,L,0,2,Santos,Guadalajara,0.8,1.1,58,35004.0,Carlos Acevedo,4-1-2-1-2◆,Victor Caceres,12,2,16.7,0.0,0.0,15.9,0,0,0,0.8,0.8,0.07,-0.8,-0.8,7,5,71.4,0.0,2.0,0.0,0.0,0.0,0.0,0.0,4,7,57.1,20,5,25.0,33.5,8,25.0,34.4,14,0,0.0,0,10.3,438,538,81.4,8983,3077,158,179,88.3,200,223,89.7,74,107,69.2,0,0.6,0.9,8,39,10,3,61,538,476,61,13,0,13,18,30,7,5,1,0,438,1,17,19,14,2,0,3,0,0,0,0,0,0,0,0,0,15,13,6,6,3,7,14,50.0,7,9,1,8,17,32,19,1,58.0,651,56,180,329,147,20,651,20,12,60.0,8,40.0,311,1369,698,12,15,1,20,11,435,61,1,0,0,7,12,1,18,17,13,0,0,0,54,12,12,50.0,17,7,41.2,0.12,0.29,21.9,1,0,0,1.1,1.1,0.07,0.9,0.9,2,2,100.0,1.0,0.2,0.2,0.0,0.0,0.0,0.0,7,18,38.9,18,1,72.2,48.6,8,62.5,51.5,16,1,6.3,1,11.0,290,384,75.5,5264,2165,138,161,85.7,110,133,82.7,39,75,52.0,1,0.6,0.8,10,30,4,3,30,384,324,60,7,1,2,20,36,8,5,2,0,290,0,11,25,16,4,1,2,1,1,4,4,0,0,0,0,0,19,15,8,10,1,8,20,40.0,12,18,3,15,11,30,18,0,42.0,517,51,161,224,142,19,517,15,7,46.7,7,46.7,278,1632,751,23,14,6,24,8,288,30,2,0,0,13,7,0,20,11,15,0,0,0,56,12,12,50.0
2023-03-12,19:05,Liga MX,Clausura 2023 Regular Season,Sun,Home,W,3,2,Santos,Tijuana,1.9,1.3,53,13797.0,Carlos Acevedo,4-4-2,Ismael Lopez,11,7,63.6,0.27,0.43,11.9,0,0,0,1.9,1.9,0.18,1.1,1.1,5,3,60.0,0.0,1.5,-0.5,0.0,0.0,0.0,0.0,3,12,25.0,18,3,33.3,41.3,12,50.0,44.5,20,0,0.0,0,5.5,376,471,79.8,7278,2800,145,156,92.9,158,187,84.5,60,97,61.9,1,1.2,1.0,7,34,5,1,40,471,409,58,5,2,7,32,24,14,4,8,0,376,4,9,19,11,4,1,2,0,1,5,2,1,0,2,0,0,19,9,6,8,5,10,24,41.7,14,12,4,8,8,27,43,0,53.0,624,75,191,271,166,23,624,24,9,37.5,13,54.2,324,1836,776,13,13,3,21,11,371,40,1,0,0,9,6,4,32,8,9,0,0,0,57,17,15,53.1,15,5,33.3,0.13,0.4,20.3,0,0,0,1.3,1.3,0.08,0.7,0.7,7,4,57.1,0.0,2.9,-0.1,0.0,0.0,0.0,0.0,4,11,36.4,25,6,44.0,37.8,9,0.0,14.9,24,1,4.2,1,9.3,306,411,74.5,5399,2364,141,160,88.1,112,137,81.8,39,82,47.6,2,1.2,1.1,11,28,7,2,38,411,351,60,13,3,5,30,30,5,3,1,0,306,0,16,27,17,3,2,2,2,1,4,3,0,1,0,0,0,24,13,11,11,2,13,22,59.1,9,7,2,5,9,33,36,1,47.0,550,81,189,220,146,14,550,24,14,58.3,10,41.7,294,1643,793,14,16,2,19,9,302,37,1,0,0,6,9,0,30,9,13,0,0,0,49,15,17,46.9
2023-03-19,21:05,Liga MX,Clausura 2023 Regular Season,Sun,Away,L,1,4,Santos,León,1.2,1.9,28,20113.0,Carlos Acevedo,4-4-2,Adonai Escobedo,12,7,58.3,0.08,0.14,23.5,2,0,0,1.2,1.2,0.1,-0.2,-0.2,9,5,55.6,0.0,2.2,-1.8,0.0,0.0,0.0,0.0,6,19,31.6,13,2,61.5,38.7,15,73.3,55.3,15,0,0.0,0,,179,263,68.1,3676,1760,68,84,81.0,79,95,83.2,28,63,44.4,1,0.9,0.4,9,19,2,0,18,263,202,58,10,2,1,5,25,3,0,3,0,179,3,9,21,12,3,3,1,2,0,2,1,1,0,0,0,0,10,6,7,3,0,6,18,33.3,12,14,5,9,15,25,24,0,28.0,384,77,169,157,69,10,384,21,10,47.6,8,38.1,195,1183,492,12,8,3,18,9,179,18,2,1,0,9,10,3,5,15,6,0,0,0,47,13,12,52.0,25,9,36.0,0.16,0.44,21.5,1,0,0,1.9,1.9,0.08,2.1,2.1,7,6,85.7,0.0,2.1,1.1,0.0,0.0,0.0,0.0,3,4,75.0,21,5,19.0,27.6,3,0.0,10.0,4,0,0.0,0,4.0,568,664,85.5,9123,2976,312,341,91.5,212,238,89.1,35,54,64.8,2,1.3,0.8,18,37,12,5,44,664,621,41,10,1,2,22,21,5,1,2,0,568,2,12,44,33,1,2,3,2,3,7,4,0,1,1,0,1,17,14,8,5,4,8,18,44.4,10,13,2,11,9,26,8,0,72.0,773,36,143,412,224,32,773,19,12,63.2,6,31.6,531,3241,1591,31,38,5,15,4,568,44,2,0,0,10,9,2,22,9,14,0,0,0,57,12,13,48.0
2023-03-31,19:05,Liga MX,Clausura 2023 Regular Season,Fri,Away,D,0,0,Santos,Necaxa,1.0,0.7,56,13175.0,Carlos Acevedo,3-4-1-2,Edgar Morales,13,2,15.4,0.0,0.0,19.7,1,0,0,1.0,1.0,0.08,-1.0,-1.0,4,4,100.0,1.0,0.5,0.5,0.0,0.0,0.0,0.0,5,18,27.8,25,4,56.0,43.0,8,50.0,35.9,20,1,5.0,0,12.0,348,463,75.2,6683,2669,152,171,88.9,146,167,87.4,45,96,46.9,0,0.4,1.1,10,38,7,1,37,463,398,61,12,5,4,9,35,5,2,3,0,348,4,11,22,16,2,1,1,2,0,0,0,0,0,0,0,0,12,5,1,9,2,6,8,75.0,2,13,2,11,12,24,21,1,56.0,591,67,164,324,106,23,591,29,7,24.1,14,48.3,307,1497,639,13,10,6,18,9,345,36,2,0,0,13,13,4,9,12,5,0,0,0,59,32,26,55.2,12,4,33.3,0.0,0.0,16.7,1,0,0,0.7,0.7,0.06,-0.7,-0.7,2,2,100.0,1.0,0.1,0.1,0.0,0.0,0.0,0.0,8,23,34.8,24,5,54.2,45.0,12,83.3,68.0,7,0,0.0,2,19.5,248,370,67.0,5553,2522,67,84,79.8,132,164,80.5,46,108,42.6,0,0.5,0.7,9,33,9,6,34,370,311,59,16,0,4,24,25,5,2,2,0,248,0,8,20,15,2,0,1,1,1,0,0,0,0,0,0,0,23,18,10,11,2,14,21,66.7,7,15,5,10,8,31,20,0,44.0,498,59,176,223,102,20,498,9,2,22.2,6,66.7,223,1016,490,14,3,2,21,6,246,34,2,0,0,14,13,0,24,8,18,0,0,0,55,26,32,44.8
2023-04-09,19:05,Liga MX,Clausura 2023 Regular Season,Sun,Home,L,1,4,Santos,Pachuca,2.1,1.2,46,17253.0,Carlos Acevedo,3-4-1-2,Óscar Macias,12,6,50.0,0.08,0.17,16.9,0,0,0,2.1,2.1,0.17,-1.1,-1.1,6,3,33.3,0.0,1.3,-1.7,0.0,0.0,0.0,0.0,11,22,50.0,22,3,59.1,45.6,11,81.8,57.0,12,0,0.0,2,21.0,292,409,71.4,6515,2751,103,130,79.2,125,151,82.8,58,101,57.4,1,1.9,0.7,7,20,6,3,25,409,353,56,13,1,10,20,24,3,1,1,0,292,0,12,21,11,3,6,0,1,0,2,1,0,1,0,0,0,23,14,11,10,2,8,21,38.1,13,7,2,5,9,32,19,0,46.0,519,64,181,250,99,17,519,22,12,54.5,8,36.4,242,1319,682,15,10,5,16,5,291,25,6,0,0,18,12,0,20,9,14,0,0,1,61,24,12,66.7,15,6,40.0,0.2,0.5,21.2,0,0,0,1.2,1.2,0.08,1.8,1.8,6,5,83.3,0.0,2.1,1.1,0.0,0.0,0.0,0.0,9,22,40.9,29,9,55.2,42.1,9,66.7,55.9,13,2,15.4,0,9.3,385,480,80.2,7012,2742,171,185,92.4,159,185,85.9,47,93,50.5,3,1.1,1.2,13,31,8,1,39,480,424,55,19,3,6,17,21,4,0,2,0,385,1,7,29,21,1,6,0,1,0,6,4,0,2,0,0,0,13,6,4,8,1,8,20,40.0,12,11,2,9,12,25,19,0,54.0,605,55,148,336,126,16,605,26,13,50.0,8,30.8,320,1886,1085,24,15,5,18,15,381,39,3,0,0,12,17,1,17,12,6,0,0,0,58,12,24,33.3
2023-04-16,20:10,Liga MX,Clausura 2023 Regular Season,Sun,Away,W,2,1,Santos,Monterrey,2.0,1.2,39,45166.0,Carlos Acevedo,5-3-2,Marco Ortíz,9,3,33.3,0.11,0.33,18.4,0,1,1,2.0,1.2,0.14,0.0,-0.2,7,6,85.7,0.0,1.9,0.9,0.0,0.0,0.0,0.0,9,21,42.9,29,7,37.9,35.0,11,90.9,65.3,16,1,6.3,0,12.0,289,375,77.1,5721,2524,115,131,87.8,121,145,83.4,45,78,57.7,1,1.2,1.0,8,25,2,1,35,375,334,37,8,0,5,6,14,2,1,0,0,289,4,5,18,12,1,3,1,1,0,4,3,0,0,0,1,0,6,4,3,3,0,5,17,29.4,12,7,3,4,8,14,24,0,39.0,479,70,177,228,80,19,478,25,14,56.0,10,40.0,209,1453,965,21,9,10,12,6,287,35,3,1,0,12,9,4,6,8,4,1,0,0,50,17,14,54.8,21,7,33.3,0.05,0.14,21.4,1,0,0,1.2,1.2,0.06,-0.2,-0.2,4,2,75.0,0.0,2.4,0.7,1.0,1.0,0.0,0.0,3,7,42.9,21,2,23.8,27.6,7,28.6,30.0,4,0,0.0,1,14.0,488,582,83.8,9565,3471,187,207,90.3,229,254,90.2,63,100,63.0,1,1.0,1.1,16,52,11,2,54,582,529,52,15,1,7,23,18,9,2,5,0,488,1,6,41,31,5,0,2,3,0,2,2,0,0,0,0,0,16,11,8,6,2,10,24,41.7,14,5,0,5,8,24,11,0,61.0,688,41,197,306,188,24,688,18,12,66.7,5,27.8,359,2271,1095,19,24,7,21,1,477,54,5,1,1,9,12,1,23,8,11,0,1,0,49,14,17,45.2
2023-04-23,20:05,Liga MX,Clausura 2023 Regular Season,Sun,Home,L,0,2,Santos,Querétaro,0.9,0.4,46,17195.0,Carlos Acevedo,4-4-2,Jorge Camacho,13,2,15.4,0.0,0.0,20.5,1,0,0,0.9,0.9,0.07,-0.9,-0.9,3,1,33.3,0.0,0.8,-1.2,0.0,0.0,0.0,0.0,6,18,33.3,21,2,57.1,46.7,7,85.7,61.9,15,1,6.7,1,12.0,322,436,73.9,6962,2844,115,138,83.3,145,180,80.6,60,107,56.1,0,0.4,0.5,9,43,6,0,32,436,385,51,9,0,8,17,27,6,3,3,0,322,0,6,22,13,3,2,3,1,0,0,0,0,0,0,0,0,12,7,3,6,3,5,16,31.3,11,11,1,10,13,25,23,0,46.0,546,46,161,243,154,16,546,19,9,47.4,9,47.4,265,1660,713,11,9,4,19,10,321,32,1,0,0,8,9,0,17,13,7,0,0,0,67,18,16,52.9,11,3,27.3,0.18,0.67,23.9,1,0,0,0.4,0.4,0.04,1.6,1.6,2,2,100.0,1.0,0.6,0.6,0.0,0.0,0.0,0.0,9,18,50.0,19,2,52.6,42.2,9,88.9,55.7,15,0,0.0,0,4.7,389,506,76.9,7891,3005,166,195,85.1,153,176,86.9,65,110,59.1,2,0.2,0.3,7,32,5,1,34,506,460,45,7,0,6,20,21,7,1,4,0,389,1,12,19,12,3,3,0,1,0,2,1,1,0,0,0,0,19,12,14,3,2,9,18,50.0,9,11,5,6,14,33,16,0,54.0,624,52,192,303,137,10,624,19,11,57.9,5,26.3,303,1835,858,12,14,1,16,7,383,34,2,0,0,9,8,1,20,14,12,0,0,0,72,16,18,47.1
2023-04-29,22:05,Liga MX,Clausura 2023 Regular Season,Sat,Away,L,2,3,Santos,Cruz Azul,2.0,1.4,40,21298.0,Juan Brunetta,4-4-2,Luis Santander,17,6,35.3,0.06,0.17,18.1,0,1,1,2.0,1.2,0.07,0.0,-0.2,5,2,40.0,0.0,2.0,-1.0,0.0,0.0,0.0,0.0,2,9,22.2,20,7,30.0,32.4,9,33.3,37.6,7,0,0.0,0,10.0,310,399,77.7,6001,2334,126,144,87.5,140,167,83.8,40,68,58.8,0,1.1,1.2,14,26,9,2,32,399,353,45,6,1,11,15,19,7,4,1,0,310,1,11,33,24,5,2,1,1,0,3,1,0,0,1,1,0,14,10,5,5,4,5,9,55.6,4,4,1,3,11,25,15,1,40.0,487,52,159,191,144,21,486,15,8,53.3,7,46.7,312,1824,905,18,14,4,13,9,310,32,0,0,0,7,5,1,15,11,10,1,0,0,55,10,11,47.6,13,5,38.5,0.23,0.6,19.1,0,0,0,1.4,1.4,0.11,1.6,1.6,7,5,85.7,0.0,2.2,0.2,1.0,1.0,0.0,0.0,5,13,38.5,30,5,20.0,27.7,10,70.0,45.7,13,1,7.7,0,16.3,508,601,84.5,9458,3150,225,252,89.3,209,235,88.9,67,97,69.1,3,1.1,0.7,9,31,8,1,35,601,557,42,8,2,8,13,18,3,1,2,0,508,2,4,21,16,3,0,0,0,2,6,5,0,0,0,0,1,16,14,8,6,2,7,15,46.7,8,14,4,10,14,30,18,0,60.0,708,65,252,350,111,22,708,10,4,40.0,5,50.0,460,2553,1095,18,13,6,13,9,501,35,0,0,0,5,6,2,13,14,14,0,1,0,54,11,10,52.4
2023-05-06,20:10,Liga MX,Reclassification,Sat,Away,D,4 (4),4 (2),Santos,Pachuca,2.1,3.8,45,12142.0,Juan Brunetta,4-4-2,Adonai Escobedo,8,7,87.5,0.5,0.57,16.7,1,0,0,2.1,2.1,0.26,1.9,1.9,10,6,70.0,0.0,4.1,0.1,1.0,1.0,0.0,0.0,5,23,21.7,15,2,86.7,58.7,10,100.0,66.3,18,0,0.0,0,4.0,250,363,68.9,5161,2259,98,120,81.7,99,128,77.3,47,97,48.5,3,1.2,0.9,6,35,5,1,27,363,303,55,10,0,4,15,28,2,1,1,0,250,5,11,14,10,2,0,1,1,0,7,5,1,0,1,0,0,16,10,8,8,0,9,22,40.9,13,20,8,12,12,28,20,0,45.0,491,57,154,239,109,14,491,42,20,47.6,20,47.6,210,1113,513,11,9,3,15,3,250,27,5,0,0,3,9,5,15,12,10,0,1,0,63,16,18,47.1,26,9,34.6,0.12,0.33,22.6,0,1,1,3.8,3.0,0.12,0.2,0.0,7,3,42.9,0.0,3.3,-0.7,0.0,0.0,0.0,0.0,9,21,42.9,22,7,68.2,47.3,7,85.7,57.4,12,4,33.3,2,10.1,343,452,75.9,6653,2938,124,150,82.7,163,195,83.6,46,85,54.1,2,2.0,1.7,21,40,5,1,44,452,406,46,7,1,6,22,20,7,2,5,0,343,0,14,49,38,4,2,3,1,1,7,4,1,0,1,1,0,23,16,13,7,3,20,40,50.0,20,10,1,9,9,32,14,1,55.0,572,42,139,278,165,31,571,22,13,59.1,9,40.9,318,1959,1004,24,25,6,15,7,338,43,2,0,0,10,3,0,22,9,16,1,0,0,55,18,16,52.9
2023-05-10,20:00,Liga MX,Quarter-finals,Wed,Home,D,0,0,Santos,Monterrey,0.9,0.7,53,17818.0,Carlos Acevedo,4-4-2,Luis Santander,12,3,25.0,0.0,0.0,17.7,0,0,0,0.9,0.9,0.07,-0.9,-0.9,3,1,33.3,0.0,0.9,-1.1,0.0,0.0,0.0,0.0,3,13,23.1,22,8,27.3,35.1,11,63.6,45.5,12,0,0.0,2,20.3,357,462,77.3,7246,2734,142,159,89.3,155,181,85.6,56,95,58.9,0,0.8,0.8,11,37,8,3,44,462,395,63,19,0,11,15,24,6,4,2,0,357,4,13,24,18,2,3,0,1,0,0,0,0,0,0,0,0,12,8,8,4,0,7,15,46.7,8,6,1,5,6,18,15,0,53.0,566,51,150,299,124,20,566,32,21,65.6,11,34.4,354,1846,871,17,13,6,19,8,350,43,1,0,0,12,16,4,15,6,8,0,0,0,54,11,8,57.9,13,3,23.1,0.15,0.67,22.5,1,0,0,0.7,0.7,0.07,1.3,1.3,3,3,100.0,1.0,0.5,0.5,0.0,0.0,0.0,0.0,12,26,46.2,32,4,53.1,43.1,13,69.2,50.8,12,0,0.0,0,5.0,298,396,75.3,6240,2784,109,128,85.2,142,174,81.6,46,83,55.4,0,0.5,0.6,7,31,5,1,36,396,344,50,15,2,2,20,21,0,0,0,0,298,2,7,18,15,1,0,0,1,1,2,2,0,0,0,0,0,19,11,7,11,1,11,31,35.5,20,15,3,12,12,31,14,0,47.0,507,63,171,228,118,8,507,15,7,46.7,7,46.7,230,1449,568,12,17,3,14,5,294,36,4,0,0,20,13,3,20,12,11,0,0,0,54,9,11,45.0
2023-05-13,20:06,Liga MX,Quarter-finals,Sat,Away,L,0,2,Santos,Monterrey,0.2,0.7,49,45322.0,Carlos Acevedo,4-4-2,Óscar Macias,7,1,14.3,0.0,0.0,24.3,1,0,0,0.2,0.2,0.03,-0.2,-0.2,2,2,100.0,1.0,0.1,0.1,0.0,0.0,0.0,0.0,7,14,50.0,20,6,35.0,35.8,9,77.8,54.1,17,2,11.8,0,6.0,343,446,76.9,6696,2603,131,155,84.5,161,194,83.0,44,81,54.3,0,0.1,0.2,4,33,3,0,30,446,398,46,14,3,6,22,17,5,2,2,0,343,2,5,12,9,0,2,0,1,0,0,0,0,0,0,0,0,16,13,10,4,2,6,20,30.0,14,10,3,7,6,22,21,0,49.0,550,47,180,240,139,14,550,32,14,43.8,15,46.9,350,2151,1071,25,19,6,13,3,339,29,1,0,0,8,12,2,22,6,13,0,0,0,53,15,20,42.9,10,2,20.0,0.0,0.0,20.6,0,0,0,0.7,0.7,0.05,-0.7,-0.7,1,1,100.0,1.0,0.1,0.1,0.0,0.0,0.0,0.0,9,22,40.9,36,3,50.0,43.4,6,66.7,53.5,13,1,7.7,1,14.3,348,435,80.0,7148,2842,116,135,85.9,182,209,87.1,48,84,57.1,1,0.3,0.4,5,46,5,1,48,435,400,34,8,4,5,16,18,1,0,1,0,348,1,7,13,9,1,2,1,0,0,0,0,0,0,0,0,0,17,11,7,8,2,15,28,53.6,13,7,3,4,11,27,15,0,51.0,524,52,161,268,100,10,524,16,12,75.0,4,25.0,350,2214,1027,14,12,2,12,9,336,44,1,0,0,12,5,1,16,11,11,0,0,0,50,20,14,58.8
2022-07-02,19:05,Liga MX,Apertura 2022 Regular Season,Sat,Away,W,3,2,Cruz Azul,UANL,1.3,2.0,34,41273.0,Julio Domínguez,4-1-4-1,Oscar Mejia,6,3,50.0,0.33,0.67,13.3,0,1,1,1.3,0.6,0.09,1.7,1.4,6,4,66.7,0.0,1.8,-0.2,0.0,0.0,0.0,0.0,11,31,35.5,18,2,72.2,50.5,19,94.7,64.2,17,0,0.0,0,7.3,196,288,68.1,3995,1986,81,98,82.7,72,97,74.2,34,72,47.2,2,0.6,0.7,6,13,5,3,15,288,244,42,6,0,1,6,14,0,0,0,0,196,2,5,14,10,1,1,0,2,0,6,5,0,0,0,1,0,19,9,9,9,1,12,20,60.0,8,11,3,8,4,23,21,2,34.0,395,74,163,180,58,14,394,12,4,33.3,8,66.7,198,1265,604,15,9,4,15,11,194,15,0,0,0,18,7,2,6,4,9,1,0,0,44,22,18,55.0,21,6,28.6,0.1,0.33,16.5,1,0,0,2.0,2.0,0.1,0.0,0.0,4,1,50.0,0.0,2.6,-0.4,1.0,1.0,0.0,0.0,2,10,20.0,24,2,37.5,35.7,4,25.0,34.5,4,0,0.0,0,15.0,457,568,80.5,8908,2785,162,180,90.0,227,271,83.8,58,94,61.7,2,1.6,1.9,15,46,15,4,68,568,519,49,19,2,7,26,18,4,2,2,0,457,0,9,40,34,1,1,3,1,0,4,3,0,1,0,0,0,19,15,5,9,5,8,12,66.7,4,5,0,5,6,25,5,0,66.0,660,34,124,365,178,39,660,20,8,40.0,12,60.0,403,2293,1267,26,10,10,12,7,447,68,1,0,0,7,17,0,26,6,15,0,1,0,59,18,22,45.0
2022-07-09,21:05,Liga MX,Apertura 2022 Regular Season,Sat,Home,L,1,2,Cruz Azul,Pachuca,1.3,2.2,43,17148.0,Julio Domínguez,4-1-4-1,Victor Caceres,7,1,14.3,0.0,0.0,20.7,0,1,1,1.3,0.5,0.07,-0.3,-0.5,6,4,66.7,0.0,1.4,-0.6,0.0,0.0,0.0,0.0,6,24,25.0,20,0,80.0,52.8,9,88.9,68.9,17,0,0.0,0,6.7,240,355,67.6,4596,1978,107,122,87.7,91,125,72.8,31,72,43.1,0,0.4,0.4,6,21,7,2,25,355,308,47,9,0,7,15,23,3,2,1,0,240,0,11,14,11,2,1,0,0,0,1,0,1,0,0,0,0,25,16,11,13,1,18,25,72.0,7,14,5,9,4,29,19,0,43.0,479,63,174,210,101,13,478,24,11,45.8,13,54.2,211,1134,430,9,17,0,15,10,237,25,2,0,0,9,7,0,15,4,16,0,0,0,60,11,14,44.0,18,6,33.3,0.11,0.33,20.7,1,0,0,2.2,2.2,0.12,-0.2,-0.2,2,1,100.0,0.0,1.0,0.0,1.0,1.0,0.0,0.0,3,12,25.0,15,4,40.0,38.7,8,75.0,56.3,11,0,0.0,0,7.5,365,465,78.5,6570,2458,155,178,87.1,178,202,88.1,30,64,46.9,1,2.0,1.7,13,34,12,4,45,465,419,45,8,2,5,25,20,8,5,0,0,365,1,11,29,22,1,2,1,3,0,2,2,0,0,0,0,0,23,12,12,7,4,13,24,54.2,11,12,2,10,14,37,16,0,57.0,603,40,143,296,174,29,603,25,7,28.0,18,72.0,348,1906,1032,23,16,6,10,7,364,45,1,0,0,9,9,1,25,14,12,0,1,0,57,14,11,56.0
2022-07-16,17:00,Liga MX,Apertura 2022 Regular Season,Sat,Away,L,2,3,Cruz Azul,Atlas,1.2,1.6,34,13185.0,Julio Domínguez,4-1-4-1,Óscar Macias,18,4,22.2,0.11,0.5,20.4,2,0,0,1.2,1.2,0.07,0.8,0.8,4,1,25.0,0.0,2.1,-0.9,0.0,0.0,0.0,0.0,4,21,19.0,20,0,65.0,48.3,12,66.7,50.8,13,1,7.7,0,7.0,195,288,67.7,3897,1766,64,84,76.2,99,119,83.2,26,61,42.6,2,0.8,0.6,11,13,5,3,23,288,230,57,17,0,2,13,24,0,0,0,0,195,1,11,27,20,1,0,3,3,0,4,4,0,0,0,0,0,6,2,3,3,0,2,5,40.0,3,9,3,6,8,14,20,0,34.0,387,59,150,151,90,17,387,13,2,15.4,9,69.2,203,1117,466,8,8,2,10,7,193,22,4,1,0,9,14,1,13,8,2,0,0,0,40,13,21,38.2,13,4,30.8,0.23,0.75,18.5,0,0,0,1.6,1.6,0.12,1.4,1.4,4,2,50.0,0.0,0.7,-1.3,0.0,0.0,0.0,0.0,7,9,77.8,31,5,29.0,28.9,6,0.0,19.2,9,3,33.3,1,7.8,476,568,83.8,9153,3170,190,209,90.9,218,244,89.3,63,94,67.0,3,1.0,0.9,11,46,4,1,52,568,531,35,10,0,3,24,12,4,1,1,0,476,2,8,23,18,2,1,0,1,1,6,4,1,1,0,0,0,16,10,6,6,4,9,11,81.8,2,17,7,10,13,29,12,1,66.0,671,50,163,369,145,15,671,7,3,42.9,2,28.6,378,1906,988,19,15,5,11,4,474,52,1,0,0,17,9,2,24,13,10,0,0,0,48,21,13,61.8
2022-07-23,19:05,Liga MX,Apertura 2022 Regular Season,Sat,Home,D,2,2,Cruz Azul,Puebla,2.3,0.5,47,14799.0,Julio Domínguez,4-1-4-1,Fernando Guerrero,19,5,26.3,0.05,0.2,18.0,0,1,1,2.3,1.5,0.08,-0.3,-0.5,5,3,60.0,0.0,1.3,-0.7,0.0,0.0,0.0,0.0,2,9,22.2,25,5,24.0,30.4,6,50.0,42.8,13,0,0.0,0,16.0,321,402,79.9,6366,2502,120,136,88.2,146,172,84.9,49,80,61.3,1,1.4,1.1,18,24,12,5,30,402,347,54,12,0,3,19,26,7,2,5,0,321,1,5,35,22,5,1,4,2,1,4,1,1,0,0,2,0,10,7,5,4,1,3,8,37.5,5,11,2,9,6,16,16,0,47.0,505,46,163,207,141,29,504,17,5,29.4,10,58.8,272,1359,704,11,12,3,11,5,319,29,2,0,0,9,12,1,19,6,7,1,0,0,39,11,12,47.8,10,5,50.0,0.2,0.4,20.8,0,0,0,0.5,0.5,0.05,1.5,1.5,6,4,83.3,0.0,1.6,-0.4,1.0,1.0,0.0,0.0,7,12,58.3,18,4,44.4,42.0,12,33.3,30.8,18,0,0.0,0,2.0,374,462,81.0,7533,2861,155,172,90.1,145,164,88.4,63,101,62.4,2,0.5,0.7,9,28,8,4,29,462,415,46,10,0,14,16,18,3,2,0,0,374,1,11,18,17,1,0,0,0,0,4,4,0,0,0,0,0,15,8,9,6,0,10,15,66.7,5,7,2,5,11,26,10,0,53.0,550,69,214,247,93,14,550,9,5,55.6,3,33.3,265,1394,608,14,8,3,20,7,371,29,2,0,0,12,9,1,16,11,8,0,1,0,45,12,11,52.2
2022-07-26,21:05,Liga MX,Apertura 2022 Regular Season,Tue,Away,D,0,0,Cruz Azul,Atlético,0.5,1.3,52,17628.0,Julio Domínguez,4-1-4-1,Adonai Escobedo,7,1,14.3,0.0,0.0,17.5,0,0,0,0.5,0.5,0.07,-0.5,-0.5,4,4,100.0,1.0,1.0,1.0,0.0,0.0,0.0,0.0,5,10,50.0,18,1,27.8,36.2,14,35.7,38.5,20,0,0.0,2,15.2,349,452,77.2,7093,2763,118,141,83.7,184,210,87.6,43,80,53.8,0,0.5,0.7,7,30,7,4,41,452,397,53,14,3,2,18,19,5,2,3,0,349,2,6,12,9,1,1,0,1,0,0,0,0,0,0,0,0,16,9,6,10,0,5,12,41.7,7,12,3,9,5,21,16,0,52.0,542,63,183,253,111,14,542,10,5,50.0,4,40.0,312,1315,637,7,5,2,16,4,344,41,5,0,0,15,11,2,18,5,9,0,0,0,47,15,12,55.6,9,4,44.4,0.0,0.0,16.4,0,0,0,1.3,1.3,0.14,-1.3,-1.3,1,1,100.0,1.0,0.4,0.4,0.0,0.0,0.0,0.0,5,10,50.0,14,3,42.9,36.9,10,50.0,46.9,15,1,6.7,2,17.6,307,411,74.7,5715,2376,142,157,90.4,125,147,85.0,37,87,42.5,0,0.7,1.3,6,33,6,3,36,411,349,62,17,3,6,28,26,8,5,0,0,307,0,10,16,12,1,0,1,0,2,0,0,0,0,0,0,0,8,5,6,1,1,4,9,44.4,5,6,0,6,11,19,21,0,48.0,500,43,164,224,120,18,500,12,7,58.3,5,41.7,244,1535,674,9,9,4,17,11,299,36,3,0,0,14,13,0,28,11,5,0,0,0,41,12,15,44.4
2022-07-30,17:00,Liga MX,Apertura 2022 Regular Season,Sat,Home,W,1,0,Cruz Azul,Necaxa,0.8,0.8,42,14556.0,Ignacio Rivero,4-2-3-1,Erick Miranda,7,4,57.1,0.14,0.25,22.2,1,0,0,0.8,0.8,0.12,0.2,0.2,3,3,100.0,1.0,0.5,0.5,0.0,0.0,0.0,0.0,8,19,42.1,18,3,44.4,43.8,13,84.6,59.6,19,1,5.3,0,12.0,251,358,70.1,5039,2161,98,125,78.4,112,132,84.8,36,78,46.2,1,0.8,1.0,6,21,7,0,27,358,300,54,10,0,5,14,27,3,1,1,0,251,4,7,13,9,1,0,0,1,2,1,0,0,0,0,0,1,19,15,9,7,3,10,16,62.5,6,9,4,5,12,31,15,0,42.0,458,58,164,187,112,12,458,18,6,33.3,11,61.1,241,1356,712,11,8,2,13,8,248,27,3,0,0,6,9,4,14,12,15,0,0,0,45,19,20,48.7,17,3,17.6,0.0,0.0,13.6,0,0,0,0.8,0.8,0.05,-0.8,-0.8,4,3,75.0,0.0,0.4,-0.6,0.0,0.0,0.0,0.0,9,17,52.9,37,5,40.5,36.5,6,33.3,38.3,9,0,0.0,1,16.3,407,504,80.8,9351,3246,87,102,85.3,235,264,89.0,83,125,66.4,0,0.7,1.3,13,47,11,6,49,504,454,49,10,2,7,25,27,4,2,2,0,407,1,7,29,18,7,0,4,0,0,0,0,0,0,0,0,0,19,13,6,12,1,11,17,64.7,6,7,0,7,8,27,13,0,58.0,613,55,196,294,128,27,613,17,6,35.3,10,58.8,391,1760,879,13,5,3,20,9,402,49,4,0,0,10,6,1,25,8,13,0,0,0,54,20,19,51.3
2022-08-06,21:05,Liga MX,Apertura 2022 Regular Season,Sat,Away,L,0,4,Cruz Azul,Santos,1.4,1.5,49,15530.0,Ignacio Rivero,4-2-3-1,Óscar Macias,11,1,9.1,0.0,0.0,23.4,1,0,1,1.4,0.6,0.05,-1.4,-0.6,9,5,55.6,0.0,3.1,-0.9,0.0,0.0,0.0,0.0,6,23,26.1,24,3,62.5,44.5,9,88.9,63.4,14,0,0.0,1,15.0,309,421,73.4,5999,2167,128,153,83.7,130,153,85.0,45,88,51.1,0,0.4,0.5,6,19,5,1,35,421,364,55,12,1,6,10,23,6,2,4,0,309,2,9,15,10,2,0,0,3,0,0,0,0,0,0,0,0,10,7,4,4,2,3,15,20.0,12,8,5,3,14,24,12,0,49.0,511,59,174,245,95,13,510,13,6,46.2,6,46.2,262,1294,636,16,12,3,12,4,306,35,0,0,0,12,12,2,10,14,7,1,0,0,50,16,18,47.1,17,9,52.9,0.24,0.44,16.3,1,0,0,1.5,1.5,0.09,2.5,2.5,1,1,100.0,1.0,0.3,0.3,1.0,0.0,0.0,1.0,5,16,31.3,16,3,62.5,45.3,12,50.0,37.8,10,1,10.0,0,7.0,340,441,77.1,6342,2498,163,186,87.6,124,145,85.5,48,90,53.3,4,1.2,0.8,11,21,8,2,34,441,391,48,13,1,11,19,16,6,2,4,0,340,2,5,31,22,4,1,3,1,0,8,4,2,1,1,0,0,10,7,6,2,2,6,12,50.0,6,11,1,10,15,25,12,0,51.0,541,51,181,258,104,21,541,16,12,75.0,3,18.8,254,1177,577,12,10,3,13,7,338,34,0,0,0,12,12,2,19,15,7,0,1,0,53,18,16,52.9
2022-08-14,17:00,Liga MX,Apertura 2022 Regular Season,Sun,Home,L,2,3,Cruz Azul,Toluca,1.2,2.3,36,21945.0,Julio Domínguez,4-4-2,Fernando Hernández,14,5,35.7,0.14,0.4,16.5,1,0,0,1.2,1.2,0.09,0.8,0.8,8,5,75.0,0.0,3.7,0.0,1.0,1.0,0.0,0.0,3,6,50.0,12,4,33.3,37.3,7,28.6,32.6,11,0,0.0,0,,256,348,73.6,5040,2199,104,119,87.4,100,129,77.5,43,79,54.4,1,1.0,1.4,10,32,8,3,37,348,303,42,9,0,1,26,15,7,5,2,0,256,3,5,25,17,2,1,2,2,1,4,4,0,0,0,0,0,14,5,5,5,4,5,19,26.3,14,11,5,6,6,20,13,0,36.0,426,47,134,185,112,19,426,12,5,41.7,6,50.0,187,1113,722,11,7,3,5,6,255,37,4,1,0,13,5,3,26,6,5,0,1,0,39,9,7,56.3,15,7,46.7,0.13,0.29,20.2,1,1,1,2.3,1.5,0.11,0.7,0.5,5,3,60.0,0.0,1.4,-0.6,0.0,0.0,0.0,0.0,1,7,14.3,31,4,9.7,26.5,6,66.7,57.7,23,1,4.3,5,18.2,559,626,89.3,9613,2944,255,270,94.4,229,242,94.6,54,80,67.5,2,1.0,1.0,11,34,10,2,52,626,586,36,14,0,8,14,9,4,1,2,0,559,4,8,29,21,1,1,4,2,0,6,4,0,0,1,1,0,12,8,3,8,1,6,11,54.5,5,9,4,5,10,22,23,0,64.0,724,60,202,386,142,19,723,28,14,50.0,5,17.9,473,2429,1266,18,17,4,14,9,554,52,2,0,0,6,13,4,14,10,8,1,0,0,45,7,9,43.8
2022-08-17,21:05,Liga MX,Apertura 2022 Regular Season,Wed,Home,L,1,2,Cruz Azul,Tijuana,0.7,1.0,52,12492.0,Julio Domínguez,4-2-3-1,Diego Montaño,16,3,18.8,0.06,0.33,18.3,1,0,0,0.7,0.7,0.04,0.3,0.3,2,1,0.0,0.0,1.1,0.1,0.0,0.0,0.0,0.0,1,4,25.0,14,3,28.6,31.0,5,0.0,22.8,8,1,12.5,0,8.3,389,488,79.7,7229,2888,158,176,89.8,172,205,83.9,50,82,61.0,0,0.5,1.2,11,48,18,7,70,488,436,49,11,2,4,34,22,8,3,4,0,389,3,8,29,20,3,1,4,1,0,2,1,0,0,0,1,0,11,6,4,5,2,3,8,37.5,5,9,2,7,4,15,12,1,52.0,591,43,128,293,174,38,591,19,10,52.6,5,26.3,410,2356,1254,18,10,5,19,7,384,70,0,0,0,5,12,3,34,4,6,0,0,1,57,16,16,50.0,7,2,28.6,0.14,0.5,15.9,0,0,0,1.0,1.0,0.15,0.0,0.0,3,2,66.7,0.0,0.2,-0.8,0.0,0.0,0.0,0.0,10,22,45.5,34,10,29.4,31.0,18,66.7,50.5,28,2,7.1,0,13.3,354,447,79.2,6806,2763,145,165,87.9,162,180,90.0,45,87,51.7,1,0.9,0.9,6,22,10,2,31,447,396,51,8,1,1,11,20,3,0,3,0,354,0,8,11,9,1,0,0,0,1,2,2,0,0,0,0,0,12,7,4,6,2,5,15,33.3,10,10,5,5,10,22,30,0,48.0,550,89,197,269,89,17,550,10,5,50.0,3,30.0,324,1629,858,18,11,4,13,8,353,31,2,0,0,12,5,0,11,10,7,0,0,0,39,16,16,50.0
2022-08-20,21:05,Liga MX,Apertura 2022 Regular Season,Sat,Away,L,0,7,Cruz Azul,América,0.4,2.4,41,45693.0,Julio Domínguez,4-4-2,Luis Santander,9,1,11.1,0.0,0.0,21.3,1,0,0,0.4,0.4,0.04,-0.4,-0.4,7,0,0.0,0.0,2.8,-4.2,0.0,0.0,0.0,0.0,7,18,38.9,20,1,55.0,38.8,13,53.8,49.0,13,0,0.0,0,,319,397,80.4,6017,2382,134,148,90.5,140,162,86.4,40,71,56.3,0,0.3,0.5,7,27,5,1,31,397,342,54,11,3,1,12,20,2,0,2,0,319,1,10,17,13,0,2,1,1,0,0,0,0,0,0,0,0,15,7,8,7,0,7,13,53.8,6,9,2,7,5,20,12,0,41.0,478,53,162,232,89,10,478,13,9,69.2,1,7.7,314,1763,878,16,12,4,14,4,318,31,1,1,0,15,12,1,12,5,7,0,0,0,34,8,11,42.1,18,7,38.9,0.39,1.0,19.0,2,0,0,2.4,2.4,0.13,4.6,4.6,1,1,100.0,1.0,0.6,0.6,0.0,0.0,0.0,0.0,4,9,44.4,24,3,29.2,32.4,3,66.7,48.0,9,0,0.0,0,14.0,503,568,88.6,9415,2944,226,242,93.4,210,229,91.7,62,87,71.3,6,2.2,1.9,13,55,12,5,43,568,535,33,14,3,13,17,13,2,1,0,0,503,0,7,32,27,0,2,1,2,0,14,11,0,2,0,1,0,5,5,1,4,0,1,10,10.0,9,13,4,9,5,10,11,0,59.0,651,45,194,276,189,23,651,14,6,42.9,7,50.0,409,2306,1159,24,18,6,10,8,500,43,1,0,0,12,15,0,17,5,5,0,0,0,50,11,8,57.9
2022-08-27,17:00,Liga MX,Apertura 2022 Regular Season,Sat,Home,W,2,1,Cruz Azul,Querétaro,0.8,1.5,35,10255.0,José Corona,4-4-2,Daniel Quintero,8,4,50.0,0.25,0.5,18.2,0,0,0,0.8,0.8,0.1,1.2,1.2,1,0,0.0,0.0,0.3,-0.7,0.0,0.0,0.0,0.0,11,23,47.8,23,4,52.2,41.7,12,91.7,58.9,22,0,0.0,0,11.5,193,277,69.7,3980,2018,87,98,88.8,68,94,72.3,37,76,48.7,2,0.8,0.9,7,14,4,1,19,277,219,56,16,1,3,11,22,4,3,1,0,193,2,2,14,11,1,0,0,1,1,4,3,0,0,0,0,1,17,7,8,9,0,10,10,100.0,0,12,2,10,9,26,31,0,35.0,398,65,160,180,63,7,398,17,12,70.6,4,23.5,189,945,414,7,8,0,22,10,193,19,5,1,0,14,12,2,11,9,7,0,0,0,37,19,23,45.2,11,1,9.1,0.09,1.0,12.5,0,0,0,1.5,1.5,0.14,-0.5,-0.5,4,2,50.0,0.0,1.6,-0.4,0.0,0.0,0.0,0.0,5,9,55.6,29,3,27.6,35.3,2,50.0,46.5,7,4,57.1,2,11.4,405,514,78.8,8853,3072,111,131,84.7,215,250,86.0,76,119,63.9,1,1.4,1.9,9,43,12,5,44,514,462,49,15,0,12,31,24,5,1,3,0,405,3,13,21,18,3,0,0,0,0,2,2,0,0,0,0,0,14,7,4,10,0,4,16,25.0,12,4,2,2,10,24,5,0,65.0,605,38,174,307,128,28,605,12,0,0.0,10,83.3,312,1468,745,12,4,0,16,7,402,44,2,0,0,13,12,3,31,10,7,0,0,0,50,23,19,54.8
2022-09-02,20:05,Liga MX,Apertura 2022 Regular Season,Fri,Away,D,2,2,Cruz Azul,FC Juárez,1.6,1.7,46,13602.0,José Corona,4-4-2,Brian Gonzalez,9,4,44.4,0.11,0.25,20.3,1,1,1,1.6,0.8,0.09,0.4,0.2,5,3,80.0,0.0,2.2,0.2,1.0,1.0,0.0,0.0,2,4,50.0,8,3,25.0,36.1,7,28.6,30.4,18,0,0.0,1,15.0,288,365,78.9,5946,2452,104,114,91.2,136,155,87.7,46,72,63.9,1,0.7,0.4,7,18,5,1,31,365,322,36,9,0,5,9,16,2,0,1,0,288,7,11,18,11,0,4,1,2,0,3,0,0,2,0,1,0,18,8,14,4,0,8,24,33.3,16,12,2,10,13,31,23,1,46.0,493,56,190,241,66,13,492,17,7,41.2,9,52.9,240,1102,569,17,13,4,14,3,286,31,7,0,0,22,9,7,9,13,8,1,1,0,55,5,7,41.7,10,4,40.0,0.1,0.25,20.0,2,1,1,1.7,0.9,0.09,0.3,0.1,5,3,80.0,0.0,2.1,0.1,1.0,1.0,0.0,0.0,5,13,38.5,28,4,32.1,33.5,6,66.7,53.8,6,0,0.0,2,20.8,340,434,78.3,6473,2533,147,167,88.0,139,166,83.7,45,79,57.0,1,0.7,0.8,5,24,9,4,38,434,367,66,25,0,9,25,28,4,2,2,0,340,1,12,21,11,2,2,1,5,0,4,3,0,0,0,1,0,12,6,9,2,1,9,16,56.3,7,13,2,11,5,17,7,0,54.0,529,33,151,237,149,16,528,27,16,59.3,8,29.6,334,1800,850,22,15,3,20,10,328,38,2,1,0,9,21,1,25,5,6,1,1,0,46,7,5,58.3
2022-09-06,21:05,Liga MX,Apertura 2022 Regular Season,Tue,Away,L,2,3,Cruz Azul,Monterrey,0.3,1.7,49,28371.0,José Corona,4-4-2,Oscar Mejia,3,2,66.7,0.67,1.0,17.4,0,0,0,0.3,0.3,0.1,1.7,1.7,11,8,72.7,0.0,1.8,-1.2,0.0,0.0,0.0,0.0,1,5,20.0,19,5,21.1,32.5,4,25.0,33.0,9,0,0.0,0,3.0,329,444,74.1,6174,2297,118,143,82.5,160,193,82.9,38,77,49.4,2,0.3,0.2,3,20,3,2,26,444,398,45,18,1,3,15,19,0,0,0,0,329,1,10,6,5,1,0,0,0,0,4,4,0,0,0,0,0,13,9,5,8,0,5,11,45.5,6,13,3,10,15,28,16,1,49.0,535,52,186,272,79,6,535,15,5,33.3,10,66.7,360,1686,749,8,12,0,14,8,323,25,1,0,0,11,15,1,15,15,9,0,0,0,51,9,21,30.0,17,11,64.7,0.18,0.27,18.8,0,0,0,1.7,1.7,0.1,1.3,1.3,2,0,0.0,0.0,0.8,-1.2,0.0,0.0,0.0,0.0,7,13,53.8,35,3,37.1,32.2,2,0.0,15.0,10,1,10.0,2,17.5,355,462,76.8,6613,2510,149,179,83.2,161,195,82.6,39,67,58.2,3,1.7,0.9,16,31,8,2,34,462,420,41,12,0,3,11,21,3,1,1,0,355,1,10,31,23,2,3,2,0,1,5,4,0,1,0,0,0,18,14,10,6,2,10,15,66.7,5,9,0,9,21,39,15,0,51.0,576,42,193,251,135,25,576,15,6,40.0,5,33.3,342,1331,535,10,11,5,14,8,349,33,5,0,0,17,9,1,11,21,14,0,0,0,55,21,9,70.0
2022-09-11,16:00,Liga MX,Apertura 2022 Regular Season,Sun,Home,W,2,0,Cruz Azul,Mazatlán,2.3,0.2,58,1153.0,José Corona,4-2-3-1,César Arturo Ramos,17,3,17.6,0.06,0.33,20.0,1,1,1,2.3,1.5,0.09,-0.3,-0.5,0,0,,1.0,0.0,0.0,0.0,0.0,0.0,0.0,6,7,85.7,17,3,41.2,37.9,5,0.0,19.0,7,1,14.3,0,12.5,447,525,85.1,8577,2797,185,193,95.9,194,223,87.0,63,88,71.6,0,1.0,1.0,13,34,4,1,37,525,478,45,9,2,8,19,23,7,1,4,0,447,2,10,29,22,3,0,1,3,0,2,1,0,0,1,0,0,15,5,3,9,3,8,16,50.0,8,10,1,9,7,22,14,0,58.0,617,40,168,307,143,24,616,8,4,50.0,3,37.5,366,1867,1005,19,12,7,13,1,444,37,0,0,0,9,9,2,19,7,5,0,0,0,42,16,10,61.5,3,0,0.0,0.0,,14.3,0,0,0,0.2,0.2,0.06,-0.2,-0.2,4,2,75.0,0.0,3.2,1.3,0.0,1.0,0.0,0.0,7,17,41.2,34,5,29.4,28.9,15,46.7,40.5,12,0,0.0,1,18.0,294,383,76.8,5621,2337,110,120,91.7,140,166,84.3,38,76,50.0,0,0.2,0.5,3,21,1,0,25,383,333,49,11,1,1,12,20,1,0,1,0,294,1,12,6,4,1,0,0,1,0,0,0,0,0,0,0,0,4,1,3,1,0,3,7,42.9,4,12,3,9,5,9,12,1,42.0,457,63,189,197,74,10,457,18,8,44.4,8,44.4,218,1096,503,10,5,3,10,7,291,25,1,1,0,10,9,1,12,5,1,0,1,0,39,10,16,38.5
2022-09-15,19:00,Liga MX,Apertura 2022 Regular Season,Thu,Home,W,2,1,Cruz Azul,León,1.2,0.4,56,10255.0,José Corona,3-4-3,Marco Ortíz,16,5,31.3,0.13,0.4,17.0,1,0,0,1.2,1.2,0.07,0.8,0.8,1,1,0.0,0.0,0.0,0.0,0.0,0.0,0.0,0.0,1,1,100.0,13,3,7.7,27.1,3,0.0,13.0,5,0,0.0,1,17.7,382,488,78.3,7734,2838,154,174,88.5,163,191,85.3,63,99,63.6,2,1.0,1.0,14,25,10,9,49,488,424,56,12,1,15,45,21,18,6,11,0,382,8,15,28,18,7,1,0,2,0,4,2,1,0,0,1,0,12,9,3,9,0,8,16,50.0,8,10,3,7,10,22,8,0,56.0,570,27,147,286,140,29,570,15,6,40.0,8,53.3,313,1685,839,21,20,4,11,5,380,49,2,0,0,8,12,8,45,10,9,0,0,1,51,12,9,57.1,7,1,14.3,0.0,0.0,23.1,1,0,0,0.4,0.4,0.06,-0.4,-0.4,5,3,60.0,0.0,0.9,-1.1,0.0,0.0,0.0,0.0,5,21,23.8,25,2,40.0,40.1,15,73.3,56.9,36,0,0.0,0,5.5,298,388,76.8,6163,2117,101,113,89.4,147,176,83.5,45,83,54.2,0,0.4,0.3,5,16,1,0,22,388,329,59,15,0,3,7,24,2,0,1,0,298,0,7,11,4,3,0,0,4,0,0,0,0,0,0,0,0,13,6,6,7,0,8,14,57.1,6,10,0,10,9,22,26,0,44.0,484,71,174,250,62,4,484,16,8,50.0,8,50.0,217,935,417,7,3,0,12,4,294,21,2,0,0,13,8,0,7,9,6,0,0,0,34,9,12,42.9
2022-09-18,17:00,Liga MX,Apertura 2022 Regular Season,Sun,Away,W,2,1,Cruz Azul,UNAM,1.6,2.0,46,13463.0,José Corona,3-4-3,Fernando Guerrero,11,5,45.5,0.18,0.4,17.0,0,0,0,1.6,1.6,0.16,0.4,0.4,11,10,90.9,0.0,3.3,2.3,0.0,0.0,0.0,0.0,3,11,27.3,18,6,33.3,33.8,13,38.5,31.5,13,0,0.0,0,9.6,308,403,76.4,5463,2518,147,167,88.0,126,154,81.8,30,67,44.8,1,0.8,0.4,9,20,5,3,31,403,353,47,11,3,2,16,16,5,2,3,0,308,3,8,19,13,2,1,1,0,2,3,2,0,0,1,0,0,22,15,17,5,0,14,28,50.0,14,11,4,7,12,34,19,1,46.0,535,75,227,238,75,14,535,20,9,45.0,8,40.0,338,1735,949,20,9,0,19,6,302,28,2,0,0,4,7,3,16,12,15,0,0,0,63,15,10,60.0,22,11,50.0,0.05,0.09,16.7,0,0,0,2.0,2.0,0.09,-1.0,-1.0,5,3,60.0,0.0,2.0,0.0,0.0,0.0,0.0,0.0,1,6,16.7,26,10,19.2,31.9,5,20.0,34.2,12,0,0.0,4,20.3,396,481,82.3,7300,2823,165,179,92.2,179,200,89.5,46,81,56.8,0,1.4,1.8,17,35,8,2,48,481,423,56,7,2,5,21,34,7,3,4,0,396,2,7,34,26,4,2,2,0,0,1,0,0,0,1,0,0,14,8,2,8,4,8,17,47.1,9,8,2,6,9,23,11,0,54.0,602,45,128,316,165,25,602,30,14,46.7,14,46.7,337,2397,1374,25,20,5,19,8,394,48,1,0,0,8,4,2,21,9,8,0,0,0,54,10,15,40.0
2022-10-01,21:05,Liga MX,Apertura 2022 Regular Season,Sat,Home,W,2,1,Cruz Azul,Guadalajara,0.9,0.6,52,35378.0,José Corona,3-4-3,César Arturo Ramos,12,4,33.3,0.17,0.5,20.6,1,0,0,0.9,0.9,0.08,1.1,1.1,3,2,66.7,0.0,0.7,-0.3,0.0,0.0,0.0,0.0,3,4,75.0,15,4,20.0,26.9,7,14.3,24.3,13,0,0.0,0,12.8,442,515,85.8,8244,2824,193,212,91.0,193,214,90.2,50,74,67.6,2,0.8,0.9,9,33,12,5,49,515,481,34,9,0,11,20,14,2,1,1,0,442,0,5,21,18,1,0,0,2,0,4,4,0,0,0,0,0,16,12,10,4,2,6,15,40.0,9,9,5,4,10,26,20,0,52.0,623,53,232,283,114,20,623,13,3,23.1,6,46.2,343,2130,1186,15,17,3,14,2,437,49,2,0,0,12,9,0,20,10,12,0,0,0,61,15,8,65.2,14,3,21.4,0.07,0.33,20.3,1,0,0,0.6,0.6,0.04,0.4,0.4,4,2,50.0,0.0,1.3,-0.7,0.0,0.0,0.0,0.0,1,8,12.5,17,6,29.4,30.5,7,42.9,44.6,15,1,6.7,0,8.5,389,482,80.7,7324,2442,149,174,85.6,198,224,88.4,37,66,56.1,1,0.4,0.6,8,33,8,2,40,482,435,46,11,1,7,20,20,5,2,3,0,389,1,6,23,17,1,0,2,2,1,2,1,0,0,1,0,0,8,5,4,3,1,6,9,66.7,3,6,1,5,9,17,7,0,48.0,568,44,156,278,146,17,568,17,9,52.9,6,35.3,255,1852,1059,17,23,2,16,10,382,39,1,0,0,9,11,1,20,9,5,0,0,0,58,8,15,34.8
2022-10-08,21:15,Liga MX,Reclassification,Sat,Home,W,1,0,Cruz Azul,León,2.2,0.7,42,22291.0,José Corona,3-4-3,Fernando Guerrero,19,8,42.1,0.05,0.13,15.4,1,0,0,2.2,2.2,0.13,-1.2,-1.2,1,1,100.0,1.0,0.0,0.0,0.0,0.0,0.0,0.0,3,12,25.0,16,3,56.3,45.3,8,37.5,34.9,18,0,0.0,0,13.0,202,317,63.7,4302,2152,68,89,76.4,85,118,72.0,45,93,48.4,0,0.9,2.1,10,22,6,2,24,317,257,55,11,1,7,14,31,4,4,0,0,202,5,9,27,16,3,2,4,1,1,2,1,0,1,0,0,0,19,11,8,9,2,7,16,43.8,9,11,3,8,7,26,15,0,42.0,435,55,183,157,103,27,435,14,6,42.9,8,57.1,153,983,503,14,6,5,20,6,202,24,3,0,0,10,10,5,14,7,11,0,0,0,50,16,16,50.0,13,1,7.7,0.0,0.0,20.2,1,0,0,0.7,0.7,0.06,-0.7,-0.7,8,7,87.5,0.0,2.9,1.9,0.0,0.0,0.0,0.0,9,18,50.0,28,6,35.7,33.4,14,57.1,46.8,11,0,0.0,2,12.9,315,435,72.4,6328,2821,126,148,85.1,133,179,74.3,51,88,58.0,0,0.5,1.1,8,25,7,3,38,435,376,59,14,0,10,22,22,7,4,2,0,315,0,10,23,18,2,1,1,1,0,0,0,0,0,0,0,0,14,8,6,5,3,8,14,57.1,6,10,1,9,13,27,14,1,58.0,541,68,180,234,131,21,541,21,9,42.9,7,33.3,297,1401,546,13,14,2,16,12,313,38,1,0,0,12,10,0,22,13,8,0,0,0,47,16,16,50.0
2022-10-12,21:06,Liga MX,Quarter-finals,Wed,Home,D,0,0,Cruz Azul,Monterrey,0.4,0.6,54,24571.0,José Corona,3-4-3,Victor Caceres,9,1,11.1,0.0,0.0,20.5,1,0,0,0.4,0.4,0.04,-0.4,-0.4,1,1,100.0,1.0,0.2,0.2,0.0,0.0,0.0,0.0,4,8,50.0,20,4,30.0,30.8,9,22.2,25.4,13,0,0.0,1,15.7,352,465,75.7,6526,2681,155,180,86.1,146,173,84.4,46,91,50.5,0,0.3,0.6,6,28,6,4,33,465,403,61,19,2,8,25,24,8,5,3,0,352,1,13,13,8,2,0,1,2,0,0,0,0,0,0,0,0,11,5,6,4,1,7,12,58.3,5,12,3,9,9,20,13,0,54.0,552,50,193,239,124,13,552,16,7,43.8,8,50.0,266,1514,809,21,7,0,13,7,345,33,0,0,0,7,18,1,25,9,5,0,0,0,41,13,11,54.2,9,1,11.1,0.0,0.0,19.4,0,0,0,0.6,0.6,0.07,-0.6,-0.6,1,1,100.0,1.0,0.0,0.0,0.0,0.0,0.0,0.0,5,13,38.5,29,5,34.5,34.2,8,37.5,35.4,21,2,9.5,0,8.7,300,393,76.3,5992,2298,96,113,85.0,155,178,87.1,42,81,51.9,0,0.6,0.5,9,21,7,2,32,393,355,37,8,0,7,18,19,1,0,0,0,300,1,10,18,17,0,1,0,0,0,0,0,0,0,0,0,0,15,6,8,7,0,8,15,53.3,7,13,2,11,8,23,22,0,46.0,504,55,155,233,118,13,504,12,5,41.7,7,58.3,228,1495,662,12,13,1,17,4,297,31,1,0,0,19,7,1,18,8,6,0,0,0,48,11,13,45.8
2022-10-15,18:06,Liga MX,Quarter-finals,Sat,Away,L,0,3,Cruz Azul,Monterrey,2.9,2.0,57,39578.0,José Corona,3-4-3,Adonai Escobedo,20,7,35.0,0.0,0.0,15.2,1,0,0,2.9,2.9,0.15,-2.9,-2.9,5,2,40.0,0.0,1.9,-1.1,0.0,0.0,0.0,0.0,3,4,75.0,13,5,23.1,26.9,7,14.3,20.0,10,0,0.0,0,9.0,371,463,80.1,7306,2729,131,154,85.1,177,203,87.2,53,85,62.4,0,1.5,1.9,12,43,11,4,57,463,416,46,14,0,4,35,13,8,4,4,0,371,1,6,34,21,3,1,4,4,1,0,0,0,0,0,0,0,9,7,5,3,1,1,5,20.0,4,8,3,5,8,17,14,0,57.0,559,51,143,268,153,24,559,16,7,43.8,7,43.8,265,1716,974,21,12,1,13,5,368,56,1,0,0,9,14,1,35,8,7,0,0,0,38,15,22,40.5,15,5,33.3,0.2,0.6,15.4,0,0,0,2.0,2.0,0.13,1.0,1.0,7,7,100.0,1.0,2.0,2.0,0.0,0.0,0.0,0.0,9,18,50.0,26,4,38.5,39.8,11,72.7,52.8,27,0,0.0,1,10.5,263,348,75.6,5799,2559,80,105,76.2,125,145,86.2,54,80,67.5,3,1.9,1.8,13,27,12,3,33,348,308,39,10,0,4,14,10,7,3,2,0,263,1,7,24,15,4,0,4,1,0,6,3,1,0,2,0,0,12,6,7,4,1,7,14,50.0,7,6,4,2,7,19,31,0,43.0,461,73,168,178,122,24,461,9,4,44.4,1,11.1,254,1278,626,11,13,4,17,8,261,33,5,0,0,14,9,1,14,7,6,0,0,0,38,22,15,59.5
2023-01-08,19:10,Liga MX,Clausura 2023 Regular Season,Sun,Away,D,1,1,Cruz Azul,Tijuana,0.7,1.7,59,27333.0,José Corona,3-4-3,Daniel Quintero,9,3,33.3,0.11,0.33,15.6,0,0,0,0.7,0.7,0.08,0.3,0.3,9,8,100.0,0.0,1.8,0.8,1.0,1.0,0.0,0.0,0,4,0.0,22,6,18.2,24.5,7,0.0,19.7,18,0,0.0,0,16.5,382,518,73.7,6655,2628,171,200,85.5,164,209,78.5,38,74,51.4,1,0.7,1.7,7,28,6,2,41,518,453,64,18,0,2,28,31,6,3,3,0,382,1,14,16,13,1,0,1,1,0,2,2,0,0,0,0,0,22,10,7,13,2,10,17,58.8,7,6,0,6,9,31,17,0,59.0,633,54,171,324,145,26,633,23,12,52.2,11,47.8,392,1840,967,17,13,4,18,13,380,41,3,0,0,10,13,1,28,9,10,0,1,0,57,16,13,55.2,15,8,53.3,0.0,0.0,20.4,0,1,1,1.7,0.9,0.06,-0.7,-0.9,3,2,66.7,0.0,0.7,-0.3,0.0,0.0,0.0,0.0,7,19,36.8,19,1,73.7,48.9,8,62.5,47.0,21,1,4.8,2,13.4,255,353,72.2,4787,2305,107,128,83.6,105,138,76.1,35,68,51.5,0,0.6,0.6,12,20,4,3,18,353,310,40,10,0,1,21,14,6,1,4,0,255,3,6,25,13,4,2,3,3,0,2,1,0,0,0,1,0,24,13,9,11,4,11,23,47.8,12,16,3,13,15,39,26,0,41.0,513,63,187,227,106,17,512,21,7,33.3,10,47.6,209,1319,615,14,12,4,19,12,252,18,3,0,0,15,10,3,21,15,13,1,0,0,70,13,16,44.8
2023-01-14,17:00,Liga MX,Clausura 2023 Regular Season,Sat,Home,L,2,3,Cruz Azul,Monterrey,0.9,1.3,43,16873.0,José Corona,4-3-3,César Arturo Ramos,13,5,38.5,0.08,0.2,20.9,1,0,0,0.9,0.9,0.07,0.1,0.1,8,5,62.5,0.0,2.7,-0.3,0.0,0.0,0.0,0.0,2,8,25.0,14,5,28.6,34.5,11,36.4,35.0,21,0,0.0,0,2.0,296,400,74.0,5553,2010,113,131,86.3,144,177,81.4,32,65,49.2,1,0.8,0.9,11,21,8,2,34,400,341,58,17,1,5,20,20,6,3,3,0,296,1,12,24,16,3,0,0,3,2,2,2,0,0,0,0,0,12,9,4,7,1,5,11,45.5,6,11,2,9,12,24,30,0,43.0,512,65,181,231,105,16,512,13,4,30.8,7,53.8,249,1572,1007,23,15,2,13,7,296,34,4,1,1,10,16,1,20,12,9,0,0,0,48,18,16,52.9,17,8,47.1,0.18,0.38,21.7,1,0,0,1.3,1.3,0.08,1.7,1.7,5,4,60.0,0.0,1.2,0.2,0.0,0.0,0.0,0.0,3,16,18.8,43,7,30.2,31.7,7,42.9,41.1,18,2,11.1,0,12.0,412,520,79.2,7215,2380,183,203,90.1,194,221,87.8,32,75,42.7,2,1.1,1.1,13,29,9,3,45,520,464,55,10,2,1,28,26,9,4,4,0,412,1,12,29,23,0,2,1,1,2,6,6,0,0,0,0,0,14,8,8,4,2,7,11,63.6,4,15,3,12,7,21,16,1,57.0,628,59,211,266,161,23,628,12,6,50.0,5,41.7,406,1882,989,10,11,3,12,7,409,45,2,0,0,17,10,1,28,7,8,0,0,1,44,16,18,47.1
2023-01-21,21:10,Liga MX,Clausura 2023 Regular Season,Sat,Away,L,0,1,Cruz Azul,Necaxa,1.2,0.6,70,18114.0,José Corona,3-4-3,Jorge Camacho,17,3,17.6,0.0,0.0,18.4,1,0,0,1.2,1.2,0.07,-1.2,-1.2,3,2,66.7,0.0,1.0,0.0,0.0,0.0,0.0,0.0,1,3,33.3,14,4,21.4,26.4,8,0.0,21.6,6,1,16.7,0,8.5,444,572,77.6,7324,2449,224,251,89.2,170,207,82.1,38,82,46.3,0,0.6,1.3,10,27,13,3,55,572,493,78,27,7,3,33,33,8,5,3,0,444,1,14,28,17,2,2,4,3,0,0,0,0,0,0,0,0,13,9,5,8,0,5,10,50.0,5,3,1,2,6,19,11,0,70.0,678,34,149,342,194,24,678,24,8,33.3,13,54.2,389,2248,1289,23,22,3,21,8,440,55,3,0,0,8,26,1,33,6,9,0,0,0,48,15,25,37.5,9,3,33.3,0.11,0.33,18.7,0,0,0,0.6,0.6,0.06,0.4,0.4,3,3,100.0,1.0,0.2,0.2,0.0,0.0,0.0,0.0,8,28,28.6,18,3,77.8,51.1,14,100.0,64.4,25,3,12.0,4,14.4,148,246,60.2,3034,1551,66,83,79.5,50,81,61.7,27,69,39.1,1,0.2,0.3,5,16,3,0,14,246,205,39,9,1,4,6,13,2,1,0,0,148,2,2,16,8,3,1,0,3,1,2,0,1,0,0,1,0,21,14,11,7,3,13,21,61.9,8,16,5,11,15,36,33,0,30.0,387,71,162,170,59,12,387,12,5,41.7,5,41.7,163,1067,530,8,5,4,20,8,148,14,6,0,0,26,7,2,6,15,14,0,0,0,54,25,15,62.5
2023-02-04,19:05,Liga MX,Clausura 2023 Regular Season,Sat,Home,L,0,1,Cruz Azul,UANL,1.2,1.2,49,20164.0,José Corona,5-4-1,Luis Santander,16,3,18.8,0.0,0.0,18.2,0,0,0,1.2,1.2,0.08,-1.2,-1.2,3,2,66.7,0.0,0.5,-0.5,0.0,0.0,0.0,0.0,2,7,28.6,22,3,13.6,25.2,13,30.8,37.3,8,0,0.0,4,20.6,443,566,78.3,7560,2861,202,234,86.3,204,242,84.3,27,59,45.8,0,0.9,1.0,12,34,10,8,45,566,516,49,8,1,5,26,21,5,0,0,0,443,1,12,30,21,3,4,1,0,1,0,0,0,0,0,0,0,16,9,7,7,2,7,16,43.8,9,16,4,12,13,29,10,0,49.0,679,52,184,326,173,20,679,19,12,63.2,6,31.6,449,2232,1191,25,21,5,13,7,440,45,1,0,0,13,7,1,26,13,9,0,0,0,68,18,12,60.0,11,3,27.3,0.09,0.33,20.8,0,0,0,1.2,1.2,0.11,-0.2,-0.2,3,3,100.0,1.0,0.5,0.5,0.0,0.0,0.0,0.0,10,24,41.7,35,3,42.9,36.7,12,75.0,53.3,20,1,5.0,3,18.8,463,578,80.1,8214,3077,225,241,93.4,180,213,84.5,51,98,52.0,1,1.1,1.0,8,22,5,3,35,578,515,63,13,2,7,12,33,4,0,1,0,463,0,14,20,16,2,1,0,1,0,2,2,0,0,0,0,0,13,8,5,6,2,6,18,33.3,12,13,3,10,20,33,13,0,51.0,694,60,231,334,136,12,694,21,9,42.9,7,33.3,431,1868,892,15,15,3,16,9,463,35,1,0,0,8,13,0,12,20,8,0,0,0,65,12,18,40.0
2023-02-12,12:00,Liga MX,Clausura 2023 Regular Season,Sun,Away,L,1,3,Cruz Azul,Toluca,2.0,1.4,49,27273.0,José Corona,3-4-3,Marco Ortíz,14,5,35.7,0.07,0.2,15.3,0,0,0,2.0,2.0,0.14,-1.0,-1.0,6,3,50.0,,1.5,,,,,,2,4,50.0,22,11,4.5,25.2,9,33.3,33.3,10,1,10.0,1,15.3,439,536,81.9,7594,3002,189,205,92.2,188,218,86.2,44,77,57.1,1,1.8,1.5,12,51,8,3,39,536,474,59,12,3,6,22,26,8,1,2,0,439,3,8,26,20,3,1,2,0,0,2,2,0,0,0,0,0,11,8,5,5,1,6,14,42.9,8,8,1,7,5,16,17,2,49.0,631,55,220,268,148,18,631,15,7,46.7,5,33.3,361,1822,816,12,8,3,15,10,437,38,4,1,0,11,9,3,22,5,8,0,0,0,43,16,6,72.7,11,6,54.5,0.27,0.5,16.4,0,0,0,1.4,1.4,0.13,1.6,1.6,5,4,80.0,0.0,1.3,0.3,0.0,0.0,0.0,0.0,8,18,44.4,27,2,37.0,39.0,13,61.5,46.3,18,1,5.6,3,16.2,458,548,83.6,8465,2885,194,213,91.1,210,230,91.3,46,83,55.4,3,1.3,1.1,9,30,9,2,37,548,494,51,13,3,3,14,18,5,0,4,0,458,3,8,17,12,2,2,0,0,1,6,6,0,0,0,0,0,15,8,9,5,1,5,12,41.7,7,8,1,7,12,27,22,1,51.0,647,59,188,354,108,21,647,16,8,50.0,6,37.5,394,2030,952,15,11,1,13,5,456,37,2,0,0,9,11,3,14,12,8,0,0,0,53,6,16,27.3
2023-02-17,21:05,Liga MX,Clausura 2023 Regular Season,Fri,Away,W,3,1,Cruz Azul,Puebla,1.7,1.9,44,21927.0,Julio Domínguez,3-4-3,Eduardo Galván,10,3,30.0,0.2,0.67,18.3,0,1,1,1.7,0.9,0.09,1.3,1.1,5,4,80.0,0.0,2.4,1.4,0.0,0.0,0.0,0.0,4,13,30.8,15,3,33.3,37.5,12,66.7,55.9,13,1,7.7,0,7.7,320,410,78.0,5987,2621,135,152,88.8,138,167,82.6,37,69,53.6,2,0.7,0.8,8,28,8,3,42,410,366,43,10,0,5,18,15,4,0,1,0,320,1,11,17,15,1,1,0,0,0,4,3,1,0,0,0,0,13,6,6,7,0,10,19,52.6,9,18,5,13,8,21,18,0,44.0,517,47,158,256,116,22,516,11,3,27.3,7,63.6,311,1426,711,12,10,3,18,4,313,42,2,0,0,13,7,1,18,8,6,0,0,0,49,12,11,52.2,19,5,26.3,0.05,0.2,20.6,1,0,0,1.9,1.9,0.11,-0.9,-0.9,4,1,50.0,0.0,1.8,-1.2,1.0,1.0,0.0,0.0,5,13,38.5,24,7,41.7,35.0,12,25.0,26.8,11,1,9.1,0,7.0,425,529,80.3,7791,3000,201,225,89.3,168,191,88.0,48,86,55.8,1,1.1,1.4,13,37,5,1,36,529,465,63,13,0,6,18,32,2,2,0,0,425,1,15,31,23,3,3,1,1,0,2,1,1,0,0,0,0,11,10,4,6,1,7,10,70.0,3,12,4,8,2,13,15,0,56.0,642,69,192,307,152,14,642,22,9,40.9,10,45.5,386,2355,973,14,13,3,22,3,422,36,3,0,0,10,11,1,18,2,10,0,1,0,43,11,12,47.8
2023-02-22,20:05,Liga MX,Clausura 2023 Regular Season,Wed,Home,W,1,0,Cruz Azul,Atlas,1.0,0.4,49,39254.0,José Corona,3-4-3,César Arturo Ramos,15,3,20.0,0.07,0.33,19.3,0,0,0,1.0,1.0,0.07,0.0,0.0,3,3,100.0,1.0,0.2,0.2,0.0,0.0,0.0,0.0,5,21,23.8,23,4,65.2,45.8,11,54.5,47.1,15,1,6.7,1,13.6,383,496,77.2,7046,2534,159,183,86.9,175,205,85.4,41,85,48.2,1,0.9,1.2,12,21,14,6,34,496,437,59,11,2,6,24,31,5,0,4,0,383,0,12,28,21,2,2,2,0,1,2,1,0,1,0,0,0,12,10,5,6,1,6,14,42.9,8,6,1,5,9,21,24,0,49.0,617,63,183,281,163,26,617,22,10,45.5,11,50.0,353,2002,1026,17,16,1,22,8,382,34,2,0,0,9,10,0,24,9,10,0,0,0,67,26,21,55.3,9,3,33.3,0.0,0.0,25.2,0,0,0,0.4,0.4,0.04,-0.4,-0.4,3,2,66.7,0.0,0.9,-0.1,0.0,0.0,0.0,0.0,15,27,55.6,34,6,55.9,41.6,13,61.5,55.2,18,0,0.0,2,14.8,397,511,77.7,7762,3308,166,186,89.2,160,190,84.2,62,113,54.9,0,0.4,0.4,8,34,5,2,39,511,456,55,9,0,7,20,26,5,1,4,0,397,0,8,14,12,1,0,1,0,0,0,0,0,0,0,0,0,19,12,13,6,0,11,21,52.4,10,15,5,10,13,32,19,1,51.0,627,67,180,315,138,7,627,16,8,50.0,6,37.5,287,1182,552,9,11,2,17,6,391,38,3,0,0,11,8,0,20,13,12,0,0,0,61,21,26,44.7
2023-02-25,17:00,Liga MX,Clausura 2023 Regular Season,Sat,Home,W,1,0,Cruz Azul,FC Juárez,1.7,0.5,37,25497.0,José Corona,3-4-3,Óscar Macias,10,6,60.0,0.1,0.17,16.9,0,0,0,1.7,1.7,0.19,-0.7,-0.7,1,1,100.0,1.0,0.1,0.1,0.0,0.0,0.0,0.0,6,11,54.5,12,3,33.3,37.4,8,87.5,53.9,22,0,0.0,0,,329,419,78.5,6161,2376,138,158,87.3,148,182,81.3,36,66,54.5,1,1.6,1.1,9,16,4,0,21,419,377,41,7,2,6,5,23,2,0,1,0,329,1,6,17,13,1,1,1,0,1,2,1,0,0,1,0,0,28,13,20,8,0,16,25,64.0,9,13,5,8,19,47,32,0,37.0,550,52,213,281,62,11,550,15,4,26.7,10,66.7,257,1383,604,10,5,3,14,5,327,20,2,0,0,10,7,1,5,19,13,0,0,0,53,15,15,50.0,11,1,9.1,0.0,0.0,18.1,0,0,0,0.5,0.5,0.05,-0.5,-0.5,6,5,83.3,0.0,1.7,0.7,0.0,0.0,0.0,0.0,6,10,60.0,29,6,24.1,29.4,4,75.0,46.5,4,0,0.0,3,19.5,599,709,84.5,12634,3827,185,208,88.9,322,364,88.5,90,126,71.4,0,0.3,0.5,6,68,4,1,71,709,657,52,11,0,10,31,28,7,2,5,0,599,0,16,17,9,4,1,3,0,0,0,0,0,0,0,0,0,15,10,3,8,4,10,14,71.4,4,7,1,6,14,29,10,1,63.0,822,37,143,479,205,18,822,26,9,34.6,16,61.5,557,2671,1211,16,20,2,16,12,596,71,2,0,0,10,10,0,31,14,10,0,0,0,61,15,15,50.0
2023-03-03,18:05,Liga MX,Clausura 2023 Regular Season,Fri,Away,L,1,3,Cruz Azul,Mazatlán,0.5,0.8,50,12041.0,José Corona,3-4-3,Jesus Lopez,6,3,50.0,0.17,0.33,18.1,0,0,0,0.5,0.5,0.08,0.5,0.5,7,4,57.1,0.0,2.7,-0.3,0.0,0.0,0.0,0.0,4,5,80.0,16,4,12.5,25.4,6,50.0,36.8,15,1,6.7,0,9.5,383,473,81.0,7737,2981,114,134,85.1,217,251,86.5,50,76,65.8,1,0.5,0.5,6,32,8,2,58,473,432,38,8,1,3,9,19,1,0,1,0,383,3,4,11,10,0,1,0,0,0,1,1,0,0,0,0,0,13,3,7,6,0,1,14,7.1,13,7,3,4,10,23,15,0,50.0,562,49,193,282,91,10,562,17,9,52.9,8,47.1,190,837,400,6,2,2,14,10,376,57,2,0,0,11,8,3,9,10,3,0,0,0,50,8,9,47.1,15,7,46.7,0.2,0.43,19.0,1,0,0,0.8,0.8,0.06,2.2,2.2,3,2,66.7,0.0,0.5,-0.5,0.0,0.0,0.0,0.0,7,19,36.8,33,3,45.5,36.5,6,66.7,45.7,9,0,0.0,0,9.5,380,479,79.3,7446,2591,135,152,88.8,186,214,86.9,54,96,56.3,2,0.4,0.4,9,19,5,2,27,479,431,48,13,0,6,20,19,8,2,5,0,380,0,7,23,13,4,0,5,1,0,5,0,2,0,3,0,0,18,10,7,9,2,8,17,47.1,9,4,0,4,12,30,8,0,50.0,565,55,181,284,108,14,565,14,13,92.9,1,7.1,405,1688,780,16,16,2,11,12,374,26,3,0,0,8,10,0,20,12,10,0,0,0,55,9,8,52.9
2023-03-11,19:05,Liga MX,Clausura 2023 Regular Season,Sat,Home,W,1,0,Cruz Azul,UNAM,1.2,0.4,56,23499.0,José Corona,4-3-3,Daniel Quintero,16,3,18.8,0.06,0.33,16.5,1,0,0,1.2,1.2,0.08,-0.2,-0.2,1,1,100.0,1.0,0.0,0.0,0.0,0.0,0.0,0.0,1,9,11.1,22,4,40.9,39.5,6,0.0,21.7,6,0,0.0,0,11.0,445,547,81.4,9243,3306,143,161,88.8,235,263,89.4,66,104,63.5,1,1.1,1.5,13,35,14,6,38,547,489,57,14,3,6,21,30,6,2,3,0,445,1,13,30,20,6,0,1,2,1,2,2,0,0,0,0,0,10,6,1,8,1,8,20,40.0,12,12,2,10,9,19,11,0,56.0,655,51,218,318,121,23,655,25,13,52.0,12,48.0,376,1802,796,10,7,2,15,6,441,37,2,0,0,10,14,1,21,9,6,0,0,0,44,18,17,51.4,7,1,14.3,0.0,0.0,19.3,1,0,0,0.4,0.4,0.05,-0.4,-0.4,3,2,66.7,0.0,0.3,-0.7,0.0,0.0,0.0,0.0,5,15,33.3,28,8,25.0,33.7,15,53.3,46.4,19,0,0.0,0,17.0,335,437,76.7,6408,2456,136,158,86.1,149,176,84.7,43,80,53.8,0,0.3,0.6,5,17,3,0,22,437,389,48,10,1,8,9,20,1,1,0,0,335,0,11,12,6,3,0,0,2,1,0,0,0,0,0,0,0,18,11,10,7,1,12,25,48.0,13,14,4,10,7,25,20,0,44.0,544,73,199,270,81,9,544,23,12,52.2,8,34.8,315,1683,854,11,11,2,19,2,334,22,4,0,0,15,8,0,9,7,11,0,0,0,46,17,18,48.6
2023-03-18,17:00,Liga MX,Clausura 2023 Regular Season,Sat,Home,W,1,0,Cruz Azul,Atlético,2.0,0.9,54,20941.0,José Corona,5-4-1,Guillermo Pacheco,17,7,41.2,0.0,0.0,19.1,1,1,1,2.0,1.3,0.07,-1.0,-1.3,0,0,,1.0,0.0,0.0,0.0,0.0,0.0,0.0,1,7,14.3,17,4,23.5,28.5,11,27.3,30.5,13,0,0.0,2,25.0,433,526,82.3,8797,3108,153,173,88.4,218,243,89.7,61,100,61.0,0,0.9,1.2,11,36,9,1,41,526,473,51,7,2,9,19,23,9,3,4,0,433,2,8,25,17,3,3,0,2,0,1,0,0,0,0,1,0,12,11,6,5,1,7,16,43.8,9,8,1,7,15,27,14,0,54.0,632,53,230,287,123,29,631,30,14,46.7,11,36.7,367,1900,1028,19,12,9,13,10,426,41,2,0,0,8,9,2,19,15,11,1,0,0,56,16,7,69.6,8,0,0.0,0.0,,20.5,0,0,0,0.9,0.9,0.11,-0.9,-0.9,8,7,100.0,0.0,2.3,1.3,1.0,1.0,0.0,0.0,3,11,27.3,17,3,52.9,41.6,9,22.2,26.1,14,0,0.0,0,12.3,343,452,75.9,6362,2106,127,147,86.4,172,205,83.9,35,77,45.5,0,0.3,0.3,6,24,3,2,37,452,399,53,10,0,9,15,29,3,0,3,0,343,0,9,15,11,0,1,0,1,2,0,0,0,0,0,0,0,21,17,8,10,3,11,25,44.0,14,7,2,5,8,29,20,3,46.0,556,67,188,260,114,11,556,16,9,56.3,7,43.8,309,1516,853,13,13,3,10,5,338,35,6,0,0,9,7,0,15,8,17,0,1,0,48,7,16,30.4
2023-03-29,21:05,Liga MX,Clausura 2023 Regular Season,Wed,Away,D,2,2,Cruz Azul,Querétaro,1.7,1.3,48,21518.0,José Corona,4-3-3,Oscar Mejia,12,5,41.7,0.17,0.4,19.1,1,0,0,1.7,1.7,0.15,0.3,0.3,7,5,71.4,0.0,1.4,-0.6,0.0,0.0,0.0,0.0,6,14,42.9,21,6,33.3,34.9,11,63.6,51.7,13,0,0.0,0,13.0,325,425,76.5,6254,2551,146,171,85.4,141,164,86.0,37,75,49.3,1,1.2,1.5,9,29,7,1,31,425,379,46,15,2,3,9,16,1,0,1,0,325,0,7,20,13,1,3,1,1,1,3,1,0,1,1,0,0,18,10,10,7,1,10,20,50.0,10,9,3,6,13,31,23,0,48.0,552,62,229,225,104,24,552,15,9,60.0,4,26.7,287,1482,770,10,12,4,19,9,322,30,1,0,0,11,12,0,9,13,10,0,0,0,47,11,18,37.9,15,7,46.7,0.13,0.29,18.4,0,0,0,1.3,1.3,0.09,0.7,0.7,5,3,60.0,0.0,1.9,-0.1,0.0,0.0,0.0,0.0,6,10,60.0,20,2,30.0,32.4,8,50.0,45.0,6,0,0.0,0,6.0,347,459,75.6,7543,2894,116,138,84.1,148,181,81.8,75,110,68.2,2,1.1,1.0,10,21,9,2,33,459,400,57,11,0,4,19,28,7,1,6,0,347,2,10,23,15,3,1,3,0,1,3,2,1,0,0,0,0,13,7,7,3,3,4,13,30.8,9,10,4,6,10,23,11,0,52.0,551,42,135,301,122,23,551,21,10,47.6,10,47.6,278,1631,684,13,12,5,10,8,341,33,2,0,0,14,11,2,19,10,7,0,0,0,50,18,11,62.1
2023-04-01,17:00,Liga MX,Clausura 2023 Regular Season,Sat,Away,W,2,0,Cruz Azul,Pachuca,1.1,1.1,40,18024.0,José Corona,3-5-1-1,Luis Santander,10,5,50.0,0.2,0.4,22.2,0,0,0,1.1,1.1,0.11,0.9,0.9,5,5,100.0,1.0,0.5,0.5,0.0,0.0,0.0,0.0,6,13,46.2,26,4,38.5,39.5,13,23.1,31.8,30,2,6.7,0,3.0,298,386,77.2,5670,2583,130,149,87.2,117,138,84.8,42,76,55.3,1,1.0,0.6,7,18,4,0,21,386,331,54,14,0,4,3,23,3,1,2,0,298,1,9,14,6,3,0,2,0,3,2,1,0,0,0,0,1,23,12,18,4,1,14,35,40.0,21,24,10,14,7,30,29,0,40.0,538,103,283,182,80,15,538,19,6,31.6,11,57.9,247,1170,534,6,8,3,22,13,297,21,5,0,0,13,11,1,3,7,12,0,0,0,57,15,11,57.7,22,5,22.7,0.0,0.0,19.5,4,0,0,1.1,1.1,0.05,-1.1,-1.1,5,3,60.0,0.0,1.3,-0.7,0.0,0.0,0.0,0.0,5,7,71.4,19,8,26.3,31.2,5,40.0,37.2,3,0,0.0,3,23.0,480,581,82.6,8976,3014,197,211,93.4,228,258,88.4,50,83,60.2,0,0.6,0.7,13,50,10,6,55,581,515,63,10,0,8,39,35,10,2,4,0,480,3,15,38,24,2,3,5,4,0,0,0,0,0,0,0,0,24,15,10,8,6,11,17,64.7,6,10,1,9,10,34,5,1,60.0,715,30,120,359,239,28,715,39,21,53.8,14,35.9,428,2319,1087,25,29,4,25,9,476,55,2,0,0,11,13,3,39,10,15,0,0,0,62,11,15,42.3
2023-04-08,20:05,Liga MX,Clausura 2023 Regular Season,Sat,Away,D,0,0,Cruz Azul,León,1.0,1.4,38,24711.0,José Corona,4-3-2-1,Diego Montaño,9,2,22.2,0.0,0.0,16.6,1,0,0,1.0,1.0,0.11,-1.0,-1.0,3,3,100.0,1.0,0.1,0.1,0.0,0.0,0.0,0.0,5,13,38.5,24,4,41.7,35.7,12,25.0,32.1,22,2,9.1,0,9.0,244,334,73.1,4619,2043,95,114,83.3,113,136,83.1,29,64,45.3,0,0.9,1.1,6,16,4,0,21,334,264,66,22,2,3,15,26,5,2,2,0,244,4,6,17,8,3,2,1,3,0,0,0,0,0,0,0,0,17,10,7,8,2,9,20,45.0,11,9,4,5,10,27,16,0,38.0,433,64,176,169,96,17,433,14,5,35.7,6,42.9,231,973,459,8,6,4,13,9,238,21,1,0,0,14,21,4,15,10,10,0,0,0,38,10,14,41.7,17,3,17.6,0.0,0.0,15.4,0,0,0,1.4,1.4,0.08,-1.4,-1.4,2,2,100.0,1.0,0.4,0.4,0.0,0.0,0.0,0.0,1,2,50.0,19,4,5.3,19.3,7,14.3,26.6,11,0,0.0,0,9.0,450,534,84.3,8802,3239,167,180,92.8,220,255,86.3,62,88,70.5,0,1.2,1.3,14,41,13,5,51,534,483,49,18,0,8,25,14,9,6,1,0,450,2,6,28,19,4,1,3,1,0,0,0,0,0,0,0,0,15,9,11,3,1,6,11,54.5,5,6,2,4,13,28,21,1,62.0,652,44,203,289,167,25,652,22,11,50.0,9,40.9,355,2010,1040,20,14,3,18,8,444,51,2,0,0,21,14,2,25,13,9,0,0,0,47,14,10,58.3
2023-04-15,22:10,Liga MX,Clausura 2023 Regular Season,Sat,Home,L,1,3,Cruz Azul,América,0.9,1.5,39,66364.0,José Corona,5-4-1,Fernando Guerrero,7,2,28.6,0.14,0.5,16.0,1,0,0,0.9,0.9,0.13,0.1,0.1,8,5,62.5,0.0,3.4,0.4,0.0,0.0,0.0,0.0,9,25,36.0,40,5,50.0,43.3,8,62.5,52.0,17,3,17.6,2,12.6,373,455,82.0,7271,2622,165,175,94.3,167,183,91.3,40,82,48.8,0,0.6,0.3,4,26,6,1,28,455,402,53,21,1,7,8,19,1,1,0,0,373,0,6,11,8,0,1,1,1,0,2,2,0,0,0,0,0,9,6,7,2,0,4,12,33.3,8,7,2,5,4,13,19,1,39.0,537,83,215,247,80,15,537,16,9,56.3,5,31.3,280,1494,727,9,5,0,12,7,365,27,3,1,0,6,16,0,8,4,6,0,0,0,38,13,13,50.0,16,8,50.0,0.19,0.38,20.5,0,0,0,1.5,1.5,0.09,1.5,1.5,2,1,50.0,0.0,1.2,0.2,0.0,0.0,0.0,0.0,3,5,60.0,11,3,27.3,29.6,7,28.6,31.6,4,0,0.0,0,13.0,630,699,90.1,11270,3328,289,303,95.4,257,274,93.8,74,98,75.5,3,1.1,1.6,13,81,14,2,61,699,660,34,6,4,5,23,15,4,2,2,0,630,5,5,31,26,2,3,0,0,0,5,5,0,0,0,0,0,12,7,7,4,1,5,14,35.7,9,8,3,5,4,16,17,1,61.0,794,38,142,412,242,24,794,14,8,57.1,4,28.6,460,1856,1009,19,11,4,18,5,626,60,2,0,0,17,4,5,23,4,7,0,0,0,43,13,13,50.0
2023-04-22,20:05,Liga MX,Clausura 2023 Regular Season,Sat,Away,L,1,2,Cruz Azul,Guadalajara,0.7,1.0,52,33456.0,José Corona,5-4-1,Adonai Escobedo,15,6,40.0,0.07,0.17,17.5,1,0,0,0.7,0.7,0.05,0.3,0.3,6,4,66.7,0.0,1.6,-0.4,0.0,0.0,0.0,0.0,4,18,22.2,29,10,27.6,33.8,15,66.7,50.2,5,1,20.0,0,5.0,406,512,79.3,8648,3224,98,122,80.3,252,272,92.6,55,106,51.9,1,0.7,0.8,13,37,9,1,43,512,458,52,13,3,2,17,14,7,2,4,0,406,2,13,27,16,6,1,2,2,0,2,1,0,1,0,0,0,14,9,9,5,0,4,13,30.8,9,16,4,12,12,26,10,2,52.0,607,69,232,262,120,23,607,12,8,66.7,3,25.0,396,2554,1260,24,17,3,14,10,406,43,2,1,1,5,11,2,17,12,9,0,0,0,45,16,10,61.5,14,6,42.9,0.14,0.33,20.8,0,0,0,1.0,1.0,0.07,1.0,1.0,6,5,83.3,0.0,1.1,0.1,0.0,0.0,0.0,0.0,3,14,21.4,18,2,33.3,32.5,11,72.7,58.5,14,1,7.1,3,21.6,366,474,77.2,7164,2657,139,162,85.8,170,206,82.5,52,84,61.9,1,0.5,0.5,10,37,6,2,61,474,417,54,7,3,8,10,33,1,0,0,0,366,3,11,22,19,1,1,1,0,0,3,2,0,0,1,0,0,13,8,5,5,3,3,11,27.3,8,12,2,10,10,23,16,0,48.0,573,49,152,295,132,22,573,16,9,56.3,4,25.0,315,1632,872,21,11,6,19,10,364,61,4,0,0,11,5,3,10,10,8,0,0,0,46,10,16,38.5
2023-04-29,22:05,Liga MX,Clausura 2023 Regular Season,Sat,Home,W,3,2,Cruz Azul,Santos,1.4,2.0,60,21298.0,José Corona,5-4-1,Luis Santander,13,5,38.5,0.23,0.6,19.1,0,0,0,1.4,1.4,0.11,1.6,1.6,7,5,85.7,0.0,2.2,0.2,1.0,1.0,0.0,0.0,5,13,38.5,30,5,20.0,27.7,10,70.0,45.7,13,1,7.7,0,16.3,508,601,84.5,9458,3150,225,252,89.3,209,235,88.9,67,97,69.1,3,1.1,0.7,9,31,8,1,35,601,557,42,8,2,8,13,18,3,1,2,0,508,2,4,21,16,3,0,0,0,2,6,5,0,0,0,0,1,16,14,8,6,2,7,15,46.7,8,14,4,10,14,30,18,0,60.0,708,65,252,350,111,22,708,10,4,40.0,5,50.0,460,2553,1095,18,13,6,13,9,501,35,0,0,0,5,6,2,13,14,14,0,1,0,54,11,10,52.4,17,6,35.3,0.06,0.17,18.1,0,1,1,2.0,1.2,0.07,0.0,-0.2,5,2,40.0,0.0,2.0,-1.0,0.0,0.0,0.0,0.0,2,9,22.2,20,7,30.0,32.4,9,33.3,37.6,7,0,0.0,0,10.0,310,399,77.7,6001,2334,126,144,87.5,140,167,83.8,40,68,58.8,0,1.1,1.2,14,26,9,2,32,399,353,45,6,1,11,15,19,7,4,1,0,310,1,11,33,24,5,2,1,1,0,3,1,0,0,1,1,0,14,10,5,5,4,5,9,55.6,4,4,1,3,11,25,15,1,40.0,487,52,159,191,144,21,486,15,8,53.3,7,46.7,312,1824,905,18,14,4,13,9,310,32,0,0,0,7,5,1,15,11,10,1,0,0,55,10,11,47.6
2023-05-06,18:00,Liga MX,Reclassification,Sat,Home,L,0,1,Cruz Azul,Atlas,1.6,1.3,73,49826.0,José Corona,5-4-1,César Arturo Ramos,17,4,23.5,0.0,0.0,15.8,0,0,0,1.6,1.6,0.09,-1.6,-1.6,2,1,50.0,0.0,0.5,-0.5,0.0,0.0,0.0,0.0,1,2,50.0,20,8,10.0,29.1,6,0.0,16.8,5,0,0.0,0,12.5,600,723,83.0,11568,3747,218,252,86.5,311,345,90.1,66,104,63.5,0,1.1,1.8,13,44,12,5,77,723,672,50,14,1,5,23,23,5,2,2,0,600,1,11,27,19,3,1,2,1,1,0,0,0,0,0,0,0,18,11,7,7,4,8,14,57.1,6,11,4,7,5,23,9,1,73.0,840,49,208,442,197,27,840,23,12,52.2,9,39.1,576,2535,1369,23,14,2,22,7,596,77,2,0,0,7,11,1,23,5,11,0,0,0,61,28,15,65.1,11,2,18.2,0.09,0.5,19.0,1,0,0,1.3,1.3,0.14,-0.3,-0.3,4,4,100.0,1.0,1.7,1.7,0.0,0.0,0.0,0.0,8,33,24.2,16,0,87.5,65.4,19,100.0,66.4,18,0,0.0,2,20.3,150,267,56.2,3032,1687,70,85,82.4,44,73,60.3,26,76,34.2,1,0.6,0.4,7,19,4,1,22,267,215,49,7,0,4,9,18,4,3,1,0,150,3,10,16,11,2,0,2,0,1,2,2,0,0,0,0,0,16,9,9,5,2,9,21,42.9,12,13,5,8,13,29,27,0,27.0,393,69,148,170,79,17,393,15,6,40.0,8,53.3,165,846,287,9,9,6,15,10,146,21,3,0,0,11,6,3,9,13,9,0,0,0,47,15,28,34.9
2022-07-01,20:05,Liga MX,Apertura 2022 Regular Season,Fri,Away,W,4,2,Puebla,Mazatlán,2.7,0.6,40,9181.0,Antony Silva,4-2-3-1,Daniel Quintero,18,7,38.9,0.22,0.57,15.3,0,0,0,2.7,2.7,0.16,1.3,1.3,6,4,66.7,0.0,1.4,-0.6,0.0,0.0,0.0,0.0,7,14,50.0,16,5,50.0,38.4,9,66.7,45.1,20,0,0.0,0,14.0,229,325,70.5,4201,1886,94,111,84.7,100,122,82.0,27,64,42.2,2,1.5,0.4,13,9,5,2,21,325,282,41,6,0,3,10,20,3,2,1,0,229,2,6,30,21,2,0,6,0,1,5,2,0,0,3,0,0,18,13,10,6,2,6,23,26.1,17,4,1,3,12,30,23,0,40.0,438,67,184,172,87,22,438,10,3,30.0,7,70.0,174,1075,574,13,11,6,14,10,227,20,3,0,0,18,4,2,10,12,13,0,0,0,53,23,18,56.1,13,6,46.2,0.15,0.33,18.7,1,0,0,0.6,0.6,0.05,1.4,1.4,7,3,42.9,0.0,3.6,-0.4,0.0,0.0,0.0,0.0,5,9,55.6,29,3,20.7,27.1,8,37.5,33.8,8,0,0.0,3,22.6,382,483,79.1,7009,2830,150,174,86.2,185,219,84.5,38,70,54.3,2,0.6,0.5,12,42,11,4,49,483,420,63,19,1,0,27,21,10,3,6,0,382,0,4,26,17,2,5,1,1,0,4,3,0,1,0,0,0,17,10,6,8,3,7,10,70.0,3,8,3,5,10,27,8,0,60.0,583,41,141,282,169,17,583,23,17,73.9,6,26.1,267,1756,963,14,13,2,18,12,376,48,1,0,0,7,18,0,27,10,10,0,0,0,48,18,23,43.9
2022-07-08,21:05,Liga MX,Apertura 2022 Regular Season,Fri,Home,W,1,0,Puebla,Santos,1.1,0.7,54,14303.0,Antony Silva,4-2-3-1,César Arturo Ramos,17,7,41.2,0.06,0.14,21.9,0,0,0,1.1,1.1,0.06,-0.1,-0.1,1,1,100.0,1.0,0.1,0.1,0.0,0.0,0.0,0.0,9,28,32.1,34,4,61.8,47.1,9,88.9,67.9,6,0,0.0,1,8.5,317,448,70.8,6662,2870,116,148,78.4,138,168,82.1,55,108,50.9,1,1.0,0.8,15,31,9,4,25,448,391,57,12,1,4,29,25,10,4,5,0,317,0,7,32,25,4,0,1,2,0,2,2,0,0,0,0,0,25,11,10,12,3,13,18,72.2,5,8,3,5,13,38,20,0,54.0,575,67,213,234,134,18,575,12,4,33.3,8,66.7,284,1308,693,17,12,2,22,5,314,22,3,0,0,10,9,0,29,13,11,0,0,0,66,23,13,63.9,10,1,10.0,0.0,0.0,22.5,1,0,0,0.7,0.7,0.07,-0.7,-0.7,7,6,85.7,0.0,1.4,0.4,0.0,0.0,0.0,0.0,8,11,72.7,20,7,40.0,38.4,10,30.0,31.1,23,0,0.0,0,2.0,269,382,70.4,5009,2556,125,147,85.0,107,143,74.8,33,76,43.4,0,0.7,0.4,7,23,5,0,34,382,328,51,9,2,4,11,28,2,2,0,0,269,3,5,20,12,2,3,0,1,2,0,0,0,0,0,0,0,13,7,1,8,4,8,12,66.7,4,9,3,6,16,29,18,0,46.0,509,69,171,230,117,10,509,18,5,27.8,13,72.2,254,1466,697,19,13,4,21,12,268,34,2,0,0,9,10,3,11,16,7,0,0,0,64,13,23,36.1
2022-07-15,19:00,Liga MX,Apertura 2022 Regular Season,Fri,Home,D,1,1,Puebla,León,1.1,0.8,45,15850.0,Antony Silva,4-2-3-1,Erick Miranda,11,5,45.5,0.09,0.2,13.3,0,0,0,1.1,1.1,0.11,-0.1,-0.1,3,2,66.7,0.0,0.7,-0.3,0.0,0.0,0.0,0.0,3,5,60.0,17,4,29.4,30.4,3,0.0,22.0,12,0,0.0,3,20.6,290,378,76.7,5230,2171,126,146,86.3,126,145,86.9,31,56,55.4,1,0.9,0.9,8,27,7,2,27,378,339,39,10,2,1,21,17,7,3,2,0,290,0,15,20,11,5,0,1,2,1,2,2,0,0,0,0,0,20,13,8,11,1,10,20,50.0,10,11,1,10,10,30,20,0,45.0,478,47,164,193,126,22,478,14,8,57.1,4,28.6,257,1160,512,8,9,3,13,8,287,27,4,1,1,17,9,0,21,10,13,0,0,0,55,15,6,71.4,9,3,33.3,0.11,0.33,13.9,0,0,0,0.8,0.8,0.09,0.2,0.2,5,4,80.0,0.0,1.1,0.1,0.0,0.0,0.0,0.0,1,5,20.0,30,8,13.3,30.3,8,12.5,23.3,11,2,18.2,1,11.2,362,458,79.0,6663,2598,146,166,88.0,163,185,88.1,39,73,53.4,1,0.7,0.6,7,23,4,2,21,458,399,57,16,2,3,18,24,7,5,1,0,362,2,14,17,9,3,2,2,1,0,2,1,1,0,0,0,0,12,6,9,2,1,4,12,33.3,8,12,1,11,8,20,18,1,55.0,549,64,200,251,105,16,549,20,10,50.0,10,50.0,256,1554,817,23,9,3,14,10,357,21,3,1,1,9,17,2,18,8,6,0,0,0,45,6,15,28.6
2022-07-23,19:05,Liga MX,Apertura 2022 Regular Season,Sat,Away,D,2,2,Puebla,Cruz Azul,0.5,2.3,53,14799.0,Antony Silva,4-2-3-1,Fernando Guerrero,10,5,50.0,0.2,0.4,20.8,0,0,0,0.5,0.5,0.05,1.5,1.5,6,4,83.3,0.0,1.6,-0.4,1.0,1.0,0.0,0.0,7,12,58.3,18,4,44.4,42.0,12,33.3,30.8,18,0,0.0,0,2.0,374,462,81.0,7533,2861,155,172,90.1,145,164,88.4,63,101,62.4,2,0.5,0.7,9,28,8,4,29,462,415,46,10,0,14,16,18,3,2,0,0,374,1,11,18,17,1,0,0,0,0,4,4,0,0,0,0,0,15,8,9,6,0,10,15,66.7,5,7,2,5,11,26,10,0,53.0,550,69,214,247,93,14,550,9,5,55.6,3,33.3,265,1394,608,14,8,3,20,7,371,29,2,0,0,12,9,1,16,11,8,0,1,0,45,12,11,52.2,19,5,26.3,0.05,0.2,18.0,0,1,1,2.3,1.5,0.08,-0.3,-0.5,5,3,60.0,0.0,1.3,-0.7,0.0,0.0,0.0,0.0,2,9,22.2,25,5,24.0,30.4,6,50.0,42.8,13,0,0.0,0,16.0,321,402,79.9,6366,2502,120,136,88.2,146,172,84.9,49,80,61.3,1,1.4,1.1,18,24,12,5,30,402,347,54,12,0,3,19,26,7,2,5,0,321,1,5,35,22,5,1,4,2,1,4,1,1,0,0,2,0,10,7,5,4,1,3,8,37.5,5,11,2,9,6,16,16,0,47.0,505,46,163,207,141,29,504,17,5,29.4,10,58.8,272,1359,704,11,12,3,11,5,319,29,2,0,0,9,12,1,19,6,7,1,0,0,39,11,12,47.8
2022-07-26,19:00,Liga MX,Apertura 2022 Regular Season,Tue,Away,L,0,1,Puebla,Monterrey,0.1,3.2,56,35893.0,Antony Silva,3-5-2,Óscar Macias,4,1,25.0,0.0,0.0,27.9,0,0,0,0.1,0.1,0.03,-0.1,-0.1,7,6,85.7,0.0,2.2,1.2,0.0,0.0,0.0,0.0,3,10,30.0,19,5,47.4,40.8,9,11.1,27.8,10,1,10.0,0,14.2,362,473,76.5,7517,2529,133,153,86.9,166,196,84.7,61,111,55.0,0,0.0,0.6,1,32,4,3,31,473,425,48,13,0,15,25,18,6,2,3,0,362,0,6,3,2,0,0,0,0,1,0,0,0,0,0,0,0,22,8,13,9,0,9,20,45.0,11,13,3,10,7,29,11,1,56.0,576,58,182,256,144,17,576,23,10,43.5,12,52.2,278,1818,970,15,13,2,15,12,357,30,4,0,0,9,10,0,25,7,8,0,0,0,42,10,20,33.3,22,7,31.8,0.05,0.14,17.7,0,0,0,3.2,3.2,0.15,-2.2,-2.2,1,1,100.0,1.0,0.4,0.4,0.0,0.0,0.0,0.0,3,12,25.0,28,2,21.4,32.5,12,50.0,39.8,21,1,4.8,0,11.0,286,374,76.5,5372,2343,115,133,86.5,121,140,86.4,40,76,52.6,0,1.8,0.6,15,22,8,1,33,374,334,39,9,0,3,11,13,4,2,2,0,286,1,10,33,23,3,1,2,2,2,1,0,0,0,1,0,0,24,16,14,7,3,12,22,54.5,10,4,0,4,10,34,26,0,44.0,505,75,192,191,131,26,505,24,11,45.8,9,37.5,249,1493,742,14,9,3,11,13,283,32,2,0,0,12,9,1,11,10,16,0,0,0,51,20,10,66.7
2022-07-30,21:05,Liga MX,Apertura 2022 Regular Season,Sat,Home,D,0,0,Puebla,Atlético,1.8,0.7,65,12860.0,Antony Silva,4-4-2,Marco Ortíz,28,2,7.1,0.0,0.0,19.7,1,0,0,1.8,1.8,0.07,-1.8,-1.8,4,4,100.0,1.0,0.4,0.4,0.0,0.0,0.0,0.0,2,4,50.0,21,5,19.0,29.8,7,0.0,21.7,7,0,0.0,1,12.0,484,593,81.6,8574,3140,227,255,89.0,202,234,86.3,49,81,60.5,0,1.2,1.4,17,30,15,3,61,593,541,50,9,1,5,33,26,7,5,1,0,484,2,11,42,23,5,1,6,5,2,0,0,0,0,0,0,0,9,5,4,4,1,3,8,37.5,5,10,1,9,10,19,6,0,65.0,691,39,145,323,228,37,691,17,4,23.5,12,70.6,444,2595,1462,27,25,5,8,4,477,61,1,0,0,13,10,2,33,10,5,0,0,0,48,14,16,46.7,10,4,40.0,0.0,0.0,21.9,0,0,0,0.7,0.7,0.07,-0.7,-0.7,2,2,100.0,1.0,0.1,0.1,0.0,0.0,0.0,0.0,2,16,12.5,13,2,38.5,37.1,17,64.7,46.7,27,0,0.0,0,4.0,229,321,71.3,4354,1982,85,108,78.7,107,128,83.6,30,66,45.5,0,0.6,0.4,7,18,6,2,28,321,271,49,15,1,3,7,15,1,0,0,0,229,1,9,16,12,2,0,1,1,0,0,0,0,0,0,0,0,16,9,13,3,0,12,16,75.0,4,19,12,7,10,26,38,0,35.0,454,93,196,204,59,9,454,10,5,50.0,3,30.0,202,1249,614,8,8,2,16,6,229,28,3,0,0,10,13,1,7,10,9,0,0,0,40,16,14,53.3
2022-08-02,20:00,Liga MX,Apertura 2022 Regular Season,Tue,Away,D,1,1,Puebla,Toluca,1.0,1.3,38,17402.0,Antony Silva,4-4-2,Victor Caceres,17,5,29.4,0.06,0.2,23.8,2,0,0,1.0,1.0,0.06,0.0,0.0,7,6,85.7,0.0,1.0,0.0,0.0,0.0,0.0,0.0,5,9,55.6,16,6,37.5,38.6,9,33.3,37.7,17,0,0.0,0,9.0,262,345,75.9,4905,2093,116,132,87.9,101,122,82.8,34,68,50.0,1,0.6,0.8,10,23,4,1,33,345,298,46,14,1,8,19,15,6,5,1,0,262,1,10,30,15,5,1,3,4,2,2,1,0,0,0,0,1,12,6,6,4,2,7,11,63.6,4,21,7,14,14,26,19,0,38.0,468,57,158,188,126,18,468,12,3,25.0,9,75.0,298,1394,679,17,14,3,14,2,259,33,5,0,0,16,15,1,19,14,6,0,0,0,48,8,14,36.4,20,7,35.0,0.05,0.14,18.0,1,0,0,1.3,1.3,0.07,-0.3,-0.3,5,4,80.0,0.0,1.3,0.3,0.0,0.0,0.0,0.0,7,13,53.8,36,6,36.1,37.7,7,0.0,16.3,13,1,7.7,4,17.2,467,571,81.8,8933,3158,186,212,87.7,214,240,89.2,58,90,64.4,1,0.6,1.4,12,40,8,0,48,571,511,59,16,1,7,19,26,8,2,5,0,467,1,14,30,17,4,0,7,2,0,2,0,1,0,0,1,0,11,7,5,6,0,9,12,75.0,3,12,4,8,5,16,17,1,62.0,676,65,209,307,164,28,676,12,4,33.3,7,58.3,335,1945,1045,17,10,3,21,5,461,46,2,1,0,15,15,1,19,5,7,0,0,0,50,14,8,63.6
2022-08-12,19:05,Liga MX,Apertura 2022 Regular Season,Fri,Away,D,3,3,Puebla,Tijuana,0.9,1.4,54,12860.0,Antony Silva,4-4-2,Luis Santander,13,4,30.8,0.23,0.75,17.0,1,0,0,0.9,0.9,0.07,2.1,2.1,5,1,40.0,0.0,1.9,-1.1,1.0,0.0,1.0,0.0,3,7,42.9,19,6,31.6,31.7,5,20.0,31.4,13,1,7.7,0,9.7,322,442,72.9,6041,2511,124,153,81.0,153,194,78.9,37,73,50.7,2,0.8,1.3,10,33,10,2,40,442,384,56,11,2,1,16,32,4,1,3,0,322,2,8,19,13,2,1,1,1,1,4,1,0,1,1,0,1,21,14,14,7,0,8,18,44.4,10,4,1,3,9,30,16,0,54.0,552,55,162,237,157,18,552,21,9,42.9,12,57.1,187,1005,515,8,11,1,16,14,316,40,0,0,0,16,11,2,16,9,14,0,1,0,56,20,23,46.5,12,4,33.3,0.25,0.75,16.9,0,0,1,1.4,0.6,0.05,1.6,2.4,4,1,25.0,0.0,2.4,-0.6,0.0,0.0,0.0,0.0,5,10,50.0,20,0,45.0,40.8,3,33.3,36.7,14,1,7.1,0,7.8,264,374,70.6,4998,2660,107,143,74.8,123,149,82.6,32,70,45.7,2,0.5,0.9,9,26,8,2,33,374,320,53,16,1,2,18,24,6,3,2,0,264,1,6,23,11,6,1,1,3,1,5,3,1,0,1,0,0,26,21,13,11,2,12,21,57.1,9,12,5,7,9,35,22,0,46.0,505,52,173,198,145,17,504,20,10,50.0,8,40.0,250,1177,383,5,8,3,15,13,261,33,1,0,0,12,15,1,18,9,21,0,0,0,53,23,20,53.5
2022-08-16,21:05,Liga MX,Apertura 2022 Regular Season,Tue,Home,D,2,2,Puebla,Necaxa,2.0,1.3,52,15070.0,Antony Silva,3-4-3,Fernando Guerrero,15,6,40.0,0.13,0.33,14.7,1,0,0,2.0,2.0,0.13,0.0,0.0,4,2,50.0,0.0,1.2,-0.8,0.0,0.0,0.0,0.0,3,15,20.0,18,4,72.2,53.3,13,15.4,28.2,14,0,0.0,0,18.0,319,407,78.4,6630,2709,118,128,92.2,138,163,84.7,55,95,57.9,2,1.8,1.5,12,29,8,3,31,407,357,50,15,0,4,20,13,6,5,0,0,319,0,7,27,14,4,5,1,2,1,4,2,1,1,0,0,0,15,8,9,5,1,9,19,47.4,10,5,4,1,7,22,24,0,52.0,519,64,183,212,130,28,519,27,15,55.6,10,37.0,218,1475,779,22,10,10,10,4,317,31,1,0,0,14,16,0,20,7,8,0,0,0,45,13,12,52.0,16,4,25.0,0.13,0.5,17.3,0,0,0,1.3,1.3,0.08,0.7,0.7,6,4,66.7,0.0,1.6,-0.4,0.0,0.0,0.0,0.0,9,11,81.8,37,6,27.0,36.3,6,16.7,37.8,14,1,7.1,0,7.4,288,370,77.8,6729,3073,70,87,80.5,151,171,88.3,66,102,64.7,2,1.1,1.5,15,31,9,3,36,370,320,50,14,1,5,22,22,5,2,3,0,288,0,3,31,20,5,3,2,1,0,4,2,1,0,1,0,0,14,7,9,5,0,10,25,40.0,15,8,3,5,12,26,18,0,48.0,464,68,162,200,107,21,464,20,10,50.0,9,45.0,280,1576,816,12,10,5,14,6,288,36,1,0,0,16,13,0,22,12,7,0,0,0,43,12,13,48.0
2022-08-20,19:05,Liga MX,Apertura 2022 Regular Season,Sat,Away,D,1,1,Puebla,Atlas,1.4,1.3,46,11430.0,Antony Silva,3-4-3,César Arturo Ramos,10,4,40.0,0.1,0.25,16.2,1,0,0,1.4,1.4,0.15,-0.4,-0.4,5,4,80.0,0.0,1.3,0.3,0.0,0.0,0.0,0.0,4,9,44.4,14,7,42.9,38.2,5,60.0,46.8,17,0,0.0,0,8.0,224,314,71.3,4089,1930,105,122,86.1,89,110,80.9,26,66,39.4,1,0.6,1.0,5,16,7,2,20,314,267,45,10,0,3,9,26,2,2,0,0,224,2,6,17,11,0,2,2,1,1,2,2,0,0,0,0,0,14,8,7,7,0,6,12,50.0,6,10,5,5,13,27,32,0,46.0,436,62,168,183,97,16,436,16,10,62.5,4,25.0,211,1538,946,19,13,3,18,7,221,19,4,0,0,20,9,2,9,13,8,0,0,0,41,22,29,43.1,13,5,38.5,0.08,0.2,17.8,2,0,0,1.3,1.3,0.1,-0.3,-0.3,4,3,75.0,0.0,1.4,0.4,0.0,0.0,0.0,0.0,8,19,42.1,33,1,48.5,37.2,7,42.9,43.0,7,1,14.3,4,21.3,250,362,69.1,5859,2864,63,80,78.8,116,144,80.6,59,107,55.1,0,0.3,1.0,6,31,9,2,28,362,305,55,20,1,4,22,20,6,3,2,0,250,2,7,21,15,2,0,1,2,1,2,2,0,0,0,0,0,11,6,7,3,1,4,14,28.6,10,10,5,5,12,23,19,0,54.0,457,51,149,183,129,24,457,15,6,40.0,6,40.0,220,1053,443,8,5,1,15,8,249,28,3,0,0,9,20,2,22,12,6,0,0,0,54,29,22,56.9
2022-08-26,19:00,Liga MX,Apertura 2022 Regular Season,Fri,Home,D,2,2,Puebla,FC Juárez,2.1,0.5,59,15123.0,Antony Silva,3-4-3,Marco Ortíz,22,6,27.3,0.09,0.33,18.0,0,0,0,2.1,2.1,0.1,-0.1,-0.1,2,0,0.0,0.0,1.0,-1.0,0.0,0.0,0.0,0.0,2,6,33.3,14,4,35.7,33.9,6,16.7,25.3,12,0,0.0,0,13.5,377,454,83.0,6424,2212,195,212,92.0,137,154,89.0,38,69,55.1,2,1.5,1.3,17,34,5,2,33,454,399,53,17,1,3,22,22,5,2,3,0,377,2,6,35,20,6,4,4,1,0,4,3,1,0,0,0,0,17,13,10,6,1,9,16,56.3,7,8,3,5,6,23,14,0,59.0,575,42,145,263,170,32,575,24,9,37.5,12,50.0,374,1983,1165,27,12,7,14,7,375,32,3,0,0,13,16,2,22,6,13,0,0,0,38,10,13,43.5,7,2,28.6,0.29,1.0,17.4,0,0,0,0.5,0.5,0.07,1.5,1.5,6,4,66.7,0.0,2.8,0.8,0.0,0.0,0.0,0.0,8,15,53.3,17,4,41.2,37.0,11,72.7,55.8,14,2,14.3,3,20.0,237,318,74.5,4862,2124,85,99,85.9,109,129,84.5,36,70,51.4,1,0.4,0.3,6,16,0,0,21,318,272,45,15,0,4,17,12,4,4,0,0,237,1,6,12,6,3,2,0,1,0,4,2,1,0,0,1,0,19,9,12,3,4,12,21,57.1,9,10,6,4,11,30,22,0,41.0,428,55,163,180,92,10,428,20,7,35.0,9,45.0,224,1461,806,22,15,6,16,8,233,20,2,0,0,16,13,1,17,11,9,0,0,0,38,13,10,56.5
2022-09-01,21:05,Liga MX,Apertura 2022 Regular Season,Thu,Away,D,1,1,Puebla,Querétaro,1.1,1.2,58,,Federico Mancuello,3-4-3,Ismael Lopez,15,7,46.7,0.07,0.14,19.5,1,0,0,1.1,1.1,0.07,-0.1,-0.1,6,5,83.3,0.0,1.4,0.4,0.0,0.0,0.0,0.0,1,3,33.3,17,1,5.9,24.4,6,33.3,33.7,10,0,0.0,0,11.0,372,474,78.5,6903,2608,161,190,84.7,164,188,87.2,44,78,56.4,1,0.9,0.9,13,32,7,4,47,474,423,51,9,2,6,21,31,3,2,0,0,372,0,9,25,21,1,0,1,1,1,1,1,0,0,0,0,0,23,18,8,12,3,7,17,41.2,10,13,5,8,8,31,10,0,58.0,593,42,199,252,148,22,593,13,8,61.5,5,38.5,344,1913,1113,23,14,4,27,7,366,46,2,0,0,11,9,0,21,8,18,0,0,0,65,11,14,44.0,17,6,35.3,0.06,0.17,27.4,0,0,0,1.2,1.2,0.07,-0.2,-0.2,7,6,85.7,0.0,1.4,0.4,0.0,0.0,0.0,0.0,7,22,31.8,21,3,57.1,44.8,13,76.9,58.2,12,1,8.3,0,10.5,240,345,69.6,5374,2145,77,91,84.6,109,138,79.0,49,94,52.1,1,1.2,0.3,16,22,4,4,24,345,293,50,11,0,10,12,22,2,0,1,0,240,2,9,32,27,1,3,1,0,0,2,2,0,0,0,0,0,12,8,8,3,1,5,13,38.5,8,10,1,9,10,22,18,0,42.0,457,57,161,194,106,10,457,17,10,58.8,7,41.2,252,1450,734,14,16,2,18,16,238,24,4,0,0,9,9,2,12,10,8,0,0,0,55,14,11,56.0
2022-09-07,19:00,Liga MX,Apertura 2022 Regular Season,Wed,Home,D,2,2,Puebla,Pachuca,0.7,1.1,39,11078.0,Antony Silva,3-5-2,Adonai Escobedo,8,3,37.5,0.25,0.67,15.2,0,0,0,0.7,0.7,0.09,1.3,1.3,11,9,81.8,0.0,2.1,0.1,0.0,0.0,0.0,0.0,5,14,35.7,12,1,91.7,60.4,15,53.3,50.6,13,1,7.7,1,8.8,169,274,61.7,3680,2015,63,87,72.4,76,96,79.2,29,82,35.4,2,0.7,0.7,7,21,6,2,29,274,219,54,13,0,5,10,20,3,0,3,0,169,1,5,15,8,2,2,2,1,0,4,2,0,1,0,1,0,28,13,16,10,2,14,28,50.0,14,10,3,7,12,40,31,0,39.0,422,69,160,172,96,14,422,19,9,47.4,7,36.8,147,788,329,5,8,1,22,7,165,27,5,0,0,21,13,1,10,12,13,0,0,0,57,21,21,50.0,24,11,45.8,0.08,0.18,23.1,3,0,0,1.1,1.1,0.05,0.9,0.9,3,1,33.3,0.0,1.5,-0.5,0.0,0.0,0.0,0.0,8,19,42.1,15,3,73.3,50.2,9,88.9,60.4,8,0,0.0,2,18.7,311,437,71.2,6325,2970,122,151,80.8,137,170,80.6,50,102,49.0,2,1.0,0.8,18,40,9,1,45,437,367,70,19,0,4,17,35,4,0,1,0,311,0,11,43,26,5,6,1,4,1,4,3,1,0,0,0,0,14,11,6,6,2,7,16,43.8,9,7,2,5,6,20,10,0,61.0,552,35,155,239,167,29,552,33,14,42.4,14,42.4,233,1515,748,18,13,4,13,14,302,44,4,0,0,13,19,0,17,6,11,0,0,0,70,21,21,50.0
2022-09-10,21:05,Liga MX,Apertura 2022 Regular Season,Sat,Away,L,0,1,Puebla,Guadalajara,0.4,0.8,47,24633.0,Antony Silva,5-4-1,Daniel Quintero,8,2,25.0,0.0,0.0,19.3,0,0,0,0.4,0.4,0.06,-0.4,-0.4,4,3,75.0,0.0,0.8,-0.2,0.0,0.0,0.0,0.0,4,6,66.7,7,2,28.6,29.1,9,44.4,34.8,8,0,0.0,0,,326,413,78.9,5956,2325,130,154,84.4,143,169,84.6,40,65,61.5,0,0.4,0.7,7,19,6,3,21,413,369,43,10,1,2,16,16,6,4,2,0,326,1,2,14,12,1,1,0,0,0,0,0,0,0,0,0,0,12,6,6,6,0,9,14,64.3,5,12,7,5,14,26,9,0,47.0,509,44,152,255,109,11,509,17,7,41.2,5,29.4,247,1607,852,19,15,2,15,11,319,21,4,0,0,11,9,1,16,14,6,0,0,0,53,11,10,52.4,15,4,26.7,0.07,0.25,19.5,1,0,0,0.8,0.8,0.06,0.2,0.2,2,2,100.0,1.0,0.1,0.1,0.0,0.0,0.0,0.0,6,11,54.5,13,3,30.8,34.5,15,46.7,44.2,13,1,7.7,0,12.0,378,467,80.9,7823,2828,142,163,87.1,166,194,85.6,68,98,69.4,1,0.7,0.7,12,35,7,0,35,467,422,45,11,0,3,9,16,2,0,1,0,378,0,5,27,20,1,2,1,2,1,2,1,0,1,0,0,0,16,9,5,8,3,5,12,41.7,7,3,2,1,7,23,19,0,53.0,568,59,163,288,120,17,568,17,5,29.4,9,52.9,254,1544,873,19,11,5,19,3,373,35,0,0,0,11,10,0,9,7,9,0,0,0,49,10,11,47.6
2022-09-16,19:00,Liga MX,Apertura 2022 Regular Season,Fri,Home,W,2,1,Puebla,UANL,0.8,0.6,37,20194.0,Antony Silva,5-4-1,César Arturo Ramos,11,6,54.5,0.18,0.33,22.0,1,0,0,0.8,0.8,0.08,1.2,1.2,4,3,75.0,0.0,1.1,0.1,0.0,0.0,0.0,0.0,3,9,33.3,9,3,55.6,45.8,7,57.1,52.3,16,0,0.0,0,,211,290,72.8,3674,1770,110,130,84.6,79,102,77.5,19,47,40.4,1,0.5,0.7,8,14,7,1,26,290,242,47,16,1,2,13,17,5,4,0,0,211,1,2,20,15,0,1,1,1,2,4,2,0,1,0,0,1,20,16,12,8,0,13,22,59.1,9,12,5,7,11,31,33,0,37.0,413,57,151,178,92,19,413,14,4,28.6,9,64.3,212,1122,547,10,10,2,15,12,204,24,5,0,0,11,15,1,13,11,16,0,0,0,47,8,7,53.3,13,4,30.8,0.08,0.25,22.7,0,0,0,0.6,0.6,0.05,0.4,0.4,6,4,66.7,0.0,1.6,-0.4,0.0,0.0,0.0,0.0,3,6,50.0,25,2,16.0,26.9,5,40.0,39.4,11,1,9.1,3,18.5,396,489,81.0,6829,2577,166,182,91.2,177,203,87.2,33,66,50.0,1,0.5,0.6,12,42,5,1,49,489,434,55,12,0,8,25,29,6,2,1,0,396,0,8,23,18,3,2,0,0,0,2,1,1,0,0,0,0,21,15,3,13,5,9,13,69.2,4,1,0,1,5,26,12,0,63.0,591,45,113,314,166,17,591,23,9,39.1,13,56.5,329,2028,1049,20,13,7,18,7,394,49,5,2,1,17,11,0,25,5,15,0,0,0,47,7,8,46.7
2022-09-23,21:05,Liga MX,Apertura 2022 Regular Season,Fri,Home,W,2,1,Puebla,UNAM,0.7,1.3,42,27214.0,Federico Mancuello,5-4-1,Adonai Escobedo,7,2,28.6,0.14,0.5,19.0,1,0,0,0.7,0.7,0.1,0.3,0.3,4,3,75.0,0.0,0.9,-0.1,0.0,0.0,0.0,0.0,9,19,47.4,18,1,55.6,39.1,14,64.3,47.6,14,0,0.0,0,4.0,240,345,69.6,4770,2345,110,132,83.3,90,116,77.6,39,80,48.8,1,0.6,0.6,5,21,5,0,35,345,285,57,21,0,2,12,16,4,3,0,0,240,3,7,13,11,0,1,0,1,0,2,2,0,0,0,0,0,26,17,10,13,3,11,33,33.3,22,12,4,8,16,42,18,0,42.0,465,60,176,219,79,13,465,21,8,38.1,12,57.1,202,1142,496,14,10,2,10,10,239,35,3,0,0,16,20,3,12,16,17,0,0,0,66,12,9,57.1,21,4,19.0,0.05,0.25,21.7,1,0,0,1.3,1.3,0.07,-0.3,-0.3,2,1,0.0,0.0,1.0,0.0,0.0,0.0,0.0,0.0,1,3,33.3,23,6,13.0,27.0,5,0.0,18.2,7,0,0.0,2,21.0,388,482,80.5,7292,2920,147,169,87.0,192,220,87.3,46,76,60.5,1,1.3,0.7,18,32,3,2,46,482,428,54,18,0,5,15,24,4,2,1,0,388,0,8,39,27,2,4,3,2,1,2,1,0,0,1,0,0,22,8,10,9,3,12,20,60.0,8,7,1,6,12,34,8,0,58.0,595,40,147,339,118,20,595,35,22,62.9,11,31.4,251,1665,979,23,17,6,18,15,383,46,3,0,0,22,15,0,15,12,8,0,0,1,58,9,12,42.9
2022-09-30,19:00,Liga MX,Apertura 2022 Regular Season,Fri,Home,L,1,2,Puebla,América,0.8,0.7,55,43362.0,Antony Silva,5-4-1,Marco Ortíz,11,3,27.3,0.09,0.33,15.5,0,0,0,0.8,0.8,0.07,0.2,0.2,3,1,33.3,0.0,1.3,-0.7,0.0,0.0,0.0,0.0,3,6,50.0,9,2,44.4,33.9,12,16.7,28.3,8,0,0.0,0,6.0,414,496,83.5,7177,2800,215,244,88.1,148,171,86.5,46,65,70.8,1,0.8,1.2,11,29,16,6,47,496,443,53,13,2,9,19,22,3,2,0,0,414,0,8,20,20,0,0,0,0,0,2,2,0,0,0,0,0,22,7,13,8,1,11,22,50.0,11,9,2,7,4,26,14,0,55.0,602,55,185,270,152,26,602,18,7,38.9,8,44.4,408,2282,1296,27,24,5,15,6,410,47,1,0,0,10,12,0,19,4,7,0,0,0,47,14,6,70.0,9,3,33.3,0.22,0.67,17.5,1,0,0,0.7,0.7,0.08,1.3,1.3,3,2,66.7,0.0,1.1,0.1,0.0,0.0,0.0,0.0,5,13,38.5,25,4,32.0,36.5,9,55.6,50.1,12,1,8.3,0,7.5,330,408,80.9,6265,2485,138,154,89.6,136,150,90.7,47,81,58.0,1,0.5,0.7,5,29,9,1,39,408,367,39,9,0,5,13,15,4,1,1,0,330,2,9,16,7,2,3,1,2,1,4,0,1,2,1,0,0,14,7,6,7,1,8,15,53.3,7,9,2,7,7,21,15,0,45.0,527,59,167,247,118,28,527,25,11,44.0,11,44.0,315,1632,876,16,11,4,21,11,326,39,1,0,0,12,9,2,13,7,7,0,0,0,52,6,14,30.0
2022-10-09,16:30,Liga MX,Reclassification,Sun,Home,D,1 (5),1 (4),Puebla,Guadalajara,0.9,1.5,51,43135.0,Antony Silva,5-4-1,Luis Santander,14,2,14.3,0.07,0.5,18.5,2,0,0,0.9,0.9,0.06,0.1,0.1,7,6,85.7,0.0,1.3,0.3,0.0,0.0,0.0,0.0,8,15,53.3,19,3,42.1,38.0,10,70.0,51.9,9,0,0.0,0,2.0,341,427,79.9,6801,2648,120,141,85.1,168,189,88.9,45,74,60.8,1,0.8,1.1,11,34,6,1,40,427,376,48,13,1,3,14,19,4,3,1,0,341,3,5,26,12,6,2,1,4,1,2,1,0,0,0,1,0,19,9,11,8,0,12,25,48.0,13,9,8,1,8,27,26,0,51.0,553,68,169,280,106,18,553,19,8,42.1,8,42.1,295,1402,733,9,6,3,14,7,334,40,1,0,0,7,14,3,14,8,9,0,0,0,50,14,15,48.3,22,7,31.8,0.05,0.14,19.8,0,0,0,1.5,1.5,0.07,-0.5,-0.5,2,1,50.0,0.0,0.2,-0.8,0.0,0.0,0.0,0.0,3,8,37.5,19,4,21.1,30.1,10,40.0,42.4,11,0,0.0,0,9.0,334,409,81.7,6074,2534,150,170,88.2,141,167,84.4,34,54,63.0,1,1.1,1.0,18,28,9,3,46,409,371,37,10,1,1,13,13,2,1,0,0,334,1,3,35,30,1,0,4,0,0,2,2,0,0,0,0,0,15,11,9,5,1,8,16,50.0,8,10,4,6,13,28,19,0,49.0,532,59,144,241,156,26,532,25,13,52.0,12,48.0,319,1825,958,19,19,4,22,7,330,46,2,0,0,15,7,1,13,13,11,0,0,0,49,15,14,51.7
2022-10-12,19:06,Liga MX,Quarter-finals,Wed,Home,L,1,6,Puebla,América,0.8,2.8,41,44471.0,Antony Silva,5-4-1,Marco Ortíz,6,1,16.7,0.17,1.0,16.8,0,0,0,0.8,0.8,0.13,0.2,0.2,11,5,45.5,0.0,5.4,-0.6,0.0,0.0,0.0,0.0,5,10,50.0,20,2,40.0,36.7,10,20.0,26.5,8,0,0.0,1,10.0,284,366,77.6,5037,2093,129,148,87.2,117,141,83.0,30,63,47.6,1,0.6,0.3,4,16,5,0,27,366,320,45,16,0,2,9,11,1,0,1,0,284,1,3,11,8,1,0,1,1,0,1,0,0,0,1,0,0,10,8,4,6,0,3,17,17.6,14,8,1,7,16,26,17,1,41.0,461,66,165,241,67,12,461,19,11,57.9,4,21.1,252,1752,878,14,13,1,22,10,280,27,1,0,0,17,13,1,9,16,8,0,0,0,55,7,10,41.2,20,11,55.0,0.3,0.55,17.0,0,0,0,2.8,2.8,0.14,3.2,3.2,1,0,0.0,0.0,0.2,-0.8,0.0,0.0,0.0,0.0,9,12,75.0,29,5,27.6,31.7,6,66.7,49.2,8,1,12.5,0,4.7,430,521,82.5,7518,3019,198,222,89.2,163,189,86.2,47,73,64.4,5,2.3,2.1,17,31,20,1,53,521,473,45,18,4,1,12,17,2,0,1,0,430,3,9,37,28,3,3,1,2,0,11,8,1,0,1,1,0,14,12,6,6,2,4,15,26.7,11,2,0,2,16,30,10,0,59.0,606,47,150,299,168,31,606,21,14,66.7,3,14.3,370,2235,1273,25,20,3,10,7,426,52,2,0,0,13,16,3,12,16,12,0,0,0,60,9,7,56.3
2022-10-15,20:06,Liga MX,Quarter-finals,Sat,Away,L,1,5,Puebla,América,0.4,2.2,47,44298.0,Antony Silva,5-4-1,Daniel Quintero,9,6,66.7,0.11,0.17,21.1,0,0,0,0.4,0.4,0.04,0.6,0.6,7,2,42.9,0.0,3.1,-1.9,1.0,1.0,0.0,0.0,2,5,40.0,18,4,16.7,30.4,10,20.0,27.0,10,0,0.0,1,13.5,360,416,86.5,6767,2157,139,149,93.3,179,195,91.8,40,63,63.5,0,0.2,0.2,6,17,2,1,16,416,372,42,11,1,5,11,13,2,0,2,0,360,2,3,11,9,1,0,1,0,0,0,0,0,0,0,0,0,12,5,5,7,0,3,12,25.0,9,8,4,4,7,19,10,1,47.0,488,55,178,255,56,6,488,6,1,16.7,4,66.7,317,1553,832,8,5,1,9,8,353,16,1,0,0,11,10,2,11,7,5,0,1,0,32,3,7,30.0,15,6,40.0,0.27,0.67,20.2,1,1,1,2.2,1.4,0.09,2.8,2.6,6,5,83.3,0.0,1.8,0.8,0.0,0.0,0.0,0.0,4,6,66.7,26,4,15.4,25.1,6,33.3,37.5,9,0,0.0,0,9.0,413,472,87.5,7426,2333,183,193,94.8,175,192,91.1,44,69,63.8,3,1.2,0.6,12,35,10,2,31,472,441,30,11,0,2,12,8,3,2,0,0,413,1,4,28,23,0,2,1,2,0,9,7,0,1,0,1,0,12,9,3,7,2,4,5,80.0,1,4,0,4,5,17,9,3,53.0,548,46,145,291,120,21,547,14,9,64.3,3,21.4,335,2590,1237,22,14,6,11,9,407,30,2,0,0,10,11,1,12,5,9,1,0,0,40,7,3,70.0
2023-01-09,21:10,Liga MX,Clausura 2023 Regular Season,Mon,Away,L,1,5,Puebla,Pachuca,1.0,2.7,38,20777.0,Antony Silva,4-1-3-2,Diego Montaño,7,2,28.6,0.0,0.0,27.6,1,1,1,1.0,0.3,0.04,0.0,-0.3,10,4,50.0,0.0,4.3,-0.7,1.0,0.0,1.0,0.0,5,11,45.5,11,3,27.3,36.9,10,80.0,57.7,16,1,6.3,0,3.0,202,282,71.6,3852,1677,78,98,79.6,92,116,79.3,26,50,52.0,0,0.2,0.1,4,12,1,1,9,282,229,51,7,0,0,4,28,0,0,0,0,202,2,5,13,8,0,0,3,2,0,2,0,0,0,1,1,0,14,4,7,4,3,4,10,40.0,6,16,8,8,4,18,30,0,38.0,399,68,156,185,62,8,398,6,1,16.7,5,83.3,172,961,389,4,10,1,14,6,200,7,1,0,0,14,10,2,4,4,4,1,1,0,33,10,16,38.5,21,9,42.9,0.24,0.56,17.6,2,0,1,2.7,2.0,0.09,2.3,3.0,3,2,100.0,0.0,1.0,0.0,1.0,1.0,0.0,0.0,4,17,23.5,25,2,52.0,42.0,7,57.1,51.6,3,1,33.3,0,8.0,367,459,80.0,6980,2441,161,183,88.0,147,165,89.1,52,88,59.1,3,1.8,1.2,17,28,10,4,33,459,398,61,13,0,4,27,27,12,3,0,0,367,0,13,41,33,3,1,1,3,0,10,9,0,0,0,1,0,11,9,7,3,1,5,6,83.3,1,7,1,6,6,17,10,0,62.0,566,36,159,191,221,42,565,13,6,46.2,4,30.8,300,1997,971,30,25,12,12,10,362,33,0,0,0,10,13,0,27,6,9,1,1,0,44,16,10,61.5
2023-01-13,21:05,Liga MX,Clausura 2023 Regular Season,Fri,Home,W,2,0,Puebla,Querétaro,0.9,0.5,59,10613.0,Antony Silva,4-1-4-1,Jorge Camacho,12,5,41.7,0.17,0.4,20.3,0,0,0,0.9,0.9,0.07,1.1,1.1,5,5,100.0,1.0,0.5,0.5,0.0,0.0,0.0,0.0,1,2,50.0,17,4,5.9,24.6,10,10.0,20.0,13,1,7.7,0,6.0,471,549,85.8,9402,2851,160,170,94.1,241,269,89.6,65,98,66.3,2,0.9,1.2,11,56,4,3,44,549,503,46,13,0,8,24,18,4,1,3,0,471,0,7,22,16,3,0,1,2,0,4,4,0,0,0,0,0,12,8,7,3,2,7,9,77.8,2,10,2,8,5,17,20,0,59.0,658,57,166,368,130,9,658,16,5,31.3,7,43.8,383,1930,1081,12,14,0,16,10,468,44,1,0,0,8,10,0,24,5,8,0,0,0,42,12,16,42.9,11,5,45.5,0.0,0.0,21.5,1,0,0,0.5,0.5,0.05,-0.5,-0.5,5,3,60.0,0.0,1.7,-0.3,0.0,0.0,0.0,0.0,3,12,25.0,18,4,22.2,31.8,8,100.0,69.1,19,0,0.0,0,,257,334,76.9,4874,1951,113,125,90.4,107,129,82.9,34,63,54.0,0,0.3,0.7,6,25,3,1,26,334,285,48,6,0,2,17,30,1,0,0,0,257,1,10,17,10,4,0,0,2,1,0,0,0,0,0,0,0,12,8,7,4,1,6,11,54.5,5,6,1,5,10,22,15,0,41.0,418,43,135,189,97,14,418,9,2,22.2,6,66.7,224,1297,697,14,4,6,15,5,255,30,2,1,0,12,7,1,17,10,8,0,0,0,37,16,12,57.1
2023-01-21,19:10,Liga MX,Clausura 2023 Regular Season,Sat,Away,D,2,2,Puebla,América,0.7,1.8,35,26382.0,Antony Silva,4-1-4-1,Oscar Mejia,8,5,62.5,0.25,0.4,20.1,0,0,0,0.7,0.7,0.08,1.3,1.3,6,4,66.7,0.0,1.7,-0.3,0.0,0.0,0.0,0.0,9,18,50.0,15,2,66.7,48.5,10,80.0,60.6,31,0,0.0,0,4.0,238,334,71.3,4260,1830,123,141,87.2,77,99,77.8,31,66,47.0,2,0.6,0.3,6,20,2,1,20,334,294,40,9,0,3,13,16,2,1,1,0,238,0,16,13,7,2,0,2,2,0,4,0,2,0,1,1,0,21,12,11,9,1,11,16,68.8,5,18,8,10,9,30,36,0,35.0,467,84,201,202,69,9,467,17,4,23.5,12,70.6,226,1055,458,8,7,0,9,5,238,20,6,0,0,14,8,0,13,9,12,0,0,0,46,17,14,54.8,19,6,31.6,0.11,0.33,23.1,4,0,0,1.8,1.8,0.09,0.2,0.2,5,3,60.0,0.0,1.0,-1.0,0.0,0.0,0.0,0.0,0,2,0.0,21,6,9.5,22.2,5,0.0,19.0,10,0,0.0,3,18.8,524,624,84.0,8058,2938,283,303,93.4,191,217,88.0,33,67,49.3,2,1.5,1.5,12,66,13,3,58,624,568,55,10,3,1,38,22,15,6,4,0,524,1,11,31,24,2,0,0,5,0,4,4,0,0,0,0,0,17,11,4,9,4,12,16,75.0,4,18,2,16,11,28,12,0,65.0,746,40,138,366,248,27,746,21,5,23.8,11,52.4,519,2776,1476,31,29,4,21,10,521,58,1,0,0,8,13,1,38,11,11,0,0,0,51,14,17,45.2
2023-01-27,19:05,Liga MX,Clausura 2023 Regular Season,Fri,Home,L,1,2,Puebla,Monterrey,1.1,1.1,53,14276.0,Antony Silva,5-4-1,Jesus Lopez,16,8,50.0,0.06,0.13,20.8,0,0,0,1.1,1.1,0.07,-0.1,-0.1,3,1,33.3,0.0,1.2,-0.8,0.0,0.0,0.0,0.0,5,20,25.0,17,4,52.9,43.6,16,68.8,50.6,13,0,0.0,0,5.0,320,437,73.2,5866,2150,137,167,82.0,139,165,84.2,36,87,41.4,0,0.9,0.8,12,23,7,3,32,437,374,63,13,0,4,21,25,6,3,2,0,320,0,5,27,15,5,1,1,3,2,1,0,0,1,0,0,0,13,5,5,7,1,5,9,55.6,4,7,5,2,8,21,19,0,53.0,555,57,152,286,125,16,555,24,9,37.5,11,45.8,254,1587,751,15,18,2,16,7,315,32,2,0,0,14,11,0,21,8,5,0,0,0,59,25,28,47.2,19,3,15.8,0.11,0.67,23.8,1,0,0,1.1,1.1,0.06,0.9,0.9,8,7,87.5,0.0,1.4,0.4,0.0,0.0,0.0,0.0,4,16,25.0,27,7,40.7,37.7,8,62.5,44.4,19,1,5.3,1,18.5,270,382,70.7,5062,2374,129,156,82.7,109,142,76.8,30,66,45.5,1,1.1,1.4,16,28,9,3,31,382,328,52,13,2,0,14,23,6,3,2,0,270,2,2,36,30,1,1,1,2,1,4,3,0,0,0,1,0,18,12,9,9,0,11,20,55.0,9,7,2,5,16,34,21,1,47.0,507,51,150,271,93,18,507,12,4,33.3,5,41.7,323,1527,788,12,14,4,23,8,265,31,2,0,0,11,13,2,14,16,12,0,0,0,61,28,25,52.8
2023-02-02,21:00,Liga MX,Clausura 2023 Regular Season,Thu,Away,L,0,2,Puebla,Atlético,0.8,1.8,56,12409.0,Antony Silva,3-4-3,Adonai Escobedo,15,4,26.7,0.0,0.0,20.0,1,0,0,0.8,0.8,0.05,-0.8,-0.8,4,3,50.0,0.0,0.4,-0.6,1.0,0.0,0.0,1.0,3,10,30.0,15,7,26.7,29.5,12,50.0,41.1,18,1,5.6,0,8.0,382,481,79.4,7340,2857,151,169,89.3,185,212,87.3,44,83,53.0,0,0.7,0.6,12,26,7,5,37,481,426,54,6,1,3,30,26,7,3,3,0,382,1,16,23,15,2,2,2,2,0,0,0,0,0,0,0,0,9,6,6,3,0,5,14,35.7,9,5,4,1,10,19,32,0,56.0,592,64,203,280,117,18,592,13,7,53.8,6,46.2,404,2001,951,17,14,4,23,9,379,37,3,0,0,14,7,1,30,10,6,0,1,1,45,23,24,48.9,15,4,26.7,0.07,0.25,22.0,1,0,1,1.8,1.0,0.07,-0.8,0.0,4,4,100.0,1.0,0.4,0.4,0.0,0.0,0.0,0.0,4,16,25.0,17,6,52.9,39.4,13,53.8,46.1,21,3,14.3,1,11.5,272,373,72.9,5086,2127,117,140,83.6,119,151,78.8,33,75,44.0,0,0.6,0.6,11,20,10,5,29,373,317,56,13,4,2,21,25,4,0,1,0,272,0,3,27,19,2,0,2,2,2,2,2,0,0,0,0,0,15,11,7,8,0,6,13,46.2,7,15,2,13,6,21,36,0,44.0,503,58,162,207,140,20,502,16,9,56.3,5,31.3,252,1587,734,12,11,3,16,4,269,29,3,1,0,7,10,0,21,6,11,1,0,0,39,24,23,51.1
2023-02-10,19:00,Liga MX,Clausura 2023 Regular Season,Fri,Home,W,3,1,Puebla,Mazatlán,2.3,1.3,53,10290.0,Antony Silva,4-1-4-1,Edgar Morales,14,4,28.6,0.21,0.75,15.0,0,0,0,2.3,2.3,0.17,0.7,0.7,3,2,66.7,0.0,1.0,0.0,0.0,0.0,0.0,0.0,5,16,31.3,16,2,37.5,37.6,18,55.6,46.3,24,0,0.0,0,7.5,446,532,83.8,8502,3181,210,225,93.3,179,209,85.6,57,91,62.6,3,2.3,1.0,13,25,5,2,32,532,478,54,14,1,7,13,17,3,0,3,0,446,0,2,28,19,3,1,3,1,1,6,3,1,0,1,1,0,15,7,8,6,1,7,14,50.0,7,12,5,7,6,21,29,0,53.0,653,73,246,306,105,19,653,14,6,42.9,6,42.9,316,1754,857,15,8,2,14,5,440,32,0,0,0,13,11,0,13,6,7,0,0,0,40,19,17,52.8,17,3,17.6,0.06,0.33,22.1,0,0,0,1.3,1.3,0.08,-0.3,-0.3,4,1,25.0,0.0,1.6,-1.4,0.0,0.0,0.0,0.0,4,8,50.0,20,6,15.0,28.4,7,71.4,50.0,12,0,0.0,2,15.0,377,471,80.0,6531,2552,169,180,93.9,158,185,85.4,38,75,50.7,1,1.3,0.7,14,39,5,1,52,471,420,50,13,3,2,30,19,7,5,0,0,377,1,9,26,17,4,2,2,1,0,1,0,0,0,1,0,0,11,7,2,6,3,6,12,50.0,6,5,3,2,3,14,11,1,47.0,565,36,118,275,180,16,565,15,7,46.7,7,46.7,308,1813,925,12,18,4,18,8,375,52,1,0,0,13,13,1,30,3,7,0,0,0,52,17,19,47.2
2023-02-14,19:05,Liga MX,Clausura 2023 Regular Season,Tue,Away,L,0,2,Puebla,León,0.2,3.2,39,24518.0,Antony Silva,3-4-3,Óscar Macias,3,0,0.0,0.0,,21.3,0,0,0,0.2,0.2,0.07,-0.2,-0.2,12,10,83.3,0.0,3.3,1.3,0.0,0.0,0.0,0.0,7,26,26.9,23,1,60.9,46.0,17,70.6,56.3,21,0,0.0,0,3.5,226,337,67.1,4444,2046,100,126,79.4,88,109,80.7,33,80,41.3,0,0.2,0.3,3,18,2,1,18,337,266,70,11,0,4,14,36,3,1,0,0,226,1,15,6,5,1,0,0,0,0,0,0,0,0,0,0,0,16,5,10,6,0,8,13,61.5,5,13,8,5,7,23,37,0,39.0,466,92,215,166,87,11,466,17,6,35.3,10,58.8,214,1121,446,6,8,4,12,7,224,18,3,1,0,10,7,1,14,7,5,0,0,0,35,15,14,51.7,34,12,35.3,0.06,0.17,16.7,2,0,0,3.2,3.2,0.1,-1.2,-1.2,0,0,,1.0,0.0,0.0,0.0,0.0,0.0,0.0,0,3,0.0,11,2,27.3,32.3,3,0.0,28.0,9,0,0.0,1,11.5,432,529,81.7,7705,2925,193,214,90.2,182,218,83.5,45,70,64.3,2,2.7,2.2,26,40,19,8,52,529,470,56,9,1,6,28,33,10,0,0,0,432,3,6,64,51,4,1,5,3,0,4,4,0,0,0,0,0,17,10,9,8,0,10,16,62.5,6,13,1,12,6,23,12,0,61.0,667,31,136,331,208,47,667,13,5,38.5,8,61.5,384,2293,1352,36,17,13,20,8,427,52,0,0,0,9,9,3,28,6,10,0,0,0,46,14,15,48.3
2023-02-17,21:05,Liga MX,Clausura 2023 Regular Season,Fri,Home,L,1,3,Puebla,Cruz Azul,1.9,1.7,56,21927.0,Antony Silva,4-1-4-1,Eduardo Galván,19,5,26.3,0.05,0.2,20.6,1,0,0,1.9,1.9,0.11,-0.9,-0.9,4,1,50.0,0.0,1.8,-1.2,1.0,1.0,0.0,0.0,5,13,38.5,24,7,41.7,35.0,12,25.0,26.8,11,1,9.1,0,7.0,425,529,80.3,7791,3000,201,225,89.3,168,191,88.0,48,86,55.8,1,1.1,1.4,13,37,5,1,36,529,465,63,13,0,6,18,32,2,2,0,0,425,1,15,31,23,3,3,1,1,0,2,1,1,0,0,0,0,11,10,4,6,1,7,10,70.0,3,12,4,8,2,13,15,0,56.0,642,69,192,307,152,14,642,22,9,40.9,10,45.5,386,2355,973,14,13,3,22,3,422,36,3,0,0,10,11,1,18,2,10,0,1,0,43,11,12,47.8,10,3,30.0,0.2,0.67,18.3,0,1,1,1.7,0.9,0.09,1.3,1.1,5,4,80.0,0.0,2.4,1.4,0.0,0.0,0.0,0.0,4,13,30.8,15,3,33.3,37.5,12,66.7,55.9,13,1,7.7,0,7.7,320,410,78.0,5987,2621,135,152,88.8,138,167,82.6,37,69,53.6,2,0.7,0.8,8,28,8,3,42,410,366,43,10,0,5,18,15,4,0,1,0,320,1,11,17,15,1,1,0,0,0,4,3,1,0,0,0,0,13,6,6,7,0,10,19,52.6,9,18,5,13,8,21,18,0,44.0,517,47,158,256,116,22,516,11,3,27.3,7,63.6,311,1426,711,12,10,3,18,4,313,42,2,0,0,13,7,1,18,8,6,0,0,0,49,12,11,52.2
2023-02-26,19:05,Liga MX,Clausura 2023 Regular Season,Sun,Away,L,2,3,Puebla,Santos,1.7,3.1,57,14662.0,Antony Silva,4-1-4-1,Brian Gonzalez,10,2,20.0,0.1,0.5,17.8,0,1,1,1.7,1.0,0.1,0.3,0.0,8,5,75.0,0.0,3.0,0.0,1.0,1.0,0.0,0.0,3,12,25.0,20,5,40.0,34.8,14,28.6,29.7,12,0,0.0,0,5.3,432,516,83.7,7369,2598,209,228,91.7,169,193,87.6,40,71,56.3,1,1.0,1.3,10,31,7,4,43,516,469,47,12,0,7,22,15,2,2,0,0,432,0,7,21,16,2,1,1,1,0,4,2,0,0,1,1,0,9,7,4,4,1,7,23,30.4,16,13,3,10,11,20,14,1,57.0,625,69,190,306,134,18,624,16,8,50.0,8,50.0,369,2098,969,24,10,6,14,6,428,43,4,1,0,12,11,0,22,11,7,1,1,0,42,13,6,68.4,18,7,38.9,0.11,0.29,17.5,0,1,1,3.1,2.3,0.13,-0.1,-0.3,3,1,66.7,0.0,1.3,-0.7,1.0,1.0,0.0,0.0,3,10,30.0,21,5,38.1,35.7,4,50.0,39.8,17,1,5.9,2,16.0,305,391,78.0,5698,2148,132,146,90.4,131,156,84.0,40,72,55.6,1,1.1,0.8,14,17,12,0,35,391,343,46,11,4,1,17,23,5,3,2,0,305,2,10,33,24,1,4,2,2,0,5,3,0,0,1,1,0,14,6,4,7,3,8,16,50.0,8,10,3,7,8,22,20,0,43.0,499,44,144,238,125,28,498,26,16,61.5,7,26.9,306,1721,897,20,17,5,16,2,303,35,1,0,0,11,11,2,17,8,6,1,1,0,48,6,13,31.6
2023-03-05,12:00,Liga MX,Clausura 2023 Regular Season,Sun,Away,W,4,2,Puebla,UNAM,2.6,2.1,58,11851.0,Antony Silva,5-4-1,César Arturo Ramos,20,9,45.0,0.2,0.44,19.2,0,0,0,2.6,2.6,0.13,1.4,1.4,5,3,60.0,0.0,2.9,0.9,0.0,0.0,0.0,0.0,2,6,33.3,13,3,38.5,31.5,12,8.3,19.8,9,0,0.0,1,10.5,473,560,84.5,8827,3026,217,232,93.5,196,216,90.7,53,90,58.9,4,2.5,1.1,16,39,8,3,43,560,505,50,8,0,14,30,20,7,5,2,0,473,5,5,32,20,3,1,4,2,2,8,6,0,0,1,0,1,22,15,8,12,2,14,22,63.6,8,7,2,5,5,27,17,0,58.0,666,54,220,317,136,24,666,18,9,50.0,8,44.4,398,1715,976,24,15,5,14,15,466,41,2,0,0,12,7,5,30,5,15,0,0,0,57,13,14,48.1,15,5,33.3,0.13,0.4,16.1,1,0,0,2.1,2.1,0.14,-0.1,-0.1,9,5,55.6,0.0,3.2,-0.8,0.0,0.0,0.0,0.0,7,14,50.0,31,6,35.5,33.2,9,33.3,39.6,19,2,10.5,2,18.6,318,401,79.3,6393,2864,126,137,92.0,142,168,84.5,46,84,54.8,1,1.9,1.6,12,30,5,1,33,401,349,51,16,5,4,16,16,5,3,2,0,318,1,6,28,21,6,0,0,1,0,4,4,0,0,0,0,0,23,13,8,14,1,8,17,47.1,9,7,4,3,5,28,24,1,42.0,517,67,171,261,90,15,517,24,8,33.3,14,58.3,273,1532,741,13,11,5,14,8,314,32,1,1,0,7,11,1,16,5,13,0,0,0,48,14,13,51.9
2023-03-10,21:05,Liga MX,Clausura 2023 Regular Season,Fri,Home,W,1,0,Puebla,Guadalajara,1.1,1.7,40,30132.0,Antony Silva,5-4-1,Oscar Mejia,8,2,25.0,0.13,0.5,25.0,1,0,0,1.1,1.1,0.14,-0.1,-0.1,2,2,100.0,1.0,0.2,0.2,0.0,0.0,0.0,0.0,6,16,37.5,21,3,47.6,42.1,17,35.3,27.9,34,1,2.9,0,5.5,266,376,70.7,5347,2499,106,124,85.5,110,137,80.3,42,91,46.2,1,0.3,0.1,5,13,2,1,19,376,329,47,7,0,7,9,20,2,1,0,0,266,0,10,13,10,0,1,1,1,0,1,1,0,0,0,0,0,18,10,13,5,0,11,28,39.3,17,21,9,12,12,30,37,0,40.0,511,93,274,184,60,4,511,10,6,60.0,4,40.0,234,1217,565,8,12,1,16,7,262,19,4,0,0,10,8,0,9,12,10,0,0,0,57,15,16,48.4,19,2,10.5,0.0,0.0,18.5,1,0,0,1.7,1.7,0.09,-1.7,-1.7,2,1,50.0,0.0,0.2,-0.8,0.0,0.0,0.0,0.0,2,6,33.3,29,8,13.8,30.4,8,25.0,34.5,6,0,0.0,4,23.6,451,570,79.1,8459,2909,169,185,91.4,199,234,85.0,64,111,57.7,0,1.6,1.5,17,43,15,7,59,570,501,68,10,0,4,42,41,7,3,1,0,451,1,14,37,28,3,3,0,2,1,0,0,0,0,0,0,0,11,4,2,8,1,4,10,40.0,6,9,0,9,5,16,8,0,60.0,677,43,144,313,227,31,677,29,18,62.1,11,37.9,337,2254,1306,29,21,2,18,7,447,59,1,0,0,8,10,1,42,5,4,0,0,0,57,16,15,51.6
2023-03-17,19:00,Liga MX,Clausura 2023 Regular Season,Fri,Home,L,0,4,Puebla,Atlas,1.0,0.9,51,15711.0,Antony Silva,5-3-2,Óscar Macias,14,6,42.9,0.0,0.0,21.7,0,0,0,1.0,1.0,0.07,-1.0,-1.0,5,2,20.0,0.0,1.4,-1.6,0.0,0.0,0.0,0.0,4,8,50.0,18,4,33.3,34.4,8,25.0,28.5,5,0,0.0,2,25.3,442,523,84.5,8467,3014,175,194,90.2,210,238,88.2,53,80,66.3,0,0.9,0.8,12,40,3,2,33,523,479,44,12,0,4,14,16,3,3,0,0,442,0,6,21,17,2,0,0,2,0,0,0,0,0,0,0,0,7,5,3,4,0,1,10,10.0,9,10,2,8,10,17,5,0,51.0,625,50,155,380,95,13,625,12,4,33.3,8,66.7,373,1542,744,14,12,4,15,7,434,33,3,0,0,11,11,0,14,10,5,0,0,1,46,15,15,50.0,11,5,45.5,0.27,0.6,17.4,2,0,0,0.9,0.9,0.09,2.1,2.1,6,6,100.0,1.0,1.3,1.3,0.0,0.0,0.0,0.0,7,18,38.9,30,4,36.7,35.7,14,50.0,40.3,14,0,0.0,0,,411,506,81.2,7411,2776,196,206,95.1,158,188,84.0,50,88,56.8,0,0.5,0.3,8,20,7,1,24,506,467,37,8,2,7,6,12,2,1,1,0,411,2,8,22,17,1,1,1,2,0,6,4,0,0,0,2,0,15,7,6,6,3,8,12,66.7,4,8,2,6,13,28,12,1,49.0,594,64,181,350,73,10,594,10,9,90.0,1,10.0,241,1327,660,11,11,1,8,6,408,24,0,0,0,11,10,2,6,13,7,0,0,0,41,15,15,50.0
2023-03-31,21:00,Liga MX,Clausura 2023 Regular Season,Fri,Away,W,2,0,Puebla,FC Juárez,1.3,0.9,47,12138.0,Federico Mancuello,3-4-3,Diego Montaño,8,2,25.0,0.13,0.5,27.1,0,1,1,1.3,0.5,0.06,0.7,0.5,4,4,100.0,1.0,0.7,0.7,0.0,0.0,0.0,0.0,4,14,28.6,40,5,20.0,26.4,9,77.8,55.6,25,1,4.0,3,14.2,369,464,79.5,7363,2721,136,155,87.7,186,213,87.3,46,84,54.8,1,0.4,0.2,7,22,2,0,24,464,416,48,19,0,12,8,18,1,1,0,0,369,0,6,14,11,0,1,1,0,1,3,3,0,0,0,0,0,18,10,10,7,1,4,13,30.8,9,10,4,6,7,25,30,0,47.0,571,81,239,261,75,7,570,15,4,26.7,9,60.0,279,1487,713,9,13,2,11,7,365,24,4,0,0,12,15,0,8,7,10,0,0,0,56,8,13,38.1,15,4,26.7,0.0,0.0,20.7,0,0,0,0.9,0.9,0.06,-0.9,-0.9,3,1,66.7,0.0,1.9,-0.1,1.0,1.0,0.0,0.0,7,9,77.8,18,3,33.3,31.6,5,60.0,48.2,4,0,0.0,1,16.0,414,516,80.2,8071,3242,178,201,88.6,177,206,85.9,57,93,61.3,0,0.6,0.6,10,56,6,5,50,516,457,57,12,1,6,31,28,9,5,4,0,414,2,10,29,20,4,2,1,2,0,0,0,0,0,0,0,0,16,13,2,12,2,9,13,69.2,4,7,2,5,9,25,9,0,53.0,608,25,124,316,170,17,608,16,9,56.3,4,25.0,306,1642,795,17,14,4,15,14,411,50,4,0,0,18,11,2,31,9,13,0,1,0,58,13,8,61.9
2023-04-07,20:05,Liga MX,Clausura 2023 Regular Season,Fri,Home,L,1,2,Puebla,Toluca,1.1,1.9,46,21500.0,Antony Silva,3-4-3,Ismael Lopez,21,9,42.9,0.05,0.11,21.5,0,0,0,1.1,1.1,0.05,-0.1,-0.1,4,2,75.0,0.0,2.2,0.2,1.0,1.0,0.0,0.0,1,5,20.0,13,4,38.5,33.6,8,0.0,16.8,5,0,0.0,1,10.0,436,515,84.7,8176,2794,192,206,93.2,181,206,87.9,56,84,66.7,1,0.9,0.8,14,46,9,6,44,515,466,47,12,0,9,28,21,3,3,0,0,436,2,7,36,28,3,0,4,0,1,2,2,0,0,0,0,0,16,8,11,4,1,9,21,42.9,12,7,1,6,12,28,9,0,46.0,621,50,163,300,161,17,621,14,6,42.9,8,57.1,348,1772,964,17,14,0,17,6,434,44,4,0,0,11,9,2,28,12,8,0,1,0,46,11,5,68.8,9,3,33.3,0.11,0.33,17.5,0,1,1,1.9,1.2,0.13,0.1,-0.2,9,8,88.9,0.0,2.4,1.4,0.0,0.0,0.0,0.0,10,21,47.6,31,3,48.4,44.6,8,75.0,57.5,21,0,0.0,0,8.5,520,595,87.4,9262,3334,275,292,94.2,190,209,90.9,52,82,63.4,0,1.0,0.8,7,28,7,1,28,595,556,37,11,2,5,6,12,4,0,1,0,520,2,6,17,12,1,2,1,1,0,4,3,0,0,0,1,0,14,7,4,7,3,8,14,57.1,6,6,2,4,11,25,21,0,54.0,699,65,213,373,119,21,698,24,12,50.0,9,37.5,382,1934,794,14,16,4,14,7,514,25,5,0,0,10,10,2,6,11,7,1,0,0,47,5,11,31.3
2023-04-14,20:05,Liga MX,Clausura 2023 Regular Season,Fri,Away,D,1,1,Puebla,Necaxa,1.7,0.8,46,11161.0,Antony Silva,3-4-3,Adonai Escobedo,18,1,5.6,0.06,1.0,20.9,1,0,0,1.7,1.7,0.09,-0.7,-0.7,5,5,80.0,0.0,0.8,0.8,0.0,0.0,0.0,0.0,7,14,50.0,19,7,52.6,44.1,13,38.5,34.5,28,2,7.1,0,7.0,310,406,76.4,5823,2649,139,160,86.9,120,141,85.1,42,79,53.2,1,1.6,1.0,16,32,12,4,40,406,359,43,11,3,5,15,16,1,0,1,0,310,4,9,31,28,1,1,0,1,0,2,2,0,0,0,0,0,18,10,11,7,0,11,19,57.9,8,11,2,9,8,26,40,0,46.0,548,80,206,243,110,20,548,23,12,52.2,10,43.5,293,1747,977,22,9,3,16,7,306,40,2,0,0,18,7,4,15,8,10,0,0,1,59,23,18,56.1,15,5,33.3,0.0,0.0,17.3,0,0,0,0.8,0.8,0.05,-0.8,-0.8,1,0,0.0,0.0,0.8,-0.2,0.0,0.0,0.0,0.0,6,11,54.5,34,6,17.6,29.4,15,33.3,42.1,11,1,9.1,2,17.8,360,476,75.6,7621,3453,119,144,82.6,156,180,86.7,74,123,60.2,0,0.8,0.7,13,27,10,7,41,476,406,68,22,0,10,31,22,7,2,4,0,360,2,11,25,18,4,1,0,2,0,0,0,0,0,0,0,0,17,11,2,12,3,10,22,45.5,12,10,3,7,7,24,13,0,54.0,590,63,187,271,137,18,590,21,8,38.1,11,52.4,261,1704,937,25,11,3,19,7,352,39,2,0,0,10,15,2,31,7,11,0,0,0,52,18,23,43.9
2023-04-20,21:05,Liga MX,Clausura 2023 Regular Season,Thu,Away,L,0,1,Puebla,UANL,0.4,3.0,45,32737.0,Antony Silva,3-4-3,Erick Miranda,11,2,18.2,0.0,0.0,24.1,0,0,0,0.4,0.4,0.04,-0.4,-0.4,6,5,100.0,0.0,2.8,1.8,1.0,1.0,0.0,0.0,5,14,35.7,21,8,33.3,31.7,15,46.7,39.4,16,1,6.3,0,4.5,348,446,78.0,6563,2532,154,169,91.1,124,145,85.5,58,105,55.2,0,0.4,0.4,9,24,6,1,36,446,391,53,13,0,9,21,20,3,1,2,0,348,2,7,18,14,3,1,0,0,0,0,0,0,0,0,0,0,13,8,7,6,0,5,11,45.5,6,7,4,3,10,23,20,0,45.0,549,70,195,267,94,14,549,14,5,35.7,8,57.1,258,1676,913,23,12,1,13,8,344,36,4,0,0,14,10,2,21,10,8,0,1,0,46,11,8,57.9,20,5,25.0,0.0,0.0,18.2,0,1,1,3.0,2.2,0.13,-2.0,-2.2,2,2,100.0,1.0,0.1,0.1,0.0,0.0,0.0,0.0,3,9,33.3,34,8,17.6,28.2,8,37.5,39.5,16,2,12.5,3,18.6,455,548,83.0,8109,3083,208,226,92.0,192,220,87.3,46,81,56.8,0,1.7,1.2,14,47,12,1,52,548,501,45,15,0,2,18,14,7,1,5,0,455,2,5,37,28,2,2,2,2,1,2,1,0,0,0,1,0,16,10,9,5,2,8,13,61.5,5,5,2,3,9,25,22,1,55.0,644,56,183,317,148,24,643,12,6,50.0,5,41.7,378,2138,1246,27,8,2,13,8,451,52,2,0,0,11,14,2,18,9,10,1,0,0,53,8,11,42.1
2023-04-29,18:00,Liga MX,Clausura 2023 Regular Season,Sat,Home,W,5,2,Puebla,Tijuana,2.0,0.8,55,15001.0,Antony Silva,3-4-3,Diego Montaño,24,10,41.7,0.17,0.4,25.5,2,1,1,2.0,1.2,0.05,3.0,2.8,4,3,50.0,0.0,0.9,-0.1,0.0,0.0,0.0,0.0,5,8,62.5,11,2,54.5,44.0,10,30.0,33.0,19,0,0.0,2,21.5,364,445,81.8,7751,3175,124,144,86.1,175,196,89.3,63,97,64.9,4,1.0,1.2,18,33,8,1,41,445,396,48,11,0,11,25,16,8,6,2,0,364,1,7,45,33,3,2,3,3,1,10,8,1,0,0,1,0,11,8,5,5,1,4,14,28.6,10,9,5,4,10,21,20,0,55.0,554,61,163,237,155,18,553,15,9,60.0,6,40.0,255,1429,723,19,15,3,13,5,357,41,1,0,0,9,13,1,25,10,8,1,0,1,51,11,9,55.0,14,4,28.6,0.07,0.25,22.4,1,0,0,0.8,0.8,0.06,0.2,0.2,11,6,63.6,0.0,4.1,-0.9,1.0,1.0,0.0,0.0,8,13,61.5,24,4,33.3,35.4,13,38.5,42.7,18,0,0.0,1,11.5,281,364,77.2,5625,2681,97,113,85.8,129,150,86.0,42,71,59.2,1,0.6,0.5,8,28,6,4,40,364,309,53,9,0,4,24,19,6,2,3,0,281,2,7,23,9,7,2,3,2,0,2,1,1,0,0,0,0,11,4,4,4,3,6,15,40.0,9,10,4,6,8,19,22,0,45.0,476,71,167,197,116,22,476,14,10,71.4,4,28.6,200,921,465,5,12,2,18,7,275,40,2,0,0,13,9,2,24,8,4,0,1,0,52,9,11,45.0
2023-05-07,22:10,Liga MX,Reclassification,Sun,Away,L,0,1,Puebla,UANL,1.1,1.6,46,31233.0,Antony Silva,4-1-4-1,Marco Ortíz,12,2,16.7,0.0,0.0,23.8,0,0,1,1.1,0.5,0.04,-1.1,-0.5,9,8,88.9,0.0,2.0,1.0,0.0,0.0,0.0,0.0,5,13,38.5,24,7,41.7,37.0,11,27.3,29.9,13,1,7.7,1,11.8,349,459,76.0,6548,2543,154,172,89.5,130,157,82.8,54,93,58.1,0,0.4,0.3,10,29,5,1,24,459,409,49,9,0,5,18,21,6,1,5,0,349,1,14,22,15,2,4,1,0,0,0,0,0,0,0,0,0,15,9,5,9,1,8,16,50.0,8,11,6,5,4,19,17,0,46.0,559,69,190,270,107,13,558,20,16,80.0,4,20.0,298,1600,833,13,10,1,16,12,346,24,4,0,0,16,7,1,18,4,9,0,0,0,54,17,14,54.8,23,9,39.1,0.04,0.11,18.4,1,0,0,1.6,1.6,0.08,-0.6,-0.6,2,2,100.0,1.0,0.1,0.1,1.0,0.0,0.0,1.0,3,17,17.6,38,1,28.9,31.5,9,66.7,45.7,14,0,0.0,0,11.0,443,530,83.6,7247,2758,229,248,92.3,168,182,92.3,33,72,45.8,1,1.3,1.2,19,38,12,4,41,530,484,45,15,5,0,16,17,3,1,2,0,443,1,7,43,33,2,3,3,1,1,2,2,0,0,0,0,0,16,8,2,13,1,4,20,20.0,16,14,3,11,14,30,18,0,54.0,654,64,180,329,152,31,654,19,8,42.1,8,42.1,420,2387,1240,25,17,9,11,7,441,41,3,0,0,9,16,1,16,14,8,0,1,0,60,14,17,45.2
2022-07-03,17:00,Liga MX,Apertura 2022 Regular Season,Sun,Home,L,1,2,Atlético,León,1.1,2.6,56,10218.0,Javier Güemez,4-2-3-1,Fernando Hernández,10,2,20.0,0.0,0.0,15.7,0,0,0,1.1,1.1,0.11,-1.1,-1.1,8,6,75.0,0.0,2.3,0.3,0.0,0.0,0.0,0.0,2,3,66.7,9,2,11.1,24.9,8,25.0,27.1,7,0,0.0,0,4.5,378,486,77.8,7745,2790,152,169,89.9,161,200,80.5,62,98,63.3,0,0.8,0.8,7,37,7,2,47,486,421,62,12,0,12,32,32,7,2,3,0,378,3,7,17,11,2,2,0,2,0,0,0,0,0,0,0,0,8,4,5,1,2,5,11,45.5,6,4,2,2,8,16,11,0,56.0,553,39,134,260,164,25,553,18,7,38.9,11,61.1,292,1606,829,17,13,7,13,5,372,46,0,0,0,17,12,3,32,8,4,0,0,0,46,17,11,60.7,15,8,53.3,0.13,0.25,16.2,1,0,0,2.6,2.6,0.19,-0.6,-0.6,2,2,50.0,0.0,0.5,0.5,0.0,0.0,0.0,0.0,10,22,45.5,36,7,36.1,35.1,10,90.0,58.4,26,4,15.4,0,6.5,323,387,83.5,6527,2907,130,142,91.5,130,143,90.9,53,87,60.9,1,2.0,1.3,12,25,13,4,29,387,341,46,19,0,3,9,13,2,0,1,0,323,0,2,27,21,2,2,1,1,0,4,2,1,0,0,1,0,16,11,10,5,1,11,18,61.1,7,7,1,6,11,27,29,0,44.0,503,81,205,210,96,23,503,11,6,54.5,5,45.5,214,1173,594,7,8,2,16,3,317,29,1,0,0,12,17,0,9,11,11,0,0,1,41,11,17,39.3
2022-07-09,19:05,Liga MX,Apertura 2022 Regular Season,Sat,Away,W,1,0,Atlético,Guadalajara,0.5,1.1,36,18363.0,Javier Güemez,4-3-3,Oscar Mejia,4,1,25.0,0.25,1.0,15.8,0,0,0,0.5,0.5,0.14,0.5,0.5,4,4,100.0,1.0,0.3,0.3,0.0,0.0,0.0,0.0,4,20,20.0,14,7,35.7,38.8,16,93.8,57.4,19,1,5.3,0,9.0,182,291,62.5,3637,1634,73,88,83.0,66,93,71.0,37,92,40.2,1,0.5,0.4,4,15,5,0,19,291,240,51,16,0,3,10,14,4,0,3,0,182,0,6,8,6,0,2,0,0,0,2,1,0,1,0,0,0,13,8,8,2,3,10,14,71.4,4,10,7,3,9,22,26,0,36.0,397,65,149,177,76,7,397,22,10,45.5,12,54.5,157,994,525,6,11,3,14,6,176,18,1,0,0,8,15,0,10,9,8,0,0,0,43,21,17,55.3,19,4,21.1,0.0,0.0,20.7,1,0,0,1.1,1.1,0.06,-1.1,-1.1,1,0,0.0,0.0,0.8,-0.2,0.0,0.0,0.0,0.0,3,5,60.0,16,5,25.0,32.1,6,16.7,29.7,8,1,12.5,0,16.0,413,512,80.7,7498,2570,187,216,86.6,186,217,85.7,38,69,55.1,0,0.9,0.6,12,36,6,3,56,512,477,34,7,0,6,22,17,3,1,2,0,413,1,4,29,25,0,1,2,1,0,0,0,0,0,0,0,0,18,10,4,11,3,12,22,54.5,10,7,1,6,6,24,11,0,64.0,619,35,140,309,174,20,619,14,4,28.6,10,71.4,408,2116,1280,30,23,4,14,3,405,55,2,0,0,15,7,1,22,6,10,0,0,0,50,17,21,44.7
2022-07-17,17:00,Liga MX,Apertura 2022 Regular Season,Sun,Home,L,0,1,Atlético,Monterrey,0.8,1.7,37,14842.0,Javier Güemez,4-4-2,Fernando Guerrero,12,1,8.3,0.0,0.0,24.1,1,0,0,0.8,0.8,0.07,-0.8,-0.8,5,4,100.0,0.0,1.5,0.5,1.0,1.0,0.0,0.0,2,9,22.2,11,3,18.2,30.1,14,50.0,47.4,10,0,0.0,0,,212,305,69.5,4119,1752,77,96,80.2,97,121,80.2,30,69,43.5,0,0.6,0.6,8,15,4,1,22,305,250,54,15,1,6,13,19,4,2,2,0,212,1,5,20,15,1,2,1,1,0,0,0,0,0,0,0,0,12,5,10,1,1,6,8,75.0,2,13,3,10,9,21,17,0,37.0,407,46,141,198,74,6,407,21,7,33.3,12,57.1,199,1275,700,13,9,0,10,4,210,22,4,0,0,8,15,1,13,9,5,0,1,0,42,11,20,35.5,18,4,22.2,0.0,0.0,24.1,0,1,1,1.7,1.0,0.06,-0.7,-1.0,1,1,100.0,1.0,0.0,0.0,0.0,0.0,0.0,0.0,6,11,54.5,19,1,47.4,39.5,6,33.3,34.3,13,1,7.7,1,14.2,431,517,83.4,8128,2733,185,202,91.6,187,205,91.2,52,82,63.4,0,0.7,0.4,15,42,2,0,58,517,478,38,8,2,5,17,19,4,1,2,0,431,1,16,33,26,4,0,2,0,1,1,0,0,0,1,0,0,16,10,8,6,2,12,19,63.2,7,8,3,5,8,24,17,0,63.0,623,40,148,309,171,10,622,9,2,22.2,6,66.7,321,1849,969,17,23,1,18,6,425,56,4,0,0,15,6,1,17,8,10,0,0,0,52,20,11,64.5
2022-07-22,18:00,Liga MX,Apertura 2022 Regular Season,Fri,Away,D,1,1,Atlético,Mazatlán,1.8,2.5,41,8756.0,Javier Güemez,4-3-3,Ismael Lopez,22,11,50.0,0.05,0.09,16.8,1,0,0,1.8,1.8,0.09,-0.8,-0.8,4,3,100.0,0.0,1.7,0.7,1.0,1.0,0.0,0.0,4,10,40.0,10,5,50.0,38.7,11,54.5,46.1,21,1,4.8,0,6.0,266,364,73.1,5514,2358,93,108,86.1,102,126,81.0,57,93,61.3,1,1.4,1.1,15,29,5,2,22,364,303,60,12,2,8,24,23,12,3,9,0,266,1,15,40,26,4,1,6,1,2,2,1,1,0,0,0,0,18,11,8,9,1,5,15,33.3,10,12,5,7,12,30,21,0,41.0,491,59,169,208,119,26,491,15,11,73.3,4,26.7,243,1304,558,12,6,7,11,11,262,22,5,0,0,11,10,1,24,12,11,0,1,0,51,13,10,56.5,18,3,16.7,0.0,0.0,20.3,1,1,1,2.5,1.7,0.1,-1.5,-1.7,11,10,90.9,0.0,2.2,1.2,0.0,0.0,0.0,0.0,1,3,33.3,13,3,23.1,28.8,8,0.0,23.3,23,0,0.0,2,14.2,429,518,82.8,8089,2892,157,175,89.7,214,242,88.4,52,79,65.8,0,1.6,1.3,14,40,6,1,52,518,468,49,10,0,1,26,21,8,0,7,0,429,1,9,32,20,6,1,3,2,0,2,1,0,0,0,1,0,15,10,3,11,1,4,15,26.7,11,18,3,15,12,27,25,0,59.0,662,66,190,313,166,19,661,18,10,55.6,5,27.8,371,2122,1030,21,9,2,17,13,425,51,2,0,0,12,11,1,26,12,10,1,0,0,56,10,13,43.5
2022-07-26,21:05,Liga MX,Apertura 2022 Regular Season,Tue,Home,D,0,0,Atlético,Cruz Azul,1.3,0.5,48,17628.0,Javier Güemez,4-4-2,Adonai Escobedo,9,4,44.4,0.0,0.0,16.4,0,0,0,1.3,1.3,0.14,-1.3,-1.3,1,1,100.0,1.0,0.4,0.4,0.0,0.0,0.0,0.0,5,10,50.0,14,3,42.9,36.9,10,50.0,46.9,15,1,6.7,2,17.6,307,411,74.7,5715,2376,142,157,90.4,125,147,85.0,37,87,42.5,0,0.7,1.3,6,33,6,3,36,411,349,62,17,3,6,28,26,8,5,0,0,307,0,10,16,12,1,0,1,0,2,0,0,0,0,0,0,0,8,5,6,1,1,4,9,44.4,5,6,0,6,11,19,21,0,48.0,500,43,164,224,120,18,500,12,7,58.3,5,41.7,244,1535,674,9,9,4,17,11,299,36,3,0,0,14,13,0,28,11,5,0,0,0,41,12,15,44.4,7,1,14.3,0.0,0.0,17.5,0,0,0,0.5,0.5,0.07,-0.5,-0.5,4,4,100.0,1.0,1.0,1.0,0.0,0.0,0.0,0.0,5,10,50.0,18,1,27.8,36.2,14,35.7,38.5,20,0,0.0,2,15.2,349,452,77.2,7093,2763,118,141,83.7,184,210,87.6,43,80,53.8,0,0.5,0.7,7,30,7,4,41,452,397,53,14,3,2,18,19,5,2,3,0,349,2,6,12,9,1,1,0,1,0,0,0,0,0,0,0,0,16,9,6,10,0,5,12,41.7,7,12,3,9,5,21,16,0,52.0,542,63,183,253,111,14,542,10,5,50.0,4,40.0,312,1315,637,7,5,2,16,4,344,41,5,0,0,15,11,2,18,5,9,0,0,0,47,15,12,55.6
2022-07-30,21:05,Liga MX,Apertura 2022 Regular Season,Sat,Away,D,0,0,Atlético,Puebla,0.7,1.8,35,12860.0,Javier Güemez,4-3-3,Marco Ortíz,10,4,40.0,0.0,0.0,21.9,0,0,0,0.7,0.7,0.07,-0.7,-0.7,2,2,100.0,1.0,0.1,0.1,0.0,0.0,0.0,0.0,2,16,12.5,13,2,38.5,37.1,17,64.7,46.7,27,0,0.0,0,4.0,229,321,71.3,4354,1982,85,108,78.7,107,128,83.6,30,66,45.5,0,0.6,0.4,7,18,6,2,28,321,271,49,15,1,3,7,15,1,0,0,0,229,1,9,16,12,2,0,1,1,0,0,0,0,0,0,0,0,16,9,13,3,0,12,16,75.0,4,19,12,7,10,26,38,0,35.0,454,93,196,204,59,9,454,10,5,50.0,3,30.0,202,1249,614,8,8,2,16,6,229,28,3,0,0,10,13,1,7,10,9,0,0,0,40,16,14,53.3,28,2,7.1,0.0,0.0,19.7,1,0,0,1.8,1.8,0.07,-1.8,-1.8,4,4,100.0,1.0,0.4,0.4,0.0,0.0,0.0,0.0,2,4,50.0,21,5,19.0,29.8,7,0.0,21.7,7,0,0.0,1,12.0,484,593,81.6,8574,3140,227,255,89.0,202,234,86.3,49,81,60.5,0,1.2,1.4,17,30,15,3,61,593,541,50,9,1,5,33,26,7,5,1,0,484,2,11,42,23,5,1,6,5,2,0,0,0,0,0,0,0,9,5,4,4,1,3,8,37.5,5,10,1,9,10,19,6,0,65.0,691,39,145,323,228,37,691,17,4,23.5,12,70.6,444,2595,1462,27,25,5,8,4,477,61,1,0,0,13,10,2,33,10,5,0,0,0,48,14,16,46.7
2022-08-03,18:00,Liga MX,Apertura 2022 Regular Season,Wed,Away,D,1,1,Atlético,FC Juárez,1.0,0.9,32,12340.0,Javier Güemez,4-4-2,Óscar Macias,3,1,33.3,0.0,0.0,32.9,1,1,1,1.0,0.2,0.06,0.0,-0.2,5,4,80.0,0.0,1.2,0.2,0.0,0.0,0.0,0.0,9,21,42.9,17,4,76.5,49.6,9,88.9,59.7,29,1,3.4,0,9.0,151,230,65.7,3049,1630,60,81,74.1,62,85,72.9,24,56,42.9,0,0.1,0.2,2,12,1,0,15,230,186,43,15,0,5,6,15,2,0,2,0,151,1,2,7,5,0,0,0,2,0,1,0,0,0,0,1,0,10,7,4,6,0,5,11,45.5,6,7,4,3,6,16,23,0,32.0,311,61,134,150,29,3,310,7,5,71.4,2,28.6,149,733,409,7,2,2,7,6,148,15,1,0,0,17,14,1,6,6,7,1,0,0,39,11,10,52.4,17,5,29.4,0.06,0.2,20.4,1,0,0,0.9,0.9,0.05,0.1,0.1,2,1,100.0,0.0,1.4,0.4,1.0,1.0,0.0,0.0,3,4,75.0,12,3,33.3,34.4,1,0.0,37.0,5,0,0.0,0,,400,492,81.3,7889,2586,147,165,89.1,189,220,85.9,59,88,67.0,0,0.8,0.9,14,49,14,6,61,492,438,51,17,0,6,40,23,8,5,3,0,400,3,7,29,23,1,1,2,2,0,2,1,0,1,0,0,0,8,7,1,6,1,2,7,28.6,5,2,1,1,7,15,5,0,68.0,554,18,67,319,175,24,554,13,6,46.2,5,38.5,390,2252,1143,22,24,4,6,5,394,61,3,0,0,16,17,3,40,7,7,0,1,0,48,10,11,47.6
2022-08-07,16:00,Liga MX,Apertura 2022 Regular Season,Sun,Home,L,1,2,Atlético,Necaxa,0.5,0.7,58,9464.0,Javier Güemez,4-2-3-1,Eduardo Galván,12,3,25.0,0.0,0.0,18.8,0,0,0,0.5,0.5,0.04,-0.5,-0.5,4,2,50.0,0.0,1.3,-0.7,0.0,0.0,0.0,0.0,9,17,52.9,29,12,48.3,38.0,9,33.3,33.3,11,2,18.2,0,11.0,347,490,70.8,6679,2654,144,174,82.8,140,189,74.1,54,93,58.1,0,0.4,0.8,10,20,14,9,40,490,419,69,17,3,5,28,35,5,2,2,0,347,2,14,23,16,3,0,2,2,0,0,0,0,0,0,0,0,15,8,2,12,1,5,12,41.7,7,13,6,7,9,24,11,1,58.0,601,59,167,286,152,28,601,23,10,43.5,11,47.8,331,1939,956,26,25,4,17,13,344,40,1,0,0,9,15,2,28,9,8,0,0,0,46,25,31,44.6,12,4,33.3,0.17,0.5,19.4,0,0,0,0.7,0.7,0.06,1.3,1.3,3,3,66.7,0.0,1.2,1.2,0.0,0.0,0.0,0.0,8,25,32.0,27,2,55.6,42.4,12,83.3,60.7,23,2,8.7,1,13.7,239,358,66.8,4953,2246,95,116,81.9,96,136,70.6,41,85,48.2,1,0.3,0.3,8,20,5,1,20,358,301,55,11,1,8,14,27,3,0,2,0,239,2,7,18,14,2,0,1,1,0,2,2,0,0,0,0,0,24,12,8,15,1,11,21,52.4,10,15,2,13,10,34,29,0,42.0,491,63,179,226,89,11,491,14,7,50.0,5,35.7,187,1160,505,13,10,0,18,10,239,20,2,0,0,15,8,2,14,10,12,0,0,1,48,31,25,55.4
2022-08-11,21:00,Liga MX,Apertura 2022 Regular Season,Thu,Away,D,1,1,Atlético,Querétaro,1.7,1.8,48,,Marcelo Barovero,4-2-3-1,Erick Miranda,8,2,25.0,0.0,0.0,17.1,0,1,1,1.7,0.9,0.11,-0.7,-0.9,6,5,83.3,0.0,1.3,0.3,0.0,0.0,0.0,0.0,6,18,33.3,22,7,54.5,42.1,8,75.0,59.6,17,0,0.0,0,11.5,292,408,71.6,6015,2299,99,119,83.2,147,183,80.3,43,90,47.8,0,0.6,1.1,6,34,4,1,31,408,360,47,13,0,4,11,20,4,1,3,0,292,1,6,15,10,1,3,1,0,0,1,1,0,0,0,0,0,11,8,5,6,0,4,8,50.0,4,10,2,8,9,20,13,0,48.0,502,57,171,252,87,18,501,16,9,56.3,3,18.8,328,1758,734,14,6,7,17,3,291,31,0,0,0,10,12,1,11,9,8,0,0,0,41,13,23,36.1,16,6,37.5,0.06,0.17,14.6,0,0,0,1.8,1.8,0.11,-0.8,-0.8,3,2,100.0,0.0,1.4,0.4,1.0,1.0,0.0,0.0,11,17,64.7,29,3,37.9,33.5,9,66.7,49.3,8,1,12.5,1,9.8,337,443,76.1,7230,3123,112,132,84.8,159,190,83.7,60,98,61.2,1,1.5,1.6,13,32,9,5,38,443,385,57,10,0,6,22,29,7,2,4,0,337,1,9,30,23,4,1,1,0,1,2,1,1,0,0,0,0,6,4,2,4,0,3,12,25.0,9,5,1,4,10,16,18,0,52.0,536,51,167,247,125,24,536,10,4,40.0,4,40.0,264,1305,544,11,14,2,19,7,333,38,3,0,0,13,10,1,22,10,4,0,1,0,43,23,13,63.9
2022-08-18,21:05,Liga MX,Apertura 2022 Regular Season,Thu,Home,W,3,2,Atlético,UNAM,2.0,2.2,48,18148.0,Javier Güemez,4-3-3,Óscar Macias,10,4,40.0,0.2,0.5,24.3,2,1,1,2.0,1.3,0.13,1.0,0.7,7,5,85.7,0.0,2.1,0.1,1.0,1.0,0.0,0.0,5,15,33.3,24,7,50.0,40.2,5,60.0,46.0,18,1,5.6,0,11.5,252,349,72.2,5426,2407,88,107,82.2,110,131,84.0,52,98,53.1,2,1.2,1.0,8,31,5,1,29,349,301,47,17,2,6,13,19,3,1,2,0,252,1,8,20,15,0,1,0,3,1,6,5,0,0,0,1,0,8,6,2,6,0,7,10,70.0,3,9,4,5,10,18,18,0,48.0,461,59,155,218,97,14,460,24,10,41.7,12,50.0,194,1242,688,18,10,5,13,5,247,29,3,0,0,12,18,1,13,10,6,1,1,0,52,8,16,33.3,16,6,37.5,0.06,0.17,16.6,0,1,1,2.2,1.5,0.1,-0.2,-0.5,5,2,60.0,0.0,2.2,-0.8,1.0,1.0,0.0,0.0,6,14,42.9,25,6,32.0,34.0,10,60.0,45.3,9,0,0.0,1,20.0,258,374,69.0,5527,2756,71,103,68.9,142,172,82.6,43,82,52.4,1,1.4,1.1,13,23,5,1,33,374,310,61,11,1,2,21,27,9,1,8,0,258,3,7,25,15,5,0,4,1,0,2,0,0,0,2,0,0,17,12,9,7,1,12,22,54.5,10,10,3,7,8,25,9,0,52.0,471,45,170,198,110,30,470,11,3,27.3,7,63.6,160,1011,533,19,10,7,20,1,256,33,3,0,0,18,10,3,21,8,12,0,1,0,34,16,8,66.7
2022-08-21,17:00,Liga MX,Apertura 2022 Regular Season,Sun,Home,W,1,0,Atlético,Toluca,0.9,1.2,37,10808.0,Javier Güemez,4-3-3,Diego Montaño,15,4,26.7,0.07,0.25,20.7,1,0,0,0.9,0.9,0.06,0.1,0.1,4,4,100.0,1.0,0.9,0.9,0.0,0.0,0.0,0.0,11,21,52.4,17,7,47.1,43.6,13,100.0,66.2,16,1,6.3,1,13.0,217,301,72.1,4897,2116,91,108,84.3,75,97,77.3,48,83,57.8,1,0.8,0.7,9,25,7,2,27,301,247,51,10,0,10,20,19,8,0,7,0,217,3,5,22,10,3,2,4,2,1,1,0,0,0,1,0,0,17,10,10,6,1,7,20,35.0,13,7,2,5,10,27,18,0,37.0,401,56,129,165,112,20,401,18,7,38.9,9,50.0,182,1008,561,16,10,2,13,3,215,27,3,0,0,16,9,3,20,10,10,0,0,0,38,11,18,37.9,14,4,28.6,0.0,0.0,16.6,1,0,0,1.2,1.2,0.08,-1.2,-1.2,4,3,75.0,0.0,1.3,0.3,0.0,0.0,0.0,0.0,4,11,36.4,23,1,39.1,34.8,8,25.0,29.8,17,0,0.0,2,15.5,434,519,83.6,8435,2767,172,195,88.2,201,217,92.6,55,89,61.8,0,1.1,1.1,12,38,13,5,50,519,463,54,18,0,8,20,21,5,1,3,0,434,2,6,28,21,5,0,1,1,0,0,0,0,0,0,0,0,12,9,8,4,0,9,16,56.3,7,8,5,3,5,17,18,0,63.0,611,57,173,300,146,27,611,24,13,54.2,7,29.2,385,1797,906,16,18,4,13,10,426,49,1,0,0,9,14,2,20,5,9,0,0,0,50,18,11,62.1
2022-08-28,19:05,Liga MX,Apertura 2022 Regular Season,Sun,Away,L,1,4,Atlético,Santos,0.2,2.9,52,12053.0,Javier Güemez,4-3-3,Fernando Guerrero,7,4,57.1,0.14,0.25,25.7,1,0,0,0.2,0.2,0.03,0.8,0.8,8,4,62.5,0.0,3.0,-1.0,1.0,1.0,0.0,0.0,6,15,40.0,13,2,53.8,40.7,13,61.5,46.4,13,0,0.0,1,27.0,330,426,77.5,6760,2330,122,140,87.1,146,167,87.4,57,94,60.6,1,0.2,0.7,5,31,4,2,30,426,379,46,9,0,9,16,14,5,3,1,0,330,1,10,11,9,0,0,0,1,1,2,2,0,0,0,0,0,15,8,7,7,1,6,17,35.3,11,9,3,6,9,24,19,0,52.0,530,59,167,226,141,13,530,16,7,43.8,8,50.0,246,1270,662,15,13,3,9,6,328,30,2,0,0,10,7,1,16,9,8,0,1,0,48,12,13,48.0,22,7,31.8,0.14,0.43,20.5,2,1,1,2.9,2.2,0.1,1.1,0.8,4,3,75.0,0.0,0.7,-0.3,0.0,0.0,0.0,0.0,3,10,30.0,22,4,31.8,36.0,5,60.0,39.8,12,0,0.0,0,11.0,320,396,80.8,6256,2813,143,157,91.1,125,143,87.4,47,77,61.0,2,1.4,0.8,14,36,9,1,45,396,355,38,8,2,5,16,18,5,1,4,0,320,3,6,39,25,2,5,3,3,1,7,3,1,0,2,1,0,14,10,4,7,3,8,15,53.3,7,8,1,7,17,31,23,0,48.0,523,63,155,245,131,28,522,21,11,52.4,6,28.6,276,1507,814,19,9,6,14,9,318,45,1,0,0,7,10,3,16,17,10,1,0,0,54,13,12,52.0
2022-09-01,19:00,Liga MX,Apertura 2022 Regular Season,Thu,Home,D,0,0,Atlético,Tijuana,0.3,0.9,44,9723.0,Javier Güemez,4-4-2,Daniel Quintero,6,1,16.7,0.0,0.0,24.4,2,0,0,0.3,0.3,0.05,-0.3,-0.3,3,3,100.0,1.0,0.3,0.3,0.0,0.0,0.0,0.0,7,20,35.0,25,7,48.0,40.3,11,72.7,52.1,23,1,4.3,2,16.3,269,364,73.9,5046,2058,114,131,87.0,123,149,82.6,28,66,42.4,0,0.2,0.2,3,25,3,0,30,364,313,50,15,1,2,7,22,1,0,1,0,269,1,6,11,6,1,1,1,2,0,0,0,0,0,0,0,0,9,4,3,6,0,6,13,46.2,7,8,4,4,7,16,39,0,44.0,476,70,178,215,84,7,476,15,4,26.7,7,46.7,246,1439,843,14,10,1,15,5,267,30,3,1,0,7,13,1,7,7,4,0,0,0,42,15,21,41.7,14,3,21.4,0.0,0.0,18.1,0,0,0,0.9,0.9,0.07,-0.9,-0.9,1,1,100.0,1.0,0.2,0.2,0.0,0.0,0.0,0.0,5,16,31.3,24,7,33.3,36.0,13,61.5,53.2,6,1,16.7,0,12.0,347,457,75.9,6332,2805,170,195,87.2,129,156,82.7,38,81,46.9,0,0.9,0.9,13,37,16,6,55,457,398,56,8,1,5,33,26,8,3,4,0,347,3,9,28,25,1,1,0,0,1,0,0,0,0,0,0,0,12,8,6,6,0,7,11,63.6,4,7,1,6,6,18,5,0,56.0,546,49,114,257,181,23,546,16,7,43.8,6,37.5,338,1581,862,22,18,2,12,3,346,54,2,0,0,14,7,3,33,6,8,0,0,0,48,21,15,58.3
2022-09-06,21:05,Liga MX,Apertura 2022 Regular Season,Tue,Away,L,0,3,Atlético,América,0.6,2.4,40,20410.0,Marcelo Barovero,4-4-2,Victor Caceres,9,3,33.3,0.0,0.0,24.6,0,0,0,0.6,0.6,0.06,-0.6,-0.6,7,3,57.1,0.0,3.5,0.5,1.0,0.0,1.0,0.0,7,17,41.2,15,3,40.0,40.7,12,91.7,60.2,20,2,10.0,0,10.5,253,331,76.4,4793,2077,111,129,86.0,104,124,83.9,30,56,53.6,0,0.5,0.6,8,19,7,3,27,331,288,43,13,1,1,13,11,3,0,2,0,253,0,9,17,15,0,1,1,0,0,0,0,0,0,0,0,0,16,10,5,8,3,7,8,87.5,1,13,9,4,8,24,21,0,40.0,431,73,134,191,108,11,431,12,6,50.0,3,25.0,189,1025,590,14,11,0,10,9,251,27,4,0,0,14,11,0,13,8,10,0,1,0,35,11,16,40.7,19,6,31.6,0.16,0.5,16.6,2,0,1,2.4,1.6,0.08,0.6,1.4,3,3,100.0,1.0,0.4,0.4,0.0,0.0,0.0,0.0,2,5,40.0,19,3,15.8,30.3,8,25.0,30.1,7,0,0.0,0,14.0,416,496,83.9,8304,3030,148,163,90.8,197,222,88.7,64,96,66.7,2,1.2,1.2,11,31,16,3,45,496,445,49,11,2,3,23,21,8,3,4,0,416,2,5,34,22,4,1,2,5,0,5,4,0,0,1,0,0,12,7,4,5,3,3,9,33.3,6,9,2,7,7,19,11,0,60.0,595,48,162,302,134,30,594,12,1,8.3,7,58.3,297,1572,803,18,14,5,15,9,414,45,2,0,0,11,14,2,23,7,7,1,0,0,41,16,11,59.3
2022-09-11,18:05,Liga MX,Apertura 2022 Regular Season,Sun,Away,W,3,1,Atlético,Atlas,0.6,1.0,48,10308.0,Javier Güemez,4-4-2,Oscar Mejia,10,4,40.0,0.3,0.75,14.2,0,0,0,0.6,0.6,0.06,2.4,2.4,3,2,66.7,0.0,0.2,-0.8,0.0,0.0,0.0,0.0,6,9,66.7,16,5,25.0,29.3,9,55.6,51.1,16,1,6.3,0,5.5,293,401,73.1,5699,2202,113,134,84.3,150,182,82.4,30,68,44.1,3,0.5,0.5,8,28,5,4,29,401,353,47,14,3,2,22,18,4,0,3,0,293,1,2,18,12,1,3,0,1,1,6,4,1,1,0,0,0,14,7,5,5,4,2,8,25.0,6,9,4,5,3,17,18,0,48.0,488,46,155,242,98,13,488,14,9,64.3,5,35.7,290,1639,808,15,10,6,14,12,291,28,1,0,0,10,11,1,22,3,7,0,0,0,44,24,13,64.9,15,3,20.0,0.07,0.33,22.0,0,0,0,1.0,1.0,0.07,0.0,0.0,4,1,25.0,0.0,1.3,-1.7,0.0,0.0,0.0,0.0,1,11,9.1,25,6,32.0,32.7,6,50.0,42.7,20,0,0.0,0,14.0,342,436,78.4,6824,2372,115,126,91.3,173,195,88.7,47,98,48.0,0,1.0,0.6,12,26,4,3,23,436,393,41,11,0,5,18,16,4,1,3,0,342,2,6,25,21,2,0,1,1,0,1,0,0,0,1,0,0,17,14,5,11,1,5,14,35.7,9,3,1,2,10,27,22,0,52.0,544,45,205,258,84,8,544,11,6,54.5,2,18.2,323,1336,536,9,8,1,11,12,336,23,2,0,0,12,10,2,18,10,14,0,0,0,47,13,24,35.1
2022-09-18,21:00,Liga MX,Apertura 2022 Regular Season,Sun,Home,L,1,2,Atlético,Pachuca,0.9,1.5,39,9094.0,Marcelo Barovero,4-4-2,Luis Santander,8,1,12.5,0.13,1.0,13.0,0,0,0,0.9,0.9,0.12,0.1,0.1,10,8,80.0,0.0,1.7,-0.3,0.0,0.0,0.0,0.0,4,23,17.4,14,1,85.7,57.9,14,85.7,61.4,6,0,0.0,0,6.0,238,349,68.2,4788,1884,93,112,83.0,104,135,77.0,39,88,44.3,1,0.9,1.1,5,27,6,1,25,349,288,59,18,1,2,15,22,2,2,0,0,238,2,8,14,11,1,0,0,2,0,2,2,0,0,0,0,0,21,14,10,11,0,13,20,65.0,7,15,4,11,13,34,15,0,39.0,477,46,164,240,80,15,477,12,2,16.7,9,75.0,230,1094,491,10,3,2,19,13,235,25,1,0,0,11,16,2,15,13,14,0,0,0,52,14,22,38.9,23,10,43.5,0.09,0.2,23.2,0,0,0,1.5,1.5,0.07,0.5,0.5,1,0,0.0,0.0,0.7,-0.3,0.0,0.0,0.0,0.0,5,10,50.0,8,3,25.0,35.8,9,88.9,61.0,11,2,18.2,0,13.7,444,551,80.6,8653,3063,150,179,83.8,239,262,91.2,44,76,57.9,1,1.0,0.6,16,35,10,2,49,551,491,59,13,0,10,14,30,5,1,1,0,444,1,15,35,24,3,3,4,0,1,2,1,0,1,0,0,0,22,14,6,15,1,9,11,81.8,2,9,2,7,16,38,21,0,61.0,692,34,127,424,148,20,692,22,7,31.8,13,59.1,309,1655,773,17,16,2,17,8,436,49,3,0,0,17,10,1,14,16,14,0,0,0,57,22,14,61.1
2022-10-01,17:00,Liga MX,Apertura 2022 Regular Season,Sat,Home,L,0,3,Atlético,UANL,0.3,0.8,41,20860.0,Marcelo Barovero,4-3-3,Oscar Mejia,9,4,44.4,0.0,0.0,25.1,2,0,0,0.3,0.3,0.04,-0.3,-0.3,11,8,72.7,0.0,1.8,-1.2,0.0,0.0,0.0,0.0,4,10,40.0,17,3,41.2,35.5,5,60.0,38.2,11,0,0.0,0,9.8,227,312,72.8,4207,1943,85,111,76.6,101,117,86.3,31,65,47.7,0,0.2,0.3,6,18,4,1,24,312,269,42,9,0,1,11,23,1,0,1,0,227,1,5,17,10,1,1,0,2,3,0,0,0,0,0,0,0,25,16,9,14,2,8,14,57.1,6,10,1,9,9,34,12,0,41.0,418,43,141,207,74,8,418,9,4,44.4,4,44.4,176,1134,514,11,9,2,14,8,221,24,3,0,0,11,10,1,11,9,16,0,0,0,47,12,13,48.0,17,11,64.7,0.18,0.27,22.3,1,0,0,0.8,0.8,0.04,2.2,2.2,4,4,100.0,1.0,0.6,0.6,0.0,0.0,0.0,0.0,2,10,20.0,26,1,26.9,31.6,11,27.3,29.5,8,0,0.0,0,16.0,350,444,78.8,7076,2717,127,147,86.4,172,201,85.6,49,79,62.0,2,0.5,0.4,14,28,10,4,37,444,385,58,11,0,8,23,30,5,3,1,0,350,1,10,30,24,1,1,1,1,2,5,4,0,0,1,0,0,12,8,4,7,1,4,8,50.0,4,5,1,4,2,14,12,0,59.0,537,46,145,279,116,15,537,15,6,40.0,8,53.3,251,1240,683,16,9,1,17,17,346,37,5,0,0,11,11,1,23,2,8,0,0,0,52,13,12,52.0
2023-01-06,19:00,Liga MX,Clausura 2023 Regular Season,Fri,Away,W,3,2,Atlético,Necaxa,1.7,0.5,45,12415.0,Unai Bilbao,4-4-2,Fernando Hernández,14,6,42.9,0.21,0.5,19.1,0,0,0,1.7,1.7,0.12,1.3,1.3,6,4,66.7,0.0,0.5,-1.5,0.0,0.0,0.0,0.0,4,10,40.0,11,3,45.5,34.3,6,83.3,42.0,18,0,0.0,0,,307,408,75.2,5887,2395,107,126,84.9,156,191,81.7,39,75,52.0,2,1.2,0.6,9,31,11,5,40,408,361,46,14,1,3,21,16,7,3,2,0,307,1,7,21,15,2,0,2,1,1,4,3,0,0,0,1,0,13,5,4,8,1,5,13,38.5,8,7,3,4,10,23,25,0,45.0,526,42,171,238,121,19,526,21,7,33.3,10,47.6,249,1485,603,12,13,5,13,12,305,40,1,0,0,9,12,1,21,10,5,0,0,0,56,19,22,46.3,12,6,50.0,0.17,0.33,17.6,0,0,0,0.5,0.5,0.04,1.5,1.5,6,3,50.0,0.0,1.4,-1.6,0.0,0.0,0.0,0.0,8,15,53.3,38,6,28.9,30.5,5,80.0,54.0,18,2,11.1,1,14.8,407,507,80.3,7726,2879,160,183,87.4,190,216,88.0,50,89,56.2,1,0.4,0.4,8,25,3,1,31,507,454,52,10,0,2,24,27,6,1,4,0,407,1,7,22,16,3,0,2,1,0,3,2,0,0,1,0,0,22,12,8,12,2,10,17,58.8,7,10,3,7,15,37,14,1,55.0,628,62,200,322,113,15,628,16,8,50.0,5,31.3,363,1837,853,12,14,3,25,8,402,30,2,0,0,13,9,1,24,15,12,0,0,0,54,22,19,53.7
2023-01-13,19:05,Liga MX,Clausura 2023 Regular Season,Fri,Home,D,0,0,Atlético,Guadalajara,0.5,0.5,31,22117.0,Javier Güemez,4-4-2,Daniel Quintero,4,1,25.0,0.0,0.0,13.7,0,0,0,0.5,0.5,0.14,-0.5,-0.5,5,5,100.0,1.0,0.6,0.6,0.0,0.0,0.0,0.0,7,20,35.0,11,0,90.9,50.7,12,83.3,54.8,30,0,0.0,0,,177,276,64.1,3434,1677,81,101,80.2,69,94,73.4,25,66,37.9,0,0.5,0.3,3,16,1,1,16,276,225,51,13,0,6,11,23,2,0,2,0,177,0,11,5,4,1,0,0,0,0,0,0,0,0,0,0,0,29,13,18,8,3,17,25,68.0,8,14,4,10,11,40,37,0,31.0,406,70,183,159,69,5,406,8,1,12.5,5,62.5,173,844,305,1,4,0,14,11,174,16,3,1,1,14,8,0,11,11,13,0,0,0,43,12,13,48.0,13,5,38.5,0.0,0.0,22.5,1,0,0,0.5,0.5,0.04,-0.5,-0.5,1,1,100.0,1.0,0.0,0.0,0.0,0.0,0.0,0.0,2,5,40.0,19,2,26.3,33.9,4,0.0,20.8,7,0,0.0,2,20.0,498,606,82.2,9747,3028,175,198,88.4,255,287,88.9,63,94,67.0,0,0.5,1.0,11,55,12,3,73,606,550,52,13,3,4,38,25,9,4,3,0,498,4,15,26,21,3,0,0,2,0,0,0,0,0,0,0,0,16,10,5,9,2,5,6,83.3,1,12,0,12,8,24,12,0,69.0,724,32,148,334,249,28,724,32,8,25.0,17,53.1,342,2102,1140,27,17,6,11,12,491,71,1,0,0,9,12,4,38,8,10,0,0,0,53,13,12,52.0
2023-01-21,17:06,Liga MX,Clausura 2023 Regular Season,Sat,Away,L,1,3,Atlético,Monterrey,1.3,2.4,54,40162.0,Unai Bilbao,4-3-1-2,Fernando Guerrero,9,3,33.3,0.11,0.33,17.7,0,0,0,1.3,1.3,0.14,-0.3,-0.3,3,0,0.0,0.0,1.6,-1.4,0.0,0.0,0.0,0.0,2,9,22.2,16,3,37.5,33.1,8,37.5,29.0,9,1,11.1,3,15.7,433,544,79.6,7732,2560,206,235,87.7,173,211,82.0,49,85,57.6,1,1.3,0.8,9,41,6,5,48,544,490,54,14,1,7,24,25,3,2,1,0,433,0,4,18,16,1,1,0,0,0,2,1,0,1,0,0,0,18,7,4,14,0,9,17,52.9,8,13,3,10,9,27,11,2,54.0,658,47,153,375,138,10,658,15,6,40.0,8,53.3,383,1986,997,20,12,0,14,14,427,48,1,0,0,16,8,0,24,9,7,0,0,0,47,11,15,42.3,15,3,20.0,0.2,1.0,16.8,1,0,0,2.4,2.4,0.18,0.6,0.6,3,2,66.7,0.0,1.1,0.1,0.0,0.0,0.0,0.0,12,28,42.9,43,2,51.2,37.7,11,54.5,42.3,20,0,0.0,0,,349,461,75.7,6240,2454,155,177,87.6,147,184,79.9,37,72,51.4,2,2.2,1.5,12,17,7,1,27,461,404,52,15,4,3,13,21,3,1,0,0,349,5,10,28,21,2,0,1,2,2,5,3,0,0,1,0,1,22,9,7,14,1,8,14,57.1,6,4,1,3,16,38,21,0,46.0,569,65,207,257,109,22,569,17,8,47.1,9,52.9,321,1482,711,11,10,4,9,9,347,26,1,0,0,9,15,5,13,16,9,0,0,0,48,15,11,57.7
2023-01-28,19:05,Liga MX,Clausura 2023 Regular Season,Sat,Away,D,0,0,Atlético,UANL,0.1,1.5,29,41615.0,Javier Güemez,4-3-1-2,Diego Montaño,2,0,0.0,0.0,,59.9,0,0,0,0.1,0.1,0.03,-0.1,-0.1,3,3,100.0,1.0,1.1,1.1,0.0,0.0,0.0,0.0,8,20,40.0,19,2,73.7,45.5,10,60.0,44.6,43,1,2.3,0,3.5,263,346,76.0,4355,1923,144,161,89.4,82,103,79.6,29,64,45.3,0,0.0,0.1,0,9,1,0,19,346,313,32,14,0,1,6,7,0,0,0,0,263,1,7,1,0,0,0,0,0,1,0,0,0,0,0,0,0,19,9,12,6,1,15,23,65.2,8,9,4,5,9,28,56,0,29.0,474,103,228,204,47,2,474,14,9,64.3,4,28.6,225,1022,394,3,5,0,20,8,260,19,2,0,0,11,10,1,6,9,9,0,0,0,50,10,20,33.3,18,3,16.7,0.0,0.0,13.0,0,0,0,1.5,1.5,0.09,-1.5,-1.5,0,0,,1.0,0.0,0.0,0.0,0.0,0.0,0.0,1,3,33.3,18,2,5.6,20.2,8,25.0,30.8,3,0,0.0,4,29.2,726,830,87.5,12452,3635,342,366,93.4,319,352,90.6,57,87,65.5,0,1.6,1.6,18,66,15,12,73,830,781,46,12,2,3,53,15,10,0,7,0,726,3,9,35,26,4,3,2,0,0,0,0,0,0,0,0,0,12,6,2,8,2,4,13,30.8,9,6,0,6,9,21,6,0,71.0,924,23,109,570,250,39,924,29,8,27.6,15,51.7,521,2488,1386,25,18,6,10,4,723,73,1,0,0,11,11,3,53,9,6,0,0,0,52,20,10,66.7
2023-02-02,21:00,Liga MX,Clausura 2023 Regular Season,Thu,Home,W,2,0,Atlético,Puebla,1.8,0.8,44,12409.0,Javier Güemez,4-3-3,Adonai Escobedo,15,4,26.7,0.07,0.25,22.0,1,0,1,1.8,1.0,0.07,-0.8,0.0,4,4,100.0,1.0,0.4,0.4,0.0,0.0,0.0,0.0,4,16,25.0,17,6,52.9,39.4,13,53.8,46.1,21,3,14.3,1,11.5,272,373,72.9,5086,2127,117,140,83.6,119,151,78.8,33,75,44.0,0,0.6,0.6,11,20,10,5,29,373,317,56,13,4,2,21,25,4,0,1,0,272,0,3,27,19,2,0,2,2,2,2,2,0,0,0,0,0,15,11,7,8,0,6,13,46.2,7,15,2,13,6,21,36,0,44.0,503,58,162,207,140,20,502,16,9,56.3,5,31.3,252,1587,734,12,11,3,16,4,269,29,3,1,0,7,10,0,21,6,11,1,0,0,39,24,23,51.1,15,4,26.7,0.0,0.0,20.0,1,0,0,0.8,0.8,0.05,-0.8,-0.8,4,3,50.0,0.0,0.4,-0.6,1.0,0.0,0.0,1.0,3,10,30.0,15,7,26.7,29.5,12,50.0,41.1,18,1,5.6,0,8.0,382,481,79.4,7340,2857,151,169,89.3,185,212,87.3,44,83,53.0,0,0.7,0.6,12,26,7,5,37,481,426,54,6,1,3,30,26,7,3,3,0,382,1,16,23,15,2,2,2,2,0,0,0,0,0,0,0,0,9,6,6,3,0,5,14,35.7,9,5,4,1,10,19,32,0,56.0,592,64,203,280,117,18,592,13,7,53.8,6,46.2,404,2001,951,17,14,4,23,9,379,37,3,0,0,14,7,1,30,10,6,0,1,1,45,23,24,48.9
2023-02-10,19:10,Liga MX,Clausura 2023 Regular Season,Fri,Away,L,0,1,Atlético,Tijuana,0.7,1.1,37,21333.0,Unai Bilbao,4-3-3,Luis Santander,6,1,16.7,0.0,0.0,10.6,0,0,0,0.7,0.7,0.11,-0.7,-0.7,5,5,80.0,0.0,0.6,0.6,0.0,0.0,0.0,0.0,16,40,40.0,26,0,84.6,49.6,19,94.7,57.5,30,0,0.0,2,31.5,232,348,66.7,4633,2359,100,135,74.1,85,112,75.9,40,86,46.5,0,0.7,1.0,6,20,3,1,16,348,286,62,18,3,2,11,19,4,1,3,0,232,0,6,11,7,2,1,0,0,1,0,0,0,0,0,0,0,19,14,13,5,1,7,16,43.8,9,9,4,5,7,26,45,0,37.0,471,95,212,195,69,18,471,14,9,64.3,4,28.6,207,1103,471,9,5,6,19,11,227,15,2,1,0,9,11,0,11,7,14,0,0,1,54,22,26,45.8,21,5,23.8,0.0,0.0,20.3,1,0,0,1.1,1.1,0.05,-1.1,-1.1,1,1,100.0,1.0,0.1,0.1,0.0,0.0,0.0,0.0,1,4,25.0,10,4,20.0,23.9,3,66.7,50.3,9,0,0.0,1,19.0,479,589,81.3,8866,2868,196,231,84.8,225,262,85.9,51,75,68.0,0,0.7,1.1,15,59,12,5,81,589,550,33,8,2,3,35,14,7,0,7,0,479,6,9,40,32,4,1,0,2,1,0,0,0,0,0,0,0,15,10,7,5,3,4,13,30.8,9,8,2,6,7,22,19,0,63.0,710,34,122,379,221,29,710,18,9,50.0,7,38.9,520,3027,1642,37,30,8,22,12,472,79,2,0,0,12,9,6,35,7,10,0,0,0,85,26,22,54.2
2023-02-14,21:05,Liga MX,Clausura 2023 Regular Season,Tue,Home,L,1,3,Atlético,América,0.7,1.9,48,22240.0,Javier Güemez,4-4-2,Fernando Hernández,13,4,30.8,0.08,0.25,21.3,0,0,0,0.7,0.7,0.06,0.3,0.3,9,6,66.7,0.0,3.9,0.9,0.0,0.0,0.0,0.0,2,5,40.0,18,4,27.8,29.2,8,0.0,12.8,16,0,0.0,0,17.0,427,520,82.1,7558,2739,181,205,88.3,188,214,87.9,45,73,61.6,1,0.7,1.2,10,29,8,4,42,520,480,39,8,0,3,22,15,4,1,2,0,427,1,14,22,17,1,1,0,2,1,1,1,0,0,0,0,0,13,8,10,1,2,10,23,43.5,13,8,5,3,15,28,24,0,48.0,632,72,230,264,142,20,632,12,5,41.7,7,58.3,360,2207,1097,18,13,6,16,5,423,41,1,0,0,9,7,1,22,15,8,0,0,0,56,18,19,48.6,19,9,47.4,0.16,0.33,21.3,0,0,0,1.9,1.9,0.1,1.1,1.1,4,3,75.0,0.0,0.6,-0.4,0.0,0.0,0.0,0.0,6,15,40.0,28,4,39.3,33.6,7,57.1,42.9,18,1,5.6,2,20.6,468,564,83.0,8538,2826,203,226,89.8,210,239,87.9,48,86,55.8,2,1.8,2.3,14,40,9,2,45,564,527,37,9,3,6,20,13,6,2,4,0,468,0,5,29,21,1,2,4,0,1,4,4,0,0,0,0,0,12,9,4,5,3,7,12,58.3,5,13,2,11,12,24,22,0,52.0,675,59,188,326,167,22,675,24,13,54.2,10,41.7,397,2099,1011,15,17,6,16,3,465,45,2,0,0,8,8,0,20,12,9,0,0,0,59,19,18,51.4
2023-02-18,17:00,Liga MX,Clausura 2023 Regular Season,Sat,Home,D,1,1,Atlético,Santos,0.9,1.9,38,15518.0,Unai Bilbao,4-3-3,Oscar Mejia,15,4,26.7,0.07,0.25,17.9,0,0,0,0.9,0.9,0.06,0.1,0.1,5,4,80.0,0.0,2.1,1.1,0.0,0.0,0.0,0.0,9,21,42.9,17,3,70.6,46.6,15,73.3,46.1,25,0,0.0,1,7.5,251,347,72.3,5093,2332,99,118,83.9,104,132,78.8,45,82,54.9,1,0.9,0.8,15,29,11,6,30,347,295,51,11,0,2,21,20,3,0,0,0,251,1,11,30,23,5,1,0,0,1,2,1,0,1,0,0,0,34,16,23,10,1,16,34,47.1,18,19,9,10,13,47,24,0,38.0,500,81,207,179,122,23,500,11,3,27.3,8,72.7,238,1331,685,18,11,6,14,9,248,30,2,1,0,10,7,1,21,13,16,0,0,0,52,18,12,60.0,26,5,19.2,0.04,0.2,20.2,1,0,0,1.9,1.9,0.08,-0.9,-0.9,4,3,75.0,0.0,0.4,-0.6,0.0,0.0,0.0,0.0,2,13,15.4,22,5,45.5,37.6,4,75.0,54.0,14,0,0.0,0,,443,560,79.1,8082,2865,203,216,94.0,186,214,86.9,50,101,49.5,1,1.5,1.2,17,42,11,2,63,560,504,53,10,1,7,30,25,12,8,4,0,443,3,12,43,31,5,1,5,1,0,1,0,0,0,1,0,0,17,11,8,6,3,8,11,72.7,3,13,5,8,9,26,14,0,62.0,690,52,163,325,215,34,690,34,18,52.9,16,47.1,420,1867,992,25,26,8,13,18,439,63,3,0,0,8,10,3,30,9,11,0,0,0,63,12,18,40.0
2023-02-26,12:00,Liga MX,Clausura 2023 Regular Season,Sun,Away,L,0,2,Atlético,Toluca,1.3,1.2,43,19610.0,Javier Güemez,4-2-3-1,Jorge Camacho,17,6,35.3,0.0,0.0,24.5,1,0,0,1.3,1.3,0.08,-1.3,-1.3,4,2,50.0,0.0,0.8,-1.2,0.0,0.0,0.0,0.0,4,9,44.4,17,7,41.2,40.8,9,22.2,30.9,7,0,0.0,0,12.3,407,485,83.9,6643,2432,208,225,92.4,154,170,90.6,33,64,51.6,0,1.2,0.6,12,30,5,0,37,485,447,37,7,2,5,22,14,4,0,3,0,407,1,11,25,17,1,1,4,2,0,0,0,0,0,0,0,0,13,8,10,2,1,7,17,41.2,10,8,4,4,6,19,12,0,43.0,581,60,176,263,152,13,581,15,5,33.3,7,46.7,429,2544,1279,26,23,5,9,12,403,37,1,0,0,7,7,1,22,6,8,0,0,0,50,7,9,43.8,15,4,26.7,0.13,0.5,18.2,0,0,0,1.2,1.2,0.08,0.8,0.8,6,6,100.0,1.0,1.6,1.6,0.0,0.0,0.0,0.0,3,5,60.0,33,8,12.1,26.6,7,14.3,19.4,15,1,6.7,1,14.5,571,633,90.2,9353,2975,277,290,95.5,246,265,92.8,36,57,63.2,2,1.2,1.2,14,33,8,1,44,633,600,33,8,4,4,7,13,4,2,1,0,571,0,4,26,19,3,1,2,1,0,3,3,0,0,0,0,0,19,6,10,9,0,7,12,58.3,5,15,5,10,11,30,21,1,57.0,757,59,224,386,154,25,757,20,10,50.0,7,35.0,446,2717,1473,28,22,7,17,6,566,44,2,0,0,8,7,0,7,11,6,0,0,0,45,9,7,56.3
2023-03-04,17:00,Liga MX,Clausura 2023 Regular Season,Sat,Away,L,0,2,Atlético,León,0.8,2.1,40,20777.0,Unai Bilbao,4-2-3-1,Fernando Guerrero,10,2,20.0,0.0,0.0,18.1,0,0,0,0.8,0.8,0.08,-0.8,-0.8,10,8,80.0,0.0,1.9,-0.1,0.0,0.0,0.0,0.0,8,17,47.1,24,9,45.8,38.3,11,54.5,38.6,18,0,0.0,2,15.2,284,369,77.0,5417,2596,120,136,88.2,113,145,77.9,46,72,63.9,0,0.6,0.6,8,24,6,2,34,369,309,58,21,1,2,9,21,2,0,1,0,284,2,3,17,10,2,2,2,1,0,0,0,0,0,0,0,0,19,10,8,11,0,9,20,45.0,11,10,3,7,10,29,21,1,40.0,487,69,151,228,112,16,487,23,12,52.2,8,34.8,285,1403,730,12,11,7,20,9,282,34,2,0,0,17,16,2,9,10,10,0,0,0,43,14,8,63.6,20,10,50.0,0.1,0.2,18.5,0,0,0,2.1,2.1,0.1,-0.1,-0.1,2,2,100.0,1.0,0.2,0.2,0.0,0.0,0.0,0.0,3,9,33.3,15,1,33.3,33.5,9,44.4,40.6,6,1,16.7,1,11.7,447,544,82.2,7524,2544,209,229,91.3,181,207,87.4,43,76,56.6,1,1.6,0.9,18,39,8,2,46,544,478,61,19,0,6,23,22,10,1,4,0,447,5,9,37,28,5,1,3,0,0,3,1,1,0,1,0,0,17,12,8,9,0,8,20,40.0,12,5,2,3,12,29,10,1,60.0,658,42,168,325,170,31,658,24,11,45.8,9,37.5,434,2082,1175,27,19,9,12,10,444,46,1,0,0,16,17,5,23,12,12,0,0,0,61,8,14,36.4
2023-03-10,19:05,Liga MX,Clausura 2023 Regular Season,Fri,Home,W,2,0,Atlético,Querétaro,1.2,0.9,56,12798.0,Marcelo Barovero,4-2-3-1,César Arturo Ramos,17,6,35.3,0.12,0.33,23.0,0,0,0,1.2,1.2,0.07,0.8,0.8,1,1,100.0,1.0,0.1,0.1,0.0,0.0,0.0,0.0,4,11,36.4,14,5,50.0,43.5,7,57.1,41.1,19,2,10.5,3,19.0,399,515,77.5,7546,2654,142,153,92.8,176,222,79.3,58,99,58.6,2,1.1,0.7,15,40,4,0,35,515,456,59,11,0,5,25,31,9,1,7,0,399,0,18,31,19,5,3,2,2,0,4,3,0,1,0,0,0,20,13,12,7,1,6,10,60.0,4,15,1,14,7,27,17,0,56.0,639,44,161,327,155,16,639,18,10,55.6,8,44.4,282,1618,782,16,10,5,18,3,391,34,5,0,0,9,10,0,25,7,13,0,0,0,60,10,18,35.7,7,1,14.3,0.0,0.0,11.1,0,0,0,0.9,0.9,0.12,-0.9,-0.9,6,4,66.7,0.0,1.6,-0.4,0.0,0.0,0.0,0.0,3,7,42.9,15,3,26.7,30.9,11,27.3,36.2,19,1,5.3,0,7.0,300,412,72.8,6017,2583,112,129,86.8,132,161,82.0,47,88,53.4,0,0.9,0.7,7,34,7,3,42,412,356,55,9,1,6,22,30,3,0,2,1,300,1,15,12,7,2,1,1,1,0,0,0,0,0,0,0,0,11,6,7,3,1,8,18,44.4,10,18,3,15,8,19,31,0,44.0,538,61,191,226,127,13,538,10,4,40.0,6,60.0,279,1278,708,11,9,1,21,14,297,42,3,0,0,10,9,1,22,8,6,0,0,0,54,17,10,63.0
2023-03-18,17:00,Liga MX,Clausura 2023 Regular Season,Sat,Away,L,0,1,Atlético,Cruz Azul,0.9,2.0,46,20941.0,Unai Bilbao,4-2-3-1,Guillermo Pacheco,8,0,0.0,0.0,,20.5,0,0,0,0.9,0.9,0.11,-0.9,-0.9,8,7,100.0,0.0,2.3,1.3,1.0,1.0,0.0,0.0,3,11,27.3,17,3,52.9,41.6,9,22.2,26.1,14,0,0.0,0,12.3,343,452,75.9,6362,2106,127,147,86.4,172,205,83.9,35,77,45.5,0,0.3,0.3,6,24,3,2,37,452,399,53,10,0,9,15,29,3,0,3,0,343,0,9,15,11,0,1,0,1,2,0,0,0,0,0,0,0,21,17,8,10,3,11,25,44.0,14,7,2,5,8,29,20,3,46.0,556,67,188,260,114,11,556,16,9,56.3,7,43.8,309,1516,853,13,13,3,10,5,338,35,6,0,0,9,7,0,15,8,17,0,1,0,48,7,16,30.4,17,7,41.2,0.0,0.0,19.1,1,1,1,2.0,1.3,0.07,-1.0,-1.3,0,0,,1.0,0.0,0.0,0.0,0.0,0.0,0.0,1,7,14.3,17,4,23.5,28.5,11,27.3,30.5,13,0,0.0,2,25.0,433,526,82.3,8797,3108,153,173,88.4,218,243,89.7,61,100,61.0,0,0.9,1.2,11,36,9,1,41,526,473,51,7,2,9,19,23,9,3,4,0,433,2,8,25,17,3,3,0,2,0,1,0,0,0,0,1,0,12,11,6,5,1,7,16,43.8,9,8,1,7,15,27,14,0,54.0,632,53,230,287,123,29,631,30,14,46.7,11,36.7,367,1900,1028,19,12,9,13,10,426,41,2,0,0,8,9,2,19,15,11,1,0,0,56,16,7,69.6
2023-04-02,18:00,Liga MX,Clausura 2023 Regular Season,Sun,Home,W,2,1,Atlético,Mazatlán,1.8,1.8,51,14766.0,Javier Güemez,4-1-4-1,Erick Miranda,13,4,30.8,0.0,0.0,20.3,0,1,1,1.8,1.0,0.08,-0.8,-1.0,7,6,85.7,0.0,1.3,0.1,0.0,0.0,0.0,0.0,7,14,50.0,22,6,54.5,46.9,8,25.0,23.5,16,1,6.3,3,16.3,320,406,78.8,6060,2596,158,170,92.9,112,137,81.8,45,82,54.9,0,0.5,0.8,8,29,5,0,27,406,353,50,14,1,7,11,21,5,1,4,0,320,3,6,20,10,5,1,2,2,0,2,1,0,0,0,1,0,13,8,5,7,1,13,23,56.5,10,11,1,10,10,23,24,0,51.0,514,54,159,233,126,19,513,22,14,63.6,5,22.7,236,1541,766,20,12,4,12,10,319,27,4,1,0,17,14,3,11,10,8,1,0,0,41,17,11,60.7,13,7,53.8,0.08,0.14,20.9,1,0,0,1.8,1.8,0.14,-0.8,-0.8,5,4,80.0,0.0,1.9,0.9,1.0,1.0,0.0,0.0,4,16,25.0,24,3,50.0,45.6,10,40.0,39.0,8,0,0.0,2,23.0,282,386,73.1,5392,2207,116,133,87.2,123,146,84.2,33,76,43.4,0,1.0,0.8,7,24,6,3,21,386,317,67,19,2,5,24,29,6,1,4,0,282,2,13,21,16,3,0,1,1,0,1,0,0,0,1,0,0,15,7,8,7,0,5,19,26.3,14,7,2,5,8,23,13,0,49.0,479,50,174,205,104,20,479,23,10,43.5,13,56.5,223,1248,678,16,8,5,14,0,281,21,5,0,0,14,13,2,24,8,7,0,1,1,48,11,17,39.3
2023-04-09,13:00,Liga MX,Clausura 2023 Regular Season,Sun,Away,L,1,3,Atlético,UNAM,1.5,1.7,59,11550.0,Unai Bilbao,4-2-3-1,Oscar Mejia,17,6,35.3,0.06,0.17,17.1,0,0,0,1.5,1.5,0.1,-0.5,-0.5,5,2,40.0,0.0,2.0,-1.0,0.0,0.0,0.0,0.0,4,9,44.4,24,10,33.3,30.7,3,33.3,18.3,6,2,33.3,5,21.0,366,502,72.9,7603,2885,138,168,82.1,150,188,79.8,66,115,57.4,1,1.0,1.3,12,48,10,2,67,502,449,52,12,4,19,36,28,5,0,4,0,366,1,9,28,16,4,3,3,2,0,2,2,0,0,0,0,0,26,13,11,12,3,12,22,54.5,10,13,4,9,11,37,10,1,59.0,621,35,145,294,190,34,621,28,18,64.3,8,28.6,320,1588,913,24,12,8,19,6,361,67,2,0,0,11,13,1,36,11,13,0,0,0,78,13,23,36.1,10,5,50.0,0.3,0.6,18.8,2,0,0,1.7,1.7,0.17,1.3,1.3,6,5,83.3,0.0,1.2,0.2,0.0,0.0,0.0,0.0,8,15,53.3,21,9,38.1,33.3,8,87.5,56.9,30,5,16.7,2,10.5,246,349,70.5,4958,2518,95,115,82.6,101,125,80.8,41,87,47.1,2,0.7,0.3,6,17,1,1,19,349,298,51,10,5,5,7,30,1,1,0,0,246,0,10,18,10,1,5,0,2,0,5,3,0,2,0,0,0,14,6,7,6,1,8,26,30.8,18,12,4,8,9,23,41,1,41.0,495,81,197,225,79,10,495,24,10,41.7,12,50.0,217,1319,739,14,12,5,16,14,241,19,1,0,0,13,11,0,7,9,6,0,0,0,62,23,13,63.9
2023-04-13,22:05,Liga MX,Clausura 2023 Regular Season,Thu,Home,W,2,0,Atlético,FC Juárez,0.9,1.4,53,10832.0,Javier Güemez,4-2-3-1,Luis Santander,11,5,45.5,0.18,0.4,18.7,1,0,0,0.9,0.9,0.09,1.1,1.1,2,1,100.0,1.0,1.3,1.3,1.0,0.0,1.0,0.0,5,11,45.5,14,4,50.0,38.4,8,50.0,34.8,10,0,0.0,0,2.0,333,454,73.3,5958,2306,141,164,86.0,137,179,76.5,39,79,49.4,1,0.9,0.7,9,29,3,0,42,454,393,61,19,0,7,18,27,6,0,6,0,333,0,10,18,11,3,2,0,1,1,3,2,0,0,0,0,1,19,13,12,6,1,11,22,50.0,11,7,2,5,6,25,24,0,53.0,558,59,176,281,111,12,558,18,6,33.3,10,55.6,312,1585,842,12,9,2,11,10,333,42,3,0,0,15,15,0,18,6,13,0,1,0,51,16,12,57.1,9,1,11.1,0.0,0.0,20.0,2,0,1,1.4,0.6,0.07,-1.4,-0.6,5,3,60.0,0.0,2.3,0.3,0.0,0.0,0.0,0.0,5,14,35.7,26,3,34.6,34.3,8,62.5,40.3,14,1,7.1,0,12.3,283,401,70.6,5721,2250,106,128,82.8,129,155,83.2,41,94,43.6,0,0.4,0.7,4,31,4,0,31,401,343,54,12,2,11,15,27,4,3,1,0,283,4,7,17,9,3,0,2,2,1,0,0,0,0,0,0,0,20,13,7,11,2,10,16,62.5,6,8,1,7,6,26,14,0,47.0,505,54,168,226,121,13,504,25,11,44.0,11,44.0,267,1564,749,16,13,0,16,8,282,31,1,0,0,17,12,4,15,6,13,0,0,0,60,12,16,42.9
2023-04-22,18:00,Liga MX,Clausura 2023 Regular Season,Sat,Away,L,1,2,Atlético,Pachuca,0.7,2.5,46,12929.0,Javier Güemez,4-2-3-1,Daniel Quintero,10,5,50.0,0.1,0.2,19.2,0,0,0,0.7,0.7,0.07,0.3,0.3,8,6,87.5,0.0,3.6,1.6,1.0,1.0,0.0,0.0,3,15,20.0,15,2,60.0,42.8,14,42.9,34.9,17,1,5.9,2,21.0,274,380,72.1,5007,2344,109,132,82.6,114,142,80.3,38,75,50.7,1,0.5,0.6,6,31,3,0,26,380,313,66,20,2,2,10,26,3,0,2,0,274,1,10,16,8,3,3,1,1,0,2,1,1,0,0,0,0,21,14,10,8,3,9,31,29.0,22,16,4,12,11,32,23,0,46.0,520,74,189,224,109,13,520,26,17,65.4,8,30.8,246,1450,618,17,12,4,26,7,274,26,3,0,0,15,14,1,10,11,14,0,1,0,51,16,12,57.1,19,7,36.8,0.05,0.14,20.6,1,1,1,2.5,1.7,0.09,-0.5,-0.7,5,4,80.0,0.0,1.3,0.3,0.0,0.0,0.0,0.0,10,24,41.7,27,4,74.1,49.7,7,57.1,44.7,7,0,0.0,4,26.3,328,449,73.1,6452,2826,123,149,82.6,163,195,83.6,41,85,48.2,0,1.4,1.0,14,38,7,1,52,449,385,59,13,1,5,21,27,10,2,1,0,328,5,12,34,22,3,4,1,3,1,3,1,0,0,1,1,0,15,10,7,7,1,8,25,32.0,17,11,1,10,11,26,10,0,54.0,557,48,148,230,188,33,556,35,22,62.9,9,25.7,308,1938,967,28,20,13,15,12,326,52,4,0,0,15,15,5,21,11,10,1,0,0,59,12,16,42.9
2023-04-29,20:00,Liga MX,Clausura 2023 Regular Season,Sat,Home,D,0,0,Atlético,Atlas,2.2,0.9,60,19003.0,Javier Güemez,4-2-3-1,Marco Ortíz,24,3,12.5,0.0,0.0,14.4,0,0,0,2.2,2.2,0.09,-2.2,-2.2,1,1,100.0,1.0,0.0,0.0,0.0,0.0,0.0,0.0,2,4,50.0,10,6,20.0,29.1,12,16.7,28.5,10,1,10.0,0,14.3,434,535,81.1,7819,2874,191,213,89.7,183,209,87.6,47,91,51.6,0,2.2,1.4,23,59,15,7,43,535,484,51,11,2,3,29,18,9,0,9,0,434,0,6,43,32,7,1,3,0,0,0,0,0,0,0,0,0,15,6,10,5,0,7,14,50.0,7,4,1,3,7,22,28,1,60.0,662,58,166,329,170,31,662,15,9,60.0,6,40.0,339,1679,926,19,18,5,10,8,425,43,1,0,0,12,8,0,29,7,6,0,0,0,54,24,17,58.5,10,1,10.0,0.0,0.0,21.9,1,0,0,0.9,0.9,0.09,-0.9,-0.9,3,3,100.0,1.0,0.8,0.8,0.0,0.0,0.0,0.0,9,34,26.5,28,2,64.3,47.9,17,94.1,66.2,23,0,0.0,0,12.7,236,352,67.0,5328,2348,68,86,79.1,120,146,82.2,47,113,41.6,0,0.6,0.7,7,30,5,1,21,352,288,61,11,1,2,10,29,3,2,1,0,236,3,2,18,15,1,1,0,1,0,0,0,0,0,0,0,0,14,8,6,7,1,6,15,40.0,9,9,4,5,13,27,20,0,40.0,454,75,173,194,95,14,454,17,7,41.2,7,41.2,215,1034,485,10,7,3,18,8,231,21,2,1,1,8,12,3,10,13,8,0,0,0,55,17,24,41.5
2023-05-07,20:06,Liga MX,Reclassification,Sun,Away,W,3,1,Atlético,León,1.4,1.8,28,22335.0,Javier Güemez,4-2-3-1,Victor Caceres,10,4,40.0,0.3,0.75,21.8,0,0,0,1.4,1.4,0.15,1.6,1.6,8,7,87.5,0.0,2.1,1.1,0.0,0.0,0.0,0.0,5,24,20.8,21,1,81.0,62.8,13,53.8,43.8,27,2,7.4,3,12.8,137,238,57.6,2901,1493,47,61,77.0,58,77,75.3,25,77,32.5,2,0.6,0.3,5,13,5,1,16,238,194,43,7,1,5,9,17,4,0,3,0,137,1,8,14,6,1,4,2,0,1,4,1,0,1,1,0,1,16,14,8,8,0,9,21,42.9,12,21,10,11,9,25,54,0,28.0,385,115,207,117,68,18,385,20,12,60.0,7,35.0,145,1022,590,15,11,6,14,11,136,16,2,0,0,16,3,1,9,9,14,0,0,0,54,18,16,52.9,22,8,36.4,0.05,0.13,17.0,0,0,0,1.8,1.8,0.08,-0.8,-0.8,4,1,25.0,0.0,1.0,-2.0,0.0,0.0,0.0,0.0,0,1,0.0,31,8,3.2,19.7,5,0.0,15.4,4,0,0.0,6,22.7,471,601,78.4,8362,3077,214,237,90.3,195,233,83.7,47,91,51.6,1,1.7,2.0,18,47,19,3,65,601,523,73,17,2,7,38,35,12,5,5,0,471,5,12,40,35,2,2,1,0,0,2,1,0,1,0,0,0,18,12,6,12,0,7,19,36.8,12,12,4,8,5,23,10,1,72.0,709,59,173,285,258,47,709,24,12,50.0,9,37.5,437,3020,1873,51,33,10,16,7,467,64,1,0,0,3,15,5,38,5,12,0,0,0,76,16,18,47.1
2023-05-10,22:10,Liga MX,Quarter-finals,Wed,Home,L,1,3,Atlético,América,0.7,2.6,50,21823.0,Javier Güemez,4-2-3-1,Fernando Guerrero,10,4,40.0,0.2,0.5,19.3,0,0,0,0.7,0.7,0.07,1.3,1.3,11,10,90.9,0.0,1.4,0.4,0.0,0.0,0.0,0.0,2,8,25.0,19,9,26.3,30.9,10,30.0,29.4,21,1,4.8,2,17.5,422,496,85.1,7489,2573,191,207,92.3,174,194,89.7,46,74,62.2,1,0.7,1.1,10,41,8,1,46,496,453,43,9,1,7,10,18,4,0,2,0,422,0,5,19,17,1,1,0,0,0,4,3,1,0,0,0,0,11,7,10,1,0,2,11,18.2,9,12,5,7,5,16,23,0,50.0,601,74,159,322,129,22,601,16,9,56.3,5,31.3,360,1715,1028,19,15,6,20,7,418,46,2,0,0,12,9,0,10,5,7,0,0,0,41,12,10,54.5,22,9,40.9,0.0,0.0,21.1,1,0,0,2.6,2.6,0.09,-2.6,-2.6,4,2,50.0,0.0,1.3,-0.7,0.0,0.0,0.0,0.0,6,13,46.2,23,2,34.8,35.7,6,83.3,66.7,8,1,12.5,0,11.5,391,459,85.2,6981,2833,183,198,92.4,154,168,91.7,46,75,61.3,3,1.2,0.7,18,34,11,2,44,459,416,42,11,0,2,21,14,8,3,3,0,391,1,7,40,30,4,1,4,1,0,1,0,0,0,1,0,0,10,9,2,6,2,4,12,33.3,8,8,3,5,8,17,11,0,50.0,536,42,142,270,130,22,536,11,8,72.7,2,18.2,365,1761,959,21,17,6,9,8,383,36,2,1,0,11,11,1,21,8,9,0,0,0,45,10,10,50.0
2023-05-13,22:16,Liga MX,Quarter-finals,Sat,Away,W,2,1,Atlético,América,1.4,1.6,52,47686.0,Javier Güemez,4-2-3-1,Daniel Quintero,13,2,15.4,0.08,0.5,18.0,1,0,0,1.4,1.4,0.1,-0.4,-0.4,12,9,75.0,0.0,1.4,-1.6,0.0,0.0,0.0,0.0,2,6,33.3,22,12,22.7,30.0,6,16.7,26.0,11,0,0.0,0,9.0,366,470,77.9,7090,2720,135,154,87.7,184,229,80.3,45,72,62.5,2,1.2,1.5,11,35,9,4,49,470,426,44,12,1,4,22,20,2,0,2,0,366,0,10,26,18,4,1,0,3,0,2,2,0,0,0,0,0,17,10,8,7,2,3,11,27.3,8,8,2,6,5,22,13,0,52.0,563,64,172,247,147,16,563,23,12,52.2,8,34.8,337,1919,1199,17,21,0,10,8,359,48,2,0,0,12,10,0,22,5,10,0,0,0,42,24,16,60.0,25,14,56.0,0.16,0.29,21.1,1,0,0,1.6,1.6,0.08,2.4,2.4,2,1,50.0,0.0,1.0,0.0,0.0,0.0,0.0,0.0,11,27,40.7,30,2,50.0,43.4,15,80.0,56.3,17,0,0.0,0,8.0,312,393,79.4,6212,2410,135,150,90.0,128,147,87.1,48,84,57.1,0,1.5,1.2,17,33,8,3,39,393,334,56,10,1,6,18,24,5,2,3,0,312,3,5,36,28,1,2,1,2,2,5,4,0,0,1,0,0,15,13,10,5,0,8,20,40.0,12,9,1,8,7,20,21,0,48.0,489,65,157,190,148,19,489,13,8,61.5,3,23.1,206,1285,672,15,13,7,6,13,306,40,3,0,0,8,14,3,18,7,13,0,0,0,40,14,23,37.8
2022-07-02,21:05,Liga MX,Apertura 2022 Regular Season,Sat,Away,D,0,0,Atlas,América,0.9,0.8,46,27577.0,Aldo Rocha,5-3-2,Fernando Guerrero,8,1,12.5,0.0,0.0,18.9,0,0,0,0.9,0.9,0.11,-0.9,-0.9,3,3,100.0,1.0,0.8,0.8,0.0,0.0,0.0,0.0,5,27,18.5,24,1,62.5,50.3,15,80.0,54.8,12,1,8.3,2,14.8,294,411,71.5,5286,2079,146,163,89.6,99,128,77.3,43,99,43.4,0,0.5,0.3,5,25,5,0,27,411,361,50,8,0,7,17,22,4,1,2,0,294,0,10,11,6,1,2,0,1,1,0,0,0,0,0,0,0,18,10,9,9,0,11,19,57.9,8,5,2,3,13,31,12,0,46.0,511,56,151,254,113,16,511,20,11,55.0,9,45.0,227,946,400,8,11,3,20,10,289,27,1,0,0,11,5,0,17,13,10,0,0,0,53,10,24,29.4,16,3,18.8,0.0,0.0,22.7,0,0,0,0.8,0.8,0.05,-0.8,-0.8,1,1,100.0,1.0,0.1,0.1,0.0,0.0,0.0,0.0,7,17,41.2,41,3,29.3,33.7,10,50.0,48.6,12,1,8.3,3,18.1,385,487,79.1,7048,2677,166,187,88.8,162,184,88.0,44,89,49.4,0,0.7,0.7,14,28,11,2,38,487,437,48,11,1,1,21,22,4,1,1,0,385,2,4,29,25,3,1,0,0,0,0,0,0,0,0,0,0,19,11,13,5,1,9,20,45.0,11,10,2,8,5,24,17,0,54.0,606,62,214,243,155,21,606,19,8,42.1,11,57.9,310,1948,1161,26,21,7,18,7,379,38,1,0,0,6,11,2,21,5,11,0,0,0,59,24,10,70.6
2022-07-10,12:00,Liga MX,Apertura 2022 Regular Season,Sun,Away,L,2,3,Atlas,Toluca,4.7,1.5,51,22249.0,Aldo Rocha,5-3-2,Fernando Hernández,25,7,28.0,0.08,0.29,17.0,0,0,0,4.7,4.7,0.2,-2.7,-2.7,9,6,66.7,0.0,3.3,0.3,0.0,0.0,0.0,0.0,2,5,40.0,27,7,18.5,24.5,6,0.0,14.8,7,0,0.0,6,25.3,342,423,80.9,6376,2306,134,142,94.4,152,179,84.9,46,86,53.5,2,4.0,2.0,19,28,12,5,34,423,379,44,8,6,2,28,18,8,1,6,0,342,0,2,43,29,6,1,6,0,1,2,1,0,0,1,0,0,12,8,4,8,0,5,17,29.4,12,7,3,4,8,20,10,0,51.0,514,42,158,221,139,23,514,7,5,71.4,2,28.6,344,1664,991,14,10,1,17,6,341,34,4,0,0,15,8,0,28,8,8,0,0,0,38,24,15,61.5,14,9,64.3,0.21,0.33,22.9,3,0,0,1.5,1.5,0.11,1.5,1.5,7,5,71.4,0.0,2.4,0.4,0.0,0.0,0.0,0.0,7,18,38.9,30,4,33.3,34.1,11,72.7,57.5,27,2,7.4,1,10.5,301,372,80.9,5403,1923,129,147,87.8,117,136,86.0,39,68,57.4,3,1.3,1.5,9,16,4,0,20,372,335,37,12,4,1,7,7,4,1,2,0,301,0,4,21,14,1,2,0,4,0,6,3,1,1,0,1,0,8,5,5,1,2,2,7,28.6,5,7,5,2,3,11,28,0,49.0,460,78,176,220,72,11,460,17,12,70.6,5,29.4,256,1106,540,6,7,2,5,7,299,21,1,1,0,8,15,0,7,3,5,0,0,0,28,14,23,37.8
2022-07-16,17:00,Liga MX,Apertura 2022 Regular Season,Sat,Home,W,3,2,Atlas,Cruz Azul,1.6,1.2,66,13185.0,Aldo Rocha,3-4-3,Óscar Macias,13,4,30.8,0.23,0.75,18.5,0,0,0,1.6,1.6,0.12,1.4,1.4,4,2,50.0,0.0,0.7,-1.3,0.0,0.0,0.0,0.0,7,9,77.8,31,5,29.0,28.9,6,0.0,19.2,9,3,33.3,1,7.8,476,568,83.8,9153,3170,190,209,90.9,218,244,89.3,63,94,67.0,3,1.0,0.9,11,46,4,1,52,568,531,35,10,0,3,24,12,4,1,1,0,476,2,8,23,18,2,1,0,1,1,6,4,1,1,0,0,0,16,10,6,6,4,9,11,81.8,2,17,7,10,13,29,12,1,66.0,671,50,163,369,145,15,671,7,3,42.9,2,28.6,378,1906,988,19,15,5,11,4,474,52,1,0,0,17,9,2,24,13,10,0,0,0,48,21,13,61.8,18,4,22.2,0.11,0.5,20.4,2,0,0,1.2,1.2,0.07,0.8,0.8,4,1,25.0,0.0,2.1,-0.9,0.0,0.0,0.0,0.0,4,21,19.0,20,0,65.0,48.3,12,66.7,50.8,13,1,7.7,0,7.0,195,288,67.7,3897,1766,64,84,76.2,99,119,83.2,26,61,42.6,2,0.8,0.6,11,13,5,3,23,288,230,57,17,0,2,13,24,0,0,0,0,195,1,11,27,20,1,0,3,3,0,4,4,0,0,0,0,0,6,2,3,3,0,2,5,40.0,3,9,3,6,8,14,20,0,34.0,387,59,150,151,90,17,387,13,2,15.4,9,69.2,203,1117,466,8,8,2,10,7,193,22,4,1,0,9,14,1,13,8,2,0,0,0,40,13,21,38.2
2022-07-23,21:05,Liga MX,Apertura 2022 Regular Season,Sat,Away,L,0,2,Atlas,UANL,0.4,1.9,27,42615.0,Aldo Rocha,5-3-2,Marco Ortíz,7,0,0.0,0.0,,21.7,0,0,0,0.4,0.4,0.06,-0.4,-0.4,13,11,83.3,0.0,2.0,0.0,0.0,0.0,0.0,0.0,11,31,35.5,20,2,85.0,53.7,14,100.0,71.9,27,0,0.0,0,9.6,148,237,62.4,3248,1632,59,71,83.1,60,80,75.0,28,73,38.4,0,0.3,0.4,4,15,3,0,14,237,194,43,8,1,0,8,17,1,0,1,0,148,0,8,9,6,1,1,0,0,1,0,0,0,0,0,0,0,17,7,10,5,2,10,23,43.5,13,17,8,9,13,30,27,2,27.0,368,80,167,124,78,15,368,15,8,53.3,6,40.0,153,807,324,3,6,4,16,9,147,14,2,1,0,12,6,0,8,13,7,0,0,0,43,10,7,58.8,33,13,39.4,0.06,0.15,20.2,2,0,0,1.9,1.9,0.06,0.1,0.1,0,0,,1.0,0.0,0.0,0.0,0.0,0.0,0.0,1,4,25.0,22,3,18.2,26.8,3,0.0,27.0,6,3,50.0,6,22.8,543,632,85.9,9109,2351,242,263,92.0,222,241,92.1,49,78,62.8,1,1.3,1.2,23,55,15,5,60,632,587,43,10,1,4,35,21,8,1,4,0,543,2,11,57,43,2,4,5,2,1,3,3,0,0,0,0,0,15,12,8,5,2,6,14,42.9,8,10,2,8,11,26,12,0,73.0,754,37,131,355,275,33,754,23,13,56.5,10,43.5,468,3293,2046,45,25,4,15,7,532,59,4,0,0,6,11,2,35,11,12,0,0,0,60,7,10,41.2
2022-07-26,19:00,Liga MX,Apertura 2022 Regular Season,Tue,Home,L,1,2,Atlas,Tijuana,0.8,1.2,62,12481.0,Aldo Rocha,4-4-2,Diego Montaño,18,4,22.2,0.06,0.25,21.4,2,0,0,0.8,0.8,0.04,0.2,0.2,5,3,60.0,0.0,1.5,-0.5,0.0,0.0,0.0,0.0,4,12,33.3,32,4,34.4,32.6,8,12.5,28.1,6,2,33.3,4,15.2,443,551,80.4,8673,3081,166,189,87.8,204,239,85.4,65,100,65.0,1,0.7,0.7,16,49,10,2,52,551,497,54,9,1,6,35,24,10,4,5,0,443,0,11,34,22,7,1,2,2,0,2,0,1,0,1,0,0,11,7,6,4,1,5,11,45.5,6,8,5,3,5,16,21,0,62.0,665,57,164,316,192,25,665,16,4,25.0,10,62.5,363,2068,1003,16,11,2,14,6,442,52,3,0,0,11,11,0,35,5,7,0,0,0,35,15,19,44.1,15,5,33.3,0.13,0.4,23.5,1,0,0,1.2,1.2,0.08,0.8,0.8,4,3,75.0,0.0,1.3,0.3,0.0,0.0,0.0,0.0,3,16,18.8,28,2,28.6,32.9,14,57.1,45.0,25,1,4.0,1,18.5,244,331,73.7,4674,1727,99,111,89.2,108,133,81.2,33,75,44.0,2,1.1,0.3,10,13,3,1,18,331,282,49,10,0,5,8,22,1,0,1,0,244,0,3,22,15,1,4,1,1,0,3,3,0,0,0,0,0,16,5,9,7,0,10,14,71.4,4,12,5,7,12,28,37,0,38.0,457,77,199,186,83,11,457,13,6,46.2,5,38.5,222,1309,731,14,15,4,13,6,238,18,5,1,1,11,11,0,8,12,5,0,0,0,36,19,15,55.9
2022-07-31,19:05,Liga MX,Apertura 2022 Regular Season,Sun,Away,L,0,1,Atlas,Santos,0.7,0.6,54,13671.0,Aldo Rocha,4-2-2-2,César Arturo Ramos,17,2,11.8,0.0,0.0,22.3,1,0,0,0.7,0.7,0.04,-0.7,-0.7,2,1,50.0,0.0,0.6,-0.4,0.0,0.0,0.0,0.0,11,25,44.0,35,2,51.4,43.5,9,88.9,61.2,12,1,8.3,2,20.0,368,482,76.3,7757,2985,148,176,84.1,142,172,82.6,74,121,61.2,0,0.6,1.3,15,39,6,3,38,482,430,51,16,0,10,18,20,4,2,1,0,368,1,6,32,21,5,2,0,4,0,0,0,0,0,0,0,0,16,9,9,5,2,7,14,50.0,7,9,2,7,7,23,18,1,54.0,597,61,175,298,131,16,597,23,11,47.8,11,47.8,282,1300,677,11,12,1,13,6,363,38,2,0,0,12,15,1,18,7,9,0,0,0,53,34,31,52.3,10,2,20.0,0.1,0.5,21.9,1,0,0,0.6,0.6,0.06,0.4,0.4,2,2,100.0,1.0,0.1,0.1,0.0,0.0,0.0,0.0,10,21,47.6,22,5,50.0,40.6,13,76.9,56.2,15,1,6.7,0,5.0,296,415,71.3,5585,2609,125,146,85.6,104,135,77.0,52,94,55.3,0,0.3,0.3,7,27,5,2,36,415,368,45,12,1,5,19,16,3,0,3,0,296,2,11,16,9,3,1,1,2,0,0,0,0,0,0,0,0,17,9,9,7,1,11,22,50.0,11,11,5,6,13,30,18,0,46.0,534,65,172,243,125,14,534,16,7,43.8,7,43.8,243,1519,761,17,20,6,22,9,293,36,2,0,0,15,11,2,19,13,9,0,0,0,60,31,34,47.7
2022-08-04,21:00,Liga MX,Apertura 2022 Regular Season,Thu,Home,W,3,1,Atlas,Querétaro,2.4,1.0,40,14804.0,Hugo Nervo,4-2-2-2,Fernando Guerrero,13,4,30.8,0.15,0.5,19.2,0,1,1,2.4,1.6,0.12,0.6,0.4,5,4,80.0,0.0,0.9,-0.1,0.0,0.0,0.0,0.0,10,26,38.5,36,2,63.9,44.3,5,60.0,53.8,13,1,7.7,0,7.5,245,338,72.5,5349,2470,81,103,78.6,116,138,84.1,46,86,53.5,2,1.6,2.1,13,15,9,0,28,338,289,48,16,11,3,18,20,5,3,2,0,245,1,3,24,21,1,1,0,1,0,6,5,0,0,0,1,0,16,11,8,6,2,11,21,52.4,10,16,6,10,10,26,12,0,40.0,442,46,139,189,125,26,441,15,9,60.0,6,40.0,237,1567,830,20,17,3,12,5,243,28,1,1,0,6,16,1,18,10,11,1,0,0,42,12,21,36.4,16,5,31.3,0.06,0.2,22.8,2,0,0,1.0,1.0,0.07,0.0,0.0,5,2,60.0,0.0,2.5,-0.5,1.0,1.0,0.0,0.0,8,14,57.1,19,3,42.1,40.6,8,75.0,57.4,10,1,10.0,0,12.0,415,505,82.2,9048,3679,124,155,80.0,213,233,91.4,75,105,71.4,1,0.8,0.9,13,50,3,1,49,505,469,35,4,1,7,18,14,5,0,3,0,415,1,9,30,23,3,1,1,2,0,2,2,0,0,0,0,0,11,7,5,6,0,6,15,40.0,9,4,3,1,8,19,24,1,60.0,616,58,186,318,115,15,616,21,10,47.6,11,52.4,303,1811,903,21,9,7,13,5,414,49,4,1,1,16,6,1,18,8,7,0,1,0,49,21,12,63.6
2022-08-13,21:05,Liga MX,Apertura 2022 Regular Season,Sat,Away,D,1,1,Atlas,Guadalajara,0.3,1.3,43,34233.0,Camilo Vargas,4-2-2-2,Marco Ortíz,8,4,50.0,0.13,0.25,17.6,1,0,0,0.3,0.3,0.04,0.7,0.7,6,5,83.3,0.0,1.2,0.2,0.0,0.0,0.0,0.0,8,31,25.8,36,2,47.2,39.3,14,100.0,70.5,17,0,0.0,1,19.0,260,352,73.9,5271,1968,94,102,92.2,130,149,87.2,32,85,37.6,0,0.3,0.5,6,18,6,1,26,352,305,47,13,0,2,11,15,3,1,2,0,260,0,7,15,7,5,0,1,2,0,2,1,0,0,0,1,0,16,7,7,4,5,6,10,60.0,4,9,6,3,6,22,19,0,43.0,443,63,172,194,81,12,443,9,5,55.6,2,22.2,216,1088,518,10,4,0,13,7,259,26,4,1,0,9,11,0,11,6,7,0,0,0,43,9,13,40.9,23,6,26.1,0.04,0.17,23.4,3,0,0,1.3,1.3,0.06,-0.3,-0.3,4,3,75.0,0.0,1.4,0.4,0.0,0.0,0.0,0.0,2,2,100.0,15,6,6.7,25.3,8,12.5,28.0,8,1,12.5,2,15.0,383,464,82.5,7172,2819,168,190,88.4,165,191,86.4,47,74,63.5,1,1.1,1.0,17,33,8,3,37,464,414,47,6,1,6,19,26,5,1,2,0,383,3,4,40,30,4,0,2,3,1,2,1,1,0,0,0,0,9,8,2,5,2,2,7,28.6,5,7,2,5,8,17,12,0,57.0,567,37,139,289,143,19,567,11,4,36.4,6,54.5,326,1903,995,21,15,5,20,10,376,37,1,1,0,11,9,3,19,8,8,0,0,0,49,13,9,59.1
2022-08-16,19:00,Liga MX,Apertura 2022 Regular Season,Tue,Home,L,0,1,Atlas,FC Juárez,0.4,1.0,55,11548.0,Hugo Nervo,4-2-2-2,Adonai Escobedo,8,3,37.5,0.0,0.0,20.1,0,0,0,0.4,0.4,0.05,-0.4,-0.4,2,1,50.0,0.0,1.0,0.0,0.0,0.0,0.0,0.0,5,8,62.5,35,2,17.1,26.4,9,22.2,31.7,11,0,0.0,2,19.0,379,478,79.3,7688,2956,145,166,87.3,159,181,87.8,70,108,64.8,0,0.3,0.4,6,32,3,1,35,478,429,49,14,0,3,22,16,8,1,7,0,379,0,11,14,11,2,0,0,1,0,0,0,0,0,0,0,0,19,9,7,9,3,8,14,57.1,6,9,4,5,12,31,16,0,55.0,580,52,197,266,119,9,580,12,4,33.3,6,50.0,254,1321,696,8,9,2,12,6,378,35,1,0,0,10,11,0,22,12,9,0,0,0,46,15,16,48.4,12,2,16.7,0.08,0.5,24.0,1,0,0,1.0,1.0,0.08,0.0,0.0,3,3,100.0,1.0,0.5,0.5,0.0,0.0,0.0,0.0,4,9,44.4,17,8,17.6,29.8,7,85.7,60.1,17,3,17.6,0,10.0,296,386,76.7,5939,2211,113,133,85.0,132,160,82.5,48,78,61.5,1,0.9,1.0,10,30,4,1,30,386,347,37,9,0,5,20,16,4,1,2,0,296,2,7,20,15,2,0,0,1,2,2,2,0,0,0,0,0,12,7,7,5,0,6,10,60.0,4,12,2,10,14,26,15,0,45.0,498,47,153,235,120,18,498,16,6,37.5,8,50.0,284,1661,915,21,15,2,11,11,295,29,6,0,0,11,10,2,20,14,7,0,0,0,50,16,15,51.6
2022-08-20,19:05,Liga MX,Apertura 2022 Regular Season,Sat,Home,D,1,1,Atlas,Puebla,1.3,1.4,54,11430.0,Hugo Nervo,4-4-2,César Arturo Ramos,13,5,38.5,0.08,0.2,17.8,2,0,0,1.3,1.3,0.1,-0.3,-0.3,4,3,75.0,0.0,1.4,0.4,0.0,0.0,0.0,0.0,8,19,42.1,33,1,48.5,37.2,7,42.9,43.0,7,1,14.3,4,21.3,250,362,69.1,5859,2864,63,80,78.8,116,144,80.6,59,107,55.1,0,0.3,1.0,6,31,9,2,28,362,305,55,20,1,4,22,20,6,3,2,0,250,2,7,21,15,2,0,1,2,1,2,2,0,0,0,0,0,11,6,7,3,1,4,14,28.6,10,10,5,5,12,23,19,0,54.0,457,51,149,183,129,24,457,15,6,40.0,6,40.0,220,1053,443,8,5,1,15,8,249,28,3,0,0,9,20,2,22,12,6,0,0,0,54,29,22,56.9,10,4,40.0,0.1,0.25,16.2,1,0,0,1.4,1.4,0.15,-0.4,-0.4,5,4,80.0,0.0,1.3,0.3,0.0,0.0,0.0,0.0,4,9,44.4,14,7,42.9,38.2,5,60.0,46.8,17,0,0.0,0,8.0,224,314,71.3,4089,1930,105,122,86.1,89,110,80.9,26,66,39.4,1,0.6,1.0,5,16,7,2,20,314,267,45,10,0,3,9,26,2,2,0,0,224,2,6,17,11,0,2,2,1,1,2,2,0,0,0,0,0,14,8,7,7,0,6,12,50.0,6,10,5,5,13,27,32,0,46.0,436,62,168,183,97,16,436,16,10,62.5,4,25.0,211,1538,946,19,13,3,18,7,221,19,4,0,0,20,9,2,9,13,8,0,0,0,41,22,29,43.1
2022-08-25,19:05,Liga MX,Apertura 2022 Regular Season,Thu,Away,L,1,3,Atlas,Pachuca,0.2,2.1,43,5668.0,Hugo Nervo,5-4-1,Fernando Guerrero,3,2,66.7,0.33,0.5,20.5,0,0,0,0.2,0.2,0.05,0.8,0.8,9,6,77.8,0.0,2.5,-0.5,1.0,1.0,0.0,0.0,10,31,32.3,24,0,87.5,62.4,10,100.0,77.3,10,1,10.0,1,17.5,204,339,60.2,4207,2128,87,106,82.1,72,97,74.2,37,105,35.2,1,0.2,0.4,3,24,5,1,23,339,285,53,10,2,2,13,26,3,1,1,0,204,1,9,6,4,2,0,0,0,0,2,1,1,0,0,0,0,10,5,5,5,0,6,14,42.9,8,10,4,6,16,26,20,0,43.0,443,63,139,202,106,13,443,8,3,37.5,4,50.0,185,955,418,7,7,1,18,5,200,22,0,1,0,16,9,1,13,16,5,0,1,0,53,18,15,54.5,18,8,44.4,0.11,0.25,21.7,2,1,1,2.1,1.3,0.07,0.9,0.7,2,1,50.0,0.0,0.5,-0.5,0.0,0.0,0.0,0.0,3,15,20.0,26,12,42.3,39.7,10,40.0,42.5,10,1,10.0,1,19.5,335,453,74.0,6381,2603,143,165,86.7,144,184,78.3,45,86,52.3,2,0.6,1.1,12,33,5,1,40,453,406,46,14,1,3,15,17,3,1,2,0,335,1,7,34,27,1,1,1,3,1,5,3,0,1,0,1,0,9,7,3,5,1,4,7,57.1,3,9,1,8,8,17,17,0,57.0,571,62,175,269,140,23,570,18,8,44.4,6,33.3,320,1976,1025,27,22,7,21,4,332,39,0,0,0,9,16,1,15,8,7,1,0,0,51,15,18,45.5
2022-08-28,19:00,Liga MX,Apertura 2022 Regular Season,Sun,Away,L,2,4,Atlas,León,1.9,2.1,53,19481.0,Hugo Nervo,5-3-2,Óscar Macias,5,1,20.0,0.2,1.0,21.6,0,1,2,1.9,0.2,0.05,0.1,0.8,5,1,20.0,0.0,2.7,-1.3,0.0,0.0,0.0,0.0,7,17,41.2,32,3,50.0,38.3,3,33.3,38.0,8,1,12.5,0,8.0,371,461,80.5,7141,2715,164,175,93.7,147,169,87.0,58,98,59.2,0,0.2,0.7,3,37,6,2,39,461,403,48,14,1,4,17,21,5,1,4,0,371,10,7,11,9,0,0,1,1,0,3,1,0,0,1,1,0,13,7,5,6,2,3,10,30.0,7,12,5,7,5,18,14,0,53.0,559,49,161,271,131,18,557,14,5,35.7,7,50.0,297,1505,737,17,9,5,13,11,364,38,1,0,0,17,14,10,17,5,7,1,0,0,39,19,8,70.4,15,5,33.3,0.27,0.8,13.7,0,0,0,2.1,2.1,0.15,1.9,1.9,3,0,66.7,0.0,1.8,-0.2,2.0,1.0,1.0,0.0,4,19,21.1,30,5,43.3,42.3,7,85.7,59.1,15,1,6.7,1,16.0,317,405,78.3,6121,2560,128,142,90.1,139,166,83.7,43,81,53.1,3,1.6,1.1,9,25,8,1,33,405,353,52,27,2,4,9,11,5,1,0,0,317,0,7,24,17,2,1,4,0,0,5,3,0,0,2,0,0,18,11,12,5,1,7,12,58.3,5,8,0,8,4,22,21,0,47.0,491,59,180,220,95,20,491,11,7,63.6,3,27.3,327,1379,628,15,6,4,12,10,313,33,1,0,0,16,17,0,9,4,11,0,2,0,34,8,19,29.6
2022-09-03,19:05,Liga MX,Apertura 2022 Regular Season,Sat,Home,D,0,0,Atlas,UNAM,0.4,0.8,56,19040.0,Hugo Nervo,5-3-2,Luis Santander,5,0,0.0,0.0,,14.9,0,0,0,0.4,0.4,0.08,-0.4,-0.4,4,4,100.0,1.0,0.9,0.9,0.0,0.0,0.0,0.0,7,17,41.2,38,3,34.2,32.4,10,40.0,44.1,22,0,0.0,0,11.0,413,525,78.7,8538,3348,146,169,86.4,200,227,88.1,61,107,57.0,0,0.4,0.7,5,36,6,2,39,525,474,47,19,0,10,17,15,2,1,1,0,413,4,10,10,6,2,1,0,1,0,0,0,0,0,0,0,0,13,8,3,9,1,11,25,44.0,14,6,3,3,14,27,19,0,56.0,633,71,216,314,107,12,633,27,12,44.4,12,44.4,305,1373,751,13,7,3,22,10,410,39,1,0,0,11,15,4,17,14,8,0,0,0,56,19,23,45.2,17,4,23.5,0.0,0.0,20.6,0,0,0,0.8,0.8,0.05,-0.8,-0.8,0,0,,1.0,0.0,0.0,0.0,0.0,0.0,0.0,6,15,40.0,22,4,50.0,36.0,6,66.7,52.3,13,1,7.7,1,17.0,295,408,72.3,5693,2382,111,129,86.0,135,172,78.5,40,86,46.5,0,0.7,1.0,14,23,13,5,29,408,363,41,15,1,1,24,13,6,1,4,0,295,4,4,30,21,4,1,0,2,2,0,0,0,0,0,0,0,22,13,12,10,0,12,24,50.0,12,9,1,8,12,34,21,0,44.0,528,45,163,283,93,30,528,26,14,53.8,11,42.3,242,1606,945,19,14,5,20,2,290,28,2,0,0,15,10,4,24,12,13,0,0,0,63,23,19,54.8
2022-09-07,20:00,Liga MX,Apertura 2022 Regular Season,Wed,Away,L,0,1,Atlas,Mazatlán,1.6,1.3,57,9198.0,Hugo Nervo,4-4-2,Fernando Hernández,25,5,20.0,0.0,0.0,17.7,0,0,0,1.6,1.6,0.06,-1.6,-1.6,6,5,83.3,0.0,0.7,-0.3,0.0,0.0,0.0,0.0,7,15,46.7,32,4,37.5,33.3,8,37.5,36.6,6,0,0.0,0,13.5,400,510,78.4,8309,2890,135,156,86.5,187,222,84.2,71,112,63.4,0,1.2,1.3,18,36,10,1,50,510,464,44,9,2,10,29,17,8,0,6,0,400,2,8,41,30,6,0,5,0,0,0,0,0,0,0,0,0,15,10,5,9,1,7,15,46.7,8,10,2,8,5,20,16,1,57.0,608,50,150,287,174,32,608,12,6,50.0,4,33.3,270,1384,676,17,14,5,7,6,388,48,2,0,0,5,8,2,29,5,10,0,0,0,43,19,15,55.9,14,6,42.9,0.07,0.17,19.1,1,0,0,1.3,1.3,0.1,-0.3,-0.3,5,5,100.0,1.0,1.0,1.0,0.0,0.0,0.0,0.0,6,23,26.1,39,3,33.3,31.9,16,75.0,51.3,21,1,4.8,0,11.8,283,380,74.5,5462,2077,105,124,84.7,135,162,83.3,35,70,50.0,0,0.9,0.8,12,20,4,3,21,380,330,49,6,0,3,10,23,3,0,2,0,283,1,12,25,16,3,3,1,1,1,1,0,0,0,0,0,1,10,7,6,4,0,4,10,40.0,6,12,6,6,15,25,23,0,43.0,486,75,181,222,94,14,486,17,8,47.1,7,41.2,275,1547,920,18,13,4,7,8,279,21,1,0,0,8,5,1,10,15,7,0,0,0,38,15,19,44.1
2022-09-11,18:05,Liga MX,Apertura 2022 Regular Season,Sun,Home,L,1,3,Atlas,Atlético,1.0,0.6,52,10308.0,Emanuel Aguilera,4-1-2-1-2◆,Oscar Mejia,15,3,20.0,0.07,0.33,22.0,0,0,0,1.0,1.0,0.07,0.0,0.0,4,1,25.0,0.0,1.3,-1.7,0.0,0.0,0.0,0.0,1,11,9.1,25,6,32.0,32.7,6,50.0,42.7,20,0,0.0,0,14.0,342,436,78.4,6824,2372,115,126,91.3,173,195,88.7,47,98,48.0,0,1.0,0.6,12,26,4,3,23,436,393,41,11,0,5,18,16,4,1,3,0,342,2,6,25,21,2,0,1,1,0,1,0,0,0,1,0,0,17,14,5,11,1,5,14,35.7,9,3,1,2,10,27,22,0,52.0,544,45,205,258,84,8,544,11,6,54.5,2,18.2,323,1336,536,9,8,1,11,12,336,23,2,0,0,12,10,2,18,10,14,0,0,0,47,13,24,35.1,10,4,40.0,0.3,0.75,14.2,0,0,0,0.6,0.6,0.06,2.4,2.4,3,2,66.7,0.0,0.2,-0.8,0.0,0.0,0.0,0.0,6,9,66.7,16,5,25.0,29.3,9,55.6,51.1,16,1,6.3,0,5.5,293,401,73.1,5699,2202,113,134,84.3,150,182,82.4,30,68,44.1,3,0.5,0.5,8,28,5,4,29,401,353,47,14,3,2,22,18,4,0,3,0,293,1,2,18,12,1,3,0,1,1,6,4,1,1,0,0,0,14,7,5,5,4,2,8,25.0,6,9,4,5,3,17,18,0,48.0,488,46,155,242,98,13,488,14,9,64.3,5,35.7,290,1639,808,15,10,6,14,12,291,28,1,0,0,10,11,1,22,3,7,0,0,0,44,24,13,64.9
2022-09-17,19:05,Liga MX,Apertura 2022 Regular Season,Sat,Away,L,0,2,Atlas,Monterrey,0.9,0.9,47,36124.0,Hugo Nervo,4-4-2,Marco Ortíz,8,5,62.5,0.0,0.0,17.9,0,0,0,0.9,0.9,0.12,-0.9,-0.9,4,2,50.0,0.0,0.4,-1.6,0.0,0.0,0.0,0.0,6,17,35.3,27,3,40.7,36.9,9,66.7,46.9,12,0,0.0,0,,342,446,76.7,6863,2767,124,149,83.2,160,186,86.0,54,95,56.8,0,0.5,0.7,6,26,3,2,33,446,395,50,13,1,7,10,24,1,0,1,0,342,1,7,16,14,1,1,0,0,0,0,0,0,0,0,0,0,13,10,4,7,2,3,8,37.5,5,12,4,8,7,20,19,0,47.0,555,65,184,299,79,11,555,16,6,37.5,8,50.0,254,1200,538,14,7,5,20,8,340,33,2,0,0,7,12,1,10,7,10,0,0,0,47,17,16,51.5,16,4,25.0,0.13,0.5,22.2,0,0,0,0.9,0.9,0.06,1.1,1.1,5,5,100.0,1.0,0.8,0.8,0.0,0.0,0.0,0.0,4,11,36.4,42,7,19.0,27.0,7,42.9,35.6,10,1,10.0,1,14.2,389,502,77.5,7499,2917,135,155,87.1,201,237,84.8,48,90,53.3,2,0.9,0.7,14,32,7,2,37,502,458,43,8,0,3,16,21,6,4,2,0,389,1,9,28,20,4,2,2,0,0,4,1,2,1,0,0,0,16,10,9,6,1,8,14,57.1,6,7,0,7,16,32,9,0,53.0,589,54,174,309,109,18,589,10,5,50.0,3,30.0,251,1490,688,14,8,2,12,10,380,36,2,0,0,12,7,1,16,16,10,0,0,0,47,16,17,48.5
2022-10-01,19:05,Liga MX,Apertura 2022 Regular Season,Sat,Home,W,1,0,Atlas,Necaxa,0.8,0.6,45,23649.0,Hugo Nervo,5-3-2,Victor Caceres,11,2,18.2,0.09,0.5,15.0,0,0,0,0.8,0.8,0.08,0.2,0.2,2,2,100.0,1.0,0.2,0.2,0.0,0.0,0.0,0.0,10,23,43.5,34,3,50.0,41.7,10,60.0,50.9,11,0,0.0,1,21.0,302,407,74.2,6384,2565,97,111,87.4,137,173,79.2,56,99,56.6,1,0.8,0.4,10,23,5,2,25,407,356,50,17,0,10,10,21,1,0,1,0,302,1,6,18,12,3,0,1,1,1,2,0,1,0,0,1,0,11,8,7,2,2,5,16,31.3,11,9,5,4,10,21,19,1,45.0,511,74,206,227,81,15,511,15,5,33.3,7,46.7,219,1198,604,9,9,2,17,8,297,24,0,0,0,9,14,1,10,10,8,0,0,0,45,21,21,50.0,14,2,14.3,0.0,0.0,20.1,0,0,0,0.6,0.6,0.04,-0.6,-0.6,2,1,50.0,0.0,0.2,-0.8,0.0,0.0,0.0,0.0,1,15,6.7,30,5,33.3,36.9,8,62.5,45.3,8,0,0.0,1,16.0,390,496,78.6,7791,2638,122,142,85.9,214,249,85.9,50,87,57.5,0,0.6,0.7,12,44,11,3,48,496,444,49,10,0,5,14,25,4,3,1,0,390,3,5,23,16,3,1,3,0,0,0,0,0,0,0,0,0,15,10,9,4,2,7,12,58.3,5,11,5,6,12,27,13,0,55.0,598,55,156,315,131,23,598,18,11,61.1,5,27.8,302,1675,836,13,5,1,10,6,387,47,2,0,0,14,9,3,14,12,10,0,0,0,48,21,21,50.0
2023-01-12,21:05,Liga MX,Clausura 2023 Regular Season,Thu,Home,W,2,1,Atlas,Mazatlán,3.8,0.5,54,12794.0,Aldo Rocha,4-4-2,Ismael Lopez,21,9,42.9,0.05,0.11,19.5,1,1,1,3.8,3.0,0.15,-1.8,-2.0,3,2,66.7,0.0,0.9,-0.1,0.0,0.0,0.0,0.0,7,16,43.8,37,4,24.3,29.7,12,58.3,42.7,9,0,0.0,1,27.0,350,469,74.6,6461,2718,149,177,84.2,146,176,83.0,44,86,51.2,0,2.0,1.5,13,28,6,4,32,469,408,59,13,4,0,23,24,8,3,2,0,350,2,8,38,23,5,2,5,3,0,3,0,1,0,1,1,0,15,8,10,4,1,9,17,52.9,8,9,0,9,11,26,11,0,54.0,574,49,199,246,135,33,573,13,6,46.2,4,30.8,284,1592,627,14,6,4,10,8,349,32,3,0,0,14,14,2,23,11,8,1,0,0,49,19,22,46.3,11,3,27.3,0.09,0.33,22.8,0,0,0,0.5,0.5,0.04,0.5,0.5,10,8,90.0,0.0,3.1,1.1,1.0,1.0,0.0,0.0,5,15,33.3,40,5,35.0,32.6,6,16.7,29.5,15,3,20.0,2,15.0,302,406,74.4,5621,2104,128,148,86.5,143,175,81.7,28,58,48.3,0,0.3,0.3,9,25,2,0,28,406,357,48,16,0,2,16,23,0,0,0,0,302,1,10,19,17,0,1,1,0,0,1,0,0,0,1,0,0,12,8,3,6,3,4,10,40.0,6,12,6,6,13,25,30,0,46.0,535,87,195,231,116,8,535,20,8,40.0,9,45.0,281,1760,1039,19,16,2,13,6,301,28,2,0,0,14,13,1,16,13,8,0,1,0,52,22,19,53.7
2023-01-22,17:00,Liga MX,Clausura 2023 Regular Season,Sun,Away,D,3,3,Atlas,Querétaro,2.4,2.3,51,,Aldo Rocha,4-4-2,Óscar Macias,15,7,46.7,0.2,0.43,17.8,1,0,0,2.4,2.4,0.16,0.6,0.6,5,2,60.0,0.0,2.4,-0.6,2.0,1.0,0.0,1.0,8,22,36.4,25,4,56.0,43.3,11,72.7,53.1,13,3,23.1,0,6.0,314,432,72.7,5742,2546,144,164,87.8,134,157,85.4,33,90,36.7,3,2.2,1.1,11,24,4,1,33,432,381,50,8,1,1,15,26,3,1,2,0,314,1,8,26,22,1,1,1,1,0,5,3,0,1,1,0,0,23,7,13,7,3,8,14,57.1,6,7,1,6,7,30,31,0,51.0,552,59,190,250,115,18,552,18,3,16.7,14,77.8,303,1122,481,10,7,3,9,10,313,33,1,0,0,14,8,1,15,7,7,0,2,0,59,27,22,55.1,13,4,30.8,0.15,0.5,24.9,0,1,2,2.3,0.8,0.07,0.7,1.2,7,4,57.1,0.0,3.4,0.4,0.0,0.0,0.0,0.0,6,16,37.5,28,5,28.6,35.4,13,61.5,47.9,14,0,0.0,0,11.0,261,372,70.2,5075,2110,117,136,86.0,105,135,77.8,38,86,44.2,2,0.7,0.7,10,20,5,1,26,372,319,53,11,0,3,19,20,5,1,4,0,261,0,7,20,15,3,0,0,0,2,4,3,0,0,0,0,1,20,16,10,8,2,13,15,86.7,2,5,0,5,13,29,11,0,49.0,484,54,146,222,119,19,482,14,5,35.7,8,57.1,259,1269,646,10,8,1,12,14,260,32,2,0,0,9,12,0,19,13,16,0,0,0,53,22,27,44.9
2023-01-26,21:05,Liga MX,Clausura 2023 Regular Season,Thu,Home,D,2,2,Atlas,Santos,1.0,0.5,72,14073.0,Aldo Rocha,4-3-3,Marco Ortíz,13,4,30.8,0.15,0.5,18.6,0,0,0,1.0,1.0,0.08,1.0,1.0,2,0,0.0,0.0,1.0,-1.0,0.0,0.0,0.0,0.0,4,14,28.6,38,5,34.2,34.8,8,12.5,32.1,4,0,0.0,2,15.6,584,708,82.5,10624,3344,248,278,89.2,264,288,91.7,60,105,57.1,2,0.8,1.4,10,51,8,3,53,708,646,60,13,2,6,30,27,9,1,7,1,584,2,15,19,15,3,1,0,0,0,4,4,0,0,0,0,0,16,9,6,8,2,6,11,54.5,5,8,4,4,11,27,8,0,72.0,811,35,150,451,216,27,811,15,8,53.3,7,46.7,496,2522,1190,19,16,3,23,13,574,52,3,0,0,11,10,2,30,11,9,0,0,0,60,13,21,38.2,11,2,18.2,0.18,1.0,21.4,0,0,0,0.5,0.5,0.05,1.5,1.5,4,2,50.0,0.0,1.1,-0.9,0.0,0.0,0.0,0.0,7,14,50.0,12,3,58.3,46.6,11,63.6,46.9,19,2,10.5,1,14.0,193,277,69.7,3720,1920,83,105,79.0,77,98,78.6,29,58,50.0,2,0.5,0.4,9,11,2,1,17,277,226,49,13,0,5,8,21,1,1,0,0,193,2,7,19,14,1,1,1,0,2,3,3,0,0,0,0,0,20,7,13,6,1,7,15,46.7,8,12,2,10,23,43,34,0,28.0,440,64,197,183,65,16,440,14,5,35.7,6,42.9,183,1335,535,14,6,7,30,10,191,16,1,0,0,11,11,2,8,23,7,0,0,0,59,21,13,61.8
2023-02-01,20:05,Liga MX,Clausura 2023 Regular Season,Wed,Home,D,0,0,Atlas,Toluca,0.5,0.9,41,14786.0,Hugo Nervo,4-3-3,Luis Santander,11,2,18.2,0.0,0.0,21.4,2,0,0,0.5,0.5,0.04,-0.5,-0.5,4,4,100.0,1.0,0.2,0.2,0.0,0.0,0.0,0.0,14,22,63.6,29,3,69.0,50.7,5,40.0,40.4,15,0,0.0,4,19.0,276,385,71.7,6522,2988,92,120,76.7,112,143,78.3,67,106,63.2,0,0.2,0.4,5,29,7,3,22,385,330,53,18,0,9,18,24,5,1,2,0,276,2,9,18,10,3,0,2,2,1,0,0,0,0,0,0,0,23,14,11,9,3,10,23,43.5,13,16,5,11,10,33,15,0,41.0,512,52,158,223,136,15,512,21,9,42.9,9,42.9,253,1240,523,6,7,4,22,9,276,22,1,0,0,13,15,2,18,10,14,0,0,0,60,21,17,55.3,15,4,26.7,0.0,0.0,22.3,3,0,0,0.9,0.9,0.06,-0.9,-0.9,2,2,100.0,1.0,0.2,0.2,0.0,0.0,0.0,0.0,6,17,35.3,29,3,44.8,40.4,7,57.1,44.9,16,2,12.5,2,14.4,458,557,82.2,9734,3525,157,173,90.8,230,262,87.8,69,101,68.3,0,0.8,0.9,12,44,12,1,51,557,500,55,12,1,8,18,28,7,2,3,1,458,2,12,29,19,3,2,1,3,1,0,0,0,0,0,0,0,18,8,7,8,3,9,18,50.0,9,14,5,9,7,25,17,1,59.0,678,62,202,328,159,22,678,26,13,50.0,10,38.5,323,1939,905,12,18,1,24,13,453,50,2,0,0,18,13,2,18,7,8,0,0,0,51,17,21,44.7
2023-02-05,12:00,Liga MX,Clausura 2023 Regular Season,Sun,Away,D,2,2,Atlas,UNAM,1.1,2.4,61,15515.0,Hugo Nervo,4-4-2,Daniel Quintero,11,2,18.2,0.18,1.0,21.6,1,0,0,1.1,1.1,0.1,0.9,0.9,5,2,60.0,0.0,2.2,0.2,1.0,0.0,1.0,0.0,1,13,7.7,25,1,36.0,38.8,11,36.4,32.8,8,0,0.0,0,14.9,400,507,78.9,8364,3026,143,166,86.1,179,202,88.6,72,121,59.5,1,1.0,0.8,9,50,4,2,42,507,453,51,8,5,16,28,24,5,2,3,0,400,3,11,22,18,1,2,0,1,0,4,3,0,0,0,1,0,18,12,5,10,3,8,13,61.5,5,6,3,3,17,35,14,0,61.0,614,50,152,354,113,13,614,17,6,35.3,10,58.8,318,1731,747,18,6,2,14,12,392,42,4,0,0,10,8,3,28,17,12,0,1,0,56,12,27,30.8,12,4,33.3,0.17,0.5,18.8,0,0,1,2.4,1.6,0.14,-0.4,0.4,2,0,0.0,0.0,1.1,-0.9,0.0,0.0,0.0,0.0,6,18,33.3,17,5,41.2,39.6,12,91.7,62.2,19,1,5.3,0,4.0,233,323,72.1,4719,2347,94,118,79.7,100,126,79.4,36,71,50.7,2,1.7,0.9,12,13,0,0,14,323,273,49,12,4,3,9,18,4,2,2,0,233,1,4,22,14,5,0,2,1,0,2,0,1,0,1,0,0,22,10,7,14,1,10,16,62.5,6,11,4,7,11,33,28,0,39.0,452,54,152,239,65,16,451,16,5,31.3,8,50.0,227,1378,660,14,11,2,16,10,225,13,4,1,1,8,9,1,9,11,10,1,0,0,54,27,12,69.2
2023-02-09,21:05,Liga MX,Clausura 2023 Regular Season,Thu,Home,L,0,2,Atlas,Monterrey,0.7,1.5,56,12465.0,Aldo Rocha,3-4-1-2,Oscar Mejia,16,4,25.0,0.0,0.0,21.7,1,0,0,0.7,0.7,0.04,-0.7,-0.7,6,4,66.7,0.0,1.8,-0.2,0.0,0.0,0.0,0.0,7,15,46.7,23,4,52.2,38.7,8,37.5,40.8,11,0,0.0,1,16.5,466,582,80.1,9182,3399,192,211,91.0,186,223,83.4,72,112,64.3,0,0.4,0.6,11,44,8,3,45,582,533,44,8,2,15,26,20,5,2,2,0,466,5,8,28,21,2,2,1,1,1,0,0,0,0,0,0,0,14,8,9,1,4,7,16,43.8,9,7,2,5,8,22,17,0,56.0,681,44,171,361,151,19,681,12,5,41.7,7,58.3,342,1611,864,15,13,2,13,9,461,45,1,0,0,14,5,5,26,8,8,0,0,0,62,20,16,55.6,16,6,37.5,0.13,0.33,19.0,1,0,0,1.5,1.5,0.1,0.5,0.5,4,4,100.0,1.0,0.3,0.3,0.0,0.0,0.0,0.0,11,21,52.4,35,3,42.9,37.2,12,50.0,41.1,20,1,5.0,0,11.8,354,456,77.6,6772,2818,164,187,87.7,135,164,82.3,51,95,53.7,2,1.4,1.1,13,26,3,1,29,456,408,46,17,1,2,13,12,4,1,2,0,354,2,4,28,17,4,1,3,2,1,4,3,0,0,1,0,0,16,8,4,11,1,7,12,58.3,5,11,4,7,10,26,24,1,44.0,577,72,189,274,118,17,577,20,9,45.0,7,35.0,275,1427,748,14,10,3,17,7,347,29,3,0,0,7,13,2,13,10,8,0,0,0,53,16,20,44.4
2023-02-18,19:05,Liga MX,Clausura 2023 Regular Season,Sat,Home,L,0,1,Atlas,UANL,0.7,1.3,44,17315.0,Aldo Rocha,3-4-1-2,Adonai Escobedo,10,2,20.0,0.0,0.0,21.3,3,0,0,0.7,0.7,0.08,-0.7,-0.7,4,2,75.0,0.0,1.5,0.5,1.0,0.0,1.0,0.0,7,18,38.9,25,0,48.0,39.2,7,85.7,68.3,10,0,0.0,2,22.0,280,396,70.7,5710,2460,89,111,80.2,156,200,78.0,35,76,46.1,0,0.4,0.4,6,24,5,2,37,396,340,54,13,1,2,16,30,2,0,2,0,280,2,6,17,9,4,1,0,3,0,0,0,0,0,0,0,0,17,10,10,6,1,10,16,62.5,6,7,1,6,11,28,12,0,44.0,499,40,166,234,107,20,499,20,7,35.0,10,50.0,234,950,401,9,14,2,15,9,273,37,5,0,0,15,14,2,16,11,10,0,1,0,46,26,32,44.8,9,3,33.3,0.11,0.33,23.4,1,0,1,1.3,0.5,0.06,-0.3,0.5,2,2,100.0,1.0,0.6,0.6,0.0,0.0,0.0,0.0,10,29,34.5,37,1,67.6,46.5,6,66.7,46.7,14,2,14.3,0,9.4,387,494,78.3,7206,2701,175,193,90.7,162,191,84.8,49,94,52.1,1,0.5,0.6,7,38,4,3,31,494,445,45,15,0,1,11,18,5,2,2,0,387,4,7,18,13,1,2,0,2,0,2,2,0,0,0,0,0,19,9,12,7,0,10,17,58.8,7,6,1,5,11,30,19,0,56.0,603,56,204,294,114,9,602,20,6,30.0,10,50.0,275,1446,635,11,9,3,14,7,382,31,5,1,0,14,14,4,11,11,9,1,0,0,53,32,26,55.2
2023-02-22,20:05,Liga MX,Clausura 2023 Regular Season,Wed,Away,L,0,1,Atlas,Cruz Azul,0.4,1.0,51,39254.0,Aldo Rocha,3-4-3,César Arturo Ramos,9,3,33.3,0.0,0.0,25.2,0,0,0,0.4,0.4,0.04,-0.4,-0.4,3,2,66.7,0.0,0.9,-0.1,0.0,0.0,0.0,0.0,15,27,55.6,34,6,55.9,41.6,13,61.5,55.2,18,0,0.0,2,14.8,397,511,77.7,7762,3308,166,186,89.2,160,190,84.2,62,113,54.9,0,0.4,0.4,8,34,5,2,39,511,456,55,9,0,7,20,26,5,1,4,0,397,0,8,14,12,1,0,1,0,0,0,0,0,0,0,0,0,19,12,13,6,0,11,21,52.4,10,15,5,10,13,32,19,1,51.0,627,67,180,315,138,7,627,16,8,50.0,6,37.5,287,1182,552,9,11,2,17,6,391,38,3,0,0,11,8,0,20,13,12,0,0,0,61,21,26,44.7,15,3,20.0,0.07,0.33,19.3,0,0,0,1.0,1.0,0.07,0.0,0.0,3,3,100.0,1.0,0.2,0.2,0.0,0.0,0.0,0.0,5,21,23.8,23,4,65.2,45.8,11,54.5,47.1,15,1,6.7,1,13.6,383,496,77.2,7046,2534,159,183,86.9,175,205,85.4,41,85,48.2,1,0.9,1.2,12,21,14,6,34,496,437,59,11,2,6,24,31,5,0,4,0,383,0,12,28,21,2,2,2,0,1,2,1,0,1,0,0,0,12,10,5,6,1,6,14,42.9,8,6,1,5,9,21,24,0,49.0,617,63,183,281,163,26,617,22,10,45.5,11,50.0,353,2002,1026,17,16,1,22,8,382,34,2,0,0,9,10,0,24,9,10,0,0,0,67,26,21,55.3
2023-02-25,21:05,Liga MX,Clausura 2023 Regular Season,Sat,Home,D,2,2,Atlas,América,0.4,1.3,46,29814.0,Aldo Rocha,4-4-2,Luis Santander,9,4,44.4,0.22,0.5,22.6,1,0,0,0.4,0.4,0.05,1.6,1.6,5,3,60.0,0.0,1.2,-0.8,0.0,0.0,0.0,0.0,9,26,34.6,30,2,60.0,46.4,10,80.0,62.9,22,0,0.0,3,21.1,299,428,69.9,5917,2448,122,153,79.7,134,161,83.2,39,89,43.8,1,0.2,0.7,5,29,6,3,24,428,384,42,8,2,4,16,20,1,0,1,0,299,2,11,14,12,1,0,0,1,0,4,3,0,0,0,1,0,14,8,12,2,0,6,20,30.0,14,13,7,6,8,22,31,1,46.0,562,83,206,245,116,18,562,34,13,38.2,17,50.0,273,1240,570,11,4,2,12,6,295,22,3,0,0,13,8,2,16,8,8,0,0,0,53,28,21,57.1,18,5,27.8,0.11,0.4,19.4,1,0,0,1.3,1.3,0.07,0.7,0.7,4,2,50.0,0.0,1.1,-0.9,0.0,0.0,0.0,0.0,8,21,38.1,23,2,60.9,45.5,7,100.0,57.7,11,0,0.0,0,11.7,382,506,75.5,7388,2562,161,187,86.1,160,197,81.2,57,105,54.3,2,1.0,1.0,13,38,5,0,43,506,456,50,14,4,4,26,19,7,0,6,0,382,0,6,35,21,5,4,3,2,0,4,4,0,0,0,0,0,23,13,14,8,1,17,30,56.7,13,8,0,8,17,40,21,0,54.0,631,54,193,287,160,23,631,23,14,60.9,6,26.1,312,1953,1078,25,14,6,13,8,377,43,0,0,0,9,13,0,26,17,13,0,0,0,55,21,28,42.9
2023-03-03,19:15,Liga MX,Clausura 2023 Regular Season,Fri,Away,D,1,1,Atlas,Tijuana,1.6,0.8,52,24533.0,Aldo Rocha,4-4-2,Daniel Quintero,14,6,42.9,0.07,0.17,20.5,2,0,0,1.6,1.6,0.12,-0.6,-0.6,2,1,50.0,0.0,0.6,-0.4,0.0,0.0,0.0,0.0,8,19,42.1,20,2,65.0,43.3,9,66.7,47.2,20,0,0.0,0,12.0,341,471,72.4,6533,2954,140,171,81.9,143,177,80.8,50,96,52.1,1,1.4,0.9,11,37,8,3,38,471,417,53,15,4,4,20,23,4,2,2,0,341,1,10,27,21,1,3,0,2,0,2,2,0,0,0,0,0,19,11,8,10,1,7,18,38.9,11,15,3,12,11,30,30,1,52.0,607,61,174,319,122,13,607,28,14,50.0,12,42.9,383,1530,677,17,10,3,17,10,338,37,3,0,0,15,13,1,20,11,11,0,0,0,66,14,25,35.9,9,2,22.2,0.11,0.5,13.3,0,0,0,0.8,0.8,0.09,0.2,0.2,6,5,83.3,0.0,2.0,1.0,0.0,0.0,0.0,0.0,3,4,75.0,25,4,8.0,27.4,7,28.6,35.6,18,0,0.0,0,20.0,317,442,71.7,6495,2993,111,142,78.2,150,188,79.8,53,91,58.2,1,0.7,0.7,7,34,3,2,44,442,386,54,16,1,1,22,24,5,0,2,0,317,2,15,15,9,3,1,1,1,0,1,0,0,0,1,0,0,22,10,10,12,0,12,26,46.2,14,14,3,11,9,31,22,0,48.0,577,54,188,254,142,22,577,21,11,52.4,7,33.3,243,1462,712,19,8,3,25,12,314,44,3,0,0,15,13,2,22,9,10,0,0,0,67,25,14,64.1
2023-03-11,17:00,Liga MX,Clausura 2023 Regular Season,Sat,Home,L,0,1,Atlas,León,1.1,1.0,56,11555.0,Aldo Rocha,4-4-2,Marco Ortíz,21,4,19.0,0.0,0.0,19.4,1,0,0,1.1,1.1,0.05,-1.1,-1.1,5,4,80.0,0.0,0.8,-0.2,0.0,0.0,0.0,0.0,9,14,64.3,21,3,42.9,38.1,14,35.7,35.0,8,1,12.5,2,15.4,436,536,81.3,7992,3364,223,242,92.1,145,178,81.5,58,87,66.7,0,0.9,0.7,16,40,11,2,51,536,475,61,13,0,7,31,25,7,3,4,0,436,0,14,39,27,4,2,2,3,1,0,0,0,0,0,0,0,27,15,12,9,6,14,26,53.8,12,11,5,6,18,45,13,0,56.0,681,62,182,333,172,25,681,24,15,62.5,7,29.2,397,2288,1225,31,21,7,21,13,432,51,2,0,0,6,12,0,31,18,15,0,0,0,56,12,6,66.7,19,5,26.3,0.05,0.2,20.7,0,0,0,1.0,1.0,0.06,0.0,0.0,4,4,100.0,1.0,0.4,0.4,0.0,0.0,0.0,0.0,5,18,27.8,24,4,45.8,41.5,15,46.7,37.5,20,0,0.0,0,7.7,331,428,77.3,6216,2465,146,159,91.8,132,162,81.5,45,91,49.5,1,0.4,0.5,10,25,7,3,22,428,381,46,6,0,3,11,21,3,1,1,0,331,1,6,26,17,3,1,4,0,1,1,1,0,0,0,0,0,20,13,14,5,1,7,22,31.8,15,18,6,12,8,28,27,0,44.0,563,84,193,229,149,24,563,27,12,44.4,14,51.9,273,1703,899,20,20,6,14,13,328,21,2,0,0,13,5,1,11,8,13,0,0,0,63,6,12,33.3
2023-03-17,19:00,Liga MX,Clausura 2023 Regular Season,Fri,Away,W,4,0,Atlas,Puebla,0.9,1.0,49,15711.0,Aldo Rocha,5-3-2,Óscar Macias,11,5,45.5,0.27,0.6,17.4,2,0,0,0.9,0.9,0.09,2.1,2.1,6,6,100.0,1.0,1.3,1.3,0.0,0.0,0.0,0.0,7,18,38.9,30,4,36.7,35.7,14,50.0,40.3,14,0,0.0,0,,411,506,81.2,7411,2776,196,206,95.1,158,188,84.0,50,88,56.8,0,0.5,0.3,8,20,7,1,24,506,467,37,8,2,7,6,12,2,1,1,0,411,2,8,22,17,1,1,1,2,0,6,4,0,0,0,2,0,15,7,6,6,3,8,12,66.7,4,8,2,6,13,28,12,1,49.0,594,64,181,350,73,10,594,10,9,90.0,1,10.0,241,1327,660,11,11,1,8,6,408,24,0,0,0,11,10,2,6,13,7,0,0,0,41,15,15,50.0,14,6,42.9,0.0,0.0,21.7,0,0,0,1.0,1.0,0.07,-1.0,-1.0,5,2,20.0,0.0,1.4,-1.6,0.0,0.0,0.0,0.0,4,8,50.0,18,4,33.3,34.4,8,25.0,28.5,5,0,0.0,2,25.3,442,523,84.5,8467,3014,175,194,90.2,210,238,88.2,53,80,66.3,0,0.9,0.8,12,40,3,2,33,523,479,44,12,0,4,14,16,3,3,0,0,442,0,6,21,17,2,0,0,2,0,0,0,0,0,0,0,0,7,5,3,4,0,1,10,10.0,9,10,2,8,10,17,5,0,51.0,625,50,155,380,95,13,625,12,4,33.3,8,66.7,373,1542,744,14,12,4,15,7,434,33,3,0,0,11,11,0,14,10,5,0,0,1,46,15,15,50.0
2023-04-01,21:10,Liga MX,Clausura 2023 Regular Season,Sat,Home,D,3,3,Atlas,Guadalajara,2.2,1.6,57,27955.0,Aldo Rocha,5-3-2,César Arturo Ramos,22,11,50.0,0.14,0.27,16.2,0,0,0,2.2,2.2,0.11,0.8,0.8,11,8,72.7,0.0,2.8,-0.2,0.0,0.0,0.0,0.0,4,9,44.4,15,4,33.3,36.4,12,33.3,36.6,8,1,12.5,0,9.0,377,468,80.6,7765,3048,135,158,85.4,173,196,88.3,66,106,62.3,2,2.0,1.7,19,40,15,3,47,468,414,53,10,4,6,23,19,8,2,5,0,377,1,5,40,30,4,2,4,0,0,4,1,1,0,2,0,0,19,13,13,3,3,10,24,41.7,14,6,1,5,13,32,13,0,57.0,601,54,178,283,147,39,601,30,13,43.3,16,53.3,381,1637,873,17,10,5,20,7,372,46,7,0,0,10,9,1,23,13,13,0,0,0,46,21,16,56.8,19,11,57.9,0.16,0.27,20.2,3,0,0,1.6,1.6,0.09,1.4,1.4,11,8,72.7,0.0,3.5,0.5,0.0,0.0,0.0,0.0,3,10,30.0,15,4,33.3,39.5,10,50.0,47.1,18,0,0.0,1,13.3,275,355,77.5,5578,2155,101,115,87.8,121,140,86.4,48,85,56.5,2,0.9,0.7,11,34,2,0,28,355,308,47,8,1,7,12,23,2,0,2,0,275,0,7,33,19,5,4,2,3,0,4,4,0,0,0,0,0,23,11,12,9,2,16,29,55.2,13,8,4,4,5,28,30,0,43.0,480,65,180,199,108,16,480,24,14,58.3,10,41.7,222,1470,752,18,11,6,15,9,271,27,5,0,0,10,9,0,12,5,11,0,0,0,50,16,21,43.2
2023-04-09,20:10,Liga MX,Clausura 2023 Regular Season,Sun,Away,D,1,1,Atlas,FC Juárez,1.1,1.4,63,12264.0,Aldo Rocha,5-3-2,Adonai Escobedo,17,3,17.6,0.06,0.33,20.9,0,0,0,1.1,1.1,0.06,-0.1,-0.1,3,2,66.7,0.0,1.4,0.4,0.0,0.0,0.0,0.0,5,5,100.0,29,7,10.3,25.7,6,33.3,38.7,9,0,0.0,2,22.0,540,623,86.7,11535,3737,174,193,90.2,260,282,92.2,100,129,77.5,1,1.0,0.9,15,62,9,5,56,623,585,38,9,2,11,30,14,7,4,2,0,540,0,9,32,28,2,1,1,0,0,2,2,0,0,0,0,0,16,10,7,8,1,7,22,31.8,15,8,1,7,5,21,15,0,63.0,722,51,174,300,252,19,722,12,6,50.0,5,41.7,369,1807,1026,25,22,6,15,7,535,56,6,1,1,12,8,0,30,5,10,0,0,0,51,19,17,52.8,10,3,30.0,0.1,0.33,17.5,2,0,0,1.4,1.4,0.14,-0.4,-0.4,3,2,66.7,0.0,1.0,0.0,0.0,0.0,0.0,0.0,3,17,17.6,27,3,37.0,37.0,10,70.0,60.6,23,3,13.0,0,10.1,285,365,78.1,6039,2238,101,117,86.3,123,140,87.9,53,87,60.9,0,1.3,0.9,7,23,5,3,23,365,323,41,10,0,9,13,16,3,2,1,0,285,1,8,17,12,2,0,1,2,0,2,2,0,0,0,0,0,12,5,8,4,0,5,11,45.5,6,9,3,6,8,20,24,0,37.0,469,66,167,216,91,23,469,27,15,55.6,7,25.9,246,1247,655,21,10,7,13,9,278,22,3,2,1,8,11,1,13,8,5,0,0,0,49,17,19,47.2
2023-04-15,18:00,Liga MX,Clausura 2023 Regular Season,Sat,Home,W,4,1,Atlas,Pachuca,2.5,2.1,45,16307.0,Aldo Rocha,4-4-2,Edgar Morales,10,4,40.0,0.3,0.75,21.2,1,1,1,2.5,1.7,0.18,1.5,1.3,5,4,80.0,0.0,1.2,0.2,0.0,0.0,0.0,0.0,7,26,26.9,28,3,57.1,46.5,11,90.9,65.8,22,1,4.5,3,17.0,279,375,74.4,5881,2467,101,116,87.1,125,149,83.9,47,86,54.7,3,1.7,0.8,8,32,5,0,35,375,331,42,13,1,5,5,16,0,0,0,0,279,2,5,18,10,2,2,1,3,0,7,4,0,1,1,1,0,17,9,6,9,2,10,20,50.0,10,13,6,7,7,24,16,0,45.0,478,68,147,246,92,12,477,14,9,64.3,2,14.3,243,1082,494,8,8,2,12,11,277,34,0,0,0,18,13,2,5,7,9,1,0,0,48,16,18,47.1,16,5,31.3,0.06,0.2,17.8,3,0,0,2.1,2.1,0.13,-1.1,-1.1,5,1,40.0,0.0,3.5,-0.5,1.0,1.0,0.0,0.0,1,7,14.3,17,2,41.2,35.2,8,0.0,18.4,5,1,20.0,1,13.6,366,460,79.6,6479,2343,147,161,91.3,162,194,83.5,39,71,54.9,1,1.1,0.7,12,25,11,4,45,460,403,57,17,0,3,26,18,9,3,2,0,366,0,8,27,20,1,2,1,3,0,2,2,0,0,0,0,0,13,8,5,7,1,2,11,18.2,9,5,0,5,7,20,7,0,55.0,563,39,140,289,138,26,563,25,10,40.0,10,40.0,349,2081,1193,30,16,7,17,7,361,45,2,0,0,15,17,0,26,7,8,0,1,0,48,18,16,52.9
2023-04-21,20:05,Liga MX,Clausura 2023 Regular Season,Fri,Away,W,3,1,Atlas,Necaxa,2.0,0.9,51,15327.0,Aldo Rocha,4-4-2,Victor Caceres,13,6,46.2,0.23,0.5,20.3,4,0,0,2.0,2.0,0.17,1.0,1.0,4,3,75.0,0.0,0.9,-0.1,0.0,0.0,0.0,0.0,9,24,37.5,39,9,38.5,35.6,11,81.8,58.8,20,2,10.0,1,11.8,366,467,78.4,7113,2838,156,177,88.1,162,185,87.6,46,89,51.7,2,2.0,0.8,8,31,5,0,24,467,419,44,8,5,4,7,19,4,1,3,0,366,4,12,22,11,2,2,3,4,0,6,4,0,1,0,1,0,25,14,11,13,1,13,24,54.2,11,19,5,14,16,41,28,0,51.0,616,82,238,287,96,13,616,15,5,33.3,6,40.0,367,1952,753,8,5,2,17,6,364,24,0,0,0,9,9,4,7,16,14,0,0,0,46,18,16,52.9,17,4,23.5,0.06,0.25,22.3,0,0,0,0.9,0.9,0.05,0.1,0.1,6,3,50.0,0.0,1.9,-1.1,0.0,0.0,0.0,0.0,3,4,75.0,13,3,30.8,35.5,6,0.0,24.8,4,0,0.0,3,24.5,337,451,74.7,6448,2495,145,168,86.3,135,170,79.4,49,77,63.6,1,0.5,0.4,11,37,9,6,34,451,382,65,12,0,12,26,39,4,1,3,0,337,4,18,27,18,2,4,1,1,1,2,2,0,0,0,0,0,12,6,5,3,4,6,11,54.5,5,15,3,12,10,22,7,0,49.0,562,27,124,284,159,25,562,25,11,44.0,13,52.0,280,1669,926,20,10,3,16,12,336,34,3,0,0,9,8,4,26,10,6,0,0,0,45,16,18,47.1
2023-04-29,20:00,Liga MX,Clausura 2023 Regular Season,Sat,Away,D,0,0,Atlas,Atlético,0.9,2.2,40,19003.0,Aldo Rocha,4-4-2,Marco Ortíz,10,1,10.0,0.0,0.0,21.9,1,0,0,0.9,0.9,0.09,-0.9,-0.9,3,3,100.0,1.0,0.8,0.8,0.0,0.0,0.0,0.0,9,34,26.5,28,2,64.3,47.9,17,94.1,66.2,23,0,0.0,0,12.7,236,352,67.0,5328,2348,68,86,79.1,120,146,82.2,47,113,41.6,0,0.6,0.7,7,30,5,1,21,352,288,61,11,1,2,10,29,3,2,1,0,236,3,2,18,15,1,1,0,1,0,0,0,0,0,0,0,0,14,8,6,7,1,6,15,40.0,9,9,4,5,13,27,20,0,40.0,454,75,173,194,95,14,454,17,7,41.2,7,41.2,215,1034,485,10,7,3,18,8,231,21,2,1,1,8,12,3,10,13,8,0,0,0,55,17,24,41.5,24,3,12.5,0.0,0.0,14.4,0,0,0,2.2,2.2,0.09,-2.2,-2.2,1,1,100.0,1.0,0.0,0.0,0.0,0.0,0.0,0.0,2,4,50.0,10,6,20.0,29.1,12,16.7,28.5,10,1,10.0,0,14.3,434,535,81.1,7819,2874,191,213,89.7,183,209,87.6,47,91,51.6,0,2.2,1.4,23,59,15,7,43,535,484,51,11,2,3,29,18,9,0,9,0,434,0,6,43,32,7,1,3,0,0,0,0,0,0,0,0,0,15,6,10,5,0,7,14,50.0,7,4,1,3,7,22,28,1,60.0,662,58,166,329,170,31,662,15,9,60.0,6,40.0,339,1679,926,19,18,5,10,8,425,43,1,0,0,12,8,0,29,7,6,0,0,0,54,24,17,58.5
2023-05-06,18:00,Liga MX,Reclassification,Sat,Away,W,1,0,Atlas,Cruz Azul,1.3,1.6,27,49826.0,Aldo Rocha,4-4-2,César Arturo Ramos,11,2,18.2,0.09,0.5,19.0,1,0,0,1.3,1.3,0.14,-0.3,-0.3,4,4,100.0,1.0,1.7,1.7,0.0,0.0,0.0,0.0,8,33,24.2,16,0,87.5,65.4,19,100.0,66.4,18,0,0.0,2,20.3,150,267,56.2,3032,1687,70,85,82.4,44,73,60.3,26,76,34.2,1,0.6,0.4,7,19,4,1,22,267,215,49,7,0,4,9,18,4,3,1,0,150,3,10,16,11,2,0,2,0,1,2,2,0,0,0,0,0,16,9,9,5,2,9,21,42.9,12,13,5,8,13,29,27,0,27.0,393,69,148,170,79,17,393,15,6,40.0,8,53.3,165,846,287,9,9,6,15,10,146,21,3,0,0,11,6,3,9,13,9,0,0,0,47,15,28,34.9,17,4,23.5,0.0,0.0,15.8,0,0,0,1.6,1.6,0.09,-1.6,-1.6,2,1,50.0,0.0,0.5,-0.5,0.0,0.0,0.0,0.0,1,2,50.0,20,8,10.0,29.1,6,0.0,16.8,5,0,0.0,0,12.5,600,723,83.0,11568,3747,218,252,86.5,311,345,90.1,66,104,63.5,0,1.1,1.8,13,44,12,5,77,723,672,50,14,1,5,23,23,5,2,2,0,600,1,11,27,19,3,1,2,1,1,0,0,0,0,0,0,0,18,11,7,7,4,8,14,57.1,6,11,4,7,5,23,9,1,73.0,840,49,208,442,197,27,840,23,12,52.2,9,39.1,576,2535,1369,23,14,2,22,7,596,77,2,0,0,7,11,1,23,5,11,0,0,0,61,28,15,65.1
2023-05-11,20:00,Liga MX,Quarter-finals,Thu,Home,W,1,0,Atlas,Guadalajara,1.4,1.4,40,25592.0,Aldo Rocha,4-4-2,Marco Ortíz,20,3,15.0,0.05,0.33,23.8,2,0,0,1.4,1.4,0.07,-0.4,-0.4,6,5,100.0,1.0,1.5,1.5,1.0,0.0,1.0,0.0,10,28,35.7,26,4,73.1,55.2,10,90.0,70.3,20,0,0.0,1,14.0,226,317,71.3,5213,2632,83,100,83.0,97,122,79.5,44,87,50.6,1,1.3,0.5,16,28,7,1,23,317,272,44,14,0,2,9,15,4,1,3,0,226,1,7,35,23,4,2,2,3,1,2,1,1,0,0,0,0,24,15,12,11,1,10,21,47.6,11,13,3,10,12,36,27,0,40.0,469,63,169,178,127,18,469,23,10,43.5,11,47.8,221,1145,605,12,9,5,17,6,224,22,2,0,0,14,12,1,9,12,15,0,1,0,46,11,17,39.3,13,5,38.5,0.0,0.0,24.7,2,0,1,1.4,0.6,0.05,-1.4,-0.6,3,2,66.7,0.0,1.0,0.0,0.0,0.0,0.0,0.0,6,12,50.0,19,6,31.6,33.9,11,54.5,47.9,6,1,16.7,1,11.8,369,485,76.1,6795,2356,158,181,87.3,157,187,84.0,45,85,52.9,0,0.5,0.4,8,32,6,2,39,485,418,64,12,1,1,29,30,9,1,7,0,369,3,14,21,13,3,1,2,2,0,0,0,0,0,0,0,0,17,12,8,9,0,11,21,52.4,10,11,4,7,3,20,13,0,60.0,593,45,178,276,149,9,592,24,11,45.8,10,41.7,341,2333,1272,36,22,2,17,14,363,39,2,0,0,13,12,3,29,3,12,0,0,0,48,17,11,60.7
2023-05-14,20:05,Liga MX,Quarter-finals,Sun,Away,L,0,1,Atlas,Guadalajara,0.7,1.7,49,40956.0,Aldo Rocha,4-4-2,Victor Caceres,11,1,9.1,0.0,0.0,26.1,1,0,0,0.7,0.7,0.06,-0.7,-0.7,3,2,66.7,0.0,1.5,0.5,0.0,0.0,0.0,0.0,9,30,30.0,26,3,76.9,54.0,12,83.3,62.3,13,1,7.7,3,23.3,276,400,69.0,5627,2575,105,131,80.2,126,159,79.2,41,93,44.1,0,0.6,1.0,6,34,9,2,37,400,334,65,18,2,4,19,29,4,0,3,0,276,1,4,15,10,2,1,0,1,1,0,0,0,0,0,0,0,22,13,13,6,3,14,35,40.0,21,10,2,8,11,33,18,0,49.0,519,44,153,239,131,15,519,20,7,35.0,9,45.0,253,1055,465,9,7,1,25,20,274,35,2,0,0,8,16,1,19,11,13,0,0,0,47,27,28,49.1,13,3,23.1,0.08,0.33,22.0,1,0,0,1.7,1.7,0.13,-0.7,-0.7,1,1,100.0,1.0,0.2,0.2,0.0,0.0,0.0,0.0,1,8,12.5,15,1,40.0,42.4,7,28.6,36.0,14,1,7.1,1,9.6,302,413,73.1,6209,2287,109,132,82.6,138,173,79.8,54,95,56.8,1,1.5,1.3,8,26,6,1,41,413,361,50,7,2,8,17,32,3,1,2,0,302,2,9,23,15,2,3,0,1,2,1,0,1,0,0,0,0,29,15,19,7,3,9,16,56.3,7,6,4,2,11,40,29,0,51.0,552,60,212,234,118,15,552,35,21,60.0,14,40.0,285,1914,1009,28,18,4,24,8,298,39,2,0,0,17,8,2,17,11,15,0,0,0,61,28,27,50.9
2022-07-02,17:00,Liga MX,Apertura 2022 Regular Season,Sat,Away,D,0,0,FC Juárez,Guadalajara,0.4,1.5,52,17424.0,Alfredo Talavera,4-4-2,Ismael Lopez,11,1,9.1,0.0,0.0,24.7,0,0,0,0.4,0.4,0.04,-0.4,-0.4,5,5,100.0,1.0,1.0,1.0,0.0,0.0,0.0,0.0,2,8,25.0,28,8,10.7,26.8,6,83.3,58.8,21,1,4.8,0,14.3,343,433,79.2,5725,2304,157,173,90.8,116,140,82.9,45,74,60.8,0,0.4,0.3,7,21,1,0,28,433,380,53,22,0,4,18,21,3,1,2,0,343,0,9,15,12,2,0,0,1,0,0,0,0,0,0,0,0,16,9,7,8,1,9,17,52.9,8,10,6,4,9,25,18,0,52.0,542,62,192,259,96,7,542,18,11,61.1,7,38.9,274,1487,549,17,9,2,17,17,339,26,1,0,0,10,17,0,18,9,9,0,0,0,44,13,15,46.4,14,5,35.7,0.0,0.0,16.8,1,0,0,1.5,1.5,0.12,-1.5,-1.5,1,1,100.0,1.0,0.0,0.0,0.0,0.0,0.0,0.0,5,7,71.4,13,4,23.1,27.9,11,36.4,35.5,14,2,14.3,1,11.5,299,393,76.1,5833,2089,123,141,87.2,130,156,83.3,41,75,54.7,0,0.5,0.9,9,26,5,3,37,393,345,45,9,1,9,27,15,9,1,7,0,299,3,5,24,14,4,1,3,2,0,0,0,0,0,0,0,0,24,15,9,15,0,7,18,38.9,11,7,0,7,10,34,17,0,48.0,503,40,140,238,132,27,503,17,8,47.1,9,52.9,254,1528,825,13,13,4,13,7,297,36,3,0,0,19,10,3,27,10,15,0,0,0,46,15,13,53.6
2022-07-08,19:05,Liga MX,Apertura 2022 Regular Season,Fri,Away,W,2,0,FC Juárez,Tijuana,0.9,0.3,60,19733.0,Alfredo Talavera,4-4-2,Óscar Macias,11,3,27.3,0.18,0.67,18.8,0,0,0,0.9,0.9,0.09,1.1,1.1,3,3,100.0,1.0,0.4,0.4,0.0,0.0,0.0,0.0,3,6,50.0,20,4,30.0,31.3,4,0.0,22.3,9,0,0.0,0,,426,529,80.5,7317,2491,188,212,88.7,182,211,86.3,39,70,55.7,1,0.5,0.8,9,34,5,2,35,529,468,58,19,1,5,20,28,6,1,3,0,426,3,6,20,13,3,1,3,0,0,2,2,0,0,0,0,0,18,11,7,10,1,8,14,57.1,6,4,0,4,8,26,9,0,60.0,620,31,130,338,154,18,620,13,10,76.9,3,23.1,363,1790,861,15,10,2,14,13,424,35,0,0,0,15,16,3,20,8,11,0,0,0,50,14,14,50.0,7,3,42.9,0.0,0.0,20.0,0,0,0,0.3,0.3,0.04,-0.3,-0.3,3,1,33.3,0.0,1.9,-0.1,0.0,0.0,0.0,0.0,4,9,44.4,19,3,31.6,32.6,4,75.0,59.3,17,1,5.9,1,13.0,251,353,71.1,4383,2108,119,148,80.4,100,130,76.9,24,51,47.1,0,0.3,0.4,5,17,3,1,23,353,298,53,18,1,1,13,24,4,1,3,0,251,2,7,13,8,2,1,1,1,0,0,0,0,0,0,0,0,16,11,4,11,1,3,13,23.1,10,6,3,3,13,29,19,0,40.0,460,46,160,214,87,6,460,14,6,42.9,8,57.1,221,938,373,8,6,3,12,10,246,23,2,1,0,17,15,2,13,13,11,0,0,0,46,14,14,50.0
2022-07-15,20:05,Liga MX,Apertura 2022 Regular Season,Fri,Home,D,1,1,FC Juárez,Querétaro,2.1,0.4,61,13453.0,Alfredo Talavera,4-4-2,Eduardo Galván,13,3,23.1,0.08,0.33,21.2,1,0,1,2.1,1.3,0.1,-1.1,-0.3,3,2,66.7,0.0,0.4,-0.6,0.0,0.0,0.0,0.0,5,6,83.3,15,8,13.3,29.3,8,50.0,35.6,5,1,20.0,0,10.7,397,496,80.0,8053,2815,127,149,85.2,201,232,86.6,64,101,63.4,0,0.4,0.3,8,35,2,1,40,496,447,48,9,0,7,24,20,9,6,2,0,397,1,8,23,16,2,1,1,3,0,2,2,0,0,0,0,0,5,4,1,3,1,3,9,33.3,6,8,1,7,2,7,19,1,61.0,578,35,172,287,124,9,577,18,11,61.1,7,38.9,322,1719,787,12,15,1,13,12,394,39,2,0,0,12,10,1,24,2,4,1,0,0,47,11,17,39.3,9,3,33.3,0.11,0.33,27.6,2,0,0,0.4,0.4,0.05,0.6,0.6,4,2,75.0,0.0,2.0,1.0,1.0,0.0,1.0,0.0,4,11,36.4,9,0,66.7,54.9,6,83.3,64.5,20,0,0.0,0,5.3,217,312,69.6,4180,1773,92,123,74.8,96,115,83.5,27,64,42.2,1,0.3,0.4,6,14,2,0,19,312,266,46,11,0,3,9,26,1,0,0,0,217,0,9,15,8,4,0,0,3,0,2,1,1,0,0,0,0,19,12,11,7,1,7,18,38.9,11,9,4,5,7,26,24,1,39.0,410,42,124,215,74,10,410,9,6,66.7,3,33.3,220,898,438,9,9,1,12,2,212,19,2,0,0,11,11,0,9,7,12,0,1,0,40,17,11,60.7
2022-07-22,21:05,Liga MX,Apertura 2022 Regular Season,Fri,Away,L,0,1,FC Juárez,Necaxa,0.9,0.4,64,11510.0,Alfredo Talavera,4-4-2,César Arturo Ramos,18,4,22.2,0.0,0.0,23.6,2,0,0,0.9,0.9,0.05,-0.9,-0.9,3,2,66.7,0.0,0.6,-0.4,0.0,0.0,0.0,0.0,1,7,14.3,21,3,28.6,32.6,5,20.0,32.6,8,0,0.0,0,9.7,421,524,80.3,8443,2540,155,175,88.6,198,224,88.4,60,100,60.0,0,0.4,0.6,11,35,4,0,48,524,462,60,17,0,11,29,28,8,5,2,0,421,2,12,31,18,4,2,2,4,1,0,0,0,0,0,0,0,13,7,7,4,2,6,12,50.0,6,8,2,6,8,21,7,0,64.0,613,37,172,277,171,20,613,23,15,65.2,8,34.8,323,1654,822,21,13,3,8,11,417,47,3,1,1,9,18,2,29,8,7,0,0,0,51,9,20,31.0,7,3,42.9,0.14,0.33,20.1,0,0,0,0.4,0.4,0.05,0.6,0.6,4,4,100.0,1.0,1.1,1.1,0.0,0.0,0.0,0.0,17,26,65.4,28,3,57.1,48.2,11,90.9,69.5,21,0,0.0,0,9.7,230,301,76.4,5590,2602,61,73,83.6,113,135,83.7,54,76,71.1,1,0.3,0.2,6,18,2,0,18,301,256,45,11,0,2,9,20,2,1,0,0,230,0,6,10,6,2,1,0,1,0,1,1,0,0,0,0,0,19,9,16,3,0,8,23,34.8,15,12,3,9,9,28,35,0,36.0,422,79,187,166,75,4,422,15,6,40.0,6,40.0,201,980,523,13,8,1,16,7,229,18,6,1,1,19,8,0,9,9,9,0,0,0,44,20,9,69.0
2022-07-26,18:00,Liga MX,Apertura 2022 Regular Season,Tue,Home,L,0,1,FC Juárez,UANL,0.8,0.7,59,13336.0,Alfredo Talavera,4-4-2,Fernando Hernández,7,2,28.6,0.0,0.0,17.1,0,0,0,0.8,0.8,0.11,-0.8,-0.8,3,2,66.7,0.0,0.1,-0.9,0.0,0.0,0.0,0.0,10,17,58.8,20,5,45.0,35.1,14,57.1,52.1,9,0,0.0,0,7.0,359,462,77.7,7039,2809,124,143,86.7,178,207,86.0,44,79,55.7,0,0.7,0.7,6,33,9,5,41,462,400,61,17,0,3,25,24,4,3,1,0,359,1,9,13,11,1,0,0,1,0,0,0,0,0,0,0,0,18,9,11,6,1,8,13,61.5,5,6,2,4,7,25,10,0,59.0,554,49,140,285,132,15,554,12,3,25.0,9,75.0,277,1690,851,20,16,1,18,7,357,41,4,0,0,18,15,1,25,7,9,0,0,0,45,21,17,55.3,12,3,25.0,0.08,0.33,20.2,0,0,0,0.7,0.7,0.06,0.3,0.3,2,2,100.0,1.0,0.2,0.2,0.0,0.0,0.0,0.0,5,17,29.4,20,2,60.0,46.0,8,62.5,46.4,22,2,9.1,2,19.3,225,317,71.0,4535,2233,94,112,83.9,87,110,79.1,39,77,50.6,1,0.7,0.4,11,27,4,1,27,317,262,55,19,0,3,12,24,3,2,0,0,225,0,6,23,17,3,1,1,1,0,2,2,0,0,0,0,0,16,6,7,5,4,9,12,75.0,3,11,3,8,8,24,15,0,41.0,422,47,146,181,99,14,422,13,5,38.5,8,61.5,190,903,428,9,5,3,14,10,222,25,6,1,1,17,17,0,12,8,6,0,0,0,45,17,21,44.7
2022-07-29,20:05,Liga MX,Apertura 2022 Regular Season,Fri,Home,D,1,1,FC Juárez,Toluca,0.6,0.4,44,12854.0,Alfredo Talavera,4-4-2,Fernando Guerrero,12,2,16.7,0.08,0.5,19.1,1,0,0,0.6,0.6,0.05,0.4,0.4,3,2,66.7,0.0,0.6,-0.4,0.0,0.0,0.0,0.0,3,5,60.0,15,3,26.7,29.3,5,20.0,36.8,3,1,33.3,2,20.0,348,449,77.5,6943,2648,138,158,87.3,156,193,80.8,50,75,66.7,0,0.4,0.5,7,36,7,2,42,449,395,53,11,0,6,21,28,7,5,1,0,348,1,14,20,12,5,0,1,2,0,2,1,0,0,0,1,0,14,5,3,8,3,8,15,53.3,7,7,0,7,10,24,6,0,44.0,544,29,141,272,139,20,544,20,11,55.0,6,30.0,325,1756,812,15,13,1,18,14,346,42,3,0,0,8,10,1,21,10,5,0,0,0,57,15,12,55.6,7,3,42.9,0.14,0.33,23.5,0,0,0,0.4,0.4,0.06,0.6,0.6,2,1,50.0,0.0,0.6,-0.4,0.0,0.0,0.0,0.0,4,14,28.6,32,3,28.1,32.0,12,41.7,38.1,16,0,0.0,0,13.5,483,579,83.4,8680,2829,199,216,92.1,236,267,88.4,43,74,58.1,1,0.3,0.4,4,23,3,0,27,579,539,38,8,1,3,5,15,1,0,1,0,483,2,8,14,13,0,1,0,0,0,2,2,0,0,0,0,0,20,6,11,9,0,6,17,35.3,11,14,3,11,6,26,27,0,56.0,701,84,309,316,81,5,701,16,7,43.8,8,50.0,375,1568,689,4,8,0,16,6,479,27,3,1,0,10,8,2,5,6,6,0,0,0,55,12,15,44.4
2022-08-03,18:00,Liga MX,Apertura 2022 Regular Season,Wed,Home,D,1,1,FC Juárez,Atlético,0.9,1.0,68,12340.0,Alfredo Talavera,4-3-3,Óscar Macias,17,5,29.4,0.06,0.2,20.4,1,0,0,0.9,0.9,0.05,0.1,0.1,2,1,100.0,0.0,1.4,0.4,1.0,1.0,0.0,0.0,3,4,75.0,12,3,33.3,34.4,1,0.0,37.0,5,0,0.0,0,,400,492,81.3,7889,2586,147,165,89.1,189,220,85.9,59,88,67.0,0,0.8,0.9,14,49,14,6,61,492,438,51,17,0,6,40,23,8,5,3,0,400,3,7,29,23,1,1,2,2,0,2,1,0,1,0,0,0,8,7,1,6,1,2,7,28.6,5,2,1,1,7,15,5,0,68.0,554,18,67,319,175,24,554,13,6,46.2,5,38.5,390,2252,1143,22,24,4,6,5,394,61,3,0,0,16,17,3,40,7,7,0,1,0,48,10,11,47.6,3,1,33.3,0.0,0.0,32.9,1,1,1,1.0,0.2,0.06,0.0,-0.2,5,4,80.0,0.0,1.2,0.2,0.0,0.0,0.0,0.0,9,21,42.9,17,4,76.5,49.6,9,88.9,59.7,29,1,3.4,0,9.0,151,230,65.7,3049,1630,60,81,74.1,62,85,72.9,24,56,42.9,0,0.1,0.2,2,12,1,0,15,230,186,43,15,0,5,6,15,2,0,2,0,151,1,2,7,5,0,0,0,2,0,1,0,0,0,0,1,0,10,7,4,6,0,5,11,45.5,6,7,4,3,6,16,23,0,32.0,311,61,134,150,29,3,310,7,5,71.4,2,28.6,149,733,409,7,2,2,7,6,148,15,1,0,0,17,14,1,6,6,7,1,0,0,39,11,10,52.4
2022-08-07,20:05,Liga MX,Apertura 2022 Regular Season,Sun,Away,L,1,2,FC Juárez,América,2.1,1.1,52,21957.0,Alfredo Talavera,4-4-2,Luis Santander,13,4,30.8,0.08,0.25,17.3,0,0,1,2.1,1.3,0.1,-1.1,-0.3,6,4,66.7,0.0,0.9,-1.1,0.0,0.0,0.0,0.0,5,17,29.4,28,4,39.3,36.5,11,54.5,47.1,12,0,0.0,0,,371,459,80.8,7516,2726,136,156,87.2,170,185,91.9,60,102,58.8,0,0.9,1.5,11,32,6,4,36,459,410,49,21,0,9,20,12,2,1,0,0,371,0,5,26,13,6,2,0,3,2,2,2,0,0,0,0,0,19,14,7,11,1,14,23,60.9,9,12,2,10,7,26,8,0,52.0,548,59,201,246,112,15,547,11,8,72.7,3,27.3,306,1558,773,20,15,3,12,6,367,36,1,0,0,7,18,0,20,7,14,1,0,0,46,15,16,48.4,16,6,37.5,0.13,0.33,18.9,0,0,0,1.1,1.1,0.07,0.9,0.9,4,3,75.0,0.0,1.4,0.4,1.0,0.0,0.0,1.0,2,8,25.0,19,3,21.1,27.9,11,36.4,35.7,13,0,0.0,1,23.0,341,423,80.6,6264,2371,145,159,91.2,156,184,84.8,36,57,63.2,2,1.1,1.0,14,30,9,4,40,423,379,40,6,2,4,13,18,3,0,2,1,341,4,10,30,23,2,5,0,0,0,4,4,0,0,0,0,0,9,5,3,6,0,3,11,27.3,8,8,4,4,10,19,12,0,48.0,519,48,165,271,89,23,519,24,9,37.5,14,58.3,323,1963,1122,21,6,7,12,5,340,40,2,0,0,18,7,4,13,10,5,0,1,0,47,16,15,51.6
2022-08-16,19:00,Liga MX,Apertura 2022 Regular Season,Tue,Away,W,1,0,FC Juárez,Atlas,1.0,0.4,45,11548.0,Alfredo Talavera,4-4-2,Adonai Escobedo,12,2,16.7,0.08,0.5,24.0,1,0,0,1.0,1.0,0.08,0.0,0.0,3,3,100.0,1.0,0.5,0.5,0.0,0.0,0.0,0.0,4,9,44.4,17,8,17.6,29.8,7,85.7,60.1,17,3,17.6,0,10.0,296,386,76.7,5939,2211,113,133,85.0,132,160,82.5,48,78,61.5,1,0.9,1.0,10,30,4,1,30,386,347,37,9,0,5,20,16,4,1,2,0,296,2,7,20,15,2,0,0,1,2,2,2,0,0,0,0,0,12,7,7,5,0,6,10,60.0,4,12,2,10,14,26,15,0,45.0,498,47,153,235,120,18,498,16,6,37.5,8,50.0,284,1661,915,21,15,2,11,11,295,29,6,0,0,11,10,2,20,14,7,0,0,0,50,16,15,51.6,8,3,37.5,0.0,0.0,20.1,0,0,0,0.4,0.4,0.05,-0.4,-0.4,2,1,50.0,0.0,1.0,0.0,0.0,0.0,0.0,0.0,5,8,62.5,35,2,17.1,26.4,9,22.2,31.7,11,0,0.0,2,19.0,379,478,79.3,7688,2956,145,166,87.3,159,181,87.8,70,108,64.8,0,0.3,0.4,6,32,3,1,35,478,429,49,14,0,3,22,16,8,1,7,0,379,0,11,14,11,2,0,0,1,0,0,0,0,0,0,0,0,19,9,7,9,3,8,14,57.1,6,9,4,5,12,31,16,0,55.0,580,52,197,266,119,9,580,12,4,33.3,6,50.0,254,1321,696,8,9,2,12,6,378,35,1,0,0,10,11,0,22,12,9,0,0,0,46,15,16,48.4
2022-08-20,20:05,Liga MX,Apertura 2022 Regular Season,Sat,Home,D,1,1,FC Juárez,Mazatlán,1.1,1.0,42,11427.0,Alfredo Talavera,4-4-2,Daniel Quintero,12,2,16.7,0.08,0.5,16.3,1,0,0,1.1,1.1,0.09,-0.1,-0.1,1,0,0.0,0.0,0.4,-0.6,0.0,0.0,0.0,0.0,7,13,53.8,18,1,33.3,31.3,11,63.6,54.5,18,0,0.0,0,4.0,251,332,75.6,4975,2198,97,116,83.6,111,128,86.7,37,69,53.6,1,0.7,0.9,6,24,6,3,24,332,274,57,13,2,8,17,24,7,6,1,0,251,1,5,19,12,1,1,3,2,0,2,2,0,0,0,0,0,9,7,5,1,3,2,7,28.6,5,10,2,8,12,21,25,0,42.0,430,61,153,159,124,15,430,18,9,50.0,4,22.2,208,1055,493,18,9,3,21,8,245,24,3,1,0,14,10,1,17,12,7,0,0,0,43,10,5,66.7,12,1,8.3,0.08,1.0,17.2,0,0,0,1.0,1.0,0.09,0.0,0.0,2,1,50.0,0.0,1.0,0.0,0.0,0.0,0.0,0.0,6,10,60.0,25,8,36.0,33.7,7,14.3,25.0,16,3,18.8,2,15.8,381,463,82.3,7282,2501,134,150,89.3,203,232,87.5,39,62,62.9,0,0.7,0.9,6,32,7,2,39,463,419,42,14,0,1,23,12,7,4,0,0,381,2,10,21,16,3,0,2,0,0,1,0,1,0,0,0,0,12,10,6,5,1,4,13,30.8,9,9,4,5,9,21,20,0,58.0,554,51,182,246,130,24,554,8,5,62.5,2,25.0,299,1443,853,17,13,4,15,7,378,39,3,0,0,12,14,2,23,9,10,0,0,0,47,5,10,33.3
2022-08-26,19:00,Liga MX,Apertura 2022 Regular Season,Fri,Away,D,2,2,FC Juárez,Puebla,0.5,2.1,41,15123.0,Alfredo Talavera,5-4-1,Marco Ortíz,7,2,28.6,0.29,1.0,17.4,0,0,0,0.5,0.5,0.07,1.5,1.5,6,4,66.7,0.0,2.8,0.8,0.0,0.0,0.0,0.0,8,15,53.3,17,4,41.2,37.0,11,72.7,55.8,14,2,14.3,3,20.0,237,318,74.5,4862,2124,85,99,85.9,109,129,84.5,36,70,51.4,1,0.4,0.3,6,16,0,0,21,318,272,45,15,0,4,17,12,4,4,0,0,237,1,6,12,6,3,2,0,1,0,4,2,1,0,0,1,0,19,9,12,3,4,12,21,57.1,9,10,6,4,11,30,22,0,41.0,428,55,163,180,92,10,428,20,7,35.0,9,45.0,224,1461,806,22,15,6,16,8,233,20,2,0,0,16,13,1,17,11,9,0,0,0,38,13,10,56.5,22,6,27.3,0.09,0.33,18.0,0,0,0,2.1,2.1,0.1,-0.1,-0.1,2,0,0.0,0.0,1.0,-1.0,0.0,0.0,0.0,0.0,2,6,33.3,14,4,35.7,33.9,6,16.7,25.3,12,0,0.0,0,13.5,377,454,83.0,6424,2212,195,212,92.0,137,154,89.0,38,69,55.1,2,1.5,1.3,17,34,5,2,33,454,399,53,17,1,3,22,22,5,2,3,0,377,2,6,35,20,6,4,4,1,0,4,3,1,0,0,0,0,17,13,10,6,1,9,16,56.3,7,8,3,5,6,23,14,0,59.0,575,42,145,263,170,32,575,24,9,37.5,12,50.0,374,1983,1165,27,12,7,14,7,375,32,3,0,0,13,16,2,22,6,13,0,0,0,38,10,13,43.5
2022-09-02,20:05,Liga MX,Apertura 2022 Regular Season,Fri,Home,D,2,2,FC Juárez,Cruz Azul,1.7,1.6,54,13602.0,Alfredo Talavera,4-3-3,Brian Gonzalez,10,4,40.0,0.1,0.25,20.0,2,1,1,1.7,0.9,0.09,0.3,0.1,5,3,80.0,0.0,2.1,0.1,1.0,1.0,0.0,0.0,5,13,38.5,28,4,32.1,33.5,6,66.7,53.8,6,0,0.0,2,20.8,340,434,78.3,6473,2533,147,167,88.0,139,166,83.7,45,79,57.0,1,0.7,0.8,5,24,9,4,38,434,367,66,25,0,9,25,28,4,2,2,0,340,1,12,21,11,2,2,1,5,0,4,3,0,0,0,1,0,12,6,9,2,1,9,16,56.3,7,13,2,11,5,17,7,0,54.0,529,33,151,237,149,16,528,27,16,59.3,8,29.6,334,1800,850,22,15,3,20,10,328,38,2,1,0,9,21,1,25,5,6,1,1,0,46,7,5,58.3,9,4,44.4,0.11,0.25,20.3,1,1,1,1.6,0.8,0.09,0.4,0.2,5,3,80.0,0.0,2.2,0.2,1.0,1.0,0.0,0.0,2,4,50.0,8,3,25.0,36.1,7,28.6,30.4,18,0,0.0,1,15.0,288,365,78.9,5946,2452,104,114,91.2,136,155,87.7,46,72,63.9,1,0.7,0.4,7,18,5,1,31,365,322,36,9,0,5,9,16,2,0,1,0,288,7,11,18,11,0,4,1,2,0,3,0,0,2,0,1,0,18,8,14,4,0,8,24,33.3,16,12,2,10,13,31,23,1,46.0,493,56,190,241,66,13,492,17,7,41.2,9,52.9,240,1102,569,17,13,4,14,3,286,31,7,0,0,22,9,7,9,13,8,1,1,0,55,5,7,41.7
2022-09-06,19:00,Liga MX,Apertura 2022 Regular Season,Tue,Away,L,0,1,FC Juárez,León,0.3,1.2,47,16690.0,Alfredo Talavera,3-4-3,Jorge Camacho,8,2,25.0,0.0,0.0,22.7,2,0,0,0.3,0.3,0.04,-0.3,-0.3,5,4,80.0,0.0,1.4,0.4,0.0,0.0,0.0,0.0,8,13,61.5,17,3,29.4,33.9,10,80.0,59.0,10,1,10.0,0,12.3,274,347,79.0,5306,2144,115,125,92.0,105,123,85.4,45,73,61.6,0,0.1,0.4,4,25,5,2,27,347,300,44,13,0,8,13,19,0,0,0,0,274,3,11,14,10,1,0,1,2,0,0,0,0,0,0,0,0,14,9,7,6,1,6,16,37.5,10,4,2,2,15,29,5,1,47.0,442,47,149,212,84,10,442,29,16,55.2,11,37.9,200,1160,592,10,9,2,18,8,272,27,6,1,1,12,15,3,13,15,9,0,0,0,46,6,6,50.0,16,5,31.3,0.06,0.2,16.9,2,0,0,1.2,1.2,0.08,-0.2,-0.2,2,2,100.0,1.0,0.1,0.1,0.0,0.0,0.0,0.0,3,8,37.5,19,4,36.8,31.5,4,25.0,32.5,9,0,0.0,3,25.5,324,393,82.4,6458,2082,121,136,89.0,135,154,87.7,58,82,70.7,0,1.0,1.5,11,29,13,5,45,393,356,37,13,0,9,13,16,3,2,0,0,324,0,2,26,21,1,1,1,2,0,0,0,0,0,0,0,0,19,8,6,10,3,11,27,40.7,16,12,3,9,8,27,11,0,53.0,497,35,147,229,127,26,497,18,10,55.6,6,33.3,262,1512,967,24,11,3,13,8,321,45,3,1,0,15,11,0,13,8,8,0,0,0,45,6,6,50.0
2022-09-09,20:05,Liga MX,Apertura 2022 Regular Season,Fri,Home,L,0,1,FC Juárez,Monterrey,0.5,0.9,49,10947.0,Alfredo Talavera,4-3-3,Diego Montaño,11,2,18.2,0.0,0.0,20.5,1,0,0,0.5,0.5,0.05,-0.5,-0.5,5,4,80.0,0.0,0.8,-0.2,0.0,0.0,0.0,0.0,5,13,38.5,24,7,41.7,41.8,5,60.0,50.8,14,2,14.3,0,9.6,266,362,73.5,5414,2323,109,129,84.5,108,135,80.0,46,83,55.4,0,0.4,0.4,7,28,5,0,32,362,307,55,18,0,5,22,24,6,3,2,0,266,0,8,18,12,1,0,2,3,0,0,0,0,0,0,0,0,18,13,10,5,3,7,18,38.9,11,12,4,8,9,27,17,0,49.0,477,62,156,199,127,22,477,19,5,26.3,11,57.9,245,1164,516,13,8,5,14,9,263,32,0,0,0,8,18,0,22,9,13,0,0,0,42,7,16,30.4,14,5,35.7,0.07,0.2,17.9,1,0,0,0.9,0.9,0.07,0.1,0.1,2,2,100.0,1.0,0.2,0.2,0.0,0.0,0.0,0.0,5,11,45.5,24,4,33.3,36.3,9,33.3,29.8,14,0,0.0,1,15.0,279,373,74.8,4900,2160,148,169,87.6,98,125,78.4,30,58,51.7,1,0.7,1.2,11,21,5,0,27,373,322,51,8,0,4,20,25,8,4,3,0,279,0,11,26,14,7,2,1,2,0,2,1,0,1,0,0,0,20,12,10,9,1,11,16,68.8,5,6,2,4,13,33,21,0,51.0,487,52,149,203,137,22,487,20,11,55.0,7,35.0,236,1397,732,18,6,6,14,11,275,26,3,0,0,19,7,0,20,13,12,0,0,0,46,16,7,69.6
2022-09-14,20:05,Liga MX,Apertura 2022 Regular Season,Wed,Home,W,2,1,FC Juárez,Pachuca,1.2,0.9,35,9733.0,Alfredo Talavera,4-3-3,Victor Caceres,7,3,42.9,0.29,0.67,13.4,1,0,0,1.2,1.2,0.17,0.8,0.8,10,9,90.0,0.0,0.9,-0.1,0.0,0.0,0.0,0.0,5,14,35.7,19,8,42.1,39.3,11,72.7,48.2,17,2,11.8,0,9.8,161,257,62.6,3640,1863,46,64,71.9,77,104,74.0,35,73,47.9,0,0.5,0.5,4,20,4,2,33,257,208,49,15,0,6,14,17,4,0,4,0,161,0,10,12,7,1,0,1,1,2,3,2,0,0,1,0,0,24,12,13,9,2,12,19,63.2,7,12,3,9,12,36,18,0,35.0,382,56,167,138,85,9,382,14,6,42.9,5,35.7,162,1099,527,10,7,1,25,6,159,33,3,0,0,10,12,0,14,12,12,0,0,0,56,19,9,67.9,22,10,45.5,0.05,0.1,21.3,0,0,0,0.9,0.9,0.04,0.1,0.1,3,1,33.3,0.0,1.2,-0.8,0.0,0.0,0.0,0.0,3,5,60.0,13,4,15.4,22.3,5,60.0,42.0,10,1,10.0,1,19.5,383,484,79.1,7168,2822,146,174,83.9,178,208,85.6,49,73,67.1,0,0.7,0.9,19,35,10,2,52,484,433,48,10,3,7,22,26,4,2,0,0,383,3,10,37,33,0,1,2,0,1,1,0,0,0,1,0,0,11,7,9,1,1,5,11,45.5,6,9,1,8,4,15,14,0,65.0,590,37,147,288,164,29,590,20,7,35.0,12,60.0,413,2053,993,27,20,6,11,12,378,51,2,0,0,13,10,3,22,4,7,0,0,0,67,9,19,32.1
2022-09-18,19:05,Liga MX,Apertura 2022 Regular Season,Sun,Away,L,0,2,FC Juárez,Santos,0.8,2.4,54,18721.0,Alfredo Talavera,4-3-3,Óscar Macias,12,1,8.3,0.0,0.0,20.4,0,0,0,0.8,0.8,0.07,-0.8,-0.8,5,3,80.0,0.0,1.9,-0.1,1.0,1.0,0.0,0.0,3,9,33.3,19,5,21.1,29.5,13,46.2,45.4,17,0,0.0,1,12.3,317,413,76.8,6248,2590,124,145,85.5,135,157,86.0,52,94,55.3,0,0.6,0.7,7,25,5,2,47,413,357,56,9,0,7,24,25,7,3,2,0,317,0,12,18,14,2,1,1,0,0,0,0,0,0,0,0,0,17,13,13,3,1,13,22,59.1,9,12,5,7,17,34,13,0,54.0,513,61,188,208,122,13,513,14,9,64.3,5,35.7,303,1667,787,16,14,3,18,5,308,47,3,0,0,15,9,0,24,17,13,0,1,0,48,11,9,55.0,18,4,22.2,0.06,0.25,20.2,2,1,1,2.4,1.6,0.1,-0.4,-0.6,1,1,100.0,1.0,0.0,0.0,0.0,0.0,0.0,0.0,4,11,36.4,11,4,54.5,45.0,13,38.5,29.6,18,2,11.1,0,6.5,261,347,75.2,4720,1941,112,132,84.8,98,115,85.2,33,69,47.8,0,0.7,0.5,8,22,4,2,34,347,295,52,12,1,4,21,19,7,3,4,0,261,0,7,28,18,0,0,6,3,1,2,0,0,0,2,0,0,10,7,6,3,1,5,14,35.7,9,7,0,7,11,21,28,0,46.0,463,56,153,206,115,19,462,23,9,39.1,13,56.5,210,1430,770,16,10,3,12,4,260,34,1,0,0,9,12,0,21,11,7,0,0,0,47,9,11,45.0
2022-09-30,20:00,Liga MX,Apertura 2022 Regular Season,Fri,Home,W,3,1,FC Juárez,UNAM,1.2,1.8,44,16024.0,Alfredo Talavera,4-3-3,Daniel Quintero,10,5,50.0,0.3,0.6,18.9,2,0,0,1.2,1.2,0.12,1.8,1.8,8,7,87.5,0.0,2.6,1.6,0.0,0.0,0.0,0.0,9,20,45.0,21,4,61.9,43.2,13,84.6,61.2,19,1,5.3,0,12.0,229,304,75.3,4905,2184,77,89,86.5,106,123,86.2,39,75,52.0,3,1.0,0.7,6,18,5,1,28,304,256,47,15,2,6,7,16,1,0,1,0,229,1,7,17,12,1,1,1,2,0,5,3,1,1,0,0,0,23,13,14,9,0,9,15,60.0,6,11,8,3,12,35,18,0,44.0,420,61,150,193,87,11,420,17,10,58.8,3,17.6,199,1248,594,12,11,4,16,15,228,28,3,0,0,10,17,1,7,12,13,0,0,0,43,8,16,33.3,26,8,30.8,0.04,0.13,16.8,1,0,0,1.8,1.8,0.07,-0.8,-0.8,5,2,40.0,0.0,2.1,-0.9,0.0,0.0,0.0,0.0,5,8,62.5,13,3,46.2,37.9,5,40.0,34.2,6,1,16.7,0,9.3,307,381,80.6,6768,2631,86,99,86.9,155,176,88.1,65,98,66.3,0,0.9,1.0,15,41,9,5,39,381,337,44,10,1,3,24,19,6,4,2,0,307,0,3,39,28,4,1,4,2,0,1,0,0,0,1,0,0,18,11,8,9,1,3,13,23.1,10,9,2,7,4,22,7,1,56.0,484,34,112,243,134,32,484,19,6,31.6,9,47.4,221,1522,822,23,15,5,13,14,300,38,7,1,1,17,10,0,24,4,11,0,0,0,51,16,8,66.7
2022-10-09,12:00,Liga MX,Reclassification,Sun,Away,L,0,3,FC Juárez,Toluca,1.0,0.8,56,25069.0,Alfredo Talavera,4-3-3,Marco Ortíz,18,5,27.8,0.0,0.0,20.7,2,0,0,1.0,1.0,0.05,-1.0,-1.0,5,2,40.0,0.0,2.0,-1.0,0.0,0.0,0.0,0.0,2,2,100.0,14,6,14.3,27.5,6,0.0,29.7,4,0,0.0,0,14.0,406,481,84.4,7793,2765,159,180,88.3,172,196,87.8,63,83,75.9,0,0.8,1.1,14,39,10,6,64,481,428,53,13,0,7,37,25,5,1,3,0,406,0,9,33,20,6,0,4,3,0,0,0,0,0,0,0,0,9,6,1,7,1,4,10,40.0,6,2,0,2,4,13,4,0,56.0,556,22,89,299,176,24,556,23,12,52.2,11,47.8,343,1901,1103,20,18,2,12,14,401,64,3,0,0,14,13,0,37,4,6,0,0,0,38,13,4,76.5,9,5,55.6,0.33,0.6,27.9,1,0,0,0.8,0.8,0.09,2.2,2.2,5,5,100.0,1.0,1.0,1.0,0.0,0.0,0.0,0.0,7,20,35.0,24,2,41.7,42.5,15,66.7,54.3,29,1,3.4,0,9.0,316,384,82.3,6341,2450,133,144,92.4,120,136,88.2,54,89,60.7,3,0.8,0.9,8,18,2,1,20,384,340,42,13,0,8,4,12,1,1,0,0,316,2,2,16,15,0,0,0,1,0,6,6,0,0,0,0,0,25,17,16,8,1,11,23,47.8,12,10,4,6,8,33,24,0,44.0,488,77,207,225,60,14,488,13,6,46.2,4,30.8,194,989,476,8,4,6,15,5,313,20,4,0,0,13,14,2,4,8,17,0,0,0,43,4,13,23.5
2023-01-08,12:00,Liga MX,Clausura 2023 Regular Season,Sun,Away,L,1,2,FC Juárez,UNAM,1.1,2.4,32,15886.0,Alfredo Talavera,4-2-3-1,Óscar Macias,6,3,50.0,0.17,0.33,10.8,0,0,0,1.1,1.1,0.19,-0.1,-0.1,5,3,80.0,0.0,1.9,-0.1,1.0,1.0,0.0,0.0,8,21,38.1,18,10,44.4,38.7,15,86.7,67.9,15,2,13.3,0,7.0,189,262,72.1,3882,1907,71,86,82.6,82,104,78.8,32,63,50.8,1,1.1,0.9,6,13,4,1,27,262,206,55,10,0,4,10,25,2,0,2,0,189,1,3,11,6,4,0,0,1,0,2,2,0,0,0,0,0,16,6,7,9,0,11,17,64.7,6,7,4,3,11,27,25,0,32.0,376,55,135,183,64,14,376,20,8,40.0,10,50.0,162,1027,460,7,7,2,22,9,187,27,3,1,1,7,10,1,10,11,6,0,1,0,34,16,7,69.6,19,4,21.1,0.05,0.25,20.4,0,1,1,2.4,1.6,0.08,-0.4,-0.6,3,2,66.7,0.0,0.9,-0.1,0.0,0.0,0.0,0.0,1,7,14.3,21,8,23.8,27.9,6,33.3,31.2,9,3,33.3,0,10.2,467,550,84.9,8779,2638,182,197,92.4,234,254,92.1,48,88,54.5,1,1.2,0.8,16,49,9,1,60,550,507,42,7,2,9,17,22,5,1,3,0,467,1,3,37,31,3,1,0,2,0,4,3,0,0,0,1,0,19,11,6,9,4,10,18,55.6,8,3,0,3,8,27,4,0,68.0,651,36,127,375,154,26,650,21,6,28.6,11,52.4,496,2293,1316,27,19,4,15,5,461,60,0,0,0,10,6,1,17,8,11,1,0,0,50,7,16,30.4
2023-01-14,18:05,Liga MX,Clausura 2023 Regular Season,Sat,Home,W,3,0,FC Juárez,Tijuana,1.3,1.5,47,11921.0,Alfredo Talavera,4-2-3-1,Victor Caceres,12,3,25.0,0.17,0.67,21.1,0,1,1,1.3,0.5,0.04,1.7,1.5,3,3,100.0,1.0,0.6,0.6,0.0,0.0,0.0,0.0,8,14,57.1,28,8,21.4,28.1,9,88.9,54.8,18,1,5.6,0,10.5,327,436,75.0,6043,2398,126,145,86.9,137,173,79.2,43,83,51.8,2,0.4,0.4,10,19,6,2,35,436,383,52,13,0,3,15,25,4,1,3,0,327,1,8,22,18,2,1,1,0,0,5,3,2,0,0,0,0,12,9,9,3,0,7,11,63.6,4,11,4,7,12,24,25,0,47.0,548,62,213,233,111,15,547,18,9,50.0,7,38.9,243,1519,821,15,14,2,13,14,325,35,4,0,0,15,9,1,15,12,9,0,0,0,57,8,11,42.1,15,3,20.0,0.0,0.0,17.2,0,0,0,1.5,1.5,0.1,-1.5,-1.5,4,1,50.0,0.0,1.7,-1.3,1.0,1.0,0.0,0.0,3,9,33.3,14,3,35.7,30.5,13,30.8,31.5,9,0,0.0,2,20.0,365,482,75.7,6423,2600,157,185,84.9,165,203,81.3,33,64,51.6,0,1.4,1.1,13,37,6,2,52,482,421,57,16,0,3,24,21,3,1,2,0,365,4,9,23,14,4,0,3,2,0,0,0,0,0,0,0,0,21,13,9,8,4,7,16,43.8,9,10,2,8,18,39,8,0,53.0,586,41,125,327,144,26,586,14,4,28.6,7,50.0,368,1843,1100,19,13,3,17,5,357,50,2,0,0,10,15,4,24,18,13,0,1,0,62,11,8,57.9
2023-01-22,19:10,Liga MX,Clausura 2023 Regular Season,Sun,Away,L,1,4,FC Juárez,Pachuca,0.7,1.5,53,14474.0,Alfredo Talavera,4-1-4-1,Ismael Lopez,12,4,33.3,0.08,0.25,17.6,0,0,0,0.7,0.7,0.06,0.3,0.3,5,2,40.0,0.0,1.2,-1.8,1.0,1.0,0.0,0.0,7,17,41.2,29,3,41.4,34.9,13,38.5,36.7,10,0,0.0,2,27.5,363,461,78.7,7230,2727,136,160,85.0,170,193,88.1,53,85,62.4,1,0.6,0.5,10,23,4,0,23,461,408,52,14,0,3,15,14,6,2,3,0,363,1,11,20,12,4,2,1,1,0,2,1,1,0,0,0,0,25,17,17,6,2,14,21,66.7,7,10,3,7,10,35,11,0,53.0,572,53,220,259,102,9,572,17,8,47.1,6,35.3,332,1560,658,13,11,1,13,10,358,22,2,0,0,10,15,1,15,10,17,0,1,1,53,15,10,60.0,12,4,33.3,0.17,0.5,24.4,3,1,1,1.5,0.8,0.07,1.5,1.2,4,3,75.0,0.0,0.8,-0.2,0.0,0.0,0.0,0.0,4,11,36.4,18,3,38.9,37.7,7,57.1,41.3,13,1,7.7,0,6.8,314,402,78.1,5720,2250,140,161,87.0,139,166,83.7,30,56,53.6,2,0.6,0.6,7,34,3,0,46,402,356,46,7,1,3,11,25,5,1,3,0,314,0,7,22,14,2,0,1,4,1,5,2,1,0,1,1,0,16,11,6,7,3,6,14,42.9,8,13,2,11,12,28,11,0,47.0,528,33,124,273,145,16,527,26,7,26.9,14,53.8,316,1818,869,17,17,2,12,11,312,46,2,0,0,15,10,0,11,12,11,1,0,0,55,10,15,40.0
2023-01-28,20:05,Liga MX,Clausura 2023 Regular Season,Sat,Home,L,1,2,FC Juárez,Guadalajara,1.6,1.9,65,17009.0,Alfredo Talavera,4-4-2,César Arturo Ramos,27,5,18.5,0.04,0.2,21.2,2,0,0,1.6,1.6,0.06,-0.6,-0.6,2,0,50.0,0.0,2.0,0.0,1.0,1.0,0.0,0.0,2,7,28.6,29,4,20.7,26.7,8,12.5,31.6,6,0,0.0,0,14.0,510,624,81.7,10380,3189,180,199,90.5,232,262,88.5,90,136,66.2,1,1.2,1.2,14,39,9,5,49,624,571,52,9,0,14,38,23,9,4,5,0,510,1,13,46,32,4,2,5,3,0,2,1,1,0,0,0,0,14,10,7,6,1,3,10,30.0,7,10,0,10,7,21,10,0,65.0,741,45,197,358,192,24,741,17,6,35.3,9,52.9,389,2279,1057,15,15,2,21,11,502,48,0,0,0,5,10,1,38,7,10,0,1,0,69,10,12,45.5,6,1,16.7,0.17,1.0,17.8,0,1,1,1.9,1.1,0.19,0.1,-0.1,5,4,80.0,0.0,1.9,0.9,0.0,0.0,0.0,0.0,5,15,33.3,6,1,33.3,36.8,15,86.7,57.4,31,1,3.2,2,11.3,231,332,69.6,4054,1738,116,137,84.7,82,105,78.1,26,62,41.9,0,0.2,0.2,4,25,7,1,28,332,282,49,5,0,2,7,25,2,0,1,0,231,1,12,11,7,1,1,1,0,1,2,1,0,0,1,0,0,20,14,6,12,2,9,15,60.0,6,18,9,9,7,27,38,1,35.0,472,67,168,215,91,12,471,11,7,63.6,3,27.3,163,963,455,12,9,1,19,11,229,28,0,0,0,10,4,1,7,7,14,0,0,0,59,12,10,54.5
2023-02-03,20:05,Liga MX,Clausura 2023 Regular Season,Fri,Away,W,3,2,FC Juárez,Mazatlán,0.8,1.5,46,17023.0,Alfredo Talavera,4-4-2,Marco Ortíz,11,4,36.4,0.27,0.75,17.9,0,0,0,0.8,0.8,0.07,2.2,2.2,8,6,75.0,0.0,1.8,-0.2,0.0,0.0,0.0,0.0,4,20,20.0,33,5,39.4,38.8,7,100.0,65.7,29,4,13.8,0,5.0,318,433,73.4,5871,2585,145,176,82.4,120,149,80.5,44,90,48.9,2,0.6,1.0,8,19,7,1,27,433,378,55,9,2,2,12,33,3,0,3,0,318,0,12,19,14,0,4,0,0,1,6,3,0,3,0,0,0,17,9,12,4,1,9,20,45.0,11,15,8,7,7,24,37,0,46.0,591,87,238,253,105,19,591,23,14,60.9,8,34.8,271,1508,591,10,6,3,26,12,314,27,3,0,0,8,5,0,12,7,9,0,0,0,52,11,28,28.2,23,8,34.8,0.09,0.25,21.2,1,0,0,1.5,1.5,0.07,0.5,0.5,4,1,25.0,0.0,1.6,-1.4,0.0,0.0,0.0,0.0,1,5,20.0,17,3,29.4,34.2,4,0.0,21.3,8,1,12.5,1,15.0,387,511,75.7,7618,2597,144,165,87.3,188,231,81.4,53,95,55.8,2,1.4,1.6,18,44,8,3,60,511,464,45,7,3,3,35,24,6,0,6,0,387,2,6,40,30,3,4,2,1,0,4,4,0,0,0,0,0,20,11,7,12,1,8,22,36.4,14,13,3,10,7,27,16,1,54.0,655,33,114,344,204,31,655,22,11,50.0,9,40.9,377,2099,1190,27,22,6,31,8,385,60,1,0,0,7,7,2,35,7,11,0,0,0,58,28,11,71.8
2023-02-11,18:05,Liga MX,Clausura 2023 Regular Season,Sat,Home,W,3,1,FC Juárez,Santos,1.7,1.3,47,13356.0,Alfredo Talavera,4-4-2,Guillermo Pacheco,21,8,38.1,0.14,0.38,17.3,0,0,0,1.7,1.7,0.08,1.3,1.3,3,2,66.7,0.0,1.3,0.3,0.0,0.0,0.0,0.0,13,20,65.0,22,3,68.2,46.4,6,83.3,58.0,9,1,11.1,0,7.0,322,420,76.7,6636,2781,111,133,83.5,154,187,82.4,54,85,63.5,3,1.2,1.1,17,41,5,3,36,420,379,41,7,2,3,31,17,9,2,7,0,322,0,13,33,22,6,0,4,1,0,5,2,2,0,1,0,0,18,13,8,6,4,14,27,51.9,13,14,3,11,15,33,29,1,47.0,567,50,148,261,169,22,567,19,8,42.1,10,52.6,281,1985,759,16,17,4,17,9,316,36,0,0,0,4,4,0,31,15,13,0,0,0,67,15,22,40.5,13,3,23.1,0.08,0.33,18.4,0,0,0,1.3,1.3,0.13,-0.3,-0.3,8,5,62.5,0.0,1.8,-1.2,0.0,0.0,0.0,0.0,5,16,31.3,18,2,55.6,43.1,13,46.2,39.5,25,4,16.0,0,6.2,362,471,76.9,6770,2711,157,183,85.8,156,184,84.8,43,88,48.9,0,0.5,0.7,11,40,6,0,45,471,414,56,4,4,5,12,29,6,2,4,0,362,1,10,23,20,1,1,1,0,0,1,0,0,0,1,0,0,19,13,10,8,1,10,18,55.6,8,13,2,11,8,27,29,0,53.0,604,70,197,246,170,17,604,29,13,44.8,14,48.3,323,1964,849,16,13,8,11,4,355,44,1,1,0,5,4,1,12,8,13,0,0,0,50,22,15,59.5
2023-02-14,19:05,Liga MX,Clausura 2023 Regular Season,Tue,Away,D,0,0,FC Juárez,UANL,0.4,1.3,44,39246.0,Alfredo Talavera,4-4-2,César Arturo Ramos,12,4,33.3,0.0,0.0,26.8,2,0,0,0.4,0.4,0.03,-0.4,-0.4,3,3,100.0,1.0,0.2,0.2,0.0,0.0,0.0,0.0,2,13,15.4,21,5,33.3,37.3,14,42.9,44.6,16,1,6.3,1,13.8,338,449,75.3,5962,2412,158,176,89.8,139,180,77.2,32,66,48.5,0,0.3,0.3,10,15,2,2,33,449,383,66,11,0,4,23,33,7,1,6,0,338,0,14,21,16,1,0,0,2,2,0,0,0,0,0,0,0,17,7,8,7,2,9,23,39.1,14,8,2,6,13,30,23,1,44.0,584,74,206,267,118,7,584,26,11,42.3,13,50.0,340,1866,926,17,16,3,19,12,334,33,3,1,0,12,10,0,23,13,7,0,0,0,59,12,15,44.4,14,3,21.4,0.0,0.0,16.8,0,0,0,1.3,1.3,0.09,-1.3,-1.3,4,4,100.0,1.0,0.5,0.5,0.0,0.0,0.0,0.0,1,6,16.7,27,5,22.2,27.8,6,0.0,20.7,17,1,5.9,0,12.0,476,579,82.2,7773,2758,235,262,89.7,195,226,86.3,31,65,47.7,0,1.2,1.6,12,35,15,7,54,579,533,44,12,2,4,20,22,3,0,0,0,476,2,8,24,19,1,3,0,0,1,0,0,0,0,0,0,0,25,13,13,10,2,13,24,54.2,11,14,2,12,9,34,22,0,56.0,713,58,189,357,174,29,713,26,14,53.8,9,34.6,378,2206,1125,24,16,2,24,8,470,53,2,0,0,11,11,2,20,9,13,0,0,0,66,15,12,55.6
2023-02-17,18:06,Liga MX,Clausura 2023 Regular Season,Fri,Home,D,0,0,FC Juárez,León,0.2,0.3,52,10229.0,Alfredo Talavera,4-4-2,Ismael Lopez,5,0,0.0,0.0,,17.2,1,0,0,0.2,0.2,0.05,-0.2,-0.2,1,1,100.0,1.0,0.0,0.0,0.0,0.0,0.0,0.0,5,9,55.6,37,6,18.9,31.2,5,40.0,40.4,15,2,13.3,2,13.8,390,486,80.2,7869,2870,136,157,86.6,183,213,85.9,62,93,66.7,0,0.2,0.2,3,30,2,2,31,486,426,56,19,0,5,17,30,1,0,1,0,390,4,7,9,3,2,1,1,2,0,0,0,0,0,0,0,0,23,11,12,9,2,12,21,57.1,9,14,1,13,8,31,31,0,52.0,627,69,243,289,101,5,627,31,14,45.2,14,45.2,320,1860,722,16,12,1,19,12,383,30,4,1,0,15,14,4,17,8,11,0,0,0,64,12,14,46.2,6,1,16.7,0.0,0.0,26.2,2,0,0,0.3,0.3,0.05,-0.3,-0.3,0,0,,1.0,0.0,0.0,0.0,0.0,0.0,0.0,2,3,66.7,19,2,10.5,29.9,5,20.0,33.8,15,0,0.0,0,8.0,332,444,74.8,6462,2588,117,147,79.6,177,212,83.5,37,70,52.9,0,0.2,0.6,3,34,6,2,45,444,388,51,17,2,3,19,25,3,1,1,0,332,5,13,9,5,1,1,0,2,0,0,0,0,0,0,0,0,26,16,13,10,3,14,28,50.0,14,10,3,7,17,43,19,0,48.0,583,43,172,279,148,14,583,24,9,37.5,12,50.0,317,2282,992,16,16,4,24,11,330,45,4,2,0,15,12,5,19,17,16,0,0,0,72,14,12,53.8
2023-02-25,17:00,Liga MX,Clausura 2023 Regular Season,Sat,Away,L,0,1,FC Juárez,Cruz Azul,0.5,1.7,63,25497.0,Alfredo Talavera,4-1-4-1,Óscar Macias,11,1,9.1,0.0,0.0,18.1,0,0,0,0.5,0.5,0.05,-0.5,-0.5,6,5,83.3,0.0,1.7,0.7,0.0,0.0,0.0,0.0,6,10,60.0,29,6,24.1,29.4,4,75.0,46.5,4,0,0.0,3,19.5,599,709,84.5,12634,3827,185,208,88.9,322,364,88.5,90,126,71.4,0,0.3,0.5,6,68,4,1,71,709,657,52,11,0,10,31,28,7,2,5,0,599,0,16,17,9,4,1,3,0,0,0,0,0,0,0,0,0,15,10,3,8,4,10,14,71.4,4,7,1,6,14,29,10,1,63.0,822,37,143,479,205,18,822,26,9,34.6,16,61.5,557,2671,1211,16,20,2,16,12,596,71,2,0,0,10,10,0,31,14,10,0,0,0,61,15,15,50.0,10,6,60.0,0.1,0.17,16.9,0,0,0,1.7,1.7,0.19,-0.7,-0.7,1,1,100.0,1.0,0.1,0.1,0.0,0.0,0.0,0.0,6,11,54.5,12,3,33.3,37.4,8,87.5,53.9,22,0,0.0,0,,329,419,78.5,6161,2376,138,158,87.3,148,182,81.3,36,66,54.5,1,1.6,1.1,9,16,4,0,21,419,377,41,7,2,6,5,23,2,0,1,0,329,1,6,17,13,1,1,1,0,1,2,1,0,0,1,0,0,28,13,20,8,0,16,25,64.0,9,13,5,8,19,47,32,0,37.0,550,52,213,281,62,11,550,15,4,26.7,10,66.7,257,1383,604,10,5,3,14,5,327,20,2,0,0,10,7,1,5,19,13,0,0,0,53,15,15,50.0
2023-03-04,19:10,Liga MX,Clausura 2023 Regular Season,Sat,Away,L,0,3,FC Juárez,Monterrey,0.7,1.2,52,41871.0,Alfredo Talavera,4-4-2,Luis Santander,8,2,25.0,0.0,0.0,19.3,0,0,0,0.7,0.7,0.09,-0.7,-0.7,7,4,57.1,0.0,0.9,-2.1,0.0,0.0,0.0,0.0,6,12,50.0,29,8,37.9,32.6,5,20.0,39.4,23,0,0.0,0,8.3,435,534,81.5,9004,2902,134,156,85.9,222,247,89.9,73,110,66.4,0,0.7,0.5,7,32,3,2,47,534,486,47,15,0,7,19,19,4,1,3,0,435,1,14,12,8,1,2,0,1,0,0,0,0,0,0,0,0,14,12,6,7,1,12,24,50.0,12,13,5,8,8,22,20,0,52.0,625,78,211,303,119,9,625,6,4,66.7,2,33.3,300,1802,986,14,12,2,9,15,433,47,1,0,0,8,12,1,19,8,12,0,0,0,49,6,13,31.6,17,7,41.2,0.18,0.43,18.4,0,0,0,1.2,1.2,0.07,1.8,1.8,2,2,100.0,1.0,0.2,0.2,0.0,0.0,0.0,0.0,7,17,41.2,34,5,41.2,36.7,9,33.3,31.0,14,2,14.3,2,15.3,397,491,80.9,7602,3299,152,170,89.4,184,210,87.6,53,90,58.9,3,1.2,0.8,16,42,7,1,50,491,448,40,9,2,0,26,12,9,4,4,0,397,3,9,31,21,5,2,1,2,0,5,4,0,0,1,0,0,17,11,9,7,1,2,6,33.3,4,14,1,13,10,27,15,0,48.0,589,51,160,292,142,26,589,24,12,50.0,12,50.0,307,1515,791,17,14,4,14,2,391,50,1,0,0,12,8,3,26,10,11,0,0,0,53,13,6,68.4
2023-03-12,21:15,Liga MX,Clausura 2023 Regular Season,Sun,Home,D,1,1,FC Juárez,Necaxa,1.1,1.4,55,11272.0,Alfredo Talavera,4-3-3,Erick Miranda,13,3,23.1,0.08,0.33,12.4,0,0,0,1.1,1.1,0.09,-0.1,-0.1,4,3,75.0,0.0,1.2,0.2,0.0,0.0,0.0,0.0,9,15,60.0,26,8,30.8,35.0,14,50.0,41.9,14,3,21.4,0,7.8,349,475,73.5,6526,3028,145,171,84.8,141,174,81.0,50,103,48.5,1,0.6,0.9,8,25,10,4,40,475,409,65,15,1,5,23,29,5,1,4,0,349,1,3,22,12,5,1,3,1,0,2,0,1,0,0,1,0,15,12,10,4,1,6,16,37.5,10,17,5,12,15,30,14,1,55.0,607,64,221,241,154,28,607,26,9,34.6,11,42.3,277,1584,767,13,13,3,18,15,344,39,3,0,0,9,13,1,23,15,12,0,0,0,62,28,14,66.7,19,4,21.1,0.05,0.25,22.9,1,0,0,1.4,1.4,0.07,-0.4,-0.4,3,2,66.7,0.0,1.0,0.0,0.0,0.0,0.0,0.0,6,18,33.3,19,3,57.9,44.6,10,70.0,55.0,17,1,5.9,1,14.0,276,395,69.9,5578,2572,100,118,84.7,133,177,75.1,39,79,49.4,0,0.9,0.8,16,36,9,1,52,395,344,49,9,3,5,17,26,2,1,1,0,276,2,14,34,26,1,4,0,1,2,0,0,0,0,0,0,0,26,19,11,12,3,11,20,55.0,9,9,6,3,8,34,19,0,45.0,526,56,161,214,155,18,526,18,10,55.6,6,33.3,277,1396,678,13,17,3,16,9,272,52,3,0,0,13,9,2,17,8,19,0,0,0,65,14,28,33.3
2023-03-19,19:05,Liga MX,Clausura 2023 Regular Season,Sun,Away,D,2,2,FC Juárez,Querétaro,1.2,1.9,54,18518.0,Alfredo Talavera,4-4-2,Fernando Guerrero,13,4,30.8,0.15,0.5,20.7,2,0,0,1.2,1.2,0.09,0.8,0.8,4,2,75.0,0.0,2.9,0.9,1.0,1.0,0.0,0.0,5,10,50.0,15,7,26.7,33.5,9,66.7,49.2,21,0,0.0,0,17.0,298,415,71.8,5220,2231,139,169,82.2,120,158,75.9,31,70,44.3,1,0.6,1.1,8,26,6,1,37,415,356,59,12,1,2,12,30,5,2,3,0,298,0,8,23,16,1,4,0,2,0,4,2,0,1,0,1,0,16,12,8,8,0,8,14,57.1,6,10,3,7,12,28,15,0,54.0,545,49,137,300,111,18,545,27,19,70.4,7,25.9,307,1607,707,13,7,4,16,14,296,37,3,0,0,14,11,0,12,12,12,0,1,0,60,12,17,41.4,13,3,23.1,0.08,0.33,17.5,0,1,1,1.9,1.2,0.09,0.1,-0.2,4,2,50.0,0.0,1.4,-0.6,0.0,0.0,0.0,0.0,5,14,35.7,20,5,35.0,35.0,8,87.5,59.6,10,0,0.0,0,5.0,249,356,69.9,4978,2364,96,120,80.0,112,140,80.0,37,83,44.6,0,0.9,0.9,10,23,6,4,27,356,301,52,13,1,4,22,20,8,2,6,0,249,3,7,23,14,3,1,2,3,0,3,1,0,1,0,1,0,21,9,11,10,0,7,26,26.9,19,11,4,7,19,40,17,0,46.0,494,46,171,243,91,18,493,16,6,37.5,8,50.0,232,1328,555,12,9,2,28,8,246,27,1,0,0,11,14,3,22,19,9,1,0,0,65,17,12,58.6
2023-03-31,21:00,Liga MX,Clausura 2023 Regular Season,Fri,Home,L,0,2,FC Juárez,Puebla,0.9,1.3,53,12138.0,Alfredo Talavera,4-4-2,Diego Montaño,15,4,26.7,0.0,0.0,20.7,0,0,0,0.9,0.9,0.06,-0.9,-0.9,3,1,66.7,0.0,1.9,-0.1,1.0,1.0,0.0,0.0,7,9,77.8,18,3,33.3,31.6,5,60.0,48.2,4,0,0.0,1,16.0,414,516,80.2,8071,3242,178,201,88.6,177,206,85.9,57,93,61.3,0,0.6,0.6,10,56,6,5,50,516,457,57,12,1,6,31,28,9,5,4,0,414,2,10,29,20,4,2,1,2,0,0,0,0,0,0,0,0,16,13,2,12,2,9,13,69.2,4,7,2,5,9,25,9,0,53.0,608,25,124,316,170,17,608,16,9,56.3,4,25.0,306,1642,795,17,14,4,15,14,411,50,4,0,0,18,11,2,31,9,13,0,1,0,58,13,8,61.9,8,2,25.0,0.13,0.5,27.1,0,1,1,1.3,0.5,0.06,0.7,0.5,4,4,100.0,1.0,0.7,0.7,0.0,0.0,0.0,0.0,4,14,28.6,40,5,20.0,26.4,9,77.8,55.6,25,1,4.0,3,14.2,369,464,79.5,7363,2721,136,155,87.7,186,213,87.3,46,84,54.8,1,0.4,0.2,7,22,2,0,24,464,416,48,19,0,12,8,18,1,1,0,0,369,0,6,14,11,0,1,1,0,1,3,3,0,0,0,0,0,18,10,10,7,1,4,13,30.8,9,10,4,6,7,25,30,0,47.0,571,81,239,261,75,7,570,15,4,26.7,9,60.0,279,1487,713,9,13,2,11,7,365,24,4,0,0,12,15,0,8,7,10,0,0,0,56,8,13,38.1
2023-04-09,20:10,Liga MX,Clausura 2023 Regular Season,Sun,Home,D,1,1,FC Juárez,Atlas,1.4,1.1,37,12264.0,Alfredo Talavera,4-2-3-1,Adonai Escobedo,10,3,30.0,0.1,0.33,17.5,2,0,0,1.4,1.4,0.14,-0.4,-0.4,3,2,66.7,0.0,1.0,0.0,0.0,0.0,0.0,0.0,3,17,17.6,27,3,37.0,37.0,10,70.0,60.6,23,3,13.0,0,10.1,285,365,78.1,6039,2238,101,117,86.3,123,140,87.9,53,87,60.9,0,1.3,0.9,7,23,5,3,23,365,323,41,10,0,9,13,16,3,2,1,0,285,1,8,17,12,2,0,1,2,0,2,2,0,0,0,0,0,12,5,8,4,0,5,11,45.5,6,9,3,6,8,20,24,0,37.0,469,66,167,216,91,23,469,27,15,55.6,7,25.9,246,1247,655,21,10,7,13,9,278,22,3,2,1,8,11,1,13,8,5,0,0,0,49,17,19,47.2,17,3,17.6,0.06,0.33,20.9,0,0,0,1.1,1.1,0.06,-0.1,-0.1,3,2,66.7,0.0,1.4,0.4,0.0,0.0,0.0,0.0,5,5,100.0,29,7,10.3,25.7,6,33.3,38.7,9,0,0.0,2,22.0,540,623,86.7,11535,3737,174,193,90.2,260,282,92.2,100,129,77.5,1,1.0,0.9,15,62,9,5,56,623,585,38,9,2,11,30,14,7,4,2,0,540,0,9,32,28,2,1,1,0,0,2,2,0,0,0,0,0,16,10,7,8,1,7,22,31.8,15,8,1,7,5,21,15,0,63.0,722,51,174,300,252,19,722,12,6,50.0,5,41.7,369,1807,1026,25,22,6,15,7,535,56,6,1,1,12,8,0,30,5,10,0,0,0,51,19,17,52.8
2023-04-13,22:05,Liga MX,Clausura 2023 Regular Season,Thu,Away,L,0,2,FC Juárez,Atlético,1.4,0.9,47,10832.0,Alfredo Talavera,4-2-3-1,Luis Santander,9,1,11.1,0.0,0.0,20.0,2,0,1,1.4,0.6,0.07,-1.4,-0.6,5,3,60.0,0.0,2.3,0.3,0.0,0.0,0.0,0.0,5,14,35.7,26,3,34.6,34.3,8,62.5,40.3,14,1,7.1,0,12.3,283,401,70.6,5721,2250,106,128,82.8,129,155,83.2,41,94,43.6,0,0.4,0.7,4,31,4,0,31,401,343,54,12,2,11,15,27,4,3,1,0,283,4,7,17,9,3,0,2,2,1,0,0,0,0,0,0,0,20,13,7,11,2,10,16,62.5,6,8,1,7,6,26,14,0,47.0,505,54,168,226,121,13,504,25,11,44.0,11,44.0,267,1564,749,16,13,0,16,8,282,31,1,0,0,17,12,4,15,6,13,0,0,0,60,12,16,42.9,11,5,45.5,0.18,0.4,18.7,1,0,0,0.9,0.9,0.09,1.1,1.1,2,1,100.0,1.0,1.3,1.3,1.0,0.0,1.0,0.0,5,11,45.5,14,4,50.0,38.4,8,50.0,34.8,10,0,0.0,0,2.0,333,454,73.3,5958,2306,141,164,86.0,137,179,76.5,39,79,49.4,1,0.9,0.7,9,29,3,0,42,454,393,61,19,0,7,18,27,6,0,6,0,333,0,10,18,11,3,2,0,1,1,3,2,0,0,0,0,1,19,13,12,6,1,11,22,50.0,11,7,2,5,6,25,24,0,53.0,558,59,176,281,111,12,558,18,6,33.3,10,55.6,312,1585,842,12,9,2,11,10,333,42,3,0,0,15,15,0,18,6,13,0,1,0,51,16,12,57.1
2023-04-23,13:00,Liga MX,Clausura 2023 Regular Season,Sun,Away,D,1,1,FC Juárez,Toluca,1.3,3.0,44,27011.0,Alfredo Talavera,4-2-3-1,Fernando Guerrero,12,2,16.7,0.08,0.5,22.3,2,0,0,1.3,1.3,0.11,-0.3,-0.3,6,5,100.0,0.0,2.6,1.6,1.0,1.0,0.0,0.0,5,12,41.7,27,12,22.2,34.3,11,54.5,43.8,18,1,5.6,0,7.0,310,412,75.2,6130,2666,127,144,88.2,125,153,81.7,50,87,57.5,1,1.1,0.8,7,24,3,1,24,412,360,49,12,2,4,16,20,4,2,2,0,310,3,12,20,11,4,1,2,2,0,2,2,0,0,0,0,0,13,11,10,1,2,6,20,30.0,14,15,1,14,9,22,20,0,44.0,528,74,187,218,129,13,528,18,6,33.3,8,44.4,224,1103,477,4,7,0,18,9,303,24,2,0,0,11,13,3,16,9,11,0,1,0,48,13,12,52.0,18,5,27.8,0.0,0.0,17.9,0,1,1,3.0,2.2,0.13,-2.0,-2.2,2,1,50.0,0.0,0.8,-0.2,0.0,0.0,0.0,0.0,5,14,35.7,31,4,35.5,40.0,9,33.3,38.9,13,0,0.0,0,17.0,418,514,81.3,8053,3007,164,188,87.2,183,210,87.1,57,83,68.7,0,2.1,1.8,13,32,13,6,35,514,460,54,13,0,0,20,26,4,0,4,0,418,0,14,34,24,3,4,2,1,0,2,1,0,0,0,1,0,17,9,10,5,2,8,14,57.1,6,9,1,8,9,26,25,0,56.0,625,63,209,285,139,27,624,22,14,63.6,6,27.3,389,1977,1112,22,15,7,10,7,409,35,6,1,1,14,11,0,20,9,9,1,0,0,48,12,13,48.0
2023-04-28,21:05,Liga MX,Clausura 2023 Regular Season,Fri,Home,L,0,1,FC Juárez,América,1.7,1.5,55,19314.0,Alfredo Talavera,4-2-3-1,Daniel Quintero,18,6,33.3,0.0,0.0,16.7,0,0,0,1.7,1.7,0.1,-1.7,-1.7,5,4,80.0,0.0,1.1,0.1,0.0,0.0,0.0,0.0,3,3,100.0,22,8,4.5,24.5,6,33.3,35.5,9,2,22.2,0,11.3,419,528,79.4,8173,2947,157,171,91.8,200,232,86.2,58,98,59.2,0,1.4,1.9,11,38,9,5,42,528,472,55,16,1,1,33,22,9,4,5,0,419,1,14,30,21,3,2,3,0,1,0,0,0,0,0,0,0,24,14,13,8,3,16,29,55.2,13,15,5,10,6,30,12,0,55.0,674,51,197,310,173,22,674,27,16,59.3,9,33.3,351,1675,827,17,14,1,24,9,418,42,3,0,0,18,14,1,33,6,14,0,0,0,61,12,14,46.2,15,5,33.3,0.07,0.2,17.3,1,0,0,1.5,1.5,0.1,-0.5,-0.5,6,6,100.0,1.0,2.0,2.0,0.0,0.0,0.0,0.0,2,19,10.5,23,3,52.2,39.8,11,63.6,47.2,24,0,0.0,1,11.7,343,434,79.0,5852,2283,174,191,91.1,120,134,89.6,39,80,48.8,0,1.1,1.2,12,34,7,1,46,434,386,46,17,3,5,11,14,3,3,0,0,343,2,12,26,18,2,1,3,1,1,1,0,0,0,1,0,0,18,12,9,8,1,9,25,36.0,16,14,3,11,12,30,32,0,45.0,597,72,197,270,140,20,597,30,13,43.3,16,53.3,262,1254,568,6,12,1,19,8,340,46,2,0,0,14,16,2,11,12,12,0,0,0,67,14,12,53.8
2022-07-02,17:00,Liga MX,Apertura 2022 Regular Season,Sat,Home,L,1,3,Necaxa,Toluca,1.5,1.0,51,10669.0,Fabricio Formiliano,4-3-3,Luis Santander,11,3,27.3,0.09,0.33,19.8,0,0,1,1.5,0.7,0.06,-0.5,0.3,3,0,33.3,0.0,1.9,-1.1,1.0,1.0,0.0,0.0,4,7,57.1,25,5,20.0,33.0,3,66.7,61.0,6,1,16.7,0,10.5,316,427,74.0,7434,2769,72,91,79.1,171,206,83.0,69,117,59.0,1,0.6,1.2,8,35,10,6,34,427,361,65,13,0,5,38,31,14,5,7,0,316,1,7,20,11,5,1,2,1,0,2,0,2,0,0,0,0,12,4,3,4,5,6,14,42.9,8,10,1,9,5,17,6,0,51.0,511,32,121,247,152,21,510,11,6,54.5,5,45.5,281,1723,721,13,11,2,15,6,314,33,3,0,0,17,14,1,38,5,4,1,1,0,44,24,12,66.7,5,2,40.0,0.4,1.0,25.9,1,1,1,1.0,0.3,0.05,2.0,1.7,4,2,75.0,0.0,1.3,0.3,1.0,0.0,1.0,0.0,8,26,30.8,39,5,51.3,43.9,15,40.0,36.5,30,1,3.3,0,6.5,301,392,76.8,5977,2274,112,130,86.2,143,163,87.7,41,84,48.8,1,0.2,0.2,4,12,3,1,13,392,347,45,16,0,5,8,11,1,0,1,0,301,0,10,10,7,1,0,0,2,0,6,3,1,0,0,2,0,11,6,9,2,0,5,11,45.5,6,5,2,3,12,23,37,0,49.0,496,97,255,192,52,8,495,13,7,53.8,6,46.2,205,946,356,8,5,3,13,6,297,13,3,0,0,14,16,0,8,12,6,1,1,0,33,11,22,33.3
2022-07-10,17:00,Liga MX,Apertura 2022 Regular Season,Sun,Away,W,2,1,Necaxa,Querétaro,1.9,1.0,56,,Fabricio Formiliano,4-3-3,Fernando Guerrero,16,6,37.5,0.13,0.33,14.6,0,0,0,1.9,1.9,0.12,0.1,0.1,5,5,80.0,0.0,0.6,0.6,0.0,0.0,0.0,0.0,9,18,50.0,37,4,35.1,36.6,9,55.6,49.4,17,1,5.9,0,6.0,331,435,76.1,7330,2980,110,121,90.9,153,190,80.5,68,106,64.2,1,1.6,1.6,12,28,9,3,44,435,389,44,15,1,5,18,15,3,0,3,0,331,2,9,26,22,1,1,2,0,0,3,2,0,0,1,0,0,14,12,5,8,1,8,12,66.7,4,10,4,6,11,25,23,0,56.0,541,69,188,246,114,26,541,7,3,42.9,4,57.1,341,1539,739,13,9,2,11,7,326,44,1,0,0,14,11,2,18,11,12,0,0,1,51,19,22,46.3,16,5,31.3,0.0,0.0,21.8,2,0,0,1.0,1.0,0.06,-1.0,-1.0,6,4,66.7,0.0,1.2,-0.8,0.0,0.0,0.0,0.0,5,17,29.4,24,5,45.8,36.3,12,50.0,45.8,15,0,0.0,1,19.0,243,348,69.8,4866,1943,88,109,80.7,108,130,83.1,41,90,45.6,0,0.7,0.7,10,21,7,2,40,348,292,53,14,1,3,22,21,3,1,2,0,243,3,7,29,20,3,1,3,2,0,0,0,0,0,0,0,0,11,5,8,3,0,4,7,57.1,3,13,5,8,13,24,17,1,44.0,450,60,161,187,110,18,450,12,4,33.3,8,66.7,232,1657,910,14,12,4,14,6,240,40,1,0,0,12,14,3,22,13,5,0,0,0,47,22,19,53.7
2022-07-17,12:00,Liga MX,Apertura 2022 Regular Season,Sun,Away,L,0,1,Necaxa,UNAM,0.7,1.2,57,15795.0,Fernando Madrigal,4-3-3,Daniel Quintero,11,2,18.2,0.0,0.0,18.9,2,0,0,0.7,0.7,0.06,-0.7,-0.7,6,5,83.3,0.0,1.6,0.6,0.0,0.0,0.0,0.0,2,7,28.6,34,6,14.7,28.1,6,33.3,32.2,13,0,0.0,0,15.0,359,464,77.4,7376,2405,113,141,80.1,175,201,87.1,58,88,65.9,0,0.4,0.8,6,21,4,2,32,464,415,44,13,0,13,22,21,2,1,1,0,359,5,7,16,9,2,1,2,2,0,0,0,0,0,0,0,0,13,9,7,6,0,6,14,42.9,8,11,6,5,15,28,13,0,57.0,567,56,175,279,116,16,567,18,7,38.9,10,55.6,345,1747,879,16,11,1,13,10,355,31,3,0,0,8,15,5,22,15,9,0,0,0,47,12,10,54.5,15,6,40.0,0.07,0.17,22.3,0,0,0,1.2,1.2,0.08,-0.2,-0.2,2,2,100.0,1.0,0.1,0.1,0.0,0.0,0.0,0.0,9,20,45.0,25,5,52.0,40.7,8,87.5,53.4,13,1,7.7,0,10.0,257,350,73.4,5060,2117,105,127,82.7,105,130,80.8,39,71,54.9,1,1.0,0.7,13,22,5,2,28,350,303,47,13,3,4,20,19,6,2,2,0,257,0,8,26,23,1,1,1,0,0,2,1,1,0,0,0,0,20,12,7,10,3,10,17,58.8,7,9,4,5,16,36,16,0,43.0,458,46,140,224,100,12,458,14,8,57.1,6,42.9,259,1549,826,19,20,2,12,7,255,28,1,0,0,15,8,0,20,16,12,0,0,0,49,10,12,45.5
2022-07-22,21:05,Liga MX,Apertura 2022 Regular Season,Fri,Home,W,1,0,Necaxa,FC Juárez,0.4,0.9,36,11510.0,Fabricio Formiliano,4-3-3,César Arturo Ramos,7,3,42.9,0.14,0.33,20.1,0,0,0,0.4,0.4,0.05,0.6,0.6,4,4,100.0,1.0,1.1,1.1,0.0,0.0,0.0,0.0,17,26,65.4,28,3,57.1,48.2,11,90.9,69.5,21,0,0.0,0,9.7,230,301,76.4,5590,2602,61,73,83.6,113,135,83.7,54,76,71.1,1,0.3,0.2,6,18,2,0,18,301,256,45,11,0,2,9,20,2,1,0,0,230,0,6,10,6,2,1,0,1,0,1,1,0,0,0,0,0,19,9,16,3,0,8,23,34.8,15,12,3,9,9,28,35,0,36.0,422,79,187,166,75,4,422,15,6,40.0,6,40.0,201,980,523,13,8,1,16,7,229,18,6,1,1,19,8,0,9,9,9,0,0,0,44,20,9,69.0,18,4,22.2,0.0,0.0,23.6,2,0,0,0.9,0.9,0.05,-0.9,-0.9,3,2,66.7,0.0,0.6,-0.4,0.0,0.0,0.0,0.0,1,7,14.3,21,3,28.6,32.6,5,20.0,32.6,8,0,0.0,0,9.7,421,524,80.3,8443,2540,155,175,88.6,198,224,88.4,60,100,60.0,0,0.4,0.6,11,35,4,0,48,524,462,60,17,0,11,29,28,8,5,2,0,421,2,12,31,18,4,2,2,4,1,0,0,0,0,0,0,0,13,7,7,4,2,6,12,50.0,6,8,2,6,8,21,7,0,64.0,613,37,172,277,171,20,613,23,15,65.2,8,34.8,323,1654,822,21,13,3,8,11,417,47,3,1,1,9,18,2,29,8,7,0,0,0,51,9,20,31.0
2022-07-27,19:00,Liga MX,Apertura 2022 Regular Season,Wed,Home,W,2,0,Necaxa,Pachuca,0.7,1.1,41,11828.0,Fabricio Formiliano,4-3-3,Jorge Pérez,9,3,33.3,0.22,0.67,18.0,0,0,0,0.7,0.7,0.08,1.3,1.3,3,3,100.0,1.0,0.4,0.4,0.0,0.0,0.0,0.0,11,27,40.7,21,0,90.5,57.2,8,100.0,74.3,24,1,4.2,1,15.3,207,323,64.1,4227,2086,90,110,81.8,78,106,73.6,37,78,47.4,2,0.6,1.0,7,25,4,2,24,323,268,53,9,0,3,15,32,3,1,2,0,207,2,14,16,10,2,1,1,1,1,4,3,0,0,1,0,0,21,13,11,7,3,11,16,68.8,5,17,6,11,7,28,29,0,41.0,451,66,159,186,111,13,451,22,15,68.2,7,31.8,176,938,385,10,12,2,10,10,205,24,5,0,0,22,6,2,15,7,13,0,0,0,46,30,18,62.5,15,3,20.0,0.0,0.0,21.0,1,0,0,1.1,1.1,0.07,-1.1,-1.1,3,1,33.3,0.0,1.6,-0.4,0.0,0.0,0.0,0.0,3,11,27.3,17,2,47.1,39.8,8,37.5,35.0,9,0,0.0,0,15.0,339,463,73.2,6271,2533,128,159,80.5,152,177,85.9,41,81,50.6,0,0.7,0.4,10,18,5,3,38,463,386,75,22,0,6,33,33,9,5,2,0,339,2,12,21,16,1,1,1,2,0,0,0,0,0,0,0,0,17,10,11,5,1,7,22,31.8,15,9,0,9,7,24,14,0,59.0,585,35,170,278,142,18,585,16,5,31.3,11,68.8,265,1448,666,13,13,4,21,10,338,38,3,0,0,7,19,2,33,7,10,0,0,0,52,18,30,37.5
2022-07-30,17:00,Liga MX,Apertura 2022 Regular Season,Sat,Away,L,0,1,Necaxa,Cruz Azul,0.8,0.8,58,14556.0,Alexis Francisco Peña,4-4-2,Erick Miranda,17,3,17.6,0.0,0.0,13.6,0,0,0,0.8,0.8,0.05,-0.8,-0.8,4,3,75.0,0.0,0.4,-0.6,0.0,0.0,0.0,0.0,9,17,52.9,37,5,40.5,36.5,6,33.3,38.3,9,0,0.0,1,16.3,407,504,80.8,9351,3246,87,102,85.3,235,264,89.0,83,125,66.4,0,0.7,1.3,13,47,11,6,49,504,454,49,10,2,7,25,27,4,2,2,0,407,1,7,29,18,7,0,4,0,0,0,0,0,0,0,0,0,19,13,6,12,1,11,17,64.7,6,7,0,7,8,27,13,0,58.0,613,55,196,294,128,27,613,17,6,35.3,10,58.8,391,1760,879,13,5,3,20,9,402,49,4,0,0,10,6,1,25,8,13,0,0,0,54,20,19,51.3,7,4,57.1,0.14,0.25,22.2,1,0,0,0.8,0.8,0.12,0.2,0.2,3,3,100.0,1.0,0.5,0.5,0.0,0.0,0.0,0.0,8,19,42.1,18,3,44.4,43.8,13,84.6,59.6,19,1,5.3,0,12.0,251,358,70.1,5039,2161,98,125,78.4,112,132,84.8,36,78,46.2,1,0.8,1.0,6,21,7,0,27,358,300,54,10,0,5,14,27,3,1,1,0,251,4,7,13,9,1,0,0,1,2,1,0,0,0,0,0,1,19,15,9,7,3,10,16,62.5,6,9,4,5,12,31,15,0,42.0,458,58,164,187,112,12,458,18,6,33.3,11,61.1,241,1356,712,11,8,2,13,8,248,27,3,0,0,6,9,4,14,12,15,0,0,0,45,19,20,48.7
2022-08-07,16:00,Liga MX,Apertura 2022 Regular Season,Sun,Away,W,2,1,Necaxa,Atlético,0.7,0.5,42,9464.0,Alexis Francisco Peña,4-4-2,Eduardo Galván,12,4,33.3,0.17,0.5,19.4,0,0,0,0.7,0.7,0.06,1.3,1.3,3,3,66.7,0.0,1.2,1.2,0.0,0.0,0.0,0.0,8,25,32.0,27,2,55.6,42.4,12,83.3,60.7,23,2,8.7,1,13.7,239,358,66.8,4953,2246,95,116,81.9,96,136,70.6,41,85,48.2,1,0.3,0.3,8,20,5,1,20,358,301,55,11,1,8,14,27,3,0,2,0,239,2,7,18,14,2,0,1,1,0,2,2,0,0,0,0,0,24,12,8,15,1,11,21,52.4,10,15,2,13,10,34,29,0,42.0,491,63,179,226,89,11,491,14,7,50.0,5,35.7,187,1160,505,13,10,0,18,10,239,20,2,0,0,15,8,2,14,10,12,0,0,1,48,31,25,55.4,12,3,25.0,0.0,0.0,18.8,0,0,0,0.5,0.5,0.04,-0.5,-0.5,4,2,50.0,0.0,1.3,-0.7,0.0,0.0,0.0,0.0,9,17,52.9,29,12,48.3,38.0,9,33.3,33.3,11,2,18.2,0,11.0,347,490,70.8,6679,2654,144,174,82.8,140,189,74.1,54,93,58.1,0,0.4,0.8,10,20,14,9,40,490,419,69,17,3,5,28,35,5,2,2,0,347,2,14,23,16,3,0,2,2,0,0,0,0,0,0,0,0,15,8,2,12,1,5,12,41.7,7,13,6,7,9,24,11,1,58.0,601,59,167,286,152,28,601,23,10,43.5,11,47.8,331,1939,956,26,25,4,17,13,344,40,1,0,0,9,15,2,28,9,8,0,0,0,46,25,31,44.6
2022-08-12,21:00,Liga MX,Apertura 2022 Regular Season,Fri,Home,L,1,2,Necaxa,Monterrey,0.6,0.8,52,10704.0,Alexis Francisco Peña,4-3-3,Guillermo Pacheco,14,4,28.6,0.07,0.25,24.6,0,0,0,0.6,0.6,0.04,0.4,0.4,6,4,66.7,0.0,1.2,-0.8,0.0,0.0,0.0,0.0,5,14,35.7,27,2,29.6,34.8,15,40.0,39.5,13,0,0.0,1,14.0,286,395,72.4,6322,2623,83,101,82.2,146,176,83.0,56,102,54.9,0,0.5,0.5,11,24,4,2,28,395,339,53,10,0,4,17,23,2,1,1,0,286,3,8,21,14,4,1,1,1,0,0,0,0,0,0,0,0,22,12,9,9,4,14,18,77.8,4,11,4,7,11,33,9,0,52.0,492,64,205,192,101,13,492,14,6,42.9,4,28.6,231,1319,718,14,12,0,14,10,285,28,2,0,0,13,8,3,17,11,12,0,0,0,51,18,25,41.9,17,6,35.3,0.12,0.33,20.1,1,0,0,0.8,0.8,0.05,1.2,1.2,4,3,75.0,0.0,0.6,-0.4,0.0,0.0,0.0,0.0,10,19,52.6,33,7,42.4,37.3,10,50.0,42.8,12,0,0.0,1,18.3,253,365,69.3,5541,2664,70,99,70.7,120,141,85.1,56,108,51.9,2,0.8,0.7,15,18,7,4,16,365,303,61,15,0,6,15,28,6,1,4,0,253,1,7,32,21,5,2,1,2,1,4,3,1,0,0,0,0,14,10,5,8,1,4,10,40.0,6,4,1,3,5,19,18,0,48.0,470,61,171,201,101,14,470,18,4,22.2,14,77.8,189,1091,595,11,7,1,14,8,251,16,2,0,0,9,12,1,15,5,10,0,0,0,49,25,18,58.1
2022-08-16,21:05,Liga MX,Apertura 2022 Regular Season,Tue,Away,D,2,2,Necaxa,Puebla,1.3,2.0,48,15070.0,Alexis Francisco Peña,4-4-2,Fernando Guerrero,16,4,25.0,0.13,0.5,17.3,0,0,0,1.3,1.3,0.08,0.7,0.7,6,4,66.7,0.0,1.6,-0.4,0.0,0.0,0.0,0.0,9,11,81.8,37,6,27.0,36.3,6,16.7,37.8,14,1,7.1,0,7.4,288,370,77.8,6729,3073,70,87,80.5,151,171,88.3,66,102,64.7,2,1.1,1.5,15,31,9,3,36,370,320,50,14,1,5,22,22,5,2,3,0,288,0,3,31,20,5,3,2,1,0,4,2,1,0,1,0,0,14,7,9,5,0,10,25,40.0,15,8,3,5,12,26,18,0,48.0,464,68,162,200,107,21,464,20,10,50.0,9,45.0,280,1576,816,12,10,5,14,6,288,36,1,0,0,16,13,0,22,12,7,0,0,0,43,12,13,48.0,15,6,40.0,0.13,0.33,14.7,1,0,0,2.0,2.0,0.13,0.0,0.0,4,2,50.0,0.0,1.2,-0.8,0.0,0.0,0.0,0.0,3,15,20.0,18,4,72.2,53.3,13,15.4,28.2,14,0,0.0,0,18.0,319,407,78.4,6630,2709,118,128,92.2,138,163,84.7,55,95,57.9,2,1.8,1.5,12,29,8,3,31,407,357,50,15,0,4,20,13,6,5,0,0,319,0,7,27,14,4,5,1,2,1,4,2,1,1,0,0,0,15,8,9,5,1,9,19,47.4,10,5,4,1,7,22,24,0,52.0,519,64,183,212,130,28,519,27,15,55.6,10,37.0,218,1475,779,22,10,10,10,4,317,31,1,0,0,14,16,0,20,7,8,0,0,0,45,13,12,52.0
2022-08-19,19:00,Liga MX,Apertura 2022 Regular Season,Fri,Home,L,0,4,Necaxa,Guadalajara,1.2,2.5,57,14349.0,Alexis Francisco Peña,4-4-2,Oscar Mejia,15,1,6.7,0.0,0.0,16.4,1,0,0,1.2,1.2,0.08,-1.2,-1.2,7,3,57.1,0.0,3.0,-1.0,1.0,1.0,0.0,0.0,4,7,57.1,29,6,24.1,30.4,6,0.0,24.8,8,0,0.0,0,,374,459,81.5,7682,2739,119,137,86.9,195,218,89.4,53,84,63.1,0,0.7,0.7,10,27,12,5,33,459,415,43,14,0,6,18,14,4,2,1,0,374,1,8,26,18,2,1,3,2,0,0,0,0,0,0,0,0,15,7,10,5,0,5,17,29.4,12,13,2,11,8,23,6,0,57.0,568,52,187,287,95,21,568,14,4,28.6,7,50.0,276,1485,894,8,7,0,19,5,373,33,2,0,0,13,11,1,18,8,7,0,1,0,44,16,12,57.1,13,6,46.2,0.23,0.5,17.3,0,1,1,2.5,1.8,0.14,1.5,1.2,1,1,100.0,1.0,0.0,0.0,0.0,0.0,0.0,0.0,2,17,11.8,15,4,40.0,38.4,13,84.6,71.7,15,2,13.3,0,6.7,256,348,73.6,4508,1577,116,130,89.2,107,133,80.5,23,59,39.0,2,1.5,1.0,11,21,7,2,22,348,301,44,13,0,2,12,13,4,2,2,0,256,3,11,24,21,1,1,1,0,0,5,4,0,0,1,0,0,12,6,4,4,4,7,11,63.6,4,9,3,6,14,26,15,1,43.0,442,48,141,180,126,15,441,17,12,70.6,5,29.4,275,1522,796,16,13,4,11,10,251,22,0,0,0,12,11,3,12,14,6,0,0,0,46,12,16,42.9
2022-08-27,19:05,Liga MX,Apertura 2022 Regular Season,Sat,Away,D,0,0,Necaxa,UANL,0.6,1.3,40,40103.0,Alexis Francisco Peña,4-4-2,Fernando Hernández,9,1,11.1,0.0,0.0,26.0,0,0,0,0.6,0.6,0.07,-0.6,-0.6,2,2,100.0,1.0,0.3,0.3,0.0,0.0,0.0,0.0,11,24,45.8,29,2,58.6,42.7,8,87.5,61.4,24,2,8.3,0,5.4,257,360,71.4,5244,2486,111,138,80.4,103,127,81.1,39,81,48.1,0,0.6,0.2,7,27,1,0,19,360,323,37,12,0,3,6,14,2,2,0,0,257,0,8,14,11,0,3,0,0,0,0,0,0,0,0,0,0,24,12,13,9,2,12,19,63.2,7,17,9,8,15,39,30,0,40.0,491,84,215,214,66,9,491,16,10,62.5,5,31.3,207,1104,533,4,7,3,21,8,254,19,3,0,0,16,12,0,6,15,12,0,0,0,62,15,23,39.5,17,2,11.8,0.0,0.0,19.9,1,0,0,1.3,1.3,0.07,-1.3,-1.3,1,1,100.0,1.0,0.1,0.1,0.0,0.0,0.0,0.0,7,11,63.6,32,4,31.3,32.4,5,20.0,25.0,6,1,16.7,2,23.7,425,545,78.0,8150,3025,148,180,82.2,222,261,85.1,50,86,58.1,0,0.9,1.3,10,48,7,2,63,545,498,47,15,0,4,32,19,7,3,1,0,425,0,12,30,26,2,0,1,1,0,0,0,0,0,0,0,0,13,10,4,7,2,5,15,33.3,10,11,3,8,8,21,7,0,60.0,649,47,160,312,188,22,649,21,7,33.3,12,57.1,430,2423,1257,29,17,10,18,12,420,62,1,0,0,12,15,0,32,8,10,0,0,0,62,23,15,60.5
2022-09-02,19:00,Liga MX,Apertura 2022 Regular Season,Fri,Home,W,3,2,Necaxa,León,1.0,3.0,42,13799.0,Alexis Francisco Peña,4-4-2,Marco Ortíz,9,3,33.3,0.22,0.67,19.9,0,0,0,1.0,1.0,0.12,1.0,1.0,8,6,75.0,0.0,3.2,1.2,0.0,0.0,0.0,0.0,6,18,33.3,28,4,21.4,31.5,18,66.7,53.5,27,1,3.7,0,12.0,271,357,75.9,5641,2422,89,106,84.0,126,147,85.7,47,83,56.6,2,0.5,0.4,7,20,6,3,22,357,311,44,5,0,4,11,17,1,0,0,0,271,2,4,16,10,2,1,1,1,1,4,3,1,0,0,0,0,19,8,10,7,2,5,23,21.7,18,11,9,2,11,30,34,0,42.0,484,94,227,185,82,11,484,15,5,33.3,10,66.7,196,1193,679,10,8,0,14,11,267,22,1,0,0,13,5,2,11,11,8,0,0,0,41,14,15,48.3,26,8,30.8,0.08,0.25,14.8,0,0,0,3.0,3.0,0.12,-1.0,-1.0,3,1,0.0,0.0,1.1,-0.9,0.0,0.0,0.0,0.0,5,8,62.5,23,5,26.1,33.8,6,33.3,41.0,10,0,0.0,1,17.0,394,499,79.0,7087,2491,192,214,89.7,149,186,80.1,47,82,57.3,1,2.2,2.4,21,36,14,5,52,499,448,50,15,4,7,37,15,10,5,3,0,394,1,4,46,32,5,4,2,1,2,4,3,0,0,0,0,1,21,16,8,9,4,10,15,66.7,5,4,1,3,9,30,14,0,58.0,600,40,137,228,242,37,600,23,18,78.3,5,21.7,400,2245,1255,33,20,9,8,14,389,50,1,0,0,5,12,1,37,9,16,0,0,1,50,15,14,51.7
2022-09-06,19:05,Liga MX,Apertura 2022 Regular Season,Tue,Away,L,1,3,Necaxa,Santos,1.7,1.0,51,7979.0,Alexis Francisco Peña,4-4-2,Daniel Quintero,22,7,31.8,0.05,0.14,17.6,0,0,0,1.7,1.7,0.08,-0.7,-0.7,6,3,50.0,0.0,1.9,-1.1,0.0,0.0,0.0,0.0,7,17,41.2,33,3,36.4,36.1,14,35.7,35.1,13,0,0.0,0,17.0,376,480,78.3,7565,2918,134,156,85.9,179,211,84.8,57,93,61.3,0,0.9,1.0,15,30,9,4,39,480,437,43,5,0,7,15,18,2,1,1,0,376,0,5,35,24,2,0,6,0,3,1,0,0,0,1,0,0,24,17,13,10,1,9,17,52.9,8,12,4,8,15,39,20,0,51.0,607,66,217,267,132,29,607,5,3,60.0,1,20.0,414,1827,885,12,19,4,17,5,371,39,2,0,0,14,4,0,15,15,17,0,0,0,64,16,21,43.2,20,6,30.0,0.15,0.5,22.3,3,0,0,1.0,1.0,0.05,2.0,2.0,7,6,85.7,0.0,1.6,0.6,0.0,0.0,0.0,0.0,6,14,42.9,24,6,41.7,36.9,10,40.0,39.9,13,1,7.7,1,13.0,354,460,77.0,6558,2392,157,187,84.0,153,172,89.0,39,77,50.6,3,0.8,0.8,16,33,12,5,40,460,403,56,11,1,5,18,32,1,0,1,0,354,1,9,34,26,3,1,0,3,1,5,5,0,0,0,0,0,6,3,2,3,1,1,4,25.0,3,10,5,5,15,21,22,1,49.0,594,59,173,278,150,25,594,19,8,42.1,9,47.4,355,1642,815,16,13,7,20,15,352,40,1,0,0,4,12,1,18,15,3,0,0,0,63,21,16,56.8
2022-09-10,19:00,Liga MX,Apertura 2022 Regular Season,Sat,Home,L,1,2,Necaxa,América,1.1,1.0,38,20193.0,Alexis Francisco Peña,4-4-2,Fernando Guerrero,14,6,42.9,0.07,0.17,19.9,0,0,0,1.1,1.1,0.08,-0.1,-0.1,7,5,71.4,0.0,1.5,-0.5,0.0,0.0,0.0,0.0,5,16,31.3,28,6,32.1,35.9,9,77.8,51.1,23,1,4.3,0,10.0,243,338,71.9,4953,2247,88,103,85.4,99,128,77.3,44,90,48.9,1,0.7,0.5,9,19,7,2,24,338,293,45,11,0,2,11,19,3,0,2,0,243,0,4,24,19,2,0,3,0,0,2,2,0,0,0,0,0,14,7,10,3,1,5,13,38.5,8,8,1,7,5,19,30,0,38.0,444,70,209,163,77,14,444,10,4,40.0,4,40.0,241,1453,600,10,9,0,15,9,235,24,2,0,0,12,5,0,11,5,7,0,0,0,30,10,17,37.0,12,7,58.3,0.17,0.29,15.3,0,0,0,1.0,1.0,0.08,1.0,1.0,6,5,83.3,0.0,1.2,0.2,0.0,0.0,0.0,0.0,5,8,62.5,16,8,18.8,28.8,6,83.3,64.8,8,0,0.0,1,30.0,423,541,78.2,8524,3397,160,188,85.1,191,227,84.1,69,110,62.7,2,1.0,1.2,12,57,14,5,64,541,485,52,12,0,10,34,23,9,4,4,0,423,4,11,24,19,2,1,1,1,0,4,4,0,0,0,0,0,13,8,6,7,0,4,8,50.0,4,9,5,4,9,22,5,0,62.0,619,37,162,252,210,25,619,18,8,44.4,5,27.8,305,1847,846,17,13,6,14,9,415,62,0,0,0,7,12,4,34,9,8,0,0,0,41,17,10,63.0
2022-09-18,19:05,Liga MX,Apertura 2022 Regular Season,Sun,Away,D,1,1,Necaxa,Tijuana,0.9,1.9,46,24333.0,Alexis Francisco Peña,4-4-2,Diego Montaño,13,6,46.2,0.08,0.17,21.6,0,0,0,0.9,0.9,0.07,0.1,0.1,7,6,85.7,0.0,2.6,1.6,0.0,0.0,0.0,0.0,7,17,41.2,31,6,35.5,34.5,14,42.9,48.9,22,2,9.1,0,9.2,269,401,67.1,5500,2747,95,123,77.2,121,161,75.2,47,93,50.5,0,0.4,0.5,9,11,3,1,25,401,343,55,15,0,1,15,19,5,0,4,0,269,3,11,19,16,0,0,2,0,1,0,0,0,0,0,0,0,22,13,11,9,2,5,16,31.3,11,15,5,10,16,38,37,0,46.0,552,89,228,213,116,15,552,14,5,35.7,7,50.0,306,1630,761,17,22,2,18,10,264,25,3,0,0,16,14,3,15,16,13,0,0,0,64,28,33,45.9,28,7,25.0,0.04,0.14,17.2,0,0,0,1.9,1.9,0.07,-0.9,-0.9,6,5,83.3,0.0,1.8,0.8,0.0,0.0,0.0,0.0,7,13,53.8,26,4,46.2,36.7,6,16.7,22.5,11,0,0.0,0,,334,478,69.9,7256,3626,104,142,73.2,168,212,79.2,60,108,55.6,1,1.7,1.5,24,40,8,4,57,478,422,55,19,0,3,25,25,3,1,2,0,334,1,12,49,33,7,3,3,2,1,2,2,0,0,0,0,0,17,13,7,7,3,7,12,58.3,5,12,4,8,27,44,22,0,54.0,618,59,196,266,168,31,618,17,11,64.7,5,29.4,362,1621,757,17,9,5,18,17,331,56,2,0,0,14,15,1,25,27,13,0,0,0,78,33,28,54.1
2022-09-23,19:00,Liga MX,Apertura 2022 Regular Season,Fri,Home,D,2,2,Necaxa,Mazatlán,1.5,0.8,59,11467.0,Alexis Francisco Peña,4-4-2,Fernando Hernández,18,6,33.3,0.11,0.33,21.4,1,0,0,1.5,1.5,0.09,0.5,0.5,4,2,50.0,0.0,1.2,-0.8,0.0,0.0,0.0,0.0,9,17,52.9,36,5,38.9,34.1,13,23.1,28.2,18,1,5.6,1,14.5,385,501,76.8,7880,3099,134,160,83.8,179,216,82.9,62,101,61.4,1,1.3,0.9,13,27,10,5,33,501,442,55,10,2,5,25,24,5,1,3,0,385,4,4,29,20,5,2,1,1,0,4,2,0,1,0,1,0,15,9,7,8,0,8,20,40.0,12,8,2,6,12,27,19,0,59.0,605,71,193,279,137,17,605,13,6,46.2,3,23.1,335,1598,820,10,9,1,13,4,378,32,3,0,0,12,10,4,25,12,9,0,0,0,47,20,9,69.0,12,4,33.3,0.17,0.5,17.9,0,0,0,0.8,0.8,0.07,1.2,1.2,6,4,66.7,0.0,1.5,-0.5,0.0,0.0,0.0,0.0,5,19,26.3,29,9,48.3,44.0,12,41.7,35.9,21,4,19.0,1,13.0,250,355,70.4,5076,2255,86,106,81.1,124,150,82.7,36,86,41.9,2,0.5,0.6,8,26,4,2,28,355,305,50,16,1,4,25,15,4,1,3,0,250,0,7,20,13,1,4,2,0,0,4,3,0,1,0,0,0,7,6,3,4,0,3,9,33.3,6,7,3,4,10,17,28,0,41.0,463,66,179,186,103,15,463,22,12,54.5,8,36.4,217,1095,555,10,5,1,18,7,249,28,3,0,0,11,12,0,25,10,6,0,0,0,46,9,20,31.0
2022-10-01,19:05,Liga MX,Apertura 2022 Regular Season,Sat,Away,L,0,1,Necaxa,Atlas,0.6,0.8,55,23649.0,Alexis Francisco Peña,4-2-3-1,Victor Caceres,14,2,14.3,0.0,0.0,20.1,0,0,0,0.6,0.6,0.04,-0.6,-0.6,2,1,50.0,0.0,0.2,-0.8,0.0,0.0,0.0,0.0,1,15,6.7,30,5,33.3,36.9,8,62.5,45.3,8,0,0.0,1,16.0,390,496,78.6,7791,2638,122,142,85.9,214,249,85.9,50,87,57.5,0,0.6,0.7,12,44,11,3,48,496,444,49,10,0,5,14,25,4,3,1,0,390,3,5,23,16,3,1,3,0,0,0,0,0,0,0,0,0,15,10,9,4,2,7,12,58.3,5,11,5,6,12,27,13,0,55.0,598,55,156,315,131,23,598,18,11,61.1,5,27.8,302,1675,836,13,5,1,10,6,387,47,2,0,0,14,9,3,14,12,10,0,0,0,48,21,21,50.0,11,2,18.2,0.09,0.5,15.0,0,0,0,0.8,0.8,0.08,0.2,0.2,2,2,100.0,1.0,0.2,0.2,0.0,0.0,0.0,0.0,10,23,43.5,34,3,50.0,41.7,10,60.0,50.9,11,0,0.0,1,21.0,302,407,74.2,6384,2565,97,111,87.4,137,173,79.2,56,99,56.6,1,0.8,0.4,10,23,5,2,25,407,356,50,17,0,10,10,21,1,0,1,0,302,1,6,18,12,3,0,1,1,1,2,0,1,0,0,1,0,11,8,7,2,2,5,16,31.3,11,9,5,4,10,21,19,1,45.0,511,74,206,227,81,15,511,15,5,33.3,7,46.7,219,1198,604,9,9,2,17,8,297,24,0,0,0,9,14,1,10,10,8,0,0,0,45,21,21,50.0
2022-10-08,19:00,Liga MX,Reclassification,Sat,Away,L,0,2,Necaxa,UANL,0.5,0.8,49,36585.0,Alexis Francisco Peña,4-4-2,César Arturo Ramos,11,2,18.2,0.0,0.0,24.9,1,0,0,0.5,0.5,0.05,-0.5,-0.5,5,3,60.0,0.0,1.3,-0.7,0.0,0.0,0.0,0.0,3,9,33.3,26,7,23.1,29.1,6,50.0,42.5,18,1,5.6,0,10.0,374,473,79.1,7225,2715,142,167,85.0,179,208,86.1,49,76,64.5,0,0.3,0.6,7,36,7,2,33,473,434,39,9,0,2,15,18,3,0,3,0,374,0,3,21,17,1,1,1,1,0,0,0,0,0,0,0,0,18,10,5,9,4,9,24,37.5,15,1,0,1,8,26,13,0,49.0,560,56,162,283,124,15,560,12,3,25.0,8,66.7,338,1609,935,14,19,4,13,7,368,33,5,1,0,15,8,0,15,8,10,0,0,0,50,13,13,50.0,12,5,41.7,0.17,0.4,17.0,1,0,0,0.8,0.8,0.07,1.2,1.2,2,2,100.0,1.0,0.1,0.1,0.0,0.0,0.0,0.0,6,19,31.6,39,7,41.0,38.1,3,100.0,66.0,10,2,20.0,0,11.3,403,492,81.9,8337,3047,142,158,89.9,182,202,90.1,74,122,60.7,1,0.7,0.9,8,40,13,7,42,492,454,36,14,0,11,23,12,6,1,1,0,403,2,2,22,21,0,0,0,1,0,4,3,0,0,0,1,0,15,10,7,7,1,8,11,72.7,3,9,8,1,11,26,18,0,51.0,609,66,223,236,161,23,609,29,15,51.7,9,31.0,306,2032,848,18,10,3,23,9,397,42,2,1,0,8,14,2,23,11,10,0,0,0,62,13,13,50.0
2023-01-06,19:00,Liga MX,Clausura 2023 Regular Season,Fri,Home,L,2,3,Necaxa,Atlético,0.5,1.7,55,12415.0,Fabricio Formiliano,4-2-3-1,Fernando Hernández,12,6,50.0,0.17,0.33,17.6,0,0,0,0.5,0.5,0.04,1.5,1.5,6,3,50.0,0.0,1.4,-1.6,0.0,0.0,0.0,0.0,8,15,53.3,38,6,28.9,30.5,5,80.0,54.0,18,2,11.1,1,14.8,407,507,80.3,7726,2879,160,183,87.4,190,216,88.0,50,89,56.2,1,0.4,0.4,8,25,3,1,31,507,454,52,10,0,2,24,27,6,1,4,0,407,1,7,22,16,3,0,2,1,0,3,2,0,0,1,0,0,22,12,8,12,2,10,17,58.8,7,10,3,7,15,37,14,1,55.0,628,62,200,322,113,15,628,16,8,50.0,5,31.3,363,1837,853,12,14,3,25,8,402,30,2,0,0,13,9,1,24,15,12,0,0,0,54,22,19,53.7,14,6,42.9,0.21,0.5,19.1,0,0,0,1.7,1.7,0.12,1.3,1.3,6,4,66.7,0.0,0.5,-1.5,0.0,0.0,0.0,0.0,4,10,40.0,11,3,45.5,34.3,6,83.3,42.0,18,0,0.0,0,,307,408,75.2,5887,2395,107,126,84.9,156,191,81.7,39,75,52.0,2,1.2,0.6,9,31,11,5,40,408,361,46,14,1,3,21,16,7,3,2,0,307,1,7,21,15,2,0,2,1,1,4,3,0,0,0,1,0,13,5,4,8,1,5,13,38.5,8,7,3,4,10,23,25,0,45.0,526,42,171,238,121,19,526,21,7,33.3,10,47.6,249,1485,603,12,13,5,13,12,305,40,1,0,0,9,12,1,21,10,5,0,0,0,56,19,22,46.3
2023-01-16,21:05,Liga MX,Clausura 2023 Regular Season,Mon,Away,L,1,2,Necaxa,León,1.0,0.9,41,24722.0,Fabricio Formiliano,4-2-3-1,Brian Gonzalez,4,2,50.0,0.0,0.0,24.8,1,1,1,1.0,0.2,0.04,0.0,-0.2,2,0,0.0,0.0,0.9,-1.1,0.0,0.0,0.0,0.0,5,22,22.7,22,3,50.0,37.5,14,78.6,53.6,15,1,6.7,2,15.3,246,336,73.2,4752,1801,93,106,87.7,107,134,79.9,37,78,47.4,0,0.1,0.3,3,10,3,1,20,336,273,61,19,0,7,11,24,1,0,1,0,246,2,6,9,4,1,1,0,3,0,2,1,0,0,0,1,0,20,14,7,11,2,13,20,65.0,7,8,3,5,12,32,23,0,41.0,451,62,178,215,63,6,450,14,5,35.7,8,57.1,207,906,416,6,7,1,14,6,245,20,1,0,0,22,20,2,11,12,14,1,0,0,39,12,19,38.7,15,2,13.3,0.13,1.0,20.5,2,0,0,0.9,0.9,0.06,1.1,1.1,3,2,100.0,0.0,1.5,0.5,1.0,1.0,0.0,0.0,4,6,66.7,22,7,22.7,27.0,3,33.3,34.3,8,0,0.0,0,7.0,392,487,80.5,7411,2702,153,173,88.4,194,226,85.8,44,73,60.3,2,0.6,0.9,9,25,7,2,32,487,423,63,22,0,2,26,32,4,2,2,0,392,1,8,25,19,3,1,0,2,0,4,4,0,0,0,0,0,14,10,6,7,1,8,13,61.5,5,7,2,5,8,22,7,0,59.0,591,30,141,326,130,30,591,22,7,31.8,13,59.1,424,2190,1043,22,17,8,17,7,388,31,1,0,0,20,21,1,26,8,10,0,1,0,45,19,12,61.3
2023-01-21,21:10,Liga MX,Clausura 2023 Regular Season,Sat,Home,W,1,0,Necaxa,Cruz Azul,0.6,1.2,30,18114.0,Fabricio Formiliano,3-4-3,Jorge Camacho,9,3,33.3,0.11,0.33,18.7,0,0,0,0.6,0.6,0.06,0.4,0.4,3,3,100.0,1.0,0.2,0.2,0.0,0.0,0.0,0.0,8,28,28.6,18,3,77.8,51.1,14,100.0,64.4,25,3,12.0,4,14.4,148,246,60.2,3034,1551,66,83,79.5,50,81,61.7,27,69,39.1,1,0.2,0.3,5,16,3,0,14,246,205,39,9,1,4,6,13,2,1,0,0,148,2,2,16,8,3,1,0,3,1,2,0,1,0,0,1,0,21,14,11,7,3,13,21,61.9,8,16,5,11,15,36,33,0,30.0,387,71,162,170,59,12,387,12,5,41.7,5,41.7,163,1067,530,8,5,4,20,8,148,14,6,0,0,26,7,2,6,15,14,0,0,0,54,25,15,62.5,17,3,17.6,0.0,0.0,18.4,1,0,0,1.2,1.2,0.07,-1.2,-1.2,3,2,66.7,0.0,1.0,0.0,0.0,0.0,0.0,0.0,1,3,33.3,14,4,21.4,26.4,8,0.0,21.6,6,1,16.7,0,8.5,444,572,77.6,7324,2449,224,251,89.2,170,207,82.1,38,82,46.3,0,0.6,1.3,10,27,13,3,55,572,493,78,27,7,3,33,33,8,5,3,0,444,1,14,28,17,2,2,4,3,0,0,0,0,0,0,0,0,13,9,5,8,0,5,10,50.0,5,3,1,2,6,19,11,0,70.0,678,34,149,342,194,24,678,24,8,33.3,13,54.2,389,2248,1289,23,22,3,21,8,440,55,3,0,0,8,26,1,33,6,9,0,0,0,48,15,25,37.5
2023-01-29,19:00,Liga MX,Clausura 2023 Regular Season,Sun,Away,L,1,2,Necaxa,Pachuca,1.4,2.6,42,18103.0,Alexis Francisco Peña,3-5-2,Victor Caceres,8,2,25.0,0.0,0.0,22.3,1,1,1,1.4,0.7,0.08,-0.4,-0.7,12,10,91.7,0.0,3.4,1.4,1.0,1.0,0.0,0.0,8,28,28.6,26,4,69.2,47.5,11,90.9,65.0,26,1,3.8,2,10.6,227,346,65.6,4750,2273,95,118,80.5,79,108,73.1,45,93,48.4,0,0.6,0.5,7,23,7,4,29,346,286,59,13,3,5,17,28,4,1,2,0,227,1,10,13,7,3,0,1,2,0,1,0,0,0,1,0,0,11,9,8,1,2,4,18,22.2,14,19,6,13,12,23,28,1,42.0,482,80,199,183,109,20,481,21,12,57.1,5,23.8,240,1228,606,13,11,2,20,8,226,29,3,0,0,9,11,1,17,12,9,0,1,0,50,23,22,51.1,24,11,45.8,0.04,0.09,20.9,0,1,1,2.6,1.8,0.08,-0.6,-0.8,3,2,100.0,0.0,1.3,0.3,1.0,1.0,0.0,0.0,4,10,40.0,23,7,26.1,30.0,7,57.1,47.0,14,0,0.0,2,18.3,358,480,74.6,6548,2876,163,195,83.6,137,169,81.1,52,85,61.2,1,1.1,1.0,15,29,12,6,36,480,413,64,9,2,9,33,37,9,5,1,0,358,3,19,42,35,2,2,1,1,1,4,2,0,1,0,1,0,13,8,7,5,1,5,17,29.4,12,10,1,9,4,17,18,1,58.0,601,49,156,270,185,29,600,23,14,60.9,4,17.4,370,2201,1036,22,21,4,23,7,354,34,2,0,0,12,8,3,33,4,8,1,1,0,53,22,23,48.9
2023-02-03,19:00,Liga MX,Clausura 2023 Regular Season,Fri,Home,D,1,1,Necaxa,Tijuana,0.8,0.8,50,12225.0,Alexis Francisco Peña,4-4-2,César Arturo Ramos,15,6,40.0,0.07,0.17,19.0,0,0,0,0.8,0.8,0.05,0.2,0.2,2,2,50.0,0.0,0.5,0.5,0.0,0.0,0.0,0.0,5,14,35.7,34,9,32.4,31.9,10,30.0,32.8,10,4,40.0,3,14.7,396,530,74.7,7780,3046,147,170,86.5,189,228,82.9,56,113,49.6,1,0.5,0.9,11,36,2,1,51,530,476,52,16,1,7,33,16,8,3,5,0,396,2,5,25,18,2,0,2,1,2,2,2,0,0,0,0,0,19,9,4,9,6,15,33,45.5,18,15,1,14,12,31,14,2,50.0,663,57,222,290,161,30,663,27,10,37.0,15,55.6,404,2231,1119,16,13,5,17,8,390,51,3,0,0,18,15,2,33,12,9,0,0,1,78,26,18,59.1,10,2,20.0,0.0,0.0,23.7,0,0,0,0.8,0.8,0.08,-0.8,-0.8,6,5,83.3,0.0,1.6,0.6,0.0,0.0,0.0,0.0,7,28,25.0,25,5,80.0,52.7,10,80.0,55.3,25,4,16.0,0,7.0,394,523,75.3,6936,2826,185,210,88.1,166,203,81.8,36,83,43.4,0,0.7,0.6,7,34,2,0,41,523,473,49,20,1,2,16,15,2,1,0,0,394,1,14,16,12,0,2,0,0,2,0,0,0,0,0,0,0,23,13,9,13,1,15,25,60.0,10,5,2,3,15,38,38,0,50.0,676,83,215,345,130,14,676,39,18,46.2,15,38.5,403,2193,1043,23,21,6,20,4,393,41,5,1,1,15,17,1,16,15,13,0,0,0,80,18,26,40.9
2023-02-11,17:00,Liga MX,Clausura 2023 Regular Season,Sat,Away,L,1,2,Necaxa,América,0.7,3.2,46,40125.0,Alexis Francisco Peña,4-3-3,Ismael Lopez,5,1,20.0,0.2,1.0,21.2,0,0,0,0.7,0.7,0.14,0.3,0.3,5,3,80.0,0.0,3.0,1.0,1.0,1.0,0.0,0.0,4,7,57.1,25,5,16.0,31.8,12,25.0,30.5,14,1,7.1,0,10.3,301,405,74.3,6302,2465,107,122,87.7,135,164,82.3,56,94,59.6,1,0.7,0.8,4,29,6,2,28,405,343,60,14,1,6,16,26,5,1,3,0,301,2,11,9,7,0,2,0,0,0,2,1,0,1,0,0,0,21,9,14,6,1,9,18,50.0,9,4,1,3,4,25,17,0,46.0,500,60,205,203,95,14,500,21,11,52.4,8,38.1,231,1308,658,15,4,4,19,10,299,28,6,0,0,14,13,2,16,4,9,0,1,0,47,15,17,46.9,12,4,33.3,0.08,0.25,15.6,0,1,1,3.2,2.4,0.21,-1.2,-1.4,1,0,0.0,0.0,0.8,-0.2,0.0,0.0,0.0,0.0,6,17,35.3,23,2,43.5,38.0,12,58.3,51.4,12,1,8.3,1,13.6,383,475,80.6,6747,2535,201,225,89.3,129,157,82.2,49,81,60.5,1,2.5,1.3,11,22,9,1,40,475,422,52,15,0,3,20,19,4,4,0,0,383,1,3,21,11,4,2,1,3,0,3,1,0,0,1,1,0,18,14,4,10,4,8,19,42.1,11,9,0,9,3,21,19,0,54.0,584,56,164,291,135,25,583,19,9,47.4,9,47.4,352,2158,1208,23,18,6,17,12,381,40,4,0,0,14,13,1,20,3,14,1,0,0,51,17,15,53.1
2023-02-15,21:05,Liga MX,Clausura 2023 Regular Season,Wed,Home,W,3,1,Necaxa,UNAM,0.7,1.5,34,13581.0,Alexis Francisco Peña,4-4-2,Fernando Guerrero,11,3,27.3,0.27,1.0,25.3,0,0,0,0.7,0.7,0.07,2.3,2.3,8,7,87.5,0.0,1.4,0.4,0.0,0.0,0.0,0.0,3,20,15.0,23,6,47.8,44.8,9,100.0,68.9,24,1,4.2,0,9.2,162,270,60.0,3340,1546,62,80,77.5,72,96,75.0,27,76,35.5,3,0.7,0.5,8,13,4,4,14,270,222,46,13,0,4,16,20,2,0,1,0,162,2,10,16,8,3,1,1,3,0,5,2,1,1,1,0,0,26,16,13,10,3,14,25,56.0,11,12,3,9,14,40,37,0,34.0,422,82,155,184,89,16,422,16,4,25.0,9,56.3,179,1103,420,11,7,4,14,7,159,14,4,0,0,12,13,2,16,14,16,0,0,0,60,17,21,44.7,19,8,42.1,0.05,0.13,19.3,0,0,0,1.5,1.5,0.08,-0.5,-0.5,3,0,0.0,0.0,1.0,-2.0,0.0,0.0,0.0,0.0,3,7,42.9,27,3,22.2,27.1,5,20.0,25.8,14,0,0.0,3,29.8,404,531,76.1,8099,2790,148,171,86.5,196,235,83.4,55,97,56.7,1,1.0,0.9,13,33,4,0,43,531,461,70,14,2,3,32,34,13,2,10,0,404,0,12,34,23,5,1,3,1,1,2,1,1,0,0,0,0,16,9,9,7,0,9,13,69.2,4,13,3,10,11,27,10,0,66.0,649,48,202,299,154,25,649,28,11,39.3,14,50.0,326,2104,1052,26,14,7,14,12,398,41,2,1,0,13,11,0,32,11,9,0,0,0,58,21,17,55.3
2023-02-18,17:06,Liga MX,Clausura 2023 Regular Season,Sat,Away,L,1,2,Necaxa,Monterrey,0.9,2.7,42,44132.0,Alexis Francisco Peña,4-4-2,Guillermo Pacheco,3,1,33.3,0.0,0.0,22.7,0,1,1,0.9,0.2,0.05,0.1,-0.2,9,7,77.8,0.0,2.7,0.7,1.0,0.0,0.0,1.0,9,18,50.0,22,3,68.2,47.0,9,33.3,32.3,11,0,0.0,0,5.0,283,406,69.7,5957,2644,101,122,82.8,133,165,80.6,45,84,53.6,0,0.2,0.1,3,35,5,2,34,406,355,48,10,0,7,19,22,4,3,1,0,283,3,16,7,5,0,1,1,0,0,1,0,0,0,1,0,0,18,11,6,12,0,7,15,46.7,8,9,1,8,7,25,20,0,42.0,532,60,167,260,113,10,531,19,7,36.8,10,52.6,231,1371,580,8,6,3,25,13,279,33,1,0,0,9,9,3,19,7,11,0,1,0,58,27,24,52.9,15,9,60.0,0.13,0.22,17.1,0,0,1,2.7,1.9,0.13,-0.7,0.1,2,1,100.0,0.0,1.0,0.0,1.0,1.0,0.0,0.0,4,13,30.8,40,6,27.5,28.0,7,28.6,27.6,13,2,15.4,2,14.5,442,565,78.2,7808,3013,186,217,85.7,210,239,87.9,37,75,49.3,2,1.6,0.7,13,31,11,2,47,565,514,49,11,0,3,14,25,4,2,2,0,442,2,8,28,18,4,2,1,1,2,4,3,1,0,0,0,0,23,13,7,14,2,10,17,58.8,7,13,0,13,6,29,13,0,58.0,690,53,226,360,111,27,689,20,8,40.0,7,35.0,367,1539,741,13,13,4,25,11,434,45,4,0,0,10,9,2,14,6,13,1,1,0,60,24,27,47.1
2023-02-24,19:05,Liga MX,Clausura 2023 Regular Season,Fri,Home,D,1,1,Necaxa,Querétaro,1.0,1.1,42,12035.0,Fabricio Formiliano,4-1-2-1-2◆,Marco Ortíz,16,3,18.8,0.06,0.33,18.7,1,0,0,1.0,1.0,0.06,0.0,0.0,3,2,66.7,0.0,0.2,-0.8,0.0,0.0,0.0,0.0,11,29,37.9,21,4,66.7,46.2,17,88.2,66.2,20,1,5.0,0,15.5,273,398,68.6,5460,2530,114,135,84.4,114,151,75.5,39,84,46.4,1,0.9,0.8,12,27,8,5,32,398,338,60,12,0,5,24,25,4,0,3,0,273,0,12,29,18,3,1,2,4,1,2,2,0,0,0,0,0,17,9,11,4,2,6,11,54.5,5,14,5,9,12,29,20,0,42.0,533,49,162,238,142,26,533,24,8,33.3,10,41.7,257,1340,646,15,13,5,18,8,269,32,1,1,0,7,11,0,24,12,9,0,0,0,62,20,27,42.6,16,3,18.8,0.06,0.33,21.2,0,0,0,1.1,1.1,0.07,-0.1,-0.1,3,2,66.7,0.0,0.4,-0.6,0.0,0.0,0.0,0.0,9,12,75.0,13,2,23.1,26.5,10,90.0,55.1,18,0,0.0,0,2.0,416,539,77.2,8069,2958,171,194,88.1,180,211,85.3,59,106,55.7,1,1.0,1.2,13,45,9,3,45,539,485,51,7,0,7,25,29,3,0,3,0,416,3,10,32,26,3,2,1,0,0,2,2,0,0,0,0,0,18,12,14,3,1,10,18,55.6,8,15,4,11,11,29,18,0,58.0,671,62,202,326,148,14,671,13,5,38.5,6,46.2,401,2334,1332,23,19,1,23,11,411,45,1,0,0,11,6,3,25,11,12,0,0,0,74,27,20,57.4
2023-03-03,19:05,Liga MX,Clausura 2023 Regular Season,Fri,Home,L,0,1,Necaxa,UANL,0.9,0.6,48,14822.0,Fabricio Formiliano,4-4-2,Fernando Hernández,18,2,11.1,0.0,0.0,19.8,1,0,0,0.9,0.9,0.05,-0.9,-0.9,4,3,75.0,0.0,0.4,-0.6,0.0,0.0,0.0,0.0,2,10,20.0,27,5,29.6,30.2,9,22.2,36.0,11,0,0.0,3,32.3,370,484,76.4,7332,2788,135,158,85.4,179,217,82.5,54,88,61.4,0,0.7,0.7,15,32,10,4,37,484,429,52,13,0,1,14,26,2,1,1,0,370,3,13,30,23,1,0,4,2,0,0,0,0,0,0,0,0,13,6,5,5,3,7,16,43.8,9,6,3,3,10,23,10,0,48.0,589,45,179,284,131,24,589,21,10,47.6,11,52.4,289,1737,784,11,7,1,12,7,368,37,4,0,0,21,11,3,14,10,6,0,0,0,58,19,16,54.3,9,4,44.4,0.11,0.25,21.9,0,0,0,0.6,0.6,0.06,0.4,0.4,2,2,100.0,1.0,0.2,0.2,0.0,0.0,0.0,0.0,7,22,31.8,38,4,47.4,37.7,10,40.0,42.0,11,1,9.1,2,18.8,409,517,79.1,7311,2791,199,211,94.3,164,196,83.7,38,84,45.2,1,0.5,0.6,8,25,4,2,30,517,453,61,25,1,6,15,24,1,0,0,0,409,3,4,17,16,0,1,0,0,0,2,2,0,0,0,0,0,18,12,11,6,1,11,21,52.4,10,16,6,10,9,27,16,0,52.0,644,61,196,324,134,15,644,19,9,47.4,7,36.8,323,2075,893,21,14,4,21,6,407,30,5,0,0,11,21,3,15,9,12,0,0,0,55,16,19,45.7
2023-03-12,21:15,Liga MX,Clausura 2023 Regular Season,Sun,Away,D,1,1,Necaxa,FC Juárez,1.4,1.1,45,11272.0,Fabricio Formiliano,4-4-2,Erick Miranda,19,4,21.1,0.05,0.25,22.9,1,0,0,1.4,1.4,0.07,-0.4,-0.4,3,2,66.7,0.0,1.0,0.0,0.0,0.0,0.0,0.0,6,18,33.3,19,3,57.9,44.6,10,70.0,55.0,17,1,5.9,1,14.0,276,395,69.9,5578,2572,100,118,84.7,133,177,75.1,39,79,49.4,0,0.9,0.8,16,36,9,1,52,395,344,49,9,3,5,17,26,2,1,1,0,276,2,14,34,26,1,4,0,1,2,0,0,0,0,0,0,0,26,19,11,12,3,11,20,55.0,9,9,6,3,8,34,19,0,45.0,526,56,161,214,155,18,526,18,10,55.6,6,33.3,277,1396,678,13,17,3,16,9,272,52,3,0,0,13,9,2,17,8,19,0,0,0,65,14,28,33.3,13,3,23.1,0.08,0.33,12.4,0,0,0,1.1,1.1,0.09,-0.1,-0.1,4,3,75.0,0.0,1.2,0.2,0.0,0.0,0.0,0.0,9,15,60.0,26,8,30.8,35.0,14,50.0,41.9,14,3,21.4,0,7.8,349,475,73.5,6526,3028,145,171,84.8,141,174,81.0,50,103,48.5,1,0.6,0.9,8,25,10,4,40,475,409,65,15,1,5,23,29,5,1,4,0,349,1,3,22,12,5,1,3,1,0,2,0,1,0,0,1,0,15,12,10,4,1,6,16,37.5,10,17,5,12,15,30,14,1,55.0,607,64,221,241,154,28,607,26,9,34.6,11,42.3,277,1584,767,13,13,3,18,15,344,39,3,0,0,9,13,1,23,15,12,0,0,0,62,28,14,66.7
2023-03-17,20:05,Liga MX,Clausura 2023 Regular Season,Fri,Away,W,1,0,Necaxa,Mazatlán,1.0,0.3,38,12205.0,Alexis Francisco Peña,4-4-2,Daniel Quintero,11,1,9.1,0.09,1.0,20.7,0,0,0,1.0,1.0,0.09,0.0,0.0,2,2,100.0,1.0,0.1,0.1,0.0,0.0,0.0,0.0,5,22,22.7,27,4,63.0,44.0,10,70.0,48.8,15,1,6.7,0,11.7,243,358,67.9,4970,2229,93,115,80.9,103,138,74.6,43,87,49.4,1,0.9,0.7,9,26,11,2,42,358,318,39,7,0,0,16,17,4,3,1,0,243,1,7,17,14,1,2,0,0,0,2,1,0,1,0,0,0,24,12,12,12,0,11,24,45.8,13,7,2,5,8,32,20,0,38.0,483,55,142,220,124,19,483,17,9,52.9,5,29.4,200,1209,608,14,5,3,25,7,241,40,2,0,0,14,6,1,16,8,12,0,0,0,51,20,30,40.0,9,2,22.2,0.0,0.0,23.9,1,0,0,0.3,0.3,0.03,-0.3,-0.3,1,0,0.0,0.0,0.6,-0.4,0.0,0.0,0.0,0.0,5,10,50.0,30,6,26.7,30.0,11,18.2,26.1,14,0,0.0,0,,463,580,79.8,9543,3548,154,179,86.0,230,265,86.8,77,125,61.6,0,0.2,0.4,6,50,6,3,55,580,517,62,14,0,1,21,33,3,1,2,0,463,1,6,13,12,0,0,0,1,0,0,0,0,0,0,0,0,12,6,4,7,1,5,14,35.7,9,6,1,5,11,23,15,0,62.0,690,65,241,342,115,12,690,26,13,50.0,11,42.3,356,1932,1012,23,14,3,20,13,457,54,1,0,0,6,14,1,21,11,6,0,0,0,48,30,20,60.0
2023-03-31,19:05,Liga MX,Clausura 2023 Regular Season,Fri,Home,D,0,0,Necaxa,Santos,0.7,1.0,44,13175.0,Alexis Francisco Peña,4-3-3,Edgar Morales,12,4,33.3,0.0,0.0,16.7,1,0,0,0.7,0.7,0.06,-0.7,-0.7,2,2,100.0,1.0,0.1,0.1,0.0,0.0,0.0,0.0,8,23,34.8,24,5,54.2,45.0,12,83.3,68.0,7,0,0.0,2,19.5,248,370,67.0,5553,2522,67,84,79.8,132,164,80.5,46,108,42.6,0,0.5,0.7,9,33,9,6,34,370,311,59,16,0,4,24,25,5,2,2,0,248,0,8,20,15,2,0,1,1,1,0,0,0,0,0,0,0,23,18,10,11,2,14,21,66.7,7,15,5,10,8,31,20,0,44.0,498,59,176,223,102,20,498,9,2,22.2,6,66.7,223,1016,490,14,3,2,21,6,246,34,2,0,0,14,13,0,24,8,18,0,0,0,55,26,32,44.8,13,2,15.4,0.0,0.0,19.7,1,0,0,1.0,1.0,0.08,-1.0,-1.0,4,4,100.0,1.0,0.5,0.5,0.0,0.0,0.0,0.0,5,18,27.8,25,4,56.0,43.0,8,50.0,35.9,20,1,5.0,0,12.0,348,463,75.2,6683,2669,152,171,88.9,146,167,87.4,45,96,46.9,0,0.4,1.1,10,38,7,1,37,463,398,61,12,5,4,9,35,5,2,3,0,348,4,11,22,16,2,1,1,2,0,0,0,0,0,0,0,0,12,5,1,9,2,6,8,75.0,2,13,2,11,12,24,21,1,56.0,591,67,164,324,106,23,591,29,7,24.1,14,48.3,307,1497,639,13,10,6,18,9,345,36,2,0,0,13,13,4,9,12,5,0,0,0,59,32,26,55.2
2023-04-08,18:00,Liga MX,Clausura 2023 Regular Season,Sat,Away,L,0,1,Necaxa,Guadalajara,0.9,1.6,43,35000.0,Alexis Francisco Peña,4-4-1-1,Brian Gonzalez,16,3,18.8,0.0,0.0,22.2,1,0,0,0.9,0.9,0.06,-0.9,-0.9,5,4,80.0,0.0,1.7,0.7,0.0,0.0,0.0,0.0,6,15,40.0,30,8,30.0,36.0,13,46.2,43.2,16,2,12.5,1,18.0,255,362,70.4,5651,2651,91,105,86.7,111,147,75.5,52,93,55.9,0,0.6,0.5,7,22,2,1,25,362,299,62,17,0,13,17,24,6,3,3,0,255,1,6,22,11,3,5,2,1,0,0,0,0,0,0,0,0,19,9,11,7,1,8,25,32.0,17,11,3,8,10,29,24,0,43.0,480,69,193,189,101,21,480,16,10,62.5,6,37.5,245,1132,529,10,4,4,18,20,253,24,0,0,0,9,6,1,17,10,9,0,0,0,52,17,22,43.6,17,5,29.4,0.06,0.2,21.0,0,0,0,1.6,1.6,0.09,-0.6,-0.6,3,3,100.0,1.0,0.5,0.5,0.0,0.0,0.0,0.0,3,11,27.3,16,4,37.5,37.3,11,45.5,42.9,12,0,0.0,0,12.0,378,489,77.3,6706,2556,181,209,86.6,150,171,87.7,40,80,50.0,1,1.5,1.2,14,30,10,2,45,489,423,56,9,4,4,18,29,6,5,0,1,378,10,9,26,19,3,3,1,0,0,2,1,0,1,0,0,0,26,18,9,15,2,6,16,37.5,10,9,4,5,11,37,22,1,57.0,614,59,186,274,160,22,614,27,17,63.0,8,29.6,366,2180,1004,23,25,5,17,11,372,45,0,0,0,8,7,10,18,11,18,0,0,0,59,22,17,56.4
2023-04-14,20:05,Liga MX,Clausura 2023 Regular Season,Fri,Home,D,1,1,Necaxa,Puebla,0.8,1.7,54,11161.0,Alexis Francisco Peña,4-4-2,Adonai Escobedo,15,5,33.3,0.0,0.0,17.3,0,0,0,0.8,0.8,0.05,-0.8,-0.8,1,0,0.0,0.0,0.8,-0.2,0.0,0.0,0.0,0.0,6,11,54.5,34,6,17.6,29.4,15,33.3,42.1,11,1,9.1,2,17.8,360,476,75.6,7621,3453,119,144,82.6,156,180,86.7,74,123,60.2,0,0.8,0.7,13,27,10,7,41,476,406,68,22,0,10,31,22,7,2,4,0,360,2,11,25,18,4,1,0,2,0,0,0,0,0,0,0,0,17,11,2,12,3,10,22,45.5,12,10,3,7,7,24,13,0,54.0,590,63,187,271,137,18,590,21,8,38.1,11,52.4,261,1704,937,25,11,3,19,7,352,39,2,0,0,10,15,2,31,7,11,0,0,0,52,18,23,43.9,18,1,5.6,0.06,1.0,20.9,1,0,0,1.7,1.7,0.09,-0.7,-0.7,5,5,80.0,0.0,0.8,0.8,0.0,0.0,0.0,0.0,7,14,50.0,19,7,52.6,44.1,13,38.5,34.5,28,2,7.1,0,7.0,310,406,76.4,5823,2649,139,160,86.9,120,141,85.1,42,79,53.2,1,1.6,1.0,16,32,12,4,40,406,359,43,11,3,5,15,16,1,0,1,0,310,4,9,31,28,1,1,0,1,0,2,2,0,0,0,0,0,18,10,11,7,0,11,19,57.9,8,11,2,9,8,26,40,0,46.0,548,80,206,243,110,20,548,23,12,52.2,10,43.5,293,1747,977,22,9,3,16,7,306,40,2,0,0,18,7,4,15,8,10,0,0,1,59,23,18,56.1
2023-04-21,20:05,Liga MX,Clausura 2023 Regular Season,Fri,Home,L,1,3,Necaxa,Atlas,0.9,2.0,49,15327.0,Alexis Francisco Peña,4-4-1-1,Victor Caceres,17,4,23.5,0.06,0.25,22.3,0,0,0,0.9,0.9,0.05,0.1,0.1,6,3,50.0,0.0,1.9,-1.1,0.0,0.0,0.0,0.0,3,4,75.0,13,3,30.8,35.5,6,0.0,24.8,4,0,0.0,3,24.5,337,451,74.7,6448,2495,145,168,86.3,135,170,79.4,49,77,63.6,1,0.5,0.4,11,37,9,6,34,451,382,65,12,0,12,26,39,4,1,3,0,337,4,18,27,18,2,4,1,1,1,2,2,0,0,0,0,0,12,6,5,3,4,6,11,54.5,5,15,3,12,10,22,7,0,49.0,562,27,124,284,159,25,562,25,11,44.0,13,52.0,280,1669,926,20,10,3,16,12,336,34,3,0,0,9,8,4,26,10,6,0,0,0,45,16,18,47.1,13,6,46.2,0.23,0.5,20.3,4,0,0,2.0,2.0,0.17,1.0,1.0,4,3,75.0,0.0,0.9,-0.1,0.0,0.0,0.0,0.0,9,24,37.5,39,9,38.5,35.6,11,81.8,58.8,20,2,10.0,1,11.8,366,467,78.4,7113,2838,156,177,88.1,162,185,87.6,46,89,51.7,2,2.0,0.8,8,31,5,0,24,467,419,44,8,5,4,7,19,4,1,3,0,366,4,12,22,11,2,2,3,4,0,6,4,0,1,0,1,0,25,14,11,13,1,13,24,54.2,11,19,5,14,16,41,28,0,51.0,616,82,238,287,96,13,616,15,5,33.3,6,40.0,367,1952,753,8,5,2,17,6,364,24,0,0,0,9,9,4,7,16,14,0,0,0,46,18,16,52.9
2023-04-30,13:00,Liga MX,Clausura 2023 Regular Season,Sun,Away,L,0,3,Necaxa,Toluca,0.7,3.4,39,27273.0,Fabricio Formiliano,4-4-2,César Arturo Ramos,7,3,42.9,0.0,0.0,16.7,0,0,0,0.7,0.7,0.1,-0.7,-0.7,4,1,75.0,0.0,2.7,-0.3,2.0,2.0,0.0,0.0,5,11,45.5,17,2,52.9,42.7,7,28.6,33.4,11,0,0.0,3,24.3,308,388,79.4,5387,1976,138,150,92.0,133,160,83.1,30,55,54.5,0,0.6,0.7,5,25,3,3,28,388,334,53,17,1,3,17,22,3,2,1,0,308,1,8,10,8,2,0,0,0,0,0,0,0,0,0,0,0,10,6,3,5,2,5,16,31.3,11,11,6,5,12,22,23,0,39.0,500,54,168,234,104,13,500,24,14,58.3,6,25.0,325,1816,897,17,10,3,16,16,306,28,3,0,0,17,13,1,17,12,6,0,2,0,50,14,18,43.8,11,2,18.2,0.09,0.5,20.3,1,2,2,3.4,1.8,0.17,-0.4,-0.8,3,3,100.0,1.0,0.7,0.7,0.0,0.0,0.0,0.0,4,10,40.0,30,1,30.0,34.3,8,12.5,16.1,13,1,7.7,0,8.7,518,611,84.8,9504,3033,211,237,89.0,238,258,92.2,55,83,66.3,1,1.4,1.4,7,37,8,1,30,611,557,49,15,3,8,14,23,2,2,0,0,518,5,5,22,10,3,1,1,5,2,6,2,1,0,0,3,0,22,13,10,11,1,6,20,30.0,14,6,1,5,10,32,15,0,61.0,719,54,241,349,133,22,717,20,11,55.0,5,25.0,413,1714,860,15,6,6,14,5,515,30,2,0,0,13,17,5,14,10,13,2,0,0,55,18,14,56.3
2022-07-03,12:00,Liga MX,Apertura 2022 Regular Season,Sun,Away,D,1,1,Tijuana,UNAM,1.2,1.4,40,15092.0,Jonathan Orozco,4-2-3-1,Adonai Escobedo,4,1,25.0,0.0,0.0,26.1,0,1,1,1.2,0.4,0.1,-0.2,-0.4,4,3,75.0,0.0,0.7,-0.3,0.0,0.0,0.0,0.0,8,17,47.1,38,3,39.5,34.1,9,22.2,24.3,18,2,11.1,0,11.0,237,327,72.5,4403,2062,110,130,84.6,86,113,76.1,35,63,55.6,0,0.4,0.4,3,16,3,0,24,327,273,50,17,0,7,9,21,1,0,1,0,237,4,7,7,5,1,0,0,1,0,2,1,0,0,0,1,0,22,15,12,10,0,14,25,56.0,11,8,2,6,17,39,24,0,40.0,438,90,196,202,44,7,437,13,5,38.5,8,61.5,267,1409,727,9,4,2,17,11,234,23,2,0,0,17,15,4,9,17,15,1,0,0,46,9,13,40.9,13,4,30.8,0.08,0.25,14.9,0,0,0,1.4,1.4,0.11,-0.4,-0.4,2,1,100.0,0.0,1.1,0.1,1.0,1.0,0.0,0.0,2,3,66.7,15,5,6.7,26.1,3,66.7,47.0,7,1,14.3,2,18.0,392,490,80.0,7849,3001,134,154,87.0,184,214,86.0,67,100,67.0,1,1.2,1.4,10,39,9,2,47,490,427,61,21,1,6,23,26,9,7,2,0,392,2,7,18,9,5,2,2,0,0,1,0,1,0,0,0,0,19,11,4,12,3,8,13,61.5,5,9,3,6,10,29,7,0,60.0,594,25,102,358,138,30,594,25,11,44.0,14,56.0,394,1710,928,17,10,4,14,8,387,46,5,0,0,16,16,2,23,10,11,0,1,0,54,13,9,59.1
2022-07-08,19:05,Liga MX,Apertura 2022 Regular Season,Fri,Home,L,0,2,Tijuana,FC Juárez,0.3,0.9,40,19733.0,Jonathan Orozco,4-2-3-1,Óscar Macias,7,3,42.9,0.0,0.0,20.0,0,0,0,0.3,0.3,0.04,-0.3,-0.3,3,1,33.3,0.0,1.9,-0.1,0.0,0.0,0.0,0.0,4,9,44.4,19,3,31.6,32.6,4,75.0,59.3,17,1,5.9,1,13.0,251,353,71.1,4383,2108,119,148,80.4,100,130,76.9,24,51,47.1,0,0.3,0.4,5,17,3,1,23,353,298,53,18,1,1,13,24,4,1,3,0,251,2,7,13,8,2,1,1,1,0,0,0,0,0,0,0,0,16,11,4,11,1,3,13,23.1,10,6,3,3,13,29,19,0,40.0,460,46,160,214,87,6,460,14,6,42.9,8,57.1,221,938,373,8,6,3,12,10,246,23,2,1,0,17,15,2,13,13,11,0,0,0,46,14,14,50.0,11,3,27.3,0.18,0.67,18.8,0,0,0,0.9,0.9,0.09,1.1,1.1,3,3,100.0,1.0,0.4,0.4,0.0,0.0,0.0,0.0,3,6,50.0,20,4,30.0,31.3,4,0.0,22.3,9,0,0.0,0,,426,529,80.5,7317,2491,188,212,88.7,182,211,86.3,39,70,55.7,1,0.5,0.8,9,34,5,2,35,529,468,58,19,1,5,20,28,6,1,3,0,426,3,6,20,13,3,1,3,0,0,2,2,0,0,0,0,0,18,11,7,10,1,8,14,57.1,6,4,0,4,8,26,9,0,60.0,620,31,130,338,154,18,620,13,10,76.9,3,23.1,363,1790,861,15,10,2,14,13,424,35,0,0,0,15,16,3,20,8,11,0,0,0,50,14,14,50.0
2022-07-17,19:00,Liga MX,Apertura 2022 Regular Season,Sun,Away,L,0,1,Tijuana,UANL,0.3,1.4,44,40583.0,Jonathan Orozco,4-2-3-1,Victor Caceres,6,2,33.3,0.0,0.0,22.2,0,0,0,0.3,0.3,0.05,-0.3,-0.3,3,2,66.7,0.0,1.2,0.2,0.0,0.0,0.0,0.0,5,17,29.4,27,3,48.1,38.4,11,36.4,26.9,18,2,11.1,0,6.3,270,373,72.4,4487,2156,121,147,82.3,107,126,84.9,25,66,37.9,0,0.3,0.6,5,23,6,2,25,373,325,48,18,0,3,18,12,5,3,2,0,270,0,11,12,10,1,0,0,1,0,0,0,0,0,0,0,0,20,12,9,10,1,12,22,54.5,10,9,5,4,14,34,16,0,44.0,469,66,174,226,73,9,469,22,10,45.5,10,45.5,167,1073,463,12,6,0,12,5,266,25,2,0,0,22,11,0,18,14,12,0,0,0,48,11,12,47.8,17,3,17.6,0.06,0.33,19.1,3,0,0,1.4,1.4,0.08,-0.4,-0.4,2,2,100.0,1.0,0.3,0.3,0.0,0.0,0.0,0.0,2,6,33.3,26,5,19.2,31.6,4,25.0,26.0,12,0,0.0,2,22.3,388,483,80.3,6858,2360,179,198,90.4,152,180,84.4,47,78,60.3,0,1.2,1.5,12,37,5,1,48,483,433,45,19,0,4,22,17,4,0,2,0,388,5,7,32,24,3,0,1,3,1,2,2,0,0,0,0,0,15,8,4,10,1,10,20,50.0,10,8,1,7,9,24,17,0,56.0,585,39,125,283,185,21,585,25,10,40.0,12,48.0,322,2196,1317,19,20,5,10,8,382,47,2,0,0,13,22,5,22,9,8,0,0,0,52,12,11,52.2
2022-07-23,18:05,Liga MX,Apertura 2022 Regular Season,Sat,Home,W,2,0,Tijuana,América,1.5,0.1,37,29333.0,Lisandro López,4-2-3-1,Fernando Hernández,13,3,23.1,0.08,0.33,23.7,1,1,1,1.5,0.7,0.06,0.5,0.3,1,1,100.0,1.0,0.1,0.1,0.0,0.0,0.0,0.0,8,20,40.0,31,2,54.8,39.0,8,37.5,26.1,15,0,0.0,0,15.0,210,328,64.0,3982,1757,84,116,72.4,88,114,77.2,29,75,38.7,0,0.6,0.7,9,14,2,1,22,328,295,31,5,0,1,13,10,7,0,6,0,210,2,7,22,10,2,2,6,2,0,3,0,0,0,2,1,0,25,13,15,10,0,8,11,72.7,3,8,1,7,7,32,20,0,37.0,435,59,195,164,83,12,434,16,6,37.5,6,37.5,189,1280,595,11,16,0,8,11,204,22,3,0,0,17,7,2,13,7,13,1,0,0,56,17,20,45.9,3,1,33.3,0.0,0.0,30.8,1,0,0,0.1,0.1,0.02,-0.1,-0.1,4,2,75.0,0.0,1.5,-0.5,1.0,1.0,0.0,0.0,8,11,72.7,19,5,36.8,34.3,8,50.0,40.3,11,1,9.1,1,15.7,445,557,79.9,8150,3140,181,206,87.9,204,252,81.0,50,80,62.5,0,0.0,0.5,1,44,5,0,52,557,500,56,18,2,1,17,25,2,1,1,0,445,1,7,5,4,0,1,0,0,0,0,0,0,0,0,0,0,17,6,10,5,2,6,12,50.0,6,13,7,6,11,28,13,0,63.0,655,52,157,336,169,10,655,14,3,21.4,8,57.1,375,2356,1102,20,22,2,17,17,439,52,3,0,0,7,16,1,17,11,6,0,1,0,45,20,17,54.1
2022-07-26,19:00,Liga MX,Apertura 2022 Regular Season,Tue,Away,W,2,1,Tijuana,Atlas,1.2,0.8,38,12481.0,Lisandro López,4-2-3-1,Diego Montaño,15,5,33.3,0.13,0.4,23.5,1,0,0,1.2,1.2,0.08,0.8,0.8,4,3,75.0,0.0,1.3,0.3,0.0,0.0,0.0,0.0,3,16,18.8,28,2,28.6,32.9,14,57.1,45.0,25,1,4.0,1,18.5,244,331,73.7,4674,1727,99,111,89.2,108,133,81.2,33,75,44.0,2,1.1,0.3,10,13,3,1,18,331,282,49,10,0,5,8,22,1,0,1,0,244,0,3,22,15,1,4,1,1,0,3,3,0,0,0,0,0,16,5,9,7,0,10,14,71.4,4,12,5,7,12,28,37,0,38.0,457,77,199,186,83,11,457,13,6,46.2,5,38.5,222,1309,731,14,15,4,13,6,238,18,5,1,1,11,11,0,8,12,5,0,0,0,36,19,15,55.9,18,4,22.2,0.06,0.25,21.4,2,0,0,0.8,0.8,0.04,0.2,0.2,5,3,60.0,0.0,1.5,-0.5,0.0,0.0,0.0,0.0,4,12,33.3,32,4,34.4,32.6,8,12.5,28.1,6,2,33.3,4,15.2,443,551,80.4,8673,3081,166,189,87.8,204,239,85.4,65,100,65.0,1,0.7,0.7,16,49,10,2,52,551,497,54,9,1,6,35,24,10,4,5,0,443,0,11,34,22,7,1,2,2,0,2,0,1,0,1,0,0,11,7,6,4,1,5,11,45.5,6,8,5,3,5,16,21,0,62.0,665,57,164,316,192,25,665,16,4,25.0,10,62.5,363,2068,1003,16,11,2,14,6,442,52,3,0,0,11,11,0,35,5,7,0,0,0,35,15,19,44.1
2022-07-30,19:05,Liga MX,Apertura 2022 Regular Season,Sat,Home,W,2,0,Tijuana,Mazatlán,1.0,0.5,47,20333.0,Lisandro López,4-2-3-1,Daniel Quintero,10,5,50.0,0.1,0.2,18.4,0,0,0,1.0,1.0,0.14,0.0,0.0,4,4,100.0,1.0,0.1,0.1,0.0,0.0,0.0,0.0,4,14,28.6,28,2,39.3,33.9,6,50.0,36.2,10,0,0.0,0,9.5,284,410,69.3,4803,1702,145,169,85.8,108,146,74.0,25,69,36.2,0,0.3,0.6,6,25,5,1,33,410,352,56,14,0,3,27,28,7,4,3,0,284,2,12,13,8,2,0,2,0,1,1,0,0,0,1,0,0,19,12,8,9,2,6,13,46.2,7,12,0,12,10,29,17,0,47.0,507,53,166,202,145,24,507,17,9,52.9,6,35.3,213,1423,923,20,13,3,10,5,282,33,3,0,0,20,12,2,27,10,12,0,0,0,57,15,21,41.7,11,4,36.4,0.0,0.0,22.0,1,0,0,0.5,0.5,0.05,-0.5,-0.5,5,4,60.0,0.0,1.4,0.4,0.0,0.0,0.0,0.0,6,9,66.7,21,4,33.3,31.5,8,25.0,28.5,20,2,10.0,1,13.4,355,467,76.0,6566,2581,152,191,79.6,142,166,85.5,51,91,56.0,0,0.3,0.4,7,31,4,2,37,467,415,50,20,0,3,19,17,2,0,1,0,355,2,13,20,15,2,0,1,1,1,0,0,0,0,0,0,0,11,6,6,3,2,6,15,40.0,9,10,1,9,18,29,20,1,53.0,583,63,185,289,112,13,583,14,7,50.0,6,42.9,371,1398,712,7,5,0,17,13,352,36,3,0,0,12,19,2,19,18,6,0,0,1,50,21,15,58.3
2022-08-07,12:00,Liga MX,Apertura 2022 Regular Season,Sun,Away,L,1,3,Tijuana,Toluca,0.9,3.1,38,17435.0,Lisandro López,4-2-3-1,César Arturo Ramos,13,6,46.2,0.08,0.17,21.8,1,0,0,0.9,0.9,0.08,0.1,0.1,11,8,81.8,0.0,3.6,0.6,1.0,1.0,0.0,0.0,6,16,37.5,28,3,35.7,33.3,14,42.9,42.4,18,1,5.6,2,20.8,256,352,72.7,5309,2247,100,115,87.0,104,126,82.5,46,86,53.5,0,0.6,0.7,7,26,4,0,30,352,306,45,10,3,6,21,14,4,1,3,0,256,1,9,23,19,1,0,1,2,0,1,0,0,0,1,0,0,29,19,19,8,2,17,26,65.4,9,9,7,2,10,39,19,1,38.0,465,91,193,177,98,12,465,6,2,33.3,3,50.0,204,1237,679,17,4,3,10,12,253,28,4,1,1,11,7,1,21,10,19,0,1,0,44,10,12,45.5,27,10,37.0,0.07,0.2,17.5,2,1,1,3.1,2.3,0.09,-0.1,-0.3,6,5,83.3,0.0,1.1,0.1,0.0,0.0,0.0,0.0,13,16,81.3,33,5,42.4,35.1,6,33.3,41.7,16,2,12.5,4,17.7,505,575,87.8,9974,3780,194,212,91.5,223,241,92.5,78,103,75.7,2,2.1,2.8,20,43,13,1,53,575,524,48,9,1,4,23,19,12,2,7,0,505,3,2,47,29,6,2,4,5,1,6,5,0,0,0,1,0,15,6,7,6,2,3,5,60.0,2,10,1,9,4,19,19,0,62.0,701,58,202,312,190,44,700,27,9,33.3,17,63.0,409,1789,891,15,6,8,14,12,502,53,1,0,0,8,11,3,23,4,6,1,0,0,46,12,10,54.5
2022-08-12,19:05,Liga MX,Apertura 2022 Regular Season,Fri,Home,D,3,3,Tijuana,Puebla,1.4,0.9,46,12860.0,Lisandro López,4-2-3-1,Luis Santander,12,4,33.3,0.25,0.75,16.9,0,0,1,1.4,0.6,0.05,1.6,2.4,4,1,25.0,0.0,2.4,-0.6,0.0,0.0,0.0,0.0,5,10,50.0,20,0,45.0,40.8,3,33.3,36.7,14,1,7.1,0,7.8,264,374,70.6,4998,2660,107,143,74.8,123,149,82.6,32,70,45.7,2,0.5,0.9,9,26,8,2,33,374,320,53,16,1,2,18,24,6,3,2,0,264,1,6,23,11,6,1,1,3,1,5,3,1,0,1,0,0,26,21,13,11,2,12,21,57.1,9,12,5,7,9,35,22,0,46.0,505,52,173,198,145,17,504,20,10,50.0,8,40.0,250,1177,383,5,8,3,15,13,261,33,1,0,0,12,15,1,18,9,21,0,0,0,53,23,20,53.5,13,4,30.8,0.23,0.75,17.0,1,0,0,0.9,0.9,0.07,2.1,2.1,5,1,40.0,0.0,1.9,-1.1,1.0,0.0,1.0,0.0,3,7,42.9,19,6,31.6,31.7,5,20.0,31.4,13,1,7.7,0,9.7,322,442,72.9,6041,2511,124,153,81.0,153,194,78.9,37,73,50.7,2,0.8,1.3,10,33,10,2,40,442,384,56,11,2,1,16,32,4,1,3,0,322,2,8,19,13,2,1,1,1,1,4,1,0,1,1,0,1,21,14,14,7,0,8,18,44.4,10,4,1,3,9,30,16,0,54.0,552,55,162,237,157,18,552,21,9,42.9,12,57.1,187,1005,515,8,11,1,16,14,316,40,0,0,0,16,11,2,16,9,14,0,1,0,56,20,23,46.5
2022-08-17,21:05,Liga MX,Apertura 2022 Regular Season,Wed,Away,W,2,1,Tijuana,Cruz Azul,1.0,0.7,48,12492.0,Lisandro López,4-2-3-1,Diego Montaño,7,2,28.6,0.14,0.5,15.9,0,0,0,1.0,1.0,0.15,0.0,0.0,3,2,66.7,0.0,0.2,-0.8,0.0,0.0,0.0,0.0,10,22,45.5,34,10,29.4,31.0,18,66.7,50.5,28,2,7.1,0,13.3,354,447,79.2,6806,2763,145,165,87.9,162,180,90.0,45,87,51.7,1,0.9,0.9,6,22,10,2,31,447,396,51,8,1,1,11,20,3,0,3,0,354,0,8,11,9,1,0,0,0,1,2,2,0,0,0,0,0,12,7,4,6,2,5,15,33.3,10,10,5,5,10,22,30,0,48.0,550,89,197,269,89,17,550,10,5,50.0,3,30.0,324,1629,858,18,11,4,13,8,353,31,2,0,0,12,5,0,11,10,7,0,0,0,39,16,16,50.0,16,3,18.8,0.06,0.33,18.3,1,0,0,0.7,0.7,0.04,0.3,0.3,2,1,0.0,0.0,1.1,0.1,0.0,0.0,0.0,0.0,1,4,25.0,14,3,28.6,31.0,5,0.0,22.8,8,1,12.5,0,8.3,389,488,79.7,7229,2888,158,176,89.8,172,205,83.9,50,82,61.0,0,0.5,1.2,11,48,18,7,70,488,436,49,11,2,4,34,22,8,3,4,0,389,3,8,29,20,3,1,4,1,0,2,1,0,0,0,1,0,11,6,4,5,2,3,8,37.5,5,9,2,7,4,15,12,1,52.0,591,43,128,293,174,38,591,19,10,52.6,5,26.3,410,2356,1254,18,10,5,19,7,384,70,0,0,0,5,12,3,34,4,6,0,0,1,57,16,16,50.0
2022-08-20,17:00,Liga MX,Apertura 2022 Regular Season,Sat,Away,L,0,2,Tijuana,Querétaro,0.7,0.4,62,,Lisandro López,4-2-3-1,Guillermo Pacheco,10,1,10.0,0.0,0.0,17.1,0,0,0,0.7,0.7,0.07,-0.7,-0.7,4,2,50.0,0.0,1.1,-0.9,0.0,0.0,0.0,0.0,2,5,40.0,24,6,12.5,25.5,9,22.2,27.6,14,0,0.0,1,21.0,406,539,75.3,7138,2865,197,221,89.1,165,217,76.0,42,81,51.9,0,0.7,1.2,7,39,12,4,50,539,479,57,11,1,2,32,29,5,0,4,0,406,3,9,18,13,3,0,0,1,1,0,0,0,0,0,0,0,24,15,11,8,5,7,15,46.7,8,6,1,5,7,31,18,0,62.0,639,47,165,288,192,27,639,15,9,60.0,3,20.0,383,1947,1063,19,14,4,15,11,403,50,3,0,0,7,11,3,32,7,15,0,0,0,58,26,24,52.0,10,4,40.0,0.2,0.5,19.6,1,0,0,0.4,0.4,0.04,1.6,1.6,1,1,100.0,1.0,0.1,0.1,0.0,0.0,0.0,0.0,13,27,48.1,24,0,87.5,55.5,9,66.7,57.2,24,1,4.2,0,4.0,237,335,70.7,5381,2332,79,97,81.4,90,119,75.6,56,92,60.9,1,0.3,0.6,7,17,2,1,23,335,297,37,9,0,5,18,12,6,1,5,0,237,1,7,16,9,3,1,1,2,0,4,4,0,0,0,0,0,14,6,8,6,0,3,12,25.0,9,10,4,6,17,31,50,0,38.0,481,90,206,189,93,11,481,17,8,47.1,7,41.2,263,1206,558,11,8,1,18,17,236,23,4,0,0,11,7,1,18,17,6,0,0,0,62,24,26,48.0
2022-08-25,19:05,Liga MX,Apertura 2022 Regular Season,Thu,Home,L,0,2,Tijuana,Santos,1.3,0.9,54,24333.0,Lisandro López,4-2-3-1,Adonai Escobedo,24,4,16.7,0.0,0.0,19.6,0,0,0,1.3,1.3,0.05,-1.3,-1.3,7,5,71.4,0.0,1.3,-0.7,0.0,0.0,0.0,0.0,6,14,42.9,30,3,43.3,37.8,13,7.7,23.7,8,0,0.0,0,5.5,379,503,75.3,6977,3006,172,193,89.1,138,186,74.2,56,93,60.2,0,1.0,1.2,16,30,5,2,41,503,444,59,13,0,3,29,23,7,0,7,0,379,0,9,36,22,6,2,6,0,0,0,0,0,0,0,0,0,12,6,4,7,1,3,9,33.3,6,13,4,9,17,29,12,1,54.0,623,65,200,264,170,29,623,15,7,46.7,7,46.7,325,1368,688,18,14,2,16,9,372,40,2,1,0,10,11,0,29,17,6,0,0,0,54,16,20,44.4,21,7,33.3,0.1,0.29,23.3,2,0,0,0.9,0.9,0.04,1.1,1.1,4,4,100.0,1.0,1.0,1.0,0.0,0.0,0.0,0.0,3,8,37.5,17,6,23.5,34.5,12,33.3,32.6,24,1,4.2,0,9.8,320,421,76.0,5559,2885,152,180,84.4,129,159,81.1,29,56,51.8,2,0.6,0.7,15,43,5,0,48,421,381,40,9,0,3,9,16,2,0,1,0,320,0,10,34,29,0,1,1,2,1,2,2,0,0,0,0,0,16,8,8,6,2,7,14,50.0,7,17,10,7,10,26,24,0,46.0,569,75,192,233,149,19,569,11,6,54.5,3,27.3,286,1612,782,19,13,4,28,9,318,48,3,0,0,13,10,0,9,10,8,0,0,0,70,20,16,55.6
2022-08-28,19:05,Liga MX,Apertura 2022 Regular Season,Sun,Home,L,0,3,Tijuana,Monterrey,0.8,1.7,36,24433.0,Lisandro López,4-2-3-1,Brian Gonzalez,13,5,38.5,0.0,0.0,17.3,0,0,0,0.8,0.8,0.06,-0.8,-0.8,6,3,66.7,0.0,1.9,-1.1,1.0,1.0,0.0,0.0,6,17,35.3,21,4,42.9,40.0,11,72.7,50.9,30,2,6.7,0,9.3,188,286,65.7,3527,1948,94,119,79.0,62,89,69.7,29,56,51.8,0,0.6,0.4,10,18,6,2,28,286,232,51,11,0,0,21,19,7,1,6,0,188,3,10,22,16,2,1,3,0,0,0,0,0,0,0,0,0,11,7,5,5,1,6,12,50.0,6,8,4,4,12,23,41,0,36.0,408,82,169,145,99,16,408,11,7,63.6,4,36.4,132,741,316,4,10,2,18,10,186,28,1,1,0,6,10,3,21,12,7,0,1,0,40,24,17,58.5,18,5,27.8,0.11,0.4,19.6,0,1,1,1.7,1.0,0.06,1.3,1.0,5,5,100.0,1.0,0.6,0.6,0.0,0.0,0.0,0.0,3,7,42.9,24,6,16.7,27.5,5,60.0,51.8,18,0,0.0,0,,393,501,78.4,7080,2478,162,189,85.7,194,232,83.6,31,65,47.7,1,0.6,0.7,13,39,12,4,51,501,447,52,8,1,3,33,23,15,10,4,0,393,2,5,28,21,2,0,4,0,1,3,3,0,0,0,0,0,14,8,5,8,1,4,11,36.4,7,15,5,10,9,23,14,0,64.0,620,46,140,283,205,32,619,17,6,35.3,6,35.3,335,1662,1105,16,13,2,18,5,392,50,1,0,0,10,5,2,33,9,8,0,0,0,43,17,24,41.5
2022-09-01,19:00,Liga MX,Apertura 2022 Regular Season,Thu,Away,D,0,0,Tijuana,Atlético,0.9,0.3,56,9723.0,Jonathan Orozco,4-3-3,Daniel Quintero,14,3,21.4,0.0,0.0,18.1,0,0,0,0.9,0.9,0.07,-0.9,-0.9,1,1,100.0,1.0,0.2,0.2,0.0,0.0,0.0,0.0,5,16,31.3,24,7,33.3,36.0,13,61.5,53.2,6,1,16.7,0,12.0,347,457,75.9,6332,2805,170,195,87.2,129,156,82.7,38,81,46.9,0,0.9,0.9,13,37,16,6,55,457,398,56,8,1,5,33,26,8,3,4,0,347,3,9,28,25,1,1,0,0,1,0,0,0,0,0,0,0,12,8,6,6,0,7,11,63.6,4,7,1,6,6,18,5,0,56.0,546,49,114,257,181,23,546,16,7,43.8,6,37.5,338,1581,862,22,18,2,12,3,346,54,2,0,0,14,7,3,33,6,8,0,0,0,48,21,15,58.3,6,1,16.7,0.0,0.0,24.4,2,0,0,0.3,0.3,0.05,-0.3,-0.3,3,3,100.0,1.0,0.3,0.3,0.0,0.0,0.0,0.0,7,20,35.0,25,7,48.0,40.3,11,72.7,52.1,23,1,4.3,2,16.3,269,364,73.9,5046,2058,114,131,87.0,123,149,82.6,28,66,42.4,0,0.2,0.2,3,25,3,0,30,364,313,50,15,1,2,7,22,1,0,1,0,269,1,6,11,6,1,1,1,2,0,0,0,0,0,0,0,0,9,4,3,6,0,6,13,46.2,7,8,4,4,7,16,39,0,44.0,476,70,178,215,84,7,476,15,4,26.7,7,46.7,246,1439,843,14,10,1,15,5,267,30,3,1,0,7,13,1,7,7,4,0,0,0,42,15,21,41.7
2022-09-07,19:05,Liga MX,Apertura 2022 Regular Season,Wed,Home,L,1,2,Tijuana,Guadalajara,1.5,0.6,52,28333.0,Jonathan Orozco,4-4-2,Guillermo Pacheco,14,3,21.4,0.07,0.33,15.6,0,0,0,1.5,1.5,0.11,-0.5,-0.5,4,2,50.0,0.0,1.4,-0.6,0.0,0.0,0.0,0.0,3,4,75.0,17,3,23.5,27.9,8,0.0,17.1,10,0,0.0,0,,293,416,70.4,5598,2404,111,145,76.6,137,169,81.1,39,80,48.8,1,1.4,1.8,9,30,14,3,50,416,362,53,14,0,2,19,22,6,2,3,0,293,1,6,19,10,3,2,4,0,0,1,1,0,0,0,0,0,24,12,10,7,7,10,18,55.6,8,3,1,2,7,31,13,0,52.0,515,40,144,239,136,21,515,10,5,50.0,3,30.0,239,1363,767,13,8,1,13,16,287,49,3,0,0,8,10,1,19,7,12,0,0,0,47,19,19,50.0,10,4,40.0,0.2,0.5,18.9,0,0,0,0.6,0.6,0.06,1.4,1.4,3,2,66.7,0.0,0.4,-0.6,0.0,0.0,0.0,0.0,3,13,23.1,14,5,42.9,39.3,11,63.6,53.5,16,1,6.3,0,7.0,287,387,74.2,5541,2506,126,149,84.6,111,139,79.9,48,90,53.3,2,0.6,1.1,8,37,10,0,34,387,346,40,9,0,2,13,15,3,0,3,0,287,1,2,15,13,1,0,0,1,0,4,3,0,0,0,1,0,19,14,12,5,2,3,8,37.5,5,10,5,5,9,28,19,0,48.0,514,61,198,195,128,21,514,19,8,42.1,10,52.6,226,1450,643,9,12,4,24,14,279,33,4,0,0,13,6,1,13,9,14,0,0,0,56,19,19,50.0
2022-09-11,20:05,Liga MX,Apertura 2022 Regular Season,Sun,Away,L,1,6,Tijuana,Pachuca,1.6,2.1,44,9511.0,Jonathan Orozco,4-2-3-1,Óscar Macias,12,3,25.0,0.08,0.33,23.9,1,0,1,1.6,0.9,0.07,-0.6,0.1,7,1,14.3,0.0,3.0,-3.0,0.0,0.0,0.0,0.0,5,10,50.0,24,7,37.5,34.4,11,9.1,17.5,15,1,6.7,0,8.5,288,395,72.9,5548,2644,122,137,89.1,116,145,80.0,44,89,49.4,1,0.8,0.6,10,19,5,2,33,395,341,54,11,0,3,13,18,7,4,3,0,288,0,13,24,16,3,2,2,1,0,2,2,0,0,0,0,0,22,11,11,8,3,9,23,39.1,14,10,1,9,12,34,17,0,44.0,505,76,192,236,81,12,504,13,4,30.8,7,53.8,305,1249,589,15,10,2,18,8,287,33,1,0,0,12,9,0,13,12,11,0,0,0,49,17,15,53.1,19,7,36.8,0.32,0.86,18.2,1,0,0,2.1,2.1,0.11,3.9,3.9,4,2,75.0,0.0,1.8,0.8,1.0,0.0,1.0,0.0,5,13,38.5,22,4,40.9,39.6,6,66.7,47.3,11,0,0.0,2,14.8,400,496,80.6,7845,2975,156,179,87.2,182,209,87.1,56,89,62.9,3,1.3,1.1,16,36,6,2,37,496,448,45,10,0,4,20,21,6,0,4,0,400,3,10,34,25,2,4,2,1,0,9,7,0,1,1,0,0,15,10,1,11,3,7,11,63.6,4,19,7,12,9,24,12,0,56.0,613,45,174,298,154,27,613,27,14,51.9,9,33.3,380,2190,1170,31,28,9,11,13,398,36,1,0,0,10,12,3,20,9,10,0,1,0,68,15,17,46.9
2022-09-18,19:05,Liga MX,Apertura 2022 Regular Season,Sun,Home,D,1,1,Tijuana,Necaxa,1.9,0.9,54,24333.0,Lisandro López,4-2-3-1,Diego Montaño,28,7,25.0,0.04,0.14,17.2,0,0,0,1.9,1.9,0.07,-0.9,-0.9,6,5,83.3,0.0,1.8,0.8,0.0,0.0,0.0,0.0,7,13,53.8,26,4,46.2,36.7,6,16.7,22.5,11,0,0.0,0,,334,478,69.9,7256,3626,104,142,73.2,168,212,79.2,60,108,55.6,1,1.7,1.5,24,40,8,4,57,478,422,55,19,0,3,25,25,3,1,2,0,334,1,12,49,33,7,3,3,2,1,2,2,0,0,0,0,0,17,13,7,7,3,7,12,58.3,5,12,4,8,27,44,22,0,54.0,618,59,196,266,168,31,618,17,11,64.7,5,29.4,362,1621,757,17,9,5,18,17,331,56,2,0,0,14,15,1,25,27,13,0,0,0,78,33,28,54.1,13,6,46.2,0.08,0.17,21.6,0,0,0,0.9,0.9,0.07,0.1,0.1,7,6,85.7,0.0,2.6,1.6,0.0,0.0,0.0,0.0,7,17,41.2,31,6,35.5,34.5,14,42.9,48.9,22,2,9.1,0,9.2,269,401,67.1,5500,2747,95,123,77.2,121,161,75.2,47,93,50.5,0,0.4,0.5,9,11,3,1,25,401,343,55,15,0,1,15,19,5,0,4,0,269,3,11,19,16,0,0,2,0,1,0,0,0,0,0,0,0,22,13,11,9,2,5,16,31.3,11,15,5,10,16,38,37,0,46.0,552,89,228,213,116,15,552,14,5,35.7,7,50.0,306,1630,761,17,22,2,18,10,264,25,3,0,0,16,14,3,15,16,13,0,0,0,64,28,33,45.9
2022-10-02,20:00,Liga MX,Apertura 2022 Regular Season,Sun,Away,D,2,2,Tijuana,León,0.7,1.8,43,24024.0,Lisandro López,4-3-3,Luis Santander,6,2,33.3,0.33,1.0,13.8,0,0,0,0.7,0.7,0.11,1.3,1.3,6,4,66.7,0.0,2.1,0.1,0.0,0.0,0.0,0.0,8,17,47.1,32,5,43.8,36.1,15,26.7,23.1,13,1,7.7,0,8.0,243,335,72.5,4972,2305,96,113,85.0,108,134,80.6,38,73,52.1,2,0.7,0.8,6,19,8,0,26,335,287,44,14,1,4,8,11,1,0,0,0,243,4,9,12,10,0,1,0,0,1,4,3,0,1,0,0,0,23,13,10,9,4,9,19,47.4,10,13,3,10,15,38,16,2,43.0,425,86,213,157,63,13,425,12,7,58.3,3,25.0,174,1064,541,14,4,3,9,2,240,26,3,0,0,17,10,4,8,15,13,0,0,0,50,9,12,42.9,17,6,35.3,0.12,0.33,19.0,1,0,0,1.8,1.8,0.11,0.2,0.2,2,0,0.0,0.0,1.4,-0.6,0.0,0.0,0.0,0.0,2,8,25.0,30,6,26.7,28.2,8,0.0,20.4,5,1,20.0,0,14.0,361,452,79.9,6747,2664,152,166,91.6,156,177,88.1,45,78,57.7,2,1.3,1.0,11,35,8,2,41,452,383,65,20,1,5,21,28,6,4,2,0,361,4,12,26,17,2,1,3,2,1,3,2,1,0,0,0,0,5,4,1,3,1,3,10,30.0,7,8,0,8,7,12,11,1,57.0,540,55,136,252,153,24,540,22,10,45.5,9,40.9,313,1655,884,21,11,6,18,14,354,40,1,0,0,11,17,4,21,7,4,0,0,0,45,12,9,57.1
2023-01-08,19:10,Liga MX,Clausura 2023 Regular Season,Sun,Home,D,1,1,Tijuana,Cruz Azul,1.7,0.7,41,27333.0,Lisandro López,4-2-3-1,Daniel Quintero,15,8,53.3,0.0,0.0,20.4,0,1,1,1.7,0.9,0.06,-0.7,-0.9,3,2,66.7,0.0,0.7,-0.3,0.0,0.0,0.0,0.0,7,19,36.8,19,1,73.7,48.9,8,62.5,47.0,21,1,4.8,2,13.4,255,353,72.2,4787,2305,107,128,83.6,105,138,76.1,35,68,51.5,0,0.6,0.6,12,20,4,3,18,353,310,40,10,0,1,21,14,6,1,4,0,255,3,6,25,13,4,2,3,3,0,2,1,0,0,0,1,0,24,13,9,11,4,11,23,47.8,12,16,3,13,15,39,26,0,41.0,513,63,187,227,106,17,512,21,7,33.3,10,47.6,209,1319,615,14,12,4,19,12,252,18,3,0,0,15,10,3,21,15,13,1,0,0,70,13,16,44.8,9,3,33.3,0.11,0.33,15.6,0,0,0,0.7,0.7,0.08,0.3,0.3,9,8,100.0,0.0,1.8,0.8,1.0,1.0,0.0,0.0,0,4,0.0,22,6,18.2,24.5,7,0.0,19.7,18,0,0.0,0,16.5,382,518,73.7,6655,2628,171,200,85.5,164,209,78.5,38,74,51.4,1,0.7,1.7,7,28,6,2,41,518,453,64,18,0,2,28,31,6,3,3,0,382,1,14,16,13,1,0,1,1,0,2,2,0,0,0,0,0,22,10,7,13,2,10,17,58.8,7,6,0,6,9,31,17,0,59.0,633,54,171,324,145,26,633,23,12,52.2,11,47.8,392,1840,967,17,13,4,18,13,380,41,3,0,0,10,13,1,28,9,10,0,1,0,57,16,13,55.2
2023-01-14,18:05,Liga MX,Clausura 2023 Regular Season,Sat,Away,L,0,3,Tijuana,FC Juárez,1.5,1.3,53,11921.0,Lisandro López,4-2-3-1,Victor Caceres,15,3,20.0,0.0,0.0,17.2,0,0,0,1.5,1.5,0.1,-1.5,-1.5,4,1,50.0,0.0,1.7,-1.3,1.0,1.0,0.0,0.0,3,9,33.3,14,3,35.7,30.5,13,30.8,31.5,9,0,0.0,2,20.0,365,482,75.7,6423,2600,157,185,84.9,165,203,81.3,33,64,51.6,0,1.4,1.1,13,37,6,2,52,482,421,57,16,0,3,24,21,3,1,2,0,365,4,9,23,14,4,0,3,2,0,0,0,0,0,0,0,0,21,13,9,8,4,7,16,43.8,9,10,2,8,18,39,8,0,53.0,586,41,125,327,144,26,586,14,4,28.6,7,50.0,368,1843,1100,19,13,3,17,5,357,50,2,0,0,10,15,4,24,18,13,0,1,0,62,11,8,57.9,12,3,25.0,0.17,0.67,21.1,0,1,1,1.3,0.5,0.04,1.7,1.5,3,3,100.0,1.0,0.6,0.6,0.0,0.0,0.0,0.0,8,14,57.1,28,8,21.4,28.1,9,88.9,54.8,18,1,5.6,0,10.5,327,436,75.0,6043,2398,126,145,86.9,137,173,79.2,43,83,51.8,2,0.4,0.4,10,19,6,2,35,436,383,52,13,0,3,15,25,4,1,3,0,327,1,8,22,18,2,1,1,0,0,5,3,2,0,0,0,0,12,9,9,3,0,7,11,63.6,4,11,4,7,12,24,25,0,47.0,548,62,213,233,111,15,547,18,9,50.0,7,38.9,243,1519,821,15,14,2,13,14,325,35,4,0,0,15,9,1,15,12,9,0,0,0,57,8,11,42.1
2023-01-20,19:10,Liga MX,Clausura 2023 Regular Season,Fri,Home,D,1,1,Tijuana,UANL,0.6,0.5,39,23333.0,Lisandro López,4-2-3-1,Adonai Escobedo,8,2,25.0,0.13,0.5,16.7,0,0,0,0.6,0.6,0.08,0.4,0.4,5,4,80.0,0.0,0.5,-0.5,0.0,0.0,0.0,0.0,6,17,35.3,21,4,61.9,41.4,6,66.7,46.2,11,1,9.1,0,10.0,251,411,61.1,4357,1889,114,148,77.0,100,148,67.6,27,78,34.6,1,0.6,0.7,7,18,3,2,25,411,357,51,11,1,5,15,28,4,0,4,0,251,3,15,16,10,1,2,0,1,2,2,1,0,1,0,0,0,24,15,9,14,1,9,16,56.3,7,13,1,12,16,40,20,0,39.0,552,52,198,266,99,9,552,23,9,39.1,11,47.8,263,1564,711,19,13,4,27,13,245,24,3,0,0,23,7,3,15,16,15,0,0,0,89,20,16,55.6,11,5,45.5,0.09,0.2,22.5,1,0,0,0.5,0.5,0.05,0.5,0.5,2,1,50.0,0.0,1.1,0.1,0.0,0.0,0.0,0.0,8,23,34.8,38,5,50.0,37.5,9,44.4,38.0,11,0,0.0,0,15.0,474,640,74.1,8719,3289,208,247,84.2,204,262,77.9,57,102,55.9,1,0.5,0.6,10,42,6,1,57,640,561,76,25,1,5,11,36,4,0,3,0,474,3,12,21,17,1,1,1,1,0,2,2,0,0,0,0,0,24,14,7,11,6,11,20,55.0,9,13,1,12,21,45,10,0,61.0,771,64,217,399,159,10,771,19,7,36.8,9,47.4,290,1400,682,13,9,1,24,15,471,57,3,0,0,8,23,3,11,21,14,0,0,0,71,16,20,44.4
2023-01-27,19:05,Liga MX,Clausura 2023 Regular Season,Fri,Home,D,0,0,Tijuana,UNAM,1.3,0.1,66,24333.0,Lisandro López,4-2-3-1,Ismael Lopez,22,6,27.3,0.0,0.0,18.0,0,0,0,1.3,1.3,0.06,-1.3,-1.3,2,2,100.0,1.0,0.2,0.2,0.0,0.0,0.0,0.0,1,1,100.0,11,1,9.1,23.5,1,0.0,13.0,8,1,12.5,1,14.3,469,614,76.4,8896,3427,192,228,84.2,208,253,82.2,60,101,59.4,0,1.0,1.3,17,51,13,3,74,614,554,59,14,0,8,44,32,12,5,5,0,469,1,15,38,27,4,1,5,1,0,0,0,0,0,0,0,0,32,14,8,22,2,18,22,81.8,4,8,1,7,18,50,9,0,66.0,778,27,151,407,229,33,778,30,12,40.0,14,46.7,406,2370,1178,31,20,7,23,10,467,74,2,0,0,16,12,1,44,18,14,0,0,0,86,21,19,52.5,4,2,50.0,0.0,0.0,19.0,0,0,0,0.1,0.1,0.03,-0.1,-0.1,6,6,100.0,1.0,1.1,1.1,0.0,0.0,0.0,0.0,7,21,33.3,24,2,66.7,47.0,10,80.0,51.2,33,2,6.1,0,6.0,179,314,57.0,3745,1774,64,91,70.3,77,117,65.8,33,88,37.5,0,0.1,0.2,3,15,0,0,21,314,266,48,17,1,2,10,17,3,0,3,0,179,0,6,8,3,2,1,1,1,0,0,0,0,0,0,0,0,24,13,12,9,3,14,26,53.8,12,16,7,9,14,38,40,0,34.0,480,81,207,215,64,5,480,24,4,16.7,18,75.0,171,1022,512,10,7,3,22,14,177,20,3,1,0,13,15,0,10,14,13,0,0,0,71,19,21,47.5
2023-02-03,19:00,Liga MX,Clausura 2023 Regular Season,Fri,Away,D,1,1,Tijuana,Necaxa,0.8,0.8,50,12225.0,Lisandro López,4-1-2-1-2◆,César Arturo Ramos,10,2,20.0,0.0,0.0,23.7,0,0,0,0.8,0.8,0.08,-0.8,-0.8,6,5,83.3,0.0,1.6,0.6,0.0,0.0,0.0,0.0,7,28,25.0,25,5,80.0,52.7,10,80.0,55.3,25,4,16.0,0,7.0,394,523,75.3,6936,2826,185,210,88.1,166,203,81.8,36,83,43.4,0,0.7,0.6,7,34,2,0,41,523,473,49,20,1,2,16,15,2,1,0,0,394,1,14,16,12,0,2,0,0,2,0,0,0,0,0,0,0,23,13,9,13,1,15,25,60.0,10,5,2,3,15,38,38,0,50.0,676,83,215,345,130,14,676,39,18,46.2,15,38.5,403,2193,1043,23,21,6,20,4,393,41,5,1,1,15,17,1,16,15,13,0,0,0,80,18,26,40.9,15,6,40.0,0.07,0.17,19.0,0,0,0,0.8,0.8,0.05,0.2,0.2,2,2,50.0,0.0,0.5,0.5,0.0,0.0,0.0,0.0,5,14,35.7,34,9,32.4,31.9,10,30.0,32.8,10,4,40.0,3,14.7,396,530,74.7,7780,3046,147,170,86.5,189,228,82.9,56,113,49.6,1,0.5,0.9,11,36,2,1,51,530,476,52,16,1,7,33,16,8,3,5,0,396,2,5,25,18,2,0,2,1,2,2,2,0,0,0,0,0,19,9,4,9,6,15,33,45.5,18,15,1,14,12,31,14,2,50.0,663,57,222,290,161,30,663,27,10,37.0,15,55.6,404,2231,1119,16,13,5,17,8,390,51,3,0,0,18,15,2,33,12,9,0,0,1,78,26,18,59.1
2023-02-10,19:10,Liga MX,Clausura 2023 Regular Season,Fri,Home,W,1,0,Tijuana,Atlético,1.1,0.7,63,21333.0,Lisandro López,4-2-3-1,Luis Santander,21,5,23.8,0.0,0.0,20.3,1,0,0,1.1,1.1,0.05,-1.1,-1.1,1,1,100.0,1.0,0.1,0.1,0.0,0.0,0.0,0.0,1,4,25.0,10,4,20.0,23.9,3,66.7,50.3,9,0,0.0,1,19.0,479,589,81.3,8866,2868,196,231,84.8,225,262,85.9,51,75,68.0,0,0.7,1.1,15,59,12,5,81,589,550,33,8,2,3,35,14,7,0,7,0,479,6,9,40,32,4,1,0,2,1,0,0,0,0,0,0,0,15,10,7,5,3,4,13,30.8,9,8,2,6,7,22,19,0,63.0,710,34,122,379,221,29,710,18,9,50.0,7,38.9,520,3027,1642,37,30,8,22,12,472,79,2,0,0,12,9,6,35,7,10,0,0,0,85,26,22,54.2,6,1,16.7,0.0,0.0,10.6,0,0,0,0.7,0.7,0.11,-0.7,-0.7,5,5,80.0,0.0,0.6,0.6,0.0,0.0,0.0,0.0,16,40,40.0,26,0,84.6,49.6,19,94.7,57.5,30,0,0.0,2,31.5,232,348,66.7,4633,2359,100,135,74.1,85,112,75.9,40,86,46.5,0,0.7,1.0,6,20,3,1,16,348,286,62,18,3,2,11,19,4,1,3,0,232,0,6,11,7,2,1,0,0,1,0,0,0,0,0,0,0,19,14,13,5,1,7,16,43.8,9,9,4,5,7,26,45,0,37.0,471,95,212,195,69,18,471,14,9,64.3,4,28.6,207,1103,471,9,5,6,19,11,227,15,2,1,0,9,11,0,11,7,14,0,0,1,54,22,26,45.8
2023-02-15,19:05,Liga MX,Clausura 2023 Regular Season,Wed,Away,L,1,2,Tijuana,Guadalajara,1.0,2.2,43,19078.0,Lisandro López,4-2-3-1,Diego Montaño,13,3,23.1,0.08,0.33,21.4,1,0,0,1.0,1.0,0.08,0.0,0.0,2,0,100.0,0.0,1.9,-0.1,2.0,2.0,0.0,0.0,7,20,35.0,29,5,48.3,35.4,8,75.0,54.1,23,0,0.0,1,22.0,323,437,73.9,5611,1989,140,165,84.8,143,175,81.7,28,71,39.4,0,0.7,0.6,8,21,6,3,22,437,390,46,9,0,2,16,23,3,0,1,0,323,1,8,21,16,0,0,2,2,1,1,0,0,0,1,0,0,15,10,6,7,2,5,20,25.0,15,15,4,11,11,26,31,0,43.0,569,75,228,258,98,12,569,19,12,63.2,4,21.1,332,1879,987,19,18,2,22,2,320,22,2,0,0,7,9,1,16,11,10,0,2,0,63,26,15,63.4,11,0,0.0,0.0,,25.1,0,2,2,2.2,0.7,0.07,-0.2,-0.7,3,2,66.7,0.0,0.3,-0.7,0.0,0.0,0.0,0.0,4,10,40.0,16,5,25.0,30.3,10,60.0,51.9,12,0,0.0,2,15.0,441,569,77.5,8599,2665,167,198,84.3,218,263,82.9,50,84,59.5,0,0.5,0.6,8,41,6,1,49,569,516,53,5,1,11,29,26,10,2,8,0,441,0,12,22,17,1,1,1,2,0,2,0,0,0,1,1,0,6,4,2,4,0,4,16,25.0,12,9,2,7,10,16,21,0,57.0,676,47,161,376,149,18,674,21,15,71.4,5,23.8,490,2690,1441,26,24,3,16,10,432,48,0,0,0,10,6,0,29,10,4,1,0,0,63,15,26,36.6
2023-02-19,19:05,Liga MX,Clausura 2023 Regular Season,Sun,Away,L,1,2,Tijuana,América,1.1,1.7,41,31012.0,Lisandro López,5-3-2,Fernando Guerrero,14,4,28.6,0.07,0.25,19.2,1,0,0,1.1,1.1,0.08,-0.1,-0.1,7,5,71.4,0.0,2.3,0.3,0.0,0.0,0.0,0.0,1,11,9.1,18,4,44.4,37.7,9,33.3,29.3,18,0,0.0,1,16.3,299,387,77.3,5223,1952,150,181,82.9,111,129,86.0,31,61,50.8,1,0.7,0.8,8,25,3,2,25,387,342,45,17,1,2,18,13,3,0,2,0,299,0,4,25,12,3,4,1,3,2,2,2,0,0,0,0,0,22,16,15,6,1,14,26,53.8,12,6,4,2,11,33,21,0,41.0,505,67,180,232,100,15,505,23,16,69.6,4,17.4,270,1531,885,23,11,5,16,4,297,25,2,1,0,16,17,0,18,11,16,0,0,0,50,16,11,59.3,18,7,38.9,0.11,0.29,23.1,1,0,0,1.7,1.7,0.09,0.3,0.3,4,3,75.0,0.0,0.9,-0.1,0.0,0.0,0.0,0.0,2,9,22.2,17,5,29.4,31.4,13,30.8,36.2,12,1,8.3,0,4.0,467,557,83.8,9069,2983,172,196,87.8,239,260,91.9,55,94,58.5,1,1.2,1.3,13,51,7,3,40,557,504,52,15,1,4,21,15,7,1,5,0,467,1,3,32,22,2,4,1,2,1,4,3,0,0,0,1,0,8,5,1,7,0,4,20,20.0,16,5,4,1,13,21,13,0,59.0,659,62,169,346,147,19,659,28,12,42.9,14,50.0,386,2075,1238,17,11,5,8,8,465,39,3,0,0,17,16,1,21,13,5,0,0,0,47,11,16,40.7
2023-02-26,19:05,Liga MX,Clausura 2023 Regular Season,Sun,Home,W,2,0,Tijuana,Pachuca,1.6,1.2,42,22333.0,Lisandro López,4-1-4-1,Fernando Hernández,9,5,55.6,0.22,0.4,19.1,0,0,0,1.6,1.6,0.17,0.4,0.4,5,5,100.0,1.0,0.9,0.9,0.0,0.0,0.0,0.0,7,21,33.3,18,0,77.8,49.6,10,70.0,49.1,20,1,5.0,0,5.0,263,403,65.3,5281,2526,110,146,75.3,96,141,68.1,50,91,54.9,0,0.4,0.5,4,20,5,2,38,403,347,56,13,0,6,18,26,6,0,0,0,263,0,16,14,11,2,0,0,0,1,4,3,1,0,0,0,0,31,16,14,17,0,13,27,48.1,14,19,5,14,10,41,30,0,42.0,566,65,193,260,117,12,566,19,7,36.8,10,52.6,184,1249,536,12,12,3,28,18,261,38,3,0,0,16,12,0,18,10,16,0,0,0,74,20,16,55.6,20,5,25.0,0.0,0.0,25.4,1,0,0,1.2,1.2,0.06,-1.2,-1.2,5,3,60.0,0.0,1.9,-0.1,0.0,0.0,0.0,0.0,6,12,50.0,25,7,48.0,36.3,3,0.0,18.3,11,1,9.1,1,7.8,424,552,76.8,7155,2701,174,202,86.1,203,247,82.2,26,62,41.9,0,1.1,0.7,16,39,5,2,61,552,503,49,14,0,1,25,24,5,1,2,0,424,0,15,34,26,2,2,2,2,0,0,0,0,0,0,0,0,28,17,10,17,1,10,17,58.8,7,14,2,12,17,45,12,1,58.0,703,42,165,390,157,21,703,29,14,48.3,13,44.8,369,2559,1187,26,13,6,29,18,420,60,3,0,0,13,16,0,25,17,17,0,0,0,82,16,20,44.4
2023-03-03,19:15,Liga MX,Clausura 2023 Regular Season,Fri,Home,D,1,1,Tijuana,Atlas,0.8,1.6,48,24533.0,Lisandro López,5-4-1,Daniel Quintero,9,2,22.2,0.11,0.5,13.3,0,0,0,0.8,0.8,0.09,0.2,0.2,6,5,83.3,0.0,2.0,1.0,0.0,0.0,0.0,0.0,3,4,75.0,25,4,8.0,27.4,7,28.6,35.6,18,0,0.0,0,20.0,317,442,71.7,6495,2993,111,142,78.2,150,188,79.8,53,91,58.2,1,0.7,0.7,7,34,3,2,44,442,386,54,16,1,1,22,24,5,0,2,0,317,2,15,15,9,3,1,1,1,0,1,0,0,0,1,0,0,22,10,10,12,0,12,26,46.2,14,14,3,11,9,31,22,0,48.0,577,54,188,254,142,22,577,21,11,52.4,7,33.3,243,1462,712,19,8,3,25,12,314,44,3,0,0,15,13,2,22,9,10,0,0,0,67,25,14,64.1,14,6,42.9,0.07,0.17,20.5,2,0,0,1.6,1.6,0.12,-0.6,-0.6,2,1,50.0,0.0,0.6,-0.4,0.0,0.0,0.0,0.0,8,19,42.1,20,2,65.0,43.3,9,66.7,47.2,20,0,0.0,0,12.0,341,471,72.4,6533,2954,140,171,81.9,143,177,80.8,50,96,52.1,1,1.4,0.9,11,37,8,3,38,471,417,53,15,4,4,20,23,4,2,2,0,341,1,10,27,21,1,3,0,2,0,2,2,0,0,0,0,0,19,11,8,10,1,7,18,38.9,11,15,3,12,11,30,30,1,52.0,607,61,174,319,122,13,607,28,14,50.0,12,42.9,383,1530,677,17,10,3,17,10,338,37,3,0,0,15,13,1,20,11,11,0,0,0,66,14,25,35.9
2023-03-12,19:05,Liga MX,Clausura 2023 Regular Season,Sun,Away,L,2,3,Tijuana,Santos,1.3,1.9,47,13797.0,Nicolás Díaz Huincales,5-3-2,Ismael Lopez,15,5,33.3,0.13,0.4,20.3,0,0,0,1.3,1.3,0.08,0.7,0.7,7,4,57.1,0.0,2.9,-0.1,0.0,0.0,0.0,0.0,4,11,36.4,25,6,44.0,37.8,9,0.0,14.9,24,1,4.2,1,9.3,306,411,74.5,5399,2364,141,160,88.1,112,137,81.8,39,82,47.6,2,1.2,1.1,11,28,7,2,38,411,351,60,13,3,5,30,30,5,3,1,0,306,0,16,27,17,3,2,2,2,1,4,3,0,1,0,0,0,24,13,11,11,2,13,22,59.1,9,7,2,5,9,33,36,1,47.0,550,81,189,220,146,14,550,24,14,58.3,10,41.7,294,1643,793,14,16,2,19,9,302,37,1,0,0,6,9,0,30,9,13,0,0,0,49,15,17,46.9,11,7,63.6,0.27,0.43,11.9,0,0,0,1.9,1.9,0.18,1.1,1.1,5,3,60.0,0.0,1.5,-0.5,0.0,0.0,0.0,0.0,3,12,25.0,18,3,33.3,41.3,12,50.0,44.5,20,0,0.0,0,5.5,376,471,79.8,7278,2800,145,156,92.9,158,187,84.5,60,97,61.9,1,1.2,1.0,7,34,5,1,40,471,409,58,5,2,7,32,24,14,4,8,0,376,4,9,19,11,4,1,2,0,1,5,2,1,0,2,0,0,19,9,6,8,5,10,24,41.7,14,12,4,8,8,27,43,0,53.0,624,75,191,271,166,23,624,24,9,37.5,13,54.2,324,1836,776,13,13,3,21,11,371,40,1,0,0,9,6,4,32,8,9,0,0,0,57,17,15,53.1
2023-03-17,20:05,Liga MX,Clausura 2023 Regular Season,Fri,Home,D,3,3,Tijuana,Toluca,1.7,0.6,48,24833.0,Lisandro López,5-3-2,Edgar Morales,18,9,50.0,0.17,0.33,17.6,0,0,0,1.7,1.7,0.1,1.3,1.3,5,2,40.0,0.0,1.3,-1.7,0.0,0.0,0.0,0.0,3,7,42.9,23,2,26.1,34.3,4,25.0,37.3,10,1,10.0,0,15.5,353,468,75.4,6895,2722,135,160,84.4,143,176,81.3,62,93,66.7,0,1.1,0.8,13,35,7,4,44,468,413,55,23,3,6,29,20,4,1,3,0,353,0,12,28,17,4,1,3,1,2,3,0,0,0,2,0,1,24,15,8,15,1,4,22,18.2,18,15,4,11,20,44,20,0,48.0,615,50,177,286,162,19,615,23,8,34.8,13,56.5,264,1511,871,23,16,4,32,12,352,44,6,0,0,14,19,0,29,20,15,0,0,0,87,17,17,50.0,10,5,50.0,0.3,0.6,18.4,1,0,0,0.6,0.6,0.06,2.4,2.4,9,6,66.7,0.0,2.2,-0.8,0.0,0.0,0.0,0.0,10,20,50.0,27,3,44.4,40.4,13,61.5,43.0,23,0,0.0,0,6.0,371,501,74.1,6189,2471,183,219,83.6,133,166,80.1,33,71,46.5,3,0.5,0.7,9,20,9,2,34,501,445,53,13,0,2,12,18,5,2,3,0,371,3,11,17,13,1,1,0,1,1,5,5,0,0,0,0,0,25,11,19,4,2,13,21,61.9,8,11,1,10,10,35,20,1,52.0,634,72,219,296,122,26,634,26,18,69.2,4,15.4,333,1864,914,22,16,3,20,20,369,34,2,0,0,20,12,3,12,10,11,0,0,0,83,17,17,50.0
2023-04-01,19:15,Liga MX,Clausura 2023 Regular Season,Sat,Away,L,0,4,Tijuana,Monterrey,0.2,3.4,57,40103.0,Lisandro López,4-4-2,Óscar Macias,5,1,20.0,0.0,0.0,18.5,0,0,0,0.2,0.2,0.05,-0.2,-0.2,10,6,60.0,0.0,4.1,0.1,0.0,0.0,0.0,0.0,4,8,50.0,22,8,18.2,26.5,8,50.0,42.6,16,0,0.0,6,20.2,375,468,80.1,6856,2761,160,179,89.4,160,188,85.1,45,74,60.8,0,0.2,0.3,5,39,5,2,50,468,415,51,11,0,6,29,21,6,0,2,0,375,2,5,8,4,2,0,1,1,0,0,0,0,0,0,0,0,20,8,7,13,0,8,19,42.1,11,7,3,4,6,26,19,0,57.0,571,53,146,311,120,15,571,18,10,55.6,6,33.3,285,1539,861,17,13,2,18,11,372,50,3,0,0,9,10,2,29,6,8,0,0,0,48,15,9,62.5,20,10,50.0,0.2,0.4,17.4,1,0,0,3.4,3.4,0.18,0.6,0.6,1,1,100.0,1.0,0.1,0.1,0.0,0.0,0.0,0.0,7,18,38.9,28,9,50.0,40.8,12,33.3,28.9,20,3,15.0,0,8.7,270,359,75.2,4911,2497,128,147,87.1,100,124,80.6,34,70,48.6,4,3.2,1.6,16,23,13,7,24,359,309,49,10,3,1,17,24,2,2,0,0,270,1,4,35,25,1,4,3,1,1,8,6,0,2,0,0,0,17,6,7,9,1,6,16,37.5,10,5,1,4,8,25,17,0,43.0,465,66,175,180,112,27,465,20,11,55.0,8,40.0,219,1159,622,14,7,6,12,12,267,24,2,0,0,10,9,1,17,8,6,0,0,0,51,9,15,37.5
2023-04-07,20:10,Liga MX,Clausura 2023 Regular Season,Fri,Home,L,1,2,Tijuana,Querétaro,1.9,1.4,64,20233.0,Lisandro López,4-4-2,Luis Santander,24,4,16.7,0.04,0.25,18.0,1,0,0,1.9,1.9,0.08,-0.9,-0.9,3,1,33.3,0.0,1.8,-0.2,0.0,0.0,0.0,0.0,5,9,55.6,12,1,33.3,29.2,12,41.7,40.0,11,0,0.0,0,,440,582,75.6,8734,3606,168,205,82.0,203,248,81.9,64,106,60.4,1,1.0,1.5,15,37,13,8,60,582,505,77,26,0,6,41,28,8,4,4,0,440,0,7,40,27,5,0,3,4,1,2,2,0,0,0,0,0,26,18,11,11,4,15,22,68.2,7,21,3,18,10,36,20,1,64.0,756,51,175,370,215,35,756,30,12,40.0,14,46.7,316,1444,653,16,13,3,24,7,439,60,0,1,0,16,25,0,41,10,18,0,0,0,66,27,29,48.2,13,3,23.1,0.15,0.67,20.8,0,0,0,1.4,1.4,0.11,0.6,0.6,4,3,75.0,0.0,1.3,0.3,0.0,0.0,0.0,0.0,11,24,45.8,17,3,52.9,43.1,17,88.2,58.8,36,4,11.1,0,4.4,181,323,56.0,3884,2472,85,119,71.4,59,99,59.6,36,79,45.6,2,1.2,0.6,9,18,3,1,13,323,255,68,16,1,1,12,25,8,1,6,0,181,0,18,19,13,2,2,0,1,1,4,1,1,0,0,1,1,21,11,12,6,3,14,26,53.8,12,11,5,6,9,30,39,1,36.0,469,79,188,178,110,17,469,24,7,29.2,15,62.5,170,1001,531,10,8,6,16,11,176,13,3,0,0,27,15,0,12,9,11,0,0,0,52,29,27,51.8
2023-04-14,21:05,Liga MX,Clausura 2023 Regular Season,Fri,Away,W,2,1,Tijuana,Mazatlán,3.2,0.7,43,10139.0,Alexis Canelo,4-2-3-1,César Arturo Ramos,12,3,25.0,0.0,0.0,18.6,1,2,2,3.2,1.8,0.15,-1.2,-1.8,4,4,75.0,0.0,0.3,0.3,0.0,0.0,0.0,0.0,6,8,75.0,10,3,20.0,32.3,12,50.0,39.7,9,1,11.1,0,9.5,295,407,72.5,5354,2292,134,164,81.7,114,149,76.5,36,64,56.3,0,1.5,1.7,8,25,6,1,42,407,351,52,5,0,4,24,28,5,0,4,0,295,4,5,23,11,4,2,3,2,1,3,0,0,0,2,1,0,17,12,11,5,1,10,18,55.6,8,10,3,7,13,30,14,0,43.0,516,40,126,253,140,23,514,20,12,60.0,6,30.0,257,1562,944,18,9,5,20,10,292,41,4,0,0,16,8,4,24,13,12,1,0,1,46,27,15,64.3,14,4,28.6,0.0,0.0,18.2,2,0,0,0.7,0.7,0.05,-0.7,-0.7,5,3,100.0,0.0,3.0,1.0,2.0,2.0,0.0,0.0,0,7,0.0,25,7,28.0,27.6,8,0.0,16.9,19,1,5.3,2,13.5,432,538,80.3,8414,2548,159,178,89.3,210,247,85.0,59,92,64.1,0,0.7,0.7,11,31,5,1,38,538,481,57,18,0,4,15,23,5,1,4,0,432,0,9,21,11,4,1,3,2,0,0,0,0,0,0,0,0,16,9,8,7,1,6,18,33.3,12,5,2,3,13,29,19,0,57.0,656,72,213,310,139,18,656,20,8,40.0,10,50.0,396,2395,1351,20,9,5,17,7,428,38,3,0,0,9,16,0,15,13,9,0,2,0,52,15,27,35.7
2023-04-21,20:15,Liga MX,Clausura 2023 Regular Season,Fri,Home,D,0,0,Tijuana,León,1.1,1.0,62,25333.0,Lisandro López,3-4-1-2,Edgar Morales,15,3,20.0,0.0,0.0,18.1,0,0,0,1.1,1.1,0.08,-1.1,-1.1,8,8,100.0,1.0,0.8,0.8,0.0,0.0,0.0,0.0,5,6,83.3,18,7,16.7,26.8,9,33.3,33.6,10,1,10.0,0,14.0,395,527,75.0,7407,3384,164,201,81.6,150,187,80.2,65,99,65.7,0,0.9,1.0,11,48,11,4,53,527,459,61,15,1,0,31,28,8,2,6,0,395,7,11,26,21,2,0,3,0,0,0,0,0,0,0,0,0,22,15,7,14,1,6,11,54.5,5,15,3,12,17,39,8,0,62.0,657,49,160,344,157,25,657,17,5,29.4,11,64.7,299,1462,692,17,8,3,21,12,385,52,2,0,0,15,14,7,31,17,15,0,0,0,77,19,19,50.0,18,8,44.4,0.0,0.0,20.2,1,0,0,1.0,1.0,0.06,-1.0,-1.0,3,3,100.0,1.0,0.5,0.5,0.0,0.0,0.0,0.0,4,22,18.2,17,3,70.6,45.4,13,76.9,52.9,19,0,0.0,0,4.0,201,325,61.8,3447,2061,102,129,79.1,62,88,70.5,25,70,35.7,0,1.0,0.4,15,19,5,0,23,325,265,59,22,1,2,10,18,5,3,2,0,201,1,12,29,14,4,2,4,3,2,0,0,0,0,0,0,0,23,16,14,7,2,11,16,68.8,5,14,6,8,13,36,31,0,38.0,465,57,182,188,105,22,465,13,5,38.5,6,46.2,204,1270,613,20,13,7,20,16,200,23,2,1,0,15,15,1,10,13,16,0,0,0,76,19,19,50.0
2023-04-29,18:00,Liga MX,Clausura 2023 Regular Season,Sat,Away,L,2,5,Tijuana,Puebla,0.8,2.0,45,15001.0,Lisandro López,3-4-3,Diego Montaño,14,4,28.6,0.07,0.25,22.4,1,0,0,0.8,0.8,0.06,0.2,0.2,11,6,63.6,0.0,4.1,-0.9,1.0,1.0,0.0,0.0,8,13,61.5,24,4,33.3,35.4,13,38.5,42.7,18,0,0.0,1,11.5,281,364,77.2,5625,2681,97,113,85.8,129,150,86.0,42,71,59.2,1,0.6,0.5,8,28,6,4,40,364,309,53,9,0,4,24,19,6,2,3,0,281,2,7,23,9,7,2,3,2,0,2,1,1,0,0,0,0,11,4,4,4,3,6,15,40.0,9,10,4,6,8,19,22,0,45.0,476,71,167,197,116,22,476,14,10,71.4,4,28.6,200,921,465,5,12,2,18,7,275,40,2,0,0,13,9,2,24,8,4,0,1,0,52,9,11,45.0,24,10,41.7,0.17,0.4,25.5,2,1,1,2.0,1.2,0.05,3.0,2.8,4,3,50.0,0.0,0.9,-0.1,0.0,0.0,0.0,0.0,5,8,62.5,11,2,54.5,44.0,10,30.0,33.0,19,0,0.0,2,21.5,364,445,81.8,7751,3175,124,144,86.1,175,196,89.3,63,97,64.9,4,1.0,1.2,18,33,8,1,41,445,396,48,11,0,11,25,16,8,6,2,0,364,1,7,45,33,3,2,3,3,1,10,8,1,0,0,1,0,11,8,5,5,1,4,14,28.6,10,9,5,4,10,21,20,0,55.0,554,61,163,237,155,18,553,15,9,60.0,6,40.0,255,1429,723,19,15,3,13,5,357,41,1,0,0,9,13,1,25,10,8,1,0,1,51,11,9,55.0
2022-07-03,12:00,Liga MX,Apertura 2022 Regular Season,Sun,Home,D,1,1,UNAM,Tijuana,1.4,1.2,60,15092.0,Nicolás Freire,4-4-1-1,Adonai Escobedo,13,4,30.8,0.08,0.25,14.9,0,0,0,1.4,1.4,0.11,-0.4,-0.4,2,1,100.0,0.0,1.1,0.1,1.0,1.0,0.0,0.0,2,3,66.7,15,5,6.7,26.1,3,66.7,47.0,7,1,14.3,2,18.0,392,490,80.0,7849,3001,134,154,87.0,184,214,86.0,67,100,67.0,1,1.2,1.4,10,39,9,2,47,490,427,61,21,1,6,23,26,9,7,2,0,392,2,7,18,9,5,2,2,0,0,1,0,1,0,0,0,0,19,11,4,12,3,8,13,61.5,5,9,3,6,10,29,7,0,60.0,594,25,102,358,138,30,594,25,11,44.0,14,56.0,394,1710,928,17,10,4,14,8,387,46,5,0,0,16,16,2,23,10,11,0,1,0,54,13,9,59.1,4,1,25.0,0.0,0.0,26.1,0,1,1,1.2,0.4,0.1,-0.2,-0.4,4,3,75.0,0.0,0.7,-0.3,0.0,0.0,0.0,0.0,8,17,47.1,38,3,39.5,34.1,9,22.2,24.3,18,2,11.1,0,11.0,237,327,72.5,4403,2062,110,130,84.6,86,113,76.1,35,63,55.6,0,0.4,0.4,3,16,3,0,24,327,273,50,17,0,7,9,21,1,0,1,0,237,4,7,7,5,1,0,0,1,0,2,1,0,0,0,1,0,22,15,12,10,0,14,25,56.0,11,8,2,6,17,39,24,0,40.0,438,90,196,202,44,7,437,13,5,38.5,8,61.5,267,1409,727,9,4,2,17,11,234,23,2,0,0,17,15,4,9,17,15,1,0,0,46,9,13,40.9
2022-07-09,19:00,Liga MX,Apertura 2022 Regular Season,Sat,Away,D,3,3,UNAM,León,2.2,0.8,55,6924.0,Nicolás Freire,4-4-2,Jesus Lopez,16,6,37.5,0.13,0.33,21.7,4,1,1,2.2,1.5,0.09,0.8,0.5,4,1,25.0,0.0,1.6,-1.4,0.0,0.0,0.0,0.0,1,4,25.0,10,4,20.0,26.0,11,18.2,28.5,16,0,0.0,0,,379,464,81.7,7735,2695,127,150,84.7,190,213,89.2,59,89,66.3,2,1.1,0.5,10,46,7,2,47,464,415,47,12,1,5,13,18,1,1,0,0,379,2,6,30,19,1,3,2,5,0,5,4,0,0,1,0,0,12,6,5,5,2,7,17,41.2,10,8,1,7,9,21,18,1,55.0,550,49,172,285,102,15,549,18,9,50.0,9,50.0,365,1666,852,15,14,2,7,11,379,47,4,0,0,14,16,2,13,9,6,0,0,0,43,9,10,47.4,8,4,50.0,0.38,0.75,15.6,0,0,0,0.8,0.8,0.1,2.2,2.2,7,4,71.4,0.0,2.5,-0.5,1.0,1.0,0.0,0.0,2,8,25.0,28,6,21.4,29.3,3,66.7,44.7,10,2,20.0,1,13.2,298,383,77.8,5761,2380,113,134,84.3,151,174,86.8,33,65,50.8,2,0.6,0.7,6,31,11,3,32,383,342,41,16,1,3,23,13,6,2,3,0,298,0,10,13,8,1,2,1,1,0,4,4,0,0,0,0,0,20,12,12,6,2,9,18,50.0,9,13,7,6,15,35,6,0,45.0,481,49,167,206,120,16,481,17,10,58.8,7,41.2,280,1388,750,14,9,3,18,5,294,32,2,1,0,17,14,0,23,15,12,0,1,0,58,10,9,52.6
2022-07-17,12:00,Liga MX,Apertura 2022 Regular Season,Sun,Home,W,1,0,UNAM,Necaxa,1.2,0.7,43,15795.0,Nicolás Freire,4-2-3-1,Daniel Quintero,15,6,40.0,0.07,0.17,22.3,0,0,0,1.2,1.2,0.08,-0.2,-0.2,2,2,100.0,1.0,0.1,0.1,0.0,0.0,0.0,0.0,9,20,45.0,25,5,52.0,40.7,8,87.5,53.4,13,1,7.7,0,10.0,257,350,73.4,5060,2117,105,127,82.7,105,130,80.8,39,71,54.9,1,1.0,0.7,13,22,5,2,28,350,303,47,13,3,4,20,19,6,2,2,0,257,0,8,26,23,1,1,1,0,0,2,1,1,0,0,0,0,20,12,7,10,3,10,17,58.8,7,9,4,5,16,36,16,0,43.0,458,46,140,224,100,12,458,14,8,57.1,6,42.9,259,1549,826,19,20,2,12,7,255,28,1,0,0,15,8,0,20,16,12,0,0,0,49,10,12,45.5,11,2,18.2,0.0,0.0,18.9,2,0,0,0.7,0.7,0.06,-0.7,-0.7,6,5,83.3,0.0,1.6,0.6,0.0,0.0,0.0,0.0,2,7,28.6,34,6,14.7,28.1,6,33.3,32.2,13,0,0.0,0,15.0,359,464,77.4,7376,2405,113,141,80.1,175,201,87.1,58,88,65.9,0,0.4,0.8,6,21,4,2,32,464,415,44,13,0,13,22,21,2,1,1,0,359,5,7,16,9,2,1,2,2,0,0,0,0,0,0,0,0,13,9,7,6,0,6,14,42.9,8,11,6,5,15,28,13,0,57.0,567,56,175,279,116,16,567,18,7,38.9,10,55.6,345,1747,879,16,11,1,13,10,355,31,3,0,0,8,15,5,22,15,9,0,0,0,47,12,10,54.5
2022-07-24,19:00,Liga MX,Apertura 2022 Regular Season,Sun,Away,D,0,0,UNAM,Pachuca,0.9,1.2,37,8305.0,Nicolás Freire,4-2-3-1,Brian Gonzalez,8,3,37.5,0.0,0.0,23.2,2,0,0,0.9,0.9,0.11,-0.9,-0.9,4,4,100.0,1.0,1.0,1.0,0.0,0.0,0.0,0.0,12,30,40.0,17,0,94.1,59.8,16,87.5,57.8,25,0,0.0,0,,169,274,61.7,3531,2034,69,92,75.0,63,83,75.9,33,83,39.8,0,0.2,0.2,4,11,3,1,16,274,217,56,16,0,4,12,19,4,1,3,0,169,1,9,14,7,1,0,0,4,2,0,0,0,0,0,0,0,20,13,8,10,2,13,22,59.1,9,19,6,13,10,30,20,0,37.0,391,70,156,169,74,7,391,18,8,44.4,10,55.6,157,804,379,10,13,1,17,8,168,15,3,1,0,10,11,1,12,10,13,0,0,0,56,18,18,50.0,19,4,21.1,0.0,0.0,18.7,0,0,0,1.2,1.2,0.06,-1.2,-1.2,3,3,100.0,1.0,0.5,0.5,0.0,0.0,0.0,0.0,0,6,0.0,15,3,26.7,31.9,6,33.3,40.5,11,0,0.0,0,9.5,359,472,76.1,6291,2503,155,177,87.6,138,171,80.7,41,73,56.2,0,1.0,1.3,17,40,7,4,47,472,419,48,10,1,7,30,18,13,6,1,0,359,5,14,27,20,5,1,0,0,1,0,0,0,0,0,0,0,18,12,10,5,3,10,18,55.6,8,10,1,9,6,24,14,0,63.0,586,34,126,293,171,30,586,22,9,40.9,13,59.1,326,1941,1164,36,14,7,20,7,357,47,2,1,0,13,10,5,30,6,12,0,0,0,67,18,18,50.0
2022-07-27,21:05,Liga MX,Apertura 2022 Regular Season,Wed,Home,D,1,1,UNAM,Mazatlán,1.2,0.5,60,35423.0,Nicolás Freire,4-3-3,Luis Santander,20,8,40.0,0.05,0.13,19.9,2,0,0,1.2,1.2,0.06,-0.2,-0.2,1,0,0.0,0.0,0.6,-0.4,0.0,0.0,0.0,0.0,0,1,0.0,15,1,6.7,27.5,10,0.0,21.7,11,0,0.0,3,22.5,394,478,82.4,7460,2759,172,188,91.5,154,180,85.6,59,89,66.3,1,0.7,0.6,13,45,8,3,49,478,425,51,11,0,14,28,21,7,1,5,0,394,2,7,36,25,4,2,2,3,0,2,0,1,0,1,0,0,12,6,3,6,3,9,15,60.0,6,7,3,4,3,15,13,0,60.0,573,37,122,310,147,19,573,24,13,54.2,11,45.8,304,1664,938,15,8,4,13,10,392,48,2,0,0,16,10,2,28,3,6,0,0,0,41,9,16,36.0,7,1,14.3,0.14,1.0,23.1,1,0,0,0.5,0.5,0.08,0.5,0.5,8,7,87.5,0.0,0.8,-0.2,0.0,0.0,0.0,0.0,10,18,55.6,24,6,41.7,36.9,13,61.5,50.0,24,1,4.2,0,10.5,252,322,78.3,4628,2139,108,120,90.0,97,112,86.6,31,64,48.4,1,0.5,0.4,5,11,3,2,15,322,269,52,15,0,3,14,19,3,1,2,0,252,1,6,13,9,1,1,0,2,0,2,1,1,0,0,0,0,21,8,9,9,3,11,24,45.8,13,7,2,5,9,30,36,0,40.0,445,79,183,189,76,5,445,15,6,40.0,9,60.0,201,1019,521,9,7,0,14,3,251,15,1,0,0,12,15,1,14,9,8,0,0,0,35,16,9,64.0
2022-07-31,12:00,Liga MX,Apertura 2022 Regular Season,Sun,Home,D,1,1,UNAM,Monterrey,0.6,0.4,57,26590.0,Nicolás Freire,4-1-4-1,Diego Montaño,15,7,46.7,0.07,0.14,22.0,1,0,0,0.6,0.6,0.04,0.4,0.4,2,2,50.0,0.0,1.1,1.1,0.0,0.0,0.0,0.0,2,2,100.0,20,7,10.0,23.2,5,0.0,28.4,11,1,9.1,2,14.2,423,522,81.0,7671,3023,196,218,89.9,168,191,88.0,47,81,58.0,1,0.4,0.4,11,41,4,1,52,522,479,42,12,0,7,29,18,6,2,3,1,423,1,12,28,14,6,2,0,3,3,2,2,0,0,0,0,0,15,9,5,7,3,6,11,54.5,5,11,2,9,9,24,12,0,57.0,627,40,148,348,135,20,627,24,11,45.8,10,41.7,322,1840,897,23,15,5,12,6,420,52,1,0,0,10,10,1,29,9,9,0,0,1,54,14,17,45.2,7,2,28.6,0.0,0.0,18.6,0,0,0,0.4,0.4,0.05,-0.4,-0.4,7,6,85.7,0.0,1.1,0.1,0.0,0.0,0.0,0.0,10,15,66.7,38,6,21.1,30.1,14,50.0,42.6,21,1,4.8,0,9.0,305,393,77.6,5965,2578,124,145,85.5,134,155,86.5,38,65,58.5,0,0.4,0.6,6,17,7,4,27,393,341,50,11,0,6,14,22,1,0,0,0,305,2,10,14,13,1,0,0,0,0,0,0,0,0,0,0,0,16,10,8,8,0,10,21,47.6,11,10,1,9,12,28,29,0,43.0,496,85,212,203,83,12,496,12,5,41.7,6,50.0,301,1475,787,14,7,1,16,9,299,27,6,0,0,11,10,2,14,12,10,0,0,0,38,17,14,54.8
2022-08-13,19:05,Liga MX,Apertura 2022 Regular Season,Sat,Home,L,0,3,UNAM,América,0.5,2.6,47,45893.0,Nicolás Freire,4-4-2,Adonai Escobedo,10,2,20.0,0.0,0.0,21.7,0,0,0,0.5,0.5,0.05,-0.5,-0.5,9,6,66.7,0.0,2.7,-0.3,0.0,0.0,0.0,0.0,3,9,33.3,25,9,20.0,29.9,10,40.0,37.2,13,0,0.0,0,,307,399,76.9,6203,2396,96,109,88.1,152,179,84.9,55,94,58.5,0,0.4,0.5,9,20,6,1,28,399,350,49,7,0,6,13,24,4,2,2,0,307,0,12,19,15,2,2,0,0,0,0,0,0,0,0,0,0,20,15,10,9,1,12,21,57.1,9,12,4,8,9,29,17,0,47.0,516,54,180,263,85,13,516,20,11,55.0,9,45.0,293,1649,945,15,11,4,20,12,303,28,2,0,0,11,6,0,13,9,15,0,0,0,43,13,15,46.4,19,9,47.4,0.16,0.33,19.2,0,0,0,2.6,2.6,0.15,0.4,0.4,2,2,100.0,1.0,0.2,0.2,0.0,0.0,0.0,0.0,7,16,43.8,21,2,47.6,40.0,12,50.0,44.3,7,0,0.0,1,14.5,364,450,80.9,6755,2969,163,183,89.1,125,144,86.8,58,91,63.7,1,2.0,0.9,15,32,8,3,47,450,392,57,11,2,8,14,28,5,3,1,1,364,1,8,35,25,4,3,2,0,1,4,1,0,2,1,0,0,21,15,5,12,4,9,20,45.0,11,14,3,11,12,33,10,0,53.0,565,50,138,305,130,26,565,24,9,37.5,12,50.0,281,1432,677,14,15,9,21,8,363,47,0,0,0,6,11,1,14,12,15,0,0,0,53,15,13,53.6
2022-08-18,21:05,Liga MX,Apertura 2022 Regular Season,Thu,Away,L,2,3,UNAM,Atlético,2.2,2.0,52,18148.0,Nicolás Freire,4-3-3,Óscar Macias,16,6,37.5,0.06,0.17,16.6,0,1,1,2.2,1.5,0.1,-0.2,-0.5,5,2,60.0,0.0,2.2,-0.8,1.0,1.0,0.0,0.0,6,14,42.9,25,6,32.0,34.0,10,60.0,45.3,9,0,0.0,1,20.0,258,374,69.0,5527,2756,71,103,68.9,142,172,82.6,43,82,52.4,1,1.4,1.1,13,23,5,1,33,374,310,61,11,1,2,21,27,9,1,8,0,258,3,7,25,15,5,0,4,1,0,2,0,0,0,2,0,0,17,12,9,7,1,12,22,54.5,10,10,3,7,8,25,9,0,52.0,471,45,170,198,110,30,470,11,3,27.3,7,63.6,160,1011,533,19,10,7,20,1,256,33,3,0,0,18,10,3,21,8,12,0,1,0,34,16,8,66.7,10,4,40.0,0.2,0.5,24.3,2,1,1,2.0,1.3,0.13,1.0,0.7,7,5,85.7,0.0,2.1,0.1,1.0,1.0,0.0,0.0,5,15,33.3,24,7,50.0,40.2,5,60.0,46.0,18,1,5.6,0,11.5,252,349,72.2,5426,2407,88,107,82.2,110,131,84.0,52,98,53.1,2,1.2,1.0,8,31,5,1,29,349,301,47,17,2,6,13,19,3,1,2,0,252,1,8,20,15,0,1,0,3,1,6,5,0,0,0,1,0,8,6,2,6,0,7,10,70.0,3,9,4,5,10,18,18,0,48.0,461,59,155,218,97,14,460,24,10,41.7,12,50.0,194,1242,688,18,10,5,13,5,247,29,3,0,0,12,18,1,13,10,6,1,1,0,52,8,16,33.3
2022-08-21,12:00,Liga MX,Apertura 2022 Regular Season,Sun,Home,L,1,5,UNAM,Santos,1.3,3.0,56,12530.0,Nicolás Freire,4-3-3,Marco Ortíz,19,5,26.3,0.05,0.2,14.7,0,0,0,1.3,1.3,0.07,-0.3,-0.3,10,5,60.0,0.0,4.5,-0.5,1.0,1.0,0.0,0.0,6,11,54.5,17,4,29.4,32.5,8,75.0,53.5,8,0,0.0,0,22.0,389,473,82.2,7936,3024,138,155,89.0,185,213,86.9,62,88,70.5,1,1.0,1.3,14,50,10,4,46,473,416,57,14,3,5,31,21,8,3,4,0,389,0,7,33,18,7,1,5,1,1,2,0,1,0,1,0,0,19,11,8,8,3,6,17,35.3,11,13,3,10,13,32,9,0,56.0,593,38,124,325,150,24,593,21,12,57.1,6,28.6,334,2002,903,17,14,5,19,12,381,45,0,0,0,13,10,0,31,13,11,0,1,0,50,16,11,59.3,15,9,60.0,0.27,0.44,17.4,1,1,1,3.0,2.2,0.15,2.0,1.8,5,4,80.0,0.0,0.5,-0.5,0.0,0.0,0.0,0.0,10,12,83.3,12,5,50.0,41.8,17,35.3,35.0,24,3,12.5,0,8.3,284,367,77.4,5358,2643,141,160,88.1,92,110,83.6,42,65,64.6,3,1.3,1.2,10,27,6,2,30,367,314,50,10,2,4,10,17,4,2,2,0,284,3,12,29,22,0,2,2,3,0,9,6,0,1,1,1,0,18,12,8,9,1,6,18,33.3,12,8,3,5,8,26,29,0,44.0,481,67,191,216,82,19,480,20,11,55.0,6,30.0,310,1509,716,17,8,5,12,13,283,30,0,0,0,11,13,3,10,8,12,1,0,0,51,11,16,40.7
2022-08-24,21:05,Liga MX,Apertura 2022 Regular Season,Wed,Home,D,1,1,UNAM,UANL,0.3,0.8,32,13463.0,Nicolás Freire,5-3-2,Oscar Mejia,7,3,42.9,0.14,0.33,23.4,0,0,0,0.3,0.3,0.05,0.7,0.7,3,2,66.7,0.0,1.1,0.1,0.0,0.0,0.0,0.0,9,20,45.0,14,5,42.9,35.4,14,100.0,67.4,27,2,7.4,3,11.9,189,269,70.3,3561,1857,87,105,82.9,71,90,78.9,26,59,44.1,1,0.3,0.4,7,13,7,0,25,269,228,40,8,2,3,4,16,0,0,0,0,189,1,5,14,11,0,3,0,0,0,2,2,0,0,0,0,0,23,18,12,11,0,16,28,57.1,12,7,2,5,8,31,29,0,32.0,377,59,137,184,60,6,377,10,7,70.0,2,20.0,152,897,500,8,12,0,15,14,186,25,4,0,0,20,6,1,4,8,18,0,0,0,41,11,9,55.0,12,3,25.0,0.08,0.33,19.1,1,0,0,0.8,0.8,0.07,0.2,0.2,3,2,66.7,0.0,0.9,-0.1,0.0,0.0,0.0,0.0,7,15,46.7,38,5,36.8,34.6,6,16.7,26.0,3,1,33.3,3,25.7,464,561,82.7,8678,3245,193,212,91.0,206,231,89.2,57,95,60.0,1,0.6,0.6,8,45,9,6,55,561,500,60,20,0,0,33,22,10,2,4,0,464,1,5,23,18,2,1,0,2,0,2,2,0,0,0,0,0,16,10,6,8,2,2,9,22.2,7,5,1,4,8,24,12,0,68.0,660,43,133,365,163,23,660,32,12,37.5,16,50.0,334,2139,971,24,15,5,16,7,461,55,1,0,0,7,20,1,33,8,10,0,0,0,48,9,11,45.0
2022-08-27,21:05,Liga MX,Apertura 2022 Regular Season,Sat,Away,L,1,3,UNAM,Guadalajara,0.8,1.3,50,35828.0,Nicolás Freire,5-4-1,Diego Montaño,13,4,30.8,0.08,0.25,23.5,2,0,0,0.8,0.8,0.06,0.2,0.2,6,4,50.0,0.0,2.1,0.1,0.0,0.0,0.0,0.0,5,11,45.5,15,5,33.3,32.5,7,85.7,61.9,6,0,0.0,0,3.0,353,469,75.3,6922,2686,139,160,86.9,164,206,79.6,47,86,54.7,1,0.5,0.7,7,28,6,1,43,469,418,51,15,2,6,15,25,0,0,0,0,353,0,6,20,11,2,2,2,3,0,2,2,0,0,0,0,0,21,10,7,12,2,10,22,45.5,12,9,2,7,14,35,4,0,50.0,591,35,134,355,106,26,591,21,5,23.8,14,66.7,317,1642,827,15,12,7,14,11,350,43,2,0,0,9,13,0,15,14,10,0,0,1,62,20,15,57.1,12,6,50.0,0.17,0.33,20.2,1,0,0,1.3,1.3,0.11,0.7,0.7,4,3,75.0,0.0,0.6,-0.4,0.0,0.0,0.0,0.0,5,21,23.8,25,6,60.0,46.3,8,75.0,65.3,10,0,0.0,0,12.0,364,464,78.4,6777,2467,153,178,86.0,155,170,91.2,44,82,53.7,1,0.9,0.8,7,29,5,1,35,464,426,35,8,1,8,9,12,5,4,0,0,364,3,8,20,12,1,3,2,2,0,4,1,1,0,0,2,0,25,13,13,12,0,14,19,73.7,5,8,3,5,6,31,18,0,50.0,604,64,190,323,94,18,604,25,12,48.0,10,40.0,302,1529,753,13,6,6,18,11,362,34,2,0,0,14,9,3,9,6,13,0,0,0,65,15,20,42.9
2022-09-03,19:05,Liga MX,Apertura 2022 Regular Season,Sat,Away,D,0,0,UNAM,Atlas,0.8,0.4,44,19040.0,Nicolás Freire,4-4-2,Luis Santander,17,4,23.5,0.0,0.0,20.6,0,0,0,0.8,0.8,0.05,-0.8,-0.8,0,0,,1.0,0.0,0.0,0.0,0.0,0.0,0.0,6,15,40.0,22,4,50.0,36.0,6,66.7,52.3,13,1,7.7,1,17.0,295,408,72.3,5693,2382,111,129,86.0,135,172,78.5,40,86,46.5,0,0.7,1.0,14,23,13,5,29,408,363,41,15,1,1,24,13,6,1,4,0,295,4,4,30,21,4,1,0,2,2,0,0,0,0,0,0,0,22,13,12,10,0,12,24,50.0,12,9,1,8,12,34,21,0,44.0,528,45,163,283,93,30,528,26,14,53.8,11,42.3,242,1606,945,19,14,5,20,2,290,28,2,0,0,15,10,4,24,12,13,0,0,0,63,23,19,54.8,5,0,0.0,0.0,,14.9,0,0,0,0.4,0.4,0.08,-0.4,-0.4,4,4,100.0,1.0,0.9,0.9,0.0,0.0,0.0,0.0,7,17,41.2,38,3,34.2,32.4,10,40.0,44.1,22,0,0.0,0,11.0,413,525,78.7,8538,3348,146,169,86.4,200,227,88.1,61,107,57.0,0,0.4,0.7,5,36,6,2,39,525,474,47,19,0,10,17,15,2,1,1,0,413,4,10,10,6,2,1,0,1,0,0,0,0,0,0,0,0,13,8,3,9,1,11,25,44.0,14,6,3,3,14,27,19,0,56.0,633,71,216,314,107,12,633,27,12,44.4,12,44.4,305,1373,751,13,7,3,22,10,410,39,1,0,0,11,15,4,17,14,8,0,0,0,56,19,23,45.2
2022-09-07,21:05,Liga MX,Apertura 2022 Regular Season,Wed,Home,W,4,1,UNAM,Querétaro,2.2,0.5,51,7990.0,Nicolás Freire,4-4-2,César Arturo Ramos,18,6,33.3,0.22,0.67,14.6,0,0,0,2.2,2.2,0.12,1.8,1.8,3,2,66.7,0.0,1.0,0.0,0.0,0.0,0.0,0.0,5,10,50.0,18,2,33.3,34.3,10,40.0,37.0,13,1,7.7,0,11.8,326,414,78.7,6118,2711,139,163,85.3,136,164,82.9,43,72,59.7,4,2.1,1.3,16,28,11,5,34,414,370,44,14,0,4,12,14,4,4,0,0,326,0,2,30,21,2,3,3,1,0,8,5,0,2,0,1,0,14,7,7,7,0,11,16,68.8,5,7,2,5,8,22,16,0,51.0,504,40,138,260,111,27,504,21,11,52.4,5,23.8,282,1674,931,21,13,7,15,11,324,33,1,0,0,18,12,0,12,8,7,0,0,0,50,13,10,56.5,9,3,33.3,0.11,0.33,20.3,1,0,0,0.5,0.5,0.05,0.5,0.5,6,2,33.3,0.0,2.6,-1.4,0.0,0.0,0.0,0.0,5,21,23.8,28,7,46.4,38.9,12,66.7,52.8,12,3,25.0,0,8.3,305,404,75.5,6198,2150,124,136,91.2,132,164,80.5,47,90,52.2,1,0.4,0.5,6,28,5,2,30,404,344,58,17,0,11,15,20,4,0,2,0,305,2,6,17,13,0,0,2,2,0,2,2,0,0,0,0,0,16,13,8,7,1,5,16,31.3,11,6,4,2,10,26,12,0,49.0,501,66,150,269,92,12,501,18,5,27.8,11,61.1,300,1693,835,12,10,5,20,3,299,27,1,0,0,12,17,2,15,10,13,0,0,0,43,10,13,43.5
2022-09-10,21:05,Liga MX,Apertura 2022 Regular Season,Sat,Away,D,2,2,UNAM,Toluca,1.5,1.2,39,27273.0,Nicolás Freire,4-1-4-1,Fernando Hernández,19,8,42.1,0.11,0.25,22.6,0,0,0,1.5,1.5,0.08,0.5,0.5,5,3,60.0,0.0,1.1,-0.9,0.0,0.0,0.0,0.0,10,17,58.8,27,8,40.7,36.0,9,66.7,49.4,9,2,22.2,1,8.7,248,332,74.7,4960,2516,113,134,84.3,86,107,80.4,45,76,59.2,2,1.3,1.3,13,22,3,1,23,332,283,49,12,1,4,14,18,7,2,4,1,248,0,8,33,21,5,4,3,0,0,4,2,1,0,1,0,0,17,14,10,5,2,9,13,69.2,4,7,2,5,11,28,7,1,39.0,433,55,145,183,113,20,433,19,8,42.1,10,52.6,177,1217,692,19,12,5,16,4,245,23,4,0,0,14,4,0,14,11,14,0,0,0,43,7,18,28.0,13,5,38.5,0.15,0.4,18.9,1,0,0,1.2,1.2,0.09,0.8,0.8,8,6,75.0,0.0,1.9,-0.1,0.0,0.0,0.0,0.0,1,9,11.1,21,5,38.1,39.8,5,20.0,26.8,12,0,0.0,0,4.0,440,524,84.0,8598,3055,169,183,92.3,207,228,90.8,58,90,64.4,1,0.8,0.8,10,45,4,1,37,524,482,34,12,2,10,12,11,3,1,2,0,440,8,6,24,18,2,0,1,3,0,4,3,0,0,0,1,0,14,9,6,6,2,10,18,55.6,8,13,6,7,9,23,18,0,61.0,631,59,208,315,113,20,631,18,4,22.2,9,50.0,284,1434,652,11,6,6,14,8,435,36,2,0,0,4,14,8,12,9,9,0,0,0,55,18,7,72.0
2022-09-18,17:00,Liga MX,Apertura 2022 Regular Season,Sun,Home,L,1,2,UNAM,Cruz Azul,2.0,1.6,54,13463.0,Nicolás Freire,4-1-4-1,Fernando Guerrero,22,11,50.0,0.05,0.09,16.7,0,0,0,2.0,2.0,0.09,-1.0,-1.0,5,3,60.0,0.0,2.0,0.0,0.0,0.0,0.0,0.0,1,6,16.7,26,10,19.2,31.9,5,20.0,34.2,12,0,0.0,4,20.3,396,481,82.3,7300,2823,165,179,92.2,179,200,89.5,46,81,56.8,0,1.4,1.8,17,35,8,2,48,481,423,56,7,2,5,21,34,7,3,4,0,396,2,7,34,26,4,2,2,0,0,1,0,0,0,1,0,0,14,8,2,8,4,8,17,47.1,9,8,2,6,9,23,11,0,54.0,602,45,128,316,165,25,602,30,14,46.7,14,46.7,337,2397,1374,25,20,5,19,8,394,48,1,0,0,8,4,2,21,9,8,0,0,0,54,10,15,40.0,11,5,45.5,0.18,0.4,17.0,0,0,0,1.6,1.6,0.16,0.4,0.4,11,10,90.9,0.0,3.3,2.3,0.0,0.0,0.0,0.0,3,11,27.3,18,6,33.3,33.8,13,38.5,31.5,13,0,0.0,0,9.6,308,403,76.4,5463,2518,147,167,88.0,126,154,81.8,30,67,44.8,1,0.8,0.4,9,20,5,3,31,403,353,47,11,3,2,16,16,5,2,3,0,308,3,8,19,13,2,1,1,0,2,3,2,0,0,1,0,0,22,15,17,5,0,14,28,50.0,14,11,4,7,12,34,19,1,46.0,535,75,227,238,75,14,535,20,9,45.0,8,40.0,338,1735,949,20,9,0,19,6,302,28,2,0,0,4,7,3,16,12,15,0,0,0,63,15,10,60.0
2022-09-23,21:05,Liga MX,Apertura 2022 Regular Season,Fri,Away,L,1,2,UNAM,Puebla,1.3,0.7,58,27214.0,Nicolás Freire,4-1-4-1,Adonai Escobedo,21,4,19.0,0.05,0.25,21.7,1,0,0,1.3,1.3,0.07,-0.3,-0.3,2,1,0.0,0.0,1.0,0.0,0.0,0.0,0.0,0.0,1,3,33.3,23,6,13.0,27.0,5,0.0,18.2,7,0,0.0,2,21.0,388,482,80.5,7292,2920,147,169,87.0,192,220,87.3,46,76,60.5,1,1.3,0.7,18,32,3,2,46,482,428,54,18,0,5,15,24,4,2,1,0,388,0,8,39,27,2,4,3,2,1,2,1,0,0,1,0,0,22,8,10,9,3,12,20,60.0,8,7,1,6,12,34,8,0,58.0,595,40,147,339,118,20,595,35,22,62.9,11,31.4,251,1665,979,23,17,6,18,15,383,46,3,0,0,22,15,0,15,12,8,0,0,1,58,9,12,42.9,7,2,28.6,0.14,0.5,19.0,1,0,0,0.7,0.7,0.1,0.3,0.3,4,3,75.0,0.0,0.9,-0.1,0.0,0.0,0.0,0.0,9,19,47.4,18,1,55.6,39.1,14,64.3,47.6,14,0,0.0,0,4.0,240,345,69.6,4770,2345,110,132,83.3,90,116,77.6,39,80,48.8,1,0.6,0.6,5,21,5,0,35,345,285,57,21,0,2,12,16,4,3,0,0,240,3,7,13,11,0,1,0,1,0,2,2,0,0,0,0,0,26,17,10,13,3,11,33,33.3,22,12,4,8,16,42,18,0,42.0,465,60,176,219,79,13,465,21,8,38.1,12,57.1,202,1142,496,14,10,2,10,10,239,35,3,0,0,16,20,3,12,16,17,0,0,0,66,12,9,57.1
2022-09-30,20:00,Liga MX,Apertura 2022 Regular Season,Fri,Away,L,1,3,UNAM,FC Juárez,1.8,1.2,56,16024.0,Efraín Velarde,4-4-2,Daniel Quintero,26,8,30.8,0.04,0.13,16.8,1,0,0,1.8,1.8,0.07,-0.8,-0.8,5,2,40.0,0.0,2.1,-0.9,0.0,0.0,0.0,0.0,5,8,62.5,13,3,46.2,37.9,5,40.0,34.2,6,1,16.7,0,9.3,307,381,80.6,6768,2631,86,99,86.9,155,176,88.1,65,98,66.3,0,0.9,1.0,15,41,9,5,39,381,337,44,10,1,3,24,19,6,4,2,0,307,0,3,39,28,4,1,4,2,0,1,0,0,0,1,0,0,18,11,8,9,1,3,13,23.1,10,9,2,7,4,22,7,1,56.0,484,34,112,243,134,32,484,19,6,31.6,9,47.4,221,1522,822,23,15,5,13,14,300,38,7,1,1,17,10,0,24,4,11,0,0,0,51,16,8,66.7,10,5,50.0,0.3,0.6,18.9,2,0,0,1.2,1.2,0.12,1.8,1.8,8,7,87.5,0.0,2.6,1.6,0.0,0.0,0.0,0.0,9,20,45.0,21,4,61.9,43.2,13,84.6,61.2,19,1,5.3,0,12.0,229,304,75.3,4905,2184,77,89,86.5,106,123,86.2,39,75,52.0,3,1.0,0.7,6,18,5,1,28,304,256,47,15,2,6,7,16,1,0,1,0,229,1,7,17,12,1,1,1,2,0,5,3,1,1,0,0,0,23,13,14,9,0,9,15,60.0,6,11,8,3,12,35,18,0,44.0,420,61,150,193,87,11,420,17,10,58.8,3,17.6,199,1248,594,12,11,4,16,15,228,28,3,0,0,10,17,1,7,12,13,0,0,0,43,8,16,33.3
2023-01-08,12:00,Liga MX,Clausura 2023 Regular Season,Sun,Home,W,2,1,UNAM,FC Juárez,2.4,1.1,68,15886.0,Juan Ignacio Dinenno,4-2-3-1,Óscar Macias,19,4,21.1,0.05,0.25,20.4,0,1,1,2.4,1.6,0.08,-0.4,-0.6,3,2,66.7,0.0,0.9,-0.1,0.0,0.0,0.0,0.0,1,7,14.3,21,8,23.8,27.9,6,33.3,31.2,9,3,33.3,0,10.2,467,550,84.9,8779,2638,182,197,92.4,234,254,92.1,48,88,54.5,1,1.2,0.8,16,49,9,1,60,550,507,42,7,2,9,17,22,5,1,3,0,467,1,3,37,31,3,1,0,2,0,4,3,0,0,0,1,0,19,11,6,9,4,10,18,55.6,8,3,0,3,8,27,4,0,68.0,651,36,127,375,154,26,650,21,6,28.6,11,52.4,496,2293,1316,27,19,4,15,5,461,60,0,0,0,10,6,1,17,8,11,1,0,0,50,7,16,30.4,6,3,50.0,0.17,0.33,10.8,0,0,0,1.1,1.1,0.19,-0.1,-0.1,5,3,80.0,0.0,1.9,-0.1,1.0,1.0,0.0,0.0,8,21,38.1,18,10,44.4,38.7,15,86.7,67.9,15,2,13.3,0,7.0,189,262,72.1,3882,1907,71,86,82.6,82,104,78.8,32,63,50.8,1,1.1,0.9,6,13,4,1,27,262,206,55,10,0,4,10,25,2,0,2,0,189,1,3,11,6,4,0,0,1,0,2,2,0,0,0,0,0,16,6,7,9,0,11,17,64.7,6,7,4,3,11,27,25,0,32.0,376,55,135,183,64,14,376,20,8,40.0,10,50.0,162,1027,460,7,7,2,22,9,187,27,3,1,1,7,10,1,10,11,6,0,1,0,34,16,7,69.6
2023-01-14,21:05,Liga MX,Clausura 2023 Regular Season,Sat,Away,L,0,3,UNAM,Santos,1.7,3.3,61,16144.0,Nicolás Freire,4-2-3-1,Luis Santander,23,8,34.8,0.0,0.0,21.7,2,0,0,1.7,1.7,0.08,-1.7,-1.7,19,16,89.5,0.0,5.8,2.8,1.0,1.0,0.0,0.0,4,10,40.0,19,6,36.8,33.3,5,60.0,44.4,15,2,13.3,0,7.0,373,470,79.4,7302,2755,146,170,85.9,180,216,83.3,47,71,66.2,0,1.0,1.0,15,40,8,5,47,470,421,48,8,0,7,26,21,10,3,6,0,373,1,11,39,30,3,0,3,3,0,0,0,0,0,0,0,0,18,8,6,11,1,16,26,61.5,10,15,6,9,7,25,21,0,61.0,615,67,177,283,166,22,615,14,5,35.7,7,50.0,300,1710,903,17,14,2,14,8,371,47,1,0,0,9,6,1,26,7,8,0,1,0,45,18,14,56.3,26,18,69.2,0.08,0.11,15.8,1,1,1,3.3,2.6,0.11,-0.3,-0.6,8,8,100.0,1.0,1.6,1.6,0.0,0.0,0.0,0.0,7,24,29.2,20,4,50.0,40.7,15,93.3,63.1,22,2,9.1,1,10.2,210,305,68.9,4426,2072,85,96,88.5,84,104,80.8,40,85,47.1,0,1.0,0.8,15,21,13,3,35,305,255,46,7,1,4,20,16,7,2,4,1,210,4,11,42,25,2,3,10,2,0,4,0,0,0,3,1,0,15,5,6,9,0,7,12,58.3,5,13,3,10,4,19,31,0,39.0,471,77,173,163,141,41,470,29,10,34.5,16,55.2,173,944,552,17,15,6,14,2,210,35,1,0,0,6,7,4,20,4,5,1,0,0,48,14,18,43.8
2023-01-22,12:00,Liga MX,Clausura 2023 Regular Season,Sun,Home,W,4,1,UNAM,León,1.8,1.5,48,17621.0,Nicolás Freire,4-2-3-1,Edgar Morales,9,5,55.6,0.44,0.8,19.3,0,0,0,1.8,1.8,0.23,2.2,2.2,2,1,50.0,0.0,1.1,0.1,0.0,0.0,0.0,0.0,7,13,53.8,14,2,35.7,34.1,13,76.9,59.0,18,1,5.6,0,9.0,293,391,74.9,5863,2331,118,142,83.1,136,163,83.4,37,68,54.4,3,0.7,0.4,6,19,4,2,23,391,336,55,10,4,8,10,28,2,1,0,0,293,0,9,16,11,0,3,1,0,1,6,4,0,1,1,0,0,23,13,11,11,1,8,13,61.5,5,10,2,8,14,37,28,0,48.0,536,52,179,269,94,12,536,35,10,28.6,21,60.0,287,1662,853,19,18,4,18,15,290,23,3,0,0,18,11,0,10,14,13,0,0,0,58,12,14,46.2,12,2,16.7,0.08,0.5,17.9,2,0,0,1.5,1.5,0.13,-0.5,-0.5,5,1,20.0,0.0,2.1,-1.9,0.0,0.0,0.0,0.0,3,6,50.0,13,5,30.8,32.9,7,28.6,31.1,6,1,16.7,3,21.2,301,422,71.3,5448,2106,129,146,88.4,118,155,76.1,37,79,46.8,1,1.3,1.6,8,30,5,0,38,422,348,74,16,1,7,28,40,6,3,3,0,301,0,13,22,12,4,0,1,5,0,2,2,0,0,0,0,0,36,19,15,16,5,21,31,67.7,10,7,0,7,12,48,14,0,52.0,549,25,107,289,157,26,549,19,5,26.3,8,42.1,303,1336,664,12,9,5,25,15,298,37,2,0,0,11,17,0,28,12,19,0,0,0,56,14,12,53.8
2023-01-27,19:05,Liga MX,Clausura 2023 Regular Season,Fri,Away,D,0,0,UNAM,Tijuana,0.1,1.3,34,24333.0,Juan Ignacio Dinenno,4-2-3-1,Ismael Lopez,4,2,50.0,0.0,0.0,19.0,0,0,0,0.1,0.1,0.03,-0.1,-0.1,6,6,100.0,1.0,1.1,1.1,0.0,0.0,0.0,0.0,7,21,33.3,24,2,66.7,47.0,10,80.0,51.2,33,2,6.1,0,6.0,179,314,57.0,3745,1774,64,91,70.3,77,117,65.8,33,88,37.5,0,0.1,0.2,3,15,0,0,21,314,266,48,17,1,2,10,17,3,0,3,0,179,0,6,8,3,2,1,1,1,0,0,0,0,0,0,0,0,24,13,12,9,3,14,26,53.8,12,16,7,9,14,38,40,0,34.0,480,81,207,215,64,5,480,24,4,16.7,18,75.0,171,1022,512,10,7,3,22,14,177,20,3,1,0,13,15,0,10,14,13,0,0,0,71,19,21,47.5,22,6,27.3,0.0,0.0,18.0,0,0,0,1.3,1.3,0.06,-1.3,-1.3,2,2,100.0,1.0,0.2,0.2,0.0,0.0,0.0,0.0,1,1,100.0,11,1,9.1,23.5,1,0.0,13.0,8,1,12.5,1,14.3,469,614,76.4,8896,3427,192,228,84.2,208,253,82.2,60,101,59.4,0,1.0,1.3,17,51,13,3,74,614,554,59,14,0,8,44,32,12,5,5,0,469,1,15,38,27,4,1,5,1,0,0,0,0,0,0,0,0,32,14,8,22,2,18,22,81.8,4,8,1,7,18,50,9,0,66.0,778,27,151,407,229,33,778,30,12,40.0,14,46.7,406,2370,1178,31,20,7,23,10,467,74,2,0,0,16,12,1,44,18,14,0,0,0,86,21,19,52.5
2023-02-05,12:00,Liga MX,Clausura 2023 Regular Season,Sun,Home,D,2,2,UNAM,Atlas,2.4,1.1,39,15515.0,Nicolás Freire,4-4-2,Daniel Quintero,12,4,33.3,0.17,0.5,18.8,0,0,1,2.4,1.6,0.14,-0.4,0.4,2,0,0.0,0.0,1.1,-0.9,0.0,0.0,0.0,0.0,6,18,33.3,17,5,41.2,39.6,12,91.7,62.2,19,1,5.3,0,4.0,233,323,72.1,4719,2347,94,118,79.7,100,126,79.4,36,71,50.7,2,1.7,0.9,12,13,0,0,14,323,273,49,12,4,3,9,18,4,2,2,0,233,1,4,22,14,5,0,2,1,0,2,0,1,0,1,0,0,22,10,7,14,1,10,16,62.5,6,11,4,7,11,33,28,0,39.0,452,54,152,239,65,16,451,16,5,31.3,8,50.0,227,1378,660,14,11,2,16,10,225,13,4,1,1,8,9,1,9,11,10,1,0,0,54,27,12,69.2,11,2,18.2,0.18,1.0,21.6,1,0,0,1.1,1.1,0.1,0.9,0.9,5,2,60.0,0.0,2.2,0.2,1.0,0.0,1.0,0.0,1,13,7.7,25,1,36.0,38.8,11,36.4,32.8,8,0,0.0,0,14.9,400,507,78.9,8364,3026,143,166,86.1,179,202,88.6,72,121,59.5,1,1.0,0.8,9,50,4,2,42,507,453,51,8,5,16,28,24,5,2,3,0,400,3,11,22,18,1,2,0,1,0,4,3,0,0,0,1,0,18,12,5,10,3,8,13,61.5,5,6,3,3,17,35,14,0,61.0,614,50,152,354,113,13,614,17,6,35.3,10,58.8,318,1731,747,18,6,2,14,12,392,42,4,0,0,10,8,3,28,17,12,0,1,0,56,12,27,30.8
2023-02-11,19:05,Liga MX,Clausura 2023 Regular Season,Sat,Away,L,2,4,UNAM,UANL,1.0,2.8,42,41615.0,Nicolás Freire,4-4-2,Fernando Hernández,13,7,53.8,0.15,0.29,17.7,1,0,0,1.0,1.0,0.08,1.0,1.0,5,2,40.0,0.0,2.0,-1.0,1.0,1.0,0.0,0.0,6,11,54.5,21,3,23.8,24.5,8,75.0,45.0,16,0,0.0,1,17.0,297,393,75.6,5684,2240,120,140,85.7,136,167,81.4,37,71,52.1,1,0.5,0.5,9,18,6,2,23,393,348,42,9,0,2,16,13,7,4,3,0,297,3,9,24,12,2,3,3,1,3,3,1,0,1,0,0,1,21,14,10,9,2,11,17,64.7,6,13,3,10,15,36,28,2,42.0,539,74,197,262,89,15,539,11,5,45.5,5,45.5,239,1386,678,9,6,2,28,12,291,23,3,0,0,13,8,3,16,15,14,0,1,1,68,16,8,66.7,18,4,22.2,0.11,0.5,16.6,1,1,1,2.8,2.0,0.12,0.2,0.0,7,5,71.4,0.0,1.8,-0.2,0.0,0.0,0.0,0.0,10,15,66.7,23,1,47.8,38.4,6,66.7,41.0,15,1,6.7,0,11.5,434,553,78.5,8259,3025,181,215,84.2,194,230,84.3,53,90,58.9,2,1.5,1.5,12,35,14,5,60,553,495,56,13,2,5,18,26,8,4,2,0,434,2,10,33,23,1,3,4,1,1,5,2,0,2,1,0,0,17,13,4,9,4,5,10,50.0,5,11,3,8,10,27,15,1,58.0,667,55,146,344,180,34,666,19,6,31.6,11,57.9,293,1586,690,17,9,6,12,10,430,60,3,0,0,8,11,2,18,10,13,0,0,0,64,8,16,33.3
2023-02-15,21:05,Liga MX,Clausura 2023 Regular Season,Wed,Away,L,1,3,UNAM,Necaxa,1.5,0.7,66,13581.0,Nicolás Freire,4-2-3-1,Fernando Guerrero,19,8,42.1,0.05,0.13,19.3,0,0,0,1.5,1.5,0.08,-0.5,-0.5,3,0,0.0,0.0,1.0,-2.0,0.0,0.0,0.0,0.0,3,7,42.9,27,3,22.2,27.1,5,20.0,25.8,14,0,0.0,3,29.8,404,531,76.1,8099,2790,148,171,86.5,196,235,83.4,55,97,56.7,1,1.0,0.9,13,33,4,0,43,531,461,70,14,2,3,32,34,13,2,10,0,404,0,12,34,23,5,1,3,1,1,2,1,1,0,0,0,0,16,9,9,7,0,9,13,69.2,4,13,3,10,11,27,10,0,66.0,649,48,202,299,154,25,649,28,11,39.3,14,50.0,326,2104,1052,26,14,7,14,12,398,41,2,1,0,13,11,0,32,11,9,0,0,0,58,21,17,55.3,11,3,27.3,0.27,1.0,25.3,0,0,0,0.7,0.7,0.07,2.3,2.3,8,7,87.5,0.0,1.4,0.4,0.0,0.0,0.0,0.0,3,20,15.0,23,6,47.8,44.8,9,100.0,68.9,24,1,4.2,0,9.2,162,270,60.0,3340,1546,62,80,77.5,72,96,75.0,27,76,35.5,3,0.7,0.5,8,13,4,4,14,270,222,46,13,0,4,16,20,2,0,1,0,162,2,10,16,8,3,1,1,3,0,5,2,1,1,1,0,0,26,16,13,10,3,14,25,56.0,11,12,3,9,14,40,37,0,34.0,422,82,155,184,89,16,422,16,4,25.0,9,56.3,179,1103,420,11,7,4,14,7,159,14,4,0,0,12,13,2,16,14,16,0,0,0,60,17,21,44.7
2023-02-18,21:05,Liga MX,Clausura 2023 Regular Season,Sat,Home,L,1,2,UNAM,Guadalajara,2.7,0.8,59,42823.0,Nicolás Freire,4-4-2,Marco Ortíz,25,5,20.0,0.04,0.2,19.1,0,0,0,2.7,2.7,0.11,-1.7,-1.7,3,1,33.3,0.0,1.6,-0.4,0.0,0.0,0.0,0.0,5,10,50.0,31,11,25.8,30.9,9,22.2,24.0,15,0,0.0,2,17.3,460,574,80.1,9611,3703,158,177,89.3,214,244,87.7,87,143,60.8,1,2.1,1.3,20,53,14,7,42,574,514,59,7,2,3,37,35,5,1,3,0,460,1,7,39,28,6,3,1,1,0,2,2,0,0,0,0,0,10,5,3,5,2,5,14,35.7,9,16,1,15,7,17,10,0,59.0,698,59,186,357,158,31,698,27,10,37.0,17,63.0,397,2251,1258,24,16,1,18,10,456,42,3,1,0,17,6,1,37,7,5,0,0,0,61,27,13,67.5,10,3,30.0,0.2,0.67,20.9,0,0,0,0.8,0.8,0.08,1.2,1.2,5,4,80.0,0.0,1.9,0.9,0.0,0.0,0.0,0.0,6,20,30.0,26,6,23.1,30.5,19,73.7,59.1,32,4,12.5,0,8.8,282,401,70.3,5377,2512,128,149,85.9,112,137,81.8,39,94,41.5,2,0.8,0.8,10,20,2,1,18,401,334,66,18,0,5,18,20,7,4,2,0,282,1,14,19,14,4,1,0,0,0,3,2,1,0,0,0,0,27,19,15,11,1,17,27,63.0,10,10,5,5,7,34,35,0,41.0,542,91,213,253,87,11,542,17,9,52.9,5,29.4,229,1680,822,20,14,4,25,5,279,18,4,0,0,6,16,1,18,7,19,0,0,0,64,13,27,32.5
2023-02-24,20:10,Liga MX,Clausura 2023 Regular Season,Fri,Away,W,2,1,UNAM,Mazatlán,2.0,0.9,52,9970.0,Nicolás Freire,4-4-2,Eduardo Galván,24,8,33.3,0.08,0.25,16.6,1,0,0,2.0,2.0,0.08,0.0,0.0,2,1,50.0,0.0,0.9,-0.1,0.0,0.0,0.0,0.0,2,14,14.3,28,4,35.7,31.0,5,80.0,55.2,14,1,7.1,1,15.3,420,518,81.1,7276,2679,199,220,90.5,176,205,85.9,35,66,53.0,2,2.0,1.4,22,33,9,1,42,518,469,49,16,2,6,19,18,8,1,6,0,420,0,9,43,34,2,3,2,1,1,4,3,0,1,0,0,0,18,10,9,5,4,9,15,60.0,6,13,6,7,10,28,20,0,52.0,671,53,192,333,153,31,671,24,11,45.8,10,41.7,367,2056,1186,23,18,6,21,9,417,41,1,0,0,14,12,0,19,10,10,0,0,0,64,20,26,43.5,13,2,15.4,0.08,0.5,21.4,1,0,0,0.9,0.9,0.07,0.1,0.1,8,6,75.0,0.0,2.8,0.8,0.0,0.0,0.0,0.0,6,8,75.0,17,4,29.4,33.9,8,37.5,28.0,16,1,6.3,2,15.7,380,484,78.5,7411,2884,147,171,86.0,166,192,86.5,58,90,64.4,1,0.5,0.6,6,35,5,4,37,484,424,56,13,1,8,17,26,6,3,1,0,380,4,8,22,13,3,2,2,1,1,1,1,0,0,0,0,0,19,7,6,12,1,10,21,47.6,11,18,9,9,6,25,32,0,48.0,642,75,229,295,123,16,642,18,6,33.3,9,50.0,299,1674,777,8,8,0,21,9,378,37,3,0,0,13,13,4,17,6,7,0,0,0,57,26,20,56.5
2023-03-05,12:00,Liga MX,Clausura 2023 Regular Season,Sun,Home,L,2,4,UNAM,Puebla,2.1,2.6,42,11851.0,Nicolás Freire,4-4-2,César Arturo Ramos,15,5,33.3,0.13,0.4,16.1,1,0,0,2.1,2.1,0.14,-0.1,-0.1,9,5,55.6,0.0,3.2,-0.8,0.0,0.0,0.0,0.0,7,14,50.0,31,6,35.5,33.2,9,33.3,39.6,19,2,10.5,2,18.6,318,401,79.3,6393,2864,126,137,92.0,142,168,84.5,46,84,54.8,1,1.9,1.6,12,30,5,1,33,401,349,51,16,5,4,16,16,5,3,2,0,318,1,6,28,21,6,0,0,1,0,4,4,0,0,0,0,0,23,13,8,14,1,8,17,47.1,9,7,4,3,5,28,24,1,42.0,517,67,171,261,90,15,517,24,8,33.3,14,58.3,273,1532,741,13,11,5,14,8,314,32,1,1,0,7,11,1,16,5,13,0,0,0,48,14,13,51.9,20,9,45.0,0.2,0.44,19.2,0,0,0,2.6,2.6,0.13,1.4,1.4,5,3,60.0,0.0,2.9,0.9,0.0,0.0,0.0,0.0,2,6,33.3,13,3,38.5,31.5,12,8.3,19.8,9,0,0.0,1,10.5,473,560,84.5,8827,3026,217,232,93.5,196,216,90.7,53,90,58.9,4,2.5,1.1,16,39,8,3,43,560,505,50,8,0,14,30,20,7,5,2,0,473,5,5,32,20,3,1,4,2,2,8,6,0,0,1,0,1,22,15,8,12,2,14,22,63.6,8,7,2,5,5,27,17,0,58.0,666,54,220,317,136,24,666,18,9,50.0,8,44.4,398,1715,976,24,15,5,14,15,466,41,2,0,0,12,7,5,30,5,15,0,0,0,57,13,14,48.1
2023-03-11,19:05,Liga MX,Clausura 2023 Regular Season,Sat,Away,L,0,1,UNAM,Cruz Azul,0.4,1.2,44,23499.0,Nicolás Freire,4-3-3,Daniel Quintero,7,1,14.3,0.0,0.0,19.3,1,0,0,0.4,0.4,0.05,-0.4,-0.4,3,2,66.7,0.0,0.3,-0.7,0.0,0.0,0.0,0.0,5,15,33.3,28,8,25.0,33.7,15,53.3,46.4,19,0,0.0,0,17.0,335,437,76.7,6408,2456,136,158,86.1,149,176,84.7,43,80,53.8,0,0.3,0.6,5,17,3,0,22,437,389,48,10,1,8,9,20,1,1,0,0,335,0,11,12,6,3,0,0,2,1,0,0,0,0,0,0,0,18,11,10,7,1,12,25,48.0,13,14,4,10,7,25,20,0,44.0,544,73,199,270,81,9,544,23,12,52.2,8,34.8,315,1683,854,11,11,2,19,2,334,22,4,0,0,15,8,0,9,7,11,0,0,0,46,17,18,48.6,16,3,18.8,0.06,0.33,16.5,1,0,0,1.2,1.2,0.08,-0.2,-0.2,1,1,100.0,1.0,0.0,0.0,0.0,0.0,0.0,0.0,1,9,11.1,22,4,40.9,39.5,6,0.0,21.7,6,0,0.0,0,11.0,445,547,81.4,9243,3306,143,161,88.8,235,263,89.4,66,104,63.5,1,1.1,1.5,13,35,14,6,38,547,489,57,14,3,6,21,30,6,2,3,0,445,1,13,30,20,6,0,1,2,1,2,2,0,0,0,0,0,10,6,1,8,1,8,20,40.0,12,12,2,10,9,19,11,0,56.0,655,51,218,318,121,23,655,25,13,52.0,12,48.0,376,1802,796,10,7,2,15,6,441,37,2,0,0,10,14,1,21,9,6,0,0,0,44,18,17,51.4
2023-03-19,12:00,Liga MX,Clausura 2023 Regular Season,Sun,Home,L,0,2,UNAM,Pachuca,0.6,2.7,33,12478.0,Nicolás Freire,4-2-3-1,Victor Caceres,8,2,25.0,0.0,0.0,22.7,1,0,0,0.6,0.6,0.08,-0.6,-0.6,8,6,75.0,0.0,2.4,0.4,0.0,0.0,0.0,0.0,12,32,37.5,28,2,82.1,52.3,10,90.0,69.6,15,0,0.0,3,18.5,179,301,59.5,3735,1845,73,96,76.0,69,93,74.2,33,93,35.5,0,0.2,0.6,5,15,4,0,21,301,247,54,15,0,4,7,26,0,0,0,0,179,0,7,14,10,0,1,1,1,1,0,0,0,0,0,0,0,21,12,10,10,1,14,26,53.8,12,13,4,9,12,33,13,0,33.0,412,54,133,208,84,11,412,30,11,36.7,18,60.0,163,1154,442,8,6,0,17,8,174,21,2,1,0,12,10,0,7,12,12,0,0,0,55,23,18,56.1,18,8,44.4,0.11,0.25,16.7,1,0,0,2.7,2.7,0.15,-0.7,-0.7,2,2,100.0,1.0,0.8,0.8,0.0,0.0,0.0,0.0,4,12,33.3,26,9,30.8,32.8,8,50.0,38.3,7,0,0.0,4,35.5,496,604,82.1,9028,3025,233,251,92.8,204,230,88.7,55,99,55.6,2,2.4,2.0,13,39,9,4,47,604,552,47,11,1,3,19,20,7,5,1,0,496,5,8,33,21,5,2,2,2,1,4,2,2,0,0,0,0,26,22,11,14,1,18,29,62.1,11,9,2,7,5,31,13,0,67.0,736,48,215,384,141,28,736,30,12,40.0,14,46.7,492,2485,1213,20,16,9,21,7,494,47,1,0,0,11,11,5,19,5,22,0,0,0,65,18,23,43.9
2023-04-02,20:05,Liga MX,Clausura 2023 Regular Season,Sun,Away,L,0,1,UNAM,Querétaro,1.3,1.2,48,17890.0,Nicolás Freire,4-2-3-1,Adonai Escobedo,17,6,35.3,0.0,0.0,18.8,1,0,0,1.3,1.3,0.08,-1.3,-1.3,1,0,0.0,0.0,1.0,0.0,0.0,0.0,0.0,0.0,5,19,26.3,18,4,44.4,37.1,19,57.9,45.9,16,0,0.0,1,16.5,314,410,76.6,5931,2505,126,146,86.3,141,168,83.9,38,75,50.7,0,1.1,0.4,13,27,2,0,33,410,352,58,14,4,6,11,19,4,0,4,0,314,0,11,27,10,3,6,7,1,0,0,0,0,0,0,0,0,17,12,10,7,0,9,20,45.0,11,16,2,14,8,25,17,0,48.0,528,53,171,276,87,16,528,35,23,65.7,10,28.6,263,1465,792,10,6,3,13,8,308,33,2,0,0,6,10,0,11,8,12,0,0,0,51,14,12,53.8,12,1,8.3,0.08,1.0,19.7,0,0,0,1.2,1.2,0.1,-0.2,-0.2,6,6,100.0,1.0,0.9,0.9,0.0,0.0,0.0,0.0,9,15,60.0,26,4,38.5,36.7,8,62.5,55.9,10,0,0.0,4,16.1,346,449,77.1,7397,3031,117,128,91.4,154,180,85.6,67,109,61.5,1,1.2,0.8,10,21,5,3,28,449,402,45,6,0,9,19,26,4,2,1,0,346,2,17,20,13,4,0,0,2,1,2,0,1,0,0,1,0,18,15,8,8,2,10,33,30.3,23,14,2,12,4,22,16,0,52.0,558,59,184,279,107,17,558,20,11,55.0,9,45.0,246,1338,587,7,8,1,23,8,338,28,5,0,0,13,6,2,19,4,15,0,0,0,66,12,14,46.2
2023-04-09,13:00,Liga MX,Clausura 2023 Regular Season,Sun,Home,W,3,1,UNAM,Atlético,1.7,1.5,41,11550.0,Nicolás Freire,5-3-2,Oscar Mejia,10,5,50.0,0.3,0.6,18.8,2,0,0,1.7,1.7,0.17,1.3,1.3,6,5,83.3,0.0,1.2,0.2,0.0,0.0,0.0,0.0,8,15,53.3,21,9,38.1,33.3,8,87.5,56.9,30,5,16.7,2,10.5,246,349,70.5,4958,2518,95,115,82.6,101,125,80.8,41,87,47.1,2,0.7,0.3,6,17,1,1,19,349,298,51,10,5,5,7,30,1,1,0,0,246,0,10,18,10,1,5,0,2,0,5,3,0,2,0,0,0,14,6,7,6,1,8,26,30.8,18,12,4,8,9,23,41,1,41.0,495,81,197,225,79,10,495,24,10,41.7,12,50.0,217,1319,739,14,12,5,16,14,241,19,1,0,0,13,11,0,7,9,6,0,0,0,62,23,13,63.9,17,6,35.3,0.06,0.17,17.1,0,0,0,1.5,1.5,0.1,-0.5,-0.5,5,2,40.0,0.0,2.0,-1.0,0.0,0.0,0.0,0.0,4,9,44.4,24,10,33.3,30.7,3,33.3,18.3,6,2,33.3,5,21.0,366,502,72.9,7603,2885,138,168,82.1,150,188,79.8,66,115,57.4,1,1.0,1.3,12,48,10,2,67,502,449,52,12,4,19,36,28,5,0,4,0,366,1,9,28,16,4,3,3,2,0,2,2,0,0,0,0,0,26,13,11,12,3,12,22,54.5,10,13,4,9,11,37,10,1,59.0,621,35,145,294,190,34,621,28,18,64.3,8,28.6,320,1588,913,24,12,8,19,6,361,67,2,0,0,11,13,1,36,11,13,0,0,0,78,13,23,36.1
2023-04-16,13:00,Liga MX,Clausura 2023 Regular Season,Sun,Home,W,3,1,UNAM,Toluca,1.7,1.4,36,20899.0,Nicolás Freire,4-2-3-1,Diego Montaño,12,4,33.3,0.17,0.5,20.0,2,1,1,1.7,0.9,0.08,1.3,1.1,3,2,100.0,0.0,1.1,0.1,1.0,1.0,0.0,0.0,7,13,53.8,15,3,53.3,41.6,6,83.3,56.5,12,3,25.0,0,9.2,235,318,73.9,4159,1951,111,129,86.0,84,100,84.0,29,61,47.5,2,0.8,0.7,8,15,7,1,27,318,268,50,15,2,5,14,23,4,0,2,0,235,0,7,21,14,2,1,0,4,0,6,3,1,1,0,1,0,20,12,7,12,1,11,21,52.4,10,10,5,5,8,28,25,0,36.0,440,48,139,211,96,16,439,17,5,29.4,7,41.2,234,1164,578,15,8,5,19,13,232,27,3,0,0,16,18,0,14,8,12,1,1,0,52,14,11,56.0,12,2,16.7,0.0,0.0,22.1,2,1,1,1.4,0.6,0.05,-0.4,-0.6,5,2,60.0,0.0,3.2,0.2,1.0,1.0,0.0,0.0,3,12,25.0,19,3,36.8,34.2,11,45.5,43.7,8,0,0.0,4,26.4,480,567,84.7,9002,2856,193,219,88.1,229,254,90.2,53,75,70.7,0,0.5,0.5,10,32,8,2,45,567,510,56,13,1,6,17,21,7,4,2,0,480,1,8,24,16,2,0,2,4,0,1,0,0,0,1,0,0,20,10,7,11,2,7,12,58.3,5,7,2,5,9,29,14,1,64.0,675,39,148,409,119,23,674,22,10,45.5,11,50.0,438,2059,896,12,8,6,20,9,478,45,5,1,0,18,14,1,17,9,10,0,1,0,48,11,14,44.0
2023-04-22,22:10,Liga MX,Clausura 2023 Regular Season,Sat,Away,D,1,1,UNAM,América,1.0,1.4,37,60332.0,Nicolás Freire,4-2-3-1,César Arturo Ramos,11,4,36.4,0.0,0.0,16.9,1,0,0,1.0,1.0,0.09,-1.0,-1.0,1,0,100.0,0.0,1.0,0.0,1.0,1.0,0.0,0.0,8,22,36.4,20,5,60.0,45.3,12,91.7,57.1,16,0,0.0,0,7.8,228,329,69.3,5101,2510,59,88,67.0,121,147,82.3,46,84,54.8,0,0.6,0.4,6,14,4,0,21,329,282,47,13,0,4,13,16,4,1,2,0,228,0,12,19,10,5,1,2,1,0,0,0,0,0,0,0,0,21,9,12,8,1,7,15,46.7,8,12,4,8,10,31,19,0,37.0,468,57,193,215,74,13,468,36,17,47.2,18,50.0,197,1377,532,8,12,3,12,11,224,19,4,0,0,9,14,0,13,10,9,0,1,0,59,16,19,45.7,13,0,0.0,0.0,,22.1,3,1,1,1.4,0.7,0.05,-0.4,-0.7,4,4,75.0,0.0,0.8,0.8,0.0,0.0,0.0,0.0,6,12,50.0,22,2,22.7,33.3,8,87.5,60.4,12,0,0.0,1,16.3,453,566,80.0,8799,3283,177,207,85.5,217,249,87.1,57,93,61.3,0,0.6,1.2,10,48,13,1,67,566,529,37,5,0,7,21,13,9,2,5,0,453,0,9,24,16,3,0,1,4,0,1,0,0,0,0,1,0,29,13,13,13,3,18,35,51.4,17,13,3,10,15,44,11,1,63.0,674,47,151,335,197,27,673,15,8,53.3,7,46.7,311,1551,779,16,14,3,7,14,450,67,2,0,0,14,9,0,21,15,13,1,0,1,68,19,16,54.3
2023-04-29,20:05,Liga MX,Clausura 2023 Regular Season,Sat,Away,L,1,4,UNAM,Monterrey,1.0,3.1,49,45915.0,Nicolás Freire,4-2-3-1,Óscar Macias,14,4,28.6,0.07,0.25,22.4,1,0,0,1.0,1.0,0.08,0.0,0.0,9,5,66.7,0.0,3.3,-0.7,1.0,1.0,0.0,0.0,3,6,50.0,17,5,29.4,29.8,8,25.0,30.9,14,1,7.1,3,13.3,391,484,80.8,7338,2536,146,168,86.9,189,214,88.3,44,72,61.1,1,0.8,0.4,8,42,2,0,38,484,444,39,9,2,5,17,11,6,3,3,0,391,1,13,23,15,0,5,2,1,0,2,2,0,0,0,0,0,17,11,6,10,1,6,18,33.3,12,13,2,11,8,25,16,1,49.0,600,48,162,316,126,10,600,31,18,58.1,12,38.7,302,1795,940,19,11,4,11,4,390,38,3,0,0,11,10,1,17,8,11,0,1,0,52,11,13,45.8,16,8,50.0,0.19,0.38,19.7,1,1,1,3.1,2.3,0.15,0.9,0.7,4,3,75.0,0.0,1.3,0.3,0.0,0.0,0.0,0.0,15,18,83.3,37,5,45.9,36.7,6,16.7,24.0,11,3,27.3,0,9.7,423,511,82.8,8515,3380,166,187,88.8,197,227,86.8,59,89,66.3,2,1.9,1.5,12,38,7,1,40,511,475,36,9,3,4,16,14,5,2,1,0,423,0,12,34,26,3,1,1,3,0,8,7,0,0,0,1,0,16,9,9,7,0,12,30,40.0,18,14,5,9,16,32,21,0,51.0,627,80,223,275,134,18,626,20,12,60.0,6,30.0,273,1262,622,16,3,2,12,11,421,40,3,0,0,10,11,0,16,16,9,1,0,0,57,13,11,54.2
2022-07-04,21:00,Liga MX,Apertura 2022 Regular Season,Mon,Away,L,0,2,Querétaro,Pachuca,0.8,1.2,47,6167.0,Jorge Daniel Hernández,4-4-2,César Arturo Ramos,9,1,11.1,0.0,0.0,14.7,0,0,0,0.8,0.8,0.08,-0.8,-0.8,5,3,60.0,0.0,2.2,0.2,0.0,0.0,0.0,0.0,4,17,23.5,16,3,43.8,40.8,15,66.7,50.7,7,0,0.0,2,23.3,315,418,75.4,6584,2550,107,127,84.3,160,192,83.3,48,85,56.5,0,0.7,0.4,8,25,7,4,41,418,352,64,16,1,7,11,30,0,0,0,0,315,2,7,14,11,3,0,0,0,0,0,0,0,0,0,0,0,18,9,8,9,1,8,21,38.1,13,8,4,4,9,27,10,1,47.0,513,48,163,250,105,17,513,16,6,37.5,10,62.5,253,1124,455,11,13,5,17,5,312,41,4,0,0,10,15,2,11,9,9,0,0,0,53,19,19,50.0,17,5,29.4,0.12,0.4,19.5,1,0,0,1.2,1.2,0.07,0.8,0.8,1,1,,1.0,0.1,0.0,0.0,0.0,0.0,0.0,2,12,16.7,22,5,40.9,35.0,11,27.3,32.0,8,0,0.0,2,20.0,392,479,81.8,7604,2986,155,172,90.1,174,197,88.3,58,94,61.7,2,0.9,0.6,13,32,8,2,42,479,431,47,11,1,6,10,21,3,2,0,0,392,1,4,31,23,2,3,2,1,0,4,4,0,0,0,0,0,15,10,9,3,3,10,16,62.5,6,6,0,6,12,27,16,0,53.0,597,51,192,286,127,20,597,21,13,61.9,8,38.1,266,1490,806,22,15,4,20,10,390,42,0,0,0,15,10,1,10,12,10,0,0,0,64,19,19,50.0
2022-07-10,17:00,Liga MX,Apertura 2022 Regular Season,Sun,Home,L,1,2,Querétaro,Necaxa,1.0,1.9,44,,Jorge Daniel Hernández,4-4-2,Fernando Guerrero,16,5,31.3,0.0,0.0,21.8,2,0,0,1.0,1.0,0.06,-1.0,-1.0,6,4,66.7,0.0,1.2,-0.8,0.0,0.0,0.0,0.0,5,17,29.4,24,5,45.8,36.3,12,50.0,45.8,15,0,0.0,1,19.0,243,348,69.8,4866,1943,88,109,80.7,108,130,83.1,41,90,45.6,0,0.7,0.7,10,21,7,2,40,348,292,53,14,1,3,22,21,3,1,2,0,243,3,7,29,20,3,1,3,2,0,0,0,0,0,0,0,0,11,5,8,3,0,4,7,57.1,3,13,5,8,13,24,17,1,44.0,450,60,161,187,110,18,450,12,4,33.3,8,66.7,232,1657,910,14,12,4,14,6,240,40,1,0,0,12,14,3,22,13,5,0,0,0,47,22,19,53.7,16,6,37.5,0.13,0.33,14.6,0,0,0,1.9,1.9,0.12,0.1,0.1,5,5,80.0,0.0,0.6,0.6,0.0,0.0,0.0,0.0,9,18,50.0,37,4,35.1,36.6,9,55.6,49.4,17,1,5.9,0,6.0,331,435,76.1,7330,2980,110,121,90.9,153,190,80.5,68,106,64.2,1,1.6,1.6,12,28,9,3,44,435,389,44,15,1,5,18,15,3,0,3,0,331,2,9,26,22,1,1,2,0,0,3,2,0,0,1,0,0,14,12,5,8,1,8,12,66.7,4,10,4,6,11,25,23,0,56.0,541,69,188,246,114,26,541,7,3,42.9,4,57.1,341,1539,739,13,9,2,11,7,326,44,1,0,0,14,11,2,18,11,12,0,0,1,51,19,22,46.3
2022-07-15,20:05,Liga MX,Apertura 2022 Regular Season,Fri,Away,D,1,1,Querétaro,FC Juárez,0.4,2.1,39,13453.0,Jorge Daniel Hernández,3-1-4-2,Eduardo Galván,9,3,33.3,0.11,0.33,27.6,2,0,0,0.4,0.4,0.05,0.6,0.6,4,2,75.0,0.0,2.0,1.0,1.0,0.0,1.0,0.0,4,11,36.4,9,0,66.7,54.9,6,83.3,64.5,20,0,0.0,0,5.3,217,312,69.6,4180,1773,92,123,74.8,96,115,83.5,27,64,42.2,1,0.3,0.4,6,14,2,0,19,312,266,46,11,0,3,9,26,1,0,0,0,217,0,9,15,8,4,0,0,3,0,2,1,1,0,0,0,0,19,12,11,7,1,7,18,38.9,11,9,4,5,7,26,24,1,39.0,410,42,124,215,74,10,410,9,6,66.7,3,33.3,220,898,438,9,9,1,12,2,212,19,2,0,0,11,11,0,9,7,12,0,1,0,40,17,11,60.7,13,3,23.1,0.08,0.33,21.2,1,0,1,2.1,1.3,0.1,-1.1,-0.3,3,2,66.7,0.0,0.4,-0.6,0.0,0.0,0.0,0.0,5,6,83.3,15,8,13.3,29.3,8,50.0,35.6,5,1,20.0,0,10.7,397,496,80.0,8053,2815,127,149,85.2,201,232,86.6,64,101,63.4,0,0.4,0.3,8,35,2,1,40,496,447,48,9,0,7,24,20,9,6,2,0,397,1,8,23,16,2,1,1,3,0,2,2,0,0,0,0,0,5,4,1,3,1,3,9,33.3,6,8,1,7,2,7,19,1,61.0,578,35,172,287,124,9,577,18,11,61.1,7,38.9,322,1719,787,12,15,1,13,12,394,39,2,0,0,12,10,1,24,2,4,1,0,0,47,11,17,39.3
2022-07-21,21:00,Liga MX,Apertura 2022 Regular Season,Thu,Home,L,0,3,Querétaro,Monterrey,0.6,1.7,53,,Jorge Daniel Hernández,5-3-2,Luis Santander,10,5,50.0,0.0,0.0,20.7,1,0,0,0.6,0.6,0.06,-0.6,-0.6,6,3,50.0,0.0,1.3,-1.7,0.0,0.0,0.0,0.0,6,12,50.0,22,4,45.5,38.4,9,22.2,27.2,7,1,14.3,0,8.0,382,482,79.3,7837,2778,154,170,90.6,159,180,88.3,63,96,65.6,0,0.3,0.7,6,22,4,1,24,482,427,51,13,0,15,14,22,3,0,2,1,382,4,15,15,9,4,0,1,1,0,0,0,0,0,0,0,0,10,8,7,3,0,6,13,46.2,7,9,1,8,11,21,10,1,53.0,549,55,228,257,70,15,549,13,5,38.5,8,61.5,338,1894,865,11,12,1,6,5,379,24,1,0,0,9,12,4,14,11,8,0,0,0,46,14,11,56.0,15,6,40.0,0.2,0.5,16.8,1,0,0,1.7,1.7,0.12,1.3,1.3,5,5,100.0,1.0,0.4,0.4,0.0,0.0,0.0,0.0,6,14,42.9,33,5,36.4,36.5,6,33.3,25.8,9,0,0.0,0,,352,436,80.7,6566,2634,168,189,88.9,134,158,84.8,45,73,61.6,2,1.1,0.8,10,34,8,1,33,436,396,40,12,0,4,9,18,3,0,3,0,352,0,10,24,17,2,0,2,2,1,5,4,0,0,1,0,0,13,9,5,7,1,8,13,61.5,5,14,1,13,5,18,13,1,47.0,531,50,125,282,127,18,531,13,7,53.8,6,46.2,301,1525,905,18,9,6,15,4,351,33,1,0,0,14,9,0,9,5,9,0,0,0,43,11,14,44.0
2022-07-27,19:00,Liga MX,Apertura 2022 Regular Season,Wed,Home,D,2,2,Querétaro,Guadalajara,1.7,2.6,51,,Jorge Daniel Hernández,4-2-3-1,César Arturo Ramos,14,7,50.0,0.07,0.14,20.7,0,1,1,1.7,0.9,0.06,0.3,0.1,4,2,75.0,0.0,2.0,0.0,1.0,1.0,0.0,0.0,9,12,75.0,19,3,36.8,32.1,7,71.4,48.3,11,0,0.0,1,12.3,299,397,75.3,6105,2587,114,137,83.2,139,165,84.2,44,86,51.2,1,0.8,1.0,12,29,11,5,40,397,345,52,12,0,5,33,21,9,2,6,0,299,0,7,28,24,3,0,0,1,0,4,3,0,0,0,1,0,15,10,8,6,1,6,13,46.2,7,6,4,2,10,25,14,0,51.0,503,44,148,237,121,19,502,11,4,36.4,6,54.5,281,1474,802,18,16,2,19,10,298,40,2,0,0,21,11,0,33,10,10,1,1,0,55,15,12,55.6,12,3,25.0,0.08,0.33,20.3,3,1,1,2.6,1.8,0.15,-0.6,-0.8,8,6,87.5,0.0,1.8,-0.2,1.0,1.0,0.0,0.0,1,10,10.0,17,6,35.3,39.5,4,100.0,75.3,28,0,0.0,0,8.3,299,388,77.1,4763,1700,153,170,90.0,110,136,80.9,27,58,46.6,1,1.4,0.6,6,21,3,1,25,388,340,47,17,0,1,14,20,4,1,3,0,299,1,3,22,13,1,1,1,5,1,4,2,0,1,0,1,0,16,13,8,6,2,6,10,60.0,4,9,2,7,5,21,36,0,49.0,518,57,165,250,108,14,517,13,7,53.8,6,46.2,317,1688,787,12,10,2,16,9,294,25,2,0,0,12,21,1,14,5,13,1,1,0,57,12,15,44.4
2022-07-30,19:05,Liga MX,Apertura 2022 Regular Season,Sat,Away,L,1,2,Querétaro,UANL,1.3,0.9,37,41432.0,Jorge Daniel Hernández,4-2-3-1,Ismael Lopez,11,3,27.3,0.0,0.0,24.4,1,1,1,1.3,0.6,0.05,-0.3,-0.6,3,1,33.3,0.0,1.2,-0.8,0.0,0.0,0.0,0.0,8,15,53.3,8,2,50.0,39.4,12,91.7,61.8,12,0,0.0,1,18.0,216,306,70.6,4588,2168,73,94,77.7,105,133,78.9,35,64,54.7,0,0.5,0.5,8,22,7,4,34,306,271,35,6,0,1,19,11,3,1,2,0,216,0,6,18,14,1,0,0,2,1,2,1,0,0,0,1,0,24,13,19,5,0,8,19,42.1,11,10,6,4,10,34,19,0,37.0,405,48,146,182,83,13,404,2,2,100.0,0,0.0,204,1247,534,15,15,1,12,10,215,34,3,1,0,18,8,0,19,10,13,1,0,0,58,10,5,66.7,14,3,21.4,0.14,0.67,21.2,2,0,0,0.9,0.9,0.07,1.1,1.1,4,3,100.0,0.0,1.1,0.1,1.0,1.0,0.0,0.0,6,13,46.2,22,4,45.5,41.2,9,33.3,27.4,15,3,20.0,0,9.3,422,511,82.6,8210,3034,153,176,86.9,212,236,89.8,51,88,58.0,2,0.9,2.3,11,51,7,2,56,511,462,49,17,2,4,16,17,4,1,2,0,422,0,4,25,18,2,3,0,2,0,4,4,0,0,0,0,0,10,4,6,3,1,0,2,0.0,2,8,2,6,8,18,9,0,63.0,592,47,147,297,159,16,592,19,11,57.9,8,42.1,372,2463,1216,22,17,4,11,16,421,56,3,2,0,8,17,0,16,8,4,0,1,0,55,5,10,33.3
2022-08-04,21:00,Liga MX,Apertura 2022 Regular Season,Thu,Away,L,1,3,Querétaro,Atlas,1.0,2.4,60,14804.0,Jorge Daniel Hernández,4-4-2,Fernando Guerrero,16,5,31.3,0.06,0.2,22.8,2,0,0,1.0,1.0,0.07,0.0,0.0,5,2,60.0,0.0,2.5,-0.5,1.0,1.0,0.0,0.0,8,14,57.1,19,3,42.1,40.6,8,75.0,57.4,10,1,10.0,0,12.0,415,505,82.2,9048,3679,124,155,80.0,213,233,91.4,75,105,71.4,1,0.8,0.9,13,50,3,1,49,505,469,35,4,1,7,18,14,5,0,3,0,415,1,9,30,23,3,1,1,2,0,2,2,0,0,0,0,0,11,7,5,6,0,6,15,40.0,9,4,3,1,8,19,24,1,60.0,616,58,186,318,115,15,616,21,10,47.6,11,52.4,303,1811,903,21,9,7,13,5,414,49,4,1,1,16,6,1,18,8,7,0,1,0,49,21,12,63.6,13,4,30.8,0.15,0.5,19.2,0,1,1,2.4,1.6,0.12,0.6,0.4,5,4,80.0,0.0,0.9,-0.1,0.0,0.0,0.0,0.0,10,26,38.5,36,2,63.9,44.3,5,60.0,53.8,13,1,7.7,0,7.5,245,338,72.5,5349,2470,81,103,78.6,116,138,84.1,46,86,53.5,2,1.6,2.1,13,15,9,0,28,338,289,48,16,11,3,18,20,5,3,2,0,245,1,3,24,21,1,1,0,1,0,6,5,0,0,0,1,0,16,11,8,6,2,11,21,52.4,10,16,6,10,10,26,12,0,40.0,442,46,139,189,125,26,441,15,9,60.0,6,40.0,237,1567,830,20,17,3,12,5,243,28,1,1,0,6,16,1,18,10,11,1,0,0,42,12,21,36.4
2022-08-11,21:00,Liga MX,Apertura 2022 Regular Season,Thu,Home,D,1,1,Querétaro,Atlético,1.8,1.7,52,,Jorge Daniel Hernández,4-4-2,Erick Miranda,16,6,37.5,0.06,0.17,14.6,0,0,0,1.8,1.8,0.11,-0.8,-0.8,3,2,100.0,0.0,1.4,0.4,1.0,1.0,0.0,0.0,11,17,64.7,29,3,37.9,33.5,9,66.7,49.3,8,1,12.5,1,9.8,337,443,76.1,7230,3123,112,132,84.8,159,190,83.7,60,98,61.2,1,1.5,1.6,13,32,9,5,38,443,385,57,10,0,6,22,29,7,2,4,0,337,1,9,30,23,4,1,1,0,1,2,1,1,0,0,0,0,6,4,2,4,0,3,12,25.0,9,5,1,4,10,16,18,0,52.0,536,51,167,247,125,24,536,10,4,40.0,4,40.0,264,1305,544,11,14,2,19,7,333,38,3,0,0,13,10,1,22,10,4,0,1,0,43,23,13,63.9,8,2,25.0,0.0,0.0,17.1,0,1,1,1.7,0.9,0.11,-0.7,-0.9,6,5,83.3,0.0,1.3,0.3,0.0,0.0,0.0,0.0,6,18,33.3,22,7,54.5,42.1,8,75.0,59.6,17,0,0.0,0,11.5,292,408,71.6,6015,2299,99,119,83.2,147,183,80.3,43,90,47.8,0,0.6,1.1,6,34,4,1,31,408,360,47,13,0,4,11,20,4,1,3,0,292,1,6,15,10,1,3,1,0,0,1,1,0,0,0,0,0,11,8,5,6,0,4,8,50.0,4,10,2,8,9,20,13,0,48.0,502,57,171,252,87,18,501,16,9,56.3,3,18.8,328,1758,734,14,6,7,17,3,291,31,0,0,0,10,12,1,11,9,8,0,0,0,41,13,23,36.1
2022-08-16,18:00,Liga MX,Apertura 2022 Regular Season,Tue,Away,D,1,1,Querétaro,Mazatlán,1.3,0.3,44,10690.0,Pablo Barrera,4-4-2,Luis Santander,15,7,46.7,0.07,0.14,19.0,1,0,0,1.3,1.3,0.09,-0.3,-0.3,2,1,50.0,0.0,0.5,-0.5,0.0,0.0,0.0,0.0,6,18,33.3,26,3,42.3,35.8,8,87.5,62.6,12,1,8.3,1,12.8,296,398,74.4,5885,2235,107,133,80.5,135,158,85.4,48,88,54.5,1,1.2,0.9,12,19,6,5,25,398,350,47,14,0,3,27,17,6,2,4,0,296,1,5,26,21,3,0,0,2,0,2,2,0,0,0,0,0,12,5,4,7,1,6,14,42.9,8,13,2,11,8,20,9,1,44.0,490,51,185,213,97,20,490,12,6,50.0,5,41.7,243,1465,771,12,11,2,8,4,291,23,2,0,0,15,15,1,27,8,5,0,0,0,51,16,18,47.1,7,2,28.6,0.14,0.5,19.7,1,0,0,0.3,0.3,0.04,0.7,0.7,7,6,85.7,0.0,2.0,1.0,0.0,0.0,0.0,0.0,6,10,60.0,22,6,31.8,31.6,6,50.0,46.2,22,2,9.1,1,12.6,392,499,78.6,6575,2569,175,204,85.8,161,185,87.0,32,65,49.2,1,0.2,0.4,5,32,4,1,40,499,457,42,15,0,4,15,16,3,1,2,0,392,0,13,11,7,1,1,1,1,0,2,0,1,0,1,0,0,9,6,3,5,1,5,11,45.5,6,3,2,1,10,19,11,0,56.0,573,49,158,301,120,12,573,14,8,57.1,6,42.9,293,1865,948,16,15,2,10,6,383,39,1,0,0,15,14,0,15,10,6,0,0,0,47,18,16,52.9
2022-08-20,17:00,Liga MX,Apertura 2022 Regular Season,Sat,Home,W,2,0,Querétaro,Tijuana,0.4,0.7,38,,Ariel Nahuelpán,4-4-2,Guillermo Pacheco,10,4,40.0,0.2,0.5,19.6,1,0,0,0.4,0.4,0.04,1.6,1.6,1,1,100.0,1.0,0.1,0.1,0.0,0.0,0.0,0.0,13,27,48.1,24,0,87.5,55.5,9,66.7,57.2,24,1,4.2,0,4.0,237,335,70.7,5381,2332,79,97,81.4,90,119,75.6,56,92,60.9,1,0.3,0.6,7,17,2,1,23,335,297,37,9,0,5,18,12,6,1,5,0,237,1,7,16,9,3,1,1,2,0,4,4,0,0,0,0,0,14,6,8,6,0,3,12,25.0,9,10,4,6,17,31,50,0,38.0,481,90,206,189,93,11,481,17,8,47.1,7,41.2,263,1206,558,11,8,1,18,17,236,23,4,0,0,11,7,1,18,17,6,0,0,0,62,24,26,48.0,10,1,10.0,0.0,0.0,17.1,0,0,0,0.7,0.7,0.07,-0.7,-0.7,4,2,50.0,0.0,1.1,-0.9,0.0,0.0,0.0,0.0,2,5,40.0,24,6,12.5,25.5,9,22.2,27.6,14,0,0.0,1,21.0,406,539,75.3,7138,2865,197,221,89.1,165,217,76.0,42,81,51.9,0,0.7,1.2,7,39,12,4,50,539,479,57,11,1,2,32,29,5,0,4,0,406,3,9,18,13,3,0,0,1,1,0,0,0,0,0,0,0,24,15,11,8,5,7,15,46.7,8,6,1,5,7,31,18,0,62.0,639,47,165,288,192,27,639,15,9,60.0,3,20.0,383,1947,1063,19,14,4,15,11,403,50,3,0,0,7,11,3,32,7,15,0,0,0,58,26,24,52.0
2022-08-23,21:05,Liga MX,Apertura 2022 Regular Season,Tue,Home,L,0,1,Querétaro,América,1.0,1.0,43,,Ariel Nahuelpán,4-4-2,Victor Caceres,13,2,15.4,0.0,0.0,17.4,0,0,0,1.0,1.0,0.08,-1.0,-1.0,4,3,75.0,0.0,0.7,-0.3,0.0,0.0,0.0,0.0,7,11,63.6,26,3,26.9,30.5,6,66.7,54.2,15,0,0.0,0,7.7,303,399,75.9,6661,2898,95,111,85.6,150,179,83.8,56,86,65.1,0,0.9,0.8,9,27,6,2,37,399,352,46,9,1,6,24,25,4,3,1,0,303,1,9,22,13,5,1,2,1,0,0,0,0,0,0,0,0,19,15,13,5,1,12,16,75.0,4,7,7,0,5,24,18,0,43.0,500,68,191,198,117,18,500,11,6,54.5,4,36.4,247,1633,683,11,8,2,15,11,300,36,0,0,0,11,8,1,24,5,15,0,0,0,56,24,17,58.5,15,4,26.7,0.07,0.25,17.4,1,0,0,1.0,1.0,0.07,0.0,0.0,2,2,100.0,1.0,0.2,0.2,0.0,0.0,0.0,0.0,9,20,45.0,27,2,33.3,34.3,13,84.6,60.8,19,0,0.0,0,,434,529,82.0,8038,3081,195,211,92.4,184,218,84.4,45,80,56.3,1,0.9,1.5,12,37,16,3,45,529,477,51,11,3,6,16,17,9,5,3,0,434,1,1,30,25,3,0,1,1,0,2,2,0,0,0,0,0,15,10,7,6,2,4,10,40.0,6,11,4,7,5,20,19,0,57.0,640,53,187,306,152,28,640,19,4,21.1,12,63.2,366,2050,946,15,15,2,11,7,433,45,2,0,0,8,11,1,16,5,10,0,0,0,47,17,24,41.5
2022-08-27,17:00,Liga MX,Apertura 2022 Regular Season,Sat,Away,L,1,2,Querétaro,Cruz Azul,1.5,0.8,65,10255.0,Jorge Daniel Hernández,4-4-2,Daniel Quintero,11,1,9.1,0.09,1.0,12.5,0,0,0,1.5,1.5,0.14,-0.5,-0.5,4,2,50.0,0.0,1.6,-0.4,0.0,0.0,0.0,0.0,5,9,55.6,29,3,27.6,35.3,2,50.0,46.5,7,4,57.1,2,11.4,405,514,78.8,8853,3072,111,131,84.7,215,250,86.0,76,119,63.9,1,1.4,1.9,9,43,12,5,44,514,462,49,15,0,12,31,24,5,1,3,0,405,3,13,21,18,3,0,0,0,0,2,2,0,0,0,0,0,14,7,4,10,0,4,16,25.0,12,4,2,2,10,24,5,0,65.0,605,38,174,307,128,28,605,12,0,0.0,10,83.3,312,1468,745,12,4,0,16,7,402,44,2,0,0,13,12,3,31,10,7,0,0,0,50,23,19,54.8,8,4,50.0,0.25,0.5,18.2,0,0,0,0.8,0.8,0.1,1.2,1.2,1,0,0.0,0.0,0.3,-0.7,0.0,0.0,0.0,0.0,11,23,47.8,23,4,52.2,41.7,12,91.7,58.9,22,0,0.0,0,11.5,193,277,69.7,3980,2018,87,98,88.8,68,94,72.3,37,76,48.7,2,0.8,0.9,7,14,4,1,19,277,219,56,16,1,3,11,22,4,3,1,0,193,2,2,14,11,1,0,0,1,1,4,3,0,0,0,0,1,17,7,8,9,0,10,10,100.0,0,12,2,10,9,26,31,0,35.0,398,65,160,180,63,7,398,17,12,70.6,4,23.5,189,945,414,7,8,0,22,10,193,19,5,1,0,14,12,2,11,9,7,0,0,0,37,19,23,45.2
2022-09-01,21:05,Liga MX,Apertura 2022 Regular Season,Thu,Home,D,1,1,Querétaro,Puebla,1.2,1.1,42,,Ariel Nahuelpán,4-4-2,Ismael Lopez,17,6,35.3,0.06,0.17,27.4,0,0,0,1.2,1.2,0.07,-0.2,-0.2,7,6,85.7,0.0,1.4,0.4,0.0,0.0,0.0,0.0,7,22,31.8,21,3,57.1,44.8,13,76.9,58.2,12,1,8.3,0,10.5,240,345,69.6,5374,2145,77,91,84.6,109,138,79.0,49,94,52.1,1,1.2,0.3,16,22,4,4,24,345,293,50,11,0,10,12,22,2,0,1,0,240,2,9,32,27,1,3,1,0,0,2,2,0,0,0,0,0,12,8,8,3,1,5,13,38.5,8,10,1,9,10,22,18,0,42.0,457,57,161,194,106,10,457,17,10,58.8,7,41.2,252,1450,734,14,16,2,18,16,238,24,4,0,0,9,9,2,12,10,8,0,0,0,55,14,11,56.0,15,7,46.7,0.07,0.14,19.5,1,0,0,1.1,1.1,0.07,-0.1,-0.1,6,5,83.3,0.0,1.4,0.4,0.0,0.0,0.0,0.0,1,3,33.3,17,1,5.9,24.4,6,33.3,33.7,10,0,0.0,0,11.0,372,474,78.5,6903,2608,161,190,84.7,164,188,87.2,44,78,56.4,1,0.9,0.9,13,32,7,4,47,474,423,51,9,2,6,21,31,3,2,0,0,372,0,9,25,21,1,0,1,1,1,1,1,0,0,0,0,0,23,18,8,12,3,7,17,41.2,10,13,5,8,8,31,10,0,58.0,593,42,199,252,148,22,593,13,8,61.5,5,38.5,344,1913,1113,23,14,4,27,7,366,46,2,0,0,11,9,0,21,8,18,0,0,0,65,11,14,44.0
2022-09-07,21:05,Liga MX,Apertura 2022 Regular Season,Wed,Away,L,1,4,Querétaro,UNAM,0.5,2.2,49,7990.0,Ariel Nahuelpán,4-4-2,César Arturo Ramos,9,3,33.3,0.11,0.33,20.3,1,0,0,0.5,0.5,0.05,0.5,0.5,6,2,33.3,0.0,2.6,-1.4,0.0,0.0,0.0,0.0,5,21,23.8,28,7,46.4,38.9,12,66.7,52.8,12,3,25.0,0,8.3,305,404,75.5,6198,2150,124,136,91.2,132,164,80.5,47,90,52.2,1,0.4,0.5,6,28,5,2,30,404,344,58,17,0,11,15,20,4,0,2,0,305,2,6,17,13,0,0,2,2,0,2,2,0,0,0,0,0,16,13,8,7,1,5,16,31.3,11,6,4,2,10,26,12,0,49.0,501,66,150,269,92,12,501,18,5,27.8,11,61.1,300,1693,835,12,10,5,20,3,299,27,1,0,0,12,17,2,15,10,13,0,0,0,43,10,13,43.5,18,6,33.3,0.22,0.67,14.6,0,0,0,2.2,2.2,0.12,1.8,1.8,3,2,66.7,0.0,1.0,0.0,0.0,0.0,0.0,0.0,5,10,50.0,18,2,33.3,34.3,10,40.0,37.0,13,1,7.7,0,11.8,326,414,78.7,6118,2711,139,163,85.3,136,164,82.9,43,72,59.7,4,2.1,1.3,16,28,11,5,34,414,370,44,14,0,4,12,14,4,4,0,0,326,0,2,30,21,2,3,3,1,0,8,5,0,2,0,1,0,14,7,7,7,0,11,16,68.8,5,7,2,5,8,22,16,0,51.0,504,40,138,260,111,27,504,21,11,52.4,5,23.8,282,1674,931,21,13,7,15,11,324,33,1,0,0,18,12,0,12,8,7,0,0,0,50,13,10,56.5
2022-09-10,17:00,Liga MX,Apertura 2022 Regular Season,Sat,Home,D,3,3,Querétaro,Santos,2.3,0.4,47,,Pablo Barrera,4-4-2,Luis Santander,21,9,42.9,0.14,0.33,17.8,0,0,0,2.3,2.3,0.12,0.7,0.7,3,0,0.0,0.0,1.1,-1.9,0.0,0.0,0.0,0.0,6,16,37.5,16,6,50.0,39.0,8,100.0,70.5,20,2,10.0,2,13.5,329,424,77.6,7006,2882,106,119,89.1,163,193,84.5,54,95,56.8,2,1.8,1.4,17,29,11,7,33,424,369,54,8,0,6,22,27,7,1,3,0,329,1,7,36,30,2,1,3,0,0,5,4,0,0,1,0,0,8,3,2,6,0,5,12,41.7,7,7,3,4,11,19,27,0,47.0,544,57,174,239,138,22,544,17,11,64.7,5,29.4,282,1614,810,20,12,4,18,7,326,33,2,0,0,15,8,1,22,11,3,0,0,0,50,13,10,56.5,11,3,27.3,0.27,1.0,22.9,1,0,0,0.4,0.4,0.04,2.6,2.6,9,6,66.7,0.0,2.6,-0.4,0.0,0.0,0.0,0.0,6,14,42.9,19,4,47.4,38.0,13,38.5,35.4,20,1,5.0,0,8.7,362,477,75.9,6876,2659,162,183,88.5,148,176,84.1,50,101,49.5,3,0.2,0.7,7,40,4,0,46,477,418,59,15,0,8,26,23,4,1,3,0,362,0,6,17,12,2,1,0,2,0,6,5,1,0,0,0,0,12,7,5,4,3,5,16,31.3,11,9,3,6,7,19,19,0,53.0,566,56,163,289,117,17,566,14,7,50.0,5,35.7,254,1482,820,12,6,3,13,3,360,46,2,0,0,8,14,0,26,7,7,0,0,0,41,10,13,43.5
2022-09-18,19:05,Liga MX,Apertura 2022 Regular Season,Sun,Away,L,1,3,Querétaro,León,1.2,0.8,42,20164.0,Pablo Barrera,4-4-2,Oscar Mejia,13,4,30.8,0.08,0.25,15.4,1,0,0,1.2,1.2,0.1,-0.2,-0.2,4,1,25.0,0.0,1.6,-1.4,0.0,0.0,0.0,0.0,9,17,52.9,14,5,57.1,40.4,10,90.0,63.8,10,1,10.0,0,4.0,207,309,67.0,4930,2057,65,89,73.0,87,119,73.1,51,79,64.6,0,0.9,1.2,10,22,6,5,28,309,251,51,10,0,8,26,23,4,0,3,1,207,7,5,24,13,3,3,3,2,0,1,0,0,0,1,0,0,21,11,13,7,1,7,15,46.7,8,6,2,4,11,32,12,2,42.0,402,48,127,189,90,15,402,17,8,47.1,7,41.2,188,1205,618,12,11,4,12,7,203,25,5,0,0,12,11,7,26,11,11,0,0,0,38,17,15,53.1,12,4,33.3,0.25,0.75,22.7,2,0,0,0.8,0.8,0.06,2.2,2.2,4,3,75.0,0.0,1.2,0.2,0.0,0.0,0.0,0.0,2,10,20.0,19,5,21.1,32.8,7,85.7,57.3,20,1,5.0,1,12.8,337,429,78.6,7233,2825,103,127,81.1,164,195,84.1,67,96,69.8,3,0.7,0.6,9,33,5,0,41,429,380,48,16,0,3,13,19,4,3,0,0,337,1,4,19,12,3,0,0,3,1,5,5,0,0,0,0,0,14,9,5,8,1,7,15,46.7,8,6,2,4,9,23,15,0,58.0,525,45,155,249,128,20,525,16,8,50.0,7,43.8,251,1556,737,16,12,3,19,14,330,39,0,0,0,11,11,1,13,9,9,0,0,0,42,15,17,46.9
2022-10-02,12:00,Liga MX,Apertura 2022 Regular Season,Sun,Away,L,1,4,Querétaro,Toluca,1.8,2.4,47,17402.0,Ariel Nahuelpán,4-4-2,Edgar Morales,14,2,14.3,0.07,0.5,16.6,0,0,1,1.8,1.1,0.08,-0.8,-0.1,6,2,66.7,0.0,2.7,-1.3,2.0,2.0,0.0,0.0,4,6,66.7,12,1,16.7,27.2,8,50.0,48.6,13,0,0.0,0,5.0,311,405,76.8,6335,2480,110,133,82.7,151,169,89.3,45,76,59.2,1,1.0,1.1,10,36,11,5,36,405,363,40,8,0,5,30,14,5,0,4,0,311,2,10,25,18,2,1,4,0,0,2,2,0,0,0,0,0,11,6,7,3,1,5,8,62.5,3,5,2,3,15,26,10,2,47.0,500,42,168,213,125,24,499,10,5,50.0,4,40.0,284,1507,804,18,9,3,10,4,310,35,3,0,0,10,8,2,30,15,6,0,2,0,49,18,9,66.7,11,4,36.4,0.18,0.5,22.2,0,2,2,2.4,0.8,0.07,1.6,1.2,3,1,66.7,0.0,1.5,0.5,1.0,0.0,1.0,0.0,9,16,56.3,25,4,32.0,35.1,13,61.5,49.4,19,1,5.3,1,11.0,365,449,81.3,6490,2627,159,184,86.4,133,154,86.4,45,69,65.2,2,0.7,0.9,7,32,5,1,24,449,404,45,10,0,6,17,13,7,3,4,0,365,0,4,17,8,4,0,4,1,0,6,4,1,0,1,0,0,8,6,2,6,0,4,9,44.4,5,8,2,6,11,19,21,0,53.0,548,62,162,273,118,24,546,12,3,25.0,5,41.7,202,1095,632,12,14,4,9,6,359,24,2,1,1,9,8,0,17,11,6,0,1,0,43,9,18,33.3
2023-01-07,17:00,Liga MX,Clausura 2023 Regular Season,Sat,Away,D,0,0,Querétaro,América,0.4,1.7,34,25856.0,Pablo Barrera,4-4-2,Victor Caceres,7,2,28.6,0.0,0.0,19.9,0,0,0,0.4,0.4,0.05,-0.4,-0.4,6,6,100.0,1.0,1.2,1.2,0.0,0.0,0.0,0.0,8,18,44.4,16,4,50.0,44.4,10,100.0,75.1,43,1,2.3,0,5.5,190,278,68.3,3923,1933,70,81,86.4,81,100,81.0,36,80,45.0,0,0.2,0.2,4,15,4,3,17,278,237,40,7,0,3,17,19,3,0,3,0,190,1,10,13,10,2,1,0,0,0,0,0,0,0,0,0,0,16,14,13,2,1,6,14,42.9,8,22,13,9,21,36,42,0,34.0,422,97,197,151,83,14,422,18,7,38.9,10,55.6,193,1078,598,15,11,5,12,9,188,20,3,0,0,13,7,1,17,21,14,0,0,0,53,21,19,52.5,26,6,23.1,0.0,0.0,17.0,0,0,0,1.7,1.7,0.07,-1.7,-1.7,2,2,100.0,1.0,0.5,0.5,0.0,0.0,0.0,0.0,3,5,60.0,19,9,10.5,22.2,5,60.0,51.0,12,0,0.0,2,15.7,494,615,80.3,9204,3286,222,247,89.9,185,222,83.3,72,106,67.9,0,1.3,1.5,21,52,18,11,66,615,554,60,14,0,6,48,25,15,13,1,0,494,1,11,47,37,5,0,4,1,0,0,0,0,0,0,0,0,21,12,8,9,4,11,19,57.9,8,10,1,9,11,32,13,0,66.0,733,46,166,317,255,42,733,18,9,50.0,6,33.3,404,2453,1284,28,13,7,13,12,490,66,0,0,0,8,13,1,48,11,12,0,0,0,62,20,21,48.8
2023-01-13,21:05,Liga MX,Clausura 2023 Regular Season,Fri,Away,L,0,2,Querétaro,Puebla,0.5,0.9,41,10613.0,Pablo Barrera,4-4-2,Jorge Camacho,11,5,45.5,0.0,0.0,21.5,1,0,0,0.5,0.5,0.05,-0.5,-0.5,5,3,60.0,0.0,1.7,-0.3,0.0,0.0,0.0,0.0,3,12,25.0,18,4,22.2,31.8,8,100.0,69.1,19,0,0.0,0,,257,334,76.9,4874,1951,113,125,90.4,107,129,82.9,34,63,54.0,0,0.3,0.7,6,25,3,1,26,334,285,48,6,0,2,17,30,1,0,0,0,257,1,10,17,10,4,0,0,2,1,0,0,0,0,0,0,0,12,8,7,4,1,6,11,54.5,5,6,1,5,10,22,15,0,41.0,418,43,135,189,97,14,418,9,2,22.2,6,66.7,224,1297,697,14,4,6,15,5,255,30,2,1,0,12,7,1,17,10,8,0,0,0,37,16,12,57.1,12,5,41.7,0.17,0.4,20.3,0,0,0,0.9,0.9,0.07,1.1,1.1,5,5,100.0,1.0,0.5,0.5,0.0,0.0,0.0,0.0,1,2,50.0,17,4,5.9,24.6,10,10.0,20.0,13,1,7.7,0,6.0,471,549,85.8,9402,2851,160,170,94.1,241,269,89.6,65,98,66.3,2,0.9,1.2,11,56,4,3,44,549,503,46,13,0,8,24,18,4,1,3,0,471,0,7,22,16,3,0,1,2,0,4,4,0,0,0,0,0,12,8,7,3,2,7,9,77.8,2,10,2,8,5,17,20,0,59.0,658,57,166,368,130,9,658,16,5,31.3,7,43.8,383,1930,1081,12,14,0,16,10,468,44,1,0,0,8,10,0,24,5,8,0,0,0,42,12,16,42.9
2023-01-22,17:00,Liga MX,Clausura 2023 Regular Season,Sun,Home,D,3,3,Querétaro,Atlas,2.3,2.4,49,,Pablo Barrera,4-4-2,Óscar Macias,13,4,30.8,0.15,0.5,24.9,0,1,2,2.3,0.8,0.07,0.7,1.2,7,4,57.1,0.0,3.4,0.4,0.0,0.0,0.0,0.0,6,16,37.5,28,5,28.6,35.4,13,61.5,47.9,14,0,0.0,0,11.0,261,372,70.2,5075,2110,117,136,86.0,105,135,77.8,38,86,44.2,2,0.7,0.7,10,20,5,1,26,372,319,53,11,0,3,19,20,5,1,4,0,261,0,7,20,15,3,0,0,0,2,4,3,0,0,0,0,1,20,16,10,8,2,13,15,86.7,2,5,0,5,13,29,11,0,49.0,484,54,146,222,119,19,482,14,5,35.7,8,57.1,259,1269,646,10,8,1,12,14,260,32,2,0,0,9,12,0,19,13,16,0,0,0,53,22,27,44.9,15,7,46.7,0.2,0.43,17.8,1,0,0,2.4,2.4,0.16,0.6,0.6,5,2,60.0,0.0,2.4,-0.6,2.0,1.0,0.0,1.0,8,22,36.4,25,4,56.0,43.3,11,72.7,53.1,13,3,23.1,0,6.0,314,432,72.7,5742,2546,144,164,87.8,134,157,85.4,33,90,36.7,3,2.2,1.1,11,24,4,1,33,432,381,50,8,1,1,15,26,3,1,2,0,314,1,8,26,22,1,1,1,1,0,5,3,0,1,1,0,0,23,7,13,7,3,8,14,57.1,6,7,1,6,7,30,31,0,51.0,552,59,190,250,115,18,552,18,3,16.7,14,77.8,303,1122,481,10,7,3,9,10,313,33,1,0,0,14,8,1,15,7,7,0,2,0,59,27,22,55.1
2023-02-05,17:05,Liga MX,Clausura 2023 Regular Season,Sun,Away,D,1,1,Querétaro,Guadalajara,0.7,1.2,42,26686.0,Pablo Barrera,4-4-2,Edgar Morales,8,1,12.5,0.13,1.0,19.5,1,0,0,0.7,0.7,0.09,0.3,0.3,4,3,75.0,0.0,1.3,0.3,0.0,0.0,0.0,0.0,12,25,48.0,22,5,63.6,47.7,14,78.6,58.7,21,3,14.3,0,5.5,257,366,70.2,5783,2784,84,103,81.6,117,154,76.0,55,94,58.5,0,0.6,0.2,5,20,3,2,23,366,309,55,12,0,6,15,24,3,2,1,0,257,2,8,13,9,1,0,0,1,2,2,1,0,0,0,1,0,21,12,10,9,2,15,30,50.0,15,8,4,4,8,29,28,0,42.0,489,66,170,246,77,9,489,18,2,11.1,11,61.1,203,1137,484,6,9,2,16,2,256,22,2,0,0,19,14,2,15,8,12,0,0,0,53,32,13,71.1,18,4,22.2,0.06,0.25,20.6,1,0,0,1.2,1.2,0.07,-0.2,-0.2,1,0,0.0,0.0,0.3,-0.7,0.0,0.0,0.0,0.0,1,9,11.1,18,3,38.9,35.4,9,22.2,33.8,11,0,0.0,0,3.5,402,508,79.1,6877,2738,198,229,86.5,159,186,85.5,36,78,46.2,1,1.0,0.6,12,28,8,1,51,508,451,57,20,1,6,30,19,7,3,3,0,402,0,6,30,17,6,2,2,3,0,2,1,1,0,0,0,0,13,9,7,6,0,11,13,84.6,2,8,1,7,6,19,10,1,58.0,616,41,178,304,141,19,616,33,15,45.5,15,45.5,372,2218,1044,24,18,3,20,6,401,51,1,0,0,14,19,0,30,6,9,0,0,0,61,13,32,28.9
2023-02-09,19:05,Liga MX,Clausura 2023 Regular Season,Thu,Home,L,0,3,Querétaro,León,0.7,1.9,54,,Pablo Barrera,4-4-2,Jesus Lopez,12,3,25.0,0.0,0.0,19.8,2,0,0,0.7,0.7,0.06,-0.7,-0.7,6,3,66.7,0.0,1.9,-1.1,1.0,1.0,0.0,0.0,8,15,53.3,22,1,40.9,39.2,12,50.0,45.9,14,0,0.0,0,3.0,375,490,76.5,7803,3178,143,160,89.4,169,203,83.3,62,99,62.6,0,0.3,0.4,8,23,3,2,32,490,415,75,18,1,10,24,36,5,0,4,0,375,0,18,21,12,5,0,1,2,1,0,0,0,0,0,0,0,17,9,8,8,1,4,14,28.6,10,9,4,5,8,25,15,0,54.0,595,53,182,291,126,9,595,26,14,53.8,11,42.3,266,1689,748,13,13,1,15,12,371,31,3,0,0,11,19,0,24,8,9,0,1,0,50,7,23,23.3,15,5,33.3,0.13,0.4,18.3,0,1,1,1.9,1.1,0.07,1.1,0.9,3,3,100.0,1.0,0.1,0.1,0.0,0.0,0.0,0.0,8,16,50.0,34,10,35.3,34.2,9,44.4,45.8,16,4,25.0,0,7.1,320,414,77.3,6247,2691,137,156,87.8,138,172,80.2,41,72,56.9,1,0.8,0.7,11,14,8,3,30,414,368,45,10,0,7,19,17,8,4,4,0,320,1,6,28,18,3,4,2,1,0,5,5,0,0,0,0,0,23,16,9,11,3,11,25,44.0,14,15,2,13,12,35,24,0,46.0,552,65,189,256,111,19,551,15,10,66.7,4,26.7,313,1521,873,11,12,2,19,13,315,28,3,0,0,19,9,1,19,12,16,0,0,0,53,23,7,76.7
2023-02-15,19:05,Liga MX,Clausura 2023 Regular Season,Wed,Away,L,0,2,Querétaro,Monterrey,0.8,1.6,48,41660.0,Pablo Barrera,3-4-3,Brian Gonzalez,9,0,0.0,0.0,,23.2,1,0,0,0.8,0.8,0.09,-0.8,-0.8,5,3,60.0,0.0,1.9,-0.1,0.0,0.0,0.0,0.0,8,14,57.1,22,7,36.4,32.5,10,60.0,48.0,12,0,0.0,0,6.0,416,524,79.4,8228,3252,162,187,86.6,201,235,85.5,52,81,64.2,0,0.3,0.3,6,37,4,3,31,524,477,46,15,2,4,27,17,1,0,1,0,416,1,11,15,12,0,1,1,1,0,0,0,0,0,0,0,0,15,8,9,5,1,7,15,46.7,8,8,3,5,18,33,14,0,48.0,634,63,211,309,117,7,634,19,10,52.6,8,42.1,436,2077,985,13,19,0,20,6,411,31,2,0,0,17,15,1,27,18,8,0,0,0,56,13,11,54.2,15,5,33.3,0.13,0.4,16.9,0,0,0,1.6,1.6,0.13,0.4,0.4,0,0,,1.0,0.0,0.0,0.0,0.0,0.0,0.0,6,16,37.5,33,7,36.4,34.6,8,50.0,43.1,22,1,4.5,0,12.5,463,568,81.5,8298,3026,191,212,90.1,209,247,84.6,46,73,63.0,1,0.6,1.0,9,38,14,3,47,568,523,44,17,2,6,13,18,0,0,0,0,463,1,5,25,21,0,0,3,0,1,3,2,0,0,1,0,0,14,8,6,4,4,8,18,44.4,10,10,3,7,9,23,22,0,52.0,681,59,189,338,162,26,681,17,8,47.1,7,41.2,312,1599,859,22,13,3,12,8,457,47,2,0,0,15,15,1,13,9,8,0,0,0,51,11,13,45.8
2023-02-19,17:00,Liga MX,Clausura 2023 Regular Season,Sun,Home,D,1,1,Querétaro,Mazatlán,1.1,0.9,44,,Pablo Barrera,4-3-3,Fernando Hernández,16,6,37.5,0.06,0.17,19.5,1,0,0,1.1,1.1,0.07,-0.1,-0.1,3,2,66.7,0.0,0.7,-0.3,0.0,0.0,0.0,0.0,3,16,18.8,23,4,43.5,36.7,9,66.7,63.7,6,0,0.0,0,15.0,312,440,70.9,6561,2495,118,136,86.8,134,157,85.4,56,125,44.8,1,0.8,0.9,12,28,12,3,37,440,380,57,11,0,2,28,28,7,0,5,0,312,3,10,25,16,5,1,1,2,0,2,1,1,0,0,0,0,19,12,7,10,2,8,14,57.1,6,4,0,4,13,32,7,0,44.0,549,28,171,230,153,25,549,22,6,27.3,11,50.0,258,1628,646,9,8,3,14,8,309,37,4,0,0,8,12,3,28,13,12,0,0,0,57,21,26,44.7,8,3,37.5,0.13,0.33,18.8,0,0,0,0.9,0.9,0.12,0.1,0.1,6,5,83.3,0.0,0.8,-0.2,0.0,0.0,0.0,0.0,4,16,25.0,24,7,33.3,37.2,11,72.7,51.6,21,2,9.5,0,7.0,463,568,81.5,8630,3178,200,221,90.5,206,240,85.8,53,91,58.2,1,0.9,0.5,8,32,4,3,37,568,523,45,11,0,3,10,21,0,0,0,0,463,0,6,15,13,1,0,0,0,1,2,2,0,0,0,0,0,19,9,10,8,1,11,17,64.7,6,11,3,8,7,26,24,1,56.0,684,74,191,409,88,5,684,15,6,40.0,8,53.3,362,1703,703,7,7,1,17,11,460,37,1,0,0,12,8,0,10,7,9,0,0,0,55,26,21,55.3
2023-02-24,19:05,Liga MX,Clausura 2023 Regular Season,Fri,Away,D,1,1,Querétaro,Necaxa,1.1,1.0,58,12035.0,Pablo Barrera,4-3-3,Marco Ortíz,16,3,18.8,0.06,0.33,21.2,0,0,0,1.1,1.1,0.07,-0.1,-0.1,3,2,66.7,0.0,0.4,-0.6,0.0,0.0,0.0,0.0,9,12,75.0,13,2,23.1,26.5,10,90.0,55.1,18,0,0.0,0,2.0,416,539,77.2,8069,2958,171,194,88.1,180,211,85.3,59,106,55.7,1,1.0,1.2,13,45,9,3,45,539,485,51,7,0,7,25,29,3,0,3,0,416,3,10,32,26,3,2,1,0,0,2,2,0,0,0,0,0,18,12,14,3,1,10,18,55.6,8,15,4,11,11,29,18,0,58.0,671,62,202,326,148,14,671,13,5,38.5,6,46.2,401,2334,1332,23,19,1,23,11,411,45,1,0,0,11,6,3,25,11,12,0,0,0,74,27,20,57.4,16,3,18.8,0.06,0.33,18.7,1,0,0,1.0,1.0,0.06,0.0,0.0,3,2,66.7,0.0,0.2,-0.8,0.0,0.0,0.0,0.0,11,29,37.9,21,4,66.7,46.2,17,88.2,66.2,20,1,5.0,0,15.5,273,398,68.6,5460,2530,114,135,84.4,114,151,75.5,39,84,46.4,1,0.9,0.8,12,27,8,5,32,398,338,60,12,0,5,24,25,4,0,3,0,273,0,12,29,18,3,1,2,4,1,2,2,0,0,0,0,0,17,9,11,4,2,6,11,54.5,5,14,5,9,12,29,20,0,42.0,533,49,162,238,142,26,533,24,8,33.3,10,41.7,257,1340,646,15,13,5,18,8,269,32,1,1,0,7,11,0,24,12,9,0,0,0,62,20,27,42.6
2023-03-05,19:05,Liga MX,Clausura 2023 Regular Season,Sun,Home,W,1,0,Querétaro,Toluca,0.3,1.3,25,,Pablo Barrera,4-4-2,Óscar Macias,7,5,71.4,0.14,0.2,23.2,0,0,0,0.3,0.3,0.04,0.7,0.7,7,7,100.0,1.0,1.1,1.1,0.0,0.0,0.0,0.0,10,25,40.0,22,5,63.6,46.5,11,100.0,63.1,21,1,4.8,0,6.3,165,245,67.3,3720,2038,62,76,81.6,54,70,77.1,41,82,50.0,1,0.3,0.2,7,10,2,0,16,245,203,41,8,1,3,7,18,3,0,3,0,165,1,6,10,7,2,0,1,0,0,1,0,1,0,0,0,0,16,10,11,4,1,9,23,39.1,14,10,4,6,11,27,34,0,25.0,369,86,182,142,51,5,369,14,7,50.0,6,42.9,130,672,352,6,8,0,16,11,158,16,3,0,0,13,4,1,7,11,10,0,0,0,46,11,15,42.3,21,7,33.3,0.0,0.0,17.5,0,0,0,1.3,1.3,0.07,-1.3,-1.3,5,4,80.0,0.0,1.0,0.0,0.0,0.0,0.0,0.0,4,6,66.7,34,6,14.7,29.0,2,50.0,33.5,7,1,14.3,1,20.3,624,730,85.5,12441,3861,204,228,89.5,307,344,89.2,96,121,79.3,0,0.8,1.6,15,54,18,2,73,730,679,48,14,2,10,25,22,8,1,5,0,624,3,8,33,22,3,3,4,0,1,0,0,0,0,0,0,0,17,6,6,5,6,6,13,46.2,7,8,2,6,11,28,3,0,75.0,829,45,185,405,247,40,829,26,14,53.8,9,34.6,417,2773,1576,32,25,7,13,7,611,72,1,0,0,5,13,3,25,11,6,0,0,0,50,15,11,57.7
2023-03-10,19:05,Liga MX,Clausura 2023 Regular Season,Fri,Away,L,0,2,Querétaro,Atlético,0.9,1.2,44,12798.0,Pablo Barrera,4-4-2,César Arturo Ramos,7,1,14.3,0.0,0.0,11.1,0,0,0,0.9,0.9,0.12,-0.9,-0.9,6,4,66.7,0.0,1.6,-0.4,0.0,0.0,0.0,0.0,3,7,42.9,15,3,26.7,30.9,11,27.3,36.2,19,1,5.3,0,7.0,300,412,72.8,6017,2583,112,129,86.8,132,161,82.0,47,88,53.4,0,0.9,0.7,7,34,7,3,42,412,356,55,9,1,6,22,30,3,0,2,1,300,1,15,12,7,2,1,1,1,0,0,0,0,0,0,0,0,11,6,7,3,1,8,18,44.4,10,18,3,15,8,19,31,0,44.0,538,61,191,226,127,13,538,10,4,40.0,6,60.0,279,1278,708,11,9,1,21,14,297,42,3,0,0,10,9,1,22,8,6,0,0,0,54,17,10,63.0,17,6,35.3,0.12,0.33,23.0,0,0,0,1.2,1.2,0.07,0.8,0.8,1,1,100.0,1.0,0.1,0.1,0.0,0.0,0.0,0.0,4,11,36.4,14,5,50.0,43.5,7,57.1,41.1,19,2,10.5,3,19.0,399,515,77.5,7546,2654,142,153,92.8,176,222,79.3,58,99,58.6,2,1.1,0.7,15,40,4,0,35,515,456,59,11,0,5,25,31,9,1,7,0,399,0,18,31,19,5,3,2,2,0,4,3,0,1,0,0,0,20,13,12,7,1,6,10,60.0,4,15,1,14,7,27,17,0,56.0,639,44,161,327,155,16,639,18,10,55.6,8,44.4,282,1618,782,16,10,5,18,3,391,34,5,0,0,9,10,0,25,7,13,0,0,0,60,10,18,35.7
2023-03-19,19:05,Liga MX,Clausura 2023 Regular Season,Sun,Home,D,2,2,Querétaro,FC Juárez,1.9,1.2,46,18518.0,Pablo Barrera,4-4-2,Fernando Guerrero,13,3,23.1,0.08,0.33,17.5,0,1,1,1.9,1.2,0.09,0.1,-0.2,4,2,50.0,0.0,1.4,-0.6,0.0,0.0,0.0,0.0,5,14,35.7,20,5,35.0,35.0,8,87.5,59.6,10,0,0.0,0,5.0,249,356,69.9,4978,2364,96,120,80.0,112,140,80.0,37,83,44.6,0,0.9,0.9,10,23,6,4,27,356,301,52,13,1,4,22,20,8,2,6,0,249,3,7,23,14,3,1,2,3,0,3,1,0,1,0,1,0,21,9,11,10,0,7,26,26.9,19,11,4,7,19,40,17,0,46.0,494,46,171,243,91,18,493,16,6,37.5,8,50.0,232,1328,555,12,9,2,28,8,246,27,1,0,0,11,14,3,22,19,9,1,0,0,65,17,12,58.6,13,4,30.8,0.15,0.5,20.7,2,0,0,1.2,1.2,0.09,0.8,0.8,4,2,75.0,0.0,2.9,0.9,1.0,1.0,0.0,0.0,5,10,50.0,15,7,26.7,33.5,9,66.7,49.2,21,0,0.0,0,17.0,298,415,71.8,5220,2231,139,169,82.2,120,158,75.9,31,70,44.3,1,0.6,1.1,8,26,6,1,37,415,356,59,12,1,2,12,30,5,2,3,0,298,0,8,23,16,1,4,0,2,0,4,2,0,1,0,1,0,16,12,8,8,0,8,14,57.1,6,10,3,7,12,28,15,0,54.0,545,49,137,300,111,18,545,27,19,70.4,7,25.9,307,1607,707,13,7,4,16,14,296,37,3,0,0,14,11,0,12,12,12,0,1,0,60,12,17,41.4
2023-03-29,21:05,Liga MX,Clausura 2023 Regular Season,Wed,Home,D,2,2,Querétaro,Cruz Azul,1.3,1.7,52,21518.0,Pablo Barrera,4-4-2,Oscar Mejia,15,7,46.7,0.13,0.29,18.4,0,0,0,1.3,1.3,0.09,0.7,0.7,5,3,60.0,0.0,1.9,-0.1,0.0,0.0,0.0,0.0,6,10,60.0,20,2,30.0,32.4,8,50.0,45.0,6,0,0.0,0,6.0,347,459,75.6,7543,2894,116,138,84.1,148,181,81.8,75,110,68.2,2,1.1,1.0,10,21,9,2,33,459,400,57,11,0,4,19,28,7,1,6,0,347,2,10,23,15,3,1,3,0,1,3,2,1,0,0,0,0,13,7,7,3,3,4,13,30.8,9,10,4,6,10,23,11,0,52.0,551,42,135,301,122,23,551,21,10,47.6,10,47.6,278,1631,684,13,12,5,10,8,341,33,2,0,0,14,11,2,19,10,7,0,0,0,50,18,11,62.1,12,5,41.7,0.17,0.4,19.1,1,0,0,1.7,1.7,0.15,0.3,0.3,7,5,71.4,0.0,1.4,-0.6,0.0,0.0,0.0,0.0,6,14,42.9,21,6,33.3,34.9,11,63.6,51.7,13,0,0.0,0,13.0,325,425,76.5,6254,2551,146,171,85.4,141,164,86.0,37,75,49.3,1,1.2,1.5,9,29,7,1,31,425,379,46,15,2,3,9,16,1,0,1,0,325,0,7,20,13,1,3,1,1,1,3,1,0,1,1,0,0,18,10,10,7,1,10,20,50.0,10,9,3,6,13,31,23,0,48.0,552,62,229,225,104,24,552,15,9,60.0,4,26.7,287,1482,770,10,12,4,19,9,322,30,1,0,0,11,12,0,9,13,10,0,0,0,47,11,18,37.9
2023-04-02,20:05,Liga MX,Clausura 2023 Regular Season,Sun,Home,W,1,0,Querétaro,UNAM,1.2,1.3,52,17890.0,Pablo Barrera,4-4-2,Adonai Escobedo,12,1,8.3,0.08,1.0,19.7,0,0,0,1.2,1.2,0.1,-0.2,-0.2,6,6,100.0,1.0,0.9,0.9,0.0,0.0,0.0,0.0,9,15,60.0,26,4,38.5,36.7,8,62.5,55.9,10,0,0.0,4,16.1,346,449,77.1,7397,3031,117,128,91.4,154,180,85.6,67,109,61.5,1,1.2,0.8,10,21,5,3,28,449,402,45,6,0,9,19,26,4,2,1,0,346,2,17,20,13,4,0,0,2,1,2,0,1,0,0,1,0,18,15,8,8,2,10,33,30.3,23,14,2,12,4,22,16,0,52.0,558,59,184,279,107,17,558,20,11,55.0,9,45.0,246,1338,587,7,8,1,23,8,338,28,5,0,0,13,6,2,19,4,15,0,0,0,66,12,14,46.2,17,6,35.3,0.0,0.0,18.8,1,0,0,1.3,1.3,0.08,-1.3,-1.3,1,0,0.0,0.0,1.0,0.0,0.0,0.0,0.0,0.0,5,19,26.3,18,4,44.4,37.1,19,57.9,45.9,16,0,0.0,1,16.5,314,410,76.6,5931,2505,126,146,86.3,141,168,83.9,38,75,50.7,0,1.1,0.4,13,27,2,0,33,410,352,58,14,4,6,11,19,4,0,4,0,314,0,11,27,10,3,6,7,1,0,0,0,0,0,0,0,0,17,12,10,7,0,9,20,45.0,11,16,2,14,8,25,17,0,48.0,528,53,171,276,87,16,528,35,23,65.7,10,28.6,263,1465,792,10,6,3,13,8,308,33,2,0,0,6,10,0,11,8,12,0,0,0,51,14,12,53.8
2023-04-07,20:10,Liga MX,Clausura 2023 Regular Season,Fri,Away,W,2,1,Querétaro,Tijuana,1.4,1.9,36,20233.0,Pablo Barrera,4-4-2,Luis Santander,13,3,23.1,0.15,0.67,20.8,0,0,0,1.4,1.4,0.11,0.6,0.6,4,3,75.0,0.0,1.3,0.3,0.0,0.0,0.0,0.0,11,24,45.8,17,3,52.9,43.1,17,88.2,58.8,36,4,11.1,0,4.4,181,323,56.0,3884,2472,85,119,71.4,59,99,59.6,36,79,45.6,2,1.2,0.6,9,18,3,1,13,323,255,68,16,1,1,12,25,8,1,6,0,181,0,18,19,13,2,2,0,1,1,4,1,1,0,0,1,1,21,11,12,6,3,14,26,53.8,12,11,5,6,9,30,39,1,36.0,469,79,188,178,110,17,469,24,7,29.2,15,62.5,170,1001,531,10,8,6,16,11,176,13,3,0,0,27,15,0,12,9,11,0,0,0,52,29,27,51.8,24,4,16.7,0.04,0.25,18.0,1,0,0,1.9,1.9,0.08,-0.9,-0.9,3,1,33.3,0.0,1.8,-0.2,0.0,0.0,0.0,0.0,5,9,55.6,12,1,33.3,29.2,12,41.7,40.0,11,0,0.0,0,,440,582,75.6,8734,3606,168,205,82.0,203,248,81.9,64,106,60.4,1,1.0,1.5,15,37,13,8,60,582,505,77,26,0,6,41,28,8,4,4,0,440,0,7,40,27,5,0,3,4,1,2,2,0,0,0,0,0,26,18,11,11,4,15,22,68.2,7,21,3,18,10,36,20,1,64.0,756,51,175,370,215,35,756,30,12,40.0,14,46.7,316,1444,653,16,13,3,24,7,439,60,0,1,0,16,25,0,41,10,18,0,0,0,66,27,29,48.2
2023-04-16,18:00,Liga MX,Clausura 2023 Regular Season,Sun,Home,D,0,0,Querétaro,UANL,1.1,0.5,43,17988.0,Pablo Barrera,4-4-2,Óscar Macias,8,0,0.0,0.0,,17.4,0,0,0,1.1,1.1,0.14,-1.1,-1.1,2,2,100.0,1.0,0.3,0.3,0.0,0.0,0.0,0.0,6,16,37.5,23,4,43.5,40.2,7,85.7,62.6,11,0,0.0,0,,306,426,71.8,6721,2776,100,124,80.6,136,157,86.6,64,122,52.5,0,1.1,1.1,8,33,6,3,27,426,371,55,13,0,8,15,26,8,0,8,0,306,0,10,15,11,3,0,1,0,0,0,0,0,0,0,0,0,21,13,9,9,3,7,17,41.2,10,9,0,9,11,32,16,0,43.0,553,44,177,273,109,13,553,29,10,34.5,18,62.1,253,1470,622,9,9,2,18,7,304,27,2,0,0,18,11,0,15,11,13,0,0,0,69,16,12,57.1,9,2,22.2,0.0,0.0,25.8,1,0,0,0.5,0.5,0.06,-0.5,-0.5,0,0,,1.0,0.0,0.0,0.0,0.0,0.0,0.0,7,12,58.3,29,3,31.0,30.8,10,30.0,36.5,12,0,0.0,3,25.7,453,572,79.2,8210,3107,187,208,89.9,196,233,84.1,52,88,59.1,0,0.3,0.4,6,29,5,1,38,572,507,63,17,0,7,16,32,3,2,1,0,453,2,11,16,11,2,1,1,1,0,0,0,0,0,0,0,0,25,14,11,10,4,18,28,64.3,10,10,2,8,8,33,17,0,57.0,687,58,208,364,118,11,687,19,10,52.6,7,36.8,318,1678,851,11,8,0,18,14,447,38,3,0,0,11,16,2,16,8,14,0,0,0,62,12,16,42.9
2023-04-23,20:05,Liga MX,Clausura 2023 Regular Season,Sun,Away,W,2,0,Querétaro,Santos,0.4,0.9,54,17195.0,Pablo Barrera,4-4-2,Jorge Camacho,11,3,27.3,0.18,0.67,23.9,1,0,0,0.4,0.4,0.04,1.6,1.6,2,2,100.0,1.0,0.6,0.6,0.0,0.0,0.0,0.0,9,18,50.0,19,2,52.6,42.2,9,88.9,55.7,15,0,0.0,0,4.7,389,506,76.9,7891,3005,166,195,85.1,153,176,86.9,65,110,59.1,2,0.2,0.3,7,32,5,1,34,506,460,45,7,0,6,20,21,7,1,4,0,389,1,12,19,12,3,3,0,1,0,2,1,1,0,0,0,0,19,12,14,3,2,9,18,50.0,9,11,5,6,14,33,16,0,54.0,624,52,192,303,137,10,624,19,11,57.9,5,26.3,303,1835,858,12,14,1,16,7,383,34,2,0,0,9,8,1,20,14,12,0,0,0,72,16,18,47.1,13,2,15.4,0.0,0.0,20.5,1,0,0,0.9,0.9,0.07,-0.9,-0.9,3,1,33.3,0.0,0.8,-1.2,0.0,0.0,0.0,0.0,6,18,33.3,21,2,57.1,46.7,7,85.7,61.9,15,1,6.7,1,12.0,322,436,73.9,6962,2844,115,138,83.3,145,180,80.6,60,107,56.1,0,0.4,0.5,9,43,6,0,32,436,385,51,9,0,8,17,27,6,3,3,0,322,0,6,22,13,3,2,3,1,0,0,0,0,0,0,0,0,12,7,3,6,3,5,16,31.3,11,11,1,10,13,25,23,0,46.0,546,46,161,243,154,16,546,19,9,47.4,9,47.4,265,1660,713,11,9,4,19,10,321,32,1,0,0,8,9,0,17,13,7,0,0,0,67,18,16,52.9
2023-04-30,18:00,Liga MX,Clausura 2023 Regular Season,Sun,Home,L,0,1,Querétaro,Pachuca,0.4,2.1,45,17590.0,Pablo Barrera,4-4-2,Victor Caceres,11,6,54.5,0.0,0.0,21.1,0,0,0,0.4,0.4,0.04,-0.4,-0.4,7,6,100.0,0.0,1.7,0.7,1.0,1.0,0.0,0.0,8,27,29.6,30,2,60.0,42.2,12,83.3,64.8,7,1,14.3,0,10.0,302,441,68.5,6457,2665,107,134,79.9,141,172,82.0,51,119,42.9,0,0.4,0.4,10,30,5,1,23,441,385,53,9,0,3,19,24,6,0,6,0,302,3,8,20,10,4,1,1,1,3,0,0,0,0,0,0,0,20,17,10,9,1,8,21,38.1,13,15,4,11,14,34,9,0,45.0,565,68,209,257,115,13,565,29,11,37.9,17,58.6,258,1437,498,11,11,1,14,8,295,23,0,0,0,15,9,3,19,14,17,0,1,0,89,18,23,43.9,19,6,31.6,0.0,0.0,22.6,0,1,1,2.1,1.3,0.07,-1.1,-1.3,6,6,100.0,1.0,0.7,0.7,0.0,0.0,0.0,0.0,6,18,33.3,22,5,45.5,40.3,9,88.9,57.4,15,1,6.7,0,12.5,428,545,78.5,7479,2981,206,237,86.9,188,223,84.3,34,70,48.6,0,1.2,1.0,17,36,7,1,51,545,498,47,17,5,3,10,17,3,1,2,0,428,0,12,36,26,3,3,3,1,0,2,1,0,0,0,1,0,25,17,9,12,4,17,28,60.7,11,8,1,7,15,40,14,0,55.0,671,51,165,371,148,24,670,23,13,56.5,8,34.8,453,2182,1108,22,20,9,12,12,425,51,0,0,0,9,14,0,10,15,17,1,0,0,90,23,18,56.1
2022-07-01,20:05,Liga MX,Apertura 2022 Regular Season,Fri,Home,L,2,4,Mazatlán,Puebla,0.6,2.7,60,9181.0,Néstor Vidrio,4-2-3-1,Daniel Quintero,13,6,46.2,0.15,0.33,18.7,1,0,0,0.6,0.6,0.05,1.4,1.4,7,3,42.9,0.0,3.6,-0.4,0.0,0.0,0.0,0.0,5,9,55.6,29,3,20.7,27.1,8,37.5,33.8,8,0,0.0,3,22.6,382,483,79.1,7009,2830,150,174,86.2,185,219,84.5,38,70,54.3,2,0.6,0.5,12,42,11,4,49,483,420,63,19,1,0,27,21,10,3,6,0,382,0,4,26,17,2,5,1,1,0,4,3,0,1,0,0,0,17,10,6,8,3,7,10,70.0,3,8,3,5,10,27,8,0,60.0,583,41,141,282,169,17,583,23,17,73.9,6,26.1,267,1756,963,14,13,2,18,12,376,48,1,0,0,7,18,0,27,10,10,0,0,0,48,18,23,43.9,18,7,38.9,0.22,0.57,15.3,0,0,0,2.7,2.7,0.16,1.3,1.3,6,4,66.7,0.0,1.4,-0.6,0.0,0.0,0.0,0.0,7,14,50.0,16,5,50.0,38.4,9,66.7,45.1,20,0,0.0,0,14.0,229,325,70.5,4201,1886,94,111,84.7,100,122,82.0,27,64,42.2,2,1.5,0.4,13,9,5,2,21,325,282,41,6,0,3,10,20,3,2,1,0,229,2,6,30,21,2,0,6,0,1,5,2,0,0,3,0,0,18,13,10,6,2,6,23,26.1,17,4,1,3,12,30,23,0,40.0,438,67,184,172,87,22,438,10,3,30.0,7,70.0,174,1075,574,13,11,6,14,10,227,20,3,0,0,18,4,2,10,12,13,0,0,0,53,23,18,56.1
2022-07-08,18:00,Liga MX,Apertura 2022 Regular Season,Fri,Home,L,0,1,Mazatlán,UANL,0.7,1.4,58,12112.0,Néstor Vidrio,4-2-3-1,Adonai Escobedo,13,2,15.4,0.0,0.0,21.7,1,0,0,0.7,0.7,0.06,-0.7,-0.7,6,5,83.3,0.0,2.6,1.6,0.0,0.0,0.0,0.0,7,14,50.0,22,4,50.0,36.5,9,33.3,33.1,9,1,11.1,0,4.5,409,490,83.5,7480,2627,180,194,92.8,190,218,87.2,37,64,57.8,0,0.5,1.0,8,32,5,3,44,490,441,48,22,0,0,24,13,2,1,1,0,409,1,9,18,11,2,2,1,2,0,0,0,0,0,0,0,0,11,4,7,4,0,4,10,40.0,6,10,5,5,6,17,14,0,58.0,582,59,161,281,151,15,582,16,7,43.8,9,56.3,351,2002,1196,23,30,2,11,5,404,43,3,0,0,17,18,1,24,6,4,0,0,0,43,13,11,54.2,17,6,35.3,0.06,0.17,19.6,0,0,0,1.4,1.4,0.08,-0.4,-0.4,2,2,100.0,1.0,0.5,0.5,0.0,0.0,0.0,0.0,8,19,42.1,27,6,59.3,43.0,6,50.0,39.0,23,1,4.3,0,8.0,279,351,79.5,5118,2065,131,140,93.6,93,117,79.5,44,70,62.9,1,1.4,1.0,15,18,5,2,29,351,302,46,19,1,3,16,11,9,2,2,0,279,3,6,30,23,2,4,0,0,1,2,1,1,0,0,0,0,14,10,5,6,3,9,16,56.3,7,12,5,7,9,23,16,0,42.0,460,55,142,190,140,20,460,10,6,60.0,4,40.0,243,1887,959,20,14,9,22,7,274,28,3,1,0,19,17,3,16,9,10,0,0,0,44,11,13,45.8
2022-07-18,19:00,Liga MX,Apertura 2022 Regular Season,Mon,Away,D,1,1,Mazatlán,Pachuca,0.8,1.4,34,7482.0,Néstor Vidrio,4-2-3-1,Jorge Camacho,8,6,75.0,0.13,0.17,23.3,1,0,0,0.8,0.8,0.1,0.2,0.2,4,3,75.0,0.0,1.5,0.5,0.0,0.0,0.0,0.0,13,34,38.2,23,2,82.6,55.0,15,100.0,69.1,21,1,4.8,1,21.0,152,262,58.0,3269,1988,66,90,73.3,54,76,71.1,28,74,37.8,1,0.8,0.3,7,14,4,0,20,262,206,54,13,0,1,7,22,2,0,0,0,152,2,6,15,12,1,1,0,1,0,2,2,0,0,0,0,0,23,11,15,8,0,9,28,32.1,19,23,10,13,12,35,28,0,34.0,401,75,174,136,95,10,401,17,7,41.2,9,52.9,145,809,341,8,5,4,14,8,152,20,3,0,0,15,10,2,7,12,11,0,0,0,53,18,27,40.0,23,4,17.4,0.04,0.25,22.3,4,0,0,1.4,1.4,0.06,-0.4,-0.4,6,5,83.3,0.0,0.5,-0.5,0.0,0.0,0.0,0.0,4,9,44.4,21,4,38.1,37.1,3,33.3,46.3,4,1,25.0,2,17.2,409,520,78.7,8540,3158,155,175,88.6,172,206,83.5,77,110,70.0,1,1.1,1.4,14,60,13,4,61,520,457,59,13,0,10,28,32,9,3,3,0,409,4,14,39,26,4,2,1,4,2,2,2,0,0,0,0,0,17,12,12,3,2,9,16,56.3,7,8,1,7,12,29,12,0,66.0,654,34,173,280,211,34,654,28,19,67.9,9,32.1,363,2018,1077,24,19,5,22,14,405,61,2,0,0,11,15,4,28,12,12,0,0,0,57,27,18,60.0
2022-07-22,18:00,Liga MX,Apertura 2022 Regular Season,Fri,Home,D,1,1,Mazatlán,Atlético,2.5,1.8,59,8756.0,Néstor Vidrio,4-2-3-1,Ismael Lopez,18,3,16.7,0.0,0.0,20.3,1,1,1,2.5,1.7,0.1,-1.5,-1.7,11,10,90.9,0.0,2.2,1.2,0.0,0.0,0.0,0.0,1,3,33.3,13,3,23.1,28.8,8,0.0,23.3,23,0,0.0,2,14.2,429,518,82.8,8089,2892,157,175,89.7,214,242,88.4,52,79,65.8,0,1.6,1.3,14,40,6,1,52,518,468,49,10,0,1,26,21,8,0,7,0,429,1,9,32,20,6,1,3,2,0,2,1,0,0,0,1,0,15,10,3,11,1,4,15,26.7,11,18,3,15,12,27,25,0,59.0,662,66,190,313,166,19,661,18,10,55.6,5,27.8,371,2122,1030,21,9,2,17,13,425,51,2,0,0,12,11,1,26,12,10,1,0,0,56,10,13,43.5,22,11,50.0,0.05,0.09,16.8,1,0,0,1.8,1.8,0.09,-0.8,-0.8,4,3,100.0,0.0,1.7,0.7,1.0,1.0,0.0,0.0,4,10,40.0,10,5,50.0,38.7,11,54.5,46.1,21,1,4.8,0,6.0,266,364,73.1,5514,2358,93,108,86.1,102,126,81.0,57,93,61.3,1,1.4,1.1,15,29,5,2,22,364,303,60,12,2,8,24,23,12,3,9,0,266,1,15,40,26,4,1,6,1,2,2,1,1,0,0,0,0,18,11,8,9,1,5,15,33.3,10,12,5,7,12,30,21,0,41.0,491,59,169,208,119,26,491,15,11,73.3,4,26.7,243,1304,558,12,6,7,11,11,262,22,5,0,0,11,10,1,24,12,11,0,1,0,51,13,10,56.5
2022-07-27,21:05,Liga MX,Apertura 2022 Regular Season,Wed,Away,D,1,1,Mazatlán,UNAM,0.5,1.2,40,35423.0,Néstor Vidrio,4-2-3-1,Luis Santander,7,1,14.3,0.14,1.0,23.1,1,0,0,0.5,0.5,0.08,0.5,0.5,8,7,87.5,0.0,0.8,-0.2,0.0,0.0,0.0,0.0,10,18,55.6,24,6,41.7,36.9,13,61.5,50.0,24,1,4.2,0,10.5,252,322,78.3,4628,2139,108,120,90.0,97,112,86.6,31,64,48.4,1,0.5,0.4,5,11,3,2,15,322,269,52,15,0,3,14,19,3,1,2,0,252,1,6,13,9,1,1,0,2,0,2,1,1,0,0,0,0,21,8,9,9,3,11,24,45.8,13,7,2,5,9,30,36,0,40.0,445,79,183,189,76,5,445,15,6,40.0,9,60.0,201,1019,521,9,7,0,14,3,251,15,1,0,0,12,15,1,14,9,8,0,0,0,35,16,9,64.0,20,8,40.0,0.05,0.13,19.9,2,0,0,1.2,1.2,0.06,-0.2,-0.2,1,0,0.0,0.0,0.6,-0.4,0.0,0.0,0.0,0.0,0,1,0.0,15,1,6.7,27.5,10,0.0,21.7,11,0,0.0,3,22.5,394,478,82.4,7460,2759,172,188,91.5,154,180,85.6,59,89,66.3,1,0.7,0.6,13,45,8,3,49,478,425,51,11,0,14,28,21,7,1,5,0,394,2,7,36,25,4,2,2,3,0,2,0,1,0,1,0,0,12,6,3,6,3,9,15,60.0,6,7,3,4,3,15,13,0,60.0,573,37,122,310,147,19,573,24,13,54.2,11,45.8,304,1664,938,15,8,4,13,10,392,48,2,0,0,16,10,2,28,3,6,0,0,0,41,9,16,36.0
2022-07-30,19:05,Liga MX,Apertura 2022 Regular Season,Sat,Away,L,0,2,Mazatlán,Tijuana,0.5,1.0,53,20333.0,Néstor Vidrio,4-2-3-1,Daniel Quintero,11,4,36.4,0.0,0.0,22.0,1,0,0,0.5,0.5,0.05,-0.5,-0.5,5,4,60.0,0.0,1.4,0.4,0.0,0.0,0.0,0.0,6,9,66.7,21,4,33.3,31.5,8,25.0,28.5,20,2,10.0,1,13.4,355,467,76.0,6566,2581,152,191,79.6,142,166,85.5,51,91,56.0,0,0.3,0.4,7,31,4,2,37,467,415,50,20,0,3,19,17,2,0,1,0,355,2,13,20,15,2,0,1,1,1,0,0,0,0,0,0,0,11,6,6,3,2,6,15,40.0,9,10,1,9,18,29,20,1,53.0,583,63,185,289,112,13,583,14,7,50.0,6,42.9,371,1398,712,7,5,0,17,13,352,36,3,0,0,12,19,2,19,18,6,0,0,1,50,21,15,58.3,10,5,50.0,0.1,0.2,18.4,0,0,0,1.0,1.0,0.14,0.0,0.0,4,4,100.0,1.0,0.1,0.1,0.0,0.0,0.0,0.0,4,14,28.6,28,2,39.3,33.9,6,50.0,36.2,10,0,0.0,0,9.5,284,410,69.3,4803,1702,145,169,85.8,108,146,74.0,25,69,36.2,0,0.3,0.6,6,25,5,1,33,410,352,56,14,0,3,27,28,7,4,3,0,284,2,12,13,8,2,0,2,0,1,1,0,0,0,1,0,0,19,12,8,9,2,6,13,46.2,7,12,0,12,10,29,17,0,47.0,507,53,166,202,145,24,507,17,9,52.9,6,35.3,213,1423,923,20,13,3,10,5,282,33,3,0,0,20,12,2,27,10,12,0,0,0,57,15,21,41.7
2022-08-05,20:05,Liga MX,Apertura 2022 Regular Season,Fri,Home,W,2,1,Mazatlán,Guadalajara,0.9,1.9,50,14250.0,Néstor Vidrio,4-2-3-1,Jorge Camacho,16,4,25.0,0.13,0.5,23.2,2,0,0,0.9,0.9,0.05,1.1,1.1,5,3,80.0,0.0,1.2,0.2,1.0,0.0,1.0,0.0,3,11,27.3,19,3,36.8,34.8,6,66.7,45.0,13,0,0.0,0,9.5,269,360,74.7,4837,1998,111,132,84.1,121,150,80.7,29,59,49.2,2,0.8,1.0,13,29,4,1,31,360,314,44,10,1,1,15,22,4,0,3,0,269,2,8,29,20,4,1,1,3,0,4,2,1,0,0,1,0,24,13,9,10,5,12,23,52.2,11,10,4,6,15,39,17,0,50.0,488,49,148,222,124,16,488,20,8,40.0,10,50.0,289,1427,754,17,9,4,14,4,268,31,5,0,0,18,8,2,15,15,13,0,1,0,58,21,10,67.7,12,4,33.3,0.08,0.25,19.3,1,0,1,1.9,0.9,0.07,-0.9,0.1,4,2,50.0,0.0,0.5,-1.5,0.0,0.0,0.0,0.0,4,15,26.7,16,4,25.0,36.6,11,100.0,70.7,11,0,0.0,1,18.4,256,355,72.1,4892,1911,113,143,79.0,110,140,78.6,31,59,52.5,0,0.6,0.7,6,22,4,2,26,355,300,53,18,1,4,19,17,4,2,2,0,256,2,6,23,15,1,3,1,3,0,1,0,0,0,1,0,0,14,9,8,5,1,10,18,55.6,8,11,5,6,10,24,11,0,50.0,461,40,145,221,101,19,461,26,11,42.3,12,46.2,296,1448,699,12,6,5,17,12,248,26,4,1,1,9,18,2,19,10,9,1,0,0,58,10,21,32.3
2022-08-13,17:00,Liga MX,Apertura 2022 Regular Season,Sat,Away,W,3,0,Mazatlán,León,1.2,0.9,30,23512.0,Néstor Vidrio,4-2-3-1,Eduardo Galván,8,5,62.5,0.25,0.4,16.4,0,0,0,1.2,1.2,0.17,0.8,0.8,1,1,100.0,1.0,0.1,0.1,0.0,0.0,0.0,0.0,8,23,34.8,13,0,84.6,62.8,13,92.3,62.8,25,1,4.0,0,11.3,184,254,72.4,3593,1727,84,98,85.7,78,95,82.1,21,51,41.2,1,0.5,0.4,5,18,7,3,17,254,213,39,9,0,0,6,15,1,0,0,0,184,2,6,14,9,1,2,2,0,0,4,3,0,1,0,0,0,12,8,8,3,1,6,22,27.3,16,10,7,3,11,23,29,0,30.0,367,75,174,135,65,7,367,19,9,47.4,7,36.8,197,1191,617,13,9,2,14,10,182,17,4,0,0,13,8,2,6,11,8,0,0,0,44,13,10,56.5,12,1,8.3,0.0,0.0,16.7,1,0,0,0.9,0.9,0.07,-0.9,-0.9,5,3,40.0,0.0,1.6,-0.4,0.0,0.0,0.0,0.0,6,8,75.0,29,9,24.1,28.8,3,33.3,29.3,5,0,0.0,3,27.0,512,602,85.0,9929,3038,195,216,90.3,231,259,89.2,78,107,72.9,0,0.8,1.4,10,59,13,4,56,602,548,52,14,1,6,39,22,9,4,5,0,512,2,6,20,14,3,0,1,1,1,0,0,0,0,0,0,0,17,10,9,5,3,7,16,43.8,9,8,1,7,3,20,6,0,70.0,684,31,128,340,222,29,684,29,16,55.2,6,20.7,430,2389,1370,25,25,1,14,6,503,56,1,0,0,9,13,2,39,3,10,0,0,1,38,10,13,43.5
2022-08-16,18:00,Liga MX,Apertura 2022 Regular Season,Tue,Home,D,1,1,Mazatlán,Querétaro,0.3,1.3,56,10690.0,Nicolás Vikonis,4-4-1-1,Luis Santander,7,2,28.6,0.14,0.5,19.7,1,0,0,0.3,0.3,0.04,0.7,0.7,7,6,85.7,0.0,2.0,1.0,0.0,0.0,0.0,0.0,6,10,60.0,22,6,31.8,31.6,6,50.0,46.2,22,2,9.1,1,12.6,392,499,78.6,6575,2569,175,204,85.8,161,185,87.0,32,65,49.2,1,0.2,0.4,5,32,4,1,40,499,457,42,15,0,4,15,16,3,1,2,0,392,0,13,11,7,1,1,1,1,0,2,0,1,0,1,0,0,9,6,3,5,1,5,11,45.5,6,3,2,1,10,19,11,0,56.0,573,49,158,301,120,12,573,14,8,57.1,6,42.9,293,1865,948,16,15,2,10,6,383,39,1,0,0,15,14,0,15,10,6,0,0,0,47,18,16,52.9,15,7,46.7,0.07,0.14,19.0,1,0,0,1.3,1.3,0.09,-0.3,-0.3,2,1,50.0,0.0,0.5,-0.5,0.0,0.0,0.0,0.0,6,18,33.3,26,3,42.3,35.8,8,87.5,62.6,12,1,8.3,1,12.8,296,398,74.4,5885,2235,107,133,80.5,135,158,85.4,48,88,54.5,1,1.2,0.9,12,19,6,5,25,398,350,47,14,0,3,27,17,6,2,4,0,296,1,5,26,21,3,0,0,2,0,2,2,0,0,0,0,0,12,5,4,7,1,6,14,42.9,8,13,2,11,8,20,9,1,44.0,490,51,185,213,97,20,490,12,6,50.0,5,41.7,243,1465,771,12,11,2,8,4,291,23,2,0,0,15,15,1,27,8,5,0,0,0,51,16,18,47.1
2022-08-20,20:05,Liga MX,Apertura 2022 Regular Season,Sat,Away,D,1,1,Mazatlán,FC Juárez,1.0,1.1,58,11427.0,Néstor Vidrio,4-2-3-1,Daniel Quintero,12,1,8.3,0.08,1.0,17.2,0,0,0,1.0,1.0,0.09,0.0,0.0,2,1,50.0,0.0,1.0,0.0,0.0,0.0,0.0,0.0,6,10,60.0,25,8,36.0,33.7,7,14.3,25.0,16,3,18.8,2,15.8,381,463,82.3,7282,2501,134,150,89.3,203,232,87.5,39,62,62.9,0,0.7,0.9,6,32,7,2,39,463,419,42,14,0,1,23,12,7,4,0,0,381,2,10,21,16,3,0,2,0,0,1,0,1,0,0,0,0,12,10,6,5,1,4,13,30.8,9,9,4,5,9,21,20,0,58.0,554,51,182,246,130,24,554,8,5,62.5,2,25.0,299,1443,853,17,13,4,15,7,378,39,3,0,0,12,14,2,23,9,10,0,0,0,47,5,10,33.3,12,2,16.7,0.08,0.5,16.3,1,0,0,1.1,1.1,0.09,-0.1,-0.1,1,0,0.0,0.0,0.4,-0.6,0.0,0.0,0.0,0.0,7,13,53.8,18,1,33.3,31.3,11,63.6,54.5,18,0,0.0,0,4.0,251,332,75.6,4975,2198,97,116,83.6,111,128,86.7,37,69,53.6,1,0.7,0.9,6,24,6,3,24,332,274,57,13,2,8,17,24,7,6,1,0,251,1,5,19,12,1,1,3,2,0,2,2,0,0,0,0,0,9,7,5,1,3,2,7,28.6,5,10,2,8,12,21,25,0,42.0,430,61,153,159,124,15,430,18,9,50.0,4,22.2,208,1055,493,18,9,3,21,8,245,24,3,1,0,14,10,1,17,12,7,0,0,0,43,10,5,66.7
2022-08-26,20:05,Liga MX,Apertura 2022 Regular Season,Fri,Home,L,1,3,Mazatlán,América,0.2,1.9,43,18365.0,Nicolás Vikonis,4-2-3-1,Erick Miranda,7,2,28.6,0.0,0.0,25.3,1,0,0,0.2,0.2,0.03,-0.2,-0.2,4,1,25.0,0.0,2.2,-0.8,0.0,0.0,0.0,0.0,7,16,43.8,22,4,36.4,36.9,11,72.7,51.5,21,1,4.8,2,17.8,270,349,77.4,5316,2175,112,129,86.8,110,134,82.1,44,70,62.9,0,0.0,0.4,2,23,3,1,27,349,311,37,9,0,1,7,10,3,2,0,0,270,1,7,10,6,2,0,0,1,1,0,0,0,0,0,0,0,15,10,11,4,0,6,15,40.0,9,7,5,2,10,25,26,0,43.0,454,75,188,189,82,6,454,13,5,38.5,5,38.5,260,1530,737,11,9,3,14,7,267,26,4,1,1,21,9,1,7,10,10,0,0,0,38,11,16,40.7,17,4,23.5,0.18,0.75,17.2,1,0,0,1.9,1.9,0.11,1.1,1.1,2,2,50.0,0.0,0.1,0.1,0.0,0.0,0.0,0.0,3,9,33.3,19,4,36.8,37.4,5,40.0,44.4,5,1,20.0,0,6.0,377,464,81.3,7298,2420,157,180,87.2,164,194,84.5,48,73,65.8,3,1.8,1.7,14,32,10,2,49,464,410,53,21,0,5,24,20,5,1,2,0,377,1,2,33,24,4,0,2,3,0,6,4,1,0,1,0,0,12,5,8,3,1,5,10,50.0,5,8,2,6,7,19,7,0,57.0,557,33,143,250,170,24,557,20,9,45.0,6,30.0,289,1654,931,19,14,8,14,9,371,49,2,0,0,9,19,1,24,7,5,0,0,1,37,16,11,59.3
2022-09-03,19:05,Liga MX,Apertura 2022 Regular Season,Sat,Away,D,0,0,Mazatlán,Monterrey,0.3,1.7,44,33135.0,Néstor Vidrio,4-2-3-1,Victor Caceres,9,0,0.0,0.0,,21.8,0,0,0,0.3,0.3,0.03,-0.3,-0.3,3,3,100.0,1.0,0.5,0.5,0.0,0.0,0.0,0.0,14,29,48.3,32,8,65.6,44.8,10,80.0,51.2,21,0,0.0,0,8.0,267,383,69.7,5291,2634,119,158,75.3,100,128,78.1,44,79,55.7,0,0.2,0.3,7,30,4,1,36,383,330,50,16,0,2,16,19,4,3,1,0,267,3,7,16,14,0,1,0,1,0,0,0,0,0,0,0,0,15,12,4,8,3,5,5,100.0,0,9,4,5,12,27,20,0,44.0,486,61,165,206,121,8,486,15,6,40.0,5,33.3,194,1374,691,16,8,2,15,10,265,36,3,0,0,10,11,3,16,12,12,0,0,0,42,17,25,40.5,19,3,15.8,0.0,0.0,19.3,0,0,0,1.7,1.7,0.09,-1.7,-1.7,0,0,,1.0,0.0,0.0,0.0,0.0,0.0,0.0,6,9,66.7,24,3,20.8,26.8,12,33.3,29.3,12,2,16.7,0,8.5,368,486,75.7,6739,2809,159,185,85.9,163,198,82.3,41,76,53.9,0,0.9,0.8,15,35,13,6,50,486,430,52,12,1,3,25,21,6,2,4,0,368,4,7,34,26,4,0,2,0,2,0,0,0,0,0,0,0,15,9,6,8,1,5,11,45.5,6,9,3,6,8,23,16,0,56.0,588,57,170,277,147,21,588,7,0,0.0,5,71.4,287,1474,781,13,12,1,10,10,362,50,1,0,0,12,10,4,25,8,9,0,0,0,48,25,17,59.5
2022-09-07,20:00,Liga MX,Apertura 2022 Regular Season,Wed,Home,W,1,0,Mazatlán,Atlas,1.3,1.6,43,9198.0,Néstor Vidrio,4-2-3-1,Fernando Hernández,14,6,42.9,0.07,0.17,19.1,1,0,0,1.3,1.3,0.1,-0.3,-0.3,5,5,100.0,1.0,1.0,1.0,0.0,0.0,0.0,0.0,6,23,26.1,39,3,33.3,31.9,16,75.0,51.3,21,1,4.8,0,11.8,283,380,74.5,5462,2077,105,124,84.7,135,162,83.3,35,70,50.0,0,0.9,0.8,12,20,4,3,21,380,330,49,6,0,3,10,23,3,0,2,0,283,1,12,25,16,3,3,1,1,1,1,0,0,0,0,0,1,10,7,6,4,0,4,10,40.0,6,12,6,6,15,25,23,0,43.0,486,75,181,222,94,14,486,17,8,47.1,7,41.2,275,1547,920,18,13,4,7,8,279,21,1,0,0,8,5,1,10,15,7,0,0,0,38,15,19,44.1,25,5,20.0,0.0,0.0,17.7,0,0,0,1.6,1.6,0.06,-1.6,-1.6,6,5,83.3,0.0,0.7,-0.3,0.0,0.0,0.0,0.0,7,15,46.7,32,4,37.5,33.3,8,37.5,36.6,6,0,0.0,0,13.5,400,510,78.4,8309,2890,135,156,86.5,187,222,84.2,71,112,63.4,0,1.2,1.3,18,36,10,1,50,510,464,44,9,2,10,29,17,8,0,6,0,400,2,8,41,30,6,0,5,0,0,0,0,0,0,0,0,0,15,10,5,9,1,7,15,46.7,8,10,2,8,5,20,16,1,57.0,608,50,150,287,174,32,608,12,6,50.0,4,33.3,270,1384,676,17,14,5,7,6,388,48,2,0,0,5,8,2,29,5,10,0,0,0,43,19,15,55.9
2022-09-11,16:00,Liga MX,Apertura 2022 Regular Season,Sun,Away,L,0,2,Mazatlán,Cruz Azul,0.2,2.3,42,1153.0,Néstor Vidrio,4-2-3-1,César Arturo Ramos,3,0,0.0,0.0,,14.3,0,0,0,0.2,0.2,0.06,-0.2,-0.2,4,2,75.0,0.0,3.2,1.3,0.0,1.0,0.0,0.0,7,17,41.2,34,5,29.4,28.9,15,46.7,40.5,12,0,0.0,1,18.0,294,383,76.8,5621,2337,110,120,91.7,140,166,84.3,38,76,50.0,0,0.2,0.5,3,21,1,0,25,383,333,49,11,1,1,12,20,1,0,1,0,294,1,12,6,4,1,0,0,1,0,0,0,0,0,0,0,0,4,1,3,1,0,3,7,42.9,4,12,3,9,5,9,12,1,42.0,457,63,189,197,74,10,457,18,8,44.4,8,44.4,218,1096,503,10,5,3,10,7,291,25,1,1,0,10,9,1,12,5,1,0,1,0,39,10,16,38.5,17,3,17.6,0.06,0.33,20.0,1,1,1,2.3,1.5,0.09,-0.3,-0.5,0,0,,1.0,0.0,0.0,0.0,0.0,0.0,0.0,6,7,85.7,17,3,41.2,37.9,5,0.0,19.0,7,1,14.3,0,12.5,447,525,85.1,8577,2797,185,193,95.9,194,223,87.0,63,88,71.6,0,1.0,1.0,13,34,4,1,37,525,478,45,9,2,8,19,23,7,1,4,0,447,2,10,29,22,3,0,1,3,0,2,1,0,0,1,0,0,15,5,3,9,3,8,16,50.0,8,10,1,9,7,22,14,0,58.0,617,40,168,307,143,24,616,8,4,50.0,3,37.5,366,1867,1005,19,12,7,13,1,444,37,0,0,0,9,9,2,19,7,5,0,0,0,42,16,10,61.5
2022-09-16,20:00,Liga MX,Apertura 2022 Regular Season,Fri,Home,D,1,1,Mazatlán,Toluca,2.2,0.9,40,11779.0,Néstor Vidrio,4-1-2-1-2◆,Daniel Quintero,19,6,31.6,0.05,0.17,13.8,0,0,0,2.2,2.2,0.13,-1.2,-1.2,9,8,88.9,0.0,1.2,0.2,0.0,0.0,0.0,0.0,11,20,55.0,38,10,47.4,40.4,8,25.0,25.1,9,0,0.0,4,20.3,239,342,69.9,5031,2705,85,112,75.9,113,142,79.6,40,69,58.0,0,1.6,2.1,13,19,11,7,29,342,296,42,17,1,2,23,11,4,1,2,0,239,4,6,33,20,4,3,4,2,0,1,0,0,0,1,0,0,10,5,5,4,1,5,9,55.6,4,6,1,5,19,29,12,0,40.0,444,63,158,158,133,35,444,19,9,47.4,10,52.6,228,1241,705,13,6,2,13,10,236,29,3,0,0,15,11,4,23,19,5,0,0,0,53,20,14,58.8,17,9,52.9,0.06,0.11,20.3,2,0,0,0.9,0.9,0.06,0.1,0.1,6,5,83.3,0.0,2.8,1.8,0.0,0.0,0.0,0.0,10,20,50.0,31,3,51.6,40.7,8,50.0,42.9,19,0,0.0,5,24.8,416,510,81.6,7653,2875,183,199,92.0,173,209,82.8,50,76,65.8,1,0.7,0.7,11,29,6,0,35,510,458,46,16,3,4,12,16,4,2,2,0,416,6,6,32,22,4,2,2,2,0,2,1,1,0,0,0,0,20,10,9,10,1,10,19,52.6,9,8,5,3,10,30,31,1,60.0,636,76,223,297,123,18,636,11,4,36.4,5,45.5,375,1720,851,16,12,5,14,5,411,35,3,0,0,11,13,6,12,10,10,0,0,0,51,14,20,41.2
2022-09-23,19:00,Liga MX,Apertura 2022 Regular Season,Fri,Away,D,2,2,Mazatlán,Necaxa,0.8,1.5,41,11467.0,Néstor Vidrio,4-2-2-2,Fernando Hernández,12,4,33.3,0.17,0.5,17.9,0,0,0,0.8,0.8,0.07,1.2,1.2,6,4,66.7,0.0,1.5,-0.5,0.0,0.0,0.0,0.0,5,19,26.3,29,9,48.3,44.0,12,41.7,35.9,21,4,19.0,1,13.0,250,355,70.4,5076,2255,86,106,81.1,124,150,82.7,36,86,41.9,2,0.5,0.6,8,26,4,2,28,355,305,50,16,1,4,25,15,4,1,3,0,250,0,7,20,13,1,4,2,0,0,4,3,0,1,0,0,0,7,6,3,4,0,3,9,33.3,6,7,3,4,10,17,28,0,41.0,463,66,179,186,103,15,463,22,12,54.5,8,36.4,217,1095,555,10,5,1,18,7,249,28,3,0,0,11,12,0,25,10,6,0,0,0,46,9,20,31.0,18,6,33.3,0.11,0.33,21.4,1,0,0,1.5,1.5,0.09,0.5,0.5,4,2,50.0,0.0,1.2,-0.8,0.0,0.0,0.0,0.0,9,17,52.9,36,5,38.9,34.1,13,23.1,28.2,18,1,5.6,1,14.5,385,501,76.8,7880,3099,134,160,83.8,179,216,82.9,62,101,61.4,1,1.3,0.9,13,27,10,5,33,501,442,55,10,2,5,25,24,5,1,3,0,385,4,4,29,20,5,2,1,1,0,4,2,0,1,0,1,0,15,9,7,8,0,8,20,40.0,12,8,2,6,12,27,19,0,59.0,605,71,193,279,137,17,605,13,6,46.2,3,23.1,335,1598,820,10,9,1,13,4,378,32,3,0,0,12,10,4,25,12,9,0,0,0,47,20,9,69.0
2022-10-02,18:05,Liga MX,Apertura 2022 Regular Season,Sun,Away,L,0,3,Mazatlán,Santos,1.4,2.0,45,14461.0,Néstor Vidrio,4-4-2,Adonai Escobedo,12,2,16.7,0.0,0.0,20.6,1,0,1,1.4,0.6,0.05,-1.4,-0.6,6,3,66.7,0.0,2.3,-0.7,1.0,1.0,0.0,0.0,15,20,75.0,22,7,59.1,38.3,12,58.3,46.3,10,0,0.0,0,9.8,237,340,69.7,4449,2519,104,137,75.9,88,121,72.7,35,60,58.3,0,0.4,0.6,8,20,6,1,32,340,293,47,13,0,2,12,16,2,1,1,0,237,0,6,19,13,0,0,4,2,0,0,0,0,0,0,0,0,7,4,5,2,0,4,14,28.6,10,11,0,11,13,20,5,1,45.0,438,55,125,196,120,16,437,24,12,50.0,8,33.3,252,1171,547,6,12,3,21,3,235,32,3,0,0,16,14,0,12,13,4,0,1,0,43,17,12,58.6,12,5,41.7,0.17,0.4,17.5,0,1,1,2.0,1.2,0.1,1.0,0.8,2,2,100.0,1.0,0.3,0.3,1.0,0.0,0.0,1.0,6,15,40.0,15,0,73.3,50.1,12,41.7,32.1,10,0,0.0,0,14.0,318,417,76.3,5869,2439,144,164,87.8,130,161,80.7,39,73,53.4,1,1.0,0.6,9,26,9,2,35,417,371,46,15,4,3,13,13,5,3,2,0,318,0,10,22,16,2,2,1,1,0,5,2,0,2,0,1,0,11,6,4,6,1,8,20,40.0,12,8,3,5,12,23,17,0,55.0,524,62,166,275,91,22,523,14,10,71.4,4,28.6,319,1635,873,22,16,7,13,3,315,35,2,0,0,15,14,0,13,12,6,1,1,0,59,12,17,41.4
2023-01-12,21:05,Liga MX,Clausura 2023 Regular Season,Thu,Away,L,1,2,Mazatlán,Atlas,0.5,3.8,46,12794.0,Néstor Vidrio,4-4-1-1,Ismael Lopez,11,3,27.3,0.09,0.33,22.8,0,0,0,0.5,0.5,0.04,0.5,0.5,10,8,90.0,0.0,3.1,1.1,1.0,1.0,0.0,0.0,5,15,33.3,40,5,35.0,32.6,6,16.7,29.5,15,3,20.0,2,15.0,302,406,74.4,5621,2104,128,148,86.5,143,175,81.7,28,58,48.3,0,0.3,0.3,9,25,2,0,28,406,357,48,16,0,2,16,23,0,0,0,0,302,1,10,19,17,0,1,1,0,0,1,0,0,0,1,0,0,12,8,3,6,3,4,10,40.0,6,12,6,6,13,25,30,0,46.0,535,87,195,231,116,8,535,20,8,40.0,9,45.0,281,1760,1039,19,16,2,13,6,301,28,2,0,0,14,13,1,16,13,8,0,1,0,52,22,19,53.7,21,9,42.9,0.05,0.11,19.5,1,1,1,3.8,3.0,0.15,-1.8,-2.0,3,2,66.7,0.0,0.9,-0.1,0.0,0.0,0.0,0.0,7,16,43.8,37,4,24.3,29.7,12,58.3,42.7,9,0,0.0,1,27.0,350,469,74.6,6461,2718,149,177,84.2,146,176,83.0,44,86,51.2,0,2.0,1.5,13,28,6,4,32,469,408,59,13,4,0,23,24,8,3,2,0,350,2,8,38,23,5,2,5,3,0,3,0,1,0,1,1,0,15,8,10,4,1,9,17,52.9,8,9,0,9,11,26,11,0,54.0,574,49,199,246,135,33,573,13,6,46.2,4,30.8,284,1592,627,14,6,4,10,8,349,32,3,0,0,14,14,2,23,11,8,1,0,0,49,19,22,46.3
2023-01-20,20:00,Liga MX,Clausura 2023 Regular Season,Fri,Home,L,1,2,Mazatlán,Santos,1.5,1.9,53,9854.0,Jefferson Intriago,4-2-2-2,César Arturo Ramos,16,5,31.3,0.06,0.2,17.8,0,0,0,1.5,1.5,0.11,-0.5,-0.5,12,10,83.3,0.0,2.5,0.5,0.0,0.0,0.0,0.0,7,17,41.2,30,4,43.3,37.2,9,44.4,39.4,19,0,0.0,0,11.0,369,485,76.1,7516,2694,138,157,87.9,167,210,79.5,59,95,62.1,1,1.0,1.3,12,32,12,4,58,485,434,51,12,1,7,33,20,7,2,3,0,369,0,9,30,21,2,3,2,2,0,2,2,0,0,0,0,0,18,10,7,9,2,10,25,40.0,15,9,4,5,14,32,18,0,53.0,606,72,161,288,164,19,606,12,6,50.0,2,16.7,348,1879,1056,15,11,1,20,5,365,57,2,0,0,11,9,0,33,14,10,0,0,0,56,22,15,59.5,23,12,52.2,0.09,0.17,17.3,0,0,0,1.9,1.9,0.08,0.1,0.1,5,4,80.0,0.0,2.1,1.1,0.0,0.0,0.0,0.0,5,17,29.4,13,4,53.8,42.3,14,78.6,52.0,27,0,0.0,0,7.0,339,438,77.4,5643,2288,190,208,91.3,99,124,79.8,37,80,46.3,2,1.6,1.4,18,29,11,3,39,438,383,52,11,1,9,21,16,9,4,4,1,339,3,5,39,29,4,2,3,1,0,4,3,1,0,0,0,0,7,3,2,4,1,2,8,25.0,6,10,3,7,9,16,37,0,47.0,588,69,181,289,129,31,588,27,15,55.6,10,37.0,298,1547,747,16,10,6,13,8,335,39,3,0,0,9,11,3,21,9,3,0,0,0,58,15,22,40.5
2023-01-28,21:05,Liga MX,Clausura 2023 Regular Season,Sat,Away,L,0,6,Mazatlán,América,0.5,3.1,39,22588.0,Jefferson Intriago,4-1-4-1,Luis Santander,10,2,20.0,0.0,0.0,18.1,0,0,0,0.5,0.5,0.05,-0.5,-0.5,8,2,25.0,0.0,4.1,-1.9,0.0,0.0,0.0,0.0,3,11,27.3,23,5,34.8,33.7,5,60.0,49.6,14,0,0.0,0,12.0,290,366,79.2,4972,1762,138,151,91.4,115,137,83.9,30,65,46.2,0,0.4,1.1,8,27,4,1,32,366,314,52,15,2,3,19,21,4,2,1,0,290,0,5,17,11,2,0,3,0,1,0,0,0,0,0,0,0,9,7,2,7,0,5,9,55.6,4,10,5,5,6,15,22,2,39.0,461,50,122,226,121,17,461,19,7,36.8,10,52.6,310,1823,967,20,21,4,10,7,284,30,2,1,0,18,10,0,19,6,7,0,0,0,37,12,15,44.4,16,8,50.0,0.38,0.75,16.5,4,0,0,3.1,3.1,0.19,2.9,2.9,2,2,100.0,1.0,0.3,0.3,0.0,0.0,0.0,0.0,3,9,33.3,23,5,26.1,31.3,8,37.5,31.0,17,1,5.9,1,12.0,503,572,87.9,8536,2893,257,269,95.5,189,206,91.7,48,75,64.0,5,2.9,2.7,12,40,9,2,38,572,519,49,14,2,3,18,21,5,1,2,0,503,4,6,31,21,4,1,0,4,1,12,9,1,1,0,1,0,17,10,6,10,1,10,17,58.8,7,10,4,6,4,21,17,0,61.0,660,63,151,349,168,22,660,12,4,33.3,5,41.7,425,2114,1177,20,13,4,14,4,495,38,2,0,0,11,17,4,18,4,10,0,0,0,43,15,12,55.6
2023-02-03,20:05,Liga MX,Clausura 2023 Regular Season,Fri,Home,L,2,3,Mazatlán,FC Juárez,1.5,0.8,54,17023.0,Jefferson Intriago,4-4-2,Marco Ortíz,23,8,34.8,0.09,0.25,21.2,1,0,0,1.5,1.5,0.07,0.5,0.5,4,1,25.0,0.0,1.6,-1.4,0.0,0.0,0.0,0.0,1,5,20.0,17,3,29.4,34.2,4,0.0,21.3,8,1,12.5,1,15.0,387,511,75.7,7618,2597,144,165,87.3,188,231,81.4,53,95,55.8,2,1.4,1.6,18,44,8,3,60,511,464,45,7,3,3,35,24,6,0,6,0,387,2,6,40,30,3,4,2,1,0,4,4,0,0,0,0,0,20,11,7,12,1,8,22,36.4,14,13,3,10,7,27,16,1,54.0,655,33,114,344,204,31,655,22,11,50.0,9,40.9,377,2099,1190,27,22,6,31,8,385,60,1,0,0,7,7,2,35,7,11,0,0,0,58,28,11,71.8,11,4,36.4,0.27,0.75,17.9,0,0,0,0.8,0.8,0.07,2.2,2.2,8,6,75.0,0.0,1.8,-0.2,0.0,0.0,0.0,0.0,4,20,20.0,33,5,39.4,38.8,7,100.0,65.7,29,4,13.8,0,5.0,318,433,73.4,5871,2585,145,176,82.4,120,149,80.5,44,90,48.9,2,0.6,1.0,8,19,7,1,27,433,378,55,9,2,2,12,33,3,0,3,0,318,0,12,19,14,0,4,0,0,1,6,3,0,3,0,0,0,17,9,12,4,1,9,20,45.0,11,15,8,7,7,24,37,0,46.0,591,87,238,253,105,19,591,23,14,60.9,8,34.8,271,1508,591,10,6,3,26,12,314,27,3,0,0,8,5,0,12,7,9,0,0,0,52,11,28,28.2
2023-02-10,19:00,Liga MX,Clausura 2023 Regular Season,Fri,Away,L,1,3,Mazatlán,Puebla,1.3,2.3,47,10290.0,Nicolás Vikonis,5-3-2,Edgar Morales,17,3,17.6,0.06,0.33,22.1,0,0,0,1.3,1.3,0.08,-0.3,-0.3,4,1,25.0,0.0,1.6,-1.4,0.0,0.0,0.0,0.0,4,8,50.0,20,6,15.0,28.4,7,71.4,50.0,12,0,0.0,2,15.0,377,471,80.0,6531,2552,169,180,93.9,158,185,85.4,38,75,50.7,1,1.3,0.7,14,39,5,1,52,471,420,50,13,3,2,30,19,7,5,0,0,377,1,9,26,17,4,2,2,1,0,1,0,0,0,1,0,0,11,7,2,6,3,6,12,50.0,6,5,3,2,3,14,11,1,47.0,565,36,118,275,180,16,565,15,7,46.7,7,46.7,308,1813,925,12,18,4,18,8,375,52,1,0,0,13,13,1,30,3,7,0,0,0,52,17,19,47.2,14,4,28.6,0.21,0.75,15.0,0,0,0,2.3,2.3,0.17,0.7,0.7,3,2,66.7,0.0,1.0,0.0,0.0,0.0,0.0,0.0,5,16,31.3,16,2,37.5,37.6,18,55.6,46.3,24,0,0.0,0,7.5,446,532,83.8,8502,3181,210,225,93.3,179,209,85.6,57,91,62.6,3,2.3,1.0,13,25,5,2,32,532,478,54,14,1,7,13,17,3,0,3,0,446,0,2,28,19,3,1,3,1,1,6,3,1,0,1,1,0,15,7,8,6,1,7,14,50.0,7,12,5,7,6,21,29,0,53.0,653,73,246,306,105,19,653,14,6,42.9,6,42.9,316,1754,857,15,8,2,14,5,440,32,0,0,0,13,11,0,13,6,7,0,0,0,40,19,17,52.8
2023-02-16,20:00,Liga MX,Clausura 2023 Regular Season,Thu,Home,L,2,3,Mazatlán,Pachuca,1.4,1.3,47,8819.0,Nicolás Vikonis,4-5-1,Erick Miranda,14,5,35.7,0.14,0.4,20.4,0,0,0,1.4,1.4,0.1,0.6,0.6,5,2,40.0,0.0,1.3,-1.7,0.0,0.0,0.0,0.0,3,11,27.3,16,3,43.8,41.5,10,40.0,38.1,7,1,14.3,0,16.0,326,460,70.9,6542,2530,120,144,83.3,146,182,80.2,52,92,56.5,0,1.2,0.3,11,26,5,1,29,460,389,70,18,1,9,16,34,4,0,2,0,326,1,22,25,13,2,3,5,0,2,3,1,0,1,1,0,0,19,11,6,8,5,7,29,24.1,22,18,6,12,14,33,19,0,47.0,590,57,167,316,116,13,590,23,16,69.6,4,17.4,240,1010,430,7,7,2,18,11,324,29,2,0,0,14,13,1,16,14,11,0,0,0,69,16,17,48.5,17,5,29.4,0.18,0.6,20.0,1,0,0,1.3,1.3,0.08,1.7,1.7,5,3,60.0,0.0,0.7,-1.3,0.0,0.0,0.0,0.0,7,10,70.0,17,6,23.5,29.3,9,66.7,42.4,9,0,0.0,3,28.5,409,527,77.6,7054,2680,181,207,87.4,171,206,83.0,39,69,56.5,2,1.1,0.8,12,24,7,2,31,527,471,52,13,4,3,9,24,3,1,1,0,409,4,12,28,18,1,5,3,1,0,5,4,0,0,1,0,0,15,7,6,8,1,4,20,20.0,16,24,3,21,13,28,23,1,53.0,672,43,171,392,119,22,672,32,22,68.8,7,21.9,379,1997,962,19,17,5,19,12,408,31,2,0,0,14,14,4,9,13,7,0,0,0,66,17,16,51.5
2023-02-19,17:00,Liga MX,Clausura 2023 Regular Season,Sun,Away,D,1,1,Mazatlán,Querétaro,0.9,1.1,56,,Nicolás Vikonis,3-5-2,Fernando Hernández,8,3,37.5,0.13,0.33,18.8,0,0,0,0.9,0.9,0.12,0.1,0.1,6,5,83.3,0.0,0.8,-0.2,0.0,0.0,0.0,0.0,4,16,25.0,24,7,33.3,37.2,11,72.7,51.6,21,2,9.5,0,7.0,463,568,81.5,8630,3178,200,221,90.5,206,240,85.8,53,91,58.2,1,0.9,0.5,8,32,4,3,37,568,523,45,11,0,3,10,21,0,0,0,0,463,0,6,15,13,1,0,0,0,1,2,2,0,0,0,0,0,19,9,10,8,1,11,17,64.7,6,11,3,8,7,26,24,1,56.0,684,74,191,409,88,5,684,15,6,40.0,8,53.3,362,1703,703,7,7,1,17,11,460,37,1,0,0,12,8,0,10,7,9,0,0,0,55,26,21,55.3,16,6,37.5,0.06,0.17,19.5,1,0,0,1.1,1.1,0.07,-0.1,-0.1,3,2,66.7,0.0,0.7,-0.3,0.0,0.0,0.0,0.0,3,16,18.8,23,4,43.5,36.7,9,66.7,63.7,6,0,0.0,0,15.0,312,440,70.9,6561,2495,118,136,86.8,134,157,85.4,56,125,44.8,1,0.8,0.9,12,28,12,3,37,440,380,57,11,0,2,28,28,7,0,5,0,312,3,10,25,16,5,1,1,2,0,2,1,1,0,0,0,0,19,12,7,10,2,8,14,57.1,6,4,0,4,13,32,7,0,44.0,549,28,171,230,153,25,549,22,6,27.3,11,50.0,258,1628,646,9,8,3,14,8,309,37,4,0,0,8,12,3,28,13,12,0,0,0,57,21,26,44.7
2023-02-24,20:10,Liga MX,Clausura 2023 Regular Season,Fri,Home,L,1,2,Mazatlán,UNAM,0.9,2.0,48,9970.0,Nicolás Vikonis,4-4-2,Eduardo Galván,13,2,15.4,0.08,0.5,21.4,1,0,0,0.9,0.9,0.07,0.1,0.1,8,6,75.0,0.0,2.8,0.8,0.0,0.0,0.0,0.0,6,8,75.0,17,4,29.4,33.9,8,37.5,28.0,16,1,6.3,2,15.7,380,484,78.5,7411,2884,147,171,86.0,166,192,86.5,58,90,64.4,1,0.5,0.6,6,35,5,4,37,484,424,56,13,1,8,17,26,6,3,1,0,380,4,8,22,13,3,2,2,1,1,1,1,0,0,0,0,0,19,7,6,12,1,10,21,47.6,11,18,9,9,6,25,32,0,48.0,642,75,229,295,123,16,642,18,6,33.3,9,50.0,299,1674,777,8,8,0,21,9,378,37,3,0,0,13,13,4,17,6,7,0,0,0,57,26,20,56.5,24,8,33.3,0.08,0.25,16.6,1,0,0,2.0,2.0,0.08,0.0,0.0,2,1,50.0,0.0,0.9,-0.1,0.0,0.0,0.0,0.0,2,14,14.3,28,4,35.7,31.0,5,80.0,55.2,14,1,7.1,1,15.3,420,518,81.1,7276,2679,199,220,90.5,176,205,85.9,35,66,53.0,2,2.0,1.4,22,33,9,1,42,518,469,49,16,2,6,19,18,8,1,6,0,420,0,9,43,34,2,3,2,1,1,4,3,0,1,0,0,0,18,10,9,5,4,9,15,60.0,6,13,6,7,10,28,20,0,52.0,671,53,192,333,153,31,671,24,11,45.8,10,41.7,367,2056,1186,23,18,6,21,9,417,41,1,0,0,14,12,0,19,10,10,0,0,0,64,20,26,43.5
2023-03-03,18:05,Liga MX,Clausura 2023 Regular Season,Fri,Home,W,3,1,Mazatlán,Cruz Azul,0.8,0.5,50,12041.0,Néstor Vidrio,4-4-2,Jesus Lopez,15,7,46.7,0.2,0.43,19.0,1,0,0,0.8,0.8,0.06,2.2,2.2,3,2,66.7,0.0,0.5,-0.5,0.0,0.0,0.0,0.0,7,19,36.8,33,3,45.5,36.5,6,66.7,45.7,9,0,0.0,0,9.5,380,479,79.3,7446,2591,135,152,88.8,186,214,86.9,54,96,56.3,2,0.4,0.4,9,19,5,2,27,479,431,48,13,0,6,20,19,8,2,5,0,380,0,7,23,13,4,0,5,1,0,5,0,2,0,3,0,0,18,10,7,9,2,8,17,47.1,9,4,0,4,12,30,8,0,50.0,565,55,181,284,108,14,565,14,13,92.9,1,7.1,405,1688,780,16,16,2,11,12,374,26,3,0,0,8,10,0,20,12,10,0,0,0,55,9,8,52.9,6,3,50.0,0.17,0.33,18.1,0,0,0,0.5,0.5,0.08,0.5,0.5,7,4,57.1,0.0,2.7,-0.3,0.0,0.0,0.0,0.0,4,5,80.0,16,4,12.5,25.4,6,50.0,36.8,15,1,6.7,0,9.5,383,473,81.0,7737,2981,114,134,85.1,217,251,86.5,50,76,65.8,1,0.5,0.5,6,32,8,2,58,473,432,38,8,1,3,9,19,1,0,1,0,383,3,4,11,10,0,1,0,0,0,1,1,0,0,0,0,0,13,3,7,6,0,1,14,7.1,13,7,3,4,10,23,15,0,50.0,562,49,193,282,91,10,562,17,9,52.9,8,47.1,190,837,400,6,2,2,14,10,376,57,2,0,0,11,8,3,9,10,3,0,0,0,50,8,9,47.1
2023-03-12,12:00,Liga MX,Clausura 2023 Regular Season,Sun,Away,L,1,4,Mazatlán,Toluca,0.2,3.0,31,23633.0,Néstor Vidrio,5-4-1,Luis Santander,6,1,16.7,0.17,1.0,21.9,0,0,0,0.2,0.2,0.04,0.8,0.8,11,7,63.6,0.0,2.8,-1.2,0.0,0.0,0.0,0.0,6,19,31.6,28,7,39.3,39.5,9,88.9,57.8,13,0,0.0,2,14.0,248,315,78.7,4734,2133,106,118,89.8,101,117,86.3,36,67,53.7,1,0.2,0.4,6,19,2,1,12,315,275,40,10,0,3,6,16,0,0,0,0,248,0,6,12,10,1,1,0,0,0,2,1,0,1,0,0,0,16,9,12,4,0,13,22,59.1,9,6,5,1,15,31,21,0,31.0,416,80,205,161,51,5,416,12,5,41.7,6,50.0,196,1094,531,8,4,2,16,5,245,12,1,1,0,5,7,0,6,15,9,0,0,0,37,11,10,52.4,25,11,44.0,0.16,0.36,16.7,1,0,0,3.0,3.0,0.14,1.0,1.0,1,0,0.0,0.0,0.2,-0.8,0.0,0.0,0.0,0.0,4,7,57.1,18,3,27.8,32.3,5,40.0,34.8,4,0,0.0,3,20.2,626,698,89.7,10622,3196,316,331,95.5,245,272,90.1,53,72,73.6,3,2.3,2.1,18,53,14,2,68,698,660,35,4,8,7,18,18,6,4,2,0,626,3,1,41,30,1,2,6,1,1,6,3,1,1,1,0,0,11,8,2,8,1,6,11,54.5,5,6,1,5,8,19,6,0,69.0,787,31,107,402,283,41,787,22,9,40.9,13,59.1,587,2939,1492,27,31,12,15,3,620,67,1,0,0,8,5,3,18,8,8,0,0,0,47,10,11,47.6
2023-03-17,20:05,Liga MX,Clausura 2023 Regular Season,Fri,Home,L,0,1,Mazatlán,Necaxa,0.3,1.0,62,12205.0,Néstor Vidrio,5-4-1,Daniel Quintero,9,2,22.2,0.0,0.0,23.9,1,0,0,0.3,0.3,0.03,-0.3,-0.3,1,0,0.0,0.0,0.6,-0.4,0.0,0.0,0.0,0.0,5,10,50.0,30,6,26.7,30.0,11,18.2,26.1,14,0,0.0,0,,463,580,79.8,9543,3548,154,179,86.0,230,265,86.8,77,125,61.6,0,0.2,0.4,6,50,6,3,55,580,517,62,14,0,1,21,33,3,1,2,0,463,1,6,13,12,0,0,0,1,0,0,0,0,0,0,0,0,12,6,4,7,1,5,14,35.7,9,6,1,5,11,23,15,0,62.0,690,65,241,342,115,12,690,26,13,50.0,11,42.3,356,1932,1012,23,14,3,20,13,457,54,1,0,0,6,14,1,21,11,6,0,0,0,48,30,20,60.0,11,1,9.1,0.09,1.0,20.7,0,0,0,1.0,1.0,0.09,0.0,0.0,2,2,100.0,1.0,0.1,0.1,0.0,0.0,0.0,0.0,5,22,22.7,27,4,63.0,44.0,10,70.0,48.8,15,1,6.7,0,11.7,243,358,67.9,4970,2229,93,115,80.9,103,138,74.6,43,87,49.4,1,0.9,0.7,9,26,11,2,42,358,318,39,7,0,0,16,17,4,3,1,0,243,1,7,17,14,1,2,0,0,0,2,1,0,1,0,0,0,24,12,12,12,0,11,24,45.8,13,7,2,5,8,32,20,0,38.0,483,55,142,220,124,19,483,17,9,52.9,5,29.4,200,1209,608,14,5,3,25,7,241,40,2,0,0,14,6,1,16,8,12,0,0,0,51,20,30,40.0
2023-03-24,20:05,Liga MX,Clausura 2023 Regular Season,Fri,Home,L,1,2,Mazatlán,León,1.2,1.5,46,10005.0,Néstor Vidrio,5-3-2,Marco Ortíz,14,3,21.4,0.07,0.33,21.2,1,0,0,1.2,1.2,0.09,-0.2,-0.2,6,4,66.7,0.0,1.7,-0.3,0.0,0.0,0.0,0.0,10,18,55.6,31,8,48.4,38.1,8,37.5,38.5,8,3,37.5,0,8.0,264,394,67.0,5509,2451,88,112,78.6,125,160,78.1,43,87,49.4,0,0.5,0.5,11,25,5,2,28,394,338,53,18,2,2,12,22,2,0,0,0,264,3,14,24,15,3,3,2,0,1,1,0,0,0,1,0,0,20,10,9,10,1,8,20,40.0,12,12,1,11,14,34,16,2,46.0,536,58,163,269,109,16,536,22,13,59.1,8,36.4,208,1045,448,11,16,4,26,6,262,28,1,0,0,15,10,3,12,14,10,0,0,0,63,31,23,57.4,12,6,50.0,0.17,0.33,18.0,0,0,0,1.5,1.5,0.12,0.5,0.5,3,2,66.7,0.0,1.0,0.0,0.0,0.0,0.0,0.0,10,21,47.6,33,2,45.5,37.9,14,42.9,32.7,7,1,14.3,3,20.2,327,465,70.3,5958,2847,159,194,82.0,118,161,73.3,42,72,58.3,1,0.4,0.7,7,27,4,1,35,465,398,60,18,3,2,13,24,2,2,0,0,327,7,12,20,17,0,2,0,0,1,3,1,0,1,0,0,1,14,6,10,4,0,8,21,38.1,13,15,2,13,16,30,8,0,54.0,582,62,198,277,114,18,582,22,12,54.5,8,36.4,332,1653,763,13,12,6,20,12,325,35,1,0,0,13,12,7,13,16,6,0,0,0,74,23,31,42.6
2023-04-02,18:00,Liga MX,Clausura 2023 Regular Season,Sun,Away,L,1,2,Mazatlán,Atlético,1.8,1.8,49,14766.0,Néstor Vidrio,5-4-1,Erick Miranda,13,7,53.8,0.08,0.14,20.9,1,0,0,1.8,1.8,0.14,-0.8,-0.8,5,4,80.0,0.0,1.9,0.9,1.0,1.0,0.0,0.0,4,16,25.0,24,3,50.0,45.6,10,40.0,39.0,8,0,0.0,2,23.0,282,386,73.1,5392,2207,116,133,87.2,123,146,84.2,33,76,43.4,0,1.0,0.8,7,24,6,3,21,386,317,67,19,2,5,24,29,6,1,4,0,282,2,13,21,16,3,0,1,1,0,1,0,0,0,1,0,0,15,7,8,7,0,5,19,26.3,14,7,2,5,8,23,13,0,49.0,479,50,174,205,104,20,479,23,10,43.5,13,56.5,223,1248,678,16,8,5,14,0,281,21,5,0,0,14,13,2,24,8,7,0,1,1,48,11,17,39.3,13,4,30.8,0.0,0.0,20.3,0,1,1,1.8,1.0,0.08,-0.8,-1.0,7,6,85.7,0.0,1.3,0.1,0.0,0.0,0.0,0.0,7,14,50.0,22,6,54.5,46.9,8,25.0,23.5,16,1,6.3,3,16.3,320,406,78.8,6060,2596,158,170,92.9,112,137,81.8,45,82,54.9,0,0.5,0.8,8,29,5,0,27,406,353,50,14,1,7,11,21,5,1,4,0,320,3,6,20,10,5,1,2,2,0,2,1,0,0,0,1,0,13,8,5,7,1,13,23,56.5,10,11,1,10,10,23,24,0,51.0,514,54,159,233,126,19,513,22,14,63.6,5,22.7,236,1541,766,20,12,4,12,10,319,27,4,1,0,17,14,3,11,10,8,1,0,0,41,17,11,60.7
2023-04-08,20:05,Liga MX,Clausura 2023 Regular Season,Sat,Away,W,2,1,Mazatlán,UANL,1.2,2.9,30,28879.0,Néstor Vidrio,5-4-1,Fernando Guerrero,10,6,60.0,0.2,0.33,18.7,0,0,0,1.2,1.2,0.12,0.8,0.8,12,11,91.7,0.0,2.4,1.4,0.0,0.0,0.0,0.0,5,23,21.7,23,9,30.4,34.1,18,88.9,58.6,31,2,6.5,0,8.6,212,308,68.8,4387,1966,71,90,78.9,105,125,84.0,35,81,43.2,1,0.7,0.4,7,18,6,4,20,308,261,46,11,0,3,12,14,1,1,0,0,212,1,12,16,12,0,1,2,0,1,3,2,0,0,1,0,0,14,11,10,4,0,9,19,47.4,10,14,7,7,9,23,51,2,30.0,449,105,233,174,53,10,449,23,13,56.5,9,39.1,180,1185,693,14,15,3,14,10,211,20,2,0,0,10,10,1,12,9,11,0,0,0,47,16,17,48.5,33,12,36.4,0.03,0.08,18.4,0,0,0,2.9,2.9,0.09,-1.9,-1.9,6,4,66.7,0.0,1.8,-0.2,0.0,0.0,0.0,0.0,2,4,50.0,30,10,13.3,24.0,2,0.0,20.0,9,2,22.2,3,17.0,596,708,84.2,11355,4041,208,229,90.8,307,342,89.8,69,113,61.1,1,2.5,1.8,24,78,18,5,96,708,661,47,11,4,3,37,22,9,7,2,0,596,0,11,56,40,4,1,8,1,2,2,2,0,0,0,0,0,19,11,7,10,2,9,22,40.9,13,11,2,9,6,25,10,1,70.0,831,38,162,439,237,40,831,22,10,45.5,9,40.9,538,2648,1347,24,20,2,24,5,589,95,0,0,0,11,10,0,37,6,11,0,0,0,60,17,16,51.5
2023-04-14,21:05,Liga MX,Clausura 2023 Regular Season,Fri,Home,L,1,2,Mazatlán,Tijuana,0.7,3.2,57,10139.0,Néstor Vidrio,3-4-3,César Arturo Ramos,14,4,28.6,0.0,0.0,18.2,2,0,0,0.7,0.7,0.05,-0.7,-0.7,5,3,100.0,0.0,3.0,1.0,2.0,2.0,0.0,0.0,0,7,0.0,25,7,28.0,27.6,8,0.0,16.9,19,1,5.3,2,13.5,432,538,80.3,8414,2548,159,178,89.3,210,247,85.0,59,92,64.1,0,0.7,0.7,11,31,5,1,38,538,481,57,18,0,4,15,23,5,1,4,0,432,0,9,21,11,4,1,3,2,0,0,0,0,0,0,0,0,16,9,8,7,1,6,18,33.3,12,5,2,3,13,29,19,0,57.0,656,72,213,310,139,18,656,20,8,40.0,10,50.0,396,2395,1351,20,9,5,17,7,428,38,3,0,0,9,16,0,15,13,9,0,2,0,52,15,27,35.7,12,3,25.0,0.0,0.0,18.6,1,2,2,3.2,1.8,0.15,-1.2,-1.8,4,4,75.0,0.0,0.3,0.3,0.0,0.0,0.0,0.0,6,8,75.0,10,3,20.0,32.3,12,50.0,39.7,9,1,11.1,0,9.5,295,407,72.5,5354,2292,134,164,81.7,114,149,76.5,36,64,56.3,0,1.5,1.7,8,25,6,1,42,407,351,52,5,0,4,24,28,5,0,4,0,295,4,5,23,11,4,2,3,2,1,3,0,0,0,2,1,0,17,12,11,5,1,10,18,55.6,8,10,3,7,13,30,14,0,43.0,516,40,126,253,140,23,514,20,12,60.0,6,30.0,257,1562,944,18,9,5,20,10,292,41,4,0,0,16,8,4,24,13,12,1,0,1,46,27,15,64.3
2023-04-21,19:00,Liga MX,Clausura 2023 Regular Season,Fri,Home,L,0,2,Mazatlán,Monterrey,1.3,2.9,53,11440.0,Néstor Vidrio,3-4-3,Luis Santander,9,2,22.2,0.0,0.0,23.8,0,0,1,1.3,0.6,0.06,-1.3,-0.6,8,6,75.0,0.0,3.3,1.3,0.0,0.0,0.0,0.0,1,5,20.0,24,7,12.5,28.0,10,20.0,30.3,7,0,0.0,2,19.3,417,532,78.4,7533,2738,164,196,83.7,182,221,82.4,55,81,67.9,0,0.2,0.7,8,39,7,2,40,532,475,57,11,1,2,28,28,5,1,2,0,417,0,9,19,14,3,0,0,2,0,0,0,0,0,0,0,0,21,13,9,9,3,5,18,27.8,13,14,4,10,11,32,10,0,53.0,638,65,172,319,147,18,637,20,8,40.0,10,50.0,328,1662,931,15,9,3,14,11,411,40,5,0,0,17,9,0,28,11,13,1,0,0,55,20,13,60.6,18,8,44.4,0.11,0.25,16.7,1,0,0,2.9,2.9,0.16,-0.9,-0.9,2,2,100.0,1.0,0.2,0.2,1.0,0.0,0.0,1.0,5,15,33.3,28,6,39.3,36.1,6,66.7,48.8,19,2,10.5,0,8.0,369,470,78.5,6275,2621,174,203,85.7,156,177,88.1,31,66,47.0,2,2.5,1.7,10,33,12,3,43,470,427,42,16,5,0,10,17,2,1,0,0,369,1,9,28,19,0,5,3,1,0,4,3,0,1,0,0,0,21,12,7,13,1,10,18,55.6,8,10,5,5,13,34,26,0,47.0,596,56,170,322,114,23,596,22,13,59.1,5,22.7,334,1637,762,17,15,5,10,16,363,42,0,0,0,11,16,1,10,13,12,0,1,0,59,13,20,39.4
2023-04-29,20:05,Liga MX,Clausura 2023 Regular Season,Sat,Away,L,1,4,Mazatlán,Guadalajara,0.8,0.9,46,34823.0,Néstor Vidrio,3-4-3,Oscar Mejia,10,5,50.0,0.1,0.2,22.6,0,0,0,0.8,0.8,0.08,0.2,0.2,7,3,42.9,0.0,1.5,-2.5,0.0,0.0,0.0,0.0,2,9,22.2,20,5,30.0,31.2,10,30.0,27.4,19,1,5.3,2,11.5,346,421,82.2,6751,2185,127,143,88.8,171,184,92.9,43,75,57.3,1,0.8,0.4,10,25,7,5,17,421,368,52,12,1,7,18,17,8,3,3,0,346,1,10,18,14,2,2,0,0,0,2,2,0,0,0,0,0,14,9,9,4,1,9,13,69.2,4,10,3,7,9,23,25,1,46.0,527,64,199,232,103,10,527,23,12,52.2,11,47.8,326,1330,690,17,15,2,15,3,343,17,6,0,0,11,7,1,18,9,9,0,0,0,37,12,6,66.7,15,7,46.7,0.27,0.57,20.0,0,0,0,0.9,0.9,0.06,3.1,3.1,5,4,80.0,0.0,0.7,-0.3,0.0,0.0,0.0,0.0,2,7,28.6,19,4,36.8,41.0,2,0.0,30.5,13,0,0.0,1,15.5,405,488,83.0,6847,2522,204,222,91.9,156,178,87.6,36,63,57.1,4,0.9,1.0,14,43,9,3,51,488,436,48,12,2,7,23,23,9,4,3,0,405,4,10,29,26,2,0,0,1,0,8,8,0,0,0,0,0,14,9,4,8,2,11,23,47.8,12,11,3,8,6,20,19,0,54.0,580,31,132,242,213,25,580,13,4,30.8,9,69.2,362,1925,1001,22,16,5,12,5,399,51,2,0,0,8,10,4,23,6,9,0,0,0,41,6,12,33.3
